data,PRECTOTCORR,T2M_MAX,T2M_MIN,ALLSKY_SFC_SW_DWN
2013-10-01,6.38,25.01,14.52,15.67
2013-10-02,18.56,21.37,14.79,9.92
2013-10-03,29.08,23.42,14.71,5.65
2013-10-04,3.83,24.74,16.29,11.28
2013-10-05,0.01,21.8,12.5,23.25
2013-10-06,0.14,19.85,11.81,16.7
2013-10-07,0.39,18.39,11.58,12.55
2013-10-08,0.11,18.65,10.11,21.94
2013-10-09,0.0,20.11,11.35,21.11
2013-10-10,0.0,22.25,12.9,16.94
2013-10-11,0.0,23.3,14.2,21.0
2013-10-12,0.14,23.52,14.41,12.96
2013-10-13,0.25,26.51,14.5,19.32
2013-10-14,0.77,27.72,17.21,18.71
2013-10-15,6.56,23.99,16.68,11.48
2013-10-16,10.35,18.61,14.37,5.04
2013-10-17,3.0,24.57,13.55,10.47
2013-10-18,0.39,25.92,14.06,22.94
2013-10-19,0.05,25.75,14.71,24.24
2013-10-20,0.03,27.33,15.07,28.24
2013-10-21,9.43,30.32,14.22,22.65
2013-10-22,0.56,25.13,16.88,13.06
2013-10-23,0.15,28.17,16.47,18.12
2013-10-24,6.19,26.51,20.03,13.35
2013-10-25,4.27,23.01,15.59,11.03
2013-10-26,6.37,26.87,15.51,16.9
2013-10-27,0.12,27.25,15.56,16.22
2013-10-28,0.01,20.47,12.65,19.47
2013-10-29,0.0,22.51,10.92,23.83
2013-10-30,3.7,22.82,11.48,21.96
2013-10-31,5.73,23.54,13.91,16.89
2013-11-01,0.56,23.16,14.22,12.82
2013-11-02,0.1,26.77,14.36,15.88
2013-11-03,10.0,29.12,15.95,23.44
2013-11-04,8.04,22.18,14.08,8.57
2013-11-05,0.52,21.27,13.21,11.14
2013-11-06,1.27,18.27,13.49,9.66
2013-11-07,0.85,23.08,13.61,10.89
2013-11-08,0.16,25.38,14.37,20.47
2013-11-09,0.01,28.17,15.25,25.75
2013-11-10,0.0,30.36,16.72,27.47
2013-11-11,1.91,32.09,17.73,22.53
2013-11-12,0.07,30.32,20.18,22.76
2013-11-13,0.01,25.81,15.18,21.39
2013-11-14,0.0,26.4,14.57,30.83
2013-11-15,1.44,30.33,14.53,27.88
2013-11-16,19.5,31.07,15.78,14.58
2013-11-17,3.35,23.06,14.97,9.1
2013-11-18,0.26,26.53,14.49,12.92
2013-11-19,1.18,29.64,15.41,21.15
2013-11-20,7.71,29.19,18.73,22.33
2013-11-21,5.36,29.73,20.19,20.18
2013-11-22,10.69,22.4,14.98,8.01
2013-11-23,3.36,22.93,14.59,11.39
2013-11-24,4.68,22.56,16.03,10.8
2013-11-25,2.9,25.54,17.27,13.75
2013-11-26,1.93,26.37,16.23,15.77
2013-11-27,10.45,26.67,16.68,20.52
2013-11-28,5.58,30.71,17.1,26.23
2013-11-29,7.56,28.78,18.73,18.46
2013-11-30,1.12,26.96,18.49,10.99
2013-12-01,0.27,26.85,17.9,12.29
2013-12-02,0.25,29.69,17.77,22.16
2013-12-03,0.0,30.95,19.68,30.39
2013-12-04,0.02,33.54,17.64,29.2
2013-12-05,12.18,29.47,21.08,18.93
2013-12-06,0.23,26.56,17.56,15.25
2013-12-07,6.98,27.26,16.66,13.62
2013-12-08,4.7,28.37,17.94,15.62
2013-12-09,1.96,30.34,18.43,25.7
2013-12-10,5.43,30.9,17.93,16.07
2013-12-11,2.2,23.7,16.7,13.28
2013-12-12,0.54,26.21,16.01,13.2
2013-12-13,0.04,27.43,15.14,19.42
2013-12-14,0.3,30.61,16.97,24.48
2013-12-15,0.08,30.44,17.9,26.92
2013-12-16,0.17,29.01,17.75,25.86
2013-12-17,0.42,27.41,15.56,24.8
2013-12-18,0.24,28.56,14.63,29.41
2013-12-19,3.07,27.87,17.01,18.33
2013-12-20,1.2,28.22,18.16,22.6
2013-12-21,3.6,28.27,16.99,24.98
2013-12-22,7.01,27.6,17.51,17.92
2013-12-23,1.8,28.98,17.43,18.32
2013-12-24,0.04,31.18,17.5,21.79
2013-12-25,2.02,33.09,18.37,24.9
2013-12-26,0.25,33.46,20.08,26.3
2013-12-27,0.81,33.78,22.01,25.22
2013-12-28,7.48,30.14,21.87,13.87
2013-12-29,6.38,26.96,21.3,21.64
2013-12-30,0.86,31.02,20.69,18.33
2013-12-31,5.41,33.1,21.28,20.64
2014-01-01,20.83,31.1,21.96,17.03
2014-01-02,9.2,30.02,20.99,24.67
2014-01-03,13.48,28.15,22.33,19.27
2014-01-04,8.09,26.26,18.14,11.8
2014-01-05,2.15,23.6,18.11,14.66
2014-01-06,2.22,26.1,19.58,14.9
2014-01-07,0.43,28.39,19.24,24.54
2014-01-08,5.14,29.18,20.01,24.47
2014-01-09,5.92,26.78,19.59,20.28
2014-01-10,1.26,29.56,19.38,27.93
2014-01-11,7.01,29.35,19.75,24.87
2014-01-12,29.76,26.05,20.59,15.4
2014-01-13,4.79,25.05,19.56,12.03
2014-01-14,0.82,28.6,17.64,24.17
2014-01-15,5.48,26.29,18.34,15.12
2014-01-16,6.26,23.52,19.05,10.19
2014-01-17,1.11,27.91,18.59,20.47
2014-01-18,0.09,27.92,16.73,28.7
2014-01-19,0.15,28.71,17.44,28.96
2014-01-20,0.13,30.28,16.11,31.49
2014-01-21,0.17,32.75,18.3,27.27
2014-01-22,0.64,31.4,21.56,23.97
2014-01-23,2.69,32.88,21.27,24.94
2014-01-24,1.03,33.77,21.16,26.95
2014-01-25,3.37,32.79,21.02,25.63
2014-01-26,2.28,31.43,20.9,23.53
2014-01-27,0.59,32.94,20.83,27.01
2014-01-28,0.51,33.76,20.18,29.2
2014-01-29,0.18,35.23,20.5,28.78
2014-01-30,0.01,34.94,20.51,28.2
2014-01-31,0.32,35.63,20.34,27.79
2014-02-01,0.02,36.05,19.33,30.04
2014-02-02,0.0,34.96,20.02,28.0
2014-02-03,0.0,34.77,21.97,26.58
2014-02-04,0.47,34.86,22.08,24.93
2014-02-05,1.51,35.22,21.4,27.23
2014-02-06,0.01,35.89,20.62,28.61
2014-02-07,0.0,37.72,20.02,29.09
2014-02-08,1.51,37.04,21.97,27.91
2014-02-09,1.06,36.12,19.94,27.56
2014-02-10,0.02,35.99,17.46,28.03
2014-02-11,0.0,35.0,19.99,27.34
2014-02-12,0.53,34.37,19.57,25.55
2014-02-13,2.57,32.29,22.27,20.61
2014-02-14,27.24,31.56,17.79,16.8
2014-02-15,33.52,20.82,17.9,7.43
2014-02-16,8.49,23.3,18.35,9.12
2014-02-17,2.41,26.56,18.64,17.53
2014-02-18,0.99,25.93,18.06,15.49
2014-02-19,0.09,26.87,17.06,22.15
2014-02-20,0.0,29.04,17.07,21.17
2014-02-21,6.12,29.88,18.06,20.33
2014-02-22,3.1,28.39,19.59,11.76
2014-02-23,7.22,28.61,19.9,11.78
2014-02-24,2.64,26.71,19.26,11.46
2014-02-25,2.23,30.3,17.91,17.84
2014-02-26,0.78,32.36,18.67,25.15
2014-02-27,9.64,30.66,20.28,17.58
2014-02-28,4.01,27.66,19.55,11.85
2014-03-01,0.7,30.18,18.02,18.02
2014-03-02,0.12,28.45,18.38,20.8
2014-03-03,0.05,27.85,18.34,10.84
2014-03-04,15.57,27.51,19.32,15.21
2014-03-05,5.11,26.8,19.14,9.04
2014-03-06,3.46,29.97,19.23,17.15
2014-03-07,1.0,27.81,18.75,14.5
2014-03-08,7.25,26.27,18.1,22.38
2014-03-09,3.49,29.25,17.24,23.08
2014-03-10,3.74,30.52,18.05,24.9
2014-03-11,4.59,27.21,19.23,13.49
2014-03-12,11.33,24.25,19.1,8.97
2014-03-13,10.55,26.01,18.48,7.83
2014-03-14,2.78,29.14,19.65,19.69
2014-03-15,0.43,30.9,19.41,23.69
2014-03-16,0.16,29.13,21.03,22.24
2014-03-17,2.2,31.63,19.68,24.07
2014-03-18,2.26,32.14,19.47,21.72
2014-03-19,4.85,30.85,19.92,19.71
2014-03-20,10.47,27.3,20.26,11.82
2014-03-21,9.72,25.16,19.91,5.16
2014-03-22,2.38,28.03,17.79,12.56
2014-03-23,0.96,22.83,15.32,8.9
2014-03-24,0.32,24.95,14.65,10.79
2014-03-25,0.15,25.93,16.33,17.78
2014-03-26,1.33,25.47,16.96,11.34
2014-03-27,1.2,27.0,17.0,14.88
2014-03-28,0.12,27.95,18.04,17.46
2014-03-29,0.29,28.23,18.35,16.6
2014-03-30,8.39,24.41,19.57,6.96
2014-03-31,2.38,28.12,19.13,11.81
2014-04-01,0.48,27.33,20.4,15.86
2014-04-02,2.79,28.1,18.15,18.42
2014-04-03,5.24,26.79,18.04,11.81
2014-04-04,1.42,27.07,18.87,11.96
2014-04-05,0.04,28.21,18.35,22.22
2014-04-06,0.0,31.11,17.01,21.87
2014-04-07,0.0,31.57,18.17,20.12
2014-04-08,1.81,31.6,18.65,14.68
2014-04-09,1.92,30.83,19.73,6.86
2014-04-10,0.23,29.5,19.0,11.33
2014-04-11,0.17,30.1,18.89,14.33
2014-04-12,24.46,26.92,19.94,11.19
2014-04-13,4.26,24.49,17.87,6.95
2014-04-14,1.05,19.18,15.49,6.19
2014-04-15,11.37,21.3,15.07,5.22
2014-04-16,2.3,23.68,14.86,9.78
2014-04-17,1.26,25.95,16.29,13.68
2014-04-18,0.82,27.9,16.12,18.83
2014-04-19,5.91,28.11,17.64,15.56
2014-04-20,1.57,26.5,18.16,12.16
2014-04-21,5.2,25.04,16.97,12.47
2014-04-22,2.81,21.82,17.98,8.13
2014-04-23,2.25,23.27,16.04,8.88
2014-04-24,1.21,19.81,15.54,8.09
2014-04-25,0.41,23.45,14.34,12.91
2014-04-26,0.28,21.91,14.1,9.93
2014-04-27,1.43,21.04,12.88,16.13
2014-04-28,1.02,20.91,13.48,10.8
2014-04-29,0.01,22.78,12.13,17.98
2014-04-30,0.0,25.19,12.22,12.39
2014-05-01,4.23,24.38,15.89,8.73
2014-05-02,0.0,26.66,13.68,17.51
2014-05-03,0.0,25.63,14.43,15.35
2014-05-04,0.01,27.66,14.84,17.3
2014-05-05,0.07,26.1,16.47,13.81
2014-05-06,0.01,27.44,16.84,11.77
2014-05-07,0.0,29.07,15.23,16.52
2014-05-08,0.14,28.68,14.71,16.28
2014-05-09,0.98,23.45,14.36,9.66
2014-05-10,0.8,21.37,13.09,9.61
2014-05-11,0.87,20.15,13.72,9.19
2014-05-12,0.06,24.74,12.78,15.03
2014-05-13,0.0,26.78,12.29,15.26
2014-05-14,2.52,24.72,15.33,8.29
2014-05-15,0.66,27.04,14.44,12.26
2014-05-16,0.14,26.94,14.42,12.49
2014-05-17,0.0,24.69,15.37,9.59
2014-05-18,0.08,26.33,15.2,10.8
2014-05-19,0.02,25.72,15.21,12.55
2014-05-20,0.04,26.73,14.6,15.98
2014-05-21,0.41,27.02,14.48,13.71
2014-05-22,23.29,24.45,15.42,3.82
2014-05-23,23.97,19.2,13.06,3.46
2014-05-24,6.39,15.27,11.5,5.52
2014-05-25,18.81,16.47,11.68,2.68
2014-05-26,10.57,19.13,11.75,12.29
2014-05-27,0.34,17.96,11.28,7.0
2014-05-28,0.08,19.51,11.0,8.5
2014-05-29,0.0,19.17,12.19,6.79
2014-05-30,0.0,19.97,11.99,13.13
2014-05-31,1.71,21.62,12.12,10.29
2014-06-01,4.38,22.54,14.24,7.48
2014-06-02,0.0,18.64,9.43,15.33
2014-06-03,0.08,18.3,7.3,15.96
2014-06-04,0.01,19.98,6.3,15.93
2014-06-05,30.69,22.94,10.36,9.56
2014-06-06,74.24,20.48,16.87,3.84
2014-06-07,2.59,21.79,17.36,6.15
2014-06-08,0.3,24.54,16.95,11.43
2014-06-09,4.49,18.5,14.03,5.93
2014-06-10,0.06,18.35,13.66,5.03
2014-06-11,0.56,20.04,13.09,5.91
2014-06-12,0.18,22.79,14.88,12.73
2014-06-13,0.0,23.7,13.85,13.98
2014-06-14,0.22,23.51,13.86,9.38
2014-06-15,0.91,21.65,15.21,5.25
2014-06-16,0.11,23.65,14.37,9.26
2014-06-17,7.74,22.79,13.74,11.89
2014-06-18,10.57,21.53,11.16,4.26
2014-06-19,1.3,14.68,10.18,5.62
2014-06-20,0.0,15.83,9.22,4.74
2014-06-21,0.01,17.36,9.93,6.84
2014-06-22,0.05,20.68,11.13,10.17
2014-06-23,0.08,23.08,13.1,12.83
2014-06-24,0.0,23.6,12.41,13.31
2014-06-25,0.02,23.29,13.29,12.35
2014-06-26,0.05,22.93,13.37,12.85
2014-06-27,0.14,23.34,13.1,10.27
2014-06-28,4.69,21.11,14.27,7.49
2014-06-29,8.19,19.25,12.27,8.69
2014-06-30,0.01,18.43,8.46,15.86
2014-07-01,0.0,18.32,4.98,16.12
2014-07-02,0.07,21.98,9.99,9.5
2014-07-03,0.0,25.21,13.5,12.71
2014-07-04,0.01,25.87,16.03,14.08
2014-07-05,0.0,24.93,14.41,12.57
2014-07-06,0.0,22.4,13.05,12.88
2014-07-07,0.85,20.76,12.87,8.27
2014-07-08,2.1,18.22,12.28,4.95
2014-07-09,5.76,17.74,11.66,3.59
2014-07-10,4.14,17.5,12.38,5.14
2014-07-11,0.58,19.07,12.02,6.69
2014-07-12,1.44,19.9,12.82,8.32
2014-07-13,0.82,20.05,13.21,11.32
2014-07-14,0.11,19.53,12.67,11.01
2014-07-15,0.02,19.81,12.69,10.24
2014-07-16,0.03,21.91,12.81,11.42
2014-07-17,2.9,23.75,12.76,13.93
2014-07-18,9.89,19.2,10.54,8.05
2014-07-19,0.0,17.5,6.55,17.08
2014-07-20,0.0,18.48,7.55,16.4
2014-07-21,0.0,19.41,8.09,15.37
2014-07-22,0.0,22.89,10.47,16.01
2014-07-23,0.36,24.32,11.91,15.45
2014-07-24,19.89,19.0,11.89,2.62
2014-07-25,0.28,18.36,9.88,13.95
2014-07-26,0.0,19.0,9.71,12.11
2014-07-27,0.29,15.98,11.32,5.77
2014-07-28,0.29,16.35,10.98,6.53
2014-07-29,0.66,19.56,12.29,6.83
2014-07-30,0.15,21.69,11.9,11.24
2014-07-31,0.04,22.76,10.37,16.79
2014-08-01,0.43,24.63,10.88,16.84
2014-08-02,1.93,25.43,12.57,17.05
2014-08-03,0.0,25.88,13.45,17.32
2014-08-04,0.0,26.4,13.24,17.77
2014-08-05,0.0,18.53,9.14,14.07
2014-08-06,0.0,21.11,9.26,18.8
2014-08-07,0.0,25.39,8.94,18.1
2014-08-08,0.51,22.74,12.58,4.21
2014-08-09,0.21,20.8,11.43,7.28
2014-08-10,0.0,21.43,12.92,11.95
2014-08-11,0.0,26.05,10.03,18.37
2014-08-12,0.12,28.18,13.18,18.28
2014-08-13,8.0,17.51,8.43,3.18
2014-08-14,0.03,16.38,5.53,8.61
2014-08-15,3.35,18.0,10.29,6.37
2014-08-16,6.11,22.88,13.2,4.69
2014-08-17,1.37,19.78,13.81,8.71
2014-08-18,0.07,24.87,12.63,9.6
2014-08-19,0.0,23.18,12.76,17.44
2014-08-20,0.0,23.34,11.15,19.4
2014-08-21,0.0,26.75,12.02,20.31
2014-08-22,0.0,27.73,12.42,19.76
2014-08-23,0.0,27.94,14.12,18.65
2014-08-24,0.0,28.89,12.07,20.28
2014-08-25,0.0,29.94,14.07,19.72
2014-08-26,1.91,25.79,13.71,15.11
2014-08-27,0.0,23.46,8.97,21.7
2014-08-28,1.0,22.1,7.31,10.92
2014-08-29,0.0,20.56,10.25,9.32
2014-08-30,0.0,26.21,9.83,17.29
2014-08-31,16.31,29.3,12.22,9.81
2014-09-01,0.07,26.57,15.2,19.48
2014-09-02,19.36,24.45,14.29,11.49
2014-09-03,0.18,25.67,14.7,14.77
2014-09-04,0.65,19.64,13.29,12.65
2014-09-05,0.25,19.29,12.78,12.75
2014-09-06,0.85,25.08,11.66,20.8
2014-09-07,1.17,22.0,12.55,8.67
2014-09-08,0.16,27.48,14.94,19.62
2014-09-09,0.0,28.76,13.78,22.49
2014-09-10,0.01,30.1,14.01,22.93
2014-09-11,0.2,32.03,16.25,19.35
2014-09-12,0.15,28.0,15.02,16.33
2014-09-13,0.0,28.98,14.3,22.93
2014-09-14,0.0,31.12,13.34,22.1
2014-09-15,0.03,31.52,15.07,10.35
2014-09-16,0.02,28.41,14.67,19.42
2014-09-17,0.01,26.17,12.75,11.67
2014-09-18,6.61,28.8,12.54,14.17
2014-09-19,12.59,25.38,15.53,4.06
2014-09-20,24.17,24.41,16.6,6.48
2014-09-21,0.57,24.41,14.38,20.99
2014-09-22,0.02,21.35,12.74,16.77
2014-09-23,0.01,26.31,11.57,23.74
2014-09-24,17.51,27.06,13.74,7.84
2014-09-25,14.99,21.92,13.78,6.82
2014-09-26,12.78,25.49,16.83,3.13
2014-09-27,10.89,19.58,14.59,4.32
2014-09-28,8.49,23.24,14.52,4.07
2014-09-29,5.04,27.77,16.38,8.7
2014-09-30,13.85,27.97,18.41,15.15
2014-10-01,0.53,27.83,16.37,16.07
2014-10-02,0.14,19.97,13.89,14.33
2014-10-03,0.19,18.05,12.03,12.54
2014-10-04,0.23,18.03,11.85,12.58
2014-10-05,0.06,20.24,12.49,17.95
2014-10-06,0.01,22.71,12.73,22.56
2014-10-07,0.0,24.93,13.12,21.62
2014-10-08,0.0,26.35,13.48,23.86
2014-10-09,0.0,28.94,12.88,26.38
2014-10-10,0.0,31.65,13.64,26.52
2014-10-11,0.01,31.8,16.05,20.43
2014-10-12,0.01,34.24,16.9,25.63
2014-10-13,0.16,35.83,19.44,23.01
2014-10-14,0.25,35.14,18.15,19.46
2014-10-15,0.28,30.04,18.39,6.62
2014-10-16,0.06,34.85,17.55,17.74
2014-10-17,5.07,36.58,18.02,21.4
2014-10-18,0.24,33.61,18.28,15.93
2014-10-19,6.42,34.02,18.41,21.15
2014-10-20,0.06,28.58,14.84,6.09
2014-10-21,0.12,22.59,13.85,12.23
2014-10-22,0.15,22.88,13.51,10.25
2014-10-23,0.01,28.83,13.58,17.53
2014-10-24,2.16,31.59,15.12,18.48
2014-10-25,1.74,23.91,17.15,14.45
2014-10-26,8.85,28.71,17.81,16.05
2014-10-27,0.89,28.13,15.85,26.69
2014-10-28,0.0,28.27,13.22,30.31
2014-10-29,0.0,30.76,12.96,29.03
2014-10-30,0.0,34.7,16.4,27.99
2014-10-31,0.16,32.58,20.27,23.16
2014-11-01,0.93,32.18,20.76,22.92
2014-11-02,1.69,29.58,19.26,13.0
2014-11-03,1.01,32.75,19.5,16.98
2014-11-04,23.5,27.83,20.7,5.81
2014-11-05,5.85,22.45,16.07,9.33
2014-11-06,9.91,27.16,15.83,16.51
2014-11-07,5.62,28.02,16.58,14.49
2014-11-08,1.22,26.52,18.13,15.11
2014-11-09,0.07,27.66,16.64,21.62
2014-11-10,0.0,27.89,14.58,29.52
2014-11-11,0.18,28.38,12.89,29.57
2014-11-12,0.0,29.33,15.72,15.95
2014-11-13,9.14,31.08,16.33,15.37
2014-11-14,15.08,21.3,14.21,7.51
2014-11-15,0.14,23.34,12.94,14.6
2014-11-16,0.0,25.92,14.31,28.7
2014-11-17,0.0,25.25,12.55,31.59
2014-11-18,0.0,27.11,12.79,30.45
2014-11-19,7.16,27.65,14.94,20.97
2014-11-20,9.67,27.39,16.85,12.46
2014-11-21,8.3,30.11,17.53,19.74
2014-11-22,8.22,25.44,19.56,11.05
2014-11-23,6.72,28.3,17.71,10.02
2014-11-24,3.2,25.71,17.16,11.86
2014-11-25,10.98,25.56,18.16,16.4
2014-11-26,0.91,29.47,18.72,20.17
2014-11-27,0.28,27.65,18.75,19.53
2014-11-28,0.08,24.27,17.39,15.34
2014-11-29,0.26,26.07,16.91,12.35
2014-11-30,0.33,28.96,17.32,11.36
2014-12-01,0.08,31.73,18.14,21.36
2014-12-02,0.01,32.68,19.43,28.0
2014-12-03,1.62,32.64,20.07,25.01
2014-12-04,7.98,26.19,16.79,7.62
2014-12-05,1.04,25.64,16.0,21.74
2014-12-06,0.18,28.39,15.25,17.66
2014-12-07,0.47,31.69,18.03,25.42
2014-12-08,2.43,30.6,18.73,20.28
2014-12-09,9.06,27.82,19.14,17.7
2014-12-10,10.03,26.73,19.07,17.11
2014-12-11,5.69,29.9,19.61,21.3
2014-12-12,27.09,28.6,19.64,19.36
2014-12-13,12.19,27.67,20.1,14.99
2014-12-14,1.47,26.89,16.97,15.92
2014-12-15,0.2,24.97,16.09,22.73
2014-12-16,0.07,26.45,15.59,28.07
2014-12-17,0.0,29.41,15.89,28.25
2014-12-18,0.98,31.05,17.95,25.72
2014-12-19,10.06,30.9,18.51,24.68
2014-12-20,0.73,31.41,19.14,28.96
2014-12-21,4.32,28.86,21.19,20.27
2014-12-22,33.26,27.46,18.17,4.65
2014-12-23,17.19,21.86,15.8,8.62
2014-12-24,4.94,21.43,15.7,10.21
2014-12-25,8.14,27.71,16.22,20.54
2014-12-26,7.15,29.3,19.12,22.71
2014-12-27,0.92,30.08,19.79,23.48
2014-12-28,3.5,30.57,20.61,22.65
2014-12-29,5.78,25.95,21.07,16.44
2014-12-30,2.9,28.61,19.83,18.94
2014-12-31,3.72,30.15,20.39,17.18
2015-01-01,6.48,30.34,19.94,21.68
2015-01-02,4.07,29.05,20.88,26.24
2015-01-03,8.88,26.88,19.87,12.91
2015-01-04,8.68,27.26,19.15,12.02
2015-01-05,7.59,28.3,19.66,20.52
2015-01-06,5.41,28.67,19.33,22.73
2015-01-07,5.06,28.47,20.23,26.23
2015-01-08,2.95,29.33,20.0,27.45
2015-01-09,4.33,31.56,20.26,28.44
2015-01-10,3.21,30.6,20.66,25.55
2015-01-11,2.18,33.33,21.24,28.35
2015-01-12,0.98,30.24,21.76,27.02
2015-01-13,5.35,31.72,21.13,25.59
2015-01-14,4.18,31.35,20.85,23.06
2015-01-15,0.06,31.49,19.58,26.36
2015-01-16,0.64,31.89,21.11,26.69
2015-01-17,0.58,32.94,21.22,26.8
2015-01-18,1.6,33.23,22.41,25.01
2015-01-19,1.8,33.35,22.09,25.69
2015-01-20,3.46,33.99,20.42,27.09
2015-01-21,1.14,31.81,20.13,23.4
2015-01-22,1.52,27.96,18.48,19.48
2015-01-23,0.23,29.12,17.67,25.5
2015-01-24,0.08,30.75,18.07,23.91
2015-01-25,1.9,30.51,20.79,26.03
2015-01-26,0.96,31.54,20.24,24.19
2015-01-27,3.26,31.52,20.43,22.88
2015-01-28,14.32,30.33,19.53,18.77
2015-01-29,3.69,29.05,20.56,16.09
2015-01-30,6.5,23.18,18.1,8.64
2015-01-31,2.27,26.88,17.62,11.03
2015-02-01,0.47,28.72,18.39,12.91
2015-02-02,0.45,30.0,19.41,18.68
2015-02-03,6.6,30.72,18.69,25.18
2015-02-04,14.77,23.32,18.96,14.79
2015-02-05,15.53,25.98,17.91,15.53
2015-02-06,9.37,26.08,17.32,20.74
2015-02-07,11.01,27.34,16.73,25.39
2015-02-08,4.41,28.06,17.8,26.64
2015-02-09,1.28,29.07,18.04,22.26
2015-02-10,2.82,30.34,19.87,24.05
2015-02-11,1.25,30.53,20.95,22.19
2015-02-12,2.13,28.67,21.89,22.52
2015-02-13,10.91,30.8,21.37,18.51
2015-02-14,41.45,25.05,19.32,9.8
2015-02-15,31.43,22.16,17.24,7.97
2015-02-16,4.91,24.51,16.81,11.53
2015-02-17,16.18,22.21,18.24,8.74
2015-02-18,15.81,25.65,18.14,13.93
2015-02-19,12.02,26.15,20.01,16.32
2015-02-20,13.07,25.3,20.56,17.27
2015-02-21,24.67,26.7,20.25,19.82
2015-02-22,0.0,26.52,20.24,25.44
2015-02-23,2.01,26.89,18.98,19.45
2015-02-24,6.06,25.88,19.19,16.79
2015-02-25,3.73,28.02,16.72,22.19
2015-02-26,7.66,27.61,20.28,24.76
2015-02-27,6.62,28.09,19.84,25.11
2015-02-28,6.57,23.66,18.37,10.23
2015-03-01,0.68,24.74,17.34,22.34
2015-03-02,0.07,26.26,16.95,19.54
2015-03-03,0.02,26.78,17.66,24.78
2015-03-04,0.47,27.5,19.49,22.27
2015-03-05,19.44,27.83,19.93,22.62
2015-03-06,50.96,24.17,19.15,12.13
2015-03-07,21.01,23.06,18.89,13.56
2015-03-08,11.73,25.57,19.22,7.51
2015-03-09,14.32,23.44,19.01,9.48
2015-03-10,2.27,25.67,18.4,17.04
2015-03-11,4.81,26.59,18.5,16.9
2015-03-12,6.33,26.37,19.25,20.15
2015-03-13,1.37,24.92,19.17,14.86
2015-03-14,11.42,24.61,19.63,11.12
2015-03-15,3.35,26.15,18.09,20.3
2015-03-16,3.67,26.68,19.49,15.43
2015-03-17,0.89,25.66,18.87,12.48
2015-03-18,1.85,24.52,18.82,10.77
2015-03-19,10.28,23.29,18.63,11.15
2015-03-20,2.61,23.08,17.8,13.07
2015-03-21,10.63,23.81,17.98,11.39
2015-03-22,2.68,24.26,16.61,10.74
2015-03-23,1.63,22.97,16.21,12.86
2015-03-24,0.1,24.37,15.83,16.98
2015-03-25,0.0,24.17,15.93,16.95
2015-03-26,0.11,25.21,15.39,21.81
2015-03-27,4.54,26.6,17.64,16.46
2015-03-28,19.4,25.47,19.23,9.72
2015-03-29,7.41,21.82,17.95,7.16
2015-03-30,2.96,24.56,17.25,13.74
2015-03-31,0.24,25.45,17.92,23.08
2015-04-01,0.29,24.92,16.02,17.8
2015-04-02,0.0,24.24,15.83,19.11
2015-04-03,0.0,23.6,15.76,19.78
2015-04-04,0.77,25.44,15.28,15.83
2015-04-05,1.49,26.7,17.59,13.09
2015-04-06,0.36,22.4,16.53,14.2
2015-04-07,0.28,20.45,13.51,12.01
2015-04-08,0.16,21.98,12.63,14.88
2015-04-09,0.29,23.66,14.57,16.64
2015-04-10,0.09,24.23,15.55,18.0
2015-04-11,0.0,24.35,15.4,20.29
2015-04-12,0.0,24.9,15.75,19.73
2015-04-13,0.0,24.28,16.43,17.8
2015-04-14,0.03,24.7,15.22,15.73
2015-04-15,2.47,26.24,17.13,11.99
2015-04-16,3.23,25.81,18.11,10.18
2015-04-17,1.86,25.27,17.25,14.37
2015-04-18,0.34,26.31,17.43,14.74
2015-04-19,4.88,26.29,19.4,9.98
2015-04-20,4.73,27.24,19.41,16.39
2015-04-21,11.14,24.58,17.64,10.79
2015-04-22,34.69,20.38,16.05,5.54
2015-04-23,2.21,23.5,15.95,9.39
2015-04-24,0.45,24.92,16.28,15.24
2015-04-25,0.18,21.79,14.4,16.64
2015-04-26,0.84,22.55,14.06,13.22
2015-04-27,0.31,23.45,14.81,15.28
2015-04-28,0.3,23.88,15.73,15.88
2015-04-29,0.73,21.24,14.81,9.96
2015-04-30,0.1,20.41,13.65,8.92
2015-05-01,0.0,21.42,12.41,17.8
2015-05-02,0.0,22.74,13.2,18.12
2015-05-03,4.38,24.78,13.83,12.17
2015-05-04,30.84,24.65,16.01,7.06
2015-05-05,0.14,20.98,15.11,6.35
2015-05-06,0.04,21.27,13.3,14.83
2015-05-07,0.06,20.55,12.87,7.08
2015-05-08,0.01,16.55,11.41,10.52
2015-05-09,1.76,22.36,11.45,13.64
2015-05-10,14.01,19.9,13.38,2.45
2015-05-11,6.05,21.15,14.15,11.43
2015-05-12,0.82,20.29,12.18,9.09
2015-05-13,0.35,20.01,13.66,12.72
2015-05-14,0.66,20.45,14.31,8.68
2015-05-15,0.16,20.05,14.31,11.95
2015-05-16,0.01,20.85,13.08,12.93
2015-05-17,0.0,21.72,13.5,9.88
2015-05-18,1.01,21.77,14.75,8.06
2015-05-19,2.1,21.55,13.64,7.97
2015-05-20,0.88,21.81,15.53,8.52
2015-05-21,0.09,22.96,16.31,10.34
2015-05-22,0.0,23.94,15.62,14.01
2015-05-23,0.0,24.22,15.15,15.33
2015-05-24,1.61,25.37,15.94,11.95
2015-05-25,4.3,25.83,17.74,7.38
2015-05-26,10.83,23.08,17.11,6.52
2015-05-27,3.7,23.75,16.76,12.88
2015-05-28,1.88,19.69,14.96,4.04
2015-05-29,0.09,20.35,11.93,13.74
2015-05-30,0.14,19.31,9.59,7.36
2015-05-31,2.61,18.38,12.34,5.52
2015-06-01,0.01,20.26,12.24,5.03
2015-06-02,0.0,19.09,12.16,5.82
2015-06-03,0.0,21.34,12.25,6.93
2015-06-04,0.0,22.98,12.79,12.76
2015-06-05,0.0,22.54,13.08,13.97
2015-06-06,0.0,23.34,12.03,14.79
2015-06-07,0.0,24.04,14.36,12.89
2015-06-08,0.0,23.8,14.39,14.52
2015-06-09,0.0,23.85,13.41,15.11
2015-06-10,0.0,24.62,13.95,14.6
2015-06-11,0.42,24.73,14.65,14.93
2015-06-12,10.34,16.79,13.21,3.5
2015-06-13,0.46,24.47,12.84,12.99
2015-06-14,1.34,25.22,15.53,12.8
2015-06-15,10.5,18.82,10.16,4.24
2015-06-16,0.02,17.74,10.0,11.89
2015-06-17,0.0,22.61,9.95,8.11
2015-06-18,2.53,25.5,11.55,11.38
2015-06-19,0.16,13.32,8.42,6.29
2015-06-20,0.09,16.75,9.13,7.83
2015-06-21,0.02,22.13,11.7,13.09
2015-06-22,0.01,23.2,11.77,13.71
2015-06-23,0.06,23.39,11.1,11.77
2015-06-24,0.07,16.05,11.26,5.38
2015-06-25,0.24,17.3,11.97,7.47
2015-06-26,0.33,19.06,13.08,9.99
2015-06-27,0.07,20.22,12.25,13.41
2015-06-28,0.0,20.29,10.69,14.14
2015-06-29,0.0,21.93,10.2,13.87
2015-06-30,4.86,22.86,11.88,13.66
2015-07-01,2.98,20.88,14.05,9.24
2015-07-02,6.23,16.73,12.69,3.72
2015-07-03,14.74,20.31,14.08,4.5
2015-07-04,2.58,19.51,10.87,5.62
2015-07-05,0.19,15.35,9.45,4.58
2015-07-06,0.29,18.39,10.62,7.87
2015-07-07,2.82,18.63,13.62,4.78
2015-07-08,10.85,19.7,14.68,2.68
2015-07-09,0.19,19.5,11.63,10.04
2015-07-10,12.37,21.38,9.95,13.23
2015-07-11,8.27,22.57,14.12,8.42
2015-07-12,13.59,22.68,13.0,5.39
2015-07-13,1.24,24.16,15.28,12.28
2015-07-14,4.48,24.87,17.08,13.99
2015-07-15,3.55,20.91,15.8,9.48
2015-07-16,4.29,22.05,15.37,6.68
2015-07-17,8.32,21.77,15.39,5.69
2015-07-18,0.39,22.85,13.5,14.93
2015-07-19,0.01,23.17,13.9,15.37
2015-07-20,0.0,22.56,14.06,12.41
2015-07-21,3.59,19.9,12.19,6.15
2015-07-22,0.2,16.2,11.71,8.3
2015-07-23,0.19,18.82,11.82,6.09
2015-07-24,5.0,22.08,13.88,6.82
2015-07-25,0.3,20.11,11.49,10.18
2015-07-26,0.0,20.72,10.67,15.63
2015-07-27,0.01,21.07,10.64,16.04
2015-07-28,0.0,21.36,9.79,16.35
2015-07-29,0.0,22.3,11.32,16.76
2015-07-30,0.0,22.61,11.44,16.95
2015-07-31,0.02,23.72,10.93,16.66
2015-08-01,0.0,24.64,13.18,17.07
2015-08-02,0.0,24.54,13.05,16.97
2015-08-03,0.0,25.32,12.4,17.73
2015-08-04,0.0,25.3,13.99,17.01
2015-08-05,0.0,24.99,13.99,12.93
2015-08-06,0.0,25.55,13.73,16.24
2015-08-07,0.0,26.18,12.4,17.15
2015-08-08,0.0,26.0,14.46,15.39
2015-08-09,0.0,24.77,15.39,13.78
2015-08-10,0.0,25.53,15.72,17.63
2015-08-11,0.03,25.9,14.97,16.64
2015-08-12,0.04,24.99,14.29,18.17
2015-08-13,0.0,26.6,13.26,18.24
2015-08-14,0.0,25.29,13.21,18.23
2015-08-15,0.01,26.39,13.38,17.62
2015-08-16,0.0,26.36,15.17,17.65
2015-08-17,0.0,26.28,15.63,16.63
2015-08-18,0.02,24.22,15.32,10.99
2015-08-19,1.82,24.67,13.29,18.57
2015-08-20,0.07,20.55,11.67,10.76
2015-08-21,0.04,20.66,11.96,13.09
2015-08-22,0.01,24.79,12.39,13.9
2015-08-23,3.43,27.66,13.56,13.32
2015-08-24,5.35,20.01,12.19,4.77
2015-08-25,8.11,19.35,12.2,4.87
2015-08-26,6.83,23.34,13.87,9.32
2015-08-27,7.28,24.53,14.3,5.1
2015-08-28,0.01,22.45,11.44,19.3
2015-08-29,0.04,23.91,10.53,20.72
2015-08-30,0.03,27.58,12.68,21.34
2015-08-31,0.04,29.08,13.35,21.84
2015-09-01,0.15,26.79,14.51,17.58
2015-09-02,0.81,19.5,12.51,9.97
2015-09-03,3.43,27.25,12.28,6.75
2015-09-04,3.34,21.78,14.0,5.27
2015-09-05,0.89,20.81,13.17,13.41
2015-09-06,2.35,18.97,13.2,5.83
2015-09-07,36.83,24.76,13.83,11.98
2015-09-08,33.01,21.79,15.2,2.74
2015-09-09,0.05,23.08,13.4,17.45
2015-09-10,31.09,23.28,13.68,9.59
2015-09-11,5.34,23.73,13.29,9.24
2015-09-12,0.98,17.07,11.52,7.29
2015-09-13,0.01,18.71,11.24,8.03
2015-09-14,0.0,20.38,10.29,20.11
2015-09-15,0.0,26.52,12.78,13.74
2015-09-16,1.0,29.37,15.91,22.04
2015-09-17,0.48,29.77,18.83,19.07
2015-09-18,0.05,31.49,19.09,22.47
2015-09-19,0.0,31.74,18.99,22.98
2015-09-20,0.0,30.81,17.91,19.72
2015-09-21,0.0,30.94,16.24,23.72
2015-09-22,0.0,32.09,16.24,23.55
2015-09-23,0.0,32.52,17.2,23.46
2015-09-24,0.01,34.52,16.4,23.47
2015-09-25,1.48,33.57,19.85,13.28
2015-09-26,12.08,25.71,16.44,6.8
2015-09-27,8.97,27.25,17.52,12.84
2015-09-28,6.7,24.72,16.49,17.92
2015-09-29,0.37,26.95,14.86,14.36
2015-09-30,3.08,26.12,17.7,11.8
2015-10-01,0.65,26.85,16.33,8.97
2015-10-02,11.65,28.81,17.09,15.27
2015-10-03,6.75,24.93,17.78,11.42
2015-10-04,0.48,24.53,15.43,12.41
2015-10-05,0.17,22.94,13.88,9.84
2015-10-06,0.03,25.37,13.2,16.02
2015-10-07,0.0,29.82,14.49,22.16
2015-10-08,29.89,31.67,16.48,21.28
2015-10-09,22.11,25.75,19.61,7.62
2015-10-10,1.08,24.67,16.64,11.98
2015-10-11,20.04,24.46,15.81,6.62
2015-10-12,9.24,24.18,16.57,11.04
2015-10-13,1.34,23.97,15.59,14.3
2015-10-14,0.37,28.84,15.13,15.17
2015-10-15,0.04,31.07,18.18,25.13
2015-10-16,0.7,32.01,17.55,18.08
2015-10-17,0.73,26.62,14.04,9.95
2015-10-18,0.11,20.66,12.81,8.37
2015-10-19,0.13,25.78,13.1,14.82
2015-10-20,3.33,29.72,14.24,21.51
2015-10-21,7.08,32.35,20.33,16.8
2015-10-22,24.82,29.43,19.28,7.95
2015-10-23,3.54,26.01,16.48,10.64
2015-10-24,0.22,24.03,15.14,10.62
2015-10-25,2.02,21.65,14.77,9.11
2015-10-26,6.41,25.84,14.97,12.01
2015-10-27,3.4,26.45,16.82,14.07
2015-10-28,1.59,26.42,17.51,14.37
2015-10-29,1.44,25.41,16.95,18.8
2015-10-30,1.46,27.29,16.42,20.37
2015-10-31,11.97,22.83,18.14,7.27
2015-11-01,9.12,20.39,16.01,6.56
2015-11-02,5.15,23.97,16.09,7.98
2015-11-03,11.06,26.23,15.5,10.64
2015-11-04,10.5,26.45,17.12,8.24
2015-11-05,6.67,27.35,16.97,12.26
2015-11-06,3.07,23.17,15.05,10.54
2015-11-07,0.81,24.3,14.68,11.94
2015-11-08,0.79,26.63,15.69,8.8
2015-11-09,3.91,28.11,17.54,17.22
2015-11-10,9.06,27.85,19.06,16.91
2015-11-11,2.13,26.89,18.87,18.97
2015-11-12,2.5,27.67,18.96,15.15
2015-11-13,3.64,30.09,18.7,16.71
2015-11-14,3.87,28.06,20.52,24.64
2015-11-15,13.5,25.01,17.24,13.42
2015-11-16,9.32,24.56,16.55,8.83
2015-11-17,10.1,28.08,16.72,12.47
2015-11-18,1.05,28.67,19.29,23.58
2015-11-19,4.33,28.63,19.94,21.27
2015-11-20,22.2,27.33,20.09,21.89
2015-11-21,0.36,25.53,16.59,10.16
2015-11-22,9.22,26.04,16.15,14.68
2015-11-23,18.46,25.53,18.03,6.96
2015-11-24,15.95,25.59,17.45,7.39
2015-11-25,3.7,25.84,17.55,11.11
2015-11-26,0.48,26.49,17.63,17.68
2015-11-27,3.97,26.39,18.13,18.41
2015-11-28,6.72,27.87,17.59,15.75
2015-11-29,2.85,26.52,16.77,11.23
2015-11-30,6.54,21.66,15.62,9.22
2015-12-01,1.19,25.78,15.2,10.8
2015-12-02,18.31,27.04,17.63,12.17
2015-12-03,8.49,25.49,18.04,11.8
2015-12-04,5.24,25.16,17.52,16.37
2015-12-05,2.72,28.34,18.4,23.52
2015-12-06,17.95,25.25,17.85,6.46
2015-12-07,4.41,25.16,16.31,11.68
2015-12-08,0.15,26.1,17.13,16.48
2015-12-09,7.5,27.13,17.91,18.29
2015-12-10,3.73,25.53,20.98,17.11
2015-12-11,2.96,26.34,16.74,20.3
2015-12-12,7.41,24.05,18.98,14.16
2015-12-13,0.38,29.19,18.71,27.95
2015-12-14,4.08,28.7,21.83,26.05
2015-12-15,8.94,28.66,20.86,21.09
2015-12-16,3.05,25.96,16.78,9.82
2015-12-17,0.13,27.85,17.69,19.09
2015-12-18,2.95,29.63,19.88,26.19
2015-12-19,11.34,27.85,20.93,16.13
2015-12-20,33.58,26.9,19.53,11.23
2015-12-21,4.13,27.57,19.48,16.98
2015-12-22,0.39,28.6,19.7,19.82
2015-12-23,5.42,26.5,21.47,20.43
2015-12-24,4.58,29.05,21.25,20.54
2015-12-25,12.24,27.58,21.87,14.89
2015-12-26,23.47,26.7,21.59,16.02
2015-12-27,5.43,26.28,20.5,14.77
2015-12-28,22.41,26.19,21.03,10.04
2015-12-29,13.24,24.59,20.26,9.54
2015-12-30,6.75,24.66,20.09,11.2
2015-12-31,3.04,28.38,20.54,15.19
2016-01-01,12.13,24.99,20.71,15.05
2016-01-02,10.68,26.0,19.39,12.97
2016-01-03,4.08,25.62,18.86,11.37
2016-01-04,0.41,25.84,18.07,19.03
2016-01-05,0.05,26.29,18.27,18.69
2016-01-06,0.0,28.31,18.46,26.22
2016-01-07,0.94,26.06,19.71,24.27
2016-01-08,2.36,29.06,20.12,26.85
2016-01-09,18.09,25.78,19.96,14.59
2016-01-10,48.93,26.82,20.46,7.39
2016-01-11,48.48,26.65,21.09,9.87
2016-01-12,18.21,28.6,21.08,12.5
2016-01-13,1.6,28.56,19.92,17.51
2016-01-14,0.04,26.47,19.49,14.55
2016-01-15,0.05,26.88,18.97,12.57
2016-01-16,0.0,26.56,17.7,18.73
2016-01-17,0.0,24.87,16.81,28.6
2016-01-18,0.0,24.55,16.73,22.99
2016-01-19,0.0,24.77,17.16,17.91
2016-01-20,0.0,24.57,16.01,28.24
2016-01-21,0.39,24.73,16.7,24.56
2016-01-22,0.59,24.26,16.9,20.25
2016-01-23,0.1,26.26,15.4,30.76
2016-01-24,0.0,26.59,15.06,29.32
2016-01-25,0.97,29.12,18.22,26.03
2016-01-26,1.54,30.0,20.9,27.3
2016-01-27,13.46,23.81,18.55,7.05
2016-01-28,7.9,27.81,18.44,17.83
2016-01-29,7.29,27.91,19.65,15.75
2016-01-30,3.22,28.12,20.22,13.55
2016-01-31,0.58,29.01,20.73,27.75
2016-02-01,3.75,29.11,20.95,25.71
2016-02-02,6.21,28.31,21.25,19.31
2016-02-03,21.15,27.69,20.43,19.15
2016-02-04,13.44,24.42,20.44,15.32
2016-02-05,3.44,28.94,20.21,19.65
2016-02-06,6.78,27.63,20.85,22.66
2016-02-07,5.48,27.74,20.26,16.97
2016-02-08,1.3,28.75,20.02,20.53
2016-02-09,2.49,29.76,20.36,26.13
2016-02-10,18.55,26.83,22.23,14.49
2016-02-11,6.59,25.75,17.71,10.28
2016-02-12,0.04,25.6,16.97,18.48
2016-02-13,0.16,26.81,17.18,23.93
2016-02-14,3.75,28.06,19.04,19.94
2016-02-15,13.23,25.93,20.26,13.55
2016-02-16,10.22,26.23,20.17,13.66
2016-02-17,7.52,27.17,20.81,19.98
2016-02-18,11.02,29.17,21.52,20.49
2016-02-19,6.86,28.23,21.83,22.12
2016-02-20,16.32,28.09,21.36,19.85
2016-02-21,15.59,24.72,21.39,10.59
2016-02-22,24.04,24.76,20.6,7.77
2016-02-23,22.39,24.59,19.87,8.99
2016-02-24,2.86,24.59,19.33,14.47
2016-02-25,3.79,26.62,19.83,16.93
2016-02-26,5.77,25.29,20.47,19.24
2016-02-27,4.94,26.63,21.0,11.98
2016-02-28,15.67,26.06,18.69,11.94
2016-02-29,1.45,22.8,16.56,13.54
2016-03-01,0.1,23.46,15.09,14.09
2016-03-02,2.86,22.69,17.28,9.57
2016-03-03,3.81,26.8,18.51,12.98
2016-03-04,0.95,25.74,18.15,24.84
2016-03-05,2.05,26.33,17.63,20.75
2016-03-06,0.02,26.67,17.81,21.47
2016-03-07,13.81,27.75,17.52,19.4
2016-03-08,8.76,27.0,19.31,17.77
2016-03-09,19.08,26.3,19.64,16.21
2016-03-10,6.45,27.49,20.49,17.09
2016-03-11,0.88,27.3,19.61,22.64
2016-03-12,0.26,25.22,17.2,22.96
2016-03-13,0.4,24.31,16.76,11.47
2016-03-14,0.55,26.12,16.67,11.15
2016-03-15,5.37,25.73,18.68,12.86
2016-03-16,3.22,24.9,19.0,14.35
2016-03-17,0.24,26.66,18.4,19.79
2016-03-18,0.0,27.21,18.09,21.59
2016-03-19,0.21,28.09,18.93,23.85
2016-03-20,0.22,26.33,19.42,18.17
2016-03-21,0.45,27.32,18.42,19.59
2016-03-22,4.38,28.16,18.19,7.33
2016-03-23,8.58,23.12,18.78,11.62
2016-03-24,11.88,25.28,18.56,11.89
2016-03-25,11.42,23.43,19.02,8.37
2016-03-26,12.71,25.62,19.41,14.63
2016-03-27,0.32,26.0,16.63,19.93
2016-03-28,0.0,26.16,16.4,22.98
2016-03-29,0.0,27.49,19.42,12.98
2016-03-30,6.82,25.79,19.24,12.61
2016-03-31,10.05,25.94,19.02,14.66
2016-04-01,1.08,27.06,19.39,19.13
2016-04-02,0.66,27.11,19.14,20.62
2016-04-03,0.08,28.25,18.8,20.97
2016-04-04,0.08,27.27,20.13,12.86
2016-04-05,0.03,26.97,19.2,16.21
2016-04-06,0.0,26.8,18.46,21.34
2016-04-07,0.0,28.62,17.16,21.69
2016-04-08,0.42,28.12,19.41,19.11
2016-04-09,3.09,29.01,20.68,19.97
2016-04-10,7.38,26.22,20.08,14.16
2016-04-11,2.55,26.75,20.52,14.34
2016-04-12,2.85,26.84,20.83,17.53
2016-04-13,0.63,26.98,19.27,17.22
2016-04-14,0.02,27.16,20.09,17.89
2016-04-15,2.8,27.2,19.61,19.07
2016-04-16,0.62,28.09,19.67,19.26
2016-04-17,0.06,27.65,19.56,20.15
2016-04-18,0.0,27.91,18.42,19.45
2016-04-19,0.0,28.15,18.06,19.78
2016-04-20,0.0,28.05,17.79,18.5
2016-04-21,0.0,28.23,18.36,18.87
2016-04-22,0.01,28.51,18.63,16.7
2016-04-23,0.0,28.31,19.78,18.78
2016-04-24,0.0,28.58,18.42,17.83
2016-04-25,10.11,27.98,18.41,17.55
2016-04-26,25.51,22.75,19.37,7.12
2016-04-27,1.42,19.27,11.1,11.92
2016-04-28,0.0,17.58,7.79,15.23
2016-04-29,0.0,18.91,9.03,11.39
2016-04-30,0.0,20.11,10.27,15.74
2016-05-01,0.0,18.53,6.61,20.0
2016-05-02,0.0,20.69,7.8,18.04
2016-05-03,0.01,22.74,11.42,17.67
2016-05-04,0.06,23.19,13.7,15.18
2016-05-05,0.82,23.07,14.31,11.67
2016-05-06,4.09,23.38,14.75,14.07
2016-05-07,1.38,23.27,16.09,8.72
2016-05-08,4.87,22.31,14.97,5.37
2016-05-09,8.9,22.36,15.79,3.4
2016-05-10,3.26,22.95,16.55,9.49
2016-05-11,4.18,20.48,15.12,8.12
2016-05-12,2.52,20.14,14.21,7.73
2016-05-13,0.68,20.81,13.86,8.15
2016-05-14,0.18,20.97,13.01,11.16
2016-05-15,0.58,24.2,12.56,16.35
2016-05-16,10.93,25.01,16.43,9.81
2016-05-17,0.61,21.5,13.65,12.82
2016-05-18,1.01,19.46,11.49,4.95
2016-05-19,0.8,17.15,11.61,3.83
2016-05-20,18.7,21.66,11.36,5.57
2016-05-21,22.53,24.86,16.07,7.84
2016-05-22,16.19,23.68,16.61,3.03
2016-05-23,0.29,17.24,8.07,15.21
2016-05-24,0.46,16.38,7.44,6.94
2016-05-25,0.41,19.24,12.45,8.53
2016-05-26,2.11,21.9,12.74,10.22
2016-05-27,7.87,17.72,14.45,5.51
2016-05-28,3.89,19.3,14.12,4.44
2016-05-29,6.22,18.58,14.3,6.07
2016-05-30,5.89,20.42,13.85,4.33
2016-05-31,5.61,22.17,15.65,9.61
2016-06-01,19.64,22.57,14.19,5.14
2016-06-02,1.03,20.48,13.36,12.37
2016-06-03,0.18,20.18,11.84,9.14
2016-06-04,9.36,20.18,11.09,6.63
2016-06-05,15.93,20.47,12.68,2.76
2016-06-06,3.29,20.44,11.87,3.2
2016-06-07,0.13,17.2,10.58,9.02
2016-06-08,0.01,16.43,6.08,15.83
2016-06-09,0.12,15.64,3.29,15.02
2016-06-10,0.0,16.81,3.43,13.37
2016-06-11,0.0,14.67,2.46,15.8
2016-06-12,0.02,14.37,-0.9,16.51
2016-06-13,0.52,13.69,2.22,15.92
2016-06-14,0.73,16.45,5.16,12.55
2016-06-15,0.02,20.44,8.6,13.25
2016-06-16,0.08,22.14,9.8,13.62
2016-06-17,0.66,22.01,11.61,11.79
2016-06-18,10.02,18.17,12.26,5.13
2016-06-19,3.43,19.35,9.94,6.44
2016-06-20,5.11,14.74,8.61,3.75
2016-06-21,20.0,12.0,8.41,3.92
2016-06-22,9.57,14.32,10.64,2.65
2016-06-23,0.29,19.47,9.46,12.22
2016-06-24,0.04,18.75,10.44,7.11
2016-06-25,0.01,18.96,11.06,9.4
2016-06-26,0.01,20.25,11.2,6.42
2016-06-27,0.0,20.07,11.33,11.7
2016-06-28,0.0,20.49,11.84,11.35
2016-06-29,0.0,20.41,11.26,12.77
2016-06-30,0.0,20.96,12.35,8.1
2016-07-01,0.0,21.51,12.74,9.58
2016-07-02,0.0,22.44,13.83,10.98
2016-07-03,0.0,22.79,12.96,12.33
2016-07-04,0.01,23.24,13.19,12.96
2016-07-05,0.0,22.49,12.37,12.57
2016-07-06,1.68,23.21,11.9,11.82
2016-07-07,0.05,18.61,8.22,16.44
2016-07-08,0.0,16.92,8.26,14.57
2016-07-09,0.0,19.44,8.54,15.24
2016-07-10,0.0,24.07,9.45,14.95
2016-07-11,0.0,24.58,13.61,15.29
2016-07-12,14.89,24.88,14.18,15.09
2016-07-13,6.14,23.35,15.19,5.49
2016-07-14,3.67,24.31,14.47,11.28
2016-07-15,9.89,24.39,14.99,8.59
2016-07-16,23.73,17.89,9.96,4.69
2016-07-17,0.0,15.91,4.73,17.16
2016-07-18,0.0,15.88,4.61,12.45
2016-07-19,0.01,16.94,7.72,8.09
2016-07-20,0.07,14.99,8.68,6.43
2016-07-21,0.03,16.92,9.31,5.97
2016-07-22,0.02,16.69,9.27,8.82
2016-07-23,0.07,19.66,8.9,9.93
2016-07-24,0.07,22.51,9.88,15.69
2016-07-25,0.01,21.08,11.65,15.96
2016-07-26,0.0,23.5,10.23,16.33
2016-07-27,0.0,22.15,11.11,16.61
2016-07-28,0.04,18.24,9.7,6.61
2016-07-29,0.01,17.91,10.59,5.5
2016-07-30,0.0,20.77,11.33,9.13
2016-07-31,0.0,22.15,12.66,11.0
2016-08-01,0.0,23.24,12.18,15.97
2016-08-02,0.07,19.97,11.99,4.96
2016-08-03,0.08,20.92,11.5,5.57
2016-08-04,0.05,22.33,13.15,7.62
2016-08-05,0.01,23.88,13.26,14.3
2016-08-06,0.01,25.33,13.4,17.21
2016-08-07,3.3,22.86,12.59,9.4
2016-08-08,6.47,19.14,11.29,3.89
2016-08-09,7.43,18.9,11.89,6.1
2016-08-10,0.1,18.71,9.64,16.78
2016-08-11,0.0,17.37,8.26,13.53
2016-08-12,0.03,19.2,7.21,16.12
2016-08-13,0.06,21.23,9.04,19.62
2016-08-14,0.0,24.84,9.05,18.04
2016-08-15,6.26,24.68,12.91,5.69
2016-08-16,0.18,24.54,13.47,14.09
2016-08-17,2.7,26.05,14.67,17.97
2016-08-18,18.63,19.22,12.02,4.57
2016-08-19,8.64,19.99,11.68,8.18
2016-08-20,34.93,19.2,14.85,2.25
2016-08-21,29.67,16.77,7.53,5.37
2016-08-22,0.26,15.37,6.65,16.48
2016-08-23,0.08,18.0,5.7,18.01
2016-08-24,0.03,20.16,9.65,16.36
2016-08-25,0.06,23.6,11.14,17.38
2016-08-26,0.06,24.14,12.24,17.72
2016-08-27,0.01,23.99,11.76,20.06
2016-08-28,0.02,25.67,10.32,21.43
2016-08-29,0.43,26.06,14.61,19.26
2016-08-30,5.72,23.89,16.31,5.28
2016-08-31,12.51,20.87,12.21,15.75
2016-09-01,0.12,21.17,9.96,18.91
2016-09-02,0.08,21.99,12.78,7.93
2016-09-03,11.48,20.27,14.64,4.47
2016-09-04,14.78,21.64,13.97,6.24
2016-09-05,4.02,21.66,12.79,7.62
2016-09-06,2.2,23.54,15.28,11.14
2016-09-07,0.0,19.81,9.68,21.0
2016-09-08,0.02,20.94,5.96,17.58
2016-09-09,0.01,20.79,10.87,17.36
2016-09-10,0.02,23.77,11.61,17.74
2016-09-11,0.0,25.59,13.69,17.85
2016-09-12,0.01,26.89,14.72,19.64
2016-09-13,0.38,27.18,18.05,16.88
2016-09-14,0.53,23.51,12.54,15.41
2016-09-15,0.0,22.57,8.15,24.93
2016-09-16,0.01,21.17,11.1,16.44
2016-09-17,0.0,26.32,12.85,15.53
2016-09-18,1.87,29.16,15.14,15.08
2016-09-19,1.9,26.14,14.06,9.33
2016-09-20,0.29,21.41,10.32,21.15
2016-09-21,0.01,20.23,9.3,14.88
2016-09-22,0.01,21.18,12.36,16.3
2016-09-23,0.01,25.24,11.34,23.36
2016-09-24,0.47,23.68,13.16,17.14
2016-09-25,1.89,17.73,11.97,7.96
2016-09-26,0.14,23.14,10.76,22.32
2016-09-27,0.0,23.1,10.98,25.56
2016-09-28,0.0,25.25,11.33,25.91
2016-09-29,0.11,24.61,11.02,21.92
2016-09-30,1.58,19.84,12.42,9.27
2016-10-01,1.43,20.73,11.89,8.23
2016-10-02,0.8,22.19,12.96,12.02
2016-10-03,5.38,18.69,13.92,7.42
2016-10-04,1.35,22.05,14.25,13.83
2016-10-05,3.18,22.14,13.27,14.28
2016-10-06,22.36,21.93,12.57,14.22
2016-10-07,1.51,21.3,11.17,16.0
2016-10-08,0.0,25.1,11.97,26.3
2016-10-09,0.05,24.05,14.11,11.57
2016-10-10,0.06,22.89,13.52,15.17
2016-10-11,1.24,25.8,13.17,9.16
2016-10-12,23.24,26.59,13.92,15.77
2016-10-13,10.89,24.34,16.36,6.39
2016-10-14,3.04,25.4,17.52,8.43
2016-10-15,0.35,26.07,17.39,13.39
2016-10-16,0.14,29.64,17.45,22.61
2016-10-17,5.92,30.89,20.23,24.14
2016-10-18,3.59,30.54,18.71,22.34
2016-10-19,3.5,30.12,17.63,24.93
2016-10-20,10.3,29.86,19.35,19.6
2016-10-21,4.73,23.53,15.1,9.27
2016-10-22,0.63,22.03,14.18,11.19
2016-10-23,0.21,25.1,14.25,13.24
2016-10-24,11.11,27.55,16.56,14.79
2016-10-25,6.35,26.59,17.78,8.58
2016-10-26,1.22,26.87,17.97,13.54
2016-10-27,2.17,25.07,16.24,18.66
2016-10-28,0.0,22.53,11.36,30.69
2016-10-29,0.52,21.61,10.46,16.5
2016-10-30,0.28,22.9,12.33,12.39
2016-10-31,0.27,27.89,14.07,14.07
2016-11-01,0.0,28.67,15.94,24.16
2016-11-02,7.96,29.49,18.73,21.3
2016-11-03,3.03,21.75,14.48,8.04
2016-11-04,0.1,24.78,13.04,15.22
2016-11-05,0.03,24.77,14.09,12.25
2016-11-06,0.05,26.71,14.93,15.1
2016-11-07,0.95,28.02,16.14,20.08
2016-11-08,1.19,27.18,16.62,23.28
2016-11-09,18.92,28.34,17.44,16.83
2016-11-10,2.01,29.95,18.59,23.16
2016-11-11,5.46,29.99,16.71,23.75
2016-11-12,5.32,19.65,14.17,8.92
2016-11-13,1.23,21.66,14.19,7.32
2016-11-14,1.5,24.74,16.09,13.09
2016-11-15,5.99,26.02,16.63,17.93
2016-11-16,7.67,26.96,16.71,23.54
2016-11-17,2.19,28.99,17.33,17.93
2016-11-18,0.4,24.31,12.83,18.57
2016-11-19,0.01,22.31,11.71,19.45
2016-11-20,0.01,24.15,11.54,29.71
2016-11-21,0.0,30.04,11.11,31.15
2016-11-22,0.08,26.75,16.19,13.51
2016-11-23,0.33,30.05,15.87,13.05
2016-11-24,0.11,29.48,16.52,12.14
2016-11-25,13.93,30.09,15.76,16.48
2016-11-26,4.13,27.97,16.99,18.1
2016-11-27,3.73,29.47,17.93,18.39
2016-11-28,7.71,27.34,19.65,15.44
2016-11-29,6.59,26.45,15.12,9.31
2016-11-30,2.25,22.77,14.18,9.85
2016-12-01,0.47,23.48,13.48,11.48
2016-12-02,0.21,27.2,15.46,13.01
2016-12-03,4.44,24.48,17.21,9.62
2016-12-04,3.59,29.04,15.39,19.05
2016-12-05,1.07,28.69,14.02,26.63
2016-12-06,0.02,31.54,14.85,31.82
2016-12-07,2.31,32.1,16.7,21.02
2016-12-08,14.66,26.87,18.27,19.94
2016-12-09,20.44,28.83,18.07,12.62
2016-12-10,10.35,26.53,17.73,11.02
2016-12-11,11.11,27.96,21.35,13.0
2016-12-12,5.97,25.78,17.21,8.26
2016-12-13,0.15,30.25,17.1,24.89
2016-12-14,0.98,27.53,16.05,9.75
2016-12-15,0.82,20.94,14.01,8.07
2016-12-16,0.49,21.94,13.45,12.23
2016-12-17,0.31,26.38,16.2,19.77
2016-12-18,4.47,29.04,17.24,23.0
2016-12-19,1.98,29.64,18.16,23.04
2016-12-20,15.19,26.39,18.8,20.11
2016-12-21,1.24,25.66,18.39,16.66
2016-12-22,2.31,28.08,18.34,13.74
2016-12-23,3.27,28.89,19.17,19.58
2016-12-24,2.06,30.83,19.98,26.29
2016-12-25,2.93,29.48,19.88,25.29
2016-12-26,3.87,33.22,19.32,30.6
2016-12-27,2.55,34.94,21.22,26.95
2016-12-28,13.43,31.08,22.15,21.04
2016-12-29,8.36,29.02,21.41,22.06
2016-12-30,5.33,26.75,21.15,22.2
2016-12-31,1.99,28.05,20.91,23.48
2017-01-01,7.61,27.99,20.44,17.07
2017-01-02,5.41,29.26,21.06,19.03
2017-01-03,1.93,29.02,20.6,21.62
2017-01-04,9.6,31.4,20.3,22.97
2017-01-05,22.05,27.81,20.61,19.18
2017-01-06,18.24,27.05,20.78,16.73
2017-01-07,1.69,29.15,19.58,15.74
2017-01-08,2.5,28.8,20.9,19.3
2017-01-09,32.96,29.58,20.67,20.85
2017-01-10,18.58,27.29,22.16,19.97
2017-01-11,19.18,28.15,21.08,21.14
2017-01-12,4.75,26.55,19.33,11.28
2017-01-13,0.55,27.07,18.03,19.7
2017-01-14,0.05,29.45,17.58,25.01
2017-01-15,0.39,29.11,20.29,25.56
2017-01-16,22.73,27.03,19.82,11.56
2017-01-17,13.03,24.55,20.35,8.0
2017-01-18,8.56,28.56,19.97,19.13
2017-01-19,8.21,25.15,19.95,12.36
2017-01-20,0.91,26.38,19.23,13.44
2017-01-21,7.11,25.29,18.95,18.39
2017-01-22,7.38,24.88,18.3,20.53
2017-01-23,6.97,26.49,18.4,17.2
2017-01-24,8.57,28.12,19.0,22.25
2017-01-25,5.06,25.34,20.63,11.82
2017-01-26,2.97,27.57,19.45,11.5
2017-01-27,12.48,25.41,18.22,9.62
2017-01-28,8.23,27.07,18.43,12.06
2017-01-29,3.94,26.45,18.23,18.84
2017-01-30,9.55,24.26,20.11,17.27
2017-01-31,21.23,23.96,18.15,6.78
2017-02-01,13.37,24.76,17.71,15.43
2017-02-02,4.1,26.91,18.87,21.03
2017-02-03,4.62,26.44,20.25,16.39
2017-02-04,7.0,27.73,20.8,22.84
2017-02-05,2.78,29.56,20.97,24.07
2017-02-06,2.25,28.22,21.57,20.04
2017-02-07,1.63,28.19,19.84,17.97
2017-02-08,0.92,27.62,19.21,15.49
2017-02-09,0.33,27.14,18.6,20.9
2017-02-10,0.06,26.77,18.76,15.74
2017-02-11,5.55,27.71,19.65,21.81
2017-02-12,16.69,28.58,20.38,17.47
2017-02-13,5.76,26.56,20.45,13.19
2017-02-14,0.19,28.83,20.36,24.02
2017-02-15,0.02,29.19,19.96,25.62
2017-02-16,0.0,29.72,19.86,26.98
2017-02-17,5.43,30.47,19.59,26.5
2017-02-18,2.88,30.51,20.09,26.48
2017-02-19,0.5,30.9,20.06,27.02
2017-02-20,0.05,29.85,20.13,23.82
2017-02-21,0.01,29.35,19.94,23.21
2017-02-22,0.01,30.1,19.95,23.27
2017-02-23,12.08,28.6,20.18,24.02
2017-02-24,1.94,26.22,19.11,11.7
2017-02-25,4.85,28.38,18.42,13.04
2017-02-26,4.09,26.24,19.13,19.97
2017-02-27,1.65,29.25,18.2,21.53
2017-02-28,1.35,30.26,18.89,25.51
2017-03-01,14.79,27.57,20.72,22.56
2017-03-02,20.96,26.42,21.38,16.48
2017-03-03,11.15,26.8,20.92,14.24
2017-03-04,3.14,28.02,20.29,18.12
2017-03-05,6.0,27.3,21.72,15.69
2017-03-06,16.92,26.33,20.88,14.68
2017-03-07,3.71,27.46,20.07,15.89
2017-03-08,1.86,26.77,19.94,15.42
2017-03-09,0.41,28.3,19.34,18.57
2017-03-10,5.27,28.12,20.89,18.04
2017-03-11,3.08,26.56,21.59,12.49
2017-03-12,3.92,28.29,20.49,22.95
2017-03-13,0.56,26.5,18.91,10.42
2017-03-14,0.34,25.84,17.65,7.16
2017-03-15,0.35,27.8,18.81,18.11
2017-03-16,4.09,29.16,19.77,21.35
2017-03-17,19.49,24.03,17.96,8.52
2017-03-18,14.89,20.13,16.71,4.97
2017-03-19,6.4,23.5,16.63,8.25
2017-03-20,1.6,23.56,15.99,14.05
2017-03-21,0.85,23.74,15.97,14.78
2017-03-22,0.53,25.01,17.24,20.13
2017-03-23,0.18,25.0,17.8,18.24
2017-03-24,2.45,26.92,16.94,21.01
2017-03-25,0.78,27.57,17.57,19.96
2017-03-26,0.29,25.58,17.17,19.01
2017-03-27,5.92,24.78,17.54,7.93
2017-03-28,4.16,24.82,17.15,14.66
2017-03-29,1.92,23.39,16.36,17.79
2017-03-30,1.02,23.81,15.77,16.38
2017-03-31,0.35,23.27,14.79,18.44
2017-04-01,1.28,23.03,15.01,13.84
2017-04-02,0.66,24.64,15.12,16.86
2017-04-03,0.13,24.75,15.68,18.23
2017-04-04,0.22,26.63,16.54,17.28
2017-04-05,11.46,28.83,16.93,14.33
2017-04-06,28.47,26.86,17.89,6.42
2017-04-07,4.57,23.56,17.02,6.61
2017-04-08,0.55,26.04,18.41,10.71
2017-04-09,1.81,24.35,19.48,11.74
2017-04-10,1.05,25.75,18.76,16.34
2017-04-11,4.54,28.07,19.78,16.62
2017-04-12,6.48,21.33,15.83,4.87
2017-04-13,0.21,22.83,15.17,11.69
2017-04-14,0.03,24.9,14.82,17.91
2017-04-15,0.03,26.29,16.52,18.55
2017-04-16,0.32,23.17,17.85,11.99
2017-04-17,0.97,22.76,16.04,8.7
2017-04-18,0.44,22.04,14.36,13.8
2017-04-19,0.21,21.74,14.35,14.81
2017-04-20,25.29,24.26,16.36,14.04
2017-04-21,14.45,20.86,13.75,6.18
2017-04-22,0.47,22.45,13.17,15.16
2017-04-23,0.09,21.89,13.53,10.61
2017-04-24,0.04,23.44,13.72,16.63
2017-04-25,9.21,25.7,15.37,12.36
2017-04-26,17.77,23.83,17.03,4.86
2017-04-27,0.05,19.22,10.32,16.45
2017-04-28,0.14,19.32,8.53,14.97
2017-04-29,0.04,20.1,10.16,7.99
2017-04-30,0.07,21.29,12.85,9.9
2017-05-01,0.08,22.11,14.44,13.15
2017-05-02,0.07,22.28,15.69,13.02
2017-05-03,0.03,23.97,14.69,16.39
2017-05-04,15.54,23.81,15.3,12.93
2017-05-05,16.04,21.28,16.44,8.06
2017-05-06,1.87,22.69,15.59,10.1
2017-05-07,0.19,22.87,14.42,10.97
2017-05-08,0.03,22.92,14.32,15.45
2017-05-09,0.08,24.64,12.17,15.93
2017-05-10,0.66,22.28,15.87,7.36
2017-05-11,1.04,20.06,14.26,7.62
2017-05-12,0.26,22.09,13.17,11.68
2017-05-13,0.25,25.31,12.78,16.75
2017-05-14,6.45,24.29,13.88,16.91
2017-05-15,0.04,21.8,11.86,15.89
2017-05-16,0.08,21.19,13.08,12.26
2017-05-17,0.4,21.69,14.01,9.43
2017-05-18,32.06,18.96,14.94,3.17
2017-05-19,37.28,19.32,15.09,3.11
2017-05-20,2.62,21.89,15.57,8.25
2017-05-21,30.33,22.12,15.68,2.19
2017-05-22,0.56,21.27,13.11,7.79
2017-05-23,0.06,19.96,11.19,12.07
2017-05-24,0.21,23.18,12.9,11.35
2017-05-25,0.01,25.6,15.41,13.86
2017-05-26,0.26,25.75,18.69,14.72
2017-05-27,0.35,23.34,17.77,4.88
2017-05-28,0.37,22.65,16.84,8.12
2017-05-29,0.2,24.96,16.36,12.34
2017-05-30,0.5,20.19,15.74,5.84
2017-05-31,10.96,21.19,14.27,8.26
2017-06-01,1.67,19.01,11.65,13.83
2017-06-02,0.01,19.57,9.27,13.6
2017-06-03,0.03,20.12,11.0,14.09
2017-06-04,10.4,23.97,12.22,14.44
2017-06-05,61.1,24.01,16.74,1.67
2017-06-06,54.95,24.21,18.94,3.95
2017-06-07,2.31,25.28,19.04,9.82
2017-06-08,2.52,24.84,17.16,11.11
2017-06-09,3.91,19.59,8.22,5.72
2017-06-10,0.0,16.59,4.04,16.33
2017-06-11,0.05,18.58,6.07,15.52
2017-06-12,0.14,18.4,5.11,10.8
2017-06-13,5.45,18.13,9.96,4.56
2017-06-14,0.16,19.91,12.35,6.1
2017-06-15,0.26,20.31,12.4,7.51
2017-06-16,0.08,21.09,12.13,12.52
2017-06-17,0.01,22.25,9.27,14.79
2017-06-18,0.02,22.89,12.14,10.29
2017-06-19,5.9,21.22,11.68,8.59
2017-06-20,10.49,13.23,10.58,3.53
2017-06-21,1.4,17.99,10.45,6.76
2017-06-22,0.32,21.17,12.59,8.71
2017-06-23,0.09,21.19,14.57,12.08
2017-06-24,0.13,21.38,15.12,12.22
2017-06-25,0.06,20.68,13.89,14.12
2017-06-26,0.02,20.46,11.72,14.4
2017-06-27,0.02,21.37,11.6,14.75
2017-06-28,0.02,21.38,11.28,14.33
2017-06-29,0.12,22.04,13.5,10.49
2017-06-30,0.03,22.46,13.13,13.23
2017-07-01,0.3,18.98,12.11,7.91
2017-07-02,0.62,14.82,10.34,7.45
2017-07-03,0.54,16.0,10.28,9.5
2017-07-04,0.67,16.6,10.56,11.77
2017-07-05,0.01,18.1,10.02,15.1
2017-07-06,0.04,19.07,9.98,11.65
2017-07-07,0.01,19.82,12.48,8.56
2017-07-08,0.01,19.81,12.79,9.15
2017-07-09,0.0,20.67,12.97,12.56
2017-07-10,0.01,21.08,12.55,14.3
2017-07-11,0.01,22.36,13.34,14.4
2017-07-12,0.06,20.71,11.32,13.36
2017-07-13,0.01,21.52,11.61,11.36
2017-07-14,0.03,22.49,13.1,15.78
2017-07-15,0.03,21.7,11.96,15.46
2017-07-16,0.0,22.19,11.49,15.57
2017-07-17,0.7,23.33,12.72,14.17
2017-07-18,1.08,12.52,3.34,3.25
2017-07-19,0.04,13.42,1.32,5.43
2017-07-20,0.04,20.15,9.07,8.49
2017-07-21,0.04,20.84,9.8,15.64
2017-07-22,0.0,19.33,8.55,13.43
2017-07-23,0.0,21.06,9.43,14.13
2017-07-24,0.0,21.71,10.47,16.77
2017-07-25,0.01,22.82,9.41,17.13
2017-07-26,0.01,22.18,12.73,16.96
2017-07-27,0.03,20.71,11.74,14.85
2017-07-28,0.03,20.53,12.83,13.5
2017-07-29,0.0,21.83,12.49,16.56
2017-07-30,0.0,22.24,12.99,14.78
2017-07-31,0.0,21.99,11.88,11.13
2017-08-01,0.0,21.36,9.77,13.89
2017-08-02,0.05,22.91,10.39,15.39
2017-08-03,5.1,21.0,13.25,12.33
2017-08-04,0.12,18.17,10.5,8.82
2017-08-05,0.22,16.94,10.39,10.19
2017-08-06,0.08,17.94,9.63,12.38
2017-08-07,0.01,22.12,9.15,17.75
2017-08-08,0.0,24.48,10.87,14.89
2017-08-09,0.03,26.7,14.6,16.89
2017-08-10,0.07,22.72,13.09,5.53
2017-08-11,0.12,20.18,12.18,11.38
2017-08-12,0.04,23.29,12.65,11.42
2017-08-13,6.72,26.49,12.72,15.56
2017-08-14,0.66,22.42,12.39,17.92
2017-08-15,9.86,16.92,12.29,4.15
2017-08-16,0.67,18.93,11.78,5.53
2017-08-17,0.45,18.42,12.88,3.89
2017-08-18,4.58,16.52,12.51,5.15
2017-08-19,29.8,20.09,13.37,3.23
2017-08-20,25.53,19.47,11.11,3.12
2017-08-21,1.5,15.22,8.32,8.89
2017-08-22,0.22,15.68,8.26,7.92
2017-08-23,0.12,21.48,11.9,9.48
2017-08-24,0.01,22.14,13.24,17.41
2017-08-25,0.0,21.73,13.24,14.87
2017-08-26,0.01,24.07,12.24,20.19
2017-08-27,0.01,24.79,13.23,19.31
2017-08-28,0.02,23.67,13.33,18.95
2017-08-29,0.0,24.88,13.14,20.42
2017-08-30,0.02,27.54,13.07,21.04
2017-08-31,0.25,20.29,14.26,7.5
2017-09-01,0.23,21.71,13.75,7.98
2017-09-02,0.04,22.24,13.37,7.66
2017-09-03,0.02,24.77,11.77,20.39
2017-09-04,0.0,25.52,10.46,22.28
2017-09-05,0.05,26.17,11.84,22.72
2017-09-06,0.04,25.71,15.08,17.08
2017-09-07,0.0,26.27,13.98,21.56
2017-09-08,0.0,26.86,12.62,21.66
2017-09-09,0.0,27.28,14.91,19.31
2017-09-10,0.0,28.26,13.88,22.57
2017-09-11,0.0,29.9,12.56,20.29
2017-09-12,0.0,28.16,15.43,21.33
2017-09-13,0.0,29.3,15.31,22.31
2017-09-14,0.0,30.2,14.29,23.98
2017-09-15,0.01,31.15,16.66,23.04
2017-09-16,0.01,30.5,15.31,21.95
2017-09-17,0.05,31.21,15.72,20.76
2017-09-18,0.09,28.75,16.11,13.93
2017-09-19,0.02,29.07,15.83,18.87
2017-09-20,0.0,27.62,13.56,20.32
2017-09-21,0.01,29.9,14.95,24.04
2017-09-22,0.0,31.3,14.91,23.06
2017-09-23,1.44,29.2,16.43,16.71
2017-09-24,1.15,24.97,15.52,8.42
2017-09-25,0.03,25.01,15.4,18.91
2017-09-26,0.01,26.71,14.59,18.43
2017-09-27,0.01,31.07,14.62,22.5
2017-09-28,0.55,28.68,15.67,15.17
2017-09-29,24.37,18.99,15.06,5.05
2017-09-30,2.33,24.5,15.61,12.25
2017-10-01,0.83,27.0,15.26,19.16
2017-10-02,25.21,24.59,15.39,9.13
2017-10-03,0.06,22.07,12.24,21.93
2017-10-04,0.0,23.06,10.64,24.52
2017-10-05,0.02,28.82,10.4,24.31
2017-10-06,33.95,28.78,15.43,22.8
2017-10-07,8.91,24.21,15.53,6.98
2017-10-08,2.93,22.39,15.37,12.63
2017-10-09,0.35,28.13,16.02,14.66
2017-10-10,0.05,28.44,17.05,19.26
2017-10-11,6.5,31.27,18.85,24.47
2017-10-12,0.34,31.82,19.89,25.44
2017-10-13,1.42,31.11,18.28,23.09
2017-10-14,5.11,28.95,15.9,18.19
2017-10-15,0.79,23.41,14.67,10.19
2017-10-16,0.78,23.5,14.04,11.16
2017-10-17,0.69,26.24,14.6,11.07
2017-10-18,0.03,31.42,15.63,26.52
2017-10-19,4.67,33.11,18.24,25.27
2017-10-20,2.34,23.74,16.19,8.01
2017-10-21,6.46,26.52,15.7,12.31
2017-10-22,0.59,22.83,17.92,9.65
2017-10-23,0.31,22.08,13.27,10.04
2017-10-24,0.17,24.11,12.46,9.65
2017-10-25,27.41,27.2,14.25,10.8
2017-10-26,14.23,27.34,16.55,14.16
2017-10-27,6.85,27.01,18.17,4.42
2017-10-28,12.36,28.29,19.07,22.91
2017-10-29,42.99,24.01,16.06,7.8
2017-10-30,2.85,22.12,16.09,7.18
2017-10-31,0.01,24.69,14.81,15.6
2017-11-01,0.0,22.16,13.38,19.68
2017-11-02,0.0,22.89,13.06,24.75
2017-11-03,4.9,27.27,13.78,21.05
2017-11-04,19.32,26.67,18.67,12.93
2017-11-05,0.97,21.84,14.52,8.24
2017-11-06,0.74,21.6,14.04,12.75
2017-11-07,0.25,22.58,13.14,15.79
2017-11-08,8.69,19.4,14.32,6.29
2017-11-09,0.51,24.21,15.22,14.86
2017-11-10,21.39,26.9,16.59,19.32
2017-11-11,0.99,23.99,14.03,16.56
2017-11-12,0.0,25.57,13.0,31.93
2017-11-13,0.0,25.64,13.64,31.26
2017-11-14,0.01,24.83,12.54,31.67
2017-11-15,0.0,29.83,13.25,29.86
2017-11-16,8.61,30.53,18.43,28.05
2017-11-17,6.46,27.08,19.22,12.51
2017-11-18,17.17,24.78,18.98,10.3
2017-11-19,7.78,21.3,16.43,14.73
2017-11-20,2.8,24.58,15.91,10.16
2017-11-21,11.28,25.48,16.25,16.05
2017-11-22,2.02,23.45,14.89,13.13
2017-11-23,0.21,24.46,13.58,16.83
2017-11-24,0.02,28.03,13.88,29.92
2017-11-25,1.32,27.57,15.49,24.71
2017-11-26,13.26,28.8,18.51,17.99
2017-11-27,1.79,28.1,17.75,12.01
2017-11-28,0.21,26.56,16.59,17.37
2017-11-29,6.28,25.79,15.62,28.38
2017-11-30,5.81,23.72,15.11,16.88
2017-12-01,0.78,24.73,15.88,16.8
2017-12-02,0.56,25.15,16.05,14.04
2017-12-03,0.15,27.89,16.08,16.67
2017-12-04,0.78,29.13,17.49,27.42
2017-12-05,3.19,27.12,18.85,17.66
2017-12-06,1.44,27.73,18.17,14.28
2017-12-07,9.45,29.1,17.45,8.76
2017-12-08,0.56,29.42,18.05,22.38
2017-12-09,0.33,28.08,17.67,24.0
2017-12-10,0.81,30.64,17.48,24.56
2017-12-11,0.24,30.23,17.23,25.32
2017-12-12,0.53,25.0,15.25,16.36
2017-12-13,0.21,28.34,14.65,12.9
2017-12-14,0.69,31.92,16.41,25.94
2017-12-15,2.52,30.71,18.68,16.93
2017-12-16,0.28,33.15,18.21,28.37
2017-12-17,6.66,33.19,18.96,27.52
2017-12-18,7.35,27.14,18.61,16.36
2017-12-19,1.04,29.7,18.01,14.69
2017-12-20,10.23,27.56,19.82,15.14
2017-12-21,19.02,25.61,19.29,8.1
2017-12-22,7.38,27.47,19.85,20.95
2017-12-23,3.3,27.48,20.06,18.61
2017-12-24,16.24,26.94,19.99,11.19
2017-12-25,25.13,23.28,17.38,7.18
2017-12-26,21.17,25.33,17.2,9.43
2017-12-27,5.87,26.21,18.61,13.71
2017-12-28,22.38,27.25,19.46,14.5
2017-12-29,22.93,23.73,18.7,6.96
2017-12-30,24.74,26.64,19.53,16.29
2017-12-31,15.69,27.63,20.56,22.85
2018-01-01,11.29,28.7,19.83,20.26
2018-01-02,2.97,25.38,20.95,15.37
2018-01-03,0.94,27.16,18.5,19.99
2018-01-04,0.12,26.14,17.01,27.92
2018-01-05,0.02,26.58,16.25,30.38
2018-01-06,4.67,28.44,17.2,23.25
2018-01-07,3.32,25.07,17.74,11.36
2018-01-08,2.78,24.29,17.44,11.24
2018-01-09,8.83,22.09,17.57,9.08
2018-01-10,6.02,25.28,18.59,15.8
2018-01-11,8.77,24.41,19.19,13.75
2018-01-12,9.83,26.56,18.46,15.16
2018-01-13,13.17,23.44,18.76,11.78
2018-01-14,9.71,25.8,19.35,20.87
2018-01-15,6.54,26.94,19.61,22.47
2018-01-16,18.51,26.2,20.43,15.78
2018-01-17,12.28,25.19,20.51,13.03
2018-01-18,10.81,28.12,19.58,17.32
2018-01-19,10.77,25.32,18.92,15.42
2018-01-20,9.69,25.54,18.73,15.05
2018-01-21,23.84,26.77,19.0,17.85
2018-01-22,5.12,28.34,20.16,25.05
2018-01-23,5.24,28.63,21.04,25.56
2018-01-24,6.99,28.44,20.04,24.66
2018-01-25,3.03,26.82,20.22,17.11
2018-01-26,2.05,25.88,18.9,11.6
2018-01-27,0.44,24.98,18.09,14.0
2018-01-28,7.58,26.85,17.82,19.98
2018-01-29,15.03,27.09,17.13,12.3
2018-01-30,4.39,23.72,16.58,8.73
2018-01-31,1.46,25.42,16.87,24.06
2018-02-01,0.59,25.39,17.08,20.53
2018-02-02,0.12,26.18,17.3,17.86
2018-02-03,0.27,24.92,17.32,28.03
2018-02-04,2.42,25.02,16.38,15.68
2018-02-05,1.27,24.97,15.52,19.52
2018-02-06,0.06,25.71,15.27,24.96
2018-02-07,0.07,26.71,16.09,26.03
2018-02-08,0.02,28.54,17.67,26.74
2018-02-09,1.43,28.08,18.68,26.41
2018-02-10,8.43,27.18,20.08,19.2
2018-02-11,20.52,27.26,20.47,15.99
2018-02-12,34.7,26.28,17.02,13.22
2018-02-13,9.29,21.63,16.32,7.64
2018-02-14,1.22,22.47,15.81,9.68
2018-02-15,1.44,23.12,16.34,9.92
2018-02-16,0.1,25.45,16.27,13.8
2018-02-17,0.54,23.74,16.44,16.78
2018-02-18,1.8,25.0,16.97,9.89
2018-02-19,6.15,25.06,18.21,14.05
2018-02-20,14.07,27.01,19.53,13.61
2018-02-21,5.45,27.34,20.21,21.4
2018-02-22,8.41,26.46,18.48,22.97
2018-02-23,4.43,25.41,16.92,20.21
2018-02-24,0.12,24.77,17.23,22.25
2018-02-25,0.02,25.1,16.57,23.56
2018-02-26,0.24,26.21,17.54,23.06
2018-02-27,11.11,25.62,18.89,20.07
2018-02-28,15.37,26.96,18.84,21.31
2018-03-01,4.73,27.45,19.58,18.83
2018-03-02,14.12,27.64,20.18,15.55
2018-03-03,21.17,25.64,19.95,16.22
2018-03-04,1.35,27.39,19.28,16.24
2018-03-05,1.19,28.18,19.77,20.61
2018-03-06,34.56,27.81,19.62,17.73
2018-03-07,7.93,27.04,18.58,12.0
2018-03-08,0.02,25.37,18.12,11.27
2018-03-09,1.54,26.27,16.99,19.95
2018-03-10,4.61,25.46,18.24,14.52
2018-03-11,0.17,28.12,18.68,24.35
2018-03-12,3.05,28.92,19.5,21.55
2018-03-13,2.03,28.94,18.21,13.75
2018-03-14,9.21,29.06,19.83,16.94
2018-03-15,26.91,26.6,21.2,20.59
2018-03-16,1.48,27.41,20.49,21.43
2018-03-17,0.22,27.9,19.36,15.92
2018-03-18,0.02,28.37,18.92,23.04
2018-03-19,0.43,27.68,20.97,15.14
2018-03-20,24.42,26.69,20.75,13.34
2018-03-21,8.27,26.12,17.25,11.77
2018-03-22,0.2,24.76,16.27,9.57
2018-03-23,0.02,26.58,17.65,13.29
2018-03-24,0.0,28.08,20.18,22.02
2018-03-25,7.47,27.45,20.23,16.81
2018-03-26,37.51,21.51,17.89,4.53
2018-03-27,10.09,25.09,17.87,8.0
2018-03-28,6.16,23.86,19.55,13.71
2018-03-29,4.97,24.81,18.75,15.37
2018-03-30,7.91,24.52,19.1,13.93
2018-03-31,2.69,24.08,19.37,8.25
2018-04-01,2.55,25.47,18.73,14.78
2018-04-02,1.58,24.16,19.86,13.75
2018-04-03,0.84,26.03,18.07,14.69
2018-04-04,2.12,24.98,17.45,17.65
2018-04-05,1.72,25.49,17.0,18.54
2018-04-06,0.5,24.93,17.29,17.94
2018-04-07,0.01,25.0,16.78,19.61
2018-04-08,0.01,24.8,17.05,20.65
2018-04-09,0.01,25.45,17.42,19.07
2018-04-10,0.04,25.02,17.74,20.1
2018-04-11,0.06,24.24,17.2,20.52
2018-04-12,0.0,25.76,16.85,20.53
2018-04-13,1.04,26.43,16.33,20.12
2018-04-14,6.59,23.97,17.83,13.57
2018-04-15,3.01,21.96,16.61,9.25
2018-04-16,1.76,21.59,15.87,10.14
2018-04-17,1.43,21.98,15.38,11.28
2018-04-18,0.08,23.24,14.64,19.67
2018-04-19,0.01,24.18,14.32,20.13
2018-04-20,0.0,24.06,14.34,18.7
2018-04-21,0.0,23.2,12.72,19.87
2018-04-22,0.0,23.3,13.56,16.38
2018-04-23,0.01,24.25,15.74,15.77
2018-04-24,0.04,24.71,15.8,17.2
2018-04-25,0.06,25.14,16.36,16.83
2018-04-26,0.0,25.82,16.53,14.92
2018-04-27,1.32,25.6,18.15,15.24
2018-04-28,1.37,26.08,17.6,16.26
2018-04-29,0.7,25.81,17.17,17.01
2018-04-30,0.06,26.64,17.06,17.71
2018-05-01,0.2,26.48,16.82,14.19
2018-05-02,1.22,25.46,17.91,12.39
2018-05-03,0.32,26.15,17.14,15.01
2018-05-04,0.0,26.45,15.81,17.08
2018-05-05,0.06,26.54,16.71,13.86
2018-05-06,1.36,24.93,16.96,14.28
2018-05-07,2.98,23.26,17.06,10.98
2018-05-08,2.33,22.77,16.77,8.59
2018-05-09,0.29,23.29,15.84,14.03
2018-05-10,0.01,24.38,14.27,15.85
2018-05-11,0.04,25.11,14.32,14.36
2018-05-12,0.05,24.56,15.99,14.76
2018-05-13,0.01,22.73,14.6,13.69
2018-05-14,0.0,22.67,14.54,13.03
2018-05-15,1.37,25.68,15.38,15.56
2018-05-16,2.26,24.4,16.17,10.8
2018-05-17,0.61,23.04,15.31,9.21
2018-05-18,8.95,24.86,14.91,12.22
2018-05-19,15.64,22.11,12.55,10.29
2018-05-20,0.03,17.07,8.33,16.72
2018-05-21,0.0,18.74,4.92,17.13
2018-05-22,0.01,20.75,8.96,16.38
2018-05-23,0.0,20.65,8.18,13.48
2018-05-24,0.23,21.01,11.96,10.6
2018-05-25,1.23,20.66,13.51,8.72
2018-05-26,0.04,21.94,12.98,8.77
2018-05-27,0.01,22.38,13.6,14.49
2018-05-28,0.02,20.87,12.78,15.27
2018-05-29,0.01,22.27,13.27,14.35
2018-05-30,0.01,22.61,13.45,15.26
2018-05-31,0.0,22.97,11.71,15.62
2018-06-01,0.31,23.49,11.31,14.01
2018-06-02,5.13,24.41,13.89,8.4
2018-06-03,1.96,17.77,11.05,4.65
2018-06-04,4.29,15.2,10.55,3.75
2018-06-05,3.49,16.65,12.53,2.71
2018-06-06,0.98,21.69,13.01,6.4
2018-06-07,8.65,21.06,12.83,5.37
2018-06-08,0.08,18.58,7.76,15.56
2018-06-09,0.0,19.24,6.89,10.28
2018-06-10,0.0,23.77,12.69,8.26
2018-06-11,0.0,26.42,16.55,11.82
2018-06-12,10.02,23.78,17.94,7.24
2018-06-13,6.18,23.83,16.19,6.48
2018-06-14,1.97,15.88,10.28,3.56
2018-06-15,4.97,14.38,9.29,5.37
2018-06-16,1.25,15.06,9.78,4.68
2018-06-17,0.16,17.99,9.56,7.62
2018-06-18,0.14,19.64,11.09,7.02
2018-06-19,0.08,21.66,13.57,6.67
2018-06-20,0.0,23.51,13.03,12.78
2018-06-21,0.0,23.44,12.75,12.5
2018-06-22,0.02,23.87,13.11,13.54
2018-06-23,0.0,24.28,12.62,14.77
2018-06-24,0.05,25.76,13.6,13.4
2018-06-25,0.01,25.34,15.31,13.99
2018-06-26,2.17,25.08,14.63,10.23
2018-06-27,3.19,20.25,15.27,4.93
2018-06-28,0.18,22.99,14.4,10.57
2018-06-29,0.02,24.81,14.01,13.36
2018-06-30,0.01,24.97,12.44,13.04
2018-07-01,0.01,24.92,14.19,12.15
2018-07-02,0.0,25.64,13.28,13.18
2018-07-03,0.13,23.52,12.81,6.86
2018-07-04,0.05,23.21,11.77,8.48
2018-07-05,0.0,26.08,13.21,14.01
2018-07-06,0.04,26.73,13.44,12.67
2018-07-07,0.01,24.6,14.27,12.46
2018-07-08,0.03,25.92,13.93,13.93
2018-07-09,1.8,20.57,11.82,5.23
2018-07-10,0.05,16.33,7.35,13.79
2018-07-11,0.01,16.93,5.5,13.88
2018-07-12,0.0,18.12,6.98,15.08
2018-07-13,0.0,21.14,6.56,15.48
2018-07-14,0.0,25.56,9.93,16.11
2018-07-15,0.01,27.36,10.81,16.12
2018-07-16,0.01,28.23,12.68,15.83
2018-07-17,0.0,25.85,12.62,15.58
2018-07-18,0.0,26.98,11.85,15.38
2018-07-19,0.02,27.79,12.31,15.6
2018-07-20,0.0,27.86,13.14,16.36
2018-07-21,0.12,26.17,12.68,10.57
2018-07-22,0.05,19.53,11.35,6.3
2018-07-23,0.02,26.66,13.29,12.92
2018-07-24,0.22,21.27,13.2,4.42
2018-07-25,0.05,23.06,13.0,8.46
2018-07-26,0.0,25.4,13.94,12.32
2018-07-27,0.0,26.7,13.45,14.95
2018-07-28,0.0,27.22,13.14,15.8
2018-07-29,0.02,27.9,15.48,13.39
2018-07-30,12.41,21.93,13.86,5.12
2018-07-31,3.57,17.74,11.38,7.64
2018-08-01,0.26,15.72,10.3,4.24
2018-08-02,1.33,18.74,11.05,5.81
2018-08-03,17.8,16.44,13.31,4.04
2018-08-04,0.31,19.9,12.4,9.52
2018-08-05,0.62,21.98,12.57,5.72
2018-08-06,2.33,16.66,11.2,5.0
2018-08-07,0.09,19.32,9.74,7.75
2018-08-08,4.14,22.74,10.69,10.73
2018-08-09,1.79,23.33,11.04,7.78
2018-08-10,0.0,20.17,6.95,19.41
2018-08-11,0.0,21.91,4.35,19.42
2018-08-12,0.0,21.06,7.99,13.42
2018-08-13,0.02,22.11,8.35,13.59
2018-08-14,0.04,26.02,10.79,19.02
2018-08-15,0.35,21.46,10.84,10.21
2018-08-16,0.48,18.22,10.66,5.36
2018-08-17,0.2,20.2,11.68,7.95
2018-08-18,0.17,22.13,11.25,11.88
2018-08-19,0.02,25.88,12.15,18.68
2018-08-20,0.15,28.4,14.49,18.37
2018-08-21,0.81,27.13,13.68,11.07
2018-08-22,3.38,21.5,14.21,7.46
2018-08-23,0.68,24.4,13.88,14.52
2018-08-24,6.97,27.33,14.42,7.52
2018-08-25,24.59,25.13,13.81,14.55
2018-08-26,0.03,18.99,8.0,12.11
2018-08-27,0.0,18.96,6.63,11.21
2018-08-28,0.01,23.21,10.42,11.52
2018-08-29,0.03,26.39,11.82,20.02
2018-08-30,0.06,28.26,12.48,21.2
2018-08-31,0.0,30.04,13.44,21.84
2018-09-01,0.77,28.87,16.27,15.87
2018-09-02,4.9,30.77,14.21,11.52
2018-09-03,4.4,20.12,11.91,5.74
2018-09-04,4.08,20.73,10.64,11.63
2018-09-05,1.87,19.36,8.98,17.31
2018-09-06,0.01,22.07,7.38,20.06
2018-09-07,0.0,26.96,9.24,19.74
2018-09-08,0.0,26.69,12.51,18.71
2018-09-09,0.0,26.3,12.93,11.23
2018-09-10,0.01,23.63,13.22,14.89
2018-09-11,0.06,22.35,13.13,11.68
2018-09-12,0.41,21.96,13.51,8.32
2018-09-13,2.7,22.95,13.22,9.08
2018-09-14,4.61,25.06,13.78,5.76
2018-09-15,3.23,25.7,14.23,10.05
2018-09-16,1.59,23.88,12.71,11.94
2018-09-17,6.62,20.52,13.66,7.78
2018-09-18,0.16,28.14,15.13,18.58
2018-09-19,5.53,29.71,16.54,17.37
2018-09-20,7.45,25.57,18.04,8.93
2018-09-21,0.27,28.97,17.38,21.31
2018-09-22,0.0,29.01,16.35,23.65
2018-09-23,0.0,32.49,15.33,24.87
2018-09-24,0.03,33.55,15.95,23.87
2018-09-25,0.01,28.97,15.1,19.45
2018-09-26,1.35,30.76,16.65,12.1
2018-09-27,3.75,29.09,18.45,6.39
2018-09-28,1.08,26.05,16.79,11.7
2018-09-29,0.27,28.58,17.28,14.81
2018-09-30,4.03,27.27,18.07,10.08
2018-10-01,0.99,31.3,17.99,20.7
2018-10-02,1.04,32.39,18.99,11.37
2018-10-03,2.35,31.41,18.51,11.93
2018-10-04,19.5,23.46,14.91,10.23
2018-10-05,0.81,21.68,13.65,6.77
2018-10-06,8.97,19.41,12.99,5.78
2018-10-07,16.47,22.74,13.76,6.89
2018-10-08,10.59,25.47,15.72,6.71
2018-10-09,9.11,28.34,17.45,18.09
2018-10-10,9.51,27.43,18.22,15.87
2018-10-11,4.65,21.25,15.24,5.51
2018-10-12,0.28,25.99,14.84,12.4
2018-10-13,6.01,26.3,18.62,10.03
2018-10-14,13.84,23.71,14.59,7.99
2018-10-15,10.4,22.23,14.58,6.89
2018-10-16,6.42,23.23,14.41,9.41
2018-10-17,22.1,28.86,16.53,14.56
2018-10-18,22.86,25.79,20.39,16.83
2018-10-19,1.86,21.99,15.0,8.75
2018-10-20,0.18,20.36,12.94,19.77
2018-10-21,0.01,21.48,12.23,17.65
2018-10-22,0.0,26.42,12.32,20.81
2018-10-23,3.04,27.55,14.66,19.7
2018-10-24,16.31,18.81,15.47,6.0
2018-10-25,9.05,23.12,15.47,7.46
2018-10-26,15.17,23.64,16.72,11.85
2018-10-27,1.75,27.0,17.96,18.87
2018-10-28,0.65,22.12,13.47,21.96
2018-10-29,0.6,21.58,13.13,19.57
2018-10-30,0.0,26.63,13.2,26.17
2018-10-31,0.66,29.62,15.17,17.2
2018-11-01,6.44,26.39,16.19,10.31
2018-11-02,0.31,25.94,15.68,15.26
2018-11-03,5.44,30.38,15.71,24.15
2018-11-04,2.37,25.1,15.18,13.18
2018-11-05,0.06,23.8,14.55,12.31
2018-11-06,1.89,24.86,14.3,11.81
2018-11-07,2.29,23.6,15.46,12.81
2018-11-08,2.11,20.89,14.86,12.39
2018-11-09,2.41,23.95,15.86,15.72
2018-11-10,0.8,25.2,16.69,11.41
2018-11-11,0.06,28.95,16.43,22.71
2018-11-12,0.03,30.52,17.7,22.44
2018-11-13,0.01,33.42,17.55,24.81
2018-11-14,2.07,32.46,20.88,21.2
2018-11-15,0.5,28.53,17.68,12.81
2018-11-16,0.0,28.96,16.31,22.31
2018-11-17,0.52,26.87,15.72,19.17
2018-11-18,13.12,29.27,16.93,8.88
2018-11-19,4.83,20.12,14.75,10.48
2018-11-20,0.34,22.56,13.41,12.64
2018-11-21,0.44,24.34,12.99,13.4
2018-11-22,0.32,28.99,15.64,15.47
2018-11-23,16.69,29.61,17.78,17.6
2018-11-24,7.18,26.8,19.42,11.07
2018-11-25,1.02,27.25,17.52,15.69
2018-11-26,0.43,25.43,15.76,14.41
2018-11-27,0.37,25.07,15.24,20.11
2018-11-28,0.1,28.18,15.94,15.51
2018-11-29,3.02,30.03,18.06,18.76
2018-11-30,14.24,28.35,19.47,23.76
2018-12-01,23.98,27.57,20.39,18.15
2018-12-02,5.82,25.4,16.44,16.95
2018-12-03,3.39,24.96,14.88,13.92
2018-12-04,0.31,28.57,15.17,26.21
2018-12-05,0.01,29.97,16.85,30.66
2018-12-06,0.41,29.0,15.43,25.35
2018-12-07,4.14,26.14,14.15,11.08
2018-12-08,0.61,22.6,12.84,21.58
2018-12-09,0.01,27.86,11.81,27.91
2018-12-10,0.0,31.82,14.29,29.14
2018-12-11,0.91,32.47,17.12,28.29
2018-12-12,0.08,34.69,17.56,29.64
2018-12-13,0.14,33.96,20.96,28.48
2018-12-14,0.07,31.41,19.53,30.09
2018-12-15,12.65,35.22,21.09,26.36
2018-12-16,3.99,32.79,19.78,27.83
2018-12-17,2.8,34.47,20.48,28.18
2018-12-18,3.47,31.11,22.5,24.38
2018-12-19,9.62,31.25,21.26,22.34
2018-12-20,1.66,30.33,22.48,25.56
2018-12-21,7.05,27.56,21.85,21.73
2018-12-22,10.02,30.57,21.38,22.47
2018-12-23,12.01,28.26,20.13,12.85
2018-12-24,8.28,25.16,18.28,11.05
2018-12-25,1.15,26.59,17.57,19.15
2018-12-26,2.19,28.53,17.92,27.65
2018-12-27,3.79,27.77,18.02,25.01
2018-12-28,5.99,30.52,18.34,25.94
2018-12-29,0.95,30.56,18.69,27.58
2018-12-30,0.01,33.05,19.19,29.46
2018-12-31,2.67,31.94,20.27,23.63
2019-01-01,0.49,32.97,19.39,24.9
2019-01-02,2.03,31.11,20.07,22.02
2019-01-03,2.71,32.01,22.37,25.22
2019-01-04,24.6,29.33,20.38,15.49
2019-01-05,42.19,26.23,19.1,6.83
2019-01-06,7.0,26.84,19.21,12.81
2019-01-07,0.55,29.99,20.34,28.4
2019-01-08,3.54,29.9,21.27,24.99
2019-01-09,1.89,27.83,21.1,28.6
2019-01-10,8.36,29.89,20.98,26.19
2019-01-11,2.88,28.15,21.4,26.18
2019-01-12,7.71,26.6,19.81,22.62
2019-01-13,3.39,28.49,20.34,24.81
2019-01-14,11.86,28.77,21.86,23.26
2019-01-15,2.02,31.05,20.34,27.2
2019-01-16,1.38,29.02,21.23,20.63
2019-01-17,4.12,28.66,21.43,19.72
2019-01-18,4.53,30.13,21.06,18.36
2019-01-19,3.02,30.57,21.5,26.22
2019-01-20,13.51,28.57,18.54,14.97
2019-01-21,2.68,31.9,20.46,26.51
2019-01-22,1.25,31.0,22.3,18.6
2019-01-23,2.52,30.06,21.4,22.36
2019-01-24,13.5,29.33,20.83,21.4
2019-01-25,4.19,28.03,19.42,23.46
2019-01-26,0.21,27.87,19.11,26.98
2019-01-27,3.09,28.95,19.73,22.41
2019-01-28,0.15,32.37,19.37,28.72
2019-01-29,0.0,33.73,20.51,29.75
2019-01-30,1.29,34.62,21.15,28.41
2019-01-31,0.94,34.52,21.23,27.02
2019-02-01,0.21,35.99,22.18,28.86
2019-02-02,4.11,31.87,21.26,28.35
2019-02-03,5.84,28.95,19.02,20.12
2019-02-04,1.13,25.42,17.59,9.1
2019-02-05,1.81,24.9,17.41,10.69
2019-02-06,4.21,25.71,17.19,13.05
2019-02-07,0.79,29.83,16.54,23.21
2019-02-08,0.16,32.25,17.62,26.3
2019-02-09,0.02,33.59,18.36,28.85
2019-02-10,0.36,34.47,18.99,26.49
2019-02-11,7.7,32.72,20.3,20.5
2019-02-12,3.1,28.84,20.25,17.36
2019-02-13,1.25,27.03,17.27,12.26
2019-02-14,0.5,27.54,16.63,14.34
2019-02-15,16.06,25.02,16.06,3.9
2019-02-16,37.37,23.97,18.78,10.62
2019-02-17,12.53,26.85,17.84,18.33
2019-02-18,2.25,27.55,19.05,20.01
2019-02-19,4.99,28.15,18.74,23.51
2019-02-20,1.41,28.42,19.34,18.46
2019-02-21,11.89,24.2,18.88,17.26
2019-02-22,2.06,27.41,20.02,19.53
2019-02-23,2.99,28.8,20.51,22.95
2019-02-24,1.75,30.02,21.23,25.85
2019-02-25,25.66,28.1,21.3,15.33
2019-02-26,15.9,23.58,18.38,10.55
2019-02-27,13.84,24.34,18.04,7.58
2019-02-28,6.19,26.03,18.17,11.78
2019-03-01,0.92,26.52,18.89,10.4
2019-03-02,0.12,28.3,19.06,20.71
2019-03-03,0.45,28.02,18.17,24.38
2019-03-04,2.71,28.3,19.43,22.55
2019-03-05,6.5,28.32,20.64,22.31
2019-03-06,16.42,28.75,20.21,21.53
2019-03-07,20.46,27.08,20.32,17.48
2019-03-08,8.11,27.76,20.37,22.1
2019-03-09,2.42,27.54,20.61,21.43
2019-03-10,2.86,26.98,19.0,13.18
2019-03-11,0.85,25.14,18.13,11.97
2019-03-12,0.63,25.8,18.26,18.08
2019-03-13,8.26,27.92,19.92,19.14
2019-03-14,5.92,27.65,20.54,20.75
2019-03-15,11.71,27.41,20.19,12.35
2019-03-16,7.28,25.81,20.18,10.13
2019-03-17,1.81,27.11,19.92,11.18
2019-03-18,5.92,28.43,20.17,19.73
2019-03-19,0.53,29.08,20.52,18.68
2019-03-20,9.65,26.32,17.93,13.84
2019-03-21,4.91,21.36,16.33,9.31
2019-03-22,7.29,22.62,16.15,9.82
2019-03-23,0.76,26.48,15.95,22.32
2019-03-24,0.0,27.2,17.02,23.41
2019-03-25,0.48,28.32,16.4,23.2
2019-03-26,4.36,26.48,18.6,16.97
2019-03-27,1.64,25.22,18.13,10.02
2019-03-28,3.07,23.25,17.5,10.99
2019-03-29,3.84,24.89,16.99,11.96
2019-03-30,0.19,25.3,15.17,19.14
2019-03-31,0.0,26.43,16.04,21.06
2019-04-01,0.33,25.64,17.62,17.98
2019-04-02,0.19,27.11,15.8,21.96
2019-04-03,0.5,29.53,17.16,16.79
2019-04-04,0.04,30.85,18.62,17.69
2019-04-05,3.54,30.46,21.37,15.11
2019-04-06,25.99,25.6,18.86,7.95
2019-04-07,12.6,26.75,18.49,8.19
2019-04-08,6.71,22.71,16.3,5.81
2019-04-09,0.88,23.09,15.37,6.89
2019-04-10,0.23,23.09,14.39,20.58
2019-04-11,0.15,26.37,14.24,17.31
2019-04-12,0.04,26.91,17.5,19.17
2019-04-13,0.1,27.26,18.12,17.15
2019-04-14,0.18,26.24,19.04,12.36
2019-04-15,0.02,26.81,17.28,17.11
2019-04-16,4.05,27.49,18.36,10.51
2019-04-17,0.38,27.23,16.41,18.94
2019-04-18,0.07,27.08,15.14,20.61
2019-04-19,0.04,28.36,15.71,20.96
2019-04-20,0.15,28.68,14.73,18.36
2019-04-21,2.13,28.79,16.73,8.47
2019-04-22,7.98,26.52,18.19,7.45
2019-04-23,0.85,26.87,18.13,6.52
2019-04-24,0.08,28.24,18.82,12.63
2019-04-25,3.15,28.35,19.14,10.83
2019-04-26,1.3,26.92,18.33,12.21
2019-04-27,4.82,28.13,19.64,15.44
2019-04-28,23.15,26.67,17.73,9.14
2019-04-29,1.29,24.55,16.42,12.63
2019-04-30,0.23,24.74,15.39,14.26
2019-05-01,0.35,24.84,16.06,11.06
2019-05-02,0.03,26.14,15.7,13.81
2019-05-03,0.0,28.75,16.78,15.43
2019-05-04,0.57,28.54,19.19,13.52
2019-05-05,0.07,27.69,19.43,14.68
2019-05-06,6.45,29.27,17.75,16.52
2019-05-07,5.77,23.6,17.11,7.81
2019-05-08,0.47,23.67,16.33,8.5
2019-05-09,0.21,24.05,15.82,10.91
2019-05-10,0.41,27.96,16.06,13.14
2019-05-11,2.09,28.17,18.99,4.44
2019-05-12,1.31,27.17,18.61,8.16
2019-05-13,0.12,25.81,17.9,8.88
2019-05-14,0.3,25.68,15.71,11.28
2019-05-15,3.72,20.73,14.71,8.49
2019-05-16,6.37,21.18,15.6,9.8
2019-05-17,7.74,19.05,15.87,5.72
2019-05-18,5.97,18.98,15.91,5.19
2019-05-19,1.05,23.77,16.51,10.34
2019-05-20,0.14,24.65,14.82,12.4
2019-05-21,0.04,25.73,15.02,13.45
2019-05-22,0.16,25.8,14.0,14.73
2019-05-23,27.24,22.34,15.99,3.81
2019-05-24,9.97,21.97,13.67,6.11
2019-05-25,0.05,19.85,10.69,15.57
2019-05-26,0.02,21.24,10.27,14.98
2019-05-27,0.01,24.49,10.86,15.83
2019-05-28,1.15,25.58,13.53,6.0
2019-05-29,40.16,21.46,16.79,5.41
2019-05-30,17.8,24.5,16.46,4.66
2019-05-31,22.94,24.81,17.65,4.93
2019-06-01,36.75,19.14,16.13,4.85
2019-06-02,16.57,21.05,16.02,3.48
2019-06-03,8.6,21.45,15.83,11.85
2019-06-04,0.17,17.68,9.98,14.37
2019-06-05,0.11,18.04,9.55,9.51
2019-06-06,0.05,19.94,12.33,12.64
2019-06-07,0.01,21.42,11.78,15.23
2019-06-08,0.0,21.45,9.88,15.08
2019-06-09,0.0,20.29,11.17,14.57
2019-06-10,0.0,21.19,13.43,14.15
2019-06-11,0.0,22.5,13.27,14.23
2019-06-12,0.0,23.18,12.74,13.82
2019-06-13,0.0,24.05,12.79,13.37
2019-06-14,0.0,24.81,13.9,13.57
2019-06-15,0.01,23.96,15.18,13.69
2019-06-16,0.0,23.78,15.55,13.94
2019-06-17,0.32,22.01,13.4,11.67
2019-06-18,0.16,22.45,14.51,7.31
2019-06-19,0.0,23.46,11.81,14.61
2019-06-20,0.16,23.08,13.63,9.25
2019-06-21,0.02,21.1,12.41,7.17
2019-06-22,0.0,22.94,12.89,12.77
2019-06-23,0.0,23.05,12.75,14.18
2019-06-24,0.0,23.31,12.5,14.68
2019-06-25,0.0,23.82,11.92,14.4
2019-06-26,1.29,24.39,14.11,7.33
2019-06-27,3.4,22.23,15.0,6.13
2019-06-28,0.14,24.52,15.22,9.69
2019-06-29,0.01,25.5,15.62,14.42
2019-06-30,0.0,25.33,14.37,14.92
2019-07-01,0.08,25.53,14.43,14.14
2019-07-02,0.12,25.22,15.87,11.69
2019-07-03,13.08,24.84,15.28,8.56
2019-07-04,17.0,17.02,11.14,3.34
2019-07-05,5.89,15.44,7.26,6.29
2019-07-06,0.0,13.63,1.54,16.33
2019-07-07,0.0,13.82,1.92,13.99
2019-07-08,0.0,16.9,4.99,14.86
2019-07-09,0.01,19.75,8.87,15.82
2019-07-10,0.03,20.85,9.14,15.28
2019-07-11,0.0,21.65,7.44,15.53
2019-07-12,0.0,21.9,10.21,15.37
2019-07-13,0.05,23.16,10.6,15.27
2019-07-14,0.03,24.24,11.49,14.84
2019-07-15,4.08,22.2,12.65,3.45
2019-07-16,0.06,17.43,6.72,14.26
2019-07-17,0.06,15.75,6.34,8.2
2019-07-18,0.23,18.12,11.32,10.94
2019-07-19,0.06,21.03,13.24,13.99
2019-07-20,0.0,22.31,11.05,14.42
2019-07-21,0.0,21.57,11.24,14.05
2019-07-22,0.0,22.23,12.53,14.33
2019-07-23,0.0,24.43,12.88,16.3
2019-07-24,0.0,24.85,12.01,16.32
2019-07-25,0.03,22.43,13.63,8.48
2019-07-26,0.0,24.96,14.76,12.74
2019-07-27,0.24,25.88,14.55,14.48
2019-07-28,0.17,20.69,12.07,7.91
2019-07-29,0.03,22.72,12.06,9.74
2019-07-30,2.19,24.13,12.75,11.75
2019-07-31,0.19,24.06,11.13,16.44
2019-08-01,0.01,25.66,12.18,17.46
2019-08-02,2.36,26.66,9.85,13.12
2019-08-03,0.3,17.06,7.42,12.38
2019-08-04,0.03,14.04,6.63,5.71
2019-08-05,0.07,15.25,6.58,6.63
2019-08-06,0.12,23.5,11.74,14.17
2019-08-07,0.06,25.43,12.72,16.34
2019-08-08,0.11,27.47,14.67,17.36
2019-08-09,0.01,28.06,13.75,17.28
2019-08-10,0.05,28.56,15.68,18.03
2019-08-11,0.2,25.2,15.16,7.88
2019-08-12,0.02,29.36,13.11,18.12
2019-08-13,0.77,20.38,11.19,5.43
2019-08-14,0.45,15.33,8.37,5.68
2019-08-15,0.1,20.41,8.58,13.67
2019-08-16,0.05,25.6,10.35,18.44
2019-08-17,0.0,27.08,9.84,18.87
2019-08-18,5.03,28.29,13.89,15.85
2019-08-19,7.79,15.27,10.28,4.84
2019-08-20,2.07,18.09,10.06,4.9
2019-08-21,0.14,21.24,10.88,8.37
2019-08-22,0.48,18.2,10.88,6.57
2019-08-23,3.3,22.0,10.92,14.4
2019-08-24,0.06,19.13,10.54,10.36
2019-08-25,0.04,19.99,10.18,15.56
2019-08-26,0.07,24.4,11.44,13.77
2019-08-27,0.03,24.84,12.75,14.08
2019-08-28,0.02,23.47,14.14,11.86
2019-08-29,0.03,27.23,12.77,17.95
2019-08-30,0.0,29.81,13.1,20.81
2019-08-31,6.9,32.04,18.07,17.84
2019-09-01,39.45,21.38,11.7,2.66
2019-09-02,8.37,20.19,11.32,3.84
2019-09-03,2.03,19.83,12.85,5.98
2019-09-04,0.76,20.73,13.19,6.24
2019-09-05,2.53,14.13,10.11,5.93
2019-09-06,2.38,18.02,10.26,8.53
2019-09-07,0.17,28.41,12.79,18.22
2019-09-08,0.0,30.38,15.12,20.45
2019-09-09,0.01,30.64,16.91,21.54
2019-09-10,0.0,32.17,16.8,21.27
2019-09-11,0.0,33.0,17.41,18.28
2019-09-12,0.22,34.44,19.3,20.48
2019-09-13,0.54,24.85,14.67,7.11
2019-09-14,0.25,26.16,14.29,10.81
2019-09-15,0.07,32.13,15.33,18.86
2019-09-16,0.0,34.54,17.0,20.62
2019-09-17,0.02,35.49,18.63,20.46
2019-09-18,2.82,34.04,17.33,16.95
2019-09-19,5.18,30.02,15.78,6.72
2019-09-20,28.02,25.95,12.88,5.99
2019-09-21,0.87,20.28,12.33,3.43
2019-09-22,0.88,19.09,11.38,4.83
2019-09-23,0.16,18.03,10.34,13.01
2019-09-24,0.98,20.06,11.98,9.46
2019-09-25,0.48,21.52,13.55,8.56
2019-09-26,0.09,24.84,13.39,15.2
2019-09-27,0.02,23.74,13.07,19.16
2019-09-28,0.08,22.25,12.59,17.26
2019-09-29,0.03,26.25,11.11,24.38
2019-09-30,0.04,26.59,14.16,22.74
2019-10-01,0.0,31.52,13.98,25.85
2019-10-02,0.01,35.29,14.4,23.77
2019-10-03,0.02,28.72,16.49,20.34
2019-10-04,0.02,30.75,15.65,23.76
2019-10-05,0.32,35.06,16.06,25.97
2019-10-06,3.38,25.8,14.45,9.46
2019-10-07,7.78,21.01,14.01,3.29
2019-10-08,0.09,26.18,15.03,10.11
2019-10-09,0.02,26.73,15.39,18.25
2019-10-10,0.01,27.7,14.27,21.57
2019-10-11,0.0,32.75,15.41,23.75
2019-10-12,0.01,35.29,17.06,25.79
2019-10-13,0.17,36.31,18.47,25.01
2019-10-14,2.62,31.61,17.64,24.38
2019-10-15,8.62,24.13,15.06,10.78
2019-10-16,0.69,27.29,14.91,14.35
2019-10-17,0.16,30.64,17.63,14.94
2019-10-18,2.27,33.39,18.02,19.54
2019-10-19,1.67,28.79,16.13,15.47
2019-10-20,0.86,24.38,13.64,11.37
2019-10-21,5.15,22.14,12.54,6.75
2019-10-22,0.68,27.64,14.9,17.92
2019-10-23,0.26,27.48,15.13,14.99
2019-10-24,0.02,31.59,15.11,25.16
2019-10-25,0.33,31.98,16.91,25.59
2019-10-26,0.24,30.38,17.34,22.47
2019-10-27,5.82,35.16,18.04,27.17
2019-10-28,2.99,33.11,18.86,20.04
2019-10-29,0.05,35.01,19.56,23.47
2019-10-30,0.37,36.4,20.43,27.09
2019-10-31,0.07,34.54,17.44,15.34
2019-11-01,0.51,30.49,18.28,13.84
2019-11-02,0.21,32.12,18.8,20.71
2019-11-03,0.9,36.91,18.84,25.43
2019-11-04,0.35,35.9,19.87,22.34
2019-11-05,17.08,36.77,18.06,15.95
2019-11-06,3.82,25.65,16.41,10.45
2019-11-07,0.36,30.76,16.01,10.0
2019-11-08,6.57,25.74,17.6,12.83
2019-11-09,14.37,26.7,18.29,15.57
2019-11-10,21.01,24.89,19.19,5.17
2019-11-11,8.48,22.98,16.65,12.97
2019-11-12,1.69,24.78,16.39,15.68
2019-11-13,43.07,22.98,16.44,13.36
2019-11-14,26.92,25.1,17.33,11.39
2019-11-15,0.34,26.81,16.62,22.99
2019-11-16,0.02,24.55,15.46,24.74
2019-11-17,0.0,24.32,14.27,26.07
2019-11-18,0.01,25.29,13.58,15.88
2019-11-19,0.19,26.76,15.66,13.75
2019-11-20,0.51,27.45,16.48,21.1
2019-11-21,0.25,28.77,16.98,21.02
2019-11-22,1.99,29.54,17.56,23.28
2019-11-23,7.23,30.12,16.19,16.45
2019-11-24,0.92,20.73,13.74,12.15
2019-11-25,0.01,26.14,11.9,23.86
2019-11-26,33.37,28.42,13.25,16.44
2019-11-27,6.82,27.59,16.06,5.17
2019-11-28,10.12,21.05,14.98,10.38
2019-11-29,0.02,24.96,13.41,27.67
2019-11-30,0.02,29.05,14.55,28.53
2019-12-01,4.4,30.67,15.41,24.18
2019-12-02,1.24,24.42,14.92,9.77
2019-12-03,0.4,24.75,13.82,17.34
2019-12-04,1.67,27.66,15.19,13.52
2019-12-05,12.69,28.06,18.3,7.71
2019-12-06,1.03,27.73,16.65,11.81
2019-12-07,0.29,26.67,15.48,27.62
2019-12-08,0.02,27.63,14.5,28.69
2019-12-09,3.67,22.91,15.66,10.78
2019-12-10,1.71,28.67,16.56,10.26
2019-12-11,8.2,25.38,19.06,8.77
2019-12-12,0.53,30.91,18.27,25.62
2019-12-13,0.41,28.9,18.35,14.42
2019-12-14,2.8,28.65,17.92,12.17
2019-12-15,5.25,26.51,18.67,13.2
2019-12-16,10.97,29.67,18.59,9.64
2019-12-17,26.0,25.31,18.32,9.71
2019-12-18,3.9,22.82,16.49,9.71
2019-12-19,0.33,26.04,16.18,14.35
2019-12-20,6.24,24.91,17.84,16.7
2019-12-21,1.65,29.17,19.13,20.86
2019-12-22,0.59,28.33,20.0,20.47
2019-12-23,2.11,26.22,18.59,18.5
2019-12-24,0.74,28.71,17.86,22.45
2019-12-25,0.02,31.69,16.91,30.28
2019-12-26,0.0,30.84,18.51,30.18
2019-12-27,0.0,30.25,18.48,26.36
2019-12-28,0.01,33.07,18.32,24.94
2019-12-29,0.01,32.5,18.85,26.86
2019-12-30,0.01,32.14,19.11,24.81
2019-12-31,0.01,34.28,19.13,28.41
2020-01-01,7.21,34.5,21.33,20.97
2020-01-02,13.76,32.03,19.24,12.36
2020-01-03,5.98,26.32,17.61,15.06
2020-01-04,9.07,27.64,17.58,17.5
2020-01-05,2.98,28.69,17.9,14.95
2020-01-06,0.0,31.79,18.46,27.77
2020-01-07,3.85,32.68,20.32,18.02
2020-01-08,9.41,30.75,21.0,16.43
2020-01-09,4.49,29.63,21.58,16.47
2020-01-10,8.35,31.02,21.98,18.27
2020-01-11,4.22,30.64,22.33,17.25
2020-01-12,6.33,29.52,19.98,9.45
2020-01-13,5.59,27.46,17.67,17.42
2020-01-14,2.0,27.14,16.39,22.0
2020-01-15,1.17,32.57,18.6,25.24
2020-01-16,19.83,32.26,19.25,17.38
2020-01-17,2.01,23.56,16.28,10.13
2020-01-18,0.39,25.1,15.42,10.83
2020-01-19,0.55,27.32,15.55,13.01
2020-01-20,0.23,29.24,17.67,21.24
2020-01-21,0.01,28.08,17.48,22.56
2020-01-22,3.34,24.11,17.34,8.41
2020-01-23,3.93,24.26,17.27,10.43
2020-01-24,0.91,27.88,17.28,18.32
2020-01-25,0.03,30.16,16.27,26.74
2020-01-26,0.0,32.33,16.63,29.9
2020-01-27,0.58,35.01,18.11,28.08
2020-01-28,0.21,33.32,19.98,27.21
2020-01-29,1.92,34.26,19.3,24.07
2020-01-30,6.15,32.73,20.98,16.27
2020-01-31,2.78,32.72,21.49,16.99
2020-02-01,3.88,31.84,19.47,13.53
2020-02-02,25.03,27.82,19.22,5.85
2020-02-03,4.89,27.21,19.05,8.97
2020-02-04,4.49,26.88,18.97,11.65
2020-02-05,2.62,28.46,19.38,17.47
2020-02-06,3.13,29.16,19.87,18.37
2020-02-07,6.12,27.37,19.85,16.08
2020-02-08,3.71,30.26,20.18,22.22
2020-02-09,5.9,31.46,20.66,24.33
2020-02-10,12.97,23.18,16.83,10.36
2020-02-11,0.6,24.7,16.37,12.87
2020-02-12,0.33,25.59,15.91,18.74
2020-02-13,0.68,27.2,16.1,18.81
2020-02-14,0.17,29.73,16.5,23.43
2020-02-15,0.0,32.93,17.92,23.82
2020-02-16,0.0,34.08,20.03,24.83
2020-02-17,2.03,33.33,19.93,24.63
2020-02-18,2.83,34.09,21.17,22.64
2020-02-19,14.03,29.83,22.91,8.63
2020-02-20,10.41,30.54,21.82,18.85
2020-02-21,9.76,28.61,19.25,19.86
2020-02-22,4.99,24.07,15.47,7.12
2020-02-23,0.14,24.17,14.51,19.69
2020-02-24,0.91,28.23,15.49,13.29
2020-02-25,5.64,30.65,18.16,13.53
2020-02-26,11.34,28.86,16.53,7.01
2020-02-27,0.36,24.4,15.04,14.47
2020-02-28,0.03,25.61,14.16,15.12
2020-02-29,0.53,25.08,15.82,11.03
2020-03-01,2.95,24.35,15.9,12.09
2020-03-02,1.88,24.87,16.42,12.41
2020-03-03,1.19,23.21,16.97,14.86
2020-03-04,0.76,28.21,15.96,24.13
2020-03-05,1.94,26.97,15.98,20.58
2020-03-06,0.09,26.7,14.66,23.46
2020-03-07,0.32,27.59,15.92,21.47
2020-03-08,0.43,27.55,16.09,22.74
2020-03-09,0.43,30.14,16.34,22.31
2020-03-10,0.0,30.81,17.31,24.47
2020-03-11,0.03,30.75,18.15,23.89
2020-03-12,0.09,31.55,17.79,24.52
2020-03-13,0.06,32.21,17.2,25.79
2020-03-14,0.0,33.11,18.5,21.85
2020-03-15,0.79,34.84,19.17,23.59
2020-03-16,8.65,33.48,20.5,21.29
2020-03-17,5.66,31.36,19.93,19.71
2020-03-18,6.4,31.25,18.49,18.89
2020-03-19,16.93,31.49,20.47,18.42
2020-03-20,6.37,28.9,19.21,13.46
2020-03-21,0.53,26.24,17.63,10.17
2020-03-22,0.11,25.91,16.6,22.5
2020-03-23,0.44,25.06,15.67,22.15
2020-03-24,0.78,25.42,16.03,21.87
2020-03-25,0.14,26.21,15.63,22.23
2020-03-26,0.01,26.95,14.11,24.25
2020-03-27,0.1,26.6,16.47,20.59
2020-03-28,0.04,27.66,17.35,16.69
2020-03-29,4.13,29.46,18.69,11.96
2020-03-30,0.37,29.71,18.43,19.1
2020-03-31,0.04,30.87,17.93,21.83
2020-04-01,0.01,28.99,18.85,18.41
2020-04-02,0.01,31.92,18.77,18.88
2020-04-03,0.01,30.56,15.55,22.44
2020-04-04,0.01,28.93,13.94,22.96
2020-04-05,0.0,29.9,15.4,21.45
2020-04-06,10.6,33.61,16.1,19.42
2020-04-07,5.62,23.7,17.18,11.01
2020-04-08,0.59,26.4,14.82,14.34
2020-04-09,0.28,25.26,13.15,18.68
2020-04-10,0.07,26.03,13.15,16.28
2020-04-11,0.08,23.2,13.99,10.71
2020-04-12,0.01,25.16,14.12,18.18
2020-04-13,3.56,26.72,14.27,20.88
2020-04-14,6.25,23.6,14.63,11.91
2020-04-15,0.32,25.25,12.15,21.55
2020-04-16,0.06,26.52,7.95,21.88
2020-04-17,0.13,24.22,9.54,19.25
2020-04-18,0.41,23.67,12.78,11.24
2020-04-19,0.54,24.65,14.63,13.28
2020-04-20,0.14,25.65,15.05,17.55
2020-04-21,0.03,27.36,14.62,19.5
2020-04-22,0.0,26.72,14.73,19.85
2020-04-23,0.13,25.62,13.87,18.14
2020-04-24,0.17,27.64,14.93,16.33
2020-04-25,0.01,30.87,15.9,18.51
2020-04-26,0.0,29.18,15.97,18.79
2020-04-27,0.17,25.87,15.89,7.81
2020-04-28,0.1,26.54,16.21,16.91
2020-04-29,0.01,30.0,15.47,18.19
2020-04-30,0.03,29.39,16.68,17.93
2020-05-01,1.62,28.75,16.57,13.99
2020-05-02,0.16,28.25,15.53,15.18
2020-05-03,0.03,23.18,13.79,15.22
2020-05-04,0.01,25.62,12.88,16.98
2020-05-05,0.0,27.63,10.71,15.49
2020-05-06,3.17,24.1,14.18,3.63
2020-05-07,0.09,21.45,10.64,11.69
2020-05-08,0.14,22.05,9.85,13.87
2020-05-09,0.02,24.88,10.89,17.41
2020-05-10,0.02,27.04,11.64,17.95
2020-05-11,0.02,28.05,11.88,17.79
2020-05-12,0.0,28.46,13.3,13.96
2020-05-13,1.63,25.04,12.99,6.82
2020-05-14,2.77,20.77,13.68,6.29
2020-05-15,0.14,21.11,12.17,6.58
2020-05-16,0.02,26.31,11.32,15.9
2020-05-17,0.03,27.65,11.61,16.95
2020-05-18,0.01,26.77,11.15,17.34
2020-05-19,0.01,25.35,12.85,12.32
2020-05-20,0.01,26.59,15.39,14.73
2020-05-21,0.0,28.22,15.25,14.84
2020-05-22,24.37,28.34,14.81,7.76
2020-05-23,1.37,21.4,13.33,8.03
2020-05-24,0.03,21.33,9.97,13.91
2020-05-25,0.06,21.59,9.07,16.08
2020-05-26,0.0,21.95,6.86,15.42
2020-05-27,0.0,22.64,6.03,17.12
2020-05-28,0.0,22.58,8.25,16.48
2020-05-29,0.04,26.14,9.42,16.42
2020-05-30,0.02,26.19,8.38,16.3
2020-05-31,0.02,26.12,9.28,16.33
2020-06-01,3.44,26.63,12.76,13.6
2020-06-02,21.65,18.55,12.41,3.2
2020-06-03,3.54,17.62,12.46,3.24
2020-06-04,9.33,20.23,13.31,4.5
2020-06-05,10.64,19.3,15.14,5.28
2020-06-06,8.45,22.37,14.89,5.05
2020-06-07,0.06,22.41,10.01,15.52
2020-06-08,0.72,25.8,10.57,13.07
2020-06-09,4.66,25.85,16.83,8.12
2020-06-10,2.38,26.99,17.05,5.9
2020-06-11,0.33,27.66,17.23,11.0
2020-06-12,0.06,27.96,15.09,13.77
2020-06-13,0.24,28.27,16.69,14.47
2020-06-14,1.13,17.8,12.02,3.92
2020-06-15,1.39,19.96,11.92,7.3
2020-06-16,0.44,23.09,13.67,8.86
2020-06-17,0.3,24.12,15.08,9.73
2020-06-18,0.04,24.53,13.54,13.06
2020-06-19,0.01,26.59,14.24,15.04
2020-06-20,0.02,27.35,13.87,15.34
2020-06-21,0.05,27.58,12.7,14.59
2020-06-22,0.15,27.76,14.66,14.77
2020-06-23,0.0,25.93,13.23,12.12
2020-06-24,0.08,26.59,11.65,14.37
2020-06-25,15.22,26.28,13.92,11.92
2020-06-26,8.07,17.88,12.1,4.6
2020-06-27,52.56,15.4,7.98,2.9
2020-06-28,0.93,16.57,10.26,7.15
2020-06-29,0.3,18.94,10.83,8.85
2020-06-30,20.42,22.65,13.02,12.37
2020-07-01,6.32,18.2,9.05,15.99
2020-07-02,0.08,17.42,5.69,15.16
2020-07-03,0.04,17.52,7.08,13.11
2020-07-04,0.01,20.76,9.29,15.38
2020-07-05,0.0,24.33,9.04,9.95
2020-07-06,0.39,24.26,13.08,8.65
2020-07-07,0.19,26.12,14.37,10.32
2020-07-08,2.42,25.19,15.02,12.68
2020-07-09,0.38,20.46,10.68,16.17
2020-07-10,0.13,21.39,7.52,14.09
2020-07-11,0.07,25.81,10.21,14.15
2020-07-12,0.0,26.28,13.22,15.44
2020-07-13,0.96,27.02,13.79,14.2
2020-07-14,0.95,20.55,11.63,6.41
2020-07-15,0.02,18.88,11.12,7.39
2020-07-16,0.05,21.63,10.82,6.12
2020-07-17,0.06,24.78,11.31,9.19
2020-07-18,0.03,25.42,14.24,12.25
2020-07-19,0.02,25.64,14.3,15.06
2020-07-20,0.02,25.64,10.65,16.29
2020-07-21,0.01,26.98,11.39,16.26
2020-07-22,0.01,27.34,12.88,16.89
2020-07-23,0.02,26.8,14.39,16.56
2020-07-24,0.02,27.06,12.49,15.67
2020-07-25,0.17,26.94,12.84,16.11
2020-07-26,0.81,19.36,12.28,6.47
2020-07-27,0.36,26.57,11.91,13.47
2020-07-28,0.48,28.41,13.61,15.73
2020-07-29,17.4,14.12,8.86,4.83
2020-07-30,0.68,15.55,8.79,7.61
2020-07-31,0.53,19.22,11.7,9.36
2020-08-01,0.18,22.16,11.91,13.14
2020-08-02,0.04,22.29,11.54,15.37
2020-08-03,0.04,24.02,11.24,16.6
2020-08-04,0.03,23.87,12.83,16.88
2020-08-05,0.04,24.21,13.02,17.18
2020-08-06,0.03,24.63,12.5,17.96
2020-08-07,0.09,25.86,12.44,18.08
2020-08-08,0.27,25.15,12.59,16.98
2020-08-09,0.41,26.32,13.43,16.76
2020-08-10,0.01,27.41,12.71,17.62
2020-08-11,0.03,28.89,12.54,18.35
2020-08-12,0.29,28.08,13.4,13.48
2020-08-13,5.39,29.54,14.11,8.99
2020-08-14,7.14,26.53,16.85,11.29
2020-08-15,19.05,24.51,15.99,3.89
2020-08-16,29.99,18.31,15.29,4.88
2020-08-17,2.74,22.55,14.65,4.31
2020-08-18,36.43,20.93,15.5,4.37
2020-08-19,11.45,21.54,16.14,4.57
2020-08-20,20.7,15.54,11.15,1.76
2020-08-21,4.56,10.76,5.58,4.71
2020-08-22,0.13,14.8,3.74,9.03
2020-08-23,0.18,17.81,9.73,13.65
2020-08-24,0.15,18.96,9.9,14.18
2020-08-25,0.15,20.1,9.4,16.03
2020-08-26,0.13,21.67,9.36,21.19
2020-08-27,0.05,23.43,8.84,21.08
2020-08-28,0.03,25.99,11.11,20.81
2020-08-29,0.04,27.18,11.69,20.77
2020-08-30,0.15,28.58,14.47,21.5
2020-08-31,0.47,23.89,13.84,8.51
2020-09-01,0.95,22.63,14.57,5.07
2020-09-02,0.4,23.72,14.19,8.43
2020-09-03,0.05,28.19,13.89,21.36
2020-09-04,0.21,29.65,15.04,17.58
2020-09-05,0.1,27.61,15.03,18.7
2020-09-06,0.04,30.51,14.75,21.34
2020-09-07,0.1,28.08,15.78,13.58
2020-09-08,0.14,27.98,16.02,9.85
2020-09-09,0.02,27.16,16.35,14.43
2020-09-10,0.0,31.6,15.12,19.85
2020-09-11,0.0,31.83,16.68,16.84
2020-09-12,0.0,34.07,17.66,20.51
2020-09-13,0.0,33.44,16.06,18.5
2020-09-14,0.18,31.75,16.36,18.85
2020-09-15,0.2,21.27,12.72,9.49
2020-09-16,0.05,31.0,13.12,16.29
2020-09-17,0.59,31.61,16.71,16.36
2020-09-18,0.4,30.51,16.94,8.5
2020-09-19,0.08,32.13,16.93,20.27
2020-09-20,0.27,23.09,12.71,6.99
2020-09-21,0.5,20.01,12.05,6.74
2020-09-22,0.16,17.53,11.37,7.88
2020-09-23,0.13,24.05,11.86,10.12
2020-09-24,0.04,28.71,13.78,20.17
2020-09-25,0.0,30.77,14.63,22.38
2020-09-26,0.0,33.67,14.84,24.81
2020-09-27,6.77,35.33,16.8,21.29
2020-09-28,4.16,31.4,18.84,10.98
2020-09-29,0.32,28.46,17.31,11.03
2020-09-30,0.07,36.47,15.54,23.83
2020-10-01,0.04,36.49,18.24,23.0
2020-10-02,0.01,38.47,20.84,23.2
2020-10-03,0.87,27.93,15.52,9.25
2020-10-04,1.03,25.83,15.04,11.44
2020-10-05,0.25,35.38,16.26,18.55
2020-10-06,0.19,37.19,19.01,19.01
2020-10-07,0.67,34.4,18.18,11.09
2020-10-08,12.13,35.29,16.93,9.57
2020-10-09,17.16,26.28,15.39,2.55
2020-10-10,0.06,25.96,13.58,26.87
2020-10-11,0.28,24.78,13.69,18.15
2020-10-12,0.2,28.59,12.0,26.88
2020-10-13,0.33,32.84,13.93,23.38
2020-10-14,2.55,34.03,15.81,19.45
2020-10-15,11.17,20.84,14.75,5.38
2020-10-16,0.36,23.61,14.3,12.57
2020-10-17,0.43,24.2,12.48,18.42
2020-10-18,0.69,23.98,14.07,10.49
2020-10-19,1.84,27.59,16.22,13.08
2020-10-20,4.03,29.94,16.81,21.92
2020-10-21,0.95,28.29,16.97,11.97
2020-10-22,0.89,26.75,16.37,17.18
2020-10-23,0.32,27.57,15.84,18.61
2020-10-24,9.8,25.89,16.97,13.84
2020-10-25,4.02,28.43,17.18,17.76
2020-10-26,0.81,29.14,16.56,18.87
2020-10-27,0.08,31.32,17.51,25.05
2020-10-28,0.01,33.12,13.99,30.74
2020-10-29,3.74,32.35,15.26,21.53
2020-10-30,13.83,19.47,14.25,6.16
2020-10-31,0.73,21.34,13.7,8.1
2020-11-01,0.75,22.35,12.93,15.46
2020-11-02,0.03,23.52,12.1,19.07
2020-11-03,0.78,24.58,11.36,25.74
2020-11-04,4.63,23.3,10.48,19.89
2020-11-05,1.31,24.31,11.65,19.83
2020-11-06,0.02,26.16,12.51,26.67
2020-11-07,0.0,29.86,11.38,30.61
2020-11-08,0.0,32.22,12.89,28.39
2020-11-09,8.95,26.02,15.32,17.08
2020-11-10,2.98,28.2,15.64,16.97
2020-11-11,20.89,27.77,17.7,10.47
2020-11-12,1.63,28.88,17.4,14.58
2020-11-13,3.34,27.31,18.25,21.34
2020-11-14,2.13,30.76,18.02,22.57
2020-11-15,3.07,33.04,17.9,26.56
2020-11-16,1.18,32.77,18.69,27.41
2020-11-17,2.52,28.52,15.71,11.62
2020-11-18,10.01,23.06,14.72,6.3
2020-11-19,3.35,21.23,14.12,12.21
2020-11-20,0.72,25.01,13.07,19.97
2020-11-21,0.27,25.66,14.04,24.38
2020-11-22,0.53,27.6,14.13,25.95
2020-11-23,0.49,27.51,15.19,26.9
2020-11-24,0.01,29.56,14.42,19.68
2020-11-25,0.01,33.86,17.44,29.21
2020-11-26,1.29,34.94,17.77,28.83
2020-11-27,7.58,27.61,19.67,17.0
2020-11-28,0.54,31.15,18.83,20.95
2020-11-29,2.35,34.83,18.2,27.44
2020-11-30,4.04,33.85,19.87,13.92
2020-12-01,1.94,29.86,18.83,11.98
2020-12-02,1.48,31.27,17.62,20.59
2020-12-03,2.72,32.03,19.69,15.47
2020-12-04,7.85,30.24,17.17,18.67
2020-12-05,6.03,27.28,16.4,7.3
2020-12-06,4.88,25.19,16.09,6.21
2020-12-07,1.96,23.23,17.47,11.16
2020-12-08,1.18,31.33,16.87,21.34
2020-12-09,0.78,31.73,17.89,26.36
2020-12-10,0.84,30.21,18.1,24.36
2020-12-11,1.02,31.04,17.39,23.66
2020-12-12,0.06,29.82,18.26,20.63
2020-12-13,11.57,30.88,19.01,17.13
2020-12-14,4.09,31.04,20.13,23.99
2020-12-15,3.6,31.44,20.28,21.2
2020-12-16,1.89,33.23,20.39,21.47
2020-12-17,16.63,28.85,19.4,13.08
2020-12-18,3.86,28.68,18.63,18.21
2020-12-19,3.38,32.59,19.2,25.48
2020-12-20,3.62,33.79,20.9,25.15
2020-12-21,6.27,31.57,19.48,20.49
2020-12-22,1.01,27.98,17.71,8.82
2020-12-23,0.26,27.7,17.08,11.52
2020-12-24,0.03,28.26,17.36,23.1
2020-12-25,0.21,27.33,15.81,20.35
2020-12-26,0.41,27.59,16.29,23.53
2020-12-27,1.21,29.92,18.09,18.28
2020-12-28,7.45,32.02,19.05,17.62
2020-12-29,3.85,32.08,20.0,21.4
2020-12-30,1.77,33.9,19.8,21.17
2020-12-31,9.22,32.37,20.34,12.01
2021-01-01,5.74,28.89,18.58,16.72
2021-01-02,2.55,24.53,17.27,12.16
2021-01-03,1.19,27.38,16.1,18.74
2021-01-04,0.68,30.16,15.94,21.26
2021-01-05,6.12,32.35,17.74,23.23
2021-01-06,4.08,30.41,20.04,20.64
2021-01-07,4.25,34.19,20.81,20.97
2021-01-08,8.55,32.77,19.68,17.18
2021-01-09,1.25,25.59,19.67,10.93
2021-01-10,1.74,31.55,19.03,15.13
2021-01-11,0.95,31.92,20.25,17.52
2021-01-12,0.4,33.74,20.68,20.78
2021-01-13,5.63,30.51,20.1,13.68
2021-01-14,5.51,29.12,19.98,13.78
2021-01-15,3.31,30.1,19.79,15.41
2021-01-16,11.39,30.38,19.61,14.97
2021-01-17,8.21,30.0,20.37,14.73
2021-01-18,8.87,30.37,19.81,12.16
2021-01-19,16.67,25.91,18.47,9.82
2021-01-20,6.64,23.96,19.2,11.43
2021-01-21,3.32,27.71,19.62,18.1
2021-01-22,2.04,25.75,19.93,15.61
2021-01-23,3.67,27.18,19.27,14.85
2021-01-24,1.64,25.23,19.02,8.81
2021-01-25,2.32,26.78,19.04,14.08
2021-01-26,4.5,27.63,19.38,14.28
2021-01-27,5.78,30.22,19.71,22.66
2021-01-28,6.8,29.9,19.93,19.8
2021-01-29,2.82,28.69,20.16,16.25
2021-01-30,10.18,29.19,20.26,14.65
2021-01-31,1.93,30.4,20.06,19.98
2021-02-01,1.42,30.71,19.73,19.17
2021-02-02,2.44,32.65,19.69,20.66
2021-02-03,0.47,33.14,21.31,25.21
2021-02-04,2.86,33.5,22.04,20.61
2021-02-05,0.75,31.83,19.27,26.25
2021-02-06,0.98,29.98,18.13,23.98
2021-02-07,0.01,28.68,16.56,27.35
2021-02-08,0.01,28.75,16.35,25.71
2021-02-09,0.02,29.52,16.43,25.04
2021-02-10,0.14,29.38,17.07,21.92
2021-02-11,10.21,23.73,18.33,7.69
2021-02-12,2.97,28.17,17.96,14.07
2021-02-13,7.9,28.95,19.67,17.13
2021-02-14,2.7,28.85,18.95,16.95
2021-02-15,3.42,30.43,18.91,24.75
2021-02-16,2.06,31.83,18.4,24.24
2021-02-17,0.69,32.09,19.44,23.6
2021-02-18,0.43,32.91,18.96,23.69
2021-02-19,1.07,30.73,19.02,25.13
2021-02-20,0.66,29.99,19.01,24.16
2021-02-21,0.02,30.61,19.15,22.18
2021-02-22,0.0,31.87,17.66,25.55
2021-02-23,0.33,35.67,17.75,28.08
2021-02-24,7.42,31.79,18.83,14.72
2021-02-25,5.45,28.61,18.21,14.9
2021-02-26,5.68,27.28,17.42,14.91
2021-02-27,9.75,27.18,18.91,14.24
2021-02-28,21.95,25.3,18.61,12.38
2021-03-01,12.35,24.51,18.39,12.77
2021-03-02,9.93,27.17,18.64,14.45
2021-03-03,11.57,25.62,16.96,9.1
2021-03-04,8.65,26.67,19.24,14.19
2021-03-05,2.93,25.23,19.6,15.17
2021-03-06,10.08,27.11,18.94,13.02
2021-03-07,5.21,23.73,18.29,13.21
2021-03-08,0.56,28.09,17.89,19.6
2021-03-09,2.5,28.24,18.1,17.08
2021-03-10,1.01,27.41,17.36,22.51
2021-03-11,0.86,29.26,16.33,19.79
2021-03-12,1.18,30.51,18.67,20.97
2021-03-13,0.38,30.64,19.07,20.45
2021-03-14,4.36,31.41,19.16,24.26
2021-03-15,2.65,30.13,19.48,20.16
2021-03-16,1.89,30.83,19.36,22.29
2021-03-17,3.83,30.99,19.03,17.32
2021-03-18,2.71,30.31,19.69,17.29
2021-03-19,2.58,27.79,19.09,12.47
2021-03-20,0.61,29.82,19.05,15.84
2021-03-21,1.96,32.35,20.1,21.13
2021-03-22,2.73,31.8,20.45,16.68
2021-03-23,2.08,32.27,20.35,16.44
2021-03-24,1.61,31.11,20.89,18.47
2021-03-25,0.7,29.66,20.18,18.47
2021-03-26,0.47,32.98,19.64,20.21
2021-03-27,12.24,33.22,20.59,20.49
2021-03-28,0.81,31.06,20.0,21.87
2021-03-29,8.63,31.24,19.13,16.95
2021-03-30,6.71,26.83,19.07,12.47
2021-03-31,0.54,25.82,15.95,20.42
2021-04-01,0.08,25.83,13.31,21.98
2021-04-02,0.2,25.79,15.8,19.92
2021-04-03,0.75,27.33,15.58,16.98
2021-04-04,1.08,25.65,16.89,13.36
2021-04-05,0.42,26.1,16.65,18.06
2021-04-06,0.99,26.24,17.06,10.97
2021-04-07,1.21,25.69,16.97,14.78
2021-04-08,0.37,26.64,17.18,19.32
2021-04-09,0.02,28.65,16.47,21.32
2021-04-10,0.0,30.78,15.01,22.17
2021-04-11,0.0,31.05,13.84,22.08
2021-04-12,1.06,31.22,16.9,12.32
2021-04-13,0.57,25.19,16.41,9.03
2021-04-14,0.13,22.64,14.58,12.58
2021-04-15,0.14,25.95,15.32,9.62
2021-04-16,0.02,28.42,15.36,14.44
2021-04-17,6.14,26.27,17.27,9.12
2021-04-18,3.63,25.63,16.58,12.83
2021-04-19,1.94,24.45,15.42,13.17
2021-04-20,2.0,24.44,15.33,12.77
2021-04-21,2.05,23.99,15.02,16.24
2021-04-22,0.6,23.19,14.8,15.63
2021-04-23,0.04,25.35,13.04,17.64
2021-04-24,0.0,28.23,14.0,15.79
2021-04-25,0.03,28.6,14.09,13.71
2021-04-26,0.5,27.64,15.88,13.23
2021-04-27,0.31,26.2,15.77,7.95
2021-04-28,0.17,24.4,14.77,12.24
2021-04-29,0.81,22.61,11.65,14.38
2021-04-30,0.28,22.25,13.68,12.21
2021-05-01,0.02,23.87,14.28,12.25
2021-05-02,0.0,26.53,13.91,17.7
2021-05-03,0.0,28.21,13.41,17.92
2021-05-04,0.01,29.62,13.18,15.44
2021-05-05,0.04,29.01,16.12,16.38
2021-05-06,2.64,29.47,14.49,16.32
2021-05-07,2.01,19.14,11.85,4.75
2021-05-08,0.45,19.43,12.63,7.7
2021-05-09,0.45,23.75,13.42,13.15
2021-05-10,0.15,26.46,14.1,15.72
2021-05-11,0.56,28.0,13.34,15.29
2021-05-12,22.64,16.44,12.6,1.72
2021-05-13,0.63,20.45,11.8,7.91
2021-05-14,0.21,18.02,12.77,8.67
2021-05-15,0.07,22.21,12.25,7.77
2021-05-16,0.03,24.13,13.37,13.52
2021-05-17,0.02,25.7,13.77,14.41
2021-05-18,0.1,24.23,13.81,11.58
2021-05-19,0.02,26.07,11.95,16.34
2021-05-20,0.0,27.05,9.03,16.3
2021-05-21,0.03,28.32,10.34,16.04
2021-05-22,11.48,24.81,14.25,7.22
2021-05-23,2.61,24.89,13.03,11.12
2021-05-24,0.0,21.64,8.91,17.23
2021-05-25,0.02,24.01,6.84,17.1
2021-05-26,0.01,25.27,8.03,13.97
2021-05-27,0.0,27.26,10.79,14.91
2021-05-28,0.03,25.27,14.21,12.27
2021-05-29,3.02,27.95,18.89,11.47
2021-05-30,9.96,19.95,14.16,3.13
2021-05-31,3.59,17.51,13.83,4.27
2021-06-01,0.16,23.42,12.37,11.57
2021-06-02,0.05,26.52,9.34,14.35
2021-06-03,0.09,27.34,14.23,13.62
2021-06-04,0.03,26.47,14.7,12.58
2021-06-05,0.02,27.06,15.25,15.13
2021-06-06,0.98,27.69,14.21,10.87
2021-06-07,7.99,19.97,14.84,3.2
2021-06-08,0.9,19.02,14.44,4.65
2021-06-09,0.1,22.79,13.77,9.11
2021-06-10,0.65,21.58,15.32,4.04
2021-06-11,0.42,23.96,14.69,10.03
2021-06-12,0.09,21.84,10.71,15.08
2021-06-13,0.04,20.35,9.11,14.66
2021-06-14,0.05,21.0,8.85,12.44
2021-06-15,0.07,23.51,10.06,11.6
2021-06-16,0.25,20.05,11.3,10.02
2021-06-17,0.09,18.88,10.82,6.19
2021-06-18,1.75,20.24,11.44,7.23
2021-06-19,22.52,16.63,12.43,1.4
2021-06-20,0.41,20.59,11.96,11.19
2021-06-21,5.58,20.81,11.31,6.66
2021-06-22,5.63,19.08,12.69,6.26
2021-06-23,0.74,19.54,12.45,9.58
2021-06-24,0.14,23.11,11.69,12.65
2021-06-25,0.22,26.61,14.57,12.01
2021-06-26,0.04,25.33,14.44,11.32
2021-06-27,0.01,26.25,13.72,14.13
2021-06-28,6.17,20.71,10.04,6.94
2021-06-29,1.5,14.78,5.59,13.21
2021-06-30,2.49,13.76,1.26,14.64
2021-07-01,0.01,15.33,5.37,9.43
2021-07-02,0.08,22.69,9.51,15.31
2021-07-03,0.0,23.35,7.0,13.05
2021-07-04,0.0,19.53,10.52,7.06
2021-07-05,0.04,21.65,10.79,9.24
2021-07-06,0.42,18.61,11.22,8.84
2021-07-07,0.09,19.53,11.35,12.72
2021-07-08,0.01,21.87,10.02,14.42
2021-07-09,0.02,20.62,10.51,9.77
2021-07-10,0.02,24.58,11.44,15.26
2021-07-11,0.01,24.02,11.4,12.09
2021-07-12,0.01,24.57,11.78,13.36
2021-07-13,0.13,26.05,11.62,15.09
2021-07-14,0.0,25.31,11.18,14.2
2021-07-15,0.45,26.05,12.4,13.98
2021-07-16,18.57,16.97,12.84,1.59
2021-07-17,11.07,21.65,12.56,9.02
2021-07-18,0.21,19.22,7.22,16.49
2021-07-19,0.0,17.53,1.47,17.92
2021-07-20,0.02,17.31,2.65,15.68
2021-07-21,0.0,22.21,6.36,16.81
2021-07-22,0.02,20.79,6.7,16.31
2021-07-23,0.01,23.46,8.98,16.93
2021-07-24,0.04,25.59,9.61,16.57
2021-07-25,0.0,25.41,8.51,16.77
2021-07-26,0.02,26.85,9.93,17.06
2021-07-27,2.84,26.26,12.72,11.35
2021-07-28,0.2,16.83,7.03,11.08
2021-07-29,0.01,14.64,1.88,18.56
2021-07-30,0.01,15.29,1.53,16.2
2021-07-31,0.02,15.57,4.91,14.7
2021-08-01,0.03,19.9,10.25,10.3
2021-08-02,0.03,21.81,10.02,14.71
2021-08-03,0.03,19.4,8.38,12.39
2021-08-04,0.16,19.44,7.95,10.73
2021-08-05,0.09,18.52,11.96,9.62
2021-08-06,0.06,22.1,12.3,9.67
2021-08-07,0.04,23.38,13.85,9.72
2021-08-08,0.0,23.92,12.83,16.47
2021-08-09,0.0,28.19,10.6,18.25
2021-08-10,0.02,29.63,12.66,17.78
2021-08-11,1.12,18.13,10.96,4.11
2021-08-12,3.65,13.49,9.6,5.67
2021-08-13,6.26,15.38,9.96,4.91
2021-08-14,1.02,20.52,11.21,10.72
2021-08-15,0.52,26.83,12.06,11.76
2021-08-16,2.71,25.74,13.31,8.24
2021-08-17,0.41,30.1,13.39,17.6
2021-08-18,0.0,31.9,13.75,18.33
2021-08-19,0.01,31.72,14.75,19.18
2021-08-20,0.09,30.29,14.42,19.54
2021-08-21,0.0,27.74,13.77,18.79
2021-08-22,0.0,30.34,12.83,18.97
2021-08-23,0.02,31.71,14.59,19.93
2021-08-24,0.0,33.26,14.8,15.63
2021-08-25,0.0,33.66,17.28,17.06
2021-08-26,0.93,27.93,17.13,13.22
2021-08-27,7.63,18.46,12.69,3.75
2021-08-28,3.3,16.85,12.64,6.15
2021-08-29,0.44,19.16,13.03,8.63
2021-08-30,0.7,22.59,11.78,10.68
2021-08-31,0.32,24.13,13.93,12.75
2021-09-01,0.1,26.26,13.82,17.72
2021-09-02,0.05,27.48,13.54,19.99
2021-09-03,0.0,31.27,13.37,21.39
2021-09-04,0.56,30.37,15.12,13.97
2021-09-05,0.36,30.85,14.96,19.19
2021-09-06,0.1,28.25,15.37,12.89
2021-09-07,0.14,27.72,14.64,12.82
2021-09-08,8.4,33.56,15.03,15.91
2021-09-09,4.83,24.47,18.13,4.08
2021-09-10,0.14,27.93,13.62,18.49
2021-09-11,3.42,25.11,11.87,6.78
2021-09-12,0.68,30.61,14.15,17.17
2021-09-13,0.19,34.51,15.48,15.96
2021-09-14,14.0,33.8,18.15,7.36
2021-09-15,3.31,24.57,14.39,6.05
2021-09-16,1.69,21.35,13.3,7.17
2021-09-17,4.14,23.16,13.42,7.63
2021-09-18,0.09,32.22,14.17,16.54
2021-09-19,0.12,31.96,16.92,15.88
2021-09-20,0.06,35.17,18.05,20.4
2021-09-21,0.69,33.57,14.3,13.47
2021-09-22,0.32,20.26,10.82,11.0
2021-09-23,0.01,22.97,10.49,15.81
2021-09-24,0.0,26.59,11.48,16.46
2021-09-25,0.0,27.67,13.86,17.38
2021-09-26,0.0,31.13,14.47,21.5
2021-09-27,0.0,30.82,16.05,19.6
2021-09-28,0.84,33.72,15.48,23.12
2021-09-29,1.21,30.67,16.8,14.07
2021-09-30,7.38,25.98,15.33,10.41
2021-10-01,6.43,33.17,14.74,5.21
2021-10-02,11.51,26.45,17.56,8.65
2021-10-03,56.85,28.17,18.24,3.15
2021-10-04,13.56,21.38,14.68,1.79
2021-10-05,0.74,21.39,13.41,6.75
2021-10-06,1.35,28.54,13.56,14.34
2021-10-07,4.22,22.1,13.79,6.18
2021-10-08,1.36,21.94,13.12,12.29
2021-10-09,6.52,20.89,13.7,5.37
2021-10-10,7.7,18.64,13.7,7.9
2021-10-11,1.4,22.04,14.82,9.31
2021-10-12,1.12,26.12,14.59,15.84
2021-10-13,0.35,27.04,14.78,20.35
2021-10-14,0.58,29.14,15.87,11.61
2021-10-15,21.96,29.36,19.63,6.2
2021-10-16,22.04,27.1,15.46,12.98
2021-10-17,2.54,22.14,14.65,6.79
2021-10-18,3.34,20.72,14.14,8.65
2021-10-19,6.21,19.64,11.68,8.06
2021-10-20,1.4,19.68,10.21,16.73
2021-10-21,0.3,22.03,11.67,18.02
2021-10-22,0.01,25.67,11.55,28.42
2021-10-23,24.98,28.98,12.44,24.71
2021-10-24,13.7,22.47,14.02,11.53
2021-10-25,0.33,23.65,12.81,22.7
2021-10-26,0.45,25.13,14.06,25.24
2021-10-27,1.19,24.39,15.43,8.55
2021-10-28,1.26,24.47,17.25,11.29
2021-10-29,0.83,26.01,16.23,12.76
2021-10-30,0.83,25.92,16.33,12.89
2021-10-31,14.03,19.75,16.44,6.35
2021-11-01,8.33,23.61,16.73,16.41
2021-11-02,3.28,25.46,15.56,20.21
2021-11-03,0.36,26.3,14.93,23.4
2021-11-04,2.33,28.23,15.43,23.07
2021-11-05,1.91,27.88,16.88,17.1
2021-11-06,5.07,27.76,16.66,21.71
2021-11-07,2.25,25.83,15.79,16.08
2021-11-08,7.94,26.59,15.86,13.52
2021-11-09,0.72,25.81,15.41,18.78
2021-11-10,1.48,25.74,15.14,21.71
2021-11-11,3.09,23.57,14.82,8.0
2021-11-12,1.11,23.25,13.47,14.14
2021-11-13,0.39,22.98,12.67,20.33
2021-11-14,0.07,26.87,12.56,22.18
2021-11-15,0.0,27.17,14.06,23.99
2021-11-16,0.01,29.59,15.84,27.55
2021-11-17,1.24,31.8,16.36,26.35
2021-11-18,8.73,24.29,18.06,9.62
2021-11-19,1.76,26.15,16.54,9.3
2021-11-20,0.43,25.94,15.14,16.21
2021-11-21,0.05,26.95,13.28,31.42
2021-11-22,0.0,30.47,11.24,32.34
2021-11-23,0.17,34.56,13.72,29.85
2021-11-24,0.2,30.09,16.63,18.4
2021-11-25,3.72,33.82,14.95,23.9
2021-11-26,20.52,28.99,19.12,18.46
2021-11-27,0.09,30.6,17.15,27.64
2021-11-28,0.02,32.37,18.07,21.7
2021-11-29,1.05,31.8,19.09,23.75
2021-11-30,0.79,32.78,19.12,21.58
2021-12-01,0.69,33.18,15.94,26.75
2021-12-02,3.71,29.51,16.89,13.14
2021-12-03,1.77,26.82,15.71,15.54
2021-12-04,0.2,29.27,15.61,25.21
2021-12-05,4.51,31.54,17.06,28.04
2021-12-06,14.74,26.95,16.47,21.06
2021-12-07,4.64,23.12,14.17,15.81
2021-12-08,0.54,23.12,13.8,20.55
2021-12-09,0.16,25.81,11.25,28.95
2021-12-10,0.34,29.11,13.83,27.95
2021-12-11,0.02,32.84,14.99,29.29
2021-12-12,0.02,32.92,18.37,23.22
2021-12-13,2.43,33.57,19.59,16.93
2021-12-14,9.91,28.68,20.24,12.82
2021-12-15,7.93,26.24,20.69,14.11
2021-12-16,1.17,32.27,20.14,19.85
2021-12-17,1.43,29.79,19.27,18.91
2021-12-18,2.09,28.23,17.16,18.27
2021-12-19,0.58,26.82,15.92,23.98
2021-12-20,0.06,28.76,14.26,25.31
2021-12-21,0.63,32.26,16.11,30.89
2021-12-22,3.09,32.59,18.33,21.04
2021-12-23,2.72,26.93,16.09,21.04
2021-12-24,0.65,26.77,14.79,20.81
2021-12-25,0.16,29.7,14.25,31.94
2021-12-26,1.26,33.64,15.22,28.27
2021-12-27,8.39,32.23,18.5,25.52
2021-12-28,12.42,30.37,18.02,17.73
2021-12-29,3.48,28.1,18.26,23.58
2021-12-30,8.56,24.92,17.99,9.22
2021-12-31,5.87,26.51,17.32,17.86
2022-01-01,0.46,30.37,18.15,23.2
2022-01-02,2.9,32.06,18.88,25.73
2022-01-03,9.77,32.81,19.48,22.06
2022-01-04,15.21,28.82,19.39,11.19
2022-01-05,12.72,30.88,20.83,18.81
2022-01-06,7.02,25.94,17.77,13.37
2022-01-07,1.98,24.04,16.2,11.28
2022-01-08,0.91,25.85,15.95,13.33
2022-01-09,1.06,24.72,14.99,11.51
2022-01-10,5.16,24.49,16.26,14.9
2022-01-11,3.22,27.24,17.18,14.57
2022-01-12,2.21,27.95,17.98,19.99
2022-01-13,1.33,29.11,17.83,12.42
2022-01-14,4.36,30.65,18.64,20.96
2022-01-15,10.72,26.61,20.81,16.35
2022-01-16,3.73,30.68,19.33,21.49
2022-01-17,2.28,31.51,19.7,23.57
2022-01-18,6.77,31.63,20.38,27.21
2022-01-19,6.29,30.64,20.63,29.39
2022-01-20,0.96,31.33,21.06,26.79
2022-01-21,0.56,31.63,20.4,27.26
2022-01-22,0.3,31.74,20.61,29.52
2022-01-23,0.05,34.69,19.31,29.86
2022-01-24,0.01,34.79,20.43,27.3
2022-01-25,0.06,33.32,20.26,21.08
2022-01-26,4.83,35.47,20.91,27.59
2022-01-27,13.28,30.93,21.74,21.29
2022-01-28,26.11,23.53,17.31,7.25
2022-01-29,16.02,21.31,16.86,7.34
2022-01-30,7.98,23.02,18.1,13.55
2022-01-31,5.68,28.03,18.07,17.82
2022-02-01,4.2,28.0,19.88,20.84
2022-02-02,2.31,27.76,19.28,23.5
2022-02-03,10.71,28.14,19.1,15.73
2022-02-04,10.21,25.89,20.4,15.62
2022-02-05,3.51,28.97,20.24,19.29
2022-02-06,1.97,29.6,21.34,20.76
2022-02-07,1.66,28.19,18.7,19.36
2022-02-08,0.97,28.12,17.54,21.28
2022-02-09,0.26,26.27,16.93,23.04
2022-02-10,0.08,27.63,16.74,25.6
2022-02-11,0.05,28.33,16.59,26.66
2022-02-12,0.08,28.5,17.16,24.88
2022-02-13,0.18,31.12,16.03,28.48
2022-02-14,2.81,33.52,17.38,22.49
2022-02-15,1.97,30.1,18.68,15.38
2022-02-16,1.49,30.28,17.7,25.27
2022-02-17,4.5,30.64,17.6,25.68
2022-02-18,2.05,27.92,16.73,25.81
2022-02-19,1.34,30.82,16.23,26.68
2022-02-20,0.2,32.5,17.25,26.05
2022-02-21,1.55,33.62,18.72,24.77
2022-02-22,3.39,32.99,21.33,24.01
2022-02-23,1.41,32.68,21.19,22.28
2022-02-24,0.72,32.63,20.81,23.15
2022-02-25,0.03,32.51,20.97,22.25
2022-02-26,0.94,32.37,20.61,24.27
2022-02-27,0.16,33.1,19.68,25.89
2022-02-28,0.02,35.5,20.05,24.59
2022-03-01,9.3,30.74,22.14,10.8
2022-03-02,8.57,27.5,20.83,12.62
2022-03-03,5.58,30.64,20.48,19.91
2022-03-04,2.49,28.04,21.35,18.16
2022-03-05,2.8,32.01,20.23,22.94
2022-03-06,0.7,32.97,20.57,24.63
2022-03-07,0.82,33.35,20.91,23.42
2022-03-08,2.29,31.34,21.73,20.32
2022-03-09,2.04,31.52,21.13,20.21
2022-03-10,9.92,30.66,20.55,20.74
2022-03-11,8.77,30.52,20.42,21.11
2022-03-12,7.15,26.74,18.28,10.25
2022-03-13,5.79,26.26,18.09,9.01
2022-03-14,2.73,28.18,19.56,10.59
2022-03-15,5.63,25.15,19.52,14.28
2022-03-16,6.56,28.35,20.43,11.35
2022-03-17,3.34,30.17,20.33,19.33
2022-03-18,4.37,31.67,21.14,22.56
2022-03-19,7.74,28.37,18.95,15.64
2022-03-20,2.02,25.55,16.48,11.41
2022-03-21,1.65,23.65,15.75,18.2
2022-03-22,0.53,24.65,15.73,18.52
2022-03-23,0.03,29.16,15.55,20.02
2022-03-24,4.16,31.1,18.17,19.44
2022-03-25,5.21,27.69,20.52,11.09
2022-03-26,1.15,30.81,20.13,19.09
2022-03-27,2.16,30.42,19.98,10.72
2022-03-28,1.7,26.83,18.22,10.91
2022-03-29,0.28,29.87,17.22,13.69
2022-03-30,0.73,32.17,18.09,19.71
2022-03-31,17.44,21.66,14.16,5.53
2022-04-01,7.13,19.43,14.05,4.56
2022-04-02,1.03,23.42,15.02,8.65
2022-04-03,0.47,27.53,16.2,11.26
2022-04-04,3.11,29.99,17.56,18.25
2022-04-05,1.15,29.35,19.06,13.46
2022-04-06,0.34,28.03,17.71,12.11
2022-04-07,0.11,27.24,17.18,12.74
2022-04-08,2.32,30.39,16.9,18.53
2022-04-09,4.32,30.51,18.37,16.82
2022-04-10,0.06,28.68,17.9,16.95
2022-04-11,1.42,27.44,17.98,13.63
2022-04-12,4.21,27.57,18.16,8.49
2022-04-13,0.8,29.77,19.0,9.12
2022-04-14,4.52,25.27,13.89,8.31
2022-04-15,0.32,23.79,11.89,20.53
2022-04-16,0.09,23.0,11.34,15.35
2022-04-17,0.48,22.9,12.82,15.62
2022-04-18,0.39,22.38,13.71,14.1
2022-04-19,0.32,26.08,13.42,14.51
2022-04-20,0.24,26.88,14.88,16.79
2022-04-21,5.36,27.91,14.98,18.9
2022-04-22,5.24,28.16,15.64,13.15
2022-04-23,8.27,23.99,16.05,14.47
2022-04-24,0.17,26.36,15.59,17.73
2022-04-25,0.07,28.08,15.67,17.83
2022-04-26,0.02,30.36,16.08,14.73
2022-04-27,0.03,30.56,16.46,18.32
2022-04-28,0.05,30.22,18.16,17.91
2022-04-29,0.86,26.0,16.18,7.46
2022-04-30,0.2,25.55,15.46,7.47
2022-05-01,0.51,28.92,15.02,16.3
2022-05-02,1.65,27.91,16.15,11.38
2022-05-03,1.98,29.55,17.2,10.12
2022-05-04,12.55,21.48,13.91,15.94
2022-05-05,0.15,23.26,12.2,8.18
2022-05-06,0.05,23.21,13.33,15.07
2022-05-07,0.01,21.18,11.91,14.76
2022-05-08,0.05,23.16,11.16,9.45
2022-05-09,0.09,24.17,12.51,11.31
2022-05-10,1.77,24.38,14.03,14.2
2022-05-11,2.06,24.66,15.16,9.97
2022-05-12,0.06,24.05,14.73,11.77
2022-05-13,0.03,25.42,12.83,10.68
2022-05-14,0.05,25.36,12.98,9.58
2022-05-15,0.24,23.5,15.34,11.8
2022-05-16,0.05,24.11,12.33,14.29
2022-05-17,0.02,17.23,6.46,18.4
2022-05-18,0.02,16.92,6.47,13.32
2022-05-19,0.03,19.31,6.89,16.56
2022-05-20,0.0,20.81,5.91,17.03
2022-05-21,0.01,22.58,5.7,15.45
2022-05-22,0.0,23.1,8.52,15.86
2022-05-23,0.01,23.45,11.09,13.94
2022-05-24,0.03,25.84,12.33,14.78
2022-05-25,0.07,25.77,12.83,15.72
2022-05-26,0.01,26.18,10.19,15.03
2022-05-27,0.02,25.95,13.47,14.68
2022-05-28,0.01,27.06,13.15,14.65
2022-05-29,4.44,27.37,14.27,14.57
2022-05-30,36.72,19.99,15.43,2.47
2022-05-31,6.67,15.08,11.74,3.69
2022-06-01,41.03,17.84,11.43,2.64
2022-06-02,12.19,18.25,14.36,3.54
2022-06-03,0.75,16.63,10.97,6.74
2022-06-04,0.59,18.17,10.58,8.48
2022-06-05,0.3,21.95,12.36,9.94
2022-06-06,3.42,23.1,13.09,10.63
2022-06-07,8.35,20.65,14.94,2.33
2022-06-08,0.68,21.29,13.84,6.68
2022-06-09,2.17,20.79,12.55,8.17
2022-06-10,17.95,20.96,14.48,7.95
2022-06-11,0.07,17.87,7.92,13.42
2022-06-12,0.02,16.65,4.57,16.14
2022-06-13,0.04,17.64,3.13,15.94
2022-06-14,0.03,18.24,8.03,9.45
2022-06-15,0.02,19.89,11.13,8.79
2022-06-16,0.02,23.52,12.08,14.06
2022-06-17,5.65,23.85,11.48,13.83
2022-06-18,2.02,20.61,12.41,8.68
2022-06-19,0.02,17.83,11.31,4.89
2022-06-20,0.16,20.95,11.16,9.16
2022-06-21,0.01,24.74,12.3,13.71
2022-06-22,0.03,24.74,15.07,13.43
2022-06-23,0.11,25.52,14.53,14.46
2022-06-24,0.01,25.46,13.26,12.67
2022-06-25,0.0,21.66,12.53,7.16
2022-06-26,0.03,18.14,11.63,7.88
2022-06-27,0.08,19.1,10.75,7.3
2022-06-28,0.02,23.86,11.76,12.74
2022-06-29,2.01,23.31,13.03,13.43
2022-06-30,0.76,21.61,9.92,14.58
2022-07-01,0.1,22.68,9.47,13.14
2022-07-02,0.07,25.06,11.01,14.48
2022-07-03,0.01,26.7,12.11,14.56
2022-07-04,0.01,26.56,13.47,14.33
2022-07-05,0.02,25.69,11.83,14.04
2022-07-06,0.06,25.3,11.61,13.37
2022-07-07,0.0,25.38,12.51,14.69
2022-07-08,0.01,25.51,13.55,11.61
2022-07-09,0.01,24.02,14.18,13.52
2022-07-10,0.01,25.31,12.03,13.4
2022-07-11,0.03,25.51,13.43,14.56
2022-07-12,0.64,23.59,14.24,10.36
2022-07-13,0.87,19.13,11.75,4.74
2022-07-14,0.16,25.39,13.6,10.34
2022-07-15,0.01,26.24,14.09,13.0
2022-07-16,0.06,27.14,15.52,13.21
2022-07-17,1.85,23.61,12.9,6.4
2022-07-18,6.13,18.62,12.7,5.42
2022-07-19,4.63,23.73,14.71,12.33
2022-07-20,0.04,23.04,14.57,8.05
2022-07-21,0.03,25.93,13.68,13.55
2022-07-22,0.01,26.9,13.04,15.2
2022-07-23,0.03,27.18,14.74,14.83
2022-07-24,0.0,26.85,13.99,14.47
2022-07-25,0.01,26.83,14.68,14.11
2022-07-26,0.0,25.26,13.41,9.94
2022-07-27,0.0,26.38,13.74,10.35
2022-07-28,0.0,27.55,12.84,14.92
2022-07-29,1.41,23.32,11.25,11.28
2022-07-30,0.46,19.76,5.75,16.43
2022-07-31,0.01,23.11,9.25,16.19
2022-08-01,0.0,26.83,10.98,14.7
2022-08-02,0.0,27.59,12.95,13.79
2022-08-03,0.0,26.61,13.55,12.65
2022-08-04,0.01,28.69,14.25,15.98
2022-08-05,0.22,28.14,13.74,7.43
2022-08-06,0.76,17.62,12.5,4.26
2022-08-07,17.4,17.25,12.49,2.2
2022-08-08,9.01,19.67,14.28,6.19
2022-08-09,15.14,18.97,14.45,2.62
2022-08-10,10.6,16.24,9.28,11.14
2022-08-11,0.87,17.9,8.51,13.91
2022-08-12,0.2,19.52,10.54,11.37
2022-08-13,0.13,23.4,10.62,16.14
2022-08-14,0.01,25.2,12.43,17.86
2022-08-15,0.0,27.02,12.48,18.86
2022-08-16,5.33,28.05,13.85,9.2
2022-08-17,23.65,22.21,14.45,4.51
2022-08-18,12.7,22.83,13.2,3.22
2022-08-19,1.17,15.08,6.06,11.82
2022-08-20,0.05,14.2,5.75,11.94
2022-08-21,0.1,17.12,8.13,6.69
2022-08-22,0.13,18.25,10.39,8.83
2022-08-23,0.03,20.95,11.29,11.32
2022-08-24,0.0,22.46,11.95,15.42
2022-08-25,0.0,23.99,13.04,16.56
2022-08-26,0.01,26.02,13.92,17.3
2022-08-27,0.0,27.63,12.81,19.9
2022-08-28,0.45,27.96,11.52,15.16
2022-08-29,0.37,15.82,8.36,8.17
2022-08-30,0.45,16.96,9.26,12.24
2022-08-31,0.2,20.15,10.28,14.77
2022-09-01,0.01,26.13,10.1,21.57
2022-09-02,1.2,28.75,12.03,18.43
2022-09-03,11.95,18.03,10.64,3.73
2022-09-04,0.97,14.26,9.37,6.8
2022-09-05,5.29,19.06,9.69,5.76
2022-09-06,23.8,18.37,11.75,3.11
2022-09-07,13.27,23.4,12.59,5.62
2022-09-08,0.33,27.03,14.24,19.64
2022-09-09,0.02,28.27,15.95,19.81
2022-09-10,0.84,28.45,12.67,9.7
2022-09-11,0.16,17.85,11.1,5.12
2022-09-12,7.97,21.84,10.94,6.02
2022-09-13,4.52,26.61,13.68,12.88
2022-09-14,20.41,18.86,13.75,2.66
2022-09-15,0.95,17.6,12.26,6.68
2022-09-16,1.56,18.6,11.66,13.7
2022-09-17,0.39,18.43,11.1,17.09
2022-09-18,0.08,20.86,11.43,21.14
2022-09-19,1.47,23.74,11.31,15.64
2022-09-20,6.25,25.87,12.89,16.08
2022-09-21,24.34,19.81,13.42,6.8
2022-09-22,0.47,23.83,12.13,10.52
2022-09-23,0.0,19.94,8.95,26.4
2022-09-24,0.01,20.92,7.36,22.88
2022-09-25,3.68,18.41,10.54,7.82
2022-09-26,18.83,19.69,12.91,3.95
2022-09-27,7.65,21.71,15.09,9.15
2022-09-28,11.54,17.71,12.72,5.02
2022-09-29,2.28,17.29,11.97,9.69
2022-09-30,3.39,18.92,11.52,4.52
2022-10-01,0.23,24.05,12.69,14.04
2022-10-02,0.83,23.76,14.09,17.4
2022-10-03,0.99,22.08,13.96,9.79
2022-10-04,0.23,24.67,13.27,11.01
2022-10-05,0.09,26.05,13.11,15.07
2022-10-06,21.41,26.34,14.97,12.09
2022-10-07,10.02,24.11,14.53,19.4
2022-10-08,0.03,24.86,11.38,27.08
2022-10-09,0.24,26.85,12.27,22.69
2022-10-10,0.17,21.04,13.58,5.16
2022-10-11,16.2,24.39,13.86,13.36
2022-10-12,9.02,23.87,17.56,6.03
2022-10-13,1.99,24.59,16.46,8.63
2022-10-14,6.05,23.29,14.28,6.6
2022-10-15,5.47,20.3,13.98,4.04
2022-10-16,3.77,24.07,15.41,9.97
2022-10-17,6.91,24.96,15.62,14.38
2022-10-18,4.81,22.19,15.35,6.22
2022-10-19,12.59,26.08,15.75,17.81
2022-10-20,11.86,25.83,16.91,7.93
2022-10-21,9.97,26.61,18.31,11.18
2022-10-22,0.29,25.47,16.09,21.9
2022-10-23,0.03,26.18,14.2,20.74
2022-10-24,0.24,26.01,15.22,24.45
2022-10-25,0.18,25.06,15.03,24.75
2022-10-26,0.03,26.28,14.46,29.28
2022-10-27,0.08,29.66,14.26,26.71
2022-10-28,0.09,29.29,17.73,24.11
2022-10-29,14.42,27.86,18.68,15.91
2022-10-30,10.81,28.33,18.64,23.24
2022-10-31,22.04,27.28,15.5,9.89
2022-11-01,3.35,17.33,10.86,5.94
2022-11-02,3.23,15.1,10.47,6.91
2022-11-03,0.43,18.61,9.28,19.97
2022-11-04,0.07,19.74,8.54,21.44
2022-11-05,0.03,20.4,10.72,22.07
2022-11-06,0.12,20.65,10.73,23.62
2022-11-07,0.03,22.11,11.52,25.09
2022-11-08,0.03,23.64,10.68,27.43
2022-11-09,0.02,26.31,12.18,29.06
2022-11-10,0.02,27.63,13.48,28.61
2022-11-11,12.64,25.7,15.58,11.71
2022-11-12,2.31,27.05,16.24,19.1
2022-11-13,29.14,27.61,16.46,21.41
2022-11-14,1.93,27.82,17.92,24.6
2022-11-15,0.03,26.45,16.57,30.2
2022-11-16,0.01,25.61,12.93,29.36
2022-11-17,0.0,24.32,13.0,31.0
2022-11-18,0.01,24.41,10.22,30.61
2022-11-19,0.02,25.07,13.81,26.33
2022-11-20,0.02,27.77,15.02,21.77
2022-11-21,0.93,29.19,16.39,21.6
2022-11-22,4.07,27.12,18.31,12.99
2022-11-23,4.78,28.82,17.17,20.91
2022-11-24,4.81,25.87,16.06,15.22
2022-11-25,1.27,24.44,14.87,15.76
2022-11-26,2.67,25.22,14.08,20.03
2022-11-27,11.31,24.37,16.86,17.97
2022-11-28,19.6,24.11,17.38,11.28
2022-11-29,9.75,24.3,17.93,16.52
2022-11-30,12.92,23.93,17.19,17.88
2022-12-01,9.21,27.47,17.99,23.56
2022-12-02,2.91,26.95,19.07,21.08
2022-12-03,8.3,28.22,19.04,13.4
2022-12-04,11.74,24.99,19.79,15.94
2022-12-05,11.97,28.22,20.42,16.31
2022-12-06,13.45,28.41,19.85,16.24
2022-12-07,1.61,28.89,19.05,24.1
2022-12-08,0.4,29.37,17.46,29.6
2022-12-09,7.15,30.39,19.25,20.06
2022-12-10,3.08,30.23,18.09,29.3
2022-12-11,2.03,28.67,20.92,12.73
2022-12-12,6.85,28.27,21.24,17.25
2022-12-13,14.88,22.3,15.82,13.07
2022-12-14,0.42,22.57,14.69,13.18
2022-12-15,0.01,26.05,13.55,23.5
2022-12-16,1.83,27.66,15.81,25.35
2022-12-17,1.79,25.18,16.54,19.84
2022-12-18,0.37,24.57,16.24,13.5
2022-12-19,7.8,22.69,16.64,5.91
2022-12-20,2.86,25.63,16.49,10.91
2022-12-21,2.49,24.19,15.41,17.98
2022-12-22,0.62,24.26,15.04,18.32
2022-12-23,0.18,25.04,14.69,18.87
2022-12-24,1.22,26.91,16.17,14.33
2022-12-25,1.11,28.6,16.75,14.57
2022-12-26,4.55,28.51,18.1,21.3
2022-12-27,1.25,29.17,19.72,18.76
2022-12-28,4.21,30.32,19.34,14.33
2022-12-29,5.35,29.26,17.64,16.26
2022-12-30,0.25,27.47,16.55,22.09
2022-12-31,1.25,29.73,16.76,18.44
2023-01-01,1.13,30.63,17.83,23.69
2023-01-02,1.05,31.28,18.56,21.54
2023-01-03,5.71,30.48,20.11,17.21
2023-01-04,24.7,23.56,15.86,6.09
2023-01-05,2.33,20.69,15.31,11.47
2023-01-06,0.12,23.94,15.22,13.77
2023-01-07,0.28,23.61,14.91,20.46
2023-01-08,0.46,25.55,15.79,14.81
2023-01-09,0.43,25.71,16.09,12.45
2023-01-10,1.35,27.04,16.49,13.49
2023-01-11,4.57,25.93,18.83,16.49
2023-01-12,3.1,27.33,18.94,16.6
2023-01-13,4.29,29.65,18.67,21.68
2023-01-14,3.6,29.23,19.83,16.99
2023-01-15,3.52,30.21,20.18,17.09
2023-01-16,3.65,26.9,20.97,18.39
2023-01-17,3.71,28.67,20.45,21.64
2023-01-18,2.65,30.35,19.41,23.5
2023-01-19,1.33,30.29,19.44,22.36
2023-01-20,1.16,27.5,19.33,14.3
2023-01-21,0.59,31.77,17.92,23.99
2023-01-22,3.71,32.18,20.11,19.87
2023-01-23,6.12,29.88,20.53,20.53
2023-01-24,0.49,32.1,18.52,27.59
2023-01-25,0.27,31.63,18.79,30.21
2023-01-26,0.01,29.83,18.72,28.61
2023-01-27,0.06,31.1,17.29,24.4
2023-01-28,0.16,33.69,18.73,26.61
2023-01-29,2.35,34.85,19.95,27.72
2023-01-30,6.09,26.03,20.92,14.65
2023-01-31,4.2,27.39,20.09,14.87
2023-02-01,6.46,29.23,19.89,17.73
2023-02-02,13.62,30.91,19.9,17.5
2023-02-03,4.79,28.54,20.84,18.52
2023-02-04,3.07,29.93,20.45,18.93
2023-02-05,0.8,30.96,19.74,16.05
2023-02-06,1.48,29.49,19.11,21.54
2023-02-07,3.98,29.65,19.01,17.22
2023-02-08,0.7,30.68,18.72,27.25
2023-02-09,0.14,32.8,17.37,28.04
2023-02-10,5.63,32.41,18.63,21.79
2023-02-11,4.54,28.26,20.78,13.32
2023-02-12,3.17,29.22,19.53,17.29
2023-02-13,4.32,31.09,20.6,17.4
2023-02-14,4.34,31.17,20.62,17.93
2023-02-15,2.33,30.02,20.77,21.0
2023-02-16,7.72,31.79,20.36,19.82
2023-02-17,14.47,28.29,20.85,10.42
2023-02-18,15.56,24.67,15.59,7.59
2023-02-19,4.24,20.34,15.2,8.04
2023-02-20,4.28,27.88,16.06,12.7
2023-02-21,2.77,26.5,18.77,14.77
2023-02-22,6.1,28.96,17.63,17.14
2023-02-23,11.42,25.71,19.24,8.69
2023-02-24,3.75,27.77,19.61,16.59
2023-02-25,0.21,30.01,19.58,23.34
2023-02-26,3.66,30.58,19.73,19.27
2023-02-27,2.85,27.29,18.44,18.19
2023-02-28,4.7,24.86,17.81,7.53
2023-03-01,2.22,28.26,16.52,13.62
2023-03-02,4.95,30.87,17.86,24.31
2023-03-03,10.95,30.33,19.62,21.28
2023-03-04,7.63,29.67,20.35,19.42
2023-03-05,3.77,29.56,20.13,20.16
2023-03-06,8.56,26.47,20.1,15.89
2023-03-07,1.84,27.66,19.89,21.73
2023-03-08,3.3,30.48,19.4,24.14
2023-03-09,34.42,27.91,19.53,16.67
2023-03-10,11.19,24.97,18.99,10.98
2023-03-11,4.87,24.14,18.86,11.0
2023-03-12,6.69,22.67,19.1,10.17
2023-03-13,2.98,24.64,19.29,10.79
2023-03-14,6.84,23.0,19.6,10.52
2023-03-15,1.95,26.72,19.48,13.74
2023-03-16,0.44,26.36,18.47,15.55
2023-03-17,0.14,26.64,18.2,20.69
2023-03-18,0.06,27.18,16.53,22.39
2023-03-19,0.57,28.98,17.54,23.33
2023-03-20,0.46,30.65,18.72,22.42
2023-03-21,0.48,30.55,18.35,23.18
2023-03-22,0.17,29.57,17.82,22.01
2023-03-23,0.06,30.23,18.98,23.09
2023-03-24,0.94,32.52,18.66,21.43
2023-03-25,0.5,31.18,19.41,18.88
2023-03-26,1.33,33.0,20.46,20.25
2023-03-27,0.9,26.93,17.4,7.6
2023-03-28,0.03,28.52,16.48,13.36
2023-03-29,3.5,29.41,18.21,15.58
2023-03-30,5.3,30.35,19.36,21.45
2023-03-31,1.8,30.47,19.28,19.42
2023-04-01,0.2,31.32,17.93,19.61
2023-04-02,0.07,26.53,15.48,8.45
2023-04-03,0.0,28.53,14.35,21.29
2023-04-04,0.04,30.45,16.72,22.23
2023-04-05,0.94,28.21,17.12,19.25
2023-04-06,2.55,25.49,17.45,14.3
2023-04-07,6.04,26.34,17.77,7.47
2023-04-08,2.18,22.12,17.78,9.89
2023-04-09,1.1,24.09,17.37,14.07
2023-04-10,0.1,25.85,16.41,17.41
2023-04-11,0.02,27.33,14.85,21.54
2023-04-12,0.11,29.57,15.59,17.34
2023-04-13,5.34,30.58,17.78,18.19
2023-04-14,11.19,24.93,18.33,6.45
2023-04-15,0.92,26.83,17.39,9.92
2023-04-16,3.75,26.85,16.95,13.56
2023-04-17,30.62,24.15,18.14,11.96
2023-04-18,22.66,26.17,15.27,4.74
2023-04-19,0.15,22.01,13.12,19.84
2023-04-20,0.0,20.58,11.01,20.86
2023-04-21,0.05,21.28,9.35,13.61
2023-04-22,0.06,22.97,14.16,18.42
2023-04-23,0.17,23.35,15.01,16.07
2023-04-24,0.08,23.51,15.49,16.3
2023-04-25,0.73,24.99,14.82,13.4
2023-04-26,0.83,23.45,15.53,8.09
2023-04-27,0.24,24.4,16.25,11.24
2023-04-28,0.39,22.47,14.49,6.84
2023-04-29,0.47,24.34,15.09,10.36
2023-04-30,0.22,25.56,16.32,13.08
2023-05-01,0.02,26.83,16.8,15.51
2023-05-02,0.02,26.63,15.15,12.67
2023-05-03,0.03,27.93,16.42,14.85
2023-05-04,0.35,29.49,17.25,16.15
2023-05-05,0.2,28.58,18.13,12.05
2023-05-06,0.01,28.49,18.42,11.75
2023-05-07,0.01,28.49,17.78,14.14
2023-05-08,1.05,29.49,17.35,14.73
2023-05-09,1.09,24.77,17.39,7.45
2023-05-10,0.86,26.41,16.36,6.56
2023-05-11,0.1,24.89,14.12,16.35
2023-05-12,0.02,19.42,11.71,12.46
2023-05-13,0.01,21.37,10.93,14.69
2023-05-14,0.0,24.59,10.69,16.85
2023-05-15,0.03,24.98,10.18,16.59
2023-05-16,0.01,24.82,9.55,16.9
2023-05-17,0.03,22.35,11.27,13.56
2023-05-18,0.05,23.37,9.68,16.23
2023-05-19,0.02,24.38,10.2,16.5
2023-05-20,0.02,26.07,11.96,15.01
2023-05-21,0.02,24.96,11.13,13.66
2023-05-22,0.0,23.94,12.95,10.21
2023-05-23,0.01,26.07,13.5,15.58
2023-05-24,0.02,25.04,13.24,14.1
2023-05-25,0.01,26.4,15.07,12.98
2023-05-26,0.01,26.95,15.0,14.08
2023-05-27,2.53,27.99,14.1,14.73
2023-05-28,5.76,17.51,14.21,3.11
2023-05-29,0.66,20.47,13.19,8.41
2023-05-30,1.25,17.9,12.95,6.05
2023-05-31,1.48,21.86,14.34,8.53
2023-06-01,0.01,24.1,12.97,11.41
2023-06-02,0.04,22.95,12.36,13.46
2023-06-03,0.03,25.76,12.1,15.31
2023-06-04,0.02,26.5,10.63,15.5
2023-06-05,0.06,25.64,11.18,13.18
2023-06-06,0.08,23.73,13.69,13.63
2023-06-07,0.02,25.29,13.39,14.77
2023-06-08,0.02,25.83,11.47,13.88
2023-06-09,0.02,26.08,11.44,14.81
2023-06-10,0.02,26.95,12.3,15.29
2023-06-11,0.01,27.93,14.33,14.7
2023-06-12,17.11,24.65,12.86,5.97
2023-06-13,14.6,14.23,12.43,2.48
2023-06-14,18.05,15.91,12.87,3.34
2023-06-15,11.05,16.02,11.23,4.18
2023-06-16,0.08,17.71,8.34,12.03
2023-06-17,0.1,18.65,8.67,12.02
2023-06-18,0.02,19.12,9.38,13.27
2023-06-19,0.38,18.1,9.3,12.0
2023-06-20,1.21,21.03,9.42,12.77
2023-06-21,0.03,23.0,10.26,13.72
2023-06-22,0.06,23.77,11.02,10.67
2023-06-23,0.03,24.93,12.85,13.1
2023-06-24,0.02,26.19,13.07,14.49
2023-06-25,0.08,26.4,12.88,14.7
2023-06-26,0.02,26.28,12.65,14.69
2023-06-27,0.06,25.38,11.72,14.78
2023-06-28,0.04,25.7,12.4,14.91
2023-06-29,0.19,20.33,11.81,6.33
2023-06-30,0.02,22.07,11.35,7.03
2023-07-01,0.06,24.82,12.13,12.45
2023-07-02,0.06,24.65,13.36,12.35
2023-07-03,0.25,20.68,13.19,7.93
2023-07-04,0.03,21.0,10.31,14.3
2023-07-05,0.06,23.94,11.63,15.02
2023-07-06,0.02,24.79,10.37,14.79
2023-07-07,0.09,26.34,11.04,14.57
2023-07-08,10.06,24.92,13.22,9.86
2023-07-09,8.95,18.74,13.97,3.83
2023-07-10,27.17,22.97,14.53,4.05
2023-07-11,10.86,21.35,15.98,6.85
2023-07-12,1.58,24.64,13.6,13.09
2023-07-13,5.98,20.65,12.71,15.79
2023-07-14,0.0,16.2,6.97,15.38
2023-07-15,0.01,18.33,6.69,14.33
2023-07-16,0.11,21.28,6.54,10.97
2023-07-17,10.98,22.57,10.65,9.17
2023-07-18,10.67,15.2,11.06,2.89
2023-07-19,0.04,16.16,11.16,5.34
2023-07-20,0.04,20.18,12.76,8.63
2023-07-21,0.02,22.54,12.2,8.71
2023-07-22,0.0,22.64,13.02,9.24
2023-07-23,0.0,24.05,11.56,13.13
2023-07-24,0.0,24.71,13.38,13.86
2023-07-25,0.0,24.72,12.82,11.58
2023-07-26,0.0,25.9,11.81,15.41
2023-07-27,2.67,24.49,14.41,9.74
2023-07-28,6.44,24.81,13.42,8.85
2023-07-29,1.18,16.41,11.14,6.24
2023-07-30,0.01,20.28,9.69,8.22
2023-07-31,0.01,23.79,10.6,14.77
2023-08-01,0.06,23.64,11.04,14.82
2023-08-02,0.01,26.93,11.31,17.0
2023-08-03,0.0,27.09,11.52,17.77
2023-08-04,0.01,26.08,12.33,15.13
2023-08-05,0.01,27.25,11.84,17.4
2023-08-06,0.01,28.29,12.03,17.48
2023-08-07,0.44,30.12,13.8,17.12
2023-08-08,5.98,19.56,12.29,4.67
2023-08-09,31.45,21.1,12.39,3.04
2023-08-10,0.73,25.51,13.36,9.33
2023-08-11,6.55,26.67,14.15,10.27
2023-08-12,4.8,27.76,15.26,5.36
2023-08-13,1.84,14.82,11.14,5.03
2023-08-14,0.23,20.53,10.2,8.29
2023-08-15,0.12,24.1,12.23,10.6
2023-08-16,0.14,25.19,15.08,9.22
2023-08-17,0.01,27.18,15.63,17.09
2023-08-18,0.03,28.51,15.3,18.1
2023-08-19,2.47,21.51,14.8,12.31
2023-08-20,0.03,24.53,13.33,14.79
2023-08-21,0.01,27.48,15.23,18.0
2023-08-22,0.01,29.28,14.51,19.24
2023-08-23,0.08,31.76,20.19,18.28
2023-08-24,0.48,32.24,19.5,16.48
2023-08-25,21.01,22.44,12.37,3.24
2023-08-26,1.43,16.37,8.85,7.24
2023-08-27,0.27,14.04,7.64,6.06
2023-08-28,0.11,16.07,8.89,6.05
2023-08-29,0.1,18.5,10.45,10.31
2023-08-30,0.02,25.01,11.13,18.83
2023-08-31,0.02,26.11,11.79,19.45
2023-09-01,0.02,25.5,11.05,20.0
2023-09-02,11.9,30.27,12.88,6.2
2023-09-03,0.73,29.55,17.52,17.14
2023-09-04,4.49,31.09,19.71,17.36
2023-09-05,0.32,27.29,13.77,13.29
2023-09-06,0.49,20.45,13.7,10.89
2023-09-07,2.39,23.38,13.9,11.06
2023-09-08,1.52,28.87,14.47,17.45
2023-09-09,2.16,23.88,16.79,4.64
2023-09-10,0.04,27.16,15.19,10.16
2023-09-11,0.01,30.84,15.26,18.96
2023-09-12,0.01,32.02,14.42,22.61
2023-09-13,3.03,31.56,16.24,19.84
2023-09-14,0.36,24.59,12.82,7.97
2023-09-15,0.24,24.76,12.14,19.02
2023-09-16,0.02,29.91,11.59,23.43
2023-09-17,0.04,34.07,14.0,23.72
2023-09-18,0.41,34.08,16.3,18.69
2023-09-19,6.76,33.04,19.37,18.97
2023-09-20,1.6,31.63,18.04,17.07
2023-09-21,0.0,32.48,16.32,22.34
2023-09-22,0.47,36.2,18.26,21.83
2023-09-23,0.11,36.28,19.52,22.38
2023-09-24,0.57,37.21,20.02,22.8
2023-09-25,1.66,33.25,18.74,7.98
2023-09-26,0.33,35.81,18.46,18.19
2023-09-27,1.97,37.0,16.69,16.42
2023-09-28,0.75,20.05,12.69,4.73
2023-09-29,0.6,24.51,13.83,8.58
2023-09-30,6.34,28.75,15.56,10.18
2023-10-01,4.87,27.39,16.19,7.29
2023-10-02,0.21,30.23,14.44,5.89
2023-10-03,1.08,32.83,14.23,13.94
2023-10-04,44.31,30.58,16.85,2.58
2023-10-05,32.68,24.95,17.05,6.71
2023-10-06,2.09,30.04,16.78,20.22
2023-10-07,41.87,30.09,14.17,12.27
2023-10-08,20.51,23.68,13.84,3.98
2023-10-09,11.13,24.47,15.62,14.73
2023-10-10,0.49,23.97,14.91,15.37
2023-10-11,0.14,28.82,13.93,26.19
2023-10-12,17.9,29.4,14.88,7.55
2023-10-13,15.13,17.13,13.13,3.77
2023-10-14,1.08,20.26,13.01,5.92
2023-10-15,0.53,23.31,14.08,8.86
2023-10-16,32.85,29.57,15.69,19.8
2023-10-17,12.49,28.11,18.35,9.24
2023-10-18,2.46,22.77,14.44,8.5
2023-10-19,1.48,21.08,13.96,9.5
2023-10-20,1.79,22.85,14.07,8.98
2023-10-21,0.88,24.18,13.83,12.08
2023-10-22,0.16,26.02,13.33,14.96
2023-10-23,0.27,29.97,15.09,21.94
2023-10-24,0.41,30.38,17.98,14.54
2023-10-25,4.16,24.81,17.53,9.77
2023-10-26,2.38,25.81,15.77,9.44
2023-10-27,10.22,20.38,15.31,5.2
2023-10-28,10.07,28.92,16.2,10.03
2023-10-29,26.78,27.95,19.56,6.13
2023-10-30,13.4,29.22,20.68,11.91
2023-10-31,9.02,28.01,17.5,6.09
2023-11-01,2.43,23.93,16.53,12.37
2023-11-02,0.28,24.75,15.91,13.81
2023-11-03,18.92,29.41,16.35,7.81
2023-11-04,0.48,23.58,14.01,31.27
2023-11-05,0.04,24.54,11.9,28.23
2023-11-06,0.0,23.36,11.92,27.5
2023-11-07,0.0,25.12,12.12,24.53
2023-11-08,0.01,29.38,13.29,28.6
2023-11-09,1.88,31.17,17.12,21.49
2023-11-10,0.82,27.96,18.53,14.52
2023-11-11,0.0,32.52,18.28,26.01
2023-11-12,0.0,34.51,20.44,28.69
2023-11-13,0.06,34.22,20.07,24.49
2023-11-14,3.45,34.7,21.0,16.07
2023-11-15,0.75,33.98,19.51,21.96
2023-11-16,0.19,34.9,21.59,19.75
2023-11-17,1.02,36.49,22.2,19.9
2023-11-18,2.41,36.19,23.28,21.85
2023-11-19,7.32,23.0,17.01,4.32
2023-11-20,0.66,26.63,16.85,12.01
2023-11-21,0.14,31.93,15.98,19.53
2023-11-22,5.41,32.38,19.65,18.46
2023-11-23,16.58,26.75,17.65,9.73
2023-11-24,8.7,19.73,14.01,6.52
2023-11-25,4.13,17.24,13.31,7.92
2023-11-26,0.6,23.65,13.72,9.42
2023-11-27,1.26,26.11,16.92,11.51
2023-11-28,5.41,25.56,18.75,15.2
2023-11-29,5.28,29.86,20.2,19.36
2023-11-30,0.42,31.54,20.76,26.03
2023-12-01,0.05,32.46,20.23,22.88
2023-12-02,0.02,33.36,20.82,29.48
2023-12-03,0.16,34.11,22.49,25.79
2023-12-04,0.64,32.36,21.22,24.62
2023-12-05,0.79,28.95,20.66,16.94
2023-12-06,0.72,32.25,20.72,23.28
2023-12-07,3.92,32.74,21.23,21.97
2023-12-08,6.28,31.07,17.52,13.6
2023-12-09,0.91,25.89,16.41,9.97
2023-12-10,15.82,24.34,16.39,10.54
2023-12-11,4.65,27.57,16.95,20.04
2023-12-12,0.22,26.86,15.56,21.99
2023-12-13,0.01,29.81,14.86,31.21
2023-12-14,0.0,33.02,17.16,31.64
2023-12-15,0.25,34.89,19.42,29.53
2023-12-16,0.04,34.44,19.78,26.45
2023-12-17,0.0,32.03,19.22,21.88
2023-12-18,0.43,33.23,20.82,27.75
2023-12-19,0.18,31.07,19.35,25.33
2023-12-20,0.18,29.31,18.82,26.06
2023-12-21,0.09,32.43,18.41,19.77
2023-12-22,2.47,35.93,19.16,28.66
2023-12-23,9.84,32.01,20.26,16.25
2023-12-24,2.64,33.04,20.25,26.51
2023-12-25,1.44,34.08,20.46,24.07
2023-12-26,0.2,32.65,19.56,21.36
2023-12-27,0.22,29.42,17.71,18.75
2023-12-28,0.05,34.56,16.47,31.24
2023-12-29,0.76,36.94,17.82,23.52
2023-12-30,0.63,28.17,19.75,11.88
2023-12-31,1.63,27.19,18.11,22.99
2024-01-01,0.35,29.97,17.82,22.11
2024-01-02,0.04,31.11,18.16,20.65
2024-01-03,1.13,31.25,18.92,22.79
2024-01-04,1.39,31.12,18.68,18.09
2024-01-05,1.55,30.79,17.82,22.9
2024-01-06,0.81,31.42,18.43,23.16
2024-01-07,0.29,35.62,18.72,27.89
2024-01-08,2.29,37.93,19.51,26.34
2024-01-09,4.63,35.68,23.01,25.5
2024-01-10,1.36,36.57,21.4,26.58
2024-01-11,4.94,33.88,22.39,21.85
2024-01-12,7.38,30.53,19.17,13.84
2024-01-13,0.82,29.24,18.17,13.64
2024-01-14,0.01,35.74,16.79,28.02
2024-01-15,0.21,35.24,20.87,24.71
2024-01-16,0.54,35.85,22.48,26.23
2024-01-17,5.19,35.61,23.69,15.29
2024-01-18,14.03,33.85,22.02,20.91
2024-01-19,4.11,33.0,22.42,17.38
2024-01-20,15.76,31.8,21.15,12.8
2024-01-21,4.46,29.5,18.89,19.53
2024-01-22,6.15,26.74,17.65,14.23
2024-01-23,7.59,22.83,17.29,11.36
2024-01-24,4.7,25.04,17.29,16.27
2024-01-25,4.4,20.12,15.31,10.57
2024-01-26,4.23,22.8,14.8,12.48
2024-01-27,1.22,26.69,15.52,20.34
2024-01-28,3.47,27.89,16.99,16.81
2024-01-29,2.82,30.71,17.72,23.29
2024-01-30,0.31,32.53,17.16,25.49
2024-01-31,3.86,32.48,19.6,17.77
2024-02-01,2.75,29.38,19.25,19.03
2024-02-02,0.84,29.68,18.23,20.34
2024-02-03,9.83,30.41,18.37,16.9
2024-02-04,0.97,31.71,19.43,19.03
2024-02-05,0.06,32.96,19.28,24.85
2024-02-06,0.06,33.82,19.46,25.29
2024-02-07,0.02,34.13,19.25,24.34
2024-02-08,0.02,34.45,20.91,26.24
2024-02-09,0.03,33.96,20.56,24.52
2024-02-10,0.12,32.61,21.03,22.84
2024-02-11,0.05,34.95,20.07,26.24
2024-02-12,0.1,34.94,21.39,21.72
2024-02-13,0.73,35.91,23.11,23.96
2024-02-14,18.86,28.31,18.8,6.79
2024-02-15,10.25,25.06,18.16,8.81
2024-02-16,1.1,26.32,17.51,12.37
2024-02-17,0.71,30.14,18.06,16.91
2024-02-18,7.04,28.66,19.63,13.6
2024-02-19,13.22,30.05,19.08,21.99
2024-02-20,16.16,26.98,19.07,12.25
2024-02-21,9.08,26.14,18.54,9.78
2024-02-22,1.36,29.05,18.14,15.37
2024-02-23,1.27,32.53,19.28,20.73
2024-02-24,1.17,32.63,21.51,20.07
2024-02-25,8.42,29.22,21.46,17.49
2024-02-26,2.28,29.81,20.97,11.64
2024-02-27,1.65,33.04,20.09,19.63
2024-02-28,1.93,34.06,21.56,20.73
2024-02-29,7.58,32.01,22.04,19.63
2024-03-01,5.63,29.92,20.08,16.64
2024-03-02,0.44,29.52,19.23,25.59
2024-03-03,0.89,32.95,17.75,26.04
2024-03-04,0.82,34.42,18.84,24.31
2024-03-05,6.81,32.78,20.25,17.33
2024-03-06,2.08,30.62,19.08,9.92
2024-03-07,0.38,30.29,18.94,10.21
2024-03-08,1.82,28.89,20.43,9.55
2024-03-09,6.64,32.01,21.08,17.0
2024-03-10,2.05,32.37,21.75,18.24
2024-03-11,0.19,30.53,19.53,22.81
2024-03-12,0.02,31.83,17.7,25.79
2024-03-13,0.0,35.06,17.38,25.6
2024-03-14,0.0,36.71,17.87,23.01
2024-03-15,0.03,37.44,20.12,23.21
2024-03-16,1.23,35.97,23.12,23.01
2024-03-17,8.23,34.31,23.16,11.07
2024-03-18,1.53,33.25,23.22,15.28
2024-03-19,15.46,30.2,22.55,14.64
2024-03-20,0.58,33.02,21.66,21.21
2024-03-21,3.1,31.23,22.99,17.96
2024-03-22,2.51,25.19,17.01,8.58
2024-03-23,0.98,22.65,16.61,7.66
2024-03-24,0.46,25.96,17.09,10.71
2024-03-25,0.14,30.2,17.41,13.04
2024-03-26,0.49,28.28,18.45,10.63
2024-03-27,0.01,26.69,17.13,15.71
2024-03-28,0.12,27.67,16.67,12.8
2024-03-29,0.22,30.15,17.33,13.27
2024-03-30,0.01,32.53,17.52,21.54
2024-03-31,0.0,32.47,18.54,21.44
2024-04-01,0.04,30.65,18.72,18.58
2024-04-02,0.39,30.93,17.67,18.67
2024-04-03,0.07,33.6,19.07,17.74
2024-04-04,0.0,35.46,19.48,21.5
2024-04-05,0.56,34.57,20.01,20.43
2024-04-06,1.03,25.12,17.16,10.64
2024-04-07,1.58,29.38,16.11,9.86
2024-04-08,15.53,29.51,18.82,7.42
2024-04-09,4.36,29.05,19.09,15.21
2024-04-10,0.01,28.39,20.21,17.13
2024-04-11,0.75,29.21,19.19,11.89
2024-04-12,0.45,28.02,18.73,13.87
2024-04-13,2.04,28.86,19.3,11.08
2024-04-14,16.1,25.52,19.91,4.34
2024-04-15,10.48,24.67,20.05,5.19
2024-04-16,9.39,27.05,19.79,11.93
2024-04-17,2.75,27.71,19.05,11.9
2024-04-18,0.42,25.08,15.88,9.64
2024-04-19,0.03,23.61,12.13,20.04
2024-04-20,0.02,26.39,12.83,15.36
2024-04-21,0.01,29.26,14.55,17.87
2024-04-22,0.01,30.23,14.54,19.51
2024-04-23,0.73,31.14,17.0,15.93
2024-04-24,0.63,29.6,18.36,13.24
2024-04-25,1.03,27.78,19.11,5.24
2024-04-26,0.03,31.06,18.06,9.21
2024-04-27,0.02,32.05,18.01,18.05
2024-04-28,0.06,32.59,19.76,14.72
2024-04-29,0.05,32.8,19.6,14.59
2024-04-30,0.0,33.1,18.93,17.87
2024-05-01,0.0,32.95,17.79,18.17
2024-05-02,0.01,31.93,18.59,17.16
2024-05-03,0.03,31.74,17.83,17.1
2024-05-04,0.02,32.27,19.21,17.42
2024-05-05,0.07,32.52,17.79,17.9
2024-05-06,0.0,32.31,16.25,18.07
2024-05-07,0.02,32.96,17.73,17.56
2024-05-08,0.02,31.69,19.01,15.51
2024-05-09,0.06,31.6,19.84,14.23
2024-05-10,0.05,30.7,18.53,11.12
2024-05-11,0.01,31.88,18.4,16.28
2024-05-12,0.0,31.35,17.91,16.83
2024-05-13,0.14,31.15,18.08,15.49
2024-05-14,5.64,22.13,14.36,3.68
2024-05-15,0.85,21.28,13.6,4.14
2024-05-16,0.07,28.53,14.88,11.09
2024-05-17,0.02,29.54,16.71,12.91
2024-05-18,3.8,24.73,17.53,8.1
2024-05-19,9.17,21.58,15.11,3.99
2024-05-20,0.32,27.71,15.41,10.37
2024-05-21,0.01,27.02,12.55,9.64
2024-05-22,0.01,29.34,14.5,14.31
2024-05-23,0.43,30.03,14.96,15.96
2024-05-24,11.3,24.5,17.05,3.83
2024-05-25,1.99,19.37,12.0,7.22
2024-05-26,6.27,16.01,11.66,3.98
2024-05-27,9.04,21.51,13.19,3.1
2024-05-28,1.33,20.96,10.14,14.62
2024-05-29,0.04,20.57,6.5,16.0
2024-05-30,0.15,20.72,7.96,14.79
2024-05-31,0.05,19.84,9.8,11.44
2024-06-01,0.03,24.32,11.41,15.3
2024-06-02,0.0,25.75,10.98,15.28
2024-06-03,0.03,27.27,12.84,13.88
2024-06-04,0.23,21.39,12.21,7.15
2024-06-05,0.03,25.3,12.27,10.01
2024-06-06,0.01,27.32,14.08,13.62
2024-06-07,0.05,27.78,13.56,14.65
2024-06-08,0.01,27.44,15.5,13.91
2024-06-09,0.01,28.77,12.4,14.62
2024-06-10,0.01,29.24,14.61,14.92
2024-06-11,0.03,28.98,13.84,14.51
2024-06-12,0.04,28.07,14.79,13.45
2024-06-13,0.03,28.47,11.75,15.17
2024-06-14,0.05,28.06,12.99,15.0
2024-06-15,0.0,29.19,15.61,14.75
2024-06-16,0.03,28.64,14.89,13.33
2024-06-17,0.02,28.14,15.22,13.35
2024-06-18,0.0,28.42,14.91,14.56
2024-06-19,0.01,28.83,13.58,14.97
2024-06-20,0.0,29.19,14.92,13.35
2024-06-21,0.01,27.23,14.03,13.15
2024-06-22,0.01,26.63,13.78,12.21
2024-06-23,0.01,29.36,15.64,14.1
2024-06-24,1.59,29.6,16.29,12.21
2024-06-25,16.89,16.87,13.38,5.06
2024-06-26,0.76,26.77,12.35,12.47
2024-06-27,0.34,25.57,13.67,9.97
2024-06-28,0.02,27.08,12.13,11.04
2024-06-29,5.36,20.4,14.42,5.11
2024-06-30,0.53,21.14,9.27,10.0
2024-07-01,0.08,23.65,8.62,13.89
2024-07-02,0.02,25.73,9.88,14.83
2024-07-03,0.02,27.01,11.44,14.71
2024-07-04,0.0,27.97,13.08,10.72
2024-07-05,0.08,27.93,13.63,13.68
2024-07-06,0.37,22.25,12.59,6.9
2024-07-07,0.74,27.64,11.26,10.51
2024-07-08,12.74,13.8,11.09,2.95
2024-07-09,14.93,14.43,10.38,1.82
2024-07-10,7.98,16.71,10.01,4.65
2024-07-11,1.33,23.3,11.19,7.34
2024-07-12,3.4,18.71,11.85,6.2
2024-07-13,2.94,15.46,10.66,2.51
2024-07-14,6.96,23.57,10.66,9.26
2024-07-15,5.5,16.77,12.65,4.25
2024-07-16,2.61,20.1,13.23,9.41
2024-07-17,0.19,24.78,12.24,13.98
2024-07-18,0.06,25.12,13.02,10.65
2024-07-19,0.04,24.77,12.03,13.26
2024-07-20,0.03,23.26,8.98,16.02
2024-07-21,0.04,25.43,10.11,15.79
2024-07-22,0.0,26.89,10.02,16.26
2024-07-23,0.01,25.22,11.43,16.19
2024-07-24,0.01,25.99,10.66,15.15
2024-07-25,0.0,27.17,11.34,15.85
2024-07-26,0.02,26.65,13.14,12.63
2024-07-27,0.0,26.23,14.42,11.84
2024-07-28,0.02,29.38,12.4,15.22
2024-07-29,0.76,25.77,12.21,5.58
2024-07-30,0.86,15.72,11.18,5.3
2024-07-31,0.28,22.22,12.01,8.81
2024-08-01,0.04,26.18,12.18,11.35
2024-08-02,0.06,27.04,13.36,15.14
2024-08-03,0.06,28.22,13.32,16.91
2024-08-04,0.01,28.87,13.96,16.23
2024-08-05,0.0,30.27,15.43,15.8
2024-08-06,0.01,30.11,14.17,16.48
2024-08-07,0.05,29.71,15.6,15.42
2024-08-08,0.72,27.83,15.87,9.27
2024-08-09,8.36,18.25,11.8,1.54
2024-08-10,0.14,18.79,7.17,17.58
2024-08-11,0.05,23.4,4.91,17.08
2024-08-12,0.1,20.47,5.68,19.87
2024-08-13,0.05,17.64,4.48,13.76
2024-08-14,0.01,24.82,5.31,17.96
2024-08-15,0.02,29.85,8.76,17.9
2024-08-16,0.0,32.32,12.26,17.71
2024-08-17,0.05,32.79,13.55,17.48
2024-08-18,0.0,33.1,15.12,17.6
2024-08-19,0.0,33.75,15.6,19.09
2024-08-20,0.16,31.85,14.47,18.0
2024-08-21,0.19,29.22,15.85,15.25
2024-08-22,0.05,32.54,13.48,19.45
2024-08-23,5.47,32.6,16.08,15.7
2024-08-24,24.08,15.59,12.28,1.35
2024-08-25,0.52,20.28,7.25,10.34
2024-08-26,0.04,19.11,3.31,21.97
2024-08-27,0.07,20.51,4.57,21.4
2024-08-28,0.08,22.33,7.17,12.47
2024-08-29,0.08,27.98,10.22,17.33
2024-08-30,0.16,31.3,12.58,20.6
2024-08-31,0.2,30.86,12.92,18.66
2024-09-01,0.0,32.04,13.73,18.02
2024-09-02,0.01,31.66,17.27,9.1
2024-09-03,0.03,33.64,14.05,16.89
2024-09-04,0.02,33.26,15.34,15.05
2024-09-05,0.59,28.64,12.13,8.36
2024-09-06,0.09,22.63,11.07,6.76
2024-09-07,0.03,34.52,12.75,14.35
2024-09-08,0.0,35.51,19.45,14.24
2024-09-09,0.06,33.85,19.93,14.94
2024-09-10,0.02,32.17,17.35,12.4
2024-09-11,0.0,33.79,15.12,20.46
2024-09-12,0.01,35.01,16.67,21.67
2024-09-13,0.02,34.61,15.53,20.02
2024-09-14,0.1,33.97,17.74,11.16
2024-09-15,16.31,19.55,14.3,2.26
2024-09-16,5.67,20.37,13.68,4.53
2024-09-17,0.39,21.48,12.98,13.17
2024-09-18,0.96,23.27,12.43,7.01
2024-09-19,1.68,24.66,14.41,8.21
2024-09-20,2.75,33.74,15.01,16.65
2024-09-21,4.95,27.74,18.02,4.51
2024-09-22,0.16,33.2,16.23,16.87
2024-09-23,0.13,34.46,17.34,20.17
2024-09-24,0.11,35.13,17.33,21.45
2024-09-25,0.12,36.46,16.46,22.26
2024-09-26,0.93,37.4,17.55,20.01
2024-09-27,4.45,26.92,15.62,6.03
2024-09-28,0.0,26.26,13.9,16.57
2024-09-29,0.0,31.18,13.14,15.15
2024-09-30,0.0,33.93,15.4,19.6
2024-10-01,0.0,37.02,18.39,23.62
2024-10-02,1.82,36.79,16.55,13.63
2024-10-03,7.89,22.78,13.4,4.89
2024-10-04,0.31,21.96,12.68,7.69
2024-10-05,0.09,27.59,12.34,16.57
2024-10-06,0.03,30.12,13.98,22.6
2024-10-07,0.01,28.45,15.22,19.75
2024-10-08,0.08,35.97,14.18,16.19
2024-10-09,2.82,25.04,15.98,3.86
2024-10-10,13.6,24.44,15.84,6.66
2024-10-11,8.98,29.75,16.68,8.57
2024-10-12,0.17,29.88,16.94,19.08
2024-10-13,0.07,26.34,15.37,13.56
2024-10-14,0.01,25.91,14.43,12.7
2024-10-15,1.62,31.11,15.35,14.2
2024-10-16,1.14,32.61,16.23,19.82
2024-10-17,0.11,33.82,16.53,21.9
2024-10-18,1.52,30.29,16.8,16.74
2024-10-19,9.68,21.26,13.55,4.88
2024-10-20,0.61,24.46,13.19,8.45
2024-10-21,0.48,27.78,16.9,10.64
2024-10-22,0.47,34.17,17.75,19.91
2024-10-23,11.06,31.05,21.1,8.34
2024-10-24,10.38,31.93,20.03,17.55
2024-10-25,7.87,32.23,21.59,12.71
2024-10-26,0.01,32.4,17.63,20.62
2024-10-27,0.12,25.24,15.4,9.99
2024-10-28,0.04,28.22,14.38,11.98
2024-10-29,0.42,30.34,15.79,18.16
2024-10-30,0.66,28.89,16.25,23.48
2024-10-31,0.24,28.15,16.86,22.44
2024-11-01,2.79,29.41,15.95,16.74
2024-11-02,10.28,23.54,18.03,10.9
2024-11-03,13.57,25.15,18.85,6.36
2024-11-04,3.0,28.6,18.76,5.97
2024-11-05,1.12,30.59,19.17,16.35
2024-11-06,11.07,27.87,19.56,9.14
2024-11-07,10.02,25.92,19.91,9.5
2024-11-08,6.48,25.58,17.41,15.86
2024-11-09,0.96,25.63,15.94,11.15
2024-11-10,0.04,27.19,14.79,18.22
2024-11-11,0.0,32.29,14.72,28.73
2024-11-12,3.85,32.09,15.39,18.21
2024-11-13,0.81,27.0,13.82,11.22
2024-11-14,0.0,26.08,14.17,18.24
2024-11-15,0.1,28.35,14.66,12.11
2024-11-16,0.05,29.71,17.67,17.3
2024-11-17,0.01,32.17,17.81,21.34
2024-11-18,0.0,35.08,17.01,29.48
2024-11-19,0.01,32.28,18.76,23.91
2024-11-20,0.06,35.91,19.22,22.58
2024-11-21,9.66,27.32,17.36,13.57
2024-11-22,0.8,27.84,17.21,12.15
2024-11-23,1.28,27.36,16.24,15.14
2024-11-24,0.22,26.43,15.5,19.28
2024-11-25,0.03,32.59,14.83,25.8
2024-11-26,0.02,33.42,16.56,26.55
2024-11-27,0.1,35.83,20.99,26.79
2024-11-28,9.8,30.93,21.96,16.02
2024-11-29,3.82,32.32,21.11,17.56
2024-11-30,0.88,34.5,20.97,15.19
2024-12-01,0.27,33.05,20.0,21.92
2024-12-02,8.09,33.5,22.23,12.99
2024-12-03,16.34,24.54,18.3,10.92
2024-12-04,1.85,24.81,17.2,9.01
2024-12-05,0.34,30.17,16.68,8.59
2024-12-06,3.39,32.99,18.57,23.04
2024-12-07,32.87,27.29,21.0,8.47
2024-12-08,14.78,20.93,18.03,7.26
2024-12-09,15.45,23.66,17.89,6.19
2024-12-10,20.72,25.84,17.68,12.52
2024-12-11,1.37,25.58,16.72,21.09
2024-12-12,0.08,25.7,15.68,26.52
2024-12-13,2.56,26.42,16.69,20.93
2024-12-14,5.78,26.27,18.03,11.16
2024-12-15,0.12,29.31,19.25,28.79
2024-12-16,0.11,29.01,16.97,32.33
2024-12-17,0.63,29.67,17.2,24.89
2024-12-18,0.27,29.12,16.41,25.04
2024-12-19,0.25,32.74,16.45,25.84
2024-12-20,4.85,30.75,20.92,11.03
2024-12-21,3.24,28.32,19.93,18.27
2024-12-22,0.92,29.99,19.2,14.95
2024-12-23,0.83,25.79,17.1,14.69
2024-12-24,0.19,30.18,17.2,20.65
2024-12-25,2.45,31.24,17.26,21.93
2024-12-26,6.29,28.75,19.28,9.73
2024-12-27,0.92,33.07,18.68,21.32
2024-12-28,5.12,33.06,19.58,20.81
2024-12-29,7.33,29.55,18.98,19.61
2024-12-30,0.69,29.81,18.11,18.7
2024-12-31,0.56,31.65,18.39,21.83
2025-01-01,2.67,32.29,18.78,21.36
2025-01-02,1.89,33.3,19.19,26.54
2025-01-03,1.88,33.47,19.1,25.7
2025-01-04,2.18,33.04,19.34,22.73
2025-01-05,1.54,31.84,18.8,17.96
2025-01-06,0.46,31.62,17.91,21.63
2025-01-07,1.13,31.08,18.85,18.83
2025-01-08,3.28,29.14,18.43,17.14
2025-01-09,1.51,28.77,17.31,17.0
2025-01-10,0.26,28.93,16.41,23.67
2025-01-11,2.05,29.0,16.43,18.37
2025-01-12,1.79,23.44,16.53,13.73
2025-01-13,0.1,28.39,15.64,24.43
2025-01-14,0.01,28.92,15.37,28.09
2025-01-15,0.15,30.95,15.99,14.1
2025-01-16,15.69,27.73,19.56,12.85
2025-01-17,18.92,26.87,20.59,8.24
2025-01-18,5.29,29.4,20.51,14.06
2025-01-19,9.44,29.71,20.85,15.27
2025-01-20,1.87,30.65,21.52,24.61
2025-01-21,2.63,31.35,21.99,21.87
2025-01-22,6.12,33.05,20.46,19.75
2025-01-23,3.26,31.96,21.35,25.31
2025-01-24,1.02,31.27,20.45,20.99
2025-01-25,2.23,34.4,20.86,24.72
2025-01-26,1.25,32.83,20.23,19.69
2025-01-27,0.89,30.31,18.46,17.53
2025-01-28,6.61,26.32,19.58,17.63
2025-01-29,3.82,30.08,19.18,15.66
2025-01-30,4.55,30.24,18.3,13.85
2025-01-31,4.17,31.11,18.8,15.03
2025-02-01,5.95,29.42,20.41,14.25
2025-02-02,3.15,30.61,20.17,16.96
2025-02-03,13.28,26.78,20.38,8.84
2025-02-04,12.7,25.57,20.19,6.23
2025-02-05,5.83,26.88,19.56,15.51
2025-02-06,1.47,28.57,20.11,19.38
2025-02-07,4.78,29.47,19.36,24.31
2025-02-08,2.12,28.62,20.8,12.76
2025-02-09,0.22,30.1,19.87,22.52
2025-02-10,0.03,31.95,19.52,26.2
2025-02-11,1.51,33.1,20.96,25.89
2025-02-12,1.72,33.97,19.52,25.02
2025-02-13,6.66,32.54,21.21,18.05
2025-02-14,1.09,30.54,20.84,20.08
2025-02-15,2.61,32.93,21.27,23.76
2025-02-16,1.16,34.07,21.62,24.86
2025-02-17,0.32,35.86,22.95,26.44
2025-02-18,6.91,32.12,19.8,14.97
2025-02-19,5.25,31.61,18.65,22.34
2025-02-20,3.59,33.52,20.96,22.07
2025-02-21,1.99,32.31,21.3,19.23
2025-02-22,0.31,30.66,20.24,21.75
2025-02-23,0.07,31.33,19.59,23.43
2025-02-24,0.59,31.99,20.01,22.33
2025-02-25,0.21,32.27,21.23,24.08
2025-02-26,1.01,34.74,21.34,24.96
2025-02-27,22.83,34.73,21.05,25.95
2025-02-28,4.94,30.47,19.68,24.34
2025-03-01,0.01,31.96,20.76,25.38
2025-03-02,0.01,33.65,19.28,25.9
2025-03-03,0.0,32.27,20.93,25.34
2025-03-04,0.02,31.41,19.78,23.05
2025-03-05,0.01,31.65,19.98,16.08
2025-03-06,0.17,31.19,20.06,21.32
2025-03-07,0.79,30.58,19.81,22.66
2025-03-08,0.08,33.28,19.62,21.73
2025-03-09,1.76,35.04,19.19,23.28
2025-03-10,2.0,27.96,19.65,15.39
2025-03-11,6.7,30.75,19.13,15.87
2025-03-12,4.89,31.55,19.41,13.68
2025-03-13,5.11,30.2,20.01,15.18
2025-03-14,0.89,29.68,19.27,13.81
2025-03-15,2.97,30.47,18.82,12.12
2025-03-16,3.62,26.7,18.17,8.37
2025-03-17,1.75,29.74,17.43,10.22
2025-03-18,4.66,31.86,18.42,17.65
2025-03-19,12.17,27.06,17.0,15.39
2025-03-20,0.29,27.11,15.99,21.2
2025-03-21,0.01,28.21,16.05,23.76
2025-03-22,0.27,31.37,15.49,17.89
2025-03-23,3.08,28.65,19.07,7.94
2025-03-24,3.26,30.89,19.25,21.93
2025-03-25,4.3,32.4,19.38,21.2
2025-03-26,7.12,26.15,19.44,13.63
2025-03-27,0.48,28.86,18.24,17.96
2025-03-28,0.07,31.43,18.48,14.97
2025-03-29,0.11,31.35,20.3,19.1
2025-03-30,0.01,29.51,19.93,17.15
2025-03-31,0.09,32.92,18.61,18.52
