data,PRECTOTCORR,T2M_MAX,T2M_MIN,ALLSKY_SFC_SW_DWN
2013-10-01,2.6,30.88,22.05,10.99
2013-10-02,11.99,28.21,22.34,6.09
2013-10-03,11.7,30.27,20.77,22.86
2013-10-04,8.79,27.15,20.16,6.44
2013-10-05,0.0,27.76,16.47,26.87
2013-10-06,0.0,27.72,14.89,26.76
2013-10-07,0.01,27.51,15.78,24.69
2013-10-08,0.67,26.91,15.58,19.07
2013-10-09,0.0,30.14,16.7,26.66
2013-10-10,0.0,30.97,17.59,25.29
2013-10-11,0.0,31.59,18.06,22.87
2013-10-12,0.02,29.82,20.44,10.41
2013-10-13,0.0,34.08,19.2,23.23
2013-10-14,1.24,30.36,23.18,21.23
2013-10-15,2.45,27.52,22.09,6.57
2013-10-16,7.36,25.85,20.57,10.45
2013-10-17,6.22,29.56,20.04,17.19
2013-10-18,0.6,31.35,20.0,21.2
2013-10-19,0.0,31.85,17.46,29.22
2013-10-20,0.0,34.58,18.32,29.28
2013-10-21,0.83,35.12,24.13,25.94
2013-10-22,0.3,31.16,23.35,24.32
2013-10-23,0.03,31.78,23.43,22.53
2013-10-24,0.81,36.02,22.72,22.75
2013-10-25,5.28,30.25,23.76,22.93
2013-10-26,0.01,36.34,21.04,22.18
2013-10-27,0.55,34.77,23.32,22.96
2013-10-28,0.0,33.83,20.39,28.97
2013-10-29,0.0,34.34,17.62,28.75
2013-10-30,0.0,35.15,19.92,27.26
2013-10-31,0.28,34.78,22.5,26.8
2013-11-01,1.48,32.89,22.18,24.38
2013-11-02,0.36,35.5,21.63,23.42
2013-11-03,2.33,28.29,24.11,21.41
2013-11-04,3.0,27.85,21.78,12.61
2013-11-05,0.26,31.57,20.21,17.17
2013-11-06,0.22,31.12,19.61,11.76
2013-11-07,0.21,32.39,19.21,18.88
2013-11-08,0.18,34.07,19.95,28.26
2013-11-09,0.0,36.78,22.14,28.83
2013-11-10,1.37,37.39,23.9,26.91
2013-11-11,8.76,34.86,25.92,15.01
2013-11-12,0.12,31.26,25.07,20.66
2013-11-13,0.1,35.45,21.85,28.79
2013-11-14,0.01,36.56,20.61,29.8
2013-11-15,0.16,36.6,23.53,28.54
2013-11-16,10.39,32.74,24.1,11.09
2013-11-17,3.22,32.36,21.7,21.54
2013-11-18,1.72,33.53,21.13,24.48
2013-11-19,0.44,33.75,23.81,21.36
2013-11-20,0.36,36.21,23.26,23.05
2013-11-21,3.49,29.67,23.61,18.37
2013-11-22,25.33,28.69,22.17,16.54
2013-11-23,1.56,30.01,20.15,13.84
2013-11-24,1.38,27.83,21.31,18.99
2013-11-25,4.45,28.22,21.35,20.53
2013-11-26,0.21,31.88,20.17,25.64
2013-11-27,0.0,32.35,21.56,27.72
2013-11-28,0.05,35.68,21.87,29.43
2013-11-29,0.61,36.64,24.09,25.84
2013-11-30,3.99,30.35,24.44,24.68
2013-12-01,4.98,30.8,23.82,22.76
2013-12-02,0.71,31.12,23.95,16.57
2013-12-03,0.89,33.91,23.66,26.29
2013-12-04,2.41,35.51,23.79,27.86
2013-12-05,3.1,35.61,25.09,27.56
2013-12-06,1.56,34.1,24.53,25.61
2013-12-07,0.76,30.6,24.99,16.93
2013-12-08,2.82,33.54,23.44,25.2
2013-12-09,6.33,31.93,24.87,25.01
2013-12-10,16.53,27.69,23.61,12.05
2013-12-11,10.03,30.65,22.39,19.89
2013-12-12,0.12,31.84,21.26,28.71
2013-12-13,0.0,33.51,20.73,28.64
2013-12-14,10.65,29.6,22.85,19.45
2013-12-15,0.07,33.78,21.89,26.73
2013-12-16,0.23,34.21,23.31,27.02
2013-12-17,0.0,34.06,22.05,29.47
2013-12-18,0.0,34.96,21.33,30.24
2013-12-19,0.0,35.57,22.27,29.3
2013-12-20,0.26,36.19,23.41,25.98
2013-12-21,0.05,34.55,23.82,28.34
2013-12-22,4.12,34.89,23.01,28.58
2013-12-23,4.85,27.51,23.08,15.66
2013-12-24,5.17,28.9,22.06,19.01
2013-12-25,1.86,32.87,22.43,21.7
2013-12-26,0.0,36.11,23.09,25.96
2013-12-27,2.13,36.44,24.99,22.13
2013-12-28,6.64,32.37,24.9,20.73
2013-12-29,9.49,29.47,23.95,17.01
2013-12-30,13.14,30.26,23.86,16.23
2013-12-31,9.11,29.85,23.86,13.15
2014-01-01,4.91,31.55,23.08,21.05
2014-01-02,0.62,31.97,23.72,25.94
2014-01-03,2.47,33.82,24.54,28.2
2014-01-04,2.51,35.61,24.25,27.6
2014-01-05,1.32,32.97,24.01,28.22
2014-01-06,1.36,32.55,24.14,22.29
2014-01-07,2.77,33.37,22.41,22.85
2014-01-08,8.48,29.76,24.16,27.65
2014-01-09,0.24,30.52,23.77,19.88
2014-01-10,1.3,33.26,22.42,28.5
2014-01-11,1.1,32.53,22.41,23.03
2014-01-12,12.24,30.59,23.78,20.91
2014-01-13,3.89,30.41,22.79,14.34
2014-01-14,7.16,31.18,21.27,21.99
2014-01-15,0.15,30.08,22.39,20.51
2014-01-16,3.68,31.92,21.26,15.96
2014-01-17,0.81,30.92,22.51,22.73
2014-01-18,2.63,30.75,23.05,27.3
2014-01-19,0.45,32.93,22.64,29.77
2014-01-20,0.03,35.78,21.03,29.76
2014-01-21,0.27,34.58,22.96,26.94
2014-01-22,2.97,32.89,24.21,26.49
2014-01-23,0.15,33.49,24.34,20.18
2014-01-24,20.49,32.36,23.82,26.54
2014-01-25,0.29,29.95,22.63,24.09
2014-01-26,4.24,32.2,22.67,23.89
2014-01-27,4.77,33.09,23.19,25.61
2014-01-28,1.6,32.74,21.65,28.96
2014-01-29,0.0,34.68,20.92,30.2
2014-01-30,0.0,34.37,22.02,27.61
2014-01-31,0.0,35.51,23.05,29.56
2014-02-01,0.0,37.16,24.31,29.26
2014-02-02,0.0,37.0,23.15,28.17
2014-02-03,0.0,35.08,23.11,27.66
2014-02-04,0.02,37.42,24.33,28.02
2014-02-05,0.0,37.93,24.39,28.03
2014-02-06,0.01,38.4,26.21,28.4
2014-02-07,0.0,38.72,23.66,29.83
2014-02-08,0.54,36.31,23.2,27.93
2014-02-09,0.11,37.88,24.19,23.52
2014-02-10,0.05,39.86,24.48,26.87
2014-02-11,0.01,37.08,26.05,25.45
2014-02-12,1.02,36.73,23.57,22.34
2014-02-13,4.86,31.55,24.25,19.7
2014-02-14,18.48,33.77,23.06,21.66
2014-02-15,41.74,28.73,22.37,13.91
2014-02-16,11.81,29.4,22.05,16.35
2014-02-17,2.5,30.44,20.96,19.98
2014-02-18,5.22,30.87,21.33,20.88
2014-02-19,0.88,30.77,21.47,24.6
2014-02-20,0.69,30.8,21.41,23.4
2014-02-21,10.18,28.12,22.69,13.98
2014-02-22,12.77,26.97,21.99,14.73
2014-02-23,5.68,27.78,21.74,17.94
2014-02-24,9.72,29.62,21.57,13.52
2014-02-25,0.57,30.04,21.26,14.84
2014-02-26,1.31,30.55,21.43,23.7
2014-02-27,5.48,31.59,22.23,19.5
2014-02-28,14.03,28.96,22.83,20.18
2014-03-01,3.39,29.66,22.38,20.65
2014-03-02,0.05,30.99,21.47,25.3
2014-03-03,25.78,30.68,22.51,20.6
2014-03-04,7.93,28.72,23.06,18.53
2014-03-05,10.52,28.13,22.79,14.59
2014-03-06,14.37,29.29,22.29,23.38
2014-03-07,13.59,30.05,22.51,19.98
2014-03-08,1.44,29.71,19.95,20.18
2014-03-09,0.02,30.17,20.25,25.92
2014-03-10,3.5,29.18,22.09,22.14
2014-03-11,7.28,27.63,22.45,20.37
2014-03-12,2.98,26.26,21.95,11.85
2014-03-13,1.69,27.32,21.52,18.29
2014-03-14,0.02,30.79,20.25,23.21
2014-03-15,0.46,31.71,21.28,23.85
2014-03-16,0.19,31.98,22.08,22.46
2014-03-17,0.08,32.0,21.57,23.98
2014-03-18,3.21,31.94,22.66,24.62
2014-03-19,0.29,31.27,21.5,23.33
2014-03-20,5.13,29.97,23.39,17.72
2014-03-21,9.93,27.64,22.99,16.01
2014-03-22,1.57,29.29,22.23,15.04
2014-03-23,0.0,30.26,21.42,22.32
2014-03-24,0.0,30.29,18.94,22.97
2014-03-25,0.0,30.93,20.05,22.74
2014-03-26,0.73,31.07,20.15,22.78
2014-03-27,0.06,30.2,20.44,21.15
2014-03-28,0.97,29.96,21.12,21.85
2014-03-29,4.2,29.05,21.58,18.24
2014-03-30,10.29,27.46,21.83,13.87
2014-03-31,3.33,27.78,21.64,16.51
2014-04-01,0.61,31.13,21.85,19.88
2014-04-02,0.01,31.87,21.55,21.85
2014-04-03,0.0,31.79,21.34,22.13
2014-04-04,0.0,31.93,21.6,22.4
2014-04-05,0.0,32.4,22.13,21.79
2014-04-06,0.0,33.14,21.49,22.1
2014-04-07,0.02,33.52,22.67,21.06
2014-04-08,2.51,33.79,23.03,18.61
2014-04-09,8.08,32.02,24.44,13.69
2014-04-10,0.01,28.35,23.44,15.57
2014-04-11,0.42,30.89,22.39,17.57
2014-04-12,8.51,28.49,23.59,15.51
2014-04-13,0.44,29.34,22.96,14.04
2014-04-14,4.55,29.87,20.31,11.93
2014-04-15,2.58,25.44,18.61,9.05
2014-04-16,1.12,30.06,19.44,14.29
2014-04-17,0.01,31.73,20.01,20.35
2014-04-18,0.0,31.84,20.77,19.18
2014-04-19,2.98,31.97,20.87,16.4
2014-04-20,0.0,30.5,21.68,19.94
2014-04-21,0.37,30.59,22.62,18.09
2014-04-22,2.77,29.81,21.47,13.1
2014-04-23,0.21,28.54,20.91,10.5
2014-04-24,0.0,29.83,21.48,16.02
2014-04-25,0.0,29.33,18.62,19.35
2014-04-26,0.0,29.82,17.79,20.87
2014-04-27,0.0,28.74,15.93,20.92
2014-04-28,0.0,29.62,15.07,19.51
2014-04-29,0.0,30.58,15.79,19.75
2014-04-30,0.0,29.36,17.01,18.3
2014-05-01,0.57,28.95,16.25,9.84
2014-05-02,0.0,29.26,16.08,12.18
2014-05-03,0.0,27.72,18.56,13.03
2014-05-04,0.0,31.78,16.11,19.11
2014-05-05,0.0,32.24,17.79,15.51
2014-05-06,0.0,30.0,18.67,13.88
2014-05-07,0.0,32.43,18.82,14.43
2014-05-08,0.0,32.34,19.84,17.03
2014-05-09,0.0,31.15,18.5,17.71
2014-05-10,0.0,29.22,15.69,18.69
2014-05-11,0.0,29.27,15.79,18.95
2014-05-12,0.0,30.91,15.32,17.9
2014-05-13,0.0,30.84,17.3,13.72
2014-05-14,0.0,30.92,18.97,16.44
2014-05-15,0.0,29.81,16.59,17.08
2014-05-16,0.0,31.26,16.63,13.65
2014-05-17,0.62,31.29,18.57,15.53
2014-05-18,0.75,31.01,19.16,15.48
2014-05-19,0.0,31.49,17.05,17.24
2014-05-20,0.0,31.61,16.89,16.3
2014-05-21,0.41,32.3,17.26,17.0
2014-05-22,17.27,29.24,21.05,10.79
2014-05-23,6.59,26.64,18.04,5.75
2014-05-24,0.06,26.0,16.42,7.11
2014-05-25,0.34,24.1,18.72,7.59
2014-05-26,0.05,22.36,12.64,11.72
2014-05-27,0.0,21.46,9.9,7.36
2014-05-28,0.03,23.62,10.95,12.0
2014-05-29,0.08,25.29,12.3,16.57
2014-05-30,0.0,26.93,13.98,17.43
2014-05-31,0.0,29.3,13.07,16.05
2014-06-01,2.26,23.61,17.96,4.63
2014-06-02,0.14,24.81,11.88,17.51
2014-06-03,0.01,24.19,8.41,17.5
2014-06-04,0.03,28.17,10.32,15.92
2014-06-05,0.03,31.24,16.88,13.23
2014-06-06,0.0,30.71,17.79,7.21
2014-06-07,0.0,32.18,19.68,14.43
2014-06-08,0.01,32.12,18.73,15.34
2014-06-09,0.22,29.49,20.47,13.35
2014-06-10,0.0,30.38,19.17,14.51
2014-06-11,0.0,30.42,17.62,15.84
2014-06-12,0.0,30.51,17.54,15.81
2014-06-13,0.0,30.48,17.48,14.76
2014-06-14,0.0,30.85,17.65,12.91
2014-06-15,0.0,31.02,17.86,15.05
2014-06-16,0.0,31.09,18.08,15.77
2014-06-17,0.0,31.07,17.21,15.85
2014-06-18,0.14,30.44,18.36,15.36
2014-06-19,0.64,28.19,16.33,15.74
2014-06-20,0.0,27.1,14.15,15.46
2014-06-21,0.0,27.64,12.62,12.7
2014-06-22,0.0,28.89,13.89,15.85
2014-06-23,0.0,30.15,17.37,14.87
2014-06-24,0.0,30.65,16.54,15.68
2014-06-25,0.0,30.4,16.46,15.45
2014-06-26,0.0,30.57,16.75,14.51
2014-06-27,0.0,31.59,17.71,15.75
2014-06-28,0.02,30.13,19.14,12.68
2014-06-29,0.0,22.24,14.0,5.76
2014-06-30,0.0,24.01,10.21,16.85
2014-07-01,0.0,28.7,11.28,16.24
2014-07-02,0.0,31.53,15.92,15.21
2014-07-03,0.0,32.66,17.24,15.5
2014-07-04,0.0,32.59,17.46,15.32
2014-07-05,0.0,31.18,17.14,15.32
2014-07-06,0.0,30.87,15.31,15.43
2014-07-07,0.04,25.24,18.04,5.45
2014-07-08,0.69,28.99,17.42,9.66
2014-07-09,1.45,27.72,17.7,11.43
2014-07-10,0.09,27.44,17.43,6.72
2014-07-11,0.01,27.15,15.15,16.84
2014-07-12,0.03,28.1,14.15,16.24
2014-07-13,0.0,29.31,14.29,16.72
2014-07-14,0.0,30.02,14.45,16.55
2014-07-15,0.0,30.48,14.72,16.81
2014-07-16,0.0,31.19,16.01,16.62
2014-07-17,0.01,31.98,19.47,16.45
2014-07-18,0.88,27.2,16.81,7.82
2014-07-19,0.0,26.46,13.11,18.45
2014-07-20,0.04,27.29,9.5,17.88
2014-07-21,0.0,29.72,10.75,18.41
2014-07-22,0.0,32.3,13.39,17.07
2014-07-23,1.73,32.86,19.67,14.38
2014-07-24,20.77,24.58,13.98,2.76
2014-07-25,0.5,20.92,11.5,8.32
2014-07-26,13.29,17.5,13.32,7.52
2014-07-27,2.41,20.09,13.81,7.09
2014-07-28,0.08,24.12,15.41,8.4
2014-07-29,0.0,27.12,14.72,17.23
2014-07-30,0.0,28.33,15.07,17.67
2014-07-31,0.0,29.07,14.69,18.4
2014-08-01,0.0,30.05,15.99,18.55
2014-08-02,0.0,30.45,15.63,18.79
2014-08-03,0.0,31.21,15.75,19.14
2014-08-04,0.0,31.73,16.85,17.92
2014-08-05,0.0,29.63,17.68,18.21
2014-08-06,0.0,30.98,14.33,19.08
2014-08-07,0.0,30.76,16.72,18.83
2014-08-08,0.0,30.7,15.42,19.05
2014-08-09,0.0,30.3,16.04,18.62
2014-08-10,0.0,29.95,14.13,17.5
2014-08-11,0.0,32.32,14.95,19.51
2014-08-12,0.0,33.01,18.1,19.19
2014-08-13,1.83,29.82,17.16,8.22
2014-08-14,0.0,26.67,13.37,18.7
2014-08-15,0.0,32.34,15.1,18.42
2014-08-16,0.0,32.14,18.77,18.97
2014-08-17,0.0,31.55,19.38,17.45
2014-08-18,0.0,31.63,19.91,18.69
2014-08-19,0.0,31.47,18.17,20.71
2014-08-20,0.0,32.07,15.49,21.33
2014-08-21,0.0,33.78,16.35,21.12
2014-08-22,0.0,34.36,17.54,21.07
2014-08-23,0.0,34.99,17.41,21.33
2014-08-24,0.0,34.43,17.32,21.0
2014-08-25,0.0,34.86,17.37,21.01
2014-08-26,0.02,29.92,19.23,15.91
2014-08-27,0.0,26.94,15.95,14.93
2014-08-28,0.0,33.03,16.31,17.37
2014-08-29,0.0,33.63,19.04,19.88
2014-08-30,0.0,35.66,18.55,20.75
2014-08-31,0.0,36.9,19.98,20.36
2014-09-01,0.01,36.14,20.45,18.6
2014-09-02,6.78,37.37,23.4,18.86
2014-09-03,0.98,34.92,22.41,18.87
2014-09-04,0.0,31.74,20.08,22.13
2014-09-05,0.0,32.17,17.5,23.17
2014-09-06,0.0,34.01,18.68,22.74
2014-09-07,0.31,34.94,19.69,9.9
2014-09-08,0.0,34.38,19.76,22.09
2014-09-09,0.0,35.41,19.03,23.28
2014-09-10,0.0,36.21,18.96,24.01
2014-09-11,0.0,37.24,20.38,22.98
2014-09-12,0.0,37.2,20.44,24.08
2014-09-13,0.0,36.29,19.04,24.22
2014-09-14,0.0,37.98,19.41,24.2
2014-09-15,0.0,37.71,21.84,13.25
2014-09-16,0.0,33.74,20.14,23.99
2014-09-17,0.0,37.39,20.3,24.06
2014-09-18,0.0,38.97,21.65,18.51
2014-09-19,10.26,37.82,24.44,12.92
2014-09-20,10.0,34.93,22.67,4.59
2014-09-21,2.22,30.56,19.27,24.52
2014-09-22,0.08,31.22,17.57,25.01
2014-09-23,0.0,35.47,16.08,25.14
2014-09-24,24.66,33.24,23.37,14.96
2014-09-25,2.62,31.42,22.6,15.64
2014-09-26,12.47,29.59,22.89,12.76
2014-09-27,5.37,31.2,22.01,3.81
2014-09-28,0.02,31.74,21.87,15.8
2014-09-29,25.22,32.26,21.97,19.53
2014-09-30,0.36,29.46,22.31,14.87
2014-10-01,3.67,34.14,23.17,17.28
2014-10-02,0.01,30.56,19.17,24.13
2014-10-03,0.01,29.2,16.33,26.98
2014-10-04,0.0,29.38,14.45,26.86
2014-10-05,0.0,30.84,14.61,24.79
2014-10-06,0.0,31.73,15.37,25.16
2014-10-07,0.0,32.33,16.27,20.39
2014-10-08,0.0,33.85,17.39,27.48
2014-10-09,0.0,35.44,17.75,27.62
2014-10-10,0.0,37.46,19.57,27.16
2014-10-11,0.0,37.97,21.24,27.06
2014-10-12,0.0,38.9,21.29,26.9
2014-10-13,0.0,39.73,21.82,26.47
2014-10-14,0.0,40.49,24.33,26.79
2014-10-15,0.0,40.58,26.14,24.96
2014-10-16,0.0,41.64,24.39,24.98
2014-10-17,0.0,41.67,24.93,24.04
2014-10-18,0.0,41.51,24.68,22.09
2014-10-19,1.21,39.44,24.94,17.61
2014-10-20,3.46,35.98,23.6,6.83
2014-10-21,0.0,34.55,22.93,25.33
2014-10-22,0.0,36.45,20.0,27.55
2014-10-23,13.61,33.77,23.1,26.28
2014-10-24,6.23,31.91,23.29,14.21
2014-10-25,13.55,25.31,21.21,10.55
2014-10-26,0.85,30.13,20.19,17.48
2014-10-27,0.02,32.79,20.9,25.78
2014-10-28,0.0,34.19,20.6,29.35
2014-10-29,0.0,34.83,18.82,30.07
2014-10-30,19.46,34.65,21.98,24.48
2014-10-31,6.45,28.97,23.43,19.52
2014-11-01,4.91,31.12,22.11,22.03
2014-11-02,8.63,30.07,23.09,23.77
2014-11-03,17.68,27.96,22.56,15.75
2014-11-04,25.91,27.08,22.43,12.93
2014-11-05,5.2,30.55,22.36,25.01
2014-11-06,0.81,32.41,20.58,28.38
2014-11-07,17.12,31.2,23.47,23.87
2014-11-08,0.11,30.1,23.01,13.79
2014-11-09,0.04,31.02,22.23,24.6
2014-11-10,0.0,32.05,20.57,30.38
2014-11-11,0.4,32.96,17.96,29.04
2014-11-12,12.99,28.65,22.92,18.09
2014-11-13,0.19,31.71,21.7,24.72
2014-11-14,0.31,31.25,20.64,25.5
2014-11-15,0.01,30.39,18.86,29.36
2014-11-16,0.06,30.43,17.85,30.57
2014-11-17,0.02,32.23,17.65,31.3
2014-11-18,0.0,33.34,18.44,29.12
2014-11-19,6.55,33.86,21.64,25.63
2014-11-20,15.67,28.43,23.4,16.56
2014-11-21,1.53,33.11,21.79,19.36
2014-11-22,11.69,27.15,22.6,6.26
2014-11-23,10.51,29.59,21.63,15.57
2014-11-24,4.32,29.75,21.9,18.67
2014-11-25,36.82,25.75,22.73,13.08
2014-11-26,5.95,28.55,21.85,18.04
2014-11-27,3.08,28.65,22.74,21.38
2014-11-28,4.62,30.0,21.55,19.79
2014-11-29,4.42,28.29,21.71,20.32
2014-11-30,9.83,30.13,22.46,16.49
2014-12-01,2.41,28.93,22.49,18.09
2014-12-02,0.65,27.64,21.5,20.67
2014-12-03,0.95,31.1,20.75,19.73
2014-12-04,11.94,30.79,22.21,23.87
2014-12-05,1.49,29.86,20.54,25.97
2014-12-06,0.43,30.42,20.13,27.58
2014-12-07,1.4,30.16,21.91,25.42
2014-12-08,5.2,27.34,21.54,20.3
2014-12-09,7.81,27.58,20.64,14.92
2014-12-10,9.63,25.89,21.25,18.65
2014-12-11,5.35,29.43,21.12,22.03
2014-12-12,9.71,29.04,21.12,18.66
2014-12-13,8.78,28.36,21.65,15.63
2014-12-14,8.1,30.83,21.65,22.44
2014-12-15,0.04,30.92,20.43,29.99
2014-12-16,0.0,31.84,18.75,29.03
2014-12-17,0.0,32.48,21.45,27.14
2014-12-18,0.85,33.62,21.82,24.29
2014-12-19,0.25,31.29,23.66,26.0
2014-12-20,2.72,31.36,23.34,23.24
2014-12-21,4.92,27.24,23.63,14.3
2014-12-22,25.35,27.73,22.95,16.1
2014-12-23,20.95,28.19,22.04,10.3
2014-12-24,5.41,29.3,20.71,16.87
2014-12-25,0.37,31.15,22.18,21.75
2014-12-26,0.04,31.29,23.28,29.24
2014-12-27,0.0,33.15,23.65,28.3
2014-12-28,0.07,32.73,24.59,25.74
2014-12-29,1.59,32.74,22.77,24.97
2014-12-30,16.19,31.08,23.01,27.84
2014-12-31,2.22,29.09,23.85,21.87
2015-01-01,0.89,31.17,22.97,24.23
2015-01-02,3.98,28.86,24.37,25.99
2015-01-03,11.45,30.17,23.83,26.2
2015-01-04,10.64,30.64,22.74,20.81
2015-01-05,9.12,28.6,22.83,22.77
2015-01-06,2.71,30.16,21.87,18.21
2015-01-07,2.16,31.59,22.56,27.49
2015-01-08,1.5,29.87,22.89,17.89
2015-01-09,0.39,32.5,22.58,27.17
2015-01-10,0.44,33.82,23.61,29.29
2015-01-11,1.54,33.78,24.8,27.55
2015-01-12,1.56,34.59,23.82,24.25
2015-01-13,0.3,33.49,24.36,26.64
2015-01-14,0.58,30.5,24.18,21.1
2015-01-15,7.47,31.4,22.77,28.45
2015-01-16,0.59,32.15,23.87,26.78
2015-01-17,0.0,35.63,23.24,28.56
2015-01-18,0.0,35.57,23.68,29.19
2015-01-19,1.71,36.6,23.79,28.91
2015-01-20,0.97,37.19,24.11,25.24
2015-01-21,0.07,31.14,25.53,26.8
2015-01-22,7.27,33.18,24.07,25.63
2015-01-23,7.4,31.66,22.4,23.98
2015-01-24,1.24,32.19,22.72,26.31
2015-01-25,0.19,29.34,22.77,21.52
2015-01-26,12.72,30.9,22.01,22.92
2015-01-27,15.68,29.38,21.57,17.91
2015-01-28,16.03,26.78,22.55,22.31
2015-01-29,5.87,30.68,21.98,16.99
2015-01-30,0.61,29.39,22.78,22.88
2015-01-31,0.1,32.61,22.71,25.64
2015-02-01,0.78,33.14,22.49,27.06
2015-02-02,2.76,32.69,23.09,27.91
2015-02-03,11.55,32.58,23.08,27.5
2015-02-04,23.12,28.18,22.72,14.15
2015-02-05,5.63,30.23,22.56,19.23
2015-02-06,5.89,30.31,22.84,23.66
2015-02-07,3.72,30.82,20.44,27.82
2015-02-08,11.37,30.84,21.29,24.51
2015-02-09,3.26,29.27,22.36,18.28
2015-02-10,4.87,29.68,23.45,18.25
2015-02-11,3.17,29.44,22.47,22.29
2015-02-12,5.81,29.92,23.0,23.56
2015-02-13,5.57,29.26,24.02,23.25
2015-02-14,10.16,28.73,22.18,18.01
2015-02-15,6.87,28.81,22.11,10.91
2015-02-16,8.5,28.33,21.86,18.65
2015-02-17,16.2,28.12,21.82,11.31
2015-02-18,13.85,28.9,21.66,14.87
2015-02-19,16.09,29.11,22.21,14.84
2015-02-20,7.63,27.63,22.24,17.1
2015-02-21,0.48,30.16,21.89,25.08
2015-02-22,0.03,31.41,22.13,27.26
2015-02-23,0.01,31.52,22.58,25.71
2015-02-24,0.99,29.88,22.04,22.67
2015-02-25,1.79,29.27,22.42,23.37
2015-02-26,2.01,27.52,22.34,17.85
2015-02-27,5.73,28.48,20.41,23.88
2015-02-28,1.71,30.65,21.64,23.18
2015-03-01,3.34,30.55,21.05,26.26
2015-03-02,0.36,30.46,20.66,23.24
2015-03-03,1.0,29.95,22.23,20.86
2015-03-04,4.41,29.65,22.82,23.34
2015-03-05,10.55,29.78,21.77,22.82
2015-03-06,7.37,28.83,23.4,16.74
2015-03-07,8.91,28.47,22.67,17.27
2015-03-08,10.57,27.79,22.25,14.75
2015-03-09,29.5,28.31,22.87,6.23
2015-03-10,10.64,29.06,22.15,18.52
2015-03-11,4.19,29.78,21.73,23.12
2015-03-12,10.3,29.25,21.29,19.32
2015-03-13,5.36,27.01,21.66,20.31
2015-03-14,3.59,28.29,20.8,17.7
2015-03-15,1.02,28.24,21.02,20.44
2015-03-16,1.13,29.96,20.75,22.2
2015-03-17,1.01,28.71,21.38,21.61
2015-03-18,4.45,27.58,19.79,21.38
2015-03-19,14.26,22.33,20.03,12.25
2015-03-20,14.29,26.69,20.09,12.95
2015-03-21,6.61,26.17,20.13,14.77
2015-03-22,0.78,28.38,18.38,18.53
2015-03-23,0.05,28.89,19.02,23.37
2015-03-24,0.01,29.44,19.85,25.2
2015-03-25,0.01,30.15,18.77,23.9
2015-03-26,3.58,31.04,19.22,23.28
2015-03-27,5.51,31.02,20.83,11.55
2015-03-28,1.27,29.22,21.77,18.25
2015-03-29,3.69,29.52,21.97,15.04
2015-03-30,7.11,29.54,23.08,15.39
2015-03-31,5.47,28.96,23.43,17.22
2015-04-01,0.12,29.41,21.48,21.35
2015-04-02,0.0,30.27,20.14,18.7
2015-04-03,0.03,30.22,20.38,21.75
2015-04-04,2.91,31.19,19.66,20.75
2015-04-05,2.79,30.98,21.69,11.83
2015-04-06,1.27,28.61,21.59,16.42
2015-04-07,0.0,27.93,18.86,20.12
2015-04-08,0.0,28.47,17.61,21.7
2015-04-09,0.02,29.86,18.9,20.09
2015-04-10,0.01,29.54,20.91,16.82
2015-04-11,0.0,30.46,19.47,20.8
2015-04-12,0.0,31.07,20.21,21.21
2015-04-13,0.0,30.98,19.95,21.59
2015-04-14,2.23,30.11,20.66,14.31
2015-04-15,0.99,30.26,21.72,17.84
2015-04-16,0.19,31.28,22.66,17.74
2015-04-17,0.02,31.11,22.19,19.88
2015-04-18,1.19,29.28,22.37,14.97
2015-04-19,1.61,30.78,21.76,14.56
2015-04-20,0.45,31.79,22.79,18.32
2015-04-21,6.84,31.08,23.15,16.56
2015-04-22,4.13,29.65,23.08,12.98
2015-04-23,0.16,30.39,21.69,15.75
2015-04-24,1.6,30.64,22.75,15.43
2015-04-25,0.01,30.93,20.66,18.99
2015-04-26,0.0,28.28,17.45,21.09
2015-04-27,0.0,29.98,17.33,20.68
2015-04-28,0.05,30.52,17.58,18.86
2015-04-29,0.0,28.68,18.55,17.35
2015-04-30,0.0,29.16,17.68,19.79
2015-05-01,0.0,29.35,16.4,19.98
2015-05-02,0.0,30.32,16.06,19.76
2015-05-03,0.56,30.95,17.8,13.98
2015-05-04,25.86,27.56,21.56,11.07
2015-05-05,0.71,28.53,18.33,15.18
2015-05-06,0.17,28.46,19.64,14.42
2015-05-07,0.0,27.98,16.98,18.2
2015-05-08,0.0,26.51,16.0,18.54
2015-05-09,0.0,28.48,15.53,17.75
2015-05-10,11.4,28.19,19.74,10.98
2015-05-11,9.91,25.9,16.73,10.5
2015-05-12,0.0,24.27,12.68,16.81
2015-05-13,0.04,24.54,14.21,15.56
2015-05-14,0.0,27.16,15.28,17.72
2015-05-15,0.0,26.19,17.07,7.51
2015-05-16,0.0,27.6,17.86,13.48
2015-05-17,0.0,27.41,17.31,14.25
2015-05-18,0.07,26.65,18.11,8.23
2015-05-19,6.34,26.2,17.17,12.3
2015-05-20,5.5,25.63,18.16,10.58
2015-05-21,0.55,27.81,18.14,13.75
2015-05-22,0.0,28.04,18.17,16.87
2015-05-23,0.0,27.07,18.37,12.6
2015-05-24,0.0,28.9,17.31,14.99
2015-05-25,0.0,30.01,19.06,14.79
2015-05-26,0.0,30.55,19.16,16.18
2015-05-27,0.12,30.25,18.47,16.13
2015-05-28,7.47,23.64,19.18,4.68
2015-05-29,0.88,24.9,14.74,16.42
2015-05-30,1.31,27.1,13.61,9.04
2015-05-31,12.02,28.25,17.86,6.99
2015-06-01,4.03,25.95,17.22,6.16
2015-06-02,3.04,26.13,17.01,4.3
2015-06-03,0.07,27.12,17.14,12.54
2015-06-04,0.0,28.13,16.49,16.15
2015-06-05,0.0,27.84,16.52,16.56
2015-06-06,0.01,28.25,16.02,16.06
2015-06-07,0.0,29.01,16.17,13.25
2015-06-08,0.0,28.92,16.48,15.62
2015-06-09,0.0,28.91,16.43,15.27
2015-06-10,0.0,29.33,16.54,15.85
2015-06-11,0.0,29.65,17.51,16.0
2015-06-12,0.02,29.93,18.07,15.11
2015-06-13,0.0,29.55,16.81,16.16
2015-06-14,0.03,30.47,18.0,14.25
2015-06-15,0.04,22.73,17.22,4.62
2015-06-16,0.0,25.32,14.39,14.71
2015-06-17,0.0,30.5,17.08,15.41
2015-06-18,0.04,30.74,18.3,12.59
2015-06-19,0.01,25.64,16.86,10.8
2015-06-20,0.0,26.95,15.03,16.08
2015-06-21,0.02,28.05,16.34,15.56
2015-06-22,0.01,28.03,15.4,15.91
2015-06-23,0.0,27.89,15.64,13.16
2015-06-24,0.0,27.51,15.93,13.91
2015-06-25,0.0,26.85,16.69,15.62
2015-06-26,0.0,26.18,17.59,14.29
2015-06-27,0.0,26.64,13.88,16.26
2015-06-28,0.0,26.49,13.03,15.04
2015-06-29,0.0,27.63,14.28,14.64
2015-06-30,0.54,27.16,14.92,12.52
2015-07-01,10.6,24.62,17.14,6.51
2015-07-02,3.08,25.93,16.67,3.91
2015-07-03,0.01,28.38,17.0,8.73
2015-07-04,3.22,21.73,14.49,4.24
2015-07-05,0.05,24.45,13.1,6.04
2015-07-06,0.29,23.27,15.83,10.56
2015-07-07,17.93,22.01,18.14,3.53
2015-07-08,5.15,23.2,15.26,5.52
2015-07-09,1.85,24.34,14.76,12.82
2015-07-10,0.76,28.21,15.55,15.46
2015-07-11,0.01,29.43,16.02,7.51
2015-07-12,0.11,29.77,16.79,15.93
2015-07-13,0.0,30.6,18.45,15.96
2015-07-14,0.0,31.14,18.42,13.56
2015-07-15,0.0,31.02,19.64,10.05
2015-07-16,0.0,29.02,19.04,11.49
2015-07-17,0.0,27.95,18.95,14.44
2015-07-18,0.0,29.1,17.54,16.65
2015-07-19,0.0,29.25,16.98,17.17
2015-07-20,0.0,29.39,15.7,16.43
2015-07-21,0.02,26.22,16.89,6.63
2015-07-22,0.0,26.06,14.35,14.18
2015-07-23,0.0,28.98,15.59,14.66
2015-07-24,0.15,29.89,17.49,10.03
2015-07-25,0.15,26.44,17.61,11.86
2015-07-26,0.02,28.11,14.78,16.51
2015-07-27,0.0,29.29,15.06,18.3
2015-07-28,0.0,30.41,15.14,18.14
2015-07-29,0.0,30.79,15.86,18.19
2015-07-30,0.0,30.42,15.73,18.47
2015-07-31,0.0,31.34,15.42,18.47
2015-08-01,0.0,31.17,15.47,18.32
2015-08-02,0.0,31.63,15.97,18.5
2015-08-03,0.0,31.75,15.46,18.88
2015-08-04,0.0,31.63,16.11,18.77
2015-08-05,0.0,31.91,16.35,18.49
2015-08-06,0.0,32.12,15.96,18.98
2015-08-07,0.0,32.8,16.03,19.35
2015-08-08,0.0,33.07,16.2,19.16
2015-08-09,0.0,32.42,16.57,19.05
2015-08-10,0.0,32.35,17.39,19.32
2015-08-11,0.0,32.13,18.09,19.26
2015-08-12,0.0,30.94,16.68,19.5
2015-08-13,0.0,31.74,15.53,19.84
2015-08-14,0.0,31.14,15.27,20.29
2015-08-15,0.0,31.87,16.41,20.03
2015-08-16,0.0,32.94,16.87,20.07
2015-08-17,0.0,33.38,17.56,17.46
2015-08-18,0.17,32.72,21.17,13.87
2015-08-19,0.29,29.78,17.75,19.11
2015-08-20,0.0,29.49,13.79,21.32
2015-08-21,0.0,29.81,14.85,20.27
2015-08-22,0.0,32.4,15.06,21.41
2015-08-23,0.0,34.85,16.89,20.51
2015-08-24,0.06,31.82,19.79,14.26
2015-08-25,0.2,34.6,18.85,17.0
2015-08-26,0.04,36.72,19.4,17.05
2015-08-27,8.7,33.29,19.63,3.43
2015-08-28,0.0,31.64,18.23,19.88
2015-08-29,0.01,33.67,15.26,22.48
2015-08-30,0.0,35.67,16.7,22.16
2015-08-31,0.0,36.34,18.93,22.33
2015-09-01,0.0,36.26,18.85,21.16
2015-09-02,0.0,34.44,18.52,21.19
2015-09-03,0.0,35.25,18.11,21.29
2015-09-04,0.13,35.77,19.42,20.42
2015-09-05,0.06,32.09,21.43,14.96
2015-09-06,0.54,33.2,20.26,17.15
2015-09-07,0.86,36.96,22.86,8.59
2015-09-08,13.7,34.56,22.72,9.89
2015-09-09,25.9,28.27,19.23,13.68
2015-09-10,5.11,30.46,18.7,5.1
2015-09-11,50.45,26.01,19.13,5.11
2015-09-12,5.02,25.4,17.31,7.16
2015-09-13,0.69,26.44,16.02,18.71
2015-09-14,0.01,27.76,15.26,23.17
2015-09-15,0.0,33.32,16.78,21.63
2015-09-16,0.0,34.54,21.93,23.25
2015-09-17,0.0,34.94,22.33,22.43
2015-09-18,0.0,35.98,22.06,23.44
2015-09-19,0.0,36.2,19.65,24.96
2015-09-20,0.0,35.87,18.68,25.28
2015-09-21,0.0,35.96,18.83,25.48
2015-09-22,0.0,36.46,18.92,22.39
2015-09-23,0.0,37.17,20.24,25.17
2015-09-24,0.0,37.39,20.77,23.69
2015-09-25,0.38,38.31,24.2,17.19
2015-09-26,10.05,32.58,23.87,12.38
2015-09-27,3.83,35.39,22.73,20.65
2015-09-28,0.61,29.21,21.38,11.78
2015-09-29,0.16,29.3,21.86,14.1
2015-09-30,0.08,33.32,20.19,15.93
2015-10-01,0.0,34.77,21.05,21.71
2015-10-02,0.19,37.25,23.7,22.51
2015-10-03,9.22,29.64,22.96,5.61
2015-10-04,0.02,30.15,21.45,12.74
2015-10-05,0.0,34.21,20.93,25.46
2015-10-06,0.0,36.04,19.58,26.44
2015-10-07,0.0,38.91,21.48,26.4
2015-10-08,0.25,39.11,25.28,24.19
2015-10-09,18.16,33.94,23.29,15.87
2015-10-10,7.72,26.98,23.09,11.1
2015-10-11,1.57,29.39,21.79,14.18
2015-10-12,1.4,29.57,18.87,13.88
2015-10-13,0.05,32.92,18.02,25.07
2015-10-14,0.02,37.21,21.71,26.57
2015-10-15,0.0,38.16,23.49,25.47
2015-10-16,0.01,38.5,24.53,23.81
2015-10-17,0.01,38.85,23.7,26.6
2015-10-18,0.0,38.41,21.83,25.9
2015-10-19,0.0,39.71,21.51,26.3
2015-10-20,0.0,38.56,24.85,24.41
2015-10-21,0.25,39.67,24.92,20.42
2015-10-22,2.76,40.16,25.32,21.65
2015-10-23,3.54,36.14,24.48,8.12
2015-10-24,1.33,36.16,22.99,23.25
2015-10-25,5.32,37.32,22.7,22.17
2015-10-26,8.76,32.82,24.25,15.42
2015-10-27,6.32,31.8,23.85,20.74
2015-10-28,2.32,32.29,23.95,16.59
2015-10-29,0.0,34.15,22.7,28.02
2015-10-30,4.79,35.04,21.68,24.66
2015-10-31,26.34,27.5,23.69,6.7
2015-11-01,23.79,29.14,22.54,12.89
2015-11-02,18.64,30.5,22.15,17.69
2015-11-03,24.47,28.25,23.06,14.29
2015-11-04,19.46,27.57,23.11,19.65
2015-11-05,9.01,29.19,22.63,15.09
2015-11-06,0.1,30.84,22.08,21.96
2015-11-07,0.11,30.24,19.66,14.47
2015-11-08,1.5,30.82,21.3,16.82
2015-11-09,1.76,31.69,22.26,22.36
2015-11-10,0.15,34.07,22.88,25.7
2015-11-11,0.05,31.83,24.42,18.47
2015-11-12,0.0,32.55,24.05,26.53
2015-11-13,8.25,30.84,23.57,24.94
2015-11-14,19.07,28.17,23.88,24.35
2015-11-15,15.59,29.56,22.92,15.06
2015-11-16,3.05,29.23,22.66,18.68
2015-11-17,6.37,30.54,22.38,20.91
2015-11-18,9.16,31.81,23.01,25.53
2015-11-19,9.35,32.22,23.56,22.72
2015-11-20,1.89,28.56,22.49,10.13
2015-11-21,0.0,31.4,19.71,23.42
2015-11-22,0.45,32.17,21.78,23.91
2015-11-23,12.97,31.83,24.35,20.95
2015-11-24,19.26,28.98,24.75,3.18
2015-11-25,22.1,28.6,22.53,2.79
2015-11-26,1.67,29.32,21.53,23.47
2015-11-27,0.55,31.96,21.88,27.04
2015-11-28,24.29,29.94,23.69,18.22
2015-11-29,6.95,30.52,22.21,14.65
2015-11-30,20.08,28.73,22.7,16.85
2015-12-01,0.3,31.04,20.38,22.98
2015-12-02,1.92,30.15,23.0,19.76
2015-12-03,10.45,29.6,21.45,16.52
2015-12-04,5.76,30.82,22.34,26.07
2015-12-05,5.5,29.49,22.96,20.71
2015-12-06,4.12,28.73,22.08,12.21
2015-12-07,8.03,30.28,22.45,19.94
2015-12-08,10.0,29.4,22.68,21.46
2015-12-09,3.31,29.41,22.83,19.18
2015-12-10,3.88,28.83,23.65,10.32
2015-12-11,2.02,28.8,23.08,17.55
2015-12-12,2.42,28.29,21.9,13.14
2015-12-13,0.23,31.26,21.43,21.61
2015-12-14,0.78,30.59,22.62,27.45
2015-12-15,6.93,31.07,22.96,14.55
2015-12-16,2.03,28.0,22.35,21.97
2015-12-17,1.44,32.12,21.44,26.37
2015-12-18,3.0,32.58,23.07,27.07
2015-12-19,1.93,30.76,23.68,16.4
2015-12-20,4.74,29.12,23.39,17.01
2015-12-21,3.47,31.91,21.98,26.32
2015-12-22,0.98,31.66,22.66,26.89
2015-12-23,1.13,29.37,24.58,16.16
2015-12-24,14.47,31.3,23.23,19.83
2015-12-25,24.42,29.77,23.33,23.64
2015-12-26,7.13,30.93,23.0,12.3
2015-12-27,11.78,29.61,23.01,12.69
2015-12-28,16.89,27.23,23.09,13.48
2015-12-29,37.52,24.93,22.54,9.11
2015-12-30,12.2,27.0,22.31,13.5
2015-12-31,10.45,28.65,21.89,17.97
2016-01-01,3.58,28.09,22.99,16.49
2016-01-02,0.55,27.49,22.77,23.82
2016-01-03,4.37,28.69,22.38,15.56
2016-01-04,3.1,29.5,22.41,18.87
2016-01-05,7.28,29.61,22.61,24.83
2016-01-06,8.25,29.36,23.31,21.95
2016-01-07,1.17,30.57,23.24,25.69
2016-01-08,10.37,30.11,23.7,17.77
2016-01-09,34.84,28.08,23.5,13.64
2016-01-10,12.38,28.64,22.7,17.67
2016-01-11,34.58,28.3,23.69,11.44
2016-01-12,12.08,27.33,23.61,14.81
2016-01-13,31.7,29.44,23.84,12.95
2016-01-14,20.09,28.97,23.91,18.16
2016-01-15,11.18,27.97,22.99,15.28
2016-01-16,4.55,27.87,22.89,27.12
2016-01-17,0.02,28.76,19.18,28.87
2016-01-18,0.0,29.59,19.03,27.23
2016-01-19,0.0,30.06,19.57,24.29
2016-01-20,0.0,29.62,20.28,21.41
2016-01-21,0.1,30.5,19.95,28.4
2016-01-22,0.0,29.93,19.13,29.78
2016-01-23,7.21,30.32,19.33,27.43
2016-01-24,5.17,31.29,21.53,27.94
2016-01-25,1.1,31.33,22.76,27.36
2016-01-26,8.03,32.23,22.87,25.16
2016-01-27,6.62,28.93,24.71,17.29
2016-01-28,2.67,30.16,23.78,23.86
2016-01-29,6.31,27.97,23.3,16.92
2016-01-30,4.79,26.96,22.65,14.81
2016-01-31,0.69,29.46,22.97,26.98
2016-02-01,0.0,31.71,22.25,27.03
2016-02-02,0.01,33.28,22.31,28.49
2016-02-03,9.51,31.15,22.8,26.33
2016-02-04,4.99,30.13,24.22,22.21
2016-02-05,2.65,31.98,22.72,21.78
2016-02-06,0.2,30.49,23.2,21.87
2016-02-07,2.4,29.89,24.23,21.75
2016-02-08,2.02,30.16,23.14,24.28
2016-02-09,0.02,31.39,23.28,26.03
2016-02-10,0.65,32.61,22.46,24.46
2016-02-11,5.55,31.61,24.41,22.56
2016-02-12,8.81,31.14,23.03,17.97
2016-02-13,1.24,32.21,22.36,25.92
2016-02-14,0.07,31.93,24.03,25.39
2016-02-15,15.95,29.43,24.44,19.6
2016-02-16,7.86,29.93,23.88,13.22
2016-02-17,1.24,30.21,23.28,24.56
2016-02-18,19.27,29.76,23.31,13.84
2016-02-19,3.71,28.89,23.69,22.99
2016-02-20,8.28,28.62,23.16,21.36
2016-02-21,15.68,28.31,22.49,13.55
2016-02-22,33.93,27.14,22.51,10.82
2016-02-23,24.19,27.02,21.66,11.73
2016-02-24,2.85,28.56,20.63,13.08
2016-02-25,3.4,29.05,20.88,15.09
2016-02-26,3.55,30.56,22.0,19.87
2016-02-27,6.31,28.92,23.17,19.54
2016-02-28,7.94,29.94,23.43,14.91
2016-02-29,2.04,28.41,22.98,10.91
2016-03-01,10.27,28.38,20.87,16.04
2016-03-02,8.64,28.19,21.27,14.18
2016-03-03,7.9,29.73,22.41,19.09
2016-03-04,6.66,29.51,22.0,23.3
2016-03-05,1.73,29.63,20.79,19.05
2016-03-06,1.67,30.46,20.72,21.56
2016-03-07,1.04,30.64,22.56,23.77
2016-03-08,0.85,30.82,22.29,24.11
2016-03-09,12.18,27.86,23.71,20.3
2016-03-10,9.54,30.05,22.93,15.55
2016-03-11,3.47,28.35,20.76,20.9
2016-03-12,0.01,27.97,18.27,26.61
2016-03-13,0.07,29.31,18.17,19.07
2016-03-14,1.38,30.84,20.35,23.45
2016-03-15,12.62,28.23,22.54,21.64
2016-03-16,2.3,28.63,21.96,22.39
2016-03-17,2.82,30.15,21.25,23.24
2016-03-18,0.65,31.03,21.47,24.56
2016-03-19,0.0,31.54,21.74,24.79
2016-03-20,0.0,31.06,21.52,24.89
2016-03-21,0.0,31.84,19.99,23.72
2016-03-22,1.22,31.76,22.68,20.47
2016-03-23,4.24,30.52,23.07,21.62
2016-03-24,9.36,26.48,22.33,18.11
2016-03-25,2.88,27.44,21.77,11.4
2016-03-26,1.23,29.0,22.19,15.16
2016-03-27,0.13,28.75,20.55,17.28
2016-03-28,0.05,29.52,19.55,22.36
2016-03-29,0.02,31.15,19.89,20.73
2016-03-30,0.01,28.3,22.64,16.24
2016-03-31,0.01,30.5,21.92,22.21
2016-04-01,0.01,30.73,21.15,23.0
2016-04-02,0.33,31.14,21.56,22.92
2016-04-03,0.0,32.1,21.9,22.41
2016-04-04,0.0,32.5,21.67,22.39
2016-04-05,0.0,32.47,22.41,22.48
2016-04-06,0.0,31.82,20.63,22.46
2016-04-07,0.0,31.99,20.21,22.57
2016-04-08,0.0,32.1,21.26,22.7
2016-04-09,0.0,32.65,20.78,22.35
2016-04-10,0.0,31.3,20.63,20.76
2016-04-11,0.0,32.0,19.69,21.43
2016-04-12,0.0,32.14,19.9,21.04
2016-04-13,0.0,31.62,21.0,21.79
2016-04-14,0.08,32.33,21.46,19.65
2016-04-15,0.01,31.02,21.83,17.74
2016-04-16,0.0,31.8,20.56,21.51
2016-04-17,0.0,31.9,19.55,21.4
2016-04-18,0.0,32.12,20.02,20.41
2016-04-19,0.0,31.87,19.88,21.41
2016-04-20,0.0,32.05,19.64,19.82
2016-04-21,0.0,32.27,20.22,19.81
2016-04-22,0.0,32.72,20.6,18.67
2016-04-23,0.0,32.47,20.21,18.74
2016-04-24,0.0,31.83,19.76,18.18
2016-04-25,0.22,32.33,20.22,18.7
2016-04-26,36.82,27.1,20.16,3.03
2016-04-27,7.46,20.11,11.06,15.53
2016-04-28,3.25,20.74,8.15,19.33
2016-04-29,0.52,23.16,10.76,9.81
2016-04-30,1.14,22.65,9.89,19.85
2016-05-01,0.15,23.64,9.36,20.06
2016-05-02,0.0,24.25,10.65,19.72
2016-05-03,0.0,25.64,11.05,19.78
2016-05-04,0.0,26.96,13.05,19.42
2016-05-05,0.03,27.58,14.34,18.19
2016-05-06,0.0,28.01,15.01,18.63
2016-05-07,0.0,28.25,15.61,10.12
2016-05-08,0.04,29.13,18.12,14.25
2016-05-09,1.52,29.47,17.48,14.31
2016-05-10,11.06,28.64,19.13,2.48
2016-05-11,9.06,25.37,19.59,14.94
2016-05-12,9.36,27.39,19.08,13.01
2016-05-13,4.89,24.87,17.52,11.9
2016-05-14,0.05,27.16,16.5,17.89
2016-05-15,3.57,29.0,16.9,17.26
2016-05-16,1.19,29.31,19.81,12.71
2016-05-17,0.3,23.97,15.87,13.74
2016-05-18,0.38,22.83,16.51,7.39
2016-05-19,0.12,25.49,16.68,12.75
2016-05-20,8.5,29.02,17.94,14.82
2016-05-21,9.73,27.75,20.99,10.47
2016-05-22,1.2,27.85,17.35,9.19
2016-05-23,0.08,20.97,12.17,15.38
2016-05-24,0.02,21.47,10.42,18.09
2016-05-25,0.02,25.66,12.22,16.84
2016-05-26,0.07,27.63,14.0,16.3
2016-05-27,0.36,27.02,16.88,10.79
2016-05-28,9.35,26.54,17.43,16.07
2016-05-29,9.18,24.8,17.35,4.75
2016-05-30,13.66,25.1,16.28,4.41
2016-05-31,7.38,26.43,17.89,10.24
2016-06-01,15.51,25.83,17.3,10.08
2016-06-02,22.78,21.98,14.51,10.69
2016-06-03,3.76,21.43,13.21,4.82
2016-06-04,2.42,22.5,16.11,8.17
2016-06-05,1.05,28.29,18.74,8.65
2016-06-06,4.15,26.1,17.42,9.54
2016-06-07,1.72,20.54,14.88,9.44
2016-06-08,1.74,19.89,10.64,12.62
2016-06-09,0.06,20.21,7.59,15.74
2016-06-10,0.02,21.5,9.58,12.27
2016-06-11,0.0,19.7,6.71,16.73
2016-06-12,0.0,18.57,4.36,16.81
2016-06-13,0.04,19.16,5.29,17.61
2016-06-14,0.0,22.63,7.91,16.39
2016-06-15,0.0,26.37,11.37,15.82
2016-06-16,0.04,26.48,13.24,16.26
2016-06-17,0.0,26.08,12.72,15.61
2016-06-18,0.0,25.73,12.04,16.16
2016-06-19,0.0,25.78,11.7,16.11
2016-06-20,0.08,24.96,12.45,15.35
2016-06-21,0.01,23.27,13.54,13.57
2016-06-22,2.71,25.22,13.15,13.91
2016-06-23,0.84,25.56,14.14,15.7
2016-06-24,0.0,26.27,14.66,15.76
2016-06-25,0.0,26.95,14.67,14.99
2016-06-26,0.0,26.12,16.01,15.37
2016-06-27,0.03,25.42,12.92,16.32
2016-06-28,0.0,25.59,13.35,13.2
2016-06-29,0.0,26.45,13.01,15.43
2016-06-30,0.0,25.71,15.05,12.36
2016-07-01,0.0,27.4,14.9,13.09
2016-07-02,0.0,27.75,15.35,15.17
2016-07-03,0.0,27.79,14.35,15.34
2016-07-04,0.0,27.79,15.53,16.47
2016-07-05,0.01,28.17,15.56,14.31
2016-07-06,0.0,28.77,16.26,13.7
2016-07-07,0.0,22.64,12.22,17.39
2016-07-08,0.0,23.4,8.33,17.45
2016-07-09,0.0,26.66,8.67,17.37
2016-07-10,0.0,29.4,14.11,16.71
2016-07-11,0.0,30.12,14.99,16.88
2016-07-12,0.0,30.47,15.14,16.65
2016-07-13,0.0,30.23,15.95,16.76
2016-07-14,0.0,29.78,15.09,16.59
2016-07-15,0.0,30.76,16.66,16.46
2016-07-16,4.54,25.89,11.96,5.26
2016-07-17,0.0,19.42,8.13,18.57
2016-07-18,0.04,20.55,4.56,18.02
2016-07-19,0.0,22.37,9.27,15.9
2016-07-20,0.0,25.12,10.04,16.98
2016-07-21,0.0,25.52,12.22,16.14
2016-07-22,0.0,24.51,12.96,17.7
2016-07-23,0.0,26.89,11.38,17.75
2016-07-24,0.0,30.12,13.11,17.47
2016-07-25,0.0,30.01,15.61,17.89
2016-07-26,0.0,30.01,15.28,17.31
2016-07-27,0.0,28.25,15.98,17.26
2016-07-28,0.0,28.16,13.49,16.72
2016-07-29,0.0,26.82,15.32,15.69
2016-07-30,0.0,29.09,14.56,18.01
2016-07-31,0.0,29.06,15.31,18.02
2016-08-01,0.0,29.39,15.05,17.01
2016-08-02,0.0,29.4,15.45,18.42
2016-08-03,0.0,28.84,14.91,18.19
2016-08-04,0.0,30.05,15.61,18.14
2016-08-05,0.0,31.48,17.07,18.26
2016-08-06,0.0,31.65,18.29,19.05
2016-08-07,0.0,32.73,17.35,16.92
2016-08-08,0.0,32.69,20.15,17.61
2016-08-09,0.02,29.01,17.75,10.51
2016-08-10,0.16,22.63,14.79,11.3
2016-08-11,0.01,24.6,10.91,21.05
2016-08-12,0.0,25.11,10.66,21.28
2016-08-13,0.0,28.81,10.44,20.1
2016-08-14,0.0,33.47,16.36,19.79
2016-08-15,0.73,33.96,17.78,12.66
2016-08-16,3.31,29.81,19.18,13.62
2016-08-17,0.02,32.97,17.61,17.71
2016-08-18,0.22,34.01,19.56,18.58
2016-08-19,0.02,35.06,19.37,16.54
2016-08-20,31.51,31.09,21.22,8.03
2016-08-21,2.61,22.42,13.01,13.19
2016-08-22,0.03,21.19,11.2,21.67
2016-08-23,0.0,24.99,9.32,20.7
2016-08-24,0.0,30.33,12.36,21.76
2016-08-25,0.0,32.41,15.47,21.09
2016-08-26,0.0,31.48,16.14,22.39
2016-08-27,0.0,32.0,14.5,21.22
2016-08-28,0.0,33.29,15.46,22.38
2016-08-29,1.51,33.42,18.32,12.84
2016-08-30,12.78,27.49,15.31,3.36
2016-08-31,15.22,22.11,14.36,9.42
2016-09-01,0.02,27.34,14.12,21.98
2016-09-02,0.23,31.19,16.1,21.08
2016-09-03,1.61,26.63,19.7,4.9
2016-09-04,0.3,25.84,18.86,8.78
2016-09-05,0.31,27.92,17.41,8.78
2016-09-06,7.57,24.03,16.87,11.49
2016-09-07,0.04,21.84,12.55,21.05
2016-09-08,1.77,25.95,10.98,17.42
2016-09-09,4.68,26.88,14.83,22.95
2016-09-10,0.0,31.06,15.97,21.8
2016-09-11,0.0,33.02,17.0,23.47
2016-09-12,0.0,34.75,19.51,22.94
2016-09-13,0.0,34.17,18.86,16.0
2016-09-14,0.07,24.1,17.63,10.21
2016-09-15,0.0,27.89,13.09,24.8
2016-09-16,0.0,28.81,16.34,18.51
2016-09-17,0.0,34.49,17.26,20.81
2016-09-18,0.03,35.74,19.8,19.72
2016-09-19,4.13,33.5,21.63,12.6
2016-09-20,0.07,28.82,19.17,14.38
2016-09-21,0.0,27.48,14.5,24.6
2016-09-22,0.0,30.23,13.88,25.56
2016-09-23,0.0,29.84,14.74,24.76
2016-09-24,0.0,31.01,14.04,24.21
2016-09-25,0.0,30.58,18.2,19.27
2016-09-26,0.0,29.82,16.51,26.27
2016-09-27,0.0,30.32,15.59,26.81
2016-09-28,0.0,31.98,14.53,27.33
2016-09-29,0.0,32.91,14.41,27.45
2016-09-30,0.0,33.16,15.79,26.09
2016-10-01,0.0,31.53,17.11,24.73
2016-10-02,0.0,32.98,16.81,25.93
2016-10-03,1.74,34.33,18.33,15.71
2016-10-04,4.7,26.99,19.14,14.85
2016-10-05,0.65,28.6,19.53,18.61
2016-10-06,0.24,27.57,17.1,22.08
2016-10-07,0.0,28.66,12.9,28.09
2016-10-08,0.0,31.71,15.51,28.08
2016-10-09,0.0,34.02,17.39,27.81
2016-10-10,0.0,34.93,18.94,27.6
2016-10-11,2.69,36.52,19.61,22.08
2016-10-12,5.49,30.49,21.86,23.1
2016-10-13,8.92,30.53,22.02,9.5
2016-10-14,28.39,30.19,21.19,7.73
2016-10-15,0.41,32.69,22.23,22.67
2016-10-16,0.05,35.56,22.61,22.72
2016-10-17,0.34,37.0,24.1,24.94
2016-10-18,1.8,36.39,24.75,21.22
2016-10-19,0.15,36.81,24.77,23.95
2016-10-20,4.92,34.1,24.34,12.34
2016-10-21,3.91,28.06,22.99,16.21
2016-10-22,0.2,32.32,21.68,23.3
2016-10-23,0.78,34.57,21.11,25.11
2016-10-24,7.01,34.63,24.03,23.25
2016-10-25,10.25,29.9,23.43,10.14
2016-10-26,2.03,30.87,23.21,18.98
2016-10-27,16.16,27.55,19.31,19.38
2016-10-28,0.0,26.86,15.61,30.85
2016-10-29,0.01,29.16,13.63,28.71
2016-10-30,0.04,32.97,15.44,29.14
2016-10-31,11.95,30.72,20.64,25.92
2016-11-01,4.18,31.6,21.44,24.35
2016-11-02,1.78,31.65,21.82,19.44
2016-11-03,0.74,28.14,21.37,12.76
2016-11-04,0.06,30.93,18.06,20.88
2016-11-05,0.11,32.21,21.38,27.99
2016-11-06,5.62,32.16,20.88,25.4
2016-11-07,0.52,33.0,21.02,27.58
2016-11-08,0.02,34.08,21.23,27.42
2016-11-09,0.65,31.23,23.02,22.48
2016-11-10,1.01,34.34,22.79,27.18
2016-11-11,1.28,32.46,23.99,19.47
2016-11-12,9.91,28.29,21.45,9.69
2016-11-13,18.26,24.21,19.17,7.78
2016-11-14,6.91,29.26,20.36,12.15
2016-11-15,0.17,30.83,18.94,26.53
2016-11-16,0.05,33.28,21.23,26.88
2016-11-17,14.12,32.45,22.01,22.57
2016-11-18,0.09,31.55,19.42,28.8
2016-11-19,0.0,28.77,15.87,31.11
2016-11-20,0.0,30.75,15.16,31.72
2016-11-21,0.06,32.06,18.7,27.64
2016-11-22,6.15,30.2,22.34,24.57
2016-11-23,0.19,32.82,21.82,23.69
2016-11-24,0.81,33.34,22.71,25.53
2016-11-25,0.75,32.15,24.08,24.98
2016-11-26,1.25,29.05,23.75,24.66
2016-11-27,0.48,33.32,22.18,22.09
2016-11-28,8.99,33.02,23.18,22.44
2016-11-29,3.82,30.42,22.87,21.76
2016-11-30,0.03,30.23,20.61,26.43
2016-12-01,1.24,30.07,19.74,21.43
2016-12-02,1.26,31.26,21.81,22.84
2016-12-03,12.96,29.98,23.29,14.04
2016-12-04,3.87,31.89,22.93,21.56
2016-12-05,0.71,33.91,21.22,29.62
2016-12-06,0.11,34.0,21.69,26.62
2016-12-07,0.29,33.07,24.23,26.38
2016-12-08,14.5,29.45,23.53,25.97
2016-12-09,6.06,31.02,22.7,22.94
2016-12-10,11.17,30.34,22.84,16.12
2016-12-11,5.19,31.07,23.31,21.34
2016-12-12,4.21,31.64,23.18,16.07
2016-12-13,4.3,32.37,23.9,20.04
2016-12-14,6.11,31.8,23.68,21.11
2016-12-15,3.93,30.28,20.84,23.23
2016-12-16,7.46,27.84,18.81,19.51
2016-12-17,0.77,31.12,20.68,28.29
2016-12-18,4.88,28.52,21.75,28.6
2016-12-19,10.11,27.46,21.64,19.51
2016-12-20,14.69,27.07,21.12,18.65
2016-12-21,23.07,26.6,21.31,14.28
2016-12-22,2.78,29.55,20.59,24.36
2016-12-23,0.31,28.49,21.66,25.34
2016-12-24,0.52,27.96,22.23,22.41
2016-12-25,0.29,33.33,20.16,29.63
2016-12-26,0.62,32.99,23.55,28.53
2016-12-27,0.91,33.24,23.31,27.48
2016-12-28,5.77,32.15,24.41,18.07
2016-12-29,5.38,30.22,24.1,21.01
2016-12-30,6.44,30.65,22.97,18.33
2016-12-31,2.02,30.0,23.31,19.9
2017-01-01,8.35,32.13,22.12,22.64
2017-01-02,3.32,30.48,22.89,21.26
2017-01-03,0.74,31.08,23.24,23.65
2017-01-04,0.7,30.98,23.75,22.27
2017-01-05,0.37,29.22,23.07,21.39
2017-01-06,11.66,31.87,23.38,25.27
2017-01-07,2.18,31.43,23.48,27.17
2017-01-08,0.81,33.58,22.89,28.23
2017-01-09,5.4,31.69,25.29,19.46
2017-01-10,15.04,30.25,23.57,19.21
2017-01-11,43.9,28.81,23.06,24.14
2017-01-12,7.86,27.75,23.05,18.31
2017-01-13,7.26,29.24,22.69,18.4
2017-01-14,4.53,30.17,22.18,23.09
2017-01-15,18.91,27.34,22.2,22.22
2017-01-16,15.28,27.85,23.11,6.09
2017-01-17,17.88,26.56,22.42,13.03
2017-01-18,19.72,29.4,21.91,22.63
2017-01-19,10.35,27.97,21.37,12.38
2017-01-20,5.47,25.41,21.53,15.77
2017-01-21,0.53,26.5,20.92,13.67
2017-01-22,1.53,26.75,19.14,18.12
2017-01-23,4.31,28.45,20.49,19.25
2017-01-24,8.08,28.74,21.47,22.6
2017-01-25,11.9,27.43,22.44,17.51
2017-01-26,14.02,27.91,22.14,13.1
2017-01-27,2.68,26.35,21.12,12.78
2017-01-28,6.09,26.76,21.4,18.54
2017-01-29,17.17,28.98,21.42,20.39
2017-01-30,5.83,28.53,21.84,19.68
2017-01-31,7.93,27.56,20.42,10.61
2017-02-01,9.41,29.41,20.24,25.64
2017-02-02,3.2,27.86,21.83,22.5
2017-02-03,4.4,28.02,22.45,24.46
2017-02-04,0.01,31.29,21.14,27.7
2017-02-05,0.24,32.28,22.11,27.1
2017-02-06,4.62,30.78,22.59,25.28
2017-02-07,1.95,30.69,22.68,26.96
2017-02-08,0.62,31.23,23.28,26.79
2017-02-09,0.03,30.6,22.76,27.54
2017-02-10,0.0,31.27,22.39,26.26
2017-02-11,9.61,27.31,23.22,24.63
2017-02-12,16.21,28.05,22.33,19.26
2017-02-13,7.51,28.78,22.56,14.97
2017-02-14,1.28,30.65,22.32,20.53
2017-02-15,0.01,31.01,20.95,27.39
2017-02-16,0.26,31.03,20.94,27.27
2017-02-17,2.1,29.62,22.09,26.25
2017-02-18,0.48,28.91,21.38,26.2
2017-02-19,1.93,29.65,22.97,22.88
2017-02-20,0.89,33.21,22.73,27.41
2017-02-21,0.84,32.04,23.61,26.84
2017-02-22,0.13,32.62,22.06,26.07
2017-02-23,2.87,31.08,21.97,24.0
2017-02-24,9.01,27.83,22.48,16.25
2017-02-25,7.27,29.55,20.95,17.65
2017-02-26,8.12,28.19,21.19,20.97
2017-02-27,2.74,28.4,21.66,23.38
2017-02-28,0.37,28.92,22.17,25.59
2017-03-01,2.11,30.23,21.4,20.16
2017-03-02,1.11,27.77,23.01,18.36
2017-03-03,20.83,28.49,21.74,15.55
2017-03-04,4.0,28.93,22.22,20.28
2017-03-05,19.69,27.79,22.69,20.07
2017-03-06,3.39,29.26,22.18,17.32
2017-03-07,1.78,31.03,21.97,19.82
2017-03-08,0.27,31.31,22.79,24.76
2017-03-09,0.24,31.13,23.36,25.25
2017-03-10,6.29,30.25,24.23,22.68
2017-03-11,0.5,29.53,22.65,24.51
2017-03-12,0.38,30.43,23.2,23.59
2017-03-13,1.81,28.86,23.46,20.77
2017-03-14,1.92,30.3,23.02,23.18
2017-03-15,0.57,31.23,22.66,23.87
2017-03-16,0.69,30.17,22.18,23.29
2017-03-17,1.76,31.04,22.74,18.3
2017-03-18,9.86,26.87,22.08,7.74
2017-03-19,2.05,28.67,20.27,14.5
2017-03-20,0.16,29.16,19.83,24.11
2017-03-21,0.0,29.82,18.77,23.18
2017-03-22,0.0,30.41,18.95,22.82
2017-03-23,1.08,30.87,20.04,18.86
2017-03-24,0.01,31.25,21.67,21.9
2017-03-25,0.69,32.26,22.05,22.23
2017-03-26,36.02,31.05,22.17,19.81
2017-03-27,1.81,29.04,21.37,15.72
2017-03-28,0.07,29.15,21.02,21.68
2017-03-29,0.0,28.96,19.33,23.54
2017-03-30,0.0,29.81,17.4,22.53
2017-03-31,0.0,29.19,18.36,24.11
2017-04-01,0.0,28.2,16.6,24.32
2017-04-02,0.0,28.87,16.85,23.91
2017-04-03,0.02,28.15,18.86,20.68
2017-04-04,0.0,30.91,19.22,19.87
2017-04-05,6.16,30.43,21.52,12.24
2017-04-06,6.77,30.54,23.05,15.37
2017-04-07,6.28,29.31,22.63,15.83
2017-04-08,4.14,27.55,22.7,12.65
2017-04-09,4.31,30.31,22.15,18.54
2017-04-10,1.13,30.52,21.76,19.63
2017-04-11,1.49,30.48,23.0,16.44
2017-04-12,21.01,29.89,22.97,14.77
2017-04-13,0.25,28.87,19.0,21.79
2017-04-14,0.01,30.8,19.24,20.46
2017-04-15,0.0,31.35,20.39,21.39
2017-04-16,0.27,31.13,20.34,15.57
2017-04-17,0.81,28.42,21.35,15.83
2017-04-18,0.42,28.82,20.27,20.17
2017-04-19,0.01,30.05,18.87,18.59
2017-04-20,17.62,30.14,21.13,10.39
2017-04-21,37.11,22.62,18.7,7.37
2017-04-22,0.05,25.3,15.3,19.47
2017-04-23,0.04,26.06,16.45,20.7
2017-04-24,0.02,27.36,16.31,20.16
2017-04-25,0.05,28.89,15.56,19.13
2017-04-26,10.42,28.3,21.33,8.26
2017-04-27,12.46,24.3,15.95,16.32
2017-04-28,0.05,24.35,13.89,14.82
2017-04-29,0.04,25.97,14.68,20.06
2017-04-30,0.0,27.64,15.79,19.12
2017-05-01,1.46,27.52,17.98,17.35
2017-05-02,0.04,28.55,18.23,18.62
2017-05-03,0.0,28.78,17.6,18.74
2017-05-04,2.18,27.89,18.49,13.81
2017-05-05,13.71,27.83,19.0,14.07
2017-05-06,1.86,27.28,18.33,15.95
2017-05-07,0.0,26.67,17.58,19.03
2017-05-08,0.01,27.21,16.09,19.52
2017-05-09,0.03,28.06,15.78,18.46
2017-05-10,0.0,27.61,20.0,15.7
2017-05-11,0.0,27.58,18.65,17.67
2017-05-12,0.0,28.76,16.75,17.76
2017-05-13,0.04,29.05,17.23,16.86
2017-05-14,0.93,27.04,20.02,9.17
2017-05-15,6.43,28.51,19.05,13.44
2017-05-16,3.55,25.94,18.63,10.08
2017-05-17,0.03,24.12,17.47,13.74
2017-05-18,12.63,27.4,19.08,7.53
2017-05-19,19.49,26.64,21.1,6.68
2017-05-20,19.98,25.15,21.19,5.38
2017-05-21,30.64,25.5,21.11,6.75
2017-05-22,11.6,27.73,20.48,10.06
2017-05-23,0.05,25.79,18.37,15.79
2017-05-24,0.0,28.07,17.67,14.68
2017-05-25,0.01,28.97,20.61,16.35
2017-05-26,0.0,28.38,19.58,16.34
2017-05-27,0.0,28.84,19.2,14.79
2017-05-28,0.0,27.49,19.2,13.38
2017-05-29,0.0,27.74,17.31,14.87
2017-05-30,0.01,27.42,17.33,14.36
2017-05-31,2.5,26.22,17.58,14.77
2017-06-01,1.02,20.75,13.05,8.99
2017-06-02,0.0,21.67,10.04,17.41
2017-06-03,0.02,26.0,12.2,17.06
2017-06-04,0.0,28.95,14.74,16.3
2017-06-05,0.61,29.15,18.33,10.27
2017-06-06,0.13,29.19,18.78,13.79
2017-06-07,0.0,29.08,18.29,15.91
2017-06-08,0.0,29.01,17.64,14.33
2017-06-09,0.63,21.2,10.24,4.53
2017-06-10,0.0,19.2,6.31,17.91
2017-06-11,0.02,21.9,6.61,17.64
2017-06-12,7.9,17.46,11.67,6.84
2017-06-13,2.36,23.83,14.58,5.24
2017-06-14,1.02,25.61,15.76,15.49
2017-06-15,0.0,25.85,15.51,16.39
2017-06-16,0.0,26.3,13.75,16.27
2017-06-17,0.01,27.43,14.36,16.42
2017-06-18,0.0,27.34,14.36,11.82
2017-06-19,0.0,27.99,15.25,16.16
2017-06-20,0.0,26.14,14.45,10.82
2017-06-21,0.0,26.39,14.61,16.19
2017-06-22,0.0,26.4,15.54,16.3
2017-06-23,0.0,26.75,16.07,16.16
2017-06-24,0.0,26.52,14.71,16.46
2017-06-25,0.0,26.09,14.26,16.35
2017-06-26,0.0,26.04,12.49,16.66
2017-06-27,0.0,26.49,13.92,16.32
2017-06-28,0.0,26.71,13.01,15.58
2017-06-29,0.0,27.31,16.24,14.45
2017-06-30,0.0,26.23,17.02,10.69
2017-07-01,0.0,26.88,15.08,15.45
2017-07-02,0.0,24.49,14.71,15.57
2017-07-03,0.0,23.93,13.18,15.51
2017-07-04,0.0,23.35,11.75,15.71
2017-07-05,0.0,23.85,11.31,16.55
2017-07-06,0.0,24.74,10.51,11.97
2017-07-07,0.0,26.32,13.05,15.25
2017-07-08,0.0,25.56,14.34,11.56
2017-07-09,0.0,26.62,13.84,15.55
2017-07-10,0.0,27.15,13.33,16.63
2017-07-11,0.0,28.12,14.16,16.33
2017-07-12,0.0,28.0,14.03,16.85
2017-07-13,0.0,28.05,13.84,17.02
2017-07-14,0.0,27.86,13.61,17.28
2017-07-15,0.0,27.66,13.79,17.26
2017-07-16,0.0,27.81,14.54,16.06
2017-07-17,0.0,28.38,12.23,17.12
2017-07-18,0.0,17.21,8.21,9.2
2017-07-19,0.0,21.88,7.7,16.84
2017-07-20,0.0,25.93,10.94,17.14
2017-07-21,0.0,28.15,12.56,17.6
2017-07-22,0.0,27.72,13.03,18.13
2017-07-23,0.0,28.99,12.57,17.92
2017-07-24,0.0,28.39,14.12,18.42
2017-07-25,0.0,28.5,13.24,18.35
2017-07-26,0.0,28.74,14.25,18.36
2017-07-27,0.0,27.99,13.14,18.5
2017-07-28,0.06,28.13,12.06,18.34
2017-07-29,0.0,27.59,14.79,18.49
2017-07-30,0.0,27.6,14.87,16.11
2017-07-31,0.0,27.1,13.26,16.76
2017-08-01,0.0,27.85,13.48,12.02
2017-08-02,0.0,29.27,13.82,17.33
2017-08-03,0.0,24.63,14.58,12.49
2017-08-04,0.0,25.25,11.03,16.47
2017-08-05,0.01,25.87,12.73,17.27
2017-08-06,0.0,27.05,11.91,19.06
2017-08-07,0.0,29.32,11.75,19.06
2017-08-08,0.0,31.72,15.96,14.1
2017-08-09,0.0,33.21,18.19,17.57
2017-08-10,0.0,33.77,19.91,18.52
2017-08-11,0.0,32.86,16.97,18.52
2017-08-12,0.0,34.04,16.88,18.67
2017-08-13,4.19,34.61,19.01,13.81
2017-08-14,0.12,27.48,16.48,13.16
2017-08-15,1.13,29.45,18.26,5.69
2017-08-16,7.59,29.71,17.93,7.83
2017-08-17,4.25,25.66,19.04,5.71
2017-08-18,8.73,26.24,18.75,7.68
2017-08-19,0.97,29.49,18.41,11.09
2017-08-20,14.97,25.76,18.72,3.73
2017-08-21,0.14,24.9,15.37,18.36
2017-08-22,0.06,27.45,13.07,20.44
2017-08-23,0.0,31.31,18.26,20.06
2017-08-24,0.0,30.78,17.01,21.06
2017-08-25,0.0,30.97,15.62,20.83
2017-08-26,0.0,32.08,16.68,21.81
2017-08-27,0.0,32.43,16.35,21.82
2017-08-28,0.0,32.5,16.29,22.49
2017-08-29,0.0,33.52,15.43,22.8
2017-08-30,0.0,33.94,15.78,23.02
2017-08-31,0.0,33.46,17.19,22.17
2017-09-01,0.0,33.62,16.42,21.85
2017-09-02,0.0,33.27,17.72,21.62
2017-09-03,0.0,33.02,17.33,23.46
2017-09-04,0.0,31.85,15.29,23.56
2017-09-05,0.0,33.13,15.26,23.92
2017-09-06,0.0,33.24,15.36,23.66
2017-09-07,0.0,33.37,16.49,22.12
2017-09-08,0.0,34.81,17.13,23.36
2017-09-09,0.0,35.52,18.2,21.28
2017-09-10,0.0,35.62,18.26,24.1
2017-09-11,0.0,36.89,18.66,23.49
2017-09-12,0.0,37.29,19.76,24.07
2017-09-13,0.0,36.11,19.78,23.98
2017-09-14,0.0,36.7,20.15,24.64
2017-09-15,0.0,37.03,20.26,24.37
2017-09-16,0.0,36.97,18.32,24.21
2017-09-17,0.0,35.96,18.46,24.59
2017-09-18,0.0,36.13,19.01,24.26
2017-09-19,0.0,36.79,20.49,23.15
2017-09-20,0.0,36.57,20.79,24.34
2017-09-21,0.0,36.19,20.07,25.13
2017-09-22,0.0,35.48,19.98,22.49
2017-09-23,0.0,35.73,20.62,24.06
2017-09-24,0.0,36.49,21.08,22.51
2017-09-25,0.0,33.91,20.98,21.75
2017-09-26,0.0,33.88,19.8,21.96
2017-09-27,0.12,36.27,19.89,24.16
2017-09-28,0.06,36.9,21.44,24.45
2017-09-29,7.88,26.99,20.39,8.13
2017-09-30,4.94,26.46,19.2,5.66
2017-10-01,25.87,30.33,18.29,18.76
2017-10-02,34.1,28.46,16.72,8.11
2017-10-03,1.15,25.14,15.42,22.11
2017-10-04,0.0,28.99,13.25,23.93
2017-10-05,0.03,33.97,15.91,25.63
2017-10-06,1.09,33.97,22.69,17.79
2017-10-07,2.72,30.63,22.3,8.05
2017-10-08,0.16,34.23,20.5,19.56
2017-10-09,0.12,35.16,20.84,20.09
2017-10-10,0.0,37.36,22.66,25.68
2017-10-11,0.03,37.57,23.14,26.48
2017-10-12,0.01,38.3,24.94,26.33
2017-10-13,0.0,38.72,23.2,27.05
2017-10-14,0.0,37.59,23.23,26.34
2017-10-15,0.0,35.72,22.89,26.46
2017-10-16,0.0,36.72,20.61,27.45
2017-10-17,0.0,39.06,21.68,26.48
2017-10-18,0.0,38.69,25.17,27.15
2017-10-19,1.6,38.76,24.06,27.17
2017-10-20,2.33,35.64,24.03,11.11
2017-10-21,3.3,36.07,23.83,12.63
2017-10-22,9.98,28.03,22.0,5.21
2017-10-23,0.05,30.06,21.7,17.6
2017-10-24,0.03,33.68,20.11,27.41
2017-10-25,0.5,36.31,23.06,21.52
2017-10-26,1.98,37.19,23.31,21.46
2017-10-27,10.2,35.64,23.25,19.8
2017-10-28,20.57,30.08,23.53,23.52
2017-10-29,6.46,30.59,22.74,17.18
2017-10-30,16.22,30.24,22.0,4.87
2017-10-31,7.86,29.38,22.39,21.01
2017-11-01,0.02,31.05,19.18,28.79
2017-11-02,0.55,32.35,18.01,28.83
2017-11-03,13.06,29.4,23.1,23.62
2017-11-04,38.54,29.22,22.85,22.67
2017-11-05,1.1,28.09,23.21,10.68
2017-11-06,0.99,26.89,21.69,18.03
2017-11-07,0.1,28.91,18.49,24.01
2017-11-08,16.11,30.88,20.86,18.7
2017-11-09,4.28,29.28,22.1,21.26
2017-11-10,1.37,30.19,21.84,23.82
2017-11-11,0.48,30.39,20.18,24.49
2017-11-12,0.0,29.97,16.07,31.69
2017-11-13,0.0,30.87,15.37,31.77
2017-11-14,0.0,32.53,17.74,30.53
2017-11-15,0.0,34.72,17.45,28.98
2017-11-16,8.69,33.17,22.62,28.11
2017-11-17,2.6,28.63,22.56,24.24
2017-11-18,8.65,30.88,22.72,19.32
2017-11-19,4.4,29.92,22.61,22.58
2017-11-20,4.97,30.69,23.12,21.7
2017-11-21,25.55,31.03,23.1,18.36
2017-11-22,16.6,30.11,22.98,15.17
2017-11-23,0.0,30.33,20.85,27.2
2017-11-24,0.0,32.33,21.64,29.2
2017-11-25,4.65,33.69,21.53,27.33
2017-11-26,31.39,30.51,24.13,15.86
2017-11-27,34.97,29.08,21.82,15.34
2017-11-28,6.29,29.74,20.05,23.35
2017-11-29,0.0,30.96,21.49,30.28
2017-11-30,24.54,28.81,20.19,22.03
2017-12-01,7.69,29.19,19.72,13.76
2017-12-02,1.05,29.82,20.33,17.37
2017-12-03,0.03,29.69,20.3,27.58
2017-12-04,1.35,30.54,22.42,27.74
2017-12-05,11.11,29.37,22.25,22.18
2017-12-06,40.3,27.69,22.38,17.86
2017-12-07,10.26,29.0,22.44,19.2
2017-12-08,5.32,29.46,23.81,23.45
2017-12-09,1.59,30.99,22.83,26.96
2017-12-10,0.06,31.7,23.0,26.16
2017-12-11,0.0,31.98,20.09,28.86
2017-12-12,0.0,31.1,19.9,30.66
2017-12-13,0.03,30.94,21.15,27.89
2017-12-14,0.01,31.21,21.69,28.99
2017-12-15,0.0,32.3,21.45,28.49
2017-12-16,0.0,31.7,22.4,28.92
2017-12-17,23.03,30.39,21.94,29.15
2017-12-18,2.58,30.06,22.65,25.89
2017-12-19,0.73,31.55,22.48,27.17
2017-12-20,16.14,28.95,23.29,16.89
2017-12-21,2.54,27.13,22.6,13.24
2017-12-22,1.76,28.72,22.08,15.75
2017-12-23,0.85,30.23,20.75,15.8
2017-12-24,5.21,28.21,22.56,18.17
2017-12-25,23.36,26.96,21.95,15.3
2017-12-26,45.08,26.88,22.63,21.88
2017-12-27,6.29,30.48,21.83,24.31
2017-12-28,12.59,29.81,22.54,24.81
2017-12-29,16.36,28.97,23.11,20.5
2017-12-30,11.32,29.65,22.89,12.56
2017-12-31,12.3,27.03,22.39,13.07
2018-01-01,4.63,29.55,23.33,22.79
2018-01-02,10.05,28.38,23.48,11.58
2018-01-03,8.43,29.14,22.78,20.64
2018-01-04,0.03,31.02,20.84,27.39
2018-01-05,15.7,31.24,22.18,25.46
2018-01-06,8.39,28.87,22.97,18.91
2018-01-07,12.05,28.25,22.14,10.38
2018-01-08,37.65,25.86,20.93,10.9
2018-01-09,13.06,25.49,20.95,10.94
2018-01-10,0.78,29.16,21.73,14.64
2018-01-11,4.57,25.41,21.2,18.12
2018-01-12,3.72,27.98,20.65,17.72
2018-01-13,1.88,28.34,19.92,21.59
2018-01-14,14.48,28.06,21.14,18.98
2018-01-15,11.07,26.57,21.56,17.85
2018-01-16,3.38,29.62,21.53,21.47
2018-01-17,0.93,29.55,21.85,20.66
2018-01-18,1.52,28.81,23.31,23.87
2018-01-19,0.27,31.29,22.07,22.51
2018-01-20,0.21,28.54,22.54,27.51
2018-01-21,0.05,31.6,20.71,26.21
2018-01-22,0.02,31.66,23.18,27.88
2018-01-23,0.02,30.94,23.5,28.3
2018-01-24,2.58,32.15,23.36,26.96
2018-01-25,14.97,28.45,22.76,25.44
2018-01-26,3.98,29.01,22.81,23.44
2018-01-27,4.9,29.5,21.91,24.96
2018-01-28,1.47,27.93,22.97,21.94
2018-01-29,4.84,28.54,22.94,16.04
2018-01-30,5.56,30.05,22.54,17.11
2018-01-31,6.54,28.96,21.79,23.91
2018-02-01,0.05,29.75,19.63,26.35
2018-02-02,0.0,30.3,19.97,25.93
2018-02-03,1.83,30.48,21.62,28.36
2018-02-04,16.1,29.66,19.41,28.0
2018-02-05,0.27,28.86,19.7,27.51
2018-02-06,0.0,30.02,19.82,27.8
2018-02-07,6.26,30.59,21.66,28.21
2018-02-08,0.02,31.37,20.68,27.85
2018-02-09,12.56,31.04,22.31,22.05
2018-02-10,18.67,27.27,23.04,12.73
2018-02-11,1.14,28.9,22.34,12.99
2018-02-12,0.94,28.82,22.56,18.83
2018-02-13,22.22,29.71,21.18,19.52
2018-02-14,0.79,30.04,20.79,14.43
2018-02-15,0.0,29.57,19.76,15.66
2018-02-16,0.02,30.1,21.35,24.99
2018-02-17,3.87,27.65,22.58,19.45
2018-02-18,17.5,26.88,21.71,14.53
2018-02-19,5.46,26.52,21.18,13.96
2018-02-20,17.91,27.88,22.17,14.53
2018-02-21,2.26,28.69,22.66,23.76
2018-02-22,0.04,30.12,21.21,26.1
2018-02-23,0.03,30.28,17.7,26.87
2018-02-24,0.96,29.52,20.61,25.39
2018-02-25,1.47,29.51,21.31,23.3
2018-02-26,4.62,26.03,22.34,15.55
2018-02-27,9.71,28.74,21.76,12.23
2018-02-28,1.53,30.76,21.86,23.44
2018-03-01,0.33,27.99,23.29,22.63
2018-03-02,0.68,30.08,23.09,24.65
2018-03-03,5.56,28.12,23.56,23.36
2018-03-04,0.17,31.06,22.7,24.28
2018-03-05,0.0,30.61,22.16,22.65
2018-03-06,12.14,29.05,22.58,23.22
2018-03-07,1.69,30.02,22.81,21.17
2018-03-08,6.57,30.07,23.28,18.85
2018-03-09,10.13,29.81,22.96,22.78
2018-03-10,14.69,29.67,23.44,21.45
2018-03-11,3.8,30.85,22.8,23.66
2018-03-12,0.0,32.02,22.95,23.61
2018-03-13,0.0,32.69,25.03,21.34
2018-03-14,2.28,31.18,25.14,23.94
2018-03-15,0.26,29.55,24.37,21.2
2018-03-16,0.29,29.2,24.42,20.65
2018-03-17,0.02,31.42,23.1,24.52
2018-03-18,0.0,31.98,23.15,23.75
2018-03-19,0.16,31.67,23.51,22.82
2018-03-20,0.49,30.4,23.64,21.0
2018-03-21,12.59,29.98,23.29,18.29
2018-03-22,3.87,30.54,22.35,22.77
2018-03-23,0.01,31.43,22.77,22.75
2018-03-24,0.12,30.69,23.33,23.35
2018-03-25,6.83,30.14,23.11,18.2
2018-03-26,6.99,28.45,22.68,10.49
2018-03-27,11.11,25.86,21.93,15.77
2018-03-28,0.83,29.31,21.35,19.32
2018-03-29,0.1,30.68,21.11,21.78
2018-03-30,4.37,29.94,21.38,21.52
2018-03-31,7.58,27.55,21.82,9.13
2018-04-01,20.44,25.7,21.85,10.85
2018-04-02,4.36,28.02,20.44,14.95
2018-04-03,0.92,28.25,20.5,14.87
2018-04-04,0.03,28.57,19.11,21.18
2018-04-05,0.0,29.41,18.41,21.87
2018-04-06,0.0,29.96,18.93,22.87
2018-04-07,0.0,29.72,18.48,23.12
2018-04-08,0.12,29.7,18.7,22.75
2018-04-09,0.06,30.39,20.23,21.22
2018-04-10,0.0,30.28,20.49,20.82
2018-04-11,0.0,30.0,19.99,22.16
2018-04-12,0.34,29.15,17.77,20.51
2018-04-13,0.26,29.34,17.91,22.04
2018-04-14,3.84,29.83,19.54,16.6
2018-04-15,3.03,25.15,19.86,14.71
2018-04-16,0.04,27.74,18.74,16.16
2018-04-17,0.0,27.18,19.11,18.79
2018-04-18,0.01,27.75,20.17,19.11
2018-04-19,0.0,28.87,17.9,19.14
2018-04-20,0.0,28.79,19.66,19.95
2018-04-21,0.0,28.78,18.46,21.13
2018-04-22,0.0,28.66,15.08,20.83
2018-04-23,0.0,28.81,17.53,19.24
2018-04-24,0.0,29.6,18.19,19.76
2018-04-25,0.0,29.88,18.06,19.57
2018-04-26,0.0,30.08,18.15,19.18
2018-04-27,0.0,30.52,18.94,18.66
2018-04-28,0.02,30.77,19.49,18.65
2018-04-29,0.0,30.35,19.09,19.09
2018-04-30,0.0,30.71,18.85,19.04
2018-05-01,0.0,30.6,19.05,18.74
2018-05-02,0.0,30.52,17.66,17.98
2018-05-03,0.0,29.89,16.48,19.2
2018-05-04,0.0,30.91,17.38,17.1
2018-05-05,0.0,31.78,18.48,16.61
2018-05-06,0.2,30.09,20.7,16.87
2018-05-07,1.06,29.02,19.85,17.52
2018-05-08,0.0,29.58,18.97,18.42
2018-05-09,0.0,29.46,18.13,18.22
2018-05-10,0.0,29.37,17.65,18.11
2018-05-11,0.0,29.98,18.36,15.36
2018-05-12,0.0,27.12,18.92,13.75
2018-05-13,0.11,25.29,16.87,14.42
2018-05-14,0.06,29.22,18.11,16.35
2018-05-15,3.39,29.84,18.94,15.9
2018-05-16,0.88,28.92,17.84,10.22
2018-05-17,0.1,29.26,18.4,14.07
2018-05-18,5.16,28.93,19.89,14.91
2018-05-19,3.74,26.36,14.1,6.85
2018-05-20,0.03,20.36,10.02,18.84
2018-05-21,7.08,21.27,8.31,18.71
2018-05-22,0.04,22.93,8.32,18.65
2018-05-23,0.0,24.67,9.93,17.93
2018-05-24,0.04,26.34,12.24,17.49
2018-05-25,0.0,26.53,13.95,15.59
2018-05-26,0.0,26.91,15.74,16.84
2018-05-27,0.0,27.79,15.17,17.22
2018-05-28,0.0,27.15,14.76,17.13
2018-05-29,0.0,26.89,14.15,13.82
2018-05-30,0.0,27.36,17.18,15.77
2018-05-31,0.0,27.25,14.71,16.84
2018-06-01,0.0,28.4,15.39,11.1
2018-06-02,0.0,28.34,17.74,11.27
2018-06-03,0.0,26.55,18.11,12.48
2018-06-04,0.0,24.89,16.75,8.62
2018-06-05,0.01,27.87,16.76,12.37
2018-06-06,0.0,25.69,17.2,12.18
2018-06-07,0.0,26.55,16.32,8.2
2018-06-08,0.0,22.79,13.2,11.44
2018-06-09,0.0,26.76,15.68,14.11
2018-06-10,0.0,28.93,18.23,11.22
2018-06-11,0.0,30.25,19.56,13.93
2018-06-12,0.79,30.7,19.8,11.59
2018-06-13,1.86,24.88,17.69,7.82
2018-06-14,0.01,25.58,15.19,12.35
2018-06-15,0.0,25.94,15.53,13.9
2018-06-16,0.0,23.77,15.47,13.66
2018-06-17,0.0,26.2,14.36,15.36
2018-06-18,0.0,26.57,14.6,15.15
2018-06-19,0.0,27.52,15.13,15.61
2018-06-20,0.0,28.38,16.1,15.74
2018-06-21,0.0,28.71,15.43,14.62
2018-06-22,0.0,28.64,18.77,13.62
2018-06-23,0.0,29.41,18.27,13.83
2018-06-24,0.0,29.34,19.67,12.71
2018-06-25,0.0,30.12,18.89,15.25
2018-06-26,0.0,30.74,17.55,15.25
2018-06-27,0.09,31.13,16.34,15.08
2018-06-28,0.0,30.74,16.39,14.4
2018-06-29,0.0,29.69,16.22,14.46
2018-06-30,0.0,29.61,16.11,15.94
2018-07-01,0.0,30.15,16.43,15.98
2018-07-02,0.0,30.58,16.51,15.81
2018-07-03,0.0,30.51,19.03,16.37
2018-07-04,0.0,30.4,16.43,15.94
2018-07-05,0.0,30.86,16.57,15.7
2018-07-06,0.0,30.32,16.5,16.29
2018-07-07,0.0,29.62,15.6,15.97
2018-07-08,0.0,30.12,17.02,15.81
2018-07-09,0.0,26.54,14.85,8.64
2018-07-10,0.01,22.63,11.26,16.78
2018-07-11,0.0,22.44,8.99,17.04
2018-07-12,0.0,23.53,9.13,15.83
2018-07-13,0.0,25.58,12.56,14.65
2018-07-14,0.0,30.68,14.5,16.79
2018-07-15,0.0,31.68,16.33,17.34
2018-07-16,0.0,31.4,16.36,16.96
2018-07-17,0.0,30.93,15.32,17.32
2018-07-18,0.0,31.1,15.69,17.24
2018-07-19,0.0,31.24,17.82,17.28
2018-07-20,0.0,31.47,16.63,17.51
2018-07-21,0.0,28.24,15.0,15.5
2018-07-22,0.0,29.75,15.84,14.83
2018-07-23,0.0,31.33,16.48,17.1
2018-07-24,0.0,30.63,16.63,15.32
2018-07-25,0.0,30.03,15.91,16.35
2018-07-26,0.0,30.72,17.18,16.33
2018-07-27,0.0,31.12,16.26,17.11
2018-07-28,0.0,32.28,17.06,17.68
2018-07-29,0.0,31.94,18.16,17.21
2018-07-30,1.03,30.77,19.57,14.53
2018-07-31,1.2,28.53,17.91,16.41
2018-08-01,0.02,26.77,15.1,10.06
2018-08-02,0.24,26.84,16.9,10.38
2018-08-03,0.57,29.46,18.42,8.95
2018-08-04,8.4,26.75,17.91,10.07
2018-08-05,2.48,26.17,17.29,7.78
2018-08-06,9.08,25.3,16.6,3.95
2018-08-07,0.2,27.63,16.02,11.17
2018-08-08,2.79,28.29,17.56,6.4
2018-08-09,1.37,24.34,12.91,8.88
2018-08-10,0.0,21.85,7.85,18.62
2018-08-11,0.0,24.05,7.08,20.78
2018-08-12,0.0,26.74,8.19,20.81
2018-08-13,0.0,28.33,11.31,19.94
2018-08-14,0.0,29.5,11.22,20.88
2018-08-15,0.0,29.55,11.58,16.23
2018-08-16,0.0,24.75,15.91,12.36
2018-08-17,0.0,28.37,14.51,19.71
2018-08-18,0.0,29.75,15.4,20.25
2018-08-19,0.0,31.33,17.9,19.3
2018-08-20,0.0,33.04,18.05,20.68
2018-08-21,0.24,30.68,16.75,17.96
2018-08-22,0.4,29.46,17.13,6.99
2018-08-23,0.1,32.21,18.18,18.44
2018-08-24,2.57,32.78,21.59,11.38
2018-08-25,4.65,28.4,16.92,10.12
2018-08-26,0.0,26.72,12.83,22.31
2018-08-27,0.0,29.07,13.65,22.35
2018-08-28,0.0,32.72,16.15,21.59
2018-08-29,0.0,32.42,17.96,22.32
2018-08-30,0.0,34.12,18.83,22.32
2018-08-31,0.0,34.04,18.79,21.68
2018-09-01,0.01,34.75,21.41,21.1
2018-09-02,0.21,35.07,20.11,15.4
2018-09-03,0.57,24.18,15.12,14.9
2018-09-04,0.01,25.93,12.18,17.18
2018-09-05,0.0,26.81,12.01,23.73
2018-09-06,0.0,30.32,12.03,24.24
2018-09-07,0.0,33.5,13.15,24.54
2018-09-08,0.0,34.69,15.54,23.73
2018-09-09,0.0,34.91,16.18,24.36
2018-09-10,0.0,34.64,16.79,23.6
2018-09-11,0.0,35.26,17.55,23.21
2018-09-12,0.0,35.34,17.68,22.68
2018-09-13,0.12,36.59,18.49,21.73
2018-09-14,5.83,32.61,19.34,5.55
2018-09-15,2.62,28.15,19.31,10.17
2018-09-16,13.92,30.54,20.45,12.26
2018-09-17,15.57,25.76,21.3,7.29
2018-09-18,2.79,27.47,20.26,13.37
2018-09-19,5.68,29.7,21.29,19.77
2018-09-20,8.99,31.12,21.3,10.35
2018-09-21,0.46,30.01,21.59,21.69
2018-09-22,0.0,32.71,20.95,24.83
2018-09-23,0.0,34.83,20.52,25.22
2018-09-24,0.0,36.19,19.63,26.23
2018-09-25,0.02,35.83,19.73,21.56
2018-09-26,1.14,33.78,23.23,17.3
2018-09-27,2.27,32.39,22.8,12.21
2018-09-28,3.38,30.73,21.99,19.45
2018-09-29,0.64,32.79,22.84,17.06
2018-09-30,13.9,25.92,21.55,4.38
2018-10-01,1.68,32.55,21.41,23.47
2018-10-02,0.0,34.77,21.41,16.53
2018-10-03,0.17,35.18,22.81,21.56
2018-10-04,0.18,29.45,23.87,22.86
2018-10-05,0.02,32.05,21.85,19.29
2018-10-06,0.04,32.99,19.53,20.41
2018-10-07,26.16,31.79,21.24,17.31
2018-10-08,12.85,30.58,22.91,11.92
2018-10-09,20.01,31.68,22.59,20.13
2018-10-10,9.68,31.23,23.32,14.14
2018-10-11,2.83,30.63,23.53,16.5
2018-10-12,0.06,32.16,20.83,25.82
2018-10-13,3.66,30.78,23.07,12.88
2018-10-14,5.82,30.19,23.15,20.9
2018-10-15,0.98,31.0,22.49,21.13
2018-10-16,1.86,32.02,22.63,20.49
2018-10-17,0.84,32.07,24.55,22.5
2018-10-18,3.86,33.67,23.4,23.82
2018-10-19,3.13,30.76,23.25,20.6
2018-10-20,0.0,29.87,18.5,27.86
2018-10-21,0.0,31.24,16.53,26.79
2018-10-22,0.0,33.73,18.64,26.89
2018-10-23,12.5,29.04,23.34,23.92
2018-10-24,3.32,28.69,23.26,12.04
2018-10-25,8.37,29.19,21.59,10.41
2018-10-26,10.78,29.82,21.98,14.31
2018-10-27,5.45,29.38,22.46,15.33
2018-10-28,0.03,30.76,19.16,28.77
2018-10-29,0.0,30.19,17.67,22.77
2018-10-30,0.0,31.99,20.23,26.73
2018-10-31,1.05,32.49,22.76,23.09
2018-11-01,5.05,30.35,23.5,16.92
2018-11-02,0.49,31.2,22.65,23.55
2018-11-03,27.16,31.55,23.18,26.39
2018-11-04,6.7,29.75,22.3,14.05
2018-11-05,3.92,29.59,19.54,26.36
2018-11-06,0.84,31.08,19.94,23.26
2018-11-07,31.66,26.73,21.14,13.0
2018-11-08,14.2,23.93,19.15,11.73
2018-11-09,8.9,27.65,18.99,13.0
2018-11-10,1.78,27.54,20.04,16.73
2018-11-11,0.0,30.84,20.9,27.72
2018-11-12,0.0,32.62,21.09,28.44
2018-11-13,0.0,34.04,22.02,27.41
2018-11-14,4.12,32.82,23.97,21.21
2018-11-15,7.28,30.16,24.52,26.2
2018-11-16,7.67,29.96,24.22,27.03
2018-11-17,10.67,31.25,21.57,18.28
2018-11-18,18.64,26.41,23.11,14.88
2018-11-19,4.59,29.33,21.46,13.73
2018-11-20,0.1,28.93,18.02,17.61
2018-11-21,0.31,30.25,18.38,26.08
2018-11-22,7.77,30.19,21.56,20.32
2018-11-23,27.02,27.69,22.65,4.97
2018-11-24,10.71,29.69,22.1,18.19
2018-11-25,6.16,30.28,21.86,22.58
2018-11-26,0.03,30.52,20.88,23.73
2018-11-27,0.0,30.94,20.09,28.79
2018-11-28,0.0,31.58,21.14,29.46
2018-11-29,0.07,32.32,21.68,22.73
2018-11-30,11.3,28.22,22.81,20.58
2018-12-01,13.66,28.76,22.66,17.13
2018-12-02,0.81,30.93,22.46,23.21
2018-12-03,0.14,30.4,20.9,28.26
2018-12-04,0.01,32.16,20.63,27.76
2018-12-05,0.01,32.81,22.65,27.48
2018-12-06,0.0,34.31,21.17,29.85
2018-12-07,0.0,33.73,22.12,28.06
2018-12-08,0.0,30.89,20.11,31.13
2018-12-09,0.0,32.02,17.35,29.3
2018-12-10,0.0,33.29,21.37,28.98
2018-12-11,0.0,34.27,21.65,29.87
2018-12-12,0.43,35.16,21.79,29.24
2018-12-13,1.55,34.21,22.99,29.24
2018-12-14,0.11,33.91,22.51,27.29
2018-12-15,4.3,33.14,23.99,26.02
2018-12-16,0.66,35.48,24.82,29.34
2018-12-17,6.43,34.43,26.65,26.31
2018-12-18,3.43,35.5,25.37,25.35
2018-12-19,2.46,34.02,25.44,18.32
2018-12-20,0.01,35.53,24.54,28.73
2018-12-21,7.24,35.78,25.43,27.01
2018-12-22,5.31,30.89,24.4,21.69
2018-12-23,1.93,29.64,23.54,16.23
2018-12-24,12.09,29.97,22.5,16.81
2018-12-25,6.84,30.75,21.92,14.95
2018-12-26,8.61,30.44,22.95,18.64
2018-12-27,4.12,30.72,23.28,24.73
2018-12-28,5.48,29.17,23.17,23.81
2018-12-29,2.49,31.18,23.32,23.14
2018-12-30,4.49,31.27,23.98,20.99
2018-12-31,6.06,33.7,23.24,25.88
2019-01-01,11.97,31.92,23.73,24.23
2019-01-02,0.58,33.57,23.24,27.22
2019-01-03,0.36,33.53,23.74,25.54
2019-01-04,6.03,29.51,24.52,16.24
2019-01-05,10.21,26.28,23.45,14.2
2019-01-06,0.98,28.89,22.37,18.54
2019-01-07,0.05,32.92,21.93,29.03
2019-01-08,0.02,31.54,23.51,27.3
2019-01-09,1.95,32.16,23.73,27.0
2019-01-10,0.78,32.65,24.46,24.23
2019-01-11,0.21,30.92,23.04,26.44
2019-01-12,0.25,33.51,22.91,23.97
2019-01-13,0.35,31.91,22.84,26.78
2019-01-14,0.64,34.46,22.89,27.92
2019-01-15,1.4,34.01,24.22,25.34
2019-01-16,0.41,32.71,25.33,24.42
2019-01-17,15.73,32.96,24.64,24.26
2019-01-18,2.81,33.62,23.58,24.3
2019-01-19,2.34,33.45,23.21,22.19
2019-01-20,0.73,33.09,22.79,26.9
2019-01-21,0.07,33.92,23.96,28.78
2019-01-22,0.0,36.92,24.71,28.91
2019-01-23,0.33,35.59,25.33,24.78
2019-01-24,16.78,31.34,25.24,18.62
2019-01-25,0.42,32.71,23.22,25.76
2019-01-26,3.19,32.94,24.01,24.28
2019-01-27,1.92,28.07,22.54,22.18
2019-01-28,0.35,34.33,21.25,28.38
2019-01-29,0.08,36.85,22.91,29.22
2019-01-30,0.44,36.87,24.15,26.98
2019-01-31,0.44,37.41,24.73,26.84
2019-02-01,0.3,37.7,25.96,24.63
2019-02-02,0.0,38.16,25.31,26.87
2019-02-03,0.01,37.87,24.81,25.51
2019-02-04,0.26,34.57,24.98,23.88
2019-02-05,0.27,34.59,23.81,16.41
2019-02-06,6.96,34.97,23.55,19.94
2019-02-07,1.71,35.22,21.33,28.24
2019-02-08,0.0,36.8,22.66,27.59
2019-02-09,0.04,38.26,24.15,28.51
2019-02-10,1.74,36.87,27.56,20.91
2019-02-11,1.15,32.01,26.5,21.69
2019-02-12,12.35,28.83,24.33,6.97
2019-02-13,22.69,29.54,22.97,17.42
2019-02-14,18.63,30.95,20.63,19.3
2019-02-15,10.24,29.5,23.23,11.89
2019-02-16,2.84,27.28,22.06,20.21
2019-02-17,0.31,30.02,20.44,23.81
2019-02-18,1.8,30.87,19.94,25.14
2019-02-19,2.59,31.54,21.48,19.47
2019-02-20,4.8,31.8,23.36,13.23
2019-02-21,9.19,31.58,23.82,17.53
2019-02-22,5.54,31.37,23.25,20.21
2019-02-23,0.75,30.28,23.35,23.42
2019-02-24,0.59,31.6,23.59,22.56
2019-02-25,3.04,31.36,23.37,22.82
2019-02-26,15.66,29.12,23.04,10.64
2019-02-27,21.55,28.84,22.25,12.87
2019-02-28,25.26,25.5,22.44,14.37
2019-03-01,14.47,28.96,22.48,16.03
2019-03-02,9.08,27.02,22.88,20.76
2019-03-03,4.97,29.96,22.06,22.16
2019-03-04,9.44,29.55,21.89,17.43
2019-03-05,4.15,29.3,21.86,22.77
2019-03-06,0.2,31.17,21.25,24.5
2019-03-07,0.66,29.48,22.39,22.91
2019-03-08,3.03,30.84,22.64,20.5
2019-03-09,6.83,30.46,22.62,20.76
2019-03-10,7.64,28.28,22.71,20.11
2019-03-11,0.84,31.07,22.21,18.56
2019-03-12,2.56,30.91,22.06,23.44
2019-03-13,1.26,30.39,22.73,17.94
2019-03-14,2.7,27.87,23.31,20.77
2019-03-15,4.22,29.11,22.64,17.75
2019-03-16,6.4,30.42,22.29,17.51
2019-03-17,7.87,30.23,24.56,20.12
2019-03-18,13.74,30.35,24.31,19.02
2019-03-19,0.64,29.76,23.61,22.65
2019-03-20,7.79,29.9,23.39,20.86
2019-03-21,6.96,28.16,21.61,10.85
2019-03-22,0.03,28.77,19.04,18.74
2019-03-23,0.0,29.88,20.12,24.69
2019-03-24,0.0,30.99,19.49,23.72
2019-03-25,0.0,31.57,19.62,23.83
2019-03-26,0.0,32.39,21.07,23.7
2019-03-27,0.0,31.84,21.8,22.31
2019-03-28,0.06,32.17,21.85,22.98
2019-03-29,0.0,31.43,20.58,24.02
2019-03-30,0.0,31.51,20.09,23.51
2019-03-31,0.0,32.4,19.96,22.69
2019-04-01,0.01,33.03,20.23,19.58
2019-04-02,0.01,33.41,20.57,16.56
2019-04-03,0.0,33.18,21.91,17.32
2019-04-04,0.02,32.88,22.82,13.95
2019-04-05,3.19,30.0,23.9,16.9
2019-04-06,11.26,30.57,23.36,15.95
2019-04-07,15.59,29.07,23.24,10.7
2019-04-08,0.77,29.29,20.65,16.26
2019-04-09,0.1,29.68,19.12,17.6
2019-04-10,0.02,30.05,18.67,21.06
2019-04-11,0.01,30.76,19.01,21.46
2019-04-12,1.87,31.41,19.31,20.04
2019-04-13,21.99,28.7,21.54,14.63
2019-04-14,2.85,29.34,21.96,11.34
2019-04-15,3.83,30.07,22.26,19.09
2019-04-16,0.47,30.07,22.67,18.71
2019-04-17,0.04,31.21,20.73,20.99
2019-04-18,0.0,30.69,17.63,22.22
2019-04-19,0.03,31.03,19.53,21.72
2019-04-20,0.0,31.27,17.96,21.36
2019-04-21,0.0,32.24,18.81,18.13
2019-04-22,0.46,31.01,20.84,12.51
2019-04-23,0.25,31.44,21.5,16.48
2019-04-24,0.13,31.89,21.99,18.86
2019-04-25,2.08,32.88,21.9,17.63
2019-04-26,0.05,32.97,21.62,18.59
2019-04-27,0.02,33.24,22.48,18.22
2019-04-28,4.76,31.81,22.49,12.68
2019-04-29,0.61,30.35,20.57,15.63
2019-04-30,0.03,30.75,19.59,18.14
2019-05-01,0.42,30.78,20.73,10.39
2019-05-02,0.04,30.96,21.41,15.06
2019-05-03,9.98,30.44,22.52,14.06
2019-05-04,1.49,27.67,22.56,14.2
2019-05-05,0.04,29.65,21.49,16.97
2019-05-06,0.07,31.41,21.52,17.16
2019-05-07,2.19,31.55,22.17,15.82
2019-05-08,0.16,30.75,20.87,17.86
2019-05-09,1.49,31.38,20.9,17.45
2019-05-10,1.85,31.61,20.95,15.27
2019-05-11,4.74,32.03,21.81,13.58
2019-05-12,0.79,31.75,22.01,16.01
2019-05-13,0.3,31.03,21.99,15.06
2019-05-14,0.0,27.82,18.5,16.75
2019-05-15,0.02,27.15,16.15,13.81
2019-05-16,0.02,28.34,19.39,14.37
2019-05-17,0.55,26.38,17.71,15.98
2019-05-18,1.06,27.14,18.05,13.03
2019-05-19,0.32,28.36,16.14,15.84
2019-05-20,0.11,28.87,16.34,17.75
2019-05-21,0.99,29.48,15.2,16.95
2019-05-22,0.46,30.22,17.12,17.53
2019-05-23,0.11,30.98,18.06,14.59
2019-05-24,0.62,25.19,15.69,6.86
2019-05-25,0.01,23.13,12.49,17.41
2019-05-26,0.04,27.41,11.09,18.03
2019-05-27,0.0,31.62,14.5,16.67
2019-05-28,0.44,32.4,17.78,16.05
2019-05-29,2.01,31.8,20.0,15.82
2019-05-30,0.0,33.01,19.93,15.95
2019-05-31,0.0,32.39,19.32,14.98
2019-06-01,0.0,32.65,18.94,15.73
2019-06-02,3.86,30.77,17.93,14.07
2019-06-03,6.76,26.49,18.89,7.34
2019-06-04,0.08,26.37,15.41,11.5
2019-06-05,0.03,24.82,12.76,17.25
2019-06-06,0.03,27.63,12.62,16.79
2019-06-07,0.0,28.98,13.16,16.99
2019-06-08,0.0,28.57,15.57,16.01
2019-06-09,0.0,28.31,13.19,17.03
2019-06-10,0.0,29.65,13.96,16.58
2019-06-11,0.0,30.42,15.94,14.64
2019-06-12,0.0,30.23,16.11,15.94
2019-06-13,0.0,30.8,16.88,14.85
2019-06-14,0.0,31.24,17.83,16.16
2019-06-15,0.0,30.98,17.73,16.34
2019-06-16,0.0,30.26,16.46,16.2
2019-06-17,0.0,30.24,15.78,15.44
2019-06-18,0.08,30.0,15.36,15.54
2019-06-19,0.0,30.24,17.84,15.63
2019-06-20,0.0,30.7,17.15,15.75
2019-06-21,0.0,30.58,17.82,15.73
2019-06-22,0.0,30.16,16.23,15.99
2019-06-23,0.0,29.61,15.38,16.21
2019-06-24,0.0,29.83,14.71,16.48
2019-06-25,0.0,30.83,15.68,15.99
2019-06-26,0.01,31.32,18.77,12.55
2019-06-27,0.68,30.51,17.76,8.1
2019-06-28,0.09,32.99,18.45,15.83
2019-06-29,1.0,31.93,18.1,16.05
2019-06-30,0.0,31.75,17.47,16.34
2019-07-01,0.0,31.62,17.4,15.76
2019-07-02,0.0,31.21,17.4,13.45
2019-07-03,0.0,31.29,17.87,13.04
2019-07-04,13.77,26.73,19.78,6.24
2019-07-05,12.56,23.19,11.93,8.83
2019-07-06,0.0,17.67,6.14,17.92
2019-07-07,0.02,20.28,4.62,17.79
2019-07-08,0.0,25.2,7.94,16.82
2019-07-09,0.0,27.93,9.96,16.99
2019-07-10,0.0,28.21,10.62,16.94
2019-07-11,0.0,28.03,11.92,17.2
2019-07-12,0.0,28.87,11.71,16.32
2019-07-13,0.0,28.24,14.77,16.71
2019-07-14,0.0,30.02,18.64,15.89
2019-07-15,0.06,30.71,20.18,13.7
2019-07-16,0.19,27.04,15.42,15.76
2019-07-17,0.0,24.32,11.37,17.32
2019-07-18,0.01,26.77,11.45,15.53
2019-07-19,0.0,28.75,15.69,13.7
2019-07-20,0.0,28.77,14.86,16.76
2019-07-21,0.0,28.46,15.67,14.98
2019-07-22,0.0,29.15,16.53,11.82
2019-07-23,0.0,30.3,15.74,17.69
2019-07-24,0.0,31.32,16.48,17.71
2019-07-25,0.0,31.76,17.39,12.4
2019-07-26,0.0,32.01,17.69,16.17
2019-07-27,0.0,31.11,19.15,16.05
2019-07-28,0.0,30.53,16.47,17.78
2019-07-29,0.0,30.71,15.81,16.91
2019-07-30,0.02,31.12,19.52,16.1
2019-07-31,0.0,31.08,15.82,18.85
2019-08-01,0.0,33.46,16.25,18.91
2019-08-02,0.01,33.23,18.79,13.3
2019-08-03,0.6,22.92,13.85,11.52
2019-08-04,6.65,20.07,13.05,4.65
2019-08-05,7.0,25.74,12.64,10.19
2019-08-06,14.54,25.22,16.05,13.04
2019-08-07,0.01,29.54,17.08,18.82
2019-08-08,0.0,31.16,16.98,19.26
2019-08-09,0.0,31.98,17.01,19.48
2019-08-10,0.0,32.05,17.56,19.37
2019-08-11,0.0,33.15,16.74,19.12
2019-08-12,0.0,34.19,18.4,19.22
2019-08-13,0.0,32.99,23.22,16.66
2019-08-14,0.0,27.87,16.87,17.54
2019-08-15,0.0,28.65,14.11,18.89
2019-08-16,0.0,30.43,15.94,19.66
2019-08-17,0.0,31.88,16.58,20.14
2019-08-18,0.0,33.24,20.17,15.6
2019-08-19,0.01,31.78,21.62,8.85
2019-08-20,0.01,29.57,18.56,14.66
2019-08-21,0.0,30.79,16.72,19.69
2019-08-22,0.0,30.66,16.11,20.89
2019-08-23,0.08,29.42,15.27,20.24
2019-08-24,0.01,30.01,14.97,22.01
2019-08-25,0.0,31.34,13.79,21.33
2019-08-26,0.0,33.8,15.5,20.64
2019-08-27,0.0,32.25,18.18,15.91
2019-08-28,0.0,31.21,21.02,18.96
2019-08-29,0.0,33.32,19.22,16.78
2019-08-30,0.0,34.73,19.78,19.12
2019-08-31,1.68,36.92,23.56,19.17
2019-09-01,10.11,34.5,21.62,6.64
2019-09-02,3.37,30.52,17.72,9.91
2019-09-03,1.57,33.13,20.88,12.94
2019-09-04,0.17,34.46,20.52,17.2
2019-09-05,0.0,33.59,20.75,18.63
2019-09-06,0.0,35.82,18.8,20.87
2019-09-07,0.0,36.07,22.17,22.38
2019-09-08,0.0,37.22,22.4,21.96
2019-09-09,0.0,37.53,22.25,22.71
2019-09-10,0.0,36.98,21.68,21.27
2019-09-11,0.0,38.86,23.15,21.14
2019-09-12,0.0,38.47,24.48,21.58
2019-09-13,0.0,38.1,21.03,20.64
2019-09-14,0.0,38.72,21.09,21.44
2019-09-15,0.0,39.92,24.17,22.35
2019-09-16,0.0,39.46,23.27,23.04
2019-09-17,0.0,39.83,22.5,23.84
2019-09-18,0.0,38.03,21.81,19.35
2019-09-19,0.04,39.79,24.81,17.73
2019-09-20,5.06,38.1,26.36,11.95
2019-09-21,1.82,35.86,23.56,18.5
2019-09-22,0.01,32.5,22.33,20.48
2019-09-23,0.0,34.17,18.44,24.3
2019-09-24,0.67,35.76,20.19,21.28
2019-09-25,10.79,29.0,20.38,3.73
2019-09-26,4.34,27.98,18.7,9.86
2019-09-27,0.16,31.79,17.87,24.95
2019-09-28,0.02,32.02,16.91,25.11
2019-09-29,0.04,33.59,17.23,26.33
2019-09-30,0.03,35.43,17.34,26.53
2019-10-01,0.01,38.22,18.68,26.63
2019-10-02,0.06,39.48,22.82,22.09
2019-10-03,1.34,37.05,24.72,22.15
2019-10-04,0.0,38.95,20.87,26.27
2019-10-05,0.0,39.18,21.42,27.13
2019-10-06,0.0,38.69,24.22,17.69
2019-10-07,0.73,34.01,23.03,21.45
2019-10-08,3.94,31.75,23.29,10.26
2019-10-09,0.12,30.51,22.03,19.34
2019-10-10,0.0,33.54,21.94,25.34
2019-10-11,0.0,37.17,22.08,26.35
2019-10-12,0.0,37.79,23.7,25.42
2019-10-13,0.2,32.41,25.91,23.56
2019-10-14,0.58,38.85,23.34,22.86
2019-10-15,0.16,38.18,24.64,23.17
2019-10-16,0.0,38.03,22.23,26.12
2019-10-17,0.09,40.02,24.25,23.66
2019-10-18,4.54,36.36,26.2,19.21
2019-10-19,3.25,37.37,24.08,20.17
2019-10-20,6.55,35.82,24.21,14.58
2019-10-21,5.47,31.19,22.45,14.65
2019-10-22,11.24,30.53,21.72,11.01
2019-10-23,0.01,32.53,18.52,23.46
2019-10-24,0.0,35.03,20.81,28.94
2019-10-25,0.0,37.56,22.48,28.92
2019-10-26,0.0,38.91,22.68,27.41
2019-10-27,4.38,37.63,25.52,27.67
2019-10-28,11.47,33.41,24.21,19.45
2019-10-29,0.12,36.29,23.09,28.04
2019-10-30,0.12,38.27,24.79,28.67
2019-10-31,0.03,38.48,26.38,27.92
2019-11-01,0.0,38.59,24.39,28.29
2019-11-02,0.0,38.75,25.05,28.59
2019-11-03,0.0,39.79,25.82,27.83
2019-11-04,0.09,39.18,28.03,27.4
2019-11-05,5.7,37.12,27.21,25.1
2019-11-06,12.19,35.02,25.39,15.36
2019-11-07,6.95,27.92,23.15,21.44
2019-11-08,2.13,30.42,22.42,12.94
2019-11-09,4.0,30.63,23.0,12.93
2019-11-10,4.7,31.06,22.05,14.24
2019-11-11,0.14,34.28,23.3,22.0
2019-11-12,0.01,33.98,22.31,26.06
2019-11-13,4.04,32.09,23.65,19.0
2019-11-14,5.55,32.55,23.8,16.33
2019-11-15,3.59,30.67,22.7,19.33
2019-11-16,0.04,33.61,19.92,28.36
2019-11-17,0.0,34.99,21.02,30.53
2019-11-18,0.0,36.08,19.93,30.59
2019-11-19,0.02,36.97,21.26,28.4
2019-11-20,2.43,37.03,23.21,24.9
2019-11-21,4.51,34.05,24.68,24.92
2019-11-22,1.45,34.38,23.57,25.82
2019-11-23,1.42,37.33,23.33,25.09
2019-11-24,5.41,32.18,22.55,22.11
2019-11-25,0.06,34.64,20.33,28.79
2019-11-26,0.52,32.53,24.62,24.0
2019-11-27,21.69,29.73,23.01,13.82
2019-11-28,10.13,29.94,22.7,17.05
2019-11-29,1.84,30.97,19.9,21.87
2019-11-30,17.02,30.27,23.04,17.51
2019-12-01,7.18,29.78,24.28,21.1
2019-12-02,4.14,30.04,22.83,24.61
2019-12-03,3.44,30.96,21.49,24.85
2019-12-04,3.71,31.46,23.39,20.73
2019-12-05,3.39,31.6,24.17,18.96
2019-12-06,3.27,31.89,21.88,17.9
2019-12-07,0.01,33.3,20.64,27.38
2019-12-08,0.2,34.51,21.76,28.69
2019-12-09,12.48,31.8,24.37,19.63
2019-12-10,15.83,30.67,23.12,18.44
2019-12-11,14.17,28.94,23.28,5.09
2019-12-12,12.43,29.05,22.91,22.21
2019-12-13,4.03,28.7,23.06,22.29
2019-12-14,6.06,28.39,23.37,17.92
2019-12-15,2.53,30.58,23.34,19.19
2019-12-16,10.45,29.36,22.84,17.39
2019-12-17,38.11,29.91,21.65,15.45
2019-12-18,6.44,28.5,22.12,15.69
2019-12-19,0.51,28.81,21.11,18.04
2019-12-20,15.02,30.53,21.33,22.27
2019-12-21,12.44,28.2,22.29,16.62
2019-12-22,9.04,28.11,22.31,11.9
2019-12-23,14.05,29.85,21.3,17.56
2019-12-24,0.26,31.11,21.54,27.37
2019-12-25,4.71,32.07,21.27,29.66
2019-12-26,4.62,32.63,22.1,28.22
2019-12-27,1.78,32.3,22.33,29.97
2019-12-28,3.4,30.84,23.77,27.51
2019-12-29,0.87,30.43,24.03,27.87
2019-12-30,0.17,33.0,21.94,28.73
2019-12-31,3.03,33.71,23.27,28.82
2020-01-01,5.05,32.32,23.35,22.18
2020-01-02,14.76,31.06,23.36,25.24
2020-01-03,9.37,31.33,24.06,12.24
2020-01-04,13.0,30.48,20.66,22.85
2020-01-05,18.67,29.62,22.11,18.76
2020-01-06,0.97,32.07,21.9,28.23
2020-01-07,3.78,29.43,23.08,13.24
2020-01-08,11.25,28.48,23.62,15.34
2020-01-09,21.34,28.66,23.43,16.04
2020-01-10,3.0,30.88,22.68,22.31
2020-01-11,0.71,30.0,25.26,19.38
2020-01-12,11.64,30.39,24.36,17.81
2020-01-13,11.87,30.31,23.64,18.42
2020-01-14,1.14,32.38,22.99,23.62
2020-01-15,0.0,33.57,22.82,29.88
2020-01-16,0.13,34.15,25.75,27.49
2020-01-17,0.85,31.54,24.19,19.62
2020-01-18,1.35,29.86,21.25,25.94
2020-01-19,0.37,32.38,22.37,26.83
2020-01-20,0.92,32.59,23.97,27.28
2020-01-21,2.17,32.56,23.74,26.16
2020-01-22,6.32,30.85,22.75,18.66
2020-01-23,43.04,29.87,22.86,9.45
2020-01-24,3.45,30.38,20.62,25.06
2020-01-25,0.01,30.19,20.84,29.55
2020-01-26,0.0,31.76,21.81,29.84
2020-01-27,0.0,32.58,22.07,29.47
2020-01-28,0.01,32.98,23.17,29.34
2020-01-29,0.3,33.33,22.42,24.7
2020-01-30,20.96,26.96,24.17,21.53
2020-01-31,14.07,29.32,23.4,19.69
2020-02-01,2.73,29.84,23.03,20.42
2020-02-02,1.58,28.76,23.5,16.13
2020-02-03,7.26,28.37,22.48,17.03
2020-02-04,15.0,30.16,22.66,18.85
2020-02-05,8.24,29.85,22.88,20.97
2020-02-06,7.23,28.76,22.18,20.67
2020-02-07,4.06,29.6,21.18,18.76
2020-02-08,2.47,29.44,20.3,20.85
2020-02-09,6.3,29.76,22.19,17.13
2020-02-10,17.68,28.98,21.2,13.17
2020-02-11,10.87,27.84,22.58,14.08
2020-02-12,0.04,29.76,19.45,19.97
2020-02-13,0.0,29.92,19.52,28.03
2020-02-14,0.01,31.55,20.17,27.73
2020-02-15,0.05,32.67,21.3,26.28
2020-02-16,1.62,32.85,23.62,25.44
2020-02-17,1.97,32.22,23.97,23.96
2020-02-18,6.72,31.44,23.91,26.17
2020-02-19,3.76,31.34,24.2,21.64
2020-02-20,14.75,28.97,24.04,17.04
2020-02-21,2.29,28.99,23.31,14.57
2020-02-22,17.4,31.08,23.04,21.05
2020-02-23,13.72,29.36,19.26,18.46
2020-02-24,13.51,27.68,21.39,13.57
2020-02-25,6.72,29.44,23.08,13.5
2020-02-26,16.36,30.28,21.37,11.51
2020-02-27,1.94,27.93,19.28,16.99
2020-02-28,0.17,28.38,19.16,26.84
2020-02-29,0.46,29.19,18.52,25.26
2020-03-01,0.18,28.92,19.01,22.11
2020-03-02,2.0,28.7,20.07,22.39
2020-03-03,1.67,29.23,18.33,23.71
2020-03-04,0.08,30.22,18.64,27.18
2020-03-05,1.13,30.56,18.74,26.84
2020-03-06,1.01,29.62,18.92,26.28
2020-03-07,1.54,30.07,18.33,27.26
2020-03-08,0.0,31.13,17.2,26.88
2020-03-09,0.01,31.81,19.01,25.32
2020-03-10,0.1,32.76,19.99,25.59
2020-03-11,0.13,33.23,21.78,24.57
2020-03-12,0.62,34.05,22.62,25.05
2020-03-13,0.13,34.1,22.36,26.09
2020-03-14,0.26,34.55,22.16,24.77
2020-03-15,3.54,33.99,22.67,23.04
2020-03-16,7.35,32.2,23.09,23.23
2020-03-17,0.72,33.36,22.61,23.95
2020-03-18,0.2,33.02,22.98,18.66
2020-03-19,5.86,31.83,24.27,15.5
2020-03-20,6.34,30.18,23.6,15.37
2020-03-21,5.37,30.3,23.79,17.61
2020-03-22,4.06,29.96,20.74,23.81
2020-03-23,2.77,29.53,17.69,24.29
2020-03-24,0.07,29.82,18.92,23.19
2020-03-25,0.14,30.57,18.47,23.02
2020-03-26,0.59,30.22,18.05,23.47
2020-03-27,0.2,30.94,19.24,21.73
2020-03-28,0.57,31.9,21.08,20.09
2020-03-29,25.27,26.92,22.16,6.57
2020-03-30,0.15,30.83,21.45,18.93
2020-03-31,0.01,31.6,20.74,22.59
2020-04-01,0.0,32.66,21.07,23.1
2020-04-02,2.68,32.61,21.97,21.24
2020-04-03,0.67,32.07,20.46,19.39
2020-04-04,0.0,30.47,15.83,23.96
2020-04-05,0.0,32.84,19.57,23.2
2020-04-06,0.56,34.23,21.11,22.45
2020-04-07,13.04,28.33,23.21,14.24
2020-04-08,0.01,30.68,20.43,20.71
2020-04-09,0.01,29.61,18.98,22.46
2020-04-10,0.01,30.12,17.3,22.64
2020-04-11,0.02,30.95,18.28,20.85
2020-04-12,0.01,30.74,18.58,19.1
2020-04-13,7.26,31.31,19.33,21.72
2020-04-14,12.49,27.56,19.43,11.29
2020-04-15,1.35,25.23,15.33,20.73
2020-04-16,0.0,26.82,11.23,22.58
2020-04-17,3.55,28.73,13.86,22.16
2020-04-18,1.97,27.52,17.25,21.21
2020-04-19,2.81,29.03,17.29,20.06
2020-04-20,0.07,29.35,18.76,19.75
2020-04-21,0.01,30.04,18.59,20.36
2020-04-22,0.0,29.39,16.54,21.5
2020-04-23,0.57,29.95,15.97,21.22
2020-04-24,0.0,31.39,16.41,20.94
2020-04-25,0.0,32.35,20.15,20.17
2020-04-26,0.0,31.84,18.44,20.48
2020-04-27,1.31,30.72,18.14,20.42
2020-04-28,2.49,29.99,17.39,20.53
2020-04-29,0.0,30.52,16.47,20.56
2020-04-30,0.0,31.13,16.94,19.91
2020-05-01,0.0,31.71,18.74,19.59
2020-05-02,0.12,32.1,20.22,19.03
2020-05-03,0.75,30.13,18.3,19.76
2020-05-04,0.35,29.75,15.72,19.73
2020-05-05,0.0,30.33,16.37,16.73
2020-05-06,0.0,32.3,19.86,10.01
2020-05-07,0.0,27.51,16.98,13.71
2020-05-08,0.0,26.33,13.82,19.97
2020-05-09,0.21,29.71,13.04,19.58
2020-05-10,0.0,30.59,14.88,19.1
2020-05-11,0.0,30.99,16.49,18.49
2020-05-12,0.0,30.89,16.19,12.22
2020-05-13,0.57,27.51,18.23,4.59
2020-05-14,1.37,27.12,19.05,6.28
2020-05-15,0.23,28.2,18.26,9.03
2020-05-16,0.01,28.64,16.41,17.78
2020-05-17,0.0,29.36,14.51,18.51
2020-05-18,0.01,30.19,14.08,18.91
2020-05-19,0.11,30.55,15.47,18.0
2020-05-20,0.0,30.93,19.25,15.56
2020-05-21,0.0,31.99,18.13,17.18
2020-05-22,2.77,32.33,19.03,15.25
2020-05-23,19.27,23.23,14.33,7.26
2020-05-24,0.01,20.74,10.77,7.87
2020-05-25,0.04,22.65,8.76,17.64
2020-05-26,0.02,22.87,8.44,18.29
2020-05-27,0.0,23.9,7.95,17.93
2020-05-28,0.0,25.75,10.0,18.37
2020-05-29,0.0,27.85,10.07,17.88
2020-05-30,0.0,27.76,11.39,17.81
2020-05-31,0.0,27.61,13.28,17.28
2020-06-01,0.0,29.76,15.16,16.61
2020-06-02,0.47,28.07,17.11,5.33
2020-06-03,2.49,27.29,17.37,8.46
2020-06-04,0.19,29.28,17.94,7.53
2020-06-05,0.79,31.43,18.92,10.15
2020-06-06,0.85,28.07,18.59,8.91
2020-06-07,0.15,27.43,16.53,10.95
2020-06-08,0.1,31.64,18.4,14.05
2020-06-09,0.78,31.4,20.53,8.5
2020-06-10,0.04,32.82,19.48,13.9
2020-06-11,0.0,32.73,20.49,14.95
2020-06-12,0.36,32.29,18.32,15.3
2020-06-13,0.14,32.11,17.99,16.06
2020-06-14,0.13,31.23,19.03,15.79
2020-06-15,0.0,30.9,16.95,15.7
2020-06-16,0.36,29.82,16.8,16.19
2020-06-17,0.0,29.88,16.76,15.12
2020-06-18,0.0,29.42,17.55,13.61
2020-06-19,0.0,30.47,17.2,16.13
2020-06-20,0.0,30.97,16.47,16.83
2020-06-21,0.0,31.41,17.86,15.56
2020-06-22,0.0,31.08,16.17,16.45
2020-06-23,0.0,29.59,16.47,13.53
2020-06-24,0.0,30.4,15.09,14.36
2020-06-25,0.6,31.27,18.64,14.97
2020-06-26,8.75,29.37,19.75,7.02
2020-06-27,10.7,22.55,17.77,4.97
2020-06-28,0.26,24.92,15.63,9.55
2020-06-29,0.04,28.33,14.38,13.21
2020-06-30,0.06,29.52,18.43,14.69
2020-07-01,0.47,22.94,12.63,14.97
2020-07-02,0.04,22.51,8.49,16.94
2020-07-03,0.01,23.68,9.94,16.98
2020-07-04,0.0,28.47,11.56,16.89
2020-07-05,0.0,31.26,15.63,13.81
2020-07-06,0.0,31.12,17.03,14.62
2020-07-07,0.0,32.13,19.26,16.45
2020-07-08,0.0,31.22,16.63,13.33
2020-07-09,0.02,24.82,14.36,14.85
2020-07-10,0.0,28.97,13.53,16.99
2020-07-11,0.0,31.13,16.56,15.24
2020-07-12,0.0,32.11,16.9,16.0
2020-07-13,0.0,32.66,19.1,15.34
2020-07-14,0.0,32.24,21.28,14.54
2020-07-15,0.0,30.03,19.25,16.69
2020-07-16,0.0,30.84,17.77,16.23
2020-07-17,0.0,31.96,18.68,16.85
2020-07-18,0.0,31.78,17.74,17.08
2020-07-19,0.0,29.97,16.73,17.4
2020-07-20,0.0,30.81,15.88,17.81
2020-07-21,0.0,31.54,16.37,18.12
2020-07-22,0.0,31.81,16.38,18.11
2020-07-23,0.02,31.99,16.57,17.82
2020-07-24,0.0,31.65,16.19,18.13
2020-07-25,0.0,31.69,16.21,18.0
2020-07-26,0.01,31.79,15.14,17.66
2020-07-27,0.01,32.46,17.66,17.74
2020-07-28,0.19,32.73,18.11,16.78
2020-07-29,0.0,31.92,20.02,16.76
2020-07-30,0.0,29.37,16.74,17.11
2020-07-31,0.03,31.57,15.61,16.81
2020-08-01,1.33,30.19,16.8,17.92
2020-08-02,1.04,29.69,15.33,18.82
2020-08-03,0.17,30.6,15.52,19.01
2020-08-04,0.0,30.67,14.67,19.58
2020-08-05,0.0,30.85,14.09,19.8
2020-08-06,0.0,31.05,14.37,18.96
2020-08-07,0.0,30.72,13.82,19.85
2020-08-08,0.17,31.06,15.47,18.59
2020-08-09,0.08,31.32,17.03,19.61
2020-08-10,0.0,32.1,16.8,19.79
2020-08-11,0.0,32.77,18.29,15.4
2020-08-12,0.0,34.26,19.6,17.44
2020-08-13,0.17,34.92,20.61,17.34
2020-08-14,0.0,35.73,22.38,17.96
2020-08-15,0.78,35.27,22.03,17.25
2020-08-16,0.88,32.37,21.07,6.19
2020-08-17,10.53,33.83,20.85,5.23
2020-08-18,0.97,33.03,20.82,14.5
2020-08-19,0.09,33.62,20.19,13.35
2020-08-20,0.19,23.02,15.91,8.84
2020-08-21,1.93,19.94,14.52,2.88
2020-08-22,0.18,23.04,10.42,18.75
2020-08-23,0.02,26.77,12.69,21.35
2020-08-24,0.0,29.51,13.91,20.2
2020-08-25,0.0,30.14,14.18,21.94
2020-08-26,0.89,30.81,12.05,22.46
2020-08-27,0.0,32.99,12.24,23.31
2020-08-28,0.0,35.29,15.21,21.92
2020-08-29,0.0,35.53,17.41,22.37
2020-08-30,0.0,36.46,19.17,22.16
2020-08-31,1.63,36.36,19.2,21.56
2020-09-01,5.5,35.17,18.83,21.85
2020-09-02,0.04,35.02,19.36,21.56
2020-09-03,0.06,36.25,21.33,22.77
2020-09-04,0.0,37.14,20.04,22.48
2020-09-05,0.68,37.27,19.58,23.27
2020-09-06,0.02,36.7,19.42,23.07
2020-09-07,0.0,37.12,19.86,22.4
2020-09-08,0.0,37.9,21.58,22.66
2020-09-09,0.27,39.11,21.05,23.47
2020-09-10,0.0,39.01,22.59,22.33
2020-09-11,0.0,39.42,22.17,22.9
2020-09-12,0.0,39.16,22.14,22.9
2020-09-13,0.0,37.94,21.74,21.57
2020-09-14,0.0,37.57,20.31,18.79
2020-09-15,0.0,36.77,20.93,21.56
2020-09-16,0.04,37.99,20.74,23.26
2020-09-17,0.0,38.71,22.48,22.11
2020-09-18,0.01,37.26,23.14,11.85
2020-09-19,0.12,36.12,24.64,9.27
2020-09-20,4.99,34.76,22.15,11.93
2020-09-21,0.19,31.31,20.28,10.68
2020-09-22,1.54,31.27,18.02,16.09
2020-09-23,0.84,32.98,18.45,23.83
2020-09-24,0.19,34.4,19.71,25.49
2020-09-25,0.0,36.94,20.3,25.18
2020-09-26,0.0,39.38,21.86,26.35
2020-09-27,0.02,40.31,23.22,23.11
2020-09-28,0.12,40.89,25.4,21.33
2020-09-29,0.26,41.54,24.11,24.03
2020-09-30,0.02,42.83,25.41,25.4
2020-10-01,0.0,42.36,26.81,23.49
2020-10-02,0.0,43.09,27.41,24.39
2020-10-03,0.0,43.02,26.51,23.09
2020-10-04,0.0,42.97,23.97,24.35
2020-10-05,0.01,43.35,24.69,24.74
2020-10-06,0.0,43.44,24.62,24.71
2020-10-07,0.0,43.64,28.12,22.26
2020-10-08,1.25,42.62,27.08,15.99
2020-10-09,0.39,41.25,28.37,14.67
2020-10-10,12.49,32.82,22.35,17.31
2020-10-11,0.5,33.7,18.82,24.43
2020-10-12,0.0,36.69,20.42,24.88
2020-10-13,0.96,38.72,23.1,20.67
2020-10-14,0.07,38.11,24.97,21.04
2020-10-15,7.87,34.95,25.08,10.55
2020-10-16,0.1,31.09,21.51,18.03
2020-10-17,4.5,33.7,20.4,26.99
2020-10-18,1.07,33.1,19.8,22.46
2020-10-19,5.32,33.75,23.51,12.62
2020-10-20,6.7,29.36,21.96,16.74
2020-10-21,3.93,32.68,22.65,21.65
2020-10-22,0.48,33.03,22.1,24.38
2020-10-23,7.47,31.62,22.38,25.3
2020-10-24,5.21,32.54,22.27,16.06
2020-10-25,0.57,34.49,21.95,25.42
2020-10-26,1.58,34.64,23.07,15.94
2020-10-27,7.28,31.65,22.61,22.42
2020-10-28,0.03,34.77,19.44,30.15
2020-10-29,1.99,30.5,25.04,17.01
2020-10-30,1.2,32.86,22.82,15.91
2020-10-31,0.0,32.06,19.62,20.36
2020-11-01,0.0,31.43,17.51,27.35
2020-11-02,0.0,30.89,16.65,30.41
2020-11-03,0.0,31.96,16.04,27.67
2020-11-04,0.62,33.59,16.57,29.75
2020-11-05,0.13,34.79,17.73,29.3
2020-11-06,0.0,35.77,19.05,30.77
2020-11-07,0.0,38.42,19.08,30.58
2020-11-08,0.0,40.38,20.98,29.13
2020-11-09,11.11,37.51,24.75,14.71
2020-11-10,2.23,33.43,24.26,16.53
2020-11-11,5.67,32.58,23.3,18.18
2020-11-12,0.04,30.28,23.53,21.96
2020-11-13,1.65,31.31,23.28,20.52
2020-11-14,0.62,31.96,23.23,25.58
2020-11-15,1.85,35.49,22.75,26.1
2020-11-16,1.51,35.19,24.26,27.9
2020-11-17,1.07,36.36,24.43,22.6
2020-11-18,6.62,33.42,24.12,16.27
2020-11-19,1.27,32.88,22.41,19.23
2020-11-20,0.01,32.86,19.3,30.49
2020-11-21,0.0,34.12,19.06,30.78
2020-11-22,0.01,35.84,19.66,31.48
2020-11-23,0.0,36.5,20.56,31.97
2020-11-24,0.0,36.49,22.52,28.59
2020-11-25,0.0,37.62,23.09,29.78
2020-11-26,0.3,37.47,22.9,29.12
2020-11-27,0.39,38.66,23.67,28.56
2020-11-28,0.47,38.81,24.78,25.38
2020-11-29,0.0,39.5,25.16,29.1
2020-11-30,0.08,39.58,24.79,25.98
2020-12-01,1.12,40.36,25.04,21.49
2020-12-02,3.13,33.66,23.65,24.6
2020-12-03,2.73,33.85,24.35,9.18
2020-12-04,6.75,35.08,23.67,24.96
2020-12-05,3.83,33.6,24.08,19.73
2020-12-06,8.79,31.56,23.09,15.74
2020-12-07,10.81,31.19,24.33,13.51
2020-12-08,6.53,32.72,23.22,24.79
2020-12-09,0.07,34.3,22.78,29.89
2020-12-10,1.1,34.63,21.97,25.69
2020-12-11,0.56,28.55,21.84,20.64
2020-12-12,8.21,29.78,21.22,15.83
2020-12-13,5.03,32.87,21.84,25.32
2020-12-14,0.56,34.4,23.38,20.12
2020-12-15,7.56,32.5,24.49,25.77
2020-12-16,3.11,30.71,24.04,27.28
2020-12-17,1.75,31.66,23.4,24.07
2020-12-18,0.7,35.55,23.42,28.09
2020-12-19,1.18,36.98,24.22,24.39
2020-12-20,2.76,35.61,24.78,24.62
2020-12-21,1.56,37.13,24.76,22.11
2020-12-22,3.33,32.16,26.0,24.12
2020-12-23,1.57,35.23,24.36,27.95
2020-12-24,0.36,36.32,23.66,29.29
2020-12-25,0.44,36.24,22.55,29.44
2020-12-26,9.43,34.4,21.01,27.18
2020-12-27,14.49,31.48,23.93,17.89
2020-12-28,1.29,32.64,22.91,23.8
2020-12-29,0.28,33.47,22.82,22.48
2020-12-30,0.25,34.79,23.23,28.1
2020-12-31,1.92,33.23,24.14,16.17
2021-01-01,3.68,31.93,24.18,19.32
2021-01-02,1.55,35.05,23.21,25.48
2021-01-03,8.03,34.08,22.8,29.57
2021-01-04,2.39,36.19,21.37,25.0
2021-01-05,0.94,32.39,23.35,24.87
2021-01-06,0.75,33.33,24.32,23.79
2021-01-07,6.14,33.38,24.35,19.92
2021-01-08,0.61,33.01,23.19,26.4
2021-01-09,0.0,37.03,23.98,28.44
2021-01-10,0.13,37.82,23.88,22.9
2021-01-11,2.1,35.32,26.0,24.12
2021-01-12,2.66,32.44,25.89,21.64
2021-01-13,9.56,34.87,24.41,16.5
2021-01-14,0.75,31.6,23.91,18.46
2021-01-15,7.07,33.55,23.89,16.06
2021-01-16,6.83,29.02,23.01,16.22
2021-01-17,6.47,28.46,22.47,17.37
2021-01-18,3.41,31.9,21.03,19.09
2021-01-19,3.65,31.61,23.54,20.07
2021-01-20,0.28,32.41,22.77,16.36
2021-01-21,0.07,35.23,22.01,22.86
2021-01-22,0.07,36.44,23.99,23.48
2021-01-23,0.0,37.5,23.74,27.71
2021-01-24,0.04,36.23,24.23,12.68
2021-01-25,8.22,31.75,23.88,11.8
2021-01-26,1.45,34.28,22.26,19.47
2021-01-27,9.03,32.58,23.96,19.63
2021-01-28,8.06,29.62,22.58,21.63
2021-01-29,7.15,31.41,23.1,19.14
2021-01-30,1.51,32.83,22.73,21.56
2021-01-31,2.18,33.83,23.31,18.41
2021-02-01,3.11,30.8,23.31,22.99
2021-02-02,1.95,34.87,22.19,25.95
2021-02-03,6.43,35.24,23.4,27.63
2021-02-04,0.68,33.52,24.34,16.98
2021-02-05,0.67,33.0,23.35,20.76
2021-02-06,0.0,33.24,19.44,29.91
2021-02-07,0.02,33.53,20.13,28.62
2021-02-08,0.35,34.03,21.61,28.51
2021-02-09,2.03,34.9,20.99,27.4
2021-02-10,1.13,36.22,21.27,26.37
2021-02-11,4.46,33.99,23.26,8.44
2021-02-12,6.37,28.1,21.91,14.28
2021-02-13,1.96,32.66,21.98,21.06
2021-02-14,4.39,33.19,22.63,12.83
2021-02-15,7.66,29.21,22.31,20.82
2021-02-16,0.32,32.67,22.22,23.98
2021-02-17,6.66,31.84,23.22,15.58
2021-02-18,1.08,34.13,22.47,27.88
2021-02-19,0.0,34.69,18.09,28.91
2021-02-20,0.0,35.72,18.62,28.8
2021-02-21,0.17,37.12,22.13,27.22
2021-02-22,0.26,36.94,23.06,25.78
2021-02-23,0.96,37.4,23.56,23.18
2021-02-24,2.31,37.86,24.73,23.69
2021-02-25,7.17,37.36,24.74,24.86
2021-02-26,16.49,31.7,23.48,18.88
2021-02-27,2.99,31.47,21.99,23.25
2021-02-28,13.41,29.26,21.96,15.62
2021-03-01,5.11,29.69,21.28,17.98
2021-03-02,9.82,30.77,21.0,14.29
2021-03-03,6.89,28.93,21.65,12.26
2021-03-04,4.5,29.76,21.8,12.03
2021-03-05,6.32,28.39,22.07,12.31
2021-03-06,5.07,29.35,21.96,16.86
2021-03-07,5.52,29.18,21.4,23.79
2021-03-08,1.42,30.83,21.23,19.6
2021-03-09,0.53,31.44,21.51,24.99
2021-03-10,0.45,32.75,21.06,25.33
2021-03-11,0.29,33.93,22.27,25.4
2021-03-12,0.02,34.62,22.38,24.8
2021-03-13,0.03,34.52,23.66,24.8
2021-03-14,0.0,35.11,21.77,24.57
2021-03-15,0.03,33.99,21.87,23.87
2021-03-16,0.14,35.32,22.95,24.39
2021-03-17,2.45,31.74,24.34,17.26
2021-03-18,2.07,33.06,24.15,15.91
2021-03-19,9.2,33.14,23.94,19.63
2021-03-20,5.53,33.37,23.87,23.47
2021-03-21,0.04,34.66,23.81,22.6
2021-03-22,0.0,35.47,21.48,24.11
2021-03-23,0.0,36.44,22.48,19.52
2021-03-24,0.01,35.6,23.83,23.07
2021-03-25,0.18,36.69,24.01,24.0
2021-03-26,0.33,35.82,25.9,20.2
2021-03-27,1.33,36.54,24.9,19.97
2021-03-28,0.0,37.21,23.81,22.1
2021-03-29,0.08,37.47,22.72,22.36
2021-03-30,0.18,35.67,22.97,22.51
2021-03-31,0.0,34.71,21.41,20.78
2021-04-01,0.81,34.24,19.96,19.39
2021-04-02,0.06,33.95,19.58,23.9
2021-04-03,0.59,34.4,18.95,22.98
2021-04-04,0.0,32.55,20.4,23.07
2021-04-05,0.01,35.67,19.86,22.45
2021-04-06,2.85,33.31,22.74,19.1
2021-04-07,0.04,33.49,21.47,18.14
2021-04-08,0.0,33.78,21.93,21.22
2021-04-09,0.0,34.09,20.32,22.89
2021-04-10,0.0,34.45,19.05,22.69
2021-04-11,0.0,34.63,19.09,23.54
2021-04-12,0.01,35.74,19.31,20.84
2021-04-13,0.16,34.92,22.97,17.48
2021-04-14,0.0,33.87,20.89,19.56
2021-04-15,0.55,33.65,19.18,19.92
2021-04-16,4.75,34.06,20.75,17.91
2021-04-17,6.02,30.89,21.08,16.86
2021-04-18,0.67,30.62,21.09,16.07
2021-04-19,0.09,30.64,19.21,19.56
2021-04-20,0.0,30.83,18.09,21.09
2021-04-21,0.0,29.96,16.88,21.56
2021-04-22,1.65,29.74,16.41,21.55
2021-04-23,2.15,29.81,16.23,21.02
2021-04-24,0.01,31.95,16.39,20.69
2021-04-25,0.0,32.93,20.1,15.72
2021-04-26,0.0,31.82,19.55,16.54
2021-04-27,0.0,31.68,17.47,21.09
2021-04-28,0.0,31.94,14.63,21.22
2021-04-29,1.5,29.31,15.62,20.27
2021-04-30,0.05,30.41,15.64,18.51
2021-05-01,1.11,27.55,19.43,17.01
2021-05-02,0.0,32.5,17.52,19.03
2021-05-03,0.0,32.62,17.27,19.78
2021-05-04,0.1,33.29,16.69,19.98
2021-05-05,0.01,32.65,17.93,19.71
2021-05-06,0.09,32.63,18.92,19.15
2021-05-07,0.5,28.02,16.73,13.39
2021-05-08,1.19,29.51,16.01,18.13
2021-05-09,3.21,29.69,16.07,18.75
2021-05-10,1.21,30.99,16.86,16.17
2021-05-11,0.0,31.67,17.51,17.01
2021-05-12,0.05,31.16,19.11,13.69
2021-05-13,3.38,26.83,18.67,17.58
2021-05-14,0.02,28.28,15.71,16.02
2021-05-15,0.0,30.53,16.91,16.61
2021-05-16,0.0,30.92,17.0,17.65
2021-05-17,0.0,31.07,16.75,17.51
2021-05-18,0.0,30.77,17.1,17.73
2021-05-19,0.0,30.88,14.67,17.59
2021-05-20,0.0,31.86,16.88,17.52
2021-05-21,0.0,32.65,17.67,16.28
2021-05-22,2.41,29.21,21.48,4.13
2021-05-23,2.4,26.25,17.88,8.36
2021-05-24,0.0,24.92,13.77,15.8
2021-05-25,0.01,27.62,14.01,15.75
2021-05-26,0.03,31.63,15.99,15.13
2021-05-27,0.02,33.26,18.07,16.19
2021-05-28,0.0,33.23,20.6,12.99
2021-05-29,0.0,33.87,20.97,15.11
2021-05-30,0.87,32.1,20.42,13.0
2021-05-31,0.49,31.11,19.45,10.44
2021-06-01,0.0,30.44,17.85,15.6
2021-06-02,0.07,32.4,17.57,16.61
2021-06-03,0.0,33.17,17.81,16.61
2021-06-04,0.06,33.56,17.73,16.53
2021-06-05,0.0,32.77,18.9,15.24
2021-06-06,0.0,32.18,20.52,15.64
2021-06-07,1.31,31.73,18.91,10.78
2021-06-08,1.3,30.57,18.92,4.31
2021-06-09,3.89,31.27,18.24,11.34
2021-06-10,7.57,30.03,19.37,3.41
2021-06-11,4.81,24.64,17.89,7.52
2021-06-12,0.01,26.28,14.93,13.0
2021-06-13,0.16,26.17,12.65,17.06
2021-06-14,0.02,28.54,12.7,16.89
2021-06-15,0.0,28.65,13.97,16.66
2021-06-16,0.01,27.13,12.53,16.74
2021-06-17,0.37,26.81,13.22,15.29
2021-06-18,0.07,29.13,16.05,10.95
2021-06-19,0.02,30.88,15.22,13.46
2021-06-20,0.0,26.13,16.79,12.55
2021-06-21,0.0,29.42,15.04,13.35
2021-06-22,0.0,28.48,20.52,13.91
2021-06-23,0.0,28.6,17.75,15.91
2021-06-24,0.0,31.61,15.41,15.95
2021-06-25,0.0,32.63,19.92,14.39
2021-06-26,0.99,32.24,17.8,15.41
2021-06-27,0.0,30.82,16.67,16.48
2021-06-28,0.0,24.53,12.32,11.46
2021-06-29,0.02,16.29,8.74,13.94
2021-06-30,0.0,18.68,5.37,17.5
2021-07-01,0.0,22.63,5.82,17.57
2021-07-02,1.74,28.1,8.57,17.38
2021-07-03,0.0,28.58,11.73,17.47
2021-07-04,0.63,27.71,11.72,15.78
2021-07-05,0.17,27.62,12.33,16.02
2021-07-06,0.9,27.08,11.87,16.69
2021-07-07,1.73,26.47,12.05,17.01
2021-07-08,0.03,26.51,11.18,17.23
2021-07-09,0.0,27.68,11.49,16.98
2021-07-10,0.0,29.47,12.38,17.26
2021-07-11,0.0,28.81,13.29,17.27
2021-07-12,0.0,30.32,14.49,17.19
2021-07-13,0.0,30.91,14.4,17.45
2021-07-14,0.0,31.01,14.74,16.91
2021-07-15,0.0,31.55,16.24,17.12
2021-07-16,0.08,31.16,17.26,14.43
2021-07-17,0.78,28.93,16.02,13.43
2021-07-18,0.05,26.21,12.65,17.09
2021-07-19,0.0,21.36,6.07,18.44
2021-07-20,0.0,24.51,6.96,17.45
2021-07-21,0.0,27.04,10.59,18.32
2021-07-22,0.0,31.24,10.23,18.27
2021-07-23,0.0,31.07,12.93,18.16
2021-07-24,0.0,31.06,14.0,18.43
2021-07-25,0.0,31.33,14.27,18.33
2021-07-26,0.0,32.41,15.37,18.3
2021-07-27,0.0,32.93,16.29,15.12
2021-07-28,0.81,16.42,10.04,5.07
2021-07-29,0.0,18.13,5.41,19.47
2021-07-30,0.0,20.36,4.88,17.84
2021-07-31,0.0,26.55,7.77,17.82
2021-08-01,0.0,26.71,10.73,12.33
2021-08-02,0.0,28.43,12.77,18.44
2021-08-03,0.0,27.55,12.53,19.12
2021-08-04,0.0,26.2,11.72,17.5
2021-08-05,0.05,28.66,13.91,14.27
2021-08-06,1.44,28.07,14.78,15.4
2021-08-07,0.05,30.02,16.71,17.13
2021-08-08,0.0,31.13,16.6,18.79
2021-08-09,0.0,31.96,15.87,19.59
2021-08-10,0.0,32.91,16.93,19.63
2021-08-11,0.05,32.9,17.56,18.31
2021-08-12,0.0,31.84,16.92,17.82
2021-08-13,0.0,32.27,15.58,18.63
2021-08-14,0.37,32.82,16.1,18.67
2021-08-15,0.2,34.36,17.58,18.85
2021-08-16,0.0,35.36,20.44,17.24
2021-08-17,1.21,36.27,19.1,19.43
2021-08-18,0.27,36.35,20.06,19.94
2021-08-19,0.0,35.19,19.44,20.43
2021-08-20,0.0,34.37,19.44,20.38
2021-08-21,0.0,34.16,19.81,20.43
2021-08-22,0.0,34.61,18.48,21.12
2021-08-23,0.0,35.5,19.44,19.78
2021-08-24,0.0,36.6,23.6,18.58
2021-08-25,0.0,37.56,23.24,19.12
2021-08-26,0.03,32.79,21.89,15.81
2021-08-27,2.45,32.37,18.7,12.36
2021-08-28,2.81,30.18,17.8,7.97
2021-08-29,1.76,28.55,17.91,11.39
2021-08-30,0.0,31.61,17.58,21.37
2021-08-31,0.0,31.98,17.64,22.64
2021-09-01,0.0,32.1,17.98,22.86
2021-09-02,0.04,32.59,16.76,21.37
2021-09-03,0.03,35.02,19.26,23.06
2021-09-04,0.0,36.74,19.42,22.73
2021-09-05,0.11,37.99,20.08,21.13
2021-09-06,0.0,38.36,20.43,22.48
2021-09-07,0.0,39.34,21.59,21.52
2021-09-08,0.09,40.32,23.37,16.99
2021-09-09,5.84,32.01,20.6,9.54
2021-09-10,0.01,29.92,18.43,16.04
2021-09-11,0.53,27.78,19.44,11.74
2021-09-12,0.01,37.75,19.02,21.46
2021-09-13,0.01,39.23,22.49,18.08
2021-09-14,1.32,38.45,22.42,14.79
2021-09-15,4.81,35.57,22.81,16.82
2021-09-16,0.0,37.07,22.85,11.67
2021-09-17,0.04,38.18,22.26,18.53
2021-09-18,0.18,38.95,23.26,20.67
2021-09-19,0.0,39.24,22.9,22.53
2021-09-20,0.0,41.03,25.46,21.47
2021-09-21,0.0,41.65,27.53,18.72
2021-09-22,0.0,31.75,20.84,21.54
2021-09-23,0.0,31.51,17.75,23.27
2021-09-24,0.0,37.0,19.69,22.52
2021-09-25,0.04,36.58,22.05,17.65
2021-09-26,3.34,37.55,23.11,16.46
2021-09-27,1.29,35.44,22.17,22.64
2021-09-28,0.09,37.97,22.87,24.23
2021-09-29,0.03,39.15,26.07,20.16
2021-09-30,0.89,37.87,23.61,24.15
2021-10-01,17.07,37.79,24.12,14.57
2021-10-02,4.59,34.01,22.3,8.2
2021-10-03,1.83,36.37,23.66,18.35
2021-10-04,13.78,33.17,23.24,15.26
2021-10-05,0.7,33.73,23.66,20.07
2021-10-06,4.79,35.36,21.84,23.74
2021-10-07,3.53,33.28,24.62,8.2
2021-10-08,0.0,33.68,21.47,25.75
2021-10-09,5.75,34.52,21.95,21.37
2021-10-10,23.47,27.92,21.15,3.57
2021-10-11,1.83,29.5,20.04,18.27
2021-10-12,1.11,31.94,18.79,25.64
2021-10-13,0.1,33.57,19.39,27.77
2021-10-14,5.05,33.31,21.91,10.52
2021-10-15,9.95,31.93,24.09,19.09
2021-10-16,11.96,31.72,23.38,17.92
2021-10-17,1.34,31.92,21.74,18.66
2021-10-18,4.52,29.54,22.42,16.73
2021-10-19,1.42,30.16,19.49,12.05
2021-10-20,0.57,29.5,16.97,28.54
2021-10-21,0.04,30.19,16.16,28.91
2021-10-22,0.0,32.28,16.65,29.59
2021-10-23,4.2,35.74,18.12,24.95
2021-10-24,35.75,25.59,18.58,9.75
2021-10-25,0.45,30.76,18.11,16.9
2021-10-26,1.21,30.41,20.29,21.47
2021-10-27,0.68,30.28,21.51,17.09
2021-10-28,0.06,29.83,22.42,20.3
2021-10-29,0.01,33.28,21.64,27.16
2021-10-30,17.77,32.95,21.76,21.98
2021-10-31,15.53,29.81,22.32,12.46
2021-11-01,0.4,30.43,20.85,23.76
2021-11-02,0.0,31.28,20.04,26.14
2021-11-03,0.07,32.14,21.35,28.99
2021-11-04,0.0,34.38,20.99,29.58
2021-11-05,1.54,35.15,23.05,26.45
2021-11-06,0.11,31.62,23.9,22.75
2021-11-07,0.04,35.55,23.34,27.42
2021-11-08,1.19,36.31,22.84,26.48
2021-11-09,2.71,35.38,22.38,26.44
2021-11-10,13.61,35.63,22.54,26.33
2021-11-11,4.69,30.76,20.98,14.44
2021-11-12,0.0,31.46,20.43,23.37
2021-11-13,0.0,31.01,18.32,30.4
2021-11-14,0.63,33.42,17.84,27.47
2021-11-15,0.14,33.55,21.26,27.24
2021-11-16,0.06,33.22,22.13,25.3
2021-11-17,1.1,33.86,22.99,22.65
2021-11-18,13.74,29.86,23.13,9.67
2021-11-19,13.74,28.9,22.9,16.97
2021-11-20,2.24,32.26,20.92,28.46
2021-11-21,0.0,32.69,19.2,31.12
2021-11-22,3.63,33.93,18.1,28.76
2021-11-23,0.0,36.45,19.26,31.24
2021-11-24,0.9,36.86,22.38,26.25
2021-11-25,3.57,35.59,24.02,26.43
2021-11-26,7.89,33.03,24.63,20.78
2021-11-27,3.43,35.42,22.44,31.52
2021-11-28,0.94,36.27,20.58,27.88
2021-11-29,3.22,31.49,24.85,21.85
2021-11-30,10.26,29.0,23.1,16.77
2021-12-01,1.27,34.4,21.16,29.9
2021-12-02,0.73,35.37,20.94,19.78
2021-12-03,0.62,34.45,22.6,29.93
2021-12-04,0.48,34.88,21.64,29.59
2021-12-05,4.53,34.29,22.94,26.89
2021-12-06,7.64,33.51,22.7,26.49
2021-12-07,0.2,32.26,21.33,26.57
2021-12-08,0.0,31.24,17.94,29.0
2021-12-09,0.0,32.73,18.11,32.36
2021-12-10,0.0,34.93,17.94,31.92
2021-12-11,0.0,37.39,20.73,30.24
2021-12-12,0.78,36.24,22.73,26.33
2021-12-13,10.27,28.81,23.66,17.55
2021-12-14,39.67,27.53,23.04,15.04
2021-12-15,13.6,27.1,23.22,7.14
2021-12-16,15.1,27.56,23.11,14.99
2021-12-17,3.29,30.9,22.44,20.24
2021-12-18,6.53,30.95,22.76,18.21
2021-12-19,0.01,30.61,20.08,29.74
2021-12-20,0.79,31.29,18.64,30.58
2021-12-21,0.14,32.88,21.36,29.57
2021-12-22,0.08,33.1,22.31,29.84
2021-12-23,1.68,33.69,22.98,17.64
2021-12-24,0.02,31.4,19.89,31.37
2021-12-25,0.0,31.97,18.85,31.68
2021-12-26,0.0,34.13,20.6,30.58
2021-12-27,1.04,35.74,21.7,30.61
2021-12-28,2.69,35.15,23.17,25.51
2021-12-29,5.18,29.56,22.48,11.52
2021-12-30,8.36,31.41,20.7,19.32
2021-12-31,7.2,31.18,20.55,22.38
2022-01-01,4.95,32.25,21.15,21.93
2022-01-02,5.98,31.59,21.45,22.12
2022-01-03,11.96,31.03,22.39,22.46
2022-01-04,9.48,27.49,22.5,19.64
2022-01-05,5.01,28.78,23.04,20.73
2022-01-06,3.45,29.92,22.13,22.69
2022-01-07,15.9,30.21,21.31,18.85
2022-01-08,0.63,30.64,19.18,26.05
2022-01-09,0.01,30.08,19.28,24.95
2022-01-10,1.83,30.5,18.3,27.28
2022-01-11,3.08,30.17,20.42,24.72
2022-01-12,8.1,27.44,20.27,23.35
2022-01-13,5.34,30.61,21.09,19.5
2022-01-14,1.05,32.54,21.25,27.78
2022-01-15,0.46,33.62,23.21,25.13
2022-01-16,4.41,29.96,23.02,11.69
2022-01-17,0.11,32.36,21.06,17.84
2022-01-18,5.32,30.72,23.14,20.6
2022-01-19,3.65,31.91,21.78,24.41
2022-01-20,0.68,32.53,22.12,27.98
2022-01-21,3.01,33.56,23.13,25.72
2022-01-22,1.94,35.62,24.02,27.9
2022-01-23,1.97,35.86,24.06,27.71
2022-01-24,1.16,36.18,24.79,27.4
2022-01-25,0.71,34.55,25.46,26.58
2022-01-26,0.53,36.21,24.24,25.12
2022-01-27,3.0,33.82,23.92,22.84
2022-01-28,14.62,29.41,23.82,16.79
2022-01-29,41.7,27.87,22.76,14.58
2022-01-30,46.02,27.22,22.07,5.14
2022-01-31,27.84,27.7,21.83,14.1
2022-02-01,23.45,26.13,21.52,12.19
2022-02-02,14.2,27.38,21.57,11.09
2022-02-03,25.79,26.57,21.75,19.7
2022-02-04,3.94,29.05,21.65,23.2
2022-02-05,4.15,26.97,22.89,18.36
2022-02-06,6.85,27.62,22.85,18.35
2022-02-07,4.62,29.7,22.18,23.86
2022-02-08,0.91,30.04,19.26,27.25
2022-02-09,4.33,29.0,19.14,28.84
2022-02-10,0.02,29.35,19.68,27.57
2022-02-11,5.67,29.93,20.88,25.81
2022-02-12,0.27,30.25,21.52,28.65
2022-02-13,0.0,30.62,20.38,28.24
2022-02-14,0.0,32.33,21.64,28.25
2022-02-15,0.51,32.25,22.68,25.57
2022-02-16,5.14,31.35,22.67,26.73
2022-02-17,5.18,31.24,22.69,26.15
2022-02-18,0.58,28.88,21.43,16.09
2022-02-19,1.72,30.62,21.71,26.61
2022-02-20,0.7,30.55,20.58,26.43
2022-02-21,0.9,30.9,21.06,25.02
2022-02-22,2.23,32.64,21.83,26.0
2022-02-23,2.24,32.95,22.57,24.31
2022-02-24,0.73,31.47,22.72,21.27
2022-02-25,1.27,31.59,23.27,24.6
2022-02-26,7.17,29.23,23.54,24.11
2022-02-27,2.65,32.23,21.86,24.09
2022-02-28,0.02,33.8,23.03,25.89
2022-03-01,1.34,33.13,23.38,20.29
2022-03-02,3.62,29.62,23.56,14.33
2022-03-03,1.43,32.24,21.48,24.57
2022-03-04,5.42,30.99,22.43,23.57
2022-03-05,0.47,32.11,22.32,24.3
2022-03-06,2.3,32.49,22.45,25.36
2022-03-07,0.15,33.71,21.69,25.14
2022-03-08,0.17,34.83,22.69,23.01
2022-03-09,1.13,29.5,24.34,23.08
2022-03-10,1.24,32.91,23.82,23.61
2022-03-11,3.07,33.97,23.11,20.7
2022-03-12,21.02,30.2,22.97,17.56
2022-03-13,8.02,26.5,22.87,17.76
2022-03-14,3.1,30.52,21.4,16.67
2022-03-15,2.0,29.94,22.17,17.36
2022-03-16,2.44,30.91,23.38,16.56
2022-03-17,0.7,30.97,22.95,22.99
2022-03-18,1.38,32.06,22.86,22.45
2022-03-19,4.78,30.17,24.19,13.99
2022-03-20,6.72,28.26,22.35,14.79
2022-03-21,1.4,27.79,19.68,20.27
2022-03-22,0.0,31.22,19.85,24.92
2022-03-23,0.0,32.15,21.13,23.25
2022-03-24,8.05,31.87,21.8,20.64
2022-03-25,5.95,29.63,23.21,13.49
2022-03-26,10.66,28.71,22.63,16.58
2022-03-27,1.88,28.52,22.09,13.19
2022-03-28,2.28,30.69,21.68,20.37
2022-03-29,0.12,31.94,21.27,24.22
2022-03-30,0.35,32.18,22.16,21.05
2022-03-31,8.87,31.16,22.69,11.86
2022-04-01,3.18,28.77,19.51,12.68
2022-04-02,0.0,30.59,19.39,21.38
2022-04-03,0.1,31.97,19.96,22.88
2022-04-04,1.32,32.36,22.06,21.76
2022-04-05,2.04,32.69,22.53,21.68
2022-04-06,0.05,33.08,22.83,22.26
2022-04-07,0.07,33.71,22.14,22.07
2022-04-08,0.12,34.22,22.28,17.15
2022-04-09,0.71,32.08,24.17,19.77
2022-04-10,0.18,33.69,22.81,20.22
2022-04-11,8.9,32.81,23.27,18.75
2022-04-12,1.27,32.1,22.97,17.21
2022-04-13,10.1,30.05,22.8,7.18
2022-04-14,2.8,29.29,21.38,17.28
2022-04-15,0.1,28.4,17.94,22.57
2022-04-16,0.03,26.82,15.12,22.92
2022-04-17,0.0,28.2,14.93,22.21
2022-04-18,0.02,29.59,14.92,21.3
2022-04-19,0.0,31.45,16.41,21.21
2022-04-20,0.0,32.02,17.5,20.66
2022-04-21,0.01,32.37,17.54,20.93
2022-04-22,0.0,33.21,18.97,20.27
2022-04-23,0.26,33.02,20.65,9.17
2022-04-24,0.01,33.61,20.45,20.13
2022-04-25,0.0,34.5,20.31,19.61
2022-04-26,0.02,34.67,20.99,18.01
2022-04-27,0.0,34.34,20.79,18.75
2022-04-28,0.09,33.81,22.25,18.73
2022-04-29,0.25,34.67,20.92,18.75
2022-04-30,1.46,32.94,19.72,19.1
2022-05-01,0.03,33.45,21.45,14.03
2022-05-02,0.0,33.6,21.63,16.86
2022-05-03,0.16,34.03,20.45,18.4
2022-05-04,5.18,24.36,15.07,13.35
2022-05-05,0.09,25.76,11.97,12.63
2022-05-06,0.87,27.93,13.37,18.29
2022-05-07,0.31,28.51,13.57,19.47
2022-05-08,0.33,30.18,14.35,18.79
2022-05-09,0.01,31.74,16.34,17.8
2022-05-10,5.51,31.18,17.1,17.06
2022-05-11,0.93,28.32,18.55,11.18
2022-05-12,0.02,29.0,17.34,17.69
2022-05-13,0.0,30.22,16.05,18.46
2022-05-14,0.16,31.55,16.08,15.29
2022-05-15,14.47,28.36,19.71,9.06
2022-05-16,0.72,24.92,16.17,15.03
2022-05-17,0.0,19.21,9.57,19.52
2022-05-18,0.0,18.13,6.87,9.69
2022-05-19,0.0,20.13,7.21,17.63
2022-05-20,0.01,21.51,7.72,18.39
2022-05-21,0.01,24.03,8.14,17.24
2022-05-22,0.0,25.77,9.3,17.87
2022-05-23,0.0,27.77,12.68,17.27
2022-05-24,0.0,29.37,13.42,16.98
2022-05-25,0.0,28.99,14.25,17.25
2022-05-26,0.0,28.98,14.04,15.99
2022-05-27,0.01,29.57,15.26,14.77
2022-05-28,0.0,30.56,18.12,15.91
2022-05-29,0.0,31.31,16.41,16.27
2022-05-30,1.1,32.3,18.98,9.86
2022-05-31,3.22,28.83,18.53,9.1
2022-06-01,0.55,30.89,19.17,11.98
2022-06-02,0.04,29.13,19.62,12.84
2022-06-03,0.01,28.79,17.93,9.59
2022-06-04,0.0,29.26,16.66,16.13
2022-06-05,0.0,31.19,16.18,15.99
2022-06-06,0.01,31.03,16.67,14.86
2022-06-07,2.01,31.16,18.27,14.25
2022-06-08,3.83,28.24,18.59,8.9
2022-06-09,1.05,28.27,18.95,7.24
2022-06-10,0.27,25.15,19.43,8.28
2022-06-11,0.0,23.58,14.21,12.73
2022-06-12,0.01,22.73,8.77,12.48
2022-06-13,0.0,22.98,8.88,16.78
2022-06-14,0.04,24.6,9.72,14.39
2022-06-15,0.09,29.46,13.54,10.47
2022-06-16,0.0,31.29,15.29,16.08
2022-06-17,0.02,31.35,15.32,15.48
2022-06-18,22.82,23.27,14.92,10.16
2022-06-19,0.22,25.93,11.02,10.73
2022-06-20,0.01,28.4,15.75,11.9
2022-06-21,0.0,30.27,16.64,15.5
2022-06-22,0.0,29.4,16.61,15.48
2022-06-23,0.0,30.22,15.53,16.08
2022-06-24,0.01,29.68,14.66,15.79
2022-06-25,0.0,28.59,14.14,15.61
2022-06-26,0.0,26.98,15.2,15.47
2022-06-27,0.0,27.77,14.26,14.88
2022-06-28,0.0,29.31,15.2,15.69
2022-06-29,0.01,28.73,15.44,15.75
2022-06-30,0.01,28.6,13.7,16.55
2022-07-01,0.2,29.62,14.75,16.09
2022-07-02,0.0,31.31,15.24,16.08
2022-07-03,0.0,31.89,16.28,16.21
2022-07-04,0.01,31.23,14.76,16.61
2022-07-05,0.0,30.01,13.77,16.73
2022-07-06,0.0,29.1,14.04,15.4
2022-07-07,0.0,30.36,14.88,16.41
2022-07-08,0.04,30.99,16.12,14.25
2022-07-09,0.0,30.44,16.67,16.3
2022-07-10,0.0,30.8,15.54,15.39
2022-07-11,0.0,30.62,16.92,16.24
2022-07-12,0.06,28.65,17.06,11.21
2022-07-13,0.01,29.79,16.46,11.51
2022-07-14,0.0,31.32,16.04,15.78
2022-07-15,0.0,31.87,17.89,13.99
2022-07-16,0.0,32.53,18.18,13.29
2022-07-17,0.0,30.55,20.15,14.46
2022-07-18,0.0,33.2,17.85,15.08
2022-07-19,0.0,32.01,16.67,16.0
2022-07-20,0.28,31.5,16.76,16.19
2022-07-21,0.0,31.94,16.99,16.7
2022-07-22,0.04,31.5,16.36,16.98
2022-07-23,0.0,31.72,16.17,17.34
2022-07-24,0.0,32.32,16.09,17.15
2022-07-25,0.0,32.59,16.96,17.54
2022-07-26,0.0,32.62,16.85,17.57
2022-07-27,0.0,32.55,16.68,17.23
2022-07-28,0.0,32.61,16.51,17.61
2022-07-29,0.19,29.97,18.21,13.62
2022-07-30,0.0,28.68,12.77,18.63
2022-07-31,0.0,31.2,14.24,18.37
2022-08-01,0.0,31.7,18.91,15.5
2022-08-02,0.0,33.7,18.61,17.22
2022-08-03,0.0,33.42,18.51,17.2
2022-08-04,0.0,32.73,21.67,15.77
2022-08-05,0.0,32.33,19.24,16.43
2022-08-06,0.0,32.67,21.44,13.87
2022-08-07,3.15,31.53,19.65,8.06
2022-08-08,2.56,30.36,20.26,8.59
2022-08-09,12.19,25.56,16.23,4.95
2022-08-10,1.7,20.83,10.88,15.36
2022-08-11,0.22,23.23,8.68,20.0
2022-08-12,0.07,26.76,11.29,20.34
2022-08-13,0.0,30.58,10.89,20.35
2022-08-14,0.0,32.3,14.61,19.94
2022-08-15,0.0,32.57,16.72,19.9
2022-08-16,0.15,33.33,19.45,13.89
2022-08-17,4.42,29.81,18.38,2.84
2022-08-18,1.31,32.56,16.36,3.62
2022-08-19,0.06,24.16,12.03,16.16
2022-08-20,2.11,20.18,10.27,13.79
2022-08-21,0.51,27.99,14.56,9.26
2022-08-22,0.01,29.67,16.02,20.4
2022-08-23,0.14,30.25,14.64,20.69
2022-08-24,0.01,30.03,16.26,20.26
2022-08-25,0.0,30.53,19.42,18.82
2022-08-26,0.0,32.25,17.07,19.38
2022-08-27,0.0,33.84,18.22,21.18
2022-08-28,0.1,34.91,19.54,20.46
2022-08-29,0.34,27.55,17.34,19.16
2022-08-30,0.18,24.83,13.41,14.54
2022-08-31,0.9,31.79,14.38,20.88
2022-09-01,0.07,33.77,16.54,21.89
2022-09-02,0.0,34.67,18.08,20.17
2022-09-03,0.01,35.26,19.71,16.76
2022-09-04,0.02,29.05,17.93,12.92
2022-09-05,0.76,32.53,16.4,13.18
2022-09-06,14.78,32.18,18.08,14.89
2022-09-07,1.21,33.69,19.32,15.12
2022-09-08,0.0,35.23,19.68,18.16
2022-09-09,0.0,36.94,21.49,20.51
2022-09-10,0.0,34.2,20.53,16.84
2022-09-11,0.06,34.44,19.88,17.57
2022-09-12,0.0,35.28,20.05,14.26
2022-09-13,0.19,36.08,21.03,17.14
2022-09-14,7.84,32.57,19.18,5.45
2022-09-15,1.16,28.43,18.02,8.25
2022-09-16,0.09,29.87,18.18,22.9
2022-09-17,0.42,29.45,14.77,25.52
2022-09-18,0.57,33.04,13.8,24.78
2022-09-19,0.06,37.24,16.95,22.23
2022-09-20,5.81,31.19,21.5,12.45
2022-09-21,3.9,34.0,21.37,5.54
2022-09-22,13.58,26.85,18.1,6.43
2022-09-23,0.0,25.7,12.81,25.89
2022-09-24,0.05,29.54,13.76,24.22
2022-09-25,0.01,34.21,16.26,22.47
2022-09-26,8.28,30.09,20.48,12.51
2022-09-27,14.77,28.97,21.31,8.71
2022-09-28,6.95,26.74,19.27,4.95
2022-09-29,0.51,26.61,16.8,15.33
2022-09-30,0.69,28.81,16.3,9.37
2022-10-01,0.04,31.3,19.16,23.68
2022-10-02,0.01,32.8,19.66,22.66
2022-10-03,0.25,31.62,20.85,20.45
2022-10-04,0.19,32.68,20.73,22.17
2022-10-05,0.92,35.02,21.79,22.68
2022-10-06,14.17,33.54,22.91,18.25
2022-10-07,7.03,27.82,18.45,17.67
2022-10-08,0.0,31.14,16.14,25.36
2022-10-09,0.31,30.12,21.05,11.28
2022-10-10,0.75,28.78,21.34,14.28
2022-10-11,0.9,29.9,21.41,17.6
2022-10-12,8.61,26.38,20.48,8.16
2022-10-13,0.1,32.57,20.16,16.15
2022-10-14,0.05,34.85,19.32,24.54
2022-10-15,1.9,34.03,19.55,21.16
2022-10-16,0.0,35.01,21.41,22.98
2022-10-17,0.87,35.62,22.4,18.93
2022-10-18,1.4,35.61,22.98,9.19
2022-10-19,0.43,33.33,22.75,21.25
2022-10-20,4.59,32.59,22.48,14.72
2022-10-21,15.22,31.8,22.68,12.52
2022-10-22,0.2,32.43,20.59,28.4
2022-10-23,0.0,33.24,18.97,28.65
2022-10-24,0.0,34.73,18.96,29.24
2022-10-25,0.05,34.86,19.75,29.53
2022-10-26,0.01,36.44,18.94,29.04
2022-10-27,1.64,35.83,24.44,14.01
2022-10-28,0.07,35.79,22.54,24.6
2022-10-29,7.69,33.99,23.58,24.5
2022-10-30,2.2,32.31,22.79,25.61
2022-10-31,4.52,34.15,21.66,16.23
2022-11-01,3.42,28.17,17.49,8.18
2022-11-02,0.54,23.77,16.51,14.02
2022-11-03,0.75,24.81,14.96,23.12
2022-11-04,0.22,28.54,13.5,29.72
2022-11-05,0.41,29.73,13.9,29.69
2022-11-06,0.2,29.91,16.46,27.25
2022-11-07,0.0,31.39,16.87,30.18
2022-11-08,0.36,32.56,16.55,28.2
2022-11-09,0.66,34.93,18.02,29.57
2022-11-10,0.6,37.1,19.09,28.88
2022-11-11,9.07,34.61,20.52,5.63
2022-11-12,0.11,33.85,20.12,26.27
2022-11-13,5.71,33.2,22.81,21.35
2022-11-14,0.04,34.39,23.13,22.07
2022-11-15,0.0,34.59,21.22,29.73
2022-11-16,0.0,35.24,17.24,31.14
2022-11-17,0.0,35.73,19.93,30.74
2022-11-18,1.06,36.33,18.94,28.47
2022-11-19,0.82,36.55,21.68,29.0
2022-11-20,0.37,36.95,23.65,29.09
2022-11-21,0.54,37.1,23.53,18.65
2022-11-22,15.08,31.85,24.81,17.92
2022-11-23,4.27,31.54,23.16,23.38
2022-11-24,2.88,33.45,23.11,27.09
2022-11-25,0.93,32.71,21.56,29.06
2022-11-26,0.0,33.0,19.86,29.71
2022-11-27,0.01,35.29,19.95,26.26
2022-11-28,4.92,32.9,21.18,24.0
2022-11-29,9.9,31.32,20.85,24.71
2022-11-30,4.66,33.44,20.02,26.39
2022-12-01,0.94,34.82,22.21,24.52
2022-12-02,8.3,35.26,22.91,18.32
2022-12-03,11.92,30.61,22.61,21.36
2022-12-04,26.19,26.43,22.82,11.91
2022-12-05,13.92,28.05,21.99,16.96
2022-12-06,10.02,30.44,21.65,18.42
2022-12-07,7.3,30.1,22.41,23.33
2022-12-08,2.71,31.14,23.15,28.61
2022-12-09,0.19,32.31,23.28,22.82
2022-12-10,3.85,32.91,23.08,26.78
2022-12-11,2.12,32.2,23.68,21.69
2022-12-12,7.21,28.89,24.14,10.8
2022-12-13,23.16,28.51,23.34,9.47
2022-12-14,1.59,29.69,20.08,27.52
2022-12-15,0.05,31.37,19.04,29.15
2022-12-16,1.3,32.07,21.06,24.62
2022-12-17,0.51,32.12,20.68,29.96
2022-12-18,11.68,29.8,21.59,18.38
2022-12-19,5.83,27.93,21.28,15.31
2022-12-20,0.35,31.32,20.67,19.96
2022-12-21,0.07,30.38,19.83,28.97
2022-12-22,0.01,30.67,19.22,30.13
2022-12-23,0.0,32.08,19.33,30.21
2022-12-24,0.15,33.8,21.03,27.5
2022-12-25,2.14,30.39,23.05,17.62
2022-12-26,14.13,30.5,22.56,20.23
2022-12-27,0.79,33.23,21.36,25.15
2022-12-28,24.6,31.04,22.85,23.17
2022-12-29,5.48,29.48,23.1,20.63
2022-12-30,4.05,31.12,21.83,24.37
2022-12-31,3.16,31.48,22.13,19.98
2023-01-01,1.1,31.86,22.49,26.0
2023-01-02,6.97,32.01,22.74,16.11
2023-01-03,16.33,30.04,23.05,19.33
2023-01-04,17.54,28.12,22.71,11.07
2023-01-05,4.73,27.39,21.85,11.92
2023-01-06,0.44,29.72,18.67,16.9
2023-01-07,0.68,28.78,18.65,16.43
2023-01-08,2.27,29.35,18.95,15.72
2023-01-09,3.75,29.48,20.99,16.11
2023-01-10,9.82,29.97,22.49,18.05
2023-01-11,8.91,27.88,22.11,19.7
2023-01-12,5.85,29.3,21.68,22.45
2023-01-13,7.73,27.63,22.27,21.03
2023-01-14,4.36,29.88,21.82,22.65
2023-01-15,0.37,29.17,22.06,24.37
2023-01-16,14.8,29.65,21.78,24.39
2023-01-17,7.18,28.75,22.23,27.25
2023-01-18,7.38,30.34,22.04,25.56
2023-01-19,2.97,28.15,21.88,25.58
2023-01-20,5.79,28.88,21.13,14.99
2023-01-21,7.85,28.44,22.17,18.94
2023-01-22,4.59,27.64,22.7,23.7
2023-01-23,6.93,28.82,22.11,24.11
2023-01-24,3.02,30.23,21.47,24.99
2023-01-25,0.45,31.4,21.77,28.57
2023-01-26,0.81,32.24,20.24,28.48
2023-01-27,5.47,31.55,21.91,26.52
2023-01-28,13.18,30.07,21.93,20.22
2023-01-29,5.83,29.82,21.8,24.86
2023-01-30,3.79,25.77,22.13,15.0
2023-01-31,12.0,29.01,21.45,18.39
2023-02-01,0.89,28.46,22.51,19.85
2023-02-02,16.36,30.41,21.54,16.43
2023-02-03,4.98,28.46,22.31,14.56
2023-02-04,13.85,29.19,22.66,22.46
2023-02-05,6.98,28.76,21.84,21.88
2023-02-06,3.35,30.22,21.81,24.46
2023-02-07,1.94,28.97,21.84,16.37
2023-02-08,1.2,30.14,21.8,24.45
2023-02-09,7.85,30.63,21.52,22.73
2023-02-10,7.92,28.18,22.45,21.35
2023-02-11,5.09,28.73,21.2,16.69
2023-02-12,3.54,28.36,21.41,18.9
2023-02-13,4.48,27.89,21.76,23.21
2023-02-14,0.26,31.17,21.19,20.04
2023-02-15,8.19,30.68,22.5,14.33
2023-02-16,10.44,29.45,23.11,21.48
2023-02-17,12.13,29.72,22.34,14.99
2023-02-18,1.81,29.77,21.61,19.44
2023-02-19,3.24,27.6,20.25,17.11
2023-02-20,15.04,27.71,19.74,13.1
2023-02-21,5.84,28.41,20.66,14.27
2023-02-22,0.58,30.46,19.98,24.79
2023-02-23,7.93,27.15,21.69,18.12
2023-02-24,2.37,29.01,20.63,15.36
2023-02-25,0.13,30.16,21.4,25.94
2023-02-26,0.4,29.96,22.48,14.77
2023-02-27,0.05,31.18,22.43,22.48
2023-02-28,6.92,29.46,22.63,18.65
2023-03-01,1.68,27.52,22.57,15.58
2023-03-02,0.73,30.86,20.93,26.04
2023-03-03,0.34,30.62,21.38,24.24
2023-03-04,6.55,31.08,22.45,21.96
2023-03-05,6.03,30.33,22.3,19.27
2023-03-06,6.28,31.23,22.55,25.25
2023-03-07,2.32,31.59,22.22,25.82
2023-03-08,0.94,30.54,21.86,24.04
2023-03-09,1.28,27.82,22.96,22.72
2023-03-10,11.58,26.07,21.75,9.41
2023-03-11,6.67,25.92,20.61,14.76
2023-03-12,7.08,28.67,20.84,12.6
2023-03-13,6.63,27.7,21.4,18.5
2023-03-14,18.14,28.11,21.34,16.03
2023-03-15,4.3,26.79,21.65,12.96
2023-03-16,12.96,25.98,21.58,14.36
2023-03-17,4.09,26.02,21.02,13.66
2023-03-18,1.17,26.74,20.8,17.35
2023-03-19,1.91,27.61,20.91,17.87
2023-03-20,0.91,29.57,20.05,21.32
2023-03-21,0.65,30.54,20.11,24.24
2023-03-22,1.12,30.99,20.92,23.13
2023-03-23,0.18,31.29,21.71,23.69
2023-03-24,0.04,31.16,22.13,21.36
2023-03-25,0.02,32.04,22.14,22.72
2023-03-26,0.44,32.08,23.55,22.06
2023-03-27,1.06,32.12,23.35,21.06
2023-03-28,0.36,31.45,22.01,20.98
2023-03-29,1.67,31.52,21.89,22.23
2023-03-30,1.91,29.97,22.21,21.79
2023-03-31,0.54,31.09,22.45,21.94
2023-04-01,0.03,33.1,21.38,23.55
2023-04-02,0.06,32.15,20.88,23.09
2023-04-03,0.36,31.94,20.17,23.17
2023-04-04,0.0,32.09,19.42,23.18
2023-04-05,0.11,31.78,20.53,20.35
2023-04-06,5.29,31.35,21.11,20.55
2023-04-07,7.05,27.28,22.0,12.3
2023-04-08,9.81,28.1,21.72,8.16
2023-04-09,0.21,28.91,21.19,15.67
2023-04-10,0.01,30.37,19.52,21.04
2023-04-11,2.17,30.01,19.07,21.13
2023-04-12,1.28,28.19,21.37,14.37
2023-04-13,5.14,30.25,21.07,19.36
2023-04-14,3.5,29.27,21.95,11.4
2023-04-15,0.03,30.76,21.39,15.62
2023-04-16,0.31,31.32,20.55,20.88
2023-04-17,0.78,31.9,21.2,15.58
2023-04-18,1.04,31.13,22.87,6.9
2023-04-19,18.28,26.88,17.54,20.33
2023-04-20,0.03,26.03,13.91,21.3
2023-04-21,0.5,26.5,13.77,21.68
2023-04-22,2.29,28.93,15.19,20.24
2023-04-23,0.17,28.81,18.31,19.92
2023-04-24,0.4,29.48,18.27,18.21
2023-04-25,12.33,28.12,18.29,5.57
2023-04-26,3.41,28.53,18.67,13.1
2023-04-27,5.06,28.41,19.09,9.28
2023-04-28,0.91,27.81,18.23,15.35
2023-04-29,0.33,28.56,17.26,19.11
2023-04-30,0.78,28.95,16.41,20.17
2023-05-01,0.03,29.2,15.74,20.09
2023-05-02,0.06,28.78,14.8,18.94
2023-05-03,0.23,29.56,16.75,18.56
2023-05-04,0.94,30.43,18.17,18.67
2023-05-05,0.11,31.33,17.89,19.03
2023-05-06,1.3,30.91,18.34,17.29
2023-05-07,0.02,30.67,18.94,17.36
2023-05-08,0.29,31.16,17.95,17.64
2023-05-09,0.66,31.68,20.26,14.05
2023-05-10,0.62,28.86,20.94,12.98
2023-05-11,0.35,30.19,16.76,18.14
2023-05-12,0.03,28.44,12.02,17.86
2023-05-13,0.0,27.59,13.33,18.86
2023-05-14,0.02,27.62,12.52,18.99
2023-05-15,0.01,28.07,12.01,19.11
2023-05-16,0.02,28.38,11.84,18.91
2023-05-17,1.34,27.21,13.14,18.91
2023-05-18,0.01,27.88,11.9,18.66
2023-05-19,0.03,28.37,11.58,18.15
2023-05-20,0.18,28.93,12.57,16.5
2023-05-21,0.0,27.74,13.36,15.9
2023-05-22,0.0,27.36,15.57,12.51
2023-05-23,0.01,29.46,14.61,17.38
2023-05-24,0.02,28.36,14.42,17.3
2023-05-25,0.0,29.68,15.26,16.97
2023-05-26,0.04,29.67,15.88,16.93
2023-05-27,0.6,30.46,15.94,16.33
2023-05-28,0.22,28.2,19.53,5.25
2023-05-29,0.21,27.29,18.7,13.02
2023-05-30,15.64,25.23,16.88,2.46
2023-05-31,0.91,25.7,18.12,6.35
2023-06-01,0.04,26.69,15.71,14.45
2023-06-02,0.05,26.62,14.58,16.99
2023-06-03,0.02,27.83,13.36,17.0
2023-06-04,0.03,28.22,13.06,16.9
2023-06-05,0.02,27.37,13.26,16.9
2023-06-06,0.0,27.02,12.69,16.58
2023-06-07,0.15,27.95,13.37,16.42
2023-06-08,0.83,28.07,14.41,16.2
2023-06-09,0.14,28.93,14.15,16.5
2023-06-10,0.0,29.91,14.85,16.17
2023-06-11,0.0,30.37,16.04,15.38
2023-06-12,0.27,31.04,17.08,8.94
2023-06-13,11.3,25.04,17.07,7.53
2023-06-14,27.12,18.07,14.78,2.21
2023-06-15,31.26,14.88,12.68,3.3
2023-06-16,0.57,18.47,9.35,16.11
2023-06-17,0.03,19.36,7.07,16.26
2023-06-18,0.03,20.75,7.99,16.69
2023-06-19,0.01,23.37,8.9,16.79
2023-06-20,0.0,25.9,10.15,16.42
2023-06-21,0.01,26.69,12.11,16.14
2023-06-22,0.0,26.2,13.08,15.55
2023-06-23,0.03,26.51,13.36,15.3
2023-06-24,0.05,26.43,13.43,16.04
2023-06-25,0.0,27.42,13.49,16.26
2023-06-26,0.06,27.08,12.58,16.36
2023-06-27,0.03,27.41,13.25,16.28
2023-06-28,0.05,27.94,13.94,15.94
2023-06-29,0.31,26.94,14.5,15.8
2023-06-30,0.03,27.32,15.08,16.06
2023-07-01,0.01,27.52,13.82,16.21
2023-07-02,0.02,26.93,13.49,16.46
2023-07-03,0.03,26.06,13.99,16.65
2023-07-04,0.04,26.2,12.67,16.73
2023-07-05,0.02,27.58,12.04,16.58
2023-07-06,0.12,27.21,12.33,16.41
2023-07-07,0.14,27.45,12.73,10.95
2023-07-08,0.0,29.33,15.52,14.34
2023-07-09,0.46,29.12,17.21,13.12
2023-07-10,0.06,30.8,16.67,13.09
2023-07-11,0.0,31.22,16.82,15.58
2023-07-12,0.0,31.12,16.62,15.8
2023-07-13,7.19,24.96,15.45,10.85
2023-07-14,0.53,20.64,9.05,17.97
2023-07-15,1.01,24.28,8.01,17.89
2023-07-16,0.0,26.66,11.75,12.48
2023-07-17,0.0,28.92,15.5,10.33
2023-07-18,0.01,30.16,16.13,14.57
2023-07-19,0.03,29.94,16.73,15.2
2023-07-20,0.0,30.32,15.74,16.83
2023-07-21,0.0,29.84,16.75,16.98
2023-07-22,0.0,28.7,15.95,16.41
2023-07-23,0.0,29.97,16.23,14.67
2023-07-24,0.0,29.99,16.79,15.53
2023-07-25,0.0,29.8,17.87,14.26
2023-07-26,0.01,30.93,18.88,12.2
2023-07-27,0.0,32.34,17.8,16.96
2023-07-28,0.0,32.31,17.21,15.91
2023-07-29,0.19,29.81,17.12,17.18
2023-07-30,0.0,29.0,15.41,18.26
2023-07-31,0.0,30.34,14.92,18.65
2023-08-01,0.0,30.61,13.83,18.44
2023-08-02,0.0,32.37,14.77,18.55
2023-08-03,0.0,32.61,15.94,18.75
2023-08-04,0.0,32.44,15.75,18.9
2023-08-05,0.0,32.65,15.38,19.08
2023-08-06,0.0,33.95,15.82,18.81
2023-08-07,0.0,34.31,16.9,17.59
2023-08-08,0.0,33.02,18.75,17.64
2023-08-09,0.01,34.04,17.42,16.96
2023-08-10,0.0,35.07,18.47,18.59
2023-08-11,0.0,35.81,20.27,17.43
2023-08-12,0.06,35.87,21.29,15.76
2023-08-13,0.09,31.57,21.13,12.44
2023-08-14,0.0,30.1,19.02,9.74
2023-08-15,0.0,30.46,20.12,12.66
2023-08-16,0.0,32.83,20.54,14.7
2023-08-17,0.0,32.76,18.61,18.83
2023-08-18,0.54,34.07,19.82,18.06
2023-08-19,0.64,32.4,18.48,5.57
2023-08-20,0.47,31.11,19.37,13.72
2023-08-21,0.17,32.62,19.1,17.93
2023-08-22,0.0,35.24,19.75,19.8
2023-08-23,0.03,37.35,21.51,18.56
2023-08-24,0.27,37.5,23.94,14.11
2023-08-25,0.03,36.9,23.94,16.69
2023-08-26,1.09,28.82,20.11,6.95
2023-08-27,0.4,20.7,16.98,7.26
2023-08-28,0.95,28.16,15.28,20.41
2023-08-29,2.06,30.02,15.56,12.48
2023-08-30,6.63,28.1,18.1,17.5
2023-08-31,3.63,28.28,19.15,9.58
2023-09-01,1.11,32.88,18.42,19.46
2023-09-02,0.31,35.62,20.84,17.93
2023-09-03,4.61,34.53,23.23,19.97
2023-09-04,2.86,36.39,23.54,19.59
2023-09-05,2.06,33.0,21.73,18.54
2023-09-06,0.09,34.11,20.22,20.15
2023-09-07,0.0,33.62,20.98,19.8
2023-09-08,0.0,36.12,18.89,21.84
2023-09-09,0.67,33.02,20.78,3.27
2023-09-10,0.24,34.24,18.91,20.66
2023-09-11,0.0,36.42,20.27,22.99
2023-09-12,0.03,36.85,20.23,23.7
2023-09-13,0.09,38.8,22.06,21.39
2023-09-14,3.55,24.22,18.18,5.52
2023-09-15,0.0,31.11,14.7,24.66
2023-09-16,0.02,35.68,18.11,24.42
2023-09-17,0.87,38.13,21.37,21.87
2023-09-18,2.27,36.94,22.47,19.98
2023-09-19,0.0,37.58,23.41,22.24
2023-09-20,0.01,38.81,24.25,23.63
2023-09-21,0.0,39.5,24.13,23.78
2023-09-22,0.0,40.35,25.32,23.27
2023-09-23,0.0,40.81,26.21,22.87
2023-09-24,0.0,42.0,26.59,23.9
2023-09-25,0.0,41.12,25.73,22.18
2023-09-26,0.09,37.82,27.53,21.41
2023-09-27,0.26,41.05,27.99,21.94
2023-09-28,0.18,38.24,24.47,19.29
2023-09-29,0.0,35.75,21.54,20.96
2023-09-30,0.69,38.52,24.02,17.18
2023-10-01,3.27,36.49,25.61,14.93
2023-10-02,13.06,34.91,24.59,16.52
2023-10-03,0.04,37.99,25.25,22.61
2023-10-04,1.03,38.83,26.15,16.32
2023-10-05,0.22,39.82,25.69,19.59
2023-10-06,1.45,39.4,27.32,17.3
2023-10-07,19.07,35.96,26.29,12.59
2023-10-08,23.28,34.93,23.51,14.65
2023-10-09,2.37,31.16,20.48,22.18
2023-10-10,0.0,33.55,19.98,27.25
2023-10-11,0.11,37.25,19.96,27.07
2023-10-12,2.05,36.24,26.0,17.99
2023-10-13,3.61,33.21,23.33,12.89
2023-10-14,0.18,33.85,20.84,20.24
2023-10-15,0.02,37.2,21.91,26.04
2023-10-16,0.01,38.43,24.45,25.91
2023-10-17,0.47,35.85,26.93,20.55
2023-10-18,0.37,38.05,24.68,22.08
2023-10-19,5.75,35.94,23.06,17.83
2023-10-20,0.73,35.74,22.39,20.65
2023-10-21,0.0,36.22,22.84,27.28
2023-10-22,0.0,38.48,21.32,27.4
2023-10-23,0.0,40.64,24.07,25.99
2023-10-24,0.47,36.13,26.24,17.2
2023-10-25,9.45,32.82,23.92,19.91
2023-10-26,3.64,34.05,25.73,16.21
2023-10-27,19.0,34.95,23.98,13.43
2023-10-28,4.17,35.64,22.74,13.79
2023-10-29,5.7,34.43,24.7,13.41
2023-10-30,2.77,36.26,23.7,12.4
2023-10-31,2.59,34.83,24.4,15.26
2023-11-01,5.29,31.86,24.74,7.48
2023-11-02,0.05,34.14,22.48,26.55
2023-11-03,8.81,38.13,22.67,22.38
2023-11-04,0.58,30.08,18.81,28.38
2023-11-05,0.0,33.15,15.23,31.29
2023-11-06,0.04,34.48,17.78,30.46
2023-11-07,0.0,37.42,18.6,29.98
2023-11-08,0.76,38.23,23.58,26.73
2023-11-09,0.95,37.94,24.63,20.96
2023-11-10,0.04,39.68,25.03,25.5
2023-11-11,0.0,40.42,22.96,29.79
2023-11-12,0.0,41.6,25.13,27.23
2023-11-13,0.01,42.11,26.55,24.6
2023-11-14,0.53,42.1,26.1,25.02
2023-11-15,0.71,41.54,26.22,25.77
2023-11-16,0.0,42.54,27.39,22.72
2023-11-17,0.01,43.04,28.88,24.16
2023-11-18,0.17,42.15,28.58,23.75
2023-11-19,11.2,41.67,26.02,14.81
2023-11-20,10.71,32.6,23.62,15.37
2023-11-21,0.65,32.6,25.45,22.93
2023-11-22,4.18,32.85,26.01,24.57
2023-11-23,5.77,32.84,24.0,12.67
2023-11-24,15.2,28.7,24.45,13.8
2023-11-25,0.01,32.77,20.96,24.46
2023-11-26,0.06,32.63,21.7,23.48
2023-11-27,0.12,31.95,23.39,19.5
2023-11-28,8.95,32.13,23.74,20.51
2023-11-29,5.59,32.88,22.57,22.83
2023-11-30,0.24,34.54,22.82,28.46
2023-12-01,0.05,35.72,25.36,28.01
2023-12-02,0.55,37.86,25.18,26.76
2023-12-03,1.35,38.43,26.24,28.68
2023-12-04,5.01,35.65,26.63,17.49
2023-12-05,9.05,33.38,25.23,17.65
2023-12-06,0.4,36.57,24.71,27.68
2023-12-07,4.8,36.06,24.99,23.05
2023-12-08,0.14,36.9,25.51,27.42
2023-12-09,0.4,36.94,26.19,28.75
2023-12-10,0.14,38.22,24.83,22.62
2023-12-11,2.15,36.56,24.1,26.61
2023-12-12,0.02,37.14,24.14,29.19
2023-12-13,0.0,39.28,23.33,30.87
2023-12-14,0.06,40.83,24.24,30.2
2023-12-15,0.31,40.22,27.53,27.45
2023-12-16,1.89,40.85,28.23,24.89
2023-12-17,0.26,41.14,26.4,27.63
2023-12-18,1.41,40.97,28.55,27.1
2023-12-19,6.85,36.59,26.28,23.52
2023-12-20,0.59,36.97,25.4,27.29
2023-12-21,1.39,38.6,24.86,26.62
2023-12-22,2.71,36.66,26.4,23.82
2023-12-23,16.81,31.98,25.24,11.73
2023-12-24,0.02,34.27,24.05,25.64
2023-12-25,0.0,36.94,24.5,27.7
2023-12-26,0.09,36.24,25.44,27.92
2023-12-27,0.01,37.89,25.08,29.46
2023-12-28,0.0,39.18,23.69,31.26
2023-12-29,0.0,41.2,24.61,26.35
2023-12-30,3.13,33.57,27.77,17.66
2023-12-31,8.01,34.46,25.29,22.58
2024-01-01,3.09,34.34,24.75,24.97
2024-01-02,1.03,35.42,25.04,21.39
2024-01-03,3.83,34.2,26.51,24.3
2024-01-04,2.69,35.89,24.5,27.75
2024-01-05,4.69,35.38,25.01,25.78
2024-01-06,0.36,37.61,25.63,28.44
2024-01-07,0.03,38.6,25.02,27.76
2024-01-08,5.75,37.57,26.51,27.61
2024-01-09,5.15,36.63,25.59,27.83
2024-01-10,1.53,37.28,25.27,22.49
2024-01-11,9.39,33.74,25.42,17.99
2024-01-12,14.84,31.26,24.06,18.94
2024-01-13,7.79,32.06,24.13,14.29
2024-01-14,23.37,31.86,24.07,26.01
2024-01-15,0.96,30.87,23.75,22.77
2024-01-16,0.27,33.43,23.57,26.58
2024-01-17,0.04,35.2,24.18,24.64
2024-01-18,0.27,35.45,26.04,28.02
2024-01-19,10.77,35.99,25.58,19.0
2024-01-20,2.95,34.63,25.45,12.1
2024-01-21,1.61,34.5,24.55,21.54
2024-01-22,6.05,31.95,24.25,18.49
2024-01-23,3.06,31.85,23.66,13.34
2024-01-24,0.01,32.77,22.12,25.15
2024-01-25,0.01,31.76,21.12,27.66
2024-01-26,0.0,31.37,18.93,27.71
2024-01-27,0.12,32.68,19.81,28.37
2024-01-28,1.96,34.64,24.47,26.35
2024-01-29,0.1,36.65,21.55,27.77
2024-01-30,0.06,37.96,22.86,22.62
2024-01-31,7.12,35.24,24.25,27.2
2024-02-01,0.01,36.77,22.07,29.2
2024-02-02,1.99,37.41,23.2,26.09
2024-02-03,4.66,31.44,23.6,16.89
2024-02-04,2.81,31.34,22.61,17.77
2024-02-05,2.11,32.59,22.89,24.13
2024-02-06,2.26,33.03,23.99,21.49
2024-02-07,8.18,28.58,23.72,19.81
2024-02-08,1.21,33.29,22.57,24.97
2024-02-09,5.86,34.63,24.32,22.85
2024-02-10,1.43,35.72,23.76,27.91
2024-02-11,0.1,36.65,22.65,27.78
2024-02-12,0.22,35.61,25.22,21.92
2024-02-13,2.67,36.68,25.33,24.97
2024-02-14,17.27,34.13,25.59,16.81
2024-02-15,22.61,29.93,24.46,12.24
2024-02-16,8.45,30.82,23.2,17.81
2024-02-17,0.02,33.1,23.27,25.34
2024-02-18,1.83,31.91,23.22,22.63
2024-02-19,8.61,31.4,23.52,19.85
2024-02-20,5.14,31.64,23.21,20.07
2024-02-21,7.3,31.07,22.84,18.0
2024-02-22,1.52,32.61,22.29,23.79
2024-02-23,2.67,33.99,23.99,19.28
2024-02-24,0.83,34.54,23.86,24.71
2024-02-25,0.88,35.21,24.57,24.94
2024-02-26,3.36,34.56,25.31,24.27
2024-02-27,0.11,36.6,25.09,25.05
2024-02-28,0.0,38.19,25.04,24.92
2024-02-29,0.72,38.89,25.97,25.39
2024-03-01,0.38,38.89,25.48,24.74
2024-03-02,0.02,37.41,25.85,26.22
2024-03-03,0.0,38.9,24.25,27.01
2024-03-04,0.02,39.48,23.32,25.93
2024-03-05,1.85,38.78,24.66,23.82
2024-03-06,0.47,36.85,25.76,20.14
2024-03-07,4.68,36.37,26.32,18.94
2024-03-08,2.32,36.39,26.1,19.93
2024-03-09,2.62,35.85,26.91,22.4
2024-03-10,1.85,35.47,27.29,20.86
2024-03-11,3.77,34.49,26.26,24.96
2024-03-12,0.02,37.74,24.08,25.88
2024-03-13,0.1,38.58,25.22,24.07
2024-03-14,1.26,38.48,25.77,22.91
2024-03-15,0.57,38.61,26.35,23.89
2024-03-16,2.45,37.99,27.11,22.21
2024-03-17,1.21,37.44,27.52,18.66
2024-03-18,3.63,36.62,27.22,19.73
2024-03-19,14.19,35.2,26.61,20.6
2024-03-20,1.05,37.02,25.41,22.05
2024-03-21,10.81,33.93,25.83,17.79
2024-03-22,6.68,31.35,24.02,14.37
2024-03-23,0.66,27.53,21.33,11.48
2024-03-24,7.24,28.11,20.96,9.23
2024-03-25,4.32,31.56,21.03,18.44
2024-03-26,8.11,27.6,22.44,12.55
2024-03-27,4.46,27.4,21.27,9.93
2024-03-28,5.35,30.11,20.42,11.32
2024-03-29,9.13,29.86,21.2,11.83
2024-03-30,10.66,30.4,22.91,18.21
2024-03-31,1.68,30.79,23.22,19.83
2024-04-01,3.43,30.41,23.59,16.16
2024-04-02,5.14,30.65,23.91,17.82
2024-04-03,0.02,32.21,22.46,21.57
2024-04-04,0.37,33.07,23.13,21.01
2024-04-05,0.98,33.33,24.51,18.51
2024-04-06,0.04,33.41,23.51,21.99
2024-04-07,0.64,33.18,22.2,18.57
2024-04-08,7.38,30.7,23.62,16.13
2024-04-09,4.63,30.94,22.81,16.99
2024-04-10,0.22,31.69,21.78,15.99
2024-04-11,7.69,31.87,22.72,17.82
2024-04-12,0.52,32.37,22.64,17.04
2024-04-13,4.62,31.24,23.8,14.95
2024-04-14,20.58,26.51,22.93,7.38
2024-04-15,0.5,27.82,22.19,14.66
2024-04-16,0.67,29.53,22.88,12.9
2024-04-17,0.54,31.0,22.68,15.61
2024-04-18,0.12,29.66,19.64,15.34
2024-04-19,0.0,29.58,18.8,21.93
2024-04-20,0.02,31.92,16.57,21.05
2024-04-21,0.0,32.46,19.34,20.42
2024-04-22,0.0,32.1,19.46,20.63
2024-04-23,0.01,32.7,19.66,19.92
2024-04-24,0.0,33.71,21.17,17.48
2024-04-25,0.01,34.87,21.71,19.63
2024-04-26,0.08,35.76,21.32,19.62
2024-04-27,0.02,34.99,22.13,18.68
2024-04-28,0.0,35.2,21.37,18.41
2024-04-29,0.0,35.66,21.27,18.99
2024-04-30,0.0,35.68,21.47,18.65
2024-05-01,0.03,35.71,21.76,19.21
2024-05-02,0.0,35.35,21.18,18.77
2024-05-03,0.01,34.81,21.9,17.28
2024-05-04,0.0,35.4,21.5,17.72
2024-05-05,0.02,35.46,19.32,19.45
2024-05-06,0.01,34.83,19.83,19.01
2024-05-07,0.05,35.07,21.87,18.01
2024-05-08,0.04,34.69,21.63,18.42
2024-05-09,0.0,34.53,21.58,17.5
2024-05-10,0.0,34.75,20.4,17.14
2024-05-11,0.0,34.52,19.5,18.2
2024-05-12,0.01,34.4,19.15,18.28
2024-05-13,0.01,34.39,18.78,18.03
2024-05-14,0.03,32.41,21.08,16.28
2024-05-15,0.04,32.74,19.21,15.57
2024-05-16,0.0,34.15,20.06,16.97
2024-05-17,0.0,35.46,21.51,17.35
2024-05-18,0.02,35.18,21.71,16.05
2024-05-19,0.02,32.99,20.61,13.63
2024-05-20,0.0,32.28,19.17,13.76
2024-05-21,0.0,34.02,20.22,16.74
2024-05-22,0.01,34.08,18.96,17.2
2024-05-23,0.04,33.61,18.82,17.23
2024-05-24,1.81,31.76,20.52,5.67
2024-05-25,4.49,25.43,17.42,8.29
2024-05-26,9.19,24.81,16.04,4.03
2024-05-27,0.07,28.33,16.15,4.92
2024-05-28,0.05,23.04,13.24,8.09
2024-05-29,0.0,23.35,10.19,17.67
2024-05-30,0.0,26.01,10.5,16.74
2024-05-31,0.0,26.41,11.07,17.16
2024-06-01,0.0,29.94,11.45,16.94
2024-06-02,0.0,30.51,15.25,15.77
2024-06-03,0.04,30.78,16.82,15.76
2024-06-04,0.01,29.76,17.37,16.24
2024-06-05,0.04,30.66,16.0,16.23
2024-06-06,0.06,31.36,15.55,15.01
2024-06-07,0.0,31.51,16.45,16.07
2024-06-08,0.05,32.23,16.79,15.78
2024-06-09,0.03,32.45,17.05,16.15
2024-06-10,0.04,31.88,16.62,16.4
2024-06-11,0.06,31.91,16.1,16.57
2024-06-12,0.06,32.34,16.12,16.35
2024-06-13,0.01,31.96,16.41,16.77
2024-06-14,0.0,32.04,17.65,15.22
2024-06-15,0.01,32.24,18.0,15.57
2024-06-16,0.0,32.13,17.85,15.89
2024-06-17,0.01,31.95,17.63,15.4
2024-06-18,0.01,31.17,16.41,16.08
2024-06-19,0.01,31.68,16.28,16.13
2024-06-20,0.03,32.03,16.89,16.19
2024-06-21,0.03,31.59,16.32,15.37
2024-06-22,0.0,31.93,18.12,13.99
2024-06-23,0.01,32.01,18.49,14.84
2024-06-24,0.01,32.85,18.99,15.12
2024-06-25,0.0,33.41,19.6,14.61
2024-06-26,0.0,33.5,19.67,13.52
2024-06-27,0.03,30.29,18.55,13.52
2024-06-28,0.02,31.72,18.89,12.42
2024-06-29,0.02,32.11,20.37,12.18
2024-06-30,1.49,27.88,18.14,10.48
2024-07-01,4.14,26.66,16.65,7.06
2024-07-02,0.1,30.26,15.97,15.74
2024-07-03,0.11,30.75,16.48,13.21
2024-07-04,0.02,31.33,17.0,15.24
2024-07-05,0.03,31.24,16.54,10.35
2024-07-06,0.02,31.71,17.36,15.85
2024-07-07,0.0,32.57,17.63,14.7
2024-07-08,0.37,27.84,17.61,8.95
2024-07-09,1.0,25.39,16.79,2.97
2024-07-10,0.19,24.65,14.43,5.25
2024-07-11,0.01,31.72,15.06,14.42
2024-07-12,0.02,28.8,17.33,10.77
2024-07-13,0.01,31.48,18.76,11.81
2024-07-14,0.02,29.09,16.19,15.01
2024-07-15,0.05,28.77,14.72,15.35
2024-07-16,0.07,30.26,16.26,16.55
2024-07-17,0.0,30.8,16.15,16.76
2024-07-18,0.02,31.46,16.03,17.44
2024-07-19,0.01,31.2,16.17,17.51
2024-07-20,0.01,31.02,14.22,17.67
2024-07-21,0.0,31.96,14.21,17.54
2024-07-22,0.0,31.78,14.72,17.89
2024-07-23,0.0,31.41,14.73,17.99
2024-07-24,0.01,32.83,14.28,17.01
2024-07-25,0.0,31.84,15.38,17.62
2024-07-26,0.0,31.54,17.25,15.97
2024-07-27,0.0,32.97,16.23,15.03
2024-07-28,0.0,34.46,17.54,17.03
2024-07-29,0.0,33.67,18.45,16.22
2024-07-30,0.01,28.64,16.92,9.95
2024-07-31,0.0,33.33,15.56,17.28
2024-08-01,0.0,32.29,21.12,16.58
2024-08-02,0.0,31.7,19.94,14.23
2024-08-03,0.0,32.22,20.68,16.19
2024-08-04,0.01,32.37,18.8,17.48
2024-08-05,0.01,33.66,20.5,17.58
2024-08-06,0.0,33.38,19.36,18.3
2024-08-07,0.01,33.41,20.65,17.4
2024-08-08,0.04,34.67,19.48,9.98
2024-08-09,5.45,24.37,12.69,1.89
2024-08-10,1.68,21.49,8.6,19.89
2024-08-11,0.09,25.05,9.25,19.07
2024-08-12,0.02,25.7,9.05,17.39
2024-08-13,0.01,26.5,7.89,19.47
2024-08-14,0.01,30.1,12.22,16.79
2024-08-15,0.0,34.92,13.62,19.72
2024-08-16,0.04,35.58,16.52,18.47
2024-08-17,0.08,36.15,17.15,19.51
2024-08-18,0.0,36.56,18.22,20.03
2024-08-19,0.0,36.96,18.53,20.2
2024-08-20,0.04,36.83,19.57,19.74
2024-08-21,0.12,36.35,18.12,20.2
2024-08-22,0.0,36.07,18.18,20.52
2024-08-23,0.0,37.5,19.94,16.99
2024-08-24,6.89,30.11,16.47,8.04
2024-08-25,2.5,22.46,13.42,4.11
2024-08-26,0.0,24.84,8.89,21.89
2024-08-27,0.03,28.04,10.19,23.16
2024-08-28,0.0,32.34,11.31,21.61
2024-08-29,0.04,34.5,15.22,21.59
2024-08-30,0.0,34.91,17.38,22.07
2024-08-31,0.0,35.83,16.51,22.45
2024-09-01,0.0,36.88,18.31,20.55
2024-09-02,0.0,36.26,17.95,16.83
2024-09-03,0.03,38.15,19.11,22.07
2024-09-04,0.0,38.4,19.17,19.99
2024-09-05,0.0,37.15,19.32,13.76
2024-09-06,0.01,36.19,20.07,13.28
2024-09-07,0.0,38.05,20.46,18.47
2024-09-08,0.0,38.2,22.37,17.3
2024-09-09,0.0,37.26,21.02,16.17
2024-09-10,0.0,37.06,21.03,17.72
2024-09-11,0.0,37.83,20.5,22.34
2024-09-12,0.0,38.15,22.39,22.23
2024-09-13,0.0,38.75,21.49,21.8
2024-09-14,0.0,38.3,22.85,12.18
2024-09-15,0.12,36.49,22.37,10.6
2024-09-16,3.02,32.09,19.71,6.06
2024-09-17,0.05,32.51,17.38,23.79
2024-09-18,0.02,36.49,17.18,16.09
2024-09-19,0.08,39.37,20.91,19.22
2024-09-20,0.1,39.8,23.47,21.38
2024-09-21,0.37,35.74,22.42,13.61
2024-09-22,0.01,37.43,23.46,12.67
2024-09-23,0.0,39.32,23.39,17.17
2024-09-24,0.0,40.18,23.78,21.6
2024-09-25,0.01,41.33,23.32,23.77
2024-09-26,0.0,41.35,24.72,21.4
2024-09-27,2.84,33.08,24.73,11.62
2024-09-28,0.0,34.74,20.25,24.98
2024-09-29,0.0,37.9,19.52,24.94
2024-09-30,0.0,39.65,22.5,24.67
2024-10-01,0.0,40.08,24.37,24.37
2024-10-02,0.03,40.89,26.03,15.28
2024-10-03,0.1,39.6,26.99,12.43
2024-10-04,0.0,36.21,22.75,18.85
2024-10-05,0.0,36.96,18.84,26.75
2024-10-06,0.0,39.27,19.74,25.74
2024-10-07,0.0,40.68,21.14,21.6
2024-10-08,0.0,41.38,22.14,22.88
2024-10-09,1.17,39.76,25.92,7.5
2024-10-10,2.95,34.33,23.36,4.17
2024-10-11,7.78,37.39,24.62,9.8
2024-10-12,2.26,34.36,20.85,23.72
2024-10-13,0.11,36.36,21.85,27.53
2024-10-14,7.72,38.31,21.1,25.16
2024-10-15,2.46,30.93,22.57,22.4
2024-10-16,1.15,34.52,22.83,22.97
2024-10-17,0.0,37.72,24.39,24.71
2024-10-18,0.68,36.62,25.35,6.71
2024-10-19,20.89,31.59,22.51,9.59
2024-10-20,16.79,26.27,19.67,10.83
2024-10-21,0.97,29.15,22.47,13.4
2024-10-22,1.33,29.81,22.57,13.42
2024-10-23,2.2,30.47,22.72,18.47
2024-10-24,4.13,34.58,22.82,21.83
2024-10-25,8.66,32.86,24.84,19.36
2024-10-26,10.2,28.69,24.72,11.07
2024-10-27,0.67,31.57,23.38,17.55
2024-10-28,1.49,30.3,20.22,12.13
2024-10-29,0.67,33.21,22.75,26.88
2024-10-30,0.25,34.14,21.35,28.25
2024-10-31,0.0,34.42,20.87,24.67
2024-11-01,12.07,30.97,22.6,24.14
2024-11-02,6.99,29.79,22.87,10.15
2024-11-03,2.76,27.72,22.44,14.99
2024-11-04,25.37,29.84,21.95,12.05
2024-11-05,17.67,30.23,21.9,14.81
2024-11-06,25.41,29.43,22.5,16.48
2024-11-07,9.84,27.39,22.59,10.12
2024-11-08,5.61,29.34,22.41,14.7
2024-11-09,1.32,30.96,22.99,23.12
2024-11-10,0.0,30.75,21.09,29.45
2024-11-11,0.0,32.79,20.02,29.0
2024-11-12,1.53,33.55,22.39,24.14
2024-11-13,1.59,30.76,19.71,19.89
2024-11-14,0.09,31.71,21.93,26.28
2024-11-15,3.58,32.55,20.51,25.29
2024-11-16,8.08,31.06,22.2,20.94
2024-11-17,0.26,32.26,22.71,22.85
2024-11-18,0.0,33.65,22.25,28.29
2024-11-19,0.33,34.58,22.55,25.61
2024-11-20,2.33,32.74,24.13,23.28
2024-11-21,28.49,29.44,24.07,15.28
2024-11-22,0.87,29.7,21.56,17.09
2024-11-23,0.0,32.7,21.49,28.81
2024-11-24,0.0,32.41,20.55,29.45
2024-11-25,0.0,33.15,20.16,28.38
2024-11-26,0.27,35.12,22.18,28.05
2024-11-27,1.45,35.2,22.49,27.1
2024-11-28,18.79,31.11,24.73,14.8
2024-11-29,19.1,30.8,23.87,5.38
2024-11-30,1.44,32.72,23.25,23.92
2024-12-01,0.21,32.1,24.45,26.59
2024-12-02,19.3,28.39,24.08,13.28
2024-12-03,19.48,28.99,23.62,18.28
2024-12-04,15.73,30.36,23.1,13.41
2024-12-05,5.08,30.5,21.79,16.71
2024-12-06,0.52,30.53,22.62,25.44
2024-12-07,1.55,31.65,23.65,25.92
2024-12-08,4.95,29.98,24.63,14.57
2024-12-09,3.08,32.29,23.08,18.8
2024-12-10,1.73,30.38,24.49,21.0
2024-12-11,1.58,31.14,22.08,25.8
2024-12-12,0.1,32.59,20.36,27.57
2024-12-13,9.47,30.81,20.98,21.15
2024-12-14,17.79,27.59,22.43,11.22
2024-12-15,5.55,30.61,22.61,24.81
2024-12-16,0.38,30.49,20.39,27.68
2024-12-17,0.0,32.12,19.44,29.55
2024-12-18,0.0,32.47,20.71,29.26
2024-12-19,0.13,31.7,23.19,18.57
2024-12-20,4.81,32.28,23.81,20.14
2024-12-21,10.31,31.93,24.26,18.21
2024-12-22,2.07,29.94,23.84,19.41
2024-12-23,0.08,31.81,23.25,26.8
2024-12-24,0.88,32.93,22.08,29.48
2024-12-25,8.54,28.46,23.53,15.79
2024-12-26,37.01,28.69,22.41,15.33
2024-12-27,11.19,30.6,22.58,22.4
2024-12-28,2.56,31.67,23.16,28.11
2024-12-29,0.29,32.2,20.5,28.28
2024-12-30,0.56,32.26,20.99,29.5
2024-12-31,0.6,31.66,21.99,29.2
2025-01-01,2.54,32.45,22.11,23.54
2025-01-02,0.84,33.55,22.01,27.04
2025-01-03,1.93,32.61,23.06,24.3
2025-01-04,1.78,32.24,23.33,26.54
2025-01-05,0.08,34.23,20.95,30.92
2025-01-06,0.83,34.29,22.89,28.11
2025-01-07,0.27,34.88,23.14,26.28
2025-01-08,1.03,34.51,24.19,25.91
2025-01-09,1.53,34.58,23.1,27.54
2025-01-10,0.0,35.56,22.63,28.76
2025-01-11,6.95,37.42,22.15,28.23
2025-01-12,6.35,34.18,24.73,22.75
2025-01-13,0.01,34.76,23.13,28.5
2025-01-14,0.0,34.99,22.01,30.44
2025-01-15,0.19,36.01,21.62,29.59
2025-01-16,7.24,34.73,23.91,18.25
2025-01-17,7.41,27.53,23.81,17.3
2025-01-18,0.07,32.26,23.19,25.14
2025-01-19,0.58,33.79,23.92,27.59
2025-01-20,2.05,34.34,24.18,24.22
2025-01-21,1.3,34.65,24.16,27.57
2025-01-22,0.06,36.83,23.71,26.19
2025-01-23,0.99,36.78,25.65,20.43
2025-01-24,0.08,37.91,24.22,26.62
2025-01-25,2.55,37.93,25.85,26.78
2025-01-26,5.95,35.46,25.83,25.93
2025-01-27,8.4,30.51,23.52,18.21
2025-01-28,2.12,33.69,23.18,21.83
2025-01-29,1.62,32.93,25.18,23.27
2025-01-30,1.44,33.76,24.5,22.86
2025-01-31,15.01,28.66,23.34,12.45
2025-02-01,6.39,27.85,22.45,21.3
2025-02-02,12.01,28.6,22.06,20.83
2025-02-03,30.06,28.23,23.16,14.98
2025-02-04,15.01,27.29,22.62,17.79
2025-02-05,2.06,26.98,22.44,13.6
2025-02-06,2.33,28.55,22.01,17.11
2025-02-07,2.2,31.11,21.37,27.2
2025-02-08,1.11,31.43,22.15,27.62
2025-02-09,0.91,31.34,22.01,27.68
2025-02-10,0.81,31.05,21.29,24.62
2025-02-11,2.09,31.85,20.34,24.99
2025-02-12,2.08,29.2,22.13,21.38
2025-02-13,1.2,31.06,21.07,18.89
2025-02-14,2.04,32.29,21.1,22.04
2025-02-15,0.12,34.36,23.32,24.25
2025-02-16,0.04,35.21,23.91,26.49
2025-02-17,0.44,35.21,23.71,26.77
2025-02-18,0.26,35.29,24.2,22.03
2025-02-19,0.87,35.15,24.69,20.13
2025-02-20,0.03,37.77,24.88,25.76
2025-02-21,0.02,38.17,25.34,26.62
2025-02-22,0.56,36.86,26.28,25.04
2025-02-23,4.25,33.37,24.47,19.76
2025-02-24,0.29,35.08,24.33,23.7
2025-02-25,0.94,32.19,24.84,19.82
2025-02-26,5.6,35.05,23.98,23.81
2025-02-27,0.19,36.89,23.87,24.97
2025-02-28,0.01,37.72,25.85,25.44
2025-03-01,0.0,37.71,23.87,26.64
2025-03-02,0.0,33.44,23.33,23.61
2025-03-03,0.0,37.25,21.9,24.27
2025-03-04,0.51,37.58,25.34,25.28
2025-03-05,0.53,35.8,24.18,23.55
2025-03-06,0.0,37.05,24.87,25.55
2025-03-07,0.0,36.5,23.72,25.58
2025-03-08,0.0,37.21,22.71,25.95
2025-03-09,0.0,37.49,24.61,23.49
2025-03-10,1.17,37.63,27.4,22.55
2025-03-11,12.83,31.28,25.1,9.61
2025-03-12,0.02,35.57,22.74,21.28
2025-03-13,0.2,34.06,23.46,18.69
2025-03-14,0.0,36.92,24.13,22.43
2025-03-15,0.01,38.11,24.66,23.37
2025-03-16,0.55,38.0,24.83,22.77
2025-03-17,5.44,36.25,24.54,20.84
2025-03-18,10.59,34.39,24.79,17.73
2025-03-19,1.96,33.84,23.53,18.62
2025-03-20,0.0,34.11,22.69,25.51
2025-03-21,0.0,34.36,20.3,25.99
2025-03-22,0.04,35.73,20.69,20.52
2025-03-23,1.62,34.15,24.17,17.61
2025-03-24,1.89,34.84,23.59,21.79
2025-03-25,0.06,35.68,25.43,22.47
2025-03-26,1.12,35.36,25.85,21.7
2025-03-27,0.01,36.66,23.65,23.42
2025-03-28,0.03,37.65,24.07,20.67
2025-03-29,0.26,37.46,25.72,19.83
2025-03-30,4.99,36.69,25.07,20.43
2025-03-31,14.22,26.85,23.44,9.23
