data,PRECTOTCORR,T2M_MAX,T2M_MIN,ALLSKY_SFC_SW_DWN
2013-10-01,6.41,23.85,14.23,15.42
2013-10-02,19.59,21.44,14.87,13.3
2013-10-03,30.32,23.13,14.42,5.76
2013-10-04,3.87,23.54,14.73,12.07
2013-10-05,0.0,21.08,11.76,27.32
2013-10-06,0.1,20.1,11.14,20.81
2013-10-07,0.28,18.16,9.44,18.69
2013-10-08,0.07,18.07,7.75,24.01
2013-10-09,0.0,20.59,10.4,22.19
2013-10-10,0.0,22.3,11.89,19.17
2013-10-11,0.0,22.49,13.25,23.04
2013-10-12,0.16,22.54,13.75,14.47
2013-10-13,0.2,24.55,13.86,19.1
2013-10-14,0.58,26.17,15.5,19.25
2013-10-15,8.88,23.48,16.27,13.83
2013-10-16,9.82,17.53,13.25,5.36
2013-10-17,2.6,23.33,12.25,9.84
2013-10-18,0.27,24.32,13.54,23.4
2013-10-19,0.03,24.53,13.84,25.34
2013-10-20,0.07,25.75,14.06,28.71
2013-10-21,11.0,28.32,13.3,20.89
2013-10-22,0.21,26.61,16.59,18.82
2013-10-23,0.08,26.97,15.47,20.67
2013-10-24,6.2,25.53,18.58,16.52
2013-10-25,3.31,22.68,14.65,12.79
2013-10-26,6.96,25.43,14.43,20.63
2013-10-27,0.09,27.31,16.01,24.83
2013-10-28,0.01,21.78,11.46,24.78
2013-10-29,0.0,22.69,8.42,26.61
2013-10-30,3.06,21.88,11.1,23.6
2013-10-31,3.52,23.5,12.62,23.99
2013-11-01,0.3,23.59,13.19,17.5
2013-11-02,0.05,26.53,13.28,20.44
2013-11-03,12.04,27.12,16.04,17.38
2013-11-04,7.33,23.19,13.33,9.2
2013-11-05,0.27,19.62,11.67,14.53
2013-11-06,0.72,17.18,12.48,12.69
2013-11-07,0.54,22.53,12.47,11.98
2013-11-08,0.08,24.62,13.41,22.73
2013-11-09,0.01,26.82,14.51,25.58
2013-11-10,0.0,29.54,15.89,26.96
2013-11-11,2.14,29.79,17.96,16.96
2013-11-12,0.15,27.76,17.04,21.55
2013-11-13,0.0,25.6,14.08,24.35
2013-11-14,0.0,26.41,12.71,32.11
2013-11-15,1.95,28.1,12.63,28.05
2013-11-16,17.06,27.92,16.77,16.37
2013-11-17,2.59,23.66,14.02,9.47
2013-11-18,0.16,26.6,13.54,17.07
2013-11-19,1.23,28.46,15.03,23.55
2013-11-20,5.37,27.43,18.66,22.22
2013-11-21,6.04,27.58,19.16,18.13
2013-11-22,9.89,23.6,13.62,7.96
2013-11-23,2.26,21.51,13.28,12.47
2013-11-24,3.62,21.87,14.9,15.17
2013-11-25,2.35,24.61,16.17,14.96
2013-11-26,1.28,26.08,15.25,21.13
2013-11-27,8.05,26.32,15.8,24.02
2013-11-28,6.0,29.55,16.97,25.82
2013-11-29,9.59,28.42,17.92,16.66
2013-11-30,1.29,26.82,17.67,17.65
2013-12-01,0.29,26.69,16.73,14.93
2013-12-02,0.13,28.3,16.88,22.43
2013-12-03,0.0,28.91,18.68,30.28
2013-12-04,0.01,31.2,15.51,29.73
2013-12-05,10.27,27.42,19.97,15.82
2013-12-06,0.13,27.91,18.03,22.86
2013-12-07,8.87,26.59,16.06,11.17
2013-12-08,5.45,28.28,16.96,20.15
2013-12-09,1.77,28.58,17.81,24.06
2013-12-10,4.99,29.17,17.95,19.93
2013-12-11,1.76,23.31,15.67,18.44
2013-12-12,0.33,25.95,14.86,18.6
2013-12-13,0.02,27.7,13.97,22.6
2013-12-14,0.5,30.05,16.13,20.49
2013-12-15,0.08,29.94,17.48,24.84
2013-12-16,0.13,29.47,16.97,26.19
2013-12-17,0.29,27.77,15.3,27.95
2013-12-18,0.11,28.96,13.33,31.42
2013-12-19,1.73,28.17,16.19,25.68
2013-12-20,0.7,28.78,17.16,26.04
2013-12-21,2.3,28.33,16.24,27.81
2013-12-22,4.71,27.86,16.19,20.01
2013-12-23,1.07,28.61,16.74,21.14
2013-12-24,0.03,30.93,16.69,24.85
2013-12-25,2.16,30.84,18.09,22.24
2013-12-26,0.36,32.75,19.99,25.3
2013-12-27,1.14,32.37,20.82,23.07
2013-12-28,7.45,28.68,20.91,9.17
2013-12-29,5.47,24.86,20.3,20.41
2013-12-30,0.97,29.14,19.3,15.32
2013-12-31,6.31,30.6,20.13,21.59
2014-01-01,20.85,28.55,20.97,16.56
2014-01-02,8.47,27.84,19.67,23.16
2014-01-03,14.86,26.25,21.23,16.52
2014-01-04,8.05,25.59,17.53,16.84
2014-01-05,2.56,23.04,16.92,15.76
2014-01-06,2.79,25.73,18.24,15.23
2014-01-07,0.61,27.76,17.69,26.19
2014-01-08,4.08,27.39,18.87,23.85
2014-01-09,4.57,25.42,18.18,18.66
2014-01-10,1.31,29.37,17.66,27.25
2014-01-11,7.44,28.39,18.86,20.02
2014-01-12,27.11,25.18,19.41,17.36
2014-01-13,5.94,22.88,17.43,13.21
2014-01-14,0.94,26.15,16.3,19.22
2014-01-15,5.62,24.74,17.0,16.32
2014-01-16,6.68,21.73,18.03,13.31
2014-01-17,1.2,27.14,16.62,23.79
2014-01-18,0.11,26.88,16.16,30.74
2014-01-19,0.2,27.87,16.02,30.57
2014-01-20,0.18,29.5,14.59,31.46
2014-01-21,0.26,31.22,16.6,26.63
2014-01-22,0.69,30.55,19.92,25.0
2014-01-23,3.36,30.6,20.57,21.7
2014-01-24,1.14,31.19,20.21,23.94
2014-01-25,1.99,31.46,20.27,25.38
2014-01-26,2.2,31.53,20.33,25.78
2014-01-27,0.73,33.02,20.21,25.93
2014-01-28,0.55,33.11,19.57,29.25
2014-01-29,0.36,33.37,19.58,28.38
2014-01-30,0.1,34.05,19.08,27.85
2014-01-31,0.45,35.19,19.57,27.44
2014-02-01,0.05,35.58,19.56,29.71
2014-02-02,0.0,33.18,19.6,27.9
2014-02-03,0.0,33.58,21.15,27.24
2014-02-04,0.47,32.92,21.07,25.07
2014-02-05,1.9,34.19,20.59,25.14
2014-02-06,0.03,35.89,19.54,27.81
2014-02-07,0.07,35.4,19.53,28.8
2014-02-08,1.96,35.61,21.26,25.91
2014-02-09,1.42,34.49,19.99,28.21
2014-02-10,0.04,35.57,18.17,27.99
2014-02-11,0.0,34.88,18.62,28.62
2014-02-12,0.48,30.03,18.64,21.66
2014-02-13,3.26,31.36,20.93,16.81
2014-02-14,24.75,29.62,16.52,14.49
2014-02-15,27.42,19.55,16.54,7.94
2014-02-16,6.47,23.12,16.93,12.55
2014-02-17,1.79,26.46,16.95,20.35
2014-02-18,0.81,26.3,17.15,20.52
2014-02-19,0.09,26.87,15.74,24.29
2014-02-20,0.02,28.2,15.7,23.79
2014-02-21,8.27,28.27,17.67,18.09
2014-02-22,4.18,26.11,18.86,8.46
2014-02-23,7.42,26.6,18.23,7.67
2014-02-24,4.25,25.28,18.03,16.01
2014-02-25,1.92,28.11,16.93,18.27
2014-02-26,1.01,30.26,17.52,21.77
2014-02-27,11.48,27.49,19.23,16.55
2014-02-28,3.68,27.2,18.71,9.63
2014-03-01,0.47,28.1,17.64,21.94
2014-03-02,0.07,28.47,17.49,21.05
2014-03-03,0.02,27.38,17.24,15.48
2014-03-04,14.03,26.47,18.2,14.18
2014-03-05,4.72,24.08,18.36,10.63
2014-03-06,3.15,28.37,17.37,21.07
2014-03-07,1.1,26.95,17.16,14.97
2014-03-08,6.98,27.19,17.15,20.93
2014-03-09,3.58,27.72,16.39,20.92
2014-03-10,3.0,29.02,16.8,24.19
2014-03-11,3.99,25.7,18.83,17.34
2014-03-12,12.22,23.39,17.93,7.69
2014-03-13,8.83,25.55,17.31,9.85
2014-03-14,2.16,28.05,18.2,22.75
2014-03-15,0.33,29.47,17.84,21.75
2014-03-16,0.16,28.27,19.57,21.36
2014-03-17,2.09,30.01,18.51,22.34
2014-03-18,2.18,30.35,18.32,19.09
2014-03-19,5.49,28.77,19.24,20.58
2014-03-20,11.5,24.77,18.77,9.63
2014-03-21,11.58,24.4,19.35,4.01
2014-03-22,1.9,26.89,17.63,13.48
2014-03-23,0.72,22.94,14.07,10.11
2014-03-24,0.22,25.0,13.77,13.2
2014-03-25,0.09,25.78,15.08,17.98
2014-03-26,0.57,24.96,15.68,15.37
2014-03-27,0.71,26.88,16.01,18.04
2014-03-28,0.08,27.97,16.96,19.17
2014-03-29,0.41,27.66,17.38,19.4
2014-03-30,10.16,22.17,18.65,5.11
2014-03-31,2.61,27.24,18.53,11.17
2014-04-01,0.43,29.08,19.53,15.71
2014-04-02,2.0,27.34,17.84,17.89
2014-04-03,3.62,26.69,17.15,12.6
2014-04-04,0.9,27.15,17.83,12.57
2014-04-05,0.04,28.11,17.41,21.89
2014-04-06,0.0,29.21,16.38,21.66
2014-04-07,0.0,30.2,17.02,18.34
2014-04-08,1.91,30.46,17.85,16.04
2014-04-09,2.54,28.74,19.46,4.1
2014-04-10,0.27,28.96,18.11,14.19
2014-04-11,0.14,29.16,18.0,15.39
2014-04-12,22.31,25.37,19.19,7.92
2014-04-13,3.39,24.56,17.27,8.52
2014-04-14,0.73,19.87,14.59,7.33
2014-04-15,11.43,20.84,14.02,3.93
2014-04-16,1.53,23.35,13.93,12.44
2014-04-17,1.5,25.5,15.3,15.75
2014-04-18,0.99,26.68,15.87,16.1
2014-04-19,5.18,26.43,16.79,10.51
2014-04-20,0.95,26.09,17.13,14.57
2014-04-21,5.28,24.21,16.17,14.38
2014-04-22,2.64,22.1,17.3,9.57
2014-04-23,2.04,22.69,15.39,10.0
2014-04-24,1.33,19.29,14.37,11.06
2014-04-25,0.19,23.33,13.72,13.11
2014-04-26,0.17,21.37,13.2,13.25
2014-04-27,0.81,20.56,12.35,14.8
2014-04-28,0.68,20.85,12.54,13.35
2014-04-29,0.01,22.63,11.66,17.51
2014-04-30,0.06,23.67,11.52,12.24
2014-05-01,5.5,21.53,14.88,7.08
2014-05-02,0.0,25.15,11.88,17.69
2014-05-03,0.0,25.36,13.09,15.11
2014-05-04,0.01,25.91,13.45,16.14
2014-05-05,0.04,22.78,15.72,10.57
2014-05-06,0.01,26.6,15.06,12.72
2014-05-07,0.0,27.52,14.49,15.73
2014-05-08,0.1,26.76,13.1,15.94
2014-05-09,0.41,25.05,14.16,15.55
2014-05-10,0.43,21.03,12.18,11.3
2014-05-11,0.56,20.9,12.7,12.81
2014-05-12,0.06,23.58,12.21,14.66
2014-05-13,0.01,25.15,11.39,14.51
2014-05-14,3.13,23.19,14.73,7.02
2014-05-15,0.73,25.42,13.43,13.4
2014-05-16,0.06,25.5,13.19,11.57
2014-05-17,0.0,24.49,13.96,11.19
2014-05-18,0.06,25.11,14.42,11.06
2014-05-19,0.02,25.47,13.97,13.63
2014-05-20,0.08,25.34,13.18,13.9
2014-05-21,0.25,25.2,11.32,13.77
2014-05-22,23.27,22.4,14.63,3.09
2014-05-23,26.21,18.35,11.9,2.79
2014-05-24,6.05,13.96,10.64,6.44
2014-05-25,19.33,15.56,10.79,2.81
2014-05-26,12.1,17.29,9.57,10.94
2014-05-27,0.2,17.01,9.15,8.36
2014-05-28,0.04,18.24,9.65,12.17
2014-05-29,0.0,18.12,10.8,7.12
2014-05-30,0.0,19.16,11.19,13.75
2014-05-31,2.25,20.32,11.54,8.83
2014-06-01,4.48,21.33,12.95,7.47
2014-06-02,0.01,17.17,6.98,16.42
2014-06-03,0.07,17.5,4.53,15.66
2014-06-04,0.02,19.03,5.25,15.22
2014-06-05,35.29,21.13,9.31,8.13
2014-06-06,77.69,19.26,16.87,3.52
2014-06-07,3.79,19.46,17.28,5.86
2014-06-08,0.41,23.12,15.9,10.12
2014-06-09,5.19,20.0,12.92,6.92
2014-06-10,0.07,18.31,12.35,5.65
2014-06-11,0.27,19.03,12.03,8.55
2014-06-12,0.08,21.81,13.69,13.58
2014-06-13,0.0,22.44,13.36,14.41
2014-06-14,0.22,22.48,12.52,8.18
2014-06-15,0.97,21.32,14.46,5.89
2014-06-16,0.15,22.76,13.5,9.22
2014-06-17,9.32,21.77,12.99,12.83
2014-06-18,10.14,20.79,10.91,8.46
2014-06-19,1.2,13.91,9.24,5.4
2014-06-20,0.0,16.47,8.87,5.04
2014-06-21,0.0,16.63,8.9,10.71
2014-06-22,0.02,19.88,10.59,12.96
2014-06-23,0.07,21.91,12.19,13.51
2014-06-24,0.0,22.41,10.66,13.25
2014-06-25,0.01,21.81,12.72,11.62
2014-06-26,0.03,21.17,12.38,12.34
2014-06-27,0.06,22.15,12.8,10.22
2014-06-28,6.48,19.32,13.13,9.21
2014-06-29,8.4,17.41,10.48,10.05
2014-06-30,0.02,16.97,6.15,16.14
2014-07-01,0.0,17.18,2.94,16.08
2014-07-02,0.05,21.18,10.36,11.65
2014-07-03,0.0,24.07,12.57,13.09
2014-07-04,0.0,24.8,14.09,14.04
2014-07-05,0.0,23.93,12.72,13.6
2014-07-06,0.0,20.76,12.84,11.58
2014-07-07,0.83,20.73,11.45,10.18
2014-07-08,1.9,17.85,11.78,6.91
2014-07-09,5.69,16.43,10.82,4.43
2014-07-10,3.62,16.61,11.38,6.17
2014-07-11,0.38,18.15,11.0,7.56
2014-07-12,0.71,19.01,11.34,10.3
2014-07-13,0.41,19.28,12.11,11.73
2014-07-14,0.06,19.26,11.71,12.5
2014-07-15,0.01,19.69,11.82,13.66
2014-07-16,0.05,20.41,11.95,11.09
2014-07-17,1.75,22.63,11.52,12.29
2014-07-18,11.65,17.7,8.31,7.73
2014-07-19,0.0,16.6,4.74,17.24
2014-07-20,0.0,17.91,4.88,16.68
2014-07-21,0.0,18.91,7.3,16.64
2014-07-22,0.0,22.17,9.47,16.23
2014-07-23,0.49,22.86,10.13,14.89
2014-07-24,22.94,16.41,9.98,2.24
2014-07-25,0.28,16.55,6.82,14.47
2014-07-26,0.0,17.62,6.16,14.43
2014-07-27,0.11,15.02,9.32,7.86
2014-07-28,0.14,16.9,10.02,7.55
2014-07-29,0.29,18.81,11.16,7.85
2014-07-30,0.09,20.99,11.14,11.71
2014-07-31,0.03,21.57,10.02,16.4
2014-08-01,0.11,23.49,11.17,16.56
2014-08-02,1.86,23.99,10.87,17.47
2014-08-03,0.0,24.27,11.93,16.87
2014-08-04,0.0,24.69,12.35,17.72
2014-08-05,0.0,18.24,8.23,17.71
2014-08-06,0.0,20.5,8.1,18.92
2014-08-07,0.0,23.87,8.29,18.09
2014-08-08,0.58,23.44,11.1,8.1
2014-08-09,0.39,21.11,10.48,7.85
2014-08-10,0.0,20.36,11.59,12.78
2014-08-11,0.0,24.37,9.84,18.23
2014-08-12,0.26,26.26,11.48,18.19
2014-08-13,8.34,16.71,6.99,3.9
2014-08-14,0.03,15.71,4.68,11.94
2014-08-15,2.63,16.77,9.09,7.75
2014-08-16,6.15,21.88,12.04,4.67
2014-08-17,1.64,19.0,13.27,10.6
2014-08-18,0.07,23.93,12.11,13.16
2014-08-19,0.0,22.74,11.18,19.66
2014-08-20,0.0,22.93,9.69,20.43
2014-08-21,0.0,25.08,10.69,20.48
2014-08-22,0.0,26.22,13.12,20.01
2014-08-23,0.0,26.87,11.57,19.91
2014-08-24,0.0,26.7,11.29,20.46
2014-08-25,0.08,27.45,12.49,19.68
2014-08-26,2.36,22.92,11.13,17.98
2014-08-27,0.0,21.37,6.68,22.14
2014-08-28,1.3,22.45,6.39,15.79
2014-08-29,0.0,22.35,9.01,13.16
2014-08-30,0.0,26.29,9.73,18.97
2014-08-31,17.42,26.52,12.13,8.36
2014-09-01,0.17,25.28,14.35,19.98
2014-09-02,19.33,24.3,14.87,16.21
2014-09-03,0.12,25.13,13.84,16.88
2014-09-04,0.41,19.17,12.17,15.3
2014-09-05,0.23,18.89,11.61,16.62
2014-09-06,0.86,23.97,10.81,21.0
2014-09-07,1.58,20.33,12.19,7.23
2014-09-08,0.15,26.34,14.0,20.46
2014-09-09,0.0,27.01,13.34,23.09
2014-09-10,0.0,27.67,11.87,22.86
2014-09-11,0.08,30.15,13.72,21.31
2014-09-12,0.09,28.59,14.14,21.86
2014-09-13,0.0,28.42,13.51,23.96
2014-09-14,0.0,29.27,12.2,23.13
2014-09-15,0.06,28.93,13.4,7.8
2014-09-16,0.02,27.17,12.79,24.24
2014-09-17,0.0,27.18,11.92,19.18
2014-09-18,7.83,29.08,11.45,13.8
2014-09-19,11.09,23.82,14.59,4.5
2014-09-20,24.31,22.63,15.78,5.77
2014-09-21,0.44,22.91,13.46,25.03
2014-09-22,0.01,20.88,11.6,23.37
2014-09-23,0.01,25.58,10.45,24.44
2014-09-24,18.37,25.94,12.37,5.06
2014-09-25,16.37,21.71,12.14,7.01
2014-09-26,13.96,23.92,16.77,3.36
2014-09-27,8.96,18.97,13.55,4.46
2014-09-28,7.75,22.82,13.2,3.7
2014-09-29,6.0,25.87,16.13,7.9
2014-09-30,14.91,26.35,17.36,18.59
2014-10-01,0.83,26.11,16.44,16.06
2014-10-02,0.06,20.15,12.41,18.2
2014-10-03,0.1,18.33,10.67,16.13
2014-10-04,0.16,17.4,10.18,15.41
2014-10-05,0.05,19.91,10.7,22.6
2014-10-06,0.01,22.63,10.97,22.67
2014-10-07,0.0,24.7,11.89,23.14
2014-10-08,0.0,26.01,12.93,23.69
2014-10-09,0.0,27.93,12.82,26.57
2014-10-10,0.0,29.46,13.52,27.17
2014-10-11,0.0,31.66,15.15,25.53
2014-10-12,0.0,32.58,16.76,25.5
2014-10-13,0.06,33.98,20.41,25.65
2014-10-14,0.09,32.65,17.14,19.33
2014-10-15,0.1,31.01,17.22,11.59
2014-10-16,0.02,33.62,16.54,22.45
2014-10-17,5.74,34.87,17.76,22.66
2014-10-18,0.32,30.48,17.8,15.33
2014-10-19,5.81,31.49,18.18,19.22
2014-10-20,0.03,29.19,15.51,6.75
2014-10-21,0.04,22.55,12.41,20.51
2014-10-22,0.06,24.26,12.35,14.18
2014-10-23,0.01,28.64,12.16,21.55
2014-10-24,2.87,30.49,14.76,17.81
2014-10-25,1.97,23.8,16.68,14.36
2014-10-26,8.09,28.2,17.39,19.16
2014-10-27,0.9,28.22,15.32,25.78
2014-10-28,0.0,27.91,12.54,30.51
2014-10-29,0.0,29.92,11.89,29.97
2014-10-30,0.02,32.58,15.22,28.85
2014-10-31,0.13,31.06,19.21,23.15
2014-11-01,0.89,30.93,19.03,22.11
2014-11-02,2.03,29.46,18.87,16.35
2014-11-03,1.05,31.04,18.61,19.73
2014-11-04,21.14,26.11,19.79,11.23
2014-11-05,5.31,25.25,15.2,11.08
2014-11-06,9.25,28.15,14.91,22.21
2014-11-07,6.93,26.0,16.3,10.92
2014-11-08,1.47,24.41,17.09,16.63
2014-11-09,0.06,26.85,15.25,24.82
2014-11-10,0.0,27.1,13.38,30.31
2014-11-11,0.24,28.06,12.27,29.19
2014-11-12,0.0,27.53,14.56,19.18
2014-11-13,7.98,29.78,15.72,20.24
2014-11-14,11.03,22.09,13.27,8.72
2014-11-15,0.12,23.67,11.87,21.2
2014-11-16,0.0,26.12,11.89,30.97
2014-11-17,0.0,25.44,12.21,32.39
2014-11-18,0.0,27.72,10.88,30.58
2014-11-19,7.93,27.5,14.06,23.35
2014-11-20,11.53,26.58,15.94,17.69
2014-11-21,10.07,27.99,17.22,18.66
2014-11-22,9.06,23.83,18.94,13.56
2014-11-23,8.12,27.79,17.06,16.55
2014-11-24,3.55,25.65,16.13,16.05
2014-11-25,11.86,24.38,17.45,10.15
2014-11-26,0.81,27.83,17.92,19.82
2014-11-27,0.33,27.12,18.29,20.88
2014-11-28,0.05,21.79,16.61,18.0
2014-11-29,0.12,25.65,15.93,16.46
2014-11-30,0.2,28.47,16.19,14.14
2014-12-01,0.06,30.43,17.11,20.1
2014-12-02,0.02,30.79,18.98,26.48
2014-12-03,1.8,30.65,19.35,17.21
2014-12-04,8.07,25.67,15.82,8.53
2014-12-05,0.93,25.96,14.88,26.05
2014-12-06,0.07,28.99,13.97,23.05
2014-12-07,0.52,30.13,16.85,25.7
2014-12-08,2.32,28.25,18.05,19.33
2014-12-09,7.87,24.67,18.21,15.85
2014-12-10,8.37,23.18,18.05,17.03
2014-12-11,6.94,29.14,18.51,18.98
2014-12-12,31.52,26.81,19.19,20.48
2014-12-13,13.17,26.99,19.21,17.97
2014-12-14,1.03,26.83,16.49,22.96
2014-12-15,0.1,25.17,14.87,22.85
2014-12-16,0.02,26.08,14.47,29.02
2014-12-17,0.01,28.52,14.48,27.16
2014-12-18,0.87,28.33,17.67,22.55
2014-12-19,8.87,29.01,17.93,23.36
2014-12-20,0.8,29.78,18.95,26.76
2014-12-21,5.6,26.65,20.56,15.17
2014-12-22,31.03,25.18,16.68,4.3
2014-12-23,14.82,21.55,14.48,10.75
2014-12-24,4.55,19.99,14.37,10.12
2014-12-25,7.81,27.15,14.99,20.5
2014-12-26,8.66,28.34,18.12,21.12
2014-12-27,1.18,28.37,19.35,21.44
2014-12-28,3.32,28.86,20.59,22.28
2014-12-29,6.57,24.65,19.66,13.24
2014-12-30,2.68,27.58,19.1,22.99
2014-12-31,4.17,27.83,19.14,17.27
2015-01-01,6.09,28.84,19.36,22.37
2015-01-02,3.57,27.08,20.29,22.41
2015-01-03,9.96,26.28,19.8,17.09
2015-01-04,8.53,25.18,18.78,12.87
2015-01-05,7.58,27.5,18.85,23.27
2015-01-06,5.82,27.69,18.65,24.17
2015-01-07,4.4,25.94,19.32,20.4
2015-01-08,3.09,26.94,19.28,21.1
2015-01-09,4.93,29.77,19.01,25.68
2015-01-10,3.87,28.3,19.76,22.07
2015-01-11,2.23,31.14,19.39,26.88
2015-01-12,0.92,29.08,21.62,26.39
2015-01-13,5.22,29.03,19.86,25.62
2015-01-14,3.66,29.71,19.99,22.34
2015-01-15,0.06,31.41,17.37,26.53
2015-01-16,0.7,31.53,20.05,26.99
2015-01-17,0.46,29.48,20.54,23.78
2015-01-18,0.92,31.4,20.32,24.59
2015-01-19,1.61,31.73,20.68,25.46
2015-01-20,3.12,32.93,19.91,23.4
2015-01-21,1.04,31.86,19.17,25.56
2015-01-22,0.86,27.95,17.55,23.45
2015-01-23,0.14,28.72,16.43,24.72
2015-01-24,0.14,29.58,17.25,26.11
2015-01-25,1.81,28.59,18.79,24.32
2015-01-26,1.09,28.84,18.79,22.59
2015-01-27,3.84,28.59,19.15,17.8
2015-01-28,15.24,26.81,18.44,13.06
2015-01-29,3.46,27.47,19.48,14.92
2015-01-30,5.69,22.32,17.22,8.35
2015-01-31,1.9,26.26,16.41,14.85
2015-02-01,0.46,29.4,17.1,18.74
2015-02-02,0.58,29.91,18.06,22.31
2015-02-03,5.92,29.72,18.25,22.86
2015-02-04,15.15,20.66,18.25,13.88
2015-02-05,15.18,25.62,17.31,18.72
2015-02-06,7.74,25.29,16.15,23.43
2015-02-07,10.03,26.11,15.57,24.3
2015-02-08,4.48,27.53,16.99,26.31
2015-02-09,1.32,28.54,16.72,24.06
2015-02-10,3.02,29.41,19.24,20.04
2015-02-11,1.15,29.36,20.02,21.42
2015-02-12,2.44,26.94,20.95,18.72
2015-02-13,9.99,29.27,20.38,17.11
2015-02-14,40.02,23.44,18.75,11.71
2015-02-15,27.67,21.28,16.06,8.09
2015-02-16,5.06,22.97,15.54,10.51
2015-02-17,14.27,21.51,16.94,8.24
2015-02-18,15.35,24.7,16.89,14.71
2015-02-19,10.66,23.95,19.32,17.78
2015-02-20,14.5,24.62,19.95,14.89
2015-02-21,21.56,25.7,19.43,21.26
2015-02-22,0.01,25.99,18.77,26.7
2015-02-23,1.33,26.96,18.35,23.06
2015-02-24,5.8,24.89,17.45,15.87
2015-02-25,3.4,27.08,16.33,20.35
2015-02-26,6.81,26.8,18.78,23.79
2015-02-27,5.69,27.24,18.66,21.92
2015-02-28,5.51,24.12,17.37,12.35
2015-03-01,0.57,24.33,16.25,25.22
2015-03-02,0.04,26.3,15.97,20.08
2015-03-03,0.01,26.81,17.14,25.2
2015-03-04,0.51,27.55,18.25,23.6
2015-03-05,15.07,27.18,19.21,17.27
2015-03-06,47.23,24.92,19.3,10.82
2015-03-07,20.92,22.84,17.94,15.24
2015-03-08,11.15,23.78,17.83,8.53
2015-03-09,13.17,21.61,18.13,10.95
2015-03-10,1.99,24.01,17.04,16.82
2015-03-11,3.8,25.39,17.25,13.65
2015-03-12,6.0,25.39,17.91,22.56
2015-03-13,1.19,24.47,17.87,17.36
2015-03-14,11.12,23.63,18.19,11.33
2015-03-15,2.95,25.94,17.15,20.95
2015-03-16,4.07,25.58,18.21,15.97
2015-03-17,0.7,25.3,17.65,16.15
2015-03-18,1.4,23.48,17.84,13.44
2015-03-19,8.97,22.31,17.62,9.57
2015-03-20,2.67,22.97,16.75,13.53
2015-03-21,9.41,23.01,17.0,11.72
2015-03-22,1.81,24.26,15.8,14.65
2015-03-23,1.0,23.68,14.94,15.24
2015-03-24,0.05,23.82,15.18,19.25
2015-03-25,0.0,23.84,14.97,20.09
2015-03-26,0.31,24.9,15.04,21.71
2015-03-27,3.48,26.09,17.55,16.02
2015-03-28,17.68,25.32,18.35,11.59
2015-03-29,7.32,23.07,17.05,8.89
2015-03-30,3.08,24.53,16.49,14.04
2015-03-31,0.25,24.6,16.22,23.51
2015-04-01,0.39,24.33,14.04,18.41
2015-04-02,0.0,24.12,15.55,19.19
2015-04-03,0.0,23.13,15.05,22.94
2015-04-04,0.7,25.08,15.01,18.79
2015-04-05,1.61,26.12,16.92,11.66
2015-04-06,0.32,22.29,15.19,13.7
2015-04-07,0.2,20.35,13.28,14.38
2015-04-08,0.13,21.51,11.85,16.87
2015-04-09,0.22,23.3,14.0,18.95
2015-04-10,0.06,23.95,14.77,20.03
2015-04-11,0.0,24.35,14.87,21.17
2015-04-12,0.0,25.0,14.61,18.89
2015-04-13,0.0,24.4,14.58,19.12
2015-04-14,0.06,23.85,15.02,15.91
2015-04-15,2.53,25.82,15.95,13.31
2015-04-16,2.97,25.64,17.37,15.15
2015-04-17,1.44,25.03,16.21,15.87
2015-04-18,0.28,25.8,17.06,14.1
2015-04-19,5.13,25.93,18.24,10.95
2015-04-20,4.72,26.61,18.77,15.02
2015-04-21,10.19,24.54,16.44,9.32
2015-04-22,34.09,20.06,15.02,4.79
2015-04-23,1.5,23.0,14.78,9.82
2015-04-24,0.29,24.42,15.17,16.04
2015-04-25,0.15,21.73,14.09,18.6
2015-04-26,0.58,21.95,13.2,16.21
2015-04-27,0.19,22.86,13.92,16.55
2015-04-28,0.21,23.16,14.58,16.25
2015-04-29,0.49,20.6,13.7,11.14
2015-04-30,0.06,20.22,12.9,10.64
2015-05-01,0.0,21.29,11.46,18.03
2015-05-02,0.0,22.25,12.06,18.44
2015-05-03,5.59,23.77,12.23,11.66
2015-05-04,31.04,23.74,17.06,9.03
2015-05-05,0.11,21.13,14.0,9.32
2015-05-06,0.03,21.17,12.74,14.69
2015-05-07,0.04,20.15,11.8,14.68
2015-05-08,0.01,15.76,10.78,12.21
2015-05-09,1.33,21.87,10.15,16.16
2015-05-10,14.61,18.94,13.02,2.07
2015-05-11,6.08,19.97,12.99,12.44
2015-05-12,0.47,20.13,10.02,10.2
2015-05-13,0.22,19.04,12.47,13.37
2015-05-14,0.41,20.13,13.04,11.06
2015-05-15,0.1,18.76,13.61,12.12
2015-05-16,0.01,20.39,12.19,12.86
2015-05-17,0.0,20.78,12.58,10.42
2015-05-18,0.8,20.93,14.02,7.41
2015-05-19,1.17,20.96,12.94,10.76
2015-05-20,0.9,20.42,14.06,9.83
2015-05-21,0.1,22.19,14.65,10.5
2015-05-22,0.0,22.98,14.87,14.04
2015-05-23,0.0,23.49,12.95,14.81
2015-05-24,1.9,24.54,15.04,11.67
2015-05-25,4.21,24.88,16.84,8.35
2015-05-26,11.35,22.73,16.61,7.8
2015-05-27,3.88,22.16,16.18,11.75
2015-05-28,2.08,18.43,13.15,6.64
2015-05-29,0.09,18.93,11.34,14.08
2015-05-30,0.13,18.32,9.42,5.92
2015-05-31,2.59,18.46,11.05,5.66
2015-06-01,0.01,19.82,11.35,7.47
2015-06-02,0.0,19.42,11.24,8.54
2015-06-03,0.01,20.68,10.95,7.18
2015-06-04,0.0,22.07,11.53,12.42
2015-06-05,0.01,21.73,11.74,14.27
2015-06-06,0.0,22.17,10.11,13.84
2015-06-07,0.01,22.89,13.3,11.08
2015-06-08,0.0,22.85,11.96,13.3
2015-06-09,0.0,22.94,11.68,14.9
2015-06-10,0.0,23.75,12.98,13.39
2015-06-11,0.8,23.76,13.09,14.7
2015-06-12,10.72,16.23,12.92,3.24
2015-06-13,0.55,23.28,12.77,12.45
2015-06-14,1.54,24.15,14.16,11.52
2015-06-15,10.22,17.56,7.19,5.28
2015-06-16,0.04,16.78,4.43,13.36
2015-06-17,0.0,21.88,8.51,7.47
2015-06-18,2.76,23.94,11.12,9.54
2015-06-19,0.17,13.12,7.29,6.55
2015-06-20,0.06,15.99,8.14,9.83
2015-06-21,0.01,21.0,10.05,12.05
2015-06-22,0.01,22.14,10.82,13.51
2015-06-23,0.03,22.48,12.06,13.32
2015-06-24,0.04,15.41,10.17,6.41
2015-06-25,0.18,16.36,10.87,8.41
2015-06-26,0.31,18.22,12.02,9.69
2015-06-27,0.07,19.05,11.48,12.39
2015-06-28,0.0,18.68,9.8,13.29
2015-06-29,0.0,20.44,8.66,12.87
2015-06-30,5.08,21.5,12.03,12.31
2015-07-01,3.02,20.8,13.17,10.11
2015-07-02,7.08,15.78,12.17,4.08
2015-07-03,15.08,18.88,14.19,3.98
2015-07-04,2.43,17.28,9.45,8.73
2015-07-05,0.13,14.49,8.01,6.56
2015-07-06,0.31,17.49,9.53,8.06
2015-07-07,2.94,18.05,13.35,3.69
2015-07-08,12.41,18.14,12.85,3.5
2015-07-09,0.23,18.12,9.79,8.85
2015-07-10,13.55,20.18,8.97,10.83
2015-07-11,8.37,20.57,13.15,8.42
2015-07-12,15.26,21.59,12.92,4.43
2015-07-13,1.28,22.62,14.17,11.67
2015-07-14,7.02,23.71,17.18,13.18
2015-07-15,2.9,19.95,15.26,7.02
2015-07-16,6.1,20.65,14.67,5.0
2015-07-17,9.95,20.29,14.15,2.59
2015-07-18,0.34,22.12,12.71,14.51
2015-07-19,0.01,21.97,13.04,15.27
2015-07-20,0.0,21.53,13.06,12.49
2015-07-21,4.17,19.14,11.92,11.02
2015-07-22,0.13,15.93,10.47,8.82
2015-07-23,0.11,18.15,10.57,8.4
2015-07-24,5.62,20.87,12.65,4.54
2015-07-25,0.3,19.35,10.97,14.06
2015-07-26,0.0,19.86,10.16,14.23
2015-07-27,0.01,20.0,9.63,15.54
2015-07-28,0.0,20.47,8.84,16.22
2015-07-29,0.0,21.83,10.46,16.68
2015-07-30,0.0,21.98,10.84,17.1
2015-07-31,0.02,22.89,10.18,16.51
2015-08-01,0.0,23.52,13.09,16.79
2015-08-02,0.0,23.23,11.33,17.04
2015-08-03,0.0,24.12,11.42,17.72
2015-08-04,0.0,24.16,14.56,16.66
2015-08-05,0.0,23.38,12.02,12.53
2015-08-06,0.0,23.97,11.72,16.39
2015-08-07,0.0,24.56,10.49,17.52
2015-08-08,0.0,25.27,12.1,17.33
2015-08-09,0.0,24.02,14.15,16.06
2015-08-10,0.0,24.39,14.65,17.85
2015-08-11,0.03,25.18,13.35,18.22
2015-08-12,0.03,23.96,13.44,18.9
2015-08-13,0.0,24.87,11.68,18.81
2015-08-14,0.0,23.66,12.08,18.34
2015-08-15,0.01,24.5,11.33,18.41
2015-08-16,0.0,25.23,12.38,18.3
2015-08-17,0.0,24.94,13.86,18.89
2015-08-18,0.51,22.42,14.19,13.56
2015-08-19,1.9,22.21,11.16,17.03
2015-08-20,0.08,20.07,9.6,16.09
2015-08-21,0.03,19.97,10.85,17.63
2015-08-22,0.01,24.07,10.96,19.03
2015-08-23,3.93,25.6,12.88,11.69
2015-08-24,5.63,20.68,11.23,4.47
2015-08-25,7.73,17.83,10.8,6.45
2015-08-26,5.94,23.09,12.63,13.17
2015-08-27,8.75,23.17,13.26,6.33
2015-08-28,0.01,22.11,10.25,20.98
2015-08-29,0.04,23.07,9.92,21.33
2015-08-30,0.02,26.36,13.04,21.78
2015-08-31,0.02,27.43,14.46,21.92
2015-09-01,0.1,27.84,14.03,20.95
2015-09-02,0.63,22.04,11.9,13.13
2015-09-03,3.75,26.53,11.34,9.89
2015-09-04,3.05,21.75,13.37,6.42
2015-09-05,0.75,20.75,12.21,15.33
2015-09-06,2.02,18.12,12.18,5.85
2015-09-07,33.57,23.77,13.33,13.8
2015-09-08,37.22,20.58,13.5,2.96
2015-09-09,0.11,22.31,11.56,18.97
2015-09-10,29.73,21.74,13.14,5.85
2015-09-11,5.09,22.56,12.25,9.52
2015-09-12,0.92,18.23,11.04,10.05
2015-09-13,0.01,18.98,10.6,17.42
2015-09-14,0.0,20.16,10.02,23.85
2015-09-15,0.0,25.47,11.31,19.26
2015-09-16,1.2,27.88,14.27,21.75
2015-09-17,0.7,28.3,17.98,19.75
2015-09-18,0.04,29.81,17.98,22.72
2015-09-19,0.0,30.08,17.12,23.09
2015-09-20,0.0,28.97,16.78,23.05
2015-09-21,0.0,29.09,16.12,24.56
2015-09-22,0.0,30.11,15.51,24.01
2015-09-23,0.0,30.72,15.45,24.92
2015-09-24,0.01,32.35,15.44,23.6
2015-09-25,1.81,31.35,19.66,14.58
2015-09-26,14.04,25.1,15.84,7.93
2015-09-27,11.32,25.16,17.84,12.71
2015-09-28,5.31,23.71,15.27,21.5
2015-09-29,0.37,25.43,14.05,19.92
2015-09-30,3.49,24.59,17.56,9.1
2015-10-01,0.51,26.3,15.51,12.87
2015-10-02,12.35,27.57,16.06,18.32
2015-10-03,6.26,22.07,17.31,9.38
2015-10-04,0.37,24.83,15.91,15.5
2015-10-05,0.12,23.61,13.66,14.16
2015-10-06,0.02,25.85,11.95,22.93
2015-10-07,0.0,29.05,13.95,24.37
2015-10-08,28.51,30.03,16.33,22.51
2015-10-09,24.24,25.47,18.25,6.94
2015-10-10,1.24,23.54,17.92,11.46
2015-10-11,24.02,23.49,17.2,5.38
2015-10-12,10.55,21.57,14.82,5.93
2015-10-13,0.91,23.55,13.17,14.69
2015-10-14,0.36,27.77,14.25,18.68
2015-10-15,0.04,29.74,16.94,23.49
2015-10-16,1.14,30.31,18.94,21.87
2015-10-17,0.95,26.56,14.04,14.17
2015-10-18,0.13,22.61,11.93,11.3
2015-10-19,0.1,26.78,11.95,20.66
2015-10-20,3.55,26.97,14.33,22.59
2015-10-21,7.81,30.56,19.8,19.61
2015-10-22,23.96,28.02,18.54,13.25
2015-10-23,3.95,25.07,16.46,12.78
2015-10-24,0.23,23.82,14.46,12.83
2015-10-25,1.93,22.26,13.65,12.29
2015-10-26,6.11,25.66,13.76,12.36
2015-10-27,3.27,26.25,16.8,16.17
2015-10-28,1.7,25.92,16.76,16.73
2015-10-29,1.29,25.17,15.82,23.25
2015-10-30,1.6,26.8,15.19,21.75
2015-10-31,11.54,21.76,17.69,6.28
2015-11-01,8.15,19.68,14.72,6.7
2015-11-02,4.31,23.16,14.67,7.58
2015-11-03,11.68,24.94,14.58,9.09
2015-11-04,10.95,25.35,16.68,9.88
2015-11-05,6.84,26.66,15.76,13.54
2015-11-06,2.96,23.3,14.13,12.77
2015-11-07,0.69,24.55,13.51,15.18
2015-11-08,0.61,26.1,14.52,10.13
2015-11-09,4.08,27.36,17.36,22.08
2015-11-10,9.42,27.42,18.39,19.69
2015-11-11,2.55,25.15,19.21,20.22
2015-11-12,2.54,26.78,18.69,22.32
2015-11-13,3.93,28.41,18.61,16.85
2015-11-14,4.09,26.52,19.43,23.81
2015-11-15,13.89,24.76,18.01,17.75
2015-11-16,9.41,24.54,15.66,8.28
2015-11-17,10.71,26.97,16.26,12.8
2015-11-18,1.06,27.08,18.39,20.35
2015-11-19,4.94,26.46,18.62,19.07
2015-11-20,22.9,25.96,17.58,20.46
2015-11-21,0.18,25.56,16.46,17.22
2015-11-22,9.23,25.84,15.4,15.74
2015-11-23,18.13,25.73,17.76,5.26
2015-11-24,15.78,24.32,16.45,7.35
2015-11-25,3.58,25.09,17.05,10.76
2015-11-26,0.29,25.96,16.68,19.04
2015-11-27,4.1,26.11,17.07,14.95
2015-11-28,6.66,25.81,17.17,7.93
2015-11-29,2.57,25.4,16.54,18.8
2015-11-30,6.55,20.55,14.79,8.25
2015-12-01,1.11,25.38,14.11,13.37
2015-12-02,18.96,26.19,17.24,15.47
2015-12-03,8.09,25.57,17.2,9.77
2015-12-04,5.26,25.1,16.87,16.27
2015-12-05,2.59,26.74,17.88,23.09
2015-12-06,18.7,24.0,18.6,7.45
2015-12-07,3.79,25.5,16.02,15.82
2015-12-08,0.1,26.71,16.25,22.34
2015-12-09,7.77,25.81,17.77,16.38
2015-12-10,3.85,24.19,20.8,11.93
2015-12-11,3.08,25.63,17.41,20.24
2015-12-12,7.51,24.11,18.76,11.24
2015-12-13,0.3,27.82,18.01,27.46
2015-12-14,4.52,26.74,20.43,24.42
2015-12-15,7.51,26.83,19.41,20.2
2015-12-16,2.62,25.79,15.86,11.48
2015-12-17,0.14,27.38,16.66,24.28
2015-12-18,3.03,28.05,19.06,21.48
2015-12-19,10.86,25.99,19.35,16.17
2015-12-20,29.36,25.93,17.85,11.0
2015-12-21,3.84,25.94,17.6,20.04
2015-12-22,0.63,27.27,18.85,25.12
2015-12-23,5.83,26.0,20.6,21.37
2015-12-24,5.01,28.22,20.25,19.2
2015-12-25,11.78,26.38,20.36,16.28
2015-12-26,23.7,25.87,20.55,15.68
2015-12-27,5.15,25.26,20.02,13.46
2015-12-28,23.08,24.86,20.0,10.36
2015-12-29,13.58,23.45,19.58,9.79
2015-12-30,6.56,24.42,19.67,11.41
2015-12-31,3.26,27.08,19.91,16.19
2016-01-01,12.33,25.02,20.24,14.73
2016-01-02,10.08,23.44,18.35,13.83
2016-01-03,4.03,24.7,17.74,13.14
2016-01-04,0.27,25.34,17.17,19.24
2016-01-05,0.12,26.67,17.29,16.76
2016-01-06,0.01,27.59,17.59,22.22
2016-01-07,1.14,26.22,19.22,19.92
2016-01-08,2.68,28.35,19.92,26.34
2016-01-09,17.9,25.59,19.0,10.15
2016-01-10,49.95,24.48,19.65,8.27
2016-01-11,44.95,25.76,20.42,11.9
2016-01-12,15.99,26.91,20.64,15.58
2016-01-13,1.84,26.61,19.63,20.68
2016-01-14,0.09,26.08,18.82,17.41
2016-01-15,0.14,25.53,17.87,15.4
2016-01-16,0.01,25.81,16.38,24.03
2016-01-17,0.0,24.45,15.57,30.39
2016-01-18,0.0,24.17,15.24,27.81
2016-01-19,0.0,24.81,15.36,23.86
2016-01-20,0.0,23.96,14.94,31.04
2016-01-21,0.21,24.27,15.27,26.09
2016-01-22,0.41,23.74,15.83,22.38
2016-01-23,0.1,25.26,14.49,31.28
2016-01-24,0.01,25.88,14.76,30.74
2016-01-25,1.25,27.89,17.36,22.98
2016-01-26,1.54,28.61,19.51,25.06
2016-01-27,12.37,21.68,17.39,9.61
2016-01-28,6.47,27.06,17.28,20.29
2016-01-29,6.99,26.66,18.49,18.75
2016-01-30,3.61,26.93,19.14,10.41
2016-01-31,0.94,27.4,19.93,23.72
2016-02-01,3.34,27.09,19.85,24.67
2016-02-02,5.84,26.73,19.5,21.74
2016-02-03,19.94,26.61,19.42,20.18
2016-02-04,14.03,23.58,19.47,15.45
2016-02-05,3.05,27.46,18.2,20.35
2016-02-06,6.33,26.93,19.71,24.53
2016-02-07,6.22,26.9,19.35,21.55
2016-02-08,1.24,28.23,19.18,20.09
2016-02-09,3.12,28.47,20.49,25.53
2016-02-10,17.08,26.35,21.34,13.67
2016-02-11,6.8,26.92,17.08,13.44
2016-02-12,0.05,25.55,15.97,23.54
2016-02-13,0.2,26.78,16.75,27.32
2016-02-14,3.7,26.12,19.23,14.36
2016-02-15,10.93,26.66,20.51,17.56
2016-02-16,8.79,24.26,19.13,14.88
2016-02-17,8.06,26.09,20.16,19.97
2016-02-18,11.39,27.89,20.59,19.97
2016-02-19,6.4,28.16,21.22,24.19
2016-02-20,14.11,25.34,21.14,22.49
2016-02-21,14.64,23.45,19.98,12.78
2016-02-22,25.1,22.87,19.64,6.92
2016-02-23,23.66,22.23,18.84,7.65
2016-02-24,2.91,23.58,18.77,12.43
2016-02-25,3.34,25.54,18.87,17.03
2016-02-26,6.73,24.42,19.97,17.35
2016-02-27,5.65,25.14,20.69,11.05
2016-02-28,15.42,24.24,18.63,9.86
2016-02-29,1.61,21.95,15.61,16.24
2016-03-01,0.08,23.28,13.97,14.84
2016-03-02,2.09,22.56,16.1,9.74
2016-03-03,3.55,25.56,17.91,13.84
2016-03-04,0.73,24.47,16.99,24.12
2016-03-05,1.77,24.88,16.15,22.22
2016-03-06,0.03,25.46,15.86,22.07
2016-03-07,11.11,26.59,15.5,21.93
2016-03-08,8.96,26.57,18.13,21.94
2016-03-09,19.15,24.81,18.87,15.66
2016-03-10,6.47,25.81,19.2,13.82
2016-03-11,0.73,25.38,17.57,22.39
2016-03-12,0.2,23.85,15.38,25.71
2016-03-13,0.37,23.87,15.48,16.09
2016-03-14,0.39,25.64,15.55,14.38
2016-03-15,5.26,25.04,17.44,11.1
2016-03-16,2.68,24.07,17.8,17.74
2016-03-17,0.2,26.04,17.17,20.05
2016-03-18,0.0,26.62,17.17,22.52
2016-03-19,0.12,27.11,18.15,23.08
2016-03-20,0.15,25.73,18.91,18.36
2016-03-21,0.67,26.15,18.16,19.97
2016-03-22,5.76,26.74,17.17,4.4
2016-03-23,8.79,23.72,18.07,11.97
2016-03-24,12.42,24.45,17.38,11.51
2016-03-25,10.43,22.52,17.81,9.09
2016-03-26,10.78,23.72,16.86,14.45
2016-03-27,0.29,24.03,14.36,22.08
2016-03-28,0.0,24.85,13.85,23.64
2016-03-29,0.0,25.15,16.88,20.34
2016-03-30,6.76,25.39,17.86,15.84
2016-03-31,10.52,25.71,18.33,16.48
2016-04-01,0.95,26.09,18.14,20.19
2016-04-02,0.75,26.6,18.37,19.77
2016-04-03,0.08,27.44,17.83,19.76
2016-04-04,0.04,26.77,19.55,16.8
2016-04-05,0.02,26.38,18.48,17.11
2016-04-06,0.01,26.18,17.26,21.37
2016-04-07,0.0,27.54,15.85,21.58
2016-04-08,0.42,27.71,18.15,19.87
2016-04-09,3.46,27.99,19.3,19.55
2016-04-10,6.63,25.49,19.87,15.11
2016-04-11,2.38,25.93,19.45,12.66
2016-04-12,2.75,26.59,19.59,14.75
2016-04-13,0.88,26.37,18.6,18.97
2016-04-14,0.26,25.5,18.91,17.49
2016-04-15,3.24,25.98,17.46,16.13
2016-04-16,0.66,27.03,19.24,18.58
2016-04-17,0.06,26.85,18.45,19.65
2016-04-18,0.0,26.48,16.39,19.49
2016-04-19,0.0,26.59,16.39,19.9
2016-04-20,0.0,26.27,18.01,18.75
2016-04-21,0.0,26.9,17.3,18.19
2016-04-22,0.0,27.01,17.27,16.58
2016-04-23,0.0,26.83,18.49,19.02
2016-04-24,0.0,26.62,16.9,17.45
2016-04-25,9.4,26.07,17.32,16.67
2016-04-26,27.56,21.32,17.91,5.49
2016-04-27,1.43,17.64,8.09,15.61
2016-04-28,0.0,16.2,5.2,14.24
2016-04-29,0.0,18.22,7.81,15.0
2016-04-30,0.0,18.72,8.48,16.34
2016-05-01,0.0,17.49,4.51,20.27
2016-05-02,0.01,19.4,6.88,19.5
2016-05-03,0.01,21.5,9.18,15.67
2016-05-04,0.05,21.9,11.9,15.42
2016-05-05,0.45,21.85,12.59,11.26
2016-05-06,3.35,22.41,13.83,10.57
2016-05-07,1.58,22.17,14.84,8.68
2016-05-08,6.04,21.62,14.69,5.37
2016-05-09,9.93,21.6,15.23,3.21
2016-05-10,2.77,21.28,15.72,9.1
2016-05-11,4.49,19.81,14.26,8.31
2016-05-12,2.21,20.0,13.05,9.05
2016-05-13,0.39,19.67,12.68,8.89
2016-05-14,0.11,20.13,12.31,11.86
2016-05-15,0.46,22.84,11.47,16.49
2016-05-16,10.55,23.61,14.21,8.06
2016-05-17,0.56,20.11,11.03,16.42
2016-05-18,1.14,18.96,10.81,6.79
2016-05-19,0.9,16.6,10.93,4.73
2016-05-20,18.78,21.09,10.59,6.39
2016-05-21,22.42,23.83,16.66,8.66
2016-05-22,15.83,22.69,14.55,2.53
2016-05-23,0.3,15.56,7.21,15.93
2016-05-24,0.27,15.31,6.56,9.51
2016-05-25,0.27,18.16,11.44,11.38
2016-05-26,1.87,21.21,11.57,12.53
2016-05-27,8.39,16.69,13.57,4.54
2016-05-28,3.92,18.82,13.0,6.92
2016-05-29,7.48,16.95,13.38,6.47
2016-05-30,6.2,18.64,12.87,3.84
2016-05-31,5.23,20.73,14.47,7.47
2016-06-01,18.01,21.12,13.49,6.32
2016-06-02,0.98,18.98,12.08,13.94
2016-06-03,0.24,18.82,9.86,11.04
2016-06-04,8.69,19.23,9.81,8.35
2016-06-05,15.47,19.42,12.34,3.22
2016-06-06,3.91,19.53,10.94,3.54
2016-06-07,0.13,16.78,6.85,11.39
2016-06-08,0.01,15.32,2.85,16.09
2016-06-09,0.06,14.86,1.49,15.0
2016-06-10,0.0,15.77,3.41,13.51
2016-06-11,0.0,13.3,1.47,16.37
2016-06-12,0.03,13.57,-1.05,16.67
2016-06-13,0.59,13.02,-0.4,16.11
2016-06-14,0.88,15.7,5.19,14.08
2016-06-15,0.03,19.64,7.96,13.59
2016-06-16,0.06,21.21,9.79,14.07
2016-06-17,1.05,20.92,10.59,13.29
2016-06-18,9.56,19.51,11.97,6.8
2016-06-19,3.32,19.0,11.17,7.59
2016-06-20,5.56,14.39,8.29,3.83
2016-06-21,19.37,11.02,7.16,6.11
2016-06-22,9.41,12.97,9.23,2.85
2016-06-23,0.32,18.59,8.83,10.99
2016-06-24,0.14,18.44,10.06,8.8
2016-06-25,0.02,18.62,10.42,11.32
2016-06-26,0.01,19.73,10.67,8.24
2016-06-27,0.0,19.15,10.97,13.41
2016-06-28,0.0,19.38,10.74,9.35
2016-06-29,0.0,19.09,10.61,12.35
2016-06-30,0.0,19.85,11.76,9.55
2016-07-01,0.0,20.87,12.05,11.2
2016-07-02,0.0,21.52,12.42,12.72
2016-07-03,0.0,21.72,11.44,12.78
2016-07-04,0.01,22.05,12.18,13.03
2016-07-05,0.0,21.34,11.18,11.97
2016-07-06,1.93,21.18,9.51,9.32
2016-07-07,0.06,17.34,6.56,16.59
2016-07-08,0.0,16.47,5.66,14.46
2016-07-09,0.0,18.0,6.94,15.56
2016-07-10,0.0,22.7,8.78,15.27
2016-07-11,0.0,23.16,11.97,15.56
2016-07-12,15.77,23.83,13.13,14.12
2016-07-13,5.95,22.69,14.41,5.33
2016-07-14,3.71,23.18,13.6,13.17
2016-07-15,9.69,23.02,13.74,7.3
2016-07-16,22.77,18.11,8.19,8.29
2016-07-17,0.0,14.88,2.94,17.38
2016-07-18,0.0,15.68,2.08,14.59
2016-07-19,0.01,16.6,6.44,12.41
2016-07-20,0.03,16.69,7.49,9.42
2016-07-21,0.02,17.81,8.8,7.73
2016-07-22,0.03,16.59,8.82,12.12
2016-07-23,0.06,18.7,7.56,14.83
2016-07-24,0.07,21.65,9.39,15.38
2016-07-25,0.01,21.22,9.7,15.69
2016-07-26,0.01,22.22,9.61,15.9
2016-07-27,0.01,20.44,10.15,16.93
2016-07-28,0.02,18.54,8.32,12.35
2016-07-29,0.01,18.71,9.65,9.02
2016-07-30,0.0,20.46,10.22,11.74
2016-07-31,0.0,21.37,11.82,11.72
2016-08-01,0.0,22.08,11.55,15.95
2016-08-02,0.04,20.86,11.46,10.54
2016-08-03,0.03,20.63,10.51,7.85
2016-08-04,0.03,21.78,12.07,11.56
2016-08-05,0.01,22.85,12.04,16.01
2016-08-06,0.0,23.93,11.92,16.94
2016-08-07,3.3,21.96,12.15,10.11
2016-08-08,7.32,18.78,10.19,4.75
2016-08-09,7.49,19.0,12.33,5.93
2016-08-10,0.09,17.58,7.11,18.89
2016-08-11,0.0,16.88,6.43,19.38
2016-08-12,0.03,18.59,7.19,19.42
2016-08-13,0.05,20.2,7.36,19.74
2016-08-14,0.0,24.02,9.72,18.24
2016-08-15,6.99,22.21,13.17,3.86
2016-08-16,0.24,23.26,12.52,15.2
2016-08-17,3.44,24.58,13.79,17.52
2016-08-18,18.46,19.79,11.34,6.53
2016-08-19,9.8,20.41,10.61,10.91
2016-08-20,36.17,17.71,14.83,1.48
2016-08-21,28.24,16.17,6.65,9.36
2016-08-22,0.22,15.14,5.63,19.98
2016-08-23,0.11,17.33,4.71,19.59
2016-08-24,0.03,20.59,8.47,18.89
2016-08-25,0.05,23.27,10.24,18.54
2016-08-26,0.05,23.76,11.9,19.69
2016-08-27,0.01,23.22,11.21,20.8
2016-08-28,0.03,24.5,10.75,21.37
2016-08-29,0.45,25.0,12.84,17.46
2016-08-30,8.06,22.3,13.64,3.01
2016-08-31,10.86,19.44,10.57,17.24
2016-09-01,0.08,20.72,8.22,21.92
2016-09-02,0.06,21.94,11.31,15.51
2016-09-03,10.26,18.82,13.28,4.96
2016-09-04,13.1,19.34,13.14,6.42
2016-09-05,4.52,21.19,12.43,11.28
2016-09-06,2.12,21.93,12.31,13.95
2016-09-07,0.0,18.24,7.15,22.88
2016-09-08,0.04,20.28,4.58,17.21
2016-09-09,0.02,20.74,9.46,21.61
2016-09-10,0.03,23.35,10.79,22.01
2016-09-11,0.0,24.95,12.61,18.76
2016-09-12,0.01,25.78,14.11,21.16
2016-09-13,0.56,25.88,15.88,15.63
2016-09-14,0.63,21.71,10.87,19.42
2016-09-15,0.0,21.43,6.28,25.27
2016-09-16,0.0,21.52,9.84,19.34
2016-09-17,0.0,25.54,11.37,19.87
2016-09-18,1.98,27.69,14.76,14.0
2016-09-19,2.22,25.64,16.54,8.08
2016-09-20,0.25,20.95,10.15,25.15
2016-09-21,0.01,19.6,8.62,19.18
2016-09-22,0.0,21.26,11.39,21.43
2016-09-23,0.0,24.02,10.29,25.27
2016-09-24,0.36,23.4,11.85,21.09
2016-09-25,1.9,17.48,11.05,12.61
2016-09-26,0.13,22.77,9.91,22.74
2016-09-27,0.0,23.01,10.41,26.17
2016-09-28,0.0,24.0,9.81,26.76
2016-09-29,0.06,24.85,10.34,25.53
2016-09-30,1.25,19.9,11.22,13.52
2016-10-01,1.11,20.16,11.01,13.08
2016-10-02,0.54,21.82,11.64,16.01
2016-10-03,4.94,17.26,12.7,6.45
2016-10-04,0.96,21.83,13.18,16.46
2016-10-05,2.79,21.43,12.01,16.14
2016-10-06,19.87,20.16,11.13,16.69
2016-10-07,1.22,20.72,9.31,19.22
2016-10-08,0.0,23.79,11.42,26.81
2016-10-09,0.02,24.38,12.7,19.6
2016-10-10,0.03,23.25,12.26,22.44
2016-10-11,1.12,25.7,12.11,9.69
2016-10-12,22.33,25.18,13.62,20.06
2016-10-13,10.66,22.38,15.98,6.87
2016-10-14,3.11,23.96,16.86,7.07
2016-10-15,0.34,25.16,17.45,14.2
2016-10-16,0.08,28.0,17.17,22.29
2016-10-17,4.39,29.2,18.75,23.9
2016-10-18,4.8,29.29,19.23,23.76
2016-10-19,3.12,28.05,18.44,22.98
2016-10-20,11.11,28.65,17.73,17.8
2016-10-21,4.93,23.36,15.05,12.15
2016-10-22,0.87,22.11,13.21,15.86
2016-10-23,0.29,25.47,12.95,17.13
2016-10-24,11.02,27.3,16.42,18.7
2016-10-25,5.76,25.95,17.09,10.12
2016-10-26,1.49,24.48,17.6,12.14
2016-10-27,2.33,23.44,14.92,21.13
2016-10-28,0.0,21.14,9.1,29.55
2016-10-29,0.37,21.12,9.34,23.23
2016-10-30,0.39,23.74,11.31,18.2
2016-10-31,0.51,26.55,12.75,18.89
2016-11-01,0.0,26.15,15.73,24.42
2016-11-02,7.04,27.2,17.41,16.16
2016-11-03,2.8,20.85,14.72,10.12
2016-11-04,0.1,25.14,12.56,19.32
2016-11-05,0.04,24.86,13.0,23.53
2016-11-06,0.04,26.66,14.0,18.82
2016-11-07,2.07,26.93,15.56,20.22
2016-11-08,1.66,26.49,16.5,27.0
2016-11-09,17.65,26.45,17.14,16.76
2016-11-10,1.74,28.3,17.42,25.18
2016-11-11,4.32,28.02,16.82,21.0
2016-11-12,4.06,17.97,12.74,10.52
2016-11-13,1.1,20.54,12.65,9.34
2016-11-14,1.26,24.79,14.97,15.43
2016-11-15,5.33,26.35,15.64,21.37
2016-11-16,7.51,25.59,15.88,20.94
2016-11-17,1.83,27.7,16.44,23.42
2016-11-18,0.35,24.57,11.99,29.39
2016-11-19,0.0,22.47,11.12,27.01
2016-11-20,0.0,24.54,10.46,32.21
2016-11-21,0.0,28.25,11.01,30.45
2016-11-22,0.05,27.52,14.96,20.96
2016-11-23,0.16,28.71,15.54,16.75
2016-11-24,0.09,29.68,15.82,18.24
2016-11-25,14.9,29.74,14.76,19.27
2016-11-26,4.25,27.93,17.13,21.61
2016-11-27,4.0,27.29,18.0,17.74
2016-11-28,7.31,26.09,18.76,16.99
2016-11-29,6.66,26.29,14.37,10.52
2016-11-30,1.74,22.51,13.11,10.63
2016-12-01,0.46,23.75,12.44,13.28
2016-12-02,0.39,27.48,14.43,15.19
2016-12-03,4.83,22.8,16.89,6.92
2016-12-04,3.3,27.12,16.78,23.05
2016-12-05,1.11,27.23,13.36,28.29
2016-12-06,0.02,29.54,14.21,31.25
2016-12-07,2.07,29.78,16.14,20.9
2016-12-08,13.01,25.56,18.22,19.72
2016-12-09,19.38,27.53,18.29,16.64
2016-12-10,11.3,25.15,16.85,7.16
2016-12-11,11.73,26.21,20.4,11.63
2016-12-12,6.47,26.69,16.93,9.92
2016-12-13,0.18,28.69,17.39,25.14
2016-12-14,0.64,27.99,15.46,20.38
2016-12-15,0.53,21.11,12.81,11.79
2016-12-16,0.26,21.12,12.46,15.86
2016-12-17,0.22,26.26,15.05,22.14
2016-12-18,4.63,28.32,16.39,23.04
2016-12-19,2.43,27.14,17.75,21.49
2016-12-20,14.86,23.91,17.25,18.6
2016-12-21,1.63,23.84,16.47,12.78
2016-12-22,2.13,26.2,17.34,16.82
2016-12-23,4.13,27.72,17.66,16.87
2016-12-24,2.22,29.28,18.64,26.78
2016-12-25,2.3,29.57,18.99,26.61
2016-12-26,3.23,30.87,19.0,30.01
2016-12-27,2.46,32.59,18.94,28.41
2016-12-28,12.61,29.69,21.1,18.39
2016-12-29,8.25,26.87,20.17,19.45
2016-12-30,5.52,25.35,19.39,16.73
2016-12-31,2.48,26.52,18.8,23.68
2017-01-01,6.47,24.87,19.47,18.73
2017-01-02,5.33,27.77,20.03,21.74
2017-01-03,2.82,27.9,19.01,23.88
2017-01-04,10.49,29.43,19.0,21.56
2017-01-05,20.79,25.94,19.51,19.64
2017-01-06,18.52,26.0,19.81,17.55
2017-01-07,2.44,28.56,19.23,20.03
2017-01-08,2.51,28.16,20.2,20.63
2017-01-09,29.89,28.4,18.95,19.26
2017-01-10,15.64,25.95,20.57,20.15
2017-01-11,14.77,28.35,19.47,24.35
2017-01-12,3.73,26.05,18.44,15.55
2017-01-13,0.53,27.13,16.83,26.75
2017-01-14,0.1,28.62,17.44,27.03
2017-01-15,0.42,28.94,19.52,26.32
2017-01-16,21.48,25.62,18.78,11.5
2017-01-17,13.98,23.45,19.18,14.52
2017-01-18,8.2,26.81,19.34,19.72
2017-01-19,7.62,25.08,19.0,15.67
2017-01-20,0.94,25.83,17.83,17.28
2017-01-21,5.95,26.14,17.81,20.48
2017-01-22,6.48,24.26,17.32,19.64
2017-01-23,6.52,25.93,17.3,19.02
2017-01-24,7.83,26.99,18.57,22.22
2017-01-25,5.83,24.75,19.26,11.36
2017-01-26,2.85,26.69,18.3,17.48
2017-01-27,12.65,24.66,17.54,16.7
2017-01-28,7.36,24.27,17.39,13.48
2017-01-29,4.18,24.8,17.41,16.42
2017-01-30,8.38,23.64,18.91,19.55
2017-01-31,20.45,23.39,16.77,14.21
2017-02-01,11.9,24.42,16.16,17.33
2017-02-02,3.58,26.12,17.83,20.63
2017-02-03,5.68,25.22,19.53,15.29
2017-02-04,5.52,27.14,19.99,22.96
2017-02-05,1.87,28.83,20.58,25.01
2017-02-06,1.53,27.93,20.83,24.88
2017-02-07,1.41,28.26,19.32,20.7
2017-02-08,1.15,27.68,18.31,18.13
2017-02-09,0.33,26.93,18.0,20.06
2017-02-10,0.05,26.62,17.71,18.97
2017-02-11,7.45,26.16,18.56,20.48
2017-02-12,17.05,27.56,19.21,17.79
2017-02-13,7.48,24.82,19.62,12.15
2017-02-14,0.14,26.24,19.61,20.85
2017-02-15,0.01,28.19,19.28,26.54
2017-02-16,0.02,29.39,19.31,26.7
2017-02-17,5.17,28.54,19.09,24.63
2017-02-18,2.46,28.74,20.17,26.27
2017-02-19,0.47,30.27,19.59,25.8
2017-02-20,0.05,29.86,18.94,27.83
2017-02-21,0.01,29.34,18.7,26.91
2017-02-22,0.01,30.3,18.16,24.91
2017-02-23,10.29,27.28,19.47,22.09
2017-02-24,2.18,25.8,17.4,11.29
2017-02-25,4.08,27.66,16.92,19.84
2017-02-26,3.85,25.31,18.77,21.34
2017-02-27,1.3,28.73,17.41,22.08
2017-02-28,1.23,29.09,18.64,23.58
2017-03-01,12.63,26.09,19.45,19.83
2017-03-02,16.54,25.47,20.01,15.32
2017-03-03,10.17,25.82,19.42,14.45
2017-03-04,4.17,27.33,19.58,14.05
2017-03-05,4.58,26.32,20.68,12.71
2017-03-06,12.92,26.08,19.77,18.17
2017-03-07,3.11,27.18,19.05,17.7
2017-03-08,1.21,27.4,18.88,17.89
2017-03-09,0.19,28.19,18.65,21.62
2017-03-10,5.22,26.42,20.25,14.12
2017-03-11,2.9,26.38,20.93,17.52
2017-03-12,4.34,25.24,19.57,22.79
2017-03-13,0.43,26.87,18.29,17.33
2017-03-14,0.23,26.18,16.69,9.76
2017-03-15,0.18,27.63,17.79,21.26
2017-03-16,3.89,27.62,19.09,20.29
2017-03-17,18.19,23.17,16.94,7.3
2017-03-18,14.18,19.05,15.5,4.76
2017-03-19,5.51,23.01,15.71,8.76
2017-03-20,1.11,23.73,14.81,15.88
2017-03-21,0.48,23.26,14.83,20.05
2017-03-22,0.23,24.66,15.82,22.43
2017-03-23,0.07,24.92,16.71,18.81
2017-03-24,1.8,26.72,16.33,20.42
2017-03-25,0.63,27.28,16.63,20.21
2017-03-26,0.34,25.44,16.48,17.94
2017-03-27,5.38,24.28,16.5,6.95
2017-03-28,3.21,24.34,15.95,16.4
2017-03-29,1.45,23.24,15.43,16.98
2017-03-30,0.78,23.65,14.4,18.71
2017-03-31,0.23,23.16,13.91,22.22
2017-04-01,0.97,23.4,13.61,14.53
2017-04-02,0.47,24.65,13.79,18.79
2017-04-03,0.07,24.29,15.69,19.2
2017-04-04,0.18,25.75,15.75,17.45
2017-04-05,12.26,27.3,16.56,11.0
2017-04-06,27.27,25.79,17.05,8.07
2017-04-07,4.27,23.32,15.74,6.73
2017-04-08,0.41,25.15,17.6,12.43
2017-04-09,0.82,23.59,18.6,14.81
2017-04-10,0.66,25.45,18.02,17.03
2017-04-11,3.83,26.95,18.27,13.9
2017-04-12,4.74,21.3,14.86,5.95
2017-04-13,0.1,22.47,14.15,11.89
2017-04-14,0.01,25.02,13.61,18.11
2017-04-15,0.01,26.46,15.02,19.34
2017-04-16,0.16,22.25,17.06,11.57
2017-04-17,0.74,22.96,15.28,9.77
2017-04-18,0.36,22.04,14.22,13.69
2017-04-19,0.15,21.58,13.75,15.07
2017-04-20,22.01,22.03,15.18,11.73
2017-04-21,13.84,19.22,13.64,8.79
2017-04-22,0.39,22.36,12.45,18.27
2017-04-23,0.06,21.78,13.1,15.72
2017-04-24,0.02,23.2,13.16,17.15
2017-04-25,9.12,24.3,14.69,13.35
2017-04-26,17.99,22.8,16.72,5.13
2017-04-27,0.06,17.7,9.41,19.81
2017-04-28,0.1,19.07,8.0,17.7
2017-04-29,0.02,19.37,9.72,12.09
2017-04-30,0.05,20.67,11.96,14.67
2017-05-01,0.06,21.59,13.01,12.44
2017-05-02,0.04,22.17,14.59,12.9
2017-05-03,0.03,24.06,13.69,15.66
2017-05-04,14.17,22.7,15.08,8.59
2017-05-05,15.7,20.23,15.82,5.97
2017-05-06,1.95,21.94,14.54,11.47
2017-05-07,0.1,22.22,13.86,11.79
2017-05-08,0.03,22.15,12.75,17.16
2017-05-09,0.03,24.09,10.97,16.3
2017-05-10,0.83,22.2,15.38,8.84
2017-05-11,0.86,19.7,13.69,7.9
2017-05-12,0.19,21.92,12.56,12.34
2017-05-13,0.4,24.14,12.27,15.48
2017-05-14,6.76,22.88,13.04,17.24
2017-05-15,0.04,21.57,11.26,17.2
2017-05-16,0.06,21.1,11.9,11.56
2017-05-17,0.32,21.29,12.78,10.08
2017-05-18,31.62,18.98,13.95,2.75
2017-05-19,38.02,18.14,13.98,2.76
2017-05-20,2.47,20.54,14.27,9.31
2017-05-21,28.21,21.24,14.09,2.15
2017-05-22,0.51,20.89,11.75,10.06
2017-05-23,0.05,18.85,10.49,14.5
2017-05-24,0.27,22.43,12.32,12.24
2017-05-25,0.01,24.85,14.93,14.48
2017-05-26,0.4,25.07,17.08,14.34
2017-05-27,0.46,23.57,16.82,5.77
2017-05-28,0.28,22.18,15.84,8.95
2017-05-29,0.13,24.33,15.95,11.8
2017-05-30,0.33,20.37,15.81,5.56
2017-05-31,12.04,20.55,14.36,7.91
2017-06-01,1.78,17.23,10.35,12.51
2017-06-02,0.01,18.8,8.23,12.1
2017-06-03,0.03,19.25,10.3,15.22
2017-06-04,8.53,23.33,10.73,14.51
2017-06-05,67.48,22.59,16.06,1.62
2017-06-06,54.47,22.68,18.33,3.46
2017-06-07,2.03,23.92,18.81,8.86
2017-06-08,3.45,23.55,16.51,11.52
2017-06-09,3.62,17.88,5.92,5.98
2017-06-10,0.0,15.69,2.66,15.63
2017-06-11,0.04,17.51,5.95,15.43
2017-06-12,0.14,17.68,4.3,11.73
2017-06-13,5.56,17.0,8.19,3.14
2017-06-14,0.12,19.17,11.16,8.7
2017-06-15,0.19,19.38,11.61,10.01
2017-06-16,0.08,19.97,10.82,13.09
2017-06-17,0.01,21.11,8.19,14.68
2017-06-18,0.02,21.59,9.9,11.55
2017-06-19,5.81,21.52,11.35,6.75
2017-06-20,10.09,12.11,9.37,4.6
2017-06-21,1.11,17.19,9.16,8.79
2017-06-22,0.18,20.38,11.65,10.56
2017-06-23,0.04,20.38,13.84,12.78
2017-06-24,0.05,20.48,13.8,14.09
2017-06-25,0.04,20.07,13.45,14.24
2017-06-26,0.02,19.46,9.8,14.55
2017-06-27,0.02,20.15,9.96,14.4
2017-06-28,0.02,20.29,10.44,13.69
2017-06-29,0.08,20.75,11.75,10.75
2017-06-30,0.02,21.24,12.06,11.64
2017-07-01,0.15,19.78,10.96,11.09
2017-07-02,0.45,14.52,9.34,9.4
2017-07-03,0.41,14.61,9.31,10.96
2017-07-04,0.47,15.5,9.55,11.46
2017-07-05,0.01,17.21,9.6,14.54
2017-07-06,0.04,17.91,9.42,9.99
2017-07-07,0.01,18.86,11.39,8.7
2017-07-08,0.0,18.92,11.89,8.45
2017-07-09,0.0,19.23,11.79,11.13
2017-07-10,0.01,19.61,11.99,14.4
2017-07-11,0.0,21.45,11.76,14.07
2017-07-12,0.08,20.35,10.8,15.54
2017-07-13,0.02,20.87,10.96,15.31
2017-07-14,0.03,21.61,11.48,15.58
2017-07-15,0.03,20.59,10.85,15.74
2017-07-16,0.01,21.19,10.7,15.99
2017-07-17,0.61,22.01,11.28,15.32
2017-07-18,0.84,13.45,2.71,8.12
2017-07-19,0.03,12.86,0.7,8.74
2017-07-20,0.04,19.35,8.33,10.95
2017-07-21,0.03,19.65,9.24,15.45
2017-07-22,0.0,18.85,7.46,15.86
2017-07-23,0.0,20.37,8.72,13.72
2017-07-24,0.0,20.72,9.13,16.38
2017-07-25,0.01,21.91,10.04,17.18
2017-07-26,0.0,21.6,10.97,17.31
2017-07-27,0.03,20.46,10.28,16.5
2017-07-28,0.03,20.25,11.86,15.4
2017-07-29,0.01,20.81,11.78,17.04
2017-07-30,0.0,20.93,11.77,13.31
2017-07-31,0.0,20.49,11.79,12.81
2017-08-01,0.0,19.93,10.21,12.54
2017-08-02,0.12,21.78,11.01,16.61
2017-08-03,5.67,19.04,12.01,11.31
2017-08-04,0.14,18.11,9.35,12.41
2017-08-05,0.19,16.62,8.91,14.19
2017-08-06,0.08,17.99,9.35,17.02
2017-08-07,0.01,21.32,9.05,17.67
2017-08-08,0.0,23.34,10.27,15.05
2017-08-09,0.01,25.63,13.13,16.42
2017-08-10,0.04,24.54,13.1,10.56
2017-08-11,0.05,20.81,11.14,15.3
2017-08-12,0.02,23.7,11.72,14.78
2017-08-13,8.32,25.39,12.79,14.72
2017-08-14,0.56,21.26,11.4,19.93
2017-08-15,10.36,16.57,10.94,4.58
2017-08-16,0.7,19.03,11.37,8.23
2017-08-17,0.44,17.36,11.66,4.68
2017-08-18,4.61,16.02,11.53,5.64
2017-08-19,30.59,18.91,12.72,3.22
2017-08-20,23.87,17.97,10.16,5.02
2017-08-21,1.36,15.06,7.18,9.58
2017-08-22,0.13,15.4,7.36,12.32
2017-08-23,0.06,21.55,10.53,13.38
2017-08-24,0.01,22.67,12.44,19.11
2017-08-25,0.0,21.86,11.67,17.36
2017-08-26,0.0,23.88,11.94,20.77
2017-08-27,0.01,24.59,11.79,19.65
2017-08-28,0.01,23.92,12.9,19.5
2017-08-29,0.01,24.97,12.16,20.58
2017-08-30,0.01,26.74,14.08,21.16
2017-08-31,0.12,20.6,13.34,10.84
2017-09-01,0.13,22.37,12.83,10.92
2017-09-02,0.02,23.27,12.13,12.27
2017-09-03,0.02,24.28,11.41,20.46
2017-09-04,0.0,24.25,9.61,21.5
2017-09-05,0.03,25.08,13.8,22.62
2017-09-06,0.03,25.34,13.63,20.32
2017-09-07,0.0,25.56,13.31,22.07
2017-09-08,0.0,26.76,12.19,22.55
2017-09-09,0.0,26.55,12.61,19.99
2017-09-10,0.0,27.07,13.38,22.97
2017-09-11,0.0,28.56,12.1,20.21
2017-09-12,0.0,28.55,15.23,22.1
2017-09-13,0.0,27.92,14.37,23.4
2017-09-14,0.0,28.73,13.07,24.1
2017-09-15,0.01,29.98,14.6,22.17
2017-09-16,0.0,29.57,14.67,23.13
2017-09-17,0.03,29.88,14.54,21.0
2017-09-18,0.06,29.17,15.02,19.29
2017-09-19,0.01,29.19,15.47,20.14
2017-09-20,0.0,28.14,13.39,22.97
2017-09-21,0.01,29.72,13.34,24.39
2017-09-22,0.0,29.79,15.6,22.7
2017-09-23,1.93,29.41,16.04,18.25
2017-09-24,1.22,25.03,14.4,13.1
2017-09-25,0.02,25.19,14.59,17.8
2017-09-26,0.01,26.43,13.19,19.33
2017-09-27,0.01,29.51,14.41,21.76
2017-09-28,0.64,29.07,14.49,19.74
2017-09-29,25.22,17.94,14.09,4.75
2017-09-30,2.21,22.75,14.19,9.95
2017-10-01,1.15,24.98,14.4,15.06
2017-10-02,29.62,21.19,13.74,7.91
2017-10-03,0.04,20.2,9.81,24.73
2017-10-04,0.0,22.74,8.6,26.86
2017-10-05,0.01,27.42,9.83,24.6
2017-10-06,35.8,26.36,15.31,22.64
2017-10-07,8.29,24.47,14.29,5.96
2017-10-08,3.46,21.74,14.25,15.33
2017-10-09,0.44,26.44,15.68,12.64
2017-10-10,0.08,27.6,15.82,15.76
2017-10-11,6.72,29.29,17.63,24.83
2017-10-12,0.64,30.3,18.41,25.3
2017-10-13,1.29,30.08,18.03,24.1
2017-10-14,4.41,28.77,15.61,20.28
2017-10-15,0.67,23.43,13.73,12.72
2017-10-16,0.64,24.31,12.76,15.03
2017-10-17,0.57,27.2,13.36,16.71
2017-10-18,0.02,30.05,15.14,26.25
2017-10-19,5.14,31.48,17.32,22.76
2017-10-20,2.02,23.2,16.03,9.03
2017-10-21,7.92,24.18,15.58,12.34
2017-10-22,0.56,21.76,16.91,9.82
2017-10-23,0.22,22.71,13.07,14.01
2017-10-24,0.11,24.81,11.2,17.92
2017-10-25,26.33,27.03,13.09,13.08
2017-10-26,14.34,26.07,16.49,8.48
2017-10-27,9.36,24.51,16.89,3.06
2017-10-28,11.65,26.33,17.01,21.6
2017-10-29,44.26,23.48,15.4,9.26
2017-10-30,3.6,21.57,16.09,7.46
2017-10-31,0.01,24.74,14.4,20.53
2017-11-01,0.0,22.42,12.26,26.51
2017-11-02,0.0,23.47,11.97,28.84
2017-11-03,5.18,25.91,12.52,15.56
2017-11-04,20.24,25.01,18.12,7.71
2017-11-05,0.84,22.33,13.55,9.33
2017-11-06,0.51,21.87,12.82,13.06
2017-11-07,0.13,22.94,11.85,20.71
2017-11-08,9.07,19.03,13.16,6.58
2017-11-09,0.6,23.53,14.12,15.62
2017-11-10,23.16,25.76,15.88,15.91
2017-11-11,1.13,23.33,14.4,22.99
2017-11-12,0.0,24.31,11.95,32.26
2017-11-13,0.01,24.85,10.71,32.25
2017-11-14,0.0,24.41,11.93,30.66
2017-11-15,0.0,28.58,12.11,30.93
2017-11-16,7.63,28.83,16.73,27.04
2017-11-17,6.69,25.76,18.33,16.09
2017-11-18,18.18,23.54,18.13,8.09
2017-11-19,6.94,22.11,16.17,21.08
2017-11-20,2.35,24.14,14.94,15.36
2017-11-21,12.44,25.43,15.46,15.28
2017-11-22,1.95,25.35,14.22,20.54
2017-11-23,0.12,25.17,12.68,21.35
2017-11-24,0.02,27.01,14.01,30.93
2017-11-25,1.54,27.27,15.65,25.4
2017-11-26,13.26,27.8,18.23,14.59
2017-11-27,1.93,28.6,18.17,23.39
2017-11-28,0.21,26.79,15.93,21.46
2017-11-29,5.84,26.19,14.99,28.77
2017-11-30,4.58,22.72,13.9,17.19
2017-12-01,0.38,24.56,14.73,18.35
2017-12-02,0.31,25.38,15.33,19.69
2017-12-03,0.07,28.03,15.4,21.78
2017-12-04,1.41,28.5,16.97,23.91
2017-12-05,2.98,27.56,18.44,20.54
2017-12-06,1.94,27.63,17.2,18.52
2017-12-07,10.97,27.56,16.74,8.28
2017-12-08,0.49,29.39,17.58,25.11
2017-12-09,0.28,28.5,16.61,25.26
2017-12-10,0.81,29.75,17.13,25.29
2017-12-11,0.22,29.96,16.4,28.66
2017-12-12,0.67,26.22,14.45,18.34
2017-12-13,0.32,29.18,13.37,17.82
2017-12-14,0.97,31.57,15.87,25.98
2017-12-15,4.07,29.55,18.52,15.67
2017-12-16,0.43,31.07,17.81,28.56
2017-12-17,6.65,30.44,18.86,27.94
2017-12-18,6.49,26.38,17.69,14.91
2017-12-19,1.22,29.94,16.71,18.18
2017-12-20,10.64,24.83,18.9,13.33
2017-12-21,19.08,24.82,18.21,6.9
2017-12-22,8.02,25.35,19.08,19.22
2017-12-23,2.83,25.84,19.64,14.13
2017-12-24,15.46,25.68,19.27,9.09
2017-12-25,26.49,23.1,17.0,6.85
2017-12-26,18.89,23.64,16.16,9.55
2017-12-27,6.16,25.04,18.42,13.18
2017-12-28,23.31,26.72,18.66,14.1
2017-12-29,22.84,22.92,17.72,7.17
2017-12-30,23.25,26.41,17.94,16.26
2017-12-31,14.99,26.34,19.25,23.75
2018-01-01,11.22,27.27,18.87,15.37
2018-01-02,4.81,23.88,19.61,10.54
2018-01-03,0.97,26.39,17.31,24.61
2018-01-04,0.09,25.71,15.81,29.65
2018-01-05,0.02,26.58,14.92,30.0
2018-01-06,4.97,27.05,16.97,22.79
2018-01-07,3.14,24.81,16.76,17.78
2018-01-08,2.46,24.53,16.39,12.7
2018-01-09,9.41,20.88,16.37,8.41
2018-01-10,6.05,23.69,17.44,12.18
2018-01-11,8.92,24.08,18.12,12.37
2018-01-12,10.16,24.9,17.75,14.85
2018-01-13,12.1,22.19,18.1,10.72
2018-01-14,9.82,24.32,18.27,19.75
2018-01-15,7.04,25.52,19.07,17.82
2018-01-16,19.06,24.19,19.52,17.78
2018-01-17,12.28,24.55,19.3,12.54
2018-01-18,11.57,26.68,18.24,18.67
2018-01-19,11.86,25.34,18.87,16.93
2018-01-20,8.95,24.0,17.74,17.93
2018-01-21,23.32,26.2,18.05,19.26
2018-01-22,4.36,27.12,19.0,22.88
2018-01-23,5.21,27.0,19.77,26.64
2018-01-24,6.29,26.66,18.6,23.26
2018-01-25,3.43,26.45,19.32,19.68
2018-01-26,1.91,25.78,18.02,15.12
2018-01-27,0.26,24.63,17.14,16.51
2018-01-28,9.9,26.18,17.05,20.42
2018-01-29,14.93,25.41,18.2,13.14
2018-01-30,4.17,23.56,15.24,8.91
2018-01-31,1.07,24.79,15.81,25.74
2018-02-01,0.43,24.58,15.81,24.56
2018-02-02,0.08,25.66,16.41,20.94
2018-02-03,0.17,24.05,15.46,30.63
2018-02-04,1.99,24.63,15.48,21.18
2018-02-05,1.12,24.36,14.42,23.88
2018-02-06,0.08,24.98,14.46,28.54
2018-02-07,0.11,26.0,15.26,23.61
2018-02-08,0.02,27.67,17.15,26.18
2018-02-09,1.66,27.05,17.74,23.48
2018-02-10,7.63,25.93,19.0,11.51
2018-02-11,19.11,25.88,19.15,13.65
2018-02-12,34.07,23.8,15.75,10.79
2018-02-13,8.19,21.96,14.92,9.9
2018-02-14,1.03,22.68,14.67,9.51
2018-02-15,1.17,22.76,15.2,13.11
2018-02-16,0.09,24.77,15.14,17.03
2018-02-17,0.46,22.58,15.81,18.6
2018-02-18,1.8,23.57,16.32,11.35
2018-02-19,6.74,23.36,17.39,10.51
2018-02-20,13.48,25.46,18.85,12.49
2018-02-21,5.1,26.2,18.99,19.1
2018-02-22,7.03,25.35,17.97,25.75
2018-02-23,3.5,24.93,15.86,24.13
2018-02-24,0.1,24.28,16.11,24.72
2018-02-25,0.01,24.54,15.59,26.15
2018-02-26,0.47,25.79,16.56,25.73
2018-02-27,10.31,25.19,17.85,15.64
2018-02-28,12.07,26.23,18.07,17.24
2018-03-01,4.95,26.36,18.81,20.62
2018-03-02,13.24,26.33,19.12,17.32
2018-03-03,20.79,25.14,19.17,14.63
2018-03-04,1.74,26.31,18.64,17.09
2018-03-05,1.43,27.05,18.68,21.98
2018-03-06,30.69,26.94,18.73,18.12
2018-03-07,6.28,26.25,17.3,15.66
2018-03-08,0.01,25.76,16.88,16.45
2018-03-09,1.44,25.8,16.36,19.82
2018-03-10,4.96,24.96,17.68,18.36
2018-03-11,0.17,27.24,18.78,24.23
2018-03-12,2.51,27.75,18.59,22.79
2018-03-13,2.05,28.31,18.01,17.05
2018-03-14,8.89,27.76,20.08,14.49
2018-03-15,26.78,25.29,20.19,19.46
2018-03-16,1.25,26.8,20.15,21.62
2018-03-17,0.19,27.79,18.38,16.21
2018-03-18,0.09,28.17,18.78,22.37
2018-03-19,0.41,26.49,20.52,15.96
2018-03-20,22.94,25.67,20.46,13.24
2018-03-21,7.29,25.89,16.92,12.95
2018-03-22,0.16,25.2,15.11,7.75
2018-03-23,0.01,26.33,16.97,13.37
2018-03-24,0.01,27.14,19.48,21.52
2018-03-25,6.67,26.24,19.81,14.76
2018-03-26,38.86,21.35,17.01,6.03
2018-03-27,9.22,24.31,16.74,8.85
2018-03-28,6.27,24.1,18.31,15.67
2018-03-29,5.48,24.46,17.73,14.33
2018-03-30,8.23,24.15,17.49,15.5
2018-03-31,2.78,22.85,18.49,9.08
2018-04-01,2.41,24.25,18.05,12.07
2018-04-02,1.46,23.24,18.47,13.07
2018-04-03,0.75,24.75,16.81,16.81
2018-04-04,1.25,24.42,16.43,17.67
2018-04-05,1.36,24.65,16.12,18.73
2018-04-06,0.43,24.25,15.97,19.54
2018-04-07,0.01,24.22,15.83,20.65
2018-04-08,0.01,24.09,16.08,22.04
2018-04-09,0.01,25.01,16.51,20.64
2018-04-10,0.02,24.7,16.5,20.65
2018-04-11,0.04,23.83,16.58,21.8
2018-04-12,0.0,24.98,15.52,20.64
2018-04-13,0.54,25.63,16.51,19.73
2018-04-14,4.88,23.69,16.78,15.45
2018-04-15,2.35,22.29,15.55,9.47
2018-04-16,1.35,20.72,14.65,11.01
2018-04-17,1.09,21.51,14.57,13.31
2018-04-18,0.05,23.09,14.37,20.23
2018-04-19,0.01,23.78,13.9,19.78
2018-04-20,0.0,23.38,13.18,18.68
2018-04-21,0.0,23.15,12.51,19.91
2018-04-22,0.0,22.41,12.53,18.63
2018-04-23,0.0,23.79,14.75,17.45
2018-04-24,0.04,24.2,15.29,18.51
2018-04-25,0.05,24.6,15.45,18.31
2018-04-26,0.0,25.15,15.55,17.71
2018-04-27,1.34,25.27,16.75,16.94
2018-04-28,1.63,25.39,16.7,14.63
2018-04-29,0.81,25.03,15.93,17.78
2018-04-30,0.03,25.71,15.65,17.71
2018-05-01,0.08,25.78,14.98,16.19
2018-05-02,0.95,24.87,16.72,13.68
2018-05-03,0.27,25.19,16.39,13.79
2018-05-04,0.0,24.9,14.49,16.27
2018-05-05,0.05,25.54,15.45,13.74
2018-05-06,1.05,24.48,16.77,14.34
2018-05-07,2.03,23.12,16.09,10.68
2018-05-08,1.47,22.86,15.81,10.36
2018-05-09,0.16,22.95,15.17,14.63
2018-05-10,0.01,23.56,13.66,15.77
2018-05-11,0.05,23.61,11.99,13.87
2018-05-12,0.05,23.56,15.25,17.07
2018-05-13,0.0,22.13,13.73,14.82
2018-05-14,0.0,22.04,13.71,15.42
2018-05-15,1.17,24.61,14.05,14.83
2018-05-16,2.32,23.46,14.56,11.91
2018-05-17,0.45,22.63,14.53,12.08
2018-05-18,8.8,23.3,13.97,11.36
2018-05-19,16.47,19.55,10.08,10.0
2018-05-20,0.03,15.49,6.55,15.7
2018-05-21,0.0,17.56,2.76,17.44
2018-05-22,0.01,19.57,7.87,16.67
2018-05-23,0.0,20.08,7.67,14.59
2018-05-24,0.23,20.59,11.2,11.35
2018-05-25,1.11,20.06,12.24,11.21
2018-05-26,0.04,21.29,12.08,12.05
2018-05-27,0.0,21.93,12.93,14.67
2018-05-28,0.02,19.99,12.41,16.08
2018-05-29,0.01,21.16,12.67,14.45
2018-05-30,0.01,21.49,12.05,15.26
2018-05-31,0.0,21.66,10.29,15.58
2018-06-01,0.42,22.35,10.39,9.48
2018-06-02,5.31,22.52,12.86,6.58
2018-06-03,2.17,16.7,10.39,4.62
2018-06-04,4.43,13.62,9.37,4.2
2018-06-05,3.36,15.94,11.26,3.87
2018-06-06,0.82,20.13,11.76,7.0
2018-06-07,9.05,19.07,11.97,5.08
2018-06-08,0.06,17.43,6.05,16.04
2018-06-09,0.01,18.34,5.1,9.71
2018-06-10,0.0,22.49,11.46,7.64
2018-06-11,0.0,24.62,15.5,13.36
2018-06-12,11.25,20.94,16.42,4.8
2018-06-13,5.88,22.09,15.01,7.2
2018-06-14,2.11,16.89,10.07,4.0
2018-06-15,4.89,13.47,8.53,6.41
2018-06-16,1.19,14.38,8.58,5.3
2018-06-17,0.15,16.96,8.78,9.73
2018-06-18,0.08,18.68,10.41,8.81
2018-06-19,0.05,20.89,12.49,10.6
2018-06-20,0.01,22.37,12.32,11.63
2018-06-21,0.0,22.03,12.65,12.57
2018-06-22,0.01,22.59,11.67,13.98
2018-06-23,0.0,22.8,11.61,14.8
2018-06-24,0.03,24.34,12.91,14.2
2018-06-25,0.01,23.91,13.6,14.37
2018-06-26,2.61,23.63,12.88,11.06
2018-06-27,3.49,19.39,15.27,4.49
2018-06-28,0.23,21.13,13.02,11.72
2018-06-29,0.02,23.3,12.32,13.48
2018-06-30,0.01,23.31,12.55,12.64
2018-07-01,0.01,23.33,13.53,13.29
2018-07-02,0.0,24.09,12.21,12.95
2018-07-03,0.1,24.65,13.68,13.26
2018-07-04,0.04,22.45,11.08,10.4
2018-07-05,0.0,24.56,12.55,13.78
2018-07-06,0.02,24.81,12.89,11.99
2018-07-07,0.01,22.88,13.23,12.92
2018-07-08,0.02,24.04,12.43,12.96
2018-07-09,1.41,19.57,9.68,7.22
2018-07-10,0.06,15.71,5.12,15.07
2018-07-11,0.01,16.2,5.73,15.46
2018-07-12,0.0,16.98,5.95,15.32
2018-07-13,0.0,20.18,6.94,14.48
2018-07-14,0.0,24.1,10.55,16.21
2018-07-15,0.01,25.55,11.28,16.15
2018-07-16,0.0,26.59,12.81,15.8
2018-07-17,0.0,24.62,12.47,15.6
2018-07-18,0.0,24.93,10.75,15.86
2018-07-19,0.01,25.74,10.74,15.75
2018-07-20,0.0,25.72,12.43,16.44
2018-07-21,0.07,25.04,11.54,12.66
2018-07-22,0.04,18.94,10.87,8.59
2018-07-23,0.01,25.5,12.27,14.04
2018-07-24,0.17,21.54,12.34,8.09
2018-07-25,0.03,21.98,11.77,11.59
2018-07-26,0.0,23.8,13.05,14.2
2018-07-27,0.0,24.63,11.72,14.53
2018-07-28,0.0,25.39,11.9,14.45
2018-07-29,0.05,25.59,14.26,12.83
2018-07-30,12.06,22.68,13.01,9.35
2018-07-31,3.31,20.2,11.24,13.12
2018-08-01,0.21,15.04,9.36,5.54
2018-08-02,1.21,16.82,10.01,7.35
2018-08-03,18.54,15.79,12.07,3.5
2018-08-04,0.3,18.86,11.6,6.45
2018-08-05,0.63,20.87,11.73,6.58
2018-08-06,2.33,16.56,10.12,7.21
2018-08-07,0.09,19.27,8.93,15.85
2018-08-08,4.48,20.46,9.39,10.81
2018-08-09,1.86,21.18,9.55,11.37
2018-08-10,0.0,18.13,4.81,19.46
2018-08-11,0.0,20.98,3.48,19.65
2018-08-12,0.0,21.05,6.0,19.25
2018-08-13,0.02,22.01,7.71,17.8
2018-08-14,0.03,24.81,9.3,19.64
2018-08-15,0.33,21.73,10.04,12.12
2018-08-16,0.41,17.87,9.87,7.23
2018-08-17,0.19,20.09,10.93,11.27
2018-08-18,0.11,22.19,10.06,15.32
2018-08-19,0.02,24.22,11.24,18.27
2018-08-20,0.14,26.58,14.38,18.9
2018-08-21,0.78,25.82,13.14,14.58
2018-08-22,3.77,20.05,13.68,9.07
2018-08-23,0.79,23.88,13.18,13.07
2018-08-24,5.72,23.28,13.94,11.55
2018-08-25,25.37,22.3,9.89,16.72
2018-08-26,0.02,18.63,6.72,19.14
2018-08-27,0.0,19.02,6.17,19.04
2018-08-28,0.01,23.12,8.87,18.24
2018-08-29,0.02,25.23,11.52,20.44
2018-08-30,0.05,26.48,11.4,21.56
2018-08-31,0.01,28.29,13.47,22.0
2018-09-01,0.8,27.33,16.13,17.19
2018-09-02,6.06,27.33,13.61,10.04
2018-09-03,4.71,18.43,10.09,8.16
2018-09-04,3.58,19.57,9.91,15.51
2018-09-05,1.62,18.99,8.08,22.64
2018-09-06,0.01,21.93,7.2,23.56
2018-09-07,0.0,26.21,8.75,22.22
2018-09-08,0.0,27.33,11.44,22.22
2018-09-09,0.01,27.24,11.46,18.23
2018-09-10,0.01,25.74,11.98,20.61
2018-09-11,0.03,23.43,11.95,17.46
2018-09-12,0.34,23.51,12.37,14.39
2018-09-13,2.69,24.41,12.08,12.21
2018-09-14,4.23,23.4,12.79,6.01
2018-09-15,3.17,24.34,13.53,14.1
2018-09-16,1.7,23.9,11.91,13.98
2018-09-17,7.75,17.88,12.65,7.06
2018-09-18,0.16,26.14,13.0,18.58
2018-09-19,6.8,27.71,14.55,12.01
2018-09-20,8.89,23.4,17.02,3.37
2018-09-21,0.44,27.59,16.01,22.01
2018-09-22,0.0,29.04,15.36,22.83
2018-09-23,0.0,30.5,14.46,24.58
2018-09-24,0.12,31.6,15.06,24.16
2018-09-25,0.11,29.52,14.35,21.68
2018-09-26,1.76,29.14,16.26,11.79
2018-09-27,3.73,27.52,17.79,7.26
2018-09-28,0.85,26.06,16.21,16.79
2018-09-29,0.15,28.34,16.31,18.86
2018-09-30,3.79,26.0,17.65,10.38
2018-10-01,1.01,29.23,17.2,21.62
2018-10-02,2.07,29.74,17.78,11.16
2018-10-03,2.07,29.25,18.85,12.07
2018-10-04,20.02,21.62,14.55,10.87
2018-10-05,0.65,22.34,12.91,8.71
2018-10-06,8.55,19.67,12.03,7.94
2018-10-07,16.34,23.13,12.59,9.42
2018-10-08,10.94,24.99,15.03,6.92
2018-10-09,7.21,27.11,17.06,15.1
2018-10-10,9.82,26.15,17.58,15.54
2018-10-11,4.04,20.82,14.11,7.33
2018-10-12,0.22,26.21,13.81,17.69
2018-10-13,6.02,24.64,19.02,10.88
2018-10-14,15.22,23.71,14.34,9.67
2018-10-15,10.19,23.52,13.75,8.92
2018-10-16,6.73,23.73,13.53,8.75
2018-10-17,23.3,27.7,15.73,16.45
2018-10-18,23.03,24.69,20.11,14.95
2018-10-19,1.45,21.64,14.32,13.9
2018-10-20,0.16,20.77,12.18,25.51
2018-10-21,0.01,21.54,11.4,25.19
2018-10-22,0.0,26.14,11.22,27.27
2018-10-23,3.33,27.34,14.91,17.18
2018-10-24,16.38,18.21,14.25,5.99
2018-10-25,8.57,22.47,14.35,8.42
2018-10-26,15.6,21.47,15.88,13.52
2018-10-27,2.14,25.58,15.5,21.11
2018-10-28,0.59,22.71,12.8,25.81
2018-10-29,0.49,22.23,12.08,21.3
2018-10-30,0.0,26.95,12.36,28.84
2018-10-31,0.74,28.06,15.28,15.09
2018-11-01,6.76,24.78,17.05,9.21
2018-11-02,0.4,26.84,14.62,19.73
2018-11-03,4.78,28.75,15.71,22.87
2018-11-04,2.03,25.15,15.29,16.33
2018-11-05,0.04,24.55,13.41,16.98
2018-11-06,1.54,24.81,12.78,15.82
2018-11-07,2.05,24.15,14.54,16.67
2018-11-08,1.66,21.94,13.57,15.25
2018-11-09,1.63,24.77,14.65,19.78
2018-11-10,0.5,25.61,15.52,14.02
2018-11-11,0.03,29.23,15.75,24.18
2018-11-12,0.01,30.87,17.11,25.32
2018-11-13,0.01,32.09,17.2,24.57
2018-11-14,2.39,30.88,20.56,18.29
2018-11-15,0.51,27.51,17.48,14.61
2018-11-16,0.0,29.77,14.71,27.66
2018-11-17,0.64,28.05,14.5,22.27
2018-11-18,12.79,26.83,16.89,7.69
2018-11-19,4.78,19.81,13.8,12.41
2018-11-20,0.25,24.02,12.26,18.47
2018-11-21,0.27,25.77,12.07,14.64
2018-11-22,0.25,28.9,14.89,17.93
2018-11-23,15.29,27.4,17.18,11.85
2018-11-24,7.18,25.95,18.38,16.13
2018-11-25,1.14,27.83,17.13,23.95
2018-11-26,0.28,26.22,14.96,19.03
2018-11-27,0.21,25.96,14.41,24.26
2018-11-28,0.07,27.63,15.12,20.94
2018-11-29,2.95,28.87,17.89,17.22
2018-11-30,13.64,27.16,18.16,23.41
2018-12-01,21.77,26.6,19.52,19.25
2018-12-02,5.28,25.62,15.66,19.37
2018-12-03,2.75,25.48,13.82,19.91
2018-12-04,0.25,27.55,15.37,26.38
2018-12-05,0.0,28.89,15.26,31.68
2018-12-06,0.18,29.47,14.17,29.45
2018-12-07,3.85,26.84,13.16,15.62
2018-12-08,0.69,22.75,11.79,21.76
2018-12-09,0.01,27.5,10.74,31.5
2018-12-10,0.0,30.26,13.83,28.74
2018-12-11,1.04,30.59,16.84,28.01
2018-12-12,0.04,32.3,16.98,28.22
2018-12-13,0.1,32.62,19.6,26.87
2018-12-14,0.05,31.89,19.58,27.8
2018-12-15,12.54,33.25,21.04,23.58
2018-12-16,3.89,31.74,18.86,25.59
2018-12-17,2.19,33.1,20.28,27.91
2018-12-18,3.58,29.77,21.76,20.15
2018-12-19,10.0,31.49,20.36,23.88
2018-12-20,0.92,31.33,21.27,24.02
2018-12-21,5.8,29.02,20.93,18.0
2018-12-22,8.92,29.97,20.27,22.23
2018-12-23,9.47,27.39,19.75,13.18
2018-12-24,8.14,24.94,17.43,14.01
2018-12-25,0.72,27.06,16.42,22.63
2018-12-26,3.78,28.48,16.92,27.43
2018-12-27,4.17,27.91,17.29,23.31
2018-12-28,5.37,29.77,17.74,24.49
2018-12-29,0.78,31.0,18.25,27.88
2018-12-30,0.15,32.66,18.94,27.44
2018-12-31,2.77,32.21,20.07,23.95
2019-01-01,0.41,33.09,18.31,28.89
2019-01-02,2.03,30.16,19.6,22.16
2019-01-03,2.53,29.46,21.07,24.15
2019-01-04,23.06,29.07,19.56,20.38
2019-01-05,36.35,25.67,18.01,10.42
2019-01-06,7.6,23.75,17.75,13.67
2019-01-07,1.14,27.45,19.82,25.48
2019-01-08,2.99,28.29,20.25,22.19
2019-01-09,1.95,26.62,20.0,24.97
2019-01-10,8.59,28.95,19.82,19.62
2019-01-11,2.93,27.0,20.41,26.73
2019-01-12,8.23,26.91,18.24,22.53
2019-01-13,2.98,27.14,19.54,23.07
2019-01-14,10.47,29.27,19.96,22.5
2019-01-15,1.28,30.09,19.36,26.22
2019-01-16,1.74,29.77,20.05,17.68
2019-01-17,4.66,29.71,19.96,19.35
2019-01-18,5.27,28.93,20.41,20.09
2019-01-19,3.33,30.56,19.83,22.52
2019-01-20,13.04,28.33,17.76,19.08
2019-01-21,2.73,30.8,20.14,25.74
2019-01-22,0.87,31.6,20.65,20.22
2019-01-23,2.78,30.87,20.44,21.49
2019-01-24,13.04,29.43,20.49,17.69
2019-01-25,3.36,27.93,18.59,19.48
2019-01-26,0.23,28.0,18.34,26.27
2019-01-27,2.88,27.76,18.39,20.11
2019-01-28,0.1,31.12,18.42,27.99
2019-01-29,0.0,33.09,20.43,29.77
2019-01-30,0.93,33.48,20.49,27.62
2019-01-31,1.25,33.47,19.94,22.95
2019-02-01,0.72,35.67,20.8,27.57
2019-02-02,4.36,32.21,20.57,27.53
2019-02-03,4.89,29.2,17.91,20.61
2019-02-04,0.95,26.01,16.57,9.08
2019-02-05,2.14,24.49,16.6,12.62
2019-02-06,4.51,25.03,16.04,18.6
2019-02-07,0.66,29.69,15.46,25.87
2019-02-08,0.14,30.9,17.24,25.7
2019-02-09,0.02,32.81,17.7,28.5
2019-02-10,0.47,34.12,18.08,25.2
2019-02-11,7.51,30.45,19.99,19.08
2019-02-12,2.4,27.18,19.66,12.26
2019-02-13,0.68,28.01,16.68,11.85
2019-02-14,0.45,27.5,15.62,18.49
2019-02-15,16.17,23.92,16.04,4.06
2019-02-16,35.1,25.06,17.45,9.58
2019-02-17,11.4,25.9,16.84,21.72
2019-02-18,2.25,27.01,17.79,21.57
2019-02-19,5.82,26.66,17.72,20.91
2019-02-20,1.68,26.65,18.33,16.09
2019-02-21,12.85,24.79,17.48,17.88
2019-02-22,1.77,26.83,19.02,19.1
2019-02-23,2.59,27.36,19.49,21.58
2019-02-24,1.59,29.3,20.11,23.46
2019-02-25,26.82,26.81,20.13,16.4
2019-02-26,15.85,22.6,18.65,8.8
2019-02-27,14.0,22.28,17.09,7.66
2019-02-28,5.55,23.57,16.86,13.4
2019-03-01,0.87,26.81,17.9,13.46
2019-03-02,0.11,27.56,17.93,22.09
2019-03-03,0.56,27.22,17.78,25.62
2019-03-04,2.68,27.83,17.79,21.3
2019-03-05,6.54,27.18,19.84,20.47
2019-03-06,16.88,25.22,19.64,21.43
2019-03-07,22.7,25.5,19.66,15.54
2019-03-08,7.74,26.35,19.73,20.89
2019-03-09,2.1,26.45,19.39,17.82
2019-03-10,2.55,26.22,17.93,15.08
2019-03-11,0.68,25.23,16.99,11.39
2019-03-12,0.85,26.06,17.24,19.01
2019-03-13,8.33,26.2,18.86,13.22
2019-03-14,5.5,26.32,19.47,18.92
2019-03-15,8.66,26.04,19.25,15.04
2019-03-16,6.41,25.55,19.02,10.83
2019-03-17,1.85,26.69,18.89,13.67
2019-03-18,6.22,26.74,19.42,17.16
2019-03-19,0.7,28.13,19.84,16.81
2019-03-20,8.54,25.71,16.85,14.57
2019-03-21,3.35,21.44,15.25,8.8
2019-03-22,5.92,22.9,14.86,12.38
2019-03-23,0.58,25.81,14.43,23.36
2019-03-24,0.01,26.41,15.8,22.69
2019-03-25,0.2,27.27,15.39,21.7
2019-03-26,2.95,25.93,17.74,18.33
2019-03-27,1.03,25.72,16.95,14.28
2019-03-28,2.24,24.04,16.57,13.93
2019-03-29,2.75,24.81,16.27,16.99
2019-03-30,0.15,25.37,14.86,21.65
2019-03-31,0.0,26.45,15.15,21.72
2019-04-01,1.41,26.17,17.08,20.44
2019-04-02,0.29,27.63,15.26,21.79
2019-04-03,0.38,28.44,16.31,13.4
2019-04-04,0.03,29.47,18.26,14.66
2019-04-05,3.41,28.43,20.17,13.87
2019-04-06,23.71,25.09,19.77,7.37
2019-04-07,14.58,25.89,18.91,7.55
2019-04-08,6.68,22.58,15.68,9.44
2019-04-09,0.95,22.61,14.2,9.06
2019-04-10,0.25,22.69,13.42,18.69
2019-04-11,0.09,25.43,13.06,19.3
2019-04-12,0.03,26.11,15.85,19.48
2019-04-13,0.15,26.96,17.05,18.3
2019-04-14,0.21,25.7,17.96,11.99
2019-04-15,0.02,26.42,16.9,19.66
2019-04-16,4.01,26.42,17.29,13.4
2019-04-17,0.48,25.62,15.34,20.1
2019-04-18,0.05,26.44,13.19,20.48
2019-04-19,0.03,27.0,14.49,20.48
2019-04-20,0.12,26.45,14.56,16.97
2019-04-21,2.0,27.24,15.58,9.1
2019-04-22,7.67,25.34,17.26,7.56
2019-04-23,0.43,26.18,16.99,7.69
2019-04-24,0.06,27.46,17.62,15.12
2019-04-25,2.48,28.04,18.23,12.67
2019-04-26,0.97,27.71,17.96,13.16
2019-04-27,5.23,26.51,18.48,13.65
2019-04-28,24.32,24.54,14.7,5.74
2019-04-29,1.05,23.38,12.74,16.84
2019-04-30,0.17,24.06,14.19,14.76
2019-05-01,0.44,23.47,15.52,8.33
2019-05-02,0.05,24.66,15.91,13.36
2019-05-03,0.0,27.5,16.62,14.55
2019-05-04,1.46,26.82,18.05,14.13
2019-05-05,0.12,26.88,18.63,16.0
2019-05-06,6.55,27.71,17.28,15.88
2019-05-07,5.5,24.66,16.3,9.4
2019-05-08,0.27,23.2,15.44,10.59
2019-05-09,0.1,24.01,14.59,12.85
2019-05-10,0.52,26.62,15.15,13.99
2019-05-11,2.54,26.28,18.1,5.35
2019-05-12,1.37,26.29,19.26,11.57
2019-05-13,0.31,24.82,17.29,10.15
2019-05-14,0.13,23.27,14.19,16.0
2019-05-15,2.15,20.25,12.79,9.42
2019-05-16,3.76,20.6,14.34,10.08
2019-05-17,5.78,18.55,14.48,7.66
2019-05-18,4.77,19.78,14.43,6.61
2019-05-19,1.05,23.2,14.91,9.4
2019-05-20,0.13,24.2,14.43,13.85
2019-05-21,0.04,24.54,13.57,12.53
2019-05-22,0.28,24.68,13.19,14.49
2019-05-23,28.61,20.87,15.19,3.26
2019-05-24,9.41,20.47,11.36,8.13
2019-05-25,0.06,19.21,9.24,16.03
2019-05-26,0.02,20.25,9.7,16.71
2019-05-27,0.02,23.84,9.69,15.21
2019-05-28,3.0,24.05,12.68,2.8
2019-05-29,40.77,22.89,17.11,9.08
2019-05-30,17.47,23.29,15.27,5.37
2019-05-31,22.87,23.64,16.76,4.79
2019-06-01,35.62,18.95,15.54,6.35
2019-06-02,17.12,20.0,15.07,3.87
2019-06-03,7.63,20.68,14.36,12.96
2019-06-04,0.09,16.63,8.9,15.96
2019-06-05,0.07,16.84,8.72,10.02
2019-06-06,0.03,19.05,11.73,13.37
2019-06-07,0.01,20.47,10.59,15.63
2019-06-08,0.0,20.3,8.39,15.58
2019-06-09,0.01,19.56,9.13,14.98
2019-06-10,0.0,20.41,12.42,14.92
2019-06-11,0.0,21.63,12.03,14.27
2019-06-12,0.0,22.1,11.31,13.98
2019-06-13,0.0,22.71,12.02,13.7
2019-06-14,0.0,23.56,12.71,13.5
2019-06-15,0.0,22.91,13.53,13.62
2019-06-16,0.0,22.72,13.48,14.51
2019-06-17,0.29,21.16,11.95,13.62
2019-06-18,0.15,21.49,13.1,7.57
2019-06-19,0.0,22.46,11.89,14.7
2019-06-20,0.09,23.41,12.55,13.12
2019-06-21,0.01,21.04,11.81,8.46
2019-06-22,0.0,21.86,12.14,10.28
2019-06-23,0.0,21.99,12.4,14.11
2019-06-24,0.0,22.09,11.12,14.79
2019-06-25,0.0,22.4,10.84,13.82
2019-06-26,2.53,21.7,12.62,3.81
2019-06-27,3.57,21.92,13.87,6.26
2019-06-28,0.12,23.91,14.4,12.37
2019-06-29,0.01,24.12,13.83,14.57
2019-06-30,0.0,23.92,13.12,14.99
2019-07-01,0.03,24.31,12.8,14.08
2019-07-02,0.05,23.82,14.48,11.7
2019-07-03,12.16,22.76,14.61,6.28
2019-07-04,16.3,15.64,10.78,4.33
2019-07-05,5.21,15.08,4.71,11.44
2019-07-06,0.0,12.71,-0.33,15.97
2019-07-07,0.0,13.7,0.19,16.23
2019-07-08,0.01,16.27,4.23,15.87
2019-07-09,0.01,19.03,7.48,15.66
2019-07-10,0.03,19.94,7.89,15.54
2019-07-11,0.0,20.82,8.12,15.72
2019-07-12,0.0,21.02,10.84,15.28
2019-07-13,0.04,21.96,8.98,15.31
2019-07-14,0.02,23.16,9.68,14.87
2019-07-15,4.3,22.29,11.43,2.74
2019-07-16,0.06,17.19,6.35,16.38
2019-07-17,0.03,14.57,5.52,12.53
2019-07-18,0.12,17.08,10.18,13.73
2019-07-19,0.04,19.88,12.04,14.64
2019-07-20,0.0,21.33,10.19,14.71
2019-07-21,0.0,19.83,9.9,14.03
2019-07-22,0.0,20.48,12.22,12.74
2019-07-23,0.0,23.1,10.87,16.2
2019-07-24,0.0,23.57,12.35,15.69
2019-07-25,0.01,22.52,12.46,12.24
2019-07-26,0.0,23.11,13.96,13.26
2019-07-27,0.1,24.44,15.23,15.32
2019-07-28,0.08,21.12,11.61,12.74
2019-07-29,0.02,22.14,11.03,11.89
2019-07-30,2.28,22.55,12.15,9.97
2019-07-31,0.16,23.16,10.13,16.74
2019-08-01,0.0,24.07,11.19,17.77
2019-08-02,2.14,25.34,11.54,13.35
2019-08-03,0.31,17.56,7.28,15.59
2019-08-04,0.01,14.75,5.6,10.12
2019-08-05,0.05,13.87,5.78,8.75
2019-08-06,0.04,21.87,10.82,13.49
2019-08-07,0.02,23.64,12.23,15.78
2019-08-08,0.12,25.61,14.2,16.82
2019-08-09,0.06,26.06,11.98,17.11
2019-08-10,0.05,26.64,13.43,18.11
2019-08-11,0.08,26.12,14.13,14.27
2019-08-12,0.01,27.53,13.02,18.15
2019-08-13,0.47,22.14,11.15,12.55
2019-08-14,0.23,16.12,6.4,11.48
2019-08-15,0.04,20.74,7.1,16.82
2019-08-16,0.02,24.59,9.31,17.95
2019-08-17,0.0,25.15,8.69,19.21
2019-08-18,5.52,25.89,12.72,14.67
2019-08-19,7.16,15.66,9.15,6.75
2019-08-20,1.71,16.86,8.51,6.13
2019-08-21,0.07,21.45,9.73,12.42
2019-08-22,0.4,18.19,9.51,12.05
2019-08-23,3.22,21.75,9.79,17.31
2019-08-24,0.04,19.8,9.93,15.98
2019-08-25,0.02,20.42,8.63,18.47
2019-08-26,0.04,24.75,10.52,17.04
2019-08-27,0.02,25.11,12.24,16.6
2019-08-28,0.02,24.05,13.04,17.01
2019-08-29,0.02,26.6,11.96,18.8
2019-08-30,0.0,28.06,12.37,20.3
2019-08-31,8.4,30.1,16.94,15.61
2019-09-01,36.92,21.02,10.99,3.8
2019-09-02,7.15,20.24,10.27,4.56
2019-09-03,2.46,21.78,13.4,7.44
2019-09-04,0.57,21.91,13.06,7.8
2019-09-05,2.39,13.92,8.88,8.12
2019-09-06,2.02,17.8,8.96,10.7
2019-09-07,0.16,27.05,11.95,19.69
2019-09-08,0.0,29.17,14.65,20.45
2019-09-09,0.01,29.06,15.34,22.04
2019-09-10,0.0,30.45,15.0,21.63
2019-09-11,0.0,31.21,17.82,19.48
2019-09-12,0.15,32.15,18.83,20.1
2019-09-13,0.3,26.43,14.75,10.5
2019-09-14,0.14,26.67,12.9,16.03
2019-09-15,0.05,30.9,14.45,20.25
2019-09-16,0.0,32.52,16.54,21.38
2019-09-17,0.01,34.02,18.32,22.46
2019-09-18,2.58,31.57,18.14,15.54
2019-09-19,6.28,28.76,16.11,6.04
2019-09-20,26.64,25.65,13.98,5.75
2019-09-21,0.65,20.45,11.32,4.81
2019-09-22,0.62,19.49,10.17,7.54
2019-09-23,0.1,18.05,8.41,20.01
2019-09-24,0.82,20.84,11.0,13.37
2019-09-25,0.38,21.05,12.39,8.5
2019-09-26,0.03,24.07,12.42,18.16
2019-09-27,0.01,24.07,12.43,21.85
2019-09-28,0.04,23.43,11.63,23.32
2019-09-29,0.02,26.78,10.79,23.6
2019-09-30,0.02,27.46,13.2,24.79
2019-10-01,0.0,30.83,13.34,26.51
2019-10-02,0.01,33.98,14.41,24.09
2019-10-03,0.04,29.96,16.49,21.73
2019-10-04,0.06,30.97,14.63,25.56
2019-10-05,0.37,33.35,15.88,26.05
2019-10-06,4.28,25.76,13.6,10.4
2019-10-07,7.42,19.17,12.86,4.45
2019-10-08,0.09,26.19,14.02,16.1
2019-10-09,0.01,27.63,14.26,24.02
2019-10-10,0.0,29.08,13.62,26.31
2019-10-11,0.0,32.55,14.42,25.76
2019-10-12,0.03,33.97,17.81,25.46
2019-10-13,0.43,33.99,17.73,23.23
2019-10-14,4.07,32.14,16.82,20.89
2019-10-15,7.64,24.35,14.01,12.19
2019-10-16,0.33,27.5,13.61,18.43
2019-10-17,0.09,30.82,16.62,20.01
2019-10-18,2.56,31.91,17.79,16.47
2019-10-19,1.12,29.87,16.88,19.17
2019-10-20,1.1,26.32,14.06,17.69
2019-10-21,5.16,21.57,12.19,7.1
2019-10-22,0.58,28.64,15.37,20.98
2019-10-23,0.14,27.98,14.34,18.32
2019-10-24,0.01,31.03,14.34,27.0
2019-10-25,0.23,31.77,16.43,25.31
2019-10-26,0.16,32.08,16.35,25.17
2019-10-27,4.89,33.32,17.47,27.57
2019-10-28,3.21,31.56,18.1,18.45
2019-10-29,0.05,32.73,18.24,24.42
2019-10-30,0.55,35.35,20.99,25.99
2019-10-31,0.08,33.74,17.65,18.27
2019-11-01,0.34,31.23,17.5,22.02
2019-11-02,0.14,33.01,18.01,23.38
2019-11-03,0.59,34.74,18.85,24.01
2019-11-04,0.54,34.84,19.14,24.3
2019-11-05,16.43,34.58,19.71,15.57
2019-11-06,3.28,26.01,15.46,10.7
2019-11-07,0.29,30.57,15.1,12.88
2019-11-08,6.91,25.26,17.73,16.9
2019-11-09,15.19,25.32,17.38,19.38
2019-11-10,20.91,24.05,18.35,8.12
2019-11-11,6.93,23.6,15.65,16.23
2019-11-12,1.28,24.82,15.41,19.11
2019-11-13,49.05,22.63,15.4,17.16
2019-11-14,24.05,22.89,16.43,11.17
2019-11-15,0.31,25.71,16.97,27.8
2019-11-16,0.01,24.64,14.83,26.54
2019-11-17,0.0,24.71,13.54,28.8
2019-11-18,0.01,24.99,11.84,27.18
2019-11-19,0.12,27.13,14.13,23.68
2019-11-20,0.29,27.63,15.93,25.91
2019-11-21,0.37,29.14,16.13,26.25
2019-11-22,1.91,26.58,16.91,23.44
2019-11-23,7.69,29.83,14.95,22.72
2019-11-24,1.04,21.39,12.39,15.65
2019-11-25,0.01,27.44,11.17,27.58
2019-11-26,30.11,29.19,12.33,21.59
2019-11-27,9.18,24.8,16.55,7.85
2019-11-28,10.28,20.96,14.1,11.23
2019-11-29,0.01,25.32,12.29,29.62
2019-11-30,0.03,28.41,14.26,27.27
2019-12-01,3.78,29.79,15.34,23.21
2019-12-02,0.93,25.73,14.99,13.63
2019-12-03,0.59,25.01,13.14,17.67
2019-12-04,1.99,26.64,14.68,16.24
2019-12-05,14.97,25.91,18.44,7.52
2019-12-06,0.87,27.61,15.55,20.15
2019-12-07,0.2,26.98,15.52,28.13
2019-12-08,0.09,27.94,13.19,27.16
2019-12-09,4.33,21.52,14.44,12.54
2019-12-10,1.98,28.58,15.27,12.55
2019-12-11,8.57,25.1,18.0,8.13
2019-12-12,0.75,29.24,17.19,26.93
2019-12-13,0.41,29.88,17.96,22.68
2019-12-14,2.64,28.9,17.34,14.55
2019-12-15,5.89,26.03,18.11,11.56
2019-12-16,13.74,27.99,17.89,6.25
2019-12-17,22.02,24.69,18.71,10.2
2019-12-18,3.43,22.98,15.73,10.12
2019-12-19,0.51,25.6,15.26,13.65
2019-12-20,6.59,25.96,17.2,19.35
2019-12-21,2.15,27.66,18.24,18.84
2019-12-22,0.62,28.24,18.19,24.26
2019-12-23,1.82,27.5,18.07,26.71
2019-12-24,0.73,28.81,16.82,24.03
2019-12-25,0.05,30.99,16.86,30.07
2019-12-26,0.0,31.69,18.25,29.48
2019-12-27,0.0,31.2,17.05,31.76
2019-12-28,0.0,33.37,16.87,29.18
2019-12-29,0.01,33.5,17.76,30.27
2019-12-30,0.01,33.11,17.65,28.41
2019-12-31,0.0,33.97,18.27,28.74
2020-01-01,6.69,33.75,20.7,20.62
2020-01-02,12.99,30.75,18.28,19.73
2020-01-03,5.11,26.66,17.05,13.61
2020-01-04,8.03,27.73,16.78,22.61
2020-01-05,2.44,27.71,16.94,17.54
2020-01-06,0.03,30.78,17.9,27.18
2020-01-07,4.12,30.33,18.88,11.58
2020-01-08,9.24,29.57,20.13,18.27
2020-01-09,6.66,28.12,21.06,18.05
2020-01-10,9.3,29.83,20.64,18.54
2020-01-11,4.86,29.32,21.22,16.62
2020-01-12,6.86,29.79,19.43,12.59
2020-01-13,5.61,27.0,16.98,17.03
2020-01-14,1.46,26.35,15.49,20.08
2020-01-15,1.07,30.91,17.7,23.8
2020-01-16,17.44,29.22,19.74,18.26
2020-01-17,1.41,24.19,15.58,10.27
2020-01-18,0.25,25.44,14.21,15.07
2020-01-19,0.32,28.58,14.87,16.95
2020-01-20,0.12,29.41,16.71,25.05
2020-01-21,0.0,29.0,16.62,25.04
2020-01-22,2.91,24.27,16.06,9.22
2020-01-23,3.55,24.09,16.19,12.18
2020-01-24,0.45,27.71,16.13,20.0
2020-01-25,0.01,30.25,15.32,28.01
2020-01-26,0.0,32.34,15.81,29.61
2020-01-27,0.31,33.19,18.15,27.81
2020-01-28,0.65,32.49,19.85,27.42
2020-01-29,2.04,31.79,18.44,23.6
2020-01-30,6.6,30.68,19.83,11.39
2020-01-31,2.66,31.02,20.54,18.03
2020-02-01,4.01,30.98,19.92,16.5
2020-02-02,26.14,26.56,18.31,5.77
2020-02-03,4.3,26.19,18.12,9.83
2020-02-04,3.06,26.57,17.87,11.58
2020-02-05,2.01,27.15,18.36,17.3
2020-02-06,2.96,28.42,19.22,20.13
2020-02-07,5.0,25.45,18.83,16.88
2020-02-08,3.42,28.87,18.96,20.86
2020-02-09,5.19,28.78,19.33,22.59
2020-02-10,11.38,23.38,15.9,13.16
2020-02-11,0.39,24.84,15.31,13.93
2020-02-12,0.15,25.85,14.75,22.43
2020-02-13,0.28,27.11,15.07,24.87
2020-02-14,0.13,29.56,15.68,25.6
2020-02-15,0.02,32.13,17.05,20.56
2020-02-16,0.01,32.81,19.17,22.43
2020-02-17,1.58,33.21,19.62,25.4
2020-02-18,2.25,33.0,20.62,22.39
2020-02-19,11.92,30.58,21.76,12.36
2020-02-20,9.35,30.68,20.98,19.85
2020-02-21,8.07,29.38,19.85,19.72
2020-02-22,4.1,25.11,14.87,8.5
2020-02-23,0.07,24.26,13.39,20.96
2020-02-24,0.8,28.53,14.91,15.49
2020-02-25,7.26,29.33,18.09,11.13
2020-02-26,12.06,26.27,16.37,6.88
2020-02-27,0.34,25.05,13.61,21.37
2020-02-28,0.03,25.64,13.49,24.08
2020-02-29,0.35,25.28,14.19,16.63
2020-03-01,1.75,23.86,14.96,15.7
2020-03-02,1.41,23.85,15.31,15.93
2020-03-03,1.16,22.94,16.13,16.46
2020-03-04,1.02,28.01,14.82,25.33
2020-03-05,2.03,26.9,15.01,20.8
2020-03-06,0.05,27.4,13.99,25.42
2020-03-07,0.3,27.99,14.81,24.72
2020-03-08,0.6,27.33,15.75,24.34
2020-03-09,0.72,29.9,15.78,26.04
2020-03-10,0.0,31.48,16.11,25.98
2020-03-11,0.02,31.64,16.33,25.55
2020-03-12,0.09,32.38,16.95,24.81
2020-03-13,0.06,32.41,16.47,26.22
2020-03-14,0.01,32.67,17.2,24.77
2020-03-15,0.92,32.79,18.27,22.23
2020-03-16,7.74,31.8,19.4,20.91
2020-03-17,5.46,31.57,19.32,21.08
2020-03-18,6.53,30.69,17.95,15.62
2020-03-19,14.4,29.84,19.22,18.64
2020-03-20,5.62,28.26,19.18,15.23
2020-03-21,0.41,26.77,16.49,11.24
2020-03-22,0.09,26.32,15.88,23.67
2020-03-23,0.35,25.27,14.6,22.44
2020-03-24,0.63,25.61,14.81,22.13
2020-03-25,0.13,26.51,14.7,22.64
2020-03-26,0.01,26.91,13.59,24.57
2020-03-27,0.03,26.46,14.92,21.03
2020-03-28,0.03,26.55,16.53,18.89
2020-03-29,4.34,28.67,17.77,9.65
2020-03-30,0.45,29.15,17.41,20.27
2020-03-31,0.05,30.7,16.94,21.52
2020-04-01,0.02,29.19,17.81,20.15
2020-04-02,0.1,30.72,17.68,18.43
2020-04-03,0.05,28.46,14.78,23.7
2020-04-04,0.01,28.66,11.09,23.79
2020-04-05,0.0,30.09,13.84,22.47
2020-04-06,11.48,31.93,15.62,18.53
2020-04-07,5.28,25.13,16.68,14.96
2020-04-08,0.45,27.48,14.67,19.39
2020-04-09,0.2,26.32,12.38,20.48
2020-04-10,0.02,26.61,12.3,17.4
2020-04-11,0.03,25.07,13.02,13.1
2020-04-12,0.0,25.9,13.09,19.16
2020-04-13,3.48,27.05,13.45,20.86
2020-04-14,6.73,21.76,13.82,11.41
2020-04-15,0.27,23.44,10.04,22.56
2020-04-16,0.06,25.13,7.31,21.75
2020-04-17,0.1,24.43,8.51,21.2
2020-04-18,0.15,23.42,11.48,14.59
2020-04-19,0.25,24.65,13.19,15.87
2020-04-20,0.07,26.02,13.72,16.34
2020-04-21,0.02,27.14,14.11,18.51
2020-04-22,0.01,26.52,13.94,20.29
2020-04-23,0.13,25.81,12.32,20.14
2020-04-24,0.17,27.3,13.82,18.85
2020-04-25,0.01,29.71,15.18,17.93
2020-04-26,0.01,29.01,15.35,19.08
2020-04-27,0.12,25.82,14.44,13.11
2020-04-28,0.05,26.59,15.16,16.45
2020-04-29,0.01,28.59,14.08,18.6
2020-04-30,0.08,28.32,14.99,17.71
2020-05-01,1.28,27.89,14.49,14.46
2020-05-02,0.17,27.28,14.7,17.24
2020-05-03,0.03,23.33,12.63,17.84
2020-05-04,0.01,25.36,11.87,18.36
2020-05-05,0.01,26.41,9.95,14.65
2020-05-06,3.28,21.71,13.41,3.84
2020-05-07,0.07,20.93,9.63,14.06
2020-05-08,0.14,21.69,8.89,17.53
2020-05-09,0.03,24.48,10.23,18.24
2020-05-10,0.01,25.27,10.78,18.11
2020-05-11,0.02,26.6,9.73,17.83
2020-05-12,0.0,26.56,10.81,13.66
2020-05-13,2.07,20.62,11.94,5.68
2020-05-14,2.45,20.46,12.64,8.45
2020-05-15,0.13,20.89,11.32,7.18
2020-05-16,0.02,24.94,8.65,15.92
2020-05-17,0.03,26.66,10.37,17.38
2020-05-18,0.01,26.16,9.03,16.54
2020-05-19,0.01,25.04,10.87,14.98
2020-05-20,0.01,25.43,14.35,14.46
2020-05-21,0.0,26.39,14.09,14.88
2020-05-22,26.49,26.45,13.68,6.01
2020-05-23,1.44,19.56,11.7,10.78
2020-05-24,0.04,19.55,8.57,12.7
2020-05-25,0.07,19.9,8.11,15.96
2020-05-26,0.0,20.51,6.11,16.65
2020-05-27,0.0,22.9,5.38,17.28
2020-05-28,0.0,22.0,6.29,16.42
2020-05-29,0.04,24.43,6.53,15.95
2020-05-30,0.02,24.76,10.26,16.35
2020-05-31,0.02,24.84,7.61,16.16
2020-06-01,3.82,24.1,12.3,11.59
2020-06-02,19.9,18.06,12.39,3.91
2020-06-03,3.06,17.73,11.69,3.14
2020-06-04,9.37,18.64,11.89,3.09
2020-06-05,10.6,18.48,13.94,5.35
2020-06-06,7.89,20.12,10.95,5.4
2020-06-07,0.06,21.04,7.74,15.43
2020-06-08,0.7,24.08,9.38,11.75
2020-06-09,5.78,24.44,15.62,6.94
2020-06-10,2.83,25.35,16.11,7.02
2020-06-11,0.52,25.99,16.2,13.35
2020-06-12,0.05,26.26,15.52,14.08
2020-06-13,0.13,26.41,14.86,14.13
2020-06-14,0.32,19.17,11.74,6.06
2020-06-15,0.39,20.72,10.99,9.17
2020-06-16,0.15,22.75,12.95,11.18
2020-06-17,0.09,23.27,14.05,10.95
2020-06-18,0.01,22.7,12.75,12.74
2020-06-19,0.01,24.89,12.91,14.86
2020-06-20,0.02,25.57,12.23,15.22
2020-06-21,0.04,25.71,11.92,14.84
2020-06-22,0.05,26.19,13.15,14.89
2020-06-23,0.0,23.74,11.88,11.75
2020-06-24,0.06,24.68,9.32,14.5
2020-06-25,15.63,24.25,12.18,12.27
2020-06-26,8.75,16.51,11.06,4.33
2020-06-27,52.63,15.78,5.45,3.63
2020-06-28,1.13,14.91,9.48,8.94
2020-06-29,0.33,18.07,10.08,10.58
2020-06-30,19.14,20.28,11.87,11.45
2020-07-01,6.65,16.47,6.56,16.12
2020-07-02,0.08,16.16,4.71,15.54
2020-07-03,0.03,16.57,5.11,14.01
2020-07-04,0.01,19.41,6.72,15.66
2020-07-05,0.0,22.97,7.36,9.02
2020-07-06,0.8,23.29,12.9,7.64
2020-07-07,0.52,24.32,13.35,12.44
2020-07-08,2.7,22.39,13.82,7.66
2020-07-09,0.35,18.96,8.76,15.53
2020-07-10,0.09,20.69,5.58,13.69
2020-07-11,0.09,23.89,9.95,13.41
2020-07-12,0.0,24.54,11.45,15.45
2020-07-13,1.04,25.6,12.69,14.27
2020-07-14,0.88,22.34,12.28,12.74
2020-07-15,0.02,19.94,10.5,11.81
2020-07-16,0.03,21.91,9.13,10.56
2020-07-17,0.09,23.52,11.14,13.14
2020-07-18,0.05,24.97,13.2,13.75
2020-07-19,0.03,24.07,12.71,14.29
2020-07-20,0.01,23.81,10.01,16.69
2020-07-21,0.02,25.35,11.51,15.85
2020-07-22,0.01,25.83,13.56,16.96
2020-07-23,0.02,25.79,11.32,16.58
2020-07-24,0.02,25.29,10.52,16.11
2020-07-25,0.08,24.71,11.68,15.73
2020-07-26,0.69,20.22,11.79,9.95
2020-07-27,0.37,24.78,11.73,14.21
2020-07-28,0.4,26.49,12.33,15.91
2020-07-29,15.94,15.73,7.77,4.38
2020-07-30,0.56,14.55,7.35,8.65
2020-07-31,0.33,18.99,10.07,11.48
2020-08-01,0.12,21.57,10.67,16.21
2020-08-02,0.03,22.02,10.9,17.88
2020-08-03,0.03,23.62,10.18,17.58
2020-08-04,0.02,23.92,11.58,18.28
2020-08-05,0.04,24.18,11.65,18.49
2020-08-06,0.05,24.68,10.8,18.49
2020-08-07,0.09,24.82,10.82,18.82
2020-08-08,0.21,24.51,11.22,17.63
2020-08-09,0.3,25.21,12.08,17.35
2020-08-10,0.01,25.64,10.45,18.24
2020-08-11,0.03,27.38,11.77,17.67
2020-08-12,0.4,26.72,12.96,16.5
2020-08-13,7.5,27.13,12.84,7.15
2020-08-14,6.38,25.14,15.76,13.18
2020-08-15,20.56,22.5,14.88,3.82
2020-08-16,28.94,17.52,14.22,5.96
2020-08-17,2.94,20.99,14.1,3.92
2020-08-18,36.13,19.64,14.65,3.58
2020-08-19,11.56,19.57,15.3,3.11
2020-08-20,20.02,14.74,9.88,2.1
2020-08-21,4.54,9.83,4.55,5.53
2020-08-22,0.11,13.88,2.8,13.94
2020-08-23,0.19,17.02,8.19,18.56
2020-08-24,0.15,19.04,9.87,14.61
2020-08-25,0.17,19.87,8.76,21.07
2020-08-26,0.14,21.58,9.5,21.8
2020-08-27,0.07,23.35,8.51,21.69
2020-08-28,0.03,25.23,9.93,21.38
2020-08-29,0.04,26.14,10.03,21.45
2020-08-30,0.12,27.56,14.54,21.45
2020-08-31,0.27,24.52,12.86,15.77
2020-09-01,0.51,23.01,13.26,10.06
2020-09-02,0.27,24.47,13.12,14.77
2020-09-03,0.06,26.85,13.26,21.29
2020-09-04,0.2,28.84,14.44,20.0
2020-09-05,0.06,27.69,14.94,20.32
2020-09-06,0.03,29.48,13.79,21.94
2020-09-07,0.05,28.35,14.97,18.69
2020-09-08,0.07,26.48,14.89,15.42
2020-09-09,0.03,26.47,15.25,17.43
2020-09-10,0.0,30.57,15.12,18.96
2020-09-11,0.01,30.92,16.06,18.41
2020-09-12,0.0,32.44,16.82,20.92
2020-09-13,0.0,31.47,14.6,20.07
2020-09-14,0.08,30.39,17.23,18.84
2020-09-15,0.1,23.22,12.22,13.54
2020-09-16,0.02,29.03,12.02,18.83
2020-09-17,0.41,29.57,16.49,17.49
2020-09-18,0.4,28.54,16.5,11.25
2020-09-19,0.03,29.97,16.07,20.57
2020-09-20,0.12,24.67,13.14,11.26
2020-09-21,0.41,20.16,11.5,9.23
2020-09-22,0.14,17.25,10.47,12.44
2020-09-23,0.08,23.84,10.75,14.63
2020-09-24,0.02,28.4,12.82,23.52
2020-09-25,0.0,30.5,13.93,24.37
2020-09-26,0.01,32.05,13.97,25.53
2020-09-27,6.81,31.86,17.67,22.35
2020-09-28,4.37,29.04,18.39,12.31
2020-09-29,0.3,30.28,17.66,17.31
2020-09-30,0.06,34.9,16.54,24.32
2020-10-01,0.06,34.25,17.76,23.54
2020-10-02,0.0,36.31,19.61,23.49
2020-10-03,0.43,29.65,14.89,17.21
2020-10-04,0.63,27.64,13.93,15.9
2020-10-05,0.11,33.9,15.14,22.51
2020-10-06,0.13,37.08,19.01,22.74
2020-10-07,0.6,31.14,18.15,11.48
2020-10-08,11.88,34.09,17.36,10.42
2020-10-09,17.9,26.62,15.48,3.97
2020-10-10,0.07,25.44,12.9,27.72
2020-10-11,0.24,25.39,12.62,24.32
2020-10-12,0.2,28.73,11.51,27.22
2020-10-13,0.28,31.08,15.62,21.82
2020-10-14,4.98,32.44,15.12,22.05
2020-10-15,11.32,22.07,14.32,4.59
2020-10-16,0.2,23.75,12.68,15.85
2020-10-17,0.23,24.17,11.31,26.39
2020-10-18,0.36,23.46,12.84,15.56
2020-10-19,1.42,27.82,15.06,14.75
2020-10-20,4.89,29.28,16.21,21.31
2020-10-21,1.15,28.29,16.36,19.56
2020-10-22,0.93,26.43,15.12,23.07
2020-10-23,0.25,27.6,14.85,19.58
2020-10-24,9.44,25.05,15.84,16.85
2020-10-25,4.19,28.44,16.77,20.0
2020-10-26,0.86,28.69,15.74,19.94
2020-10-27,0.08,29.16,16.77,25.44
2020-10-28,0.01,31.41,12.19,31.26
2020-10-29,5.64,31.36,13.76,19.14
2020-10-30,11.18,19.78,13.0,6.05
2020-10-31,0.49,20.96,12.54,10.51
2020-11-01,0.35,22.11,12.04,18.52
2020-11-02,0.02,23.74,11.02,25.07
2020-11-03,0.94,24.27,11.02,25.99
2020-11-04,4.26,23.16,10.84,21.71
2020-11-05,1.14,24.65,10.8,24.54
2020-11-06,0.01,26.5,11.45,30.11
2020-11-07,0.0,30.29,10.98,31.22
2020-11-08,0.0,33.07,12.22,27.53
2020-11-09,8.59,27.67,15.2,17.91
2020-11-10,2.97,28.64,14.99,16.41
2020-11-11,19.23,26.43,17.45,8.64
2020-11-12,1.35,28.37,17.01,18.06
2020-11-13,2.94,26.36,17.76,21.83
2020-11-14,2.17,29.59,17.54,22.73
2020-11-15,3.36,31.24,17.43,24.13
2020-11-16,0.81,30.96,17.5,26.52
2020-11-17,2.35,31.39,16.29,21.29
2020-11-18,9.6,24.17,13.93,6.57
2020-11-19,2.62,21.56,13.63,18.47
2020-11-20,0.57,24.9,12.19,24.53
2020-11-21,0.27,25.62,13.0,25.31
2020-11-22,0.51,27.31,13.67,25.48
2020-11-23,0.46,27.83,13.8,30.9
2020-11-24,0.01,30.51,13.77,29.33
2020-11-25,0.01,33.13,16.31,30.01
2020-11-26,1.77,32.75,17.35,28.33
2020-11-27,7.5,28.73,18.9,18.51
2020-11-28,0.53,31.31,17.88,22.85
2020-11-29,2.16,32.98,17.94,26.74
2020-11-30,4.31,31.15,18.96,14.78
2020-12-01,2.06,29.86,18.89,16.66
2020-12-02,2.31,30.42,16.98,22.09
2020-12-03,3.31,29.73,19.15,10.3
2020-12-04,8.01,28.76,18.47,18.43
2020-12-05,6.76,26.65,15.5,7.87
2020-12-06,3.96,25.21,14.84,8.4
2020-12-07,1.42,25.41,16.2,10.64
2020-12-08,1.35,30.07,16.46,24.96
2020-12-09,0.88,31.11,17.09,24.99
2020-12-10,0.96,30.27,17.05,27.96
2020-12-11,1.56,29.7,16.82,25.11
2020-12-12,0.13,29.73,17.01,22.13
2020-12-13,11.34,28.86,18.3,17.39
2020-12-14,2.98,29.63,19.16,24.03
2020-12-15,3.57,29.56,19.36,19.66
2020-12-16,1.54,32.03,19.04,23.48
2020-12-17,15.55,28.35,19.0,14.51
2020-12-18,4.16,28.23,18.36,18.92
2020-12-19,3.28,30.81,19.09,22.54
2020-12-20,3.27,31.35,19.48,25.59
2020-12-21,5.48,31.47,19.93,23.47
2020-12-22,0.9,29.24,17.66,11.28
2020-12-23,0.15,28.65,16.23,15.25
2020-12-24,0.02,28.59,16.21,25.97
2020-12-25,0.09,28.51,14.16,27.52
2020-12-26,0.41,28.04,15.08,26.05
2020-12-27,0.89,30.37,17.39,21.24
2020-12-28,4.96,30.45,17.4,15.84
2020-12-29,2.83,30.9,18.7,19.37
2020-12-30,1.75,31.98,18.61,22.09
2020-12-31,10.03,29.95,19.27,11.97
2021-01-01,5.42,29.81,18.73,19.25
2021-01-02,2.67,27.11,17.19,17.01
2021-01-03,1.24,28.21,15.04,21.3
2021-01-04,0.94,28.93,14.9,23.47
2021-01-05,5.68,30.24,17.34,20.75
2021-01-06,3.53,27.38,18.93,19.39
2021-01-07,3.71,31.65,19.59,19.21
2021-01-08,8.82,30.63,19.07,17.38
2021-01-09,0.96,27.58,18.28,14.83
2021-01-10,1.38,30.82,18.41,19.1
2021-01-11,0.72,32.38,18.92,21.33
2021-01-12,0.29,33.0,20.37,24.08
2021-01-13,3.43,29.79,18.67,18.17
2021-01-14,3.65,28.59,18.07,17.1
2021-01-15,3.24,29.05,18.94,17.68
2021-01-16,12.12,28.8,18.89,12.78
2021-01-17,9.44,27.79,19.23,13.85
2021-01-18,8.37,26.86,19.39,12.94
2021-01-19,17.19,25.67,17.39,10.44
2021-01-20,5.7,24.21,17.95,11.89
2021-01-21,3.73,26.92,18.51,16.63
2021-01-22,2.13,26.41,18.94,14.96
2021-01-23,3.47,28.15,18.49,16.5
2021-01-24,1.44,24.5,17.89,10.03
2021-01-25,3.44,25.69,17.98,12.43
2021-01-26,4.1,26.25,18.35,17.9
2021-01-27,5.11,28.44,18.44,18.2
2021-01-28,7.81,27.45,18.93,17.61
2021-01-29,2.93,26.81,19.41,18.31
2021-01-30,9.07,25.27,19.22,13.4
2021-01-31,1.88,27.84,18.65,19.41
2021-02-01,1.1,28.56,18.68,17.54
2021-02-02,2.05,30.75,18.38,19.22
2021-02-03,0.56,32.34,20.28,25.86
2021-02-04,3.41,31.54,21.57,19.71
2021-02-05,0.68,29.76,16.98,29.75
2021-02-06,0.74,30.06,16.57,26.09
2021-02-07,0.0,28.72,15.35,29.58
2021-02-08,0.01,28.72,15.4,28.55
2021-02-09,0.01,29.44,14.96,27.14
2021-02-10,0.2,29.64,16.19,24.02
2021-02-11,9.45,23.18,17.14,7.17
2021-02-12,2.78,26.68,16.53,15.64
2021-02-13,6.62,28.17,17.92,20.4
2021-02-14,2.45,26.97,17.48,18.14
2021-02-15,3.41,28.85,17.96,24.66
2021-02-16,1.98,30.26,17.07,24.34
2021-02-17,0.69,31.01,18.05,26.0
2021-02-18,0.37,31.35,17.76,26.62
2021-02-19,0.57,30.91,17.95,25.29
2021-02-20,0.2,30.77,18.03,23.93
2021-02-21,0.01,31.01,17.97,25.12
2021-02-22,0.0,32.09,16.53,27.57
2021-02-23,0.22,34.15,17.8,27.26
2021-02-24,7.9,31.61,18.29,14.79
2021-02-25,4.47,29.05,17.65,18.3
2021-02-26,3.68,27.12,16.43,19.42
2021-02-27,7.27,25.89,17.89,16.53
2021-02-28,20.61,24.32,17.57,9.35
2021-03-01,13.03,23.97,16.59,11.2
2021-03-02,9.72,26.77,17.36,12.04
2021-03-03,12.03,25.85,16.28,9.92
2021-03-04,10.61,24.67,17.98,9.8
2021-03-05,3.23,23.04,18.95,14.17
2021-03-06,8.36,26.39,17.62,14.92
2021-03-07,5.31,22.71,17.39,12.99
2021-03-08,0.61,26.74,16.61,18.52
2021-03-09,2.28,26.94,17.17,17.73
2021-03-10,0.9,26.3,16.39,22.78
2021-03-11,0.71,28.01,15.24,20.0
2021-03-12,1.03,29.35,17.4,23.33
2021-03-13,0.36,30.42,18.18,21.53
2021-03-14,3.4,30.03,18.43,24.18
2021-03-15,2.92,29.82,18.42,18.78
2021-03-16,2.58,30.58,18.97,21.0
2021-03-17,3.74,29.37,18.65,14.48
2021-03-18,2.33,29.6,18.89,20.37
2021-03-19,1.97,27.51,17.9,15.47
2021-03-20,0.65,29.18,18.08,18.57
2021-03-21,1.14,31.36,19.22,19.88
2021-03-22,2.68,31.44,20.82,17.06
2021-03-23,1.7,31.11,19.38,17.15
2021-03-24,2.41,30.44,19.96,18.4
2021-03-25,1.16,29.21,19.42,18.91
2021-03-26,0.72,31.82,18.9,19.53
2021-03-27,11.18,30.97,19.43,17.03
2021-03-28,0.81,28.83,19.26,21.21
2021-03-29,6.63,29.3,17.7,16.72
2021-03-30,6.28,25.27,17.96,13.19
2021-03-31,0.58,25.46,15.02,22.22
2021-04-01,0.05,25.33,13.2,22.79
2021-04-02,0.1,25.81,14.59,21.97
2021-04-03,0.31,26.82,14.56,19.88
2021-04-04,0.53,25.84,15.69,14.99
2021-04-05,0.26,25.77,15.53,18.77
2021-04-06,0.65,25.8,16.34,13.36
2021-04-07,0.8,25.83,15.87,15.59
2021-04-08,0.23,27.01,16.14,20.16
2021-04-09,0.01,28.44,15.93,20.81
2021-04-10,0.0,29.54,14.32,22.54
2021-04-11,0.01,29.35,14.96,21.76
2021-04-12,0.82,29.72,16.01,14.75
2021-04-13,0.45,26.04,15.81,8.61
2021-04-14,0.09,22.07,14.29,17.0
2021-04-15,0.09,26.48,14.59,13.78
2021-04-16,0.07,28.05,14.86,17.64
2021-04-17,6.99,25.61,16.08,9.96
2021-04-18,3.33,25.22,16.22,14.52
2021-04-19,1.42,24.14,14.34,15.16
2021-04-20,1.19,24.34,14.18,17.33
2021-04-21,1.44,23.88,14.0,14.9
2021-04-22,0.42,23.41,14.26,17.6
2021-04-23,0.02,24.77,12.39,18.82
2021-04-24,0.0,27.17,13.83,18.15
2021-04-25,0.1,26.36,13.94,10.93
2021-04-26,0.41,26.4,13.99,14.96
2021-04-27,0.22,25.76,14.63,15.24
2021-04-28,0.08,25.08,13.52,16.49
2021-04-29,0.5,22.42,11.51,14.59
2021-04-30,0.27,22.47,12.75,15.05
2021-05-01,0.01,24.55,12.97,13.46
2021-05-02,0.0,26.44,13.59,17.07
2021-05-03,0.0,27.9,13.06,17.08
2021-05-04,0.01,28.12,13.51,16.86
2021-05-05,0.02,28.34,16.98,17.47
2021-05-06,2.74,27.39,12.32,15.37
2021-05-07,1.64,17.82,10.95,6.43
2021-05-08,0.3,19.23,11.41,8.84
2021-05-09,0.26,23.53,12.04,15.09
2021-05-10,0.07,25.7,13.29,15.52
2021-05-11,0.74,26.63,11.33,14.75
2021-05-12,23.3,16.06,11.22,2.13
2021-05-13,0.54,19.48,10.64,9.36
2021-05-14,0.14,18.24,11.63,10.94
2021-05-15,0.04,22.21,11.24,12.33
2021-05-16,0.01,23.75,12.39,13.87
2021-05-17,0.01,24.07,12.35,15.03
2021-05-18,0.07,23.51,11.72,15.65
2021-05-19,0.04,24.79,10.77,16.78
2021-05-20,0.01,25.62,8.35,16.72
2021-05-21,0.08,26.61,9.77,16.09
2021-05-22,14.08,22.98,13.55,9.15
2021-05-23,3.11,22.48,10.91,12.82
2021-05-24,0.03,19.62,7.21,17.55
2021-05-25,0.01,22.7,5.27,17.18
2021-05-26,0.01,23.85,6.51,11.96
2021-05-27,0.0,25.53,10.74,13.72
2021-05-28,0.08,23.16,13.63,10.19
2021-05-29,3.18,25.92,16.92,10.5
2021-05-30,9.53,19.78,14.51,4.04
2021-05-31,3.41,17.76,12.51,3.98
2021-06-01,0.17,22.53,11.29,10.8
2021-06-02,0.12,24.62,9.73,13.38
2021-06-03,0.13,26.07,12.82,13.9
2021-06-04,0.02,25.76,13.77,14.03
2021-06-05,0.03,25.5,13.16,15.22
2021-06-06,0.96,25.62,13.24,11.58
2021-06-07,8.22,19.98,13.82,3.65
2021-06-08,0.79,18.33,13.47,5.91
2021-06-09,0.1,22.16,13.25,9.97
2021-06-10,0.56,19.31,14.26,3.94
2021-06-11,0.37,22.86,12.67,13.08
2021-06-12,0.07,20.8,8.68,15.62
2021-06-13,0.03,20.14,6.97,15.38
2021-06-14,0.04,20.83,8.1,15.62
2021-06-15,0.06,22.98,8.12,12.15
2021-06-16,0.12,20.1,10.07,12.29
2021-06-17,0.04,19.56,10.1,9.49
2021-06-18,2.52,19.21,10.55,8.8
2021-06-19,22.62,15.64,11.47,1.94
2021-06-20,0.43,19.29,10.88,10.91
2021-06-21,6.06,20.64,10.17,4.94
2021-06-22,5.8,19.18,12.0,7.58
2021-06-23,0.54,18.18,11.24,10.41
2021-06-24,0.12,21.58,10.71,12.8
2021-06-25,0.19,25.07,13.38,11.37
2021-06-26,0.04,24.41,13.49,12.56
2021-06-27,0.01,24.4,12.35,14.24
2021-06-28,7.47,20.12,8.6,5.77
2021-06-29,1.2,12.4,3.16,14.48
2021-06-30,2.56,12.59,-0.17,15.75
2021-07-01,0.01,13.84,3.94,12.38
2021-07-02,0.06,21.13,8.87,15.95
2021-07-03,0.02,22.04,6.71,13.91
2021-07-04,0.01,20.1,9.37,10.22
2021-07-05,0.02,21.17,9.92,11.42
2021-07-06,0.17,18.23,9.92,11.52
2021-07-07,0.06,19.21,10.61,13.92
2021-07-08,0.03,20.65,9.25,14.81
2021-07-09,0.07,20.46,9.66,12.45
2021-07-10,0.02,22.94,9.84,15.36
2021-07-11,0.0,22.85,8.63,14.71
2021-07-12,0.01,23.88,10.24,14.77
2021-07-13,0.11,24.52,9.82,14.94
2021-07-14,0.05,23.89,11.54,13.86
2021-07-15,0.99,24.33,11.61,13.91
2021-07-16,19.16,16.47,12.52,1.81
2021-07-17,10.63,21.24,11.78,8.42
2021-07-18,0.23,16.94,5.02,16.78
2021-07-19,0.0,15.7,-0.12,17.94
2021-07-20,0.02,16.3,1.4,16.44
2021-07-21,0.01,21.91,4.81,16.83
2021-07-22,0.02,20.9,5.59,16.89
2021-07-23,0.02,23.07,8.27,17.57
2021-07-24,0.03,24.11,8.79,16.72
2021-07-25,0.01,23.67,7.31,16.92
2021-07-26,0.02,24.99,9.13,17.02
2021-07-27,3.07,24.04,9.89,8.29
2021-07-28,0.35,14.66,4.35,12.91
2021-07-29,0.01,13.46,0.15,18.66
2021-07-30,0.01,15.23,-0.72,18.1
2021-07-31,0.02,14.5,4.17,16.27
2021-08-01,0.01,19.68,8.97,11.57
2021-08-02,0.01,21.8,9.88,16.9
2021-08-03,0.01,18.9,7.92,16.34
2021-08-04,0.06,18.52,6.78,16.09
2021-08-05,0.05,17.5,11.02,11.7
2021-08-06,0.02,21.86,11.06,12.79
2021-08-07,0.02,22.35,12.63,11.35
2021-08-08,0.01,24.71,11.66,16.49
2021-08-09,0.0,26.46,9.76,18.24
2021-08-10,0.01,27.93,11.3,17.77
2021-08-11,0.9,20.6,10.6,6.16
2021-08-12,3.79,14.19,8.73,7.22
2021-08-13,7.3,14.3,8.73,7.52
2021-08-14,1.2,20.7,10.1,14.73
2021-08-15,0.83,25.26,11.23,14.45
2021-08-16,2.84,24.72,12.78,12.62
2021-08-17,0.41,28.93,12.8,18.05
2021-08-18,0.0,29.93,13.93,18.59
2021-08-19,0.01,29.67,13.63,19.8
2021-08-20,0.02,28.13,12.96,19.77
2021-08-21,0.0,27.57,13.64,18.91
2021-08-22,0.0,28.31,12.23,19.6
2021-08-23,0.01,29.88,13.5,20.05
2021-08-24,0.0,30.87,14.12,16.22
2021-08-25,0.0,31.09,15.99,17.29
2021-08-26,1.14,24.9,16.72,11.92
2021-08-27,6.84,16.33,11.56,3.72
2021-08-28,2.98,15.87,11.26,6.06
2021-08-29,0.24,18.98,12.05,9.54
2021-08-30,0.34,22.87,10.51,13.41
2021-08-31,0.18,23.96,12.54,18.62
2021-09-01,0.07,26.35,12.46,20.4
2021-09-02,0.12,25.19,11.99,19.25
2021-09-03,0.0,29.37,13.27,21.62
2021-09-04,0.45,30.82,13.7,16.06
2021-09-05,0.3,29.01,15.1,19.26
2021-09-06,0.05,29.24,14.64,20.61
2021-09-07,0.05,29.45,13.39,18.51
2021-09-08,6.91,32.16,14.76,17.47
2021-09-09,4.76,22.79,15.41,4.95
2021-09-10,0.19,26.51,11.47,21.21
2021-09-11,3.44,24.63,10.77,6.7
2021-09-12,0.69,30.77,12.87,19.48
2021-09-13,0.14,32.47,15.35,15.11
2021-09-14,14.83,31.59,16.67,5.07
2021-09-15,3.05,24.67,13.67,7.71
2021-09-16,1.5,20.59,12.43,9.52
2021-09-17,4.0,24.55,12.13,8.25
2021-09-18,0.11,30.4,14.28,17.51
2021-09-19,0.14,31.85,16.54,19.7
2021-09-20,0.05,33.52,17.68,22.04
2021-09-21,0.41,34.28,15.03,17.7
2021-09-22,0.15,21.04,10.02,17.01
2021-09-23,0.01,24.52,9.27,23.35
2021-09-24,0.0,25.75,10.72,17.59
2021-09-25,0.0,29.27,12.69,19.11
2021-09-26,0.0,29.81,14.06,20.81
2021-09-27,0.0,30.51,15.88,22.03
2021-09-28,0.91,32.05,15.45,22.41
2021-09-29,1.42,29.27,17.45,10.98
2021-09-30,7.08,26.51,14.24,14.77
2021-10-01,6.94,30.44,14.12,3.96
2021-10-02,12.69,25.67,15.93,5.32
2021-10-03,53.33,25.93,17.68,2.82
2021-10-04,13.14,23.09,14.78,4.29
2021-10-05,0.56,22.29,12.36,9.32
2021-10-06,2.2,27.5,12.59,19.16
2021-10-07,4.26,23.18,13.77,10.54
2021-10-08,1.18,22.79,12.23,16.04
2021-10-09,6.49,21.49,12.55,5.38
2021-10-10,7.65,17.45,12.55,8.95
2021-10-11,1.03,22.46,13.77,10.86
2021-10-12,0.91,25.52,13.48,19.23
2021-10-13,0.29,26.74,14.23,23.76
2021-10-14,0.63,27.4,15.32,13.31
2021-10-15,24.42,27.16,18.4,3.73
2021-10-16,20.56,26.82,14.94,17.38
2021-10-17,2.51,21.3,13.73,7.17
2021-10-18,2.72,20.44,13.18,9.12
2021-10-19,5.95,19.24,10.78,8.42
2021-10-20,1.06,19.02,9.06,22.0
2021-10-21,0.16,21.79,10.87,23.49
2021-10-22,0.01,25.07,11.11,29.01
2021-10-23,24.73,27.7,11.53,22.59
2021-10-24,14.92,21.15,14.45,11.51
2021-10-25,0.43,23.94,11.9,25.3
2021-10-26,0.65,24.03,13.01,23.95
2021-10-27,0.74,25.46,13.66,12.89
2021-10-28,1.21,24.74,16.53,17.49
2021-10-29,0.45,26.2,15.35,17.91
2021-10-30,0.53,26.0,15.33,18.88
2021-10-31,11.89,19.57,15.57,6.82
2021-11-01,6.87,23.46,15.63,18.37
2021-11-02,2.55,25.13,14.64,21.65
2021-11-03,0.28,26.4,14.46,25.48
2021-11-04,2.34,28.61,15.04,22.75
2021-11-05,2.52,28.26,16.83,20.44
2021-11-06,6.09,28.0,17.23,19.91
2021-11-07,2.03,26.45,14.82,20.46
2021-11-08,7.65,27.16,14.97,13.91
2021-11-09,0.4,26.82,14.73,24.58
2021-11-10,0.76,25.99,14.35,23.33
2021-11-11,2.13,23.51,14.01,10.32
2021-11-12,0.66,23.52,12.84,21.7
2021-11-13,0.24,23.53,11.63,22.67
2021-11-14,0.04,27.69,10.87,27.5
2021-11-15,0.01,28.59,13.11,25.77
2021-11-16,0.01,30.17,14.73,26.15
2021-11-17,1.97,30.36,16.33,23.43
2021-11-18,9.3,22.8,17.85,12.29
2021-11-19,1.41,26.95,16.25,12.5
2021-11-20,0.2,26.66,14.92,22.46
2021-11-21,0.03,28.08,12.73,31.68
2021-11-22,0.0,31.05,11.49,32.08
2021-11-23,0.08,33.26,15.01,29.43
2021-11-24,0.12,31.84,15.52,25.64
2021-11-25,3.7,33.17,15.2,25.12
2021-11-26,19.41,28.9,18.61,16.07
2021-11-27,0.06,29.73,15.46,29.41
2021-11-28,0.02,31.03,17.68,25.0
2021-11-29,0.87,29.93,18.33,23.27
2021-11-30,0.67,30.89,18.8,26.92
2021-12-01,0.33,32.27,15.17,30.43
2021-12-02,3.24,29.85,16.45,20.73
2021-12-03,1.71,27.39,14.89,15.94
2021-12-04,0.18,29.88,14.47,28.07
2021-12-05,4.0,30.81,15.82,26.17
2021-12-06,13.01,27.29,15.72,21.89
2021-12-07,3.64,23.82,12.78,19.93
2021-12-08,0.36,23.84,12.21,24.39
2021-12-09,0.05,25.88,11.32,31.21
2021-12-10,0.15,29.3,12.64,28.98
2021-12-11,0.01,31.49,14.52,29.03
2021-12-12,0.07,32.15,18.4,24.77
2021-12-13,2.12,32.9,19.4,16.17
2021-12-14,9.33,27.46,19.65,12.99
2021-12-15,8.22,25.73,19.6,15.25
2021-12-16,1.27,31.88,19.24,20.66
2021-12-17,0.9,30.68,18.99,22.43
2021-12-18,1.33,28.58,16.7,23.46
2021-12-19,0.35,27.71,15.21,29.38
2021-12-20,0.03,29.52,12.8,29.79
2021-12-21,0.71,33.15,15.59,29.1
2021-12-22,2.67,31.94,18.62,23.48
2021-12-23,2.34,27.89,15.72,23.08
2021-12-24,0.37,27.73,13.7,23.21
2021-12-25,0.11,29.76,13.1,32.29
2021-12-26,1.22,31.11,14.94,25.56
2021-12-27,7.69,30.37,17.69,24.13
2021-12-28,11.06,29.84,17.55,23.29
2021-12-29,3.34,25.17,17.68,23.37
2021-12-30,7.6,25.95,16.94,9.11
2021-12-31,5.48,26.15,16.27,17.49
2022-01-01,0.74,29.47,16.93,22.96
2022-01-02,2.67,31.02,18.69,26.23
2022-01-03,7.45,32.1,18.81,23.18
2022-01-04,14.05,28.23,18.01,16.2
2022-01-05,9.68,30.27,19.78,18.14
2022-01-06,6.08,27.19,16.77,16.82
2022-01-07,1.48,23.61,15.23,14.93
2022-01-08,0.58,26.04,14.33,16.78
2022-01-09,1.02,23.96,14.15,14.34
2022-01-10,6.67,23.59,14.88,12.78
2022-01-11,3.94,27.28,15.68,15.02
2022-01-12,2.52,27.39,17.23,21.48
2022-01-13,1.75,27.53,17.24,12.24
2022-01-14,5.88,30.05,18.24,22.13
2022-01-15,13.25,27.36,19.88,16.33
2022-01-16,4.44,28.69,19.07,15.5
2022-01-17,3.16,29.39,19.43,24.54
2022-01-18,7.22,30.05,18.98,23.42
2022-01-19,5.78,29.22,19.8,29.19
2022-01-20,1.5,30.1,19.75,29.1
2022-01-21,0.5,30.83,19.16,24.44
2022-01-22,0.53,31.79,20.48,28.88
2022-01-23,0.12,34.74,19.36,28.51
2022-01-24,0.01,35.07,19.91,28.36
2022-01-25,0.05,33.63,19.61,26.17
2022-01-26,5.1,33.57,20.11,25.96
2022-01-27,13.38,29.78,21.02,20.05
2022-01-28,24.55,23.18,16.24,6.83
2022-01-29,14.93,21.29,15.71,8.6
2022-01-30,7.6,23.64,16.55,14.12
2022-01-31,5.78,27.3,16.6,19.4
2022-02-01,4.39,27.1,18.84,22.37
2022-02-02,2.54,27.07,18.45,23.03
2022-02-03,11.61,27.47,18.22,17.08
2022-02-04,11.14,24.14,19.8,17.05
2022-02-05,3.91,27.06,19.68,17.71
2022-02-06,2.0,28.2,20.34,22.44
2022-02-07,0.94,28.09,18.14,24.94
2022-02-08,0.43,28.16,16.77,24.18
2022-02-09,0.14,26.89,16.07,24.19
2022-02-10,0.07,27.79,15.19,27.11
2022-02-11,0.06,29.06,15.57,28.82
2022-02-12,0.15,29.07,15.71,29.0
2022-02-13,0.62,31.31,15.67,28.72
2022-02-14,2.86,32.06,18.18,23.56
2022-02-15,1.89,30.85,18.61,19.81
2022-02-16,2.41,30.15,16.76,22.83
2022-02-17,4.95,29.27,17.16,23.61
2022-02-18,2.11,27.86,16.42,25.99
2022-02-19,1.31,29.54,15.08,26.55
2022-02-20,0.26,30.66,16.27,26.49
2022-02-21,1.4,31.21,17.31,25.58
2022-02-22,3.5,32.63,19.74,23.03
2022-02-23,2.11,32.34,20.55,19.77
2022-02-24,0.75,32.02,19.17,23.35
2022-02-25,0.09,30.99,20.26,17.46
2022-02-26,2.0,32.31,19.9,22.71
2022-02-27,0.43,33.24,18.33,26.94
2022-02-28,0.33,33.4,19.57,23.99
2022-03-01,10.27,30.81,21.32,10.09
2022-03-02,8.77,26.66,19.55,12.37
2022-03-03,4.86,28.84,19.4,21.87
2022-03-04,3.28,28.44,19.91,17.85
2022-03-05,3.34,30.77,18.93,23.15
2022-03-06,0.69,31.1,19.52,23.13
2022-03-07,1.17,31.33,19.21,23.59
2022-03-08,2.79,31.39,20.49,22.3
2022-03-09,1.65,30.47,19.89,21.89
2022-03-10,9.35,28.18,19.78,17.86
2022-03-11,8.94,28.5,19.31,19.51
2022-03-12,8.35,26.11,17.17,11.99
2022-03-13,7.26,24.04,16.91,8.83
2022-03-14,3.11,27.24,18.49,13.89
2022-03-15,4.16,24.65,18.45,13.0
2022-03-16,5.31,26.51,19.33,10.44
2022-03-17,3.33,28.3,19.22,15.83
2022-03-18,5.07,29.42,20.16,19.72
2022-03-19,6.75,26.98,18.09,16.91
2022-03-20,1.27,25.78,15.42,13.34
2022-03-21,1.09,23.45,14.37,19.03
2022-03-22,0.35,25.08,14.7,18.85
2022-03-23,0.02,28.07,14.85,18.52
2022-03-24,5.09,28.93,17.5,18.67
2022-03-25,5.35,25.56,19.81,8.36
2022-03-26,1.15,28.8,18.98,19.45
2022-03-27,2.08,29.27,17.83,14.49
2022-03-28,1.46,28.38,17.82,14.25
2022-03-29,0.21,29.38,16.17,20.35
2022-03-30,0.98,30.25,16.98,15.4
2022-03-31,17.02,21.24,12.8,6.34
2022-04-01,6.87,19.6,12.61,6.01
2022-04-02,0.74,23.11,13.71,9.91
2022-04-03,0.29,26.97,15.3,15.13
2022-04-04,3.08,28.18,16.82,15.89
2022-04-05,1.01,28.81,17.5,18.75
2022-04-06,0.28,28.04,17.25,15.37
2022-04-07,0.11,27.1,16.69,14.46
2022-04-08,2.76,28.8,16.49,17.75
2022-04-09,4.62,28.88,18.02,17.13
2022-04-10,0.05,28.63,17.01,17.78
2022-04-11,2.08,26.87,17.4,10.22
2022-04-12,5.08,25.58,17.39,7.22
2022-04-13,0.86,28.12,18.03,8.23
2022-04-14,3.36,25.81,13.58,12.73
2022-04-15,0.25,23.61,11.28,21.69
2022-04-16,0.07,22.84,10.05,20.51
2022-04-17,0.34,22.72,11.8,17.0
2022-04-18,0.26,22.23,12.25,15.5
2022-04-19,0.25,26.11,13.03,17.99
2022-04-20,0.19,26.81,14.2,18.97
2022-04-21,6.42,26.08,13.75,17.78
2022-04-22,5.59,26.3,13.95,12.52
2022-04-23,9.9,22.83,14.9,13.99
2022-04-24,0.26,26.25,14.9,17.76
2022-04-25,0.09,26.85,15.02,18.9
2022-04-26,0.03,28.89,14.0,14.41
2022-04-27,0.03,28.25,14.5,17.58
2022-04-28,0.08,28.12,16.25,16.71
2022-04-29,1.3,26.43,15.42,9.94
2022-04-30,0.25,25.74,14.45,10.56
2022-05-01,0.87,26.59,14.59,14.13
2022-05-02,1.82,26.46,15.71,14.54
2022-05-03,2.91,27.33,15.93,7.89
2022-05-04,12.88,19.08,12.11,14.27
2022-05-05,0.22,22.28,11.16,10.67
2022-05-06,0.11,23.1,12.42,16.52
2022-05-07,0.23,21.26,11.59,16.87
2022-05-08,0.09,22.82,10.75,11.2
2022-05-09,0.1,23.99,12.11,13.17
2022-05-10,1.95,24.05,13.59,12.85
2022-05-11,2.83,23.35,14.77,8.28
2022-05-12,0.06,24.0,13.03,14.26
2022-05-13,0.03,24.44,11.92,12.82
2022-05-14,0.09,24.24,11.74,9.78
2022-05-15,0.28,22.61,13.95,9.44
2022-05-16,0.05,22.0,11.06,14.58
2022-05-17,0.01,14.95,4.26,18.26
2022-05-18,0.03,14.48,4.44,10.16
2022-05-19,0.02,18.32,6.0,17.28
2022-05-20,0.0,19.1,4.61,17.43
2022-05-21,0.19,20.75,4.87,15.13
2022-05-22,0.0,21.41,5.23,15.44
2022-05-23,0.01,22.05,9.6,14.06
2022-05-24,0.02,24.21,10.19,15.18
2022-05-25,0.11,24.16,10.74,15.76
2022-05-26,0.01,24.35,9.49,14.89
2022-05-27,0.12,23.93,11.74,14.66
2022-05-28,0.11,24.97,11.53,14.16
2022-05-29,4.83,25.39,12.34,12.74
2022-05-30,37.1,19.13,14.71,1.74
2022-05-31,7.03,14.44,10.77,3.09
2022-06-01,42.12,16.49,10.19,2.26
2022-06-02,12.86,19.12,14.04,3.38
2022-06-03,0.69,16.46,10.94,8.62
2022-06-04,0.46,17.63,9.67,11.41
2022-06-05,0.25,19.85,11.39,12.49
2022-06-06,5.08,21.75,11.99,10.73
2022-06-07,8.31,19.28,14.23,3.02
2022-06-08,0.55,20.39,12.69,9.93
2022-06-09,3.0,19.28,11.73,7.08
2022-06-10,17.99,19.73,12.66,6.54
2022-06-11,0.06,16.02,6.22,14.06
2022-06-12,0.01,15.51,3.37,16.38
2022-06-13,0.04,16.99,2.29,16.3
2022-06-14,0.02,17.53,8.38,14.16
2022-06-15,0.02,19.29,9.97,8.53
2022-06-16,0.01,22.66,11.02,14.22
2022-06-17,6.44,22.22,10.33,11.92
2022-06-18,2.0,18.77,10.09,14.38
2022-06-19,0.02,18.08,10.05,6.18
2022-06-20,0.23,19.1,9.9,8.0
2022-06-21,0.01,23.28,11.77,13.56
2022-06-22,0.09,23.15,14.51,14.07
2022-06-23,0.16,23.89,13.16,14.7
2022-06-24,0.02,23.83,12.67,13.85
2022-06-25,0.0,23.11,11.89,11.61
2022-06-26,0.01,17.81,10.53,7.6
2022-06-27,0.04,19.47,9.89,7.52
2022-06-28,0.02,22.27,10.76,13.96
2022-06-29,2.01,21.35,10.44,14.29
2022-06-30,0.64,20.41,8.04,15.22
2022-07-01,0.12,20.94,8.91,14.23
2022-07-02,0.05,23.29,9.81,14.2
2022-07-03,0.02,25.01,11.19,14.6
2022-07-04,0.01,24.95,12.11,14.8
2022-07-05,0.03,23.93,11.04,13.4
2022-07-06,0.14,23.21,10.85,12.94
2022-07-07,0.0,23.32,10.23,14.52
2022-07-08,0.01,24.21,13.85,12.45
2022-07-09,0.01,22.88,12.45,13.78
2022-07-10,0.01,23.3,10.14,13.54
2022-07-11,0.04,23.5,11.85,14.81
2022-07-12,0.81,21.65,12.52,11.04
2022-07-13,0.63,19.01,11.07,4.72
2022-07-14,0.09,23.7,12.33,13.21
2022-07-15,0.01,24.04,12.38,13.2
2022-07-16,0.11,25.17,13.83,13.62
2022-07-17,1.68,21.86,14.2,7.11
2022-07-18,6.63,17.41,12.05,5.8
2022-07-19,4.34,23.71,13.71,11.79
2022-07-20,0.04,22.2,13.82,12.88
2022-07-21,0.03,24.47,12.7,14.46
2022-07-22,0.01,25.14,13.01,14.98
2022-07-23,0.02,25.2,13.45,14.78
2022-07-24,0.01,25.33,11.41,14.94
2022-07-25,0.01,25.57,13.05,15.03
2022-07-26,0.01,24.98,12.61,14.2
2022-07-27,0.0,24.82,12.51,13.26
2022-07-28,0.0,25.63,11.11,15.1
2022-07-29,1.41,20.98,8.1,14.31
2022-07-30,0.52,19.63,4.05,18.14
2022-07-31,0.01,22.09,7.8,16.69
2022-08-01,0.0,24.87,11.11,12.58
2022-08-02,0.0,26.51,11.39,14.19
2022-08-03,0.01,26.35,12.45,14.79
2022-08-04,0.04,26.89,13.74,16.09
2022-08-05,0.27,26.14,14.16,10.49
2022-08-06,0.7,18.79,11.66,5.22
2022-08-07,18.64,18.24,11.54,2.57
2022-08-08,8.91,18.61,13.91,6.81
2022-08-09,15.93,17.66,13.38,2.11
2022-08-10,10.14,14.32,7.41,9.56
2022-08-11,0.53,16.77,7.37,16.82
2022-08-12,0.16,18.65,9.75,14.56
2022-08-13,0.08,22.49,10.04,16.91
2022-08-14,0.01,23.89,10.62,17.98
2022-08-15,0.0,25.13,10.58,18.81
2022-08-16,9.09,25.97,12.46,9.94
2022-08-17,23.7,19.36,14.05,3.35
2022-08-18,12.31,19.34,11.62,3.58
2022-08-19,1.05,14.56,4.69,17.78
2022-08-20,0.03,14.19,3.87,15.1
2022-08-21,0.15,16.25,7.61,7.86
2022-08-22,0.08,18.26,9.66,10.72
2022-08-23,0.03,20.62,10.6,14.86
2022-08-24,0.0,21.93,10.96,17.62
2022-08-25,0.0,23.03,11.73,18.0
2022-08-26,0.01,24.79,12.87,18.65
2022-08-27,0.0,25.76,10.85,20.12
2022-08-28,0.32,27.36,11.8,16.94
2022-08-29,0.21,15.81,7.31,13.46
2022-08-30,0.29,16.33,7.54,13.86
2022-08-31,0.14,20.38,8.98,16.48
2022-09-01,0.01,24.96,9.36,21.47
2022-09-02,1.24,26.51,10.35,16.43
2022-09-03,12.09,17.5,10.29,4.2
2022-09-04,0.87,14.22,8.26,9.96
2022-09-05,5.12,18.79,8.13,6.69
2022-09-06,21.36,15.61,10.48,3.88
2022-09-07,12.28,22.35,11.41,10.61
2022-09-08,0.28,25.72,12.79,20.24
2022-09-09,0.01,26.38,14.52,19.11
2022-09-10,0.83,28.04,15.66,12.41
2022-09-11,0.16,19.43,10.75,7.62
2022-09-12,7.95,22.09,10.24,7.8
2022-09-13,5.83,25.22,14.3,10.74
2022-09-14,20.27,18.1,13.6,2.68
2022-09-15,0.9,16.39,11.13,7.08
2022-09-16,1.16,18.51,10.51,16.25
2022-09-17,0.27,17.81,9.59,21.77
2022-09-18,0.05,21.29,10.19,25.0
2022-09-19,2.13,24.29,10.01,15.1
2022-09-20,6.59,25.38,12.95,16.21
2022-09-21,25.17,18.88,12.46,3.83
2022-09-22,0.6,22.4,11.55,10.54
2022-09-23,0.0,18.45,6.75,26.61
2022-09-24,0.02,20.95,5.97,25.67
2022-09-25,4.42,18.46,9.52,7.45
2022-09-26,20.06,18.48,11.87,4.43
2022-09-27,8.86,21.72,14.47,5.51
2022-09-28,10.63,16.81,11.47,5.38
2022-09-29,1.7,16.74,10.93,11.77
2022-09-30,3.04,18.5,10.52,4.57
2022-10-01,0.24,23.69,11.63,14.14
2022-10-02,0.78,23.8,13.54,20.49
2022-10-03,1.03,22.38,13.09,14.39
2022-10-04,0.19,24.82,13.13,16.02
2022-10-05,0.08,26.22,12.78,21.78
2022-10-06,23.41,25.14,14.55,8.62
2022-10-07,9.47,22.37,13.16,19.89
2022-10-08,0.04,23.75,9.86,27.75
2022-10-09,0.29,26.42,11.19,22.75
2022-10-10,0.18,20.32,13.19,4.68
2022-10-11,15.03,23.56,13.12,14.62
2022-10-12,9.85,22.98,15.96,5.99
2022-10-13,1.84,23.86,15.68,6.53
2022-10-14,6.49,21.59,13.53,4.39
2022-10-15,5.05,19.67,13.02,5.5
2022-10-16,3.87,22.38,14.4,9.72
2022-10-17,6.53,24.35,15.06,19.21
2022-10-18,4.44,21.31,14.08,7.76
2022-10-19,12.96,25.06,15.01,20.87
2022-10-20,13.04,24.16,16.2,5.73
2022-10-21,9.47,25.35,17.42,12.21
2022-10-22,0.26,24.64,14.36,25.32
2022-10-23,0.03,25.51,13.55,22.84
2022-10-24,0.13,26.03,14.84,25.76
2022-10-25,0.13,25.08,14.35,26.31
2022-10-26,0.03,25.62,13.66,29.95
2022-10-27,0.1,28.33,13.43,24.32
2022-10-28,0.11,27.81,16.59,25.46
2022-10-29,15.13,26.17,17.18,12.87
2022-10-30,12.25,26.76,17.65,19.39
2022-10-31,22.69,25.26,14.36,10.95
2022-11-01,3.16,17.24,9.25,7.74
2022-11-02,2.48,13.57,8.23,8.36
2022-11-03,0.3,17.98,8.91,19.8
2022-11-04,0.1,19.21,8.5,25.72
2022-11-05,0.02,19.9,9.98,25.87
2022-11-06,0.04,19.83,9.69,26.84
2022-11-07,0.01,21.4,9.71,26.08
2022-11-08,0.05,22.72,10.16,27.81
2022-11-09,0.12,24.73,10.73,29.61
2022-11-10,0.01,26.76,12.47,29.61
2022-11-11,12.98,23.98,14.66,7.88
2022-11-12,2.21,26.58,14.81,18.87
2022-11-13,29.61,26.17,16.21,20.41
2022-11-14,2.24,26.04,17.56,22.36
2022-11-15,0.04,24.68,14.93,31.36
2022-11-16,0.01,24.73,12.47,30.95
2022-11-17,0.0,23.52,11.41,32.31
2022-11-18,0.01,23.92,8.45,32.23
2022-11-19,0.01,25.26,12.43,30.33
2022-11-20,0.04,27.32,13.89,27.48
2022-11-21,1.21,28.4,15.83,21.92
2022-11-22,4.28,24.18,17.54,9.39
2022-11-23,5.04,27.54,16.55,19.52
2022-11-24,4.13,25.82,15.41,19.1
2022-11-25,0.91,24.41,13.38,21.68
2022-11-26,1.82,24.52,12.85,19.31
2022-11-27,8.19,23.55,15.42,20.01
2022-11-28,15.55,23.54,15.3,14.66
2022-11-29,7.98,22.83,16.63,16.57
2022-11-30,10.93,22.96,16.09,18.86
2022-12-01,10.26,26.35,16.74,23.59
2022-12-02,4.45,25.36,18.55,17.84
2022-12-03,8.06,26.58,17.92,14.37
2022-12-04,9.62,22.36,19.3,15.53
2022-12-05,11.8,27.06,19.53,15.84
2022-12-06,11.03,27.42,18.99,18.8
2022-12-07,1.94,28.31,18.88,25.79
2022-12-08,0.39,28.56,17.14,24.76
2022-12-09,7.28,29.3,18.06,22.16
2022-12-10,3.84,29.09,18.38,25.38
2022-12-11,3.04,26.98,19.65,14.45
2022-12-12,8.31,25.76,20.07,17.74
2022-12-13,16.42,24.13,15.13,18.97
2022-12-14,0.35,22.25,13.91,16.83
2022-12-15,0.01,25.06,13.09,27.44
2022-12-16,1.7,25.95,15.33,21.51
2022-12-17,1.57,25.14,15.48,23.08
2022-12-18,0.3,24.53,15.22,12.86
2022-12-19,6.68,22.45,15.57,7.13
2022-12-20,2.16,25.31,15.4,17.45
2022-12-21,1.61,24.35,14.48,20.47
2022-12-22,0.36,24.25,13.9,23.8
2022-12-23,0.11,24.98,13.36,23.58
2022-12-24,1.37,26.66,15.11,18.68
2022-12-25,1.56,28.24,15.91,15.14
2022-12-26,5.03,27.38,18.15,22.79
2022-12-27,1.82,28.89,19.22,21.6
2022-12-28,5.61,28.18,18.85,13.74
2022-12-29,4.59,28.45,18.9,19.7
2022-12-30,0.26,27.61,15.7,26.23
2022-12-31,1.43,29.19,16.11,19.32
2023-01-01,1.31,30.21,17.56,23.07
2023-01-02,1.15,29.57,18.35,17.35
2023-01-03,6.71,28.86,18.72,15.89
2023-01-04,26.54,23.76,14.65,6.03
2023-01-05,2.43,20.37,13.9,12.97
2023-01-06,0.1,23.06,13.47,22.74
2023-01-07,0.2,22.94,13.65,22.4
2023-01-08,0.38,24.61,15.03,16.39
2023-01-09,0.4,23.29,15.04,13.02
2023-01-10,2.04,26.47,15.29,16.65
2023-01-11,4.84,24.18,18.18,18.77
2023-01-12,2.72,25.71,18.31,19.05
2023-01-13,4.19,27.35,17.27,20.64
2023-01-14,3.78,27.37,18.89,17.41
2023-01-15,3.2,28.29,19.22,19.67
2023-01-16,2.94,25.46,19.5,19.99
2023-01-17,4.27,28.69,19.33,22.54
2023-01-18,3.19,28.34,18.88,24.07
2023-01-19,1.52,29.33,18.3,19.74
2023-01-20,1.66,27.03,18.12,13.58
2023-01-21,0.87,30.41,17.27,23.12
2023-01-22,3.4,30.18,19.31,19.08
2023-01-23,5.78,28.5,19.47,23.82
2023-01-24,0.4,30.65,17.39,28.17
2023-01-25,0.19,30.85,17.45,30.3
2023-01-26,0.01,30.48,16.67,29.97
2023-01-27,0.04,31.39,15.73,29.28
2023-01-28,0.16,33.3,17.29,29.19
2023-01-29,1.65,32.96,19.52,25.65
2023-01-30,5.75,24.34,19.73,12.58
2023-01-31,4.75,25.12,18.95,14.38
2023-02-01,6.27,25.62,18.65,17.97
2023-02-02,13.36,28.99,18.74,15.2
2023-02-03,5.5,26.51,19.46,15.47
2023-02-04,3.1,28.33,19.43,18.75
2023-02-05,0.71,28.9,18.23,21.02
2023-02-06,1.49,28.35,17.74,26.16
2023-02-07,3.21,28.34,18.21,20.76
2023-02-08,0.78,29.59,17.9,26.87
2023-02-09,0.17,31.97,16.65,28.62
2023-02-10,5.38,30.46,18.06,22.65
2023-02-11,4.26,26.49,19.26,13.55
2023-02-12,3.49,29.16,18.09,18.85
2023-02-13,4.35,29.25,19.55,18.48
2023-02-14,4.58,28.95,19.33,20.24
2023-02-15,2.79,27.3,19.61,18.14
2023-02-16,7.5,29.49,18.9,15.52
2023-02-17,15.12,24.85,19.73,11.98
2023-02-18,13.29,24.83,14.18,8.31
2023-02-19,3.63,20.1,13.72,8.2
2023-02-20,4.41,24.69,15.1,8.29
2023-02-21,2.65,25.39,16.64,14.61
2023-02-22,7.95,27.16,16.82,21.29
2023-02-23,13.29,24.76,18.58,8.16
2023-02-24,3.17,26.48,18.36,16.83
2023-02-25,0.15,28.19,18.85,23.61
2023-02-26,3.75,27.72,18.07,15.54
2023-02-27,2.63,25.93,17.14,19.25
2023-02-28,4.98,23.42,16.55,11.59
2023-03-01,2.09,26.28,16.07,14.64
2023-03-02,5.56,28.54,16.48,22.92
2023-03-03,10.06,28.63,18.36,20.86
2023-03-04,7.23,28.16,19.19,19.55
2023-03-05,4.31,27.94,19.19,20.08
2023-03-06,8.12,25.87,19.28,15.96
2023-03-07,2.05,25.58,18.86,21.42
2023-03-08,4.48,28.47,17.54,23.95
2023-03-09,29.74,26.68,18.79,17.38
2023-03-10,13.43,23.24,18.68,10.9
2023-03-11,4.6,23.24,17.64,12.67
2023-03-12,6.26,21.75,17.8,10.38
2023-03-13,2.45,24.05,18.17,13.21
2023-03-14,6.41,22.62,18.16,12.86
2023-03-15,1.6,26.14,18.29,12.72
2023-03-16,0.38,25.72,17.85,17.61
2023-03-17,0.11,26.14,17.0,21.99
2023-03-18,0.07,26.38,15.11,25.1
2023-03-19,0.77,28.23,16.41,22.4
2023-03-20,0.42,28.93,17.94,21.11
2023-03-21,0.41,29.58,18.25,22.86
2023-03-22,0.14,29.29,17.02,23.24
2023-03-23,0.06,29.87,17.83,23.71
2023-03-24,0.94,31.39,18.34,20.64
2023-03-25,0.61,29.99,18.76,18.92
2023-03-26,1.32,30.95,18.66,19.47
2023-03-27,0.81,27.2,17.01,9.56
2023-03-28,0.03,28.9,15.13,15.94
2023-03-29,3.7,26.88,17.91,15.73
2023-03-30,5.08,28.72,18.05,20.16
2023-03-31,1.54,29.37,17.57,20.92
2023-04-01,0.14,29.9,17.16,21.48
2023-04-02,0.06,27.44,14.45,13.4
2023-04-03,0.01,27.97,13.98,22.74
2023-04-04,0.04,29.42,15.17,20.33
2023-04-05,0.68,28.12,16.62,19.69
2023-04-06,2.09,25.14,16.28,13.52
2023-04-07,5.82,24.57,16.72,9.83
2023-04-08,2.26,20.89,16.13,11.56
2023-04-09,1.11,24.09,16.08,16.1
2023-04-10,0.1,26.15,15.3,19.4
2023-04-11,0.02,27.03,13.06,21.86
2023-04-12,0.12,27.92,14.76,16.24
2023-04-13,4.99,28.71,15.81,18.46
2023-04-14,11.48,24.13,17.88,7.04
2023-04-15,0.77,26.26,16.43,11.63
2023-04-16,4.07,26.09,15.94,15.73
2023-04-17,31.22,23.57,17.03,9.73
2023-04-18,23.34,24.8,13.67,4.87
2023-04-19,0.17,20.29,11.13,20.86
2023-04-20,0.0,19.5,9.81,21.21
2023-04-21,0.04,20.37,7.67,18.11
2023-04-22,0.03,22.47,12.89,17.97
2023-04-23,0.1,22.66,13.44,16.37
2023-04-24,0.05,23.44,14.58,16.8
2023-04-25,0.92,24.24,14.02,10.3
2023-04-26,0.84,22.2,14.39,10.36
2023-04-27,0.27,23.83,15.34,12.27
2023-04-28,0.29,22.41,13.97,11.67
2023-04-29,0.32,23.58,14.22,13.39
2023-04-30,0.15,24.7,14.58,14.27
2023-05-01,0.01,26.02,15.24,18.08
2023-05-02,0.07,25.34,14.16,17.44
2023-05-03,0.05,27.07,13.49,15.84
2023-05-04,0.33,27.97,14.95,16.04
2023-05-05,0.21,27.33,17.44,14.36
2023-05-06,0.01,28.02,17.43,13.96
2023-05-07,0.01,27.69,16.76,14.58
2023-05-08,0.78,27.5,16.4,13.1
2023-05-09,0.79,25.52,17.56,10.28
2023-05-10,0.76,25.5,15.79,9.75
2023-05-11,0.09,23.59,11.93,17.47
2023-05-12,0.01,19.45,11.21,14.71
2023-05-13,0.0,21.43,10.81,15.15
2023-05-14,0.01,23.46,9.07,16.35
2023-05-15,0.03,23.79,7.52,17.13
2023-05-16,0.01,24.83,8.92,17.41
2023-05-17,0.02,22.6,10.37,16.97
2023-05-18,0.03,23.57,9.61,17.12
2023-05-19,0.02,24.41,9.19,16.86
2023-05-20,0.03,25.24,9.78,14.35
2023-05-21,0.03,23.07,9.5,14.0
2023-05-22,0.01,22.08,11.13,10.94
2023-05-23,0.0,25.38,11.42,15.5
2023-05-24,0.02,24.14,10.43,15.26
2023-05-25,0.01,24.89,13.48,13.64
2023-05-26,0.01,24.76,13.45,13.37
2023-05-27,2.42,26.02,11.96,13.62
2023-05-28,5.39,16.68,13.03,3.18
2023-05-29,0.61,19.53,11.95,7.45
2023-05-30,1.32,16.19,11.94,5.08
2023-05-31,1.48,20.81,13.09,8.5
2023-06-01,0.01,23.0,12.23,12.47
2023-06-02,0.05,22.42,10.77,15.46
2023-06-03,0.04,24.08,10.51,15.94
2023-06-04,0.02,24.64,8.8,15.14
2023-06-05,0.05,24.39,9.47,14.07
2023-06-06,0.04,22.79,11.99,14.84
2023-06-07,0.02,23.63,11.38,14.72
2023-06-08,0.01,24.08,12.23,14.2
2023-06-09,0.03,24.21,9.89,15.0
2023-06-10,0.02,25.1,10.72,15.11
2023-06-11,0.01,26.34,13.96,14.61
2023-06-12,19.34,21.41,11.85,4.37
2023-06-13,15.54,11.97,10.21,2.45
2023-06-14,17.71,14.48,10.98,3.07
2023-06-15,11.07,14.24,9.25,3.48
2023-06-16,0.09,15.96,7.37,8.14
2023-06-17,0.07,17.48,7.87,11.32
2023-06-18,0.02,17.94,8.51,14.71
2023-06-19,0.27,17.74,8.41,14.9
2023-06-20,0.94,19.56,8.57,13.74
2023-06-21,0.03,21.61,8.07,11.7
2023-06-22,0.16,22.13,10.08,11.16
2023-06-23,0.04,22.98,11.63,12.39
2023-06-24,0.01,24.29,11.64,14.78
2023-06-25,0.06,24.54,11.2,14.82
2023-06-26,0.02,24.28,13.14,14.78
2023-06-27,0.06,23.29,9.68,15.0
2023-06-28,0.04,23.7,10.83,14.85
2023-06-29,0.1,20.31,10.15,9.44
2023-06-30,0.01,22.08,10.26,10.26
2023-07-01,0.08,23.88,10.78,12.96
2023-07-02,0.05,23.95,11.82,14.0
2023-07-03,0.08,20.23,12.44,9.11
2023-07-04,0.02,20.31,9.2,15.62
2023-07-05,0.07,22.12,8.64,14.82
2023-07-06,0.01,22.94,10.27,14.85
2023-07-07,0.11,24.3,9.66,14.45
2023-07-08,10.71,22.16,12.45,8.7
2023-07-09,10.51,17.74,13.28,4.71
2023-07-10,28.5,21.18,13.72,5.44
2023-07-11,12.86,21.46,14.49,9.52
2023-07-12,1.39,23.29,12.69,14.28
2023-07-13,6.47,18.05,10.17,15.74
2023-07-14,0.0,15.28,5.74,16.58
2023-07-15,0.01,16.99,6.12,15.82
2023-07-16,0.13,19.63,5.3,8.26
2023-07-17,10.46,21.08,10.11,9.83
2023-07-18,9.78,14.95,9.78,3.15
2023-07-19,0.06,15.03,9.69,5.99
2023-07-20,0.04,19.41,11.08,11.0
2023-07-21,0.02,22.17,11.52,11.44
2023-07-22,0.0,21.84,11.65,11.98
2023-07-23,0.0,22.55,9.8,14.4
2023-07-24,0.0,23.24,13.41,13.62
2023-07-25,0.0,23.19,13.0,12.24
2023-07-26,0.02,24.16,10.74,11.21
2023-07-27,2.45,24.17,14.17,13.22
2023-07-28,6.13,23.31,13.26,7.59
2023-07-29,1.08,16.3,10.78,6.25
2023-07-30,0.01,20.14,9.04,11.72
2023-07-31,0.01,22.71,8.04,15.48
2023-08-01,0.05,23.18,9.51,15.36
2023-08-02,0.02,25.23,11.65,17.3
2023-08-03,0.0,25.59,9.73,17.97
2023-08-04,0.02,24.75,11.24,15.86
2023-08-05,0.0,26.08,11.09,17.72
2023-08-06,0.01,26.51,11.6,17.77
2023-08-07,0.49,28.23,12.55,17.22
2023-08-08,5.27,19.04,11.18,4.81
2023-08-09,32.63,19.73,11.16,3.41
2023-08-10,0.7,23.46,12.78,11.89
2023-08-11,7.52,24.73,12.86,7.64
2023-08-12,4.78,25.98,14.01,4.41
2023-08-13,1.51,16.84,10.59,6.2
2023-08-14,0.15,20.43,9.54,10.77
2023-08-15,0.08,23.57,11.49,14.53
2023-08-16,0.12,24.32,13.99,10.78
2023-08-17,0.01,25.51,14.59,17.48
2023-08-18,0.04,26.63,13.09,18.51
2023-08-19,3.1,20.44,13.22,11.75
2023-08-20,0.06,22.66,11.83,13.59
2023-08-21,0.03,25.5,14.81,17.98
2023-08-22,0.01,27.08,12.51,19.36
2023-08-23,0.04,29.54,18.13,18.28
2023-08-24,0.4,29.85,18.83,16.49
2023-08-25,20.54,24.68,11.26,2.62
2023-08-26,1.57,15.89,8.61,8.15
2023-08-27,0.21,14.16,7.22,10.24
2023-08-28,0.2,16.28,7.98,6.64
2023-08-29,0.19,18.8,9.08,13.28
2023-08-30,0.01,23.97,10.24,19.19
2023-08-31,0.02,25.14,11.31,19.26
2023-09-01,0.02,25.5,10.56,19.32
2023-09-02,15.88,26.91,12.38,2.59
2023-09-03,0.88,27.08,16.78,18.88
2023-09-04,4.93,28.73,18.37,17.37
2023-09-05,0.34,25.89,13.6,16.52
2023-09-06,0.29,20.67,12.46,13.09
2023-09-07,2.63,24.23,12.75,14.22
2023-09-08,1.68,26.76,14.03,15.52
2023-09-09,2.33,21.38,15.84,5.61
2023-09-10,0.03,26.94,14.16,16.93
2023-09-11,0.01,28.98,14.3,20.65
2023-09-12,0.01,29.88,13.49,22.96
2023-09-13,2.87,26.91,14.66,18.94
2023-09-14,0.45,22.48,12.0,12.2
2023-09-15,0.18,24.23,10.14,22.23
2023-09-16,0.01,27.65,9.83,23.35
2023-09-17,0.03,31.93,13.9,23.87
2023-09-18,0.59,31.42,15.26,19.42
2023-09-19,6.49,31.19,18.04,18.74
2023-09-20,1.58,30.85,17.51,19.88
2023-09-21,0.01,32.26,16.28,22.93
2023-09-22,0.61,34.04,20.21,22.37
2023-09-23,0.15,34.6,18.1,23.17
2023-09-24,0.51,34.91,19.47,22.72
2023-09-25,2.22,32.2,19.13,10.81
2023-09-26,0.4,33.82,18.86,21.76
2023-09-27,1.64,33.65,19.36,18.69
2023-09-28,0.64,20.52,12.25,4.95
2023-09-29,0.5,25.62,12.7,9.75
2023-09-30,6.12,27.66,14.4,12.66
2023-10-01,4.95,27.56,17.89,13.4
2023-10-02,0.15,28.73,14.73,10.21
2023-10-03,1.37,31.11,15.07,16.6
2023-10-04,41.63,29.37,17.84,3.1
2023-10-05,32.38,25.96,16.29,8.92
2023-10-06,1.84,29.0,16.05,21.11
2023-10-07,42.47,28.65,13.04,14.93
2023-10-08,22.8,23.1,12.67,3.3
2023-10-09,9.4,24.07,15.09,18.94
2023-10-10,0.39,24.08,13.83,21.61
2023-10-11,0.13,27.78,13.45,26.41
2023-10-12,17.45,27.51,14.64,11.33
2023-10-13,14.4,16.86,12.11,3.61
2023-10-14,0.82,19.74,11.83,7.52
2023-10-15,0.38,24.34,13.05,14.83
2023-10-16,34.28,28.4,14.99,23.61
2023-10-17,12.67,26.68,18.17,6.77
2023-10-18,2.38,22.56,14.32,8.83
2023-10-19,1.44,19.92,12.77,11.14
2023-10-20,1.52,23.63,12.96,13.71
2023-10-21,0.73,24.43,13.13,21.14
2023-10-22,0.14,26.18,12.48,24.34
2023-10-23,0.42,28.94,15.27,24.19
2023-10-24,0.52,28.35,17.38,10.07
2023-10-25,3.9,26.89,17.89,14.49
2023-10-26,1.84,28.09,15.63,14.57
2023-10-27,12.64,20.44,14.5,3.93
2023-10-28,13.76,27.29,15.72,8.19
2023-10-29,30.86,26.29,19.04,6.56
2023-10-30,15.8,27.73,19.66,10.04
2023-10-31,9.52,26.72,17.95,7.7
2023-11-01,2.19,23.97,15.64,14.3
2023-11-02,0.24,24.51,14.91,18.09
2023-11-03,20.64,27.24,16.05,6.17
2023-11-04,0.62,22.48,11.42,31.65
2023-11-05,0.03,24.32,9.75,30.8
2023-11-06,0.0,23.21,11.1,30.97
2023-11-07,0.0,25.36,10.82,29.95
2023-11-08,0.01,28.67,13.28,28.45
2023-11-09,2.35,29.9,17.62,17.88
2023-11-10,0.83,28.35,17.78,23.11
2023-11-11,0.0,30.73,18.15,28.22
2023-11-12,0.0,32.46,19.63,28.77
2023-11-13,0.24,31.84,19.76,20.17
2023-11-14,3.55,32.61,19.85,21.21
2023-11-15,0.83,31.75,19.21,17.34
2023-11-16,0.19,32.97,20.28,20.41
2023-11-17,0.65,34.23,20.9,20.31
2023-11-18,2.04,33.85,22.56,19.81
2023-11-19,7.92,22.46,16.59,5.63
2023-11-20,0.59,26.93,15.51,13.24
2023-11-21,0.08,30.98,15.35,23.09
2023-11-22,5.81,30.21,19.59,20.23
2023-11-23,17.08,24.25,17.16,10.39
2023-11-24,8.87,18.36,11.95,5.71
2023-11-25,4.48,16.73,11.42,6.54
2023-11-26,0.58,24.16,12.69,11.42
2023-11-27,1.81,24.77,15.88,12.34
2023-11-28,6.69,25.03,17.97,13.85
2023-11-29,5.42,28.67,19.34,21.67
2023-11-30,0.46,29.93,19.76,27.47
2023-12-01,0.09,31.32,20.6,27.65
2023-12-02,0.07,32.05,20.92,30.32
2023-12-03,0.25,33.14,21.08,28.26
2023-12-04,1.95,31.28,20.63,25.02
2023-12-05,1.35,28.25,19.48,20.48
2023-12-06,0.76,29.32,20.02,23.95
2023-12-07,4.02,29.18,20.41,18.3
2023-12-08,4.8,29.03,16.47,18.71
2023-12-09,0.65,26.24,15.48,10.97
2023-12-10,16.39,23.55,15.03,10.66
2023-12-11,4.18,26.86,16.66,24.74
2023-12-12,0.21,26.76,14.68,28.35
2023-12-13,0.02,29.33,14.03,31.78
2023-12-14,0.0,32.18,16.37,31.02
2023-12-15,0.4,34.36,19.51,29.97
2023-12-16,0.08,33.69,20.42,28.55
2023-12-17,0.0,33.13,18.55,19.85
2023-12-18,0.51,33.33,20.3,28.45
2023-12-19,0.17,31.54,18.13,26.82
2023-12-20,0.12,29.42,17.79,27.76
2023-12-21,0.06,32.21,17.52,24.93
2023-12-22,1.67,34.29,18.59,28.7
2023-12-23,9.97,30.54,19.92,12.56
2023-12-24,2.28,31.6,18.77,26.54
2023-12-25,1.45,31.5,20.04,19.43
2023-12-26,0.24,32.86,20.36,28.02
2023-12-27,0.29,30.61,17.0,22.3
2023-12-28,0.21,33.28,15.58,31.21
2023-12-29,0.96,34.05,16.99,26.4
2023-12-30,0.41,31.04,19.46,13.75
2023-12-31,1.04,27.41,17.45,25.42
2024-01-01,0.2,30.37,16.55,24.92
2024-01-02,0.06,30.76,17.22,23.46
2024-01-03,0.85,30.7,17.91,24.75
2024-01-04,0.96,31.26,17.83,23.08
2024-01-05,1.01,30.46,16.79,24.77
2024-01-06,0.75,31.79,17.43,25.28
2024-01-07,0.32,33.82,18.04,27.87
2024-01-08,2.11,35.94,19.79,27.48
2024-01-09,5.34,33.65,21.43,27.48
2024-01-10,1.33,34.38,20.52,26.45
2024-01-11,4.81,29.88,21.22,19.03
2024-01-12,7.58,30.23,18.22,17.27
2024-01-13,0.79,29.88,16.91,17.96
2024-01-14,0.01,33.92,16.68,27.88
2024-01-15,0.31,32.39,20.89,21.36
2024-01-16,0.37,33.26,20.99,25.26
2024-01-17,5.51,33.25,22.0,15.61
2024-01-18,13.44,31.48,21.28,20.25
2024-01-19,4.11,30.78,21.28,16.92
2024-01-20,15.08,29.22,19.97,12.67
2024-01-21,4.28,29.08,18.06,22.76
2024-01-22,5.73,24.64,16.44,12.12
2024-01-23,6.71,22.91,15.96,15.54
2024-01-24,4.33,22.88,15.83,20.6
2024-01-25,3.5,19.81,14.23,16.25
2024-01-26,3.36,19.78,13.84,16.87
2024-01-27,1.07,25.56,14.07,21.31
2024-01-28,3.79,25.35,15.62,20.19
2024-01-29,2.58,28.35,15.93,24.52
2024-01-30,0.21,30.78,16.37,26.83
2024-01-31,4.34,31.62,17.8,20.85
2024-02-01,2.96,29.43,18.76,25.26
2024-02-02,0.79,29.67,17.45,25.22
2024-02-03,9.54,29.18,17.36,19.36
2024-02-04,0.99,30.21,18.18,21.26
2024-02-05,0.07,32.21,18.5,23.9
2024-02-06,0.08,33.1,18.81,26.19
2024-02-07,0.02,31.52,19.26,25.01
2024-02-08,0.07,33.82,19.35,26.41
2024-02-09,0.06,33.78,19.63,27.1
2024-02-10,0.16,33.32,19.9,24.62
2024-02-11,0.06,34.34,18.56,27.15
2024-02-12,0.11,33.11,20.59,19.38
2024-02-13,0.66,34.93,21.31,22.58
2024-02-14,18.82,28.7,17.91,7.31
2024-02-15,10.53,25.01,17.5,8.14
2024-02-16,1.15,25.55,16.71,9.36
2024-02-17,0.92,30.21,17.64,18.85
2024-02-18,6.0,28.25,18.45,14.18
2024-02-19,11.91,29.17,17.85,21.52
2024-02-20,14.54,26.11,18.3,15.25
2024-02-21,8.76,25.69,17.24,15.22
2024-02-22,1.43,28.38,17.0,17.98
2024-02-23,1.45,30.49,18.33,19.58
2024-02-24,1.23,31.61,19.76,21.53
2024-02-25,5.96,28.57,20.77,19.86
2024-02-26,1.77,29.55,19.93,15.33
2024-02-27,1.58,30.97,19.31,20.13
2024-02-28,2.2,32.36,20.7,23.32
2024-02-29,6.21,30.86,21.28,20.02
2024-03-01,4.29,30.18,19.44,19.3
2024-03-02,0.4,30.12,17.84,23.86
2024-03-03,0.74,32.18,17.76,24.2
2024-03-04,1.36,32.8,18.37,23.4
2024-03-05,6.75,30.37,19.58,20.2
2024-03-06,2.06,30.54,18.19,12.63
2024-03-07,0.58,30.09,17.96,14.19
2024-03-08,2.04,28.5,19.52,10.74
2024-03-09,6.42,29.91,20.46,17.48
2024-03-10,2.15,31.28,21.42,20.72
2024-03-11,0.21,30.69,18.67,25.39
2024-03-12,0.02,32.46,16.98,26.68
2024-03-13,0.0,34.28,16.9,25.93
2024-03-14,0.0,35.18,17.92,24.08
2024-03-15,0.06,35.97,19.6,23.01
2024-03-16,1.48,34.37,22.25,22.19
2024-03-17,8.0,32.09,21.55,9.11
2024-03-18,1.29,31.92,22.02,15.66
2024-03-19,15.19,29.17,21.49,15.04
2024-03-20,0.46,31.58,20.31,19.95
2024-03-21,3.22,28.41,21.94,15.43
2024-03-22,2.1,25.41,15.8,9.44
2024-03-23,0.74,21.34,15.42,8.23
2024-03-24,0.29,24.97,16.03,8.86
2024-03-25,0.07,29.77,16.65,16.2
2024-03-26,0.24,28.61,17.78,15.47
2024-03-27,0.01,27.34,16.27,18.26
2024-03-28,0.14,27.42,15.96,17.88
2024-03-29,0.14,29.74,16.1,18.34
2024-03-30,0.01,31.53,16.76,21.01
2024-03-31,0.0,31.19,18.33,19.79
2024-04-01,0.04,30.32,18.05,16.1
2024-04-02,0.29,27.1,17.18,18.26
2024-04-03,0.04,32.8,17.52,19.8
2024-04-04,0.0,33.9,19.01,19.99
2024-04-05,0.67,33.58,18.95,19.15
2024-04-06,0.76,26.64,16.36,15.75
2024-04-07,1.46,29.69,15.35,13.23
2024-04-08,15.26,28.04,17.91,6.53
2024-04-09,4.68,25.65,18.72,17.01
2024-04-10,0.01,29.17,18.79,16.81
2024-04-11,0.34,28.87,18.5,15.33
2024-04-12,0.22,27.66,17.64,15.02
2024-04-13,1.98,28.17,18.06,13.08
2024-04-14,16.03,23.62,18.96,4.89
2024-04-15,10.27,22.92,18.96,4.95
2024-04-16,9.69,24.05,18.94,9.55
2024-04-17,3.17,27.03,18.39,9.88
2024-04-18,0.34,23.83,13.61,13.94
2024-04-19,0.03,23.55,10.93,21.21
2024-04-20,0.04,26.14,11.31,18.68
2024-04-21,0.0,28.15,13.43,18.07
2024-04-22,0.01,28.74,13.78,19.23
2024-04-23,0.62,29.16,16.51,14.77
2024-04-24,0.66,27.8,17.78,12.52
2024-04-25,1.0,27.76,18.45,10.51
2024-04-26,0.03,30.06,17.14,13.99
2024-04-27,0.05,29.96,16.45,17.51
2024-04-28,0.06,30.44,18.01,15.72
2024-04-29,0.04,31.06,17.65,16.26
2024-04-30,0.0,31.26,17.27,17.98
2024-05-01,0.02,31.15,16.55,18.01
2024-05-02,0.08,29.41,17.65,16.18
2024-05-03,0.03,29.56,16.32,16.58
2024-05-04,0.02,30.05,18.05,16.69
2024-05-05,0.05,30.68,16.81,17.98
2024-05-06,0.01,30.06,14.89,18.31
2024-05-07,0.02,30.79,16.28,17.36
2024-05-08,0.01,29.54,17.65,15.23
2024-05-09,0.02,29.6,18.5,13.9
2024-05-10,0.02,29.24,17.57,14.01
2024-05-11,0.01,29.55,16.75,15.36
2024-05-12,0.0,29.36,16.1,16.91
2024-05-13,0.12,29.12,16.01,14.75
2024-05-14,4.57,22.36,15.38,5.64
2024-05-15,0.77,21.13,13.37,4.28
2024-05-16,0.07,26.75,14.49,11.56
2024-05-17,0.04,27.39,15.36,11.69
2024-05-18,4.72,24.16,17.98,6.81
2024-05-19,9.99,22.08,15.99,3.32
2024-05-20,0.31,26.13,14.89,12.95
2024-05-21,0.01,26.74,13.33,12.49
2024-05-22,0.01,27.47,13.87,15.01
2024-05-23,0.25,28.09,13.39,15.89
2024-05-24,13.23,20.99,15.55,3.92
2024-05-25,1.87,19.91,11.38,10.19
2024-05-26,6.13,14.15,10.54,3.62
2024-05-27,9.27,19.75,11.64,3.46
2024-05-28,1.3,19.1,7.93,15.78
2024-05-29,0.04,19.6,5.31,16.49
2024-05-30,0.14,19.96,7.76,15.78
2024-05-31,0.05,19.41,8.05,14.95
2024-06-01,0.06,22.91,10.38,15.7
2024-06-02,0.0,23.61,10.47,15.26
2024-06-03,0.03,25.44,11.31,14.51
2024-06-04,0.15,22.03,11.61,8.12
2024-06-05,0.02,24.72,11.17,12.94
2024-06-06,0.02,25.49,13.45,14.28
2024-06-07,0.05,26.03,12.13,14.59
2024-06-08,0.0,25.94,12.64,13.77
2024-06-09,0.01,26.69,11.29,14.5
2024-06-10,0.02,27.49,13.69,14.88
2024-06-11,0.03,27.09,14.0,14.69
2024-06-12,0.04,26.27,13.38,15.22
2024-06-13,0.03,26.41,10.2,15.14
2024-06-14,0.04,26.09,11.97,14.99
2024-06-15,0.0,27.26,12.85,14.85
2024-06-16,0.03,26.67,13.39,12.74
2024-06-17,0.03,26.04,14.11,12.17
2024-06-18,0.0,26.03,13.19,13.76
2024-06-19,0.02,26.83,12.17,14.91
2024-06-20,0.01,27.48,13.91,12.92
2024-06-21,0.01,25.82,12.98,14.65
2024-06-22,0.01,24.66,11.67,12.19
2024-06-23,0.05,27.58,13.23,14.22
2024-06-24,2.12,27.37,14.15,11.78
2024-06-25,16.46,16.6,12.4,5.7
2024-06-26,0.7,24.69,11.78,10.39
2024-06-27,0.37,23.61,12.46,14.35
2024-06-28,0.02,24.83,10.34,9.83
2024-06-29,4.85,20.06,10.56,6.12
2024-06-30,0.43,20.06,6.23,14.56
2024-07-01,0.17,22.54,6.85,14.63
2024-07-02,0.06,23.93,10.03,15.18
2024-07-03,0.01,25.06,9.98,14.71
2024-07-04,0.0,25.96,11.95,11.68
2024-07-05,0.07,26.01,12.42,13.92
2024-07-06,0.19,23.58,11.81,10.58
2024-07-07,1.09,25.67,10.89,11.89
2024-07-08,13.21,14.07,10.26,2.78
2024-07-09,15.02,12.62,9.07,1.77
2024-07-10,8.06,14.64,9.44,4.53
2024-07-11,1.47,21.58,9.94,10.26
2024-07-12,3.39,18.63,12.19,8.4
2024-07-13,2.94,14.19,9.76,4.08
2024-07-14,6.54,21.41,10.01,8.75
2024-07-15,4.86,15.04,11.8,4.98
2024-07-16,2.64,19.14,11.96,9.95
2024-07-17,0.21,23.5,11.36,13.93
2024-07-18,0.05,24.27,11.7,15.32
2024-07-19,0.04,24.33,11.35,14.15
2024-07-20,0.03,23.29,7.9,16.45
2024-07-21,0.05,24.81,8.33,16.5
2024-07-22,0.0,25.56,9.19,16.43
2024-07-23,0.01,24.5,9.68,16.02
2024-07-24,0.02,25.44,8.28,15.41
2024-07-25,0.0,25.59,11.45,16.0
2024-07-26,0.02,24.72,14.08,12.04
2024-07-27,0.0,24.69,13.69,12.78
2024-07-28,0.05,27.85,13.57,14.32
2024-07-29,0.85,24.13,12.8,4.28
2024-07-30,0.69,15.45,9.96,5.73
2024-07-31,0.17,22.64,10.87,12.3
2024-08-01,0.03,26.05,11.35,14.33
2024-08-02,0.13,25.4,12.25,16.66
2024-08-03,0.11,26.18,12.0,17.18
2024-08-04,0.01,26.67,11.78,16.2
2024-08-05,0.0,28.34,13.59,14.94
2024-08-06,0.02,28.03,13.36,16.75
2024-08-07,0.06,27.84,14.14,15.31
2024-08-08,0.8,24.58,14.19,6.65
2024-08-09,8.22,16.31,9.82,2.5
2024-08-10,0.12,18.44,4.47,19.43
2024-08-11,0.05,21.76,3.64,17.52
2024-08-12,0.11,18.76,4.62,20.0
2024-08-13,0.05,18.36,2.41,19.6
2024-08-14,0.02,24.49,4.24,18.69
2024-08-15,0.03,28.55,8.56,18.53
2024-08-16,0.01,30.68,12.27,17.95
2024-08-17,0.06,31.0,14.76,17.53
2024-08-18,0.0,31.62,17.28,17.77
2024-08-19,0.0,31.88,18.1,19.25
2024-08-20,0.18,31.63,14.47,18.89
2024-08-21,0.28,28.55,14.75,18.05
2024-08-22,0.06,30.56,11.71,19.34
2024-08-23,5.35,30.4,16.02,12.64
2024-08-24,24.43,16.81,12.16,1.01
2024-08-25,0.48,18.66,6.24,15.07
2024-08-26,0.02,18.61,2.15,22.45
2024-08-27,0.05,20.46,2.68,22.24
2024-08-28,0.06,22.48,5.97,18.79
2024-08-29,0.05,27.59,9.49,19.19
2024-08-30,0.15,29.71,14.64,20.93
2024-08-31,0.18,30.2,11.86,20.8
2024-09-01,0.04,29.98,13.39,17.71
2024-09-02,0.01,29.68,15.69,11.61
2024-09-03,0.04,31.81,15.66,17.94
2024-09-04,0.01,32.67,13.6,18.52
2024-09-05,0.5,29.59,12.51,8.25
2024-09-06,0.13,24.67,10.05,9.34
2024-09-07,0.06,32.92,13.64,15.11
2024-09-08,0.02,33.85,19.23,14.29
2024-09-09,0.05,32.79,19.29,15.75
2024-09-10,0.02,31.51,16.95,14.45
2024-09-11,0.01,32.3,14.33,20.96
2024-09-12,0.01,32.92,14.91,21.92
2024-09-13,0.03,32.82,15.57,20.41
2024-09-14,0.12,32.0,16.56,9.54
2024-09-15,19.66,18.74,13.01,1.66
2024-09-16,5.48,19.48,12.64,3.63
2024-09-17,0.29,20.91,11.79,14.97
2024-09-18,0.89,23.05,11.67,12.96
2024-09-19,1.57,26.54,13.38,11.71
2024-09-20,3.38,30.82,14.38,16.77
2024-09-21,5.18,25.24,16.34,8.96
2024-09-22,0.14,31.57,14.75,18.3
2024-09-23,0.1,33.26,17.22,20.23
2024-09-24,0.13,33.65,15.41,23.22
2024-09-25,0.1,34.94,16.59,22.97
2024-09-26,1.14,34.94,16.92,21.89
2024-09-27,4.79,28.36,15.94,11.21
2024-09-28,0.01,27.08,12.83,23.54
2024-09-29,0.0,31.3,11.21,24.24
2024-09-30,0.01,32.43,14.19,23.88
2024-10-01,0.01,35.11,16.74,24.16
2024-10-02,1.94,34.43,18.36,13.84
2024-10-03,7.4,21.85,12.61,5.4
2024-10-04,0.17,22.53,11.63,11.5
2024-10-05,0.05,28.55,11.46,25.77
2024-10-06,0.03,30.43,12.96,23.67
2024-10-07,0.02,29.92,14.29,19.98
2024-10-08,0.07,35.06,13.89,18.49
2024-10-09,3.36,25.51,15.61,6.11
2024-10-10,13.43,24.08,15.12,6.06
2024-10-11,10.51,27.53,16.47,5.35
2024-10-12,0.17,28.81,16.42,19.26
2024-10-13,0.04,26.78,14.1,23.79
2024-10-14,0.0,27.53,13.4,16.64
2024-10-15,2.2,30.47,14.33,20.8
2024-10-16,1.34,31.13,16.69,20.39
2024-10-17,0.12,32.51,16.01,22.04
2024-10-18,1.72,28.95,16.5,15.39
2024-10-19,9.87,20.46,13.21,5.82
2024-10-20,0.54,24.69,11.83,11.69
2024-10-21,0.42,28.35,15.68,12.89
2024-10-22,0.42,32.44,17.22,18.19
2024-10-23,11.7,29.38,20.32,9.2
2024-10-24,9.74,30.33,20.1,17.24
2024-10-25,7.88,30.73,20.98,15.67
2024-10-26,0.02,30.86,18.23,20.85
2024-10-27,0.17,26.67,15.25,15.9
2024-10-28,0.07,28.85,13.37,19.09
2024-10-29,0.56,30.57,15.49,24.81
2024-10-30,0.82,29.55,15.15,27.48
2024-10-31,0.21,28.54,15.96,25.31
2024-11-01,3.27,29.21,15.04,21.65
2024-11-02,11.69,23.66,17.3,10.31
2024-11-03,14.39,26.2,18.13,6.35
2024-11-04,3.34,28.45,17.52,8.87
2024-11-05,1.3,30.01,18.85,14.43
2024-11-06,10.62,27.04,18.78,11.71
2024-11-07,10.57,24.19,19.74,10.11
2024-11-08,6.63,26.86,16.67,18.48
2024-11-09,0.92,26.62,15.46,15.86
2024-11-10,0.06,28.17,13.75,21.45
2024-11-11,0.0,30.88,14.94,26.74
2024-11-12,3.52,31.34,16.55,20.3
2024-11-13,0.76,28.67,13.71,19.47
2024-11-14,0.0,26.95,13.28,21.61
2024-11-15,0.08,28.42,13.53,18.71
2024-11-16,0.04,26.43,16.92,21.01
2024-11-17,0.0,31.53,16.35,22.31
2024-11-18,0.0,34.29,17.27,28.38
2024-11-19,0.02,32.37,18.62,25.41
2024-11-20,0.13,34.64,18.8,19.59
2024-11-21,9.45,27.21,16.57,10.95
2024-11-22,0.79,28.05,16.13,15.78
2024-11-23,1.0,27.38,15.6,21.69
2024-11-24,0.17,27.35,14.56,24.12
2024-11-25,0.03,31.75,13.47,28.79
2024-11-26,0.03,31.79,16.1,26.19
2024-11-27,0.11,33.77,20.09,25.98
2024-11-28,11.56,28.46,20.52,15.59
2024-11-29,3.97,31.25,20.14,16.57
2024-11-30,0.69,34.12,20.72,20.91
2024-12-01,0.25,32.36,19.3,25.43
2024-12-02,9.06,31.56,21.53,11.8
2024-12-03,17.27,26.26,17.9,11.66
2024-12-04,1.53,24.68,16.58,9.0
2024-12-05,0.3,30.15,15.53,9.13
2024-12-06,4.02,30.3,18.93,15.79
2024-12-07,36.46,25.57,20.01,5.14
2024-12-08,17.79,22.83,17.09,6.96
2024-12-09,18.61,24.85,16.92,6.54
2024-12-10,22.71,25.93,17.4,14.64
2024-12-11,1.23,25.08,15.85,25.32
2024-12-12,0.06,25.39,14.63,29.33
2024-12-13,2.95,26.55,15.69,18.6
2024-12-14,7.04,24.89,17.6,10.29
2024-12-15,0.1,26.72,18.23,28.58
2024-12-16,0.07,26.65,15.56,32.1
2024-12-17,0.28,28.42,14.87,28.67
2024-12-18,0.12,29.42,15.06,27.65
2024-12-19,0.55,30.38,15.6,23.73
2024-12-20,6.32,28.88,19.95,6.68
2024-12-21,4.89,27.84,18.53,18.65
2024-12-22,1.05,30.8,17.94,15.44
2024-12-23,0.74,25.91,15.42,17.13
2024-12-24,0.12,29.87,16.06,26.26
2024-12-25,2.0,27.97,16.58,21.17
2024-12-26,6.04,28.7,18.13,14.55
2024-12-27,0.88,31.96,18.72,24.2
2024-12-28,3.89,32.17,18.38,23.94
2024-12-29,7.35,28.97,18.29,19.04
2024-12-30,0.74,29.81,17.06,23.81
2024-12-31,0.79,30.93,17.79,23.66
2025-01-01,2.98,30.54,18.02,20.42
2025-01-02,1.99,31.25,18.25,26.4
2025-01-03,2.07,31.49,17.92,27.28
2025-01-04,1.93,32.0,18.36,24.53
2025-01-05,1.53,31.68,18.38,24.4
2025-01-06,0.41,31.04,17.26,26.2
2025-01-07,1.14,30.62,18.03,22.63
2025-01-08,2.76,29.27,17.49,20.13
2025-01-09,1.47,28.85,16.9,21.27
2025-01-10,0.28,29.4,15.26,26.61
2025-01-11,2.9,29.81,15.76,12.5
2025-01-12,2.42,25.21,15.68,17.57
2025-01-13,0.1,28.17,14.5,26.77
2025-01-14,0.01,29.23,14.35,30.58
2025-01-15,0.05,31.23,14.82,23.97
2025-01-16,14.66,25.13,18.3,14.56
2025-01-17,22.29,24.32,19.37,5.32
2025-01-18,6.91,26.43,19.64,14.69
2025-01-19,10.99,27.86,19.84,11.26
2025-01-20,3.3,27.05,20.49,22.85
2025-01-21,2.79,28.07,19.62,22.18
2025-01-22,6.21,30.24,19.21,19.37
2025-01-23,3.56,30.35,19.79,23.29
2025-01-24,1.82,29.74,19.97,21.71
2025-01-25,2.86,31.66,19.49,23.19
2025-01-26,1.54,30.88,19.4,24.11
2025-01-27,1.29,30.51,17.99,18.52
2025-01-28,9.04,26.44,19.01,15.79
2025-01-29,4.09,29.61,18.37,16.52
2025-01-30,4.68,29.07,17.86,18.72
2025-01-31,5.07,28.94,17.89,17.73
2025-02-01,6.37,26.11,18.79,16.02
2025-02-02,3.47,28.38,18.92,19.21
2025-02-03,13.05,26.05,18.78,9.43
2025-02-04,12.53,24.43,19.34,6.41
2025-02-05,6.1,25.3,18.68,11.56
2025-02-06,2.17,25.56,19.23,15.69
2025-02-07,4.05,28.98,18.4,23.34
2025-02-08,1.34,26.68,20.0,18.7
2025-02-09,0.37,29.11,18.43,25.69
2025-02-10,0.07,31.13,18.59,27.65
2025-02-11,2.88,30.5,19.67,25.41
2025-02-12,1.86,31.11,17.78,24.73
2025-02-13,7.07,30.79,18.52,20.28
2025-02-14,1.41,28.81,19.68,19.69
2025-02-15,2.95,31.76,20.2,20.88
2025-02-16,1.08,31.94,20.87,25.43
2025-02-17,0.26,33.27,21.96,25.16
2025-02-18,6.92,30.83,19.77,15.55
2025-02-19,4.54,29.98,17.66,21.78
2025-02-20,2.86,31.91,19.49,23.35
2025-02-21,1.86,31.96,20.42,21.95
2025-02-22,0.24,29.67,19.47,19.14
2025-02-23,0.06,31.28,17.92,25.0
2025-02-24,0.71,30.83,18.74,22.67
2025-02-25,0.32,31.55,19.81,22.91
2025-02-26,0.82,33.6,20.04,25.46
2025-02-27,21.26,32.35,20.31,24.67
2025-02-28,5.17,29.82,18.43,25.09
2025-03-01,0.03,31.23,19.62,25.22
2025-03-02,0.03,32.69,19.4,26.16
2025-03-03,0.01,32.0,19.64,26.64
2025-03-04,0.02,31.07,18.04,23.77
2025-03-05,0.02,30.99,18.69,17.06
2025-03-06,0.11,31.09,18.94,22.32
2025-03-07,0.36,30.67,18.43,22.42
2025-03-08,0.03,32.41,18.51,22.57
2025-03-09,1.55,33.07,18.52,23.53
2025-03-10,1.85,27.63,18.63,17.67
2025-03-11,6.38,29.16,18.06,17.13
2025-03-12,5.71,30.09,18.38,13.27
2025-03-13,5.36,28.49,19.15,14.56
2025-03-14,0.71,29.8,18.91,16.71
2025-03-15,2.74,30.02,18.42,11.7
2025-03-16,3.55,26.57,17.09,9.86
2025-03-17,1.61,28.92,16.05,15.78
2025-03-18,4.7,30.19,17.39,16.41
2025-03-19,11.11,26.67,16.44,19.9
2025-03-20,0.29,26.56,15.09,23.88
2025-03-21,0.01,27.5,14.3,25.72
2025-03-22,0.38,29.48,14.36,22.16
2025-03-23,3.3,28.48,17.8,14.49
2025-03-24,3.35,30.02,17.54,22.2
2025-03-25,4.65,31.06,18.36,19.07
2025-03-26,7.11,25.02,18.47,15.71
2025-03-27,0.43,28.1,17.32,21.05
2025-03-28,0.09,30.13,17.5,17.68
2025-03-29,0.43,28.66,19.72,16.57
2025-03-30,0.04,28.67,18.76,17.9
2025-03-31,0.11,31.21,17.49,18.44
