data,PRECTOTCORR,T2M_MAX,T2M_MIN,ALLSKY_SFC_SW_DWN
2013-10-01,15.26,28.87,20.28,10.93
2013-10-02,19.47,28.15,19.88,8.37
2013-10-03,43.54,27.12,20.28,17.72
2013-10-04,2.09,27.31,18.31,7.31
2013-10-05,0.0,26.29,15.36,27.11
2013-10-06,0.0,26.68,12.34,26.75
2013-10-07,0.01,26.66,13.25,25.17
2013-10-08,0.05,26.38,12.91,20.25
2013-10-09,0.0,28.46,13.53,27.09
2013-10-10,0.0,29.53,14.6,22.84
2013-10-11,0.02,29.45,16.29,20.89
2013-10-12,0.23,29.62,18.2,10.83
2013-10-13,0.0,32.02,17.71,21.74
2013-10-14,0.03,31.72,20.66,18.9
2013-10-15,6.51,26.73,21.11,13.12
2013-10-16,9.2,25.71,19.07,6.29
2013-10-17,0.4,28.43,17.87,14.58
2013-10-18,0.12,29.97,19.06,23.62
2013-10-19,0.0,30.46,16.14,29.08
2013-10-20,0.0,33.43,16.13,27.72
2013-10-21,8.12,32.97,21.37,24.37
2013-10-22,0.0,30.39,21.12,23.24
2013-10-23,0.0,30.92,21.95,21.65
2013-10-24,2.61,32.7,21.69,20.91
2013-10-25,3.45,29.06,21.62,22.2
2013-10-26,0.14,33.54,19.05,18.9
2013-10-27,0.43,33.42,22.5,24.13
2013-10-28,0.01,31.73,17.84,29.3
2013-10-29,0.0,31.34,14.26,28.2
2013-10-30,0.0,31.62,17.31,27.42
2013-10-31,0.0,33.81,19.16,27.14
2013-11-01,0.14,33.07,18.48,24.68
2013-11-02,0.68,33.82,18.99,22.7
2013-11-03,4.8,28.0,22.87,16.82
2013-11-04,3.76,27.28,21.1,14.22
2013-11-05,0.03,29.83,18.28,22.65
2013-11-06,0.16,29.03,17.44,12.15
2013-11-07,0.04,28.93,16.13,19.35
2013-11-08,0.01,32.12,17.14,26.84
2013-11-09,0.0,35.19,19.58,27.32
2013-11-10,0.23,36.89,21.62,24.82
2013-11-11,15.95,34.5,24.56,16.86
2013-11-12,0.87,30.82,21.96,19.92
2013-11-13,0.0,34.41,18.05,30.26
2013-11-14,0.0,34.46,17.22,30.4
2013-11-15,0.13,35.31,18.65,29.16
2013-11-16,2.6,32.59,21.99,7.02
2013-11-17,4.6,31.72,19.35,20.04
2013-11-18,0.02,32.99,19.85,22.98
2013-11-19,1.53,33.89,22.41,21.9
2013-11-20,0.33,34.21,22.73,22.13
2013-11-21,2.22,30.57,23.11,18.23
2013-11-22,12.95,29.78,20.9,13.37
2013-11-23,0.05,29.48,18.73,17.86
2013-11-24,1.87,26.27,18.95,16.24
2013-11-25,3.04,29.09,20.58,16.38
2013-11-26,0.06,32.19,18.59,25.7
2013-11-27,0.0,32.87,20.13,28.27
2013-11-28,0.0,36.4,20.47,29.91
2013-11-29,5.84,35.53,24.43,25.04
2013-11-30,0.84,32.58,22.77,25.31
2013-12-01,4.26,30.51,22.43,24.18
2013-12-02,0.32,31.1,22.16,18.96
2013-12-03,0.16,35.06,22.53,27.93
2013-12-04,0.35,37.21,21.32,29.71
2013-12-05,3.68,35.81,24.23,25.74
2013-12-06,0.2,33.78,22.69,25.86
2013-12-07,1.62,29.13,24.32,18.24
2013-12-08,2.29,34.03,23.09,24.2
2013-12-09,2.22,31.35,24.17,21.82
2013-12-10,4.73,27.87,23.35,18.06
2013-12-11,1.53,32.17,21.55,22.4
2013-12-12,0.0,33.48,20.21,27.79
2013-12-13,0.0,34.4,19.17,28.63
2013-12-14,7.96,33.6,22.32,23.46
2013-12-15,0.34,35.09,20.79,26.11
2013-12-16,0.01,36.38,21.51,27.84
2013-12-17,0.0,35.25,20.48,30.97
2013-12-18,0.0,35.79,19.37,30.86
2013-12-19,0.0,36.01,19.83,30.17
2013-12-20,0.16,36.66,21.55,24.11
2013-12-21,0.16,36.5,22.03,28.57
2013-12-22,0.06,36.06,20.87,27.9
2013-12-23,1.05,28.84,22.07,20.12
2013-12-24,0.22,30.19,21.34,23.03
2013-12-25,0.42,32.04,22.03,17.68
2013-12-26,0.06,38.09,22.24,25.17
2013-12-27,5.03,36.28,25.15,19.91
2013-12-28,11.06,33.67,24.51,15.46
2013-12-29,11.01,29.17,23.53,16.43
2013-12-30,2.71,29.57,22.61,14.3
2013-12-31,33.18,27.86,23.04,19.3
2014-01-01,15.89,28.68,22.25,17.73
2014-01-02,1.67,30.01,22.74,25.13
2014-01-03,23.02,30.79,23.52,24.05
2014-01-04,27.81,31.68,22.9,27.99
2014-01-05,2.22,31.12,21.11,25.97
2014-01-06,4.39,30.13,21.86,23.12
2014-01-07,1.41,31.06,20.56,22.98
2014-01-08,4.76,28.71,23.29,26.65
2014-01-09,0.12,27.82,21.21,17.59
2014-01-10,0.11,30.18,20.75,27.83
2014-01-11,0.21,31.23,21.44,26.99
2014-01-12,11.79,29.12,22.8,18.8
2014-01-13,7.86,27.77,20.48,10.51
2014-01-14,0.61,30.27,18.93,21.42
2014-01-15,1.3,29.97,20.43,19.73
2014-01-16,3.4,27.81,20.1,16.49
2014-01-17,0.08,30.31,19.55,23.14
2014-01-18,1.37,30.43,21.25,28.07
2014-01-19,0.29,31.73,20.2,30.05
2014-01-20,0.0,34.03,19.1,29.75
2014-01-21,0.02,33.32,21.71,27.59
2014-01-22,5.1,31.82,22.5,25.5
2014-01-23,0.58,30.62,22.77,21.84
2014-01-24,18.67,32.01,22.01,26.05
2014-01-25,0.62,30.04,23.16,25.93
2014-01-26,11.54,30.79,21.06,23.56
2014-01-27,3.72,31.81,20.91,23.46
2014-01-28,0.11,32.61,20.87,28.7
2014-01-29,0.0,33.99,21.02,30.43
2014-01-30,0.0,33.44,21.7,28.46
2014-01-31,0.11,34.6,23.11,29.54
2014-02-01,0.15,35.36,24.17,27.82
2014-02-02,0.0,35.62,21.83,27.78
2014-02-03,0.0,35.08,22.09,29.15
2014-02-04,0.0,37.75,23.12,28.33
2014-02-05,0.1,38.14,24.06,27.6
2014-02-06,0.04,36.92,26.9,28.0
2014-02-07,0.01,38.42,24.03,29.6
2014-02-08,1.07,37.12,22.22,28.92
2014-02-09,0.08,37.83,24.08,25.98
2014-02-10,0.04,39.6,22.84,27.32
2014-02-11,0.15,35.78,24.96,22.64
2014-02-12,0.84,33.39,22.75,17.57
2014-02-13,3.54,32.47,22.68,16.16
2014-02-14,23.51,32.67,21.74,19.68
2014-02-15,26.01,28.3,19.84,12.23
2014-02-16,7.07,29.78,20.24,17.11
2014-02-17,0.52,30.89,19.38,20.55
2014-02-18,0.04,31.33,20.72,22.97
2014-02-19,1.75,31.32,20.14,26.97
2014-02-20,4.03,31.3,19.16,22.95
2014-02-21,14.41,27.86,22.43,12.27
2014-02-22,12.24,27.79,21.53,13.79
2014-02-23,11.52,28.08,20.73,14.99
2014-02-24,3.04,28.95,21.1,14.0
2014-02-25,0.22,29.51,20.44,16.73
2014-02-26,0.04,30.92,20.53,23.46
2014-02-27,9.62,29.94,21.33,20.42
2014-02-28,6.82,29.63,21.65,22.57
2014-03-01,1.14,30.39,21.24,22.61
2014-03-02,0.25,31.29,19.71,23.91
2014-03-03,11.46,29.38,21.21,18.67
2014-03-04,4.8,28.55,21.49,17.54
2014-03-05,4.2,28.96,21.53,15.81
2014-03-06,1.39,31.19,21.46,21.81
2014-03-07,6.86,29.9,22.38,12.88
2014-03-08,0.03,30.06,20.53,16.77
2014-03-09,0.05,31.03,19.78,25.21
2014-03-10,0.08,29.35,20.7,22.93
2014-03-11,2.14,28.28,22.06,20.28
2014-03-12,1.23,26.81,21.23,8.89
2014-03-13,2.98,30.29,19.91,17.45
2014-03-14,0.09,30.81,19.63,22.36
2014-03-15,0.12,32.81,21.11,23.28
2014-03-16,0.1,32.79,21.59,21.08
2014-03-17,2.45,32.97,21.85,20.48
2014-03-18,0.15,33.52,22.14,24.13
2014-03-19,2.65,32.33,20.92,21.68
2014-03-20,3.88,29.07,22.42,12.1
2014-03-21,13.67,27.14,22.44,8.98
2014-03-22,2.25,29.97,21.5,13.91
2014-03-23,0.0,30.91,20.32,19.69
2014-03-24,0.0,30.4,17.35,22.47
2014-03-25,0.0,30.2,18.41,22.64
2014-03-26,0.64,31.24,18.59,23.06
2014-03-27,0.07,31.83,18.91,22.29
2014-03-28,0.02,31.24,19.84,21.19
2014-03-29,2.64,30.39,21.34,18.89
2014-03-30,17.49,26.66,21.5,9.59
2014-03-31,3.73,26.66,21.32,14.49
2014-04-01,0.4,31.16,20.74,19.87
2014-04-02,0.02,31.7,20.81,21.96
2014-04-03,0.0,31.75,19.93,22.22
2014-04-04,0.0,32.05,19.98,21.3
2014-04-05,0.0,32.11,19.97,22.14
2014-04-06,0.0,33.51,20.26,21.96
2014-04-07,0.0,33.98,21.52,21.41
2014-04-08,1.62,34.23,22.08,20.38
2014-04-09,14.44,30.46,23.62,14.32
2014-04-10,0.04,29.33,21.74,16.54
2014-04-11,4.77,30.25,21.74,17.85
2014-04-12,10.51,27.82,22.7,14.88
2014-04-13,0.64,29.35,22.1,11.03
2014-04-14,4.68,27.14,19.95,12.48
2014-04-15,7.54,24.49,17.44,6.64
2014-04-16,0.08,29.01,17.54,16.18
2014-04-17,0.06,30.64,18.7,19.79
2014-04-18,0.02,30.76,19.12,17.81
2014-04-19,7.1,30.67,19.68,17.24
2014-04-20,0.0,30.01,19.95,17.74
2014-04-21,0.8,29.19,20.51,18.2
2014-04-22,7.12,28.12,20.1,12.24
2014-04-23,0.03,27.35,19.69,14.49
2014-04-24,0.01,28.48,19.62,15.68
2014-04-25,0.05,27.71,16.78,18.67
2014-04-26,0.0,28.12,15.45,20.56
2014-04-27,0.05,27.04,14.25,20.68
2014-04-28,0.0,27.76,13.16,20.28
2014-04-29,0.0,28.75,13.59,19.46
2014-04-30,0.0,29.2,16.11,17.21
2014-05-01,6.09,23.73,15.63,5.23
2014-05-02,0.0,27.85,15.61,16.09
2014-05-03,0.0,28.27,17.16,14.29
2014-05-04,0.05,30.61,15.26,18.81
2014-05-05,0.01,30.97,17.07,15.03
2014-05-06,0.1,28.24,18.38,11.35
2014-05-07,0.02,31.39,17.64,16.46
2014-05-08,0.05,31.21,17.26,18.07
2014-05-09,0.0,29.98,17.68,18.07
2014-05-10,0.07,27.87,14.73,18.02
2014-05-11,0.04,27.74,13.53,17.31
2014-05-12,0.05,29.48,13.71,17.76
2014-05-13,0.0,30.25,15.42,14.92
2014-05-14,0.05,29.42,17.61,14.44
2014-05-15,0.0,29.68,15.58,15.66
2014-05-16,0.0,30.81,16.52,11.81
2014-05-17,0.49,30.16,16.9,14.85
2014-05-18,0.09,30.4,17.45,15.83
2014-05-19,0.0,30.66,16.21,16.87
2014-05-20,0.05,30.64,15.29,16.66
2014-05-21,0.06,31.78,15.6,15.91
2014-05-22,26.18,28.39,19.5,7.34
2014-05-23,19.65,25.2,17.08,5.26
2014-05-24,0.13,24.83,16.18,6.69
2014-05-25,3.21,23.29,16.36,4.92
2014-05-26,0.29,20.1,11.04,9.01
2014-05-27,0.0,20.89,9.29,8.57
2014-05-28,0.0,22.75,10.58,10.66
2014-05-29,0.03,24.52,11.99,14.72
2014-05-30,0.0,25.73,12.73,17.08
2014-05-31,0.01,27.64,12.32,14.74
2014-06-01,0.94,22.5,17.21,5.09
2014-06-02,0.01,22.84,10.18,17.28
2014-06-03,0.0,22.8,6.76,17.48
2014-06-04,0.05,25.61,7.59,15.96
2014-06-05,0.36,29.82,15.56,12.95
2014-06-06,0.23,28.82,18.47,3.84
2014-06-07,0.0,31.01,19.98,13.07
2014-06-08,0.18,31.15,18.0,13.44
2014-06-09,2.42,26.82,18.71,9.95
2014-06-10,0.0,27.84,16.95,12.31
2014-06-11,0.0,28.21,15.47,15.75
2014-06-12,0.0,28.96,16.63,15.59
2014-06-13,0.01,29.01,16.19,14.69
2014-06-14,0.06,29.48,15.88,9.97
2014-06-15,0.06,29.76,16.52,13.82
2014-06-16,0.07,29.77,16.2,14.78
2014-06-17,0.36,29.78,15.64,15.37
2014-06-18,1.41,29.65,14.92,14.25
2014-06-19,6.6,25.6,14.61,13.81
2014-06-20,0.0,24.62,11.99,13.99
2014-06-21,0.05,25.76,11.16,12.03
2014-06-22,0.07,26.52,11.85,15.47
2014-06-23,0.04,29.24,14.75,14.26
2014-06-24,0.0,29.43,15.24,15.15
2014-06-25,0.06,29.34,15.08,14.01
2014-06-26,0.0,29.64,16.0,14.27
2014-06-27,0.0,30.94,16.6,15.29
2014-06-28,0.54,28.94,17.95,9.44
2014-06-29,0.27,22.08,12.12,7.49
2014-06-30,0.0,22.64,8.85,16.64
2014-07-01,0.0,26.81,8.53,16.47
2014-07-02,0.0,30.31,14.25,14.84
2014-07-03,0.05,31.73,16.68,15.06
2014-07-04,0.0,31.97,16.96,15.1
2014-07-05,0.0,30.54,16.74,15.2
2014-07-06,0.0,29.9,14.69,14.08
2014-07-07,0.46,21.11,16.26,7.39
2014-07-08,3.12,26.13,15.66,11.72
2014-07-09,6.48,24.39,16.18,7.61
2014-07-10,0.78,25.61,15.66,7.28
2014-07-11,0.01,25.71,12.64,15.92
2014-07-12,0.08,26.61,12.71,16.16
2014-07-13,0.0,27.64,12.93,16.53
2014-07-14,0.05,27.96,12.89,16.55
2014-07-15,0.01,28.42,13.85,16.4
2014-07-16,0.0,29.69,14.98,15.94
2014-07-17,0.06,30.63,17.82,15.9
2014-07-18,6.21,23.1,13.71,8.98
2014-07-19,0.01,23.71,9.77,16.81
2014-07-20,0.09,25.26,7.15,17.51
2014-07-21,0.05,27.58,8.49,17.44
2014-07-22,0.01,30.72,11.45,16.94
2014-07-23,3.47,31.28,17.1,13.21
2014-07-24,24.34,21.11,12.66,2.08
2014-07-25,0.42,20.19,10.8,15.49
2014-07-26,3.85,21.82,11.23,13.45
2014-07-27,2.69,22.71,12.18,7.41
2014-07-28,0.07,23.59,13.14,9.78
2014-07-29,0.0,26.14,13.05,17.03
2014-07-30,0.0,27.32,13.52,16.93
2014-07-31,0.0,28.21,13.07,18.05
2014-08-01,0.0,29.63,14.39,18.13
2014-08-02,0.0,29.98,14.37,18.38
2014-08-03,0.0,30.91,15.13,18.51
2014-08-04,0.0,31.41,15.23,17.38
2014-08-05,0.05,29.06,16.19,17.4
2014-08-06,0.0,29.06,11.7,18.6
2014-08-07,0.0,30.29,15.03,18.47
2014-08-08,0.0,30.71,14.53,18.76
2014-08-09,0.0,29.28,14.7,17.53
2014-08-10,0.0,27.55,13.88,17.03
2014-08-11,0.0,31.76,14.3,19.18
2014-08-12,0.03,32.53,18.05,18.86
2014-08-13,3.97,27.19,14.21,3.78
2014-08-14,0.0,24.87,10.89,19.32
2014-08-15,0.0,30.75,12.89,17.63
2014-08-16,0.0,31.27,16.74,16.98
2014-08-17,0.03,29.61,18.41,14.37
2014-08-18,0.0,30.32,16.47,18.53
2014-08-19,0.0,30.91,16.11,20.5
2014-08-20,0.0,31.07,13.05,21.5
2014-08-21,0.0,32.77,14.24,20.87
2014-08-22,0.0,33.75,15.31,21.33
2014-08-23,0.0,34.15,16.24,21.05
2014-08-24,0.0,34.08,15.65,21.15
2014-08-25,0.02,34.66,16.19,20.56
2014-08-26,0.7,27.34,17.4,14.12
2014-08-27,0.08,27.47,14.52,17.63
2014-08-28,0.0,31.61,14.75,16.89
2014-08-29,0.0,31.88,15.93,19.38
2014-08-30,0.0,34.71,15.91,20.63
2014-08-31,0.34,36.61,18.31,17.96
2014-09-01,1.03,34.14,18.56,17.02
2014-09-02,6.81,36.44,21.62,17.55
2014-09-03,0.13,33.41,21.13,15.93
2014-09-04,0.0,31.19,18.01,21.16
2014-09-05,0.0,30.92,14.93,22.28
2014-09-06,0.0,33.0,15.3,22.51
2014-09-07,3.16,27.31,17.97,5.29
2014-09-08,0.0,33.1,17.55,21.21
2014-09-09,0.0,34.64,17.69,21.3
2014-09-10,0.0,35.88,17.51,23.12
2014-09-11,0.0,37.11,19.2,22.47
2014-09-12,0.0,36.3,18.65,23.67
2014-09-13,0.0,35.58,17.32,22.85
2014-09-14,0.0,36.9,17.03,24.09
2014-09-15,0.01,36.5,20.06,10.64
2014-09-16,0.0,32.63,18.06,24.37
2014-09-17,0.0,36.18,17.14,23.95
2014-09-18,0.13,37.78,19.17,14.63
2014-09-19,10.1,35.34,21.83,11.67
2014-09-20,15.44,30.45,20.99,6.23
2014-09-21,0.61,30.41,17.82,25.37
2014-09-22,0.04,30.39,14.98,24.47
2014-09-23,0.0,34.36,13.54,24.74
2014-09-24,22.82,33.8,21.65,9.52
2014-09-25,9.1,29.49,21.71,13.62
2014-09-26,20.78,29.06,21.73,10.55
2014-09-27,5.69,28.2,21.38,4.25
2014-09-28,0.01,29.15,19.45,13.43
2014-09-29,22.65,30.47,21.27,14.83
2014-09-30,1.42,28.77,20.17,17.81
2014-10-01,8.07,31.76,21.87,11.42
2014-10-02,0.01,29.53,16.81,24.58
2014-10-03,0.0,28.17,14.05,26.66
2014-10-04,0.0,27.9,12.2,25.94
2014-10-05,0.0,28.87,12.71,23.87
2014-10-06,0.0,29.71,13.4,25.4
2014-10-07,0.0,30.34,14.26,22.43
2014-10-08,0.0,32.45,15.75,27.71
2014-10-09,0.0,34.04,15.96,27.64
2014-10-10,0.0,36.08,18.64,27.04
2014-10-11,0.0,37.47,20.54,25.87
2014-10-12,0.0,38.08,20.57,27.4
2014-10-13,0.0,38.75,20.65,26.3
2014-10-14,0.01,40.14,25.97,24.91
2014-10-15,0.0,40.01,24.64,25.31
2014-10-16,0.0,40.76,22.13,25.12
2014-10-17,0.02,39.45,22.96,23.56
2014-10-18,0.0,40.43,23.18,21.84
2014-10-19,0.98,39.14,23.93,20.74
2014-10-20,0.96,36.5,22.57,8.47
2014-10-21,0.0,32.43,20.61,25.13
2014-10-22,0.0,35.3,17.28,28.07
2014-10-23,14.29,34.7,18.38,26.38
2014-10-24,2.19,32.43,20.88,21.36
2014-10-25,8.09,24.4,20.19,10.72
2014-10-26,0.05,31.6,19.32,20.06
2014-10-27,0.02,33.1,20.2,26.04
2014-10-28,0.0,34.44,18.58,29.77
2014-10-29,0.0,35.42,16.84,30.41
2014-10-30,19.49,35.8,20.83,25.94
2014-10-31,5.12,29.55,21.95,16.94
2014-11-01,4.46,31.91,21.08,16.5
2014-11-02,17.96,29.56,22.8,23.24
2014-11-03,9.47,28.46,22.07,15.48
2014-11-04,30.2,26.94,21.59,13.16
2014-11-05,3.01,31.04,21.81,20.88
2014-11-06,0.48,31.96,19.48,28.27
2014-11-07,17.0,29.32,22.58,20.58
2014-11-08,0.07,28.86,21.9,15.96
2014-11-09,0.0,31.22,19.97,24.59
2014-11-10,0.0,32.16,18.71,28.6
2014-11-11,0.01,32.38,16.2,28.66
2014-11-12,7.61,28.32,18.41,17.56
2014-11-13,0.07,32.23,19.85,26.91
2014-11-14,0.44,31.01,19.89,23.15
2014-11-15,0.0,30.88,16.95,30.09
2014-11-16,0.0,30.76,15.5,31.37
2014-11-17,0.0,32.16,15.89,29.78
2014-11-18,0.13,33.09,15.83,28.72
2014-11-19,6.18,33.68,20.42,24.9
2014-11-20,7.99,30.47,22.09,17.91
2014-11-21,3.42,32.6,20.67,19.99
2014-11-22,18.45,27.23,21.46,4.92
2014-11-23,3.86,30.24,20.78,16.62
2014-11-24,5.43,29.62,21.87,17.34
2014-11-25,26.64,26.55,21.79,13.96
2014-11-26,4.26,28.94,21.0,16.03
2014-11-27,3.85,28.12,21.63,15.89
2014-11-28,1.96,29.5,21.61,23.39
2014-11-29,0.17,27.92,19.53,24.46
2014-11-30,7.12,28.24,21.37,19.07
2014-12-01,0.73,30.68,21.33,20.49
2014-12-02,0.08,27.87,20.85,24.89
2014-12-03,0.17,31.46,21.39,17.36
2014-12-04,31.73,30.51,21.92,19.72
2014-12-05,0.03,29.42,18.55,25.53
2014-12-06,0.38,30.5,17.37,27.57
2014-12-07,0.27,30.14,21.47,26.72
2014-12-08,4.63,26.84,21.02,19.15
2014-12-09,9.51,27.27,20.39,12.8
2014-12-10,15.36,25.99,20.6,17.34
2014-12-11,6.07,28.77,20.51,22.53
2014-12-12,19.18,28.79,20.81,18.7
2014-12-13,17.67,28.33,21.78,17.57
2014-12-14,3.01,30.65,21.29,24.02
2014-12-15,0.03,30.45,18.36,30.08
2014-12-16,0.02,30.32,16.93,30.32
2014-12-17,0.01,31.31,18.96,27.88
2014-12-18,0.03,31.2,20.47,26.1
2014-12-19,6.18,29.78,22.21,25.63
2014-12-20,1.51,31.83,22.23,24.91
2014-12-21,3.23,27.17,23.08,14.04
2014-12-22,24.41,25.93,22.67,11.44
2014-12-23,17.27,25.89,21.05,9.75
2014-12-24,10.87,28.78,18.12,12.44
2014-12-25,0.63,30.23,19.88,23.39
2014-12-26,0.05,31.17,21.6,28.59
2014-12-27,0.0,32.35,22.49,25.78
2014-12-28,0.24,32.67,24.19,21.77
2014-12-29,5.88,30.88,22.45,20.38
2014-12-30,6.09,30.86,21.86,26.73
2014-12-31,7.14,28.36,22.78,25.08
2015-01-01,2.45,29.94,21.75,26.04
2015-01-02,0.56,29.24,23.28,27.75
2015-01-03,3.36,30.63,23.11,24.49
2015-01-04,4.79,30.33,22.39,15.84
2015-01-05,15.03,29.62,20.88,24.67
2015-01-06,3.67,29.96,21.56,17.6
2015-01-07,5.47,30.51,21.96,24.28
2015-01-08,7.65,30.11,21.31,20.93
2015-01-09,1.09,31.58,22.34,26.83
2015-01-10,2.89,32.96,22.33,29.87
2015-01-11,4.65,32.41,22.53,29.06
2015-01-12,2.03,32.01,23.16,26.28
2015-01-13,0.92,31.54,22.78,27.37
2015-01-14,1.24,27.95,22.58,18.66
2015-01-15,6.07,32.12,21.44,29.31
2015-01-16,0.43,31.04,22.24,26.33
2015-01-17,0.01,33.38,22.84,27.98
2015-01-18,0.0,34.36,22.95,28.64
2015-01-19,1.87,35.39,22.9,28.45
2015-01-20,2.97,36.34,22.79,27.89
2015-01-21,1.25,32.32,22.93,29.25
2015-01-22,2.17,32.4,22.08,24.42
2015-01-23,1.26,31.26,19.43,26.48
2015-01-24,2.92,31.8,21.54,27.34
2015-01-25,0.78,29.45,21.68,27.23
2015-01-26,6.75,30.9,21.76,21.67
2015-01-27,14.74,28.87,21.01,18.12
2015-01-28,16.97,26.58,21.98,19.85
2015-01-29,14.85,28.99,21.02,17.28
2015-01-30,3.32,28.23,21.43,18.69
2015-01-31,0.45,31.4,20.86,24.09
2015-02-01,1.36,32.29,21.14,26.49
2015-02-02,0.94,32.13,21.03,28.12
2015-02-03,12.96,31.73,20.47,27.02
2015-02-04,2.92,27.41,21.47,10.44
2015-02-05,7.68,29.82,22.09,18.25
2015-02-06,3.17,29.94,19.37,24.27
2015-02-07,9.75,30.21,18.85,28.59
2015-02-08,6.46,31.2,18.98,26.53
2015-02-09,2.71,30.47,20.79,19.66
2015-02-10,6.61,30.32,22.41,14.52
2015-02-11,2.33,29.82,21.99,20.12
2015-02-12,12.28,28.61,22.27,23.63
2015-02-13,8.91,30.46,23.03,23.12
2015-02-14,7.65,27.96,22.07,14.27
2015-02-15,10.63,27.4,21.08,10.54
2015-02-16,10.84,29.06,20.53,15.21
2015-02-17,28.82,26.82,21.95,8.11
2015-02-18,8.0,28.42,21.21,14.88
2015-02-19,17.1,29.06,22.14,14.78
2015-02-20,7.82,26.43,22.04,17.74
2015-02-21,0.89,29.16,21.11,24.08
2015-02-22,0.37,31.21,21.83,26.58
2015-02-23,0.02,30.86,21.44,23.65
2015-02-24,1.3,29.21,21.15,23.01
2015-02-25,8.24,28.29,20.83,18.93
2015-02-26,0.31,27.56,21.3,24.32
2015-02-27,0.27,28.04,20.39,22.16
2015-02-28,0.87,30.43,20.71,23.27
2015-03-01,0.49,29.96,19.85,25.02
2015-03-02,0.01,30.26,19.52,23.15
2015-03-03,0.44,31.09,20.96,24.02
2015-03-04,4.36,31.0,21.85,22.82
2015-03-05,9.23,29.87,21.64,21.53
2015-03-06,6.21,27.9,22.76,17.49
2015-03-07,6.59,27.43,21.96,17.36
2015-03-08,9.52,26.66,21.86,12.15
2015-03-09,27.72,25.97,21.22,10.21
2015-03-10,3.33,28.68,20.86,19.36
2015-03-11,3.46,29.31,20.42,22.21
2015-03-12,5.23,29.03,20.36,21.29
2015-03-13,0.95,27.79,20.87,20.42
2015-03-14,1.32,26.89,20.29,14.33
2015-03-15,1.68,27.79,20.64,21.67
2015-03-16,0.31,29.9,19.67,22.45
2015-03-17,0.29,26.41,20.4,22.47
2015-03-18,0.31,26.94,19.52,21.26
2015-03-19,12.83,24.64,19.1,9.38
2015-03-20,3.99,27.64,18.28,15.41
2015-03-21,5.96,26.67,19.76,14.57
2015-03-22,0.23,28.6,17.52,18.58
2015-03-23,0.04,29.14,18.76,23.81
2015-03-24,0.0,29.59,18.5,24.29
2015-03-25,0.05,30.11,17.17,24.45
2015-03-26,0.66,29.97,18.15,24.08
2015-03-27,4.04,30.31,20.32,13.69
2015-03-28,0.22,29.43,21.52,14.83
2015-03-29,12.89,29.49,21.58,15.16
2015-03-30,5.66,28.71,20.94,16.0
2015-03-31,2.46,28.96,20.58,18.72
2015-04-01,0.01,29.19,19.36,21.73
2015-04-02,0.01,30.55,18.85,21.27
2015-04-03,0.0,29.8,18.08,22.91
2015-04-04,6.09,30.75,18.17,18.47
2015-04-05,1.72,30.23,20.14,13.55
2015-04-06,0.95,28.22,20.98,18.36
2015-04-07,0.0,27.5,16.99,19.39
2015-04-08,0.0,27.89,15.74,21.77
2015-04-09,0.01,29.27,17.06,20.12
2015-04-10,0.01,28.96,18.06,20.31
2015-04-11,0.0,29.35,17.97,20.93
2015-04-12,0.0,30.16,18.08,21.12
2015-04-13,0.0,30.54,17.61,21.47
2015-04-14,16.7,29.5,18.47,12.25
2015-04-15,8.16,29.03,21.11,17.76
2015-04-16,0.38,29.64,20.6,13.48
2015-04-17,0.04,29.6,20.13,19.25
2015-04-18,1.18,29.15,19.88,14.56
2015-04-19,2.29,29.26,20.36,15.12
2015-04-20,0.25,31.07,20.94,18.58
2015-04-21,9.67,30.12,21.99,16.86
2015-04-22,7.35,27.37,21.03,11.59
2015-04-23,0.15,29.34,18.48,15.54
2015-04-24,0.12,30.17,19.05,18.09
2015-04-25,0.06,29.23,18.63,19.73
2015-04-26,0.0,27.33,14.74,20.49
2015-04-27,0.05,28.55,16.07,20.42
2015-04-28,0.02,29.03,14.91,18.24
2015-04-29,0.05,27.96,17.8,18.57
2015-04-30,0.0,27.61,15.4,19.26
2015-05-01,0.0,27.71,14.47,19.74
2015-05-02,0.0,29.14,14.33,19.41
2015-05-03,1.21,30.52,16.16,14.56
2015-05-04,40.88,27.07,19.17,10.46
2015-05-05,0.01,27.29,16.55,14.58
2015-05-06,0.07,26.25,17.32,14.2
2015-05-07,0.0,26.6,15.29,17.5
2015-05-08,0.0,24.67,14.14,17.92
2015-05-09,0.05,27.61,13.3,18.01
2015-05-10,6.7,28.18,18.23,8.31
2015-05-11,9.52,24.47,15.65,11.45
2015-05-12,0.01,23.86,12.74,17.33
2015-05-13,0.05,24.52,14.76,15.46
2015-05-14,0.0,26.09,14.38,15.88
2015-05-15,0.04,25.55,15.68,9.98
2015-05-16,0.01,26.48,15.96,14.05
2015-05-17,0.0,26.13,15.35,12.44
2015-05-18,0.43,25.65,17.3,3.95
2015-05-19,5.29,25.27,15.92,12.32
2015-05-20,5.49,24.26,16.59,9.69
2015-05-21,2.57,26.67,17.37,14.97
2015-05-22,0.0,27.13,16.66,16.33
2015-05-23,0.0,25.6,17.45,15.66
2015-05-24,0.0,28.4,16.49,13.42
2015-05-25,0.16,29.48,18.8,13.32
2015-05-26,0.03,29.83,18.92,14.95
2015-05-27,0.67,28.64,18.01,14.04
2015-05-28,5.57,21.92,17.21,5.33
2015-05-29,0.07,23.59,12.66,15.7
2015-05-30,4.09,25.33,11.12,5.18
2015-05-31,29.15,23.66,16.25,6.17
2015-06-01,0.73,25.5,14.22,8.6
2015-06-02,0.55,24.19,15.08,7.15
2015-06-03,0.09,24.86,14.38,11.21
2015-06-04,0.0,26.76,14.67,15.37
2015-06-05,0.05,26.39,14.98,15.5
2015-06-06,0.06,27.12,15.07,15.6
2015-06-07,0.05,27.98,15.15,11.68
2015-06-08,0.0,27.71,14.96,14.98
2015-06-09,0.04,27.69,14.94,14.9
2015-06-10,0.01,28.44,15.45,15.67
2015-06-11,0.0,28.65,16.51,15.65
2015-06-12,0.09,28.76,16.68,12.4
2015-06-13,0.01,28.5,16.0,15.32
2015-06-14,0.13,29.68,17.03,13.74
2015-06-15,1.76,21.52,14.14,4.16
2015-06-16,0.01,22.99,9.13,14.04
2015-06-17,0.0,29.09,15.21,12.64
2015-06-18,0.23,29.74,16.92,12.21
2015-06-19,0.16,24.19,14.15,13.91
2015-06-20,0.0,25.81,12.17,15.75
2015-06-21,0.04,26.94,15.23,15.32
2015-06-22,0.02,26.92,14.04,15.44
2015-06-23,0.05,26.72,13.59,14.44
2015-06-24,0.0,25.72,14.57,14.54
2015-06-25,0.0,24.63,14.03,15.34
2015-06-26,0.0,24.96,14.75,15.07
2015-06-27,0.0,24.92,12.25,15.61
2015-06-28,0.05,25.06,11.08,14.72
2015-06-29,0.0,26.54,12.73,14.27
2015-06-30,0.62,24.06,13.88,12.63
2015-07-01,20.29,22.99,16.13,4.62
2015-07-02,17.38,24.72,15.16,2.91
2015-07-03,1.14,26.56,16.79,3.58
2015-07-04,8.26,18.82,12.42,5.89
2015-07-05,0.08,22.6,11.79,7.03
2015-07-06,0.26,21.28,13.49,11.38
2015-07-07,11.89,22.03,17.05,4.09
2015-07-08,13.64,22.48,13.21,5.9
2015-07-09,1.44,22.59,11.25,12.81
2015-07-10,7.01,26.21,13.83,14.32
2015-07-11,0.28,27.81,14.73,3.93
2015-07-12,1.61,27.46,16.5,14.38
2015-07-13,0.0,29.16,17.01,14.6
2015-07-14,0.06,29.53,17.67,13.64
2015-07-15,0.02,29.63,18.75,8.76
2015-07-16,0.0,27.86,17.61,9.91
2015-07-17,0.15,27.25,17.62,10.94
2015-07-18,0.03,27.34,15.94,16.45
2015-07-19,0.04,28.05,15.33,16.63
2015-07-20,0.0,28.25,14.2,14.82
2015-07-21,0.48,24.34,14.51,9.69
2015-07-22,0.02,24.96,13.01,15.79
2015-07-23,0.02,27.29,13.27,8.25
2015-07-24,0.64,28.07,15.06,8.44
2015-07-25,0.35,25.3,15.2,11.38
2015-07-26,0.01,25.87,12.35,12.83
2015-07-27,0.1,27.47,12.15,18.28
2015-07-28,0.05,28.8,12.7,18.0
2015-07-29,0.0,29.44,14.43,15.75
2015-07-30,0.0,29.08,14.21,16.87
2015-07-31,0.05,29.94,13.75,18.03
2015-08-01,0.0,29.83,13.94,17.74
2015-08-02,0.0,30.29,14.18,18.17
2015-08-03,0.0,30.7,14.35,18.47
2015-08-04,0.05,30.49,15.7,17.81
2015-08-05,0.0,30.6,14.92,16.33
2015-08-06,0.05,31.02,14.91,18.64
2015-08-07,0.0,31.87,14.64,18.49
2015-08-08,0.0,31.94,15.14,18.86
2015-08-09,0.0,31.39,15.95,18.74
2015-08-10,0.0,31.27,16.12,19.0
2015-08-11,0.0,31.24,16.9,19.13
2015-08-12,0.0,30.03,14.78,19.81
2015-08-13,0.05,31.07,14.12,20.02
2015-08-14,0.0,30.18,13.75,19.93
2015-08-15,0.0,31.17,15.24,19.55
2015-08-16,0.0,31.82,16.49,19.64
2015-08-17,0.0,32.08,16.29,17.24
2015-08-18,1.44,30.88,19.28,13.96
2015-08-19,0.91,27.82,16.25,19.65
2015-08-20,0.15,27.89,13.21,21.14
2015-08-21,0.0,28.03,12.56,20.69
2015-08-22,0.0,30.8,13.13,21.11
2015-08-23,0.0,33.15,15.43,19.62
2015-08-24,3.28,27.87,17.33,7.78
2015-08-25,0.5,30.93,15.43,13.39
2015-08-26,0.16,33.35,16.8,18.59
2015-08-27,10.3,29.91,18.38,2.89
2015-08-28,0.03,30.14,13.96,19.85
2015-08-29,0.2,30.89,12.67,22.34
2015-08-30,0.0,33.88,14.03,22.16
2015-08-31,0.05,35.01,16.47,22.27
2015-09-01,0.0,35.12,17.82,22.64
2015-09-02,0.0,33.28,16.2,20.78
2015-09-03,0.0,34.44,16.05,21.53
2015-09-04,0.13,33.78,17.61,15.04
2015-09-05,0.1,29.37,20.49,11.1
2015-09-06,0.01,31.11,17.05,15.59
2015-09-07,4.6,34.37,20.28,9.36
2015-09-08,28.24,32.5,20.39,4.65
2015-09-09,4.6,28.43,18.8,16.19
2015-09-10,13.61,26.24,17.32,3.68
2015-09-11,55.04,26.32,18.51,7.05
2015-09-12,5.1,25.21,15.45,8.39
2015-09-13,0.07,25.89,13.27,18.53
2015-09-14,0.0,27.18,13.13,23.43
2015-09-15,0.0,31.47,14.62,21.5
2015-09-16,0.0,33.37,20.47,22.93
2015-09-17,0.0,34.29,21.45,20.7
2015-09-18,0.0,34.8,20.5,23.26
2015-09-19,0.0,35.41,20.49,24.56
2015-09-20,0.0,35.12,18.02,24.99
2015-09-21,0.0,35.13,17.98,25.27
2015-09-22,0.0,35.91,17.54,24.68
2015-09-23,0.0,36.39,18.48,25.17
2015-09-24,0.01,37.39,20.93,23.6
2015-09-25,0.68,37.28,24.32,16.82
2015-09-26,9.34,31.41,22.79,8.15
2015-09-27,9.08,32.82,21.95,18.32
2015-09-28,1.42,27.13,19.75,15.2
2015-09-29,3.83,28.89,19.85,17.13
2015-09-30,0.8,31.68,18.74,12.72
2015-10-01,0.0,33.15,19.49,22.66
2015-10-02,4.2,35.45,20.75,23.12
2015-10-03,17.61,27.21,21.27,5.27
2015-10-04,0.06,27.99,19.47,16.6
2015-10-05,0.0,32.25,19.18,24.41
2015-10-06,0.0,33.49,16.77,26.4
2015-10-07,0.0,36.58,18.82,25.49
2015-10-08,1.8,37.46,21.82,24.39
2015-10-09,35.07,26.86,21.27,7.66
2015-10-10,8.39,27.58,21.14,12.69
2015-10-11,6.44,27.11,20.21,7.87
2015-10-12,6.09,24.91,17.07,8.77
2015-10-13,0.4,28.83,16.35,23.81
2015-10-14,0.06,35.05,19.11,25.74
2015-10-15,0.2,35.84,21.35,24.54
2015-10-16,0.08,36.61,23.61,23.96
2015-10-17,2.52,34.86,21.74,25.17
2015-10-18,0.0,34.02,18.13,24.95
2015-10-19,0.0,35.31,17.19,26.22
2015-10-20,0.12,36.01,22.07,24.22
2015-10-21,0.0,37.62,24.86,20.62
2015-10-22,5.9,38.02,24.42,19.56
2015-10-23,6.08,32.89,23.05,7.04
2015-10-24,0.13,33.59,19.82,23.91
2015-10-25,3.72,35.18,19.66,20.48
2015-10-26,7.43,30.37,20.26,16.69
2015-10-27,8.5,30.43,21.68,18.63
2015-10-28,2.17,29.7,21.77,15.94
2015-10-29,0.02,32.82,19.59,28.18
2015-10-30,1.7,34.17,18.34,25.56
2015-10-31,18.88,27.39,22.43,5.88
2015-11-01,19.43,27.83,21.38,11.12
2015-11-02,12.53,29.22,21.83,12.42
2015-11-03,23.33,27.03,21.88,15.21
2015-11-04,23.22,26.75,22.32,18.1
2015-11-05,15.25,29.87,21.79,13.16
2015-11-06,1.71,28.9,20.44,19.06
2015-11-07,0.02,29.99,17.51,19.67
2015-11-08,2.05,30.02,19.36,18.07
2015-11-09,0.37,32.02,20.74,19.21
2015-11-10,0.11,32.3,22.79,24.23
2015-11-11,0.01,31.34,22.96,15.33
2015-11-12,0.0,31.07,22.93,24.87
2015-11-13,1.93,29.96,22.42,21.68
2015-11-14,6.82,28.53,22.65,23.52
2015-11-15,31.17,28.9,22.16,17.91
2015-11-16,31.28,28.13,21.82,19.0
2015-11-17,17.85,29.82,20.77,18.02
2015-11-18,9.97,30.53,21.63,20.71
2015-11-19,12.23,30.87,22.95,19.19
2015-11-20,4.17,26.69,20.62,11.23
2015-11-21,0.0,30.84,17.79,25.57
2015-11-22,0.17,31.12,19.67,24.28
2015-11-23,18.57,30.65,23.07,12.67
2015-11-24,23.4,27.9,22.91,3.33
2015-11-25,14.61,26.54,20.69,3.88
2015-11-26,1.01,29.19,20.14,20.14
2015-11-27,0.79,31.46,20.12,26.37
2015-11-28,30.57,27.41,22.2,16.73
2015-11-29,2.26,28.28,21.41,14.55
2015-11-30,14.23,27.67,21.56,14.2
2015-12-01,1.23,30.64,18.02,20.37
2015-12-02,5.75,29.48,21.5,22.41
2015-12-03,7.93,29.03,20.77,10.61
2015-12-04,8.11,29.73,21.52,23.82
2015-12-05,1.25,27.63,21.66,20.96
2015-12-06,3.31,27.43,21.08,11.61
2015-12-07,4.18,29.62,21.02,19.96
2015-12-08,17.14,28.89,21.47,22.49
2015-12-09,12.22,28.04,22.18,19.73
2015-12-10,5.8,28.66,22.75,11.6
2015-12-11,7.72,27.52,22.28,15.15
2015-12-12,6.28,28.64,21.85,4.93
2015-12-13,0.6,30.32,20.91,27.9
2015-12-14,3.3,29.36,22.4,25.93
2015-12-15,0.98,28.98,21.99,14.85
2015-12-16,0.44,27.51,21.49,21.8
2015-12-17,0.35,31.02,20.33,27.33
2015-12-18,3.13,31.66,22.22,27.58
2015-12-19,2.87,30.83,22.8,12.77
2015-12-20,13.15,29.88,22.02,12.95
2015-12-21,0.51,30.98,20.66,26.4
2015-12-22,0.56,30.59,22.02,26.24
2015-12-23,11.68,27.88,23.47,21.25
2015-12-24,12.58,30.18,22.05,20.65
2015-12-25,37.34,27.94,22.34,19.17
2015-12-26,10.78,27.65,22.18,11.73
2015-12-27,10.2,28.21,22.04,10.58
2015-12-28,31.72,25.94,22.08,16.5
2015-12-29,27.07,26.49,21.74,11.45
2015-12-30,4.77,26.54,21.78,13.01
2015-12-31,7.74,27.51,21.15,13.95
2016-01-01,3.94,27.57,22.25,17.55
2016-01-02,1.55,26.92,22.31,20.08
2016-01-03,12.76,27.08,22.36,12.54
2016-01-04,2.02,29.54,20.62,18.13
2016-01-05,0.8,30.39,20.78,24.69
2016-01-06,2.4,29.69,22.23,26.51
2016-01-07,0.21,30.27,22.31,27.06
2016-01-08,10.67,29.72,22.97,24.2
2016-01-09,49.26,26.58,23.14,9.65
2016-01-10,33.0,28.24,22.31,15.81
2016-01-11,35.2,26.69,23.2,5.49
2016-01-12,15.69,27.59,23.16,15.21
2016-01-13,18.31,27.39,23.55,17.75
2016-01-14,5.18,28.29,23.24,19.58
2016-01-15,0.52,28.18,21.83,16.62
2016-01-16,0.04,29.48,21.88,25.86
2016-01-17,0.0,28.55,16.95,30.03
2016-01-18,0.0,29.24,17.32,28.34
2016-01-19,0.0,29.58,18.35,24.03
2016-01-20,0.0,29.76,18.49,25.6
2016-01-21,0.0,29.78,18.16,29.34
2016-01-22,0.0,28.99,17.61,30.07
2016-01-23,2.87,29.87,17.23,27.51
2016-01-24,2.59,30.75,18.92,27.48
2016-01-25,2.16,30.83,21.73,23.8
2016-01-26,15.41,31.2,22.12,25.7
2016-01-27,10.97,28.75,23.67,17.68
2016-01-28,6.46,29.83,22.07,23.41
2016-01-29,11.16,28.36,22.37,18.9
2016-01-30,6.52,27.86,22.19,15.59
2016-01-31,0.86,28.46,21.92,26.6
2016-02-01,0.02,31.21,23.18,25.98
2016-02-02,0.32,32.21,21.66,27.41
2016-02-03,8.99,29.76,21.88,24.95
2016-02-04,16.25,28.1,22.74,20.64
2016-02-05,1.17,32.05,21.3,21.11
2016-02-06,0.08,30.65,21.39,24.34
2016-02-07,4.34,28.65,22.9,24.41
2016-02-08,1.86,30.12,22.08,22.01
2016-02-09,0.28,31.16,22.38,25.43
2016-02-10,10.54,30.82,21.77,24.81
2016-02-11,15.68,29.02,23.37,21.14
2016-02-12,2.48,30.45,20.34,21.08
2016-02-13,0.0,31.32,19.73,26.45
2016-02-14,0.88,31.49,22.33,23.24
2016-02-15,25.61,29.44,22.98,18.2
2016-02-16,13.78,27.98,23.17,16.75
2016-02-17,1.68,29.91,22.61,17.95
2016-02-18,20.56,29.15,22.61,13.81
2016-02-19,2.54,29.28,22.76,23.85
2016-02-20,7.23,28.54,22.38,21.1
2016-02-21,30.94,27.4,22.22,11.23
2016-02-22,33.2,26.04,21.7,8.48
2016-02-23,23.29,26.12,20.85,8.97
2016-02-24,4.39,27.03,19.98,13.35
2016-02-25,5.82,27.48,20.46,16.5
2016-02-26,11.71,28.87,21.8,21.88
2016-02-27,19.11,26.63,22.55,16.35
2016-02-28,9.38,27.74,22.47,13.57
2016-02-29,1.81,26.87,20.99,12.4
2016-03-01,0.1,28.04,18.96,13.59
2016-03-02,9.46,26.75,20.17,12.34
2016-03-03,8.93,29.08,21.29,17.19
2016-03-04,0.62,28.37,19.42,24.89
2016-03-05,0.02,28.46,18.79,25.07
2016-03-06,0.64,29.89,18.31,18.52
2016-03-07,0.84,28.34,20.84,21.65
2016-03-08,14.98,29.82,20.8,23.55
2016-03-09,7.99,27.27,22.26,18.56
2016-03-10,5.01,29.4,21.71,16.12
2016-03-11,0.92,27.16,19.76,23.0
2016-03-12,0.0,27.42,17.4,26.58
2016-03-13,0.03,28.88,16.89,20.65
2016-03-14,1.41,29.98,18.43,22.81
2016-03-15,6.92,28.22,20.66,19.92
2016-03-16,1.42,28.5,20.67,21.19
2016-03-17,5.56,29.48,19.78,23.37
2016-03-18,0.24,30.12,20.29,24.29
2016-03-19,0.0,31.25,20.14,24.54
2016-03-20,0.0,30.8,19.66,24.88
2016-03-21,0.0,30.74,19.39,22.48
2016-03-22,0.08,31.22,21.13,19.59
2016-03-23,3.15,28.49,21.83,17.45
2016-03-24,34.28,26.14,22.12,13.61
2016-03-25,4.91,27.16,20.5,12.39
2016-03-26,2.39,27.15,20.44,11.59
2016-03-27,0.01,26.91,18.33,19.01
2016-03-28,0.0,27.65,18.46,22.85
2016-03-29,0.0,30.88,18.28,21.59
2016-03-30,0.01,27.64,20.16,17.96
2016-03-31,0.51,29.83,21.11,22.31
2016-04-01,0.02,29.64,20.09,22.5
2016-04-02,0.06,29.94,20.24,22.64
2016-04-03,0.0,31.4,20.33,21.57
2016-04-04,0.0,31.6,20.36,22.37
2016-04-05,0.0,30.97,20.84,22.51
2016-04-06,0.0,30.7,19.58,22.31
2016-04-07,0.0,31.35,19.93,22.24
2016-04-08,0.0,31.67,20.41,22.48
2016-04-09,0.0,31.25,20.03,21.86
2016-04-10,0.0,29.02,20.12,20.15
2016-04-11,0.0,30.54,19.3,20.42
2016-04-12,0.0,30.79,19.94,20.34
2016-04-13,0.0,30.29,20.41,20.84
2016-04-14,1.51,30.78,19.7,17.97
2016-04-15,0.35,27.32,21.21,14.21
2016-04-16,0.0,30.31,20.26,20.81
2016-04-17,0.0,30.15,18.79,20.65
2016-04-18,0.0,30.32,18.8,20.01
2016-04-19,0.0,29.88,19.02,20.99
2016-04-20,0.0,30.25,18.55,19.93
2016-04-21,0.0,30.4,19.28,18.86
2016-04-22,0.0,31.1,19.76,17.32
2016-04-23,0.0,30.27,18.85,19.18
2016-04-24,0.0,30.05,19.34,16.42
2016-04-25,0.35,29.56,19.33,17.21
2016-04-26,64.65,26.08,18.0,2.2
2016-04-27,0.53,19.04,9.0,13.79
2016-04-28,0.02,19.32,6.77,16.44
2016-04-29,0.07,22.43,9.95,13.61
2016-04-30,0.04,21.83,9.82,19.69
2016-05-01,0.03,22.6,8.83,19.73
2016-05-02,0.0,22.8,8.54,20.35
2016-05-03,0.0,24.78,9.74,18.59
2016-05-04,0.0,26.32,12.52,19.09
2016-05-05,0.02,26.6,13.45,16.27
2016-05-06,0.02,26.6,14.5,16.78
2016-05-07,0.08,27.03,15.31,8.05
2016-05-08,1.04,27.32,17.23,8.28
2016-05-09,20.03,27.69,17.27,7.32
2016-05-10,3.45,26.39,18.24,6.21
2016-05-11,5.76,22.86,17.58,10.94
2016-05-12,5.72,25.94,16.83,12.37
2016-05-13,3.55,24.93,16.2,12.54
2016-05-14,0.0,25.77,14.68,17.58
2016-05-15,0.75,27.51,14.82,17.42
2016-05-16,1.45,27.71,17.52,10.36
2016-05-17,0.11,22.54,14.18,13.67
2016-05-18,10.87,22.32,15.39,5.73
2016-05-19,0.14,23.61,15.3,7.55
2016-05-20,4.95,27.19,16.15,15.92
2016-05-21,4.86,25.53,19.23,8.84
2016-05-22,2.52,26.04,15.48,4.39
2016-05-23,0.07,19.4,10.37,16.94
2016-05-24,0.01,20.58,7.93,16.37
2016-05-25,0.0,23.38,11.46,17.03
2016-05-26,0.38,25.51,12.38,16.18
2016-05-27,5.36,23.87,15.73,6.21
2016-05-28,9.9,25.07,16.18,14.91
2016-05-29,38.55,21.2,16.69,7.3
2016-05-30,19.73,23.83,15.17,3.82
2016-05-31,6.38,24.93,17.0,9.46
2016-06-01,12.18,25.25,15.66,8.8
2016-06-02,18.67,20.5,13.37,12.84
2016-06-03,1.88,21.15,11.91,6.03
2016-06-04,7.89,22.92,14.52,4.4
2016-06-05,14.3,26.18,17.11,4.25
2016-06-06,6.91,23.97,16.63,6.22
2016-06-07,0.54,20.22,12.35,12.08
2016-06-08,0.16,19.14,8.45,14.31
2016-06-09,0.18,19.53,6.63,15.43
2016-06-10,0.0,19.45,6.25,13.14
2016-06-11,0.0,18.35,6.0,15.84
2016-06-12,0.0,17.29,3.13,17.17
2016-06-13,0.01,17.76,3.11,17.34
2016-06-14,0.0,21.01,6.85,15.87
2016-06-15,0.0,24.47,9.45,15.38
2016-06-16,0.02,25.18,11.79,15.36
2016-06-17,0.0,24.83,11.49,15.59
2016-06-18,0.09,24.73,12.67,15.59
2016-06-19,0.0,24.11,10.98,15.0
2016-06-20,0.02,23.68,11.65,12.49
2016-06-21,0.0,21.72,11.69,13.02
2016-06-22,1.87,24.26,11.89,11.83
2016-06-23,1.15,24.21,12.55,15.4
2016-06-24,0.0,24.61,12.58,15.23
2016-06-25,0.0,24.42,12.83,14.32
2016-06-26,0.0,23.86,14.07,14.22
2016-06-27,0.0,23.26,11.97,15.96
2016-06-28,0.0,23.94,11.6,10.95
2016-06-29,0.0,24.75,11.53,15.57
2016-06-30,0.0,24.19,14.4,12.57
2016-07-01,0.0,25.4,13.19,13.1
2016-07-02,0.0,25.54,14.09,14.53
2016-07-03,0.0,25.67,13.04,15.83
2016-07-04,0.0,25.82,14.21,15.81
2016-07-05,0.0,25.76,14.37,13.76
2016-07-06,0.04,25.2,13.82,12.17
2016-07-07,0.04,19.81,9.95,16.41
2016-07-08,0.01,21.39,6.35,16.66
2016-07-09,0.0,23.42,6.9,16.93
2016-07-10,0.0,27.18,12.37,16.25
2016-07-11,0.0,27.87,13.61,16.34
2016-07-12,0.0,28.37,13.82,16.08
2016-07-13,0.0,27.76,14.68,16.21
2016-07-14,0.0,27.67,14.26,15.39
2016-07-15,0.12,28.2,15.06,14.07
2016-07-16,13.3,20.87,10.27,6.2
2016-07-17,0.0,17.17,6.35,18.18
2016-07-18,0.05,19.15,3.16,17.36
2016-07-19,0.0,19.95,7.71,13.7
2016-07-20,0.0,23.07,8.79,10.58
2016-07-21,0.0,23.35,10.69,13.75
2016-07-22,0.0,22.41,10.73,15.91
2016-07-23,0.0,24.27,9.37,17.35
2016-07-24,0.01,27.26,11.06,17.31
2016-07-25,0.0,27.15,14.25,17.58
2016-07-26,0.0,27.67,13.3,17.11
2016-07-27,0.0,25.44,14.06,17.12
2016-07-28,0.0,26.58,11.49,15.74
2016-07-29,0.0,26.33,12.5,16.22
2016-07-30,0.0,26.04,12.7,17.7
2016-07-31,0.0,26.38,13.54,16.04
2016-08-01,0.0,26.86,12.97,16.39
2016-08-02,0.0,27.26,14.01,17.7
2016-08-03,0.0,25.63,12.83,17.78
2016-08-04,0.0,27.02,13.82,17.18
2016-08-05,0.0,28.81,15.21,17.25
2016-08-06,0.0,29.13,16.94,18.66
2016-08-07,0.0,30.15,15.23,16.15
2016-08-08,0.01,29.02,18.05,15.06
2016-08-09,0.32,25.01,17.28,6.64
2016-08-10,0.02,24.15,12.03,15.91
2016-08-11,0.01,22.05,9.22,20.66
2016-08-12,0.0,22.43,8.23,20.92
2016-08-13,0.0,25.26,9.12,19.95
2016-08-14,0.0,29.25,15.69,19.29
2016-08-15,1.76,29.89,16.18,10.43
2016-08-16,7.44,26.45,16.39,14.62
2016-08-17,0.01,29.72,16.28,18.0
2016-08-18,0.85,31.09,17.86,17.11
2016-08-19,2.48,30.92,16.08,15.91
2016-08-20,16.31,26.92,18.0,7.55
2016-08-21,20.72,20.95,13.21,13.06
2016-08-22,0.02,19.7,9.54,21.06
2016-08-23,0.0,23.27,7.24,21.35
2016-08-24,0.0,26.85,10.84,21.61
2016-08-25,0.0,28.99,13.09,21.11
2016-08-26,0.0,28.94,14.36,22.03
2016-08-27,0.0,28.58,12.72,21.64
2016-08-28,0.0,30.65,13.33,20.65
2016-08-29,1.07,30.45,15.55,11.22
2016-08-30,15.58,24.62,14.23,2.27
2016-08-31,24.4,22.51,13.41,13.04
2016-09-01,0.0,25.66,12.02,22.38
2016-09-02,0.05,28.43,13.73,20.95
2016-09-03,2.88,24.5,17.4,6.05
2016-09-04,6.62,22.87,17.08,6.92
2016-09-05,1.47,23.38,14.81,10.08
2016-09-06,8.52,22.86,15.04,11.4
2016-09-07,0.08,20.85,10.79,21.92
2016-09-08,0.07,23.44,7.25,13.82
2016-09-09,3.02,25.79,12.46,23.05
2016-09-10,0.0,28.6,14.29,21.58
2016-09-11,0.0,30.87,15.2,22.85
2016-09-12,0.0,31.62,16.44,22.71
2016-09-13,0.46,32.0,17.68,13.87
2016-09-14,1.35,20.07,13.67,11.67
2016-09-15,0.0,25.46,10.35,24.96
2016-09-16,0.0,26.0,13.7,18.64
2016-09-17,0.0,30.99,15.05,19.87
2016-09-18,0.0,32.79,18.07,19.62
2016-09-19,2.45,30.72,20.44,10.9
2016-09-20,1.08,27.8,15.39,17.64
2016-09-21,0.0,25.17,11.05,25.01
2016-09-22,0.0,26.91,12.1,26.16
2016-09-23,0.0,28.33,13.2,25.1
2016-09-24,0.0,27.91,13.56,24.81
2016-09-25,0.0,27.35,15.97,17.14
2016-09-26,0.0,27.07,12.8,26.14
2016-09-27,0.0,27.86,12.34,26.62
2016-09-28,0.0,28.92,11.14,26.54
2016-09-29,0.0,29.63,11.95,27.01
2016-09-30,0.0,29.54,13.18,25.78
2016-10-01,0.0,29.13,15.35,24.84
2016-10-02,0.0,29.74,14.22,25.25
2016-10-03,1.88,29.3,15.74,12.83
2016-10-04,0.07,27.12,17.22,15.15
2016-10-05,0.05,27.63,16.43,18.44
2016-10-06,0.11,24.92,14.26,19.7
2016-10-07,0.0,26.63,11.02,27.81
2016-10-08,0.0,29.5,13.47,27.99
2016-10-09,0.0,31.43,15.06,26.68
2016-10-10,0.01,31.48,15.76,27.59
2016-10-11,0.26,31.74,16.65,15.01
2016-10-12,0.94,28.15,19.04,21.6
2016-10-13,20.95,26.49,20.26,8.9
2016-10-14,19.45,28.4,19.47,9.58
2016-10-15,0.73,30.1,21.12,21.18
2016-10-16,0.0,33.15,20.62,21.93
2016-10-17,0.09,34.72,22.15,24.99
2016-10-18,0.2,32.48,22.18,23.63
2016-10-19,0.38,33.08,22.48,23.65
2016-10-20,5.24,29.69,22.24,18.6
2016-10-21,11.58,28.56,22.02,13.76
2016-10-22,0.01,30.22,19.16,22.11
2016-10-23,0.95,32.21,17.82,25.95
2016-10-24,14.11,29.2,21.57,20.96
2016-10-25,13.0,27.45,21.62,11.78
2016-10-26,4.4,30.3,20.96,14.91
2016-10-27,8.04,26.16,18.71,20.14
2016-10-28,0.0,24.77,14.06,30.51
2016-10-29,0.01,27.37,11.3,30.66
2016-10-30,0.01,29.81,13.57,28.07
2016-10-31,4.38,28.3,18.35,23.28
2016-11-01,0.65,30.28,19.96,26.87
2016-11-02,5.79,30.48,20.59,16.37
2016-11-03,0.71,24.59,19.05,17.01
2016-11-04,0.01,29.98,17.58,22.71
2016-11-05,0.0,30.79,18.69,29.6
2016-11-06,2.42,31.05,17.76,26.52
2016-11-07,1.41,30.56,19.64,26.62
2016-11-08,0.03,32.01,18.99,26.68
2016-11-09,1.26,29.2,20.12,22.45
2016-11-10,0.12,33.17,20.25,27.43
2016-11-11,1.34,31.79,20.78,16.55
2016-11-12,7.76,26.4,19.51,10.82
2016-11-13,7.76,25.32,17.01,8.87
2016-11-14,2.17,29.24,18.61,16.21
2016-11-15,0.28,30.01,17.53,26.3
2016-11-16,0.07,32.1,20.02,26.55
2016-11-17,5.35,32.21,20.19,26.02
2016-11-18,0.03,31.36,18.35,28.56
2016-11-19,0.0,28.21,13.59,31.17
2016-11-20,0.0,29.65,12.81,32.28
2016-11-21,0.06,31.63,15.23,28.79
2016-11-22,2.48,31.64,20.44,24.73
2016-11-23,0.98,32.98,22.08,25.35
2016-11-24,6.51,31.45,22.73,26.15
2016-11-25,1.27,30.81,21.34,25.44
2016-11-26,3.47,28.53,21.94,26.28
2016-11-27,1.25,30.6,20.9,17.35
2016-11-28,4.71,33.43,21.84,16.67
2016-11-29,3.59,30.16,22.79,19.44
2016-11-30,0.37,30.68,18.04,24.46
2016-12-01,0.0,30.11,17.4,20.25
2016-12-02,2.44,28.59,19.9,20.83
2016-12-03,14.6,27.45,21.95,9.12
2016-12-04,1.48,31.34,21.73,25.71
2016-12-05,0.06,33.03,19.24,28.79
2016-12-06,0.05,34.11,18.5,29.89
2016-12-07,1.43,31.8,21.3,27.22
2016-12-08,12.84,28.68,21.78,24.97
2016-12-09,9.79,28.63,20.18,20.51
2016-12-10,21.13,29.38,21.49,11.31
2016-12-11,8.35,29.46,22.57,13.9
2016-12-12,3.38,30.91,22.66,18.79
2016-12-13,3.33,31.32,22.57,18.14
2016-12-14,0.44,32.55,21.69,21.73
2016-12-15,0.07,28.52,18.56,26.36
2016-12-16,0.32,28.77,16.26,19.34
2016-12-17,0.35,30.92,20.29,27.17
2016-12-18,5.75,28.87,20.39,28.56
2016-12-19,4.35,27.45,20.63,20.24
2016-12-20,18.65,25.35,18.93,15.36
2016-12-21,18.64,25.37,19.72,12.21
2016-12-22,4.49,28.15,19.2,22.6
2016-12-23,1.92,29.38,20.24,19.61
2016-12-24,0.07,28.48,21.56,26.72
2016-12-25,0.35,33.07,19.84,28.68
2016-12-26,0.5,32.56,22.5,30.34
2016-12-27,2.32,32.79,22.24,28.45
2016-12-28,2.09,32.01,22.65,19.2
2016-12-29,2.84,29.05,22.35,22.17
2016-12-30,12.04,28.76,21.5,16.83
2016-12-31,2.05,28.99,22.58,18.34
2017-01-01,2.51,27.76,21.43,19.43
2017-01-02,1.42,29.32,21.77,21.75
2017-01-03,1.13,29.59,21.29,20.46
2017-01-04,0.86,30.12,21.48,15.57
2017-01-05,1.38,28.55,22.17,21.48
2017-01-06,5.64,31.07,22.8,22.93
2017-01-07,1.71,31.18,22.59,27.11
2017-01-08,1.09,32.25,22.1,27.19
2017-01-09,3.86,30.05,24.06,23.76
2017-01-10,28.94,28.09,22.68,21.66
2017-01-11,10.84,29.77,21.96,26.66
2017-01-12,4.38,28.27,22.54,21.84
2017-01-13,1.35,29.68,21.19,23.79
2017-01-14,4.31,30.26,21.62,23.51
2017-01-15,8.01,29.95,21.29,24.47
2017-01-16,12.7,28.88,22.37,15.18
2017-01-17,22.78,27.27,22.23,14.62
2017-01-18,9.98,29.93,21.21,23.47
2017-01-19,13.02,28.8,21.46,14.11
2017-01-20,1.65,25.03,20.84,17.71
2017-01-21,3.02,24.12,20.11,20.27
2017-01-22,4.83,26.43,19.23,19.83
2017-01-23,4.16,27.07,19.71,18.91
2017-01-24,23.79,28.62,20.42,23.9
2017-01-25,25.82,26.39,21.04,11.15
2017-01-26,6.77,28.17,19.33,14.66
2017-01-27,16.52,27.25,19.9,15.98
2017-01-28,12.04,26.47,20.68,13.91
2017-01-29,21.62,28.77,20.17,17.96
2017-01-30,8.26,28.6,20.55,19.7
2017-01-31,4.63,27.65,20.14,10.01
2017-02-01,10.83,28.13,20.35,22.39
2017-02-02,2.86,26.89,20.6,22.88
2017-02-03,2.94,27.91,21.18,19.16
2017-02-04,0.11,30.71,20.07,26.51
2017-02-05,0.16,31.8,21.36,27.57
2017-02-06,1.51,30.59,21.46,26.95
2017-02-07,2.48,31.42,21.81,26.19
2017-02-08,0.65,32.0,22.35,26.19
2017-02-09,0.08,31.14,21.32,27.41
2017-02-10,0.09,30.98,20.75,24.65
2017-02-11,1.84,27.62,21.94,24.57
2017-02-12,12.39,29.42,20.85,21.17
2017-02-13,13.55,27.71,22.38,12.34
2017-02-14,2.26,30.28,22.2,21.39
2017-02-15,0.61,30.79,20.45,27.9
2017-02-16,0.2,31.13,20.58,27.24
2017-02-17,18.11,29.76,21.51,25.59
2017-02-18,1.23,29.34,20.99,26.6
2017-02-19,0.54,30.0,22.35,21.78
2017-02-20,0.51,32.25,22.23,27.67
2017-02-21,0.79,30.8,22.03,27.17
2017-02-22,0.2,31.63,21.42,26.29
2017-02-23,3.84,29.65,21.3,19.09
2017-02-24,4.6,28.11,21.21,13.97
2017-02-25,6.42,28.59,20.39,14.91
2017-02-26,4.31,28.5,20.24,21.98
2017-02-27,0.66,29.81,20.35,24.17
2017-02-28,0.49,29.01,21.71,25.11
2017-03-01,0.8,30.06,20.52,22.44
2017-03-02,7.12,28.35,20.62,13.81
2017-03-03,8.08,27.38,21.22,14.63
2017-03-04,2.68,28.46,22.04,19.8
2017-03-05,13.11,27.18,22.39,15.99
2017-03-06,0.8,29.45,21.89,18.39
2017-03-07,1.27,30.27,21.93,19.13
2017-03-08,0.18,30.63,21.95,23.92
2017-03-09,0.21,30.48,22.17,23.82
2017-03-10,2.5,28.32,23.51,18.49
2017-03-11,0.99,29.67,21.63,23.4
2017-03-12,3.72,30.4,22.26,21.95
2017-03-13,3.95,28.18,22.49,21.38
2017-03-14,2.03,29.18,22.36,22.12
2017-03-15,0.44,30.66,20.9,24.38
2017-03-16,0.59,29.48,21.61,23.36
2017-03-17,10.67,29.11,21.27,12.77
2017-03-18,21.75,25.43,20.1,8.03
2017-03-19,0.44,28.02,18.42,11.42
2017-03-20,0.03,28.42,18.01,23.56
2017-03-21,0.03,28.6,16.97,25.16
2017-03-22,0.02,29.05,17.06,22.61
2017-03-23,0.0,30.04,18.52,20.23
2017-03-24,0.0,30.69,19.03,21.73
2017-03-25,0.01,31.53,19.91,23.31
2017-03-26,17.73,29.32,20.32,22.13
2017-03-27,0.38,24.55,19.66,15.64
2017-03-28,0.0,27.88,19.28,20.03
2017-03-29,0.0,28.13,17.49,23.71
2017-03-30,0.0,28.62,15.85,23.59
2017-03-31,0.0,28.11,16.31,23.96
2017-04-01,0.0,27.12,14.23,23.65
2017-04-02,0.0,28.02,15.06,23.76
2017-04-03,0.0,28.5,17.49,20.8
2017-04-04,0.0,29.89,17.68,17.32
2017-04-05,7.27,29.92,20.81,9.41
2017-04-06,3.34,29.96,22.11,13.73
2017-04-07,24.19,29.25,21.66,13.8
2017-04-08,2.54,27.82,21.49,11.41
2017-04-09,0.61,28.65,21.07,17.87
2017-04-10,0.27,30.16,20.32,18.24
2017-04-11,1.92,30.23,21.89,17.51
2017-04-12,7.17,29.43,21.88,16.27
2017-04-13,0.06,28.39,17.85,21.25
2017-04-14,0.0,30.07,17.51,21.63
2017-04-15,0.0,30.49,18.55,21.14
2017-04-16,0.27,30.15,18.9,12.1
2017-04-17,0.07,28.78,20.45,16.59
2017-04-18,0.02,27.08,18.43,19.57
2017-04-19,0.0,27.9,16.69,18.03
2017-04-20,20.7,28.91,19.07,9.69
2017-04-21,22.91,21.64,16.48,8.18
2017-04-22,0.19,25.54,14.77,19.05
2017-04-23,0.13,26.02,14.77,19.87
2017-04-24,0.04,27.23,14.9,19.29
2017-04-25,0.02,27.73,14.84,18.3
2017-04-26,12.87,27.25,18.59,4.98
2017-04-27,3.64,23.8,13.64,19.37
2017-04-28,0.09,24.38,11.77,17.59
2017-04-29,0.0,25.54,12.49,19.96
2017-04-30,0.04,26.17,14.04,18.74
2017-05-01,8.03,24.74,16.51,17.36
2017-05-02,0.52,27.35,16.7,17.95
2017-05-03,0.0,27.9,15.88,18.8
2017-05-04,5.24,26.82,17.07,9.59
2017-05-05,14.49,26.08,18.16,10.02
2017-05-06,0.8,26.94,16.49,17.99
2017-05-07,0.02,25.78,15.8,17.63
2017-05-08,0.01,26.0,14.66,19.21
2017-05-09,0.01,26.99,13.81,17.14
2017-05-10,0.0,27.19,19.15,13.85
2017-05-11,0.0,26.17,17.59,16.78
2017-05-12,0.0,26.97,15.3,17.26
2017-05-13,0.7,28.38,15.91,16.73
2017-05-14,1.75,27.28,19.06,14.04
2017-05-15,2.4,26.2,16.3,11.9
2017-05-16,0.14,23.68,17.14,7.93
2017-05-17,0.21,24.22,15.11,11.74
2017-05-18,13.81,25.6,16.5,4.9
2017-05-19,59.6,24.89,20.51,2.74
2017-05-20,10.85,24.6,20.23,6.56
2017-05-21,62.0,24.97,19.23,2.01
2017-05-22,1.0,27.4,18.27,13.77
2017-05-23,0.01,24.94,16.03,15.38
2017-05-24,0.0,26.68,15.67,13.86
2017-05-25,0.0,28.37,19.19,16.01
2017-05-26,0.0,27.89,19.24,16.01
2017-05-27,0.0,27.93,18.31,13.98
2017-05-28,0.0,26.65,18.29,12.67
2017-05-29,0.0,27.01,16.38,14.17
2017-05-30,0.0,26.51,16.79,12.9
2017-05-31,0.74,25.35,17.1,13.86
2017-06-01,0.17,20.15,11.26,12.24
2017-06-02,0.0,20.75,8.71,16.79
2017-06-03,0.08,24.12,9.22,16.8
2017-06-04,0.2,27.33,13.37,16.06
2017-06-05,5.29,27.69,17.33,7.16
2017-06-06,3.09,28.05,18.47,11.79
2017-06-07,1.47,27.96,18.26,14.25
2017-06-08,0.07,28.04,17.37,13.5
2017-06-09,0.55,20.11,8.42,5.14
2017-06-10,0.0,18.18,5.68,17.39
2017-06-11,0.05,20.45,5.17,17.2
2017-06-12,10.43,18.34,9.25,9.45
2017-06-13,21.3,21.18,13.53,3.94
2017-06-14,2.8,24.58,14.6,11.25
2017-06-15,0.01,24.51,13.6,15.99
2017-06-16,0.02,24.47,12.16,15.71
2017-06-17,0.01,26.06,12.84,16.05
2017-06-18,0.09,25.84,13.7,11.12
2017-06-19,0.01,26.71,14.42,15.32
2017-06-20,0.12,24.61,14.56,8.99
2017-06-21,0.04,24.46,12.65,15.82
2017-06-22,0.04,24.68,14.22,15.92
2017-06-23,0.0,25.05,15.34,15.8
2017-06-24,0.0,24.83,13.18,15.65
2017-06-25,0.01,24.51,13.78,15.68
2017-06-26,0.0,24.27,11.77,16.35
2017-06-27,0.01,24.92,12.4,15.91
2017-06-28,0.0,24.96,11.27,15.37
2017-06-29,0.0,26.01,14.15,13.99
2017-06-30,0.0,25.11,15.8,10.49
2017-07-01,0.0,25.73,13.15,15.46
2017-07-02,0.0,22.34,12.51,14.95
2017-07-03,0.0,21.37,10.53,14.57
2017-07-04,0.0,20.58,9.72,15.77
2017-07-05,0.0,21.99,9.06,14.6
2017-07-06,0.0,23.02,9.0,12.13
2017-07-07,0.0,24.2,11.2,14.96
2017-07-08,0.0,23.98,11.94,10.71
2017-07-09,0.0,24.32,13.53,14.02
2017-07-10,0.0,25.63,11.89,16.1
2017-07-11,0.0,26.39,12.73,16.05
2017-07-12,0.0,26.3,12.46,16.1
2017-07-13,0.0,26.43,12.46,16.75
2017-07-14,0.0,26.39,12.13,16.91
2017-07-15,0.0,26.25,11.82,16.83
2017-07-16,0.0,26.63,13.19,16.01
2017-07-17,0.0,27.05,10.73,16.74
2017-07-18,0.0,17.69,8.0,6.15
2017-07-19,0.0,19.95,7.45,16.55
2017-07-20,0.0,24.18,9.5,16.48
2017-07-21,0.0,26.51,10.78,17.59
2017-07-22,0.0,25.97,11.2,17.91
2017-07-23,0.0,26.57,10.61,17.51
2017-07-24,0.0,26.95,12.52,17.88
2017-07-25,0.0,27.13,11.63,17.97
2017-07-26,0.04,26.96,12.68,17.97
2017-07-27,0.03,26.3,12.05,18.1
2017-07-28,0.05,26.07,12.15,18.32
2017-07-29,0.02,26.1,11.98,18.28
2017-07-30,0.0,26.14,12.24,14.81
2017-07-31,0.0,25.96,11.8,15.47
2017-08-01,0.0,26.12,11.49,10.53
2017-08-02,0.0,28.08,14.23,17.39
2017-08-03,0.06,23.14,13.42,7.84
2017-08-04,0.01,24.28,11.08,16.34
2017-08-05,0.02,24.54,10.62,17.79
2017-08-06,0.03,25.18,10.38,19.35
2017-08-07,0.0,27.15,10.38,18.14
2017-08-08,0.01,30.18,14.85,14.51
2017-08-09,0.0,32.33,16.37,17.86
2017-08-10,0.0,32.32,17.32,17.64
2017-08-11,0.0,30.06,14.35,18.34
2017-08-12,0.0,31.9,15.56,17.83
2017-08-13,7.29,32.44,17.47,13.73
2017-08-14,0.58,27.26,14.34,15.45
2017-08-15,8.67,24.39,15.66,2.91
2017-08-16,12.65,24.36,16.01,5.92
2017-08-17,4.53,23.67,16.28,4.63
2017-08-18,8.39,22.29,17.23,5.59
2017-08-19,1.24,27.81,17.01,9.53
2017-08-20,22.52,22.34,16.86,4.1
2017-08-21,0.16,23.59,12.7,18.11
2017-08-22,0.09,24.38,10.49,19.6
2017-08-23,0.02,29.28,15.4,17.42
2017-08-24,0.0,28.9,16.21,20.63
2017-08-25,0.03,28.53,13.84,21.64
2017-08-26,0.03,30.07,14.35,21.05
2017-08-27,0.0,30.68,14.11,22.01
2017-08-28,0.0,31.23,14.5,21.88
2017-08-29,0.0,31.16,13.71,21.82
2017-08-30,0.0,32.67,14.25,22.61
2017-08-31,0.0,31.99,16.23,20.89
2017-09-01,0.01,30.6,14.96,21.46
2017-09-02,0.0,30.99,15.55,21.44
2017-09-03,0.0,30.83,14.73,22.9
2017-09-04,0.0,30.03,13.56,22.29
2017-09-05,0.0,31.55,13.64,23.56
2017-09-06,0.0,31.07,13.33,23.26
2017-09-07,0.0,31.67,14.48,22.25
2017-09-08,0.0,32.84,15.32,22.9
2017-09-09,0.0,33.47,16.33,21.38
2017-09-10,0.0,33.76,16.6,23.92
2017-09-11,0.0,35.08,16.84,23.16
2017-09-12,0.0,35.29,17.02,23.85
2017-09-13,0.0,34.52,17.29,24.26
2017-09-14,0.02,35.31,17.68,24.52
2017-09-15,0.0,35.53,17.92,24.12
2017-09-16,0.0,35.07,17.55,24.16
2017-09-17,0.0,34.96,16.09,23.87
2017-09-18,0.0,34.06,16.59,23.29
2017-09-19,0.0,34.8,18.64,22.61
2017-09-20,0.0,34.73,18.13,24.4
2017-09-21,0.0,34.5,17.35,24.95
2017-09-22,0.0,34.67,17.35,24.04
2017-09-23,0.0,34.57,19.08,21.84
2017-09-24,0.0,34.05,18.08,22.81
2017-09-25,0.0,31.88,17.74,21.21
2017-09-26,0.0,30.7,17.84,17.88
2017-09-27,0.0,34.87,18.27,23.52
2017-09-28,0.0,36.01,20.53,22.75
2017-09-29,12.5,24.92,19.42,6.22
2017-09-30,4.59,24.95,17.93,6.12
2017-10-01,6.82,31.13,16.44,17.71
2017-10-02,48.1,25.86,15.05,7.56
2017-10-03,0.06,24.89,12.59,23.72
2017-10-04,0.01,28.66,12.63,25.43
2017-10-05,0.0,32.76,13.14,26.08
2017-10-06,6.64,32.9,20.7,21.33
2017-10-07,12.42,29.36,20.96,5.02
2017-10-08,2.08,32.17,18.55,12.63
2017-10-09,1.99,32.82,19.41,15.41
2017-10-10,0.0,35.37,20.6,24.04
2017-10-11,0.01,36.11,21.29,25.96
2017-10-12,0.03,36.57,22.26,26.23
2017-10-13,0.02,37.15,21.53,26.65
2017-10-14,0.0,36.0,20.7,25.27
2017-10-15,0.0,34.03,20.67,26.46
2017-10-16,0.0,34.05,17.85,27.45
2017-10-17,0.0,36.6,18.77,27.25
2017-10-18,0.0,36.62,21.35,27.49
2017-10-19,0.85,37.65,22.32,25.49
2017-10-20,3.19,32.99,22.7,11.77
2017-10-21,6.6,33.77,21.87,11.02
2017-10-22,11.81,25.81,20.65,6.42
2017-10-23,0.37,29.71,19.56,15.2
2017-10-24,0.01,32.52,17.1,27.44
2017-10-25,1.08,32.39,19.3,22.3
2017-10-26,1.81,34.69,21.58,12.23
2017-10-27,7.4,33.91,21.18,8.19
2017-10-28,20.02,31.67,22.75,19.31
2017-10-29,21.23,28.03,22.71,18.66
2017-10-30,23.53,27.89,21.68,6.05
2017-10-31,8.31,28.13,21.01,20.23
2017-11-01,0.0,29.57,16.31,29.41
2017-11-02,0.23,30.68,14.91,29.44
2017-11-03,7.09,29.92,19.08,23.71
2017-11-04,31.86,27.55,21.71,17.14
2017-11-05,2.08,27.14,21.86,9.06
2017-11-06,4.09,25.96,17.99,10.33
2017-11-07,0.04,28.62,16.27,25.01
2017-11-08,12.87,29.56,17.84,13.37
2017-11-09,2.31,29.11,20.61,21.7
2017-11-10,1.38,29.51,20.49,22.86
2017-11-11,0.34,30.05,18.47,24.56
2017-11-12,0.0,29.33,14.77,31.94
2017-11-13,0.0,30.84,14.16,31.85
2017-11-14,0.0,31.56,15.55,31.73
2017-11-15,0.0,33.9,15.92,29.61
2017-11-16,8.29,32.51,20.82,27.38
2017-11-17,1.93,27.0,21.27,21.2
2017-11-18,5.4,30.41,21.63,16.69
2017-11-19,3.25,30.69,22.34,24.94
2017-11-20,3.65,30.53,20.81,21.93
2017-11-21,20.05,29.65,22.19,19.11
2017-11-22,9.55,30.78,22.04,18.14
2017-11-23,0.0,30.22,18.45,26.98
2017-11-24,0.0,32.34,18.83,29.49
2017-11-25,10.17,32.66,19.58,24.28
2017-11-26,32.93,29.69,22.97,16.85
2017-11-27,23.34,30.14,19.94,12.67
2017-11-28,3.69,30.2,18.51,22.09
2017-11-29,0.0,30.94,18.6,30.14
2017-11-30,11.92,27.21,17.98,18.78
2017-12-01,0.73,29.39,18.04,13.96
2017-12-02,0.0,30.13,18.0,19.73
2017-12-03,0.0,30.03,18.66,27.68
2017-12-04,0.18,31.12,21.05,27.86
2017-12-05,6.3,29.74,22.43,23.24
2017-12-06,6.47,28.72,21.61,17.28
2017-12-07,17.47,28.04,21.2,11.15
2017-12-08,0.64,30.8,22.26,25.26
2017-12-09,0.02,31.51,21.2,27.79
2017-12-10,0.0,32.42,20.74,24.84
2017-12-11,0.0,32.96,19.47,30.49
2017-12-12,0.0,31.22,18.45,31.03
2017-12-13,0.0,31.71,18.83,28.48
2017-12-14,0.0,32.49,21.23,28.23
2017-12-15,0.03,32.99,21.35,25.35
2017-12-16,0.0,31.5,22.39,29.18
2017-12-17,6.08,30.83,21.59,28.02
2017-12-18,1.31,30.31,22.44,20.41
2017-12-19,1.14,31.38,21.88,24.87
2017-12-20,19.42,27.86,22.65,16.6
2017-12-21,8.92,27.92,21.54,12.19
2017-12-22,4.39,29.37,21.41,14.66
2017-12-23,4.47,27.67,21.13,14.25
2017-12-24,3.86,28.13,21.5,11.48
2017-12-25,23.99,26.99,21.44,11.02
2017-12-26,38.83,26.74,21.78,15.82
2017-12-27,5.31,28.52,20.7,19.32
2017-12-28,13.79,28.83,21.38,20.57
2017-12-29,17.2,28.74,21.49,18.07
2017-12-30,22.86,29.83,22.52,15.15
2017-12-31,7.69,30.27,22.25,19.53
2018-01-01,15.18,28.26,21.85,17.96
2018-01-02,11.95,27.96,22.62,8.67
2018-01-03,15.97,29.22,21.74,23.07
2018-01-04,0.01,30.61,20.55,28.54
2018-01-05,9.26,30.49,19.62,26.94
2018-01-06,12.29,27.95,21.83,20.27
2018-01-07,0.31,29.67,20.86,15.99
2018-01-08,24.54,25.29,19.11,13.06
2018-01-09,24.93,24.1,19.96,9.81
2018-01-10,12.23,26.51,20.45,13.86
2018-01-11,12.69,26.59,20.23,19.01
2018-01-12,17.81,26.86,19.96,18.75
2018-01-13,6.74,27.09,18.8,18.89
2018-01-14,16.79,25.97,20.5,18.94
2018-01-15,24.56,27.44,20.45,18.45
2018-01-16,8.65,28.69,20.77,18.41
2018-01-17,2.16,30.51,21.2,17.0
2018-01-18,3.11,28.63,22.09,17.68
2018-01-19,0.45,28.39,21.06,20.22
2018-01-20,1.33,29.22,21.86,23.47
2018-01-21,0.42,32.03,20.48,26.85
2018-01-22,0.4,29.95,21.99,27.57
2018-01-23,0.01,29.76,22.58,27.59
2018-01-24,6.81,30.93,21.9,26.66
2018-01-25,11.9,29.14,21.12,24.87
2018-01-26,2.03,29.63,21.47,23.24
2018-01-27,2.15,29.5,20.32,23.66
2018-01-28,3.38,28.88,21.09,24.44
2018-01-29,16.82,27.33,22.47,15.91
2018-01-30,4.71,30.45,21.78,16.29
2018-01-31,2.81,29.41,19.08,26.98
2018-02-01,0.0,28.79,17.74,24.25
2018-02-02,0.0,28.81,18.47,19.92
2018-02-03,0.03,30.17,19.53,29.07
2018-02-04,7.11,28.81,17.03,28.16
2018-02-05,0.49,28.79,17.78,28.29
2018-02-06,0.0,29.06,20.42,28.45
2018-02-07,2.4,29.96,18.74,28.74
2018-02-08,0.16,31.04,19.48,27.03
2018-02-09,12.75,31.26,21.64,23.4
2018-02-10,19.74,26.59,22.02,12.82
2018-02-11,12.54,29.18,21.64,11.81
2018-02-12,4.73,27.11,21.57,15.78
2018-02-13,17.21,28.39,20.8,17.32
2018-02-14,0.4,26.77,19.21,18.14
2018-02-15,0.04,29.69,17.32,20.97
2018-02-16,0.04,29.76,20.74,24.8
2018-02-17,4.25,25.95,21.26,18.37
2018-02-18,9.58,26.75,20.62,14.99
2018-02-19,6.33,26.37,20.77,10.08
2018-02-20,11.06,27.37,21.73,13.47
2018-02-21,19.91,29.17,21.77,21.97
2018-02-22,0.04,29.57,20.11,27.53
2018-02-23,0.07,29.81,17.08,25.91
2018-02-24,0.25,30.02,18.98,25.94
2018-02-25,0.15,30.33,19.16,25.4
2018-02-26,5.3,26.5,19.65,19.65
2018-02-27,3.27,28.09,20.02,12.78
2018-02-28,4.28,28.87,21.06,20.18
2018-03-01,1.58,27.62,22.14,21.45
2018-03-02,6.66,28.66,22.33,20.22
2018-03-03,42.52,27.79,22.19,21.3
2018-03-04,4.06,30.38,21.23,25.16
2018-03-05,0.0,30.07,20.69,24.93
2018-03-06,12.66,29.45,21.05,22.89
2018-03-07,1.6,29.83,22.03,17.77
2018-03-08,3.68,29.91,22.11,19.0
2018-03-09,8.38,29.9,20.92,22.62
2018-03-10,13.69,29.53,21.6,18.89
2018-03-11,0.02,31.05,21.78,24.28
2018-03-12,0.0,31.78,22.24,23.69
2018-03-13,0.16,31.94,23.69,15.41
2018-03-14,3.0,29.98,23.9,23.05
2018-03-15,1.05,29.35,23.55,20.44
2018-03-16,0.7,29.23,23.29,19.87
2018-03-17,0.25,30.78,23.23,24.01
2018-03-18,0.02,31.27,22.41,23.98
2018-03-19,0.27,30.83,23.35,22.21
2018-03-20,1.92,29.61,22.74,20.89
2018-03-21,6.48,28.2,21.88,16.38
2018-03-22,0.17,30.26,20.6,18.73
2018-03-23,0.1,30.96,21.02,20.36
2018-03-24,0.07,30.27,22.25,23.42
2018-03-25,5.01,29.0,22.21,16.58
2018-03-26,16.66,27.39,21.92,8.4
2018-03-27,3.05,25.99,20.91,13.67
2018-03-28,2.22,29.03,20.03,17.04
2018-03-29,0.87,29.86,20.28,20.54
2018-03-30,4.82,28.48,20.44,18.59
2018-03-31,14.6,26.51,20.11,7.86
2018-04-01,13.36,26.43,20.98,11.86
2018-04-02,5.27,27.03,20.63,13.92
2018-04-03,1.59,27.31,19.62,14.03
2018-04-04,0.03,28.0,17.21,20.54
2018-04-05,0.04,29.07,17.91,21.11
2018-04-06,0.0,29.46,17.74,22.17
2018-04-07,0.0,29.29,16.97,22.94
2018-04-08,0.0,29.11,17.19,22.93
2018-04-09,0.02,29.35,18.52,20.18
2018-04-10,0.0,29.39,19.3,20.58
2018-04-11,0.0,29.24,19.0,21.48
2018-04-12,0.0,28.5,17.28,21.33
2018-04-13,0.0,28.9,16.89,21.41
2018-04-14,0.29,28.99,18.2,18.66
2018-04-15,0.99,25.16,19.51,16.63
2018-04-16,0.13,27.21,17.09,12.63
2018-04-17,0.0,25.48,17.35,18.77
2018-04-18,0.0,27.14,17.12,19.92
2018-04-19,0.0,27.89,16.6,20.42
2018-04-20,0.0,27.97,18.22,19.71
2018-04-21,0.0,27.42,16.19,20.55
2018-04-22,0.0,27.63,13.58,20.52
2018-04-23,0.0,27.84,15.76,19.25
2018-04-24,0.0,28.5,16.45,19.25
2018-04-25,0.0,28.69,16.7,18.97
2018-04-26,0.0,29.12,16.67,19.01
2018-04-27,0.37,29.41,17.4,18.1
2018-04-28,0.06,29.59,18.42,17.75
2018-04-29,0.0,29.29,17.6,18.23
2018-04-30,0.0,29.7,17.03,18.52
2018-05-01,0.0,29.71,17.8,18.7
2018-05-02,0.0,29.35,16.54,17.42
2018-05-03,0.0,28.78,16.35,18.4
2018-05-04,0.0,29.59,15.64,15.79
2018-05-05,0.0,30.48,16.96,16.28
2018-05-06,0.01,28.94,17.89,15.94
2018-05-07,0.0,28.07,18.25,17.74
2018-05-08,0.0,27.8,17.11,17.6
2018-05-09,0.0,28.04,16.89,16.98
2018-05-10,0.0,28.04,15.94,17.55
2018-05-11,0.0,28.78,16.9,14.35
2018-05-12,0.0,25.17,17.05,12.66
2018-05-13,0.0,26.27,14.14,16.09
2018-05-14,0.0,27.57,16.36,17.16
2018-05-15,10.34,28.66,16.98,15.87
2018-05-16,1.13,27.37,16.61,11.26
2018-05-17,0.02,27.56,16.73,16.1
2018-05-18,6.24,27.44,18.16,14.73
2018-05-19,5.35,22.11,12.58,7.41
2018-05-20,0.27,19.18,8.86,18.11
2018-05-21,0.38,20.44,7.28,17.52
2018-05-22,0.03,22.17,8.74,17.7
2018-05-23,0.0,24.17,8.86,17.2
2018-05-24,0.0,25.2,11.78,16.43
2018-05-25,0.0,24.78,13.77,14.02
2018-05-26,0.0,26.01,13.9,16.17
2018-05-27,0.0,26.38,14.04,16.81
2018-05-28,0.0,25.56,12.74,16.81
2018-05-29,0.0,25.59,12.66,14.24
2018-05-30,0.0,25.99,15.16,16.03
2018-05-31,0.0,26.08,13.53,16.31
2018-06-01,0.0,26.56,13.87,10.07
2018-06-02,0.02,27.41,15.88,8.88
2018-06-03,0.07,26.89,16.97,8.09
2018-06-04,0.01,23.19,14.87,7.71
2018-06-05,0.0,25.2,15.57,10.15
2018-06-06,0.02,23.97,15.66,10.3
2018-06-07,0.03,24.9,14.62,8.3
2018-06-08,0.0,21.65,11.21,11.1
2018-06-09,0.0,25.3,13.12,11.78
2018-06-10,0.0,28.65,15.99,11.02
2018-06-11,0.0,29.21,18.08,13.57
2018-06-12,3.98,28.51,18.23,7.76
2018-06-13,1.81,26.48,16.47,6.14
2018-06-14,0.05,23.67,13.75,10.84
2018-06-15,0.11,23.35,15.02,11.07
2018-06-16,0.0,24.72,12.77,13.3
2018-06-17,0.0,24.15,12.66,14.81
2018-06-18,0.01,25.43,13.74,12.99
2018-06-19,0.01,26.41,13.83,14.48
2018-06-20,0.0,27.07,14.53,15.15
2018-06-21,0.0,27.6,13.75,13.92
2018-06-22,0.0,27.28,17.5,14.3
2018-06-23,0.0,27.41,15.66,14.24
2018-06-24,0.0,28.55,17.88,11.54
2018-06-25,0.0,29.09,17.97,14.58
2018-06-26,0.0,29.36,15.7,13.1
2018-06-27,0.0,28.41,15.37,13.37
2018-06-28,0.0,28.52,15.43,13.84
2018-06-29,0.0,28.31,14.83,13.96
2018-06-30,0.0,28.35,14.91,15.1
2018-07-01,0.0,28.87,15.31,14.87
2018-07-02,0.0,29.42,15.36,15.8
2018-07-03,0.0,29.56,18.37,16.15
2018-07-04,0.0,28.7,14.53,15.1
2018-07-05,0.0,29.46,15.74,14.91
2018-07-06,0.0,29.18,14.67,15.94
2018-07-07,0.0,28.27,14.3,15.51
2018-07-08,0.0,29.03,17.45,14.79
2018-07-09,0.0,25.36,13.14,12.69
2018-07-10,0.09,21.45,9.06,16.51
2018-07-11,0.02,21.27,6.69,16.35
2018-07-12,0.0,21.67,6.99,15.26
2018-07-13,0.0,23.83,10.67,14.89
2018-07-14,0.0,29.1,14.11,16.79
2018-07-15,0.0,30.41,14.68,16.97
2018-07-16,0.0,30.35,14.95,16.61
2018-07-17,0.0,29.36,14.09,16.91
2018-07-18,0.0,29.69,14.08,16.92
2018-07-19,0.0,30.1,15.95,16.83
2018-07-20,0.0,30.36,15.36,17.24
2018-07-21,0.0,27.41,14.41,14.14
2018-07-22,0.0,28.61,14.77,14.64
2018-07-23,0.0,30.03,15.19,16.28
2018-07-24,0.0,28.93,15.31,15.1
2018-07-25,0.0,28.47,14.0,16.26
2018-07-26,0.0,29.02,15.13,16.44
2018-07-27,0.0,29.81,14.69,16.78
2018-07-28,0.0,31.08,15.59,16.55
2018-07-29,0.0,30.68,16.77,16.1
2018-07-30,0.17,29.63,18.36,14.24
2018-07-31,0.83,28.25,15.41,16.53
2018-08-01,0.01,22.18,13.25,9.53
2018-08-02,2.81,25.79,14.51,13.61
2018-08-03,18.75,23.03,16.35,4.2
2018-08-04,9.42,23.97,16.39,7.42
2018-08-05,6.36,21.46,15.4,3.98
2018-08-06,7.21,21.15,14.99,4.09
2018-08-07,0.11,25.56,13.1,10.23
2018-08-08,3.45,25.48,14.13,3.82
2018-08-09,12.81,21.3,9.86,7.78
2018-08-10,0.0,19.85,6.01,20.27
2018-08-11,0.0,22.24,5.48,20.69
2018-08-12,0.0,25.26,7.22,20.36
2018-08-13,0.01,26.01,8.95,20.64
2018-08-14,0.0,27.9,10.12,20.44
2018-08-15,0.0,28.03,11.15,14.51
2018-08-16,0.0,26.15,13.83,13.42
2018-08-17,0.0,26.93,13.47,19.45
2018-08-18,0.0,27.74,13.43,19.92
2018-08-19,0.0,29.24,14.26,18.6
2018-08-20,0.0,30.8,15.3,20.26
2018-08-21,6.23,29.51,14.42,18.45
2018-08-22,1.47,25.17,15.77,7.62
2018-08-23,0.9,30.1,16.52,15.52
2018-08-24,2.8,31.47,18.73,8.95
2018-08-25,13.75,25.69,13.61,13.22
2018-08-26,0.0,24.77,9.97,22.37
2018-08-27,0.0,26.44,10.28,22.1
2018-08-28,0.0,30.21,13.48,21.15
2018-08-29,0.0,29.97,15.51,21.99
2018-08-30,0.0,32.03,16.03,22.42
2018-08-31,0.0,32.75,16.34,22.05
2018-09-01,0.0,32.41,18.64,19.87
2018-09-02,0.3,32.65,16.99,14.88
2018-09-03,0.44,22.57,13.22,11.57
2018-09-04,0.03,24.62,11.62,16.52
2018-09-05,0.0,25.5,11.13,23.49
2018-09-06,0.0,28.01,9.63,22.25
2018-09-07,0.0,31.49,11.9,22.49
2018-09-08,0.0,32.9,13.35,23.5
2018-09-09,0.0,33.12,14.1,24.09
2018-09-10,0.0,33.0,15.11,23.3
2018-09-11,0.0,32.97,15.47,21.03
2018-09-12,0.0,32.77,15.12,22.48
2018-09-13,0.51,34.14,16.04,19.68
2018-09-14,2.35,31.25,17.03,6.05
2018-09-15,0.28,28.03,16.57,12.1
2018-09-16,8.77,30.08,19.13,13.38
2018-09-17,21.33,24.23,18.21,8.14
2018-09-18,0.13,26.76,19.31,12.5
2018-09-19,27.44,28.21,19.78,20.03
2018-09-20,22.07,28.38,20.15,6.86
2018-09-21,0.33,29.11,20.17,23.19
2018-09-22,0.0,31.93,19.0,24.86
2018-09-23,0.0,33.28,17.58,25.8
2018-09-24,0.0,34.04,17.33,25.98
2018-09-25,0.0,33.75,16.75,19.77
2018-09-26,1.06,33.2,20.9,15.46
2018-09-27,4.56,29.63,21.13,10.36
2018-09-28,0.71,29.25,20.31,19.54
2018-09-29,0.14,30.31,20.45,19.33
2018-09-30,16.85,25.88,20.32,4.86
2018-10-01,0.53,31.51,19.91,23.42
2018-10-02,0.0,33.35,19.85,17.05
2018-10-03,0.38,32.2,21.95,21.16
2018-10-04,2.46,29.97,22.72,21.35
2018-10-05,0.02,30.43,19.27,20.05
2018-10-06,0.01,30.36,17.14,17.4
2018-10-07,41.1,30.01,18.3,17.77
2018-10-08,30.76,28.58,21.74,9.04
2018-10-09,19.39,30.04,20.85,17.9
2018-10-10,5.76,29.35,22.14,12.74
2018-10-11,0.91,29.8,21.54,14.01
2018-10-12,0.03,30.75,18.4,23.39
2018-10-13,4.3,27.88,22.62,14.01
2018-10-14,14.08,28.76,21.98,20.48
2018-10-15,9.54,29.31,21.66,20.59
2018-10-16,2.17,29.05,21.25,20.02
2018-10-17,9.66,27.98,22.32,18.51
2018-10-18,8.59,31.32,22.36,22.01
2018-10-19,0.35,28.46,21.22,19.91
2018-10-20,0.0,28.33,16.08,27.27
2018-10-21,0.0,28.96,13.45,28.25
2018-10-22,0.0,31.25,14.97,27.11
2018-10-23,13.85,29.34,20.76,23.58
2018-10-24,10.39,25.94,21.38,10.65
2018-10-25,12.24,27.08,20.19,8.62
2018-10-26,18.82,28.46,21.05,10.83
2018-10-27,12.35,28.13,19.95,18.97
2018-10-28,0.02,28.96,17.62,27.58
2018-10-29,0.0,28.72,15.07,24.29
2018-10-30,0.0,31.26,16.88,27.74
2018-10-31,3.62,30.89,20.48,19.96
2018-11-01,8.5,28.39,21.59,14.41
2018-11-02,0.05,29.72,21.05,25.14
2018-11-03,9.68,30.7,20.88,26.13
2018-11-04,6.37,29.03,21.44,19.03
2018-11-05,0.92,28.87,17.2,27.77
2018-11-06,1.75,30.29,17.59,23.65
2018-11-07,17.83,27.81,19.76,15.76
2018-11-08,3.83,22.56,17.38,16.3
2018-11-09,0.71,26.74,18.07,16.97
2018-11-10,0.24,29.02,18.97,14.24
2018-11-11,0.0,30.04,20.18,25.74
2018-11-12,0.0,32.16,20.47,27.13
2018-11-13,0.0,32.89,21.66,26.24
2018-11-14,1.47,32.65,22.5,21.13
2018-11-15,1.56,30.44,23.32,23.76
2018-11-16,1.73,30.7,23.57,26.44
2018-11-17,2.13,30.82,19.53,20.33
2018-11-18,33.27,26.16,22.67,9.72
2018-11-19,5.09,28.49,18.58,11.37
2018-11-20,0.0,28.37,16.54,23.47
2018-11-21,0.02,30.04,16.2,25.45
2018-11-22,12.4,29.74,18.55,19.73
2018-11-23,31.06,26.4,21.8,2.95
2018-11-24,9.64,27.86,21.57,15.22
2018-11-25,3.37,30.52,21.31,25.93
2018-11-26,0.05,30.16,19.72,27.1
2018-11-27,0.0,29.66,16.81,27.62
2018-11-28,0.0,30.33,19.54,29.27
2018-11-29,1.3,30.64,20.67,23.08
2018-11-30,12.54,28.14,21.36,20.34
2018-12-01,21.06,28.27,22.17,19.33
2018-12-02,0.59,30.4,20.74,22.06
2018-12-03,0.24,29.75,19.02,29.57
2018-12-04,0.01,30.73,18.95,28.47
2018-12-05,0.1,31.66,20.85,29.8
2018-12-06,0.0,32.96,18.75,30.74
2018-12-07,0.0,30.78,18.66,27.02
2018-12-08,0.0,29.16,17.79,30.74
2018-12-09,0.0,30.22,14.72,29.5
2018-12-10,0.0,31.8,19.79,28.87
2018-12-11,0.0,32.71,20.47,29.6
2018-12-12,0.01,34.08,20.31,28.85
2018-12-13,2.29,31.49,21.87,26.63
2018-12-14,0.26,32.63,21.19,24.02
2018-12-15,9.2,32.1,23.49,27.07
2018-12-16,1.83,33.23,22.11,29.13
2018-12-17,3.72,33.82,22.56,24.8
2018-12-18,0.4,34.52,23.91,23.58
2018-12-19,0.1,32.27,23.31,24.67
2018-12-20,0.04,32.5,23.44,29.43
2018-12-21,1.15,34.11,23.77,23.01
2018-12-22,3.79,32.04,23.6,19.3
2018-12-23,4.16,28.51,22.37,16.57
2018-12-24,9.92,28.52,21.12,9.9
2018-12-25,3.93,30.36,20.74,14.35
2018-12-26,9.01,30.47,20.4,24.4
2018-12-27,3.5,31.07,21.83,25.65
2018-12-28,5.56,31.41,21.71,24.54
2018-12-29,1.97,32.0,22.19,23.07
2018-12-30,5.64,31.82,22.75,24.13
2018-12-31,2.19,33.66,22.83,25.79
2019-01-01,17.43,31.73,23.03,26.54
2019-01-02,0.69,32.18,22.52,25.69
2019-01-03,1.9,31.11,22.75,20.54
2019-01-04,27.36,30.35,23.26,19.79
2019-01-05,42.22,27.84,23.51,16.96
2019-01-06,5.71,26.63,22.21,16.74
2019-01-07,0.14,31.16,21.21,28.88
2019-01-08,0.0,29.07,22.49,26.65
2019-01-09,0.96,30.08,22.2,27.05
2019-01-10,0.6,28.66,23.39,19.73
2019-01-11,0.39,30.81,21.12,26.74
2019-01-12,1.98,30.09,21.47,26.97
2019-01-13,2.12,29.97,21.78,25.46
2019-01-14,1.84,30.64,21.52,27.65
2019-01-15,1.51,31.8,21.6,25.92
2019-01-16,1.39,30.55,23.59,19.19
2019-01-17,7.21,31.86,22.68,25.21
2019-01-18,0.16,31.35,22.84,22.39
2019-01-19,0.29,31.59,22.13,23.68
2019-01-20,2.04,30.66,21.98,23.61
2019-01-21,0.1,33.68,21.99,29.2
2019-01-22,0.0,34.43,22.83,28.12
2019-01-23,0.11,33.7,23.56,25.4
2019-01-24,11.17,29.98,23.87,23.16
2019-01-25,1.31,31.19,22.49,23.92
2019-01-26,0.78,31.74,22.77,25.25
2019-01-27,1.33,29.13,21.34,23.74
2019-01-28,0.11,32.95,20.6,28.42
2019-01-29,0.0,35.39,21.49,29.39
2019-01-30,0.02,35.08,23.59,27.11
2019-01-31,4.51,34.95,24.61,27.11
2019-02-01,0.44,36.81,23.93,27.67
2019-02-02,0.0,33.51,25.21,27.26
2019-02-03,0.01,35.11,23.58,26.77
2019-02-04,0.42,32.54,22.8,19.64
2019-02-05,0.22,29.26,20.64,19.15
2019-02-06,11.75,31.05,20.51,23.09
2019-02-07,0.21,33.07,19.69,28.89
2019-02-08,0.0,34.58,20.26,28.57
2019-02-09,0.0,35.73,22.11,27.92
2019-02-10,7.57,35.15,23.4,24.64
2019-02-11,8.08,30.51,24.42,21.01
2019-02-12,15.61,26.92,22.98,6.72
2019-02-13,10.84,27.78,22.02,18.02
2019-02-14,3.74,29.75,18.71,14.44
2019-02-15,18.42,28.36,21.09,10.45
2019-02-16,6.54,28.65,21.76,23.02
2019-02-17,1.27,29.43,20.34,23.89
2019-02-18,5.58,29.91,18.86,24.27
2019-02-19,6.65,30.16,20.38,19.5
2019-02-20,2.54,30.35,22.28,19.33
2019-02-21,0.64,31.37,22.34,19.96
2019-02-22,2.51,30.14,21.83,21.06
2019-02-23,1.56,30.68,22.64,23.14
2019-02-24,1.48,31.38,22.41,23.8
2019-02-25,11.55,30.45,22.52,18.38
2019-02-26,18.22,29.3,22.26,9.17
2019-02-27,20.54,27.71,21.74,11.97
2019-02-28,29.32,26.36,21.66,11.71
2019-03-01,18.11,29.25,21.01,17.99
2019-03-02,0.4,29.75,21.51,20.13
2019-03-03,0.59,30.63,20.43,23.02
2019-03-04,4.33,29.33,21.87,20.15
2019-03-05,0.53,29.43,21.33,24.1
2019-03-06,0.19,30.61,20.72,23.84
2019-03-07,5.25,29.15,21.54,17.62
2019-03-08,10.98,29.42,21.99,20.89
2019-03-09,8.1,29.65,21.35,18.05
2019-03-10,16.12,27.72,22.12,20.91
2019-03-11,0.69,30.43,20.63,18.41
2019-03-12,0.78,29.89,21.17,22.14
2019-03-13,6.38,29.42,21.94,18.98
2019-03-14,6.64,27.36,22.15,20.01
2019-03-15,3.64,27.55,21.98,19.18
2019-03-16,2.79,29.11,21.63,16.66
2019-03-17,16.8,29.58,22.06,18.79
2019-03-18,6.39,28.81,22.25,17.97
2019-03-19,2.81,29.23,22.64,21.93
2019-03-20,14.33,28.11,22.27,17.74
2019-03-21,3.79,27.91,20.18,12.56
2019-03-22,0.01,28.17,17.59,21.73
2019-03-23,0.0,29.32,18.25,24.65
2019-03-24,0.0,30.2,18.39,23.57
2019-03-25,0.0,30.72,18.48,23.4
2019-03-26,0.0,31.57,19.43,23.2
2019-03-27,0.0,31.23,20.52,20.64
2019-03-28,0.0,30.85,19.7,23.21
2019-03-29,0.0,30.0,18.5,23.97
2019-03-30,0.0,30.18,18.02,23.88
2019-03-31,0.0,30.9,18.52,22.17
2019-04-01,0.0,31.29,18.16,19.36
2019-04-02,0.0,30.83,18.43,13.87
2019-04-03,0.0,30.34,21.09,12.37
2019-04-04,0.0,31.09,21.68,13.63
2019-04-05,5.62,28.74,22.56,15.85
2019-04-06,16.29,29.55,22.36,13.05
2019-04-07,17.72,28.52,21.89,10.01
2019-04-08,0.17,28.67,19.81,17.09
2019-04-09,0.03,28.5,17.99,15.61
2019-04-10,0.01,28.41,16.69,20.77
2019-04-11,0.01,29.28,17.05,21.85
2019-04-12,2.56,30.02,17.86,20.78
2019-04-13,7.19,29.42,18.98,14.3
2019-04-14,2.54,28.75,21.58,11.63
2019-04-15,0.09,30.42,20.45,20.08
2019-04-16,0.03,29.72,20.86,18.31
2019-04-17,0.02,30.74,19.04,21.58
2019-04-18,0.0,30.16,15.79,21.32
2019-04-19,0.02,30.48,16.71,21.68
2019-04-20,0.0,30.75,16.43,21.02
2019-04-21,0.0,31.49,18.0,18.17
2019-04-22,0.32,29.26,19.9,9.53
2019-04-23,0.55,30.45,20.2,14.95
2019-04-24,0.06,31.02,20.24,18.64
2019-04-25,5.64,31.6,20.53,17.28
2019-04-26,0.09,31.25,20.28,17.82
2019-04-27,0.26,31.29,21.07,18.34
2019-04-28,2.61,30.65,20.62,10.76
2019-04-29,0.24,28.82,16.0,16.15
2019-04-30,0.05,29.41,16.48,16.75
2019-05-01,0.15,28.14,18.82,11.1
2019-05-02,0.03,29.38,19.81,13.59
2019-05-03,2.48,30.14,20.37,14.82
2019-05-04,0.18,27.87,21.61,12.35
2019-05-05,0.0,29.9,20.65,17.12
2019-05-06,0.35,31.5,19.5,16.49
2019-05-07,4.39,31.18,21.69,14.02
2019-05-08,0.14,29.47,19.17,16.93
2019-05-09,0.02,29.73,18.48,16.92
2019-05-10,0.94,31.12,19.23,14.8
2019-05-11,9.36,30.61,20.84,11.65
2019-05-12,3.12,30.1,21.86,16.58
2019-05-13,0.28,29.66,21.08,14.08
2019-05-14,0.01,25.74,16.04,15.9
2019-05-15,0.13,25.09,14.83,15.25
2019-05-16,0.14,25.49,16.86,9.61
2019-05-17,0.03,24.24,15.81,14.16
2019-05-18,0.1,26.07,16.36,13.22
2019-05-19,0.05,27.17,14.99,15.61
2019-05-20,0.0,27.83,15.15,17.08
2019-05-21,0.0,28.35,15.26,16.09
2019-05-22,0.03,29.14,16.27,17.06
2019-05-23,2.91,29.51,17.56,10.68
2019-05-24,1.75,23.61,13.59,8.89
2019-05-25,0.03,23.09,11.06,15.55
2019-05-26,0.04,25.57,10.06,17.18
2019-05-27,0.03,29.48,12.91,17.05
2019-05-28,0.07,31.22,15.77,14.63
2019-05-29,9.62,29.07,18.98,13.98
2019-05-30,0.0,30.98,18.5,14.67
2019-05-31,0.02,31.03,18.35,14.19
2019-06-01,0.31,31.03,19.8,13.33
2019-06-02,9.05,27.77,18.81,11.41
2019-06-03,12.62,25.42,16.94,11.71
2019-06-04,0.02,24.45,14.21,13.62
2019-06-05,0.04,22.56,10.31,16.28
2019-06-06,0.04,25.02,11.99,16.39
2019-06-07,0.0,27.01,11.51,16.74
2019-06-08,0.0,26.94,13.76,16.35
2019-06-09,0.03,26.13,11.63,16.68
2019-06-10,0.02,27.0,12.8,16.23
2019-06-11,0.0,28.17,13.83,15.53
2019-06-12,0.0,28.25,14.58,15.16
2019-06-13,0.0,29.01,14.67,14.76
2019-06-14,0.0,29.17,16.5,15.16
2019-06-15,0.0,28.99,14.97,15.88
2019-06-16,0.0,28.69,14.25,16.0
2019-06-17,0.0,28.24,13.8,15.33
2019-06-18,0.2,27.88,13.72,12.48
2019-06-19,0.0,28.92,15.51,15.55
2019-06-20,0.0,29.41,15.29,14.63
2019-06-21,0.0,28.34,16.09,15.56
2019-06-22,0.02,28.24,15.01,14.95
2019-06-23,0.0,28.04,13.87,15.81
2019-06-24,0.0,28.41,13.32,16.07
2019-06-25,0.39,29.74,14.14,14.5
2019-06-26,0.79,29.66,17.01,8.92
2019-06-27,0.7,27.28,16.9,8.69
2019-06-28,0.03,31.07,17.91,15.42
2019-06-29,0.08,30.68,17.35,15.77
2019-06-30,0.0,30.63,16.24,15.76
2019-07-01,0.0,30.92,16.1,14.95
2019-07-02,0.03,30.16,16.12,13.03
2019-07-03,0.46,30.52,17.31,9.04
2019-07-04,18.22,24.91,18.87,4.22
2019-07-05,6.86,22.19,9.81,10.19
2019-07-06,0.0,16.74,4.28,17.49
2019-07-07,0.06,19.51,3.96,16.95
2019-07-08,0.03,22.97,6.53,16.36
2019-07-09,0.0,25.59,7.84,16.97
2019-07-10,0.0,26.51,8.92,16.85
2019-07-11,0.0,27.03,10.55,16.18
2019-07-12,0.0,27.47,10.38,17.08
2019-07-13,0.01,27.5,15.32,16.71
2019-07-14,0.0,29.64,17.89,16.18
2019-07-15,0.5,30.04,18.36,12.35
2019-07-16,0.2,25.85,13.0,15.26
2019-07-17,0.04,23.16,8.44,15.88
2019-07-18,0.03,23.59,10.79,15.04
2019-07-19,0.0,26.68,13.59,13.4
2019-07-20,0.0,27.3,13.68,16.37
2019-07-21,0.0,27.38,13.4,14.99
2019-07-22,0.0,27.65,15.99,11.98
2019-07-23,0.03,29.43,14.99,17.39
2019-07-24,0.0,29.79,15.06,17.04
2019-07-25,0.0,30.56,15.78,12.48
2019-07-26,0.0,30.47,18.04,15.13
2019-07-27,0.0,30.53,16.25,16.71
2019-07-28,0.0,29.07,16.14,16.61
2019-07-29,0.0,28.33,14.82,15.0
2019-07-30,0.42,29.91,17.93,15.39
2019-07-31,0.0,29.87,14.41,18.13
2019-08-01,0.0,31.94,14.03,18.67
2019-08-02,0.01,32.83,17.12,14.25
2019-08-03,0.08,20.48,13.11,10.48
2019-08-04,0.22,22.34,9.82,7.58
2019-08-05,2.38,23.99,11.4,14.8
2019-08-06,3.25,25.31,14.11,12.73
2019-08-07,0.01,29.08,15.91,18.29
2019-08-08,0.0,31.45,16.47,18.83
2019-08-09,0.0,32.17,15.93,18.97
2019-08-10,0.0,32.46,16.61,18.91
2019-08-11,0.0,33.09,16.18,18.4
2019-08-12,0.0,34.11,17.04,18.53
2019-08-13,0.0,33.33,19.74,16.69
2019-08-14,0.0,27.17,14.0,17.8
2019-08-15,0.0,28.01,11.73,18.71
2019-08-16,0.0,29.62,13.81,19.58
2019-08-17,0.0,31.4,15.01,19.89
2019-08-18,0.0,33.33,19.28,13.45
2019-08-19,0.01,32.72,21.29,9.6
2019-08-20,0.0,28.29,16.74,14.75
2019-08-21,0.0,30.23,14.12,19.37
2019-08-22,0.0,30.06,13.68,20.92
2019-08-23,0.41,28.94,13.68,19.82
2019-08-24,0.02,29.18,12.47,21.66
2019-08-25,0.0,30.09,11.55,21.9
2019-08-26,0.0,32.54,13.18,19.17
2019-08-27,0.0,33.37,16.4,17.58
2019-08-28,0.0,32.58,18.26,19.33
2019-08-29,0.0,32.34,17.74,20.3
2019-08-30,0.0,34.84,17.61,20.27
2019-08-31,0.54,36.95,22.93,17.88
2019-09-01,17.03,31.36,19.65,5.2
2019-09-02,3.2,29.56,16.26,7.2
2019-09-03,1.94,31.6,18.41,11.96
2019-09-04,0.09,33.14,18.77,17.53
2019-09-05,0.03,31.69,18.47,16.68
2019-09-06,0.01,31.47,16.35,18.68
2019-09-07,0.0,35.77,18.85,21.71
2019-09-08,0.01,36.47,22.24,21.18
2019-09-09,0.0,36.92,21.06,22.44
2019-09-10,0.0,36.44,20.32,21.02
2019-09-11,0.0,38.2,23.22,19.56
2019-09-12,0.0,38.41,23.43,20.33
2019-09-13,0.0,37.98,20.06,20.12
2019-09-14,0.0,36.95,18.99,22.02
2019-09-15,0.02,39.07,21.26,22.05
2019-09-16,0.0,39.12,21.97,22.29
2019-09-17,0.0,39.68,21.28,22.98
2019-09-18,0.0,37.59,19.99,19.36
2019-09-19,3.26,37.86,23.86,15.87
2019-09-20,8.9,35.95,23.99,7.83
2019-09-21,1.22,34.25,22.66,16.95
2019-09-22,0.0,32.45,19.03,20.73
2019-09-23,0.0,31.99,15.48,23.98
2019-09-24,3.95,33.12,16.4,22.59
2019-09-25,10.26,23.53,18.25,3.51
2019-09-26,0.4,29.04,16.48,13.61
2019-09-27,0.2,31.13,16.41,24.55
2019-09-28,0.05,31.21,14.67,26.62
2019-09-29,0.05,33.22,15.11,26.73
2019-09-30,0.03,34.62,16.06,26.97
2019-10-01,0.01,37.14,17.02,26.56
2019-10-02,0.06,39.53,20.62,21.97
2019-10-03,0.93,38.02,24.01,22.82
2019-10-04,0.0,38.2,20.08,25.9
2019-10-05,0.0,38.87,21.29,26.88
2019-10-06,0.04,36.9,22.6,17.36
2019-10-07,0.01,33.93,20.49,16.04
2019-10-08,0.64,30.51,21.19,14.54
2019-10-09,0.03,32.87,20.36,21.36
2019-10-10,0.0,33.54,20.02,27.35
2019-10-11,0.0,37.47,21.83,26.23
2019-10-12,0.0,38.65,22.76,25.35
2019-10-13,1.11,37.8,24.48,24.18
2019-10-14,1.48,38.94,22.84,22.25
2019-10-15,0.2,37.46,22.15,24.43
2019-10-16,0.0,36.6,20.06,25.2
2019-10-17,0.24,39.06,21.56,21.85
2019-10-18,10.51,36.29,25.47,20.23
2019-10-19,0.62,37.56,22.37,22.93
2019-10-20,5.19,35.07,21.73,22.29
2019-10-21,7.95,29.44,19.73,8.69
2019-10-22,14.17,30.22,19.07,15.46
2019-10-23,0.0,31.69,16.5,25.46
2019-10-24,0.0,34.15,18.77,29.08
2019-10-25,0.0,36.9,20.26,27.92
2019-10-26,0.0,37.97,21.22,27.44
2019-10-27,1.77,37.33,23.05,27.42
2019-10-28,9.92,33.64,23.49,18.47
2019-10-29,0.24,35.9,22.35,28.57
2019-10-30,0.12,38.06,24.16,28.44
2019-10-31,0.02,38.76,23.73,26.95
2019-11-01,0.0,38.75,22.82,27.71
2019-11-02,0.0,38.03,22.55,28.13
2019-11-03,0.01,39.87,25.16,24.95
2019-11-04,0.02,39.11,24.62,26.95
2019-11-05,3.14,39.94,26.06,22.84
2019-11-06,6.11,31.64,24.36,17.11
2019-11-07,0.04,33.28,21.18,19.77
2019-11-08,1.94,31.32,22.8,11.19
2019-11-09,1.71,30.91,22.25,19.82
2019-11-10,3.25,33.91,21.47,14.82
2019-11-11,0.6,32.37,22.89,19.02
2019-11-12,0.0,35.41,20.54,25.82
2019-11-13,10.78,31.73,21.68,21.6
2019-11-14,12.49,31.07,22.58,16.37
2019-11-15,1.87,32.05,21.53,24.29
2019-11-16,0.01,33.02,18.53,29.21
2019-11-17,0.0,34.43,18.98,30.31
2019-11-18,0.0,35.51,17.23,30.17
2019-11-19,0.0,36.3,19.13,28.36
2019-11-20,0.4,36.67,21.77,26.07
2019-11-21,2.83,33.19,22.61,26.16
2019-11-22,1.33,33.86,23.11,23.75
2019-11-23,1.45,37.9,22.83,22.69
2019-11-24,2.63,31.56,20.06,23.54
2019-11-25,0.0,34.53,17.41,29.47
2019-11-26,3.08,33.92,20.75,23.52
2019-11-27,3.76,34.08,23.4,11.1
2019-11-28,9.84,30.65,21.19,18.27
2019-11-29,0.27,31.68,17.87,28.41
2019-11-30,37.08,32.43,21.13,22.1
2019-12-01,5.97,31.04,22.7,21.56
2019-12-02,1.36,31.29,21.67,26.02
2019-12-03,0.21,31.49,19.18,23.8
2019-12-04,2.3,29.35,22.34,17.99
2019-12-05,7.37,32.34,22.81,14.98
2019-12-06,1.25,32.78,20.3,22.39
2019-12-07,0.03,33.38,18.4,26.04
2019-12-08,0.14,34.38,20.14,28.68
2019-12-09,3.43,32.5,23.8,12.25
2019-12-10,3.37,32.02,22.68,20.42
2019-12-11,16.35,30.58,22.9,9.86
2019-12-12,3.38,31.41,22.32,23.62
2019-12-13,0.29,31.19,22.31,18.3
2019-12-14,4.26,28.32,22.27,15.79
2019-12-15,3.72,29.55,21.77,17.85
2019-12-16,5.05,30.43,21.79,11.66
2019-12-17,32.08,28.17,20.69,12.28
2019-12-18,9.7,26.7,21.32,14.78
2019-12-19,3.61,28.25,20.31,19.44
2019-12-20,8.5,30.31,20.84,23.86
2019-12-21,19.85,28.24,21.81,16.47
2019-12-22,10.86,28.42,21.89,11.09
2019-12-23,11.07,29.79,21.23,26.51
2019-12-24,0.05,31.36,19.46,28.97
2019-12-25,0.39,31.8,20.45,29.45
2019-12-26,0.45,32.69,20.28,29.86
2019-12-27,0.17,34.01,20.44,30.34
2019-12-28,1.0,32.61,21.87,28.14
2019-12-29,0.23,34.09,22.69,29.64
2019-12-30,0.0,34.36,22.01,30.18
2019-12-31,0.11,35.53,23.48,29.26
2020-01-01,7.86,33.25,23.6,20.09
2020-01-02,15.88,31.61,22.67,22.31
2020-01-03,6.2,32.15,22.11,14.3
2020-01-04,14.64,29.96,20.16,24.23
2020-01-05,8.5,28.34,21.15,19.8
2020-01-06,0.5,32.56,21.33,28.43
2020-01-07,24.26,29.78,23.15,8.39
2020-01-08,12.29,29.28,23.17,12.15
2020-01-09,13.29,29.2,22.93,17.07
2020-01-10,4.08,30.58,21.47,20.17
2020-01-11,4.89,30.21,23.91,12.08
2020-01-12,19.16,28.89,23.22,15.53
2020-01-13,10.79,30.44,22.22,15.28
2020-01-14,0.48,31.6,20.72,23.34
2020-01-15,0.04,32.99,21.42,28.89
2020-01-16,1.13,33.08,23.68,23.01
2020-01-17,0.04,31.39,22.34,17.22
2020-01-18,0.02,31.46,19.62,24.29
2020-01-19,0.0,32.69,20.49,26.76
2020-01-20,0.03,33.19,22.19,26.92
2020-01-21,0.01,33.66,21.85,27.35
2020-01-22,4.9,31.92,20.95,18.67
2020-01-23,16.92,30.12,19.7,7.21
2020-01-24,1.6,31.3,18.79,26.38
2020-01-25,0.13,31.19,18.59,27.3
2020-01-26,0.0,33.37,21.08,29.6
2020-01-27,0.0,33.88,20.88,28.79
2020-01-28,0.0,34.65,20.82,28.1
2020-01-29,0.1,35.13,21.95,23.72
2020-01-30,23.14,27.16,23.28,20.15
2020-01-31,9.46,29.85,22.81,18.04
2020-02-01,9.01,29.77,22.49,15.24
2020-02-02,9.4,26.35,22.24,13.2
2020-02-03,18.57,27.31,21.9,11.92
2020-02-04,3.37,29.14,20.94,16.67
2020-02-05,3.3,28.19,21.6,17.44
2020-02-06,2.97,28.86,21.73,18.82
2020-02-07,5.87,29.94,19.99,19.8
2020-02-08,1.6,29.73,20.16,22.25
2020-02-09,25.27,29.43,21.79,19.54
2020-02-10,28.26,27.98,21.2,13.71
2020-02-11,22.23,27.06,19.67,14.72
2020-02-12,0.0,29.4,17.23,24.55
2020-02-13,0.0,29.37,17.51,28.27
2020-02-14,0.0,30.53,18.15,26.68
2020-02-15,0.01,32.12,18.66,25.92
2020-02-16,0.02,33.02,21.24,25.05
2020-02-17,9.39,31.0,23.08,22.43
2020-02-18,14.85,30.77,22.78,24.67
2020-02-19,6.36,31.0,22.96,21.25
2020-02-20,6.03,28.68,23.08,18.91
2020-02-21,1.85,29.35,22.33,17.99
2020-02-22,20.66,31.22,21.41,20.83
2020-02-23,4.23,28.28,17.39,19.76
2020-02-24,2.67,29.25,18.78,16.19
2020-02-25,24.56,28.31,22.14,15.52
2020-02-26,13.82,29.46,19.61,7.52
2020-02-27,0.2,29.18,17.73,20.7
2020-02-28,0.0,28.64,17.35,26.91
2020-02-29,0.06,28.81,16.71,25.57
2020-03-01,0.02,28.36,18.37,22.19
2020-03-02,4.1,28.47,18.89,24.32
2020-03-03,0.51,28.65,16.95,23.5
2020-03-04,0.03,29.62,17.07,27.15
2020-03-05,0.14,30.09,17.58,26.5
2020-03-06,0.26,29.2,17.46,26.78
2020-03-07,0.05,29.84,16.26,27.39
2020-03-08,0.01,30.19,16.51,25.87
2020-03-09,0.0,31.43,18.17,25.81
2020-03-10,0.01,32.17,18.81,24.35
2020-03-11,0.01,32.96,20.03,23.93
2020-03-12,0.03,33.71,21.6,24.64
2020-03-13,0.01,34.19,20.8,26.28
2020-03-14,0.0,34.13,20.52,24.5
2020-03-15,1.13,34.24,21.37,22.82
2020-03-16,1.78,32.51,22.52,23.61
2020-03-17,1.79,32.83,22.05,20.99
2020-03-18,1.09,32.6,22.14,13.65
2020-03-19,25.97,29.46,23.29,14.64
2020-03-20,9.29,28.25,22.31,15.33
2020-03-21,1.29,29.15,21.03,17.49
2020-03-22,0.26,30.34,18.28,24.87
2020-03-23,0.62,28.88,15.81,23.88
2020-03-24,0.01,29.11,16.66,22.95
2020-03-25,0.23,29.54,16.97,22.95
2020-03-26,0.76,29.23,16.66,23.59
2020-03-27,0.02,30.11,17.74,21.4
2020-03-28,0.4,31.93,19.12,20.71
2020-03-29,24.66,29.0,21.42,7.39
2020-03-30,0.74,30.32,20.68,19.69
2020-03-31,0.0,31.19,19.36,22.95
2020-04-01,0.0,31.91,19.37,22.96
2020-04-02,0.11,32.7,19.56,21.07
2020-04-03,0.1,31.31,17.64,17.98
2020-04-04,0.0,29.5,14.04,23.85
2020-04-05,0.0,31.73,16.86,22.78
2020-04-06,0.99,33.56,19.33,22.16
2020-04-07,30.25,27.95,21.9,14.61
2020-04-08,0.03,28.97,20.15,20.64
2020-04-09,0.0,28.33,16.78,22.22
2020-04-10,0.0,28.79,15.04,22.46
2020-04-11,0.01,29.04,16.19,21.77
2020-04-12,0.0,29.35,16.08,21.22
2020-04-13,14.18,29.78,16.58,21.69
2020-04-14,3.2,27.49,17.66,10.44
2020-04-15,0.24,25.67,12.56,22.78
2020-04-16,0.0,25.94,9.53,23.05
2020-04-17,0.0,28.0,11.26,21.82
2020-04-18,0.43,27.38,14.92,21.53
2020-04-19,0.49,28.9,15.55,20.93
2020-04-20,0.0,29.27,17.1,19.27
2020-04-21,0.0,29.54,16.37,20.93
2020-04-22,0.03,29.32,14.67,21.01
2020-04-23,0.06,29.18,14.29,20.5
2020-04-24,0.0,30.19,15.35,20.62
2020-04-25,0.03,31.46,17.91,19.55
2020-04-26,0.0,31.77,17.86,20.21
2020-04-27,0.14,30.09,15.2,20.33
2020-04-28,0.28,29.12,15.96,20.08
2020-04-29,0.0,30.08,15.17,20.03
2020-04-30,0.0,31.05,18.13,19.69
2020-05-01,0.0,31.97,18.67,18.81
2020-05-02,0.02,32.24,17.37,17.48
2020-05-03,0.1,29.74,16.76,19.08
2020-05-04,0.08,28.76,13.59,19.62
2020-05-05,0.0,30.69,14.47,15.81
2020-05-06,0.0,31.69,18.43,6.78
2020-05-07,0.0,26.54,15.06,17.54
2020-05-08,0.0,25.77,10.68,19.25
2020-05-09,0.02,28.35,11.77,18.86
2020-05-10,0.02,29.7,12.97,18.8
2020-05-11,0.0,30.42,14.89,18.36
2020-05-12,0.0,30.53,15.48,11.54
2020-05-13,1.98,23.24,17.58,6.14
2020-05-14,2.26,25.84,16.58,7.9
2020-05-15,1.79,26.33,15.89,12.57
2020-05-16,0.02,27.64,14.41,16.86
2020-05-17,0.0,28.44,12.08,18.34
2020-05-18,0.02,29.3,12.65,18.09
2020-05-19,0.01,29.29,14.02,17.69
2020-05-20,0.0,29.3,17.49,15.76
2020-05-21,0.0,31.02,16.51,16.71
2020-05-22,5.6,31.46,17.56,13.5
2020-05-23,31.06,21.06,12.24,8.58
2020-05-24,0.04,19.69,8.93,7.6
2020-05-25,0.01,21.1,7.42,16.93
2020-05-26,0.06,21.76,7.14,17.93
2020-05-27,0.0,23.53,6.76,17.86
2020-05-28,0.0,24.25,7.94,18.12
2020-05-29,0.0,25.9,8.38,17.47
2020-05-30,0.01,26.32,9.85,17.41
2020-05-31,0.02,27.03,14.04,16.97
2020-06-01,0.0,28.69,14.07,15.45
2020-06-02,5.24,24.99,17.53,3.32
2020-06-03,2.76,25.71,16.78,7.3
2020-06-04,0.62,25.05,16.6,5.49
2020-06-05,4.17,27.2,17.37,9.23
2020-06-06,1.2,23.63,15.62,6.3
2020-06-07,0.12,24.14,14.55,14.2
2020-06-08,1.52,28.87,16.42,13.82
2020-06-09,4.11,27.9,19.11,8.05
2020-06-10,0.02,30.92,17.3,13.52
2020-06-11,0.0,30.83,19.07,14.81
2020-06-12,0.64,30.11,16.96,14.88
2020-06-13,0.45,30.2,16.05,15.84
2020-06-14,0.02,28.96,17.32,14.59
2020-06-15,0.01,28.41,14.51,15.41
2020-06-16,0.04,27.89,15.28,15.72
2020-06-17,0.01,27.82,15.37,15.28
2020-06-18,0.0,27.91,16.42,13.75
2020-06-19,0.0,29.04,16.31,15.97
2020-06-20,0.02,29.25,15.41,16.34
2020-06-21,0.01,30.27,15.94,15.37
2020-06-22,0.0,29.82,15.04,15.92
2020-06-23,0.02,28.01,16.05,11.82
2020-06-24,0.0,29.39,13.55,14.51
2020-06-25,3.63,29.69,17.25,14.69
2020-06-26,16.31,26.13,19.06,5.94
2020-06-27,45.47,21.15,15.69,5.68
2020-06-28,0.2,22.75,12.02,12.08
2020-06-29,0.01,24.13,12.47,12.58
2020-06-30,0.28,26.12,16.68,14.1
2020-07-01,4.0,19.89,10.03,15.44
2020-07-02,0.15,19.9,6.83,16.44
2020-07-03,0.01,21.15,6.94,16.39
2020-07-04,0.04,25.31,8.82,16.56
2020-07-05,0.0,28.72,13.47,11.7
2020-07-06,0.0,28.33,16.33,11.39
2020-07-07,0.0,29.71,16.15,15.57
2020-07-08,0.13,27.78,14.85,9.17
2020-07-09,0.1,22.24,11.25,16.66
2020-07-10,0.01,27.24,9.65,16.64
2020-07-11,0.0,28.97,15.28,15.92
2020-07-12,0.0,30.25,15.12,16.43
2020-07-13,0.0,31.07,18.48,15.28
2020-07-14,0.0,29.35,19.46,14.28
2020-07-15,0.0,29.09,15.77,15.91
2020-07-16,0.0,27.57,14.69,15.72
2020-07-17,0.0,30.24,17.35,16.42
2020-07-18,0.0,29.78,15.8,16.44
2020-07-19,0.0,28.17,14.99,16.86
2020-07-20,0.0,29.14,14.01,17.39
2020-07-21,0.02,29.95,14.57,17.29
2020-07-22,0.01,30.14,14.97,17.76
2020-07-23,0.02,30.19,14.74,17.46
2020-07-24,0.0,30.2,15.09,17.74
2020-07-25,0.0,29.85,14.84,17.48
2020-07-26,0.0,29.56,14.81,16.68
2020-07-27,0.0,30.34,15.52,15.48
2020-07-28,0.01,31.3,16.77,16.16
2020-07-29,0.35,30.17,17.94,15.19
2020-07-30,0.02,27.7,14.31,16.94
2020-07-31,0.0,29.43,12.94,16.96
2020-08-01,0.22,29.05,13.95,17.04
2020-08-02,0.18,29.02,12.72,18.14
2020-08-03,0.03,29.21,13.56,18.74
2020-08-04,0.02,29.26,13.5,19.1
2020-08-05,0.0,29.37,12.97,19.4
2020-08-06,0.0,29.63,13.0,19.68
2020-08-07,0.0,29.49,12.71,19.56
2020-08-08,0.03,29.81,12.72,18.92
2020-08-09,0.07,30.18,14.67,18.17
2020-08-10,0.0,31.21,14.5,19.66
2020-08-11,0.0,32.14,15.88,17.43
2020-08-12,0.0,33.53,18.24,17.84
2020-08-13,0.13,33.9,19.3,12.72
2020-08-14,0.29,33.12,20.79,16.55
2020-08-15,0.13,34.21,20.32,13.55
2020-08-16,18.22,24.95,19.35,2.12
2020-08-17,18.34,26.56,18.51,2.4
2020-08-18,21.16,26.32,18.43,9.05
2020-08-19,1.49,29.05,18.23,11.28
2020-08-20,3.57,19.46,14.03,1.73
2020-08-21,2.03,20.88,12.38,5.41
2020-08-22,0.28,21.5,7.78,16.07
2020-08-23,0.02,24.13,9.87,21.4
2020-08-24,0.0,26.7,11.25,20.96
2020-08-25,0.0,27.58,11.86,21.79
2020-08-26,0.15,27.8,10.3,22.72
2020-08-27,0.29,30.23,10.8,22.98
2020-08-28,0.0,31.87,13.57,22.83
2020-08-29,0.0,32.74,15.08,21.15
2020-08-30,0.0,34.08,16.35,21.39
2020-08-31,0.39,33.6,17.25,21.1
2020-09-01,0.91,33.03,17.43,21.68
2020-09-02,0.01,32.93,17.65,21.35
2020-09-03,0.01,34.4,19.61,22.23
2020-09-04,0.15,35.45,17.61,22.3
2020-09-05,0.11,35.41,18.88,22.75
2020-09-06,0.0,35.4,17.11,22.62
2020-09-07,0.0,34.9,18.35,21.85
2020-09-08,0.0,36.48,18.34,22.02
2020-09-09,0.04,36.9,18.77,22.75
2020-09-10,0.0,38.13,20.07,22.19
2020-09-11,0.0,38.83,20.23,21.51
2020-09-12,0.0,38.52,19.45,22.77
2020-09-13,0.0,37.11,19.63,21.22
2020-09-14,0.0,36.66,19.85,19.15
2020-09-15,0.0,34.58,18.7,20.03
2020-09-16,0.0,36.78,17.96,22.33
2020-09-17,0.0,37.61,19.93,21.54
2020-09-18,0.03,34.44,21.49,10.64
2020-09-19,0.04,31.52,21.48,11.4
2020-09-20,1.08,31.9,20.74,11.84
2020-09-21,1.28,29.44,17.36,7.27
2020-09-22,2.54,30.3,15.25,16.02
2020-09-23,0.07,32.5,15.12,24.0
2020-09-24,0.16,33.78,17.39,24.62
2020-09-25,0.0,36.47,18.43,25.17
2020-09-26,0.0,38.69,20.03,26.2
2020-09-27,1.16,38.81,21.86,21.28
2020-09-28,1.62,38.59,23.49,22.12
2020-09-29,0.2,39.54,22.42,23.83
2020-09-30,0.0,42.0,24.12,25.08
2020-10-01,0.0,41.4,24.5,23.53
2020-10-02,0.0,42.67,25.08,24.6
2020-10-03,0.0,42.98,26.52,22.49
2020-10-04,0.0,40.52,21.41,24.31
2020-10-05,0.0,42.24,21.76,24.54
2020-10-06,0.0,43.14,23.77,24.5
2020-10-07,0.02,43.37,25.04,23.03
2020-10-08,3.79,40.43,25.91,15.66
2020-10-09,1.04,40.29,25.21,14.92
2020-10-10,1.97,33.15,20.37,12.83
2020-10-11,0.21,34.71,16.35,21.94
2020-10-12,0.0,37.02,18.17,26.2
2020-10-13,26.65,36.04,21.71,20.01
2020-10-14,5.22,34.4,21.8,22.61
2020-10-15,12.0,29.85,21.65,11.46
2020-10-16,0.01,30.33,18.35,14.71
2020-10-17,2.31,30.97,17.1,26.51
2020-10-18,0.01,32.99,17.43,23.32
2020-10-19,5.74,31.95,20.47,17.29
2020-10-20,4.14,31.48,20.21,18.73
2020-10-21,2.08,32.53,22.13,18.17
2020-10-22,0.0,32.61,20.82,26.68
2020-10-23,5.14,32.31,20.46,25.37
2020-10-24,0.95,32.3,21.65,17.76
2020-10-25,0.05,34.48,21.38,26.95
2020-10-26,1.09,33.93,20.7,13.45
2020-10-27,3.63,32.01,20.16,26.44
2020-10-28,0.0,35.12,18.03,29.9
2020-10-29,3.46,29.4,23.21,15.56
2020-10-30,1.24,29.93,20.15,11.63
2020-10-31,0.0,31.26,17.78,21.76
2020-11-01,0.0,29.76,15.24,28.02
2020-11-02,0.0,30.41,13.85,30.41
2020-11-03,0.0,31.05,14.25,28.64
2020-11-04,0.18,33.4,14.94,29.3
2020-11-05,0.01,33.73,15.46,28.35
2020-11-06,0.0,35.11,16.29,30.53
2020-11-07,0.0,37.45,16.34,30.62
2020-11-08,0.0,39.47,19.31,27.99
2020-11-09,11.67,39.07,22.56,16.57
2020-11-10,1.51,29.99,22.99,18.99
2020-11-11,2.93,31.44,23.03,18.95
2020-11-12,0.7,31.41,22.49,22.46
2020-11-13,0.89,30.93,22.25,24.76
2020-11-14,1.11,32.65,22.31,26.12
2020-11-15,0.25,35.76,21.53,23.16
2020-11-16,0.02,36.13,23.06,28.57
2020-11-17,0.38,37.45,24.8,25.9
2020-11-18,14.35,34.56,22.84,13.61
2020-11-19,1.45,31.93,21.45,22.31
2020-11-20,0.01,31.63,16.68,30.44
2020-11-21,0.0,33.06,16.49,30.13
2020-11-22,0.0,34.87,17.36,31.12
2020-11-23,0.0,35.56,18.04,32.07
2020-11-24,0.0,36.24,18.97,29.81
2020-11-25,0.18,37.37,21.92,29.72
2020-11-26,0.08,37.61,22.02,28.63
2020-11-27,3.34,37.27,23.3,26.9
2020-11-28,2.82,34.28,22.04,23.51
2020-11-29,0.15,38.83,22.03,28.64
2020-11-30,2.39,39.01,23.79,24.08
2020-12-01,10.8,32.27,22.93,23.62
2020-12-02,5.96,32.47,21.7,25.86
2020-12-03,15.66,30.07,22.27,10.28
2020-12-04,18.69,31.61,21.33,26.81
2020-12-05,4.58,28.06,21.94,19.03
2020-12-06,2.7,29.85,20.82,15.41
2020-12-07,7.01,30.48,22.27,9.44
2020-12-08,1.18,32.22,21.39,25.63
2020-12-09,0.01,33.66,20.42,28.77
2020-12-10,0.2,33.44,19.87,29.32
2020-12-11,0.36,30.07,21.71,26.1
2020-12-12,8.4,27.04,20.37,14.2
2020-12-13,10.14,30.55,20.97,25.56
2020-12-14,1.63,32.24,21.65,18.92
2020-12-15,4.43,31.63,21.85,25.41
2020-12-16,5.16,30.51,22.48,27.05
2020-12-17,3.38,30.06,22.16,19.68
2020-12-18,0.34,33.85,22.39,28.31
2020-12-19,7.17,34.79,23.25,20.99
2020-12-20,3.51,34.1,23.15,24.64
2020-12-21,1.05,34.86,23.64,20.96
2020-12-22,1.19,33.86,24.11,22.43
2020-12-23,0.2,34.87,22.09,29.37
2020-12-24,0.03,35.73,20.87,30.39
2020-12-25,0.25,35.01,19.27,30.03
2020-12-26,1.06,34.39,19.36,28.04
2020-12-27,15.34,32.06,22.2,20.76
2020-12-28,5.59,31.6,21.95,23.51
2020-12-29,0.61,32.03,22.15,17.45
2020-12-30,0.65,34.2,21.72,24.04
2020-12-31,4.69,31.93,23.61,15.8
2021-01-01,8.84,30.56,22.08,23.68
2021-01-02,1.62,33.35,22.07,23.6
2021-01-03,2.91,33.74,20.15,29.41
2021-01-04,0.57,33.7,19.38,29.23
2021-01-05,1.29,29.96,22.48,23.69
2021-01-06,3.79,30.61,22.98,19.27
2021-01-07,2.78,33.88,23.2,19.61
2021-01-08,1.09,31.66,22.54,24.6
2021-01-09,0.01,35.92,22.05,26.01
2021-01-10,0.01,37.82,22.64,25.75
2021-01-11,0.03,34.29,24.91,24.66
2021-01-12,5.81,34.36,24.68,23.64
2021-01-13,6.3,32.34,23.75,19.69
2021-01-14,4.55,30.93,22.62,16.38
2021-01-15,8.32,32.05,22.53,19.12
2021-01-16,21.67,25.87,21.99,14.73
2021-01-17,5.44,28.49,21.78,15.31
2021-01-18,7.2,30.17,20.25,14.64
2021-01-19,6.5,28.61,22.49,15.47
2021-01-20,0.8,29.82,21.74,15.47
2021-01-21,0.3,32.75,20.99,17.96
2021-01-22,0.16,34.02,21.67,25.63
2021-01-23,0.09,34.1,23.0,27.62
2021-01-24,1.21,32.76,22.07,15.87
2021-01-25,6.96,27.83,22.4,12.58
2021-01-26,0.63,31.61,20.49,20.76
2021-01-27,12.01,30.1,22.19,18.88
2021-01-28,6.89,28.89,21.4,19.42
2021-01-29,19.93,28.71,22.31,19.98
2021-01-30,14.52,29.24,21.43,17.43
2021-01-31,7.83,29.85,22.03,11.99
2021-02-01,1.97,29.82,21.24,22.19
2021-02-02,0.85,30.79,20.81,24.64
2021-02-03,0.09,33.03,21.45,26.4
2021-02-04,0.11,31.84,23.02,20.13
2021-02-05,0.07,29.75,20.44,27.04
2021-02-06,0.0,30.84,17.28,29.37
2021-02-07,0.0,31.04,18.96,29.26
2021-02-08,0.01,31.96,17.71,29.8
2021-02-09,0.14,32.68,17.79,27.36
2021-02-10,0.44,34.55,19.48,26.21
2021-02-11,8.78,30.47,20.07,11.28
2021-02-12,4.9,28.05,19.67,12.94
2021-02-13,4.45,30.11,20.8,20.89
2021-02-14,5.85,30.04,21.12,9.1
2021-02-15,2.5,30.07,20.44,23.17
2021-02-16,0.44,32.03,20.18,26.09
2021-02-17,6.87,30.56,22.1,22.15
2021-02-18,0.12,33.04,19.97,28.67
2021-02-19,0.04,33.02,16.14,29.61
2021-02-20,0.0,34.31,17.6,27.8
2021-02-21,0.02,36.03,20.42,26.9
2021-02-22,0.02,35.79,21.31,26.48
2021-02-23,2.73,36.28,21.71,23.63
2021-02-24,7.36,36.48,22.54,23.84
2021-02-25,2.39,35.32,21.75,23.81
2021-02-26,6.07,32.65,20.57,19.14
2021-02-27,2.69,31.72,20.88,21.42
2021-02-28,11.4,28.56,20.15,13.56
2021-03-01,8.33,29.9,20.09,16.16
2021-03-02,18.05,29.97,19.57,17.04
2021-03-03,4.6,29.19,19.66,15.81
2021-03-04,24.88,27.24,20.55,10.12
2021-03-05,26.77,25.37,21.45,9.94
2021-03-06,3.02,27.48,20.71,14.11
2021-03-07,2.63,28.89,20.4,21.24
2021-03-08,3.46,29.97,19.44,22.64
2021-03-09,2.59,29.92,20.97,21.38
2021-03-10,1.04,29.83,19.4,25.19
2021-03-11,1.6,32.23,20.51,25.58
2021-03-12,0.0,32.38,19.58,24.79
2021-03-13,1.34,30.66,21.51,24.55
2021-03-14,0.32,32.03,20.33,23.47
2021-03-15,0.04,31.41,20.16,23.6
2021-03-16,0.13,33.06,21.08,23.61
2021-03-17,8.61,30.88,22.18,11.39
2021-03-18,1.91,30.1,21.95,18.11
2021-03-19,4.93,31.34,21.4,20.25
2021-03-20,0.98,32.53,20.92,22.36
2021-03-21,0.4,32.85,22.56,21.33
2021-03-22,0.0,33.7,20.82,24.28
2021-03-23,0.02,34.44,20.76,20.81
2021-03-24,0.02,34.7,22.22,22.85
2021-03-25,0.14,35.95,22.34,23.59
2021-03-26,1.86,34.76,24.06,20.88
2021-03-27,3.89,34.62,22.68,17.63
2021-03-28,0.04,35.48,21.98,21.82
2021-03-29,0.56,35.52,21.81,18.16
2021-03-30,1.21,33.73,21.19,21.88
2021-03-31,0.0,32.73,19.93,21.92
2021-04-01,0.03,32.21,16.34,21.58
2021-04-02,0.06,32.34,16.7,23.95
2021-04-03,0.07,33.07,16.52,23.39
2021-04-04,0.0,32.45,17.77,21.78
2021-04-05,0.01,33.74,18.21,21.01
2021-04-06,0.24,33.13,20.16,20.44
2021-04-07,0.0,32.41,19.16,18.72
2021-04-08,0.0,33.24,19.21,20.95
2021-04-09,0.0,33.28,18.04,22.15
2021-04-10,0.0,33.59,17.4,23.1
2021-04-11,0.0,34.13,17.78,23.11
2021-04-12,0.01,35.39,17.98,19.45
2021-04-13,0.02,32.1,21.6,17.48
2021-04-14,0.0,31.94,18.03,19.9
2021-04-15,0.0,32.54,17.41,19.59
2021-04-16,4.18,32.4,18.22,17.54
2021-04-17,12.6,29.71,19.09,17.13
2021-04-18,0.2,29.35,18.48,16.57
2021-04-19,0.03,28.99,16.98,19.26
2021-04-20,0.0,29.7,16.12,20.65
2021-04-21,0.01,29.03,15.1,21.36
2021-04-22,0.17,29.31,15.49,20.94
2021-04-23,0.23,29.2,14.49,19.54
2021-04-24,0.0,30.99,15.56,20.45
2021-04-25,0.0,31.51,18.39,15.32
2021-04-26,0.0,31.16,17.89,16.63
2021-04-27,0.0,30.6,15.65,20.93
2021-04-28,0.0,30.78,12.74,20.85
2021-04-29,0.16,29.21,14.09,20.39
2021-04-30,0.01,29.52,14.73,16.98
2021-05-01,0.16,27.97,16.4,16.69
2021-05-02,0.0,31.38,16.52,18.26
2021-05-03,0.0,31.6,16.29,19.38
2021-05-04,0.01,32.16,15.71,19.53
2021-05-05,0.0,32.15,16.59,19.25
2021-05-06,0.0,32.06,17.44,18.38
2021-05-07,0.11,26.78,16.5,9.53
2021-05-08,0.25,29.42,14.47,18.29
2021-05-09,0.88,29.97,14.63,18.68
2021-05-10,0.12,30.18,15.42,16.22
2021-05-11,0.0,31.11,16.0,16.31
2021-05-12,0.5,29.92,18.29,10.16
2021-05-13,0.32,27.26,16.28,15.6
2021-05-14,0.16,27.48,14.2,15.37
2021-05-15,0.01,29.9,14.86,17.01
2021-05-16,0.0,30.13,15.28,17.24
2021-05-17,0.0,30.52,15.08,17.38
2021-05-18,0.0,29.88,15.53,17.74
2021-05-19,0.01,30.29,12.24,17.97
2021-05-20,0.0,31.44,15.01,16.91
2021-05-21,0.0,32.23,17.99,15.28
2021-05-22,6.93,29.22,19.47,4.9
2021-05-23,3.55,25.61,16.11,10.77
2021-05-24,0.0,22.86,10.37,16.89
2021-05-25,0.02,25.33,11.82,16.61
2021-05-26,0.0,30.05,14.02,13.27
2021-05-27,0.0,32.09,16.4,15.16
2021-05-28,0.0,31.57,19.26,13.32
2021-05-29,0.01,32.67,20.11,13.16
2021-05-30,4.26,31.08,19.78,9.29
2021-05-31,2.68,28.02,17.73,8.32
2021-06-01,0.04,28.72,16.08,14.38
2021-06-02,0.0,31.08,15.18,14.48
2021-06-03,0.0,31.95,16.52,15.73
2021-06-04,0.01,31.84,16.24,16.08
2021-06-05,0.0,31.62,17.42,14.94
2021-06-06,0.13,31.77,18.81,15.46
2021-06-07,8.28,28.09,17.92,4.39
2021-06-08,1.18,28.14,16.57,5.39
2021-06-09,10.95,27.98,16.14,12.03
2021-06-10,18.85,26.5,17.59,2.09
2021-06-11,0.92,23.68,16.22,6.9
2021-06-12,0.02,24.62,13.79,15.18
2021-06-13,0.09,24.46,10.79,16.61
2021-06-14,0.01,25.81,9.96,16.59
2021-06-15,0.02,26.33,11.86,15.64
2021-06-16,0.01,25.14,10.5,15.88
2021-06-17,0.04,25.53,11.2,15.69
2021-06-18,0.02,23.6,14.2,7.77
2021-06-19,0.0,28.1,15.03,9.89
2021-06-20,0.0,23.9,14.38,12.5
2021-06-21,0.31,26.25,13.41,11.07
2021-06-22,0.12,26.82,16.75,10.54
2021-06-23,0.0,27.07,15.56,15.41
2021-06-24,0.0,29.58,13.66,15.0
2021-06-25,0.0,31.25,18.25,13.62
2021-06-26,0.02,30.65,16.85,14.01
2021-06-27,0.0,30.0,15.28,16.11
2021-06-28,0.32,23.34,10.43,8.78
2021-06-29,0.47,16.73,7.44,13.02
2021-06-30,0.04,18.82,4.17,16.23
2021-07-01,0.05,21.56,4.1,17.13
2021-07-02,0.23,26.82,8.07,16.88
2021-07-03,0.0,28.07,10.19,16.97
2021-07-04,0.07,27.16,10.53,15.36
2021-07-05,0.02,27.12,10.94,15.64
2021-07-06,0.03,26.38,10.96,15.88
2021-07-07,0.19,25.9,11.73,16.53
2021-07-08,0.0,25.96,10.14,16.41
2021-07-09,0.0,26.4,10.22,16.83
2021-07-10,0.0,28.41,10.71,16.34
2021-07-11,0.0,28.33,13.02,16.81
2021-07-12,0.0,29.25,13.12,16.92
2021-07-13,0.0,29.28,13.11,16.67
2021-07-14,0.0,29.81,13.14,15.77
2021-07-15,0.01,30.68,14.5,16.07
2021-07-16,0.19,28.37,15.4,9.47
2021-07-17,0.83,25.1,15.67,10.84
2021-07-18,0.03,24.03,9.3,17.4
2021-07-19,0.0,21.14,3.85,16.87
2021-07-20,0.0,22.62,5.59,15.71
2021-07-21,0.0,27.94,8.83,17.5
2021-07-22,0.0,30.24,8.0,17.19
2021-07-23,0.0,29.38,11.18,17.85
2021-07-24,0.0,29.89,12.32,18.04
2021-07-25,0.0,30.53,12.43,17.93
2021-07-26,0.0,31.81,13.91,17.92
2021-07-27,0.06,31.82,14.72,13.4
2021-07-28,0.8,15.64,7.48,9.34
2021-07-29,0.0,16.85,3.45,19.17
2021-07-30,0.0,19.81,3.56,16.82
2021-07-31,0.0,24.29,6.49,16.5
2021-08-01,0.0,24.49,9.58,12.42
2021-08-02,0.0,27.4,10.8,18.3
2021-08-03,0.0,26.66,10.53,19.15
2021-08-04,0.0,25.81,9.57,16.21
2021-08-05,0.01,26.6,12.64,14.0
2021-08-06,0.31,26.87,13.77,15.22
2021-08-07,0.0,29.07,17.1,16.89
2021-08-08,0.0,30.33,15.49,17.23
2021-08-09,0.0,31.49,14.54,19.08
2021-08-10,0.0,32.82,15.65,18.87
2021-08-11,0.0,32.34,15.44,17.62
2021-08-12,0.0,30.47,14.63,15.31
2021-08-13,0.45,31.13,14.18,17.34
2021-08-14,0.17,31.68,14.28,18.07
2021-08-15,0.0,33.34,15.45,16.13
2021-08-16,0.04,34.36,20.56,16.85
2021-08-17,0.1,35.58,17.26,19.18
2021-08-18,0.02,36.13,19.02,19.38
2021-08-19,0.0,35.08,18.61,20.29
2021-08-20,0.0,34.17,17.37,19.82
2021-08-21,0.0,33.79,17.08,20.21
2021-08-22,0.0,34.23,16.79,21.02
2021-08-23,0.0,35.46,18.29,19.93
2021-08-24,0.0,36.05,22.35,16.74
2021-08-25,0.0,36.61,22.74,18.56
2021-08-26,0.03,29.26,20.43,13.4
2021-08-27,2.7,30.07,18.11,6.77
2021-08-28,5.42,26.29,16.02,10.04
2021-08-29,1.21,25.94,16.64,12.1
2021-08-30,0.0,30.57,15.38,21.01
2021-08-31,0.0,30.96,15.65,22.34
2021-09-01,0.0,31.31,16.85,22.54
2021-09-02,0.0,31.37,15.39,20.71
2021-09-03,0.0,34.44,18.98,21.41
2021-09-04,0.0,36.35,19.33,21.64
2021-09-05,0.01,37.13,18.61,21.03
2021-09-06,0.0,37.99,19.26,22.3
2021-09-07,0.0,38.18,18.45,21.16
2021-09-08,0.14,39.31,22.93,18.25
2021-09-09,7.66,30.93,18.23,5.76
2021-09-10,0.29,28.81,16.66,9.76
2021-09-11,0.07,30.48,18.3,13.09
2021-09-12,0.0,36.84,17.68,21.43
2021-09-13,0.0,39.22,20.99,16.48
2021-09-14,3.46,37.83,21.87,14.21
2021-09-15,18.31,30.2,21.8,13.85
2021-09-16,0.01,34.26,19.35,13.64
2021-09-17,0.02,35.95,18.91,18.94
2021-09-18,0.01,37.47,20.93,20.63
2021-09-19,0.0,37.65,21.85,21.84
2021-09-20,0.0,39.45,23.38,21.71
2021-09-21,0.0,40.65,26.33,18.93
2021-09-22,0.0,29.57,18.58,20.97
2021-09-23,0.0,31.91,15.5,22.69
2021-09-24,0.0,34.52,17.71,22.81
2021-09-25,0.31,31.51,20.47,20.91
2021-09-26,4.43,35.85,20.85,15.52
2021-09-27,1.17,34.46,20.13,22.77
2021-09-28,0.04,37.34,20.3,23.97
2021-09-29,0.01,39.2,24.96,18.91
2021-09-30,0.43,36.31,20.41,23.88
2021-10-01,3.62,37.53,22.15,9.73
2021-10-02,4.13,32.01,21.49,5.27
2021-10-03,2.65,35.83,22.28,11.79
2021-10-04,9.0,33.63,22.02,6.89
2021-10-05,0.17,34.12,21.75,15.84
2021-10-06,9.26,34.86,19.68,22.91
2021-10-07,0.62,33.63,22.98,10.76
2021-10-08,0.0,33.65,19.76,25.58
2021-10-09,3.73,33.37,19.9,18.22
2021-10-10,8.33,27.76,18.73,4.78
2021-10-11,0.13,29.17,18.03,15.49
2021-10-12,0.0,33.15,17.22,26.0
2021-10-13,0.22,34.41,17.54,27.82
2021-10-14,4.67,34.73,20.85,9.64
2021-10-15,16.28,30.81,23.26,9.92
2021-10-16,8.97,31.59,22.31,16.04
2021-10-17,1.74,31.92,21.53,11.2
2021-10-18,1.64,27.92,20.14,11.8
2021-10-19,0.91,29.34,18.24,15.15
2021-10-20,0.33,29.58,15.49,28.16
2021-10-21,0.0,30.29,14.22,28.95
2021-10-22,0.0,32.68,15.08,29.58
2021-10-23,1.53,35.49,16.64,25.64
2021-10-24,36.19,25.86,17.38,13.07
2021-10-25,0.09,30.18,15.42,21.81
2021-10-26,0.2,30.14,18.32,22.66
2021-10-27,0.14,31.17,20.24,17.86
2021-10-28,0.19,30.63,20.96,21.68
2021-10-29,0.01,33.33,20.37,26.72
2021-10-30,5.37,33.0,20.3,24.07
2021-10-31,6.36,29.67,20.41,13.22
2021-11-01,0.25,30.91,18.42,23.72
2021-11-02,0.0,32.67,18.5,24.83
2021-11-03,0.0,34.22,20.18,29.42
2021-11-04,0.0,36.53,19.36,29.26
2021-11-05,0.33,35.74,21.18,26.32
2021-11-06,0.06,33.37,22.97,23.15
2021-11-07,0.03,36.96,22.91,28.12
2021-11-08,0.17,37.4,21.35,24.18
2021-11-09,0.03,37.48,21.58,28.37
2021-11-10,1.58,37.22,20.59,27.37
2021-11-11,2.25,32.96,20.24,12.1
2021-11-12,0.01,34.23,18.57,25.33
2021-11-13,0.0,33.35,16.42,28.88
2021-11-14,0.0,35.28,15.43,28.14
2021-11-15,0.04,36.06,21.12,27.01
2021-11-16,0.01,36.4,22.24,25.66
2021-11-17,2.96,36.33,23.27,22.55
2021-11-18,33.33,31.25,22.63,13.56
2021-11-19,12.25,29.51,22.42,17.5
2021-11-20,0.09,31.9,19.81,28.68
2021-11-21,0.0,32.15,16.79,31.15
2021-11-22,0.78,33.63,15.64,28.56
2021-11-23,0.0,36.36,17.59,29.77
2021-11-24,0.04,36.59,20.54,26.99
2021-11-25,8.47,36.24,22.06,26.58
2021-11-26,18.68,31.3,23.91,23.0
2021-11-27,0.57,32.98,18.14,32.0
2021-11-28,0.03,35.98,19.87,28.22
2021-11-29,12.49,30.68,23.4,23.68
2021-11-30,7.08,29.94,22.1,22.8
2021-12-01,0.16,33.93,19.67,31.23
2021-12-02,0.33,34.02,19.23,24.66
2021-12-03,0.11,33.94,20.03,30.68
2021-12-04,0.0,33.8,19.03,30.84
2021-12-05,1.94,34.62,20.51,30.68
2021-12-06,9.37,33.38,21.39,28.06
2021-12-07,0.54,31.49,19.28,26.79
2021-12-08,0.0,31.06,16.01,29.27
2021-12-09,0.0,32.59,15.6,32.65
2021-12-10,0.0,34.4,15.3,32.29
2021-12-11,0.0,33.61,17.92,28.43
2021-12-12,0.01,38.23,21.69,26.21
2021-12-13,10.04,30.39,23.25,14.27
2021-12-14,11.49,27.95,22.64,12.53
2021-12-15,9.44,28.81,22.47,13.72
2021-12-16,18.86,27.98,22.51,21.13
2021-12-17,3.02,31.46,21.91,15.07
2021-12-18,3.12,31.98,21.35,21.56
2021-12-19,0.0,31.37,17.86,31.4
2021-12-20,0.09,32.12,16.99,31.24
2021-12-21,0.0,34.46,19.54,28.75
2021-12-22,0.99,35.76,22.03,29.68
2021-12-23,2.72,32.73,22.77,23.26
2021-12-24,0.02,32.99,18.06,31.26
2021-12-25,0.0,33.43,17.08,32.06
2021-12-26,0.0,35.97,18.58,30.14
2021-12-27,0.07,35.94,21.3,27.59
2021-12-28,3.97,35.69,23.72,25.52
2021-12-29,10.71,30.61,22.04,20.3
2021-12-30,21.37,30.19,20.38,16.54
2021-12-31,1.99,31.02,18.87,26.3
2022-01-01,0.94,31.97,20.33,25.23
2022-01-02,9.17,32.14,20.94,23.98
2022-01-03,22.25,30.58,21.25,19.6
2022-01-04,13.15,27.87,21.36,18.2
2022-01-05,9.42,28.26,22.61,18.34
2022-01-06,6.32,27.39,21.68,22.13
2022-01-07,3.39,29.86,19.93,20.48
2022-01-08,0.01,30.47,17.81,25.09
2022-01-09,0.01,29.65,17.48,20.49
2022-01-10,6.16,29.44,17.1,24.73
2022-01-11,2.75,29.36,18.69,20.65
2022-01-12,5.82,27.0,20.02,18.11
2022-01-13,4.36,29.79,20.68,17.27
2022-01-14,0.86,32.14,20.43,24.28
2022-01-15,3.36,32.03,22.59,21.63
2022-01-16,6.0,29.37,22.06,8.09
2022-01-17,0.32,30.21,20.84,17.07
2022-01-18,4.71,31.6,21.18,22.18
2022-01-19,5.88,30.87,20.97,23.96
2022-01-20,1.4,32.74,20.59,29.1
2022-01-21,0.6,33.58,21.58,27.92
2022-01-22,0.31,35.56,23.97,28.32
2022-01-23,0.02,37.22,23.74,28.54
2022-01-24,0.07,37.33,25.04,28.33
2022-01-25,0.1,35.81,24.61,26.25
2022-01-26,3.54,34.94,23.75,26.27
2022-01-27,2.91,32.46,23.46,22.01
2022-01-28,17.58,27.75,22.4,14.45
2022-01-29,64.29,27.5,21.33,10.91
2022-01-30,51.69,27.07,21.62,8.45
2022-01-31,14.31,27.7,21.38,14.76
2022-02-01,10.35,27.56,20.58,18.93
2022-02-02,20.43,26.56,20.61,12.56
2022-02-03,16.32,26.72,21.13,18.27
2022-02-04,6.13,28.13,20.98,21.87
2022-02-05,7.26,27.42,22.09,19.46
2022-02-06,10.09,29.01,22.23,21.51
2022-02-07,0.19,29.42,21.28,27.25
2022-02-08,0.57,29.71,17.54,27.74
2022-02-09,1.23,29.61,18.72,28.59
2022-02-10,0.0,29.8,17.29,28.54
2022-02-11,1.78,30.15,18.42,27.17
2022-02-12,0.06,30.75,19.05,28.89
2022-02-13,0.0,31.12,18.84,28.44
2022-02-14,0.02,32.67,20.82,27.65
2022-02-15,0.93,32.53,21.94,24.3
2022-02-16,3.09,31.18,20.94,25.57
2022-02-17,7.27,30.68,20.8,25.67
2022-02-18,2.35,29.65,20.45,25.07
2022-02-19,0.37,30.13,18.71,26.59
2022-02-20,0.13,30.84,19.68,25.92
2022-02-21,1.06,31.28,20.3,25.28
2022-02-22,1.05,32.99,21.15,24.16
2022-02-23,1.48,32.84,23.81,23.24
2022-02-24,1.53,33.03,22.5,22.96
2022-02-25,0.7,30.51,22.86,23.34
2022-02-26,1.15,30.08,23.45,23.36
2022-02-27,0.62,33.61,20.86,25.89
2022-02-28,0.92,34.27,22.65,24.24
2022-03-01,12.58,33.24,23.4,15.62
2022-03-02,9.3,25.81,22.28,13.19
2022-03-03,2.15,31.13,21.16,23.81
2022-03-04,4.74,29.72,21.78,22.22
2022-03-05,0.36,32.03,20.91,25.04
2022-03-06,3.16,32.03,21.65,21.68
2022-03-07,0.0,32.96,21.06,24.39
2022-03-08,0.03,33.99,22.82,20.79
2022-03-09,1.13,26.36,23.17,18.3
2022-03-10,4.75,31.12,22.07,20.99
2022-03-11,8.64,30.08,22.07,21.99
2022-03-12,13.36,28.34,21.93,15.16
2022-03-13,15.12,25.85,21.89,14.62
2022-03-14,4.31,29.43,20.65,16.37
2022-03-15,0.76,30.19,21.34,17.17
2022-03-16,1.3,30.99,21.68,15.62
2022-03-17,0.8,30.28,22.85,22.21
2022-03-18,1.01,32.06,21.87,22.06
2022-03-19,11.56,29.3,23.25,14.06
2022-03-20,5.27,28.78,20.79,11.55
2022-03-21,0.09,28.02,18.4,24.38
2022-03-22,0.0,30.07,17.58,24.95
2022-03-23,0.2,31.35,19.04,22.46
2022-03-24,20.07,30.88,21.23,14.99
2022-03-25,6.68,27.79,22.32,8.86
2022-03-26,4.83,28.86,20.76,16.81
2022-03-27,0.84,28.92,21.04,14.73
2022-03-28,0.51,30.08,20.91,20.08
2022-03-29,0.02,31.05,19.44,24.0
2022-03-30,1.77,31.65,21.3,19.36
2022-03-31,24.0,29.62,21.51,15.44
2022-04-01,3.02,26.94,17.51,8.72
2022-04-02,0.01,29.22,17.0,19.47
2022-04-03,0.0,30.58,17.97,22.57
2022-04-04,1.1,31.15,20.46,19.48
2022-04-05,2.15,31.63,20.84,22.02
2022-04-06,0.0,31.17,21.21,21.19
2022-04-07,0.01,31.88,20.09,21.39
2022-04-08,0.07,32.83,20.23,18.65
2022-04-09,0.08,31.73,22.22,19.72
2022-04-10,0.0,31.66,20.97,19.52
2022-04-11,5.4,31.42,20.77,15.2
2022-04-12,4.66,31.18,21.66,15.63
2022-04-13,23.82,27.88,21.38,6.7
2022-04-14,0.56,28.44,19.63,18.16
2022-04-15,0.05,26.68,15.46,22.47
2022-04-16,0.01,25.4,12.12,22.55
2022-04-17,0.0,26.48,13.13,21.7
2022-04-18,0.01,27.71,13.77,18.76
2022-04-19,0.0,29.34,15.18,20.71
2022-04-20,0.0,29.89,15.56,20.1
2022-04-21,0.01,30.04,15.68,20.51
2022-04-22,0.02,31.58,17.76,19.97
2022-04-23,1.86,30.02,18.66,12.07
2022-04-24,0.0,31.29,18.34,19.94
2022-04-25,0.0,32.42,18.19,19.99
2022-04-26,0.0,33.21,19.1,16.73
2022-04-27,0.0,33.2,19.21,17.98
2022-04-28,0.04,32.72,21.88,17.59
2022-04-29,3.67,32.61,20.55,16.0
2022-04-30,2.64,30.93,18.09,18.68
2022-05-01,1.11,31.73,18.72,12.54
2022-05-02,0.32,30.77,19.55,15.96
2022-05-03,0.88,32.92,18.38,16.47
2022-05-04,5.18,22.73,13.9,12.31
2022-05-05,0.03,24.84,12.05,9.6
2022-05-06,0.12,27.17,13.34,15.83
2022-05-07,0.13,26.84,12.66,18.79
2022-05-08,0.0,28.85,12.71,18.5
2022-05-09,0.0,30.09,14.79,17.53
2022-05-10,1.34,30.16,16.21,16.51
2022-05-11,1.59,26.92,18.37,9.44
2022-05-12,0.0,27.94,14.47,17.63
2022-05-13,0.05,29.06,13.62,17.45
2022-05-14,0.55,30.25,13.79,14.75
2022-05-15,10.57,27.3,18.39,6.51
2022-05-16,0.04,24.2,13.74,15.15
2022-05-17,0.02,18.0,7.57,18.96
2022-05-18,0.07,16.7,5.8,7.06
2022-05-19,0.16,19.49,7.62,17.63
2022-05-20,0.0,21.13,6.97,17.85
2022-05-21,0.24,23.34,6.69,16.42
2022-05-22,0.02,25.3,7.8,17.6
2022-05-23,0.0,27.12,11.82,16.84
2022-05-24,0.0,28.73,11.88,16.66
2022-05-25,0.0,28.29,13.6,16.89
2022-05-26,0.01,28.15,12.49,13.58
2022-05-27,0.07,28.63,14.12,14.65
2022-05-28,0.74,30.06,16.33,16.05
2022-05-29,0.62,30.84,15.12,15.85
2022-05-30,6.44,30.75,17.91,7.85
2022-05-31,7.89,25.88,17.24,4.73
2022-06-01,9.68,27.53,17.7,9.65
2022-06-02,0.18,27.95,18.03,9.42
2022-06-03,0.08,26.16,15.63,9.1
2022-06-04,0.02,26.78,15.2,15.48
2022-06-05,0.0,28.59,14.62,14.87
2022-06-06,0.02,29.19,15.33,13.63
2022-06-07,0.11,30.08,16.92,11.81
2022-06-08,0.49,25.3,18.23,9.91
2022-06-09,4.2,26.43,17.02,5.76
2022-06-10,1.49,24.3,17.49,8.55
2022-06-11,0.01,22.03,12.26,15.32
2022-06-12,0.01,20.18,8.55,14.67
2022-06-13,0.07,22.7,7.31,16.58
2022-06-14,0.02,22.68,8.34,16.08
2022-06-15,0.34,26.29,11.78,11.94
2022-06-16,0.17,29.37,13.31,15.77
2022-06-17,4.03,30.29,14.08,14.58
2022-06-18,25.59,21.58,12.34,12.81
2022-06-19,1.72,23.65,9.06,10.79
2022-06-20,0.61,26.16,13.94,10.37
2022-06-21,0.07,28.55,14.96,15.13
2022-06-22,0.01,28.62,15.72,15.14
2022-06-23,0.17,29.11,15.14,15.54
2022-06-24,0.04,28.55,13.52,15.04
2022-06-25,0.0,27.9,12.77,15.18
2022-06-26,0.0,25.56,15.25,15.01
2022-06-27,0.02,26.21,12.61,15.11
2022-06-28,0.26,27.78,13.72,14.65
2022-06-29,0.14,26.99,13.89,14.95
2022-06-30,0.0,26.89,11.62,15.83
2022-07-01,0.14,27.73,12.7,15.77
2022-07-02,0.0,30.0,13.99,15.67
2022-07-03,0.51,30.77,14.67,15.82
2022-07-04,0.4,29.86,13.37,16.19
2022-07-05,0.38,28.69,12.16,15.97
2022-07-06,1.06,28.13,12.56,13.13
2022-07-07,0.0,29.41,14.04,15.85
2022-07-08,0.0,29.8,15.01,15.22
2022-07-09,0.08,28.91,14.83,15.46
2022-07-10,0.0,29.81,14.05,14.77
2022-07-11,0.0,29.79,15.88,15.89
2022-07-12,0.19,25.54,15.74,9.08
2022-07-13,0.67,27.03,15.6,9.43
2022-07-14,0.0,30.01,15.0,15.41
2022-07-15,0.0,31.05,16.61,14.8
2022-07-16,0.0,31.99,17.28,13.55
2022-07-17,0.0,28.03,17.79,12.89
2022-07-18,0.0,31.37,17.19,12.48
2022-07-19,0.0,31.01,16.35,16.03
2022-07-20,0.0,30.57,16.52,15.96
2022-07-21,0.0,30.89,15.89,15.8
2022-07-22,0.01,30.64,15.99,16.77
2022-07-23,0.0,31.06,14.75,16.99
2022-07-24,0.0,31.37,15.07,16.21
2022-07-25,0.0,31.51,15.83,16.83
2022-07-26,0.0,31.56,15.63,17.21
2022-07-27,0.0,31.38,15.09,16.46
2022-07-28,0.0,32.24,15.58,16.7
2022-07-29,0.14,27.23,13.66,10.62
2022-07-30,0.0,26.88,8.54,18.93
2022-07-31,0.0,29.92,11.51,18.12
2022-08-01,0.0,30.87,16.69,14.77
2022-08-02,0.0,32.28,17.51,16.27
2022-08-03,0.0,32.44,16.53,17.0
2022-08-04,0.0,32.86,20.16,15.94
2022-08-05,0.0,30.68,17.41,13.87
2022-08-06,0.0,30.65,18.95,12.06
2022-08-07,2.98,31.48,19.28,6.02
2022-08-08,4.14,28.57,18.74,9.7
2022-08-09,19.42,22.16,15.33,4.07
2022-08-10,1.36,18.81,9.85,10.63
2022-08-11,0.01,23.08,8.35,19.54
2022-08-12,0.05,25.37,10.21,19.97
2022-08-13,0.0,29.11,9.98,19.94
2022-08-14,0.01,30.8,12.69,19.7
2022-08-15,0.0,31.79,15.17,19.59
2022-08-16,1.23,31.03,17.64,9.73
2022-08-17,21.9,25.54,16.42,4.55
2022-08-18,4.49,28.56,15.43,2.66
2022-08-19,0.01,20.98,8.84,16.25
2022-08-20,0.84,19.39,6.98,14.91
2022-08-21,1.6,23.8,13.08,6.34
2022-08-22,0.01,27.65,13.04,19.95
2022-08-23,0.01,27.76,12.66,20.11
2022-08-24,0.0,28.99,14.21,19.7
2022-08-25,0.0,29.16,15.82,18.87
2022-08-26,0.01,31.03,15.44,18.11
2022-08-27,0.0,32.51,16.26,21.07
2022-08-28,0.0,33.5,18.54,19.94
2022-08-29,0.03,27.39,14.64,18.63
2022-08-30,0.09,23.71,12.17,16.51
2022-08-31,0.02,29.13,11.93,20.73
2022-09-01,0.01,31.93,13.5,21.68
2022-09-02,0.0,33.97,15.94,18.06
2022-09-03,0.08,34.07,18.17,15.11
2022-09-04,0.01,27.16,15.5,16.22
2022-09-05,2.02,28.41,13.74,8.31
2022-09-06,6.98,29.78,15.19,9.12
2022-09-07,0.74,32.29,17.82,16.57
2022-09-08,0.0,34.91,18.34,19.6
2022-09-09,0.0,36.83,20.38,20.35
2022-09-10,0.0,33.64,19.51,16.91
2022-09-11,0.22,33.43,18.84,17.23
2022-09-12,0.02,31.9,17.69,9.51
2022-09-13,1.02,34.41,18.26,10.53
2022-09-14,11.82,29.15,17.47,2.64
2022-09-15,1.48,27.04,16.93,9.06
2022-09-16,0.01,28.03,15.64,22.89
2022-09-17,0.07,28.14,12.65,25.56
2022-09-18,0.01,30.71,11.57,24.76
2022-09-19,0.06,35.68,13.9,19.44
2022-09-20,12.83,28.51,18.45,10.98
2022-09-21,8.67,31.83,19.37,5.72
2022-09-22,22.47,25.22,16.38,9.88
2022-09-23,0.0,23.48,10.89,26.3
2022-09-24,0.0,27.5,12.37,25.47
2022-09-25,0.03,30.56,13.86,20.0
2022-09-26,9.53,29.31,17.34,6.68
2022-09-27,16.3,27.26,19.91,6.8
2022-09-28,12.04,24.65,16.72,4.93
2022-09-29,1.12,24.74,14.14,16.53
2022-09-30,2.57,26.72,14.55,4.71
2022-10-01,0.14,29.55,17.04,23.13
2022-10-02,1.87,30.31,17.6,20.47
2022-10-03,0.88,28.96,18.79,16.24
2022-10-04,0.04,31.31,18.47,23.07
2022-10-05,0.13,33.04,18.49,22.54
2022-10-06,24.36,32.13,20.14,16.37
2022-10-07,12.95,26.14,16.16,17.59
2022-10-08,0.0,28.7,14.34,27.28
2022-10-09,0.01,30.6,17.25,13.94
2022-10-10,0.54,26.69,20.05,11.9
2022-10-11,1.27,28.46,19.75,17.97
2022-10-12,7.78,25.24,19.47,7.81
2022-10-13,0.54,30.58,18.8,8.54
2022-10-14,0.09,33.09,19.15,14.0
2022-10-15,0.17,31.01,17.1,15.39
2022-10-16,0.06,32.25,18.73,21.13
2022-10-17,7.47,30.26,20.68,21.46
2022-10-18,3.47,30.72,19.5,6.35
2022-10-19,0.47,30.08,20.15,24.93
2022-10-20,6.16,34.18,19.87,14.87
2022-10-21,23.33,30.27,21.16,12.42
2022-10-22,0.01,30.14,17.99,28.85
2022-10-23,0.02,30.94,16.29,28.93
2022-10-24,0.0,32.81,16.96,29.27
2022-10-25,0.01,32.74,17.29,29.63
2022-10-26,0.0,34.19,16.46,29.42
2022-10-27,0.11,34.39,22.67,17.39
2022-10-28,0.24,33.65,21.47,26.16
2022-10-29,21.12,33.12,22.38,23.03
2022-10-30,8.7,31.15,21.41,23.25
2022-10-31,3.74,32.39,19.78,12.36
2022-11-01,2.39,26.44,17.64,9.4
2022-11-02,0.15,21.76,13.96,14.84
2022-11-03,0.05,24.78,12.05,26.01
2022-11-04,0.0,27.04,10.75,29.78
2022-11-05,0.25,27.7,11.88,30.76
2022-11-06,0.01,28.47,13.7,28.48
2022-11-07,0.0,29.17,13.6,29.18
2022-11-08,0.02,29.87,13.69,28.11
2022-11-09,0.31,32.81,15.3,28.73
2022-11-10,0.02,35.51,16.89,29.29
2022-11-11,9.26,32.22,17.83,6.89
2022-11-12,0.09,32.11,17.98,22.12
2022-11-13,10.45,32.05,20.71,19.03
2022-11-14,0.72,31.4,21.54,22.08
2022-11-15,0.0,32.23,19.01,29.88
2022-11-16,0.0,33.12,15.36,31.14
2022-11-17,0.0,34.18,16.97,31.19
2022-11-18,0.21,34.77,14.86,30.17
2022-11-19,0.06,35.21,17.82,28.6
2022-11-20,0.02,35.81,20.07,29.2
2022-11-21,4.44,35.16,22.0,20.9
2022-11-22,12.89,29.97,22.35,16.76
2022-11-23,1.28,31.5,20.26,22.29
2022-11-24,0.51,33.67,21.21,25.87
2022-11-25,0.09,32.17,18.81,29.7
2022-11-26,0.0,32.89,17.27,28.25
2022-11-27,0.04,34.21,18.57,28.34
2022-11-28,2.15,32.39,18.93,25.67
2022-11-29,11.22,30.15,19.29,22.44
2022-11-30,2.17,31.75,18.28,20.19
2022-12-01,0.34,33.57,20.61,25.03
2022-12-02,8.98,32.54,21.96,21.03
2022-12-03,26.67,29.97,21.66,17.41
2022-12-04,29.73,26.03,22.26,10.14
2022-12-05,9.2,27.22,21.26,11.8
2022-12-06,7.34,30.16,20.4,16.06
2022-12-07,3.46,31.01,21.43,23.47
2022-12-08,2.16,31.73,22.18,28.24
2022-12-09,2.47,31.97,22.35,24.71
2022-12-10,2.13,32.77,21.88,25.61
2022-12-11,2.68,32.21,22.66,15.43
2022-12-12,3.75,28.56,22.34,13.32
2022-12-13,25.93,28.2,23.05,13.28
2022-12-14,1.33,29.24,17.96,26.31
2022-12-15,0.06,30.26,16.91,29.68
2022-12-16,0.03,31.8,18.31,29.63
2022-12-17,0.02,31.84,18.71,30.12
2022-12-18,1.92,31.45,19.93,12.34
2022-12-19,11.09,28.86,19.8,13.77
2022-12-20,0.05,30.68,18.95,24.69
2022-12-21,0.01,30.18,18.5,29.28
2022-12-22,0.0,30.71,16.8,30.18
2022-12-23,0.06,31.52,17.24,30.03
2022-12-24,0.31,33.04,18.94,27.32
2022-12-25,3.17,30.03,20.83,14.46
2022-12-26,11.63,31.11,20.64,21.94
2022-12-27,0.82,32.82,21.11,21.68
2022-12-28,29.22,31.33,22.05,19.36
2022-12-29,18.21,30.11,22.41,21.92
2022-12-30,5.49,30.24,20.85,24.77
2022-12-31,1.35,31.09,21.39,20.29
2023-01-01,3.58,31.43,21.21,24.96
2023-01-02,13.64,31.14,21.51,15.75
2023-01-03,17.43,29.7,21.15,18.7
2023-01-04,16.03,26.87,21.74,7.99
2023-01-05,16.12,26.32,20.45,11.73
2023-01-06,0.03,28.91,16.4,19.95
2023-01-07,0.0,28.32,16.04,19.31
2023-01-08,0.17,29.24,16.56,17.13
2023-01-09,0.63,29.82,18.93,15.92
2023-01-10,12.19,28.83,21.69,18.55
2023-01-11,12.44,26.08,21.43,19.54
2023-01-12,5.46,27.9,20.06,19.13
2023-01-13,11.78,27.13,20.95,18.28
2023-01-14,14.81,28.98,21.18,19.16
2023-01-15,2.12,28.45,21.7,22.76
2023-01-16,3.31,29.67,21.35,20.18
2023-01-17,2.34,29.56,20.96,26.9
2023-01-18,6.87,29.59,20.99,25.74
2023-01-19,4.82,28.82,22.11,24.33
2023-01-20,5.55,28.77,21.01,17.65
2023-01-21,4.33,29.94,21.86,20.7
2023-01-22,2.04,27.26,22.08,20.78
2023-01-23,0.84,28.41,21.59,19.31
2023-01-24,0.28,30.78,20.41,24.73
2023-01-25,0.02,31.91,20.96,29.46
2023-01-26,0.79,32.78,19.06,28.57
2023-01-27,0.6,32.47,20.36,27.04
2023-01-28,14.51,30.43,21.42,20.65
2023-01-29,8.95,30.24,21.37,23.28
2023-01-30,22.86,24.97,21.67,13.52
2023-01-31,16.25,27.53,21.22,13.75
2023-02-01,2.65,26.45,21.4,19.08
2023-02-02,20.06,29.28,20.33,15.04
2023-02-03,7.82,28.2,21.84,14.52
2023-02-04,6.98,29.41,21.99,17.42
2023-02-05,2.17,28.84,21.31,19.48
2023-02-06,1.42,29.83,21.52,23.65
2023-02-07,1.35,29.67,20.63,18.92
2023-02-08,0.24,30.1,21.07,26.57
2023-02-09,0.86,31.23,20.98,26.94
2023-02-10,18.71,28.57,21.92,17.34
2023-02-11,21.58,26.36,20.29,11.74
2023-02-12,4.07,28.88,20.12,18.79
2023-02-13,10.17,27.69,20.69,21.6
2023-02-14,0.49,30.19,21.19,24.26
2023-02-15,6.5,30.05,22.09,15.7
2023-02-16,7.05,28.46,22.25,20.2
2023-02-17,23.29,28.26,21.87,12.68
2023-02-18,3.62,29.85,20.5,20.17
2023-02-19,3.76,23.24,17.97,11.36
2023-02-20,18.0,26.95,17.96,10.62
2023-02-21,8.68,27.38,20.29,16.07
2023-02-22,2.93,29.55,19.68,24.12
2023-02-23,24.17,27.45,20.6,14.01
2023-02-24,4.8,27.53,19.84,13.16
2023-02-25,0.11,29.26,20.99,24.65
2023-02-26,1.13,28.85,21.46,17.08
2023-02-27,0.16,29.82,20.97,20.89
2023-02-28,5.45,28.72,21.06,18.84
2023-03-01,0.68,28.36,20.9,18.7
2023-03-02,0.64,30.15,19.61,25.59
2023-03-03,1.71,30.47,20.48,23.19
2023-03-04,6.75,30.72,21.12,22.04
2023-03-05,9.99,29.47,21.39,20.48
2023-03-06,5.37,30.23,21.53,22.66
2023-03-07,0.91,29.05,21.53,25.17
2023-03-08,0.0,29.98,19.82,23.83
2023-03-09,9.35,26.03,21.57,21.53
2023-03-10,14.1,24.5,20.57,8.99
2023-03-11,7.56,24.98,19.56,12.47
2023-03-12,4.58,27.65,19.66,11.71
2023-03-13,5.46,25.77,20.22,14.42
2023-03-14,19.7,27.34,20.99,16.42
2023-03-15,4.68,27.88,20.65,10.77
2023-03-16,10.93,26.16,21.01,14.77
2023-03-17,1.06,26.61,20.62,17.09
2023-03-18,0.53,28.93,19.73,21.36
2023-03-19,1.25,28.36,20.62,19.35
2023-03-20,4.77,29.43,20.21,21.95
2023-03-21,1.19,30.26,19.51,23.77
2023-03-22,0.49,30.47,19.9,23.34
2023-03-23,0.04,30.51,20.47,23.05
2023-03-24,0.07,30.87,21.02,21.05
2023-03-25,0.12,30.98,20.92,21.14
2023-03-26,0.5,31.13,22.31,19.21
2023-03-27,4.87,30.42,22.35,18.64
2023-03-28,0.26,30.05,19.65,20.44
2023-03-29,0.25,30.68,21.24,22.07
2023-03-30,0.98,29.74,20.87,21.42
2023-03-31,0.39,29.62,21.72,22.19
2023-04-01,0.05,30.96,19.93,23.46
2023-04-02,0.19,30.28,19.69,23.05
2023-04-03,0.18,29.85,17.74,23.29
2023-04-04,0.02,30.59,16.98,22.73
2023-04-05,0.68,30.4,17.99,20.52
2023-04-06,5.99,29.98,19.19,19.1
2023-04-07,7.86,25.25,20.16,12.4
2023-04-08,2.49,27.27,20.11,10.25
2023-04-09,0.21,28.61,19.8,15.93
2023-04-10,0.02,28.82,17.77,20.31
2023-04-11,0.06,29.28,16.69,20.81
2023-04-12,0.21,29.19,19.92,17.17
2023-04-13,7.52,29.84,20.38,18.41
2023-04-14,6.04,28.26,21.37,9.45
2023-04-15,0.01,28.83,19.29,17.48
2023-04-16,0.79,30.04,18.55,20.62
2023-04-17,9.59,29.9,20.65,11.42
2023-04-18,11.39,29.11,20.28,4.0
2023-04-19,8.37,25.06,14.8,19.9
2023-04-20,0.02,23.62,12.83,20.91
2023-04-21,0.03,24.89,11.36,21.58
2023-04-22,0.06,27.74,13.61,20.18
2023-04-23,0.02,27.79,15.91,18.42
2023-04-24,0.1,28.25,16.01,17.62
2023-04-25,14.64,27.5,16.13,7.48
2023-04-26,1.83,27.78,17.85,12.95
2023-04-27,4.48,24.15,18.23,6.63
2023-04-28,0.59,25.98,16.62,14.51
2023-04-29,0.11,26.77,14.94,18.77
2023-04-30,0.06,27.24,14.07,19.8
2023-05-01,0.08,27.11,13.85,19.11
2023-05-02,0.49,27.81,14.03,18.27
2023-05-03,0.13,28.54,15.31,17.26
2023-05-04,0.44,29.42,16.72,18.13
2023-05-05,0.75,30.22,17.48,18.48
2023-05-06,1.1,29.76,17.73,16.53
2023-05-07,0.07,29.55,17.46,17.07
2023-05-08,0.0,29.47,17.24,16.02
2023-05-09,0.02,29.79,18.73,12.81
2023-05-10,0.52,27.33,19.8,13.62
2023-05-11,0.0,27.11,14.12,16.26
2023-05-12,0.05,25.56,10.17,17.66
2023-05-13,0.02,24.85,11.09,18.42
2023-05-14,0.02,25.27,10.31,18.56
2023-05-15,0.04,25.56,10.54,18.68
2023-05-16,0.04,26.45,10.23,18.47
2023-05-17,0.02,25.66,10.94,18.56
2023-05-18,0.02,26.07,10.7,18.28
2023-05-19,0.01,27.1,10.33,16.74
2023-05-20,0.04,27.43,11.36,14.28
2023-05-21,0.02,27.12,11.63,15.3
2023-05-22,0.02,27.26,14.94,13.91
2023-05-23,0.01,27.97,13.55,16.8
2023-05-24,0.01,27.53,13.04,16.92
2023-05-25,0.0,28.48,14.7,16.3
2023-05-26,0.11,28.87,14.74,16.16
2023-05-27,0.81,29.6,15.05,15.65
2023-05-28,3.78,24.85,18.23,6.83
2023-05-29,0.05,25.79,16.97,15.45
2023-05-30,12.41,23.28,15.48,2.81
2023-05-31,1.0,24.45,16.51,8.16
2023-06-01,0.06,25.42,14.02,12.79
2023-06-02,0.07,25.47,12.7,16.56
2023-06-03,0.11,26.79,12.32,16.6
2023-06-04,0.02,27.27,11.7,16.57
2023-06-05,0.02,26.34,11.96,16.41
2023-06-06,0.0,25.77,11.62,16.18
2023-06-07,0.02,26.76,11.57,16.03
2023-06-08,0.29,27.06,12.33,15.85
2023-06-09,0.01,28.02,13.02,16.12
2023-06-10,0.02,29.01,14.31,15.72
2023-06-11,0.0,29.45,16.07,15.41
2023-06-12,1.3,30.02,16.44,7.67
2023-06-13,33.78,21.96,16.82,3.13
2023-06-14,23.07,18.42,13.76,2.58
2023-06-15,13.72,14.79,9.88,3.87
2023-06-16,0.03,17.57,7.55,14.71
2023-06-17,0.04,19.08,7.07,14.4
2023-06-18,0.02,20.57,8.99,16.16
2023-06-19,0.03,22.38,7.93,15.87
2023-06-20,0.02,24.71,8.68,15.88
2023-06-21,0.02,25.7,10.94,15.55
2023-06-22,0.02,25.28,12.3,14.69
2023-06-23,0.0,25.76,12.8,14.74
2023-06-24,0.02,26.57,13.07,15.64
2023-06-25,0.02,26.71,12.77,15.81
2023-06-26,0.04,26.48,12.01,15.95
2023-06-27,0.12,26.77,12.04,15.99
2023-06-28,0.02,27.38,13.01,15.38
2023-06-29,0.0,26.43,13.62,15.66
2023-06-30,0.01,26.08,13.17,15.87
2023-07-01,0.01,26.42,12.28,15.37
2023-07-02,0.01,26.1,12.4,15.96
2023-07-03,0.01,25.2,13.12,16.18
2023-07-04,0.01,24.78,10.64,16.42
2023-07-05,0.01,26.4,10.63,16.19
2023-07-06,0.3,26.26,11.47,15.94
2023-07-07,0.0,26.48,11.67,13.63
2023-07-08,0.03,28.16,15.56,11.44
2023-07-09,0.3,27.78,17.38,10.02
2023-07-10,0.03,30.13,17.28,10.85
2023-07-11,0.0,30.63,15.97,15.51
2023-07-12,0.0,30.26,15.57,14.78
2023-07-13,4.41,22.75,13.39,15.08
2023-07-14,0.56,19.81,8.23,17.57
2023-07-15,0.08,23.11,6.23,17.51
2023-07-16,0.0,23.34,10.34,12.18
2023-07-17,0.0,28.72,15.22,10.97
2023-07-18,0.0,27.61,14.43,10.87
2023-07-19,0.0,27.3,15.16,13.83
2023-07-20,0.0,28.38,13.59,16.33
2023-07-21,0.0,28.81,14.55,16.48
2023-07-22,0.0,27.53,14.32,16.08
2023-07-23,0.0,29.03,14.67,14.3
2023-07-24,0.0,29.09,15.19,12.41
2023-07-25,0.0,28.75,14.6,12.99
2023-07-26,0.11,30.17,17.52,14.07
2023-07-27,0.08,30.81,17.43,15.37
2023-07-28,0.13,30.93,17.06,13.14
2023-07-29,0.61,28.2,15.97,16.34
2023-07-30,0.0,27.28,13.0,17.2
2023-07-31,0.0,28.41,12.81,17.68
2023-08-01,0.0,29.0,12.17,17.24
2023-08-02,0.0,31.2,12.6,18.32
2023-08-03,0.0,31.49,13.98,18.62
2023-08-04,0.0,31.05,13.31,18.74
2023-08-05,0.0,31.24,13.59,18.81
2023-08-06,0.0,32.81,13.84,18.47
2023-08-07,0.0,33.92,15.89,17.71
2023-08-08,0.12,31.86,16.99,12.12
2023-08-09,0.01,32.6,15.39,14.08
2023-08-10,0.0,34.32,16.76,18.2
2023-08-11,0.01,35.22,18.77,16.93
2023-08-12,0.04,35.24,19.67,13.81
2023-08-13,0.46,31.47,19.35,9.22
2023-08-14,0.0,31.31,16.99,11.02
2023-08-15,0.0,30.33,17.88,12.33
2023-08-16,0.02,31.55,19.04,10.62
2023-08-17,0.0,32.24,17.67,18.39
2023-08-18,0.06,33.81,18.55,17.53
2023-08-19,1.68,29.22,17.93,9.41
2023-08-20,0.48,28.55,17.67,13.82
2023-08-21,0.11,30.85,17.53,18.91
2023-08-22,0.0,34.49,18.21,19.53
2023-08-23,0.01,36.74,19.67,17.64
2023-08-24,0.22,35.14,22.89,16.13
2023-08-25,1.41,35.06,21.44,15.27
2023-08-26,5.81,23.22,16.95,7.8
2023-08-27,0.27,20.52,13.77,8.51
2023-08-28,0.07,26.96,12.75,20.67
2023-08-29,0.51,27.38,13.27,17.38
2023-08-30,1.34,27.11,17.19,19.04
2023-08-31,5.23,25.83,17.44,11.72
2023-09-01,0.01,31.97,16.23,19.0
2023-09-02,3.25,34.76,19.48,14.89
2023-09-03,2.24,33.68,21.93,19.32
2023-09-04,8.55,34.41,22.21,18.09
2023-09-05,4.06,32.22,19.81,16.2
2023-09-06,0.0,31.07,18.0,17.39
2023-09-07,0.0,32.09,18.29,19.09
2023-09-08,0.03,34.92,18.19,19.32
2023-09-09,4.71,29.65,18.85,3.19
2023-09-10,0.03,32.52,17.25,20.25
2023-09-11,0.06,35.03,18.27,23.27
2023-09-12,0.0,35.7,18.55,23.62
2023-09-13,2.11,37.5,20.39,19.78
2023-09-14,3.37,25.37,14.53,9.11
2023-09-15,0.01,29.61,11.5,24.73
2023-09-16,0.02,34.26,14.69,24.42
2023-09-17,0.07,37.44,18.74,22.23
2023-09-18,0.46,36.81,22.28,18.55
2023-09-19,0.33,37.11,22.26,20.69
2023-09-20,0.24,38.02,22.25,21.92
2023-09-21,0.0,38.73,21.89,23.26
2023-09-22,0.0,39.99,23.38,21.51
2023-09-23,0.0,40.42,24.75,22.42
2023-09-24,0.0,41.2,25.59,22.82
2023-09-25,0.06,40.7,25.03,19.0
2023-09-26,0.77,40.41,25.35,21.77
2023-09-27,0.37,39.82,26.84,21.41
2023-09-28,0.0,36.66,22.71,20.03
2023-09-29,0.0,35.62,19.29,18.87
2023-09-30,0.43,37.52,20.98,19.98
2023-10-01,1.68,34.45,24.11,15.19
2023-10-02,0.34,35.71,22.82,14.7
2023-10-03,0.39,38.32,25.42,21.07
2023-10-04,1.69,39.3,26.23,14.1
2023-10-05,0.32,39.29,24.01,15.21
2023-10-06,2.14,39.23,25.32,19.54
2023-10-07,14.41,36.38,25.38,12.27
2023-10-08,23.5,32.68,20.73,5.46
2023-10-09,7.88,30.91,19.9,21.86
2023-10-10,0.27,32.95,17.51,27.39
2023-10-11,0.48,36.69,17.85,26.98
2023-10-12,1.1,36.46,24.86,19.36
2023-10-13,0.15,34.21,22.08,8.03
2023-10-14,0.01,29.79,18.4,19.12
2023-10-15,0.0,36.14,18.75,24.93
2023-10-16,1.21,37.62,22.27,24.94
2023-10-17,0.21,35.14,24.49,16.23
2023-10-18,0.12,37.12,23.07,22.36
2023-10-19,11.32,35.11,20.43,11.64
2023-10-20,0.13,34.01,19.16,23.5
2023-10-21,0.0,35.37,19.66,27.46
2023-10-22,0.0,36.54,18.19,26.78
2023-10-23,0.0,39.58,21.37,25.73
2023-10-24,0.01,36.57,25.66,15.76
2023-10-25,2.97,33.55,23.37,18.93
2023-10-26,2.47,33.39,24.95,13.66
2023-10-27,12.28,34.28,23.73,9.93
2023-10-28,8.06,34.99,22.33,16.91
2023-10-29,3.9,33.2,23.67,9.68
2023-10-30,5.11,35.2,22.51,13.02
2023-10-31,8.37,31.83,23.71,7.36
2023-11-01,3.36,30.48,23.15,11.37
2023-11-02,0.0,33.57,20.37,24.97
2023-11-03,4.72,37.21,20.57,19.45
2023-11-04,0.22,29.5,16.77,28.98
2023-11-05,0.0,32.98,14.17,31.29
2023-11-06,0.0,34.76,15.71,30.71
2023-11-07,0.0,36.78,15.71,30.32
2023-11-08,0.99,38.57,20.61,27.4
2023-11-09,4.27,36.96,24.59,19.86
2023-11-10,0.58,37.48,24.02,20.59
2023-11-11,0.0,40.29,23.74,29.17
2023-11-12,0.0,41.67,24.34,26.53
2023-11-13,2.3,41.1,25.67,23.76
2023-11-14,0.87,41.06,25.9,23.97
2023-11-15,2.68,40.28,25.05,23.59
2023-11-16,0.02,41.93,25.67,23.19
2023-11-17,0.08,42.77,26.81,22.7
2023-11-18,1.63,41.82,28.67,22.63
2023-11-19,10.54,40.52,24.21,12.38
2023-11-20,0.46,34.05,21.65,13.94
2023-11-21,0.68,35.11,22.86,24.1
2023-11-22,15.5,33.92,24.67,24.43
2023-11-23,16.36,31.42,23.09,12.88
2023-11-24,8.75,26.89,21.8,11.82
2023-11-25,0.05,30.06,18.34,20.93
2023-11-26,0.12,28.75,19.2,13.38
2023-11-27,1.89,32.31,20.71,21.33
2023-11-28,9.75,31.14,22.52,19.63
2023-11-29,7.68,32.5,21.09,20.2
2023-11-30,0.06,33.21,21.97,28.05
2023-12-01,0.14,34.66,23.96,27.23
2023-12-02,0.56,37.09,24.29,24.87
2023-12-03,1.5,37.35,26.01,28.52
2023-12-04,12.52,33.48,24.77,20.18
2023-12-05,8.32,32.17,24.05,18.31
2023-12-06,0.99,33.89,23.73,25.82
2023-12-07,13.16,34.43,23.18,23.84
2023-12-08,0.23,34.34,22.93,27.0
2023-12-09,0.0,34.72,22.45,29.54
2023-12-10,0.46,33.94,21.43,19.65
2023-12-11,14.48,31.68,21.54,25.68
2023-12-12,0.03,33.75,19.65,30.37
2023-12-13,0.0,35.75,19.28,30.82
2023-12-14,0.01,38.25,21.24,30.92
2023-12-15,1.39,39.41,22.76,28.58
2023-12-16,2.03,39.74,25.79,24.93
2023-12-17,0.61,40.0,25.15,25.77
2023-12-18,4.77,38.49,25.26,28.47
2023-12-19,0.06,37.23,24.31,23.54
2023-12-20,0.28,37.21,22.71,28.66
2023-12-21,0.55,37.4,22.02,27.46
2023-12-22,3.55,37.29,24.76,21.52
2023-12-23,21.68,33.26,24.52,14.05
2023-12-24,0.03,33.27,22.76,27.1
2023-12-25,0.18,34.94,24.31,26.74
2023-12-26,0.06,34.95,24.3,27.74
2023-12-27,0.0,36.49,22.11,30.02
2023-12-28,0.0,37.77,20.72,31.6
2023-12-29,0.26,39.65,22.45,26.18
2023-12-30,13.56,34.34,25.62,19.23
2023-12-31,0.09,33.11,23.16,28.08
2024-01-01,0.08,35.89,22.29,28.45
2024-01-02,1.27,35.08,24.27,20.02
2024-01-03,0.81,35.08,23.6,26.49
2024-01-04,0.04,37.35,23.26,28.51
2024-01-05,0.31,36.82,22.35,26.16
2024-01-06,0.1,38.15,22.71,26.76
2024-01-07,1.14,39.16,24.59,27.68
2024-01-08,3.63,38.68,25.37,24.53
2024-01-09,22.43,35.65,25.07,27.57
2024-01-10,0.79,35.0,23.3,26.18
2024-01-11,8.79,33.26,23.8,16.19
2024-01-12,22.09,28.45,22.9,16.38
2024-01-13,4.41,30.21,21.91,18.93
2024-01-14,16.2,32.23,21.9,26.83
2024-01-15,6.43,30.29,22.84,21.9
2024-01-16,0.04,32.74,22.58,24.53
2024-01-17,0.26,34.08,23.55,22.74
2024-01-18,0.71,35.3,23.83,26.06
2024-01-19,23.69,35.34,24.83,19.6
2024-01-20,4.96,33.34,23.74,12.21
2024-01-21,0.56,32.48,22.71,21.78
2024-01-22,1.66,30.12,21.88,15.76
2024-01-23,2.05,30.15,20.94,9.77
2024-01-24,0.24,31.15,18.71,25.75
2024-01-25,1.2,29.62,19.24,26.02
2024-01-26,0.01,29.44,15.84,25.99
2024-01-27,0.08,30.97,17.33,26.82
2024-01-28,0.91,33.27,22.5,23.7
2024-01-29,0.01,36.24,19.79,26.54
2024-01-30,0.06,37.54,21.89,25.83
2024-01-31,11.45,34.35,23.24,23.8
2024-02-01,0.04,35.04,20.48,29.61
2024-02-02,0.05,35.8,21.01,26.85
2024-02-03,1.57,34.6,21.9,20.58
2024-02-04,0.37,32.64,21.85,23.96
2024-02-05,0.05,35.41,22.34,24.12
2024-02-06,0.22,35.01,24.08,22.07
2024-02-07,2.73,31.95,24.3,18.32
2024-02-08,0.55,35.7,22.12,23.52
2024-02-09,1.92,36.96,23.11,24.25
2024-02-10,0.26,37.88,23.44,27.74
2024-02-11,0.02,38.28,23.14,28.06
2024-02-12,1.51,36.3,24.56,21.72
2024-02-13,8.08,36.85,25.47,21.2
2024-02-14,7.72,34.58,24.19,15.06
2024-02-15,42.4,30.35,23.68,11.51
2024-02-16,9.22,30.1,22.74,14.39
2024-02-17,0.15,31.99,21.36,23.99
2024-02-18,0.26,31.68,22.13,20.97
2024-02-19,3.32,30.88,21.76,22.22
2024-02-20,5.74,30.84,22.16,19.06
2024-02-21,11.32,29.75,20.73,14.79
2024-02-22,5.27,31.47,20.87,22.14
2024-02-23,8.39,32.48,22.86,18.75
2024-02-24,1.2,33.13,22.97,24.93
2024-02-25,4.7,32.94,23.37,23.26
2024-02-26,0.66,34.09,23.22,23.02
2024-02-27,0.13,34.63,23.99,23.32
2024-02-28,0.1,36.89,25.02,23.86
2024-02-29,0.45,37.28,25.08,23.76
2024-03-01,1.52,34.77,25.38,22.9
2024-03-02,0.03,35.27,23.34,26.26
2024-03-03,0.0,37.07,21.24,26.87
2024-03-04,0.0,38.44,21.08,25.7
2024-03-05,0.93,36.8,21.97,24.32
2024-03-06,2.18,36.15,23.04,18.75
2024-03-07,3.16,34.88,23.12,19.8
2024-03-08,5.79,33.05,24.2,16.96
2024-03-09,0.6,35.46,24.32,21.54
2024-03-10,0.33,35.8,25.19,20.49
2024-03-11,0.5,35.59,23.97,25.64
2024-03-12,0.0,37.71,21.58,26.39
2024-03-13,0.05,38.56,22.0,24.71
2024-03-14,0.12,39.6,23.67,22.81
2024-03-15,0.66,39.68,25.55,23.43
2024-03-16,4.49,38.06,27.4,21.64
2024-03-17,18.33,34.72,26.09,12.02
2024-03-18,11.38,33.18,25.06,20.35
2024-03-19,8.6,32.64,25.12,20.2
2024-03-20,1.69,32.84,23.72,20.69
2024-03-21,11.05,33.32,24.3,15.34
2024-03-22,11.11,29.99,22.33,14.74
2024-03-23,1.0,24.39,19.82,9.9
2024-03-24,8.42,27.18,18.88,5.84
2024-03-25,0.24,30.61,19.71,19.96
2024-03-26,0.23,30.41,20.63,15.08
2024-03-27,1.6,28.62,21.25,12.37
2024-03-28,0.05,30.37,19.61,12.62
2024-03-29,0.31,30.56,20.01,13.63
2024-03-30,0.08,32.33,21.27,19.49
2024-03-31,0.03,33.58,21.38,21.99
2024-04-01,2.87,33.1,22.6,13.09
2024-04-02,5.19,32.01,22.83,18.93
2024-04-03,0.0,33.78,22.15,21.13
2024-04-04,0.01,34.99,22.69,20.07
2024-04-05,0.8,35.08,23.7,18.91
2024-04-06,0.01,35.55,22.9,21.65
2024-04-07,0.53,34.87,19.97,18.06
2024-04-08,43.13,29.07,23.01,12.67
2024-04-09,1.23,29.9,21.82,16.09
2024-04-10,0.26,31.0,21.15,16.99
2024-04-11,1.65,31.68,20.55,18.43
2024-04-12,0.16,31.87,20.91,19.96
2024-04-13,10.43,29.95,22.4,13.75
2024-04-14,39.92,25.55,22.01,4.95
2024-04-15,1.45,28.81,21.13,10.2
2024-04-16,1.21,27.83,21.91,11.24
2024-04-17,1.14,29.11,21.85,11.83
2024-04-18,0.43,27.95,17.86,13.15
2024-04-19,0.01,27.44,16.13,21.87
2024-04-20,0.01,29.71,13.96,20.76
2024-04-21,0.0,30.44,16.67,20.41
2024-04-22,0.0,30.43,17.69,20.32
2024-04-23,0.0,31.03,18.75,19.75
2024-04-24,0.01,31.62,19.69,14.48
2024-04-25,0.0,32.46,19.79,19.07
2024-04-26,0.0,33.56,19.79,19.32
2024-04-27,0.03,33.57,20.7,18.54
2024-04-28,0.01,33.58,20.51,17.29
2024-04-29,0.0,34.14,20.43,18.99
2024-04-30,0.0,34.58,19.94,18.41
2024-05-01,0.0,34.62,20.48,18.82
2024-05-02,0.0,34.95,20.59,18.31
2024-05-03,0.0,33.8,20.61,15.96
2024-05-04,0.0,35.08,20.88,17.97
2024-05-05,0.01,34.94,19.01,19.12
2024-05-06,0.0,34.4,19.21,18.68
2024-05-07,0.45,34.34,20.44,17.68
2024-05-08,0.03,34.13,20.4,17.79
2024-05-09,0.0,34.38,21.0,14.94
2024-05-10,0.01,34.13,19.32,16.39
2024-05-11,0.01,34.1,19.06,17.77
2024-05-12,0.0,34.03,18.22,18.0
2024-05-13,0.0,33.89,17.82,17.67
2024-05-14,0.03,30.72,20.15,14.66
2024-05-15,0.04,30.32,19.06,11.87
2024-05-16,0.0,33.01,19.08,16.2
2024-05-17,0.0,35.17,20.44,16.78
2024-05-18,0.1,33.58,21.25,15.52
2024-05-19,0.25,31.02,19.7,8.58
2024-05-20,0.0,30.96,17.34,13.03
2024-05-21,0.0,32.91,18.85,15.66
2024-05-22,0.0,33.56,18.39,16.72
2024-05-23,0.02,33.39,17.9,16.52
2024-05-24,7.92,27.82,18.69,6.23
2024-05-25,2.92,24.06,15.61,8.65
2024-05-26,12.34,22.46,15.91,5.13
2024-05-27,0.16,26.14,14.98,4.75
2024-05-28,0.01,21.4,11.29,11.43
2024-05-29,0.0,21.65,6.4,17.37
2024-05-30,0.01,24.15,7.74,15.79
2024-05-31,0.0,24.72,8.92,17.3
2024-06-01,0.0,28.02,10.23,16.6
2024-06-02,0.0,29.14,13.32,15.72
2024-06-03,0.02,29.69,15.0,15.46
2024-06-04,0.0,29.03,15.89,15.87
2024-06-05,0.02,29.36,14.44,15.84
2024-06-06,0.17,30.24,14.44,14.65
2024-06-07,0.0,30.4,15.07,15.52
2024-06-08,0.02,30.91,15.58,15.16
2024-06-09,0.01,31.77,15.88,15.82
2024-06-10,0.01,31.39,15.5,15.82
2024-06-11,0.04,31.02,15.34,15.98
2024-06-12,0.07,30.94,14.65,16.08
2024-06-13,0.0,31.11,14.94,16.38
2024-06-14,0.0,31.29,16.64,14.67
2024-06-15,0.0,31.77,16.67,15.29
2024-06-16,0.0,31.65,17.26,15.24
2024-06-17,0.0,31.64,16.34,15.11
2024-06-18,0.0,30.77,14.55,15.56
2024-06-19,0.03,31.12,14.87,15.7
2024-06-20,0.0,31.27,16.17,15.21
2024-06-21,0.01,30.82,14.03,15.56
2024-06-22,0.02,31.04,16.51,13.4
2024-06-23,0.0,31.89,16.88,14.53
2024-06-24,0.0,32.74,17.91,14.43
2024-06-25,0.01,32.81,18.45,13.09
2024-06-26,0.1,31.78,18.85,12.76
2024-06-27,0.28,28.99,16.4,10.64
2024-06-28,0.33,30.94,18.03,10.71
2024-06-29,1.35,30.99,18.9,10.9
2024-06-30,5.9,25.62,16.12,13.24
2024-07-01,1.29,24.37,14.5,13.76
2024-07-02,0.0,29.57,13.61,15.96
2024-07-03,0.09,30.03,17.34,14.05
2024-07-04,0.0,30.69,15.92,11.21
2024-07-05,0.01,30.43,16.06,10.35
2024-07-06,0.01,30.85,15.95,14.73
2024-07-07,0.01,31.0,15.27,14.52
2024-07-08,6.38,26.79,16.7,8.51
2024-07-09,18.47,20.31,15.51,2.34
2024-07-10,1.66,21.1,14.19,4.64
2024-07-11,0.02,28.37,13.42,13.21
2024-07-12,0.03,27.22,15.84,7.1
2024-07-13,0.0,27.78,17.03,9.96
2024-07-14,0.0,26.85,14.25,15.56
2024-07-15,0.03,26.82,13.11,13.22
2024-07-16,0.02,28.28,14.39,16.08
2024-07-17,0.0,28.86,14.39,15.98
2024-07-18,0.01,29.45,14.59,17.12
2024-07-19,0.01,29.61,13.45,17.2
2024-07-20,0.0,29.54,12.06,17.33
2024-07-21,0.0,29.9,11.82,17.15
2024-07-22,0.0,30.42,12.79,17.49
2024-07-23,0.11,30.22,12.51,17.6
2024-07-24,0.05,31.05,12.79,16.44
2024-07-25,0.0,30.51,13.79,17.45
2024-07-26,0.0,28.53,15.36,12.06
2024-07-27,0.0,31.24,14.95,15.3
2024-07-28,0.0,33.21,15.7,16.57
2024-07-29,0.0,32.87,16.69,14.74
2024-07-30,0.01,26.37,15.08,12.58
2024-07-31,0.0,31.02,13.27,17.13
2024-08-01,0.0,31.42,17.05,17.23
2024-08-02,0.0,30.55,16.38,13.65
2024-08-03,0.0,31.36,18.91,17.43
2024-08-04,0.0,31.87,17.53,17.43
2024-08-05,0.0,33.23,18.25,17.04
2024-08-06,0.0,32.89,17.57,17.75
2024-08-07,0.08,33.29,18.89,17.15
2024-08-08,2.05,34.09,18.24,7.5
2024-08-09,19.64,19.36,11.36,1.86
2024-08-10,0.5,20.79,6.4,19.82
2024-08-11,0.01,23.57,7.08,17.78
2024-08-12,0.06,24.11,7.47,18.06
2024-08-13,0.0,24.61,6.25,18.34
2024-08-14,0.02,25.3,9.99,15.98
2024-08-15,0.0,32.72,11.51,19.38
2024-08-16,0.01,34.22,15.15,18.43
2024-08-17,0.03,34.56,15.55,19.31
2024-08-18,0.0,35.06,16.04,19.84
2024-08-19,0.0,35.74,16.07,19.94
2024-08-20,0.0,35.87,17.87,19.33
2024-08-21,0.01,35.09,16.58,20.0
2024-08-22,0.0,35.44,16.63,20.3
2024-08-23,0.02,36.48,17.33,15.78
2024-08-24,4.97,26.02,14.39,3.8
2024-08-25,0.1,23.32,10.8,7.72
2024-08-26,0.13,23.89,6.93,22.59
2024-08-27,0.1,27.38,6.98,23.06
2024-08-28,0.0,30.91,8.89,21.36
2024-08-29,0.0,33.94,13.15,21.32
2024-08-30,0.0,34.6,16.24,21.68
2024-08-31,0.0,35.42,15.64,22.15
2024-09-01,0.0,36.65,17.65,19.85
2024-09-02,0.0,35.73,16.62,15.96
2024-09-03,0.0,38.18,17.98,21.76
2024-09-04,0.0,38.04,18.75,19.63
2024-09-05,0.0,36.04,18.23,12.78
2024-09-06,0.0,33.68,18.69,12.48
2024-09-07,0.0,37.64,18.42,18.1
2024-09-08,0.0,38.26,20.54,16.87
2024-09-09,0.0,37.02,20.47,16.19
2024-09-10,0.0,35.66,21.08,17.24
2024-09-11,0.0,37.48,18.0,21.83
2024-09-12,0.0,38.14,20.25,22.4
2024-09-13,0.0,38.55,20.21,21.65
2024-09-14,0.0,38.29,21.19,11.92
2024-09-15,1.18,32.44,21.53,3.86
2024-09-16,9.24,28.25,17.77,3.69
2024-09-17,0.03,31.29,14.71,23.42
2024-09-18,0.75,32.68,14.44,12.92
2024-09-19,0.1,38.09,18.77,19.03
2024-09-20,3.06,39.16,21.1,21.29
2024-09-21,2.39,32.38,20.16,13.93
2024-09-22,0.01,35.51,20.77,12.55
2024-09-23,0.0,38.15,21.95,16.94
2024-09-24,0.08,39.04,20.03,21.72
2024-09-25,0.0,40.38,20.57,23.36
2024-09-26,0.2,40.69,22.39,22.07
2024-09-27,4.99,32.25,21.07,9.89
2024-09-28,0.0,34.49,18.34,25.12
2024-09-29,0.0,36.66,16.27,25.13
2024-09-30,0.0,38.96,19.63,23.72
2024-10-01,0.01,40.1,22.57,23.65
2024-10-02,0.49,39.0,24.32,15.91
2024-10-03,0.46,38.98,22.91,12.35
2024-10-04,0.0,34.7,19.27,18.48
2024-10-05,0.01,36.35,16.12,26.55
2024-10-06,0.01,38.34,16.95,25.58
2024-10-07,0.0,38.98,19.95,21.5
2024-10-08,0.0,41.28,20.95,22.24
2024-10-09,1.25,39.46,24.04,6.58
2024-10-10,9.13,32.7,21.81,6.3
2024-10-11,10.46,35.83,21.75,6.12
2024-10-12,0.49,32.73,19.15,24.26
2024-10-13,0.28,34.48,19.63,27.05
2024-10-14,1.12,36.3,18.63,23.32
2024-10-15,1.4,30.22,21.75,23.19
2024-10-16,6.25,33.39,21.66,22.7
2024-10-17,0.03,36.86,22.73,24.89
2024-10-18,0.11,36.57,23.01,11.0
2024-10-19,6.07,30.52,19.64,8.52
2024-10-20,4.75,27.08,18.08,10.81
2024-10-21,0.1,30.2,20.12,15.14
2024-10-22,7.33,30.0,22.06,15.07
2024-10-23,2.49,31.51,22.18,18.65
2024-10-24,3.41,35.16,22.12,21.18
2024-10-25,0.38,34.55,24.54,16.43
2024-10-26,5.91,33.18,24.32,13.56
2024-10-27,0.41,34.77,21.36,17.95
2024-10-28,0.17,32.63,19.78,13.5
2024-10-29,0.0,35.99,21.61,28.05
2024-10-30,0.26,36.6,19.44,29.13
2024-10-31,0.0,35.99,19.59,26.44
2024-11-01,17.57,30.82,20.92,24.14
2024-11-02,7.11,27.39,22.16,9.72
2024-11-03,13.21,27.32,21.75,13.89
2024-11-04,26.84,28.18,20.66,10.68
2024-11-05,10.74,30.54,21.18,15.64
2024-11-06,7.58,29.06,21.66,15.14
2024-11-07,28.94,27.08,21.97,12.81
2024-11-08,11.91,27.82,21.82,15.76
2024-11-09,0.73,30.76,21.92,23.35
2024-11-10,0.01,30.56,18.5,29.71
2024-11-11,0.0,32.36,17.61,29.71
2024-11-12,0.74,31.43,20.3,23.11
2024-11-13,0.68,29.91,19.04,21.06
2024-11-14,0.04,30.79,19.33,23.3
2024-11-15,0.97,32.66,18.15,25.01
2024-11-16,1.94,31.46,22.2,20.45
2024-11-17,0.14,32.6,21.09,25.32
2024-11-18,0.0,34.14,21.16,29.24
2024-11-19,0.01,35.09,21.59,26.24
2024-11-20,0.6,35.33,23.19,26.37
2024-11-21,14.97,33.4,22.9,19.99
2024-11-22,0.73,31.08,20.42,19.78
2024-11-23,0.0,33.88,20.63,28.69
2024-11-24,0.0,33.25,19.18,30.26
2024-11-25,0.0,34.01,17.79,28.24
2024-11-26,0.07,35.78,21.79,27.32
2024-11-27,0.14,37.03,22.0,25.75
2024-11-28,37.66,30.5,24.18,15.46
2024-11-29,20.16,30.59,23.44,7.58
2024-11-30,1.21,31.56,22.58,20.79
2024-12-01,0.69,32.92,23.18,26.47
2024-12-02,24.23,27.92,23.73,7.11
2024-12-03,19.61,27.87,23.37,18.66
2024-12-04,5.32,29.46,22.39,11.79
2024-12-05,1.94,30.56,19.76,17.57
2024-12-06,0.6,30.64,22.33,20.54
2024-12-07,6.09,30.59,23.44,23.32
2024-12-08,15.7,29.16,23.21,11.18
2024-12-09,7.14,31.32,22.88,18.3
2024-12-10,5.24,30.02,23.4,20.36
2024-12-11,0.08,30.61,19.71,27.81
2024-12-12,0.0,31.33,18.02,28.32
2024-12-13,11.02,30.28,18.94,17.41
2024-12-14,13.14,26.12,22.22,9.37
2024-12-15,2.43,29.88,21.13,27.25
2024-12-16,0.01,29.68,19.08,31.75
2024-12-17,0.0,31.48,17.18,30.73
2024-12-18,0.0,32.17,17.87,29.65
2024-12-19,0.23,31.81,20.22,21.38
2024-12-20,7.28,30.89,23.06,15.12
2024-12-21,11.79,30.29,23.3,15.36
2024-12-22,1.97,30.43,22.28,16.93
2024-12-23,0.12,32.3,22.6,26.91
2024-12-24,0.0,32.95,20.14,30.41
2024-12-25,27.31,29.35,22.32,17.19
2024-12-26,19.65,28.7,21.56,17.58
2024-12-27,10.5,31.24,21.19,22.83
2024-12-28,1.37,31.73,21.26,27.32
2024-12-29,0.09,32.0,18.1,24.76
2024-12-30,0.02,31.65,19.41,29.53
2024-12-31,1.04,31.86,20.77,27.58
2025-01-01,1.03,32.23,20.71,23.27
2025-01-02,0.37,33.11,21.12,27.26
2025-01-03,0.42,32.82,22.02,27.89
2025-01-04,0.06,33.33,22.6,22.26
2025-01-05,0.0,34.49,18.82,31.71
2025-01-06,0.0,35.43,19.76,30.45
2025-01-07,0.01,35.28,20.92,28.78
2025-01-08,0.45,35.04,22.04,26.94
2025-01-09,0.18,35.16,21.85,27.48
2025-01-10,0.0,35.57,20.43,29.81
2025-01-11,5.39,36.29,20.73,27.3
2025-01-12,3.8,34.16,22.95,24.88
2025-01-13,0.0,34.07,20.17,29.64
2025-01-14,0.0,34.95,18.9,30.27
2025-01-15,0.01,36.51,18.71,30.39
2025-01-16,4.51,35.9,22.3,19.03
2025-01-17,20.34,27.44,23.22,13.14
2025-01-18,0.4,31.04,22.54,23.23
2025-01-19,0.89,32.29,23.2,25.15
2025-01-20,2.01,32.7,23.71,25.53
2025-01-21,0.94,34.13,22.98,25.18
2025-01-22,0.16,34.91,23.12,23.56
2025-01-23,0.79,36.47,23.37,18.61
2025-01-24,0.47,36.59,23.47,27.74
2025-01-25,0.99,38.6,23.28,26.84
2025-01-26,1.51,35.3,24.36,26.12
2025-01-27,11.01,31.72,24.11,17.29
2025-01-28,1.74,31.74,22.47,20.19
2025-01-29,4.29,33.74,24.1,21.76
2025-01-30,0.8,33.67,22.98,23.8
2025-01-31,11.31,28.64,22.43,13.69
2025-02-01,4.65,27.79,21.78,20.2
2025-02-02,7.76,27.53,21.45,17.66
2025-02-03,25.65,26.74,22.37,14.86
2025-02-04,24.92,26.22,22.04,15.2
2025-02-05,1.45,28.25,21.74,12.09
2025-02-06,2.07,27.92,21.27,15.71
2025-02-07,1.19,32.18,20.58,27.62
2025-02-08,0.17,31.48,21.54,26.52
2025-02-09,0.01,32.38,21.55,27.24
2025-02-10,0.37,32.04,20.88,26.37
2025-02-11,0.51,32.27,21.57,26.88
2025-02-12,1.87,30.7,21.65,21.46
2025-02-13,1.41,31.69,21.29,18.88
2025-02-14,0.47,31.5,21.73,21.32
2025-02-15,1.04,34.39,23.37,20.09
2025-02-16,0.06,35.8,24.18,24.47
2025-02-17,0.0,36.37,23.57,26.02
2025-02-18,0.64,36.82,23.63,21.9
2025-02-19,1.98,36.23,22.87,21.96
2025-02-20,0.12,36.37,23.73,25.78
2025-02-21,0.0,37.78,24.01,26.69
2025-02-22,0.76,36.49,23.79,21.27
2025-02-23,1.18,35.1,22.81,20.38
2025-02-24,3.53,36.05,23.78,25.45
2025-02-25,2.77,34.18,23.12,22.07
2025-02-26,12.85,34.59,23.2,24.19
2025-02-27,0.98,35.08,22.83,24.52
2025-02-28,0.0,36.42,22.3,24.67
2025-03-01,0.0,36.9,22.91,26.29
2025-03-02,0.0,34.43,22.52,24.69
2025-03-03,0.0,37.42,23.72,24.12
2025-03-04,0.55,36.86,22.97,24.54
2025-03-05,0.95,35.27,22.06,20.32
2025-03-06,0.24,36.52,22.32,24.12
2025-03-07,0.0,36.54,21.16,24.04
2025-03-08,0.0,37.19,21.45,24.03
2025-03-09,0.0,37.97,24.75,22.75
2025-03-10,2.82,37.03,24.04,20.91
2025-03-11,7.32,32.2,22.23,9.79
2025-03-12,0.98,35.13,22.16,19.7
2025-03-13,0.76,32.74,23.33,17.76
2025-03-14,0.02,35.22,23.29,20.81
2025-03-15,0.89,37.18,23.16,20.23
2025-03-16,0.5,36.5,22.3,22.32
2025-03-17,2.88,35.97,21.85,20.75
2025-03-18,3.28,34.94,22.6,14.72
2025-03-19,1.3,34.73,22.46,19.84
2025-03-20,0.01,34.54,20.13,25.52
2025-03-21,0.0,34.47,17.88,26.16
2025-03-22,3.03,35.42,18.55,21.26
2025-03-23,2.94,33.31,23.19,14.1
2025-03-24,1.84,34.33,21.35,20.86
2025-03-25,0.15,35.67,23.1,22.67
2025-03-26,2.5,34.26,23.98,21.34
2025-03-27,0.0,35.66,21.12,23.1
2025-03-28,0.07,36.34,22.45,18.88
2025-03-29,0.07,36.07,24.41,18.42
2025-03-30,8.04,34.74,23.07,16.69
2025-03-31,5.91,31.86,21.36,11.45
