data,PRECTOTCORR,T2M_MAX,T2M_MIN,ALLSKY_SFC_SW_DWN
2013-10-01,13.37,25.82,16.78,14.64
2013-10-02,5.5,25.6,14.8,10.19
2013-10-03,23.62,25.63,14.9,14.55
2013-10-04,3.2,22.38,17.12,7.82
2013-10-05,0.3,23.38,11.8,18.04
2013-10-06,0.07,21.57,10.3,27.71
2013-10-07,0.3,20.12,11.35,18.23
2013-10-08,0.05,22.82,10.66,20.2
2013-10-09,0.0,25.8,10.54,21.86
2013-10-10,0.01,26.75,11.31,24.86
2013-10-11,0.02,26.57,11.74,24.12
2013-10-12,0.0,24.2,13.2,17.91
2013-10-13,0.03,28.36,12.54,23.75
2013-10-14,3.67,29.64,16.91,21.36
2013-10-15,19.25,23.22,17.27,19.52
2013-10-16,14.09,22.63,16.25,6.67
2013-10-17,10.04,23.42,15.19,11.43
2013-10-18,15.6,25.4,15.0,12.3
2013-10-19,0.57,25.89,14.71,25.22
2013-10-20,0.0,28.9,12.75,29.6
2013-10-21,10.4,31.05,15.05,26.59
2013-10-22,2.42,27.27,18.2,19.21
2013-10-23,0.65,29.17,17.49,21.69
2013-10-24,1.14,31.57,18.44,26.98
2013-10-25,1.24,24.8,17.42,19.07
2013-10-26,0.22,29.88,16.72,26.34
2013-10-27,2.16,28.58,14.88,17.69
2013-10-28,0.1,23.62,11.99,28.26
2013-10-29,0.22,25.53,11.24,26.73
2013-10-30,0.54,26.65,12.71,19.69
2013-10-31,0.21,27.26,14.07,19.89
2013-11-01,0.01,26.54,12.7,24.42
2013-11-02,0.0,30.19,13.57,26.86
2013-11-03,0.01,31.65,15.05,28.72
2013-11-04,12.02,26.4,16.2,10.74
2013-11-05,3.04,21.66,14.26,11.62
2013-11-06,14.59,20.58,13.72,7.83
2013-11-07,2.89,24.11,13.39,15.88
2013-11-08,0.17,26.58,13.87,24.84
2013-11-09,0.04,29.16,13.9,26.47
2013-11-10,0.02,31.62,14.54,29.93
2013-11-11,0.46,33.38,16.79,28.73
2013-11-12,0.23,29.4,19.5,17.81
2013-11-13,0.08,27.65,14.51,27.27
2013-11-14,0.0,29.18,12.94,29.86
2013-11-15,0.13,31.46,13.32,29.17
2013-11-16,5.03,29.45,17.95,19.18
2013-11-17,10.59,24.83,15.51,15.4
2013-11-18,2.6,26.26,14.71,19.78
2013-11-19,2.89,30.61,16.86,27.17
2013-11-20,1.83,31.57,17.7,27.48
2013-11-21,13.79,27.69,18.95,26.99
2013-11-22,10.19,24.67,16.97,15.02
2013-11-23,17.88,23.29,16.51,8.82
2013-11-24,8.08,21.57,16.05,9.93
2013-11-25,20.13,22.03,16.25,8.16
2013-11-26,17.43,25.16,16.35,14.3
2013-11-27,2.1,26.86,16.16,19.43
2013-11-28,2.42,29.61,16.66,27.66
2013-11-29,1.77,30.83,17.55,27.52
2013-11-30,2.37,27.62,17.75,21.54
2013-12-01,5.3,25.82,18.56,18.44
2013-12-02,15.72,24.68,18.43,19.33
2013-12-03,1.12,28.68,18.17,24.53
2013-12-04,0.04,31.63,17.0,28.57
2013-12-05,15.21,28.49,18.71,27.16
2013-12-06,0.11,27.33,18.24,26.51
2013-12-07,2.81,28.08,17.17,20.78
2013-12-08,0.53,29.22,18.06,25.09
2013-12-09,3.11,30.57,19.35,27.11
2013-12-10,14.65,26.05,20.09,14.31
2013-12-11,11.02,21.85,16.75,12.1
2013-12-12,1.24,25.82,15.54,22.58
2013-12-13,0.11,27.5,13.89,27.69
2013-12-14,0.0,28.38,14.53,20.35
2013-12-15,3.68,29.38,16.38,21.2
2013-12-16,0.16,28.65,15.47,26.6
2013-12-17,0.27,27.12,14.75,28.85
2013-12-18,0.08,27.84,14.94,28.56
2013-12-19,0.03,27.93,16.06,27.47
2013-12-20,0.42,28.18,16.3,24.2
2013-12-21,6.41,25.21,16.68,21.01
2013-12-22,5.25,27.28,16.54,22.66
2013-12-23,1.41,24.72,17.46,15.25
2013-12-24,8.2,27.49,17.01,14.83
2013-12-25,9.44,27.75,18.29,14.32
2013-12-26,0.5,30.3,18.12,25.56
2013-12-27,0.0,31.81,16.58,30.3
2013-12-28,5.89,29.76,16.75,21.9
2013-12-29,13.6,29.02,19.85,21.9
2013-12-30,7.38,25.98,20.3,16.2
2013-12-31,2.79,27.37,19.23,22.15
2014-01-01,13.78,29.37,19.47,19.99
2014-01-02,0.67,29.56,19.96,25.94
2014-01-03,0.17,31.39,20.88,28.36
2014-01-04,0.0,30.36,19.77,25.66
2014-01-05,3.24,29.18,19.07,23.71
2014-01-06,0.13,30.2,17.57,29.09
2014-01-07,1.57,30.16,16.81,28.13
2014-01-08,1.82,28.51,17.85,28.57
2014-01-09,0.52,29.01,18.36,28.71
2014-01-10,3.5,29.83,18.08,26.59
2014-01-11,11.84,30.2,18.76,24.45
2014-01-12,7.47,29.76,19.63,21.17
2014-01-13,6.09,25.98,19.73,22.48
2014-01-14,6.26,28.4,19.54,24.86
2014-01-15,4.1,28.27,19.49,27.61
2014-01-16,6.08,26.29,18.35,20.21
2014-01-17,6.91,27.19,17.9,21.74
2014-01-18,0.92,27.77,17.12,27.61
2014-01-19,0.68,29.17,15.39,28.49
2014-01-20,1.53,30.62,16.79,27.42
2014-01-21,0.94,31.44,18.17,27.57
2014-01-22,4.05,28.52,19.34,21.87
2014-01-23,2.22,29.37,19.47,22.62
2014-01-24,13.34,30.2,18.18,20.5
2014-01-25,0.06,31.85,17.38,28.87
2014-01-26,0.1,32.42,18.85,28.75
2014-01-27,0.14,32.66,18.95,28.11
2014-01-28,0.12,32.83,17.83,29.72
2014-01-29,0.03,33.46,16.8,30.5
2014-01-30,0.01,33.71,16.7,29.31
2014-01-31,0.0,34.21,17.18,29.18
2014-02-01,0.0,34.85,17.17,29.31
2014-02-02,1.55,34.3,18.86,28.62
2014-02-03,0.16,33.39,20.21,28.38
2014-02-04,0.09,34.18,19.47,28.64
2014-02-05,0.0,35.63,19.43,27.19
2014-02-06,0.01,35.97,18.32,29.58
2014-02-07,0.16,35.59,17.98,28.8
2014-02-08,0.45,35.12,19.99,27.05
2014-02-09,1.63,35.48,18.28,27.98
2014-02-10,0.01,35.19,18.45,27.84
2014-02-11,0.0,33.74,17.58,24.25
2014-02-12,0.04,31.36,19.38,24.87
2014-02-13,1.97,32.33,18.21,23.02
2014-02-14,5.67,31.06,19.55,19.55
2014-02-15,3.62,25.18,18.11,12.15
2014-02-16,16.11,29.04,17.53,13.2
2014-02-17,5.12,27.71,17.01,14.7
2014-02-18,0.43,28.77,15.81,25.19
2014-02-19,0.1,30.67,16.22,27.17
2014-02-20,0.03,31.62,15.96,26.69
2014-02-21,2.49,30.74,16.65,22.67
2014-02-22,3.39,28.11,18.85,21.55
2014-02-23,0.82,30.11,18.34,19.07
2014-02-24,7.84,27.79,19.2,17.06
2014-02-25,2.89,30.13,18.24,20.07
2014-02-26,0.07,33.83,17.36,26.19
2014-02-27,4.34,32.9,18.78,26.42
2014-02-28,12.79,27.71,19.44,14.37
2014-03-01,0.96,27.04,18.82,18.31
2014-03-02,0.14,29.64,17.12,23.22
2014-03-03,0.0,29.0,17.36,22.5
2014-03-04,2.54,28.61,17.95,20.38
2014-03-05,4.38,29.27,18.36,10.71
2014-03-06,6.08,28.8,18.73,21.29
2014-03-07,11.22,25.87,17.16,19.87
2014-03-08,8.56,27.63,17.27,15.77
2014-03-09,0.06,29.89,15.7,24.54
2014-03-10,0.19,30.55,16.14,23.34
2014-03-11,8.92,29.9,18.1,18.98
2014-03-12,3.79,27.92,18.76,17.28
2014-03-13,2.52,27.51,17.77,21.2
2014-03-14,0.9,31.41,18.88,23.58
2014-03-15,2.43,31.91,19.0,24.48
2014-03-16,4.82,32.02,17.66,24.51
2014-03-17,4.1,31.05,18.03,23.92
2014-03-18,4.46,31.7,17.66,21.83
2014-03-19,0.94,31.19,17.34,20.93
2014-03-20,7.39,29.06,19.52,21.06
2014-03-21,9.74,29.17,19.46,15.37
2014-03-22,5.41,27.15,18.09,16.1
2014-03-23,1.58,24.56,16.35,18.99
2014-03-24,0.74,26.07,15.6,19.37
2014-03-25,0.42,26.92,14.92,22.5
2014-03-26,3.54,26.88,15.37,21.67
2014-03-27,1.92,28.27,16.11,22.4
2014-03-28,2.67,28.81,15.65,21.52
2014-03-29,0.1,29.14,16.47,20.43
2014-03-30,9.78,25.17,17.64,12.43
2014-03-31,5.52,27.49,18.44,15.33
2014-04-01,9.54,27.82,17.86,18.88
2014-04-02,5.31,28.2,17.49,17.69
2014-04-03,1.81,28.07,17.29,20.4
2014-04-04,2.58,26.76,17.43,19.54
2014-04-05,0.16,29.0,15.41,23.27
2014-04-06,0.01,30.49,14.5,23.49
2014-04-07,0.0,30.39,15.14,22.65
2014-04-08,0.01,29.32,15.69,22.53
2014-04-09,0.05,27.96,17.59,19.07
2014-04-10,0.59,30.13,18.2,16.03
2014-04-11,1.49,30.11,17.2,17.08
2014-04-12,25.28,26.55,19.3,14.34
2014-04-13,3.77,27.56,18.76,15.91
2014-04-14,2.11,21.9,15.21,13.5
2014-04-15,11.74,22.25,15.08,5.09
2014-04-16,6.7,23.52,15.62,13.16
2014-04-17,0.15,26.57,14.94,17.79
2014-04-18,0.0,27.6,15.28,19.89
2014-04-19,0.79,28.54,14.89,19.33
2014-04-20,0.83,27.45,16.29,14.43
2014-04-21,0.01,26.49,16.17,20.0
2014-04-22,0.2,25.59,15.93,8.17
2014-04-23,1.3,25.86,16.79,7.7
2014-04-24,1.92,23.94,15.28,11.58
2014-04-25,0.32,23.22,13.43,18.45
2014-04-26,0.1,21.79,12.1,19.75
2014-04-27,0.08,22.54,11.76,19.62
2014-04-28,0.06,22.22,11.62,18.65
2014-04-29,0.0,24.3,9.95,20.49
2014-04-30,0.01,25.03,8.91,19.33
2014-05-01,0.0,26.18,11.48,16.92
2014-05-02,0.0,27.27,14.65,17.01
2014-05-03,0.02,26.51,13.41,16.0
2014-05-04,0.01,27.68,12.08,19.25
2014-05-05,0.03,27.91,12.82,18.56
2014-05-06,0.01,28.65,13.4,17.19
2014-05-07,0.03,27.78,15.32,12.88
2014-05-08,0.0,27.7,14.07,18.0
2014-05-09,0.18,24.87,13.79,14.23
2014-05-10,2.57,21.87,12.58,17.65
2014-05-11,1.87,22.54,11.8,18.41
2014-05-12,0.04,25.18,9.64,18.16
2014-05-13,0.0,25.33,10.6,16.85
2014-05-14,0.0,26.12,12.1,16.75
2014-05-15,0.0,26.41,10.47,16.9
2014-05-16,0.15,27.39,13.76,16.08
2014-05-17,0.34,25.85,14.04,10.69
2014-05-18,3.52,21.57,14.4,10.42
2014-05-19,0.08,24.78,13.06,16.68
2014-05-20,0.02,26.23,11.89,16.15
2014-05-21,0.01,26.99,11.34,15.81
2014-05-22,0.68,27.93,14.41,12.51
2014-05-23,18.45,22.58,16.4,8.44
2014-05-24,6.43,19.77,13.0,6.81
2014-05-25,5.95,20.31,12.7,7.1
2014-05-26,4.47,24.09,11.57,6.75
2014-05-27,0.66,20.26,9.59,16.04
2014-05-28,1.08,19.82,12.22,12.1
2014-05-29,0.1,21.07,12.25,15.19
2014-05-30,0.05,22.63,10.95,16.78
2014-05-31,0.01,23.45,9.67,15.42
2014-06-01,2.66,22.03,12.51,5.27
2014-06-02,2.95,21.42,11.07,12.43
2014-06-03,0.04,21.56,8.28,17.09
2014-06-04,0.06,23.68,6.45,17.32
2014-06-05,0.0,26.84,9.12,13.62
2014-06-06,1.69,26.27,14.92,8.04
2014-06-07,0.55,28.1,13.5,13.98
2014-06-08,0.0,27.52,14.14,15.17
2014-06-09,0.3,27.21,14.12,13.65
2014-06-10,1.18,22.25,14.51,11.36
2014-06-11,0.26,24.32,12.71,15.04
2014-06-12,0.25,25.82,11.38,15.01
2014-06-13,0.08,26.36,12.21,15.29
2014-06-14,0.01,25.88,12.81,13.43
2014-06-15,0.11,24.34,13.78,13.78
2014-06-16,0.09,26.2,13.59,14.94
2014-06-17,0.0,26.74,13.92,15.44
2014-06-18,3.7,25.63,11.46,14.98
2014-06-19,5.89,17.69,11.17,13.58
2014-06-20,0.11,21.6,10.38,12.64
2014-06-21,0.08,23.29,10.84,11.72
2014-06-22,0.03,23.83,11.71,14.54
2014-06-23,0.03,24.42,11.07,11.04
2014-06-24,0.01,26.05,11.16,15.76
2014-06-25,0.04,26.18,10.78,14.9
2014-06-26,0.04,26.9,12.27,14.64
2014-06-27,0.04,27.49,12.99,16.08
2014-06-28,0.0,27.91,12.59,14.73
2014-06-29,0.0,24.07,13.54,12.43
2014-06-30,0.0,22.71,9.96,12.8
2014-07-01,0.0,22.69,7.2,17.0
2014-07-02,0.02,26.51,11.11,16.23
2014-07-03,0.01,28.36,12.3,15.35
2014-07-04,0.0,28.84,13.24,14.8
2014-07-05,0.0,27.62,12.77,15.09
2014-07-06,0.03,25.64,12.16,15.48
2014-07-07,0.33,23.54,12.94,8.6
2014-07-08,4.86,20.96,13.78,4.0
2014-07-09,6.21,22.44,12.58,9.64
2014-07-10,6.87,20.83,12.24,6.98
2014-07-11,0.49,20.76,11.12,13.49
2014-07-12,0.02,22.15,10.82,15.83
2014-07-13,0.02,23.06,10.57,16.48
2014-07-14,0.04,23.48,9.52,16.53
2014-07-15,0.08,23.7,9.36,16.83
2014-07-16,0.01,24.49,8.81,15.84
2014-07-17,0.02,25.76,10.83,16.17
2014-07-18,0.06,24.02,12.88,9.71
2014-07-19,0.01,20.29,8.57,15.8
2014-07-20,0.03,23.14,7.92,18.1
2014-07-21,0.03,25.1,8.37,17.74
2014-07-22,0.01,26.33,9.32,17.35
2014-07-23,0.02,25.97,9.61,17.57
2014-07-24,3.28,26.11,13.34,8.98
2014-07-25,9.3,16.57,10.33,4.14
2014-07-26,0.5,18.54,9.58,5.49
2014-07-27,1.26,17.26,11.58,6.89
2014-07-28,0.32,19.14,11.9,13.65
2014-07-29,0.02,22.48,10.9,15.41
2014-07-30,0.01,24.57,9.46,17.47
2014-07-31,0.03,25.04,8.99,17.7
2014-08-01,0.0,26.58,9.78,18.76
2014-08-02,0.02,27.18,11.25,18.7
2014-08-03,0.0,28.58,12.56,18.71
2014-08-04,0.0,28.82,11.76,18.96
2014-08-05,0.68,20.57,8.62,17.23
2014-08-06,0.0,26.29,5.9,19.92
2014-08-07,0.0,27.59,7.2,20.25
2014-08-08,5.89,23.39,9.27,19.18
2014-08-09,0.0,24.39,12.4,17.7
2014-08-10,0.0,25.25,12.57,16.48
2014-08-11,0.0,27.48,11.56,20.04
2014-08-12,0.05,29.54,11.04,18.27
2014-08-13,4.86,19.92,9.7,9.51
2014-08-14,1.47,15.72,8.88,6.34
2014-08-15,0.16,23.31,10.22,13.92
2014-08-16,7.79,23.81,11.56,16.45
2014-08-17,4.33,24.12,12.85,13.51
2014-08-18,0.58,25.49,12.45,18.25
2014-08-19,0.0,25.52,11.92,20.69
2014-08-20,0.0,27.38,11.35,21.45
2014-08-21,0.0,29.11,11.53,21.27
2014-08-22,0.0,29.65,11.86,21.81
2014-08-23,0.0,30.35,12.27,21.91
2014-08-24,0.0,29.96,12.44,20.74
2014-08-25,0.0,30.33,12.04,22.13
2014-08-26,0.92,29.02,13.45,18.11
2014-08-27,0.27,26.89,11.97,16.38
2014-08-28,0.06,25.24,11.46,15.35
2014-08-29,0.03,25.9,10.52,16.26
2014-08-30,0.02,28.77,10.11,22.0
2014-08-31,3.2,30.37,11.52,20.81
2014-09-01,2.32,24.7,15.09,10.44
2014-09-02,1.31,31.18,13.95,22.01
2014-09-03,8.71,26.03,14.2,14.68
2014-09-04,0.46,21.61,12.38,21.04
2014-09-05,0.03,24.98,11.35,23.62
2014-09-06,0.0,28.39,9.23,23.54
2014-09-07,0.0,30.29,10.88,22.72
2014-09-08,0.0,30.18,14.16,19.09
2014-09-09,0.0,31.32,12.97,22.06
2014-09-10,0.0,31.65,13.47,24.58
2014-09-11,0.0,33.08,15.14,22.97
2014-09-12,0.0,30.64,14.05,23.63
2014-09-13,0.0,31.45,12.05,24.75
2014-09-14,0.0,32.43,13.02,24.99
2014-09-15,0.16,32.93,15.39,21.4
2014-09-16,0.12,30.0,15.07,20.1
2014-09-17,0.01,30.9,13.58,23.35
2014-09-18,0.29,32.62,13.3,22.02
2014-09-19,5.0,31.32,15.44,12.52
2014-09-20,3.62,30.24,17.85,6.73
2014-09-21,7.08,26.68,13.57,11.16
2014-09-22,0.31,24.52,11.34,26.59
2014-09-23,0.03,31.63,8.85,26.25
2014-09-24,0.42,33.18,14.02,24.14
2014-09-25,1.28,28.62,15.24,11.15
2014-09-26,17.3,25.87,17.9,10.6
2014-09-27,1.24,26.04,16.77,10.59
2014-09-28,1.45,27.12,16.24,17.9
2014-09-29,1.03,31.05,17.34,19.4
2014-09-30,1.88,31.63,18.96,19.54
2014-10-01,0.85,30.36,16.63,15.77
2014-10-02,0.75,23.52,11.86,22.72
2014-10-03,0.13,22.65,10.99,26.11
2014-10-04,0.0,22.4,9.42,27.01
2014-10-05,0.0,22.87,8.78,25.79
2014-10-06,0.0,28.01,8.93,26.99
2014-10-07,0.0,28.25,10.47,18.84
2014-10-08,0.0,29.99,11.51,27.37
2014-10-09,0.0,32.29,12.81,28.01
2014-10-10,0.02,34.1,14.82,27.51
2014-10-11,0.0,34.9,15.45,27.03
2014-10-12,0.0,36.17,15.57,26.55
2014-10-13,0.0,37.09,17.64,26.42
2014-10-14,0.01,36.5,18.29,22.71
2014-10-15,0.02,34.87,17.23,24.25
2014-10-16,0.0,37.07,16.09,23.1
2014-10-17,0.72,36.89,18.54,22.83
2014-10-18,0.69,37.49,17.1,21.62
2014-10-19,6.61,34.5,18.98,24.71
2014-10-20,0.77,31.69,16.44,11.2
2014-10-21,0.2,25.53,14.23,14.55
2014-10-22,0.06,27.68,13.66,23.68
2014-10-23,0.04,30.17,13.66,25.37
2014-10-24,1.45,32.8,14.72,23.01
2014-10-25,1.38,24.28,17.39,12.6
2014-10-26,12.13,28.52,16.33,18.66
2014-10-27,0.31,29.39,13.34,26.87
2014-10-28,0.01,29.59,10.03,30.75
2014-10-29,0.0,32.7,12.85,28.82
2014-10-30,0.16,32.95,16.34,24.53
2014-10-31,6.97,30.41,18.59,21.99
2014-11-01,11.36,27.71,19.62,19.91
2014-11-02,1.71,29.43,18.59,23.67
2014-11-03,6.86,30.85,16.94,21.21
2014-11-04,11.79,27.41,19.08,11.98
2014-11-05,7.77,27.05,17.2,13.02
2014-11-06,4.05,30.48,16.76,23.68
2014-11-07,15.91,30.45,17.06,21.82
2014-11-08,0.27,27.83,17.54,15.62
2014-11-09,0.51,28.69,16.1,21.78
2014-11-10,0.04,30.3,14.66,29.64
2014-11-11,0.02,31.5,13.4,29.14
2014-11-12,1.88,30.11,15.01,13.95
2014-11-13,12.29,30.26,17.27,20.06
2014-11-14,4.37,25.92,13.98,20.12
2014-11-15,0.34,24.4,13.07,23.12
2014-11-16,0.02,27.79,12.21,29.61
2014-11-17,0.01,28.65,10.97,28.54
2014-11-18,0.0,29.48,12.17,29.31
2014-11-19,0.0,31.28,12.66,27.1
2014-11-20,0.04,30.58,17.4,23.8
2014-11-21,2.85,31.13,16.62,24.23
2014-11-22,6.49,25.46,19.02,15.72
2014-11-23,4.86,28.33,18.15,13.78
2014-11-24,5.15,30.07,17.43,18.81
2014-11-25,14.21,27.49,19.11,16.91
2014-11-26,26.86,24.7,18.58,12.06
2014-11-27,2.94,25.94,17.79,19.16
2014-11-28,0.3,27.99,16.96,20.46
2014-11-29,0.12,28.79,16.2,16.74
2014-11-30,3.39,29.33,16.25,13.16
2014-12-01,2.48,31.02,16.69,21.13
2014-12-02,0.07,30.17,15.89,21.2
2014-12-03,0.12,30.34,17.1,23.43
2014-12-04,2.02,29.49,16.39,19.01
2014-12-05,0.9,27.77,15.94,22.38
2014-12-06,0.87,29.4,15.66,26.26
2014-12-07,0.11,32.05,16.63,27.01
2014-12-08,0.07,28.03,18.19,22.63
2014-12-09,2.04,26.86,18.51,15.4
2014-12-10,8.4,29.12,18.08,14.67
2014-12-11,10.11,25.39,17.65,14.38
2014-12-12,14.63,26.83,16.55,17.5
2014-12-13,6.79,23.13,17.42,9.95
2014-12-14,4.85,28.19,16.15,24.08
2014-12-15,0.79,27.87,14.51,30.14
2014-12-16,0.02,29.64,13.87,28.11
2014-12-17,0.02,31.11,14.05,27.27
2014-12-18,1.04,32.3,16.69,24.61
2014-12-19,17.25,28.24,19.22,22.41
2014-12-20,4.6,27.55,19.57,18.49
2014-12-21,3.99,30.06,19.74,19.69
2014-12-22,16.34,28.74,20.31,16.4
2014-12-23,27.13,22.87,16.87,11.23
2014-12-24,1.33,26.3,16.62,17.48
2014-12-25,3.41,29.28,17.4,24.87
2014-12-26,0.18,30.48,18.6,29.74
2014-12-27,0.0,33.15,18.39,29.48
2014-12-28,1.21,31.32,19.98,28.66
2014-12-29,23.35,27.23,18.49,23.43
2014-12-30,1.52,29.03,17.88,19.57
2014-12-31,0.1,28.35,19.4,19.78
2015-01-01,2.31,28.54,19.33,25.61
2015-01-02,3.73,27.36,20.2,25.77
2015-01-03,4.8,28.34,19.67,25.94
2015-01-04,1.45,26.14,19.6,17.4
2015-01-05,8.9,25.04,19.05,16.32
2015-01-06,7.76,27.13,17.73,18.84
2015-01-07,8.76,30.48,18.19,25.23
2015-01-08,2.62,30.25,18.49,26.87
2015-01-09,0.08,32.16,19.45,29.56
2015-01-10,2.72,32.07,20.7,28.43
2015-01-11,5.05,33.77,19.54,29.45
2015-01-12,3.5,32.86,19.72,26.74
2015-01-13,1.04,32.63,20.29,28.52
2015-01-14,1.92,30.51,20.45,21.2
2015-01-15,0.72,30.54,20.28,26.83
2015-01-16,0.08,32.27,19.35,29.05
2015-01-17,0.0,34.96,17.62,29.57
2015-01-18,0.19,35.18,18.45,29.19
2015-01-19,0.17,36.39,17.48,30.31
2015-01-20,2.7,35.33,17.69,28.19
2015-01-21,3.37,31.93,19.95,19.81
2015-01-22,14.47,23.29,19.2,17.02
2015-01-23,2.66,24.5,17.77,17.64
2015-01-24,3.94,28.26,17.15,23.44
2015-01-25,14.63,23.84,17.25,25.87
2015-01-26,11.45,25.34,18.01,19.34
2015-01-27,7.08,26.69,17.57,18.7
2015-01-28,2.03,27.33,17.99,21.0
2015-01-29,0.22,27.61,18.88,19.32
2015-01-30,2.18,25.68,18.8,23.03
2015-01-31,5.41,27.48,18.86,22.06
2015-02-01,6.83,29.79,18.11,25.53
2015-02-02,8.87,25.81,18.09,18.55
2015-02-03,3.07,28.8,17.01,26.96
2015-02-04,3.9,23.32,17.81,11.0
2015-02-05,20.07,22.66,17.3,6.7
2015-02-06,21.74,25.63,17.29,19.2
2015-02-07,3.07,25.74,16.49,20.01
2015-02-08,2.39,27.86,16.45,25.18
2015-02-09,0.87,28.45,17.11,20.46
2015-02-10,5.29,28.06,19.28,14.01
2015-02-11,2.16,29.36,18.87,21.29
2015-02-12,0.91,28.94,20.36,25.4
2015-02-13,0.22,26.85,19.64,19.96
2015-02-14,0.18,28.52,19.42,24.87
2015-02-15,1.62,27.78,18.6,19.81
2015-02-16,0.87,26.04,18.12,14.27
2015-02-17,19.93,26.2,17.95,13.85
2015-02-18,11.31,23.68,18.58,9.67
2015-02-19,3.68,25.67,18.06,11.36
2015-02-20,0.42,25.82,19.09,17.41
2015-02-21,0.0,29.83,17.94,26.29
2015-02-22,0.0,30.05,17.41,24.94
2015-02-23,3.05,29.91,17.59,26.75
2015-02-24,8.18,26.83,18.06,24.38
2015-02-25,13.05,24.15,18.46,20.43
2015-02-26,4.27,27.38,17.6,25.04
2015-02-27,4.21,27.63,17.23,21.3
2015-02-28,8.33,25.66,17.67,22.26
2015-03-01,1.1,26.94,16.54,25.78
2015-03-02,0.03,28.35,15.02,26.31
2015-03-03,0.06,27.32,15.83,23.45
2015-03-04,0.77,28.57,17.11,23.58
2015-03-05,0.38,29.83,18.11,23.85
2015-03-06,3.19,26.89,17.75,19.94
2015-03-07,27.53,24.22,17.92,14.92
2015-03-08,5.9,23.82,18.32,11.21
2015-03-09,13.91,22.64,18.03,9.9
2015-03-10,5.3,27.01,17.06,13.94
2015-03-11,3.52,27.37,18.06,22.21
2015-03-12,4.14,25.22,18.91,10.79
2015-03-13,8.28,25.88,17.68,14.94
2015-03-14,4.36,26.44,16.67,11.2
2015-03-15,6.76,27.02,17.59,10.29
2015-03-16,11.98,27.65,17.88,14.26
2015-03-17,3.71,23.98,16.63,8.93
2015-03-18,4.27,23.83,17.34,10.16
2015-03-19,3.23,23.23,16.94,9.01
2015-03-20,8.87,22.34,16.57,12.22
2015-03-21,5.2,25.03,14.64,13.57
2015-03-22,13.39,24.07,16.47,13.25
2015-03-23,3.87,24.36,15.97,19.53
2015-03-24,0.13,26.28,15.85,22.74
2015-03-25,0.02,26.84,15.33,23.26
2015-03-26,0.01,27.63,14.9,22.18
2015-03-27,0.36,27.17,17.9,21.3
2015-03-28,1.28,27.28,16.41,19.04
2015-03-29,12.18,27.23,17.59,15.23
2015-03-30,7.24,27.0,18.06,10.28
2015-03-31,0.65,26.13,18.77,14.56
2015-04-01,0.08,26.84,17.29,21.85
2015-04-02,0.02,25.35,15.29,22.35
2015-04-03,0.05,26.51,14.09,21.69
2015-04-04,0.87,27.56,15.34,20.0
2015-04-05,6.68,26.48,17.89,10.75
2015-04-06,4.57,25.99,15.95,16.72
2015-04-07,1.51,21.34,12.82,16.45
2015-04-08,0.02,23.67,12.19,20.14
2015-04-09,0.0,25.02,13.85,20.17
2015-04-10,0.0,25.35,14.49,18.89
2015-04-11,0.01,25.81,14.44,19.94
2015-04-12,0.02,26.63,14.17,20.5
2015-04-13,0.04,25.76,15.37,19.16
2015-04-14,0.58,25.58,16.0,17.49
2015-04-15,11.4,26.37,15.65,13.65
2015-04-16,8.32,26.24,16.9,17.67
2015-04-17,0.79,26.0,15.43,19.57
2015-04-18,0.15,27.45,16.7,17.78
2015-04-19,9.6,26.58,18.64,14.34
2015-04-20,0.58,27.87,17.97,18.3
2015-04-21,1.71,25.07,18.13,15.51
2015-04-22,7.03,25.32,17.53,11.12
2015-04-23,1.64,25.77,17.33,14.59
2015-04-24,0.48,26.65,15.77,16.3
2015-04-25,0.74,22.26,14.12,18.8
2015-04-26,0.39,23.54,14.08,20.2
2015-04-27,0.03,25.29,13.19,20.33
2015-04-28,0.24,24.71,13.26,16.79
2015-04-29,0.99,22.39,14.96,16.43
2015-04-30,1.32,21.92,13.52,17.54
2015-05-01,0.15,23.06,12.19,16.31
2015-05-02,0.0,24.86,12.14,16.15
2015-05-03,0.9,25.73,14.68,13.98
2015-05-04,3.19,24.3,15.31,5.58
2015-05-05,1.86,24.07,15.08,15.1
2015-05-06,0.19,24.52,13.57,11.29
2015-05-07,0.21,21.81,12.41,16.85
2015-05-08,0.23,20.59,12.29,16.64
2015-05-09,0.0,24.8,10.79,17.68
2015-05-10,10.27,23.81,12.38,13.0
2015-05-11,7.7,21.51,14.01,5.9
2015-05-12,0.39,21.32,11.01,13.97
2015-05-13,0.52,21.64,13.2,13.85
2015-05-14,0.01,21.95,13.4,15.06
2015-05-15,0.0,21.71,11.5,12.99
2015-05-16,0.01,23.2,9.5,17.24
2015-05-17,0.0,23.36,12.55,13.34
2015-05-18,0.5,21.74,14.52,8.45
2015-05-19,1.67,20.95,14.21,9.0
2015-05-20,0.54,22.61,13.99,11.65
2015-05-21,0.14,24.29,13.77,13.78
2015-05-22,0.01,25.43,12.8,15.5
2015-05-23,0.0,24.64,13.57,10.0
2015-05-24,0.01,25.93,13.84,15.95
2015-05-25,0.05,26.77,14.7,16.46
2015-05-26,0.69,26.73,15.51,14.79
2015-05-27,0.49,26.72,15.6,14.39
2015-05-28,4.31,20.78,14.09,4.56
2015-05-29,3.35,21.12,12.67,9.09
2015-05-30,2.63,21.56,10.02,13.87
2015-05-31,8.51,21.95,11.8,2.61
2015-06-01,0.56,22.17,13.78,9.35
2015-06-02,0.05,20.94,13.11,7.06
2015-06-03,0.0,23.57,12.27,12.09
2015-06-04,0.02,25.7,12.91,15.51
2015-06-05,0.02,25.04,11.71,16.53
2015-06-06,0.03,25.05,11.79,14.99
2015-06-07,0.02,25.31,13.02,15.19
2015-06-08,0.0,25.6,12.25,16.27
2015-06-09,0.01,25.07,11.65,16.44
2015-06-10,0.01,24.29,10.96,15.07
2015-06-11,0.0,25.58,11.7,16.3
2015-06-12,0.02,22.99,13.97,11.33
2015-06-13,0.0,26.32,13.62,16.02
2015-06-14,0.0,25.79,13.7,14.43
2015-06-15,4.85,19.53,12.51,5.3
2015-06-16,0.26,22.58,10.95,13.4
2015-06-17,0.03,25.38,13.04,10.49
2015-06-18,2.15,26.57,14.59,13.82
2015-06-19,5.58,16.37,12.01,9.08
2015-06-20,0.53,20.82,11.25,15.51
2015-06-21,0.0,23.98,9.61,15.14
2015-06-22,0.01,24.67,11.13,13.18
2015-06-23,1.08,23.64,11.38,12.73
2015-06-24,3.51,16.51,11.56,7.65
2015-06-25,0.35,19.54,10.97,14.62
2015-06-26,0.01,21.13,9.82,15.55
2015-06-27,0.01,21.37,8.41,16.51
2015-06-28,0.01,21.12,6.9,16.39
2015-06-29,0.01,22.93,9.63,15.45
2015-06-30,0.15,23.66,11.82,12.22
2015-07-01,0.35,23.8,13.31,5.74
2015-07-02,3.23,22.52,13.56,8.11
2015-07-03,3.18,23.78,13.06,4.31
2015-07-04,3.16,21.99,10.95,5.9
2015-07-05,1.47,16.03,9.49,5.51
2015-07-06,0.29,22.23,10.75,11.36
2015-07-07,1.31,20.34,13.83,5.96
2015-07-08,1.35,20.52,14.91,3.94
2015-07-09,0.14,19.98,12.43,8.76
2015-07-10,0.26,25.15,11.1,15.25
2015-07-11,1.27,25.16,13.19,12.29
2015-07-12,0.04,27.37,12.26,16.01
2015-07-13,0.0,27.67,14.18,16.07
2015-07-14,0.0,29.05,14.05,16.09
2015-07-15,0.0,28.33,13.68,13.31
2015-07-16,0.0,26.39,13.84,12.77
2015-07-17,0.0,22.48,11.23,9.42
2015-07-18,0.0,25.82,12.21,15.66
2015-07-19,0.0,25.86,11.3,17.36
2015-07-20,0.01,25.58,11.78,14.73
2015-07-21,0.31,24.25,12.31,10.86
2015-07-22,0.16,20.14,11.44,12.52
2015-07-23,0.32,24.3,12.88,10.53
2015-07-24,5.43,25.72,12.93,15.77
2015-07-25,7.11,24.0,12.72,5.38
2015-07-26,0.21,23.87,11.69,13.92
2015-07-27,0.02,24.06,10.24,17.62
2015-07-28,0.02,24.86,10.77,18.45
2015-07-29,0.02,25.41,9.46,18.63
2015-07-30,0.03,27.7,9.75,18.65
2015-07-31,0.02,27.32,10.88,18.54
2015-08-01,0.0,27.13,12.15,18.24
2015-08-02,0.0,26.98,11.2,18.88
2015-08-03,0.03,27.87,11.86,18.87
2015-08-04,0.04,27.8,13.9,19.1
2015-08-05,0.0,27.67,10.93,17.28
2015-08-06,0.0,27.69,11.25,17.98
2015-08-07,0.03,28.98,12.34,19.22
2015-08-08,0.0,28.52,12.27,18.93
2015-08-09,0.02,28.06,12.5,17.6
2015-08-10,0.05,28.52,12.77,19.25
2015-08-11,0.01,29.49,11.72,19.75
2015-08-12,0.04,28.39,10.21,20.27
2015-08-13,0.01,29.17,10.79,18.86
2015-08-14,0.03,28.42,11.22,20.03
2015-08-15,0.02,27.62,12.71,17.57
2015-08-16,0.02,28.78,12.63,18.06
2015-08-17,0.0,28.64,11.64,19.45
2015-08-18,0.0,24.89,13.96,13.95
2015-08-19,0.28,29.18,13.68,15.03
2015-08-20,0.39,22.91,11.65,19.95
2015-08-21,0.09,26.91,12.19,19.18
2015-08-22,0.06,28.79,12.41,20.43
2015-08-23,0.04,29.78,13.05,21.71
2015-08-24,1.98,21.96,13.58,14.52
2015-08-25,10.6,23.77,12.92,6.56
2015-08-26,1.43,27.82,12.72,19.52
2015-08-27,6.88,25.21,14.68,3.69
2015-08-28,0.49,25.32,12.43,15.35
2015-08-29,0.06,29.14,10.91,21.83
2015-08-30,0.04,32.59,12.27,21.84
2015-08-31,0.03,32.76,13.66,22.84
2015-09-01,0.02,31.24,15.51,22.82
2015-09-02,0.1,27.83,13.16,21.72
2015-09-03,0.11,29.42,12.29,21.11
2015-09-04,1.4,28.94,13.22,16.27
2015-09-05,1.24,22.78,13.3,14.07
2015-09-06,1.25,26.05,12.37,10.25
2015-09-07,12.09,28.62,16.28,8.29
2015-09-08,9.8,26.84,16.67,5.36
2015-09-09,28.07,23.65,16.03,9.81
2015-09-10,10.16,26.33,12.38,8.12
2015-09-11,26.8,25.15,15.85,7.0
2015-09-12,2.69,21.61,12.13,7.07
2015-09-13,2.47,22.16,11.13,14.75
2015-09-14,0.2,25.41,11.07,19.99
2015-09-15,0.08,29.55,13.29,19.97
2015-09-16,0.0,31.69,16.77,23.43
2015-09-17,0.1,32.87,17.24,23.54
2015-09-18,0.07,34.02,17.05,24.14
2015-09-19,0.0,34.55,18.79,24.04
2015-09-20,0.04,33.8,16.92,25.25
2015-09-21,0.0,33.59,14.46,25.82
2015-09-22,0.01,33.32,14.07,23.79
2015-09-23,0.0,33.72,16.42,23.25
2015-09-24,0.0,34.96,17.83,25.97
2015-09-25,10.04,34.3,18.19,18.19
2015-09-26,5.91,27.65,18.17,7.29
2015-09-27,5.89,31.03,16.93,19.67
2015-09-28,7.97,26.25,17.87,9.68
2015-09-29,3.18,24.57,17.2,15.89
2015-09-30,3.2,29.23,16.05,14.91
2015-10-01,0.63,29.66,17.27,15.63
2015-10-02,5.46,31.34,17.29,22.91
2015-10-03,1.54,27.57,18.23,14.27
2015-10-04,0.29,24.15,15.3,11.85
2015-10-05,0.06,26.16,13.66,25.26
2015-10-06,0.04,30.87,12.4,25.99
2015-10-07,0.07,32.72,13.88,26.09
2015-10-08,0.01,34.49,16.8,26.82
2015-10-09,0.15,33.8,17.71,25.06
2015-10-10,0.79,28.46,18.54,13.66
2015-10-11,0.04,31.72,18.09,20.66
2015-10-12,0.51,32.14,17.79,24.24
2015-10-13,7.01,29.14,16.66,20.59
2015-10-14,0.68,34.78,16.85,25.86
2015-10-15,0.0,36.47,18.86,27.33
2015-10-16,0.02,36.42,19.52,25.17
2015-10-17,0.05,34.97,16.12,25.19
2015-10-18,0.66,27.71,14.53,23.22
2015-10-19,0.37,32.2,13.59,24.87
2015-10-20,0.71,37.02,16.03,25.02
2015-10-21,1.13,36.1,20.15,12.95
2015-10-22,23.22,29.02,19.79,14.24
2015-10-23,1.43,27.69,16.99,17.34
2015-10-24,0.39,29.02,15.87,25.24
2015-10-25,3.72,30.7,14.84,24.69
2015-10-26,5.17,29.46,15.43,18.78
2015-10-27,8.74,29.79,18.61,16.49
2015-10-28,1.82,27.74,17.8,11.29
2015-10-29,0.66,28.67,16.52,26.44
2015-10-30,0.01,31.75,15.42,27.78
2015-10-31,10.11,31.18,17.13,18.68
2015-11-01,18.08,27.13,16.78,10.54
2015-11-02,14.88,28.01,17.73,16.83
2015-11-03,2.59,27.17,19.15,11.66
2015-11-04,14.39,25.45,19.3,18.1
2015-11-05,4.55,26.6,18.17,16.67
2015-11-06,3.02,26.96,16.87,18.56
2015-11-07,1.4,28.1,15.95,13.95
2015-11-08,1.33,27.85,16.62,14.05
2015-11-09,4.47,27.92,17.79,19.2
2015-11-10,0.6,31.57,18.78,26.06
2015-11-11,8.48,30.74,18.84,24.21
2015-11-12,0.21,30.67,19.51,20.43
2015-11-13,9.16,31.49,18.74,23.81
2015-11-14,3.68,30.66,18.9,23.68
2015-11-15,3.75,28.62,18.86,16.16
2015-11-16,4.48,25.85,17.94,21.79
2015-11-17,17.46,28.47,17.64,20.4
2015-11-18,2.21,29.62,19.51,25.3
2015-11-19,16.56,29.33,19.96,19.17
2015-11-20,10.43,25.64,19.79,13.11
2015-11-21,2.42,26.16,15.99,17.15
2015-11-22,4.95,29.0,14.64,22.57
2015-11-23,4.14,26.98,17.85,9.42
2015-11-24,8.35,24.75,17.39,6.0
2015-11-25,1.15,28.25,18.09,9.6
2015-11-26,0.26,27.63,17.1,22.21
2015-11-27,0.03,30.32,16.02,26.32
2015-11-28,7.22,28.17,18.31,18.46
2015-11-29,12.42,27.82,19.38,13.53
2015-11-30,6.52,23.35,16.01,18.69
2015-12-01,0.68,27.99,15.57,15.72
2015-12-02,4.18,26.17,17.65,19.05
2015-12-03,2.87,25.39,17.77,18.29
2015-12-04,6.29,26.73,17.2,20.5
2015-12-05,7.78,24.96,18.58,20.72
2015-12-06,28.19,26.97,18.23,18.08
2015-12-07,13.91,25.8,17.76,15.01
2015-12-08,4.96,28.25,16.97,21.9
2015-12-09,3.95,27.74,17.59,16.91
2015-12-10,5.88,25.2,19.48,11.61
2015-12-11,1.74,27.6,18.99,22.97
2015-12-12,15.01,26.49,18.96,18.16
2015-12-13,10.23,26.24,19.33,19.94
2015-12-14,2.35,30.27,18.7,23.79
2015-12-15,2.82,28.83,19.92,21.14
2015-12-16,4.65,23.53,18.32,17.46
2015-12-17,4.48,29.36,17.61,26.73
2015-12-18,4.78,30.08,18.84,25.87
2015-12-19,3.86,27.43,19.91,22.21
2015-12-20,14.4,25.24,18.91,19.37
2015-12-21,7.9,28.1,18.53,21.65
2015-12-22,19.61,29.49,18.44,22.41
2015-12-23,11.55,29.71,19.5,25.75
2015-12-24,0.32,29.46,20.2,21.6
2015-12-25,3.03,29.12,19.68,16.1
2015-12-26,5.96,27.0,19.7,21.96
2015-12-27,2.68,26.39,19.63,14.83
2015-12-28,8.61,25.58,19.72,12.29
2015-12-29,14.89,25.27,19.05,9.75
2015-12-30,2.18,25.69,18.73,9.39
2015-12-31,2.83,27.23,19.08,19.8
2016-01-01,5.82,25.96,20.47,22.27
2016-01-02,16.64,26.78,19.11,17.39
2016-01-03,12.8,26.27,17.58,15.82
2016-01-04,0.62,28.43,16.57,19.99
2016-01-05,0.19,28.82,15.82,26.9
2016-01-06,0.2,30.19,17.0,28.83
2016-01-07,0.08,30.05,17.01,28.6
2016-01-08,1.3,30.56,18.94,23.68
2016-01-09,10.08,28.3,20.73,14.89
2016-01-10,10.43,25.15,20.18,16.45
2016-01-11,14.42,24.89,20.5,9.19
2016-01-12,16.71,25.38,20.42,7.04
2016-01-13,14.85,28.56,20.29,15.82
2016-01-14,37.21,24.48,20.46,13.72
2016-01-15,27.01,25.71,18.97,10.01
2016-01-16,3.31,24.35,16.31,19.84
2016-01-17,0.33,25.22,14.97,18.19
2016-01-18,0.48,25.22,15.33,17.43
2016-01-19,1.66,24.88,16.27,15.98
2016-01-20,1.27,26.54,17.63,23.64
2016-01-21,0.21,24.44,16.08,28.89
2016-01-22,0.18,25.85,14.93,29.03
2016-01-23,1.87,27.04,15.61,26.06
2016-01-24,4.83,23.25,16.53,20.73
2016-01-25,9.29,28.27,18.38,26.42
2016-01-26,1.5,30.25,18.59,27.49
2016-01-27,16.79,28.29,20.07,19.4
2016-01-28,10.42,25.52,18.67,16.7
2016-01-29,4.57,25.38,18.21,12.0
2016-01-30,0.07,29.16,18.99,25.82
2016-01-31,0.02,30.1,18.39,29.89
2016-02-01,0.07,30.66,18.71,29.73
2016-02-02,0.56,29.17,19.51,28.43
2016-02-03,2.29,30.79,18.07,25.6
2016-02-04,0.58,29.38,19.22,20.65
2016-02-05,3.98,30.17,20.66,23.55
2016-02-06,7.46,27.81,19.13,16.72
2016-02-07,7.84,26.15,19.11,21.78
2016-02-08,11.02,29.11,18.87,22.72
2016-02-09,6.67,30.4,19.03,27.09
2016-02-10,1.07,30.38,18.66,25.98
2016-02-11,14.25,26.85,18.08,17.5
2016-02-12,0.49,27.75,17.06,23.91
2016-02-13,0.08,29.98,17.11,24.35
2016-02-14,0.04,31.52,19.14,22.39
2016-02-15,14.23,27.15,19.8,17.86
2016-02-16,14.38,24.92,19.74,16.23
2016-02-17,6.99,27.43,19.22,21.29
2016-02-18,4.67,28.48,19.06,23.79
2016-02-19,4.05,30.01,18.85,20.76
2016-02-20,5.76,29.29,18.86,23.52
2016-02-21,13.51,25.3,19.64,12.91
2016-02-22,19.44,24.75,18.96,10.5
2016-02-23,4.95,25.99,18.75,12.25
2016-02-24,6.55,27.3,18.14,14.8
2016-02-25,5.93,27.92,17.92,20.38
2016-02-26,8.17,28.27,18.58,22.53
2016-02-27,5.28,25.38,20.12,12.66
2016-02-28,5.51,25.36,19.42,14.64
2016-02-29,9.98,21.08,16.9,12.93
2016-03-01,13.95,21.96,16.54,8.78
2016-03-02,18.66,24.43,16.91,11.3
2016-03-03,9.14,23.92,17.85,9.51
2016-03-04,6.13,26.41,19.1,16.28
2016-03-05,0.52,27.24,18.21,19.8
2016-03-06,3.1,28.35,18.77,18.21
2016-03-07,5.95,28.2,18.71,19.88
2016-03-08,2.73,30.0,17.68,22.09
2016-03-09,2.01,27.17,19.55,22.05
2016-03-10,19.89,24.5,19.04,9.71
2016-03-11,22.08,26.66,19.87,14.02
2016-03-12,1.33,27.65,17.51,17.26
2016-03-13,1.08,25.7,16.56,18.41
2016-03-14,5.34,27.48,16.78,22.92
2016-03-15,6.11,27.28,16.9,18.84
2016-03-16,4.86,24.07,18.18,16.34
2016-03-17,4.17,27.37,16.98,20.57
2016-03-18,2.11,27.82,16.24,23.09
2016-03-19,0.17,27.97,16.09,25.8
2016-03-20,0.15,28.34,16.34,21.82
2016-03-21,0.31,28.57,17.54,23.82
2016-03-22,1.41,27.86,18.38,17.16
2016-03-23,5.4,25.88,18.77,19.3
2016-03-24,11.34,26.68,17.91,19.28
2016-03-25,14.07,26.29,18.46,14.26
2016-03-26,3.65,27.5,18.19,13.92
2016-03-27,0.22,28.83,18.47,20.68
2016-03-28,4.56,27.71,18.68,18.95
2016-03-29,8.45,27.29,19.28,19.88
2016-03-30,1.73,26.73,19.35,19.71
2016-03-31,0.08,26.19,18.34,20.4
2016-04-01,1.92,28.07,17.95,20.69
2016-04-02,0.5,28.52,17.1,21.9
2016-04-03,0.06,28.66,16.83,22.26
2016-04-04,0.03,27.76,16.91,22.33
2016-04-05,0.05,28.19,17.06,22.44
2016-04-06,0.09,27.96,15.49,22.01
2016-04-07,0.02,28.76,16.84,23.11
2016-04-08,0.08,27.86,16.4,22.09
2016-04-09,0.03,29.78,16.06,22.43
2016-04-10,0.07,29.1,16.25,21.0
2016-04-11,0.06,28.62,17.72,18.85
2016-04-12,0.06,28.69,17.72,19.93
2016-04-13,0.02,28.78,17.44,20.4
2016-04-14,0.07,28.24,16.06,17.15
2016-04-15,0.02,28.65,17.61,19.7
2016-04-16,0.0,28.97,15.69,20.73
2016-04-17,0.04,28.77,15.26,21.95
2016-04-18,0.09,29.1,16.57,20.4
2016-04-19,0.02,29.07,16.88,19.37
2016-04-20,0.01,28.39,18.01,19.99
2016-04-21,0.0,27.71,16.49,19.48
2016-04-22,0.0,28.46,17.24,19.46
2016-04-23,0.04,28.28,15.96,19.0
2016-04-24,0.02,28.76,16.66,19.89
2016-04-25,0.03,27.69,16.92,17.63
2016-04-26,0.3,25.74,17.18,11.19
2016-04-27,2.43,22.1,13.92,4.46
2016-04-28,0.29,21.9,12.02,15.17
2016-04-29,7.03,20.67,11.76,7.59
2016-04-30,0.7,21.16,11.58,17.31
2016-05-01,0.05,19.54,9.07,20.85
2016-05-02,0.01,22.38,9.43,20.95
2016-05-03,0.01,24.61,9.94,19.63
2016-05-04,0.05,23.76,11.97,17.95
2016-05-05,0.04,24.02,12.4,17.42
2016-05-06,0.07,24.85,12.27,15.93
2016-05-07,0.13,23.32,13.12,11.06
2016-05-08,0.1,25.11,14.47,14.12
2016-05-09,0.13,26.91,15.25,12.7
2016-05-10,0.18,25.56,15.91,9.6
2016-05-11,0.18,23.04,15.21,13.15
2016-05-12,0.03,22.86,14.28,12.08
2016-05-13,0.02,22.9,13.64,14.45
2016-05-14,0.07,22.79,12.73,14.56
2016-05-15,1.1,25.04,12.09,14.73
2016-05-16,3.23,25.93,16.26,13.27
2016-05-17,5.26,23.44,14.71,7.73
2016-05-18,11.65,21.66,13.1,6.19
2016-05-19,6.71,19.59,13.28,8.91
2016-05-20,18.04,25.32,12.47,13.46
2016-05-21,3.63,21.63,15.61,5.45
2016-05-22,0.93,25.43,15.07,15.76
2016-05-23,1.94,18.63,9.21,8.31
2016-05-24,0.07,18.32,8.2,17.63
2016-05-25,0.02,22.05,10.8,16.05
2016-05-26,0.01,22.48,11.65,13.8
2016-05-27,0.0,22.14,11.99,13.39
2016-05-28,0.0,23.68,12.46,15.43
2016-05-29,0.09,21.16,13.07,8.99
2016-05-30,10.76,22.38,12.64,6.6
2016-05-31,1.57,22.89,14.45,9.13
2016-06-01,12.49,23.21,15.26,12.06
2016-06-02,8.3,22.0,15.1,10.44
2016-06-03,7.74,20.95,12.8,6.03
2016-06-04,30.05,19.26,13.13,5.75
2016-06-05,35.32,21.09,15.72,6.1
2016-06-06,15.72,22.35,17.67,8.34
2016-06-07,18.3,19.26,11.95,4.53
2016-06-08,0.36,18.14,9.62,15.44
2016-06-09,0.04,17.15,6.97,15.03
2016-06-10,0.03,19.08,5.57,12.83
2016-06-11,0.04,16.12,5.43,16.05
2016-06-12,0.06,15.08,3.67,16.94
2016-06-13,0.04,15.18,1.38,17.09
2016-06-14,0.05,18.53,5.26,16.3
2016-06-15,0.09,20.93,6.81,15.95
2016-06-16,0.1,22.35,9.04,16.3
2016-06-17,0.0,22.6,9.17,16.16
2016-06-18,0.0,22.63,10.85,15.84
2016-06-19,0.02,22.37,10.6,15.93
2016-06-20,0.17,21.17,10.38,14.68
2016-06-21,0.14,18.85,10.69,12.01
2016-06-22,0.17,21.51,10.88,12.51
2016-06-23,0.1,21.29,11.66,13.33
2016-06-24,0.05,21.37,10.99,14.87
2016-06-25,0.07,21.74,10.48,15.46
2016-06-26,0.06,21.23,9.42,15.38
2016-06-27,0.01,20.86,7.87,16.41
2016-06-28,0.01,21.36,7.83,15.51
2016-06-29,0.04,22.19,9.48,13.66
2016-06-30,0.01,22.83,9.98,11.35
2016-07-01,0.14,22.96,12.22,13.31
2016-07-02,0.02,23.02,12.42,15.88
2016-07-03,0.08,24.11,11.31,15.47
2016-07-04,0.01,23.77,11.48,16.33
2016-07-05,0.06,23.42,10.62,14.39
2016-07-06,0.01,23.69,13.13,13.8
2016-07-07,0.0,20.46,7.83,16.31
2016-07-08,0.0,19.34,5.25,17.19
2016-07-09,0.0,23.02,6.17,17.05
2016-07-10,0.0,24.16,9.67,16.73
2016-07-11,0.0,25.7,12.1,16.92
2016-07-12,0.02,26.03,12.16,16.99
2016-07-13,0.03,25.66,12.75,15.95
2016-07-14,0.0,25.57,12.38,15.98
2016-07-15,0.0,25.52,11.62,16.57
2016-07-16,1.78,24.08,13.48,10.65
2016-07-17,0.19,18.89,7.69,17.94
2016-07-18,0.02,18.27,3.92,17.99
2016-07-19,0.0,21.11,6.23,11.3
2016-07-20,0.0,19.91,7.74,16.65
2016-07-21,0.0,18.5,9.18,13.55
2016-07-22,0.03,20.38,9.1,17.32
2016-07-23,0.06,23.62,8.92,14.92
2016-07-24,0.09,25.71,10.52,17.23
2016-07-25,0.0,25.58,11.46,17.99
2016-07-26,0.03,24.71,11.27,17.08
2016-07-27,0.02,25.87,10.56,16.74
2016-07-28,0.02,22.74,8.65,17.62
2016-07-29,0.0,22.33,10.43,14.28
2016-07-30,0.0,24.05,11.33,16.24
2016-07-31,0.01,24.45,10.95,17.15
2016-08-01,0.02,24.42,10.95,15.42
2016-08-02,0.01,23.27,12.61,17.88
2016-08-03,0.06,24.08,11.83,17.09
2016-08-04,0.06,24.97,12.11,16.2
2016-08-05,0.02,25.85,11.52,16.47
2016-08-06,0.0,26.64,12.79,18.54
2016-08-07,0.04,28.0,12.72,17.35
2016-08-08,0.01,27.91,13.1,17.32
2016-08-09,0.01,26.62,13.07,14.59
2016-08-10,0.08,18.82,9.73,7.45
2016-08-11,0.04,18.19,5.65,18.89
2016-08-12,0.05,21.59,9.14,21.05
2016-08-13,0.04,25.71,7.54,20.98
2016-08-14,0.02,28.31,8.23,20.32
2016-08-15,0.41,29.65,13.28,15.9
2016-08-16,1.59,25.41,14.89,11.15
2016-08-17,0.0,28.18,13.52,20.07
2016-08-18,1.92,27.95,13.78,17.86
2016-08-19,0.65,28.83,14.55,19.5
2016-08-20,8.21,25.72,16.24,4.85
2016-08-21,22.39,19.73,8.93,4.2
2016-08-22,1.74,16.9,8.35,17.02
2016-08-23,0.02,23.41,7.44,21.31
2016-08-24,0.03,25.88,10.23,19.67
2016-08-25,0.07,27.49,9.2,21.74
2016-08-26,0.05,27.64,9.64,22.63
2016-08-27,0.04,27.65,10.4,22.06
2016-08-28,0.03,28.8,11.66,21.52
2016-08-29,0.01,30.11,13.83,21.64
2016-08-30,0.75,28.8,15.14,17.57
2016-08-31,5.5,24.79,14.6,5.09
2016-09-01,0.38,25.85,12.33,18.07
2016-09-02,0.01,28.39,13.39,20.02
2016-09-03,0.01,26.6,15.53,15.31
2016-09-04,0.0,23.7,13.38,10.22
2016-09-05,2.5,27.27,14.96,16.14
2016-09-06,0.91,23.48,14.85,5.12
2016-09-07,0.22,25.97,13.78,12.01
2016-09-08,0.0,26.39,8.64,23.95
2016-09-09,0.02,27.32,11.19,22.91
2016-09-10,0.02,29.05,13.0,21.54
2016-09-11,0.01,29.97,14.41,21.92
2016-09-12,0.02,31.17,14.74,22.46
2016-09-13,0.0,31.45,17.32,20.07
2016-09-14,0.67,29.02,16.79,13.64
2016-09-15,0.0,28.39,12.45,20.15
2016-09-16,1.22,27.48,11.16,19.61
2016-09-17,0.76,31.08,13.95,20.06
2016-09-18,5.49,33.93,15.88,21.14
2016-09-19,4.6,31.21,17.24,20.74
2016-09-20,0.19,21.15,9.69,16.24
2016-09-21,0.07,22.13,8.54,25.3
2016-09-22,0.07,27.46,11.19,26.72
2016-09-23,0.01,30.93,10.53,25.55
2016-09-24,0.03,28.51,13.0,23.37
2016-09-25,0.33,23.3,11.57,12.9
2016-09-26,0.08,26.19,10.74,25.09
2016-09-27,0.02,27.68,9.99,26.43
2016-09-28,0.03,30.03,10.35,23.69
2016-09-29,0.02,29.5,13.39,27.24
2016-09-30,0.06,27.89,12.87,25.08
2016-10-01,0.03,27.01,12.53,17.84
2016-10-02,0.09,27.39,12.51,24.81
2016-10-03,19.22,25.23,13.42,7.56
2016-10-04,3.94,23.33,13.98,12.01
2016-10-05,0.22,25.51,12.89,21.57
2016-10-06,1.54,26.08,12.13,19.64
2016-10-07,0.64,24.3,9.47,21.52
2016-10-08,0.0,28.25,11.51,28.36
2016-10-09,0.18,29.3,11.69,27.24
2016-10-10,0.24,28.16,13.43,24.81
2016-10-11,5.73,29.41,13.04,20.54
2016-10-12,3.11,29.43,15.32,25.2
2016-10-13,13.12,28.06,17.95,19.87
2016-10-14,1.62,29.39,16.5,14.83
2016-10-15,4.52,30.12,17.37,17.46
2016-10-16,0.37,32.43,17.0,23.55
2016-10-17,4.47,34.61,18.58,26.31
2016-10-18,0.87,34.54,18.86,21.61
2016-10-19,2.29,35.95,19.48,25.83
2016-10-20,2.03,35.07,20.02,20.33
2016-10-21,4.99,27.7,16.95,18.5
2016-10-22,1.8,26.38,15.87,17.81
2016-10-23,2.22,29.77,15.15,20.28
2016-10-24,16.25,30.07,17.54,21.37
2016-10-25,5.96,24.2,18.21,7.09
2016-10-26,6.32,29.01,17.48,19.37
2016-10-27,6.26,27.26,17.58,15.47
2016-10-28,0.79,26.37,11.23,29.2
2016-10-29,0.35,25.26,9.44,30.42
2016-10-30,0.27,29.29,12.8,27.83
2016-10-31,0.8,30.73,12.92,26.21
2016-11-01,2.0,28.42,16.96,20.44
2016-11-02,2.87,29.5,16.96,20.62
2016-11-03,8.54,25.95,15.64,14.19
2016-11-04,2.36,25.24,15.25,13.54
2016-11-05,1.85,27.33,14.9,21.27
2016-11-06,4.94,27.32,14.99,22.33
2016-11-07,3.0,26.7,16.19,25.25
2016-11-08,0.72,28.86,15.24,26.52
2016-11-09,19.44,29.74,16.51,24.98
2016-11-10,4.17,29.47,17.84,26.19
2016-11-11,2.31,30.6,17.23,26.4
2016-11-12,19.52,22.01,15.99,19.07
2016-11-13,17.35,21.14,15.67,9.28
2016-11-14,15.25,20.6,16.01,10.0
2016-11-15,2.26,26.63,15.44,21.72
2016-11-16,8.16,27.75,15.75,25.72
2016-11-17,6.79,28.79,16.88,24.22
2016-11-18,1.98,22.97,10.59,18.22
2016-11-19,0.13,21.16,10.05,30.71
2016-11-20,0.01,26.44,8.82,31.99
2016-11-21,0.0,27.48,11.61,26.84
2016-11-22,1.18,27.41,16.56,18.25
2016-11-23,6.87,27.72,15.96,14.87
2016-11-24,0.9,27.94,17.14,23.84
2016-11-25,0.36,29.71,15.83,26.24
2016-11-26,1.08,28.27,17.52,21.86
2016-11-27,2.78,29.68,18.37,24.44
2016-11-28,11.31,28.68,19.19,23.18
2016-11-29,7.76,25.81,14.95,19.9
2016-11-30,1.21,22.29,13.93,16.84
2016-12-01,0.33,24.71,13.65,19.45
2016-12-02,0.07,29.51,15.0,22.86
2016-12-03,6.3,25.37,18.38,15.92
2016-12-04,6.83,28.0,15.35,12.59
2016-12-05,1.8,26.64,14.0,22.25
2016-12-06,0.14,30.14,13.43,31.54
2016-12-07,1.06,31.76,15.72,28.44
2016-12-08,8.05,27.61,18.61,26.01
2016-12-09,5.65,29.68,18.11,20.83
2016-12-10,4.38,27.77,18.98,21.46
2016-12-11,10.42,25.58,19.99,12.6
2016-12-12,13.72,27.52,19.29,14.4
2016-12-13,4.28,28.3,18.0,17.35
2016-12-14,2.69,27.58,16.63,21.82
2016-12-15,1.7,21.37,13.12,19.54
2016-12-16,0.22,25.76,12.79,20.57
2016-12-17,1.36,27.56,13.98,26.19
2016-12-18,2.8,27.79,15.6,24.78
2016-12-19,11.92,25.53,16.92,22.29
2016-12-20,5.01,28.0,16.58,23.13
2016-12-21,3.1,28.82,17.12,22.69
2016-12-22,3.25,26.08,18.84,24.61
2016-12-23,7.98,28.77,17.28,26.29
2016-12-24,6.16,29.28,18.74,26.88
2016-12-25,5.95,30.14,18.01,23.81
2016-12-26,0.86,32.46,17.5,30.04
2016-12-27,2.01,29.83,20.27,25.67
2016-12-28,3.69,31.55,20.25,28.3
2016-12-29,2.24,32.89,18.98,28.69
2016-12-30,2.05,29.99,18.62,28.45
2016-12-31,2.93,29.1,19.26,22.69
2017-01-01,2.15,28.16,19.17,27.47
2017-01-02,4.38,28.82,18.98,24.98
2017-01-03,13.09,27.44,19.42,24.28
2017-01-04,0.68,29.55,18.03,16.86
2017-01-05,2.99,28.41,19.33,15.22
2017-01-06,6.54,26.06,18.75,23.61
2017-01-07,7.86,27.51,19.17,23.96
2017-01-08,4.3,28.86,19.24,23.36
2017-01-09,10.52,28.21,19.56,21.14
2017-01-10,13.68,26.44,19.94,21.77
2017-01-11,11.31,26.6,19.2,18.79
2017-01-12,17.45,25.56,19.81,12.23
2017-01-13,7.69,26.4,18.75,15.08
2017-01-14,5.97,28.66,19.02,23.73
2017-01-15,4.31,30.3,17.82,20.76
2017-01-16,27.52,26.47,19.12,16.78
2017-01-17,17.56,24.7,18.31,12.11
2017-01-18,12.47,24.95,19.0,7.69
2017-01-19,27.62,22.87,18.04,11.32
2017-01-20,9.53,22.54,16.94,13.0
2017-01-21,28.03,22.17,17.42,13.68
2017-01-22,7.64,23.36,16.82,9.21
2017-01-23,7.2,24.16,16.58,12.69
2017-01-24,6.02,27.68,16.09,21.39
2017-01-25,4.52,26.92,19.28,18.8
2017-01-26,9.46,25.04,19.51,11.34
2017-01-27,8.49,25.89,18.68,14.51
2017-01-28,1.99,29.07,18.14,28.16
2017-01-29,0.73,29.4,18.74,27.66
2017-01-30,3.26,27.72,19.33,22.71
2017-01-31,4.2,24.99,18.31,22.73
2017-02-01,6.32,26.55,17.13,16.26
2017-02-02,10.11,26.01,17.29,14.48
2017-02-03,6.53,23.93,18.46,20.81
2017-02-04,5.79,27.45,17.65,22.5
2017-02-05,6.36,28.35,19.15,23.89
2017-02-06,5.52,29.27,18.07,26.13
2017-02-07,4.98,25.82,19.46,25.65
2017-02-08,0.8,27.43,18.36,25.62
2017-02-09,0.27,27.96,16.65,26.91
2017-02-10,0.87,28.4,16.18,24.16
2017-02-11,0.49,29.83,18.11,24.0
2017-02-12,0.35,29.63,18.69,26.8
2017-02-13,0.09,28.67,18.67,25.54
2017-02-14,0.01,29.69,17.84,28.28
2017-02-15,0.04,29.63,17.04,26.91
2017-02-16,0.06,30.03,17.63,24.45
2017-02-17,1.27,29.97,17.03,22.99
2017-02-18,1.47,31.17,17.79,25.48
2017-02-19,0.09,31.65,18.11,27.86
2017-02-20,0.03,30.8,18.94,27.74
2017-02-21,0.09,29.35,17.87,27.07
2017-02-22,0.17,27.37,18.33,23.98
2017-02-23,0.9,28.86,18.02,24.72
2017-02-24,12.75,26.66,18.09,18.85
2017-02-25,2.87,24.92,16.14,8.9
2017-02-26,8.24,25.91,16.55,13.99
2017-02-27,6.26,27.18,17.63,23.11
2017-02-28,4.88,27.73,17.38,20.48
2017-03-01,0.88,28.4,17.62,21.39
2017-03-02,13.75,24.14,20.08,14.06
2017-03-03,19.8,25.57,18.84,12.52
2017-03-04,6.22,27.21,19.24,20.27
2017-03-05,11.79,25.16,19.11,11.62
2017-03-06,22.98,25.88,19.19,14.62
2017-03-07,4.37,29.16,18.96,18.63
2017-03-08,16.1,26.94,19.5,17.08
2017-03-09,0.42,29.22,18.24,22.49
2017-03-10,2.06,30.51,19.22,23.39
2017-03-11,0.77,27.28,19.62,22.2
2017-03-12,0.48,29.68,18.78,23.85
2017-03-13,3.71,25.93,18.71,19.51
2017-03-14,11.19,26.54,17.94,17.53
2017-03-15,4.8,27.39,17.73,21.64
2017-03-16,0.57,28.87,16.32,22.75
2017-03-17,8.18,27.73,17.78,22.34
2017-03-18,13.35,21.94,16.9,13.85
2017-03-19,15.26,23.24,16.29,11.81
2017-03-20,1.83,24.76,14.93,22.11
2017-03-21,0.29,24.53,14.4,26.02
2017-03-22,0.3,26.12,14.12,25.37
2017-03-23,0.08,26.4,14.7,20.72
2017-03-24,0.22,26.81,15.3,23.01
2017-03-25,1.29,27.12,15.69,22.7
2017-03-26,0.18,25.55,15.5,23.52
2017-03-27,0.41,26.02,15.11,11.49
2017-03-28,1.13,24.45,16.14,15.5
2017-03-29,1.01,22.86,14.61,24.74
2017-03-30,0.62,24.17,13.56,22.32
2017-03-31,0.4,22.62,13.78,22.54
2017-04-01,0.91,22.27,13.49,22.56
2017-04-02,0.47,23.89,14.04,23.68
2017-04-03,0.07,25.75,13.53,21.21
2017-04-04,0.05,27.1,14.6,21.47
2017-04-05,0.24,28.27,15.05,21.04
2017-04-06,16.2,25.93,17.97,9.1
2017-04-07,18.37,26.64,17.8,13.6
2017-04-08,3.72,24.85,18.91,16.6
2017-04-09,1.87,26.06,18.1,18.39
2017-04-10,0.5,28.25,17.36,18.87
2017-04-11,0.4,28.01,19.27,18.27
2017-04-12,5.76,20.87,15.95,14.31
2017-04-13,0.94,23.84,15.79,19.02
2017-04-14,0.35,26.07,14.81,19.54
2017-04-15,0.08,26.51,15.42,20.68
2017-04-16,0.27,25.64,15.54,19.17
2017-04-17,4.55,24.87,15.43,12.86
2017-04-18,0.52,22.47,14.36,14.72
2017-04-19,0.04,22.29,13.37,17.91
2017-04-20,0.12,26.09,14.0,19.5
2017-04-21,9.05,24.9,15.59,10.56
2017-04-22,3.84,22.76,14.65,17.65
2017-04-23,1.59,23.02,14.67,17.88
2017-04-24,0.05,25.62,13.3,19.62
2017-04-25,0.07,26.49,14.96,17.44
2017-04-26,3.46,23.19,18.24,5.58
2017-04-27,14.68,20.87,12.74,6.36
2017-04-28,0.87,20.78,11.92,11.46
2017-04-29,0.3,21.58,12.19,9.87
2017-04-30,0.08,22.78,12.47,15.79
2017-05-01,0.05,23.66,12.92,17.59
2017-05-02,0.09,23.68,13.83,10.69
2017-05-03,0.08,24.59,12.42,18.29
2017-05-04,2.58,24.83,13.14,14.43
2017-05-05,17.7,23.26,15.45,4.99
2017-05-06,5.8,23.08,15.11,17.66
2017-05-07,0.75,22.34,13.7,16.78
2017-05-08,0.29,23.92,12.73,18.61
2017-05-09,0.06,23.26,11.29,19.31
2017-05-10,0.51,22.75,13.22,17.7
2017-05-11,0.62,20.72,13.22,14.98
2017-05-12,0.09,23.56,12.16,17.13
2017-05-13,0.1,24.92,12.19,16.87
2017-05-14,1.35,23.69,14.97,5.61
2017-05-15,0.36,22.21,13.39,15.41
2017-05-16,0.11,21.67,12.82,11.11
2017-05-17,0.18,21.41,13.07,11.09
2017-05-18,4.54,21.7,12.82,7.48
2017-05-19,44.61,20.39,14.36,2.05
2017-05-20,1.05,22.26,13.95,13.76
2017-05-21,21.8,22.81,16.48,5.09
2017-05-22,7.97,21.45,13.43,8.74
2017-05-23,0.13,21.23,11.41,14.67
2017-05-24,0.29,24.27,10.74,14.93
2017-05-25,0.34,25.5,13.67,15.88
2017-05-26,0.39,25.66,14.98,15.84
2017-05-27,0.31,24.71,15.85,14.49
2017-05-28,0.1,24.35,14.34,12.75
2017-05-29,0.02,23.81,12.46,15.27
2017-05-30,0.36,22.87,13.54,14.12
2017-05-31,0.14,23.13,13.39,15.07
2017-06-01,0.85,23.09,13.6,6.87
2017-06-02,0.05,19.9,9.68,16.88
2017-06-03,0.02,23.07,9.02,17.28
2017-06-04,0.01,25.73,11.4,14.69
2017-06-05,10.59,25.3,14.74,6.18
2017-06-06,8.35,25.36,14.79,8.19
2017-06-07,3.46,25.89,15.01,13.24
2017-06-08,0.07,25.29,13.92,15.2
2017-06-09,1.44,22.02,11.54,9.04
2017-06-10,0.01,18.48,8.67,17.34
2017-06-11,0.15,21.61,6.27,17.35
2017-06-12,2.61,22.2,9.23,10.26
2017-06-13,8.01,22.56,11.57,7.83
2017-06-14,1.4,21.6,13.13,14.45
2017-06-15,0.17,20.88,12.16,16.1
2017-06-16,0.09,21.79,10.25,15.21
2017-06-17,0.02,23.01,10.2,14.76
2017-06-18,0.01,22.72,10.49,10.82
2017-06-19,2.06,22.62,11.35,14.32
2017-06-20,4.62,19.08,12.49,10.2
2017-06-21,1.5,20.17,11.99,15.1
2017-06-22,0.19,21.82,11.79,16.09
2017-06-23,0.06,21.7,11.7,16.6
2017-06-24,0.09,22.04,12.09,15.83
2017-06-25,0.06,20.99,9.88,16.94
2017-06-26,0.07,22.2,7.76,16.41
2017-06-27,0.02,21.45,9.97,15.5
2017-06-28,0.04,23.58,10.02,15.82
2017-06-29,0.01,23.48,9.9,16.5
2017-06-30,0.0,22.7,9.63,15.65
2017-07-01,0.99,20.38,11.73,12.88
2017-07-02,1.17,16.56,9.7,12.55
2017-07-03,0.13,15.14,7.37,13.84
2017-07-04,0.08,17.8,6.62,16.32
2017-07-05,0.01,18.96,6.97,15.37
2017-07-06,0.01,20.34,7.36,15.08
2017-07-07,0.01,21.22,9.16,10.63
2017-07-08,0.0,21.36,9.04,14.33
2017-07-09,0.0,21.35,10.37,15.92
2017-07-10,0.0,22.71,9.8,15.27
2017-07-11,0.0,23.65,9.43,16.4
2017-07-12,0.01,23.58,9.37,16.93
2017-07-13,0.01,24.14,10.3,17.05
2017-07-14,0.03,24.43,9.41,17.32
2017-07-15,0.01,23.09,10.48,15.9
2017-07-16,0.01,22.85,9.71,14.92
2017-07-17,0.14,24.04,9.79,17.63
2017-07-18,1.9,13.46,7.91,11.2
2017-07-19,0.32,16.61,7.59,12.12
2017-07-20,0.11,21.51,9.93,14.29
2017-07-21,0.03,23.16,10.49,15.78
2017-07-22,0.04,22.73,8.78,17.98
2017-07-23,0.01,24.08,10.54,17.89
2017-07-24,0.0,23.62,8.62,18.31
2017-07-25,0.02,24.78,9.48,16.97
2017-07-26,0.03,24.56,9.4,18.44
2017-07-27,0.03,24.4,8.2,18.72
2017-07-28,0.04,23.13,9.15,18.8
2017-07-29,0.02,23.95,8.58,17.69
2017-07-30,0.02,24.21,10.32,16.6
2017-07-31,0.0,23.05,8.06,14.81
2017-08-01,0.02,22.89,8.17,13.64
2017-08-02,0.01,24.38,9.38,15.29
2017-08-03,0.33,22.98,11.33,10.62
2017-08-04,2.84,18.12,11.33,11.5
2017-08-05,1.03,18.92,9.81,16.85
2017-08-06,0.09,22.29,9.49,19.51
2017-08-07,0.02,25.6,8.25,19.24
2017-08-08,0.04,26.85,11.69,15.66
2017-08-09,0.02,28.71,13.77,17.86
2017-08-10,0.13,24.57,12.32,19.18
2017-08-11,0.18,24.84,10.46,19.42
2017-08-12,0.05,28.6,11.14,18.31
2017-08-13,0.0,29.67,13.43,17.7
2017-08-14,0.04,26.62,13.12,10.52
2017-08-15,2.92,25.8,12.48,12.5
2017-08-16,7.65,22.88,13.52,7.14
2017-08-17,7.55,19.14,13.73,4.87
2017-08-18,3.67,22.41,13.7,3.96
2017-08-19,5.17,23.89,14.45,5.71
2017-08-20,11.98,27.22,14.29,11.32
2017-08-21,3.04,16.04,10.46,13.47
2017-08-22,0.56,21.63,10.48,19.29
2017-08-23,0.11,26.03,10.19,18.52
2017-08-24,0.23,24.59,11.44,20.71
2017-08-25,0.13,26.87,10.68,21.4
2017-08-26,0.04,27.46,9.36,22.14
2017-08-27,0.07,28.26,10.18,21.84
2017-08-28,0.08,28.06,10.84,21.28
2017-08-29,0.02,29.85,10.18,22.73
2017-08-30,0.02,30.95,12.09,23.09
2017-08-31,0.52,24.11,13.47,21.33
2017-09-01,0.36,25.96,13.37,20.36
2017-09-02,0.03,27.87,11.63,22.4
2017-09-03,0.0,28.64,9.14,23.48
2017-09-04,0.03,29.55,10.22,23.66
2017-09-05,0.02,29.33,11.0,24.14
2017-09-06,0.02,29.25,12.87,23.86
2017-09-07,0.0,30.1,10.58,23.91
2017-09-08,0.0,30.73,11.33,24.11
2017-09-09,0.04,30.53,13.01,22.61
2017-09-10,0.02,31.24,13.83,24.57
2017-09-11,0.02,31.83,14.42,24.0
2017-09-12,0.0,32.09,14.95,24.59
2017-09-13,0.0,32.66,13.21,24.69
2017-09-14,0.02,32.97,14.34,25.28
2017-09-15,0.01,33.93,14.54,25.13
2017-09-16,0.0,33.28,13.75,25.3
2017-09-17,0.05,33.46,13.79,24.81
2017-09-18,0.02,32.38,13.28,22.69
2017-09-19,0.01,31.3,14.06,24.27
2017-09-20,0.0,31.61,13.71,25.32
2017-09-21,0.0,31.28,13.17,25.2
2017-09-22,0.0,31.38,14.13,20.33
2017-09-23,0.0,31.85,14.45,24.01
2017-09-24,0.01,29.18,14.85,22.84
2017-09-25,0.01,29.14,13.59,23.56
2017-09-26,0.0,30.23,13.03,22.49
2017-09-27,1.04,31.33,13.99,22.54
2017-09-28,0.47,31.32,15.67,23.77
2017-09-29,3.64,28.68,14.49,16.76
2017-09-30,30.27,24.47,16.63,6.96
2017-10-01,6.66,27.75,15.2,23.74
2017-10-02,1.94,28.75,15.97,4.73
2017-10-03,3.58,22.99,13.11,11.77
2017-10-04,0.14,26.02,12.77,17.57
2017-10-05,0.0,32.26,13.77,26.72
2017-10-06,0.85,31.69,16.75,25.33
2017-10-07,1.23,26.63,16.93,10.28
2017-10-08,1.47,30.38,15.72,19.37
2017-10-09,0.02,32.46,16.98,21.6
2017-10-10,4.39,34.09,17.71,23.98
2017-10-11,7.96,34.15,18.17,23.24
2017-10-12,2.62,35.57,18.35,26.53
2017-10-13,3.37,35.1,18.64,26.41
2017-10-14,2.09,32.81,17.77,22.25
2017-10-15,0.16,28.47,15.17,24.95
2017-10-16,0.0,29.99,14.26,22.22
2017-10-17,0.02,31.1,14.45,22.49
2017-10-18,0.03,33.19,15.71,27.32
2017-10-19,0.01,33.74,17.27,26.77
2017-10-20,0.07,30.93,16.32,17.19
2017-10-21,0.22,30.72,17.48,16.77
2017-10-22,4.91,26.91,18.26,6.82
2017-10-23,1.9,22.47,13.99,9.84
2017-10-24,0.1,28.49,13.39,22.98
2017-10-25,7.99,30.12,16.15,25.7
2017-10-26,15.45,29.44,17.72,13.23
2017-10-27,16.34,28.27,18.7,16.64
2017-10-28,0.8,27.89,18.2,21.37
2017-10-29,1.58,24.98,17.99,10.3
2017-10-30,7.18,27.55,17.3,12.18
2017-10-31,2.8,26.28,15.28,15.32
2017-11-01,0.03,26.19,12.81,26.26
2017-11-02,0.1,28.78,11.89,26.78
2017-11-03,0.02,32.37,13.46,27.7
2017-11-04,14.3,28.81,18.3,18.32
2017-11-05,3.03,22.68,15.86,10.49
2017-11-06,0.82,24.68,14.34,16.72
2017-11-07,0.09,26.17,13.32,20.78
2017-11-08,0.51,28.94,13.38,19.38
2017-11-09,1.95,24.3,16.44,16.62
2017-11-10,13.46,29.01,16.08,21.99
2017-11-11,19.89,23.87,13.21,16.19
2017-11-12,0.08,27.66,12.01,31.51
2017-11-13,0.0,27.84,11.34,29.97
2017-11-14,0.0,29.94,8.89,31.31
2017-11-15,0.06,33.04,12.54,27.34
2017-11-16,5.1,31.05,18.56,24.77
2017-11-17,10.07,28.59,17.64,22.09
2017-11-18,17.03,25.87,18.14,20.98
2017-11-19,6.84,26.62,17.86,14.72
2017-11-20,11.24,25.76,17.2,11.62
2017-11-21,20.99,26.5,17.68,13.89
2017-11-22,19.54,24.61,14.66,15.96
2017-11-23,1.71,25.87,13.61,23.41
2017-11-24,0.0,28.93,15.16,28.12
2017-11-25,1.72,30.82,15.79,27.8
2017-11-26,6.89,26.27,19.3,11.32
2017-11-27,13.18,27.14,18.32,13.32
2017-11-28,2.37,25.95,16.14,25.58
2017-11-29,0.05,26.95,14.19,30.46
2017-11-30,1.19,25.14,13.86,19.25
2017-12-01,3.97,24.52,15.85,11.32
2017-12-02,1.17,24.66,15.27,17.04
2017-12-03,0.81,29.88,16.43,18.16
2017-12-04,0.79,30.39,16.4,26.51
2017-12-05,0.82,30.2,17.53,28.23
2017-12-06,6.63,28.69,17.45,21.63
2017-12-07,4.09,27.87,17.64,11.86
2017-12-08,7.11,28.84,18.25,20.82
2017-12-09,1.23,28.18,16.67,27.29
2017-12-10,0.54,26.69,15.87,25.95
2017-12-11,3.79,30.96,15.76,28.1
2017-12-12,1.92,27.21,15.86,24.29
2017-12-13,5.13,28.93,14.63,26.75
2017-12-14,2.55,30.23,16.25,25.82
2017-12-15,1.1,30.52,16.87,23.87
2017-12-16,3.1,31.89,16.44,27.89
2017-12-17,10.5,30.22,18.76,26.54
2017-12-18,8.46,28.06,19.83,23.61
2017-12-19,4.25,29.6,18.64,23.09
2017-12-20,3.0,28.86,18.58,24.32
2017-12-21,9.9,24.4,17.65,9.68
2017-12-22,7.38,26.65,16.97,10.99
2017-12-23,3.71,28.49,17.79,20.1
2017-12-24,1.69,26.97,18.52,24.18
2017-12-25,11.22,25.28,18.86,22.3
2017-12-26,8.68,28.97,17.96,22.31
2017-12-27,2.83,27.24,19.18,25.86
2017-12-28,4.5,27.49,18.45,23.15
2017-12-29,3.2,25.09,18.24,12.47
2017-12-30,8.14,24.24,17.87,9.67
2017-12-31,9.34,27.13,18.43,10.53
2018-01-01,0.97,28.92,19.03,18.81
2018-01-02,5.24,24.73,19.73,21.02
2018-01-03,8.96,26.92,18.49,11.66
2018-01-04,2.79,27.79,16.21,28.11
2018-01-05,1.99,28.08,14.65,23.59
2018-01-06,10.93,25.26,18.67,12.6
2018-01-07,25.62,22.81,17.9,9.1
2018-01-08,11.85,23.91,17.48,9.21
2018-01-09,5.65,26.11,17.31,19.53
2018-01-10,0.87,28.8,17.67,23.73
2018-01-11,13.07,24.5,18.75,21.0
2018-01-12,5.09,25.29,17.77,12.25
2018-01-13,3.04,24.78,17.15,17.48
2018-01-14,9.83,26.32,18.19,22.87
2018-01-15,12.08,25.45,17.89,21.18
2018-01-16,0.87,27.52,18.24,19.44
2018-01-17,1.57,28.06,18.31,22.2
2018-01-18,1.58,26.92,19.75,26.96
2018-01-19,5.17,26.84,18.97,22.05
2018-01-20,11.95,27.94,18.42,17.87
2018-01-21,2.24,29.34,18.24,17.46
2018-01-22,3.61,29.69,19.2,19.87
2018-01-23,8.4,28.92,19.34,24.13
2018-01-24,6.75,28.23,19.56,20.56
2018-01-25,7.79,27.0,19.45,23.47
2018-01-26,8.07,26.6,18.37,20.34
2018-01-27,8.08,25.97,17.52,19.93
2018-01-28,8.58,28.01,17.25,20.12
2018-01-29,10.6,26.77,19.46,15.18
2018-01-30,29.34,25.21,16.33,8.3
2018-01-31,1.34,25.69,15.14,26.93
2018-02-01,0.24,26.63,15.2,28.73
2018-02-02,0.0,27.1,16.4,22.39
2018-02-03,0.31,26.35,15.9,24.92
2018-02-04,0.7,25.31,13.93,20.26
2018-02-05,0.69,22.68,15.64,18.98
2018-02-06,10.55,23.74,16.23,14.82
2018-02-07,0.58,27.47,15.53,28.59
2018-02-08,0.0,28.3,13.66,28.82
2018-02-09,0.05,30.34,16.18,27.86
2018-02-10,1.71,27.98,18.62,10.29
2018-02-11,0.76,28.54,19.58,22.35
2018-02-12,1.63,28.49,19.33,21.98
2018-02-13,2.35,25.2,18.13,16.07
2018-02-14,7.03,25.09,17.34,12.9
2018-02-15,6.96,26.27,16.97,12.87
2018-02-16,1.2,26.56,17.81,22.69
2018-02-17,0.6,24.85,16.97,22.26
2018-02-18,1.02,24.98,17.17,8.11
2018-02-19,11.91,27.53,17.54,17.86
2018-02-20,5.5,26.11,18.67,17.86
2018-02-21,14.81,27.36,19.16,18.36
2018-02-22,12.83,27.45,18.22,23.49
2018-02-23,1.9,26.94,17.21,24.77
2018-02-24,0.2,26.24,15.93,20.16
2018-02-25,0.02,25.59,15.57,21.89
2018-02-26,21.57,25.15,17.25,9.84
2018-02-27,10.12,26.2,17.28,14.54
2018-02-28,2.52,28.34,17.61,23.89
2018-03-01,6.31,27.55,18.16,23.14
2018-03-02,15.15,27.52,18.79,22.15
2018-03-03,3.53,25.3,19.19,21.34
2018-03-04,0.5,28.2,18.87,23.24
2018-03-05,5.53,27.91,18.77,24.44
2018-03-06,1.03,29.75,19.26,21.5
2018-03-07,4.9,28.19,18.99,19.96
2018-03-08,5.59,25.13,18.38,17.16
2018-03-09,0.75,28.08,17.25,20.62
2018-03-10,4.69,27.37,17.08,14.78
2018-03-11,0.11,28.63,17.04,24.83
2018-03-12,0.0,29.67,17.05,23.81
2018-03-13,0.0,28.92,19.18,21.59
2018-03-14,17.73,28.9,18.87,22.64
2018-03-15,0.74,28.9,20.18,21.95
2018-03-16,2.41,27.28,20.1,16.92
2018-03-17,0.3,29.1,18.22,22.4
2018-03-18,0.02,30.48,17.25,23.12
2018-03-19,2.23,29.97,18.14,22.25
2018-03-20,15.99,27.27,20.19,18.61
2018-03-21,11.41,26.47,18.95,18.46
2018-03-22,5.26,27.46,17.67,22.29
2018-03-23,0.79,29.38,17.05,21.07
2018-03-24,0.22,28.16,18.31,20.71
2018-03-25,0.01,28.31,17.15,20.67
2018-03-26,1.89,23.95,19.41,17.19
2018-03-27,6.26,23.39,18.28,20.55
2018-03-28,2.29,27.31,17.41,21.74
2018-03-29,0.55,26.23,17.3,19.41
2018-03-30,6.64,26.84,16.97,20.69
2018-03-31,2.83,26.94,16.95,15.82
2018-04-01,4.4,25.24,18.27,14.77
2018-04-02,4.14,26.76,17.26,13.63
2018-04-03,5.86,25.89,17.53,12.85
2018-04-04,2.29,26.12,17.33,18.59
2018-04-05,0.16,27.01,16.13,22.06
2018-04-06,0.25,26.71,15.87,21.77
2018-04-07,0.81,26.75,16.05,21.06
2018-04-08,0.48,26.69,16.53,19.38
2018-04-09,0.3,26.51,16.44,19.53
2018-04-10,0.1,26.82,15.75,19.56
2018-04-11,0.03,26.45,14.65,21.94
2018-04-12,0.16,25.29,13.95,16.76
2018-04-13,0.02,28.45,14.27,20.35
2018-04-14,3.69,24.7,17.0,17.51
2018-04-15,11.41,20.03,16.27,14.47
2018-04-16,3.37,22.4,15.1,14.88
2018-04-17,0.48,22.93,14.04,18.08
2018-04-18,0.01,24.19,12.05,21.31
2018-04-19,0.07,24.97,10.79,21.11
2018-04-20,0.03,24.54,13.74,18.4
2018-04-21,0.01,24.53,12.11,17.81
2018-04-22,0.03,24.75,14.08,17.93
2018-04-23,0.02,24.89,14.96,18.01
2018-04-24,0.12,26.33,14.33,16.71
2018-04-25,0.03,26.89,15.05,18.39
2018-04-26,0.0,27.82,15.46,17.62
2018-04-27,1.16,27.69,15.57,17.35
2018-04-28,2.78,27.27,16.18,17.96
2018-04-29,0.13,27.35,14.67,18.57
2018-04-30,0.01,27.43,13.88,18.93
2018-05-01,0.01,26.87,16.16,18.79
2018-05-02,0.03,27.09,14.4,18.1
2018-05-03,0.02,27.23,14.88,18.22
2018-05-04,0.0,28.5,13.49,18.82
2018-05-05,0.07,27.87,14.53,17.17
2018-05-06,0.51,26.66,14.67,17.73
2018-05-07,3.39,23.93,14.97,16.59
2018-05-08,1.97,23.65,14.53,16.76
2018-05-09,0.09,24.4,13.55,17.68
2018-05-10,0.02,25.78,11.76,17.97
2018-05-11,0.03,25.84,12.41,15.88
2018-05-12,0.27,24.69,14.09,12.45
2018-05-13,0.1,25.56,14.17,14.99
2018-05-14,0.04,26.08,13.88,14.4
2018-05-15,0.15,25.87,14.87,7.72
2018-05-16,1.53,25.75,14.05,11.09
2018-05-17,1.55,25.44,14.94,13.71
2018-05-18,0.21,26.49,14.42,12.95
2018-05-19,6.63,25.81,15.01,6.04
2018-05-20,0.22,18.38,6.67,17.57
2018-05-21,0.35,21.2,5.03,18.7
2018-05-22,0.04,24.21,8.15,18.54
2018-05-23,0.03,23.45,9.17,17.77
2018-05-24,0.01,24.55,10.38,17.1
2018-05-25,0.03,23.22,12.31,14.06
2018-05-26,0.04,23.46,11.85,15.43
2018-05-27,0.01,23.79,11.73,16.46
2018-05-28,0.02,23.35,10.89,16.59
2018-05-29,0.01,23.15,9.13,16.52
2018-05-30,0.01,23.28,9.67,15.83
2018-05-31,0.01,24.14,9.95,15.23
2018-06-01,0.0,24.76,10.14,16.0
2018-06-02,0.01,26.36,13.35,12.14
2018-06-03,1.57,20.06,12.56,10.15
2018-06-04,0.09,20.33,12.05,11.03
2018-06-05,1.22,23.8,12.32,7.97
2018-06-06,1.71,23.46,14.73,6.76
2018-06-07,8.46,23.02,14.48,8.41
2018-06-08,1.71,20.98,11.34,9.24
2018-06-09,0.04,25.02,11.02,13.32
2018-06-10,0.04,26.49,14.58,11.33
2018-06-11,0.04,26.55,16.27,12.31
2018-06-12,0.58,27.55,16.03,12.78
2018-06-13,1.38,26.38,16.55,8.51
2018-06-14,1.22,21.72,12.4,11.84
2018-06-15,2.06,19.84,11.62,8.03
2018-06-16,1.55,16.85,11.96,7.0
2018-06-17,0.28,23.13,11.55,13.25
2018-06-18,0.07,23.3,12.4,12.64
2018-06-19,0.04,23.33,12.6,14.64
2018-06-20,0.04,24.85,11.06,15.62
2018-06-21,0.01,25.0,10.65,13.75
2018-06-22,0.0,24.82,12.29,10.73
2018-06-23,0.0,25.62,11.43,10.96
2018-06-24,0.0,26.19,14.31,11.98
2018-06-25,0.0,26.88,14.03,12.55
2018-06-26,0.0,27.32,12.36,16.05
2018-06-27,0.01,27.07,12.01,15.13
2018-06-28,0.0,27.16,12.52,13.52
2018-06-29,0.02,26.17,12.35,15.71
2018-06-30,0.02,26.53,12.03,14.92
2018-07-01,0.03,26.52,11.95,14.62
2018-07-02,0.0,26.89,11.49,15.04
2018-07-03,0.41,25.94,13.47,14.93
2018-07-04,0.21,26.38,12.95,13.78
2018-07-05,0.01,27.3,11.86,15.23
2018-07-06,0.01,27.4,12.4,15.75
2018-07-07,0.0,26.32,12.04,15.66
2018-07-08,0.0,26.28,10.76,16.82
2018-07-09,0.19,24.96,12.9,12.7
2018-07-10,1.79,15.82,8.55,3.88
2018-07-11,0.28,17.8,7.25,17.18
2018-07-12,0.03,21.6,7.19,16.46
2018-07-13,0.01,24.26,6.73,14.26
2018-07-14,0.0,25.98,11.94,17.16
2018-07-15,0.0,27.98,10.7,17.39
2018-07-16,0.0,28.35,11.24,17.44
2018-07-17,0.01,27.52,10.7,17.58
2018-07-18,0.0,27.69,10.74,17.22
2018-07-19,0.0,28.54,12.33,17.32
2018-07-20,0.01,29.79,12.43,17.89
2018-07-21,0.17,28.44,12.55,15.96
2018-07-22,0.16,25.89,13.4,15.31
2018-07-23,0.01,26.31,13.26,14.77
2018-07-24,0.21,25.35,10.99,16.06
2018-07-25,0.28,23.62,13.09,13.75
2018-07-26,0.0,26.64,12.16,15.57
2018-07-27,0.0,27.24,11.93,17.24
2018-07-28,0.0,28.29,12.78,17.71
2018-07-29,0.0,28.57,14.67,16.17
2018-07-30,2.95,29.03,13.71,15.86
2018-07-31,8.49,21.04,12.1,8.48
2018-08-01,7.19,19.92,11.23,6.97
2018-08-02,1.92,21.12,11.74,12.79
2018-08-03,18.78,19.69,12.84,2.27
2018-08-04,3.65,22.97,13.49,11.74
2018-08-05,0.82,21.92,13.64,8.21
2018-08-06,16.43,17.73,12.17,3.53
2018-08-07,1.09,23.85,11.02,16.72
2018-08-08,2.9,26.58,11.39,17.01
2018-08-09,1.66,26.49,13.7,14.73
2018-08-10,0.01,20.28,7.23,20.61
2018-08-11,0.01,21.94,5.57,19.44
2018-08-12,0.01,21.04,6.09,20.38
2018-08-13,0.01,24.05,9.05,20.89
2018-08-14,0.02,28.12,9.59,20.87
2018-08-15,0.21,26.61,10.66,17.1
2018-08-16,0.35,20.25,12.96,10.83
2018-08-17,0.72,21.48,12.25,13.75
2018-08-18,0.19,24.04,11.97,18.21
2018-08-19,0.02,26.49,11.01,19.35
2018-08-20,0.0,28.18,10.92,20.32
2018-08-21,0.01,28.05,12.28,21.23
2018-08-22,0.02,28.01,13.47,19.37
2018-08-23,0.0,28.94,12.59,16.09
2018-08-24,1.04,28.69,15.5,17.29
2018-08-25,2.47,23.71,15.94,8.05
2018-08-26,0.52,15.8,10.71,9.96
2018-08-27,0.27,24.46,10.12,19.77
2018-08-28,0.04,27.52,11.16,20.73
2018-08-29,0.01,28.38,11.09,21.58
2018-08-30,0.01,28.36,13.3,19.91
2018-08-31,0.0,29.92,14.02,20.48
2018-09-01,0.0,31.32,13.64,22.3
2018-09-02,0.01,31.74,14.91,21.84
2018-09-03,3.17,26.5,11.81,15.2
2018-09-04,6.35,20.01,9.7,8.9
2018-09-05,0.92,19.97,9.15,21.59
2018-09-06,0.05,26.13,7.57,24.19
2018-09-07,0.05,30.35,9.18,23.26
2018-09-08,0.01,29.5,10.48,24.43
2018-09-09,0.01,28.7,10.61,24.18
2018-09-10,0.01,27.31,11.27,23.15
2018-09-11,0.0,26.9,11.76,22.74
2018-09-12,0.0,27.33,12.55,21.28
2018-09-13,1.49,29.48,12.01,21.19
2018-09-14,7.57,27.98,14.55,4.98
2018-09-15,10.3,24.98,14.53,9.17
2018-09-16,0.26,25.8,12.62,20.1
2018-09-17,3.95,25.15,13.14,5.02
2018-09-18,3.25,22.92,16.95,8.91
2018-09-19,0.37,25.98,17.0,19.14
2018-09-20,7.41,25.32,16.29,6.85
2018-09-21,4.2,26.7,15.72,20.12
2018-09-22,0.07,30.73,13.85,25.79
2018-09-23,0.01,32.37,13.74,25.36
2018-09-24,0.01,33.38,14.04,26.11
2018-09-25,0.05,33.89,13.33,24.18
2018-09-26,0.49,32.91,17.27,21.93
2018-09-27,3.84,30.57,18.81,14.71
2018-09-28,0.73,27.03,18.2,7.9
2018-09-29,0.39,26.79,17.44,18.42
2018-09-30,16.04,26.54,17.4,12.71
2018-10-01,4.66,23.07,17.81,11.22
2018-10-02,0.31,32.5,16.1,23.95
2018-10-03,4.68,31.58,17.58,20.11
2018-10-04,5.19,27.61,16.24,21.54
2018-10-05,1.54,26.24,14.0,21.83
2018-10-06,2.52,25.64,13.34,12.53
2018-10-07,5.14,27.46,14.1,8.67
2018-10-08,21.48,23.96,17.49,7.72
2018-10-09,14.41,27.18,18.5,17.03
2018-10-10,3.91,28.15,18.94,14.47
2018-10-11,5.82,26.35,17.33,13.51
2018-10-12,1.39,29.11,16.66,21.78
2018-10-13,5.95,29.5,18.74,21.13
2018-10-14,6.86,26.07,16.55,17.95
2018-10-15,6.86,24.47,15.9,14.82
2018-10-16,0.24,29.27,15.27,20.71
2018-10-17,14.63,29.19,18.41,14.88
2018-10-18,8.36,26.55,19.55,22.49
2018-10-19,3.43,23.82,15.4,20.57
2018-10-20,0.19,22.35,11.69,27.78
2018-10-21,0.0,24.14,11.22,27.97
2018-10-22,0.0,28.91,11.76,27.88
2018-10-23,0.93,29.94,15.11,24.92
2018-10-24,13.77,22.57,16.65,7.73
2018-10-25,7.08,24.17,16.15,7.59
2018-10-26,2.41,27.26,16.7,14.4
2018-10-27,5.18,26.56,17.93,11.86
2018-10-28,0.93,22.32,12.93,26.08
2018-10-29,0.1,26.19,11.94,23.96
2018-10-30,0.01,29.76,12.61,25.56
2018-10-31,2.23,30.65,15.45,23.52
2018-11-01,1.13,26.84,18.4,21.06
2018-11-02,2.13,29.32,17.99,22.46
2018-11-03,13.17,30.46,17.25,20.86
2018-11-04,2.83,23.95,15.29,18.09
2018-11-05,0.71,25.04,14.28,14.99
2018-11-06,0.09,25.42,15.13,16.06
2018-11-07,6.09,22.72,15.74,13.23
2018-11-08,9.57,20.1,14.38,8.22
2018-11-09,0.98,23.94,13.78,14.82
2018-11-10,2.42,27.51,15.05,14.67
2018-11-11,2.9,28.74,17.2,20.24
2018-11-12,0.88,30.51,16.35,26.19
2018-11-13,0.55,29.95,18.34,25.03
2018-11-14,0.71,30.24,20.2,21.95
2018-11-15,4.42,29.91,19.01,23.13
2018-11-16,2.09,29.1,16.48,24.34
2018-11-17,0.17,29.11,16.07,21.27
2018-11-18,6.6,29.95,18.02,15.21
2018-11-19,25.63,20.06,13.29,9.53
2018-11-20,0.84,23.83,12.59,13.02
2018-11-21,0.91,25.82,13.91,13.08
2018-11-22,4.68,27.41,15.67,21.16
2018-11-23,14.46,28.38,16.73,18.46
2018-11-24,12.65,23.77,17.4,11.3
2018-11-25,18.16,25.94,17.02,18.9
2018-11-26,2.94,22.72,13.88,19.99
2018-11-27,0.55,26.36,13.03,26.8
2018-11-28,3.22,28.36,15.92,28.42
2018-11-29,3.03,28.42,16.57,25.58
2018-11-30,18.85,28.63,17.74,24.28
2018-12-01,36.81,25.27,18.09,14.44
2018-12-02,4.63,25.4,16.95,21.78
2018-12-03,2.33,26.09,16.11,26.03
2018-12-04,0.11,28.06,15.32,27.03
2018-12-05,2.74,28.33,17.32,24.18
2018-12-06,0.63,29.7,14.95,29.13
2018-12-07,3.54,26.84,15.24,24.5
2018-12-08,2.32,21.76,12.38,28.16
2018-12-09,0.01,27.57,11.27,30.39
2018-12-10,0.0,29.08,13.9,28.69
2018-12-11,0.0,29.79,15.45,28.22
2018-12-12,0.8,31.27,16.69,28.39
2018-12-13,2.45,32.07,17.27,25.32
2018-12-14,1.2,31.8,17.37,28.18
2018-12-15,2.85,32.11,19.25,24.27
2018-12-16,4.91,32.35,19.8,23.46
2018-12-17,11.91,31.69,19.94,27.43
2018-12-18,13.71,30.59,20.57,25.0
2018-12-19,3.51,29.24,19.88,16.49
2018-12-20,1.4,28.17,20.0,27.64
2018-12-21,1.49,28.48,20.23,22.37
2018-12-22,6.53,27.71,19.37,24.24
2018-12-23,5.93,26.46,19.12,21.78
2018-12-24,12.24,26.03,18.51,17.41
2018-12-25,2.9,25.49,17.52,12.88
2018-12-26,7.42,25.1,16.3,11.56
2018-12-27,1.87,26.61,16.13,20.23
2018-12-28,4.61,28.23,17.14,25.83
2018-12-29,0.86,29.7,17.3,27.84
2018-12-30,0.27,30.52,17.15,28.02
2018-12-31,0.63,31.69,17.98,27.37
2019-01-01,3.83,31.08,18.59,20.24
2019-01-02,2.51,28.61,20.55,23.12
2019-01-03,3.08,29.17,19.84,17.72
2019-01-04,33.52,25.48,21.14,14.31
2019-01-05,21.62,23.32,17.81,11.83
2019-01-06,5.81,28.56,18.57,25.27
2019-01-07,1.36,30.55,18.88,28.3
2019-01-08,4.66,29.13,20.05,24.76
2019-01-09,1.53,32.03,19.32,28.88
2019-01-10,0.76,31.0,18.77,29.02
2019-01-11,6.03,29.25,19.95,27.74
2019-01-12,4.67,29.36,19.55,23.48
2019-01-13,1.35,29.1,18.79,25.66
2019-01-14,3.39,29.3,19.47,27.49
2019-01-15,4.13,28.58,20.07,27.63
2019-01-16,15.99,26.82,20.02,21.76
2019-01-17,1.56,30.16,19.26,23.93
2019-01-18,5.31,31.46,19.61,25.67
2019-01-19,3.64,30.56,19.52,28.11
2019-01-20,6.36,30.35,20.26,22.83
2019-01-21,4.64,29.26,20.51,23.9
2019-01-22,3.24,28.39,20.87,26.71
2019-01-23,9.48,31.28,19.68,26.02
2019-01-24,13.47,29.22,19.84,18.9
2019-01-25,26.84,28.73,19.67,17.12
2019-01-26,3.91,26.75,17.73,23.12
2019-01-27,0.87,29.24,16.87,21.58
2019-01-28,0.04,31.47,17.69,30.28
2019-01-29,2.46,31.13,18.72,27.53
2019-01-30,4.75,31.93,18.11,28.02
2019-01-31,0.0,32.59,18.1,29.6
2019-02-01,0.0,33.72,17.34,29.7
2019-02-02,1.47,32.35,17.86,28.85
2019-02-03,1.56,29.49,17.24,28.82
2019-02-04,27.17,24.72,17.46,16.89
2019-02-05,6.01,26.71,17.01,20.54
2019-02-06,27.47,23.15,16.38,11.72
2019-02-07,0.58,27.75,15.92,24.03
2019-02-08,0.02,28.73,15.41,28.97
2019-02-09,0.01,29.8,15.62,28.71
2019-02-10,2.84,30.47,16.98,23.4
2019-02-11,2.7,30.1,18.83,22.64
2019-02-12,10.38,27.66,20.33,14.12
2019-02-13,6.73,23.59,15.87,8.21
2019-02-14,0.28,24.01,14.91,16.72
2019-02-15,22.45,26.76,15.71,11.67
2019-02-16,24.93,24.86,18.65,7.06
2019-02-17,2.29,26.29,18.51,12.6
2019-02-18,1.96,27.59,17.75,15.48
2019-02-19,0.97,28.31,18.33,23.77
2019-02-20,2.31,27.36,17.7,16.82
2019-02-21,10.98,26.73,18.63,16.07
2019-02-22,12.96,28.52,19.71,14.87
2019-02-23,1.61,29.01,18.89,24.66
2019-02-24,1.51,28.45,19.55,24.78
2019-02-25,27.55,28.05,20.07,20.77
2019-02-26,10.93,23.84,17.77,17.33
2019-02-27,8.98,26.43,16.77,18.82
2019-02-28,11.87,23.52,18.62,8.0
2019-03-01,20.01,24.92,17.86,11.76
2019-03-02,18.76,23.36,18.34,12.7
2019-03-03,17.03,25.48,18.1,10.61
2019-03-04,2.41,24.57,17.6,15.8
2019-03-05,2.64,27.92,16.72,19.1
2019-03-06,4.32,27.73,17.15,20.89
2019-03-07,4.79,27.35,19.23,16.6
2019-03-08,0.42,28.75,19.25,22.95
2019-03-09,2.6,26.38,19.75,22.61
2019-03-10,14.32,26.76,19.12,19.03
2019-03-11,10.5,25.76,18.32,15.41
2019-03-12,4.41,27.08,18.17,19.09
2019-03-13,9.09,27.07,18.53,19.71
2019-03-14,7.37,24.56,19.81,16.8
2019-03-15,3.3,25.79,19.18,19.41
2019-03-16,6.9,27.33,18.57,15.74
2019-03-17,10.83,28.47,19.31,17.01
2019-03-18,6.55,28.37,19.75,18.18
2019-03-19,6.04,27.36,19.65,19.62
2019-03-20,6.08,25.75,18.55,19.14
2019-03-21,5.08,22.02,16.24,11.44
2019-03-22,1.19,23.23,15.93,13.77
2019-03-23,0.26,26.88,15.23,21.94
2019-03-24,0.56,27.12,16.19,22.17
2019-03-25,0.04,28.36,15.9,22.67
2019-03-26,0.0,28.71,16.02,22.54
2019-03-27,0.69,27.66,16.16,20.28
2019-03-28,6.69,26.34,16.59,19.97
2019-03-29,2.33,24.97,16.11,22.62
2019-03-30,0.36,25.79,15.35,21.3
2019-03-31,0.03,27.18,15.22,22.41
2019-04-01,0.08,25.7,15.9,21.7
2019-04-02,0.2,26.85,14.35,21.85
2019-04-03,0.08,27.52,14.58,21.7
2019-04-04,0.0,29.55,15.9,21.82
2019-04-05,3.11,27.67,18.98,16.74
2019-04-06,14.5,28.22,19.04,14.99
2019-04-07,11.62,26.08,20.1,14.29
2019-04-08,19.31,21.73,17.55,6.2
2019-04-09,4.63,24.2,16.96,15.15
2019-04-10,1.71,24.45,15.92,19.56
2019-04-11,0.31,26.35,16.04,20.23
2019-04-12,0.0,27.17,15.35,19.22
2019-04-13,0.99,27.29,16.87,14.86
2019-04-14,9.59,23.21,17.39,4.78
2019-04-15,0.5,25.75,17.16,14.95
2019-04-16,7.3,27.4,17.4,16.04
2019-04-17,0.69,25.8,17.42,17.97
2019-04-18,0.03,24.87,14.77,22.02
2019-04-19,0.01,25.13,13.1,22.14
2019-04-20,0.02,25.3,13.86,21.71
2019-04-21,0.0,27.71,15.53,20.49
2019-04-22,0.0,27.56,16.19,18.04
2019-04-23,6.14,27.7,16.51,17.28
2019-04-24,1.09,27.09,17.49,17.17
2019-04-25,3.35,27.59,17.76,16.88
2019-04-26,1.43,27.19,17.19,17.21
2019-04-27,0.07,27.37,17.94,18.46
2019-04-28,11.07,26.61,17.68,18.29
2019-04-29,2.88,24.44,14.6,17.31
2019-04-30,0.21,25.41,14.55,19.63
2019-05-01,0.01,25.36,14.17,14.52
2019-05-02,0.0,26.29,15.6,10.18
2019-05-03,0.0,27.41,16.71,15.29
2019-05-04,0.81,27.07,17.18,13.29
2019-05-05,0.78,26.57,16.8,16.19
2019-05-06,1.01,26.41,16.84,15.91
2019-05-07,3.01,25.43,16.66,15.02
2019-05-08,0.62,23.71,15.27,16.18
2019-05-09,0.23,25.35,14.35,14.57
2019-05-10,0.02,25.84,16.03,13.28
2019-05-11,0.02,27.07,17.12,14.14
2019-05-12,2.41,27.13,17.66,15.0
2019-05-13,1.85,25.7,18.09,15.7
2019-05-14,2.74,25.97,16.29,14.68
2019-05-15,3.7,21.36,14.95,12.81
2019-05-16,9.75,21.36,15.52,15.19
2019-05-17,17.91,20.11,15.52,6.68
2019-05-18,4.21,21.31,15.14,10.54
2019-05-19,2.1,23.24,13.2,14.16
2019-05-20,0.58,23.16,12.32,17.12
2019-05-21,0.02,23.67,11.6,16.53
2019-05-22,0.07,23.67,11.43,17.83
2019-05-23,0.02,24.26,12.51,16.09
2019-05-24,1.44,20.44,14.4,6.79
2019-05-25,0.05,18.59,10.02,16.77
2019-05-26,0.06,21.82,10.88,18.01
2019-05-27,0.01,24.11,8.48,17.85
2019-05-28,4.35,25.32,10.61,15.42
2019-05-29,2.6,25.18,15.0,14.56
2019-05-30,0.31,25.76,15.41,14.05
2019-05-31,0.31,25.57,15.77,12.98
2019-06-01,5.24,24.45,15.35,13.31
2019-06-02,11.24,22.1,15.45,12.55
2019-06-03,10.24,19.52,14.14,5.37
2019-06-04,1.95,16.83,9.72,13.73
2019-06-05,0.3,18.88,9.78,16.47
2019-06-06,0.12,20.41,9.87,14.87
2019-06-07,0.0,21.51,8.6,16.88
2019-06-08,0.0,21.53,9.39,13.63
2019-06-09,0.01,21.1,9.51,16.73
2019-06-10,0.01,22.0,10.17,16.67
2019-06-11,0.0,22.8,9.86,16.02
2019-06-12,0.0,23.47,10.8,14.54
2019-06-13,0.01,24.48,12.77,14.22
2019-06-14,0.0,25.27,12.69,14.83
2019-06-15,0.0,24.54,13.06,15.08
2019-06-16,0.0,24.31,12.72,14.63
2019-06-17,0.09,23.05,12.43,11.11
2019-06-18,0.02,23.26,11.22,13.79
2019-06-19,0.02,23.16,11.92,10.91
2019-06-20,0.17,22.81,14.07,15.07
2019-06-21,0.12,22.31,13.44,13.91
2019-06-22,0.01,23.85,12.15,13.52
2019-06-23,0.04,23.05,10.55,14.2
2019-06-24,0.0,23.76,10.27,16.52
2019-06-25,0.04,24.94,11.55,15.0
2019-06-26,0.01,25.63,14.32,15.25
2019-06-27,0.06,25.21,13.62,14.06
2019-06-28,0.02,25.95,14.16,15.32
2019-06-29,0.0,25.65,13.4,16.3
2019-06-30,0.02,25.6,12.55,16.18
2019-07-01,0.01,25.59,12.97,14.94
2019-07-02,0.02,25.02,12.07,13.29
2019-07-03,0.12,25.46,12.8,14.21
2019-07-04,38.49,18.37,13.72,9.1
2019-07-05,25.12,15.59,9.5,4.11
2019-07-06,0.18,14.06,4.51,15.72
2019-07-07,0.11,14.65,4.15,17.49
2019-07-08,0.02,18.94,4.09,17.15
2019-07-09,0.05,21.08,4.56,17.23
2019-07-10,0.18,21.37,6.64,17.29
2019-07-11,0.02,21.69,6.91,17.46
2019-07-12,0.08,22.94,7.64,17.5
2019-07-13,0.01,23.87,10.06,16.67
2019-07-14,0.01,24.31,11.6,16.75
2019-07-15,0.29,24.34,12.43,16.02
2019-07-16,3.32,18.43,6.62,11.64
2019-07-17,0.08,17.02,6.3,15.54
2019-07-18,0.01,20.01,8.58,16.35
2019-07-19,0.01,20.62,8.61,16.63
2019-07-20,0.01,22.16,9.43,17.27
2019-07-21,0.0,21.98,9.17,15.76
2019-07-22,0.0,23.96,11.58,15.7
2019-07-23,0.0,24.5,11.23,17.45
2019-07-24,0.01,25.54,10.64,17.95
2019-07-25,0.04,24.73,11.88,16.4
2019-07-26,0.05,25.19,11.94,15.59
2019-07-27,0.0,26.06,11.28,17.83
2019-07-28,0.03,23.71,12.73,18.13
2019-07-29,0.0,24.63,11.57,16.92
2019-07-30,3.09,24.17,10.83,14.79
2019-07-31,0.03,24.7,12.4,18.65
2019-08-01,0.01,26.77,10.37,18.43
2019-08-02,0.54,27.47,13.05,15.79
2019-08-03,6.45,15.48,10.13,5.21
2019-08-04,4.28,11.97,8.98,3.02
2019-08-05,0.97,19.95,8.88,11.97
2019-08-06,0.04,24.79,9.79,16.19
2019-08-07,0.05,25.47,11.65,15.34
2019-08-08,0.02,27.2,12.79,18.26
2019-08-09,0.0,27.59,12.68,19.39
2019-08-10,0.02,27.99,13.61,16.16
2019-08-11,0.18,27.53,13.2,19.17
2019-08-12,0.02,29.1,14.42,18.97
2019-08-13,0.91,26.06,12.33,18.08
2019-08-14,0.76,15.38,8.48,15.75
2019-08-15,0.08,22.46,8.36,20.04
2019-08-16,0.05,25.17,7.79,20.66
2019-08-17,0.01,25.99,9.03,20.39
2019-08-18,0.02,27.79,11.96,17.34
2019-08-19,3.83,23.77,13.23,11.33
2019-08-20,3.72,20.95,12.74,8.85
2019-08-21,0.34,24.41,11.85,17.95
2019-08-22,0.59,21.6,11.6,18.91
2019-08-23,0.68,21.64,10.4,12.79
2019-08-24,0.47,22.06,10.35,21.44
2019-08-25,0.18,23.72,10.54,21.77
2019-08-26,0.01,27.08,10.12,21.07
2019-08-27,0.08,27.86,11.98,19.99
2019-08-28,0.08,24.86,13.49,15.39
2019-08-29,0.0,28.14,10.61,19.29
2019-08-30,0.0,29.29,12.51,21.82
2019-08-31,2.11,31.06,15.16,17.63
2019-09-01,11.67,29.69,15.22,10.3
2019-09-02,12.4,25.81,13.41,13.79
2019-09-03,3.01,28.65,15.62,10.55
2019-09-04,1.38,28.82,15.11,14.26
2019-09-05,4.11,18.22,12.06,16.69
2019-09-06,1.85,24.0,11.68,15.5
2019-09-07,0.07,30.68,13.06,21.23
2019-09-08,0.0,32.45,16.72,21.02
2019-09-09,0.0,31.99,15.76,23.38
2019-09-10,0.0,32.8,15.21,23.48
2019-09-11,0.01,34.24,17.74,22.61
2019-09-12,0.0,35.02,18.06,23.05
2019-09-13,0.1,30.56,15.8,21.39
2019-09-14,0.17,31.25,15.29,21.93
2019-09-15,0.19,33.57,15.81,21.89
2019-09-16,0.0,34.75,16.83,23.16
2019-09-17,0.07,35.29,17.56,23.55
2019-09-18,0.02,35.41,17.83,22.53
2019-09-19,0.25,32.73,17.77,16.72
2019-09-20,2.32,33.73,18.66,16.1
2019-09-21,1.59,23.86,15.59,12.57
2019-09-22,3.24,19.99,13.06,15.8
2019-09-23,0.22,22.59,11.45,21.75
2019-09-24,1.38,26.8,10.94,18.72
2019-09-25,4.76,24.93,13.43,4.18
2019-09-26,7.76,21.7,14.82,5.64
2019-09-27,0.55,26.51,12.84,24.79
2019-09-28,0.36,26.35,12.98,23.32
2019-09-29,0.03,28.65,11.23,23.87
2019-09-30,0.02,30.55,11.64,26.35
2019-10-01,0.01,33.05,13.09,26.71
2019-10-02,0.01,34.66,14.95,26.78
2019-10-03,0.02,31.51,15.62,26.89
2019-10-04,0.0,32.79,13.46,27.21
2019-10-05,0.0,33.76,15.31,26.67
2019-10-06,0.8,32.07,17.03,22.08
2019-10-07,6.16,27.4,16.46,17.82
2019-10-08,13.43,25.76,16.11,10.27
2019-10-09,5.91,25.4,15.32,9.44
2019-10-10,0.3,29.14,14.15,22.23
2019-10-11,0.03,31.08,16.46,24.95
2019-10-12,0.34,33.55,17.06,25.8
2019-10-13,0.03,34.73,17.58,25.65
2019-10-14,0.0,34.03,17.92,26.98
2019-10-15,0.21,29.85,16.97,20.32
2019-10-16,0.42,29.67,16.28,23.04
2019-10-17,0.4,33.16,16.49,23.83
2019-10-18,2.02,33.17,18.52,22.37
2019-10-19,0.93,30.37,17.1,19.36
2019-10-20,0.19,27.1,13.46,24.25
2019-10-21,0.38,28.92,12.93,13.77
2019-10-22,0.27,26.14,16.3,19.71
2019-10-23,0.05,28.26,15.65,24.03
2019-10-24,2.71,30.68,15.52,21.62
2019-10-25,0.23,33.31,15.94,26.12
2019-10-26,0.81,32.41,16.98,22.71
2019-10-27,1.03,35.15,17.66,27.8
2019-10-28,6.98,26.82,20.03,22.31
2019-10-29,2.01,30.18,17.92,21.97
2019-10-30,2.99,33.57,17.63,25.17
2019-10-31,0.17,33.07,17.6,23.11
2019-11-01,0.13,31.35,16.93,25.88
2019-11-02,0.04,34.56,16.8,28.09
2019-11-03,0.0,35.04,18.74,27.28
2019-11-04,2.54,35.84,19.62,25.9
2019-11-05,9.1,29.45,20.99,17.79
2019-11-06,6.86,27.58,16.71,20.86
2019-11-07,1.83,30.38,16.09,17.26
2019-11-08,13.52,27.64,18.61,10.1
2019-11-09,1.36,28.18,17.83,14.01
2019-11-10,2.34,25.2,18.53,10.37
2019-11-11,2.44,29.31,17.48,22.99
2019-11-12,0.4,26.45,16.04,22.23
2019-11-13,32.57,29.68,15.46,21.46
2019-11-14,24.97,23.65,19.45,12.74
2019-11-15,17.34,24.3,15.31,11.51
2019-11-16,0.95,24.88,12.01,30.02
2019-11-17,0.19,27.84,13.44,25.88
2019-11-18,1.26,29.64,14.23,25.28
2019-11-19,1.98,28.86,15.59,24.0
2019-11-20,0.36,29.56,16.35,23.57
2019-11-21,0.68,31.09,16.73,25.87
2019-11-22,1.42,30.31,17.98,23.85
2019-11-23,4.72,29.62,17.72,22.55
2019-11-24,1.64,22.52,12.75,11.79
2019-11-25,0.02,28.35,11.73,20.84
2019-11-26,0.04,32.32,13.35,27.32
2019-11-27,11.65,27.22,19.47,18.86
2019-11-28,8.29,22.5,14.59,13.2
2019-11-29,0.3,29.28,13.58,23.49
2019-11-30,20.8,30.1,17.24,21.33
2019-12-01,5.36,30.57,18.23,15.5
2019-12-02,3.87,24.15,14.31,23.72
2019-12-03,0.07,28.99,13.41,21.42
2019-12-04,1.19,29.98,16.66,20.83
2019-12-05,6.93,27.18,19.48,13.36
2019-12-06,25.31,26.07,16.17,9.71
2019-12-07,0.41,27.6,14.56,28.47
2019-12-08,0.0,29.68,11.81,27.13
2019-12-09,1.42,28.47,15.66,22.09
2019-12-10,16.29,26.86,19.24,8.27
2019-12-11,13.86,24.2,19.15,10.55
2019-12-12,3.18,27.37,18.22,12.07
2019-12-13,2.07,27.34,18.21,24.24
2019-12-14,7.29,28.4,18.39,17.39
2019-12-15,0.28,30.54,18.79,22.81
2019-12-16,0.07,31.83,18.09,28.6
2019-12-17,8.78,29.98,19.51,26.05
2019-12-18,6.11,24.23,18.01,13.9
2019-12-19,2.44,26.28,17.42,19.32
2019-12-20,0.55,27.31,17.82,16.66
2019-12-21,1.28,26.89,19.09,22.22
2019-12-22,11.9,26.57,18.96,17.66
2019-12-23,25.54,25.32,18.56,8.81
2019-12-24,1.47,27.63,16.59,29.02
2019-12-25,0.02,30.23,16.44,30.87
2019-12-26,0.07,31.24,17.21,29.61
2019-12-27,0.1,30.23,17.73,28.43
2019-12-28,0.12,30.95,17.95,27.18
2019-12-29,0.51,30.72,18.12,26.45
2019-12-30,1.24,31.04,17.44,25.99
2019-12-31,3.68,31.09,18.36,27.6
2020-01-01,4.7,30.84,18.61,27.79
2020-01-02,14.12,24.96,18.91,14.31
2020-01-03,9.86,25.1,17.82,21.99
2020-01-04,8.84,23.28,17.31,18.28
2020-01-05,11.32,27.81,16.37,20.09
2020-01-06,6.17,28.37,18.27,22.87
2020-01-07,5.23,31.21,17.92,27.25
2020-01-08,12.87,28.22,20.4,18.62
2020-01-09,10.46,27.3,20.31,19.62
2020-01-10,0.57,29.55,20.02,21.89
2020-01-11,3.3,27.38,20.84,18.32
2020-01-12,18.57,26.33,20.11,18.33
2020-01-13,10.94,28.28,18.31,15.54
2020-01-14,0.47,27.77,17.63,20.51
2020-01-15,0.0,29.96,17.42,27.97
2020-01-16,11.01,30.22,20.47,25.34
2020-01-17,6.65,25.12,16.59,14.47
2020-01-18,1.98,25.96,15.89,21.45
2020-01-19,0.77,26.85,17.32,17.62
2020-01-20,0.36,27.88,17.15,22.93
2020-01-21,0.01,28.55,15.53,26.85
2020-01-22,2.53,25.66,15.49,15.73
2020-01-23,12.5,22.47,16.88,9.16
2020-01-24,3.86,24.35,16.63,18.21
2020-01-25,0.25,26.78,15.41,29.62
2020-01-26,0.04,28.27,13.13,31.95
2020-01-27,0.02,30.44,14.41,30.27
2020-01-28,1.96,31.62,15.65,24.88
2020-01-29,3.72,31.39,17.8,22.48
2020-01-30,8.61,26.95,20.87,17.91
2020-01-31,3.86,26.41,19.89,20.81
2020-02-01,14.82,27.52,19.75,13.52
2020-02-02,15.12,27.52,19.31,20.55
2020-02-03,17.11,23.61,18.24,14.43
2020-02-04,16.38,25.83,17.27,16.55
2020-02-05,5.94,27.13,18.54,18.88
2020-02-06,9.87,26.27,18.71,13.49
2020-02-07,1.69,26.63,16.97,17.16
2020-02-08,0.96,28.79,17.08,20.53
2020-02-09,10.23,26.83,18.02,16.17
2020-02-10,48.47,23.08,17.49,6.35
2020-02-11,13.4,22.04,15.84,12.48
2020-02-12,3.66,22.01,15.3,12.82
2020-02-13,0.75,26.97,16.34,22.55
2020-02-14,1.83,28.6,16.2,25.36
2020-02-15,0.41,29.03,17.27,25.61
2020-02-16,3.73,29.86,17.8,22.17
2020-02-17,1.88,30.34,18.26,25.06
2020-02-18,5.09,29.71,19.61,20.59
2020-02-19,3.03,30.23,19.76,20.47
2020-02-20,9.06,28.29,20.4,18.28
2020-02-21,27.59,25.9,18.16,9.74
2020-02-22,2.18,22.2,15.35,19.41
2020-02-23,0.33,25.0,14.43,20.1
2020-02-24,5.91,27.1,14.77,11.47
2020-02-25,18.58,28.43,18.06,19.52
2020-02-26,9.87,26.57,19.86,5.9
2020-02-27,19.57,22.63,15.29,11.59
2020-02-28,4.59,23.54,14.68,10.13
2020-02-29,3.43,28.13,16.45,20.66
2020-03-01,3.57,23.25,16.84,17.51
2020-03-02,4.15,23.91,16.53,21.01
2020-03-03,3.09,27.78,15.51,18.51
2020-03-04,0.78,26.23,15.91,22.82
2020-03-05,0.49,24.84,14.56,27.45
2020-03-06,0.16,24.99,13.52,26.8
2020-03-07,3.93,26.02,13.84,25.07
2020-03-08,6.25,26.25,14.45,18.73
2020-03-09,3.34,26.41,16.53,22.87
2020-03-10,0.73,28.15,17.16,23.59
2020-03-11,0.15,27.21,16.7,24.4
2020-03-12,0.03,28.01,16.85,25.21
2020-03-13,0.16,29.05,16.52,25.7
2020-03-14,0.36,29.64,17.7,24.13
2020-03-15,6.46,29.29,18.18,21.11
2020-03-16,8.0,28.59,19.07,20.71
2020-03-17,3.3,27.25,19.04,18.44
2020-03-18,0.56,29.32,17.47,23.72
2020-03-19,7.8,27.36,18.57,13.4
2020-03-20,7.6,25.41,18.99,11.39
2020-03-21,6.16,23.14,16.67,14.23
2020-03-22,0.67,24.59,15.3,23.22
2020-03-23,0.52,24.59,14.21,23.99
2020-03-24,0.06,24.67,12.77,25.2
2020-03-25,0.03,25.02,12.95,24.26
2020-03-26,0.01,25.99,13.48,24.15
2020-03-27,0.08,26.07,14.25,22.52
2020-03-28,0.59,25.93,15.44,19.59
2020-03-29,19.1,26.83,16.79,10.71
2020-03-30,2.96,26.05,17.97,16.81
2020-03-31,0.46,27.59,15.6,20.02
2020-04-01,0.32,27.68,16.24,21.01
2020-04-02,0.71,28.01,16.98,20.1
2020-04-03,3.41,26.84,13.1,14.87
2020-04-04,0.05,25.34,11.61,24.01
2020-04-05,0.07,26.83,13.24,23.6
2020-04-06,0.01,28.17,13.67,21.74
2020-04-07,1.62,25.06,16.86,12.65
2020-04-08,1.97,23.76,14.0,19.12
2020-04-09,0.36,23.44,11.84,22.23
2020-04-10,0.18,24.1,11.31,22.53
2020-04-11,0.23,25.08,12.58,20.27
2020-04-12,0.08,24.91,12.86,21.98
2020-04-13,0.12,25.59,12.89,19.28
2020-04-14,0.28,25.56,14.15,9.03
2020-04-15,0.24,24.72,15.85,14.76
2020-04-16,0.61,26.16,15.49,15.95
2020-04-17,0.23,24.86,14.12,18.94
2020-04-18,0.55,23.2,13.84,17.77
2020-04-19,0.26,24.93,14.25,15.63
2020-04-20,0.04,25.04,14.2,19.12
2020-04-21,0.02,24.99,12.96,20.18
2020-04-22,0.17,25.34,12.64,19.9
2020-04-23,0.25,26.02,13.46,20.23
2020-04-24,0.05,27.06,14.37,19.08
2020-04-25,0.11,28.02,14.11,20.27
2020-04-26,0.14,27.62,12.9,20.88
2020-04-27,0.75,25.26,13.49,20.6
2020-04-28,0.53,25.26,13.07,20.45
2020-04-29,0.01,25.65,11.64,20.23
2020-04-30,0.08,26.61,12.64,18.58
2020-05-01,0.13,27.25,15.01,18.77
2020-05-02,1.18,26.36,13.48,16.89
2020-05-03,0.33,22.0,12.34,17.75
2020-05-04,0.08,24.63,11.39,19.19
2020-05-05,0.01,25.24,11.66,15.97
2020-05-06,3.64,26.52,13.52,13.21
2020-05-07,3.3,16.42,11.67,13.86
2020-05-08,0.66,21.74,10.65,19.65
2020-05-09,0.11,23.62,10.69,19.7
2020-05-10,0.06,23.95,9.42,19.36
2020-05-11,0.22,24.68,10.27,19.38
2020-05-12,0.3,25.66,10.2,18.84
2020-05-13,0.16,24.25,12.37,11.6
2020-05-14,1.91,22.71,14.73,8.34
2020-05-15,4.01,21.51,13.59,11.33
2020-05-16,0.12,24.0,12.11,14.98
2020-05-17,0.11,24.74,10.65,18.26
2020-05-18,0.15,25.6,9.62,18.13
2020-05-19,0.03,25.24,12.39,17.57
2020-05-20,0.02,25.46,12.99,15.94
2020-05-21,0.07,25.49,12.48,16.16
2020-05-22,0.03,26.31,13.44,12.95
2020-05-23,4.1,23.48,15.38,6.83
2020-05-24,0.15,16.48,8.23,5.85
2020-05-25,0.11,18.66,7.19,16.92
2020-05-26,0.01,18.98,5.63,17.49
2020-05-27,0.33,21.15,4.65,17.04
2020-05-28,0.16,22.31,7.64,18.26
2020-05-29,0.02,25.82,6.68,17.97
2020-05-30,0.32,24.79,7.79,17.84
2020-05-31,0.15,23.66,8.54,17.49
2020-06-01,0.23,25.11,8.59,17.04
2020-06-02,1.97,23.01,10.38,13.59
2020-06-03,3.43,23.32,13.53,11.47
2020-06-04,3.43,24.76,13.59,11.21
2020-06-05,1.26,24.83,14.72,9.31
2020-06-06,5.97,26.92,14.4,10.41
2020-06-07,20.96,23.33,15.22,8.75
2020-06-08,0.24,25.14,13.99,13.73
2020-06-09,2.62,26.38,14.31,11.35
2020-06-10,1.98,26.87,16.58,12.42
2020-06-11,0.15,27.04,15.18,15.47
2020-06-12,0.1,27.84,15.29,14.49
2020-06-13,0.1,27.39,14.47,15.05
2020-06-14,1.37,21.36,13.02,14.16
2020-06-15,0.62,23.47,12.52,15.48
2020-06-16,0.11,24.23,12.43,13.73
2020-06-17,0.09,24.51,12.34,14.41
2020-06-18,0.02,23.81,11.0,15.16
2020-06-19,0.07,25.18,12.89,15.96
2020-06-20,0.06,26.72,11.76,16.18
2020-06-21,0.06,26.91,14.4,15.74
2020-06-22,0.03,26.8,12.16,16.37
2020-06-23,0.01,25.12,11.8,13.73
2020-06-24,0.01,25.81,11.23,14.66
2020-06-25,0.03,26.17,13.08,14.42
2020-06-26,11.91,19.76,14.59,9.67
2020-06-27,10.57,19.04,10.32,2.89
2020-06-28,0.6,19.36,10.3,13.85
2020-06-29,0.21,21.75,11.47,14.14
2020-06-30,0.1,22.45,12.55,12.53
2020-07-01,2.81,19.27,7.96,7.5
2020-07-02,0.25,20.06,7.42,16.92
2020-07-03,0.17,20.51,7.93,16.76
2020-07-04,0.16,24.86,8.84,17.07
2020-07-05,0.27,25.66,10.64,14.9
2020-07-06,0.16,26.21,13.13,15.17
2020-07-07,0.07,27.43,12.37,16.51
2020-07-08,0.03,26.36,12.84,15.19
2020-07-09,0.81,24.12,11.1,11.92
2020-07-10,0.11,24.53,10.78,16.31
2020-07-11,0.0,26.32,13.3,14.74
2020-07-12,0.0,27.12,13.59,14.62
2020-07-13,0.05,27.98,13.54,15.01
2020-07-14,1.12,23.49,13.16,10.5
2020-07-15,0.74,23.76,11.88,15.61
2020-07-16,0.29,25.18,10.82,15.51
2020-07-17,0.09,26.5,13.17,15.51
2020-07-18,0.02,26.4,12.44,14.38
2020-07-19,0.03,25.72,11.03,16.7
2020-07-20,0.02,26.13,9.84,18.08
2020-07-21,0.0,27.18,11.38,17.46
2020-07-22,0.01,27.52,11.33,17.87
2020-07-23,0.32,27.7,11.44,17.87
2020-07-24,0.13,26.52,11.19,18.32
2020-07-25,0.24,27.57,12.42,18.15
2020-07-26,0.33,25.98,13.43,16.66
2020-07-27,0.13,26.98,12.66,17.77
2020-07-28,0.05,28.33,14.73,17.59
2020-07-29,1.91,24.16,12.63,15.56
2020-07-30,3.7,18.24,11.59,14.79
2020-07-31,0.41,24.12,11.55,17.05
2020-08-01,0.05,24.92,11.68,17.15
2020-08-02,0.04,24.99,10.69,18.76
2020-08-03,0.02,25.62,8.54,18.67
2020-08-04,0.05,26.51,9.15,19.43
2020-08-05,0.1,26.4,8.82,19.39
2020-08-06,0.01,26.73,8.34,19.99
2020-08-07,0.0,26.71,8.68,20.03
2020-08-08,0.06,27.12,9.46,17.94
2020-08-09,0.06,26.17,11.31,14.96
2020-08-10,0.0,27.38,11.57,19.73
2020-08-11,0.08,27.88,12.3,15.85
2020-08-12,0.01,28.71,12.45,19.85
2020-08-13,0.67,29.82,16.13,17.15
2020-08-14,0.3,30.19,15.62,17.27
2020-08-15,0.74,28.93,16.82,14.28
2020-08-16,7.54,21.57,15.6,10.33
2020-08-17,9.93,26.85,15.39,2.44
2020-08-18,4.48,24.27,15.59,11.47
2020-08-19,0.72,30.77,16.7,17.66
2020-08-20,3.26,22.42,11.93,11.77
2020-08-21,9.2,13.82,8.52,1.94
2020-08-22,1.89,15.79,8.63,14.66
2020-08-23,0.09,20.9,8.96,21.35
2020-08-24,0.03,22.32,9.24,22.24
2020-08-25,0.05,21.78,7.8,22.82
2020-08-26,0.01,25.0,6.69,22.6
2020-08-27,0.01,28.99,8.03,22.7
2020-08-28,0.0,30.52,11.58,22.8
2020-08-29,0.0,30.58,13.49,22.72
2020-08-30,0.0,31.63,14.73,22.64
2020-08-31,0.01,29.05,14.56,22.47
2020-09-01,0.01,28.07,15.28,20.57
2020-09-02,0.01,29.1,14.65,20.96
2020-09-03,0.0,30.13,14.71,23.05
2020-09-04,0.0,32.72,14.85,22.98
2020-09-05,0.0,32.46,15.06,23.48
2020-09-06,0.0,32.5,14.74,22.18
2020-09-07,0.0,32.8,14.69,23.4
2020-09-08,0.0,32.19,14.22,22.8
2020-09-09,0.01,33.45,14.85,21.92
2020-09-10,0.0,34.17,16.01,21.66
2020-09-11,0.02,34.17,17.47,20.42
2020-09-12,0.08,35.05,18.9,20.81
2020-09-13,0.0,34.41,17.79,23.31
2020-09-14,0.11,33.47,16.77,23.33
2020-09-15,0.58,28.89,15.87,20.03
2020-09-16,0.02,32.47,14.87,23.29
2020-09-17,0.0,34.3,17.48,22.71
2020-09-18,0.0,33.05,15.8,16.23
2020-09-19,0.29,31.01,19.87,9.9
2020-09-20,2.46,28.21,15.35,3.35
2020-09-21,4.93,22.47,13.75,8.46
2020-09-22,15.7,19.03,13.39,8.27
2020-09-23,0.43,25.05,12.95,16.43
2020-09-24,0.03,30.06,13.35,24.69
2020-09-25,0.01,31.69,13.91,24.48
2020-09-26,0.0,33.11,14.89,25.65
2020-09-27,0.01,35.39,16.39,24.88
2020-09-28,0.17,34.61,18.78,20.78
2020-09-29,0.47,33.24,17.87,23.52
2020-09-30,0.35,36.21,18.08,23.34
2020-10-01,0.51,37.59,18.79,22.69
2020-10-02,0.19,37.66,22.69,24.0
2020-10-03,0.12,33.2,19.26,17.14
2020-10-04,0.14,34.08,18.06,20.32
2020-10-05,0.02,37.37,17.14,24.05
2020-10-06,1.1,38.07,22.15,22.69
2020-10-07,1.72,39.04,20.34,21.2
2020-10-08,5.44,35.56,19.73,7.25
2020-10-09,8.69,28.82,16.34,8.81
2020-10-10,0.02,27.27,13.53,15.32
2020-10-11,0.18,29.67,10.86,26.95
2020-10-12,0.17,31.57,12.07,24.81
2020-10-13,0.16,34.0,13.11,22.8
2020-10-14,0.81,33.97,17.8,18.42
2020-10-15,3.34,27.93,14.72,7.2
2020-10-16,0.73,24.6,13.52,8.44
2020-10-17,0.16,26.34,11.86,21.81
2020-10-18,0.01,27.36,13.86,22.45
2020-10-19,4.19,26.73,16.56,13.67
2020-10-20,6.45,28.75,15.82,13.35
2020-10-21,0.79,29.54,16.74,22.35
2020-10-22,0.34,29.93,15.9,23.32
2020-10-23,1.14,31.4,15.16,24.03
2020-10-24,1.6,25.45,17.14,11.04
2020-10-25,3.82,28.99,16.2,21.46
2020-10-26,1.0,31.22,15.53,27.57
2020-10-27,0.04,32.31,15.92,22.84
2020-10-28,0.0,34.01,15.98,30.94
2020-10-29,1.31,34.44,16.29,23.89
2020-10-30,9.24,24.62,14.95,8.47
2020-10-31,2.2,23.75,13.76,16.47
2020-11-01,0.55,21.83,11.43,23.23
2020-11-02,0.02,25.62,10.42,29.82
2020-11-03,2.45,24.09,10.33,18.22
2020-11-04,1.43,27.14,11.19,26.74
2020-11-05,1.13,26.64,12.66,26.22
2020-11-06,0.14,28.2,12.23,31.16
2020-11-07,0.0,32.79,11.71,30.24
2020-11-08,0.0,33.86,12.52,30.6
2020-11-09,5.96,34.92,16.07,26.42
2020-11-10,6.54,26.74,17.99,14.13
2020-11-11,7.5,28.53,17.6,19.48
2020-11-12,8.02,25.1,17.89,19.51
2020-11-13,4.39,25.94,17.84,20.01
2020-11-14,0.79,28.06,17.62,23.09
2020-11-15,0.29,32.79,17.05,27.52
2020-11-16,6.42,30.84,18.73,15.43
2020-11-17,12.19,28.49,17.57,16.53
2020-11-18,21.9,28.53,15.61,18.51
2020-11-19,4.57,24.38,14.39,13.19
2020-11-20,1.03,25.15,13.51,27.94
2020-11-21,0.07,27.85,12.83,29.17
2020-11-22,0.37,28.29,13.22,26.68
2020-11-23,0.2,29.36,14.74,28.44
2020-11-24,0.18,31.22,15.59,28.66
2020-11-25,0.11,33.32,16.32,28.89
2020-11-26,4.05,32.34,17.74,25.53
2020-11-27,0.73,32.6,17.54,25.11
2020-11-28,1.41,32.06,17.96,28.49
2020-11-29,3.21,32.24,17.74,25.46
2020-11-30,9.52,32.66,18.47,23.59
2020-12-01,7.23,29.02,19.15,24.92
2020-12-02,1.87,28.17,18.29,14.33
2020-12-03,3.38,32.16,17.97,21.64
2020-12-04,1.28,30.95,19.34,25.0
2020-12-05,10.61,29.63,17.96,17.88
2020-12-06,19.82,26.26,17.39,16.3
2020-12-07,21.0,27.05,17.73,11.84
2020-12-08,4.17,25.83,18.83,19.49
2020-12-09,6.39,26.21,17.41,20.87
2020-12-10,0.63,28.47,15.19,24.63
2020-12-11,16.88,25.23,17.19,12.13
2020-12-12,14.9,26.83,17.2,18.77
2020-12-13,10.12,25.71,19.16,18.98
2020-12-14,1.99,29.44,18.88,23.48
2020-12-15,9.67,29.3,19.19,20.05
2020-12-16,5.91,29.01,19.26,26.4
2020-12-17,8.43,25.72,19.82,18.58
2020-12-18,4.65,28.69,18.19,27.05
2020-12-19,2.58,30.21,18.97,27.5
2020-12-20,4.82,30.06,20.46,23.4
2020-12-21,2.2,31.09,19.11,25.17
2020-12-22,11.06,24.79,17.78,18.71
2020-12-23,0.88,26.97,16.59,21.78
2020-12-24,0.98,26.79,15.65,24.01
2020-12-25,2.98,26.72,15.43,17.95
2020-12-26,4.43,27.1,15.98,22.0
2020-12-27,10.41,23.41,17.93,10.25
2020-12-28,14.25,27.89,16.88,17.17
2020-12-29,11.8,26.21,17.99,16.64
2020-12-30,3.84,28.86,17.15,22.52
2020-12-31,3.02,28.79,18.67,18.87
2021-01-01,6.05,25.32,18.37,15.67
2021-01-02,4.15,25.36,17.56,24.28
2021-01-03,1.81,27.11,16.23,23.62
2021-01-04,4.93,28.19,16.51,27.81
2021-01-05,0.72,30.57,16.88,21.05
2021-01-06,12.94,28.32,18.98,21.67
2021-01-07,11.84,26.98,19.67,21.25
2021-01-08,1.89,27.7,18.95,17.2
2021-01-09,4.76,29.52,18.83,19.19
2021-01-10,10.58,28.1,20.12,16.68
2021-01-11,6.94,28.27,19.45,19.89
2021-01-12,7.81,27.13,19.7,18.01
2021-01-13,9.5,28.34,20.05,15.11
2021-01-14,10.52,28.23,18.84,20.91
2021-01-15,6.25,27.66,18.72,15.58
2021-01-16,2.65,28.34,18.54,19.5
2021-01-17,1.62,26.01,19.33,17.18
2021-01-18,1.06,29.26,20.0,23.1
2021-01-19,1.55,29.12,19.67,24.27
2021-01-20,0.2,30.4,18.27,26.86
2021-01-21,0.06,29.62,18.51,28.07
2021-01-22,0.06,28.97,18.9,24.96
2021-01-23,2.21,27.38,18.65,23.42
2021-01-24,4.05,26.05,18.06,21.16
2021-01-25,8.68,28.6,18.55,25.04
2021-01-26,1.29,29.31,17.86,23.25
2021-01-27,1.75,26.82,18.91,24.5
2021-01-28,0.53,30.37,17.51,25.13
2021-01-29,0.01,30.87,17.09,23.25
2021-01-30,0.05,32.22,18.44,27.42
2021-01-31,4.23,31.54,19.73,25.57
2021-02-01,5.03,25.88,20.11,18.7
2021-02-02,5.86,26.98,18.85,22.44
2021-02-03,2.4,31.62,17.55,27.92
2021-02-04,3.31,29.88,19.34,23.96
2021-02-05,18.63,28.94,18.92,14.19
2021-02-06,1.56,27.36,17.06,20.89
2021-02-07,0.54,26.95,15.47,25.96
2021-02-08,1.12,25.84,14.87,22.84
2021-02-09,1.93,26.98,15.08,23.71
2021-02-10,1.71,27.9,15.9,24.55
2021-02-11,10.58,26.31,16.5,11.86
2021-02-12,22.18,22.84,18.1,13.89
2021-02-13,14.91,25.09,17.78,10.66
2021-02-14,2.06,26.11,17.01,20.34
2021-02-15,0.98,27.53,17.24,21.03
2021-02-16,2.37,28.45,17.25,24.9
2021-02-17,12.16,28.48,18.0,17.13
2021-02-18,3.05,28.84,16.07,25.55
2021-02-19,1.04,29.56,18.09,27.99
2021-02-20,1.3,29.93,17.37,24.75
2021-02-21,2.17,29.1,17.94,23.18
2021-02-22,0.64,28.44,17.81,25.2
2021-02-23,0.11,31.31,16.17,28.16
2021-02-24,6.6,30.99,17.26,24.15
2021-02-25,8.32,27.48,17.52,12.29
2021-02-26,12.16,26.17,16.39,10.85
2021-02-27,5.06,27.52,16.4,17.93
2021-02-28,2.76,25.57,17.93,16.27
2021-03-01,1.35,27.52,18.54,20.88
2021-03-02,0.24,27.51,17.75,23.53
2021-03-03,0.48,29.2,17.91,24.53
2021-03-04,8.86,27.02,17.34,20.13
2021-03-05,10.74,25.97,18.06,12.81
2021-03-06,16.4,22.91,18.55,12.17
2021-03-07,8.16,25.47,18.04,10.46
2021-03-08,5.58,24.79,17.44,18.35
2021-03-09,4.2,27.63,15.83,23.5
2021-03-10,1.09,26.77,15.86,24.37
2021-03-11,3.14,27.14,15.98,19.41
2021-03-12,0.88,28.85,16.97,24.02
2021-03-13,1.1,29.8,17.49,23.05
2021-03-14,13.78,28.74,17.81,22.81
2021-03-15,1.04,28.16,17.59,20.75
2021-03-16,1.3,29.14,17.3,21.64
2021-03-17,5.59,29.05,17.1,21.39
2021-03-18,2.97,26.19,18.63,8.22
2021-03-19,4.49,26.89,18.26,19.09
2021-03-20,1.12,28.81,18.35,21.96
2021-03-21,0.4,29.72,16.8,23.8
2021-03-22,0.01,29.93,16.51,23.35
2021-03-23,0.03,30.21,16.66,22.66
2021-03-24,0.3,30.67,16.86,16.69
2021-03-25,0.63,30.85,18.16,23.3
2021-03-26,0.63,29.9,18.09,22.24
2021-03-27,0.57,31.73,17.06,22.2
2021-03-28,4.59,29.68,18.98,19.35
2021-03-29,4.18,29.85,18.14,22.19
2021-03-30,5.55,28.76,17.61,22.49
2021-03-31,2.54,25.46,15.58,17.84
2021-04-01,0.18,25.15,12.76,24.83
2021-04-02,0.32,26.13,14.85,23.94
2021-04-03,0.03,28.07,14.31,22.0
2021-04-04,0.28,26.74,16.04,20.68
2021-04-05,0.14,26.47,15.46,18.73
2021-04-06,4.23,24.23,16.06,8.88
2021-04-07,0.65,25.17,16.24,15.63
2021-04-08,0.07,27.47,14.89,22.8
2021-04-09,0.01,27.95,14.02,21.53
2021-04-10,0.01,28.19,12.46,23.39
2021-04-11,0.0,28.69,12.86,22.95
2021-04-12,0.28,29.17,13.16,22.69
2021-04-13,0.62,24.87,14.85,11.52
2021-04-14,0.03,25.63,12.87,19.72
2021-04-15,0.02,27.04,14.45,19.54
2021-04-16,0.26,27.09,14.09,17.89
2021-04-17,2.35,26.83,14.46,13.79
2021-04-18,4.49,25.67,15.45,11.7
2021-04-19,2.14,24.15,14.48,17.08
2021-04-20,0.98,23.19,14.52,18.39
2021-04-21,2.15,23.44,14.04,20.08
2021-04-22,0.96,22.86,14.21,19.15
2021-04-23,0.04,25.82,13.01,21.34
2021-04-24,0.01,27.32,13.94,20.92
2021-04-25,0.0,28.21,13.12,19.55
2021-04-26,0.6,27.61,16.45,17.33
2021-04-27,0.56,25.9,15.37,16.11
2021-04-28,0.12,26.68,14.18,19.19
2021-04-29,0.35,23.03,13.76,19.12
2021-04-30,0.14,24.8,13.03,18.41
2021-05-01,0.0,24.13,12.77,17.1
2021-05-02,0.01,26.42,10.41,17.89
2021-05-03,0.03,27.16,11.08,19.96
2021-05-04,0.03,27.82,11.28,19.59
2021-05-05,0.01,28.24,11.96,19.67
2021-05-06,0.01,27.86,11.51,18.31
2021-05-07,0.3,22.26,14.38,15.55
2021-05-08,0.1,24.08,13.04,17.74
2021-05-09,0.03,25.32,12.98,17.21
2021-05-10,0.01,25.8,12.13,15.6
2021-05-11,0.0,26.53,11.56,13.83
2021-05-12,12.78,25.66,12.33,10.55
2021-05-13,3.19,21.55,12.89,13.72
2021-05-14,0.12,23.71,12.2,15.95
2021-05-15,0.7,23.95,13.05,8.51
2021-05-16,0.1,24.99,12.7,14.39
2021-05-17,0.0,24.85,11.53,16.69
2021-05-18,0.07,24.19,11.48,15.66
2021-05-19,0.03,25.84,10.99,18.5
2021-05-20,0.32,26.38,9.45,18.54
2021-05-21,0.11,26.84,10.7,14.73
2021-05-22,2.6,23.05,13.7,4.16
2021-05-23,3.76,23.73,15.83,6.49
2021-05-24,0.0,22.24,9.88,14.94
2021-05-25,0.03,25.7,10.81,16.65
2021-05-26,0.02,26.67,10.37,16.5
2021-05-27,0.0,26.66,13.11,15.01
2021-05-28,0.04,28.92,13.44,14.72
2021-05-29,1.79,27.28,16.89,10.74
2021-05-30,2.42,26.77,16.18,10.62
2021-05-31,1.85,24.84,14.22,11.07
2021-06-01,0.05,25.83,12.82,15.68
2021-06-02,0.06,26.89,10.25,16.48
2021-06-03,0.0,27.89,12.92,16.0
2021-06-04,0.01,27.79,12.9,16.72
2021-06-05,0.02,26.46,12.57,16.46
2021-06-06,0.05,24.21,12.37,10.61
2021-06-07,3.05,24.65,12.57,11.19
2021-06-08,1.18,24.74,14.03,13.46
2021-06-09,0.08,23.91,14.16,13.6
2021-06-10,5.85,26.27,14.08,8.21
2021-06-11,0.58,22.43,13.83,8.52
2021-06-12,0.06,22.79,11.62,16.04
2021-06-13,0.04,22.33,10.22,16.57
2021-06-14,0.02,24.59,9.29,16.72
2021-06-15,0.05,24.61,9.11,15.35
2021-06-16,0.22,21.71,11.32,15.81
2021-06-17,0.27,21.03,11.09,15.59
2021-06-18,0.05,23.04,10.61,14.88
2021-06-19,0.45,23.82,12.18,9.5
2021-06-20,0.4,23.66,11.17,11.19
2021-06-21,0.77,22.5,11.06,14.06
2021-06-22,8.93,18.66,10.93,5.68
2021-06-23,0.21,21.49,11.13,14.45
2021-06-24,0.08,24.45,10.1,15.56
2021-06-25,0.07,28.0,12.21,14.64
2021-06-26,0.06,27.3,12.6,14.95
2021-06-27,0.03,26.78,12.87,15.75
2021-06-28,0.1,25.91,10.54,16.54
2021-06-29,0.42,17.89,7.52,5.76
2021-06-30,0.04,16.79,4.47,14.48
2021-07-01,0.4,20.55,5.82,17.23
2021-07-02,0.01,23.81,7.02,16.51
2021-07-03,0.02,24.51,8.34,16.63
2021-07-04,0.44,22.02,10.78,15.96
2021-07-05,0.14,22.77,10.57,13.4
2021-07-06,0.11,21.59,10.86,13.91
2021-07-07,0.02,22.86,10.83,16.4
2021-07-08,0.01,24.13,8.78,17.08
2021-07-09,0.01,24.71,9.48,16.95
2021-07-10,0.01,25.11,8.34,17.0
2021-07-11,0.06,25.78,9.17,16.97
2021-07-12,0.02,25.62,9.19,17.34
2021-07-13,0.01,25.36,9.55,17.18
2021-07-14,0.03,24.42,10.66,16.91
2021-07-15,0.01,26.82,11.38,16.59
2021-07-16,0.38,26.32,12.09,13.66
2021-07-17,0.33,26.73,12.27,12.15
2021-07-18,0.06,24.7,9.32,13.6
2021-07-19,0.0,20.27,3.82,18.37
2021-07-20,0.01,20.65,2.68,17.23
2021-07-21,0.0,25.41,6.48,14.08
2021-07-22,0.02,26.54,6.16,18.37
2021-07-23,0.07,26.99,9.18,18.38
2021-07-24,0.01,27.92,8.19,18.63
2021-07-25,0.01,27.45,9.48,18.51
2021-07-26,0.0,27.67,10.09,18.7
2021-07-27,0.24,28.41,12.08,16.82
2021-07-28,21.03,14.89,8.11,3.5
2021-07-29,0.01,15.7,2.09,18.92
2021-07-30,0.29,15.51,1.75,18.38
2021-07-31,0.15,20.73,5.37,17.29
2021-08-01,0.01,22.51,7.43,16.14
2021-08-02,0.03,23.83,8.54,18.15
2021-08-03,0.05,19.73,10.28,17.0
2021-08-04,0.01,22.17,9.88,17.26
2021-08-05,0.0,23.11,9.2,15.25
2021-08-06,0.01,23.42,10.85,16.23
2021-08-07,0.01,25.49,9.89,16.64
2021-08-08,0.0,25.55,10.02,16.19
2021-08-09,0.0,26.6,10.38,16.6
2021-08-10,0.0,27.88,10.72,19.81
2021-08-11,0.15,24.51,11.93,19.52
2021-08-12,0.29,24.34,12.2,16.51
2021-08-13,0.5,23.81,12.57,15.72
2021-08-14,0.17,26.22,11.97,16.17
2021-08-15,0.02,28.73,11.72,18.05
2021-08-16,3.31,29.64,13.87,14.22
2021-08-17,0.25,30.47,13.12,18.6
2021-08-18,0.0,31.9,14.38,20.45
2021-08-19,0.01,31.83,13.42,21.15
2021-08-20,0.12,30.57,13.79,21.49
2021-08-21,0.19,30.63,14.47,21.23
2021-08-22,0.0,30.05,12.89,21.42
2021-08-23,0.0,30.75,13.86,21.53
2021-08-24,0.0,32.48,13.82,20.52
2021-08-25,0.0,32.7,15.27,20.2
2021-08-26,0.02,33.29,17.06,19.77
2021-08-27,1.89,28.27,14.8,11.24
2021-08-28,5.52,20.73,14.45,3.59
2021-08-29,5.4,21.59,14.32,14.5
2021-08-30,0.69,24.82,13.59,19.47
2021-08-31,0.32,25.07,12.45,21.81
2021-09-01,0.02,27.23,11.67,22.19
2021-09-02,0.0,29.21,12.35,21.41
2021-09-03,0.0,30.16,14.34,19.94
2021-09-04,0.01,31.3,16.58,21.29
2021-09-05,0.0,31.74,14.57,19.43
2021-09-06,0.07,30.52,14.09,23.09
2021-09-07,0.05,33.31,14.22,19.82
2021-09-08,0.06,34.0,16.16,17.57
2021-09-09,4.53,33.47,17.28,14.48
2021-09-10,3.39,27.75,17.18,11.62
2021-09-11,1.4,24.19,16.53,17.09
2021-09-12,0.17,33.12,14.97,20.79
2021-09-13,0.08,35.03,16.54,19.31
2021-09-14,0.0,35.19,18.97,17.78
2021-09-15,0.51,31.7,17.58,6.69
2021-09-16,0.95,27.74,15.33,16.37
2021-09-17,0.27,30.66,14.67,18.24
2021-09-18,0.03,33.55,16.86,21.37
2021-09-19,0.01,33.17,16.7,21.72
2021-09-20,0.0,35.84,17.26,22.06
2021-09-21,0.71,36.6,14.37,18.96
2021-09-22,0.48,23.07,11.61,19.85
2021-09-23,0.09,28.43,8.97,24.04
2021-09-24,0.01,32.47,11.08,24.71
2021-09-25,4.09,30.3,14.15,17.86
2021-09-26,1.51,31.66,14.35,18.43
2021-09-27,0.17,31.15,15.74,21.41
2021-09-28,0.0,33.38,15.13,23.61
2021-09-29,0.08,32.98,17.11,19.38
2021-09-30,0.28,30.67,14.52,24.22
2021-10-01,0.48,34.78,15.69,16.52
2021-10-02,4.43,31.13,19.19,12.17
2021-10-03,20.37,31.74,17.92,17.81
2021-10-04,2.47,31.28,17.72,14.43
2021-10-05,1.66,27.62,15.13,18.47
2021-10-06,4.75,32.93,14.12,23.41
2021-10-07,1.22,27.35,14.2,8.07
2021-10-08,0.28,28.96,13.02,22.86
2021-10-09,8.23,29.01,13.4,16.82
2021-10-10,7.99,22.65,14.23,7.49
2021-10-11,8.94,24.37,14.39,6.93
2021-10-12,2.03,26.61,13.86,21.37
2021-10-13,0.24,29.88,14.26,23.45
2021-10-14,3.06,31.37,16.12,16.66
2021-10-15,13.03,29.53,18.67,20.9
2021-10-16,2.77,29.24,16.61,17.42
2021-10-17,2.11,29.09,15.35,20.89
2021-10-18,13.75,21.89,14.57,7.82
2021-10-19,6.11,22.27,13.15,9.53
2021-10-20,3.51,20.55,11.32,13.43
2021-10-21,0.15,24.58,10.41,23.33
2021-10-22,0.02,28.25,11.01,26.68
2021-10-23,0.08,31.46,12.49,27.54
2021-10-24,17.8,26.27,14.17,10.52
2021-10-25,1.97,28.63,12.77,19.94
2021-10-26,2.82,25.61,15.65,19.6
2021-10-27,9.15,26.85,16.53,13.27
2021-10-28,13.21,24.18,17.63,12.1
2021-10-29,0.89,26.56,16.42,21.63
2021-10-30,0.77,25.21,16.1,23.53
2021-10-31,10.44,22.45,15.76,7.61
2021-11-01,3.72,25.74,15.79,13.97
2021-11-02,1.13,26.68,15.16,23.17
2021-11-03,0.27,27.82,14.62,26.24
2021-11-04,0.04,29.7,14.24,29.46
2021-11-05,0.01,29.26,15.26,28.28
2021-11-06,0.0,29.96,13.56,30.17
2021-11-07,0.01,30.02,14.26,28.33
2021-11-08,0.34,30.69,14.73,24.42
2021-11-09,2.42,30.01,15.32,23.12
2021-11-10,0.7,29.27,14.46,22.04
2021-11-11,4.57,25.9,14.82,8.47
2021-11-12,0.59,24.51,12.13,16.16
2021-11-13,0.12,26.08,11.09,27.73
2021-11-14,0.3,29.86,11.47,28.18
2021-11-15,0.27,31.36,12.85,27.38
2021-11-16,0.04,31.04,15.85,27.2
2021-11-17,0.07,33.11,16.09,27.9
2021-11-18,22.29,25.58,18.74,10.31
2021-11-19,11.67,25.37,16.33,11.57
2021-11-20,2.07,25.77,13.91,25.53
2021-11-21,0.27,27.83,12.66,28.1
2021-11-22,0.05,30.57,12.04,31.13
2021-11-23,0.01,32.77,13.52,31.1
2021-11-24,0.15,31.08,15.18,26.95
2021-11-25,0.4,33.09,16.63,27.6
2021-11-26,9.74,28.61,19.19,10.02
2021-11-27,0.63,29.87,18.61,27.44
2021-11-28,0.0,30.86,16.51,29.47
2021-11-29,1.59,33.07,19.22,26.0
2021-11-30,14.11,27.39,19.16,11.29
2021-12-01,1.39,30.07,17.39,27.8
2021-12-02,2.35,30.37,16.3,25.07
2021-12-03,1.58,28.16,15.57,25.98
2021-12-04,0.18,30.09,14.9,28.5
2021-12-05,6.76,29.29,15.94,21.58
2021-12-06,3.74,28.02,16.45,19.33
2021-12-07,6.97,24.2,14.61,19.47
2021-12-08,4.13,22.78,13.71,22.8
2021-12-09,0.42,26.76,13.2,29.46
2021-12-10,0.03,29.1,12.92,31.46
2021-12-11,0.05,31.92,12.37,28.11
2021-12-12,6.99,32.42,17.61,20.35
2021-12-13,5.24,28.84,18.92,13.88
2021-12-14,6.15,29.57,19.23,15.65
2021-12-15,13.22,26.96,20.17,10.63
2021-12-16,16.49,27.76,19.55,16.91
2021-12-17,13.25,27.96,18.94,14.66
2021-12-18,1.77,27.24,16.75,23.37
2021-12-19,0.3,27.06,15.02,28.08
2021-12-20,0.14,28.47,14.07,28.91
2021-12-21,0.03,30.76,16.26,27.15
2021-12-22,6.65,30.73,16.95,26.26
2021-12-23,4.53,25.99,14.32,21.55
2021-12-24,0.67,26.52,14.05,29.89
2021-12-25,0.05,28.34,14.0,29.45
2021-12-26,0.43,30.88,14.52,29.6
2021-12-27,9.18,29.32,17.27,22.77
2021-12-28,6.92,29.88,17.25,12.96
2021-12-29,6.11,28.23,17.26,23.4
2021-12-30,10.64,25.52,17.08,9.23
2021-12-31,17.77,23.62,17.42,9.43
2022-01-01,7.83,25.43,16.77,14.52
2022-01-02,3.99,28.11,18.86,18.5
2022-01-03,10.79,27.45,18.47,17.95
2022-01-04,11.14,25.91,19.21,15.54
2022-01-05,7.62,26.88,18.7,15.52
2022-01-06,18.44,22.69,18.17,18.43
2022-01-07,7.36,22.96,17.41,10.33
2022-01-08,4.46,25.21,16.08,19.54
2022-01-09,5.89,21.54,15.36,9.81
2022-01-10,4.21,25.62,15.44,12.52
2022-01-11,8.78,23.23,16.98,12.73
2022-01-12,3.08,25.25,17.42,14.48
2022-01-13,11.05,27.77,18.04,23.99
2022-01-14,1.29,26.88,19.34,21.22
2022-01-15,3.09,25.56,19.04,14.69
2022-01-16,6.32,27.95,17.64,16.21
2022-01-17,2.85,28.69,17.98,24.52
2022-01-18,5.38,30.18,17.81,27.57
2022-01-19,4.04,28.08,19.72,26.09
2022-01-20,6.81,30.8,18.29,26.28
2022-01-21,0.72,30.03,18.02,28.43
2022-01-22,0.44,30.67,17.13,27.39
2022-01-23,1.05,31.04,19.34,27.06
2022-01-24,1.52,31.64,19.1,26.04
2022-01-25,1.35,30.69,19.48,26.22
2022-01-26,6.77,26.75,20.08,23.81
2022-01-27,4.83,29.81,19.1,25.37
2022-01-28,9.09,25.04,18.88,18.1
2022-01-29,45.17,24.86,18.34,10.27
2022-01-30,20.74,25.82,18.5,6.24
2022-01-31,9.32,25.33,18.04,11.85
2022-02-01,7.81,26.67,18.4,11.4
2022-02-02,13.65,23.56,18.16,11.25
2022-02-03,6.6,26.03,17.27,17.99
2022-02-04,4.25,26.78,18.27,17.38
2022-02-05,4.73,27.57,18.56,15.3
2022-02-06,17.32,25.73,19.6,16.98
2022-02-07,9.77,24.38,17.38,12.25
2022-02-08,1.35,25.18,15.01,21.72
2022-02-09,0.08,23.85,13.39,25.06
2022-02-10,1.5,26.78,15.09,25.88
2022-02-11,1.57,27.39,16.19,21.44
2022-02-12,0.62,27.67,16.68,24.9
2022-02-13,0.41,28.86,16.49,25.98
2022-02-14,0.39,29.73,16.44,27.4
2022-02-15,1.0,25.82,17.82,22.91
2022-02-16,1.48,28.51,15.91,25.44
2022-02-17,7.04,27.01,16.62,18.4
2022-02-18,1.45,23.95,16.34,12.8
2022-02-19,2.35,27.01,16.06,23.04
2022-02-20,2.28,27.46,17.11,22.83
2022-02-21,1.18,28.96,17.72,24.69
2022-02-22,0.25,30.44,17.4,25.35
2022-02-23,4.78,29.79,16.01,25.12
2022-02-24,5.11,29.58,18.75,22.93
2022-02-25,0.65,30.67,17.68,24.85
2022-02-26,0.69,30.15,17.32,25.83
2022-02-27,1.12,30.4,17.77,25.23
2022-02-28,0.41,30.3,18.52,23.99
2022-03-01,12.2,30.08,19.08,22.39
2022-03-02,2.35,30.65,18.4,26.02
2022-03-03,0.79,30.14,18.41,24.51
2022-03-04,3.54,28.3,18.14,24.09
2022-03-05,2.02,29.03,17.95,20.36
2022-03-06,1.83,29.07,19.81,23.31
2022-03-07,2.88,30.51,19.37,22.55
2022-03-08,0.76,31.57,19.12,23.34
2022-03-09,3.18,30.89,18.12,22.89
2022-03-10,4.97,28.34,18.29,20.74
2022-03-11,7.96,27.45,19.24,15.05
2022-03-12,11.7,26.91,18.66,16.27
2022-03-13,4.88,25.6,18.05,16.61
2022-03-14,5.09,25.8,18.92,14.28
2022-03-15,7.37,26.92,18.67,18.09
2022-03-16,9.71,29.06,19.2,18.34
2022-03-17,1.39,28.41,18.57,21.05
2022-03-18,1.73,30.4,18.74,21.36
2022-03-19,2.55,29.6,18.31,19.89
2022-03-20,8.5,23.99,16.86,10.09
2022-03-21,1.13,23.45,14.62,19.71
2022-03-22,0.03,26.51,13.54,23.77
2022-03-23,0.01,28.54,14.9,23.34
2022-03-24,0.01,29.29,17.02,23.32
2022-03-25,2.78,29.13,19.03,20.93
2022-03-26,7.97,27.36,18.42,16.53
2022-03-27,3.93,26.05,18.77,13.1
2022-03-28,4.34,27.15,18.79,15.93
2022-03-29,2.24,27.89,18.36,22.9
2022-03-30,0.05,28.78,17.25,19.45
2022-03-31,4.55,24.12,15.94,14.15
2022-04-01,5.89,23.21,15.35,12.37
2022-04-02,3.36,24.28,16.14,18.56
2022-04-03,1.18,27.9,17.26,20.79
2022-04-04,1.07,29.3,17.36,20.07
2022-04-05,2.23,27.8,18.34,16.57
2022-04-06,0.82,27.02,16.9,20.44
2022-04-07,0.09,27.89,15.94,20.48
2022-04-08,12.71,28.72,16.48,17.21
2022-04-09,4.07,28.51,18.88,17.39
2022-04-10,0.43,26.76,17.83,21.54
2022-04-11,0.02,27.92,16.7,20.16
2022-04-12,5.07,27.69,17.16,14.83
2022-04-13,1.29,27.41,17.74,14.52
2022-04-14,4.42,25.29,15.68,15.96
2022-04-15,0.15,21.19,11.2,21.19
2022-04-16,1.19,21.82,10.62,22.74
2022-04-17,0.91,22.79,11.91,22.09
2022-04-18,0.13,24.47,12.11,19.06
2022-04-19,0.02,25.58,13.07,19.48
2022-04-20,0.69,25.38,13.4,19.0
2022-04-21,0.56,25.69,13.52,20.08
2022-04-22,0.14,26.55,13.07,19.46
2022-04-23,0.23,27.05,15.51,16.99
2022-04-24,0.09,27.69,15.92,20.57
2022-04-25,2.19,28.17,15.56,18.36
2022-04-26,0.84,28.76,15.86,18.38
2022-04-27,0.06,28.71,14.73,18.37
2022-04-28,0.02,28.36,16.31,19.84
2022-04-29,2.96,26.86,16.19,17.36
2022-04-30,3.01,24.29,15.9,10.35
2022-05-01,0.5,26.76,16.98,16.02
2022-05-02,2.38,27.59,14.92,14.69
2022-05-03,1.3,27.57,15.92,16.41
2022-05-04,10.54,22.92,11.62,3.66
2022-05-05,0.74,21.83,9.77,18.51
2022-05-06,0.34,22.64,11.03,19.46
2022-05-07,0.09,24.32,10.42,18.38
2022-05-08,0.07,24.93,11.79,16.36
2022-05-09,0.03,24.65,13.2,16.54
2022-05-10,0.02,25.05,11.55,17.12
2022-05-11,1.72,24.4,11.96,10.68
2022-05-12,1.77,23.69,13.85,14.89
2022-05-13,0.06,25.36,12.17,18.43
2022-05-14,3.17,26.3,12.44,17.01
2022-05-15,2.88,24.5,13.06,8.0
2022-05-16,0.69,22.26,13.37,9.5
2022-05-17,0.06,18.51,6.6,15.61
2022-05-18,0.13,14.53,3.85,12.49
2022-05-19,0.67,15.47,5.86,7.07
2022-05-20,0.02,18.8,7.1,18.04
2022-05-21,0.01,21.61,7.01,16.15
2022-05-22,0.01,22.41,6.4,17.84
2022-05-23,0.02,23.07,8.01,16.85
2022-05-24,0.0,24.83,8.9,16.87
2022-05-25,0.03,23.84,10.06,16.78
2022-05-26,0.02,24.03,9.96,14.36
2022-05-27,0.01,24.09,11.3,15.16
2022-05-28,0.01,24.31,10.59,13.05
2022-05-29,0.04,25.61,11.48,16.92
2022-05-30,1.01,26.71,13.34,12.77
2022-05-31,15.74,21.85,15.05,8.77
2022-06-01,0.47,25.07,14.6,11.77
2022-06-02,0.07,26.31,15.79,12.74
2022-06-03,0.64,20.92,13.31,10.51
2022-06-04,0.37,22.24,12.18,16.48
2022-06-05,0.02,25.03,10.45,16.11
2022-06-06,0.02,24.96,10.98,14.69
2022-06-07,1.04,25.74,13.43,13.82
2022-06-08,3.14,22.4,14.39,10.36
2022-06-09,3.29,23.83,13.57,7.86
2022-06-10,2.77,22.25,13.79,7.34
2022-06-11,0.17,18.64,11.88,10.06
2022-06-12,0.01,19.22,7.26,11.3
2022-06-13,0.02,17.85,5.47,15.16
2022-06-14,0.03,22.01,8.74,15.54
2022-06-15,0.03,23.86,7.63,13.11
2022-06-16,0.0,25.14,11.22,16.27
2022-06-17,0.02,25.86,9.28,16.6
2022-06-18,0.51,21.8,12.83,8.05
2022-06-19,0.27,23.31,11.26,15.23
2022-06-20,0.41,23.18,11.27,7.81
2022-06-21,0.02,26.78,11.58,15.22
2022-06-22,0.08,27.11,12.89,15.56
2022-06-23,0.01,27.81,12.29,16.16
2022-06-24,0.04,28.35,13.97,16.14
2022-06-25,0.03,24.32,11.97,15.47
2022-06-26,0.09,20.49,11.74,13.7
2022-06-27,0.04,22.71,10.22,14.77
2022-06-28,0.05,25.14,10.58,15.39
2022-06-29,0.14,25.23,11.09,14.72
2022-06-30,0.44,24.35,11.17,15.38
2022-07-01,0.11,25.71,9.42,16.33
2022-07-02,0.38,27.11,10.92,16.23
2022-07-03,0.0,28.06,11.85,16.45
2022-07-04,0.02,27.62,11.18,16.73
2022-07-05,0.06,27.19,10.01,16.88
2022-07-06,0.01,26.58,10.02,16.56
2022-07-07,0.01,26.04,11.72,15.58
2022-07-08,0.01,26.2,11.3,16.2
2022-07-09,0.01,26.04,10.8,16.46
2022-07-10,0.01,25.39,11.09,15.6
2022-07-11,0.01,25.45,12.19,16.73
2022-07-12,0.12,26.47,13.07,13.07
2022-07-13,0.28,24.61,12.64,10.06
2022-07-14,0.02,26.63,13.06,15.64
2022-07-15,0.0,27.12,13.42,15.41
2022-07-16,0.58,28.2,13.65,12.81
2022-07-17,0.26,29.03,15.86,14.73
2022-07-18,0.16,29.12,14.57,16.22
2022-07-19,0.11,27.97,12.19,15.22
2022-07-20,0.54,25.57,14.58,16.4
2022-07-21,0.24,27.34,12.68,16.89
2022-07-22,0.01,28.29,10.68,17.53
2022-07-23,0.26,27.84,10.93,17.57
2022-07-24,0.01,28.58,11.43,16.88
2022-07-25,0.01,28.52,11.02,17.67
2022-07-26,0.0,28.55,11.6,17.77
2022-07-27,0.01,27.59,11.95,17.6
2022-07-28,0.0,27.4,11.32,16.95
2022-07-29,5.17,26.94,12.8,10.25
2022-07-30,0.7,21.73,10.23,18.44
2022-07-31,0.01,26.21,7.8,18.76
2022-08-01,0.01,26.04,11.06,14.08
2022-08-02,0.0,27.84,13.16,17.93
2022-08-03,0.01,27.95,10.53,18.06
2022-08-04,0.03,26.18,12.8,15.38
2022-08-05,0.13,28.09,14.08,15.55
2022-08-06,0.08,27.16,12.45,14.58
2022-08-07,3.38,26.56,14.71,9.5
2022-08-08,5.0,21.54,15.1,5.53
2022-08-09,4.33,24.95,14.28,8.96
2022-08-10,16.83,16.1,9.71,9.43
2022-08-11,1.43,16.83,9.03,15.03
2022-08-12,0.09,22.53,10.01,20.34
2022-08-13,0.01,26.36,7.97,20.11
2022-08-14,0.0,27.44,9.72,20.14
2022-08-15,0.0,27.84,10.92,20.59
2022-08-16,0.05,29.21,13.09,17.64
2022-08-17,0.23,28.72,14.38,9.23
2022-08-18,0.04,29.73,15.35,15.44
2022-08-19,1.66,15.65,7.77,7.01
2022-08-20,0.11,16.4,7.73,10.51
2022-08-21,0.02,22.82,9.37,12.48
2022-08-22,0.01,23.07,10.08,18.88
2022-08-23,0.91,25.5,9.52,19.87
2022-08-24,0.42,25.91,11.6,14.87
2022-08-25,0.03,26.28,11.21,13.22
2022-08-26,0.01,27.53,12.33,14.19
2022-08-27,0.0,29.11,12.82,19.41
2022-08-28,0.64,29.86,12.95,21.28
2022-08-29,1.25,15.95,8.82,17.36
2022-08-30,0.27,20.46,7.79,18.4
2022-08-31,0.06,25.38,8.64,22.53
2022-09-01,0.0,27.89,7.24,23.19
2022-09-02,0.03,29.54,10.66,22.9
2022-09-03,1.66,28.11,12.45,19.45
2022-09-04,3.66,18.97,10.43,16.42
2022-09-05,0.23,24.87,11.05,15.59
2022-09-06,1.29,25.34,11.61,15.91
2022-09-07,0.34,27.89,13.12,15.4
2022-09-08,0.01,31.12,13.95,19.05
2022-09-09,0.0,32.97,16.11,19.52
2022-09-10,0.5,33.97,14.97,20.78
2022-09-11,0.33,25.97,11.95,16.66
2022-09-12,2.39,30.25,11.97,14.33
2022-09-13,1.4,31.5,15.71,11.28
2022-09-14,6.6,23.2,14.08,4.87
2022-09-15,4.42,22.29,12.58,10.05
2022-09-16,3.7,21.86,11.59,6.77
2022-09-17,0.36,21.58,9.52,25.2
2022-09-18,0.03,26.97,8.96,25.5
2022-09-19,0.14,30.85,9.19,23.27
2022-09-20,1.12,28.59,12.79,17.16
2022-09-21,2.28,30.7,14.52,11.52
2022-09-22,7.11,28.18,16.47,7.0
2022-09-23,0.01,25.75,8.55,25.18
2022-09-24,0.01,25.58,6.6,26.61
2022-09-25,3.01,28.2,10.03,22.74
2022-09-26,22.09,26.42,14.1,5.17
2022-09-27,17.69,26.34,16.72,10.33
2022-09-28,27.88,19.78,13.11,3.65
2022-09-29,4.35,21.5,12.6,13.52
2022-09-30,3.04,23.73,11.62,10.35
2022-10-01,7.27,25.09,14.74,16.93
2022-10-02,0.04,25.76,13.41,23.25
2022-10-03,1.53,26.75,13.53,17.62
2022-10-04,3.25,25.53,14.55,17.84
2022-10-05,0.6,28.05,13.63,24.48
2022-10-06,12.82,30.53,14.79,21.33
2022-10-07,6.84,26.86,16.14,11.01
2022-10-08,0.03,27.97,13.95,20.92
2022-10-09,11.47,25.86,14.44,10.86
2022-10-10,3.72,23.68,16.41,7.94
2022-10-11,0.12,28.47,16.27,14.01
2022-10-12,1.03,30.85,16.58,22.39
2022-10-13,0.23,31.29,15.91,23.4
2022-10-14,0.66,31.23,16.29,25.93
2022-10-15,1.47,26.91,15.74,22.06
2022-10-16,0.37,29.05,16.09,22.23
2022-10-17,0.73,28.33,17.01,21.0
2022-10-18,6.59,22.79,16.75,14.44
2022-10-19,2.97,26.32,16.62,7.2
2022-10-20,2.54,29.89,15.61,24.27
2022-10-21,8.19,25.45,18.36,9.16
2022-10-22,0.24,28.22,15.92,22.86
2022-10-23,0.12,30.03,14.18,26.55
2022-10-24,0.94,28.73,14.44,25.12
2022-10-25,0.26,28.52,14.63,27.52
2022-10-26,0.07,30.72,13.51,27.88
2022-10-27,3.71,33.0,15.93,25.94
2022-10-28,4.31,29.2,18.85,20.36
2022-10-29,14.04,30.68,18.34,24.95
2022-10-30,9.68,30.07,18.21,22.79
2022-10-31,8.23,28.96,18.48,9.47
2022-11-01,11.63,19.45,12.31,13.14
2022-11-02,6.56,16.16,10.21,7.96
2022-11-03,1.51,17.89,9.76,14.18
2022-11-04,0.17,21.36,7.9,27.28
2022-11-05,0.19,22.44,10.15,26.94
2022-11-06,2.08,22.03,10.64,19.63
2022-11-07,3.1,21.43,11.6,19.47
2022-11-08,0.34,25.89,10.86,23.56
2022-11-09,2.23,27.28,11.41,20.16
2022-11-10,0.89,28.91,14.22,26.96
2022-11-11,14.0,29.82,15.19,19.89
2022-11-12,1.92,27.03,17.22,25.23
2022-11-13,5.94,31.06,15.45,24.88
2022-11-14,8.79,28.3,18.25,18.81
2022-11-15,2.34,28.32,16.82,20.92
2022-11-16,3.36,27.57,13.62,24.78
2022-11-17,0.03,27.32,10.79,28.87
2022-11-18,0.25,26.69,12.52,28.49
2022-11-19,0.62,28.03,12.18,25.28
2022-11-20,4.86,28.85,14.68,23.89
2022-11-21,0.21,29.47,15.8,26.78
2022-11-22,7.25,30.52,17.23,22.86
2022-11-23,26.2,28.36,18.09,17.72
2022-11-24,8.01,25.08,17.08,25.91
2022-11-25,4.49,22.1,15.32,22.25
2022-11-26,3.72,25.62,14.68,21.96
2022-11-27,3.71,27.85,14.18,25.98
2022-11-28,12.42,24.93,16.66,16.19
2022-11-29,8.82,24.87,15.73,18.5
2022-11-30,13.15,25.77,16.88,17.6
2022-12-01,1.59,28.64,16.39,22.94
2022-12-02,2.15,28.17,17.84,23.95
2022-12-03,8.89,24.66,19.42,19.37
2022-12-04,12.47,24.42,18.52,10.94
2022-12-05,16.82,23.43,18.95,11.79
2022-12-06,25.08,26.12,18.43,9.83
2022-12-07,16.17,25.89,16.53,16.18
2022-12-08,0.14,27.75,14.25,31.12
2022-12-09,0.17,28.97,15.06,31.01
2022-12-10,0.27,30.12,15.13,29.41
2022-12-11,1.59,29.29,18.21,26.92
2022-12-12,10.11,25.98,19.54,13.04
2022-12-13,23.66,24.07,14.99,8.19
2022-12-14,0.2,23.98,13.71,26.65
2022-12-15,0.4,26.7,13.33,26.12
2022-12-16,3.98,26.28,14.88,23.21
2022-12-17,1.2,26.08,15.35,27.17
2022-12-18,1.07,26.95,15.08,26.88
2022-12-19,2.34,25.01,16.37,10.31
2022-12-20,9.64,24.37,15.94,13.15
2022-12-21,8.05,24.51,15.39,23.39
2022-12-22,5.52,24.5,14.89,22.43
2022-12-23,2.57,26.51,14.36,25.31
2022-12-24,2.27,28.14,16.07,26.9
2022-12-25,10.9,28.69,16.86,24.45
2022-12-26,13.92,23.98,18.52,15.2
2022-12-27,7.72,27.83,18.77,18.22
2022-12-28,18.79,27.19,18.55,9.99
2022-12-29,18.7,24.45,18.93,15.21
2022-12-30,6.91,27.26,16.65,18.07
2022-12-31,8.65,27.77,15.12,22.45
2023-01-01,4.18,27.78,16.97,21.62
2023-01-02,7.29,27.82,16.36,23.8
2023-01-03,4.9,26.2,18.37,14.56
2023-01-04,19.59,25.73,18.07,14.93
2023-01-05,12.3,22.63,15.68,10.42
2023-01-06,4.09,22.16,14.88,13.89
2023-01-07,0.84,21.74,14.6,14.13
2023-01-08,2.4,25.84,14.33,14.12
2023-01-09,9.3,22.29,16.79,13.2
2023-01-10,5.2,24.67,16.76,14.81
2023-01-11,7.01,25.14,17.85,10.8
2023-01-12,4.05,24.67,17.51,18.86
2023-01-13,8.27,26.86,17.69,16.4
2023-01-14,3.16,28.06,18.5,22.96
2023-01-15,3.69,27.54,19.48,21.43
2023-01-16,5.47,29.91,20.06,26.25
2023-01-17,1.63,30.24,17.89,27.33
2023-01-18,5.11,28.83,19.03,23.53
2023-01-19,4.2,29.02,17.6,21.58
2023-01-20,12.55,22.95,17.04,10.41
2023-01-21,1.65,26.94,16.54,19.52
2023-01-22,0.26,27.45,17.88,21.79
2023-01-23,6.35,27.16,18.78,20.74
2023-01-24,6.8,26.61,18.55,21.66
2023-01-25,0.24,28.16,16.55,28.87
2023-01-26,0.11,28.97,15.78,28.09
2023-01-27,0.26,29.78,15.86,25.54
2023-01-28,7.71,26.64,17.9,15.06
2023-01-29,6.03,25.53,18.47,17.43
2023-01-30,10.43,25.31,18.96,17.75
2023-01-31,12.65,26.58,18.77,21.74
2023-02-01,18.39,26.75,18.61,16.81
2023-02-02,15.35,26.53,18.92,18.8
2023-02-03,9.46,27.22,18.78,17.92
2023-02-04,2.98,26.84,19.42,21.6
2023-02-05,3.71,27.26,18.82,20.34
2023-02-06,7.4,27.27,18.33,20.83
2023-02-07,11.14,27.57,18.22,12.26
2023-02-08,8.23,27.16,17.2,24.73
2023-02-09,5.74,29.41,14.92,25.66
2023-02-10,9.92,27.98,16.56,20.07
2023-02-11,11.58,23.52,18.11,12.45
2023-02-12,8.74,26.42,17.21,14.43
2023-02-13,4.54,27.15,18.06,18.28
2023-02-14,5.77,26.25,18.89,22.8
2023-02-15,4.39,28.74,18.4,22.41
2023-02-16,14.51,26.15,19.14,21.21
2023-02-17,2.28,28.32,19.35,18.65
2023-02-18,15.83,26.31,17.9,15.76
2023-02-19,10.34,21.65,17.14,17.11
2023-02-20,4.41,28.91,17.78,25.31
2023-02-21,10.9,26.22,18.75,14.03
2023-02-22,3.36,25.97,17.64,21.19
2023-02-23,6.05,27.03,17.24,14.28
2023-02-24,4.25,27.34,18.02,17.08
2023-02-25,3.45,27.81,18.73,19.73
2023-02-26,3.2,27.92,19.77,18.77
2023-02-27,2.31,26.21,19.24,22.03
2023-02-28,17.23,25.58,18.8,19.49
2023-03-01,2.46,27.0,18.11,24.6
2023-03-02,1.63,27.81,17.95,23.56
2023-03-03,2.35,29.28,18.38,22.38
2023-03-04,9.05,25.08,18.99,14.03
2023-03-05,8.62,26.81,18.47,16.46
2023-03-06,4.64,27.0,18.3,21.92
2023-03-07,4.06,26.3,18.91,20.24
2023-03-08,2.67,27.98,18.1,19.36
2023-03-09,6.75,28.48,17.04,13.28
2023-03-10,10.09,27.55,18.4,14.6
2023-03-11,10.37,25.94,18.47,12.1
2023-03-12,9.76,24.32,18.59,15.61
2023-03-13,7.98,24.01,18.8,15.59
2023-03-14,5.13,25.54,17.89,14.33
2023-03-15,0.27,27.24,17.25,20.99
2023-03-16,0.1,27.08,16.45,23.12
2023-03-17,0.03,26.37,15.81,21.33
2023-03-18,0.02,28.57,15.64,24.15
2023-03-19,0.23,28.4,17.16,22.3
2023-03-20,4.64,27.67,18.1,19.51
2023-03-21,0.1,27.98,16.08,23.37
2023-03-22,1.52,29.0,17.08,19.0
2023-03-23,1.37,28.82,16.55,23.32
2023-03-24,1.17,28.58,15.91,22.82
2023-03-25,0.29,28.08,17.28,21.16
2023-03-26,1.47,28.8,17.83,22.24
2023-03-27,3.12,25.89,17.63,20.23
2023-03-28,2.03,27.76,16.46,17.89
2023-03-29,3.73,26.21,17.03,13.55
2023-03-30,2.83,27.28,17.73,18.74
2023-03-31,5.95,26.85,17.5,18.69
2023-04-01,3.0,27.17,17.28,24.1
2023-04-02,0.38,23.79,15.68,22.8
2023-04-03,0.04,26.39,14.85,21.36
2023-04-04,0.18,26.3,15.96,20.22
2023-04-05,0.72,26.39,15.71,19.03
2023-04-06,1.64,26.24,16.1,19.19
2023-04-07,11.63,22.67,17.21,6.8
2023-04-08,5.59,23.8,17.35,15.09
2023-04-09,2.0,20.79,15.38,8.99
2023-04-10,0.2,24.25,14.07,20.73
2023-04-11,0.17,26.04,13.72,20.53
2023-04-12,0.57,26.25,15.1,13.44
2023-04-13,2.45,25.46,16.51,18.23
2023-04-14,9.98,25.59,17.23,8.31
2023-04-15,2.89,25.39,16.98,13.48
2023-04-16,0.03,26.71,15.84,20.61
2023-04-17,1.98,26.16,15.08,17.39
2023-04-18,10.74,24.77,18.93,9.02
2023-04-19,18.77,22.87,13.77,18.49
2023-04-20,0.03,20.69,10.61,20.58
2023-04-21,0.09,21.04,9.61,21.64
2023-04-22,0.13,23.94,11.31,19.67
2023-04-23,0.14,23.69,13.72,19.29
2023-04-24,0.03,23.51,12.98,20.88
2023-04-25,0.01,24.56,12.04,19.44
2023-04-26,1.7,25.49,14.0,8.43
2023-04-27,2.34,23.68,15.3,14.57
2023-04-28,2.99,23.63,14.74,13.55
2023-04-29,0.5,24.12,13.3,16.23
2023-04-30,0.12,24.9,13.73,17.23
2023-05-01,0.13,23.55,13.48,17.02
2023-05-02,0.3,24.96,14.07,17.56
2023-05-03,0.03,25.66,14.33,18.36
2023-05-04,0.01,26.13,14.74,18.93
2023-05-05,0.01,27.05,15.19,18.17
2023-05-06,0.0,26.88,16.38,17.59
2023-05-07,0.01,26.43,15.43,16.26
2023-05-08,0.01,26.29,14.29,17.32
2023-05-09,2.54,25.8,15.73,15.14
2023-05-10,5.42,22.99,16.48,10.27
2023-05-11,1.15,22.5,13.76,14.56
2023-05-12,0.39,19.57,12.12,17.02
2023-05-13,0.2,20.63,11.36,18.57
2023-05-14,0.01,21.92,10.13,18.56
2023-05-15,0.03,21.39,9.88,18.58
2023-05-16,0.05,21.55,10.22,18.91
2023-05-17,0.02,20.36,10.07,18.72
2023-05-18,0.02,21.07,8.71,18.64
2023-05-19,0.02,22.48,9.11,18.56
2023-05-20,0.01,24.02,6.81,18.0
2023-05-21,0.11,23.39,8.76,17.27
2023-05-22,0.04,22.69,11.45,15.03
2023-05-23,0.01,24.07,11.45,16.29
2023-05-24,0.04,23.93,10.82,14.92
2023-05-25,0.07,24.21,12.02,15.88
2023-05-26,0.07,24.25,12.19,16.69
2023-05-27,0.2,24.62,12.59,15.29
2023-05-28,4.01,23.73,12.95,8.58
2023-05-29,2.32,20.71,13.33,13.55
2023-05-30,3.01,19.75,12.48,7.89
2023-05-31,25.83,19.43,13.88,3.75
2023-06-01,1.98,20.89,12.55,12.63
2023-06-02,0.31,21.73,11.61,16.93
2023-06-03,0.2,23.44,10.65,17.01
2023-06-04,0.3,23.19,9.25,17.1
2023-06-05,0.35,22.41,12.3,17.21
2023-06-06,0.15,22.51,10.76,16.49
2023-06-07,0.06,22.22,8.49,16.49
2023-06-08,0.05,22.74,8.33,16.31
2023-06-09,0.06,23.19,9.48,16.51
2023-06-10,0.06,23.51,10.1,16.57
2023-06-11,0.03,23.84,9.83,14.07
2023-06-12,0.09,24.94,11.4,14.74
2023-06-13,5.51,19.93,12.81,8.03
2023-06-14,10.46,20.94,14.03,3.06
2023-06-15,10.02,18.48,14.25,2.28
2023-06-16,1.01,17.19,9.66,4.15
2023-06-17,0.01,17.81,5.14,13.22
2023-06-18,0.13,19.24,7.36,16.5
2023-06-19,0.09,20.0,9.2,16.57
2023-06-20,0.05,21.87,9.18,16.15
2023-06-21,0.01,22.08,7.32,16.11
2023-06-22,0.04,23.11,9.54,15.71
2023-06-23,0.01,23.9,10.19,13.14
2023-06-24,0.04,24.15,10.94,15.38
2023-06-25,0.03,25.09,11.22,15.82
2023-06-26,0.04,25.21,12.27,16.3
2023-06-27,0.08,23.65,10.36,16.36
2023-06-28,0.01,23.58,9.9,16.22
2023-06-29,1.02,22.33,10.76,15.17
2023-06-30,0.41,23.04,11.11,15.11
2023-07-01,0.16,23.05,10.2,15.64
2023-07-02,0.17,21.92,10.97,16.11
2023-07-03,0.12,19.6,9.68,16.56
2023-07-04,0.03,21.27,7.93,16.75
2023-07-05,0.04,21.75,7.1,16.68
2023-07-06,0.02,22.18,7.65,16.72
2023-07-07,0.04,22.89,7.45,16.33
2023-07-08,0.5,23.94,9.01,15.27
2023-07-09,2.7,21.42,13.34,5.86
2023-07-10,0.41,24.68,12.15,10.13
2023-07-11,0.03,25.93,14.24,14.99
2023-07-12,0.01,26.53,12.8,13.17
2023-07-13,0.0,24.24,12.92,14.64
2023-07-14,0.1,17.81,8.12,17.36
2023-07-15,0.0,21.56,6.4,17.59
2023-07-16,0.0,24.72,7.59,13.51
2023-07-17,0.03,24.96,12.38,12.22
2023-07-18,0.01,24.13,12.01,14.14
2023-07-19,0.1,21.08,12.4,13.21
2023-07-20,0.02,23.54,11.69,16.56
2023-07-21,0.0,25.06,11.33,16.54
2023-07-22,0.0,24.84,10.21,16.49
2023-07-23,0.0,24.97,10.36,15.54
2023-07-24,0.0,25.93,10.81,16.35
2023-07-25,0.0,25.11,10.98,12.63
2023-07-26,0.0,26.7,12.15,16.53
2023-07-27,0.01,27.0,13.02,16.49
2023-07-28,0.83,26.92,13.06,16.67
2023-07-29,1.37,20.54,12.14,15.83
2023-07-30,0.01,24.01,11.04,17.03
2023-07-31,0.01,25.49,10.38,17.39
2023-08-01,0.04,27.18,10.78,18.0
2023-08-02,0.02,28.59,10.22,18.85
2023-08-03,0.0,28.3,11.36,19.21
2023-08-04,0.01,27.56,10.2,19.27
2023-08-05,0.01,28.69,12.53,19.25
2023-08-06,0.02,29.44,10.91,18.99
2023-08-07,0.02,29.36,13.35,19.13
2023-08-08,0.68,24.53,13.74,17.07
2023-08-09,0.63,27.71,13.17,17.28
2023-08-10,0.05,28.85,13.9,18.03
2023-08-11,0.19,30.65,15.19,19.12
2023-08-12,0.22,31.46,15.92,16.09
2023-08-13,2.91,23.5,13.4,11.57
2023-08-14,0.36,27.43,13.25,12.76
2023-08-15,0.15,27.15,14.31,14.42
2023-08-16,0.03,25.94,15.36,14.93
2023-08-17,0.02,27.79,14.74,17.18
2023-08-18,0.0,29.4,14.56,17.63
2023-08-19,0.03,28.27,15.42,14.38
2023-08-20,0.29,27.2,14.82,10.96
2023-08-21,0.09,27.74,13.52,18.04
2023-08-22,0.0,30.48,12.95,21.37
2023-08-23,0.01,32.12,14.95,18.96
2023-08-24,1.12,31.49,18.44,16.91
2023-08-25,5.42,27.63,14.65,17.05
2023-08-26,11.41,17.67,11.76,5.12
2023-08-27,6.17,15.77,10.46,3.76
2023-08-28,4.0,18.24,10.16,12.09
2023-08-29,0.2,21.99,10.76,10.4
2023-08-30,0.02,26.15,11.97,18.61
2023-08-31,0.01,27.2,11.12,15.95
2023-09-01,0.01,29.97,11.6,20.09
2023-09-02,12.89,30.4,15.42,15.51
2023-09-03,6.14,30.0,17.13,19.53
2023-09-04,2.39,32.24,18.35,17.64
2023-09-05,1.44,28.17,15.0,10.17
2023-09-06,1.07,24.58,14.18,18.66
2023-09-07,0.2,28.05,13.24,20.5
2023-09-08,0.0,29.96,14.01,22.99
2023-09-09,0.0,29.96,16.18,18.76
2023-09-10,0.02,29.72,16.4,12.62
2023-09-11,0.01,31.87,14.85,23.65
2023-09-12,0.0,31.06,14.47,24.11
2023-09-13,0.03,33.58,15.6,23.72
2023-09-14,6.34,25.04,14.32,7.6
2023-09-15,0.42,26.8,12.05,21.32
2023-09-16,0.03,31.3,11.16,21.96
2023-09-17,0.03,33.46,16.14,22.33
2023-09-18,0.52,33.81,17.12,21.53
2023-09-19,0.01,34.57,17.5,22.44
2023-09-20,0.08,33.32,15.72,22.24
2023-09-21,0.03,33.81,15.14,23.27
2023-09-22,0.0,35.11,18.6,23.48
2023-09-23,0.0,35.82,19.16,22.39
2023-09-24,0.0,37.02,18.26,24.64
2023-09-25,0.76,33.69,19.8,22.84
2023-09-26,1.09,36.96,19.28,21.62
2023-09-27,16.3,35.03,17.87,10.43
2023-09-28,7.46,22.84,13.94,11.68
2023-09-29,0.05,29.91,13.76,20.09
2023-09-30,14.38,32.13,15.09,22.03
2023-10-01,34.02,26.57,16.6,7.44
2023-10-02,3.62,27.79,15.97,11.56
2023-10-03,0.23,29.41,16.23,19.23
2023-10-04,12.86,29.89,18.04,16.02
2023-10-05,11.05,32.29,18.65,16.82
2023-10-06,2.47,30.3,17.51,18.8
2023-10-07,36.08,31.12,20.05,12.73
2023-10-08,21.65,29.76,16.97,14.04
2023-10-09,16.23,24.65,15.92,12.07
2023-10-10,0.57,27.65,14.91,26.54
2023-10-11,0.12,31.14,15.11,25.89
2023-10-12,13.27,32.02,16.89,16.31
2023-10-13,12.93,25.23,14.64,12.57
2023-10-14,1.3,24.02,14.22,14.93
2023-10-15,0.04,28.98,15.07,22.67
2023-10-16,16.61,30.56,16.87,25.31
2023-10-17,0.62,29.24,18.87,12.03
2023-10-18,1.66,26.04,16.28,23.56
2023-10-19,0.74,25.5,15.18,20.48
2023-10-20,0.42,26.59,14.64,16.57
2023-10-21,0.2,26.81,14.33,24.11
2023-10-22,0.05,29.85,13.42,27.84
2023-10-23,0.02,31.69,14.86,28.38
2023-10-24,1.34,30.9,18.99,20.29
2023-10-25,4.8,27.95,17.59,18.81
2023-10-26,4.03,27.78,17.34,14.06
2023-10-27,12.95,29.17,17.05,16.42
2023-10-28,0.95,30.96,19.04,14.59
2023-10-29,16.07,27.06,19.23,14.76
2023-10-30,0.84,30.94,18.74,19.01
2023-10-31,15.71,29.38,19.22,18.61
2023-11-01,2.95,26.06,16.45,20.3
2023-11-02,0.58,29.3,15.76,23.17
2023-11-03,9.03,30.73,17.83,19.51
2023-11-04,6.88,27.25,14.74,20.18
2023-11-05,0.09,25.57,11.3,31.3
2023-11-06,0.21,26.78,11.72,30.97
2023-11-07,0.0,29.63,12.67,30.6
2023-11-08,0.01,31.34,13.0,30.76
2023-11-09,0.09,32.92,15.87,27.29
2023-11-10,4.78,32.18,18.26,24.51
2023-11-11,0.05,34.02,18.41,29.31
2023-11-12,0.28,35.57,19.76,29.35
2023-11-13,0.16,36.62,19.46,27.85
2023-11-14,0.87,37.35,21.51,27.39
2023-11-15,6.38,37.22,19.27,25.12
2023-11-16,0.02,34.32,19.45,21.76
2023-11-17,0.08,36.49,20.94,23.99
2023-11-18,8.02,35.82,21.6,21.1
2023-11-19,14.58,31.82,18.76,14.0
2023-11-20,2.83,27.84,18.27,21.21
2023-11-21,2.76,30.0,18.53,22.51
2023-11-22,2.4,30.27,20.82,21.19
2023-11-23,4.8,30.81,19.36,16.5
2023-11-24,4.13,26.09,14.75,17.43
2023-11-25,2.06,24.21,13.98,18.25
2023-11-26,0.4,27.97,14.54,22.82
2023-11-27,7.52,25.34,17.11,15.4
2023-11-28,18.93,29.25,17.94,16.77
2023-11-29,8.31,27.82,18.97,13.67
2023-11-30,0.63,30.05,18.87,26.75
2023-12-01,0.19,31.81,18.9,29.38
2023-12-02,0.0,33.15,18.58,30.45
2023-12-03,0.15,34.16,19.45,29.65
2023-12-04,4.09,34.18,19.38,23.07
2023-12-05,5.08,30.51,19.78,21.44
2023-12-06,0.48,30.72,19.5,24.66
2023-12-07,3.72,33.87,20.96,22.03
2023-12-08,3.87,29.5,19.4,25.34
2023-12-09,1.74,28.13,16.64,26.99
2023-12-10,6.39,29.42,15.64,25.13
2023-12-11,7.7,29.78,17.8,19.14
2023-12-12,0.61,28.94,16.38,28.8
2023-12-13,0.04,32.23,15.48,30.54
2023-12-14,0.01,34.05,16.53,29.91
2023-12-15,0.0,35.85,18.09,30.23
2023-12-16,3.44,34.11,19.03,28.49
2023-12-17,4.79,32.68,19.77,25.03
2023-12-18,0.49,33.81,18.71,28.75
2023-12-19,0.21,33.65,17.65,27.16
2023-12-20,0.07,32.09,16.27,26.89
2023-12-21,0.98,33.21,17.04,26.02
2023-12-22,10.62,32.0,19.31,22.96
2023-12-23,6.55,29.02,19.97,18.11
2023-12-24,0.25,31.15,20.06,25.73
2023-12-25,0.43,33.09,18.63,26.88
2023-12-26,10.36,31.17,17.72,18.9
2023-12-27,1.15,29.83,15.88,28.54
2023-12-28,0.01,33.15,15.04,29.58
2023-12-29,0.0,35.87,17.52,28.27
2023-12-30,1.66,28.56,17.1,17.75
2023-12-31,1.28,28.52,16.03,23.84
2024-01-01,0.21,31.36,17.21,17.33
2024-01-02,1.8,31.65,17.92,23.43
2024-01-03,13.74,30.36,18.59,19.22
2024-01-04,2.55,30.09,18.82,24.47
2024-01-05,1.13,29.96,17.63,29.63
2024-01-06,0.35,32.08,17.37,30.03
2024-01-07,1.77,33.29,17.67,27.41
2024-01-08,11.16,34.02,19.15,22.74
2024-01-09,1.66,34.02,19.15,27.53
2024-01-10,4.47,33.22,19.08,22.27
2024-01-11,5.49,31.41,20.84,24.99
2024-01-12,20.44,31.53,19.19,13.62
2024-01-13,9.17,26.67,18.55,18.68
2024-01-14,5.9,30.37,18.02,23.38
2024-01-15,3.51,31.14,19.99,20.01
2024-01-16,0.78,33.84,19.99,24.3
2024-01-17,2.58,34.2,20.36,24.76
2024-01-18,16.3,31.75,21.06,24.68
2024-01-19,8.24,28.43,21.21,20.36
2024-01-20,14.82,28.45,20.88,15.57
2024-01-21,13.64,27.37,18.66,20.89
2024-01-22,3.82,27.89,17.52,24.67
2024-01-23,24.09,23.3,16.77,6.13
2024-01-24,1.18,26.06,15.07,20.65
2024-01-25,2.19,26.45,15.24,23.19
2024-01-26,2.07,25.16,15.87,25.3
2024-01-27,2.4,28.04,16.52,26.16
2024-01-28,11.94,29.15,17.07,16.34
2024-01-29,2.16,29.63,16.73,24.96
2024-01-30,0.08,30.34,17.02,22.8
2024-01-31,5.38,29.61,18.26,15.85
2024-02-01,1.08,28.3,16.22,23.05
2024-02-02,8.39,28.95,17.19,7.95
2024-02-03,1.78,27.64,17.59,16.86
2024-02-04,5.13,27.09,18.51,13.89
2024-02-05,1.2,29.52,17.29,22.53
2024-02-06,0.61,31.28,17.15,24.18
2024-02-07,0.73,29.61,17.78,19.55
2024-02-08,0.43,31.61,17.54,24.57
2024-02-09,1.25,32.13,17.3,27.67
2024-02-10,0.18,31.79,19.74,27.75
2024-02-11,0.94,33.14,18.06,27.77
2024-02-12,4.84,32.16,19.27,22.79
2024-02-13,6.23,30.53,20.13,22.16
2024-02-14,21.9,26.03,19.49,14.2
2024-02-15,8.23,26.14,18.23,9.43
2024-02-16,0.35,27.77,17.45,17.85
2024-02-17,3.89,28.75,17.7,15.63
2024-02-18,6.22,25.41,18.38,20.95
2024-02-19,1.96,28.41,17.76,23.42
2024-02-20,9.07,29.33,17.26,17.34
2024-02-21,13.54,29.14,18.3,20.77
2024-02-22,5.55,29.82,17.97,23.57
2024-02-23,7.73,30.07,19.65,22.31
2024-02-24,3.61,29.39,19.96,14.02
2024-02-25,1.04,29.23,20.04,22.34
2024-02-26,1.28,29.75,19.22,20.45
2024-02-27,0.82,30.4,19.4,22.4
2024-02-28,1.08,31.39,20.16,17.86
2024-02-29,5.86,29.55,21.06,22.18
2024-03-01,4.75,28.59,20.02,24.16
2024-03-02,0.69,28.93,17.26,24.97
2024-03-03,1.82,31.59,16.29,24.23
2024-03-04,1.56,32.91,18.03,24.17
2024-03-05,9.79,31.74,19.0,22.65
2024-03-06,14.79,26.86,19.71,22.78
2024-03-07,4.91,29.74,19.13,19.6
2024-03-08,10.25,28.66,19.05,18.63
2024-03-09,7.76,29.04,19.99,15.98
2024-03-10,2.82,28.26,20.12,14.6
2024-03-11,0.59,28.53,18.24,23.73
2024-03-12,0.16,30.69,16.88,25.01
2024-03-13,0.15,31.99,17.64,22.61
2024-03-14,0.87,32.81,19.13,24.65
2024-03-15,0.15,33.21,19.7,23.19
2024-03-16,1.6,33.45,20.6,21.03
2024-03-17,5.52,33.42,20.53,21.53
2024-03-18,4.32,31.49,21.22,17.72
2024-03-19,4.09,29.87,21.31,22.0
2024-03-20,2.98,31.22,20.69,21.42
2024-03-21,1.76,32.1,20.54,19.55
2024-03-22,17.92,22.59,17.31,12.34
2024-03-23,7.4,22.04,16.48,8.52
2024-03-24,10.24,23.47,16.12,5.19
2024-03-25,1.35,27.43,16.71,19.81
2024-03-26,3.2,25.87,17.27,8.94
2024-03-27,11.29,23.51,17.16,7.01
2024-03-28,13.91,25.64,16.98,7.75
2024-03-29,5.55,27.26,16.92,12.06
2024-03-30,0.72,26.99,18.01,15.93
2024-03-31,0.03,27.86,15.91,23.49
2024-04-01,0.06,27.87,15.22,22.44
2024-04-02,0.04,28.99,16.19,13.63
2024-04-03,0.01,29.76,18.29,21.56
2024-04-04,0.04,31.68,17.51,21.39
2024-04-05,0.03,30.76,16.72,20.91
2024-04-06,0.48,28.29,16.77,20.57
2024-04-07,0.12,29.43,17.03,20.14
2024-04-08,0.2,30.07,17.13,11.79
2024-04-09,3.73,27.64,18.42,13.44
2024-04-10,0.08,29.7,17.57,20.35
2024-04-11,3.01,29.98,16.74,13.39
2024-04-12,1.08,28.78,17.31,13.47
2024-04-13,0.35,29.45,17.34,17.93
2024-04-14,0.04,27.02,18.25,14.25
2024-04-15,0.51,27.94,18.59,16.07
2024-04-16,2.57,27.34,18.12,17.59
2024-04-17,4.82,30.18,17.96,14.07
2024-04-18,2.51,23.32,15.22,14.2
2024-04-19,0.07,26.34,12.68,19.84
2024-04-20,0.03,28.3,13.18,20.22
2024-04-21,0.04,28.44,13.57,21.44
2024-04-22,0.03,27.95,13.15,21.34
2024-04-23,0.01,29.16,13.48,19.43
2024-04-24,0.09,30.35,15.77,19.04
2024-04-25,0.19,30.3,17.88,19.23
2024-04-26,0.05,30.75,17.41,18.57
2024-04-27,0.01,30.83,16.92,18.22
2024-04-28,0.03,30.58,16.71,17.09
2024-04-29,0.04,31.44,16.27,17.46
2024-04-30,0.01,30.89,16.3,18.76
2024-05-01,0.0,30.91,15.98,18.91
2024-05-02,0.01,31.17,16.0,18.86
2024-05-03,0.01,30.94,16.74,17.88
2024-05-04,0.0,31.57,16.31,19.43
2024-05-05,0.01,31.8,15.34,19.49
2024-05-06,0.01,31.35,14.78,19.34
2024-05-07,0.04,31.39,15.89,17.92
2024-05-08,0.02,30.49,16.11,18.29
2024-05-09,0.1,30.94,15.68,16.25
2024-05-10,0.06,30.22,17.03,17.05
2024-05-11,0.01,29.7,15.87,17.2
2024-05-12,0.01,29.87,14.81,17.63
2024-05-13,0.02,30.2,15.47,18.75
2024-05-14,1.13,27.64,13.96,12.9
2024-05-15,1.07,24.69,14.6,11.5
2024-05-16,0.09,28.74,14.59,12.85
2024-05-17,0.0,30.23,16.15,17.19
2024-05-18,0.01,30.73,14.85,17.3
2024-05-19,0.22,29.48,16.08,15.39
2024-05-20,0.27,28.62,15.8,15.08
2024-05-21,0.08,29.25,15.29,14.52
2024-05-22,0.03,29.23,14.97,16.01
2024-05-23,0.02,28.6,13.79,17.74
2024-05-24,0.74,29.35,14.92,13.06
2024-05-25,5.95,24.41,13.8,10.71
2024-05-26,29.73,18.56,13.04,5.78
2024-05-27,7.39,24.56,12.61,7.01
2024-05-28,1.74,23.12,12.94,6.02
2024-05-29,0.26,20.8,7.32,16.83
2024-05-30,0.34,20.05,9.56,16.66
2024-05-31,0.04,22.17,9.74,17.54
2024-06-01,0.05,24.78,9.43,17.18
2024-06-02,0.02,25.17,10.48,16.12
2024-06-03,0.01,25.11,12.3,10.01
2024-06-04,3.87,21.58,12.79,14.17
2024-06-05,0.24,25.27,12.34,14.65
2024-06-06,0.02,26.38,11.85,14.84
2024-06-07,0.02,27.04,11.78,15.66
2024-06-08,0.02,27.48,11.95,15.96
2024-06-09,0.02,27.81,12.01,16.45
2024-06-10,0.07,27.89,12.76,16.55
2024-06-11,0.07,28.1,13.67,16.85
2024-06-12,0.06,27.54,11.23,16.63
2024-06-13,0.03,26.99,10.77,16.78
2024-06-14,0.02,27.35,10.87,16.43
2024-06-15,0.0,27.43,12.58,16.12
2024-06-16,0.05,28.13,12.88,16.21
2024-06-17,0.01,26.88,12.0,16.49
2024-06-18,0.03,26.45,10.57,16.6
2024-06-19,0.03,27.7,11.37,16.63
2024-06-20,0.03,27.53,12.25,16.73
2024-06-21,0.0,26.58,9.86,16.35
2024-06-22,0.02,26.2,12.2,14.69
2024-06-23,0.0,27.59,13.23,12.52
2024-06-24,0.07,28.32,13.4,15.57
2024-06-25,0.1,24.76,13.97,12.11
2024-06-26,0.01,28.53,14.27,14.26
2024-06-27,0.22,25.99,13.69,12.85
2024-06-28,0.01,26.99,11.98,10.7
2024-06-29,3.35,26.19,12.84,13.15
2024-06-30,4.58,18.07,11.3,5.98
2024-07-01,2.4,23.83,10.6,3.7
2024-07-02,0.44,25.64,9.58,15.93
2024-07-03,0.05,25.7,10.21,14.72
2024-07-04,0.05,27.25,12.02,9.15
2024-07-05,0.01,26.79,11.56,12.6
2024-07-06,0.03,24.89,11.01,15.65
2024-07-07,0.01,27.12,12.33,11.89
2024-07-08,1.12,24.92,11.61,11.75
2024-07-09,14.56,23.39,12.97,5.7
2024-07-10,2.09,23.91,12.59,8.13
2024-07-11,0.15,27.47,14.66,13.57
2024-07-12,0.17,25.92,13.58,14.48
2024-07-13,0.12,21.6,13.68,11.23
2024-07-14,0.02,25.64,13.29,14.16
2024-07-15,0.03,24.63,11.58,15.14
2024-07-16,0.04,25.55,12.55,15.15
2024-07-17,0.03,25.23,12.84,15.82
2024-07-18,0.01,25.89,12.97,17.56
2024-07-19,0.02,26.6,10.76,17.75
2024-07-20,0.04,25.85,8.26,17.89
2024-07-21,0.0,27.58,9.53,17.81
2024-07-22,0.04,27.5,10.36,18.09
2024-07-23,0.0,26.97,9.83,18.19
2024-07-24,0.0,28.09,9.12,17.64
2024-07-25,0.01,26.35,9.82,18.02
2024-07-26,0.02,26.9,12.08,14.68
2024-07-27,0.01,26.26,12.21,13.78
2024-07-28,0.09,29.03,10.86,17.17
2024-07-29,0.2,28.15,12.18,13.0
2024-07-30,4.27,19.54,12.37,6.04
2024-07-31,0.46,26.27,11.45,17.45
2024-08-01,0.05,27.47,11.37,17.42
2024-08-02,0.01,27.3,10.53,17.63
2024-08-03,0.01,27.93,12.08,17.81
2024-08-04,0.0,28.0,13.14,13.48
2024-08-05,0.09,29.2,13.34,17.16
2024-08-06,0.01,29.79,13.33,15.19
2024-08-07,0.01,28.79,14.1,17.67
2024-08-08,0.0,30.03,13.76,18.06
2024-08-09,10.93,25.94,15.39,2.92
2024-08-10,15.76,14.77,7.3,8.29
2024-08-11,0.03,23.63,3.32,20.0
2024-08-12,0.04,21.45,5.75,18.49
2024-08-13,0.5,20.0,4.28,19.54
2024-08-14,0.0,26.11,5.97,18.5
2024-08-15,0.0,29.7,9.53,20.01
2024-08-16,0.0,31.2,15.38,19.93
2024-08-17,0.0,31.53,12.5,20.11
2024-08-18,0.01,32.36,13.15,20.37
2024-08-19,0.0,32.16,13.11,20.8
2024-08-20,0.03,31.47,14.09,20.7
2024-08-21,0.03,31.12,11.78,20.69
2024-08-22,0.0,31.85,13.8,21.1
2024-08-23,0.05,31.92,15.2,20.51
2024-08-24,2.14,31.77,13.83,17.32
2024-08-25,10.53,16.12,8.69,2.3
2024-08-26,0.23,20.39,5.94,21.13
2024-08-27,0.02,24.72,3.2,23.0
2024-08-28,0.0,28.7,7.24,21.55
2024-08-29,0.0,29.88,11.02,21.8
2024-08-30,0.0,30.95,12.18,22.58
2024-08-31,0.01,31.38,13.7,22.98
2024-09-01,0.01,32.12,12.4,22.71
2024-09-02,0.06,30.99,14.51,16.0
2024-09-03,0.01,32.23,16.7,17.72
2024-09-04,0.0,33.59,16.34,19.02
2024-09-05,0.06,33.45,14.49,18.87
2024-09-06,0.06,30.46,13.42,17.18
2024-09-07,0.04,34.02,14.45,15.38
2024-09-08,0.0,34.48,17.15,14.74
2024-09-09,0.02,34.3,16.46,20.25
2024-09-10,0.02,33.58,15.03,22.15
2024-09-11,0.04,34.45,16.33,21.74
2024-09-12,0.0,34.46,16.26,24.17
2024-09-13,0.01,33.78,16.57,23.22
2024-09-14,0.08,34.4,17.39,15.56
2024-09-15,0.78,28.04,16.64,17.65
2024-09-16,1.4,23.42,14.33,5.88
2024-09-17,0.33,25.04,13.28,20.97
2024-09-18,0.06,30.02,12.59,18.07
2024-09-19,0.78,31.17,13.88,18.45
2024-09-20,3.3,35.55,16.57,20.92
2024-09-21,1.36,32.13,17.11,10.38
2024-09-22,0.0,33.48,16.37,19.55
2024-09-23,0.0,35.07,16.12,21.98
2024-09-24,0.0,35.62,16.16,22.56
2024-09-25,0.0,36.26,17.0,24.59
2024-09-26,0.02,36.38,17.56,25.06
2024-09-27,1.29,33.69,15.06,13.56
2024-09-28,0.46,29.07,13.62,22.37
2024-09-29,0.01,34.39,14.33,23.26
2024-09-30,0.0,34.96,15.28,25.05
2024-10-01,0.01,35.67,18.57,23.16
2024-10-02,0.12,37.14,18.33,24.19
2024-10-03,5.66,27.74,15.99,16.09
2024-10-04,4.19,26.15,14.34,12.76
2024-10-05,0.32,30.55,13.77,25.38
2024-10-06,0.01,33.21,12.26,26.94
2024-10-07,0.0,32.9,13.58,24.01
2024-10-08,0.0,36.42,14.45,21.49
2024-10-09,0.26,31.57,14.9,14.85
2024-10-10,4.47,24.53,15.9,8.58
2024-10-11,3.95,32.22,18.11,14.82
2024-10-12,2.56,30.77,17.03,19.03
2024-10-13,0.47,31.4,15.8,23.95
2024-10-14,0.24,32.16,15.21,24.89
2024-10-15,0.0,33.22,15.5,22.64
2024-10-16,4.17,28.86,17.5,19.58
2024-10-17,0.1,32.07,16.37,23.76
2024-10-18,0.4,33.51,16.07,18.96
2024-10-19,12.29,24.46,15.17,12.67
2024-10-20,16.57,20.87,14.85,9.34
2024-10-21,0.31,29.84,16.07,10.98
2024-10-22,0.81,31.91,18.15,18.18
2024-10-23,16.95,30.53,20.22,16.53
2024-10-24,24.87,28.54,20.01,18.16
2024-10-25,2.49,27.05,19.84,11.19
2024-10-26,0.91,27.17,17.53,17.51
2024-10-27,7.71,27.89,15.28,18.57
2024-10-28,1.82,26.68,15.0,14.8
2024-10-29,0.12,28.95,16.65,25.31
2024-10-30,0.01,29.85,15.92,27.03
2024-10-31,0.0,29.45,14.96,24.97
2024-11-01,0.0,30.48,15.19,24.78
2024-11-02,20.12,28.29,17.98,13.26
2024-11-03,21.83,23.35,18.21,9.72
2024-11-04,8.04,24.9,18.67,6.8
2024-11-05,5.59,26.04,17.64,15.11
2024-11-06,9.97,28.48,18.83,16.84
2024-11-07,17.04,24.94,19.17,7.38
2024-11-08,20.05,24.83,17.55,7.23
2024-11-09,6.66,22.71,15.53,16.71
2024-11-10,0.19,26.91,14.05,28.74
2024-11-11,0.17,28.84,14.24,27.77
2024-11-12,0.86,30.08,15.14,29.12
2024-11-13,4.61,26.18,14.02,16.05
2024-11-14,0.34,27.01,13.08,20.97
2024-11-15,2.3,28.93,16.32,17.53
2024-11-16,6.15,25.75,16.82,12.96
2024-11-17,0.25,29.0,15.12,22.2
2024-11-18,0.01,31.02,16.22,28.84
2024-11-19,1.1,31.34,16.34,27.82
2024-11-20,1.42,32.31,17.31,21.41
2024-11-21,2.84,28.23,17.56,25.64
2024-11-22,0.93,26.23,16.52,10.45
2024-11-23,0.17,27.8,15.43,25.87
2024-11-24,0.04,26.6,14.33,28.64
2024-11-25,0.0,30.11,14.1,28.81
2024-11-26,0.0,31.48,16.01,27.78
2024-11-27,0.0,31.83,17.32,26.08
2024-11-28,3.18,33.64,20.2,23.63
2024-11-29,1.04,26.68,20.8,11.08
2024-11-30,1.06,31.38,20.1,22.09
2024-12-01,0.15,34.03,19.06,28.15
2024-12-02,6.28,28.92,20.84,13.38
2024-12-03,32.57,25.35,19.09,5.15
2024-12-04,3.43,22.44,17.25,16.35
2024-12-05,2.62,28.57,17.27,14.67
2024-12-06,0.15,31.3,19.01,25.5
2024-12-07,0.03,31.71,19.54,28.45
2024-12-08,1.98,30.84,18.24,18.82
2024-12-09,6.04,29.18,18.99,19.19
2024-12-10,9.52,25.37,17.03,16.1
2024-12-11,0.47,27.15,15.98,28.43
2024-12-12,0.04,28.05,15.19,26.23
2024-12-13,0.01,28.18,15.43,19.12
2024-12-14,8.45,24.76,17.61,11.66
2024-12-15,8.05,28.1,18.19,15.89
2024-12-16,1.73,29.06,18.55,21.22
2024-12-17,0.03,29.31,13.9,29.6
2024-12-18,0.03,29.32,15.23,26.02
2024-12-19,0.99,30.92,15.68,26.52
2024-12-20,15.98,28.26,19.69,16.68
2024-12-21,7.85,27.18,19.86,15.16
2024-12-22,5.58,28.01,18.89,17.36
2024-12-23,4.6,27.63,18.07,23.48
2024-12-24,1.21,28.52,17.14,26.08
2024-12-25,9.84,31.73,17.31,25.05
2024-12-26,42.12,24.95,20.07,8.36
2024-12-27,20.15,24.44,19.21,9.3
2024-12-28,4.94,29.06,19.66,23.68
2024-12-29,5.29,28.73,17.58,21.87
2024-12-30,1.68,27.89,16.87,27.84
2024-12-31,2.13,28.92,16.52,28.25
2025-01-01,3.2,27.61,17.48,28.05
2025-01-02,3.89,28.6,17.74,23.81
2025-01-03,1.87,28.44,18.57,13.03
2025-01-04,2.77,24.94,16.76,17.07
2025-01-05,3.01,28.81,15.17,26.92
2025-01-06,0.92,29.4,17.1,26.01
2025-01-07,1.43,25.69,17.78,21.31
2025-01-08,3.56,28.67,17.87,25.85
2025-01-09,3.81,25.72,16.87,23.57
2025-01-10,0.23,27.27,15.64,25.87
2025-01-11,0.45,28.71,14.53,27.86
2025-01-12,0.99,27.14,16.2,21.11
2025-01-13,0.08,25.87,15.32,22.91
2025-01-14,0.15,27.86,14.79,24.28
2025-01-15,0.43,30.88,16.08,20.21
2025-01-16,6.75,29.58,18.37,17.56
2025-01-17,2.27,27.91,19.28,14.79
2025-01-18,1.74,28.04,20.93,24.65
2025-01-19,4.21,30.55,20.22,23.03
2025-01-20,0.41,30.48,20.29,29.15
2025-01-21,0.71,31.29,19.84,22.01
2025-01-22,6.98,32.06,20.3,25.6
2025-01-23,1.28,29.96,19.62,26.67
2025-01-24,4.03,32.01,18.75,24.59
2025-01-25,5.34,31.17,18.69,22.24
2025-01-26,7.85,28.57,19.68,23.5
2025-01-27,5.65,28.9,19.38,19.58
2025-01-28,6.02,28.06,19.14,17.7
2025-01-29,9.35,26.81,19.12,14.5
2025-01-30,13.33,26.8,19.75,12.87
2025-01-31,17.45,24.79,19.75,12.27
2025-02-01,10.49,25.72,18.9,12.31
2025-02-02,10.8,26.72,19.5,13.17
2025-02-03,6.59,26.11,19.71,14.35
2025-02-04,5.46,28.5,18.42,12.44
2025-02-05,1.76,28.95,19.58,19.78
2025-02-06,1.67,30.25,18.72,23.14
2025-02-07,3.03,29.76,19.84,20.13
2025-02-08,0.53,29.53,18.19,27.35
2025-02-09,0.17,30.59,16.65,23.46
2025-02-10,2.27,29.42,18.39,24.54
2025-02-11,0.28,31.16,18.07,23.61
2025-02-12,0.72,31.58,17.33,23.01
2025-02-13,4.06,25.32,19.51,18.21
2025-02-14,3.84,27.18,18.48,20.12
2025-02-15,1.6,30.83,18.18,24.21
2025-02-16,0.0,31.58,20.43,27.43
2025-02-17,0.0,33.48,17.68,28.18
2025-02-18,2.3,32.88,18.85,24.4
2025-02-19,10.57,32.21,20.26,24.94
2025-02-20,0.75,30.57,19.84,25.17
2025-02-21,4.43,30.2,19.79,20.32
2025-02-22,1.59,29.95,19.42,20.9
2025-02-23,1.35,31.42,18.72,25.56
2025-02-24,0.21,31.53,17.98,25.51
2025-02-25,0.0,32.14,18.06,26.31
2025-02-26,0.0,33.52,17.86,26.57
2025-02-27,4.27,31.75,17.11,25.26
2025-02-28,0.18,32.1,18.0,24.73
2025-03-01,0.0,33.57,17.58,27.62
2025-03-02,0.13,33.54,18.06,22.09
2025-03-03,0.07,33.21,16.59,24.59
2025-03-04,0.4,32.44,17.89,25.32
2025-03-05,0.11,31.58,18.14,24.37
2025-03-06,0.0,32.09,16.11,26.16
2025-03-07,0.01,32.42,17.22,24.79
2025-03-08,0.21,31.87,17.37,22.93
2025-03-09,0.49,33.25,17.54,24.9
2025-03-10,2.33,31.97,18.49,21.81
2025-03-11,2.48,30.15,18.14,18.22
2025-03-12,5.34,30.16,18.4,22.04
2025-03-13,4.36,31.96,18.17,18.59
2025-03-14,1.78,30.97,18.73,21.13
2025-03-15,1.96,31.3,18.51,19.87
2025-03-16,7.51,30.29,18.53,16.66
2025-03-17,4.04,30.97,17.63,19.16
2025-03-18,9.44,29.99,18.0,20.97
2025-03-19,22.43,26.52,17.61,14.95
2025-03-20,0.85,26.23,15.93,23.44
2025-03-21,0.12,29.44,15.18,23.88
2025-03-22,0.03,30.61,16.38,23.82
2025-03-23,6.72,27.33,17.6,12.29
2025-03-24,6.44,28.91,17.55,19.2
2025-03-25,1.31,30.37,17.55,21.63
2025-03-26,1.9,27.66,17.18,13.43
2025-03-27,0.36,28.8,16.95,21.34
2025-03-28,3.66,30.18,17.39,20.86
2025-03-29,0.68,30.41,17.55,17.45
2025-03-30,1.72,30.13,18.63,18.07
2025-03-31,8.94,29.27,18.69,7.98
