data,PRECTOTCORR,T2M_MAX,T2M_MIN,ALLSKY_SFC_SW_DWN
2013-10-01,13.62,29.18,19.13,12.77
2013-10-02,16.04,28.2,18.72,9.02
2013-10-03,31.59,27.24,18.05,14.86
2013-10-04,3.93,26.54,17.78,7.16
2013-10-05,0.02,27.51,14.59,25.83
2013-10-06,0.0,27.3,11.87,27.13
2013-10-07,0.0,25.54,12.58,24.36
2013-10-08,0.0,25.15,11.69,19.21
2013-10-09,0.0,28.56,12.26,26.57
2013-10-10,0.0,29.24,13.19,24.14
2013-10-11,0.0,27.73,14.87,22.37
2013-10-12,0.28,28.64,17.18,8.92
2013-10-13,0.03,32.57,15.22,22.91
2013-10-14,0.0,33.02,18.87,19.91
2013-10-15,8.72,27.73,20.15,15.41
2013-10-16,8.06,26.43,17.99,6.63
2013-10-17,0.46,27.57,16.08,13.46
2013-10-18,2.02,29.01,17.53,19.14
2013-10-19,0.0,30.94,14.89,28.38
2013-10-20,0.0,33.85,13.93,27.73
2013-10-21,2.68,30.27,18.1,24.9
2013-10-22,0.68,31.21,19.16,24.01
2013-10-23,1.71,31.19,18.79,22.54
2013-10-24,10.42,30.52,20.42,22.45
2013-10-25,4.8,29.83,18.96,20.82
2013-10-26,0.61,32.23,17.66,22.53
2013-10-27,3.97,33.16,18.99,23.06
2013-10-28,0.31,30.03,14.87,29.44
2013-10-29,0.0,30.31,11.63,28.29
2013-10-30,0.04,31.81,15.22,27.68
2013-10-31,0.51,32.43,15.84,25.7
2013-11-01,0.4,32.62,15.87,25.94
2013-11-02,0.11,33.96,16.03,24.7
2013-11-03,7.42,29.98,19.24,22.75
2013-11-04,4.98,28.22,18.61,11.15
2013-11-05,0.59,27.95,15.99,14.91
2013-11-06,4.79,24.42,15.94,11.07
2013-11-07,0.73,28.45,15.01,17.22
2013-11-08,0.01,31.94,15.68,27.22
2013-11-09,0.0,34.05,16.78,28.96
2013-11-10,0.04,36.74,17.95,27.28
2013-11-11,1.9,33.66,21.46,21.6
2013-11-12,0.06,29.59,20.3,19.59
2013-11-13,0.0,33.96,17.65,29.77
2013-11-14,0.0,34.06,15.04,30.39
2013-11-15,0.77,34.53,16.09,29.16
2013-11-16,1.05,33.35,19.89,10.68
2013-11-17,2.22,31.24,17.52,20.35
2013-11-18,0.12,33.24,16.75,22.4
2013-11-19,11.33,31.95,19.31,24.39
2013-11-20,2.61,33.74,19.99,22.92
2013-11-21,12.02,31.23,21.24,18.57
2013-11-22,20.68,28.31,18.05,12.86
2013-11-23,0.63,27.69,16.98,15.82
2013-11-24,3.93,25.63,17.84,14.07
2013-11-25,0.96,27.21,18.57,13.63
2013-11-26,0.08,32.12,17.55,24.08
2013-11-27,0.19,32.23,17.8,26.17
2013-11-28,0.21,36.68,18.6,29.03
2013-11-29,5.08,34.98,21.38,26.05
2013-11-30,0.41,31.73,20.76,20.95
2013-12-01,0.6,32.08,20.28,22.87
2013-12-02,1.49,31.06,20.33,19.87
2013-12-03,0.15,34.87,20.19,27.25
2013-12-04,0.0,37.76,18.41,29.93
2013-12-05,8.11,32.45,22.2,23.05
2013-12-06,0.0,33.15,20.26,26.66
2013-12-07,1.72,29.17,20.13,18.39
2013-12-08,1.45,33.75,20.31,26.12
2013-12-09,4.82,33.06,21.14,21.16
2013-12-10,8.59,28.56,21.42,11.86
2013-12-11,4.5,31.79,18.93,15.73
2013-12-12,0.05,32.6,18.2,26.65
2013-12-13,0.0,33.71,16.57,28.39
2013-12-14,0.3,34.33,18.67,20.65
2013-12-15,0.14,34.55,20.15,26.54
2013-12-16,0.09,35.35,18.94,29.46
2013-12-17,0.06,34.18,17.06,31.32
2013-12-18,0.01,34.85,15.82,31.46
2013-12-19,0.02,34.49,16.95,29.54
2013-12-20,0.09,34.28,19.34,25.92
2013-12-21,0.01,34.5,18.54,28.39
2013-12-22,0.02,34.02,18.87,28.05
2013-12-23,5.32,29.72,19.57,16.18
2013-12-24,0.93,31.21,18.88,20.39
2013-12-25,1.45,32.65,20.41,15.81
2013-12-26,0.35,37.13,21.48,25.53
2013-12-27,5.9,34.6,22.93,24.56
2013-12-28,9.65,29.11,21.9,18.27
2013-12-29,6.36,29.74,21.37,17.42
2013-12-30,5.42,28.5,21.23,15.62
2013-12-31,13.68,30.07,20.9,21.3
2014-01-01,19.21,30.7,21.35,18.21
2014-01-02,1.17,30.54,21.32,25.98
2014-01-03,9.48,32.45,22.21,27.41
2014-01-04,10.65,33.85,21.96,27.42
2014-01-05,4.96,32.62,20.43,27.79
2014-01-06,6.28,30.04,20.84,25.41
2014-01-07,1.59,32.78,19.28,27.55
2014-01-08,2.12,31.58,22.01,26.99
2014-01-09,0.21,29.12,21.41,21.13
2014-01-10,0.04,33.36,19.44,27.01
2014-01-11,3.66,32.72,20.37,27.9
2014-01-12,9.9,29.48,21.32,20.83
2014-01-13,6.67,29.2,20.21,11.95
2014-01-14,2.45,31.51,19.04,21.8
2014-01-15,4.34,31.01,19.38,20.57
2014-01-16,3.43,27.1,20.02,13.89
2014-01-17,2.68,31.39,18.96,24.82
2014-01-18,0.54,32.97,19.88,27.86
2014-01-19,0.01,34.91,18.12,30.1
2014-01-20,0.0,36.4,18.29,29.56
2014-01-21,0.35,34.57,21.22,27.27
2014-01-22,9.28,32.63,21.95,21.55
2014-01-23,2.53,31.32,20.83,16.82
2014-01-24,17.56,33.54,19.87,26.75
2014-01-25,0.14,31.6,21.42,26.58
2014-01-26,1.15,33.62,20.99,26.66
2014-01-27,4.93,34.47,20.89,25.81
2014-01-28,0.95,34.26,20.86,28.58
2014-01-29,0.0,35.68,19.64,30.63
2014-01-30,0.0,35.57,19.19,28.36
2014-01-31,0.15,37.94,21.41,28.96
2014-02-01,0.11,37.92,22.07,29.2
2014-02-02,0.0,35.6,22.34,28.76
2014-02-03,0.0,37.16,21.76,28.26
2014-02-04,0.0,36.65,21.95,28.27
2014-02-05,0.3,37.93,22.66,28.19
2014-02-06,0.09,39.0,22.86,28.78
2014-02-07,2.24,37.72,21.37,29.61
2014-02-08,1.72,36.45,21.66,25.94
2014-02-09,0.92,38.22,21.44,27.06
2014-02-10,0.35,38.89,20.2,27.87
2014-02-11,0.04,35.45,20.95,21.63
2014-02-12,2.44,30.82,22.27,13.51
2014-02-13,1.33,31.74,20.98,16.7
2014-02-14,17.14,34.04,20.61,20.82
2014-02-15,14.87,27.33,19.05,10.33
2014-02-16,2.55,30.41,19.5,16.86
2014-02-17,0.28,31.73,19.32,17.89
2014-02-18,0.0,32.67,19.39,23.63
2014-02-19,1.2,33.05,18.71,27.58
2014-02-20,0.84,33.44,17.88,25.38
2014-02-21,8.39,28.82,20.5,17.36
2014-02-22,3.95,28.75,21.16,13.16
2014-02-23,4.72,28.31,19.43,12.94
2014-02-24,1.88,30.11,20.76,12.42
2014-02-25,1.1,32.99,18.73,17.87
2014-02-26,0.1,33.88,19.39,25.77
2014-02-27,11.54,32.95,20.09,18.92
2014-02-28,6.62,29.32,21.08,19.27
2014-03-01,0.43,30.86,19.84,19.01
2014-03-02,0.35,31.57,20.14,22.63
2014-03-03,7.71,29.28,20.02,20.75
2014-03-04,3.65,29.73,20.43,15.95
2014-03-05,6.95,28.59,19.94,12.89
2014-03-06,2.69,31.75,21.04,21.54
2014-03-07,1.62,31.17,20.68,20.25
2014-03-08,0.08,31.84,18.45,19.95
2014-03-09,0.02,32.32,18.58,24.55
2014-03-10,0.26,31.9,20.48,24.17
2014-03-11,12.48,28.88,20.34,20.78
2014-03-12,2.64,27.24,20.32,10.2
2014-03-13,8.91,28.96,19.95,14.82
2014-03-14,0.76,28.77,19.14,22.83
2014-03-15,0.27,33.29,19.35,23.48
2014-03-16,0.12,33.7,20.1,24.39
2014-03-17,6.75,33.33,21.21,23.65
2014-03-18,0.84,34.63,19.65,23.88
2014-03-19,1.83,32.74,20.13,21.7
2014-03-20,12.03,29.75,20.59,14.54
2014-03-21,21.39,26.12,20.9,9.14
2014-03-22,1.0,30.97,21.22,13.57
2014-03-23,0.01,29.57,18.12,18.4
2014-03-24,0.02,29.98,16.27,21.0
2014-03-25,0.02,30.02,16.97,22.12
2014-03-26,0.19,30.13,17.06,22.49
2014-03-27,0.04,31.98,18.44,22.15
2014-03-28,0.08,31.88,18.37,21.31
2014-03-29,3.1,29.88,19.49,19.84
2014-03-30,20.27,24.97,20.16,9.94
2014-03-31,8.32,26.88,20.23,14.45
2014-04-01,1.45,31.53,19.94,20.16
2014-04-02,0.06,32.14,20.19,21.5
2014-04-03,0.0,32.38,19.03,21.86
2014-04-04,0.01,31.46,19.26,20.74
2014-04-05,0.0,30.99,19.05,22.0
2014-04-06,0.0,33.4,18.35,20.89
2014-04-07,0.0,34.34,18.44,21.49
2014-04-08,0.03,33.88,19.11,21.14
2014-04-09,6.42,30.65,21.93,15.4
2014-04-10,0.0,31.69,20.46,18.43
2014-04-11,1.61,31.92,20.05,18.29
2014-04-12,19.15,26.86,21.79,12.96
2014-04-13,2.1,29.05,20.81,11.75
2014-04-14,5.21,24.62,16.98,11.43
2014-04-15,11.87,22.59,16.38,8.62
2014-04-16,0.23,28.91,16.53,14.55
2014-04-17,0.16,30.38,17.48,19.04
2014-04-18,0.06,31.13,17.61,18.53
2014-04-19,7.11,30.78,18.14,18.18
2014-04-20,0.04,30.32,18.6,18.28
2014-04-21,2.02,27.94,18.19,19.3
2014-04-22,9.37,28.39,18.65,12.19
2014-04-23,1.77,28.11,18.51,12.66
2014-04-24,0.09,28.53,17.96,15.45
2014-04-25,0.0,27.34,15.84,18.75
2014-04-26,0.0,26.86,14.7,20.26
2014-04-27,0.0,25.7,13.59,20.11
2014-04-28,0.0,25.99,13.35,20.06
2014-04-29,0.0,27.3,12.75,19.56
2014-04-30,0.0,27.55,12.95,16.81
2014-05-01,2.71,25.21,14.11,7.72
2014-05-02,0.0,28.6,14.72,15.7
2014-05-03,0.0,27.8,15.16,14.85
2014-05-04,0.0,29.72,13.81,18.97
2014-05-05,0.03,30.02,14.97,16.48
2014-05-06,0.01,26.83,15.64,12.59
2014-05-07,0.06,30.54,16.18,15.32
2014-05-08,0.0,30.34,16.46,17.67
2014-05-09,0.0,28.95,15.5,17.4
2014-05-10,0.0,26.39,13.96,18.18
2014-05-11,0.0,26.43,13.58,18.23
2014-05-12,0.0,27.91,13.21,17.38
2014-05-13,0.0,28.81,13.26,15.52
2014-05-14,0.0,28.95,15.11,13.99
2014-05-15,0.0,29.34,13.66,16.24
2014-05-16,0.01,30.45,14.84,13.43
2014-05-17,0.01,28.43,15.48,14.72
2014-05-18,0.27,28.97,16.23,14.33
2014-05-19,0.01,29.64,14.46,16.78
2014-05-20,0.0,29.39,13.75,16.61
2014-05-21,0.0,29.82,12.86,15.65
2014-05-22,32.91,26.84,16.58,7.19
2014-05-23,18.26,24.08,18.99,5.82
2014-05-24,1.16,23.8,15.7,4.75
2014-05-25,2.25,21.48,14.21,5.09
2014-05-26,0.44,20.46,10.76,10.98
2014-05-27,0.01,21.42,9.53,10.84
2014-05-28,0.18,22.69,10.87,11.68
2014-05-29,0.0,23.82,12.57,15.23
2014-05-30,0.03,24.73,12.85,16.94
2014-05-31,0.03,26.16,11.56,15.08
2014-06-01,0.8,21.75,15.76,6.23
2014-06-02,0.09,23.03,8.83,16.55
2014-06-03,0.03,22.67,6.99,15.91
2014-06-04,0.02,25.39,6.42,16.23
2014-06-05,0.34,28.96,12.93,11.47
2014-06-06,2.77,26.06,16.09,5.73
2014-06-07,0.0,29.6,17.1,13.87
2014-06-08,0.01,29.68,16.53,14.54
2014-06-09,0.14,26.78,16.83,13.02
2014-06-10,0.0,25.84,15.41,13.02
2014-06-11,0.0,26.75,14.67,15.84
2014-06-12,0.0,27.53,14.27,15.4
2014-06-13,0.03,28.01,14.36,15.53
2014-06-14,0.0,28.34,13.84,13.26
2014-06-15,0.2,27.99,16.97,13.43
2014-06-16,0.05,29.01,15.39,14.98
2014-06-17,1.27,29.28,14.55,15.66
2014-06-18,1.69,28.37,13.47,15.05
2014-06-19,1.47,24.76,12.54,14.87
2014-06-20,0.0,24.49,10.93,15.04
2014-06-21,0.0,25.28,11.13,14.04
2014-06-22,0.05,26.72,12.6,15.15
2014-06-23,0.0,27.85,13.29,14.27
2014-06-24,0.0,28.43,13.17,15.4
2014-06-25,0.03,28.14,12.98,14.09
2014-06-26,0.0,28.46,13.96,13.6
2014-06-27,0.0,29.59,14.95,15.49
2014-06-28,0.29,28.71,14.16,12.62
2014-06-29,1.33,20.45,10.36,5.59
2014-06-30,0.0,22.15,8.23,16.06
2014-07-01,0.0,25.26,6.59,16.57
2014-07-02,0.0,28.54,13.59,15.06
2014-07-03,0.0,31.31,14.41,15.46
2014-07-04,0.0,30.7,15.01,15.38
2014-07-05,0.0,29.37,14.79,15.16
2014-07-06,0.0,28.46,14.17,14.72
2014-07-07,0.13,21.75,14.45,6.75
2014-07-08,2.68,26.21,14.63,10.73
2014-07-09,8.58,21.74,14.38,9.78
2014-07-10,1.03,24.52,14.02,8.24
2014-07-11,0.01,24.06,12.14,15.2
2014-07-12,0.02,25.2,12.51,16.05
2014-07-13,0.01,26.42,12.82,16.49
2014-07-14,0.0,26.4,12.19,16.57
2014-07-15,0.02,26.78,12.25,16.53
2014-07-16,0.0,27.72,12.81,16.23
2014-07-17,0.18,29.35,12.96,16.09
2014-07-18,4.02,23.32,12.31,8.8
2014-07-19,0.02,23.83,9.43,17.81
2014-07-20,0.03,24.98,6.67,17.39
2014-07-21,0.01,26.66,8.51,17.29
2014-07-22,0.02,29.2,10.47,16.56
2014-07-23,0.53,29.52,13.59,15.46
2014-07-24,13.89,24.57,12.53,2.94
2014-07-25,0.65,20.91,10.88,10.46
2014-07-26,0.55,23.25,10.67,10.21
2014-07-27,0.48,22.24,12.43,7.24
2014-07-28,0.01,22.22,12.28,9.24
2014-07-29,0.0,25.34,13.61,16.74
2014-07-30,0.0,26.91,12.4,17.5
2014-07-31,0.0,28.13,11.38,18.12
2014-08-01,0.0,29.86,12.06,17.41
2014-08-02,0.01,30.48,13.11,18.62
2014-08-03,0.0,31.08,15.98,18.66
2014-08-04,0.0,30.83,14.21,16.95
2014-08-05,0.0,26.75,12.97,16.8
2014-08-06,0.0,27.98,9.5,18.32
2014-08-07,0.0,29.98,12.02,18.77
2014-08-08,0.01,29.85,13.03,18.78
2014-08-09,0.0,28.22,13.29,18.2
2014-08-10,0.0,26.56,13.15,16.96
2014-08-11,0.0,30.71,11.98,19.62
2014-08-12,0.01,32.19,14.54,18.47
2014-08-13,7.77,24.64,11.11,4.16
2014-08-14,0.04,23.32,8.96,18.47
2014-08-15,0.01,28.39,11.73,18.0
2014-08-16,0.01,29.82,14.95,16.82
2014-08-17,2.35,28.67,16.16,12.95
2014-08-18,0.09,28.99,15.24,18.25
2014-08-19,0.0,29.57,14.25,20.58
2014-08-20,0.0,30.35,12.24,21.45
2014-08-21,0.0,31.69,13.12,20.98
2014-08-22,0.0,33.08,13.15,21.39
2014-08-23,0.0,33.19,14.6,21.34
2014-08-24,0.0,32.72,13.42,20.69
2014-08-25,0.0,33.41,14.38,21.13
2014-08-26,0.74,27.95,17.14,16.25
2014-08-27,0.0,28.77,13.79,15.84
2014-08-28,0.0,30.46,13.43,16.59
2014-08-29,0.0,29.91,12.29,18.89
2014-08-30,0.0,32.97,12.37,21.11
2014-08-31,3.23,34.65,14.27,18.41
2014-09-01,6.43,31.04,16.79,13.43
2014-09-02,15.44,31.99,18.21,20.1
2014-09-03,0.13,30.55,18.68,13.19
2014-09-04,0.0,27.3,15.07,22.77
2014-09-05,0.0,28.06,13.59,22.17
2014-09-06,0.0,30.83,11.93,22.71
2014-09-07,0.02,31.81,14.08,13.45
2014-09-08,0.0,32.78,16.62,22.5
2014-09-09,0.0,33.0,15.34,23.8
2014-09-10,0.0,34.24,15.15,23.9
2014-09-11,0.0,36.24,17.05,23.26
2014-09-12,0.0,34.83,16.42,23.58
2014-09-13,0.0,34.14,15.87,24.1
2014-09-14,0.0,35.24,14.89,24.18
2014-09-15,0.0,35.4,16.93,12.97
2014-09-16,0.0,32.71,17.48,23.79
2014-09-17,0.0,34.67,14.43,24.28
2014-09-18,0.31,36.44,15.58,18.17
2014-09-19,11.07,32.99,17.99,10.73
2014-09-20,11.11,29.98,19.27,6.56
2014-09-21,2.3,29.75,16.89,22.95
2014-09-22,0.01,28.96,13.35,25.02
2014-09-23,0.0,33.69,12.36,25.56
2014-09-24,7.98,34.12,18.4,13.13
2014-09-25,22.73,29.79,17.42,13.56
2014-09-26,22.88,26.45,20.65,11.03
2014-09-27,1.3,26.23,19.31,5.48
2014-09-28,0.39,30.37,17.58,12.14
2014-09-29,8.15,30.7,19.4,17.8
2014-09-30,4.75,31.29,19.25,15.61
2014-10-01,0.84,32.43,20.67,15.23
2014-10-02,0.02,27.29,14.66,24.0
2014-10-03,0.0,27.09,13.34,27.2
2014-10-04,0.0,26.93,11.68,26.16
2014-10-05,0.0,26.76,11.86,25.85
2014-10-06,0.0,30.13,11.44,25.71
2014-10-07,0.0,30.64,12.95,18.62
2014-10-08,0.0,33.29,14.18,27.87
2014-10-09,0.0,34.91,14.74,27.1
2014-10-10,0.0,37.19,15.01,27.5
2014-10-11,0.0,38.39,18.74,25.89
2014-10-12,0.0,38.47,18.25,27.0
2014-10-13,0.0,39.29,18.41,26.86
2014-10-14,0.0,39.89,21.54,26.13
2014-10-15,0.0,39.19,20.47,25.91
2014-10-16,0.0,39.68,19.15,24.47
2014-10-17,0.0,39.83,21.09,21.79
2014-10-18,0.01,39.98,20.4,20.69
2014-10-19,2.24,38.04,22.22,21.98
2014-10-20,0.14,33.49,20.89,8.42
2014-10-21,0.0,31.84,16.53,22.88
2014-10-22,0.05,33.25,15.28,26.46
2014-10-23,0.83,34.94,15.99,25.82
2014-10-24,1.99,33.97,18.65,22.49
2014-10-25,5.28,26.36,19.32,11.21
2014-10-26,2.94,33.02,17.76,20.95
2014-10-27,0.51,34.21,18.33,26.66
2014-10-28,0.0,33.54,15.17,30.79
2014-10-29,0.0,35.78,13.45,30.51
2014-10-30,0.66,37.54,17.52,28.04
2014-10-31,1.27,33.77,19.84,21.9
2014-11-01,5.95,34.09,20.4,22.41
2014-11-02,7.22,31.26,21.34,22.04
2014-11-03,2.77,30.0,20.73,16.16
2014-11-04,11.18,27.45,20.73,15.72
2014-11-05,1.78,33.5,19.99,21.94
2014-11-06,5.74,34.65,18.26,27.94
2014-11-07,11.66,30.14,19.76,19.5
2014-11-08,0.1,27.61,20.8,15.48
2014-11-09,0.01,32.86,18.27,24.36
2014-11-10,0.0,34.08,16.86,29.02
2014-11-11,0.0,35.11,14.39,29.68
2014-11-12,4.28,26.25,17.46,16.12
2014-11-13,1.41,32.73,19.86,24.91
2014-11-14,0.55,31.93,17.1,21.97
2014-11-15,0.0,31.55,15.33,29.49
2014-11-16,0.03,32.26,13.78,30.84
2014-11-17,0.0,33.74,13.1,28.79
2014-11-18,1.79,33.95,13.94,27.9
2014-11-19,3.17,34.4,16.7,27.04
2014-11-20,3.07,31.64,20.84,17.86
2014-11-21,1.09,34.66,19.88,21.32
2014-11-22,11.81,27.77,20.94,7.79
2014-11-23,3.95,31.3,19.74,16.06
2014-11-24,14.29,30.87,19.99,18.84
2014-11-25,27.95,25.0,20.95,15.4
2014-11-26,12.92,28.39,19.93,14.59
2014-11-27,3.56,30.11,20.59,20.08
2014-11-28,0.61,31.6,18.9,22.68
2014-11-29,0.84,28.19,18.38,22.34
2014-11-30,11.38,31.05,19.9,17.35
2014-12-01,0.71,30.46,19.52,19.36
2014-12-02,0.14,29.5,20.05,25.57
2014-12-03,0.18,31.71,20.04,18.11
2014-12-04,5.74,32.42,20.31,15.09
2014-12-05,0.04,26.69,17.42,23.97
2014-12-06,4.13,31.34,16.34,27.08
2014-12-07,0.93,31.92,19.68,27.47
2014-12-08,3.8,26.04,19.93,17.29
2014-12-09,4.75,26.52,19.3,18.62
2014-12-10,21.41,25.22,19.57,13.82
2014-12-11,8.42,28.71,19.75,19.64
2014-12-12,25.76,27.4,20.46,19.98
2014-12-13,32.24,26.11,20.55,13.43
2014-12-14,5.45,32.42,19.39,22.85
2014-12-15,0.22,30.75,15.88,30.91
2014-12-16,0.03,32.73,14.53,29.61
2014-12-17,0.0,32.07,16.63,27.87
2014-12-18,0.01,33.84,19.67,28.68
2014-12-19,25.46,32.49,20.74,24.41
2014-12-20,2.58,31.47,21.43,23.92
2014-12-21,5.57,26.61,22.07,15.47
2014-12-22,16.4,26.19,21.81,13.79
2014-12-23,25.75,27.78,18.16,6.32
2014-12-24,1.48,29.07,17.16,14.73
2014-12-25,8.12,31.49,18.1,24.31
2014-12-26,0.14,32.92,20.81,29.49
2014-12-27,0.0,34.83,20.7,28.02
2014-12-28,3.47,33.54,23.01,28.83
2014-12-29,4.71,28.58,21.63,23.18
2014-12-30,1.94,31.59,20.44,27.37
2014-12-31,2.8,29.19,21.3,20.55
2015-01-01,3.58,29.11,20.44,24.04
2015-01-02,1.69,27.89,22.52,25.75
2015-01-03,1.77,31.62,21.65,24.18
2015-01-04,1.44,29.76,21.03,19.08
2015-01-05,21.99,29.88,20.53,22.24
2015-01-06,11.8,30.86,20.25,21.2
2015-01-07,8.57,31.81,20.77,26.11
2015-01-08,6.95,32.41,20.76,18.94
2015-01-09,0.86,33.2,21.19,28.87
2015-01-10,8.14,34.63,20.9,29.48
2015-01-11,6.41,33.61,21.47,29.48
2015-01-12,2.6,32.78,22.72,24.45
2015-01-13,2.48,33.05,21.95,26.15
2015-01-14,2.15,30.49,21.13,21.24
2015-01-15,6.69,30.31,21.31,27.91
2015-01-16,0.58,31.64,21.26,27.46
2015-01-17,0.02,34.79,21.47,25.77
2015-01-18,0.0,36.55,22.47,28.41
2015-01-19,1.81,38.03,22.45,28.64
2015-01-20,2.04,37.16,21.12,28.53
2015-01-21,3.48,33.79,21.82,28.1
2015-01-22,0.56,32.93,20.49,22.92
2015-01-23,0.03,30.44,18.97,21.81
2015-01-24,1.09,32.38,19.04,27.58
2015-01-25,2.03,29.17,20.47,27.18
2015-01-26,10.94,30.71,20.3,21.8
2015-01-27,23.12,28.87,20.69,18.83
2015-01-28,21.61,27.3,20.89,19.62
2015-01-29,5.59,29.12,20.08,18.26
2015-01-30,1.17,30.12,20.59,20.15
2015-01-31,4.61,32.49,19.18,25.44
2015-02-01,1.17,34.22,19.77,26.89
2015-02-02,4.79,32.63,20.41,27.32
2015-02-03,4.33,32.75,18.59,26.67
2015-02-04,9.77,25.94,20.51,11.58
2015-02-05,8.18,29.51,20.68,16.7
2015-02-06,3.18,30.2,17.73,21.45
2015-02-07,4.31,31.6,18.19,27.17
2015-02-08,1.6,33.69,18.02,26.75
2015-02-09,6.38,31.77,19.13,16.97
2015-02-10,8.79,26.6,20.8,15.07
2015-02-11,2.92,29.84,20.87,21.09
2015-02-12,15.47,30.05,21.6,22.26
2015-02-13,5.68,32.12,21.4,18.19
2015-02-14,3.06,27.49,21.09,12.27
2015-02-15,6.93,27.57,19.94,10.44
2015-02-16,4.31,29.37,18.4,15.82
2015-02-17,23.05,24.87,20.57,10.8
2015-02-18,12.87,28.34,20.12,12.32
2015-02-19,9.97,28.08,20.72,16.47
2015-02-20,6.63,26.45,20.76,15.74
2015-02-21,0.18,31.32,20.42,25.38
2015-02-22,0.02,31.79,20.31,26.6
2015-02-23,0.01,31.43,20.02,24.87
2015-02-24,1.51,29.69,20.36,25.2
2015-02-25,4.86,27.46,19.04,20.03
2015-02-26,0.26,30.63,19.93,24.66
2015-02-27,1.21,29.43,20.1,23.05
2015-02-28,0.4,31.07,19.98,23.59
2015-03-01,0.05,30.85,18.95,25.64
2015-03-02,0.0,30.32,18.23,25.78
2015-03-03,0.06,32.93,18.42,24.54
2015-03-04,3.61,32.5,20.37,22.93
2015-03-05,8.94,31.15,20.65,22.55
2015-03-06,6.39,29.05,21.26,16.57
2015-03-07,7.17,26.27,20.57,14.67
2015-03-08,10.9,27.18,19.85,11.15
2015-03-09,10.42,24.62,20.74,11.0
2015-03-10,4.27,29.12,19.92,18.23
2015-03-11,7.21,29.84,19.05,20.06
2015-03-12,7.16,29.22,19.55,20.16
2015-03-13,2.22,25.76,20.51,12.97
2015-03-14,2.75,27.12,19.39,11.69
2015-03-15,3.02,28.94,18.7,17.2
2015-03-16,0.74,30.42,19.22,22.17
2015-03-17,0.27,28.66,19.71,20.08
2015-03-18,3.13,24.02,19.53,16.39
2015-03-19,2.82,25.91,18.09,8.14
2015-03-20,5.86,28.19,18.24,15.12
2015-03-21,10.88,26.63,18.25,13.45
2015-03-22,1.78,28.85,17.78,16.21
2015-03-23,0.2,29.48,17.74,23.01
2015-03-24,0.0,29.94,17.19,24.9
2015-03-25,0.0,30.86,16.31,22.89
2015-03-26,0.38,29.97,17.38,23.41
2015-03-27,1.76,30.9,19.14,13.92
2015-03-28,2.17,30.23,19.41,17.44
2015-03-29,9.28,29.08,20.08,15.82
2015-03-30,4.78,27.97,18.69,15.56
2015-03-31,1.72,30.2,19.0,18.09
2015-04-01,0.01,30.7,16.97,21.26
2015-04-02,0.03,31.11,18.2,22.34
2015-04-03,0.01,30.13,16.17,23.05
2015-04-04,6.47,31.05,17.61,18.51
2015-04-05,3.0,29.57,19.74,11.63
2015-04-06,0.44,28.82,18.41,18.11
2015-04-07,0.0,26.89,16.11,15.9
2015-04-08,0.0,27.91,14.28,21.42
2015-04-09,0.0,29.49,15.96,19.37
2015-04-10,0.0,29.88,16.87,20.4
2015-04-11,0.0,29.94,16.5,20.74
2015-04-12,0.0,30.8,16.34,21.03
2015-04-13,0.0,30.76,16.48,21.5
2015-04-14,1.72,30.39,17.42,13.55
2015-04-15,1.25,27.31,18.97,15.25
2015-04-16,3.81,29.96,18.7,13.95
2015-04-17,0.46,30.34,18.02,19.51
2015-04-18,0.85,29.53,18.53,15.95
2015-04-19,9.03,29.26,19.67,14.14
2015-04-20,0.88,31.29,19.52,18.09
2015-04-21,14.8,29.49,20.78,15.77
2015-04-22,1.61,29.06,18.68,12.36
2015-04-23,0.02,29.69,16.93,15.35
2015-04-24,0.01,30.42,17.78,17.38
2015-04-25,0.01,28.54,16.36,19.77
2015-04-26,0.0,27.17,14.35,20.32
2015-04-27,0.01,28.58,15.81,20.11
2015-04-28,0.0,29.27,15.34,18.72
2015-04-29,0.0,26.98,16.62,17.73
2015-04-30,0.0,26.92,14.89,17.94
2015-05-01,0.0,27.61,13.45,19.45
2015-05-02,0.0,28.36,13.99,18.99
2015-05-03,1.04,28.91,15.01,14.43
2015-05-04,26.94,25.45,18.93,11.37
2015-05-05,0.16,25.8,18.0,13.72
2015-05-06,0.0,26.82,15.13,16.16
2015-05-07,0.02,26.07,14.14,18.36
2015-05-08,0.01,23.93,13.82,18.07
2015-05-09,0.0,27.86,12.46,18.01
2015-05-10,5.66,27.16,15.64,9.03
2015-05-11,11.69,24.56,14.85,8.88
2015-05-12,0.11,24.51,12.32,16.3
2015-05-13,0.05,23.84,14.91,14.69
2015-05-14,0.0,25.5,14.38,16.4
2015-05-15,0.0,24.67,15.19,9.03
2015-05-16,0.0,25.74,13.87,14.61
2015-05-17,0.0,26.12,14.06,13.69
2015-05-18,0.04,26.07,16.26,5.71
2015-05-19,4.05,24.82,15.6,11.38
2015-05-20,7.05,21.78,16.2,7.38
2015-05-21,0.5,26.29,15.61,15.21
2015-05-22,0.0,26.74,15.76,16.35
2015-05-23,0.0,24.16,15.62,13.88
2015-05-24,0.03,28.1,14.4,13.92
2015-05-25,0.29,29.63,16.08,12.64
2015-05-26,0.05,29.9,17.75,15.24
2015-05-27,0.38,28.81,17.57,15.77
2015-05-28,9.14,19.72,16.23,3.31
2015-05-29,0.38,23.12,12.96,13.2
2015-05-30,4.28,24.31,11.29,8.11
2015-05-31,42.48,20.38,14.34,5.18
2015-06-01,0.26,25.43,14.05,7.76
2015-06-02,0.05,22.18,13.88,5.7
2015-06-03,0.02,25.18,13.42,11.96
2015-06-04,0.0,26.77,14.67,15.09
2015-06-05,0.02,25.97,14.7,16.28
2015-06-06,0.0,26.08,13.64,15.98
2015-06-07,0.0,26.96,13.48,13.16
2015-06-08,0.0,27.21,13.48,14.55
2015-06-09,0.0,27.0,13.2,14.79
2015-06-10,0.0,27.71,13.31,15.61
2015-06-11,0.0,27.59,14.46,15.39
2015-06-12,0.14,27.79,15.27,13.24
2015-06-13,0.03,27.4,15.02,15.79
2015-06-14,0.05,28.07,15.21,13.56
2015-06-15,1.58,20.45,12.66,3.24
2015-06-16,0.1,23.02,10.36,14.84
2015-06-17,0.0,28.73,13.57,12.51
2015-06-18,0.47,28.68,15.74,12.38
2015-06-19,0.7,21.69,12.37,10.94
2015-06-20,0.01,24.13,12.34,15.8
2015-06-21,0.0,25.59,12.79,15.6
2015-06-22,0.01,26.24,12.37,15.24
2015-06-23,0.0,26.67,12.05,13.75
2015-06-24,0.0,23.49,13.43,14.29
2015-06-25,0.0,23.47,12.75,15.44
2015-06-26,0.0,23.82,12.47,15.56
2015-06-27,0.01,23.68,11.39,15.98
2015-06-28,0.0,23.68,9.13,15.02
2015-06-29,0.0,24.8,10.35,14.42
2015-06-30,0.24,23.49,14.23,12.16
2015-07-01,12.33,20.46,13.95,5.05
2015-07-02,17.42,23.86,14.13,2.36
2015-07-03,1.73,24.61,15.8,3.99
2015-07-04,11.94,19.92,14.17,4.89
2015-07-05,0.51,20.54,10.72,6.18
2015-07-06,0.2,22.34,12.07,12.86
2015-07-07,11.2,21.58,15.56,3.52
2015-07-08,11.38,21.49,13.59,4.53
2015-07-09,1.01,22.34,11.99,11.65
2015-07-10,2.59,25.95,12.83,15.35
2015-07-11,0.12,26.96,13.2,4.92
2015-07-12,0.95,26.96,14.41,15.0
2015-07-13,0.0,28.03,16.25,15.43
2015-07-14,0.0,28.5,15.37,14.97
2015-07-15,0.0,28.63,17.32,10.7
2015-07-16,0.0,26.81,16.62,10.66
2015-07-17,0.31,24.38,15.63,10.38
2015-07-18,0.0,26.14,14.11,16.38
2015-07-19,0.01,26.91,13.49,16.54
2015-07-20,0.0,26.99,12.68,15.8
2015-07-21,0.45,24.72,15.83,8.15
2015-07-22,0.01,23.63,12.57,13.96
2015-07-23,0.01,26.37,12.87,12.16
2015-07-24,1.15,27.38,14.62,10.57
2015-07-25,1.51,22.94,14.25,11.89
2015-07-26,0.04,25.33,12.64,12.83
2015-07-27,0.04,26.06,9.27,17.21
2015-07-28,0.0,28.22,10.0,18.19
2015-07-29,0.0,28.19,11.76,18.08
2015-07-30,0.0,28.87,11.15,18.38
2015-07-31,0.0,29.14,11.42,17.14
2015-08-01,0.0,29.33,12.68,17.59
2015-08-02,0.0,29.32,12.13,18.37
2015-08-03,0.0,30.09,12.35,18.67
2015-08-04,0.0,29.92,14.02,18.37
2015-08-05,0.0,29.78,13.19,16.91
2015-08-06,0.0,29.99,13.24,18.71
2015-08-07,0.0,30.55,12.54,18.79
2015-08-08,0.0,31.58,12.82,19.13
2015-08-09,0.0,30.38,14.48,18.69
2015-08-10,0.0,30.11,14.61,19.15
2015-08-11,0.0,30.43,14.9,19.04
2015-08-12,0.0,28.97,13.4,19.94
2015-08-13,0.0,29.87,12.07,19.7
2015-08-14,0.0,28.52,12.25,19.63
2015-08-15,0.0,29.89,13.23,19.29
2015-08-16,0.0,31.13,14.34,19.82
2015-08-17,0.0,31.03,15.19,19.21
2015-08-18,0.37,26.64,16.62,10.57
2015-08-19,1.41,27.64,13.96,18.26
2015-08-20,0.1,27.29,11.44,20.89
2015-08-21,0.0,27.28,12.43,20.17
2015-08-22,0.0,29.94,12.75,21.3
2015-08-23,0.0,31.73,12.76,20.14
2015-08-24,8.78,23.4,16.28,8.21
2015-08-25,2.98,28.85,13.78,13.26
2015-08-26,0.82,31.03,14.63,19.07
2015-08-27,6.62,28.88,16.68,2.87
2015-08-28,0.19,29.28,14.35,18.77
2015-08-29,0.88,30.49,11.64,22.11
2015-08-30,0.0,34.0,12.17,21.12
2015-08-31,0.0,34.8,15.03,22.18
2015-09-01,0.02,34.2,15.3,22.55
2015-09-02,0.0,31.91,14.96,21.8
2015-09-03,0.0,33.35,13.58,21.24
2015-09-04,0.01,32.46,15.1,16.05
2015-09-05,0.13,26.22,16.66,11.58
2015-09-06,0.04,29.15,14.33,16.18
2015-09-07,17.04,29.48,17.72,10.06
2015-09-08,20.77,28.5,18.57,3.91
2015-09-09,14.88,28.49,17.2,14.77
2015-09-10,24.6,22.65,15.18,5.02
2015-09-11,31.47,26.35,16.99,6.59
2015-09-12,6.76,26.21,14.97,7.93
2015-09-13,0.15,26.33,12.96,21.39
2015-09-14,0.01,26.88,11.62,23.49
2015-09-15,0.0,31.91,13.66,21.47
2015-09-16,0.0,33.46,18.53,23.18
2015-09-17,0.05,34.19,19.53,22.47
2015-09-18,0.01,35.69,18.91,23.6
2015-09-19,0.0,36.06,19.0,24.66
2015-09-20,0.0,35.6,16.25,25.03
2015-09-21,0.0,35.54,16.22,23.75
2015-09-22,0.0,36.27,15.9,23.81
2015-09-23,0.0,36.55,16.31,25.6
2015-09-24,0.0,38.18,21.21,24.01
2015-09-25,2.35,36.37,21.98,16.57
2015-09-26,23.59,29.67,20.61,11.9
2015-09-27,5.88,31.76,18.93,21.01
2015-09-28,6.68,25.89,18.28,11.45
2015-09-29,5.83,26.62,18.23,16.08
2015-09-30,4.51,30.93,17.5,15.04
2015-10-01,1.19,32.38,18.53,19.39
2015-10-02,0.8,35.06,18.82,23.46
2015-10-03,8.18,27.25,19.71,7.22
2015-10-04,0.11,28.72,18.26,14.35
2015-10-05,0.0,31.68,16.21,25.18
2015-10-06,0.0,33.08,14.08,26.56
2015-10-07,0.0,36.49,16.12,25.8
2015-10-08,3.01,36.97,19.67,25.17
2015-10-09,23.13,32.14,21.23,14.48
2015-10-10,2.1,26.5,20.14,12.78
2015-10-11,2.63,27.61,19.12,13.66
2015-10-12,1.51,30.04,17.01,15.62
2015-10-13,1.29,30.42,16.11,23.91
2015-10-14,0.0,36.37,17.67,26.5
2015-10-15,0.45,36.83,18.68,22.86
2015-10-16,0.05,37.58,20.88,22.91
2015-10-17,5.0,37.1,20.12,25.64
2015-10-18,0.0,33.57,16.48,24.82
2015-10-19,0.02,36.92,15.34,26.12
2015-10-20,0.37,38.14,19.06,25.02
2015-10-21,0.0,38.35,21.41,19.55
2015-10-22,6.23,36.79,23.09,20.38
2015-10-23,6.21,31.13,21.8,9.56
2015-10-24,0.04,33.31,17.86,25.09
2015-10-25,3.78,30.04,17.04,20.44
2015-10-26,22.29,30.0,17.03,17.98
2015-10-27,7.1,30.39,19.65,19.35
2015-10-28,3.79,30.74,19.55,14.49
2015-10-29,0.03,32.26,17.91,27.76
2015-10-30,0.11,33.14,17.1,25.38
2015-10-31,15.7,25.78,20.84,5.35
2015-11-01,22.34,26.07,20.93,9.19
2015-11-02,17.11,29.62,19.69,12.07
2015-11-03,16.44,25.79,20.06,15.79
2015-11-04,14.12,25.9,21.18,18.87
2015-11-05,8.7,30.73,20.75,14.58
2015-11-06,4.86,29.18,18.15,15.87
2015-11-07,0.05,31.43,16.38,13.04
2015-11-08,2.0,30.21,17.57,15.48
2015-11-09,1.43,32.09,19.86,17.66
2015-11-10,2.51,33.63,21.38,23.25
2015-11-11,0.55,30.74,21.27,12.31
2015-11-12,0.01,33.15,21.64,26.07
2015-11-13,8.23,30.68,21.33,22.2
2015-11-14,11.27,29.27,21.35,22.25
2015-11-15,7.56,32.77,22.01,16.63
2015-11-16,16.1,29.11,20.52,19.43
2015-11-17,11.41,31.55,19.61,22.33
2015-11-18,3.33,30.74,20.58,23.68
2015-11-19,14.22,30.37,21.76,21.42
2015-11-20,4.37,25.93,19.86,12.1
2015-11-21,0.0,31.65,18.15,22.21
2015-11-22,0.76,32.57,17.51,23.28
2015-11-23,34.09,29.45,20.85,12.29
2015-11-24,32.72,24.7,19.41,4.05
2015-11-25,4.07,25.44,19.6,4.96
2015-11-26,0.08,31.45,18.54,20.58
2015-11-27,0.75,32.99,18.45,26.92
2015-11-28,12.26,29.01,20.04,18.93
2015-11-29,1.07,31.43,20.71,13.94
2015-11-30,3.94,27.58,18.56,15.42
2015-12-01,1.23,32.55,16.46,20.23
2015-12-02,11.59,31.57,19.52,24.23
2015-12-03,6.72,30.15,19.86,14.61
2015-12-04,3.34,29.94,20.3,23.3
2015-12-05,0.85,28.65,21.07,21.0
2015-12-06,2.63,28.57,20.71,12.83
2015-12-07,4.22,29.31,19.94,18.86
2015-12-08,2.19,30.38,20.31,22.99
2015-12-09,13.5,28.54,20.98,15.88
2015-12-10,8.31,27.63,21.7,12.21
2015-12-11,3.74,27.12,21.16,19.03
2015-12-12,8.44,29.45,20.76,10.97
2015-12-13,0.86,30.24,20.28,24.14
2015-12-14,7.56,30.5,21.5,24.5
2015-12-15,2.79,30.74,21.02,17.39
2015-12-16,2.48,28.36,20.85,17.04
2015-12-17,3.18,33.17,18.74,27.05
2015-12-18,2.19,32.27,21.19,28.08
2015-12-19,4.47,29.98,22.05,11.47
2015-12-20,8.11,30.91,21.24,13.93
2015-12-21,4.19,32.13,19.58,25.4
2015-12-22,1.84,29.32,21.42,25.05
2015-12-23,5.94,27.4,22.33,22.89
2015-12-24,11.6,30.82,21.02,23.23
2015-12-25,25.55,31.12,21.83,17.69
2015-12-26,8.51,29.14,21.77,15.91
2015-12-27,9.32,27.19,21.01,11.12
2015-12-28,32.02,25.91,20.84,13.84
2015-12-29,30.87,27.1,20.49,11.23
2015-12-30,8.96,25.4,20.36,11.83
2015-12-31,6.02,28.57,20.67,13.54
2016-01-01,5.2,26.25,21.46,19.4
2016-01-02,4.69,26.73,20.9,21.14
2016-01-03,7.93,27.51,20.46,16.38
2016-01-04,1.81,28.43,18.87,18.53
2016-01-05,0.12,31.66,18.61,24.3
2016-01-06,0.05,32.37,19.99,25.53
2016-01-07,0.0,33.72,20.87,27.99
2016-01-08,16.22,32.23,21.57,25.3
2016-01-09,19.04,26.94,22.09,10.05
2016-01-10,40.46,26.18,21.41,15.06
2016-01-11,51.52,27.12,22.26,5.84
2016-01-12,53.56,27.43,22.28,9.11
2016-01-13,25.42,28.69,22.6,15.53
2016-01-14,15.79,29.4,21.64,14.86
2016-01-15,5.17,30.49,19.97,14.5
2016-01-16,0.26,29.82,18.89,24.65
2016-01-17,0.0,29.17,15.09,29.59
2016-01-18,0.0,29.52,16.82,25.6
2016-01-19,0.0,29.71,17.14,23.63
2016-01-20,0.01,30.82,17.74,22.09
2016-01-21,0.0,29.54,17.41,29.63
2016-01-22,0.0,29.4,16.83,30.13
2016-01-23,0.04,31.37,16.15,25.47
2016-01-24,4.34,32.34,18.35,27.13
2016-01-25,6.97,31.04,20.57,24.28
2016-01-26,4.27,31.64,20.56,24.78
2016-01-27,11.34,28.8,21.78,18.55
2016-01-28,3.01,31.14,19.96,22.85
2016-01-29,13.16,28.33,21.72,15.08
2016-01-30,10.46,27.3,20.69,15.06
2016-01-31,0.88,30.54,20.64,29.11
2016-02-01,0.59,31.22,21.19,26.18
2016-02-02,0.57,33.42,20.06,28.18
2016-02-03,9.37,31.71,21.81,25.91
2016-02-04,4.93,29.27,21.11,21.28
2016-02-05,0.74,33.98,19.53,18.93
2016-02-06,0.51,32.08,20.48,22.56
2016-02-07,6.42,29.99,21.75,24.79
2016-02-08,3.15,31.05,20.58,23.67
2016-02-09,0.99,31.98,21.45,24.96
2016-02-10,3.42,31.96,20.45,25.17
2016-02-11,18.36,29.0,20.53,21.62
2016-02-12,3.07,32.15,17.97,24.06
2016-02-13,0.01,29.4,17.33,27.45
2016-02-14,0.81,32.72,20.67,25.13
2016-02-15,14.12,29.57,22.92,17.61
2016-02-16,16.26,27.27,22.06,16.55
2016-02-17,1.6,30.07,21.62,16.64
2016-02-18,2.89,31.39,21.4,21.61
2016-02-19,1.48,31.45,22.58,23.29
2016-02-20,31.08,28.65,21.35,19.38
2016-02-21,11.9,27.2,21.54,11.89
2016-02-22,14.82,26.37,20.44,10.25
2016-02-23,10.7,25.62,19.55,10.06
2016-02-24,5.39,28.93,19.53,11.14
2016-02-25,11.99,28.56,18.91,18.0
2016-02-26,9.05,29.28,20.55,18.71
2016-02-27,24.07,25.33,21.44,15.05
2016-02-28,8.13,28.34,21.61,16.29
2016-02-29,4.74,24.78,19.09,9.51
2016-03-01,1.44,26.66,17.91,11.87
2016-03-02,3.91,26.1,18.53,14.19
2016-03-03,21.27,27.87,19.68,13.77
2016-03-04,3.97,28.42,19.43,23.59
2016-03-05,0.25,29.14,18.15,23.33
2016-03-06,1.24,30.8,17.32,17.98
2016-03-07,1.69,28.89,19.53,22.13
2016-03-08,7.47,31.3,19.9,23.67
2016-03-09,7.32,27.1,21.62,20.06
2016-03-10,9.68,29.78,21.14,13.97
2016-03-11,2.4,28.77,18.52,19.34
2016-03-12,0.01,29.61,16.69,24.74
2016-03-13,0.03,29.65,17.49,18.54
2016-03-14,0.5,30.81,18.16,22.79
2016-03-15,13.65,29.02,19.03,18.03
2016-03-16,4.75,27.39,19.63,18.16
2016-03-17,4.87,29.57,18.81,23.01
2016-03-18,0.23,31.53,18.71,23.16
2016-03-19,0.0,32.73,19.14,24.31
2016-03-20,0.02,31.23,19.15,24.68
2016-03-21,0.04,31.19,19.34,23.4
2016-03-22,2.6,31.71,21.02,17.77
2016-03-23,10.08,28.85,20.82,19.02
2016-03-24,9.28,24.36,20.06,14.49
2016-03-25,8.19,26.45,20.43,9.5
2016-03-26,6.62,28.15,20.18,13.41
2016-03-27,0.36,29.01,18.02,15.75
2016-03-28,0.03,28.15,18.03,22.01
2016-03-29,0.01,31.51,17.46,21.08
2016-03-30,0.01,27.37,20.22,16.73
2016-03-31,0.53,29.02,20.11,22.51
2016-04-01,0.13,30.4,19.5,22.19
2016-04-02,0.71,30.93,19.49,22.01
2016-04-03,0.04,33.4,18.76,22.07
2016-04-04,0.0,31.97,19.52,22.29
2016-04-05,0.0,31.27,20.13,22.51
2016-04-06,0.0,31.79,18.97,22.16
2016-04-07,0.0,33.06,20.86,22.55
2016-04-08,0.0,33.2,18.93,22.46
2016-04-09,0.0,32.49,19.33,21.78
2016-04-10,0.0,30.6,18.95,20.49
2016-04-11,0.22,31.37,20.42,20.15
2016-04-12,0.1,31.81,20.19,20.3
2016-04-13,0.14,30.7,20.38,20.83
2016-04-14,0.44,30.97,18.18,20.14
2016-04-15,0.83,30.58,19.83,15.85
2016-04-16,0.01,30.67,19.45,19.98
2016-04-17,0.0,30.36,17.56,21.43
2016-04-18,0.0,30.26,17.92,20.47
2016-04-19,0.01,29.43,17.69,20.89
2016-04-20,0.01,30.17,17.59,19.95
2016-04-21,0.0,30.08,17.45,19.17
2016-04-22,0.0,31.38,18.34,18.22
2016-04-23,0.01,30.13,18.07,18.9
2016-04-24,0.0,28.76,17.79,17.69
2016-04-25,1.43,28.75,18.28,17.71
2016-04-26,33.25,24.08,19.03,4.57
2016-04-27,0.99,20.46,9.04,11.42
2016-04-28,0.02,20.97,7.86,18.85
2016-04-29,0.01,22.96,10.98,12.01
2016-04-30,0.05,22.3,10.35,19.05
2016-05-01,0.0,22.19,9.94,20.65
2016-05-02,0.0,22.42,8.73,19.55
2016-05-03,0.0,25.29,9.97,18.76
2016-05-04,0.0,26.0,11.96,18.88
2016-05-05,0.0,25.96,12.6,16.5
2016-05-06,0.02,26.24,13.26,17.53
2016-05-07,0.2,26.89,14.56,9.53
2016-05-08,1.48,26.58,16.02,9.89
2016-05-09,8.28,27.9,16.37,10.31
2016-05-10,1.72,26.0,17.56,5.72
2016-05-11,1.8,24.52,16.36,11.9
2016-05-12,0.26,26.13,15.65,13.22
2016-05-13,0.03,24.59,14.88,14.2
2016-05-14,0.0,25.24,14.27,17.48
2016-05-15,0.41,26.98,13.8,17.42
2016-05-16,7.3,27.09,17.26,12.83
2016-05-17,0.57,23.19,14.6,12.13
2016-05-18,12.45,20.99,14.4,5.74
2016-05-19,3.06,21.27,14.74,7.75
2016-05-20,10.31,26.49,14.26,15.94
2016-05-21,13.89,25.55,18.44,8.14
2016-05-22,2.66,25.91,16.14,7.71
2016-05-23,0.31,19.95,10.81,15.15
2016-05-24,0.03,20.5,7.64,14.06
2016-05-25,0.02,23.18,11.77,16.83
2016-05-26,0.11,25.19,12.83,15.99
2016-05-27,2.44,24.19,14.09,8.4
2016-05-28,4.55,24.9,14.63,15.5
2016-05-29,13.41,22.86,15.15,7.23
2016-05-30,36.28,23.21,14.5,3.07
2016-05-31,10.55,24.56,16.12,11.14
2016-06-01,16.14,25.2,16.26,10.73
2016-06-02,27.93,22.84,13.44,13.71
2016-06-03,7.03,21.2,11.52,5.33
2016-06-04,5.03,23.14,14.09,3.75
2016-06-05,16.44,24.49,17.06,3.94
2016-06-06,6.79,24.63,16.01,7.87
2016-06-07,1.48,21.84,10.32,9.03
2016-06-08,0.07,19.86,7.8,11.97
2016-06-09,0.06,20.02,5.15,15.28
2016-06-10,0.0,19.68,5.61,13.12
2016-06-11,0.0,18.61,5.25,15.93
2016-06-12,0.0,17.33,2.36,17.02
2016-06-13,0.02,16.6,1.57,17.18
2016-06-14,0.0,20.59,7.23,15.76
2016-06-15,0.0,23.87,8.64,15.37
2016-06-16,0.01,24.81,10.33,15.93
2016-06-17,0.0,24.27,10.24,15.92
2016-06-18,0.32,24.48,11.01,15.9
2016-06-19,0.04,23.91,10.29,14.7
2016-06-20,0.04,22.56,10.96,12.84
2016-06-21,0.08,20.38,10.66,13.29
2016-06-22,3.05,23.42,12.06,12.08
2016-06-23,0.78,23.91,12.08,15.13
2016-06-24,0.0,23.86,12.51,15.31
2016-06-25,0.0,23.71,12.25,14.63
2016-06-26,0.01,23.32,13.27,15.37
2016-06-27,0.0,22.79,11.68,16.21
2016-06-28,0.0,23.05,10.42,12.04
2016-06-29,0.0,24.02,10.94,15.46
2016-06-30,0.0,23.71,13.16,12.92
2016-07-01,0.0,24.88,12.82,11.84
2016-07-02,0.0,24.85,13.62,14.44
2016-07-03,0.0,25.19,11.89,15.37
2016-07-04,0.0,25.02,13.26,16.12
2016-07-05,0.0,25.2,11.84,14.0
2016-07-06,0.06,25.27,13.71,13.48
2016-07-07,0.03,20.43,9.44,17.12
2016-07-08,0.02,21.28,6.14,16.46
2016-07-09,0.0,22.34,6.67,16.99
2016-07-10,0.0,26.63,10.36,16.33
2016-07-11,0.0,27.0,12.29,16.62
2016-07-12,0.08,27.55,12.34,16.48
2016-07-13,0.0,27.63,13.75,16.41
2016-07-14,0.03,27.0,13.16,16.15
2016-07-15,0.28,27.12,14.8,15.52
2016-07-16,9.21,21.12,9.88,4.29
2016-07-17,0.01,17.59,5.44,18.18
2016-07-18,0.0,19.88,3.38,17.54
2016-07-19,0.0,17.95,7.31,11.74
2016-07-20,0.0,22.78,8.09,13.23
2016-07-21,0.01,22.09,9.77,12.13
2016-07-22,0.0,21.29,9.53,16.74
2016-07-23,0.02,23.94,9.4,17.35
2016-07-24,0.01,27.14,10.03,17.14
2016-07-25,0.0,26.79,13.11,17.57
2016-07-26,0.0,26.29,11.77,16.78
2016-07-27,0.0,26.34,13.41,17.35
2016-07-28,0.0,26.16,10.66,17.14
2016-07-29,0.0,25.35,10.91,16.38
2016-07-30,0.0,25.62,11.88,17.49
2016-07-31,0.0,25.73,13.31,16.96
2016-08-01,0.0,26.16,11.61,14.66
2016-08-02,0.0,26.48,12.6,18.05
2016-08-03,0.0,25.34,12.27,17.83
2016-08-04,0.0,26.74,13.36,16.79
2016-08-05,0.0,27.93,13.56,17.26
2016-08-06,0.0,27.96,14.85,18.82
2016-08-07,0.0,28.83,14.5,16.43
2016-08-08,0.05,27.56,15.5,16.24
2016-08-09,0.29,25.27,15.38,7.68
2016-08-10,0.03,24.0,11.5,13.88
2016-08-11,0.02,21.71,8.74,20.02
2016-08-12,0.01,22.96,8.74,20.33
2016-08-13,0.0,25.68,9.16,20.26
2016-08-14,0.0,28.62,13.19,19.39
2016-08-15,0.23,27.58,14.11,11.97
2016-08-16,7.6,24.61,15.39,14.72
2016-08-17,0.02,29.06,14.51,19.19
2016-08-18,2.88,30.04,16.47,17.83
2016-08-19,1.77,30.87,14.74,16.87
2016-08-20,14.34,26.2,16.36,7.36
2016-08-21,17.58,20.18,10.89,10.86
2016-08-22,0.01,19.17,7.85,20.34
2016-08-23,0.0,23.12,6.74,20.4
2016-08-24,0.0,27.18,10.6,21.39
2016-08-25,0.0,29.55,12.46,21.28
2016-08-26,0.0,29.01,12.83,20.69
2016-08-27,0.0,29.11,12.0,20.87
2016-08-28,0.0,30.85,11.57,22.36
2016-08-29,0.05,31.05,13.98,18.87
2016-08-30,8.71,24.33,13.79,6.55
2016-08-31,18.96,22.25,12.85,8.95
2016-09-01,0.0,27.31,10.74,20.74
2016-09-02,0.03,29.26,13.51,20.22
2016-09-03,1.5,25.13,15.88,4.84
2016-09-04,3.27,24.51,15.67,6.42
2016-09-05,1.5,25.48,14.31,12.49
2016-09-06,6.2,23.94,15.48,9.05
2016-09-07,0.06,21.07,9.3,19.52
2016-09-08,0.0,24.76,6.53,18.44
2016-09-09,0.23,27.43,10.29,23.21
2016-09-10,0.0,30.06,13.49,22.95
2016-09-11,0.0,31.23,14.64,22.83
2016-09-12,0.02,32.46,15.18,23.36
2016-09-13,0.08,30.75,17.11,16.51
2016-09-14,0.25,19.61,11.93,7.66
2016-09-15,0.0,27.44,8.94,24.0
2016-09-16,0.02,24.64,12.27,18.33
2016-09-17,0.03,31.08,14.54,19.91
2016-09-18,0.02,34.24,16.37,20.36
2016-09-19,1.17,30.76,18.05,15.62
2016-09-20,0.61,27.91,14.41,16.74
2016-09-21,0.0,25.01,9.9,26.33
2016-09-22,0.0,27.19,12.25,26.36
2016-09-23,0.0,30.02,12.66,25.12
2016-09-24,0.0,28.43,14.09,24.62
2016-09-25,0.02,27.01,14.18,16.71
2016-09-26,0.0,27.42,11.57,25.91
2016-09-27,0.0,27.8,11.06,25.96
2016-09-28,0.0,29.7,10.56,26.97
2016-09-29,0.0,31.57,10.69,26.17
2016-09-30,0.0,28.68,12.66,26.01
2016-10-01,0.0,28.64,13.84,24.99
2016-10-02,0.08,29.15,13.71,25.71
2016-10-03,6.85,29.36,14.69,11.46
2016-10-04,0.88,27.01,15.6,14.55
2016-10-05,0.01,27.46,14.55,20.81
2016-10-06,0.11,24.18,12.63,20.27
2016-10-07,0.05,27.26,10.76,27.27
2016-10-08,0.0,29.11,12.62,27.99
2016-10-09,0.0,31.81,13.88,27.04
2016-10-10,0.03,31.06,14.64,26.78
2016-10-11,1.31,32.62,14.72,16.94
2016-10-12,2.59,27.86,16.72,23.57
2016-10-13,13.05,26.59,19.32,8.1
2016-10-14,16.15,27.54,17.71,5.69
2016-10-15,1.45,30.61,19.76,21.6
2016-10-16,0.01,33.98,19.47,21.43
2016-10-17,0.72,35.97,20.85,26.74
2016-10-18,1.05,36.49,21.75,23.89
2016-10-19,0.77,33.14,20.95,24.27
2016-10-20,11.43,32.0,21.84,17.8
2016-10-21,12.8,28.62,20.95,14.99
2016-10-22,1.13,27.08,17.24,20.98
2016-10-23,2.31,32.33,16.29,25.14
2016-10-24,20.91,30.59,19.21,21.5
2016-10-25,12.37,27.23,20.12,9.09
2016-10-26,2.91,30.9,20.2,19.65
2016-10-27,5.94,26.19,18.0,16.53
2016-10-28,0.0,26.02,13.55,30.68
2016-10-29,0.03,27.15,10.5,29.59
2016-10-30,0.48,30.25,13.52,28.59
2016-10-31,5.36,29.5,16.26,25.65
2016-11-01,0.21,28.72,19.1,26.38
2016-11-02,3.81,29.93,18.65,21.35
2016-11-03,3.85,26.93,19.29,12.44
2016-11-04,0.07,30.53,16.29,21.56
2016-11-05,0.19,31.57,15.47,27.99
2016-11-06,0.98,30.57,16.61,27.27
2016-11-07,2.19,31.1,17.88,26.94
2016-11-08,0.42,31.69,17.9,27.78
2016-11-09,7.61,31.53,18.52,22.72
2016-11-10,0.48,32.46,19.16,27.84
2016-11-11,0.84,33.22,19.83,20.3
2016-11-12,6.66,26.69,16.77,11.72
2016-11-13,10.39,23.25,15.92,9.0
2016-11-14,2.66,27.15,17.51,18.21
2016-11-15,0.06,31.0,16.65,25.15
2016-11-16,0.84,30.91,17.97,26.61
2016-11-17,1.17,32.79,18.79,24.24
2016-11-18,0.11,30.52,15.48,22.78
2016-11-19,0.0,28.57,12.34,30.49
2016-11-20,0.0,30.88,11.48,31.94
2016-11-21,0.15,31.64,13.26,27.21
2016-11-22,4.53,30.62,19.11,24.71
2016-11-23,1.68,31.32,19.45,22.93
2016-11-24,0.41,32.11,19.05,24.01
2016-11-25,1.01,33.78,18.94,25.18
2016-11-26,4.92,30.1,20.48,25.14
2016-11-27,0.8,30.83,20.52,23.92
2016-11-28,3.82,31.48,21.4,18.17
2016-11-29,7.13,32.77,19.57,21.1
2016-11-30,0.14,28.01,16.52,23.21
2016-12-01,0.18,28.76,15.48,20.45
2016-12-02,3.15,29.46,17.93,21.39
2016-12-03,4.37,26.79,19.95,6.69
2016-12-04,0.89,30.82,20.2,23.53
2016-12-05,0.11,31.52,17.79,27.87
2016-12-06,0.02,34.16,16.61,30.45
2016-12-07,4.29,33.01,18.58,25.44
2016-12-08,21.57,28.36,20.83,20.41
2016-12-09,6.91,31.79,19.58,21.72
2016-12-10,13.26,27.81,20.57,15.98
2016-12-11,9.33,29.35,21.69,14.73
2016-12-12,4.83,30.93,21.56,18.68
2016-12-13,1.67,32.57,21.22,18.31
2016-12-14,0.16,34.25,20.75,19.37
2016-12-15,0.08,26.24,16.62,25.06
2016-12-16,0.08,28.61,14.92,21.75
2016-12-17,0.05,31.18,17.81,27.83
2016-12-18,3.4,31.01,18.22,26.29
2016-12-19,5.51,27.68,19.32,18.39
2016-12-20,10.88,27.61,19.13,23.4
2016-12-21,8.88,24.98,19.76,15.02
2016-12-22,1.99,30.66,19.02,21.65
2016-12-23,2.94,30.21,19.4,20.3
2016-12-24,1.18,31.7,19.92,26.16
2016-12-25,4.03,35.27,19.27,27.87
2016-12-26,2.67,34.56,20.85,30.07
2016-12-27,1.31,34.88,21.63,27.27
2016-12-28,2.7,33.95,22.58,14.55
2016-12-29,5.62,30.02,21.78,25.2
2016-12-30,5.07,30.13,21.22,21.96
2016-12-31,1.58,30.97,21.47,24.99
2017-01-01,1.03,31.03,19.72,20.73
2017-01-02,0.53,30.43,20.39,21.68
2017-01-03,4.42,30.39,20.98,22.84
2017-01-04,2.26,32.07,20.62,16.23
2017-01-05,3.46,30.19,21.08,23.57
2017-01-06,3.62,30.99,21.5,24.67
2017-01-07,0.73,34.47,20.87,25.36
2017-01-08,0.95,33.32,21.23,26.58
2017-01-09,9.96,31.76,22.18,25.23
2017-01-10,21.51,29.01,22.34,15.66
2017-01-11,9.14,30.99,21.33,23.85
2017-01-12,5.69,27.99,21.55,17.75
2017-01-13,0.74,29.58,20.35,21.72
2017-01-14,5.7,32.18,19.94,25.15
2017-01-15,17.54,30.76,20.92,24.75
2017-01-16,22.02,24.98,21.24,10.51
2017-01-17,31.82,24.61,20.78,8.75
2017-01-18,16.9,30.32,20.63,21.52
2017-01-19,16.25,27.62,20.53,11.19
2017-01-20,8.26,23.38,19.31,15.8
2017-01-21,6.03,23.97,18.82,16.51
2017-01-22,5.45,26.36,18.18,20.92
2017-01-23,5.44,26.12,18.95,19.23
2017-01-24,16.45,29.45,19.51,21.74
2017-01-25,13.18,27.17,21.08,13.75
2017-01-26,13.02,27.09,19.13,10.35
2017-01-27,15.33,25.44,19.04,9.8
2017-01-28,19.45,27.98,19.39,19.09
2017-01-29,6.04,30.59,19.22,24.21
2017-01-30,4.24,30.97,19.8,23.44
2017-01-31,10.3,26.13,20.29,11.25
2017-02-01,7.64,27.42,19.04,20.8
2017-02-02,14.52,27.32,18.44,21.26
2017-02-03,10.95,27.95,20.64,19.28
2017-02-04,1.73,30.96,19.76,23.77
2017-02-05,3.02,32.6,21.01,23.83
2017-02-06,3.74,30.36,21.3,25.18
2017-02-07,1.28,32.7,21.42,26.53
2017-02-08,0.07,33.32,20.52,26.7
2017-02-09,0.0,32.64,19.75,27.05
2017-02-10,0.0,32.32,18.98,25.79
2017-02-11,0.15,27.83,21.37,23.99
2017-02-12,12.87,28.39,20.19,22.44
2017-02-13,6.36,27.19,20.9,19.22
2017-02-14,0.27,30.74,21.14,24.59
2017-02-15,0.0,31.38,19.12,27.42
2017-02-16,1.76,32.11,20.16,26.26
2017-02-17,17.05,31.4,21.32,20.57
2017-02-18,2.14,31.79,20.84,26.42
2017-02-19,0.15,35.16,20.72,25.75
2017-02-20,0.09,34.1,21.06,27.68
2017-02-21,0.02,32.34,20.18,27.17
2017-02-22,0.22,31.3,20.21,26.48
2017-02-23,4.44,30.58,20.14,24.48
2017-02-24,4.38,28.5,20.25,14.46
2017-02-25,6.64,28.18,19.43,10.47
2017-02-26,6.39,28.4,19.58,21.2
2017-02-27,1.4,31.56,20.36,24.18
2017-02-28,0.99,29.08,21.06,24.05
2017-03-01,0.83,29.84,20.01,22.3
2017-03-02,13.76,28.5,21.37,10.59
2017-03-03,16.82,27.39,20.72,12.15
2017-03-04,6.11,28.96,21.75,18.95
2017-03-05,10.48,26.74,21.29,17.16
2017-03-06,5.35,29.83,20.67,17.31
2017-03-07,1.36,31.87,21.03,19.5
2017-03-08,0.71,32.3,21.51,24.5
2017-03-09,0.37,31.81,21.19,24.4
2017-03-10,4.57,29.31,22.59,22.18
2017-03-11,3.35,29.56,21.21,22.6
2017-03-12,1.66,29.71,21.6,22.46
2017-03-13,9.61,29.04,21.38,18.35
2017-03-14,5.35,28.52,20.4,19.74
2017-03-15,1.14,30.6,19.47,24.36
2017-03-16,0.08,30.8,20.52,24.59
2017-03-17,2.71,30.37,19.98,15.93
2017-03-18,12.34,27.16,18.62,6.09
2017-03-19,0.23,28.91,17.81,12.76
2017-03-20,0.11,29.07,16.79,23.26
2017-03-21,0.12,29.1,16.15,24.69
2017-03-22,0.09,30.6,16.27,24.23
2017-03-23,0.0,30.95,17.77,19.7
2017-03-24,0.0,31.93,18.17,22.96
2017-03-25,0.13,31.87,18.78,23.23
2017-03-26,1.43,30.91,18.86,23.2
2017-03-27,0.07,28.21,18.04,15.31
2017-03-28,0.0,28.91,18.4,22.04
2017-03-29,0.0,27.63,16.77,24.1
2017-03-30,0.01,28.98,15.93,23.3
2017-03-31,0.0,27.85,15.56,23.92
2017-04-01,0.01,26.96,14.12,23.77
2017-04-02,0.0,28.02,14.84,24.08
2017-04-03,0.05,28.83,16.15,20.66
2017-04-04,0.07,30.52,16.17,18.95
2017-04-05,11.97,30.36,18.1,12.9
2017-04-06,18.91,29.39,21.52,12.59
2017-04-07,14.42,30.4,21.19,11.95
2017-04-08,3.6,29.2,19.69,12.82
2017-04-09,0.02,26.39,19.87,18.72
2017-04-10,0.08,30.99,19.48,19.03
2017-04-11,0.3,30.14,20.85,18.72
2017-04-12,0.33,28.15,18.3,16.4
2017-04-13,0.04,27.56,16.44,21.18
2017-04-14,0.01,30.97,16.13,21.17
2017-04-15,0.0,31.53,17.48,21.28
2017-04-16,0.52,30.2,17.49,13.05
2017-04-17,0.26,27.98,18.78,14.07
2017-04-18,0.12,26.19,17.17,19.78
2017-04-19,0.0,26.72,15.71,18.76
2017-04-20,15.31,27.66,16.96,14.64
2017-04-21,30.03,21.78,14.42,4.76
2017-04-22,0.31,26.23,13.85,18.01
2017-04-23,0.09,25.77,14.04,18.98
2017-04-24,0.04,27.62,14.67,19.76
2017-04-25,1.43,28.27,16.32,17.24
2017-04-26,11.75,26.5,18.74,5.09
2017-04-27,11.53,25.38,13.72,16.82
2017-04-28,0.08,24.05,11.81,18.35
2017-04-29,0.01,25.29,12.59,18.7
2017-04-30,0.02,24.83,14.44,18.59
2017-05-01,0.55,24.29,15.36,18.15
2017-05-02,0.19,27.41,15.69,17.57
2017-05-03,0.01,27.95,15.29,18.99
2017-05-04,9.32,26.55,15.99,12.74
2017-05-05,19.85,24.62,17.0,11.71
2017-05-06,5.15,27.16,16.04,16.84
2017-05-07,0.03,25.76,14.89,17.6
2017-05-08,0.06,25.68,14.56,19.2
2017-05-09,0.04,26.6,12.11,18.19
2017-05-10,0.0,27.03,16.87,16.85
2017-05-11,0.0,23.49,16.29,15.58
2017-05-12,0.0,26.37,14.43,17.82
2017-05-13,0.12,27.71,14.69,16.13
2017-05-14,4.68,26.2,17.22,13.05
2017-05-15,0.27,26.99,14.6,15.18
2017-05-16,0.1,20.6,15.43,9.1
2017-05-17,0.18,26.21,13.73,12.31
2017-05-18,20.62,25.35,15.49,2.93
2017-05-19,59.25,23.64,18.76,2.8
2017-05-20,4.09,22.93,17.04,7.57
2017-05-21,47.74,23.89,19.22,3.2
2017-05-22,7.8,26.46,16.82,13.05
2017-05-23,0.24,22.85,13.05,15.31
2017-05-24,0.39,27.21,14.27,13.69
2017-05-25,0.12,27.97,17.75,16.14
2017-05-26,0.01,27.9,18.03,15.99
2017-05-27,0.0,27.93,17.19,13.62
2017-05-28,0.0,25.46,17.25,12.92
2017-05-29,0.0,27.36,15.83,14.37
2017-05-30,0.02,26.29,15.28,12.87
2017-05-31,0.86,24.99,15.86,14.27
2017-06-01,0.53,19.46,11.08,10.16
2017-06-02,0.02,21.32,9.25,16.85
2017-06-03,0.02,23.54,9.06,16.52
2017-06-04,0.37,27.14,11.8,16.11
2017-06-05,20.51,27.29,16.0,8.1
2017-06-06,6.78,27.36,17.86,11.31
2017-06-07,4.43,27.61,17.33,15.13
2017-06-08,0.31,27.27,15.71,13.92
2017-06-09,0.51,19.48,8.12,4.54
2017-06-10,0.0,18.59,5.21,16.79
2017-06-11,0.01,20.67,4.85,16.77
2017-06-12,3.77,21.54,7.19,9.13
2017-06-13,19.56,20.68,12.92,3.24
2017-06-14,0.72,24.2,14.32,10.21
2017-06-15,0.05,23.46,13.25,16.3
2017-06-16,0.04,23.97,13.14,15.92
2017-06-17,0.0,25.67,11.43,16.0
2017-06-18,0.0,25.14,12.77,11.67
2017-06-19,0.07,26.91,16.35,15.71
2017-06-20,0.6,23.16,13.57,8.97
2017-06-21,0.2,23.77,12.38,15.93
2017-06-22,0.07,24.11,14.05,15.92
2017-06-23,0.0,24.09,13.41,16.03
2017-06-24,0.0,24.09,12.81,16.12
2017-06-25,0.01,23.49,13.4,15.82
2017-06-26,0.0,23.45,11.54,16.59
2017-06-27,0.01,23.84,11.68,15.94
2017-06-28,0.0,24.72,10.73,15.23
2017-06-29,0.0,25.23,13.38,14.62
2017-06-30,0.0,24.8,13.48,10.38
2017-07-01,0.0,25.32,11.82,15.1
2017-07-02,0.0,19.51,12.1,14.63
2017-07-03,0.0,18.17,10.51,14.66
2017-07-04,0.0,18.66,9.24,15.46
2017-07-05,0.0,20.52,8.61,15.23
2017-07-06,0.0,21.85,8.96,13.12
2017-07-07,0.0,23.25,10.18,14.59
2017-07-08,0.0,23.25,11.82,11.97
2017-07-09,0.0,23.64,11.41,14.18
2017-07-10,0.0,24.62,10.92,15.67
2017-07-11,0.0,26.03,11.42,16.26
2017-07-12,0.0,25.44,11.57,16.6
2017-07-13,0.0,25.8,11.97,16.74
2017-07-14,0.0,25.7,12.22,16.99
2017-07-15,0.0,24.69,10.35,16.56
2017-07-16,0.0,25.12,11.98,15.58
2017-07-17,0.0,26.43,11.55,17.21
2017-07-18,0.13,16.22,9.16,3.61
2017-07-19,0.0,19.11,6.56,15.99
2017-07-20,0.0,24.15,9.63,16.42
2017-07-21,0.01,24.9,10.01,17.35
2017-07-22,0.01,25.05,9.78,17.32
2017-07-23,0.0,25.95,9.9,17.48
2017-07-24,0.0,25.94,9.85,17.72
2017-07-25,0.0,26.86,10.22,18.02
2017-07-26,0.0,26.37,11.29,18.07
2017-07-27,0.0,25.86,11.4,18.21
2017-07-28,0.01,25.36,12.51,18.43
2017-07-29,0.0,25.46,10.08,18.23
2017-07-30,0.0,25.37,11.82,15.14
2017-07-31,0.0,25.11,10.17,15.7
2017-08-01,0.0,24.78,9.51,10.76
2017-08-02,0.0,26.67,10.85,16.1
2017-08-03,0.38,22.09,13.03,10.35
2017-08-04,0.08,22.34,11.46,15.99
2017-08-05,0.04,22.61,10.45,17.01
2017-08-06,0.11,23.96,10.14,18.68
2017-08-07,0.0,26.88,10.26,16.84
2017-08-08,0.0,28.9,16.39,15.3
2017-08-09,0.0,31.11,14.56,18.3
2017-08-10,0.15,31.44,14.63,18.76
2017-08-11,0.14,27.81,12.18,18.66
2017-08-12,0.03,31.21,13.02,17.83
2017-08-13,4.04,31.7,15.42,15.23
2017-08-14,0.2,27.22,14.69,13.76
2017-08-15,4.11,24.18,13.44,3.95
2017-08-16,13.92,24.71,15.07,5.6
2017-08-17,6.63,22.2,14.93,4.59
2017-08-18,4.98,21.99,15.38,6.09
2017-08-19,1.98,27.07,15.82,6.54
2017-08-20,24.62,24.26,16.28,3.63
2017-08-21,0.62,21.71,11.03,15.88
2017-08-22,0.33,24.02,10.33,19.98
2017-08-23,0.02,28.86,13.84,20.03
2017-08-24,0.0,28.22,14.8,20.87
2017-08-25,0.0,28.41,12.87,20.71
2017-08-26,0.0,30.04,13.26,21.01
2017-08-27,0.0,30.81,13.0,22.05
2017-08-28,0.0,31.3,13.33,22.28
2017-08-29,0.0,31.96,12.46,21.97
2017-08-30,0.0,33.11,13.04,22.58
2017-08-31,0.05,29.66,15.3,21.7
2017-09-01,0.32,29.76,14.38,20.36
2017-09-02,0.0,30.23,14.13,21.48
2017-09-03,0.0,30.56,12.7,23.3
2017-09-04,0.0,30.08,11.64,22.92
2017-09-05,0.0,30.74,11.24,23.73
2017-09-06,0.0,31.07,12.7,23.48
2017-09-07,0.0,31.8,13.78,22.74
2017-09-08,0.0,32.78,14.45,23.54
2017-09-09,0.0,33.14,14.59,21.48
2017-09-10,0.0,33.12,14.43,23.74
2017-09-11,0.0,34.53,15.17,23.6
2017-09-12,0.0,35.37,15.59,24.07
2017-09-13,0.0,33.73,15.35,23.57
2017-09-14,0.04,34.27,15.61,24.75
2017-09-15,0.0,34.62,15.69,24.65
2017-09-16,0.0,34.86,16.37,24.24
2017-09-17,0.0,34.47,15.18,23.4
2017-09-18,0.0,33.94,15.83,22.88
2017-09-19,0.0,34.31,16.9,23.52
2017-09-20,0.0,34.1,15.58,24.69
2017-09-21,0.0,33.78,15.68,25.18
2017-09-22,0.0,33.71,15.24,23.37
2017-09-23,0.0,34.26,18.39,23.1
2017-09-24,0.0,32.59,16.98,23.56
2017-09-25,0.0,31.48,15.97,21.92
2017-09-26,0.0,30.98,15.53,23.26
2017-09-27,0.0,33.72,16.48,23.46
2017-09-28,0.01,35.18,18.39,23.74
2017-09-29,7.23,26.12,18.03,7.23
2017-09-30,5.59,26.62,16.76,5.03
2017-10-01,2.91,30.05,15.28,20.57
2017-10-02,20.98,28.12,15.41,7.02
2017-10-03,1.36,24.7,13.0,20.54
2017-10-04,0.04,29.37,11.86,22.72
2017-10-05,0.01,34.07,13.13,26.46
2017-10-06,2.62,33.94,20.01,22.03
2017-10-07,11.77,27.16,19.18,4.9
2017-10-08,0.99,33.13,17.63,14.08
2017-10-09,0.3,34.85,18.98,17.75
2017-10-10,0.02,36.15,19.78,24.55
2017-10-11,0.25,37.89,20.36,26.07
2017-10-12,8.68,37.83,21.92,26.79
2017-10-13,0.02,38.47,20.37,25.03
2017-10-14,0.12,37.95,20.22,25.7
2017-10-15,0.01,33.8,17.98,26.81
2017-10-16,0.0,33.41,16.22,27.56
2017-10-17,0.01,36.03,16.67,26.95
2017-10-18,0.0,36.34,18.57,27.16
2017-10-19,0.0,37.15,21.09,27.2
2017-10-20,0.93,32.75,21.36,12.52
2017-10-21,2.56,34.88,19.13,9.39
2017-10-22,5.81,25.59,19.68,5.71
2017-10-23,2.33,29.87,18.0,14.87
2017-10-24,0.0,33.57,14.69,26.91
2017-10-25,4.01,32.26,16.68,23.47
2017-10-26,6.34,33.96,19.89,13.88
2017-10-27,7.0,32.61,19.94,8.25
2017-10-28,14.67,31.48,20.92,20.97
2017-10-29,17.61,26.4,21.22,18.36
2017-10-30,14.01,27.58,20.38,5.98
2017-10-31,10.93,29.39,18.28,19.56
2017-11-01,0.04,29.27,14.17,29.6
2017-11-02,0.08,31.1,13.66,29.48
2017-11-03,19.1,30.64,15.53,25.54
2017-11-04,31.44,26.66,20.17,19.48
2017-11-05,5.88,26.61,17.71,9.18
2017-11-06,0.52,26.09,15.99,14.61
2017-11-07,0.0,27.3,14.71,23.33
2017-11-08,9.17,28.94,15.94,13.06
2017-11-09,2.7,29.07,17.82,21.18
2017-11-10,4.47,29.38,19.29,23.19
2017-11-11,2.71,31.06,19.04,20.9
2017-11-12,0.0,30.03,16.25,31.89
2017-11-13,0.05,32.81,13.78,30.8
2017-11-14,0.01,32.53,13.5,31.89
2017-11-15,0.01,35.31,14.46,29.17
2017-11-16,11.91,32.56,20.72,26.94
2017-11-17,1.82,27.49,19.28,18.68
2017-11-18,7.73,27.36,19.21,14.9
2017-11-19,6.07,29.24,21.27,22.57
2017-11-20,3.03,28.93,18.27,19.48
2017-11-21,24.24,28.87,18.66,17.75
2017-11-22,13.48,30.34,19.53,16.07
2017-11-23,0.0,30.81,15.8,28.15
2017-11-24,0.0,33.88,16.58,29.39
2017-11-25,3.09,32.86,17.58,26.54
2017-11-26,14.9,29.74,21.46,15.7
2017-11-27,14.92,31.23,20.08,8.63
2017-11-28,12.22,31.46,19.12,22.76
2017-11-29,0.0,31.93,16.6,30.47
2017-11-30,0.72,28.58,16.24,20.6
2017-12-01,1.25,29.23,16.99,14.55
2017-12-02,0.01,30.27,17.09,18.21
2017-12-03,0.0,32.52,17.15,24.49
2017-12-04,0.02,33.67,19.04,28.33
2017-12-05,0.45,32.48,21.14,24.84
2017-12-06,1.48,31.01,20.65,16.91
2017-12-07,2.68,28.71,20.55,14.64
2017-12-08,0.83,33.01,20.99,23.48
2017-12-09,0.03,33.12,19.31,27.2
2017-12-10,0.06,34.17,19.7,24.44
2017-12-11,0.06,34.94,19.49,28.93
2017-12-12,0.02,30.77,17.88,30.46
2017-12-13,0.01,32.42,17.16,27.62
2017-12-14,0.04,34.64,18.69,28.67
2017-12-15,0.79,35.32,19.78,26.36
2017-12-16,0.07,34.69,20.41,29.21
2017-12-17,6.71,32.98,21.12,26.62
2017-12-18,3.57,31.4,21.57,23.29
2017-12-19,1.35,34.36,20.5,26.48
2017-12-20,8.41,26.79,21.23,16.61
2017-12-21,18.69,25.74,20.51,11.19
2017-12-22,3.54,29.89,20.09,15.58
2017-12-23,2.36,28.9,20.67,17.19
2017-12-24,3.16,28.13,20.77,12.93
2017-12-25,18.19,27.08,20.63,12.31
2017-12-26,7.45,27.77,19.37,18.67
2017-12-27,1.47,29.96,20.16,22.88
2017-12-28,6.92,31.36,20.89,21.18
2017-12-29,14.92,27.89,20.83,15.84
2017-12-30,19.36,29.26,21.03,13.18
2017-12-31,12.04,30.47,21.01,15.77
2018-01-01,7.78,30.52,20.03,15.0
2018-01-02,13.73,27.4,21.66,10.8
2018-01-03,18.2,29.14,21.21,21.95
2018-01-04,0.43,32.56,18.78,28.55
2018-01-05,1.72,32.91,16.93,25.47
2018-01-06,11.36,27.29,20.6,20.86
2018-01-07,0.92,30.14,19.74,14.94
2018-01-08,20.89,24.16,18.66,9.88
2018-01-09,7.87,25.67,18.89,10.25
2018-01-10,7.19,28.21,19.48,15.98
2018-01-11,13.7,27.38,19.47,16.66
2018-01-12,5.27,25.74,18.28,15.87
2018-01-13,1.68,27.76,18.1,15.77
2018-01-14,12.97,24.97,19.25,17.06
2018-01-15,9.92,27.94,19.76,20.51
2018-01-16,10.18,31.17,20.04,16.77
2018-01-17,4.69,30.56,21.29,17.08
2018-01-18,6.96,28.84,20.48,19.27
2018-01-19,3.41,29.78,19.25,24.56
2018-01-20,2.31,30.54,20.74,24.37
2018-01-21,1.46,33.12,19.42,24.95
2018-01-22,1.65,32.91,20.66,27.5
2018-01-23,2.83,31.04,21.7,27.76
2018-01-24,11.56,33.99,19.86,25.08
2018-01-25,6.24,29.22,22.11,23.05
2018-01-26,0.83,30.38,20.48,25.36
2018-01-27,0.51,31.67,19.4,24.93
2018-01-28,4.06,31.14,19.23,22.71
2018-01-29,12.27,29.03,21.39,16.2
2018-01-30,9.05,31.22,19.77,13.14
2018-01-31,0.72,31.33,17.28,26.6
2018-02-01,0.0,30.73,17.13,27.78
2018-02-02,0.0,30.74,17.78,20.09
2018-02-03,0.0,31.45,18.42,28.23
2018-02-04,2.42,29.68,16.24,26.55
2018-02-05,1.08,29.73,17.13,26.34
2018-02-06,0.09,30.36,18.11,27.87
2018-02-07,0.42,31.59,17.94,28.44
2018-02-08,0.01,33.25,18.28,28.02
2018-02-09,3.68,33.13,19.67,25.22
2018-02-10,12.59,26.34,21.4,13.29
2018-02-11,5.28,29.57,21.09,13.4
2018-02-12,1.43,29.63,20.75,18.32
2018-02-13,7.73,29.6,18.91,18.57
2018-02-14,3.67,24.75,17.93,15.67
2018-02-15,4.98,30.29,16.54,13.61
2018-02-16,0.85,30.64,18.81,24.45
2018-02-17,5.07,27.74,19.05,19.75
2018-02-18,10.17,27.02,19.35,13.16
2018-02-19,6.6,27.28,19.49,12.34
2018-02-20,18.33,26.37,20.75,15.71
2018-02-21,14.44,29.32,20.8,22.46
2018-02-22,1.28,31.0,19.89,26.24
2018-02-23,1.41,31.89,19.12,25.9
2018-02-24,0.05,31.46,17.7,26.52
2018-02-25,0.19,31.68,17.35,24.34
2018-02-26,22.9,29.77,18.36,16.64
2018-02-27,11.42,28.95,18.92,13.0
2018-02-28,1.98,30.63,19.23,20.95
2018-03-01,2.15,30.42,21.46,19.66
2018-03-02,4.74,31.42,21.25,18.62
2018-03-03,20.06,29.28,21.51,19.31
2018-03-04,1.64,32.03,20.49,24.99
2018-03-05,0.21,31.97,20.13,24.44
2018-03-06,29.3,30.63,20.62,22.59
2018-03-07,5.01,30.29,21.45,18.54
2018-03-08,0.52,31.88,20.91,18.72
2018-03-09,4.35,30.86,19.27,24.43
2018-03-10,8.7,28.85,19.77,17.98
2018-03-11,0.28,32.21,19.46,24.13
2018-03-12,0.01,33.17,20.39,23.41
2018-03-13,0.27,33.55,21.22,16.89
2018-03-14,6.58,29.71,23.6,23.4
2018-03-15,3.06,30.37,22.45,20.22
2018-03-16,3.01,29.08,22.51,19.35
2018-03-17,4.15,32.79,21.85,22.54
2018-03-18,0.13,33.24,21.18,24.38
2018-03-19,0.5,32.24,21.78,21.32
2018-03-20,24.96,28.28,22.54,18.51
2018-03-21,15.5,30.75,21.48,19.18
2018-03-22,0.85,31.79,19.24,19.66
2018-03-23,0.02,32.4,19.84,22.1
2018-03-24,0.03,30.57,21.39,23.3
2018-03-25,3.5,28.14,20.41,19.33
2018-03-26,14.45,26.32,20.59,7.25
2018-03-27,2.76,27.3,19.46,13.79
2018-03-28,0.92,28.83,19.66,20.29
2018-03-29,1.3,29.23,19.62,22.11
2018-03-30,2.3,28.94,19.84,19.52
2018-03-31,1.98,26.03,19.26,9.2
2018-04-01,10.06,25.95,19.7,11.48
2018-04-02,1.94,27.33,19.34,12.97
2018-04-03,5.93,27.45,19.2,12.49
2018-04-04,0.27,29.81,17.37,16.68
2018-04-05,0.04,30.37,17.48,20.77
2018-04-06,0.0,30.69,17.13,22.62
2018-04-07,0.0,30.69,17.51,22.76
2018-04-08,0.0,29.98,17.26,22.1
2018-04-09,0.0,30.69,18.38,20.6
2018-04-10,0.0,30.15,18.47,20.68
2018-04-11,0.0,29.72,18.07,21.44
2018-04-12,0.01,28.62,16.57,19.44
2018-04-13,0.0,30.22,15.99,21.64
2018-04-14,0.02,29.27,18.69,17.85
2018-04-15,0.03,24.55,18.58,16.37
2018-04-16,0.0,27.06,16.74,13.77
2018-04-17,0.0,25.59,16.66,18.04
2018-04-18,0.0,28.06,15.64,19.75
2018-04-19,0.0,28.95,14.92,20.87
2018-04-20,0.0,26.73,15.88,18.94
2018-04-21,0.0,26.65,13.7,20.8
2018-04-22,0.0,28.28,12.58,19.91
2018-04-23,0.0,28.7,15.72,19.14
2018-04-24,0.0,29.55,16.39,19.06
2018-04-25,0.0,29.75,16.77,18.8
2018-04-26,0.0,30.13,17.11,18.9
2018-04-27,0.01,30.44,17.44,18.66
2018-04-28,0.01,30.77,17.97,18.86
2018-04-29,0.0,30.29,17.33,18.79
2018-04-30,0.0,30.6,16.36,18.89
2018-05-01,0.0,30.82,16.93,19.07
2018-05-02,0.01,30.01,16.68,17.26
2018-05-03,0.0,29.82,16.19,18.2
2018-05-04,0.0,30.25,14.57,17.02
2018-05-05,0.0,31.61,16.46,16.37
2018-05-06,0.02,28.46,18.54,16.57
2018-05-07,0.13,27.92,17.1,17.66
2018-05-08,0.0,27.47,16.47,17.73
2018-05-09,0.0,28.07,16.42,17.19
2018-05-10,0.0,28.34,15.3,17.62
2018-05-11,0.0,27.94,15.93,15.31
2018-05-12,0.0,25.61,16.82,11.99
2018-05-13,0.0,27.08,15.48,15.31
2018-05-14,0.0,28.02,15.71,17.13
2018-05-15,3.95,28.91,17.47,15.65
2018-05-16,1.77,27.37,15.78,11.9
2018-05-17,0.25,28.55,16.73,16.29
2018-05-18,9.05,27.62,16.8,14.31
2018-05-19,2.91,23.55,12.33,6.91
2018-05-20,0.63,17.71,7.41,18.1
2018-05-21,0.11,21.14,6.14,18.45
2018-05-22,0.0,23.03,6.83,18.19
2018-05-23,0.02,24.89,8.14,17.31
2018-05-24,0.0,26.09,12.33,16.68
2018-05-25,0.05,26.42,13.86,15.46
2018-05-26,0.0,26.43,13.8,15.92
2018-05-27,0.01,26.73,13.85,16.91
2018-05-28,0.0,25.48,12.9,16.72
2018-05-29,0.0,25.41,11.58,15.1
2018-05-30,0.0,25.69,12.89,16.06
2018-05-31,0.0,26.21,11.71,16.72
2018-06-01,0.0,26.48,11.58,13.42
2018-06-02,0.07,27.58,14.84,10.31
2018-06-03,0.93,27.2,15.5,8.76
2018-06-04,0.02,23.53,13.32,8.13
2018-06-05,0.05,25.46,14.43,9.55
2018-06-06,0.22,24.88,14.93,10.15
2018-06-07,0.44,25.31,14.81,8.14
2018-06-08,0.01,22.44,11.51,11.86
2018-06-09,0.0,25.79,10.98,11.66
2018-06-10,0.0,28.29,15.23,11.02
2018-06-11,0.0,29.36,17.58,14.14
2018-06-12,9.07,28.82,17.94,10.41
2018-06-13,4.62,27.67,17.56,7.18
2018-06-14,0.06,24.18,15.29,10.55
2018-06-15,0.12,19.74,13.58,12.7
2018-06-16,0.0,23.84,11.98,13.23
2018-06-17,0.0,24.56,11.88,14.99
2018-06-18,0.0,25.58,13.28,13.83
2018-06-19,0.0,26.58,14.26,15.04
2018-06-20,0.0,27.14,13.93,15.48
2018-06-21,0.03,26.83,12.2,13.39
2018-06-22,0.0,26.82,16.79,13.26
2018-06-23,0.0,27.36,14.91,14.03
2018-06-24,0.0,28.37,16.42,8.34
2018-06-25,0.0,28.6,17.04,15.41
2018-06-26,0.0,30.08,13.77,13.83
2018-06-27,0.0,29.85,16.51,13.77
2018-06-28,0.01,27.84,15.81,13.83
2018-06-29,0.0,28.9,14.22,14.47
2018-06-30,0.0,28.85,13.86,15.21
2018-07-01,0.0,28.8,13.81,14.96
2018-07-02,0.0,29.72,13.86,15.4
2018-07-03,0.0,30.09,15.05,15.87
2018-07-04,0.0,29.03,13.94,15.05
2018-07-05,0.02,29.99,13.75,15.18
2018-07-06,0.0,29.51,13.45,15.87
2018-07-07,0.0,28.12,13.14,15.25
2018-07-08,0.0,28.92,17.05,15.65
2018-07-09,0.03,26.87,13.77,14.02
2018-07-10,0.09,21.75,9.71,15.93
2018-07-11,0.01,21.19,7.1,16.76
2018-07-12,0.0,22.02,7.16,15.66
2018-07-13,0.0,23.51,7.96,14.87
2018-07-14,0.0,29.54,11.24,17.04
2018-07-15,0.0,30.68,12.26,17.11
2018-07-16,0.0,31.34,13.3,16.87
2018-07-17,0.0,29.8,12.23,17.1
2018-07-18,0.0,29.83,12.07,16.92
2018-07-19,0.0,30.24,14.87,17.01
2018-07-20,0.0,30.44,13.24,17.4
2018-07-21,0.0,29.73,12.52,14.46
2018-07-22,0.0,27.9,13.61,14.09
2018-07-23,0.0,30.1,14.82,16.35
2018-07-24,0.0,28.29,13.7,15.48
2018-07-25,0.0,28.01,13.92,16.34
2018-07-26,0.0,29.23,14.82,16.94
2018-07-27,0.0,29.73,13.29,17.17
2018-07-28,0.0,31.04,13.05,17.49
2018-07-29,0.0,30.4,15.94,17.03
2018-07-30,0.24,29.02,17.64,13.77
2018-07-31,2.17,27.2,15.08,15.06
2018-08-01,0.52,20.84,11.74,9.34
2018-08-02,3.17,26.42,12.78,15.0
2018-08-03,36.08,22.72,15.05,2.85
2018-08-04,14.92,23.9,14.92,9.35
2018-08-05,1.65,19.8,14.39,4.92
2018-08-06,10.02,19.25,14.23,3.94
2018-08-07,0.32,24.63,11.84,13.12
2018-08-08,7.62,22.35,11.85,5.44
2018-08-09,5.69,23.07,9.37,6.99
2018-08-10,0.0,19.31,5.77,20.29
2018-08-11,0.07,22.63,5.05,20.67
2018-08-12,0.0,24.82,6.98,20.48
2018-08-13,0.03,26.51,9.29,20.67
2018-08-14,0.05,29.1,10.51,20.38
2018-08-15,0.05,29.08,10.38,15.46
2018-08-16,0.0,25.79,12.76,15.39
2018-08-17,0.0,26.32,13.22,18.29
2018-08-18,0.0,27.6,13.23,19.73
2018-08-19,0.0,29.08,13.42,19.14
2018-08-20,0.0,31.07,13.26,20.82
2018-08-21,0.32,30.9,13.31,19.22
2018-08-22,1.08,25.74,14.99,7.99
2018-08-23,1.28,30.99,15.62,15.4
2018-08-24,2.79,30.7,17.33,4.68
2018-08-25,19.57,27.33,13.11,9.29
2018-08-26,0.0,25.64,10.34,21.37
2018-08-27,0.0,25.89,9.2,21.84
2018-08-28,0.0,29.82,12.2,21.28
2018-08-29,0.0,30.27,13.13,22.0
2018-08-30,0.0,31.48,14.12,22.3
2018-08-31,0.0,33.29,14.22,21.42
2018-09-01,0.0,33.84,17.89,21.29
2018-09-02,0.19,33.85,16.42,17.23
2018-09-03,1.52,20.54,12.23,8.33
2018-09-04,0.19,23.92,10.55,15.89
2018-09-05,0.08,24.3,10.62,23.58
2018-09-06,0.0,27.55,9.55,23.05
2018-09-07,0.0,32.43,10.62,23.18
2018-09-08,0.0,33.2,12.37,24.17
2018-09-09,0.0,33.09,13.03,23.91
2018-09-10,0.0,32.27,13.57,23.31
2018-09-11,0.0,32.23,13.23,20.96
2018-09-12,0.0,31.43,14.12,22.32
2018-09-13,2.9,33.63,14.42,21.0
2018-09-14,2.89,29.37,15.46,6.36
2018-09-15,1.27,27.87,16.07,10.81
2018-09-16,1.82,27.56,15.08,15.79
2018-09-17,20.31,21.54,15.3,7.68
2018-09-18,0.52,27.28,18.42,9.8
2018-09-19,14.27,27.81,18.06,20.22
2018-09-20,22.21,28.08,19.06,6.84
2018-09-21,0.37,29.57,18.65,23.52
2018-09-22,0.01,33.53,17.26,25.27
2018-09-23,0.0,34.66,15.22,25.84
2018-09-24,0.0,35.87,15.63,26.11
2018-09-25,0.3,35.64,15.72,21.25
2018-09-26,1.97,33.33,18.25,16.89
2018-09-27,5.24,30.02,20.43,10.22
2018-09-28,0.56,31.71,19.45,19.88
2018-09-29,0.0,29.68,19.27,19.69
2018-09-30,14.49,25.08,18.93,4.37
2018-10-01,0.18,30.77,18.59,22.43
2018-10-02,0.29,34.3,18.42,20.12
2018-10-03,3.94,33.06,20.6,20.72
2018-10-04,1.64,31.34,19.86,22.21
2018-10-05,0.05,31.86,17.38,23.18
2018-10-06,0.12,29.08,15.11,19.3
2018-10-07,28.85,31.36,16.07,13.6
2018-10-08,20.75,26.6,18.96,8.19
2018-10-09,12.74,29.43,19.41,17.73
2018-10-10,3.48,28.67,20.94,18.95
2018-10-11,1.46,29.55,18.62,16.31
2018-10-12,0.16,32.03,17.23,24.07
2018-10-13,5.37,29.84,20.81,10.96
2018-10-14,8.04,29.32,20.85,20.27
2018-10-15,8.66,29.65,20.49,21.34
2018-10-16,2.53,30.03,17.36,20.21
2018-10-17,11.74,27.41,20.52,18.34
2018-10-18,21.43,31.31,21.35,22.76
2018-10-19,5.49,26.46,17.54,19.73
2018-10-20,0.0,27.22,15.12,27.19
2018-10-21,0.0,28.6,13.35,28.4
2018-10-22,0.0,31.94,13.45,27.01
2018-10-23,6.74,30.7,18.19,24.48
2018-10-24,7.52,24.74,18.06,11.07
2018-10-25,16.3,26.35,17.09,6.72
2018-10-26,11.4,28.09,18.4,11.47
2018-10-27,5.23,27.94,19.17,17.38
2018-10-28,0.01,30.03,16.32,27.02
2018-10-29,0.0,30.16,13.23,25.5
2018-10-30,0.0,33.2,14.64,29.03
2018-10-31,1.05,32.49,17.17,21.92
2018-11-01,3.58,27.96,20.63,18.83
2018-11-02,0.31,32.94,18.12,25.02
2018-11-03,4.35,33.09,18.95,25.22
2018-11-04,6.64,28.06,18.61,18.32
2018-11-05,2.8,29.03,15.43,24.09
2018-11-06,2.66,30.15,16.2,21.31
2018-11-07,13.23,27.6,17.7,15.18
2018-11-08,3.27,22.27,16.54,14.12
2018-11-09,0.53,27.01,16.85,13.68
2018-11-10,0.78,30.67,17.52,13.75
2018-11-11,0.51,31.79,19.24,23.55
2018-11-12,0.1,35.08,19.02,27.5
2018-11-13,0.0,34.9,20.08,26.68
2018-11-14,0.22,33.21,21.52,23.97
2018-11-15,0.29,33.25,23.2,23.48
2018-11-16,0.21,32.76,19.67,27.47
2018-11-17,1.62,30.87,18.05,19.48
2018-11-18,31.43,25.82,20.84,11.49
2018-11-19,11.18,24.68,16.67,10.08
2018-11-20,0.01,27.69,15.11,17.01
2018-11-21,0.04,30.39,15.06,23.95
2018-11-22,2.22,30.88,17.09,17.62
2018-11-23,15.55,26.28,20.17,6.83
2018-11-24,6.35,27.97,20.63,10.72
2018-11-25,12.01,30.95,20.54,23.36
2018-11-26,0.21,30.07,18.16,25.4
2018-11-27,0.05,30.3,15.39,28.36
2018-11-28,0.01,31.52,17.64,29.3
2018-11-29,0.66,32.32,19.25,25.39
2018-11-30,11.26,30.28,21.46,22.4
2018-12-01,14.66,26.67,21.04,18.74
2018-12-02,0.89,31.94,19.68,22.36
2018-12-03,0.12,31.67,17.34,28.98
2018-12-04,0.0,31.84,17.47,27.58
2018-12-05,0.02,33.0,19.39,28.65
2018-12-06,0.0,34.92,17.98,29.97
2018-12-07,0.07,33.29,18.05,27.76
2018-12-08,0.02,29.56,15.84,31.09
2018-12-09,0.0,31.27,12.99,30.42
2018-12-10,0.0,32.65,17.45,29.42
2018-12-11,0.0,33.74,18.67,28.4
2018-12-12,0.04,35.51,18.74,28.08
2018-12-13,1.46,34.51,21.97,28.42
2018-12-14,1.41,34.41,20.3,25.9
2018-12-15,12.41,33.54,21.6,25.2
2018-12-16,2.69,34.76,21.43,29.19
2018-12-17,2.63,35.12,21.68,27.05
2018-12-18,1.88,34.57,22.7,24.24
2018-12-19,1.76,34.01,22.16,21.19
2018-12-20,0.63,35.27,21.62,28.91
2018-12-21,3.33,34.52,23.94,23.68
2018-12-22,5.19,31.32,22.13,19.36
2018-12-23,3.79,31.46,21.31,16.51
2018-12-24,7.76,28.77,20.88,11.7
2018-12-25,0.94,29.34,19.8,13.97
2018-12-26,1.84,31.47,19.01,21.62
2018-12-27,0.25,32.97,19.67,27.45
2018-12-28,14.24,32.73,19.32,24.49
2018-12-29,7.32,34.22,21.01,27.07
2018-12-30,5.28,34.24,21.24,26.53
2018-12-31,0.74,35.78,21.26,26.64
2019-01-01,4.94,34.74,20.22,25.86
2019-01-02,6.0,32.91,22.05,23.76
2019-01-03,2.74,32.43,21.4,19.91
2019-01-04,26.01,28.04,22.45,18.48
2019-01-05,8.89,28.71,21.92,14.88
2019-01-06,5.9,28.1,21.16,15.67
2019-01-07,0.53,32.19,20.23,28.63
2019-01-08,0.21,32.34,21.31,24.7
2019-01-09,0.44,32.46,21.59,23.49
2019-01-10,4.65,27.9,22.03,25.23
2019-01-11,4.46,31.58,19.89,26.03
2019-01-12,13.43,30.8,21.12,24.98
2019-01-13,6.77,30.56,20.55,23.66
2019-01-14,7.8,31.72,21.16,26.69
2019-01-15,1.33,33.75,21.2,23.93
2019-01-16,6.7,31.27,23.21,17.12
2019-01-17,4.99,33.52,22.13,22.18
2019-01-18,1.21,32.22,22.01,22.69
2019-01-19,1.98,33.29,21.66,24.92
2019-01-20,2.15,32.11,20.76,26.34
2019-01-21,0.18,34.98,21.67,29.39
2019-01-22,0.0,35.95,21.69,28.18
2019-01-23,0.24,35.61,22.89,24.48
2019-01-24,4.23,30.88,22.95,22.43
2019-01-25,7.68,34.02,21.09,23.58
2019-01-26,2.74,32.54,19.23,26.09
2019-01-27,0.3,30.9,19.43,26.0
2019-01-28,0.0,35.15,19.43,29.57
2019-01-29,0.0,37.9,19.36,29.35
2019-01-30,0.02,36.45,22.29,25.7
2019-01-31,5.42,35.71,21.34,26.6
2019-02-01,1.03,38.25,21.63,29.19
2019-02-02,0.19,37.14,21.91,27.39
2019-02-03,0.18,37.75,22.06,27.23
2019-02-04,0.49,32.65,20.61,18.59
2019-02-05,0.04,31.45,18.74,19.26
2019-02-06,12.29,30.89,18.72,18.44
2019-02-07,0.66,33.74,18.46,27.39
2019-02-08,0.0,35.73,18.71,29.47
2019-02-09,0.0,36.78,20.53,27.96
2019-02-10,7.42,36.8,21.2,25.91
2019-02-11,9.76,30.78,22.42,22.92
2019-02-12,17.42,28.02,22.31,11.03
2019-02-13,2.8,26.98,19.59,15.87
2019-02-14,2.83,28.83,16.88,16.32
2019-02-15,15.81,26.13,18.32,10.51
2019-02-16,6.02,27.9,19.66,17.94
2019-02-17,1.29,30.6,19.38,20.61
2019-02-18,4.18,29.23,19.91,21.24
2019-02-19,9.73,29.94,19.95,19.4
2019-02-20,2.72,31.36,20.22,14.48
2019-02-21,1.68,29.85,21.6,16.38
2019-02-22,1.85,30.39,21.29,18.66
2019-02-23,5.81,29.94,20.97,22.39
2019-02-24,3.41,30.58,21.41,24.93
2019-02-25,14.77,29.45,21.35,17.61
2019-02-26,8.68,29.42,21.75,11.12
2019-02-27,11.09,29.11,20.55,12.72
2019-02-28,14.38,27.13,20.47,9.83
2019-03-01,14.38,27.78,19.82,13.04
2019-03-02,1.03,29.79,20.79,18.0
2019-03-03,4.13,30.37,20.54,20.84
2019-03-04,1.89,29.64,20.49,18.48
2019-03-05,2.26,29.99,20.04,23.86
2019-03-06,1.78,31.65,19.53,24.5
2019-03-07,7.67,27.85,20.32,19.44
2019-03-08,3.43,30.34,20.27,20.99
2019-03-09,4.11,30.94,21.92,19.61
2019-03-10,13.24,28.28,21.55,21.73
2019-03-11,0.3,31.71,19.56,16.77
2019-03-12,0.35,29.94,20.0,22.74
2019-03-13,6.12,29.59,20.52,18.0
2019-03-14,17.79,27.38,21.29,20.71
2019-03-15,10.79,28.89,21.04,20.01
2019-03-16,6.34,29.94,20.43,17.39
2019-03-17,3.29,30.59,20.96,18.75
2019-03-18,2.92,29.48,21.33,20.08
2019-03-19,2.53,30.37,21.63,21.79
2019-03-20,24.93,27.86,21.66,17.83
2019-03-21,7.17,27.02,18.49,10.73
2019-03-22,0.0,28.73,17.62,19.37
2019-03-23,0.0,30.9,16.82,24.22
2019-03-24,0.0,31.7,17.98,23.02
2019-03-25,0.0,31.71,17.33,23.52
2019-03-26,0.0,33.12,18.64,22.69
2019-03-27,0.02,31.95,20.19,19.93
2019-03-28,0.01,31.81,19.24,22.98
2019-03-29,0.0,30.26,18.4,23.8
2019-03-30,0.0,30.95,17.11,23.7
2019-03-31,0.01,31.84,17.42,23.59
2019-04-01,0.01,32.18,18.04,21.03
2019-04-02,0.0,32.4,16.97,19.09
2019-04-03,0.0,28.07,19.71,14.35
2019-04-04,0.0,33.18,20.09,13.8
2019-04-05,4.63,28.67,20.67,15.0
2019-04-06,21.57,30.28,20.47,17.06
2019-04-07,7.86,28.37,21.12,10.72
2019-04-08,8.66,29.04,19.77,13.97
2019-04-09,0.08,28.7,16.49,11.49
2019-04-10,0.01,28.4,15.56,20.39
2019-04-11,0.01,30.12,16.22,20.64
2019-04-12,0.39,30.84,16.96,20.85
2019-04-13,1.41,30.07,17.85,13.58
2019-04-14,2.35,29.5,20.19,9.88
2019-04-15,0.1,31.7,18.56,19.2
2019-04-16,0.23,30.37,19.58,17.34
2019-04-17,0.02,30.58,18.13,21.14
2019-04-18,0.02,28.97,14.58,21.9
2019-04-19,0.02,30.14,14.17,21.86
2019-04-20,0.0,30.69,14.4,21.21
2019-04-21,0.0,31.82,16.37,19.39
2019-04-22,0.24,31.37,18.3,13.45
2019-04-23,0.75,31.59,19.09,12.79
2019-04-24,1.03,31.86,19.65,18.69
2019-04-25,1.01,32.56,20.15,17.3
2019-04-26,0.56,32.24,20.0,18.08
2019-04-27,1.37,31.27,20.09,18.12
2019-04-28,9.79,29.17,17.81,10.79
2019-04-29,0.69,28.59,13.07,16.48
2019-04-30,0.04,29.33,15.69,17.19
2019-05-01,0.06,27.79,15.52,14.18
2019-05-02,0.01,29.74,18.89,13.88
2019-05-03,0.1,31.25,18.63,15.48
2019-05-04,0.03,29.44,20.41,15.03
2019-05-05,0.31,28.11,19.94,16.72
2019-05-06,0.26,31.64,18.62,16.89
2019-05-07,1.82,31.37,20.41,13.19
2019-05-08,0.23,27.75,18.01,16.84
2019-05-09,0.11,29.84,17.38,16.56
2019-05-10,0.4,31.49,17.98,15.0
2019-05-11,8.49,30.59,19.57,6.82
2019-05-12,0.71,30.62,20.62,16.19
2019-05-13,0.0,30.9,19.82,15.93
2019-05-14,0.0,27.47,14.83,15.66
2019-05-15,0.03,24.44,14.75,13.52
2019-05-16,0.04,23.55,17.05,9.31
2019-05-17,1.21,22.1,16.83,11.29
2019-05-18,3.3,25.9,16.54,10.84
2019-05-19,0.14,26.71,15.78,13.31
2019-05-20,0.08,27.34,13.78,16.17
2019-05-21,0.02,28.1,13.59,16.01
2019-05-22,0.03,28.64,16.24,17.45
2019-05-23,1.07,28.13,14.71,13.36
2019-05-24,4.82,22.69,12.81,5.73
2019-05-25,0.03,23.68,10.01,16.98
2019-05-26,0.11,25.64,11.49,17.22
2019-05-27,0.06,29.64,10.39,16.89
2019-05-28,0.0,30.02,13.43,14.96
2019-05-29,8.57,29.25,18.01,14.39
2019-05-30,0.0,30.2,17.31,14.92
2019-05-31,0.4,29.34,16.41,14.36
2019-06-01,2.48,29.21,17.49,13.24
2019-06-02,11.48,27.48,18.0,9.81
2019-06-03,8.51,24.28,15.58,8.47
2019-06-04,0.02,23.41,11.18,14.65
2019-06-05,0.02,21.65,9.28,16.15
2019-06-06,0.03,24.28,12.36,16.22
2019-06-07,0.04,26.33,9.89,16.24
2019-06-08,0.01,26.25,12.39,15.28
2019-06-09,0.01,25.49,11.01,16.57
2019-06-10,0.05,26.63,12.53,16.27
2019-06-11,0.01,27.74,12.0,15.76
2019-06-12,0.0,27.98,12.7,15.62
2019-06-13,0.0,28.4,13.51,15.04
2019-06-14,0.0,29.2,14.83,15.67
2019-06-15,0.0,28.99,13.69,15.76
2019-06-16,0.0,28.75,12.65,15.78
2019-06-17,0.01,27.8,13.62,14.29
2019-06-18,0.06,27.54,14.0,13.68
2019-06-19,0.0,28.0,13.71,15.08
2019-06-20,0.0,29.23,14.15,15.42
2019-06-21,0.01,27.36,15.19,15.41
2019-06-22,0.02,27.89,14.49,14.46
2019-06-23,0.0,27.69,13.21,15.83
2019-06-24,0.0,27.83,12.18,15.94
2019-06-25,0.03,28.11,11.9,13.48
2019-06-26,0.59,28.8,15.94,10.91
2019-06-27,0.29,27.78,16.27,10.99
2019-06-28,0.01,30.48,16.83,14.97
2019-06-29,0.0,30.09,16.18,15.89
2019-06-30,0.0,29.61,14.71,15.97
2019-07-01,0.0,29.68,13.97,14.87
2019-07-02,0.0,29.04,14.74,13.41
2019-07-03,0.29,28.96,16.55,11.5
2019-07-04,29.27,21.35,17.55,5.32
2019-07-05,6.71,20.35,9.44,7.51
2019-07-06,0.0,16.77,3.8,16.76
2019-07-07,0.03,18.08,3.32,16.99
2019-07-08,0.06,21.7,6.18,16.81
2019-07-09,0.05,24.76,6.77,16.97
2019-07-10,0.01,25.76,7.7,16.92
2019-07-11,0.02,26.72,8.23,16.97
2019-07-12,0.0,27.53,8.66,17.2
2019-07-13,0.0,28.18,13.21,16.47
2019-07-14,0.0,29.16,16.06,16.58
2019-07-15,0.97,29.7,16.04,14.19
2019-07-16,0.43,25.18,10.88,15.4
2019-07-17,0.03,21.18,7.57,15.93
2019-07-18,0.02,23.81,10.31,15.37
2019-07-19,0.01,25.58,12.5,13.67
2019-07-20,0.0,26.42,11.8,16.73
2019-07-21,0.0,25.65,11.35,15.96
2019-07-22,0.17,27.15,14.41,13.25
2019-07-23,0.76,28.6,13.14,17.17
2019-07-24,0.0,29.29,12.81,17.16
2019-07-25,0.0,30.13,14.26,12.26
2019-07-26,0.01,29.91,16.13,14.46
2019-07-27,0.0,30.36,14.64,16.54
2019-07-28,0.0,28.18,15.7,17.1
2019-07-29,0.0,28.37,13.94,12.88
2019-07-30,2.32,28.49,14.75,14.19
2019-07-31,0.01,29.12,12.45,18.44
2019-08-01,0.02,30.8,11.88,18.63
2019-08-02,0.18,30.57,15.56,13.78
2019-08-03,0.34,19.89,11.58,10.57
2019-08-04,0.74,16.51,9.56,5.17
2019-08-05,0.88,23.73,9.86,15.6
2019-08-06,0.72,25.76,12.86,12.52
2019-08-07,0.02,28.45,14.62,17.89
2019-08-08,0.0,31.16,14.75,18.6
2019-08-09,0.0,31.64,14.24,18.98
2019-08-10,0.0,32.23,14.21,18.96
2019-08-11,0.0,32.97,14.94,18.84
2019-08-12,0.0,33.38,15.81,19.11
2019-08-13,0.0,32.96,16.97,16.52
2019-08-14,0.0,24.49,11.03,17.26
2019-08-15,0.0,27.13,10.55,19.23
2019-08-16,0.01,28.95,11.4,19.81
2019-08-17,0.0,30.47,12.05,19.95
2019-08-18,0.02,31.28,14.9,16.27
2019-08-19,0.16,29.39,16.44,9.22
2019-08-20,0.0,25.89,13.9,13.32
2019-08-21,0.0,29.39,12.76,19.37
2019-08-22,0.0,27.63,12.64,20.82
2019-08-23,0.9,27.82,12.08,19.57
2019-08-24,0.01,27.71,11.85,21.73
2019-08-25,0.0,28.92,11.24,21.24
2019-08-26,0.0,31.76,12.48,19.9
2019-08-27,0.0,33.28,14.35,18.3
2019-08-28,0.0,31.68,15.64,20.38
2019-08-29,0.0,31.51,14.96,20.25
2019-08-30,0.0,33.88,15.57,21.29
2019-08-31,0.19,35.59,18.63,17.45
2019-09-01,18.0,30.67,18.33,6.77
2019-09-02,3.44,29.03,14.84,11.15
2019-09-03,2.99,31.24,17.01,12.33
2019-09-04,0.19,32.55,17.26,18.38
2019-09-05,0.14,26.93,14.55,16.77
2019-09-06,0.35,30.28,13.75,19.96
2019-09-07,0.04,34.79,15.73,21.91
2019-09-08,0.28,35.86,18.51,21.11
2019-09-09,0.0,35.78,19.42,22.62
2019-09-10,0.0,36.49,18.19,22.14
2019-09-11,0.0,38.3,20.45,21.21
2019-09-12,0.0,38.69,21.77,21.47
2019-09-13,0.0,37.28,19.23,21.67
2019-09-14,0.0,35.87,16.72,21.85
2019-09-15,0.05,37.94,18.12,21.97
2019-09-16,0.0,38.09,20.82,22.28
2019-09-17,0.0,39.04,20.32,23.37
2019-09-18,0.15,38.03,19.42,21.21
2019-09-19,4.51,35.71,21.51,16.49
2019-09-20,6.8,34.21,21.82,6.18
2019-09-21,0.52,33.87,17.74,17.38
2019-09-22,0.01,29.66,15.72,20.03
2019-09-23,0.0,28.98,13.43,24.1
2019-09-24,0.38,31.21,14.19,21.94
2019-09-25,7.4,23.74,16.18,5.34
2019-09-26,1.57,29.75,15.04,10.43
2019-09-27,0.05,31.42,15.16,25.0
2019-09-28,0.03,30.79,13.04,26.31
2019-09-29,0.02,32.83,12.61,26.61
2019-09-30,0.01,34.16,14.23,26.94
2019-10-01,0.0,36.53,14.86,25.41
2019-10-02,0.0,38.79,17.2,23.35
2019-10-03,0.04,38.12,20.44,23.51
2019-10-04,0.0,37.67,16.96,26.82
2019-10-05,0.0,38.31,18.12,26.94
2019-10-06,2.13,36.12,19.65,20.91
2019-10-07,0.05,31.7,17.92,17.06
2019-10-08,0.73,30.65,18.13,12.85
2019-10-09,0.13,32.63,17.88,19.88
2019-10-10,0.0,32.75,17.19,26.19
2019-10-11,0.0,36.69,19.6,25.79
2019-10-12,0.51,37.37,19.96,25.13
2019-10-13,0.7,37.04,21.7,25.06
2019-10-14,4.52,38.47,21.97,24.66
2019-10-15,0.49,35.08,19.42,19.38
2019-10-16,0.21,34.63,18.07,24.74
2019-10-17,0.37,37.4,19.02,23.76
2019-10-18,10.02,36.22,22.54,21.25
2019-10-19,5.73,35.62,19.74,24.6
2019-10-20,0.24,33.65,18.02,25.0
2019-10-21,2.8,29.13,15.98,9.18
2019-10-22,8.83,30.55,18.67,13.81
2019-10-23,0.01,33.12,16.06,25.81
2019-10-24,0.0,34.9,17.07,28.01
2019-10-25,0.0,36.87,18.07,27.62
2019-10-26,0.0,38.24,18.48,28.03
2019-10-27,0.79,37.52,19.83,27.85
2019-10-28,7.09,33.63,21.44,17.97
2019-10-29,1.21,35.24,21.51,27.83
2019-10-30,1.18,37.99,22.57,28.03
2019-10-31,0.22,38.48,20.91,25.97
2019-11-01,0.02,37.59,19.94,28.2
2019-11-02,0.01,37.58,19.99,28.37
2019-11-03,0.01,38.96,22.45,26.09
2019-11-04,0.15,39.6,24.3,26.88
2019-11-05,1.57,38.63,23.44,21.43
2019-11-06,5.32,33.48,20.16,15.28
2019-11-07,0.02,34.09,18.48,18.11
2019-11-08,3.94,31.96,21.35,11.63
2019-11-09,3.04,31.01,20.54,18.29
2019-11-10,10.36,30.57,20.58,13.43
2019-11-11,1.68,32.6,20.42,18.8
2019-11-12,0.0,34.27,18.72,24.72
2019-11-13,17.92,30.37,19.19,21.7
2019-11-14,9.31,28.98,21.56,17.71
2019-11-15,6.12,31.0,20.52,21.6
2019-11-16,0.07,32.77,16.3,29.44
2019-11-17,0.01,33.79,15.76,30.53
2019-11-18,0.0,34.83,14.39,29.61
2019-11-19,0.0,35.92,17.21,27.26
2019-11-20,0.23,35.04,19.87,25.93
2019-11-21,5.48,34.27,19.41,27.5
2019-11-22,2.39,34.12,20.74,22.58
2019-11-23,1.83,35.98,20.82,23.12
2019-11-24,2.21,28.44,17.46,18.72
2019-11-25,0.0,34.46,13.79,27.56
2019-11-26,15.49,32.8,16.05,26.01
2019-11-27,12.94,30.37,21.73,9.69
2019-11-28,21.97,27.53,17.98,13.65
2019-11-29,0.3,30.28,15.37,24.39
2019-11-30,23.44,33.68,17.79,22.85
2019-12-01,1.23,33.27,20.09,22.72
2019-12-02,0.02,31.67,19.43,25.21
2019-12-03,0.0,32.1,15.91,26.58
2019-12-04,1.4,30.29,18.5,20.07
2019-12-05,6.51,31.61,21.41,13.51
2019-12-06,5.36,32.08,19.91,19.27
2019-12-07,0.31,33.75,18.56,27.02
2019-12-08,0.03,34.58,17.57,29.24
2019-12-09,2.63,32.36,19.39,16.81
2019-12-10,1.09,29.67,20.71,13.29
2019-12-11,12.6,29.51,20.75,11.89
2019-12-12,0.6,31.22,20.37,21.38
2019-12-13,2.74,32.41,20.69,20.22
2019-12-14,4.44,29.53,20.06,15.46
2019-12-15,1.18,28.12,20.98,18.02
2019-12-16,8.72,30.08,20.59,17.34
2019-12-17,15.89,29.03,19.99,17.89
2019-12-18,4.9,27.54,19.74,14.45
2019-12-19,12.79,29.34,18.08,20.15
2019-12-20,9.52,29.81,20.37,23.54
2019-12-21,5.82,28.97,20.87,18.58
2019-12-22,8.59,27.69,21.26,10.07
2019-12-23,2.51,31.51,20.58,24.69
2019-12-24,0.07,34.06,19.16,29.79
2019-12-25,0.03,35.34,19.07,30.38
2019-12-26,0.03,36.88,19.85,29.97
2019-12-27,0.15,36.9,19.0,30.39
2019-12-28,0.67,35.53,20.03,28.38
2019-12-29,0.05,37.04,20.5,29.0
2019-12-30,0.56,36.58,20.06,29.48
2019-12-31,0.51,36.12,20.31,27.91
2020-01-01,0.82,31.69,23.01,24.61
2020-01-02,2.77,33.27,21.65,18.97
2020-01-03,3.59,33.08,19.92,13.91
2020-01-04,1.98,33.11,18.15,21.02
2020-01-05,4.47,32.19,20.36,18.4
2020-01-06,1.44,33.72,20.87,26.92
2020-01-07,4.89,33.94,20.6,13.12
2020-01-08,4.5,30.29,22.39,14.89
2020-01-09,6.82,30.71,22.26,18.21
2020-01-10,3.26,33.69,21.33,20.37
2020-01-11,5.9,30.96,22.5,13.47
2020-01-12,9.05,30.78,22.53,14.37
2020-01-13,5.62,31.34,21.08,15.83
2020-01-14,0.13,35.02,19.39,24.71
2020-01-15,1.72,35.46,20.1,28.78
2020-01-16,4.09,34.05,22.71,22.62
2020-01-17,0.11,32.68,20.05,16.9
2020-01-18,0.0,32.87,17.71,22.51
2020-01-19,0.0,35.49,19.06,24.18
2020-01-20,0.24,35.19,20.52,25.89
2020-01-21,0.01,36.09,18.84,27.57
2020-01-22,2.06,33.89,19.24,19.11
2020-01-23,19.32,26.64,19.01,7.61
2020-01-24,0.48,31.79,18.66,23.4
2020-01-25,0.13,32.78,17.28,29.61
2020-01-26,0.0,35.73,17.1,29.16
2020-01-27,0.0,35.74,18.85,29.19
2020-01-28,0.02,36.17,20.42,28.89
2020-01-29,1.12,35.51,21.32,23.11
2020-01-30,30.01,27.97,22.76,16.04
2020-01-31,10.22,29.54,22.23,15.92
2020-02-01,12.99,28.82,21.78,10.74
2020-02-02,13.71,28.29,21.29,14.46
2020-02-03,13.2,26.8,20.0,14.02
2020-02-04,0.96,27.88,20.05,17.28
2020-02-05,1.05,29.02,20.35,18.47
2020-02-06,3.02,29.79,20.42,18.48
2020-02-07,5.58,27.43,20.31,16.26
2020-02-08,0.34,30.66,19.3,22.56
2020-02-09,34.14,29.75,20.44,19.17
2020-02-10,29.26,30.33,19.92,9.91
2020-02-11,14.73,28.02,17.88,13.98
2020-02-12,0.03,29.59,17.14,20.75
2020-02-13,0.03,31.29,16.2,25.96
2020-02-14,0.01,32.43,17.43,27.41
2020-02-15,0.04,33.84,18.51,25.79
2020-02-16,0.39,34.63,20.34,23.73
2020-02-17,0.54,33.09,20.68,23.96
2020-02-18,1.42,33.16,22.47,25.92
2020-02-19,6.11,31.94,21.95,17.04
2020-02-20,7.97,30.51,22.35,17.07
2020-02-21,12.0,31.86,22.06,12.73
2020-02-22,5.22,32.41,18.25,19.85
2020-02-23,2.83,28.11,15.75,19.99
2020-02-24,2.25,31.39,17.1,14.89
2020-02-25,18.96,27.57,20.31,14.68
2020-02-26,42.68,29.56,20.82,8.39
2020-02-27,1.05,29.76,17.58,16.3
2020-02-28,0.02,30.04,15.53,24.65
2020-02-29,0.04,29.97,16.59,22.3
2020-03-01,0.09,28.28,17.83,18.04
2020-03-02,0.21,28.66,18.37,23.72
2020-03-03,0.26,30.0,16.65,20.66
2020-03-04,0.01,30.98,16.74,26.59
2020-03-05,0.02,31.17,17.01,26.08
2020-03-06,0.03,30.37,16.01,27.2
2020-03-07,0.03,30.59,14.79,27.29
2020-03-08,0.0,31.31,16.15,26.06
2020-03-09,0.01,32.86,17.31,25.06
2020-03-10,0.3,33.57,17.98,24.91
2020-03-11,0.31,34.38,18.52,24.71
2020-03-12,0.0,35.33,19.26,25.14
2020-03-13,0.0,34.91,18.49,26.33
2020-03-14,0.05,34.97,19.5,24.7
2020-03-15,0.5,34.82,20.42,23.4
2020-03-16,2.8,32.98,20.9,22.68
2020-03-17,1.69,33.28,20.79,20.49
2020-03-18,2.99,31.89,20.86,16.36
2020-03-19,8.68,30.16,21.54,13.03
2020-03-20,6.66,28.23,20.96,16.98
2020-03-21,2.05,28.53,19.69,16.05
2020-03-22,0.03,30.51,16.86,25.0
2020-03-23,0.39,29.03,15.39,22.97
2020-03-24,0.07,29.51,15.52,23.87
2020-03-25,0.04,30.53,15.62,23.49
2020-03-26,0.01,30.0,15.01,23.38
2020-03-27,0.05,28.89,16.71,21.82
2020-03-28,0.26,32.8,18.03,20.95
2020-03-29,11.62,30.36,19.62,6.3
2020-03-30,0.98,31.43,19.07,21.37
2020-03-31,0.07,33.37,18.38,22.65
2020-04-01,0.01,33.24,18.67,23.3
2020-04-02,0.07,33.15,18.56,20.41
2020-04-03,0.08,31.9,15.22,17.3
2020-04-04,0.0,30.62,12.43,23.76
2020-04-05,0.0,32.39,14.52,23.11
2020-04-06,0.15,34.56,16.58,22.1
2020-04-07,17.11,29.68,20.91,12.9
2020-04-08,0.65,29.01,17.42,19.91
2020-04-09,0.0,29.02,14.9,22.56
2020-04-10,0.01,29.02,13.8,22.24
2020-04-11,0.0,29.86,14.95,21.03
2020-04-12,0.0,30.38,14.54,21.99
2020-04-13,1.13,31.14,14.95,21.75
2020-04-14,5.11,27.21,15.61,10.14
2020-04-15,0.27,25.87,11.94,20.19
2020-04-16,0.02,28.38,8.6,22.36
2020-04-17,0.0,29.5,11.66,21.69
2020-04-18,0.13,27.84,14.12,20.76
2020-04-19,0.18,29.81,15.09,20.24
2020-04-20,0.0,30.22,15.53,18.97
2020-04-21,0.01,30.27,14.82,20.57
2020-04-22,0.0,30.35,14.17,21.0
2020-04-23,0.02,30.42,14.18,20.45
2020-04-24,0.03,31.28,15.21,20.35
2020-04-25,0.05,32.33,16.99,19.53
2020-04-26,0.0,32.54,16.34,20.12
2020-04-27,0.03,29.89,15.1,20.26
2020-04-28,0.15,29.57,15.5,20.07
2020-04-29,0.0,30.64,13.76,20.04
2020-04-30,0.0,31.36,15.03,19.22
2020-05-01,0.02,32.51,14.98,18.78
2020-05-02,0.09,31.14,14.98,17.93
2020-05-03,0.13,28.6,14.68,19.41
2020-05-04,0.48,28.12,12.99,19.66
2020-05-05,0.0,29.1,11.04,15.29
2020-05-06,0.12,30.7,16.53,9.54
2020-05-07,0.01,25.02,13.94,15.74
2020-05-08,0.04,25.47,10.52,19.72
2020-05-09,0.06,28.18,11.36,18.9
2020-05-10,0.01,28.42,11.31,18.95
2020-05-11,0.0,29.23,13.1,18.48
2020-05-12,0.0,29.44,12.73,14.33
2020-05-13,0.49,24.67,14.09,6.09
2020-05-14,4.14,26.82,16.08,7.72
2020-05-15,0.53,26.54,14.56,12.89
2020-05-16,0.02,27.73,12.61,16.05
2020-05-17,0.01,28.97,10.66,18.39
2020-05-18,0.0,29.56,10.19,18.07
2020-05-19,0.0,28.82,12.97,17.62
2020-05-20,0.02,28.35,15.06,15.3
2020-05-21,0.0,29.5,14.82,16.58
2020-05-22,4.31,29.74,15.24,14.3
2020-05-23,19.74,19.86,11.53,6.01
2020-05-24,0.0,19.97,8.38,8.08
2020-05-25,0.01,20.1,6.98,16.68
2020-05-26,0.0,21.42,5.62,17.33
2020-05-27,0.0,25.51,5.88,16.82
2020-05-28,0.0,24.37,6.57,18.23
2020-05-29,0.01,26.59,7.68,17.55
2020-05-30,0.02,26.9,8.25,17.57
2020-05-31,0.02,26.93,11.2,17.01
2020-06-01,0.0,29.05,12.02,16.39
2020-06-02,4.4,21.11,15.47,4.22
2020-06-03,2.01,26.07,15.78,8.02
2020-06-04,0.69,28.03,14.45,8.02
2020-06-05,3.19,26.91,16.47,8.23
2020-06-06,3.36,25.48,15.69,5.8
2020-06-07,1.26,24.75,13.41,12.46
2020-06-08,0.34,27.59,15.36,13.07
2020-06-09,1.62,28.23,17.53,7.54
2020-06-10,0.09,30.06,17.12,12.61
2020-06-11,0.01,30.42,17.56,14.93
2020-06-12,0.02,30.51,16.04,14.55
2020-06-13,0.01,30.56,15.46,16.01
2020-06-14,0.02,27.36,15.23,14.46
2020-06-15,0.01,27.65,13.62,15.11
2020-06-16,0.03,27.57,14.66,15.45
2020-06-17,0.01,27.27,15.01,14.95
2020-06-18,0.02,26.56,14.01,14.01
2020-06-19,0.04,28.37,14.69,16.18
2020-06-20,0.01,29.28,13.05,16.48
2020-06-21,0.0,29.76,14.9,15.21
2020-06-22,0.0,29.93,13.54,14.92
2020-06-23,0.0,27.01,13.71,14.05
2020-06-24,0.01,28.72,11.79,14.74
2020-06-25,1.43,28.42,15.71,14.61
2020-06-26,28.13,23.64,16.78,6.73
2020-06-27,24.98,19.13,12.91,5.08
2020-06-28,0.04,22.08,10.97,14.79
2020-06-29,0.15,23.37,11.9,12.76
2020-06-30,0.22,24.24,15.78,14.84
2020-07-01,3.45,19.7,8.65,15.19
2020-07-02,0.1,20.94,6.02,16.59
2020-07-03,0.08,22.09,6.29,15.76
2020-07-04,0.05,25.4,8.36,16.74
2020-07-05,0.0,28.82,11.51,11.86
2020-07-06,0.0,30.19,14.92,13.07
2020-07-07,0.01,29.38,15.54,15.93
2020-07-08,0.13,28.31,14.52,12.57
2020-07-09,0.61,24.96,10.98,15.81
2020-07-10,0.03,27.49,9.62,16.58
2020-07-11,0.0,29.38,13.85,15.58
2020-07-12,0.0,29.75,14.61,16.09
2020-07-13,0.2,30.31,16.09,14.84
2020-07-14,0.33,30.13,17.55,13.55
2020-07-15,0.0,28.89,13.41,15.83
2020-07-16,0.02,27.66,11.75,15.61
2020-07-17,0.0,30.24,14.32,16.39
2020-07-18,0.0,29.64,14.96,15.84
2020-07-19,0.0,27.91,13.76,17.02
2020-07-20,0.0,28.67,11.89,17.61
2020-07-21,0.0,29.81,12.49,17.52
2020-07-22,0.0,30.53,13.05,17.66
2020-07-23,0.01,30.41,13.46,17.57
2020-07-24,0.0,29.28,12.97,17.82
2020-07-25,0.0,30.12,13.13,17.85
2020-07-26,0.0,28.98,14.07,16.93
2020-07-27,0.0,30.07,14.21,16.68
2020-07-28,0.1,31.07,15.8,15.76
2020-07-29,0.9,29.22,14.95,15.17
2020-07-30,0.16,25.09,11.92,16.88
2020-07-31,0.0,28.47,13.11,17.22
2020-08-01,0.08,28.19,13.38,18.06
2020-08-02,0.06,28.52,12.65,18.53
2020-08-03,0.01,28.91,12.23,18.75
2020-08-04,0.0,29.15,12.42,19.13
2020-08-05,0.0,29.31,11.98,19.41
2020-08-06,0.03,29.27,11.09,19.72
2020-08-07,0.02,28.86,11.1,19.7
2020-08-08,0.0,29.54,11.28,17.98
2020-08-09,0.0,28.85,13.51,17.78
2020-08-10,0.0,30.34,12.61,19.47
2020-08-11,0.0,30.8,13.61,16.79
2020-08-12,0.0,31.65,15.58,18.97
2020-08-13,0.05,33.08,18.56,13.68
2020-08-14,0.53,28.37,18.13,15.48
2020-08-15,0.11,32.45,18.33,14.21
2020-08-16,20.55,23.91,18.13,4.73
2020-08-17,10.14,25.74,16.65,3.11
2020-08-18,12.62,25.43,17.24,9.37
2020-08-19,3.19,29.4,17.51,13.39
2020-08-20,3.28,18.75,14.01,4.16
2020-08-21,2.81,20.59,9.27,2.68
2020-08-22,0.16,19.98,6.99,14.87
2020-08-23,0.03,23.07,9.82,21.45
2020-08-24,0.01,26.01,10.98,21.34
2020-08-25,0.01,26.39,9.64,21.81
2020-08-26,0.08,28.31,9.19,22.91
2020-08-27,0.22,30.9,10.0,22.88
2020-08-28,0.1,32.93,12.44,22.84
2020-08-29,0.0,33.22,14.39,22.2
2020-08-30,0.22,34.74,14.78,21.16
2020-08-31,0.12,33.52,16.1,21.14
2020-09-01,0.37,32.28,15.85,21.29
2020-09-02,0.15,32.24,16.13,20.94
2020-09-03,0.03,33.93,17.0,22.53
2020-09-04,1.11,35.87,15.98,22.73
2020-09-05,0.04,35.04,17.2,23.03
2020-09-06,0.0,35.42,15.61,22.45
2020-09-07,0.0,34.63,16.34,22.41
2020-09-08,0.0,34.9,16.75,22.25
2020-09-09,0.01,36.32,17.15,22.56
2020-09-10,0.0,37.34,17.79,21.92
2020-09-11,0.04,38.01,19.67,21.57
2020-09-12,0.0,37.3,19.45,21.98
2020-09-13,0.01,36.51,18.58,21.77
2020-09-14,0.0,35.39,18.03,21.0
2020-09-15,0.0,32.61,17.35,20.44
2020-09-16,0.0,35.47,15.87,22.6
2020-09-17,0.0,36.93,18.29,22.13
2020-09-18,0.07,35.14,17.99,12.03
2020-09-19,0.04,33.25,20.68,11.28
2020-09-20,0.31,32.73,18.79,7.53
2020-09-21,1.68,27.31,16.44,9.07
2020-09-22,3.98,27.53,13.48,11.65
2020-09-23,0.1,31.48,13.99,21.99
2020-09-24,0.06,33.35,15.63,24.97
2020-09-25,0.0,35.88,16.55,25.46
2020-09-26,0.0,37.34,17.57,25.91
2020-09-27,0.59,36.77,18.19,22.38
2020-09-28,4.05,36.87,21.29,22.82
2020-09-29,0.77,38.53,21.45,24.56
2020-09-30,0.0,40.82,20.47,24.12
2020-10-01,0.0,40.86,22.19,23.64
2020-10-02,0.0,41.6,23.9,24.24
2020-10-03,0.0,39.74,21.89,22.06
2020-10-04,0.0,38.41,18.94,23.56
2020-10-05,0.0,41.02,19.1,24.68
2020-10-06,0.0,41.89,22.26,23.97
2020-10-07,0.0,41.68,23.17,22.23
2020-10-08,1.83,39.04,24.17,15.04
2020-10-09,4.21,37.07,21.16,13.29
2020-10-10,0.63,32.77,17.12,11.36
2020-10-11,0.0,33.57,14.36,24.3
2020-10-12,0.0,35.48,14.85,26.6
2020-10-13,0.02,38.05,17.31,22.73
2020-10-14,0.01,37.62,20.61,23.33
2020-10-15,9.03,31.6,19.66,11.35
2020-10-16,2.1,30.95,16.41,13.45
2020-10-17,10.96,31.09,14.31,26.17
2020-10-18,7.72,32.7,15.59,23.12
2020-10-19,7.9,31.34,18.84,15.29
2020-10-20,5.69,31.16,18.41,16.8
2020-10-21,2.11,31.84,19.18,20.56
2020-10-22,0.05,33.33,18.1,26.07
2020-10-23,2.93,32.81,17.82,24.48
2020-10-24,5.05,31.71,18.64,16.68
2020-10-25,0.48,33.35,19.21,25.24
2020-10-26,0.14,34.71,17.99,20.1
2020-10-27,0.22,33.1,18.58,25.08
2020-10-28,0.0,35.82,14.81,30.87
2020-10-29,14.58,31.78,19.72,18.01
2020-10-30,7.89,28.71,17.63,9.09
2020-10-31,0.25,28.25,15.76,18.43
2020-11-01,0.0,28.45,13.58,27.51
2020-11-02,0.0,28.67,11.91,30.12
2020-11-03,0.0,28.82,11.29,29.05
2020-11-04,0.2,31.88,12.11,28.37
2020-11-05,0.04,31.86,13.56,28.43
2020-11-06,0.0,33.11,13.45,29.83
2020-11-07,0.0,35.86,13.06,31.08
2020-11-08,0.0,38.3,15.37,29.21
2020-11-09,2.41,38.47,18.75,20.3
2020-11-10,1.24,29.94,19.02,20.42
2020-11-11,1.82,31.44,19.88,17.9
2020-11-12,1.4,31.17,19.88,22.65
2020-11-13,2.18,29.57,20.76,23.16
2020-11-14,1.24,31.9,20.31,26.69
2020-11-15,1.74,35.24,19.27,24.63
2020-11-16,0.31,36.18,21.01,27.89
2020-11-17,6.68,35.64,22.83,23.99
2020-11-18,10.76,31.14,18.4,13.98
2020-11-19,5.85,30.37,17.25,19.94
2020-11-20,0.11,31.28,14.37,30.23
2020-11-21,0.36,32.61,14.22,30.32
2020-11-22,0.05,34.36,14.9,30.81
2020-11-23,0.0,34.17,16.17,32.11
2020-11-24,0.02,34.97,17.02,29.19
2020-11-25,1.62,36.33,18.55,29.23
2020-11-26,0.28,36.49,19.51,29.15
2020-11-27,3.25,35.02,20.68,25.63
2020-11-28,6.85,33.7,20.68,19.96
2020-11-29,0.43,36.83,19.32,27.63
2020-11-30,5.16,36.79,21.33,23.79
2020-12-01,7.6,32.02,21.41,22.24
2020-12-02,1.02,33.28,20.63,25.19
2020-12-03,11.85,31.83,20.42,15.04
2020-12-04,5.87,33.21,20.25,27.77
2020-12-05,18.57,31.87,20.86,18.53
2020-12-06,3.79,31.27,19.26,15.94
2020-12-07,6.12,29.8,19.84,11.93
2020-12-08,1.37,32.97,19.16,23.76
2020-12-09,0.11,34.83,19.75,28.99
2020-12-10,0.18,34.18,18.6,28.45
2020-12-11,0.97,31.6,19.62,22.84
2020-12-12,7.1,28.73,17.9,11.71
2020-12-13,6.59,29.81,20.22,23.33
2020-12-14,1.44,31.67,21.09,23.16
2020-12-15,2.89,31.78,20.75,24.69
2020-12-16,8.81,32.69,20.62,25.31
2020-12-17,8.34,31.62,21.79,23.09
2020-12-18,0.22,32.44,20.69,27.2
2020-12-19,2.04,34.84,21.36,21.87
2020-12-20,1.67,35.71,22.13,23.46
2020-12-21,0.89,35.98,22.06,22.64
2020-12-22,0.72,35.93,21.46,21.4
2020-12-23,0.04,35.02,19.6,26.92
2020-12-24,0.0,34.98,18.42,27.82
2020-12-25,0.16,35.1,17.07,26.67
2020-12-26,1.52,33.74,17.71,26.5
2020-12-27,26.41,32.52,19.92,19.35
2020-12-28,10.94,30.8,20.67,19.68
2020-12-29,7.29,30.68,20.25,21.8
2020-12-30,0.69,32.68,20.16,26.85
2020-12-31,3.13,30.38,20.8,13.82
2021-01-01,8.94,29.93,20.79,20.34
2021-01-02,2.65,31.96,20.25,21.81
2021-01-03,3.34,33.73,18.44,27.74
2021-01-04,0.31,31.97,17.66,28.54
2021-01-05,0.48,32.04,20.35,24.54
2021-01-06,7.73,30.87,21.1,17.57
2021-01-07,3.64,32.4,21.31,21.16
2021-01-08,3.18,30.82,21.34,21.55
2021-01-09,0.18,33.56,20.56,24.22
2021-01-10,0.85,34.98,20.88,23.32
2021-01-11,0.22,35.79,21.5,21.12
2021-01-12,4.98,33.97,23.35,17.88
2021-01-13,5.29,33.95,22.25,17.35
2021-01-14,8.45,32.18,21.67,16.86
2021-01-15,6.56,31.6,20.54,17.9
2021-01-16,23.81,28.54,20.63,15.94
2021-01-17,8.06,29.34,20.58,14.39
2021-01-18,7.15,31.81,20.2,16.95
2021-01-19,3.27,29.26,21.19,17.38
2021-01-20,1.94,31.01,20.93,18.35
2021-01-21,0.49,32.64,20.36,23.5
2021-01-22,0.04,33.85,21.06,28.28
2021-01-23,1.28,34.27,20.7,26.35
2021-01-24,7.61,30.57,20.65,17.08
2021-01-25,10.79,26.65,20.53,14.56
2021-01-26,1.38,32.2,19.57,19.63
2021-01-27,3.6,30.47,20.82,21.38
2021-01-28,2.15,31.48,19.69,24.27
2021-01-29,11.13,30.72,21.65,20.99
2021-01-30,3.62,33.07,20.8,18.22
2021-01-31,5.9,31.81,21.07,13.61
2021-02-01,1.99,33.49,20.17,20.49
2021-02-02,9.48,34.07,20.14,22.79
2021-02-03,1.33,34.84,21.28,27.72
2021-02-04,0.21,31.93,21.54,20.81
2021-02-05,0.52,32.31,18.87,21.8
2021-02-06,0.0,32.23,16.54,28.42
2021-02-07,0.0,31.98,17.97,29.12
2021-02-08,0.0,31.77,16.25,29.19
2021-02-09,0.04,33.05,16.45,27.65
2021-02-10,0.31,33.69,18.32,26.95
2021-02-11,11.21,28.21,18.88,8.06
2021-02-12,3.05,28.55,18.74,14.07
2021-02-13,2.51,30.12,20.12,19.12
2021-02-14,13.38,27.85,19.35,10.62
2021-02-15,2.88,30.38,19.6,23.33
2021-02-16,0.3,32.58,17.88,26.26
2021-02-17,3.72,31.07,20.32,19.93
2021-02-18,0.08,33.0,18.56,27.36
2021-02-19,0.01,33.66,16.14,29.34
2021-02-20,0.0,35.53,18.32,27.58
2021-02-21,0.01,35.96,19.28,26.34
2021-02-22,0.01,35.82,19.42,26.97
2021-02-23,0.18,35.98,19.64,25.95
2021-02-24,2.0,35.86,20.15,22.1
2021-02-25,2.25,33.78,20.36,23.23
2021-02-26,3.44,29.88,19.16,19.78
2021-02-27,2.55,31.51,19.41,22.95
2021-02-28,14.77,25.85,19.0,11.56
2021-03-01,3.0,28.9,18.77,16.74
2021-03-02,8.9,28.56,19.75,14.15
2021-03-03,3.13,29.99,19.21,9.72
2021-03-04,10.71,30.16,19.6,12.84
2021-03-05,12.42,25.92,20.1,9.37
2021-03-06,4.31,27.66,20.14,14.74
2021-03-07,6.26,28.74,19.68,19.18
2021-03-08,2.52,31.48,19.39,22.12
2021-03-09,2.38,31.26,18.29,20.39
2021-03-10,0.44,30.88,18.07,25.58
2021-03-11,1.45,32.3,19.68,23.29
2021-03-12,0.02,33.82,17.91,24.61
2021-03-13,0.75,32.13,19.71,23.92
2021-03-14,0.76,33.94,19.42,24.29
2021-03-15,0.83,32.93,19.45,24.02
2021-03-16,1.69,34.3,20.07,23.45
2021-03-17,2.45,32.53,20.57,18.21
2021-03-18,8.72,30.42,20.96,12.9
2021-03-19,3.38,32.53,19.81,21.98
2021-03-20,0.18,33.53,20.22,22.57
2021-03-21,0.22,33.07,21.23,21.05
2021-03-22,0.0,35.17,18.47,24.14
2021-03-23,0.02,35.37,19.89,20.94
2021-03-24,0.08,35.95,21.09,22.69
2021-03-25,0.16,34.81,20.63,23.83
2021-03-26,0.76,34.41,21.59,22.09
2021-03-27,6.44,31.9,20.71,20.48
2021-03-28,0.03,34.26,20.11,21.51
2021-03-29,0.29,34.76,19.61,19.63
2021-03-30,1.14,32.21,19.31,22.18
2021-03-31,0.13,30.88,16.94,21.47
2021-04-01,0.0,30.79,14.55,22.73
2021-04-02,0.02,31.35,15.67,24.19
2021-04-03,0.01,31.52,15.31,23.48
2021-04-04,0.0,31.62,16.51,21.66
2021-04-05,0.37,30.27,17.28,19.7
2021-04-06,0.97,31.24,18.02,16.26
2021-04-07,0.06,30.72,17.99,18.82
2021-04-08,0.01,32.26,18.06,21.68
2021-04-09,0.07,31.64,16.92,22.49
2021-04-10,0.03,32.67,15.24,22.93
2021-04-11,0.03,32.61,14.49,22.88
2021-04-12,0.01,34.04,18.09,19.54
2021-04-13,0.09,28.54,19.28,16.18
2021-04-14,0.0,29.9,15.4,21.68
2021-04-15,0.16,30.72,16.04,18.96
2021-04-16,1.86,31.08,16.36,17.8
2021-04-17,14.52,28.82,16.73,17.08
2021-04-18,2.72,28.95,17.35,12.82
2021-04-19,0.09,27.13,15.86,18.59
2021-04-20,0.05,28.76,15.45,18.95
2021-04-21,0.0,28.46,14.57,21.29
2021-04-22,0.04,28.29,15.33,19.62
2021-04-23,0.04,28.93,13.61,20.02
2021-04-24,0.01,30.37,14.59,20.44
2021-04-25,0.0,30.98,15.05,15.72
2021-04-26,0.02,30.66,15.89,16.31
2021-04-27,0.03,29.83,14.7,19.79
2021-04-28,0.03,29.89,13.2,20.57
2021-04-29,0.03,27.56,13.36,20.22
2021-04-30,0.0,27.88,14.52,17.21
2021-05-01,0.05,25.96,15.5,16.27
2021-05-02,0.0,30.42,14.81,19.15
2021-05-03,0.0,30.82,13.54,19.39
2021-05-04,0.0,31.04,13.0,19.53
2021-05-05,0.0,31.34,13.96,18.99
2021-05-06,0.0,31.52,15.76,18.75
2021-05-07,0.02,25.22,16.17,10.44
2021-05-08,0.0,28.5,13.98,18.58
2021-05-09,0.03,29.53,14.61,18.59
2021-05-10,0.02,29.34,14.56,15.04
2021-05-11,0.02,29.67,13.28,15.71
2021-05-12,3.37,28.76,16.08,10.76
2021-05-13,0.15,26.31,13.76,15.72
2021-05-14,0.07,27.02,13.14,16.62
2021-05-15,0.0,28.32,13.68,14.36
2021-05-16,0.0,28.3,14.17,16.46
2021-05-17,0.01,27.98,12.33,16.76
2021-05-18,0.0,28.07,12.82,17.64
2021-05-19,0.04,28.85,11.04,18.14
2021-05-20,0.0,29.91,14.42,17.49
2021-05-21,0.0,30.78,15.16,15.19
2021-05-22,5.45,26.02,16.6,4.76
2021-05-23,6.34,25.84,14.22,7.37
2021-05-24,0.0,22.55,9.09,16.9
2021-05-25,0.0,25.56,8.79,16.48
2021-05-26,0.0,29.03,12.2,14.74
2021-05-27,0.01,30.6,15.18,15.57
2021-05-28,0.0,30.11,16.66,13.34
2021-05-29,0.33,30.53,17.72,12.96
2021-05-30,7.71,29.36,17.84,10.41
2021-05-31,3.37,26.31,16.24,7.84
2021-06-01,0.16,27.28,14.83,15.27
2021-06-02,0.02,29.61,12.79,15.09
2021-06-03,0.01,30.94,15.57,16.13
2021-06-04,0.02,30.48,14.7,16.13
2021-06-05,0.01,29.84,14.83,15.67
2021-06-06,0.72,30.13,15.9,14.8
2021-06-07,5.79,25.93,14.91,3.97
2021-06-08,0.53,27.05,14.85,5.58
2021-06-09,2.2,27.57,15.44,13.68
2021-06-10,15.23,27.2,16.22,2.42
2021-06-11,1.4,23.88,15.08,7.84
2021-06-12,0.02,25.17,12.18,14.28
2021-06-13,0.03,24.1,10.33,16.61
2021-06-14,0.02,25.61,9.52,16.55
2021-06-15,0.03,25.84,10.87,15.19
2021-06-16,0.05,24.19,10.71,16.06
2021-06-17,0.03,24.95,11.02,15.5
2021-06-18,0.06,25.45,11.83,9.43
2021-06-19,0.03,27.14,14.49,10.83
2021-06-20,0.01,23.82,12.57,12.32
2021-06-21,1.71,26.75,10.99,12.4
2021-06-22,1.24,24.65,15.32,9.63
2021-06-23,0.02,25.01,13.53,15.23
2021-06-24,0.04,28.25,12.02,15.29
2021-06-25,0.0,30.66,15.6,14.12
2021-06-26,0.0,29.99,15.14,15.17
2021-06-27,0.0,28.77,14.22,16.1
2021-06-28,0.13,26.43,12.19,12.92
2021-06-29,0.25,16.65,6.92,12.14
2021-06-30,0.0,19.42,2.32,17.1
2021-07-01,0.01,21.22,4.08,16.98
2021-07-02,0.09,26.62,8.97,16.58
2021-07-03,0.0,27.68,9.62,16.92
2021-07-04,0.02,25.77,10.65,15.35
2021-07-05,0.02,26.13,10.74,15.61
2021-07-06,0.02,25.31,10.53,15.43
2021-07-07,0.04,25.28,12.03,16.25
2021-07-08,0.02,25.28,10.8,16.25
2021-07-09,0.01,25.9,9.84,16.51
2021-07-10,0.0,27.55,10.01,16.78
2021-07-11,0.0,27.78,10.79,16.58
2021-07-12,0.0,28.32,10.51,17.09
2021-07-13,0.0,28.49,10.53,16.92
2021-07-14,0.04,28.11,10.75,15.75
2021-07-15,0.0,28.45,12.34,16.52
2021-07-16,1.19,26.04,13.61,10.98
2021-07-17,1.61,26.21,14.77,11.89
2021-07-18,0.04,24.51,8.58,17.01
2021-07-19,0.01,21.56,2.75,16.87
2021-07-20,0.01,21.44,3.86,15.62
2021-07-21,0.0,27.58,7.84,17.44
2021-07-22,0.0,28.68,6.53,18.1
2021-07-23,0.0,28.38,9.74,17.95
2021-07-24,0.0,28.72,9.93,18.29
2021-07-25,0.01,28.86,10.2,18.11
2021-07-26,0.0,30.18,11.07,18.12
2021-07-27,0.61,30.74,12.57,15.26
2021-07-28,7.29,16.21,6.46,6.65
2021-07-29,0.0,16.85,2.22,19.34
2021-07-30,0.03,18.97,2.21,16.91
2021-07-31,0.0,22.09,6.43,16.49
2021-08-01,0.0,22.71,9.45,13.12
2021-08-02,0.0,26.28,10.33,17.7
2021-08-03,0.33,24.94,9.82,18.51
2021-08-04,0.3,23.98,9.36,16.9
2021-08-05,0.02,24.91,11.58,14.07
2021-08-06,1.05,25.91,12.6,15.27
2021-08-07,0.0,27.24,15.15,16.47
2021-08-08,0.0,29.1,13.91,16.49
2021-08-09,0.0,30.25,12.28,19.19
2021-08-10,0.0,31.49,14.24,19.63
2021-08-11,0.01,31.15,13.67,18.28
2021-08-12,0.03,28.5,12.19,15.15
2021-08-13,0.0,29.52,12.79,17.09
2021-08-14,0.0,30.38,13.01,17.85
2021-08-15,0.01,32.11,13.48,16.98
2021-08-16,0.26,31.06,17.75,15.05
2021-08-17,0.03,34.78,15.85,18.68
2021-08-18,0.0,35.1,16.79,19.6
2021-08-19,0.08,33.76,16.21,20.67
2021-08-20,0.0,32.53,16.05,20.63
2021-08-21,0.0,32.72,14.87,20.29
2021-08-22,0.0,32.64,13.68,20.87
2021-08-23,0.0,34.42,15.26,20.4
2021-08-24,0.0,34.33,17.9,17.76
2021-08-25,0.02,36.18,17.94,19.29
2021-08-26,0.06,33.52,18.68,16.94
2021-08-27,3.19,29.13,16.37,8.3
2021-08-28,6.04,23.01,15.01,8.81
2021-08-29,0.82,23.82,15.44,13.69
2021-08-30,0.0,28.68,14.31,21.22
2021-08-31,0.0,29.3,14.5,21.99
2021-09-01,0.0,30.26,14.62,22.58
2021-09-02,0.0,29.92,13.87,20.8
2021-09-03,0.0,33.83,15.21,21.67
2021-09-04,0.0,35.54,15.93,22.4
2021-09-05,0.0,35.43,16.05,20.31
2021-09-06,0.0,36.85,17.06,22.75
2021-09-07,0.0,36.42,15.98,21.19
2021-09-08,0.15,37.39,17.95,16.21
2021-09-09,7.36,29.89,17.29,8.04
2021-09-10,0.88,28.27,15.49,10.47
2021-09-11,0.09,29.58,16.37,14.59
2021-09-12,0.0,36.31,15.79,21.55
2021-09-13,0.02,38.02,18.84,17.62
2021-09-14,6.9,36.97,19.05,10.3
2021-09-15,7.54,31.78,19.77,13.99
2021-09-16,0.03,33.13,17.65,13.33
2021-09-17,0.04,34.29,16.55,19.2
2021-09-18,0.0,36.88,18.94,21.57
2021-09-19,0.0,37.32,19.56,21.12
2021-09-20,0.0,38.79,20.94,21.46
2021-09-21,0.0,39.83,21.13,18.15
2021-09-22,0.01,28.21,15.25,20.49
2021-09-23,0.0,31.12,12.96,23.1
2021-09-24,0.0,33.97,13.75,23.52
2021-09-25,0.03,29.48,17.37,19.82
2021-09-26,1.38,33.4,17.87,17.23
2021-09-27,0.09,35.29,19.07,22.44
2021-09-28,0.06,37.11,18.23,23.92
2021-09-29,0.0,38.22,23.85,20.15
2021-09-30,0.98,35.45,17.96,24.36
2021-10-01,1.95,36.95,17.87,10.16
2021-10-02,4.54,31.23,20.49,7.9
2021-10-03,8.2,34.5,19.92,14.21
2021-10-04,11.11,30.87,19.97,9.24
2021-10-05,0.3,33.95,17.4,18.94
2021-10-06,7.41,35.44,16.2,23.42
2021-10-07,0.33,33.17,20.27,10.58
2021-10-08,0.0,33.35,16.4,25.67
2021-10-09,0.88,31.2,16.28,19.01
2021-10-10,5.4,27.18,16.43,6.01
2021-10-11,0.17,29.15,15.79,15.97
2021-10-12,0.0,32.44,15.94,24.8
2021-10-13,0.08,34.49,16.36,25.91
2021-10-14,2.31,33.39,17.42,11.8
2021-10-15,22.46,29.58,21.09,12.24
2021-10-16,3.84,31.86,21.03,16.63
2021-10-17,4.0,31.42,17.77,14.32
2021-10-18,2.32,25.04,17.31,10.99
2021-10-19,0.7,26.48,15.38,12.85
2021-10-20,0.13,28.83,13.55,26.49
2021-10-21,0.0,29.34,12.33,28.11
2021-10-22,0.0,32.15,12.89,29.86
2021-10-23,9.66,35.54,13.23,26.45
2021-10-24,22.45,24.3,15.78,11.03
2021-10-25,0.04,31.28,14.54,22.24
2021-10-26,0.17,30.14,16.77,24.9
2021-10-27,3.86,30.11,17.85,15.22
2021-10-28,0.9,27.3,19.13,17.92
2021-10-29,0.01,33.45,18.1,26.32
2021-10-30,2.79,32.23,17.76,24.7
2021-10-31,4.22,28.59,18.37,11.87
2021-11-01,0.09,31.44,17.43,19.24
2021-11-02,0.01,33.26,16.82,24.6
2021-11-03,0.0,34.33,17.09,28.71
2021-11-04,0.02,36.13,16.54,29.34
2021-11-05,0.15,36.03,18.73,26.48
2021-11-06,0.04,35.82,19.53,25.0
2021-11-07,0.0,36.56,18.9,28.51
2021-11-08,1.55,36.97,17.76,24.23
2021-11-09,0.06,36.41,17.76,27.28
2021-11-10,0.06,36.42,17.19,27.69
2021-11-11,0.97,30.67,17.92,11.12
2021-11-12,0.01,32.18,16.84,24.46
2021-11-13,0.0,31.63,13.54,27.94
2021-11-14,0.0,34.8,13.41,27.79
2021-11-15,0.34,34.97,16.39,26.85
2021-11-16,0.05,34.96,18.74,26.05
2021-11-17,0.85,35.63,20.32,22.96
2021-11-18,28.7,26.42,21.44,9.39
2021-11-19,13.5,29.09,20.23,16.51
2021-11-20,0.34,31.55,17.49,28.7
2021-11-21,0.0,32.66,14.0,31.4
2021-11-22,0.22,35.64,12.47,28.83
2021-11-23,0.0,37.74,13.81,29.24
2021-11-24,0.0,36.7,18.72,27.09
2021-11-25,1.18,37.69,18.95,26.64
2021-11-26,41.28,26.99,21.19,15.89
2021-11-27,0.64,31.37,19.06,31.46
2021-11-28,0.01,33.95,17.46,27.98
2021-11-29,12.24,31.94,20.84,20.93
2021-11-30,13.41,30.33,20.28,20.07
2021-12-01,0.28,33.58,19.14,29.05
2021-12-02,0.14,34.54,17.82,25.24
2021-12-03,0.11,33.42,17.51,29.58
2021-12-04,0.02,33.73,16.75,29.48
2021-12-05,1.44,34.64,17.71,28.47
2021-12-06,5.17,33.16,18.67,24.2
2021-12-07,4.71,29.52,16.49,22.11
2021-12-08,0.08,29.18,14.56,27.74
2021-12-09,0.0,31.82,13.13,32.67
2021-12-10,0.0,33.35,13.27,32.31
2021-12-11,0.0,34.01,15.24,30.5
2021-12-12,0.03,36.0,18.96,27.55
2021-12-13,10.01,31.99,21.68,17.63
2021-12-14,13.74,30.38,20.86,15.06
2021-12-15,21.36,29.88,21.34,14.47
2021-12-16,11.93,28.24,21.12,16.64
2021-12-17,13.61,31.69,21.07,15.05
2021-12-18,3.76,32.12,19.25,21.75
2021-12-19,0.01,30.42,16.38,29.66
2021-12-20,0.04,32.28,15.36,29.59
2021-12-21,0.0,33.37,16.52,29.5
2021-12-22,0.11,34.12,18.56,28.92
2021-12-23,2.6,31.12,19.12,21.07
2021-12-24,0.0,31.59,15.12,30.7
2021-12-25,0.0,33.06,15.05,31.55
2021-12-26,0.0,35.57,15.38,30.45
2021-12-27,2.15,33.92,19.84,28.73
2021-12-28,14.1,33.7,20.91,24.31
2021-12-29,18.89,27.19,20.38,24.77
2021-12-30,10.75,29.37,19.06,13.52
2021-12-31,1.68,30.15,18.13,24.31
2022-01-01,2.88,32.34,18.58,21.19
2022-01-02,4.18,30.69,20.35,21.45
2022-01-03,17.83,31.59,19.68,18.5
2022-01-04,16.89,30.82,20.71,15.89
2022-01-05,7.87,27.05,21.43,14.26
2022-01-06,8.48,27.34,20.33,18.76
2022-01-07,2.25,30.15,18.42,18.39
2022-01-08,0.01,30.59,16.93,22.97
2022-01-09,0.13,28.06,16.33,18.71
2022-01-10,12.02,30.14,16.34,20.52
2022-01-11,3.85,28.99,18.79,19.23
2022-01-12,14.2,27.74,18.48,21.0
2022-01-13,8.03,30.1,19.49,18.7
2022-01-14,0.86,32.86,19.39,25.83
2022-01-15,13.11,29.1,21.46,17.98
2022-01-16,3.67,27.4,19.72,11.6
2022-01-17,1.66,30.78,18.34,21.59
2022-01-18,13.62,31.17,20.58,25.24
2022-01-19,7.76,30.98,20.17,24.03
2022-01-20,3.17,33.19,19.83,28.18
2022-01-21,0.27,34.03,20.31,27.27
2022-01-22,0.28,35.77,20.82,29.39
2022-01-23,0.34,36.55,21.19,28.59
2022-01-24,0.67,36.6,22.04,29.21
2022-01-25,1.1,33.78,21.7,27.39
2022-01-26,4.56,34.14,22.06,26.31
2022-01-27,6.39,31.52,22.22,20.52
2022-01-28,26.16,27.88,20.66,14.45
2022-01-29,52.89,26.18,19.33,9.49
2022-01-30,34.81,26.94,20.46,6.44
2022-01-31,14.21,28.09,20.31,16.21
2022-02-01,9.76,28.87,19.75,16.95
2022-02-02,16.45,25.46,19.92,9.0
2022-02-03,21.46,26.95,19.59,17.51
2022-02-04,5.51,28.35,19.99,19.86
2022-02-05,5.32,27.82,21.01,19.72
2022-02-06,11.28,30.38,21.3,20.48
2022-02-07,2.68,30.84,20.73,23.98
2022-02-08,0.38,31.15,18.18,26.99
2022-02-09,0.03,30.57,16.8,28.83
2022-02-10,0.0,30.49,15.62,27.79
2022-02-11,4.71,30.76,17.44,26.15
2022-02-12,0.19,31.83,17.82,28.28
2022-02-13,0.0,32.07,17.71,28.81
2022-02-14,0.02,33.85,18.02,27.63
2022-02-15,2.58,32.57,19.91,24.95
2022-02-16,2.96,31.94,19.02,23.98
2022-02-17,1.62,31.41,18.99,26.2
2022-02-18,1.34,31.02,18.86,22.77
2022-02-19,0.77,30.69,17.38,25.66
2022-02-20,0.71,30.74,18.46,25.82
2022-02-21,0.1,32.06,18.64,25.45
2022-02-22,0.61,33.78,20.64,26.03
2022-02-23,2.54,33.03,21.75,24.85
2022-02-24,5.14,31.55,21.68,22.19
2022-02-25,0.71,32.09,21.12,24.98
2022-02-26,0.2,34.82,21.95,21.83
2022-02-27,0.85,34.03,19.12,25.8
2022-02-28,1.24,33.64,20.24,25.28
2022-03-01,1.93,32.43,21.03,12.18
2022-03-02,1.74,28.75,21.18,15.15
2022-03-03,2.72,31.75,20.15,23.44
2022-03-04,2.52,29.61,20.41,21.93
2022-03-05,2.39,32.71,19.12,24.53
2022-03-06,2.26,31.77,19.65,24.84
2022-03-07,0.32,33.15,19.84,24.43
2022-03-08,0.67,33.21,22.03,23.05
2022-03-09,9.59,25.58,21.02,21.71
2022-03-10,12.48,31.07,20.02,21.06
2022-03-11,7.78,29.17,21.09,19.98
2022-03-12,8.09,25.56,20.94,15.24
2022-03-13,6.85,27.28,19.02,13.07
2022-03-14,4.68,29.8,19.76,14.97
2022-03-15,2.11,31.11,20.35,15.11
2022-03-16,2.56,31.17,21.07,16.96
2022-03-17,0.7,30.52,21.22,20.76
2022-03-18,0.16,32.68,20.57,23.42
2022-03-19,6.28,29.9,21.08,13.31
2022-03-20,5.11,26.28,18.49,11.24
2022-03-21,0.02,28.24,17.37,23.88
2022-03-22,0.01,29.22,16.03,24.88
2022-03-23,0.02,30.38,16.76,23.36
2022-03-24,5.3,31.01,19.01,19.21
2022-03-25,12.64,29.9,21.13,13.1
2022-03-26,2.37,29.35,20.25,17.6
2022-03-27,1.71,27.78,19.94,10.61
2022-03-28,0.84,30.4,19.45,19.53
2022-03-29,0.05,31.91,18.2,24.07
2022-03-30,1.23,31.51,18.84,18.43
2022-03-31,19.7,29.71,17.19,15.8
2022-04-01,4.28,26.77,16.09,9.24
2022-04-02,0.07,29.07,16.49,18.81
2022-04-03,0.0,31.05,17.56,22.17
2022-04-04,0.92,31.07,19.51,20.71
2022-04-05,2.23,31.78,19.66,21.49
2022-04-06,0.09,31.55,19.58,21.64
2022-04-07,0.0,31.58,18.31,21.5
2022-04-08,1.1,32.23,18.39,17.81
2022-04-09,0.83,31.04,20.63,19.09
2022-04-10,0.0,32.18,19.84,20.29
2022-04-11,7.04,31.07,18.4,17.88
2022-04-12,6.87,29.62,19.59,15.45
2022-04-13,5.32,28.41,19.42,6.64
2022-04-14,2.57,28.92,17.93,16.37
2022-04-15,0.11,26.37,13.84,22.41
2022-04-16,0.0,25.11,10.61,22.61
2022-04-17,0.01,26.17,13.53,21.82
2022-04-18,0.01,27.81,13.22,18.86
2022-04-19,0.05,29.29,15.01,20.15
2022-04-20,0.0,29.79,15.65,19.94
2022-04-21,0.01,29.11,14.69,20.69
2022-04-22,0.01,30.22,15.82,19.77
2022-04-23,1.22,27.74,16.63,12.06
2022-04-24,0.03,31.46,17.45,20.11
2022-04-25,0.02,31.55,16.97,20.03
2022-04-26,0.08,32.38,17.36,16.45
2022-04-27,0.05,31.6,17.23,18.47
2022-04-28,0.04,31.42,17.76,18.63
2022-04-29,0.82,31.67,16.75,18.17
2022-04-30,0.38,29.7,17.58,18.32
2022-05-01,0.28,30.32,16.78,9.11
2022-05-02,0.12,31.19,16.26,16.63
2022-05-03,0.1,31.11,16.48,17.72
2022-05-04,4.57,21.87,13.2,13.31
2022-05-05,0.23,25.37,11.62,9.34
2022-05-06,0.02,26.68,13.52,18.06
2022-05-07,0.02,26.39,11.69,18.85
2022-05-08,0.0,28.08,12.38,18.18
2022-05-09,0.0,28.79,14.73,16.41
2022-05-10,1.58,28.68,14.93,16.64
2022-05-11,5.51,25.58,14.85,10.85
2022-05-12,0.19,27.07,13.8,14.9
2022-05-13,0.07,27.64,12.13,18.19
2022-05-14,0.03,28.6,13.26,16.14
2022-05-15,7.09,26.19,15.55,6.93
2022-05-16,0.07,24.01,13.2,13.91
2022-05-17,0.01,16.91,8.02,19.04
2022-05-18,0.01,14.83,5.75,8.11
2022-05-19,0.03,19.47,7.15,17.58
2022-05-20,0.01,20.6,4.64,18.01
2022-05-21,0.02,22.7,5.06,16.67
2022-05-22,0.0,24.43,6.8,17.56
2022-05-23,0.0,25.55,10.08,15.71
2022-05-24,0.0,27.45,10.29,16.76
2022-05-25,0.0,26.74,10.91,17.1
2022-05-26,0.0,26.66,10.8,13.67
2022-05-27,0.01,26.99,12.87,14.87
2022-05-28,0.0,28.11,13.71,16.18
2022-05-29,0.08,28.7,13.22,16.18
2022-05-30,8.62,27.72,15.46,8.07
2022-05-31,15.67,25.29,17.01,4.61
2022-06-01,1.86,26.59,16.08,9.87
2022-06-02,2.51,26.73,17.0,11.04
2022-06-03,0.15,26.47,15.83,7.04
2022-06-04,0.0,24.85,13.23,16.12
2022-06-05,0.0,27.47,13.22,14.67
2022-06-06,0.04,27.53,14.07,13.65
2022-06-07,0.38,27.99,13.97,13.03
2022-06-08,2.07,22.5,16.55,9.52
2022-06-09,3.32,26.1,14.85,7.12
2022-06-10,1.79,22.53,16.17,9.04
2022-06-11,0.03,22.35,11.25,12.88
2022-06-12,0.0,18.94,8.24,14.11
2022-06-13,0.02,21.85,6.79,16.25
2022-06-14,0.01,22.82,8.75,16.16
2022-06-15,0.01,25.54,10.95,9.61
2022-06-16,0.0,28.5,10.88,15.94
2022-06-17,0.55,28.65,12.23,15.44
2022-06-18,13.27,23.41,12.64,11.3
2022-06-19,2.0,23.87,11.81,12.33
2022-06-20,1.72,24.38,12.85,8.39
2022-06-21,0.17,27.87,13.86,15.21
2022-06-22,0.02,27.75,14.18,15.26
2022-06-23,0.0,29.05,13.76,15.7
2022-06-24,0.02,28.79,11.46,15.15
2022-06-25,0.0,28.42,11.36,15.34
2022-06-26,0.0,24.42,13.66,14.99
2022-06-27,0.0,25.87,11.95,14.98
2022-06-28,0.01,27.14,12.39,15.1
2022-06-29,0.26,26.48,13.88,14.6
2022-06-30,0.0,26.52,10.67,16.08
2022-07-01,0.02,27.35,10.62,15.84
2022-07-02,0.0,28.73,12.13,15.79
2022-07-03,0.01,30.31,12.88,16.01
2022-07-04,0.01,29.24,11.74,16.29
2022-07-05,0.02,28.18,10.37,16.39
2022-07-06,0.0,26.6,10.64,14.4
2022-07-07,0.02,28.22,11.78,15.79
2022-07-08,0.0,29.1,12.83,14.6
2022-07-09,0.01,28.02,13.52,16.1
2022-07-10,0.0,28.09,12.81,14.87
2022-07-11,0.0,27.73,14.64,15.85
2022-07-12,0.46,26.27,12.91,10.15
2022-07-13,0.99,24.91,15.14,8.61
2022-07-14,0.01,28.7,14.29,15.59
2022-07-15,0.0,28.65,15.54,14.99
2022-07-16,0.0,29.82,16.06,14.26
2022-07-17,0.0,29.89,17.96,14.18
2022-07-18,0.0,30.69,16.15,14.22
2022-07-19,0.0,30.49,15.37,15.69
2022-07-20,0.0,29.34,15.92,16.53
2022-07-21,0.01,29.89,14.91,16.18
2022-07-22,0.0,29.68,13.55,16.95
2022-07-23,0.0,30.23,12.38,16.98
2022-07-24,0.0,30.4,12.68,16.03
2022-07-25,0.0,30.65,13.49,17.27
2022-07-26,0.0,30.54,13.68,17.32
2022-07-27,0.0,30.01,14.44,16.87
2022-07-28,0.0,30.5,15.57,16.65
2022-07-29,0.37,26.7,12.5,10.04
2022-07-30,0.27,26.58,9.14,18.61
2022-07-31,0.01,28.28,9.01,18.16
2022-08-01,0.0,29.5,12.81,13.56
2022-08-02,0.0,31.59,14.47,17.18
2022-08-03,0.0,31.22,14.0,17.73
2022-08-04,0.0,30.97,15.65,15.57
2022-08-05,0.0,29.36,16.52,14.67
2022-08-06,0.0,26.83,15.77,13.48
2022-08-07,3.07,28.16,16.05,6.34
2022-08-08,4.52,27.1,16.34,8.47
2022-08-09,10.31,22.8,15.97,4.78
2022-08-10,8.93,17.48,9.14,13.84
2022-08-11,0.04,22.25,8.4,18.32
2022-08-12,0.08,24.57,10.48,20.11
2022-08-13,0.02,28.79,9.35,19.84
2022-08-14,0.33,30.36,10.46,19.75
2022-08-15,0.0,30.46,13.32,19.87
2022-08-16,6.44,30.23,14.86,14.36
2022-08-17,6.86,27.33,15.58,3.88
2022-08-18,1.91,28.85,14.1,3.27
2022-08-19,0.37,22.01,8.38,10.9
2022-08-20,1.13,17.64,7.11,13.43
2022-08-21,1.11,24.47,11.5,8.55
2022-08-22,0.01,27.73,11.84,19.93
2022-08-23,0.0,27.62,11.72,20.17
2022-08-24,0.0,28.78,12.88,18.96
2022-08-25,0.01,28.44,14.88,18.23
2022-08-26,0.03,29.84,14.66,19.15
2022-08-27,0.0,31.99,15.15,21.07
2022-08-28,0.0,33.4,17.65,20.57
2022-08-29,0.0,23.85,11.5,18.94
2022-08-30,0.0,23.05,10.95,15.69
2022-08-31,0.01,28.05,10.82,20.71
2022-09-01,0.0,30.83,10.79,22.05
2022-09-02,0.0,32.59,13.52,21.44
2022-09-03,1.3,33.32,16.2,17.36
2022-09-04,0.04,25.85,12.46,16.8
2022-09-05,3.57,28.62,11.95,10.45
2022-09-06,8.62,26.64,13.79,12.45
2022-09-07,4.07,30.33,15.4,15.0
2022-09-08,0.02,33.66,16.27,20.01
2022-09-09,0.02,35.64,17.73,20.19
2022-09-10,0.02,33.97,17.23,19.59
2022-09-11,0.01,30.91,15.91,17.85
2022-09-12,0.2,29.24,13.74,9.89
2022-09-13,0.86,33.36,16.23,11.53
2022-09-14,9.07,28.74,17.7,4.53
2022-09-15,2.04,25.4,15.01,7.24
2022-09-16,0.01,27.34,13.84,20.68
2022-09-17,0.02,25.78,11.74,25.55
2022-09-18,0.0,29.72,10.72,24.96
2022-09-19,0.0,34.18,11.38,22.75
2022-09-20,3.54,28.57,16.13,12.58
2022-09-21,15.03,30.36,17.21,7.35
2022-09-22,7.53,27.75,15.52,7.26
2022-09-23,0.01,24.47,11.74,26.35
2022-09-24,0.02,28.87,10.15,25.99
2022-09-25,0.33,29.73,11.65,22.14
2022-09-26,11.52,29.62,15.14,7.61
2022-09-27,3.26,26.12,18.65,8.79
2022-09-28,22.44,22.86,14.22,4.55
2022-09-29,2.39,23.58,13.4,15.17
2022-09-30,2.51,25.35,13.13,4.83
2022-10-01,0.99,29.31,15.24,21.45
2022-10-02,2.12,30.06,15.85,20.54
2022-10-03,5.84,29.12,15.57,13.99
2022-10-04,0.59,30.0,16.17,21.17
2022-10-05,0.01,33.44,15.53,24.9
2022-10-06,25.04,32.98,17.37,19.51
2022-10-07,5.01,26.0,15.05,18.23
2022-10-08,0.0,29.99,14.06,25.53
2022-10-09,0.44,29.68,15.8,17.43
2022-10-10,0.7,26.42,18.46,12.66
2022-10-11,4.07,28.13,18.1,14.72
2022-10-12,5.96,25.01,18.91,7.64
2022-10-13,0.08,32.01,17.38,15.43
2022-10-14,0.13,34.48,17.38,22.3
2022-10-15,0.04,30.34,16.16,19.13
2022-10-16,0.6,32.36,17.4,22.01
2022-10-17,3.21,30.9,18.7,21.67
2022-10-18,5.88,28.19,17.77,6.05
2022-10-19,0.54,31.29,18.48,21.91
2022-10-20,3.55,34.6,17.9,16.6
2022-10-21,12.27,30.13,20.4,11.67
2022-10-22,0.01,31.16,18.02,28.19
2022-10-23,0.0,32.78,15.76,28.88
2022-10-24,0.0,33.93,15.94,29.18
2022-10-25,0.0,33.69,16.27,29.62
2022-10-26,0.0,34.62,15.05,29.29
2022-10-27,0.0,35.84,19.63,22.32
2022-10-28,0.24,33.92,20.35,24.81
2022-10-29,21.34,34.14,20.11,22.7
2022-10-30,9.68,31.5,20.17,23.53
2022-10-31,3.88,32.02,20.94,9.67
2022-11-01,3.97,24.94,14.51,12.37
2022-11-02,0.06,19.75,12.61,13.77
2022-11-03,0.0,23.41,11.45,21.49
2022-11-04,0.0,26.66,9.69,29.21
2022-11-05,0.01,28.34,11.43,28.96
2022-11-06,0.0,28.15,12.22,24.88
2022-11-07,0.0,28.79,12.04,29.74
2022-11-08,0.01,29.51,11.83,28.44
2022-11-09,0.0,32.18,13.26,28.85
2022-11-10,0.02,34.74,14.7,29.45
2022-11-11,2.26,33.74,16.81,8.46
2022-11-12,0.44,32.16,18.24,24.14
2022-11-13,13.48,32.15,17.96,21.01
2022-11-14,0.43,32.49,20.25,22.91
2022-11-15,0.01,32.84,17.9,28.96
2022-11-16,0.0,34.26,15.68,30.19
2022-11-17,0.0,33.2,14.79,31.21
2022-11-18,0.04,33.67,12.86,29.8
2022-11-19,3.23,33.69,15.56,27.8
2022-11-20,0.66,34.13,17.08,28.75
2022-11-21,2.8,33.72,18.68,22.27
2022-11-22,3.52,28.78,19.74,12.09
2022-11-23,1.86,31.67,19.15,22.16
2022-11-24,1.53,33.19,19.53,26.59
2022-11-25,0.17,31.56,16.76,29.34
2022-11-26,0.0,32.89,14.8,28.44
2022-11-27,2.16,33.23,17.48,27.33
2022-11-28,3.74,28.31,17.74,23.14
2022-11-29,14.22,29.64,17.62,23.53
2022-11-30,6.55,30.52,17.93,21.52
2022-12-01,2.36,32.47,18.29,25.31
2022-12-02,5.73,30.17,20.51,20.2
2022-12-03,12.9,29.71,20.32,13.87
2022-12-04,12.53,25.26,20.86,12.2
2022-12-05,12.26,28.11,20.41,8.39
2022-12-06,13.49,30.61,19.54,14.92
2022-12-07,6.51,31.85,20.19,21.28
2022-12-08,0.51,32.86,19.09,29.28
2022-12-09,1.06,35.7,20.75,27.8
2022-12-10,0.59,35.12,21.0,25.77
2022-12-11,2.11,34.18,21.01,21.31
2022-12-12,11.17,30.05,21.32,13.97
2022-12-13,21.27,26.74,18.67,13.45
2022-12-14,0.74,28.35,16.39,24.04
2022-12-15,0.02,30.89,14.61,28.11
2022-12-16,0.02,32.22,16.91,28.8
2022-12-17,0.03,32.61,17.56,30.17
2022-12-18,0.42,32.33,17.83,18.81
2022-12-19,3.26,27.13,18.81,11.34
2022-12-20,0.67,31.96,17.53,22.81
2022-12-21,0.03,31.09,17.03,24.78
2022-12-22,0.0,31.14,16.27,29.03
2022-12-23,4.57,32.1,16.18,28.07
2022-12-24,6.13,32.57,17.06,27.94
2022-12-25,4.93,31.8,18.71,20.12
2022-12-26,9.89,31.44,20.23,15.49
2022-12-27,3.23,32.76,21.04,21.64
2022-12-28,13.9,31.08,21.08,18.69
2022-12-29,9.21,29.73,20.85,17.85
2022-12-30,3.46,32.2,19.65,23.68
2022-12-31,1.25,32.33,19.5,19.97
2023-01-01,1.93,33.22,19.93,25.19
2023-01-02,8.36,31.76,20.21,19.44
2023-01-03,8.08,29.97,20.0,17.52
2023-01-04,17.62,25.88,20.34,7.58
2023-01-05,8.23,26.49,17.18,9.56
2023-01-06,0.01,29.76,15.58,15.46
2023-01-07,0.0,28.2,15.24,16.04
2023-01-08,0.05,29.78,15.42,16.95
2023-01-09,1.65,28.43,18.22,14.99
2023-01-10,17.09,25.83,19.8,14.55
2023-01-11,8.51,27.44,20.68,20.59
2023-01-12,5.48,28.26,18.74,20.43
2023-01-13,10.94,26.9,19.57,21.96
2023-01-14,7.58,29.75,20.14,20.13
2023-01-15,1.48,29.42,20.81,22.88
2023-01-16,8.71,29.35,21.04,19.77
2023-01-17,5.09,32.73,20.58,26.03
2023-01-18,6.92,32.71,20.16,25.58
2023-01-19,9.71,27.5,20.27,21.56
2023-01-20,1.79,30.2,19.81,18.44
2023-01-21,2.99,28.57,20.14,19.21
2023-01-22,2.81,26.72,20.99,22.08
2023-01-23,1.49,28.55,20.16,20.85
2023-01-24,0.68,31.59,20.0,24.26
2023-01-25,0.05,34.15,19.57,29.81
2023-01-26,0.1,33.9,17.92,28.6
2023-01-27,0.09,34.33,18.56,27.41
2023-01-28,4.72,32.43,20.1,15.97
2023-01-29,17.83,30.66,20.91,22.01
2023-01-30,13.14,26.46,21.18,15.66
2023-01-31,14.98,27.18,20.41,13.43
2023-02-01,2.9,26.6,20.26,16.94
2023-02-02,17.44,28.83,19.54,20.54
2023-02-03,9.56,28.63,21.21,16.25
2023-02-04,7.35,29.27,20.71,20.92
2023-02-05,3.28,28.74,20.62,19.02
2023-02-06,4.32,29.15,20.61,18.67
2023-02-07,9.66,30.25,19.76,16.49
2023-02-08,0.95,31.78,19.3,26.01
2023-02-09,0.19,33.34,19.47,25.39
2023-02-10,6.71,27.81,20.94,19.16
2023-02-11,20.61,25.78,20.4,10.74
2023-02-12,13.83,28.73,19.36,16.78
2023-02-13,14.53,27.48,19.74,23.76
2023-02-14,1.99,30.49,20.21,23.44
2023-02-15,2.62,29.93,19.85,18.88
2023-02-16,10.99,27.64,21.59,18.08
2023-02-17,17.61,28.74,21.48,12.96
2023-02-18,12.53,30.4,18.74,16.85
2023-02-19,5.21,23.3,16.49,12.58
2023-02-20,8.83,28.56,16.91,15.53
2023-02-21,2.44,27.17,18.97,9.7
2023-02-22,1.64,30.85,18.6,25.17
2023-02-23,7.67,27.48,19.33,11.89
2023-02-24,1.42,29.14,19.12,19.2
2023-02-25,0.17,30.39,19.92,25.07
2023-02-26,0.7,30.01,19.75,16.27
2023-02-27,0.12,32.2,20.18,21.83
2023-02-28,6.6,26.08,19.95,15.72
2023-03-01,0.76,30.25,19.1,17.63
2023-03-02,0.51,31.18,20.41,25.2
2023-03-03,4.08,31.14,19.35,24.75
2023-03-04,14.5,30.6,20.04,16.18
2023-03-05,3.77,29.89,20.0,20.45
2023-03-06,6.77,29.95,20.62,21.89
2023-03-07,2.41,29.61,20.13,24.42
2023-03-08,0.05,30.76,19.47,23.91
2023-03-09,3.73,25.93,20.66,21.13
2023-03-10,16.1,25.77,20.01,5.15
2023-03-11,6.65,28.73,18.3,14.26
2023-03-12,5.64,29.02,18.42,13.82
2023-03-13,2.46,26.25,19.67,12.51
2023-03-14,10.71,28.13,19.55,15.84
2023-03-15,5.22,28.52,19.94,13.6
2023-03-16,2.39,29.11,19.6,18.47
2023-03-17,0.4,28.91,19.17,17.71
2023-03-18,0.06,30.78,18.43,23.32
2023-03-19,3.01,29.73,19.18,20.11
2023-03-20,3.26,31.29,19.38,22.95
2023-03-21,6.77,30.88,20.31,23.73
2023-03-22,0.09,31.91,19.21,23.41
2023-03-23,0.11,31.74,19.57,22.83
2023-03-24,0.07,32.97,19.51,20.91
2023-03-25,0.34,32.16,20.08,21.65
2023-03-26,0.91,32.38,21.39,20.2
2023-03-27,2.28,32.1,20.82,19.4
2023-03-28,2.27,30.87,18.18,19.01
2023-03-29,4.48,30.79,19.91,21.07
2023-03-30,2.07,30.05,19.42,21.77
2023-03-31,0.34,30.71,20.16,21.81
2023-04-01,0.01,32.07,19.21,23.37
2023-04-02,0.0,30.91,17.52,23.48
2023-04-03,0.03,30.28,16.24,23.06
2023-04-04,0.07,31.4,16.5,22.45
2023-04-05,0.17,31.28,17.23,21.38
2023-04-06,3.11,29.65,17.22,19.32
2023-04-07,6.05,24.54,18.69,12.01
2023-04-08,0.37,28.19,18.46,10.38
2023-04-09,0.08,28.39,18.39,14.4
2023-04-10,0.0,29.24,16.7,20.32
2023-04-11,0.02,29.67,15.16,20.97
2023-04-12,0.1,29.38,17.92,15.08
2023-04-13,5.09,29.33,19.41,16.79
2023-04-14,3.44,26.74,19.55,9.26
2023-04-15,0.22,30.05,18.61,17.42
2023-04-16,0.48,30.57,17.51,20.95
2023-04-17,2.32,29.53,18.24,13.06
2023-04-18,5.32,28.69,21.36,5.47
2023-04-19,2.93,25.28,14.07,19.4
2023-04-20,0.0,23.63,11.75,21.0
2023-04-21,0.05,24.54,9.82,21.64
2023-04-22,0.02,27.86,13.63,19.25
2023-04-23,0.01,28.25,14.9,19.05
2023-04-24,0.02,28.62,15.0,19.72
2023-04-25,3.91,27.05,14.9,10.56
2023-04-26,5.33,27.12,15.85,12.5
2023-04-27,3.45,26.48,16.89,7.13
2023-04-28,0.41,26.75,15.63,13.45
2023-04-29,0.01,27.62,14.45,18.45
2023-04-30,0.05,28.1,14.84,18.86
2023-05-01,0.04,28.55,13.55,17.53
2023-05-02,0.08,28.57,14.3,18.28
2023-05-03,0.04,29.72,14.61,17.87
2023-05-04,0.05,30.21,15.13,18.33
2023-05-05,0.06,31.19,16.32,18.56
2023-05-06,0.08,30.77,17.57,16.67
2023-05-07,0.05,29.82,17.77,16.45
2023-05-08,0.02,30.08,15.98,16.85
2023-05-09,0.03,30.71,17.56,13.24
2023-05-10,2.87,26.24,18.7,12.47
2023-05-11,0.08,27.16,13.65,15.51
2023-05-12,0.06,25.7,11.55,17.71
2023-05-13,0.05,24.77,11.68,18.58
2023-05-14,0.03,25.64,9.7,18.52
2023-05-15,0.05,26.44,9.42,18.66
2023-05-16,0.06,27.31,9.75,18.57
2023-05-17,0.06,25.49,11.29,18.58
2023-05-18,0.01,26.13,10.71,18.38
2023-05-19,0.03,27.09,10.98,17.47
2023-05-20,0.08,27.08,10.34,15.0
2023-05-21,0.04,26.62,10.33,16.3
2023-05-22,0.03,25.75,13.06,11.17
2023-05-23,0.02,27.71,11.42,16.93
2023-05-24,0.03,27.0,12.81,16.66
2023-05-25,0.01,27.73,13.7,16.2
2023-05-26,0.0,28.07,14.21,15.69
2023-05-27,0.51,28.9,12.76,15.93
2023-05-28,1.92,22.48,16.79,6.84
2023-05-29,0.03,25.44,15.28,15.24
2023-05-30,13.2,20.93,14.6,5.63
2023-05-31,1.03,24.34,15.69,8.03
2023-06-01,0.05,25.47,13.71,9.26
2023-06-02,0.07,25.44,12.96,16.61
2023-06-03,0.07,26.76,12.42,16.69
2023-06-04,0.09,26.83,11.37,16.63
2023-06-05,0.06,26.49,10.18,16.51
2023-06-06,0.03,25.46,12.54,16.27
2023-06-07,0.04,26.42,10.57,15.89
2023-06-08,0.04,26.58,10.43,15.68
2023-06-09,0.06,27.08,11.37,16.14
2023-06-10,0.04,28.23,14.42,16.03
2023-06-11,0.02,28.6,13.72,15.15
2023-06-12,0.19,29.4,14.44,12.4
2023-06-13,21.92,21.75,15.43,4.83
2023-06-14,16.01,20.69,14.23,2.39
2023-06-15,19.37,16.54,11.67,3.66
2023-06-16,0.17,17.56,7.02,15.27
2023-06-17,0.09,19.28,6.09,14.76
2023-06-18,0.06,21.03,6.08,16.24
2023-06-19,0.06,22.4,8.98,16.47
2023-06-20,0.04,24.48,9.3,15.95
2023-06-21,0.08,25.37,9.45,15.7
2023-06-22,0.03,24.92,10.81,15.48
2023-06-23,0.02,25.49,11.67,14.37
2023-06-24,0.03,27.01,11.7,15.68
2023-06-25,0.05,27.79,11.3,15.84
2023-06-26,0.04,26.95,10.72,15.96
2023-06-27,0.04,26.44,10.79,16.07
2023-06-28,0.03,26.8,11.33,15.28
2023-06-29,0.02,26.21,11.75,15.43
2023-06-30,0.0,26.18,13.25,15.69
2023-07-01,0.0,27.0,12.83,15.37
2023-07-02,0.01,26.74,12.51,15.97
2023-07-03,0.02,24.51,13.26,16.23
2023-07-04,0.01,24.28,10.59,16.42
2023-07-05,0.03,25.94,9.35,16.12
2023-07-06,0.01,25.62,9.28,16.19
2023-07-07,0.08,26.88,9.42,15.67
2023-07-08,1.5,27.53,12.33,14.55
2023-07-09,4.07,26.22,16.28,8.64
2023-07-10,0.75,28.96,15.84,11.46
2023-07-11,0.0,30.08,14.88,15.41
2023-07-12,0.0,28.56,13.8,13.03
2023-07-13,0.77,23.35,13.61,15.43
2023-07-14,0.02,21.17,8.23,17.6
2023-07-15,0.0,23.13,7.19,17.57
2023-07-16,0.0,23.93,7.31,12.58
2023-07-17,0.01,27.55,13.49,10.46
2023-07-18,0.0,27.44,13.57,12.39
2023-07-19,0.0,25.11,13.34,13.69
2023-07-20,0.0,27.33,13.09,16.48
2023-07-21,0.0,27.98,13.45,16.69
2023-07-22,0.0,27.05,13.2,16.62
2023-07-23,0.0,28.28,12.4,14.09
2023-07-24,0.0,28.96,12.34,14.76
2023-07-25,0.0,27.88,12.41,12.09
2023-07-26,0.01,29.56,16.22,15.32
2023-07-27,0.0,30.62,14.26,15.96
2023-07-28,0.11,30.35,15.52,14.56
2023-07-29,0.36,27.51,14.55,15.96
2023-07-30,0.0,27.0,11.42,17.51
2023-07-31,0.0,28.02,11.1,16.25
2023-08-01,0.02,29.37,10.86,17.51
2023-08-02,0.04,31.06,11.03,18.39
2023-08-03,0.0,31.46,12.88,18.64
2023-08-04,0.0,30.8,11.7,18.76
2023-08-05,0.02,31.35,11.53,18.82
2023-08-06,0.0,32.06,12.12,18.69
2023-08-07,0.01,32.79,12.96,17.99
2023-08-08,1.28,29.49,15.41,13.35
2023-08-09,0.22,30.46,14.24,15.04
2023-08-10,0.03,32.65,14.42,18.33
2023-08-11,0.07,33.67,17.44,17.78
2023-08-12,0.0,34.37,16.37,14.54
2023-08-13,0.03,29.5,16.75,9.1
2023-08-14,0.0,31.01,13.79,11.47
2023-08-15,0.01,30.47,15.8,13.99
2023-08-16,0.42,29.53,17.49,13.84
2023-08-17,0.01,31.23,16.15,17.9
2023-08-18,0.08,32.45,16.02,18.21
2023-08-19,1.78,28.69,16.87,9.08
2023-08-20,0.04,26.71,15.54,14.65
2023-08-21,0.01,29.64,15.35,19.31
2023-08-22,0.0,33.31,15.26,20.32
2023-08-23,0.0,35.33,18.12,18.14
2023-08-24,0.48,34.05,21.15,15.17
2023-08-25,2.81,33.76,21.55,15.76
2023-08-26,5.84,21.03,13.43,8.98
2023-08-27,0.43,20.3,11.77,7.13
2023-08-28,0.06,26.16,11.61,19.34
2023-08-29,0.15,24.02,12.64,15.37
2023-08-30,0.5,27.88,14.91,19.51
2023-08-31,0.92,30.67,13.58,13.29
2023-09-01,0.0,32.32,14.26,19.84
2023-09-02,1.35,33.91,17.13,16.17
2023-09-03,0.92,31.64,20.34,18.99
2023-09-04,3.48,34.91,20.84,17.6
2023-09-05,2.45,34.01,19.74,15.89
2023-09-06,0.01,27.86,16.13,18.73
2023-09-07,0.0,31.47,16.58,20.83
2023-09-08,0.08,34.12,16.68,21.53
2023-09-09,2.41,29.04,17.65,3.42
2023-09-10,0.33,33.66,15.72,20.47
2023-09-11,0.02,35.34,17.15,23.36
2023-09-12,0.01,35.38,16.28,23.72
2023-09-13,0.3,35.36,17.96,21.94
2023-09-14,2.9,25.48,13.03,5.36
2023-09-15,0.08,30.36,10.34,24.62
2023-09-16,0.03,33.86,11.96,24.34
2023-09-17,0.01,37.02,16.26,22.65
2023-09-18,4.83,35.16,21.9,19.18
2023-09-19,0.56,36.54,19.84,22.12
2023-09-20,0.5,37.31,19.4,23.11
2023-09-21,0.0,38.0,19.37,23.2
2023-09-22,0.0,39.24,20.32,21.46
2023-09-23,0.0,39.2,23.38,21.77
2023-09-24,0.0,40.7,21.86,23.21
2023-09-25,0.01,40.16,23.6,20.01
2023-09-26,0.7,37.65,22.0,19.64
2023-09-27,0.4,39.64,23.9,20.15
2023-09-28,0.02,33.33,18.56,18.41
2023-09-29,0.0,33.7,16.28,19.9
2023-09-30,2.26,36.65,17.69,20.35
2023-10-01,4.73,31.13,21.16,16.42
2023-10-02,0.88,33.11,18.92,12.79
2023-10-03,0.97,36.02,22.08,21.7
2023-10-04,7.35,36.41,23.32,11.33
2023-10-05,0.77,37.48,22.01,17.11
2023-10-06,2.9,37.05,22.81,20.52
2023-10-07,18.08,35.08,23.65,13.68
2023-10-08,10.87,32.71,16.66,11.73
2023-10-09,17.0,31.03,19.47,20.24
2023-10-10,0.04,32.57,16.19,27.55
2023-10-11,0.04,36.89,15.82,27.5
2023-10-12,17.11,35.94,21.99,18.88
2023-10-13,2.06,32.82,17.5,8.78
2023-10-14,0.01,26.39,15.71,15.55
2023-10-15,0.03,35.73,16.27,25.01
2023-10-16,10.99,35.46,18.79,25.78
2023-10-17,3.68,33.0,21.1,11.36
2023-10-18,0.81,31.13,19.92,20.92
2023-10-19,2.55,32.79,17.03,15.71
2023-10-20,0.09,33.37,16.59,20.21
2023-10-21,0.01,34.31,16.69,27.69
2023-10-22,0.0,36.35,15.31,28.07
2023-10-23,0.0,37.83,18.27,27.01
2023-10-24,0.05,38.41,23.06,17.28
2023-10-25,1.54,33.24,22.03,19.07
2023-10-26,1.41,32.58,22.2,15.78
2023-10-27,10.63,31.3,20.14,11.9
2023-10-28,5.61,34.82,20.11,15.7
2023-10-29,7.31,30.88,21.44,10.65
2023-10-30,5.12,34.6,20.48,13.05
2023-10-31,15.1,32.02,22.04,9.72
2023-11-01,0.62,31.21,20.38,15.57
2023-11-02,0.0,34.45,17.81,26.28
2023-11-03,8.51,35.9,19.76,18.26
2023-11-04,0.26,28.97,15.46,28.92
2023-11-05,0.02,34.52,12.87,31.19
2023-11-06,0.0,33.75,13.1,30.98
2023-11-07,0.05,35.94,13.65,30.3
2023-11-08,2.49,37.17,16.43,28.34
2023-11-09,6.25,37.25,21.53,21.24
2023-11-10,0.83,36.42,21.99,22.15
2023-11-11,0.0,39.56,22.06,28.54
2023-11-12,0.0,41.17,23.77,28.07
2023-11-13,1.15,39.94,25.21,26.82
2023-11-14,0.77,40.87,22.68,27.26
2023-11-15,2.23,39.78,21.4,26.06
2023-11-16,2.25,40.52,21.98,24.0
2023-11-17,0.12,40.98,24.25,22.98
2023-11-18,1.16,39.63,25.36,23.6
2023-11-19,18.55,37.19,20.81,13.29
2023-11-20,0.08,32.27,19.38,15.9
2023-11-21,1.16,35.89,19.21,24.44
2023-11-22,11.42,33.91,21.9,21.69
2023-11-23,12.79,33.26,22.05,13.86
2023-11-24,1.97,28.64,17.96,10.93
2023-11-25,0.14,30.07,15.97,23.86
2023-11-26,0.34,27.98,16.24,16.16
2023-11-27,2.94,32.25,18.92,18.56
2023-11-28,9.08,32.32,21.06,18.37
2023-11-29,13.43,31.96,19.96,20.98
2023-11-30,0.2,34.14,20.75,25.85
2023-12-01,0.78,35.27,23.14,27.65
2023-12-02,1.05,38.8,22.02,28.49
2023-12-03,0.92,38.36,24.52,29.24
2023-12-04,11.9,32.39,23.84,24.3
2023-12-05,3.12,32.78,21.56,19.35
2023-12-06,1.73,35.28,21.84,26.08
2023-12-07,7.02,35.81,21.64,25.76
2023-12-08,0.69,34.72,22.41,26.93
2023-12-09,0.05,35.1,19.59,29.16
2023-12-10,0.94,33.26,18.73,23.0
2023-12-11,1.8,32.85,20.24,25.7
2023-12-12,0.08,34.75,18.48,30.03
2023-12-13,0.0,37.18,16.62,31.61
2023-12-14,0.0,39.66,18.48,31.2
2023-12-15,1.17,40.67,20.28,28.37
2023-12-16,0.17,39.8,21.03,26.88
2023-12-17,2.12,38.53,22.82,27.19
2023-12-18,6.61,38.51,22.23,26.87
2023-12-19,0.05,37.35,20.68,26.87
2023-12-20,0.0,30.85,19.74,29.63
2023-12-21,1.75,33.26,20.35,26.61
2023-12-22,5.8,35.27,20.75,23.05
2023-12-23,13.59,33.06,22.92,18.35
2023-12-24,0.06,34.77,21.12,28.31
2023-12-25,0.01,36.6,22.26,27.82
2023-12-26,0.02,35.31,22.33,25.36
2023-12-27,0.0,36.66,19.38,29.54
2023-12-28,0.0,37.58,18.15,31.66
2023-12-29,0.09,38.56,21.06,26.7
2023-12-30,2.97,34.67,23.68,18.42
2023-12-31,0.02,33.55,20.09,28.69
2024-01-01,0.0,36.33,19.92,26.83
2024-01-02,0.68,35.49,20.68,20.01
2024-01-03,1.34,35.73,21.14,24.46
2024-01-04,0.16,37.09,20.75,28.14
2024-01-05,0.1,35.99,19.28,26.26
2024-01-06,0.01,37.75,19.79,27.23
2024-01-07,1.74,38.36,20.7,25.71
2024-01-08,2.02,38.99,23.39,27.05
2024-01-09,8.34,36.7,23.32,26.98
2024-01-10,0.9,36.88,22.14,23.47
2024-01-11,6.06,33.23,22.36,14.94
2024-01-12,7.18,32.77,21.7,18.11
2024-01-13,3.58,33.93,20.27,16.33
2024-01-14,2.28,34.76,20.29,27.4
2024-01-15,0.41,34.7,21.63,20.74
2024-01-16,0.02,36.46,21.97,25.07
2024-01-17,0.98,36.84,23.24,25.28
2024-01-18,6.1,36.77,23.88,26.9
2024-01-19,10.29,35.21,23.52,19.66
2024-01-20,6.09,34.17,22.27,11.85
2024-01-21,0.51,32.81,22.09,21.68
2024-01-22,0.63,32.59,20.36,19.7
2024-01-23,7.23,27.56,18.76,7.59
2024-01-24,0.68,32.49,17.85,23.1
2024-01-25,0.11,28.84,17.3,21.47
2024-01-26,0.3,30.44,15.5,23.62
2024-01-27,1.34,32.02,15.74,26.68
2024-01-28,3.14,32.74,19.38,25.51
2024-01-29,2.01,35.3,17.43,23.5
2024-01-30,4.91,36.33,21.4,25.17
2024-01-31,12.26,33.96,21.73,23.08
2024-02-01,0.11,34.89,18.01,27.27
2024-02-02,2.32,34.85,19.37,24.87
2024-02-03,0.44,34.4,19.9,18.66
2024-02-04,0.55,31.72,20.73,21.63
2024-02-05,0.01,36.28,20.45,23.41
2024-02-06,0.07,35.54,21.63,22.71
2024-02-07,0.79,31.54,22.8,18.22
2024-02-08,0.07,36.94,20.86,24.93
2024-02-09,0.42,37.35,20.89,25.49
2024-02-10,0.12,36.35,22.3,27.09
2024-02-11,0.05,37.68,21.33,27.76
2024-02-12,1.88,33.84,22.82,22.49
2024-02-13,2.64,36.44,22.28,23.83
2024-02-14,7.56,31.29,22.51,16.89
2024-02-15,24.82,27.9,20.35,9.52
2024-02-16,1.92,31.34,20.06,13.48
2024-02-17,0.64,33.65,20.58,21.66
2024-02-18,0.7,32.53,19.61,20.5
2024-02-19,10.43,31.57,18.66,22.32
2024-02-20,15.75,30.45,19.96,18.07
2024-02-21,8.61,31.46,19.93,12.72
2024-02-22,1.31,32.44,19.37,21.55
2024-02-23,3.23,34.57,21.37,18.08
2024-02-24,2.28,34.58,21.7,22.23
2024-02-25,2.95,34.68,21.65,22.62
2024-02-26,0.6,35.84,21.23,23.48
2024-02-27,0.8,35.9,21.64,22.72
2024-02-28,0.93,36.29,24.22,23.07
2024-02-29,1.07,34.28,23.28,22.99
2024-03-01,6.19,33.95,22.92,22.97
2024-03-02,0.16,35.13,20.88,26.48
2024-03-03,0.0,36.35,18.9,27.27
2024-03-04,0.0,38.36,19.48,25.84
2024-03-05,0.93,36.61,21.04,24.08
2024-03-06,2.69,35.45,21.64,19.19
2024-03-07,1.95,35.32,21.01,19.58
2024-03-08,7.04,32.0,21.88,18.75
2024-03-09,5.23,33.59,22.28,19.52
2024-03-10,2.75,33.89,22.71,17.54
2024-03-11,2.43,34.47,21.15,25.44
2024-03-12,0.0,36.69,18.54,26.11
2024-03-13,0.04,37.67,19.28,23.16
2024-03-14,0.06,38.31,20.34,23.01
2024-03-15,0.01,38.68,22.31,23.96
2024-03-16,1.29,37.98,24.36,22.95
2024-03-17,12.52,35.29,23.62,16.67
2024-03-18,1.35,34.51,23.67,19.21
2024-03-19,6.16,33.67,23.75,20.61
2024-03-20,1.45,31.81,22.55,22.44
2024-03-21,7.58,34.79,22.36,20.41
2024-03-22,6.06,30.53,20.1,12.15
2024-03-23,0.67,24.84,18.88,9.44
2024-03-24,8.66,28.63,17.83,6.99
2024-03-25,1.54,32.52,18.84,20.55
2024-03-26,1.09,32.51,19.15,13.81
2024-03-27,2.71,27.69,18.85,12.36
2024-03-28,0.64,31.3,18.95,11.46
2024-03-29,0.14,32.19,18.71,12.11
2024-03-30,0.15,32.75,19.77,18.08
2024-03-31,0.01,34.79,18.49,21.98
2024-04-01,0.02,35.05,19.56,17.24
2024-04-02,0.75,33.33,20.3,17.07
2024-04-03,0.01,35.59,20.51,21.26
2024-04-04,0.02,37.15,20.72,21.06
2024-04-05,2.05,35.94,20.64,19.21
2024-04-06,0.17,34.97,20.08,21.62
2024-04-07,0.47,34.65,18.14,18.48
2024-04-08,34.88,27.25,20.47,10.78
2024-04-09,5.2,29.35,20.44,15.26
2024-04-10,0.66,31.58,19.75,17.78
2024-04-11,0.41,33.19,18.37,18.3
2024-04-12,0.01,32.58,19.43,19.71
2024-04-13,1.92,31.12,20.54,15.88
2024-04-14,10.77,25.05,20.79,7.52
2024-04-15,1.19,30.2,20.08,12.45
2024-04-16,1.93,30.85,20.24,11.23
2024-04-17,1.91,30.84,20.77,12.83
2024-04-18,4.58,28.72,18.29,13.74
2024-04-19,0.0,28.89,14.43,21.92
2024-04-20,0.01,31.46,13.54,20.64
2024-04-21,0.0,31.92,15.32,20.47
2024-04-22,0.02,31.74,14.69,20.68
2024-04-23,0.03,32.77,16.59,19.75
2024-04-24,0.0,33.33,19.68,15.87
2024-04-25,0.0,33.93,18.16,17.84
2024-04-26,0.0,34.38,19.21,19.3
2024-04-27,0.0,33.71,18.97,18.59
2024-04-28,0.0,34.09,19.06,18.63
2024-04-29,0.0,34.41,18.61,18.58
2024-04-30,0.0,34.37,18.79,18.52
2024-05-01,0.01,34.18,17.76,19.0
2024-05-02,0.0,34.24,18.01,18.31
2024-05-03,0.0,33.39,19.22,16.36
2024-05-04,0.0,34.54,18.49,17.86
2024-05-05,0.0,34.21,16.73,19.05
2024-05-06,0.0,33.58,17.18,18.63
2024-05-07,0.0,33.9,17.7,17.89
2024-05-08,0.0,33.13,20.62,17.92
2024-05-09,0.0,33.46,18.49,15.5
2024-05-10,0.0,32.87,18.4,16.81
2024-05-11,0.0,32.98,18.13,17.69
2024-05-12,0.01,33.07,16.27,18.12
2024-05-13,0.0,32.42,17.47,17.88
2024-05-14,0.07,30.41,19.36,13.35
2024-05-15,0.01,28.48,17.93,12.56
2024-05-16,0.0,31.46,17.21,16.5
2024-05-17,0.0,33.85,17.84,16.99
2024-05-18,0.0,33.52,18.03,16.09
2024-05-19,0.79,31.24,18.12,12.76
2024-05-20,0.01,30.78,16.78,12.87
2024-05-21,0.0,31.88,16.63,16.07
2024-05-22,0.0,32.12,16.26,16.79
2024-05-23,0.03,31.75,14.8,17.18
2024-05-24,6.14,28.44,17.29,5.5
2024-05-25,2.19,24.72,15.67,6.32
2024-05-26,16.55,19.07,14.09,6.05
2024-05-27,1.35,25.93,14.08,8.18
2024-05-28,1.2,21.76,9.56,8.85
2024-05-29,0.0,22.25,5.49,17.37
2024-05-30,0.03,23.67,8.12,15.49
2024-05-31,0.02,24.2,9.17,17.14
2024-06-01,0.02,27.43,11.03,16.65
2024-06-02,0.0,28.17,10.88,15.47
2024-06-03,0.0,28.64,13.05,14.92
2024-06-04,0.0,27.23,14.08,15.51
2024-06-05,0.03,28.41,13.23,15.87
2024-06-06,0.02,29.61,12.82,15.14
2024-06-07,0.0,29.89,13.2,15.44
2024-06-08,0.02,30.31,13.67,14.97
2024-06-09,0.0,30.44,13.43,15.9
2024-06-10,0.03,30.5,13.62,16.09
2024-06-11,0.02,30.78,13.23,16.31
2024-06-12,0.02,30.2,13.54,16.15
2024-06-13,0.03,29.64,12.01,16.54
2024-06-14,0.0,29.81,14.15,15.59
2024-06-15,0.0,30.58,15.14,15.59
2024-06-16,0.0,30.18,14.39,15.02
2024-06-17,0.02,30.42,14.44,15.66
2024-06-18,0.0,29.51,11.79,16.14
2024-06-19,0.0,30.1,12.37,16.08
2024-06-20,0.01,30.34,12.83,15.84
2024-06-21,0.02,29.52,12.08,15.82
2024-06-22,0.0,29.25,13.69,13.5
2024-06-23,0.0,30.76,15.83,14.03
2024-06-24,0.0,31.27,16.09,14.94
2024-06-25,0.05,31.3,17.67,13.96
2024-06-26,0.01,30.84,15.23,12.92
2024-06-27,0.0,28.43,15.55,10.74
2024-06-28,0.0,30.02,14.8,10.17
2024-06-29,0.73,29.99,17.69,12.03
2024-06-30,3.77,24.4,15.27,11.63
2024-07-01,1.6,26.66,11.17,10.53
2024-07-02,0.0,28.97,10.41,15.99
2024-07-03,0.05,29.42,15.83,13.95
2024-07-04,0.01,29.94,15.06,10.85
2024-07-05,0.06,29.38,14.63,8.34
2024-07-06,0.0,29.33,13.64,15.72
2024-07-07,0.01,30.08,13.43,14.73
2024-07-08,8.8,26.36,14.79,9.41
2024-07-09,23.96,21.7,13.78,2.26
2024-07-10,1.36,21.63,13.77,4.78
2024-07-11,0.01,28.26,13.65,13.71
2024-07-12,0.01,25.05,15.98,9.67
2024-07-13,0.0,25.2,14.12,10.72
2024-07-14,0.0,27.21,12.95,15.11
2024-07-15,0.0,26.74,14.04,14.75
2024-07-16,0.0,27.29,14.02,15.79
2024-07-17,0.03,28.59,14.0,15.75
2024-07-18,0.0,29.12,12.52,17.19
2024-07-19,0.02,29.2,12.39,17.36
2024-07-20,0.05,29.15,9.77,17.41
2024-07-21,0.0,29.07,9.98,17.38
2024-07-22,0.05,30.23,10.72,17.55
2024-07-23,0.05,29.35,10.77,17.8
2024-07-24,0.0,30.05,11.07,16.77
2024-07-25,0.0,29.28,11.07,17.7
2024-07-26,0.03,28.45,13.33,13.89
2024-07-27,0.32,29.96,13.43,13.42
2024-07-28,0.01,32.36,13.31,16.95
2024-07-29,0.0,31.45,14.0,14.14
2024-07-30,0.1,23.76,13.46,11.05
2024-07-31,0.06,29.6,12.82,17.47
2024-08-01,0.0,30.18,13.92,17.07
2024-08-02,0.0,29.1,13.02,14.61
2024-08-03,0.01,30.24,16.22,17.33
2024-08-04,0.0,29.79,16.32,16.11
2024-08-05,0.0,31.84,16.38,16.82
2024-08-06,0.02,31.86,14.9,16.68
2024-08-07,0.02,32.03,17.53,16.91
2024-08-08,0.76,32.97,16.85,11.34
2024-08-09,14.61,20.43,11.66,2.21
2024-08-10,1.53,21.52,7.67,17.62
2024-08-11,0.0,23.8,5.48,18.41
2024-08-12,0.01,23.17,5.76,18.65
2024-08-13,0.0,23.98,5.43,18.72
2024-08-14,0.0,24.66,7.54,15.45
2024-08-15,0.0,32.25,10.62,19.51
2024-08-16,0.0,34.06,13.18,19.32
2024-08-17,0.0,34.45,13.28,19.58
2024-08-18,0.0,34.76,13.62,19.96
2024-08-19,0.0,35.12,14.33,20.17
2024-08-20,0.04,35.54,18.73,20.06
2024-08-21,0.02,33.62,15.05,20.03
2024-08-22,0.01,34.48,14.07,20.77
2024-08-23,0.18,35.13,15.65,18.53
2024-08-24,5.55,29.73,14.04,6.99
2024-08-25,0.25,24.43,9.48,6.2
2024-08-26,0.16,23.82,6.42,22.39
2024-08-27,0.0,26.71,4.86,23.19
2024-08-28,0.02,30.55,7.14,21.46
2024-08-29,0.02,33.05,11.47,21.4
2024-08-30,0.0,33.86,14.2,21.95
2024-08-31,0.0,34.78,13.75,22.38
2024-09-01,0.0,35.38,14.13,20.88
2024-09-02,0.0,34.39,16.16,15.62
2024-09-03,0.0,36.79,16.84,19.92
2024-09-04,0.0,37.4,17.16,18.78
2024-09-05,0.0,37.11,17.65,18.15
2024-09-06,0.01,32.73,14.61,14.4
2024-09-07,0.0,37.15,15.54,17.82
2024-09-08,0.0,37.42,20.2,15.73
2024-09-09,0.0,36.19,19.17,16.7
2024-09-10,0.0,32.7,17.91,16.89
2024-09-11,0.02,36.4,16.31,21.23
2024-09-12,0.0,36.96,18.52,23.34
2024-09-13,0.0,37.46,18.28,21.53
2024-09-14,0.0,37.47,20.03,13.16
2024-09-15,2.81,29.43,18.45,7.05
2024-09-16,8.57,27.03,16.11,4.96
2024-09-17,0.03,29.49,14.33,23.31
2024-09-18,0.13,32.19,13.47,14.78
2024-09-19,0.0,36.12,16.27,19.13
2024-09-20,0.47,37.79,18.73,19.59
2024-09-21,0.59,32.79,19.06,12.17
2024-09-22,0.0,36.27,17.82,17.33
2024-09-23,0.0,37.88,19.18,20.35
2024-09-24,0.0,38.26,18.09,21.89
2024-09-25,0.0,39.25,18.59,24.3
2024-09-26,0.02,40.44,19.38,24.37
2024-09-27,0.88,34.41,20.98,11.39
2024-09-28,0.02,34.13,16.15,24.2
2024-09-29,0.0,37.19,14.54,24.46
2024-09-30,0.01,37.7,17.99,24.22
2024-10-01,0.0,38.85,21.31,24.26
2024-10-02,0.12,37.95,22.42,17.34
2024-10-03,0.25,35.29,19.33,14.4
2024-10-04,0.02,32.9,16.45,17.09
2024-10-05,0.03,35.26,14.25,26.25
2024-10-06,0.07,37.79,14.67,26.55
2024-10-07,0.0,37.81,17.75,22.21
2024-10-08,0.0,40.02,17.92,22.41
2024-10-09,0.13,38.14,18.72,6.46
2024-10-10,4.03,33.13,19.44,8.94
2024-10-11,7.88,34.81,20.16,8.31
2024-10-12,0.3,33.41,18.76,21.45
2024-10-13,0.04,34.65,18.26,26.88
2024-10-14,0.19,34.78,16.78,24.3
2024-10-15,0.04,33.84,18.77,22.89
2024-10-16,5.31,32.75,19.55,22.64
2024-10-17,0.01,34.96,19.86,24.81
2024-10-18,1.34,35.43,19.66,15.68
2024-10-19,5.15,27.42,17.38,7.67
2024-10-20,7.77,25.68,16.13,10.61
2024-10-21,1.41,31.55,17.69,15.92
2024-10-22,4.72,32.03,20.38,17.06
2024-10-23,6.46,31.91,20.78,15.34
2024-10-24,11.15,33.06,21.0,21.04
2024-10-25,2.11,31.6,22.76,13.86
2024-10-26,5.71,34.43,23.03,15.31
2024-10-27,7.21,32.11,18.95,17.52
2024-10-28,2.2,29.78,16.42,16.62
2024-10-29,0.53,34.61,17.99,27.72
2024-10-30,1.73,34.8,17.12,28.62
2024-10-31,0.0,34.27,17.02,26.75
2024-11-01,10.65,31.57,18.11,23.78
2024-11-02,12.63,25.76,20.48,9.97
2024-11-03,16.68,26.27,20.17,14.55
2024-11-04,23.13,26.87,19.92,7.13
2024-11-05,5.5,31.02,19.34,11.82
2024-11-06,21.66,30.11,20.99,12.64
2024-11-07,31.76,25.77,21.04,10.45
2024-11-08,9.37,27.83,20.82,13.59
2024-11-09,2.6,31.2,18.13,22.29
2024-11-10,0.0,31.66,16.3,30.08
2024-11-11,0.02,32.79,16.25,30.17
2024-11-12,1.23,34.36,21.4,25.4
2024-11-13,7.04,30.69,18.04,17.45
2024-11-14,0.12,31.1,16.21,25.32
2024-11-15,1.4,31.94,16.37,22.54
2024-11-16,5.71,32.08,19.31,16.11
2024-11-17,0.51,33.39,18.56,21.17
2024-11-18,0.0,35.36,18.25,29.84
2024-11-19,0.0,35.85,19.37,28.2
2024-11-20,0.04,36.98,19.42,26.66
2024-11-21,13.97,34.45,19.54,21.01
2024-11-22,2.46,31.32,18.55,16.88
2024-11-23,0.02,33.35,18.38,28.52
2024-11-24,0.0,32.4,17.03,30.32
2024-11-25,0.0,33.61,15.71,28.79
2024-11-26,0.05,34.82,18.46,28.01
2024-11-27,0.0,36.74,19.77,27.18
2024-11-28,14.44,31.05,22.31,16.1
2024-11-29,9.1,30.51,21.44,12.26
2024-11-30,0.77,33.05,21.83,22.64
2024-12-01,3.26,34.02,21.05,27.12
2024-12-02,7.31,28.51,22.36,6.4
2024-12-03,19.29,27.21,22.06,16.06
2024-12-04,4.48,30.13,19.33,12.61
2024-12-05,1.27,32.78,18.22,16.47
2024-12-06,1.48,31.66,21.8,21.91
2024-12-07,7.14,32.64,22.03,21.54
2024-12-08,10.76,29.15,22.28,11.93
2024-12-09,5.42,30.92,21.6,14.51
2024-12-10,9.61,29.78,22.15,17.85
2024-12-11,0.05,32.2,18.07,28.89
2024-12-12,0.01,32.58,16.54,30.72
2024-12-13,1.23,31.71,17.8,22.53
2024-12-14,6.12,25.83,20.36,9.7
2024-12-15,2.46,30.7,19.82,25.72
2024-12-16,0.03,30.46,17.77,29.71
2024-12-17,0.01,32.93,16.3,30.71
2024-12-18,0.04,34.17,16.61,29.16
2024-12-19,0.02,34.65,17.64,22.75
2024-12-20,5.18,30.71,22.12,16.73
2024-12-21,6.83,27.66,21.85,14.01
2024-12-22,6.01,31.95,20.53,16.37
2024-12-23,0.17,33.17,21.32,25.66
2024-12-24,0.01,33.75,18.64,28.95
2024-12-25,18.64,31.22,19.64,21.96
2024-12-26,18.45,28.89,20.84,13.06
2024-12-27,4.41,32.46,21.34,22.07
2024-12-28,3.07,33.36,19.9,26.07
2024-12-29,2.98,33.1,18.76,19.84
2024-12-30,0.49,32.88,19.62,30.04
2024-12-31,0.12,33.95,19.28,28.28
2025-01-01,3.56,33.22,19.7,27.75
2025-01-02,0.49,33.96,19.73,27.78
2025-01-03,1.04,32.42,20.19,25.4
2025-01-04,0.68,32.74,20.05,20.32
2025-01-05,0.07,34.65,17.4,31.17
2025-01-06,0.01,34.42,17.84,29.53
2025-01-07,0.42,33.78,20.38,26.11
2025-01-08,0.62,35.0,19.4,26.68
2025-01-09,0.13,34.08,19.76,27.51
2025-01-10,0.04,34.43,18.43,29.73
2025-01-11,0.89,34.9,17.78,28.1
2025-01-12,0.27,34.57,19.38,25.05
2025-01-13,0.01,33.43,17.93,29.79
2025-01-14,0.01,34.32,16.38,30.91
2025-01-15,0.96,36.81,17.06,27.66
2025-01-16,15.11,32.5,20.65,19.03
2025-01-17,18.01,25.81,21.56,10.4
2025-01-18,1.71,29.54,21.58,23.99
2025-01-19,1.37,33.07,21.19,26.25
2025-01-20,1.23,32.68,21.37,23.29
2025-01-21,1.53,33.55,21.37,26.16
2025-01-22,1.54,35.71,21.67,25.22
2025-01-23,6.58,35.07,21.2,24.07
2025-01-24,1.34,35.63,21.15,27.79
2025-01-25,1.29,36.82,20.86,27.21
2025-01-26,0.92,34.12,21.83,23.06
2025-01-27,3.65,32.71,21.5,16.9
2025-01-28,4.38,32.31,21.52,16.73
2025-01-29,5.72,33.77,20.61,19.76
2025-01-30,3.91,33.14,21.36,21.0
2025-01-31,9.11,28.69,21.18,14.32
2025-02-01,9.86,28.68,20.7,17.79
2025-02-02,6.54,27.27,20.58,19.47
2025-02-03,20.24,26.56,21.26,12.86
2025-02-04,11.93,28.11,20.85,13.1
2025-02-05,0.96,29.7,20.85,15.84
2025-02-06,0.64,28.46,20.58,20.05
2025-02-07,1.76,34.47,19.4,27.38
2025-02-08,0.64,33.43,21.27,25.9
2025-02-09,0.03,35.04,20.66,27.31
2025-02-10,0.98,33.08,19.99,24.63
2025-02-11,0.05,33.64,20.06,26.95
2025-02-12,1.6,32.67,19.77,19.91
2025-02-13,1.8,32.25,20.25,22.07
2025-02-14,0.92,32.57,20.24,21.69
2025-02-15,0.66,36.2,20.12,21.62
2025-02-16,0.17,35.97,23.59,25.05
2025-02-17,0.0,36.91,20.83,27.45
2025-02-18,3.42,35.74,21.93,13.28
2025-02-19,3.62,34.54,21.29,25.55
2025-02-20,0.19,36.15,21.82,25.24
2025-02-21,0.15,37.4,21.73,25.56
2025-02-22,0.16,35.25,21.67,22.28
2025-02-23,0.12,35.41,21.42,25.73
2025-02-24,3.19,34.84,21.93,25.34
2025-02-25,2.31,34.96,20.12,23.47
2025-02-26,15.35,34.58,21.12,25.6
2025-02-27,1.87,35.75,20.3,26.35
2025-02-28,0.06,35.87,20.87,25.33
2025-03-01,0.02,36.37,21.09,26.6
2025-03-02,0.0,34.7,20.78,25.03
2025-03-03,0.0,36.96,21.34,25.22
2025-03-04,0.71,35.21,20.53,25.37
2025-03-05,1.24,33.71,20.27,20.46
2025-03-06,0.02,34.9,20.95,26.1
2025-03-07,0.01,35.32,19.42,25.05
2025-03-08,0.01,36.17,19.55,24.54
2025-03-09,0.26,36.16,20.31,24.64
2025-03-10,0.74,36.51,20.58,22.75
2025-03-11,0.99,33.75,21.01,14.96
2025-03-12,0.23,35.54,20.4,19.56
2025-03-13,0.75,32.58,21.15,19.76
2025-03-14,0.03,34.96,22.35,20.36
2025-03-15,5.35,35.57,20.98,21.23
2025-03-16,1.45,35.08,20.13,21.42
2025-03-17,0.2,35.22,19.59,19.97
2025-03-18,4.37,32.7,20.27,15.56
2025-03-19,1.11,33.54,19.77,18.69
2025-03-20,0.02,33.42,17.78,25.43
2025-03-21,0.05,33.97,16.51,25.57
2025-03-22,2.98,34.06,17.21,22.56
2025-03-23,3.35,27.46,20.43,13.24
2025-03-24,0.36,33.92,19.13,20.61
2025-03-25,0.06,35.17,19.62,22.26
2025-03-26,1.7,33.69,20.87,19.36
2025-03-27,0.03,34.89,19.38,23.04
2025-03-28,1.6,35.0,19.99,19.64
2025-03-29,0.46,35.65,20.52,20.66
2025-03-30,3.92,33.88,21.24,19.62
2025-03-31,1.74,33.15,19.94,9.38
