data,PRECTOTCORR,T2M_MAX,T2M_MIN,ALLSKY_SFC_SW_DWN
2013-10-01,17.11,29.32,19.59,10.93
2013-10-02,22.84,28.09,19.02,8.37
2013-10-03,55.25,26.4,19.46,17.72
2013-10-04,1.37,26.19,17.79,7.31
2013-10-05,0.0,26.07,14.34,27.11
2013-10-06,0.0,26.27,12.18,26.75
2013-10-07,0.0,25.59,12.32,25.17
2013-10-08,0.0,25.26,11.49,20.25
2013-10-09,0.0,27.95,12.16,27.09
2013-10-10,0.0,28.66,13.36,22.84
2013-10-11,0.03,27.19,15.27,20.89
2013-10-12,0.35,28.55,16.93,10.83
2013-10-13,0.01,31.19,15.61,21.74
2013-10-14,0.0,31.66,19.39,18.9
2013-10-15,10.08,26.32,20.15,13.12
2013-10-16,11.07,25.93,18.79,6.29
2013-10-17,0.12,27.52,16.15,14.58
2013-10-18,0.27,28.64,18.14,23.62
2013-10-19,0.0,29.67,15.04,29.08
2013-10-20,0.0,32.54,14.72,27.72
2013-10-21,12.43,30.31,19.0,24.37
2013-10-22,0.01,30.25,19.69,23.24
2013-10-23,0.03,30.85,19.2,21.65
2013-10-24,5.67,29.02,20.55,20.91
2013-10-25,1.98,28.95,19.88,22.2
2013-10-26,0.68,31.7,17.88,18.9
2013-10-27,0.65,32.47,21.37,24.13
2013-10-28,0.05,29.52,15.83,29.3
2013-10-29,0.0,28.92,11.82,28.2
2013-10-30,0.01,29.62,15.67,27.42
2013-10-31,0.01,32.2,16.11,27.14
2013-11-01,0.02,32.35,16.16,24.68
2013-11-02,0.4,32.94,16.35,22.7
2013-11-03,7.29,28.56,20.24,16.82
2013-11-04,5.91,28.24,20.19,14.22
2013-11-05,0.11,27.99,16.41,22.65
2013-11-06,0.48,26.57,16.17,12.15
2013-11-07,0.06,28.67,15.35,19.35
2013-11-08,0.0,31.51,15.92,26.84
2013-11-09,0.0,33.99,17.03,27.32
2013-11-10,0.02,36.54,18.6,24.82
2013-11-11,11.17,34.13,23.1,16.86
2013-11-12,0.86,30.49,19.75,19.92
2013-11-13,0.0,33.79,16.97,30.26
2013-11-14,0.0,34.01,14.98,30.4
2013-11-15,0.46,34.25,16.34,29.16
2013-11-16,2.66,32.87,20.34,7.02
2013-11-17,4.22,31.2,18.62,20.04
2013-11-18,0.0,32.85,17.15,22.98
2013-11-19,5.64,32.63,19.88,21.9
2013-11-20,0.79,33.71,21.17,22.13
2013-11-21,4.21,32.51,21.98,18.23
2013-11-22,12.85,29.45,18.94,13.37
2013-11-23,0.11,28.18,17.67,17.86
2013-11-24,2.48,27.28,17.34,16.24
2013-11-25,1.34,28.59,19.08,16.38
2013-11-26,0.03,31.69,17.81,25.7
2013-11-27,0.03,32.62,18.76,28.27
2013-11-28,0.0,36.73,18.85,29.91
2013-11-29,8.52,34.36,22.43,25.04
2013-11-30,0.25,32.58,21.33,25.31
2013-12-01,1.43,32.0,20.85,24.18
2013-12-02,0.12,31.07,20.76,18.96
2013-12-03,0.09,35.7,21.38,27.93
2013-12-04,0.02,37.85,19.1,29.71
2013-12-05,3.63,33.97,22.85,25.74
2013-12-06,0.02,33.4,20.96,25.86
2013-12-07,3.84,27.29,21.21,18.24
2013-12-08,0.78,33.95,20.8,24.2
2013-12-09,2.21,33.01,21.91,21.82
2013-12-10,3.0,28.92,22.51,18.06
2013-12-11,1.01,32.78,20.26,22.4
2013-12-12,0.0,33.43,18.83,27.79
2013-12-13,0.0,34.23,17.29,28.63
2013-12-14,2.69,35.02,19.69,23.46
2013-12-15,0.8,33.93,20.71,26.11
2013-12-16,0.0,36.17,19.82,27.84
2013-12-17,0.0,35.18,18.03,30.97
2013-12-18,0.0,35.42,16.64,30.86
2013-12-19,0.0,35.6,17.7,30.17
2013-12-20,0.01,35.36,20.01,24.11
2013-12-21,0.2,35.78,19.39,28.57
2013-12-22,0.02,35.25,19.47,27.9
2013-12-23,0.79,30.0,20.23,20.12
2013-12-24,0.48,31.52,19.99,23.03
2013-12-25,1.34,33.68,21.57,17.68
2013-12-26,0.27,37.61,22.3,25.17
2013-12-27,10.69,35.59,24.09,19.91
2013-12-28,13.88,30.14,22.89,15.46
2013-12-29,8.64,28.06,22.5,16.43
2013-12-30,3.66,28.82,21.63,14.3
2013-12-31,41.84,28.54,21.54,19.3
2014-01-01,27.78,28.59,21.49,17.73
2014-01-02,2.56,29.84,21.82,25.13
2014-01-03,29.45,30.46,23.03,24.05
2014-01-04,34.08,31.93,22.18,27.99
2014-01-05,4.37,31.8,19.98,25.97
2014-01-06,10.5,29.88,21.13,23.12
2014-01-07,1.72,30.4,19.75,22.98
2014-01-08,1.13,28.79,21.76,26.65
2014-01-09,0.05,27.83,20.93,17.59
2014-01-10,0.1,30.37,20.01,27.83
2014-01-11,0.62,31.21,20.43,26.99
2014-01-12,8.0,28.31,22.17,18.8
2014-01-13,8.5,27.97,19.85,10.51
2014-01-14,0.53,30.44,18.67,21.42
2014-01-15,5.1,29.25,19.64,19.73
2014-01-16,2.02,26.01,19.61,16.49
2014-01-17,0.25,29.55,18.61,23.14
2014-01-18,0.4,30.67,19.78,28.07
2014-01-19,0.12,32.04,18.0,30.05
2014-01-20,0.0,33.69,18.05,29.75
2014-01-21,0.04,32.84,20.02,27.59
2014-01-22,5.26,31.54,21.18,25.5
2014-01-23,1.4,30.09,21.39,21.84
2014-01-24,16.51,31.68,20.18,26.05
2014-01-25,0.89,30.35,22.13,25.93
2014-01-26,7.92,32.23,21.09,23.56
2014-01-27,5.56,32.41,20.56,23.46
2014-01-28,0.21,32.66,20.37,28.7
2014-01-29,0.0,33.91,20.1,30.43
2014-01-30,0.0,33.37,21.01,28.46
2014-01-31,0.32,35.15,21.32,29.54
2014-02-01,0.86,35.55,22.4,27.82
2014-02-02,0.0,34.2,21.54,27.78
2014-02-03,0.0,35.73,21.15,29.15
2014-02-04,0.0,35.87,22.69,28.33
2014-02-05,0.72,37.29,22.82,27.6
2014-02-06,0.07,37.34,23.8,28.0
2014-02-07,0.3,37.32,22.83,29.6
2014-02-08,0.95,36.71,21.06,28.92
2014-02-09,0.2,37.16,22.02,25.98
2014-02-10,0.06,38.6,21.31,27.32
2014-02-11,0.25,34.88,21.72,22.64
2014-02-12,1.43,30.41,22.32,17.57
2014-02-13,1.99,31.88,20.57,16.16
2014-02-14,20.55,33.01,20.56,19.68
2014-02-15,18.34,27.01,19.02,12.23
2014-02-16,2.58,30.02,19.85,17.11
2014-02-17,0.08,31.15,19.26,20.55
2014-02-18,0.0,32.01,19.23,22.97
2014-02-19,1.73,32.24,18.87,26.97
2014-02-20,4.17,32.27,18.1,22.95
2014-02-21,19.56,27.49,20.93,12.27
2014-02-22,12.16,27.55,20.84,13.79
2014-02-23,10.75,27.49,19.54,14.99
2014-02-24,3.54,28.69,20.58,14.0
2014-02-25,0.9,30.17,19.71,16.73
2014-02-26,0.17,31.44,19.54,23.46
2014-02-27,15.48,29.59,20.5,20.42
2014-02-28,4.58,28.39,20.97,22.57
2014-03-01,0.32,30.13,19.67,22.61
2014-03-02,0.27,30.62,19.07,23.91
2014-03-03,5.06,28.83,20.05,18.67
2014-03-04,4.5,28.4,20.92,17.54
2014-03-05,4.05,28.23,20.76,15.81
2014-03-06,1.24,31.23,21.2,21.81
2014-03-07,4.31,29.75,21.2,12.88
2014-03-08,0.02,30.07,19.01,16.77
2014-03-09,0.06,30.98,18.81,25.21
2014-03-10,0.13,29.87,19.87,22.93
2014-03-11,2.72,28.24,20.8,20.28
2014-03-12,2.7,26.05,20.31,8.89
2014-03-13,10.06,29.51,19.65,17.45
2014-03-14,0.44,29.46,18.58,22.36
2014-03-15,0.33,32.46,19.36,23.28
2014-03-16,0.35,32.88,20.31,21.08
2014-03-17,7.78,32.33,20.77,20.48
2014-03-18,0.51,33.02,20.73,24.13
2014-03-19,4.73,31.14,20.32,21.68
2014-03-20,6.14,28.3,21.27,12.1
2014-03-21,21.53,26.61,21.26,8.98
2014-03-22,2.71,29.97,21.12,13.91
2014-03-23,0.0,29.38,18.42,19.69
2014-03-24,0.0,29.07,16.16,22.47
2014-03-25,0.0,28.98,16.99,22.64
2014-03-26,0.18,29.87,17.0,23.06
2014-03-27,0.01,31.12,18.02,22.29
2014-03-28,0.0,30.88,18.49,21.19
2014-03-29,3.02,29.22,20.26,18.89
2014-03-30,26.13,26.11,20.96,9.59
2014-03-31,4.1,26.52,20.77,14.49
2014-04-01,0.86,30.22,20.32,19.87
2014-04-02,0.21,30.49,20.12,21.96
2014-04-03,0.0,30.65,18.98,22.22
2014-04-04,0.0,30.72,19.03,21.3
2014-04-05,0.0,30.77,19.26,22.14
2014-04-06,0.0,32.68,18.56,21.96
2014-04-07,0.0,33.26,19.25,21.41
2014-04-08,0.21,33.57,19.86,20.38
2014-04-09,11.4,29.79,22.45,14.32
2014-04-10,0.04,30.42,20.54,16.54
2014-04-11,4.06,30.21,20.28,17.85
2014-04-12,14.58,27.29,22.12,14.88
2014-04-13,1.04,28.23,21.08,11.03
2014-04-14,4.9,25.2,17.68,12.48
2014-04-15,8.09,22.41,16.71,6.64
2014-04-16,0.09,28.51,16.56,16.18
2014-04-17,0.28,29.45,17.76,19.79
2014-04-18,0.02,30.1,17.85,17.81
2014-04-19,13.09,29.79,18.65,17.24
2014-04-20,0.01,29.54,18.76,17.74
2014-04-21,1.14,27.41,18.53,18.2
2014-04-22,11.27,27.43,19.01,12.24
2014-04-23,0.31,26.94,18.99,14.49
2014-04-24,0.06,27.84,17.92,15.68
2014-04-25,0.06,26.53,15.88,18.67
2014-04-26,0.02,26.45,14.67,20.56
2014-04-27,0.05,25.35,13.44,20.68
2014-04-28,0.0,25.99,12.69,20.28
2014-04-29,0.0,27.03,12.64,19.46
2014-04-30,0.0,27.89,13.3,17.21
2014-05-01,8.05,21.96,14.29,5.23
2014-05-02,0.01,27.18,14.57,16.09
2014-05-03,0.0,27.56,15.49,14.29
2014-05-04,0.06,29.05,13.88,18.81
2014-05-05,0.04,29.28,15.27,15.03
2014-05-06,0.13,26.04,16.27,11.35
2014-05-07,0.11,29.93,16.23,16.46
2014-05-08,0.0,29.81,15.84,18.07
2014-05-09,0.0,28.72,16.15,18.07
2014-05-10,0.07,26.29,13.85,18.02
2014-05-11,0.05,26.43,13.04,17.31
2014-05-12,0.06,28.05,12.91,17.76
2014-05-13,0.0,28.7,13.78,14.92
2014-05-14,0.06,27.97,16.2,14.44
2014-05-15,0.0,29.14,13.91,15.66
2014-05-16,0.0,29.88,15.65,11.81
2014-05-17,0.11,29.0,15.43,14.85
2014-05-18,0.04,29.08,16.34,15.83
2014-05-19,0.0,29.49,14.83,16.87
2014-05-20,0.06,29.31,13.73,16.66
2014-05-21,0.06,30.0,13.56,15.91
2014-05-22,25.6,26.98,17.43,7.34
2014-05-23,29.41,24.55,18.04,5.26
2014-05-24,0.49,23.56,16.59,6.69
2014-05-25,5.4,21.73,14.65,4.92
2014-05-26,0.45,19.59,10.88,9.01
2014-05-27,0.0,20.52,9.33,8.57
2014-05-28,0.01,22.19,11.03,10.66
2014-05-29,0.0,23.73,12.15,14.72
2014-05-30,0.02,24.66,12.65,17.08
2014-05-31,0.03,26.16,11.53,14.74
2014-06-01,0.81,22.91,16.01,5.09
2014-06-02,0.01,21.84,9.14,17.28
2014-06-03,0.03,21.97,6.81,17.48
2014-06-04,0.1,24.56,5.83,15.96
2014-06-05,0.75,28.61,14.39,12.95
2014-06-06,1.98,25.7,17.04,3.84
2014-06-07,0.0,29.84,17.98,13.07
2014-06-08,0.04,29.86,16.98,13.44
2014-06-09,2.42,26.02,17.25,9.95
2014-06-10,0.0,25.9,14.94,12.31
2014-06-11,0.0,26.71,14.12,15.75
2014-06-12,0.0,27.53,14.06,15.59
2014-06-13,0.02,27.78,14.48,14.69
2014-06-14,0.09,28.15,14.36,9.97
2014-06-15,0.32,28.15,16.11,13.82
2014-06-16,0.16,28.62,15.33,14.78
2014-06-17,1.8,28.55,14.56,15.37
2014-06-18,8.74,27.61,13.37,14.25
2014-06-19,1.2,24.16,13.2,13.81
2014-06-20,0.0,23.3,10.75,13.99
2014-06-21,0.06,24.2,10.95,12.03
2014-06-22,0.17,25.75,11.81,15.47
2014-06-23,0.0,27.74,13.06,14.26
2014-06-24,0.0,28.18,14.06,15.15
2014-06-25,0.11,27.72,13.95,14.01
2014-06-26,0.0,28.24,14.99,14.27
2014-06-27,0.0,29.59,15.77,15.29
2014-06-28,1.1,28.47,15.53,9.44
2014-06-29,1.34,21.52,10.84,7.49
2014-06-30,0.0,21.65,8.73,16.64
2014-07-01,0.0,25.22,6.25,16.47
2014-07-02,0.0,28.95,13.79,14.84
2014-07-03,0.06,30.97,15.74,15.06
2014-07-04,0.0,30.81,15.8,15.1
2014-07-05,0.0,29.29,15.34,15.2
2014-07-06,0.0,28.64,14.3,14.08
2014-07-07,0.58,20.23,14.51,7.39
2014-07-08,3.9,24.78,15.31,11.72
2014-07-09,9.33,23.14,14.44,7.61
2014-07-10,1.43,24.05,13.88,7.28
2014-07-11,0.01,24.29,11.91,15.92
2014-07-12,0.07,25.36,12.54,16.16
2014-07-13,0.0,26.32,12.41,16.53
2014-07-14,0.06,26.42,12.26,16.55
2014-07-15,0.03,26.72,12.38,16.4
2014-07-16,0.0,27.86,13.16,15.94
2014-07-17,0.14,29.2,14.43,15.9
2014-07-18,8.14,22.23,11.71,8.98
2014-07-19,0.0,22.68,8.45,16.81
2014-07-20,0.11,24.5,6.16,17.51
2014-07-21,0.06,26.35,7.45,17.44
2014-07-22,0.03,29.08,9.92,16.94
2014-07-23,3.27,29.26,13.98,13.21
2014-07-24,23.53,22.46,12.34,2.08
2014-07-25,0.42,19.97,10.75,15.49
2014-07-26,0.92,21.57,10.83,13.45
2014-07-27,2.31,22.68,11.58,7.41
2014-07-28,0.06,23.01,12.09,9.78
2014-07-29,0.01,25.23,13.4,17.03
2014-07-30,0.0,26.6,12.4,16.93
2014-07-31,0.0,27.63,10.94,18.05
2014-08-01,0.0,29.36,12.75,18.13
2014-08-02,0.0,29.98,13.56,18.38
2014-08-03,0.0,30.63,15.71,18.51
2014-08-04,0.0,30.8,14.37,17.38
2014-08-05,0.06,27.66,13.7,17.4
2014-08-06,0.0,27.94,9.89,18.6
2014-08-07,0.0,29.81,13.07,18.47
2014-08-08,0.0,30.24,13.47,18.76
2014-08-09,0.0,28.3,13.39,17.53
2014-08-10,0.0,26.03,12.97,17.03
2014-08-11,0.0,30.74,13.14,19.18
2014-08-12,0.01,31.83,16.32,18.86
2014-08-13,4.33,25.13,11.12,3.78
2014-08-14,0.0,24.35,8.9,19.32
2014-08-15,0.0,28.64,11.43,17.63
2014-08-16,0.0,29.99,15.11,16.98
2014-08-17,0.28,28.97,17.11,14.37
2014-08-18,0.0,29.26,15.68,18.53
2014-08-19,0.0,29.54,14.43,20.5
2014-08-20,0.0,30.51,11.97,21.5
2014-08-21,0.0,31.64,12.7,20.87
2014-08-22,0.0,32.94,13.65,21.33
2014-08-23,0.0,33.3,14.54,21.05
2014-08-24,0.0,33.1,14.18,21.15
2014-08-25,0.0,33.69,15.43,20.56
2014-08-26,1.73,26.75,17.09,14.12
2014-08-27,0.01,28.38,12.27,17.63
2014-08-28,0.0,30.38,13.87,16.89
2014-08-29,0.0,30.17,12.96,19.38
2014-08-30,0.0,33.3,13.29,20.63
2014-08-31,2.04,35.39,15.69,17.96
2014-09-01,3.94,32.01,17.52,17.02
2014-09-02,8.82,33.67,19.28,17.55
2014-09-03,0.07,31.82,19.42,15.93
2014-09-04,0.0,28.64,15.98,21.16
2014-09-05,0.0,29.09,13.11,22.28
2014-09-06,0.0,31.36,12.7,22.51
2014-09-07,1.71,30.72,15.59,5.29
2014-09-08,0.0,32.37,16.56,21.21
2014-09-09,0.0,33.45,15.86,21.3
2014-09-10,0.0,34.96,16.28,23.12
2014-09-11,0.0,36.44,18.46,22.47
2014-09-12,0.0,35.42,17.03,23.67
2014-09-13,0.0,34.65,15.78,22.85
2014-09-14,0.0,35.82,15.44,24.09
2014-09-15,0.0,36.13,18.59,10.64
2014-09-16,0.0,32.75,17.29,24.37
2014-09-17,0.0,35.2,15.1,23.95
2014-09-18,0.86,36.86,16.5,14.63
2014-09-19,6.64,33.04,18.86,11.67
2014-09-20,22.95,28.37,20.03,6.23
2014-09-21,0.77,29.49,16.69,25.37
2014-09-22,0.02,29.19,13.41,24.47
2014-09-23,0.0,33.61,12.06,24.74
2014-09-24,20.16,33.7,19.25,9.52
2014-09-25,21.12,28.36,18.19,13.62
2014-09-26,25.82,27.6,21.07,10.55
2014-09-27,2.88,26.7,20.4,4.25
2014-09-28,0.15,29.18,17.94,13.43
2014-09-29,13.39,30.12,19.94,14.83
2014-09-30,5.58,29.96,19.39,17.81
2014-10-01,7.02,31.05,20.94,11.42
2014-10-02,0.01,27.46,14.87,24.58
2014-10-03,0.0,27.27,13.35,26.66
2014-10-04,0.0,26.81,11.06,25.94
2014-10-05,0.0,27.24,12.02,23.87
2014-10-06,0.0,29.21,11.2,25.4
2014-10-07,0.0,29.55,13.71,22.43
2014-10-08,0.0,32.16,14.08,27.71
2014-10-09,0.0,33.9,14.99,27.64
2014-10-10,0.0,36.38,15.71,27.04
2014-10-11,0.0,37.12,19.16,25.87
2014-10-12,0.0,37.95,18.79,27.4
2014-10-13,0.0,38.48,19.11,26.3
2014-10-14,0.0,39.6,23.88,24.91
2014-10-15,0.0,38.45,20.98,25.31
2014-10-16,0.01,39.29,19.76,25.12
2014-10-17,0.0,39.59,20.68,23.56
2014-10-18,0.01,39.4,21.04,21.84
2014-10-19,1.65,37.72,22.41,20.74
2014-10-20,0.11,34.43,21.53,8.47
2014-10-21,0.0,31.78,17.12,25.13
2014-10-22,0.01,33.55,15.48,28.07
2014-10-23,9.76,34.06,16.3,26.38
2014-10-24,1.52,33.08,18.89,21.36
2014-10-25,3.28,25.97,19.82,10.72
2014-10-26,0.14,32.65,18.48,20.06
2014-10-27,0.03,34.02,19.17,26.04
2014-10-28,0.0,33.47,16.31,29.77
2014-10-29,0.0,35.09,14.36,30.41
2014-10-30,9.62,36.48,17.49,25.94
2014-10-31,1.32,31.94,20.88,16.94
2014-11-01,5.55,33.05,20.62,16.5
2014-11-02,16.36,29.04,21.81,23.24
2014-11-03,8.93,29.2,21.23,15.48
2014-11-04,18.09,26.47,21.12,13.16
2014-11-05,1.35,31.88,20.75,20.88
2014-11-06,0.78,33.15,18.13,28.27
2014-11-07,11.43,29.61,20.74,20.58
2014-11-08,0.05,28.14,21.06,15.96
2014-11-09,0.0,31.77,18.35,24.59
2014-11-10,0.0,32.83,17.12,28.6
2014-11-11,0.0,33.85,14.35,28.66
2014-11-12,1.8,26.59,17.91,17.56
2014-11-13,0.15,33.38,20.24,26.91
2014-11-14,0.21,31.56,17.82,23.15
2014-11-15,0.0,31.55,15.63,30.09
2014-11-16,0.0,31.9,13.83,31.37
2014-11-17,0.0,33.21,13.97,29.78
2014-11-18,0.4,33.9,14.36,28.72
2014-11-19,6.94,34.0,17.87,24.9
2014-11-20,5.05,31.2,20.88,17.91
2014-11-21,3.33,33.4,20.0,19.99
2014-11-22,17.93,27.17,20.93,4.92
2014-11-23,1.84,30.79,20.05,16.62
2014-11-24,8.44,29.92,20.7,17.34
2014-11-25,29.02,25.18,21.19,13.96
2014-11-26,6.22,29.08,20.3,16.03
2014-11-27,2.14,28.56,20.83,15.89
2014-11-28,0.5,30.41,19.81,23.39
2014-11-29,0.18,28.29,18.51,24.46
2014-11-30,14.52,28.81,20.7,19.07
2014-12-01,0.38,30.45,20.02,20.49
2014-12-02,0.01,26.57,20.55,24.89
2014-12-03,0.32,31.29,19.9,17.36
2014-12-04,29.75,30.51,20.95,19.72
2014-12-05,0.04,26.38,17.31,25.53
2014-12-06,0.54,30.36,16.19,27.57
2014-12-07,0.33,30.62,19.93,26.72
2014-12-08,5.02,26.04,20.29,19.15
2014-12-09,8.34,26.93,19.71,12.8
2014-12-10,25.28,25.74,19.93,17.34
2014-12-11,7.55,28.12,19.9,22.53
2014-12-12,26.07,27.43,20.8,18.7
2014-12-13,20.8,27.25,21.25,17.57
2014-12-14,3.11,30.72,19.86,24.02
2014-12-15,0.04,30.0,16.64,30.08
2014-12-16,0.2,30.55,15.33,30.32
2014-12-17,0.06,30.79,17.06,27.88
2014-12-18,0.0,31.17,19.68,26.1
2014-12-19,22.25,30.4,21.28,25.63
2014-12-20,1.86,31.22,21.66,24.91
2014-12-21,3.03,26.33,22.43,14.04
2014-12-22,31.08,25.2,21.98,11.44
2014-12-23,14.52,26.77,18.46,9.75
2014-12-24,11.09,28.04,17.35,12.44
2014-12-25,2.4,30.58,18.15,23.39
2014-12-26,0.08,31.35,20.85,28.59
2014-12-27,0.0,32.67,20.94,25.78
2014-12-28,0.68,31.89,22.54,21.77
2014-12-29,9.46,28.07,21.87,20.38
2014-12-30,2.15,29.22,20.68,26.73
2014-12-31,10.22,27.72,21.58,25.08
2015-01-01,3.24,29.66,21.11,26.04
2015-01-02,0.66,28.23,22.73,27.75
2015-01-03,1.54,30.39,22.43,24.49
2015-01-04,4.9,27.38,21.51,15.84
2015-01-05,20.11,29.28,20.43,24.67
2015-01-06,4.94,30.22,20.68,17.6
2015-01-07,4.29,30.42,21.28,24.28
2015-01-08,8.34,31.25,20.94,20.93
2015-01-09,2.06,31.54,21.41,26.83
2015-01-10,3.96,32.74,21.19,29.87
2015-01-11,4.62,32.23,21.81,29.06
2015-01-12,1.09,31.51,22.91,26.28
2015-01-13,3.48,31.32,21.95,27.37
2015-01-14,3.58,27.8,22.08,18.66
2015-01-15,3.45,30.94,20.2,29.31
2015-01-16,0.26,30.42,21.33,26.33
2015-01-17,0.0,32.52,21.87,27.98
2015-01-18,0.0,33.94,22.59,28.64
2015-01-19,1.42,35.75,22.9,28.45
2015-01-20,2.02,35.99,21.88,27.89
2015-01-21,3.28,33.0,21.46,29.25
2015-01-22,0.38,31.42,20.48,24.42
2015-01-23,0.15,30.24,19.08,26.48
2015-01-24,3.21,30.85,19.2,27.34
2015-01-25,1.92,28.22,20.26,27.23
2015-01-26,2.76,29.59,20.5,21.67
2015-01-27,17.1,28.65,20.57,18.12
2015-01-28,27.07,25.97,21.08,19.85
2015-01-29,15.16,28.18,20.52,17.28
2015-01-30,2.75,27.71,20.83,18.69
2015-01-31,1.09,31.18,19.22,24.09
2015-02-01,0.82,32.1,20.11,26.49
2015-02-02,0.58,31.41,20.26,28.12
2015-02-03,5.22,31.16,18.88,27.02
2015-02-04,6.74,25.51,20.5,10.44
2015-02-05,7.13,29.35,20.79,18.25
2015-02-06,0.81,29.01,17.93,24.27
2015-02-07,13.6,29.67,18.13,28.59
2015-02-08,3.15,31.64,17.74,26.53
2015-02-09,2.34,30.53,19.0,19.66
2015-02-10,8.07,29.03,21.22,14.52
2015-02-11,4.33,29.18,21.53,20.12
2015-02-12,12.3,29.31,21.64,23.63
2015-02-13,8.71,31.16,22.16,23.12
2015-02-14,6.73,29.03,21.59,14.27
2015-02-15,13.36,25.5,20.44,10.54
2015-02-16,12.67,29.0,19.08,15.21
2015-02-17,28.23,24.8,20.82,8.11
2015-02-18,7.92,28.19,20.54,14.88
2015-02-19,14.66,28.56,21.52,14.78
2015-02-20,8.06,26.3,21.28,17.74
2015-02-21,1.59,29.53,20.42,24.08
2015-02-22,0.13,31.57,20.7,26.58
2015-02-23,0.01,30.75,20.13,23.65
2015-02-24,1.76,29.07,20.25,23.01
2015-02-25,8.13,28.41,19.46,18.93
2015-02-26,0.13,28.66,20.46,24.32
2015-02-27,0.73,28.54,20.27,22.16
2015-02-28,0.25,30.01,19.93,23.27
2015-03-01,0.04,29.9,18.75,25.02
2015-03-02,0.0,29.69,18.6,23.15
2015-03-03,0.04,31.33,18.98,24.02
2015-03-04,4.03,30.89,20.47,22.82
2015-03-05,10.13,28.73,21.36,21.53
2015-03-06,5.13,27.86,21.57,17.49
2015-03-07,7.38,26.27,20.85,17.36
2015-03-08,11.49,25.66,20.09,12.15
2015-03-09,15.45,26.1,21.05,10.21
2015-03-10,3.46,28.24,19.36,19.36
2015-03-11,5.32,29.09,19.31,22.21
2015-03-12,5.43,28.59,19.56,21.29
2015-03-13,1.65,26.28,20.57,20.42
2015-03-14,1.09,27.22,19.91,14.33
2015-03-15,4.24,28.07,19.34,21.67
2015-03-16,0.75,29.84,19.44,22.45
2015-03-17,0.06,26.44,19.99,22.47
2015-03-18,0.57,24.63,19.34,21.26
2015-03-19,5.19,25.34,18.66,9.38
2015-03-20,2.55,27.62,17.79,15.41
2015-03-21,7.28,26.53,18.76,14.57
2015-03-22,0.34,27.99,17.6,18.58
2015-03-23,0.29,28.36,17.95,23.81
2015-03-24,0.0,28.83,17.16,24.29
2015-03-25,0.05,29.37,16.32,24.45
2015-03-26,0.32,28.86,17.47,24.08
2015-03-27,2.21,29.89,18.92,13.69
2015-03-28,0.52,28.59,20.04,14.83
2015-03-29,12.8,28.61,20.97,15.16
2015-03-30,4.5,28.0,19.11,16.0
2015-03-31,0.87,28.76,19.06,18.72
2015-04-01,0.04,28.95,17.04,21.73
2015-04-02,0.06,30.03,18.2,21.27
2015-04-03,0.01,28.79,16.31,22.91
2015-04-04,7.23,30.19,17.32,18.47
2015-04-05,1.6,29.16,19.74,13.55
2015-04-06,0.22,27.63,18.98,18.36
2015-04-07,0.0,26.34,16.0,19.39
2015-04-08,0.0,26.91,14.12,21.77
2015-04-09,0.0,28.33,16.0,20.12
2015-04-10,0.0,28.52,16.88,20.31
2015-04-11,0.0,28.69,16.57,20.93
2015-04-12,0.0,29.22,16.15,21.12
2015-04-13,0.0,29.39,16.08,21.47
2015-04-14,12.61,28.85,17.07,12.25
2015-04-15,5.95,29.13,19.09,17.76
2015-04-16,0.98,29.0,19.51,13.48
2015-04-17,0.15,28.87,18.65,19.25
2015-04-18,0.98,28.63,18.49,14.56
2015-04-19,3.05,28.56,19.51,15.12
2015-04-20,0.25,30.48,19.97,18.58
2015-04-21,9.62,28.96,20.99,16.86
2015-04-22,5.77,27.43,18.46,11.59
2015-04-23,0.21,28.77,17.15,15.54
2015-04-24,0.01,29.58,17.99,18.09
2015-04-25,0.05,27.76,16.85,19.73
2015-04-26,0.0,26.61,13.98,20.49
2015-04-27,0.05,27.72,15.5,20.42
2015-04-28,0.0,28.33,15.36,18.24
2015-04-29,0.05,26.48,16.27,18.57
2015-04-30,0.0,26.13,14.57,19.26
2015-05-01,0.0,26.33,13.54,19.74
2015-05-02,0.0,27.63,13.67,19.41
2015-05-03,4.22,28.89,14.99,14.56
2015-05-04,47.64,25.53,19.62,10.46
2015-05-05,0.01,25.82,17.67,14.58
2015-05-06,0.05,25.68,15.5,14.2
2015-05-07,0.01,25.49,14.17,17.5
2015-05-08,0.0,23.48,13.6,17.92
2015-05-09,0.09,26.89,12.48,18.01
2015-05-10,5.3,27.12,15.77,8.31
2015-05-11,12.11,24.06,14.79,11.45
2015-05-12,0.03,23.69,12.54,17.33
2015-05-13,0.05,23.7,15.13,15.46
2015-05-14,0.0,25.2,14.12,15.88
2015-05-15,0.03,24.75,15.01,9.98
2015-05-16,0.02,25.38,13.99,14.05
2015-05-17,0.0,25.43,14.4,12.44
2015-05-18,0.36,25.16,16.36,3.95
2015-05-19,2.23,24.88,15.62,12.32
2015-05-20,4.42,22.03,16.19,9.69
2015-05-21,0.9,26.03,16.03,14.97
2015-05-22,0.0,26.35,15.71,16.33
2015-05-23,0.0,24.27,15.91,15.66
2015-05-24,0.0,27.57,15.34,13.42
2015-05-25,0.69,28.77,17.35,13.32
2015-05-26,0.06,29.24,18.07,14.95
2015-05-27,1.18,27.9,17.42,14.04
2015-05-28,6.78,20.16,16.44,5.33
2015-05-29,0.05,22.78,12.74,15.7
2015-05-30,1.59,23.92,10.58,5.18
2015-05-31,38.72,21.76,14.72,6.17
2015-06-01,0.19,25.09,13.43,8.6
2015-06-02,0.09,22.77,14.2,7.15
2015-06-03,0.02,24.57,13.23,11.21
2015-06-04,0.0,26.21,14.42,15.37
2015-06-05,0.06,25.75,14.47,15.5
2015-06-06,0.06,26.03,13.63,15.6
2015-06-07,0.06,26.77,14.42,11.68
2015-06-08,0.0,26.8,13.98,14.98
2015-06-09,0.05,26.9,13.81,14.9
2015-06-10,0.01,27.55,14.14,15.67
2015-06-11,0.0,27.43,15.85,15.65
2015-06-12,0.22,27.76,15.56,12.4
2015-06-13,0.05,27.07,15.54,15.32
2015-06-14,0.09,28.29,15.95,13.74
2015-06-15,2.88,20.39,12.23,4.16
2015-06-16,0.04,21.97,8.88,14.04
2015-06-17,0.0,27.93,13.42,12.64
2015-06-18,0.95,28.39,16.21,12.21
2015-06-19,0.65,21.56,11.97,13.91
2015-06-20,0.0,24.21,11.39,15.75
2015-06-21,0.04,25.36,12.89,15.32
2015-06-22,0.01,25.78,12.63,15.44
2015-06-23,0.06,26.25,12.27,14.44
2015-06-24,0.0,23.97,13.33,14.54
2015-06-25,0.0,23.68,12.89,15.34
2015-06-26,0.0,23.83,12.84,15.07
2015-06-27,0.0,23.7,11.39,15.61
2015-06-28,0.06,23.45,9.14,14.72
2015-06-29,0.0,25.04,10.67,14.27
2015-06-30,0.92,23.49,12.9,12.63
2015-07-01,23.39,21.3,14.75,4.62
2015-07-02,23.02,23.61,14.51,2.91
2015-07-03,6.98,24.91,16.4,3.58
2015-07-04,18.47,19.01,12.64,5.89
2015-07-05,0.44,21.01,10.99,7.03
2015-07-06,0.17,21.51,12.07,11.38
2015-07-07,10.78,21.5,16.07,4.09
2015-07-08,14.4,21.06,12.95,5.9
2015-07-09,0.74,21.86,11.3,12.81
2015-07-10,11.56,25.31,12.37,14.32
2015-07-11,0.69,26.6,13.78,3.93
2015-07-12,2.38,26.28,15.45,14.38
2015-07-13,0.0,27.77,16.19,14.6
2015-07-14,0.35,28.09,16.42,13.64
2015-07-15,0.13,28.14,17.35,8.76
2015-07-16,0.02,26.48,16.64,9.91
2015-07-17,1.08,25.16,16.25,10.94
2015-07-18,0.13,25.77,14.06,16.45
2015-07-19,0.05,26.39,13.71,16.63
2015-07-20,0.0,26.78,13.11,14.82
2015-07-21,0.69,23.99,14.45,9.69
2015-07-22,0.03,23.9,12.36,15.79
2015-07-23,0.03,25.78,12.4,8.25
2015-07-24,0.49,26.71,14.29,8.44
2015-07-25,0.57,23.45,13.42,11.38
2015-07-26,0.01,24.13,11.38,12.83
2015-07-27,0.12,25.42,9.85,18.28
2015-07-28,0.06,27.03,10.71,18.0
2015-07-29,0.0,27.09,12.11,15.75
2015-07-30,0.0,27.39,11.35,16.87
2015-07-31,0.05,28.19,11.61,18.03
2015-08-01,0.0,28.5,12.62,17.74
2015-08-02,0.0,28.48,12.6,18.17
2015-08-03,0.0,29.17,13.07,18.47
2015-08-04,0.05,29.02,14.42,17.81
2015-08-05,0.0,29.0,13.22,16.33
2015-08-06,0.05,29.21,13.82,18.64
2015-08-07,0.0,29.89,13.62,18.49
2015-08-08,0.0,30.5,13.49,18.86
2015-08-09,0.0,29.53,13.89,18.74
2015-08-10,0.0,29.32,14.09,19.0
2015-08-11,0.0,29.69,14.81,19.13
2015-08-12,0.0,28.33,12.89,19.81
2015-08-13,0.05,29.32,12.13,20.02
2015-08-14,0.0,27.58,12.1,19.93
2015-08-15,0.0,29.65,13.73,19.55
2015-08-16,0.0,30.57,14.91,19.64
2015-08-17,0.0,30.61,14.49,17.24
2015-08-18,0.95,27.19,16.8,13.96
2015-08-19,1.76,26.76,14.57,19.65
2015-08-20,0.72,26.82,11.14,21.14
2015-08-21,0.0,26.62,11.72,20.69
2015-08-22,0.0,29.41,12.61,21.11
2015-08-23,0.0,31.56,13.62,19.62
2015-08-24,8.6,23.05,16.81,7.78
2015-08-25,3.15,27.81,14.27,13.39
2015-08-26,0.37,30.66,14.71,18.59
2015-08-27,8.92,28.01,16.98,2.89
2015-08-28,0.12,28.64,13.85,19.85
2015-08-29,0.28,29.46,11.16,22.34
2015-08-30,0.0,33.05,12.3,22.16
2015-08-31,0.06,34.32,14.99,22.27
2015-09-01,0.02,34.04,15.61,22.64
2015-09-02,0.0,31.64,14.83,20.78
2015-09-03,0.0,33.39,14.42,21.53
2015-09-04,0.06,32.11,18.02,15.04
2015-09-05,0.08,27.2,17.43,11.1
2015-09-06,0.02,29.45,14.68,15.59
2015-09-07,18.15,30.05,18.26,9.36
2015-09-08,30.6,29.61,18.74,4.65
2015-09-09,4.58,27.54,18.05,16.19
2015-09-10,22.53,23.74,15.74,3.68
2015-09-11,42.32,26.28,16.94,7.05
2015-09-12,5.68,25.3,15.41,8.39
2015-09-13,0.04,25.49,14.12,18.53
2015-09-14,0.0,26.51,11.72,23.43
2015-09-15,0.0,31.05,13.62,21.5
2015-09-16,0.0,33.11,18.94,22.93
2015-09-17,0.01,33.83,19.86,20.7
2015-09-18,0.0,34.21,19.59,23.26
2015-09-19,0.0,35.06,19.7,24.56
2015-09-20,0.0,34.6,16.82,24.99
2015-09-21,0.0,34.54,15.93,25.27
2015-09-22,0.0,35.32,15.88,24.68
2015-09-23,0.0,35.7,16.04,25.17
2015-09-24,0.0,37.29,20.71,23.6
2015-09-25,3.13,36.79,22.95,16.82
2015-09-26,18.95,30.28,21.58,8.15
2015-09-27,11.24,31.05,20.33,18.32
2015-09-28,2.55,25.36,18.75,15.2
2015-09-29,9.37,27.29,18.13,17.13
2015-09-30,1.2,30.46,17.49,12.72
2015-10-01,0.04,31.66,18.81,22.66
2015-10-02,1.73,34.31,19.06,23.12
2015-10-03,22.9,26.62,20.0,5.27
2015-10-04,0.1,27.49,18.55,16.6
2015-10-05,0.0,30.75,17.06,24.41
2015-10-06,0.0,31.93,14.74,26.4
2015-10-07,0.0,35.14,16.53,25.49
2015-10-08,3.1,35.99,19.48,24.39
2015-10-09,42.97,27.23,20.91,7.66
2015-10-10,2.59,25.94,20.61,12.69
2015-10-11,9.21,26.59,19.28,7.87
2015-10-12,6.46,27.73,16.4,8.77
2015-10-13,0.68,28.5,15.98,23.81
2015-10-14,0.06,34.46,17.79,25.74
2015-10-15,0.74,34.05,19.71,24.54
2015-10-16,0.01,35.9,21.9,23.96
2015-10-17,7.17,34.63,20.31,25.17
2015-10-18,0.0,32.37,16.46,24.95
2015-10-19,0.0,34.53,15.51,26.22
2015-10-20,0.62,35.3,19.07,24.22
2015-10-21,0.0,36.74,22.17,20.62
2015-10-22,6.32,35.8,23.13,19.56
2015-10-23,7.94,29.73,21.99,7.04
2015-10-24,0.1,32.12,18.08,23.91
2015-10-25,3.62,31.13,17.4,20.48
2015-10-26,12.6,29.81,17.49,16.69
2015-10-27,9.57,29.77,19.93,18.63
2015-10-28,2.94,29.16,20.57,15.94
2015-10-29,0.03,31.48,18.09,28.18
2015-10-30,0.32,32.37,16.98,25.56
2015-10-31,12.8,26.23,21.1,5.88
2015-11-01,16.5,26.73,20.77,11.12
2015-11-02,8.07,29.16,20.13,12.42
2015-11-03,20.12,26.72,20.66,15.21
2015-11-04,18.24,26.38,21.59,18.1
2015-11-05,20.35,29.71,21.47,13.16
2015-11-06,4.62,26.96,18.88,19.06
2015-11-07,0.06,29.87,16.43,19.67
2015-11-08,5.62,29.19,18.03,18.07
2015-11-09,0.85,31.83,19.87,19.21
2015-11-10,1.13,32.16,21.49,24.23
2015-11-11,0.17,29.57,22.04,15.33
2015-11-12,0.0,30.74,22.07,24.87
2015-11-13,4.29,29.36,21.58,21.68
2015-11-14,8.69,27.79,21.05,23.52
2015-11-15,23.06,31.14,21.92,17.91
2015-11-16,36.94,28.46,21.45,19.0
2015-11-17,18.14,30.04,20.5,18.02
2015-11-18,6.66,29.85,20.86,20.71
2015-11-19,17.16,29.89,22.29,19.19
2015-11-20,7.84,26.21,19.55,11.23
2015-11-21,0.0,31.29,17.67,25.57
2015-11-22,0.47,31.11,18.11,24.28
2015-11-23,27.07,29.69,21.95,12.67
2015-11-24,28.52,24.01,20.18,3.33
2015-11-25,8.59,24.97,20.24,3.88
2015-11-26,0.48,30.12,19.02,20.14
2015-11-27,1.45,31.83,18.75,26.37
2015-11-28,24.94,27.25,20.67,16.73
2015-11-29,2.84,28.95,20.74,14.55
2015-11-30,6.55,27.01,20.07,14.2
2015-12-01,3.13,30.93,16.83,20.37
2015-12-02,5.25,29.6,20.41,22.41
2015-12-03,8.42,28.64,20.45,10.61
2015-12-04,6.39,29.01,20.55,23.82
2015-12-05,1.03,28.14,20.66,20.96
2015-12-06,3.61,27.64,20.64,11.61
2015-12-07,2.53,29.09,20.25,19.96
2015-12-08,16.16,28.82,20.87,22.49
2015-12-09,16.32,27.7,21.35,19.73
2015-12-10,8.6,27.07,22.07,11.6
2015-12-11,14.04,27.0,21.41,15.15
2015-12-12,8.98,28.11,21.06,4.93
2015-12-13,0.79,30.16,20.36,27.9
2015-12-14,11.53,29.25,21.85,25.93
2015-12-15,0.94,28.78,21.23,14.85
2015-12-16,0.42,27.32,21.01,21.8
2015-12-17,0.46,31.56,19.29,27.33
2015-12-18,3.41,31.11,21.5,27.58
2015-12-19,6.24,30.09,22.25,12.77
2015-12-20,20.0,30.27,21.52,12.95
2015-12-21,0.65,30.85,20.04,26.4
2015-12-22,1.14,29.12,21.7,26.24
2015-12-23,16.38,26.26,22.05,21.25
2015-12-24,15.5,29.92,21.0,20.65
2015-12-25,33.73,29.79,21.55,19.17
2015-12-26,10.21,27.38,21.75,11.73
2015-12-27,6.87,27.99,21.33,10.58
2015-12-28,38.19,25.39,21.18,16.5
2015-12-29,22.29,26.48,20.76,11.45
2015-12-30,4.85,25.18,20.93,13.01
2015-12-31,7.6,27.91,20.81,13.95
2016-01-01,4.16,27.14,21.8,17.55
2016-01-02,2.64,26.08,21.63,20.08
2016-01-03,7.2,26.13,21.61,12.54
2016-01-04,0.48,28.42,19.37,18.13
2016-01-05,0.07,30.74,19.06,24.69
2016-01-06,0.31,30.06,21.04,26.51
2016-01-07,0.02,31.48,21.76,27.06
2016-01-08,13.95,30.62,21.85,24.2
2016-01-09,39.37,26.73,22.41,9.65
2016-01-10,38.83,26.56,21.79,15.81
2016-01-11,45.82,26.65,22.61,5.49
2016-01-12,30.5,26.77,22.56,15.21
2016-01-13,11.52,26.7,23.09,17.75
2016-01-14,4.55,28.94,22.11,19.58
2016-01-15,0.28,29.01,20.75,16.62
2016-01-16,0.0,28.95,19.98,25.86
2016-01-17,0.0,28.24,15.63,30.03
2016-01-18,0.0,28.38,16.84,28.34
2016-01-19,0.0,29.05,17.4,24.03
2016-01-20,0.0,29.32,17.7,25.6
2016-01-21,0.0,28.85,17.5,29.34
2016-01-22,0.0,28.68,16.83,30.07
2016-01-23,0.19,29.65,16.23,27.51
2016-01-24,4.27,31.01,18.42,27.48
2016-01-25,7.36,30.09,20.86,23.8
2016-01-26,8.53,30.54,21.32,25.7
2016-01-27,15.76,28.45,22.38,17.68
2016-01-28,9.45,30.48,20.25,23.41
2016-01-29,13.08,28.66,22.08,18.9
2016-01-30,6.8,27.71,21.06,15.59
2016-01-31,1.03,28.69,21.01,26.6
2016-02-01,0.22,30.83,22.06,25.98
2016-02-02,1.04,32.64,20.99,27.41
2016-02-03,7.8,30.18,21.96,24.95
2016-02-04,18.05,29.75,22.29,20.64
2016-02-05,1.19,31.75,20.34,21.11
2016-02-06,0.08,30.8,20.55,24.34
2016-02-07,3.29,28.04,22.61,24.41
2016-02-08,0.96,30.52,20.97,22.01
2016-02-09,0.97,30.93,21.87,25.43
2016-02-10,11.5,30.24,21.08,24.81
2016-02-11,28.9,28.55,22.95,21.14
2016-02-12,7.91,30.52,18.9,21.08
2016-02-13,0.0,27.55,18.06,26.45
2016-02-14,3.63,31.55,21.18,23.24
2016-02-15,21.82,29.25,22.71,18.2
2016-02-16,17.92,27.03,22.28,16.75
2016-02-17,2.23,29.32,21.9,17.95
2016-02-18,10.25,29.75,21.79,13.81
2016-02-19,3.68,29.84,22.37,23.85
2016-02-20,12.34,28.48,21.77,21.1
2016-02-21,20.63,26.89,21.75,11.23
2016-02-22,35.78,25.57,21.19,8.48
2016-02-23,23.75,26.01,20.29,8.97
2016-02-24,5.96,26.36,19.39,13.35
2016-02-25,10.62,26.84,19.55,16.5
2016-02-26,18.06,28.38,21.0,21.88
2016-02-27,17.57,25.06,22.0,16.35
2016-02-28,9.24,26.89,21.76,13.57
2016-02-29,1.64,24.08,19.68,12.4
2016-03-01,0.11,26.8,17.96,13.59
2016-03-02,4.87,25.96,19.07,12.34
2016-03-03,8.09,28.33,20.14,17.19
2016-03-04,0.41,27.41,19.07,24.89
2016-03-05,0.0,27.82,18.02,25.07
2016-03-06,0.29,29.49,16.96,18.52
2016-03-07,0.57,28.53,19.74,21.65
2016-03-08,21.17,30.27,19.91,23.55
2016-03-09,12.31,26.75,21.68,18.56
2016-03-10,7.97,28.97,21.21,16.12
2016-03-11,0.88,27.27,19.24,23.0
2016-03-12,0.0,27.93,16.75,26.58
2016-03-13,0.01,28.91,17.07,20.65
2016-03-14,1.03,29.94,18.08,22.81
2016-03-15,8.28,28.62,19.64,19.92
2016-03-16,0.93,27.57,19.89,21.19
2016-03-17,2.9,29.2,19.0,23.37
2016-03-18,0.12,30.54,18.97,24.29
2016-03-19,0.0,31.29,18.93,24.54
2016-03-20,0.0,30.2,19.25,24.88
2016-03-21,0.0,30.6,19.25,22.48
2016-03-22,0.19,31.15,21.25,19.59
2016-03-23,6.89,28.82,21.2,17.45
2016-03-24,37.59,25.17,21.27,13.61
2016-03-25,8.81,25.88,20.45,12.39
2016-03-26,5.02,26.64,19.76,11.59
2016-03-27,0.0,27.56,17.68,19.01
2016-03-28,0.0,27.23,17.9,22.85
2016-03-29,0.0,30.77,17.36,21.59
2016-03-30,0.04,27.89,19.49,17.96
2016-03-31,1.19,28.67,20.17,22.31
2016-04-01,0.1,29.92,19.31,22.5
2016-04-02,0.19,29.94,19.27,22.64
2016-04-03,0.0,32.3,19.33,21.57
2016-04-04,0.0,31.52,19.6,22.37
2016-04-05,0.0,30.65,20.12,22.51
2016-04-06,0.0,30.97,19.18,22.31
2016-04-07,0.0,32.01,20.36,22.24
2016-04-08,0.0,32.2,19.42,22.48
2016-04-09,0.0,31.72,19.11,21.86
2016-04-10,0.0,28.76,19.79,20.15
2016-04-11,0.04,30.59,19.54,20.42
2016-04-12,0.02,30.98,19.87,20.34
2016-04-13,0.01,30.11,20.38,20.84
2016-04-14,1.77,30.52,18.63,17.97
2016-04-15,0.56,29.45,20.0,14.21
2016-04-16,0.0,30.08,19.92,20.81
2016-04-17,0.0,29.76,18.0,20.65
2016-04-18,0.0,29.79,17.9,20.01
2016-04-19,0.0,29.01,18.09,20.99
2016-04-20,0.0,29.89,17.78,19.93
2016-04-21,0.0,29.68,18.39,18.86
2016-04-22,0.0,30.85,19.39,17.32
2016-04-23,0.0,29.74,17.95,19.18
2016-04-24,0.0,29.08,18.23,16.42
2016-04-25,0.81,28.69,18.69,17.21
2016-04-26,61.65,25.09,18.8,2.2
2016-04-27,0.59,19.47,8.81,13.79
2016-04-28,0.01,19.47,6.9,16.44
2016-04-29,0.0,22.43,10.21,13.61
2016-04-30,0.02,21.8,9.79,19.69
2016-05-01,0.0,22.03,9.35,19.73
2016-05-02,0.0,22.41,8.07,20.35
2016-05-03,0.0,24.73,9.4,18.59
2016-05-04,0.0,25.67,11.66,19.09
2016-05-05,0.0,25.67,12.57,16.27
2016-05-06,0.05,26.16,13.79,16.78
2016-05-07,0.64,26.59,15.32,8.05
2016-05-08,6.54,26.41,16.3,8.28
2016-05-09,29.13,27.5,16.56,7.32
2016-05-10,2.39,25.55,17.41,6.21
2016-05-11,1.96,23.01,16.46,10.94
2016-05-12,1.32,25.77,15.97,12.37
2016-05-13,0.29,24.01,14.84,12.54
2016-05-14,0.0,25.21,13.84,17.58
2016-05-15,0.34,26.89,14.01,17.42
2016-05-16,5.87,27.17,17.27,10.36
2016-05-17,0.09,22.71,13.5,13.67
2016-05-18,17.2,20.44,14.61,5.73
2016-05-19,0.78,22.02,14.42,7.55
2016-05-20,4.62,26.43,14.6,15.92
2016-05-21,6.06,24.58,19.05,8.84
2016-05-22,4.94,25.32,15.11,4.39
2016-05-23,0.1,18.92,10.36,16.94
2016-05-24,0.04,20.57,7.51,16.37
2016-05-25,0.0,22.93,11.03,17.03
2016-05-26,0.61,25.05,12.74,16.18
2016-05-27,7.58,23.01,14.2,6.21
2016-05-28,11.63,24.51,15.03,14.91
2016-05-29,44.94,20.91,15.53,7.3
2016-05-30,24.55,23.33,14.88,3.82
2016-05-31,6.46,24.56,16.47,9.46
2016-06-01,14.23,24.84,15.35,8.8
2016-06-02,16.0,21.81,12.98,12.84
2016-06-03,2.43,20.68,11.43,6.03
2016-06-04,3.72,22.67,13.75,4.4
2016-06-05,31.39,24.16,16.79,4.25
2016-06-06,10.62,23.71,16.15,6.22
2016-06-07,1.4,20.09,10.15,12.08
2016-06-08,0.02,18.69,7.74,14.31
2016-06-09,0.14,19.22,5.18,15.43
2016-06-10,0.0,18.78,4.88,13.14
2016-06-11,0.0,17.76,5.3,15.84
2016-06-12,0.0,16.4,1.64,17.17
2016-06-13,0.04,16.76,1.33,17.34
2016-06-14,0.0,20.42,6.11,15.87
2016-06-15,0.0,23.72,8.81,15.38
2016-06-16,0.0,24.59,10.92,15.36
2016-06-17,0.0,24.19,10.7,15.59
2016-06-18,0.45,24.4,12.53,15.59
2016-06-19,0.01,23.56,10.55,15.0
2016-06-20,0.03,22.13,11.17,12.49
2016-06-21,0.03,20.45,10.86,13.02
2016-06-22,1.32,23.26,12.03,11.83
2016-06-23,0.83,23.44,12.06,15.4
2016-06-24,0.0,23.88,12.34,15.23
2016-06-25,0.0,23.48,12.02,14.32
2016-06-26,0.0,23.11,13.34,14.22
2016-06-27,0.0,22.59,11.61,15.96
2016-06-28,0.0,23.1,10.74,10.95
2016-06-29,0.0,23.97,10.82,15.57
2016-06-30,0.0,23.67,13.35,12.57
2016-07-01,0.0,24.71,12.7,13.1
2016-07-02,0.0,24.67,13.5,14.53
2016-07-03,0.0,24.78,12.21,15.83
2016-07-04,0.0,24.79,13.11,15.81
2016-07-05,0.0,24.92,12.99,13.76
2016-07-06,0.15,24.91,12.56,12.17
2016-07-07,0.05,19.23,9.18,16.41
2016-07-08,0.04,20.92,6.17,16.66
2016-07-09,0.0,22.06,6.27,16.93
2016-07-10,0.0,26.15,11.22,16.25
2016-07-11,0.0,26.84,13.13,16.34
2016-07-12,0.01,27.36,13.09,16.08
2016-07-13,0.0,27.0,14.59,16.21
2016-07-14,0.01,26.68,13.84,15.39
2016-07-15,0.62,26.96,14.59,14.07
2016-07-16,16.39,20.61,9.28,6.2
2016-07-17,0.0,16.66,5.62,18.18
2016-07-18,0.05,19.19,3.49,17.36
2016-07-19,0.0,18.56,6.9,13.7
2016-07-20,0.0,22.25,7.93,10.58
2016-07-21,0.0,22.06,9.79,13.75
2016-07-22,0.0,21.31,9.5,15.91
2016-07-23,0.01,23.36,9.15,17.35
2016-07-24,0.02,26.7,10.08,17.31
2016-07-25,0.0,26.14,12.61,17.58
2016-07-26,0.0,26.07,12.04,17.11
2016-07-27,0.0,25.49,13.05,17.12
2016-07-28,0.0,25.74,11.72,15.74
2016-07-29,0.0,25.08,11.68,16.22
2016-07-30,0.0,25.27,11.86,17.7
2016-07-31,0.0,25.29,13.53,16.04
2016-08-01,0.0,26.06,11.98,16.39
2016-08-02,0.0,26.46,12.96,17.7
2016-08-03,0.0,24.85,12.36,17.78
2016-08-04,0.0,26.23,13.19,17.18
2016-08-05,0.0,27.54,14.07,17.25
2016-08-06,0.0,27.52,16.18,18.66
2016-08-07,0.0,28.56,15.92,16.15
2016-08-08,0.08,27.03,15.97,15.06
2016-08-09,0.99,24.37,16.46,6.64
2016-08-10,0.02,22.9,11.13,15.91
2016-08-11,0.04,21.3,9.19,20.66
2016-08-12,0.0,22.21,8.05,20.92
2016-08-13,0.0,24.76,9.0,19.95
2016-08-14,0.0,28.16,14.58,19.29
2016-08-15,0.23,27.63,15.02,10.43
2016-08-16,11.66,25.08,15.72,14.62
2016-08-17,0.01,28.44,15.12,18.0
2016-08-18,5.01,29.38,17.43,17.11
2016-08-19,2.14,29.55,14.67,15.91
2016-08-20,8.42,24.75,16.76,7.55
2016-08-21,25.91,20.16,11.1,13.06
2016-08-22,0.03,19.12,8.54,21.06
2016-08-23,0.0,22.85,6.81,21.35
2016-08-24,0.0,26.41,10.73,21.61
2016-08-25,0.0,28.39,12.67,21.11
2016-08-26,0.0,28.52,13.03,22.03
2016-08-27,0.0,27.94,11.96,21.64
2016-08-28,0.0,30.03,12.45,20.65
2016-08-29,0.16,29.67,14.26,11.22
2016-08-30,16.91,24.94,13.86,2.27
2016-08-31,23.94,22.2,13.11,13.04
2016-09-01,0.0,25.77,10.96,22.38
2016-09-02,0.05,28.24,13.34,20.95
2016-09-03,2.97,23.06,16.14,6.05
2016-09-04,9.94,23.67,16.23,6.92
2016-09-05,3.09,22.97,14.07,10.08
2016-09-06,8.44,23.2,14.51,11.4
2016-09-07,0.06,20.56,9.15,21.92
2016-09-08,0.0,23.39,6.07,13.82
2016-09-09,0.68,26.49,10.18,23.05
2016-09-10,0.0,28.49,13.36,21.58
2016-09-11,0.0,30.35,14.82,22.85
2016-09-12,0.0,31.06,15.44,22.71
2016-09-13,0.49,30.2,17.11,13.87
2016-09-14,1.82,19.28,12.42,11.67
2016-09-15,0.0,25.32,8.75,24.96
2016-09-16,0.0,24.09,12.33,18.64
2016-09-17,0.0,29.55,14.46,19.87
2016-09-18,0.0,32.54,16.66,19.62
2016-09-19,2.06,30.89,18.37,10.9
2016-09-20,1.23,26.68,15.56,17.64
2016-09-21,0.0,24.67,9.8,25.01
2016-09-22,0.0,26.13,11.99,26.16
2016-09-23,0.0,28.39,12.94,25.1
2016-09-24,0.0,26.7,13.91,24.81
2016-09-25,0.03,26.19,14.66,17.14
2016-09-26,0.0,26.33,11.78,26.14
2016-09-27,0.0,26.97,11.38,26.62
2016-09-28,0.0,28.41,10.41,26.54
2016-09-29,0.0,29.44,10.59,27.01
2016-09-30,0.0,27.96,12.61,25.78
2016-10-01,0.0,27.81,13.84,24.84
2016-10-02,0.01,28.56,13.37,25.25
2016-10-03,3.46,27.3,14.85,12.83
2016-10-04,0.19,26.87,16.25,15.15
2016-10-05,0.0,26.85,15.09,18.44
2016-10-06,0.03,23.96,12.84,19.7
2016-10-07,0.01,26.26,10.51,27.81
2016-10-08,0.0,29.03,12.53,27.99
2016-10-09,0.0,30.94,14.24,26.68
2016-10-10,0.06,30.12,14.72,27.59
2016-10-11,0.25,30.59,15.14,15.01
2016-10-12,4.58,26.41,16.86,21.6
2016-10-13,27.52,25.96,19.47,8.9
2016-10-14,12.67,27.56,18.18,9.58
2016-10-15,0.45,29.71,20.15,21.18
2016-10-16,0.0,32.97,19.78,21.93
2016-10-17,0.2,34.24,21.1,24.99
2016-10-18,0.65,34.45,21.67,23.63
2016-10-19,2.05,31.49,21.44,23.65
2016-10-20,8.39,30.25,22.12,18.6
2016-10-21,12.17,29.01,21.49,13.76
2016-10-22,0.21,28.19,17.79,22.11
2016-10-23,2.56,31.69,16.4,25.95
2016-10-24,23.73,28.67,19.81,20.96
2016-10-25,8.77,27.78,20.79,11.78
2016-10-26,4.85,30.29,20.21,14.91
2016-10-27,5.2,25.76,17.94,20.14
2016-10-28,0.0,24.66,14.07,30.51
2016-10-29,0.01,26.97,10.05,30.66
2016-10-30,0.31,29.27,13.63,28.07
2016-10-31,1.55,28.73,16.88,23.28
2016-11-01,0.11,29.27,19.34,26.87
2016-11-02,10.57,30.08,19.36,16.37
2016-11-03,1.2,26.28,20.17,17.01
2016-11-04,0.01,29.62,16.58,22.71
2016-11-05,0.08,30.49,16.04,29.6
2016-11-06,3.91,30.33,16.49,26.52
2016-11-07,3.53,30.07,18.08,26.62
2016-11-08,0.35,31.26,18.06,26.68
2016-11-09,4.88,30.06,18.54,22.45
2016-11-10,0.28,32.56,19.39,27.43
2016-11-11,2.69,32.5,19.9,16.55
2016-11-12,10.79,26.12,17.3,10.82
2016-11-13,4.74,24.1,16.06,8.87
2016-11-14,0.74,28.67,17.85,16.21
2016-11-15,0.07,30.27,16.96,26.3
2016-11-16,0.36,31.2,19.23,26.55
2016-11-17,1.48,32.19,19.0,26.02
2016-11-18,0.06,30.91,17.06,28.56
2016-11-19,0.0,27.98,12.45,31.17
2016-11-20,0.0,29.62,11.61,32.28
2016-11-21,0.02,31.89,13.49,28.79
2016-11-22,2.32,31.88,18.41,24.73
2016-11-23,1.25,32.38,20.62,25.35
2016-11-24,3.07,31.97,20.21,26.15
2016-11-25,0.97,32.24,19.34,25.44
2016-11-26,3.4,29.39,21.07,26.28
2016-11-27,1.41,30.28,20.82,17.35
2016-11-28,5.57,31.95,21.3,16.67
2016-11-29,6.65,31.41,21.42,19.44
2016-11-30,0.41,29.07,16.81,24.46
2016-12-01,0.03,29.57,15.64,20.25
2016-12-02,3.4,29.53,18.13,20.83
2016-12-03,16.12,26.21,20.83,9.12
2016-12-04,1.14,30.72,20.63,25.71
2016-12-05,0.01,32.14,18.21,28.79
2016-12-06,0.02,34.22,17.2,29.89
2016-12-07,2.21,31.99,19.25,27.22
2016-12-08,15.11,28.23,21.28,24.97
2016-12-09,15.21,30.16,19.62,20.51
2016-12-10,20.14,28.43,20.83,11.31
2016-12-11,10.57,28.98,22.04,13.9
2016-12-12,3.79,30.69,22.2,18.79
2016-12-13,1.2,31.11,21.84,18.14
2016-12-14,0.12,33.07,20.66,21.73
2016-12-15,0.11,27.59,17.07,26.36
2016-12-16,0.03,28.43,15.01,19.34
2016-12-17,0.03,30.55,17.45,27.17
2016-12-18,7.65,29.13,18.59,28.56
2016-12-19,4.34,27.79,19.6,20.24
2016-12-20,15.38,26.21,18.52,15.36
2016-12-21,11.07,24.28,19.45,12.21
2016-12-22,4.16,28.19,19.07,22.6
2016-12-23,2.42,30.11,19.65,19.61
2016-12-24,0.17,30.96,21.14,26.72
2016-12-25,0.39,34.48,18.66,28.68
2016-12-26,0.74,32.87,21.3,30.34
2016-12-27,1.89,33.57,21.62,28.45
2016-12-28,1.43,32.71,22.12,19.2
2016-12-29,5.15,28.53,21.6,22.17
2016-12-30,16.32,28.11,20.89,16.83
2016-12-31,1.98,29.5,21.76,18.34
2017-01-01,2.19,27.4,20.4,19.43
2017-01-02,1.13,28.5,20.5,21.75
2017-01-03,3.87,29.21,20.6,20.46
2017-01-04,2.49,30.84,20.97,15.57
2017-01-05,4.7,28.2,21.19,21.48
2017-01-06,1.37,30.58,22.37,22.93
2017-01-07,0.96,32.41,21.64,27.11
2017-01-08,0.76,31.68,21.4,27.19
2017-01-09,2.87,30.33,22.48,23.76
2017-01-10,25.65,28.06,21.92,21.66
2017-01-11,4.39,30.13,21.42,26.66
2017-01-12,3.37,28.69,22.2,21.84
2017-01-13,0.49,30.07,20.36,23.79
2017-01-14,4.46,31.42,20.44,23.51
2017-01-15,7.42,30.2,21.03,24.47
2017-01-16,21.54,27.75,21.32,15.18
2017-01-17,20.46,26.0,21.31,14.62
2017-01-18,7.01,30.4,20.69,23.47
2017-01-19,8.56,29.42,20.94,14.11
2017-01-20,0.95,24.64,19.55,17.71
2017-01-21,4.11,23.38,19.32,20.27
2017-01-22,9.27,26.2,18.5,19.83
2017-01-23,6.47,26.87,19.12,18.91
2017-01-24,21.26,28.76,19.94,23.9
2017-01-25,21.11,25.39,20.75,11.15
2017-01-26,6.39,27.51,19.67,14.66
2017-01-27,21.77,27.37,19.25,15.98
2017-01-28,13.3,28.32,19.77,13.91
2017-01-29,9.04,30.0,19.58,17.96
2017-01-30,5.65,29.14,20.19,19.7
2017-01-31,3.86,26.61,20.17,10.01
2017-02-01,9.34,28.32,19.6,22.39
2017-02-02,7.72,27.1,19.3,22.88
2017-02-03,11.12,27.86,21.02,19.16
2017-02-04,0.83,30.55,20.06,26.51
2017-02-05,0.46,31.5,21.02,27.57
2017-02-06,1.29,30.33,21.01,26.95
2017-02-07,4.03,31.45,21.5,26.19
2017-02-08,0.52,32.27,21.04,26.19
2017-02-09,0.01,31.4,20.2,27.41
2017-02-10,0.16,31.2,19.54,24.65
2017-02-11,0.45,27.62,21.25,24.57
2017-02-12,23.29,28.98,19.92,21.17
2017-02-13,20.52,26.26,21.66,12.34
2017-02-14,2.87,30.25,21.73,21.39
2017-02-15,0.15,30.77,19.53,27.9
2017-02-16,0.2,31.41,20.55,27.24
2017-02-17,18.89,29.59,21.72,25.59
2017-02-18,1.94,30.07,21.24,26.6
2017-02-19,0.86,31.42,20.89,21.78
2017-02-20,0.39,32.76,21.05,27.67
2017-02-21,0.12,31.03,20.45,27.17
2017-02-22,0.81,31.08,20.45,26.29
2017-02-23,5.57,29.78,20.51,19.09
2017-02-24,3.19,28.89,20.67,13.97
2017-02-25,6.18,27.97,19.66,14.91
2017-02-26,3.17,28.07,19.84,21.98
2017-02-27,0.66,30.84,20.06,24.17
2017-02-28,2.5,28.9,21.11,25.11
2017-03-01,1.59,29.65,20.35,22.44
2017-03-02,15.24,28.3,20.81,13.81
2017-03-03,16.65,27.05,20.69,14.63
2017-03-04,6.45,28.27,21.54,19.8
2017-03-05,11.94,26.65,21.79,15.99
2017-03-06,1.24,30.22,21.03,18.39
2017-03-07,0.7,30.78,21.4,19.13
2017-03-08,0.12,30.7,22.1,23.92
2017-03-09,0.84,30.46,21.55,23.82
2017-03-10,4.81,28.28,22.88,18.49
2017-03-11,2.51,29.21,20.98,23.4
2017-03-12,7.39,29.9,21.71,21.95
2017-03-13,11.44,28.82,21.51,21.38
2017-03-14,2.38,28.85,20.81,22.12
2017-03-15,0.26,30.63,20.05,24.38
2017-03-16,0.76,29.55,20.89,23.36
2017-03-17,13.32,28.99,20.48,12.77
2017-03-18,11.05,25.09,18.91,8.03
2017-03-19,0.38,28.08,17.6,11.42
2017-03-20,0.06,28.19,16.93,23.56
2017-03-21,0.09,28.12,16.11,25.16
2017-03-22,0.07,28.88,16.29,22.61
2017-03-23,0.0,29.77,17.92,20.23
2017-03-24,0.0,30.74,18.28,21.73
2017-03-25,0.0,31.03,18.88,23.31
2017-03-26,5.7,29.42,19.27,22.13
2017-03-27,0.29,25.32,18.38,15.64
2017-03-28,0.01,28.35,18.29,20.03
2017-03-29,0.0,27.48,16.97,23.71
2017-03-30,0.01,28.26,15.38,23.59
2017-03-31,0.0,27.22,15.61,23.96
2017-04-01,0.01,26.77,13.89,23.65
2017-04-02,0.0,27.54,14.79,23.76
2017-04-03,0.01,28.3,16.43,20.8
2017-04-04,0.02,29.74,16.28,17.32
2017-04-05,14.18,29.07,18.65,9.41
2017-04-06,7.17,29.71,21.49,13.73
2017-04-07,23.68,28.97,21.94,13.8
2017-04-08,1.0,27.65,20.37,11.41
2017-04-09,0.04,25.94,20.37,17.87
2017-04-10,0.03,30.28,19.13,18.24
2017-04-11,1.2,29.67,21.63,17.51
2017-04-12,1.57,28.22,19.71,16.27
2017-04-13,0.03,27.28,16.49,21.25
2017-04-14,0.0,29.97,16.4,21.63
2017-04-15,0.0,30.52,17.55,21.14
2017-04-16,0.07,29.75,17.4,12.1
2017-04-17,0.04,27.89,19.31,16.59
2017-04-18,0.02,25.33,17.71,19.57
2017-04-19,0.0,26.97,15.58,18.03
2017-04-20,13.51,27.66,17.59,9.69
2017-04-21,21.81,21.04,14.93,8.18
2017-04-22,0.33,25.61,14.43,19.05
2017-04-23,0.33,25.63,14.21,19.87
2017-04-24,0.17,27.22,14.52,19.29
2017-04-25,0.1,27.95,15.67,18.3
2017-04-26,13.3,26.64,17.87,4.98
2017-04-27,2.72,23.94,12.49,19.37
2017-04-28,0.06,24.04,11.41,17.59
2017-04-29,0.01,25.13,12.16,19.96
2017-04-30,0.04,25.18,14.15,18.74
2017-05-01,4.4,24.52,15.55,17.36
2017-05-02,0.44,26.88,15.79,17.95
2017-05-03,0.01,27.59,15.22,18.8
2017-05-04,11.36,26.28,15.83,9.59
2017-05-05,9.79,25.03,16.76,10.02
2017-05-06,1.45,26.47,16.05,17.99
2017-05-07,0.07,25.39,14.94,17.63
2017-05-08,0.04,25.43,14.78,19.21
2017-05-09,0.02,26.73,12.37,17.14
2017-05-10,0.0,26.87,17.86,13.85
2017-05-11,0.0,23.89,16.9,16.78
2017-05-12,0.0,26.34,14.5,17.26
2017-05-13,0.57,27.67,14.98,16.73
2017-05-14,3.17,26.07,17.2,14.04
2017-05-15,0.82,26.54,14.73,11.9
2017-05-16,0.02,21.56,15.93,7.93
2017-05-17,0.13,25.6,13.66,11.74
2017-05-18,19.92,25.35,15.61,4.9
2017-05-19,68.83,23.79,19.48,2.74
2017-05-20,9.4,23.15,18.27,6.56
2017-05-21,63.73,24.36,18.09,2.01
2017-05-22,1.08,26.09,16.59,13.77
2017-05-23,0.16,23.38,14.05,15.38
2017-05-24,0.03,27.1,14.65,13.86
2017-05-25,0.0,28.07,18.38,16.01
2017-05-26,0.0,27.9,18.68,16.01
2017-05-27,0.0,27.6,17.87,13.98
2017-05-28,0.0,25.15,18.0,12.67
2017-05-29,0.0,26.93,15.89,14.17
2017-05-30,0.0,26.18,15.93,12.9
2017-05-31,0.31,24.97,16.31,13.86
2017-06-01,0.11,19.62,11.58,12.24
2017-06-02,0.01,20.37,8.89,16.79
2017-06-03,0.09,23.23,8.55,16.8
2017-06-04,0.35,26.75,12.17,16.06
2017-06-05,14.85,26.97,16.9,7.16
2017-06-06,10.02,27.0,18.35,11.79
2017-06-07,6.75,27.31,17.73,14.25
2017-06-08,0.41,27.1,16.49,13.5
2017-06-09,0.97,19.71,7.85,5.14
2017-06-10,0.0,17.51,5.18,17.39
2017-06-11,0.03,20.06,4.38,17.2
2017-06-12,6.21,20.88,7.35,9.45
2017-06-13,30.06,20.85,13.36,3.94
2017-06-14,4.5,23.77,14.71,11.25
2017-06-15,0.05,23.54,13.13,15.99
2017-06-16,0.03,23.75,12.62,15.71
2017-06-17,0.04,25.48,11.96,16.05
2017-06-18,0.09,24.92,13.16,11.12
2017-06-19,0.04,26.14,14.28,15.32
2017-06-20,1.06,23.27,13.81,8.99
2017-06-21,0.34,23.6,12.02,15.82
2017-06-22,0.13,23.98,13.81,15.92
2017-06-23,0.0,23.9,13.47,15.8
2017-06-24,0.0,23.78,12.48,15.65
2017-06-25,0.01,23.34,13.15,15.68
2017-06-26,0.0,23.14,11.52,16.35
2017-06-27,0.02,23.62,11.1,15.91
2017-06-28,0.0,24.07,11.16,15.37
2017-06-29,0.0,24.93,13.16,13.99
2017-06-30,0.0,24.39,13.97,10.49
2017-07-01,0.0,24.78,12.04,15.46
2017-07-02,0.0,19.89,11.76,14.95
2017-07-03,0.0,18.12,10.01,14.57
2017-07-04,0.0,18.81,8.77,15.77
2017-07-05,0.0,20.47,8.0,14.6
2017-07-06,0.0,21.74,8.15,12.13
2017-07-07,0.0,22.92,10.46,14.96
2017-07-08,0.0,22.96,11.54,10.71
2017-07-09,0.0,23.28,12.6,14.02
2017-07-10,0.0,24.33,11.47,16.1
2017-07-11,0.0,25.36,11.71,16.05
2017-07-12,0.0,24.92,11.45,16.1
2017-07-13,0.0,24.99,11.6,16.75
2017-07-14,0.0,24.94,11.69,16.91
2017-07-15,0.0,24.47,10.32,16.83
2017-07-16,0.0,25.12,12.41,16.01
2017-07-17,0.0,26.04,10.58,16.74
2017-07-18,0.05,17.42,8.44,6.15
2017-07-19,0.0,18.96,6.43,16.55
2017-07-20,0.0,23.37,9.35,16.48
2017-07-21,0.0,24.96,9.45,17.59
2017-07-22,0.0,24.42,9.89,17.91
2017-07-23,0.0,25.12,9.41,17.51
2017-07-24,0.0,25.26,10.29,17.88
2017-07-25,0.0,25.78,10.77,17.97
2017-07-26,0.1,25.7,11.34,17.97
2017-07-27,0.02,25.04,11.46,18.1
2017-07-28,0.02,24.54,12.21,18.32
2017-07-29,0.03,24.73,9.89,18.28
2017-07-30,0.0,24.85,11.37,14.81
2017-07-31,0.0,24.55,10.69,15.47
2017-08-01,0.0,24.54,9.93,10.53
2017-08-02,0.0,26.38,12.2,17.39
2017-08-03,0.25,22.03,14.14,7.84
2017-08-04,0.05,22.7,11.31,16.34
2017-08-05,0.08,22.98,10.28,17.79
2017-08-06,0.09,23.83,9.87,19.35
2017-08-07,0.0,26.01,10.25,18.14
2017-08-08,0.01,28.1,14.93,14.51
2017-08-09,0.0,31.41,15.24,17.86
2017-08-10,0.07,31.05,15.04,17.64
2017-08-11,0.07,27.73,12.49,18.34
2017-08-12,0.02,30.31,13.28,17.83
2017-08-13,7.46,31.51,15.33,13.73
2017-08-14,0.23,26.64,14.23,15.45
2017-08-15,5.97,22.57,13.84,2.91
2017-08-16,20.46,23.8,15.29,5.92
2017-08-17,6.77,22.18,15.14,4.63
2017-08-18,6.8,22.44,15.84,5.59
2017-08-19,2.64,26.21,15.94,9.53
2017-08-20,18.81,22.66,16.68,4.1
2017-08-21,0.3,22.28,11.17,18.11
2017-08-22,0.19,23.63,9.9,19.6
2017-08-23,0.02,28.13,13.8,17.42
2017-08-24,0.0,28.15,15.26,20.63
2017-08-25,0.02,27.65,12.92,21.64
2017-08-26,0.02,29.46,13.45,21.05
2017-08-27,0.0,30.04,13.01,22.01
2017-08-28,0.0,30.34,13.26,21.88
2017-08-29,0.0,30.69,12.69,21.82
2017-08-30,0.0,32.39,13.1,22.61
2017-08-31,0.02,29.9,15.3,20.89
2017-09-01,0.19,29.21,14.34,21.46
2017-09-02,0.0,29.54,14.32,21.44
2017-09-03,0.0,29.7,13.02,22.9
2017-09-04,0.0,29.13,11.75,22.29
2017-09-05,0.0,30.44,12.36,23.56
2017-09-06,0.0,30.4,12.16,23.26
2017-09-07,0.0,31.05,13.49,22.25
2017-09-08,0.0,32.18,14.18,22.9
2017-09-09,0.0,32.5,14.68,21.38
2017-09-10,0.0,32.68,14.53,23.92
2017-09-11,0.0,34.29,15.45,23.16
2017-09-12,0.0,34.66,15.74,23.85
2017-09-13,0.0,33.39,15.54,24.26
2017-09-14,0.01,34.34,16.29,24.52
2017-09-15,0.0,34.59,16.53,24.12
2017-09-16,0.0,34.5,16.16,24.16
2017-09-17,0.0,34.35,15.15,23.87
2017-09-18,0.0,33.28,15.61,23.29
2017-09-19,0.0,33.97,16.94,22.61
2017-09-20,0.0,33.85,15.78,24.4
2017-09-21,0.0,33.64,15.74,24.95
2017-09-22,0.0,33.77,15.99,24.04
2017-09-23,0.0,34.12,18.02,21.84
2017-09-24,0.0,32.91,17.05,22.81
2017-09-25,0.0,30.91,16.5,21.21
2017-09-26,0.0,31.35,15.85,17.88
2017-09-27,0.0,34.37,17.08,23.52
2017-09-28,0.01,35.43,19.64,22.75
2017-09-29,11.51,25.14,18.37,6.22
2017-09-30,4.52,26.3,17.35,6.12
2017-10-01,3.35,30.77,15.95,17.71
2017-10-02,36.87,26.54,15.14,7.56
2017-10-03,0.05,25.23,13.27,23.72
2017-10-04,0.04,28.93,12.34,25.43
2017-10-05,0.0,33.06,12.8,26.08
2017-10-06,10.3,32.81,20.15,21.33
2017-10-07,18.6,27.39,19.61,5.02
2017-10-08,2.57,31.85,17.7,12.63
2017-10-09,2.31,32.98,19.12,15.41
2017-10-10,0.01,34.97,19.87,24.04
2017-10-11,0.15,36.24,19.86,25.96
2017-10-12,1.14,36.89,21.51,26.23
2017-10-13,0.21,37.44,20.25,26.65
2017-10-14,0.01,37.08,20.29,25.27
2017-10-15,0.0,33.64,18.34,26.46
2017-10-16,0.0,33.41,16.51,27.45
2017-10-17,0.0,35.9,16.98,27.25
2017-10-18,0.0,36.14,18.86,27.49
2017-10-19,0.6,37.6,21.09,25.49
2017-10-20,2.33,32.89,21.28,11.77
2017-10-21,9.63,33.72,20.27,11.02
2017-10-22,3.91,25.71,20.12,6.42
2017-10-23,1.97,29.78,19.03,15.2
2017-10-24,0.01,32.87,15.19,27.44
2017-10-25,2.86,31.97,17.23,22.3
2017-10-26,6.29,33.86,20.45,12.23
2017-10-27,7.2,33.03,20.33,8.19
2017-10-28,25.29,31.14,21.56,19.31
2017-10-29,40.41,26.53,21.77,18.66
2017-10-30,19.08,27.08,20.91,6.05
2017-10-31,6.5,28.28,19.37,20.23
2017-11-01,0.0,28.61,14.52,29.41
2017-11-02,0.02,30.2,13.72,29.44
2017-11-03,8.28,30.1,16.0,23.71
2017-11-04,28.94,26.69,20.73,17.14
2017-11-05,4.11,26.32,18.4,9.06
2017-11-06,3.82,26.0,16.28,10.33
2017-11-07,0.02,27.28,14.69,25.01
2017-11-08,11.85,28.25,16.34,13.37
2017-11-09,1.4,28.91,18.95,21.7
2017-11-10,2.46,29.19,19.75,22.86
2017-11-11,0.74,29.46,17.86,24.56
2017-11-12,0.0,28.64,14.51,31.94
2017-11-13,0.0,30.86,13.09,31.85
2017-11-14,0.0,31.09,13.78,31.73
2017-11-15,0.0,33.79,14.27,29.61
2017-11-16,15.71,31.92,20.09,27.38
2017-11-17,2.5,26.38,19.87,21.2
2017-11-18,5.95,27.76,20.12,16.69
2017-11-19,4.51,29.89,21.34,24.94
2017-11-20,2.27,28.68,18.73,21.93
2017-11-21,10.63,29.52,19.01,19.11
2017-11-22,9.56,29.97,21.07,18.14
2017-11-23,0.0,29.75,16.3,26.98
2017-11-24,0.0,32.08,17.04,29.49
2017-11-25,6.92,32.17,17.7,24.28
2017-11-26,24.93,29.93,21.8,16.85
2017-11-27,13.02,30.64,20.2,12.67
2017-11-28,4.22,30.04,19.21,22.09
2017-11-29,0.0,30.85,16.8,30.14
2017-11-30,3.06,27.99,16.59,18.78
2017-12-01,0.88,29.0,17.58,13.96
2017-12-02,0.0,29.93,17.16,19.73
2017-12-03,0.0,31.07,17.55,27.68
2017-12-04,0.03,32.25,20.02,27.86
2017-12-05,2.27,30.35,21.85,23.24
2017-12-06,1.53,30.0,21.28,17.28
2017-12-07,13.34,28.02,21.15,11.15
2017-12-08,0.41,31.77,21.38,25.26
2017-12-09,0.0,31.57,19.57,27.79
2017-12-10,0.0,32.75,20.01,24.84
2017-12-11,0.0,33.69,18.61,30.49
2017-12-12,0.0,30.42,17.84,31.03
2017-12-13,0.0,31.92,17.26,28.48
2017-12-14,0.01,33.17,19.1,28.23
2017-12-15,0.23,33.85,20.53,25.35
2017-12-16,0.01,33.72,21.24,29.18
2017-12-17,9.03,31.21,21.22,28.02
2017-12-18,4.49,29.74,21.88,20.41
2017-12-19,1.66,31.96,20.65,24.87
2017-12-20,12.34,26.75,21.73,16.6
2017-12-21,18.21,26.21,20.69,12.19
2017-12-22,4.23,28.93,20.41,14.66
2017-12-23,6.03,27.71,20.86,14.25
2017-12-24,6.43,27.63,21.08,11.48
2017-12-25,21.05,25.25,20.9,11.02
2017-12-26,18.89,27.21,20.13,15.82
2017-12-27,2.74,28.95,20.51,19.32
2017-12-28,6.86,28.98,21.04,20.57
2017-12-29,21.1,27.95,21.33,18.07
2017-12-30,28.49,29.5,21.14,15.15
2017-12-31,3.38,29.88,21.73,19.53
2018-01-01,14.24,29.27,20.15,17.96
2018-01-02,23.62,27.21,21.84,8.67
2018-01-03,12.53,28.92,21.55,23.07
2018-01-04,0.06,31.27,19.37,28.54
2018-01-05,1.44,30.98,17.54,26.94
2018-01-06,12.09,26.78,20.66,20.27
2018-01-07,0.13,29.58,20.15,15.99
2018-01-08,23.4,23.92,18.68,13.06
2018-01-09,25.92,24.3,19.18,9.81
2018-01-10,16.25,27.24,19.8,13.86
2018-01-11,14.26,27.08,20.0,19.01
2018-01-12,19.42,25.81,19.09,18.75
2018-01-13,4.6,26.51,18.23,18.89
2018-01-14,23.02,24.89,19.99,18.94
2018-01-15,22.17,27.15,19.96,18.45
2018-01-16,10.18,29.1,20.43,18.41
2018-01-17,3.39,30.53,20.95,17.0
2018-01-18,4.24,28.96,21.44,17.68
2018-01-19,0.66,27.6,19.77,20.22
2018-01-20,1.47,29.6,21.1,23.47
2018-01-21,2.2,32.21,20.0,26.85
2018-01-22,1.41,30.92,20.92,27.57
2018-01-23,0.13,29.72,21.87,27.59
2018-01-24,9.38,31.35,20.63,26.66
2018-01-25,7.88,28.79,21.31,24.87
2018-01-26,0.77,29.51,20.68,23.24
2018-01-27,0.72,30.18,19.25,23.66
2018-01-28,6.6,29.45,19.62,24.44
2018-01-29,22.48,27.62,22.31,15.91
2018-01-30,3.68,30.17,21.51,16.29
2018-01-31,0.63,29.24,17.99,26.98
2018-02-01,0.0,28.89,16.68,24.25
2018-02-02,0.0,28.77,17.78,19.92
2018-02-03,0.0,30.0,18.8,29.07
2018-02-04,2.37,28.57,16.35,28.16
2018-02-05,0.45,28.9,17.01,28.29
2018-02-06,0.01,29.0,18.84,28.45
2018-02-07,0.73,29.84,17.67,28.74
2018-02-08,0.0,31.28,18.03,27.03
2018-02-09,10.46,31.24,20.01,23.4
2018-02-10,19.99,26.08,21.59,12.82
2018-02-11,16.09,28.75,21.3,11.81
2018-02-12,5.01,26.56,20.86,15.78
2018-02-13,15.94,27.04,19.71,17.32
2018-02-14,0.42,25.29,18.48,18.14
2018-02-15,0.95,29.4,16.65,20.97
2018-02-16,0.15,29.1,19.17,24.8
2018-02-17,2.9,25.48,19.51,18.37
2018-02-18,5.61,26.93,19.87,14.99
2018-02-19,5.74,26.42,19.78,10.08
2018-02-20,8.42,26.9,21.03,13.47
2018-02-21,27.46,28.67,20.82,21.97
2018-02-22,0.15,29.65,19.44,27.53
2018-02-23,0.25,30.07,18.24,25.91
2018-02-24,0.02,29.87,18.2,25.94
2018-02-25,0.04,30.01,17.34,25.4
2018-02-26,5.79,29.03,18.32,19.65
2018-02-27,2.71,29.11,19.6,12.78
2018-02-28,4.59,29.39,20.18,20.18
2018-03-01,2.46,27.78,21.72,21.45
2018-03-02,9.11,30.24,21.65,20.22
2018-03-03,52.3,28.53,21.65,21.3
2018-03-04,7.4,30.16,20.34,25.16
2018-03-05,0.0,30.41,20.02,24.93
2018-03-06,10.76,29.67,20.76,22.89
2018-03-07,1.86,29.43,22.0,17.77
2018-03-08,0.97,30.13,21.15,19.0
2018-03-09,4.0,29.94,19.7,22.62
2018-03-10,15.62,29.58,20.39,18.89
2018-03-11,0.01,30.84,20.4,24.28
2018-03-12,0.0,31.78,20.84,23.69
2018-03-13,0.42,31.96,21.78,15.41
2018-03-14,2.94,29.32,23.31,23.05
2018-03-15,2.04,29.31,22.68,20.44
2018-03-16,1.01,27.8,22.67,19.87
2018-03-17,1.12,31.53,22.17,24.01
2018-03-18,0.06,31.54,21.57,23.98
2018-03-19,0.37,31.1,22.1,22.21
2018-03-20,9.73,28.48,22.79,20.89
2018-03-21,5.21,28.26,21.65,16.38
2018-03-22,0.15,30.62,19.72,18.73
2018-03-23,0.03,31.22,20.16,20.36
2018-03-24,0.24,29.96,21.53,23.42
2018-03-25,7.58,27.9,20.89,16.58
2018-03-26,27.72,27.13,21.11,8.4
2018-03-27,1.97,26.24,19.69,13.67
2018-03-28,1.53,28.74,19.67,17.04
2018-03-29,1.87,29.29,19.91,20.54
2018-03-30,4.7,28.51,20.03,18.59
2018-03-31,10.16,26.04,19.41,7.86
2018-04-01,10.87,26.25,20.28,11.86
2018-04-02,5.82,26.38,20.06,13.92
2018-04-03,2.92,27.36,19.19,14.03
2018-04-04,0.04,28.28,16.93,20.54
2018-04-05,0.09,29.02,16.87,21.11
2018-04-06,0.01,29.22,17.0,22.17
2018-04-07,0.0,29.33,17.12,22.94
2018-04-08,0.0,28.63,17.2,22.93
2018-04-09,0.03,29.56,17.99,20.18
2018-04-10,0.0,29.14,18.44,20.58
2018-04-11,0.0,28.91,18.15,21.48
2018-04-12,0.0,28.23,16.92,21.33
2018-04-13,0.0,28.87,16.22,21.41
2018-04-14,0.41,28.41,18.25,18.66
2018-04-15,0.4,24.94,18.63,16.63
2018-04-16,0.01,26.46,16.67,12.63
2018-04-17,0.0,24.75,16.52,18.77
2018-04-18,0.0,26.98,15.71,19.92
2018-04-19,0.0,27.81,15.4,20.42
2018-04-20,0.0,26.31,17.04,19.71
2018-04-21,0.0,26.28,14.41,20.55
2018-04-22,0.0,27.13,12.85,20.52
2018-04-23,0.0,27.54,15.49,19.25
2018-04-24,0.0,28.18,16.17,19.25
2018-04-25,0.0,28.39,16.36,18.97
2018-04-26,0.0,28.74,16.85,19.01
2018-04-27,0.38,28.96,17.12,18.1
2018-04-28,0.21,29.09,17.96,17.75
2018-04-29,0.0,28.8,17.37,18.23
2018-04-30,0.0,29.09,16.2,18.52
2018-05-01,0.0,29.42,17.67,18.7
2018-05-02,0.0,28.76,16.55,17.42
2018-05-03,0.0,28.25,15.89,18.4
2018-05-04,0.0,28.67,14.79,15.79
2018-05-05,0.0,30.07,16.25,16.28
2018-05-06,0.0,28.16,17.06,15.94
2018-05-07,0.0,27.13,17.36,17.74
2018-05-08,0.0,26.71,16.41,17.6
2018-05-09,0.0,26.95,16.16,16.98
2018-05-10,0.0,26.96,15.23,17.55
2018-05-11,0.0,27.7,16.3,14.35
2018-05-12,0.0,25.44,16.16,12.66
2018-05-13,0.0,25.7,13.64,16.09
2018-05-14,0.0,26.46,15.59,17.16
2018-05-15,7.94,27.84,16.66,15.87
2018-05-16,2.11,26.74,15.87,11.26
2018-05-17,0.06,27.13,16.49,16.1
2018-05-18,8.16,26.63,17.06,14.73
2018-05-19,8.34,21.47,11.89,7.41
2018-05-20,0.54,18.1,7.95,18.11
2018-05-21,0.77,19.91,6.4,17.52
2018-05-22,0.04,21.65,8.15,17.7
2018-05-23,0.03,23.67,8.26,17.2
2018-05-24,0.0,24.58,11.86,16.43
2018-05-25,0.01,25.17,13.85,14.02
2018-05-26,0.0,25.38,13.41,16.17
2018-05-27,0.0,25.68,13.65,16.81
2018-05-28,0.0,24.64,12.74,16.81
2018-05-29,0.0,24.62,11.06,14.24
2018-05-30,0.0,25.14,12.64,16.03
2018-05-31,0.0,25.22,11.86,16.31
2018-06-01,0.0,25.39,12.48,10.07
2018-06-02,0.12,26.61,15.18,8.88
2018-06-03,0.55,26.37,16.5,8.09
2018-06-04,0.07,22.39,13.37,7.71
2018-06-05,0.0,24.16,14.6,10.15
2018-06-06,0.11,23.79,14.67,10.3
2018-06-07,0.27,24.26,13.87,8.3
2018-06-08,0.01,21.41,11.41,11.1
2018-06-09,0.0,24.22,10.91,11.78
2018-06-10,0.0,27.06,14.78,11.02
2018-06-11,0.0,28.44,17.5,13.57
2018-06-12,9.5,27.36,17.67,7.76
2018-06-13,2.23,26.96,16.64,6.14
2018-06-14,0.04,24.07,14.13,10.84
2018-06-15,0.16,19.91,13.59,11.07
2018-06-16,0.0,23.72,11.44,13.3
2018-06-17,0.0,23.49,11.59,14.81
2018-06-18,0.01,24.53,13.5,12.99
2018-06-19,0.03,25.82,13.83,14.48
2018-06-20,0.01,26.41,13.81,15.15
2018-06-21,0.02,26.5,12.75,13.92
2018-06-22,0.0,26.45,17.0,14.3
2018-06-23,0.0,26.64,14.31,14.24
2018-06-24,0.0,28.45,16.86,11.54
2018-06-25,0.0,28.41,17.35,14.58
2018-06-26,0.0,29.24,14.38,13.1
2018-06-27,0.0,28.11,16.02,13.37
2018-06-28,0.01,26.96,16.1,13.84
2018-06-29,0.0,28.01,14.27,13.96
2018-06-30,0.0,28.05,13.9,15.1
2018-07-01,0.0,28.6,14.03,14.87
2018-07-02,0.0,29.33,14.57,15.8
2018-07-03,0.0,29.67,16.67,16.15
2018-07-04,0.01,28.7,14.01,15.1
2018-07-05,0.01,29.55,14.55,14.91
2018-07-06,0.0,29.02,13.97,15.94
2018-07-07,0.0,27.82,13.17,15.51
2018-07-08,0.0,28.95,16.68,14.79
2018-07-09,0.01,26.07,12.96,12.69
2018-07-10,0.07,21.16,9.26,16.51
2018-07-11,0.02,20.94,6.85,16.35
2018-07-12,0.0,21.22,6.62,15.26
2018-07-13,0.0,23.79,8.71,14.89
2018-07-14,0.0,29.33,11.79,16.79
2018-07-15,0.0,30.27,13.88,16.97
2018-07-16,0.0,30.79,14.88,16.61
2018-07-17,0.0,29.41,12.87,16.91
2018-07-18,0.0,29.45,12.37,16.92
2018-07-19,0.0,29.85,14.85,16.83
2018-07-20,0.0,30.13,14.21,17.24
2018-07-21,0.0,28.76,13.49,14.14
2018-07-22,0.0,28.39,13.82,14.64
2018-07-23,0.0,29.83,14.69,16.28
2018-07-24,0.0,28.68,14.09,15.1
2018-07-25,0.0,28.03,13.52,16.26
2018-07-26,0.0,29.03,14.3,16.44
2018-07-27,0.0,29.57,13.54,16.78
2018-07-28,0.0,31.02,14.07,16.55
2018-07-29,0.0,30.4,16.57,16.1
2018-07-30,0.14,29.08,17.6,14.24
2018-07-31,1.13,28.01,14.63,16.53
2018-08-01,0.12,19.62,11.71,9.53
2018-08-02,2.6,26.07,13.2,13.61
2018-08-03,47.96,21.0,15.31,4.2
2018-08-04,7.55,23.68,15.25,7.42
2018-08-05,7.1,19.6,14.51,3.98
2018-08-06,6.13,19.15,14.0,4.09
2018-08-07,0.14,24.48,12.11,10.23
2018-08-08,5.53,21.98,12.13,3.82
2018-08-09,13.43,19.92,9.0,7.78
2018-08-10,0.0,19.03,5.92,20.27
2018-08-11,0.03,21.83,5.52,20.69
2018-08-12,0.0,24.74,6.91,20.36
2018-08-13,0.04,25.74,9.02,20.64
2018-08-14,0.0,27.84,10.5,20.44
2018-08-15,0.02,27.9,10.16,14.51
2018-08-16,0.0,25.61,12.78,13.42
2018-08-17,0.0,26.17,12.76,19.45
2018-08-18,0.0,27.02,12.99,19.92
2018-08-19,0.0,28.66,13.27,18.6
2018-08-20,0.0,30.44,13.62,20.26
2018-08-21,2.39,29.71,13.94,18.45
2018-08-22,2.14,24.43,15.54,7.62
2018-08-23,3.31,29.87,15.75,15.52
2018-08-24,2.47,30.11,17.11,8.95
2018-08-25,20.77,25.77,12.19,13.22
2018-08-26,0.0,24.44,9.02,22.37
2018-08-27,0.0,25.3,9.1,22.1
2018-08-28,0.0,29.19,11.96,21.15
2018-08-29,0.0,29.41,13.39,21.99
2018-08-30,0.0,30.96,14.08,22.42
2018-08-31,0.0,32.16,14.91,22.05
2018-09-01,0.0,31.57,17.92,19.87
2018-09-02,0.48,32.27,16.26,14.88
2018-09-03,0.91,21.62,12.2,11.57
2018-09-04,0.04,24.04,10.85,16.52
2018-09-05,0.03,24.61,10.4,23.49
2018-09-06,0.0,27.48,9.23,22.25
2018-09-07,0.0,31.5,10.15,22.49
2018-09-08,0.0,32.78,12.29,23.5
2018-09-09,0.0,32.87,13.29,24.09
2018-09-10,0.0,32.3,13.57,23.3
2018-09-11,0.0,32.33,13.52,21.03
2018-09-12,0.0,31.54,14.3,22.48
2018-09-13,2.19,33.34,14.54,19.68
2018-09-14,2.46,29.8,15.9,6.05
2018-09-15,0.31,28.14,16.12,12.1
2018-09-16,7.84,27.39,15.79,13.38
2018-09-17,23.91,22.64,15.91,8.14
2018-09-18,0.32,27.14,18.86,12.5
2018-09-19,26.63,27.7,18.51,20.03
2018-09-20,31.42,26.91,19.8,6.86
2018-09-21,0.3,28.8,19.71,23.19
2018-09-22,0.0,32.07,17.57,24.86
2018-09-23,0.0,33.21,15.64,25.8
2018-09-24,0.0,34.08,15.87,25.98
2018-09-25,0.03,33.81,16.04,19.77
2018-09-26,1.27,32.47,18.89,15.46
2018-09-27,8.7,28.83,20.34,10.36
2018-09-28,0.21,29.6,19.23,19.54
2018-09-29,0.01,28.97,19.29,19.33
2018-09-30,13.33,25.49,19.55,4.86
2018-10-01,0.53,30.61,18.91,23.42
2018-10-02,0.13,32.99,19.24,17.05
2018-10-03,1.56,31.58,21.3,21.16
2018-10-04,6.57,29.76,21.39,21.35
2018-10-05,0.02,30.36,17.47,20.05
2018-10-06,0.01,28.94,15.39,17.4
2018-10-07,28.62,30.37,16.32,17.77
2018-10-08,30.72,26.96,19.61,9.04
2018-10-09,12.67,29.46,19.84,17.9
2018-10-10,2.69,27.93,21.27,12.74
2018-10-11,0.56,29.31,19.19,14.01
2018-10-12,0.12,30.99,17.17,23.39
2018-10-13,6.12,29.24,21.54,14.01
2018-10-14,11.53,28.41,21.01,20.48
2018-10-15,13.46,29.07,21.18,20.59
2018-10-16,5.18,27.89,18.94,20.02
2018-10-17,14.51,27.17,20.83,18.51
2018-10-18,13.17,30.76,21.56,22.01
2018-10-19,0.36,26.26,18.5,19.91
2018-10-20,0.0,27.23,15.19,27.27
2018-10-21,0.0,28.36,12.95,28.25
2018-10-22,0.0,30.8,13.57,27.11
2018-10-23,12.22,29.91,18.39,23.58
2018-10-24,13.61,24.16,18.44,10.65
2018-10-25,13.94,26.23,17.45,8.62
2018-10-26,25.11,27.39,19.12,10.83
2018-10-27,14.06,27.16,19.3,18.97
2018-10-28,0.0,28.78,17.45,27.58
2018-10-29,0.0,28.56,13.7,24.29
2018-10-30,0.0,31.29,14.95,27.74
2018-10-31,4.51,31.04,17.78,19.96
2018-11-01,10.83,27.34,20.78,14.41
2018-11-02,0.38,30.58,19.26,25.14
2018-11-03,3.25,31.31,19.64,26.13
2018-11-04,4.42,28.76,20.0,19.03
2018-11-05,0.34,28.57,15.75,27.77
2018-11-06,1.39,29.87,16.06,23.65
2018-11-07,8.92,27.56,18.19,15.76
2018-11-08,0.6,22.75,16.9,16.3
2018-11-09,0.13,26.84,17.1,16.97
2018-11-10,0.08,29.37,18.01,14.24
2018-11-11,0.0,29.35,19.69,25.74
2018-11-12,0.0,32.81,19.13,27.13
2018-11-13,0.0,33.17,20.2,26.24
2018-11-14,0.51,32.32,21.84,21.13
2018-11-15,0.54,30.92,22.41,23.76
2018-11-16,0.11,31.84,20.14,26.44
2018-11-17,1.7,30.32,18.0,20.33
2018-11-18,46.08,25.29,21.49,9.72
2018-11-19,4.86,26.65,17.22,11.37
2018-11-20,0.01,27.54,15.42,23.47
2018-11-21,0.0,28.95,15.08,25.45
2018-11-22,10.46,30.03,17.3,19.73
2018-11-23,33.89,25.4,20.97,2.95
2018-11-24,8.33,27.24,20.66,15.22
2018-11-25,1.9,30.61,20.26,25.93
2018-11-26,0.39,29.58,18.44,27.1
2018-11-27,0.01,29.52,15.45,27.62
2018-11-28,0.0,30.19,18.01,29.27
2018-11-29,2.14,30.59,19.14,23.08
2018-11-30,22.99,28.36,20.73,20.34
2018-12-01,19.48,27.19,21.16,19.33
2018-12-02,0.21,30.38,20.61,22.06
2018-12-03,0.05,29.66,17.63,29.57
2018-12-04,0.01,30.07,17.66,28.47
2018-12-05,0.04,31.44,19.11,29.8
2018-12-06,0.0,32.03,18.04,30.74
2018-12-07,0.03,30.63,17.84,27.02
2018-12-08,0.01,28.23,15.89,30.74
2018-12-09,0.0,29.3,12.97,29.5
2018-12-10,0.0,30.88,17.39,28.87
2018-12-11,0.0,31.73,19.25,29.6
2018-12-12,0.03,33.26,19.09,28.85
2018-12-13,5.48,30.83,20.92,26.63
2018-12-14,0.79,31.8,20.05,24.02
2018-12-15,11.55,31.4,22.56,27.07
2018-12-16,3.17,32.66,21.86,29.13
2018-12-17,1.3,33.4,21.73,24.8
2018-12-18,0.3,33.34,22.43,23.58
2018-12-19,0.21,31.81,22.61,24.67
2018-12-20,0.48,33.36,22.16,29.43
2018-12-21,2.7,32.08,23.25,23.01
2018-12-22,3.84,31.02,22.09,19.3
2018-12-23,5.36,30.53,21.39,16.57
2018-12-24,8.66,27.56,20.91,9.9
2018-12-25,0.87,28.84,20.06,14.35
2018-12-26,2.56,30.39,19.16,24.4
2018-12-27,1.59,31.36,19.74,25.65
2018-12-28,5.92,31.43,20.04,24.54
2018-12-29,2.45,32.86,21.6,23.07
2018-12-30,6.12,32.86,21.3,24.13
2018-12-31,1.66,33.97,22.4,25.79
2019-01-01,20.89,32.16,20.68,26.54
2019-01-02,5.11,31.52,22.28,25.69
2019-01-03,3.99,30.2,21.5,20.54
2019-01-04,28.75,28.8,22.43,19.79
2019-01-05,36.86,28.47,22.8,16.96
2019-01-06,7.94,25.38,21.62,16.74
2019-01-07,0.39,31.06,20.42,28.88
2019-01-08,0.01,29.87,21.67,26.65
2019-01-09,0.86,30.92,21.83,27.05
2019-01-10,1.51,27.7,22.46,19.73
2019-01-11,2.5,30.14,20.74,26.74
2019-01-12,8.55,29.87,21.1,26.97
2019-01-13,4.9,29.36,20.24,25.46
2019-01-14,3.69,29.25,21.21,27.65
2019-01-15,1.45,31.54,20.76,25.92
2019-01-16,1.76,31.4,22.47,19.19
2019-01-17,5.37,32.27,21.96,25.21
2019-01-18,0.32,30.42,22.35,22.39
2019-01-19,0.77,31.4,21.65,23.68
2019-01-20,3.02,30.44,21.16,23.61
2019-01-21,0.3,32.98,21.49,29.2
2019-01-22,0.0,33.7,21.41,28.12
2019-01-23,0.22,33.9,22.73,25.4
2019-01-24,5.0,29.25,22.7,23.16
2019-01-25,2.13,32.14,21.44,23.92
2019-01-26,0.46,31.64,19.73,25.25
2019-01-27,0.55,30.1,19.86,23.74
2019-01-28,0.07,33.09,20.1,28.42
2019-01-29,0.0,35.44,20.1,29.39
2019-01-30,0.05,34.89,23.63,27.11
2019-01-31,4.8,34.68,21.94,27.11
2019-02-01,0.27,36.75,22.72,27.67
2019-02-02,0.0,32.92,23.42,27.26
2019-02-03,0.01,35.56,22.17,26.77
2019-02-04,0.14,31.75,21.06,19.64
2019-02-05,0.07,30.73,19.15,19.15
2019-02-06,11.2,29.99,19.08,23.09
2019-02-07,0.3,32.8,18.68,28.89
2019-02-08,0.0,34.43,18.59,28.57
2019-02-09,0.0,35.84,21.12,27.92
2019-02-10,10.32,35.29,21.92,24.64
2019-02-11,11.34,29.82,22.82,21.01
2019-02-12,19.97,26.2,22.79,6.72
2019-02-13,7.05,27.42,20.29,18.02
2019-02-14,1.57,29.31,17.03,14.44
2019-02-15,18.05,25.77,18.98,10.45
2019-02-16,7.7,28.72,20.76,23.02
2019-02-17,1.48,29.93,19.68,23.89
2019-02-18,6.03,29.55,19.28,24.27
2019-02-19,9.71,29.41,19.89,19.5
2019-02-20,4.27,30.0,20.82,19.33
2019-02-21,0.38,29.58,21.86,19.96
2019-02-22,1.87,28.87,20.96,21.06
2019-02-23,3.23,30.4,21.26,23.14
2019-02-24,1.04,30.49,21.83,23.8
2019-02-25,19.53,29.26,21.77,18.38
2019-02-26,16.47,28.37,21.7,9.17
2019-02-27,12.6,27.88,20.75,11.97
2019-02-28,17.84,27.71,20.62,11.71
2019-03-01,12.75,28.32,19.77,17.99
2019-03-02,0.45,30.27,19.65,20.13
2019-03-03,1.09,30.53,20.03,23.02
2019-03-04,1.99,29.46,21.17,20.15
2019-03-05,1.77,28.99,20.65,24.1
2019-03-06,0.9,30.71,19.8,23.84
2019-03-07,9.1,28.42,20.92,17.62
2019-03-08,10.99,29.03,20.92,20.89
2019-03-09,3.97,29.84,21.06,18.05
2019-03-10,14.72,27.45,21.55,20.91
2019-03-11,0.81,30.56,19.99,18.41
2019-03-12,0.17,29.68,20.17,22.14
2019-03-13,11.71,28.75,20.9,18.98
2019-03-14,9.73,27.84,21.47,20.01
2019-03-15,4.37,27.68,21.45,19.18
2019-03-16,3.86,29.77,20.67,16.66
2019-03-17,9.74,29.63,21.36,18.79
2019-03-18,3.19,27.85,21.49,17.97
2019-03-19,2.3,28.83,21.95,21.93
2019-03-20,19.73,27.68,21.94,17.74
2019-03-21,7.59,26.4,18.67,12.56
2019-03-22,0.05,28.14,16.68,21.73
2019-03-23,0.0,29.68,17.1,24.65
2019-03-24,0.0,30.24,17.7,23.57
2019-03-25,0.0,30.65,17.39,23.4
2019-03-26,0.0,31.68,18.76,23.2
2019-03-27,0.0,30.98,20.32,20.64
2019-03-28,0.0,30.46,18.91,23.21
2019-03-29,0.0,29.44,17.93,23.97
2019-03-30,0.0,29.54,17.22,23.88
2019-03-31,0.0,30.01,17.3,22.17
2019-04-01,0.0,30.54,17.68,19.36
2019-04-02,0.0,30.45,17.06,13.87
2019-04-03,0.0,28.38,20.27,12.37
2019-04-04,0.0,31.21,20.69,13.63
2019-04-05,6.48,28.43,20.53,15.85
2019-04-06,14.98,29.24,21.27,13.05
2019-04-07,14.49,27.96,21.03,10.01
2019-04-08,0.84,28.69,19.53,17.09
2019-04-09,0.05,27.92,17.0,15.61
2019-04-10,0.01,27.94,15.51,20.77
2019-04-11,0.0,29.13,16.21,21.85
2019-04-12,0.5,29.84,16.79,20.78
2019-04-13,2.29,29.28,18.06,14.3
2019-04-14,3.4,28.88,20.49,11.63
2019-04-15,0.01,30.29,19.37,20.08
2019-04-16,0.17,29.43,19.66,18.31
2019-04-17,0.02,29.97,17.91,21.58
2019-04-18,0.03,28.89,14.33,21.32
2019-04-19,0.02,29.26,13.45,21.68
2019-04-20,0.0,30.32,14.89,21.02
2019-04-21,0.0,30.82,17.12,18.17
2019-04-22,0.13,29.8,18.54,9.53
2019-04-23,0.51,30.57,19.07,14.95
2019-04-24,0.19,30.89,19.74,18.64
2019-04-25,2.63,31.52,20.01,17.28
2019-04-26,0.22,31.1,20.11,17.82
2019-04-27,1.39,30.62,20.31,18.34
2019-04-28,3.85,29.46,18.46,10.76
2019-04-29,0.42,28.13,13.54,16.15
2019-04-30,0.01,28.99,15.27,16.75
2019-05-01,0.04,27.45,16.69,11.1
2019-05-02,0.01,29.1,19.61,13.59
2019-05-03,0.17,30.49,19.27,14.82
2019-05-04,0.01,28.36,20.64,12.35
2019-05-05,0.05,28.93,19.38,17.12
2019-05-06,0.86,31.54,18.72,16.49
2019-05-07,4.05,31.04,20.28,14.02
2019-05-08,0.3,28.97,17.87,16.93
2019-05-09,0.01,29.4,17.44,16.92
2019-05-10,0.81,31.06,18.23,14.8
2019-05-11,12.13,30.13,19.96,11.65
2019-05-12,2.84,29.62,21.09,16.58
2019-05-13,0.21,29.14,20.33,14.08
2019-05-14,0.0,25.74,14.98,15.9
2019-05-15,0.1,24.56,14.47,15.25
2019-05-16,0.2,23.55,16.32,9.61
2019-05-17,0.06,22.99,16.23,14.16
2019-05-18,0.39,26.0,16.45,13.22
2019-05-19,0.06,26.77,15.67,15.61
2019-05-20,0.02,27.74,14.49,17.08
2019-05-21,0.0,28.12,14.52,16.09
2019-05-22,0.04,28.52,15.74,17.06
2019-05-23,6.37,28.25,16.09,10.68
2019-05-24,3.46,23.09,12.66,8.89
2019-05-25,0.04,22.99,10.86,15.55
2019-05-26,0.08,25.16,10.8,17.18
2019-05-27,0.03,29.17,11.56,17.05
2019-05-28,0.03,30.07,14.66,14.63
2019-05-29,13.74,28.6,18.33,13.98
2019-05-30,0.0,29.88,17.82,14.67
2019-05-31,0.23,29.93,17.05,14.19
2019-06-01,2.41,29.82,17.97,13.33
2019-06-02,7.22,27.05,18.44,11.41
2019-06-03,20.62,24.46,15.62,11.71
2019-06-04,0.01,23.1,11.89,13.62
2019-06-05,0.05,21.71,9.39,16.28
2019-06-06,0.02,23.96,12.1,16.39
2019-06-07,0.01,25.98,10.13,16.74
2019-06-08,0.0,25.55,12.38,16.35
2019-06-09,0.03,25.37,11.34,16.68
2019-06-10,0.02,26.13,12.08,16.23
2019-06-11,0.01,27.16,12.4,15.53
2019-06-12,0.0,27.53,12.96,15.16
2019-06-13,0.0,28.27,14.03,14.76
2019-06-14,0.0,28.48,15.57,15.16
2019-06-15,0.01,28.48,14.39,15.88
2019-06-16,0.0,28.31,13.0,16.0
2019-06-17,0.01,27.82,13.12,15.33
2019-06-18,0.22,27.27,13.92,12.48
2019-06-19,0.0,28.33,14.0,15.55
2019-06-20,0.0,29.08,14.66,14.63
2019-06-21,0.01,27.55,15.19,15.56
2019-06-22,0.02,27.63,14.28,14.95
2019-06-23,0.01,27.47,13.67,15.81
2019-06-24,0.0,27.74,12.75,16.07
2019-06-25,2.14,28.46,13.04,14.5
2019-06-26,0.91,29.02,15.69,8.92
2019-06-27,0.36,27.12,16.08,8.69
2019-06-28,0.03,30.34,16.5,15.42
2019-06-29,0.0,29.87,16.57,15.77
2019-06-30,0.0,29.78,15.74,15.76
2019-07-01,0.0,30.1,15.33,14.95
2019-07-02,0.02,29.43,15.7,13.03
2019-07-03,1.34,29.6,16.31,9.04
2019-07-04,28.75,22.38,17.71,4.22
2019-07-05,4.08,20.72,8.46,10.19
2019-07-06,0.0,16.14,2.59,17.49
2019-07-07,0.04,18.56,3.43,16.95
2019-07-08,0.03,21.84,5.05,16.36
2019-07-09,0.01,24.68,6.68,16.97
2019-07-10,0.0,25.88,7.31,16.85
2019-07-11,0.0,26.62,8.98,16.18
2019-07-12,0.0,27.34,9.31,17.08
2019-07-13,0.01,28.57,14.73,16.71
2019-07-14,0.0,29.33,17.37,16.18
2019-07-15,0.89,29.98,16.37,12.35
2019-07-16,0.09,24.85,11.57,15.26
2019-07-17,0.05,21.66,7.13,15.88
2019-07-18,0.04,23.96,10.08,15.04
2019-07-19,0.01,25.68,12.52,13.4
2019-07-20,0.0,26.61,12.1,16.37
2019-07-21,0.0,26.21,11.86,14.99
2019-07-22,0.04,27.52,14.41,11.98
2019-07-23,0.36,28.64,13.85,17.39
2019-07-24,0.0,29.27,13.84,17.04
2019-07-25,0.0,30.3,14.59,12.48
2019-07-26,0.01,29.74,16.65,15.13
2019-07-27,0.0,30.36,14.97,16.71
2019-07-28,0.0,28.61,15.47,16.61
2019-07-29,0.0,27.66,13.92,15.0
2019-07-30,1.07,28.9,15.28,15.39
2019-07-31,0.01,29.19,12.77,18.13
2019-08-01,0.0,31.09,12.15,18.67
2019-08-02,0.03,31.55,16.55,14.25
2019-08-03,0.03,18.92,11.71,10.48
2019-08-04,0.01,18.92,9.08,7.58
2019-08-05,0.84,24.07,10.21,14.8
2019-08-06,0.58,25.62,12.85,12.73
2019-08-07,0.01,28.61,14.7,18.29
2019-08-08,0.0,31.28,15.51,18.83
2019-08-09,0.0,31.83,14.89,18.97
2019-08-10,0.0,32.55,15.16,18.91
2019-08-11,0.0,33.41,15.4,18.4
2019-08-12,0.0,33.89,15.47,18.53
2019-08-13,0.0,33.21,18.6,16.69
2019-08-14,0.0,26.4,11.5,17.8
2019-08-15,0.0,27.69,10.57,18.71
2019-08-16,0.0,29.35,11.79,19.58
2019-08-17,0.0,30.87,13.48,19.89
2019-08-18,0.01,32.42,17.44,13.45
2019-08-19,0.05,31.16,18.15,9.6
2019-08-20,0.0,25.46,14.55,14.75
2019-08-21,0.0,29.57,12.64,19.37
2019-08-22,0.0,28.7,12.76,20.92
2019-08-23,0.61,28.61,12.31,19.82
2019-08-24,0.01,28.62,11.97,21.66
2019-08-25,0.0,29.66,11.08,21.9
2019-08-26,0.0,32.04,12.51,19.17
2019-08-27,0.0,33.41,14.73,17.58
2019-08-28,0.0,32.6,16.4,19.33
2019-08-29,0.0,31.84,15.13,20.3
2019-08-30,0.0,34.35,16.5,20.27
2019-08-31,0.16,36.39,21.24,17.88
2019-09-01,17.63,29.9,19.58,5.2
2019-09-02,4.74,29.17,16.57,7.2
2019-09-03,2.95,30.85,17.22,11.96
2019-09-04,0.14,32.55,17.59,17.53
2019-09-05,0.05,28.92,15.23,16.68
2019-09-06,0.03,30.72,14.48,18.68
2019-09-07,0.01,35.1,16.56,21.71
2019-09-08,0.07,36.03,20.21,21.18
2019-09-09,0.0,36.14,19.98,22.44
2019-09-10,0.0,35.97,19.15,21.02
2019-09-11,0.0,37.86,21.94,19.56
2019-09-12,0.0,38.52,22.21,20.33
2019-09-13,0.0,37.73,19.93,20.12
2019-09-14,0.01,36.33,17.17,22.02
2019-09-15,0.18,38.58,19.01,22.05
2019-09-16,0.0,38.55,21.94,22.29
2019-09-17,0.0,39.36,21.02,22.98
2019-09-18,0.09,38.17,20.19,19.36
2019-09-19,4.56,36.3,22.96,15.87
2019-09-20,14.04,33.84,24.25,7.83
2019-09-21,0.24,33.17,19.53,16.95
2019-09-22,0.01,29.82,16.14,20.73
2019-09-23,0.0,29.94,13.47,23.98
2019-09-24,2.08,31.61,14.56,22.59
2019-09-25,9.53,23.36,16.55,3.51
2019-09-26,0.12,29.0,15.14,13.61
2019-09-27,0.05,31.17,15.62,24.55
2019-09-28,0.01,30.77,13.43,26.62
2019-09-29,0.0,32.64,13.1,26.73
2019-09-30,0.0,34.26,14.61,26.97
2019-10-01,0.0,36.63,15.79,26.56
2019-10-02,0.0,39.01,17.85,21.97
2019-10-03,0.21,38.05,22.19,22.82
2019-10-04,0.0,37.93,17.91,25.9
2019-10-05,0.0,38.65,19.47,26.88
2019-10-06,0.29,35.47,20.51,17.36
2019-10-07,0.05,33.18,18.56,16.04
2019-10-08,0.18,30.13,19.13,14.54
2019-10-09,0.01,33.05,19.06,21.36
2019-10-10,0.0,34.47,18.31,27.35
2019-10-11,0.0,37.3,20.94,26.23
2019-10-12,0.06,38.4,21.65,25.35
2019-10-13,2.52,37.58,23.31,24.18
2019-10-14,4.99,37.32,22.84,22.25
2019-10-15,1.24,35.3,20.41,24.43
2019-10-16,0.0,35.13,18.26,25.2
2019-10-17,0.75,37.41,19.74,21.85
2019-10-18,13.82,35.95,23.05,20.23
2019-10-19,1.37,35.92,20.85,22.93
2019-10-20,3.04,33.77,19.02,22.29
2019-10-21,8.11,28.19,17.4,8.69
2019-10-22,12.15,30.39,18.14,15.46
2019-10-23,0.0,32.31,15.95,25.46
2019-10-24,0.0,34.34,17.4,29.08
2019-10-25,0.0,36.67,18.3,27.92
2019-10-26,0.0,38.05,19.09,27.44
2019-10-27,0.71,37.29,20.38,27.42
2019-10-28,10.13,33.62,23.01,18.47
2019-10-29,0.35,35.55,21.32,28.57
2019-10-30,0.37,38.0,23.43,28.44
2019-10-31,0.05,38.18,21.63,26.95
2019-11-01,0.0,38.0,20.61,27.71
2019-11-02,0.0,37.27,20.51,28.13
2019-11-03,0.0,39.32,23.72,24.95
2019-11-04,0.0,39.84,25.66,26.95
2019-11-05,5.43,39.65,24.29,22.84
2019-11-06,5.18,31.54,21.02,17.11
2019-11-07,0.02,34.62,19.19,19.77
2019-11-08,2.42,31.57,22.01,11.19
2019-11-09,2.28,29.32,21.38,19.82
2019-11-10,2.58,33.9,20.99,14.82
2019-11-11,2.88,31.6,21.44,19.02
2019-11-12,0.0,35.07,19.06,25.82
2019-11-13,29.43,31.26,19.6,21.6
2019-11-14,12.25,29.09,21.89,16.37
2019-11-15,1.94,31.23,20.84,24.29
2019-11-16,0.01,31.72,17.97,29.21
2019-11-17,0.0,33.09,16.56,30.31
2019-11-18,0.0,34.37,14.53,30.17
2019-11-19,0.0,35.46,17.37,28.36
2019-11-20,0.16,35.32,20.03,26.07
2019-11-21,6.17,33.92,20.31,26.16
2019-11-22,1.97,33.42,21.83,23.75
2019-11-23,4.47,35.96,21.44,22.69
2019-11-24,1.8,29.11,17.96,23.54
2019-11-25,0.0,33.96,14.71,29.47
2019-11-26,13.3,31.1,16.88,23.52
2019-11-27,5.74,31.66,21.71,11.1
2019-11-28,12.94,29.47,18.89,18.27
2019-11-29,0.19,30.06,15.99,28.41
2019-11-30,28.07,33.03,18.53,22.1
2019-12-01,2.04,31.59,20.82,21.56
2019-12-02,0.06,31.01,20.03,26.02
2019-12-03,0.01,31.36,17.05,23.8
2019-12-04,3.35,29.04,19.32,17.99
2019-12-05,11.49,31.72,21.5,14.98
2019-12-06,1.81,31.94,20.01,22.39
2019-12-07,0.06,33.08,18.48,26.04
2019-12-08,0.02,34.29,17.86,28.68
2019-12-09,2.35,31.93,20.11,12.25
2019-12-10,2.34,32.89,21.21,20.42
2019-12-11,16.19,29.67,21.42,9.86
2019-12-12,2.29,31.25,20.46,23.62
2019-12-13,0.52,32.38,21.52,18.3
2019-12-14,3.85,28.76,20.62,15.79
2019-12-15,5.81,28.08,21.18,17.85
2019-12-16,4.3,29.63,20.71,11.66
2019-12-17,18.81,27.55,20.41,12.28
2019-12-18,10.0,26.24,20.21,14.78
2019-12-19,4.52,27.71,18.26,19.44
2019-12-20,17.27,29.28,20.52,23.86
2019-12-21,14.0,27.8,21.19,16.47
2019-12-22,8.21,27.23,21.68,11.09
2019-12-23,4.32,30.17,20.76,26.51
2019-12-24,0.17,32.23,18.81,28.97
2019-12-25,0.01,33.17,19.37,29.45
2019-12-26,0.01,34.31,19.35,29.86
2019-12-27,0.01,34.08,18.64,30.34
2019-12-28,0.74,33.22,20.08,28.14
2019-12-29,0.1,35.12,20.58,29.64
2019-12-30,0.0,35.74,19.94,30.18
2019-12-31,0.02,35.26,21.25,29.26
2020-01-01,3.89,31.24,23.22,20.09
2020-01-02,6.01,32.53,22.15,22.31
2020-01-03,5.26,32.96,20.86,14.3
2020-01-04,6.07,31.94,18.32,24.23
2020-01-05,5.31,30.08,20.2,19.8
2020-01-06,0.56,33.04,20.39,28.43
2020-01-07,27.49,31.18,21.59,8.39
2020-01-08,10.12,29.51,22.64,12.15
2020-01-09,7.27,29.21,22.41,17.07
2020-01-10,3.78,31.08,21.06,20.17
2020-01-11,6.15,29.86,22.9,12.08
2020-01-12,16.43,29.24,22.73,15.53
2020-01-13,9.53,27.48,20.58,15.28
2020-01-14,0.15,32.33,19.64,23.34
2020-01-15,0.3,33.21,20.22,28.89
2020-01-16,2.38,32.55,22.99,23.01
2020-01-17,0.04,32.0,21.47,17.22
2020-01-18,0.0,32.32,17.96,24.29
2020-01-19,0.0,33.25,18.72,26.76
2020-01-20,0.0,33.2,20.84,26.92
2020-01-21,0.0,33.94,19.41,27.35
2020-01-22,2.28,32.24,19.12,18.67
2020-01-23,11.11,26.31,18.91,7.21
2020-01-24,0.51,31.44,18.33,26.38
2020-01-25,0.27,31.41,17.61,27.3
2020-01-26,0.0,34.25,19.74,29.6
2020-01-27,0.0,35.12,19.19,28.79
2020-01-28,0.0,35.81,19.96,28.1
2020-01-29,0.64,35.62,21.16,23.72
2020-01-30,21.93,28.28,22.94,20.15
2020-01-31,8.34,29.62,22.38,18.04
2020-02-01,10.08,28.92,22.31,15.24
2020-02-02,16.48,26.82,21.83,13.2
2020-02-03,17.65,26.44,20.94,11.92
2020-02-04,1.74,28.71,20.28,16.67
2020-02-05,1.18,28.32,20.76,17.44
2020-02-06,3.95,28.22,20.89,18.82
2020-02-07,5.08,28.93,20.53,19.8
2020-02-08,0.98,29.87,19.49,22.25
2020-02-09,45.74,28.99,20.91,19.54
2020-02-10,30.37,29.77,20.65,13.71
2020-02-11,10.79,26.96,18.31,14.72
2020-02-12,0.01,29.09,16.57,24.55
2020-02-13,0.02,29.47,16.35,28.27
2020-02-14,0.01,30.56,17.22,26.68
2020-02-15,0.01,31.98,17.95,25.92
2020-02-16,0.04,32.78,20.18,25.05
2020-02-17,5.27,31.24,20.86,22.43
2020-02-18,8.1,31.19,22.13,24.67
2020-02-19,13.51,30.78,21.99,21.25
2020-02-20,5.02,28.29,22.42,18.91
2020-02-21,4.73,30.77,21.82,17.99
2020-02-22,15.98,30.86,19.4,20.83
2020-02-23,3.81,27.62,16.25,19.76
2020-02-24,1.02,30.18,17.46,16.19
2020-02-25,36.25,28.44,20.77,15.52
2020-02-26,15.33,29.1,20.09,7.52
2020-02-27,0.14,29.01,18.34,20.7
2020-02-28,0.0,28.56,16.02,26.91
2020-02-29,0.02,28.67,16.1,25.57
2020-03-01,0.02,27.56,17.54,22.19
2020-03-02,1.52,27.57,18.32,24.32
2020-03-03,0.24,28.61,16.0,23.5
2020-03-04,0.02,28.99,16.41,27.15
2020-03-05,0.01,29.74,16.76,26.5
2020-03-06,0.01,28.68,16.49,26.78
2020-03-07,0.0,28.96,14.83,27.39
2020-03-08,0.01,29.52,15.45,25.87
2020-03-09,0.0,30.92,17.02,25.81
2020-03-10,0.01,31.62,17.88,24.35
2020-03-11,0.0,32.21,18.82,23.93
2020-03-12,0.0,33.24,19.57,24.64
2020-03-13,0.0,33.23,18.69,26.28
2020-03-14,0.0,33.11,18.97,24.5
2020-03-15,1.03,33.35,20.41,22.82
2020-03-16,1.98,31.72,21.42,23.61
2020-03-17,4.04,31.83,21.18,20.99
2020-03-18,2.56,30.61,20.9,13.65
2020-03-19,19.44,29.33,21.67,14.64
2020-03-20,7.88,27.92,21.68,15.33
2020-03-21,1.2,27.65,20.11,17.49
2020-03-22,0.0,29.71,17.23,24.87
2020-03-23,0.06,28.47,14.96,23.88
2020-03-24,0.01,28.54,15.52,22.95
2020-03-25,0.02,29.2,15.68,22.95
2020-03-26,0.05,28.84,15.38,23.59
2020-03-27,0.01,29.24,16.75,21.4
2020-03-28,1.12,31.46,18.01,20.71
2020-03-29,14.12,29.32,19.94,7.39
2020-03-30,2.16,30.26,19.51,19.69
2020-03-31,0.02,31.43,18.66,22.95
2020-04-01,0.0,32.11,18.56,22.96
2020-04-02,0.01,32.33,18.52,21.07
2020-04-03,0.0,31.07,15.44,17.98
2020-04-04,0.0,29.31,12.55,23.85
2020-04-05,0.0,31.57,14.58,22.78
2020-04-06,0.63,33.84,17.13,22.16
2020-04-07,24.8,27.89,21.41,14.61
2020-04-08,0.14,27.92,18.28,20.64
2020-04-09,0.0,27.88,15.04,22.22
2020-04-10,0.0,28.32,13.77,22.46
2020-04-11,0.0,28.62,14.6,21.77
2020-04-12,0.0,29.49,14.76,21.22
2020-04-13,10.61,29.92,15.06,21.69
2020-04-14,2.39,27.22,16.08,10.44
2020-04-15,0.09,26.15,11.88,22.78
2020-04-16,0.03,26.35,8.37,23.05
2020-04-17,0.0,28.28,10.69,21.82
2020-04-18,0.03,27.62,13.68,21.53
2020-04-19,0.05,29.24,14.8,20.93
2020-04-20,0.0,29.58,15.48,19.27
2020-04-21,0.0,29.75,14.7,20.93
2020-04-22,0.02,29.69,13.95,21.01
2020-04-23,0.0,29.56,13.51,20.5
2020-04-24,0.0,30.55,14.8,20.62
2020-04-25,0.05,31.65,16.72,19.55
2020-04-26,0.0,32.35,16.38,20.21
2020-04-27,0.01,30.15,14.25,20.33
2020-04-28,0.03,29.21,15.32,20.08
2020-04-29,0.0,30.11,14.26,20.03
2020-04-30,0.0,31.05,17.21,19.69
2020-05-01,0.0,32.09,16.2,18.81
2020-05-02,0.03,31.36,15.85,17.48
2020-05-03,0.04,28.69,15.44,19.08
2020-05-04,0.44,27.84,12.77,19.62
2020-05-05,0.0,29.86,11.92,15.81
2020-05-06,0.01,30.76,16.92,6.78
2020-05-07,0.0,25.26,14.26,17.54
2020-05-08,0.01,25.4,9.67,19.25
2020-05-09,0.01,27.71,10.87,18.86
2020-05-10,0.02,28.43,11.88,18.8
2020-05-11,0.0,29.32,13.14,18.36
2020-05-12,0.0,29.56,14.27,11.54
2020-05-13,1.71,22.64,15.32,6.14
2020-05-14,2.75,26.2,16.42,7.9
2020-05-15,1.29,26.16,14.78,12.57
2020-05-16,0.03,27.67,13.47,16.86
2020-05-17,0.0,28.66,11.25,18.34
2020-05-18,0.02,29.25,11.0,18.09
2020-05-19,0.0,28.68,12.54,17.69
2020-05-20,0.0,28.47,15.18,15.76
2020-05-21,0.0,29.8,15.05,16.71
2020-05-22,15.31,30.35,16.26,13.5
2020-05-23,34.49,20.28,11.49,8.58
2020-05-24,0.0,19.41,8.54,7.6
2020-05-25,0.0,20.13,7.78,16.93
2020-05-26,0.02,21.32,6.41,17.93
2020-05-27,0.0,24.12,5.88,17.86
2020-05-28,0.0,23.47,6.22,18.12
2020-05-29,0.0,25.84,7.46,17.47
2020-05-30,0.03,26.4,8.8,17.41
2020-05-31,0.05,26.79,12.91,16.97
2020-06-01,0.0,28.44,13.02,15.45
2020-06-02,7.24,21.38,16.84,3.32
2020-06-03,3.93,25.13,16.42,7.3
2020-06-04,1.23,23.89,14.72,5.49
2020-06-05,5.1,24.65,16.49,9.23
2020-06-06,1.47,22.95,15.14,6.3
2020-06-07,0.11,23.79,13.11,14.2
2020-06-08,1.02,27.24,15.4,13.82
2020-06-09,2.16,24.24,17.89,8.05
2020-06-10,0.02,30.08,17.26,13.52
2020-06-11,0.0,30.37,18.16,14.81
2020-06-12,0.06,29.76,16.28,14.88
2020-06-13,0.04,30.02,15.7,15.84
2020-06-14,0.01,28.15,15.91,14.59
2020-06-15,0.0,27.51,13.49,15.41
2020-06-16,0.01,27.2,14.42,15.72
2020-06-17,0.01,27.26,14.96,15.28
2020-06-18,0.02,26.72,14.7,13.75
2020-06-19,0.03,28.18,15.21,15.97
2020-06-20,0.02,28.78,14.29,16.34
2020-06-21,0.0,29.68,15.11,15.37
2020-06-22,0.0,29.49,14.25,15.92
2020-06-23,0.01,26.47,14.94,11.82
2020-06-24,0.0,28.69,12.78,14.51
2020-06-25,1.83,28.78,16.3,14.69
2020-06-26,12.1,24.57,17.86,5.94
2020-06-27,56.1,20.81,13.95,5.68
2020-06-28,0.1,22.02,11.18,12.08
2020-06-29,0.04,23.05,11.88,12.58
2020-06-30,0.35,24.73,15.72,14.1
2020-07-01,3.91,19.44,9.14,15.44
2020-07-02,0.15,19.9,5.83,16.44
2020-07-03,0.06,20.79,5.91,16.39
2020-07-04,0.1,24.45,7.48,16.56
2020-07-05,0.0,28.11,12.37,11.7
2020-07-06,0.0,28.48,15.88,11.39
2020-07-07,0.0,28.78,15.07,15.57
2020-07-08,0.28,27.62,14.24,9.17
2020-07-09,0.19,22.74,10.6,16.66
2020-07-10,0.04,26.88,8.58,16.64
2020-07-11,0.0,28.52,13.8,15.92
2020-07-12,0.0,29.43,14.86,16.43
2020-07-13,0.05,30.41,16.96,15.28
2020-07-14,0.1,29.44,18.19,14.28
2020-07-15,0.0,28.33,13.66,15.91
2020-07-16,0.0,27.18,12.68,15.72
2020-07-17,0.0,29.8,15.39,16.42
2020-07-18,0.0,29.17,14.7,16.44
2020-07-19,0.0,27.53,13.71,16.86
2020-07-20,0.0,28.28,12.89,17.39
2020-07-21,0.03,29.29,13.39,17.29
2020-07-22,0.0,29.92,13.88,17.76
2020-07-23,0.03,29.93,13.59,17.46
2020-07-24,0.0,29.09,13.47,17.74
2020-07-25,0.0,29.65,14.07,17.48
2020-07-26,0.0,28.73,14.0,16.68
2020-07-27,0.0,29.65,14.36,15.48
2020-07-28,0.12,30.48,15.91,16.16
2020-07-29,0.86,28.72,16.61,15.19
2020-07-30,0.04,25.56,12.06,16.94
2020-07-31,0.0,28.44,13.04,16.96
2020-08-01,0.01,27.99,13.68,17.04
2020-08-02,0.01,28.54,12.33,18.14
2020-08-03,0.0,28.57,12.36,18.74
2020-08-04,0.03,28.76,12.34,19.1
2020-08-05,0.0,28.79,11.47,19.4
2020-08-06,0.01,28.91,11.22,19.68
2020-08-07,0.0,28.63,11.12,19.56
2020-08-08,0.0,29.33,11.23,18.92
2020-08-09,0.0,28.83,12.43,18.17
2020-08-10,0.0,30.36,12.91,19.66
2020-08-11,0.0,31.38,14.6,17.43
2020-08-12,0.0,32.06,16.71,17.84
2020-08-13,0.84,32.88,18.06,12.72
2020-08-14,0.62,30.65,19.41,16.55
2020-08-15,0.1,32.58,18.3,13.55
2020-08-16,26.08,23.52,18.49,2.12
2020-08-17,19.44,23.82,17.2,2.4
2020-08-18,18.79,25.32,17.43,9.05
2020-08-19,4.73,27.69,17.9,11.28
2020-08-20,7.83,18.31,13.34,1.73
2020-08-21,2.0,20.88,10.52,5.41
2020-08-22,0.22,20.7,7.24,16.07
2020-08-23,0.04,23.01,9.14,21.4
2020-08-24,0.0,25.84,10.74,20.96
2020-08-25,0.01,26.33,9.78,21.79
2020-08-26,0.01,27.44,9.26,22.72
2020-08-27,1.5,29.6,10.16,22.98
2020-08-28,0.0,31.7,12.04,22.83
2020-08-29,0.0,32.19,14.18,21.15
2020-08-30,0.11,33.75,15.5,21.39
2020-08-31,0.04,33.28,15.86,21.1
2020-09-01,0.07,32.43,16.02,21.68
2020-09-02,0.04,31.99,16.35,21.35
2020-09-03,0.0,33.69,17.59,22.23
2020-09-04,0.44,35.07,16.71,22.3
2020-09-05,0.01,34.65,17.61,22.75
2020-09-06,0.0,34.9,15.78,22.62
2020-09-07,0.0,34.4,16.44,21.85
2020-09-08,0.02,34.59,16.26,22.02
2020-09-09,0.0,36.01,17.23,22.75
2020-09-10,0.01,37.29,17.87,22.19
2020-09-11,0.02,37.84,19.46,21.51
2020-09-12,0.0,37.48,19.28,22.77
2020-09-13,0.0,36.19,18.72,21.22
2020-09-14,0.0,35.59,18.58,19.15
2020-09-15,0.0,32.86,17.44,20.03
2020-09-16,0.0,35.43,15.96,22.33
2020-09-17,0.0,36.77,18.89,21.54
2020-09-18,0.19,33.83,19.03,10.64
2020-09-19,0.03,32.09,20.24,11.4
2020-09-20,0.22,31.01,19.34,11.84
2020-09-21,2.73,27.01,16.3,7.27
2020-09-22,3.25,28.42,13.72,16.02
2020-09-23,0.08,31.4,13.86,24.0
2020-09-24,0.01,32.85,15.96,24.62
2020-09-25,0.0,35.63,16.69,25.17
2020-09-26,0.0,37.59,17.79,26.2
2020-09-27,1.66,36.14,19.54,21.28
2020-09-28,2.99,36.95,21.74,22.12
2020-09-29,0.1,38.25,21.86,23.83
2020-09-30,0.0,41.18,20.83,25.08
2020-10-01,0.0,40.62,22.77,23.53
2020-10-02,0.0,42.07,25.22,24.6
2020-10-03,0.0,41.6,23.87,22.49
2020-10-04,0.0,39.32,19.47,24.31
2020-10-05,0.0,41.27,19.63,24.54
2020-10-06,0.0,42.32,22.93,24.5
2020-10-07,0.01,42.32,24.25,23.03
2020-10-08,4.71,39.37,24.66,15.66
2020-10-09,3.79,37.81,22.46,14.92
2020-10-10,0.25,31.52,18.05,12.83
2020-10-11,0.0,33.28,15.1,21.94
2020-10-12,0.0,35.44,15.76,26.2
2020-10-13,4.41,36.96,19.07,20.01
2020-10-14,2.01,36.39,20.85,22.61
2020-10-15,11.0,31.4,20.21,11.46
2020-10-16,0.5,31.48,16.81,14.71
2020-10-17,5.08,31.51,14.78,26.51
2020-10-18,2.03,32.72,15.71,23.32
2020-10-19,7.6,30.75,18.73,17.29
2020-10-20,4.78,31.56,18.46,18.73
2020-10-21,1.36,32.45,19.76,18.17
2020-10-22,0.02,32.83,18.43,26.68
2020-10-23,4.78,32.67,18.29,25.37
2020-10-24,1.4,32.82,19.47,17.76
2020-10-25,0.33,34.2,19.44,26.95
2020-10-26,0.57,34.31,18.96,13.45
2020-10-27,1.18,33.32,19.58,26.44
2020-10-28,0.0,35.99,15.78,29.9
2020-10-29,7.76,30.26,20.86,15.56
2020-10-30,1.76,29.83,18.19,11.63
2020-10-31,0.02,29.61,16.25,21.76
2020-11-01,0.0,29.07,13.84,28.02
2020-11-02,0.0,28.97,12.54,30.41
2020-11-03,0.0,29.76,12.39,28.64
2020-11-04,0.02,32.84,13.32,29.3
2020-11-05,0.0,32.76,14.06,28.35
2020-11-06,0.0,33.78,13.98,30.53
2020-11-07,0.0,36.67,13.83,30.62
2020-11-08,0.0,39.17,16.72,27.99
2020-11-09,12.0,39.22,20.07,16.57
2020-11-10,1.74,29.24,19.93,18.99
2020-11-11,1.98,30.7,21.76,18.95
2020-11-12,3.35,30.56,20.88,22.46
2020-11-13,1.13,29.78,20.71,24.76
2020-11-14,0.9,32.85,21.19,26.12
2020-11-15,1.14,34.83,20.28,23.16
2020-11-16,0.04,36.04,20.76,28.57
2020-11-17,0.92,37.01,23.11,25.9
2020-11-18,17.25,31.99,19.63,13.61
2020-11-19,2.37,30.55,18.6,22.31
2020-11-20,0.0,31.0,14.81,30.44
2020-11-21,0.0,32.32,14.81,30.13
2020-11-22,0.0,34.01,15.6,31.12
2020-11-23,0.0,34.47,16.44,32.07
2020-11-24,0.0,35.15,17.27,29.81
2020-11-25,0.64,36.78,19.46,29.72
2020-11-26,0.17,37.03,20.77,28.63
2020-11-27,3.62,35.43,22.24,26.9
2020-11-28,4.16,33.32,21.1,23.51
2020-11-29,1.26,37.12,19.98,28.64
2020-11-30,3.76,37.42,22.15,24.08
2020-12-01,14.56,30.72,21.89,23.62
2020-12-02,1.72,32.72,20.77,25.86
2020-12-03,19.53,30.84,21.04,10.28
2020-12-04,12.33,30.58,20.58,26.81
2020-12-05,13.48,30.08,21.29,19.03
2020-12-06,1.2,30.58,19.43,15.41
2020-12-07,4.98,29.49,21.09,9.44
2020-12-08,0.63,32.21,20.09,25.63
2020-12-09,0.01,33.68,20.05,28.77
2020-12-10,0.05,34.01,18.84,29.32
2020-12-11,0.1,30.99,20.72,26.1
2020-12-12,4.85,27.15,18.97,14.2
2020-12-13,13.55,30.0,20.56,25.56
2020-12-14,2.54,31.0,21.31,18.92
2020-12-15,4.41,31.38,20.88,25.41
2020-12-16,6.91,31.47,21.22,27.05
2020-12-17,3.72,31.09,21.98,19.68
2020-12-18,0.53,32.54,21.07,28.31
2020-12-19,5.34,34.02,22.0,20.99
2020-12-20,2.08,34.19,22.33,24.64
2020-12-21,2.77,34.36,22.57,20.96
2020-12-22,1.97,34.54,22.11,22.43
2020-12-23,0.01,34.03,20.08,29.37
2020-12-24,0.0,35.16,18.96,30.39
2020-12-25,0.02,34.71,17.37,30.03
2020-12-26,0.53,34.03,18.29,28.04
2020-12-27,18.16,33.26,20.48,20.76
2020-12-28,8.94,31.05,21.48,23.51
2020-12-29,1.74,31.17,20.87,17.45
2020-12-30,0.82,33.18,20.37,24.04
2020-12-31,6.34,30.09,21.75,15.8
2021-01-01,14.41,28.99,21.1,23.68
2021-01-02,1.73,31.5,21.08,23.6
2021-01-03,1.07,33.11,18.98,29.41
2021-01-04,0.1,32.45,17.9,29.23
2021-01-05,2.27,29.93,21.13,23.69
2021-01-06,8.66,29.66,21.36,19.27
2021-01-07,3.68,32.73,21.84,19.61
2021-01-08,2.48,30.62,21.89,24.6
2021-01-09,0.06,32.38,21.18,26.01
2021-01-10,0.07,35.26,21.28,25.75
2021-01-11,0.04,34.87,22.68,24.66
2021-01-12,4.82,33.94,24.35,23.64
2021-01-13,5.66,32.55,22.94,19.69
2021-01-14,3.22,32.12,22.2,16.38
2021-01-15,5.97,31.61,21.4,19.12
2021-01-16,19.8,26.4,21.29,14.73
2021-01-17,6.61,28.68,20.95,15.31
2021-01-18,9.96,31.37,20.21,14.64
2021-01-19,10.74,28.66,22.16,15.47
2021-01-20,1.66,29.91,21.13,15.47
2021-01-21,0.53,32.19,20.43,17.96
2021-01-22,0.14,33.64,21.02,25.63
2021-01-23,0.75,33.94,21.35,27.62
2021-01-24,7.12,29.45,21.24,15.87
2021-01-25,4.38,26.1,20.88,12.58
2021-01-26,0.59,31.8,19.49,20.76
2021-01-27,15.24,29.87,21.4,18.88
2021-01-28,9.25,28.25,20.19,19.42
2021-01-29,21.75,28.39,21.63,19.98
2021-01-30,25.12,29.48,20.96,17.43
2021-01-31,11.74,29.62,21.39,11.99
2021-02-01,2.04,29.82,20.43,22.19
2021-02-02,3.21,31.04,20.04,24.64
2021-02-03,0.28,32.32,21.2,26.4
2021-02-04,0.35,30.68,21.62,20.13
2021-02-05,0.16,29.37,18.54,27.04
2021-02-06,0.0,29.99,16.89,29.37
2021-02-07,0.0,30.07,17.68,29.26
2021-02-08,0.0,29.94,15.4,29.8
2021-02-09,0.0,30.94,16.24,27.36
2021-02-10,0.25,32.52,18.45,26.21
2021-02-11,11.83,27.87,19.02,11.28
2021-02-12,3.68,28.11,19.02,12.94
2021-02-13,4.04,28.81,20.26,20.89
2021-02-14,9.71,27.92,19.41,9.1
2021-02-15,2.97,29.57,19.5,23.17
2021-02-16,0.08,31.28,18.54,26.09
2021-02-17,3.8,29.96,20.8,22.15
2021-02-18,0.04,31.86,18.68,28.67
2021-02-19,0.02,31.77,15.28,29.61
2021-02-20,0.0,33.75,17.58,27.8
2021-02-21,0.0,34.84,19.08,26.9
2021-02-22,0.0,34.59,19.4,26.48
2021-02-23,1.29,35.0,19.67,23.63
2021-02-24,2.87,35.29,20.69,23.84
2021-02-25,3.59,33.39,20.09,23.81
2021-02-26,4.28,31.86,19.41,19.14
2021-02-27,3.28,31.15,19.92,21.42
2021-02-28,14.97,26.69,19.79,13.56
2021-03-01,6.16,29.04,18.9,16.16
2021-03-02,15.55,29.11,19.77,17.04
2021-03-03,3.3,29.24,19.33,15.81
2021-03-04,30.52,28.45,19.51,10.12
2021-03-05,20.62,24.83,20.43,9.94
2021-03-06,2.36,26.53,20.38,14.11
2021-03-07,7.4,28.69,19.64,21.24
2021-03-08,2.53,29.92,19.04,22.64
2021-03-09,2.44,29.64,19.69,21.38
2021-03-10,0.36,29.35,18.08,25.19
2021-03-11,1.2,31.2,19.68,25.58
2021-03-12,0.0,32.09,18.29,24.79
2021-03-13,1.32,30.69,19.44,24.55
2021-03-14,1.47,31.58,19.49,23.47
2021-03-15,0.42,31.07,19.38,23.6
2021-03-16,0.82,32.7,20.57,23.61
2021-03-17,7.3,30.97,20.33,11.39
2021-03-18,3.15,29.59,21.02,18.11
2021-03-19,3.73,30.91,20.61,20.25
2021-03-20,0.79,32.19,20.08,22.36
2021-03-21,0.74,31.93,21.41,21.33
2021-03-22,0.0,33.33,19.46,24.28
2021-03-23,0.01,33.77,19.84,20.81
2021-03-24,0.2,34.33,21.16,22.85
2021-03-25,0.22,33.67,20.77,23.59
2021-03-26,2.1,32.6,21.25,20.88
2021-03-27,5.76,32.33,20.53,17.63
2021-03-28,0.2,33.28,20.48,21.82
2021-03-29,2.24,33.49,19.84,18.16
2021-03-30,2.82,31.33,19.56,21.88
2021-03-31,0.04,30.33,16.93,21.92
2021-04-01,0.0,29.69,14.42,21.58
2021-04-02,0.0,30.23,15.31,23.95
2021-04-03,0.0,30.8,15.39,23.39
2021-04-04,0.0,30.96,16.74,21.78
2021-04-05,0.02,30.99,17.66,21.01
2021-04-06,0.04,31.09,18.59,20.44
2021-04-07,0.0,30.63,18.11,18.72
2021-04-08,0.0,31.73,17.97,20.95
2021-04-09,0.0,31.56,16.96,22.15
2021-04-10,0.0,31.94,15.46,23.1
2021-04-11,0.0,32.47,15.01,23.11
2021-04-12,0.0,33.78,17.3,19.45
2021-04-13,0.02,29.28,20.38,17.48
2021-04-14,0.0,29.48,15.89,19.9
2021-04-15,0.02,30.9,16.28,19.59
2021-04-16,2.16,30.72,16.46,17.54
2021-04-17,8.22,29.0,17.17,17.13
2021-04-18,0.97,28.84,17.01,16.57
2021-04-19,0.08,27.7,16.26,19.26
2021-04-20,0.0,29.06,15.8,20.65
2021-04-21,0.0,28.6,14.88,21.36
2021-04-22,0.01,28.83,15.53,20.94
2021-04-23,0.01,28.76,13.99,19.54
2021-04-24,0.0,30.48,14.68,20.45
2021-04-25,0.0,30.8,15.99,15.32
2021-04-26,0.0,30.61,16.35,16.63
2021-04-27,0.0,29.82,14.29,20.93
2021-04-28,0.0,29.86,11.99,20.85
2021-04-29,0.0,28.11,13.94,20.39
2021-04-30,0.0,28.3,14.62,16.98
2021-05-01,0.01,26.87,15.73,16.69
2021-05-02,0.0,30.42,14.9,18.26
2021-05-03,0.0,30.84,14.49,19.38
2021-05-04,0.0,31.37,14.07,19.53
2021-05-05,0.0,31.46,15.18,19.25
2021-05-06,0.0,31.8,16.15,18.38
2021-05-07,0.0,25.33,16.94,9.53
2021-05-08,0.02,28.81,14.12,18.29
2021-05-09,0.05,29.72,14.56,18.68
2021-05-10,0.0,29.56,14.92,16.22
2021-05-11,0.01,30.46,14.5,16.31
2021-05-12,2.59,28.77,17.61,10.16
2021-05-13,0.07,26.8,14.45,15.6
2021-05-14,0.07,26.93,13.47,15.37
2021-05-15,0.02,28.81,14.01,17.01
2021-05-16,0.0,28.49,14.3,17.24
2021-05-17,0.0,28.96,13.71,17.38
2021-05-18,0.0,28.52,13.33,17.74
2021-05-19,0.02,29.4,10.52,17.97
2021-05-20,0.0,30.7,14.6,16.91
2021-05-21,0.0,31.39,16.09,15.28
2021-05-22,14.6,26.8,17.55,4.9
2021-05-23,2.65,26.14,12.87,10.77
2021-05-24,0.0,21.62,8.72,16.89
2021-05-25,0.03,24.78,8.65,16.61
2021-05-26,0.0,28.45,12.66,13.27
2021-05-27,0.0,30.91,15.82,15.16
2021-05-28,0.0,30.19,17.48,13.32
2021-05-29,0.19,30.87,19.23,13.16
2021-05-30,21.19,29.63,18.78,9.29
2021-05-31,6.56,25.31,16.37,8.32
2021-06-01,0.13,26.05,15.23,14.38
2021-06-02,0.02,29.02,13.63,14.48
2021-06-03,0.01,30.2,14.82,15.73
2021-06-04,0.02,29.94,14.57,16.08
2021-06-05,0.0,29.72,14.99,14.94
2021-06-06,1.06,30.13,16.92,15.46
2021-06-07,10.24,25.36,15.0,4.39
2021-06-08,0.5,26.47,15.41,5.39
2021-06-09,7.82,26.41,15.5,12.03
2021-06-10,12.17,26.94,16.59,2.09
2021-06-11,1.48,23.12,15.27,6.9
2021-06-12,0.02,24.03,12.38,15.18
2021-06-13,0.09,23.62,9.88,16.61
2021-06-14,0.0,24.98,8.95,16.59
2021-06-15,0.03,25.58,10.66,15.64
2021-06-16,0.05,23.75,9.86,15.88
2021-06-17,0.01,24.92,10.8,15.69
2021-06-18,0.03,23.79,12.01,7.77
2021-06-19,0.01,26.87,14.81,9.89
2021-06-20,0.0,23.09,13.66,12.5
2021-06-21,1.44,25.6,11.17,11.07
2021-06-22,0.75,25.29,15.55,10.54
2021-06-23,0.01,25.54,14.08,15.41
2021-06-24,0.01,28.27,12.18,15.0
2021-06-25,0.0,30.52,15.91,13.62
2021-06-26,0.0,30.13,15.41,14.01
2021-06-27,0.0,29.0,14.38,16.11
2021-06-28,0.64,24.4,10.25,8.78
2021-06-29,0.84,16.22,6.76,13.02
2021-06-30,0.04,18.6,3.17,16.23
2021-07-01,0.15,21.16,3.49,17.13
2021-07-02,0.53,26.32,7.93,16.88
2021-07-03,0.0,27.18,9.65,16.97
2021-07-04,0.0,25.93,9.45,15.36
2021-07-05,0.0,25.99,10.36,15.64
2021-07-06,0.02,25.18,9.86,15.88
2021-07-07,0.01,25.0,11.7,16.53
2021-07-08,0.0,24.84,10.6,16.41
2021-07-09,0.01,25.54,9.14,16.83
2021-07-10,0.0,27.43,9.19,16.34
2021-07-11,0.0,27.47,11.6,16.81
2021-07-12,0.0,28.41,11.13,16.92
2021-07-13,0.0,28.46,11.08,16.67
2021-07-14,0.0,28.51,11.92,15.77
2021-07-15,0.0,28.85,13.81,16.07
2021-07-16,1.31,24.77,14.05,9.47
2021-07-17,1.82,25.26,15.07,10.84
2021-07-18,0.01,23.5,7.65,17.4
2021-07-19,0.0,20.67,2.08,16.87
2021-07-20,0.0,21.4,3.97,15.71
2021-07-21,0.0,27.11,7.88,17.5
2021-07-22,0.0,29.1,6.06,17.19
2021-07-23,0.0,28.49,9.12,17.85
2021-07-24,0.0,28.72,9.89,18.04
2021-07-25,0.0,29.16,10.62,17.93
2021-07-26,0.0,30.6,12.3,17.92
2021-07-27,0.29,30.85,13.86,13.4
2021-07-28,2.86,15.58,6.35,9.34
2021-07-29,0.0,15.99,2.4,19.17
2021-07-30,0.01,19.31,2.84,16.82
2021-07-31,0.0,22.32,6.43,16.5
2021-08-01,0.0,23.1,9.15,12.42
2021-08-02,0.0,26.04,10.09,18.3
2021-08-03,0.0,25.13,9.33,19.15
2021-08-04,0.01,24.75,9.35,16.21
2021-08-05,0.0,26.09,11.76,14.0
2021-08-06,0.55,25.75,12.56,15.22
2021-08-07,0.0,28.06,15.56,16.89
2021-08-08,0.0,29.47,14.26,17.23
2021-08-09,0.0,30.88,13.23,19.08
2021-08-10,0.0,32.21,14.39,18.87
2021-08-11,0.0,30.94,15.17,17.62
2021-08-12,0.0,28.79,12.64,15.31
2021-08-13,0.04,30.01,13.09,17.34
2021-08-14,0.01,31.02,13.14,18.07
2021-08-15,0.0,32.55,13.84,16.13
2021-08-16,0.12,32.33,19.06,16.85
2021-08-17,0.0,35.23,16.49,19.18
2021-08-18,0.0,35.59,17.6,19.38
2021-08-19,0.0,34.14,17.24,20.29
2021-08-20,0.0,33.15,16.65,19.82
2021-08-21,0.0,33.08,16.15,20.21
2021-08-22,0.0,33.25,14.93,21.02
2021-08-23,0.0,34.75,17.0,19.93
2021-08-24,0.0,34.57,20.05,16.74
2021-08-25,0.0,36.74,21.08,18.56
2021-08-26,0.02,31.07,19.21,13.4
2021-08-27,4.92,28.23,16.88,6.77
2021-08-28,5.94,24.99,15.1,10.04
2021-08-29,1.27,24.36,15.67,12.1
2021-08-30,0.0,29.32,14.11,21.01
2021-08-31,0.0,29.8,14.49,22.34
2021-09-01,0.0,30.46,14.8,22.54
2021-09-02,0.0,30.01,13.62,20.71
2021-09-03,0.0,33.95,17.08,21.41
2021-09-04,0.0,35.88,17.53,21.64
2021-09-05,0.0,35.65,16.87,21.03
2021-09-06,0.0,37.44,17.88,22.3
2021-09-07,0.0,36.84,16.68,21.16
2021-09-08,0.52,37.95,20.68,18.25
2021-09-09,12.29,29.28,16.73,5.76
2021-09-10,0.78,28.21,15.1,9.76
2021-09-11,0.02,30.45,16.51,13.09
2021-09-12,0.0,35.95,16.21,21.43
2021-09-13,0.0,38.14,19.51,16.48
2021-09-14,8.86,36.95,20.42,14.21
2021-09-15,12.79,29.45,20.47,13.85
2021-09-16,0.02,33.24,17.59,13.64
2021-09-17,0.03,34.35,16.62,18.94
2021-09-18,0.02,36.69,18.5,20.63
2021-09-19,0.0,37.26,20.1,21.84
2021-09-20,0.0,38.73,21.35,21.71
2021-09-21,0.0,40.02,24.02,18.93
2021-09-22,0.0,28.19,16.21,20.97
2021-09-23,0.0,30.92,13.49,22.69
2021-09-24,0.0,33.18,15.0,22.81
2021-09-25,0.12,30.72,18.18,20.91
2021-09-26,1.52,33.54,19.49,15.52
2021-09-27,0.98,34.51,19.24,22.77
2021-09-28,0.03,36.95,18.98,23.97
2021-09-29,0.03,38.48,24.47,18.91
2021-09-30,0.27,35.76,18.99,23.88
2021-10-01,7.12,37.49,19.05,9.73
2021-10-02,6.16,30.73,20.88,5.27
2021-10-03,7.13,35.13,20.71,11.79
2021-10-04,7.32,31.28,20.9,6.89
2021-10-05,0.26,33.48,19.11,15.84
2021-10-06,11.76,35.0,16.96,22.91
2021-10-07,1.2,32.75,21.01,10.76
2021-10-08,0.0,32.74,16.94,25.58
2021-10-09,1.85,30.58,17.29,18.22
2021-10-10,5.98,27.26,17.02,4.78
2021-10-11,0.05,28.87,16.24,15.49
2021-10-12,0.0,32.21,16.36,26.0
2021-10-13,0.02,34.1,16.41,27.82
2021-10-14,7.03,33.46,17.68,9.64
2021-10-15,21.12,29.61,21.35,9.92
2021-10-16,5.48,31.05,21.45,16.04
2021-10-17,1.73,30.68,19.13,11.2
2021-10-18,2.78,25.79,18.44,11.8
2021-10-19,0.55,26.55,16.07,15.15
2021-10-20,0.04,28.4,13.93,28.16
2021-10-21,0.0,28.83,12.49,28.95
2021-10-22,0.0,31.73,12.93,29.58
2021-10-23,4.25,35.52,13.85,25.64
2021-10-24,39.54,24.23,16.31,13.07
2021-10-25,0.01,30.26,14.72,21.81
2021-10-26,0.05,29.97,17.23,22.66
2021-10-27,0.18,30.58,18.35,17.86
2021-10-28,0.11,28.69,19.38,21.68
2021-10-29,0.01,33.1,18.48,26.72
2021-10-30,2.76,31.88,18.5,24.07
2021-10-31,9.61,28.97,18.95,13.22
2021-11-01,0.53,30.59,17.86,23.72
2021-11-02,0.0,32.46,16.92,24.83
2021-11-03,0.0,33.63,17.69,29.42
2021-11-04,0.0,35.53,17.11,29.26
2021-11-05,0.02,35.21,19.92,26.32
2021-11-06,0.02,35.11,20.51,23.15
2021-11-07,0.12,35.86,20.44,28.12
2021-11-08,0.97,36.31,18.66,24.18
2021-11-09,0.03,35.98,18.64,28.37
2021-11-10,0.4,36.35,17.97,27.37
2021-11-11,0.85,32.29,18.52,12.1
2021-11-12,0.01,32.84,17.04,25.33
2021-11-13,0.0,32.17,14.33,28.88
2021-11-14,0.0,34.62,13.88,28.14
2021-11-15,0.31,35.63,17.64,27.01
2021-11-16,0.03,35.32,19.76,25.66
2021-11-17,2.1,35.92,21.99,22.55
2021-11-18,39.33,29.32,22.24,13.56
2021-11-19,6.48,28.8,22.1,17.5
2021-11-20,0.04,31.32,18.43,28.68
2021-11-21,0.0,31.88,14.92,31.15
2021-11-22,0.05,34.72,13.64,28.56
2021-11-23,0.01,36.94,14.94,29.77
2021-11-24,0.01,36.42,19.0,26.99
2021-11-25,7.13,36.54,19.85,26.58
2021-11-26,23.7,29.53,22.46,23.0
2021-11-27,0.07,31.63,17.41,32.0
2021-11-28,0.01,34.61,18.72,28.22
2021-11-29,16.67,30.36,20.94,23.68
2021-11-30,3.39,31.33,21.1,22.8
2021-12-01,0.58,33.32,19.48,31.23
2021-12-02,0.07,33.85,17.53,24.66
2021-12-03,0.1,33.34,18.14,30.68
2021-12-04,0.0,33.87,17.29,30.84
2021-12-05,1.48,34.82,17.98,30.68
2021-12-06,6.43,33.55,19.71,28.06
2021-12-07,1.54,30.12,17.29,26.79
2021-12-08,0.03,30.44,15.48,29.27
2021-12-09,0.0,31.45,13.86,32.65
2021-12-10,0.0,33.35,13.35,32.29
2021-12-11,0.0,33.51,16.37,28.43
2021-12-12,0.0,35.92,19.85,26.21
2021-12-13,11.54,31.39,22.46,14.27
2021-12-14,12.77,29.6,21.2,12.53
2021-12-15,13.67,29.91,21.62,13.72
2021-12-16,15.3,28.68,21.62,21.13
2021-12-17,5.78,31.44,21.51,15.07
2021-12-18,2.8,31.9,20.06,21.56
2021-12-19,0.0,30.51,16.74,31.4
2021-12-20,0.0,32.04,15.45,31.24
2021-12-21,0.0,33.15,17.29,28.75
2021-12-22,1.14,34.51,19.94,29.68
2021-12-23,1.36,31.18,21.62,23.26
2021-12-24,0.0,32.12,16.18,31.26
2021-12-25,0.0,32.48,15.57,32.06
2021-12-26,0.0,35.33,15.92,30.14
2021-12-27,0.43,34.95,20.38,27.59
2021-12-28,5.71,34.69,21.71,25.52
2021-12-29,17.6,28.1,20.98,20.3
2021-12-30,13.08,29.13,19.46,16.54
2021-12-31,0.59,30.1,18.26,26.3
2022-01-01,1.1,31.78,19.6,25.23
2022-01-02,4.47,32.03,20.46,23.98
2022-01-03,16.82,31.39,20.31,19.6
2022-01-04,8.38,30.44,21.14,18.2
2022-01-05,10.35,28.03,21.93,18.34
2022-01-06,6.16,27.2,21.04,22.13
2022-01-07,1.82,29.76,18.79,20.48
2022-01-08,0.0,30.53,16.67,25.09
2022-01-09,0.04,28.92,16.55,20.49
2022-01-10,7.17,29.61,16.96,24.73
2022-01-11,2.23,29.91,18.71,20.65
2022-01-12,6.96,27.74,19.22,18.11
2022-01-13,5.06,30.44,19.75,17.27
2022-01-14,1.24,32.68,19.95,24.28
2022-01-15,6.45,30.01,22.13,21.63
2022-01-16,9.12,28.18,20.89,8.09
2022-01-17,0.77,28.53,19.75,17.07
2022-01-18,3.84,31.23,20.34,22.18
2022-01-19,4.45,30.8,20.69,23.96
2022-01-20,0.8,33.06,20.0,29.1
2022-01-21,0.1,34.17,20.79,27.92
2022-01-22,0.09,35.93,21.35,28.32
2022-01-23,0.01,36.52,22.1,28.54
2022-01-24,0.01,37.33,23.27,28.33
2022-01-25,0.03,35.37,22.35,26.25
2022-01-26,6.83,34.63,22.51,26.27
2022-01-27,4.68,30.35,22.64,22.01
2022-01-28,21.97,27.68,21.27,14.45
2022-01-29,45.99,26.59,20.14,10.91
2022-01-30,32.92,26.86,20.73,8.45
2022-01-31,12.08,27.85,20.99,14.76
2022-02-01,10.09,28.04,19.84,18.93
2022-02-02,10.91,27.32,19.98,12.56
2022-02-03,14.93,28.03,20.11,18.27
2022-02-04,7.45,27.79,20.49,21.87
2022-02-05,8.24,27.84,21.41,19.46
2022-02-06,11.46,29.77,21.85,21.51
2022-02-07,0.29,29.98,20.98,27.25
2022-02-08,0.13,30.07,19.06,27.74
2022-02-09,0.08,29.57,17.92,28.59
2022-02-10,0.0,29.9,16.01,28.54
2022-02-11,0.75,30.43,17.41,27.17
2022-02-12,0.03,30.88,17.96,28.89
2022-02-13,0.0,30.92,18.19,28.44
2022-02-14,0.03,32.79,20.41,27.65
2022-02-15,0.47,32.4,20.33,24.3
2022-02-16,3.59,31.0,19.76,25.57
2022-02-17,4.31,30.67,19.44,25.67
2022-02-18,4.34,30.23,19.04,25.07
2022-02-19,0.63,30.01,17.59,26.59
2022-02-20,0.89,30.55,18.7,25.92
2022-02-21,0.25,31.24,19.18,25.28
2022-02-22,1.16,32.83,20.5,24.16
2022-02-23,1.3,32.96,23.18,23.24
2022-02-24,1.72,32.57,22.49,22.96
2022-02-25,1.74,30.62,21.68,23.34
2022-02-26,1.05,34.04,22.71,23.36
2022-02-27,0.18,34.29,19.81,25.89
2022-02-28,1.64,33.97,21.35,24.24
2022-03-01,11.23,32.83,22.39,15.62
2022-03-02,6.59,25.69,22.04,13.19
2022-03-03,3.31,30.88,20.74,23.81
2022-03-04,2.18,29.76,21.1,22.22
2022-03-05,1.9,32.19,19.82,25.04
2022-03-06,1.78,31.85,20.34,21.68
2022-03-07,0.03,33.13,20.3,24.39
2022-03-08,0.18,34.16,22.86,20.79
2022-03-09,5.41,27.77,21.77,18.3
2022-03-10,6.65,30.38,20.82,20.99
2022-03-11,11.61,29.49,21.74,21.99
2022-03-12,10.3,27.66,21.51,15.16
2022-03-13,18.71,26.27,19.51,14.62
2022-03-14,6.42,29.4,20.01,16.37
2022-03-15,2.42,30.04,20.93,17.17
2022-03-16,2.23,30.89,21.06,15.62
2022-03-17,0.61,29.95,21.86,22.21
2022-03-18,1.43,31.78,21.01,22.06
2022-03-19,5.22,29.13,21.95,14.06
2022-03-20,8.27,26.12,18.84,11.55
2022-03-21,0.01,28.33,17.27,24.38
2022-03-22,0.0,29.18,16.23,24.95
2022-03-23,0.44,30.33,17.08,22.46
2022-03-24,12.34,30.6,19.94,14.99
2022-03-25,11.54,27.86,21.38,8.86
2022-03-26,2.96,29.21,20.3,16.81
2022-03-27,1.27,27.96,20.21,14.73
2022-03-28,0.21,30.21,19.75,20.08
2022-03-29,0.0,30.93,18.27,24.0
2022-03-30,1.95,31.32,19.75,19.36
2022-03-31,37.05,29.33,17.84,15.44
2022-04-01,4.81,25.89,16.44,8.72
2022-04-02,0.02,28.39,16.21,19.47
2022-04-03,0.0,30.11,16.95,22.57
2022-04-04,1.27,30.3,19.71,19.48
2022-04-05,1.54,31.05,19.81,22.02
2022-04-06,0.01,30.42,19.99,21.19
2022-04-07,0.0,30.8,18.67,21.39
2022-04-08,0.25,31.78,18.79,18.65
2022-04-09,0.23,30.37,20.88,19.72
2022-04-10,0.0,30.94,19.51,19.52
2022-04-11,10.31,30.2,18.67,15.2
2022-04-12,14.73,28.99,20.32,15.63
2022-04-13,5.93,27.64,19.7,6.7
2022-04-14,1.47,28.06,19.4,18.16
2022-04-15,0.09,25.45,14.18,22.47
2022-04-16,0.0,24.53,10.24,22.55
2022-04-17,0.02,25.54,12.88,21.7
2022-04-18,0.0,27.01,13.22,18.76
2022-04-19,0.04,28.53,14.86,20.71
2022-04-20,0.0,28.92,15.42,20.1
2022-04-21,0.01,28.37,14.19,20.51
2022-04-22,0.21,29.99,16.65,19.97
2022-04-23,2.51,27.79,17.23,12.07
2022-04-24,0.01,30.58,17.91,19.94
2022-04-25,0.01,31.02,17.01,19.99
2022-04-26,0.01,31.9,17.2,16.73
2022-04-27,0.02,31.57,18.06,17.98
2022-04-28,0.03,31.33,18.52,17.59
2022-04-29,5.3,31.39,18.64,16.0
2022-04-30,1.66,29.42,17.75,18.68
2022-05-01,1.87,30.01,17.17,12.54
2022-05-02,0.53,30.23,16.84,15.96
2022-05-03,1.58,31.44,16.92,16.47
2022-05-04,5.53,21.78,13.22,12.31
2022-05-05,0.11,24.49,12.08,9.6
2022-05-06,0.07,26.48,13.55,15.83
2022-05-07,0.01,25.89,12.27,18.79
2022-05-08,0.01,27.57,12.45,18.5
2022-05-09,0.0,28.91,14.38,17.53
2022-05-10,2.55,28.56,15.0,16.51
2022-05-11,4.86,25.41,16.24,9.44
2022-05-12,0.01,26.72,13.45,17.63
2022-05-13,0.08,27.28,11.94,17.45
2022-05-14,0.31,28.31,12.77,14.75
2022-05-15,8.33,26.5,16.25,6.51
2022-05-16,0.08,23.84,12.45,15.15
2022-05-17,0.03,17.08,7.25,18.96
2022-05-18,0.08,15.33,5.87,7.06
2022-05-19,0.09,19.22,7.27,17.63
2022-05-20,0.0,20.51,6.86,17.85
2022-05-21,0.11,22.55,5.69,16.42
2022-05-22,0.03,24.35,6.95,17.6
2022-05-23,0.0,25.75,10.3,16.84
2022-05-24,0.0,27.46,10.51,16.66
2022-05-25,0.0,26.94,11.27,16.89
2022-05-26,0.01,26.86,11.01,13.58
2022-05-27,0.05,27.14,13.08,14.65
2022-05-28,0.83,28.27,14.69,16.05
2022-05-29,0.72,29.36,13.94,15.85
2022-05-30,10.4,27.74,16.23,7.85
2022-05-31,18.49,24.54,17.42,4.73
2022-06-01,6.32,26.17,16.83,9.65
2022-06-02,0.58,26.55,17.58,9.42
2022-06-03,0.05,25.83,15.03,9.1
2022-06-04,0.02,24.99,13.35,15.48
2022-06-05,0.0,27.26,13.43,14.87
2022-06-06,0.05,27.67,14.02,13.63
2022-06-07,0.14,28.47,15.02,11.81
2022-06-08,0.41,23.6,16.8,9.91
2022-06-09,4.53,25.51,15.43,5.76
2022-06-10,2.53,23.5,16.74,8.55
2022-06-11,0.02,21.91,11.13,15.32
2022-06-12,0.01,19.05,8.0,14.67
2022-06-13,0.08,21.87,6.69,16.58
2022-06-14,0.02,22.16,7.87,16.08
2022-06-15,0.08,24.84,10.43,11.94
2022-06-16,0.15,28.52,11.53,15.77
2022-06-17,5.6,28.88,12.94,14.58
2022-06-18,18.45,21.72,11.6,12.81
2022-06-19,5.64,23.01,9.78,10.79
2022-06-20,2.06,24.65,12.85,10.37
2022-06-21,0.1,27.42,13.68,15.13
2022-06-22,0.02,27.62,14.56,15.14
2022-06-23,0.08,28.34,14.41,15.54
2022-06-24,0.03,28.02,12.33,15.04
2022-06-25,0.0,27.59,11.64,15.18
2022-06-26,0.0,24.55,14.17,15.01
2022-06-27,0.01,25.55,12.3,15.11
2022-06-28,0.13,26.99,12.83,14.65
2022-06-29,0.22,26.4,13.51,14.95
2022-06-30,0.0,26.11,10.19,15.83
2022-07-01,0.07,27.07,11.29,15.77
2022-07-02,0.0,28.75,12.99,15.67
2022-07-03,0.23,30.02,13.7,15.82
2022-07-04,0.2,29.0,12.37,16.19
2022-07-05,0.18,27.99,11.22,15.97
2022-07-06,0.8,26.93,11.34,13.13
2022-07-07,0.01,28.33,13.13,15.85
2022-07-08,0.0,28.95,13.58,15.22
2022-07-09,0.04,27.8,13.01,15.46
2022-07-10,0.0,28.37,12.49,14.77
2022-07-11,0.0,28.39,14.74,15.89
2022-07-12,0.36,24.66,13.77,9.08
2022-07-13,1.77,24.62,15.34,9.43
2022-07-14,0.0,28.62,14.16,15.41
2022-07-15,0.0,29.26,15.45,14.8
2022-07-16,0.0,30.49,15.97,13.55
2022-07-17,0.0,27.61,16.93,12.89
2022-07-18,0.0,29.69,16.64,12.48
2022-07-19,0.0,30.32,15.41,16.03
2022-07-20,0.0,29.59,15.98,15.96
2022-07-21,0.0,29.74,14.89,15.8
2022-07-22,0.0,29.59,14.49,16.77
2022-07-23,0.0,30.2,13.32,16.99
2022-07-24,0.0,30.44,13.45,16.21
2022-07-25,0.0,30.64,13.91,16.83
2022-07-26,0.0,30.61,14.05,17.21
2022-07-27,0.0,30.27,13.92,16.46
2022-07-28,0.0,31.05,15.62,16.7
2022-07-29,0.31,26.25,11.86,10.62
2022-07-30,0.1,26.04,7.58,18.93
2022-07-31,0.0,28.58,8.8,18.12
2022-08-01,0.0,29.86,13.95,14.77
2022-08-02,0.0,31.61,15.76,16.27
2022-08-03,0.0,31.61,14.54,17.0
2022-08-04,0.0,32.1,17.96,15.94
2022-08-05,0.0,29.62,17.11,13.87
2022-08-06,0.0,28.05,17.38,12.06
2022-08-07,5.56,28.91,17.4,6.02
2022-08-08,5.08,27.63,17.28,9.7
2022-08-09,16.48,22.84,15.22,4.07
2022-08-10,2.83,18.07,9.6,10.63
2022-08-11,0.02,22.5,8.09,19.54
2022-08-12,0.05,24.79,10.21,19.97
2022-08-13,0.0,28.63,9.48,19.94
2022-08-14,0.25,30.53,10.93,19.7
2022-08-15,0.0,30.9,13.62,19.59
2022-08-16,1.93,30.22,16.18,9.73
2022-08-17,28.97,24.14,15.98,4.55
2022-08-18,4.93,27.66,14.35,2.66
2022-08-19,0.04,20.87,9.42,16.25
2022-08-20,1.01,20.61,6.55,14.91
2022-08-21,2.4,23.74,11.33,6.34
2022-08-22,0.02,26.93,11.95,19.95
2022-08-23,0.0,27.1,12.02,20.11
2022-08-24,0.0,28.33,13.06,19.7
2022-08-25,0.03,28.38,13.75,18.87
2022-08-26,0.06,30.37,14.12,18.11
2022-08-27,0.01,31.66,14.92,21.07
2022-08-28,0.0,32.96,18.43,19.94
2022-08-29,0.0,24.48,11.99,18.63
2022-08-30,0.0,23.58,11.04,16.51
2022-08-31,0.0,28.05,10.75,20.73
2022-09-01,0.0,30.71,11.38,21.68
2022-09-02,0.0,32.75,13.94,18.06
2022-09-03,0.41,32.84,17.24,15.11
2022-09-04,0.03,26.19,12.81,16.22
2022-09-05,8.18,26.79,12.21,8.31
2022-09-06,13.75,26.9,13.59,9.12
2022-09-07,2.23,30.48,15.81,16.57
2022-09-08,0.01,33.47,16.61,19.6
2022-09-09,0.0,35.49,18.74,20.35
2022-09-10,0.02,33.11,18.38,16.91
2022-09-11,0.16,29.65,17.34,17.23
2022-09-12,0.16,27.73,14.47,9.51
2022-09-13,1.66,32.73,16.39,10.53
2022-09-14,7.4,27.8,17.89,2.64
2022-09-15,2.73,25.04,15.54,9.06
2022-09-16,0.02,27.04,13.94,22.89
2022-09-17,0.0,26.53,11.51,25.56
2022-09-18,0.0,29.6,10.23,24.76
2022-09-19,0.02,34.09,11.75,19.44
2022-09-20,12.33,26.35,16.8,10.98
2022-09-21,28.55,29.39,18.64,5.72
2022-09-22,11.3,25.74,15.4,9.88
2022-09-23,0.01,22.89,10.88,26.3
2022-09-24,0.02,27.06,11.24,25.47
2022-09-25,0.09,28.26,12.23,20.0
2022-09-26,9.67,28.55,15.47,6.68
2022-09-27,15.19,26.1,18.83,6.8
2022-09-28,16.93,23.53,14.91,4.93
2022-09-29,2.57,23.42,13.54,16.53
2022-09-30,3.97,25.08,13.35,4.71
2022-10-01,0.38,28.26,15.51,23.13
2022-10-02,4.21,29.17,16.26,20.47
2022-10-03,3.82,27.06,16.34,16.24
2022-10-04,0.21,29.62,16.52,23.07
2022-10-05,0.12,32.22,15.98,22.54
2022-10-06,20.15,31.61,17.81,16.37
2022-10-07,25.55,25.42,15.97,17.59
2022-10-08,0.0,28.17,14.17,27.28
2022-10-09,0.07,30.03,15.45,13.94
2022-10-10,1.54,26.52,18.35,11.9
2022-10-11,2.56,27.71,18.48,17.97
2022-10-12,8.58,24.56,18.59,7.81
2022-10-13,0.78,30.18,17.81,8.54
2022-10-14,0.1,32.56,17.72,14.0
2022-10-15,0.02,28.89,15.86,15.39
2022-10-16,0.17,30.62,16.86,21.13
2022-10-17,11.25,28.88,18.75,21.46
2022-10-18,5.07,28.16,17.95,6.35
2022-10-19,0.28,29.9,18.9,24.93
2022-10-20,23.25,32.91,18.24,14.87
2022-10-21,7.68,29.22,20.59,12.42
2022-10-22,0.02,29.19,16.79,28.85
2022-10-23,0.02,30.37,15.74,28.93
2022-10-24,0.0,31.76,15.62,29.27
2022-10-25,0.0,31.48,16.06,29.63
2022-10-26,0.0,32.74,14.89,29.42
2022-10-27,0.0,33.95,19.86,17.39
2022-10-28,0.04,32.4,20.17,26.16
2022-10-29,16.89,32.72,20.52,23.03
2022-10-30,13.08,30.19,20.29,23.25
2022-10-31,4.79,31.0,19.71,12.36
2022-11-01,1.78,25.19,15.18,9.4
2022-11-02,0.04,19.9,12.42,14.84
2022-11-03,0.0,24.37,10.59,26.01
2022-11-04,0.0,25.82,8.96,29.78
2022-11-05,0.02,26.52,11.34,30.76
2022-11-06,0.0,26.98,12.25,28.48
2022-11-07,0.0,27.25,12.0,29.18
2022-11-08,0.01,28.62,12.01,28.11
2022-11-09,0.02,31.37,12.94,28.73
2022-11-10,0.03,33.71,14.49,29.29
2022-11-11,8.31,31.44,16.82,6.89
2022-11-12,0.04,30.99,17.28,22.12
2022-11-13,19.06,30.5,18.21,19.03
2022-11-14,0.91,30.54,20.41,22.08
2022-11-15,0.01,30.71,17.08,29.88
2022-11-16,0.0,31.87,14.27,31.14
2022-11-17,0.0,32.04,14.3,31.19
2022-11-18,0.01,32.92,12.41,30.17
2022-11-19,0.41,33.53,15.32,28.6
2022-11-20,0.07,33.42,17.25,29.2
2022-11-21,3.7,33.72,19.03,20.9
2022-11-22,4.21,28.26,20.74,16.76
2022-11-23,0.59,31.22,19.44,22.29
2022-11-24,0.2,33.03,19.96,25.87
2022-11-25,0.02,31.24,17.41,29.7
2022-11-26,0.0,32.34,15.26,28.25
2022-11-27,0.32,33.31,17.61,28.34
2022-11-28,0.53,30.37,17.68,25.67
2022-11-29,6.61,29.38,18.35,22.44
2022-11-30,1.28,31.44,18.01,20.19
2022-12-01,0.8,33.15,18.76,25.03
2022-12-02,14.68,31.25,21.22,21.03
2022-12-03,40.35,28.93,20.45,17.41
2022-12-04,24.6,25.32,21.43,10.14
2022-12-05,13.48,27.34,20.71,11.8
2022-12-06,10.42,29.67,19.66,16.06
2022-12-07,4.82,30.54,20.39,23.47
2022-12-08,0.69,31.4,20.3,28.24
2022-12-09,4.01,32.4,22.42,24.71
2022-12-10,1.43,32.87,21.17,25.61
2022-12-11,4.4,31.87,21.46,15.43
2022-12-12,7.97,27.66,21.53,13.32
2022-12-13,24.3,27.26,21.56,13.28
2022-12-14,0.72,27.83,16.89,26.31
2022-12-15,0.06,29.48,15.19,29.68
2022-12-16,0.01,30.46,16.32,29.63
2022-12-17,0.01,30.89,17.46,30.12
2022-12-18,0.71,30.61,18.18,12.34
2022-12-19,4.23,26.45,18.67,13.77
2022-12-20,0.04,30.31,17.64,24.69
2022-12-21,0.01,29.56,17.36,29.28
2022-12-22,0.0,30.06,15.96,30.18
2022-12-23,0.77,31.13,15.82,30.03
2022-12-24,1.22,31.99,17.61,27.32
2022-12-25,5.43,30.36,19.25,14.46
2022-12-26,9.44,31.03,20.3,21.94
2022-12-27,2.69,31.93,20.87,21.68
2022-12-28,15.51,30.66,21.38,19.36
2022-12-29,19.76,29.23,21.45,21.92
2022-12-30,2.79,30.6,19.96,24.77
2022-12-31,0.39,31.22,20.33,20.29
2023-01-01,3.11,31.47,20.07,24.96
2023-01-02,18.6,30.29,20.37,15.75
2023-01-03,10.73,29.03,20.03,18.7
2023-01-04,25.81,26.41,20.8,7.99
2023-01-05,10.7,25.86,17.82,11.73
2023-01-06,0.03,28.83,15.32,19.95
2023-01-07,0.0,28.19,15.0,19.31
2023-01-08,0.08,29.29,15.22,17.13
2023-01-09,0.34,29.5,18.41,15.92
2023-01-10,9.97,26.93,20.48,18.55
2023-01-11,8.98,25.6,20.83,19.54
2023-01-12,3.33,27.37,19.0,19.13
2023-01-13,17.81,26.66,19.84,18.28
2023-01-14,16.48,28.48,20.38,19.16
2023-01-15,7.05,27.98,20.85,22.76
2023-01-16,3.05,29.34,21.06,20.18
2023-01-17,1.76,31.39,20.37,26.9
2023-01-18,4.19,30.92,20.28,25.74
2023-01-19,6.33,27.74,20.61,24.33
2023-01-20,3.95,28.88,19.62,17.65
2023-01-21,2.33,29.25,20.83,20.7
2023-01-22,0.99,26.92,21.33,20.78
2023-01-23,0.31,27.93,20.64,19.31
2023-01-24,0.5,30.28,19.81,24.73
2023-01-25,0.02,32.04,20.0,29.46
2023-01-26,0.29,32.54,17.67,28.57
2023-01-27,0.27,32.14,19.21,27.04
2023-01-28,9.74,30.44,19.78,20.65
2023-01-29,9.66,29.98,20.88,23.28
2023-01-30,26.63,24.8,21.26,13.52
2023-01-31,16.21,26.91,20.67,13.75
2023-02-01,2.99,26.12,20.71,19.08
2023-02-02,24.36,28.16,19.79,15.04
2023-02-03,6.76,28.16,21.39,14.52
2023-02-04,4.2,29.1,21.27,17.42
2023-02-05,1.01,28.67,20.91,19.48
2023-02-06,1.68,29.27,21.01,23.65
2023-02-07,3.49,29.64,20.04,18.92
2023-02-08,0.31,30.07,19.62,26.57
2023-02-09,0.05,31.45,19.71,26.94
2023-02-10,19.18,27.98,21.24,17.34
2023-02-11,34.58,25.17,20.36,11.74
2023-02-12,5.98,28.45,19.61,18.79
2023-02-13,12.34,26.2,19.77,21.6
2023-02-14,0.96,29.53,20.49,24.26
2023-02-15,7.18,29.74,20.8,15.7
2023-02-16,10.59,27.26,21.4,20.2
2023-02-17,32.7,27.56,21.36,12.68
2023-02-18,4.6,29.92,19.97,20.17
2023-02-19,4.29,23.24,16.95,11.36
2023-02-20,18.1,26.71,17.01,10.62
2023-02-21,11.48,27.99,19.86,16.07
2023-02-22,5.18,29.8,19.5,24.12
2023-02-23,28.21,26.61,19.79,14.01
2023-02-24,3.06,27.4,18.97,13.16
2023-02-25,0.06,29.01,20.23,24.65
2023-02-26,0.57,29.1,20.33,17.08
2023-02-27,0.13,30.18,20.36,20.89
2023-02-28,5.96,26.93,19.97,18.84
2023-03-01,0.33,28.85,19.67,18.7
2023-03-02,0.68,29.57,19.53,25.59
2023-03-03,3.93,30.13,19.7,23.19
2023-03-04,8.76,29.92,20.26,22.04
2023-03-05,11.5,29.31,20.4,20.48
2023-03-06,7.03,29.51,20.8,22.66
2023-03-07,0.91,28.03,20.36,25.17
2023-03-08,0.0,29.72,18.76,23.83
2023-03-09,11.75,24.99,20.91,21.53
2023-03-10,14.6,24.41,19.91,8.99
2023-03-11,7.89,26.88,18.42,12.47
2023-03-12,5.9,27.66,18.47,11.71
2023-03-13,4.08,26.2,19.5,14.42
2023-03-14,16.05,27.77,19.82,16.42
2023-03-15,6.78,27.95,20.02,10.77
2023-03-16,6.16,27.12,20.23,14.77
2023-03-17,0.93,27.67,19.5,17.09
2023-03-18,0.92,29.49,18.83,21.36
2023-03-19,3.59,28.24,19.5,19.35
2023-03-20,7.52,29.5,20.23,21.95
2023-03-21,6.28,29.63,19.47,23.77
2023-03-22,0.04,30.47,19.05,23.34
2023-03-23,0.01,30.44,19.38,23.05
2023-03-24,0.02,31.06,19.86,21.05
2023-03-25,0.41,30.49,19.92,21.14
2023-03-26,0.9,30.78,20.83,19.21
2023-03-27,7.7,30.06,21.11,18.64
2023-03-28,0.68,30.01,18.32,20.44
2023-03-29,1.12,29.63,20.44,22.07
2023-03-30,2.63,28.8,19.56,21.42
2023-03-31,0.62,29.21,20.61,22.19
2023-04-01,0.09,30.12,18.89,23.46
2023-04-02,0.07,29.23,18.26,23.05
2023-04-03,0.39,28.33,16.47,23.29
2023-04-04,0.15,29.52,15.63,22.73
2023-04-05,0.27,29.17,16.42,20.52
2023-04-06,6.42,28.4,17.63,19.1
2023-04-07,9.41,24.0,19.12,12.4
2023-04-08,0.28,27.05,18.81,10.25
2023-04-09,0.04,27.47,18.68,15.93
2023-04-10,0.01,27.91,16.55,20.31
2023-04-11,0.02,28.14,15.52,20.81
2023-04-12,0.02,28.21,17.8,17.17
2023-04-13,10.34,28.34,19.73,18.41
2023-04-14,4.76,27.18,20.11,9.45
2023-04-15,0.01,28.11,18.68,17.48
2023-04-16,1.17,28.8,17.49,20.62
2023-04-17,10.77,28.55,18.99,11.42
2023-04-18,17.23,27.8,20.37,4.0
2023-04-19,3.16,24.18,14.14,19.9
2023-04-20,0.0,22.58,12.08,20.91
2023-04-21,0.06,23.62,9.58,21.58
2023-04-22,0.03,26.78,13.22,20.18
2023-04-23,0.03,26.77,14.6,18.42
2023-04-24,0.01,26.89,14.9,17.62
2023-04-25,13.2,25.25,14.84,7.48
2023-04-26,3.09,26.53,16.22,12.95
2023-04-27,2.88,24.53,17.73,6.63
2023-04-28,0.42,25.34,15.53,14.51
2023-04-29,0.04,25.92,14.39,18.77
2023-04-30,0.07,26.32,14.41,19.8
2023-05-01,0.02,26.72,12.99,19.11
2023-05-02,0.35,26.8,13.72,18.27
2023-05-03,0.08,27.7,14.34,17.26
2023-05-04,0.37,28.16,15.57,18.13
2023-05-05,0.23,28.75,16.41,18.48
2023-05-06,0.53,28.73,16.9,16.53
2023-05-07,0.06,27.94,17.47,17.07
2023-05-08,0.0,28.06,16.42,16.02
2023-05-09,0.03,28.8,17.74,12.81
2023-05-10,0.76,26.34,18.52,13.62
2023-05-11,0.02,25.61,12.74,16.26
2023-05-12,0.06,23.92,10.08,17.66
2023-05-13,0.05,23.16,10.95,18.42
2023-05-14,0.02,23.65,9.16,18.56
2023-05-15,0.09,24.12,9.35,18.68
2023-05-16,0.05,24.52,9.42,18.47
2023-05-17,0.03,23.51,10.53,18.56
2023-05-18,0.03,23.9,10.51,18.28
2023-05-19,0.01,24.55,10.13,16.74
2023-05-20,0.12,24.83,9.83,14.28
2023-05-21,0.04,24.73,9.85,15.3
2023-05-22,0.04,24.47,13.19,13.91
2023-05-23,0.0,25.96,11.52,16.8
2023-05-24,0.01,25.45,12.3,16.92
2023-05-25,0.0,26.13,13.21,16.3
2023-05-26,0.01,26.49,13.49,16.16
2023-05-27,0.26,27.05,13.58,15.65
2023-05-28,3.7,22.19,17.21,6.83
2023-05-29,0.01,24.58,15.41,15.45
2023-05-30,12.27,20.55,14.32,2.81
2023-05-31,1.35,23.93,15.46,8.16
2023-06-01,0.06,23.99,13.75,12.79
2023-06-02,0.08,24.08,12.3,16.56
2023-06-03,0.1,25.03,11.95,16.6
2023-06-04,0.07,25.34,11.12,16.57
2023-06-05,0.05,24.93,10.48,16.41
2023-06-06,0.01,23.88,11.99,16.18
2023-06-07,0.01,24.99,10.08,16.03
2023-06-08,0.04,25.27,10.96,15.85
2023-06-09,0.03,25.94,11.86,16.12
2023-06-10,0.05,27.05,14.3,15.72
2023-06-11,0.0,27.74,14.14,15.41
2023-06-12,0.37,28.23,15.35,7.67
2023-06-13,41.25,19.77,16.22,3.13
2023-06-14,21.36,19.49,14.53,2.58
2023-06-15,13.38,14.69,10.82,3.87
2023-06-16,0.02,17.05,7.63,14.71
2023-06-17,0.04,18.57,6.45,14.4
2023-06-18,0.04,20.31,7.37,16.16
2023-06-19,0.03,21.77,8.38,15.87
2023-06-20,0.03,23.7,8.93,15.88
2023-06-21,0.09,24.55,9.84,15.55
2023-06-22,0.04,23.95,11.23,14.69
2023-06-23,0.0,24.48,12.17,14.74
2023-06-24,0.1,25.68,12.14,15.64
2023-06-25,0.03,25.9,11.78,15.81
2023-06-26,0.06,25.46,11.01,15.95
2023-06-27,0.06,25.46,11.03,15.99
2023-06-28,0.03,26.08,12.01,15.38
2023-06-29,0.01,25.35,11.79,15.66
2023-06-30,0.02,24.91,12.69,15.87
2023-07-01,0.0,25.5,12.29,15.37
2023-07-02,0.04,25.1,11.38,15.96
2023-07-03,0.02,23.82,12.58,16.18
2023-07-04,0.0,23.22,10.32,16.42
2023-07-05,0.02,24.82,9.0,16.19
2023-07-06,0.07,24.49,9.92,15.94
2023-07-07,0.02,25.66,10.63,13.63
2023-07-08,0.54,26.29,13.66,11.44
2023-07-09,1.94,25.46,16.22,10.02
2023-07-10,0.34,28.08,16.56,10.85
2023-07-11,0.0,28.89,15.11,15.51
2023-07-12,0.01,27.86,14.62,14.78
2023-07-13,4.87,22.0,12.44,15.08
2023-07-14,0.02,19.08,7.46,17.57
2023-07-15,0.0,21.49,5.93,17.51
2023-07-16,0.0,22.2,8.05,12.18
2023-07-17,0.0,26.08,14.02,10.97
2023-07-18,0.0,25.94,13.81,10.87
2023-07-19,0.0,24.43,13.35,13.83
2023-07-20,0.0,26.58,12.55,16.33
2023-07-21,0.0,26.91,13.17,16.48
2023-07-22,0.0,26.07,12.8,16.08
2023-07-23,0.0,27.3,12.79,14.3
2023-07-24,0.0,27.68,12.76,12.41
2023-07-25,0.0,27.52,12.59,12.99
2023-07-26,0.14,28.67,15.6,14.07
2023-07-27,0.09,29.4,15.29,15.37
2023-07-28,0.24,29.34,15.12,13.14
2023-07-29,0.56,26.59,14.97,16.34
2023-07-30,0.0,25.7,11.38,17.2
2023-07-31,0.0,26.9,10.86,17.68
2023-08-01,0.01,27.97,10.72,17.24
2023-08-02,0.01,30.06,11.0,18.32
2023-08-03,0.0,30.63,12.78,18.62
2023-08-04,0.0,29.87,11.22,18.74
2023-08-05,0.0,30.07,12.12,18.81
2023-08-06,0.0,31.14,11.97,18.47
2023-08-07,0.0,32.48,13.84,17.71
2023-08-08,1.05,29.77,15.29,12.12
2023-08-09,0.11,29.96,14.16,14.08
2023-08-10,0.01,32.49,15.29,18.2
2023-08-11,0.01,33.72,17.4,16.93
2023-08-12,0.01,33.82,17.33,13.81
2023-08-13,0.36,29.51,17.68,9.22
2023-08-14,0.0,30.26,14.15,11.02
2023-08-15,0.0,29.38,15.6,12.33
2023-08-16,0.29,29.62,17.39,10.62
2023-08-17,0.0,30.95,16.37,18.39
2023-08-18,0.01,32.53,17.03,17.53
2023-08-19,1.92,28.17,16.98,9.41
2023-08-20,0.98,26.09,15.88,13.82
2023-08-21,0.08,29.79,15.48,18.91
2023-08-22,0.0,33.24,16.44,19.53
2023-08-23,0.0,35.38,18.23,17.64
2023-08-24,0.07,34.13,21.59,16.13
2023-08-25,5.84,33.59,20.88,15.27
2023-08-26,3.64,21.62,14.26,7.8
2023-08-27,0.2,21.98,11.79,8.51
2023-08-28,0.02,26.01,11.4,20.67
2023-08-29,0.24,23.74,12.75,17.38
2023-08-30,0.16,27.57,15.44,19.04
2023-08-31,2.13,29.6,14.46,11.72
2023-09-01,0.0,31.82,14.43,19.0
2023-09-02,4.2,33.98,17.18,14.89
2023-09-03,2.3,32.25,21.01,19.32
2023-09-04,5.58,34.03,21.38,18.09
2023-09-05,2.0,33.47,19.75,16.2
2023-09-06,0.02,28.34,16.5,17.39
2023-09-07,0.0,31.41,16.79,19.09
2023-09-08,0.1,34.04,16.59,19.32
2023-09-09,5.95,28.18,17.65,3.19
2023-09-10,0.09,32.69,16.19,20.25
2023-09-11,0.07,34.76,16.9,23.27
2023-09-12,0.0,35.13,17.21,23.62
2023-09-13,1.59,35.28,19.02,19.78
2023-09-14,3.37,25.56,13.6,9.11
2023-09-15,0.07,29.67,10.13,24.73
2023-09-16,0.02,33.47,12.32,24.42
2023-09-17,0.03,36.6,16.9,22.23
2023-09-18,2.73,35.64,22.0,18.55
2023-09-19,0.59,36.32,20.46,20.69
2023-09-20,0.54,37.21,20.12,21.92
2023-09-21,0.0,37.98,20.0,23.26
2023-09-22,0.0,39.29,21.54,21.51
2023-09-23,0.0,39.8,23.38,22.42
2023-09-24,0.0,41.03,24.06,22.82
2023-09-25,0.15,40.55,24.56,19.0
2023-09-26,0.74,39.28,22.96,21.77
2023-09-27,0.19,39.55,26.14,21.41
2023-09-28,0.02,34.52,20.44,20.03
2023-09-29,0.0,34.68,17.21,18.87
2023-09-30,0.66,36.98,18.86,19.98
2023-10-01,3.0,32.26,22.32,15.19
2023-10-02,0.13,34.41,21.17,14.7
2023-10-03,1.23,37.04,23.59,21.07
2023-10-04,2.36,37.93,24.59,14.1
2023-10-05,0.44,38.23,23.12,15.21
2023-10-06,3.13,37.76,23.88,19.54
2023-10-07,17.63,35.41,24.44,12.27
2023-10-08,14.34,32.77,18.07,5.46
2023-10-09,14.23,30.64,19.54,21.86
2023-10-10,0.29,31.98,16.34,27.39
2023-10-11,0.22,36.49,16.18,26.98
2023-10-12,4.97,35.88,23.06,19.36
2023-10-13,0.3,33.44,18.36,8.03
2023-10-14,0.0,27.59,16.34,19.12
2023-10-15,0.0,35.72,16.72,24.93
2023-10-16,9.97,35.66,19.67,24.94
2023-10-17,1.46,33.73,21.72,16.23
2023-10-18,0.13,33.15,21.5,22.36
2023-10-19,7.41,32.92,17.6,11.64
2023-10-20,0.1,33.42,17.08,23.5
2023-10-21,0.01,34.26,17.48,27.46
2023-10-22,0.0,36.21,15.99,26.78
2023-10-23,0.0,38.27,18.98,25.73
2023-10-24,0.02,37.99,23.73,15.76
2023-10-25,1.94,32.77,23.1,18.93
2023-10-26,1.06,32.7,22.37,13.66
2023-10-27,10.15,32.51,21.12,9.93
2023-10-28,7.84,34.99,20.52,16.91
2023-10-29,7.58,31.96,22.45,9.68
2023-10-30,3.57,34.46,21.33,13.02
2023-10-31,12.87,30.62,22.32,7.36
2023-11-01,5.53,29.21,21.18,11.37
2023-11-02,0.0,33.71,18.5,24.97
2023-11-03,8.49,36.1,19.62,19.45
2023-11-04,0.49,28.78,16.26,28.98
2023-11-05,0.01,33.24,12.46,31.29
2023-11-06,0.0,33.51,14.13,30.71
2023-11-07,0.0,35.92,14.03,30.32
2023-11-08,0.18,37.9,17.75,27.4
2023-11-09,4.97,37.39,22.74,19.86
2023-11-10,1.83,35.92,22.95,20.59
2023-11-11,0.0,39.59,22.21,29.17
2023-11-12,0.0,41.01,22.59,26.53
2023-11-13,2.58,39.79,25.61,23.76
2023-11-14,0.26,40.39,23.17,23.97
2023-11-15,2.99,39.36,22.47,23.59
2023-11-16,0.05,41.0,23.9,23.19
2023-11-17,0.24,41.34,25.35,22.7
2023-11-18,3.07,40.91,26.47,22.63
2023-11-19,16.25,38.32,22.06,12.38
2023-11-20,0.04,33.24,19.83,13.94
2023-11-21,0.53,35.76,20.21,24.1
2023-11-22,34.72,33.06,23.04,24.43
2023-11-23,11.78,30.7,22.05,12.88
2023-11-24,5.71,27.82,19.04,11.82
2023-11-25,0.09,27.92,16.2,20.93
2023-11-26,0.56,26.62,16.81,13.38
2023-11-27,2.6,31.93,19.27,21.33
2023-11-28,20.7,30.46,21.12,19.63
2023-11-29,11.03,31.32,20.03,20.2
2023-11-30,0.1,32.69,20.83,28.05
2023-12-01,0.3,33.79,23.47,27.23
2023-12-02,0.5,36.56,22.54,24.87
2023-12-03,2.36,36.86,24.85,28.52
2023-12-04,13.01,31.5,23.22,20.18
2023-12-05,4.25,31.36,21.64,18.31
2023-12-06,1.85,33.14,21.87,25.82
2023-12-07,16.25,33.98,21.78,23.84
2023-12-08,1.27,32.81,22.25,27.0
2023-12-09,0.06,33.22,19.85,29.54
2023-12-10,0.71,31.53,19.04,19.65
2023-12-11,7.19,31.54,20.78,25.68
2023-12-12,0.15,33.21,18.76,30.37
2023-12-13,0.0,35.25,16.68,30.82
2023-12-14,0.0,38.08,18.52,30.92
2023-12-15,0.73,39.72,20.41,28.58
2023-12-16,0.88,38.79,22.15,24.93
2023-12-17,1.7,38.45,23.81,25.77
2023-12-18,4.47,37.83,23.24,28.47
2023-12-19,0.0,36.37,22.18,23.54
2023-12-20,0.04,32.72,20.44,28.66
2023-12-21,0.17,35.05,20.31,27.46
2023-12-22,1.36,36.04,21.62,21.52
2023-12-23,21.43,32.93,23.66,14.05
2023-12-24,0.01,33.79,21.54,27.1
2023-12-25,0.85,35.28,23.68,26.74
2023-12-26,0.16,35.17,23.06,27.74
2023-12-27,0.0,35.77,20.44,30.02
2023-12-28,0.0,36.99,18.65,31.6
2023-12-29,1.39,38.55,22.31,26.18
2023-12-30,4.76,35.07,24.08,19.23
2023-12-31,0.02,33.67,20.85,28.08
2024-01-01,0.0,36.14,20.43,28.45
2024-01-02,0.98,34.46,21.47,20.02
2024-01-03,0.2,34.47,21.58,26.49
2024-01-04,0.07,37.09,21.75,28.51
2024-01-05,0.05,35.96,20.27,26.16
2024-01-06,0.03,37.43,20.65,26.76
2024-01-07,1.41,38.52,21.79,27.68
2024-01-08,3.32,38.76,23.78,24.53
2024-01-09,16.06,35.61,23.35,27.57
2024-01-10,0.76,35.92,22.31,26.18
2024-01-11,7.12,33.47,23.0,16.19
2024-01-12,10.6,29.65,21.88,16.38
2024-01-13,3.46,33.06,20.67,18.93
2024-01-14,7.71,33.33,20.52,26.83
2024-01-15,3.36,31.64,22.04,21.9
2024-01-16,0.06,34.34,22.12,24.53
2024-01-17,1.14,35.37,23.11,22.74
2024-01-18,2.63,36.33,23.11,26.06
2024-01-19,16.02,35.38,23.8,19.6
2024-01-20,12.99,32.93,22.28,12.21
2024-01-21,0.69,31.75,22.27,21.78
2024-01-22,1.42,29.63,20.65,15.76
2024-01-23,5.33,28.42,19.15,9.77
2024-01-24,0.52,31.33,18.06,25.75
2024-01-25,1.68,27.89,17.7,26.02
2024-01-26,0.07,29.43,14.91,25.99
2024-01-27,0.52,31.05,16.14,26.82
2024-01-28,4.22,32.05,20.67,23.7
2024-01-29,0.5,35.15,18.21,26.54
2024-01-30,1.02,36.66,22.0,25.83
2024-01-31,7.62,34.31,21.72,23.8
2024-02-01,0.06,34.79,19.0,29.61
2024-02-02,0.32,35.08,19.56,26.85
2024-02-03,0.51,34.66,20.11,20.58
2024-02-04,0.21,32.59,21.23,23.96
2024-02-05,0.0,35.99,21.11,24.12
2024-02-06,0.35,34.96,22.72,22.07
2024-02-07,1.68,30.74,23.32,18.32
2024-02-08,0.33,36.06,20.92,23.52
2024-02-09,3.16,37.41,21.64,24.25
2024-02-10,0.55,36.65,22.22,27.74
2024-02-11,0.01,37.82,21.77,28.06
2024-02-12,2.33,34.88,23.52,21.72
2024-02-13,3.98,36.42,23.5,21.2
2024-02-14,8.27,32.76,22.82,15.06
2024-02-15,39.07,28.65,21.63,11.51
2024-02-16,5.94,29.04,20.84,14.39
2024-02-17,0.13,32.06,20.35,23.99
2024-02-18,0.4,31.68,19.39,20.97
2024-02-19,4.34,31.22,20.47,22.22
2024-02-20,10.61,30.86,20.12,19.06
2024-02-21,9.36,30.63,19.79,14.79
2024-02-22,3.76,31.18,19.61,22.14
2024-02-23,5.84,33.02,21.54,18.75
2024-02-24,1.62,33.41,22.22,24.93
2024-02-25,7.39,33.3,22.22,23.26
2024-02-26,1.94,34.44,21.87,23.02
2024-02-27,0.56,34.68,21.98,23.32
2024-02-28,0.86,36.19,24.53,23.86
2024-02-29,0.77,32.82,23.89,23.76
2024-03-01,5.07,33.34,23.88,22.9
2024-03-02,0.08,34.3,21.44,26.26
2024-03-03,0.0,35.85,19.33,26.87
2024-03-04,0.0,37.75,19.58,25.7
2024-03-05,1.11,36.7,20.79,24.32
2024-03-06,4.17,35.1,22.3,18.75
2024-03-07,1.64,34.24,21.55,19.8
2024-03-08,6.1,30.8,22.5,16.96
2024-03-09,1.38,33.74,22.82,21.54
2024-03-10,0.85,33.94,23.53,20.49
2024-03-11,0.98,34.3,21.9,25.64
2024-03-12,0.0,36.51,19.41,26.39
2024-03-13,0.01,37.45,19.81,24.71
2024-03-14,0.04,38.77,20.88,22.81
2024-03-15,0.3,38.93,23.27,23.43
2024-03-16,2.8,38.33,25.41,21.64
2024-03-17,24.12,34.06,24.38,12.02
2024-03-18,6.2,32.91,23.92,20.35
2024-03-19,8.9,31.92,24.41,20.2
2024-03-20,0.68,30.61,23.03,20.69
2024-03-21,8.53,33.83,23.16,15.34
2024-03-22,6.59,30.46,20.35,14.74
2024-03-23,0.94,24.17,19.2,9.9
2024-03-24,6.98,27.38,18.13,5.84
2024-03-25,0.61,31.09,19.37,19.96
2024-03-26,0.17,31.71,19.22,15.08
2024-03-27,1.34,28.3,19.59,12.37
2024-03-28,0.02,31.06,19.39,12.62
2024-03-29,0.01,31.59,19.09,13.63
2024-03-30,0.02,32.42,20.08,19.49
2024-03-31,0.0,34.47,19.32,21.99
2024-04-01,0.49,34.13,20.21,13.09
2024-04-02,2.84,32.45,21.46,18.93
2024-04-03,0.0,35.06,20.79,21.13
2024-04-04,0.0,36.37,21.54,20.07
2024-04-05,0.97,35.56,20.64,18.91
2024-04-06,0.06,35.26,20.89,21.65
2024-04-07,0.15,34.61,18.21,18.06
2024-04-08,48.54,27.9,21.51,12.67
2024-04-09,2.29,29.33,21.0,16.09
2024-04-10,0.73,30.45,19.42,16.99
2024-04-11,0.2,31.72,18.51,18.43
2024-04-12,0.01,31.75,19.63,19.96
2024-04-13,6.55,30.1,20.91,13.75
2024-04-14,32.01,24.91,21.18,4.95
2024-04-15,1.49,29.03,20.38,10.2
2024-04-16,2.52,28.08,20.43,11.24
2024-04-17,0.52,29.55,20.96,11.83
2024-04-18,0.89,27.27,18.55,13.15
2024-04-19,0.01,27.11,15.26,21.87
2024-04-20,0.0,29.59,13.21,20.76
2024-04-21,0.0,30.32,14.96,20.41
2024-04-22,0.02,30.32,15.64,20.32
2024-04-23,0.0,31.1,17.41,19.75
2024-04-24,0.0,31.79,19.34,14.48
2024-04-25,0.0,32.64,18.52,19.07
2024-04-26,0.0,33.27,18.93,19.32
2024-04-27,0.0,33.07,19.77,18.54
2024-04-28,0.0,33.34,19.61,17.29
2024-04-29,0.0,33.67,19.02,18.99
2024-04-30,0.0,33.75,19.32,18.41
2024-05-01,0.0,33.88,18.59,18.82
2024-05-02,0.0,34.01,18.98,18.31
2024-05-03,0.0,32.51,18.9,15.96
2024-05-04,0.0,33.94,19.74,17.97
2024-05-05,0.0,33.61,17.68,19.12
2024-05-06,0.0,33.08,17.35,18.68
2024-05-07,0.04,33.28,18.67,17.68
2024-05-08,0.02,33.06,19.91,17.79
2024-05-09,0.0,33.14,19.49,14.94
2024-05-10,0.02,32.52,17.52,16.39
2024-05-11,0.0,33.04,17.87,17.77
2024-05-12,0.01,32.98,17.42,18.0
2024-05-13,0.0,32.69,16.9,17.67
2024-05-14,0.17,29.52,19.54,14.66
2024-05-15,0.05,28.03,18.06,11.87
2024-05-16,0.0,31.37,17.84,16.2
2024-05-17,0.0,34.04,19.8,16.78
2024-05-18,0.05,32.85,19.59,15.52
2024-05-19,0.74,30.43,18.83,8.58
2024-05-20,0.0,30.24,16.5,13.03
2024-05-21,0.0,31.89,17.23,15.66
2024-05-22,0.0,32.17,16.67,16.72
2024-05-23,0.02,32.17,16.56,16.52
2024-05-24,9.68,26.43,18.12,6.23
2024-05-25,2.67,23.81,15.28,8.65
2024-05-26,19.36,19.99,14.87,5.13
2024-05-27,0.63,25.31,14.37,4.75
2024-05-28,0.2,21.06,9.52,11.43
2024-05-29,0.0,21.37,5.49,17.37
2024-05-30,0.03,23.2,7.18,15.79
2024-05-31,0.0,23.83,8.45,17.3
2024-06-01,0.0,27.1,10.66,16.6
2024-06-02,0.0,27.97,11.6,15.72
2024-06-03,0.0,28.8,13.73,15.46
2024-06-04,0.0,27.79,14.07,15.87
2024-06-05,0.01,28.39,13.28,15.84
2024-06-06,0.03,29.44,13.3,14.65
2024-06-07,0.0,29.65,13.71,15.52
2024-06-08,0.01,29.97,14.29,15.16
2024-06-09,0.0,30.42,14.11,15.82
2024-06-10,0.01,30.53,14.66,15.82
2024-06-11,0.0,30.46,13.93,15.98
2024-06-12,0.01,30.08,13.5,16.08
2024-06-13,0.01,29.8,12.97,16.38
2024-06-14,0.0,30.23,14.86,14.67
2024-06-15,0.0,30.8,15.54,15.29
2024-06-16,0.0,30.34,15.67,15.24
2024-06-17,0.0,30.67,15.24,15.11
2024-06-18,0.0,29.92,13.55,15.56
2024-06-19,0.01,30.29,13.69,15.7
2024-06-20,0.0,30.45,14.9,15.21
2024-06-21,0.01,29.6,12.47,15.56
2024-06-22,0.03,29.56,14.31,13.4
2024-06-23,0.0,31.0,16.85,14.53
2024-06-24,0.0,31.69,17.45,14.43
2024-06-25,0.04,32.01,18.26,13.09
2024-06-26,0.05,30.74,16.69,12.76
2024-06-27,0.14,28.46,15.4,10.64
2024-06-28,0.04,30.38,15.4,10.71
2024-06-29,2.33,30.42,17.91,10.9
2024-06-30,2.32,24.93,15.0,13.24
2024-07-01,0.38,26.32,11.8,13.76
2024-07-02,0.01,29.16,11.66,15.96
2024-07-03,0.05,29.68,16.91,14.05
2024-07-04,0.01,30.26,15.28,11.21
2024-07-05,0.0,29.87,16.08,10.35
2024-07-06,0.0,30.25,14.56,14.73
2024-07-07,0.0,30.77,13.36,14.52
2024-07-08,15.79,26.61,16.36,8.51
2024-07-09,37.49,19.81,14.3,2.34
2024-07-10,1.91,20.14,13.74,4.64
2024-07-11,0.02,26.99,12.84,13.21
2024-07-12,0.02,25.14,15.62,7.1
2024-07-13,0.0,25.15,14.55,9.96
2024-07-14,0.0,26.37,13.44,15.56
2024-07-15,0.0,26.08,12.79,13.22
2024-07-16,0.0,26.82,14.02,16.08
2024-07-17,0.01,27.95,13.65,15.98
2024-07-18,0.0,28.37,12.9,17.12
2024-07-19,0.0,28.25,11.59,17.2
2024-07-20,0.02,28.46,9.87,17.33
2024-07-21,0.0,28.56,9.44,17.15
2024-07-22,0.01,29.5,11.07,17.49
2024-07-23,0.52,29.02,10.76,17.6
2024-07-24,0.0,29.68,11.05,16.44
2024-07-25,0.0,29.1,11.66,17.45
2024-07-26,0.0,27.81,14.25,12.06
2024-07-27,0.0,29.86,13.5,15.3
2024-07-28,0.0,32.06,14.15,16.57
2024-07-29,0.0,31.5,14.44,14.74
2024-07-30,0.02,23.57,13.85,12.58
2024-07-31,0.01,29.32,12.54,17.13
2024-08-01,0.0,30.1,13.88,17.23
2024-08-02,0.0,29.33,13.69,13.65
2024-08-03,0.0,30.44,16.75,17.43
2024-08-04,0.0,30.15,16.39,17.43
2024-08-05,0.0,31.98,16.82,17.04
2024-08-06,0.0,31.52,15.75,17.75
2024-08-07,0.04,32.32,18.21,17.15
2024-08-08,1.74,33.01,16.93,7.5
2024-08-09,24.49,18.68,11.37,1.86
2024-08-10,0.22,20.52,6.16,19.82
2024-08-11,0.0,22.88,5.76,17.78
2024-08-12,0.04,23.17,5.92,18.06
2024-08-13,0.0,23.95,5.31,18.34
2024-08-14,0.01,24.88,7.67,15.98
2024-08-15,0.0,31.88,11.04,19.38
2024-08-16,0.0,33.64,13.86,18.43
2024-08-17,0.0,33.87,14.11,19.31
2024-08-18,0.0,34.24,14.31,19.84
2024-08-19,0.0,34.95,14.68,19.94
2024-08-20,0.0,35.15,18.57,19.33
2024-08-21,0.05,33.49,14.97,20.0
2024-08-22,0.01,34.48,14.71,20.3
2024-08-23,0.13,35.41,16.41,15.78
2024-08-24,6.78,26.11,13.18,3.8
2024-08-25,0.02,23.27,9.41,7.72
2024-08-26,0.05,22.93,6.26,22.59
2024-08-27,0.04,26.27,5.0,23.06
2024-08-28,0.0,29.89,6.59,21.36
2024-08-29,0.0,32.76,11.06,21.32
2024-08-30,0.0,33.61,14.7,21.68
2024-08-31,0.0,34.6,14.3,22.15
2024-09-01,0.0,35.54,15.82,19.85
2024-09-02,0.0,34.5,16.2,15.96
2024-09-03,0.0,37.05,17.81,21.76
2024-09-04,0.0,37.34,17.77,19.63
2024-09-05,0.0,36.39,17.62,12.78
2024-09-06,0.0,33.1,15.61,12.48
2024-09-07,0.0,37.23,16.41,18.1
2024-09-08,0.0,37.38,19.79,16.87
2024-09-09,0.0,36.49,19.59,16.19
2024-09-10,0.0,33.19,19.82,17.24
2024-09-11,0.01,36.54,17.42,21.83
2024-09-12,0.0,37.23,18.94,22.4
2024-09-13,0.0,37.8,19.31,21.65
2024-09-14,0.0,37.47,20.54,11.92
2024-09-15,2.36,30.3,19.08,3.86
2024-09-16,11.58,26.67,16.82,3.69
2024-09-17,0.04,30.04,14.52,23.42
2024-09-18,0.28,30.94,13.28,12.92
2024-09-19,0.28,35.9,16.46,19.03
2024-09-20,1.47,37.84,18.16,21.29
2024-09-21,4.31,31.69,18.84,13.93
2024-09-22,0.0,35.26,18.57,12.55
2024-09-23,0.0,37.43,20.09,16.94
2024-09-24,0.36,37.99,17.95,21.72
2024-09-25,0.0,39.28,18.15,23.36
2024-09-26,0.27,40.34,20.74,22.07
2024-09-27,3.67,32.38,20.46,9.89
2024-09-28,0.0,33.95,16.46,25.12
2024-09-29,0.0,36.6,14.4,25.13
2024-09-30,0.0,37.76,17.8,23.72
2024-10-01,0.0,39.53,21.45,23.65
2024-10-02,0.1,38.62,23.04,15.91
2024-10-03,0.44,37.49,20.11,12.35
2024-10-04,0.0,33.32,16.98,18.48
2024-10-05,0.04,35.43,14.42,26.55
2024-10-06,0.04,37.7,15.27,25.58
2024-10-07,0.0,38.17,18.74,21.5
2024-10-08,0.0,40.58,19.14,22.24
2024-10-09,0.63,38.56,20.25,6.58
2024-10-10,10.69,31.81,19.94,6.3
2024-10-11,15.06,34.85,20.51,6.12
2024-10-12,0.25,32.27,18.71,24.26
2024-10-13,0.15,34.15,18.17,27.05
2024-10-14,0.08,34.84,17.01,23.32
2024-10-15,0.32,29.43,19.17,23.19
2024-10-16,7.59,32.77,19.98,22.7
2024-10-17,0.02,34.43,20.55,24.89
2024-10-18,0.1,35.32,20.16,11.0
2024-10-19,1.41,26.8,18.04,8.52
2024-10-20,0.87,27.97,16.69,10.81
2024-10-21,0.1,32.05,18.67,15.14
2024-10-22,7.26,32.33,21.14,15.07
2024-10-23,4.23,32.26,21.46,18.65
2024-10-24,3.54,34.94,21.58,21.18
2024-10-25,0.24,33.97,23.15,16.43
2024-10-26,2.29,36.25,23.77,13.56
2024-10-27,0.98,34.86,20.99,17.95
2024-10-28,0.05,30.79,17.83,13.5
2024-10-29,0.0,35.46,19.09,28.05
2024-10-30,0.17,35.96,17.99,29.13
2024-10-31,0.0,35.35,17.52,26.44
2024-11-01,19.46,31.13,18.98,24.14
2024-11-02,6.98,25.52,21.22,9.72
2024-11-03,15.69,27.41,20.75,13.89
2024-11-04,27.19,27.13,19.95,10.68
2024-11-05,8.24,30.67,19.52,15.64
2024-11-06,7.83,29.83,21.11,15.14
2024-11-07,44.02,26.08,21.42,12.81
2024-11-08,6.8,27.15,21.15,15.76
2024-11-09,0.67,30.2,19.04,23.35
2024-11-10,0.0,30.53,16.58,29.71
2024-11-11,0.0,31.77,16.52,29.71
2024-11-12,0.76,32.55,20.8,23.11
2024-11-13,0.5,30.0,19.67,21.06
2024-11-14,0.02,30.38,17.08,23.3
2024-11-15,0.29,32.38,16.7,25.01
2024-11-16,0.53,31.29,19.92,20.45
2024-11-17,0.02,32.84,19.64,25.32
2024-11-18,0.0,34.81,19.31,29.24
2024-11-19,0.0,36.06,20.28,26.24
2024-11-20,0.04,36.53,20.47,26.37
2024-11-21,11.52,35.01,20.56,19.99
2024-11-22,0.49,31.84,19.32,19.78
2024-11-23,0.0,33.49,19.13,28.69
2024-11-24,0.0,32.78,17.91,30.26
2024-11-25,0.0,34.03,16.25,28.24
2024-11-26,0.03,35.95,19.61,27.32
2024-11-27,0.0,37.33,20.88,25.75
2024-11-28,34.99,29.97,23.17,15.46
2024-11-29,16.36,29.94,22.35,7.58
2024-11-30,1.02,30.51,22.22,20.79
2024-12-01,1.78,33.24,21.32,26.47
2024-12-02,22.47,27.43,22.67,7.11
2024-12-03,18.38,27.29,22.5,18.66
2024-12-04,2.95,29.48,19.99,11.79
2024-12-05,1.89,31.09,18.37,17.57
2024-12-06,0.9,30.96,21.89,20.54
2024-12-07,9.09,30.27,22.86,23.32
2024-12-08,14.84,28.75,22.77,11.18
2024-12-09,5.66,30.96,22.18,18.3
2024-12-10,9.02,29.73,22.59,20.36
2024-12-11,0.05,30.8,18.53,27.81
2024-12-12,0.01,30.46,16.79,28.32
2024-12-13,5.6,30.46,17.84,17.41
2024-12-14,11.98,25.79,20.89,9.37
2024-12-15,2.52,29.46,19.78,27.25
2024-12-16,0.02,28.95,18.12,31.75
2024-12-17,0.03,31.12,16.91,30.73
2024-12-18,0.0,32.17,16.43,29.65
2024-12-19,0.16,32.4,17.94,21.38
2024-12-20,8.01,29.62,22.26,15.12
2024-12-21,10.09,29.38,22.13,15.36
2024-12-22,3.78,29.97,20.48,16.93
2024-12-23,0.07,31.62,21.94,26.91
2024-12-24,0.0,32.76,18.3,30.41
2024-12-25,19.22,28.92,19.84,17.19
2024-12-26,16.04,28.5,20.77,17.58
2024-12-27,5.34,31.12,20.87,22.83
2024-12-28,1.61,31.89,19.89,27.32
2024-12-29,0.62,31.7,17.55,24.76
2024-12-30,0.06,31.59,19.66,29.53
2024-12-31,1.21,31.97,19.26,27.58
2025-01-01,1.27,32.35,19.56,23.27
2025-01-02,0.43,32.96,20.22,27.26
2025-01-03,0.44,32.49,20.75,27.89
2025-01-04,0.09,33.24,20.77,22.26
2025-01-05,0.01,34.15,17.45,31.71
2025-01-06,0.0,34.2,18.92,30.45
2025-01-07,0.06,33.83,19.81,28.78
2025-01-08,0.11,34.4,19.57,26.94
2025-01-09,0.04,33.89,20.32,27.48
2025-01-10,0.0,34.16,18.88,29.81
2025-01-11,2.48,34.81,18.28,27.3
2025-01-12,2.18,34.0,20.1,24.88
2025-01-13,0.0,33.31,18.23,29.64
2025-01-14,0.0,34.13,16.87,30.27
2025-01-15,0.02,35.9,17.21,30.39
2025-01-16,8.47,32.0,21.28,19.03
2025-01-17,24.49,26.26,22.02,13.14
2025-01-18,0.74,28.33,21.74,23.23
2025-01-19,2.2,32.11,21.77,25.15
2025-01-20,2.81,31.04,21.63,25.53
2025-01-21,3.18,32.6,21.55,25.18
2025-01-22,0.82,34.58,21.51,23.56
2025-01-23,2.66,34.73,21.61,18.61
2025-01-24,0.73,34.96,21.73,27.74
2025-01-25,0.59,37.34,21.42,26.84
2025-01-26,0.81,33.95,22.5,26.12
2025-01-27,4.65,32.48,22.03,17.29
2025-01-28,3.37,30.97,21.87,20.19
2025-01-29,5.67,33.86,21.04,21.76
2025-01-30,1.3,33.92,21.89,23.8
2025-01-31,10.66,28.49,21.54,13.69
2025-02-01,7.91,27.79,21.1,20.2
2025-02-02,7.19,27.1,20.73,17.66
2025-02-03,23.68,27.0,21.31,14.86
2025-02-04,24.92,27.18,21.25,15.2
2025-02-05,1.71,28.5,21.03,12.09
2025-02-06,2.93,28.16,20.74,15.71
2025-02-07,1.05,32.81,20.08,27.62
2025-02-08,0.39,31.98,21.43,26.52
2025-02-09,0.02,33.1,21.15,27.24
2025-02-10,0.21,32.44,20.1,26.37
2025-02-11,0.04,32.45,20.51,26.88
2025-02-12,3.55,30.56,20.44,21.46
2025-02-13,2.23,31.22,20.71,18.88
2025-02-14,1.11,31.06,20.84,21.32
2025-02-15,2.23,34.45,21.3,20.09
2025-02-16,0.08,35.02,23.58,24.47
2025-02-17,0.0,35.8,21.8,26.02
2025-02-18,2.7,35.8,22.39,21.9
2025-02-19,2.86,34.51,21.77,21.96
2025-02-20,0.3,34.08,22.24,25.78
2025-02-21,0.02,37.12,22.03,26.69
2025-02-22,0.88,35.33,22.06,21.27
2025-02-23,0.69,35.0,21.61,20.38
2025-02-24,5.27,34.66,22.04,25.45
2025-02-25,2.37,34.21,20.48,22.07
2025-02-26,11.84,34.58,21.4,24.19
2025-02-27,3.3,34.67,20.91,24.52
2025-02-28,0.01,35.56,21.51,24.67
2025-03-01,0.01,36.07,21.59,26.29
2025-03-02,0.01,33.38,21.38,24.69
2025-03-03,0.0,36.55,22.23,24.12
2025-03-04,0.21,35.67,20.58,24.54
2025-03-05,2.04,33.44,20.95,20.32
2025-03-06,0.62,35.58,20.96,24.12
2025-03-07,0.0,35.45,19.67,24.04
2025-03-08,0.0,36.0,20.09,24.03
2025-03-09,0.03,36.54,22.29,22.75
2025-03-10,0.84,36.32,22.58,20.91
2025-03-11,4.42,32.41,21.05,9.79
2025-03-12,1.31,34.9,20.95,19.7
2025-03-13,1.51,32.23,21.55,17.76
2025-03-14,0.07,34.47,22.21,20.81
2025-03-15,3.62,35.76,21.83,20.23
2025-03-16,0.59,35.15,20.93,22.32
2025-03-17,1.43,35.13,20.06,20.75
2025-03-18,2.17,34.19,20.78,14.72
2025-03-19,1.27,33.53,20.49,19.84
2025-03-20,0.02,33.81,18.35,25.52
2025-03-21,0.0,33.83,16.87,26.16
2025-03-22,6.26,34.29,17.2,21.26
2025-03-23,3.93,30.96,20.82,14.1
2025-03-24,1.21,33.42,20.02,20.86
2025-03-25,0.07,35.04,20.84,22.67
2025-03-26,2.38,33.58,21.51,21.34
2025-03-27,0.0,34.67,19.75,23.1
2025-03-28,0.28,35.45,20.64,18.88
2025-03-29,0.1,35.4,21.83,18.42
2025-03-30,4.74,33.55,21.99,16.69
2025-03-31,0.75,33.13,20.47,11.45
