data,PRECTOTCORR,T2M_MAX,T2M_MIN,ALLSKY_SFC_SW_DWN
2013-10-01,7.88,28.28,18.3,10.93
2013-10-02,33.49,27.84,19.9,8.37
2013-10-03,52.58,25.79,19.43,17.72
2013-10-04,1.06,26.11,16.71,7.31
2013-10-05,0.0,25.65,13.5,27.11
2013-10-06,0.0,25.6,12.69,26.75
2013-10-07,0.0,25.09,12.63,25.17
2013-10-08,0.0,24.7,10.79,20.25
2013-10-09,0.0,26.89,12.42,27.09
2013-10-10,0.0,27.8,13.96,22.84
2013-10-11,0.04,26.33,15.76,20.89
2013-10-12,0.34,28.35,17.3,10.83
2013-10-13,0.01,29.89,16.33,21.74
2013-10-14,0.0,30.25,19.95,18.9
2013-10-15,15.53,27.26,20.77,13.12
2013-10-16,17.24,25.76,18.53,6.29
2013-10-17,0.17,27.36,16.1,14.58
2013-10-18,0.28,28.16,18.6,23.62
2013-10-19,0.0,28.98,15.47,29.08
2013-10-20,0.0,31.58,15.61,27.72
2013-10-21,15.94,31.86,19.75,24.37
2013-10-22,0.01,30.22,20.59,23.24
2013-10-23,0.01,30.64,19.4,21.65
2013-10-24,9.12,30.02,20.77,20.91
2013-10-25,0.79,27.89,19.62,22.2
2013-10-26,1.97,30.15,18.02,18.9
2013-10-27,0.26,31.92,21.1,24.13
2013-10-28,0.02,28.83,16.34,29.3
2013-10-29,0.0,28.29,12.36,28.2
2013-10-30,0.03,27.86,15.81,27.42
2013-10-31,0.0,30.89,16.58,27.14
2013-11-01,0.0,31.87,16.55,24.68
2013-11-02,0.25,32.71,16.48,22.7
2013-11-03,9.21,29.01,20.48,16.82
2013-11-04,6.67,29.36,19.94,14.22
2013-11-05,0.15,27.7,16.12,22.65
2013-11-06,0.14,26.03,15.85,12.15
2013-11-07,0.01,28.87,14.92,19.35
2013-11-08,0.0,31.24,15.71,26.84
2013-11-09,0.0,34.02,17.9,27.32
2013-11-10,0.04,36.32,19.67,24.82
2013-11-11,8.75,35.85,23.36,16.86
2013-11-12,0.66,32.31,20.36,19.92
2013-11-13,0.0,33.55,17.41,30.26
2013-11-14,0.0,34.0,14.79,30.4
2013-11-15,1.9,34.95,16.69,29.16
2013-11-16,5.04,32.64,21.24,7.02
2013-11-17,1.08,31.34,18.8,20.04
2013-11-18,0.0,33.21,17.89,22.98
2013-11-19,9.19,33.14,19.95,21.9
2013-11-20,1.64,32.34,22.2,22.13
2013-11-21,6.64,31.65,21.47,18.23
2013-11-22,16.41,30.61,18.91,13.37
2013-11-23,0.1,24.68,17.3,17.86
2013-11-24,2.14,28.03,17.78,16.24
2013-11-25,1.84,29.83,19.99,16.38
2013-11-26,0.03,31.72,18.37,25.7
2013-11-27,0.02,32.56,18.92,28.27
2013-11-28,0.12,36.12,19.96,29.91
2013-11-29,11.34,34.84,22.65,25.04
2013-11-30,0.24,33.11,21.4,25.31
2013-12-01,1.8,33.22,21.33,24.18
2013-12-02,0.07,31.98,21.61,18.96
2013-12-03,0.03,36.12,22.0,27.93
2013-12-04,0.0,37.37,19.71,29.71
2013-12-05,5.95,34.34,22.99,25.74
2013-12-06,0.01,33.14,20.85,25.86
2013-12-07,9.34,28.38,21.23,18.24
2013-12-08,0.45,34.18,21.2,24.2
2013-12-09,1.84,33.62,23.24,21.82
2013-12-10,2.75,31.82,23.53,18.06
2013-12-11,1.05,32.54,20.04,22.4
2013-12-12,0.0,33.01,18.59,27.79
2013-12-13,0.0,34.09,17.89,28.63
2013-12-14,1.53,35.66,20.18,23.46
2013-12-15,0.86,34.87,22.39,26.11
2013-12-16,0.03,36.21,20.81,27.84
2013-12-17,0.0,34.24,19.47,30.97
2013-12-18,0.0,35.46,17.13,30.86
2013-12-19,0.0,35.57,17.99,30.17
2013-12-20,0.0,36.09,20.63,24.11
2013-12-21,0.06,36.07,20.0,28.57
2013-12-22,0.4,34.76,20.2,27.9
2013-12-23,0.28,32.38,20.37,20.12
2013-12-24,0.66,33.57,21.61,23.03
2013-12-25,2.83,34.43,23.05,17.68
2013-12-26,0.5,37.87,22.83,25.17
2013-12-27,9.8,35.95,24.98,19.91
2013-12-28,14.83,32.07,23.62,15.46
2013-12-29,6.44,28.58,23.41,16.43
2013-12-30,4.95,29.66,22.43,14.3
2013-12-31,44.06,29.08,22.57,19.3
2014-01-01,34.84,27.09,22.78,17.73
2014-01-02,4.07,28.9,22.4,25.13
2014-01-03,27.0,29.3,23.3,24.05
2014-01-04,43.67,30.67,23.28,27.99
2014-01-05,4.51,28.79,19.95,25.97
2014-01-06,11.03,29.57,20.93,23.12
2014-01-07,1.42,29.3,20.76,22.98
2014-01-08,1.51,28.78,21.55,26.65
2014-01-09,0.06,27.14,21.04,17.59
2014-01-10,0.11,29.37,20.38,27.83
2014-01-11,1.79,29.96,20.87,26.99
2014-01-12,7.73,27.52,22.32,18.8
2014-01-13,8.86,25.32,20.68,10.51
2014-01-14,0.71,26.85,19.19,21.42
2014-01-15,6.55,28.9,19.64,19.73
2014-01-16,2.84,26.3,20.85,16.49
2014-01-17,0.18,28.56,20.17,23.14
2014-01-18,0.18,29.17,20.42,28.07
2014-01-19,0.03,29.96,19.1,30.05
2014-01-20,0.0,31.21,18.56,29.75
2014-01-21,0.04,30.89,19.66,27.59
2014-01-22,3.38,30.32,21.91,25.5
2014-01-23,2.85,29.43,22.85,21.84
2014-01-24,13.4,30.66,21.05,26.05
2014-01-25,1.21,29.93,22.95,25.93
2014-01-26,4.95,30.48,21.53,23.56
2014-01-27,5.74,31.31,21.79,23.46
2014-01-28,0.65,31.29,21.38,28.7
2014-01-29,0.2,32.24,21.31,30.43
2014-01-30,0.0,33.33,19.78,28.46
2014-01-31,0.29,34.19,21.31,29.54
2014-02-01,1.95,33.83,22.93,27.82
2014-02-02,0.0,34.49,21.62,27.78
2014-02-03,0.0,35.53,22.26,29.15
2014-02-04,0.0,36.34,23.24,28.33
2014-02-05,2.44,37.04,23.84,27.6
2014-02-06,0.33,36.95,24.05,28.0
2014-02-07,0.14,37.12,23.37,29.6
2014-02-08,0.34,37.83,21.31,28.92
2014-02-09,0.25,36.54,23.24,25.98
2014-02-10,0.23,38.27,22.37,27.32
2014-02-11,0.28,36.7,22.47,22.64
2014-02-12,1.41,29.04,23.32,17.57
2014-02-13,2.94,31.69,20.76,16.16
2014-02-14,19.76,32.13,21.03,19.68
2014-02-15,14.96,24.14,19.27,12.23
2014-02-16,0.59,30.51,20.08,17.11
2014-02-17,0.01,31.75,19.27,20.55
2014-02-18,0.0,32.7,19.58,22.97
2014-02-19,0.78,32.77,18.96,26.97
2014-02-20,2.68,33.15,18.67,22.95
2014-02-21,20.69,28.22,21.43,12.27
2014-02-22,12.97,27.15,21.57,13.79
2014-02-23,11.58,28.13,20.41,14.99
2014-02-24,8.6,27.15,21.51,14.0
2014-02-25,3.2,28.88,20.68,16.73
2014-02-26,0.44,30.78,20.3,23.46
2014-02-27,22.03,27.98,21.44,20.42
2014-02-28,3.71,28.87,21.19,22.57
2014-03-01,0.1,29.26,20.41,22.61
2014-03-02,0.32,30.57,18.41,23.91
2014-03-03,1.58,29.51,20.42,18.67
2014-03-04,7.77,28.53,21.16,17.54
2014-03-05,4.55,29.26,20.98,15.81
2014-03-06,0.91,30.65,21.74,21.81
2014-03-07,3.31,29.78,21.22,12.88
2014-03-08,0.05,29.94,19.96,16.77
2014-03-09,0.02,30.64,19.56,25.21
2014-03-10,0.62,29.58,20.13,22.93
2014-03-11,1.49,28.7,21.62,20.28
2014-03-12,5.78,28.42,21.2,8.89
2014-03-13,11.17,28.71,20.18,17.45
2014-03-14,0.87,31.16,20.43,22.36
2014-03-15,0.49,32.53,20.4,23.28
2014-03-16,1.16,32.98,20.93,21.08
2014-03-17,9.38,32.74,21.62,20.48
2014-03-18,1.0,32.58,22.16,24.13
2014-03-19,7.49,30.47,20.92,21.68
2014-03-20,10.75,26.25,21.81,12.1
2014-03-21,26.68,27.34,21.63,8.98
2014-03-22,2.25,29.42,19.83,13.91
2014-03-23,0.0,28.04,18.46,19.69
2014-03-24,0.0,27.89,16.18,22.47
2014-03-25,0.0,28.64,17.09,22.64
2014-03-26,0.04,29.1,17.03,23.06
2014-03-27,0.01,30.23,17.91,22.29
2014-03-28,0.0,30.71,19.15,21.19
2014-03-29,3.77,29.53,20.76,18.89
2014-03-30,32.33,26.41,21.44,9.59
2014-03-31,5.43,27.02,21.23,14.49
2014-04-01,1.11,29.41,20.65,19.87
2014-04-02,0.72,29.25,20.69,21.96
2014-04-03,0.02,29.29,18.86,22.22
2014-04-04,0.0,29.88,19.61,21.3
2014-04-05,0.0,30.41,19.64,22.14
2014-04-06,0.0,32.06,19.18,21.96
2014-04-07,0.0,32.18,19.95,21.41
2014-04-08,0.08,32.87,20.8,20.38
2014-04-09,11.81,29.87,22.93,14.32
2014-04-10,0.01,30.35,20.8,16.54
2014-04-11,1.46,28.98,21.42,17.85
2014-04-12,18.59,27.47,22.23,14.88
2014-04-13,1.92,27.27,21.09,11.03
2014-04-14,2.39,24.68,18.24,12.48
2014-04-15,9.16,22.7,16.74,6.64
2014-04-16,0.08,27.04,16.04,16.18
2014-04-17,0.79,28.41,17.76,19.79
2014-04-18,0.07,29.15,18.57,17.81
2014-04-19,19.51,28.74,19.07,17.24
2014-04-20,0.03,28.43,18.95,17.74
2014-04-21,5.27,23.77,19.07,18.2
2014-04-22,10.14,25.11,19.49,12.24
2014-04-23,1.3,24.83,18.98,14.49
2014-04-24,0.48,26.12,17.98,15.68
2014-04-25,0.03,25.54,16.41,18.67
2014-04-26,0.01,25.38,15.55,20.56
2014-04-27,0.01,24.48,14.14,20.68
2014-04-28,0.0,25.09,13.01,20.28
2014-04-29,0.0,26.25,13.33,19.46
2014-04-30,0.01,27.92,14.44,17.21
2014-05-01,10.01,22.49,16.05,5.23
2014-05-02,0.01,25.77,14.37,16.09
2014-05-03,0.0,27.25,16.11,14.29
2014-05-04,0.02,28.39,15.18,18.81
2014-05-05,0.05,28.6,16.24,15.03
2014-05-06,0.04,27.32,16.95,11.35
2014-05-07,0.05,29.48,16.31,16.46
2014-05-08,0.07,29.36,15.98,18.07
2014-05-09,0.01,28.01,16.05,18.07
2014-05-10,0.02,25.58,13.79,18.02
2014-05-11,0.02,25.93,13.63,17.31
2014-05-12,0.02,27.46,13.42,17.76
2014-05-13,0.0,28.5,14.24,14.92
2014-05-14,0.08,27.62,17.4,14.44
2014-05-15,0.0,28.98,15.5,15.66
2014-05-16,0.0,29.22,16.0,11.81
2014-05-17,0.02,28.39,16.3,14.85
2014-05-18,0.04,28.53,17.03,15.83
2014-05-19,0.0,28.94,15.12,16.87
2014-05-20,0.02,29.03,14.46,16.66
2014-05-21,0.03,30.38,14.02,15.91
2014-05-22,25.43,26.68,18.85,7.34
2014-05-23,32.09,24.5,17.87,5.26
2014-05-24,1.35,20.81,15.73,6.69
2014-05-25,10.31,20.24,14.88,4.92
2014-05-26,1.94,18.42,10.0,9.01
2014-05-27,0.02,19.83,9.42,8.57
2014-05-28,0.04,21.42,11.16,10.66
2014-05-29,0.01,22.77,12.48,14.72
2014-05-30,0.01,23.84,12.88,17.08
2014-05-31,0.59,25.39,12.53,14.74
2014-06-01,1.62,22.86,14.4,5.09
2014-06-02,0.03,20.84,9.57,17.28
2014-06-03,0.02,20.86,6.99,17.48
2014-06-04,0.1,23.22,7.82,15.96
2014-06-05,3.25,26.61,14.53,12.95
2014-06-06,9.23,25.09,18.47,3.84
2014-06-07,0.46,28.18,19.38,13.07
2014-06-08,0.47,28.72,16.77,13.44
2014-06-09,3.69,25.16,17.5,9.95
2014-06-10,0.0,24.14,15.0,12.31
2014-06-11,0.0,25.82,14.15,15.75
2014-06-12,0.0,26.93,15.57,15.59
2014-06-13,0.01,27.39,14.87,14.69
2014-06-14,0.28,25.44,14.56,9.97
2014-06-15,1.0,26.7,16.04,13.82
2014-06-16,0.7,27.38,15.86,14.78
2014-06-17,5.06,27.09,14.86,15.37
2014-06-18,10.41,25.6,13.85,14.25
2014-06-19,0.35,22.72,12.96,13.81
2014-06-20,0.0,21.82,11.18,13.99
2014-06-21,0.02,21.98,10.12,12.03
2014-06-22,0.08,25.1,12.26,15.47
2014-06-23,0.0,27.1,13.43,14.26
2014-06-24,0.0,27.47,13.48,15.15
2014-06-25,0.08,26.59,13.64,14.01
2014-06-26,0.0,27.68,14.92,14.27
2014-06-27,0.0,29.17,15.77,15.29
2014-06-28,2.81,25.29,16.66,9.44
2014-06-29,3.04,19.85,12.05,7.49
2014-06-30,0.02,20.44,8.65,16.64
2014-07-01,0.0,23.81,5.72,16.47
2014-07-02,0.0,26.79,13.84,14.84
2014-07-03,0.02,29.63,15.97,15.06
2014-07-04,0.0,30.5,15.94,15.1
2014-07-05,0.0,29.12,15.51,15.2
2014-07-06,0.0,28.25,14.12,14.08
2014-07-07,1.28,21.45,15.91,7.39
2014-07-08,3.99,20.9,15.48,11.72
2014-07-09,11.0,21.01,14.27,7.61
2014-07-10,0.76,23.18,14.41,7.28
2014-07-11,0.0,23.46,11.69,15.92
2014-07-12,0.02,24.6,12.41,16.16
2014-07-13,0.0,25.68,13.5,16.53
2014-07-14,0.02,25.92,13.41,16.55
2014-07-15,0.04,26.44,13.51,16.4
2014-07-16,0.01,27.0,13.51,15.94
2014-07-17,0.37,28.35,15.33,15.9
2014-07-18,10.02,19.75,11.11,8.98
2014-07-19,0.0,21.21,7.18,16.81
2014-07-20,0.08,23.17,6.62,17.51
2014-07-21,0.03,24.89,8.76,17.44
2014-07-22,0.03,28.56,10.99,16.94
2014-07-23,2.6,29.44,14.96,13.21
2014-07-24,28.19,19.18,11.63,2.08
2014-07-25,0.29,19.33,10.17,15.49
2014-07-26,0.27,20.9,10.94,13.45
2014-07-27,0.94,22.02,11.45,7.41
2014-07-28,0.02,23.84,11.91,9.78
2014-07-29,0.0,24.92,12.61,17.03
2014-07-30,0.0,26.18,13.03,16.93
2014-07-31,0.0,27.19,11.95,18.05
2014-08-01,0.0,28.74,13.28,18.13
2014-08-02,0.0,29.26,13.24,18.38
2014-08-03,0.0,30.35,14.21,18.51
2014-08-04,0.0,30.43,14.17,17.38
2014-08-05,0.02,26.47,13.41,17.4
2014-08-06,0.0,26.85,9.94,18.6
2014-08-07,0.0,29.89,12.22,18.47
2014-08-08,0.02,30.07,13.95,18.76
2014-08-09,0.01,27.44,13.88,17.53
2014-08-10,0.0,26.14,14.32,17.03
2014-08-11,0.0,30.69,12.56,19.18
2014-08-12,0.38,31.24,16.82,18.86
2014-08-13,5.56,21.17,11.9,3.78
2014-08-14,0.0,23.26,8.63,19.32
2014-08-15,0.01,27.87,11.41,17.63
2014-08-16,0.21,29.72,14.61,16.98
2014-08-17,1.05,28.58,17.38,14.37
2014-08-18,0.01,29.43,16.86,18.53
2014-08-19,0.0,29.16,14.85,20.5
2014-08-20,0.0,29.73,12.2,21.5
2014-08-21,0.0,31.61,13.32,20.87
2014-08-22,0.0,32.5,13.75,21.33
2014-08-23,0.0,33.24,14.33,21.05
2014-08-24,0.0,33.22,13.8,21.15
2014-08-25,0.15,33.99,15.19,20.56
2014-08-26,3.19,26.84,15.98,14.12
2014-08-27,0.01,27.6,10.56,17.63
2014-08-28,0.03,29.36,12.6,16.89
2014-08-29,0.0,29.61,12.55,19.38
2014-08-30,0.0,32.3,12.87,20.63
2014-08-31,5.89,34.65,16.47,17.96
2014-09-01,5.43,31.12,18.2,17.02
2014-09-02,10.71,33.27,19.42,17.55
2014-09-03,0.11,31.24,21.38,15.93
2014-09-04,0.0,28.22,15.82,21.16
2014-09-05,0.0,28.45,14.1,22.28
2014-09-06,0.0,31.25,12.61,22.51
2014-09-07,1.69,27.12,15.79,5.29
2014-09-08,0.0,32.48,16.62,21.21
2014-09-09,0.0,33.59,16.0,21.3
2014-09-10,0.0,34.84,15.2,23.12
2014-09-11,0.0,36.41,17.58,22.47
2014-09-12,0.0,35.55,17.64,23.67
2014-09-13,0.0,34.59,16.21,22.85
2014-09-14,0.0,35.71,15.79,24.09
2014-09-15,0.1,33.71,17.9,10.64
2014-09-16,0.0,31.92,16.01,24.37
2014-09-17,0.0,34.26,15.17,23.95
2014-09-18,1.98,36.46,16.58,14.63
2014-09-19,7.52,32.68,18.69,11.67
2014-09-20,29.83,27.96,20.34,6.23
2014-09-21,0.49,29.47,16.26,25.37
2014-09-22,0.01,28.25,14.25,24.47
2014-09-23,0.0,32.44,12.61,24.74
2014-09-24,21.93,33.48,19.07,9.52
2014-09-25,29.87,25.94,18.11,13.62
2014-09-26,37.98,27.51,21.19,10.55
2014-09-27,1.44,25.84,19.95,4.25
2014-09-28,0.76,27.4,17.71,13.43
2014-09-29,10.23,28.59,20.25,14.83
2014-09-30,10.26,29.15,19.8,17.81
2014-10-01,5.16,29.97,21.22,11.42
2014-10-02,0.01,26.17,15.15,24.58
2014-10-03,0.0,25.63,13.09,26.66
2014-10-04,0.0,25.2,11.28,25.94
2014-10-05,0.0,25.93,12.31,23.87
2014-10-06,0.0,27.3,11.83,25.4
2014-10-07,0.0,28.56,13.58,22.43
2014-10-08,0.0,30.43,14.42,27.71
2014-10-09,0.0,32.37,15.38,27.64
2014-10-10,0.0,34.6,15.88,27.04
2014-10-11,0.0,35.68,18.99,25.87
2014-10-12,0.0,36.56,19.43,27.4
2014-10-13,0.0,37.24,19.59,26.3
2014-10-14,0.42,37.88,22.91,24.91
2014-10-15,0.01,36.54,20.79,25.31
2014-10-16,0.03,38.25,19.97,25.12
2014-10-17,0.05,38.71,21.44,23.56
2014-10-18,0.14,37.46,21.23,21.84
2014-10-19,2.53,33.55,21.26,20.74
2014-10-20,0.07,33.8,21.53,8.47
2014-10-21,0.01,30.98,17.13,25.13
2014-10-22,0.0,32.86,15.17,28.07
2014-10-23,2.92,34.31,15.75,26.38
2014-10-24,1.65,33.72,18.65,21.36
2014-10-25,1.66,26.56,20.67,10.72
2014-10-26,0.11,33.21,19.01,20.06
2014-10-27,0.07,34.08,19.81,26.04
2014-10-28,0.0,34.52,17.23,29.77
2014-10-29,0.0,35.01,16.01,30.41
2014-10-30,3.6,35.47,17.83,25.94
2014-10-31,0.68,32.43,23.4,16.94
2014-11-01,5.5,34.32,21.2,16.5
2014-11-02,9.46,28.19,22.89,23.24
2014-11-03,4.09,29.89,21.57,15.48
2014-11-04,9.24,27.99,21.87,13.16
2014-11-05,0.7,33.46,21.01,20.88
2014-11-06,1.63,34.32,19.05,28.27
2014-11-07,9.21,30.23,21.41,20.58
2014-11-08,0.26,29.75,21.61,15.96
2014-11-09,0.03,33.05,18.86,24.59
2014-11-10,0.0,33.99,18.03,28.6
2014-11-11,0.0,34.54,16.26,28.66
2014-11-12,0.56,29.42,18.32,17.56
2014-11-13,0.18,35.24,19.52,26.91
2014-11-14,0.23,31.4,18.08,23.15
2014-11-15,0.0,31.94,15.95,30.09
2014-11-16,0.0,32.33,14.63,31.37
2014-11-17,0.0,33.01,15.37,29.78
2014-11-18,0.15,34.4,13.83,28.72
2014-11-19,5.94,35.27,18.58,24.9
2014-11-20,9.31,31.33,20.59,17.91
2014-11-21,6.4,33.58,20.41,19.99
2014-11-22,15.08,27.16,21.64,4.92
2014-11-23,0.59,32.35,20.08,16.62
2014-11-24,7.41,30.28,21.53,17.34
2014-11-25,25.17,26.36,21.77,13.96
2014-11-26,4.09,29.77,20.91,16.03
2014-11-27,1.4,28.56,21.83,15.89
2014-11-28,0.27,29.55,20.9,23.39
2014-11-29,0.04,29.76,19.09,24.46
2014-11-30,14.75,30.72,20.82,19.07
2014-12-01,0.33,31.92,20.14,20.49
2014-12-02,0.32,28.73,21.19,24.89
2014-12-03,1.09,31.86,21.02,17.36
2014-12-04,17.86,31.01,21.39,19.72
2014-12-05,0.04,29.24,17.92,25.53
2014-12-06,0.17,31.28,16.45,27.57
2014-12-07,0.77,31.5,19.86,26.72
2014-12-08,5.53,25.89,20.92,19.15
2014-12-09,9.04,27.2,20.32,12.8
2014-12-10,22.12,26.87,20.67,17.34
2014-12-11,5.04,28.9,20.39,22.53
2014-12-12,22.17,27.96,21.64,18.7
2014-12-13,13.67,28.67,22.25,17.57
2014-12-14,5.26,30.07,21.28,24.02
2014-12-15,0.04,29.36,17.53,30.08
2014-12-16,0.17,27.78,16.82,30.32
2014-12-17,0.78,30.26,17.09,27.88
2014-12-18,0.02,30.44,19.99,26.1
2014-12-19,25.86,30.88,21.39,25.63
2014-12-20,2.31,30.86,22.06,24.91
2014-12-21,3.85,27.6,23.04,14.04
2014-12-22,40.42,25.15,22.44,11.44
2014-12-23,12.99,25.47,18.18,9.75
2014-12-24,6.35,25.06,17.25,12.44
2014-12-25,3.1,29.99,18.07,23.39
2014-12-26,0.12,30.14,21.38,28.59
2014-12-27,0.02,31.1,21.58,25.78
2014-12-28,0.61,31.26,23.34,21.77
2014-12-29,14.99,28.56,22.32,20.38
2014-12-30,1.14,29.8,21.36,26.73
2014-12-31,12.19,27.37,22.69,25.08
2015-01-01,4.28,29.22,21.56,26.04
2015-01-02,1.37,29.62,22.74,27.75
2015-01-03,1.76,29.45,23.35,24.49
2015-01-04,10.01,27.78,22.03,15.84
2015-01-05,12.6,29.27,20.56,24.67
2015-01-06,3.95,29.12,21.59,17.6
2015-01-07,2.12,29.01,21.68,24.28
2015-01-08,6.85,30.55,21.46,20.93
2015-01-09,3.88,31.26,21.66,26.83
2015-01-10,4.26,32.06,21.78,29.87
2015-01-11,4.12,31.56,21.52,29.06
2015-01-12,0.55,29.33,22.79,26.28
2015-01-13,5.11,29.96,22.54,27.37
2015-01-14,4.3,27.8,22.71,18.66
2015-01-15,1.02,31.89,19.19,29.31
2015-01-16,0.1,29.56,22.0,26.33
2015-01-17,0.01,31.36,23.07,27.98
2015-01-18,0.03,32.24,22.72,28.64
2015-01-19,1.09,33.14,23.43,28.45
2015-01-20,1.44,34.26,23.04,27.89
2015-01-21,1.84,31.12,22.07,29.25
2015-01-22,0.09,30.62,21.12,24.42
2015-01-23,0.01,30.18,19.55,26.48
2015-01-24,2.23,30.75,19.6,27.34
2015-01-25,4.16,28.78,21.18,27.23
2015-01-26,3.55,28.93,21.36,21.67
2015-01-27,18.96,27.41,21.47,18.12
2015-01-28,34.54,24.98,21.7,19.85
2015-01-29,14.48,27.84,21.16,17.28
2015-01-30,2.9,27.42,21.57,18.69
2015-01-31,0.78,29.91,19.66,24.09
2015-02-01,0.51,30.28,20.06,26.49
2015-02-02,0.41,30.91,20.96,28.12
2015-02-03,1.87,30.11,20.26,27.02
2015-02-04,13.35,26.48,21.43,10.44
2015-02-05,4.88,29.07,21.63,18.25
2015-02-06,0.21,28.4,18.47,24.27
2015-02-07,12.99,28.71,19.39,28.59
2015-02-08,4.5,30.48,19.12,26.53
2015-02-09,1.17,29.77,20.04,19.66
2015-02-10,6.63,30.23,21.35,14.52
2015-02-11,4.99,29.05,22.22,20.12
2015-02-12,8.18,28.11,22.8,23.63
2015-02-13,8.13,30.07,22.72,23.12
2015-02-14,9.23,28.22,21.8,14.27
2015-02-15,17.66,25.14,21.19,10.54
2015-02-16,12.22,28.39,18.83,15.21
2015-02-17,23.83,24.67,20.1,8.11
2015-02-18,13.34,28.0,21.35,14.88
2015-02-19,13.84,27.97,21.99,14.78
2015-02-20,12.1,26.41,22.09,17.74
2015-02-21,2.46,28.63,21.38,24.08
2015-02-22,0.06,30.66,21.79,26.58
2015-02-23,0.01,29.98,20.7,23.65
2015-02-24,4.59,28.87,21.11,23.01
2015-02-25,3.86,29.2,20.3,18.93
2015-02-26,0.35,29.63,21.38,24.32
2015-02-27,1.96,28.91,20.81,22.16
2015-02-28,0.52,29.32,20.49,23.27
2015-03-01,0.01,29.16,19.09,25.02
2015-03-02,0.0,28.8,18.55,23.15
2015-03-03,0.1,30.55,19.71,24.02
2015-03-04,3.51,29.94,21.08,22.82
2015-03-05,8.43,29.31,21.37,21.53
2015-03-06,5.18,28.04,22.61,17.49
2015-03-07,13.54,26.92,21.96,17.36
2015-03-08,9.42,24.91,20.5,12.15
2015-03-09,12.63,28.58,21.44,10.21
2015-03-10,6.01,27.99,19.45,19.36
2015-03-11,8.33,28.67,19.86,22.21
2015-03-12,6.29,28.72,19.95,21.29
2015-03-13,1.79,27.56,20.39,20.42
2015-03-14,0.98,26.28,20.25,14.33
2015-03-15,4.71,27.88,19.71,21.67
2015-03-16,1.27,29.35,19.63,22.45
2015-03-17,0.15,26.66,21.04,22.47
2015-03-18,0.46,25.6,20.3,21.26
2015-03-19,2.36,25.87,19.51,9.38
2015-03-20,4.08,26.98,19.06,15.41
2015-03-21,7.1,26.56,19.09,14.57
2015-03-22,0.97,27.85,19.28,18.58
2015-03-23,0.38,27.53,18.33,23.81
2015-03-24,0.0,28.09,18.03,24.29
2015-03-25,0.03,27.82,17.1,24.45
2015-03-26,0.39,28.15,17.61,24.08
2015-03-27,1.79,28.74,19.79,13.69
2015-03-28,1.27,29.14,20.77,14.83
2015-03-29,12.69,28.68,21.84,15.16
2015-03-30,4.22,28.54,19.79,16.0
2015-03-31,0.2,28.3,17.91,18.72
2015-04-01,0.47,28.67,17.86,21.73
2015-04-02,0.05,29.1,18.75,21.27
2015-04-03,0.03,28.07,17.46,22.91
2015-04-04,5.5,29.72,17.34,18.47
2015-04-05,3.51,29.01,19.81,13.55
2015-04-06,0.09,27.34,19.39,18.36
2015-04-07,0.0,26.22,15.96,19.39
2015-04-08,0.0,26.55,14.35,21.77
2015-04-09,0.0,28.19,16.35,20.12
2015-04-10,0.0,29.1,17.34,20.31
2015-04-11,0.0,29.05,17.25,20.93
2015-04-12,0.0,30.33,16.91,21.12
2015-04-13,0.0,30.04,17.87,21.47
2015-04-14,5.76,29.67,17.94,12.25
2015-04-15,4.81,29.58,19.77,17.76
2015-04-16,1.59,29.93,20.48,13.48
2015-04-17,0.25,29.08,19.12,19.25
2015-04-18,0.75,26.76,19.78,14.56
2015-04-19,2.07,29.45,19.36,15.12
2015-04-20,0.31,31.47,20.63,18.58
2015-04-21,7.28,29.79,21.85,16.86
2015-04-22,12.75,26.01,18.74,11.59
2015-04-23,0.19,28.28,17.7,15.54
2015-04-24,0.0,29.8,18.24,18.09
2015-04-25,0.02,28.79,17.88,19.73
2015-04-26,0.0,27.33,14.58,20.49
2015-04-27,0.02,28.55,15.93,20.42
2015-04-28,0.0,29.02,16.43,18.24
2015-04-29,0.02,27.13,17.09,18.57
2015-04-30,0.0,27.18,15.46,19.26
2015-05-01,0.0,27.56,14.41,19.74
2015-05-02,0.0,29.18,14.49,19.41
2015-05-03,24.14,30.53,15.09,14.56
2015-05-04,35.11,26.5,19.62,10.46
2015-05-05,0.0,25.93,17.85,14.58
2015-05-06,0.01,24.91,15.99,14.2
2015-05-07,0.0,25.98,14.75,17.5
2015-05-08,0.0,23.51,13.89,17.92
2015-05-09,0.19,27.06,12.46,18.01
2015-05-10,7.31,27.09,15.81,8.31
2015-05-11,13.52,23.95,15.18,11.45
2015-05-12,0.01,23.74,11.39,17.33
2015-05-13,0.01,23.99,15.62,15.46
2015-05-14,0.0,25.09,14.4,15.88
2015-05-15,0.01,25.85,15.6,9.98
2015-05-16,0.01,25.85,15.49,14.05
2015-05-17,0.02,25.32,15.0,12.44
2015-05-18,0.21,24.96,16.87,3.95
2015-05-19,0.56,25.8,16.46,12.32
2015-05-20,2.45,25.2,16.6,9.69
2015-05-21,0.24,26.88,17.11,14.97
2015-05-22,0.0,27.76,16.91,16.33
2015-05-23,0.0,28.13,16.31,15.66
2015-05-24,0.2,28.84,16.54,13.42
2015-05-25,2.29,29.62,18.58,13.32
2015-05-26,0.57,29.99,19.55,14.95
2015-05-27,1.83,28.72,19.03,14.04
2015-05-28,6.17,22.7,14.94,5.33
2015-05-29,0.03,23.01,11.97,15.7
2015-05-30,0.55,24.53,10.71,5.18
2015-05-31,26.5,22.91,14.83,6.17
2015-06-01,0.04,24.42,12.94,8.6
2015-06-02,0.03,23.15,14.2,7.15
2015-06-03,0.0,24.76,13.45,11.21
2015-06-04,0.0,26.7,14.53,15.37
2015-06-05,0.02,26.4,14.92,15.5
2015-06-06,0.01,27.12,13.26,15.6
2015-06-07,0.02,27.82,14.99,11.68
2015-06-08,0.0,28.08,14.71,14.98
2015-06-09,0.01,28.11,14.71,14.9
2015-06-10,0.0,29.08,15.25,15.67
2015-06-11,0.01,28.95,17.2,15.65
2015-06-12,0.46,28.45,17.62,12.4
2015-06-13,0.08,28.93,16.86,15.32
2015-06-14,0.12,29.99,16.95,13.74
2015-06-15,4.11,22.47,10.7,4.16
2015-06-16,0.13,22.36,7.85,14.04
2015-06-17,0.0,28.75,13.36,12.64
2015-06-18,1.16,29.43,16.09,12.21
2015-06-19,0.59,22.34,12.18,13.91
2015-06-20,0.0,25.04,10.97,15.75
2015-06-21,0.01,26.67,13.03,15.32
2015-06-22,0.01,27.39,13.63,15.44
2015-06-23,0.02,27.05,12.85,14.44
2015-06-24,0.0,24.71,13.62,14.54
2015-06-25,0.0,24.46,13.67,15.34
2015-06-26,0.0,24.6,13.56,15.07
2015-06-27,0.0,24.97,12.59,15.61
2015-06-28,0.02,24.6,11.09,14.72
2015-06-29,0.0,26.29,12.04,14.27
2015-06-30,2.41,25.24,13.29,12.63
2015-07-01,16.33,23.73,15.87,4.62
2015-07-02,19.49,23.8,15.49,2.91
2015-07-03,40.25,23.41,17.28,3.58
2015-07-04,19.06,18.03,12.47,5.89
2015-07-05,0.42,19.81,11.12,7.03
2015-07-06,1.07,20.01,11.57,11.38
2015-07-07,8.05,22.09,16.55,4.09
2015-07-08,11.2,21.64,14.21,5.9
2015-07-09,0.34,20.92,11.55,12.81
2015-07-10,23.52,24.4,12.76,14.32
2015-07-11,2.05,25.91,14.9,3.93
2015-07-12,3.55,25.78,15.58,14.38
2015-07-13,0.05,26.88,17.01,14.6
2015-07-14,1.8,27.48,17.63,13.64
2015-07-15,0.63,27.41,17.76,8.76
2015-07-16,0.18,25.23,17.57,9.91
2015-07-17,4.98,25.42,16.78,10.94
2015-07-18,0.24,25.82,14.42,16.45
2015-07-19,0.02,26.22,14.33,16.63
2015-07-20,0.0,26.36,13.17,14.82
2015-07-21,0.73,23.84,13.73,9.69
2015-07-22,0.01,23.01,12.09,15.79
2015-07-23,0.02,24.15,12.18,8.25
2015-07-24,0.4,25.66,14.33,8.44
2015-07-25,0.24,23.95,12.78,11.38
2015-07-26,0.02,23.1,9.92,12.83
2015-07-27,0.04,24.4,9.13,18.28
2015-07-28,0.03,26.5,10.55,18.0
2015-07-29,0.0,26.91,12.37,15.75
2015-07-30,0.0,27.06,12.81,16.87
2015-07-31,0.02,28.02,12.34,18.03
2015-08-01,0.0,28.27,13.15,17.74
2015-08-02,0.0,28.37,13.47,18.17
2015-08-03,0.0,29.03,13.52,18.47
2015-08-04,0.02,29.14,14.95,17.81
2015-08-05,0.0,29.1,13.7,16.33
2015-08-06,0.02,29.6,14.04,18.64
2015-08-07,0.0,30.48,13.63,18.49
2015-08-08,0.0,30.74,13.99,18.86
2015-08-09,0.0,29.94,15.23,18.74
2015-08-10,0.0,29.72,15.51,19.0
2015-08-11,0.0,30.19,15.87,19.13
2015-08-12,0.0,28.86,14.74,19.81
2015-08-13,0.02,30.14,13.48,20.02
2015-08-14,0.0,27.58,13.54,19.93
2015-08-15,0.0,29.92,13.37,19.55
2015-08-16,0.0,30.88,14.95,19.64
2015-08-17,0.0,31.25,15.21,17.24
2015-08-18,2.1,29.74,17.45,13.96
2015-08-19,1.64,25.74,14.91,19.65
2015-08-20,1.77,26.39,11.72,21.14
2015-08-21,0.01,26.37,12.09,20.69
2015-08-22,0.0,28.79,13.21,21.11
2015-08-23,0.03,30.91,14.68,19.62
2015-08-24,9.3,28.35,17.14,7.78
2015-08-25,8.58,26.43,15.26,13.39
2015-08-26,0.94,29.77,15.11,18.59
2015-08-27,6.45,28.08,16.31,2.89
2015-08-28,0.04,28.7,12.51,19.85
2015-08-29,0.14,28.99,12.18,22.34
2015-08-30,0.0,32.99,12.51,22.16
2015-08-31,0.02,33.99,14.74,22.27
2015-09-01,0.12,34.4,16.4,22.64
2015-09-02,0.05,30.65,15.31,20.78
2015-09-03,0.01,33.14,14.35,21.53
2015-09-04,0.14,31.58,17.13,15.04
2015-09-05,0.11,27.51,16.8,11.1
2015-09-06,0.26,28.26,15.37,15.59
2015-09-07,30.79,28.02,18.33,9.36
2015-09-08,29.98,29.78,19.49,4.65
2015-09-09,1.68,27.25,16.65,16.19
2015-09-10,32.97,23.86,16.58,3.68
2015-09-11,19.96,26.43,14.92,7.05
2015-09-12,2.31,24.54,13.52,8.39
2015-09-13,0.02,24.77,14.09,18.53
2015-09-14,0.0,25.8,12.29,23.43
2015-09-15,0.0,29.86,13.8,21.5
2015-09-16,0.04,33.2,18.61,22.93
2015-09-17,0.04,33.85,20.38,20.7
2015-09-18,0.0,35.02,20.66,23.26
2015-09-19,0.0,35.5,20.38,24.56
2015-09-20,0.0,35.07,18.55,24.99
2015-09-21,0.0,34.95,17.56,25.27
2015-09-22,0.0,35.86,17.23,24.68
2015-09-23,0.0,36.3,17.42,25.17
2015-09-24,0.02,37.77,20.88,23.6
2015-09-25,18.81,36.22,23.77,16.82
2015-09-26,16.05,30.25,21.27,8.15
2015-09-27,15.31,29.41,20.34,18.32
2015-09-28,1.82,26.05,19.09,15.2
2015-09-29,12.02,27.29,17.63,17.13
2015-09-30,2.42,28.03,18.94,12.72
2015-10-01,0.08,30.52,18.9,22.66
2015-10-02,2.68,32.59,19.54,23.12
2015-10-03,26.66,25.3,20.31,5.27
2015-10-04,0.1,27.87,19.01,16.6
2015-10-05,0.0,29.6,17.98,24.41
2015-10-06,0.0,30.26,15.44,26.4
2015-10-07,0.0,33.54,16.92,25.49
2015-10-08,8.74,34.91,20.0,24.39
2015-10-09,45.02,27.66,21.26,7.66
2015-10-10,4.45,26.96,20.89,12.69
2015-10-11,10.91,27.97,19.54,7.87
2015-10-12,11.98,21.14,16.63,8.77
2015-10-13,0.39,27.14,15.49,23.81
2015-10-14,0.04,32.52,17.95,25.74
2015-10-15,0.56,32.79,20.52,24.54
2015-10-16,0.21,34.32,23.49,23.96
2015-10-17,7.28,31.72,21.2,25.17
2015-10-18,0.01,29.95,16.42,24.95
2015-10-19,0.0,32.09,15.48,26.22
2015-10-20,1.83,32.4,19.31,24.22
2015-10-21,0.01,35.42,21.55,20.62
2015-10-22,7.22,34.27,22.22,19.56
2015-10-23,12.46,27.47,22.09,7.04
2015-10-24,0.08,27.83,18.39,23.91
2015-10-25,3.71,30.18,16.97,20.48
2015-10-26,16.09,29.68,18.06,16.69
2015-10-27,4.29,29.36,20.43,18.63
2015-10-28,3.52,28.24,20.93,15.94
2015-10-29,0.11,30.18,18.2,28.18
2015-10-30,0.9,31.46,17.68,25.56
2015-10-31,8.76,26.75,21.67,5.88
2015-11-01,11.88,27.18,18.99,11.12
2015-11-02,3.99,29.23,18.71,12.42
2015-11-03,22.63,26.68,19.59,15.21
2015-11-04,13.68,27.51,21.06,18.1
2015-11-05,24.13,29.46,22.17,13.16
2015-11-06,7.88,28.51,19.47,19.06
2015-11-07,0.41,28.91,16.67,19.67
2015-11-08,12.09,28.8,18.23,18.07
2015-11-09,3.21,30.91,20.58,19.21
2015-11-10,3.35,31.74,22.32,24.23
2015-11-11,0.61,28.63,22.75,15.33
2015-11-12,0.02,29.92,22.27,24.87
2015-11-13,6.0,29.4,21.9,21.68
2015-11-14,11.61,27.84,22.26,23.52
2015-11-15,20.82,26.74,22.31,17.91
2015-11-16,21.26,27.99,20.29,19.0
2015-11-17,19.16,29.13,20.17,18.02
2015-11-18,4.6,29.06,20.77,20.71
2015-11-19,20.58,30.11,22.62,19.19
2015-11-20,15.53,27.79,19.62,11.23
2015-11-21,0.0,30.5,16.43,25.57
2015-11-22,0.33,30.29,18.82,24.28
2015-11-23,31.2,28.97,22.93,12.67
2015-11-24,38.62,24.78,21.06,3.33
2015-11-25,6.48,25.79,20.02,3.88
2015-11-26,0.16,29.12,19.65,20.14
2015-11-27,9.65,30.68,20.15,26.37
2015-11-28,18.1,26.04,21.33,16.73
2015-11-29,5.74,26.67,21.33,14.55
2015-11-30,5.75,26.32,19.89,14.2
2015-12-01,7.47,29.55,17.28,20.37
2015-12-02,4.95,27.51,20.29,22.41
2015-12-03,8.28,27.87,20.77,10.61
2015-12-04,6.95,28.49,21.02,23.82
2015-12-05,2.66,28.29,21.32,20.96
2015-12-06,6.82,26.73,20.99,11.61
2015-12-07,2.08,29.61,21.19,19.96
2015-12-08,5.65,28.79,21.22,22.49
2015-12-09,15.38,27.29,22.23,19.73
2015-12-10,10.23,26.29,22.9,11.6
2015-12-11,17.38,27.4,21.91,15.15
2015-12-12,11.64,27.5,21.74,4.93
2015-12-13,1.13,29.82,20.2,27.9
2015-12-14,14.35,28.2,22.7,25.93
2015-12-15,1.24,27.34,21.78,14.85
2015-12-16,0.35,28.63,21.6,21.8
2015-12-17,0.18,30.19,19.75,27.33
2015-12-18,3.27,30.29,22.0,27.58
2015-12-19,8.96,28.77,22.74,12.77
2015-12-20,16.32,29.19,22.22,12.95
2015-12-21,0.19,29.4,21.09,26.4
2015-12-22,1.5,28.91,22.31,26.24
2015-12-23,18.25,27.16,23.21,21.25
2015-12-24,21.08,29.45,21.91,20.65
2015-12-25,23.11,27.82,22.72,19.17
2015-12-26,14.28,26.41,22.63,11.73
2015-12-27,4.72,26.8,22.41,10.58
2015-12-28,31.05,25.11,22.19,16.5
2015-12-29,22.96,26.59,21.4,11.45
2015-12-30,9.91,25.79,21.7,13.01
2015-12-31,8.21,27.68,21.33,13.95
2016-01-01,5.0,27.06,22.51,17.55
2016-01-02,3.96,26.37,22.5,20.08
2016-01-03,3.85,25.78,22.32,12.54
2016-01-04,0.15,26.29,19.97,18.13
2016-01-05,0.08,29.91,19.37,24.69
2016-01-06,0.2,28.23,21.29,26.51
2016-01-07,0.03,29.77,22.53,27.06
2016-01-08,13.42,29.69,22.47,24.2
2016-01-09,34.61,26.76,23.3,9.65
2016-01-10,47.79,26.36,22.5,15.81
2016-01-11,72.11,25.53,23.13,5.49
2016-01-12,38.05,25.72,23.21,15.21
2016-01-13,9.13,28.14,23.93,17.75
2016-01-14,1.55,27.19,22.64,19.58
2016-01-15,0.04,28.84,20.69,16.62
2016-01-16,0.0,28.71,20.39,25.86
2016-01-17,0.0,28.24,16.17,30.03
2016-01-18,0.0,28.09,16.89,28.34
2016-01-19,0.0,28.81,17.32,24.03
2016-01-20,0.0,28.88,17.8,25.6
2016-01-21,0.0,28.39,16.54,29.34
2016-01-22,0.0,27.92,16.94,30.07
2016-01-23,0.01,29.0,16.56,27.51
2016-01-24,3.88,30.31,19.17,27.48
2016-01-25,13.27,29.68,21.31,23.8
2016-01-26,4.02,30.72,21.74,25.7
2016-01-27,15.92,27.93,23.06,17.68
2016-01-28,5.18,29.84,20.42,23.41
2016-01-29,11.2,28.36,22.5,18.9
2016-01-30,6.99,28.16,21.74,15.59
2016-01-31,1.6,27.94,21.71,26.6
2016-02-01,0.82,30.72,22.01,25.98
2016-02-02,1.21,30.86,22.14,27.41
2016-02-03,10.85,28.88,22.3,24.95
2016-02-04,13.27,27.15,22.66,20.64
2016-02-05,0.94,30.6,21.12,21.11
2016-02-06,0.12,30.37,21.23,24.34
2016-02-07,1.35,29.25,23.01,24.41
2016-02-08,0.33,29.91,22.47,22.01
2016-02-09,1.0,30.57,22.49,25.43
2016-02-10,12.78,29.23,22.93,24.81
2016-02-11,31.57,29.25,23.92,21.14
2016-02-12,9.95,29.58,19.08,21.08
2016-02-13,0.0,29.36,19.55,26.45
2016-02-14,6.59,27.51,23.06,23.24
2016-02-15,27.0,29.09,23.14,18.2
2016-02-16,13.67,27.44,22.87,16.75
2016-02-17,6.11,29.5,22.36,17.95
2016-02-18,6.64,29.46,22.62,13.81
2016-02-19,2.77,29.63,23.29,23.85
2016-02-20,13.6,28.65,22.74,21.1
2016-02-21,12.16,27.39,22.79,11.23
2016-02-22,26.15,25.48,22.15,8.48
2016-02-23,24.81,26.23,20.96,8.97
2016-02-24,7.31,24.79,20.54,13.35
2016-02-25,14.68,26.97,20.1,16.5
2016-02-26,20.69,27.84,21.88,21.88
2016-02-27,17.04,26.2,22.55,16.35
2016-02-28,10.94,26.92,22.74,13.57
2016-02-29,1.19,22.55,19.72,12.4
2016-03-01,0.04,26.11,17.24,13.59
2016-03-02,1.92,25.86,19.06,12.34
2016-03-03,3.72,28.23,20.6,17.19
2016-03-04,0.1,26.87,18.54,24.89
2016-03-05,0.0,27.36,17.5,25.07
2016-03-06,0.12,28.51,17.11,18.52
2016-03-07,0.16,29.34,19.46,21.65
2016-03-08,25.63,29.51,20.88,23.55
2016-03-09,18.95,27.28,22.44,18.56
2016-03-10,11.14,28.53,21.38,16.12
2016-03-11,0.56,26.6,19.24,23.0
2016-03-12,0.0,26.8,16.37,26.58
2016-03-13,0.0,27.96,17.39,20.65
2016-03-14,0.67,29.17,17.67,22.81
2016-03-15,6.51,28.51,19.73,19.92
2016-03-16,0.6,27.38,20.44,21.19
2016-03-17,0.84,29.23,19.64,23.37
2016-03-18,0.03,29.93,20.33,24.29
2016-03-19,0.0,30.65,19.87,24.54
2016-03-20,0.0,29.67,20.48,24.88
2016-03-21,0.08,30.13,20.19,22.48
2016-03-22,0.48,30.55,20.23,19.59
2016-03-23,7.71,28.95,21.62,17.45
2016-03-24,28.75,25.39,21.36,13.61
2016-03-25,11.35,26.67,20.54,12.39
2016-03-26,5.07,25.97,19.08,11.59
2016-03-27,0.01,25.86,16.6,19.01
2016-03-28,0.01,27.35,17.51,22.85
2016-03-29,0.0,29.48,18.04,21.59
2016-03-30,0.29,28.22,19.25,17.96
2016-03-31,2.41,28.07,20.72,22.31
2016-04-01,0.24,29.45,19.86,22.5
2016-04-02,0.08,29.81,20.18,22.64
2016-04-03,0.01,31.15,20.28,21.57
2016-04-04,0.0,30.98,21.34,22.37
2016-04-05,0.0,30.35,20.95,22.51
2016-04-06,0.0,30.26,20.27,22.31
2016-04-07,0.0,31.04,19.54,22.24
2016-04-08,0.0,30.79,20.88,22.48
2016-04-09,0.0,31.25,20.06,21.86
2016-04-10,0.01,28.66,21.17,20.15
2016-04-11,0.06,29.96,20.97,20.42
2016-04-12,0.08,30.34,20.89,20.34
2016-04-13,0.18,30.01,21.47,20.84
2016-04-14,1.4,29.91,19.18,17.97
2016-04-15,0.22,29.12,21.02,14.21
2016-04-16,0.0,30.45,21.06,20.81
2016-04-17,0.0,30.15,18.96,20.65
2016-04-18,0.0,30.3,18.5,20.01
2016-04-19,0.0,29.79,18.73,20.99
2016-04-20,0.0,30.33,18.0,19.93
2016-04-21,0.0,30.4,19.15,18.86
2016-04-22,0.0,31.24,19.75,17.32
2016-04-23,0.0,30.55,19.07,19.18
2016-04-24,0.0,30.56,19.42,16.42
2016-04-25,3.0,29.28,19.65,17.21
2016-04-26,55.0,25.37,16.89,2.2
2016-04-27,0.32,19.49,9.2,13.79
2016-04-28,0.01,17.61,6.95,16.44
2016-04-29,0.0,21.61,10.24,13.61
2016-04-30,0.01,21.97,9.47,19.69
2016-05-01,0.0,21.71,8.45,19.73
2016-05-02,0.0,22.3,8.3,20.35
2016-05-03,0.0,24.74,10.06,18.59
2016-05-04,0.0,25.71,12.36,19.09
2016-05-05,0.0,26.19,13.51,16.27
2016-05-06,0.25,26.71,15.27,16.78
2016-05-07,1.88,26.72,16.83,8.05
2016-05-08,27.14,25.97,17.34,8.28
2016-05-09,37.53,26.85,18.33,7.32
2016-05-10,3.64,24.23,17.91,6.21
2016-05-11,0.77,23.19,16.34,10.94
2016-05-12,0.31,25.33,16.38,12.37
2016-05-13,0.06,24.31,15.4,12.54
2016-05-14,0.01,24.57,14.29,17.58
2016-05-15,0.59,26.78,14.43,17.42
2016-05-16,7.35,27.04,15.7,10.36
2016-05-17,0.14,22.16,11.89,13.67
2016-05-18,16.42,18.1,14.42,5.73
2016-05-19,2.19,22.44,13.67,7.55
2016-05-20,7.63,25.89,14.44,15.92
2016-05-21,8.77,24.1,18.87,8.84
2016-05-22,9.64,24.31,15.33,4.39
2016-05-23,0.27,19.19,10.75,16.94
2016-05-24,0.04,20.47,7.93,16.37
2016-05-25,0.01,21.85,11.52,17.03
2016-05-26,0.58,24.67,13.07,16.18
2016-05-27,9.43,21.52,14.68,6.21
2016-05-28,14.08,23.51,15.23,14.91
2016-05-29,43.39,20.65,15.91,7.3
2016-05-30,20.31,22.77,15.06,3.82
2016-05-31,8.54,22.73,15.91,9.46
2016-06-01,12.8,24.43,14.86,8.8
2016-06-02,8.41,20.81,12.2,12.84
2016-06-03,0.93,20.37,10.65,6.03
2016-06-04,9.45,21.86,12.82,4.4
2016-06-05,33.82,21.69,15.52,4.25
2016-06-06,18.24,20.96,15.24,6.22
2016-06-07,1.48,17.97,9.87,12.08
2016-06-08,0.0,18.53,6.65,14.31
2016-06-09,0.09,18.38,4.12,15.43
2016-06-10,0.0,18.67,4.8,13.14
2016-06-11,0.0,17.1,4.23,15.84
2016-06-12,0.0,16.67,1.88,17.17
2016-06-13,0.04,16.52,2.79,17.34
2016-06-14,0.0,19.67,6.8,15.87
2016-06-15,0.0,23.01,9.25,15.38
2016-06-16,0.0,24.43,10.92,15.36
2016-06-17,0.0,24.02,11.73,15.59
2016-06-18,1.3,24.2,13.72,15.59
2016-06-19,0.27,23.44,13.04,15.0
2016-06-20,0.44,21.67,13.55,12.49
2016-06-21,0.79,19.41,11.01,13.02
2016-06-22,1.59,20.74,11.75,11.83
2016-06-23,0.44,22.33,10.79,15.4
2016-06-24,0.0,22.89,12.09,15.23
2016-06-25,0.0,22.96,12.43,14.32
2016-06-26,0.0,23.23,13.19,14.22
2016-06-27,0.0,22.67,12.58,15.96
2016-06-28,0.0,23.33,12.0,10.95
2016-06-29,0.0,24.01,11.48,15.57
2016-06-30,0.0,23.31,13.52,12.57
2016-07-01,0.0,24.76,13.41,13.1
2016-07-02,0.0,25.17,14.23,14.53
2016-07-03,0.0,25.05,12.68,15.83
2016-07-04,0.0,25.19,14.05,15.81
2016-07-05,0.0,25.43,13.59,13.76
2016-07-06,0.45,23.06,9.97,12.17
2016-07-07,0.11,19.5,8.47,16.41
2016-07-08,0.04,20.61,7.29,16.66
2016-07-09,0.0,21.95,8.9,16.93
2016-07-10,0.0,26.04,11.29,16.25
2016-07-11,0.0,26.8,13.13,16.34
2016-07-12,0.17,26.6,13.74,16.08
2016-07-13,0.04,26.87,13.96,16.21
2016-07-14,0.22,26.72,14.56,15.39
2016-07-15,0.94,25.9,15.03,14.07
2016-07-16,23.62,19.22,9.27,6.2
2016-07-17,0.0,17.14,4.33,18.18
2016-07-18,0.03,19.02,3.93,17.36
2016-07-19,0.0,19.07,8.22,13.7
2016-07-20,0.0,22.09,8.06,10.58
2016-07-21,0.0,21.83,11.23,13.75
2016-07-22,0.0,21.04,10.66,15.91
2016-07-23,0.01,22.42,9.56,17.35
2016-07-24,0.04,26.53,10.16,17.31
2016-07-25,0.0,26.44,12.99,17.58
2016-07-26,0.0,26.44,12.7,17.11
2016-07-27,0.0,24.63,12.56,17.12
2016-07-28,0.0,23.75,11.23,15.74
2016-07-29,0.0,23.75,12.15,16.22
2016-07-30,0.0,24.82,11.97,17.7
2016-07-31,0.0,25.6,13.41,16.04
2016-08-01,0.0,26.44,12.85,16.39
2016-08-02,0.0,26.68,13.55,17.7
2016-08-03,0.0,24.8,12.33,17.78
2016-08-04,0.0,26.49,13.5,17.18
2016-08-05,0.0,28.15,14.32,17.25
2016-08-06,0.0,28.88,16.49,18.66
2016-08-07,0.04,29.21,16.22,16.15
2016-08-08,1.05,27.14,15.09,15.06
2016-08-09,4.28,23.99,15.73,6.64
2016-08-10,0.02,23.21,10.56,15.91
2016-08-11,0.05,21.83,8.13,20.66
2016-08-12,0.0,22.31,8.57,20.92
2016-08-13,0.0,25.36,9.25,19.95
2016-08-14,0.0,29.13,15.83,19.29
2016-08-15,0.09,28.46,16.65,10.43
2016-08-16,9.93,26.97,16.3,14.62
2016-08-17,0.1,29.64,15.61,18.0
2016-08-18,11.23,29.35,17.65,17.11
2016-08-19,3.58,29.28,14.35,15.91
2016-08-20,20.06,23.39,18.43,7.55
2016-08-21,20.6,20.64,10.3,13.06
2016-08-22,0.03,18.97,8.01,21.06
2016-08-23,0.0,22.51,7.28,21.35
2016-08-24,0.0,26.18,10.85,21.61
2016-08-25,0.0,28.03,12.77,21.11
2016-08-26,0.0,28.94,14.2,22.03
2016-08-27,0.0,28.64,13.88,21.64
2016-08-28,0.0,30.73,13.03,20.65
2016-08-29,0.75,29.4,15.08,11.22
2016-08-30,21.71,25.09,14.36,2.27
2016-08-31,17.5,22.09,12.21,13.04
2016-09-01,0.01,24.88,11.08,22.38
2016-09-02,0.07,27.44,13.74,20.95
2016-09-03,4.76,21.76,16.35,6.05
2016-09-04,9.83,23.57,17.12,6.92
2016-09-05,6.52,22.09,14.57,10.08
2016-09-06,6.74,22.89,12.95,11.4
2016-09-07,0.02,20.29,9.03,21.92
2016-09-08,0.06,22.73,5.55,13.82
2016-09-09,0.22,25.7,10.49,23.05
2016-09-10,0.0,27.64,13.21,21.58
2016-09-11,0.0,30.02,15.29,22.85
2016-09-12,0.0,31.09,16.17,22.71
2016-09-13,0.45,31.72,18.31,13.87
2016-09-14,1.52,23.83,12.88,11.67
2016-09-15,0.0,25.52,9.02,24.96
2016-09-16,0.0,24.36,12.27,18.64
2016-09-17,0.0,28.97,14.16,19.87
2016-09-18,0.15,31.88,17.11,19.62
2016-09-19,6.41,30.92,18.5,10.9
2016-09-20,0.53,26.62,15.19,17.64
2016-09-21,0.0,25.21,10.72,25.01
2016-09-22,0.0,26.52,12.26,26.16
2016-09-23,0.0,28.13,12.45,25.1
2016-09-24,0.0,26.49,14.42,24.81
2016-09-25,0.37,25.77,14.94,17.14
2016-09-26,0.0,27.07,12.29,26.14
2016-09-27,0.0,28.1,12.62,26.62
2016-09-28,0.0,28.86,12.16,26.54
2016-09-29,0.0,30.86,12.79,27.01
2016-09-30,0.0,28.65,13.45,25.78
2016-10-01,0.0,28.52,14.19,24.84
2016-10-02,0.02,29.12,13.64,25.25
2016-10-03,5.55,24.59,15.11,12.83
2016-10-04,0.13,27.95,16.02,15.15
2016-10-05,0.02,27.8,15.45,18.44
2016-10-06,0.25,24.52,13.68,19.7
2016-10-07,0.11,27.19,11.34,27.81
2016-10-08,0.0,30.32,13.93,27.99
2016-10-09,0.0,32.01,15.08,26.68
2016-10-10,0.08,31.32,15.01,27.59
2016-10-11,0.74,26.85,15.5,15.01
2016-10-12,11.84,28.79,17.21,21.6
2016-10-13,31.99,26.34,19.79,8.9
2016-10-14,8.51,28.44,18.79,9.58
2016-10-15,0.46,30.66,20.52,21.18
2016-10-16,0.0,33.87,20.53,21.93
2016-10-17,0.49,35.42,22.34,24.99
2016-10-18,5.34,34.74,22.33,23.63
2016-10-19,3.99,33.11,22.04,23.65
2016-10-20,15.54,31.39,22.35,18.6
2016-10-21,10.19,27.74,22.17,13.76
2016-10-22,0.34,29.25,17.81,22.11
2016-10-23,2.93,31.14,16.36,25.95
2016-10-24,21.21,28.41,20.4,20.96
2016-10-25,8.35,28.01,20.87,11.78
2016-10-26,3.53,28.9,21.27,14.91
2016-10-27,4.96,25.71,16.87,20.14
2016-10-28,0.0,24.41,12.95,30.51
2016-10-29,0.01,26.49,11.49,30.66
2016-10-30,0.63,28.91,13.02,28.07
2016-10-31,0.63,29.44,16.29,23.28
2016-11-01,0.1,30.61,19.91,26.87
2016-11-02,9.82,30.83,19.87,16.37
2016-11-03,0.49,24.69,20.41,17.01
2016-11-04,0.02,29.57,17.05,22.71
2016-11-05,0.4,30.13,16.33,29.6
2016-11-06,2.23,31.52,16.89,26.52
2016-11-07,3.63,30.95,19.02,26.62
2016-11-08,1.28,32.44,19.21,26.68
2016-11-09,7.71,30.67,19.64,22.45
2016-11-10,0.51,33.91,21.87,27.43
2016-11-11,0.77,33.41,20.77,16.55
2016-11-12,11.31,24.94,17.4,10.82
2016-11-13,2.03,25.81,15.87,8.87
2016-11-14,0.86,30.18,18.02,16.21
2016-11-15,0.38,31.25,17.53,26.3
2016-11-16,2.26,32.45,19.22,26.55
2016-11-17,0.47,34.33,19.14,26.02
2016-11-18,0.03,32.24,17.64,28.56
2016-11-19,0.0,29.06,12.97,31.17
2016-11-20,0.0,30.55,13.17,32.28
2016-11-21,0.0,33.35,14.53,28.79
2016-11-22,0.73,34.01,18.85,24.73
2016-11-23,0.51,35.03,21.21,25.35
2016-11-24,0.59,33.86,20.65,26.15
2016-11-25,0.66,33.99,20.24,25.44
2016-11-26,2.98,31.93,21.27,26.28
2016-11-27,2.49,32.82,21.83,17.35
2016-11-28,9.48,32.07,22.37,16.67
2016-11-29,12.8,30.55,22.0,19.44
2016-11-30,0.26,29.92,17.04,24.46
2016-12-01,0.08,29.82,15.48,20.25
2016-12-02,2.25,30.26,17.84,20.83
2016-12-03,16.16,26.12,20.74,9.12
2016-12-04,1.08,31.23,20.44,25.71
2016-12-05,0.07,33.39,18.82,28.79
2016-12-06,0.01,35.41,17.9,29.89
2016-12-07,1.16,34.15,19.86,27.22
2016-12-08,9.68,29.75,22.68,24.97
2016-12-09,15.33,30.66,20.25,20.51
2016-12-10,17.64,28.79,21.97,11.31
2016-12-11,10.8,28.85,23.03,13.9
2016-12-12,1.97,30.83,21.73,18.79
2016-12-13,2.76,31.74,21.86,18.14
2016-12-14,0.1,33.93,20.42,21.73
2016-12-15,0.15,29.83,17.46,26.36
2016-12-16,0.07,28.86,15.5,19.34
2016-12-17,0.02,31.1,18.42,27.17
2016-12-18,9.21,29.74,19.59,28.56
2016-12-19,8.56,28.85,20.54,20.24
2016-12-20,14.94,25.82,19.64,15.36
2016-12-21,8.88,25.01,19.04,12.21
2016-12-22,3.21,27.09,19.16,22.6
2016-12-23,1.96,30.86,20.33,19.61
2016-12-24,0.21,30.86,21.81,26.72
2016-12-25,0.5,34.18,19.7,28.68
2016-12-26,0.89,33.72,22.03,30.34
2016-12-27,0.73,34.65,22.68,28.45
2016-12-28,2.07,32.88,23.41,19.2
2016-12-29,9.61,30.02,22.29,22.17
2016-12-30,14.05,28.34,21.71,16.83
2016-12-31,5.9,29.11,23.15,18.34
2017-01-01,7.72,27.76,21.99,19.43
2017-01-02,3.28,29.32,21.95,21.75
2017-01-03,4.03,29.42,21.48,20.46
2017-01-04,4.08,29.67,21.37,15.57
2017-01-05,17.63,27.46,22.17,21.48
2017-01-06,8.3,30.44,22.8,22.93
2017-01-07,1.97,31.19,22.55,27.11
2017-01-08,1.46,30.4,22.19,27.19
2017-01-09,3.63,30.01,23.19,23.76
2017-01-10,18.6,28.09,22.92,21.66
2017-01-11,2.66,30.18,21.63,26.66
2017-01-12,3.03,29.82,23.34,21.84
2017-01-13,0.29,30.17,20.4,23.79
2017-01-14,1.78,30.78,20.98,23.51
2017-01-15,8.89,31.45,22.35,24.47
2017-01-16,28.14,30.21,21.39,15.18
2017-01-17,18.99,27.08,22.33,14.62
2017-01-18,4.92,27.3,21.35,23.47
2017-01-19,3.3,29.06,21.07,14.11
2017-01-20,0.45,26.9,20.63,17.71
2017-01-21,3.5,24.91,20.4,20.27
2017-01-22,10.43,26.67,19.46,19.83
2017-01-23,8.19,27.91,19.22,18.91
2017-01-24,14.97,27.56,20.25,23.9
2017-01-25,14.34,25.39,21.44,11.15
2017-01-26,3.74,28.33,20.53,14.66
2017-01-27,15.97,27.57,20.71,15.98
2017-01-28,10.34,25.53,20.79,13.91
2017-01-29,4.05,27.72,20.83,17.96
2017-01-30,6.66,27.75,21.2,19.7
2017-01-31,3.18,26.76,19.59,10.01
2017-02-01,3.55,26.59,19.36,22.39
2017-02-02,9.5,28.18,20.11,22.88
2017-02-03,21.99,28.53,21.51,19.16
2017-02-04,1.0,30.17,20.88,26.51
2017-02-05,0.19,31.41,22.52,27.57
2017-02-06,0.45,29.8,21.76,26.95
2017-02-07,2.01,30.99,21.19,26.19
2017-02-08,0.27,30.94,21.71,26.19
2017-02-09,0.02,30.51,20.91,27.41
2017-02-10,0.11,30.27,20.46,24.65
2017-02-11,0.28,27.98,21.38,24.57
2017-02-12,29.59,29.14,21.0,21.17
2017-02-13,20.23,26.93,22.36,12.34
2017-02-14,7.43,29.73,21.97,21.39
2017-02-15,0.21,30.55,20.72,27.9
2017-02-16,0.09,30.71,21.67,27.24
2017-02-17,8.65,29.37,22.83,25.59
2017-02-18,1.09,29.51,21.3,26.6
2017-02-19,0.58,31.23,22.23,21.78
2017-02-20,0.25,31.82,21.54,27.67
2017-02-21,0.01,30.57,21.13,27.17
2017-02-22,0.47,30.97,21.64,26.29
2017-02-23,4.91,28.52,21.27,19.09
2017-02-24,1.74,26.89,20.39,13.97
2017-02-25,5.09,28.34,19.41,14.91
2017-02-26,1.79,27.26,21.04,21.98
2017-02-27,0.95,30.17,20.43,24.17
2017-02-28,3.44,29.28,22.35,25.11
2017-03-01,2.43,29.23,21.09,22.44
2017-03-02,17.06,27.8,21.6,13.81
2017-03-03,18.67,28.3,21.32,14.63
2017-03-04,9.13,27.98,22.08,19.8
2017-03-05,10.99,26.83,22.59,15.99
2017-03-06,6.08,29.13,22.15,18.39
2017-03-07,0.68,30.08,22.13,19.13
2017-03-08,0.09,29.94,22.14,23.92
2017-03-09,0.89,30.15,22.08,23.82
2017-03-10,9.93,28.23,23.57,18.49
2017-03-11,2.12,29.17,21.95,23.4
2017-03-12,6.17,29.45,22.56,21.95
2017-03-13,12.12,28.51,22.72,21.38
2017-03-14,1.67,28.8,21.14,22.12
2017-03-15,0.04,30.15,20.47,24.38
2017-03-16,4.39,28.15,21.9,23.36
2017-03-17,15.09,28.0,21.65,12.77
2017-03-18,4.61,24.22,18.98,8.03
2017-03-19,0.26,27.19,17.68,11.42
2017-03-20,0.09,27.42,17.22,23.56
2017-03-21,0.15,27.46,16.62,25.16
2017-03-22,0.1,28.01,17.08,22.61
2017-03-23,0.0,28.8,18.45,20.23
2017-03-24,0.0,29.81,18.86,21.73
2017-03-25,0.02,30.32,19.17,23.31
2017-03-26,3.35,28.39,19.64,22.13
2017-03-27,0.37,23.47,19.07,15.64
2017-03-28,0.0,28.18,17.76,20.03
2017-03-29,0.0,27.32,17.57,23.71
2017-03-30,0.02,27.46,15.91,23.59
2017-03-31,0.01,27.08,15.93,23.96
2017-04-01,0.02,26.92,14.02,23.65
2017-04-02,0.0,27.82,14.46,23.76
2017-04-03,0.0,28.6,17.45,20.8
2017-04-04,0.1,30.16,17.89,17.32
2017-04-05,19.68,28.78,19.63,9.41
2017-04-06,12.44,29.07,21.41,13.73
2017-04-07,14.51,28.18,21.79,13.8
2017-04-08,0.14,26.22,20.64,11.41
2017-04-09,0.0,26.41,20.71,17.87
2017-04-10,0.06,29.36,19.66,18.24
2017-04-11,1.63,29.23,21.55,17.51
2017-04-12,2.99,27.54,19.79,16.27
2017-04-13,0.08,26.68,17.37,21.25
2017-04-14,0.01,28.66,16.67,21.63
2017-04-15,0.01,29.82,18.02,21.14
2017-04-16,0.06,29.25,18.35,12.1
2017-04-17,0.03,27.48,19.65,16.59
2017-04-18,0.0,25.07,17.39,19.57
2017-04-19,0.0,27.13,15.9,18.03
2017-04-20,13.72,27.95,18.05,9.69
2017-04-21,17.55,22.84,17.04,8.18
2017-04-22,0.23,25.88,14.59,19.05
2017-04-23,0.2,25.49,14.99,19.87
2017-04-24,0.12,26.97,14.81,19.29
2017-04-25,0.19,27.76,16.2,18.3
2017-04-26,18.71,26.29,17.54,4.98
2017-04-27,1.02,22.27,11.94,19.37
2017-04-28,0.03,23.38,10.03,17.59
2017-04-29,0.02,24.04,10.96,19.96
2017-04-30,0.04,24.89,13.16,18.74
2017-05-01,2.48,24.46,15.73,17.36
2017-05-02,0.7,26.45,16.16,17.95
2017-05-03,0.13,27.79,15.71,18.8
2017-05-04,18.88,26.26,16.89,9.59
2017-05-05,8.3,25.14,18.39,10.02
2017-05-06,0.86,25.6,16.61,17.99
2017-05-07,0.06,25.05,15.79,17.63
2017-05-08,0.08,25.45,15.59,19.21
2017-05-09,0.02,26.7,13.28,17.14
2017-05-10,0.01,27.06,18.34,13.85
2017-05-11,0.01,23.74,17.62,16.78
2017-05-12,0.0,26.32,15.25,17.26
2017-05-13,0.62,28.49,15.64,16.73
2017-05-14,4.45,25.6,17.24,14.04
2017-05-15,0.26,26.16,14.67,11.9
2017-05-16,0.01,24.62,15.86,7.93
2017-05-17,0.12,25.44,14.93,11.74
2017-05-18,33.61,24.99,16.39,4.9
2017-05-19,65.24,23.64,20.04,2.74
2017-05-20,8.12,23.28,17.64,6.56
2017-05-21,55.96,23.77,16.44,2.01
2017-05-22,1.26,25.17,15.84,13.77
2017-05-23,1.01,22.29,14.73,15.38
2017-05-24,0.06,26.42,14.84,13.86
2017-05-25,0.0,27.89,18.3,16.01
2017-05-26,0.0,28.15,19.03,16.01
2017-05-27,0.0,27.46,18.56,13.98
2017-05-28,0.0,26.07,19.0,12.67
2017-05-29,0.0,26.51,17.33,14.17
2017-05-30,0.0,26.21,17.4,12.9
2017-05-31,1.8,24.76,16.77,13.86
2017-06-01,0.24,19.09,11.77,12.24
2017-06-02,0.01,19.99,9.16,16.79
2017-06-03,0.08,22.43,9.7,16.8
2017-06-04,1.9,26.14,12.4,16.06
2017-06-05,25.38,25.0,17.97,7.16
2017-06-06,17.74,26.6,19.16,11.79
2017-06-07,11.96,27.03,18.79,14.25
2017-06-08,2.02,26.97,17.32,13.5
2017-06-09,3.04,19.88,7.86,5.14
2017-06-10,0.0,17.79,4.14,17.39
2017-06-11,0.01,19.42,5.68,17.2
2017-06-12,2.17,20.44,7.38,9.45
2017-06-13,36.56,21.05,14.49,3.94
2017-06-14,2.34,22.87,15.18,11.25
2017-06-15,0.06,23.12,13.37,15.99
2017-06-16,0.02,23.61,13.64,15.71
2017-06-17,0.04,25.23,11.92,16.05
2017-06-18,0.02,25.13,14.79,11.12
2017-06-19,0.35,25.72,14.18,15.32
2017-06-20,5.9,20.35,13.65,8.99
2017-06-21,0.5,22.86,11.73,15.82
2017-06-22,0.13,23.93,13.84,15.92
2017-06-23,0.0,23.87,15.35,15.8
2017-06-24,0.0,23.66,14.39,15.65
2017-06-25,0.01,23.48,14.73,15.68
2017-06-26,0.0,23.22,13.13,16.35
2017-06-27,0.01,23.67,12.1,15.91
2017-06-28,0.0,23.75,11.85,15.37
2017-06-29,0.0,24.79,13.06,13.99
2017-06-30,0.0,24.95,16.11,10.49
2017-07-01,0.0,25.09,12.92,15.46
2017-07-02,0.01,18.67,12.34,14.95
2017-07-03,0.0,18.84,11.06,14.57
2017-07-04,0.0,19.08,10.27,15.77
2017-07-05,0.0,20.6,9.54,14.6
2017-07-06,0.0,21.79,9.6,12.13
2017-07-07,0.0,22.79,11.82,14.96
2017-07-08,0.0,22.72,12.88,10.71
2017-07-09,0.0,22.39,13.56,14.02
2017-07-10,0.0,23.45,14.53,16.1
2017-07-11,0.0,25.23,12.26,16.05
2017-07-12,0.0,24.69,12.86,16.1
2017-07-13,0.0,24.76,12.3,16.75
2017-07-14,0.0,25.05,12.67,16.91
2017-07-15,0.0,24.73,11.13,16.83
2017-07-16,0.0,25.35,12.5,16.01
2017-07-17,0.0,24.52,10.8,16.74
2017-07-18,0.07,18.12,8.64,6.15
2017-07-19,0.0,18.67,5.66,16.55
2017-07-20,0.0,22.45,9.18,16.48
2017-07-21,0.0,24.27,9.36,17.59
2017-07-22,0.0,24.15,9.73,17.91
2017-07-23,0.0,25.15,10.32,17.51
2017-07-24,0.0,25.7,11.03,17.88
2017-07-25,0.0,26.3,10.37,17.97
2017-07-26,0.06,26.17,11.52,17.97
2017-07-27,0.0,25.46,12.31,18.1
2017-07-28,0.01,25.11,13.45,18.32
2017-07-29,0.02,25.23,12.49,18.28
2017-07-30,0.0,25.32,12.81,14.81
2017-07-31,0.0,25.3,12.35,15.47
2017-08-01,0.0,25.23,10.77,10.53
2017-08-02,0.05,27.6,13.6,17.39
2017-08-03,1.16,21.92,13.78,7.84
2017-08-04,0.19,23.33,10.6,16.34
2017-08-05,0.08,23.35,9.92,17.79
2017-08-06,0.15,23.96,10.31,19.35
2017-08-07,0.01,26.26,10.46,18.14
2017-08-08,0.01,27.29,14.39,14.51
2017-08-09,0.0,32.08,15.82,17.86
2017-08-10,0.18,31.72,16.17,17.64
2017-08-11,0.11,28.11,13.38,18.34
2017-08-12,0.04,31.04,13.82,17.83
2017-08-13,6.99,32.29,16.07,13.73
2017-08-14,0.3,27.03,13.64,15.45
2017-08-15,9.14,22.07,13.71,2.91
2017-08-16,20.64,22.57,15.39,5.92
2017-08-17,5.54,21.25,14.9,4.63
2017-08-18,6.05,21.46,14.84,5.59
2017-08-19,9.95,25.09,16.13,9.53
2017-08-20,13.85,20.82,15.94,4.1
2017-08-21,0.27,21.79,11.09,18.11
2017-08-22,0.28,23.38,9.67,19.6
2017-08-23,0.07,27.11,13.31,17.42
2017-08-24,0.0,28.01,15.3,20.63
2017-08-25,0.0,27.04,12.56,21.64
2017-08-26,0.0,29.26,14.15,21.05
2017-08-27,0.02,29.79,14.18,22.01
2017-08-28,0.0,30.37,15.04,21.88
2017-08-29,0.0,30.96,14.14,21.82
2017-08-30,0.0,32.14,13.66,22.61
2017-08-31,0.04,30.01,16.85,20.89
2017-09-01,0.38,29.23,14.78,21.46
2017-09-02,0.01,29.79,14.66,21.44
2017-09-03,0.0,30.48,14.01,22.9
2017-09-04,0.0,30.22,13.1,22.29
2017-09-05,0.0,31.52,13.43,23.56
2017-09-06,0.0,31.24,13.83,23.26
2017-09-07,0.0,31.37,15.22,22.25
2017-09-08,0.0,32.81,15.4,22.9
2017-09-09,0.0,33.05,16.02,21.38
2017-09-10,0.0,33.62,15.6,23.92
2017-09-11,0.0,35.59,15.9,23.16
2017-09-12,0.0,35.52,17.73,23.85
2017-09-13,0.0,34.47,16.72,24.26
2017-09-14,0.0,35.34,15.88,24.52
2017-09-15,0.0,35.9,17.55,24.12
2017-09-16,0.0,35.54,16.95,24.16
2017-09-17,0.0,35.61,16.53,23.87
2017-09-18,0.0,34.61,17.23,23.29
2017-09-19,0.0,35.06,18.32,22.61
2017-09-20,0.0,34.82,16.91,24.4
2017-09-21,0.0,35.08,16.52,24.95
2017-09-22,0.0,35.07,17.24,24.04
2017-09-23,0.13,35.74,18.89,21.84
2017-09-24,0.04,33.77,17.54,22.81
2017-09-25,0.0,32.04,17.44,21.21
2017-09-26,0.0,31.99,16.6,17.88
2017-09-27,0.0,35.19,17.28,23.52
2017-09-28,0.67,36.71,19.38,22.75
2017-09-29,11.74,23.53,18.05,6.22
2017-09-30,2.97,24.81,18.06,6.12
2017-10-01,2.91,31.69,16.41,17.71
2017-10-02,36.82,23.32,14.91,7.56
2017-10-03,0.01,25.98,10.72,23.72
2017-10-04,0.05,29.71,11.64,25.43
2017-10-05,0.0,33.34,12.52,26.08
2017-10-06,16.61,33.19,20.87,21.33
2017-10-07,21.71,29.12,20.58,5.02
2017-10-08,3.36,30.65,17.5,12.63
2017-10-09,1.25,31.6,19.36,15.41
2017-10-10,0.13,32.78,20.37,24.04
2017-10-11,0.54,35.77,20.82,25.96
2017-10-12,1.25,36.55,21.5,26.23
2017-10-13,0.38,37.21,20.81,26.65
2017-10-14,0.06,34.73,20.88,25.27
2017-10-15,0.0,32.69,18.4,26.46
2017-10-16,0.0,32.7,16.97,27.45
2017-10-17,0.0,35.44,16.78,27.25
2017-10-18,0.0,36.22,19.14,27.49
2017-10-19,0.46,37.59,21.26,25.49
2017-10-20,2.29,31.22,21.82,11.77
2017-10-21,10.17,26.99,20.56,11.02
2017-10-22,2.5,24.94,20.31,6.42
2017-10-23,1.31,30.07,19.21,15.2
2017-10-24,0.0,32.05,15.48,27.44
2017-10-25,7.66,31.79,17.29,22.3
2017-10-26,11.71,32.42,20.72,12.23
2017-10-27,9.12,31.78,20.48,8.19
2017-10-28,39.18,29.93,21.62,19.31
2017-10-29,52.68,27.26,21.22,18.66
2017-10-30,16.77,25.66,21.02,6.05
2017-10-31,1.77,29.11,19.12,20.23
2017-11-01,0.0,27.9,15.84,29.41
2017-11-02,0.0,29.26,14.09,29.44
2017-11-03,7.13,28.79,16.04,23.71
2017-11-04,27.34,26.4,20.87,17.14
2017-11-05,4.81,26.45,18.83,9.06
2017-11-06,1.66,25.32,15.98,10.33
2017-11-07,0.01,27.59,14.57,25.01
2017-11-08,21.43,26.42,16.34,13.37
2017-11-09,0.97,28.93,17.77,21.7
2017-11-10,5.56,29.15,19.29,22.86
2017-11-11,2.88,28.61,17.06,24.56
2017-11-12,0.0,27.95,13.93,31.94
2017-11-13,0.01,29.14,13.86,31.85
2017-11-14,0.0,29.55,15.11,31.73
2017-11-15,0.0,32.37,14.76,29.61
2017-11-16,19.41,31.83,19.2,27.38
2017-11-17,5.45,26.57,20.82,21.2
2017-11-18,7.57,28.64,21.05,16.69
2017-11-19,6.87,30.43,20.6,24.94
2017-11-20,4.08,27.54,18.69,21.93
2017-11-21,7.88,27.85,19.62,19.11
2017-11-22,13.7,29.97,20.68,18.14
2017-11-23,0.05,28.6,16.49,26.98
2017-11-24,0.0,30.51,17.67,29.49
2017-11-25,4.3,31.49,18.57,24.28
2017-11-26,22.53,29.55,22.5,16.85
2017-11-27,6.59,30.97,21.48,12.67
2017-11-28,1.89,29.76,20.58,22.09
2017-11-29,0.1,30.18,17.7,30.14
2017-11-30,0.87,27.13,17.34,18.78
2017-12-01,0.48,28.43,17.1,13.96
2017-12-02,0.0,29.27,17.24,19.73
2017-12-03,0.0,30.49,17.82,27.68
2017-12-04,0.39,31.2,20.38,27.86
2017-12-05,0.75,31.26,22.2,23.24
2017-12-06,0.7,29.82,21.2,17.28
2017-12-07,6.4,28.59,22.02,11.15
2017-12-08,0.13,32.66,22.18,25.26
2017-12-09,0.04,32.22,20.03,27.79
2017-12-10,0.04,33.71,20.91,24.84
2017-12-11,0.0,34.48,19.57,30.49
2017-12-12,0.0,32.3,18.06,31.03
2017-12-13,0.0,33.24,17.58,28.48
2017-12-14,0.0,34.17,19.98,28.23
2017-12-15,0.19,35.11,21.32,25.35
2017-12-16,0.02,35.27,21.91,29.18
2017-12-17,7.12,32.78,22.37,28.02
2017-12-18,11.51,31.18,22.32,20.41
2017-12-19,1.56,32.35,21.06,24.87
2017-12-20,13.41,28.0,22.56,16.6
2017-12-21,25.64,27.5,21.58,12.19
2017-12-22,9.12,28.37,21.33,14.66
2017-12-23,6.96,25.54,21.78,14.25
2017-12-24,14.0,26.79,21.91,11.48
2017-12-25,26.24,26.06,21.53,11.02
2017-12-26,14.9,25.96,20.39,15.82
2017-12-27,2.24,29.26,20.61,19.32
2017-12-28,4.42,27.94,21.48,20.57
2017-12-29,18.04,28.28,21.38,18.07
2017-12-30,32.29,29.9,21.82,15.15
2017-12-31,1.38,30.11,22.88,19.53
2018-01-01,16.32,28.91,20.62,17.96
2018-01-02,26.25,25.85,22.67,8.67
2018-01-03,9.9,29.27,21.56,23.07
2018-01-04,0.03,29.78,19.22,28.54
2018-01-05,0.27,30.04,18.13,26.94
2018-01-06,12.78,26.54,20.71,20.27
2018-01-07,0.43,28.81,20.55,15.99
2018-01-08,16.98,23.66,18.71,13.06
2018-01-09,28.49,23.55,19.33,9.81
2018-01-10,11.38,25.86,20.26,13.86
2018-01-11,7.61,26.32,20.16,19.01
2018-01-12,14.67,26.43,20.2,18.75
2018-01-13,8.25,25.46,19.51,18.89
2018-01-14,20.18,24.59,20.42,18.94
2018-01-15,12.87,26.82,20.82,18.45
2018-01-16,8.02,26.62,20.91,18.41
2018-01-17,6.59,26.91,21.43,17.0
2018-01-18,6.31,27.78,21.09,17.68
2018-01-19,1.59,27.58,20.64,20.22
2018-01-20,1.44,27.19,21.95,23.47
2018-01-21,6.54,30.74,21.21,26.85
2018-01-22,2.52,29.11,21.95,27.57
2018-01-23,0.06,29.6,22.47,27.59
2018-01-24,5.19,29.59,21.76,26.66
2018-01-25,2.52,29.23,21.53,24.87
2018-01-26,0.33,27.9,21.85,23.24
2018-01-27,0.28,28.81,19.81,23.66
2018-01-28,8.29,28.77,20.39,24.44
2018-01-29,22.77,27.25,22.83,15.91
2018-01-30,4.73,29.52,21.86,16.29
2018-01-31,0.11,29.07,18.46,26.98
2018-02-01,0.0,27.96,18.13,24.25
2018-02-02,0.0,28.13,18.51,19.92
2018-02-03,0.0,29.17,19.14,29.07
2018-02-04,0.67,28.26,16.66,28.16
2018-02-05,0.11,28.05,16.84,28.29
2018-02-06,0.0,28.4,18.99,28.45
2018-02-07,0.18,29.58,18.3,28.74
2018-02-08,0.0,30.2,19.15,27.03
2018-02-09,9.15,30.49,20.61,23.4
2018-02-10,19.7,26.84,22.26,12.82
2018-02-11,18.39,28.85,21.37,11.81
2018-02-12,12.4,25.44,22.24,15.78
2018-02-13,11.4,23.77,18.75,17.32
2018-02-14,0.16,23.54,17.22,18.14
2018-02-15,0.52,28.69,17.04,20.97
2018-02-16,0.12,28.13,19.15,24.8
2018-02-17,1.16,24.3,19.65,18.37
2018-02-18,2.79,23.88,19.87,14.99
2018-02-19,6.28,26.52,20.65,10.08
2018-02-20,6.58,27.15,21.17,13.47
2018-02-21,8.09,28.62,21.12,21.97
2018-02-22,0.06,29.25,19.46,27.53
2018-02-23,0.14,29.06,18.27,25.91
2018-02-24,0.0,29.4,18.72,25.94
2018-02-25,0.02,29.5,18.12,25.4
2018-02-26,2.64,29.11,18.9,19.65
2018-02-27,1.6,28.61,20.54,12.78
2018-02-28,4.1,28.79,20.61,20.18
2018-03-01,3.53,28.46,22.21,21.45
2018-03-02,12.65,28.36,22.07,20.22
2018-03-03,60.99,28.88,21.76,21.3
2018-03-04,5.11,30.32,20.85,25.16
2018-03-05,0.05,30.21,20.13,24.93
2018-03-06,6.05,29.6,20.73,22.89
2018-03-07,0.91,29.85,21.96,17.77
2018-03-08,0.19,29.62,21.06,19.0
2018-03-09,2.33,29.22,20.31,22.62
2018-03-10,16.31,29.33,21.08,18.89
2018-03-11,0.0,30.91,21.02,24.28
2018-03-12,0.0,31.6,21.27,23.69
2018-03-13,0.8,31.63,22.51,15.41
2018-03-14,2.25,28.82,23.85,23.05
2018-03-15,3.52,28.75,23.3,20.44
2018-03-16,0.65,29.58,23.34,19.87
2018-03-17,1.43,30.63,23.34,24.01
2018-03-18,0.33,30.7,22.34,23.98
2018-03-19,0.31,30.27,24.0,22.21
2018-03-20,16.48,29.34,23.01,20.89
2018-03-21,5.53,28.69,22.21,16.38
2018-03-22,0.14,29.51,19.53,18.73
2018-03-23,0.12,30.44,20.76,20.36
2018-03-24,1.07,30.05,22.36,23.42
2018-03-25,10.58,28.83,21.66,16.58
2018-03-26,36.93,26.54,21.28,8.4
2018-03-27,2.82,26.37,19.8,13.67
2018-03-28,3.23,27.99,20.07,17.04
2018-03-29,2.24,28.93,20.36,20.54
2018-03-30,4.11,28.02,19.96,18.59
2018-03-31,5.75,26.55,20.67,7.86
2018-04-01,12.63,26.39,20.94,11.86
2018-04-02,5.26,25.52,21.04,13.92
2018-04-03,1.79,27.47,19.42,14.03
2018-04-04,0.06,28.16,16.8,20.54
2018-04-05,0.05,28.6,17.87,21.11
2018-04-06,0.01,28.72,17.48,22.17
2018-04-07,0.0,28.48,17.89,22.94
2018-04-08,0.0,28.47,17.87,22.93
2018-04-09,0.01,28.84,18.31,20.18
2018-04-10,0.0,28.72,19.1,20.58
2018-04-11,0.0,28.75,18.99,21.48
2018-04-12,0.0,28.47,17.69,21.33
2018-04-13,0.0,28.59,17.28,21.41
2018-04-14,0.21,28.15,19.09,18.66
2018-04-15,0.2,25.63,19.27,16.63
2018-04-16,0.01,25.54,16.84,12.63
2018-04-17,0.0,25.58,16.89,18.77
2018-04-18,0.0,26.54,16.1,19.92
2018-04-19,0.0,27.69,16.22,20.42
2018-04-20,0.0,27.12,16.87,19.71
2018-04-21,0.0,27.72,15.87,20.55
2018-04-22,0.0,27.03,15.12,20.52
2018-04-23,0.0,27.83,15.88,19.25
2018-04-24,0.0,28.23,16.86,19.25
2018-04-25,0.0,28.75,17.31,18.97
2018-04-26,0.0,29.3,17.63,19.01
2018-04-27,0.17,29.91,18.7,18.1
2018-04-28,0.1,30.03,19.0,17.75
2018-04-29,0.0,30.1,18.62,18.23
2018-04-30,0.0,30.71,17.32,18.52
2018-05-01,0.0,31.18,17.4,18.7
2018-05-02,0.05,30.32,18.01,17.42
2018-05-03,0.05,30.26,17.92,18.4
2018-05-04,0.0,30.5,15.61,15.79
2018-05-05,0.0,31.89,16.96,16.28
2018-05-06,0.0,30.15,18.0,15.94
2018-05-07,0.0,29.02,18.02,17.74
2018-05-08,0.0,28.61,17.15,17.6
2018-05-09,0.0,28.75,16.95,16.98
2018-05-10,0.0,29.28,16.16,17.55
2018-05-11,0.0,29.78,15.96,14.35
2018-05-12,0.0,28.17,16.27,12.66
2018-05-13,0.0,27.77,14.08,16.09
2018-05-14,0.0,27.93,15.56,17.16
2018-05-15,4.26,30.09,16.65,15.87
2018-05-16,3.55,28.7,17.85,11.26
2018-05-17,0.04,28.71,17.36,16.1
2018-05-18,8.19,28.99,17.66,14.73
2018-05-19,14.72,21.03,12.26,7.41
2018-05-20,0.69,19.57,8.84,18.11
2018-05-21,0.51,20.99,6.34,17.52
2018-05-22,0.02,23.68,8.54,17.7
2018-05-23,0.03,25.15,9.07,17.2
2018-05-24,0.0,25.01,13.35,16.43
2018-05-25,0.2,26.11,14.81,14.02
2018-05-26,0.01,26.07,14.93,16.17
2018-05-27,0.0,27.17,14.73,16.81
2018-05-28,0.0,26.18,13.57,16.81
2018-05-29,0.0,26.51,13.16,14.24
2018-05-30,0.0,27.03,13.91,16.03
2018-05-31,0.0,27.3,13.21,16.31
2018-06-01,0.21,26.57,13.85,10.07
2018-06-02,0.88,27.98,16.48,8.88
2018-06-03,1.78,24.97,16.1,8.09
2018-06-04,0.17,22.17,13.54,7.71
2018-06-05,0.12,24.54,14.75,10.15
2018-06-06,0.09,24.77,14.83,10.3
2018-06-07,0.6,24.27,13.66,8.3
2018-06-08,0.01,22.77,10.25,11.1
2018-06-09,0.01,25.41,10.48,11.78
2018-06-10,0.0,26.74,15.23,11.02
2018-06-11,0.0,29.86,17.16,13.57
2018-06-12,18.26,28.15,18.38,7.76
2018-06-13,2.96,26.31,16.3,6.14
2018-06-14,0.06,24.32,14.53,10.84
2018-06-15,0.07,18.45,13.85,11.07
2018-06-16,0.0,22.44,12.08,13.3
2018-06-17,0.01,24.71,11.79,14.81
2018-06-18,0.0,24.07,13.1,12.99
2018-06-19,0.01,26.63,13.39,14.48
2018-06-20,0.02,27.69,14.16,15.15
2018-06-21,0.04,28.08,13.38,13.92
2018-06-22,0.0,27.75,16.09,14.3
2018-06-23,0.0,28.02,14.46,14.24
2018-06-24,0.0,29.97,17.92,11.54
2018-06-25,0.0,30.1,16.96,14.58
2018-06-26,0.03,29.9,15.89,13.1
2018-06-27,0.23,26.74,17.31,13.37
2018-06-28,0.09,27.6,15.53,13.84
2018-06-29,0.0,29.34,14.63,13.96
2018-06-30,0.0,29.3,14.67,15.1
2018-07-01,0.0,29.88,15.61,14.87
2018-07-02,0.0,30.67,15.19,15.8
2018-07-03,0.0,30.64,16.29,16.15
2018-07-04,0.0,29.4,14.55,15.1
2018-07-05,0.03,30.77,15.17,14.91
2018-07-06,0.0,30.81,15.47,15.94
2018-07-07,0.0,29.43,14.58,15.51
2018-07-08,0.0,29.56,16.91,14.79
2018-07-09,0.01,25.6,14.38,12.69
2018-07-10,0.02,21.55,8.83,16.51
2018-07-11,0.01,21.66,7.63,16.35
2018-07-12,0.0,21.47,7.7,15.26
2018-07-13,0.0,25.04,11.28,14.89
2018-07-14,0.0,30.32,12.27,16.79
2018-07-15,0.0,31.82,14.24,16.97
2018-07-16,0.0,32.32,15.88,16.61
2018-07-17,0.0,30.97,14.34,16.91
2018-07-18,0.0,31.01,12.61,16.92
2018-07-19,0.0,31.4,14.68,16.83
2018-07-20,0.0,31.68,14.78,17.24
2018-07-21,0.0,27.92,14.56,14.14
2018-07-22,0.0,27.66,14.36,14.64
2018-07-23,0.0,30.97,15.41,16.28
2018-07-24,0.0,29.44,15.41,15.1
2018-07-25,0.0,29.01,13.76,16.26
2018-07-26,0.0,30.14,15.51,16.44
2018-07-27,0.0,30.9,14.65,16.78
2018-07-28,0.0,32.3,15.67,16.55
2018-07-29,0.01,31.04,17.85,16.1
2018-07-30,0.55,29.96,17.75,14.24
2018-07-31,2.7,28.53,15.1,16.53
2018-08-01,0.23,19.96,12.0,9.53
2018-08-02,0.93,26.35,12.61,13.61
2018-08-03,75.23,18.91,15.46,4.2
2018-08-04,5.65,22.55,14.93,7.42
2018-08-05,6.86,21.25,14.42,3.98
2018-08-06,4.71,17.89,13.91,4.09
2018-08-07,0.07,23.31,11.69,10.23
2018-08-08,2.4,23.12,12.49,3.82
2018-08-09,14.11,20.77,9.53,7.78
2018-08-10,0.0,18.88,5.72,20.27
2018-08-11,0.05,21.47,4.75,20.69
2018-08-12,0.0,24.09,8.04,20.36
2018-08-13,0.06,24.55,9.34,20.64
2018-08-14,0.0,26.56,10.31,20.44
2018-08-15,0.03,25.96,10.69,14.51
2018-08-16,0.01,24.25,12.55,13.42
2018-08-17,0.0,25.12,12.33,19.45
2018-08-18,0.0,26.52,12.81,19.92
2018-08-19,0.0,28.24,13.61,18.6
2018-08-20,0.0,30.15,14.15,20.26
2018-08-21,0.7,28.18,14.32,18.45
2018-08-22,3.94,23.3,15.28,7.62
2018-08-23,5.46,28.45,15.98,15.52
2018-08-24,3.65,30.01,16.86,8.95
2018-08-25,23.71,23.61,11.53,13.22
2018-08-26,0.0,23.16,8.34,22.37
2018-08-27,0.0,24.01,9.15,22.1
2018-08-28,0.0,28.36,11.44,21.15
2018-08-29,0.0,29.17,14.39,21.99
2018-08-30,0.0,31.18,13.83,22.42
2018-08-31,0.0,32.3,15.37,22.05
2018-09-01,0.11,32.16,19.41,19.87
2018-09-02,1.55,31.28,15.89,14.88
2018-09-03,1.62,20.31,12.38,11.57
2018-09-04,0.02,24.36,11.62,16.52
2018-09-05,0.05,24.55,11.59,23.49
2018-09-06,0.0,27.34,9.21,22.25
2018-09-07,0.0,30.79,10.67,22.49
2018-09-08,0.0,31.87,13.01,23.5
2018-09-09,0.0,32.41,13.2,24.09
2018-09-10,0.0,31.24,14.33,23.3
2018-09-11,0.0,31.15,13.97,21.03
2018-09-12,0.0,30.88,14.45,22.48
2018-09-13,7.8,31.7,14.54,19.68
2018-09-14,2.12,27.72,15.66,6.05
2018-09-15,0.27,27.93,15.51,12.1
2018-09-16,6.92,28.68,15.51,13.38
2018-09-17,25.02,22.12,16.73,8.14
2018-09-18,0.54,28.07,18.33,12.5
2018-09-19,20.12,29.71,18.83,20.03
2018-09-20,38.44,25.43,20.0,6.86
2018-09-21,1.48,28.7,20.17,23.19
2018-09-22,0.0,31.03,18.08,24.86
2018-09-23,0.0,31.99,16.99,25.8
2018-09-24,0.0,32.76,17.12,25.98
2018-09-25,0.01,31.74,16.78,19.77
2018-09-26,1.06,31.21,19.55,15.46
2018-09-27,9.61,28.75,20.78,10.36
2018-09-28,0.15,28.85,20.13,19.54
2018-09-29,0.04,28.33,19.51,19.33
2018-09-30,7.55,25.64,19.76,4.86
2018-10-01,0.39,30.59,18.8,23.42
2018-10-02,0.65,32.55,19.6,17.05
2018-10-03,2.87,30.62,22.68,21.16
2018-10-04,13.17,29.24,20.09,21.35
2018-10-05,0.05,29.56,17.13,20.05
2018-10-06,0.01,28.55,15.63,17.4
2018-10-07,16.76,30.12,16.33,17.77
2018-10-08,26.06,26.37,19.38,9.04
2018-10-09,6.28,29.56,19.89,17.9
2018-10-10,1.89,27.79,21.86,12.74
2018-10-11,0.92,26.75,19.0,14.01
2018-10-12,0.33,30.31,16.81,23.39
2018-10-13,5.14,27.93,22.54,14.01
2018-10-14,12.79,28.46,21.61,20.48
2018-10-15,13.39,28.8,22.71,20.59
2018-10-16,7.69,25.58,18.8,20.02
2018-10-17,17.27,28.61,19.7,18.51
2018-10-18,16.17,29.73,21.76,22.01
2018-10-19,0.2,26.25,19.33,19.91
2018-10-20,0.0,26.5,15.29,27.27
2018-10-21,0.0,27.13,13.18,28.25
2018-10-22,0.0,29.73,13.88,27.11
2018-10-23,10.74,29.26,18.5,23.58
2018-10-24,15.85,23.35,18.23,10.65
2018-10-25,16.43,25.53,17.47,8.62
2018-10-26,32.36,26.87,19.81,10.83
2018-10-27,9.87,27.97,19.33,18.97
2018-10-28,0.0,27.31,15.62,27.58
2018-10-29,0.0,27.44,14.61,24.29
2018-10-30,0.0,30.49,15.56,27.74
2018-10-31,3.9,29.7,19.01,19.96
2018-11-01,12.71,27.17,20.97,14.41
2018-11-02,2.22,29.44,19.1,25.14
2018-11-03,2.74,30.34,19.86,26.13
2018-11-04,1.73,28.86,20.48,19.03
2018-11-05,0.22,28.3,16.13,27.77
2018-11-06,0.57,28.85,15.59,23.65
2018-11-07,3.2,26.9,18.26,15.76
2018-11-08,0.07,24.69,16.86,16.3
2018-11-09,0.04,27.46,17.21,16.97
2018-11-10,0.01,28.95,18.49,14.24
2018-11-11,0.0,29.5,18.53,25.74
2018-11-12,0.0,31.61,19.85,27.13
2018-11-13,0.0,32.22,20.66,26.24
2018-11-14,1.15,31.96,22.2,21.13
2018-11-15,0.76,30.91,23.09,23.76
2018-11-16,0.03,31.99,20.02,26.44
2018-11-17,2.61,30.53,18.0,20.33
2018-11-18,39.01,26.68,22.15,9.72
2018-11-19,3.8,23.78,17.34,11.37
2018-11-20,0.01,27.4,15.52,23.47
2018-11-21,0.0,28.28,14.66,25.45
2018-11-22,3.19,29.74,17.37,19.73
2018-11-23,40.22,25.84,21.41,2.95
2018-11-24,11.15,27.42,21.22,15.22
2018-11-25,0.75,29.95,19.13,25.93
2018-11-26,0.42,29.02,18.16,27.1
2018-11-27,0.03,29.11,16.48,27.62
2018-11-28,0.0,28.94,18.29,29.27
2018-11-29,2.67,30.09,20.35,23.08
2018-11-30,19.1,28.74,20.91,20.34
2018-12-01,14.49,28.29,21.65,19.33
2018-12-02,0.85,29.35,20.76,22.06
2018-12-03,0.61,28.74,18.01,29.57
2018-12-04,0.12,29.8,18.8,28.47
2018-12-05,0.01,31.25,18.23,29.8
2018-12-06,0.0,31.68,18.19,30.74
2018-12-07,0.04,30.57,18.16,27.02
2018-12-08,0.01,28.17,16.02,30.74
2018-12-09,0.0,29.38,13.59,29.5
2018-12-10,0.0,31.33,17.5,28.87
2018-12-11,0.0,32.9,19.74,29.6
2018-12-12,0.07,34.34,19.59,28.85
2018-12-13,3.81,33.03,21.06,26.63
2018-12-14,1.32,32.3,20.87,24.02
2018-12-15,14.19,32.54,23.1,27.07
2018-12-16,5.14,33.1,22.46,29.13
2018-12-17,0.73,33.79,22.48,24.8
2018-12-18,0.2,34.26,24.16,23.58
2018-12-19,0.44,32.42,23.29,24.67
2018-12-20,1.22,34.19,23.88,29.43
2018-12-21,3.15,34.47,23.6,23.01
2018-12-22,4.32,31.12,23.16,19.3
2018-12-23,8.47,30.81,22.63,16.57
2018-12-24,11.45,27.67,21.52,9.9
2018-12-25,0.28,30.34,19.55,14.35
2018-12-26,0.75,31.56,19.88,24.4
2018-12-27,0.92,32.32,21.08,25.65
2018-12-28,2.66,33.08,21.59,24.54
2018-12-29,0.88,33.87,22.68,23.07
2018-12-30,3.63,34.15,23.19,24.13
2018-12-31,1.74,34.69,23.82,25.79
2019-01-01,12.83,34.16,22.12,26.54
2019-01-02,14.19,31.91,23.38,25.69
2019-01-03,4.07,32.2,22.79,20.54
2019-01-04,17.84,29.72,23.78,19.79
2019-01-05,23.89,28.82,23.38,16.96
2019-01-06,7.77,25.52,21.1,16.74
2019-01-07,2.03,29.78,21.54,28.88
2019-01-08,0.1,28.6,22.34,26.65
2019-01-09,0.94,30.61,22.17,27.05
2019-01-10,3.29,28.69,22.74,19.73
2019-01-11,1.93,30.56,22.05,26.74
2019-01-12,13.62,27.84,22.17,26.97
2019-01-13,7.92,28.7,20.93,25.46
2019-01-14,2.72,30.71,21.42,27.65
2019-01-15,2.68,30.01,22.03,25.92
2019-01-16,1.19,31.3,22.01,19.19
2019-01-17,2.85,30.51,23.01,25.21
2019-01-18,0.76,29.69,23.21,22.39
2019-01-19,3.83,30.54,22.57,23.68
2019-01-20,3.66,30.11,21.95,23.61
2019-01-21,0.32,33.01,22.65,29.2
2019-01-22,0.0,34.49,23.48,28.12
2019-01-23,0.98,34.34,23.78,25.4
2019-01-24,4.3,29.5,24.06,23.16
2019-01-25,0.81,32.55,22.58,23.92
2019-01-26,0.29,32.34,22.0,25.25
2019-01-27,0.94,31.2,20.93,23.74
2019-01-28,0.12,34.06,20.64,28.42
2019-01-29,0.0,36.89,21.71,29.39
2019-01-30,0.05,36.3,24.11,27.11
2019-01-31,2.3,36.71,24.61,27.11
2019-02-01,0.11,38.75,22.95,27.67
2019-02-02,0.0,34.51,24.8,27.26
2019-02-03,0.02,35.81,22.79,26.77
2019-02-04,0.08,32.68,21.66,19.64
2019-02-05,0.12,32.82,20.06,19.15
2019-02-06,8.74,31.25,19.58,23.09
2019-02-07,0.6,34.5,19.53,28.89
2019-02-08,0.0,35.69,20.3,28.57
2019-02-09,0.0,36.76,22.43,27.92
2019-02-10,7.08,37.16,22.82,24.64
2019-02-11,9.66,31.37,24.17,21.01
2019-02-12,19.06,26.75,23.58,6.72
2019-02-13,4.48,27.85,20.68,18.02
2019-02-14,0.73,30.58,18.21,14.44
2019-02-15,17.4,27.31,19.83,10.45
2019-02-16,8.51,29.34,20.32,23.02
2019-02-17,2.74,29.43,20.22,23.89
2019-02-18,3.68,30.24,19.72,24.27
2019-02-19,9.49,29.88,20.26,19.5
2019-02-20,7.52,29.6,21.61,19.33
2019-02-21,1.81,31.21,21.22,19.96
2019-02-22,3.38,29.1,21.21,21.06
2019-02-23,3.15,30.97,21.66,23.14
2019-02-24,1.52,30.86,22.7,23.8
2019-02-25,26.03,29.21,22.66,18.38
2019-02-26,21.88,26.04,22.4,9.17
2019-02-27,8.13,28.1,21.6,11.97
2019-02-28,6.01,27.52,21.03,11.71
2019-03-01,5.65,29.27,20.21,17.99
2019-03-02,0.58,30.38,20.15,20.13
2019-03-03,0.47,30.73,19.61,23.02
2019-03-04,0.7,30.0,21.89,20.15
2019-03-05,3.16,29.46,21.49,24.1
2019-03-06,4.23,30.61,20.65,23.84
2019-03-07,17.32,28.98,22.26,17.62
2019-03-08,11.91,28.33,21.27,20.89
2019-03-09,2.98,29.03,21.69,18.05
2019-03-10,10.55,27.27,22.31,20.91
2019-03-11,0.75,29.65,20.16,18.41
2019-03-12,0.15,29.21,20.81,22.14
2019-03-13,12.12,28.45,21.43,18.98
2019-03-14,8.35,28.26,22.54,20.01
2019-03-15,3.83,27.49,22.14,19.18
2019-03-16,5.33,27.42,21.61,16.66
2019-03-17,4.12,29.46,21.97,18.79
2019-03-18,2.72,27.68,21.72,17.97
2019-03-19,2.15,29.66,22.09,21.93
2019-03-20,14.07,28.61,22.3,17.74
2019-03-21,11.81,25.47,18.78,12.56
2019-03-22,0.07,27.43,16.66,21.73
2019-03-23,0.0,28.81,17.38,24.65
2019-03-24,0.0,29.31,18.38,23.57
2019-03-25,0.0,29.88,18.13,23.4
2019-03-26,0.01,30.65,18.87,23.2
2019-03-27,0.0,30.58,19.97,20.64
2019-03-28,0.0,29.87,19.03,23.21
2019-03-29,0.0,29.4,18.1,23.97
2019-03-30,0.0,29.21,17.58,23.88
2019-03-31,0.01,30.12,17.79,22.17
2019-04-01,0.19,30.73,18.39,19.36
2019-04-02,0.21,30.5,18.24,13.87
2019-04-03,0.01,30.98,20.98,12.37
2019-04-04,0.0,31.8,21.44,13.63
2019-04-05,6.02,29.96,22.3,15.85
2019-04-06,13.29,30.02,22.08,13.05
2019-04-07,11.24,28.82,21.18,10.01
2019-04-08,0.86,29.04,19.6,17.09
2019-04-09,0.05,27.69,17.86,15.61
2019-04-10,0.01,27.77,15.96,20.77
2019-04-11,0.01,29.31,15.87,21.85
2019-04-12,0.1,30.26,16.85,20.78
2019-04-13,1.04,30.82,18.91,14.3
2019-04-14,3.18,29.08,21.38,11.63
2019-04-15,0.01,31.09,19.78,20.08
2019-04-16,1.48,30.2,19.96,18.31
2019-04-17,0.14,31.65,18.2,21.58
2019-04-18,0.03,31.19,13.92,21.32
2019-04-19,0.01,31.51,15.0,21.68
2019-04-20,0.0,32.11,16.97,21.02
2019-04-21,0.01,33.05,18.42,18.17
2019-04-22,0.57,30.25,20.04,9.53
2019-04-23,0.24,31.48,20.06,14.95
2019-04-24,0.07,32.04,20.35,18.64
2019-04-25,0.9,33.13,21.12,17.28
2019-04-26,0.95,31.99,21.28,17.82
2019-04-27,3.4,32.26,21.46,18.34
2019-04-28,8.08,29.89,17.88,10.76
2019-04-29,0.28,29.22,15.18,16.15
2019-04-30,0.07,30.35,16.21,16.75
2019-05-01,0.02,29.81,18.09,11.1
2019-05-02,0.01,30.13,19.61,13.59
2019-05-03,0.01,31.71,20.15,14.82
2019-05-04,0.0,29.56,21.02,12.35
2019-05-05,0.09,32.21,20.88,17.12
2019-05-06,1.54,32.77,19.99,16.49
2019-05-07,2.66,31.83,20.66,14.02
2019-05-08,0.25,29.7,18.23,16.93
2019-05-09,0.01,30.68,18.05,16.92
2019-05-10,2.09,32.1,18.59,14.8
2019-05-11,12.35,30.83,20.53,11.65
2019-05-12,3.79,29.76,21.97,16.58
2019-05-13,0.06,29.6,20.81,14.08
2019-05-14,0.0,26.57,16.13,15.9
2019-05-15,0.06,27.14,14.35,15.25
2019-05-16,0.09,23.75,16.57,9.61
2019-05-17,0.0,24.42,16.37,14.16
2019-05-18,0.39,27.11,16.73,13.22
2019-05-19,0.04,27.31,15.82,15.61
2019-05-20,0.02,28.89,15.31,17.08
2019-05-21,0.0,29.23,15.27,16.09
2019-05-22,0.09,29.71,15.53,17.06
2019-05-23,12.51,29.44,18.03,10.68
2019-05-24,5.03,23.28,12.52,8.89
2019-05-25,0.06,24.02,10.49,15.55
2019-05-26,0.05,25.88,11.95,17.18
2019-05-27,0.04,29.96,12.32,17.05
2019-05-28,0.82,30.97,15.14,14.63
2019-05-29,18.83,28.54,20.33,13.98
2019-05-30,0.3,30.5,18.53,14.67
2019-05-31,0.91,30.83,18.14,14.19
2019-06-01,14.37,29.05,18.48,13.33
2019-06-02,12.54,25.66,19.33,11.41
2019-06-03,20.4,24.4,16.11,11.71
2019-06-04,0.02,22.46,12.79,13.62
2019-06-05,0.04,21.46,9.75,16.28
2019-06-06,0.02,23.78,12.52,16.39
2019-06-07,0.01,25.31,11.14,16.74
2019-06-08,0.0,25.18,10.68,16.35
2019-06-09,0.01,24.92,11.67,16.68
2019-06-10,0.0,25.88,12.91,16.23
2019-06-11,0.02,27.03,12.86,15.53
2019-06-12,0.01,27.5,13.47,15.16
2019-06-13,0.01,28.41,13.85,14.76
2019-06-14,0.0,28.2,16.04,15.16
2019-06-15,0.0,28.48,14.79,15.88
2019-06-16,0.01,28.22,14.32,16.0
2019-06-17,0.01,27.71,13.85,15.33
2019-06-18,0.05,27.54,14.77,12.48
2019-06-19,0.0,28.03,14.83,15.55
2019-06-20,0.01,28.95,14.56,14.63
2019-06-21,0.01,27.49,15.67,15.56
2019-06-22,0.01,27.66,14.8,14.95
2019-06-23,0.02,27.91,14.23,15.81
2019-06-24,0.01,28.08,12.62,16.07
2019-06-25,1.13,28.82,13.14,14.5
2019-06-26,1.68,26.09,15.36,8.92
2019-06-27,0.47,26.87,15.96,8.69
2019-06-28,0.03,30.82,17.41,15.42
2019-06-29,0.0,30.5,16.75,15.77
2019-06-30,0.0,30.14,15.14,15.76
2019-07-01,0.0,30.29,15.24,14.95
2019-07-02,0.0,29.16,16.36,13.03
2019-07-03,5.1,29.22,16.22,9.04
2019-07-04,44.69,23.53,17.75,4.22
2019-07-05,4.88,20.77,7.89,10.19
2019-07-06,0.0,15.91,2.0,17.49
2019-07-07,0.01,18.03,3.56,16.95
2019-07-08,0.0,20.98,6.29,16.36
2019-07-09,0.03,24.04,8.57,16.97
2019-07-10,0.01,25.23,9.33,16.85
2019-07-11,0.02,25.9,9.61,16.18
2019-07-12,0.0,26.09,9.4,17.08
2019-07-13,0.01,27.4,12.58,16.71
2019-07-14,0.0,28.61,15.4,16.18
2019-07-15,1.71,29.57,16.86,12.35
2019-07-16,0.05,23.99,11.85,15.26
2019-07-17,0.04,20.41,7.69,15.88
2019-07-18,0.02,23.59,10.68,15.04
2019-07-19,0.01,25.34,13.11,13.4
2019-07-20,0.0,26.84,12.82,16.37
2019-07-21,0.0,26.32,12.43,14.99
2019-07-22,0.04,28.32,13.98,11.98
2019-07-23,0.34,28.74,13.85,17.39
2019-07-24,0.0,29.15,13.71,17.04
2019-07-25,0.0,29.68,15.51,12.48
2019-07-26,0.01,29.36,17.1,15.13
2019-07-27,0.0,29.8,16.59,16.71
2019-07-28,0.0,28.4,16.19,16.61
2019-07-29,0.01,26.83,13.61,15.0
2019-07-30,0.74,29.13,14.81,15.39
2019-07-31,0.05,28.75,13.01,18.13
2019-08-01,0.0,31.05,12.88,18.67
2019-08-02,0.0,30.33,16.16,14.25
2019-08-03,0.0,21.36,11.15,10.48
2019-08-04,0.01,22.59,8.15,7.58
2019-08-05,0.09,23.7,9.76,14.8
2019-08-06,0.13,25.68,12.92,12.73
2019-08-07,0.01,28.7,15.47,18.29
2019-08-08,0.0,31.61,15.61,18.83
2019-08-09,0.02,32.32,14.45,18.97
2019-08-10,0.0,31.82,15.73,18.91
2019-08-11,0.0,33.39,15.65,18.4
2019-08-12,0.0,34.3,15.47,18.53
2019-08-13,0.0,32.49,19.22,16.69
2019-08-14,0.0,26.15,11.77,17.8
2019-08-15,0.0,27.68,10.15,18.71
2019-08-16,0.0,29.84,12.04,19.58
2019-08-17,0.0,31.42,12.83,19.89
2019-08-18,0.13,33.11,18.29,13.45
2019-08-19,0.35,31.34,16.93,9.6
2019-08-20,0.0,23.23,13.8,14.75
2019-08-21,0.0,29.21,12.69,19.37
2019-08-22,0.0,27.92,12.73,20.92
2019-08-23,0.57,28.41,13.44,19.82
2019-08-24,0.01,28.37,13.09,21.66
2019-08-25,0.0,29.01,10.8,21.9
2019-08-26,0.0,32.25,12.36,19.17
2019-08-27,0.0,33.03,15.35,17.58
2019-08-28,0.0,31.74,15.8,19.33
2019-08-29,0.0,32.88,14.94,20.3
2019-08-30,0.0,34.78,15.9,20.27
2019-08-31,1.52,36.81,22.24,17.88
2019-09-01,20.04,26.81,17.84,5.2
2019-09-02,4.91,28.36,14.94,7.2
2019-09-03,5.8,26.88,17.39,11.96
2019-09-04,0.3,30.81,16.81,17.53
2019-09-05,0.43,26.53,14.79,16.68
2019-09-06,0.04,30.96,14.22,18.68
2019-09-07,0.0,35.1,16.21,21.71
2019-09-08,0.02,35.79,19.64,21.18
2019-09-09,0.0,36.28,19.3,22.44
2019-09-10,0.0,36.28,18.21,21.02
2019-09-11,0.0,37.65,23.09,19.56
2019-09-12,0.0,37.55,21.21,20.33
2019-09-13,0.0,35.53,19.82,20.12
2019-09-14,0.01,35.4,17.09,22.02
2019-09-15,0.26,38.37,17.98,22.05
2019-09-16,0.06,38.95,20.77,22.29
2019-09-17,0.0,39.94,21.78,22.98
2019-09-18,0.37,35.86,19.86,19.36
2019-09-19,4.66,35.85,22.01,15.87
2019-09-20,15.18,31.33,22.23,7.83
2019-09-21,0.26,32.14,18.1,16.95
2019-09-22,0.13,30.54,16.67,20.73
2019-09-23,0.0,28.79,12.15,23.98
2019-09-24,0.53,29.77,14.5,22.59
2019-09-25,8.01,26.26,16.54,3.51
2019-09-26,0.02,29.85,16.07,13.61
2019-09-27,0.02,30.99,16.4,24.55
2019-09-28,0.0,30.39,13.68,26.62
2019-09-29,0.0,32.12,13.86,26.73
2019-09-30,0.0,34.27,15.47,26.97
2019-10-01,0.0,36.75,16.01,26.56
2019-10-02,0.01,39.01,18.0,21.97
2019-10-03,0.82,37.74,22.71,22.82
2019-10-04,0.02,37.54,18.53,25.9
2019-10-05,0.02,38.82,19.74,26.88
2019-10-06,1.23,35.1,19.99,17.36
2019-10-07,1.0,30.51,17.96,16.04
2019-10-08,0.13,31.59,18.86,14.54
2019-10-09,0.01,34.49,18.95,21.36
2019-10-10,0.0,36.0,17.69,27.35
2019-10-11,0.0,37.99,20.08,26.23
2019-10-12,0.0,39.24,22.5,25.35
2019-10-13,1.95,39.62,24.25,24.18
2019-10-14,6.22,38.67,23.56,22.25
2019-10-15,0.62,34.87,20.99,24.43
2019-10-16,0.0,35.35,18.5,25.2
2019-10-17,0.34,37.4,20.34,21.85
2019-10-18,9.06,36.37,22.68,20.23
2019-10-19,2.36,36.23,22.1,22.93
2019-10-20,1.67,33.77,19.87,22.29
2019-10-21,9.64,28.18,18.07,8.69
2019-10-22,9.59,31.89,19.11,15.46
2019-10-23,0.01,32.44,17.09,25.46
2019-10-24,0.0,34.2,17.86,29.08
2019-10-25,0.08,36.39,19.12,27.92
2019-10-26,0.0,37.81,20.02,27.44
2019-10-27,1.48,37.58,20.66,27.42
2019-10-28,18.62,33.64,22.37,18.47
2019-10-29,0.25,35.72,21.94,28.57
2019-10-30,0.36,37.85,23.66,28.44
2019-10-31,0.04,37.45,22.03,26.95
2019-11-01,0.0,37.43,20.89,27.71
2019-11-02,0.0,37.07,21.02,28.13
2019-11-03,0.0,38.96,22.47,24.95
2019-11-04,0.01,40.21,24.44,26.95
2019-11-05,10.74,39.88,25.37,22.84
2019-11-06,4.65,31.43,20.69,17.11
2019-11-07,0.05,33.5,19.76,19.77
2019-11-08,3.73,31.92,22.15,11.19
2019-11-09,8.5,29.53,21.8,19.82
2019-11-10,2.7,30.88,21.7,14.82
2019-11-11,6.25,30.4,21.1,19.02
2019-11-12,0.0,33.74,19.07,25.82
2019-11-13,74.01,32.37,19.18,21.6
2019-11-14,9.7,29.26,22.53,16.37
2019-11-15,0.79,30.86,20.53,24.29
2019-11-16,0.01,30.91,17.89,29.21
2019-11-17,0.0,32.07,17.07,30.31
2019-11-18,0.0,32.14,14.77,30.17
2019-11-19,0.0,33.79,17.2,28.36
2019-11-20,0.04,34.65,20.01,26.07
2019-11-21,8.65,33.48,19.81,26.16
2019-11-22,3.34,32.15,21.17,23.75
2019-11-23,4.78,34.26,21.62,22.69
2019-11-24,1.73,29.44,17.8,23.54
2019-11-25,0.01,32.46,15.02,29.47
2019-11-26,15.26,32.28,16.64,23.52
2019-11-27,15.56,31.7,22.22,11.1
2019-11-28,11.06,29.15,19.32,18.27
2019-11-29,0.08,30.34,16.0,28.41
2019-11-30,10.39,33.16,18.62,22.1
2019-12-01,2.85,32.2,21.69,21.56
2019-12-02,0.03,31.57,20.21,26.02
2019-12-03,0.13,30.83,17.87,23.8
2019-12-04,4.51,28.66,19.69,17.99
2019-12-05,11.81,31.69,21.64,14.98
2019-12-06,0.81,32.17,20.13,22.39
2019-12-07,0.01,32.27,17.51,26.04
2019-12-08,0.06,34.08,18.39,28.68
2019-12-09,2.82,29.25,20.06,12.25
2019-12-10,2.56,32.63,20.2,20.42
2019-12-11,15.13,29.76,21.94,9.86
2019-12-12,6.51,31.16,20.1,23.62
2019-12-13,0.66,32.46,22.46,18.3
2019-12-14,8.89,27.8,21.02,15.79
2019-12-15,8.13,28.56,21.86,17.85
2019-12-16,9.29,29.23,21.67,11.66
2019-12-17,25.05,26.4,21.22,12.28
2019-12-18,6.21,25.71,20.01,14.78
2019-12-19,1.74,27.29,18.54,19.44
2019-12-20,22.54,28.03,21.08,23.86
2019-12-21,13.02,28.69,20.98,16.47
2019-12-22,4.81,26.96,22.13,11.09
2019-12-23,1.21,29.8,20.06,26.51
2019-12-24,0.3,30.17,19.05,28.97
2019-12-25,0.0,31.17,20.06,29.45
2019-12-26,0.0,32.72,20.2,29.86
2019-12-27,0.0,32.45,19.55,30.34
2019-12-28,0.17,32.88,19.9,28.14
2019-12-29,0.04,34.14,20.73,29.64
2019-12-30,0.02,34.47,19.97,30.18
2019-12-31,0.06,35.19,21.76,29.26
2020-01-01,1.88,33.77,23.43,20.09
2020-01-02,2.66,33.11,22.78,22.31
2020-01-03,5.12,32.19,21.44,14.3
2020-01-04,1.26,32.68,18.93,24.23
2020-01-05,3.85,30.25,20.47,19.8
2020-01-06,0.35,33.65,20.36,28.43
2020-01-07,24.51,31.14,22.89,8.39
2020-01-08,10.7,29.58,23.28,12.15
2020-01-09,6.63,29.08,23.37,17.07
2020-01-10,5.69,30.63,22.21,20.17
2020-01-11,4.78,30.18,23.89,12.08
2020-01-12,10.13,29.79,24.15,15.53
2020-01-13,6.48,29.16,21.46,15.28
2020-01-14,0.16,30.82,19.88,23.34
2020-01-15,0.05,31.66,20.82,28.89
2020-01-16,3.85,32.02,24.74,23.01
2020-01-17,0.07,31.56,21.19,17.22
2020-01-18,0.0,32.24,17.89,24.29
2020-01-19,0.0,33.3,18.73,26.76
2020-01-20,0.0,33.91,20.67,26.92
2020-01-21,0.0,33.95,19.73,27.35
2020-01-22,3.52,32.78,19.53,18.67
2020-01-23,7.37,28.92,18.76,7.21
2020-01-24,0.25,32.75,18.73,26.38
2020-01-25,0.13,32.49,18.34,27.3
2020-01-26,0.0,35.01,19.44,29.6
2020-01-27,0.0,35.82,21.48,28.79
2020-01-28,0.0,36.75,21.68,28.1
2020-01-29,0.99,36.01,22.24,23.72
2020-01-30,15.14,29.36,23.39,20.15
2020-01-31,6.37,30.55,22.84,18.04
2020-02-01,6.84,30.98,23.09,15.24
2020-02-02,22.3,26.25,22.23,13.2
2020-02-03,13.56,28.4,21.67,11.92
2020-02-04,1.5,28.94,20.43,16.67
2020-02-05,0.53,28.87,21.56,17.44
2020-02-06,2.73,29.26,21.96,18.82
2020-02-07,6.03,29.93,21.77,19.8
2020-02-08,0.95,30.25,20.4,22.25
2020-02-09,31.79,29.25,21.4,19.54
2020-02-10,14.93,28.33,20.97,13.71
2020-02-11,3.61,27.55,17.86,14.72
2020-02-12,0.0,29.14,16.76,24.55
2020-02-13,0.02,29.62,16.72,28.27
2020-02-14,0.02,30.34,17.66,26.68
2020-02-15,0.01,32.67,18.85,25.92
2020-02-16,0.54,33.37,21.21,25.05
2020-02-17,1.29,31.97,22.47,22.43
2020-02-18,2.1,31.55,22.78,24.67
2020-02-19,14.03,31.67,23.38,21.25
2020-02-20,8.86,29.79,23.31,18.91
2020-02-21,6.87,30.19,22.91,17.99
2020-02-22,8.54,30.02,19.66,20.83
2020-02-23,1.45,27.75,16.76,19.76
2020-02-24,0.86,29.93,17.97,16.19
2020-02-25,30.59,29.7,21.49,15.52
2020-02-26,15.83,28.24,20.33,7.52
2020-02-27,0.06,28.02,18.42,20.7
2020-02-28,0.01,28.22,16.44,26.91
2020-02-29,0.14,29.13,16.0,25.57
2020-03-01,0.06,27.75,17.62,22.19
2020-03-02,0.95,27.4,18.49,24.32
2020-03-03,0.31,29.4,16.7,23.5
2020-03-04,0.02,30.21,16.6,27.15
2020-03-05,0.0,30.2,18.25,26.5
2020-03-06,0.0,30.49,17.82,26.78
2020-03-07,0.08,30.77,16.59,27.39
2020-03-08,0.33,30.38,17.71,25.87
2020-03-09,0.0,32.51,18.27,25.81
2020-03-10,0.0,33.37,18.98,24.35
2020-03-11,0.0,33.88,19.5,23.93
2020-03-12,0.0,35.08,20.5,24.64
2020-03-13,0.0,35.8,19.83,26.28
2020-03-14,0.0,34.77,19.22,24.5
2020-03-15,1.01,35.09,21.16,22.82
2020-03-16,6.23,33.25,22.31,23.61
2020-03-17,3.19,33.65,21.69,20.99
2020-03-18,4.2,31.65,21.85,13.65
2020-03-19,12.55,30.99,22.44,14.64
2020-03-20,5.89,29.68,22.72,15.33
2020-03-21,1.1,30.48,20.39,17.49
2020-03-22,0.0,31.78,18.35,24.87
2020-03-23,0.0,30.46,15.94,23.88
2020-03-24,0.0,30.54,16.21,22.95
2020-03-25,0.0,31.01,17.04,22.95
2020-03-26,0.0,30.72,16.53,23.59
2020-03-27,0.0,31.21,17.49,21.4
2020-03-28,2.81,32.85,19.54,20.71
2020-03-29,6.8,30.34,20.98,7.39
2020-03-30,1.44,32.65,20.29,19.69
2020-03-31,0.06,33.49,20.06,22.95
2020-04-01,0.01,33.93,19.9,22.96
2020-04-02,0.02,34.53,19.58,21.07
2020-04-03,0.0,32.75,16.91,17.98
2020-04-04,0.0,30.97,13.73,23.85
2020-04-05,0.0,33.15,15.87,22.78
2020-04-06,3.68,35.39,18.19,22.16
2020-04-07,14.63,30.98,22.58,14.61
2020-04-08,0.03,30.62,19.2,20.64
2020-04-09,0.0,30.08,16.55,22.22
2020-04-10,0.0,30.31,14.95,22.46
2020-04-11,0.0,30.67,16.32,21.77
2020-04-12,0.0,30.91,15.58,21.22
2020-04-13,1.96,31.52,15.95,21.69
2020-04-14,11.09,26.75,17.31,10.44
2020-04-15,0.06,25.7,12.69,22.78
2020-04-16,0.07,27.87,8.75,23.05
2020-04-17,0.02,29.26,11.75,21.82
2020-04-18,0.01,28.93,14.16,21.53
2020-04-19,0.01,29.95,15.27,20.93
2020-04-20,0.0,30.29,15.76,19.27
2020-04-21,0.0,30.65,15.44,20.93
2020-04-22,0.01,30.75,15.32,21.01
2020-04-23,0.0,30.37,14.66,20.5
2020-04-24,0.01,31.61,15.31,20.62
2020-04-25,0.04,32.91,17.7,19.55
2020-04-26,0.0,33.55,17.49,20.21
2020-04-27,0.0,31.5,15.16,20.33
2020-04-28,0.01,30.73,16.69,20.08
2020-04-29,0.0,31.61,15.47,20.03
2020-04-30,0.0,32.52,19.28,19.69
2020-05-01,0.01,33.37,17.1,18.81
2020-05-02,0.03,32.91,18.17,17.48
2020-05-03,0.03,29.52,15.9,19.08
2020-05-04,0.56,28.89,13.74,19.62
2020-05-05,0.0,30.41,13.08,15.81
2020-05-06,0.1,30.75,18.76,6.78
2020-05-07,0.0,26.43,14.05,17.54
2020-05-08,0.0,26.38,11.01,19.25
2020-05-09,0.01,29.18,11.86,18.86
2020-05-10,0.01,30.24,12.4,18.8
2020-05-11,0.0,31.32,13.52,18.36
2020-05-12,0.0,31.3,15.85,11.54
2020-05-13,2.98,21.7,17.65,6.14
2020-05-14,1.23,26.85,15.8,7.9
2020-05-15,0.88,26.48,15.46,12.57
2020-05-16,0.03,28.51,13.53,16.86
2020-05-17,0.02,29.8,11.39,18.34
2020-05-18,0.02,30.53,12.2,18.09
2020-05-19,0.0,30.11,12.82,17.69
2020-05-20,0.0,30.08,16.11,15.76
2020-05-21,0.0,31.39,15.54,16.71
2020-05-22,33.52,31.39,17.44,13.5
2020-05-23,21.4,20.2,12.52,8.58
2020-05-24,0.0,20.49,9.22,7.6
2020-05-25,0.0,21.59,8.18,16.93
2020-05-26,0.02,23.21,6.78,17.93
2020-05-27,0.0,24.79,6.41,17.86
2020-05-28,0.0,24.37,7.84,18.12
2020-05-29,0.03,26.57,8.31,17.47
2020-05-30,0.02,26.82,9.39,17.41
2020-05-31,0.05,27.68,11.76,16.97
2020-06-01,0.33,29.19,14.14,15.45
2020-06-02,14.27,23.31,17.41,3.32
2020-06-03,4.46,23.13,16.82,7.3
2020-06-04,3.7,20.81,15.14,5.49
2020-06-05,4.99,24.01,16.54,9.23
2020-06-06,3.28,18.65,13.94,6.3
2020-06-07,0.04,24.74,12.19,14.2
2020-06-08,0.28,27.05,15.66,13.82
2020-06-09,2.0,26.98,18.61,8.05
2020-06-10,0.08,30.24,17.34,13.52
2020-06-11,0.0,30.29,17.71,14.81
2020-06-12,0.01,30.25,16.06,14.88
2020-06-13,0.02,30.22,16.49,15.84
2020-06-14,0.02,27.84,16.29,14.59
2020-06-15,0.0,27.83,13.89,15.41
2020-06-16,0.06,27.54,15.12,15.72
2020-06-17,0.08,27.66,15.72,15.28
2020-06-18,0.04,27.36,15.41,13.75
2020-06-19,0.04,28.74,15.36,15.97
2020-06-20,0.03,29.27,14.85,16.34
2020-06-21,0.0,30.04,14.57,15.37
2020-06-22,0.0,29.65,15.06,15.92
2020-06-23,0.0,26.21,15.65,11.82
2020-06-24,0.03,28.98,12.35,14.51
2020-06-25,4.91,28.32,16.13,14.69
2020-06-26,9.88,24.47,17.02,5.94
2020-06-27,57.31,21.33,14.32,5.68
2020-06-28,0.16,22.06,11.85,12.08
2020-06-29,0.1,22.88,11.66,12.58
2020-06-30,2.78,24.81,14.69,14.1
2020-07-01,2.22,19.73,9.28,15.44
2020-07-02,0.07,19.73,6.57,16.44
2020-07-03,0.1,21.34,5.72,16.39
2020-07-04,0.06,24.19,7.97,16.56
2020-07-05,0.01,27.91,11.96,11.7
2020-07-06,0.03,27.07,16.02,11.39
2020-07-07,0.0,29.49,15.85,15.57
2020-07-08,0.81,25.5,14.12,9.17
2020-07-09,0.2,22.35,10.0,16.66
2020-07-10,0.05,26.47,8.39,16.64
2020-07-11,0.02,28.83,13.74,15.92
2020-07-12,0.0,29.65,13.76,16.43
2020-07-13,0.23,30.41,17.6,15.28
2020-07-14,0.59,28.1,17.28,14.28
2020-07-15,0.0,27.06,13.52,15.91
2020-07-16,0.0,26.3,12.54,15.72
2020-07-17,0.0,30.13,14.84,16.42
2020-07-18,0.01,29.81,15.56,16.44
2020-07-19,0.0,28.0,14.66,16.86
2020-07-20,0.01,28.6,12.48,17.39
2020-07-21,0.01,29.43,13.51,17.29
2020-07-22,0.01,29.95,14.41,17.76
2020-07-23,0.01,29.86,14.08,17.46
2020-07-24,0.0,29.88,14.22,17.74
2020-07-25,0.01,28.12,13.78,17.48
2020-07-26,0.0,27.9,15.69,16.68
2020-07-27,0.01,29.93,14.93,15.48
2020-07-28,0.29,30.48,15.35,16.16
2020-07-29,4.09,28.28,16.06,15.19
2020-07-30,0.02,23.98,12.71,16.94
2020-07-31,0.01,27.55,12.12,16.96
2020-08-01,0.0,27.68,13.07,17.04
2020-08-02,0.0,28.04,12.42,18.14
2020-08-03,0.01,28.79,12.21,18.74
2020-08-04,0.02,29.15,13.45,19.1
2020-08-05,0.0,29.12,12.63,19.4
2020-08-06,0.0,29.41,12.54,19.68
2020-08-07,0.01,29.47,12.43,19.56
2020-08-08,0.0,29.47,12.39,18.92
2020-08-09,0.0,30.24,13.63,18.17
2020-08-10,0.0,31.07,13.96,19.66
2020-08-11,0.0,32.32,15.86,17.43
2020-08-12,0.03,32.97,17.8,17.84
2020-08-13,4.34,33.22,18.43,12.72
2020-08-14,1.18,33.09,18.76,16.55
2020-08-15,1.97,31.11,18.62,13.55
2020-08-16,39.68,21.49,18.25,2.12
2020-08-17,16.41,21.19,17.69,2.4
2020-08-18,18.55,23.59,16.92,9.05
2020-08-19,12.14,24.91,18.35,11.28
2020-08-20,13.91,18.61,12.52,1.73
2020-08-21,1.85,19.29,10.37,5.41
2020-08-22,0.16,19.92,6.57,16.07
2020-08-23,0.27,22.43,9.86,21.4
2020-08-24,0.0,24.48,10.86,20.96
2020-08-25,0.01,25.14,10.44,21.79
2020-08-26,0.0,25.8,9.97,22.72
2020-08-27,1.18,28.12,10.45,22.98
2020-08-28,0.0,30.24,11.88,22.83
2020-08-29,0.0,31.16,14.26,21.15
2020-08-30,0.13,32.52,15.62,21.39
2020-08-31,0.0,31.47,16.36,21.1
2020-09-01,0.0,30.81,15.71,21.68
2020-09-02,0.06,31.11,15.8,21.35
2020-09-03,0.0,32.79,17.17,22.23
2020-09-04,0.32,33.73,19.43,22.3
2020-09-05,0.0,33.93,18.06,22.75
2020-09-06,0.0,34.57,16.63,22.62
2020-09-07,0.0,34.26,17.32,21.85
2020-09-08,0.08,34.01,16.89,22.02
2020-09-09,0.0,35.05,17.74,22.75
2020-09-10,0.01,36.18,18.1,22.19
2020-09-11,0.12,37.04,19.59,21.51
2020-09-12,0.0,37.15,18.39,22.77
2020-09-13,0.0,36.2,18.09,21.22
2020-09-14,0.0,35.62,18.79,19.15
2020-09-15,0.0,32.15,17.71,20.03
2020-09-16,0.0,35.28,15.82,22.33
2020-09-17,0.01,35.5,18.9,21.54
2020-09-18,0.2,32.52,19.7,10.64
2020-09-19,0.02,33.45,19.25,11.4
2020-09-20,0.06,29.96,18.65,11.84
2020-09-21,3.77,25.39,16.05,7.27
2020-09-22,3.61,27.8,13.66,16.02
2020-09-23,0.22,30.59,13.24,24.0
2020-09-24,0.0,32.06,15.85,24.62
2020-09-25,0.0,34.86,16.69,25.17
2020-09-26,0.0,37.09,17.9,26.2
2020-09-27,4.78,35.09,20.6,21.28
2020-09-28,2.99,35.37,21.84,22.12
2020-09-29,0.23,36.45,21.45,23.83
2020-09-30,0.0,40.74,20.79,25.08
2020-10-01,0.0,40.44,20.94,23.53
2020-10-02,0.0,41.85,23.53,24.6
2020-10-03,0.0,39.12,23.36,22.49
2020-10-04,0.0,38.35,19.06,24.31
2020-10-05,0.0,39.98,19.32,24.54
2020-10-06,0.0,42.44,22.33,24.5
2020-10-07,0.06,41.7,23.69,23.03
2020-10-08,4.84,39.49,24.05,15.66
2020-10-09,7.6,35.62,21.4,14.92
2020-10-10,0.16,29.9,17.97,12.83
2020-10-11,0.02,32.7,15.32,21.94
2020-10-12,0.01,35.24,15.62,26.2
2020-10-13,0.94,36.79,19.47,20.01
2020-10-14,0.82,36.75,20.56,22.61
2020-10-15,10.17,27.52,20.44,11.46
2020-10-16,0.5,29.67,17.03,14.71
2020-10-17,4.39,30.63,14.52,26.51
2020-10-18,3.39,32.26,15.58,23.32
2020-10-19,6.23,32.53,18.32,17.29
2020-10-20,6.68,31.89,19.39,18.73
2020-10-21,4.82,32.67,20.51,18.17
2020-10-22,0.18,32.14,18.15,26.68
2020-10-23,6.45,32.84,18.48,25.37
2020-10-24,3.15,32.19,19.16,17.76
2020-10-25,0.33,34.16,20.32,26.95
2020-10-26,0.56,32.92,19.4,13.45
2020-10-27,0.17,33.19,19.85,26.44
2020-10-28,0.0,35.26,15.89,29.9
2020-10-29,6.58,30.0,19.73,15.56
2020-10-30,1.06,25.73,18.13,11.63
2020-10-31,0.0,29.81,15.47,21.76
2020-11-01,0.0,29.79,14.51,28.02
2020-11-02,0.0,29.55,13.27,30.41
2020-11-03,0.0,30.79,13.9,28.64
2020-11-04,0.02,32.52,15.26,29.3
2020-11-05,0.01,32.36,15.36,28.35
2020-11-06,0.0,33.31,14.64,30.53
2020-11-07,0.0,36.16,14.57,30.62
2020-11-08,0.0,39.1,17.2,27.99
2020-11-09,11.92,39.29,21.09,16.57
2020-11-10,2.46,30.52,20.06,18.99
2020-11-11,0.97,30.94,20.71,18.95
2020-11-12,4.01,32.25,21.63,22.46
2020-11-13,1.38,30.98,21.86,24.76
2020-11-14,0.99,33.87,21.55,26.12
2020-11-15,4.89,35.26,20.72,23.16
2020-11-16,0.09,35.82,20.88,28.57
2020-11-17,0.3,37.42,23.57,25.9
2020-11-18,19.63,31.13,19.75,13.61
2020-11-19,1.94,31.29,19.83,22.31
2020-11-20,0.01,31.11,15.8,30.44
2020-11-21,0.03,32.47,16.07,30.13
2020-11-22,0.0,33.65,16.72,31.12
2020-11-23,0.0,34.14,17.23,32.07
2020-11-24,0.0,35.51,16.82,29.81
2020-11-25,0.46,36.92,19.7,29.72
2020-11-26,0.27,37.14,21.36,28.63
2020-11-27,3.68,35.52,22.61,26.9
2020-11-28,2.92,34.23,21.39,23.51
2020-11-29,3.06,37.7,21.07,28.64
2020-11-30,2.88,38.01,21.86,24.08
2020-12-01,8.94,32.73,22.6,23.62
2020-12-02,0.61,34.36,21.66,25.86
2020-12-03,16.29,31.57,22.28,10.28
2020-12-04,10.86,29.91,21.93,26.81
2020-12-05,16.77,29.5,21.34,19.03
2020-12-06,2.21,30.66,19.72,15.41
2020-12-07,3.11,31.2,20.94,9.44
2020-12-08,0.36,33.19,20.54,25.63
2020-12-09,0.06,34.1,21.15,28.77
2020-12-10,0.38,34.31,19.92,29.32
2020-12-11,0.24,29.97,21.93,26.1
2020-12-12,2.05,30.09,19.87,14.2
2020-12-13,19.02,30.67,21.44,25.56
2020-12-14,2.84,32.12,21.59,18.92
2020-12-15,4.16,32.54,22.0,25.41
2020-12-16,6.53,32.7,22.33,27.05
2020-12-17,3.87,31.45,23.3,19.68
2020-12-18,2.02,32.52,22.68,28.31
2020-12-19,3.84,35.01,23.11,20.99
2020-12-20,2.36,34.7,23.16,24.64
2020-12-21,4.91,32.47,23.04,20.96
2020-12-22,1.9,34.46,22.29,22.43
2020-12-23,0.0,34.1,20.56,29.37
2020-12-24,0.0,34.85,19.51,30.39
2020-12-25,0.0,33.6,17.47,30.03
2020-12-26,0.28,33.9,18.76,28.04
2020-12-27,9.2,34.49,21.12,20.76
2020-12-28,9.33,31.67,22.34,23.51
2020-12-29,2.72,31.71,21.55,17.45
2020-12-30,1.25,33.81,20.9,24.04
2020-12-31,6.28,30.3,22.74,15.8
2021-01-01,19.33,30.56,21.94,23.68
2021-01-02,1.49,32.36,21.95,23.6
2021-01-03,0.99,32.41,19.93,29.41
2021-01-04,0.05,32.06,18.18,29.23
2021-01-05,4.11,29.88,21.74,23.69
2021-01-06,8.7,28.14,21.91,19.27
2021-01-07,7.32,31.38,21.83,19.61
2021-01-08,6.48,30.8,22.01,24.6
2021-01-09,0.5,30.47,22.01,26.01
2021-01-10,0.37,34.84,21.66,25.75
2021-01-11,0.17,34.31,22.49,24.66
2021-01-12,2.96,33.86,23.72,23.64
2021-01-13,3.48,34.64,23.69,19.69
2021-01-14,2.89,31.84,22.0,16.38
2021-01-15,5.17,32.07,21.98,19.12
2021-01-16,14.37,27.25,21.92,14.73
2021-01-17,11.91,28.82,21.42,15.31
2021-01-18,10.16,28.71,20.9,14.64
2021-01-19,18.03,27.52,22.21,15.47
2021-01-20,2.94,27.96,21.1,15.47
2021-01-21,1.23,29.18,21.43,17.96
2021-01-22,0.3,30.73,21.47,25.63
2021-01-23,1.77,30.75,21.7,27.62
2021-01-24,10.54,27.34,20.87,15.87
2021-01-25,2.63,25.68,20.56,12.58
2021-01-26,0.57,29.91,19.97,20.76
2021-01-27,14.1,29.76,21.24,18.88
2021-01-28,12.43,27.28,21.22,19.42
2021-01-29,13.87,27.25,21.92,19.98
2021-01-30,24.44,27.78,21.63,17.43
2021-01-31,13.58,27.77,21.73,11.99
2021-02-01,3.5,28.22,20.93,22.19
2021-02-02,2.5,29.19,21.28,24.64
2021-02-03,0.52,31.48,21.3,26.4
2021-02-04,1.48,30.21,23.12,20.13
2021-02-05,0.24,27.37,19.29,27.04
2021-02-06,0.0,28.6,16.75,29.37
2021-02-07,0.0,28.61,18.34,29.26
2021-02-08,0.0,28.68,15.69,29.8
2021-02-09,0.0,28.85,17.1,27.36
2021-02-10,0.51,30.36,18.85,26.21
2021-02-11,14.53,27.6,19.55,11.28
2021-02-12,2.28,27.14,19.07,12.94
2021-02-13,2.56,27.97,19.23,20.89
2021-02-14,9.28,27.64,19.15,9.1
2021-02-15,4.06,28.59,19.88,23.17
2021-02-16,0.15,29.88,20.03,26.09
2021-02-17,1.04,30.4,20.46,22.15
2021-02-18,0.01,30.96,17.71,28.67
2021-02-19,0.02,31.35,15.41,29.61
2021-02-20,0.0,32.98,18.85,27.8
2021-02-21,0.0,33.76,19.89,26.9
2021-02-22,0.0,33.77,19.53,26.48
2021-02-23,0.19,34.65,20.46,23.63
2021-02-24,0.82,35.53,20.95,23.84
2021-02-25,2.04,33.8,21.09,23.81
2021-02-26,4.31,32.15,20.04,19.14
2021-02-27,2.67,31.26,19.71,21.42
2021-02-28,15.84,29.07,20.05,13.56
2021-03-01,7.75,28.9,20.05,16.16
2021-03-02,13.21,28.78,20.14,17.04
2021-03-03,6.19,28.39,19.76,15.81
2021-03-04,26.91,25.92,20.68,10.12
2021-03-05,13.72,24.79,21.24,9.94
2021-03-06,5.11,27.77,20.7,14.11
2021-03-07,8.61,28.35,20.39,21.24
2021-03-08,1.24,28.89,20.01,22.64
2021-03-09,2.61,28.96,20.71,21.38
2021-03-10,0.11,28.68,18.61,25.19
2021-03-11,0.41,30.73,19.07,25.58
2021-03-12,0.08,31.62,18.81,24.79
2021-03-13,0.53,30.9,19.94,24.55
2021-03-14,1.68,29.89,20.63,23.47
2021-03-15,0.88,29.97,20.1,23.6
2021-03-16,0.84,32.0,21.06,23.61
2021-03-17,5.83,31.11,20.86,11.39
2021-03-18,1.64,30.71,21.07,18.11
2021-03-19,1.85,30.6,20.92,20.25
2021-03-20,1.17,32.36,20.52,22.36
2021-03-21,2.08,32.16,22.47,21.33
2021-03-22,0.13,33.8,22.19,24.28
2021-03-23,0.14,33.65,20.89,20.81
2021-03-24,0.81,33.69,21.9,22.85
2021-03-25,0.78,33.51,21.89,23.59
2021-03-26,1.42,34.07,21.89,20.88
2021-03-27,7.22,32.45,20.91,17.63
2021-03-28,0.76,32.87,20.87,21.82
2021-03-29,6.2,32.91,20.1,18.16
2021-03-30,3.07,31.0,19.94,21.88
2021-03-31,0.08,30.29,17.72,21.92
2021-04-01,0.01,29.06,15.96,21.58
2021-04-02,0.0,29.87,16.09,23.95
2021-04-03,0.0,31.23,16.29,23.39
2021-04-04,0.0,31.18,17.55,21.78
2021-04-05,0.03,30.99,17.64,21.01
2021-04-06,0.04,30.97,18.4,20.44
2021-04-07,0.0,30.87,18.86,18.72
2021-04-08,0.0,31.73,18.24,20.95
2021-04-09,0.0,32.09,17.81,22.15
2021-04-10,0.0,32.42,16.11,23.1
2021-04-11,0.0,32.8,16.29,23.11
2021-04-12,0.01,33.98,19.26,19.45
2021-04-13,0.2,30.75,20.83,17.48
2021-04-14,0.02,29.18,17.23,19.9
2021-04-15,0.0,30.7,16.44,19.59
2021-04-16,0.73,31.56,17.03,17.54
2021-04-17,3.92,30.15,17.98,17.13
2021-04-18,1.21,29.66,17.63,16.57
2021-04-19,0.09,29.61,17.18,19.26
2021-04-20,0.04,29.89,16.34,20.65
2021-04-21,0.0,29.42,15.42,21.36
2021-04-22,0.0,29.49,15.53,20.94
2021-04-23,0.0,29.27,14.66,19.54
2021-04-24,0.0,31.26,15.82,20.45
2021-04-25,0.0,30.93,17.61,15.32
2021-04-26,0.0,31.06,17.02,16.63
2021-04-27,0.0,30.32,14.49,20.93
2021-04-28,0.0,30.03,13.6,20.85
2021-04-29,0.0,28.73,14.2,20.39
2021-04-30,0.0,28.72,14.34,16.98
2021-05-01,0.0,29.96,15.43,16.69
2021-05-02,0.0,30.92,16.14,18.26
2021-05-03,0.0,31.85,15.85,19.38
2021-05-04,0.0,32.32,15.19,19.53
2021-05-05,0.0,32.87,16.43,19.25
2021-05-06,0.0,32.23,17.23,18.38
2021-05-07,0.01,26.31,17.23,9.53
2021-05-08,0.0,28.78,13.68,18.29
2021-05-09,0.0,29.78,14.59,18.68
2021-05-10,0.0,29.95,15.25,16.22
2021-05-11,0.01,30.84,14.63,16.31
2021-05-12,7.36,26.77,17.83,10.16
2021-05-13,0.11,26.36,13.93,15.6
2021-05-14,0.26,26.45,13.7,15.37
2021-05-15,0.02,28.43,14.11,17.01
2021-05-16,0.01,28.69,14.76,17.24
2021-05-17,0.0,29.63,13.64,17.38
2021-05-18,0.0,28.6,13.75,17.74
2021-05-19,0.02,28.99,11.38,17.97
2021-05-20,0.01,30.91,11.95,16.91
2021-05-21,0.11,32.07,16.17,15.28
2021-05-22,18.37,25.45,18.03,4.9
2021-05-23,1.82,25.67,11.47,10.77
2021-05-24,0.0,22.28,7.77,16.89
2021-05-25,0.03,24.56,9.09,16.61
2021-05-26,0.0,27.95,11.44,13.27
2021-05-27,0.01,30.31,15.67,15.16
2021-05-28,0.0,29.87,17.73,13.32
2021-05-29,3.0,30.54,20.08,13.16
2021-05-30,42.33,27.75,18.6,9.29
2021-05-31,9.7,24.12,17.63,8.32
2021-06-01,0.35,24.89,15.44,14.38
2021-06-02,0.08,27.96,13.68,14.48
2021-06-03,0.04,29.08,14.55,15.73
2021-06-04,0.01,29.26,15.46,16.08
2021-06-05,0.02,29.48,14.91,14.94
2021-06-06,2.36,29.67,16.58,15.46
2021-06-07,13.23,23.03,16.39,4.39
2021-06-08,0.59,22.69,15.59,5.39
2021-06-09,3.27,22.96,15.62,12.03
2021-06-10,5.98,23.9,15.95,2.09
2021-06-11,0.91,24.43,16.0,6.9
2021-06-12,0.09,23.66,11.7,15.18
2021-06-13,0.07,23.37,9.63,16.61
2021-06-14,0.01,23.92,9.54,16.59
2021-06-15,0.04,24.19,10.31,15.64
2021-06-16,0.08,23.02,10.33,15.88
2021-06-17,0.04,23.81,11.31,15.69
2021-06-18,0.59,24.13,12.94,7.77
2021-06-19,0.59,25.03,14.69,9.89
2021-06-20,0.05,22.46,12.75,12.5
2021-06-21,2.22,23.1,11.27,11.07
2021-06-22,3.06,25.19,15.49,10.54
2021-06-23,0.02,24.66,14.53,15.41
2021-06-24,0.01,27.52,13.11,15.0
2021-06-25,0.05,29.36,16.84,13.62
2021-06-26,0.0,29.99,16.21,14.01
2021-06-27,0.0,29.08,13.71,16.11
2021-06-28,2.43,22.5,10.15,8.78
2021-06-29,0.92,15.79,6.53,13.02
2021-06-30,0.03,17.99,2.36,16.23
2021-07-01,0.12,20.58,4.45,17.13
2021-07-02,0.58,25.13,8.82,16.88
2021-07-03,0.0,26.51,9.79,16.97
2021-07-04,0.0,25.16,9.95,15.36
2021-07-05,0.01,25.15,11.07,15.64
2021-07-06,0.03,24.36,10.37,15.88
2021-07-07,0.0,24.28,11.7,16.53
2021-07-08,0.02,24.31,10.55,16.41
2021-07-09,0.01,24.57,10.28,16.83
2021-07-10,0.01,26.61,10.49,16.34
2021-07-11,0.01,26.76,11.02,16.81
2021-07-12,0.0,28.36,10.91,16.92
2021-07-13,0.0,28.16,10.92,16.67
2021-07-14,0.01,28.69,12.06,15.77
2021-07-15,0.15,29.01,13.32,16.07
2021-07-16,7.38,22.63,15.65,9.47
2021-07-17,3.77,25.07,15.15,10.84
2021-07-18,0.07,21.89,7.06,17.4
2021-07-19,0.06,20.31,1.79,16.87
2021-07-20,0.01,20.51,3.55,15.71
2021-07-21,0.0,25.16,7.41,17.5
2021-07-22,0.0,26.71,7.27,17.19
2021-07-23,0.0,27.69,9.36,17.85
2021-07-24,0.0,28.66,10.14,18.04
2021-07-25,0.0,29.11,9.78,17.93
2021-07-26,0.01,30.09,11.69,17.92
2021-07-27,1.07,28.03,13.5,13.4
2021-07-28,2.4,18.13,6.43,9.34
2021-07-29,0.0,15.98,2.3,19.17
2021-07-30,0.01,19.48,3.52,16.82
2021-07-31,0.0,21.04,6.26,16.5
2021-08-01,0.03,23.04,10.15,12.42
2021-08-02,0.0,25.82,10.2,18.3
2021-08-03,0.0,24.74,9.47,19.15
2021-08-04,0.0,24.12,8.65,16.21
2021-08-05,0.01,25.87,12.06,14.0
2021-08-06,0.43,26.84,13.23,15.22
2021-08-07,0.0,28.63,15.74,16.89
2021-08-08,0.0,29.41,14.79,17.23
2021-08-09,0.0,30.74,12.65,19.08
2021-08-10,0.0,32.41,14.97,18.87
2021-08-11,0.19,30.1,16.35,17.62
2021-08-12,0.01,26.2,12.85,15.31
2021-08-13,0.0,26.95,13.14,17.34
2021-08-14,0.0,30.07,13.25,18.07
2021-08-15,0.0,31.9,14.41,16.13
2021-08-16,0.15,32.99,19.36,16.85
2021-08-17,0.01,35.13,17.24,19.18
2021-08-18,0.0,36.09,17.76,19.38
2021-08-19,0.0,35.07,17.29,20.29
2021-08-20,0.0,33.9,16.42,19.82
2021-08-21,0.0,33.88,17.76,20.21
2021-08-22,0.0,34.08,15.55,21.02
2021-08-23,0.0,35.13,17.19,19.93
2021-08-24,0.0,35.59,21.79,16.74
2021-08-25,0.0,36.27,22.61,18.56
2021-08-26,0.08,27.9,19.33,13.4
2021-08-27,7.28,25.57,17.1,6.77
2021-08-28,7.08,25.38,15.1,10.04
2021-08-29,0.45,23.81,16.18,12.1
2021-08-30,0.0,29.25,13.05,21.01
2021-08-31,0.0,29.79,14.86,22.34
2021-09-01,0.0,30.46,14.94,22.54
2021-09-02,0.01,30.63,14.68,20.71
2021-09-03,0.0,33.86,17.47,21.41
2021-09-04,0.04,36.15,18.56,21.64
2021-09-05,0.01,34.43,18.04,21.03
2021-09-06,0.0,36.66,18.22,22.3
2021-09-07,0.0,37.04,16.97,21.16
2021-09-08,7.99,39.03,20.39,18.25
2021-09-09,8.89,29.0,16.71,5.76
2021-09-10,1.45,28.08,14.67,9.76
2021-09-11,0.24,30.22,15.95,13.09
2021-09-12,0.0,35.16,16.63,21.43
2021-09-13,0.05,38.11,18.89,16.48
2021-09-14,12.58,35.03,21.05,14.21
2021-09-15,10.22,26.62,20.61,13.85
2021-09-16,0.05,32.3,16.9,13.64
2021-09-17,0.11,33.77,16.41,18.94
2021-09-18,0.01,36.31,18.31,20.63
2021-09-19,0.0,37.07,20.09,21.84
2021-09-20,0.0,38.36,21.14,21.71
2021-09-21,0.55,38.92,23.38,18.93
2021-09-22,0.06,27.72,16.39,20.97
2021-09-23,0.0,29.86,13.6,22.69
2021-09-24,0.0,31.92,14.65,22.81
2021-09-25,0.02,32.28,17.35,20.91
2021-09-26,0.36,32.24,19.41,15.52
2021-09-27,0.1,34.29,19.18,22.77
2021-09-28,0.02,37.09,19.38,23.97
2021-09-29,0.04,38.26,24.57,18.91
2021-09-30,0.49,34.7,18.93,23.88
2021-10-01,11.06,37.45,19.08,9.73
2021-10-02,11.36,28.04,21.18,5.27
2021-10-03,6.65,34.59,20.75,11.79
2021-10-04,15.05,28.91,21.66,6.89
2021-10-05,0.15,31.94,18.07,15.84
2021-10-06,6.78,34.46,16.83,22.91
2021-10-07,6.78,29.64,22.09,10.76
2021-10-08,0.0,30.88,16.76,25.58
2021-10-09,2.43,30.47,17.08,18.22
2021-10-10,6.12,25.04,16.85,4.78
2021-10-11,0.01,29.65,16.29,15.49
2021-10-12,0.0,31.43,16.39,26.0
2021-10-13,0.01,32.99,17.39,27.82
2021-10-14,7.48,32.79,18.1,9.64
2021-10-15,19.12,30.48,21.55,9.92
2021-10-16,7.74,30.5,21.85,16.04
2021-10-17,0.86,29.67,18.45,11.2
2021-10-18,3.97,26.16,17.51,11.8
2021-10-19,0.98,26.98,15.99,15.15
2021-10-20,0.02,27.51,13.16,28.16
2021-10-21,0.0,28.19,12.55,28.95
2021-10-22,0.0,30.7,13.86,29.58
2021-10-23,17.01,34.42,14.42,25.64
2021-10-24,44.95,24.76,16.98,13.07
2021-10-25,0.0,28.87,15.22,21.81
2021-10-26,0.01,30.36,16.63,22.66
2021-10-27,0.16,30.63,18.5,17.86
2021-10-28,0.52,31.38,20.2,21.68
2021-10-29,0.01,32.62,18.72,26.72
2021-10-30,3.79,31.58,18.76,24.07
2021-10-31,8.18,28.29,19.19,13.22
2021-11-01,1.25,30.02,18.14,23.72
2021-11-02,0.03,31.86,17.24,24.83
2021-11-03,0.0,32.54,17.94,29.42
2021-11-04,0.0,35.06,18.01,29.26
2021-11-05,0.18,34.73,20.71,26.32
2021-11-06,0.8,33.78,20.83,23.15
2021-11-07,1.13,34.65,20.46,28.12
2021-11-08,3.4,34.75,19.08,24.18
2021-11-09,0.14,34.87,19.02,28.37
2021-11-10,0.22,34.52,18.04,27.37
2021-11-11,0.51,31.48,18.51,12.1
2021-11-12,0.05,32.48,16.6,25.33
2021-11-13,0.0,31.25,14.86,28.88
2021-11-14,0.0,33.81,13.83,28.14
2021-11-15,0.34,35.33,17.35,27.01
2021-11-16,0.08,35.02,19.77,25.66
2021-11-17,4.3,35.97,22.25,22.55
2021-11-18,28.7,30.11,22.75,13.56
2021-11-19,3.82,31.98,22.03,17.5
2021-11-20,0.03,32.6,19.21,28.68
2021-11-21,0.03,33.38,16.09,31.15
2021-11-22,0.02,35.18,15.4,28.56
2021-11-23,0.16,37.11,16.07,29.77
2021-11-24,0.59,36.06,19.58,26.99
2021-11-25,7.4,36.29,19.81,26.58
2021-11-26,26.63,32.08,21.86,23.0
2021-11-27,0.02,32.6,16.44,32.0
2021-11-28,0.0,35.54,18.14,28.22
2021-11-29,9.45,31.21,22.8,23.68
2021-11-30,1.17,33.27,19.26,22.8
2021-12-01,0.22,34.85,17.66,31.23
2021-12-02,0.07,34.54,18.72,24.66
2021-12-03,0.07,33.97,18.93,30.68
2021-12-04,0.02,34.1,18.02,30.84
2021-12-05,0.32,35.45,18.66,30.68
2021-12-06,6.94,34.71,20.5,28.06
2021-12-07,1.59,31.24,18.47,26.79
2021-12-08,0.04,31.01,15.08,29.27
2021-12-09,0.0,32.17,14.43,32.65
2021-12-10,0.0,33.44,14.74,32.29
2021-12-11,0.0,33.78,17.89,28.43
2021-12-12,0.0,37.24,20.88,26.21
2021-12-13,7.82,32.28,23.18,14.27
2021-12-14,8.55,28.83,22.14,12.53
2021-12-15,10.87,30.2,22.78,13.72
2021-12-16,7.21,31.51,22.34,21.13
2021-12-17,5.4,33.16,22.63,15.07
2021-12-18,1.25,33.65,20.36,21.56
2021-12-19,0.02,32.43,18.2,31.4
2021-12-20,0.01,33.32,16.58,31.24
2021-12-21,0.0,34.65,18.05,28.75
2021-12-22,0.58,35.83,20.8,29.68
2021-12-23,2.26,33.15,21.91,23.26
2021-12-24,0.01,33.1,17.54,31.26
2021-12-25,0.0,33.62,16.53,32.06
2021-12-26,0.01,35.96,17.14,30.14
2021-12-27,0.41,35.96,21.38,27.59
2021-12-28,4.18,35.59,22.36,25.52
2021-12-29,22.79,30.42,22.26,20.3
2021-12-30,7.7,29.74,19.92,16.54
2021-12-31,0.81,31.62,19.55,26.3
2022-01-01,2.24,32.7,20.32,25.23
2022-01-02,1.03,33.78,20.66,23.98
2022-01-03,7.96,33.28,22.15,19.6
2022-01-04,5.56,30.63,22.36,18.2
2022-01-05,11.64,32.17,23.22,18.34
2022-01-06,5.11,30.99,22.67,22.13
2022-01-07,1.59,29.96,19.36,20.48
2022-01-08,0.0,31.25,17.32,25.09
2022-01-09,0.16,29.88,16.61,20.49
2022-01-10,4.28,30.34,16.97,24.73
2022-01-11,4.75,30.26,18.54,20.65
2022-01-12,5.25,29.6,20.27,18.11
2022-01-13,5.18,29.62,20.64,17.27
2022-01-14,1.91,33.71,21.01,24.28
2022-01-15,10.14,30.21,23.03,21.63
2022-01-16,13.69,28.49,21.33,8.09
2022-01-17,1.26,29.69,20.93,17.07
2022-01-18,2.63,31.82,20.63,22.18
2022-01-19,3.04,30.79,22.21,23.96
2022-01-20,0.71,32.74,20.54,29.1
2022-01-21,0.27,34.83,22.01,27.92
2022-01-22,0.1,35.92,22.55,28.32
2022-01-23,0.03,36.85,23.85,28.54
2022-01-24,0.01,38.1,24.15,28.33
2022-01-25,0.14,36.06,23.5,26.25
2022-01-26,7.28,35.04,23.46,26.27
2022-01-27,9.71,32.09,23.62,22.01
2022-01-28,28.52,27.11,21.99,14.45
2022-01-29,27.09,28.05,20.7,10.91
2022-01-30,17.91,28.25,21.98,8.45
2022-01-31,7.82,28.49,21.53,14.76
2022-02-01,3.49,27.31,20.86,18.93
2022-02-02,9.1,28.32,20.78,12.56
2022-02-03,11.77,27.79,20.82,18.27
2022-02-04,9.63,27.86,21.55,21.87
2022-02-05,8.09,27.78,22.62,19.46
2022-02-06,7.49,29.37,22.51,21.51
2022-02-07,0.14,29.64,20.27,27.25
2022-02-08,0.21,29.35,19.25,27.74
2022-02-09,0.01,29.16,19.14,28.59
2022-02-10,0.0,29.61,17.43,28.54
2022-02-11,0.01,30.27,17.32,27.17
2022-02-12,0.0,30.72,18.13,28.89
2022-02-13,0.0,31.48,18.74,28.44
2022-02-14,0.35,33.74,20.77,27.65
2022-02-15,0.65,33.19,21.59,24.3
2022-02-16,3.84,31.6,20.87,25.57
2022-02-17,5.58,31.26,20.49,25.67
2022-02-18,2.4,31.09,19.79,25.07
2022-02-19,1.1,31.33,18.42,26.59
2022-02-20,1.36,31.69,19.16,25.92
2022-02-21,0.29,32.57,19.65,25.28
2022-02-22,1.33,33.91,21.9,24.16
2022-02-23,1.47,34.13,22.55,23.24
2022-02-24,1.58,34.0,23.21,22.96
2022-02-25,3.75,30.23,23.68,23.34
2022-02-26,3.01,33.85,22.96,23.36
2022-02-27,0.05,35.42,21.08,25.89
2022-02-28,0.88,35.61,22.11,24.24
2022-03-01,12.91,34.01,23.36,15.62
2022-03-02,5.95,28.2,22.8,13.19
2022-03-03,1.64,31.61,22.05,23.81
2022-03-04,0.85,31.8,22.06,22.22
2022-03-05,3.25,33.26,21.14,25.04
2022-03-06,2.13,33.43,21.29,21.68
2022-03-07,0.03,34.88,21.76,24.39
2022-03-08,0.84,35.71,23.63,20.79
2022-03-09,7.18,29.8,23.17,18.3
2022-03-10,8.98,30.37,22.16,20.99
2022-03-11,7.07,29.92,22.42,21.99
2022-03-12,12.71,28.36,21.69,15.16
2022-03-13,13.61,25.5,21.2,14.62
2022-03-14,11.27,28.34,20.65,16.37
2022-03-15,3.38,29.86,21.52,17.17
2022-03-16,5.53,30.13,21.54,15.62
2022-03-17,2.3,30.05,22.4,22.21
2022-03-18,2.31,31.9,21.65,22.06
2022-03-19,6.67,28.96,22.64,14.06
2022-03-20,6.56,27.59,19.57,11.55
2022-03-21,0.01,28.26,16.74,24.38
2022-03-22,0.15,29.3,16.86,24.95
2022-03-23,0.54,30.99,17.74,22.46
2022-03-24,14.99,31.29,20.55,14.99
2022-03-25,14.97,26.74,22.2,8.86
2022-03-26,3.21,27.83,21.1,16.81
2022-03-27,3.3,28.41,20.31,14.73
2022-03-28,0.26,29.68,20.28,20.08
2022-03-29,0.0,30.57,18.76,24.0
2022-03-30,2.35,31.59,20.1,19.36
2022-03-31,34.39,29.55,17.45,15.44
2022-04-01,5.04,22.45,16.24,8.72
2022-04-02,0.02,27.34,16.26,19.47
2022-04-03,0.0,28.99,17.3,22.57
2022-04-04,1.77,29.88,20.0,19.48
2022-04-05,1.4,29.91,20.31,22.02
2022-04-06,0.16,29.86,20.67,21.19
2022-04-07,0.0,30.17,19.54,21.39
2022-04-08,0.45,31.14,19.7,18.65
2022-04-09,0.11,29.54,20.75,19.72
2022-04-10,0.0,30.8,19.72,19.52
2022-04-11,14.04,30.13,19.55,15.2
2022-04-12,12.74,28.83,20.81,15.63
2022-04-13,3.43,27.64,20.78,6.7
2022-04-14,1.48,27.93,19.37,18.16
2022-04-15,0.1,25.27,14.46,22.47
2022-04-16,0.02,24.71,11.98,22.55
2022-04-17,0.18,25.34,12.63,21.7
2022-04-18,0.01,26.48,13.95,18.76
2022-04-19,0.05,28.42,14.71,20.71
2022-04-20,0.0,29.02,15.94,20.1
2022-04-21,0.03,28.86,14.85,20.51
2022-04-22,0.17,30.8,16.95,19.97
2022-04-23,3.85,26.91,18.33,12.07
2022-04-24,0.13,30.28,18.6,19.94
2022-04-25,0.07,31.56,17.6,19.99
2022-04-26,0.02,32.57,17.51,16.73
2022-04-27,0.02,32.15,18.2,17.98
2022-04-28,0.17,32.08,19.41,17.59
2022-04-29,8.14,31.57,19.86,16.0
2022-04-30,0.81,28.37,16.92,18.68
2022-05-01,1.18,29.08,17.82,12.54
2022-05-02,0.19,31.01,17.51,15.96
2022-05-03,3.18,32.08,17.81,16.47
2022-05-04,4.9,21.84,13.63,12.31
2022-05-05,0.18,25.1,12.06,9.6
2022-05-06,0.03,26.65,13.44,15.83
2022-05-07,0.0,25.87,12.26,18.79
2022-05-08,0.01,27.33,12.3,18.5
2022-05-09,0.0,28.88,14.68,17.53
2022-05-10,1.09,28.99,16.01,16.51
2022-05-11,6.5,26.18,16.19,9.44
2022-05-12,0.01,26.75,12.84,17.63
2022-05-13,0.04,27.75,12.68,17.45
2022-05-14,0.32,28.56,13.66,14.75
2022-05-15,4.1,26.36,16.74,6.51
2022-05-16,0.09,24.34,12.38,15.15
2022-05-17,0.02,17.53,6.46,18.96
2022-05-18,0.25,15.78,6.06,7.06
2022-05-19,0.48,19.86,7.33,17.63
2022-05-20,0.0,21.26,4.95,17.85
2022-05-21,0.69,23.2,6.42,16.42
2022-05-22,0.01,24.96,7.23,17.6
2022-05-23,0.01,26.55,11.61,16.84
2022-05-24,0.0,28.26,11.28,16.66
2022-05-25,0.0,28.06,12.44,16.89
2022-05-26,0.01,27.63,11.66,13.58
2022-05-27,0.14,27.95,13.51,14.65
2022-05-28,1.73,29.17,14.64,16.05
2022-05-29,0.68,29.84,15.26,15.85
2022-05-30,24.97,22.53,17.25,7.85
2022-05-31,21.9,22.86,16.25,4.73
2022-06-01,5.31,24.27,14.67,9.65
2022-06-02,1.17,24.73,16.78,9.42
2022-06-03,0.04,24.49,13.12,9.1
2022-06-04,0.01,24.15,12.89,15.48
2022-06-05,0.0,26.37,13.68,14.87
2022-06-06,0.92,27.16,14.82,13.63
2022-06-07,2.11,27.05,16.62,11.81
2022-06-08,0.5,24.28,16.6,9.91
2022-06-09,3.95,24.33,15.58,5.76
2022-06-10,9.7,23.87,15.74,8.55
2022-06-11,0.02,19.76,10.22,15.32
2022-06-12,0.03,18.96,6.4,14.67
2022-06-13,0.19,21.04,4.41,16.58
2022-06-14,0.08,21.73,8.91,16.08
2022-06-15,0.09,23.62,12.07,11.94
2022-06-16,0.72,27.75,11.26,15.77
2022-06-17,8.67,27.95,12.98,14.58
2022-06-18,11.52,22.19,11.95,12.81
2022-06-19,3.26,22.31,9.64,10.79
2022-06-20,8.02,23.85,13.12,10.37
2022-06-21,0.46,26.87,14.82,15.13
2022-06-22,0.48,27.3,14.82,15.14
2022-06-23,0.3,27.84,14.45,15.54
2022-06-24,0.11,27.72,13.44,15.04
2022-06-25,0.0,27.42,12.52,15.18
2022-06-26,0.0,23.89,14.32,15.01
2022-06-27,0.01,24.32,12.0,15.11
2022-06-28,0.74,26.1,12.74,14.65
2022-06-29,0.55,25.01,13.22,14.95
2022-06-30,0.0,24.67,9.63,15.83
2022-07-01,0.39,26.73,10.94,15.77
2022-07-02,0.02,28.7,12.77,15.67
2022-07-03,1.63,29.4,13.25,15.82
2022-07-04,1.22,28.69,12.32,16.19
2022-07-05,1.23,27.28,11.47,15.97
2022-07-06,1.6,26.83,12.13,13.13
2022-07-07,0.02,27.84,13.22,15.85
2022-07-08,0.01,28.46,14.42,15.22
2022-07-09,0.22,27.76,14.29,15.46
2022-07-10,0.02,28.4,12.7,14.77
2022-07-11,0.0,28.47,14.71,15.89
2022-07-12,0.59,24.03,14.62,9.08
2022-07-13,1.42,24.97,14.93,9.43
2022-07-14,0.01,28.53,14.44,15.41
2022-07-15,0.0,29.26,14.79,14.8
2022-07-16,0.01,30.03,15.77,13.55
2022-07-17,0.03,21.67,16.19,12.89
2022-07-18,0.11,27.12,15.96,12.48
2022-07-19,0.02,30.04,16.08,16.03
2022-07-20,0.0,29.12,16.43,15.96
2022-07-21,0.0,29.63,15.63,15.8
2022-07-22,0.0,29.86,14.99,16.77
2022-07-23,0.0,30.04,13.64,16.99
2022-07-24,0.0,30.26,13.93,16.21
2022-07-25,0.0,30.54,14.56,16.83
2022-07-26,0.0,30.42,15.09,17.21
2022-07-27,0.0,30.02,14.86,16.46
2022-07-28,0.0,31.15,16.32,16.7
2022-07-29,0.37,26.07,11.62,10.62
2022-07-30,0.31,24.91,7.55,18.93
2022-07-31,0.02,28.16,9.55,18.12
2022-08-01,0.0,30.12,15.02,14.77
2022-08-02,0.0,31.4,15.18,16.27
2022-08-03,0.0,31.86,14.3,17.0
2022-08-04,0.01,31.91,18.53,15.94
2022-08-05,0.0,27.74,17.99,13.87
2022-08-06,0.01,28.62,17.16,12.06
2022-08-07,3.34,28.18,16.65,6.02
2022-08-08,8.69,26.24,17.37,9.7
2022-08-09,17.07,22.03,15.13,4.07
2022-08-10,2.51,18.36,10.14,10.63
2022-08-11,0.02,22.8,7.6,19.54
2022-08-12,0.11,24.99,10.86,19.97
2022-08-13,0.0,28.65,10.57,19.94
2022-08-14,0.36,30.47,11.67,19.7
2022-08-15,0.0,31.33,13.89,19.59
2022-08-16,1.98,31.18,17.17,9.73
2022-08-17,34.97,21.35,16.65,4.55
2022-08-18,10.13,24.17,14.73,2.66
2022-08-19,0.04,19.69,7.66,16.25
2022-08-20,0.4,22.49,5.92,14.91
2022-08-21,5.15,20.38,10.91,6.34
2022-08-22,0.04,25.42,11.61,19.95
2022-08-23,0.01,26.07,12.13,20.11
2022-08-24,0.0,27.41,13.27,19.7
2022-08-25,0.03,28.41,13.55,18.87
2022-08-26,0.07,29.91,13.89,18.11
2022-08-27,0.04,31.29,14.22,21.07
2022-08-28,0.0,32.08,17.98,19.94
2022-08-29,0.01,24.34,12.35,18.63
2022-08-30,0.01,23.32,10.63,16.51
2022-08-31,0.0,27.38,10.58,20.73
2022-09-01,0.0,30.39,11.54,21.68
2022-09-02,0.0,32.42,13.82,18.06
2022-09-03,0.97,29.63,17.84,15.11
2022-09-04,0.11,24.24,12.76,16.22
2022-09-05,9.63,23.82,12.29,8.31
2022-09-06,21.39,24.02,14.08,9.12
2022-09-07,7.48,28.19,15.23,16.57
2022-09-08,0.19,32.16,18.02,19.6
2022-09-09,0.0,33.57,18.78,20.35
2022-09-10,0.23,32.12,19.95,16.91
2022-09-11,0.03,26.66,16.3,17.23
2022-09-12,0.41,27.82,14.65,9.51
2022-09-13,0.99,30.51,16.75,10.53
2022-09-14,6.18,24.94,17.26,2.64
2022-09-15,1.72,24.09,16.01,9.06
2022-09-16,0.02,25.98,13.51,22.89
2022-09-17,0.01,25.45,11.64,25.56
2022-09-18,0.0,28.28,10.89,24.76
2022-09-19,0.36,31.23,12.51,19.44
2022-09-20,10.67,27.36,16.82,10.98
2022-09-21,38.04,27.66,18.52,5.72
2022-09-22,3.2,24.31,15.19,9.88
2022-09-23,0.13,22.89,9.54,26.3
2022-09-24,0.19,25.72,9.6,25.47
2022-09-25,0.32,25.7,12.64,20.0
2022-09-26,9.14,24.92,15.84,6.68
2022-09-27,15.49,26.72,18.12,6.8
2022-09-28,16.87,22.01,15.35,4.93
2022-09-29,3.03,23.87,13.95,16.53
2022-09-30,4.88,23.3,13.46,4.71
2022-10-01,1.08,26.86,15.3,23.13
2022-10-02,3.16,27.93,16.59,20.47
2022-10-03,5.29,26.18,17.2,16.24
2022-10-04,0.41,28.73,16.56,23.07
2022-10-05,1.22,30.66,16.36,22.54
2022-10-06,22.12,30.5,18.27,16.37
2022-10-07,26.98,24.89,16.14,17.59
2022-10-08,0.03,26.47,13.08,27.28
2022-10-09,0.5,30.14,15.77,13.94
2022-10-10,1.65,26.1,19.37,11.9
2022-10-11,3.23,27.07,17.86,17.97
2022-10-12,9.64,25.79,18.9,7.81
2022-10-13,1.21,28.49,18.06,8.54
2022-10-14,0.7,29.53,18.29,14.0
2022-10-15,0.55,26.76,16.3,15.39
2022-10-16,0.42,28.23,16.81,21.13
2022-10-17,12.9,27.25,18.89,21.46
2022-10-18,6.76,26.55,17.49,6.35
2022-10-19,1.78,28.82,19.0,24.93
2022-10-20,19.9,30.71,19.77,14.87
2022-10-21,8.73,28.28,20.13,12.42
2022-10-22,0.01,28.38,16.41,28.85
2022-10-23,0.0,28.93,16.51,28.93
2022-10-24,0.0,30.42,16.94,29.27
2022-10-25,0.0,30.17,17.22,29.63
2022-10-26,0.0,31.51,15.91,29.42
2022-10-27,0.01,32.85,21.41,17.39
2022-10-28,0.04,32.06,20.19,26.16
2022-10-29,14.18,32.34,20.97,23.03
2022-10-30,19.21,29.81,21.11,23.25
2022-10-31,16.69,29.66,19.16,12.36
2022-11-01,1.91,22.86,14.71,9.4
2022-11-02,0.16,20.51,12.52,14.84
2022-11-03,0.01,24.03,10.83,26.01
2022-11-04,0.0,24.49,9.46,29.78
2022-11-05,0.0,24.93,11.1,30.76
2022-11-06,0.0,26.17,11.68,28.48
2022-11-07,0.0,26.64,11.91,29.18
2022-11-08,0.01,28.1,13.08,28.11
2022-11-09,0.0,30.5,13.58,28.73
2022-11-10,0.03,32.72,14.86,29.29
2022-11-11,7.8,28.84,17.25,6.89
2022-11-12,0.11,30.77,17.25,22.12
2022-11-13,25.44,29.83,19.26,19.03
2022-11-14,2.39,28.89,20.58,22.08
2022-11-15,0.06,29.34,16.79,29.88
2022-11-16,0.01,30.18,14.59,31.14
2022-11-17,0.0,30.12,14.57,31.19
2022-11-18,0.01,31.21,12.2,30.17
2022-11-19,0.02,32.3,14.83,28.6
2022-11-20,0.01,33.31,16.94,29.2
2022-11-21,2.88,34.02,19.31,20.9
2022-11-22,4.14,29.81,21.64,16.76
2022-11-23,2.06,31.62,20.05,22.29
2022-11-24,0.8,32.51,20.19,25.87
2022-11-25,0.06,31.3,17.38,29.7
2022-11-26,0.04,31.89,15.56,28.25
2022-11-27,0.66,32.21,17.72,28.34
2022-11-28,0.76,29.43,18.1,25.67
2022-11-29,4.06,29.61,18.33,22.44
2022-11-30,1.58,31.78,19.27,20.19
2022-12-01,5.21,33.28,19.67,25.03
2022-12-02,18.53,31.34,21.57,21.03
2022-12-03,24.25,28.75,21.35,17.41
2022-12-04,17.92,26.17,21.92,10.14
2022-12-05,17.46,27.59,21.28,11.8
2022-12-06,10.67,29.35,19.99,16.06
2022-12-07,4.2,30.89,21.64,23.47
2022-12-08,0.45,30.98,21.69,28.24
2022-12-09,3.51,31.67,23.71,24.71
2022-12-10,3.33,32.23,22.09,25.61
2022-12-11,5.49,30.28,22.69,15.43
2022-12-12,12.4,27.25,22.67,13.32
2022-12-13,17.88,28.24,21.17,13.28
2022-12-14,0.7,27.13,17.23,26.31
2022-12-15,0.01,28.4,16.01,29.68
2022-12-16,0.15,29.97,17.11,29.63
2022-12-17,0.19,29.92,18.97,30.12
2022-12-18,0.73,29.4,18.88,12.34
2022-12-19,3.08,25.04,18.54,13.77
2022-12-20,0.16,30.07,17.3,24.69
2022-12-21,0.05,29.62,17.36,29.28
2022-12-22,0.0,30.12,16.2,30.18
2022-12-23,0.07,31.0,15.83,30.03
2022-12-24,0.82,32.68,18.15,27.32
2022-12-25,4.04,29.92,19.33,14.46
2022-12-26,4.77,31.94,20.42,21.94
2022-12-27,1.61,32.8,20.57,21.68
2022-12-28,5.33,32.52,21.87,19.36
2022-12-29,12.41,30.82,22.65,21.92
2022-12-30,0.78,31.57,21.1,24.77
2022-12-31,0.08,32.6,21.14,20.29
2023-01-01,0.99,33.3,20.9,24.96
2023-01-02,11.38,31.46,21.6,15.75
2023-01-03,6.89,30.79,21.84,18.7
2023-01-04,23.07,26.87,21.86,7.99
2023-01-05,3.78,24.72,17.81,11.73
2023-01-06,0.07,28.79,16.03,19.95
2023-01-07,0.02,28.39,15.36,19.31
2023-01-08,0.23,29.68,16.39,17.13
2023-01-09,0.59,30.34,18.22,15.92
2023-01-10,4.79,30.21,20.25,18.55
2023-01-11,4.56,25.99,21.46,19.54
2023-01-12,2.93,26.87,20.09,19.13
2023-01-13,18.44,28.27,19.9,18.28
2023-01-14,13.59,28.61,20.96,19.16
2023-01-15,9.66,28.47,21.91,22.76
2023-01-16,1.92,29.52,21.73,20.18
2023-01-17,1.24,29.5,20.94,26.9
2023-01-18,3.76,30.7,21.74,25.74
2023-01-19,3.93,27.68,21.12,24.33
2023-01-20,1.61,28.91,19.8,17.65
2023-01-21,1.26,31.05,21.31,20.7
2023-01-22,1.34,29.92,21.99,20.78
2023-01-23,0.61,29.49,21.6,19.31
2023-01-24,0.28,32.87,20.73,24.73
2023-01-25,0.02,33.77,21.78,29.46
2023-01-26,0.05,34.12,19.06,28.57
2023-01-27,0.1,33.72,19.78,27.04
2023-01-28,2.95,32.69,20.92,20.65
2023-01-29,7.35,31.88,22.04,23.28
2023-01-30,16.48,24.95,22.16,13.52
2023-01-31,9.04,25.81,21.39,13.75
2023-02-01,2.88,26.6,21.22,19.08
2023-02-02,20.96,27.76,20.48,15.04
2023-02-03,5.33,28.64,21.79,14.52
2023-02-04,3.42,29.07,22.14,17.42
2023-02-05,1.08,29.62,21.44,19.48
2023-02-06,0.53,30.91,20.95,23.65
2023-02-07,3.51,30.41,21.93,18.92
2023-02-08,0.65,30.71,20.56,26.57
2023-02-09,0.01,32.65,20.54,26.94
2023-02-10,13.38,28.41,21.88,17.34
2023-02-11,25.54,24.54,20.88,11.74
2023-02-12,5.98,27.49,19.93,18.79
2023-02-13,6.91,26.52,20.23,21.6
2023-02-14,1.97,29.18,21.09,24.26
2023-02-15,5.88,29.91,22.4,15.7
2023-02-16,12.24,28.8,21.25,20.2
2023-02-17,33.22,26.64,22.05,12.68
2023-02-18,3.39,29.28,19.73,20.17
2023-02-19,3.49,25.31,17.26,11.36
2023-02-20,12.58,25.22,17.58,10.62
2023-02-21,8.95,26.23,19.59,16.07
2023-02-22,1.87,28.87,18.82,24.12
2023-02-23,30.31,26.89,20.1,14.01
2023-02-24,3.91,26.92,20.19,13.16
2023-02-25,0.17,28.76,21.21,24.65
2023-02-26,0.55,27.53,21.11,17.08
2023-02-27,0.91,29.62,21.47,20.89
2023-02-28,8.61,26.65,20.09,18.84
2023-03-01,0.64,27.99,20.29,18.7
2023-03-02,1.7,28.89,19.63,25.59
2023-03-03,4.6,29.85,20.12,23.19
2023-03-04,10.73,30.05,20.58,22.04
2023-03-05,11.68,29.38,21.83,20.48
2023-03-06,5.13,29.33,20.9,22.66
2023-03-07,0.59,28.13,21.35,25.17
2023-03-08,0.09,29.14,19.23,23.83
2023-03-09,13.62,26.42,21.6,21.53
2023-03-10,10.65,24.37,20.41,8.99
2023-03-11,14.45,26.62,19.0,12.47
2023-03-12,9.75,26.56,19.77,11.71
2023-03-13,4.93,25.45,20.46,14.42
2023-03-14,9.88,27.39,20.85,16.42
2023-03-15,8.06,27.95,20.95,10.77
2023-03-16,3.16,27.61,20.74,14.77
2023-03-17,0.73,27.39,20.05,17.09
2023-03-18,0.48,28.97,19.18,21.36
2023-03-19,4.32,29.2,20.59,19.35
2023-03-20,6.66,28.56,20.7,21.95
2023-03-21,4.88,29.33,20.6,23.77
2023-03-22,0.03,29.96,20.2,23.34
2023-03-23,0.1,29.85,20.18,23.05
2023-03-24,0.15,30.42,20.68,21.05
2023-03-25,0.69,29.64,21.16,21.14
2023-03-26,1.57,30.27,21.7,19.21
2023-03-27,4.22,29.4,21.03,18.64
2023-03-28,0.7,29.07,18.58,20.44
2023-03-29,1.7,28.63,20.95,22.07
2023-03-30,3.18,28.58,20.18,21.42
2023-03-31,0.81,29.58,20.62,22.19
2023-04-01,0.21,30.44,18.81,23.46
2023-04-02,0.37,28.36,18.35,23.05
2023-04-03,0.27,28.22,17.13,23.29
2023-04-04,0.22,29.09,16.76,22.73
2023-04-05,0.81,29.01,17.31,20.52
2023-04-06,5.32,28.38,18.47,19.1
2023-04-07,8.79,26.21,19.62,12.4
2023-04-08,0.47,25.93,19.69,10.25
2023-04-09,0.1,27.16,19.22,15.93
2023-04-10,0.03,27.8,17.28,20.31
2023-04-11,0.01,27.83,15.78,20.81
2023-04-12,0.04,28.5,17.79,17.17
2023-04-13,11.93,28.48,19.7,18.41
2023-04-14,7.39,27.74,20.4,9.45
2023-04-15,0.02,27.82,18.63,17.48
2023-04-16,0.63,28.37,18.26,20.62
2023-04-17,14.99,27.98,20.25,11.42
2023-04-18,24.51,28.04,17.23,4.0
2023-04-19,0.9,24.21,14.46,19.9
2023-04-20,0.0,22.83,12.37,20.91
2023-04-21,0.09,23.26,10.57,21.58
2023-04-22,0.03,26.46,14.1,20.18
2023-04-23,0.02,26.27,15.04,18.42
2023-04-24,0.02,27.19,16.34,17.62
2023-04-25,7.43,26.4,15.9,7.48
2023-04-26,9.13,25.42,16.88,12.95
2023-04-27,1.71,25.87,17.13,6.63
2023-04-28,0.33,25.06,14.85,14.51
2023-04-29,0.01,25.58,15.32,18.77
2023-04-30,0.04,26.37,15.48,19.8
2023-05-01,0.01,27.48,13.69,19.11
2023-05-02,0.17,27.22,14.77,18.27
2023-05-03,0.04,28.31,15.59,17.26
2023-05-04,0.06,27.87,16.74,18.13
2023-05-05,0.03,29.63,17.39,18.48
2023-05-06,0.09,29.35,18.15,16.53
2023-05-07,0.04,29.26,18.93,17.07
2023-05-08,0.01,29.04,17.8,16.02
2023-05-09,0.61,28.86,19.25,12.81
2023-05-10,1.29,26.69,18.76,13.62
2023-05-11,0.05,27.44,13.4,16.26
2023-05-12,0.05,25.17,11.64,17.66
2023-05-13,0.07,24.45,11.67,18.42
2023-05-14,0.01,25.4,10.49,18.56
2023-05-15,0.09,26.87,10.29,18.68
2023-05-16,0.05,27.0,10.25,18.47
2023-05-17,0.04,25.23,11.28,18.56
2023-05-18,0.02,25.46,10.94,18.28
2023-05-19,0.02,26.26,11.09,16.74
2023-05-20,0.11,27.05,11.26,14.28
2023-05-21,0.03,26.89,11.29,15.3
2023-05-22,0.04,25.33,13.8,13.91
2023-05-23,0.01,28.3,12.41,16.8
2023-05-24,0.0,27.36,13.25,16.92
2023-05-25,0.0,28.21,14.42,16.3
2023-05-26,0.02,28.74,13.87,16.16
2023-05-27,0.91,29.55,14.44,15.65
2023-05-28,3.72,24.25,17.99,6.83
2023-05-29,0.02,25.97,15.45,15.45
2023-05-30,7.06,20.94,14.74,2.81
2023-05-31,1.88,24.25,15.64,8.16
2023-06-01,0.03,25.75,14.33,12.79
2023-06-02,0.05,25.62,12.79,16.56
2023-06-03,0.06,26.92,12.4,16.6
2023-06-04,0.07,27.59,11.37,16.57
2023-06-05,0.03,27.12,11.74,16.41
2023-06-06,0.01,25.68,12.74,16.18
2023-06-07,0.01,26.9,11.85,16.03
2023-06-08,0.01,27.24,12.05,15.85
2023-06-09,0.04,28.08,12.26,16.12
2023-06-10,0.03,29.13,15.24,15.72
2023-06-11,0.0,30.06,15.04,15.41
2023-06-12,6.12,27.52,16.44,7.67
2023-06-13,32.68,19.49,15.72,3.13
2023-06-14,16.56,18.16,14.59,2.58
2023-06-15,11.53,15.48,9.01,3.87
2023-06-16,0.01,17.32,8.68,14.71
2023-06-17,0.05,19.55,7.18,14.4
2023-06-18,0.04,20.74,8.56,16.16
2023-06-19,0.01,21.62,9.53,15.87
2023-06-20,0.03,23.89,9.92,15.88
2023-06-21,0.08,25.26,10.35,15.55
2023-06-22,0.62,24.5,11.85,14.69
2023-06-23,0.0,25.3,12.83,14.74
2023-06-24,0.11,26.66,12.37,15.64
2023-06-25,0.01,26.73,12.38,15.81
2023-06-26,0.05,26.65,11.8,15.95
2023-06-27,0.04,26.55,11.83,15.99
2023-06-28,0.04,26.98,13.72,15.38
2023-06-29,0.02,26.18,12.21,15.66
2023-06-30,0.01,25.71,12.49,15.87
2023-07-01,0.0,26.47,12.67,15.37
2023-07-02,0.05,26.12,12.09,15.96
2023-07-03,0.01,24.79,13.68,16.18
2023-07-04,0.0,24.12,11.33,16.42
2023-07-05,0.02,26.18,10.23,16.19
2023-07-06,0.03,26.24,10.99,15.94
2023-07-07,0.0,27.03,11.13,13.63
2023-07-08,2.34,24.74,15.14,11.44
2023-07-09,5.25,25.63,16.55,10.02
2023-07-10,1.37,29.25,17.22,10.85
2023-07-11,0.42,30.2,15.49,15.51
2023-07-12,0.76,29.79,15.87,14.78
2023-07-13,5.86,22.21,11.84,15.08
2023-07-14,0.0,19.52,6.37,17.57
2023-07-15,0.0,22.11,7.69,17.51
2023-07-16,0.0,22.86,9.98,12.18
2023-07-17,0.13,26.49,14.75,10.97
2023-07-18,0.03,23.39,15.08,10.87
2023-07-19,0.0,22.45,13.57,13.83
2023-07-20,0.0,27.07,13.03,16.33
2023-07-21,0.0,27.98,13.66,16.48
2023-07-22,0.0,27.35,13.93,16.08
2023-07-23,0.0,28.65,12.9,14.3
2023-07-24,0.0,28.63,13.78,12.41
2023-07-25,0.0,28.42,13.84,12.99
2023-07-26,0.21,29.81,16.53,14.07
2023-07-27,0.13,30.24,15.68,15.37
2023-07-28,0.4,29.65,16.01,13.14
2023-07-29,0.56,26.82,15.45,16.34
2023-07-30,0.0,26.0,11.58,17.2
2023-07-31,0.0,27.85,11.08,17.68
2023-08-01,0.03,28.78,11.78,17.24
2023-08-02,0.03,30.87,11.75,18.32
2023-08-03,0.0,31.49,13.89,18.62
2023-08-04,0.0,30.56,12.26,18.74
2023-08-05,0.0,31.02,12.82,18.81
2023-08-06,0.0,32.56,13.09,18.47
2023-08-07,0.46,33.82,15.63,17.71
2023-08-08,2.28,29.38,15.93,12.12
2023-08-09,2.57,29.46,14.7,14.08
2023-08-10,0.09,33.24,16.51,18.2
2023-08-11,0.17,34.47,17.57,16.93
2023-08-12,0.42,34.52,18.07,13.81
2023-08-13,0.33,26.74,17.31,9.22
2023-08-14,0.0,29.23,13.74,11.02
2023-08-15,0.0,29.66,15.92,12.33
2023-08-16,0.6,30.83,17.29,10.62
2023-08-17,0.03,32.1,17.08,18.39
2023-08-18,0.01,33.85,17.12,17.53
2023-08-19,2.52,23.55,17.23,9.41
2023-08-20,0.71,26.9,15.93,13.82
2023-08-21,0.03,30.4,16.76,18.91
2023-08-22,0.0,34.13,16.9,19.53
2023-08-23,0.0,35.07,19.22,17.64
2023-08-24,0.26,35.43,22.05,16.13
2023-08-25,7.1,32.84,19.94,15.27
2023-08-26,1.41,24.13,14.76,7.8
2023-08-27,0.07,24.23,11.01,8.51
2023-08-28,0.01,26.01,11.28,20.67
2023-08-29,0.15,23.99,12.99,17.38
2023-08-30,0.08,29.91,14.8,19.04
2023-08-31,0.65,31.16,15.64,11.72
2023-09-01,0.01,32.61,15.08,19.0
2023-09-02,3.94,34.93,16.81,14.89
2023-09-03,2.79,33.91,21.08,19.32
2023-09-04,3.64,35.81,22.28,18.09
2023-09-05,0.45,33.96,19.05,16.2
2023-09-06,0.02,29.47,16.87,17.39
2023-09-07,0.0,30.78,17.07,19.09
2023-09-08,0.26,34.88,17.97,19.32
2023-09-09,7.14,27.94,18.99,3.19
2023-09-10,0.07,32.74,16.76,20.25
2023-09-11,0.08,35.19,17.45,23.27
2023-09-12,0.0,36.23,17.74,23.62
2023-09-13,1.56,36.64,19.63,19.78
2023-09-14,1.53,26.84,14.64,9.11
2023-09-15,0.13,29.95,11.08,24.73
2023-09-16,0.03,33.97,12.53,24.42
2023-09-17,0.0,37.76,17.86,22.23
2023-09-18,2.84,37.06,22.39,18.55
2023-09-19,0.47,37.04,21.59,20.69
2023-09-20,0.43,38.06,20.58,21.92
2023-09-21,0.01,38.73,21.28,23.26
2023-09-22,0.01,40.43,22.8,21.51
2023-09-23,0.01,40.74,23.8,22.42
2023-09-24,0.06,41.54,25.95,22.82
2023-09-25,0.34,40.74,25.85,19.0
2023-09-26,0.72,40.96,23.91,21.77
2023-09-27,0.43,39.59,26.54,21.41
2023-09-28,0.09,34.28,19.7,20.03
2023-09-29,0.11,34.93,17.61,18.87
2023-09-30,0.6,36.42,19.08,19.98
2023-10-01,5.73,32.89,22.49,15.19
2023-10-02,0.07,34.84,22.26,14.7
2023-10-03,2.48,37.46,24.92,21.07
2023-10-04,10.49,37.61,26.07,14.1
2023-10-05,1.77,36.2,23.15,15.21
2023-10-06,3.81,37.58,23.07,19.54
2023-10-07,26.96,35.27,24.76,12.27
2023-10-08,19.53,31.1,17.59,5.46
2023-10-09,11.32,30.17,18.78,21.86
2023-10-10,0.11,31.16,17.28,27.39
2023-10-11,0.03,36.33,17.14,26.98
2023-10-12,5.36,33.35,23.16,19.36
2023-10-13,0.43,31.13,17.95,8.03
2023-10-14,0.01,27.51,16.14,19.12
2023-10-15,0.0,34.4,16.69,24.93
2023-10-16,23.56,34.34,19.38,24.94
2023-10-17,6.01,33.31,22.08,16.23
2023-10-18,0.92,32.11,20.96,22.36
2023-10-19,4.48,30.04,17.42,11.64
2023-10-20,0.33,31.38,17.09,23.5
2023-10-21,0.01,32.4,17.3,27.46
2023-10-22,0.0,34.76,15.89,26.78
2023-10-23,0.07,37.42,19.33,25.73
2023-10-24,0.13,37.21,24.21,15.76
2023-10-25,2.38,32.28,22.4,18.93
2023-10-26,0.34,32.24,22.64,13.66
2023-10-27,8.08,33.32,20.6,9.93
2023-10-28,7.5,34.9,21.09,16.91
2023-10-29,8.62,33.11,23.28,9.68
2023-10-30,4.35,34.34,21.83,13.02
2023-10-31,15.24,31.49,22.76,7.36
2023-11-01,7.53,28.64,22.33,11.37
2023-11-02,0.01,32.32,19.05,24.97
2023-11-03,8.95,34.23,19.56,19.45
2023-11-04,0.33,28.18,15.41,28.98
2023-11-05,0.0,31.48,12.99,31.29
2023-11-06,0.0,31.9,14.76,30.71
2023-11-07,0.0,34.44,13.93,30.32
2023-11-08,0.01,37.09,17.56,27.4
2023-11-09,4.26,36.48,22.56,19.86
2023-11-10,2.16,34.92,22.82,20.59
2023-11-11,0.02,39.04,22.25,29.17
2023-11-12,0.02,40.24,22.94,26.53
2023-11-13,2.17,39.19,25.92,23.76
2023-11-14,1.1,39.73,23.44,23.97
2023-11-15,1.6,38.87,22.79,23.59
2023-11-16,0.05,40.23,23.53,23.19
2023-11-17,0.07,41.29,24.57,22.7
2023-11-18,2.73,40.61,26.47,22.63
2023-11-19,19.54,34.11,22.7,12.38
2023-11-20,0.05,32.81,19.2,13.94
2023-11-21,0.31,34.91,20.14,24.1
2023-11-22,38.18,33.23,23.91,24.43
2023-11-23,7.58,28.61,22.74,12.88
2023-11-24,6.55,26.06,17.55,11.82
2023-11-25,1.79,24.27,15.62,20.93
2023-11-26,1.33,26.35,16.34,13.38
2023-11-27,2.19,30.67,19.16,21.33
2023-11-28,21.18,29.48,21.8,19.63
2023-11-29,13.21,31.02,21.21,20.2
2023-11-30,0.61,31.88,21.87,28.05
2023-12-01,0.99,32.3,23.7,27.23
2023-12-02,0.71,34.72,23.07,24.87
2023-12-03,2.74,33.89,23.63,28.52
2023-12-04,8.61,31.72,23.66,20.18
2023-12-05,6.1,30.42,22.55,18.31
2023-12-06,5.44,30.9,22.62,25.82
2023-12-07,9.93,31.81,22.82,23.84
2023-12-08,2.48,31.72,22.63,27.0
2023-12-09,0.85,31.28,20.12,29.54
2023-12-10,0.8,28.46,19.33,19.65
2023-12-11,1.37,31.6,21.22,25.68
2023-12-12,0.06,33.15,18.88,30.37
2023-12-13,0.0,34.39,17.53,30.82
2023-12-14,0.0,37.08,19.25,30.92
2023-12-15,0.06,38.86,21.64,28.58
2023-12-16,0.14,38.58,23.95,24.93
2023-12-17,1.05,37.91,23.24,25.77
2023-12-18,1.98,38.2,24.36,28.47
2023-12-19,0.1,36.31,23.38,23.54
2023-12-20,0.02,35.94,21.29,28.66
2023-12-21,0.21,35.26,20.74,27.46
2023-12-22,0.38,37.07,22.16,21.52
2023-12-23,17.14,33.45,24.78,14.05
2023-12-24,0.09,34.57,22.77,27.1
2023-12-25,1.57,34.57,23.86,26.74
2023-12-26,0.17,36.46,23.82,27.74
2023-12-27,0.0,35.63,20.47,30.02
2023-12-28,0.0,36.82,19.23,31.6
2023-12-29,0.22,38.38,21.1,26.18
2023-12-30,1.13,37.87,24.69,19.23
2023-12-31,0.09,35.37,21.52,28.08
2024-01-01,0.0,36.26,21.29,28.45
2024-01-02,0.37,35.85,22.02,20.02
2024-01-03,0.02,36.35,21.97,26.49
2024-01-04,0.22,37.92,22.76,28.51
2024-01-05,0.28,36.81,21.4,26.16
2024-01-06,0.01,38.01,21.84,26.76
2024-01-07,0.47,39.57,22.58,27.68
2024-01-08,1.53,40.66,25.18,24.53
2024-01-09,7.35,37.98,25.9,27.57
2024-01-10,1.69,36.96,23.76,26.18
2024-01-11,7.95,35.32,24.82,16.19
2024-01-12,7.12,30.2,23.68,16.38
2024-01-13,1.6,33.78,20.83,18.93
2024-01-14,1.16,35.6,21.31,26.83
2024-01-15,1.15,33.47,24.05,21.9
2024-01-16,0.59,35.85,23.49,24.53
2024-01-17,2.96,35.98,24.25,22.74
2024-01-18,2.54,37.35,24.42,26.06
2024-01-19,6.59,34.59,25.15,19.6
2024-01-20,15.62,34.45,23.58,12.21
2024-01-21,1.6,34.15,23.58,21.78
2024-01-22,3.26,28.08,21.0,15.76
2024-01-23,7.85,27.88,19.47,9.77
2024-01-24,0.53,31.3,17.86,25.75
2024-01-25,1.21,29.4,18.91,26.02
2024-01-26,0.27,29.18,16.15,25.99
2024-01-27,0.38,31.04,16.74,26.82
2024-01-28,4.36,32.31,19.83,23.7
2024-01-29,0.74,35.36,18.54,26.54
2024-01-30,0.34,36.83,20.48,25.83
2024-01-31,2.62,36.43,21.91,23.8
2024-02-01,0.43,35.76,20.27,29.61
2024-02-02,0.16,36.08,20.83,26.85
2024-02-03,1.9,34.98,20.9,20.58
2024-02-04,0.35,33.94,22.17,23.96
2024-02-05,0.0,37.0,21.18,24.12
2024-02-06,0.19,34.49,23.79,22.07
2024-02-07,0.77,32.87,24.54,18.32
2024-02-08,0.11,37.07,22.82,23.52
2024-02-09,2.21,38.57,23.89,24.25
2024-02-10,0.71,38.15,23.12,27.74
2024-02-11,0.02,38.9,22.82,28.06
2024-02-12,1.33,36.66,25.48,21.72
2024-02-13,1.39,38.21,25.29,21.2
2024-02-14,10.15,33.56,25.28,15.06
2024-02-15,25.77,31.58,22.06,11.51
2024-02-16,2.8,32.16,22.28,14.39
2024-02-17,0.04,34.43,21.74,23.99
2024-02-18,0.79,33.11,21.03,20.97
2024-02-19,5.9,33.05,21.71,22.22
2024-02-20,15.57,30.14,21.22,19.06
2024-02-21,6.15,30.82,20.76,14.79
2024-02-22,2.92,32.19,20.52,22.14
2024-02-23,6.57,33.85,22.79,18.75
2024-02-24,7.41,33.33,22.88,24.93
2024-02-25,9.6,33.08,23.19,23.26
2024-02-26,1.58,33.69,22.67,23.02
2024-02-27,0.56,34.83,22.8,23.32
2024-02-28,1.61,35.2,25.13,23.86
2024-02-29,2.93,34.33,24.42,23.76
2024-03-01,5.15,31.82,23.67,22.9
2024-03-02,0.17,33.94,21.48,26.26
2024-03-03,0.01,35.68,20.64,26.87
2024-03-04,0.01,37.42,21.51,25.7
2024-03-05,1.17,36.06,21.61,24.32
2024-03-06,3.96,34.18,22.26,18.75
2024-03-07,0.65,34.24,22.11,19.8
2024-03-08,3.47,32.5,23.29,16.96
2024-03-09,1.76,33.26,23.99,21.54
2024-03-10,1.45,34.69,24.46,20.49
2024-03-11,0.83,35.47,22.51,25.64
2024-03-12,0.0,36.13,19.87,26.39
2024-03-13,0.0,37.03,20.03,24.71
2024-03-14,0.02,38.57,21.49,22.81
2024-03-15,0.06,38.89,24.54,23.43
2024-03-16,0.81,38.19,25.94,21.64
2024-03-17,19.52,34.3,25.16,12.02
2024-03-18,2.31,33.9,25.34,20.35
2024-03-19,8.43,34.03,24.64,20.2
2024-03-20,0.9,31.3,24.02,20.69
2024-03-21,9.52,34.17,23.96,15.34
2024-03-22,3.33,30.16,21.18,14.74
2024-03-23,0.23,24.08,19.69,9.9
2024-03-24,4.87,27.18,19.29,5.84
2024-03-25,0.54,31.89,19.5,19.96
2024-03-26,0.21,32.42,20.11,15.08
2024-03-27,0.36,31.04,20.32,12.37
2024-03-28,0.09,31.69,19.91,12.62
2024-03-29,0.06,32.71,19.74,13.63
2024-03-30,0.0,32.51,20.24,19.49
2024-03-31,0.0,32.86,20.03,21.99
2024-04-01,0.32,34.15,21.86,13.09
2024-04-02,1.83,33.15,22.65,18.93
2024-04-03,0.05,35.32,21.01,21.13
2024-04-04,0.0,36.65,22.19,20.07
2024-04-05,0.27,36.54,21.3,18.91
2024-04-06,0.05,35.51,22.35,21.65
2024-04-07,0.03,35.47,18.77,18.06
2024-04-08,26.19,30.33,22.59,12.67
2024-04-09,2.17,31.59,22.11,16.09
2024-04-10,0.26,32.67,20.79,16.99
2024-04-11,0.1,33.72,19.61,18.43
2024-04-12,0.0,33.42,20.5,19.96
2024-04-13,4.28,30.66,21.99,13.75
2024-04-14,36.54,25.24,22.21,4.95
2024-04-15,2.3,28.11,21.55,10.2
2024-04-16,6.4,26.7,22.04,11.24
2024-04-17,0.64,28.05,19.66,11.83
2024-04-18,0.11,27.98,18.54,13.15
2024-04-19,0.01,27.64,16.37,21.87
2024-04-20,0.01,29.61,13.31,20.76
2024-04-21,0.0,30.62,16.05,20.41
2024-04-22,0.02,30.9,17.16,20.32
2024-04-23,0.0,31.81,18.95,19.75
2024-04-24,0.0,32.33,19.54,14.48
2024-04-25,0.0,33.12,19.86,19.07
2024-04-26,0.0,33.7,19.79,19.32
2024-04-27,0.0,33.79,19.98,18.54
2024-04-28,0.0,33.66,20.73,17.29
2024-04-29,0.0,34.3,20.02,18.99
2024-04-30,0.0,34.39,19.24,18.41
2024-05-01,0.0,34.23,19.49,18.82
2024-05-02,0.01,33.4,19.69,18.31
2024-05-03,0.0,32.34,19.17,15.96
2024-05-04,0.0,34.27,20.72,17.97
2024-05-05,0.0,33.74,18.79,19.12
2024-05-06,0.0,33.59,17.19,18.68
2024-05-07,0.01,33.98,19.03,17.68
2024-05-08,0.15,33.4,19.71,17.79
2024-05-09,0.01,34.25,20.19,14.94
2024-05-10,0.04,33.35,19.19,16.39
2024-05-11,0.01,33.49,19.15,17.77
2024-05-12,0.0,33.43,18.11,18.0
2024-05-13,0.01,33.34,17.65,17.67
2024-05-14,0.19,28.59,19.84,14.66
2024-05-15,0.04,27.24,18.86,11.87
2024-05-16,0.0,32.12,18.74,16.2
2024-05-17,0.01,34.24,19.44,16.78
2024-05-18,1.2,31.29,21.88,15.52
2024-05-19,3.97,28.33,19.32,8.58
2024-05-20,0.0,29.68,16.27,13.03
2024-05-21,0.0,32.02,17.68,15.66
2024-05-22,0.0,32.9,17.56,16.72
2024-05-23,0.04,33.18,17.03,16.52
2024-05-24,13.44,25.09,17.13,6.23
2024-05-25,3.02,23.44,14.39,8.65
2024-05-26,19.97,21.03,14.7,5.13
2024-05-27,1.66,24.78,15.0,4.75
2024-05-28,0.09,20.27,9.37,11.43
2024-05-29,0.0,21.28,5.64,17.37
2024-05-30,0.03,23.34,8.26,15.79
2024-05-31,0.01,23.58,9.48,17.3
2024-06-01,0.01,27.47,11.4,16.6
2024-06-02,0.01,28.38,11.81,15.72
2024-06-03,0.0,29.39,14.56,15.46
2024-06-04,0.0,28.01,15.92,15.87
2024-06-05,0.01,28.38,13.36,15.84
2024-06-06,0.02,29.41,13.66,14.65
2024-06-07,0.0,29.67,14.08,15.52
2024-06-08,0.0,29.96,14.69,15.16
2024-06-09,0.0,30.67,14.79,15.82
2024-06-10,0.0,30.69,14.71,15.82
2024-06-11,0.0,30.32,14.93,15.98
2024-06-12,0.01,30.18,14.08,16.08
2024-06-13,0.01,30.42,13.47,16.38
2024-06-14,0.0,30.45,14.55,14.67
2024-06-15,0.0,31.1,15.29,15.29
2024-06-16,0.0,31.06,16.13,15.24
2024-06-17,0.0,30.32,16.11,15.11
2024-06-18,0.0,30.09,14.04,15.56
2024-06-19,0.04,30.65,14.88,15.7
2024-06-20,0.0,31.22,15.63,15.21
2024-06-21,0.03,30.22,13.65,15.56
2024-06-22,0.02,30.26,14.65,13.4
2024-06-23,0.0,31.76,16.54,14.53
2024-06-24,0.01,32.35,17.72,14.43
2024-06-25,0.28,31.37,20.05,13.09
2024-06-26,0.38,30.39,17.93,12.76
2024-06-27,0.51,27.48,15.08,10.64
2024-06-28,0.94,29.8,15.35,10.71
2024-06-29,3.06,29.03,17.24,10.9
2024-06-30,0.47,22.98,13.86,13.24
2024-07-01,0.17,26.73,11.22,13.76
2024-07-02,0.02,29.03,11.46,15.96
2024-07-03,0.04,29.95,16.59,14.05
2024-07-04,0.06,30.75,16.48,11.21
2024-07-05,0.0,30.4,17.29,10.35
2024-07-06,0.0,31.19,15.27,14.73
2024-07-07,0.0,30.86,14.61,14.52
2024-07-08,20.95,24.75,16.77,8.51
2024-07-09,34.09,18.48,14.12,2.34
2024-07-10,6.65,17.45,13.46,4.64
2024-07-11,0.06,24.56,12.09,13.21
2024-07-12,0.13,25.36,14.29,7.1
2024-07-13,0.03,22.29,14.37,9.96
2024-07-14,0.04,24.29,12.49,15.56
2024-07-15,0.02,24.34,14.36,13.22
2024-07-16,0.0,26.32,13.97,16.08
2024-07-17,0.0,27.39,13.67,15.98
2024-07-18,0.0,27.82,13.27,17.12
2024-07-19,0.01,27.69,12.78,17.2
2024-07-20,0.07,27.66,10.73,17.33
2024-07-21,0.0,28.01,10.09,17.15
2024-07-22,0.01,28.96,11.51,17.49
2024-07-23,0.13,28.5,11.52,17.6
2024-07-24,0.0,29.52,11.74,16.44
2024-07-25,0.02,28.71,11.77,17.45
2024-07-26,0.0,28.09,14.12,12.06
2024-07-27,0.03,29.4,14.71,15.3
2024-07-28,0.01,31.39,14.32,16.57
2024-07-29,0.04,30.08,14.77,14.74
2024-07-30,0.25,22.9,14.49,12.58
2024-07-31,0.0,28.55,12.61,17.13
2024-08-01,0.0,30.1,14.07,17.23
2024-08-02,0.0,29.38,14.0,13.65
2024-08-03,0.0,30.41,16.86,17.43
2024-08-04,0.0,30.73,15.65,17.43
2024-08-05,0.0,31.97,16.36,17.04
2024-08-06,0.0,31.69,15.4,17.75
2024-08-07,0.03,32.41,18.05,17.15
2024-08-08,0.99,31.22,17.17,7.5
2024-08-09,18.81,18.61,10.49,1.86
2024-08-10,0.1,20.8,5.76,19.82
2024-08-11,0.02,22.63,6.85,17.78
2024-08-12,0.02,23.58,6.14,18.06
2024-08-13,0.01,23.54,5.16,18.34
2024-08-14,0.17,25.72,7.72,15.98
2024-08-15,0.0,31.55,9.67,19.38
2024-08-16,0.0,33.37,14.11,18.43
2024-08-17,0.0,33.73,14.72,19.31
2024-08-18,0.0,34.21,14.69,19.84
2024-08-19,0.0,34.79,14.56,19.94
2024-08-20,0.0,35.23,19.78,19.33
2024-08-21,0.13,33.62,16.18,20.0
2024-08-22,0.11,34.71,14.21,20.3
2024-08-23,0.59,34.83,15.94,15.78
2024-08-24,11.75,20.19,13.16,3.8
2024-08-25,0.14,22.07,9.11,7.72
2024-08-26,0.23,23.02,5.36,22.59
2024-08-27,0.01,25.41,5.82,23.06
2024-08-28,0.0,28.03,7.89,21.36
2024-08-29,0.0,32.61,11.16,21.32
2024-08-30,0.02,33.64,14.12,21.68
2024-08-31,0.0,34.81,14.5,22.15
2024-09-01,0.0,34.94,16.98,19.85
2024-09-02,0.0,33.12,16.97,15.96
2024-09-03,0.01,37.07,16.19,21.76
2024-09-04,0.0,37.63,16.81,19.63
2024-09-05,0.0,34.45,17.72,12.78
2024-09-06,0.01,31.45,15.71,12.48
2024-09-07,0.0,37.47,16.78,18.1
2024-09-08,0.0,38.12,19.22,16.87
2024-09-09,0.0,37.05,20.67,16.19
2024-09-10,0.0,34.1,21.17,17.24
2024-09-11,0.07,36.99,17.11,21.83
2024-09-12,0.0,37.9,18.82,22.4
2024-09-13,0.01,38.35,19.53,21.65
2024-09-14,0.0,37.41,20.8,11.92
2024-09-15,6.1,29.21,18.75,3.86
2024-09-16,9.5,27.02,16.78,3.69
2024-09-17,0.04,29.65,13.89,23.42
2024-09-18,0.35,29.69,13.76,12.92
2024-09-19,0.11,35.2,16.42,19.03
2024-09-20,2.1,36.64,18.36,21.29
2024-09-21,6.38,29.08,18.77,13.93
2024-09-22,0.02,34.55,18.98,12.55
2024-09-23,0.0,36.86,20.53,16.94
2024-09-24,0.36,37.76,18.42,21.72
2024-09-25,0.0,39.72,18.5,23.36
2024-09-26,1.66,39.4,21.03,22.07
2024-09-27,3.25,33.08,20.51,9.89
2024-09-28,0.0,33.27,16.74,25.12
2024-09-29,0.0,35.94,14.16,25.13
2024-09-30,0.01,38.03,17.66,23.72
2024-10-01,0.0,39.76,21.29,23.65
2024-10-02,0.05,38.82,23.66,15.91
2024-10-03,1.04,35.71,20.19,12.35
2024-10-04,0.01,32.34,16.62,18.48
2024-10-05,0.04,34.71,14.71,26.55
2024-10-06,0.03,36.46,15.76,25.58
2024-10-07,0.0,37.76,18.72,21.5
2024-10-08,0.0,40.44,19.51,22.24
2024-10-09,0.56,36.89,20.64,6.58
2024-10-10,15.58,31.34,19.76,6.3
2024-10-11,14.65,34.89,20.87,6.12
2024-10-12,0.14,31.7,18.13,24.26
2024-10-13,0.07,33.72,18.13,27.05
2024-10-14,0.01,33.48,17.42,23.32
2024-10-15,0.38,31.64,18.81,23.19
2024-10-16,7.29,33.25,20.51,22.7
2024-10-17,0.41,33.9,19.77,24.89
2024-10-18,0.05,33.62,20.37,11.0
2024-10-19,0.76,24.96,18.73,8.52
2024-10-20,0.08,30.1,16.82,10.81
2024-10-21,0.01,33.16,19.42,15.14
2024-10-22,3.77,32.33,21.12,15.07
2024-10-23,8.06,32.7,22.0,18.65
2024-10-24,3.39,35.18,22.35,21.18
2024-10-25,0.46,34.14,23.75,16.43
2024-10-26,0.72,36.38,23.82,13.56
2024-10-27,0.35,35.17,20.3,17.95
2024-10-28,0.0,32.31,18.29,13.5
2024-10-29,0.0,35.65,19.79,28.05
2024-10-30,0.19,36.08,18.88,29.13
2024-10-31,0.0,35.69,18.69,26.44
2024-11-01,22.1,31.97,19.26,24.14
2024-11-02,4.63,25.58,21.76,9.72
2024-11-03,16.01,29.25,21.11,13.89
2024-11-04,25.05,27.38,20.61,10.68
2024-11-05,8.7,30.73,19.86,15.64
2024-11-06,11.08,28.95,22.05,15.14
2024-11-07,38.27,26.34,21.92,12.81
2024-11-08,4.99,27.27,21.49,15.76
2024-11-09,0.27,27.49,18.82,23.35
2024-11-10,0.04,29.44,17.01,29.71
2024-11-11,0.11,31.11,17.69,29.71
2024-11-12,0.73,32.48,21.08,23.11
2024-11-13,0.17,30.26,18.92,21.06
2024-11-14,0.01,30.29,16.87,23.3
2024-11-15,0.04,32.57,17.01,25.01
2024-11-16,0.05,32.43,20.09,20.45
2024-11-17,0.0,33.26,20.06,25.32
2024-11-18,0.0,34.64,20.27,29.24
2024-11-19,0.0,36.02,21.17,26.24
2024-11-20,0.01,36.11,22.02,26.37
2024-11-21,10.05,34.76,20.89,19.99
2024-11-22,1.04,32.95,19.6,19.78
2024-11-23,0.0,33.76,19.52,28.69
2024-11-24,0.0,33.2,18.51,30.26
2024-11-25,0.0,34.3,16.7,28.24
2024-11-26,0.0,36.37,20.42,27.32
2024-11-27,0.0,37.36,21.33,25.75
2024-11-28,23.04,30.47,24.51,15.46
2024-11-29,11.38,32.0,23.7,7.58
2024-11-30,1.78,30.37,23.4,20.79
2024-12-01,2.9,32.61,22.33,26.47
2024-12-02,19.43,28.59,23.85,7.11
2024-12-03,20.73,28.36,23.49,18.66
2024-12-04,0.87,28.99,20.35,11.79
2024-12-05,1.4,30.67,18.69,17.57
2024-12-06,1.51,30.5,22.61,20.54
2024-12-07,16.34,30.04,23.64,23.32
2024-12-08,13.93,28.55,23.4,11.18
2024-12-09,4.85,29.88,23.17,18.3
2024-12-10,11.45,30.64,23.38,20.36
2024-12-11,0.05,29.53,19.09,27.81
2024-12-12,0.0,29.48,17.54,28.32
2024-12-13,3.63,30.45,18.57,17.41
2024-12-14,14.95,25.89,21.41,9.37
2024-12-15,1.33,28.86,20.56,27.25
2024-12-16,0.0,28.5,16.94,31.75
2024-12-17,1.69,30.19,16.03,30.73
2024-12-18,0.0,31.64,17.28,29.65
2024-12-19,0.17,31.65,18.32,21.38
2024-12-20,7.98,30.14,22.7,15.12
2024-12-21,11.7,30.71,22.86,15.36
2024-12-22,2.08,30.69,21.05,16.93
2024-12-23,0.2,31.2,22.62,26.91
2024-12-24,0.0,32.26,18.96,30.41
2024-12-25,7.06,30.78,20.38,17.19
2024-12-26,7.27,29.7,21.45,17.58
2024-12-27,1.77,32.1,21.51,22.83
2024-12-28,0.37,33.34,18.86,27.32
2024-12-29,0.91,33.42,18.55,24.76
2024-12-30,0.1,33.18,20.54,29.53
2024-12-31,0.3,33.69,20.65,27.58
2025-01-01,0.82,34.65,20.96,23.27
2025-01-02,0.65,34.91,20.99,27.26
2025-01-03,0.76,34.32,22.9,27.89
2025-01-04,0.06,35.77,22.17,22.26
2025-01-05,0.01,35.71,18.35,31.71
2025-01-06,0.0,35.07,18.5,30.45
2025-01-07,0.0,35.29,20.03,28.78
2025-01-08,0.02,35.48,20.28,26.94
2025-01-09,0.02,34.73,20.87,27.48
2025-01-10,0.01,35.14,19.67,29.81
2025-01-11,2.24,35.57,19.48,27.3
2025-01-12,0.98,34.77,20.46,24.88
2025-01-13,0.0,33.75,18.81,29.64
2025-01-14,0.0,34.72,18.11,30.27
2025-01-15,0.0,36.85,18.58,30.39
2025-01-16,6.29,35.92,21.82,19.03
2025-01-17,22.42,26.76,23.13,13.14
2025-01-18,4.49,29.97,22.28,23.23
2025-01-19,2.94,33.25,22.41,25.15
2025-01-20,3.32,29.22,23.37,25.53
2025-01-21,4.91,32.9,21.91,25.18
2025-01-22,1.7,35.02,21.76,23.56
2025-01-23,3.77,34.51,22.4,18.61
2025-01-24,1.38,33.88,22.69,27.74
2025-01-25,0.81,37.48,22.41,26.84
2025-01-26,0.53,34.95,22.83,26.12
2025-01-27,2.64,33.23,22.99,17.29
2025-01-28,3.8,33.14,23.18,20.19
2025-01-29,3.2,34.68,22.16,21.76
2025-01-30,0.54,33.42,22.15,23.8
2025-01-31,7.76,31.44,22.99,13.69
2025-02-01,8.47,28.02,21.92,20.2
2025-02-02,4.54,27.43,21.24,17.66
2025-02-03,20.13,27.06,21.15,14.86
2025-02-04,22.67,25.84,21.59,15.2
2025-02-05,5.27,27.82,21.55,12.09
2025-02-06,3.29,27.32,21.7,15.71
2025-02-07,0.61,32.11,20.29,27.62
2025-02-08,0.74,31.34,22.39,26.52
2025-02-09,0.1,32.93,21.48,27.24
2025-02-10,0.29,33.18,21.55,26.37
2025-02-11,0.42,32.21,20.61,26.88
2025-02-12,1.88,31.52,21.35,21.46
2025-02-13,1.39,32.35,21.7,18.88
2025-02-14,0.7,32.61,21.59,21.32
2025-02-15,3.29,34.49,22.39,20.09
2025-02-16,0.23,36.49,24.88,24.47
2025-02-17,0.11,36.43,22.8,26.02
2025-02-18,3.5,35.49,23.46,21.9
2025-02-19,2.31,32.77,22.61,21.96
2025-02-20,0.33,35.88,22.42,25.78
2025-02-21,0.14,37.2,23.18,26.69
2025-02-22,0.69,35.63,23.17,21.27
2025-02-23,0.39,35.88,22.26,20.38
2025-02-24,4.39,35.35,22.65,25.45
2025-02-25,3.35,34.87,21.74,22.07
2025-02-26,6.14,35.97,23.11,24.19
2025-02-27,6.22,33.2,22.85,24.52
2025-02-28,0.11,36.36,22.26,24.67
2025-03-01,0.17,36.85,22.59,26.29
2025-03-02,0.05,35.73,22.52,24.69
2025-03-03,0.0,37.07,23.83,24.12
2025-03-04,0.04,36.58,21.79,24.54
2025-03-05,3.1,34.71,21.93,20.32
2025-03-06,0.4,36.12,21.56,24.12
2025-03-07,0.0,36.17,20.6,24.04
2025-03-08,0.0,36.61,21.04,24.03
2025-03-09,0.02,37.66,23.39,22.75
2025-03-10,1.19,36.17,23.93,20.91
2025-03-11,4.52,32.33,21.87,9.79
2025-03-12,1.66,33.18,22.11,19.7
2025-03-13,2.35,32.35,21.87,17.76
2025-03-14,0.44,34.77,22.3,20.81
2025-03-15,5.18,36.1,22.28,20.23
2025-03-16,0.73,35.06,20.86,22.32
2025-03-17,0.63,35.17,20.14,20.75
2025-03-18,1.53,35.71,20.99,14.72
2025-03-19,1.24,34.08,20.97,19.84
2025-03-20,0.03,34.2,18.65,25.52
2025-03-21,0.01,33.9,17.21,26.16
2025-03-22,3.38,35.04,17.99,21.26
2025-03-23,6.26,33.26,21.35,14.1
2025-03-24,1.33,33.52,20.77,20.86
2025-03-25,0.6,35.29,21.87,22.67
2025-03-26,3.52,33.59,21.78,21.34
2025-03-27,0.01,34.58,20.9,23.1
2025-03-28,0.06,33.49,21.2,18.88
2025-03-29,0.09,35.43,22.56,18.42
2025-03-30,1.53,32.95,22.87,16.69
2025-03-31,0.93,34.49,20.97,11.45
