data,PRECTOTCORR,T2M_MAX,T2M_MIN,ALLSKY_SFC_SW_DWN
2013-10-01,5.99,31.84,21.38,13.59
2013-10-02,3.3,30.88,21.66,6.69
2013-10-03,19.67,31.05,22.01,21.96
2013-10-04,3.36,27.13,19.41,5.38
2013-10-05,0.01,28.74,16.08,26.29
2013-10-06,0.0,29.72,14.61,26.67
2013-10-07,0.01,29.02,15.65,21.87
2013-10-08,1.78,28.35,14.87,20.29
2013-10-09,0.0,31.53,16.91,23.9
2013-10-10,0.0,32.28,17.62,26.29
2013-10-11,0.02,32.78,18.82,20.88
2013-10-12,0.3,32.33,20.72,9.6
2013-10-13,0.02,35.39,19.73,23.13
2013-10-14,3.55,33.07,22.8,22.4
2013-10-15,1.79,29.48,22.33,9.25
2013-10-16,15.4,26.93,20.77,16.05
2013-10-17,2.57,31.9,20.01,19.43
2013-10-18,0.37,33.19,21.72,23.35
2013-10-19,0.0,33.62,17.53,28.92
2013-10-20,0.0,36.43,18.36,27.26
2013-10-21,3.81,36.25,23.44,25.08
2013-10-22,0.05,30.64,23.53,21.8
2013-10-23,0.0,33.36,23.21,22.37
2013-10-24,0.99,34.57,22.76,24.41
2013-10-25,0.69,32.26,23.24,24.92
2013-10-26,0.0,37.26,22.25,26.37
2013-10-27,0.01,35.7,23.47,23.51
2013-10-28,0.0,35.98,22.39,26.49
2013-10-29,0.0,36.2,19.0,28.71
2013-10-30,0.05,35.86,20.49,24.39
2013-10-31,0.09,36.31,22.93,27.42
2013-11-01,0.1,33.48,23.32,22.79
2013-11-02,2.49,36.17,23.2,23.23
2013-11-03,2.15,32.22,23.27,19.11
2013-11-04,3.68,30.5,22.98,14.39
2013-11-05,0.03,32.9,21.57,17.45
2013-11-06,0.02,32.57,19.72,20.69
2013-11-07,0.02,33.75,19.23,23.33
2013-11-08,0.0,35.22,21.02,27.69
2013-11-09,0.01,38.22,23.63,26.95
2013-11-10,0.0,38.3,24.99,23.67
2013-11-11,15.94,36.4,25.42,16.9
2013-11-12,0.65,33.5,23.63,22.87
2013-11-13,0.0,36.77,20.82,29.04
2013-11-14,0.0,37.5,20.47,29.73
2013-11-15,0.03,37.72,24.24,28.73
2013-11-16,0.96,33.48,24.05,18.91
2013-11-17,0.73,35.09,21.41,22.51
2013-11-18,0.59,35.34,22.54,25.51
2013-11-19,1.56,35.05,23.95,23.14
2013-11-20,3.92,33.29,23.87,20.74
2013-11-21,5.09,30.43,23.41,22.09
2013-11-22,9.35,32.39,22.06,18.5
2013-11-23,0.25,32.72,21.7,18.53
2013-11-24,0.95,31.11,21.63,21.42
2013-11-25,4.07,32.41,21.83,21.05
2013-11-26,0.18,35.04,20.58,26.26
2013-11-27,0.0,35.92,21.9,27.66
2013-11-28,0.0,38.82,22.76,29.48
2013-11-29,1.39,39.11,25.19,26.07
2013-11-30,7.48,34.04,25.36,24.09
2013-12-01,6.26,30.42,24.11,20.31
2013-12-02,0.79,32.54,24.29,18.04
2013-12-03,4.14,35.69,24.35,25.53
2013-12-04,2.57,35.31,24.78,26.98
2013-12-05,0.5,38.11,24.62,29.13
2013-12-06,8.12,35.7,24.76,21.45
2013-12-07,4.32,32.6,24.05,21.31
2013-12-08,2.19,33.9,23.84,25.16
2013-12-09,1.24,35.07,24.05,23.66
2013-12-10,59.41,28.53,23.8,10.54
2013-12-11,13.32,32.59,22.32,19.76
2013-12-12,0.11,31.96,22.1,25.87
2013-12-13,0.05,32.84,21.09,25.41
2013-12-14,7.71,31.18,23.65,21.24
2013-12-15,0.24,33.73,22.58,21.89
2013-12-16,0.88,34.51,22.32,23.93
2013-12-17,0.0,34.1,23.03,28.12
2013-12-18,0.0,35.11,20.73,28.15
2013-12-19,0.0,35.65,20.91,29.86
2013-12-20,0.12,36.61,22.41,28.12
2013-12-21,0.06,35.76,23.69,28.66
2013-12-22,1.06,34.25,23.91,27.4
2013-12-23,10.56,25.34,22.37,15.56
2013-12-24,1.4,28.85,21.65,19.8
2013-12-25,0.32,33.85,21.45,24.18
2013-12-26,0.0,36.89,22.15,26.08
2013-12-27,1.66,37.75,24.03,27.02
2013-12-28,24.46,33.7,24.7,19.3
2013-12-29,6.54,30.59,24.37,21.5
2013-12-30,2.19,30.69,23.93,16.17
2013-12-31,11.13,31.42,23.45,13.33
2014-01-01,5.08,31.79,23.22,20.26
2014-01-02,1.18,33.79,23.61,25.96
2014-01-03,5.86,34.43,24.32,28.46
2014-01-04,8.63,34.22,23.94,25.25
2014-01-05,1.22,33.12,24.17,27.81
2014-01-06,1.81,34.14,23.04,26.11
2014-01-07,2.64,32.58,22.89,25.34
2014-01-08,10.28,30.91,23.0,27.98
2014-01-09,0.01,31.41,22.28,23.16
2014-01-10,0.21,32.72,22.3,27.52
2014-01-11,0.11,34.11,23.26,22.81
2014-01-12,28.67,33.09,22.44,21.05
2014-01-13,7.55,29.14,22.28,14.97
2014-01-14,2.64,30.93,20.78,19.41
2014-01-15,1.31,31.24,21.46,22.13
2014-01-16,2.64,31.99,20.06,19.0
2014-01-17,0.72,31.18,21.91,20.23
2014-01-18,3.11,30.87,22.81,25.71
2014-01-19,0.45,33.12,23.03,28.88
2014-01-20,0.02,35.68,20.86,29.29
2014-01-21,0.31,34.78,22.44,26.89
2014-01-22,4.52,32.59,22.89,22.95
2014-01-23,0.32,34.57,22.48,25.44
2014-01-24,12.23,33.36,23.55,26.07
2014-01-25,0.72,31.54,23.7,24.44
2014-01-26,9.84,32.48,21.57,17.91
2014-01-27,3.17,33.7,22.71,27.77
2014-01-28,0.42,33.28,22.31,29.43
2014-01-29,0.01,35.34,21.75,29.29
2014-01-30,0.0,34.86,21.51,28.01
2014-01-31,0.0,36.52,23.16,27.11
2014-02-01,0.0,37.64,24.44,29.96
2014-02-02,0.0,37.17,22.09,29.93
2014-02-03,0.0,34.7,22.15,25.5
2014-02-04,0.0,37.25,22.75,25.89
2014-02-05,0.0,38.41,24.15,26.63
2014-02-06,0.03,39.42,24.59,27.63
2014-02-07,0.0,39.18,24.7,29.87
2014-02-08,0.06,39.23,22.88,27.43
2014-02-09,0.06,35.38,24.11,23.13
2014-02-10,0.0,40.19,23.33,27.65
2014-02-11,0.02,38.3,25.77,25.56
2014-02-12,0.94,34.06,25.59,17.5
2014-02-13,11.62,30.01,22.96,20.18
2014-02-14,12.44,31.67,21.68,20.17
2014-02-15,27.79,30.24,22.33,15.34
2014-02-16,6.26,30.83,21.27,14.46
2014-02-17,1.61,31.69,21.23,18.61
2014-02-18,0.89,32.51,21.8,20.06
2014-02-19,0.4,32.51,22.54,22.9
2014-02-20,0.92,30.97,22.98,23.71
2014-02-21,8.69,28.87,23.18,14.05
2014-02-22,10.03,29.16,22.3,18.43
2014-02-23,8.92,30.31,22.51,14.07
2014-02-24,3.65,30.38,22.22,12.64
2014-02-25,0.85,31.32,22.0,18.86
2014-02-26,2.54,33.86,22.19,23.88
2014-02-27,8.09,32.91,22.42,20.3
2014-02-28,12.37,31.55,22.41,18.32
2014-03-01,2.83,32.76,23.13,23.26
2014-03-02,2.6,32.35,22.59,25.9
2014-03-03,8.99,31.41,23.01,21.36
2014-03-04,22.2,29.86,23.33,22.46
2014-03-05,11.54,30.38,22.71,15.55
2014-03-06,3.21,32.05,22.97,23.52
2014-03-07,11.19,32.16,23.11,19.7
2014-03-08,0.64,31.69,22.79,22.52
2014-03-09,0.0,32.75,21.28,26.38
2014-03-10,2.39,32.42,23.32,9.28
2014-03-11,23.82,28.13,23.56,15.58
2014-03-12,11.33,26.48,22.15,14.91
2014-03-13,2.46,30.41,21.47,22.71
2014-03-14,0.01,31.38,21.27,23.67
2014-03-15,0.15,32.66,22.28,25.05
2014-03-16,0.01,32.87,22.11,23.56
2014-03-17,0.41,33.21,21.74,23.82
2014-03-18,0.05,33.3,23.48,25.01
2014-03-19,1.62,32.77,21.92,23.51
2014-03-20,4.92,29.83,22.63,17.18
2014-03-21,5.93,28.06,22.83,18.6
2014-03-22,3.43,29.29,22.35,14.04
2014-03-23,0.01,31.21,19.6,20.65
2014-03-24,0.0,31.67,18.78,23.41
2014-03-25,0.0,32.26,19.55,23.07
2014-03-26,0.49,32.75,20.15,22.58
2014-03-27,0.03,31.64,21.0,17.53
2014-03-28,0.02,31.02,21.31,20.12
2014-03-29,3.99,30.77,22.15,12.57
2014-03-30,4.21,28.1,22.63,13.86
2014-03-31,2.64,28.28,22.35,15.27
2014-04-01,0.34,33.57,21.52,21.06
2014-04-02,0.0,33.95,21.49,22.66
2014-04-03,0.0,33.73,20.81,23.01
2014-04-04,0.0,33.71,21.5,22.49
2014-04-05,0.0,34.39,21.94,21.7
2014-04-06,0.0,34.96,21.91,21.75
2014-04-07,0.08,35.54,23.55,19.88
2014-04-08,1.67,35.13,23.94,18.53
2014-04-09,9.72,32.56,24.32,16.43
2014-04-10,0.07,28.71,23.99,17.53
2014-04-11,1.18,31.21,22.69,18.96
2014-04-12,9.72,30.71,23.13,18.87
2014-04-13,2.19,31.06,23.05,14.06
2014-04-14,1.93,29.79,19.25,11.54
2014-04-15,3.65,27.82,18.94,11.57
2014-04-16,0.01,31.45,19.27,12.59
2014-04-17,0.12,33.19,19.87,21.0
2014-04-18,0.56,33.38,20.52,17.9
2014-04-19,4.78,33.23,21.45,18.59
2014-04-20,0.01,31.42,21.82,18.56
2014-04-21,1.07,30.66,22.68,17.18
2014-04-22,2.69,30.03,22.35,10.41
2014-04-23,1.04,29.04,21.66,9.38
2014-04-24,0.01,30.75,20.61,16.85
2014-04-25,0.0,29.97,18.6,19.14
2014-04-26,0.0,30.63,17.4,20.65
2014-04-27,0.0,29.65,16.46,21.09
2014-04-28,0.0,30.04,14.05,20.78
2014-04-29,0.0,31.58,15.56,20.37
2014-04-30,0.04,31.0,18.11,20.2
2014-05-01,3.66,24.63,17.32,8.94
2014-05-02,0.0,28.19,16.69,11.92
2014-05-03,0.0,29.1,18.51,13.86
2014-05-04,0.0,33.13,16.08,19.43
2014-05-05,0.0,33.29,18.75,16.15
2014-05-06,0.0,29.93,21.01,14.02
2014-05-07,0.0,33.46,18.48,13.42
2014-05-08,0.0,32.68,20.7,17.89
2014-05-09,0.0,31.5,19.18,17.6
2014-05-10,0.0,29.56,14.94,19.35
2014-05-11,0.0,29.63,14.6,19.28
2014-05-12,0.0,31.15,14.64,18.5
2014-05-13,0.0,31.89,17.52,15.72
2014-05-14,0.0,31.19,19.73,15.73
2014-05-15,0.0,29.72,17.22,17.33
2014-05-16,0.01,31.75,17.15,13.46
2014-05-17,3.45,32.14,18.58,14.99
2014-05-18,1.31,31.18,18.44,14.85
2014-05-19,0.01,31.99,16.87,17.81
2014-05-20,0.0,32.51,17.2,15.59
2014-05-21,0.24,33.49,17.9,17.27
2014-05-22,21.7,29.97,22.27,10.88
2014-05-23,10.55,26.8,17.29,6.24
2014-05-24,0.11,25.81,15.93,8.08
2014-05-25,2.34,24.54,17.68,12.96
2014-05-26,0.13,21.88,12.18,13.21
2014-05-27,0.0,21.49,9.63,6.99
2014-05-28,0.0,23.97,10.15,11.52
2014-05-29,0.03,25.38,10.48,16.94
2014-05-30,0.0,27.01,11.8,17.57
2014-05-31,0.0,29.58,12.18,17.2
2014-06-01,2.37,23.96,17.59,5.07
2014-06-02,0.11,24.27,11.64,16.49
2014-06-03,0.0,24.22,7.75,18.0
2014-06-04,0.0,25.47,11.24,13.36
2014-06-05,0.2,31.66,16.66,14.44
2014-06-06,0.0,31.86,18.76,11.52
2014-06-07,0.0,33.01,21.4,15.72
2014-06-08,0.15,33.05,18.8,16.42
2014-06-09,1.4,28.61,19.59,12.77
2014-06-10,0.0,30.29,18.46,15.21
2014-06-11,0.0,30.42,17.12,16.33
2014-06-12,0.0,30.92,18.12,15.1
2014-06-13,0.0,31.36,17.29,14.64
2014-06-14,0.01,31.33,17.2,14.63
2014-06-15,0.0,31.52,17.54,15.71
2014-06-16,0.0,31.54,17.32,16.17
2014-06-17,0.0,31.26,16.85,15.81
2014-06-18,0.01,30.66,17.82,15.32
2014-06-19,1.96,28.01,16.96,15.58
2014-06-20,0.0,27.06,13.91,15.71
2014-06-21,0.0,28.23,12.19,16.21
2014-06-22,0.0,29.22,12.71,15.81
2014-06-23,0.0,31.24,17.0,14.4
2014-06-24,0.0,31.65,16.14,16.21
2014-06-25,0.0,31.45,16.46,15.59
2014-06-26,0.0,31.68,16.84,13.9
2014-06-27,0.0,32.91,16.94,16.05
2014-06-28,0.09,28.32,18.18,8.33
2014-06-29,0.03,22.88,13.44,7.43
2014-06-30,0.0,24.36,9.77,16.49
2014-07-01,0.0,28.82,10.98,16.47
2014-07-02,0.0,32.29,15.2,15.75
2014-07-03,0.0,33.04,17.69,16.09
2014-07-04,0.0,33.55,17.24,16.36
2014-07-05,0.0,31.55,16.85,16.21
2014-07-06,0.01,32.13,15.22,16.29
2014-07-07,0.36,23.6,18.03,5.26
2014-07-08,0.7,28.72,17.11,7.96
2014-07-09,1.62,29.09,17.31,13.68
2014-07-10,0.3,27.47,17.43,7.98
2014-07-11,0.0,28.04,15.14,16.57
2014-07-12,0.02,28.86,13.75,16.7
2014-07-13,0.0,29.95,13.75,16.29
2014-07-14,0.0,30.49,13.95,16.9
2014-07-15,0.0,31.12,14.49,17.18
2014-07-16,0.0,32.21,16.66,16.23
2014-07-17,0.09,33.32,19.98,16.91
2014-07-18,4.63,24.83,16.04,7.36
2014-07-19,0.0,25.85,12.32,17.97
2014-07-20,0.02,27.51,8.32,17.33
2014-07-21,0.0,29.74,9.64,17.73
2014-07-22,0.0,32.86,12.74,17.42
2014-07-23,1.03,33.97,19.5,13.78
2014-07-24,32.17,21.6,13.41,2.69
2014-07-25,0.4,20.89,10.36,5.34
2014-07-26,15.04,19.12,12.9,5.59
2014-07-27,5.94,20.87,13.55,6.91
2014-07-28,0.69,23.43,15.05,6.73
2014-07-29,0.0,27.28,13.23,17.64
2014-07-30,0.0,28.43,14.43,17.93
2014-07-31,0.0,29.19,14.92,18.78
2014-08-01,0.0,30.41,15.16,19.06
2014-08-02,0.0,30.51,15.82,19.32
2014-08-03,0.0,31.3,14.69,19.4
2014-08-04,0.0,32.41,16.1,18.48
2014-08-05,0.0,30.94,17.31,18.64
2014-08-06,0.0,30.44,13.38,19.06
2014-08-07,0.0,31.68,16.09,19.02
2014-08-08,0.0,31.58,15.78,19.81
2014-08-09,0.0,30.42,15.79,19.52
2014-08-10,0.0,28.97,13.93,18.12
2014-08-11,0.0,32.69,15.45,19.65
2014-08-12,0.05,34.33,18.09,19.19
2014-08-13,1.25,27.47,18.21,12.8
2014-08-14,0.0,26.72,13.72,17.53
2014-08-15,0.0,32.06,14.17,18.33
2014-08-16,0.0,32.57,17.63,19.91
2014-08-17,0.0,31.73,18.84,17.94
2014-08-18,0.0,32.18,18.29,19.77
2014-08-19,0.0,32.79,17.9,20.32
2014-08-20,0.0,32.23,14.59,21.7
2014-08-21,0.0,34.09,15.0,21.44
2014-08-22,0.0,34.7,17.17,21.54
2014-08-23,0.0,35.19,16.8,21.77
2014-08-24,0.0,35.33,17.07,21.83
2014-08-25,0.02,36.23,17.87,21.45
2014-08-26,0.0,28.94,18.86,16.58
2014-08-27,0.02,27.18,14.96,17.53
2014-08-28,0.0,32.43,14.82,17.29
2014-08-29,0.0,34.92,17.79,20.1
2014-08-30,0.0,36.69,19.13,21.23
2014-08-31,0.04,38.02,20.33,21.03
2014-09-01,0.02,36.84,20.67,19.3
2014-09-02,1.81,36.55,23.68,19.33
2014-09-03,0.0,36.6,22.96,18.19
2014-09-04,0.02,33.55,22.37,21.99
2014-09-05,0.0,33.28,17.39,23.11
2014-09-06,0.01,35.64,18.53,22.78
2014-09-07,1.31,35.53,22.24,12.55
2014-09-08,0.0,35.37,19.81,22.26
2014-09-09,0.0,36.17,19.19,23.9
2014-09-10,0.0,37.81,18.77,24.17
2014-09-11,0.0,38.33,21.14,23.19
2014-09-12,0.0,38.05,20.54,23.56
2014-09-13,0.0,37.11,19.17,24.63
2014-09-14,0.0,39.15,18.83,23.64
2014-09-15,0.21,35.55,22.17,14.58
2014-09-16,0.0,33.89,19.4,22.74
2014-09-17,0.0,38.23,19.69,23.78
2014-09-18,0.01,39.34,23.5,20.34
2014-09-19,8.14,37.56,24.75,15.07
2014-09-20,11.17,33.92,21.28,3.16
2014-09-21,1.23,31.19,18.67,22.47
2014-09-22,0.01,32.74,15.16,26.03
2014-09-23,0.0,36.55,16.89,23.78
2014-09-24,25.63,34.59,23.21,15.88
2014-09-25,0.74,32.64,22.15,15.31
2014-09-26,11.87,29.62,23.15,13.68
2014-09-27,11.43,32.0,22.24,4.66
2014-09-28,0.04,30.76,22.14,16.65
2014-09-29,13.87,34.48,22.15,23.21
2014-09-30,0.03,31.71,22.23,16.55
2014-10-01,5.17,36.26,22.86,16.76
2014-10-02,0.01,31.57,21.0,20.51
2014-10-03,0.07,30.0,16.24,26.43
2014-10-04,0.0,30.29,14.37,27.1
2014-10-05,0.0,32.37,14.15,24.3
2014-10-06,0.0,33.13,15.54,26.45
2014-10-07,0.0,33.14,16.52,23.72
2014-10-08,0.0,35.56,17.25,28.1
2014-10-09,0.0,37.07,18.17,27.44
2014-10-10,0.0,37.58,20.53,26.62
2014-10-11,0.0,39.44,22.19,26.7
2014-10-12,0.0,40.3,22.71,26.32
2014-10-13,0.0,40.97,22.06,26.94
2014-10-14,0.0,41.96,24.22,26.76
2014-10-15,0.0,41.94,25.31,24.94
2014-10-16,0.0,41.39,24.93,25.43
2014-10-17,0.24,42.76,24.46,22.99
2014-10-18,0.0,41.99,26.87,22.14
2014-10-19,3.03,34.26,23.64,14.98
2014-10-20,7.02,36.57,22.28,10.89
2014-10-21,0.0,34.94,23.41,24.32
2014-10-22,0.0,36.26,20.34,26.95
2014-10-23,9.7,35.28,21.61,26.94
2014-10-24,4.22,34.1,22.79,15.63
2014-10-25,22.03,26.84,21.85,10.72
2014-10-26,1.34,31.42,20.33,17.31
2014-10-27,0.0,32.8,21.32,24.1
2014-10-28,0.0,35.13,22.41,27.95
2014-10-29,0.0,35.98,20.21,28.98
2014-10-30,27.16,34.18,21.83,23.94
2014-10-31,2.54,32.28,22.56,20.8
2014-11-01,4.04,31.87,22.39,18.31
2014-11-02,14.02,30.49,23.23,18.35
2014-11-03,3.26,28.64,23.56,19.94
2014-11-04,25.95,28.05,22.85,17.21
2014-11-05,1.09,32.74,22.47,25.48
2014-11-06,0.02,33.82,22.76,26.38
2014-11-07,7.87,34.03,23.6,25.27
2014-11-08,0.28,31.6,24.08,8.12
2014-11-09,0.05,32.57,22.89,24.98
2014-11-10,0.01,33.96,20.82,26.53
2014-11-11,4.8,35.22,18.0,27.69
2014-11-12,19.46,30.6,23.89,14.59
2014-11-13,0.12,33.79,21.89,23.44
2014-11-14,0.0,32.89,20.34,27.84
2014-11-15,0.0,31.44,19.37,29.23
2014-11-16,0.0,31.87,17.72,30.86
2014-11-17,0.0,33.18,17.28,29.57
2014-11-18,0.0,35.29,16.72,29.53
2014-11-19,13.52,34.79,22.11,23.46
2014-11-20,7.98,31.56,22.89,14.8
2014-11-21,3.28,33.85,21.53,21.41
2014-11-22,15.33,28.54,22.47,8.12
2014-11-23,6.46,31.24,21.29,14.63
2014-11-24,4.61,30.2,22.32,16.7
2014-11-25,35.67,26.68,23.18,12.43
2014-11-26,2.86,30.21,21.96,16.31
2014-11-27,2.5,30.01,22.94,21.5
2014-11-28,2.96,31.33,21.56,20.35
2014-11-29,1.04,29.99,22.94,18.49
2014-11-30,5.07,32.61,23.15,14.19
2014-12-01,0.83,31.4,23.4,23.89
2014-12-02,3.33,30.93,22.39,21.69
2014-12-03,1.93,32.11,22.45,18.11
2014-12-04,13.59,32.31,22.18,22.93
2014-12-05,1.0,31.34,21.88,20.64
2014-12-06,0.37,31.17,20.36,24.38
2014-12-07,0.21,31.31,22.05,23.54
2014-12-08,3.44,27.43,22.23,20.84
2014-12-09,6.56,30.84,21.39,19.49
2014-12-10,9.75,28.85,22.45,17.91
2014-12-11,9.49,31.28,21.58,22.25
2014-12-12,11.39,30.15,21.95,17.19
2014-12-13,5.35,30.67,22.72,16.99
2014-12-14,2.55,32.98,22.92,26.24
2014-12-15,0.01,32.08,22.14,29.15
2014-12-16,0.05,30.19,19.6,28.94
2014-12-17,0.0,35.19,19.81,26.57
2014-12-18,2.94,33.97,22.77,21.07
2014-12-19,0.85,32.2,23.7,26.21
2014-12-20,1.31,33.45,23.49,20.89
2014-12-21,1.72,29.78,24.25,16.6
2014-12-22,8.89,27.13,23.43,15.18
2014-12-23,5.98,31.2,22.54,18.22
2014-12-24,8.37,30.8,21.61,16.59
2014-12-25,1.26,32.74,23.08,21.49
2014-12-26,0.01,33.72,23.54,29.42
2014-12-27,0.0,34.83,23.79,28.41
2014-12-28,0.0,36.0,23.9,29.14
2014-12-29,3.64,35.4,22.92,22.63
2014-12-30,6.69,32.74,24.19,27.23
2014-12-31,2.37,32.52,24.02,25.12
2015-01-01,0.37,35.62,23.54,28.39
2015-01-02,0.22,30.92,24.84,27.52
2015-01-03,4.99,33.38,24.53,24.31
2015-01-04,7.15,33.61,23.31,23.92
2015-01-05,3.88,29.71,22.65,21.75
2015-01-06,5.72,32.01,22.5,22.39
2015-01-07,1.22,33.12,22.77,28.49
2015-01-08,0.8,32.1,22.57,18.47
2015-01-09,0.12,33.52,23.12,24.38
2015-01-10,0.43,36.52,24.2,28.13
2015-01-11,0.65,36.66,24.53,27.38
2015-01-12,0.31,37.03,24.94,27.54
2015-01-13,0.01,34.59,25.2,28.59
2015-01-14,0.52,30.71,25.16,22.5
2015-01-15,3.44,35.35,23.02,28.02
2015-01-16,0.71,33.48,25.04,26.08
2015-01-17,0.01,38.85,23.93,28.92
2015-01-18,0.01,39.31,24.15,29.21
2015-01-19,0.04,40.19,23.72,28.54
2015-01-20,0.03,41.05,24.52,26.23
2015-01-21,0.06,34.23,24.49,27.63
2015-01-22,19.83,34.76,23.99,21.72
2015-01-23,7.66,32.4,21.93,25.92
2015-01-24,2.61,33.36,23.22,27.34
2015-01-25,0.68,32.92,22.97,18.65
2015-01-26,14.93,31.4,21.72,25.41
2015-01-27,9.76,31.88,22.4,19.33
2015-01-28,14.72,27.22,23.16,20.76
2015-01-29,11.62,31.16,21.59,16.02
2015-01-30,4.0,30.12,22.56,26.39
2015-01-31,0.04,33.18,22.82,26.55
2015-02-01,1.42,34.45,22.39,26.48
2015-02-02,1.84,34.43,23.96,28.86
2015-02-03,11.28,33.55,24.27,27.94
2015-02-04,17.71,31.49,23.24,18.02
2015-02-05,2.84,32.08,22.58,21.37
2015-02-06,6.61,32.5,23.0,25.81
2015-02-07,3.31,32.71,20.88,24.52
2015-02-08,6.07,33.32,20.61,26.51
2015-02-09,3.93,32.21,22.98,15.33
2015-02-10,4.13,32.4,23.19,22.78
2015-02-11,4.15,29.61,23.91,25.32
2015-02-12,2.21,30.72,23.02,25.48
2015-02-13,1.61,32.1,24.14,23.54
2015-02-14,8.68,29.95,23.91,17.53
2015-02-15,7.36,30.06,22.81,19.39
2015-02-16,19.46,29.79,22.56,20.78
2015-02-17,19.54,27.7,22.17,11.74
2015-02-18,8.86,30.26,21.42,15.73
2015-02-19,17.24,31.39,22.45,15.42
2015-02-20,12.68,28.13,22.96,17.2
2015-02-21,1.57,29.07,22.94,25.99
2015-02-22,0.19,32.06,22.41,27.19
2015-02-23,0.08,31.39,23.3,25.66
2015-02-24,0.88,30.32,22.0,25.02
2015-02-25,1.44,30.66,22.31,24.09
2015-02-26,18.99,28.46,21.83,9.8
2015-02-27,12.87,29.96,20.95,24.48
2015-02-28,1.24,31.62,21.81,23.64
2015-03-01,1.61,31.52,21.86,25.81
2015-03-02,0.63,31.23,21.18,22.38
2015-03-03,0.91,28.55,23.42,20.78
2015-03-04,1.48,29.02,23.06,19.7
2015-03-05,7.89,32.4,20.67,22.69
2015-03-06,3.39,31.25,22.42,18.06
2015-03-07,7.48,30.82,22.38,18.46
2015-03-08,12.06,30.42,22.4,15.16
2015-03-09,20.82,30.23,23.19,10.31
2015-03-10,5.16,31.51,21.33,18.31
2015-03-11,2.41,31.8,21.77,24.07
2015-03-12,6.86,31.08,21.05,22.33
2015-03-13,2.6,30.97,21.29,20.89
2015-03-14,11.13,29.34,21.75,17.53
2015-03-15,4.28,29.61,22.25,23.71
2015-03-16,3.21,31.84,21.42,23.99
2015-03-17,1.93,30.91,21.78,21.68
2015-03-18,1.74,30.16,20.78,21.01
2015-03-19,13.65,25.29,19.86,13.33
2015-03-20,3.43,27.56,19.52,15.49
2015-03-21,20.04,28.79,20.09,16.6
2015-03-22,0.48,30.02,19.32,21.14
2015-03-23,0.15,30.33,18.89,23.18
2015-03-24,0.11,30.73,18.39,25.13
2015-03-25,0.07,31.29,17.88,23.9
2015-03-26,1.19,32.57,19.08,21.45
2015-03-27,6.26,31.42,21.47,13.59
2015-03-28,12.76,31.07,21.83,21.0
2015-03-29,7.41,31.53,22.3,14.09
2015-03-30,6.94,30.83,22.07,17.23
2015-03-31,8.1,29.71,22.97,21.22
2015-04-01,0.6,30.66,22.39,20.2
2015-04-02,0.02,30.35,21.4,15.12
2015-04-03,0.01,30.52,21.32,19.02
2015-04-04,3.55,32.08,19.93,20.92
2015-04-05,2.86,31.67,21.4,13.05
2015-04-06,1.15,29.47,21.03,14.26
2015-04-07,0.0,28.62,18.47,21.45
2015-04-08,0.0,29.04,17.78,22.12
2015-04-09,0.02,30.52,17.87,20.72
2015-04-10,0.01,28.73,19.66,16.43
2015-04-11,0.0,31.23,19.3,21.91
2015-04-12,0.01,31.96,20.25,20.92
2015-04-13,0.02,31.98,19.98,21.59
2015-04-14,5.09,30.96,21.22,16.28
2015-04-15,2.6,31.9,21.85,18.34
2015-04-16,0.14,32.4,23.72,18.89
2015-04-17,0.46,31.26,22.47,20.36
2015-04-18,1.41,29.71,22.49,13.94
2015-04-19,0.28,31.64,21.94,18.14
2015-04-20,0.05,33.13,22.51,19.56
2015-04-21,3.79,33.54,22.51,17.83
2015-04-22,3.82,32.03,23.52,16.72
2015-04-23,0.42,32.08,22.38,15.73
2015-04-24,0.85,32.27,21.0,15.04
2015-04-25,0.09,31.95,20.6,19.24
2015-04-26,0.0,29.61,17.92,20.88
2015-04-27,0.01,30.56,16.51,20.41
2015-04-28,0.05,31.16,17.38,19.98
2015-04-29,0.0,29.93,16.74,19.06
2015-04-30,0.0,29.99,17.67,19.75
2015-05-01,0.0,30.04,15.98,19.67
2015-05-02,0.0,31.89,15.48,20.06
2015-05-03,1.8,32.27,18.02,17.26
2015-05-04,22.18,29.07,20.12,9.04
2015-05-05,0.17,28.42,17.3,12.24
2015-05-06,0.02,28.97,18.13,14.62
2015-05-07,0.0,28.71,16.89,18.56
2015-05-08,0.0,27.04,16.07,18.56
2015-05-09,0.01,28.5,15.21,16.54
2015-05-10,8.23,29.21,19.74,10.24
2015-05-11,10.45,26.18,17.02,10.41
2015-05-12,0.0,24.57,12.89,16.99
2015-05-13,0.0,25.13,14.23,15.17
2015-05-14,0.0,26.98,14.07,18.14
2015-05-15,0.0,27.41,16.29,9.75
2015-05-16,0.0,28.55,18.09,14.59
2015-05-17,0.0,28.69,17.17,15.69
2015-05-18,0.07,27.84,17.62,8.74
2015-05-19,0.35,27.92,16.79,9.43
2015-05-20,2.84,27.86,16.67,12.51
2015-05-21,0.25,28.68,18.56,16.13
2015-05-22,0.0,29.51,18.4,17.06
2015-05-23,0.0,27.98,19.47,12.78
2015-05-24,0.0,30.76,18.46,16.17
2015-05-25,0.0,32.1,20.17,16.4
2015-05-26,0.07,32.27,20.8,17.02
2015-05-27,0.46,31.9,19.47,16.01
2015-05-28,3.37,26.12,19.12,4.55
2015-05-29,0.23,26.04,13.77,14.76
2015-05-30,1.77,26.74,14.02,10.85
2015-05-31,18.72,26.72,18.71,10.7
2015-06-01,2.21,26.25,16.49,6.32
2015-06-02,3.56,25.98,17.68,3.37
2015-06-03,0.17,28.18,17.38,13.46
2015-06-04,0.0,28.9,16.24,16.43
2015-06-05,0.0,28.51,16.05,16.79
2015-06-06,0.01,29.2,16.33,16.73
2015-06-07,0.0,29.96,16.94,15.37
2015-06-08,0.0,29.8,16.96,16.41
2015-06-09,0.0,29.8,16.67,15.15
2015-06-10,0.0,30.58,17.43,16.35
2015-06-11,0.0,31.08,17.68,16.52
2015-06-12,0.0,31.45,18.27,16.07
2015-06-13,0.0,30.92,17.74,16.56
2015-06-14,0.0,31.63,18.07,14.97
2015-06-15,0.27,22.34,16.53,5.45
2015-06-16,0.01,25.88,13.59,13.5
2015-06-17,0.01,31.44,16.31,15.91
2015-06-18,0.07,31.96,17.9,13.12
2015-06-19,0.01,26.87,15.44,6.15
2015-06-20,0.0,27.87,14.77,15.8
2015-06-21,0.0,29.38,15.94,15.74
2015-06-22,0.0,29.17,15.41,15.74
2015-06-23,0.0,28.75,15.7,13.87
2015-06-24,0.0,28.29,16.4,12.7
2015-06-25,0.0,27.86,16.73,15.08
2015-06-26,0.0,27.0,16.86,15.42
2015-06-27,0.0,27.54,13.81,16.57
2015-06-28,0.0,27.3,12.53,15.3
2015-06-29,0.0,28.49,13.61,14.96
2015-06-30,1.51,28.58,15.29,13.38
2015-07-01,6.31,26.96,17.69,9.83
2015-07-02,1.03,27.73,17.03,10.43
2015-07-03,0.11,30.64,18.0,12.25
2015-07-04,4.08,20.35,14.05,3.02
2015-07-05,0.0,25.42,12.13,6.94
2015-07-06,1.29,24.02,15.96,8.18
2015-07-07,11.06,23.48,18.26,5.18
2015-07-08,8.81,24.32,14.76,7.96
2015-07-09,5.21,25.6,13.4,13.74
2015-07-10,1.47,28.58,15.73,15.95
2015-07-11,0.22,30.13,16.13,8.92
2015-07-12,0.43,30.73,17.75,16.45
2015-07-13,0.0,31.58,17.95,15.96
2015-07-14,0.0,32.56,19.08,14.93
2015-07-15,0.06,31.86,20.19,10.71
2015-07-16,0.02,29.92,19.42,11.15
2015-07-17,0.0,30.1,19.22,15.72
2015-07-18,0.0,30.1,17.56,16.8
2015-07-19,0.0,30.29,17.0,17.48
2015-07-20,0.0,31.02,15.63,17.51
2015-07-21,0.07,26.39,15.79,7.38
2015-07-22,0.01,27.4,12.26,12.11
2015-07-23,0.01,29.89,14.75,14.76
2015-07-24,0.07,30.93,17.33,16.07
2015-07-25,0.03,28.67,18.52,13.41
2015-07-26,0.0,29.07,14.85,17.03
2015-07-27,0.0,30.86,14.6,17.6
2015-07-28,0.0,31.58,14.6,17.84
2015-07-29,0.0,32.24,15.77,18.15
2015-07-30,0.0,31.69,15.58,18.3
2015-07-31,0.0,32.44,15.77,18.78
2015-08-01,0.0,32.3,15.01,18.89
2015-08-02,0.0,32.9,15.97,18.81
2015-08-03,0.0,33.24,16.71,19.17
2015-08-04,0.0,32.76,16.32,19.01
2015-08-05,0.0,32.96,16.32,19.23
2015-08-06,0.0,33.36,16.49,19.29
2015-08-07,0.0,34.66,16.38,19.67
2015-08-08,0.0,34.22,17.08,19.36
2015-08-09,0.0,33.58,16.13,19.41
2015-08-10,0.0,33.64,17.31,19.5
2015-08-11,0.0,33.19,17.78,19.8
2015-08-12,0.0,32.19,17.14,20.41
2015-08-13,0.0,32.89,15.72,20.13
2015-08-14,0.0,31.92,14.45,20.49
2015-08-15,0.0,33.23,15.73,20.43
2015-08-16,0.0,34.0,16.77,20.28
2015-08-17,0.0,34.28,17.47,17.1
2015-08-18,1.43,35.02,21.85,16.47
2015-08-19,0.21,30.21,17.7,19.91
2015-08-20,0.01,30.32,13.41,21.16
2015-08-21,0.0,30.72,14.49,21.3
2015-08-22,0.0,33.82,14.67,21.54
2015-08-23,0.0,36.68,16.83,20.88
2015-08-24,0.1,34.63,20.54,18.47
2015-08-25,0.02,35.35,19.56,17.4
2015-08-26,0.36,37.61,20.17,19.55
2015-08-27,8.92,34.37,20.02,4.91
2015-08-28,0.04,32.15,17.98,19.78
2015-08-29,0.08,34.02,14.68,21.99
2015-08-30,0.0,36.21,15.21,22.03
2015-08-31,0.0,37.09,19.08,21.61
2015-09-01,0.0,37.29,18.91,21.98
2015-09-02,0.0,35.73,19.17,22.65
2015-09-03,0.0,36.5,18.84,22.24
2015-09-04,0.08,36.38,18.58,22.23
2015-09-05,0.01,33.0,21.18,18.39
2015-09-06,0.02,34.09,20.05,19.83
2015-09-07,0.34,37.87,22.02,12.35
2015-09-08,15.26,35.42,22.81,12.3
2015-09-09,11.15,29.55,19.05,9.57
2015-09-10,5.8,31.1,20.36,8.77
2015-09-11,41.85,27.56,19.35,4.35
2015-09-12,4.9,24.77,15.02,6.3
2015-09-13,0.26,27.46,13.71,10.36
2015-09-14,0.0,29.38,15.59,22.03
2015-09-15,0.0,34.55,16.85,23.2
2015-09-16,0.01,36.81,21.76,22.76
2015-09-17,0.0,37.02,22.2,22.18
2015-09-18,0.0,37.76,22.71,24.1
2015-09-19,0.0,37.88,21.36,25.64
2015-09-20,0.0,37.93,19.15,25.71
2015-09-21,0.0,38.02,19.5,25.55
2015-09-22,0.0,39.0,19.71,24.61
2015-09-23,0.0,39.1,20.2,25.17
2015-09-24,0.0,39.55,21.04,21.39
2015-09-25,0.2,38.38,23.94,16.84
2015-09-26,4.87,36.03,24.04,13.71
2015-09-27,2.74,37.04,23.36,20.72
2015-09-28,1.23,30.79,21.58,9.16
2015-09-29,3.27,30.48,21.81,12.26
2015-09-30,1.07,34.65,20.55,16.94
2015-10-01,0.0,35.96,20.51,23.57
2015-10-02,0.77,37.74,23.29,24.01
2015-10-03,24.49,29.83,22.9,5.9
2015-10-04,0.1,29.43,21.06,12.15
2015-10-05,0.0,34.78,21.34,24.35
2015-10-06,0.0,36.55,20.57,26.45
2015-10-07,0.0,39.72,20.72,25.77
2015-10-08,1.13,39.3,23.16,23.98
2015-10-09,6.69,33.1,25.41,17.09
2015-10-10,35.67,28.38,23.56,13.41
2015-10-11,6.96,29.16,20.4,12.03
2015-10-12,5.55,24.45,18.01,11.05
2015-10-13,0.17,31.03,17.13,25.89
2015-10-14,0.2,36.49,19.92,26.13
2015-10-15,0.0,38.73,21.47,25.62
2015-10-16,0.0,39.64,24.25,25.88
2015-10-17,0.0,38.25,22.82,26.56
2015-10-18,0.0,37.22,22.11,24.57
2015-10-19,0.0,38.53,21.69,25.99
2015-10-20,0.0,39.44,25.21,22.89
2015-10-21,0.0,40.41,23.51,21.94
2015-10-22,1.63,40.68,25.92,20.76
2015-10-23,5.12,37.55,24.72,11.51
2015-10-24,0.72,36.53,23.25,24.12
2015-10-25,1.25,36.55,23.18,22.11
2015-10-26,6.35,37.34,25.3,18.2
2015-10-27,8.13,34.67,24.76,22.53
2015-10-28,1.62,32.95,24.44,16.52
2015-10-29,0.0,35.1,23.33,25.65
2015-10-30,1.06,36.76,22.03,25.55
2015-10-31,22.45,28.07,23.62,7.08
2015-11-01,8.07,31.16,22.56,19.1
2015-11-02,9.14,32.54,23.36,19.51
2015-11-03,21.96,28.5,23.34,15.58
2015-11-04,17.93,29.55,23.1,17.96
2015-11-05,14.5,32.24,22.9,19.96
2015-11-06,0.16,31.83,21.89,24.9
2015-11-07,0.14,32.37,20.69,16.41
2015-11-08,2.5,32.68,21.13,22.06
2015-11-09,1.01,34.59,22.76,25.05
2015-11-10,0.51,35.68,23.59,27.81
2015-11-11,0.04,35.12,24.98,22.76
2015-11-12,0.01,34.44,24.72,26.06
2015-11-13,1.7,32.6,23.93,25.09
2015-11-14,19.55,26.89,23.92,25.65
2015-11-15,30.43,31.09,22.98,14.59
2015-11-16,3.13,31.11,23.44,24.06
2015-11-17,10.35,32.1,22.8,23.38
2015-11-18,11.72,33.46,23.11,23.33
2015-11-19,10.57,33.38,23.47,23.06
2015-11-20,3.49,28.89,21.64,8.23
2015-11-21,0.04,32.98,18.33,16.65
2015-11-22,0.55,33.96,23.04,21.72
2015-11-23,13.54,34.32,23.91,23.77
2015-11-24,22.69,30.53,24.49,4.65
2015-11-25,34.21,30.11,24.18,5.25
2015-11-26,0.82,28.91,23.27,19.84
2015-11-27,0.88,32.73,22.4,27.22
2015-11-28,22.13,30.23,24.17,16.35
2015-11-29,4.81,29.89,22.99,18.37
2015-11-30,13.91,30.85,22.95,22.1
2015-12-01,0.58,31.14,21.83,22.4
2015-12-02,0.17,32.38,22.63,14.06
2015-12-03,7.04,31.82,21.81,20.83
2015-12-04,8.06,33.55,22.36,27.21
2015-12-05,6.07,30.18,23.55,21.88
2015-12-06,7.6,28.9,22.69,14.61
2015-12-07,1.41,32.17,22.2,21.03
2015-12-08,2.21,31.65,22.99,21.93
2015-12-09,2.16,30.55,23.55,17.87
2015-12-10,3.38,29.88,23.17,11.84
2015-12-11,2.66,29.81,23.0,16.16
2015-12-12,3.58,30.57,23.1,14.16
2015-12-13,0.11,33.68,22.25,19.93
2015-12-14,0.11,33.55,23.24,27.8
2015-12-15,3.45,30.91,23.96,11.9
2015-12-16,2.12,30.02,22.88,24.94
2015-12-17,0.15,33.66,22.11,24.4
2015-12-18,1.75,34.46,22.79,24.0
2015-12-19,8.58,32.95,23.61,20.72
2015-12-20,6.91,29.24,23.42,19.42
2015-12-21,0.52,32.52,22.46,26.83
2015-12-22,0.15,33.62,22.94,27.07
2015-12-23,3.48,30.53,24.94,17.07
2015-12-24,13.89,32.35,23.29,24.08
2015-12-25,29.99,31.18,23.76,23.18
2015-12-26,4.93,31.61,23.41,16.57
2015-12-27,11.77,30.95,23.14,19.3
2015-12-28,12.21,29.62,23.71,18.38
2015-12-29,38.81,26.15,23.18,14.26
2015-12-30,15.24,29.38,22.93,14.31
2015-12-31,8.83,29.23,22.45,18.32
2016-01-01,4.53,29.86,22.85,16.0
2016-01-02,1.17,30.66,23.31,22.74
2016-01-03,0.28,31.86,23.15,19.57
2016-01-04,0.77,29.89,23.58,19.2
2016-01-05,3.16,31.11,23.33,23.91
2016-01-06,7.82,29.05,23.81,16.4
2016-01-07,2.84,30.33,23.1,19.0
2016-01-08,9.39,30.09,24.27,15.33
2016-01-09,47.99,27.63,23.57,14.45
2016-01-10,17.38,29.02,23.38,18.51
2016-01-11,15.79,29.26,23.4,13.45
2016-01-12,5.94,29.3,23.38,14.47
2016-01-13,15.94,29.99,23.73,13.8
2016-01-14,19.62,29.33,23.9,13.96
2016-01-15,4.59,30.35,23.49,11.06
2016-01-16,2.44,27.6,23.28,18.69
2016-01-17,0.06,29.92,20.78,27.08
2016-01-18,0.0,29.68,18.76,28.19
2016-01-19,0.0,31.02,20.03,29.09
2016-01-20,0.0,30.83,21.3,21.68
2016-01-21,0.0,31.47,20.86,25.6
2016-01-22,0.0,30.78,19.97,29.81
2016-01-23,10.55,31.41,19.97,27.99
2016-01-24,2.93,32.65,20.2,25.56
2016-01-25,1.29,32.99,23.1,28.66
2016-01-26,7.14,34.11,23.25,26.69
2016-01-27,6.74,31.02,24.64,18.28
2016-01-28,5.84,31.63,24.1,23.02
2016-01-29,9.36,30.48,23.53,15.21
2016-01-30,10.82,27.82,22.99,20.02
2016-01-31,2.19,30.57,22.81,27.17
2016-02-01,0.07,32.13,23.73,27.19
2016-02-02,0.09,33.4,22.73,28.22
2016-02-03,1.73,31.18,22.91,24.76
2016-02-04,4.0,31.52,24.16,21.13
2016-02-05,7.09,32.05,22.88,22.4
2016-02-06,0.41,32.4,22.78,21.8
2016-02-07,0.68,32.85,23.27,25.22
2016-02-08,2.49,31.3,23.76,20.52
2016-02-09,1.43,33.07,23.54,26.2
2016-02-10,2.23,33.86,23.81,26.09
2016-02-11,2.44,31.63,24.66,26.0
2016-02-12,5.47,32.76,24.48,23.62
2016-02-13,2.8,33.83,24.18,24.09
2016-02-14,0.32,29.82,23.93,25.78
2016-02-15,10.65,32.55,23.19,23.2
2016-02-16,2.5,31.49,23.6,17.77
2016-02-17,1.58,32.8,23.92,26.25
2016-02-18,24.89,30.98,24.48,17.41
2016-02-19,2.93,31.78,23.52,25.26
2016-02-20,2.12,30.62,23.86,21.16
2016-02-21,10.59,28.61,23.88,12.21
2016-02-22,25.05,27.03,23.18,15.67
2016-02-23,18.49,26.66,22.45,12.34
2016-02-24,3.37,28.56,21.62,11.2
2016-02-25,6.67,30.19,21.55,15.26
2016-02-26,10.18,31.09,21.83,21.23
2016-02-27,4.07,30.88,23.79,19.98
2016-02-28,9.58,29.69,23.43,17.34
2016-02-29,3.74,30.52,22.62,11.94
2016-03-01,1.08,30.12,22.28,18.21
2016-03-02,10.16,28.07,22.82,15.39
2016-03-03,4.11,31.59,22.44,19.93
2016-03-04,1.49,31.3,21.72,23.27
2016-03-05,0.05,31.38,19.95,21.95
2016-03-06,0.44,31.85,20.94,20.75
2016-03-07,0.52,32.38,23.15,24.31
2016-03-08,2.11,32.89,22.42,24.58
2016-03-09,13.27,29.3,23.84,18.3
2016-03-10,9.94,31.77,23.23,15.24
2016-03-11,2.66,29.56,19.78,20.41
2016-03-12,0.0,28.52,17.93,26.41
2016-03-13,0.03,30.01,16.18,21.58
2016-03-14,0.82,32.02,20.52,23.16
2016-03-15,1.55,29.99,22.78,16.71
2016-03-16,7.05,30.27,22.11,22.74
2016-03-17,0.37,31.84,20.72,24.53
2016-03-18,0.05,33.06,22.18,24.9
2016-03-19,0.0,33.17,22.04,25.21
2016-03-20,0.0,32.95,22.05,24.7
2016-03-21,0.0,33.76,20.09,24.83
2016-03-22,0.17,34.08,21.84,21.84
2016-03-23,2.3,32.87,23.67,22.3
2016-03-24,29.4,31.33,23.39,16.98
2016-03-25,4.17,29.88,22.84,13.03
2016-03-26,1.24,29.11,21.36,15.13
2016-03-27,0.02,28.09,19.63,16.79
2016-03-28,0.01,30.38,19.3,22.76
2016-03-29,0.0,32.55,19.7,21.79
2016-03-30,0.05,29.44,23.22,18.47
2016-03-31,0.07,29.69,22.59,23.05
2016-04-01,0.47,32.17,21.62,23.44
2016-04-02,0.37,32.3,21.85,23.25
2016-04-03,0.0,33.61,21.79,22.95
2016-04-04,0.0,33.92,21.57,22.39
2016-04-05,0.0,34.25,22.3,22.87
2016-04-06,0.0,33.79,21.62,22.27
2016-04-07,0.0,34.04,21.22,22.74
2016-04-08,0.0,33.99,21.91,23.02
2016-04-09,0.0,34.86,21.11,22.83
2016-04-10,0.0,33.83,20.87,21.88
2016-04-11,0.0,34.03,19.52,22.1
2016-04-12,0.0,34.26,20.08,22.0
2016-04-13,0.0,33.53,21.63,22.21
2016-04-14,0.02,34.99,22.33,21.34
2016-04-15,0.02,30.35,23.55,20.53
2016-04-16,0.0,34.19,21.76,21.85
2016-04-17,0.0,34.38,19.92,21.94
2016-04-18,0.0,34.21,20.3,21.02
2016-04-19,0.0,34.59,20.67,21.28
2016-04-20,0.0,34.35,20.48,17.8
2016-04-21,0.0,35.61,21.51,21.2
2016-04-22,0.0,35.2,21.57,20.69
2016-04-23,0.0,35.11,21.05,20.29
2016-04-24,0.0,35.08,20.97,18.52
2016-04-25,10.09,33.09,21.78,19.44
2016-04-26,53.67,27.04,17.28,2.82
2016-04-27,2.06,19.97,10.8,15.1
2016-04-28,0.53,20.1,7.99,18.84
2016-04-29,0.83,22.38,8.5,9.07
2016-04-30,0.48,22.49,8.5,20.74
2016-05-01,0.04,23.72,8.27,20.92
2016-05-02,0.0,24.7,9.46,20.49
2016-05-03,0.0,26.68,11.65,20.14
2016-05-04,0.0,28.02,14.93,19.84
2016-05-05,0.03,28.94,14.63,19.78
2016-05-06,0.0,29.13,16.02,19.2
2016-05-07,0.03,28.96,15.59,15.66
2016-05-08,0.14,29.95,17.68,14.11
2016-05-09,6.15,29.77,18.35,17.01
2016-05-10,18.2,28.47,19.4,3.27
2016-05-11,3.6,24.75,19.73,14.86
2016-05-12,15.11,27.94,18.61,10.23
2016-05-13,5.25,23.02,18.72,12.42
2016-05-14,0.05,27.41,16.01,18.06
2016-05-15,1.66,29.69,17.16,16.96
2016-05-16,2.06,29.61,18.34,14.09
2016-05-17,0.2,23.97,15.06,11.47
2016-05-18,1.86,24.85,16.12,8.63
2016-05-19,1.01,25.54,16.16,14.25
2016-05-20,6.38,28.16,18.16,15.99
2016-05-21,6.33,26.14,19.83,8.71
2016-05-22,3.47,27.39,16.47,11.86
2016-05-23,0.11,20.91,11.83,12.43
2016-05-24,0.12,21.79,9.04,17.48
2016-05-25,0.21,24.98,11.12,15.01
2016-05-26,0.11,26.95,13.16,16.63
2016-05-27,1.69,27.14,16.08,12.41
2016-05-28,3.85,26.85,17.1,16.47
2016-05-29,21.77,22.15,17.64,4.78
2016-05-30,5.92,25.71,16.66,12.69
2016-05-31,29.9,27.04,17.99,9.14
2016-06-01,9.83,26.39,16.45,11.8
2016-06-02,18.95,20.1,14.19,4.69
2016-06-03,2.05,21.39,13.3,7.17
2016-06-04,3.93,23.41,15.69,11.67
2016-06-05,2.76,29.34,18.24,11.48
2016-06-06,2.87,26.97,17.58,11.63
2016-06-07,0.68,20.92,14.9,6.83
2016-06-08,0.13,18.77,9.61,9.69
2016-06-09,0.04,19.72,7.22,15.87
2016-06-10,0.12,20.86,8.13,12.85
2016-06-11,0.04,18.94,7.06,16.67
2016-06-12,0.0,18.01,4.84,17.42
2016-06-13,0.0,19.21,3.04,17.38
2016-06-14,0.0,21.46,5.96,16.88
2016-06-15,0.0,26.25,10.01,16.6
2016-06-16,0.03,26.95,12.58,16.83
2016-06-17,0.0,26.93,13.23,16.75
2016-06-18,0.0,26.61,14.66,16.53
2016-06-19,0.0,26.3,12.12,16.63
2016-06-20,0.03,25.92,12.81,16.39
2016-06-21,0.07,22.05,13.5,15.14
2016-06-22,0.16,25.96,12.77,15.06
2016-06-23,0.63,26.23,13.4,15.82
2016-06-24,0.0,26.94,13.92,16.13
2016-06-25,0.0,26.99,14.04,14.64
2016-06-26,0.0,26.67,15.56,15.92
2016-06-27,0.0,25.87,13.24,16.45
2016-06-28,0.0,26.44,13.14,15.49
2016-06-29,0.0,26.3,12.33,14.6
2016-06-30,0.0,24.93,13.8,10.9
2016-07-01,0.07,27.74,13.22,15.16
2016-07-02,0.0,28.3,14.85,16.8
2016-07-03,0.0,28.22,14.07,16.52
2016-07-04,0.0,28.39,15.09,15.4
2016-07-05,0.0,28.09,14.93,15.72
2016-07-06,0.0,28.02,15.14,15.49
2016-07-07,0.02,21.92,11.77,16.93
2016-07-08,0.0,22.12,7.99,17.42
2016-07-09,0.0,27.73,9.21,17.34
2016-07-10,0.0,30.56,13.94,17.17
2016-07-11,0.0,31.49,15.01,17.27
2016-07-12,0.0,31.95,14.92,17.42
2016-07-13,0.0,31.52,16.46,17.39
2016-07-14,0.0,31.43,15.99,17.35
2016-07-15,0.0,31.99,15.95,17.3
2016-07-16,7.22,23.16,11.38,6.62
2016-07-17,0.0,19.23,7.3,18.99
2016-07-18,0.07,20.51,4.41,18.82
2016-07-19,0.0,23.58,10.58,17.46
2016-07-20,0.0,25.34,9.92,18.08
2016-07-21,0.0,26.49,11.47,17.95
2016-07-22,0.0,26.02,12.16,18.09
2016-07-23,0.0,27.31,11.11,17.9
2016-07-24,0.0,30.04,12.22,17.9
2016-07-25,0.0,30.69,14.86,18.45
2016-07-26,0.0,31.45,14.21,17.49
2016-07-27,0.0,27.77,16.33,17.91
2016-07-28,0.0,27.54,12.4,16.95
2016-07-29,0.0,28.77,14.55,17.07
2016-07-30,0.0,29.38,14.06,18.37
2016-07-31,0.0,29.82,14.49,18.55
2016-08-01,0.0,30.13,13.69,17.99
2016-08-02,0.0,30.22,15.36,18.91
2016-08-03,0.0,28.93,14.93,18.82
2016-08-04,0.0,30.3,14.57,18.33
2016-08-05,0.0,32.49,15.91,18.82
2016-08-06,0.0,33.38,16.86,19.49
2016-08-07,0.0,34.24,16.78,18.28
2016-08-08,0.0,34.17,18.94,18.74
2016-08-09,0.26,28.41,18.93,13.76
2016-08-10,0.15,24.36,14.63,7.66
2016-08-11,0.02,25.52,9.64,20.99
2016-08-12,0.0,25.67,9.9,20.62
2016-08-13,0.0,29.28,9.88,20.03
2016-08-14,0.0,34.74,15.54,20.47
2016-08-15,0.15,35.15,18.61,15.89
2016-08-16,2.23,30.82,18.4,8.55
2016-08-17,0.09,34.72,17.93,18.42
2016-08-18,0.21,35.87,19.75,19.11
2016-08-19,3.43,34.84,19.8,17.9
2016-08-20,34.92,32.84,20.8,9.85
2016-08-21,7.0,22.81,12.47,12.43
2016-08-22,0.06,21.69,9.23,21.25
2016-08-23,0.01,24.44,8.13,21.68
2016-08-24,0.02,29.82,11.07,21.62
2016-08-25,0.0,32.24,15.1,21.18
2016-08-26,0.0,32.44,16.17,21.27
2016-08-27,0.0,32.45,14.07,22.71
2016-08-28,0.0,34.57,14.85,22.32
2016-08-29,6.9,31.97,18.54,8.35
2016-08-30,17.09,27.05,15.23,3.34
2016-08-31,22.07,24.87,14.3,8.71
2016-09-01,0.14,28.05,13.5,20.07
2016-09-02,0.1,30.35,15.02,21.54
2016-09-03,6.11,28.74,18.12,4.5
2016-09-04,2.0,22.95,18.53,8.23
2016-09-05,1.3,24.13,15.91,10.99
2016-09-06,8.51,24.48,15.18,9.73
2016-09-07,0.15,22.59,11.9,21.08
2016-09-08,2.64,25.59,10.01,19.23
2016-09-09,1.55,27.68,14.95,21.07
2016-09-10,0.0,31.25,15.48,22.97
2016-09-11,0.0,33.77,16.86,23.44
2016-09-12,0.0,34.41,18.29,20.58
2016-09-13,0.01,35.39,18.29,16.68
2016-09-14,0.05,23.65,17.16,10.53
2016-09-15,0.0,27.93,12.45,21.1
2016-09-16,0.0,30.41,15.46,15.23
2016-09-17,0.0,34.63,16.59,20.55
2016-09-18,0.36,36.21,19.07,20.59
2016-09-19,6.31,33.49,20.78,9.75
2016-09-20,0.01,29.83,18.03,12.94
2016-09-21,0.0,27.87,14.33,26.76
2016-09-22,0.0,29.98,13.6,26.32
2016-09-23,0.0,29.77,14.23,25.83
2016-09-24,0.0,31.96,13.88,25.96
2016-09-25,0.0,30.52,17.69,20.72
2016-09-26,0.0,30.52,16.27,25.64
2016-09-27,0.0,31.36,16.55,26.99
2016-09-28,0.0,32.36,14.16,27.51
2016-09-29,0.0,34.39,13.9,27.04
2016-09-30,0.0,33.82,15.02,26.71
2016-10-01,0.0,32.22,17.36,24.52
2016-10-02,0.0,33.07,16.85,25.31
2016-10-03,2.59,34.47,18.44,18.32
2016-10-04,0.2,28.59,18.77,8.65
2016-10-05,3.14,28.3,20.32,10.32
2016-10-06,0.63,27.87,16.78,23.52
2016-10-07,0.0,29.61,12.63,24.95
2016-10-08,0.0,33.11,16.02,28.22
2016-10-09,0.0,35.26,16.68,25.5
2016-10-10,0.0,35.9,18.65,27.77
2016-10-11,0.0,36.77,20.02,24.81
2016-10-12,1.08,30.93,22.86,24.88
2016-10-13,8.91,31.31,22.25,7.37
2016-10-14,10.36,32.61,21.52,7.54
2016-10-15,0.69,33.97,22.46,23.53
2016-10-16,0.0,38.7,23.5,24.04
2016-10-17,0.01,39.14,24.17,23.43
2016-10-18,0.76,37.46,25.09,22.07
2016-10-19,0.06,38.75,25.47,24.99
2016-10-20,6.12,35.37,25.55,11.16
2016-10-21,9.67,30.07,23.73,16.3
2016-10-22,0.0,33.47,23.02,23.41
2016-10-23,0.08,35.88,21.69,25.3
2016-10-24,20.77,32.43,24.5,23.03
2016-10-25,8.69,30.78,23.07,16.98
2016-10-26,4.29,31.4,22.7,18.78
2016-10-27,15.49,28.68,18.96,18.83
2016-10-28,0.0,26.89,15.09,30.56
2016-10-29,0.01,28.86,12.19,30.53
2016-10-30,0.0,32.96,14.63,28.59
2016-10-31,5.81,32.58,21.62,26.14
2016-11-01,7.0,33.47,21.47,23.79
2016-11-02,8.85,33.31,22.49,17.43
2016-11-03,1.03,29.55,19.3,9.48
2016-11-04,0.02,28.89,16.79,21.09
2016-11-05,0.0,32.63,21.62,27.91
2016-11-06,0.78,33.76,21.5,27.02
2016-11-07,0.12,35.03,21.67,28.71
2016-11-08,0.34,35.93,21.44,25.69
2016-11-09,0.23,33.54,23.92,25.52
2016-11-10,0.31,36.25,22.01,26.71
2016-11-11,8.31,33.5,24.18,20.5
2016-11-12,12.98,29.72,22.93,8.46
2016-11-13,12.67,28.67,19.45,8.38
2016-11-14,0.32,31.52,20.69,13.06
2016-11-15,0.09,32.84,20.1,24.75
2016-11-16,0.03,35.4,21.24,27.51
2016-11-17,18.4,33.61,21.79,19.35
2016-11-18,0.03,31.52,18.54,29.75
2016-11-19,0.0,29.75,16.23,29.75
2016-11-20,0.0,31.78,15.07,30.43
2016-11-21,0.0,34.48,17.09,25.67
2016-11-22,0.21,34.41,22.23,23.42
2016-11-23,0.05,36.57,21.92,23.86
2016-11-24,0.01,36.08,23.5,24.87
2016-11-25,0.48,32.43,24.76,25.6
2016-11-26,0.46,31.98,24.16,18.48
2016-11-27,0.92,32.99,23.54,16.17
2016-11-28,4.14,35.93,23.51,21.41
2016-11-29,3.49,30.39,23.18,24.48
2016-11-30,0.17,31.94,21.49,27.32
2016-12-01,0.33,31.71,20.41,16.7
2016-12-02,0.38,30.63,22.8,13.14
2016-12-03,11.35,31.43,23.23,19.65
2016-12-04,1.67,33.87,23.11,21.34
2016-12-05,0.19,36.45,21.48,27.19
2016-12-06,0.26,36.82,22.92,18.05
2016-12-07,0.76,36.13,24.59,24.89
2016-12-08,6.64,30.77,24.79,25.17
2016-12-09,5.44,31.31,23.14,21.17
2016-12-10,17.87,32.13,22.55,17.4
2016-12-11,3.5,31.81,22.76,23.78
2016-12-12,4.85,33.17,22.68,19.18
2016-12-13,1.99,33.82,23.48,19.6
2016-12-14,2.74,34.6,23.49,18.23
2016-12-15,1.7,32.05,21.76,22.13
2016-12-16,2.77,29.92,19.28,17.93
2016-12-17,0.84,32.36,21.93,24.76
2016-12-18,5.34,30.62,21.97,26.19
2016-12-19,11.35,28.2,22.05,20.93
2016-12-20,13.25,28.35,21.01,20.63
2016-12-21,29.4,26.78,20.58,16.52
2016-12-22,5.18,28.55,20.47,23.17
2016-12-23,0.93,30.41,21.02,28.03
2016-12-24,0.21,30.93,21.22,22.01
2016-12-25,0.25,34.48,21.26,27.41
2016-12-26,0.3,34.33,24.47,28.94
2016-12-27,1.86,34.98,22.87,28.5
2016-12-28,5.45,34.2,23.26,18.02
2016-12-29,2.86,31.06,24.41,21.87
2016-12-30,11.42,30.25,23.03,21.61
2016-12-31,7.39,30.61,22.74,19.93
2017-01-01,6.21,32.22,22.65,23.69
2017-01-02,0.88,33.43,23.12,19.4
2017-01-03,0.2,31.68,23.51,26.63
2017-01-04,3.71,30.26,23.35,20.83
2017-01-05,0.43,31.69,23.06,24.53
2017-01-06,35.68,30.58,23.38,22.64
2017-01-07,1.63,30.03,22.56,27.27
2017-01-08,2.63,34.61,23.01,28.67
2017-01-09,5.73,30.43,25.45,23.03
2017-01-10,8.33,30.51,23.79,14.98
2017-01-11,15.8,29.19,22.83,19.94
2017-01-12,6.16,29.08,22.59,19.3
2017-01-13,5.74,31.92,22.86,14.88
2017-01-14,2.61,31.73,22.97,20.37
2017-01-15,2.37,31.66,22.88,20.28
2017-01-16,22.39,26.97,23.21,7.06
2017-01-17,12.47,27.2,22.81,14.32
2017-01-18,31.27,31.43,21.98,22.62
2017-01-19,9.24,28.77,21.91,19.5
2017-01-20,17.4,28.11,22.3,17.0
2017-01-21,3.56,27.39,21.59,17.35
2017-01-22,3.62,27.54,20.18,17.41
2017-01-23,7.73,29.7,21.29,23.06
2017-01-24,6.95,30.89,21.47,22.65
2017-01-25,19.4,28.01,22.49,16.86
2017-01-26,8.25,28.82,21.63,14.29
2017-01-27,2.9,28.37,21.5,13.19
2017-01-28,14.16,28.0,21.93,13.59
2017-01-29,10.37,26.57,21.37,17.51
2017-01-30,6.96,27.18,20.8,22.84
2017-01-31,2.39,28.45,19.98,12.25
2017-02-01,10.1,30.82,20.53,23.69
2017-02-02,6.78,28.33,22.07,19.72
2017-02-03,6.56,29.8,22.0,24.98
2017-02-04,0.0,33.56,21.51,27.8
2017-02-05,1.57,34.58,22.33,25.11
2017-02-06,4.28,29.56,24.15,25.03
2017-02-07,0.57,32.31,22.89,26.72
2017-02-08,0.2,32.01,23.25,26.07
2017-02-09,0.39,31.88,23.91,26.98
2017-02-10,0.06,31.51,22.93,27.42
2017-02-11,1.02,29.35,23.3,22.37
2017-02-12,25.9,29.73,23.15,22.1
2017-02-13,11.75,28.42,22.86,17.72
2017-02-14,6.05,29.88,22.89,23.02
2017-02-15,0.04,31.99,22.26,27.78
2017-02-16,0.18,31.91,21.09,27.74
2017-02-17,0.0,31.64,21.57,26.61
2017-02-18,0.01,31.15,21.49,26.92
2017-02-19,1.91,32.18,22.01,24.78
2017-02-20,1.94,34.01,23.4,27.49
2017-02-21,1.11,31.61,23.15,27.21
2017-02-22,0.44,32.78,22.56,25.2
2017-02-23,3.8,31.2,23.16,25.59
2017-02-24,4.1,29.14,22.67,22.63
2017-02-25,6.68,29.19,21.57,19.94
2017-02-26,2.38,30.48,21.58,21.99
2017-02-27,0.87,31.56,22.52,24.31
2017-02-28,0.02,31.78,22.59,25.51
2017-03-01,4.84,31.31,22.54,18.07
2017-03-02,4.19,30.47,22.79,20.94
2017-03-03,13.08,28.77,22.8,13.6
2017-03-04,3.89,30.87,22.61,20.46
2017-03-05,17.29,28.27,23.11,20.28
2017-03-06,3.11,29.91,23.12,16.2
2017-03-07,1.91,31.63,22.52,21.75
2017-03-08,0.2,33.15,22.78,25.1
2017-03-09,0.06,32.3,23.3,25.03
2017-03-10,10.71,30.43,23.96,21.96
2017-03-11,0.53,31.05,22.82,24.66
2017-03-12,0.56,31.73,23.85,24.75
2017-03-13,1.51,30.17,24.13,23.15
2017-03-14,0.51,31.67,22.58,24.46
2017-03-15,0.11,32.44,22.04,25.19
2017-03-16,0.44,31.48,22.33,22.7
2017-03-17,5.58,32.05,22.53,20.43
2017-03-18,7.13,26.91,22.34,8.49
2017-03-19,0.97,29.93,20.86,17.03
2017-03-20,0.0,30.41,20.07,20.75
2017-03-21,0.01,30.84,19.3,24.45
2017-03-22,0.0,30.93,19.83,22.86
2017-03-23,1.43,32.1,20.31,22.55
2017-03-24,0.04,32.09,21.76,23.3
2017-03-25,1.74,33.29,22.93,21.59
2017-03-26,24.6,31.27,22.79,21.05
2017-03-27,10.52,30.75,21.36,17.68
2017-03-28,0.25,29.92,20.25,20.37
2017-03-29,0.0,29.46,19.31,23.89
2017-03-30,0.0,30.29,16.75,24.13
2017-03-31,0.0,30.0,18.19,24.21
2017-04-01,0.0,28.31,16.88,24.06
2017-04-02,0.0,29.51,15.97,23.37
2017-04-03,0.0,30.05,19.25,21.74
2017-04-04,0.01,32.02,20.7,19.48
2017-04-05,1.74,30.89,22.31,15.55
2017-04-06,18.66,31.79,22.6,17.02
2017-04-07,6.79,31.67,21.67,18.91
2017-04-08,3.73,27.59,23.53,12.02
2017-04-09,0.34,30.06,22.74,20.03
2017-04-10,1.38,30.22,22.54,19.33
2017-04-11,3.37,30.64,22.72,16.95
2017-04-12,6.1,30.85,22.62,15.78
2017-04-13,0.39,29.61,19.74,21.71
2017-04-14,0.0,31.77,19.48,21.91
2017-04-15,0.0,32.53,20.31,21.45
2017-04-16,0.54,31.9,21.1,15.05
2017-04-17,0.49,31.08,21.99,17.61
2017-04-18,0.06,29.78,20.4,18.95
2017-04-19,0.16,30.24,19.28,18.45
2017-04-20,5.99,29.31,21.48,10.11
2017-04-21,19.72,25.38,18.15,9.18
2017-04-22,0.28,26.72,15.7,19.74
2017-04-23,0.0,27.45,15.49,21.28
2017-04-24,0.0,28.53,16.51,21.51
2017-04-25,0.01,29.9,16.88,20.62
2017-04-26,15.06,28.61,17.34,9.65
2017-04-27,2.07,24.08,15.31,13.18
2017-04-28,0.03,25.49,13.4,16.17
2017-04-29,0.01,26.15,14.08,19.14
2017-04-30,0.0,27.93,15.07,15.42
2017-05-01,1.11,28.04,18.81,18.42
2017-05-02,0.07,29.81,18.42,19.07
2017-05-03,0.04,30.02,17.91,18.59
2017-05-04,2.62,29.03,19.23,13.37
2017-05-05,11.22,28.67,20.04,14.0
2017-05-06,1.17,29.1,18.44,18.06
2017-05-07,0.01,28.06,17.05,18.91
2017-05-08,0.0,29.28,15.74,19.0
2017-05-09,0.0,29.38,17.12,18.61
2017-05-10,0.0,29.44,19.5,15.78
2017-05-11,0.0,28.83,18.87,18.18
2017-05-12,0.0,29.53,16.75,18.64
2017-05-13,0.29,30.92,17.65,17.73
2017-05-14,2.19,28.88,19.92,9.35
2017-05-15,6.25,29.69,18.89,11.31
2017-05-16,0.06,28.08,19.11,12.24
2017-05-17,0.26,26.39,18.57,14.84
2017-05-18,10.68,27.27,19.42,14.3
2017-05-19,21.55,26.49,21.51,8.83
2017-05-20,15.99,25.38,21.15,5.34
2017-05-21,25.41,26.64,20.96,11.16
2017-05-22,2.49,28.7,19.48,7.15
2017-05-23,0.49,26.76,19.75,15.43
2017-05-24,0.22,27.37,18.52,16.53
2017-05-25,0.0,30.06,20.47,16.69
2017-05-26,0.0,29.73,20.23,17.05
2017-05-27,0.0,29.87,19.38,15.41
2017-05-28,0.0,28.88,19.62,14.48
2017-05-29,0.0,28.95,18.47,16.18
2017-05-30,0.0,28.31,18.09,16.01
2017-05-31,1.92,27.19,18.51,15.17
2017-06-01,0.66,22.2,12.7,8.92
2017-06-02,0.0,22.68,10.18,15.85
2017-06-03,0.0,26.67,11.72,16.91
2017-06-04,0.05,29.97,15.35,16.42
2017-06-05,3.02,30.28,18.63,14.52
2017-06-06,0.3,30.72,19.18,15.27
2017-06-07,0.02,30.17,19.01,16.43
2017-06-08,0.04,30.53,18.37,16.02
2017-06-09,1.49,21.69,10.28,4.4
2017-06-10,0.03,19.48,6.64,18.02
2017-06-11,0.0,22.8,6.48,17.5
2017-06-12,11.9,18.96,12.13,7.08
2017-06-13,2.06,24.79,15.14,12.0
2017-06-14,1.07,26.59,15.85,15.99
2017-06-15,0.0,26.34,15.6,16.7
2017-06-16,0.0,27.19,13.45,16.26
2017-06-17,0.0,28.48,15.03,16.64
2017-06-18,0.0,28.97,14.71,15.61
2017-06-19,0.01,29.01,15.46,16.55
2017-06-20,0.02,23.08,13.77,9.53
2017-06-21,0.01,26.5,14.34,16.37
2017-06-22,0.0,26.96,14.93,16.52
2017-06-23,0.0,27.3,16.67,15.75
2017-06-24,0.0,27.12,14.26,16.43
2017-06-25,0.0,27.0,13.34,16.63
2017-06-26,0.0,26.57,12.16,16.63
2017-06-27,0.0,27.1,13.6,16.49
2017-06-28,0.0,27.42,12.75,15.92
2017-06-29,0.0,28.29,16.21,13.99
2017-06-30,0.0,27.96,17.51,9.67
2017-07-01,0.0,27.95,14.61,16.12
2017-07-02,0.0,25.53,14.08,16.43
2017-07-03,0.0,24.5,12.74,16.4
2017-07-04,0.0,23.77,12.34,16.32
2017-07-05,0.0,24.96,10.72,17.09
2017-07-06,0.0,25.59,10.12,15.58
2017-07-07,0.0,26.92,11.68,16.09
2017-07-08,0.0,25.8,14.17,14.16
2017-07-09,0.0,26.68,13.67,16.41
2017-07-10,0.0,28.44,13.5,17.01
2017-07-11,0.0,28.95,13.13,16.62
2017-07-12,0.0,28.73,13.68,17.01
2017-07-13,0.0,29.12,13.1,17.26
2017-07-14,0.0,29.03,13.11,17.67
2017-07-15,0.0,28.95,13.92,17.81
2017-07-16,0.0,29.85,13.78,16.24
2017-07-17,0.0,28.12,11.23,17.5
2017-07-18,0.0,17.99,7.19,12.77
2017-07-19,0.0,21.49,5.14,15.21
2017-07-20,0.0,26.45,9.01,17.47
2017-07-21,0.0,29.03,12.17,17.57
2017-07-22,0.0,29.12,12.78,17.92
2017-07-23,0.0,29.38,12.42,18.25
2017-07-24,0.0,29.53,13.05,18.57
2017-07-25,0.0,29.75,13.66,18.53
2017-07-26,0.0,29.92,13.54,18.62
2017-07-27,0.0,28.72,12.7,18.82
2017-07-28,0.0,28.68,11.69,18.79
2017-07-29,0.0,28.45,14.05,18.72
2017-07-30,0.0,28.7,12.12,17.34
2017-07-31,0.0,28.74,14.02,18.27
2017-08-01,0.0,28.99,13.14,16.28
2017-08-02,0.0,31.38,14.51,18.04
2017-08-03,0.0,25.69,14.83,12.63
2017-08-04,0.0,26.36,11.58,19.29
2017-08-05,0.02,26.55,13.05,19.31
2017-08-06,0.0,27.41,11.69,18.88
2017-08-07,0.0,30.27,11.8,19.53
2017-08-08,0.0,32.73,15.1,15.96
2017-08-09,0.0,35.1,18.24,18.85
2017-08-10,0.0,35.27,17.97,19.67
2017-08-11,0.0,33.59,17.04,19.15
2017-08-12,0.0,35.7,17.11,19.12
2017-08-13,8.77,35.04,18.51,13.22
2017-08-14,0.39,29.28,16.05,14.19
2017-08-15,1.27,29.57,18.25,8.85
2017-08-16,16.32,26.74,17.23,7.89
2017-08-17,4.84,25.01,18.57,4.79
2017-08-18,12.77,25.85,19.05,10.57
2017-08-19,0.5,29.1,18.69,13.15
2017-08-20,27.9,22.91,16.56,2.73
2017-08-21,0.15,24.76,13.59,12.69
2017-08-22,0.06,26.92,11.77,19.2
2017-08-23,0.0,31.08,16.87,20.39
2017-08-24,0.0,31.03,16.8,21.51
2017-08-25,0.0,30.78,15.1,21.49
2017-08-26,0.0,32.61,16.05,21.92
2017-08-27,0.0,32.98,16.22,22.38
2017-08-28,0.0,33.2,16.61,22.78
2017-08-29,0.0,33.57,14.82,22.27
2017-08-30,0.0,34.56,16.41,22.54
2017-08-31,0.0,33.96,16.23,23.07
2017-09-01,0.0,33.8,16.54,22.27
2017-09-02,0.0,33.77,17.44,21.83
2017-09-03,0.0,33.59,16.62,23.23
2017-09-04,0.0,32.35,15.23,23.76
2017-09-05,0.0,34.21,15.07,23.64
2017-09-06,0.0,33.48,15.16,23.75
2017-09-07,0.0,33.89,15.75,23.47
2017-09-08,0.0,35.56,16.9,23.83
2017-09-09,0.0,36.47,18.31,22.95
2017-09-10,0.0,36.48,18.88,24.24
2017-09-11,0.0,38.19,17.66,22.61
2017-09-12,0.0,37.96,18.96,24.0
2017-09-13,0.0,37.08,19.22,24.6
2017-09-14,0.0,37.76,20.08,24.71
2017-09-15,0.0,37.62,19.53,24.95
2017-09-16,0.0,37.39,17.82,25.19
2017-09-17,0.0,36.67,17.8,24.95
2017-09-18,0.0,36.5,17.79,25.09
2017-09-19,0.0,37.33,19.57,24.76
2017-09-20,0.0,37.29,20.88,25.22
2017-09-21,0.0,37.05,19.27,24.09
2017-09-22,0.0,36.98,19.49,21.48
2017-09-23,0.0,36.82,20.62,24.4
2017-09-24,0.0,37.17,20.69,23.6
2017-09-25,0.0,35.37,20.69,21.72
2017-09-26,0.0,32.68,20.27,21.49
2017-09-27,0.02,37.08,18.69,24.66
2017-09-28,0.19,37.97,21.53,23.05
2017-09-29,15.44,26.08,20.07,5.32
2017-09-30,1.65,26.02,19.31,9.54
2017-10-01,28.23,32.23,18.52,19.64
2017-10-02,42.19,26.53,15.73,6.79
2017-10-03,0.06,25.16,12.98,22.38
2017-10-04,0.0,29.15,12.9,24.52
2017-10-05,0.24,33.75,14.34,26.0
2017-10-06,3.35,32.73,22.76,18.46
2017-10-07,3.57,32.75,22.56,15.7
2017-10-08,0.15,33.73,20.28,23.42
2017-10-09,0.06,35.85,20.87,23.98
2017-10-10,0.0,37.58,22.43,26.82
2017-10-11,0.0,38.39,22.1,26.61
2017-10-12,0.0,38.72,23.85,27.3
2017-10-13,0.0,39.33,21.68,26.99
2017-10-14,0.06,36.01,22.63,25.69
2017-10-15,0.0,36.45,21.29,26.01
2017-10-16,0.0,36.22,20.52,27.05
2017-10-17,0.0,39.46,21.15,26.38
2017-10-18,0.0,39.63,24.24,26.63
2017-10-19,10.24,39.06,23.31,24.73
2017-10-20,12.39,33.39,23.49,9.83
2017-10-21,4.86,34.42,22.88,15.87
2017-10-22,14.68,27.56,22.27,6.47
2017-10-23,0.16,30.23,20.97,18.06
2017-10-24,0.0,33.04,19.86,24.54
2017-10-25,0.06,34.6,22.28,22.27
2017-10-26,1.44,36.13,22.64,24.34
2017-10-27,9.68,36.09,22.6,24.11
2017-10-28,11.44,33.14,23.82,21.92
2017-10-29,8.28,30.42,22.9,17.25
2017-10-30,27.62,31.2,21.99,11.49
2017-10-31,3.72,29.97,21.92,19.2
2017-11-01,0.0,31.35,19.91,26.91
2017-11-02,1.54,32.56,18.13,27.86
2017-11-03,15.58,29.83,23.39,23.77
2017-11-04,43.06,30.38,23.15,23.52
2017-11-05,1.96,29.28,22.51,12.71
2017-11-06,3.96,29.43,21.86,16.6
2017-11-07,1.57,28.91,19.24,26.66
2017-11-08,12.34,31.3,20.75,18.94
2017-11-09,0.29,30.63,23.09,21.98
2017-11-10,2.12,31.3,22.89,21.24
2017-11-11,1.35,31.82,19.92,21.76
2017-11-12,0.0,31.14,15.88,31.08
2017-11-13,0.0,32.54,15.12,31.59
2017-11-14,0.0,32.81,16.38,27.16
2017-11-15,0.0,35.22,16.06,29.63
2017-11-16,3.41,34.05,21.66,23.64
2017-11-17,1.44,31.48,22.37,25.78
2017-11-18,6.49,32.65,22.22,19.39
2017-11-19,2.78,32.21,21.99,21.24
2017-11-20,3.68,32.52,22.16,18.31
2017-11-21,24.73,31.82,23.3,16.37
2017-11-22,9.79,33.5,23.22,11.85
2017-11-23,0.0,32.39,20.92,23.38
2017-11-24,0.0,33.93,21.03,29.26
2017-11-25,11.38,34.75,21.61,24.85
2017-11-26,46.51,31.99,23.46,15.32
2017-11-27,44.49,27.82,21.54,18.95
2017-11-28,3.33,30.15,21.26,19.56
2017-11-29,0.04,31.51,21.89,28.38
2017-11-30,24.91,26.99,20.4,16.95
2017-12-01,7.3,29.23,18.81,16.53
2017-12-02,1.31,30.93,20.52,16.36
2017-12-03,0.03,31.71,21.04,27.66
2017-12-04,1.3,29.42,22.9,24.73
2017-12-05,6.22,31.23,22.62,22.2
2017-12-06,28.66,28.24,23.7,19.3
2017-12-07,13.54,31.02,22.87,19.5
2017-12-08,4.26,31.11,23.84,23.19
2017-12-09,0.54,33.32,23.01,25.05
2017-12-10,0.04,33.75,22.59,24.39
2017-12-11,0.0,33.49,20.57,25.69
2017-12-12,0.05,32.26,20.11,29.93
2017-12-13,0.01,32.44,21.53,25.82
2017-12-14,0.0,32.6,22.8,26.26
2017-12-15,0.83,33.64,22.1,25.81
2017-12-16,0.11,32.93,23.26,25.59
2017-12-17,2.5,32.0,23.07,27.03
2017-12-18,1.11,31.54,23.22,27.42
2017-12-19,1.11,31.71,22.57,28.04
2017-12-20,22.63,30.75,23.92,16.33
2017-12-21,8.3,28.91,22.99,13.68
2017-12-22,6.93,29.19,22.43,15.96
2017-12-23,4.79,28.65,22.02,14.97
2017-12-24,6.12,28.67,22.17,20.17
2017-12-25,20.55,30.35,22.63,20.54
2017-12-26,31.86,29.0,22.83,21.07
2017-12-27,7.48,30.24,22.12,26.31
2017-12-28,9.33,30.56,22.58,22.07
2017-12-29,17.42,31.31,23.04,21.0
2017-12-30,11.18,31.24,23.21,17.82
2017-12-31,22.06,28.33,23.37,16.61
2018-01-01,4.94,30.16,23.45,24.02
2018-01-02,6.23,28.71,22.85,22.23
2018-01-03,6.68,30.54,22.47,21.75
2018-01-04,0.0,32.19,19.28,27.45
2018-01-05,4.79,32.38,21.83,20.77
2018-01-06,6.45,30.91,23.26,13.0
2018-01-07,10.78,30.01,22.22,10.48
2018-01-08,35.24,27.73,21.77,7.54
2018-01-09,14.16,25.57,21.21,16.72
2018-01-10,0.91,26.39,20.83,13.72
2018-01-11,4.86,26.33,21.06,15.15
2018-01-12,1.74,28.22,20.83,16.7
2018-01-13,5.43,28.76,20.2,27.14
2018-01-14,6.77,28.64,21.2,19.46
2018-01-15,13.71,28.99,21.54,22.48
2018-01-16,2.45,28.67,21.89,23.0
2018-01-17,0.2,33.23,22.19,23.04
2018-01-18,0.75,32.16,23.91,26.07
2018-01-19,0.11,31.92,22.36,27.43
2018-01-20,0.77,30.13,23.06,28.6
2018-01-21,0.02,33.04,21.44,28.44
2018-01-22,0.6,32.55,23.21,28.23
2018-01-23,0.15,32.64,23.31,26.77
2018-01-24,8.94,32.66,23.46,25.61
2018-01-25,43.09,32.4,23.57,24.47
2018-01-26,11.89,29.46,23.07,23.08
2018-01-27,4.63,29.75,22.86,16.52
2018-01-28,1.11,27.88,23.35,18.36
2018-01-29,7.67,27.86,22.75,17.05
2018-01-30,4.91,31.37,22.59,19.85
2018-01-31,5.4,29.69,23.52,19.42
2018-02-01,0.01,30.31,20.77,25.52
2018-02-02,0.0,31.02,19.29,27.63
2018-02-03,0.07,31.23,20.85,28.26
2018-02-04,7.5,30.63,19.56,27.68
2018-02-05,0.52,30.4,20.03,27.13
2018-02-06,0.0,31.75,21.43,27.98
2018-02-07,4.01,32.59,22.49,25.96
2018-02-08,0.07,32.86,21.11,27.17
2018-02-09,6.86,30.76,21.56,27.01
2018-02-10,8.14,30.27,22.97,14.36
2018-02-11,2.26,31.04,22.73,16.9
2018-02-12,4.3,28.59,22.29,19.07
2018-02-13,19.04,30.97,21.5,17.83
2018-02-14,3.5,31.47,20.88,16.19
2018-02-15,0.01,30.71,20.14,23.05
2018-02-16,0.0,30.03,21.61,26.34
2018-02-17,7.13,28.7,22.32,14.08
2018-02-18,9.27,29.5,22.0,14.58
2018-02-19,6.7,29.11,21.04,16.0
2018-02-20,17.55,27.07,22.4,11.45
2018-02-21,0.99,31.43,22.08,22.73
2018-02-22,0.0,31.09,21.34,27.38
2018-02-23,0.0,31.9,17.31,26.81
2018-02-24,0.3,29.88,19.56,20.08
2018-02-25,0.68,28.73,22.73,18.07
2018-02-26,7.02,27.82,22.21,13.83
2018-02-27,2.65,30.5,21.65,15.94
2018-02-28,2.42,31.56,22.13,22.36
2018-03-01,1.29,33.11,23.39,24.51
2018-03-02,1.5,30.5,23.87,23.2
2018-03-03,11.96,31.32,24.05,24.87
2018-03-04,0.31,33.84,22.83,23.76
2018-03-05,0.0,32.33,22.97,22.87
2018-03-06,2.98,32.75,23.49,20.73
2018-03-07,0.69,33.29,23.2,24.82
2018-03-08,4.44,32.7,23.21,22.22
2018-03-09,6.07,31.56,23.25,19.89
2018-03-10,8.48,30.75,23.71,22.73
2018-03-11,9.1,32.1,23.41,22.33
2018-03-12,0.01,33.59,22.84,22.97
2018-03-13,0.02,34.64,23.68,24.1
2018-03-14,0.32,32.65,24.38,23.65
2018-03-15,0.14,30.77,24.75,21.89
2018-03-16,0.07,30.55,24.65,22.56
2018-03-17,0.0,31.99,24.56,24.42
2018-03-18,0.0,32.74,23.38,23.83
2018-03-19,0.07,33.77,23.78,23.79
2018-03-20,0.06,34.4,23.46,19.22
2018-03-21,4.49,31.81,23.49,18.07
2018-03-22,6.07,32.49,23.32,23.15
2018-03-23,0.05,32.04,24.05,23.06
2018-03-24,0.15,32.0,23.32,23.76
2018-03-25,1.55,30.78,23.28,15.33
2018-03-26,4.85,29.2,22.89,14.41
2018-03-27,1.76,28.34,22.09,12.93
2018-03-28,7.14,30.03,21.06,15.17
2018-03-29,1.24,30.93,21.33,19.18
2018-03-30,7.16,31.3,21.22,20.71
2018-03-31,8.84,29.69,21.9,9.94
2018-04-01,15.29,27.13,22.01,12.04
2018-04-02,5.34,29.39,20.87,16.13
2018-04-03,1.75,29.39,20.49,14.76
2018-04-04,0.03,29.81,19.1,22.0
2018-04-05,0.0,31.08,18.7,22.77
2018-04-06,0.0,31.25,19.0,22.99
2018-04-07,0.0,31.02,17.61,23.07
2018-04-08,0.09,30.7,17.67,22.64
2018-04-09,0.03,31.17,18.11,21.45
2018-04-10,0.0,31.53,20.44,21.61
2018-04-11,0.0,31.16,20.5,22.01
2018-04-12,0.01,30.89,18.58,21.24
2018-04-13,0.13,30.82,18.91,22.25
2018-04-14,1.23,30.62,19.2,15.65
2018-04-15,4.97,26.65,19.91,12.79
2018-04-16,2.07,27.52,18.53,13.72
2018-04-17,0.0,26.56,19.23,15.05
2018-04-18,0.0,28.61,20.39,16.75
2018-04-19,0.0,29.17,19.15,18.57
2018-04-20,0.0,29.51,20.9,17.03
2018-04-21,0.0,30.22,19.5,18.91
2018-04-22,0.0,29.19,15.87,20.94
2018-04-23,0.0,30.03,15.91,20.25
2018-04-24,0.0,30.46,18.14,20.08
2018-04-25,0.0,31.14,17.43,19.94
2018-04-26,0.0,31.33,17.55,19.8
2018-04-27,0.0,31.73,18.72,20.1
2018-04-28,0.0,31.8,18.98,18.36
2018-04-29,0.0,31.8,18.84,19.3
2018-04-30,0.03,32.39,18.78,19.24
2018-05-01,0.0,31.99,19.16,18.25
2018-05-02,0.0,31.79,17.76,18.98
2018-05-03,0.0,31.26,17.84,19.0
2018-05-04,0.0,32.11,17.19,18.08
2018-05-05,0.0,32.89,18.06,16.57
2018-05-06,0.03,31.9,19.27,18.1
2018-05-07,0.2,30.51,19.15,17.67
2018-05-08,0.0,30.21,18.49,18.34
2018-05-09,0.0,30.51,17.51,18.75
2018-05-10,0.0,30.67,17.43,18.61
2018-05-11,0.02,32.08,18.5,16.51
2018-05-12,0.02,27.04,19.58,11.92
2018-05-13,0.4,27.8,15.52,13.51
2018-05-14,0.08,29.96,17.46,16.61
2018-05-15,4.1,31.11,19.24,17.19
2018-05-16,1.12,30.63,18.54,11.3
2018-05-17,0.04,30.28,18.29,6.87
2018-05-18,0.57,31.15,19.58,14.65
2018-05-19,5.16,23.9,13.98,8.43
2018-05-20,0.0,21.21,9.9,19.23
2018-05-21,2.61,22.38,8.1,18.74
2018-05-22,0.03,24.23,8.83,18.75
2018-05-23,0.0,25.67,9.91,18.61
2018-05-24,0.0,26.92,11.3,18.15
2018-05-25,0.0,25.8,13.11,16.51
2018-05-26,0.0,27.13,15.79,16.74
2018-05-27,0.0,28.57,14.16,16.73
2018-05-28,0.0,27.51,14.13,17.09
2018-05-29,0.0,27.45,14.66,14.89
2018-05-30,0.0,28.78,17.28,14.44
2018-05-31,0.0,28.35,15.26,16.87
2018-06-01,0.0,29.43,16.1,9.75
2018-06-02,0.0,29.41,17.54,12.28
2018-06-03,0.0,27.24,17.5,13.78
2018-06-04,0.0,25.51,16.97,11.31
2018-06-05,0.0,27.85,16.11,13.19
2018-06-06,0.0,26.23,16.97,11.32
2018-06-07,0.0,26.4,16.09,8.03
2018-06-08,0.0,23.01,12.61,11.61
2018-06-09,0.0,27.72,14.98,13.72
2018-06-10,0.0,29.52,17.38,12.04
2018-06-11,0.0,32.15,18.66,14.24
2018-06-12,5.82,31.48,19.36,13.67
2018-06-13,7.81,27.45,16.36,9.01
2018-06-14,0.05,22.67,13.68,13.66
2018-06-15,0.0,24.94,14.08,15.24
2018-06-16,0.0,25.09,10.92,14.13
2018-06-17,0.0,26.34,13.02,14.45
2018-06-18,0.0,26.7,13.67,15.29
2018-06-19,0.0,27.49,13.39,16.13
2018-06-20,0.0,28.7,14.87,15.61
2018-06-21,0.0,29.13,14.75,14.01
2018-06-22,0.0,30.01,17.84,15.17
2018-06-23,0.0,29.53,18.14,14.91
2018-06-24,0.0,31.17,19.7,11.91
2018-06-25,0.0,31.15,17.45,16.21
2018-06-26,0.0,31.56,16.59,15.16
2018-06-27,0.07,32.18,17.28,16.21
2018-06-28,0.0,31.22,16.65,15.45
2018-06-29,0.0,31.07,16.09,15.65
2018-06-30,0.0,30.99,16.36,16.51
2018-07-01,0.0,31.21,16.28,16.66
2018-07-02,0.0,31.59,16.27,16.42
2018-07-03,0.0,31.48,18.23,16.62
2018-07-04,0.01,31.96,16.88,17.07
2018-07-05,0.0,31.86,16.55,16.69
2018-07-06,0.0,31.26,16.07,16.94
2018-07-07,0.0,30.72,15.62,16.95
2018-07-08,0.0,31.01,16.91,16.02
2018-07-09,0.0,26.39,14.27,7.07
2018-07-10,0.0,22.55,10.52,16.47
2018-07-11,0.0,23.14,6.27,16.46
2018-07-12,0.0,24.56,7.75,16.17
2018-07-13,0.0,26.74,12.96,15.59
2018-07-14,0.0,31.31,13.86,16.2
2018-07-15,0.0,32.85,16.09,16.97
2018-07-16,0.0,31.49,16.85,17.17
2018-07-17,0.0,31.58,15.16,17.85
2018-07-18,0.0,31.96,14.7,17.54
2018-07-19,0.0,32.44,16.81,17.65
2018-07-20,0.0,32.67,15.41,18.08
2018-07-21,0.0,27.3,15.26,16.42
2018-07-22,0.0,29.39,13.78,15.01
2018-07-23,0.0,32.36,16.1,17.87
2018-07-24,0.0,31.59,16.81,16.48
2018-07-25,0.0,30.61,15.39,16.95
2018-07-26,0.0,31.55,16.19,17.76
2018-07-27,0.0,31.9,16.0,17.56
2018-07-28,0.0,33.52,17.05,17.64
2018-07-29,0.0,32.85,18.11,17.45
2018-07-30,0.37,31.54,18.04,16.78
2018-07-31,0.45,29.61,18.16,16.78
2018-08-01,0.0,27.4,14.89,10.93
2018-08-02,0.0,28.17,17.09,14.36
2018-08-03,0.47,29.37,18.59,15.48
2018-08-04,2.97,27.37,18.28,7.72
2018-08-05,7.93,25.7,17.26,10.88
2018-08-06,7.82,23.77,16.08,4.69
2018-08-07,0.05,28.68,15.3,14.3
2018-08-08,0.74,29.58,17.77,12.58
2018-08-09,2.3,25.02,12.09,7.54
2018-08-10,0.0,23.11,7.51,19.02
2018-08-11,0.0,25.71,6.99,20.93
2018-08-12,0.0,27.37,7.63,20.46
2018-08-13,0.0,28.66,10.37,19.01
2018-08-14,0.0,30.63,10.18,20.46
2018-08-15,0.0,29.7,11.31,15.55
2018-08-16,0.05,25.11,15.08,8.93
2018-08-17,0.0,29.31,13.67,19.77
2018-08-18,0.0,30.82,14.33,19.75
2018-08-19,0.0,32.58,17.09,19.61
2018-08-20,0.0,33.38,17.15,20.55
2018-08-21,1.3,26.8,17.38,16.87
2018-08-22,2.19,27.04,16.58,9.09
2018-08-23,0.24,32.3,17.4,20.25
2018-08-24,1.58,35.8,20.45,12.55
2018-08-25,3.36,28.04,16.3,10.24
2018-08-26,0.0,26.56,11.95,21.84
2018-08-27,0.0,29.28,11.53,21.63
2018-08-28,0.0,33.77,15.31,21.55
2018-08-29,0.0,33.09,18.37,22.5
2018-08-30,0.0,35.49,18.17,22.12
2018-08-31,0.0,34.22,19.73,19.0
2018-09-01,0.11,37.03,20.84,20.72
2018-09-02,1.33,32.49,17.05,13.5
2018-09-03,0.47,24.74,14.12,18.98
2018-09-04,0.05,26.79,12.15,18.72
2018-09-05,0.0,27.83,10.47,24.09
2018-09-06,0.0,29.9,11.91,23.68
2018-09-07,0.0,34.18,11.54,20.28
2018-09-08,0.0,35.64,13.76,23.94
2018-09-09,0.0,36.01,15.04,23.93
2018-09-10,0.0,36.11,17.47,24.3
2018-09-11,0.0,36.06,17.43,23.52
2018-09-12,0.0,35.15,17.98,23.18
2018-09-13,0.62,36.03,17.96,22.24
2018-09-14,9.83,29.9,18.8,3.08
2018-09-15,0.82,28.92,18.59,10.76
2018-09-16,15.48,31.08,19.97,11.01
2018-09-17,21.58,26.26,21.63,4.74
2018-09-18,1.13,29.09,20.19,13.24
2018-09-19,4.23,30.22,21.31,19.72
2018-09-20,12.05,31.18,21.37,13.05
2018-09-21,1.02,31.53,21.28,22.56
2018-09-22,0.0,33.84,21.36,24.9
2018-09-23,0.0,36.36,20.83,25.13
2018-09-24,0.0,37.41,20.58,25.96
2018-09-25,0.06,35.28,19.08,18.72
2018-09-26,1.1,36.33,22.57,21.15
2018-09-27,6.88,32.34,22.5,15.35
2018-09-28,0.08,33.36,22.1,21.85
2018-09-29,4.4,32.38,22.06,11.9
2018-09-30,12.3,24.62,20.8,6.12
2018-10-01,0.63,34.46,20.66,23.18
2018-10-02,0.96,34.89,21.5,15.87
2018-10-03,0.53,34.98,23.17,24.2
2018-10-04,0.66,31.62,23.76,22.57
2018-10-05,0.0,33.2,22.75,17.16
2018-10-06,0.0,32.72,20.75,21.21
2018-10-07,16.0,32.93,21.55,21.17
2018-10-08,33.3,31.36,23.05,15.39
2018-10-09,16.93,32.79,22.33,23.51
2018-10-10,8.56,32.24,23.25,13.94
2018-10-11,0.7,32.01,23.39,18.52
2018-10-12,0.08,31.97,21.48,22.98
2018-10-13,1.81,30.9,24.28,13.26
2018-10-14,2.32,32.52,23.45,20.96
2018-10-15,1.2,32.3,23.66,20.06
2018-10-16,0.93,31.8,23.11,22.88
2018-10-17,2.53,32.79,24.32,22.83
2018-10-18,9.13,34.23,23.74,22.97
2018-10-19,5.45,31.78,23.56,21.65
2018-10-20,0.0,30.42,19.57,26.86
2018-10-21,0.0,31.84,16.84,28.26
2018-10-22,0.0,34.33,18.49,26.2
2018-10-23,11.43,31.92,22.79,21.64
2018-10-24,4.22,28.89,23.13,11.63
2018-10-25,4.04,30.64,22.09,12.73
2018-10-26,17.06,30.5,21.99,16.62
2018-10-27,11.34,30.57,22.32,15.65
2018-10-28,0.08,31.65,18.97,27.76
2018-10-29,0.0,31.78,19.08,24.38
2018-10-30,0.0,33.89,20.49,26.86
2018-10-31,2.99,31.85,23.84,24.26
2018-11-01,17.9,31.08,23.39,18.38
2018-11-02,1.88,31.91,22.8,21.57
2018-11-03,19.08,32.23,23.44,25.0
2018-11-04,14.89,31.48,22.51,15.6
2018-11-05,2.88,30.27,20.33,21.63
2018-11-06,1.09,31.42,20.2,22.87
2018-11-07,30.99,28.63,22.58,12.22
2018-11-08,7.07,23.98,19.18,10.14
2018-11-09,2.28,29.46,18.22,11.06
2018-11-10,0.2,31.35,20.86,19.98
2018-11-11,0.01,33.45,19.68,27.62
2018-11-12,0.0,34.02,20.71,28.79
2018-11-13,0.01,34.84,22.49,28.55
2018-11-14,1.96,33.37,23.56,21.83
2018-11-15,4.93,32.25,24.11,25.94
2018-11-16,14.34,31.22,24.44,20.53
2018-11-17,4.15,31.11,23.0,18.85
2018-11-18,19.65,28.03,24.06,12.94
2018-11-19,3.48,29.95,23.15,16.96
2018-11-20,0.04,29.91,19.08,16.87
2018-11-21,0.07,31.9,19.36,23.45
2018-11-22,7.83,31.67,22.42,21.69
2018-11-23,24.73,29.26,22.93,8.01
2018-11-24,9.28,31.12,21.91,18.2
2018-11-25,1.68,32.33,22.11,23.08
2018-11-26,0.01,31.35,23.19,24.53
2018-11-27,0.0,31.7,20.03,29.0
2018-11-28,0.0,32.47,21.77,29.04
2018-11-29,0.39,32.07,22.7,19.48
2018-11-30,8.33,28.66,22.34,22.48
2018-12-01,9.17,30.77,22.39,16.72
2018-12-02,0.1,32.23,21.3,21.65
2018-12-03,0.0,32.02,20.41,23.33
2018-12-04,0.0,33.69,22.1,28.24
2018-12-05,0.0,35.36,21.86,27.02
2018-12-06,0.0,36.4,20.7,29.31
2018-12-07,0.0,34.35,20.75,25.34
2018-12-08,0.0,32.5,19.77,30.77
2018-12-09,0.0,33.96,17.89,30.8
2018-12-10,0.0,35.43,21.34,29.9
2018-12-11,0.0,35.85,22.23,29.99
2018-12-12,0.96,36.78,22.48,29.18
2018-12-13,3.26,35.08,23.27,29.71
2018-12-14,0.9,35.33,22.69,26.28
2018-12-15,1.34,34.59,23.41,25.98
2018-12-16,0.48,37.18,23.58,29.84
2018-12-17,2.14,37.74,24.45,28.18
2018-12-18,1.3,38.02,24.4,28.37
2018-12-19,0.27,37.35,24.14,23.78
2018-12-20,0.18,36.29,24.57,28.42
2018-12-21,3.74,37.39,24.84,27.27
2018-12-22,4.44,34.59,24.41,21.65
2018-12-23,4.35,30.19,23.66,23.31
2018-12-24,12.1,30.35,22.95,20.43
2018-12-25,7.61,31.78,22.83,19.33
2018-12-26,4.01,32.6,22.89,18.63
2018-12-27,2.06,33.07,22.99,18.49
2018-12-28,3.62,32.37,23.82,23.27
2018-12-29,5.01,31.17,23.9,23.03
2018-12-30,1.48,33.11,23.09,19.27
2018-12-31,9.0,33.59,23.44,24.05
2019-01-01,10.51,32.36,24.45,24.11
2019-01-02,0.1,34.16,23.79,27.73
2019-01-03,0.18,34.86,23.58,27.6
2019-01-04,4.26,33.88,24.11,19.37
2019-01-05,24.1,28.88,23.99,13.98
2019-01-06,3.59,29.98,22.92,16.32
2019-01-07,0.69,32.63,22.99,29.5
2019-01-08,0.72,31.12,23.2,28.33
2019-01-09,4.06,31.72,23.64,28.01
2019-01-10,1.88,31.44,23.61,27.88
2019-01-11,0.45,31.76,21.89,26.59
2019-01-12,0.64,33.89,21.81,23.94
2019-01-13,0.35,32.75,22.38,27.32
2019-01-14,0.41,35.38,23.28,27.19
2019-01-15,0.5,33.51,24.26,27.1
2019-01-16,0.42,36.26,24.76,27.27
2019-01-17,4.92,33.77,24.66,20.46
2019-01-18,0.6,33.27,24.3,22.46
2019-01-19,13.69,33.31,22.59,25.15
2019-01-20,2.4,32.46,23.09,24.8
2019-01-21,0.05,36.07,22.57,26.47
2019-01-22,0.0,39.07,23.6,28.01
2019-01-23,0.11,37.82,25.08,23.11
2019-01-24,13.7,33.5,25.55,23.8
2019-01-25,1.59,33.86,24.13,27.96
2019-01-26,6.91,33.79,24.64,21.51
2019-01-27,3.54,29.94,23.07,22.39
2019-01-28,0.77,33.28,21.7,26.93
2019-01-29,0.12,36.71,21.7,27.87
2019-01-30,1.74,36.75,23.39,28.45
2019-01-31,0.28,37.0,24.57,24.64
2019-02-01,0.04,37.56,23.85,24.17
2019-02-02,0.0,37.99,24.36,28.28
2019-02-03,0.0,37.56,23.67,26.63
2019-02-04,1.83,34.32,26.33,25.15
2019-02-05,1.06,33.46,23.73,24.15
2019-02-06,6.68,34.0,22.65,21.27
2019-02-07,0.13,36.58,21.06,27.76
2019-02-08,0.35,37.86,23.22,27.45
2019-02-09,0.12,39.59,25.49,24.04
2019-02-10,0.9,38.41,25.92,19.3
2019-02-11,1.26,32.7,25.71,21.75
2019-02-12,9.86,30.35,24.61,7.13
2019-02-13,16.61,30.7,23.08,19.24
2019-02-14,6.5,32.57,22.33,17.87
2019-02-15,26.85,30.31,22.74,15.74
2019-02-16,2.03,31.14,22.9,18.11
2019-02-17,1.23,31.24,20.76,25.55
2019-02-18,2.17,32.07,20.45,26.56
2019-02-19,6.47,32.98,21.07,23.06
2019-02-20,15.12,32.44,23.04,12.71
2019-02-21,1.24,34.0,21.27,20.75
2019-02-22,0.29,32.21,23.07,23.56
2019-02-23,0.63,33.92,23.82,24.54
2019-02-24,0.15,33.6,23.33,25.32
2019-02-25,1.19,31.78,23.22,24.31
2019-02-26,28.0,29.7,23.27,11.48
2019-02-27,29.92,29.96,22.34,13.68
2019-02-28,19.54,27.84,23.24,12.64
2019-03-01,10.1,30.59,22.93,16.25
2019-03-02,2.56,31.05,23.31,18.59
2019-03-03,1.8,31.94,21.15,20.7
2019-03-04,2.63,31.39,22.52,20.42
2019-03-05,1.39,31.82,23.01,25.32
2019-03-06,0.16,32.51,22.7,24.26
2019-03-07,0.9,29.76,23.66,24.48
2019-03-08,2.54,32.9,23.28,21.72
2019-03-09,12.15,32.03,22.9,15.29
2019-03-10,6.9,28.94,23.69,22.9
2019-03-11,0.71,32.09,22.1,22.2
2019-03-12,4.73,31.75,22.38,23.38
2019-03-13,3.71,31.89,22.63,23.19
2019-03-14,1.1,30.66,23.24,18.58
2019-03-15,3.24,30.05,23.45,14.71
2019-03-16,8.34,32.42,22.9,19.72
2019-03-17,5.7,32.35,23.92,20.81
2019-03-18,3.64,29.35,23.77,21.03
2019-03-19,1.75,32.33,23.18,23.63
2019-03-20,7.39,29.55,23.6,17.34
2019-03-21,6.89,30.66,21.75,13.66
2019-03-22,0.01,30.15,19.29,16.82
2019-03-23,0.0,31.24,20.68,23.84
2019-03-24,0.0,32.67,19.41,23.36
2019-03-25,0.0,33.35,19.53,22.88
2019-03-26,0.0,34.17,20.47,22.94
2019-03-27,0.0,33.48,21.39,22.08
2019-03-28,0.29,33.14,21.74,22.01
2019-03-29,0.02,33.44,20.64,23.8
2019-03-30,0.0,33.48,20.24,24.1
2019-03-31,0.0,34.06,19.31,22.31
2019-04-01,0.15,35.01,19.8,21.86
2019-04-02,0.06,34.49,20.82,15.72
2019-04-03,0.66,35.03,22.84,19.34
2019-04-04,0.45,32.8,24.68,19.78
2019-04-05,2.48,31.22,24.25,17.55
2019-04-06,27.07,31.74,23.3,17.2
2019-04-07,9.21,27.39,21.59,10.73
2019-04-08,0.09,29.93,20.13,12.81
2019-04-09,0.02,30.46,17.54,18.47
2019-04-10,0.0,30.24,18.64,21.86
2019-04-11,0.0,31.21,18.22,20.58
2019-04-12,0.93,31.87,18.99,17.49
2019-04-13,20.99,29.88,21.06,13.61
2019-04-14,5.97,33.39,22.6,14.74
2019-04-15,3.37,30.98,21.97,16.96
2019-04-16,0.01,32.23,22.28,18.66
2019-04-17,0.0,32.54,21.35,21.08
2019-04-18,0.0,31.97,17.69,22.01
2019-04-19,0.0,32.78,21.36,20.97
2019-04-20,0.0,32.75,19.65,20.71
2019-04-21,0.5,32.93,19.8,18.96
2019-04-22,2.06,29.17,21.43,6.97
2019-04-23,0.21,32.28,22.3,18.89
2019-04-24,0.0,32.81,21.24,20.28
2019-04-25,1.02,33.45,21.84,18.44
2019-04-26,0.05,33.68,22.88,19.52
2019-04-27,0.06,33.62,21.84,19.33
2019-04-28,3.77,32.2,22.43,13.87
2019-04-29,0.1,31.46,19.39,17.31
2019-04-30,0.64,31.64,19.68,18.67
2019-05-01,2.86,28.55,21.93,7.71
2019-05-02,0.49,31.75,20.7,14.33
2019-05-03,19.47,28.57,22.99,11.4
2019-05-04,5.37,27.59,22.05,10.07
2019-05-05,0.02,30.95,21.27,17.25
2019-05-06,0.07,31.8,21.28,18.08
2019-05-07,1.63,31.97,21.83,17.6
2019-05-08,0.17,30.14,21.76,17.3
2019-05-09,0.18,31.34,20.55,18.31
2019-05-10,1.63,31.9,20.9,15.44
2019-05-11,0.74,32.69,21.23,15.18
2019-05-12,0.81,32.87,22.26,16.47
2019-05-13,0.19,31.44,22.38,15.2
2019-05-14,0.0,26.41,17.96,16.23
2019-05-15,0.02,26.56,15.13,10.3
2019-05-16,0.01,28.74,18.01,15.13
2019-05-17,0.1,28.0,16.97,16.53
2019-05-18,0.06,29.21,16.37,13.2
2019-05-19,0.0,29.5,16.92,17.12
2019-05-20,0.0,29.67,17.67,18.16
2019-05-21,0.0,29.8,15.27,18.03
2019-05-22,0.0,30.93,16.12,18.16
2019-05-23,1.02,30.86,18.53,15.54
2019-05-24,0.34,24.16,14.92,7.41
2019-05-25,0.0,23.95,11.93,18.19
2019-05-26,0.06,28.1,10.77,17.92
2019-05-27,0.0,32.14,14.93,16.89
2019-05-28,0.96,32.96,17.81,16.56
2019-05-29,1.64,32.52,20.11,16.52
2019-05-30,0.0,33.68,20.11,16.99
2019-05-31,0.03,32.82,19.51,15.17
2019-06-01,0.0,33.06,19.0,16.31
2019-06-02,2.6,31.36,18.68,16.46
2019-06-03,5.48,27.68,18.78,8.05
2019-06-04,0.02,27.63,16.07,15.32
2019-06-05,0.01,24.85,12.58,17.2
2019-06-06,0.0,27.61,10.93,17.43
2019-06-07,0.0,30.28,12.87,14.63
2019-06-08,0.0,30.1,15.04,16.41
2019-06-09,0.0,28.85,12.83,16.83
2019-06-10,0.0,29.86,12.85,16.89
2019-06-11,0.0,31.33,16.49,16.39
2019-06-12,0.0,30.54,16.38,16.38
2019-06-13,0.0,31.07,16.08,16.09
2019-06-14,0.0,30.99,17.69,16.38
2019-06-15,0.0,31.62,17.44,16.51
2019-06-16,0.0,31.01,16.26,16.41
2019-06-17,0.0,30.54,15.48,15.87
2019-06-18,0.33,30.16,16.1,16.39
2019-06-19,0.0,30.95,15.64,15.56
2019-06-20,0.0,31.3,17.28,16.4
2019-06-21,0.0,30.85,17.35,16.17
2019-06-22,0.0,30.47,15.58,16.53
2019-06-23,0.0,29.99,14.79,16.51
2019-06-24,0.0,30.45,15.13,16.87
2019-06-25,0.0,32.11,15.49,16.66
2019-06-26,0.95,30.05,17.25,11.98
2019-06-27,2.47,29.63,18.35,9.72
2019-06-28,0.25,32.99,17.78,16.05
2019-06-29,0.0,32.57,17.9,16.56
2019-06-30,0.0,32.44,16.99,16.72
2019-07-01,0.0,32.46,17.21,16.34
2019-07-02,0.0,31.4,16.98,14.84
2019-07-03,0.74,32.0,16.26,16.05
2019-07-04,17.16,26.3,18.93,4.27
2019-07-05,14.05,23.11,10.82,8.38
2019-07-06,0.11,17.33,5.54,17.0
2019-07-07,0.18,20.07,4.03,17.4
2019-07-08,0.0,23.98,5.66,17.64
2019-07-09,0.0,27.34,7.7,17.54
2019-07-10,0.0,28.27,10.09,17.48
2019-07-11,0.0,28.51,11.87,17.62
2019-07-12,0.0,28.9,11.06,17.48
2019-07-13,0.0,30.51,14.4,16.19
2019-07-14,0.0,30.19,18.91,14.91
2019-07-15,0.11,31.31,19.42,14.81
2019-07-16,0.05,27.21,14.2,11.14
2019-07-17,0.0,24.77,10.76,17.51
2019-07-18,0.01,25.13,10.37,16.2
2019-07-19,0.0,29.58,13.66,15.51
2019-07-20,0.0,29.72,14.6,17.14
2019-07-21,0.0,29.68,15.37,12.43
2019-07-22,0.0,30.61,16.06,13.47
2019-07-23,0.0,31.24,15.71,17.98
2019-07-24,0.0,31.7,15.45,18.11
2019-07-25,0.0,30.27,16.6,13.19
2019-07-26,0.0,32.16,19.89,17.49
2019-07-27,0.0,31.02,16.32,16.59
2019-07-28,0.0,30.87,16.87,18.48
2019-07-29,0.0,31.05,17.12,17.96
2019-07-30,0.0,32.58,19.36,17.42
2019-07-31,0.0,31.77,15.35,19.14
2019-08-01,0.0,33.58,15.74,18.84
2019-08-02,0.0,33.86,16.77,12.19
2019-08-03,0.49,20.9,11.85,12.89
2019-08-04,1.01,24.88,8.29,5.9
2019-08-05,1.36,25.24,11.6,11.41
2019-08-06,14.7,24.52,16.19,9.17
2019-08-07,0.08,30.48,16.08,19.27
2019-08-08,0.0,32.09,16.88,19.2
2019-08-09,0.0,32.78,16.56,19.8
2019-08-10,0.0,33.12,16.01,19.43
2019-08-11,0.0,33.03,15.59,19.86
2019-08-12,0.0,34.78,17.43,19.26
2019-08-13,0.0,33.28,20.72,17.64
2019-08-14,0.0,27.95,16.78,18.53
2019-08-15,0.0,28.4,13.44,17.85
2019-08-16,0.0,31.01,15.41,20.18
2019-08-17,0.02,32.66,16.31,19.89
2019-08-18,0.01,33.64,19.64,15.29
2019-08-19,0.08,34.06,21.7,11.75
2019-08-20,0.04,30.9,19.51,13.88
2019-08-21,0.0,31.98,17.01,19.77
2019-08-22,0.0,31.94,16.85,20.58
2019-08-23,0.0,30.75,16.26,19.61
2019-08-24,0.01,31.4,13.58,21.54
2019-08-25,0.0,31.48,13.54,20.8
2019-08-26,0.0,34.03,14.23,20.45
2019-08-27,0.0,34.02,17.46,11.95
2019-08-28,0.0,32.52,19.25,17.5
2019-08-29,0.52,34.23,18.8,18.2
2019-08-30,0.01,36.22,19.35,18.02
2019-08-31,1.79,37.4,23.28,18.58
2019-09-01,12.83,31.89,21.24,13.49
2019-09-02,0.93,31.22,16.41,15.74
2019-09-03,2.9,33.32,19.76,14.52
2019-09-04,0.1,35.06,19.23,20.44
2019-09-05,0.0,34.34,21.72,21.25
2019-09-06,0.0,36.16,18.46,21.51
2019-09-07,0.0,36.66,21.46,22.89
2019-09-08,0.0,37.79,22.27,22.4
2019-09-09,0.0,38.33,22.25,23.15
2019-09-10,0.0,38.36,21.49,21.43
2019-09-11,0.0,39.2,23.91,22.16
2019-09-12,0.0,38.69,23.76,21.65
2019-09-13,0.0,37.49,20.79,22.37
2019-09-14,0.0,38.83,21.92,21.76
2019-09-15,0.0,40.01,22.52,23.01
2019-09-16,0.0,40.2,22.46,23.79
2019-09-17,0.0,40.44,21.16,24.29
2019-09-18,0.0,38.01,20.7,18.72
2019-09-19,0.13,40.22,23.31,18.93
2019-09-20,3.03,39.59,25.83,11.7
2019-09-21,2.3,36.55,22.86,19.57
2019-09-22,0.0,33.2,23.51,20.84
2019-09-23,0.0,34.38,18.59,23.77
2019-09-24,1.26,36.91,19.81,20.45
2019-09-25,13.4,31.06,20.24,10.07
2019-09-26,3.44,29.62,19.17,8.9
2019-09-27,0.01,33.21,18.24,24.4
2019-09-28,0.0,33.41,17.95,26.02
2019-09-29,0.0,34.92,17.89,26.6
2019-09-30,0.0,36.63,17.72,27.47
2019-10-01,0.0,38.89,19.13,25.96
2019-10-02,1.37,40.04,22.9,21.27
2019-10-03,0.86,38.02,24.88,21.09
2019-10-04,0.0,39.33,22.88,26.17
2019-10-05,0.04,40.01,23.94,26.56
2019-10-06,0.58,36.25,23.7,14.52
2019-10-07,0.08,33.32,21.85,19.11
2019-10-08,3.5,32.59,22.67,11.37
2019-10-09,0.05,33.04,22.27,18.24
2019-10-10,0.0,32.42,22.94,22.98
2019-10-11,0.02,38.02,22.36,26.13
2019-10-12,0.14,38.55,23.6,25.17
2019-10-13,1.85,37.08,24.91,20.24
2019-10-14,0.45,39.14,22.22,22.17
2019-10-15,0.01,39.26,24.06,25.09
2019-10-16,0.0,38.44,23.7,26.61
2019-10-17,0.39,40.52,24.73,25.67
2019-10-18,2.54,36.47,25.41,23.01
2019-10-19,5.79,37.62,24.2,20.46
2019-10-20,7.59,35.75,24.41,22.03
2019-10-21,4.85,31.95,24.54,16.79
2019-10-22,11.31,31.8,20.89,12.98
2019-10-23,0.0,34.2,18.2,23.09
2019-10-24,0.0,36.7,21.27,28.6
2019-10-25,0.0,39.31,22.87,28.15
2019-10-26,0.0,40.11,24.26,27.82
2019-10-27,2.96,38.71,24.33,26.03
2019-10-28,16.26,35.92,24.05,25.0
2019-10-29,0.1,38.49,23.1,27.63
2019-10-30,0.01,40.17,24.61,28.61
2019-10-31,0.02,39.98,25.22,28.13
2019-11-01,0.01,39.61,24.67,27.95
2019-11-02,0.02,39.93,24.69,26.81
2019-11-03,0.0,40.93,26.05,26.93
2019-11-04,0.01,39.9,26.35,27.02
2019-11-05,6.31,39.22,26.25,21.98
2019-11-06,5.93,35.54,25.9,18.08
2019-11-07,3.37,29.65,23.3,23.08
2019-11-08,3.22,31.57,23.43,14.56
2019-11-09,2.58,33.1,23.53,14.79
2019-11-10,4.11,33.3,22.69,18.95
2019-11-11,0.21,34.39,23.09,24.1
2019-11-12,0.01,35.84,22.84,25.62
2019-11-13,1.95,33.65,24.79,21.89
2019-11-14,7.81,34.45,23.77,19.57
2019-11-15,2.41,33.21,22.43,17.14
2019-11-16,0.01,35.83,19.68,29.92
2019-11-17,0.0,37.18,22.14,29.1
2019-11-18,0.0,37.98,20.64,29.7
2019-11-19,0.0,38.18,21.55,27.81
2019-11-20,0.66,38.76,22.38,26.44
2019-11-21,7.87,35.19,25.22,21.09
2019-11-22,1.5,37.06,23.39,28.58
2019-11-23,0.66,38.12,24.85,24.85
2019-11-24,2.37,34.65,24.37,17.61
2019-11-25,0.67,36.52,22.53,28.5
2019-11-26,6.02,32.89,25.11,24.39
2019-11-27,15.54,33.46,23.6,17.73
2019-11-28,9.9,31.94,24.04,16.14
2019-11-29,4.37,32.79,20.92,19.62
2019-11-30,7.74,32.84,23.63,16.59
2019-12-01,9.54,34.1,23.8,21.23
2019-12-02,7.25,29.96,23.59,23.66
2019-12-03,19.23,30.97,22.89,22.46
2019-12-04,5.95,30.58,23.13,21.24
2019-12-05,7.78,33.08,23.66,20.61
2019-12-06,1.58,33.2,21.66,17.27
2019-12-07,0.0,34.46,19.52,29.69
2019-12-08,0.04,35.27,22.77,29.06
2019-12-09,13.37,33.19,23.92,18.26
2019-12-10,10.74,31.16,22.83,21.86
2019-12-11,28.29,30.81,23.33,4.86
2019-12-12,17.91,29.6,22.71,21.08
2019-12-13,5.89,30.01,22.91,19.94
2019-12-14,1.31,27.35,23.52,19.05
2019-12-15,0.19,31.27,22.98,18.58
2019-12-16,12.08,30.7,22.76,20.96
2019-12-17,40.96,29.98,22.28,17.97
2019-12-18,12.12,30.12,22.72,13.83
2019-12-19,0.39,30.9,22.04,14.16
2019-12-20,10.72,31.67,21.74,24.8
2019-12-21,20.54,31.1,22.61,15.63
2019-12-22,8.79,29.08,22.77,11.92
2019-12-23,8.82,31.04,21.56,19.95
2019-12-24,0.15,32.84,20.36,29.04
2019-12-25,0.16,34.33,21.21,30.13
2019-12-26,2.64,34.08,22.12,29.61
2019-12-27,1.36,32.96,23.0,29.64
2019-12-28,0.68,31.4,23.37,22.91
2019-12-29,0.0,30.76,25.02,27.27
2019-12-30,0.0,35.42,23.21,28.38
2019-12-31,0.04,36.86,22.72,28.28
2020-01-01,6.1,33.83,23.61,27.41
2020-01-02,7.52,34.27,23.09,25.93
2020-01-03,4.18,34.02,22.71,21.05
2020-01-04,13.21,32.39,22.37,21.21
2020-01-05,14.02,32.31,22.34,19.42
2020-01-06,0.49,34.57,21.58,19.71
2020-01-07,8.81,28.59,23.64,14.22
2020-01-08,9.45,31.11,23.49,16.25
2020-01-09,19.2,30.8,23.34,16.76
2020-01-10,1.97,31.99,22.78,24.65
2020-01-11,1.11,31.94,24.22,21.65
2020-01-12,21.64,31.28,23.91,18.96
2020-01-13,14.2,29.88,23.89,23.02
2020-01-14,0.96,33.19,22.77,27.37
2020-01-15,0.0,35.07,23.01,29.42
2020-01-16,0.08,35.23,24.18,27.44
2020-01-17,3.55,30.93,25.47,23.02
2020-01-18,0.63,31.34,21.89,24.46
2020-01-19,0.45,33.36,22.3,26.96
2020-01-20,0.42,34.63,22.97,27.05
2020-01-21,0.29,34.55,23.54,25.5
2020-01-22,8.97,31.85,22.83,15.33
2020-01-23,22.87,31.03,22.59,12.31
2020-01-24,4.65,31.1,20.4,18.14
2020-01-25,0.01,32.36,20.93,28.06
2020-01-26,0.0,33.67,21.81,29.74
2020-01-27,0.0,34.29,21.25,29.53
2020-01-28,0.0,34.92,21.27,28.82
2020-01-29,1.95,35.88,22.62,22.94
2020-01-30,9.47,28.02,24.07,20.58
2020-01-31,4.79,30.89,23.19,20.4
2020-02-01,6.02,32.38,23.35,19.78
2020-02-02,3.79,30.65,23.33,17.87
2020-02-03,10.19,30.32,22.79,16.17
2020-02-04,7.15,31.49,23.7,23.21
2020-02-05,10.59,31.55,23.45,21.65
2020-02-06,6.09,32.29,22.84,22.51
2020-02-07,2.82,31.96,21.31,22.41
2020-02-08,2.84,30.95,21.85,19.9
2020-02-09,4.11,31.8,22.34,15.96
2020-02-10,21.51,27.5,22.12,16.3
2020-02-11,3.71,30.7,23.33,13.38
2020-02-12,0.11,31.59,20.58,18.77
2020-02-13,0.01,31.9,20.49,24.73
2020-02-14,0.01,34.03,20.17,27.58
2020-02-15,0.0,34.28,22.45,26.44
2020-02-16,0.33,34.03,24.27,26.59
2020-02-17,0.78,33.72,24.32,26.07
2020-02-18,4.33,33.28,24.12,21.46
2020-02-19,2.16,33.55,24.39,22.38
2020-02-20,11.79,31.65,23.98,18.09
2020-02-21,3.69,30.94,23.09,10.94
2020-02-22,2.53,33.64,23.14,20.31
2020-02-23,2.8,31.29,20.27,14.38
2020-02-24,3.06,31.42,22.2,13.75
2020-02-25,9.65,30.9,23.94,15.32
2020-02-26,23.98,31.27,20.07,9.92
2020-02-27,0.8,30.59,19.25,15.93
2020-02-28,0.01,29.25,21.15,23.71
2020-02-29,0.0,30.92,18.5,25.51
2020-03-01,0.01,30.28,19.13,23.57
2020-03-02,0.89,28.9,20.08,20.69
2020-03-03,0.08,30.83,19.07,25.91
2020-03-04,0.0,32.27,18.85,26.82
2020-03-05,0.0,32.9,20.5,27.21
2020-03-06,0.01,31.99,19.53,27.21
2020-03-07,0.0,32.9,18.88,27.33
2020-03-08,0.0,33.91,19.02,27.33
2020-03-09,0.0,34.47,19.31,26.78
2020-03-10,0.0,35.75,19.92,25.82
2020-03-11,0.01,36.22,21.3,25.47
2020-03-12,0.03,37.19,23.52,24.94
2020-03-13,0.0,37.24,23.19,26.07
2020-03-14,0.02,38.06,22.57,25.12
2020-03-15,0.88,36.57,24.86,22.12
2020-03-16,0.58,35.86,24.23,23.21
2020-03-17,0.41,37.21,23.91,24.07
2020-03-18,1.0,37.49,24.02,23.4
2020-03-19,3.75,36.14,24.96,15.49
2020-03-20,2.94,33.26,24.57,15.27
2020-03-21,0.31,33.17,23.79,17.94
2020-03-22,0.27,33.77,22.54,18.68
2020-03-23,0.0,33.07,19.44,24.8
2020-03-24,0.0,33.31,20.03,22.43
2020-03-25,0.19,33.47,19.98,23.07
2020-03-26,0.75,32.91,19.29,23.76
2020-03-27,0.12,33.86,19.86,22.49
2020-03-28,0.24,35.15,21.21,16.34
2020-03-29,11.64,31.65,23.54,9.38
2020-03-30,0.51,34.04,22.75,22.43
2020-03-31,0.0,34.71,21.47,22.8
2020-04-01,0.0,35.94,20.85,22.88
2020-04-02,1.37,36.37,22.86,20.07
2020-04-03,0.09,34.07,21.1,20.8
2020-04-04,0.0,32.0,16.76,22.96
2020-04-05,0.0,36.75,20.42,22.67
2020-04-06,2.09,36.8,22.79,21.99
2020-04-07,8.75,29.09,22.65,14.4
2020-04-08,0.0,32.81,19.3,21.04
2020-04-09,0.0,32.16,17.94,22.0
2020-04-10,0.01,32.5,16.27,22.54
2020-04-11,0.02,32.81,16.87,19.1
2020-04-12,0.0,33.15,19.71,20.35
2020-04-13,11.93,33.73,21.4,21.23
2020-04-14,10.01,27.08,21.12,12.49
2020-04-15,0.61,24.68,14.14,20.21
2020-04-16,0.0,27.21,10.33,21.64
2020-04-17,0.02,29.45,11.52,22.14
2020-04-18,0.0,28.81,16.1,20.77
2020-04-19,0.01,31.4,16.2,19.55
2020-04-20,0.0,31.65,18.78,19.38
2020-04-21,0.01,32.15,18.77,20.56
2020-04-22,0.0,31.89,17.72,21.09
2020-04-23,0.0,31.68,16.87,21.37
2020-04-24,0.01,33.37,16.03,20.93
2020-04-25,0.0,33.97,21.23,19.72
2020-04-26,0.0,34.18,19.38,20.75
2020-04-27,0.01,33.01,18.93,20.29
2020-04-28,0.0,32.79,18.18,20.0
2020-04-29,0.0,33.05,17.97,20.8
2020-04-30,0.01,33.3,18.25,20.41
2020-05-01,0.01,33.67,19.62,19.67
2020-05-02,0.0,33.75,19.86,19.63
2020-05-03,0.01,32.48,18.72,19.27
2020-05-04,0.0,31.97,16.92,19.41
2020-05-05,0.05,31.58,17.11,17.22
2020-05-06,0.03,33.42,20.22,6.36
2020-05-07,0.0,27.24,14.85,14.56
2020-05-08,0.0,27.46,12.73,19.99
2020-05-09,0.0,30.04,11.96,19.13
2020-05-10,0.01,31.88,15.52,18.95
2020-05-11,0.0,32.73,16.35,18.58
2020-05-12,0.0,32.56,17.27,9.93
2020-05-13,4.04,25.36,19.23,3.84
2020-05-14,0.23,26.24,18.1,6.12
2020-05-15,0.11,28.48,17.32,8.03
2020-05-16,0.02,28.81,16.15,15.78
2020-05-17,0.0,29.99,13.33,18.36
2020-05-18,0.01,30.81,13.75,18.46
2020-05-19,0.01,31.52,14.82,17.91
2020-05-20,0.0,32.43,17.75,16.99
2020-05-21,0.0,33.19,17.85,17.4
2020-05-22,1.27,33.51,19.19,16.63
2020-05-23,8.68,22.26,14.19,6.67
2020-05-24,0.02,21.44,10.21,8.04
2020-05-25,0.07,24.57,9.01,17.38
2020-05-26,0.08,24.34,8.86,18.08
2020-05-27,0.0,25.5,8.39,17.77
2020-05-28,0.0,27.64,9.93,18.5
2020-05-29,0.0,29.21,9.73,17.99
2020-05-30,0.01,29.73,11.38,18.24
2020-05-31,0.01,30.14,13.62,17.5
2020-06-01,0.08,31.66,15.98,16.67
2020-06-02,2.73,28.26,17.99,8.92
2020-06-03,1.06,27.45,16.83,5.75
2020-06-04,0.5,27.8,17.36,9.21
2020-06-05,0.68,31.67,17.49,11.94
2020-06-06,0.79,28.24,18.14,12.33
2020-06-07,0.21,28.61,15.83,13.11
2020-06-08,0.04,33.02,18.22,15.05
2020-06-09,0.22,33.88,21.2,15.07
2020-06-10,0.04,34.41,20.58,14.1
2020-06-11,0.96,33.77,20.97,15.84
2020-06-12,0.07,33.0,18.07,16.14
2020-06-13,0.3,33.25,17.96,15.8
2020-06-14,0.0,32.04,17.91,16.08
2020-06-15,0.01,31.4,17.05,16.46
2020-06-16,0.0,30.42,17.21,16.68
2020-06-17,0.0,30.7,16.74,15.88
2020-06-18,0.0,31.02,17.86,15.29
2020-06-19,0.0,32.12,17.77,14.49
2020-06-20,0.0,31.71,16.62,17.17
2020-06-21,0.0,32.49,17.32,16.11
2020-06-22,0.0,32.04,16.32,16.49
2020-06-23,0.0,30.09,17.04,14.23
2020-06-24,0.01,32.1,15.06,15.33
2020-06-25,1.33,32.12,18.7,15.48
2020-06-26,6.34,28.16,19.57,12.13
2020-06-27,10.57,23.28,17.82,2.77
2020-06-28,0.76,25.2,16.23,5.99
2020-06-29,0.08,28.08,14.66,13.95
2020-06-30,0.34,30.24,17.3,15.92
2020-07-01,1.01,23.77,12.53,14.06
2020-07-02,0.02,23.01,8.48,15.71
2020-07-03,0.0,24.04,9.86,17.27
2020-07-04,0.0,29.25,10.77,17.21
2020-07-05,0.0,32.22,15.56,15.57
2020-07-06,0.0,33.24,18.74,16.14
2020-07-07,0.0,33.22,18.59,16.94
2020-07-08,0.15,28.63,16.45,14.2
2020-07-09,0.01,23.81,13.35,10.88
2020-07-10,0.0,29.36,12.84,17.06
2020-07-11,0.0,31.86,16.73,16.0
2020-07-12,0.0,33.32,15.79,16.41
2020-07-13,0.0,33.75,19.58,16.11
2020-07-14,0.0,30.66,19.55,15.7
2020-07-15,0.0,31.95,19.0,16.7
2020-07-16,0.0,31.82,19.27,16.85
2020-07-17,0.0,32.95,18.98,17.3
2020-07-18,0.0,32.09,17.67,17.56
2020-07-19,0.0,30.55,16.63,17.92
2020-07-20,0.0,31.58,15.29,17.97
2020-07-21,0.02,32.32,16.04,18.54
2020-07-22,0.0,32.54,15.77,18.39
2020-07-23,0.0,32.63,16.42,18.17
2020-07-24,0.0,33.04,16.09,17.93
2020-07-25,0.0,30.93,15.81,18.19
2020-07-26,0.0,31.48,14.42,18.34
2020-07-27,0.0,32.39,17.07,18.25
2020-07-28,0.02,33.69,18.24,17.67
2020-07-29,0.0,32.01,19.43,17.54
2020-07-30,0.0,30.22,17.47,17.17
2020-07-31,0.0,31.74,15.82,16.79
2020-08-01,0.0,31.54,16.25,17.6
2020-08-02,0.0,30.91,15.16,18.35
2020-08-03,0.0,31.4,15.32,18.88
2020-08-04,0.0,31.46,14.91,19.24
2020-08-05,0.0,31.35,13.63,19.67
2020-08-06,0.0,31.71,13.4,19.78
2020-08-07,0.0,31.6,13.71,20.08
2020-08-08,0.01,31.7,15.09,19.24
2020-08-09,0.01,32.13,16.13,19.88
2020-08-10,0.0,32.96,16.24,19.98
2020-08-11,0.0,34.3,17.35,16.56
2020-08-12,0.0,35.1,20.18,16.16
2020-08-13,0.78,35.84,21.71,18.12
2020-08-14,0.1,37.24,22.41,19.15
2020-08-15,0.33,36.93,22.15,18.95
2020-08-16,2.28,31.66,21.56,8.75
2020-08-17,12.87,33.9,20.46,12.33
2020-08-18,0.71,32.75,20.29,17.66
2020-08-19,0.37,34.37,20.49,15.85
2020-08-20,1.8,22.13,15.32,12.68
2020-08-21,1.26,20.24,11.62,2.61
2020-08-22,0.2,23.57,9.59,18.17
2020-08-23,0.02,27.9,11.21,21.18
2020-08-24,0.0,29.73,15.08,20.87
2020-08-25,0.0,32.01,14.67,21.82
2020-08-26,0.0,32.67,13.08,22.39
2020-08-27,0.0,34.45,12.25,21.34
2020-08-28,0.0,35.91,13.15,21.83
2020-08-29,0.01,36.22,16.43,22.05
2020-08-30,0.0,37.81,17.95,22.36
2020-08-31,0.0,37.38,19.5,21.95
2020-09-01,0.0,37.26,19.44,22.31
2020-09-02,0.0,36.68,20.08,22.2
2020-09-03,0.0,37.18,21.41,22.65
2020-09-04,0.0,38.67,21.45,22.34
2020-09-05,0.0,38.54,21.45,23.4
2020-09-06,0.0,38.29,19.95,23.51
2020-09-07,0.0,38.21,20.53,23.1
2020-09-08,0.0,38.93,19.95,23.37
2020-09-09,0.01,39.83,19.72,23.64
2020-09-10,0.0,40.17,22.42,22.79
2020-09-11,0.0,40.58,22.4,23.72
2020-09-12,0.0,40.26,22.28,23.4
2020-09-13,0.0,38.55,22.71,22.61
2020-09-14,0.0,38.68,21.21,19.4
2020-09-15,0.0,37.05,22.07,23.59
2020-09-16,0.0,38.96,21.07,23.8
2020-09-17,0.0,39.03,21.62,20.78
2020-09-18,0.0,36.97,23.43,15.16
2020-09-19,0.07,35.89,22.64,7.9
2020-09-20,0.06,35.14,22.83,10.54
2020-09-21,0.73,31.84,20.46,12.02
2020-09-22,4.1,32.1,19.26,16.55
2020-09-23,0.0,34.0,18.05,22.66
2020-09-24,0.0,35.81,20.95,25.37
2020-09-25,0.0,38.55,20.05,25.72
2020-09-26,0.0,40.41,21.82,26.41
2020-09-27,0.07,41.4,25.52,23.95
2020-09-28,0.01,40.92,25.37,23.76
2020-09-29,0.0,41.71,23.81,25.25
2020-09-30,0.0,43.14,24.76,25.46
2020-10-01,0.0,43.23,24.1,24.62
2020-10-02,0.0,43.65,27.74,26.18
2020-10-03,0.0,44.49,26.51,25.76
2020-10-04,0.0,42.67,24.62,24.39
2020-10-05,0.0,44.07,26.05,24.87
2020-10-06,0.0,44.47,24.62,23.87
2020-10-07,0.09,44.2,26.58,21.95
2020-10-08,2.44,43.5,28.27,20.32
2020-10-09,0.49,42.4,27.0,16.26
2020-10-10,0.85,36.02,23.9,17.77
2020-10-11,0.06,36.32,20.88,21.11
2020-10-12,0.0,38.73,22.05,20.32
2020-10-13,8.58,38.13,24.69,20.65
2020-10-14,2.0,36.07,24.2,21.61
2020-10-15,3.5,33.17,23.75,14.95
2020-10-16,0.7,33.13,22.06,19.29
2020-10-17,0.0,34.59,20.73,26.55
2020-10-18,0.0,35.13,20.92,24.99
2020-10-19,9.18,34.42,23.48,16.21
2020-10-20,5.84,33.19,22.26,16.42
2020-10-21,1.67,33.26,23.12,22.92
2020-10-22,0.03,34.08,22.58,25.73
2020-10-23,4.35,34.46,23.3,25.07
2020-10-24,3.79,35.1,23.19,16.82
2020-10-25,0.04,36.55,23.63,23.33
2020-10-26,6.8,33.64,24.67,12.31
2020-10-27,8.61,32.91,20.97,21.3
2020-10-28,1.19,35.74,19.28,26.61
2020-10-29,0.74,31.16,24.47,15.72
2020-10-30,1.41,34.39,22.64,18.67
2020-10-31,0.0,31.76,20.22,26.3
2020-11-01,0.0,32.51,18.47,27.7
2020-11-02,0.0,32.21,17.45,30.06
2020-11-03,0.0,33.04,16.9,27.47
2020-11-04,0.03,35.13,17.86,30.34
2020-11-05,0.57,35.68,17.69,30.06
2020-11-06,0.0,37.27,18.92,29.88
2020-11-07,0.0,39.45,19.97,30.53
2020-11-08,0.01,41.3,21.6,28.99
2020-11-09,6.77,37.57,24.73,14.96
2020-11-10,3.48,33.22,23.84,14.88
2020-11-11,5.81,34.38,23.35,20.53
2020-11-12,1.21,32.4,24.39,21.47
2020-11-13,0.73,33.04,22.93,23.41
2020-11-14,0.81,35.12,23.15,25.75
2020-11-15,1.68,36.95,23.09,25.59
2020-11-16,1.61,35.54,23.91,26.71
2020-11-17,1.5,37.05,24.37,23.45
2020-11-18,5.67,34.23,24.11,15.47
2020-11-19,0.6,33.99,21.19,20.05
2020-11-20,0.01,33.91,20.17,28.75
2020-11-21,0.0,35.56,19.46,29.96
2020-11-22,0.0,37.15,19.88,30.94
2020-11-23,0.0,37.76,20.57,31.68
2020-11-24,0.0,38.23,22.59,29.36
2020-11-25,0.0,38.53,24.09,30.22
2020-11-26,0.0,38.96,23.87,30.03
2020-11-27,0.04,39.59,24.71,29.34
2020-11-28,0.81,39.89,25.32,29.06
2020-11-29,0.0,40.54,25.17,29.87
2020-11-30,0.23,41.2,24.74,27.22
2020-12-01,1.64,38.02,25.07,24.98
2020-12-02,4.29,35.56,23.73,24.82
2020-12-03,4.66,36.01,24.89,13.46
2020-12-04,6.44,37.94,24.53,22.17
2020-12-05,2.64,33.38,24.37,21.97
2020-12-06,11.31,32.89,24.06,20.75
2020-12-07,10.08,31.62,22.99,17.92
2020-12-08,1.86,35.1,22.07,24.61
2020-12-09,0.01,37.04,22.53,29.6
2020-12-10,2.56,36.93,23.43,24.08
2020-12-11,1.55,34.12,21.62,12.9
2020-12-12,2.28,31.75,22.08,18.18
2020-12-13,1.98,35.05,23.02,22.66
2020-12-14,2.01,36.57,24.13,17.03
2020-12-15,8.64,34.3,24.1,26.81
2020-12-16,1.57,32.31,24.59,26.4
2020-12-17,0.51,32.83,23.75,25.26
2020-12-18,1.58,38.48,24.24,25.53
2020-12-19,3.58,39.42,24.88,26.9
2020-12-20,3.87,38.57,24.54,24.57
2020-12-21,1.27,38.72,25.31,25.85
2020-12-22,1.17,35.01,25.71,23.6
2020-12-23,1.06,37.43,24.68,24.65
2020-12-24,0.42,38.13,24.28,29.33
2020-12-25,0.0,37.43,23.05,28.39
2020-12-26,0.5,37.87,22.68,25.22
2020-12-27,8.52,34.42,25.1,21.33
2020-12-28,2.59,34.95,23.78,16.73
2020-12-29,0.21,34.33,24.96,25.83
2020-12-30,0.41,36.74,23.68,25.9
2020-12-31,3.32,35.02,24.5,21.98
2021-01-01,3.62,33.6,23.49,19.21
2021-01-02,0.05,38.75,22.89,27.08
2021-01-03,1.48,37.36,24.82,29.43
2021-01-04,0.19,37.34,23.5,16.67
2021-01-05,2.66,33.51,23.91,22.09
2021-01-06,1.7,33.19,23.82,24.09
2021-01-07,4.11,34.67,23.83,18.83
2021-01-08,1.4,36.12,23.46,25.46
2021-01-09,0.04,40.03,24.14,28.73
2021-01-10,0.03,40.57,24.54,21.6
2021-01-11,0.28,37.63,27.21,23.64
2021-01-12,3.35,35.25,26.74,16.27
2021-01-13,5.57,33.52,24.7,18.25
2021-01-14,2.71,32.41,24.22,18.58
2021-01-15,5.3,32.43,24.67,15.2
2021-01-16,3.44,33.58,23.98,17.07
2021-01-17,8.36,29.89,23.38,16.72
2021-01-18,6.82,31.56,22.49,20.85
2021-01-19,8.0,29.63,23.35,18.33
2021-01-20,2.0,33.05,23.06,16.04
2021-01-21,0.18,36.73,22.4,20.36
2021-01-22,1.2,33.84,23.27,18.06
2021-01-23,0.38,37.46,24.04,27.82
2021-01-24,0.54,36.26,23.8,18.64
2021-01-25,3.38,33.78,23.77,18.14
2021-01-26,0.87,30.87,22.75,20.45
2021-01-27,5.13,35.06,22.88,19.4
2021-01-28,10.35,31.94,23.19,19.32
2021-01-29,2.31,33.05,22.9,18.18
2021-01-30,4.54,33.62,23.3,19.14
2021-01-31,3.06,34.49,23.99,18.32
2021-02-01,6.27,32.23,23.36,24.26
2021-02-02,0.75,33.98,22.85,27.02
2021-02-03,0.94,37.07,22.96,26.08
2021-02-04,2.08,32.64,24.81,18.4
2021-02-05,2.17,31.81,22.55,20.31
2021-02-06,0.0,34.49,19.27,26.95
2021-02-07,0.01,34.86,18.51,28.19
2021-02-08,0.01,35.11,20.55,29.46
2021-02-09,0.0,36.12,19.66,27.85
2021-02-10,0.42,37.0,20.34,27.22
2021-02-11,2.64,34.89,21.58,14.15
2021-02-12,3.26,29.9,21.92,12.17
2021-02-13,1.29,33.97,21.79,24.21
2021-02-14,5.16,35.18,23.16,14.95
2021-02-15,5.68,30.15,22.86,19.35
2021-02-16,0.29,34.17,22.9,22.81
2021-02-17,3.7,34.52,23.48,20.37
2021-02-18,0.02,36.58,22.07,28.36
2021-02-19,0.02,36.57,17.39,27.91
2021-02-20,0.0,37.59,18.18,29.69
2021-02-21,0.0,38.48,21.24,28.05
2021-02-22,0.04,38.62,22.17,26.61
2021-02-23,0.66,39.39,23.62,23.87
2021-02-24,0.41,40.26,24.62,26.04
2021-02-25,6.79,39.21,25.34,24.55
2021-02-26,17.72,32.46,24.32,20.95
2021-02-27,0.84,33.19,21.49,23.92
2021-02-28,2.03,33.15,22.64,17.66
2021-03-01,8.68,31.22,22.67,21.28
2021-03-02,5.75,33.88,21.65,21.24
2021-03-03,3.33,31.41,22.46,18.85
2021-03-04,10.06,30.36,22.85,14.31
2021-03-05,10.4,28.91,22.32,15.63
2021-03-06,0.82,31.55,21.29,17.4
2021-03-07,0.23,32.43,20.72,23.23
2021-03-08,2.23,33.25,22.26,22.53
2021-03-09,0.15,34.33,22.17,25.31
2021-03-10,0.11,35.66,22.93,24.78
2021-03-11,0.03,36.68,22.84,22.72
2021-03-12,0.0,37.44,22.12,25.12
2021-03-13,0.0,36.3,25.1,24.88
2021-03-14,0.01,37.09,24.05,22.24
2021-03-15,0.16,36.71,22.87,21.2
2021-03-16,0.26,37.14,23.75,19.08
2021-03-17,4.44,32.69,23.75,19.64
2021-03-18,4.57,34.07,23.5,19.41
2021-03-19,5.27,33.79,23.28,14.16
2021-03-20,1.66,35.26,22.96,23.36
2021-03-21,0.1,36.68,23.28,24.61
2021-03-22,0.0,36.81,22.48,24.21
2021-03-23,0.01,37.57,23.16,18.55
2021-03-24,0.05,37.42,24.19,23.51
2021-03-25,0.13,36.86,23.79,22.87
2021-03-26,0.03,37.98,24.74,21.47
2021-03-27,0.15,38.1,24.35,22.46
2021-03-28,0.0,38.42,24.32,23.42
2021-03-29,0.13,38.5,23.63,22.53
2021-03-30,0.48,36.6,23.25,22.21
2021-03-31,0.0,34.94,21.24,17.92
2021-04-01,0.0,35.24,19.65,21.03
2021-04-02,0.0,35.23,20.02,23.28
2021-04-03,0.0,35.6,19.87,23.45
2021-04-04,0.01,34.52,21.4,21.65
2021-04-05,0.01,35.64,20.01,22.75
2021-04-06,0.9,35.84,22.13,17.29
2021-04-07,0.04,35.15,21.54,15.1
2021-04-08,0.0,34.59,22.06,20.72
2021-04-09,0.0,35.3,21.47,23.09
2021-04-10,0.0,35.45,19.86,21.83
2021-04-11,0.01,36.15,19.71,23.63
2021-04-12,0.0,36.91,20.09,22.68
2021-04-13,0.0,35.29,22.52,19.83
2021-04-14,0.01,34.74,22.84,19.1
2021-04-15,0.02,35.21,20.2,21.46
2021-04-16,3.36,32.67,21.33,14.64
2021-04-17,1.3,33.26,20.43,15.34
2021-04-18,0.8,32.32,20.78,18.62
2021-04-19,0.47,32.45,19.09,20.67
2021-04-20,0.01,32.01,18.86,21.87
2021-04-21,0.0,31.48,17.32,22.04
2021-04-22,0.25,31.58,15.71,21.97
2021-04-23,0.01,32.12,17.39,20.93
2021-04-24,0.0,34.02,17.41,21.2
2021-04-25,0.0,34.18,21.14,15.35
2021-04-26,0.01,32.52,20.51,15.45
2021-04-27,0.0,32.12,17.3,20.78
2021-04-28,0.01,32.43,13.93,21.24
2021-04-29,0.01,30.95,13.66,19.13
2021-04-30,0.01,31.0,15.74,16.6
2021-05-01,1.29,31.51,18.4,15.7
2021-05-02,0.06,33.61,19.67,19.22
2021-05-03,0.0,33.82,18.44,20.4
2021-05-04,0.01,34.35,17.3,20.38
2021-05-05,0.01,34.21,17.72,20.28
2021-05-06,0.01,32.99,17.83,19.56
2021-05-07,1.21,27.64,16.81,12.33
2021-05-08,1.08,30.31,15.65,18.41
2021-05-09,0.79,31.06,15.82,18.47
2021-05-10,0.01,32.1,17.25,17.07
2021-05-11,0.0,33.25,17.73,18.21
2021-05-12,0.0,30.78,19.03,16.12
2021-05-13,0.01,28.2,18.44,12.62
2021-05-14,0.02,29.21,17.73,14.62
2021-05-15,0.0,31.73,16.88,17.06
2021-05-16,0.0,32.35,16.91,17.66
2021-05-17,0.01,32.34,17.2,16.14
2021-05-18,0.0,31.85,17.51,17.63
2021-05-19,0.0,32.24,14.91,17.8
2021-05-20,0.01,33.12,17.33,17.24
2021-05-21,0.0,33.53,18.19,17.38
2021-05-22,3.98,30.31,22.09,1.7
2021-05-23,2.18,26.11,17.25,6.44
2021-05-24,0.0,24.22,12.84,11.89
2021-05-25,0.01,28.92,14.92,15.61
2021-05-26,0.05,33.36,16.73,16.68
2021-05-27,0.04,33.95,19.27,16.06
2021-05-28,0.01,33.59,21.28,13.04
2021-05-29,0.0,33.97,21.14,15.86
2021-05-30,0.58,33.68,20.28,14.51
2021-05-31,0.23,31.53,18.94,14.12
2021-06-01,0.01,30.89,18.73,15.5
2021-06-02,0.0,33.16,18.22,16.53
2021-06-03,0.0,33.9,18.91,16.83
2021-06-04,0.0,33.95,17.39,16.29
2021-06-05,0.0,33.69,20.04,16.24
2021-06-06,0.0,33.69,20.45,15.35
2021-06-07,2.96,32.53,19.88,14.02
2021-06-08,2.39,30.68,19.43,7.27
2021-06-09,9.76,29.11,18.08,9.91
2021-06-10,7.79,28.77,18.89,3.83
2021-06-11,1.4,25.04,18.38,7.98
2021-06-12,0.07,26.5,14.69,13.36
2021-06-13,0.09,26.64,12.05,17.36
2021-06-14,0.03,28.69,12.15,16.92
2021-06-15,0.02,29.4,12.7,17.09
2021-06-16,0.02,27.75,12.71,16.75
2021-06-17,0.07,27.94,13.52,15.42
2021-06-18,0.07,29.07,16.33,15.98
2021-06-19,0.0,31.3,14.93,15.23
2021-06-20,0.02,27.22,16.12,13.4
2021-06-21,0.0,29.89,14.44,14.9
2021-06-22,0.0,29.72,18.56,14.69
2021-06-23,0.0,29.57,18.34,16.08
2021-06-24,0.0,32.83,16.76,16.25
2021-06-25,0.01,32.91,18.4,15.17
2021-06-26,0.05,32.98,18.51,16.25
2021-06-27,0.0,32.44,16.47,17.02
2021-06-28,0.16,23.27,11.08,9.69
2021-06-29,0.09,17.25,8.19,14.39
2021-06-30,0.01,19.65,5.41,17.51
2021-07-01,0.02,22.59,4.49,17.95
2021-07-02,0.94,27.87,6.24,17.97
2021-07-03,0.0,29.54,10.84,17.95
2021-07-04,0.01,28.75,9.77,17.25
2021-07-05,0.0,29.01,11.88,17.01
2021-07-06,0.05,28.43,11.47,17.13
2021-07-07,0.0,28.18,11.24,17.73
2021-07-08,0.0,28.4,10.94,17.79
2021-07-09,0.01,29.18,11.04,17.64
2021-07-10,0.01,30.41,12.24,17.48
2021-07-11,0.0,30.39,13.99,17.62
2021-07-12,0.01,30.96,14.31,17.82
2021-07-13,0.0,31.38,14.08,17.81
2021-07-14,0.0,32.15,14.4,17.6
2021-07-15,0.0,33.4,16.0,17.67
2021-07-16,0.01,30.96,16.68,16.82
2021-07-17,0.62,28.15,16.74,11.9
2021-07-18,0.06,25.54,12.71,12.71
2021-07-19,0.0,21.17,6.29,18.69
2021-07-20,0.0,24.94,6.13,16.72
2021-07-21,0.0,28.12,9.12,18.38
2021-07-22,0.02,31.29,7.66,18.21
2021-07-23,0.0,31.43,12.8,18.26
2021-07-24,0.0,31.7,14.01,18.27
2021-07-25,0.0,32.61,14.25,18.73
2021-07-26,0.0,33.77,15.31,18.77
2021-07-27,0.02,32.65,16.24,15.37
2021-07-28,0.45,15.94,9.1,5.94
2021-07-29,0.0,17.95,5.46,19.2
2021-07-30,0.0,21.42,4.29,19.03
2021-07-31,0.0,26.3,7.33,18.35
2021-08-01,0.0,26.21,10.01,17.05
2021-08-02,0.0,28.98,11.67,18.64
2021-08-03,0.0,28.66,11.25,19.45
2021-08-04,0.0,25.25,11.89,17.67
2021-08-05,0.0,27.19,13.42,11.9
2021-08-06,0.0,30.04,15.17,17.64
2021-08-07,0.0,31.69,15.95,18.69
2021-08-08,0.0,32.21,16.09,19.11
2021-08-09,0.0,33.44,16.34,19.03
2021-08-10,0.0,34.82,17.39,19.69
2021-08-11,0.14,32.85,16.91,19.45
2021-08-12,0.32,32.39,16.53,19.24
2021-08-13,0.0,32.57,16.26,19.12
2021-08-14,0.16,32.96,15.69,19.2
2021-08-15,0.0,34.97,17.83,18.9
2021-08-16,0.0,36.5,19.71,19.62
2021-08-17,0.0,37.52,19.59,19.94
2021-08-18,0.21,37.27,20.1,20.52
2021-08-19,0.0,35.91,19.74,20.87
2021-08-20,0.0,35.13,19.64,21.51
2021-08-21,0.0,35.01,19.15,21.07
2021-08-22,0.0,35.89,18.72,21.48
2021-08-23,0.0,36.41,19.95,19.39
2021-08-24,0.0,37.92,24.67,18.97
2021-08-25,0.0,37.93,25.36,20.04
2021-08-26,0.12,28.38,20.19,17.81
2021-08-27,0.58,31.62,17.71,13.98
2021-08-28,7.06,27.21,17.98,7.38
2021-08-29,1.23,27.92,18.01,7.25
2021-08-30,0.01,31.76,17.33,20.95
2021-08-31,0.0,32.6,17.47,21.7
2021-09-01,0.0,33.07,16.96,22.35
2021-09-02,0.0,34.18,16.23,23.04
2021-09-03,0.02,36.42,18.91,23.36
2021-09-04,0.05,37.57,19.2,23.21
2021-09-05,0.0,39.05,20.62,19.77
2021-09-06,0.0,39.25,20.9,21.67
2021-09-07,0.0,39.84,23.51,21.37
2021-09-08,0.42,40.91,24.06,18.81
2021-09-09,2.38,33.11,19.99,9.91
2021-09-10,0.09,31.14,17.91,17.51
2021-09-11,0.02,32.13,19.61,9.4
2021-09-12,0.05,38.41,18.94,20.39
2021-09-13,0.0,40.95,21.79,17.62
2021-09-14,1.39,37.08,24.44,17.77
2021-09-15,2.77,35.27,23.97,18.02
2021-09-16,0.03,37.21,23.52,13.43
2021-09-17,0.0,39.34,21.75,20.28
2021-09-18,0.03,40.13,22.2,22.45
2021-09-19,0.0,40.51,22.9,23.6
2021-09-20,0.0,41.84,23.3,23.58
2021-09-21,0.0,42.59,23.55,21.51
2021-09-22,0.0,34.15,23.04,21.24
2021-09-23,0.0,34.3,19.28,23.23
2021-09-24,0.0,37.25,21.28,22.09
2021-09-25,0.19,38.03,22.13,19.42
2021-09-26,3.32,39.73,23.8,20.16
2021-09-27,0.52,36.37,21.94,23.05
2021-09-28,0.0,39.01,22.87,22.23
2021-09-29,1.04,40.63,27.14,22.17
2021-09-30,0.43,39.08,25.05,24.63
2021-10-01,8.09,39.54,24.93,16.99
2021-10-02,12.38,34.99,23.6,11.91
2021-10-03,6.85,37.44,23.89,19.89
2021-10-04,0.43,36.59,23.71,19.26
2021-10-05,0.08,35.35,22.4,23.11
2021-10-06,2.84,35.82,23.78,22.73
2021-10-07,1.35,33.27,25.34,6.68
2021-10-08,0.01,35.66,23.32,23.13
2021-10-09,3.2,37.11,23.29,22.13
2021-10-10,21.51,26.82,22.34,2.42
2021-10-11,2.15,31.84,22.03,16.43
2021-10-12,0.01,34.49,18.9,22.96
2021-10-13,0.0,35.91,19.39,27.11
2021-10-14,3.43,35.01,22.66,9.8
2021-10-15,1.71,34.0,24.45,20.82
2021-10-16,12.68,33.11,23.27,19.25
2021-10-17,0.38,33.62,21.67,20.97
2021-10-18,1.38,29.79,22.55,18.6
2021-10-19,0.51,32.48,20.56,12.69
2021-10-20,0.18,31.79,17.8,28.11
2021-10-21,0.55,32.81,16.68,28.23
2021-10-22,0.0,35.39,17.07,29.14
2021-10-23,1.11,37.23,20.35,23.07
2021-10-24,33.21,26.12,19.89,7.32
2021-10-25,0.0,32.0,18.09,22.47
2021-10-26,0.01,31.16,20.31,17.07
2021-10-27,0.1,32.65,22.59,20.52
2021-10-28,0.03,33.67,23.07,21.78
2021-10-29,0.0,35.62,22.48,27.17
2021-10-30,4.47,35.15,23.41,22.35
2021-10-31,9.38,32.19,23.17,18.08
2021-11-01,0.31,33.24,20.41,24.43
2021-11-02,0.04,34.77,20.78,27.1
2021-11-03,0.02,35.38,22.83,27.87
2021-11-04,0.0,37.91,23.64,28.12
2021-11-05,0.0,38.95,22.99,25.46
2021-11-06,0.03,31.22,26.25,23.82
2021-11-07,0.19,38.01,23.72,25.31
2021-11-08,0.9,37.61,24.23,27.33
2021-11-09,2.12,37.41,23.92,28.25
2021-11-10,4.99,37.66,23.44,25.2
2021-11-11,2.93,33.04,22.18,17.46
2021-11-12,0.0,33.74,21.63,20.73
2021-11-13,0.0,33.63,20.03,29.76
2021-11-14,1.94,36.44,19.26,25.37
2021-11-15,3.0,35.02,22.45,25.77
2021-11-16,0.22,35.73,23.36,25.26
2021-11-17,3.18,33.1,23.97,14.96
2021-11-18,15.13,30.75,23.35,15.48
2021-11-19,9.91,31.44,22.53,16.82
2021-11-20,0.66,34.3,22.3,23.81
2021-11-21,0.0,35.15,20.95,29.93
2021-11-22,0.0,36.77,18.93,31.29
2021-11-23,0.0,39.08,19.71,31.02
2021-11-24,0.01,39.39,23.57,27.38
2021-11-25,0.88,36.07,24.88,23.81
2021-11-26,3.19,33.98,25.3,19.43
2021-11-27,1.18,37.4,21.43,29.98
2021-11-28,0.81,37.97,21.58,26.0
2021-11-29,5.89,30.29,24.72,14.64
2021-11-30,6.26,32.44,23.94,14.0
2021-12-01,0.12,37.23,18.17,29.34
2021-12-02,1.44,37.4,21.61,20.56
2021-12-03,1.52,36.81,22.71,28.41
2021-12-04,0.02,36.94,22.91,30.24
2021-12-05,0.65,37.74,24.73,27.9
2021-12-06,2.73,36.79,23.97,26.37
2021-12-07,0.03,35.31,24.42,28.12
2021-12-08,0.0,34.06,19.27,30.6
2021-12-09,0.0,35.2,19.89,31.58
2021-12-10,0.01,37.13,17.98,31.17
2021-12-11,0.0,39.15,21.85,31.11
2021-12-12,0.28,36.73,23.92,19.33
2021-12-13,6.02,31.26,23.54,15.77
2021-12-14,18.35,31.03,23.72,12.6
2021-12-15,8.06,29.45,23.85,7.83
2021-12-16,15.71,28.31,23.39,13.79
2021-12-17,2.68,30.91,22.86,20.06
2021-12-18,8.34,32.81,23.64,14.43
2021-12-19,0.07,33.01,21.31,28.85
2021-12-20,0.0,33.06,19.27,30.12
2021-12-21,0.0,36.18,21.81,30.14
2021-12-22,0.47,37.7,22.58,28.84
2021-12-23,0.81,37.26,24.07,17.59
2021-12-24,0.21,34.14,21.43,30.57
2021-12-25,0.0,35.2,20.18,31.38
2021-12-26,0.0,37.63,20.08,31.23
2021-12-27,0.0,38.88,20.91,29.94
2021-12-28,1.37,37.98,23.48,24.81
2021-12-29,8.86,32.39,23.65,3.06
2021-12-30,13.16,32.6,21.16,23.77
2021-12-31,2.84,34.35,20.81,26.29
2022-01-01,1.21,34.76,23.04,24.54
2022-01-02,1.47,34.8,23.24,24.63
2022-01-03,2.49,35.72,23.8,25.76
2022-01-04,6.62,30.63,23.93,23.69
2022-01-05,4.6,30.44,23.32,22.43
2022-01-06,8.4,30.62,22.33,23.06
2022-01-07,1.18,33.59,21.28,19.41
2022-01-08,0.02,34.17,21.35,26.22
2022-01-09,0.0,33.35,21.51,24.53
2022-01-10,2.8,33.69,20.53,21.97
2022-01-11,3.57,32.14,20.59,27.35
2022-01-12,13.11,28.74,21.56,23.18
2022-01-13,9.29,30.86,22.02,18.61
2022-01-14,0.72,33.99,22.4,26.36
2022-01-15,0.06,34.68,24.07,26.26
2022-01-16,0.52,32.42,24.75,20.61
2022-01-17,0.48,31.28,22.98,21.84
2022-01-18,7.59,34.88,22.71,13.05
2022-01-19,9.82,31.81,22.15,22.22
2022-01-20,3.55,33.28,22.45,25.97
2022-01-21,0.83,35.81,21.57,26.64
2022-01-22,0.12,37.97,23.05,27.48
2022-01-23,0.66,38.93,23.92,22.47
2022-01-24,3.61,37.7,25.16,26.51
2022-01-25,0.83,37.39,25.21,25.28
2022-01-26,3.1,33.54,24.91,24.52
2022-01-27,5.99,30.18,24.0,21.28
2022-01-28,11.14,30.61,23.37,20.61
2022-01-29,37.91,30.8,22.76,13.94
2022-01-30,34.55,27.57,22.03,14.86
2022-01-31,24.87,27.74,21.79,11.21
2022-02-01,11.49,27.98,21.25,11.53
2022-02-02,11.65,26.99,22.15,12.8
2022-02-03,23.5,28.76,22.46,18.83
2022-02-04,3.56,30.76,21.9,24.71
2022-02-05,7.46,27.49,23.11,20.78
2022-02-06,2.13,31.02,23.05,18.43
2022-02-07,0.36,31.73,21.81,21.64
2022-02-08,0.01,31.8,17.3,27.83
2022-02-09,1.26,31.77,17.91,27.9
2022-02-10,0.01,31.41,20.03,27.15
2022-02-11,1.74,31.65,19.82,25.21
2022-02-12,0.19,32.63,21.82,27.74
2022-02-13,0.01,33.34,19.62,27.43
2022-02-14,0.0,34.81,21.71,28.28
2022-02-15,0.09,35.36,21.94,26.79
2022-02-16,8.05,34.04,23.76,26.76
2022-02-17,6.74,34.14,23.2,27.48
2022-02-18,1.24,31.1,22.01,11.11
2022-02-19,0.03,33.05,18.8,25.21
2022-02-20,0.07,33.46,20.77,25.81
2022-02-21,0.51,33.64,22.41,24.72
2022-02-22,4.3,35.16,22.64,26.86
2022-02-23,1.39,35.91,23.19,23.8
2022-02-24,0.99,35.02,23.78,23.73
2022-02-25,1.27,34.9,24.1,25.31
2022-02-26,2.31,32.84,24.15,23.51
2022-02-27,9.03,34.95,22.93,25.08
2022-02-28,0.33,36.36,23.99,26.6
2022-03-01,6.65,35.38,24.26,20.83
2022-03-02,6.05,30.06,24.45,11.2
2022-03-03,0.24,33.56,23.5,25.48
2022-03-04,0.59,33.98,22.74,23.84
2022-03-05,0.58,34.42,22.55,25.03
2022-03-06,2.31,34.69,23.13,23.81
2022-03-07,0.77,36.32,22.07,25.51
2022-03-08,0.28,37.44,23.26,24.99
2022-03-09,2.34,30.44,25.11,21.14
2022-03-10,1.3,34.6,24.53,23.78
2022-03-11,1.65,35.81,23.86,22.27
2022-03-12,11.94,31.76,22.76,16.82
2022-03-13,12.42,28.75,23.22,19.35
2022-03-14,8.99,31.74,22.41,16.87
2022-03-15,0.06,32.52,22.63,19.9
2022-03-16,0.1,33.63,21.86,21.69
2022-03-17,0.39,33.84,23.45,22.14
2022-03-18,0.61,34.11,23.76,21.71
2022-03-19,8.42,28.96,24.11,12.01
2022-03-20,3.46,30.08,23.33,16.63
2022-03-21,0.62,28.52,20.12,19.38
2022-03-22,0.0,32.52,20.03,24.0
2022-03-23,0.0,33.96,22.48,23.76
2022-03-24,8.86,33.83,22.71,21.64
2022-03-25,5.87,29.42,23.45,13.54
2022-03-26,10.05,29.88,22.74,14.96
2022-03-27,1.09,31.25,22.04,12.57
2022-03-28,1.17,32.6,22.32,19.67
2022-03-29,0.07,33.55,21.61,24.29
2022-03-30,0.86,34.09,22.08,21.08
2022-03-31,8.25,32.14,21.76,16.98
2022-04-01,2.13,30.4,19.56,13.61
2022-04-02,0.0,31.45,20.46,20.42
2022-04-03,0.01,33.43,20.52,22.74
2022-04-04,0.79,34.65,22.09,21.05
2022-04-05,2.22,35.02,22.75,20.05
2022-04-06,0.02,34.79,23.44,22.28
2022-04-07,1.13,36.1,22.83,21.03
2022-04-08,1.45,35.42,23.13,17.35
2022-04-09,0.04,34.54,23.95,20.24
2022-04-10,0.38,35.77,23.0,21.21
2022-04-11,5.17,33.93,23.81,11.51
2022-04-12,1.42,34.24,23.06,19.62
2022-04-13,9.09,31.05,22.56,7.29
2022-04-14,1.66,30.25,21.21,14.54
2022-04-15,0.02,29.96,17.96,21.43
2022-04-16,0.0,28.34,14.1,23.0
2022-04-17,0.01,29.26,13.26,22.49
2022-04-18,0.01,30.54,15.27,21.51
2022-04-19,0.0,32.83,15.87,20.96
2022-04-20,0.01,33.42,16.81,20.38
2022-04-21,0.01,34.18,17.43,20.85
2022-04-22,0.03,34.57,18.97,20.17
2022-04-23,1.73,32.8,20.24,6.9
2022-04-24,0.02,34.68,20.38,19.86
2022-04-25,0.0,35.64,20.97,19.83
2022-04-26,0.15,35.71,21.58,19.35
2022-04-27,0.01,35.51,21.68,19.61
2022-04-28,0.86,34.53,21.99,17.45
2022-04-29,3.16,34.37,21.46,18.66
2022-04-30,2.75,32.5,19.77,15.55
2022-05-01,0.01,33.84,21.42,15.4
2022-05-02,0.07,34.76,22.12,18.81
2022-05-03,2.61,35.11,20.0,18.54
2022-05-04,4.92,24.44,14.36,15.27
2022-05-05,0.17,25.95,12.82,13.48
2022-05-06,0.02,28.28,13.31,20.03
2022-05-07,0.02,28.51,14.24,19.69
2022-05-08,1.06,30.02,13.55,18.75
2022-05-09,0.01,32.14,15.11,18.05
2022-05-10,2.62,32.31,16.83,18.0
2022-05-11,1.84,28.14,19.27,10.48
2022-05-12,0.05,29.74,16.8,16.26
2022-05-13,0.01,31.31,15.62,18.37
2022-05-14,1.68,32.13,16.22,12.37
2022-05-15,12.47,28.78,19.67,9.95
2022-05-16,0.3,24.67,14.92,12.12
2022-05-17,0.0,19.52,9.05,19.16
2022-05-18,0.0,18.88,6.43,18.41
2022-05-19,0.01,20.39,7.09,15.16
2022-05-20,0.0,22.13,7.85,18.83
2022-05-21,0.07,24.52,7.89,17.88
2022-05-22,0.0,26.36,8.87,18.23
2022-05-23,0.0,28.69,12.54,17.74
2022-05-24,0.0,30.12,12.33,17.37
2022-05-25,0.0,30.01,14.54,17.41
2022-05-26,0.0,30.21,14.25,16.72
2022-05-27,0.06,30.1,14.99,14.11
2022-05-28,0.0,32.16,17.27,16.48
2022-05-29,0.01,33.39,17.5,16.59
2022-05-30,1.3,33.5,19.76,14.09
2022-05-31,4.69,28.57,18.62,10.55
2022-06-01,4.06,29.71,18.27,14.01
2022-06-02,0.04,29.11,18.93,14.96
2022-06-03,0.01,28.21,17.34,7.65
2022-06-04,0.01,28.88,16.77,16.19
2022-06-05,0.0,31.4,16.65,16.06
2022-06-06,0.01,32.13,17.05,16.08
2022-06-07,1.06,31.01,19.67,14.95
2022-06-08,3.19,29.9,18.95,7.02
2022-06-09,2.24,28.43,18.43,6.72
2022-06-10,0.58,26.25,19.03,7.55
2022-06-11,0.0,23.35,13.06,13.74
2022-06-12,0.0,21.31,9.28,13.04
2022-06-13,0.01,23.88,7.96,16.93
2022-06-14,0.08,23.62,7.96,12.87
2022-06-15,0.35,29.12,12.76,13.72
2022-06-16,0.03,31.81,15.14,15.99
2022-06-17,2.17,32.34,15.81,15.67
2022-06-18,24.05,22.58,13.29,7.49
2022-06-19,0.1,25.43,10.14,12.47
2022-06-20,0.07,28.65,14.81,14.87
2022-06-21,0.0,30.77,16.09,15.99
2022-06-22,0.0,31.1,17.04,15.93
2022-06-23,0.02,31.31,16.68,16.42
2022-06-24,0.02,30.85,15.51,16.31
2022-06-25,0.0,29.64,15.32,16.56
2022-06-26,0.0,27.7,15.96,15.98
2022-06-27,0.0,28.29,14.26,14.73
2022-06-28,0.02,30.38,15.57,15.85
2022-06-29,0.04,29.32,14.9,16.22
2022-06-30,0.03,29.58,13.32,16.6
2022-07-01,0.02,30.21,15.22,16.24
2022-07-02,0.02,32.95,15.39,16.49
2022-07-03,0.0,32.62,16.09,16.52
2022-07-04,0.02,31.97,15.03,17.03
2022-07-05,0.02,30.83,13.9,17.15
2022-07-06,0.02,29.99,14.74,16.61
2022-07-07,0.0,32.05,15.3,16.79
2022-07-08,0.06,31.6,16.04,14.73
2022-07-09,0.0,31.44,16.58,16.52
2022-07-10,1.66,31.55,15.88,15.3
2022-07-11,0.0,32.03,16.63,16.85
2022-07-12,0.33,28.78,18.0,14.04
2022-07-13,0.23,29.25,15.87,14.74
2022-07-14,0.02,31.76,15.94,15.71
2022-07-15,0.04,33.68,17.05,15.03
2022-07-16,0.0,34.4,19.94,13.75
2022-07-17,0.0,29.5,18.53,15.17
2022-07-18,0.0,33.17,16.64,16.16
2022-07-19,0.0,32.98,17.81,17.37
2022-07-20,0.11,32.09,16.64,17.06
2022-07-21,0.0,32.61,16.15,17.46
2022-07-22,0.0,32.42,16.07,17.41
2022-07-23,0.0,32.65,16.28,17.54
2022-07-24,0.0,33.07,16.5,16.29
2022-07-25,0.02,33.34,17.02,17.82
2022-07-26,0.0,33.42,16.63,18.0
2022-07-27,0.0,33.68,16.65,18.17
2022-07-28,0.05,34.18,16.74,17.95
2022-07-29,0.05,29.44,17.51,16.14
2022-07-30,0.0,28.58,12.08,18.28
2022-07-31,0.0,32.09,13.5,17.48
2022-08-01,0.0,32.88,19.13,17.16
2022-08-02,0.0,34.37,17.75,16.79
2022-08-03,0.0,34.44,18.52,17.32
2022-08-04,0.0,34.16,22.17,14.68
2022-08-05,0.0,32.8,19.35,17.76
2022-08-06,0.0,32.17,19.79,15.59
2022-08-07,3.89,30.01,20.18,7.65
2022-08-08,3.49,30.7,19.49,6.66
2022-08-09,18.63,23.92,15.44,4.55
2022-08-10,0.27,21.02,10.71,20.03
2022-08-11,0.07,23.47,8.26,20.18
2022-08-12,0.03,26.21,10.1,20.66
2022-08-13,0.01,30.69,10.45,20.58
2022-08-14,0.0,32.61,13.12,20.19
2022-08-15,0.0,34.37,16.52,19.9
2022-08-16,0.41,34.12,20.25,12.32
2022-08-17,25.36,29.37,18.16,5.26
2022-08-18,8.01,30.64,16.64,3.46
2022-08-19,0.01,19.72,10.37,18.61
2022-08-20,4.11,20.94,8.62,11.03
2022-08-21,2.12,27.5,13.56,13.05
2022-08-22,0.01,29.04,15.52,20.64
2022-08-23,1.7,29.67,14.49,20.12
2022-08-24,0.04,29.91,15.98,19.72
2022-08-25,0.01,31.02,15.84,17.91
2022-08-26,0.0,32.04,16.34,19.98
2022-08-27,0.01,34.21,17.05,21.55
2022-08-28,1.61,35.1,20.41,20.33
2022-08-29,2.05,27.3,18.3,18.3
2022-08-30,1.27,23.93,13.75,14.88
2022-08-31,0.62,31.66,13.69,20.67
2022-09-01,0.0,33.88,16.08,22.0
2022-09-02,0.01,34.4,18.86,20.24
2022-09-03,0.0,33.06,19.54,19.87
2022-09-04,0.04,28.38,18.4,15.21
2022-09-05,5.77,29.67,17.24,17.18
2022-09-06,4.99,32.65,16.97,15.56
2022-09-07,0.05,34.76,20.39,18.61
2022-09-08,0.0,34.95,20.42,20.45
2022-09-09,0.0,37.85,20.54,20.29
2022-09-10,0.0,34.57,20.32,20.28
2022-09-11,0.44,34.57,18.74,19.12
2022-09-12,0.01,35.63,21.79,18.87
2022-09-13,0.39,35.95,20.76,20.17
2022-09-14,7.44,31.12,18.0,8.62
2022-09-15,0.47,29.07,16.81,8.66
2022-09-16,0.02,30.6,17.6,20.27
2022-09-17,0.04,30.67,15.15,24.64
2022-09-18,3.54,32.36,13.44,24.58
2022-09-19,0.54,38.12,17.27,20.33
2022-09-20,8.97,31.6,21.02,8.68
2022-09-21,6.18,33.86,21.91,5.67
2022-09-22,16.41,26.77,18.24,5.27
2022-09-23,0.0,25.53,12.5,23.21
2022-09-24,0.74,29.47,13.77,22.95
2022-09-25,0.02,33.51,17.19,21.8
2022-09-26,7.0,31.83,21.06,15.3
2022-09-27,27.48,28.8,21.23,7.8
2022-09-28,12.39,27.84,21.16,4.4
2022-09-29,2.47,26.29,16.8,13.26
2022-09-30,1.34,27.21,16.51,9.0
2022-10-01,0.21,31.7,18.82,22.83
2022-10-02,0.03,33.08,19.5,25.22
2022-10-03,0.05,31.75,21.53,23.21
2022-10-04,2.29,33.5,20.98,20.18
2022-10-05,2.14,34.77,21.29,22.83
2022-10-06,24.44,31.53,22.91,18.02
2022-10-07,15.0,26.48,17.68,15.83
2022-10-08,0.02,30.52,14.9,23.27
2022-10-09,0.26,29.65,19.97,7.13
2022-10-10,0.61,28.06,21.28,12.55
2022-10-11,0.52,28.73,20.76,17.11
2022-10-12,6.55,28.32,20.59,10.74
2022-10-13,1.39,31.68,19.8,15.07
2022-10-14,0.02,34.29,19.91,26.36
2022-10-15,0.01,33.88,19.65,24.83
2022-10-16,0.01,35.32,21.08,23.98
2022-10-17,0.95,34.7,21.88,20.37
2022-10-18,2.86,34.09,21.72,10.45
2022-10-19,1.02,34.38,22.46,19.58
2022-10-20,4.84,34.93,22.17,15.46
2022-10-21,36.76,31.41,22.23,12.33
2022-10-22,2.29,32.46,19.39,26.63
2022-10-23,0.0,32.97,18.01,25.86
2022-10-24,0.0,34.95,17.59,28.52
2022-10-25,1.09,34.81,18.33,29.14
2022-10-26,0.01,35.83,18.28,28.58
2022-10-27,9.98,34.45,21.89,10.91
2022-10-28,0.34,34.57,22.04,26.76
2022-10-29,2.29,33.42,23.29,24.2
2022-10-30,0.81,33.75,22.98,24.02
2022-10-31,2.64,34.41,20.59,20.96
2022-11-01,0.88,26.56,15.71,6.02
2022-11-02,0.26,23.77,15.98,11.15
2022-11-03,0.0,25.9,13.69,20.42
2022-11-04,0.0,29.21,13.79,28.7
2022-11-05,0.03,30.45,13.73,28.5
2022-11-06,0.58,31.06,15.3,27.6
2022-11-07,0.0,31.95,15.71,29.03
2022-11-08,4.12,32.66,15.89,26.97
2022-11-09,4.32,34.34,15.88,28.79
2022-11-10,0.04,37.43,17.92,28.37
2022-11-11,18.32,32.47,20.36,11.41
2022-11-12,0.01,34.02,19.63,23.52
2022-11-13,2.95,33.42,22.53,22.69
2022-11-14,2.61,32.07,22.57,21.54
2022-11-15,0.01,33.47,20.24,29.12
2022-11-16,0.0,34.46,15.81,30.04
2022-11-17,0.0,35.37,18.43,30.69
2022-11-18,0.02,36.88,17.71,29.54
2022-11-19,0.04,37.6,20.49,28.67
2022-11-20,0.05,37.86,23.46,29.5
2022-11-21,0.62,36.66,24.49,20.15
2022-11-22,19.52,32.72,23.87,20.12
2022-11-23,13.13,30.89,23.84,23.07
2022-11-24,2.71,34.34,21.98,27.49
2022-11-25,0.03,33.6,20.92,29.62
2022-11-26,0.0,32.91,19.64,30.19
2022-11-27,0.02,34.9,19.29,28.11
2022-11-28,1.79,33.47,21.05,21.39
2022-11-29,3.02,32.44,20.8,22.87
2022-11-30,3.53,34.69,20.16,26.45
2022-12-01,0.51,35.2,22.85,22.52
2022-12-02,6.24,35.21,22.39,22.28
2022-12-03,4.38,32.67,23.08,15.55
2022-12-04,18.6,27.16,23.41,10.54
2022-12-05,9.92,28.64,22.4,19.86
2022-12-06,3.53,33.19,21.92,19.42
2022-12-07,8.75,32.87,22.84,20.19
2022-12-08,1.22,33.26,23.94,25.08
2022-12-09,1.82,35.92,23.39,22.96
2022-12-10,2.49,34.59,23.52,26.01
2022-12-11,9.52,32.89,23.63,22.86
2022-12-12,6.68,31.56,23.45,12.86
2022-12-13,27.43,30.58,23.18,9.13
2022-12-14,2.58,30.33,23.15,24.22
2022-12-15,0.05,32.76,20.01,27.46
2022-12-16,6.78,33.18,20.79,19.43
2022-12-17,4.07,32.68,23.58,27.52
2022-12-18,14.25,32.0,21.79,16.15
2022-12-19,2.58,28.13,20.8,18.98
2022-12-20,0.01,32.65,19.63,24.64
2022-12-21,0.04,32.04,19.95,30.07
2022-12-22,0.03,31.87,19.28,30.57
2022-12-23,0.0,33.44,19.43,30.13
2022-12-24,0.4,34.82,20.68,26.55
2022-12-25,3.47,30.53,22.91,18.36
2022-12-26,2.09,32.64,21.65,20.55
2022-12-27,0.09,35.18,22.32,25.79
2022-12-28,4.5,33.65,23.52,19.44
2022-12-29,1.6,33.17,23.91,21.47
2022-12-30,5.02,34.19,22.67,25.19
2022-12-31,2.57,34.66,23.52,23.72
2023-01-01,1.07,34.52,23.77,22.86
2023-01-02,4.79,35.21,23.35,13.68
2023-01-03,17.21,31.28,23.21,19.31
2023-01-04,11.27,30.01,22.58,10.4
2023-01-05,3.32,30.81,21.11,12.22
2023-01-06,0.47,31.26,20.41,14.48
2023-01-07,0.11,30.81,19.95,14.47
2023-01-08,0.07,32.24,20.23,17.72
2023-01-09,0.21,33.53,22.1,19.8
2023-01-10,4.56,31.69,22.95,19.06
2023-01-11,4.44,28.27,22.06,20.95
2023-01-12,1.89,30.16,22.08,22.44
2023-01-13,7.43,28.8,22.2,19.61
2023-01-14,5.49,31.47,21.46,23.18
2023-01-15,0.34,33.15,21.73,26.22
2023-01-16,5.28,31.85,23.13,23.17
2023-01-17,5.81,30.98,22.87,24.37
2023-01-18,2.11,31.67,23.42,21.39
2023-01-19,2.14,32.15,22.81,24.61
2023-01-20,8.56,31.68,22.89,16.84
2023-01-21,6.78,29.77,22.45,14.86
2023-01-22,4.02,30.07,22.9,16.23
2023-01-23,4.45,31.26,22.57,25.4
2023-01-24,1.77,33.01,22.23,22.75
2023-01-25,3.39,33.71,21.96,26.51
2023-01-26,0.13,35.65,21.63,28.86
2023-01-27,4.03,33.83,23.96,26.59
2023-01-28,3.47,32.52,23.19,21.68
2023-01-29,14.12,32.26,22.04,27.23
2023-01-30,6.31,28.22,22.6,13.69
2023-01-31,7.34,29.73,21.94,17.94
2023-02-01,0.42,30.42,22.41,22.24
2023-02-02,19.65,31.48,22.53,18.6
2023-02-03,10.75,29.25,22.33,15.69
2023-02-04,12.01,31.11,22.33,22.6
2023-02-05,9.46,31.17,21.75,21.36
2023-02-06,6.36,32.2,21.57,21.78
2023-02-07,4.4,30.29,22.24,20.57
2023-02-08,2.04,30.75,22.6,23.65
2023-02-09,6.84,32.47,22.13,23.61
2023-02-10,18.0,27.27,22.02,20.85
2023-02-11,3.9,29.43,20.95,17.18
2023-02-12,10.11,31.19,21.58,16.6
2023-02-13,2.48,30.55,22.31,23.01
2023-02-14,1.8,32.28,22.26,21.02
2023-02-15,9.06,32.49,23.5,18.35
2023-02-16,5.13,30.32,22.86,21.18
2023-02-17,6.25,30.53,22.83,16.28
2023-02-18,0.32,31.3,21.93,18.75
2023-02-19,4.66,28.58,20.56,15.26
2023-02-20,7.21,25.79,20.25,12.05
2023-02-21,10.68,26.7,21.25,15.87
2023-02-22,6.66,30.86,20.32,23.19
2023-02-23,10.65,30.7,21.76,23.1
2023-02-24,12.13,28.1,21.75,11.14
2023-02-25,1.39,32.01,21.51,24.67
2023-02-26,3.65,29.2,22.44,14.09
2023-02-27,0.41,32.36,21.87,24.88
2023-02-28,14.77,30.43,23.12,26.07
2023-03-01,7.64,28.97,22.57,19.36
2023-03-02,12.65,30.6,21.44,26.1
2023-03-03,0.9,32.11,22.16,22.7
2023-03-04,10.6,32.34,22.14,22.62
2023-03-05,6.28,31.94,22.98,20.34
2023-03-06,4.85,32.66,22.62,21.24
2023-03-07,0.48,33.44,22.32,24.06
2023-03-08,0.49,31.06,22.87,24.17
2023-03-09,1.33,29.95,23.65,22.59
2023-03-10,6.46,27.18,22.05,14.86
2023-03-11,5.24,28.2,21.49,15.13
2023-03-12,5.3,27.73,21.71,12.3
2023-03-13,13.65,26.58,21.47,18.16
2023-03-14,31.53,27.94,21.85,16.17
2023-03-15,4.76,28.16,22.22,17.65
2023-03-16,13.52,27.03,21.22,17.48
2023-03-17,2.88,26.89,21.5,14.11
2023-03-18,2.87,26.15,20.76,7.7
2023-03-19,0.67,28.45,20.4,12.91
2023-03-20,1.33,30.1,19.59,18.41
2023-03-21,1.14,31.12,20.38,23.93
2023-03-22,1.3,31.22,20.99,24.39
2023-03-23,0.13,32.07,21.58,23.03
2023-03-24,0.0,32.55,22.05,22.32
2023-03-25,0.01,32.18,22.95,22.83
2023-03-26,0.61,32.8,23.02,21.85
2023-03-27,0.57,32.33,22.53,22.72
2023-03-28,0.12,32.77,22.98,22.87
2023-03-29,0.35,33.32,22.63,22.5
2023-03-30,0.91,31.72,22.93,22.24
2023-03-31,1.05,31.58,22.59,20.55
2023-04-01,0.19,33.08,20.99,23.57
2023-04-02,0.91,33.23,21.1,23.41
2023-04-03,0.47,31.8,21.19,23.23
2023-04-04,0.0,32.91,19.96,23.15
2023-04-05,0.08,32.4,20.64,21.18
2023-04-06,6.44,31.64,22.46,20.56
2023-04-07,4.02,28.88,21.25,13.95
2023-04-08,12.02,28.03,21.06,10.51
2023-04-09,0.53,30.03,21.29,15.81
2023-04-10,0.0,30.65,19.49,20.35
2023-04-11,1.28,30.81,18.92,20.7
2023-04-12,5.29,29.24,21.55,17.02
2023-04-13,6.81,31.12,21.79,18.93
2023-04-14,5.86,30.65,21.89,11.42
2023-04-15,0.0,31.53,22.14,16.85
2023-04-16,1.02,31.6,20.72,20.46
2023-04-17,3.9,32.21,21.93,17.99
2023-04-18,3.47,31.46,22.62,11.6
2023-04-19,24.69,26.44,16.35,19.69
2023-04-20,0.11,25.96,14.4,19.6
2023-04-21,0.58,26.15,12.6,21.85
2023-04-22,4.11,28.57,12.93,20.55
2023-04-23,0.49,29.11,18.7,18.36
2023-04-24,3.65,29.33,19.86,18.48
2023-04-25,18.6,28.32,18.83,10.01
2023-04-26,8.84,28.85,19.85,14.37
2023-04-27,3.99,25.88,19.62,12.72
2023-04-28,1.34,28.31,19.18,17.06
2023-04-29,0.29,28.95,16.64,19.14
2023-04-30,1.0,29.57,15.98,20.35
2023-05-01,0.04,29.52,16.45,20.23
2023-05-02,0.01,29.16,15.67,19.93
2023-05-03,0.29,30.21,18.06,18.01
2023-05-04,1.21,30.44,18.81,17.34
2023-05-05,0.01,30.8,18.08,19.42
2023-05-06,1.62,30.68,18.29,17.61
2023-05-07,0.01,31.04,19.1,17.3
2023-05-08,0.4,31.07,19.34,18.5
2023-05-09,0.87,30.93,20.78,16.0
2023-05-10,0.89,29.17,21.07,13.15
2023-05-11,0.44,28.92,15.7,17.9
2023-05-12,0.06,26.97,11.67,18.26
2023-05-13,0.01,27.03,11.9,18.99
2023-05-14,0.02,27.18,11.95,19.25
2023-05-15,0.01,27.09,11.04,19.45
2023-05-16,0.02,27.64,11.22,19.39
2023-05-17,1.74,26.91,11.27,19.01
2023-05-18,0.01,27.41,10.65,18.93
2023-05-19,0.02,28.15,11.18,18.8
2023-05-20,0.23,28.69,11.52,18.35
2023-05-21,0.0,28.01,12.72,16.1
2023-05-22,0.01,28.3,15.41,13.35
2023-05-23,0.0,29.74,14.49,17.57
2023-05-24,0.02,28.9,13.96,17.72
2023-05-25,0.0,30.34,14.53,17.23
2023-05-26,0.02,30.32,15.72,16.56
2023-05-27,1.22,31.77,16.42,16.13
2023-05-28,2.92,28.35,19.05,5.61
2023-05-29,2.29,26.35,19.29,10.86
2023-05-30,20.75,22.01,17.0,2.41
2023-05-31,0.81,25.37,17.12,9.54
2023-06-01,0.03,26.88,14.55,15.31
2023-06-02,0.02,26.48,13.86,17.16
2023-06-03,0.04,27.44,13.32,17.23
2023-06-04,0.02,28.27,13.05,16.99
2023-06-05,0.01,27.36,13.57,16.82
2023-06-06,0.0,26.68,12.1,16.9
2023-06-07,1.61,27.84,12.89,16.6
2023-06-08,0.1,28.34,13.72,16.56
2023-06-09,0.01,29.13,13.66,16.69
2023-06-10,0.01,30.26,15.22,15.77
2023-06-11,0.0,30.98,15.64,16.02
2023-06-12,5.54,27.66,16.9,6.97
2023-06-13,15.0,21.79,15.46,3.79
2023-06-14,31.89,17.12,13.28,2.64
2023-06-15,31.65,16.24,11.62,2.27
2023-06-16,0.02,18.93,7.36,15.21
2023-06-17,0.02,19.75,7.03,15.61
2023-06-18,0.02,21.23,8.97,16.93
2023-06-19,0.01,22.96,7.7,17.18
2023-06-20,0.03,25.49,9.51,16.75
2023-06-21,0.01,26.59,11.3,16.48
2023-06-22,0.04,26.5,13.14,16.18
2023-06-23,0.02,26.91,13.12,15.4
2023-06-24,0.07,27.16,13.39,15.12
2023-06-25,0.03,27.79,12.95,16.61
2023-06-26,0.09,27.0,12.6,16.64
2023-06-27,0.04,27.32,12.66,16.55
2023-06-28,0.06,28.7,13.72,16.25
2023-06-29,0.41,27.44,15.24,15.77
2023-06-30,0.01,27.37,13.91,16.53
2023-07-01,0.0,27.83,12.89,16.58
2023-07-02,0.01,27.29,12.85,16.79
2023-07-03,0.04,26.5,12.58,16.98
2023-07-04,0.05,26.11,12.11,16.88
2023-07-05,0.04,27.76,11.72,16.74
2023-07-06,0.15,27.94,12.43,16.65
2023-07-07,0.21,27.76,14.63,14.1
2023-07-08,0.0,30.29,15.84,15.59
2023-07-09,0.51,29.96,17.93,12.82
2023-07-10,0.23,30.99,17.17,12.8
2023-07-11,0.0,31.91,15.99,16.42
2023-07-12,0.0,32.0,16.12,15.76
2023-07-13,9.64,24.39,14.56,8.76
2023-07-14,2.92,19.53,8.61,17.98
2023-07-15,0.77,23.77,6.37,17.97
2023-07-16,0.0,27.47,11.57,15.1
2023-07-17,0.0,30.19,15.59,13.4
2023-07-18,0.0,28.35,15.4,15.48
2023-07-19,0.0,29.03,16.22,15.4
2023-07-20,0.0,30.11,15.02,16.19
2023-07-21,0.0,29.95,16.0,17.2
2023-07-22,0.0,29.15,15.74,16.46
2023-07-23,0.0,30.28,15.83,16.33
2023-07-24,0.0,30.09,16.15,17.34
2023-07-25,0.0,30.69,15.54,15.77
2023-07-26,0.01,31.54,19.5,16.44
2023-07-27,0.03,32.66,18.72,17.15
2023-07-28,0.0,32.86,18.43,16.4
2023-07-29,0.22,29.95,16.79,17.19
2023-07-30,0.0,29.56,15.9,18.48
2023-07-31,0.0,30.87,14.67,18.27
2023-08-01,0.0,30.59,14.55,18.84
2023-08-02,0.01,32.62,13.9,18.28
2023-08-03,0.0,33.02,15.43,18.68
2023-08-04,0.0,32.94,15.1,18.59
2023-08-05,0.0,32.88,14.91,18.74
2023-08-06,0.0,33.92,14.96,18.93
2023-08-07,0.0,35.98,17.91,18.21
2023-08-08,0.01,33.46,18.23,18.58
2023-08-09,0.02,34.13,17.29,17.87
2023-08-10,0.0,36.52,18.22,18.98
2023-08-11,0.0,37.39,19.38,17.74
2023-08-12,0.1,37.38,22.97,16.11
2023-08-13,0.34,30.49,20.79,11.34
2023-08-14,0.0,30.12,18.95,11.05
2023-08-15,0.0,30.8,19.42,12.53
2023-08-16,0.0,33.45,19.72,18.18
2023-08-17,0.0,33.4,18.42,19.09
2023-08-18,0.51,35.63,19.09,18.46
2023-08-19,1.42,31.37,19.18,4.63
2023-08-20,1.51,30.62,19.69,11.12
2023-08-21,1.7,32.96,18.54,19.36
2023-08-22,0.0,36.19,20.01,19.31
2023-08-23,0.0,38.27,21.32,19.29
2023-08-24,0.01,37.75,23.58,15.18
2023-08-25,0.01,37.12,22.31,16.71
2023-08-26,2.1,27.8,20.03,7.75
2023-08-27,0.56,20.55,16.45,6.98
2023-08-28,0.17,28.43,15.68,18.76
2023-08-29,0.86,30.89,17.3,12.11
2023-08-30,10.63,28.22,19.15,14.54
2023-08-31,8.2,27.68,19.03,7.1
2023-09-01,1.39,33.33,18.23,20.67
2023-09-02,0.53,36.7,20.42,17.44
2023-09-03,2.68,36.61,23.06,19.25
2023-09-04,0.76,37.77,23.95,19.02
2023-09-05,0.44,32.58,20.62,20.35
2023-09-06,0.0,34.34,20.97,19.6
2023-09-07,0.04,34.47,20.82,20.89
2023-09-08,0.83,36.88,19.59,21.75
2023-09-09,6.83,32.68,21.53,10.07
2023-09-10,0.55,34.38,18.14,21.92
2023-09-11,0.0,36.72,19.34,23.64
2023-09-12,0.01,37.42,20.47,22.13
2023-09-13,1.13,38.53,22.85,20.53
2023-09-14,5.31,24.27,17.78,5.99
2023-09-15,0.01,30.88,13.71,24.05
2023-09-16,0.02,35.94,17.21,24.08
2023-09-17,0.64,38.66,20.53,22.15
2023-09-18,0.08,37.69,21.76,20.78
2023-09-19,0.01,38.42,22.63,23.4
2023-09-20,0.05,39.46,24.0,23.8
2023-09-21,0.0,39.95,23.57,23.62
2023-09-22,0.03,41.43,24.6,23.73
2023-09-23,0.05,41.61,26.0,23.21
2023-09-24,0.0,42.43,26.78,23.46
2023-09-25,0.42,42.0,26.13,22.81
2023-09-26,0.36,41.54,27.72,21.44
2023-09-27,0.18,40.54,27.57,20.91
2023-09-28,0.0,38.3,22.75,21.54
2023-09-29,0.0,37.76,23.81,22.37
2023-09-30,0.75,38.4,25.57,18.94
2023-10-01,3.71,35.54,25.15,19.06
2023-10-02,0.91,37.44,25.06,16.69
2023-10-03,0.01,40.61,25.56,23.61
2023-10-04,0.72,40.76,26.88,17.79
2023-10-05,0.17,40.79,24.78,21.74
2023-10-06,0.08,41.26,26.85,19.41
2023-10-07,14.59,38.09,27.08,13.48
2023-10-08,24.01,36.49,21.43,16.41
2023-10-09,1.42,32.31,19.78,16.7
2023-10-10,0.0,35.25,19.77,25.55
2023-10-11,0.0,38.88,21.05,26.3
2023-10-12,0.8,38.32,26.63,19.14
2023-10-13,0.33,34.19,22.36,21.24
2023-10-14,0.0,36.19,22.33,21.48
2023-10-15,0.07,38.9,22.55,24.93
2023-10-16,0.05,36.91,25.13,25.97
2023-10-17,0.38,39.91,25.87,15.73
2023-10-18,1.77,37.31,24.88,22.63
2023-10-19,4.82,36.32,24.2,23.76
2023-10-20,0.12,36.85,23.1,13.5
2023-10-21,0.0,37.86,23.79,26.31
2023-10-22,0.0,39.12,21.71,27.43
2023-10-23,0.0,42.02,24.16,26.13
2023-10-24,0.5,38.63,26.39,18.54
2023-10-25,13.92,34.28,24.23,18.57
2023-10-26,3.25,35.99,25.95,17.47
2023-10-27,14.62,37.18,24.0,16.1
2023-10-28,11.63,36.04,23.65,15.4
2023-10-29,5.77,35.23,24.33,14.29
2023-10-30,4.93,36.73,23.92,13.34
2023-10-31,3.32,34.35,23.98,14.88
2023-11-01,3.32,33.15,25.28,12.26
2023-11-02,0.07,35.07,23.56,25.54
2023-11-03,2.98,38.8,22.98,22.63
2023-11-04,0.69,31.35,18.3,26.41
2023-11-05,0.0,34.61,14.34,30.55
2023-11-06,0.02,35.87,16.85,30.23
2023-11-07,0.02,38.22,17.85,29.71
2023-11-08,0.04,40.38,22.3,24.37
2023-11-09,1.67,37.2,25.93,22.5
2023-11-10,0.04,40.06,24.41,27.67
2023-11-11,0.0,41.79,23.43,29.99
2023-11-12,0.01,42.82,25.39,27.4
2023-11-13,0.14,42.42,27.35,25.24
2023-11-14,4.12,41.44,25.67,26.48
2023-11-15,0.17,42.44,25.53,15.88
2023-11-16,0.01,43.41,26.46,23.09
2023-11-17,0.03,43.51,27.71,24.15
2023-11-18,0.29,42.37,28.89,22.27
2023-11-19,5.93,42.09,27.86,16.3
2023-11-20,12.0,33.26,24.37,20.47
2023-11-21,0.02,35.42,25.3,22.67
2023-11-22,8.58,35.61,25.99,21.14
2023-11-23,7.88,34.18,25.15,14.55
2023-11-24,12.16,31.29,24.39,15.91
2023-11-25,0.13,33.76,22.63,25.15
2023-11-26,0.06,32.94,21.89,27.55
2023-11-27,0.1,34.62,22.93,22.38
2023-11-28,9.04,31.81,24.36,21.74
2023-11-29,5.0,34.82,22.85,21.65
2023-11-30,3.01,35.85,23.76,23.72
2023-12-01,0.31,36.38,24.62,28.08
2023-12-02,0.68,39.02,25.64,24.94
2023-12-03,1.42,39.08,25.98,25.98
2023-12-04,1.4,34.71,25.85,19.43
2023-12-05,4.92,34.01,24.57,18.31
2023-12-06,3.73,33.89,24.39,27.28
2023-12-07,4.56,36.81,24.41,22.71
2023-12-08,0.02,38.26,24.52,27.73
2023-12-09,0.57,37.63,26.06,28.0
2023-12-10,0.13,38.59,25.38,23.54
2023-12-11,2.68,37.04,23.91,28.76
2023-12-12,0.16,38.01,24.08,26.66
2023-12-13,0.0,39.93,24.28,30.56
2023-12-14,0.02,41.61,25.08,29.72
2023-12-15,0.81,38.44,28.4,26.64
2023-12-16,4.52,40.0,27.01,26.78
2023-12-17,0.01,42.15,25.81,29.5
2023-12-18,0.48,41.92,26.61,28.05
2023-12-19,3.15,36.92,26.93,17.73
2023-12-20,2.18,38.11,25.94,26.24
2023-12-21,1.28,38.66,25.66,24.28
2023-12-22,0.87,38.66,25.87,23.24
2023-12-23,28.82,33.13,25.58,22.06
2023-12-24,0.1,35.45,24.61,27.94
2023-12-25,0.0,37.47,24.91,28.06
2023-12-26,0.02,36.22,25.54,25.81
2023-12-27,0.0,38.7,25.11,28.7
2023-12-28,0.0,40.23,23.45,30.6
2023-12-29,0.03,41.09,24.38,24.82
2023-12-30,1.67,34.87,26.29,19.69
2023-12-31,13.7,34.58,25.18,16.67
2024-01-01,5.69,33.67,25.51,22.47
2024-01-02,2.25,33.83,23.73,21.61
2024-01-03,1.52,35.2,24.23,26.38
2024-01-04,0.98,36.81,25.05,25.59
2024-01-05,2.05,37.06,24.68,25.91
2024-01-06,0.08,38.68,24.5,29.31
2024-01-07,0.25,39.89,25.95,28.54
2024-01-08,4.75,39.0,25.53,28.64
2024-01-09,8.51,36.41,25.75,28.25
2024-01-10,0.34,37.99,24.96,19.39
2024-01-11,3.86,36.65,25.46,23.44
2024-01-12,12.75,28.8,24.3,22.23
2024-01-13,2.71,33.55,23.99,11.76
2024-01-14,5.83,34.91,23.98,22.16
2024-01-15,3.23,33.57,24.12,20.68
2024-01-16,0.06,35.88,24.22,27.57
2024-01-17,0.03,38.2,25.03,24.05
2024-01-18,0.5,38.38,25.57,28.08
2024-01-19,9.97,39.32,25.82,16.92
2024-01-20,9.83,38.32,25.15,16.12
2024-01-21,1.06,36.8,24.49,22.25
2024-01-22,10.43,32.89,25.4,10.56
2024-01-23,4.68,33.08,23.62,16.92
2024-01-24,0.2,33.94,21.25,20.05
2024-01-25,0.02,32.79,21.12,29.3
2024-01-26,0.12,32.34,18.19,29.89
2024-01-27,0.44,33.02,19.04,27.23
2024-01-28,4.48,35.58,23.93,26.98
2024-01-29,0.0,37.58,21.32,28.79
2024-01-30,1.16,38.26,21.29,20.52
2024-01-31,1.07,37.96,24.23,27.18
2024-02-01,0.0,38.43,23.32,29.07
2024-02-02,0.22,38.69,22.77,26.63
2024-02-03,6.41,34.6,23.99,17.02
2024-02-04,0.57,33.53,22.58,17.65
2024-02-05,0.07,33.3,23.57,20.39
2024-02-06,0.49,34.62,24.13,16.63
2024-02-07,6.87,30.64,23.83,17.63
2024-02-08,1.05,33.95,22.29,23.37
2024-02-09,6.78,35.11,23.78,16.2
2024-02-10,2.32,36.43,24.13,25.59
2024-02-11,0.03,37.32,23.1,27.48
2024-02-12,0.02,37.76,25.79,22.42
2024-02-13,1.5,38.24,25.79,25.46
2024-02-14,5.36,37.74,25.64,19.58
2024-02-15,44.59,32.52,25.33,13.87
2024-02-16,3.23,34.47,23.82,22.01
2024-02-17,0.08,36.2,23.42,24.72
2024-02-18,6.26,31.59,24.42,22.12
2024-02-19,5.52,33.02,23.18,19.29
2024-02-20,1.53,33.36,22.68,23.62
2024-02-21,0.94,33.89,22.65,25.71
2024-02-22,0.26,35.52,22.68,24.48
2024-02-23,1.65,36.37,25.08,23.55
2024-02-24,3.23,35.89,25.01,24.15
2024-02-25,0.52,36.72,25.01,25.62
2024-02-26,1.38,36.23,25.57,23.74
2024-02-27,0.75,37.87,25.62,26.88
2024-02-28,0.01,40.21,25.81,26.18
2024-02-29,3.29,39.5,26.93,25.96
2024-03-01,1.31,39.88,26.09,26.13
2024-03-02,0.07,38.91,25.98,25.75
2024-03-03,0.07,40.28,25.58,26.13
2024-03-04,0.14,40.92,24.52,24.93
2024-03-05,2.16,38.27,25.37,22.94
2024-03-06,1.76,36.67,26.3,20.65
2024-03-07,6.89,35.13,25.77,20.25
2024-03-08,2.6,36.14,26.46,20.79
2024-03-09,0.18,37.49,26.28,24.07
2024-03-10,0.53,37.94,27.06,18.95
2024-03-11,1.08,36.56,26.5,21.75
2024-03-12,0.0,39.47,25.26,24.66
2024-03-13,0.14,40.53,24.82,23.77
2024-03-14,0.44,40.96,26.15,24.34
2024-03-15,0.23,40.21,27.06,22.66
2024-03-16,0.81,39.92,27.14,18.6
2024-03-17,1.71,38.06,27.58,18.68
2024-03-18,2.02,37.81,27.02,19.7
2024-03-19,7.58,37.9,27.25,20.97
2024-03-20,0.87,39.3,26.46,22.49
2024-03-21,8.75,34.52,26.24,15.61
2024-03-22,12.42,31.93,24.63,13.05
2024-03-23,0.44,26.44,21.0,7.64
2024-03-24,4.27,30.33,21.13,10.8
2024-03-25,2.45,32.23,21.16,14.52
2024-03-26,4.39,29.73,22.73,13.33
2024-03-27,1.89,28.83,22.06,7.36
2024-03-28,2.91,31.89,20.56,12.58
2024-03-29,5.64,31.15,22.03,15.72
2024-03-30,2.24,32.99,23.01,18.25
2024-03-31,2.6,31.9,24.49,16.82
2024-04-01,3.7,33.05,23.35,18.2
2024-04-02,2.43,33.73,23.77,17.33
2024-04-03,0.01,34.53,22.59,22.19
2024-04-04,0.03,35.74,23.62,19.14
2024-04-05,0.06,36.03,25.85,20.52
2024-04-06,0.07,36.38,25.58,20.64
2024-04-07,2.35,34.93,22.94,18.27
2024-04-08,6.49,33.31,24.36,16.98
2024-04-09,1.48,33.29,24.3,16.08
2024-04-10,0.09,34.94,23.1,19.61
2024-04-11,5.72,33.79,23.48,17.37
2024-04-12,2.34,32.13,23.87,14.66
2024-04-13,12.76,30.87,23.46,14.57
2024-04-14,40.12,27.11,23.04,11.08
2024-04-15,2.32,28.29,22.79,15.98
2024-04-16,5.26,28.97,22.48,14.34
2024-04-17,0.93,30.93,22.69,15.99
2024-04-18,0.01,29.09,17.17,19.4
2024-04-19,0.0,29.49,17.38,21.66
2024-04-20,0.01,31.21,14.67,21.29
2024-04-21,0.02,32.54,19.15,20.81
2024-04-22,0.05,32.68,19.77,21.3
2024-04-23,0.0,33.03,19.55,20.87
2024-04-24,0.0,33.57,18.5,19.54
2024-04-25,0.01,34.46,20.72,20.25
2024-04-26,0.0,35.34,20.53,20.18
2024-04-27,0.0,35.32,22.28,19.61
2024-04-28,0.0,35.75,21.75,18.86
2024-04-29,0.0,35.77,21.85,19.92
2024-04-30,0.0,36.04,21.57,19.28
2024-05-01,0.0,36.07,22.65,19.15
2024-05-02,0.0,36.16,21.1,18.96
2024-05-03,0.0,35.23,22.18,17.33
2024-05-04,0.0,35.02,21.3,18.85
2024-05-05,0.0,35.97,21.6,19.77
2024-05-06,0.0,35.14,18.91,19.28
2024-05-07,0.11,34.93,20.73,18.58
2024-05-08,0.01,35.56,21.33,19.0
2024-05-09,0.0,35.98,21.83,18.44
2024-05-10,0.05,35.49,20.56,18.92
2024-05-11,0.0,35.52,18.98,18.69
2024-05-12,0.0,35.35,18.63,18.99
2024-05-13,0.0,35.2,19.3,18.25
2024-05-14,0.0,32.2,20.69,14.65
2024-05-15,0.0,32.36,19.1,17.15
2024-05-16,0.0,34.3,19.26,18.29
2024-05-17,0.0,36.4,21.45,17.91
2024-05-18,0.29,35.08,22.69,17.41
2024-05-19,0.22,31.55,21.04,16.05
2024-05-20,0.0,31.82,18.22,15.34
2024-05-21,0.0,34.04,19.26,16.55
2024-05-22,0.0,34.89,19.98,17.52
2024-05-23,0.03,34.95,20.15,17.31
2024-05-24,5.55,28.93,19.16,5.68
2024-05-25,2.67,24.98,15.9,7.13
2024-05-26,6.32,23.63,15.44,4.63
2024-05-27,0.73,27.84,15.67,6.01
2024-05-28,0.06,23.83,12.61,5.16
2024-05-29,0.02,23.58,9.59,16.78
2024-05-30,0.0,26.48,10.32,17.2
2024-05-31,0.0,26.97,10.02,17.74
2024-06-01,0.0,30.08,10.82,17.06
2024-06-02,0.0,31.11,15.32,15.82
2024-06-03,0.0,31.77,16.48,15.12
2024-06-04,0.02,30.72,17.02,16.04
2024-06-05,0.0,30.88,15.91,16.05
2024-06-06,0.04,31.91,15.76,16.01
2024-06-07,0.0,32.1,16.07,16.33
2024-06-08,0.0,32.59,16.42,16.34
2024-06-09,0.0,33.14,16.65,16.21
2024-06-10,0.0,33.15,17.35,16.88
2024-06-11,0.0,32.61,17.13,16.65
2024-06-12,0.01,32.63,15.47,16.59
2024-06-13,0.0,32.72,17.2,16.71
2024-06-14,0.0,32.84,17.04,15.54
2024-06-15,0.0,33.93,18.19,16.21
2024-06-16,0.01,33.23,19.59,16.37
2024-06-17,0.0,33.42,17.52,16.42
2024-06-18,0.0,32.06,15.9,16.57
2024-06-19,0.01,33.1,16.71,16.42
2024-06-20,0.05,32.7,16.82,16.58
2024-06-21,0.0,32.21,15.82,15.26
2024-06-22,0.0,33.13,17.94,14.63
2024-06-23,0.0,33.81,18.65,15.36
2024-06-24,0.0,34.37,18.76,14.92
2024-06-25,0.0,34.34,20.46,15.65
2024-06-26,0.0,33.61,19.59,14.41
2024-06-27,0.0,30.52,18.24,12.52
2024-06-28,0.0,32.42,17.81,11.76
2024-06-29,0.0,32.86,20.37,14.17
2024-06-30,0.65,21.72,16.18,8.69
2024-07-01,3.21,25.85,14.77,6.07
2024-07-02,0.37,30.73,15.33,15.99
2024-07-03,0.01,31.64,16.58,14.46
2024-07-04,0.0,32.31,16.95,16.3
2024-07-05,0.0,32.29,16.31,11.15
2024-07-06,0.0,32.77,17.85,16.28
2024-07-07,0.0,33.73,18.11,14.36
2024-07-08,0.9,27.71,18.01,8.52
2024-07-09,3.02,23.36,16.03,5.71
2024-07-10,1.01,23.55,14.39,8.27
2024-07-11,0.0,31.04,13.59,14.47
2024-07-12,0.01,28.24,15.67,11.49
2024-07-13,0.0,30.32,15.56,15.32
2024-07-14,0.01,27.17,14.57,10.6
2024-07-15,0.0,27.77,13.22,13.89
2024-07-16,0.01,30.42,14.57,16.93
2024-07-17,0.0,31.09,15.29,17.14
2024-07-18,0.0,31.7,15.66,17.23
2024-07-19,0.0,31.77,15.31,17.41
2024-07-20,0.0,31.32,13.67,17.84
2024-07-21,0.0,32.1,13.46,17.86
2024-07-22,0.0,32.06,13.68,17.91
2024-07-23,0.0,31.74,14.02,18.27
2024-07-24,0.02,32.94,14.13,18.1
2024-07-25,0.0,32.73,15.12,18.15
2024-07-26,0.0,32.54,17.07,17.6
2024-07-27,0.0,33.82,15.72,16.82
2024-07-28,0.0,35.07,17.62,17.97
2024-07-29,0.0,34.55,17.3,17.65
2024-07-30,0.01,29.43,16.74,14.15
2024-07-31,0.0,32.73,15.77,17.19
2024-08-01,0.0,33.69,18.07,16.42
2024-08-02,0.0,32.8,18.01,17.31
2024-08-03,0.0,33.18,20.17,17.75
2024-08-04,0.0,33.17,19.31,17.31
2024-08-05,0.06,34.2,18.9,18.39
2024-08-06,0.0,33.66,19.63,18.55
2024-08-07,0.03,34.7,18.62,18.75
2024-08-08,1.02,34.45,19.74,11.79
2024-08-09,13.38,21.06,11.68,1.61
2024-08-10,0.88,21.01,7.46,19.96
2024-08-11,0.14,25.27,7.5,20.3
2024-08-12,0.02,25.7,7.98,17.44
2024-08-13,0.22,26.28,6.72,18.04
2024-08-14,0.0,28.68,12.05,17.99
2024-08-15,0.0,34.64,11.77,19.62
2024-08-16,0.13,35.86,15.11,19.53
2024-08-17,0.0,36.34,16.87,20.19
2024-08-18,0.0,36.85,17.35,20.54
2024-08-19,0.0,37.38,17.77,20.49
2024-08-20,0.01,37.4,19.5,20.46
2024-08-21,0.47,36.74,17.82,20.62
2024-08-22,0.0,37.21,18.04,20.86
2024-08-23,0.0,37.72,20.21,18.06
2024-08-24,4.92,27.13,15.7,12.0
2024-08-25,0.54,21.58,12.73,2.73
2024-08-26,0.0,24.88,8.1,20.8
2024-08-27,0.04,29.02,9.45,22.07
2024-08-28,0.0,32.11,12.52,21.56
2024-08-29,0.6,35.11,13.98,21.78
2024-08-30,0.29,35.39,17.2,22.33
2024-08-31,0.01,36.97,16.83,22.29
2024-09-01,0.01,37.67,18.95,22.32
2024-09-02,0.6,36.43,16.93,21.61
2024-09-03,0.0,38.38,18.29,22.67
2024-09-04,0.0,39.14,18.68,21.87
2024-09-05,0.42,34.9,20.18,16.48
2024-09-06,0.12,35.71,18.54,15.54
2024-09-07,0.8,38.1,19.46,18.69
2024-09-08,0.25,38.35,20.74,18.05
2024-09-09,0.0,37.34,20.67,18.43
2024-09-10,0.0,37.15,21.25,22.09
2024-09-11,0.01,38.18,18.5,23.44
2024-09-12,0.0,38.57,20.81,23.51
2024-09-13,0.0,38.7,20.7,22.84
2024-09-14,0.0,38.46,21.54,10.23
2024-09-15,0.5,36.33,22.2,13.81
2024-09-16,4.63,29.94,19.53,5.88
2024-09-17,0.13,32.62,16.96,21.66
2024-09-18,0.03,34.96,17.14,21.27
2024-09-19,0.01,40.13,20.7,21.22
2024-09-20,3.86,40.26,22.25,21.14
2024-09-21,2.42,33.66,22.25,10.69
2024-09-22,0.04,36.4,23.89,13.76
2024-09-23,0.0,39.71,23.9,16.7
2024-09-24,0.0,41.01,23.22,21.69
2024-09-25,0.0,42.02,22.99,23.35
2024-09-26,0.51,40.73,25.36,19.95
2024-09-27,8.61,31.42,22.32,7.84
2024-09-28,0.0,34.92,18.31,17.91
2024-09-29,0.0,37.07,19.76,23.6
2024-09-30,0.0,39.82,21.28,24.69
2024-10-01,0.01,39.5,24.59,23.19
2024-10-02,0.03,41.24,26.45,18.97
2024-10-03,0.05,39.79,24.97,14.55
2024-10-04,0.0,35.7,24.39,16.97
2024-10-05,0.0,37.66,20.44,24.73
2024-10-06,0.0,39.8,19.6,26.98
2024-10-07,0.0,41.37,21.14,24.9
2024-10-08,0.0,41.61,22.31,22.27
2024-10-09,6.03,41.79,25.54,8.52
2024-10-10,5.11,33.22,23.25,3.78
2024-10-11,5.13,37.17,23.5,11.74
2024-10-12,0.27,34.75,19.86,21.79
2024-10-13,0.34,36.76,21.15,26.01
2024-10-14,3.36,38.86,21.36,23.61
2024-10-15,7.08,33.1,23.63,23.19
2024-10-16,1.36,36.49,23.09,24.47
2024-10-17,0.0,38.54,24.17,23.74
2024-10-18,0.26,36.14,25.12,10.75
2024-10-19,21.87,32.04,22.35,12.77
2024-10-20,16.03,27.47,20.33,6.23
2024-10-21,0.39,30.11,21.96,13.52
2024-10-22,1.69,30.7,22.74,14.5
2024-10-23,1.95,34.67,22.04,17.85
2024-10-24,0.69,36.08,23.55,20.46
2024-10-25,8.47,34.99,25.16,18.59
2024-10-26,9.29,30.79,24.81,8.32
2024-10-27,0.0,34.85,22.63,14.76
2024-10-28,0.15,32.43,23.46,14.22
2024-10-29,0.01,35.96,23.76,25.7
2024-10-30,0.0,36.8,22.1,28.17
2024-10-31,0.0,36.52,22.52,24.87
2024-11-01,8.29,31.77,24.11,18.44
2024-11-02,11.81,28.82,22.5,10.08
2024-11-03,3.66,29.0,22.91,9.05
2024-11-04,25.96,31.79,22.41,16.25
2024-11-05,14.87,32.07,22.97,19.58
2024-11-06,15.8,31.81,23.08,18.39
2024-11-07,10.8,30.32,23.38,10.18
2024-11-08,5.35,30.89,22.73,14.22
2024-11-09,0.07,33.34,22.44,25.36
2024-11-10,0.0,32.97,21.05,27.99
2024-11-11,0.0,35.77,20.33,28.19
2024-11-12,0.06,34.69,23.49,19.3
2024-11-13,0.02,32.1,20.3,21.7
2024-11-14,0.0,33.88,20.05,25.36
2024-11-15,2.76,34.63,21.66,24.14
2024-11-16,6.39,33.69,23.43,22.32
2024-11-17,0.04,34.95,23.4,23.11
2024-11-18,0.0,35.83,23.87,27.07
2024-11-19,0.08,36.18,23.18,23.62
2024-11-20,0.56,36.58,25.0,16.45
2024-11-21,26.02,29.64,25.21,14.95
2024-11-22,1.02,31.74,22.36,17.29
2024-11-23,0.0,34.73,23.15,25.14
2024-11-24,0.0,34.84,21.65,30.14
2024-11-25,0.0,35.61,21.41,28.21
2024-11-26,0.08,37.2,23.57,29.27
2024-11-27,1.32,37.5,23.45,24.22
2024-11-28,18.06,33.91,25.79,23.56
2024-11-29,18.31,33.37,24.27,11.49
2024-11-30,4.54,35.63,24.21,25.22
2024-12-01,0.18,32.95,24.52,21.01
2024-12-02,25.67,29.06,24.58,14.1
2024-12-03,18.65,29.95,23.73,17.21
2024-12-04,9.52,32.46,22.7,15.53
2024-12-05,3.19,33.31,22.89,18.75
2024-12-06,2.18,32.4,23.66,22.81
2024-12-07,1.2,35.45,23.75,27.71
2024-12-08,14.33,31.69,24.53,16.42
2024-12-09,3.84,35.83,23.49,19.68
2024-12-10,1.32,33.23,24.77,21.05
2024-12-11,0.88,32.49,24.09,25.16
2024-12-12,0.14,34.02,22.08,25.24
2024-12-13,15.53,32.35,22.1,19.9
2024-12-14,16.35,29.18,23.46,11.73
2024-12-15,2.13,32.97,22.15,22.14
2024-12-16,0.01,32.97,20.35,27.17
2024-12-17,0.04,34.48,18.65,28.37
2024-12-18,0.03,35.81,20.62,29.03
2024-12-19,0.81,33.95,24.84,12.32
2024-12-20,11.68,32.89,23.66,18.75
2024-12-21,12.19,31.23,23.85,19.87
2024-12-22,3.11,32.03,23.69,19.6
2024-12-23,0.13,34.31,23.13,28.78
2024-12-24,0.47,33.5,22.61,24.91
2024-12-25,13.37,29.87,23.08,13.67
2024-12-26,3.04,28.73,22.45,16.37
2024-12-27,3.89,33.78,22.72,19.16
2024-12-28,0.34,34.73,22.48,25.57
2024-12-29,0.0,35.64,20.54,30.16
2024-12-30,0.21,34.58,21.68,27.27
2024-12-31,0.14,35.01,23.38,29.03
2025-01-01,3.86,35.79,23.77,21.11
2025-01-02,2.81,37.27,23.38,21.29
2025-01-03,1.49,35.38,23.82,20.13
2025-01-04,0.7,34.66,24.03,22.99
2025-01-05,0.01,37.68,22.66,28.35
2025-01-06,0.03,38.77,23.41,25.6
2025-01-07,0.02,38.93,23.9,27.16
2025-01-08,0.07,39.22,24.31,25.66
2025-01-09,1.49,37.8,24.85,28.41
2025-01-10,0.03,38.25,23.75,28.74
2025-01-11,4.44,39.76,23.97,26.03
2025-01-12,2.49,37.7,24.98,22.71
2025-01-13,0.12,36.67,24.5,23.65
2025-01-14,0.0,36.71,22.3,29.4
2025-01-15,0.0,37.92,21.78,25.28
2025-01-16,4.33,37.37,23.11,13.77
2025-01-17,6.76,31.59,24.65,17.93
2025-01-18,0.56,32.81,23.97,21.1
2025-01-19,2.27,34.62,23.69,25.66
2025-01-20,5.24,34.93,24.49,24.61
2025-01-21,0.34,36.52,23.61,27.29
2025-01-22,0.08,37.63,24.18,27.42
2025-01-23,0.37,38.87,25.4,20.72
2025-01-24,0.39,39.16,24.77,27.43
2025-01-25,0.66,39.95,25.5,24.58
2025-01-26,3.22,38.64,24.98,23.02
2025-01-27,33.18,29.69,23.96,18.65
2025-01-28,2.77,33.71,23.51,22.95
2025-01-29,0.54,33.93,24.48,25.39
2025-01-30,1.56,33.58,24.43,24.29
2025-01-31,14.15,30.49,23.66,12.68
2025-02-01,6.9,29.58,22.68,24.78
2025-02-02,4.4,28.81,22.71,20.52
2025-02-03,18.55,30.54,23.07,10.52
2025-02-04,15.7,29.11,22.44,16.52
2025-02-05,3.26,29.74,23.13,8.28
2025-02-06,3.53,28.76,22.39,17.47
2025-02-07,5.83,31.12,21.35,26.34
2025-02-08,0.55,31.68,21.35,26.38
2025-02-09,0.06,32.85,21.87,28.23
2025-02-10,2.94,32.85,21.8,23.44
2025-02-11,1.82,33.68,20.94,24.64
2025-02-12,0.27,31.58,22.17,21.73
2025-02-13,4.62,32.04,22.25,20.83
2025-02-14,0.35,34.17,21.69,22.38
2025-02-15,0.25,35.97,23.05,25.05
2025-02-16,0.08,36.86,24.59,26.68
2025-02-17,0.26,37.24,24.89,26.0
2025-02-18,0.65,37.54,24.27,23.82
2025-02-19,1.26,36.95,24.11,20.23
2025-02-20,0.05,38.38,25.45,26.47
2025-02-21,0.01,39.28,24.98,24.78
2025-02-22,0.21,38.05,25.82,25.19
2025-02-23,1.71,34.45,25.91,20.94
2025-02-24,0.66,36.24,24.82,18.42
2025-02-25,1.4,33.12,24.38,19.26
2025-02-26,0.86,35.17,23.63,20.7
2025-02-27,0.16,37.41,23.68,22.78
2025-02-28,0.05,38.5,24.1,25.51
2025-03-01,0.0,38.68,25.02,26.98
2025-03-02,0.0,37.21,23.13,21.24
2025-03-03,0.0,36.22,23.67,21.57
2025-03-04,0.37,38.34,24.47,23.67
2025-03-05,0.41,36.76,24.8,24.8
2025-03-06,0.54,36.02,25.39,25.64
2025-03-07,0.0,37.71,22.66,25.47
2025-03-08,0.0,37.47,23.63,24.94
2025-03-09,0.0,37.72,25.45,25.8
2025-03-10,0.4,38.42,23.99,23.49
2025-03-11,6.09,32.74,24.8,15.81
2025-03-12,0.05,37.46,23.64,22.61
2025-03-13,0.3,35.26,24.46,16.54
2025-03-14,0.0,37.85,23.73,23.22
2025-03-15,0.01,38.86,24.21,23.4
2025-03-16,0.6,38.57,24.33,23.26
2025-03-17,13.82,36.16,24.43,19.2
2025-03-18,5.91,35.82,23.96,19.68
2025-03-19,2.87,34.92,22.87,17.29
2025-03-20,0.07,34.76,22.68,24.23
2025-03-21,0.0,35.35,19.98,25.6
2025-03-22,0.01,36.33,20.39,21.27
2025-03-23,1.05,35.81,23.92,20.26
2025-03-24,1.06,36.24,23.94,20.81
2025-03-25,1.13,35.42,23.96,22.73
2025-03-26,2.75,35.75,24.14,20.76
2025-03-27,0.01,37.39,23.62,22.08
2025-03-28,0.0,38.57,24.28,22.07
2025-03-29,0.93,37.93,26.05,19.27
2025-03-30,3.91,37.43,23.96,20.05
2025-03-31,15.26,30.91,24.74,9.99
