data,PRECTOTCORR,T2M_MAX,T2M_MIN,ALLSKY_SFC_SW_DWN
2013-10-01,12.16,29.79,21.15,11.61
2013-10-02,10.92,28.94,20.89,4.64
2013-10-03,34.07,28.83,21.07,22.19
2013-10-04,2.21,27.61,18.72,6.5
2013-10-05,0.0,27.08,15.59,27.01
2013-10-06,0.0,27.87,13.3,26.07
2013-10-07,0.01,27.45,14.21,24.03
2013-10-08,0.6,27.37,13.53,22.65
2013-10-09,0.0,29.84,14.88,26.94
2013-10-10,0.0,30.99,16.17,25.16
2013-10-11,0.01,31.22,17.65,19.8
2013-10-12,0.19,30.8,19.23,13.68
2013-10-13,0.0,33.96,19.01,21.13
2013-10-14,0.92,32.35,22.09,21.24
2013-10-15,3.86,28.03,21.92,6.85
2013-10-16,12.89,24.58,19.96,12.36
2013-10-17,0.6,30.36,19.33,19.33
2013-10-18,0.04,31.46,20.16,25.23
2013-10-19,0.0,31.81,16.63,29.31
2013-10-20,0.0,34.96,17.14,29.15
2013-10-21,4.37,35.36,23.08,25.39
2013-10-22,0.01,30.91,22.62,22.11
2013-10-23,0.0,31.86,23.28,21.63
2013-10-24,1.77,34.56,22.3,21.68
2013-10-25,1.21,30.64,22.98,23.44
2013-10-26,0.01,35.87,20.54,22.57
2013-10-27,0.08,34.84,23.33,22.51
2013-10-28,0.0,33.97,20.03,28.75
2013-10-29,0.0,34.06,16.55,28.85
2013-10-30,0.0,34.21,18.8,27.15
2013-10-31,0.02,35.55,21.19,26.93
2013-11-01,0.06,33.76,21.1,24.05
2013-11-02,1.53,35.62,21.1,23.62
2013-11-03,2.56,31.47,23.5,17.73
2013-11-04,3.47,30.0,22.7,15.04
2013-11-05,0.01,31.89,20.64,20.43
2013-11-06,0.04,31.62,18.65,17.99
2013-11-07,0.02,31.96,17.77,22.93
2013-11-08,0.02,34.29,18.96,27.68
2013-11-09,0.0,37.05,22.02,27.75
2013-11-10,0.1,37.58,24.59,25.15
2013-11-11,22.13,35.53,25.05,18.35
2013-11-12,1.1,31.61,23.36,18.65
2013-11-13,0.0,35.16,19.18,30.27
2013-11-14,0.0,35.87,18.75,29.8
2013-11-15,0.01,36.71,20.78,29.13
2013-11-16,1.76,33.26,23.05,14.21
2013-11-17,1.24,33.84,21.0,22.0
2013-11-18,0.05,34.15,21.68,21.33
2013-11-19,0.86,33.91,24.26,22.58
2013-11-20,2.81,33.16,23.17,17.77
2013-11-21,4.06,30.87,23.54,13.06
2013-11-22,13.96,30.72,21.73,16.76
2013-11-23,0.07,31.22,19.72,17.28
2013-11-24,1.46,29.01,20.42,20.7
2013-11-25,5.49,29.98,21.1,21.92
2013-11-26,0.17,33.52,19.44,25.51
2013-11-27,0.0,34.03,21.23,27.91
2013-11-28,0.0,37.45,21.57,29.46
2013-11-29,4.01,37.31,25.28,23.74
2013-11-30,4.48,33.66,23.76,24.99
2013-12-01,8.93,30.36,23.65,25.08
2013-12-02,0.72,31.9,23.29,19.95
2013-12-03,1.93,34.73,23.66,28.33
2013-12-04,2.64,36.73,22.86,28.32
2013-12-05,2.25,37.26,24.61,28.2
2013-12-06,3.39,35.03,24.32,24.19
2013-12-07,2.71,30.4,24.35,19.1
2013-12-08,3.19,33.87,23.68,24.69
2013-12-09,1.83,33.1,24.81,24.01
2013-12-10,32.08,28.41,23.62,12.84
2013-12-11,5.1,31.74,21.64,21.93
2013-12-12,0.02,32.45,20.85,28.63
2013-12-13,0.0,33.29,20.06,27.91
2013-12-14,14.66,31.16,22.76,18.17
2013-12-15,0.24,34.14,21.0,25.84
2013-12-16,0.37,34.85,22.01,26.37
2013-12-17,0.0,34.18,21.63,29.08
2013-12-18,0.0,35.04,20.4,30.16
2013-12-19,0.0,35.84,20.85,29.71
2013-12-20,0.24,36.67,22.66,26.09
2013-12-21,0.04,35.98,23.18,27.92
2013-12-22,0.54,36.01,22.4,28.42
2013-12-23,5.65,27.4,22.73,20.7
2013-12-24,0.51,29.09,21.82,19.44
2013-12-25,0.14,32.2,22.08,24.31
2013-12-26,0.01,38.0,22.51,27.32
2013-12-27,1.39,36.67,25.24,23.76
2013-12-28,17.28,32.69,25.08,17.28
2013-12-29,11.86,29.49,24.15,19.53
2013-12-30,2.86,29.63,23.5,15.99
2013-12-31,25.39,29.85,23.56,18.71
2014-01-01,9.67,30.68,23.21,19.87
2014-01-02,1.7,30.82,23.46,25.44
2014-01-03,16.88,31.97,24.39,26.18
2014-01-04,20.69,32.62,23.37,23.55
2014-01-05,2.36,31.83,22.74,26.62
2014-01-06,2.27,31.29,22.63,23.56
2014-01-07,0.85,31.11,21.76,24.08
2014-01-08,9.55,30.07,23.81,24.99
2014-01-09,0.03,29.46,22.27,20.33
2014-01-10,0.11,31.49,21.51,28.76
2014-01-11,0.11,32.2,22.5,25.4
2014-01-12,25.84,30.42,22.71,18.33
2014-01-13,10.69,29.13,21.25,11.45
2014-01-14,0.82,30.23,19.78,19.52
2014-01-15,0.83,30.19,21.0,23.89
2014-01-16,3.62,30.09,20.46,17.76
2014-01-17,0.35,30.75,20.91,20.93
2014-01-18,2.84,30.5,22.73,25.44
2014-01-19,0.27,32.34,22.03,29.3
2014-01-20,0.0,34.37,19.87,29.46
2014-01-21,0.06,33.68,22.67,27.24
2014-01-22,5.19,32.14,23.29,23.93
2014-01-23,0.33,32.39,22.55,24.62
2014-01-24,18.68,32.27,23.37,26.45
2014-01-25,0.85,30.29,23.12,24.83
2014-01-26,14.78,31.32,21.55,17.81
2014-01-27,3.68,32.2,22.45,25.94
2014-01-28,0.16,32.35,21.37,28.8
2014-01-29,0.0,34.01,20.88,29.21
2014-01-30,0.0,33.44,21.66,28.28
2014-01-31,0.01,34.25,22.57,26.78
2014-02-01,0.0,34.83,24.69,29.18
2014-02-02,0.0,36.12,21.88,28.83
2014-02-03,0.0,34.41,21.41,25.93
2014-02-04,0.0,37.98,23.98,27.62
2014-02-05,0.0,37.85,23.16,26.67
2014-02-06,0.04,37.91,25.89,26.15
2014-02-07,0.0,38.64,24.13,29.56
2014-02-08,0.32,37.46,22.42,27.16
2014-02-09,0.07,36.49,23.89,23.28
2014-02-10,0.0,39.93,22.91,26.93
2014-02-11,0.09,36.48,26.15,24.55
2014-02-12,0.3,32.9,23.84,21.28
2014-02-13,8.21,31.23,22.69,18.32
2014-02-14,19.83,31.27,21.48,21.18
2014-02-15,25.21,29.23,21.13,11.8
2014-02-16,8.43,29.95,20.51,17.02
2014-02-17,1.13,30.81,19.91,19.49
2014-02-18,0.39,31.62,20.97,21.48
2014-02-19,0.54,31.64,20.96,23.23
2014-02-20,2.37,31.57,20.56,23.77
2014-02-21,8.8,28.76,22.66,7.46
2014-02-22,12.03,28.2,21.71,17.13
2014-02-23,15.14,28.72,21.87,15.93
2014-02-24,3.29,29.8,21.79,13.78
2014-02-25,0.65,30.15,21.21,17.91
2014-02-26,0.2,32.4,21.38,23.73
2014-02-27,8.23,31.63,22.04,18.2
2014-02-28,9.96,30.71,22.42,20.85
2014-03-01,1.7,31.46,22.21,23.69
2014-03-02,2.15,31.62,20.44,24.31
2014-03-03,10.42,30.2,22.24,18.14
2014-03-04,13.52,29.15,22.36,23.02
2014-03-05,7.91,29.46,22.21,17.61
2014-03-06,2.16,31.29,22.71,23.71
2014-03-07,11.0,30.51,23.15,17.98
2014-03-08,0.33,30.08,21.03,22.91
2014-03-09,0.01,31.24,20.64,25.98
2014-03-10,1.17,30.27,22.06,19.88
2014-03-11,11.5,28.05,22.74,19.47
2014-03-12,5.99,27.72,21.65,13.14
2014-03-13,1.13,30.13,20.32,21.47
2014-03-14,0.01,31.27,20.58,23.89
2014-03-15,0.22,32.67,22.12,24.14
2014-03-16,0.02,32.6,22.07,21.81
2014-03-17,0.75,32.93,22.23,24.21
2014-03-18,0.13,33.31,23.26,24.69
2014-03-19,1.89,32.11,22.07,23.85
2014-03-20,4.7,29.19,22.97,14.66
2014-03-21,8.39,27.52,22.96,15.97
2014-03-22,2.95,29.28,22.39,16.29
2014-03-23,0.0,31.15,20.1,22.98
2014-03-24,0.0,31.11,18.01,23.78
2014-03-25,0.0,31.29,19.16,22.94
2014-03-26,0.54,32.11,19.4,23.24
2014-03-27,0.05,31.89,19.94,20.66
2014-03-28,0.02,31.6,21.12,21.14
2014-03-29,4.32,30.59,21.93,16.73
2014-03-30,7.56,26.8,22.18,10.8
2014-03-31,4.37,27.27,21.82,15.44
2014-04-01,0.38,32.08,21.35,19.96
2014-04-02,0.0,32.65,20.99,21.85
2014-04-03,0.0,32.68,20.62,22.1
2014-04-04,0.0,33.04,20.92,22.5
2014-04-05,0.0,33.39,20.97,22.17
2014-04-06,0.0,34.7,21.46,20.9
2014-04-07,0.01,35.18,22.8,20.91
2014-04-08,2.4,35.12,23.55,19.38
2014-04-09,18.22,31.35,24.3,13.07
2014-04-10,0.02,27.71,22.68,15.21
2014-04-11,3.77,30.16,22.06,17.27
2014-04-12,11.53,28.97,23.12,17.59
2014-04-13,1.83,30.05,22.54,12.39
2014-04-14,3.43,29.7,19.39,10.41
2014-04-15,7.44,26.51,18.04,7.84
2014-04-16,0.03,29.84,18.47,13.42
2014-04-17,0.03,31.44,19.4,20.16
2014-04-18,0.44,31.57,20.25,18.79
2014-04-19,6.61,31.68,20.48,16.56
2014-04-20,0.0,30.37,20.91,17.5
2014-04-21,1.67,29.66,22.09,15.67
2014-04-22,3.34,28.64,20.96,9.43
2014-04-23,0.16,27.82,20.83,11.42
2014-04-24,0.01,29.23,19.97,16.17
2014-04-25,0.01,28.8,17.37,19.04
2014-04-26,0.0,29.38,16.74,20.17
2014-04-27,0.0,28.38,15.13,20.94
2014-04-28,0.0,29.16,13.78,20.59
2014-04-29,0.0,30.44,14.95,19.58
2014-04-30,0.0,29.37,17.64,18.1
2014-05-01,5.29,24.24,16.74,4.22
2014-05-02,0.0,28.1,16.16,14.54
2014-05-03,0.0,29.0,18.1,13.42
2014-05-04,0.01,31.85,15.92,18.95
2014-05-05,0.0,32.38,18.18,14.83
2014-05-06,0.01,29.26,19.8,11.62
2014-05-07,0.0,32.71,18.35,15.58
2014-05-08,0.01,32.26,19.81,17.52
2014-05-09,0.0,31.0,18.38,18.04
2014-05-10,0.01,28.83,14.1,19.0
2014-05-11,0.0,28.91,14.22,18.29
2014-05-12,0.0,30.41,14.19,18.0
2014-05-13,0.0,31.56,16.91,13.2
2014-05-14,0.01,30.8,18.64,16.33
2014-05-15,0.0,30.02,16.74,16.67
2014-05-16,0.0,31.42,16.97,12.15
2014-05-17,2.32,31.33,18.33,15.68
2014-05-18,0.3,30.93,17.94,16.55
2014-05-19,0.0,31.43,16.62,17.1
2014-05-20,0.01,31.73,16.5,15.61
2014-05-21,0.07,32.81,17.3,16.91
2014-05-22,21.17,29.31,21.34,9.56
2014-05-23,14.55,26.22,17.11,4.71
2014-05-24,0.14,24.97,15.69,6.58
2014-05-25,4.24,24.24,17.54,10.58
2014-05-26,0.41,20.66,11.54,9.45
2014-05-27,0.0,21.16,9.0,7.07
2014-05-28,0.0,23.31,10.08,10.46
2014-05-29,0.04,25.01,11.05,17.16
2014-05-30,0.0,26.65,12.44,17.26
2014-05-31,0.0,28.84,12.4,15.71
2014-06-01,1.65,22.94,17.57,3.95
2014-06-02,0.05,23.69,10.9,17.63
2014-06-03,0.0,23.69,7.36,17.42
2014-06-04,0.01,26.67,9.16,12.68
2014-06-05,0.44,31.03,16.31,11.13
2014-06-06,0.0,31.08,18.78,8.44
2014-06-07,0.0,32.56,21.56,14.76
2014-06-08,0.34,32.74,18.87,14.69
2014-06-09,3.19,27.22,19.58,11.18
2014-06-10,0.0,29.5,18.3,14.38
2014-06-11,0.0,30.01,16.65,15.66
2014-06-12,0.0,30.46,17.64,15.22
2014-06-13,0.0,30.6,17.21,14.59
2014-06-14,0.02,30.88,16.84,12.08
2014-06-15,0.01,31.04,17.74,14.96
2014-06-16,0.01,31.04,17.4,15.32
2014-06-17,0.04,30.93,16.51,15.77
2014-06-18,0.29,30.73,16.91,14.74
2014-06-19,5.73,26.68,15.99,15.23
2014-06-20,0.0,25.98,13.13,15.37
2014-06-21,0.01,27.28,11.83,14.23
2014-06-22,0.01,28.35,12.47,15.65
2014-06-23,0.01,30.71,16.45,15.34
2014-06-24,0.0,30.76,16.12,15.6
2014-06-25,0.01,30.74,15.76,14.87
2014-06-26,0.0,30.91,16.6,14.78
2014-06-27,0.0,32.08,17.14,15.64
2014-06-28,0.3,28.44,18.23,9.12
2014-06-29,0.06,22.41,12.91,8.57
2014-06-30,0.0,23.53,9.27,16.66
2014-07-01,0.0,28.06,9.67,16.21
2014-07-02,0.0,31.45,14.63,15.06
2014-07-03,0.01,32.74,16.87,15.66
2014-07-04,0.0,33.05,17.13,15.41
2014-07-05,0.0,31.46,17.03,14.83
2014-07-06,0.01,31.13,14.88,14.38
2014-07-07,0.9,22.81,17.52,5.63
2014-07-08,2.32,28.21,16.44,6.73
2014-07-09,4.24,26.56,17.39,8.98
2014-07-10,0.36,26.96,16.27,6.0
2014-07-11,0.01,27.13,14.0,16.7
2014-07-12,0.03,27.99,13.32,16.35
2014-07-13,0.0,29.0,13.68,16.26
2014-07-14,0.01,29.74,13.74,15.02
2014-07-15,0.0,30.31,14.48,16.73
2014-07-16,0.0,31.28,16.32,15.86
2014-07-17,0.09,31.61,19.45,16.42
2014-07-18,6.97,23.56,14.9,8.05
2014-07-19,0.0,24.86,11.05,18.52
2014-07-20,0.04,26.43,7.96,18.55
2014-07-21,0.01,29.0,9.46,18.39
2014-07-22,0.0,32.25,12.09,17.22
2014-07-23,1.48,33.07,19.11,11.42
2014-07-24,32.2,21.25,13.0,2.34
2014-07-25,0.37,20.38,10.55,12.02
2014-07-26,8.92,21.23,12.01,8.43
2014-07-27,4.07,21.99,13.18,7.09
2014-07-28,0.35,24.01,14.35,7.81
2014-07-29,0.0,26.95,13.5,17.36
2014-07-30,0.0,28.19,14.23,17.78
2014-07-31,0.0,29.13,14.45,17.71
2014-08-01,0.0,30.25,15.03,18.66
2014-08-02,0.0,30.49,14.67,18.54
2014-08-03,0.0,31.35,14.94,19.14
2014-08-04,0.0,32.29,15.49,18.06
2014-08-05,0.01,30.22,17.26,17.95
2014-08-06,0.0,30.42,12.87,18.84
2014-08-07,0.0,31.28,15.81,18.6
2014-08-08,0.0,31.47,15.48,19.11
2014-08-09,0.0,30.27,15.52,18.4
2014-08-10,0.0,28.84,14.0,18.45
2014-08-11,0.0,32.68,14.97,18.7
2014-08-12,0.11,34.23,18.6,19.12
2014-08-13,2.96,27.32,17.0,5.81
2014-08-14,0.0,25.84,12.28,18.73
2014-08-15,0.0,32.11,13.66,16.97
2014-08-16,0.0,32.41,17.95,17.83
2014-08-17,0.0,31.4,18.74,17.13
2014-08-18,0.0,31.41,17.88,18.82
2014-08-19,0.0,32.19,17.57,20.37
2014-08-20,0.0,31.9,14.13,21.68
2014-08-21,0.0,33.99,15.02,21.03
2014-08-22,0.0,34.58,16.89,21.05
2014-08-23,0.0,35.01,17.17,21.29
2014-08-24,0.0,34.74,16.57,21.5
2014-08-25,0.06,35.87,17.13,20.65
2014-08-26,0.1,28.11,17.71,14.12
2014-08-27,0.03,26.79,14.79,14.98
2014-08-28,0.0,32.19,15.02,17.66
2014-08-29,0.0,33.81,17.73,19.85
2014-08-30,0.0,35.77,17.92,20.88
2014-08-31,0.09,37.46,19.86,20.47
2014-09-01,0.14,36.07,20.12,18.97
2014-09-02,4.69,36.85,23.1,18.89
2014-09-03,0.04,35.32,22.33,19.18
2014-09-04,0.0,32.85,19.94,21.95
2014-09-05,0.0,32.31,16.13,23.06
2014-09-06,0.01,34.42,16.72,22.5
2014-09-07,4.8,32.14,19.93,4.69
2014-09-08,0.0,34.23,18.82,21.53
2014-09-09,0.0,35.76,18.64,23.77
2014-09-10,0.0,36.87,18.43,24.11
2014-09-11,0.0,38.08,20.46,23.38
2014-09-12,0.0,37.58,20.71,23.95
2014-09-13,0.0,36.7,18.63,24.03
2014-09-14,0.0,38.4,18.43,23.48
2014-09-15,0.17,36.23,21.23,9.53
2014-09-16,0.0,33.27,18.61,24.12
2014-09-17,0.0,37.39,19.07,23.9
2014-09-18,0.03,39.17,21.82,15.05
2014-09-19,9.41,37.68,24.28,12.59
2014-09-20,12.83,31.98,21.02,4.08
2014-09-21,0.41,31.38,18.35,25.57
2014-09-22,0.01,31.75,15.74,25.11
2014-09-23,0.0,35.94,15.45,25.0
2014-09-24,30.02,34.0,23.23,11.22
2014-09-25,1.57,31.22,22.2,16.47
2014-09-26,19.94,29.75,22.58,13.47
2014-09-27,9.85,30.28,21.91,2.24
2014-09-28,0.01,29.69,20.73,17.97
2014-09-29,23.77,31.82,21.68,20.11
2014-09-30,0.09,29.33,21.31,19.81
2014-10-01,8.3,33.61,22.61,15.24
2014-10-02,0.01,30.53,18.48,23.98
2014-10-03,0.0,28.59,14.82,26.57
2014-10-04,0.0,28.73,12.71,26.53
2014-10-05,0.0,30.21,13.28,23.82
2014-10-06,0.0,31.23,14.33,25.83
2014-10-07,0.0,31.89,15.27,23.6
2014-10-08,0.0,33.98,16.77,27.54
2014-10-09,0.0,35.59,17.09,26.49
2014-10-10,0.0,37.52,19.47,26.98
2014-10-11,0.0,38.43,21.16,26.78
2014-10-12,0.0,39.19,21.14,27.2
2014-10-13,0.0,40.09,21.68,27.14
2014-10-14,0.0,41.11,24.96,26.01
2014-10-15,0.0,41.11,25.26,25.31
2014-10-16,0.0,41.48,23.5,24.69
2014-10-17,0.23,41.16,24.07,23.87
2014-10-18,0.0,41.34,24.64,21.71
2014-10-19,1.06,37.38,24.08,19.2
2014-10-20,4.33,36.45,22.17,9.13
2014-10-21,0.0,34.2,22.84,25.94
2014-10-22,0.0,36.14,18.8,28.16
2014-10-23,12.0,35.2,20.33,26.5
2014-10-24,4.13,32.41,22.4,15.5
2014-10-25,15.32,25.27,21.09,9.33
2014-10-26,0.28,31.16,19.84,17.25
2014-10-27,0.01,32.9,20.87,25.9
2014-10-28,0.0,34.9,20.43,27.81
2014-10-29,0.0,35.5,18.43,29.55
2014-10-30,32.65,33.93,22.23,25.18
2014-10-31,4.38,29.95,22.83,17.73
2014-11-01,5.39,30.99,21.63,18.91
2014-11-02,17.17,29.91,22.63,17.92
2014-11-03,3.91,28.0,22.93,14.82
2014-11-04,37.72,27.77,22.41,15.29
2014-11-05,2.76,31.32,22.39,25.29
2014-11-06,0.08,32.32,20.37,28.0
2014-11-07,14.18,30.86,23.18,24.08
2014-11-08,0.22,30.44,22.95,11.6
2014-11-09,0.02,31.33,21.75,23.82
2014-11-10,0.0,32.47,20.17,30.01
2014-11-11,0.8,32.88,17.07,27.91
2014-11-12,19.02,29.15,20.52,17.41
2014-11-13,0.06,32.2,20.1,25.23
2014-11-14,0.05,31.67,20.25,24.57
2014-11-15,0.0,30.58,18.04,30.08
2014-11-16,0.0,30.71,16.58,31.17
2014-11-17,0.0,32.1,16.61,29.29
2014-11-18,0.0,33.93,16.25,29.64
2014-11-19,10.47,33.81,21.58,24.25
2014-11-20,8.89,30.64,22.48,18.89
2014-11-21,5.63,32.53,21.24,20.69
2014-11-22,18.34,27.55,21.92,6.33
2014-11-23,6.59,30.18,21.05,15.46
2014-11-24,4.16,29.84,22.0,16.26
2014-11-25,30.67,26.44,22.37,13.52
2014-11-26,1.58,29.61,21.16,19.64
2014-11-27,4.66,28.76,22.69,20.61
2014-11-28,3.29,29.63,21.53,17.08
2014-11-29,0.34,29.27,21.04,23.4
2014-11-30,6.45,31.05,22.53,17.29
2014-12-01,1.14,31.2,22.7,21.05
2014-12-02,1.35,27.92,21.84,23.25
2014-12-03,1.14,31.57,21.78,18.66
2014-12-04,25.52,31.17,22.44,23.63
2014-12-05,0.13,30.16,19.89,25.95
2014-12-06,0.45,30.55,18.72,27.62
2014-12-07,0.28,30.47,22.1,26.31
2014-12-08,4.71,26.83,21.54,18.48
2014-12-09,9.09,28.54,20.84,19.24
2014-12-10,7.57,27.6,21.37,21.94
2014-12-11,5.52,30.08,21.26,23.79
2014-12-12,10.84,29.4,21.09,15.92
2014-12-13,8.54,29.58,22.42,17.69
2014-12-14,3.46,31.6,22.07,24.86
2014-12-15,0.04,31.22,20.05,29.81
2014-12-16,0.0,30.54,18.37,28.66
2014-12-17,0.01,33.15,19.81,27.31
2014-12-18,0.94,32.82,21.59,15.36
2014-12-19,0.27,31.04,22.99,26.01
2014-12-20,1.61,32.77,23.38,24.32
2014-12-21,2.47,28.24,23.92,14.4
2014-12-22,17.11,26.37,23.21,15.07
2014-12-23,8.22,26.77,22.04,15.87
2014-12-24,9.58,29.9,19.14,13.83
2014-12-25,1.31,30.56,21.69,23.82
2014-12-26,0.01,32.06,22.74,28.8
2014-12-27,0.0,33.21,24.24,26.94
2014-12-28,0.01,33.93,24.31,28.35
2014-12-29,5.01,33.18,23.05,25.06
2014-12-30,6.48,31.97,23.11,26.63
2014-12-31,5.27,30.45,23.86,24.71
2015-01-01,0.9,32.45,22.7,26.8
2015-01-02,0.26,30.52,24.23,26.4
2015-01-03,2.44,31.98,24.09,23.7
2015-01-04,5.82,32.14,22.95,20.62
2015-01-05,8.81,29.7,21.9,23.8
2015-01-06,4.8,30.48,22.06,21.71
2015-01-07,1.41,32.06,22.63,25.18
2015-01-08,2.18,31.4,21.7,20.91
2015-01-09,0.47,32.86,22.72,22.94
2015-01-10,1.57,34.78,24.15,29.62
2015-01-11,1.21,34.97,24.5,28.59
2015-01-12,0.38,34.94,23.83,27.42
2015-01-13,0.04,33.64,24.04,28.06
2015-01-14,0.31,29.67,24.13,22.32
2015-01-15,2.46,34.65,22.46,29.15
2015-01-16,0.32,32.78,23.71,26.29
2015-01-17,0.05,36.85,23.79,28.5
2015-01-18,0.01,37.48,23.78,29.19
2015-01-19,0.4,38.05,23.57,28.84
2015-01-20,0.47,39.52,23.9,21.87
2015-01-21,0.41,33.17,24.51,28.88
2015-01-22,10.95,34.4,23.92,27.05
2015-01-23,4.66,32.33,20.65,25.05
2015-01-24,2.95,32.88,22.88,27.88
2015-01-25,0.81,30.28,22.49,23.57
2015-01-26,15.46,31.09,22.05,23.87
2015-01-27,10.41,29.46,22.0,14.64
2015-01-28,14.14,27.06,22.79,21.86
2015-01-29,17.06,30.13,21.75,17.76
2015-01-30,5.35,29.1,22.16,22.42
2015-01-31,0.16,32.04,22.15,23.99
2015-02-01,0.3,33.22,21.92,27.43
2015-02-02,0.33,33.24,22.53,28.12
2015-02-03,14.67,32.78,22.0,27.33
2015-02-04,7.61,29.95,22.51,16.47
2015-02-05,4.54,31.22,22.35,22.43
2015-02-06,4.06,31.06,21.95,24.87
2015-02-07,5.39,31.37,19.82,27.89
2015-02-08,9.08,31.89,19.77,25.9
2015-02-09,2.77,31.46,22.01,19.87
2015-02-10,3.89,31.34,23.38,21.11
2015-02-11,3.83,29.69,23.26,19.37
2015-02-12,3.56,29.87,22.89,22.3
2015-02-13,4.84,31.48,23.77,23.14
2015-02-14,8.53,28.65,23.04,15.92
2015-02-15,7.69,28.67,22.06,14.1
2015-02-16,18.65,29.86,21.69,16.24
2015-02-17,21.88,28.26,22.42,12.64
2015-02-18,6.82,28.78,21.59,15.37
2015-02-19,18.94,30.12,22.92,15.7
2015-02-20,10.79,27.45,22.89,18.2
2015-02-21,1.08,29.35,22.2,25.46
2015-02-22,0.64,31.35,22.17,26.8
2015-02-23,0.09,31.53,22.57,25.47
2015-02-24,0.61,29.64,21.79,23.67
2015-02-25,4.47,29.43,21.93,23.65
2015-02-26,10.76,28.1,21.8,13.49
2015-02-27,3.86,28.06,20.41,25.95
2015-02-28,1.6,30.75,21.3,21.19
2015-03-01,0.91,30.68,20.69,26.17
2015-03-02,0.27,30.94,19.97,21.03
2015-03-03,0.7,29.87,22.7,20.14
2015-03-04,2.77,28.17,22.34,21.27
2015-03-05,10.12,30.26,21.0,21.64
2015-03-06,4.85,29.24,23.04,18.33
2015-03-07,7.48,29.08,22.4,17.85
2015-03-08,10.71,28.0,22.18,15.65
2015-03-09,28.46,27.75,23.19,8.44
2015-03-10,5.4,29.28,21.39,17.75
2015-03-11,1.86,30.3,21.36,24.83
2015-03-12,5.25,29.94,20.8,19.2
2015-03-13,1.52,29.61,21.47,23.24
2015-03-14,6.11,28.26,21.09,19.7
2015-03-15,2.02,28.07,22.13,22.5
2015-03-16,1.37,30.53,20.6,23.39
2015-03-17,1.14,29.0,21.27,21.85
2015-03-18,0.43,28.94,19.7,22.41
2015-03-19,16.49,22.82,19.15,13.08
2015-03-20,3.64,27.3,18.78,14.77
2015-03-21,12.74,27.59,19.81,16.45
2015-03-22,0.38,29.24,18.06,21.7
2015-03-23,0.06,29.37,18.46,23.15
2015-03-24,0.05,29.98,18.76,25.14
2015-03-25,0.03,30.4,17.82,23.38
2015-03-26,0.62,31.28,18.47,23.08
2015-03-27,6.26,31.06,21.12,15.03
2015-03-28,6.08,29.71,22.25,18.25
2015-03-29,7.16,30.07,22.08,15.74
2015-03-30,6.67,29.72,21.9,15.66
2015-03-31,5.11,29.09,21.96,19.56
2015-04-01,0.17,29.28,20.86,21.2
2015-04-02,0.0,30.49,19.48,17.84
2015-04-03,0.0,30.21,19.68,19.66
2015-04-04,5.43,31.12,18.43,21.04
2015-04-05,2.41,30.78,20.91,14.09
2015-04-06,1.9,28.45,20.7,17.72
2015-04-07,0.0,27.88,17.96,20.8
2015-04-08,0.0,28.27,16.65,21.63
2015-04-09,0.04,29.66,17.6,20.23
2015-04-10,0.01,28.64,19.36,16.5
2015-04-11,0.0,29.61,18.83,20.33
2015-04-12,0.0,30.86,19.1,20.98
2015-04-13,0.0,31.09,18.98,21.55
2015-04-14,14.08,29.87,19.69,15.44
2015-04-15,8.27,29.94,21.54,18.04
2015-04-16,0.25,30.43,21.67,17.62
2015-04-17,0.31,30.16,21.08,19.53
2015-04-18,1.37,29.25,21.17,12.41
2015-04-19,0.6,30.39,21.25,17.3
2015-04-20,0.07,31.68,22.02,19.26
2015-04-21,4.37,31.44,22.32,17.46
2015-04-22,6.26,29.2,23.09,14.6
2015-04-23,0.39,30.18,20.29,14.93
2015-04-24,0.42,31.14,19.89,15.9
2015-04-25,0.06,30.45,19.7,19.33
2015-04-26,0.0,28.11,16.27,20.94
2015-04-27,0.01,29.38,16.58,20.56
2015-04-28,0.04,29.77,15.99,19.09
2015-04-29,0.01,28.93,17.34,17.9
2015-04-30,0.0,28.72,16.78,19.79
2015-05-01,0.0,28.84,15.44,19.34
2015-05-02,0.0,30.5,15.34,19.77
2015-05-03,1.14,31.38,17.45,15.51
2015-05-04,31.1,28.43,19.64,10.32
2015-05-05,0.02,27.68,16.45,14.99
2015-05-06,0.04,27.35,18.98,14.68
2015-05-07,0.01,27.76,16.03,17.75
2015-05-08,0.0,25.99,15.34,18.12
2015-05-09,0.01,28.03,14.29,17.95
2015-05-10,4.3,28.76,19.27,9.57
2015-05-11,8.88,25.57,16.27,12.43
2015-05-12,0.0,24.38,12.28,17.36
2015-05-13,0.02,25.05,13.95,16.12
2015-05-14,0.0,26.89,14.44,17.38
2015-05-15,0.01,26.7,16.25,9.66
2015-05-16,0.0,27.81,17.64,12.51
2015-05-17,0.0,27.66,16.52,13.98
2015-05-18,0.29,27.0,17.9,7.52
2015-05-19,1.22,26.85,16.7,11.61
2015-05-20,4.32,27.14,16.77,12.31
2015-05-21,0.63,28.09,17.96,15.02
2015-05-22,0.0,28.73,17.94,16.78
2015-05-23,0.0,27.18,18.51,15.96
2015-05-24,0.0,29.9,17.7,13.41
2015-05-25,0.02,31.08,19.86,14.57
2015-05-26,0.15,31.41,20.03,15.97
2015-05-27,0.73,30.69,19.0,13.26
2015-05-28,3.55,24.44,18.32,4.93
2015-05-29,0.08,24.99,12.8,16.49
2015-05-30,3.06,27.06,12.42,8.35
2015-05-31,21.81,24.95,17.52,6.35
2015-06-01,1.06,25.96,15.13,5.87
2015-06-02,2.19,25.39,16.68,4.92
2015-06-03,0.02,27.06,16.09,10.72
2015-06-04,0.0,28.15,15.61,16.28
2015-06-05,0.01,27.95,15.68,16.23
2015-06-06,0.03,28.55,15.76,16.07
2015-06-07,0.01,29.35,16.25,12.65
2015-06-08,0.0,29.25,16.18,15.51
2015-06-09,0.01,29.21,15.94,15.56
2015-06-10,0.0,29.97,16.76,15.93
2015-06-11,0.0,30.34,17.54,16.05
2015-06-12,0.01,30.62,17.72,14.88
2015-06-13,0.0,30.23,17.5,16.13
2015-06-14,0.05,31.19,17.87,13.93
2015-06-15,0.71,22.43,15.47,4.0
2015-06-16,0.0,24.85,11.72,12.92
2015-06-17,0.0,30.95,16.42,15.5
2015-06-18,0.01,31.54,17.79,12.99
2015-06-19,0.01,25.89,15.59,9.72
2015-06-20,0.0,27.56,13.52,16.04
2015-06-21,0.01,28.69,15.97,15.51
2015-06-22,0.0,28.63,15.3,15.75
2015-06-23,0.01,28.11,14.79,14.41
2015-06-24,0.0,27.54,15.35,13.26
2015-06-25,0.0,26.25,15.67,15.53
2015-06-26,0.0,26.19,16.49,13.1
2015-06-27,0.0,26.87,13.06,16.12
2015-06-28,0.01,26.85,12.17,15.01
2015-06-29,0.0,27.9,13.92,14.8
2015-06-30,1.94,26.58,14.8,12.89
2015-07-01,12.18,25.18,17.41,5.86
2015-07-02,5.9,26.69,16.11,6.26
2015-07-03,0.19,28.79,17.63,7.52
2015-07-04,4.79,20.1,13.24,3.91
2015-07-05,0.01,24.38,11.79,6.39
2015-07-06,0.8,21.32,14.92,8.67
2015-07-07,11.14,22.73,17.79,4.66
2015-07-08,12.04,24.0,14.07,8.49
2015-07-09,2.97,24.16,11.83,12.8
2015-07-10,4.24,27.81,15.19,14.59
2015-07-11,0.37,29.43,15.71,6.01
2015-07-12,1.0,29.17,17.16,15.73
2015-07-13,0.0,30.59,17.73,15.92
2015-07-14,0.0,31.14,19.19,14.06
2015-07-15,0.04,31.2,19.89,8.26
2015-07-16,0.01,29.36,19.14,10.23
2015-07-17,0.0,29.31,18.83,14.75
2015-07-18,0.0,29.39,17.47,16.25
2015-07-19,0.0,29.55,16.69,17.08
2015-07-20,0.0,30.0,15.21,16.81
2015-07-21,0.24,25.73,15.14,6.69
2015-07-22,0.02,26.23,12.32,12.03
2015-07-23,0.01,29.06,14.0,14.5
2015-07-24,0.26,30.07,16.25,10.27
2015-07-25,0.11,27.5,17.14,13.51
2015-07-26,0.0,28.24,13.89,17.56
2015-07-27,0.01,29.84,13.86,18.22
2015-07-28,0.01,30.64,14.08,18.04
2015-07-29,0.0,31.56,15.87,18.11
2015-07-30,0.0,31.0,15.49,18.36
2015-07-31,0.01,31.69,15.32,18.4
2015-08-01,0.0,31.64,14.76,18.42
2015-08-02,0.0,31.98,15.64,18.49
2015-08-03,0.0,32.62,15.9,18.45
2015-08-04,0.01,32.27,16.26,18.7
2015-08-05,0.0,32.44,16.5,17.53
2015-08-06,0.01,32.61,16.09,18.92
2015-08-07,0.0,33.67,15.92,19.16
2015-08-08,0.0,33.72,16.24,18.94
2015-08-09,0.0,32.81,16.32,19.08
2015-08-10,0.0,32.91,17.16,19.31
2015-08-11,0.0,32.96,17.86,19.54
2015-08-12,0.0,31.47,16.12,20.09
2015-08-13,0.01,32.53,15.68,20.01
2015-08-14,0.0,31.62,14.72,20.25
2015-08-15,0.0,32.5,16.05,19.83
2015-08-16,0.0,33.49,17.0,19.73
2015-08-17,0.0,33.57,17.32,15.71
2015-08-18,2.61,33.42,21.2,16.19
2015-08-19,0.21,29.13,16.71,19.88
2015-08-20,0.02,29.51,13.35,21.33
2015-08-21,0.0,29.78,13.66,20.73
2015-08-22,0.0,32.71,14.31,21.33
2015-08-23,0.0,35.69,16.31,20.15
2015-08-24,0.6,32.79,19.55,13.14
2015-08-25,0.15,33.91,17.51,17.24
2015-08-26,0.15,36.69,18.79,17.59
2015-08-27,8.91,32.93,19.29,3.34
2015-08-28,0.03,31.83,15.9,19.73
2015-08-29,0.3,33.11,14.0,22.35
2015-08-30,0.0,35.77,15.36,22.22
2015-08-31,0.01,36.7,18.16,22.39
2015-09-01,0.0,36.96,18.6,21.85
2015-09-02,0.0,35.09,17.79,22.18
2015-09-03,0.0,35.89,17.84,21.16
2015-09-04,0.15,35.83,17.83,19.68
2015-09-05,0.02,31.27,21.18,15.35
2015-09-06,0.01,33.29,18.94,15.72
2015-09-07,1.18,37.41,21.58,8.87
2015-09-08,22.33,34.67,21.79,8.75
2015-09-09,4.25,29.52,18.7,15.23
2015-09-10,9.03,29.12,19.24,5.41
2015-09-11,54.23,26.81,18.99,4.94
2015-09-12,4.37,24.1,14.74,6.48
2015-09-13,0.08,26.97,12.58,16.7
2015-09-14,0.0,28.32,14.55,23.3
2015-09-15,0.0,33.29,15.61,21.88
2015-09-16,0.0,34.88,22.02,22.86
2015-09-17,0.0,36.47,22.58,21.97
2015-09-18,0.0,36.91,22.27,23.56
2015-09-19,0.0,37.2,21.1,23.45
2015-09-20,0.0,37.07,18.66,24.77
2015-09-21,0.0,37.37,19.08,24.6
2015-09-22,0.0,38.04,19.37,21.01
2015-09-23,0.0,38.61,20.35,25.06
2015-09-24,0.0,39.11,21.07,23.18
2015-09-25,0.31,39.07,25.14,13.96
2015-09-26,7.18,33.59,23.66,9.62
2015-09-27,5.44,35.67,22.73,17.58
2015-09-28,1.43,29.4,20.64,12.85
2015-09-29,3.23,30.82,21.28,16.9
2015-09-30,1.65,33.6,19.92,12.25
2015-10-01,0.0,34.88,20.14,23.17
2015-10-02,2.54,37.34,22.63,22.33
2015-10-03,24.22,27.57,22.15,4.3
2015-10-04,0.06,28.8,20.39,14.23
2015-10-05,0.0,33.61,20.39,25.22
2015-10-06,0.0,35.16,18.52,25.56
2015-10-07,0.0,38.19,19.91,26.21
2015-10-08,1.54,38.71,22.71,24.34
2015-10-09,13.94,29.02,22.93,12.1
2015-10-10,32.69,28.24,22.29,15.68
2015-10-11,7.44,28.33,19.85,7.36
2015-10-12,7.43,23.53,17.58,8.02
2015-10-13,0.16,29.8,16.72,25.24
2015-10-14,0.1,35.79,19.9,26.04
2015-10-15,0.01,37.2,21.43,26.13
2015-10-16,0.01,38.1,24.81,25.01
2015-10-17,0.1,36.88,22.48,26.19
2015-10-18,0.0,36.05,19.86,23.42
2015-10-19,0.0,37.0,19.41,26.12
2015-10-20,0.02,38.02,23.65,23.94
2015-10-21,0.0,39.7,24.29,19.75
2015-10-22,3.44,40.02,26.19,21.77
2015-10-23,6.7,35.24,24.25,10.63
2015-10-24,0.21,35.28,21.68,22.65
2015-10-25,3.04,36.71,21.49,24.92
2015-10-26,7.43,33.56,23.72,15.35
2015-10-27,8.16,32.42,23.35,19.7
2015-10-28,1.17,31.78,23.19,18.76
2015-10-29,0.0,34.12,21.83,27.55
2015-10-30,1.8,35.78,20.23,25.34
2015-10-31,22.9,26.86,23.11,7.67
2015-11-01,13.06,30.04,22.35,16.13
2015-11-02,9.79,30.47,22.46,16.37
2015-11-03,29.01,27.77,22.59,16.8
2015-11-04,19.35,28.01,22.79,17.45
2015-11-05,11.58,30.99,22.22,15.42
2015-11-06,0.23,30.32,21.82,24.34
2015-11-07,0.06,30.94,18.96,20.56
2015-11-08,2.41,30.98,20.13,19.79
2015-11-09,0.4,32.89,21.5,21.92
2015-11-10,0.15,33.96,23.22,26.81
2015-11-11,0.01,33.16,23.95,21.5
2015-11-12,0.01,32.45,23.69,23.96
2015-11-13,1.13,31.69,23.15,25.5
2015-11-14,8.01,27.78,23.52,24.84
2015-11-15,39.37,29.92,22.28,16.11
2015-11-16,9.82,29.23,22.67,20.48
2015-11-17,16.54,30.63,21.55,19.81
2015-11-18,12.62,31.96,22.72,21.72
2015-11-19,10.6,32.38,23.54,20.46
2015-11-20,4.16,27.66,21.09,7.65
2015-11-21,0.01,31.78,17.74,22.65
2015-11-22,0.32,32.15,21.66,24.31
2015-11-23,15.55,32.61,23.61,18.99
2015-11-24,22.87,29.04,24.42,2.25
2015-11-25,29.14,28.81,22.75,2.06
2015-11-26,0.52,28.26,21.32,22.2
2015-11-27,1.27,31.78,21.43,26.48
2015-11-28,28.83,28.94,23.46,17.8
2015-11-29,3.87,29.62,22.4,15.83
2015-11-30,18.75,29.26,22.06,19.32
2015-12-01,0.75,30.75,19.88,20.53
2015-12-02,1.33,30.73,22.3,18.16
2015-12-03,8.01,30.31,21.07,14.67
2015-12-04,9.2,31.16,22.03,24.59
2015-12-05,3.09,28.16,22.91,19.71
2015-12-06,6.11,28.06,21.81,12.72
2015-12-07,1.85,30.8,21.77,22.18
2015-12-08,7.14,30.01,22.82,22.31
2015-12-09,5.51,29.29,22.75,22.05
2015-12-10,3.68,29.16,23.35,8.64
2015-12-11,5.3,28.57,22.91,12.73
2015-12-12,4.48,29.67,22.39,12.47
2015-12-13,0.19,31.8,21.59,25.67
2015-12-14,0.3,31.37,23.04,28.51
2015-12-15,1.63,29.79,23.24,13.3
2015-12-16,0.9,28.84,22.25,24.45
2015-12-17,0.2,31.77,21.24,27.48
2015-12-18,3.62,32.83,22.71,26.69
2015-12-19,5.87,31.72,23.39,18.0
2015-12-20,6.88,29.85,23.05,14.37
2015-12-21,0.47,31.94,21.76,27.41
2015-12-22,0.44,32.2,22.53,26.49
2015-12-23,8.29,29.07,24.34,17.02
2015-12-24,17.16,30.81,22.73,21.39
2015-12-25,38.07,28.86,23.08,20.8
2015-12-26,4.86,28.87,22.92,12.19
2015-12-27,12.69,28.4,22.89,16.24
2015-12-28,18.52,27.36,23.05,15.55
2015-12-29,34.69,26.28,22.73,11.05
2015-12-30,11.66,27.67,22.82,16.1
2015-12-31,7.98,28.13,22.18,21.48
2016-01-01,4.12,29.12,22.6,18.27
2016-01-02,0.85,28.09,23.31,25.06
2016-01-03,2.17,28.75,22.73,18.04
2016-01-04,1.08,30.0,21.97,20.02
2016-01-05,1.0,30.56,22.15,25.72
2016-01-06,6.13,29.09,23.28,19.74
2016-01-07,1.49,29.84,23.11,24.97
2016-01-08,8.28,29.66,23.9,18.04
2016-01-09,59.41,27.72,23.63,12.24
2016-01-10,26.58,28.28,22.98,17.41
2016-01-11,21.79,27.82,23.55,10.25
2016-01-12,5.96,28.49,23.52,17.59
2016-01-13,17.85,28.57,23.8,14.61
2016-01-14,8.67,28.68,23.76,15.21
2016-01-15,1.53,28.31,22.91,15.77
2016-01-16,0.32,28.4,23.0,26.97
2016-01-17,0.0,29.17,18.68,29.04
2016-01-18,0.0,29.7,17.76,28.56
2016-01-19,0.0,30.03,18.83,28.41
2016-01-20,0.0,29.79,19.52,22.22
2016-01-21,0.0,30.4,19.09,27.05
2016-01-22,0.0,29.55,18.37,29.45
2016-01-23,9.5,30.4,18.29,28.4
2016-01-24,2.05,31.39,19.3,26.92
2016-01-25,0.94,31.57,22.88,27.73
2016-01-26,11.87,32.36,22.98,26.25
2016-01-27,8.11,29.25,24.42,20.17
2016-01-28,4.49,30.14,23.67,24.2
2016-01-29,8.61,28.79,22.77,18.83
2016-01-30,8.82,27.89,22.57,17.85
2016-01-31,1.68,29.53,22.77,26.36
2016-02-01,0.06,31.64,23.42,26.52
2016-02-02,0.02,32.39,22.15,28.14
2016-02-03,2.36,30.43,21.99,24.18
2016-02-04,7.43,29.15,23.23,18.4
2016-02-05,4.28,32.06,21.93,22.03
2016-02-06,0.14,31.02,22.29,24.65
2016-02-07,1.53,30.77,23.29,22.71
2016-02-08,2.31,30.5,23.07,23.85
2016-02-09,1.02,31.82,23.43,25.85
2016-02-10,8.79,31.83,22.98,25.04
2016-02-11,4.04,30.01,24.5,22.35
2016-02-12,1.43,31.2,22.96,20.73
2016-02-13,0.28,32.47,21.77,25.06
2016-02-14,0.45,30.79,23.57,23.05
2016-02-15,15.3,29.84,23.29,20.74
2016-02-16,4.08,29.55,23.82,13.45
2016-02-17,2.43,30.93,23.62,24.54
2016-02-18,30.36,29.73,23.34,14.36
2016-02-19,1.59,30.02,23.24,24.45
2016-02-20,2.93,28.98,23.44,22.44
2016-02-21,21.16,27.78,23.1,14.61
2016-02-22,29.36,26.72,22.39,13.15
2016-02-23,21.11,26.58,21.62,11.34
2016-02-24,3.7,27.7,20.62,12.03
2016-02-25,7.11,28.83,21.17,11.13
2016-02-26,11.54,29.87,22.1,21.59
2016-02-27,9.27,28.98,23.33,18.94
2016-02-28,10.96,28.24,22.7,12.41
2016-02-29,3.0,28.38,22.58,10.36
2016-03-01,0.75,28.9,20.34,18.33
2016-03-02,11.71,26.62,21.29,10.42
2016-03-03,5.73,30.09,22.04,19.12
2016-03-04,0.59,29.68,20.28,24.14
2016-03-05,0.0,29.16,19.05,22.23
2016-03-06,0.53,30.74,19.37,21.25
2016-03-07,0.61,30.06,21.97,23.4
2016-03-08,8.86,30.77,21.86,23.25
2016-03-09,11.43,28.22,23.11,17.83
2016-03-10,7.05,30.45,22.47,17.81
2016-03-11,1.23,27.85,19.57,21.84
2016-03-12,0.0,27.37,17.21,26.98
2016-03-13,0.05,29.2,16.43,21.35
2016-03-14,1.11,30.59,19.16,23.78
2016-03-15,1.98,28.88,21.77,21.05
2016-03-16,3.21,29.16,21.88,23.06
2016-03-17,1.06,30.35,20.39,23.68
2016-03-18,0.07,31.06,21.4,24.49
2016-03-19,0.0,31.56,21.39,24.87
2016-03-20,0.0,31.39,20.78,24.63
2016-03-21,0.0,31.29,19.08,24.57
2016-03-22,0.05,31.91,21.04,19.98
2016-03-23,1.0,30.41,22.67,21.61
2016-03-24,32.25,27.31,23.06,14.21
2016-03-25,2.88,28.41,21.56,11.75
2016-03-26,1.27,27.7,21.15,11.39
2016-03-27,0.0,26.76,18.52,20.67
2016-03-28,0.0,28.44,18.76,22.92
2016-03-29,0.0,31.41,19.05,20.68
2016-03-30,0.03,28.0,21.26,18.42
2016-03-31,0.25,29.94,21.84,22.57
2016-04-01,0.21,30.48,20.77,22.93
2016-04-02,0.07,30.97,21.26,22.89
2016-04-03,0.0,31.75,21.29,21.9
2016-04-04,0.0,32.19,21.03,22.13
2016-04-05,0.0,32.07,21.5,22.56
2016-04-06,0.0,31.48,20.53,22.05
2016-04-07,0.0,31.8,19.86,22.4
2016-04-08,0.0,32.03,20.82,22.69
2016-04-09,0.0,32.19,20.76,22.26
2016-04-10,0.0,30.56,20.34,19.76
2016-04-11,0.0,31.4,19.19,21.2
2016-04-12,0.0,31.73,19.74,20.98
2016-04-13,0.0,31.18,21.1,21.7
2016-04-14,0.38,31.85,20.64,18.28
2016-04-15,0.18,27.32,22.22,17.91
2016-04-16,0.0,31.31,20.79,21.07
2016-04-17,0.0,31.51,19.03,21.07
2016-04-18,0.0,31.62,19.27,19.9
2016-04-19,0.0,31.38,19.73,20.94
2016-04-20,0.0,31.5,19.0,18.62
2016-04-21,0.0,32.07,19.95,19.99
2016-04-22,0.0,32.19,20.05,17.88
2016-04-23,0.0,31.77,19.6,19.2
2016-04-24,0.0,31.69,20.54,17.95
2016-04-25,6.77,31.05,20.21,18.36
2016-04-26,59.22,26.87,17.27,3.05
2016-04-27,0.46,19.1,9.52,18.68
2016-04-28,0.08,19.49,7.39,18.84
2016-04-29,0.52,22.32,8.95,12.22
2016-04-30,0.1,21.86,8.16,19.84
2016-05-01,0.05,23.25,8.6,20.88
2016-05-02,0.0,23.64,9.11,20.37
2016-05-03,0.0,25.43,10.69,19.67
2016-05-04,0.0,26.97,12.99,19.39
2016-05-05,0.04,27.72,14.01,18.46
2016-05-06,0.03,27.81,15.29,17.35
2016-05-07,0.04,27.88,15.43,12.56
2016-05-08,0.22,28.63,17.6,12.96
2016-05-09,13.92,28.54,17.94,13.98
2016-05-10,10.81,27.43,18.73,3.99
2016-05-11,5.42,23.71,18.66,11.7
2016-05-12,12.58,26.84,17.77,9.9
2016-05-13,7.44,23.82,17.41,12.98
2016-05-14,0.02,26.44,15.38,17.88
2016-05-15,0.87,28.37,16.01,17.28
2016-05-16,0.31,28.65,17.67,10.75
2016-05-17,0.37,22.83,14.51,14.76
2016-05-18,5.91,23.43,15.64,6.41
2016-05-19,0.64,24.43,15.96,11.62
2016-05-20,5.94,27.84,17.11,16.03
2016-05-21,5.29,25.66,19.63,9.71
2016-05-22,2.17,26.41,15.79,4.77
2016-05-23,0.05,20.1,10.89,16.4
2016-05-24,0.06,21.02,8.73,18.1
2016-05-25,0.09,24.3,11.23,15.15
2016-05-26,0.19,25.36,13.05,15.83
2016-05-27,3.95,25.61,16.2,7.92
2016-05-28,5.97,26.05,16.73,15.37
2016-05-29,31.62,21.68,17.11,5.56
2016-05-30,10.56,24.86,15.69,5.24
2016-05-31,17.54,25.9,17.46,7.84
2016-06-01,8.04,25.74,16.06,8.84
2016-06-02,16.21,19.56,13.91,7.9
2016-06-03,1.49,21.67,12.49,6.31
2016-06-04,7.68,22.36,14.91,8.15
2016-06-05,6.93,27.79,17.77,10.42
2016-06-06,3.69,25.03,16.99,7.67
2016-06-07,0.41,20.31,13.85,10.68
2016-06-08,0.09,19.28,8.83,11.26
2016-06-09,0.09,19.78,6.73,15.84
2016-06-10,0.03,20.07,7.04,12.59
2016-06-11,0.02,18.86,5.82,16.73
2016-06-12,0.0,17.79,3.36,17.39
2016-06-13,0.0,18.68,3.36,17.55
2016-06-14,0.0,21.43,6.42,16.42
2016-06-15,0.0,25.55,9.98,15.95
2016-06-16,0.04,26.14,12.56,16.25
2016-06-17,0.0,25.87,12.06,15.91
2016-06-18,0.01,25.68,12.95,15.94
2016-06-19,0.0,25.14,11.69,15.85
2016-06-20,0.05,24.76,12.57,14.85
2016-06-21,0.03,22.14,12.75,12.91
2016-06-22,0.52,25.22,12.17,13.98
2016-06-23,0.83,25.13,12.96,15.73
2016-06-24,0.0,25.77,13.57,15.7
2016-06-25,0.0,25.74,13.54,14.75
2016-06-26,0.0,25.53,14.91,14.97
2016-06-27,0.0,24.48,13.0,16.31
2016-06-28,0.0,25.41,12.95,14.21
2016-06-29,0.0,25.93,12.15,15.6
2016-06-30,0.0,24.86,14.48,12.06
2016-07-01,0.03,26.79,13.4,14.32
2016-07-02,0.0,27.27,15.32,15.69
2016-07-03,0.0,27.19,13.98,15.73
2016-07-04,0.0,27.21,14.66,14.83
2016-07-05,0.0,26.92,14.76,14.46
2016-07-06,0.01,26.46,14.82,12.86
2016-07-07,0.03,20.81,10.36,17.43
2016-07-08,0.0,21.71,6.88,17.34
2016-07-09,0.0,25.78,8.04,17.13
2016-07-10,0.0,28.73,13.07,16.66
2016-07-11,0.0,29.53,14.13,17.01
2016-07-12,0.0,30.3,14.11,16.73
2016-07-13,0.0,29.57,15.49,16.81
2016-07-14,0.0,29.66,14.72,16.57
2016-07-15,0.01,30.13,15.45,15.42
2016-07-16,11.22,21.95,10.66,5.24
2016-07-17,0.0,17.97,6.94,18.5
2016-07-18,0.04,19.63,3.14,18.11
2016-07-19,0.0,21.78,9.36,16.25
2016-07-20,0.0,24.35,9.17,15.44
2016-07-21,0.0,24.95,11.02,15.56
2016-07-22,0.0,24.16,11.71,17.6
2016-07-23,0.0,25.61,10.08,17.36
2016-07-24,0.0,28.48,12.06,17.52
2016-07-25,0.0,29.18,15.14,17.76
2016-07-26,0.0,29.45,14.04,17.7
2016-07-27,0.0,26.32,15.08,17.42
2016-07-28,0.0,27.34,12.02,15.61
2016-07-29,0.0,27.21,13.81,16.19
2016-07-30,0.0,27.77,13.25,18.07
2016-07-31,0.0,28.34,14.3,17.88
2016-08-01,0.0,28.6,13.55,17.9
2016-08-02,0.0,28.75,14.75,18.38
2016-08-03,0.0,27.32,14.26,17.77
2016-08-04,0.0,28.84,14.44,17.92
2016-08-05,0.0,30.79,16.05,18.11
2016-08-06,0.0,31.33,17.34,19.1
2016-08-07,0.0,32.53,16.06,16.73
2016-08-08,0.0,31.83,20.72,16.82
2016-08-09,0.42,26.63,17.96,7.19
2016-08-10,0.06,25.25,13.48,13.33
2016-08-11,0.02,23.86,9.33,21.01
2016-08-12,0.0,24.01,8.93,21.21
2016-08-13,0.0,27.09,9.0,19.16
2016-08-14,0.0,31.97,15.67,19.87
2016-08-15,0.36,33.16,17.21,12.07
2016-08-16,4.25,29.72,17.54,12.13
2016-08-17,0.03,32.64,16.82,17.43
2016-08-18,0.05,33.79,18.83,18.14
2016-08-19,3.39,33.25,17.72,15.51
2016-08-20,29.02,29.84,20.2,9.84
2016-08-21,15.4,22.32,12.34,12.65
2016-08-22,0.01,20.73,9.54,22.12
2016-08-23,0.0,24.04,7.83,20.63
2016-08-24,0.0,28.24,10.9,21.7
2016-08-25,0.0,31.16,14.41,21.23
2016-08-26,0.0,30.96,15.49,22.1
2016-08-27,0.0,30.84,13.68,21.86
2016-08-28,0.0,32.75,14.33,22.35
2016-08-29,5.44,32.14,17.08,8.31
2016-08-30,20.83,26.1,14.68,2.98
2016-08-31,23.3,23.44,13.95,13.61
2016-09-01,0.06,26.48,12.88,22.31
2016-09-02,0.09,29.22,14.43,21.38
2016-09-03,4.71,26.09,18.32,4.55
2016-09-04,4.77,22.62,17.73,9.21
2016-09-05,1.68,24.31,15.48,5.17
2016-09-06,8.67,23.31,15.23,10.72
2016-09-07,0.13,21.68,11.08,21.04
2016-09-08,0.71,24.44,8.79,13.26
2016-09-09,4.49,26.46,14.01,23.02
2016-09-10,0.0,29.74,14.92,23.06
2016-09-11,0.0,32.37,16.51,22.7
2016-09-12,0.0,33.41,18.06,20.63
2016-09-13,0.15,34.19,18.7,15.7
2016-09-14,0.46,22.09,15.17,11.78
2016-09-15,0.0,26.8,11.45,24.78
2016-09-16,0.0,28.33,14.99,18.61
2016-09-17,0.0,32.79,15.98,19.9
2016-09-18,0.11,34.46,18.96,19.96
2016-09-19,5.19,32.05,21.17,11.02
2016-09-20,0.11,29.59,17.22,17.14
2016-09-21,0.0,26.62,13.15,24.76
2016-09-22,0.0,28.52,12.54,25.8
2016-09-23,0.0,29.58,13.55,24.34
2016-09-24,0.0,30.31,13.86,24.28
2016-09-25,0.0,29.44,17.2,20.56
2016-09-26,0.0,28.8,14.78,26.15
2016-09-27,0.0,29.61,14.41,27.01
2016-09-28,0.0,30.75,12.9,26.13
2016-09-29,0.0,32.22,13.32,27.62
2016-09-30,0.0,31.63,14.25,25.29
2016-10-01,0.0,31.13,16.53,23.64
2016-10-02,0.0,31.79,15.37,26.21
2016-10-03,1.94,32.49,17.04,13.12
2016-10-04,0.05,27.74,18.28,14.11
2016-10-05,1.28,28.3,18.27,14.15
2016-10-06,0.52,26.87,15.96,20.94
2016-10-07,0.0,28.43,11.84,27.28
2016-10-08,0.0,31.72,15.12,28.03
2016-10-09,0.0,33.86,16.31,26.95
2016-10-10,0.0,34.32,17.18,27.59
2016-10-11,0.12,35.18,18.32,20.63
2016-10-12,0.44,30.24,21.29,22.76
2016-10-13,16.46,28.57,21.32,7.83
2016-10-14,13.38,30.7,20.79,7.45
2016-10-15,0.88,32.2,22.12,22.3
2016-10-16,0.0,35.86,23.02,23.43
2016-10-17,0.16,37.5,23.38,22.25
2016-10-18,0.46,35.71,24.1,23.11
2016-10-19,0.12,37.19,24.8,24.9
2016-10-20,6.18,31.8,24.14,15.95
2016-10-21,11.51,28.26,22.95,11.33
2016-10-22,0.0,32.12,21.8,22.95
2016-10-23,0.18,34.38,19.82,25.97
2016-10-24,16.68,31.03,23.46,21.03
2016-10-25,5.85,28.75,22.49,16.34
2016-10-26,6.27,31.21,22.01,12.06
2016-10-27,14.03,27.35,19.01,21.68
2016-10-28,0.0,26.13,14.63,30.88
2016-10-29,0.0,28.39,12.49,30.55
2016-10-30,0.0,32.11,13.85,29.37
2016-10-31,7.49,29.91,19.85,26.05
2016-11-01,3.06,31.82,21.11,26.7
2016-11-02,7.17,31.27,22.12,12.58
2016-11-03,0.43,27.08,19.05,14.6
2016-11-04,0.01,30.89,16.56,21.56
2016-11-05,0.0,31.84,20.43,28.47
2016-11-06,1.29,32.94,19.63,27.13
2016-11-07,0.29,33.3,21.0,28.41
2016-11-08,0.22,34.39,20.99,26.57
2016-11-09,0.22,32.03,22.44,24.94
2016-11-10,0.07,35.33,21.96,27.46
2016-11-11,4.82,32.9,23.74,16.01
2016-11-12,8.54,27.83,21.4,10.56
2016-11-13,9.66,27.1,18.02,9.32
2016-11-14,0.99,30.77,19.62,16.2
2016-11-15,0.44,31.68,18.84,26.26
2016-11-16,0.11,34.54,20.78,27.52
2016-11-17,12.3,33.22,21.34,23.81
2016-11-18,0.0,32.35,18.88,30.28
2016-11-19,0.0,29.58,14.84,31.27
2016-11-20,0.0,31.22,14.24,31.84
2016-11-21,0.0,33.81,16.59,28.29
2016-11-22,0.42,33.61,21.76,23.71
2016-11-23,0.05,36.07,22.56,25.81
2016-11-24,1.37,34.62,24.02,25.76
2016-11-25,0.76,31.47,23.95,24.78
2016-11-26,1.16,30.43,23.64,25.39
2016-11-27,0.68,32.47,22.0,17.9
2016-11-28,8.17,36.15,23.03,19.06
2016-11-29,3.24,29.9,23.44,20.43
2016-11-30,0.36,32.08,19.56,25.85
2016-12-01,0.01,31.92,18.7,20.24
2016-12-02,0.46,30.49,22.02,21.18
2016-12-03,14.06,29.93,23.31,14.13
2016-12-04,1.35,33.0,22.76,24.46
2016-12-05,0.09,35.42,20.37,29.48
2016-12-06,0.04,36.08,20.91,24.35
2016-12-07,0.88,34.38,24.69,23.89
2016-12-08,7.78,30.07,23.59,24.66
2016-12-09,9.91,31.42,22.56,20.03
2016-12-10,25.26,30.93,22.45,15.14
2016-12-11,4.37,31.16,22.79,21.11
2016-12-12,3.28,31.86,22.7,16.07
2016-12-13,4.02,32.65,22.97,20.45
2016-12-14,1.61,33.77,22.85,21.48
2016-12-15,0.35,29.91,20.56,23.46
2016-12-16,2.02,28.28,17.54,18.28
2016-12-17,1.13,31.76,21.26,24.37
2016-12-18,3.6,28.57,21.73,27.26
2016-12-19,7.97,27.65,21.41,23.02
2016-12-20,17.84,27.07,20.0,19.12
2016-12-21,28.89,26.75,20.2,12.48
2016-12-22,6.97,28.04,19.77,23.05
2016-12-23,2.54,29.82,20.72,24.25
2016-12-24,0.17,29.29,21.79,21.78
2016-12-25,0.17,33.49,20.45,28.43
2016-12-26,0.2,33.82,23.62,29.42
2016-12-27,1.15,33.71,22.95,28.26
2016-12-28,5.89,32.58,23.3,21.91
2016-12-29,4.27,30.47,23.48,23.04
2016-12-30,13.02,30.08,22.52,18.63
2016-12-31,7.09,29.69,23.05,17.91
2017-01-01,4.71,29.46,22.4,20.32
2017-01-02,1.18,31.04,22.49,19.08
2017-01-03,0.45,30.32,22.38,24.11
2017-01-04,2.25,30.48,22.52,21.1
2017-01-05,0.24,30.16,23.11,22.47
2017-01-06,31.71,30.69,22.96,23.12
2017-01-07,0.98,29.88,22.97,20.98
2017-01-08,3.24,33.36,22.25,28.61
2017-01-09,6.76,31.18,25.07,21.61
2017-01-10,14.08,29.81,23.55,16.52
2017-01-11,12.45,29.12,22.84,23.09
2017-01-12,4.73,27.78,22.77,20.82
2017-01-13,3.93,30.9,21.9,17.99
2017-01-14,1.83,30.98,22.71,21.89
2017-01-15,4.79,30.42,21.5,22.38
2017-01-16,21.31,28.46,22.86,14.23
2017-01-17,12.53,28.41,22.94,17.3
2017-01-18,19.21,30.63,22.09,23.84
2017-01-19,9.98,27.68,22.2,16.1
2017-01-20,8.31,26.31,21.66,18.51
2017-01-21,3.77,26.77,20.78,18.35
2017-01-22,3.18,27.01,19.86,16.27
2017-01-23,6.12,28.11,20.45,23.03
2017-01-24,12.69,29.21,21.16,22.18
2017-01-25,21.11,27.23,22.1,16.68
2017-01-26,3.87,28.66,20.14,15.56
2017-01-27,7.2,27.49,20.82,18.95
2017-01-28,12.34,26.41,21.52,8.13
2017-01-29,20.17,27.05,20.88,16.95
2017-01-30,8.05,27.14,21.54,13.73
2017-01-31,2.94,28.51,19.93,11.66
2017-02-01,7.28,29.37,20.37,19.9
2017-02-02,5.35,27.94,21.5,18.87
2017-02-03,3.51,28.28,21.69,25.63
2017-02-04,0.0,31.71,21.06,27.6
2017-02-05,0.38,33.01,22.04,27.79
2017-02-06,2.25,29.93,22.58,25.85
2017-02-07,0.54,31.52,22.4,27.08
2017-02-08,0.36,31.72,22.93,26.08
2017-02-09,0.3,31.61,22.67,27.59
2017-02-10,0.03,31.21,22.03,25.0
2017-02-11,1.75,28.12,22.75,22.95
2017-02-12,17.24,29.65,22.35,20.55
2017-02-13,9.71,28.78,22.54,17.0
2017-02-14,4.34,30.38,22.56,18.79
2017-02-15,0.73,31.32,21.74,27.86
2017-02-16,0.72,31.33,20.66,27.24
2017-02-17,1.34,30.64,21.66,26.7
2017-02-18,0.06,30.29,21.08,27.34
2017-02-19,1.13,30.24,22.66,23.23
2017-02-20,1.03,33.12,22.76,26.87
2017-02-21,1.39,31.45,23.26,26.85
2017-02-22,0.12,32.5,21.99,25.58
2017-02-23,3.8,30.21,21.86,23.76
2017-02-24,5.04,27.2,21.83,16.18
2017-02-25,4.82,29.37,20.74,22.67
2017-02-26,2.54,29.65,21.37,20.91
2017-02-27,0.55,30.47,21.59,23.64
2017-02-28,0.03,30.28,22.14,25.55
2017-03-01,2.86,30.68,21.87,22.49
2017-03-02,4.0,29.22,21.76,20.04
2017-03-03,5.85,28.2,22.21,15.04
2017-03-04,3.49,29.79,22.5,19.86
2017-03-05,12.23,27.71,23.07,15.73
2017-03-06,1.67,29.87,22.4,18.32
2017-03-07,1.65,31.13,22.32,21.06
2017-03-08,0.15,31.86,22.74,24.58
2017-03-09,0.06,31.18,23.18,24.95
2017-03-10,10.91,30.14,24.28,17.82
2017-03-11,0.55,29.86,22.13,24.0
2017-03-12,1.12,31.21,22.95,23.28
2017-03-13,1.84,28.87,23.43,20.98
2017-03-14,0.63,29.77,23.04,22.41
2017-03-15,0.09,31.62,21.59,24.74
2017-03-16,0.7,30.32,22.05,22.44
2017-03-17,4.95,30.29,22.28,17.96
2017-03-18,11.7,26.05,21.24,10.25
2017-03-19,0.53,28.97,19.46,13.51
2017-03-20,0.01,29.27,19.26,24.07
2017-03-21,0.0,29.71,17.88,25.15
2017-03-22,0.0,29.77,18.31,20.7
2017-03-23,0.14,31.16,19.11,20.54
2017-03-24,0.0,31.94,21.12,22.19
2017-03-25,0.06,32.67,21.65,22.65
2017-03-26,29.73,29.66,21.72,18.22
2017-03-27,4.95,28.09,20.63,14.67
2017-03-28,0.0,28.96,20.14,22.07
2017-03-29,0.0,28.85,18.19,23.65
2017-03-30,0.0,29.51,16.25,22.54
2017-03-31,0.0,29.19,17.13,23.88
2017-04-01,0.0,27.7,15.2,24.53
2017-04-02,0.0,29.04,15.61,23.62
2017-04-03,0.0,27.9,18.33,21.12
2017-04-04,0.0,31.07,19.39,20.2
2017-04-05,3.36,30.43,22.1,10.43
2017-04-06,9.76,30.99,22.8,16.21
2017-04-07,14.33,30.15,21.85,18.08
2017-04-08,2.13,27.62,23.04,8.0
2017-04-09,0.72,29.95,21.85,19.17
2017-04-10,1.51,30.39,21.26,19.45
2017-04-11,3.07,30.46,22.42,16.83
2017-04-12,9.66,30.52,22.37,16.37
2017-04-13,0.22,29.01,18.5,21.59
2017-04-14,0.0,30.85,18.49,21.7
2017-04-15,0.0,31.54,19.49,21.18
2017-04-16,0.39,31.11,20.21,11.72
2017-04-17,0.21,30.42,21.96,17.87
2017-04-18,0.02,28.78,19.15,19.76
2017-04-19,0.07,29.43,18.04,17.57
2017-04-20,9.37,29.67,20.12,9.28
2017-04-21,20.46,23.74,17.86,8.1
2017-04-22,0.13,26.39,15.03,19.23
2017-04-23,0.02,26.83,15.59,21.19
2017-04-24,0.0,27.94,15.51,20.53
2017-04-25,0.01,28.97,15.79,19.01
2017-04-26,13.36,28.49,17.74,7.21
2017-04-27,1.76,24.63,14.5,18.93
2017-04-28,0.05,25.23,12.18,17.62
2017-04-29,0.01,26.1,13.32,19.01
2017-04-30,0.01,27.4,14.44,18.78
2017-05-01,3.48,27.15,17.99,17.71
2017-05-02,0.26,29.02,17.59,18.32
2017-05-03,0.04,29.34,17.19,17.81
2017-05-04,1.65,28.18,18.35,10.19
2017-05-05,14.04,27.87,19.62,11.42
2017-05-06,0.67,27.92,17.55,17.4
2017-05-07,0.01,27.03,16.54,18.99
2017-05-08,0.0,27.93,14.67,19.34
2017-05-09,0.0,27.96,15.56,18.44
2017-05-10,0.0,28.58,19.98,12.8
2017-05-11,0.0,27.83,18.26,17.77
2017-05-12,0.0,28.78,16.11,18.01
2017-05-13,0.41,30.09,17.2,17.54
2017-05-14,1.61,28.7,19.86,8.85
2017-05-15,4.56,27.0,17.81,11.25
2017-05-16,0.15,26.16,18.54,8.89
2017-05-17,0.24,24.04,16.76,11.98
2017-05-18,10.42,26.52,18.18,11.02
2017-05-19,35.65,26.27,21.21,7.78
2017-05-20,19.6,25.32,20.98,4.47
2017-05-21,38.04,26.02,20.71,5.26
2017-05-22,1.23,27.85,18.93,11.14
2017-05-23,0.1,25.87,17.6,15.4
2017-05-24,0.05,26.32,16.67,15.28
2017-05-25,0.0,29.39,19.97,16.33
2017-05-26,0.0,28.76,19.71,16.39
2017-05-27,0.0,29.01,18.89,14.92
2017-05-28,0.0,27.96,19.07,13.74
2017-05-29,0.0,27.99,17.51,14.87
2017-05-30,0.0,27.56,17.52,14.1
2017-05-31,2.4,26.46,18.11,14.81
2017-06-01,0.61,21.23,11.92,12.2
2017-06-02,0.0,21.7,9.01,17.33
2017-06-03,0.01,25.64,10.86,16.93
2017-06-04,0.26,28.97,14.4,16.23
2017-06-05,6.26,29.03,18.13,9.61
2017-06-06,0.93,29.58,19.03,13.28
2017-06-07,0.25,29.28,18.73,15.62
2017-06-08,0.11,29.65,18.2,13.95
2017-06-09,1.27,20.95,9.07,4.62
2017-06-10,0.02,19.12,5.89,17.32
2017-06-11,0.01,21.72,5.72,17.59
2017-06-12,15.74,17.03,11.12,7.6
2017-06-13,10.37,23.16,14.13,6.46
2017-06-14,1.8,25.56,15.38,15.43
2017-06-15,0.0,25.49,14.53,16.27
2017-06-16,0.0,25.86,12.95,16.37
2017-06-17,0.0,27.47,14.04,16.36
2017-06-18,0.02,27.7,14.14,14.56
2017-06-19,0.0,27.97,14.95,15.82
2017-06-20,0.03,24.67,13.14,7.86
2017-06-21,0.0,25.66,13.87,15.09
2017-06-22,0.01,26.17,14.59,16.29
2017-06-23,0.0,26.59,15.92,15.88
2017-06-24,0.0,26.28,13.87,16.23
2017-06-25,0.0,26.12,13.78,16.31
2017-06-26,0.0,25.77,12.55,16.5
2017-06-27,0.0,26.35,13.13,16.23
2017-06-28,0.0,26.56,12.3,15.47
2017-06-29,0.0,27.56,15.77,13.38
2017-06-30,0.0,26.44,16.91,11.79
2017-07-01,0.0,27.32,13.88,15.09
2017-07-02,0.0,24.26,13.71,15.88
2017-07-03,0.0,23.48,11.17,15.27
2017-07-04,0.0,22.61,11.18,16.06
2017-07-05,0.0,23.86,10.75,16.69
2017-07-06,0.0,24.73,10.03,14.81
2017-07-07,0.0,25.98,11.97,15.7
2017-07-08,0.0,24.8,13.42,12.84
2017-07-09,0.0,25.7,14.09,15.78
2017-07-10,0.0,27.19,13.05,16.6
2017-07-11,0.0,28.15,13.5,16.32
2017-07-12,0.0,27.98,13.7,16.43
2017-07-13,0.0,28.18,13.28,16.82
2017-07-14,0.0,28.17,13.16,17.3
2017-07-15,0.0,27.97,13.48,17.35
2017-07-16,0.0,28.51,13.91,16.68
2017-07-17,0.0,28.13,10.84,15.71
2017-07-18,0.0,17.84,7.52,11.92
2017-07-19,0.0,21.07,7.0,16.89
2017-07-20,0.0,25.76,9.59,17.27
2017-07-21,0.0,28.52,11.84,17.86
2017-07-22,0.0,28.05,12.5,18.1
2017-07-23,0.0,28.67,12.04,17.73
2017-07-24,0.0,28.83,13.42,18.31
2017-07-25,0.0,29.05,13.24,18.34
2017-07-26,0.0,29.09,13.8,18.33
2017-07-27,0.0,28.1,13.1,18.46
2017-07-28,0.01,28.08,12.08,18.67
2017-07-29,0.0,27.88,13.59,18.49
2017-07-30,0.0,28.01,13.38,17.03
2017-07-31,0.0,27.89,13.38,14.4
2017-08-01,0.0,28.11,12.95,15.96
2017-08-02,0.0,30.14,15.0,17.71
2017-08-03,0.01,24.72,14.22,10.33
2017-08-04,0.0,25.86,11.22,16.86
2017-08-05,0.01,25.99,11.74,18.22
2017-08-06,0.0,26.77,11.21,19.64
2017-08-07,0.0,29.46,11.43,19.1
2017-08-08,0.0,32.46,15.27,13.85
2017-08-09,0.0,34.47,17.61,18.3
2017-08-10,0.0,34.46,18.8,18.5
2017-08-11,0.0,32.62,16.17,18.58
2017-08-12,0.0,34.26,16.72,18.51
2017-08-13,7.27,33.76,18.09,11.75
2017-08-14,0.57,28.65,15.21,15.15
2017-08-15,4.42,27.82,17.44,4.82
2017-08-16,17.33,25.47,16.57,8.31
2017-08-17,5.07,25.03,17.67,5.96
2017-08-18,12.79,24.15,18.25,10.27
2017-08-19,1.06,28.11,17.81,12.39
2017-08-20,29.19,22.11,16.47,3.39
2017-08-21,0.15,24.43,13.84,19.05
2017-08-22,0.1,25.92,11.0,20.58
2017-08-23,0.01,30.33,17.02,19.92
2017-08-24,0.0,30.31,16.64,21.0
2017-08-25,0.0,29.9,14.7,21.45
2017-08-26,0.0,31.57,15.48,21.8
2017-08-27,0.0,32.06,15.52,22.23
2017-08-28,0.0,32.39,15.69,22.25
2017-08-29,0.0,32.63,14.55,22.1
2017-08-30,0.0,33.94,15.16,22.15
2017-08-31,0.0,33.4,16.48,22.19
2017-09-01,0.0,32.37,15.34,21.87
2017-09-02,0.0,32.93,17.13,21.75
2017-09-03,0.0,32.88,16.07,23.26
2017-09-04,0.0,31.72,14.82,23.41
2017-09-05,0.0,33.27,14.85,23.33
2017-09-06,0.0,32.95,14.65,23.79
2017-09-07,0.0,33.28,15.25,22.77
2017-09-08,0.0,34.76,16.52,23.34
2017-09-09,0.0,35.69,17.28,21.67
2017-09-10,0.0,35.82,17.96,24.14
2017-09-11,0.0,37.12,17.76,22.02
2017-09-12,0.0,37.3,18.45,23.69
2017-09-13,0.0,36.3,18.61,24.57
2017-09-14,0.01,36.93,20.03,24.62
2017-09-15,0.0,37.23,19.27,24.58
2017-09-16,0.0,36.93,18.48,24.59
2017-09-17,0.0,36.46,17.24,24.01
2017-09-18,0.0,35.92,18.08,24.13
2017-09-19,0.0,36.82,19.58,22.79
2017-09-20,0.0,36.79,19.73,24.64
2017-09-21,0.0,36.5,18.64,25.13
2017-09-22,0.0,36.1,18.63,23.08
2017-09-23,0.0,36.12,20.5,22.95
2017-09-24,0.0,36.13,19.56,21.84
2017-09-25,0.0,34.14,19.41,21.77
2017-09-26,0.0,33.18,19.48,18.5
2017-09-27,0.0,36.66,18.98,24.84
2017-09-28,0.03,37.68,20.81,23.25
2017-09-29,15.84,25.8,19.58,5.11
2017-09-30,3.45,24.82,18.12,8.16
2017-10-01,26.94,31.46,17.98,14.81
2017-10-02,40.69,25.72,15.41,7.81
2017-10-03,0.04,25.13,12.5,22.83
2017-10-04,0.0,28.84,12.86,27.34
2017-10-05,0.09,33.26,13.98,26.07
2017-10-06,6.24,32.73,22.04,20.6
2017-10-07,7.0,31.8,21.91,12.89
2017-10-08,0.93,33.2,19.32,18.17
2017-10-09,0.61,34.03,20.43,19.89
2017-10-10,0.0,36.61,21.67,25.81
2017-10-11,0.0,37.27,21.75,25.86
2017-10-12,0.0,37.8,24.17,26.18
2017-10-13,0.0,38.44,22.04,26.7
2017-10-14,0.01,36.34,21.5,24.23
2017-10-15,0.0,35.38,21.46,26.28
2017-10-16,0.0,35.26,19.09,27.0
2017-10-17,0.0,38.82,20.0,26.47
2017-10-18,0.0,38.61,23.87,27.16
2017-10-19,4.34,38.57,22.83,25.95
2017-10-20,9.86,32.81,23.46,10.62
2017-10-21,6.68,33.64,22.63,9.84
2017-10-22,15.09,26.19,21.27,5.33
2017-10-23,0.17,29.76,20.19,18.71
2017-10-24,0.0,32.82,18.43,27.32
2017-10-25,0.21,33.9,21.72,21.41
2017-10-26,1.15,35.94,22.63,20.49
2017-10-27,10.28,35.72,22.14,21.79
2017-10-28,15.09,32.62,23.67,21.97
2017-10-29,14.85,29.75,23.24,18.5
2017-10-30,29.23,29.58,22.25,4.47
2017-10-31,4.52,29.25,21.6,20.67
2017-11-01,0.0,30.43,17.99,28.59
2017-11-02,0.84,31.26,16.18,28.8
2017-11-03,10.28,28.75,22.21,25.51
2017-11-04,35.97,28.61,22.79,19.19
2017-11-05,2.37,28.77,22.17,11.67
2017-11-06,3.62,27.2,20.25,14.95
2017-11-07,0.6,28.94,17.33,26.06
2017-11-08,14.31,30.56,19.0,19.97
2017-11-09,1.08,29.63,21.87,21.19
2017-11-10,1.65,30.35,21.78,24.22
2017-11-11,0.94,30.72,19.04,23.18
2017-11-12,0.0,30.33,15.31,28.02
2017-11-13,0.0,31.47,14.72,31.66
2017-11-14,0.0,32.11,16.67,28.6
2017-11-15,0.0,34.65,16.38,30.14
2017-11-16,5.15,33.37,21.67,26.34
2017-11-17,1.49,29.55,22.34,24.71
2017-11-18,4.28,32.13,22.87,18.64
2017-11-19,1.45,31.74,22.59,24.51
2017-11-20,6.21,31.44,22.5,22.38
2017-11-21,19.32,30.84,22.77,19.25
2017-11-22,8.97,31.94,22.69,15.9
2017-11-23,0.0,31.41,20.81,27.45
2017-11-24,0.0,33.14,20.22,29.67
2017-11-25,13.1,34.08,20.73,23.66
2017-11-26,54.17,30.99,23.66,17.79
2017-11-27,27.31,28.98,20.81,14.42
2017-11-28,5.51,29.7,19.75,23.05
2017-11-29,0.01,31.02,20.05,29.7
2017-11-30,22.9,26.38,19.49,16.96
2017-12-01,1.99,28.99,18.25,14.96
2017-12-02,0.1,30.27,19.26,18.65
2017-12-03,0.0,29.32,19.57,27.94
2017-12-04,0.56,30.29,22.8,25.79
2017-12-05,4.6,29.63,22.47,17.97
2017-12-06,21.11,27.23,22.21,17.4
2017-12-07,13.97,29.66,22.17,17.18
2017-12-08,1.55,30.45,23.36,24.93
2017-12-09,0.08,31.44,22.76,27.63
2017-12-10,0.0,32.81,21.59,25.22
2017-12-11,0.0,32.99,19.48,28.73
2017-12-12,0.04,31.59,18.77,30.27
2017-12-13,0.01,31.87,20.53,27.96
2017-12-14,0.0,32.28,22.06,28.52
2017-12-15,0.58,33.16,21.46,28.54
2017-12-16,0.06,32.21,22.5,27.71
2017-12-17,3.05,31.29,22.33,28.07
2017-12-18,0.68,31.24,22.92,26.82
2017-12-19,0.95,31.65,22.69,26.79
2017-12-20,25.38,29.5,23.26,16.07
2017-12-21,9.05,28.55,22.04,14.36
2017-12-22,7.53,29.2,22.03,14.67
2017-12-23,5.9,28.51,22.02,14.81
2017-12-24,3.81,27.74,21.75,15.83
2017-12-25,24.89,28.07,22.05,17.93
2017-12-26,49.97,26.89,22.34,17.73
2017-12-27,8.01,29.57,21.11,22.79
2017-12-28,12.12,29.7,21.7,21.3
2017-12-29,16.37,29.65,22.69,21.05
2017-12-30,16.17,30.63,23.03,14.13
2017-12-31,16.05,29.3,23.21,14.27
2018-01-01,11.46,29.14,22.77,24.13
2018-01-02,7.94,28.51,23.16,18.98
2018-01-03,11.65,29.58,21.99,22.77
2018-01-04,0.0,31.08,19.75,27.53
2018-01-05,8.55,31.46,21.66,25.02
2018-01-06,7.58,29.36,22.93,14.93
2018-01-07,3.52,29.72,21.69,12.17
2018-01-08,30.09,26.25,20.13,10.02
2018-01-09,23.47,24.41,20.47,12.97
2018-01-10,1.67,26.2,20.42,16.14
2018-01-11,6.77,26.25,20.65,14.33
2018-01-12,6.64,27.55,20.94,18.28
2018-01-13,11.84,27.63,19.64,22.09
2018-01-14,10.84,26.89,21.23,21.41
2018-01-15,18.62,28.15,21.13,19.98
2018-01-16,3.56,28.62,21.36,21.88
2018-01-17,0.49,31.84,22.18,21.43
2018-01-18,1.5,30.09,22.93,18.62
2018-01-19,0.21,29.98,21.93,19.23
2018-01-20,1.88,28.96,22.44,26.5
2018-01-21,0.12,32.51,20.66,27.32
2018-01-22,0.44,31.05,22.5,28.32
2018-01-23,0.13,30.67,22.85,27.58
2018-01-24,7.31,31.34,22.82,26.91
2018-01-25,25.24,29.98,22.39,23.28
2018-01-26,9.31,28.96,22.32,24.3
2018-01-27,3.14,29.54,21.21,23.22
2018-01-28,2.19,28.12,22.79,22.73
2018-01-29,13.3,27.43,22.2,15.02
2018-01-30,3.69,30.64,21.9,21.4
2018-01-31,3.06,29.48,21.52,21.99
2018-02-01,0.01,29.42,19.14,24.4
2018-02-02,0.0,29.83,18.75,26.89
2018-02-03,0.08,30.55,20.47,28.93
2018-02-04,7.87,29.6,18.18,28.49
2018-02-05,0.58,29.29,18.61,28.09
2018-02-06,0.0,29.83,20.69,28.1
2018-02-07,3.44,31.06,21.18,28.48
2018-02-08,0.27,31.49,19.92,27.3
2018-02-09,10.77,31.05,21.89,22.88
2018-02-10,14.22,28.4,22.85,11.47
2018-02-11,8.23,29.94,22.18,18.78
2018-02-12,7.33,28.05,22.07,15.04
2018-02-13,19.69,29.63,21.28,15.93
2018-02-14,0.11,29.78,19.92,18.69
2018-02-15,0.0,29.92,18.43,23.61
2018-02-16,0.01,30.23,21.27,26.21
2018-02-17,5.5,26.71,21.98,13.96
2018-02-18,7.19,28.07,21.23,13.86
2018-02-19,6.6,27.6,21.33,11.96
2018-02-20,16.4,27.48,22.32,12.3
2018-02-21,3.4,29.68,22.12,24.01
2018-02-22,0.0,29.88,20.39,27.4
2018-02-23,0.0,30.51,16.52,27.57
2018-02-24,0.36,30.01,19.86,24.64
2018-02-25,0.33,30.01,20.57,22.72
2018-02-26,5.62,26.42,21.21,15.53
2018-02-27,2.63,28.84,20.5,16.86
2018-02-28,3.51,30.53,21.71,23.01
2018-03-01,1.8,30.78,23.1,24.05
2018-03-02,4.61,28.97,22.99,25.57
2018-03-03,32.34,28.9,23.31,23.11
2018-03-04,1.55,31.19,22.56,25.79
2018-03-05,0.0,30.36,21.73,24.96
2018-03-06,4.67,30.1,21.69,22.2
2018-03-07,0.69,30.76,22.17,20.47
2018-03-08,4.91,30.32,22.6,20.59
2018-03-09,7.62,30.36,21.68,21.56
2018-03-10,14.17,30.24,22.73,20.44
2018-03-11,2.46,31.79,22.46,23.63
2018-03-12,0.01,32.03,22.69,24.22
2018-03-13,0.06,32.69,23.8,22.31
2018-03-14,1.12,31.32,24.46,23.65
2018-03-15,0.48,29.63,24.27,21.11
2018-03-16,0.31,29.64,24.04,21.65
2018-03-17,0.03,31.03,23.93,23.99
2018-03-18,0.0,31.81,23.08,23.68
2018-03-19,0.17,31.57,23.66,22.55
2018-03-20,0.09,31.51,22.99,21.95
2018-03-21,8.68,29.31,22.57,14.01
2018-03-22,1.44,30.68,21.81,23.32
2018-03-23,0.2,31.32,22.22,21.82
2018-03-24,0.13,30.8,23.09,23.33
2018-03-25,2.25,29.97,22.93,15.1
2018-03-26,9.64,28.49,22.45,10.65
2018-03-27,1.88,27.26,21.3,14.2
2018-03-28,7.02,29.31,20.67,13.31
2018-03-29,1.73,30.47,20.78,20.52
2018-03-30,7.28,29.48,20.72,18.69
2018-03-31,13.19,27.68,20.67,9.18
2018-04-01,17.77,26.39,21.6,12.6
2018-04-02,5.27,27.96,20.78,14.47
2018-04-03,1.38,27.94,19.97,16.69
2018-04-04,0.02,28.43,17.89,22.28
2018-04-05,0.0,29.63,18.54,22.29
2018-04-06,0.0,30.03,18.36,23.0
2018-04-07,0.0,29.85,17.15,23.02
2018-04-08,0.0,29.63,17.29,22.88
2018-04-09,0.01,29.91,18.34,21.48
2018-04-10,0.0,30.1,19.95,20.51
2018-04-11,0.0,29.83,19.74,21.78
2018-04-12,0.01,29.25,18.03,21.35
2018-04-13,0.01,29.48,17.68,22.07
2018-04-14,0.24,29.54,18.29,14.87
2018-04-15,3.64,25.65,19.63,15.58
2018-04-16,2.5,27.56,17.56,15.27
2018-04-17,0.0,26.24,17.89,17.82
2018-04-18,0.0,27.54,18.79,18.22
2018-04-19,0.0,28.2,18.03,19.03
2018-04-20,0.0,28.32,19.28,20.09
2018-04-21,0.0,28.72,17.08,19.62
2018-04-22,0.0,28.21,14.6,20.82
2018-04-23,0.0,28.67,16.15,19.69
2018-04-24,0.0,29.21,17.35,19.49
2018-04-25,0.0,29.58,17.18,19.41
2018-04-26,0.0,29.94,16.91,19.06
2018-04-27,0.11,30.29,18.18,18.62
2018-04-28,0.01,30.39,18.7,16.98
2018-04-29,0.0,30.13,18.21,18.8
2018-04-30,0.03,30.57,18.04,18.07
2018-05-01,0.0,30.4,18.31,18.05
2018-05-02,0.0,30.26,16.97,17.9
2018-05-03,0.0,29.48,16.94,19.14
2018-05-04,0.0,30.41,16.47,16.83
2018-05-05,0.0,31.32,17.41,16.06
2018-05-06,0.01,30.02,18.89,16.64
2018-05-07,0.03,29.1,18.86,17.3
2018-05-08,0.0,28.93,17.89,18.29
2018-05-09,0.0,29.17,17.42,18.52
2018-05-10,0.0,29.04,16.96,17.77
2018-05-11,0.0,30.16,18.14,14.18
2018-05-12,0.01,25.89,18.22,14.65
2018-05-13,0.02,26.59,14.68,15.18
2018-05-14,0.01,28.68,16.69,17.16
2018-05-15,6.11,29.56,17.79,16.05
2018-05-16,1.24,28.85,17.34,10.47
2018-05-17,0.02,28.81,17.53,12.32
2018-05-18,1.85,29.21,19.19,15.71
2018-05-19,7.44,23.4,13.35,8.3
2018-05-20,0.01,20.41,9.16,18.71
2018-05-21,0.79,21.31,7.66,17.83
2018-05-22,0.03,23.34,8.45,18.54
2018-05-23,0.0,24.98,9.34,17.52
2018-05-24,0.0,26.15,11.6,17.28
2018-05-25,0.0,25.81,13.42,14.52
2018-05-26,0.0,26.29,15.31,16.46
2018-05-27,0.0,27.68,14.41,17.04
2018-05-28,0.0,26.71,13.6,17.37
2018-05-29,0.0,26.98,13.65,14.71
2018-05-30,0.0,27.28,15.85,13.06
2018-05-31,0.0,27.5,14.5,16.62
2018-06-01,0.0,28.25,15.18,8.41
2018-06-02,0.0,28.45,16.91,11.02
2018-06-03,0.0,27.07,17.44,11.08
2018-06-04,0.0,24.31,16.27,7.15
2018-06-05,0.0,26.65,15.78,11.72
2018-06-06,0.0,24.71,16.4,10.47
2018-06-07,0.0,25.91,15.45,8.42
2018-06-08,0.0,22.48,11.65,12.5
2018-06-09,0.0,26.57,14.68,13.72
2018-06-10,0.0,29.09,17.05,11.01
2018-06-11,0.0,30.72,18.63,13.08
2018-06-12,6.7,30.11,19.09,7.97
2018-06-13,7.75,26.42,15.97,6.03
2018-06-14,0.07,23.47,13.17,11.6
2018-06-15,0.01,24.74,14.5,13.09
2018-06-16,0.0,25.39,11.4,14.12
2018-06-17,0.0,25.48,13.38,14.87
2018-06-18,0.0,26.31,13.62,14.87
2018-06-19,0.0,27.23,13.81,15.74
2018-06-20,0.0,28.16,15.12,14.89
2018-06-21,0.0,28.69,14.42,14.5
2018-06-22,0.0,28.85,18.69,14.57
2018-06-23,0.0,28.8,17.63,14.49
2018-06-24,0.0,30.26,18.83,15.17
2018-06-25,0.0,30.24,17.33,15.71
2018-06-26,0.0,30.61,16.49,12.57
2018-06-27,0.01,30.45,15.91,15.33
2018-06-28,0.0,30.3,16.38,14.0
2018-06-29,0.0,29.75,15.47,14.35
2018-06-30,0.0,29.85,15.85,15.88
2018-07-01,0.0,30.24,16.23,16.06
2018-07-02,0.0,30.77,16.17,15.64
2018-07-03,0.0,30.92,18.36,16.38
2018-07-04,0.0,30.35,16.29,15.71
2018-07-05,0.0,30.8,16.72,15.63
2018-07-06,0.0,30.38,15.46,16.33
2018-07-07,0.0,29.79,15.28,16.07
2018-07-08,0.0,30.45,17.06,14.59
2018-07-09,0.0,25.84,13.73,7.28
2018-07-10,0.01,22.33,9.64,16.06
2018-07-11,0.0,22.37,6.79,16.74
2018-07-12,0.0,23.27,7.65,15.82
2018-07-13,0.0,25.31,12.56,14.55
2018-07-14,0.0,30.67,14.16,16.66
2018-07-15,0.0,31.85,15.7,17.27
2018-07-16,0.0,31.3,15.7,16.84
2018-07-17,0.0,30.99,14.91,17.27
2018-07-18,0.0,31.17,15.15,17.2
2018-07-19,0.0,31.55,17.13,17.23
2018-07-20,0.0,31.78,15.78,17.68
2018-07-21,0.0,27.26,14.75,14.56
2018-07-22,0.0,29.61,14.65,14.96
2018-07-23,0.0,31.52,15.83,16.37
2018-07-24,0.0,30.73,16.44,14.9
2018-07-25,0.0,29.98,14.88,16.56
2018-07-26,0.0,30.7,16.12,16.28
2018-07-27,0.0,31.2,15.96,16.48
2018-07-28,0.0,32.47,16.66,17.21
2018-07-29,0.0,32.33,17.55,17.01
2018-07-30,0.26,30.91,18.54,15.58
2018-07-31,0.6,29.33,16.85,16.63
2018-08-01,0.0,24.83,13.75,11.91
2018-08-02,0.27,26.93,15.84,11.03
2018-08-03,3.71,26.1,17.67,8.4
2018-08-04,5.06,25.83,17.4,8.48
2018-08-05,8.95,24.19,16.51,6.07
2018-08-06,7.72,22.89,15.65,5.09
2018-08-07,0.08,27.26,14.39,11.23
2018-08-08,0.82,28.42,16.57,8.0
2018-08-09,7.7,23.27,10.88,9.12
2018-08-10,0.0,21.72,6.64,20.54
2018-08-11,0.0,24.51,6.23,20.88
2018-08-12,0.0,26.76,7.42,20.19
2018-08-13,0.0,27.54,9.99,20.79
2018-08-14,0.0,29.74,10.68,20.87
2018-08-15,0.0,29.48,11.33,14.89
2018-08-16,0.04,26.42,14.94,8.76
2018-08-17,0.0,28.46,13.88,19.72
2018-08-18,0.0,29.64,14.04,19.2
2018-08-19,0.0,31.47,16.52,19.49
2018-08-20,0.0,32.71,16.95,20.41
2018-08-21,3.71,29.76,16.32,13.25
2018-08-22,1.67,26.4,16.22,4.57
2018-08-23,0.61,31.45,17.43,18.36
2018-08-24,1.9,33.98,19.67,13.74
2018-08-25,4.2,27.35,15.3,15.64
2018-08-26,0.0,26.36,11.06,22.56
2018-08-27,0.0,28.23,11.81,22.38
2018-08-28,0.0,32.91,14.59,21.67
2018-08-29,0.0,32.38,17.95,22.42
2018-08-30,0.0,34.67,17.59,22.55
2018-08-31,0.0,34.38,18.21,18.92
2018-09-01,0.06,35.64,19.89,20.03
2018-09-02,1.28,33.96,17.58,10.25
2018-09-03,0.57,24.02,14.38,13.42
2018-09-04,0.06,26.25,12.18,16.76
2018-09-05,0.0,26.94,10.88,23.75
2018-09-06,0.0,29.54,10.63,23.33
2018-09-07,0.0,33.49,12.15,24.6
2018-09-08,0.0,34.76,14.29,22.76
2018-09-09,0.0,35.15,15.05,24.38
2018-09-10,0.0,35.03,16.29,23.57
2018-09-11,0.0,35.08,16.59,22.63
2018-09-12,0.0,34.57,16.47,21.79
2018-09-13,1.0,35.53,17.26,20.94
2018-09-14,5.03,31.32,18.43,5.06
2018-09-15,0.32,28.68,17.26,11.02
2018-09-16,12.76,31.57,20.2,10.21
2018-09-17,20.31,25.51,21.41,6.99
2018-09-18,0.15,28.51,19.83,13.8
2018-09-19,12.37,29.43,20.79,19.81
2018-09-20,16.36,29.89,20.89,7.57
2018-09-21,1.02,30.55,20.68,21.95
2018-09-22,0.0,33.17,20.38,25.05
2018-09-23,0.0,34.94,19.35,25.77
2018-09-24,0.0,35.96,19.01,26.09
2018-09-25,0.0,35.2,18.22,19.74
2018-09-26,1.04,35.47,21.98,16.09
2018-09-27,4.79,31.39,22.02,14.66
2018-09-28,0.15,32.01,21.51,19.3
2018-09-29,2.8,32.59,22.05,15.49
2018-09-30,16.03,26.07,20.74,5.5
2018-10-01,0.39,33.32,20.52,23.85
2018-10-02,0.17,34.47,21.34,15.06
2018-10-03,0.57,33.96,22.76,21.57
2018-10-04,0.78,31.4,23.35,22.9
2018-10-05,0.0,32.16,21.24,18.23
2018-10-06,0.0,31.94,18.79,18.42
2018-10-07,30.01,31.81,20.23,18.51
2018-10-08,31.76,29.74,22.79,12.38
2018-10-09,17.53,31.54,22.27,18.57
2018-10-10,4.76,31.27,22.91,9.65
2018-10-11,0.48,30.62,22.83,15.5
2018-10-12,0.05,31.36,19.97,25.23
2018-10-13,1.95,28.23,23.53,11.03
2018-10-14,4.98,30.44,22.71,21.14
2018-10-15,2.21,30.68,22.88,21.47
2018-10-16,1.36,30.44,22.62,19.71
2018-10-17,6.9,30.79,23.54,23.02
2018-10-18,8.41,32.92,22.81,23.06
2018-10-19,2.16,30.56,22.99,22.14
2018-10-20,0.0,29.58,17.43,27.27
2018-10-21,0.0,30.39,14.89,27.33
2018-10-22,0.0,33.25,16.47,26.18
2018-10-23,13.11,29.98,22.36,21.52
2018-10-24,8.19,27.71,22.46,11.13
2018-10-25,7.23,28.68,21.38,11.8
2018-10-26,18.83,29.79,21.62,14.6
2018-10-27,12.27,29.01,21.31,16.29
2018-10-28,0.06,30.23,18.05,29.11
2018-10-29,0.0,29.83,16.88,21.3
2018-10-30,0.0,32.24,18.69,26.98
2018-10-31,3.91,31.92,22.0,23.81
2018-11-01,13.58,29.44,22.63,14.68
2018-11-02,0.5,30.49,21.87,24.56
2018-11-03,16.24,31.05,22.4,26.53
2018-11-04,9.35,29.86,22.14,16.53
2018-11-05,1.14,29.5,18.68,27.05
2018-11-06,0.96,30.83,18.87,24.61
2018-11-07,23.95,28.47,21.37,16.38
2018-11-08,4.98,23.32,18.27,13.57
2018-11-09,1.21,27.94,18.22,12.81
2018-11-10,0.3,29.51,19.74,15.77
2018-11-11,0.0,31.63,19.77,27.22
2018-11-12,0.0,33.05,21.09,28.19
2018-11-13,0.01,33.87,22.55,27.76
2018-11-14,1.88,33.71,23.67,19.26
2018-11-15,3.44,31.19,24.3,23.27
2018-11-16,10.23,30.27,24.0,23.91
2018-11-17,2.77,31.1,20.46,18.49
2018-11-18,19.56,26.88,23.59,13.43
2018-11-19,2.91,29.33,20.46,14.83
2018-11-20,0.01,29.4,17.68,21.28
2018-11-21,0.01,31.09,17.63,26.2
2018-11-22,6.04,30.78,20.77,20.91
2018-11-23,34.18,27.56,22.7,6.85
2018-11-24,5.94,29.51,22.21,18.36
2018-11-25,0.57,31.61,21.62,26.19
2018-11-26,0.0,30.69,20.89,25.22
2018-11-27,0.0,31.05,18.74,28.55
2018-11-28,0.0,31.72,20.88,28.91
2018-11-29,0.28,31.86,22.2,18.74
2018-11-30,10.53,29.06,22.34,23.66
2018-12-01,11.66,30.1,22.37,17.75
2018-12-02,0.12,31.18,20.78,26.48
2018-12-03,0.05,30.91,20.89,28.39
2018-12-04,0.01,32.41,20.26,28.59
2018-12-05,0.02,33.78,22.25,28.68
2018-12-06,0.0,34.95,19.99,29.77
2018-12-07,0.0,32.96,19.64,25.55
2018-12-08,0.0,31.05,19.14,31.21
2018-12-09,0.0,32.71,16.0,30.04
2018-12-10,0.0,34.26,21.29,28.85
2018-12-11,0.0,35.19,22.16,29.18
2018-12-12,0.16,36.4,21.87,28.09
2018-12-13,0.91,34.81,23.75,27.5
2018-12-14,0.4,35.11,22.92,26.33
2018-12-15,2.93,34.69,23.85,25.28
2018-12-16,0.56,36.16,24.39,28.86
2018-12-17,4.29,36.17,24.53,25.59
2018-12-18,1.21,37.3,25.38,26.28
2018-12-19,0.14,35.1,24.63,23.54
2018-12-20,0.03,35.47,24.58,29.01
2018-12-21,1.61,37.42,25.6,25.0
2018-12-22,3.42,33.93,24.57,19.68
2018-12-23,4.12,28.6,23.64,18.57
2018-12-24,15.06,28.57,22.53,20.17
2018-12-25,7.9,31.33,21.15,17.81
2018-12-26,9.56,31.12,22.31,19.02
2018-12-27,3.21,32.08,22.73,23.13
2018-12-28,5.66,31.12,23.33,25.31
2018-12-29,3.02,31.31,23.39,23.85
2018-12-30,3.44,32.02,23.13,18.03
2018-12-31,5.79,33.59,23.14,25.15
2019-01-01,10.86,32.3,23.95,25.27
2019-01-02,0.13,33.41,23.51,27.32
2019-01-03,0.36,32.93,23.65,25.05
2019-01-04,8.47,32.37,24.14,19.52
2019-01-05,43.81,27.39,23.64,14.64
2019-01-06,4.64,28.26,22.79,17.32
2019-01-07,0.34,32.16,22.26,28.83
2019-01-08,0.56,30.01,23.34,27.04
2019-01-09,2.75,30.95,22.64,24.88
2019-01-10,1.51,29.79,23.76,25.35
2019-01-11,0.41,31.54,21.69,27.38
2019-01-12,0.66,32.37,21.78,24.68
2019-01-13,0.64,31.55,22.39,27.0
2019-01-14,0.37,33.72,22.53,26.77
2019-01-15,0.79,33.16,23.64,27.42
2019-01-16,0.7,33.69,24.58,23.11
2019-01-17,5.7,33.32,23.95,23.21
2019-01-18,0.33,33.11,23.56,19.95
2019-01-19,4.89,32.78,23.03,24.86
2019-01-20,1.41,31.72,22.75,26.14
2019-01-21,0.04,35.79,22.53,28.9
2019-01-22,0.0,37.56,23.9,27.92
2019-01-23,0.05,36.15,25.38,23.95
2019-01-24,15.9,32.25,24.79,21.48
2019-01-25,1.81,32.22,23.31,25.32
2019-01-26,3.7,33.29,24.01,24.83
2019-01-27,2.62,27.54,22.19,24.35
2019-01-28,0.33,33.34,20.65,27.59
2019-01-29,0.03,36.53,22.49,28.72
2019-01-30,0.39,36.31,23.58,27.33
2019-01-31,1.36,36.81,24.25,23.29
2019-02-01,0.11,38.1,25.06,23.39
2019-02-02,0.0,37.02,25.12,27.16
2019-02-03,0.0,36.95,24.64,27.0
2019-02-04,1.88,34.45,25.13,24.65
2019-02-05,0.9,32.33,22.36,20.58
2019-02-06,8.16,33.64,22.03,22.7
2019-02-07,0.1,35.47,20.65,27.17
2019-02-08,0.26,37.02,22.81,25.69
2019-02-09,0.0,38.65,23.81,24.84
2019-02-10,1.09,38.8,25.81,17.82
2019-02-11,3.52,32.25,26.49,22.79
2019-02-12,9.89,28.52,23.75,11.49
2019-02-13,12.06,29.68,22.78,17.43
2019-02-14,4.53,31.94,20.06,18.19
2019-02-15,23.3,29.39,23.09,13.57
2019-02-16,3.94,29.61,22.56,23.65
2019-02-17,1.98,30.5,21.15,26.35
2019-02-18,1.34,31.63,20.39,25.7
2019-02-19,5.49,32.07,21.09,16.09
2019-02-20,7.14,31.57,23.12,18.8
2019-02-21,0.71,33.2,22.17,22.62
2019-02-22,0.8,32.33,23.17,21.12
2019-02-23,0.62,32.71,24.01,25.0
2019-02-24,0.61,33.08,23.63,23.85
2019-02-25,3.73,32.17,23.17,21.09
2019-02-26,30.25,30.14,22.97,7.63
2019-02-27,19.77,28.94,22.55,11.62
2019-02-28,20.89,26.53,22.66,15.66
2019-03-01,12.0,30.34,21.77,20.0
2019-03-02,1.19,30.3,22.5,21.3
2019-03-03,0.35,31.39,20.65,22.18
2019-03-04,2.05,30.44,22.26,21.27
2019-03-05,0.48,30.75,22.42,24.29
2019-03-06,0.11,31.96,21.71,24.17
2019-03-07,2.3,30.29,22.81,21.85
2019-03-08,5.2,31.36,23.19,20.97
2019-03-09,15.4,30.65,22.4,18.07
2019-03-10,10.22,28.17,22.84,20.85
2019-03-11,0.75,31.15,21.52,19.64
2019-03-12,3.41,30.97,22.1,22.43
2019-03-13,3.94,30.84,22.58,20.43
2019-03-14,1.97,28.9,23.08,19.11
2019-03-15,2.23,28.72,22.95,13.63
2019-03-16,5.64,30.39,22.38,16.68
2019-03-17,12.44,30.46,23.34,20.25
2019-03-18,4.06,29.72,23.22,16.81
2019-03-19,3.35,31.04,23.06,23.15
2019-03-20,9.52,29.1,22.88,17.69
2019-03-21,3.26,28.94,21.25,13.96
2019-03-22,0.0,29.12,18.22,21.57
2019-03-23,0.0,30.31,19.86,24.86
2019-03-24,0.0,31.58,19.0,24.14
2019-03-25,0.0,31.99,19.47,23.42
2019-03-26,0.0,33.0,20.1,23.63
2019-03-27,0.0,32.57,21.29,22.41
2019-03-28,0.03,32.39,20.65,23.05
2019-03-29,0.0,32.11,19.51,24.07
2019-03-30,0.0,32.27,19.13,23.94
2019-03-31,0.0,32.87,19.47,20.53
2019-04-01,0.1,33.79,19.22,17.55
2019-04-02,0.01,33.72,19.86,15.04
2019-04-03,0.16,33.24,21.52,16.62
2019-04-04,0.04,32.99,23.26,16.82
2019-04-05,3.15,30.21,24.09,17.87
2019-04-06,22.87,30.78,23.19,13.88
2019-04-07,8.06,28.72,21.42,9.21
2019-04-08,0.02,29.68,19.99,18.36
2019-04-09,0.01,29.61,18.13,21.28
2019-04-10,0.0,29.63,17.81,22.02
2019-04-11,0.0,30.7,17.87,21.58
2019-04-12,1.87,31.54,18.93,20.95
2019-04-13,15.86,29.71,20.04,13.98
2019-04-14,2.8,29.44,22.24,13.54
2019-04-15,0.71,31.06,21.28,19.07
2019-04-16,0.02,31.17,21.92,18.52
2019-04-17,0.0,32.24,20.19,21.23
2019-04-18,0.0,31.85,17.05,21.51
2019-04-19,0.0,32.36,18.29,21.3
2019-04-20,0.0,32.33,18.24,21.32
2019-04-21,0.15,32.88,19.23,17.9
2019-04-22,1.27,29.5,21.13,9.12
2019-04-23,0.12,32.08,20.94,16.92
2019-04-24,0.0,32.64,20.9,18.74
2019-04-25,2.14,33.43,21.68,18.13
2019-04-26,0.04,33.35,21.58,18.07
2019-04-27,0.25,33.38,22.21,18.38
2019-04-28,1.75,32.74,21.87,11.6
2019-04-29,0.07,31.25,18.07,17.14
2019-04-30,0.27,31.61,18.7,17.55
2019-05-01,0.88,29.2,21.14,7.21
2019-05-02,0.22,31.45,20.75,14.47
2019-05-03,11.78,30.47,21.79,12.75
2019-05-04,2.3,27.77,21.92,11.4
2019-05-05,0.0,31.29,21.18,16.35
2019-05-06,0.06,32.13,20.67,17.31
2019-05-07,3.29,31.88,22.5,15.75
2019-05-08,0.14,30.13,20.75,17.76
2019-05-09,0.1,31.18,19.86,17.52
2019-05-10,1.66,31.23,20.43,15.58
2019-05-11,2.13,32.44,21.59,14.35
2019-05-12,1.81,32.12,22.59,16.76
2019-05-13,0.23,31.42,22.21,13.74
2019-05-14,0.0,27.21,17.66,16.14
2019-05-15,0.13,27.15,15.14,15.05
2019-05-16,0.04,27.9,17.8,13.61
2019-05-17,0.01,26.89,16.43,16.99
2019-05-18,0.03,28.24,16.39,13.77
2019-05-19,0.01,29.22,15.85,16.51
2019-05-20,0.01,29.67,15.78,17.73
2019-05-21,0.02,30.15,15.5,16.82
2019-05-22,0.01,31.21,16.32,17.58
2019-05-23,2.48,31.38,18.89,13.87
2019-05-24,0.68,24.62,14.97,10.17
2019-05-25,0.01,24.46,11.4,16.82
2019-05-26,0.02,27.69,10.79,16.46
2019-05-27,0.0,31.99,14.53,16.97
2019-05-28,0.81,33.24,17.46,15.31
2019-05-29,5.35,31.5,19.97,15.67
2019-05-30,0.0,33.38,19.9,15.66
2019-05-31,0.01,32.87,19.96,15.45
2019-06-01,0.01,33.1,19.61,15.26
2019-06-02,7.02,30.6,19.04,13.61
2019-06-03,6.7,26.95,18.39,8.67
2019-06-04,0.01,26.66,15.14,13.43
2019-06-05,0.04,24.15,11.43,17.56
2019-06-06,0.0,27.18,12.03,17.14
2019-06-07,0.0,29.36,12.28,16.2
2019-06-08,0.0,29.49,15.04,16.59
2019-06-09,0.01,28.32,12.7,16.97
2019-06-10,0.0,29.46,13.19,16.57
2019-06-11,0.0,30.44,16.23,15.95
2019-06-12,0.0,30.1,16.11,15.85
2019-06-13,0.0,31.01,15.83,15.07
2019-06-14,0.0,31.01,17.5,16.27
2019-06-15,0.0,31.21,16.86,16.16
2019-06-16,0.0,30.72,15.64,16.12
2019-06-17,0.0,30.35,15.07,15.98
2019-06-18,0.32,29.85,14.94,15.37
2019-06-19,0.0,30.76,16.74,15.87
2019-06-20,0.0,31.2,17.0,15.46
2019-06-21,0.0,30.43,17.16,15.76
2019-06-22,0.0,30.24,15.97,16.05
2019-06-23,0.0,29.74,14.79,16.2
2019-06-24,0.0,30.19,14.25,16.27
2019-06-25,0.02,31.74,15.68,16.56
2019-06-26,1.33,30.92,17.86,9.01
2019-06-27,2.32,28.21,18.08,7.74
2019-06-28,0.11,32.95,18.28,15.74
2019-06-29,0.08,32.29,17.9,16.14
2019-06-30,0.0,32.14,17.07,16.27
2019-07-01,0.0,32.4,17.19,15.61
2019-07-02,0.01,31.49,16.72,13.48
2019-07-03,0.93,31.9,17.3,11.53
2019-07-04,21.23,26.6,19.46,5.25
2019-07-05,12.85,23.05,10.45,10.48
2019-07-06,0.07,17.27,4.91,17.9
2019-07-07,0.14,20.08,4.02,17.78
2019-07-08,0.0,24.14,6.6,17.61
2019-07-09,0.0,27.07,8.53,17.0
2019-07-10,0.0,27.68,9.8,17.11
2019-07-11,0.0,28.08,11.66,17.12
2019-07-12,0.0,28.62,11.17,16.34
2019-07-13,0.0,29.41,14.4,16.74
2019-07-14,0.0,30.69,18.15,15.78
2019-07-15,0.23,31.34,18.95,13.6
2019-07-16,0.06,27.26,14.04,14.26
2019-07-17,0.03,24.43,9.91,17.53
2019-07-18,0.0,24.18,10.84,14.82
2019-07-19,0.0,28.95,13.94,14.6
2019-07-20,0.0,29.11,14.61,16.75
2019-07-21,0.0,29.08,14.95,13.23
2019-07-22,0.0,29.39,16.45,12.22
2019-07-23,0.0,30.64,15.51,17.67
2019-07-24,0.0,31.16,15.97,17.59
2019-07-25,0.0,30.93,16.68,13.57
2019-07-26,0.0,31.98,19.61,16.23
2019-07-27,0.0,31.44,16.03,16.77
2019-07-28,0.0,30.59,17.1,17.5
2019-07-29,0.0,30.05,16.21,17.56
2019-07-30,0.04,31.44,18.79,16.69
2019-07-31,0.0,31.31,15.41,18.78
2019-08-01,0.0,33.32,15.53,18.97
2019-08-02,0.0,34.34,16.9,13.46
2019-08-03,0.12,21.19,11.94,11.79
2019-08-04,0.13,24.21,9.81,11.72
2019-08-05,1.11,25.06,11.41,14.05
2019-08-06,5.86,24.64,15.86,11.69
2019-08-07,0.01,30.36,16.66,18.81
2019-08-08,0.0,32.56,17.2,19.41
2019-08-09,0.0,33.18,16.85,19.17
2019-08-10,0.0,33.27,16.39,19.26
2019-08-11,0.0,33.79,16.2,19.09
2019-08-12,0.0,34.97,17.67,18.98
2019-08-13,0.0,34.1,20.61,17.36
2019-08-14,0.0,27.78,16.7,18.31
2019-08-15,0.0,28.43,12.68,18.74
2019-08-16,0.0,30.99,15.05,19.99
2019-08-17,0.0,32.6,16.34,20.01
2019-08-18,0.0,34.54,20.72,13.75
2019-08-19,0.0,34.03,22.29,10.29
2019-08-20,0.0,30.33,18.61,14.32
2019-08-21,0.0,31.78,15.87,19.4
2019-08-22,0.0,31.63,15.36,20.84
2019-08-23,0.02,30.42,14.93,20.15
2019-08-24,0.0,30.71,14.13,21.62
2019-08-25,0.0,31.34,12.74,22.16
2019-08-26,0.0,34.2,14.12,20.14
2019-08-27,0.0,34.37,17.17,14.76
2019-08-28,0.0,33.02,20.05,16.66
2019-08-29,0.08,33.98,19.26,19.29
2019-08-30,0.0,36.14,18.86,19.27
2019-08-31,1.27,38.12,24.31,17.82
2019-09-01,18.98,32.28,20.17,3.88
2019-09-02,1.34,30.66,16.47,9.6
2019-09-03,1.65,32.97,19.27,12.15
2019-09-04,0.03,34.62,19.39,18.07
2019-09-05,0.0,33.61,20.33,17.57
2019-09-06,0.0,35.22,17.48,20.28
2019-09-07,0.0,36.43,20.69,22.37
2019-09-08,0.0,37.79,22.11,21.74
2019-09-09,0.0,37.97,21.56,22.24
2019-09-10,0.0,37.61,21.55,20.97
2019-09-11,0.0,39.37,23.66,20.07
2019-09-12,0.0,38.99,23.88,21.35
2019-09-13,0.0,38.53,20.35,20.56
2019-09-14,0.0,38.42,20.62,21.92
2019-09-15,0.0,40.23,22.92,22.43
2019-09-16,0.0,40.13,22.49,22.95
2019-09-17,0.0,40.49,21.78,23.48
2019-09-18,0.0,38.09,20.74,17.71
2019-09-19,0.24,40.22,24.12,16.86
2019-09-20,7.21,38.29,25.27,13.02
2019-09-21,2.01,35.8,23.12,17.92
2019-09-22,0.0,33.48,22.14,20.7
2019-09-23,0.0,33.57,17.08,24.25
2019-09-24,4.15,35.61,18.24,19.67
2019-09-25,12.76,26.05,19.49,3.73
2019-09-26,1.4,29.4,17.97,11.12
2019-09-27,0.05,32.37,16.9,25.08
2019-09-28,0.0,32.46,16.12,26.67
2019-09-29,0.01,34.4,16.76,26.23
2019-09-30,0.0,35.93,17.17,25.9
2019-10-01,0.0,38.91,17.65,26.47
2019-10-02,1.18,40.24,22.43,21.53
2019-10-03,1.77,38.37,24.15,17.91
2019-10-04,0.0,39.06,21.03,25.95
2019-10-05,0.0,39.7,22.01,26.69
2019-10-06,0.11,37.93,23.17,12.08
2019-10-07,0.04,33.84,22.74,19.4
2019-10-08,1.46,32.07,22.57,12.3
2019-10-09,0.02,33.15,21.52,21.46
2019-10-10,0.0,33.46,22.07,26.19
2019-10-11,0.0,38.24,22.44,26.43
2019-10-12,0.01,39.36,23.7,25.22
2019-10-13,1.27,37.93,25.27,19.88
2019-10-14,0.66,39.75,23.01,16.27
2019-10-15,0.02,39.07,23.95,24.0
2019-10-16,0.0,37.86,21.89,26.2
2019-10-17,0.07,40.7,23.22,24.78
2019-10-18,8.09,36.84,26.16,20.02
2019-10-19,2.78,37.98,23.6,22.51
2019-10-20,8.86,35.72,23.48,19.08
2019-10-21,6.68,30.86,22.9,14.49
2019-10-22,10.01,30.98,19.98,15.81
2019-10-23,0.0,33.28,17.4,23.01
2019-10-24,0.0,35.76,19.89,29.02
2019-10-25,0.0,38.71,21.84,28.46
2019-10-26,0.0,39.61,22.5,26.93
2019-10-27,4.45,37.73,24.48,26.93
2019-10-28,16.07,34.39,23.76,23.7
2019-10-29,0.09,37.13,22.87,27.7
2019-10-30,0.01,39.1,24.46,27.89
2019-10-31,0.01,39.31,24.81,27.72
2019-11-01,0.0,39.2,24.6,28.27
2019-11-02,0.0,39.36,23.98,28.11
2019-11-03,0.03,40.69,25.52,26.86
2019-11-04,0.04,39.6,25.47,26.48
2019-11-05,5.55,39.85,26.4,23.41
2019-11-06,5.17,33.01,25.2,17.58
2019-11-07,0.37,30.9,22.17,21.95
2019-11-08,2.54,31.68,23.21,12.57
2019-11-09,2.15,32.04,23.03,13.81
2019-11-10,3.57,34.13,22.07,14.62
2019-11-11,0.19,34.31,23.56,21.69
2019-11-12,0.0,36.12,21.91,25.65
2019-11-13,3.58,33.44,23.52,19.35
2019-11-14,11.35,33.56,23.25,16.35
2019-11-15,2.13,32.89,22.2,23.07
2019-11-16,0.02,34.91,19.12,30.05
2019-11-17,0.0,36.2,21.04,30.3
2019-11-18,0.0,37.29,19.28,30.72
2019-11-19,0.0,37.55,20.87,28.7
2019-11-20,0.2,38.59,23.19,27.67
2019-11-21,4.28,34.92,24.68,26.66
2019-11-22,1.22,36.19,23.34,28.94
2019-11-23,0.63,39.17,24.81,24.63
2019-11-24,1.15,34.65,22.42,21.31
2019-11-25,0.09,35.53,20.49,28.79
2019-11-26,2.66,33.78,23.54,21.92
2019-11-27,9.82,34.66,23.63,13.67
2019-11-28,5.63,31.85,23.95,18.87
2019-11-29,1.3,33.92,19.3,25.41
2019-11-30,18.21,32.14,23.49,20.05
2019-12-01,14.24,32.21,24.14,21.66
2019-12-02,6.32,31.01,23.12,23.18
2019-12-03,7.47,31.71,21.52,23.41
2019-12-04,5.68,30.46,23.22,18.15
2019-12-05,7.23,32.43,23.47,17.34
2019-12-06,0.69,32.97,20.93,20.42
2019-12-07,0.01,34.13,18.97,30.62
2019-12-08,0.2,35.08,20.68,29.16
2019-12-09,4.94,33.83,24.46,15.83
2019-12-10,7.07,32.15,23.38,21.64
2019-12-11,23.48,31.33,23.36,5.31
2019-12-12,12.14,30.49,23.12,24.04
2019-12-13,2.41,30.18,22.9,18.39
2019-12-14,3.34,27.93,23.63,19.16
2019-12-15,1.35,30.46,22.72,15.9
2019-12-16,8.01,30.81,22.64,13.69
2019-12-17,39.2,28.79,21.43,14.31
2019-12-18,12.53,28.24,22.53,16.47
2019-12-19,0.68,30.24,21.06,17.55
2019-12-20,10.2,30.98,21.51,23.58
2019-12-21,24.35,30.01,22.7,13.36
2019-12-22,8.96,28.72,22.22,12.07
2019-12-23,8.95,30.37,21.49,21.25
2019-12-24,0.03,31.84,19.91,28.22
2019-12-25,0.38,32.88,20.93,29.87
2019-12-26,2.22,32.98,21.38,28.02
2019-12-27,0.38,33.36,21.77,29.94
2019-12-28,0.44,31.93,22.44,23.03
2019-12-29,0.09,32.77,24.43,26.28
2019-12-30,0.0,34.81,23.29,28.19
2019-12-31,0.04,36.5,22.96,29.04
2020-01-01,8.1,34.14,24.12,25.15
2020-01-02,12.27,32.77,23.41,25.21
2020-01-03,4.97,32.88,22.96,15.49
2020-01-04,18.84,30.58,21.18,23.13
2020-01-05,15.11,30.7,22.67,20.34
2020-01-06,0.2,33.37,21.8,26.77
2020-01-07,15.99,29.54,23.45,10.34
2020-01-08,12.24,30.07,23.42,16.76
2020-01-09,19.0,29.62,23.37,20.3
2020-01-10,3.5,31.21,22.5,23.05
2020-01-11,1.83,30.71,24.18,20.58
2020-01-12,25.23,29.95,23.76,19.66
2020-01-13,17.78,30.17,23.55,17.8
2020-01-14,0.98,32.01,21.69,23.49
2020-01-15,0.0,33.73,22.21,29.34
2020-01-16,0.09,33.99,24.43,27.26
2020-01-17,0.61,30.59,23.73,21.9
2020-01-18,0.05,30.47,20.35,27.38
2020-01-19,0.02,32.53,21.59,27.35
2020-01-20,0.02,33.25,23.07,27.21
2020-01-21,0.03,33.22,23.49,26.78
2020-01-22,8.97,30.56,21.69,17.09
2020-01-23,22.2,30.64,20.37,9.22
2020-01-24,3.78,30.88,19.17,25.05
2020-01-25,0.01,31.18,20.0,29.4
2020-01-26,0.0,32.72,22.63,30.03
2020-01-27,0.0,33.52,21.2,29.62
2020-01-28,0.0,34.23,20.95,29.03
2020-01-29,0.49,34.8,22.16,17.98
2020-01-30,11.91,27.71,23.78,19.21
2020-01-31,5.6,30.55,23.18,21.96
2020-02-01,7.72,30.75,23.01,15.93
2020-02-02,5.72,27.97,23.1,13.84
2020-02-03,12.86,29.1,22.61,15.52
2020-02-04,3.04,30.46,22.79,20.47
2020-02-05,8.6,30.13,22.83,19.71
2020-02-06,4.01,30.34,22.78,24.52
2020-02-07,3.09,31.18,20.76,21.32
2020-02-08,1.82,30.43,20.79,20.98
2020-02-09,7.35,30.81,22.61,17.58
2020-02-10,25.55,27.0,21.8,16.89
2020-02-11,6.78,29.21,22.23,13.4
2020-02-12,0.01,30.4,18.55,23.83
2020-02-13,0.0,30.56,18.84,28.38
2020-02-14,0.0,32.19,19.29,27.52
2020-02-15,0.0,33.29,20.88,26.56
2020-02-16,0.08,33.85,23.18,25.7
2020-02-17,5.4,32.48,24.08,23.18
2020-02-18,6.75,32.05,23.94,21.31
2020-02-19,2.62,32.14,24.07,21.76
2020-02-20,15.68,30.17,23.74,17.22
2020-02-21,3.25,29.12,22.83,12.78
2020-02-22,7.71,32.13,22.54,23.46
2020-02-23,2.53,29.62,18.71,16.75
2020-02-24,3.15,29.97,20.11,15.6
2020-02-25,22.07,29.57,23.45,16.01
2020-02-26,18.59,30.47,20.16,13.74
2020-02-27,0.38,29.7,18.68,20.82
2020-02-28,0.0,29.06,18.99,27.06
2020-02-29,0.0,29.73,18.1,26.66
2020-03-01,0.01,29.17,18.87,24.91
2020-03-02,6.22,28.69,19.67,21.51
2020-03-03,0.36,29.34,17.69,25.62
2020-03-04,0.01,30.66,18.09,27.04
2020-03-05,0.01,31.19,18.68,26.71
2020-03-06,0.03,30.37,18.54,26.91
2020-03-07,0.0,31.06,17.52,27.08
2020-03-08,0.0,31.81,17.57,26.51
2020-03-09,0.0,32.71,18.88,25.78
2020-03-10,0.0,33.67,19.42,25.18
2020-03-11,0.0,34.3,21.21,24.97
2020-03-12,0.06,35.6,22.78,25.04
2020-03-13,0.02,35.55,22.47,25.67
2020-03-14,0.01,36.08,21.2,24.55
2020-03-15,1.48,35.72,22.84,23.08
2020-03-16,1.53,34.14,24.06,24.44
2020-03-17,0.43,35.19,23.44,23.06
2020-03-18,1.76,35.34,23.75,21.62
2020-03-19,8.11,32.75,24.62,16.6
2020-03-20,5.22,30.94,23.42,13.45
2020-03-21,0.49,31.91,22.56,17.86
2020-03-22,0.05,32.29,20.63,23.48
2020-03-23,0.04,31.27,17.15,25.35
2020-03-24,0.0,31.22,18.52,23.19
2020-03-25,0.21,31.94,18.41,23.02
2020-03-26,1.13,31.33,17.91,23.61
2020-03-27,0.09,32.22,19.17,22.53
2020-03-28,0.54,34.35,20.47,20.51
2020-03-29,18.75,29.94,22.6,8.88
2020-03-30,0.29,32.07,21.47,18.51
2020-03-31,0.0,32.96,20.67,23.04
2020-04-01,0.01,33.89,20.22,22.83
2020-04-02,0.19,35.2,21.25,20.83
2020-04-03,0.04,33.31,19.57,18.52
2020-04-04,0.0,31.68,15.0,23.79
2020-04-05,0.0,34.76,19.08,23.1
2020-04-06,2.36,36.03,21.61,22.0
2020-04-07,19.96,27.89,22.43,13.49
2020-04-08,0.01,30.7,19.33,20.12
2020-04-09,0.0,29.99,17.73,22.38
2020-04-10,0.01,30.79,16.18,22.8
2020-04-11,0.03,31.27,16.43,20.59
2020-04-12,0.0,31.15,17.75,17.76
2020-04-13,11.02,31.67,18.65,21.47
2020-04-14,10.56,27.07,19.56,11.76
2020-04-15,0.54,24.79,13.2,22.71
2020-04-16,0.0,26.49,9.6,22.63
2020-04-17,0.01,28.84,11.06,22.36
2020-04-18,0.03,27.92,16.1,21.43
2020-04-19,0.06,30.1,15.98,20.95
2020-04-20,0.0,30.6,18.54,19.89
2020-04-21,0.0,31.12,17.62,20.39
2020-04-22,0.02,30.92,16.08,21.47
2020-04-23,0.01,30.75,15.68,21.13
2020-04-24,0.0,32.05,15.21,20.98
2020-04-25,0.01,33.29,19.56,19.43
2020-04-26,0.0,33.28,18.82,20.35
2020-04-27,0.02,31.57,16.86,20.4
2020-04-28,0.03,31.18,17.1,20.42
2020-04-29,0.01,32.13,16.5,20.12
2020-04-30,0.0,32.56,17.81,20.07
2020-05-01,0.0,33.24,20.8,19.69
2020-05-02,0.0,33.53,18.88,18.97
2020-05-03,0.01,31.3,17.62,19.62
2020-05-04,0.01,30.73,15.36,19.69
2020-05-05,0.04,31.35,16.06,15.57
2020-05-06,0.0,33.23,19.46,7.0
2020-05-07,0.0,27.73,15.57,16.94
2020-05-08,0.0,26.85,13.0,20.03
2020-05-09,0.0,29.66,12.17,19.63
2020-05-10,0.01,31.18,14.54,19.07
2020-05-11,0.0,32.02,16.09,18.2
2020-05-12,0.0,31.99,16.68,9.18
2020-05-13,3.65,24.72,18.36,5.3
2020-05-14,0.73,26.39,17.37,7.98
2020-05-15,0.48,28.02,17.74,7.55
2020-05-16,0.02,28.83,15.7,17.33
2020-05-17,0.0,29.8,13.01,18.6
2020-05-18,0.02,30.6,13.45,18.89
2020-05-19,0.01,30.97,14.82,17.79
2020-05-20,0.0,31.35,18.58,16.17
2020-05-21,0.0,32.52,17.41,17.18
2020-05-22,3.27,33.11,18.79,14.47
2020-05-23,20.68,21.01,13.21,9.1
2020-05-24,0.09,20.44,9.48,7.57
2020-05-25,0.05,23.01,8.24,17.83
2020-05-26,0.2,23.23,7.57,18.24
2020-05-27,0.0,24.53,7.19,17.9
2020-05-28,0.0,26.29,9.67,17.99
2020-05-29,0.0,27.99,9.54,17.89
2020-05-30,0.02,28.43,11.07,17.79
2020-05-31,0.01,28.95,13.63,17.18
2020-06-01,0.06,30.69,15.26,16.39
2020-06-02,4.82,27.33,17.74,4.61
2020-06-03,1.58,27.1,16.84,8.28
2020-06-04,0.87,26.41,17.5,5.33
2020-06-05,2.61,30.25,17.7,9.9
2020-06-06,1.53,25.56,16.2,8.02
2020-06-07,0.23,26.66,15.21,10.82
2020-06-08,0.53,31.59,17.49,13.44
2020-06-09,1.75,32.08,20.37,13.43
2020-06-10,0.03,33.38,19.27,13.81
2020-06-11,0.51,33.01,21.07,14.81
2020-06-12,0.79,32.23,18.05,15.19
2020-06-13,0.66,32.39,17.49,16.16
2020-06-14,0.0,30.85,18.08,15.72
2020-06-15,0.0,30.74,15.57,15.53
2020-06-16,0.0,29.82,16.35,16.22
2020-06-17,0.0,29.96,16.19,15.54
2020-06-18,0.0,29.91,17.6,14.3
2020-06-19,0.0,31.0,17.39,15.75
2020-06-20,0.0,30.99,16.36,16.73
2020-06-21,0.0,31.61,16.92,15.66
2020-06-22,0.0,31.44,15.86,16.36
2020-06-23,0.0,29.82,16.61,13.46
2020-06-24,0.01,30.96,14.55,14.82
2020-06-25,2.96,31.2,18.42,14.8
2020-06-26,12.47,27.78,19.32,5.78
2020-06-27,24.18,21.68,16.79,5.54
2020-06-28,0.36,24.17,14.64,7.84
2020-06-29,0.02,26.54,13.49,12.79
2020-06-30,0.24,28.62,17.55,13.85
2020-07-01,2.19,21.49,11.39,15.98
2020-07-02,0.07,21.35,7.43,16.88
2020-07-03,0.0,22.63,8.3,16.85
2020-07-04,0.01,27.89,10.21,16.77
2020-07-05,0.0,31.03,14.83,15.13
2020-07-06,0.0,31.56,17.27,13.07
2020-07-07,0.0,32.13,17.5,16.33
2020-07-08,0.26,28.81,16.48,9.22
2020-07-09,0.03,23.06,12.36,15.94
2020-07-10,0.0,29.08,11.44,16.94
2020-07-11,0.0,31.22,16.6,15.68
2020-07-12,0.0,32.61,16.06,16.27
2020-07-13,0.0,33.11,20.25,14.9
2020-07-14,0.0,30.18,19.74,13.97
2020-07-15,0.0,30.42,18.22,16.39
2020-07-16,0.0,29.78,16.83,16.44
2020-07-17,0.0,32.17,17.82,16.81
2020-07-18,0.0,31.8,16.99,17.09
2020-07-19,0.0,29.99,16.24,17.35
2020-07-20,0.0,30.75,14.98,17.81
2020-07-21,0.01,31.57,15.75,17.89
2020-07-22,0.0,31.92,15.98,18.27
2020-07-23,0.0,31.91,16.05,17.88
2020-07-24,0.0,31.89,15.91,18.06
2020-07-25,0.0,30.24,15.59,17.6
2020-07-26,0.0,31.15,14.42,17.4
2020-07-27,0.0,31.65,16.71,16.62
2020-07-28,0.0,33.07,17.83,17.45
2020-07-29,0.05,31.25,18.73,16.69
2020-07-30,0.0,29.01,16.62,17.11
2020-07-31,0.0,31.07,13.92,16.42
2020-08-01,0.02,30.66,15.5,17.91
2020-08-02,0.02,30.29,14.48,18.81
2020-08-03,0.0,30.82,14.99,19.0
2020-08-04,0.0,30.95,14.24,19.11
2020-08-05,0.0,30.98,13.69,19.77
2020-08-06,0.0,31.3,13.54,19.83
2020-08-07,0.0,31.14,13.49,19.92
2020-08-08,0.02,31.17,14.35,18.67
2020-08-09,0.05,31.65,15.91,19.4
2020-08-10,0.0,32.57,15.84,19.84
2020-08-11,0.0,33.75,16.95,17.29
2020-08-12,0.0,34.82,19.76,16.71
2020-08-13,0.26,35.4,20.61,17.51
2020-08-14,0.25,36.24,22.13,17.91
2020-08-15,0.61,36.04,21.7,17.25
2020-08-16,11.19,28.99,20.86,3.19
2020-08-17,24.42,30.47,19.67,4.74
2020-08-18,5.36,29.36,19.38,13.8
2020-08-19,0.93,31.51,19.09,11.9
2020-08-20,3.27,20.85,14.78,5.04
2020-08-21,1.39,20.68,12.09,4.18
2020-08-22,0.38,22.5,9.33,20.1
2020-08-23,0.01,25.9,10.56,21.52
2020-08-24,0.0,28.13,13.49,20.72
2020-08-25,0.0,29.69,13.36,21.69
2020-08-26,0.01,30.27,11.41,22.35
2020-08-27,0.01,32.68,11.73,23.16
2020-08-28,0.0,34.62,14.03,23.03
2020-08-29,0.0,35.33,16.07,22.01
2020-08-30,0.0,36.41,17.32,22.15
2020-08-31,0.04,35.99,18.77,22.0
2020-09-01,0.07,35.62,18.44,21.8
2020-09-02,0.0,35.58,18.67,21.38
2020-09-03,0.0,36.53,21.54,22.74
2020-09-04,0.0,37.67,19.23,22.05
2020-09-05,0.01,37.88,20.42,23.16
2020-09-06,0.0,37.43,18.5,23.14
2020-09-07,0.0,37.24,20.1,22.23
2020-09-08,0.0,38.46,19.8,22.14
2020-09-09,0.02,39.1,19.66,23.37
2020-09-10,0.0,39.48,21.85,22.26
2020-09-11,0.0,40.28,21.5,22.45
2020-09-12,0.0,39.99,21.28,23.16
2020-09-13,0.0,38.36,21.19,21.58
2020-09-14,0.0,38.03,20.89,18.32
2020-09-15,0.0,36.35,20.12,21.51
2020-09-16,0.0,38.47,19.59,23.18
2020-09-17,0.0,38.92,20.67,22.0
2020-09-18,0.0,36.48,22.6,11.57
2020-09-19,0.19,34.28,22.44,8.1
2020-09-20,0.23,34.35,21.67,11.46
2020-09-21,1.14,31.28,19.17,9.99
2020-09-22,3.7,31.5,17.4,17.52
2020-09-23,0.01,33.64,16.26,24.54
2020-09-24,0.01,35.09,19.54,25.39
2020-09-25,0.0,37.95,19.56,25.25
2020-09-26,0.0,40.11,21.67,26.36
2020-09-27,0.47,41.23,23.53,23.32
2020-09-28,0.21,40.75,24.32,22.34
2020-09-29,0.01,41.39,23.37,23.35
2020-09-30,0.0,43.38,24.88,25.39
2020-10-01,0.0,42.91,25.08,23.37
2020-10-02,0.0,43.88,25.72,24.01
2020-10-03,0.0,44.18,28.32,23.79
2020-10-04,0.0,42.32,23.11,24.55
2020-10-05,0.0,43.62,24.03,24.33
2020-10-06,0.0,44.5,24.6,23.92
2020-10-07,0.14,44.43,26.04,21.09
2020-10-08,2.02,43.2,27.53,17.31
2020-10-09,0.23,41.57,27.52,14.76
2020-10-10,0.96,35.13,22.24,18.7
2020-10-11,0.04,36.05,18.38,24.5
2020-10-12,0.0,38.55,20.27,24.25
2020-10-13,35.15,36.15,24.01,19.38
2020-10-14,3.58,35.92,22.94,21.9
2020-10-15,4.71,32.61,23.19,9.1
2020-10-16,0.06,31.0,20.13,16.69
2020-10-17,0.22,33.28,18.69,26.72
2020-10-18,0.0,34.02,18.9,23.8
2020-10-19,6.37,33.59,22.19,16.88
2020-10-20,2.42,32.81,20.84,16.59
2020-10-21,2.55,33.5,22.84,19.37
2020-10-22,0.02,33.1,21.67,26.56
2020-10-23,7.16,33.49,21.99,23.12
2020-10-24,1.62,33.78,22.65,14.64
2020-10-25,0.13,36.01,22.35,25.37
2020-10-26,5.79,34.7,22.51,10.99
2020-10-27,6.32,31.94,20.72,24.03
2020-10-28,0.14,35.85,18.86,29.78
2020-10-29,0.81,30.39,24.56,15.79
2020-10-30,0.83,33.39,22.02,17.46
2020-10-31,0.0,32.35,19.21,24.8
2020-11-01,0.0,31.65,16.78,27.62
2020-11-02,0.0,31.64,15.52,30.26
2020-11-03,0.0,32.38,15.72,28.19
2020-11-04,0.1,34.48,16.68,29.87
2020-11-05,0.16,35.2,16.52,29.57
2020-11-06,0.0,36.45,18.61,30.63
2020-11-07,0.0,38.89,18.46,30.43
2020-11-08,0.0,40.86,20.93,28.9
2020-11-09,6.75,39.26,23.98,13.89
2020-11-10,1.92,31.92,24.07,16.43
2020-11-11,3.03,33.56,23.31,20.35
2020-11-12,0.89,32.48,23.6,19.84
2020-11-13,1.1,32.31,23.1,21.94
2020-11-14,1.53,34.16,23.12,27.52
2020-11-15,0.62,37.43,22.87,20.64
2020-11-16,0.42,36.4,24.59,27.53
2020-11-17,0.47,37.95,25.31,26.43
2020-11-18,9.34,36.38,24.06,16.24
2020-11-19,0.53,33.49,20.88,21.28
2020-11-20,0.02,33.25,18.36,30.41
2020-11-21,0.0,34.81,18.5,30.2
2020-11-22,0.0,36.5,19.11,31.35
2020-11-23,0.0,37.16,19.86,31.81
2020-11-24,0.0,37.88,20.74,28.68
2020-11-25,0.0,38.67,23.37,30.25
2020-11-26,0.01,38.72,23.65,29.59
2020-11-27,0.71,39.37,24.36,27.78
2020-11-28,2.06,37.65,24.47,27.08
2020-11-29,0.0,40.45,23.97,28.93
2020-11-30,1.09,40.86,24.81,24.58
2020-12-01,3.28,37.1,24.14,24.91
2020-12-02,6.93,34.35,23.26,25.85
2020-12-03,8.96,32.71,23.69,9.75
2020-12-04,14.7,34.47,22.87,23.25
2020-12-05,3.31,30.85,23.01,19.22
2020-12-06,7.72,31.02,22.45,16.38
2020-12-07,9.16,30.78,22.16,11.3
2020-12-08,0.69,33.75,22.02,25.85
2020-12-09,0.01,35.48,21.69,29.23
2020-12-10,2.53,35.65,21.27,27.05
2020-12-11,2.19,31.3,21.56,20.12
2020-12-12,3.92,29.34,21.63,18.46
2020-12-13,5.69,33.41,22.12,25.88
2020-12-14,3.04,35.29,23.63,16.15
2020-12-15,9.66,32.75,23.29,27.21
2020-12-16,1.82,31.62,23.91,26.92
2020-12-17,1.41,30.52,22.93,24.33
2020-12-18,0.83,36.8,23.62,27.71
2020-12-19,7.39,37.79,24.16,26.22
2020-12-20,4.83,36.01,24.35,27.61
2020-12-21,1.46,36.84,24.66,20.98
2020-12-22,1.55,34.39,25.04,24.13
2020-12-23,0.58,36.24,24.32,27.46
2020-12-24,0.16,37.05,22.76,29.85
2020-12-25,0.03,36.4,21.03,30.11
2020-12-26,0.29,36.49,20.86,28.63
2020-12-27,11.05,32.98,24.51,22.8
2020-12-28,7.25,33.16,23.17,24.99
2020-12-29,0.12,34.29,23.85,24.16
2020-12-30,0.51,36.37,23.51,28.22
2020-12-31,4.89,33.83,24.73,11.41
2021-01-01,3.51,32.72,23.09,21.92
2021-01-02,0.17,36.71,22.63,25.82
2021-01-03,1.85,35.88,22.11,29.26
2021-01-04,0.45,36.99,21.02,23.14
2021-01-05,3.21,32.4,23.64,21.81
2021-01-06,2.26,32.16,24.08,25.9
2021-01-07,5.05,33.73,23.72,18.14
2021-01-08,2.22,33.27,23.18,26.73
2021-01-09,0.0,38.21,23.05,28.96
2021-01-10,0.0,39.21,23.46,23.7
2021-01-11,0.07,35.31,26.37,24.67
2021-01-12,7.01,34.58,26.17,23.1
2021-01-13,10.41,31.98,24.68,14.91
2021-01-14,6.11,30.58,23.47,17.23
2021-01-15,9.99,32.66,22.97,16.41
2021-01-16,7.12,29.38,23.08,12.3
2021-01-17,9.26,28.18,22.41,14.89
2021-01-18,7.64,29.74,21.39,17.43
2021-01-19,11.13,28.81,22.79,14.67
2021-01-20,2.31,31.15,22.26,13.57
2021-01-21,0.17,34.25,21.35,16.7
2021-01-22,1.01,33.95,22.09,18.77
2021-01-23,0.1,35.58,23.02,27.24
2021-01-24,0.34,34.6,23.1,11.41
2021-01-25,5.29,31.24,23.33,11.32
2021-01-26,0.38,31.63,21.62,21.67
2021-01-27,7.89,31.95,23.1,20.54
2021-01-28,10.45,30.42,22.44,18.04
2021-01-29,5.7,30.83,22.65,19.81
2021-01-30,10.08,30.75,22.46,19.61
2021-01-31,7.48,31.9,23.01,18.43
2021-02-01,4.48,30.48,22.17,23.38
2021-02-02,0.84,32.79,21.68,25.31
2021-02-03,0.34,35.06,22.22,27.29
2021-02-04,0.99,33.13,24.05,19.34
2021-02-05,0.66,30.59,21.8,27.3
2021-02-06,0.01,32.46,17.94,29.88
2021-02-07,0.01,33.24,18.85,28.57
2021-02-08,0.0,33.71,19.8,29.13
2021-02-09,0.01,34.58,19.52,26.59
2021-02-10,0.78,36.05,20.34,26.09
2021-02-11,4.75,33.25,20.66,10.84
2021-02-12,5.6,28.31,20.83,15.47
2021-02-13,4.02,32.13,21.15,23.57
2021-02-14,5.53,33.06,22.43,10.2
2021-02-15,4.54,29.95,21.37,20.81
2021-02-16,0.62,32.78,21.76,21.59
2021-02-17,4.93,32.52,23.07,20.95
2021-02-18,0.02,34.52,20.98,29.18
2021-02-19,0.04,34.58,16.42,26.51
2021-02-20,0.0,35.94,18.07,29.0
2021-02-21,0.0,37.25,21.76,26.3
2021-02-22,0.01,37.41,22.53,26.06
2021-02-23,1.06,38.15,23.1,22.97
2021-02-24,2.68,38.75,23.73,26.03
2021-02-25,5.53,38.0,23.91,24.44
2021-02-26,15.53,32.68,21.86,18.37
2021-02-27,0.72,32.22,21.15,22.94
2021-02-28,2.28,31.43,21.38,19.52
2021-03-01,8.61,30.5,21.68,19.86
2021-03-02,7.15,31.91,20.6,20.35
2021-03-03,4.03,30.88,21.24,17.98
2021-03-04,16.53,29.01,22.12,11.8
2021-03-05,18.28,27.42,22.31,13.86
2021-03-06,3.52,29.34,21.04,14.76
2021-03-07,0.64,30.57,20.84,24.25
2021-03-08,2.18,31.45,20.73,20.5
2021-03-09,1.2,31.77,22.09,25.25
2021-03-10,0.48,32.97,20.97,25.4
2021-03-11,0.37,35.12,22.08,26.2
2021-03-12,0.0,35.44,21.72,25.53
2021-03-13,0.08,33.97,23.59,24.76
2021-03-14,0.04,34.53,22.26,24.38
2021-03-15,0.01,34.58,21.75,23.19
2021-03-16,0.05,36.13,22.12,22.12
2021-03-17,5.93,30.97,23.69,13.48
2021-03-18,4.18,32.79,22.88,21.14
2021-03-19,6.28,32.86,22.54,17.37
2021-03-20,1.83,33.97,22.12,22.98
2021-03-21,0.08,35.03,23.6,22.1
2021-03-22,0.0,35.77,21.82,24.34
2021-03-23,0.01,36.66,21.64,19.97
2021-03-24,0.0,35.75,23.01,23.47
2021-03-25,0.21,37.16,23.79,23.54
2021-03-26,0.34,36.93,25.34,21.41
2021-03-27,0.51,37.12,24.98,20.98
2021-03-28,0.02,37.75,23.56,22.3
2021-03-29,0.25,37.86,22.74,22.43
2021-03-30,0.56,35.52,22.47,22.37
2021-03-31,0.0,34.24,20.65,21.99
2021-04-01,0.0,34.1,18.2,21.07
2021-04-02,0.0,34.21,18.49,23.66
2021-04-03,0.0,34.82,18.58,22.53
2021-04-04,0.0,34.07,19.82,22.92
2021-04-05,0.0,35.41,19.34,23.06
2021-04-06,0.88,34.67,22.01,20.68
2021-04-07,0.01,34.18,20.53,15.78
2021-04-08,0.0,34.51,20.66,20.6
2021-04-09,0.0,34.86,20.18,22.69
2021-04-10,0.0,34.98,18.94,22.65
2021-04-11,0.0,35.47,18.98,23.19
2021-04-12,0.01,36.6,19.06,21.36
2021-04-13,0.01,34.17,22.69,17.5
2021-04-14,0.01,34.07,20.47,17.87
2021-04-15,0.0,33.89,19.06,20.28
2021-04-16,2.23,34.39,20.07,16.61
2021-04-17,2.59,32.75,20.28,12.59
2021-04-18,0.16,31.88,20.73,18.02
2021-04-19,0.07,31.67,18.48,19.69
2021-04-20,0.0,31.64,17.53,21.22
2021-04-21,0.0,30.89,16.15,21.71
2021-04-22,0.13,31.02,15.74,21.55
2021-04-23,0.02,31.17,15.82,20.23
2021-04-24,0.0,33.04,16.88,20.48
2021-04-25,0.0,33.4,20.38,15.54
2021-04-26,0.0,32.48,19.19,16.41
2021-04-27,0.0,31.71,16.47,20.71
2021-04-28,0.0,32.08,13.58,20.69
2021-04-29,0.01,30.45,14.4,20.48
2021-04-30,0.0,30.89,15.14,17.85
2021-05-01,0.59,30.05,17.88,16.84
2021-05-02,0.04,33.21,17.88,18.76
2021-05-03,0.0,33.37,17.86,19.8
2021-05-04,0.01,33.91,17.22,20.04
2021-05-05,0.0,33.74,17.76,19.7
2021-05-06,0.0,32.97,18.1,18.78
2021-05-07,0.36,27.5,16.15,14.34
2021-05-08,0.93,30.41,15.55,18.33
2021-05-09,0.91,30.75,15.3,18.78
2021-05-10,0.01,31.56,16.61,16.86
2021-05-11,0.0,32.63,17.18,17.62
2021-05-12,0.09,30.91,19.04,13.39
2021-05-13,0.02,28.08,18.36,17.0
2021-05-14,0.14,28.49,15.4,16.73
2021-05-15,0.01,31.35,16.36,17.39
2021-05-16,0.0,31.97,16.59,17.67
2021-05-17,0.0,32.07,16.38,17.53
2021-05-18,0.0,31.4,16.87,18.01
2021-05-19,0.0,31.78,13.91,17.17
2021-05-20,0.0,32.74,16.01,16.71
2021-05-21,0.0,33.56,18.68,16.75
2021-05-22,4.45,30.09,21.28,4.82
2021-05-23,2.27,26.7,16.39,9.0
2021-05-24,0.0,23.75,11.61,16.9
2021-05-25,0.01,27.17,14.1,16.1
2021-05-26,0.0,32.36,15.62,15.72
2021-05-27,0.0,33.56,17.96,15.55
2021-05-28,0.0,33.38,21.0,13.0
2021-05-29,0.0,34.18,21.06,14.86
2021-05-30,1.43,33.19,20.42,12.35
2021-05-31,1.19,30.36,18.49,9.73
2021-06-01,0.01,30.3,17.39,15.17
2021-06-02,0.0,32.71,16.9,16.49
2021-06-03,0.0,33.48,17.53,16.49
2021-06-04,0.0,33.61,17.3,16.58
2021-06-05,0.0,33.37,19.32,16.18
2021-06-06,0.01,33.23,20.27,14.44
2021-06-07,6.21,31.04,18.79,10.88
2021-06-08,2.64,29.88,18.27,4.28
2021-06-09,14.97,28.74,16.91,8.77
2021-06-10,12.6,26.86,18.4,3.05
2021-06-11,0.75,23.96,17.11,8.21
2021-06-12,0.04,25.62,13.94,15.86
2021-06-13,0.05,25.65,11.83,17.05
2021-06-14,0.01,27.4,11.41,17.05
2021-06-15,0.01,28.12,12.71,17.11
2021-06-16,0.02,27.08,11.6,16.45
2021-06-17,0.02,27.19,12.34,14.7
2021-06-18,0.02,27.34,16.06,12.14
2021-06-19,0.0,30.27,15.27,11.84
2021-06-20,0.01,25.35,15.28,11.29
2021-06-21,0.02,28.4,14.23,12.42
2021-06-22,0.01,28.73,18.31,14.04
2021-06-23,0.0,28.81,17.06,15.68
2021-06-24,0.0,31.52,15.32,15.73
2021-06-25,0.01,32.69,18.83,14.51
2021-06-26,0.06,31.77,17.85,15.0
2021-06-27,0.0,31.44,16.45,16.53
2021-06-28,0.4,22.76,10.4,8.43
2021-06-29,0.3,16.86,7.73,13.77
2021-06-30,0.01,19.45,4.44,17.14
2021-07-01,0.02,21.89,4.69,17.55
2021-07-02,0.16,27.62,7.53,17.38
2021-07-03,0.01,29.08,10.76,17.61
2021-07-04,0.01,28.32,10.67,15.98
2021-07-05,0.0,28.31,11.82,16.28
2021-07-06,0.06,27.68,11.79,16.79
2021-07-07,0.01,27.23,11.85,16.91
2021-07-08,0.0,27.45,11.06,17.17
2021-07-09,0.0,27.95,11.17,17.03
2021-07-10,0.0,29.67,12.4,16.86
2021-07-11,0.0,29.61,13.92,17.23
2021-07-12,0.0,30.6,14.31,17.2
2021-07-13,0.0,30.69,14.05,17.45
2021-07-14,0.0,31.53,14.2,16.78
2021-07-15,0.02,32.75,15.85,15.76
2021-07-16,0.04,28.71,16.43,14.65
2021-07-17,0.74,26.57,16.2,13.13
2021-07-18,0.04,24.74,10.73,17.21
2021-07-19,0.01,21.23,4.61,18.58
2021-07-20,0.0,24.77,5.72,17.13
2021-07-21,0.0,28.54,9.42,17.95
2021-07-22,0.01,31.25,8.77,18.43
2021-07-23,0.0,31.08,13.01,18.14
2021-07-24,0.0,31.5,13.62,18.11
2021-07-25,0.0,31.89,13.89,18.21
2021-07-26,0.0,33.04,14.96,18.23
2021-07-27,0.06,32.62,15.53,14.67
2021-07-28,0.79,15.7,8.22,5.48
2021-07-29,0.0,17.49,4.27,19.1
2021-07-30,0.0,20.86,3.85,18.09
2021-07-31,0.0,25.9,7.04,17.14
2021-08-01,0.0,25.52,9.82,10.04
2021-08-02,0.0,28.59,11.64,18.2
2021-08-03,0.0,28.28,11.32,19.17
2021-08-04,0.0,26.11,10.86,17.17
2021-08-05,0.0,28.01,13.42,13.24
2021-08-06,0.01,29.01,14.91,16.24
2021-08-07,0.0,30.86,16.84,18.07
2021-08-08,0.0,31.85,16.17,18.97
2021-08-09,0.0,32.78,16.05,18.85
2021-08-10,0.0,34.19,16.82,19.48
2021-08-11,0.08,32.76,16.1,18.07
2021-08-12,0.15,31.78,16.83,17.66
2021-08-13,0.09,32.37,15.24,18.53
2021-08-14,0.48,32.59,15.39,18.26
2021-08-15,0.0,34.59,16.97,19.04
2021-08-16,0.0,35.88,20.5,18.57
2021-08-17,0.01,36.96,18.47,19.31
2021-08-18,0.16,37.32,19.9,19.91
2021-08-19,0.0,36.05,19.52,20.29
2021-08-20,0.0,35.1,19.2,20.43
2021-08-21,0.0,34.96,18.52,20.35
2021-08-22,0.0,35.47,17.82,21.13
2021-08-23,0.0,36.32,19.45,19.73
2021-08-24,0.0,37.5,24.03,18.66
2021-08-25,0.0,37.82,24.46,18.73
2021-08-26,0.14,28.41,20.46,14.46
2021-08-27,1.61,31.68,17.76,11.82
2021-08-28,8.71,27.13,16.93,8.34
2021-08-29,1.55,27.16,17.42,9.86
2021-08-30,0.0,31.42,16.26,21.42
2021-08-31,0.0,31.9,16.62,22.49
2021-09-01,0.01,32.5,16.98,22.18
2021-09-02,0.0,33.29,15.56,22.35
2021-09-03,0.01,35.47,18.46,21.14
2021-09-04,0.03,37.34,19.19,22.17
2021-09-05,0.0,38.57,20.06,18.04
2021-09-06,0.0,38.94,20.13,22.32
2021-09-07,0.0,39.65,20.77,20.87
2021-09-08,0.62,40.69,23.89,18.18
2021-09-09,4.28,31.53,19.15,7.81
2021-09-10,0.25,29.78,16.98,11.92
2021-09-11,0.06,31.14,19.27,10.73
2021-09-12,0.01,38.19,18.58,20.16
2021-09-13,0.0,40.67,21.93,16.45
2021-09-14,1.56,37.83,23.43,16.21
2021-09-15,7.34,33.13,22.88,15.97
2021-09-16,0.01,36.46,21.55,12.08
2021-09-17,0.0,38.71,20.36,20.24
2021-09-18,0.01,39.56,21.92,20.02
2021-09-19,0.0,39.77,22.79,22.84
2021-09-20,0.0,41.47,24.28,22.66
2021-09-21,0.0,42.0,25.08,20.29
2021-09-22,0.0,31.61,20.65,21.85
2021-09-23,0.0,33.44,17.25,22.77
2021-09-24,0.0,36.39,19.87,22.47
2021-09-25,0.23,35.69,21.86,19.47
2021-09-26,2.48,38.35,22.95,14.23
2021-09-27,0.22,36.18,21.47,23.19
2021-09-28,0.0,39.11,22.49,23.85
2021-09-29,0.74,40.73,26.58,20.62
2021-09-30,0.51,38.2,22.92,24.15
2021-10-01,6.95,38.9,24.4,14.13
2021-10-02,5.21,34.32,23.38,5.84
2021-10-03,5.83,36.5,23.51,17.1
2021-10-04,2.45,36.16,22.92,12.73
2021-10-05,0.06,35.56,22.14,18.3
2021-10-06,3.85,36.21,21.83,23.2
2021-10-07,0.68,34.69,24.28,7.77
2021-10-08,0.0,35.18,22.15,25.56
2021-10-09,4.14,35.78,21.74,18.99
2021-10-10,15.11,27.24,20.61,3.0
2021-10-11,0.21,30.84,19.1,16.86
2021-10-12,0.0,34.29,18.28,25.87
2021-10-13,0.01,35.71,18.93,27.5
2021-10-14,3.58,35.79,22.19,8.34
2021-10-15,3.84,33.54,24.15,18.98
2021-10-16,13.71,32.82,23.28,14.83
2021-10-17,0.74,33.48,21.5,14.49
2021-10-18,0.88,28.09,21.75,16.53
2021-10-19,0.31,31.66,19.48,15.02
2021-10-20,0.26,31.26,16.76,28.72
2021-10-21,0.27,32.22,15.55,28.98
2021-10-22,0.0,34.56,16.66,28.47
2021-10-23,0.93,36.01,19.05,23.85
2021-10-24,36.62,26.83,18.71,8.84
2021-10-25,0.01,31.21,17.24,19.02
2021-10-26,0.01,30.85,19.28,19.18
2021-10-27,0.05,31.77,21.96,20.03
2021-10-28,0.05,32.85,21.94,23.85
2021-10-29,0.0,34.92,21.83,27.34
2021-10-30,6.27,34.54,21.8,21.83
2021-10-31,6.59,31.42,22.12,13.7
2021-11-01,0.12,32.52,19.46,25.53
2021-11-02,0.0,33.82,19.86,27.0
2021-11-03,0.0,35.13,21.82,28.6
2021-11-04,0.0,37.75,20.8,28.33
2021-11-05,0.01,37.74,23.02,25.12
2021-11-06,0.06,31.6,25.5,22.76
2021-11-07,0.02,37.79,23.57,26.83
2021-11-08,0.32,38.18,23.67,26.8
2021-11-09,0.52,37.82,23.46,28.37
2021-11-10,4.3,37.78,22.8,25.6
2021-11-11,2.79,33.48,21.18,16.34
2021-11-12,0.01,34.54,20.16,25.71
2021-11-13,0.0,33.86,18.37,30.49
2021-11-14,0.08,36.06,17.28,26.9
2021-11-15,0.8,36.08,22.2,24.21
2021-11-16,0.09,36.43,23.33,25.61
2021-11-17,2.73,35.34,23.95,19.7
2021-11-18,19.16,32.33,23.52,12.62
2021-11-19,7.84,30.62,22.8,17.46
2021-11-20,0.24,33.76,21.78,27.82
2021-11-21,0.0,34.4,19.04,30.96
2021-11-22,0.04,36.18,18.08,28.69
2021-11-23,0.0,39.06,18.58,29.5
2021-11-24,0.01,39.0,23.08,26.68
2021-11-25,3.04,37.69,25.05,24.82
2021-11-26,5.42,33.57,25.19,22.17
2021-11-27,0.6,36.38,19.98,31.29
2021-11-28,0.24,38.1,20.54,28.3
2021-11-29,7.1,31.21,24.67,18.9
2021-11-30,6.28,30.99,23.67,19.7
2021-12-01,0.09,36.69,19.32,30.18
2021-12-02,1.39,37.06,20.72,21.4
2021-12-03,1.23,36.23,22.68,30.0
2021-12-04,0.01,35.99,21.14,29.86
2021-12-05,0.24,37.07,22.66,29.23
2021-12-06,4.01,35.74,23.18,26.64
2021-12-07,0.09,34.18,21.74,28.64
2021-12-08,0.0,33.15,17.49,29.58
2021-12-09,0.0,34.48,17.72,31.61
2021-12-10,0.0,36.35,17.09,32.25
2021-12-11,0.0,38.64,20.68,30.07
2021-12-12,0.14,39.27,23.48,22.16
2021-12-13,7.51,31.04,23.72,15.79
2021-12-14,14.77,28.53,23.46,15.43
2021-12-15,6.1,29.25,23.49,9.93
2021-12-16,13.25,28.11,23.14,18.15
2021-12-17,2.5,32.26,22.78,21.05
2021-12-18,7.07,32.53,22.51,16.49
2021-12-19,0.04,32.84,19.48,30.71
2021-12-20,0.01,33.35,18.43,31.05
2021-12-21,0.0,35.97,21.46,29.91
2021-12-22,0.75,37.15,23.27,29.16
2021-12-23,2.34,36.9,24.21,18.32
2021-12-24,0.23,34.33,20.07,30.26
2021-12-25,0.0,35.09,18.75,31.23
2021-12-26,0.0,37.38,19.58,30.25
2021-12-27,0.01,38.38,21.66,30.4
2021-12-28,1.16,37.83,24.37,25.75
2021-12-29,7.4,31.67,23.45,12.05
2021-12-30,20.24,31.99,20.59,20.19
2021-12-31,2.84,32.85,20.03,25.94
2022-01-01,1.2,33.55,22.05,24.92
2022-01-02,2.83,33.75,21.91,24.28
2022-01-03,8.73,33.55,22.55,23.83
2022-01-04,7.25,29.81,23.0,20.79
2022-01-05,7.55,29.38,23.6,24.74
2022-01-06,8.0,28.94,22.4,21.01
2022-01-07,2.06,31.87,20.75,19.69
2022-01-08,0.02,32.62,19.49,26.51
2022-01-09,0.0,31.85,19.31,27.01
2022-01-10,4.14,32.56,18.71,28.45
2022-01-11,4.53,30.91,19.7,23.69
2022-01-12,10.97,27.91,21.23,20.23
2022-01-13,7.32,30.25,21.35,18.9
2022-01-14,0.87,33.39,21.41,27.21
2022-01-15,0.4,34.7,23.59,23.99
2022-01-16,1.29,31.28,23.92,19.0
2022-01-17,0.15,31.94,21.84,19.51
2022-01-18,6.48,34.05,23.07,14.01
2022-01-19,10.47,31.65,21.78,23.84
2022-01-20,3.9,33.33,21.85,25.47
2022-01-21,0.98,34.36,22.28,24.74
2022-01-22,0.12,37.42,24.04,28.02
2022-01-23,0.26,38.55,24.31,26.06
2022-01-24,1.86,37.68,26.03,24.73
2022-01-25,0.72,36.98,25.61,26.6
2022-01-26,5.55,34.79,24.89,24.66
2022-01-27,6.34,32.45,23.57,18.75
2022-01-28,13.13,29.15,23.26,17.13
2022-01-29,49.67,29.19,22.47,16.35
2022-01-30,50.72,26.68,22.16,8.92
2022-01-31,15.4,27.57,21.94,13.58
2022-02-01,7.2,27.74,21.02,15.03
2022-02-02,17.75,27.17,21.49,12.41
2022-02-03,21.43,27.16,21.77,16.47
2022-02-04,4.52,29.34,21.69,24.24
2022-02-05,8.6,27.61,22.87,19.68
2022-02-06,4.16,29.28,22.61,19.81
2022-02-07,0.07,30.17,21.28,25.14
2022-02-08,0.05,30.41,16.62,28.1
2022-02-09,1.95,30.03,18.57,28.5
2022-02-10,0.0,30.44,18.67,27.9
2022-02-11,2.29,30.62,18.86,25.7
2022-02-12,0.18,31.39,20.25,28.78
2022-02-13,0.0,32.0,19.72,27.91
2022-02-14,0.0,33.52,21.04,27.56
2022-02-15,0.79,33.67,21.97,26.08
2022-02-16,6.01,32.08,22.35,26.42
2022-02-17,8.43,31.88,22.17,25.75
2022-02-18,1.33,29.91,21.79,17.27
2022-02-19,0.31,31.52,20.34,26.52
2022-02-20,0.26,32.11,20.86,26.65
2022-02-21,1.29,32.32,21.74,25.15
2022-02-22,4.75,33.67,22.31,26.02
2022-02-23,2.33,33.68,23.29,23.24
2022-02-24,3.12,33.6,23.36,21.05
2022-02-25,1.69,31.85,23.15,23.92
2022-02-26,2.49,30.39,23.21,24.26
2022-02-27,5.86,33.5,21.43,24.52
2022-02-28,0.3,34.83,23.11,25.69
2022-03-01,15.5,33.82,24.02,18.88
2022-03-02,8.64,27.86,23.03,9.99
2022-03-03,0.27,31.89,21.66,24.6
2022-03-04,1.0,31.84,22.5,24.41
2022-03-05,0.53,32.65,21.75,23.42
2022-03-06,4.86,32.77,22.45,22.78
2022-03-07,0.17,34.05,21.37,25.12
2022-03-08,0.02,35.27,22.76,23.8
2022-03-09,1.26,28.7,24.25,20.58
2022-03-10,3.53,32.28,23.54,24.65
2022-03-11,4.32,32.19,22.5,22.65
2022-03-12,11.44,29.55,22.3,15.38
2022-03-13,11.83,26.8,22.47,17.81
2022-03-14,4.84,30.21,21.6,16.9
2022-03-15,0.13,31.25,21.68,21.43
2022-03-16,0.51,32.29,21.52,18.17
2022-03-17,0.98,32.06,23.33,22.18
2022-03-18,0.8,32.9,23.13,22.4
2022-03-19,13.24,28.59,23.76,11.05
2022-03-20,3.17,29.03,22.31,14.89
2022-03-21,0.05,28.37,19.4,22.01
2022-03-22,0.0,31.4,18.76,24.75
2022-03-23,0.02,32.71,21.24,23.57
2022-03-24,11.86,32.26,22.25,15.88
2022-03-25,6.41,28.76,23.17,13.27
2022-03-26,9.12,28.8,21.73,12.4
2022-03-27,0.72,30.17,21.52,14.66
2022-03-28,0.4,31.36,21.62,21.09
2022-03-29,0.01,32.2,20.67,24.19
2022-03-30,1.5,32.95,21.95,18.29
2022-03-31,13.14,30.58,22.19,15.68
2022-04-01,2.87,28.61,18.64,9.1
2022-04-02,0.0,30.4,18.57,20.65
2022-04-03,0.0,31.96,19.21,22.75
2022-04-04,0.97,32.72,21.29,21.02
2022-04-05,2.35,33.27,21.76,21.42
2022-04-06,0.01,33.28,22.35,21.92
2022-04-07,0.45,34.08,21.7,21.97
2022-04-08,0.49,34.63,22.09,18.79
2022-04-09,0.04,33.24,23.67,20.53
2022-04-10,0.01,34.18,22.33,20.49
2022-04-11,3.83,32.9,23.27,13.52
2022-04-12,1.81,33.66,22.94,17.33
2022-04-13,17.32,29.35,22.69,7.52
2022-04-14,0.61,29.18,20.37,16.91
2022-04-15,0.01,28.35,16.98,22.51
2022-04-16,0.0,27.0,13.41,22.89
2022-04-17,0.0,28.09,13.24,22.05
2022-04-18,0.01,29.51,14.66,21.15
2022-04-19,0.0,31.58,15.81,21.07
2022-04-20,0.0,32.17,16.34,20.85
2022-04-21,0.01,32.78,17.19,20.87
2022-04-22,0.01,33.88,18.78,20.16
2022-04-23,1.83,32.24,19.91,9.24
2022-04-24,0.01,33.62,19.69,20.08
2022-04-25,0.0,34.86,19.92,19.87
2022-04-26,0.06,35.18,20.82,17.86
2022-04-27,0.0,34.82,21.02,18.86
2022-04-28,0.76,33.84,22.02,15.69
2022-04-29,4.98,33.43,20.78,18.23
2022-04-30,2.82,32.35,18.58,18.77
2022-05-01,0.1,33.23,20.68,13.18
2022-05-02,0.04,33.54,21.65,16.72
2022-05-03,2.17,34.47,20.02,16.37
2022-05-04,5.09,23.73,14.14,12.28
2022-05-05,0.13,25.49,12.14,11.94
2022-05-06,0.1,28.1,13.5,18.69
2022-05-07,0.09,28.09,13.59,19.09
2022-05-08,0.16,29.87,13.33,18.76
2022-05-09,0.0,31.41,15.17,18.12
2022-05-10,1.76,31.78,17.15,17.04
2022-05-11,0.91,27.96,19.07,10.56
2022-05-12,0.03,29.13,15.6,17.84
2022-05-13,0.01,30.64,14.78,18.34
2022-05-14,1.45,31.58,15.62,13.72
2022-05-15,9.77,28.4,19.42,6.55
2022-05-16,0.14,24.78,14.74,15.88
2022-05-17,0.0,19.0,8.32,19.29
2022-05-18,0.07,18.08,6.34,9.6
2022-05-19,0.16,20.25,7.52,16.82
2022-05-20,0.0,22.03,7.35,18.37
2022-05-21,0.29,24.44,7.58,17.21
2022-05-22,0.0,26.24,8.74,17.82
2022-05-23,0.0,28.52,12.97,17.15
2022-05-24,0.0,30.03,12.75,16.55
2022-05-25,0.0,29.83,14.36,17.05
2022-05-26,0.0,29.79,13.98,15.96
2022-05-27,0.07,29.65,14.94,14.17
2022-05-28,0.78,31.27,17.38,16.08
2022-05-29,0.07,32.56,17.02,15.94
2022-05-30,2.46,33.01,19.59,9.31
2022-05-31,3.62,28.22,17.84,7.9
2022-06-01,7.68,29.07,18.37,11.82
2022-06-02,0.1,29.13,18.43,11.56
2022-06-03,0.02,27.52,16.37,10.27
2022-06-04,0.01,28.26,15.98,15.94
2022-06-05,0.0,30.97,15.98,15.95
2022-06-06,0.01,31.17,16.63,14.28
2022-06-07,0.56,31.82,18.95,14.03
2022-06-08,0.82,28.16,18.75,9.71
2022-06-09,3.05,28.05,18.01,6.61
2022-06-10,1.12,25.29,18.46,8.66
2022-06-11,0.0,22.88,12.8,14.37
2022-06-12,0.01,20.98,8.54,14.06
2022-06-13,0.05,23.93,7.85,16.83
2022-06-14,0.07,23.76,8.59,15.9
2022-06-15,0.58,28.34,11.6,14.67
2022-06-16,0.16,31.48,14.89,15.86
2022-06-17,4.89,32.04,15.4,14.47
2022-06-18,25.91,21.9,12.75,12.21
2022-06-19,0.54,25.07,9.42,10.56
2022-06-20,0.33,27.66,14.79,12.99
2022-06-21,0.07,29.8,15.81,15.46
2022-06-22,0.0,30.04,16.43,15.42
2022-06-23,0.17,30.45,16.09,15.89
2022-06-24,0.05,30.04,14.59,15.75
2022-06-25,0.0,29.12,13.78,15.94
2022-06-26,0.0,26.97,15.92,15.46
2022-06-27,0.03,27.63,13.67,15.31
2022-06-28,0.29,29.55,15.26,15.52
2022-06-29,0.07,28.56,14.56,15.53
2022-06-30,0.01,28.66,12.63,16.4
2022-07-01,0.12,29.52,14.17,15.98
2022-07-02,0.01,31.75,15.16,16.02
2022-07-03,0.51,32.23,15.2,16.12
2022-07-04,0.39,31.41,14.41,16.58
2022-07-05,0.39,30.18,13.12,16.34
2022-07-06,0.75,29.47,14.03,14.29
2022-07-07,0.0,30.94,15.0,16.37
2022-07-08,0.01,31.23,15.91,14.64
2022-07-09,0.06,30.76,16.06,16.21
2022-07-10,0.85,30.97,15.37,14.66
2022-07-11,0.0,30.94,16.92,16.26
2022-07-12,0.3,27.26,17.21,9.59
2022-07-13,0.25,28.93,15.64,10.71
2022-07-14,0.0,31.2,15.82,15.58
2022-07-15,0.03,32.43,17.28,13.91
2022-07-16,0.0,33.78,18.59,13.26
2022-07-17,0.0,28.45,18.17,13.03
2022-07-18,0.0,32.72,16.6,15.36
2022-07-19,0.0,32.37,17.4,16.46
2022-07-20,0.02,31.76,17.35,16.19
2022-07-21,0.0,32.21,16.49,16.86
2022-07-22,0.0,31.96,16.38,16.91
2022-07-23,0.0,32.06,16.0,17.1
2022-07-24,0.0,32.62,16.3,16.88
2022-07-25,0.01,32.84,16.71,17.41
2022-07-26,0.0,32.87,16.73,17.49
2022-07-27,0.0,32.8,16.65,17.21
2022-07-28,0.02,33.54,16.44,17.42
2022-07-29,0.06,28.55,15.6,14.86
2022-07-30,0.0,27.71,10.35,18.55
2022-07-31,0.0,31.39,12.87,18.26
2022-08-01,0.0,32.42,18.19,16.51
2022-08-02,0.0,33.88,18.34,17.29
2022-08-03,0.0,34.02,18.28,17.11
2022-08-04,0.0,33.81,21.62,16.16
2022-08-05,0.0,31.97,18.22,16.33
2022-08-06,0.0,32.0,20.02,13.03
2022-08-07,4.57,31.72,20.67,6.21
2022-08-08,3.81,29.89,19.55,8.74
2022-08-09,21.29,23.5,15.34,3.88
2022-08-10,0.34,19.69,10.1,14.54
2022-08-11,0.07,23.34,8.58,19.99
2022-08-12,0.14,26.04,10.08,20.3
2022-08-13,0.0,30.22,10.5,20.44
2022-08-14,0.0,32.2,13.17,20.01
2022-08-15,0.0,33.15,16.06,19.81
2022-08-16,0.79,33.42,19.32,11.04
2022-08-17,29.64,26.77,17.43,2.77
2022-08-18,7.43,29.82,16.0,2.49
2022-08-19,0.0,20.26,9.31,19.78
2022-08-20,1.65,20.08,7.46,15.57
2022-08-21,2.15,26.2,13.75,12.31
2022-08-22,0.01,28.42,14.61,20.07
2022-08-23,0.66,28.81,13.6,20.6
2022-08-24,0.01,29.72,15.55,20.6
2022-08-25,0.0,29.94,15.94,19.07
2022-08-26,0.0,32.0,16.29,19.5
2022-08-27,0.0,33.65,16.82,21.05
2022-08-28,0.51,34.75,20.36,20.01
2022-08-29,0.89,28.23,16.71,18.74
2022-08-30,0.55,23.32,13.06,13.56
2022-08-31,0.18,31.02,12.66,21.14
2022-09-01,0.0,33.49,14.61,21.79
2022-09-02,0.0,34.42,17.85,17.38
2022-09-03,0.01,33.01,20.09,16.42
2022-09-04,0.02,27.05,17.85,13.41
2022-09-05,2.71,29.52,15.43,8.98
2022-09-06,4.31,31.87,16.24,11.7
2022-09-07,0.14,33.94,18.97,17.97
2022-09-08,0.0,35.05,19.24,19.96
2022-09-09,0.0,37.69,21.01,20.71
2022-09-10,0.0,33.97,20.25,16.94
2022-09-11,0.43,34.71,18.57,17.76
2022-09-12,0.01,34.49,19.58,14.01
2022-09-13,0.6,35.69,19.47,16.79
2022-09-14,10.22,30.32,17.58,4.4
2022-09-15,0.56,28.5,16.54,7.37
2022-09-16,0.0,29.6,17.04,23.33
2022-09-17,0.11,29.73,13.74,25.31
2022-09-18,1.28,32.1,12.16,24.71
2022-09-19,0.23,37.32,15.92,20.88
2022-09-20,13.35,30.49,19.72,11.44
2022-09-21,4.83,33.16,20.84,5.19
2022-09-22,19.42,26.13,17.36,8.15
2022-09-23,0.0,24.38,11.15,25.75
2022-09-24,0.34,28.5,13.42,23.71
2022-09-25,0.03,31.7,15.39,19.5
2022-09-26,9.48,30.57,18.47,9.04
2022-09-27,27.75,27.5,20.54,9.42
2022-09-28,8.88,26.49,19.07,4.6
2022-09-29,2.35,25.63,15.18,13.71
2022-09-30,1.69,27.36,15.52,9.33
2022-10-01,0.21,30.5,18.22,24.46
2022-10-02,0.2,31.67,18.81,23.89
2022-10-03,0.28,30.74,20.43,20.56
2022-10-04,0.46,32.77,20.53,24.32
2022-10-05,1.68,34.05,20.65,21.39
2022-10-06,20.55,32.14,22.05,17.65
2022-10-07,20.44,26.31,16.83,16.32
2022-10-08,0.0,29.47,14.41,27.03
2022-10-09,0.08,30.97,18.59,10.41
2022-10-10,0.25,27.29,21.07,12.97
2022-10-11,1.98,28.89,20.62,16.62
2022-10-12,6.18,26.73,20.34,10.99
2022-10-13,1.56,31.02,19.4,9.62
2022-10-14,0.04,33.78,19.84,19.69
2022-10-15,0.0,32.71,18.3,20.69
2022-10-16,0.0,34.04,20.2,22.14
2022-10-17,2.58,32.95,21.35,21.76
2022-10-18,4.17,32.36,20.81,6.54
2022-10-19,1.26,31.85,21.56,22.26
2022-10-20,7.02,34.29,21.37,13.03
2022-10-21,33.51,30.92,21.75,13.8
2022-10-22,0.63,30.93,18.61,28.36
2022-10-23,0.0,31.47,17.39,28.63
2022-10-24,0.0,33.59,17.41,29.12
2022-10-25,0.27,33.55,18.27,29.44
2022-10-26,0.0,35.07,17.55,29.12
2022-10-27,5.23,33.88,22.42,7.66
2022-10-28,0.44,34.06,21.57,25.99
2022-10-29,8.32,33.51,22.96,24.5
2022-10-30,2.57,32.13,22.75,25.69
2022-10-31,2.88,33.92,20.26,18.46
2022-11-01,1.44,27.4,15.64,6.88
2022-11-02,0.24,23.1,15.35,12.86
2022-11-03,0.0,25.81,12.81,23.73
2022-11-04,0.0,28.51,12.05,29.94
2022-11-05,0.18,29.56,12.84,29.94
2022-11-06,0.08,30.23,14.94,28.71
2022-11-07,0.0,31.17,15.1,30.13
2022-11-08,1.69,31.99,15.47,28.77
2022-11-09,2.09,34.34,16.11,29.66
2022-11-10,0.06,37.04,17.85,29.06
2022-11-11,14.36,31.95,18.7,10.66
2022-11-12,0.02,32.96,18.76,26.15
2022-11-13,4.57,33.2,21.98,22.32
2022-11-14,3.35,31.43,22.43,19.04
2022-11-15,0.0,33.07,19.46,30.15
2022-11-16,0.0,34.01,15.62,30.4
2022-11-17,0.0,35.31,18.07,30.75
2022-11-18,0.14,36.13,16.66,29.69
2022-11-19,0.01,36.67,19.76,29.24
2022-11-20,0.0,37.52,22.31,29.51
2022-11-21,1.42,36.42,24.31,18.7
2022-11-22,15.43,31.33,24.41,20.92
2022-11-23,6.09,30.92,22.05,22.56
2022-11-24,1.78,34.09,21.66,27.59
2022-11-25,0.01,33.06,20.44,29.74
2022-11-26,0.0,33.34,19.03,30.18
2022-11-27,0.01,35.16,19.26,27.26
2022-11-28,1.99,33.52,20.31,24.21
2022-11-29,5.38,31.63,20.42,25.06
2022-11-30,4.77,33.61,19.51,26.04
2022-12-01,0.18,35.21,21.84,24.79
2022-12-02,6.36,34.51,22.32,14.67
2022-12-03,5.34,32.0,22.89,21.15
2022-12-04,17.92,26.86,22.92,8.58
2022-12-05,7.96,27.35,21.92,18.2
2022-12-06,3.3,32.21,21.19,18.42
2022-12-07,4.33,31.89,22.92,22.71
2022-12-08,2.13,32.98,22.97,26.04
2022-12-09,1.84,34.67,23.03,23.6
2022-12-10,3.36,34.27,23.14,25.74
2022-12-11,8.09,33.09,23.96,21.95
2022-12-12,5.15,30.76,23.13,12.98
2022-12-13,28.53,29.08,23.48,11.07
2022-12-14,2.39,30.07,20.37,23.6
2022-12-15,0.0,31.61,18.5,29.23
2022-12-16,2.26,32.47,20.03,25.28
2022-12-17,1.27,32.67,19.88,29.76
2022-12-18,10.21,32.2,21.21,12.11
2022-12-19,7.82,28.16,20.57,15.44
2022-12-20,0.03,31.7,19.22,22.6
2022-12-21,0.04,31.37,19.49,29.45
2022-12-22,0.0,31.67,18.35,30.65
2022-12-23,0.0,32.7,18.64,30.17
2022-12-24,0.48,34.48,20.35,28.2
2022-12-25,2.67,30.36,22.62,17.24
2022-12-26,4.93,32.36,20.99,24.14
2022-12-27,0.12,34.8,21.85,25.93
2022-12-28,12.08,33.5,23.59,22.7
2022-12-29,5.39,32.62,23.94,23.04
2022-12-30,5.24,32.83,21.91,25.21
2022-12-31,3.13,33.22,22.8,23.77
2023-01-01,1.46,33.61,22.69,25.96
2023-01-02,7.47,34.82,22.95,13.28
2023-01-03,16.93,31.36,22.81,20.15
2023-01-04,10.34,28.56,22.38,9.99
2023-01-05,7.46,29.25,21.33,11.88
2023-01-06,0.08,30.37,18.36,19.65
2023-01-07,0.0,30.03,17.8,17.32
2023-01-08,0.17,31.06,18.23,16.9
2023-01-09,0.42,31.37,21.02,17.91
2023-01-10,6.22,31.29,23.09,19.82
2023-01-11,6.89,27.74,22.05,19.34
2023-01-12,3.98,29.07,21.49,22.05
2023-01-13,10.82,28.27,22.32,19.62
2023-01-14,9.01,30.7,21.67,21.33
2023-01-15,0.67,31.17,22.29,24.18
2023-01-16,6.0,30.67,22.65,20.17
2023-01-17,5.44,30.03,21.63,25.92
2023-01-18,2.87,30.72,21.95,22.9
2023-01-19,2.21,30.93,21.89,26.96
2023-01-20,8.95,30.27,22.32,19.32
2023-01-21,6.35,29.94,22.61,18.56
2023-01-22,3.59,28.79,22.89,18.62
2023-01-23,3.29,29.97,22.46,25.68
2023-01-24,0.1,32.31,21.7,25.99
2023-01-25,1.28,33.04,21.97,28.64
2023-01-26,0.33,34.31,20.6,29.3
2023-01-27,4.26,33.55,22.12,25.86
2023-01-28,6.17,31.44,22.4,23.59
2023-01-29,12.53,31.68,22.18,26.18
2023-01-30,14.93,26.19,22.52,12.28
2023-01-31,9.82,28.6,22.05,17.09
2023-02-01,0.92,27.84,21.92,19.68
2023-02-02,23.06,30.44,21.09,13.92
2023-02-03,13.67,29.13,22.14,14.26
2023-02-04,13.81,30.24,22.39,20.55
2023-02-05,5.25,29.87,21.62,23.47
2023-02-06,2.54,30.9,21.52,25.79
2023-02-07,2.01,30.4,21.63,16.09
2023-02-08,0.97,30.9,21.95,24.44
2023-02-09,6.11,31.43,21.99,24.61
2023-02-10,17.32,28.49,21.99,17.23
2023-02-11,5.87,28.92,20.5,15.32
2023-02-12,8.81,29.42,21.06,17.13
2023-02-13,2.46,29.01,22.04,22.33
2023-02-14,1.07,31.81,21.91,22.05
2023-02-15,6.86,31.3,23.07,15.93
2023-02-16,4.07,29.43,22.94,23.09
2023-02-17,8.39,30.14,22.88,15.81
2023-02-18,1.93,30.47,21.18,21.56
2023-02-19,4.12,24.71,19.08,17.53
2023-02-20,8.27,26.38,19.09,9.34
2023-02-21,12.83,26.05,20.86,17.57
2023-02-22,3.53,30.13,19.53,21.04
2023-02-23,14.61,29.38,21.61,20.52
2023-02-24,12.53,27.97,21.16,8.0
2023-02-25,0.75,30.21,21.56,26.09
2023-02-26,2.74,29.0,22.68,13.54
2023-02-27,0.36,31.12,21.63,24.0
2023-02-28,14.51,29.76,22.13,24.4
2023-03-01,4.21,27.71,22.01,14.88
2023-03-02,6.8,30.2,20.49,24.1
2023-03-03,0.59,31.17,21.16,23.02
2023-03-04,12.41,31.27,22.06,24.2
2023-03-05,12.32,29.82,22.5,20.81
2023-03-06,5.2,30.99,22.4,24.67
2023-03-07,0.44,31.34,22.27,26.34
2023-03-08,0.11,30.19,21.66,24.31
2023-03-09,5.53,28.08,22.77,23.17
2023-03-10,8.66,25.89,21.77,12.4
2023-03-11,6.37,25.98,21.02,14.84
2023-03-12,8.18,27.89,21.12,16.34
2023-03-13,14.8,26.34,20.77,16.69
2023-03-14,22.29,27.52,21.53,13.02
2023-03-15,3.62,27.02,21.42,14.07
2023-03-16,10.42,26.11,21.12,13.24
2023-03-17,1.46,25.63,20.67,14.5
2023-03-18,1.14,27.54,20.61,13.85
2023-03-19,0.34,28.73,20.49,19.61
2023-03-20,1.83,29.76,19.62,20.62
2023-03-21,0.52,30.69,19.83,24.46
2023-03-22,1.22,30.88,20.6,22.93
2023-03-23,0.06,31.19,21.3,22.78
2023-03-24,0.06,31.28,21.69,21.29
2023-03-25,0.01,31.76,21.92,20.84
2023-03-26,0.44,31.55,22.41,21.11
2023-03-27,1.71,31.14,22.45,21.0
2023-03-28,0.23,31.37,21.29,21.68
2023-03-29,0.23,31.65,22.06,22.66
2023-03-30,0.53,30.63,22.13,21.3
2023-03-31,0.56,30.19,22.44,21.82
2023-04-01,0.11,32.07,20.38,23.53
2023-04-02,0.71,31.59,20.23,22.26
2023-04-03,0.08,31.08,19.45,23.17
2023-04-04,0.0,31.73,18.8,22.91
2023-04-05,0.91,31.54,19.49,20.33
2023-04-06,7.95,31.39,20.51,20.02
2023-04-07,4.38,27.21,20.73,14.85
2023-04-08,10.44,27.32,21.05,6.3
2023-04-09,0.38,29.05,20.54,15.45
2023-04-10,0.02,29.88,18.58,20.67
2023-04-11,0.3,30.0,17.9,21.23
2023-04-12,2.89,29.0,20.89,16.96
2023-04-13,6.78,30.02,21.43,19.91
2023-04-14,8.34,28.91,22.09,13.05
2023-04-15,0.0,30.39,21.07,15.61
2023-04-16,1.62,30.79,19.78,20.74
2023-04-17,9.71,30.9,21.64,14.08
2023-04-18,8.18,30.18,21.29,5.33
2023-04-19,18.89,25.51,15.48,20.81
2023-04-20,0.03,24.57,13.48,20.9
2023-04-21,0.06,25.78,12.04,21.59
2023-04-22,0.55,28.57,13.13,20.53
2023-04-23,0.03,28.6,17.08,18.73
2023-04-24,2.14,29.01,17.96,17.14
2023-04-25,25.24,27.57,17.42,8.69
2023-04-26,6.87,27.87,18.84,13.6
2023-04-27,5.5,24.09,18.79,11.09
2023-04-28,0.77,26.91,18.07,16.55
2023-04-29,0.09,27.59,15.81,18.89
2023-04-30,0.11,28.02,15.08,20.14
2023-05-01,0.12,27.83,15.01,19.95
2023-05-02,0.11,27.92,14.36,19.07
2023-05-03,0.07,28.76,16.9,17.51
2023-05-04,0.19,29.79,17.77,18.32
2023-05-05,0.18,30.44,17.85,18.91
2023-05-06,0.4,30.4,18.06,17.16
2023-05-07,0.02,30.27,18.12,16.61
2023-05-08,0.04,30.14,18.43,17.23
2023-05-09,0.19,30.51,19.76,14.36
2023-05-10,0.64,28.26,20.69,13.72
2023-05-11,0.02,27.8,14.74,18.92
2023-05-12,0.02,25.88,10.82,17.64
2023-05-13,0.01,26.24,11.55,18.79
2023-05-14,0.02,26.23,11.14,18.93
2023-05-15,0.02,26.63,11.09,19.03
2023-05-16,0.04,27.56,10.77,18.86
2023-05-17,0.16,26.74,11.93,18.79
2023-05-18,0.01,26.91,10.91,18.55
2023-05-19,0.01,27.88,10.89,18.14
2023-05-20,0.03,28.43,11.54,17.0
2023-05-21,0.01,27.64,12.87,14.38
2023-05-22,0.01,27.78,15.26,14.6
2023-05-23,0.0,29.36,14.35,17.3
2023-05-24,0.01,28.61,14.14,17.26
2023-05-25,0.0,29.64,14.87,16.97
2023-05-26,0.17,29.92,15.65,16.55
2023-05-27,1.24,30.59,15.97,15.96
2023-05-28,4.85,26.79,19.03,6.05
2023-05-29,0.92,25.32,18.16,13.97
2023-05-30,15.21,23.84,16.26,2.36
2023-05-31,0.71,24.76,17.05,6.58
2023-06-01,0.04,26.38,14.48,14.6
2023-06-02,0.06,26.28,13.31,16.95
2023-06-03,0.13,27.44,13.15,16.94
2023-06-04,0.01,27.97,12.73,16.86
2023-06-05,0.01,27.12,12.92,16.81
2023-06-06,0.0,26.63,12.05,16.53
2023-06-07,0.62,27.48,12.68,16.36
2023-06-08,0.21,27.96,13.58,16.16
2023-06-09,0.01,28.64,13.38,16.45
2023-06-10,0.01,29.82,14.65,15.99
2023-06-11,0.0,30.34,15.94,15.89
2023-06-12,6.69,29.61,17.58,4.98
2023-06-13,25.15,21.37,15.01,2.26
2023-06-14,34.15,16.53,13.53,2.52
2023-06-15,24.97,15.7,11.28,4.09
2023-06-16,0.03,18.07,7.23,15.62
2023-06-17,0.04,19.26,6.81,15.79
2023-06-18,0.03,20.82,8.72,16.51
2023-06-19,0.02,22.71,7.75,16.76
2023-06-20,0.02,25.24,9.4,16.38
2023-06-21,0.02,26.4,11.7,16.07
2023-06-22,0.02,25.83,12.62,15.16
2023-06-23,0.0,26.08,13.13,15.35
2023-06-24,0.01,26.8,13.14,16.1
2023-06-25,0.02,27.31,13.12,16.17
2023-06-26,0.02,26.98,12.65,16.32
2023-06-27,0.18,27.18,12.59,16.35
2023-06-28,0.01,27.83,13.23,15.88
2023-06-29,0.04,27.08,14.59,15.63
2023-06-30,0.01,26.97,13.88,16.26
2023-07-01,0.01,27.2,13.13,16.21
2023-07-02,0.01,26.81,13.01,16.51
2023-07-03,0.02,26.04,13.47,16.62
2023-07-04,0.01,25.68,11.9,16.7
2023-07-05,0.01,27.36,11.76,16.49
2023-07-06,0.45,27.05,12.2,16.31
2023-07-07,0.02,26.73,12.34,10.26
2023-07-08,0.0,29.22,16.23,12.9
2023-07-09,0.11,28.84,17.78,10.02
2023-07-10,0.01,29.92,16.88,12.68
2023-07-11,0.0,31.13,15.74,15.98
2023-07-12,0.01,31.18,15.69,15.65
2023-07-13,6.43,23.22,13.78,10.21
2023-07-14,3.84,19.2,8.26,17.91
2023-07-15,0.33,23.42,6.26,17.77
2023-07-16,0.0,24.64,11.32,12.3
2023-07-17,0.0,29.24,15.72,13.06
2023-07-18,0.0,27.48,14.81,13.46
2023-07-19,0.0,28.34,15.7,14.74
2023-07-20,0.0,29.55,14.51,16.67
2023-07-21,0.0,29.59,16.01,16.91
2023-07-22,0.0,28.49,15.61,16.45
2023-07-23,0.0,29.73,15.67,14.9
2023-07-24,0.0,29.57,16.07,16.12
2023-07-25,0.0,29.64,15.44,14.69
2023-07-26,0.07,30.98,18.38,12.65
2023-07-27,0.09,32.14,17.68,16.81
2023-07-28,0.02,31.98,18.31,14.64
2023-07-29,0.58,29.29,16.46,17.35
2023-07-30,0.0,28.56,14.78,18.19
2023-07-31,0.0,29.85,14.34,18.54
2023-08-01,0.0,29.87,13.38,18.16
2023-08-02,0.0,32.04,13.67,18.55
2023-08-03,0.0,32.33,15.13,18.72
2023-08-04,0.0,32.11,14.55,18.99
2023-08-05,0.0,32.3,14.59,19.08
2023-08-06,0.0,33.59,14.97,18.79
2023-08-07,0.0,35.06,17.22,17.92
2023-08-08,0.03,33.07,18.23,17.53
2023-08-09,0.01,33.4,16.51,16.65
2023-08-10,0.0,35.16,17.38,18.56
2023-08-11,0.0,36.45,18.88,17.85
2023-08-12,0.5,36.54,20.98,16.03
2023-08-13,0.55,31.46,20.2,11.73
2023-08-14,0.0,31.38,18.41,8.47
2023-08-15,0.0,30.52,19.63,10.04
2023-08-16,0.0,32.83,19.73,15.31
2023-08-17,0.0,32.95,18.26,19.11
2023-08-18,0.16,35.13,18.96,18.67
2023-08-19,1.71,30.07,18.69,7.32
2023-08-20,1.14,29.73,18.64,13.46
2023-08-21,1.32,31.92,17.96,19.24
2023-08-22,0.0,35.42,19.19,19.86
2023-08-23,0.0,37.91,20.59,18.84
2023-08-24,0.01,37.11,23.39,15.16
2023-08-25,0.39,36.61,21.94,16.59
2023-08-26,2.51,26.05,18.83,4.87
2023-08-27,0.57,20.26,15.24,6.52
2023-08-28,0.06,28.2,14.29,20.13
2023-08-29,0.6,30.02,15.21,14.85
2023-08-30,7.16,26.28,18.09,16.12
2023-08-31,9.85,23.98,18.58,8.12
2023-09-01,0.57,32.44,17.07,19.34
2023-09-02,1.17,35.96,19.9,17.2
2023-09-03,3.96,35.07,22.48,20.4
2023-09-04,2.57,36.7,23.6,19.14
2023-09-05,1.97,31.78,20.11,19.03
2023-09-06,0.0,33.39,19.3,19.41
2023-09-07,0.01,33.78,19.43,20.11
2023-09-08,0.45,36.46,19.18,20.62
2023-09-09,7.71,31.62,20.18,4.14
2023-09-10,0.25,33.69,17.68,21.45
2023-09-11,0.01,36.28,19.12,23.5
2023-09-12,0.0,37.07,19.82,22.89
2023-09-13,2.66,38.77,21.77,19.32
2023-09-14,4.92,24.79,16.1,9.95
2023-09-15,0.01,30.29,12.48,24.68
2023-09-16,0.02,35.29,16.21,24.35
2023-09-17,0.03,38.29,20.03,22.64
2023-09-18,0.04,37.78,21.97,18.86
2023-09-19,0.05,38.05,23.32,22.4
2023-09-20,0.13,39.1,23.39,23.2
2023-09-21,0.0,39.75,23.24,23.1
2023-09-22,0.0,40.88,24.34,23.41
2023-09-23,0.01,41.3,25.42,23.16
2023-09-24,0.0,42.05,27.05,23.7
2023-09-25,0.42,40.28,25.37,21.51
2023-09-26,0.67,41.56,27.16,22.04
2023-09-27,0.16,40.35,27.12,22.31
2023-09-28,0.0,38.11,22.59,21.37
2023-09-29,0.0,37.03,21.67,22.4
2023-09-30,0.89,38.13,23.44,17.28
2023-10-01,2.99,35.12,25.11,16.04
2023-10-02,0.57,36.55,23.95,18.6
2023-10-03,0.04,39.9,26.03,22.92
2023-10-04,1.06,40.28,27.69,17.87
2023-10-05,0.27,40.5,24.37,19.71
2023-10-06,0.48,41.12,26.1,18.52
2023-10-07,12.46,37.86,26.3,12.25
2023-10-08,28.25,34.82,20.87,10.28
2023-10-09,3.65,31.41,19.49,24.18
2023-10-10,0.04,33.97,18.35,26.94
2023-10-11,0.11,38.02,19.03,26.7
2023-10-12,0.75,37.52,26.42,17.53
2023-10-13,0.43,35.07,22.46,16.77
2023-10-14,0.0,33.79,20.65,22.27
2023-10-15,0.01,37.78,20.62,25.95
2023-10-16,0.14,38.35,24.16,25.35
2023-10-17,0.09,37.85,26.49,18.74
2023-10-18,1.66,38.75,24.31,21.73
2023-10-19,6.64,36.55,22.45,16.16
2023-10-20,0.03,35.97,21.28,21.56
2023-10-21,0.0,37.0,21.8,27.15
2023-10-22,0.0,38.3,20.03,27.37
2023-10-23,0.0,41.39,23.23,26.02
2023-10-24,0.11,38.24,26.36,13.72
2023-10-25,8.11,34.0,23.54,18.58
2023-10-26,5.02,34.61,25.69,17.61
2023-10-27,17.05,35.39,24.28,15.46
2023-10-28,10.67,34.67,22.95,14.66
2023-10-29,3.14,34.54,24.13,10.79
2023-10-30,3.63,36.07,23.25,12.46
2023-10-31,6.18,32.84,24.3,14.47
2023-11-01,3.61,31.39,24.53,8.02
2023-11-02,0.0,33.65,21.92,25.81
2023-11-03,2.37,38.41,22.21,20.28
2023-11-04,0.08,30.66,17.41,29.57
2023-11-05,0.0,34.26,14.64,31.23
2023-11-06,0.01,35.71,17.2,30.45
2023-11-07,0.0,37.83,17.32,30.12
2023-11-08,0.02,39.74,22.26,26.8
2023-11-09,1.11,35.46,24.96,19.65
2023-11-10,0.08,39.53,24.61,24.2
2023-11-11,0.0,41.31,23.85,29.5
2023-11-12,0.01,42.67,25.19,26.6
2023-11-13,0.89,42.54,27.06,21.21
2023-11-14,5.37,41.52,25.37,25.95
2023-11-15,1.01,41.47,25.47,21.62
2023-11-16,0.0,42.71,26.89,22.59
2023-11-17,0.01,43.63,27.67,23.83
2023-11-18,0.82,42.69,29.19,22.35
2023-11-19,10.86,42.06,26.0,13.38
2023-11-20,3.79,33.77,23.03,15.51
2023-11-21,0.12,35.26,24.9,22.83
2023-11-22,7.43,33.83,26.14,24.93
2023-11-23,13.08,32.35,24.24,12.63
2023-11-24,15.87,28.34,23.36,14.82
2023-11-25,0.23,32.21,19.74,18.2
2023-11-26,0.06,31.4,20.58,21.4
2023-11-27,0.37,33.14,21.99,20.85
2023-11-28,9.63,31.4,23.64,20.19
2023-11-29,10.54,33.61,21.87,24.63
2023-11-30,1.4,34.2,23.34,27.79
2023-12-01,0.14,35.28,24.48,28.45
2023-12-02,0.42,37.81,25.26,25.82
2023-12-03,0.93,38.14,26.49,28.11
2023-12-04,3.34,35.84,26.07,14.35
2023-12-05,11.18,33.2,24.62,12.74
2023-12-06,4.05,33.76,24.16,26.79
2023-12-07,9.33,35.42,24.0,23.8
2023-12-08,0.03,36.2,23.74,27.38
2023-12-09,0.05,36.39,25.26,28.71
2023-12-10,0.25,36.58,23.43,18.51
2023-12-11,7.18,34.7,22.78,27.67
2023-12-12,0.02,36.32,21.88,29.0
2023-12-13,0.0,38.57,21.79,30.71
2023-12-14,0.02,40.75,23.27,30.3
2023-12-15,1.05,39.97,26.56,27.97
2023-12-16,4.32,40.15,27.46,23.16
2023-12-17,0.17,41.53,25.97,27.07
2023-12-18,1.33,41.06,26.9,27.14
2023-12-19,0.94,37.51,26.43,21.52
2023-12-20,0.84,37.86,25.32,28.22
2023-12-21,1.43,38.76,24.27,26.9
2023-12-22,1.75,38.82,25.98,25.18
2023-12-23,32.24,32.81,24.74,17.48
2023-12-24,0.06,33.57,23.86,27.09
2023-12-25,0.01,35.29,24.23,27.33
2023-12-26,0.01,35.09,24.91,27.83
2023-12-27,0.0,37.11,23.36,29.95
2023-12-28,0.0,38.69,22.58,31.07
2023-12-29,0.05,40.3,23.37,26.34
2023-12-30,6.35,35.62,26.04,19.75
2023-12-31,4.89,34.42,24.73,19.99
2024-01-01,1.99,35.84,24.49,25.43
2024-01-02,1.91,35.9,24.4,17.83
2024-01-03,2.52,35.41,25.09,26.54
2024-01-04,0.36,37.59,24.85,27.23
2024-01-05,1.29,36.96,24.67,26.03
2024-01-06,0.19,38.72,24.73,28.45
2024-01-07,0.36,39.91,25.28,26.65
2024-01-08,5.51,38.4,26.42,27.22
2024-01-09,14.44,35.5,25.81,27.51
2024-01-10,1.37,36.46,24.32,24.2
2024-01-11,4.02,35.76,25.52,21.85
2024-01-12,20.95,28.74,23.86,21.89
2024-01-13,2.1,32.0,23.55,15.52
2024-01-14,5.24,33.97,23.36,22.9
2024-01-15,6.62,32.25,23.92,19.69
2024-01-16,0.06,34.56,24.16,26.87
2024-01-17,0.19,36.88,24.79,22.18
2024-01-18,0.39,37.63,25.36,25.7
2024-01-19,12.75,37.37,26.14,18.02
2024-01-20,5.59,36.01,25.08,10.14
2024-01-21,0.55,35.67,24.09,22.84
2024-01-22,6.58,31.71,23.16,12.9
2024-01-23,1.75,32.19,22.7,14.22
2024-01-24,0.1,33.21,20.17,23.57
2024-01-25,0.29,31.96,20.5,27.96
2024-01-26,0.14,31.52,17.25,28.14
2024-01-27,0.34,32.45,18.72,27.9
2024-01-28,0.95,35.17,24.22,25.1
2024-01-29,0.0,37.8,21.23,28.2
2024-01-30,0.5,38.64,21.86,23.17
2024-01-31,3.66,36.54,24.77,25.97
2024-02-01,0.02,37.74,22.37,29.29
2024-02-02,0.1,38.13,22.55,25.95
2024-02-03,3.56,34.48,24.0,18.74
2024-02-04,0.13,33.84,22.57,16.79
2024-02-05,0.03,34.61,23.43,23.98
2024-02-06,0.27,35.18,24.42,20.31
2024-02-07,6.53,30.36,24.02,19.25
2024-02-08,0.34,36.36,21.93,23.48
2024-02-09,2.33,36.05,24.19,18.62
2024-02-10,0.52,37.71,24.33,26.0
2024-02-11,0.0,38.36,23.49,27.38
2024-02-12,0.1,37.58,25.73,21.32
2024-02-13,2.89,38.2,26.32,23.98
2024-02-14,9.3,36.65,25.31,17.71
2024-02-15,41.99,30.97,24.62,15.82
2024-02-16,5.33,32.11,23.78,19.22
2024-02-17,0.04,33.6,23.06,25.3
2024-02-18,1.21,32.25,23.24,21.53
2024-02-19,6.47,32.05,22.57,20.2
2024-02-20,2.28,32.43,22.78,21.28
2024-02-21,3.44,32.23,22.33,21.13
2024-02-22,1.62,34.35,22.5,24.75
2024-02-23,4.33,34.89,24.83,21.88
2024-02-24,1.39,35.32,24.58,24.36
2024-02-25,1.53,35.57,24.55,24.99
2024-02-26,0.34,35.91,24.87,23.44
2024-02-27,0.56,37.4,25.69,24.9
2024-02-28,0.02,39.76,25.55,25.09
2024-02-29,2.97,39.48,26.36,25.34
2024-03-01,1.7,37.59,26.23,23.94
2024-03-02,0.08,37.8,25.25,26.47
2024-03-03,0.01,39.34,23.77,26.41
2024-03-04,0.03,40.29,23.38,23.9
2024-03-05,1.22,38.16,24.44,21.32
2024-03-06,1.54,36.62,25.27,18.77
2024-03-07,5.53,35.35,25.93,19.62
2024-03-08,5.29,36.44,26.42,18.53
2024-03-09,0.2,37.34,26.26,23.21
2024-03-10,0.33,37.35,26.75,21.72
2024-03-11,0.62,35.85,26.05,24.87
2024-03-12,0.0,38.9,23.47,26.07
2024-03-13,0.0,39.84,23.77,24.58
2024-03-14,0.06,40.87,25.51,24.27
2024-03-15,0.34,40.14,27.29,23.35
2024-03-16,0.8,39.61,27.5,20.09
2024-03-17,5.21,37.39,27.99,18.0
2024-03-18,4.76,36.23,26.86,20.82
2024-03-19,6.03,36.51,26.11,18.94
2024-03-20,3.05,37.73,25.49,21.78
2024-03-21,14.55,34.2,25.6,13.84
2024-03-22,16.82,29.47,23.57,14.83
2024-03-23,0.58,25.56,20.21,9.45
2024-03-24,4.32,27.46,20.17,9.06
2024-03-25,0.89,31.55,20.1,18.52
2024-03-26,1.45,30.51,21.91,12.16
2024-03-27,1.13,28.7,21.95,11.04
2024-03-28,1.41,31.25,20.2,11.19
2024-03-29,1.28,31.39,21.16,13.1
2024-03-30,0.75,32.93,22.77,18.16
2024-03-31,1.19,33.01,23.71,17.05
2024-04-01,6.3,32.48,23.27,17.04
2024-04-02,3.98,33.07,23.43,18.91
2024-04-03,0.01,34.1,22.59,21.71
2024-04-04,0.03,35.15,23.43,18.41
2024-04-05,0.23,35.69,24.98,19.39
2024-04-06,0.0,35.97,24.11,21.3
2024-04-07,1.56,35.09,21.45,18.28
2024-04-08,13.16,31.31,23.65,15.92
2024-04-09,0.97,32.03,23.03,17.26
2024-04-10,0.04,33.92,22.26,16.13
2024-04-11,7.08,33.59,22.72,17.34
2024-04-12,1.86,33.06,21.74,17.38
2024-04-13,18.26,29.95,23.52,12.92
2024-04-14,49.06,26.3,22.81,8.53
2024-04-15,2.35,27.22,22.07,13.34
2024-04-16,2.93,27.86,22.51,12.12
2024-04-17,1.9,29.28,22.03,13.28
2024-04-18,0.11,28.63,16.81,16.5
2024-04-19,0.0,28.22,17.22,21.82
2024-04-20,0.02,30.28,14.4,21.27
2024-04-21,0.0,31.3,18.29,20.2
2024-04-22,0.02,31.15,19.07,20.54
2024-04-23,0.0,31.67,19.31,20.45
2024-04-24,0.0,32.48,19.43,17.96
2024-04-25,0.01,33.61,20.51,19.62
2024-04-26,0.0,34.73,20.59,19.65
2024-04-27,0.02,34.48,21.3,18.81
2024-04-28,0.05,34.78,21.2,15.76
2024-04-29,0.0,35.2,21.26,19.27
2024-04-30,0.0,35.49,21.05,18.79
2024-05-01,0.0,35.56,21.9,18.48
2024-05-02,0.0,35.69,21.43,18.64
2024-05-03,0.0,34.81,21.76,17.25
2024-05-04,0.0,35.1,21.58,18.04
2024-05-05,0.01,35.69,20.34,19.41
2024-05-06,0.0,34.72,19.49,18.98
2024-05-07,0.81,34.57,21.34,17.84
2024-05-08,0.04,34.72,20.79,18.17
2024-05-09,0.0,35.2,21.69,17.68
2024-05-10,0.02,34.92,20.23,16.98
2024-05-11,0.0,34.9,19.36,18.32
2024-05-12,0.0,34.85,18.63,18.23
2024-05-13,0.0,34.72,18.53,17.45
2024-05-14,0.01,31.51,20.96,15.38
2024-05-15,0.01,31.75,19.29,14.55
2024-05-16,0.0,33.76,19.28,16.97
2024-05-17,0.0,35.89,20.93,17.03
2024-05-18,0.28,34.65,22.44,14.75
2024-05-19,0.23,31.27,20.33,11.14
2024-05-20,0.0,31.3,17.69,15.19
2024-05-21,0.0,33.96,19.52,16.56
2024-05-22,0.0,34.42,19.07,17.03
2024-05-23,0.03,34.26,19.32,16.76
2024-05-24,9.25,27.49,18.88,6.3
2024-05-25,2.81,24.32,15.55,7.35
2024-05-26,9.94,23.21,15.36,3.3
2024-05-27,0.67,27.17,15.3,4.1
2024-05-28,0.02,22.18,11.59,7.49
2024-05-29,0.02,22.23,7.44,17.59
2024-05-30,0.0,25.47,9.21,16.78
2024-05-31,0.0,25.95,9.73,17.62
2024-06-01,0.0,29.44,11.13,16.93
2024-06-02,0.0,30.57,15.26,15.65
2024-06-03,0.01,31.06,16.02,15.47
2024-06-04,0.01,30.09,16.77,16.31
2024-06-05,0.01,30.54,15.59,16.24
2024-06-06,0.29,31.34,15.12,14.8
2024-06-07,0.0,31.54,16.1,16.01
2024-06-08,0.02,32.16,16.7,15.87
2024-06-09,0.01,32.6,16.68,16.19
2024-06-10,0.01,32.32,16.96,16.47
2024-06-11,0.05,31.97,16.37,16.37
2024-06-12,0.11,32.09,15.41,16.36
2024-06-13,0.0,32.08,16.08,16.59
2024-06-14,0.0,32.01,17.04,15.34
2024-06-15,0.0,32.91,17.62,15.86
2024-06-16,0.0,32.7,18.35,15.81
2024-06-17,0.0,32.59,17.16,15.4
2024-06-18,0.0,31.44,15.72,15.89
2024-06-19,0.02,31.97,16.57,15.9
2024-06-20,0.01,32.45,16.93,15.59
2024-06-21,0.01,31.92,15.64,15.41
2024-06-22,0.0,32.02,17.68,14.57
2024-06-23,0.0,33.09,17.83,15.2
2024-06-24,0.0,33.96,18.82,14.89
2024-06-25,0.01,33.91,19.76,14.2
2024-06-26,0.11,33.18,19.12,13.71
2024-06-27,0.31,29.83,17.44,11.07
2024-06-28,0.41,31.9,18.29,12.67
2024-06-29,0.44,32.41,19.35,11.47
2024-06-30,1.87,24.31,16.19,11.23
2024-07-01,3.18,25.51,15.44,10.13
2024-07-02,0.03,30.55,14.96,15.45
2024-07-03,0.04,31.23,16.26,14.29
2024-07-04,0.02,31.73,16.42,15.21
2024-07-05,0.01,31.67,16.21,12.75
2024-07-06,0.01,32.14,17.29,15.42
2024-07-07,0.0,33.14,17.43,14.6
2024-07-08,3.4,26.26,17.24,7.54
2024-07-09,8.73,21.45,15.6,3.62
2024-07-10,1.97,21.95,14.3,5.11
2024-07-11,0.01,29.94,13.43,14.9
2024-07-12,0.02,28.64,15.77,8.87
2024-07-13,0.01,30.2,17.04,10.24
2024-07-14,0.01,27.27,14.72,11.33
2024-07-15,0.03,28.27,13.04,15.01
2024-07-16,0.02,29.9,15.09,16.46
2024-07-17,0.0,30.48,15.31,16.71
2024-07-18,0.0,31.15,15.69,17.26
2024-07-19,0.0,31.11,14.86,17.38
2024-07-20,0.0,30.88,13.28,17.63
2024-07-21,0.0,31.48,13.24,17.52
2024-07-22,0.0,31.7,13.74,17.77
2024-07-23,0.0,31.5,14.03,17.86
2024-07-24,0.13,32.63,13.83,17.42
2024-07-25,0.0,32.04,14.99,17.6
2024-07-26,0.0,31.04,16.59,15.71
2024-07-27,0.0,32.99,15.8,16.15
2024-07-28,0.0,34.68,17.19,16.98
2024-07-29,0.0,34.12,17.61,16.83
2024-07-30,0.02,28.08,16.64,9.99
2024-07-31,0.0,32.71,14.35,16.59
2024-08-01,0.0,33.21,18.75,17.12
2024-08-02,0.0,32.38,17.66,17.53
2024-08-03,0.0,32.38,19.98,17.49
2024-08-04,0.0,33.0,19.03,17.66
2024-08-05,0.02,34.22,18.8,17.77
2024-08-06,0.0,33.85,19.09,18.18
2024-08-07,0.05,34.39,19.49,17.61
2024-08-08,2.14,34.72,19.31,7.22
2024-08-09,16.21,20.03,11.46,1.94
2024-08-10,0.45,21.21,6.84,20.41
2024-08-11,0.11,24.65,7.51,18.8
2024-08-12,0.11,25.28,7.7,17.44
2024-08-13,0.05,25.86,6.58,19.07
2024-08-14,0.02,27.18,11.54,17.15
2024-08-15,0.0,34.27,12.05,19.78
2024-08-16,0.06,35.5,15.74,18.77
2024-08-17,0.02,35.82,16.73,19.62
2024-08-18,0.0,36.37,17.13,20.14
2024-08-19,0.0,36.91,17.39,20.28
2024-08-20,0.0,36.94,18.84,19.88
2024-08-21,0.09,36.26,17.76,20.36
2024-08-22,0.0,36.48,17.66,20.81
2024-08-23,0.0,37.36,18.87,16.27
2024-08-24,4.8,26.05,15.14,4.9
2024-08-25,0.39,23.1,11.31,4.4
2024-08-26,0.01,24.73,7.24,22.69
2024-08-27,0.06,28.44,8.37,22.68
2024-08-28,0.0,31.87,10.98,21.54
2024-08-29,0.25,35.09,13.92,21.67
2024-08-30,0.06,35.57,17.24,22.03
2024-08-31,0.0,36.59,16.51,21.95
2024-09-01,0.0,37.54,18.7,20.21
2024-09-02,0.13,36.65,17.03,16.82
2024-09-03,0.0,38.8,18.82,22.04
2024-09-04,0.0,39.09,19.0,19.59
2024-09-05,0.13,35.56,18.72,13.22
2024-09-06,0.0,35.28,19.34,13.23
2024-09-07,0.19,38.6,19.72,18.48
2024-09-08,0.06,39.12,21.2,17.36
2024-09-09,0.0,37.77,21.06,16.31
2024-09-10,0.0,36.95,21.59,19.19
2024-09-11,0.0,38.24,18.76,22.41
2024-09-12,0.0,38.57,21.19,22.51
2024-09-13,0.0,39.14,20.88,21.75
2024-09-14,0.0,38.82,21.52,11.02
2024-09-15,0.69,35.82,22.97,8.48
2024-09-16,6.02,29.42,18.97,5.96
2024-09-17,0.05,32.24,15.81,22.99
2024-09-18,0.12,34.44,15.66,15.08
2024-09-19,0.12,39.6,19.45,19.11
2024-09-20,6.37,40.34,22.08,19.31
2024-09-21,3.41,32.43,21.27,10.83
2024-09-22,0.01,36.12,22.32,11.32
2024-09-23,0.0,38.94,23.14,15.81
2024-09-24,0.0,40.24,22.33,21.78
2024-09-25,0.0,41.55,22.17,23.93
2024-09-26,0.93,41.22,24.31,19.37
2024-09-27,10.4,31.09,21.31,9.01
2024-09-28,0.0,34.62,17.98,24.96
2024-09-29,0.0,36.82,18.04,25.25
2024-09-30,0.0,39.57,20.92,24.65
2024-10-01,0.02,40.11,23.29,23.42
2024-10-02,0.07,40.04,26.08,17.82
2024-10-03,0.17,39.71,24.72,11.79
2024-10-04,0.0,34.82,21.97,18.93
2024-10-05,0.0,37.3,17.9,26.62
2024-10-06,0.0,39.13,18.72,25.56
2024-10-07,0.0,40.48,20.85,22.07
2024-10-08,0.0,41.95,21.75,22.25
2024-10-09,5.41,40.78,25.03,7.08
2024-10-10,8.78,33.06,22.03,4.15
2024-10-11,5.46,37.0,23.08,7.72
2024-10-12,0.47,33.98,19.56,24.41
2024-10-13,0.31,35.89,20.97,27.51
2024-10-14,2.48,38.19,19.85,25.54
2024-10-15,4.33,33.1,22.54,24.16
2024-10-16,3.71,35.3,22.69,24.07
2024-10-17,0.0,38.71,24.03,24.3
2024-10-18,0.14,37.53,24.63,6.51
2024-10-19,14.46,32.08,21.35,11.52
2024-10-20,10.12,27.08,18.8,8.62
2024-10-21,0.18,31.0,21.95,13.79
2024-10-22,4.57,29.85,22.64,14.99
2024-10-23,2.02,32.53,22.26,20.76
2024-10-24,1.58,36.09,22.99,19.34
2024-10-25,2.94,35.32,25.84,19.8
2024-10-26,8.75,29.93,25.11,10.3
2024-10-27,0.03,34.95,22.38,18.48
2024-10-28,0.1,33.08,21.17,10.85
2024-10-29,0.0,36.4,22.78,27.7
2024-10-30,0.02,36.85,21.58,28.81
2024-10-31,0.0,36.53,21.11,27.57
2024-11-01,12.07,31.11,22.31,22.92
2024-11-02,10.34,27.86,22.99,10.64
2024-11-03,8.11,28.0,22.52,10.47
2024-11-04,25.41,30.32,21.48,16.52
2024-11-05,13.27,31.09,21.87,19.81
2024-11-06,11.22,30.28,22.87,18.11
2024-11-07,17.16,28.49,23.26,13.53
2024-11-08,9.63,29.7,22.31,16.05
2024-11-09,0.24,31.45,22.22,25.48
2024-11-10,0.04,31.59,20.29,28.95
2024-11-11,0.0,33.97,19.06,29.36
2024-11-12,0.26,33.61,22.14,20.61
2024-11-13,0.13,31.83,19.34,23.66
2024-11-14,0.01,32.49,20.01,25.92
2024-11-15,1.99,33.88,19.8,26.58
2024-11-16,4.01,32.93,23.38,24.59
2024-11-17,0.07,34.35,22.76,25.57
2024-11-18,0.0,35.51,22.78,28.53
2024-11-19,0.03,35.82,22.41,25.79
2024-11-20,0.61,35.98,24.26,22.8
2024-11-21,21.08,31.06,24.88,14.17
2024-11-22,0.44,31.39,21.27,20.3
2024-11-23,0.0,34.4,22.33,29.26
2024-11-24,0.0,34.08,20.5,29.98
2024-11-25,0.0,35.11,19.52,29.46
2024-11-26,0.17,37.03,23.11,28.74
2024-11-27,0.97,37.78,22.96,26.83
2024-11-28,30.56,32.01,25.05,22.49
2024-11-29,26.28,31.59,24.16,8.62
2024-11-30,4.09,32.98,23.47,23.75
2024-12-01,0.1,32.47,23.81,26.24
2024-12-02,29.71,28.39,24.41,11.16
2024-12-03,20.1,28.93,23.76,17.04
2024-12-04,6.33,30.71,22.84,14.38
2024-12-05,2.27,31.75,21.03,21.06
2024-12-06,1.92,30.97,23.48,20.38
2024-12-07,2.44,33.26,23.8,25.32
2024-12-08,17.86,30.16,24.18,12.86
2024-12-09,4.2,33.21,23.31,18.51
2024-12-10,1.19,31.34,24.33,21.86
2024-12-11,0.23,31.51,21.93,27.16
2024-12-12,0.01,32.75,20.32,28.4
2024-12-13,19.32,31.17,19.73,16.91
2024-12-14,19.38,27.2,22.84,11.95
2024-12-15,1.64,30.56,22.05,24.95
2024-12-16,0.01,30.53,19.39,28.98
2024-12-17,0.02,31.98,17.47,30.48
2024-12-18,0.01,32.83,18.97,29.49
2024-12-19,0.92,29.35,22.58,16.15
2024-12-20,12.67,31.46,23.2,16.95
2024-12-21,13.15,30.52,23.85,18.86
2024-12-22,3.05,31.55,23.3,19.67
2024-12-23,0.26,32.39,22.83,28.3
2024-12-24,0.11,32.98,21.06,29.35
2024-12-25,16.9,29.0,22.75,12.93
2024-12-26,6.0,28.99,21.89,19.14
2024-12-27,3.88,31.99,21.65,24.76
2024-12-28,0.36,32.93,21.9,29.85
2024-12-29,0.0,33.3,19.12,30.73
2024-12-30,0.05,33.23,20.54,28.99
2024-12-31,0.25,33.18,22.07,28.87
2025-01-01,2.49,33.79,22.22,21.3
2025-01-02,1.65,35.05,22.22,25.15
2025-01-03,0.85,33.91,23.27,25.71
2025-01-04,0.22,34.08,23.46,27.36
2025-01-05,0.0,35.88,21.2,31.17
2025-01-06,0.0,37.27,22.22,29.85
2025-01-07,0.0,37.63,22.87,29.87
2025-01-08,0.26,37.34,23.86,27.89
2025-01-09,1.24,36.45,23.89,26.78
2025-01-10,0.01,37.11,22.48,28.97
2025-01-11,4.58,38.28,22.63,28.5
2025-01-12,2.12,36.15,24.81,20.97
2025-01-13,0.01,36.04,22.36,27.78
2025-01-14,0.0,36.23,20.95,30.2
2025-01-15,0.0,37.62,20.66,29.55
2025-01-16,3.76,36.93,24.01,18.62
2025-01-17,11.56,30.14,24.08,17.01
2025-01-18,0.64,32.26,23.52,22.54
2025-01-19,2.17,32.88,24.28,26.65
2025-01-20,3.16,34.14,24.26,25.85
2025-01-21,0.39,35.68,23.66,27.9
2025-01-22,0.02,36.72,24.05,26.92
2025-01-23,1.03,37.81,24.96,15.38
2025-01-24,0.6,37.97,24.34,26.66
2025-01-25,1.24,39.32,24.93,25.79
2025-01-26,4.73,36.3,24.94,27.86
2025-01-27,34.75,29.55,24.27,19.94
2025-01-28,3.01,31.24,22.86,19.81
2025-01-29,0.93,32.66,24.23,25.07
2025-01-30,1.61,32.47,23.85,25.32
2025-01-31,13.37,29.74,23.39,15.32
2025-02-01,4.8,28.24,22.4,24.32
2025-02-02,4.21,28.0,22.13,19.5
2025-02-03,21.37,28.41,22.96,15.23
2025-02-04,18.14,27.31,22.65,17.45
2025-02-05,2.06,27.08,22.39,14.03
2025-02-06,2.39,28.06,21.75,16.27
2025-02-07,5.09,31.84,20.63,26.69
2025-02-08,0.47,31.35,21.4,27.31
2025-02-09,0.04,32.35,22.03,27.79
2025-02-10,2.17,32.13,21.21,24.94
2025-02-11,2.23,32.58,20.57,25.59
2025-02-12,0.63,30.72,21.79,23.63
2025-02-13,2.85,30.11,21.29,18.53
2025-02-14,0.13,32.52,21.07,23.41
2025-02-15,0.7,34.74,22.97,23.54
2025-02-16,0.07,35.8,24.02,25.69
2025-02-17,0.02,36.48,24.02,26.42
2025-02-18,0.16,37.1,24.38,24.55
2025-02-19,2.42,36.37,23.34,22.19
2025-02-20,0.11,37.28,24.33,25.74
2025-02-21,0.0,38.12,24.69,25.49
2025-02-22,0.19,37.39,25.38,25.8
2025-02-23,1.04,33.9,24.23,20.04
2025-02-24,2.0,37.05,24.38,23.27
2025-02-25,1.94,33.41,24.55,18.42
2025-02-26,4.46,35.03,23.76,21.54
2025-02-27,0.18,37.17,23.2,22.86
2025-02-28,0.02,38.33,24.02,22.71
2025-03-01,0.0,38.35,24.22,26.68
2025-03-02,0.0,35.59,23.44,25.21
2025-03-03,0.0,38.19,23.36,22.65
2025-03-04,0.68,38.05,24.79,25.21
2025-03-05,0.63,36.48,23.57,23.36
2025-03-06,0.34,37.39,24.78,24.99
2025-03-07,0.0,37.5,22.76,25.32
2025-03-08,0.0,37.94,22.65,25.11
2025-03-09,0.0,38.25,25.26,23.64
2025-03-10,1.11,38.36,24.21,23.05
2025-03-11,7.42,32.91,24.76,9.22
2025-03-12,0.33,36.43,23.03,20.32
2025-03-13,0.43,34.23,24.13,17.99
2025-03-14,0.0,36.67,23.83,22.05
2025-03-15,0.21,38.4,23.95,22.89
2025-03-16,0.56,37.78,23.96,23.11
2025-03-17,8.98,35.87,23.7,20.44
2025-03-18,1.76,36.19,23.63,21.43
2025-03-19,1.52,35.34,22.69,18.85
2025-03-20,0.04,35.26,22.1,25.31
2025-03-21,0.0,35.36,19.28,25.92
2025-03-22,0.54,36.5,19.15,20.95
2025-03-23,1.71,34.96,24.08,15.88
2025-03-24,1.11,35.81,23.18,19.41
2025-03-25,1.08,35.88,24.71,22.08
2025-03-26,2.73,35.23,25.09,20.58
2025-03-27,0.0,36.95,22.84,22.18
2025-03-28,0.01,37.9,23.76,19.62
2025-03-29,0.57,37.04,25.83,16.54
2025-03-30,3.3,36.76,24.01,19.22
2025-03-31,21.0,29.81,22.47,9.2
