data,PRECTOTCORR,T2M_MAX,T2M_MIN,ALLSKY_SFC_SW_DWN
2013-10-01,9.07,25.84,14.32,15.67
2013-10-02,18.52,21.36,15.02,9.92
2013-10-03,31.72,24.26,14.35,5.65
2013-10-04,4.65,24.19,16.03,11.28
2013-10-05,0.01,23.34,12.04,23.25
2013-10-06,0.08,21.6,11.38,16.7
2013-10-07,0.21,19.67,10.47,12.55
2013-10-08,0.05,18.95,9.05,21.94
2013-10-09,0.0,22.36,11.32,21.11
2013-10-10,0.0,24.58,12.5,16.94
2013-10-11,0.0,24.52,13.63,21.0
2013-10-12,0.2,23.73,14.03,12.96
2013-10-13,0.38,26.97,13.41,19.32
2013-10-14,0.4,27.48,17.5,18.71
2013-10-15,13.09,23.31,16.48,11.48
2013-10-16,11.25,18.78,14.14,5.04
2013-10-17,2.1,25.36,13.2,10.47
2013-10-18,0.44,26.09,13.92,22.94
2013-10-19,0.04,26.66,14.21,24.24
2013-10-20,0.01,28.41,14.67,28.24
2013-10-21,8.97,30.93,14.54,22.65
2013-10-22,0.15,28.05,16.62,13.06
2013-10-23,0.24,29.31,15.93,18.12
2013-10-24,8.46,26.82,19.36,13.35
2013-10-25,3.54,23.33,15.4,11.03
2013-10-26,5.27,27.65,15.34,16.9
2013-10-27,0.79,29.5,15.28,16.22
2013-10-28,0.04,22.69,11.52,19.47
2013-10-29,0.02,23.75,8.97,23.83
2013-10-30,4.28,24.59,11.89,21.96
2013-10-31,5.58,25.17,13.31,16.89
2013-11-01,0.28,24.59,13.71,12.82
2013-11-02,0.05,28.66,13.87,15.88
2013-11-03,7.96,29.45,15.6,23.44
2013-11-04,6.97,23.24,13.83,8.57
2013-11-05,0.38,21.54,13.03,11.14
2013-11-06,0.93,18.24,13.38,9.66
2013-11-07,0.53,23.2,13.36,10.89
2013-11-08,0.06,26.78,14.21,20.47
2013-11-09,0.01,29.56,14.6,25.75
2013-11-10,0.0,32.95,16.16,27.47
2013-11-11,2.23,32.2,17.82,22.53
2013-11-12,0.12,29.32,18.88,22.76
2013-11-13,0.01,26.27,14.18,21.39
2013-11-14,0.0,27.86,13.7,30.83
2013-11-15,1.56,30.8,13.84,27.88
2013-11-16,12.83,31.46,16.25,14.58
2013-11-17,2.6,24.83,14.15,9.1
2013-11-18,0.22,28.35,13.97,12.92
2013-11-19,3.97,30.86,15.44,21.15
2013-11-20,8.63,30.19,18.12,22.33
2013-11-21,5.48,30.47,19.83,20.18
2013-11-22,15.42,25.42,15.08,8.01
2013-11-23,2.54,22.43,14.36,11.39
2013-11-24,4.72,23.64,15.77,10.8
2013-11-25,2.87,24.05,16.78,13.75
2013-11-26,1.4,27.49,15.73,15.77
2013-11-27,13.05,26.98,16.12,20.52
2013-11-28,2.15,31.73,17.0,26.23
2013-11-29,7.54,30.38,17.84,18.46
2013-11-30,0.69,28.18,18.62,10.99
2013-12-01,0.17,27.95,17.96,12.29
2013-12-02,0.11,28.78,17.6,22.16
2013-12-03,0.0,32.03,19.17,30.39
2013-12-04,0.0,33.75,18.16,29.2
2013-12-05,8.06,29.2,20.06,18.93
2013-12-06,0.07,30.08,17.82,15.25
2013-12-07,3.74,28.23,16.65,13.62
2013-12-08,1.05,31.07,17.54,15.62
2013-12-09,1.47,32.04,18.7,25.7
2013-12-10,7.74,30.59,17.47,16.07
2013-12-11,1.03,26.0,16.64,13.28
2013-12-12,0.22,27.74,15.83,13.2
2013-12-13,0.02,29.14,14.97,19.42
2013-12-14,0.03,32.68,16.2,24.48
2013-12-15,0.1,32.28,17.32,26.92
2013-12-16,0.03,30.27,16.91,25.86
2013-12-17,0.11,28.23,14.78,24.8
2013-12-18,0.05,29.68,14.09,29.41
2013-12-19,1.43,28.95,15.29,18.33
2013-12-20,0.48,29.06,17.74,22.6
2013-12-21,2.06,28.96,16.31,24.98
2013-12-22,4.1,27.85,16.92,17.92
2013-12-23,0.94,29.1,17.11,18.32
2013-12-24,0.03,31.8,17.04,21.79
2013-12-25,1.47,32.51,18.16,24.9
2013-12-26,0.21,34.82,19.8,26.3
2013-12-27,0.7,33.36,20.83,25.22
2013-12-28,8.73,29.14,20.98,13.87
2013-12-29,12.55,25.96,20.67,21.64
2013-12-30,1.85,28.56,20.27,18.33
2013-12-31,8.87,30.63,20.29,20.64
2014-01-01,25.11,29.23,21.27,17.03
2014-01-02,7.1,30.04,20.23,24.67
2014-01-03,14.43,28.14,21.68,19.27
2014-01-04,9.79,28.12,18.17,11.8
2014-01-05,2.73,23.49,17.88,14.66
2014-01-06,1.79,27.65,19.3,14.9
2014-01-07,0.1,28.59,18.65,24.54
2014-01-08,3.61,28.96,19.24,24.47
2014-01-09,3.09,26.79,19.34,20.28
2014-01-10,0.69,30.07,18.06,27.93
2014-01-11,5.87,30.06,19.11,24.87
2014-01-12,28.85,25.35,20.25,15.4
2014-01-13,6.24,25.06,18.92,12.03
2014-01-14,0.95,28.41,17.05,24.17
2014-01-15,5.92,26.8,17.9,15.12
2014-01-16,6.0,23.56,18.63,10.19
2014-01-17,1.22,28.29,17.34,20.47
2014-01-18,0.1,28.56,16.09,28.7
2014-01-19,0.02,29.44,16.52,28.96
2014-01-20,0.02,31.84,15.51,31.49
2014-01-21,0.03,32.21,17.97,27.27
2014-01-22,0.66,31.15,20.17,23.97
2014-01-23,3.23,31.35,20.82,24.94
2014-01-24,1.49,31.99,20.19,26.95
2014-01-25,1.46,32.86,20.29,25.63
2014-01-26,2.12,32.36,20.41,23.53
2014-01-27,3.08,33.2,20.26,27.01
2014-01-28,1.17,33.6,19.82,29.2
2014-01-29,0.23,34.57,20.13,28.78
2014-01-30,0.0,35.52,18.9,28.2
2014-01-31,0.05,36.46,18.93,27.79
2014-02-01,0.0,36.52,19.19,30.04
2014-02-02,0.0,34.21,20.3,28.0
2014-02-03,0.0,35.25,21.41,26.58
2014-02-04,0.09,35.45,21.37,24.93
2014-02-05,1.64,35.29,20.93,27.23
2014-02-06,0.01,37.03,19.64,28.61
2014-02-07,0.02,36.81,19.33,29.09
2014-02-08,0.39,37.42,19.85,27.91
2014-02-09,1.22,35.22,19.61,27.56
2014-02-10,0.19,36.36,18.02,28.03
2014-02-11,0.0,35.44,18.47,27.34
2014-02-12,2.32,29.52,18.59,25.55
2014-02-13,0.92,32.27,20.53,20.61
2014-02-14,22.34,31.65,17.41,16.8
2014-02-15,29.66,21.59,17.4,7.43
2014-02-16,6.99,24.16,18.02,9.12
2014-02-17,0.99,27.62,18.3,17.53
2014-02-18,0.16,27.39,17.7,15.49
2014-02-19,0.01,28.04,16.92,22.15
2014-02-20,0.0,30.02,16.96,21.17
2014-02-21,5.24,29.73,17.48,20.33
2014-02-22,2.71,28.5,19.11,11.76
2014-02-23,5.95,28.63,19.44,11.78
2014-02-24,3.52,26.5,18.34,11.46
2014-02-25,1.14,30.26,17.11,17.84
2014-02-26,0.18,32.31,18.08,25.15
2014-02-27,11.17,30.54,19.95,17.58
2014-02-28,5.71,26.98,18.79,11.85
2014-03-01,0.78,29.63,17.81,18.02
2014-03-02,0.2,28.92,18.13,20.8
2014-03-03,0.13,28.55,17.89,10.84
2014-03-04,15.39,25.35,19.17,15.21
2014-03-05,4.89,26.61,18.54,9.04
2014-03-06,5.71,29.77,19.69,17.15
2014-03-07,1.41,27.41,17.97,14.5
2014-03-08,1.84,28.37,16.93,22.38
2014-03-09,0.78,29.67,16.65,23.08
2014-03-10,3.34,30.58,17.55,24.9
2014-03-11,4.11,26.71,18.67,13.49
2014-03-12,6.03,24.39,18.72,8.97
2014-03-13,5.72,25.21,17.78,7.83
2014-03-14,3.26,29.81,18.39,19.69
2014-03-15,0.64,31.25,18.46,23.69
2014-03-16,0.44,30.8,19.49,22.24
2014-03-17,2.06,31.61,19.23,24.07
2014-03-18,1.16,32.68,18.58,21.72
2014-03-19,4.62,30.85,18.84,19.71
2014-03-20,9.11,25.94,19.78,11.82
2014-03-21,12.87,24.02,19.74,5.16
2014-03-22,2.89,28.67,17.71,12.56
2014-03-23,1.08,23.63,15.13,8.9
2014-03-24,0.4,25.53,14.89,10.79
2014-03-25,0.1,26.46,15.9,17.78
2014-03-26,0.54,25.88,16.67,11.34
2014-03-27,1.07,28.0,16.92,14.88
2014-03-28,0.11,28.88,17.45,17.46
2014-03-29,0.49,28.56,17.77,16.6
2014-03-30,8.71,23.43,18.96,6.96
2014-03-31,6.79,27.1,18.89,11.81
2014-04-01,1.22,28.5,19.25,15.86
2014-04-02,0.92,28.79,18.08,18.42
2014-04-03,1.61,27.78,17.6,11.81
2014-04-04,0.45,28.06,18.6,11.96
2014-04-05,0.01,29.18,18.02,22.22
2014-04-06,0.0,30.95,16.3,21.87
2014-04-07,0.0,31.45,16.84,20.12
2014-04-08,0.46,31.91,17.52,14.68
2014-04-09,3.8,30.17,19.45,6.86
2014-04-10,0.08,29.31,18.77,11.33
2014-04-11,0.07,30.82,18.3,14.33
2014-04-12,31.72,25.51,19.47,11.19
2014-04-13,4.49,23.6,17.77,6.95
2014-04-14,1.21,18.86,14.99,6.19
2014-04-15,10.33,20.23,14.69,5.22
2014-04-16,1.41,23.88,14.49,9.78
2014-04-17,1.01,26.5,16.1,13.68
2014-04-18,0.57,27.65,15.94,18.83
2014-04-19,7.51,27.67,16.66,15.56
2014-04-20,0.96,26.95,17.38,12.16
2014-04-21,5.97,25.69,16.55,12.47
2014-04-22,3.78,22.04,17.79,8.13
2014-04-23,2.06,22.8,16.21,8.88
2014-04-24,1.17,19.44,15.31,8.09
2014-04-25,0.23,23.58,14.26,12.91
2014-04-26,0.12,22.22,13.43,9.93
2014-04-27,0.44,20.97,13.15,16.13
2014-04-28,0.37,21.45,12.94,10.8
2014-04-29,0.0,23.5,12.02,17.98
2014-04-30,0.0,24.46,11.65,12.39
2014-05-01,4.77,22.78,13.27,8.73
2014-05-02,0.0,25.55,13.0,17.51
2014-05-03,0.0,25.55,14.09,15.35
2014-05-04,0.0,26.64,14.54,17.3
2014-05-05,0.02,25.82,16.18,13.81
2014-05-06,0.01,26.35,16.09,11.77
2014-05-07,0.0,27.89,16.21,16.52
2014-05-08,0.04,27.64,14.83,16.28
2014-05-09,0.44,25.53,14.18,9.66
2014-05-10,0.26,22.23,12.6,9.61
2014-05-11,0.28,21.74,13.42,9.19
2014-05-12,0.01,24.48,12.37,15.03
2014-05-13,0.0,25.97,11.25,15.26
2014-05-14,0.44,25.61,13.99,8.29
2014-05-15,0.26,26.92,13.42,12.26
2014-05-16,0.04,27.45,14.93,12.49
2014-05-17,0.0,25.28,14.14,9.59
2014-05-18,0.12,26.01,14.95,10.8
2014-05-19,0.02,26.21,14.47,12.55
2014-05-20,0.04,26.66,13.88,15.98
2014-05-21,0.08,26.49,12.67,13.71
2014-05-22,31.55,22.59,15.33,3.82
2014-05-23,22.34,19.48,13.0,3.46
2014-05-24,6.34,15.84,11.78,5.52
2014-05-25,15.64,16.23,11.51,2.68
2014-05-26,8.05,18.15,10.12,12.29
2014-05-27,0.21,18.53,9.66,7.0
2014-05-28,0.05,19.11,10.22,8.5
2014-05-29,0.0,19.36,11.54,6.79
2014-05-30,0.0,20.48,11.74,13.13
2014-05-31,0.65,21.62,11.82,10.29
2014-06-01,3.91,21.14,14.14,7.48
2014-06-02,0.01,19.06,7.41,15.33
2014-06-03,0.12,18.08,4.57,15.96
2014-06-04,0.21,19.75,6.69,15.93
2014-06-05,9.86,23.19,10.64,9.56
2014-06-06,64.9,19.95,15.69,3.84
2014-06-07,0.62,23.5,16.97,6.15
2014-06-08,0.08,25.04,16.79,11.43
2014-06-09,2.12,19.94,13.55,5.93
2014-06-10,0.02,19.13,13.31,5.03
2014-06-11,0.23,20.68,13.04,5.91
2014-06-12,0.06,23.11,14.25,12.73
2014-06-13,0.0,23.89,13.07,13.98
2014-06-14,0.05,23.69,12.63,9.38
2014-06-15,0.99,22.37,15.27,5.25
2014-06-16,0.22,23.95,13.32,9.26
2014-06-17,4.52,23.8,13.62,11.89
2014-06-18,12.4,22.57,11.23,4.26
2014-06-19,1.17,15.96,10.03,5.62
2014-06-20,0.0,16.17,9.61,4.74
2014-06-21,0.01,17.81,10.05,6.84
2014-06-22,0.02,21.58,11.52,10.17
2014-06-23,0.1,23.13,12.73,12.83
2014-06-24,0.0,23.76,11.01,13.31
2014-06-25,0.02,23.68,12.9,12.35
2014-06-26,0.02,23.57,12.93,12.85
2014-06-27,0.04,24.59,12.67,10.27
2014-06-28,4.46,22.62,12.9,7.49
2014-06-29,6.86,18.25,10.86,8.69
2014-06-30,0.01,17.69,7.32,15.86
2014-07-01,0.0,18.62,3.45,16.12
2014-07-02,0.1,22.85,10.48,9.5
2014-07-03,0.0,26.08,12.47,12.71
2014-07-04,0.0,26.34,14.93,14.08
2014-07-05,0.0,25.57,13.5,12.57
2014-07-06,0.0,23.59,13.01,12.88
2014-07-07,0.76,22.49,14.03,8.27
2014-07-08,2.11,18.31,12.14,4.95
2014-07-09,9.11,16.77,11.71,3.59
2014-07-10,3.22,17.13,12.02,5.14
2014-07-11,0.37,19.49,11.68,6.69
2014-07-12,0.87,20.28,12.3,8.32
2014-07-13,0.51,21.02,12.5,11.32
2014-07-14,0.09,20.51,12.36,11.01
2014-07-15,0.01,21.11,12.26,10.24
2014-07-16,0.01,22.24,12.63,11.42
2014-07-17,2.29,24.62,11.97,13.93
2014-07-18,5.88,18.59,9.56,8.05
2014-07-19,0.0,18.38,5.23,17.08
2014-07-20,0.02,19.23,4.78,16.4
2014-07-21,0.01,20.71,8.08,15.37
2014-07-22,0.0,24.23,10.5,16.01
2014-07-23,0.03,25.18,10.7,15.45
2014-07-24,21.33,20.4,11.29,2.62
2014-07-25,0.46,18.85,8.66,13.95
2014-07-26,0.01,19.7,8.59,12.11
2014-07-27,0.13,16.32,11.25,5.77
2014-07-28,0.12,17.26,10.91,6.53
2014-07-29,0.25,19.9,12.33,6.83
2014-07-30,0.09,22.57,11.52,11.24
2014-07-31,0.06,23.44,10.13,16.79
2014-08-01,0.0,25.19,10.88,16.84
2014-08-02,1.79,26.02,12.12,17.05
2014-08-03,0.0,26.89,12.98,17.32
2014-08-04,0.0,26.76,12.27,17.77
2014-08-05,0.0,19.27,9.28,14.07
2014-08-06,0.0,22.9,8.76,18.8
2014-08-07,0.0,26.0,6.98,18.1
2014-08-08,0.3,24.58,12.14,4.21
2014-08-09,0.08,22.12,11.03,7.28
2014-08-10,0.0,20.95,11.72,11.95
2014-08-11,0.0,26.92,9.86,18.37
2014-08-12,0.03,28.83,13.44,18.28
2014-08-13,5.02,17.11,7.94,3.18
2014-08-14,0.02,16.57,6.25,8.61
2014-08-15,1.1,19.58,10.39,6.37
2014-08-16,2.13,24.57,12.81,4.69
2014-08-17,1.79,20.31,13.76,8.71
2014-08-18,0.1,26.49,12.41,9.6
2014-08-19,0.0,24.6,11.51,17.44
2014-08-20,0.0,25.46,10.56,19.4
2014-08-21,0.0,27.88,12.37,20.31
2014-08-22,0.0,29.4,11.7,19.76
2014-08-23,0.0,29.58,11.92,18.65
2014-08-24,0.0,29.49,12.18,20.28
2014-08-25,0.0,30.43,13.03,19.72
2014-08-26,1.68,26.62,14.67,15.11
2014-08-27,0.0,25.12,9.11,21.7
2014-08-28,0.32,24.83,8.03,10.92
2014-08-29,0.0,23.94,10.01,9.32
2014-08-30,0.0,28.46,9.75,17.29
2014-08-31,13.45,29.5,12.08,9.81
2014-09-01,0.68,26.07,15.69,19.48
2014-09-02,15.89,27.6,14.35,11.49
2014-09-03,0.09,26.0,14.72,14.77
2014-09-04,0.17,20.28,13.12,12.65
2014-09-05,0.06,20.65,11.84,12.75
2014-09-06,0.12,26.34,11.07,20.8
2014-09-07,0.36,23.93,11.97,8.67
2014-09-08,0.02,29.35,14.92,19.62
2014-09-09,0.0,29.8,13.96,22.49
2014-09-10,0.0,30.59,13.37,22.93
2014-09-11,0.08,33.27,14.91,19.35
2014-09-12,0.06,30.09,15.04,16.33
2014-09-13,0.0,30.33,13.78,22.93
2014-09-14,0.0,31.52,13.02,22.1
2014-09-15,0.01,31.22,13.74,10.35
2014-09-16,0.01,30.25,14.17,19.42
2014-09-17,0.0,28.01,12.32,11.67
2014-09-18,2.74,30.94,12.13,14.17
2014-09-19,9.26,23.91,15.13,4.06
2014-09-20,31.83,24.76,16.21,6.48
2014-09-21,0.79,25.32,14.08,20.99
2014-09-22,0.01,21.6,12.38,16.77
2014-09-23,0.0,28.05,11.1,23.74
2014-09-24,17.53,28.53,13.19,7.84
2014-09-25,19.19,24.74,14.3,6.82
2014-09-26,18.8,24.83,17.31,3.13
2014-09-27,12.39,20.12,14.53,4.32
2014-09-28,8.04,23.3,14.36,4.07
2014-09-29,3.09,28.26,16.52,8.7
2014-09-30,7.88,28.1,17.34,15.15
2014-10-01,0.95,28.36,15.87,16.07
2014-10-02,0.08,20.51,13.26,14.33
2014-10-03,0.07,18.77,11.35,12.54
2014-10-04,0.07,19.22,10.8,12.58
2014-10-05,0.01,20.98,10.85,17.95
2014-10-06,0.01,24.46,11.48,22.56
2014-10-07,0.0,26.32,12.45,21.62
2014-10-08,0.0,27.63,12.68,23.86
2014-10-09,0.0,30.3,11.98,26.38
2014-10-10,0.0,32.54,13.63,26.52
2014-10-11,0.0,33.25,15.16,20.43
2014-10-12,0.0,34.86,16.22,25.63
2014-10-13,0.08,36.12,19.1,23.01
2014-10-14,0.1,35.83,17.25,19.46
2014-10-15,0.1,31.61,17.85,6.62
2014-10-16,0.02,35.43,17.12,17.74
2014-10-17,0.89,36.62,17.25,21.4
2014-10-18,0.15,35.66,17.23,15.93
2014-10-19,5.51,35.02,18.16,21.15
2014-10-20,0.02,31.52,14.92,6.09
2014-10-21,0.04,24.36,13.08,12.23
2014-10-22,0.07,24.01,13.04,10.25
2014-10-23,0.0,30.05,13.55,17.53
2014-10-24,1.84,32.37,14.61,18.48
2014-10-25,2.34,24.03,16.58,14.45
2014-10-26,12.06,29.34,17.07,16.05
2014-10-27,0.92,28.54,15.15,26.69
2014-10-28,0.0,28.49,11.6,30.31
2014-10-29,0.0,31.31,11.75,29.03
2014-10-30,0.0,34.41,15.39,27.99
2014-10-31,0.5,32.46,17.79,23.16
2014-11-01,2.25,31.18,20.0,22.92
2014-11-02,3.15,28.43,19.07,13.0
2014-11-03,2.15,31.53,18.75,16.98
2014-11-04,21.08,26.43,20.23,5.81
2014-11-05,4.5,25.99,15.81,9.33
2014-11-06,7.12,29.44,15.74,16.51
2014-11-07,2.62,28.55,16.31,14.49
2014-11-08,1.23,28.12,17.55,15.11
2014-11-09,0.08,28.27,16.12,21.62
2014-11-10,0.0,28.42,14.0,29.52
2014-11-11,0.04,29.72,11.59,29.57
2014-11-12,0.05,26.57,14.97,15.95
2014-11-13,10.5,31.62,15.96,15.37
2014-11-14,11.31,22.26,13.96,7.51
2014-11-15,0.08,23.74,12.74,14.6
2014-11-16,0.0,26.19,12.68,28.7
2014-11-17,0.0,25.86,11.91,31.59
2014-11-18,0.01,28.79,11.74,30.45
2014-11-19,6.78,29.23,14.08,20.97
2014-11-20,6.34,28.48,16.26,12.46
2014-11-21,4.84,30.96,17.37,19.74
2014-11-22,10.95,25.47,19.21,11.05
2014-11-23,1.79,29.58,17.98,10.02
2014-11-24,7.32,27.8,17.08,11.86
2014-11-25,10.46,24.62,17.67,16.4
2014-11-26,1.53,29.05,17.97,20.17
2014-11-27,0.31,28.6,18.05,19.53
2014-11-28,0.03,23.99,16.41,15.34
2014-11-29,0.09,27.89,16.54,12.35
2014-11-30,1.38,30.02,16.9,11.36
2014-12-01,0.26,31.75,17.68,21.36
2014-12-02,0.1,32.01,19.29,28.0
2014-12-03,0.55,31.46,19.51,25.01
2014-12-04,5.41,27.11,15.88,7.62
2014-12-05,0.65,26.76,14.89,21.74
2014-12-06,0.12,29.77,14.6,17.66
2014-12-07,0.52,32.03,17.72,25.42
2014-12-08,4.87,26.28,18.3,20.28
2014-12-09,10.09,25.78,17.78,17.7
2014-12-10,16.04,25.16,18.57,17.11
2014-12-11,2.69,28.5,18.9,21.3
2014-12-12,20.99,28.04,18.93,19.36
2014-12-13,13.72,25.81,19.37,14.99
2014-12-14,1.72,27.9,16.54,15.92
2014-12-15,0.12,25.45,15.11,22.73
2014-12-16,0.03,27.5,14.47,28.07
2014-12-17,0.0,28.93,14.69,28.25
2014-12-18,0.26,31.18,17.33,25.72
2014-12-19,16.07,31.68,17.75,24.68
2014-12-20,1.34,30.48,19.02,28.96
2014-12-21,2.99,27.4,20.42,20.27
2014-12-22,22.92,25.2,19.25,4.65
2014-12-23,15.27,23.44,15.43,8.62
2014-12-24,3.63,22.63,15.33,10.21
2014-12-25,12.37,28.8,15.8,20.54
2014-12-26,2.2,30.1,18.77,22.71
2014-12-27,0.23,31.55,19.76,23.48
2014-12-28,3.17,31.61,20.23,22.65
2014-12-29,5.79,25.38,20.51,16.44
2014-12-30,1.33,29.74,19.09,18.94
2014-12-31,4.09,30.07,20.13,17.18
2015-01-01,8.22,29.19,19.71,21.68
2015-01-02,4.35,29.0,20.03,26.24
2015-01-03,3.12,28.35,20.29,12.91
2015-01-04,9.22,27.69,19.32,12.02
2015-01-05,8.45,28.96,19.37,20.52
2015-01-06,2.46,29.74,19.17,22.73
2015-01-07,3.17,28.94,19.63,26.23
2015-01-08,7.64,30.13,19.51,27.45
2015-01-09,4.68,31.84,20.5,28.44
2015-01-10,3.52,31.87,19.9,25.55
2015-01-11,2.57,33.47,20.2,28.35
2015-01-12,0.36,29.01,20.94,27.02
2015-01-13,2.12,31.93,20.42,25.59
2015-01-14,2.55,30.5,20.22,23.06
2015-01-15,0.02,31.75,19.7,26.36
2015-01-16,0.13,32.09,20.01,26.69
2015-01-17,0.19,32.83,20.79,26.8
2015-01-18,0.77,34.39,21.81,25.01
2015-01-19,0.85,34.61,20.48,25.69
2015-01-20,1.21,34.53,18.93,27.09
2015-01-21,1.74,34.09,19.6,23.4
2015-01-22,1.17,29.09,18.53,19.48
2015-01-23,0.17,29.12,17.51,25.5
2015-01-24,0.17,31.42,17.18,23.91
2015-01-25,2.32,28.7,19.53,26.03
2015-01-26,2.76,28.26,19.49,24.19
2015-01-27,4.75,28.59,19.35,22.88
2015-01-28,15.75,28.4,18.84,18.77
2015-01-29,3.17,27.02,19.95,16.09
2015-01-30,6.03,23.78,17.72,8.64
2015-01-31,2.69,28.06,17.37,11.03
2015-02-01,0.57,30.36,18.04,12.91
2015-02-02,1.13,30.11,19.52,18.68
2015-02-03,3.97,31.22,17.43,25.18
2015-02-04,16.93,22.78,18.97,14.79
2015-02-05,8.22,27.65,17.74,15.53
2015-02-06,7.22,27.26,16.7,20.74
2015-02-07,11.27,28.11,15.8,25.39
2015-02-08,4.04,29.3,17.29,26.64
2015-02-09,1.55,30.11,16.68,22.26
2015-02-10,4.75,28.82,19.87,24.05
2015-02-11,1.13,28.89,21.15,22.19
2015-02-12,1.85,28.52,21.17,22.52
2015-02-13,8.36,30.4,20.43,18.51
2015-02-14,32.02,25.07,19.95,9.8
2015-02-15,26.62,24.11,16.84,7.97
2015-02-16,6.8,25.75,16.4,11.53
2015-02-17,18.89,22.9,18.11,8.74
2015-02-18,27.02,25.27,17.87,13.93
2015-02-19,13.53,25.42,19.65,16.32
2015-02-20,20.41,24.63,20.02,17.27
2015-02-21,10.41,28.13,19.47,19.82
2015-02-22,0.0,27.46,19.34,25.44
2015-02-23,0.8,26.32,18.64,19.45
2015-02-24,5.69,26.73,19.62,16.79
2015-02-25,4.68,28.33,17.22,22.19
2015-02-26,2.8,29.11,20.07,24.76
2015-02-27,6.71,28.93,19.34,25.11
2015-02-28,7.66,26.02,17.99,10.23
2015-03-01,0.62,25.22,17.23,22.34
2015-03-02,0.03,27.66,16.61,19.54
2015-03-03,0.01,28.1,17.51,24.78
2015-03-04,3.11,28.34,18.62,22.27
2015-03-05,19.76,27.92,18.88,22.62
2015-03-06,60.9,26.28,19.81,12.13
2015-03-07,27.5,23.11,18.81,13.56
2015-03-08,6.73,25.72,18.72,7.51
2015-03-09,15.87,22.03,18.7,9.48
2015-03-10,2.25,27.14,18.49,17.04
2015-03-11,5.01,26.87,18.2,16.9
2015-03-12,4.38,27.06,19.42,20.15
2015-03-13,2.09,24.87,18.96,14.86
2015-03-14,8.56,24.58,18.72,11.12
2015-03-15,4.07,25.72,17.66,20.3
2015-03-16,1.43,27.99,18.63,15.43
2015-03-17,0.5,25.27,18.61,12.48
2015-03-18,1.8,24.38,18.24,10.77
2015-03-19,12.9,24.0,18.15,11.15
2015-03-20,3.42,23.38,17.23,13.07
2015-03-21,10.44,25.19,17.5,11.39
2015-03-22,1.53,25.19,16.61,10.74
2015-03-23,0.98,24.31,16.19,12.86
2015-03-24,0.04,25.09,15.84,16.98
2015-03-25,0.0,24.81,15.58,16.95
2015-03-26,0.09,27.0,15.12,21.81
2015-03-27,2.32,27.92,17.49,16.46
2015-03-28,20.01,26.43,18.5,9.72
2015-03-29,9.16,23.61,17.5,7.16
2015-03-30,2.5,26.51,16.83,13.74
2015-03-31,0.15,26.24,17.09,23.08
2015-04-01,0.41,25.92,15.56,17.8
2015-04-02,0.0,25.17,16.45,19.11
2015-04-03,0.0,24.3,15.34,19.78
2015-04-04,1.92,26.83,16.0,15.83
2015-04-05,2.27,26.49,17.39,13.09
2015-04-06,0.42,24.2,16.19,14.2
2015-04-07,0.22,20.89,13.42,12.01
2015-04-08,0.18,22.84,12.43,14.88
2015-04-09,0.28,24.15,14.71,16.64
2015-04-10,0.07,24.84,15.49,18.0
2015-04-11,0.0,24.92,15.09,20.29
2015-04-12,0.0,25.25,14.45,19.73
2015-04-13,0.0,24.5,15.24,17.8
2015-04-14,0.03,24.89,15.53,15.73
2015-04-15,3.5,25.94,16.79,11.99
2015-04-16,7.73,25.89,17.7,10.18
2015-04-17,2.09,25.06,16.57,14.37
2015-04-18,0.83,25.86,16.63,14.74
2015-04-19,15.11,25.78,18.73,9.98
2015-04-20,4.68,27.43,18.8,16.39
2015-04-21,9.87,25.58,17.31,10.79
2015-04-22,16.24,20.95,15.63,5.54
2015-04-23,1.42,23.84,15.49,9.39
2015-04-24,0.33,25.59,15.96,15.24
2015-04-25,0.12,22.68,14.29,16.64
2015-04-26,0.62,22.75,13.6,13.22
2015-04-27,0.19,23.84,14.8,15.28
2015-04-28,0.16,24.13,15.38,15.88
2015-04-29,0.53,21.31,14.62,9.96
2015-04-30,0.07,20.38,13.43,8.92
2015-05-01,0.0,21.89,12.11,17.8
2015-05-02,0.0,23.14,12.93,18.12
2015-05-03,4.25,24.68,13.35,12.17
2015-05-04,29.12,24.18,15.51,7.06
2015-05-05,0.18,21.32,14.69,6.35
2015-05-06,0.06,22.11,13.28,14.83
2015-05-07,0.08,20.84,12.62,7.08
2015-05-08,0.01,16.9,11.57,10.52
2015-05-09,0.3,22.93,11.02,13.64
2015-05-10,7.66,20.41,13.05,2.45
2015-05-11,8.22,21.42,13.15,11.43
2015-05-12,0.63,20.65,11.07,9.09
2015-05-13,0.29,19.79,13.01,12.72
2015-05-14,0.35,21.0,14.15,8.68
2015-05-15,0.07,21.27,14.32,11.95
2015-05-16,0.01,20.86,12.79,12.93
2015-05-17,0.0,21.03,12.96,9.88
2015-05-18,0.95,21.93,14.98,8.06
2015-05-19,1.12,21.71,14.22,7.97
2015-05-20,3.47,20.06,15.14,8.52
2015-05-21,0.28,23.01,15.56,10.34
2015-05-22,0.0,23.65,15.06,14.01
2015-05-23,0.01,23.61,13.97,15.33
2015-05-24,0.47,24.79,14.66,11.95
2015-05-25,2.34,25.88,17.16,7.38
2015-05-26,3.5,24.93,17.28,6.52
2015-05-27,1.7,24.63,16.5,12.88
2015-05-28,2.98,18.61,14.6,4.04
2015-05-29,0.22,19.84,11.01,13.74
2015-05-30,0.64,19.07,8.65,7.36
2015-05-31,8.02,16.37,11.8,5.52
2015-06-01,0.06,20.84,12.28,5.03
2015-06-02,0.0,19.08,12.2,5.82
2015-06-03,0.0,21.45,12.04,6.93
2015-06-04,0.0,23.12,12.61,12.76
2015-06-05,0.0,22.98,13.41,13.97
2015-06-06,0.0,23.08,10.87,14.79
2015-06-07,0.0,23.74,14.2,12.89
2015-06-08,0.0,23.63,13.64,14.52
2015-06-09,0.0,23.72,13.5,15.11
2015-06-10,0.0,24.3,13.99,14.6
2015-06-11,0.05,24.25,13.61,14.93
2015-06-12,3.64,18.04,13.25,3.5
2015-06-13,0.16,24.27,13.03,12.99
2015-06-14,0.16,25.13,14.15,12.8
2015-06-15,6.48,19.29,10.39,4.24
2015-06-16,0.17,18.1,9.66,11.89
2015-06-17,0.01,23.38,9.68,8.11
2015-06-18,1.55,25.57,13.65,11.38
2015-06-19,0.58,13.53,9.1,6.29
2015-06-20,0.12,17.65,9.49,7.83
2015-06-21,0.02,21.92,10.8,13.09
2015-06-22,0.04,23.0,9.87,13.71
2015-06-23,0.02,23.29,12.54,11.77
2015-06-24,0.04,16.43,11.18,5.38
2015-06-25,0.08,17.59,11.7,7.47
2015-06-26,0.07,19.37,12.55,9.99
2015-06-27,0.01,20.47,11.64,13.41
2015-06-28,0.01,20.02,9.84,14.14
2015-06-29,0.0,21.65,8.47,13.87
2015-06-30,1.38,22.1,11.84,13.66
2015-07-01,6.14,21.1,13.6,9.24
2015-07-02,12.78,17.21,12.68,3.72
2015-07-03,16.36,20.05,14.11,4.5
2015-07-04,10.44,18.25,10.6,5.62
2015-07-05,0.21,15.32,8.88,4.58
2015-07-06,0.34,18.51,10.39,7.87
2015-07-07,2.66,18.39,13.33,4.78
2015-07-08,9.5,19.23,14.48,2.68
2015-07-09,0.24,18.42,11.03,10.04
2015-07-10,14.73,21.54,9.97,13.23
2015-07-11,4.38,22.88,13.41,8.42
2015-07-12,7.52,22.88,12.0,5.39
2015-07-13,0.16,24.29,15.52,12.28
2015-07-14,0.3,24.68,14.98,13.99
2015-07-15,0.65,23.84,15.21,9.48
2015-07-16,0.31,21.79,15.6,6.68
2015-07-17,2.0,22.07,15.02,5.69
2015-07-18,0.07,23.34,13.35,14.93
2015-07-19,0.03,23.36,13.15,15.37
2015-07-20,0.0,22.81,12.82,12.41
2015-07-21,0.77,19.46,11.87,6.15
2015-07-22,0.09,16.81,11.07,8.3
2015-07-23,0.09,19.26,11.3,6.09
2015-07-24,1.55,22.91,13.59,6.82
2015-07-25,0.57,21.16,12.39,10.18
2015-07-26,0.0,21.08,10.4,15.63
2015-07-27,0.05,21.23,9.92,16.04
2015-07-28,0.0,22.06,9.32,16.35
2015-07-29,0.0,22.85,11.09,16.76
2015-07-30,0.0,23.48,11.04,16.95
2015-07-31,0.01,24.49,9.59,16.66
2015-08-01,0.0,25.64,11.35,17.07
2015-08-02,0.0,25.1,10.34,16.97
2015-08-03,0.0,26.03,11.55,17.73
2015-08-04,0.0,26.25,14.82,17.01
2015-08-05,0.0,25.53,13.31,12.93
2015-08-06,0.0,26.07,11.74,16.24
2015-08-07,0.01,27.12,11.74,17.15
2015-08-08,0.0,27.71,12.11,15.39
2015-08-09,0.0,26.19,14.64,13.78
2015-08-10,0.0,26.16,15.12,17.63
2015-08-11,0.04,27.13,14.02,16.64
2015-08-12,0.07,25.83,13.36,18.17
2015-08-13,0.0,27.12,12.37,18.24
2015-08-14,0.0,26.27,12.63,18.23
2015-08-15,0.01,26.48,12.1,17.62
2015-08-16,0.0,27.58,12.44,17.65
2015-08-17,0.0,27.03,14.66,16.63
2015-08-18,0.0,23.95,14.5,10.99
2015-08-19,0.87,25.12,12.62,18.57
2015-08-20,0.15,21.78,11.09,10.76
2015-08-21,0.04,20.45,11.41,13.09
2015-08-22,0.01,26.33,12.0,13.9
2015-08-23,0.68,27.09,13.36,13.32
2015-08-24,8.84,21.4,12.19,4.77
2015-08-25,11.07,19.24,11.98,4.87
2015-08-26,4.58,24.7,13.33,9.32
2015-08-27,8.23,24.19,14.02,5.1
2015-08-28,0.01,23.28,11.07,19.3
2015-08-29,0.57,25.03,9.52,20.72
2015-08-30,0.02,29.0,11.71,21.34
2015-08-31,0.02,30.38,15.18,21.84
2015-09-01,0.18,29.49,13.05,17.58
2015-09-02,0.32,22.25,12.45,9.97
2015-09-03,0.55,28.3,12.04,6.75
2015-09-04,1.32,24.78,13.93,5.27
2015-09-05,0.82,21.72,13.11,13.41
2015-09-06,2.84,20.95,12.66,5.83
2015-09-07,44.5,22.94,14.4,11.98
2015-09-08,35.5,23.76,16.64,2.74
2015-09-09,0.4,24.35,13.19,17.45
2015-09-10,42.11,23.96,13.39,9.59
2015-09-11,9.54,24.48,13.57,9.24
2015-09-12,2.4,18.29,11.36,7.29
2015-09-13,0.04,19.22,10.99,8.03
2015-09-14,0.0,21.28,10.62,20.11
2015-09-15,0.0,27.8,12.65,13.74
2015-09-16,0.32,30.37,15.54,22.04
2015-09-17,0.33,30.73,18.17,19.07
2015-09-18,0.01,32.52,18.64,22.47
2015-09-19,0.0,33.28,18.12,22.98
2015-09-20,0.0,32.26,17.07,19.72
2015-09-21,0.0,32.47,15.14,23.72
2015-09-22,0.0,33.32,15.24,23.55
2015-09-23,0.0,33.56,16.03,23.46
2015-09-24,0.01,35.29,16.0,23.47
2015-09-25,1.16,33.34,19.62,13.28
2015-09-26,8.99,27.19,16.66,6.8
2015-09-27,7.03,26.87,17.3,12.84
2015-09-28,5.76,23.79,16.52,17.92
2015-09-29,1.51,26.42,14.62,14.36
2015-09-30,1.36,26.42,17.56,11.8
2015-10-01,0.24,28.71,16.36,8.97
2015-10-02,5.09,29.99,16.92,15.27
2015-10-03,16.55,23.68,17.7,11.42
2015-10-04,0.4,25.69,15.56,12.41
2015-10-05,0.14,25.02,13.36,9.84
2015-10-06,0.04,27.23,12.6,16.02
2015-10-07,0.0,31.88,14.32,22.16
2015-10-08,32.09,32.58,16.66,21.28
2015-10-09,27.56,25.01,18.72,7.62
2015-10-10,0.88,25.8,17.7,11.98
2015-10-11,10.89,23.58,15.92,6.62
2015-10-12,5.66,24.92,16.83,11.04
2015-10-13,0.81,26.6,15.58,14.3
2015-10-14,0.16,31.05,14.72,15.17
2015-10-15,0.07,31.62,17.53,25.13
2015-10-16,0.31,33.44,17.82,18.08
2015-10-17,1.44,29.28,14.32,9.95
2015-10-18,0.08,22.84,12.88,8.37
2015-10-19,0.05,28.62,13.01,14.82
2015-10-20,3.15,33.07,14.41,21.51
2015-10-21,3.67,34.21,19.37,16.8
2015-10-22,19.6,30.38,18.68,7.95
2015-10-23,4.72,25.74,16.1,10.64
2015-10-24,0.31,23.69,14.82,10.62
2015-10-25,3.26,23.13,14.69,9.11
2015-10-26,12.56,27.43,14.65,12.01
2015-10-27,3.91,26.97,16.78,14.07
2015-10-28,3.4,27.09,17.09,14.37
2015-10-29,1.23,26.19,16.59,18.8
2015-10-30,0.63,28.95,15.91,20.37
2015-10-31,14.6,23.11,18.18,7.27
2015-11-01,10.4,21.47,16.1,6.56
2015-11-02,8.46,25.95,16.09,7.98
2015-11-03,24.64,25.72,15.39,10.64
2015-11-04,17.17,25.44,17.4,8.24
2015-11-05,6.81,27.88,16.64,12.26
2015-11-06,3.1,23.63,14.8,10.54
2015-11-07,0.83,25.07,14.73,11.94
2015-11-08,1.97,27.59,15.72,8.8
2015-11-09,5.2,28.91,17.81,17.22
2015-11-10,9.46,29.55,18.55,16.91
2015-11-11,1.92,27.88,18.65,18.97
2015-11-12,0.88,28.96,18.46,15.15
2015-11-13,10.61,30.38,18.42,16.71
2015-11-14,7.44,27.85,20.32,24.64
2015-11-15,12.16,27.21,17.41,13.42
2015-11-16,6.45,26.22,16.22,8.83
2015-11-17,8.44,28.95,16.55,12.47
2015-11-18,0.96,29.25,18.96,23.58
2015-11-19,6.75,26.37,20.43,21.27
2015-11-20,25.0,27.18,19.56,21.89
2015-11-21,0.27,26.69,16.5,10.16
2015-11-22,2.36,27.52,15.85,14.68
2015-11-23,18.5,24.81,18.1,6.96
2015-11-24,29.44,24.6,17.23,7.39
2015-11-25,5.01,27.73,17.43,11.11
2015-11-26,0.33,26.94,16.93,17.68
2015-11-27,4.25,27.88,17.2,18.41
2015-11-28,14.73,26.79,17.62,15.75
2015-11-29,1.97,27.4,16.77,11.23
2015-11-30,2.5,21.65,15.4,9.22
2015-12-01,1.58,26.96,14.73,10.8
2015-12-02,11.64,28.02,16.99,12.17
2015-12-03,6.52,27.31,17.51,11.8
2015-12-04,6.56,26.66,17.32,16.37
2015-12-05,3.25,28.09,18.47,23.52
2015-12-06,15.53,25.68,18.79,6.46
2015-12-07,4.83,25.92,16.58,11.68
2015-12-08,0.09,28.32,16.74,16.48
2015-12-09,10.09,27.32,18.24,18.29
2015-12-10,8.11,24.4,21.31,17.11
2015-12-11,2.62,25.8,17.45,20.3
2015-12-12,12.39,24.44,18.83,14.16
2015-12-13,0.26,29.6,18.13,27.95
2015-12-14,6.24,29.03,21.05,26.05
2015-12-15,13.41,28.3,20.27,21.09
2015-12-16,3.79,26.93,16.85,9.82
2015-12-17,1.13,29.16,17.08,19.09
2015-12-18,3.36,29.5,19.62,26.19
2015-12-19,10.92,27.17,20.16,16.13
2015-12-20,27.6,27.66,19.57,11.23
2015-12-21,4.84,28.76,19.76,16.98
2015-12-22,1.67,28.11,19.51,19.82
2015-12-23,7.82,26.38,21.02,20.43
2015-12-24,4.88,29.7,20.45,20.54
2015-12-25,18.29,28.16,20.82,14.89
2015-12-26,13.95,26.59,20.23,16.02
2015-12-27,9.58,26.08,19.42,14.77
2015-12-28,21.72,25.41,20.5,10.04
2015-12-29,23.0,24.84,19.66,9.54
2015-12-30,10.12,23.1,19.54,11.2
2015-12-31,3.41,27.84,19.9,15.19
2016-01-01,11.81,24.91,20.24,15.05
2016-01-02,10.28,26.53,19.12,12.97
2016-01-03,2.62,26.45,18.52,11.37
2016-01-04,0.18,26.82,17.79,19.03
2016-01-05,0.02,27.49,17.61,18.69
2016-01-06,0.0,29.92,17.8,26.22
2016-01-07,0.16,26.99,19.09,24.27
2016-01-08,5.71,30.27,19.74,26.85
2016-01-09,12.04,26.12,19.84,14.59
2016-01-10,57.24,25.95,20.33,7.39
2016-01-11,64.47,25.8,20.71,9.87
2016-01-12,32.21,27.21,21.21,12.5
2016-01-13,4.36,28.72,19.98,17.51
2016-01-14,0.22,26.45,19.16,14.55
2016-01-15,0.7,26.39,18.56,12.57
2016-01-16,0.04,26.61,16.67,18.73
2016-01-17,0.0,24.93,15.84,28.6
2016-01-18,0.0,24.73,16.0,22.99
2016-01-19,0.0,25.48,16.63,17.91
2016-01-20,0.0,25.12,15.76,28.24
2016-01-21,0.2,24.75,16.23,24.56
2016-01-22,0.24,24.3,16.18,20.25
2016-01-23,0.03,27.72,15.05,30.76
2016-01-24,0.26,28.27,14.92,29.32
2016-01-25,2.87,29.35,17.39,26.03
2016-01-26,1.03,29.67,20.17,27.3
2016-01-27,10.86,24.11,18.14,7.05
2016-01-28,9.0,28.52,18.1,17.83
2016-01-29,7.83,27.67,19.06,15.75
2016-01-30,4.16,27.4,19.68,13.55
2016-01-31,0.58,29.24,20.16,27.75
2016-02-01,1.66,29.44,20.07,25.71
2016-02-02,1.82,30.22,20.05,19.31
2016-02-03,21.49,29.15,20.01,19.15
2016-02-04,11.42,25.04,19.87,15.32
2016-02-05,2.19,30.65,19.4,19.65
2016-02-06,5.21,28.72,20.46,22.66
2016-02-07,2.41,28.5,19.39,16.97
2016-02-08,0.39,30.13,20.05,20.53
2016-02-09,0.61,30.28,20.73,26.13
2016-02-10,6.64,26.19,21.51,14.49
2016-02-11,6.47,26.73,16.84,10.28
2016-02-12,0.68,26.65,16.14,18.48
2016-02-13,0.05,28.21,16.34,23.93
2016-02-14,1.44,29.49,18.5,19.94
2016-02-15,11.07,25.58,20.83,13.55
2016-02-16,6.36,26.11,20.32,13.66
2016-02-17,4.65,27.32,20.41,19.98
2016-02-18,8.77,29.39,21.14,20.49
2016-02-19,8.06,29.53,21.46,22.12
2016-02-20,22.99,27.62,21.3,19.85
2016-02-21,13.87,25.07,21.0,10.59
2016-02-22,9.39,24.36,20.04,7.77
2016-02-23,15.8,24.33,19.56,8.99
2016-02-24,3.68,25.28,18.98,14.47
2016-02-25,6.97,26.44,19.5,16.93
2016-02-26,10.07,24.65,20.16,19.24
2016-02-27,7.28,25.29,20.47,11.98
2016-02-28,11.61,26.1,19.12,11.94
2016-02-29,2.44,20.67,16.36,13.54
2016-03-01,0.11,23.36,15.36,14.09
2016-03-02,3.24,23.1,17.02,9.57
2016-03-03,5.84,26.44,18.36,12.98
2016-03-04,0.58,25.77,17.88,24.84
2016-03-05,1.87,26.68,16.62,20.75
2016-03-06,0.09,27.32,16.58,21.47
2016-03-07,12.64,28.25,17.35,19.4
2016-03-08,10.65,28.47,19.23,17.77
2016-03-09,17.53,25.89,19.52,16.21
2016-03-10,10.27,27.32,20.03,17.09
2016-03-11,1.21,27.89,18.92,22.64
2016-03-12,0.12,27.0,17.07,22.96
2016-03-13,0.09,25.68,16.38,11.47
2016-03-14,0.29,27.2,16.84,11.15
2016-03-15,7.47,26.31,17.94,12.86
2016-03-16,4.06,23.75,18.78,14.35
2016-03-17,0.14,27.71,17.73,19.79
2016-03-18,0.02,28.46,17.87,21.59
2016-03-19,0.08,28.72,18.27,23.85
2016-03-20,0.11,27.03,18.6,18.17
2016-03-21,0.03,28.26,17.83,19.59
2016-03-22,1.74,28.83,18.58,7.33
2016-03-23,7.58,24.7,18.33,11.62
2016-03-24,17.8,25.53,18.11,11.89
2016-03-25,12.74,23.79,18.8,8.37
2016-03-26,16.33,25.51,18.59,14.63
2016-03-27,0.29,26.22,17.2,19.93
2016-03-28,0.0,26.82,17.01,22.98
2016-03-29,0.0,28.54,18.48,12.98
2016-03-30,1.78,26.32,18.75,12.61
2016-03-31,6.84,26.16,18.83,14.66
2016-04-01,0.79,27.93,18.85,19.13
2016-04-02,0.12,28.22,19.14,20.62
2016-04-03,0.02,29.36,18.38,20.97
2016-04-04,0.04,27.98,19.69,12.86
2016-04-05,0.02,28.14,19.08,16.21
2016-04-06,0.0,27.71,17.72,21.34
2016-04-07,0.0,29.45,17.36,21.69
2016-04-08,0.06,29.05,18.5,19.11
2016-04-09,0.72,29.88,19.58,19.97
2016-04-10,2.46,27.39,19.35,14.16
2016-04-11,0.79,27.65,19.49,14.34
2016-04-12,0.93,28.2,19.67,17.53
2016-04-13,0.18,27.95,18.78,17.22
2016-04-14,0.01,28.14,18.23,17.89
2016-04-15,0.95,27.07,18.47,19.07
2016-04-16,0.1,28.48,18.17,19.26
2016-04-17,0.0,28.27,18.22,20.15
2016-04-18,0.0,27.95,17.68,19.45
2016-04-19,0.0,27.95,17.14,19.78
2016-04-20,0.01,27.8,19.25,18.5
2016-04-21,0.0,28.08,17.15,18.87
2016-04-22,0.0,28.71,17.97,16.7
2016-04-23,0.0,28.19,19.14,18.78
2016-04-24,0.0,27.86,17.51,17.83
2016-04-25,5.68,27.19,17.65,17.55
2016-04-26,24.76,22.04,18.36,7.12
2016-04-27,1.88,19.66,11.15,11.92
2016-04-28,0.01,17.45,9.09,15.23
2016-04-29,0.0,19.22,8.95,11.39
2016-04-30,0.01,19.83,10.25,15.74
2016-05-01,0.0,18.63,6.78,20.0
2016-05-02,0.0,20.63,7.82,18.04
2016-05-03,0.01,22.87,11.18,17.67
2016-05-04,0.09,23.18,13.12,15.18
2016-05-05,0.35,22.88,13.8,11.67
2016-05-06,1.27,23.28,13.85,14.07
2016-05-07,1.53,23.47,14.94,8.72
2016-05-08,8.25,22.34,15.1,5.37
2016-05-09,8.81,23.97,15.51,3.4
2016-05-10,5.14,22.62,16.1,9.49
2016-05-11,1.04,21.18,14.56,8.12
2016-05-12,0.82,21.55,13.89,7.73
2016-05-13,0.32,21.54,13.6,8.15
2016-05-14,0.09,21.28,13.1,11.16
2016-05-15,0.24,23.97,12.26,16.35
2016-05-16,9.88,24.28,16.76,9.81
2016-05-17,1.02,21.33,12.73,12.82
2016-05-18,3.91,17.9,11.17,4.95
2016-05-19,2.81,18.03,11.43,3.83
2016-05-20,25.13,22.66,11.8,5.57
2016-05-21,19.67,24.21,16.53,7.84
2016-05-22,14.89,22.08,15.89,3.03
2016-05-23,0.48,17.55,8.32,15.21
2016-05-24,0.2,16.2,7.63,6.94
2016-05-25,0.15,19.73,11.77,8.53
2016-05-26,1.39,22.22,12.93,10.22
2016-05-27,6.97,19.94,13.99,5.51
2016-05-28,5.62,20.49,13.68,4.44
2016-05-29,7.6,19.1,14.24,6.07
2016-05-30,11.59,20.3,14.06,4.33
2016-05-31,8.02,21.43,15.83,9.61
2016-06-01,19.21,22.85,13.63,5.14
2016-06-02,5.32,20.61,13.03,12.37
2016-06-03,1.53,19.78,11.15,9.14
2016-06-04,15.1,20.0,10.64,6.63
2016-06-05,20.2,20.09,13.06,2.76
2016-06-06,9.36,19.92,12.24,3.2
2016-06-07,0.31,17.82,10.67,9.02
2016-06-08,0.08,16.91,6.03,15.83
2016-06-09,0.06,16.25,3.22,15.02
2016-06-10,0.0,16.95,3.64,13.37
2016-06-11,0.0,15.17,2.55,15.8
2016-06-12,0.0,14.28,-0.68,16.51
2016-06-13,0.08,13.44,-1.16,15.92
2016-06-14,0.13,17.04,6.84,12.55
2016-06-15,0.01,20.73,8.56,13.25
2016-06-16,0.1,22.2,9.9,13.62
2016-06-17,0.06,21.48,10.28,11.79
2016-06-18,6.65,20.93,11.52,5.13
2016-06-19,3.12,20.36,10.43,6.44
2016-06-20,1.67,15.72,8.76,3.75
2016-06-21,7.75,12.49,8.45,3.92
2016-06-22,8.62,15.17,10.7,2.65
2016-06-23,0.5,20.19,9.31,12.22
2016-06-24,0.06,19.39,10.55,7.11
2016-06-25,0.0,19.69,11.17,9.4
2016-06-26,0.0,20.64,11.6,6.42
2016-06-27,0.0,20.07,11.01,11.7
2016-06-28,0.0,20.38,10.71,11.35
2016-06-29,0.0,20.21,10.14,12.77
2016-06-30,0.0,20.81,12.02,8.1
2016-07-01,0.0,21.85,12.47,9.58
2016-07-02,0.0,22.5,12.74,10.98
2016-07-03,0.0,22.83,11.98,12.33
2016-07-04,0.0,23.02,13.02,12.96
2016-07-05,0.0,22.35,11.25,12.57
2016-07-06,0.64,22.96,12.07,11.82
2016-07-07,0.11,18.54,7.31,16.44
2016-07-08,0.0,16.95,5.36,14.57
2016-07-09,0.0,19.41,7.41,15.24
2016-07-10,0.0,24.09,9.57,14.95
2016-07-11,0.0,24.58,12.44,15.29
2016-07-12,5.03,24.64,12.95,15.09
2016-07-13,3.72,24.4,13.77,5.49
2016-07-14,2.55,24.58,13.93,11.28
2016-07-15,3.83,24.56,13.18,8.59
2016-07-16,25.63,18.98,9.74,4.69
2016-07-17,0.0,15.73,3.73,17.16
2016-07-18,0.01,16.54,3.41,12.45
2016-07-19,0.01,16.36,7.22,8.09
2016-07-20,0.03,18.16,6.68,6.43
2016-07-21,0.01,18.36,9.22,5.97
2016-07-22,0.02,17.14,9.42,8.82
2016-07-23,0.11,20.3,8.32,9.93
2016-07-24,0.08,23.15,9.04,15.69
2016-07-25,0.0,22.51,10.09,15.96
2016-07-26,0.0,23.5,10.72,16.33
2016-07-27,0.01,23.62,11.42,16.61
2016-07-28,0.03,19.33,8.57,6.61
2016-07-29,0.02,19.38,10.18,5.5
2016-07-30,0.0,21.62,11.25,9.13
2016-07-31,0.0,22.7,12.67,11.0
2016-08-01,0.0,23.36,12.51,15.97
2016-08-02,0.03,21.63,11.63,4.96
2016-08-03,0.02,21.87,11.17,5.57
2016-08-04,0.02,23.21,12.78,7.62
2016-08-05,0.0,24.4,12.36,14.3
2016-08-06,0.0,25.49,12.19,17.21
2016-08-07,0.75,24.44,12.79,9.4
2016-08-08,1.77,22.14,11.4,3.89
2016-08-09,4.52,20.42,12.17,6.1
2016-08-10,0.17,19.65,9.51,16.78
2016-08-11,0.0,18.05,7.41,13.53
2016-08-12,0.02,20.11,7.66,16.12
2016-08-13,0.09,22.0,7.7,19.62
2016-08-14,0.0,25.75,10.83,18.04
2016-08-15,2.92,25.72,13.73,5.69
2016-08-16,1.32,24.32,13.77,14.09
2016-08-17,0.65,26.21,14.04,17.97
2016-08-18,15.74,21.53,12.02,4.57
2016-08-19,5.56,23.44,11.68,8.18
2016-08-20,31.5,21.06,14.81,2.25
2016-08-21,23.6,18.08,8.12,5.37
2016-08-22,0.09,15.23,5.97,16.48
2016-08-23,0.01,18.8,4.99,18.01
2016-08-24,0.04,21.82,10.04,16.36
2016-08-25,0.08,24.99,11.2,17.38
2016-08-26,0.09,25.47,11.85,17.72
2016-08-27,0.0,25.0,11.36,20.06
2016-08-28,0.0,26.77,10.88,21.43
2016-08-29,0.06,27.58,12.37,19.26
2016-08-30,7.29,23.72,14.7,5.28
2016-08-31,17.59,19.86,11.63,15.75
2016-09-01,0.03,22.33,9.86,18.91
2016-09-02,0.05,23.94,12.53,7.93
2016-09-03,6.71,21.07,14.26,4.47
2016-09-04,15.39,21.7,13.22,6.24
2016-09-05,3.56,20.88,11.92,7.62
2016-09-06,4.11,22.65,14.39,11.14
2016-09-07,0.01,19.5,7.91,21.0
2016-09-08,0.0,22.03,4.51,17.58
2016-09-09,0.0,21.59,10.17,17.36
2016-09-10,0.0,25.66,12.14,17.74
2016-09-11,0.0,27.2,13.67,17.85
2016-09-12,0.01,27.96,14.79,19.64
2016-09-13,0.26,27.93,17.16,16.88
2016-09-14,0.36,24.48,12.13,15.41
2016-09-15,0.0,24.11,8.13,24.93
2016-09-16,0.0,22.12,10.21,16.44
2016-09-17,0.0,27.58,12.32,15.53
2016-09-18,1.14,30.18,15.39,15.08
2016-09-19,2.09,28.46,15.57,9.33
2016-09-20,0.35,23.09,10.57,21.15
2016-09-21,0.0,20.98,8.85,14.88
2016-09-22,0.0,22.91,12.14,16.3
2016-09-23,0.0,26.99,11.87,23.36
2016-09-24,0.24,25.46,12.49,17.14
2016-09-25,1.55,19.19,11.16,7.96
2016-09-26,0.21,24.46,10.22,22.32
2016-09-27,0.0,24.57,9.71,25.56
2016-09-28,0.0,26.22,8.97,25.91
2016-09-29,0.06,26.51,10.1,21.92
2016-09-30,1.06,22.92,11.87,9.27
2016-10-01,1.06,22.86,11.6,8.23
2016-10-02,0.33,23.64,12.64,12.02
2016-10-03,9.89,19.31,13.71,7.42
2016-10-04,1.11,22.56,13.94,13.83
2016-10-05,1.87,23.49,12.85,14.28
2016-10-06,17.81,22.07,12.14,14.22
2016-10-07,1.44,22.44,10.72,16.0
2016-10-08,0.0,25.63,11.4,26.3
2016-10-09,0.02,25.97,13.4,11.57
2016-10-10,0.07,24.41,12.97,15.17
2016-10-11,1.07,28.18,12.76,9.16
2016-10-12,18.25,27.7,13.78,15.77
2016-10-13,17.64,25.29,16.28,6.39
2016-10-14,3.12,26.35,17.27,8.43
2016-10-15,0.33,27.56,17.35,13.39
2016-10-16,0.1,30.84,17.39,22.61
2016-10-17,6.89,31.94,18.99,24.14
2016-10-18,3.89,32.79,19.14,22.34
2016-10-19,2.05,32.06,17.24,24.93
2016-10-20,18.52,29.16,19.61,19.6
2016-10-21,6.33,24.61,15.15,9.27
2016-10-22,0.16,22.82,14.1,11.19
2016-10-23,0.16,26.22,13.98,13.24
2016-10-24,22.72,27.85,16.27,14.79
2016-10-25,6.01,27.67,17.51,8.58
2016-10-26,1.22,27.37,17.99,13.54
2016-10-27,3.72,24.71,15.48,18.66
2016-10-28,0.0,23.36,10.49,30.69
2016-10-29,0.32,21.9,9.93,16.5
2016-10-30,0.24,24.1,12.27,12.39
2016-10-31,0.41,28.68,13.8,14.07
2016-11-01,0.05,27.5,15.97,24.16
2016-11-02,6.56,28.65,17.33,21.3
2016-11-03,5.42,21.83,14.02,8.04
2016-11-04,0.16,25.34,12.6,15.22
2016-11-05,0.06,26.2,13.35,12.25
2016-11-06,0.02,27.89,14.89,15.1
2016-11-07,0.87,28.85,15.78,20.08
2016-11-08,0.6,28.93,16.28,23.28
2016-11-09,16.57,28.71,17.12,16.83
2016-11-10,1.09,29.98,18.21,23.16
2016-11-11,3.06,30.2,15.84,23.75
2016-11-12,4.58,20.88,13.71,8.92
2016-11-13,2.82,21.13,13.72,7.32
2016-11-14,1.79,24.18,15.84,13.09
2016-11-15,4.92,27.92,16.25,17.93
2016-11-16,4.4,27.09,16.03,23.54
2016-11-17,1.07,29.7,16.67,17.93
2016-11-18,0.31,25.86,12.07,18.57
2016-11-19,0.01,22.49,11.77,19.45
2016-11-20,0.01,25.75,10.7,29.71
2016-11-21,0.0,29.75,11.57,31.15
2016-11-22,0.02,28.52,15.51,13.51
2016-11-23,0.06,29.71,15.75,13.05
2016-11-24,0.02,30.65,16.3,12.14
2016-11-25,5.71,31.24,15.68,16.48
2016-11-26,2.35,29.57,16.97,18.1
2016-11-27,3.59,29.82,17.79,18.39
2016-11-28,5.96,26.66,19.05,15.44
2016-11-29,7.55,28.71,14.86,9.31
2016-11-30,1.3,23.27,13.8,9.85
2016-12-01,0.26,25.03,13.41,11.48
2016-12-02,0.22,28.05,15.12,13.01
2016-12-03,4.53,24.5,16.77,9.62
2016-12-04,3.03,28.89,15.21,19.05
2016-12-05,0.8,28.69,13.74,26.63
2016-12-06,0.01,31.79,13.91,31.82
2016-12-07,3.84,32.54,15.57,21.02
2016-12-08,8.11,26.37,16.81,19.94
2016-12-09,13.39,29.75,18.56,12.62
2016-12-10,18.14,25.67,17.72,11.02
2016-12-11,9.62,27.06,21.05,13.0
2016-12-12,4.03,27.6,18.77,8.26
2016-12-13,0.11,31.07,17.48,24.89
2016-12-14,0.45,29.16,16.11,9.75
2016-12-15,0.41,21.52,13.52,8.07
2016-12-16,0.19,22.94,13.15,12.23
2016-12-17,0.03,28.17,15.51,19.77
2016-12-18,4.06,29.88,16.96,23.0
2016-12-19,3.92,28.45,17.75,23.04
2016-12-20,11.68,25.0,18.5,20.11
2016-12-21,3.18,24.16,17.59,16.66
2016-12-22,1.42,28.0,17.78,13.74
2016-12-23,0.71,30.47,18.73,19.58
2016-12-24,0.79,31.55,19.06,26.29
2016-12-25,1.64,32.21,19.1,25.29
2016-12-26,1.61,33.62,19.14,30.6
2016-12-27,0.61,35.39,20.97,26.95
2016-12-28,11.79,31.58,21.56,21.04
2016-12-29,6.11,29.13,20.89,22.06
2016-12-30,4.39,28.91,20.17,22.2
2016-12-31,1.92,27.57,20.01,23.48
2017-01-01,3.8,28.07,20.12,17.07
2017-01-02,7.2,28.38,20.43,19.03
2017-01-03,3.73,28.58,20.17,21.62
2017-01-04,3.44,30.92,19.86,22.97
2017-01-05,24.17,27.3,20.06,19.18
2017-01-06,14.56,26.94,20.4,16.73
2017-01-07,2.39,30.17,19.72,15.74
2017-01-08,1.42,29.19,20.35,19.3
2017-01-09,25.9,28.6,20.07,20.85
2017-01-10,13.11,27.11,21.54,19.97
2017-01-11,10.46,29.33,20.34,21.14
2017-01-12,5.33,26.38,19.22,11.28
2017-01-13,0.52,28.13,17.83,19.7
2017-01-14,0.09,31.01,17.83,25.01
2017-01-15,4.08,30.64,19.61,25.56
2017-01-16,23.06,25.97,19.27,11.56
2017-01-17,27.49,23.8,19.95,8.0
2017-01-18,5.58,29.11,19.76,19.13
2017-01-19,11.25,23.76,19.57,12.36
2017-01-20,3.06,25.33,18.86,13.44
2017-01-21,8.82,25.53,18.36,18.39
2017-01-22,10.33,24.09,17.78,20.53
2017-01-23,5.15,26.75,17.7,17.2
2017-01-24,7.44,28.06,18.63,22.25
2017-01-25,5.2,24.5,19.9,11.82
2017-01-26,3.8,26.62,18.99,11.5
2017-01-27,20.26,26.88,18.7,9.62
2017-01-28,9.73,27.57,18.2,12.06
2017-01-29,1.81,27.14,18.28,18.84
2017-01-30,10.25,25.84,19.54,17.27
2017-01-31,18.83,23.27,17.23,6.78
2017-02-01,4.98,25.73,17.11,15.43
2017-02-02,4.45,27.27,18.65,21.03
2017-02-03,8.03,26.08,19.77,16.39
2017-02-04,9.57,27.78,20.14,22.84
2017-02-05,2.86,30.33,20.83,24.07
2017-02-06,2.13,29.44,21.52,20.04
2017-02-07,1.14,29.15,19.88,17.97
2017-02-08,0.3,28.92,19.23,15.49
2017-02-09,0.05,27.84,18.34,20.9
2017-02-10,0.01,28.19,18.06,15.74
2017-02-11,3.28,26.85,19.66,21.81
2017-02-12,16.79,28.41,19.7,17.47
2017-02-13,2.9,25.95,19.78,13.19
2017-02-14,0.07,28.73,19.4,24.02
2017-02-15,0.01,29.86,19.2,25.62
2017-02-16,0.13,31.43,19.16,26.98
2017-02-17,4.28,31.19,18.46,26.5
2017-02-18,1.03,31.52,18.93,26.48
2017-02-19,0.09,32.1,18.01,27.02
2017-02-20,0.07,31.39,19.2,23.82
2017-02-21,0.01,30.83,18.67,23.21
2017-02-22,0.02,30.47,19.31,23.27
2017-02-23,8.64,28.43,20.27,24.02
2017-02-24,4.28,26.36,18.69,11.7
2017-02-25,5.81,28.23,18.27,13.04
2017-02-26,4.78,27.88,18.46,19.97
2017-02-27,1.53,29.97,17.41,21.53
2017-02-28,0.84,30.84,17.96,25.51
2017-03-01,6.8,27.73,20.25,22.56
2017-03-02,14.09,26.55,21.04,16.48
2017-03-03,7.99,26.73,20.36,14.24
2017-03-04,4.07,28.06,19.72,18.12
2017-03-05,2.05,26.08,21.13,15.69
2017-03-06,10.1,28.09,20.15,14.68
2017-03-07,2.35,28.96,19.86,15.89
2017-03-08,0.85,29.23,19.96,15.42
2017-03-09,0.11,29.21,19.16,18.57
2017-03-10,5.94,28.84,20.57,18.04
2017-03-11,2.35,26.72,21.26,12.49
2017-03-12,2.91,28.21,20.4,22.95
2017-03-13,1.76,28.45,18.29,10.42
2017-03-14,0.5,25.94,17.6,7.16
2017-03-15,0.31,29.02,18.43,18.11
2017-03-16,2.09,29.39,19.35,21.35
2017-03-17,21.75,26.19,17.79,8.52
2017-03-18,14.47,21.82,16.42,4.97
2017-03-19,3.11,24.94,16.25,8.25
2017-03-20,0.57,24.28,15.43,14.05
2017-03-21,0.3,24.18,15.52,14.78
2017-03-22,0.13,25.98,16.74,20.13
2017-03-23,0.01,26.74,16.89,18.24
2017-03-24,1.93,28.05,16.94,21.01
2017-03-25,1.21,28.39,16.74,19.96
2017-03-26,0.23,26.64,16.83,19.01
2017-03-27,3.12,25.86,16.96,7.93
2017-03-28,2.13,25.48,16.45,14.66
2017-03-29,1.2,23.77,15.96,17.79
2017-03-30,0.68,24.7,14.88,16.38
2017-03-31,0.21,23.72,14.18,18.44
2017-04-01,0.75,23.98,13.77,13.84
2017-04-02,0.31,25.59,14.66,16.86
2017-04-03,0.23,24.25,15.81,18.23
2017-04-04,0.8,27.38,16.36,17.28
2017-04-05,12.27,28.77,17.23,14.33
2017-04-06,33.72,26.64,17.83,6.42
2017-04-07,8.48,23.82,16.62,6.61
2017-04-08,0.42,26.04,18.46,10.71
2017-04-09,0.61,26.0,19.2,11.74
2017-04-10,0.27,25.3,18.49,16.34
2017-04-11,1.83,28.41,19.62,16.62
2017-04-12,3.54,22.23,15.56,4.87
2017-04-13,0.12,22.95,14.78,11.69
2017-04-14,0.02,26.06,14.19,17.91
2017-04-15,0.01,27.05,15.77,18.55
2017-04-16,0.11,23.94,16.64,11.99
2017-04-17,0.49,23.13,15.72,8.7
2017-04-18,0.19,21.55,14.58,13.8
2017-04-19,0.14,21.72,14.31,14.81
2017-04-20,19.75,24.57,15.75,14.04
2017-04-21,22.24,20.54,12.51,6.18
2017-04-22,0.68,22.83,12.54,15.16
2017-04-23,0.1,22.17,13.56,10.61
2017-04-24,0.05,24.06,13.64,16.63
2017-04-25,5.43,25.35,15.35,12.36
2017-04-26,19.71,24.46,16.57,4.86
2017-04-27,0.29,21.38,10.3,16.45
2017-04-28,0.09,19.57,9.23,14.97
2017-04-29,0.03,20.43,10.67,7.99
2017-04-30,0.09,21.27,12.75,9.9
2017-05-01,0.11,21.65,14.53,13.15
2017-05-02,0.11,22.87,14.84,13.02
2017-05-03,0.03,24.72,14.69,16.39
2017-05-04,15.99,23.64,15.1,12.93
2017-05-05,24.0,21.52,16.15,8.06
2017-05-06,3.05,22.74,15.39,10.1
2017-05-07,0.15,22.79,14.21,10.97
2017-05-08,0.07,22.73,13.56,15.45
2017-05-09,0.02,23.73,11.9,15.93
2017-05-10,0.26,22.93,15.41,7.36
2017-05-11,0.6,19.72,14.28,7.62
2017-05-12,0.12,22.45,13.13,11.68
2017-05-13,0.11,24.92,12.62,16.75
2017-05-14,8.23,24.34,14.22,16.91
2017-05-15,0.02,22.6,11.61,15.89
2017-05-16,0.02,21.44,13.31,12.26
2017-05-17,0.13,22.27,13.61,9.43
2017-05-18,28.78,19.46,14.45,3.17
2017-05-19,40.11,18.84,14.81,3.11
2017-05-20,1.85,21.62,15.04,8.25
2017-05-21,37.92,21.79,15.91,2.19
2017-05-22,0.78,21.75,12.45,7.79
2017-05-23,0.26,19.49,10.53,12.07
2017-05-24,0.29,24.18,13.12,11.35
2017-05-25,0.01,25.79,15.24,13.86
2017-05-26,0.03,26.29,17.6,14.72
2017-05-27,0.14,24.05,17.61,4.88
2017-05-28,0.15,24.17,16.64,8.12
2017-05-29,0.03,24.56,16.19,12.34
2017-05-30,0.28,22.16,15.3,5.84
2017-05-31,5.11,21.51,13.97,8.26
2017-06-01,1.15,18.07,10.54,13.83
2017-06-02,0.02,19.5,8.85,13.6
2017-06-03,0.06,20.03,10.72,14.09
2017-06-04,6.57,24.11,10.62,14.44
2017-06-05,44.85,24.11,15.88,1.67
2017-06-06,53.89,24.19,18.15,3.95
2017-06-07,5.08,25.14,17.96,9.82
2017-06-08,0.96,24.74,16.39,11.11
2017-06-09,3.73,19.02,7.71,5.72
2017-06-10,0.0,16.25,3.53,16.33
2017-06-11,0.08,18.25,4.78,15.52
2017-06-12,0.13,19.04,6.26,10.8
2017-06-13,14.82,17.09,10.26,4.56
2017-06-14,0.2,20.14,11.99,6.1
2017-06-15,0.2,20.32,12.28,7.51
2017-06-16,0.12,20.97,11.75,12.52
2017-06-17,0.01,22.43,9.04,14.79
2017-06-18,0.03,22.61,11.24,10.29
2017-06-19,1.6,23.05,11.82,8.59
2017-06-20,10.53,13.89,10.66,3.53
2017-06-21,0.51,18.81,10.44,6.76
2017-06-22,0.15,21.21,13.2,8.71
2017-06-23,0.06,21.17,14.15,12.08
2017-06-24,0.06,21.52,14.35,12.22
2017-06-25,0.06,20.76,13.5,14.12
2017-06-26,0.03,20.49,10.8,14.4
2017-06-27,0.04,21.0,10.89,14.75
2017-06-28,0.03,21.5,10.85,14.33
2017-06-29,0.08,22.36,12.55,10.49
2017-06-30,0.03,22.09,12.02,13.23
2017-07-01,0.13,20.54,10.62,7.91
2017-07-02,0.48,14.57,10.18,7.45
2017-07-03,0.33,15.65,9.36,9.5
2017-07-04,0.34,16.03,9.48,11.77
2017-07-05,0.0,17.78,8.93,15.1
2017-07-06,0.01,18.82,10.04,11.65
2017-07-07,0.02,20.05,11.87,8.56
2017-07-08,0.01,20.03,12.94,9.15
2017-07-09,0.0,20.45,12.26,12.56
2017-07-10,0.01,21.15,12.08,14.3
2017-07-11,0.0,22.78,11.6,14.4
2017-07-12,0.02,21.25,10.22,13.36
2017-07-13,0.03,22.07,11.69,11.36
2017-07-14,0.06,22.59,12.26,15.78
2017-07-15,0.02,21.7,11.03,15.46
2017-07-16,0.0,22.05,10.44,15.57
2017-07-17,0.16,23.51,12.06,14.17
2017-07-18,0.68,14.38,4.5,3.25
2017-07-19,0.02,13.18,2.43,5.43
2017-07-20,0.02,20.87,8.97,8.49
2017-07-21,0.05,20.82,9.76,15.64
2017-07-22,0.01,20.21,6.53,13.43
2017-07-23,0.01,21.68,9.27,14.13
2017-07-24,0.0,21.71,8.69,16.77
2017-07-25,0.0,23.14,9.56,17.13
2017-07-26,0.0,22.89,9.87,16.96
2017-07-27,0.01,21.67,11.41,14.85
2017-07-28,0.02,21.22,12.94,13.5
2017-07-29,0.0,21.95,11.38,16.56
2017-07-30,0.02,22.28,12.86,14.78
2017-07-31,0.0,22.02,11.4,11.13
2017-08-01,0.0,21.26,10.55,13.89
2017-08-02,0.02,22.94,10.64,15.39
2017-08-03,3.7,20.4,12.8,12.33
2017-08-04,0.59,18.62,9.84,8.82
2017-08-05,0.28,16.88,9.43,10.19
2017-08-06,0.14,18.61,10.36,12.38
2017-08-07,0.01,22.6,9.85,17.75
2017-08-08,0.0,23.59,11.88,14.89
2017-08-09,0.01,27.17,13.55,16.89
2017-08-10,0.28,25.1,12.56,5.53
2017-08-11,0.08,21.15,11.71,11.38
2017-08-12,0.02,25.26,12.0,11.42
2017-08-13,5.7,27.76,12.56,15.56
2017-08-14,0.27,24.25,11.68,17.92
2017-08-15,8.93,18.28,11.41,4.15
2017-08-16,4.88,17.9,12.08,5.53
2017-08-17,1.43,18.11,12.64,3.89
2017-08-18,4.82,16.15,12.31,5.15
2017-08-19,17.79,22.75,13.49,3.23
2017-08-20,17.78,18.79,11.14,3.12
2017-08-21,1.17,15.65,8.59,8.89
2017-08-22,0.15,16.64,8.93,7.92
2017-08-23,0.05,23.2,11.54,9.48
2017-08-24,0.01,23.2,12.68,17.41
2017-08-25,0.01,23.29,12.59,14.87
2017-08-26,0.0,25.44,11.98,20.19
2017-08-27,0.0,26.22,12.2,19.31
2017-08-28,0.01,24.89,11.67,18.95
2017-08-29,0.01,26.64,11.64,20.42
2017-08-30,0.01,29.26,13.98,21.04
2017-08-31,0.19,21.68,13.75,7.5
2017-09-01,0.32,23.1,13.41,7.98
2017-09-02,0.01,24.88,12.75,7.66
2017-09-03,0.01,26.45,11.19,20.39
2017-09-04,0.01,26.38,9.47,22.28
2017-09-05,0.02,27.16,11.98,22.72
2017-09-06,0.04,27.32,13.85,17.08
2017-09-07,0.01,27.92,14.13,21.56
2017-09-08,0.0,28.84,11.61,21.66
2017-09-09,0.0,29.02,13.34,19.31
2017-09-10,0.0,29.76,12.6,22.57
2017-09-11,0.0,31.54,13.06,20.29
2017-09-12,0.0,30.76,14.19,21.33
2017-09-13,0.0,30.67,14.25,22.31
2017-09-14,0.0,30.98,13.57,23.98
2017-09-15,0.0,32.37,15.26,23.04
2017-09-16,0.0,31.7,15.6,21.95
2017-09-17,0.05,32.19,15.0,20.76
2017-09-18,0.07,30.36,15.79,13.93
2017-09-19,0.0,30.63,15.76,18.87
2017-09-20,0.0,29.7,13.49,20.32
2017-09-21,0.01,31.17,14.31,24.04
2017-09-22,0.0,31.13,14.07,23.06
2017-09-23,0.54,31.85,15.68,16.71
2017-09-24,0.28,26.32,15.49,8.42
2017-09-25,0.01,25.98,14.92,18.91
2017-09-26,0.01,28.71,14.07,18.43
2017-09-27,0.02,31.13,14.13,22.5
2017-09-28,0.31,31.46,15.22,15.17
2017-09-29,13.34,19.18,14.93,5.05
2017-09-30,2.24,24.57,15.1,12.25
2017-10-01,0.24,27.56,14.78,19.16
2017-10-02,22.55,25.54,14.63,9.13
2017-10-03,0.14,23.21,12.36,21.93
2017-10-04,0.01,25.02,10.21,24.52
2017-10-05,0.01,30.47,10.85,24.31
2017-10-06,28.42,28.09,16.03,22.8
2017-10-07,6.44,25.28,15.29,6.98
2017-10-08,3.25,25.8,15.16,12.63
2017-10-09,0.58,29.32,15.88,14.66
2017-10-10,0.01,29.76,16.34,19.26
2017-10-11,1.88,33.1,18.72,24.47
2017-10-12,3.27,33.99,18.97,25.44
2017-10-13,0.67,32.94,17.57,23.09
2017-10-14,4.82,31.56,16.11,18.19
2017-10-15,0.77,25.27,14.45,10.19
2017-10-16,0.62,25.33,13.95,11.16
2017-10-17,0.53,29.65,14.24,11.07
2017-10-18,0.02,32.67,15.69,26.52
2017-10-19,1.41,33.28,18.52,25.27
2017-10-20,0.8,25.56,16.7,8.01
2017-10-21,6.61,25.99,15.79,12.31
2017-10-22,0.59,21.92,17.49,9.65
2017-10-23,0.18,22.96,13.38,10.04
2017-10-24,0.11,25.37,12.28,9.65
2017-10-25,15.65,29.03,13.92,10.8
2017-10-26,14.1,28.51,16.48,14.16
2017-10-27,5.11,27.63,18.21,4.42
2017-10-28,17.37,28.43,18.77,22.91
2017-10-29,38.77,22.78,16.68,7.8
2017-10-30,6.43,21.18,17.45,7.18
2017-10-31,0.07,26.13,14.23,15.6
2017-11-01,0.0,22.95,12.77,19.68
2017-11-02,0.0,24.35,13.05,24.75
2017-11-03,6.18,28.4,13.01,21.05
2017-11-04,27.01,26.29,19.12,12.93
2017-11-05,1.77,22.23,13.96,8.24
2017-11-06,0.64,22.44,13.39,12.75
2017-11-07,0.07,23.11,12.34,15.79
2017-11-08,11.46,21.46,13.98,6.29
2017-11-09,1.92,21.11,14.64,14.86
2017-11-10,26.06,27.42,16.15,19.32
2017-11-11,4.61,24.63,13.56,16.56
2017-11-12,0.01,26.53,10.83,31.93
2017-11-13,0.02,26.81,13.78,31.26
2017-11-14,0.0,25.66,11.49,31.67
2017-11-15,0.01,31.36,12.09,29.86
2017-11-16,10.16,30.33,18.52,28.05
2017-11-17,5.87,27.29,18.72,12.51
2017-11-18,14.71,24.8,18.33,10.3
2017-11-19,12.69,24.11,16.38,14.73
2017-11-20,0.92,24.4,15.78,10.16
2017-11-21,16.24,25.23,15.93,16.05
2017-11-22,6.6,23.08,14.72,13.13
2017-11-23,0.11,25.98,13.34,16.83
2017-11-24,0.04,29.01,13.68,29.92
2017-11-25,1.78,29.37,15.63,24.71
2017-11-26,25.37,27.77,18.22,17.99
2017-11-27,7.19,28.88,17.88,12.01
2017-11-28,0.25,26.42,16.16,17.37
2017-11-29,3.88,26.21,14.88,28.38
2017-11-30,4.57,24.06,14.06,16.88
2017-12-01,0.24,25.16,15.72,16.8
2017-12-02,0.29,25.67,15.6,14.04
2017-12-03,0.05,28.78,16.02,16.67
2017-12-04,0.26,29.48,16.64,27.42
2017-12-05,2.34,28.72,18.38,17.66
2017-12-06,1.04,28.23,17.86,14.28
2017-12-07,9.04,29.28,17.1,8.76
2017-12-08,0.53,30.14,18.2,22.38
2017-12-09,0.33,29.29,17.32,24.0
2017-12-10,1.87,30.48,16.75,24.56
2017-12-11,0.2,30.85,16.67,25.32
2017-12-12,0.21,25.34,14.88,16.36
2017-12-13,0.04,29.55,14.66,12.9
2017-12-14,0.24,32.86,16.0,25.94
2017-12-15,0.83,31.63,17.56,16.93
2017-12-16,0.07,33.17,17.68,28.37
2017-12-17,6.18,32.15,19.1,27.52
2017-12-18,13.95,27.69,18.83,16.36
2017-12-19,1.75,30.36,17.98,14.69
2017-12-20,12.74,25.56,19.29,15.14
2017-12-21,26.86,22.88,18.58,8.1
2017-12-22,10.55,26.78,18.91,20.95
2017-12-23,3.28,26.6,19.88,18.61
2017-12-24,8.9,25.7,19.86,11.19
2017-12-25,26.97,24.03,17.21,7.18
2017-12-26,20.58,25.76,16.89,9.43
2017-12-27,5.4,27.17,18.61,13.71
2017-12-28,9.24,28.06,19.23,14.5
2017-12-29,14.21,23.66,18.17,6.96
2017-12-30,29.26,26.34,19.51,16.29
2017-12-31,9.7,28.31,20.51,22.85
2018-01-01,13.28,28.87,19.8,20.26
2018-01-02,4.61,24.33,20.52,15.37
2018-01-03,5.45,28.13,17.73,19.99
2018-01-04,0.22,26.49,15.92,27.92
2018-01-05,0.02,27.71,15.08,30.38
2018-01-06,5.88,27.96,16.8,23.25
2018-01-07,4.15,25.86,17.48,11.36
2018-01-08,6.4,23.37,17.25,11.24
2018-01-09,10.52,22.31,17.08,9.08
2018-01-10,5.59,24.76,18.0,15.8
2018-01-11,6.73,26.05,18.03,13.75
2018-01-12,10.91,25.61,17.62,15.16
2018-01-13,12.02,24.18,17.91,11.78
2018-01-14,8.76,24.66,18.7,20.87
2018-01-15,6.52,26.76,19.28,22.47
2018-01-16,11.73,27.55,19.71,15.78
2018-01-17,11.57,24.92,19.79,13.03
2018-01-18,6.71,27.69,19.31,17.32
2018-01-19,7.02,25.71,19.09,15.42
2018-01-20,10.35,25.38,18.3,15.05
2018-01-21,19.72,27.98,19.14,17.85
2018-01-22,3.61,29.25,19.81,25.05
2018-01-23,4.74,29.24,20.27,25.56
2018-01-24,7.36,29.59,19.27,24.66
2018-01-25,1.84,27.77,20.08,17.11
2018-01-26,0.59,26.85,18.87,11.6
2018-01-27,0.17,26.76,17.72,14.0
2018-01-28,7.83,28.9,17.75,19.98
2018-01-29,16.24,27.81,18.89,12.3
2018-01-30,4.73,24.75,15.58,8.73
2018-01-31,0.83,26.33,16.44,24.06
2018-02-01,0.37,25.94,16.43,20.53
2018-02-02,0.12,26.07,17.06,17.86
2018-02-03,0.12,25.53,16.66,28.03
2018-02-04,1.94,25.63,16.06,15.68
2018-02-05,0.89,25.63,15.66,19.52
2018-02-06,0.03,27.0,15.35,24.96
2018-02-07,0.08,27.51,15.26,26.03
2018-02-08,0.06,29.27,16.7,26.74
2018-02-09,2.34,30.01,17.88,26.41
2018-02-10,9.76,26.11,19.54,19.2
2018-02-11,16.28,27.3,20.24,15.99
2018-02-12,22.39,27.1,17.13,13.22
2018-02-13,14.13,21.4,15.86,7.64
2018-02-14,1.99,21.89,15.58,9.68
2018-02-15,1.51,24.03,15.61,9.92
2018-02-16,0.27,26.04,16.46,13.8
2018-02-17,0.8,24.2,16.42,16.78
2018-02-18,1.25,24.85,16.73,9.89
2018-02-19,4.78,25.83,18.13,14.05
2018-02-20,6.52,26.49,19.29,13.61
2018-02-21,3.48,27.7,20.05,21.4
2018-02-22,8.15,27.81,18.64,22.97
2018-02-23,2.48,26.53,16.6,20.21
2018-02-24,0.15,25.74,16.44,22.25
2018-02-25,0.02,26.31,16.2,23.56
2018-02-26,3.83,27.62,16.46,23.06
2018-02-27,11.54,25.16,18.55,20.07
2018-02-28,12.84,28.14,18.03,21.31
2018-03-01,4.69,28.03,18.99,18.83
2018-03-02,15.62,28.03,19.67,15.55
2018-03-03,24.65,25.86,19.92,16.22
2018-03-04,0.62,28.66,18.79,16.24
2018-03-05,0.8,29.0,19.18,20.61
2018-03-06,32.33,29.11,19.16,17.73
2018-03-07,3.42,27.71,18.32,12.0
2018-03-08,0.01,27.04,17.87,11.27
2018-03-09,2.15,26.99,16.91,19.95
2018-03-10,4.95,25.81,17.61,14.52
2018-03-11,0.29,27.66,18.17,24.35
2018-03-12,2.45,29.63,18.64,21.55
2018-03-13,1.8,30.28,18.19,13.75
2018-03-14,12.33,28.45,19.95,16.94
2018-03-15,15.9,27.3,20.65,20.59
2018-03-16,2.0,27.58,20.31,21.43
2018-03-17,0.29,29.59,19.42,15.92
2018-03-18,0.0,30.4,18.31,23.04
2018-03-19,0.45,28.27,20.58,15.14
2018-03-20,37.58,26.87,21.14,13.34
2018-03-21,11.68,26.9,17.4,11.77
2018-03-22,0.3,26.76,15.98,9.57
2018-03-23,0.01,27.3,17.67,13.29
2018-03-24,0.0,28.42,20.02,22.02
2018-03-25,5.88,27.34,19.03,16.81
2018-03-26,24.99,20.96,17.7,4.53
2018-03-27,8.63,26.07,17.54,8.0
2018-03-28,7.99,24.6,19.14,13.71
2018-03-29,4.86,25.71,18.29,15.37
2018-03-30,4.79,25.77,18.22,13.93
2018-03-31,4.23,26.68,19.12,8.25
2018-04-01,6.15,24.27,18.43,14.78
2018-04-02,2.52,22.89,18.82,13.75
2018-04-03,2.25,25.95,17.9,14.69
2018-04-04,0.88,26.15,17.25,17.65
2018-04-05,0.29,26.49,16.71,18.54
2018-04-06,0.08,25.94,17.1,17.94
2018-04-07,0.02,26.1,16.75,19.61
2018-04-08,0.01,25.45,16.87,20.65
2018-04-09,0.01,26.43,17.06,19.07
2018-04-10,0.03,25.89,16.88,20.1
2018-04-11,0.05,25.02,16.8,20.52
2018-04-12,0.02,26.23,15.8,20.53
2018-04-13,0.29,27.06,16.78,20.12
2018-04-14,5.08,24.57,17.8,13.57
2018-04-15,2.39,22.07,16.31,9.25
2018-04-16,1.19,21.45,15.71,10.14
2018-04-17,1.05,22.51,15.34,11.28
2018-04-18,0.04,23.88,14.78,19.67
2018-04-19,0.02,24.51,13.7,20.13
2018-04-20,0.01,24.26,13.42,18.7
2018-04-21,0.0,22.84,11.83,19.87
2018-04-22,0.01,23.61,12.19,16.38
2018-04-23,0.01,24.85,15.48,15.77
2018-04-24,0.05,25.29,15.65,17.2
2018-04-25,0.08,25.61,16.0,16.83
2018-04-26,0.0,26.26,16.06,14.92
2018-04-27,0.33,26.27,17.38,15.24
2018-04-28,0.25,26.84,17.0,16.26
2018-04-29,0.1,26.35,16.71,17.01
2018-04-30,0.06,26.68,15.81,17.71
2018-05-01,0.05,26.71,17.09,14.19
2018-05-02,0.68,25.91,17.0,12.39
2018-05-03,0.28,26.04,16.29,15.01
2018-05-04,0.0,26.27,14.46,17.08
2018-05-05,0.06,27.01,17.11,13.86
2018-05-06,0.98,25.41,17.03,14.28
2018-05-07,1.6,23.78,16.37,10.98
2018-05-08,1.03,23.8,16.51,8.59
2018-05-09,0.08,23.77,15.72,14.03
2018-05-10,0.03,24.32,14.3,15.85
2018-05-11,0.01,24.45,12.56,14.36
2018-05-12,0.02,24.83,15.25,14.76
2018-05-13,0.0,23.1,13.76,13.69
2018-05-14,0.0,22.91,14.13,13.03
2018-05-15,2.32,24.89,14.9,15.56
2018-05-16,1.31,24.38,15.67,10.8
2018-05-17,0.45,23.71,15.02,9.21
2018-05-18,15.84,24.44,14.95,12.22
2018-05-19,9.21,20.28,10.92,10.29
2018-05-20,0.11,15.54,6.72,16.72
2018-05-21,0.0,18.22,4.79,17.13
2018-05-22,0.02,19.92,9.45,16.38
2018-05-23,0.0,20.81,6.66,13.48
2018-05-24,0.3,21.3,12.01,10.6
2018-05-25,1.51,21.28,12.69,8.72
2018-05-26,0.07,22.18,13.56,8.77
2018-05-27,0.01,22.53,13.66,14.49
2018-05-28,0.02,20.88,12.75,15.27
2018-05-29,0.01,21.84,12.61,14.35
2018-05-30,0.01,22.31,12.65,15.26
2018-05-31,0.01,22.5,10.27,15.62
2018-06-01,0.01,21.92,10.33,14.01
2018-06-02,2.78,23.97,13.53,8.4
2018-06-03,1.72,17.31,11.03,4.65
2018-06-04,1.32,16.56,10.65,3.75
2018-06-05,2.63,17.38,12.31,2.71
2018-06-06,0.53,21.36,12.98,6.4
2018-06-07,3.26,21.22,13.26,5.37
2018-06-08,0.05,19.16,7.74,15.56
2018-06-09,0.02,19.47,6.42,10.28
2018-06-10,0.0,22.85,12.1,8.26
2018-06-11,0.01,25.93,16.66,11.82
2018-06-12,15.34,25.04,16.41,7.24
2018-06-13,7.27,23.82,17.2,6.48
2018-06-14,0.89,17.48,10.46,3.56
2018-06-15,1.85,14.76,9.46,5.37
2018-06-16,0.53,15.22,9.88,4.68
2018-06-17,0.12,19.03,9.58,7.62
2018-06-18,0.08,19.28,10.98,7.02
2018-06-19,0.04,21.86,13.51,6.67
2018-06-20,0.01,23.22,12.38,12.78
2018-06-21,0.03,22.99,12.6,12.5
2018-06-22,0.02,23.69,12.62,13.54
2018-06-23,0.01,23.88,10.52,14.77
2018-06-24,0.03,24.73,14.6,13.4
2018-06-25,0.01,24.62,15.05,13.99
2018-06-26,0.29,25.07,13.48,10.23
2018-06-27,0.84,23.22,14.53,4.93
2018-06-28,0.12,22.72,13.63,10.57
2018-06-29,0.03,24.65,13.48,13.36
2018-06-30,0.02,24.89,12.71,13.04
2018-07-01,0.02,24.87,13.36,12.15
2018-07-02,0.0,25.44,13.73,13.18
2018-07-03,0.11,25.67,12.84,6.86
2018-07-04,0.06,23.71,11.67,8.48
2018-07-05,0.01,26.05,13.18,14.01
2018-07-06,0.03,26.4,13.25,12.67
2018-07-07,0.01,23.82,13.88,12.46
2018-07-08,0.02,25.06,12.39,13.93
2018-07-09,1.65,22.99,11.26,5.23
2018-07-10,0.12,17.32,6.72,13.79
2018-07-11,0.01,17.27,6.38,13.88
2018-07-12,0.0,18.36,6.9,15.08
2018-07-13,0.0,19.33,6.95,15.48
2018-07-14,0.0,25.09,11.66,16.11
2018-07-15,0.01,27.12,10.95,16.12
2018-07-16,0.01,27.99,12.45,15.83
2018-07-17,0.01,25.8,11.13,15.58
2018-07-18,0.0,26.44,10.28,15.38
2018-07-19,0.02,27.07,11.81,15.6
2018-07-20,0.01,27.16,12.49,16.36
2018-07-21,0.06,26.78,12.45,10.57
2018-07-22,0.04,20.47,11.25,6.3
2018-07-23,0.01,25.92,12.92,12.92
2018-07-24,0.19,22.68,12.71,4.42
2018-07-25,0.02,23.53,12.34,8.46
2018-07-26,0.01,25.17,13.67,12.32
2018-07-27,0.0,26.17,12.39,14.95
2018-07-28,0.01,27.58,11.57,15.8
2018-07-29,0.05,27.06,15.24,13.39
2018-07-30,8.91,23.93,13.71,5.12
2018-07-31,8.37,21.15,11.17,7.64
2018-08-01,0.37,16.65,10.2,4.24
2018-08-02,1.12,19.54,10.68,5.81
2018-08-03,34.28,16.38,13.02,4.04
2018-08-04,0.98,20.37,12.07,9.52
2018-08-05,1.76,20.55,12.28,5.72
2018-08-06,4.09,16.68,11.17,5.0
2018-08-07,0.12,19.04,9.59,7.75
2018-08-08,4.33,22.74,10.24,10.73
2018-08-09,3.43,18.77,8.61,7.78
2018-08-10,0.0,18.03,5.82,19.41
2018-08-11,0.02,21.26,3.36,19.42
2018-08-12,0.0,20.54,6.94,13.42
2018-08-13,0.04,21.88,8.53,13.59
2018-08-14,0.08,25.46,10.32,19.02
2018-08-15,0.28,22.01,10.04,10.21
2018-08-16,0.28,18.83,10.62,5.36
2018-08-17,0.21,20.27,11.68,7.95
2018-08-18,0.14,23.07,11.04,11.88
2018-08-19,0.02,25.27,11.57,18.68
2018-08-20,0.07,27.51,13.69,18.37
2018-08-21,0.58,27.21,12.52,11.07
2018-08-22,1.72,22.44,14.32,7.46
2018-08-23,1.7,23.55,13.73,14.52
2018-08-24,2.46,27.47,14.24,7.52
2018-08-25,30.04,25.42,12.28,14.55
2018-08-26,0.02,20.08,8.35,12.11
2018-08-27,0.0,20.07,7.63,11.21
2018-08-28,0.02,24.85,10.4,11.52
2018-08-29,0.02,26.7,11.74,20.02
2018-08-30,0.1,27.9,11.61,21.2
2018-08-31,0.02,29.89,13.0,21.84
2018-09-01,0.17,29.66,14.76,15.87
2018-09-02,1.83,30.64,13.33,11.52
2018-09-03,3.44,18.67,10.53,5.74
2018-09-04,3.82,21.06,9.97,11.63
2018-09-05,1.64,19.33,8.26,17.31
2018-09-06,0.01,23.1,7.99,20.06
2018-09-07,0.0,27.83,9.53,19.74
2018-09-08,0.0,28.64,11.6,18.71
2018-09-09,0.0,28.48,12.29,11.23
2018-09-10,0.0,25.88,12.67,14.89
2018-09-11,0.02,24.04,12.2,11.68
2018-09-12,0.17,24.3,13.01,8.32
2018-09-13,5.32,26.25,12.74,9.08
2018-09-14,3.92,25.35,13.43,5.76
2018-09-15,2.98,25.07,14.03,10.05
2018-09-16,1.21,25.3,12.15,11.94
2018-09-17,9.45,17.92,12.85,7.78
2018-09-18,0.29,26.96,16.17,18.58
2018-09-19,7.85,28.29,16.54,17.37
2018-09-20,13.81,24.51,17.39,8.93
2018-09-21,0.52,28.61,17.2,21.31
2018-09-22,0.0,29.29,15.48,23.65
2018-09-23,0.01,31.81,13.95,24.87
2018-09-24,0.03,32.99,14.25,23.87
2018-09-25,0.01,28.8,14.01,19.45
2018-09-26,0.52,29.52,16.08,12.1
2018-09-27,5.58,28.66,17.8,6.39
2018-09-28,0.84,26.31,16.34,11.7
2018-09-29,0.08,27.34,16.99,14.81
2018-09-30,1.9,26.06,17.71,10.08
2018-10-01,0.06,30.09,17.58,20.7
2018-10-02,1.04,31.94,18.4,11.37
2018-10-03,1.51,29.77,19.84,11.93
2018-10-04,12.1,25.0,15.23,10.23
2018-10-05,0.31,23.59,13.26,6.77
2018-10-06,2.97,21.19,12.89,5.78
2018-10-07,10.78,25.31,13.55,6.89
2018-10-08,12.71,25.16,15.58,6.71
2018-10-09,7.53,28.22,18.06,18.09
2018-10-10,6.57,28.09,17.73,15.87
2018-10-11,3.7,22.3,15.08,5.51
2018-10-12,0.2,28.16,14.71,12.4
2018-10-13,4.61,25.74,18.47,10.03
2018-10-14,7.58,25.46,14.36,7.99
2018-10-15,14.27,23.98,14.49,6.89
2018-10-16,4.1,25.62,14.34,9.41
2018-10-17,20.1,30.12,16.5,14.56
2018-10-18,21.99,26.64,20.25,16.83
2018-10-19,3.64,22.51,14.59,8.75
2018-10-20,0.15,21.14,13.08,19.77
2018-10-21,0.01,22.46,12.35,17.65
2018-10-22,0.0,27.98,12.11,20.81
2018-10-23,1.94,29.32,14.15,19.7
2018-10-24,15.69,18.93,14.97,6.0
2018-10-25,12.83,23.34,15.0,7.46
2018-10-26,13.45,25.73,16.41,11.85
2018-10-27,3.45,27.13,18.08,18.87
2018-10-28,0.8,23.37,12.86,21.96
2018-10-29,0.43,23.69,12.45,19.57
2018-10-30,0.0,28.57,12.71,26.17
2018-10-31,0.87,30.29,14.83,17.2
2018-11-01,6.52,25.5,16.16,10.31
2018-11-02,0.4,28.7,15.02,15.26
2018-11-03,5.75,30.86,15.78,24.15
2018-11-04,1.47,25.51,14.9,13.18
2018-11-05,0.17,24.31,13.93,12.31
2018-11-06,1.74,25.53,14.1,11.81
2018-11-07,2.37,22.56,15.21,12.81
2018-11-08,1.52,19.69,14.86,12.39
2018-11-09,1.25,25.38,15.41,15.72
2018-11-10,0.26,27.56,16.01,11.41
2018-11-11,0.02,30.17,16.38,22.71
2018-11-12,0.01,32.21,17.33,22.44
2018-11-13,0.02,33.45,17.67,24.81
2018-11-14,2.0,31.3,20.81,21.2
2018-11-15,0.88,31.07,17.77,12.81
2018-11-16,0.04,30.23,15.52,22.31
2018-11-17,0.39,28.16,14.72,19.17
2018-11-18,17.26,27.4,17.01,8.88
2018-11-19,9.06,20.35,13.62,10.48
2018-11-20,0.33,22.74,12.89,12.64
2018-11-21,0.21,24.58,12.76,13.4
2018-11-22,0.35,29.11,15.49,15.47
2018-11-23,13.78,28.66,17.61,17.6
2018-11-24,9.83,25.41,19.37,11.07
2018-11-25,2.95,26.72,16.89,15.69
2018-11-26,0.23,25.19,15.03,14.41
2018-11-27,0.14,26.18,14.56,20.11
2018-11-28,0.06,28.52,15.48,15.51
2018-11-29,1.32,29.96,17.4,18.76
2018-11-30,8.89,27.34,19.37,23.76
2018-12-01,27.03,27.36,19.94,18.15
2018-12-02,4.22,26.71,16.13,16.95
2018-12-03,2.51,26.28,15.02,13.92
2018-12-04,0.56,28.74,14.83,26.21
2018-12-05,0.01,30.99,16.93,30.66
2018-12-06,0.12,31.32,14.55,25.35
2018-12-07,2.3,28.14,14.31,11.08
2018-12-08,0.55,23.42,12.58,21.58
2018-12-09,0.0,28.75,11.09,27.91
2018-12-10,0.0,31.16,14.04,29.14
2018-12-11,1.78,31.57,17.53,28.29
2018-12-12,0.0,34.19,17.27,29.64
2018-12-13,0.29,33.51,19.46,28.48
2018-12-14,0.58,31.44,19.25,30.09
2018-12-15,18.25,34.29,20.29,26.36
2018-12-16,3.79,31.85,18.76,27.83
2018-12-17,0.81,33.79,19.56,28.18
2018-12-18,2.35,30.43,21.58,24.38
2018-12-19,9.89,30.76,20.46,22.34
2018-12-20,0.67,29.31,20.99,25.56
2018-12-21,9.7,29.33,21.23,21.73
2018-12-22,11.83,29.42,20.72,22.47
2018-12-23,13.32,26.53,20.23,12.85
2018-12-24,16.56,24.52,17.97,11.05
2018-12-25,0.44,26.84,17.1,19.15
2018-12-26,0.69,28.69,17.4,27.65
2018-12-27,1.15,29.15,17.65,25.01
2018-12-28,4.58,30.67,18.06,25.94
2018-12-29,0.78,31.42,18.3,27.58
2018-12-30,0.0,33.27,18.35,29.46
2018-12-31,1.64,33.1,18.92,23.63
2019-01-01,0.75,33.71,18.5,24.9
2019-01-02,5.46,30.39,19.78,22.02
2019-01-03,4.7,30.54,21.33,25.22
2019-01-04,16.84,26.96,21.31,15.49
2019-01-05,42.17,25.6,19.22,6.83
2019-01-06,7.82,27.51,19.1,12.81
2019-01-07,0.22,30.39,19.56,28.4
2019-01-08,3.2,29.82,20.55,24.99
2019-01-09,4.61,28.14,20.7,28.6
2019-01-10,8.86,29.42,19.68,26.19
2019-01-11,4.09,27.85,20.96,26.18
2019-01-12,8.06,26.91,19.21,22.62
2019-01-13,2.47,28.78,19.82,24.81
2019-01-14,8.01,29.3,20.49,23.26
2019-01-15,2.21,30.17,20.07,27.2
2019-01-16,2.88,29.8,20.5,20.63
2019-01-17,4.84,30.04,20.71,19.72
2019-01-18,7.55,30.54,19.98,18.36
2019-01-19,2.73,30.41,21.43,26.22
2019-01-20,5.69,29.11,19.22,14.97
2019-01-21,0.53,32.73,20.5,26.51
2019-01-22,0.18,32.68,20.77,18.6
2019-01-23,0.98,31.73,21.57,22.36
2019-01-24,8.92,30.93,20.63,21.4
2019-01-25,7.23,29.46,19.05,23.46
2019-01-26,0.93,27.87,18.66,26.98
2019-01-27,2.48,29.06,18.94,22.41
2019-01-28,0.05,32.79,18.19,28.72
2019-01-29,0.0,34.84,19.22,29.75
2019-01-30,0.63,34.51,20.66,28.41
2019-01-31,0.24,35.34,20.52,27.02
2019-02-01,0.02,36.7,19.78,28.86
2019-02-02,0.28,33.83,20.35,28.35
2019-02-03,3.98,30.72,19.06,20.12
2019-02-04,0.74,25.86,16.9,9.1
2019-02-05,1.53,26.25,16.9,10.69
2019-02-06,6.07,26.82,16.84,13.05
2019-02-07,0.53,31.32,16.46,23.21
2019-02-08,0.17,32.82,17.42,26.3
2019-02-09,0.03,34.23,17.66,28.85
2019-02-10,0.52,35.08,17.86,26.49
2019-02-11,5.81,31.55,20.25,20.5
2019-02-12,5.64,27.06,20.29,17.36
2019-02-13,0.72,27.39,16.69,12.26
2019-02-14,0.32,28.29,16.14,14.34
2019-02-15,20.9,24.44,15.86,3.9
2019-02-16,30.05,27.08,18.28,10.62
2019-02-17,5.9,27.19,17.2,18.33
2019-02-18,1.98,27.12,18.51,20.01
2019-02-19,7.79,27.92,18.51,23.51
2019-02-20,1.6,28.67,18.77,18.46
2019-02-21,11.52,23.15,18.55,17.26
2019-02-22,3.97,27.69,20.1,19.53
2019-02-23,2.63,27.77,19.78,22.95
2019-02-24,2.15,28.19,20.57,25.85
2019-02-25,33.28,27.11,20.67,15.33
2019-02-26,18.4,24.51,19.7,10.55
2019-02-27,9.45,23.17,17.76,7.58
2019-02-28,9.4,25.27,18.11,11.78
2019-03-01,2.34,25.82,18.52,10.4
2019-03-02,0.31,28.55,18.92,20.71
2019-03-03,1.73,28.52,18.89,24.38
2019-03-04,1.43,28.42,19.08,22.55
2019-03-05,8.67,28.21,20.34,22.31
2019-03-06,9.94,29.22,19.5,21.53
2019-03-07,15.69,27.4,19.79,17.48
2019-03-08,5.91,27.62,19.8,22.1
2019-03-09,2.42,28.08,19.91,21.43
2019-03-10,2.02,26.97,19.12,13.18
2019-03-11,0.49,26.09,18.02,11.97
2019-03-12,0.21,26.46,18.04,18.08
2019-03-13,4.3,27.52,19.32,19.14
2019-03-14,9.25,27.12,20.04,20.75
2019-03-15,9.3,27.74,20.3,12.35
2019-03-16,9.26,26.03,19.93,10.13
2019-03-17,1.4,27.91,19.48,11.18
2019-03-18,5.9,28.44,20.02,19.73
2019-03-19,1.46,29.16,20.27,18.68
2019-03-20,9.75,26.54,18.13,13.84
2019-03-21,5.92,21.79,15.95,9.31
2019-03-22,3.56,23.98,15.86,9.82
2019-03-23,0.27,27.16,15.46,22.32
2019-03-24,0.0,27.85,16.45,23.41
2019-03-25,0.12,28.61,16.74,23.2
2019-03-26,1.09,27.99,18.69,16.97
2019-03-27,0.71,27.11,18.09,10.02
2019-03-28,2.81,24.28,16.97,10.99
2019-03-29,2.18,25.7,16.74,11.96
2019-03-30,0.1,26.07,15.66,19.14
2019-03-31,0.01,27.2,15.7,21.06
2019-04-01,0.14,26.31,16.98,17.98
2019-04-02,0.2,28.24,15.6,21.96
2019-04-03,0.26,29.72,16.57,16.79
2019-04-04,0.0,30.91,18.71,17.69
2019-04-05,6.13,28.45,20.48,15.11
2019-04-06,37.63,26.36,20.26,7.95
2019-04-07,10.7,25.62,18.78,8.19
2019-04-08,6.53,23.62,16.05,5.81
2019-04-09,0.32,23.14,15.0,6.89
2019-04-10,0.09,23.19,14.05,20.58
2019-04-11,0.05,26.41,14.22,17.31
2019-04-12,0.02,27.22,16.46,19.17
2019-04-13,0.35,27.57,17.68,17.15
2019-04-14,0.45,26.42,19.05,12.36
2019-04-15,0.02,26.75,16.68,17.11
2019-04-16,2.95,26.87,18.13,10.51
2019-04-17,0.12,26.86,15.84,18.94
2019-04-18,0.05,26.56,14.24,20.61
2019-04-19,0.05,27.32,14.41,20.96
2019-04-20,0.06,27.47,15.23,18.36
2019-04-21,0.76,28.71,16.05,8.47
2019-04-22,3.01,27.42,18.12,7.45
2019-04-23,0.33,27.9,18.16,6.52
2019-04-24,0.03,28.71,18.63,12.63
2019-04-25,1.73,29.6,18.76,10.83
2019-04-26,1.8,23.14,18.98,12.21
2019-04-27,2.33,28.06,18.79,15.44
2019-04-28,20.2,26.38,16.16,9.14
2019-04-29,1.06,24.85,14.5,12.63
2019-04-30,0.06,25.24,14.63,14.26
2019-05-01,0.07,24.97,15.66,11.06
2019-05-02,0.04,25.77,16.4,13.81
2019-05-03,0.0,28.61,16.52,15.43
2019-05-04,0.02,28.81,19.03,13.52
2019-05-05,0.32,27.67,19.07,14.68
2019-05-06,4.24,29.02,17.96,16.52
2019-05-07,5.55,25.11,16.57,7.81
2019-05-08,0.4,23.82,15.93,8.5
2019-05-09,0.05,24.68,15.43,10.91
2019-05-10,0.28,27.91,15.62,13.14
2019-05-11,3.24,27.85,18.64,4.44
2019-05-12,0.82,27.12,18.53,8.16
2019-05-13,0.03,26.99,17.51,8.88
2019-05-14,0.06,25.69,15.74,11.28
2019-05-15,1.99,21.11,14.25,8.49
2019-05-16,2.87,20.45,15.55,9.8
2019-05-17,5.3,19.94,15.76,5.72
2019-05-18,7.43,19.33,15.71,5.19
2019-05-19,0.35,23.94,15.32,10.34
2019-05-20,0.11,24.53,14.8,12.4
2019-05-21,0.07,25.14,13.89,13.45
2019-05-22,0.02,25.42,12.53,14.73
2019-05-23,12.59,23.93,15.52,3.81
2019-05-24,15.35,20.65,11.55,6.11
2019-05-25,0.07,20.37,9.47,15.57
2019-05-26,0.08,21.3,9.71,14.98
2019-05-27,0.07,24.46,9.71,15.83
2019-05-28,0.04,25.5,12.31,6.0
2019-05-29,28.03,26.25,16.65,5.41
2019-05-30,5.79,25.65,15.92,4.66
2019-05-31,13.27,25.11,16.77,4.93
2019-06-01,34.11,20.75,16.57,4.85
2019-06-02,17.18,20.91,15.87,3.48
2019-06-03,14.25,21.2,15.0,11.85
2019-06-04,0.07,17.63,9.01,14.37
2019-06-05,0.08,17.95,8.59,9.51
2019-06-06,0.04,19.81,12.53,12.64
2019-06-07,0.06,21.48,11.17,15.23
2019-06-08,0.0,21.64,10.0,15.08
2019-06-09,0.01,20.12,8.29,14.57
2019-06-10,0.03,21.32,12.54,14.15
2019-06-11,0.01,22.8,12.5,14.23
2019-06-12,0.0,23.4,11.17,13.82
2019-06-13,0.0,24.2,12.09,13.37
2019-06-14,0.01,24.71,13.26,13.57
2019-06-15,0.0,24.35,13.77,13.69
2019-06-16,0.0,24.28,13.61,13.94
2019-06-17,0.25,22.58,13.49,11.67
2019-06-18,0.1,22.72,14.39,7.31
2019-06-19,0.0,23.44,12.2,14.61
2019-06-20,0.01,24.48,12.46,9.25
2019-06-21,0.0,21.79,12.37,7.17
2019-06-22,0.01,23.13,13.01,12.77
2019-06-23,0.0,23.26,12.84,14.18
2019-06-24,0.0,23.62,11.45,14.68
2019-06-25,0.0,23.97,11.53,14.4
2019-06-26,1.2,24.93,14.27,7.33
2019-06-27,3.09,23.04,14.87,6.13
2019-06-28,0.18,25.51,15.36,9.69
2019-06-29,0.01,25.75,14.41,14.42
2019-06-30,0.0,25.61,13.48,14.92
2019-07-01,0.01,25.75,13.99,14.14
2019-07-02,0.04,25.19,15.41,11.69
2019-07-03,8.89,24.94,13.87,8.56
2019-07-04,37.37,16.83,11.17,3.34
2019-07-05,8.01,15.3,7.04,6.29
2019-07-06,0.0,13.35,0.27,16.33
2019-07-07,0.0,13.67,1.6,13.99
2019-07-08,0.04,17.18,5.35,14.86
2019-07-09,0.02,19.86,8.84,15.82
2019-07-10,0.07,20.8,8.96,15.28
2019-07-11,0.0,21.71,9.45,15.53
2019-07-12,0.0,22.02,10.15,15.37
2019-07-13,0.0,23.3,9.81,15.27
2019-07-14,0.03,24.24,10.22,14.84
2019-07-15,3.3,24.46,12.48,3.45
2019-07-16,0.05,18.31,6.86,14.26
2019-07-17,0.06,15.72,6.2,8.2
2019-07-18,0.09,18.01,11.03,10.94
2019-07-19,0.02,20.73,12.09,13.99
2019-07-20,0.0,22.08,10.09,14.42
2019-07-21,0.0,21.36,9.91,14.05
2019-07-22,0.0,22.18,12.54,14.33
2019-07-23,0.01,24.32,11.71,16.3
2019-07-24,0.0,24.94,12.06,16.32
2019-07-25,0.0,23.25,13.51,8.48
2019-07-26,0.0,25.51,14.61,12.74
2019-07-27,0.01,26.67,13.53,14.48
2019-07-28,0.04,21.85,12.17,7.91
2019-07-29,0.02,23.9,11.91,9.74
2019-07-30,2.18,24.74,12.44,11.75
2019-07-31,0.06,24.84,11.03,16.44
2019-08-01,0.01,25.91,11.75,17.46
2019-08-02,2.12,26.75,9.8,13.12
2019-08-03,0.47,15.62,7.32,12.38
2019-08-04,0.03,13.56,7.04,5.71
2019-08-05,0.09,16.64,7.59,6.63
2019-08-06,0.02,23.65,11.79,14.17
2019-08-07,0.01,25.01,12.85,16.34
2019-08-08,0.01,27.64,14.24,17.36
2019-08-09,0.0,28.17,12.46,17.28
2019-08-10,0.0,28.65,13.7,18.03
2019-08-11,0.02,27.28,14.52,7.88
2019-08-12,0.0,29.47,13.64,18.12
2019-08-13,0.16,22.5,10.88,5.43
2019-08-14,0.12,15.84,7.52,5.68
2019-08-15,0.02,21.88,8.58,13.67
2019-08-16,0.01,26.04,9.8,18.44
2019-08-17,0.0,26.88,8.79,18.87
2019-08-18,2.98,28.1,13.59,15.85
2019-08-19,4.14,15.97,10.87,4.84
2019-08-20,0.58,18.77,10.12,4.9
2019-08-21,0.06,23.64,11.46,8.37
2019-08-22,0.33,19.78,10.65,6.57
2019-08-23,3.08,23.5,11.1,14.4
2019-08-24,0.05,21.2,10.24,10.36
2019-08-25,0.01,21.1,9.94,15.56
2019-08-26,0.03,26.51,11.22,13.77
2019-08-27,0.01,26.27,12.84,14.08
2019-08-28,0.01,24.71,13.46,11.86
2019-08-29,0.03,28.24,12.77,17.95
2019-08-30,0.0,29.9,13.19,20.81
2019-08-31,2.67,32.07,17.77,17.84
2019-09-01,33.34,24.33,13.26,2.66
2019-09-02,15.41,22.85,11.2,3.84
2019-09-03,2.96,23.32,13.22,5.98
2019-09-04,0.32,24.02,13.34,6.24
2019-09-05,3.45,15.08,10.0,5.93
2019-09-06,1.46,19.55,10.23,8.53
2019-09-07,0.12,29.44,12.66,18.22
2019-09-08,0.01,31.51,15.02,20.45
2019-09-09,0.0,31.41,16.08,21.54
2019-09-10,0.01,32.99,15.5,21.27
2019-09-11,0.0,33.67,17.5,18.28
2019-09-12,0.03,34.66,19.11,20.48
2019-09-13,0.14,27.28,14.37,7.11
2019-09-14,0.09,28.66,13.96,10.81
2019-09-15,0.04,32.85,15.09,18.86
2019-09-16,0.0,34.63,16.8,20.62
2019-09-17,0.0,36.19,18.35,20.46
2019-09-18,1.95,33.81,17.74,16.95
2019-09-19,5.35,30.27,15.2,6.72
2019-09-20,19.06,26.84,13.96,5.99
2019-09-21,0.38,23.0,12.43,3.43
2019-09-22,0.72,20.32,11.61,4.83
2019-09-23,0.06,19.0,9.83,13.01
2019-09-24,0.53,22.31,11.67,9.46
2019-09-25,0.97,23.88,13.07,8.56
2019-09-26,0.02,25.67,13.38,15.2
2019-09-27,0.01,25.7,12.22,19.16
2019-09-28,0.03,24.44,12.03,17.26
2019-09-29,0.0,27.89,10.87,24.38
2019-09-30,0.0,28.52,13.31,22.74
2019-10-01,0.0,32.55,13.65,25.85
2019-10-02,0.01,35.88,13.92,23.77
2019-10-03,0.03,30.04,15.79,20.34
2019-10-04,0.02,32.75,15.09,23.76
2019-10-05,0.07,34.81,15.35,25.97
2019-10-06,2.36,27.45,14.4,9.46
2019-10-07,4.96,23.39,13.99,3.29
2019-10-08,0.15,26.38,14.6,10.11
2019-10-09,0.0,27.65,14.5,18.25
2019-10-10,0.0,29.15,13.3,21.57
2019-10-11,0.0,33.92,15.52,23.75
2019-10-12,0.17,35.57,16.83,25.79
2019-10-13,0.78,35.79,17.66,25.01
2019-10-14,1.98,33.24,17.95,24.38
2019-10-15,4.62,26.43,14.93,10.78
2019-10-16,0.21,28.64,14.87,14.35
2019-10-17,0.07,32.65,17.21,14.94
2019-10-18,3.57,33.25,17.73,19.54
2019-10-19,1.43,31.66,16.01,15.47
2019-10-20,0.76,25.85,12.94,11.37
2019-10-21,3.47,23.08,11.94,6.75
2019-10-22,1.14,29.75,15.11,17.92
2019-10-23,0.14,29.42,14.76,14.99
2019-10-24,0.01,32.45,14.98,25.16
2019-10-25,0.06,33.68,16.28,25.59
2019-10-26,0.05,32.45,17.25,22.47
2019-10-27,1.34,35.27,17.5,27.17
2019-10-28,5.04,31.96,18.81,20.04
2019-10-29,0.11,34.68,18.69,23.47
2019-10-30,0.69,37.13,19.5,27.09
2019-10-31,0.15,35.46,16.95,15.34
2019-11-01,0.29,31.16,17.36,13.84
2019-11-02,0.09,33.65,18.29,20.71
2019-11-03,0.61,36.08,18.04,25.43
2019-11-04,0.69,35.88,19.18,22.34
2019-11-05,13.78,35.49,19.23,15.95
2019-11-06,5.07,26.06,16.2,10.45
2019-11-07,0.16,30.25,15.33,10.0
2019-11-08,7.62,28.13,17.45,12.83
2019-11-09,12.41,27.67,18.16,15.57
2019-11-10,17.34,23.8,18.94,5.17
2019-11-11,7.56,22.48,16.54,12.97
2019-11-12,0.66,25.63,16.21,15.68
2019-11-13,39.13,23.13,16.16,13.36
2019-11-14,21.78,25.8,17.22,11.39
2019-11-15,0.97,28.08,15.76,22.99
2019-11-16,0.03,25.7,14.38,24.74
2019-11-17,0.0,25.41,13.44,26.07
2019-11-18,0.01,27.48,12.73,15.88
2019-11-19,0.11,28.72,15.69,13.75
2019-11-20,0.21,29.28,16.32,21.1
2019-11-21,1.65,30.38,16.59,21.02
2019-11-22,4.14,28.84,17.2,23.28
2019-11-23,6.53,31.62,16.62,16.45
2019-11-24,1.01,22.63,13.3,12.15
2019-11-25,0.0,28.6,11.7,23.86
2019-11-26,52.28,31.24,12.96,16.44
2019-11-27,4.75,27.33,16.39,5.17
2019-11-28,11.46,20.97,14.65,10.38
2019-11-29,0.0,26.24,12.75,27.67
2019-11-30,0.74,30.75,14.17,28.53
2019-12-01,4.52,31.99,16.41,24.18
2019-12-02,0.89,25.97,14.71,9.77
2019-12-03,0.08,26.62,13.36,17.34
2019-12-04,1.91,29.89,14.82,13.52
2019-12-05,7.74,28.2,18.67,7.71
2019-12-06,1.48,29.42,16.68,11.81
2019-12-07,0.23,28.29,15.2,27.62
2019-12-08,0.05,29.88,13.02,28.69
2019-12-09,4.34,26.6,14.62,10.78
2019-12-10,2.19,30.71,16.38,10.26
2019-12-11,15.53,27.25,18.93,8.77
2019-12-12,1.28,30.63,18.66,25.62
2019-12-13,0.26,29.91,18.44,14.42
2019-12-14,3.46,29.26,17.7,12.17
2019-12-15,2.62,25.79,18.37,13.2
2019-12-16,13.65,27.27,18.44,9.64
2019-12-17,32.13,24.21,19.41,9.71
2019-12-18,3.18,21.78,16.11,9.71
2019-12-19,0.31,25.97,15.83,14.35
2019-12-20,12.07,23.91,17.17,16.7
2019-12-21,1.89,27.92,18.51,20.86
2019-12-22,1.86,25.95,19.4,20.47
2019-12-23,2.67,26.27,17.94,18.5
2019-12-24,0.79,29.08,17.17,22.45
2019-12-25,0.0,31.99,16.82,30.28
2019-12-26,0.0,31.13,18.37,30.18
2019-12-27,0.0,30.87,17.08,26.36
2019-12-28,0.01,34.24,17.99,24.94
2019-12-29,0.01,33.25,18.18,26.86
2019-12-30,0.01,32.99,18.48,24.81
2019-12-31,0.0,35.27,18.42,28.41
2020-01-01,2.52,32.63,20.99,20.97
2020-01-02,15.43,30.55,19.13,12.36
2020-01-03,7.38,25.91,16.88,15.06
2020-01-04,3.96,28.0,16.79,17.5
2020-01-05,5.7,28.96,17.55,14.95
2020-01-06,0.07,31.43,18.63,27.77
2020-01-07,8.15,32.43,19.41,18.02
2020-01-08,10.02,30.12,20.68,16.43
2020-01-09,9.16,27.41,21.47,16.47
2020-01-10,7.76,30.64,21.18,18.27
2020-01-11,2.29,28.86,21.41,17.25
2020-01-12,4.37,29.51,19.75,9.45
2020-01-13,3.44,27.79,17.7,17.42
2020-01-14,2.09,27.47,16.1,22.0
2020-01-15,0.48,32.6,18.08,25.24
2020-01-16,16.89,31.84,19.66,17.38
2020-01-17,1.08,24.53,15.86,10.13
2020-01-18,0.24,26.02,14.88,10.83
2020-01-19,0.21,28.05,15.62,13.01
2020-01-20,0.06,30.05,17.58,21.24
2020-01-21,0.0,28.97,16.98,22.56
2020-01-22,5.16,25.96,16.38,8.41
2020-01-23,4.64,25.17,16.42,10.43
2020-01-24,0.32,28.25,16.9,18.32
2020-01-25,0.01,28.95,15.34,26.74
2020-01-26,0.0,33.14,16.09,29.9
2020-01-27,0.1,33.99,16.03,28.08
2020-01-28,0.0,34.09,18.31,27.21
2020-01-29,4.02,33.04,19.34,24.07
2020-01-30,10.04,30.91,20.41,16.27
2020-01-31,6.58,30.02,21.0,16.99
2020-02-01,7.83,29.84,19.49,13.53
2020-02-02,28.03,25.99,18.92,5.85
2020-02-03,6.55,24.96,18.75,8.97
2020-02-04,3.18,26.68,18.22,11.65
2020-02-05,1.9,27.79,18.83,17.47
2020-02-06,3.47,29.71,19.31,18.37
2020-02-07,2.84,26.77,19.41,16.08
2020-02-08,1.93,29.71,19.21,22.22
2020-02-09,7.02,29.79,19.41,24.33
2020-02-10,16.26,24.08,16.33,10.36
2020-02-11,0.46,24.93,15.81,12.87
2020-02-12,0.14,25.49,15.44,18.74
2020-02-13,0.16,27.62,15.46,18.81
2020-02-14,0.25,30.01,16.26,23.43
2020-02-15,0.07,32.63,16.83,23.82
2020-02-16,0.01,34.35,18.81,24.83
2020-02-17,0.84,33.04,19.23,24.63
2020-02-18,1.93,33.0,20.78,22.64
2020-02-19,18.3,28.42,21.36,8.63
2020-02-20,10.61,29.2,20.41,18.85
2020-02-21,9.08,29.02,19.51,19.86
2020-02-22,5.04,25.23,15.08,7.12
2020-02-23,0.28,24.34,13.93,19.69
2020-02-24,1.34,28.63,15.28,13.29
2020-02-25,8.79,30.01,18.21,13.53
2020-02-26,16.82,28.53,16.94,7.01
2020-02-27,0.25,24.14,15.25,14.47
2020-02-28,0.08,25.6,13.76,15.12
2020-02-29,0.45,25.03,15.29,11.03
2020-03-01,1.72,23.49,15.6,12.09
2020-03-02,1.37,24.63,16.39,12.41
2020-03-03,0.57,23.38,16.12,14.86
2020-03-04,0.06,28.66,14.95,24.13
2020-03-05,0.26,26.99,15.63,20.58
2020-03-06,0.04,26.99,13.93,23.46
2020-03-07,0.46,27.83,14.96,21.47
2020-03-08,0.94,27.83,15.49,22.74
2020-03-09,1.09,30.09,16.0,22.31
2020-03-10,0.01,31.36,16.84,24.47
2020-03-11,0.04,31.64,17.02,23.89
2020-03-12,0.14,31.82,17.19,24.52
2020-03-13,0.11,32.48,16.48,25.79
2020-03-14,0.02,33.38,17.95,21.85
2020-03-15,1.34,33.62,18.4,23.59
2020-03-16,7.95,32.55,20.17,21.29
2020-03-17,5.25,31.82,19.48,19.71
2020-03-18,5.99,31.04,18.21,18.89
2020-03-19,17.1,30.28,19.44,18.42
2020-03-20,9.34,27.79,18.71,13.46
2020-03-21,0.5,26.67,17.5,10.17
2020-03-22,0.06,25.71,16.22,22.5
2020-03-23,0.36,25.03,14.76,22.15
2020-03-24,0.6,25.57,15.21,21.87
2020-03-25,0.07,26.3,15.15,22.23
2020-03-26,0.0,26.75,13.87,24.25
2020-03-27,0.02,26.66,15.73,20.59
2020-03-28,0.01,28.71,16.86,16.69
2020-03-29,3.36,29.28,18.17,11.96
2020-03-30,0.34,29.79,16.95,19.1
2020-03-31,0.05,31.24,16.35,21.83
2020-04-01,0.01,28.91,17.71,18.41
2020-04-02,0.0,31.08,17.82,18.88
2020-04-03,0.01,31.09,14.5,22.44
2020-04-04,0.01,29.15,11.74,22.96
2020-04-05,0.02,30.32,14.62,21.45
2020-04-06,6.1,32.09,15.47,19.42
2020-04-07,8.78,28.26,17.01,11.01
2020-04-08,0.44,26.67,14.73,14.34
2020-04-09,0.16,26.11,12.62,18.68
2020-04-10,0.01,27.0,13.1,16.28
2020-04-11,0.0,25.52,13.81,10.71
2020-04-12,0.0,26.04,13.5,18.18
2020-04-13,1.01,27.81,13.86,20.88
2020-04-14,7.81,22.84,13.88,11.91
2020-04-15,0.36,24.87,10.98,21.55
2020-04-16,0.08,26.16,7.82,21.88
2020-04-17,0.11,24.67,10.07,19.25
2020-04-18,0.18,24.09,12.77,11.24
2020-04-19,0.33,25.17,14.53,13.28
2020-04-20,0.06,26.41,14.44,17.55
2020-04-21,0.02,27.86,13.62,19.5
2020-04-22,0.02,27.44,14.16,19.85
2020-04-23,0.24,26.5,13.2,18.14
2020-04-24,0.28,28.08,14.95,16.33
2020-04-25,0.03,30.46,16.13,18.51
2020-04-26,0.02,29.09,15.4,18.79
2020-04-27,0.1,25.98,15.34,7.81
2020-04-28,0.14,27.01,15.36,16.91
2020-04-29,0.01,29.14,14.55,18.19
2020-04-30,0.07,28.39,15.53,17.93
2020-05-01,1.58,29.39,14.88,13.99
2020-05-02,0.35,28.25,14.87,15.18
2020-05-03,0.16,24.13,12.8,15.22
2020-05-04,0.04,25.54,11.92,16.98
2020-05-05,0.01,25.91,9.66,15.49
2020-05-06,2.26,26.45,14.28,3.63
2020-05-07,0.11,21.49,10.89,11.69
2020-05-08,0.22,22.32,10.22,13.87
2020-05-09,0.11,25.16,11.13,17.41
2020-05-10,0.06,26.23,11.42,17.95
2020-05-11,0.01,27.04,10.66,17.79
2020-05-12,0.02,27.53,10.47,13.96
2020-05-13,3.84,23.86,11.87,6.82
2020-05-14,1.19,22.08,13.37,6.29
2020-05-15,0.08,20.94,11.72,6.58
2020-05-16,0.02,25.94,10.44,15.9
2020-05-17,0.06,27.61,11.1,16.95
2020-05-18,0.03,26.61,8.59,17.34
2020-05-19,0.02,25.55,12.39,12.32
2020-05-20,0.03,26.09,14.95,14.73
2020-05-21,0.02,27.28,14.54,14.84
2020-05-22,24.0,27.68,13.14,7.76
2020-05-23,4.75,18.93,11.34,8.03
2020-05-24,0.01,19.97,8.0,13.91
2020-05-25,0.11,19.1,8.34,16.08
2020-05-26,0.01,20.9,5.68,15.42
2020-05-27,0.0,23.36,4.95,17.12
2020-05-28,0.0,22.34,5.48,16.48
2020-05-29,0.1,25.34,8.99,16.42
2020-05-30,0.01,25.24,8.9,16.3
2020-05-31,0.03,25.22,7.39,16.33
2020-06-01,0.29,26.45,11.1,13.6
2020-06-02,22.46,19.39,13.37,3.2
2020-06-03,3.96,16.41,12.74,3.24
2020-06-04,7.35,21.69,12.93,4.5
2020-06-05,8.34,20.33,14.83,5.28
2020-06-06,8.5,21.42,13.91,5.05
2020-06-07,0.08,22.27,9.86,15.52
2020-06-08,0.6,24.9,11.69,13.07
2020-06-09,2.6,25.85,16.0,8.12
2020-06-10,0.63,26.89,16.3,5.9
2020-06-11,0.1,26.87,16.21,11.0
2020-06-12,0.04,27.56,16.24,13.77
2020-06-13,0.12,27.77,16.38,14.47
2020-06-14,0.07,19.24,12.31,3.92
2020-06-15,0.1,21.79,12.05,7.3
2020-06-16,0.07,23.68,14.08,8.86
2020-06-17,0.05,24.02,14.28,9.73
2020-06-18,0.02,23.7,12.6,13.06
2020-06-19,0.02,25.7,13.21,15.04
2020-06-20,0.04,26.66,12.19,15.34
2020-06-21,0.06,26.77,12.18,14.59
2020-06-22,0.02,27.35,14.62,14.77
2020-06-23,0.01,24.93,13.51,12.12
2020-06-24,0.01,25.94,10.52,14.37
2020-06-25,14.68,25.64,12.48,11.92
2020-06-26,11.05,17.4,12.12,4.6
2020-06-27,62.91,16.64,8.13,2.9
2020-06-28,0.39,17.65,9.94,7.15
2020-06-29,0.4,19.62,10.82,8.85
2020-06-30,8.76,22.09,12.8,12.37
2020-07-01,17.78,17.54,7.63,15.99
2020-07-02,0.1,17.31,5.61,15.16
2020-07-03,0.05,18.13,6.99,13.11
2020-07-04,0.01,20.95,8.28,15.38
2020-07-05,0.02,24.34,8.57,9.95
2020-07-06,0.03,25.73,13.03,8.65
2020-07-07,0.03,26.04,14.41,10.32
2020-07-08,1.6,25.53,13.78,12.68
2020-07-09,0.85,21.35,10.15,16.17
2020-07-10,0.08,22.74,8.74,14.09
2020-07-11,0.09,25.81,10.75,14.15
2020-07-12,0.0,26.39,12.78,15.44
2020-07-13,0.77,26.64,13.72,14.2
2020-07-14,2.12,21.39,11.83,6.41
2020-07-15,0.01,20.69,10.63,7.39
2020-07-16,0.01,22.3,10.5,6.12
2020-07-17,0.02,26.14,11.86,9.19
2020-07-18,0.02,26.16,13.72,12.25
2020-07-19,0.01,25.46,13.19,15.06
2020-07-20,0.08,25.44,10.3,16.29
2020-07-21,0.01,26.9,10.76,16.26
2020-07-22,0.06,27.64,14.17,16.89
2020-07-23,0.03,27.36,11.3,16.56
2020-07-24,0.06,26.56,12.07,15.67
2020-07-25,0.03,26.77,11.79,16.11
2020-07-26,0.01,20.46,12.36,6.47
2020-07-27,0.0,26.45,12.21,13.47
2020-07-28,0.39,28.01,13.4,15.73
2020-07-29,15.34,17.93,8.66,4.83
2020-07-30,0.33,16.89,8.68,7.61
2020-07-31,0.23,20.39,11.72,9.36
2020-08-01,0.11,22.85,11.55,13.14
2020-08-02,0.05,22.9,11.92,15.37
2020-08-03,0.06,25.13,11.17,16.6
2020-08-04,0.06,24.98,12.57,16.88
2020-08-05,0.06,25.17,12.53,17.18
2020-08-06,0.04,25.58,11.74,17.96
2020-08-07,0.09,26.0,11.58,18.08
2020-08-08,0.11,25.78,11.99,16.98
2020-08-09,0.23,26.6,13.05,16.76
2020-08-10,0.03,27.11,10.73,17.62
2020-08-11,0.02,28.07,12.56,18.35
2020-08-12,0.02,28.11,13.36,13.48
2020-08-13,3.67,29.73,14.28,8.99
2020-08-14,3.68,27.7,16.12,11.29
2020-08-15,11.0,25.29,15.49,3.89
2020-08-16,38.81,17.69,15.08,4.88
2020-08-17,6.52,22.43,15.07,4.31
2020-08-18,20.68,21.57,15.22,4.37
2020-08-19,14.51,21.91,15.42,4.57
2020-08-20,18.78,16.15,10.93,1.76
2020-08-21,3.57,10.62,5.23,4.71
2020-08-22,0.3,14.1,3.8,9.03
2020-08-23,0.28,17.99,9.47,13.65
2020-08-24,0.03,19.69,9.67,14.18
2020-08-25,0.03,20.31,9.3,16.03
2020-08-26,0.04,22.31,9.55,21.19
2020-08-27,0.05,24.96,8.84,21.08
2020-08-28,0.11,27.52,10.28,20.81
2020-08-29,0.08,28.32,12.0,20.77
2020-08-30,0.05,29.96,15.26,21.5
2020-08-31,0.03,25.6,13.92,8.51
2020-09-01,0.1,23.77,14.41,5.07
2020-09-02,0.22,26.04,14.11,8.43
2020-09-03,0.04,29.38,14.21,21.36
2020-09-04,0.16,31.76,16.9,17.58
2020-09-05,0.01,29.93,15.08,18.7
2020-09-06,0.01,31.79,14.36,21.34
2020-09-07,0.02,30.65,15.54,13.58
2020-09-08,0.01,30.62,15.59,9.85
2020-09-09,0.0,30.21,15.54,14.43
2020-09-10,0.0,32.65,14.96,19.85
2020-09-11,0.05,33.65,16.7,16.84
2020-09-12,0.0,34.66,17.12,20.51
2020-09-13,0.01,33.8,15.79,18.5
2020-09-14,0.03,32.75,16.32,18.85
2020-09-15,0.04,23.49,13.1,9.49
2020-09-16,0.02,31.24,13.04,16.29
2020-09-17,0.84,32.36,16.52,16.36
2020-09-18,1.04,30.83,16.23,8.5
2020-09-19,0.02,32.52,16.63,20.27
2020-09-20,0.08,24.9,12.9,6.99
2020-09-21,1.1,22.23,11.32,6.74
2020-09-22,1.41,17.78,10.64,7.88
2020-09-23,0.16,25.2,11.57,10.12
2020-09-24,0.03,29.84,13.6,20.17
2020-09-25,0.01,32.24,14.64,22.38
2020-09-26,0.02,33.49,14.21,24.81
2020-09-27,11.1,35.44,16.34,21.29
2020-09-28,3.8,31.18,18.18,10.98
2020-09-29,0.38,30.4,17.28,11.03
2020-09-30,0.02,36.76,15.69,23.83
2020-10-01,0.01,36.41,17.92,23.0
2020-10-02,0.0,38.04,20.36,23.2
2020-10-03,0.08,29.15,15.97,9.25
2020-10-04,0.13,27.59,15.08,11.44
2020-10-05,0.05,35.27,16.09,18.55
2020-10-06,0.07,38.71,19.53,19.01
2020-10-07,0.11,35.5,18.08,11.09
2020-10-08,4.98,35.23,17.32,9.57
2020-10-09,26.95,29.44,15.35,2.55
2020-10-10,0.12,26.74,12.53,26.87
2020-10-11,0.16,25.64,13.18,18.15
2020-10-12,0.05,29.63,11.42,26.88
2020-10-13,0.13,33.33,14.46,23.38
2020-10-14,0.33,34.26,15.51,19.45
2020-10-15,6.4,22.37,14.34,5.38
2020-10-16,3.1,24.12,13.04,12.57
2020-10-17,4.08,24.93,10.94,18.42
2020-10-18,10.25,22.99,13.07,10.49
2020-10-19,3.53,26.65,15.7,13.08
2020-10-20,5.42,29.89,16.35,21.92
2020-10-21,1.18,28.17,16.96,11.97
2020-10-22,0.27,27.48,16.25,17.18
2020-10-23,0.62,28.66,15.47,18.61
2020-10-24,10.07,29.23,16.19,13.84
2020-10-25,3.28,29.63,16.55,17.76
2020-10-26,1.07,30.23,15.93,18.87
2020-10-27,0.14,30.65,17.41,25.05
2020-10-28,0.0,32.12,12.52,30.74
2020-10-29,3.98,31.35,14.29,21.53
2020-10-30,6.61,19.63,13.89,6.16
2020-10-31,0.59,22.99,13.36,8.1
2020-11-01,0.3,22.75,12.25,15.46
2020-11-02,0.02,24.06,11.56,19.07
2020-11-03,0.12,25.3,9.98,25.74
2020-11-04,4.54,26.05,10.0,19.89
2020-11-05,1.36,24.97,11.62,19.83
2020-11-06,0.01,27.47,12.18,26.67
2020-11-07,0.0,31.56,11.16,30.61
2020-11-08,0.0,33.96,11.97,28.39
2020-11-09,7.77,29.77,14.4,17.08
2020-11-10,2.73,27.5,15.61,16.97
2020-11-11,5.56,27.85,17.23,10.47
2020-11-12,1.45,30.06,16.99,14.58
2020-11-13,0.61,27.79,18.06,21.34
2020-11-14,0.23,31.55,17.8,22.57
2020-11-15,2.15,33.36,17.96,26.56
2020-11-16,0.85,33.41,19.06,27.41
2020-11-17,2.84,31.97,16.21,11.62
2020-11-18,10.93,22.28,14.15,6.3
2020-11-19,1.54,22.42,13.48,12.21
2020-11-20,0.22,26.69,12.53,19.97
2020-11-21,0.14,27.72,13.35,24.38
2020-11-22,0.55,28.48,13.88,25.95
2020-11-23,0.72,28.51,14.37,26.9
2020-11-24,0.02,31.29,14.73,19.68
2020-11-25,0.01,34.59,16.72,29.21
2020-11-26,0.57,33.96,17.62,28.83
2020-11-27,3.39,29.12,19.49,17.0
2020-11-28,0.53,31.62,18.36,20.95
2020-11-29,0.92,34.36,18.02,27.44
2020-11-30,3.83,33.69,19.08,13.92
2020-12-01,1.52,30.01,19.3,11.98
2020-12-02,0.55,33.0,17.45,20.59
2020-12-03,8.02,30.15,19.94,15.47
2020-12-04,7.9,30.94,17.71,18.67
2020-12-05,4.47,29.44,16.44,7.3
2020-12-06,1.77,27.6,16.28,6.21
2020-12-07,1.19,24.55,17.69,11.16
2020-12-08,2.5,31.66,16.43,21.34
2020-12-09,0.89,32.86,17.18,26.36
2020-12-10,0.6,31.13,17.41,24.36
2020-12-11,1.57,29.38,16.73,23.66
2020-12-12,0.31,28.32,16.59,20.63
2020-12-13,11.11,29.02,18.73,17.13
2020-12-14,1.9,29.59,19.69,23.99
2020-12-15,1.37,31.05,19.42,21.2
2020-12-16,0.98,33.57,20.14,21.47
2020-12-17,9.07,27.91,19.11,13.08
2020-12-18,4.87,29.27,19.07,18.21
2020-12-19,2.02,32.84,18.71,25.48
2020-12-20,1.27,34.32,20.63,25.15
2020-12-21,5.3,33.18,19.53,20.49
2020-12-22,1.25,30.7,17.91,8.82
2020-12-23,0.03,30.06,16.69,11.52
2020-12-24,0.02,29.34,16.83,23.1
2020-12-25,0.07,28.73,15.01,20.35
2020-12-26,0.04,28.61,15.8,23.53
2020-12-27,1.19,31.01,18.01,18.28
2020-12-28,8.82,31.78,18.9,17.62
2020-12-29,4.09,31.72,19.68,21.4
2020-12-30,0.93,32.48,19.4,21.17
2020-12-31,4.95,30.4,20.04,12.01
2021-01-01,7.04,30.42,18.24,16.72
2021-01-02,1.91,25.9,17.49,12.16
2021-01-03,1.95,29.1,15.96,18.74
2021-01-04,0.19,30.86,15.56,21.26
2021-01-05,5.17,31.79,17.64,23.23
2021-01-06,4.63,29.32,19.5,20.64
2021-01-07,2.37,33.23,20.38,20.97
2021-01-08,8.06,32.55,19.62,17.18
2021-01-09,1.67,26.51,19.32,10.93
2021-01-10,1.46,33.48,18.75,15.13
2021-01-11,0.7,33.13,19.56,17.52
2021-01-12,2.07,34.25,20.37,20.78
2021-01-13,1.74,32.06,20.16,13.68
2021-01-14,4.12,29.29,20.06,13.78
2021-01-15,3.99,30.56,19.14,15.41
2021-01-16,16.72,29.61,19.19,14.97
2021-01-17,8.78,28.52,19.72,14.73
2021-01-18,9.93,30.92,20.02,12.16
2021-01-19,6.81,27.64,18.57,9.82
2021-01-20,5.89,25.88,18.98,11.43
2021-01-21,2.44,28.14,19.09,18.1
2021-01-22,1.66,27.85,19.34,15.61
2021-01-23,2.16,28.61,18.87,14.85
2021-01-24,2.12,26.58,18.38,8.81
2021-01-25,3.14,26.41,18.52,14.08
2021-01-26,2.79,29.13,18.61,14.28
2021-01-27,6.68,29.24,19.09,22.66
2021-01-28,6.67,30.04,19.5,19.8
2021-01-29,9.04,27.38,19.54,16.25
2021-01-30,6.22,29.91,19.02,14.65
2021-01-31,2.43,28.75,19.55,19.98
2021-02-01,0.91,29.8,18.47,19.17
2021-02-02,5.25,32.21,19.06,20.66
2021-02-03,0.8,33.47,20.64,25.21
2021-02-04,0.84,31.75,21.45,20.61
2021-02-05,1.59,30.82,19.26,26.25
2021-02-06,0.95,30.93,17.41,23.98
2021-02-07,0.0,29.35,16.06,27.35
2021-02-08,0.01,28.97,15.7,25.71
2021-02-09,0.01,30.33,16.17,25.04
2021-02-10,0.04,30.13,16.45,21.92
2021-02-11,16.01,23.14,17.77,7.69
2021-02-12,3.59,28.23,17.25,14.07
2021-02-13,6.27,27.41,18.55,17.13
2021-02-14,1.55,26.82,18.15,16.95
2021-02-15,2.38,29.06,18.34,24.75
2021-02-16,1.1,30.8,17.93,24.24
2021-02-17,0.83,32.34,18.67,23.6
2021-02-18,0.61,31.99,18.49,23.69
2021-02-19,0.57,31.99,18.21,25.13
2021-02-20,0.04,31.15,18.39,24.16
2021-02-21,0.01,31.43,18.34,22.18
2021-02-22,0.0,32.88,17.1,25.55
2021-02-23,0.04,34.78,17.36,28.08
2021-02-24,6.16,33.51,17.8,14.72
2021-02-25,5.3,30.11,17.74,14.9
2021-02-26,3.36,28.2,16.75,14.91
2021-02-27,6.52,28.08,18.04,14.24
2021-02-28,19.08,26.93,18.19,12.38
2021-03-01,6.13,25.63,18.58,12.77
2021-03-02,11.38,27.3,17.76,14.45
2021-03-03,9.35,26.28,17.56,9.1
2021-03-04,9.61,26.91,18.93,14.19
2021-03-05,2.88,23.37,19.05,15.17
2021-03-06,10.16,26.37,18.77,13.02
2021-03-07,8.07,24.75,18.04,13.21
2021-03-08,0.43,28.75,16.22,19.6
2021-03-09,2.69,28.02,17.37,17.08
2021-03-10,0.83,27.61,16.55,22.51
2021-03-11,0.9,29.07,16.16,19.79
2021-03-12,0.28,30.66,17.91,20.97
2021-03-13,0.34,31.37,18.82,20.45
2021-03-14,3.56,31.75,18.85,24.26
2021-03-15,2.47,31.33,18.86,20.16
2021-03-16,0.72,32.05,19.38,22.29
2021-03-17,8.13,30.41,18.99,17.32
2021-03-18,4.85,29.65,19.03,17.29
2021-03-19,4.27,27.89,18.86,12.47
2021-03-20,0.53,29.28,18.8,15.84
2021-03-21,0.34,30.75,19.97,21.13
2021-03-22,1.25,32.6,19.01,16.68
2021-03-23,1.31,32.77,19.34,16.44
2021-03-24,1.01,31.94,20.24,18.47
2021-03-25,0.34,29.47,19.4,18.47
2021-03-26,0.3,33.14,19.0,20.21
2021-03-27,16.15,31.9,19.6,20.49
2021-03-28,0.53,30.73,18.94,21.87
2021-03-29,3.81,30.92,18.12,16.95
2021-03-30,7.07,27.69,17.95,12.47
2021-03-31,1.11,26.13,15.35,20.42
2021-04-01,0.04,25.92,13.75,21.98
2021-04-02,0.05,26.23,14.98,19.92
2021-04-03,0.23,27.88,14.62,16.98
2021-04-04,0.42,26.22,16.22,13.36
2021-04-05,0.32,26.75,16.21,18.06
2021-04-06,1.0,26.2,16.66,10.97
2021-04-07,0.77,26.6,16.62,14.78
2021-04-08,0.16,27.71,16.66,19.32
2021-04-09,0.02,28.89,16.31,21.32
2021-04-10,0.02,30.26,14.66,22.17
2021-04-11,0.01,29.86,14.13,22.08
2021-04-12,0.45,31.22,15.08,12.32
2021-04-13,1.15,25.62,15.63,9.03
2021-04-14,0.3,22.72,13.86,12.58
2021-04-15,0.53,26.75,14.82,9.62
2021-04-16,0.32,28.56,15.69,14.44
2021-04-17,11.19,26.47,16.7,9.12
2021-04-18,5.38,25.73,16.16,12.83
2021-04-19,0.69,24.95,14.31,13.17
2021-04-20,0.79,24.43,14.45,12.77
2021-04-21,1.08,24.16,13.97,16.24
2021-04-22,0.36,23.23,13.82,15.63
2021-04-23,0.03,25.32,12.48,17.64
2021-04-24,0.02,27.65,13.69,15.79
2021-04-25,0.0,28.15,14.19,13.71
2021-04-26,0.64,26.98,14.91,13.23
2021-04-27,0.37,26.79,15.37,7.95
2021-04-28,0.1,25.79,14.05,12.24
2021-04-29,0.52,22.66,11.76,14.38
2021-04-30,0.38,22.78,13.5,12.21
2021-05-01,0.02,25.04,14.2,12.25
2021-05-02,0.02,27.17,13.73,17.7
2021-05-03,0.0,28.52,13.04,17.92
2021-05-04,0.03,28.66,12.79,15.44
2021-05-05,0.01,28.99,15.93,16.38
2021-05-06,0.77,28.73,12.37,16.32
2021-05-07,1.01,19.39,12.55,4.75
2021-05-08,0.35,21.18,12.1,7.7
2021-05-09,0.29,24.47,12.86,13.15
2021-05-10,0.09,26.51,13.84,15.72
2021-05-11,0.08,27.41,12.25,15.29
2021-05-12,19.86,18.1,12.29,1.72
2021-05-13,0.44,19.97,11.2,7.91
2021-05-14,0.11,19.58,12.2,8.67
2021-05-15,0.03,22.98,12.6,7.77
2021-05-16,0.02,24.75,13.14,13.52
2021-05-17,0.04,24.81,13.38,14.41
2021-05-18,0.34,24.57,12.86,11.58
2021-05-19,0.25,24.87,11.49,16.34
2021-05-20,0.02,26.32,9.43,16.3
2021-05-21,0.21,27.54,9.4,16.04
2021-05-22,12.52,23.6,13.93,7.22
2021-05-23,4.51,24.33,11.15,11.12
2021-05-24,0.0,20.0,6.48,17.23
2021-05-25,0.02,23.67,6.64,17.1
2021-05-26,0.02,24.78,10.02,13.97
2021-05-27,0.0,26.56,11.67,14.91
2021-05-28,0.0,25.52,13.83,12.27
2021-05-29,4.76,26.37,17.46,11.47
2021-05-30,13.7,20.86,14.69,3.13
2021-05-31,7.52,18.2,13.83,4.27
2021-06-01,0.27,22.63,12.02,11.57
2021-06-02,0.03,24.97,9.62,14.35
2021-06-03,0.04,26.41,12.46,13.62
2021-06-04,0.01,25.75,14.2,12.58
2021-06-05,0.02,25.75,13.96,15.13
2021-06-06,1.29,26.57,12.92,10.87
2021-06-07,8.21,21.64,14.34,3.2
2021-06-08,0.82,19.18,13.64,4.65
2021-06-09,0.44,22.32,13.77,9.11
2021-06-10,1.91,20.3,14.91,4.04
2021-06-11,0.5,22.94,13.71,10.03
2021-06-12,0.11,21.69,10.75,15.08
2021-06-13,0.05,20.15,8.94,14.66
2021-06-14,0.05,21.36,8.35,12.44
2021-06-15,0.1,23.03,9.51,11.6
2021-06-16,0.11,20.66,10.63,10.02
2021-06-17,0.03,20.84,10.37,6.19
2021-06-18,0.9,20.15,10.81,7.23
2021-06-19,13.55,18.97,12.06,1.4
2021-06-20,0.33,20.55,12.18,11.19
2021-06-21,2.65,21.92,10.28,6.66
2021-06-22,7.79,19.71,12.61,6.26
2021-06-23,0.49,19.51,11.6,9.58
2021-06-24,0.09,22.89,11.28,12.65
2021-06-25,0.07,26.46,14.44,12.01
2021-06-26,0.02,25.21,13.89,11.32
2021-06-27,0.01,25.44,12.97,14.13
2021-06-28,2.89,22.68,9.94,6.94
2021-06-29,1.26,15.48,5.9,13.21
2021-06-30,0.01,15.77,1.27,14.64
2021-07-01,0.01,16.34,3.78,9.43
2021-07-02,0.06,22.55,9.53,15.31
2021-07-03,0.01,24.09,9.15,13.05
2021-07-04,0.0,20.74,10.31,7.06
2021-07-05,0.01,22.09,10.0,9.24
2021-07-06,0.12,19.67,11.11,8.84
2021-07-07,0.05,20.09,11.1,12.72
2021-07-08,0.01,22.21,9.7,14.42
2021-07-09,0.03,21.57,9.85,9.77
2021-07-10,0.06,24.23,10.58,15.26
2021-07-11,0.01,24.5,11.38,12.09
2021-07-12,0.02,24.8,11.17,13.36
2021-07-13,0.01,25.54,10.82,15.09
2021-07-14,0.0,24.58,10.34,14.2
2021-07-15,0.08,25.52,12.09,13.98
2021-07-16,16.62,20.05,12.91,1.59
2021-07-17,13.65,21.49,12.19,9.02
2021-07-18,0.34,19.56,5.75,16.49
2021-07-19,0.01,17.46,0.0,17.92
2021-07-20,0.01,17.44,2.22,15.68
2021-07-21,0.0,22.57,5.55,16.81
2021-07-22,0.07,21.04,5.45,16.31
2021-07-23,0.02,23.8,9.49,16.93
2021-07-24,0.04,25.05,9.07,16.57
2021-07-25,0.01,24.96,8.53,16.77
2021-07-26,0.07,26.32,8.37,17.06
2021-07-27,3.41,26.56,11.29,11.35
2021-07-28,2.12,16.69,5.68,11.08
2021-07-29,0.01,14.56,0.47,18.56
2021-07-30,0.03,15.2,-0.14,16.2
2021-07-31,0.02,15.84,5.98,14.7
2021-08-01,0.01,20.82,10.12,10.3
2021-08-02,0.01,22.64,9.69,14.71
2021-08-03,0.02,19.99,8.99,12.39
2021-08-04,0.06,19.03,8.46,10.73
2021-08-05,0.04,20.1,11.62,9.62
2021-08-06,0.01,22.45,12.09,9.67
2021-08-07,0.0,23.5,12.78,9.72
2021-08-08,0.0,23.49,12.85,16.47
2021-08-09,0.0,27.44,9.54,18.25
2021-08-10,0.0,28.6,10.9,17.78
2021-08-11,1.04,20.8,10.65,4.11
2021-08-12,0.63,16.12,9.17,5.67
2021-08-13,1.21,17.38,10.14,4.91
2021-08-14,0.22,23.95,11.25,10.72
2021-08-15,0.22,27.58,11.49,11.76
2021-08-16,1.34,26.29,13.32,8.24
2021-08-17,0.19,30.96,13.44,17.6
2021-08-18,0.0,32.01,13.4,18.33
2021-08-19,0.01,31.29,14.19,19.18
2021-08-20,0.0,29.7,13.35,19.54
2021-08-21,0.0,28.91,13.63,18.79
2021-08-22,0.01,29.7,11.19,18.97
2021-08-23,0.01,30.97,13.2,19.93
2021-08-24,0.0,32.75,14.18,15.63
2021-08-25,0.0,33.02,16.2,17.06
2021-08-26,0.44,28.59,17.04,13.22
2021-08-27,10.64,20.59,12.6,3.75
2021-08-28,3.92,17.57,12.56,6.15
2021-08-29,0.14,18.84,12.56,8.63
2021-08-30,0.18,23.68,11.73,10.68
2021-08-31,0.08,24.63,13.4,12.75
2021-09-01,0.02,26.92,13.62,17.72
2021-09-02,0.0,27.45,12.98,19.99
2021-09-03,0.01,30.66,14.04,21.39
2021-09-04,0.02,31.77,14.1,13.97
2021-09-05,0.01,30.24,14.7,19.19
2021-09-06,0.01,29.89,14.94,12.89
2021-09-07,0.01,30.62,14.29,12.82
2021-09-08,6.32,32.85,15.03,15.91
2021-09-09,9.77,24.84,16.93,4.08
2021-09-10,1.07,26.67,13.71,18.49
2021-09-11,1.94,25.53,12.58,6.78
2021-09-12,0.09,32.17,13.55,17.17
2021-09-13,0.57,34.0,15.73,15.96
2021-09-14,23.35,33.19,17.3,7.36
2021-09-15,3.79,26.2,14.91,6.05
2021-09-16,0.7,22.92,13.18,7.17
2021-09-17,1.17,26.92,13.15,7.63
2021-09-18,0.02,31.98,14.14,16.54
2021-09-19,0.01,33.46,16.29,15.88
2021-09-20,0.0,34.61,17.55,20.4
2021-09-21,0.26,36.27,14.68,13.47
2021-09-22,0.11,21.17,10.9,11.0
2021-09-23,0.0,23.97,10.72,15.81
2021-09-24,0.0,27.59,11.16,16.46
2021-09-25,0.0,29.78,13.25,17.38
2021-09-26,0.02,30.77,14.34,21.5
2021-09-27,0.01,31.41,15.46,19.6
2021-09-28,0.07,33.41,14.36,23.12
2021-09-29,0.13,31.84,16.75,14.07
2021-09-30,5.7,28.22,14.7,10.41
2021-10-01,6.04,33.42,14.4,5.21
2021-10-02,8.35,25.48,17.58,8.65
2021-10-03,47.34,29.46,17.71,3.15
2021-10-04,18.06,25.36,14.45,1.79
2021-10-05,0.34,23.51,13.61,6.75
2021-10-06,0.9,29.93,13.09,14.34
2021-10-07,4.91,24.63,13.88,6.18
2021-10-08,0.55,24.3,12.86,12.29
2021-10-09,5.44,24.01,13.3,5.37
2021-10-10,8.7,19.46,13.42,7.9
2021-10-11,0.66,23.19,14.68,9.31
2021-10-12,1.14,26.9,14.24,15.84
2021-10-13,0.48,28.71,14.51,20.35
2021-10-14,1.29,29.95,15.56,11.61
2021-10-15,19.18,28.73,18.89,6.2
2021-10-16,24.09,28.79,15.4,12.98
2021-10-17,1.09,22.92,14.65,6.79
2021-10-18,1.83,21.62,14.24,8.65
2021-10-19,5.45,21.04,11.32,8.06
2021-10-20,0.88,19.37,9.85,16.73
2021-10-21,0.12,23.15,11.59,18.02
2021-10-22,0.01,26.93,11.24,28.42
2021-10-23,37.72,30.37,11.55,24.71
2021-10-24,9.58,22.31,13.69,11.53
2021-10-25,0.21,25.81,12.44,22.7
2021-10-26,0.3,26.45,13.52,25.24
2021-10-27,1.28,23.96,15.06,8.55
2021-10-28,0.54,25.14,17.3,11.29
2021-10-29,0.42,27.29,15.88,12.76
2021-10-30,0.79,27.11,15.65,12.89
2021-10-31,8.41,20.68,15.96,6.35
2021-11-01,2.54,24.24,16.11,16.41
2021-11-02,1.14,26.62,15.35,20.21
2021-11-03,0.12,28.12,15.06,23.4
2021-11-04,1.3,30.89,14.97,23.07
2021-11-05,1.36,30.3,16.27,17.1
2021-11-06,1.32,30.64,16.26,21.71
2021-11-07,0.45,29.34,15.47,16.08
2021-11-08,8.96,29.73,15.46,13.52
2021-11-09,0.49,28.72,15.0,18.78
2021-11-10,0.41,28.45,14.78,21.71
2021-11-11,1.03,24.69,14.88,8.0
2021-11-12,0.33,24.6,13.31,14.14
2021-11-13,0.15,24.51,12.32,20.33
2021-11-14,0.04,29.37,12.34,22.18
2021-11-15,0.0,30.02,13.4,23.99
2021-11-16,0.0,31.72,15.09,27.55
2021-11-17,2.07,33.08,16.11,26.35
2021-11-18,13.73,24.1,18.1,9.62
2021-11-19,1.04,28.29,16.97,9.3
2021-11-20,0.14,27.19,14.76,16.21
2021-11-21,0.01,28.17,12.95,31.42
2021-11-22,0.0,32.32,9.55,32.34
2021-11-23,0.02,35.23,14.49,29.85
2021-11-24,0.02,32.23,16.25,18.4
2021-11-25,2.97,34.57,14.72,23.9
2021-11-26,25.1,27.16,19.25,18.46
2021-11-27,0.09,30.67,17.7,27.64
2021-11-28,0.0,32.24,17.4,21.7
2021-11-29,2.75,30.65,18.29,23.75
2021-11-30,1.38,30.89,20.1,21.58
2021-12-01,0.04,33.18,15.82,26.75
2021-12-02,1.91,31.24,16.86,13.14
2021-12-03,0.88,28.57,15.46,15.54
2021-12-04,0.06,31.37,15.44,25.21
2021-12-05,1.35,32.59,16.27,28.04
2021-12-06,13.51,28.72,16.57,21.06
2021-12-07,4.16,24.05,13.97,15.81
2021-12-08,0.37,24.44,13.47,20.55
2021-12-09,0.03,26.97,9.99,28.95
2021-12-10,0.16,29.84,13.3,27.95
2021-12-11,0.0,32.59,14.28,29.29
2021-12-12,0.02,34.45,18.14,23.22
2021-12-13,4.31,32.74,17.86,16.93
2021-12-14,10.73,29.46,19.99,12.82
2021-12-15,9.86,27.71,20.5,14.11
2021-12-16,1.83,31.32,20.3,19.85
2021-12-17,2.45,30.22,19.13,18.91
2021-12-18,1.35,28.51,16.65,18.27
2021-12-19,0.35,27.12,15.28,23.98
2021-12-20,0.02,29.65,14.26,25.31
2021-12-21,0.09,33.3,15.02,30.89
2021-12-22,1.44,32.99,17.08,21.04
2021-12-23,2.49,27.93,15.77,21.04
2021-12-24,0.35,27.81,14.24,20.81
2021-12-25,0.1,30.87,13.93,31.94
2021-12-26,0.51,33.01,14.22,28.27
2021-12-27,4.98,31.95,18.34,25.52
2021-12-28,12.65,30.15,17.5,17.73
2021-12-29,4.79,26.88,17.63,23.58
2021-12-30,6.58,26.3,17.38,9.22
2021-12-31,4.64,27.98,16.98,17.86
2022-01-01,1.05,30.61,17.96,23.2
2022-01-02,3.49,31.25,18.85,25.73
2022-01-03,15.85,31.36,19.74,22.06
2022-01-04,16.82,29.24,19.25,11.19
2022-01-05,13.56,29.31,20.49,18.81
2022-01-06,7.52,26.28,17.62,13.37
2022-01-07,4.44,22.14,15.31,11.28
2022-01-08,1.1,25.36,15.32,13.33
2022-01-09,1.62,24.25,14.64,11.51
2022-01-10,4.13,26.22,15.74,14.9
2022-01-11,2.54,27.43,16.86,14.57
2022-01-12,1.82,28.85,17.73,19.99
2022-01-13,2.24,28.95,18.18,12.42
2022-01-14,6.18,31.27,18.64,20.96
2022-01-15,15.29,26.02,20.46,16.35
2022-01-16,2.85,28.74,18.84,21.49
2022-01-17,1.9,30.53,19.12,23.57
2022-01-18,13.63,31.29,19.99,27.21
2022-01-19,10.7,29.43,20.03,29.39
2022-01-20,1.36,30.72,20.08,26.79
2022-01-21,0.25,31.36,19.91,27.26
2022-01-22,0.09,32.55,19.8,29.52
2022-01-23,0.02,35.08,18.96,29.86
2022-01-24,0.0,34.56,19.56,27.3
2022-01-25,0.04,33.32,19.37,21.08
2022-01-26,9.19,33.82,20.11,27.59
2022-01-27,12.88,30.03,20.82,21.29
2022-01-28,37.18,24.3,17.05,7.25
2022-01-29,14.57,22.65,16.66,7.34
2022-01-30,13.22,23.79,17.8,13.55
2022-01-31,5.35,26.94,17.76,17.82
2022-02-01,3.45,27.57,19.27,20.84
2022-02-02,2.57,28.03,18.61,23.5
2022-02-03,12.49,28.11,18.82,15.73
2022-02-04,13.49,24.98,20.02,15.62
2022-02-05,4.4,26.35,19.68,19.29
2022-02-06,4.32,29.32,21.02,20.76
2022-02-07,1.07,28.52,18.18,19.36
2022-02-08,0.2,28.48,17.05,21.28
2022-02-09,0.07,26.16,16.06,23.04
2022-02-10,0.04,27.0,15.58,25.6
2022-02-11,0.05,27.95,16.02,26.66
2022-02-12,0.05,28.3,16.55,24.88
2022-02-13,0.11,30.25,15.43,28.48
2022-02-14,2.3,32.33,17.67,22.49
2022-02-15,1.62,30.54,18.11,15.38
2022-02-16,1.78,30.32,17.24,25.27
2022-02-17,3.68,29.81,17.05,25.68
2022-02-18,1.2,28.57,16.52,25.81
2022-02-19,1.12,30.61,15.78,26.68
2022-02-20,0.35,30.96,17.13,26.05
2022-02-21,0.37,32.31,17.56,24.77
2022-02-22,2.77,33.38,19.69,24.01
2022-02-23,1.63,32.46,20.18,22.28
2022-02-24,0.6,32.85,20.36,23.15
2022-02-25,0.01,33.4,20.35,22.25
2022-02-26,0.04,33.06,19.84,24.27
2022-02-27,0.03,33.71,18.94,25.89
2022-02-28,0.04,33.76,19.54,24.59
2022-03-01,9.32,30.78,21.51,10.8
2022-03-02,6.03,26.94,20.69,12.62
2022-03-03,3.73,30.2,19.8,19.91
2022-03-04,3.65,28.81,20.45,18.16
2022-03-05,5.51,31.07,18.91,22.94
2022-03-06,2.28,31.21,19.34,24.63
2022-03-07,1.75,31.8,19.7,23.42
2022-03-08,4.23,31.83,20.95,20.32
2022-03-09,8.5,30.53,20.02,20.21
2022-03-10,11.18,28.74,19.85,20.74
2022-03-11,8.12,28.55,19.52,21.11
2022-03-12,7.91,26.49,17.85,10.25
2022-03-13,7.03,25.95,17.61,9.01
2022-03-14,0.62,27.38,19.12,10.59
2022-03-15,2.73,26.31,19.74,14.28
2022-03-16,8.47,28.69,19.65,11.35
2022-03-17,4.8,28.97,20.56,19.33
2022-03-18,1.61,30.77,20.84,22.56
2022-03-19,10.51,28.65,18.79,15.64
2022-03-20,2.25,24.14,16.18,11.41
2022-03-21,0.83,23.27,15.57,18.2
2022-03-22,0.17,25.13,15.3,18.52
2022-03-23,0.01,27.82,15.39,20.02
2022-03-24,2.9,29.47,17.83,19.44
2022-03-25,10.22,26.42,19.99,11.09
2022-03-26,2.41,28.49,19.53,19.09
2022-03-27,4.97,27.42,19.77,10.72
2022-03-28,3.13,26.66,17.47,10.91
2022-03-29,0.15,28.99,16.23,13.69
2022-03-30,0.69,30.06,17.67,19.71
2022-03-31,17.37,20.78,14.08,5.53
2022-04-01,4.68,20.3,13.9,4.56
2022-04-02,0.8,23.42,14.53,8.65
2022-04-03,0.3,27.58,16.17,11.26
2022-04-04,2.43,28.86,17.36,18.25
2022-04-05,1.19,29.16,18.07,13.46
2022-04-06,0.16,28.36,17.63,12.11
2022-04-07,0.01,27.6,17.0,12.74
2022-04-08,2.77,29.55,16.52,18.53
2022-04-09,2.31,29.19,17.98,16.82
2022-04-10,0.07,28.88,17.82,16.95
2022-04-11,4.5,28.35,17.34,13.63
2022-04-12,4.69,26.75,17.81,8.49
2022-04-13,0.28,28.32,19.01,9.12
2022-04-14,5.42,25.94,13.7,8.31
2022-04-15,0.37,23.4,11.19,20.53
2022-04-16,0.07,22.54,10.21,15.35
2022-04-17,0.19,22.75,12.27,15.62
2022-04-18,0.19,23.15,13.1,14.1
2022-04-19,0.04,26.65,13.68,14.51
2022-04-20,0.03,27.18,14.85,16.79
2022-04-21,0.46,27.14,14.18,18.9
2022-04-22,4.5,27.39,15.28,13.15
2022-04-23,3.67,22.58,15.24,14.47
2022-04-24,0.81,27.0,15.75,17.73
2022-04-25,0.31,28.03,15.83,17.83
2022-04-26,0.06,29.98,15.74,14.73
2022-04-27,0.07,29.35,15.16,18.32
2022-04-28,0.18,29.17,16.37,17.91
2022-04-29,1.56,27.09,15.68,7.46
2022-04-30,0.21,25.91,15.15,7.47
2022-05-01,1.15,26.33,14.95,16.3
2022-05-02,0.44,27.63,14.85,11.38
2022-05-03,0.78,28.58,16.75,10.12
2022-05-04,17.19,19.21,12.15,15.94
2022-05-05,0.3,22.85,11.46,8.18
2022-05-06,0.03,22.83,12.6,15.07
2022-05-07,0.02,21.14,11.67,14.76
2022-05-08,0.03,23.4,11.32,9.45
2022-05-09,0.01,24.3,13.35,11.31
2022-05-10,2.58,24.5,14.08,14.2
2022-05-11,4.59,22.44,14.04,9.97
2022-05-12,0.1,23.66,13.41,11.77
2022-05-13,0.05,24.61,12.39,10.68
2022-05-14,0.22,24.61,12.19,9.58
2022-05-15,1.4,20.85,14.75,11.8
2022-05-16,0.1,22.39,11.16,14.29
2022-05-17,0.01,15.25,5.25,18.4
2022-05-18,0.0,15.22,3.92,13.32
2022-05-19,0.01,18.89,5.63,16.56
2022-05-20,0.01,19.26,4.14,17.03
2022-05-21,0.02,21.09,6.1,15.45
2022-05-22,0.0,21.85,7.28,15.86
2022-05-23,0.01,22.48,10.57,13.94
2022-05-24,0.02,24.95,10.75,14.78
2022-05-25,0.07,24.5,11.51,15.72
2022-05-26,0.03,24.73,8.85,15.03
2022-05-27,0.03,24.54,11.02,14.68
2022-05-28,0.0,25.53,10.98,14.65
2022-05-29,2.32,26.29,12.12,14.57
2022-05-30,41.3,18.52,15.08,2.47
2022-05-31,13.24,15.31,11.69,3.69
2022-06-01,22.6,17.52,11.4,2.64
2022-06-02,7.33,20.63,14.61,3.54
2022-06-03,0.38,18.58,11.23,6.74
2022-06-04,0.15,18.93,10.25,8.48
2022-06-05,0.05,22.31,12.57,9.94
2022-06-06,1.29,22.67,12.68,10.63
2022-06-07,10.08,22.58,14.4,2.33
2022-06-08,0.45,21.92,13.94,6.68
2022-06-09,0.84,20.82,12.36,8.17
2022-06-10,18.88,20.95,14.34,7.95
2022-06-11,0.1,18.4,8.22,13.42
2022-06-12,0.02,15.61,4.31,16.14
2022-06-13,0.11,17.3,2.94,15.94
2022-06-14,0.08,18.3,9.08,9.45
2022-06-15,0.05,19.34,11.17,8.79
2022-06-16,0.03,23.58,11.37,14.06
2022-06-17,2.19,23.67,10.05,13.83
2022-06-18,5.81,19.94,11.86,8.68
2022-06-19,0.02,18.77,10.74,4.89
2022-06-20,1.42,20.65,10.69,9.16
2022-06-21,0.08,24.24,11.89,13.71
2022-06-22,0.04,24.44,13.72,13.43
2022-06-23,0.39,25.14,12.9,14.46
2022-06-24,0.04,25.02,12.53,12.67
2022-06-25,0.0,22.73,10.68,7.16
2022-06-26,0.02,19.2,10.92,7.88
2022-06-27,0.04,20.1,10.62,7.3
2022-06-28,0.01,23.24,10.69,12.74
2022-06-29,0.1,22.85,12.03,13.43
2022-06-30,0.03,21.64,9.92,14.58
2022-07-01,0.1,22.73,10.3,13.14
2022-07-02,0.04,24.75,9.68,14.48
2022-07-03,0.04,26.44,10.59,14.56
2022-07-04,0.07,26.26,11.57,14.33
2022-07-05,0.03,24.82,10.02,14.04
2022-07-06,0.04,23.93,11.19,13.37
2022-07-07,0.0,24.84,10.38,14.69
2022-07-08,0.01,24.77,14.04,11.61
2022-07-09,0.04,24.16,12.96,13.52
2022-07-10,0.03,24.59,10.26,13.4
2022-07-11,0.02,24.7,12.78,14.56
2022-07-12,0.22,21.61,11.93,10.36
2022-07-13,0.48,18.66,11.74,4.74
2022-07-14,0.03,24.95,13.42,10.34
2022-07-15,0.01,25.24,12.98,13.0
2022-07-16,0.01,26.29,14.18,13.21
2022-07-17,0.65,25.63,13.21,6.4
2022-07-18,1.67,21.5,13.03,5.42
2022-07-19,1.19,25.9,14.43,12.33
2022-07-20,0.04,24.21,14.19,8.05
2022-07-21,0.03,26.3,13.63,13.55
2022-07-22,0.01,27.04,11.85,15.2
2022-07-23,0.05,27.43,13.14,14.83
2022-07-24,0.0,27.33,10.87,14.47
2022-07-25,0.03,27.9,12.35,14.11
2022-07-26,0.01,26.76,13.38,9.94
2022-07-27,0.02,26.19,13.22,10.35
2022-07-28,0.0,26.85,12.42,14.92
2022-07-29,0.56,23.53,10.37,11.28
2022-07-30,1.79,20.34,7.07,16.43
2022-07-31,0.04,23.61,9.01,16.19
2022-08-01,0.0,26.4,11.31,14.7
2022-08-02,0.01,28.15,11.75,13.79
2022-08-03,0.01,27.58,12.48,12.65
2022-08-04,0.01,27.81,14.11,15.98
2022-08-05,0.17,26.2,13.71,7.43
2022-08-06,0.47,19.33,11.87,4.26
2022-08-07,6.22,20.64,12.16,2.2
2022-08-08,8.79,21.24,14.36,6.19
2022-08-09,13.45,19.48,14.16,2.62
2022-08-10,6.96,15.5,8.26,11.14
2022-08-11,0.47,18.08,7.25,13.91
2022-08-12,0.17,20.23,9.89,11.37
2022-08-13,0.07,24.27,10.23,16.14
2022-08-14,0.04,26.09,10.98,17.86
2022-08-15,0.0,27.02,11.66,18.86
2022-08-16,7.59,28.14,12.93,9.2
2022-08-17,20.64,22.7,14.66,4.51
2022-08-18,11.78,23.5,12.45,3.22
2022-08-19,1.56,15.27,5.37,11.82
2022-08-20,0.1,14.8,4.97,11.94
2022-08-21,0.38,17.84,8.51,6.69
2022-08-22,0.03,19.72,10.42,8.83
2022-08-23,0.01,22.46,11.13,11.32
2022-08-24,0.0,23.72,11.87,15.42
2022-08-25,0.0,25.06,13.17,16.56
2022-08-26,0.05,26.09,13.13,17.3
2022-08-27,0.03,27.88,11.92,19.9
2022-08-28,0.03,29.38,11.75,15.16
2022-08-29,0.11,16.09,8.89,8.17
2022-08-30,0.25,17.74,8.83,12.24
2022-08-31,0.14,22.41,10.36,14.77
2022-09-01,0.01,26.52,9.58,21.57
2022-09-02,0.08,28.86,11.3,18.43
2022-09-03,7.56,20.48,10.35,3.73
2022-09-04,0.97,16.0,9.17,6.8
2022-09-05,7.19,19.42,9.05,5.76
2022-09-06,43.55,19.96,11.54,3.11
2022-09-07,10.51,24.13,12.36,5.62
2022-09-08,0.22,27.91,14.46,19.64
2022-09-09,0.01,29.47,15.21,19.81
2022-09-10,2.43,29.28,12.87,9.7
2022-09-11,0.34,19.05,10.45,5.12
2022-09-12,3.79,23.15,10.62,6.02
2022-09-13,1.53,27.26,13.43,12.88
2022-09-14,13.5,20.56,13.83,2.66
2022-09-15,0.71,18.06,11.97,6.68
2022-09-16,0.93,19.38,11.29,13.7
2022-09-17,0.19,18.4,10.58,17.09
2022-09-18,0.02,22.61,11.12,21.14
2022-09-19,0.25,25.96,10.72,15.64
2022-09-20,7.64,26.62,12.82,16.08
2022-09-21,21.51,22.56,12.88,6.8
2022-09-22,2.13,22.94,12.13,10.52
2022-09-23,0.03,20.77,8.2,26.4
2022-09-24,0.01,22.11,5.77,22.88
2022-09-25,2.93,19.25,9.9,7.82
2022-09-26,14.74,21.06,12.91,3.95
2022-09-27,7.7,22.79,15.32,9.15
2022-09-28,27.24,18.61,12.43,5.02
2022-09-29,1.93,17.12,11.54,9.69
2022-09-30,3.68,18.42,11.22,4.52
2022-10-01,0.75,24.7,12.78,14.04
2022-10-02,0.66,25.17,13.6,17.4
2022-10-03,1.26,21.76,13.5,9.79
2022-10-04,0.18,26.29,13.1,11.01
2022-10-05,0.01,27.95,13.31,15.07
2022-10-06,28.17,28.25,14.95,12.09
2022-10-07,12.67,23.83,14.04,19.4
2022-10-08,0.03,25.45,11.87,27.08
2022-10-09,0.11,27.74,11.77,22.69
2022-10-10,0.12,22.77,13.76,5.16
2022-10-11,4.86,23.75,13.91,13.36
2022-10-12,17.95,22.97,17.0,6.03
2022-10-13,0.75,25.68,16.02,8.63
2022-10-14,1.16,26.28,13.93,6.6
2022-10-15,2.34,20.87,13.48,4.04
2022-10-16,2.67,26.09,15.57,9.97
2022-10-17,7.59,25.76,15.79,14.38
2022-10-18,6.25,22.62,14.81,6.22
2022-10-19,7.64,25.94,16.01,17.81
2022-10-20,6.61,27.43,16.64,7.93
2022-10-21,17.74,26.09,17.89,11.18
2022-10-22,0.12,26.93,15.8,21.9
2022-10-23,0.03,27.55,13.92,20.74
2022-10-24,0.07,27.93,14.56,24.45
2022-10-25,0.11,26.36,14.85,24.75
2022-10-26,0.02,28.35,13.05,29.28
2022-10-27,0.08,30.38,14.05,26.71
2022-10-28,0.11,29.63,17.56,24.11
2022-10-29,19.62,28.41,17.61,15.91
2022-10-30,19.45,28.24,18.12,23.24
2022-10-31,24.18,27.47,15.79,9.89
2022-11-01,1.74,18.02,11.09,5.94
2022-11-02,2.52,15.43,10.15,6.91
2022-11-03,0.29,18.26,8.48,19.97
2022-11-04,0.2,20.08,7.88,21.44
2022-11-05,0.04,20.56,10.56,22.07
2022-11-06,0.04,21.7,10.76,23.62
2022-11-07,0.01,22.9,10.68,25.09
2022-11-08,0.0,24.41,10.77,27.43
2022-11-09,0.0,26.58,11.34,29.06
2022-11-10,0.02,28.96,13.37,28.61
2022-11-11,11.53,27.33,14.84,11.71
2022-11-12,1.53,28.04,16.25,19.1
2022-11-13,35.43,28.36,16.13,21.41
2022-11-14,2.14,27.8,18.15,24.6
2022-11-15,0.15,27.52,16.21,30.2
2022-11-16,0.01,26.13,12.28,29.36
2022-11-17,0.0,24.73,11.58,31.0
2022-11-18,0.01,25.06,9.0,30.61
2022-11-19,0.01,26.57,13.37,26.33
2022-11-20,0.0,29.03,15.02,21.77
2022-11-21,3.9,29.96,16.43,21.6
2022-11-22,3.67,24.92,17.87,12.99
2022-11-23,4.55,28.57,16.99,20.91
2022-11-24,3.96,26.77,15.97,15.22
2022-11-25,0.62,24.92,14.28,15.76
2022-11-26,1.26,25.67,12.6,20.03
2022-11-27,6.79,24.83,16.45,17.97
2022-11-28,13.63,24.67,16.7,11.28
2022-11-29,5.72,24.66,17.12,16.52
2022-11-30,6.3,24.25,16.59,17.88
2022-12-01,5.09,28.88,17.28,23.56
2022-12-02,2.66,27.14,19.06,21.08
2022-12-03,6.8,27.69,17.95,13.4
2022-12-04,12.61,25.12,19.13,15.94
2022-12-05,13.98,27.67,19.81,16.31
2022-12-06,13.23,28.66,19.21,16.24
2022-12-07,5.73,29.52,19.25,24.1
2022-12-08,0.42,29.97,16.86,29.6
2022-12-09,5.97,31.25,17.64,20.06
2022-12-10,1.46,31.18,18.15,29.3
2022-12-11,1.17,30.12,20.0,12.73
2022-12-12,9.73,27.39,20.8,17.25
2022-12-13,16.56,24.76,15.04,13.07
2022-12-14,0.79,22.34,14.1,13.18
2022-12-15,0.02,27.0,13.12,23.5
2022-12-16,0.8,28.52,15.17,25.35
2022-12-17,1.24,26.33,16.35,19.84
2022-12-18,0.17,26.53,16.15,13.5
2022-12-19,13.84,21.29,16.28,5.91
2022-12-20,1.65,26.76,16.22,10.91
2022-12-21,0.98,25.15,15.22,17.98
2022-12-22,0.18,24.44,14.74,18.32
2022-12-23,0.07,25.9,14.18,18.87
2022-12-24,3.69,28.23,16.03,14.33
2022-12-25,1.64,29.23,16.42,14.57
2022-12-26,8.55,27.56,18.15,21.3
2022-12-27,5.14,29.34,19.32,18.76
2022-12-28,3.85,29.71,19.09,14.33
2022-12-29,10.09,28.64,17.46,16.26
2022-12-30,0.24,28.08,16.13,22.09
2022-12-31,0.89,30.05,16.42,18.44
2023-01-01,1.26,31.0,17.74,23.69
2023-01-02,1.06,30.31,18.26,21.54
2023-01-03,5.61,29.43,19.59,17.21
2023-01-04,30.91,23.74,15.54,6.09
2023-01-05,3.94,21.4,14.86,11.47
2023-01-06,0.14,23.01,14.72,13.77
2023-01-07,0.19,22.84,14.31,20.46
2023-01-08,0.5,25.28,15.15,14.81
2023-01-09,0.35,25.3,15.76,12.45
2023-01-10,1.17,25.72,16.7,13.49
2023-01-11,3.83,24.13,18.52,16.49
2023-01-12,3.73,25.91,17.99,16.6
2023-01-13,7.94,26.89,18.08,21.68
2023-01-14,5.69,28.14,19.23,16.99
2023-01-15,5.18,29.17,19.88,17.09
2023-01-16,2.25,26.57,20.24,18.39
2023-01-17,2.64,29.86,19.93,21.64
2023-01-18,3.67,30.32,18.57,23.5
2023-01-19,2.58,30.23,18.51,22.36
2023-01-20,2.43,26.97,18.76,14.3
2023-01-21,1.19,30.85,17.35,23.99
2023-01-22,2.47,29.68,18.99,19.87
2023-01-23,4.77,29.39,20.24,20.53
2023-01-24,0.18,31.82,18.24,27.59
2023-01-25,0.23,31.62,17.23,30.21
2023-01-26,0.01,30.89,17.5,28.61
2023-01-27,0.01,31.66,16.63,24.4
2023-01-28,0.36,33.02,17.65,26.61
2023-01-29,9.31,31.93,19.77,27.72
2023-01-30,13.59,24.08,19.95,14.65
2023-01-31,9.68,25.58,19.63,14.87
2023-02-01,5.83,26.38,19.41,17.73
2023-02-02,13.51,28.66,19.12,17.5
2023-02-03,5.66,26.89,20.43,18.52
2023-02-04,2.2,27.86,20.18,18.93
2023-02-05,1.39,28.57,19.8,16.05
2023-02-06,3.2,28.61,19.33,21.54
2023-02-07,7.75,28.76,17.9,17.22
2023-02-08,0.86,29.82,18.01,27.25
2023-02-09,0.11,32.2,16.64,28.04
2023-02-10,7.26,30.38,18.42,21.79
2023-02-11,8.39,25.13,19.69,13.32
2023-02-12,7.25,26.74,17.98,17.29
2023-02-13,8.98,28.08,19.78,17.4
2023-02-14,4.34,28.3,20.08,17.93
2023-02-15,2.84,26.66,20.11,21.0
2023-02-16,10.29,28.2,20.23,19.82
2023-02-17,23.39,26.5,20.17,10.42
2023-02-18,17.95,26.72,15.24,7.59
2023-02-19,5.77,21.68,14.67,8.04
2023-02-20,5.96,27.53,15.68,12.7
2023-02-21,2.5,24.94,18.43,14.77
2023-02-22,1.62,27.39,17.16,17.14
2023-02-23,15.03,25.3,18.77,8.69
2023-02-24,4.75,26.94,18.73,16.59
2023-02-25,0.39,28.32,18.81,23.34
2023-02-26,2.11,28.98,19.08,19.27
2023-02-27,1.81,26.89,18.06,18.19
2023-02-28,11.59,23.64,17.64,7.53
2023-03-01,2.76,26.46,16.48,13.62
2023-03-02,2.59,28.92,17.75,24.31
2023-03-03,12.29,29.14,19.53,21.28
2023-03-04,12.98,28.43,19.71,19.42
2023-03-05,7.81,27.41,19.83,20.16
2023-03-06,7.31,26.68,19.84,15.89
2023-03-07,1.17,26.7,19.35,21.73
2023-03-08,1.18,29.14,18.62,24.14
2023-03-09,21.74,25.5,19.13,16.67
2023-03-10,8.41,25.09,18.8,10.98
2023-03-11,7.18,24.67,18.47,11.0
2023-03-12,6.47,23.94,18.98,10.17
2023-03-13,4.69,25.61,18.72,10.79
2023-03-14,9.21,24.3,18.94,10.52
2023-03-15,3.59,27.03,18.91,13.74
2023-03-16,0.24,26.29,18.44,15.55
2023-03-17,0.05,26.64,17.48,20.69
2023-03-18,0.03,27.54,15.8,22.39
2023-03-19,0.62,28.81,17.28,23.33
2023-03-20,2.69,29.29,18.35,22.42
2023-03-21,0.47,29.76,18.59,23.18
2023-03-22,0.25,28.85,17.17,22.01
2023-03-23,0.15,29.55,17.95,23.09
2023-03-24,0.17,30.72,18.23,21.43
2023-03-25,0.2,29.35,19.01,18.88
2023-03-26,1.18,30.09,19.91,20.25
2023-03-27,0.8,27.29,16.81,7.6
2023-03-28,0.22,28.63,15.73,13.36
2023-03-29,5.0,28.65,17.41,15.58
2023-03-30,3.0,28.75,18.93,21.45
2023-03-31,0.79,29.48,18.99,19.42
2023-04-01,0.36,30.44,17.54,19.61
2023-04-02,0.15,26.53,14.9,8.45
2023-04-03,0.01,27.57,13.95,21.29
2023-04-04,0.01,29.27,15.81,22.23
2023-04-05,0.47,28.17,16.42,19.25
2023-04-06,1.28,26.45,16.3,14.3
2023-04-07,9.07,24.05,17.36,7.47
2023-04-08,1.49,23.7,17.71,9.89
2023-04-09,0.56,22.33,16.95,14.07
2023-04-10,0.02,25.44,15.59,17.41
2023-04-11,0.0,26.67,14.24,21.54
2023-04-12,0.26,27.82,15.33,17.34
2023-04-13,7.14,27.85,16.64,18.19
2023-04-14,8.46,24.79,18.27,6.45
2023-04-15,0.54,26.63,16.64,9.92
2023-04-16,1.29,26.98,16.39,13.56
2023-04-17,23.51,24.65,17.47,11.96
2023-04-18,23.28,25.77,15.38,4.74
2023-04-19,0.23,22.0,12.71,19.84
2023-04-20,0.0,20.43,9.77,20.86
2023-04-21,0.07,20.98,7.72,13.61
2023-04-22,0.02,23.22,13.77,18.42
2023-04-23,0.04,23.25,14.41,16.07
2023-04-24,0.05,23.69,14.97,16.3
2023-04-25,0.8,24.96,14.26,13.4
2023-04-26,3.05,22.92,14.62,8.09
2023-04-27,1.14,24.43,15.66,11.24
2023-04-28,0.77,21.91,14.1,6.84
2023-04-29,0.31,24.19,14.16,10.36
2023-04-30,0.14,25.07,15.44,13.08
2023-05-01,0.05,26.26,15.46,15.51
2023-05-02,0.03,25.61,14.62,12.67
2023-05-03,0.02,27.41,15.16,14.85
2023-05-04,0.06,27.99,15.94,16.15
2023-05-05,0.1,28.45,17.3,12.05
2023-05-06,0.02,28.01,17.82,11.75
2023-05-07,0.01,27.35,17.19,14.14
2023-05-08,0.9,27.79,16.42,14.73
2023-05-09,1.12,27.12,17.42,7.45
2023-05-10,1.47,25.55,16.29,6.56
2023-05-11,0.12,24.49,13.52,16.35
2023-05-12,0.02,20.14,12.05,12.46
2023-05-13,0.03,21.68,10.46,14.69
2023-05-14,0.04,23.26,9.95,16.85
2023-05-15,0.04,24.34,7.84,16.59
2023-05-16,0.05,24.74,9.32,16.9
2023-05-17,0.07,22.21,10.56,13.56
2023-05-18,0.16,23.35,10.46,16.23
2023-05-19,0.06,23.95,9.64,16.5
2023-05-20,0.07,25.16,10.59,15.01
2023-05-21,0.05,23.75,8.88,13.66
2023-05-22,0.02,22.4,11.18,10.21
2023-05-23,0.0,25.46,11.14,15.58
2023-05-24,0.06,24.51,12.24,14.1
2023-05-25,0.01,25.42,13.98,12.98
2023-05-26,0.02,25.51,13.48,14.08
2023-05-27,2.92,26.96,12.2,14.73
2023-05-28,3.73,17.98,14.1,3.11
2023-05-29,0.46,20.54,12.85,8.41
2023-05-30,1.39,18.25,12.81,6.05
2023-05-31,1.45,21.36,13.83,8.53
2023-06-01,0.01,23.91,12.05,11.41
2023-06-02,0.05,22.86,11.8,13.46
2023-06-03,0.12,24.72,11.57,15.31
2023-06-04,0.04,25.28,9.27,15.5
2023-06-05,0.08,25.21,10.66,13.18
2023-06-06,0.05,23.24,12.38,13.63
2023-06-07,0.03,24.29,11.83,14.77
2023-06-08,0.03,24.69,10.57,13.88
2023-06-09,0.02,24.86,10.97,14.81
2023-06-10,0.04,25.41,11.42,15.29
2023-06-11,0.0,26.57,12.93,14.7
2023-06-12,9.46,26.0,12.83,5.97
2023-06-13,19.58,15.33,12.62,2.48
2023-06-14,15.59,15.85,12.9,3.34
2023-06-15,12.96,15.35,10.58,4.18
2023-06-16,0.06,15.62,7.53,12.03
2023-06-17,0.06,18.0,7.17,12.02
2023-06-18,0.02,18.8,8.56,13.27
2023-06-19,0.14,18.49,9.49,12.0
2023-06-20,0.67,21.18,9.76,12.77
2023-06-21,0.06,22.37,9.12,13.72
2023-06-22,0.04,22.47,10.64,10.67
2023-06-23,0.01,23.43,11.59,13.1
2023-06-24,0.01,25.04,11.55,14.49
2023-06-25,0.15,25.2,12.04,14.7
2023-06-26,0.01,25.15,12.94,14.69
2023-06-27,0.1,24.07,10.15,14.78
2023-06-28,0.05,24.22,11.15,14.91
2023-06-29,0.08,21.37,11.58,6.33
2023-06-30,0.01,22.21,10.67,7.03
2023-07-01,0.01,24.88,11.91,12.45
2023-07-02,0.06,24.73,12.42,12.35
2023-07-03,0.06,20.52,11.5,7.93
2023-07-04,0.03,21.15,9.83,14.3
2023-07-05,0.06,23.03,9.69,15.02
2023-07-06,0.03,23.55,9.32,14.79
2023-07-07,0.08,25.1,10.42,14.57
2023-07-08,7.03,24.11,11.68,9.86
2023-07-09,12.98,18.7,13.58,3.83
2023-07-10,16.87,23.51,13.76,4.05
2023-07-11,2.78,23.09,14.76,6.85
2023-07-12,0.59,25.23,13.38,13.09
2023-07-13,4.05,20.24,11.46,15.79
2023-07-14,0.0,16.63,5.08,15.38
2023-07-15,0.0,18.53,6.95,14.33
2023-07-16,0.04,20.04,7.32,10.97
2023-07-17,5.81,23.22,10.95,9.17
2023-07-18,5.01,14.87,11.07,2.89
2023-07-19,0.01,16.26,11.02,5.34
2023-07-20,0.02,21.16,12.56,8.63
2023-07-21,0.01,23.61,12.12,8.71
2023-07-22,0.0,23.19,12.29,9.24
2023-07-23,0.0,24.36,9.88,13.13
2023-07-24,0.0,25.15,13.25,13.86
2023-07-25,0.0,24.97,13.11,11.58
2023-07-26,0.01,26.19,12.23,15.41
2023-07-27,1.23,26.17,15.19,9.74
2023-07-28,3.73,25.08,13.09,8.85
2023-07-29,0.4,18.46,10.39,6.24
2023-07-30,0.01,21.14,9.17,8.22
2023-07-31,0.01,24.62,9.73,14.77
2023-08-01,0.09,25.0,10.79,14.82
2023-08-02,0.03,27.62,10.82,17.0
2023-08-03,0.0,28.05,10.26,17.77
2023-08-04,0.04,27.01,12.0,15.13
2023-08-05,0.01,28.11,9.93,17.4
2023-08-06,0.0,28.64,11.76,17.48
2023-08-07,0.18,29.93,12.74,17.12
2023-08-08,5.87,20.45,12.18,4.67
2023-08-09,12.11,23.98,12.27,3.04
2023-08-10,0.4,26.98,12.96,9.33
2023-08-11,3.09,28.69,13.65,10.27
2023-08-12,2.26,29.42,15.8,5.36
2023-08-13,1.91,16.87,11.18,5.03
2023-08-14,0.15,23.01,10.3,8.29
2023-08-15,0.08,25.49,12.69,10.6
2023-08-16,0.15,26.64,15.1,9.22
2023-08-17,0.01,27.87,15.4,17.09
2023-08-18,0.01,29.13,14.04,18.1
2023-08-19,1.61,21.67,15.08,12.31
2023-08-20,0.03,24.25,12.92,14.79
2023-08-21,0.03,27.35,14.44,18.0
2023-08-22,0.01,29.61,13.52,19.24
2023-08-23,0.0,31.58,17.64,18.28
2023-08-24,0.68,31.84,19.11,16.48
2023-08-25,18.25,27.05,12.65,3.24
2023-08-26,5.14,16.55,9.03,7.24
2023-08-27,0.22,15.01,8.48,6.06
2023-08-28,0.14,15.28,8.93,6.05
2023-08-29,0.11,20.35,10.22,10.31
2023-08-30,0.03,25.97,11.31,18.83
2023-08-31,0.02,27.21,11.87,19.45
2023-09-01,0.01,27.67,9.88,20.0
2023-09-02,7.61,30.68,13.2,6.2
2023-09-03,1.42,29.52,17.01,17.14
2023-09-04,4.31,31.54,18.79,17.36
2023-09-05,0.53,30.11,13.86,13.29
2023-09-06,0.22,21.92,13.54,10.89
2023-09-07,0.96,26.45,13.97,11.06
2023-09-08,1.83,30.13,14.62,17.45
2023-09-09,2.82,23.96,15.74,4.64
2023-09-10,0.08,29.13,15.1,10.16
2023-09-11,0.03,31.59,15.26,18.96
2023-09-12,0.01,32.1,13.79,22.61
2023-09-13,3.94,32.02,15.7,19.84
2023-09-14,1.43,24.6,12.46,7.97
2023-09-15,0.34,25.64,11.18,19.02
2023-09-16,0.04,29.86,10.8,23.43
2023-09-17,0.05,33.85,15.45,23.72
2023-09-18,0.91,33.08,15.94,18.69
2023-09-19,3.95,33.21,17.71,18.97
2023-09-20,1.0,32.92,16.92,17.07
2023-09-21,0.0,34.06,15.32,22.34
2023-09-22,0.11,36.01,18.52,21.83
2023-09-23,0.04,36.47,18.22,22.38
2023-09-24,0.14,36.95,19.26,22.8
2023-09-25,0.47,33.0,19.0,7.98
2023-09-26,0.23,35.37,18.69,18.19
2023-09-27,2.25,37.01,15.87,16.42
2023-09-28,0.55,21.88,12.73,4.73
2023-09-29,0.34,26.55,13.57,8.58
2023-09-30,3.15,30.22,15.04,10.18
2023-10-01,7.8,27.95,16.6,7.29
2023-10-02,0.1,30.21,14.62,5.89
2023-10-03,1.03,32.35,14.27,13.94
2023-10-04,44.3,31.16,16.98,2.58
2023-10-05,10.1,30.52,17.67,6.71
2023-10-06,3.3,31.78,16.85,20.22
2023-10-07,33.72,31.18,13.79,12.27
2023-10-08,7.85,27.15,13.2,3.98
2023-10-09,18.47,26.09,15.51,14.73
2023-10-10,0.4,25.76,14.71,15.37
2023-10-11,0.11,31.24,13.53,26.19
2023-10-12,20.96,30.68,14.43,7.55
2023-10-13,6.13,19.86,12.81,3.77
2023-10-14,0.76,20.86,12.57,5.92
2023-10-15,0.3,25.79,14.07,8.86
2023-10-16,28.11,30.54,15.66,19.8
2023-10-17,11.26,28.57,18.34,9.24
2023-10-18,5.01,22.87,14.53,8.5
2023-10-19,0.97,23.61,13.42,9.5
2023-10-20,1.22,24.87,13.76,8.98
2023-10-21,0.69,25.93,13.63,12.08
2023-10-22,0.1,28.83,13.03,14.96
2023-10-23,0.14,31.92,15.09,21.94
2023-10-24,0.14,32.59,18.66,14.54
2023-10-25,2.97,28.42,18.3,9.77
2023-10-26,0.91,30.07,16.05,9.44
2023-10-27,7.32,22.32,15.1,5.2
2023-10-28,7.44,29.79,16.41,10.03
2023-10-29,16.87,27.03,19.17,6.13
2023-10-30,10.39,30.53,20.12,11.91
2023-10-31,12.23,28.59,18.94,6.09
2023-11-01,1.85,24.86,16.39,12.37
2023-11-02,0.18,27.28,15.26,13.81
2023-11-03,15.1,30.91,16.54,7.81
2023-11-04,0.45,25.15,13.82,31.27
2023-11-05,0.03,26.58,11.67,28.23
2023-11-06,0.0,25.19,11.12,27.5
2023-11-07,0.0,27.87,11.85,24.53
2023-11-08,0.01,32.28,13.28,28.6
2023-11-09,1.46,33.65,16.97,21.49
2023-11-10,0.29,31.33,18.4,14.52
2023-11-11,0.0,34.92,18.31,26.01
2023-11-12,0.0,37.04,21.69,28.69
2023-11-13,0.1,36.53,19.78,24.49
2023-11-14,6.53,36.67,20.57,16.07
2023-11-15,1.47,35.5,18.99,21.96
2023-11-16,0.08,35.8,21.06,19.75
2023-11-17,0.49,37.42,21.56,19.9
2023-11-18,0.45,36.69,22.5,21.85
2023-11-19,14.46,25.61,16.77,4.32
2023-11-20,0.64,27.54,16.59,12.01
2023-11-21,0.16,33.18,16.31,19.53
2023-11-22,9.69,32.1,19.92,18.46
2023-11-23,4.39,27.95,17.77,9.73
2023-11-24,8.31,19.86,13.24,6.52
2023-11-25,5.4,17.78,12.34,7.92
2023-11-26,1.29,24.1,13.02,9.42
2023-11-27,1.02,28.38,16.68,11.51
2023-11-28,7.41,25.52,18.54,15.2
2023-11-29,5.57,29.65,20.09,19.36
2023-11-30,0.42,32.56,20.29,26.03
2023-12-01,0.1,34.52,20.16,22.88
2023-12-02,0.1,35.6,20.29,29.48
2023-12-03,0.11,36.33,20.94,25.79
2023-12-04,1.32,33.67,20.83,24.62
2023-12-05,2.89,29.58,19.98,16.94
2023-12-06,0.19,32.31,19.65,23.28
2023-12-07,7.8,34.18,20.46,21.97
2023-12-08,6.41,31.86,17.44,13.6
2023-12-09,0.45,27.55,16.34,9.97
2023-12-10,5.18,26.67,16.3,10.54
2023-12-11,2.47,29.71,17.2,20.04
2023-12-12,0.14,29.53,15.59,21.99
2023-12-13,0.01,33.17,13.91,31.21
2023-12-14,0.0,35.97,16.59,31.64
2023-12-15,0.13,37.3,18.78,29.53
2023-12-16,0.03,36.86,19.11,26.45
2023-12-17,0.01,33.83,18.75,21.88
2023-12-18,0.19,35.19,20.05,27.75
2023-12-19,0.05,33.29,18.17,25.33
2023-12-20,0.09,30.99,18.13,26.06
2023-12-21,0.19,32.45,17.63,19.77
2023-12-22,1.52,35.78,18.74,28.66
2023-12-23,10.75,32.56,19.72,16.25
2023-12-24,0.44,33.71,19.45,26.51
2023-12-25,0.47,33.83,20.06,24.07
2023-12-26,0.06,34.77,19.16,21.36
2023-12-27,0.02,31.74,17.04,18.75
2023-12-28,0.01,35.3,15.92,31.24
2023-12-29,1.21,36.72,18.42,23.52
2023-12-30,0.7,29.42,18.83,11.88
2023-12-31,1.08,27.65,17.71,22.99
2024-01-01,0.18,31.86,17.41,22.11
2024-01-02,0.04,32.72,17.63,20.65
2024-01-03,0.46,32.1,18.66,22.79
2024-01-04,0.73,32.84,18.57,18.09
2024-01-05,0.63,31.96,17.17,22.9
2024-01-06,0.83,33.04,17.99,23.16
2024-01-07,0.46,35.59,18.22,27.89
2024-01-08,2.74,37.18,18.58,26.34
2024-01-09,4.29,34.9,21.98,25.5
2024-01-10,2.29,35.55,19.55,26.58
2024-01-11,5.52,32.98,21.65,21.85
2024-01-12,10.38,30.35,18.79,13.84
2024-01-13,0.9,29.29,17.84,13.64
2024-01-14,0.0,35.52,16.14,28.02
2024-01-15,0.18,34.33,20.31,24.71
2024-01-16,0.76,34.73,21.37,26.23
2024-01-17,3.55,34.12,22.19,15.29
2024-01-18,12.16,33.92,21.72,20.91
2024-01-19,4.92,31.85,21.92,17.38
2024-01-20,13.62,30.77,20.96,12.8
2024-01-21,5.85,30.94,18.69,19.53
2024-01-22,5.61,28.03,17.4,14.23
2024-01-23,5.97,23.84,17.09,11.36
2024-01-24,1.64,27.1,16.89,16.27
2024-01-25,3.57,21.93,14.84,10.57
2024-01-26,2.92,23.24,14.42,12.48
2024-01-27,0.96,27.26,14.8,20.34
2024-01-28,4.17,28.89,16.26,16.81
2024-01-29,3.23,30.91,17.21,23.29
2024-01-30,0.19,31.99,18.25,25.49
2024-01-31,6.31,31.95,19.04,17.77
2024-02-01,2.12,30.14,18.66,19.03
2024-02-02,0.87,30.22,17.86,20.34
2024-02-03,8.23,31.23,18.11,16.9
2024-02-04,1.69,30.69,19.14,19.03
2024-02-05,0.09,33.9,17.68,24.85
2024-02-06,0.04,34.18,18.83,25.29
2024-02-07,0.01,33.98,18.88,24.34
2024-02-08,0.01,34.83,19.22,26.24
2024-02-09,0.12,35.03,19.36,24.52
2024-02-10,0.24,31.44,20.11,22.84
2024-02-11,0.11,34.95,19.02,26.24
2024-02-12,0.19,33.64,21.28,21.72
2024-02-13,1.54,32.44,21.35,23.96
2024-02-14,15.06,27.41,18.38,6.79
2024-02-15,10.56,26.54,17.88,8.81
2024-02-16,2.07,28.93,17.38,12.37
2024-02-17,1.05,30.98,17.57,16.91
2024-02-18,5.19,30.72,18.63,13.6
2024-02-19,17.36,30.32,18.01,21.99
2024-02-20,19.18,27.9,18.89,12.25
2024-02-21,11.35,26.14,18.44,9.78
2024-02-22,1.28,29.49,17.59,15.37
2024-02-23,3.32,31.94,19.45,20.73
2024-02-24,2.73,31.63,20.79,20.07
2024-02-25,7.23,29.52,21.02,17.49
2024-02-26,1.82,30.67,20.53,11.64
2024-02-27,0.65,32.96,19.35,19.63
2024-02-28,1.72,33.5,20.75,20.73
2024-02-29,6.92,31.53,21.31,19.63
2024-03-01,7.27,30.95,19.73,16.64
2024-03-02,0.52,29.85,18.6,25.59
2024-03-03,0.43,32.88,17.03,26.04
2024-03-04,0.1,34.7,17.33,24.31
2024-03-05,2.44,33.14,19.58,17.33
2024-03-06,0.54,32.04,18.99,9.92
2024-03-07,0.31,31.34,18.8,10.21
2024-03-08,3.4,29.94,20.03,9.55
2024-03-09,4.64,31.59,20.83,17.0
2024-03-10,3.76,32.11,20.76,18.24
2024-03-11,0.35,31.37,18.92,22.81
2024-03-12,0.02,33.22,17.06,25.79
2024-03-13,0.01,35.28,16.92,25.6
2024-03-14,0.0,35.92,17.6,23.01
2024-03-15,0.12,35.68,19.9,23.21
2024-03-16,0.62,34.25,22.19,23.01
2024-03-17,8.52,33.73,21.35,11.07
2024-03-18,0.79,32.75,22.32,15.28
2024-03-19,7.72,32.34,21.63,14.64
2024-03-20,0.49,33.66,21.01,21.21
2024-03-21,4.25,31.86,21.83,17.96
2024-03-22,1.96,23.97,16.86,8.58
2024-03-23,1.68,22.36,16.65,7.66
2024-03-24,1.41,26.83,16.52,10.71
2024-03-25,0.1,30.68,16.79,13.04
2024-03-26,0.26,29.05,17.93,10.63
2024-03-27,0.02,26.0,17.13,15.71
2024-03-28,0.2,28.33,16.45,12.8
2024-03-29,0.17,30.87,17.11,13.27
2024-03-30,0.01,32.41,17.12,21.54
2024-03-31,0.01,31.78,18.01,21.44
2024-04-01,0.09,31.68,17.89,18.58
2024-04-02,0.34,30.26,17.2,18.67
2024-04-03,0.08,33.52,18.25,17.74
2024-04-04,0.01,35.04,18.87,21.5
2024-04-05,0.17,34.96,18.69,20.43
2024-04-06,0.39,26.41,16.49,10.64
2024-04-07,1.15,31.02,15.98,9.86
2024-04-08,14.95,28.73,18.47,7.42
2024-04-09,8.96,25.42,18.56,15.21
2024-04-10,0.04,28.65,19.71,17.13
2024-04-11,0.28,29.96,18.72,11.89
2024-04-12,0.18,28.27,18.18,13.87
2024-04-13,3.05,28.95,18.66,11.08
2024-04-14,11.85,23.12,19.4,4.34
2024-04-15,7.3,24.67,19.21,5.19
2024-04-16,6.2,27.75,19.47,11.93
2024-04-17,2.92,26.17,19.02,11.9
2024-04-18,0.54,25.47,15.72,9.64
2024-04-19,0.03,24.0,11.46,20.04
2024-04-20,0.01,27.51,12.21,15.36
2024-04-21,0.01,29.36,13.71,17.87
2024-04-22,0.05,29.91,13.5,19.51
2024-04-23,0.03,30.77,16.91,15.93
2024-04-24,0.14,30.34,17.01,13.24
2024-04-25,0.48,29.86,18.53,5.24
2024-04-26,0.03,31.26,17.91,9.21
2024-04-27,0.02,31.37,17.31,18.05
2024-04-28,0.04,31.56,18.87,14.72
2024-04-29,0.07,32.17,18.33,14.59
2024-04-30,0.0,32.16,18.05,17.87
2024-05-01,0.0,32.02,17.03,18.17
2024-05-02,0.03,30.9,17.37,17.16
2024-05-03,0.02,31.64,16.4,17.1
2024-05-04,0.03,31.99,18.13,17.42
2024-05-05,0.05,31.54,16.57,17.9
2024-05-06,0.02,31.31,15.22,18.07
2024-05-07,0.03,32.09,15.8,17.56
2024-05-08,0.02,30.52,17.94,15.51
2024-05-09,0.01,31.9,19.03,14.23
2024-05-10,0.03,30.21,18.11,11.12
2024-05-11,0.01,30.52,17.37,16.28
2024-05-12,0.0,30.34,15.84,16.83
2024-05-13,0.02,29.78,15.28,15.49
2024-05-14,3.03,24.81,15.48,3.68
2024-05-15,0.58,22.72,13.49,4.14
2024-05-16,0.05,27.54,14.93,11.09
2024-05-17,0.01,30.06,16.32,12.91
2024-05-18,1.12,27.24,17.41,8.1
2024-05-19,14.33,24.37,15.63,3.99
2024-05-20,0.56,26.94,15.47,10.37
2024-05-21,0.02,27.43,12.72,9.64
2024-05-22,0.01,28.65,14.56,14.31
2024-05-23,0.21,29.08,13.78,15.96
2024-05-24,10.81,24.42,15.46,3.83
2024-05-25,3.5,19.92,11.51,7.22
2024-05-26,9.54,16.74,11.27,3.98
2024-05-27,6.75,21.45,12.95,3.1
2024-05-28,3.21,19.0,8.27,14.62
2024-05-29,0.01,20.37,4.65,16.0
2024-05-30,0.08,20.51,7.59,14.79
2024-05-31,0.09,19.68,9.06,11.44
2024-06-01,0.06,23.68,11.19,15.3
2024-06-02,0.01,24.68,9.99,15.28
2024-06-03,0.01,26.08,13.7,13.88
2024-06-04,0.06,22.15,12.03,7.15
2024-06-05,0.02,25.29,12.05,10.01
2024-06-06,0.02,26.77,12.14,13.62
2024-06-07,0.03,27.08,11.94,14.65
2024-06-08,0.02,27.07,12.01,13.91
2024-06-09,0.01,27.8,11.52,14.62
2024-06-10,0.04,27.85,13.12,14.92
2024-06-11,0.04,28.47,13.46,14.51
2024-06-12,0.04,27.37,13.2,13.45
2024-06-13,0.02,27.36,11.04,15.17
2024-06-14,0.0,26.86,12.44,15.0
2024-06-15,0.01,28.04,13.47,14.75
2024-06-16,0.01,27.65,13.32,13.33
2024-06-17,0.02,27.17,13.51,13.35
2024-06-18,0.0,27.08,12.48,14.56
2024-06-19,0.0,27.6,12.19,14.97
2024-06-20,0.04,27.97,12.62,13.35
2024-06-21,0.04,26.37,12.86,13.15
2024-06-22,0.03,26.1,11.99,12.21
2024-06-23,0.0,28.2,14.27,14.1
2024-06-24,0.2,28.65,14.84,12.21
2024-06-25,7.86,19.23,13.27,5.06
2024-06-26,0.53,26.75,12.3,12.47
2024-06-27,0.43,25.16,13.1,9.97
2024-06-28,0.02,26.47,12.01,11.04
2024-06-29,3.94,23.24,12.46,5.11
2024-06-30,0.44,21.7,9.48,10.0
2024-07-01,0.03,23.87,8.43,13.89
2024-07-02,0.01,25.54,9.32,14.83
2024-07-03,0.02,26.0,10.45,14.71
2024-07-04,0.02,27.37,12.25,10.72
2024-07-05,0.02,27.05,12.68,13.68
2024-07-06,0.05,23.96,12.48,6.9
2024-07-07,0.35,26.95,10.97,10.51
2024-07-08,12.02,15.44,10.89,2.95
2024-07-09,21.2,14.7,11.02,1.82
2024-07-10,10.65,15.61,10.8,4.65
2024-07-11,0.74,22.72,11.24,7.34
2024-07-12,1.01,20.49,12.14,6.2
2024-07-13,1.12,15.82,10.37,2.51
2024-07-14,1.9,23.49,10.13,9.26
2024-07-15,1.34,19.12,12.13,4.25
2024-07-16,0.36,22.39,13.04,9.41
2024-07-17,0.03,25.25,12.19,13.98
2024-07-18,0.03,25.9,11.12,10.65
2024-07-19,0.02,25.61,11.4,13.26
2024-07-20,0.04,24.12,8.37,16.02
2024-07-21,0.11,26.15,9.58,15.79
2024-07-22,0.02,27.39,9.57,16.26
2024-07-23,0.04,25.68,8.35,16.19
2024-07-24,0.01,26.79,9.17,15.15
2024-07-25,0.0,26.59,10.96,15.85
2024-07-26,0.01,26.54,15.16,12.63
2024-07-27,0.01,26.7,13.46,11.84
2024-07-28,0.01,29.15,13.6,15.22
2024-07-29,0.74,26.41,12.66,5.58
2024-07-30,0.76,16.86,11.06,5.3
2024-07-31,0.19,24.16,11.77,8.81
2024-08-01,0.05,26.82,12.36,11.35
2024-08-02,0.02,26.58,12.52,15.14
2024-08-03,0.02,27.33,13.43,16.91
2024-08-04,0.02,27.72,13.08,16.23
2024-08-05,0.0,29.37,14.6,15.8
2024-08-06,0.01,29.3,12.88,16.48
2024-08-07,0.03,28.75,14.96,15.42
2024-08-08,0.45,29.05,14.43,9.27
2024-08-09,13.88,17.32,12.0,1.54
2024-08-10,0.26,18.82,7.02,17.58
2024-08-11,0.07,21.65,4.44,17.08
2024-08-12,0.08,20.83,4.45,19.87
2024-08-13,0.05,17.4,3.87,13.76
2024-08-14,0.01,23.77,5.4,17.96
2024-08-15,0.01,29.05,6.88,17.9
2024-08-16,0.0,31.82,13.93,17.71
2024-08-17,0.02,32.09,14.68,17.48
2024-08-18,0.0,32.17,16.38,17.6
2024-08-19,0.0,32.66,15.94,19.09
2024-08-20,0.06,32.54,14.61,18.0
2024-08-21,0.1,29.57,15.16,15.25
2024-08-22,0.04,31.48,11.76,19.45
2024-08-23,1.01,31.72,14.73,15.7
2024-08-24,23.91,18.35,12.41,1.35
2024-08-25,0.56,19.61,6.92,10.34
2024-08-26,0.11,19.7,3.74,21.97
2024-08-27,0.05,21.18,2.67,21.4
2024-08-28,0.05,23.8,6.78,12.47
2024-08-29,0.07,28.73,10.07,17.33
2024-08-30,0.08,31.1,13.51,20.6
2024-08-31,0.09,31.25,11.97,18.66
2024-09-01,0.0,31.69,13.89,18.02
2024-09-02,0.01,30.35,15.45,9.1
2024-09-03,0.05,32.7,13.98,16.89
2024-09-04,0.0,33.81,13.72,15.05
2024-09-05,0.12,32.25,12.49,8.36
2024-09-06,0.1,23.87,11.01,6.76
2024-09-07,0.03,34.04,12.84,14.35
2024-09-08,0.0,34.88,18.3,14.24
2024-09-09,0.02,33.36,18.27,14.94
2024-09-10,0.01,29.76,16.04,12.4
2024-09-11,0.02,33.35,13.9,20.46
2024-09-12,0.04,34.17,15.41,21.67
2024-09-13,0.0,33.99,15.28,20.02
2024-09-14,0.02,33.26,17.26,11.16
2024-09-15,9.46,20.02,14.31,2.26
2024-09-16,12.49,19.92,13.28,4.53
2024-09-17,0.2,21.52,12.61,13.17
2024-09-18,0.83,22.19,12.22,7.01
2024-09-19,1.19,27.87,13.77,8.21
2024-09-20,1.7,33.84,15.0,16.65
2024-09-21,5.23,28.98,16.88,4.51
2024-09-22,0.2,33.3,15.55,16.87
2024-09-23,0.03,34.76,16.7,20.17
2024-09-24,0.02,34.88,14.77,21.45
2024-09-25,0.04,35.58,16.64,22.26
2024-09-26,0.2,36.85,16.06,20.01
2024-09-27,5.24,30.47,15.31,6.03
2024-09-28,0.02,26.6,13.22,16.57
2024-09-29,0.0,32.23,12.12,15.15
2024-09-30,0.01,33.57,14.92,19.6
2024-10-01,0.0,36.0,17.43,23.62
2024-10-02,0.39,35.75,17.31,13.63
2024-10-03,5.75,22.03,13.51,4.89
2024-10-04,0.23,23.45,12.22,7.69
2024-10-05,0.05,28.78,11.92,16.57
2024-10-06,0.0,31.88,13.05,22.6
2024-10-07,0.0,29.5,14.48,19.75
2024-10-08,0.01,35.59,13.5,16.19
2024-10-09,0.47,25.47,14.74,3.86
2024-10-10,12.27,28.19,15.77,6.66
2024-10-11,8.9,29.74,16.86,8.57
2024-10-12,0.15,31.58,17.01,19.08
2024-10-13,0.03,27.71,14.97,13.56
2024-10-14,0.0,27.67,14.31,12.7
2024-10-15,0.65,31.84,14.84,14.2
2024-10-16,2.18,31.6,15.83,19.82
2024-10-17,0.18,33.1,15.78,21.9
2024-10-18,0.91,29.68,15.97,16.74
2024-10-19,9.17,21.34,13.77,4.88
2024-10-20,0.31,23.3,13.23,8.45
2024-10-21,0.33,29.35,16.41,10.64
2024-10-22,1.04,33.17,17.55,19.91
2024-10-23,10.89,31.19,20.24,8.34
2024-10-24,9.38,30.79,20.0,17.55
2024-10-25,6.24,30.83,21.45,12.71
2024-10-26,0.09,33.76,17.52,20.62
2024-10-27,0.6,26.47,14.82,9.99
2024-10-28,0.32,28.08,13.91,11.98
2024-10-29,0.08,30.74,15.19,18.16
2024-10-30,0.36,29.83,15.68,23.48
2024-10-31,0.14,29.32,16.38,22.44
2024-11-01,6.81,30.03,15.65,16.74
2024-11-02,9.97,24.11,17.52,10.9
2024-11-03,13.95,25.91,18.89,6.36
2024-11-04,7.69,28.37,18.23,5.97
2024-11-05,2.54,30.65,19.02,16.35
2024-11-06,16.25,28.01,19.42,9.14
2024-11-07,18.68,24.92,19.55,9.5
2024-11-08,12.13,24.92,16.59,15.86
2024-11-09,0.75,25.19,15.68,11.15
2024-11-10,0.04,26.75,14.05,18.22
2024-11-11,0.0,30.52,14.19,28.73
2024-11-12,2.3,32.25,15.61,18.21
2024-11-13,1.67,27.81,13.83,11.22
2024-11-14,0.0,27.15,13.65,18.24
2024-11-15,0.07,29.53,14.36,12.11
2024-11-16,0.03,30.06,17.27,17.3
2024-11-17,0.0,32.43,17.09,21.34
2024-11-18,0.0,34.95,17.08,29.48
2024-11-19,0.0,32.86,17.33,23.91
2024-11-20,0.02,35.3,18.18,22.58
2024-11-21,8.57,28.79,17.11,13.57
2024-11-22,1.22,28.7,16.82,12.15
2024-11-23,0.8,28.35,16.14,15.14
2024-11-24,0.09,27.0,15.16,19.28
2024-11-25,0.0,32.31,14.22,25.8
2024-11-26,0.0,33.34,16.07,26.55
2024-11-27,0.0,35.22,20.2,26.79
2024-11-28,12.4,29.96,21.42,16.02
2024-11-29,9.19,31.08,20.69,17.56
2024-11-30,0.43,33.07,20.63,15.19
2024-12-01,0.16,33.03,19.69,21.92
2024-12-02,5.93,29.58,21.86,12.99
2024-12-03,22.92,23.15,17.84,10.92
2024-12-04,2.65,24.95,17.01,9.01
2024-12-05,1.08,30.59,16.5,8.59
2024-12-06,2.47,31.66,18.52,23.04
2024-12-07,32.51,27.44,21.07,8.47
2024-12-08,15.01,23.91,17.43,7.26
2024-12-09,7.99,25.85,17.49,6.19
2024-12-10,27.65,27.1,17.29,12.52
2024-12-11,1.15,26.14,16.25,21.09
2024-12-12,0.05,26.44,15.34,26.52
2024-12-13,1.47,28.0,16.08,20.93
2024-12-14,5.95,25.07,17.84,11.16
2024-12-15,0.26,28.84,18.18,28.79
2024-12-16,0.08,28.33,16.68,32.33
2024-12-17,0.12,30.33,15.23,24.89
2024-12-18,0.07,30.9,15.38,25.04
2024-12-19,0.07,31.96,16.06,25.84
2024-12-20,2.1,29.35,20.83,11.03
2024-12-21,4.59,29.12,19.15,18.27
2024-12-22,0.81,31.45,18.98,14.95
2024-12-23,0.84,27.13,17.03,14.69
2024-12-24,0.13,31.11,16.86,20.65
2024-12-25,3.66,31.12,16.89,21.93
2024-12-26,13.26,28.36,19.03,9.73
2024-12-27,1.35,32.47,18.97,21.32
2024-12-28,4.65,32.46,19.57,20.81
2024-12-29,11.22,30.16,18.79,19.61
2024-12-30,0.81,30.33,17.72,18.7
2024-12-31,0.91,31.4,18.03,21.83
2025-01-01,2.2,31.19,18.34,21.36
2025-01-02,1.4,32.02,18.69,26.54
2025-01-03,3.23,31.5,18.39,25.7
2025-01-04,2.67,30.87,19.72,22.73
2025-01-05,1.16,32.46,18.59,17.96
2025-01-06,0.14,31.59,17.12,21.63
2025-01-07,1.13,31.32,18.62,18.83
2025-01-08,2.32,30.53,18.03,17.14
2025-01-09,0.96,29.55,17.39,17.0
2025-01-10,0.14,30.04,16.09,23.67
2025-01-11,1.0,31.17,15.52,18.37
2025-01-12,1.21,24.72,16.44,13.73
2025-01-13,0.11,28.94,15.21,24.43
2025-01-14,0.0,29.76,14.17,28.09
2025-01-15,0.02,31.68,15.42,14.1
2025-01-16,18.53,27.83,19.26,12.85
2025-01-17,26.75,24.58,20.34,8.24
2025-01-18,5.68,28.79,20.14,14.06
2025-01-19,6.59,29.76,20.51,15.27
2025-01-20,1.91,29.55,21.14,24.61
2025-01-21,2.71,30.13,20.2,21.87
2025-01-22,3.71,32.55,19.55,19.75
2025-01-23,3.78,31.56,20.23,25.31
2025-01-24,1.26,31.86,19.3,20.99
2025-01-25,1.39,33.77,19.8,24.72
2025-01-26,1.4,32.06,20.13,19.69
2025-01-27,1.32,30.63,17.7,17.53
2025-01-28,7.49,28.87,19.54,17.63
2025-01-29,5.09,30.05,19.02,15.66
2025-01-30,4.21,31.14,17.73,13.85
2025-01-31,6.63,29.26,18.76,15.03
2025-02-01,6.76,28.55,19.51,14.25
2025-02-02,3.72,28.81,19.46,16.96
2025-02-03,14.13,24.82,19.59,8.84
2025-02-04,15.07,24.05,19.6,6.23
2025-02-05,4.84,26.75,19.5,15.51
2025-02-06,0.79,27.39,19.45,19.38
2025-02-07,2.49,31.11,18.03,24.31
2025-02-08,1.14,29.11,20.43,12.76
2025-02-09,0.09,31.04,19.93,22.52
2025-02-10,0.02,32.07,18.63,26.2
2025-02-11,0.28,32.44,19.33,25.89
2025-02-12,0.63,32.71,18.65,25.02
2025-02-13,4.23,30.65,19.54,18.05
2025-02-14,1.73,29.97,20.02,20.08
2025-02-15,2.14,33.03,20.36,23.76
2025-02-16,1.27,33.49,21.0,24.86
2025-02-17,0.25,35.04,21.5,26.44
2025-02-18,3.47,33.23,20.52,14.97
2025-02-19,2.36,31.99,19.11,22.34
2025-02-20,2.4,33.33,20.05,22.07
2025-02-21,0.97,32.9,20.77,19.23
2025-02-22,0.14,31.25,19.44,21.75
2025-02-23,0.08,32.06,19.33,23.43
2025-02-24,1.29,31.99,19.57,22.33
2025-02-25,0.87,32.93,20.18,24.08
2025-02-26,2.04,34.24,20.32,24.96
2025-02-27,17.38,34.34,20.49,25.95
2025-02-28,3.77,31.42,19.1,24.34
2025-03-01,0.01,33.21,19.95,25.38
2025-03-02,0.0,34.36,18.95,25.9
2025-03-03,0.0,33.35,19.78,25.34
2025-03-04,0.0,32.63,18.68,23.05
2025-03-05,0.04,32.69,19.33,16.08
2025-03-06,0.09,32.54,19.15,21.32
2025-03-07,0.25,31.79,19.29,22.66
2025-03-08,0.02,33.51,18.78,21.73
2025-03-09,0.21,34.72,19.12,23.28
2025-03-10,0.87,30.64,18.98,15.39
2025-03-11,3.31,30.56,19.26,15.87
2025-03-12,2.69,31.73,18.95,13.68
2025-03-13,1.5,30.61,19.46,15.18
2025-03-14,0.49,31.4,19.3,13.81
2025-03-15,1.11,32.47,19.25,12.12
2025-03-16,2.3,28.75,18.11,8.37
2025-03-17,1.38,31.22,17.05,10.22
2025-03-18,2.88,32.69,18.14,17.65
2025-03-19,5.34,28.75,16.64,15.39
2025-03-20,0.16,28.67,15.59,21.2
2025-03-21,0.01,30.1,14.77,23.76
2025-03-22,1.27,31.37,15.13,17.89
2025-03-23,3.44,26.03,18.89,7.94
2025-03-24,1.54,31.92,18.52,21.93
2025-03-25,2.47,33.35,18.15,21.2
2025-03-26,4.7,27.89,19.0,13.63
2025-03-27,0.27,30.21,18.04,17.96
2025-03-28,0.05,32.1,18.3,14.97
2025-03-29,0.06,32.11,19.72,19.1
2025-03-30,0.32,29.21,19.12,17.15
2025-03-31,0.63,32.44,18.32,18.52
