data,PRECTOTCORR,T2M_MAX,T2M_MIN,ALLSKY_SFC_SW_DWN
2013-10-01,7.78,30.57,20.15,11.84
2013-10-02,16.54,26.29,20.59,6.33
2013-10-03,22.28,28.36,19.32,19.66
2013-10-04,6.12,26.89,19.58,6.21
2013-10-05,0.01,28.47,15.75,24.73
2013-10-06,0.0,27.46,13.02,25.29
2013-10-07,0.0,27.04,14.11,24.59
2013-10-08,0.0,26.49,14.09,13.95
2013-10-09,0.0,29.51,14.63,23.44
2013-10-10,0.0,30.3,14.1,24.78
2013-10-11,0.0,28.94,15.28,25.17
2013-10-12,0.19,29.22,18.6,10.08
2013-10-13,0.01,33.83,16.23,25.56
2013-10-14,0.0,34.87,20.05,22.24
2013-10-15,4.35,29.26,21.27,10.04
2013-10-16,5.38,25.34,19.12,7.9
2013-10-17,1.24,27.59,18.11,16.16
2013-10-18,2.05,31.03,17.86,19.32
2013-10-19,0.0,32.68,16.77,28.9
2013-10-20,0.0,34.74,15.45,29.24
2013-10-21,0.68,34.52,20.05,26.14
2013-10-22,0.86,31.34,21.06,25.51
2013-10-23,1.6,32.48,21.11,24.02
2013-10-24,5.97,34.81,22.02,24.87
2013-10-25,7.78,30.4,20.4,23.87
2013-10-26,0.13,34.8,18.74,25.09
2013-10-27,3.59,34.39,19.3,21.18
2013-10-28,0.45,30.7,16.33,28.99
2013-10-29,0.0,32.12,13.41,28.92
2013-10-30,0.01,34.18,16.63,27.77
2013-10-31,0.8,33.98,17.98,26.44
2013-11-01,2.46,33.82,17.26,24.46
2013-11-02,0.03,34.68,17.43,23.7
2013-11-03,11.5,32.46,20.98,22.87
2013-11-04,7.48,28.14,19.66,12.11
2013-11-05,0.97,27.55,17.49,11.98
2013-11-06,7.39,26.25,17.16,8.66
2013-11-07,0.91,29.09,16.59,19.16
2013-11-08,0.03,31.37,17.24,27.81
2013-11-09,0.0,34.15,17.7,29.54
2013-11-10,0.02,37.19,19.2,26.84
2013-11-11,4.67,35.53,22.66,22.47
2013-11-12,0.05,29.84,23.09,19.09
2013-11-13,0.0,34.59,18.78,27.99
2013-11-14,0.0,35.06,16.41,29.42
2013-11-15,1.26,35.12,17.53,28.46
2013-11-16,1.74,34.8,21.35,9.62
2013-11-17,4.04,31.71,19.02,21.42
2013-11-18,0.65,33.03,17.69,25.6
2013-11-19,9.11,32.55,20.56,25.77
2013-11-20,0.22,35.28,21.28,24.02
2013-11-21,11.85,28.15,21.8,20.83
2013-11-22,17.7,28.76,19.89,14.3
2013-11-23,0.63,28.61,18.21,13.64
2013-11-24,3.35,26.46,19.28,16.93
2013-11-25,1.03,25.91,20.25,12.33
2013-11-26,0.09,31.72,18.41,24.18
2013-11-27,0.0,32.92,18.71,27.39
2013-11-28,0.28,35.73,20.07,29.01
2013-11-29,2.11,36.19,21.61,27.24
2013-11-30,0.32,30.85,21.12,25.03
2013-12-01,1.58,30.72,21.38,20.4
2013-12-02,3.89,30.62,21.8,18.82
2013-12-03,0.32,36.17,21.46,26.36
2013-12-04,0.0,38.0,20.31,27.83
2013-12-05,9.97,33.49,23.62,26.69
2013-12-06,0.0,33.85,21.4,26.98
2013-12-07,0.42,30.0,21.25,16.63
2013-12-08,2.06,34.39,21.01,26.25
2013-12-09,6.69,33.39,22.48,24.24
2013-12-10,10.68,29.76,22.93,11.24
2013-12-11,9.75,30.79,19.87,12.92
2013-12-12,0.07,32.1,19.29,27.36
2013-12-13,0.01,33.15,17.37,27.37
2013-12-14,0.77,33.15,19.54,19.75
2013-12-15,0.26,35.67,19.89,25.35
2013-12-16,0.2,35.69,19.78,27.68
2013-12-17,0.04,34.74,18.02,30.22
2013-12-18,0.01,35.59,17.16,28.7
2013-12-19,0.01,35.19,19.02,29.51
2013-12-20,0.11,34.91,20.44,27.04
2013-12-21,0.02,34.78,20.0,28.44
2013-12-22,0.04,33.53,20.39,28.02
2013-12-23,7.76,28.74,20.97,15.62
2013-12-24,1.61,31.32,20.22,17.91
2013-12-25,1.14,32.9,21.66,20.72
2013-12-26,0.29,36.95,22.75,25.22
2013-12-27,2.88,36.58,24.7,18.58
2013-12-28,5.81,30.9,23.21,22.22
2013-12-29,6.53,32.23,21.77,16.88
2013-12-30,7.08,30.1,22.45,18.77
2013-12-31,4.7,30.52,23.2,16.12
2014-01-01,9.01,31.27,22.15,22.44
2014-01-02,0.42,30.97,22.55,24.99
2014-01-03,1.83,34.46,23.1,29.36
2014-01-04,2.46,36.1,22.97,26.56
2014-01-05,1.76,33.14,21.87,29.35
2014-01-06,1.07,30.97,21.83,27.96
2014-01-07,0.68,35.19,19.71,26.5
2014-01-08,1.5,30.79,23.95,27.72
2014-01-09,0.32,30.23,22.12,21.06
2014-01-10,0.05,33.53,20.31,26.26
2014-01-11,3.77,33.67,21.83,26.39
2014-01-12,6.36,31.34,22.34,21.08
2014-01-13,2.86,28.69,22.16,17.2
2014-01-14,2.62,28.74,21.22,21.61
2014-01-15,2.01,32.27,20.34,26.01
2014-01-16,2.08,31.22,20.28,19.03
2014-01-17,1.58,33.19,20.59,21.54
2014-01-18,1.28,32.5,21.41,27.92
2014-01-19,0.09,36.0,19.11,29.96
2014-01-20,0.01,37.32,19.22,29.43
2014-01-21,0.39,36.04,23.46,26.42
2014-01-22,12.24,33.3,22.94,24.52
2014-01-23,1.68,31.64,22.68,18.99
2014-01-24,15.85,34.12,21.54,22.36
2014-01-25,0.14,31.76,22.16,25.6
2014-01-26,1.4,34.62,22.08,26.11
2014-01-27,1.84,35.32,22.22,27.58
2014-01-28,0.37,35.46,21.53,28.52
2014-01-29,0.0,36.95,18.49,30.73
2014-01-30,0.0,37.31,20.55,27.37
2014-01-31,0.02,37.82,23.32,29.25
2014-02-01,0.0,38.64,24.65,29.52
2014-02-02,0.0,36.82,24.44,24.54
2014-02-03,0.0,38.8,23.32,28.34
2014-02-04,0.0,37.71,23.65,28.59
2014-02-05,0.04,39.28,24.43,27.58
2014-02-06,0.03,39.82,25.5,27.87
2014-02-07,1.27,39.39,23.03,29.73
2014-02-08,3.66,37.72,26.85,25.23
2014-02-09,0.12,38.92,23.19,26.44
2014-02-10,0.19,39.38,21.66,23.72
2014-02-11,0.0,36.61,23.74,25.01
2014-02-12,0.55,33.76,24.55,20.09
2014-02-13,1.87,32.51,22.9,22.01
2014-02-14,19.19,34.12,22.22,21.17
2014-02-15,21.23,27.4,21.12,11.77
2014-02-16,2.74,30.08,20.36,18.6
2014-02-17,2.11,30.75,19.91,21.07
2014-02-18,0.02,33.04,19.97,21.83
2014-02-19,1.87,33.6,19.61,27.11
2014-02-20,0.44,34.38,19.1,24.04
2014-02-21,4.92,29.43,21.48,16.33
2014-02-22,4.02,28.46,22.35,12.43
2014-02-23,3.58,28.47,21.26,15.65
2014-02-24,1.21,28.72,20.99,12.73
2014-02-25,1.16,33.51,19.1,18.87
2014-02-26,0.01,34.37,20.94,25.59
2014-02-27,7.52,33.95,22.4,22.55
2014-02-28,6.02,30.78,22.32,17.57
2014-03-01,0.43,28.5,21.61,19.15
2014-03-02,0.27,31.8,19.65,25.76
2014-03-03,13.43,30.87,20.65,22.05
2014-03-04,3.37,30.23,21.52,15.82
2014-03-05,7.42,28.4,20.88,9.63
2014-03-06,5.23,30.16,21.16,23.05
2014-03-07,1.07,30.68,21.05,22.53
2014-03-08,0.07,31.73,18.19,20.87
2014-03-09,0.03,32.31,19.74,25.18
2014-03-10,0.2,32.8,21.49,22.58
2014-03-11,20.17,30.07,21.47,21.35
2014-03-12,2.37,27.31,21.44,13.32
2014-03-13,2.54,27.72,21.08,12.08
2014-03-14,0.55,31.6,20.65,23.17
2014-03-15,0.04,33.23,21.16,23.76
2014-03-16,0.0,34.12,20.98,24.52
2014-03-17,1.87,33.93,21.28,24.85
2014-03-18,0.53,34.97,20.84,24.3
2014-03-19,0.57,33.6,21.33,23.62
2014-03-20,13.96,30.56,22.14,16.84
2014-03-21,16.92,26.34,21.99,17.28
2014-03-22,0.73,30.28,21.69,14.85
2014-03-23,0.0,29.57,19.27,21.84
2014-03-24,0.03,30.98,18.03,22.38
2014-03-25,0.02,31.04,18.4,22.73
2014-03-26,0.41,31.15,18.49,22.86
2014-03-27,0.11,32.25,19.08,21.33
2014-03-28,0.63,32.37,20.11,20.98
2014-03-29,4.35,31.23,19.82,20.0
2014-03-30,21.85,25.04,21.59,12.49
2014-03-31,1.78,27.99,20.73,17.72
2014-04-01,0.48,31.3,21.17,19.91
2014-04-02,0.04,31.9,20.87,22.38
2014-04-03,0.0,32.56,19.5,21.48
2014-04-04,0.02,33.04,19.82,21.86
2014-04-05,0.0,32.55,19.8,22.36
2014-04-06,0.0,33.71,18.86,22.75
2014-04-07,0.0,34.84,18.58,21.9
2014-04-08,0.0,35.06,20.26,21.11
2014-04-09,3.27,31.7,23.56,17.5
2014-04-10,0.0,32.31,22.04,14.98
2014-04-11,1.06,32.82,21.13,18.2
2014-04-12,15.24,26.64,22.69,16.19
2014-04-13,1.39,28.97,21.38,14.77
2014-04-14,6.92,27.41,18.07,13.7
2014-04-15,11.93,24.36,17.22,10.82
2014-04-16,0.25,28.51,18.02,13.83
2014-04-17,0.0,30.0,18.04,20.06
2014-04-18,0.0,30.88,18.1,19.78
2014-04-19,0.96,31.84,19.0,17.07
2014-04-20,0.0,31.17,19.5,19.42
2014-04-21,1.57,30.18,19.5,18.58
2014-04-22,8.25,30.12,19.48,13.11
2014-04-23,1.78,26.6,19.61,10.09
2014-04-24,0.06,29.05,19.21,16.25
2014-04-25,0.0,28.32,16.36,19.89
2014-04-26,0.0,27.87,15.23,20.78
2014-04-27,0.0,27.32,13.98,20.64
2014-04-28,0.0,28.3,13.84,20.44
2014-04-29,0.0,29.08,13.13,19.92
2014-04-30,0.0,29.33,12.89,18.76
2014-05-01,0.38,29.15,13.51,12.46
2014-05-02,0.0,30.08,15.4,12.86
2014-05-03,0.0,29.06,16.16,13.92
2014-05-04,0.0,31.06,14.5,18.89
2014-05-05,0.0,31.38,15.7,17.92
2014-05-06,0.01,30.93,16.15,15.48
2014-05-07,0.03,31.73,17.78,14.57
2014-05-08,0.0,31.57,18.87,17.42
2014-05-09,0.0,30.5,16.34,17.33
2014-05-10,0.0,27.58,15.07,18.49
2014-05-11,0.0,28.84,14.11,18.89
2014-05-12,0.0,29.66,13.96,17.67
2014-05-13,0.0,29.65,14.34,14.69
2014-05-14,0.0,30.27,16.2,16.56
2014-05-15,0.0,30.39,13.83,16.79
2014-05-16,0.02,31.63,15.9,15.52
2014-05-17,0.0,30.63,16.46,15.88
2014-05-18,0.19,29.89,18.21,13.08
2014-05-19,0.0,30.86,15.56,17.22
2014-05-20,0.0,30.67,14.62,16.33
2014-05-21,0.0,31.13,14.67,16.47
2014-05-22,30.04,29.86,16.59,11.14
2014-05-23,14.27,24.88,19.97,5.89
2014-05-24,0.6,24.99,17.25,7.61
2014-05-25,0.32,22.93,15.68,6.8
2014-05-26,0.06,22.49,11.73,11.26
2014-05-27,0.0,21.66,9.68,9.02
2014-05-28,0.22,23.64,11.47,13.89
2014-05-29,0.01,25.88,13.29,16.33
2014-05-30,0.01,26.65,12.96,17.15
2014-05-31,0.0,28.12,11.6,16.0
2014-06-01,0.94,24.8,16.77,3.68
2014-06-02,0.14,25.75,10.78,15.82
2014-06-03,0.01,24.14,8.59,17.32
2014-06-04,0.0,27.29,7.23,16.9
2014-06-05,0.01,31.01,14.85,14.43
2014-06-06,0.26,29.31,15.83,10.34
2014-06-07,0.0,31.57,16.7,14.24
2014-06-08,0.0,31.24,17.23,15.75
2014-06-09,0.0,29.17,18.13,13.74
2014-06-10,0.0,27.95,16.51,14.12
2014-06-11,0.0,28.98,15.79,16.16
2014-06-12,0.0,29.14,15.2,15.66
2014-06-13,0.0,29.12,15.72,15.63
2014-06-14,0.0,29.9,15.24,13.78
2014-06-15,0.0,29.48,16.75,15.28
2014-06-16,0.0,30.21,15.72,16.03
2014-06-17,0.03,30.77,15.72,15.8
2014-06-18,0.02,29.76,15.11,15.47
2014-06-19,0.52,26.07,13.88,15.83
2014-06-20,0.0,26.3,11.7,15.12
2014-06-21,0.0,26.9,12.19,13.26
2014-06-22,0.03,28.97,12.52,15.4
2014-06-23,0.0,29.05,15.1,12.98
2014-06-24,0.0,29.93,14.26,15.71
2014-06-25,0.0,29.89,13.93,15.37
2014-06-26,0.0,30.32,14.73,14.48
2014-06-27,0.0,31.45,15.62,15.93
2014-06-28,0.04,30.69,15.52,14.02
2014-06-29,0.02,22.63,13.29,5.77
2014-06-30,0.0,24.03,9.21,16.44
2014-07-01,0.0,27.37,8.97,16.52
2014-07-02,0.0,31.15,15.67,15.77
2014-07-03,0.0,32.94,15.6,15.39
2014-07-04,0.0,31.53,16.91,15.19
2014-07-05,0.0,31.21,16.22,15.5
2014-07-06,0.0,30.03,15.18,15.85
2014-07-07,0.1,28.71,16.5,6.21
2014-07-08,1.93,27.92,15.79,9.12
2014-07-09,6.31,23.72,15.24,11.41
2014-07-10,0.31,26.58,15.25,7.99
2014-07-11,0.0,25.71,12.43,16.8
2014-07-12,0.01,27.17,13.27,16.67
2014-07-13,0.03,28.09,12.5,16.72
2014-07-14,0.0,28.17,12.15,16.63
2014-07-15,0.0,28.26,11.91,16.89
2014-07-16,0.0,29.33,12.63,16.82
2014-07-17,0.09,30.98,15.66,16.7
2014-07-18,1.92,27.26,14.93,8.81
2014-07-19,0.04,25.35,11.89,17.43
2014-07-20,0.0,26.72,7.8,17.09
2014-07-21,0.0,29.02,8.95,18.26
2014-07-22,0.0,31.0,11.82,17.29
2014-07-23,0.04,31.35,15.06,15.64
2014-07-24,12.17,29.4,14.55,3.23
2014-07-25,0.49,21.02,12.85,5.36
2014-07-26,1.36,23.61,12.67,7.01
2014-07-27,0.49,22.04,14.21,6.54
2014-07-28,0.02,24.75,13.43,9.56
2014-07-29,0.0,27.42,14.78,16.87
2014-07-30,0.0,28.02,12.64,17.41
2014-07-31,0.0,28.85,11.68,18.4
2014-08-01,0.0,30.33,13.78,18.45
2014-08-02,0.0,30.95,14.42,18.9
2014-08-03,0.0,31.91,16.1,19.03
2014-08-04,0.0,32.3,16.36,18.26
2014-08-05,0.0,28.1,14.22,18.41
2014-08-06,0.0,30.34,11.31,19.03
2014-08-07,0.0,30.71,12.32,19.0
2014-08-08,0.0,30.11,12.95,19.07
2014-08-09,0.0,30.16,14.36,18.99
2014-08-10,0.0,29.39,13.02,17.68
2014-08-11,0.0,32.02,14.06,19.8
2014-08-12,0.0,33.47,15.6,19.26
2014-08-13,7.74,30.06,12.64,9.96
2014-08-14,0.02,23.92,10.98,17.87
2014-08-15,0.0,29.49,14.05,18.25
2014-08-16,0.0,30.25,15.3,19.1
2014-08-17,1.9,30.21,16.28,17.25
2014-08-18,0.06,29.66,16.06,18.77
2014-08-19,0.0,29.94,14.95,20.41
2014-08-20,0.0,32.35,12.99,21.39
2014-08-21,0.0,33.09,13.86,21.14
2014-08-22,0.0,33.95,14.62,21.4
2014-08-23,0.0,34.55,14.81,21.05
2014-08-24,0.0,33.99,14.53,21.66
2014-08-25,0.0,34.82,16.67,21.47
2014-08-26,0.09,30.98,16.92,17.13
2014-08-27,0.0,31.37,16.36,14.1
2014-08-28,0.0,32.21,14.59,16.23
2014-08-29,0.0,30.74,14.01,19.81
2014-08-30,0.0,34.08,14.02,20.97
2014-08-31,0.65,36.25,15.34,20.18
2014-09-01,4.33,34.56,18.14,16.67
2014-09-02,18.61,32.41,19.7,20.07
2014-09-03,0.27,31.83,19.72,18.09
2014-09-04,0.0,28.61,16.18,22.66
2014-09-05,0.0,30.03,14.16,22.16
2014-09-06,0.0,31.89,13.48,23.17
2014-09-07,0.0,32.81,14.55,18.42
2014-09-08,0.0,33.57,16.35,22.22
2014-09-09,0.0,34.47,16.28,23.45
2014-09-10,0.0,35.34,15.89,24.01
2014-09-11,0.0,36.71,18.52,23.04
2014-09-12,0.0,36.39,17.45,24.01
2014-09-13,0.0,35.29,16.24,22.23
2014-09-14,0.0,36.56,17.06,23.71
2014-09-15,0.01,36.68,18.67,16.19
2014-09-16,0.0,34.24,19.14,22.74
2014-09-17,0.0,35.5,16.47,24.28
2014-09-18,0.0,37.99,17.06,20.99
2014-09-19,8.57,37.73,20.38,13.22
2014-09-20,9.04,34.02,21.49,6.02
2014-09-21,3.36,31.83,19.26,21.05
2014-09-22,0.09,30.33,14.78,26.16
2014-09-23,0.0,34.88,13.03,25.52
2014-09-24,8.82,36.4,19.24,19.25
2014-09-25,9.02,31.18,20.41,14.26
2014-09-26,17.79,25.99,21.54,13.57
2014-09-27,2.05,27.42,20.49,7.01
2014-09-28,0.03,30.78,18.87,14.94
2014-09-29,12.14,32.98,20.45,20.56
2014-09-30,0.69,30.54,20.46,12.42
2014-10-01,0.16,32.92,22.44,20.33
2014-10-02,0.0,29.09,15.82,23.13
2014-10-03,0.0,29.25,13.95,27.3
2014-10-04,0.0,29.12,12.69,26.97
2014-10-05,0.0,27.76,12.52,25.02
2014-10-06,0.0,31.19,11.73,25.82
2014-10-07,0.0,31.71,13.42,16.81
2014-10-08,0.0,33.88,14.94,27.79
2014-10-09,0.0,35.77,15.32,28.28
2014-10-10,0.0,37.71,17.52,27.29
2014-10-11,0.0,38.71,19.69,26.94
2014-10-12,0.0,39.5,18.95,26.69
2014-10-13,0.0,39.87,20.44,26.27
2014-10-14,0.0,40.46,21.46,26.81
2014-10-15,0.0,40.03,22.17,24.87
2014-10-16,0.0,41.75,20.87,24.24
2014-10-17,0.0,41.47,23.63,22.63
2014-10-18,0.01,41.07,21.99,23.31
2014-10-19,0.63,40.07,23.89,20.43
2014-10-20,0.52,36.15,23.37,7.92
2014-10-21,0.0,33.62,18.85,24.62
2014-10-22,0.09,35.16,17.41,26.09
2014-10-23,0.31,35.92,19.6,25.97
2014-10-24,2.09,33.88,21.23,21.52
2014-10-25,5.65,26.48,20.46,9.29
2014-10-26,2.88,32.32,18.92,18.06
2014-10-27,0.81,33.82,18.93,23.67
2014-10-28,0.0,33.57,15.85,29.52
2014-10-29,0.0,36.06,15.02,29.88
2014-10-30,0.21,38.08,18.62,26.4
2014-10-31,1.19,33.33,20.69,22.0
2014-11-01,2.45,34.79,22.4,20.31
2014-11-02,7.64,29.81,22.86,23.97
2014-11-03,2.81,29.58,21.94,14.87
2014-11-04,14.18,26.93,21.73,15.65
2014-11-05,3.42,31.45,20.35,24.14
2014-11-06,12.38,32.94,19.7,27.14
2014-11-07,19.23,30.14,21.4,21.35
2014-11-08,0.02,28.45,21.18,15.45
2014-11-09,0.0,31.93,19.04,24.77
2014-11-10,0.0,33.24,17.78,30.52
2014-11-11,0.0,33.93,14.75,29.01
2014-11-12,3.92,28.55,18.05,16.54
2014-11-13,1.24,32.88,20.82,22.85
2014-11-14,1.31,31.86,18.62,24.55
2014-11-15,0.0,32.13,16.95,28.98
2014-11-16,0.29,32.48,15.12,29.95
2014-11-17,0.0,34.35,14.65,30.51
2014-11-18,2.17,34.16,15.86,25.47
2014-11-19,0.73,35.77,17.37,27.37
2014-11-20,2.88,32.44,23.14,20.26
2014-11-21,0.29,35.77,21.05,19.77
2014-11-22,6.9,28.8,22.93,12.3
2014-11-23,6.72,30.36,21.44,15.77
2014-11-24,8.37,31.29,20.81,18.77
2014-11-25,25.09,26.18,22.11,16.78
2014-11-26,12.82,26.56,21.35,16.6
2014-11-27,7.96,28.5,21.29,19.5
2014-11-28,4.29,30.04,19.73,18.01
2014-11-29,2.45,28.22,19.61,18.39
2014-11-30,2.53,30.49,21.08,14.11
2014-12-01,0.57,30.37,20.15,19.11
2014-12-02,0.07,29.76,20.39,20.37
2014-12-03,0.03,32.15,20.75,20.27
2014-12-04,2.89,33.35,21.04,21.81
2014-12-05,0.03,26.76,18.79,23.87
2014-12-06,4.5,32.49,18.15,23.8
2014-12-07,0.97,31.91,20.58,24.93
2014-12-08,3.18,26.83,21.1,19.16
2014-12-09,3.02,27.64,20.25,18.71
2014-12-10,13.2,26.3,20.45,17.4
2014-12-11,8.24,28.5,20.29,20.28
2014-12-12,21.73,29.9,20.76,18.88
2014-12-13,35.09,25.52,20.95,12.68
2014-12-14,6.56,30.99,20.53,21.72
2014-12-15,0.07,30.36,16.84,30.65
2014-12-16,0.0,31.19,15.66,28.26
2014-12-17,0.0,31.9,17.96,27.22
2014-12-18,0.03,32.83,20.52,27.5
2014-12-19,9.24,31.84,22.35,24.5
2014-12-20,0.72,31.58,22.61,22.26
2014-12-21,6.63,28.08,22.76,15.72
2014-12-22,12.7,28.75,22.13,18.11
2014-12-23,35.01,28.84,19.87,9.66
2014-12-24,0.73,28.28,18.74,17.56
2014-12-25,1.78,31.19,19.78,23.66
2014-12-26,0.02,32.8,21.39,30.25
2014-12-27,0.0,33.74,21.14,29.07
2014-12-28,3.8,33.24,22.32,29.35
2014-12-29,2.25,31.02,22.38,25.87
2014-12-30,3.85,31.88,21.44,27.04
2014-12-31,0.68,28.92,22.09,21.22
2015-01-01,2.12,30.74,21.9,24.42
2015-01-02,1.18,28.28,23.58,26.43
2015-01-03,3.88,31.16,22.0,26.89
2015-01-04,2.87,29.61,21.52,22.23
2015-01-05,17.79,30.15,20.71,19.84
2015-01-06,17.8,30.08,21.2,22.33
2015-01-07,10.09,31.58,20.51,27.51
2015-01-08,7.53,30.67,21.37,17.38
2015-01-09,0.02,32.51,21.71,28.39
2015-01-10,6.7,32.94,21.99,28.91
2015-01-11,6.33,32.89,22.18,28.74
2015-01-12,5.08,32.95,22.59,24.35
2015-01-13,0.43,32.6,22.55,23.6
2015-01-14,1.54,29.43,22.28,19.66
2015-01-15,10.9,30.76,22.36,28.39
2015-01-16,1.0,32.2,22.17,29.77
2015-01-17,0.02,33.24,22.47,28.92
2015-01-18,0.0,34.79,22.55,27.75
2015-01-19,1.22,36.58,22.15,28.55
2015-01-20,3.49,35.88,21.18,28.86
2015-01-21,1.68,32.11,23.06,21.84
2015-01-22,0.39,32.56,21.81,26.08
2015-01-23,0.03,31.37,19.88,22.68
2015-01-24,0.36,32.35,19.41,24.57
2015-01-25,1.43,30.37,21.91,18.88
2015-01-26,11.97,32.06,20.98,22.7
2015-01-27,28.71,27.76,21.69,19.22
2015-01-28,18.45,28.14,21.29,22.11
2015-01-29,3.35,28.48,21.59,19.67
2015-01-30,0.1,28.79,21.77,23.1
2015-01-31,3.62,31.96,20.69,27.23
2015-02-01,1.86,32.22,20.66,28.71
2015-02-02,4.01,31.96,21.47,27.81
2015-02-03,4.69,31.17,19.69,27.17
2015-02-04,5.68,28.63,22.21,11.87
2015-02-05,2.5,29.19,21.68,17.51
2015-02-06,11.1,29.48,20.87,22.98
2015-02-07,1.79,30.4,19.2,26.9
2015-02-08,1.4,31.92,18.42,24.82
2015-02-09,6.88,30.33,20.11,16.62
2015-02-10,10.63,27.96,21.23,18.33
2015-02-11,1.37,29.72,21.39,22.65
2015-02-12,26.94,29.2,22.33,23.25
2015-02-13,7.81,29.35,21.73,14.26
2015-02-14,1.53,29.04,21.66,20.52
2015-02-15,5.93,28.55,21.17,14.08
2015-02-16,1.42,26.93,20.1,20.0
2015-02-17,28.14,25.73,20.42,13.74
2015-02-18,13.34,27.78,20.51,13.91
2015-02-19,5.86,28.0,20.65,18.11
2015-02-20,5.74,26.8,20.95,16.64
2015-02-21,0.03,30.88,20.7,25.71
2015-02-22,0.02,30.83,20.93,27.22
2015-02-23,0.0,31.61,21.09,26.28
2015-02-24,1.1,30.93,21.75,25.63
2015-02-25,6.93,28.01,20.93,23.86
2015-02-26,0.91,29.22,20.46,20.38
2015-02-27,0.48,29.17,20.8,22.84
2015-02-28,0.08,30.54,21.01,26.31
2015-03-01,0.16,30.01,19.75,25.57
2015-03-02,0.01,30.38,18.49,24.85
2015-03-03,0.22,31.76,18.86,23.26
2015-03-04,1.4,31.62,20.7,23.41
2015-03-05,5.15,30.87,20.86,23.22
2015-03-06,5.54,28.56,22.39,16.2
2015-03-07,5.34,28.45,21.24,15.21
2015-03-08,10.83,27.14,21.58,11.74
2015-03-09,12.73,23.78,21.16,6.98
2015-03-10,5.81,28.7,21.17,16.96
2015-03-11,7.71,29.01,19.8,20.02
2015-03-12,7.89,27.7,20.39,18.69
2015-03-13,1.69,26.04,20.59,12.7
2015-03-14,1.85,25.7,19.39,14.31
2015-03-15,1.04,26.22,18.84,17.03
2015-03-16,0.45,29.59,19.02,22.44
2015-03-17,0.51,28.05,19.82,19.66
2015-03-18,3.46,22.82,19.14,16.33
2015-03-19,4.03,26.5,18.11,12.39
2015-03-20,9.39,28.19,18.99,10.73
2015-03-21,6.94,26.01,18.83,16.9
2015-03-22,3.25,27.51,18.11,16.53
2015-03-23,0.17,28.78,18.86,22.25
2015-03-24,0.0,29.72,17.73,25.09
2015-03-25,0.0,30.31,17.12,23.36
2015-03-26,1.45,29.93,17.96,22.49
2015-03-27,1.07,28.94,20.2,11.38
2015-03-28,0.32,30.41,20.95,19.64
2015-03-29,10.29,29.11,20.82,15.79
2015-03-30,7.63,28.21,19.91,12.11
2015-03-31,2.67,28.68,20.55,16.3
2015-04-01,0.0,29.85,18.44,20.43
2015-04-02,0.0,30.33,19.0,20.6
2015-04-03,0.0,29.72,16.27,22.57
2015-04-04,4.29,30.02,18.58,19.11
2015-04-05,2.93,29.17,19.97,11.97
2015-04-06,0.67,29.86,19.52,14.74
2015-04-07,0.0,27.07,16.96,19.75
2015-04-08,0.0,27.58,15.8,21.87
2015-04-09,0.0,28.97,17.03,20.04
2015-04-10,0.0,29.51,17.62,17.25
2015-04-11,0.0,30.16,17.15,21.14
2015-04-12,0.0,30.77,17.74,21.4
2015-04-13,0.0,30.89,17.44,21.51
2015-04-14,2.1,30.72,18.03,16.34
2015-04-15,2.36,26.63,20.44,12.28
2015-04-16,0.72,30.32,20.02,16.53
2015-04-17,0.1,31.28,19.0,19.96
2015-04-18,0.13,30.79,19.8,16.98
2015-04-19,3.75,30.17,20.86,13.56
2015-04-20,0.38,31.62,20.87,19.73
2015-04-21,18.72,29.77,21.96,15.44
2015-04-22,1.68,28.73,19.95,12.99
2015-04-23,0.0,29.7,18.07,16.88
2015-04-24,0.04,29.79,19.21,14.74
2015-04-25,0.0,28.54,17.08,19.83
2015-04-26,0.0,27.92,14.71,21.02
2015-04-27,0.02,29.28,16.01,20.1
2015-04-28,0.0,29.71,15.94,18.55
2015-04-29,0.0,28.35,17.44,16.78
2015-04-30,0.0,28.04,15.69,19.44
2015-05-01,0.0,28.93,14.69,19.56
2015-05-02,0.0,30.24,14.88,19.45
2015-05-03,0.59,31.14,16.92,14.85
2015-05-04,24.77,25.6,19.56,10.06
2015-05-05,0.26,27.33,19.04,13.62
2015-05-06,0.0,27.22,16.06,14.74
2015-05-07,0.01,26.34,15.49,18.74
2015-05-08,0.02,25.6,15.09,18.62
2015-05-09,0.0,28.92,13.35,18.02
2015-05-10,7.38,28.27,17.62,11.6
2015-05-11,12.14,24.65,15.51,7.86
2015-05-12,0.01,24.36,12.62,16.41
2015-05-13,0.02,25.0,14.7,13.05
2015-05-14,0.0,26.7,15.23,17.8
2015-05-15,0.0,25.58,15.76,10.21
2015-05-16,0.0,26.63,14.6,13.18
2015-05-17,0.0,26.61,14.01,15.26
2015-05-18,0.03,25.6,16.49,7.82
2015-05-19,10.49,24.09,15.98,13.64
2015-05-20,10.14,23.27,17.15,7.4
2015-05-21,0.15,26.8,16.14,14.62
2015-05-22,0.0,27.13,16.17,17.0
2015-05-23,0.0,26.02,16.17,9.99
2015-05-24,0.02,27.95,14.89,15.05
2015-05-25,0.1,29.35,16.76,15.32
2015-05-26,0.02,30.3,18.07,16.25
2015-05-27,0.07,30.25,17.58,16.54
2015-05-28,8.13,21.57,17.1,2.81
2015-05-29,0.66,24.35,14.64,14.95
2015-05-30,8.53,25.28,11.8,11.25
2015-05-31,36.46,22.77,16.24,6.17
2015-06-01,0.32,25.21,16.09,7.07
2015-06-02,0.21,22.61,16.26,4.01
2015-06-03,0.08,25.81,14.17,13.74
2015-06-04,0.0,26.6,15.26,15.64
2015-06-05,0.02,26.71,14.48,16.63
2015-06-06,0.0,27.16,13.94,16.07
2015-06-07,0.0,27.54,14.64,15.73
2015-06-08,0.0,27.96,15.0,16.02
2015-06-09,0.0,27.57,14.02,14.36
2015-06-10,0.0,27.71,14.09,16.2
2015-06-11,0.0,28.62,15.06,16.08
2015-06-12,0.01,28.84,16.3,14.87
2015-06-13,0.0,29.15,14.98,16.21
2015-06-14,0.0,29.18,16.1,14.5
2015-06-15,0.95,22.91,15.68,6.76
2015-06-16,0.06,24.32,13.31,15.17
2015-06-17,0.0,29.62,16.22,15.0
2015-06-18,0.05,29.93,16.36,13.8
2015-06-19,0.09,22.31,14.47,10.12
2015-06-20,0.0,25.76,13.19,16.07
2015-06-21,0.0,27.23,14.99,15.85
2015-06-22,0.0,27.67,13.09,15.49
2015-06-23,0.0,27.43,13.01,12.42
2015-06-24,0.0,25.08,14.92,13.88
2015-06-25,0.0,25.82,14.03,15.42
2015-06-26,0.0,25.33,13.65,15.57
2015-06-27,0.02,25.42,11.1,16.32
2015-06-28,0.0,25.43,10.46,15.54
2015-06-29,0.0,26.54,11.95,14.63
2015-06-30,0.06,25.67,14.35,11.38
2015-07-01,9.51,23.25,14.84,6.53
2015-07-02,12.94,25.04,15.09,4.01
2015-07-03,0.63,27.26,15.0,9.29
2015-07-04,3.46,22.31,15.94,5.37
2015-07-05,0.19,21.98,12.35,6.34
2015-07-06,0.39,26.24,13.13,10.56
2015-07-07,17.07,19.8,16.79,3.44
2015-07-08,8.3,22.45,14.79,4.87
2015-07-09,0.98,23.15,13.69,10.99
2015-07-10,0.12,27.04,14.45,16.03
2015-07-11,0.01,27.85,14.1,11.15
2015-07-12,0.2,29.13,15.99,16.28
2015-07-13,0.0,29.94,17.5,16.35
2015-07-14,0.0,29.79,15.0,14.51
2015-07-15,0.0,29.84,17.42,11.11
2015-07-16,0.0,27.66,17.01,10.86
2015-07-17,0.02,25.67,15.9,14.13
2015-07-18,0.0,28.15,15.71,16.79
2015-07-19,0.0,28.5,14.33,16.78
2015-07-20,0.0,28.75,13.51,16.41
2015-07-21,0.4,26.5,16.15,8.61
2015-07-22,0.02,24.76,13.98,14.67
2015-07-23,0.0,28.04,14.39,15.3
2015-07-24,1.92,29.19,15.56,13.95
2015-07-25,1.49,26.4,15.71,11.2
2015-07-26,0.05,27.54,14.51,13.82
2015-07-27,0.01,27.79,11.74,17.87
2015-07-28,0.0,29.22,12.11,18.13
2015-07-29,0.0,29.27,12.7,18.26
2015-07-30,0.0,29.8,11.45,18.48
2015-07-31,0.0,30.59,12.35,18.46
2015-08-01,0.0,30.45,13.44,18.37
2015-08-02,0.0,30.73,13.96,18.8
2015-08-03,0.0,30.98,13.47,18.94
2015-08-04,0.0,30.78,14.5,18.79
2015-08-05,0.0,30.94,13.44,18.57
2015-08-06,0.0,31.36,14.07,18.97
2015-08-07,0.0,32.02,13.46,18.89
2015-08-08,0.0,32.5,13.95,19.09
2015-08-09,0.0,31.67,14.69,18.9
2015-08-10,0.0,31.55,15.98,19.3
2015-08-11,0.0,31.82,15.62,19.32
2015-08-12,0.0,30.57,13.61,19.9
2015-08-13,0.0,31.26,13.07,19.76
2015-08-14,0.0,30.89,13.78,19.84
2015-08-15,0.0,30.93,14.37,19.38
2015-08-16,0.0,32.41,15.19,20.09
2015-08-17,0.0,32.47,15.35,19.25
2015-08-18,0.43,30.55,17.64,13.6
2015-08-19,1.03,30.78,15.95,18.51
2015-08-20,0.0,28.24,12.17,20.38
2015-08-21,0.0,29.03,14.21,20.94
2015-08-22,0.0,31.11,14.14,21.36
2015-08-23,0.0,33.35,14.42,21.0
2015-08-24,2.85,25.62,17.2,14.12
2015-08-25,0.71,31.31,15.4,13.61
2015-08-26,1.19,33.23,15.67,17.18
2015-08-27,6.69,31.96,18.01,3.72
2015-08-28,0.25,30.26,16.1,17.66
2015-08-29,0.09,32.3,12.5,21.97
2015-08-30,0.0,34.97,13.72,22.04
2015-08-31,0.0,35.39,16.83,20.72
2015-09-01,0.0,35.71,16.52,21.91
2015-09-02,0.0,32.86,16.71,21.36
2015-09-03,0.0,34.39,14.73,21.78
2015-09-04,0.0,35.02,16.26,20.55
2015-09-05,0.17,27.59,18.19,14.73
2015-09-06,0.04,31.77,16.04,17.37
2015-09-07,5.13,33.71,20.68,9.79
2015-09-08,19.57,30.9,20.08,9.26
2015-09-09,19.6,27.81,18.05,12.41
2015-09-10,16.92,25.73,15.82,6.13
2015-09-11,37.78,27.22,16.21,5.08
2015-09-12,3.1,25.68,14.46,7.46
2015-09-13,0.4,26.63,13.96,20.15
2015-09-14,0.05,28.07,12.76,23.31
2015-09-15,0.0,32.46,14.7,22.75
2015-09-16,0.0,34.56,19.1,23.49
2015-09-17,0.0,34.71,20.27,22.66
2015-09-18,0.01,36.52,20.36,24.29
2015-09-19,0.0,36.99,18.93,23.02
2015-09-20,0.0,36.41,17.36,25.18
2015-09-21,0.0,36.21,16.8,25.42
2015-09-22,0.0,36.82,16.61,25.05
2015-09-23,0.0,37.05,18.09,25.53
2015-09-24,0.0,38.93,22.41,24.61
2015-09-25,1.32,38.89,22.78,20.84
2015-09-26,23.14,30.97,21.69,15.16
2015-09-27,6.01,32.75,19.08,19.99
2015-09-28,5.0,27.73,20.06,9.26
2015-09-29,1.5,29.55,20.35,12.98
2015-09-30,2.82,31.6,18.86,16.7
2015-10-01,0.69,32.72,19.76,20.15
2015-10-02,0.02,36.39,20.16,23.1
2015-10-03,1.87,29.29,21.39,9.01
2015-10-04,0.01,29.34,19.47,11.43
2015-10-05,0.0,32.41,17.3,26.18
2015-10-06,0.0,34.32,15.14,25.86
2015-10-07,0.0,37.93,17.4,26.39
2015-10-08,0.4,38.45,20.96,24.72
2015-10-09,19.0,36.65,22.66,22.12
2015-10-10,1.64,28.16,21.54,8.01
2015-10-11,0.34,31.27,20.47,18.33
2015-10-12,0.57,32.31,19.53,19.76
2015-10-13,0.36,33.02,17.55,24.76
2015-10-14,0.0,37.86,19.19,27.13
2015-10-15,0.0,38.8,20.02,23.93
2015-10-16,0.12,39.49,22.06,25.49
2015-10-17,1.15,39.56,21.49,26.17
2015-10-18,0.0,35.9,18.38,26.11
2015-10-19,0.0,38.45,17.14,26.28
2015-10-20,0.0,40.38,21.2,25.09
2015-10-21,0.0,40.03,23.17,18.42
2015-10-22,7.46,38.63,24.15,19.88
2015-10-23,2.83,35.72,22.68,11.81
2015-10-24,0.02,35.25,19.22,25.13
2015-10-25,5.04,35.13,19.11,19.56
2015-10-26,17.96,30.74,18.81,15.56
2015-10-27,6.81,31.41,21.1,21.56
2015-10-28,2.62,30.79,21.07,17.09
2015-10-29,0.01,33.43,19.05,27.7
2015-10-30,0.13,34.51,19.22,26.47
2015-10-31,11.79,29.84,22.85,6.38
2015-11-01,26.67,26.31,22.32,11.07
2015-11-02,18.94,28.61,20.96,16.66
2015-11-03,8.2,26.42,21.91,13.09
2015-11-04,18.59,26.31,21.65,20.28
2015-11-05,5.32,29.93,20.62,18.72
2015-11-06,4.35,30.2,19.33,22.35
2015-11-07,0.01,30.33,17.66,12.35
2015-11-08,0.94,29.76,18.94,16.27
2015-11-09,2.1,30.67,20.86,23.31
2015-11-10,0.23,33.46,21.87,25.62
2015-11-11,0.14,32.85,22.38,16.15
2015-11-12,0.04,33.83,22.49,27.91
2015-11-13,3.62,33.18,22.16,24.77
2015-11-14,10.26,29.89,22.61,24.02
2015-11-15,6.79,29.35,22.62,13.18
2015-11-16,20.57,27.81,22.02,22.82
2015-11-17,9.42,29.82,20.88,21.37
2015-11-18,3.44,29.77,21.24,25.72
2015-11-19,11.67,31.11,22.73,23.53
2015-11-20,2.63,27.56,21.75,11.15
2015-11-21,0.0,31.0,19.79,21.09
2015-11-22,0.25,31.86,18.79,24.08
2015-11-23,26.45,30.24,22.72,18.71
2015-11-24,32.25,25.95,21.19,3.59
2015-11-25,7.54,25.31,20.57,4.12
2015-11-26,0.12,30.37,19.58,23.12
2015-11-27,0.01,31.85,18.68,28.04
2015-11-28,9.73,29.82,21.84,22.52
2015-11-29,1.51,30.04,22.08,16.73
2015-11-30,7.44,27.38,19.7,16.96
2015-12-01,0.42,30.97,17.93,22.14
2015-12-02,11.71,29.02,20.85,22.68
2015-12-03,6.36,28.1,20.92,20.3
2015-12-04,4.4,29.03,20.95,26.21
2015-12-05,1.15,27.65,22.42,19.2
2015-12-06,1.6,27.89,21.33,13.92
2015-12-07,6.9,28.35,20.56,19.82
2015-12-08,4.03,29.52,20.51,22.47
2015-12-09,9.48,28.24,21.12,18.07
2015-12-10,8.49,28.24,22.2,11.41
2015-12-11,1.1,27.82,22.15,22.17
2015-12-12,4.12,29.07,21.95,19.41
2015-12-13,0.94,28.37,21.23,14.68
2015-12-14,1.12,30.06,20.78,25.92
2015-12-15,3.6,30.36,21.94,18.25
2015-12-16,2.55,28.21,21.55,13.16
2015-12-17,0.68,32.08,19.3,28.11
2015-12-18,0.28,32.09,21.4,28.61
2015-12-19,1.4,30.03,23.1,20.19
2015-12-20,1.61,28.97,21.94,18.76
2015-12-21,6.57,31.19,20.32,24.63
2015-12-22,2.17,30.48,21.9,26.44
2015-12-23,1.24,30.81,23.09,22.9
2015-12-24,12.23,31.86,22.54,22.4
2015-12-25,26.22,29.81,22.42,19.56
2015-12-26,11.51,26.56,22.19,16.49
2015-12-27,9.41,27.7,21.51,17.39
2015-12-28,30.81,24.98,21.17,16.06
2015-12-29,30.48,26.42,20.92,10.12
2015-12-30,9.93,25.3,21.17,14.99
2015-12-31,7.47,28.4,20.83,16.18
2016-01-01,4.06,25.53,22.42,18.16
2016-01-02,2.0,28.96,21.48,21.18
2016-01-03,14.74,28.68,21.34,12.53
2016-01-04,6.93,29.86,20.1,17.62
2016-01-05,0.35,30.7,19.82,22.8
2016-01-06,0.11,31.39,20.83,23.42
2016-01-07,0.01,30.92,21.18,26.37
2016-01-08,18.54,30.71,21.36,20.32
2016-01-09,19.82,26.68,22.49,9.34
2016-01-10,29.44,26.8,21.76,17.4
2016-01-11,50.59,26.95,22.62,8.19
2016-01-12,55.51,26.91,22.6,8.27
2016-01-13,27.66,29.06,22.66,11.23
2016-01-14,26.41,29.28,22.15,16.1
2016-01-15,10.47,28.94,21.4,13.72
2016-01-16,0.49,29.22,19.75,24.72
2016-01-17,0.0,29.11,16.86,26.94
2016-01-18,0.0,29.29,17.64,27.78
2016-01-19,0.0,29.05,18.13,21.06
2016-01-20,0.01,30.17,18.95,19.8
2016-01-21,0.0,29.18,18.87,28.07
2016-01-22,0.0,29.12,17.75,30.06
2016-01-23,0.01,30.29,17.23,24.11
2016-01-24,4.0,30.28,19.35,24.72
2016-01-25,4.58,30.02,21.08,27.73
2016-01-26,8.68,30.94,21.17,24.89
2016-01-27,8.47,28.64,22.63,17.23
2016-01-28,2.02,28.63,21.23,20.88
2016-01-29,14.13,26.24,21.86,14.35
2016-01-30,9.18,27.89,21.24,17.11
2016-01-31,0.5,30.98,20.84,28.96
2016-02-01,0.5,31.6,21.77,27.04
2016-02-02,0.13,31.89,20.88,28.8
2016-02-03,11.05,30.73,21.91,25.89
2016-02-04,5.24,27.71,21.58,22.24
2016-02-05,0.74,29.27,20.93,24.32
2016-02-06,0.24,30.9,20.87,20.16
2016-02-07,7.88,29.11,21.73,23.3
2016-02-08,4.27,29.59,21.8,22.4
2016-02-09,0.67,31.48,20.88,25.76
2016-02-10,3.05,30.77,21.51,25.86
2016-02-11,12.25,28.79,20.7,21.86
2016-02-12,1.59,30.65,18.73,18.06
2016-02-13,0.02,30.15,18.17,26.85
2016-02-14,0.62,31.87,21.59,24.71
2016-02-15,13.52,27.96,23.24,20.67
2016-02-16,24.31,27.69,22.13,14.89
2016-02-17,1.64,29.51,22.22,21.38
2016-02-18,2.91,30.9,21.58,16.97
2016-02-19,1.5,29.53,23.17,21.01
2016-02-20,24.41,27.66,22.32,22.68
2016-02-21,8.52,27.36,22.01,8.42
2016-02-22,16.92,25.45,21.08,10.93
2016-02-23,9.64,26.05,20.85,13.16
2016-02-24,5.47,28.85,20.31,13.5
2016-02-25,3.97,28.98,20.14,20.35
2016-02-26,6.16,29.5,20.7,19.51
2016-02-27,25.42,26.68,22.44,19.26
2016-02-28,10.71,27.78,22.44,18.7
2016-02-29,6.23,26.63,20.48,11.94
2016-03-01,3.05,25.84,18.96,14.94
2016-03-02,6.98,27.72,19.07,17.7
2016-03-03,20.41,27.3,20.9,14.38
2016-03-04,9.62,28.3,21.41,20.9
2016-03-05,0.99,28.82,20.11,17.95
2016-03-06,2.11,30.13,18.81,21.08
2016-03-07,1.64,28.02,20.89,22.75
2016-03-08,1.31,30.63,20.48,23.3
2016-03-09,3.03,27.91,22.21,21.47
2016-03-10,7.18,29.01,21.92,15.22
2016-03-11,3.22,28.82,20.45,16.4
2016-03-12,0.0,28.15,17.32,24.17
2016-03-13,0.02,29.31,18.85,22.18
2016-03-14,2.13,29.84,18.9,23.61
2016-03-15,12.75,28.91,20.04,18.19
2016-03-16,6.72,27.83,21.05,20.05
2016-03-17,9.53,28.87,19.51,22.24
2016-03-18,0.39,29.82,19.08,24.1
2016-03-19,0.0,31.0,19.53,25.2
2016-03-20,0.01,30.31,17.76,24.66
2016-03-21,0.02,30.6,19.87,23.31
2016-03-22,5.21,30.63,21.01,18.98
2016-03-23,7.07,27.99,21.96,19.95
2016-03-24,4.1,25.67,21.09,16.27
2016-03-25,6.17,27.3,21.04,11.29
2016-03-26,5.5,28.14,20.96,18.23
2016-03-27,0.61,29.7,20.27,17.31
2016-03-28,0.07,29.72,19.58,21.33
2016-03-29,0.01,29.97,19.37,21.01
2016-03-30,0.0,27.36,21.02,15.73
2016-03-31,0.03,29.48,21.16,21.97
2016-04-01,0.0,29.64,19.59,23.09
2016-04-02,0.81,30.74,19.46,22.29
2016-04-03,0.02,31.63,20.21,22.24
2016-04-04,0.0,31.55,19.94,22.06
2016-04-05,0.0,30.43,20.69,22.62
2016-04-06,0.0,30.13,18.77,22.68
2016-04-07,0.0,30.86,19.79,22.72
2016-04-08,0.0,31.31,19.58,22.72
2016-04-09,0.0,31.18,18.87,22.5
2016-04-10,0.0,31.34,19.35,21.66
2016-04-11,0.03,30.72,20.0,20.76
2016-04-12,0.01,30.22,20.25,20.71
2016-04-13,0.17,30.09,21.01,21.7
2016-04-14,0.76,30.28,19.25,20.48
2016-04-15,0.21,30.6,20.23,19.59
2016-04-16,0.0,30.5,19.21,21.51
2016-04-17,0.0,30.08,18.29,21.57
2016-04-18,0.0,30.09,18.72,20.61
2016-04-19,0.0,29.61,17.91,21.47
2016-04-20,0.0,29.95,18.98,20.11
2016-04-21,0.0,29.78,17.57,19.4
2016-04-22,0.0,30.58,19.36,18.91
2016-04-23,0.0,30.05,18.35,18.51
2016-04-24,0.01,28.95,17.93,19.38
2016-04-25,0.36,29.37,18.16,17.53
2016-04-26,31.3,25.0,19.24,4.1
2016-04-27,1.89,21.73,11.05,11.23
2016-04-28,0.03,22.01,8.13,19.59
2016-04-29,0.03,23.25,12.12,7.53
2016-04-30,0.12,22.49,11.98,19.89
2016-05-01,0.01,22.69,10.71,19.19
2016-05-02,0.0,23.22,9.43,20.55
2016-05-03,0.0,25.55,9.63,18.49
2016-05-04,0.0,25.68,11.49,19.24
2016-05-05,0.0,25.93,12.25,18.45
2016-05-06,0.0,26.32,13.63,18.8
2016-05-07,0.01,26.72,14.01,11.07
2016-05-08,0.01,27.91,15.84,14.28
2016-05-09,1.48,28.52,16.75,14.39
2016-05-10,2.25,26.52,17.77,2.74
2016-05-11,4.22,24.61,17.63,12.8
2016-05-12,0.55,26.08,16.48,14.5
2016-05-13,0.01,24.7,15.69,11.08
2016-05-14,0.0,26.0,14.96,17.87
2016-05-15,1.11,27.37,14.14,17.09
2016-05-16,5.18,27.89,18.36,14.58
2016-05-17,0.6,23.3,16.4,12.79
2016-05-18,4.65,23.04,15.17,8.19
2016-05-19,1.18,22.49,16.28,12.16
2016-05-20,11.43,27.94,15.41,15.4
2016-05-21,11.43,25.08,18.57,10.02
2016-05-22,0.62,26.77,17.41,13.29
2016-05-23,0.07,21.29,12.19,12.94
2016-05-24,0.01,21.9,8.76,17.92
2016-05-25,0.02,24.29,11.47,16.61
2016-05-26,0.0,25.57,13.19,16.31
2016-05-27,0.4,24.4,15.23,12.25
2016-05-28,2.87,25.94,14.57,15.86
2016-05-29,6.59,25.38,15.12,4.73
2016-05-30,37.73,23.94,16.47,3.53
2016-05-31,9.98,25.17,16.69,10.87
2016-06-01,17.1,23.41,18.47,13.38
2016-06-02,30.5,23.12,16.19,11.33
2016-06-03,7.68,21.81,13.4,4.45
2016-06-04,5.91,23.14,15.8,7.98
2016-06-05,2.76,26.52,17.63,7.89
2016-06-06,5.15,25.17,17.49,10.84
2016-06-07,1.25,21.61,14.14,7.03
2016-06-08,0.23,20.25,10.05,11.01
2016-06-09,0.14,20.24,6.85,15.49
2016-06-10,0.0,20.78,7.18,12.42
2016-06-11,0.0,19.22,6.29,16.84
2016-06-12,0.0,18.07,4.21,17.0
2016-06-13,0.0,18.69,3.64,16.39
2016-06-14,0.0,22.24,7.41,16.31
2016-06-15,0.0,24.44,10.0,15.46
2016-06-16,0.02,24.87,11.04,16.41
2016-06-17,0.0,24.49,10.68,15.41
2016-06-18,0.0,24.79,10.8,16.4
2016-06-19,0.0,24.48,10.63,16.05
2016-06-20,0.02,23.63,11.05,15.85
2016-06-21,0.01,22.36,11.19,14.46
2016-06-22,5.03,24.45,13.28,13.02
2016-06-23,1.16,24.26,12.96,14.7
2016-06-24,0.01,24.69,13.01,15.62
2016-06-25,0.0,24.99,13.23,15.14
2016-06-26,0.02,24.06,13.19,15.54
2016-06-27,0.0,23.63,10.53,16.44
2016-06-28,0.0,24.1,10.78,14.91
2016-06-29,0.0,25.12,11.64,14.95
2016-06-30,0.0,25.08,13.97,13.17
2016-07-01,0.0,25.63,13.26,12.79
2016-07-02,0.0,25.91,13.41,14.43
2016-07-03,0.0,26.27,12.1,15.81
2016-07-04,0.0,26.21,12.99,16.61
2016-07-05,0.0,26.39,12.06,14.83
2016-07-06,0.0,26.51,14.66,14.1
2016-07-07,0.0,22.11,10.46,17.23
2016-07-08,0.0,22.73,7.08,17.4
2016-07-09,0.0,24.09,8.14,17.33
2016-07-10,0.0,28.1,12.24,16.68
2016-07-11,0.0,28.48,14.15,16.89
2016-07-12,0.02,28.36,13.77,17.03
2016-07-13,0.0,29.1,15.16,16.96
2016-07-14,0.0,28.1,13.92,16.94
2016-07-15,0.0,28.76,16.24,16.66
2016-07-16,5.58,25.95,11.08,6.8
2016-07-17,0.0,19.23,7.66,18.55
2016-07-18,0.0,20.99,3.87,17.41
2016-07-19,0.0,19.29,7.86,16.67
2016-07-20,0.0,23.49,8.59,17.43
2016-07-21,0.02,23.27,10.29,16.2
2016-07-22,0.0,22.71,10.28,17.51
2016-07-23,0.02,25.98,10.07,17.66
2016-07-24,0.0,28.14,11.68,17.28
2016-07-25,0.0,28.43,13.3,18.04
2016-07-26,0.0,28.67,11.94,16.23
2016-07-27,0.0,28.05,14.58,16.95
2016-07-28,0.0,26.13,11.85,16.81
2016-07-29,0.0,25.29,12.01,16.42
2016-07-30,0.0,27.6,13.04,17.01
2016-07-31,0.0,27.54,13.1,17.87
2016-08-01,0.0,27.58,12.69,14.64
2016-08-02,0.0,27.56,14.18,18.21
2016-08-03,0.0,27.32,13.37,18.14
2016-08-04,0.0,28.82,13.46,17.08
2016-08-05,0.0,29.78,14.54,17.81
2016-08-06,0.0,30.28,15.32,19.05
2016-08-07,0.0,30.66,15.36,17.68
2016-08-08,0.0,31.49,15.53,18.26
2016-08-09,0.0,27.97,15.86,14.24
2016-08-10,0.01,25.39,14.21,8.87
2016-08-11,0.0,23.11,9.82,20.3
2016-08-12,0.02,25.23,9.81,20.0
2016-08-13,0.0,28.78,9.79,20.47
2016-08-14,0.0,31.71,13.35,19.71
2016-08-15,0.05,32.02,15.46,11.85
2016-08-16,5.33,29.92,17.05,11.91
2016-08-17,0.0,31.16,15.34,19.43
2016-08-18,0.2,32.74,18.05,18.73
2016-08-19,0.99,33.91,15.98,16.95
2016-08-20,27.9,30.61,19.49,8.92
2016-08-21,3.43,22.43,12.33,10.92
2016-08-22,0.01,20.58,9.08,20.62
2016-08-23,0.0,25.71,8.37,21.57
2016-08-24,0.0,29.73,12.06,21.52
2016-08-25,0.0,30.88,12.77,21.39
2016-08-26,0.0,30.35,13.11,21.82
2016-08-27,0.0,31.14,12.09,20.94
2016-08-28,0.0,33.08,14.17,22.37
2016-08-29,0.03,33.68,16.12,19.36
2016-08-30,9.01,27.54,17.23,11.24
2016-08-31,10.7,20.75,14.55,6.08
2016-09-01,0.0,27.78,12.7,15.8
2016-09-02,0.02,31.01,14.62,20.51
2016-09-03,0.39,30.59,17.57,8.42
2016-09-04,0.61,27.53,17.98,8.76
2016-09-05,0.31,29.97,15.79,14.03
2016-09-06,5.14,23.68,17.71,8.89
2016-09-07,0.03,23.06,13.37,18.75
2016-09-08,0.0,27.19,9.1,22.11
2016-09-09,0.67,29.02,11.49,22.81
2016-09-10,0.0,32.47,14.87,23.1
2016-09-11,0.0,33.41,15.92,23.27
2016-09-12,0.0,34.88,16.22,23.43
2016-09-13,0.0,34.83,18.64,17.24
2016-09-14,0.02,28.14,15.56,10.63
2016-09-15,0.0,30.86,11.62,22.93
2016-09-16,0.02,27.49,14.33,17.81
2016-09-17,0.02,36.02,15.2,20.79
2016-09-18,0.0,36.97,17.96,20.7
2016-09-19,0.54,32.96,19.27,15.83
2016-09-20,0.37,30.45,16.26,16.62
2016-09-21,0.0,27.85,11.2,24.87
2016-09-22,0.0,31.29,13.14,26.29
2016-09-23,0.0,33.91,13.94,24.49
2016-09-24,0.0,32.26,15.38,23.39
2016-09-25,0.0,30.44,15.67,20.18
2016-09-26,0.0,30.44,13.11,25.98
2016-09-27,0.0,31.72,12.5,25.58
2016-09-28,0.0,34.33,12.41,27.33
2016-09-29,0.0,34.89,13.84,27.08
2016-09-30,0.0,32.41,15.2,26.36
2016-10-01,0.0,31.49,15.72,25.15
2016-10-02,0.01,33.07,15.43,26.31
2016-10-03,1.68,33.68,16.33,17.99
2016-10-04,0.44,28.99,16.83,14.88
2016-10-05,0.01,29.96,16.3,21.27
2016-10-06,0.01,29.5,15.26,18.95
2016-10-07,0.0,29.36,11.74,27.91
2016-10-08,0.0,32.78,14.26,27.25
2016-10-09,0.0,34.44,15.75,27.47
2016-10-10,0.01,34.7,16.56,27.51
2016-10-11,3.01,36.52,16.9,22.13
2016-10-12,1.04,28.26,19.36,23.54
2016-10-13,5.84,27.84,20.76,8.52
2016-10-14,26.4,31.61,18.6,5.3
2016-10-15,2.32,32.02,20.62,22.37
2016-10-16,0.01,34.79,20.65,23.33
2016-10-17,0.86,36.99,22.25,26.1
2016-10-18,0.58,37.0,23.1,23.76
2016-10-19,0.01,36.36,22.6,24.84
2016-10-20,4.92,32.86,23.12,12.87
2016-10-21,11.8,30.33,21.94,17.86
2016-10-22,1.22,31.0,18.71,22.26
2016-10-23,3.76,33.27,18.1,23.66
2016-10-24,10.88,33.6,21.1,22.07
2016-10-25,22.03,26.97,21.65,10.18
2016-10-26,4.26,30.4,21.16,21.83
2016-10-27,15.55,27.45,19.17,16.49
2016-10-28,0.0,28.27,15.12,30.42
2016-10-29,0.01,29.05,12.57,29.25
2016-10-30,0.01,31.23,15.09,28.02
2016-10-31,11.94,29.01,17.85,24.32
2016-11-01,1.07,29.62,20.17,20.77
2016-11-02,0.45,31.3,19.5,23.35
2016-11-03,1.05,27.17,20.78,11.54
2016-11-04,0.1,30.74,17.85,19.67
2016-11-05,0.09,32.12,17.02,26.52
2016-11-06,1.73,30.32,18.92,24.25
2016-11-07,0.41,31.49,18.82,28.13
2016-11-08,0.1,32.76,18.85,27.42
2016-11-09,3.55,33.98,20.24,23.78
2016-11-10,0.45,35.26,20.31,26.22
2016-11-11,0.9,35.63,21.31,22.32
2016-11-12,5.47,28.94,18.48,14.85
2016-11-13,13.15,25.1,17.65,7.6
2016-11-14,7.55,26.16,18.42,11.66
2016-11-15,0.05,30.61,17.38,26.48
2016-11-16,0.05,32.29,19.06,25.95
2016-11-17,2.47,33.94,20.57,21.32
2016-11-18,0.17,32.33,16.96,23.12
2016-11-19,0.0,29.42,13.77,31.02
2016-11-20,0.0,32.33,12.07,30.79
2016-11-21,0.41,33.42,14.91,26.49
2016-11-22,8.23,29.52,22.01,22.5
2016-11-23,2.63,31.93,20.42,21.03
2016-11-24,0.03,33.48,20.37,24.48
2016-11-25,1.99,34.58,20.35,24.99
2016-11-26,3.67,30.83,21.78,21.63
2016-11-27,0.72,32.67,21.44,23.28
2016-11-28,3.23,29.5,22.83,22.58
2016-11-29,2.76,30.19,19.29,23.78
2016-11-30,0.23,28.3,17.59,27.46
2016-12-01,0.1,29.68,16.69,21.74
2016-12-02,2.99,30.23,20.03,22.3
2016-12-03,2.66,27.38,21.38,7.34
2016-12-04,0.87,32.89,21.97,17.8
2016-12-05,0.31,34.05,18.56,29.0
2016-12-06,0.01,36.68,18.27,28.51
2016-12-07,3.18,34.34,20.5,26.98
2016-12-08,17.53,29.7,22.32,23.9
2016-12-09,3.24,30.41,20.85,22.23
2016-12-10,6.09,28.4,21.56,16.62
2016-12-11,11.1,28.85,22.29,19.35
2016-12-12,6.22,31.14,22.31,19.2
2016-12-13,3.5,31.21,23.37,18.69
2016-12-14,0.92,32.65,21.78,18.85
2016-12-15,0.09,26.52,18.13,23.71
2016-12-16,0.05,29.77,16.4,20.75
2016-12-17,0.11,31.57,18.9,28.53
2016-12-18,4.02,32.43,19.17,28.34
2016-12-19,7.58,28.4,19.36,18.36
2016-12-20,16.35,28.85,20.01,18.91
2016-12-21,8.2,26.56,21.09,14.72
2016-12-22,3.16,28.94,20.34,21.92
2016-12-23,3.57,30.2,20.37,25.25
2016-12-24,1.27,31.89,21.18,21.36
2016-12-25,6.38,33.26,20.48,29.1
2016-12-26,4.13,33.54,21.12,29.74
2016-12-27,1.28,33.37,22.2,27.35
2016-12-28,3.04,33.83,22.57,12.94
2016-12-29,3.61,30.44,22.7,21.58
2016-12-30,4.61,30.12,22.67,21.78
2016-12-31,1.4,30.08,22.66,27.47
2017-01-01,1.17,33.22,20.68,26.32
2017-01-02,0.22,30.85,21.33,20.61
2017-01-03,4.95,28.09,22.33,26.01
2017-01-04,3.94,32.25,22.21,19.9
2017-01-05,5.2,29.11,21.65,21.92
2017-01-06,2.79,30.2,22.88,25.86
2017-01-07,0.59,33.31,21.79,28.35
2017-01-08,0.87,33.7,22.43,27.46
2017-01-09,8.22,32.33,23.71,22.13
2017-01-10,21.97,29.04,23.07,16.85
2017-01-11,15.09,29.29,22.23,20.2
2017-01-12,8.18,27.98,21.84,16.99
2017-01-13,1.34,28.13,21.29,15.9
2017-01-14,4.78,30.89,19.68,24.47
2017-01-15,11.11,29.28,21.46,24.07
2017-01-16,23.99,26.43,20.94,8.07
2017-01-17,35.44,24.8,20.46,13.32
2017-01-18,20.69,27.2,20.7,15.9
2017-01-19,14.6,25.54,20.51,10.9
2017-01-20,9.62,24.59,19.95,13.51
2017-01-21,1.64,24.87,19.66,12.52
2017-01-22,1.82,26.31,19.32,19.22
2017-01-23,2.88,28.19,20.14,16.96
2017-01-24,14.23,29.31,19.61,21.46
2017-01-25,12.8,27.26,21.68,18.22
2017-01-26,29.8,25.69,21.26,12.04
2017-01-27,5.52,25.5,19.9,10.91
2017-01-28,22.01,25.19,20.1,22.89
2017-01-29,3.81,29.79,20.38,25.73
2017-01-30,0.65,29.7,19.86,23.24
2017-01-31,9.0,25.87,21.55,9.83
2017-02-01,8.02,27.29,20.4,23.84
2017-02-02,10.11,26.63,20.17,22.46
2017-02-03,6.23,26.67,20.71,20.86
2017-02-04,0.64,29.07,19.82,26.54
2017-02-05,5.92,31.12,22.19,23.73
2017-02-06,5.0,29.84,21.91,24.39
2017-02-07,0.68,30.77,22.0,26.62
2017-02-08,0.03,32.02,20.78,27.92
2017-02-09,0.0,30.94,20.05,26.91
2017-02-10,0.0,30.6,19.44,26.5
2017-02-11,0.94,28.63,21.63,23.71
2017-02-12,5.04,28.67,21.64,23.01
2017-02-13,1.88,28.28,21.1,20.09
2017-02-14,0.31,30.03,20.18,24.27
2017-02-15,0.0,30.41,19.02,28.02
2017-02-16,1.0,30.83,20.47,26.79
2017-02-17,15.42,28.74,22.07,25.29
2017-02-18,3.31,29.52,21.8,26.0
2017-02-19,0.09,32.18,21.23,26.82
2017-02-20,0.04,32.18,21.82,27.45
2017-02-21,0.0,31.02,21.99,26.69
2017-02-22,0.0,30.37,20.58,26.43
2017-02-23,4.38,30.9,20.66,24.97
2017-02-24,7.39,26.95,21.09,19.28
2017-02-25,6.37,26.98,19.26,15.56
2017-02-26,14.0,27.36,20.18,20.04
2017-02-27,1.7,28.29,20.48,23.47
2017-02-28,0.03,27.87,20.99,25.59
2017-03-01,0.32,29.14,19.71,21.77
2017-03-02,9.06,26.83,22.3,15.91
2017-03-03,14.38,27.0,20.84,16.27
2017-03-04,3.58,28.58,21.76,20.28
2017-03-05,7.46,27.08,21.25,18.69
2017-03-06,4.31,28.47,22.12,17.72
2017-03-07,1.37,30.47,21.21,21.62
2017-03-08,0.69,30.86,22.04,24.61
2017-03-09,0.13,30.55,21.68,24.74
2017-03-10,0.78,29.99,22.67,23.81
2017-03-11,2.33,30.44,21.47,23.85
2017-03-12,0.45,31.13,22.15,23.68
2017-03-13,5.17,28.98,22.09,19.14
2017-03-14,7.41,29.75,21.14,23.15
2017-03-15,2.11,27.11,21.13,24.35
2017-03-16,0.01,30.2,19.72,24.38
2017-03-17,0.86,30.88,20.16,21.05
2017-03-18,9.14,27.81,19.71,11.14
2017-03-19,0.5,27.65,18.85,14.73
2017-03-20,0.09,28.87,17.43,24.19
2017-03-21,0.02,28.82,16.85,24.76
2017-03-22,0.02,29.71,17.08,22.83
2017-03-23,0.01,29.67,18.35,19.39
2017-03-24,0.0,30.6,18.66,22.69
2017-03-25,0.05,31.07,19.31,23.5
2017-03-26,3.46,30.02,19.62,23.06
2017-03-27,0.18,29.53,18.75,15.54
2017-03-28,0.0,28.29,19.43,21.4
2017-03-29,0.0,28.16,17.29,23.6
2017-03-30,0.0,29.12,16.46,23.54
2017-03-31,0.0,28.18,16.52,23.91
2017-04-01,0.0,27.87,14.32,23.95
2017-04-02,0.0,28.74,15.65,24.42
2017-04-03,0.0,29.88,16.35,19.91
2017-04-04,0.0,31.7,16.52,20.14
2017-04-05,8.25,32.39,19.17,14.48
2017-04-06,10.93,28.99,22.08,12.81
2017-04-07,7.42,29.11,21.51,14.16
2017-04-08,16.73,29.93,20.33,15.15
2017-04-09,0.22,28.93,20.27,18.74
2017-04-10,0.17,30.41,20.3,20.16
2017-04-11,0.14,28.79,21.31,18.35
2017-04-12,1.39,27.02,19.11,15.91
2017-04-13,0.02,28.3,17.15,21.78
2017-04-14,0.0,30.39,17.28,21.44
2017-04-15,0.0,30.88,18.2,21.2
2017-04-16,1.0,30.66,18.17,16.06
2017-04-17,0.38,29.32,19.67,12.45
2017-04-18,0.31,28.65,17.59,20.12
2017-04-19,0.0,28.69,17.65,19.0
2017-04-20,13.67,30.35,18.64,15.08
2017-04-21,27.24,23.81,16.4,7.03
2017-04-22,0.17,25.5,14.56,18.92
2017-04-23,0.05,26.25,14.97,20.22
2017-04-24,0.03,28.3,15.31,20.08
2017-04-25,1.43,29.1,16.96,18.21
2017-04-26,9.53,27.74,20.47,6.56
2017-04-27,24.31,25.9,16.95,11.23
2017-04-28,0.22,24.08,14.75,14.61
2017-04-29,0.01,25.8,14.44,18.81
2017-04-30,0.02,25.62,15.41,18.72
2017-05-01,0.13,25.85,15.42,18.13
2017-05-02,0.04,27.55,16.55,18.0
2017-05-03,0.0,28.47,15.41,18.99
2017-05-04,2.44,27.69,16.16,15.62
2017-05-05,21.23,27.41,17.57,15.02
2017-05-06,5.77,26.16,17.06,16.36
2017-05-07,0.02,26.03,16.13,19.15
2017-05-08,0.05,26.2,15.0,19.64
2017-05-09,0.09,26.57,13.49,18.9
2017-05-10,0.0,27.26,16.61,17.96
2017-05-11,0.0,25.73,16.4,18.04
2017-05-12,0.0,27.51,14.75,17.37
2017-05-13,0.21,28.84,15.57,17.37
2017-05-14,4.24,27.3,18.25,8.77
2017-05-15,0.66,27.6,17.34,14.21
2017-05-16,0.68,23.11,15.79,10.9
2017-05-17,0.54,26.8,14.55,14.58
2017-05-18,15.24,27.32,16.17,4.6
2017-05-19,48.61,25.85,19.74,5.7
2017-05-20,8.06,24.03,19.08,7.62
2017-05-21,28.44,25.39,19.18,6.8
2017-05-22,14.39,27.07,18.05,10.04
2017-05-23,0.06,24.54,14.2,15.56
2017-05-24,0.22,26.63,14.97,15.4
2017-05-25,0.09,27.59,17.54,16.44
2017-05-26,0.01,27.73,18.4,16.57
2017-05-27,0.03,28.32,17.5,14.86
2017-05-28,0.0,26.98,17.52,13.71
2017-05-29,0.02,27.11,15.38,15.13
2017-05-30,0.05,26.87,15.57,14.75
2017-05-31,0.35,25.91,15.82,15.2
2017-06-01,0.42,21.09,12.32,5.67
2017-06-02,0.01,21.29,10.14,17.44
2017-06-03,0.03,24.62,9.32,17.18
2017-06-04,0.16,28.31,13.13,16.29
2017-06-05,4.75,28.47,16.45,10.4
2017-06-06,0.67,28.82,16.9,14.71
2017-06-07,0.28,28.84,16.91,16.14
2017-06-08,0.01,29.0,15.8,15.77
2017-06-09,0.46,20.84,9.92,4.98
2017-06-10,0.0,19.76,6.34,17.19
2017-06-11,0.0,22.23,5.99,17.62
2017-06-12,1.58,21.62,9.94,5.0
2017-06-13,6.2,22.51,13.11,4.96
2017-06-14,0.27,24.56,14.59,15.53
2017-06-15,0.01,25.06,14.2,16.5
2017-06-16,0.02,25.41,12.09,16.33
2017-06-17,0.0,26.67,12.42,16.22
2017-06-18,0.0,26.63,12.49,12.4
2017-06-19,0.0,26.67,15.12,16.34
2017-06-20,0.0,24.69,14.44,11.85
2017-06-21,0.0,25.43,13.21,16.27
2017-06-22,0.0,26.21,13.5,16.31
2017-06-23,0.0,26.09,13.29,16.38
2017-06-24,0.0,25.82,12.97,16.11
2017-06-25,0.0,24.98,12.75,16.5
2017-06-26,0.0,25.43,10.47,16.76
2017-06-27,0.0,25.59,12.1,16.18
2017-06-28,0.0,26.65,11.35,15.94
2017-06-29,0.0,27.2,13.88,14.38
2017-06-30,0.0,25.87,14.21,9.83
2017-07-01,0.0,26.1,13.11,15.57
2017-07-02,0.0,22.25,12.98,15.3
2017-07-03,0.0,21.89,11.58,16.06
2017-07-04,0.0,21.92,8.66,15.91
2017-07-05,0.0,22.97,9.42,14.7
2017-07-06,0.0,23.95,10.14,13.91
2017-07-07,0.02,25.35,10.35,14.27
2017-07-08,0.01,25.46,12.18,10.13
2017-07-09,0.0,26.29,12.16,15.95
2017-07-10,0.0,26.99,11.48,16.39
2017-07-11,0.0,27.87,12.21,16.47
2017-07-12,0.0,28.15,12.05,17.08
2017-07-13,0.0,28.19,12.02,16.97
2017-07-14,0.0,27.99,11.63,17.26
2017-07-15,0.0,27.61,11.31,16.59
2017-07-16,0.0,28.03,11.98,15.28
2017-07-17,0.0,28.73,12.59,17.49
2017-07-18,0.02,18.78,10.13,7.38
2017-07-19,0.0,21.88,8.58,16.45
2017-07-20,0.0,26.96,10.62,16.72
2017-07-21,0.0,27.6,12.66,17.17
2017-07-22,0.0,26.66,11.36,17.85
2017-07-23,0.0,29.09,11.02,17.99
2017-07-24,0.0,28.09,11.94,18.43
2017-07-25,0.0,28.83,11.84,18.07
2017-07-26,0.0,28.46,12.21,18.28
2017-07-27,0.0,28.3,11.62,18.36
2017-07-28,0.02,27.99,12.55,18.53
2017-07-29,0.0,27.9,11.17,18.51
2017-07-30,0.0,27.72,13.12,15.35
2017-07-31,0.0,26.72,11.4,17.81
2017-08-01,0.0,27.35,10.8,12.69
2017-08-02,0.0,29.41,11.98,16.65
2017-08-03,0.52,24.19,12.73,11.9
2017-08-04,0.0,24.23,10.67,16.41
2017-08-05,0.0,25.05,11.67,18.08
2017-08-06,0.0,27.07,11.28,18.9
2017-08-07,0.0,30.26,11.03,19.37
2017-08-08,0.0,31.99,15.31,14.61
2017-08-09,0.0,33.66,17.32,18.39
2017-08-10,0.0,32.98,15.61,19.21
2017-08-11,0.0,30.97,13.37,18.67
2017-08-12,0.0,34.34,14.04,18.8
2017-08-13,1.39,34.61,17.06,15.46
2017-08-14,0.1,29.69,16.27,11.35
2017-08-15,5.09,28.65,15.07,7.93
2017-08-16,8.83,29.19,16.72,7.63
2017-08-17,12.37,24.84,16.6,4.85
2017-08-18,4.24,23.18,16.24,5.42
2017-08-19,1.53,29.57,16.76,8.64
2017-08-20,20.72,28.84,17.52,5.67
2017-08-21,0.27,23.12,13.18,14.73
2017-08-22,0.05,26.98,12.2,19.89
2017-08-23,0.0,30.22,15.04,20.39
2017-08-24,0.0,29.53,15.26,21.11
2017-08-25,0.0,30.53,13.62,19.42
2017-08-26,0.0,31.36,13.85,20.67
2017-08-27,0.0,32.18,13.82,22.19
2017-08-28,0.0,32.64,13.65,22.04
2017-08-29,0.0,34.02,13.71,22.02
2017-08-30,0.0,34.65,14.7,22.37
2017-08-31,0.0,31.77,16.32,22.03
2017-09-01,0.0,32.29,15.32,21.45
2017-09-02,0.0,32.63,15.68,21.9
2017-09-03,0.0,32.75,13.55,23.23
2017-09-04,0.0,32.13,13.33,22.51
2017-09-05,0.0,32.78,12.99,23.65
2017-09-06,0.0,33.41,13.35,23.52
2017-09-07,0.0,34.19,14.42,22.39
2017-09-08,0.0,35.07,14.6,23.87
2017-09-09,0.0,35.14,15.79,21.48
2017-09-10,0.0,35.45,16.13,24.17
2017-09-11,0.0,36.28,18.53,23.91
2017-09-12,0.0,37.09,17.67,23.6
2017-09-13,0.0,36.09,17.08,24.65
2017-09-14,0.06,36.52,18.07,24.85
2017-09-15,0.0,36.76,18.18,23.5
2017-09-16,0.0,37.0,17.02,24.64
2017-09-17,0.0,36.74,16.77,24.65
2017-09-18,0.0,36.22,16.97,24.29
2017-09-19,0.03,36.44,17.69,23.11
2017-09-20,0.0,36.35,17.24,25.01
2017-09-21,0.0,35.75,17.58,25.51
2017-09-22,0.0,35.26,18.0,22.38
2017-09-23,0.0,35.85,20.61,23.8
2017-09-24,0.0,34.78,19.34,22.55
2017-09-25,0.0,34.42,17.41,22.24
2017-09-26,0.0,32.58,16.99,23.49
2017-09-27,0.0,36.05,18.26,23.17
2017-09-28,0.0,36.93,19.34,23.4
2017-09-29,5.7,32.34,19.62,11.37
2017-09-30,6.84,28.23,18.8,5.44
2017-10-01,8.58,31.13,16.72,22.33
2017-10-02,19.4,31.21,16.8,5.78
2017-10-03,2.75,24.32,15.81,19.04
2017-10-04,0.0,30.15,13.53,20.07
2017-10-05,0.01,34.87,16.65,26.1
2017-10-06,0.09,36.02,21.62,19.3
2017-10-07,5.13,30.13,20.82,8.05
2017-10-08,0.56,35.18,18.64,18.98
2017-10-09,0.05,36.91,20.56,20.73
2017-10-10,0.03,37.63,21.03,25.81
2017-10-11,0.02,38.38,23.29,25.08
2017-10-12,2.37,39.02,22.89,25.52
2017-10-13,0.0,39.41,22.02,26.79
2017-10-14,0.03,39.56,21.74,26.55
2017-10-15,0.0,36.14,20.07,26.89
2017-10-16,0.0,36.36,18.0,26.58
2017-10-17,0.0,37.53,19.71,25.53
2017-10-18,0.0,38.11,21.63,26.68
2017-10-19,0.0,37.72,23.93,27.0
2017-10-20,0.26,35.93,23.52,16.96
2017-10-21,0.86,38.29,21.55,14.52
2017-10-22,10.22,29.43,21.3,5.3
2017-10-23,0.43,30.64,19.89,16.0
2017-10-24,0.0,34.4,16.36,26.57
2017-10-25,2.59,34.11,19.85,24.35
2017-10-26,1.7,36.61,21.21,19.73
2017-10-27,7.79,35.65,21.33,19.5
2017-10-28,7.66,32.12,22.16,23.2
2017-10-29,3.85,28.17,21.91,17.89
2017-10-30,14.15,30.3,20.68,7.24
2017-10-31,12.35,30.33,19.48,20.51
2017-11-01,0.04,30.65,15.73,28.8
2017-11-02,0.2,32.79,15.07,28.1
2017-11-03,20.16,31.65,17.95,22.71
2017-11-04,27.53,28.71,21.81,21.92
2017-11-05,2.82,27.6,20.43,9.5
2017-11-06,0.08,24.36,17.84,14.98
2017-11-07,0.0,28.02,16.45,23.71
2017-11-08,9.63,30.91,17.51,19.19
2017-11-09,4.04,28.32,19.59,22.16
2017-11-10,5.3,29.41,19.79,23.28
2017-11-11,1.98,31.66,21.46,22.61
2017-11-12,0.0,31.58,16.68,30.86
2017-11-13,0.03,32.61,14.26,31.46
2017-11-14,0.01,34.19,14.01,30.3
2017-11-15,0.01,35.52,15.91,28.35
2017-11-16,7.42,33.47,21.24,28.46
2017-11-17,1.65,29.74,20.54,22.8
2017-11-18,9.17,28.97,20.24,18.96
2017-11-19,8.6,28.56,21.09,17.64
2017-11-20,0.96,29.65,20.95,21.16
2017-11-21,35.05,29.29,19.74,16.59
2017-11-22,14.29,29.11,20.04,16.28
2017-11-23,0.0,29.78,17.15,27.38
2017-11-24,0.0,32.65,17.92,29.4
2017-11-25,2.23,33.05,18.94,27.88
2017-11-26,7.62,29.69,22.65,15.24
2017-11-27,7.74,30.7,22.1,14.08
2017-11-28,23.04,31.35,19.05,25.14
2017-11-29,0.0,31.6,17.87,30.4
2017-11-30,2.72,29.46,17.23,22.81
2017-12-01,2.7,27.76,18.7,11.04
2017-12-02,0.03,30.38,18.57,17.28
2017-12-03,0.0,32.54,18.28,24.94
2017-12-04,0.09,33.56,19.89,27.65
2017-12-05,1.0,31.89,21.8,22.45
2017-12-06,1.56,31.38,21.39,15.61
2017-12-07,3.66,29.16,21.99,20.13
2017-12-08,1.27,32.67,22.05,23.39
2017-12-09,0.03,33.91,20.28,26.09
2017-12-10,0.01,34.32,20.94,25.89
2017-12-11,0.06,35.67,21.82,28.42
2017-12-12,0.03,32.99,19.3,29.84
2017-12-13,0.01,33.89,19.25,27.29
2017-12-14,0.0,35.46,20.45,28.76
2017-12-15,0.19,35.11,20.93,28.22
2017-12-16,0.04,35.11,21.48,29.02
2017-12-17,1.19,34.26,22.17,26.71
2017-12-18,0.73,34.02,21.92,26.75
2017-12-19,0.91,35.78,22.15,26.96
2017-12-20,7.75,29.49,22.63,18.11
2017-12-21,5.58,26.31,21.28,11.42
2017-12-22,1.42,32.04,20.14,17.55
2017-12-23,2.53,32.04,21.12,18.63
2017-12-24,1.15,29.27,22.28,16.08
2017-12-25,12.32,30.18,21.87,11.91
2017-12-26,6.69,29.24,21.03,22.85
2017-12-27,1.1,30.76,21.81,26.81
2017-12-28,9.07,30.7,21.74,25.66
2017-12-29,9.61,27.6,21.81,18.71
2017-12-30,18.05,26.82,21.46,11.58
2017-12-31,20.6,28.74,21.16,12.97
2018-01-01,4.73,30.72,21.9,21.34
2018-01-02,10.68,27.26,22.66,12.26
2018-01-03,20.1,29.03,22.33,17.97
2018-01-04,0.25,31.86,20.22,27.29
2018-01-05,4.22,32.04,17.77,23.08
2018-01-06,16.46,26.08,21.15,19.59
2018-01-07,0.63,26.15,20.23,13.09
2018-01-08,21.83,25.18,20.0,11.36
2018-01-09,3.67,26.5,20.2,13.04
2018-01-10,2.27,29.93,20.8,18.53
2018-01-11,11.07,26.3,20.44,18.56
2018-01-12,4.9,26.31,19.25,16.0
2018-01-13,1.11,27.81,19.19,21.1
2018-01-14,6.81,27.87,20.24,18.39
2018-01-15,8.54,27.22,20.76,20.26
2018-01-16,10.05,29.64,20.88,19.54
2018-01-17,5.45,30.37,21.9,23.0
2018-01-18,6.96,27.93,22.3,23.86
2018-01-19,3.19,30.7,20.55,26.51
2018-01-20,0.33,29.5,21.57,26.97
2018-01-21,0.01,31.42,20.2,24.79
2018-01-22,0.16,32.37,21.08,26.58
2018-01-23,1.69,30.99,22.32,28.37
2018-01-24,10.15,32.24,20.54,27.06
2018-01-25,4.47,29.81,22.75,22.28
2018-01-26,2.44,29.27,21.46,23.91
2018-01-27,2.99,30.61,20.99,25.47
2018-01-28,1.74,30.46,20.03,22.31
2018-01-29,6.63,28.27,22.2,17.63
2018-01-30,9.69,30.29,20.84,13.83
2018-01-31,0.94,30.63,18.05,25.57
2018-02-01,0.0,30.79,17.47,27.45
2018-02-02,0.0,31.05,18.47,25.05
2018-02-03,0.02,31.3,19.19,27.18
2018-02-04,5.1,30.05,17.85,26.54
2018-02-05,0.73,28.55,18.4,26.47
2018-02-06,0.04,29.84,18.75,25.8
2018-02-07,0.93,30.84,18.95,27.92
2018-02-08,0.01,32.65,19.51,28.71
2018-02-09,2.12,33.51,20.91,23.88
2018-02-10,14.94,27.17,22.27,11.7
2018-02-11,1.57,29.02,21.48,17.81
2018-02-12,0.77,29.57,22.09,21.34
2018-02-13,6.68,30.9,20.18,18.67
2018-02-14,5.69,29.78,19.1,12.04
2018-02-15,1.34,30.73,17.75,14.09
2018-02-16,0.41,30.0,20.27,25.42
2018-02-17,6.75,29.34,20.03,20.95
2018-02-18,19.65,25.96,20.64,13.63
2018-02-19,7.51,27.66,18.84,16.08
2018-02-20,20.7,26.15,20.97,15.45
2018-02-21,11.92,29.18,21.29,22.88
2018-02-22,1.04,29.98,20.65,25.3
2018-02-23,1.31,30.62,20.16,26.46
2018-02-24,0.17,30.87,18.09,25.33
2018-02-25,0.4,31.11,18.32,23.82
2018-02-26,17.32,27.71,19.4,12.9
2018-02-27,15.19,27.09,19.75,10.81
2018-02-28,1.13,29.42,19.67,23.95
2018-03-01,0.89,29.12,22.1,22.55
2018-03-02,1.19,28.95,21.98,20.7
2018-03-03,6.15,27.82,22.22,22.35
2018-03-04,0.52,31.82,21.29,25.34
2018-03-05,0.13,32.14,21.2,21.39
2018-03-06,39.8,30.56,21.17,23.37
2018-03-07,5.38,29.9,22.54,23.47
2018-03-08,0.9,29.96,22.12,19.2
2018-03-09,3.5,30.02,19.92,24.44
2018-03-10,9.17,28.31,20.46,19.39
2018-03-11,0.7,31.13,20.84,23.86
2018-03-12,0.0,32.0,21.42,24.23
2018-03-13,0.02,32.5,21.79,21.05
2018-03-14,7.85,29.91,24.14,23.28
2018-03-15,2.26,29.48,22.64,21.64
2018-03-16,2.84,30.11,23.34,20.9
2018-03-17,3.91,31.11,23.5,24.04
2018-03-18,0.21,31.77,21.24,24.65
2018-03-19,0.31,31.78,21.88,22.81
2018-03-20,17.63,29.04,23.03,16.9
2018-03-21,16.19,28.67,22.04,21.47
2018-03-22,0.96,30.54,20.35,23.65
2018-03-23,0.04,31.47,20.65,23.32
2018-03-24,0.02,30.11,21.47,23.5
2018-03-25,4.1,28.05,20.43,20.11
2018-03-26,4.2,28.45,21.44,11.2
2018-03-27,5.1,28.56,20.9,17.04
2018-03-28,0.19,28.55,20.11,21.61
2018-03-29,0.08,29.46,19.41,23.01
2018-03-30,0.51,29.58,20.38,21.9
2018-03-31,1.59,27.39,20.85,9.31
2018-04-01,6.98,26.13,20.47,11.87
2018-04-02,1.21,28.21,20.14,15.39
2018-04-03,4.18,28.11,20.08,14.42
2018-04-04,0.14,29.0,19.12,18.27
2018-04-05,0.0,29.86,18.37,21.81
2018-04-06,0.0,30.07,18.23,22.93
2018-04-07,0.0,30.33,18.01,22.87
2018-04-08,0.0,30.11,18.22,21.1
2018-04-09,0.0,30.35,19.31,20.66
2018-04-10,0.0,30.14,19.19,21.21
2018-04-11,0.0,30.28,18.62,21.66
2018-04-12,0.01,28.32,16.33,19.11
2018-04-13,0.0,30.6,15.97,21.71
2018-04-14,0.0,30.13,19.09,17.29
2018-04-15,0.07,25.19,19.5,10.26
2018-04-16,0.0,28.54,17.8,16.27
2018-04-17,0.04,27.62,17.71,18.31
2018-04-18,0.03,29.28,16.97,19.92
2018-04-19,0.0,30.0,15.33,19.41
2018-04-20,0.0,27.45,17.13,20.35
2018-04-21,0.0,26.57,14.89,20.88
2018-04-22,0.0,30.23,13.53,19.52
2018-04-23,0.0,29.35,16.23,19.17
2018-04-24,0.0,30.94,16.34,19.51
2018-04-25,0.0,31.47,16.99,19.33
2018-04-26,0.0,31.66,17.46,18.57
2018-04-27,0.0,32.02,17.5,18.12
2018-04-28,0.0,32.2,18.02,18.53
2018-04-29,0.0,32.07,17.69,18.8
2018-04-30,0.0,32.29,17.97,18.87
2018-05-01,0.0,32.56,18.64,18.86
2018-05-02,0.02,32.13,17.34,18.58
2018-05-03,0.0,32.24,16.12,19.5
2018-05-04,0.0,32.67,16.72,17.87
2018-05-05,0.0,32.92,18.5,17.22
2018-05-06,0.18,28.81,20.33,16.4
2018-05-07,0.33,29.47,17.97,18.05
2018-05-08,0.0,29.44,17.23,18.14
2018-05-09,0.0,29.82,16.74,17.74
2018-05-10,0.0,30.49,15.12,18.22
2018-05-11,0.0,30.5,17.57,15.74
2018-05-12,0.0,28.72,17.96,13.43
2018-05-13,0.0,29.32,18.01,14.24
2018-05-14,0.0,30.87,16.81,16.84
2018-05-15,2.99,31.16,17.93,13.29
2018-05-16,1.75,29.76,16.99,10.41
2018-05-17,0.2,30.29,17.46,15.37
2018-05-18,5.99,30.57,17.49,14.85
2018-05-19,2.68,28.36,14.19,6.66
2018-05-20,0.03,21.32,9.22,18.79
2018-05-21,0.83,23.0,8.08,18.84
2018-05-22,0.0,25.51,7.74,18.71
2018-05-23,0.0,26.94,8.37,18.05
2018-05-24,0.0,28.65,12.98,17.3
2018-05-25,0.0,27.83,14.32,15.65
2018-05-26,0.01,28.77,13.75,16.98
2018-05-27,0.02,28.49,13.52,16.84
2018-05-28,0.0,28.15,12.67,17.04
2018-05-29,0.0,27.27,12.07,14.19
2018-05-30,0.0,27.36,14.14,15.95
2018-05-31,0.0,28.14,13.2,16.82
2018-06-01,0.0,28.84,12.99,13.88
2018-06-02,0.0,30.08,15.78,12.67
2018-06-03,0.81,28.62,17.47,12.4
2018-06-04,0.01,26.14,14.73,10.65
2018-06-05,0.08,28.7,15.53,11.77
2018-06-06,0.03,27.37,16.56,10.86
2018-06-07,0.06,27.8,17.6,10.09
2018-06-08,0.0,24.79,13.64,11.12
2018-06-09,0.0,27.9,13.18,14.84
2018-06-10,0.0,32.04,17.09,12.21
2018-06-11,0.0,30.41,18.57,14.19
2018-06-12,2.77,32.12,18.51,13.87
2018-06-13,3.36,28.94,20.37,8.51
2018-06-14,0.05,26.54,16.56,13.23
2018-06-15,0.05,24.49,14.39,13.71
2018-06-16,0.0,23.47,14.47,13.01
2018-06-17,0.0,27.48,13.14,15.11
2018-06-18,0.0,27.44,14.47,15.04
2018-06-19,0.0,28.03,14.19,15.49
2018-06-20,0.0,28.9,13.98,15.55
2018-06-21,0.0,28.55,13.93,14.45
2018-06-22,0.0,28.66,17.73,12.45
2018-06-23,0.0,29.71,16.41,14.35
2018-06-24,0.0,30.2,17.66,11.51
2018-06-25,0.0,30.49,17.3,15.44
2018-06-26,0.0,32.02,16.93,16.02
2018-06-27,0.0,31.88,17.86,15.34
2018-06-28,0.0,31.82,14.98,15.28
2018-06-29,0.0,30.84,15.69,14.6
2018-06-30,0.0,30.91,15.32,15.93
2018-07-01,0.0,30.99,15.34,15.89
2018-07-02,0.0,31.55,15.26,16.27
2018-07-03,0.0,31.7,16.53,16.5
2018-07-04,0.0,31.48,15.1,15.72
2018-07-05,0.0,32.13,15.2,16.01
2018-07-06,0.0,31.39,15.34,16.24
2018-07-07,0.0,30.55,14.81,15.75
2018-07-08,0.0,30.93,17.3,16.56
2018-07-09,0.0,29.96,16.54,13.38
2018-07-10,0.06,24.8,11.87,14.56
2018-07-11,0.0,22.72,8.45,17.2
2018-07-12,0.0,24.46,8.44,15.91
2018-07-13,0.0,24.52,9.37,14.56
2018-07-14,0.0,31.17,13.86,17.09
2018-07-15,0.0,32.18,14.27,17.5
2018-07-16,0.0,32.65,14.25,17.21
2018-07-17,0.0,32.05,13.63,17.44
2018-07-18,0.0,31.69,14.07,16.95
2018-07-19,0.0,32.09,16.21,17.46
2018-07-20,0.0,32.81,14.88,17.72
2018-07-21,0.0,31.69,15.42,15.61
2018-07-22,0.0,31.45,14.96,14.39
2018-07-23,0.0,31.85,16.06,17.01
2018-07-24,0.0,30.6,14.74,16.18
2018-07-25,0.0,29.87,14.88,16.28
2018-07-26,0.0,30.82,14.83,16.67
2018-07-27,0.0,31.42,15.2,17.72
2018-07-28,0.0,32.58,15.27,17.89
2018-07-29,0.0,33.32,17.38,17.72
2018-07-30,0.25,31.91,19.42,16.2
2018-07-31,1.06,29.42,17.84,15.77
2018-08-01,0.56,23.45,13.53,9.73
2018-08-02,4.32,28.13,14.72,11.99
2018-08-03,14.87,26.75,16.63,8.41
2018-08-04,21.19,24.03,16.36,12.05
2018-08-05,0.79,23.9,15.44,9.81
2018-08-06,9.33,22.99,15.78,3.45
2018-08-07,0.22,26.24,13.22,12.19
2018-08-08,9.6,27.17,12.58,8.6
2018-08-09,0.65,27.74,11.98,13.27
2018-08-10,0.0,21.74,6.9,18.81
2018-08-11,0.02,24.1,6.5,20.89
2018-08-12,0.0,25.87,7.29,19.65
2018-08-13,0.0,28.52,10.13,20.86
2018-08-14,0.04,30.98,11.16,20.34
2018-08-15,0.02,31.76,11.38,17.67
2018-08-16,0.0,26.06,14.15,13.5
2018-08-17,0.0,27.76,14.87,19.12
2018-08-18,0.0,28.24,14.5,19.86
2018-08-19,0.0,30.27,13.51,18.73
2018-08-20,0.0,32.13,15.31,21.22
2018-08-21,0.06,32.22,14.32,20.26
2018-08-22,0.63,30.6,15.83,10.64
2018-08-23,0.02,33.1,15.96,19.59
2018-08-24,2.39,34.36,18.81,10.54
2018-08-25,13.25,28.93,16.8,8.35
2018-08-26,0.0,26.84,12.77,21.24
2018-08-27,0.0,29.13,11.59,21.86
2018-08-28,0.0,31.32,13.78,21.37
2018-08-29,0.0,31.41,14.27,22.01
2018-08-30,0.0,32.49,16.47,22.01
2018-08-31,0.0,34.15,17.03,22.54
2018-09-01,0.0,34.93,18.36,21.87
2018-09-02,0.21,35.88,18.23,18.66
2018-09-03,1.28,21.7,13.07,10.55
2018-09-04,0.02,25.09,10.05,16.8
2018-09-05,0.0,25.72,11.61,23.79
2018-09-06,0.0,30.35,10.51,23.21
2018-09-07,0.0,34.4,12.06,23.56
2018-09-08,0.0,34.39,13.51,23.47
2018-09-09,0.0,34.16,14.48,24.15
2018-09-10,0.0,33.3,14.61,23.5
2018-09-11,0.0,33.44,14.79,23.1
2018-09-12,0.0,33.87,15.45,22.38
2018-09-13,1.67,36.13,16.66,21.49
2018-09-14,4.49,33.63,17.99,5.79
2018-09-15,1.07,28.54,17.44,10.8
2018-09-16,1.71,29.5,17.44,15.0
2018-09-17,16.41,24.5,16.85,6.15
2018-09-18,0.2,27.83,19.12,11.18
2018-09-19,16.22,28.2,19.84,19.92
2018-09-20,14.75,30.31,20.28,9.21
2018-09-21,0.47,29.62,20.25,21.95
2018-09-22,0.01,33.24,18.55,25.21
2018-09-23,0.0,34.83,15.99,25.15
2018-09-24,0.0,36.21,16.43,24.9
2018-09-25,0.19,37.0,16.43,22.09
2018-09-26,3.2,35.07,20.31,18.53
2018-09-27,1.86,32.47,21.14,12.07
2018-09-28,1.71,30.16,21.18,19.53
2018-09-29,0.02,31.56,20.6,20.2
2018-09-30,14.81,25.17,20.34,3.82
2018-10-01,0.25,31.32,20.14,21.05
2018-10-02,0.0,35.27,19.69,20.82
2018-10-03,4.41,35.42,22.28,22.52
2018-10-04,1.22,32.68,21.17,22.43
2018-10-05,0.09,33.0,19.08,23.18
2018-10-06,0.14,32.16,16.3,23.13
2018-10-07,27.9,32.29,17.93,14.14
2018-10-08,16.3,27.55,20.94,9.22
2018-10-09,20.12,29.88,20.49,16.45
2018-10-10,7.37,29.25,22.21,17.53
2018-10-11,3.18,29.41,20.26,19.64
2018-10-12,0.0,31.71,19.05,25.43
2018-10-13,4.33,30.72,21.74,14.34
2018-10-14,9.69,29.64,21.65,19.22
2018-10-15,5.0,29.73,20.45,21.11
2018-10-16,0.97,32.33,18.16,19.27
2018-10-17,6.53,27.99,22.38,20.99
2018-10-18,18.68,32.21,22.17,22.88
2018-10-19,3.89,28.04,19.02,19.49
2018-10-20,0.0,27.9,16.34,28.12
2018-10-21,0.0,29.38,14.29,27.05
2018-10-22,0.0,31.55,14.63,27.04
2018-10-23,4.75,31.84,19.9,25.35
2018-10-24,8.28,26.33,19.62,11.91
2018-10-25,15.07,27.78,18.5,8.26
2018-10-26,6.14,28.45,19.88,15.28
2018-10-27,3.62,29.24,20.66,14.6
2018-10-28,0.0,28.84,17.37,27.58
2018-10-29,0.0,29.29,14.24,25.3
2018-10-30,0.0,32.85,15.86,26.29
2018-10-31,0.39,31.93,18.23,23.46
2018-11-01,0.65,29.07,21.55,18.73
2018-11-02,0.08,32.33,19.03,23.13
2018-11-03,10.11,33.16,20.29,26.41
2018-11-04,5.19,28.0,19.5,14.37
2018-11-05,11.14,29.14,16.89,21.28
2018-11-06,3.7,29.96,18.2,22.7
2018-11-07,20.51,28.13,18.71,7.3
2018-11-08,8.76,22.78,17.76,10.18
2018-11-09,1.07,26.19,18.27,12.26
2018-11-10,1.41,29.93,17.85,17.91
2018-11-11,0.43,31.4,20.19,25.86
2018-11-12,0.08,33.19,20.52,28.39
2018-11-13,0.0,33.57,20.93,27.36
2018-11-14,0.16,32.46,22.17,25.75
2018-11-15,0.28,30.92,23.91,27.04
2018-11-16,0.6,29.89,21.17,27.05
2018-11-17,2.42,31.34,19.37,22.02
2018-11-18,25.1,25.98,21.07,17.16
2018-11-19,12.52,25.79,17.51,12.29
2018-11-20,0.01,27.32,16.14,15.26
2018-11-21,0.15,30.04,16.6,24.13
2018-11-22,4.9,29.37,18.93,19.98
2018-11-23,19.63,28.59,20.39,7.11
2018-11-24,4.73,28.38,21.52,16.85
2018-11-25,21.22,29.5,20.25,21.21
2018-11-26,0.13,29.96,18.83,23.23
2018-11-27,0.03,29.7,16.4,28.46
2018-11-28,0.0,30.99,18.62,29.63
2018-11-29,0.05,32.07,19.21,23.8
2018-11-30,4.01,29.94,20.67,19.03
2018-12-01,13.36,27.21,21.68,15.9
2018-12-02,2.79,30.13,20.42,22.01
2018-12-03,0.19,30.64,17.95,27.64
2018-12-04,0.0,31.44,18.2,27.25
2018-12-05,0.01,32.53,21.69,26.27
2018-12-06,0.0,34.25,19.8,29.13
2018-12-07,0.04,33.99,19.2,28.33
2018-12-08,0.01,29.89,17.09,31.09
2018-12-09,0.0,31.35,14.91,29.34
2018-12-10,0.0,32.12,18.32,29.45
2018-12-11,0.0,33.97,19.26,29.45
2018-12-12,0.1,35.63,19.17,27.62
2018-12-13,0.81,35.82,22.05,30.11
2018-12-14,0.6,34.86,21.15,27.8
2018-12-15,10.88,33.59,22.28,23.34
2018-12-16,1.45,34.71,22.6,29.1
2018-12-17,1.37,36.18,23.23,28.35
2018-12-18,1.68,35.76,23.53,24.02
2018-12-19,1.59,34.54,23.64,15.39
2018-12-20,0.06,34.36,22.8,29.45
2018-12-21,1.52,35.11,24.34,26.17
2018-12-22,5.22,32.9,22.71,26.79
2018-12-23,2.08,32.88,23.32,20.03
2018-12-24,4.87,32.03,22.45,18.11
2018-12-25,3.16,29.72,21.17,17.64
2018-12-26,5.78,30.04,20.35,15.52
2018-12-27,1.24,31.08,21.46,24.02
2018-12-28,18.26,29.62,20.03,23.28
2018-12-29,9.58,26.87,22.9,23.15
2018-12-30,10.15,32.27,21.03,22.69
2018-12-31,2.06,33.66,22.12,26.77
2019-01-01,2.78,31.82,20.82,23.9
2019-01-02,2.17,32.68,21.71,25.46
2019-01-03,1.72,32.65,22.06,21.2
2019-01-04,32.55,27.68,23.39,17.47
2019-01-05,5.76,26.16,20.39,13.68
2019-01-06,3.5,29.28,21.12,18.18
2019-01-07,0.6,32.2,20.7,29.06
2019-01-08,0.16,32.07,22.45,27.54
2019-01-09,0.23,31.95,22.48,26.83
2019-01-10,0.63,30.04,22.54,27.59
2019-01-11,0.82,31.76,20.96,25.62
2019-01-12,10.92,29.86,22.7,24.87
2019-01-13,5.46,31.22,21.77,25.14
2019-01-14,6.43,31.18,22.21,26.62
2019-01-15,1.04,32.06,23.05,21.49
2019-01-16,6.58,30.55,23.96,22.99
2019-01-17,7.42,32.26,21.55,24.2
2019-01-18,1.24,32.48,22.66,25.56
2019-01-19,3.04,32.64,21.9,25.43
2019-01-20,3.25,32.75,21.47,27.46
2019-01-21,0.25,31.65,22.26,28.74
2019-01-22,0.01,35.48,23.27,26.74
2019-01-23,0.23,34.66,23.38,26.04
2019-01-24,5.77,29.56,23.37,18.56
2019-01-25,6.06,33.27,22.37,24.55
2019-01-26,1.24,30.64,21.56,23.61
2019-01-27,1.22,31.34,20.07,19.98
2019-01-28,0.0,35.47,20.26,29.14
2019-01-29,0.0,37.37,20.74,29.25
2019-01-30,0.01,36.95,22.36,27.86
2019-01-31,5.74,36.97,22.5,27.23
2019-02-01,2.26,37.06,22.46,27.07
2019-02-02,0.16,37.76,24.87,25.7
2019-02-03,0.08,37.56,22.95,26.42
2019-02-04,1.04,33.03,21.63,20.44
2019-02-05,0.02,34.05,19.83,14.67
2019-02-06,16.04,30.63,20.41,14.89
2019-02-07,1.55,33.13,19.52,26.96
2019-02-08,0.0,34.97,18.87,28.88
2019-02-09,0.01,36.45,20.3,27.62
2019-02-10,6.72,36.71,22.24,23.52
2019-02-11,9.53,32.5,24.23,22.58
2019-02-12,17.59,29.69,23.47,11.99
2019-02-13,1.81,28.0,20.55,15.86
2019-02-14,7.88,29.17,18.13,19.37
2019-02-15,11.2,28.06,19.45,13.16
2019-02-16,6.67,26.03,20.83,14.02
2019-02-17,0.63,29.07,20.33,21.43
2019-02-18,4.95,28.06,21.13,20.41
2019-02-19,6.98,30.04,20.11,20.62
2019-02-20,2.19,30.0,21.14,13.16
2019-02-21,2.62,29.77,21.26,14.41
2019-02-22,3.57,30.78,21.98,21.5
2019-02-23,2.91,29.68,21.18,19.93
2019-02-24,4.84,31.26,21.91,20.21
2019-02-25,5.35,28.87,22.22,22.32
2019-02-26,10.5,28.63,22.51,12.92
2019-02-27,12.59,28.1,20.59,15.14
2019-02-28,9.99,25.84,20.87,11.9
2019-03-01,19.22,27.76,20.14,14.33
2019-03-02,1.68,26.86,21.57,16.23
2019-03-03,4.57,29.22,20.75,21.49
2019-03-04,4.77,29.21,20.33,16.23
2019-03-05,1.06,30.07,20.62,23.16
2019-03-06,1.68,31.17,20.08,25.13
2019-03-07,8.12,29.36,21.22,21.72
2019-03-08,1.57,30.73,20.79,22.98
2019-03-09,4.12,30.29,22.75,23.53
2019-03-10,19.34,28.5,22.41,21.13
2019-03-11,0.29,30.78,20.61,17.85
2019-03-12,0.52,29.5,20.62,23.6
2019-03-13,7.26,28.61,21.54,19.85
2019-03-14,16.6,27.51,22.11,18.26
2019-03-15,14.15,29.44,21.43,19.39
2019-03-16,4.85,29.51,21.16,19.43
2019-03-17,2.85,29.73,21.81,20.22
2019-03-18,5.18,29.08,22.16,18.16
2019-03-19,2.18,29.02,22.09,23.19
2019-03-20,23.92,27.46,22.36,21.33
2019-03-21,3.54,27.16,19.18,12.28
2019-03-22,0.0,27.31,17.94,16.7
2019-03-23,0.0,29.09,18.52,23.93
2019-03-24,0.0,30.47,18.49,23.22
2019-03-25,0.0,30.85,18.06,23.14
2019-03-26,0.0,31.95,19.55,22.71
2019-03-27,0.01,30.9,20.66,21.64
2019-03-28,0.0,31.01,19.94,22.92
2019-03-29,0.0,29.98,19.29,22.66
2019-03-30,0.0,30.02,18.14,23.66
2019-03-31,0.0,30.92,18.4,23.59
2019-04-01,0.0,31.34,19.04,21.24
2019-04-02,0.0,31.71,17.72,16.39
2019-04-03,0.0,30.17,19.56,16.81
2019-04-04,0.0,33.05,20.47,14.5
2019-04-05,2.82,30.65,22.31,16.97
2019-04-06,16.45,30.63,22.11,19.02
2019-04-07,8.33,27.24,22.31,11.56
2019-04-08,5.62,29.1,20.77,11.93
2019-04-09,0.1,28.23,17.53,12.25
2019-04-10,0.01,28.79,16.6,20.93
2019-04-11,0.02,29.54,17.68,21.01
2019-04-12,0.68,30.43,17.48,19.75
2019-04-13,2.62,29.82,18.76,15.7
2019-04-14,3.27,28.81,20.89,8.79
2019-04-15,0.8,31.06,19.08,19.14
2019-04-16,0.1,30.21,20.17,18.52
2019-04-17,0.0,31.12,19.93,21.03
2019-04-18,0.0,30.89,16.31,21.43
2019-04-19,0.0,30.87,14.39,22.02
2019-04-20,0.0,31.47,15.32,21.58
2019-04-21,0.0,32.84,16.77,19.55
2019-04-22,0.26,32.73,18.15,16.7
2019-04-23,0.52,32.48,20.49,15.13
2019-04-24,1.76,32.56,20.6,19.03
2019-04-25,0.58,33.26,20.61,18.22
2019-04-26,0.11,33.27,20.2,18.99
2019-04-27,0.1,33.22,20.52,18.56
2019-04-28,7.53,31.56,20.77,14.65
2019-04-29,0.38,30.31,16.25,16.03
2019-04-30,0.02,30.09,16.6,18.82
2019-05-01,0.02,30.52,16.6,14.31
2019-05-02,0.0,31.82,19.08,15.55
2019-05-03,0.65,32.39,20.05,15.12
2019-05-04,0.14,30.84,21.39,12.71
2019-05-05,0.1,28.37,20.88,16.7
2019-05-06,0.1,31.86,19.77,16.99
2019-05-07,0.96,32.18,20.92,14.82
2019-05-08,0.04,30.25,19.12,17.86
2019-05-09,0.13,31.3,18.49,17.23
2019-05-10,0.49,32.62,19.45,15.15
2019-05-11,4.91,32.27,21.06,12.25
2019-05-12,0.29,32.1,21.06,16.07
2019-05-13,0.0,31.53,20.77,16.42
2019-05-14,0.0,31.11,17.61,14.94
2019-05-15,0.01,26.7,17.27,13.51
2019-05-16,0.01,25.14,18.06,12.72
2019-05-17,1.1,23.76,17.78,13.26
2019-05-18,5.68,26.34,16.68,14.04
2019-05-19,0.09,27.86,16.46,14.2
2019-05-20,0.08,28.6,14.92,17.11
2019-05-21,0.03,29.74,14.44,17.4
2019-05-22,0.04,29.66,15.16,17.62
2019-05-23,0.04,30.27,15.41,15.72
2019-05-24,1.08,23.29,14.84,4.8
2019-05-25,0.01,23.57,11.32,17.73
2019-05-26,0.09,27.21,11.81,18.19
2019-05-27,0.02,30.7,11.0,16.96
2019-05-28,0.0,31.99,13.87,15.79
2019-05-29,4.21,30.93,17.57,14.91
2019-05-30,0.0,32.18,17.46,15.83
2019-05-31,0.0,31.76,17.15,14.26
2019-06-01,0.17,31.6,17.37,15.67
2019-06-02,8.94,29.55,16.88,13.87
2019-06-03,1.78,24.87,17.58,6.76
2019-06-04,0.02,24.68,12.15,13.49
2019-06-05,0.01,24.04,9.79,17.47
2019-06-06,0.06,26.6,11.91,16.77
2019-06-07,0.0,28.04,10.59,16.82
2019-06-08,0.04,27.03,13.25,15.13
2019-06-09,0.04,27.99,11.19,16.96
2019-06-10,0.01,28.57,12.31,16.6
2019-06-11,0.0,29.33,12.9,15.24
2019-06-12,0.0,29.66,13.44,15.85
2019-06-13,0.0,29.99,14.94,14.96
2019-06-14,0.0,30.75,15.96,16.14
2019-06-15,0.0,30.34,14.75,16.26
2019-06-16,0.0,29.96,14.21,16.06
2019-06-17,0.0,29.37,13.63,14.24
2019-06-18,0.01,29.36,13.38,15.88
2019-06-19,0.0,29.49,14.48,14.48
2019-06-20,0.0,30.25,14.99,15.93
2019-06-21,0.0,29.47,16.4,15.0
2019-06-22,0.01,29.58,14.83,15.87
2019-06-23,0.0,29.22,14.6,16.14
2019-06-24,0.0,29.64,13.62,16.29
2019-06-25,0.0,30.46,14.01,15.44
2019-06-26,0.02,30.99,16.13,14.12
2019-06-27,0.06,29.85,18.55,8.5
2019-06-28,0.02,32.12,18.11,15.64
2019-06-29,0.03,31.76,16.58,15.71
2019-06-30,0.0,31.61,15.94,16.32
2019-07-01,0.0,31.49,15.6,15.8
2019-07-02,0.01,31.13,16.01,13.93
2019-07-03,0.04,30.79,17.23,14.93
2019-07-04,16.42,24.81,18.69,8.47
2019-07-05,7.43,22.02,11.97,7.42
2019-07-06,0.0,18.69,5.84,17.59
2019-07-07,0.05,19.91,4.65,17.42
2019-07-08,0.03,24.17,6.42,16.71
2019-07-09,0.03,26.71,7.48,17.26
2019-07-10,0.01,27.26,8.05,17.25
2019-07-11,0.04,27.53,9.94,17.08
2019-07-12,0.0,28.84,9.87,16.66
2019-07-13,0.0,29.12,13.3,16.26
2019-07-14,0.0,29.86,16.26,16.61
2019-07-15,0.26,30.51,16.9,14.74
2019-07-16,0.88,27.49,12.26,15.51
2019-07-17,0.01,23.33,8.58,17.39
2019-07-18,0.02,25.84,10.39,15.8
2019-07-19,0.0,26.79,13.41,13.73
2019-07-20,0.0,27.63,11.58,17.26
2019-07-21,0.0,27.68,12.42,16.11
2019-07-22,0.01,27.82,14.61,12.01
2019-07-23,0.09,30.05,14.38,17.65
2019-07-24,0.0,30.88,14.44,17.82
2019-07-25,0.0,31.78,15.49,13.42
2019-07-26,0.0,31.3,15.08,13.96
2019-07-27,0.0,31.37,17.77,16.16
2019-07-28,0.0,29.84,14.1,17.98
2019-07-29,0.0,30.26,14.73,15.33
2019-07-30,0.46,30.49,17.91,13.32
2019-07-31,0.01,30.71,14.59,18.39
2019-08-01,0.0,33.02,12.98,18.55
2019-08-02,0.15,32.83,17.84,15.14
2019-08-03,1.11,23.51,13.73,9.15
2019-08-04,2.71,18.49,12.01,2.49
2019-08-05,2.96,24.07,11.04,12.1
2019-08-06,1.98,27.34,13.86,11.47
2019-08-07,0.02,29.55,15.16,18.53
2019-08-08,0.0,31.62,15.67,19.12
2019-08-09,0.0,32.57,15.38,19.43
2019-08-10,0.0,33.27,16.43,19.31
2019-08-11,0.0,34.23,15.99,19.36
2019-08-12,0.0,34.58,15.64,19.6
2019-08-13,0.0,33.99,18.26,18.07
2019-08-14,0.0,26.29,12.89,17.7
2019-08-15,0.0,29.02,11.79,19.78
2019-08-16,0.0,30.29,12.34,20.06
2019-08-17,0.0,31.69,13.6,20.11
2019-08-18,0.0,33.0,16.92,17.13
2019-08-19,0.1,30.02,17.46,11.6
2019-08-20,0.0,30.68,16.04,14.85
2019-08-21,0.0,30.6,14.33,19.84
2019-08-22,0.0,29.0,13.74,20.18
2019-08-23,0.83,28.67,12.75,19.89
2019-08-24,0.01,28.9,12.64,21.11
2019-08-25,0.0,31.19,12.74,20.42
2019-08-26,0.0,33.29,13.42,21.27
2019-08-27,0.0,33.37,16.0,17.3
2019-08-28,0.0,32.67,17.42,18.78
2019-08-29,0.0,33.1,16.43,19.46
2019-08-30,0.0,34.9,17.97,21.08
2019-08-31,0.51,37.17,22.31,19.67
2019-09-01,12.31,34.69,19.51,11.21
2019-09-02,2.6,30.5,16.44,15.61
2019-09-03,2.03,33.08,19.62,14.7
2019-09-04,0.16,33.37,19.06,17.02
2019-09-05,0.1,28.73,16.21,20.17
2019-09-06,0.32,31.67,14.9,21.01
2019-09-07,0.03,35.71,17.31,22.35
2019-09-08,0.3,36.75,19.81,22.02
2019-09-09,0.0,36.97,19.75,22.9
2019-09-10,0.0,38.16,19.7,21.7
2019-09-11,0.0,39.86,21.89,22.69
2019-09-12,0.0,40.24,24.65,22.94
2019-09-13,0.0,37.09,20.45,22.05
2019-09-14,0.0,37.09,18.53,21.21
2019-09-15,0.0,39.4,21.48,22.29
2019-09-16,0.0,39.2,22.12,22.65
2019-09-17,0.0,40.08,22.57,23.62
2019-09-18,0.0,39.87,22.0,20.93
2019-09-19,0.31,38.54,22.79,17.1
2019-09-20,2.48,37.51,23.49,11.34
2019-09-21,0.92,35.95,19.49,18.94
2019-09-22,0.0,30.01,17.5,19.72
2019-09-23,0.0,31.75,15.95,24.18
2019-09-24,0.34,33.49,16.31,22.16
2019-09-25,9.74,22.84,17.62,3.5
2019-09-26,5.89,28.43,16.36,8.9
2019-09-27,0.06,30.99,16.09,24.25
2019-09-28,0.11,31.32,14.36,24.94
2019-09-29,0.06,32.92,13.89,26.0
2019-09-30,0.05,34.77,14.29,26.35
2019-10-01,0.0,37.24,15.91,25.93
2019-10-02,0.0,39.23,19.12,23.79
2019-10-03,0.0,38.91,20.87,24.32
2019-10-04,0.0,38.34,17.37,26.87
2019-10-05,0.0,38.78,19.29,25.47
2019-10-06,2.47,37.94,21.21,22.11
2019-10-07,0.03,32.25,19.14,19.94
2019-10-08,1.3,29.89,19.68,10.75
2019-10-09,0.24,31.36,19.08,17.84
2019-10-10,0.0,33.87,18.52,22.55
2019-10-11,0.0,36.2,21.25,26.04
2019-10-12,0.5,37.58,21.13,25.17
2019-10-13,0.11,38.9,23.19,24.43
2019-10-14,4.62,39.67,23.51,25.2
2019-10-15,0.37,36.48,21.34,20.59
2019-10-16,0.13,36.61,19.69,25.41
2019-10-17,0.1,38.64,20.99,23.91
2019-10-18,3.63,36.69,24.8,21.81
2019-10-19,6.57,35.84,21.24,22.0
2019-10-20,0.82,34.49,19.57,17.07
2019-10-21,4.56,29.16,17.26,15.16
2019-10-22,11.46,27.93,21.23,12.0
2019-10-23,0.02,33.22,17.69,25.96
2019-10-24,0.0,35.07,18.52,28.35
2019-10-25,0.0,37.12,19.48,28.49
2019-10-26,0.0,38.08,19.56,27.83
2019-10-27,1.35,37.9,21.11,27.98
2019-10-28,6.35,33.74,23.32,12.49
2019-10-29,1.4,34.86,22.01,28.06
2019-10-30,1.48,37.14,23.45,27.63
2019-10-31,0.15,38.1,22.35,27.47
2019-11-01,0.09,38.29,21.15,28.28
2019-11-02,0.04,37.97,21.69,28.68
2019-11-03,0.02,39.69,24.75,27.81
2019-11-04,0.2,40.78,26.36,26.67
2019-11-05,0.58,38.77,25.39,25.51
2019-11-06,6.79,35.84,22.26,14.69
2019-11-07,0.05,33.36,20.06,18.55
2019-11-08,2.72,32.02,22.21,14.52
2019-11-09,1.36,33.06,21.6,14.22
2019-11-10,14.04,29.89,21.84,11.59
2019-11-11,0.37,33.81,21.49,25.86
2019-11-12,0.0,34.85,20.24,26.01
2019-11-13,9.37,32.26,21.24,17.85
2019-11-14,10.24,28.89,22.96,18.94
2019-11-15,6.74,29.6,21.66,14.97
2019-11-16,0.07,32.49,17.02,29.27
2019-11-17,0.0,34.17,16.66,30.28
2019-11-18,0.0,35.7,16.06,29.9
2019-11-19,0.01,35.6,18.92,27.63
2019-11-20,0.17,35.24,20.91,25.44
2019-11-21,0.73,35.98,21.03,27.51
2019-11-22,2.41,34.72,21.9,24.91
2019-11-23,0.72,37.3,22.19,24.99
2019-11-24,2.36,28.07,19.32,20.82
2019-11-25,0.0,34.85,15.23,29.14
2019-11-26,9.58,33.86,18.29,22.95
2019-11-27,18.51,32.07,23.42,12.59
2019-11-28,13.95,27.94,19.24,15.39
2019-11-29,0.44,31.73,16.84,20.35
2019-11-30,23.58,32.11,19.8,18.7
2019-12-01,2.5,31.93,21.23,20.05
2019-12-02,0.06,30.45,20.62,25.55
2019-12-03,0.0,32.71,16.81,25.73
2019-12-04,2.66,30.66,19.9,20.7
2019-12-05,7.31,29.94,21.97,14.29
2019-12-06,5.6,32.08,22.4,16.39
2019-12-07,0.17,33.15,19.38,24.52
2019-12-08,0.08,34.83,19.68,28.06
2019-12-09,3.18,33.69,22.12,16.1
2019-12-10,2.86,30.4,22.91,15.66
2019-12-11,10.01,27.5,21.91,8.63
2019-12-12,1.71,28.8,19.97,19.76
2019-12-13,2.75,29.19,21.36,21.32
2019-12-14,8.78,28.62,21.25,17.66
2019-12-15,2.17,29.9,21.75,21.52
2019-12-16,9.92,30.45,21.86,23.73
2019-12-17,23.56,30.14,21.12,21.24
2019-12-18,7.01,28.38,21.86,15.87
2019-12-19,21.28,28.23,20.01,19.21
2019-12-20,3.46,28.27,20.43,17.33
2019-12-21,7.58,29.43,21.04,20.26
2019-12-22,9.66,27.72,21.76,13.81
2019-12-23,4.09,30.27,21.02,13.71
2019-12-24,0.1,31.73,19.1,27.64
2019-12-25,0.38,32.23,19.16,26.92
2019-12-26,0.14,34.55,19.61,28.74
2019-12-27,0.67,34.73,20.55,29.58
2019-12-28,1.43,33.73,20.9,27.77
2019-12-29,0.11,36.51,21.54,28.41
2019-12-30,0.39,34.91,21.72,28.46
2019-12-31,2.57,34.71,22.03,27.42
2020-01-01,1.71,31.8,23.67,25.52
2020-01-02,3.59,32.5,23.08,19.1
2020-01-03,4.05,32.23,20.76,14.97
2020-01-04,1.98,32.33,19.15,21.22
2020-01-05,5.33,31.27,20.79,19.3
2020-01-06,1.34,33.75,21.47,26.58
2020-01-07,1.11,34.26,22.08,18.21
2020-01-08,5.39,30.25,23.4,14.71
2020-01-09,9.82,29.94,22.95,20.6
2020-01-10,3.2,31.78,22.52,24.18
2020-01-11,6.38,30.93,24.07,19.43
2020-01-12,6.76,30.39,23.44,17.64
2020-01-13,4.67,31.3,21.77,17.99
2020-01-14,0.03,33.79,20.25,24.45
2020-01-15,1.93,35.49,20.92,29.49
2020-01-16,5.55,34.99,24.07,27.23
2020-01-17,0.13,32.96,21.43,17.61
2020-01-18,0.09,31.28,19.3,24.56
2020-01-19,0.01,35.14,20.0,24.84
2020-01-20,0.3,34.57,21.74,27.04
2020-01-21,0.01,36.06,19.63,26.37
2020-01-22,4.14,33.91,20.3,19.01
2020-01-23,24.46,28.2,20.45,8.52
2020-01-24,0.72,30.45,20.73,22.72
2020-01-25,0.05,31.16,17.38,29.6
2020-01-26,0.02,33.87,18.32,29.26
2020-01-27,0.04,35.01,20.08,29.62
2020-01-28,0.04,35.92,20.51,28.33
2020-01-29,0.47,34.99,22.59,22.61
2020-01-30,46.52,26.27,23.16,17.21
2020-01-31,6.53,27.69,22.66,17.83
2020-02-01,14.46,28.67,22.28,14.1
2020-02-02,5.53,29.28,21.82,18.7
2020-02-03,11.33,27.59,21.21,17.05
2020-02-04,4.46,28.16,20.8,19.26
2020-02-05,1.83,29.26,21.23,19.78
2020-02-06,4.03,28.57,20.67,18.05
2020-02-07,8.41,25.98,21.27,13.8
2020-02-08,0.34,29.84,18.62,24.12
2020-02-09,21.47,29.42,20.92,17.34
2020-02-10,35.06,28.58,20.87,12.46
2020-02-11,12.68,27.7,18.9,14.36
2020-02-12,0.0,28.34,18.37,15.01
2020-02-13,0.0,29.73,17.34,26.42
2020-02-14,0.0,31.03,18.4,27.49
2020-02-15,0.07,32.03,19.23,25.81
2020-02-16,0.45,32.76,20.8,23.88
2020-02-17,0.57,32.11,21.94,23.83
2020-02-18,0.82,31.85,23.03,26.69
2020-02-19,0.61,32.08,22.5,20.91
2020-02-20,7.02,28.62,23.71,19.02
2020-02-21,9.98,30.38,22.63,12.66
2020-02-22,8.44,30.24,19.31,19.6
2020-02-23,2.83,28.21,17.27,21.53
2020-02-24,2.96,29.86,18.4,10.74
2020-02-25,11.62,27.14,20.1,16.66
2020-02-26,40.75,28.93,21.85,10.3
2020-02-27,1.19,28.3,18.78,15.87
2020-02-28,0.02,28.14,16.77,22.49
2020-02-29,0.16,29.61,17.96,18.74
2020-03-01,0.16,29.65,18.62,18.05
2020-03-02,0.67,29.13,18.9,24.19
2020-03-03,0.75,28.91,17.39,22.52
2020-03-04,0.02,30.44,18.06,27.15
2020-03-05,0.31,30.56,18.28,27.21
2020-03-06,0.17,30.34,16.97,27.18
2020-03-07,0.69,30.82,15.83,27.33
2020-03-08,0.0,30.61,17.56,26.51
2020-03-09,0.01,32.36,18.67,25.42
2020-03-10,0.24,33.01,19.34,25.31
2020-03-11,0.26,33.96,19.88,25.08
2020-03-12,0.01,35.19,20.24,25.1
2020-03-13,0.0,35.59,19.26,25.99
2020-03-14,0.04,35.0,20.85,24.82
2020-03-15,0.25,34.38,20.7,23.09
2020-03-16,1.92,33.66,21.78,22.59
2020-03-17,0.76,34.03,22.86,23.55
2020-03-18,0.9,34.11,22.01,19.33
2020-03-19,14.57,31.41,23.04,15.13
2020-03-20,7.56,28.11,21.93,16.27
2020-03-21,3.2,30.28,20.36,16.67
2020-03-22,0.52,30.3,17.96,23.77
2020-03-23,1.53,29.56,17.05,23.84
2020-03-24,0.18,30.28,16.62,24.04
2020-03-25,0.01,30.42,16.03,23.37
2020-03-26,0.06,30.17,15.97,22.9
2020-03-27,0.05,29.1,17.63,22.12
2020-03-28,0.14,32.49,18.29,20.22
2020-03-29,27.82,28.36,20.71,7.8
2020-03-30,1.15,29.99,20.65,21.07
2020-03-31,0.08,30.91,19.56,22.91
2020-04-01,0.02,32.09,19.26,23.21
2020-04-02,0.13,32.32,19.39,20.69
2020-04-03,0.27,32.92,17.5,19.17
2020-04-04,0.0,30.9,13.86,23.53
2020-04-05,0.02,32.47,15.53,23.17
2020-04-06,0.02,34.71,17.1,22.88
2020-04-07,15.52,28.95,21.66,13.71
2020-04-08,0.42,29.95,18.61,21.15
2020-04-09,0.0,28.99,15.56,22.75
2020-04-10,0.02,29.67,14.2,22.5
2020-04-11,0.02,30.64,15.52,21.39
2020-04-12,0.0,30.94,15.73,19.98
2020-04-13,0.77,31.67,15.77,21.65
2020-04-14,6.01,28.92,16.05,8.91
2020-04-15,0.51,26.08,16.54,16.88
2020-04-16,0.0,28.87,11.74,21.21
2020-04-17,0.49,30.33,13.69,21.46
2020-04-18,0.8,27.42,15.48,20.72
2020-04-19,1.12,30.17,16.24,18.83
2020-04-20,0.01,30.32,16.48,19.85
2020-04-21,0.0,30.95,16.06,20.4
2020-04-22,0.0,30.72,14.95,21.38
2020-04-23,0.15,31.12,15.22,20.92
2020-04-24,0.07,31.98,16.4,20.26
2020-04-25,0.03,32.87,18.24,19.7
2020-04-26,0.0,33.02,16.46,20.32
2020-04-27,0.34,31.01,16.59,20.28
2020-04-28,0.67,30.35,16.11,20.24
2020-04-29,0.0,30.89,14.48,20.48
2020-04-30,0.01,31.91,15.71,18.85
2020-05-01,0.01,33.03,16.8,19.56
2020-05-02,0.02,32.74,16.9,19.09
2020-05-03,0.24,29.55,15.94,19.61
2020-05-04,0.12,29.42,14.1,19.82
2020-05-05,0.02,29.97,13.19,17.07
2020-05-06,0.01,31.67,18.64,12.4
2020-05-07,0.0,25.6,14.73,13.75
2020-05-08,0.0,27.1,11.8,19.48
2020-05-09,0.07,29.45,12.17,19.57
2020-05-10,0.0,29.54,12.33,19.17
2020-05-11,0.0,30.04,13.53,18.83
2020-05-12,0.02,31.0,13.31,13.81
2020-05-13,0.02,28.01,15.84,6.38
2020-05-14,5.65,27.04,17.74,8.18
2020-05-15,0.48,27.61,16.0,10.54
2020-05-16,0.02,28.75,14.25,17.86
2020-05-17,0.03,29.21,12.25,18.58
2020-05-18,0.02,30.45,10.8,18.65
2020-05-19,0.02,30.46,13.49,17.85
2020-05-20,0.0,29.19,15.82,14.41
2020-05-21,0.0,30.6,15.98,17.09
2020-05-22,0.75,31.5,15.72,15.45
2020-05-23,18.28,22.37,13.6,4.67
2020-05-24,0.0,20.33,10.9,7.21
2020-05-25,0.0,22.12,8.08,17.63
2020-05-26,0.02,23.13,7.18,17.74
2020-05-27,0.0,25.58,7.17,18.35
2020-05-28,0.0,25.68,7.67,18.46
2020-05-29,0.0,28.12,8.17,16.93
2020-05-30,0.01,27.55,8.98,17.95
2020-05-31,0.01,26.9,11.54,17.28
2020-06-01,0.0,29.2,11.91,16.76
2020-06-02,1.61,27.43,13.82,7.74
2020-06-03,1.2,28.76,16.74,9.02
2020-06-04,0.06,30.7,15.61,11.13
2020-06-05,0.91,30.47,17.45,10.55
2020-06-06,3.33,29.45,18.48,10.3
2020-06-07,1.66,24.24,16.42,9.47
2020-06-08,0.2,30.35,16.78,14.92
2020-06-09,2.61,31.63,18.68,8.21
2020-06-10,0.06,32.05,18.46,13.53
2020-06-11,0.02,31.87,17.53,15.47
2020-06-12,0.01,31.84,17.61,15.51
2020-06-13,0.0,31.53,16.49,16.35
2020-06-14,0.07,29.35,16.35,15.45
2020-06-15,0.01,29.74,14.85,15.65
2020-06-16,0.11,29.06,14.86,15.73
2020-06-17,0.0,28.77,15.37,14.68
2020-06-18,0.01,28.51,14.4,13.71
2020-06-19,0.01,29.42,15.62,16.47
2020-06-20,0.0,30.79,14.54,15.72
2020-06-21,0.0,31.32,17.77,16.09
2020-06-22,0.0,30.79,15.15,16.45
2020-06-23,0.0,28.9,14.59,13.79
2020-06-24,0.05,30.47,13.39,14.32
2020-06-25,2.13,30.19,16.85,15.36
2020-06-26,24.72,27.41,18.63,8.69
2020-06-27,10.58,21.74,14.0,3.4
2020-06-28,0.04,23.58,11.81,12.58
2020-06-29,0.1,26.46,12.76,13.71
2020-06-30,0.07,27.15,16.47,15.53
2020-07-01,2.35,22.08,10.4,12.72
2020-07-02,0.08,22.23,6.99,16.92
2020-07-03,0.03,23.88,8.34,16.8
2020-07-04,0.03,27.4,9.32,17.09
2020-07-05,0.0,30.11,12.72,14.6
2020-07-06,0.0,31.51,15.44,15.16
2020-07-07,0.0,31.33,16.11,16.47
2020-07-08,0.01,30.23,14.6,15.74
2020-07-09,0.34,27.85,13.98,13.45
2020-07-10,0.01,27.87,12.29,16.7
2020-07-11,0.0,30.91,16.32,15.46
2020-07-12,0.0,31.12,15.57,15.94
2020-07-13,0.02,31.56,17.5,16.26
2020-07-14,0.01,31.05,18.92,14.88
2020-07-15,0.0,29.45,14.82,16.46
2020-07-16,0.01,30.49,13.34,16.3
2020-07-17,0.0,31.02,17.43,16.73
2020-07-18,0.0,30.76,15.24,16.26
2020-07-19,0.0,29.27,14.57,17.31
2020-07-20,0.0,30.08,13.33,17.68
2020-07-21,0.0,31.06,14.0,18.03
2020-07-22,0.0,31.54,14.83,17.71
2020-07-23,0.0,31.46,14.26,17.83
2020-07-24,0.0,30.84,14.17,18.18
2020-07-25,0.0,31.88,14.77,18.28
2020-07-26,0.0,31.65,14.6,17.59
2020-07-27,0.0,31.87,16.0,17.83
2020-07-28,0.0,32.8,17.8,16.94
2020-07-29,0.05,30.83,16.71,17.21
2020-07-30,0.06,27.49,13.34,17.02
2020-07-31,0.0,30.07,13.86,16.86
2020-08-01,0.58,29.47,14.49,17.67
2020-08-02,0.47,30.04,13.94,18.38
2020-08-03,0.07,30.21,12.55,19.09
2020-08-04,0.0,30.34,12.67,19.56
2020-08-05,0.0,30.7,12.36,19.71
2020-08-06,0.0,30.57,12.26,19.06
2020-08-07,0.0,30.07,11.65,19.8
2020-08-08,0.0,30.34,12.71,16.82
2020-08-09,0.0,30.4,16.44,19.09
2020-08-10,0.0,31.63,15.33,19.57
2020-08-11,0.0,32.11,15.88,16.52
2020-08-12,0.0,33.01,16.29,19.09
2020-08-13,0.0,34.82,19.63,16.2
2020-08-14,0.0,31.15,19.5,17.86
2020-08-15,0.02,34.48,19.86,17.33
2020-08-16,12.55,26.5,19.77,7.81
2020-08-17,8.63,30.25,18.33,6.32
2020-08-18,9.13,28.82,18.9,14.97
2020-08-19,0.42,32.32,18.34,17.16
2020-08-20,0.41,25.15,15.52,12.69
2020-08-21,2.51,18.94,10.2,2.28
2020-08-22,0.04,22.09,8.1,19.1
2020-08-23,0.01,25.76,10.28,21.56
2020-08-24,0.01,28.2,11.58,21.23
2020-08-25,0.0,27.56,10.4,22.08
2020-08-26,0.43,28.84,9.91,22.02
2020-08-27,0.03,31.84,10.17,22.55
2020-08-28,0.08,33.62,12.87,22.45
2020-08-29,0.0,34.05,15.81,22.37
2020-08-30,0.0,35.24,16.87,21.66
2020-08-31,0.77,35.06,16.95,21.91
2020-09-01,2.44,33.67,17.17,21.18
2020-09-02,0.02,33.66,18.24,21.26
2020-09-03,0.02,34.65,18.3,22.07
2020-09-04,0.69,36.79,17.67,22.91
2020-09-05,0.29,36.47,17.76,23.39
2020-09-06,0.0,36.07,16.68,23.12
2020-09-07,0.0,36.24,17.56,22.57
2020-09-08,0.0,36.88,17.83,22.75
2020-09-09,0.11,38.1,18.37,23.16
2020-09-10,0.0,38.29,19.64,21.79
2020-09-11,0.0,39.05,20.65,22.56
2020-09-12,0.0,38.26,21.72,22.08
2020-09-13,0.1,37.7,20.14,22.0
2020-09-14,0.0,36.4,18.73,20.04
2020-09-15,0.0,35.2,19.44,20.96
2020-09-16,0.0,36.75,17.83,23.16
2020-09-17,0.0,38.89,20.29,21.85
2020-09-18,0.0,36.9,20.22,14.4
2020-09-19,0.1,35.87,22.45,9.07
2020-09-20,2.18,34.39,19.45,8.84
2020-09-21,0.23,29.88,17.96,11.55
2020-09-22,1.39,27.57,15.13,13.54
2020-09-23,0.17,32.31,15.86,21.16
2020-09-24,0.3,34.4,16.95,25.38
2020-09-25,0.0,36.75,17.77,25.6
2020-09-26,0.0,38.55,18.99,26.14
2020-09-27,0.03,40.03,20.4,24.29
2020-09-28,0.63,40.03,23.82,22.63
2020-09-29,2.57,40.07,23.37,24.22
2020-09-30,0.01,42.1,22.87,24.12
2020-10-01,0.0,41.87,24.43,23.1
2020-10-02,0.0,41.93,27.03,24.65
2020-10-03,0.0,40.23,23.39,22.45
2020-10-04,0.0,40.66,20.74,23.2
2020-10-05,0.0,42.57,21.27,24.51
2020-10-06,0.0,42.8,24.48,23.4
2020-10-07,0.0,43.17,25.37,21.14
2020-10-08,1.47,40.37,26.74,14.39
2020-10-09,0.99,39.93,23.47,13.48
2020-10-10,3.69,35.87,19.85,17.77
2020-10-11,0.04,34.99,16.27,23.61
2020-10-12,0.0,37.08,16.73,25.29
2020-10-13,0.01,38.98,18.32,24.29
2020-10-14,0.0,38.7,22.8,21.45
2020-10-15,7.53,31.82,21.46,12.02
2020-10-16,0.02,31.03,18.26,13.89
2020-10-17,4.43,32.09,16.98,26.19
2020-10-18,0.05,33.95,18.23,21.17
2020-10-19,2.78,32.59,21.49,7.26
2020-10-20,8.19,31.72,20.66,14.49
2020-10-21,2.96,29.15,20.98,21.08
2020-10-22,0.02,35.02,19.26,25.15
2020-10-23,2.09,34.16,20.12,24.43
2020-10-24,5.62,29.69,20.81,14.47
2020-10-25,0.27,34.27,19.85,24.91
2020-10-26,0.04,34.84,19.13,21.45
2020-10-27,0.09,35.04,21.54,22.44
2020-10-28,0.0,36.41,17.09,29.32
2020-10-29,11.61,31.05,21.56,18.11
2020-10-30,7.14,30.02,18.88,16.59
2020-10-31,0.12,29.52,17.11,19.04
2020-11-01,0.0,29.85,14.87,27.01
2020-11-02,0.0,29.64,12.76,30.0
2020-11-03,0.0,30.8,12.68,27.14
2020-11-04,0.11,32.65,13.26,29.81
2020-11-05,0.01,33.54,15.07,29.26
2020-11-06,0.0,33.84,15.2,30.27
2020-11-07,0.0,37.17,14.69,30.38
2020-11-08,0.0,38.77,16.99,29.62
2020-11-09,0.52,39.55,20.18,17.17
2020-11-10,1.3,31.39,21.45,15.72
2020-11-11,3.2,32.65,22.34,18.15
2020-11-12,0.28,32.22,21.57,23.26
2020-11-13,3.6,30.18,22.53,22.38
2020-11-14,2.43,30.71,21.69,25.77
2020-11-15,0.17,36.54,20.38,25.28
2020-11-16,0.17,37.19,22.4,27.67
2020-11-17,5.37,36.23,24.21,21.82
2020-11-18,13.75,31.56,20.19,16.47
2020-11-19,6.77,32.16,19.28,17.71
2020-11-20,0.08,31.97,16.02,30.39
2020-11-21,0.24,32.79,15.38,31.23
2020-11-22,0.04,34.42,15.95,31.54
2020-11-23,0.0,35.28,17.17,31.61
2020-11-24,0.02,35.85,18.73,27.66
2020-11-25,1.18,36.72,20.6,29.74
2020-11-26,0.41,36.71,21.0,28.95
2020-11-27,1.41,36.44,21.68,27.17
2020-11-28,8.0,33.86,22.09,24.48
2020-11-29,0.12,36.87,20.85,28.68
2020-11-30,2.43,37.14,22.57,24.97
2020-12-01,6.82,35.56,22.71,23.69
2020-12-02,1.9,31.86,21.91,23.29
2020-12-03,4.92,34.29,21.11,11.83
2020-12-04,1.99,35.98,21.14,25.72
2020-12-05,10.39,34.5,22.21,19.43
2020-12-06,11.72,31.94,20.81,17.69
2020-12-07,12.37,30.98,21.33,12.66
2020-12-08,4.78,31.52,21.24,23.79
2020-12-09,0.15,34.19,21.21,26.57
2020-12-10,0.23,33.35,19.77,24.88
2020-12-11,0.63,29.52,20.08,15.42
2020-12-12,11.19,30.56,19.43,16.17
2020-12-13,4.05,29.32,20.49,22.81
2020-12-14,1.18,32.79,21.84,19.82
2020-12-15,3.37,31.29,22.34,24.64
2020-12-16,7.75,30.87,22.18,22.88
2020-12-17,8.34,30.76,22.05,21.86
2020-12-18,0.12,33.35,21.58,28.37
2020-12-19,0.69,34.82,22.33,19.38
2020-12-20,1.94,34.7,23.21,25.8
2020-12-21,0.26,35.74,23.2,25.2
2020-12-22,1.07,34.66,23.7,23.7
2020-12-23,0.33,35.01,20.94,25.95
2020-12-24,0.02,34.96,19.81,28.41
2020-12-25,1.41,35.13,18.6,27.43
2020-12-26,2.05,33.53,18.89,23.08
2020-12-27,28.2,27.67,22.0,18.87
2020-12-28,10.06,30.11,21.27,19.95
2020-12-29,8.45,30.37,20.98,22.59
2020-12-30,0.28,32.2,21.08,27.94
2020-12-31,2.93,30.92,21.68,17.77
2021-01-01,5.56,29.72,21.7,19.01
2021-01-02,2.41,32.36,21.51,22.0
2021-01-03,4.59,32.93,19.15,28.08
2021-01-04,0.75,33.22,19.03,26.68
2021-01-05,0.24,33.46,21.24,24.88
2021-01-06,4.03,32.55,22.26,18.57
2021-01-07,1.19,32.32,22.81,20.42
2021-01-08,0.14,32.13,22.29,24.59
2021-01-09,0.08,35.78,21.71,27.16
2021-01-10,0.51,34.31,22.49,22.21
2021-01-11,0.19,35.16,23.28,23.17
2021-01-12,2.27,30.19,24.26,20.48
2021-01-13,3.45,32.03,23.13,19.05
2021-01-14,5.24,29.88,22.45,17.59
2021-01-15,4.79,31.9,21.01,16.71
2021-01-16,21.9,30.26,21.13,16.15
2021-01-17,6.89,29.31,21.28,14.04
2021-01-18,8.49,30.48,20.84,18.29
2021-01-19,1.27,30.69,22.16,17.46
2021-01-20,0.38,31.7,21.34,20.32
2021-01-21,0.21,33.45,21.78,26.27
2021-01-22,0.0,34.09,21.64,28.82
2021-01-23,0.24,34.58,22.3,28.42
2021-01-24,2.44,32.89,21.84,17.2
2021-01-25,14.43,29.25,21.68,15.85
2021-01-26,2.02,31.96,20.63,21.61
2021-01-27,2.14,31.95,21.57,21.46
2021-01-28,2.73,32.36,21.04,25.32
2021-01-29,3.84,32.98,21.29,23.32
2021-01-30,0.06,35.59,21.23,21.48
2021-01-31,4.48,35.42,21.91,19.48
2021-02-01,1.81,32.86,21.84,22.2
2021-02-02,5.65,35.56,21.71,25.83
2021-02-03,0.59,35.57,22.21,27.49
2021-02-04,0.51,33.91,23.0,21.5
2021-02-05,0.69,34.97,22.73,20.47
2021-02-06,0.0,34.46,19.48,28.71
2021-02-07,0.0,33.38,19.58,28.29
2021-02-08,0.09,33.1,18.42,28.16
2021-02-09,0.68,33.8,18.15,27.43
2021-02-10,0.46,34.69,20.13,25.25
2021-02-11,5.71,29.22,20.47,10.67
2021-02-12,1.55,28.38,20.06,13.01
2021-02-13,1.06,31.61,20.99,20.71
2021-02-14,11.25,30.24,20.21,16.41
2021-02-15,4.19,30.49,20.65,20.01
2021-02-16,0.76,34.06,19.82,25.14
2021-02-17,5.12,31.67,21.39,15.17
2021-02-18,0.39,34.1,20.28,26.03
2021-02-19,0.0,34.93,17.06,29.78
2021-02-20,0.02,36.55,18.78,28.61
2021-02-21,0.08,36.54,20.67,25.35
2021-02-22,0.1,36.62,21.28,25.45
2021-02-23,0.01,36.97,21.1,25.65
2021-02-24,2.21,37.22,22.53,22.52
2021-02-25,3.6,34.39,22.9,24.21
2021-02-26,2.93,29.73,20.64,20.23
2021-02-27,4.75,31.23,20.91,22.51
2021-02-28,20.46,27.06,20.18,12.23
2021-03-01,2.83,28.38,19.94,18.7
2021-03-02,5.64,28.73,21.11,15.4
2021-03-03,3.02,30.39,20.98,9.59
2021-03-04,6.52,30.3,20.62,12.9
2021-03-05,7.47,27.23,20.93,11.95
2021-03-06,8.99,26.88,20.97,16.53
2021-03-07,5.32,28.08,20.41,20.63
2021-03-08,2.46,30.06,20.53,22.74
2021-03-09,0.97,30.6,19.86,24.46
2021-03-10,0.43,31.49,19.1,25.37
2021-03-11,1.01,32.95,20.12,24.46
2021-03-12,0.05,34.63,19.63,25.04
2021-03-13,0.38,31.91,20.8,24.71
2021-03-14,0.71,35.17,19.77,23.96
2021-03-15,1.26,33.6,20.39,24.13
2021-03-16,1.43,34.84,21.34,24.74
2021-03-17,1.88,33.08,22.66,19.66
2021-03-18,13.93,30.31,21.89,9.04
2021-03-19,1.5,32.92,20.42,19.34
2021-03-20,0.21,34.08,20.59,23.03
2021-03-21,0.04,33.08,21.93,23.5
2021-03-22,0.0,35.24,19.24,23.65
2021-03-23,0.01,35.99,20.31,20.42
2021-03-24,0.01,36.55,21.88,22.94
2021-03-25,0.01,36.2,21.19,23.29
2021-03-26,0.46,35.63,23.2,21.96
2021-03-27,7.9,33.72,24.07,18.31
2021-03-28,0.02,35.37,21.57,22.63
2021-03-29,0.05,35.92,21.08,22.8
2021-03-30,0.18,34.78,20.53,23.34
2021-03-31,0.0,33.27,19.34,20.14
2021-04-01,0.0,31.99,16.28,20.61
2021-04-02,0.28,32.24,17.1,24.15
2021-04-03,0.18,33.4,16.37,22.91
2021-04-04,0.0,33.21,17.69,22.8
2021-04-05,0.21,32.92,18.88,21.28
2021-04-06,1.26,31.59,19.7,15.74
2021-04-07,0.06,32.29,19.39,20.07
2021-04-08,0.01,34.01,20.3,22.15
2021-04-09,0.06,32.8,17.37,23.01
2021-04-10,0.03,33.73,16.53,22.87
2021-04-11,0.05,33.68,16.96,23.15
2021-04-12,0.0,34.74,18.35,21.93
2021-04-13,0.05,29.52,20.66,17.21
2021-04-14,0.0,31.77,16.41,21.02
2021-04-15,0.07,32.42,17.7,18.63
2021-04-16,3.66,32.52,17.67,17.95
2021-04-17,12.33,29.61,19.15,18.28
2021-04-18,1.66,29.62,18.7,13.44
2021-04-19,0.09,29.0,16.78,19.8
2021-04-20,0.06,29.52,16.28,21.4
2021-04-21,0.02,29.28,15.66,21.68
2021-04-22,0.64,29.16,16.37,21.46
2021-04-23,0.69,29.32,14.85,21.36
2021-04-24,0.0,31.01,15.46,20.38
2021-04-25,0.0,32.18,16.52,16.14
2021-04-26,0.01,32.24,17.31,16.98
2021-04-27,0.01,31.49,17.41,20.19
2021-04-28,0.01,31.16,15.29,21.22
2021-04-29,0.46,28.86,14.91,20.31
2021-04-30,0.04,29.93,15.61,18.64
2021-05-01,0.42,27.15,17.18,16.63
2021-05-02,0.0,31.38,15.81,19.14
2021-05-03,0.0,31.63,14.24,19.76
2021-05-04,0.01,32.15,13.88,19.95
2021-05-05,0.0,32.48,15.56,19.7
2021-05-06,0.01,32.0,16.49,19.28
2021-05-07,0.23,26.5,16.99,14.35
2021-05-08,0.09,29.41,15.33,18.12
2021-05-09,0.55,30.48,15.16,17.64
2021-05-10,0.4,30.59,15.14,15.94
2021-05-11,0.0,31.0,15.15,15.72
2021-05-12,0.51,30.61,17.04,11.52
2021-05-13,0.96,27.89,15.66,17.6
2021-05-14,0.22,28.2,14.44,16.28
2021-05-15,0.0,29.98,14.8,14.83
2021-05-16,0.0,30.16,15.33,16.91
2021-05-17,0.0,30.04,14.01,17.59
2021-05-18,0.0,29.65,14.47,17.45
2021-05-19,0.0,29.92,12.64,17.86
2021-05-20,0.0,30.94,13.72,18.1
2021-05-21,0.0,31.43,17.23,16.07
2021-05-22,1.3,27.78,17.85,4.07
2021-05-23,6.8,26.98,18.08,7.11
2021-05-24,0.0,24.8,12.34,13.93
2021-05-25,0.0,25.23,10.75,16.15
2021-05-26,0.0,30.3,12.3,13.56
2021-05-27,0.0,31.5,15.22,15.87
2021-05-28,0.0,32.22,17.69,12.87
2021-05-29,0.06,32.87,19.24,14.21
2021-05-30,0.45,30.58,19.14,12.45
2021-05-31,0.17,29.75,17.66,12.07
2021-06-01,0.01,29.78,16.11,16.08
2021-06-02,0.0,31.51,14.22,16.72
2021-06-03,0.0,32.33,16.09,16.43
2021-06-04,0.02,32.49,14.73,16.36
2021-06-05,0.0,31.44,16.1,15.62
2021-06-06,0.02,30.6,18.3,15.11
2021-06-07,1.99,29.87,16.76,11.58
2021-06-08,0.38,28.74,16.42,7.22
2021-06-09,2.42,30.69,16.19,13.74
2021-06-10,18.47,29.39,16.32,4.66
2021-06-11,1.33,24.61,17.3,7.84
2021-06-12,0.01,25.72,14.22,13.88
2021-06-13,0.08,25.56,11.66,17.01
2021-06-14,0.02,27.19,10.24,16.71
2021-06-15,0.02,27.26,12.0,16.66
2021-06-16,0.04,25.22,11.87,16.46
2021-06-17,0.12,25.52,11.89,15.81
2021-06-18,0.05,27.63,12.26,10.22
2021-06-19,0.0,29.55,15.12,14.54
2021-06-20,0.0,26.38,14.37,14.71
2021-06-21,0.45,27.33,11.85,14.35
2021-06-22,0.25,27.53,17.43,14.27
2021-06-23,0.01,26.48,14.07,15.82
2021-06-24,0.03,29.83,12.5,16.06
2021-06-25,0.0,31.96,17.12,14.58
2021-06-26,0.0,31.44,18.01,15.81
2021-06-27,0.0,30.2,15.88,16.32
2021-06-28,0.0,27.84,12.33,14.33
2021-06-29,0.0,19.19,9.22,13.67
2021-06-30,0.0,19.48,5.63,15.8
2021-07-01,0.01,24.13,4.76,17.48
2021-07-02,0.47,28.24,9.24,16.8
2021-07-03,0.0,28.43,11.21,17.2
2021-07-04,0.2,27.02,11.48,15.95
2021-07-05,0.06,27.07,11.05,16.05
2021-07-06,0.0,26.39,11.65,16.5
2021-07-07,0.53,26.28,12.6,16.7
2021-07-08,0.01,26.2,10.89,17.19
2021-07-09,0.0,27.66,9.92,17.13
2021-07-10,0.0,28.78,10.56,17.17
2021-07-11,0.0,28.81,11.84,17.16
2021-07-12,0.0,29.8,11.35,17.27
2021-07-13,0.0,29.9,11.73,17.47
2021-07-14,0.03,29.51,12.5,16.78
2021-07-15,0.0,30.78,13.96,17.35
2021-07-16,0.14,30.63,15.6,14.96
2021-07-17,0.69,30.46,15.83,15.59
2021-07-18,0.06,27.69,11.56,16.23
2021-07-19,0.03,23.32,4.17,18.55
2021-07-20,0.01,24.12,4.95,17.04
2021-07-21,0.01,28.74,8.67,18.06
2021-07-22,0.0,30.58,7.45,18.42
2021-07-23,0.0,30.24,10.34,18.07
2021-07-24,0.0,30.03,11.04,17.95
2021-07-25,0.0,30.03,11.53,18.17
2021-07-26,0.0,31.34,12.02,18.22
2021-07-27,0.1,32.18,13.35,16.95
2021-07-28,3.18,18.59,9.32,3.96
2021-07-29,0.0,18.75,3.65,19.45
2021-07-30,0.05,19.27,3.36,17.76
2021-07-31,0.01,25.03,7.18,18.25
2021-08-01,0.0,24.99,9.8,15.9
2021-08-02,0.0,27.59,11.33,17.59
2021-08-03,0.21,25.58,11.32,19.02
2021-08-04,0.15,27.33,10.64,17.96
2021-08-05,0.04,26.5,12.61,13.91
2021-08-06,1.21,26.64,13.03,14.02
2021-08-07,0.01,28.94,16.39,16.18
2021-08-08,0.0,30.07,16.15,18.25
2021-08-09,0.0,30.99,14.2,19.43
2021-08-10,0.0,31.83,15.58,20.0
2021-08-11,0.0,33.19,17.18,18.1
2021-08-12,0.0,30.31,14.01,18.29
2021-08-13,0.0,31.34,14.12,18.51
2021-08-14,0.0,31.65,14.19,17.74
2021-08-15,0.07,33.34,14.59,18.95
2021-08-16,0.17,33.24,18.8,16.04
2021-08-17,0.32,35.56,16.79,19.18
2021-08-18,0.0,35.84,18.11,20.07
2021-08-19,0.66,34.75,17.15,20.82
2021-08-20,0.0,33.38,16.99,20.97
2021-08-21,0.0,33.52,16.49,20.61
2021-08-22,0.0,33.65,15.49,20.53
2021-08-23,0.0,34.94,17.19,19.76
2021-08-24,0.0,36.36,21.36,19.09
2021-08-25,0.01,36.79,19.18,19.65
2021-08-26,0.03,35.37,18.85,18.25
2021-08-27,1.15,31.3,18.13,12.78
2021-08-28,5.9,24.24,16.72,7.18
2021-08-29,1.63,27.23,16.34,10.32
2021-08-30,0.0,30.07,15.61,20.75
2021-08-31,0.0,30.96,15.15,22.15
2021-09-01,0.0,31.56,15.72,22.18
2021-09-02,0.01,32.46,15.43,21.37
2021-09-03,0.0,34.39,18.43,23.18
2021-09-04,0.0,36.32,18.87,22.73
2021-09-05,0.03,36.66,17.42,21.73
2021-09-06,0.0,36.97,17.98,22.79
2021-09-07,0.0,37.84,17.36,21.45
2021-09-08,0.02,39.59,21.09,17.12
2021-09-09,2.29,32.86,20.27,10.05
2021-09-10,0.4,32.3,18.16,16.54
2021-09-11,0.16,28.49,18.75,10.48
2021-09-12,0.0,37.83,17.86,22.09
2021-09-13,0.01,39.64,21.3,19.33
2021-09-14,2.25,38.3,20.76,13.7
2021-09-15,2.17,36.9,22.08,15.37
2021-09-16,0.01,35.33,19.98,11.28
2021-09-17,0.07,35.92,19.56,18.74
2021-09-18,0.01,38.5,22.14,21.51
2021-09-19,0.0,38.48,21.1,21.91
2021-09-20,0.0,39.97,23.47,20.97
2021-09-21,0.0,41.52,21.15,18.49
2021-09-22,0.0,29.14,16.5,20.85
2021-09-23,0.0,32.47,14.37,23.46
2021-09-24,0.0,36.55,15.18,23.62
2021-09-25,0.01,31.5,19.13,17.25
2021-09-26,2.92,35.51,18.69,15.58
2021-09-27,0.17,36.35,20.77,22.13
2021-09-28,0.03,37.66,19.79,24.69
2021-09-29,0.0,38.62,24.11,20.18
2021-09-30,0.52,36.5,18.9,24.95
2021-10-01,0.92,36.29,19.66,14.6
2021-10-02,2.5,33.49,21.72,12.4
2021-10-03,1.0,37.31,21.37,19.73
2021-10-04,17.23,32.36,22.6,19.37
2021-10-05,0.17,34.17,19.94,22.01
2021-10-06,2.87,36.32,17.7,24.06
2021-10-07,0.26,34.35,20.95,8.91
2021-10-08,0.0,34.46,18.2,25.94
2021-10-09,2.59,33.61,17.89,22.08
2021-10-10,6.37,27.98,17.94,5.35
2021-10-11,0.48,28.01,17.55,18.95
2021-10-12,0.0,33.4,18.57,26.32
2021-10-13,0.52,34.6,17.67,27.72
2021-10-14,2.08,35.03,19.9,11.48
2021-10-15,18.74,29.84,22.5,19.62
2021-10-16,3.66,31.34,21.95,18.81
2021-10-17,3.63,32.65,18.94,22.27
2021-10-18,2.47,28.99,18.19,16.37
2021-10-19,1.22,29.84,16.89,13.8
2021-10-20,0.29,29.65,14.8,27.98
2021-10-21,0.0,30.25,13.4,28.73
2021-10-22,0.0,32.51,14.46,28.65
2021-10-23,3.87,36.26,15.01,27.77
2021-10-24,22.86,27.26,17.43,10.51
2021-10-25,0.2,32.15,15.36,20.42
2021-10-26,0.78,30.26,18.23,22.73
2021-10-27,2.25,29.15,19.07,16.35
2021-10-28,0.5,26.56,20.02,17.12
2021-10-29,0.01,33.37,19.61,26.19
2021-10-30,9.09,32.59,18.44,23.7
2021-10-31,6.75,28.7,19.79,12.7
2021-11-01,0.07,31.09,17.99,21.84
2021-11-02,0.0,32.92,18.32,26.27
2021-11-03,0.0,33.94,18.22,29.26
2021-11-04,0.02,36.11,17.85,29.59
2021-11-05,0.74,35.95,19.53,26.8
2021-11-06,0.03,36.48,20.22,24.48
2021-11-07,0.0,37.29,19.98,28.86
2021-11-08,0.13,37.99,19.42,27.18
2021-11-09,0.17,37.48,19.73,26.64
2021-11-10,0.4,36.83,18.9,25.38
2021-11-11,1.4,33.17,19.55,13.2
2021-11-12,0.0,32.92,18.2,21.73
2021-11-13,0.0,32.79,14.77,30.38
2021-11-14,0.0,35.0,15.14,27.94
2021-11-15,0.04,35.72,17.78,26.35
2021-11-16,0.0,35.96,20.43,26.51
2021-11-17,0.17,36.47,22.29,23.23
2021-11-18,15.71,28.38,22.16,11.31
2021-11-19,22.97,29.43,20.62,16.78
2021-11-20,1.52,31.2,18.09,27.69
2021-11-21,0.03,32.35,15.35,30.68
2021-11-22,1.58,34.58,14.38,31.85
2021-11-23,0.0,37.01,14.73,31.15
2021-11-24,0.0,36.89,19.31,25.64
2021-11-25,2.03,37.26,19.95,27.34
2021-11-26,37.6,27.8,22.67,15.72
2021-11-27,4.55,31.4,21.54,31.34
2021-11-28,0.04,33.59,18.12,28.92
2021-11-29,3.78,32.16,21.15,20.41
2021-11-30,21.66,28.48,21.28,13.52
2021-12-01,0.28,31.55,19.67,26.79
2021-12-02,0.08,33.07,19.05,23.39
2021-12-03,0.09,33.31,18.44,30.06
2021-12-04,0.02,32.84,18.36,28.48
2021-12-05,3.22,32.84,19.37,23.06
2021-12-06,9.03,32.34,20.39,24.51
2021-12-07,8.58,29.38,17.45,26.35
2021-12-08,0.03,28.17,15.55,28.67
2021-12-09,0.0,31.01,14.51,32.06
2021-12-10,0.0,32.77,14.43,32.14
2021-12-11,0.0,33.92,15.47,30.46
2021-12-12,0.03,34.65,20.27,25.94
2021-12-13,9.24,30.43,22.75,17.74
2021-12-14,19.22,28.93,21.84,15.01
2021-12-15,25.13,28.63,21.8,10.33
2021-12-16,8.71,28.17,21.69,15.71
2021-12-17,9.54,29.61,21.92,16.47
2021-12-18,6.44,30.81,19.95,19.38
2021-12-19,0.0,30.18,17.77,27.26
2021-12-20,0.28,31.34,16.85,29.26
2021-12-21,0.02,30.87,18.26,28.81
2021-12-22,0.04,32.8,19.86,28.61
2021-12-23,5.13,28.69,19.6,21.15
2021-12-24,0.0,30.87,15.33,31.39
2021-12-25,0.0,31.98,16.43,31.32
2021-12-26,0.0,34.52,17.47,29.74
2021-12-27,0.6,35.24,20.53,29.24
2021-12-28,15.91,33.52,21.58,22.55
2021-12-29,9.73,28.96,21.34,15.11
2021-12-30,17.33,29.08,20.44,15.98
2021-12-31,2.66,29.27,18.24,21.11
2022-01-01,5.35,30.98,19.91,18.34
2022-01-02,4.65,29.22,20.71,14.74
2022-01-03,21.91,28.56,20.94,22.61
2022-01-04,17.98,30.01,21.07,15.53
2022-01-05,9.9,26.24,21.43,19.74
2022-01-06,9.85,27.31,21.47,20.09
2022-01-07,5.79,28.14,19.58,17.68
2022-01-08,0.0,29.78,18.22,25.88
2022-01-09,0.02,26.85,17.46,19.24
2022-01-10,9.16,28.99,17.37,21.38
2022-01-11,8.74,26.68,19.75,21.45
2022-01-12,17.42,26.06,18.92,22.42
2022-01-13,2.96,29.18,19.54,23.25
2022-01-14,0.55,31.48,20.16,26.33
2022-01-15,17.69,28.48,21.84,23.95
2022-01-16,4.7,27.97,19.66,10.48
2022-01-17,0.62,29.72,18.15,23.55
2022-01-18,22.27,28.72,21.32,24.41
2022-01-19,4.97,29.81,20.81,25.63
2022-01-20,1.96,30.83,20.62,26.1
2022-01-21,0.2,31.88,21.07,27.06
2022-01-22,0.23,32.77,21.25,28.39
2022-01-23,0.45,32.91,21.39,27.55
2022-01-24,0.52,33.33,22.23,28.04
2022-01-25,0.83,31.34,23.16,27.17
2022-01-26,0.71,31.48,23.17,23.66
2022-01-27,3.19,31.57,21.7,21.83
2022-01-28,16.27,28.27,21.99,16.61
2022-01-29,50.08,24.85,20.37,10.64
2022-01-30,55.34,25.68,20.58,5.49
2022-01-31,19.51,26.66,20.48,15.96
2022-02-01,8.09,27.43,20.96,9.46
2022-02-02,19.0,24.76,20.62,8.62
2022-02-03,28.28,25.66,20.57,20.27
2022-02-04,2.85,27.45,20.5,21.86
2022-02-05,3.22,28.12,21.2,21.45
2022-02-06,5.72,29.06,21.8,18.3
2022-02-07,2.95,28.37,21.52,20.59
2022-02-08,0.52,29.48,18.35,26.39
2022-02-09,0.29,29.33,17.25,29.09
2022-02-10,0.0,29.52,16.38,27.44
2022-02-11,7.24,28.55,18.65,23.97
2022-02-12,0.23,30.25,19.01,27.94
2022-02-13,0.0,30.5,18.31,28.07
2022-02-14,0.02,31.38,17.08,28.17
2022-02-15,6.78,30.91,20.6,25.74
2022-02-16,2.72,30.46,19.83,26.1
2022-02-17,3.73,28.72,19.5,25.32
2022-02-18,3.64,27.4,19.65,14.79
2022-02-19,0.98,28.62,18.27,25.79
2022-02-20,0.38,28.65,18.69,25.55
2022-02-21,0.02,29.62,18.87,25.0
2022-02-22,0.44,31.09,21.89,25.89
2022-02-23,6.72,30.68,22.04,25.31
2022-02-24,2.82,30.38,21.75,22.51
2022-02-25,0.8,31.73,21.5,25.15
2022-02-26,1.39,31.57,20.92,24.51
2022-02-27,2.0,31.12,19.53,24.68
2022-02-28,0.54,31.77,20.78,25.36
2022-03-01,0.88,31.12,21.07,19.37
2022-03-02,1.27,30.89,20.86,16.1
2022-03-03,2.53,30.72,20.78,24.11
2022-03-04,4.6,29.07,21.67,23.06
2022-03-05,2.25,30.88,20.0,24.7
2022-03-06,0.81,30.34,20.71,25.47
2022-03-07,0.11,31.85,20.42,24.97
2022-03-08,0.34,31.56,22.01,23.7
2022-03-09,5.68,25.87,21.75,24.27
2022-03-10,5.05,31.68,20.67,21.51
2022-03-11,3.88,29.06,21.75,22.54
2022-03-12,13.68,28.72,20.74,18.6
2022-03-13,4.83,27.2,20.12,16.1
2022-03-14,7.2,28.3,20.24,16.87
2022-03-15,1.78,29.25,20.99,16.24
2022-03-16,2.66,29.96,21.53,13.2
2022-03-17,1.95,30.14,21.19,22.32
2022-03-18,0.23,31.06,21.19,22.71
2022-03-19,7.55,30.92,22.05,13.25
2022-03-20,3.29,26.67,19.45,17.39
2022-03-21,0.18,28.52,18.31,21.68
2022-03-22,0.03,29.4,16.39,25.04
2022-03-23,0.0,30.27,18.07,23.69
2022-03-24,2.35,30.95,19.34,22.9
2022-03-25,8.78,30.99,21.87,15.62
2022-03-26,6.36,28.39,21.62,18.3
2022-03-27,1.71,27.82,22.13,13.18
2022-03-28,1.17,29.99,20.33,19.17
2022-03-29,0.11,30.74,19.44,24.14
2022-03-30,1.11,30.87,19.98,20.68
2022-03-31,13.92,30.29,18.45,14.37
2022-04-01,2.06,27.33,17.72,13.99
2022-04-02,0.01,29.32,17.28,20.57
2022-04-03,0.02,30.76,18.09,21.74
2022-04-04,1.23,30.71,20.04,19.84
2022-04-05,3.01,31.0,20.22,20.94
2022-04-06,0.08,31.11,20.25,22.3
2022-04-07,0.0,31.28,19.13,21.89
2022-04-08,0.3,32.58,19.13,15.35
2022-04-09,0.24,29.2,22.02,18.64
2022-04-10,0.01,31.69,20.57,20.07
2022-04-11,5.45,31.95,19.03,19.6
2022-04-12,2.97,30.31,20.58,16.49
2022-04-13,9.63,28.63,20.67,8.0
2022-04-14,1.4,28.83,19.27,17.31
2022-04-15,0.05,26.57,14.81,22.52
2022-04-16,0.01,25.79,11.1,23.02
2022-04-17,0.0,27.22,14.73,22.33
2022-04-18,0.01,28.93,14.11,20.74
2022-04-19,0.01,30.09,15.61,20.28
2022-04-20,0.0,30.56,16.17,20.06
2022-04-21,0.0,30.21,15.96,21.0
2022-04-22,0.01,31.79,17.34,19.99
2022-04-23,0.4,30.83,17.69,10.36
2022-04-24,0.0,32.08,18.17,20.27
2022-04-25,0.0,32.84,17.72,19.45
2022-04-26,0.02,33.12,18.68,17.44
2022-04-27,0.03,33.01,18.2,18.93
2022-04-28,0.06,32.7,18.46,19.36
2022-04-29,0.02,32.84,17.09,18.06
2022-04-30,0.12,31.48,18.53,18.78
2022-05-01,0.08,32.24,17.75,12.51
2022-05-02,0.01,32.77,17.62,17.88
2022-05-03,0.0,32.72,18.34,17.98
2022-05-04,3.76,22.56,13.15,10.71
2022-05-05,0.01,25.51,10.83,14.19
2022-05-06,0.02,28.15,14.38,19.5
2022-05-07,0.0,28.64,12.22,19.21
2022-05-08,0.0,30.19,13.43,18.29
2022-05-09,0.0,30.02,15.95,16.72
2022-05-10,0.96,29.74,15.33,16.63
2022-05-11,2.16,28.22,15.44,11.6
2022-05-12,0.16,28.17,16.71,16.47
2022-05-13,0.04,29.25,13.58,18.69
2022-05-14,0.02,30.74,14.01,17.41
2022-05-15,8.39,27.61,17.21,8.89
2022-05-16,0.06,25.67,14.89,12.59
2022-05-17,0.0,19.76,8.42,19.3
2022-05-18,0.0,17.65,5.33,9.9
2022-05-19,0.0,20.39,6.33,17.75
2022-05-20,0.02,21.96,5.88,18.48
2022-05-21,0.01,24.44,6.19,17.12
2022-05-22,0.03,26.36,8.18,17.72
2022-05-23,0.01,27.22,10.47,16.59
2022-05-24,0.03,28.92,11.0,17.05
2022-05-25,0.0,27.96,11.76,17.41
2022-05-26,0.01,28.09,11.66,15.66
2022-05-27,0.01,28.42,13.63,14.97
2022-05-28,0.0,29.8,14.85,16.22
2022-05-29,0.0,30.56,13.41,16.51
2022-05-30,5.22,31.39,16.35,12.9
2022-05-31,6.57,27.19,19.16,10.14
2022-06-01,0.48,29.17,17.1,11.44
2022-06-02,2.19,29.1,18.4,13.86
2022-06-03,0.1,27.66,16.36,10.85
2022-06-04,0.0,27.32,13.92,16.42
2022-06-05,0.0,29.45,14.2,15.83
2022-06-06,0.01,29.36,13.58,15.23
2022-06-07,0.14,30.22,14.23,14.58
2022-06-08,8.09,25.67,17.39,8.93
2022-06-09,2.26,27.19,15.98,7.45
2022-06-10,0.34,23.38,17.17,8.61
2022-06-11,0.03,22.29,13.56,10.97
2022-06-12,0.0,22.64,8.68,11.65
2022-06-13,0.01,21.41,8.22,16.53
2022-06-14,0.02,25.51,9.22,14.0
2022-06-15,0.0,27.45,11.06,12.31
2022-06-16,0.0,29.42,11.89,16.22
2022-06-17,0.12,30.92,12.5,15.8
2022-06-18,15.09,24.51,15.29,8.81
2022-06-19,0.41,25.59,12.25,10.69
2022-06-20,0.14,27.09,13.3,11.86
2022-06-21,0.03,29.98,14.49,15.58
2022-06-22,0.01,29.84,14.99,15.69
2022-06-23,0.0,30.24,13.95,16.12
2022-06-24,0.01,29.82,12.4,15.57
2022-06-25,0.0,28.79,12.36,15.35
2022-06-26,0.0,26.17,14.66,15.12
2022-06-27,0.0,27.72,12.92,14.53
2022-06-28,0.02,28.5,12.67,15.58
2022-06-29,0.15,28.18,13.51,15.71
2022-06-30,0.0,27.6,12.63,16.34
2022-07-01,0.05,29.26,11.19,15.91
2022-07-02,0.0,30.75,13.78,16.08
2022-07-03,0.0,31.38,13.84,16.36
2022-07-04,0.01,30.59,12.61,16.68
2022-07-05,0.01,29.46,11.2,16.67
2022-07-06,0.0,29.49,11.81,15.5
2022-07-07,0.0,30.11,13.8,16.4
2022-07-08,0.0,30.3,13.66,14.15
2022-07-09,0.0,29.96,13.41,16.43
2022-07-10,0.0,29.87,14.46,15.86
2022-07-11,0.0,29.64,15.12,16.3
2022-07-12,0.16,29.29,13.44,11.1
2022-07-13,0.22,30.41,16.36,11.62
2022-07-14,0.0,30.82,14.98,15.68
2022-07-15,0.0,30.88,17.13,14.03
2022-07-16,0.0,32.03,16.43,13.95
2022-07-17,0.0,32.28,19.25,15.58
2022-07-18,0.0,33.52,17.11,15.55
2022-07-19,0.0,31.91,14.66,16.19
2022-07-20,0.0,31.42,17.06,16.32
2022-07-21,0.0,31.29,15.34,16.66
2022-07-22,0.0,31.18,14.83,17.33
2022-07-23,0.0,31.18,13.71,17.24
2022-07-24,0.0,31.87,13.72,17.26
2022-07-25,0.0,31.87,14.47,17.47
2022-07-26,0.0,31.92,14.12,17.57
2022-07-27,0.0,31.55,14.71,17.53
2022-07-28,0.0,31.69,14.88,17.58
2022-07-29,0.57,30.26,16.3,13.57
2022-07-30,0.01,27.73,10.83,18.37
2022-07-31,0.0,29.53,10.68,18.31
2022-08-01,0.0,30.53,13.51,16.31
2022-08-02,0.0,32.45,16.5,17.06
2022-08-03,0.0,32.13,14.4,17.14
2022-08-04,0.0,32.02,17.3,15.79
2022-08-05,0.0,31.63,18.83,16.67
2022-08-06,0.0,30.65,17.41,14.98
2022-08-07,1.11,30.27,17.28,9.29
2022-08-08,2.79,27.69,17.96,7.74
2022-08-09,7.43,23.14,17.22,5.67
2022-08-10,7.53,19.76,10.32,15.81
2022-08-11,0.0,23.05,9.13,19.83
2022-08-12,0.01,26.71,11.13,20.43
2022-08-13,0.0,30.15,10.5,20.0
2022-08-14,0.0,31.13,11.7,19.92
2022-08-15,0.0,31.6,14.08,20.1
2022-08-16,1.1,32.32,16.22,16.64
2022-08-17,1.63,31.07,18.33,3.76
2022-08-18,0.35,32.72,16.85,7.61
2022-08-19,0.22,22.85,10.38,9.71
2022-08-20,2.29,18.55,9.39,13.43
2022-08-21,0.64,23.87,12.94,12.51
2022-08-22,0.02,29.08,12.9,19.88
2022-08-23,0.0,28.71,12.91,20.69
2022-08-24,0.0,29.6,13.96,18.63
2022-08-25,0.0,29.42,16.88,16.14
2022-08-26,0.0,30.81,17.3,18.7
2022-08-27,0.0,33.31,17.13,21.46
2022-08-28,0.0,34.16,18.35,20.93
2022-08-29,0.02,25.86,12.82,19.19
2022-08-30,0.0,25.18,12.1,16.1
2022-08-31,0.24,29.9,12.69,20.36
2022-09-01,0.04,31.89,12.42,22.2
2022-09-02,0.0,33.84,13.9,22.08
2022-09-03,0.25,35.52,16.8,18.55
2022-09-04,0.04,28.07,14.47,14.55
2022-09-05,0.32,32.12,13.76,15.1
2022-09-06,10.28,28.9,15.5,16.49
2022-09-07,1.41,31.96,17.28,12.25
2022-09-08,0.0,34.64,17.73,19.66
2022-09-09,0.01,36.27,18.71,20.64
2022-09-10,0.0,35.9,19.93,19.86
2022-09-11,0.0,32.01,16.78,17.88
2022-09-12,0.02,35.93,15.05,14.94
2022-09-13,0.07,36.01,17.86,17.39
2022-09-14,10.15,29.29,19.98,7.69
2022-09-15,2.79,26.36,16.47,8.34
2022-09-16,0.0,28.42,15.1,20.84
2022-09-17,0.17,27.9,12.82,25.62
2022-09-18,0.01,31.04,11.78,24.82
2022-09-19,0.0,35.23,12.72,23.43
2022-09-20,1.94,31.57,17.2,12.86
2022-09-21,9.18,33.02,18.48,6.9
2022-09-22,9.06,29.37,17.07,4.96
2022-09-23,0.0,27.09,12.93,25.93
2022-09-24,0.02,29.81,11.54,25.36
2022-09-25,0.12,32.99,12.73,23.3
2022-09-26,7.31,26.5,16.72,14.17
2022-09-27,1.12,29.43,19.9,9.37
2022-09-28,14.16,26.08,15.86,4.32
2022-09-29,0.39,27.33,14.95,18.84
2022-09-30,1.24,28.8,14.55,12.0
2022-10-01,0.34,31.51,16.91,22.69
2022-10-02,0.16,32.63,17.39,24.66
2022-10-03,1.28,31.18,17.08,20.97
2022-10-04,0.2,31.84,18.69,18.67
2022-10-05,0.01,34.53,17.26,24.2
2022-10-06,21.01,35.97,18.59,18.76
2022-10-07,4.8,28.23,17.67,16.32
2022-10-08,0.0,30.94,15.89,22.64
2022-10-09,0.5,30.41,18.1,12.05
2022-10-10,0.27,26.79,20.48,13.28
2022-10-11,1.3,30.83,19.09,11.8
2022-10-12,0.67,28.2,20.32,8.33
2022-10-13,0.02,34.51,18.82,21.08
2022-10-14,0.14,36.54,19.53,25.9
2022-10-15,0.54,33.7,18.63,23.5
2022-10-16,0.3,34.26,18.95,23.13
2022-10-17,0.69,34.27,20.17,18.39
2022-10-18,5.53,31.55,20.21,12.07
2022-10-19,0.59,30.67,19.93,18.83
2022-10-20,2.68,36.43,18.99,18.98
2022-10-21,8.29,31.86,21.61,12.78
2022-10-22,0.0,34.13,20.89,26.82
2022-10-23,0.0,34.29,17.33,28.65
2022-10-24,0.0,35.3,17.17,28.98
2022-10-25,0.0,35.03,17.72,29.44
2022-10-26,0.0,36.21,16.14,28.77
2022-10-27,0.02,38.02,21.89,20.51
2022-10-28,0.4,35.84,21.86,23.33
2022-10-29,17.51,35.28,21.92,24.54
2022-10-30,2.56,33.98,22.22,25.09
2022-10-31,3.71,33.77,21.92,13.73
2022-11-01,12.18,26.3,15.75,13.84
2022-11-02,0.26,22.14,13.8,13.61
2022-11-03,0.15,24.76,13.8,21.92
2022-11-04,0.0,27.96,11.21,29.43
2022-11-05,0.0,29.21,12.23,29.05
2022-11-06,0.01,29.46,14.7,25.32
2022-11-07,0.0,30.44,14.57,29.59
2022-11-08,0.0,30.54,13.09,28.1
2022-11-09,0.0,33.28,15.58,28.81
2022-11-10,0.0,35.82,16.1,28.98
2022-11-11,0.55,35.75,17.99,7.41
2022-11-12,0.78,33.85,20.99,26.66
2022-11-13,3.95,35.13,19.25,21.43
2022-11-14,0.14,35.12,22.13,23.8
2022-11-15,0.01,36.42,21.06,28.32
2022-11-16,0.0,36.16,17.75,30.04
2022-11-17,0.0,35.47,17.27,30.22
2022-11-18,0.19,34.89,16.18,27.8
2022-11-19,6.17,34.33,18.19,26.76
2022-11-20,2.64,33.89,18.97,28.96
2022-11-21,0.68,32.48,20.09,21.23
2022-11-22,3.25,31.8,22.0,17.25
2022-11-23,1.46,31.73,20.83,23.28
2022-11-24,0.91,34.36,21.15,26.19
2022-11-25,0.46,32.38,18.46,28.56
2022-11-26,0.01,33.78,16.77,30.06
2022-11-27,0.85,35.1,18.67,26.26
2022-11-28,8.09,31.34,19.31,22.14
2022-11-29,28.79,29.14,19.46,22.92
2022-11-30,6.03,30.0,19.4,26.4
2022-12-01,2.25,31.25,19.69,23.47
2022-12-02,3.88,28.0,21.13,17.08
2022-12-03,18.4,29.25,21.29,18.02
2022-12-04,9.55,26.11,21.1,12.8
2022-12-05,7.86,28.4,20.89,14.11
2022-12-06,14.65,29.75,20.54,12.91
2022-12-07,6.08,30.93,21.24,22.7
2022-12-08,0.6,32.07,19.78,29.32
2022-12-09,0.21,33.59,21.54,28.9
2022-12-10,0.07,35.19,21.19,23.54
2022-12-11,0.55,34.14,22.21,25.38
2022-12-12,8.1,31.25,22.93,15.9
2022-12-13,22.14,27.37,19.25,9.12
2022-12-14,0.33,28.9,17.37,27.02
2022-12-15,0.01,30.57,15.95,28.8
2022-12-16,0.02,32.7,19.07,22.94
2022-12-17,0.04,32.83,18.86,29.87
2022-12-18,1.48,33.55,18.21,22.53
2022-12-19,8.89,28.38,20.18,14.75
2022-12-20,1.07,32.41,18.49,20.69
2022-12-21,0.03,31.22,18.01,27.66
2022-12-22,0.0,31.64,17.43,29.97
2022-12-23,4.33,31.74,17.41,28.98
2022-12-24,8.03,32.09,18.81,28.04
2022-12-25,3.83,30.5,19.78,18.96
2022-12-26,8.51,29.79,21.61,16.98
2022-12-27,1.46,31.28,20.92,22.22
2022-12-28,17.24,30.18,21.52,21.86
2022-12-29,5.12,28.07,21.38,20.64
2022-12-30,8.19,30.9,19.61,22.71
2022-12-31,3.49,31.12,20.6,17.28
2023-01-01,1.57,31.49,20.39,23.28
2023-01-02,7.86,31.21,20.83,20.86
2023-01-03,10.03,28.26,21.31,16.32
2023-01-04,16.77,25.36,20.93,11.09
2023-01-05,9.17,25.84,18.27,11.2
2023-01-06,0.06,28.97,16.77,13.62
2023-01-07,0.04,28.16,17.15,14.55
2023-01-08,0.21,29.07,17.0,15.22
2023-01-09,2.42,26.7,19.56,13.65
2023-01-10,24.77,24.8,20.41,15.53
2023-01-11,19.35,26.55,20.51,19.77
2023-01-12,5.17,27.89,20.2,22.62
2023-01-13,8.58,27.1,20.09,22.06
2023-01-14,7.65,29.05,20.44,22.23
2023-01-15,0.08,29.45,21.52,25.44
2023-01-16,11.06,29.63,21.56,22.37
2023-01-17,7.71,30.51,21.87,28.1
2023-01-18,7.37,28.25,20.78,26.29
2023-01-19,7.72,28.34,20.82,21.1
2023-01-20,1.29,28.52,20.71,17.64
2023-01-21,5.48,28.61,20.5,17.33
2023-01-22,4.68,26.59,21.53,23.1
2023-01-23,1.71,27.36,20.38,20.52
2023-01-24,0.53,29.51,20.31,24.04
2023-01-25,0.02,32.09,19.75,29.63
2023-01-26,0.07,32.37,19.24,26.82
2023-01-27,0.07,32.1,19.01,26.76
2023-01-28,4.69,29.69,22.16,17.44
2023-01-29,15.82,29.43,21.54,21.87
2023-01-30,11.23,27.32,21.43,14.91
2023-01-31,13.78,28.09,20.66,19.2
2023-02-01,1.08,26.92,21.01,18.51
2023-02-02,21.44,28.41,20.68,18.75
2023-02-03,12.42,28.27,20.82,17.91
2023-02-04,12.39,28.08,21.39,21.29
2023-02-05,7.67,25.9,21.28,18.37
2023-02-06,7.08,29.02,20.12,23.4
2023-02-07,6.07,29.01,21.57,18.39
2023-02-08,0.8,29.29,20.76,24.07
2023-02-09,0.25,30.53,20.04,23.87
2023-02-10,6.38,27.51,21.94,22.38
2023-02-11,14.32,26.34,21.13,15.04
2023-02-12,15.71,27.86,19.9,19.55
2023-02-13,18.21,27.0,20.06,22.53
2023-02-14,0.89,29.58,20.77,21.84
2023-02-15,1.76,30.14,20.64,15.85
2023-02-16,5.64,27.78,22.39,19.4
2023-02-17,6.66,28.67,21.58,15.12
2023-02-18,10.43,28.78,19.51,18.13
2023-02-19,3.65,24.49,18.09,16.7
2023-02-20,4.55,28.72,17.81,18.61
2023-02-21,1.92,27.17,20.31,11.5
2023-02-22,0.43,28.43,19.08,25.95
2023-02-23,2.2,27.83,19.71,17.12
2023-02-24,0.31,28.58,19.9,20.49
2023-02-25,0.11,29.43,20.2,24.81
2023-02-26,0.98,28.51,21.21,11.65
2023-02-27,0.12,29.87,21.55,24.28
2023-02-28,2.83,27.1,21.24,19.85
2023-03-01,0.52,28.46,20.18,18.24
2023-03-02,0.07,29.63,21.28,24.11
2023-03-03,1.5,31.13,20.17,24.2
2023-03-04,11.43,30.33,22.01,20.29
2023-03-05,1.1,29.4,20.54,21.44
2023-03-06,5.99,29.48,20.92,24.56
2023-03-07,3.56,29.67,20.71,23.05
2023-03-08,0.27,30.29,20.59,24.25
2023-03-09,1.48,26.14,21.43,22.73
2023-03-10,12.4,26.14,20.01,9.71
2023-03-11,1.89,27.62,19.51,14.16
2023-03-12,0.77,28.25,18.99,15.16
2023-03-13,1.88,26.24,20.58,12.16
2023-03-14,7.36,27.4,20.14,16.59
2023-03-15,4.84,28.57,20.61,14.52
2023-03-16,1.0,28.68,20.37,16.95
2023-03-17,0.76,28.57,20.61,15.03
2023-03-18,0.1,29.7,19.22,19.81
2023-03-19,1.6,28.32,19.73,15.61
2023-03-20,1.49,29.95,20.02,18.49
2023-03-21,3.71,30.18,21.17,24.26
2023-03-22,0.03,31.11,20.08,22.02
2023-03-23,0.08,30.88,20.27,22.73
2023-03-24,0.06,31.55,19.83,20.28
2023-03-25,0.2,31.73,20.34,22.95
2023-03-26,0.39,31.9,22.52,22.12
2023-03-27,1.77,30.9,21.62,20.86
2023-03-28,0.28,30.64,19.66,19.2
2023-03-29,1.35,29.52,20.49,21.35
2023-03-30,0.6,29.42,20.33,22.26
2023-03-31,0.04,30.86,21.15,22.15
2023-04-01,0.0,32.58,20.72,23.67
2023-04-02,0.01,31.09,18.64,23.71
2023-04-03,0.17,31.24,17.34,23.33
2023-04-04,0.38,31.0,18.26,22.66
2023-04-05,0.2,32.06,18.86,19.78
2023-04-06,1.86,31.09,18.38,20.74
2023-04-07,4.46,26.8,20.69,11.49
2023-04-08,0.86,28.21,19.46,10.84
2023-04-09,0.08,27.87,19.4,13.1
2023-04-10,0.02,30.15,17.49,21.42
2023-04-11,0.18,30.38,16.6,20.66
2023-04-12,0.45,29.55,18.96,12.19
2023-04-13,3.97,29.62,20.29,18.73
2023-04-14,3.83,27.39,20.75,10.25
2023-04-15,0.34,30.28,19.19,15.89
2023-04-16,0.01,31.29,18.54,20.9
2023-04-17,0.48,31.28,18.96,16.7
2023-04-18,0.97,30.08,22.42,9.88
2023-04-19,4.28,28.35,16.19,18.53
2023-04-20,0.0,26.27,13.49,21.04
2023-04-21,0.01,27.17,11.82,21.71
2023-04-22,0.0,29.1,14.2,20.1
2023-04-23,0.01,29.8,16.16,19.72
2023-04-24,0.01,30.16,15.04,20.15
2023-04-25,0.24,28.93,15.65,9.38
2023-04-26,3.88,29.23,17.41,11.31
2023-04-27,2.45,29.15,17.47,9.04
2023-04-28,0.36,28.45,18.0,15.3
2023-04-29,0.0,28.99,15.61,19.17
2023-04-30,0.0,29.76,15.37,19.78
2023-05-01,0.06,30.01,15.04,19.05
2023-05-02,0.0,30.28,14.18,18.76
2023-05-03,0.0,30.93,14.89,18.85
2023-05-04,0.0,31.92,16.31,18.88
2023-05-05,0.01,32.78,17.66,19.01
2023-05-06,0.01,32.62,17.57,17.56
2023-05-07,0.01,32.12,18.41,16.66
2023-05-08,0.0,31.78,17.21,17.86
2023-05-09,0.0,32.37,18.78,15.2
2023-05-10,4.94,27.34,19.85,13.55
2023-05-11,0.03,29.66,15.59,17.02
2023-05-12,0.04,27.56,13.85,18.08
2023-05-13,0.0,26.37,12.67,18.89
2023-05-14,0.02,27.37,11.2,18.51
2023-05-15,0.0,27.9,10.6,18.71
2023-05-16,0.0,28.5,10.57,18.99
2023-05-17,0.02,27.1,11.95,18.98
2023-05-18,0.0,27.65,11.44,18.61
2023-05-19,0.0,28.95,11.64,18.29
2023-05-20,0.0,28.91,11.43,16.29
2023-05-21,0.0,28.54,11.85,16.74
2023-05-22,0.02,27.59,13.84,11.97
2023-05-23,0.0,29.25,12.66,17.2
2023-05-24,0.0,28.86,13.53,16.7
2023-05-25,0.0,29.45,14.35,16.75
2023-05-26,0.0,29.93,14.58,16.94
2023-05-27,0.49,30.38,13.53,16.37
2023-05-28,0.13,24.5,17.9,4.29
2023-05-29,0.04,26.9,15.45,13.12
2023-05-30,15.23,24.67,15.09,3.92
2023-05-31,0.74,25.68,17.13,6.3
2023-06-01,0.02,26.13,14.45,12.44
2023-06-02,0.01,26.89,13.68,16.7
2023-06-03,0.0,28.01,12.62,17.08
2023-06-04,0.0,28.31,11.85,16.98
2023-06-05,0.0,27.37,11.12,17.03
2023-06-06,0.0,27.09,12.47,16.63
2023-06-07,0.0,27.88,11.49,16.24
2023-06-08,0.01,28.08,11.25,16.04
2023-06-09,0.0,28.61,12.55,16.47
2023-06-10,0.0,29.37,13.34,16.18
2023-06-11,0.0,30.37,16.15,15.26
2023-06-12,0.02,30.83,15.32,14.93
2023-06-13,13.08,26.77,16.52,8.39
2023-06-14,20.6,22.57,15.17,2.55
2023-06-15,25.09,17.59,13.17,2.81
2023-06-16,0.37,18.93,8.34,13.87
2023-06-17,0.03,19.52,6.42,16.03
2023-06-18,0.03,21.48,6.72,16.54
2023-06-19,0.01,23.73,8.77,16.63
2023-06-20,0.0,25.51,9.4,16.3
2023-06-21,0.0,26.19,10.62,16.13
2023-06-22,0.0,26.38,10.95,15.96
2023-06-23,0.0,27.32,11.53,15.07
2023-06-24,0.0,27.4,12.28,15.75
2023-06-25,0.0,28.2,11.97,16.17
2023-06-26,0.0,28.02,10.98,16.32
2023-06-27,0.01,28.02,11.62,16.27
2023-06-28,0.0,28.28,12.56,16.03
2023-06-29,0.0,27.51,12.77,15.86
2023-06-30,0.01,27.38,13.43,16.18
2023-07-01,0.0,27.72,12.78,16.07
2023-07-02,0.0,27.12,12.98,16.45
2023-07-03,0.0,25.72,13.17,16.7
2023-07-04,0.0,25.83,11.1,16.71
2023-07-05,0.0,27.12,10.03,16.62
2023-07-06,0.0,26.88,10.02,16.46
2023-07-07,0.0,27.64,9.94,14.8
2023-07-08,0.09,29.77,13.27,15.07
2023-07-09,0.43,28.69,17.78,13.15
2023-07-10,0.11,30.44,16.13,13.89
2023-07-11,0.0,31.72,16.38,15.56
2023-07-12,0.0,30.02,14.85,14.56
2023-07-13,0.19,27.77,15.64,13.08
2023-07-14,0.04,22.38,8.83,17.94
2023-07-15,0.0,25.28,8.4,17.93
2023-07-16,0.0,25.69,8.2,12.14
2023-07-17,0.0,29.02,13.77,9.26
2023-07-18,0.0,30.69,14.41,15.22
2023-07-19,0.0,27.94,14.33,15.23
2023-07-20,0.0,29.54,13.63,16.94
2023-07-21,0.0,29.45,13.97,16.93
2023-07-22,0.0,28.6,13.33,16.6
2023-07-23,0.0,29.7,13.74,14.96
2023-07-24,0.0,30.29,14.28,15.42
2023-07-25,0.0,29.05,15.82,13.58
2023-07-26,0.0,31.02,16.99,15.26
2023-07-27,0.0,32.06,16.02,17.13
2023-07-28,0.07,32.21,15.49,17.38
2023-07-29,0.35,28.34,15.81,17.44
2023-07-30,0.0,28.33,13.12,18.27
2023-07-31,0.0,29.69,12.33,18.47
2023-08-01,0.0,31.15,11.6,18.27
2023-08-02,0.0,32.32,12.45,18.42
2023-08-03,0.0,32.56,13.87,18.63
2023-08-04,0.0,32.11,12.67,18.77
2023-08-05,0.0,32.85,13.2,18.85
2023-08-06,0.0,34.15,12.87,18.85
2023-08-07,0.0,33.88,14.57,18.04
2023-08-08,0.17,31.69,16.9,16.92
2023-08-09,0.01,33.56,15.04,17.62
2023-08-10,0.0,34.4,16.66,18.59
2023-08-11,0.05,35.31,18.44,18.4
2023-08-12,0.01,36.35,18.18,17.94
2023-08-13,0.01,31.07,17.45,14.01
2023-08-14,0.0,32.7,15.86,12.33
2023-08-15,0.01,31.87,17.6,15.39
2023-08-16,0.0,31.04,18.44,15.18
2023-08-17,0.0,32.6,17.77,19.03
2023-08-18,0.54,33.71,18.37,17.7
2023-08-19,0.98,31.74,17.77,4.33
2023-08-20,0.02,30.19,16.8,15.68
2023-08-21,0.0,31.7,18.51,19.56
2023-08-22,0.0,34.88,17.41,20.29
2023-08-23,0.01,36.95,19.72,19.56
2023-08-24,0.82,36.41,21.84,14.1
2023-08-25,0.69,36.34,22.43,17.05
2023-08-26,4.51,24.09,15.08,8.54
2023-08-27,0.98,18.69,14.04,5.94
2023-08-28,0.21,27.02,13.28,19.21
2023-08-29,0.47,28.19,13.3,10.0
2023-08-30,2.86,25.61,15.5,19.1
2023-08-31,1.41,30.62,14.57,10.81
2023-09-01,0.0,33.16,14.9,20.04
2023-09-02,0.49,35.13,18.87,19.12
2023-09-03,0.56,31.84,21.38,20.26
2023-09-04,3.51,36.9,21.48,17.04
2023-09-05,2.91,34.77,19.67,17.7
2023-09-06,0.0,32.31,17.37,20.35
2023-09-07,0.0,32.89,17.44,21.66
2023-09-08,0.04,34.9,17.0,22.72
2023-09-09,0.34,32.99,19.13,5.64
2023-09-10,0.11,34.91,17.53,18.36
2023-09-11,0.0,36.29,18.62,23.45
2023-09-12,0.0,36.15,18.65,23.78
2023-09-13,0.06,39.06,19.34,22.42
2023-09-14,3.05,28.63,16.32,4.73
2023-09-15,0.01,31.29,11.97,21.28
2023-09-16,0.0,35.47,13.62,23.97
2023-09-17,0.01,37.99,19.12,21.8
2023-09-18,2.94,36.88,22.11,18.85
2023-09-19,0.02,37.87,21.92,23.23
2023-09-20,0.06,38.46,21.61,23.65
2023-09-21,0.0,38.97,21.07,23.54
2023-09-22,0.0,40.11,22.65,23.33
2023-09-23,0.0,38.64,24.17,21.77
2023-09-24,0.0,41.51,23.28,24.16
2023-09-25,0.0,40.89,25.43,22.19
2023-09-26,0.48,41.54,23.45,22.41
2023-09-27,0.12,41.46,28.15,18.84
2023-09-28,0.01,33.63,19.97,17.61
2023-09-29,0.0,32.12,17.5,21.35
2023-09-30,1.33,38.63,18.97,17.65
2023-10-01,4.31,33.85,22.96,14.96
2023-10-02,1.73,35.06,20.26,15.68
2023-10-03,0.31,36.5,23.81,23.5
2023-10-04,7.09,37.87,24.69,13.35
2023-10-05,0.31,38.64,23.8,20.43
2023-10-06,1.36,38.27,24.23,19.12
2023-10-07,16.64,36.96,24.4,14.14
2023-10-08,18.42,33.15,18.21,15.51
2023-10-09,6.35,31.19,21.52,17.18
2023-10-10,0.04,32.86,17.48,27.39
2023-10-11,0.04,36.69,17.02,27.6
2023-10-12,6.34,38.44,23.0,21.55
2023-10-13,4.92,33.24,19.04,13.82
2023-10-14,0.1,31.5,17.22,17.68
2023-10-15,0.23,36.04,17.89,25.05
2023-10-16,1.14,37.82,20.6,26.34
2023-10-17,1.09,35.58,22.53,19.64
2023-10-18,0.02,33.86,21.62,23.05
2023-10-19,2.79,35.23,18.73,17.78
2023-10-20,0.1,34.64,18.19,18.03
2023-10-21,0.0,35.53,17.91,27.1
2023-10-22,0.0,37.77,17.2,27.6
2023-10-23,0.0,39.3,19.45,27.44
2023-10-24,0.03,39.73,24.27,19.62
2023-10-25,2.01,34.6,23.77,20.35
2023-10-26,4.42,32.92,23.11,15.5
2023-10-27,8.16,33.1,22.55,13.17
2023-10-28,2.95,36.45,21.49,15.61
2023-10-29,4.12,32.77,22.25,12.55
2023-10-30,6.28,36.21,21.67,13.85
2023-10-31,10.82,34.43,23.01,11.65
2023-11-01,0.76,33.07,21.72,13.16
2023-11-02,0.0,34.38,19.21,27.05
2023-11-03,5.93,38.09,22.08,21.97
2023-11-04,0.1,32.32,17.55,28.45
2023-11-05,0.01,34.85,13.82,31.15
2023-11-06,0.0,34.53,14.32,30.64
2023-11-07,0.01,37.28,15.5,29.47
2023-11-08,2.84,37.13,17.82,27.73
2023-11-09,2.08,38.2,23.25,23.66
2023-11-10,0.77,38.38,23.84,26.91
2023-11-11,0.0,40.37,22.09,29.81
2023-11-12,0.0,41.56,24.18,27.99
2023-11-13,0.03,41.83,25.01,27.24
2023-11-14,0.95,42.82,25.07,25.35
2023-11-15,1.02,41.76,23.03,26.24
2023-11-16,1.28,41.86,24.57,24.61
2023-11-17,0.02,42.63,26.17,23.78
2023-11-18,0.1,41.1,26.86,24.85
2023-11-19,16.2,38.89,22.53,16.26
2023-11-20,0.09,31.7,21.2,16.93
2023-11-21,1.77,36.01,20.61,23.15
2023-11-22,1.94,34.74,24.25,22.4
2023-11-23,11.48,35.92,23.26,14.73
2023-11-24,0.44,32.29,19.99,15.18
2023-11-25,0.01,33.28,17.98,26.58
2023-11-26,0.05,31.56,18.04,27.15
2023-11-27,1.57,31.62,20.32,19.51
2023-11-28,3.28,35.41,22.24,20.4
2023-11-29,7.57,33.6,21.91,20.73
2023-11-30,0.15,36.69,21.17,27.58
2023-12-01,0.38,37.26,23.7,27.41
2023-12-02,1.93,40.02,24.1,27.36
2023-12-03,0.61,39.25,24.82,28.49
2023-12-04,13.9,34.26,25.09,25.02
2023-12-05,1.16,35.26,24.22,18.93
2023-12-06,0.69,36.81,24.77,28.47
2023-12-07,2.35,37.84,23.59,25.38
2023-12-08,0.11,36.87,24.27,27.07
2023-12-09,0.0,36.6,21.37,29.13
2023-12-10,0.59,35.7,20.76,25.42
2023-12-11,1.55,36.22,21.16,26.79
2023-12-12,0.03,36.6,19.99,29.35
2023-12-13,0.0,38.87,18.17,31.2
2023-12-14,0.0,40.66,19.91,29.72
2023-12-15,1.33,41.59,23.11,27.91
2023-12-16,0.39,40.85,23.27,26.7
2023-12-17,1.02,40.61,25.9,27.6
2023-12-18,5.67,38.78,24.19,27.7
2023-12-19,0.01,38.63,21.91,26.67
2023-12-20,0.0,33.57,21.78,26.68
2023-12-21,2.04,35.77,22.32,25.67
2023-12-22,11.62,35.3,23.01,23.86
2023-12-23,14.4,33.62,24.37,14.98
2023-12-24,0.07,34.51,23.27,25.15
2023-12-25,0.01,37.15,23.21,27.38
2023-12-26,0.03,35.6,23.66,25.22
2023-12-27,0.01,36.5,20.21,28.74
2023-12-28,0.0,38.21,19.1,31.31
2023-12-29,0.01,40.12,23.35,26.4
2023-12-30,2.7,34.54,24.83,14.62
2023-12-31,0.04,34.81,21.11,25.86
2024-01-01,0.01,36.84,21.65,22.16
2024-01-02,0.45,36.74,23.16,23.99
2024-01-03,1.87,37.77,23.07,22.24
2024-01-04,0.62,37.46,21.9,28.13
2024-01-05,0.05,37.32,20.87,26.4
2024-01-06,0.0,38.61,21.46,28.21
2024-01-07,0.66,39.33,23.22,27.77
2024-01-08,1.41,40.03,25.69,28.75
2024-01-09,5.62,38.32,24.89,29.09
2024-01-10,1.1,37.28,23.54,18.49
2024-01-11,7.6,34.49,23.67,18.04
2024-01-12,9.32,34.46,23.28,19.76
2024-01-13,4.48,34.01,22.34,13.04
2024-01-14,2.91,34.72,21.35,25.6
2024-01-15,0.38,35.07,23.72,18.83
2024-01-16,0.01,37.96,23.77,26.76
2024-01-17,0.2,38.45,24.16,25.71
2024-01-18,5.63,37.41,24.08,28.1
2024-01-19,11.2,37.32,25.47,19.53
2024-01-20,0.75,35.95,24.02,11.99
2024-01-21,0.2,34.62,23.86,21.45
2024-01-22,0.05,35.34,21.53,23.16
2024-01-23,2.42,31.79,20.69,10.41
2024-01-24,0.26,33.55,19.32,24.8
2024-01-25,0.08,32.06,17.99,26.92
2024-01-26,0.04,32.35,16.91,28.8
2024-01-27,0.23,34.74,18.05,28.28
2024-01-28,0.53,35.42,21.34,24.03
2024-01-29,0.03,37.41,20.78,27.56
2024-01-30,2.68,38.19,23.56,22.61
2024-01-31,13.13,35.29,24.67,25.41
2024-02-01,0.03,35.9,19.63,28.29
2024-02-02,4.07,35.82,20.5,23.46
2024-02-03,1.03,35.15,20.9,18.21
2024-02-04,1.16,32.95,22.01,16.95
2024-02-05,0.25,35.46,21.58,22.99
2024-02-06,0.3,34.53,23.13,22.41
2024-02-07,0.65,31.36,24.44,20.39
2024-02-08,0.08,37.01,22.14,24.96
2024-02-09,0.14,37.27,22.82,24.24
2024-02-10,0.03,38.27,23.48,27.59
2024-02-11,0.03,38.47,22.58,27.2
2024-02-12,0.74,34.48,24.29,23.69
2024-02-13,2.63,38.48,24.13,25.63
2024-02-14,10.59,32.33,24.61,17.98
2024-02-15,18.66,28.39,21.51,11.84
2024-02-16,1.51,32.78,20.82,15.69
2024-02-17,0.25,34.92,21.9,23.39
2024-02-18,0.23,34.05,21.65,22.68
2024-02-19,5.17,31.87,20.36,18.15
2024-02-20,9.86,31.88,20.9,18.94
2024-02-21,8.19,32.05,21.06,13.92
2024-02-22,1.52,33.57,20.58,23.64
2024-02-23,1.12,35.59,22.77,18.22
2024-02-24,1.05,34.61,22.8,22.45
2024-02-25,1.67,35.63,23.06,25.18
2024-02-26,0.37,36.86,22.42,23.6
2024-02-27,0.43,36.88,22.89,25.02
2024-02-28,0.23,38.07,24.71,25.29
2024-02-29,0.74,39.61,24.66,24.92
2024-03-01,1.48,36.6,24.6,24.98
2024-03-02,0.03,36.62,22.66,26.73
2024-03-03,0.0,38.35,20.51,27.23
2024-03-04,0.01,39.48,21.07,26.02
2024-03-05,0.59,38.12,22.66,23.91
2024-03-06,1.73,37.07,23.36,21.95
2024-03-07,2.13,37.16,22.44,19.14
2024-03-08,5.18,32.7,23.9,20.89
2024-03-09,6.67,34.68,24.21,18.54
2024-03-10,2.06,34.92,24.47,17.38
2024-03-11,4.37,35.51,22.47,24.48
2024-03-12,0.0,37.04,19.8,25.67
2024-03-13,0.16,37.51,20.62,23.59
2024-03-14,0.08,38.15,22.86,23.42
2024-03-15,0.0,39.38,24.31,23.8
2024-03-16,0.57,39.89,26.03,22.07
2024-03-17,5.19,37.13,25.93,18.26
2024-03-18,0.49,37.14,24.84,19.96
2024-03-19,7.13,36.4,24.87,21.08
2024-03-20,1.2,33.63,24.08,23.69
2024-03-21,3.33,37.35,24.38,21.28
2024-03-22,4.58,29.5,21.14,11.93
2024-03-23,0.9,26.26,19.85,10.67
2024-03-24,8.76,28.53,18.94,9.69
2024-03-25,2.67,32.61,20.25,18.65
2024-03-26,2.18,30.37,20.2,10.15
2024-03-27,3.89,27.62,20.59,7.9
2024-03-28,1.28,31.5,20.17,11.4
2024-03-29,0.25,32.2,19.79,12.14
2024-03-30,0.33,33.27,21.49,15.46
2024-03-31,0.03,35.41,20.67,20.49
2024-04-01,0.0,35.3,20.72,20.45
2024-04-02,0.28,33.59,21.88,16.78
2024-04-03,0.08,36.28,21.95,21.75
2024-04-04,0.02,37.48,21.69,20.06
2024-04-05,2.79,36.67,22.14,19.48
2024-04-06,0.06,36.06,20.81,21.79
2024-04-07,0.42,35.59,19.81,18.79
2024-04-08,38.1,29.18,21.43,16.14
2024-04-09,3.67,29.15,21.36,15.27
2024-04-10,1.43,30.89,20.91,16.67
2024-04-11,0.39,32.71,19.98,18.41
2024-04-12,0.02,33.53,20.3,19.22
2024-04-13,1.2,33.05,21.87,15.47
2024-04-14,4.29,26.67,21.95,9.05
2024-04-15,0.33,32.51,21.01,14.38
2024-04-16,1.47,33.96,21.1,15.82
2024-04-17,2.5,32.94,21.96,14.19
2024-04-18,5.4,28.71,19.72,14.86
2024-04-19,0.0,30.63,15.45,21.8
2024-04-20,0.03,32.76,15.04,20.57
2024-04-21,0.0,32.72,16.24,20.54
2024-04-22,0.0,32.48,15.71,20.76
2024-04-23,0.02,33.58,18.17,20.39
2024-04-24,0.0,34.46,19.14,17.21
2024-04-25,0.0,35.32,19.36,19.61
2024-04-26,0.0,35.74,19.95,19.46
2024-04-27,0.0,35.02,20.06,18.68
2024-04-28,0.0,35.31,20.2,19.36
2024-04-29,0.0,35.83,19.79,18.39
2024-04-30,0.0,35.66,20.08,18.42
2024-05-01,0.04,35.43,19.27,19.24
2024-05-02,0.0,35.81,19.17,18.95
2024-05-03,0.0,35.13,19.96,18.2
2024-05-04,0.0,36.05,19.58,18.47
2024-05-05,0.0,35.55,18.0,19.31
2024-05-06,0.0,35.39,19.08,18.9
2024-05-07,0.0,35.17,19.27,18.22
2024-05-08,0.0,34.62,21.08,18.56
2024-05-09,0.0,33.9,19.58,17.51
2024-05-10,0.0,34.31,19.18,18.29
2024-05-11,0.0,34.23,18.56,17.41
2024-05-12,0.0,34.27,18.43,18.2
2024-05-13,0.0,33.96,18.4,17.99
2024-05-14,0.0,32.95,19.47,16.43
2024-05-15,0.0,31.19,19.1,15.99
2024-05-16,0.0,33.45,18.41,17.18
2024-05-17,0.0,34.93,18.2,17.84
2024-05-18,0.0,34.71,19.48,17.22
2024-05-19,0.1,33.54,18.57,15.68
2024-05-20,0.0,32.63,18.96,16.22
2024-05-21,0.0,33.79,18.18,16.6
2024-05-22,0.0,33.37,17.81,17.15
2024-05-23,0.05,32.59,16.2,17.52
2024-05-24,2.39,31.96,18.52,6.44
2024-05-25,1.09,27.0,17.32,6.29
2024-05-26,9.13,23.72,14.99,5.62
2024-05-27,0.45,29.33,14.92,8.55
2024-05-28,0.14,24.13,13.29,7.94
2024-05-29,0.0,23.89,8.23,17.58
2024-05-30,0.0,24.84,8.8,17.1
2024-05-31,0.01,26.58,10.07,17.71
2024-06-01,0.01,29.19,11.02,16.85
2024-06-02,0.0,29.52,12.76,15.21
2024-06-03,0.0,29.41,15.15,14.18
2024-06-04,0.0,28.56,15.11,16.25
2024-06-05,0.0,30.13,14.44,15.43
2024-06-06,0.0,30.75,13.69,15.07
2024-06-07,0.0,31.09,14.3,15.84
2024-06-08,0.0,31.76,14.52,15.69
2024-06-09,0.0,32.2,15.14,15.77
2024-06-10,0.0,31.86,14.69,16.53
2024-06-11,0.0,31.99,14.68,16.64
2024-06-12,0.0,32.02,13.68,16.4
2024-06-13,0.0,31.5,13.13,16.67
2024-06-14,0.0,31.45,14.52,15.8
2024-06-15,0.0,31.72,16.21,15.62
2024-06-16,0.0,31.71,16.25,15.8
2024-06-17,0.0,31.54,14.44,16.28
2024-06-18,0.0,30.61,12.61,16.28
2024-06-19,0.0,31.54,13.63,16.05
2024-06-20,0.0,31.45,13.86,16.03
2024-06-21,0.0,31.02,13.14,15.69
2024-06-22,0.0,31.06,15.12,11.62
2024-06-23,0.0,31.86,16.68,14.24
2024-06-24,0.0,32.68,17.37,15.55
2024-06-25,0.0,32.07,19.16,14.83
2024-06-26,0.0,32.68,16.33,14.12
2024-06-27,0.0,30.34,17.62,14.47
2024-06-28,0.0,31.43,17.15,12.11
2024-06-29,0.13,31.3,19.32,13.62
2024-06-30,3.72,26.59,17.46,8.96
2024-07-01,3.77,27.16,14.4,3.89
2024-07-02,0.0,29.36,12.29,15.88
2024-07-03,0.03,29.83,15.46,13.66
2024-07-04,0.0,30.78,15.06,14.99
2024-07-05,0.05,30.29,14.22,10.09
2024-07-06,0.0,30.53,15.1,15.8
2024-07-07,0.0,31.29,14.49,14.41
2024-07-08,1.85,28.01,15.22,10.32
2024-07-09,7.27,26.65,15.29,3.87
2024-07-10,0.9,25.52,15.96,9.76
2024-07-11,0.0,31.35,15.39,12.78
2024-07-12,0.0,27.13,16.88,12.48
2024-07-13,0.0,28.87,15.69,14.1
2024-07-14,0.0,29.48,15.03,16.0
2024-07-15,0.0,28.13,14.72,15.11
2024-07-16,0.0,29.56,15.15,16.31
2024-07-17,0.01,29.81,14.29,16.66
2024-07-18,0.0,30.45,14.14,17.17
2024-07-19,0.0,30.3,13.01,17.44
2024-07-20,0.0,30.2,10.8,17.49
2024-07-21,0.0,30.88,10.5,17.69
2024-07-22,0.02,31.22,12.82,17.67
2024-07-23,0.01,31.16,12.12,17.98
2024-07-24,0.0,31.82,11.93,16.93
2024-07-25,0.0,30.37,13.02,17.7
2024-07-26,0.02,29.9,15.02,16.77
2024-07-27,0.2,31.46,14.79,15.36
2024-07-28,0.0,33.51,16.17,17.22
2024-07-29,0.0,32.9,16.95,15.29
2024-07-30,0.09,26.08,14.92,10.43
2024-07-31,0.06,31.77,14.07,17.46
2024-08-01,0.0,31.8,16.52,17.53
2024-08-02,0.0,30.67,15.53,14.1
2024-08-03,0.01,31.66,16.47,17.51
2024-08-04,0.0,30.91,17.63,16.31
2024-08-05,0.0,32.84,18.21,17.14
2024-08-06,0.01,33.14,17.96,17.93
2024-08-07,0.01,32.69,20.62,17.93
2024-08-08,0.27,34.34,18.06,15.24
2024-08-09,7.5,24.77,14.68,2.35
2024-08-10,3.01,22.1,10.87,16.7
2024-08-11,0.01,24.49,7.33,19.85
2024-08-12,0.0,25.83,7.89,17.46
2024-08-13,0.0,25.47,7.14,20.2
2024-08-14,0.0,26.9,8.82,17.36
2024-08-15,0.0,33.28,11.22,19.77
2024-08-16,0.0,35.09,14.86,19.24
2024-08-17,0.0,35.42,15.3,19.71
2024-08-18,0.0,36.04,15.93,20.06
2024-08-19,0.0,36.07,16.08,20.29
2024-08-20,0.07,36.28,18.3,20.08
2024-08-21,0.0,35.12,15.56,20.41
2024-08-22,0.0,35.89,16.21,20.77
2024-08-23,0.04,36.11,17.52,18.7
2024-08-24,2.56,33.0,16.59,11.73
2024-08-25,0.67,24.48,12.29,2.79
2024-08-26,0.43,25.26,8.98,16.79
2024-08-27,0.0,28.79,6.25,23.35
2024-08-28,0.01,33.19,8.98,21.69
2024-08-29,0.01,34.34,14.06,21.41
2024-08-30,0.01,34.93,15.83,22.31
2024-08-31,0.0,35.59,15.22,22.16
2024-09-01,0.0,36.4,16.48,21.53
2024-09-02,0.0,35.98,18.03,16.31
2024-09-03,0.0,37.41,18.02,19.99
2024-09-04,0.0,38.41,19.3,19.14
2024-09-05,0.0,37.97,19.28,18.03
2024-09-06,0.0,34.48,15.68,14.35
2024-09-07,0.0,37.88,16.75,17.69
2024-09-08,0.0,38.18,22.55,16.19
2024-09-09,0.0,37.15,20.41,17.37
2024-09-10,0.0,36.44,18.41,17.65
2024-09-11,0.0,37.41,18.44,22.99
2024-09-12,0.0,37.74,19.63,23.4
2024-09-13,0.0,38.0,18.88,21.62
2024-09-14,0.0,38.44,20.83,12.4
2024-09-15,0.06,35.14,20.3,14.39
2024-09-16,4.4,31.34,17.5,6.49
2024-09-17,0.02,31.92,15.73,23.67
2024-09-18,0.09,36.34,15.21,19.03
2024-09-19,0.02,38.19,17.94,19.07
2024-09-20,0.12,39.39,20.38,21.37
2024-09-21,0.08,35.29,20.24,12.93
2024-09-22,0.0,37.45,20.27,16.18
2024-09-23,0.0,38.81,20.54,20.1
2024-09-24,0.0,39.11,19.63,21.93
2024-09-25,0.0,40.31,21.04,24.29
2024-09-26,0.0,40.79,22.27,24.52
2024-09-27,0.18,36.27,23.12,12.87
2024-09-28,0.0,35.02,17.91,23.85
2024-09-29,0.0,38.55,17.15,24.5
2024-09-30,0.01,38.74,19.73,24.74
2024-10-01,0.0,39.65,22.98,24.53
2024-10-02,0.1,40.75,23.46,17.27
2024-10-03,0.08,35.46,20.29,14.73
2024-10-04,0.01,33.98,18.82,16.72
2024-10-05,0.02,36.43,15.67,25.83
2024-10-06,0.06,38.73,16.0,26.68
2024-10-07,0.0,38.85,18.78,22.83
2024-10-08,0.0,40.78,18.36,22.96
2024-10-09,0.03,39.2,19.67,10.64
2024-10-10,1.5,34.64,20.92,7.07
2024-10-11,4.8,38.16,21.98,9.6
2024-10-12,0.25,35.44,21.0,23.2
2024-10-13,0.01,36.48,20.0,26.98
2024-10-14,0.5,36.89,18.22,24.65
2024-10-15,0.06,35.55,20.58,22.98
2024-10-16,3.39,34.6,22.38,24.49
2024-10-17,0.0,36.9,21.77,25.46
2024-10-18,3.38,37.43,21.37,12.06
2024-10-19,8.15,29.14,18.58,9.86
2024-10-20,18.21,26.19,17.83,8.63
2024-10-21,2.43,29.72,19.38,16.84
2024-10-22,3.51,31.16,21.31,15.26
2024-10-23,4.56,31.89,22.25,19.54
2024-10-24,19.41,32.4,21.35,21.73
2024-10-25,4.12,30.22,22.66,16.86
2024-10-26,13.7,29.27,23.49,15.05
2024-10-27,9.62,31.03,19.24,17.18
2024-10-28,5.85,28.2,17.43,13.3
2024-10-29,0.81,32.08,19.62,26.93
2024-10-30,4.89,32.28,18.24,28.36
2024-10-31,0.0,32.31,17.69,24.86
2024-11-01,4.72,31.8,18.86,24.11
2024-11-02,12.0,26.17,21.45,8.63
2024-11-03,17.11,26.16,21.0,15.81
2024-11-04,23.14,27.05,20.83,8.02
2024-11-05,4.87,29.72,20.26,14.15
2024-11-06,21.32,29.36,21.31,14.56
2024-11-07,14.7,24.65,21.38,9.71
2024-11-08,11.92,27.42,21.69,11.91
2024-11-09,6.18,29.92,20.45,22.87
2024-11-10,0.0,30.48,17.06,29.66
2024-11-11,0.02,31.38,16.78,29.56
2024-11-12,1.31,33.7,20.82,26.63
2024-11-13,17.6,30.03,18.94,16.15
2024-11-14,0.28,30.52,17.03,26.08
2024-11-15,3.02,30.69,17.48,20.45
2024-11-16,14.78,30.4,20.92,16.86
2024-11-17,1.53,30.71,19.01,24.17
2024-11-18,0.0,31.99,19.08,28.92
2024-11-19,0.0,33.72,20.04,27.04
2024-11-20,0.04,33.2,20.26,25.35
2024-11-21,22.51,33.3,20.43,17.8
2024-11-22,4.74,29.01,19.63,15.42
2024-11-23,0.02,31.73,18.6,28.86
2024-11-24,0.0,30.92,17.37,29.77
2024-11-25,0.0,31.42,16.41,28.02
2024-11-26,0.04,32.75,19.15,28.95
2024-11-27,0.0,34.77,20.35,28.26
2024-11-28,14.39,31.61,22.58,13.0
2024-11-29,8.38,27.72,22.27,9.81
2024-11-30,0.4,31.93,21.9,24.07
2024-12-01,2.26,33.27,21.7,26.05
2024-12-02,7.61,28.94,23.17,8.64
2024-12-03,14.27,28.22,22.59,16.56
2024-12-04,5.76,30.15,20.38,9.91
2024-12-05,1.66,31.23,19.57,17.47
2024-12-06,1.52,31.24,22.55,25.11
2024-12-07,0.47,32.79,23.1,25.7
2024-12-08,4.69,28.37,21.83,17.29
2024-12-09,5.36,31.3,20.65,16.9
2024-12-10,5.74,29.46,22.44,19.93
2024-12-11,0.07,31.88,19.3,25.46
2024-12-12,0.01,31.7,17.48,28.97
2024-12-13,0.62,31.03,18.52,23.07
2024-12-14,9.2,26.29,21.86,9.33
2024-12-15,4.28,30.33,21.65,23.2
2024-12-16,0.19,31.31,19.27,28.3
2024-12-17,0.0,32.59,17.61,29.23
2024-12-18,0.04,33.48,17.72,29.17
2024-12-19,0.02,34.2,19.16,23.75
2024-12-20,3.03,31.75,22.47,20.61
2024-12-21,5.53,30.76,22.3,17.85
2024-12-22,5.6,29.99,22.0,18.35
2024-12-23,0.2,31.83,22.37,26.5
2024-12-24,0.02,32.67,20.18,29.09
2024-12-25,17.52,31.5,20.86,18.13
2024-12-26,26.21,27.5,22.03,11.8
2024-12-27,4.23,30.69,22.1,17.85
2024-12-28,4.48,30.91,22.27,24.37
2024-12-29,2.48,31.49,20.5,26.17
2024-12-30,0.42,31.38,20.55,30.09
2024-12-31,0.07,31.89,19.84,28.87
2025-01-01,5.08,31.55,20.62,25.97
2025-01-02,0.83,31.95,20.34,27.36
2025-01-03,1.27,31.85,20.57,21.34
2025-01-04,2.64,29.68,20.24,22.21
2025-01-05,0.3,33.24,17.93,30.75
2025-01-06,0.0,34.01,19.67,28.84
2025-01-07,0.85,32.96,22.37,21.75
2025-01-08,0.59,34.46,20.11,24.55
2025-01-09,0.21,34.58,20.86,27.25
2025-01-10,0.03,34.04,19.27,29.33
2025-01-11,0.23,35.48,18.65,29.63
2025-01-12,0.13,34.99,20.8,26.1
2025-01-13,0.01,34.03,19.46,28.51
2025-01-14,0.01,34.74,17.31,29.49
2025-01-15,1.1,35.51,18.81,25.84
2025-01-16,20.56,33.67,22.16,16.52
2025-01-17,10.25,26.95,22.54,15.06
2025-01-18,1.37,30.79,22.22,26.1
2025-01-19,0.58,32.25,22.03,27.08
2025-01-20,0.65,33.4,22.29,25.06
2025-01-21,0.31,34.44,22.59,27.37
2025-01-22,2.02,35.42,23.43,27.36
2025-01-23,2.12,33.68,22.83,21.49
2025-01-24,0.14,36.83,22.01,28.81
2025-01-25,5.2,36.54,22.77,27.38
2025-01-26,1.68,35.0,23.29,24.86
2025-01-27,3.16,32.09,22.76,16.38
2025-01-28,1.56,32.64,22.34,23.76
2025-01-29,6.33,34.19,22.55,13.7
2025-01-30,3.16,33.51,22.17,20.19
2025-01-31,18.62,28.01,22.59,14.61
2025-02-01,9.98,27.49,21.72,15.84
2025-02-02,4.51,29.33,20.76,16.73
2025-02-03,18.71,26.91,22.12,11.68
2025-02-04,5.95,28.45,21.5,14.29
2025-02-05,0.43,29.19,21.16,16.12
2025-02-06,0.12,28.96,21.7,19.98
2025-02-07,2.12,32.45,20.46,25.46
2025-02-08,0.67,33.4,21.9,27.32
2025-02-09,0.02,33.82,20.86,27.28
2025-02-10,1.36,32.94,20.32,23.26
2025-02-11,0.05,33.7,21.51,25.26
2025-02-12,1.38,32.12,20.88,22.14
2025-02-13,0.53,33.97,21.57,22.52
2025-02-14,0.1,34.12,22.23,24.26
2025-02-15,0.05,36.78,23.22,24.26
2025-02-16,0.02,37.46,23.73,26.37
2025-02-17,0.0,37.23,21.0,26.54
2025-02-18,3.37,36.3,25.21,16.3
2025-02-19,1.77,36.27,22.76,25.63
2025-02-20,0.1,37.1,23.42,25.78
2025-02-21,0.12,37.57,22.91,26.49
2025-02-22,0.28,35.67,22.82,23.59
2025-02-23,0.09,35.99,22.27,24.27
2025-02-24,1.51,35.13,22.5,24.78
2025-02-25,2.35,36.01,21.94,21.26
2025-02-26,16.88,34.81,22.59,25.34
2025-02-27,0.27,36.1,21.3,25.31
2025-02-28,0.05,36.48,21.49,25.81
2025-03-01,0.01,37.01,21.7,26.89
2025-03-02,0.0,34.52,21.96,22.7
2025-03-03,0.0,37.25,21.13,25.38
2025-03-04,1.27,36.13,22.92,23.58
2025-03-05,0.71,34.46,21.3,23.62
2025-03-06,0.0,34.29,22.07,25.9
2025-03-07,0.01,36.11,19.7,25.46
2025-03-08,0.01,36.56,20.3,25.04
2025-03-09,0.13,37.08,22.2,24.9
2025-03-10,0.17,37.64,22.37,23.32
2025-03-11,0.56,34.68,22.7,9.93
2025-03-12,0.0,36.47,22.55,21.57
2025-03-13,0.15,35.22,22.77,20.1
2025-03-14,0.01,37.1,22.48,22.51
2025-03-15,3.38,37.4,22.74,23.12
2025-03-16,1.32,36.53,22.16,22.24
2025-03-17,0.17,36.31,21.12,19.3
2025-03-18,5.39,34.67,21.93,16.93
2025-03-19,1.33,33.83,22.24,18.24
2025-03-20,0.0,33.98,19.65,25.18
2025-03-21,0.04,34.57,17.65,25.38
2025-03-22,0.26,35.87,18.93,21.15
2025-03-23,1.88,31.54,22.77,18.02
2025-03-24,0.25,35.31,21.41,21.6
2025-03-25,0.03,36.63,21.84,21.61
2025-03-26,0.93,35.08,22.65,18.06
2025-03-27,0.01,35.8,20.69,23.21
2025-03-28,0.82,36.56,21.17,20.56
2025-03-29,0.21,36.96,22.2,19.97
2025-03-30,1.17,36.55,22.51,20.28
2025-03-31,1.62,34.03,21.82,8.86
