data,PRECTOTCORR,T2M_MAX,T2M_MIN,ALLSKY_SFC_SW_DWN
2013-10-01,4.48,29.8,22.1,11.84
2013-10-02,17.93,26.61,21.96,6.33
2013-10-03,18.5,29.1,20.31,19.66
2013-10-04,8.59,27.11,20.9,6.21
2013-10-05,0.01,27.82,17.15,24.73
2013-10-06,0.0,27.3,14.84,25.29
2013-10-07,0.01,27.07,15.77,24.59
2013-10-08,0.07,26.52,15.79,13.95
2013-10-09,0.0,28.87,16.12,23.44
2013-10-10,0.0,29.68,17.61,24.78
2013-10-11,0.0,30.06,17.35,25.17
2013-10-12,0.04,28.95,20.8,10.08
2013-10-13,0.01,32.88,18.95,25.56
2013-10-14,0.01,32.94,22.37,22.24
2013-10-15,1.99,28.09,22.31,10.04
2013-10-16,4.67,25.68,20.52,7.9
2013-10-17,4.29,27.36,19.26,16.16
2013-10-18,1.29,30.47,19.17,19.32
2013-10-19,0.0,31.54,18.62,28.9
2013-10-20,0.0,33.91,17.82,29.24
2013-10-21,1.84,33.46,23.12,26.14
2013-10-22,0.93,32.06,22.37,25.51
2013-10-23,1.18,31.76,23.22,24.02
2013-10-24,0.7,33.43,23.17,24.87
2013-10-25,7.82,28.61,22.64,23.87
2013-10-26,0.1,34.52,20.22,25.09
2013-10-27,2.55,34.0,24.2,21.18
2013-10-28,0.17,31.84,18.38,28.99
2013-10-29,0.0,32.75,15.49,28.92
2013-10-30,0.04,33.92,18.52,27.77
2013-10-31,0.91,33.11,20.82,26.44
2013-11-01,7.66,31.76,19.73,24.46
2013-11-02,0.14,33.41,19.86,23.7
2013-11-03,15.04,30.48,23.44,22.87
2013-11-04,9.97,27.23,21.62,12.11
2013-11-05,2.9,27.39,19.28,11.98
2013-11-06,13.41,27.05,18.13,8.66
2013-11-07,2.21,28.51,17.85,19.16
2013-11-08,0.17,31.02,18.82,27.81
2013-11-09,0.0,33.22,19.35,29.54
2013-11-10,0.42,35.33,21.28,26.84
2013-11-11,12.7,33.34,24.5,22.47
2013-11-12,0.19,29.17,23.93,19.09
2013-11-13,0.03,33.85,20.2,27.99
2013-11-14,0.0,33.31,18.87,29.42
2013-11-15,2.85,33.37,20.1,28.46
2013-11-16,5.23,32.59,22.51,9.62
2013-11-17,7.09,30.15,21.56,21.42
2013-11-18,2.83,31.06,19.86,25.6
2013-11-19,2.19,32.53,23.01,25.77
2013-11-20,0.01,34.83,22.68,24.02
2013-11-21,7.39,30.44,23.56,20.83
2013-11-22,15.97,27.73,22.25,14.3
2013-11-23,2.37,29.03,19.47,13.64
2013-11-24,2.47,26.89,20.64,16.93
2013-11-25,1.56,26.17,21.27,12.33
2013-11-26,0.18,30.8,19.91,24.18
2013-11-27,0.0,31.63,20.49,27.39
2013-11-28,0.08,34.77,21.74,29.01
2013-11-29,1.05,35.16,23.71,27.24
2013-11-30,0.4,29.24,23.31,25.03
2013-12-01,4.01,30.94,23.04,20.4
2013-12-02,5.13,30.44,23.33,18.82
2013-12-03,0.61,34.73,23.21,26.36
2013-12-04,0.02,36.7,22.59,27.83
2013-12-05,9.64,33.28,25.37,26.69
2013-12-06,0.02,33.3,22.97,26.98
2013-12-07,0.31,29.23,23.92,16.63
2013-12-08,1.71,33.37,23.21,26.25
2013-12-09,7.14,32.22,25.03,24.24
2013-12-10,9.88,28.18,23.37,11.24
2013-12-11,16.5,28.14,22.8,12.92
2013-12-12,0.13,30.7,20.45,27.36
2013-12-13,0.05,31.99,19.1,27.37
2013-12-14,3.99,30.02,21.68,19.75
2013-12-15,0.48,33.4,20.67,25.35
2013-12-16,0.5,33.89,22.05,27.68
2013-12-17,0.02,34.13,20.23,30.22
2013-12-18,0.09,34.39,20.0,28.7
2013-12-19,0.07,34.38,21.2,29.51
2013-12-20,0.6,34.47,22.59,27.04
2013-12-21,0.18,33.82,21.87,28.44
2013-12-22,0.7,33.51,21.4,28.02
2013-12-23,5.45,27.35,22.56,15.62
2013-12-24,2.57,29.98,21.29,17.91
2013-12-25,1.62,32.25,22.25,20.72
2013-12-26,0.07,35.64,23.59,25.22
2013-12-27,2.69,35.73,26.19,18.58
2013-12-28,7.01,26.77,24.44,22.22
2013-12-29,6.64,29.97,23.21,16.88
2013-12-30,10.79,30.2,23.39,18.77
2013-12-31,4.64,30.52,23.74,16.12
2014-01-01,5.48,31.18,22.8,22.44
2014-01-02,0.23,31.3,23.69,24.99
2014-01-03,0.82,34.1,24.35,29.36
2014-01-04,1.06,36.25,24.28,26.56
2014-01-05,0.94,32.24,23.83,29.35
2014-01-06,0.24,30.44,24.59,27.96
2014-01-07,0.92,34.26,21.35,26.5
2014-01-08,1.35,30.25,24.05,27.72
2014-01-09,0.22,29.34,23.86,21.06
2014-01-10,0.19,33.65,21.9,26.26
2014-01-11,1.88,33.31,23.38,26.39
2014-01-12,3.25,31.39,24.91,21.08
2014-01-13,0.84,29.62,23.63,17.2
2014-01-14,3.15,31.21,22.51,21.61
2014-01-15,0.73,31.41,22.26,26.01
2014-01-16,0.74,32.47,22.08,19.03
2014-01-17,0.43,33.33,23.12,21.54
2014-01-18,3.16,31.92,24.46,27.92
2014-01-19,0.6,34.06,23.48,29.96
2014-01-20,0.01,36.76,23.21,29.43
2014-01-21,0.06,35.0,24.43,26.42
2014-01-22,8.96,33.01,24.07,24.52
2014-01-23,1.4,31.39,24.19,18.99
2014-01-24,7.86,33.64,22.95,22.36
2014-01-25,0.15,31.79,23.66,25.6
2014-01-26,1.73,34.26,23.02,26.11
2014-01-27,3.08,34.55,24.53,27.58
2014-01-28,0.3,34.94,23.2,28.52
2014-01-29,0.0,36.21,21.08,30.73
2014-01-30,0.01,36.67,22.24,27.37
2014-01-31,0.0,36.7,24.33,29.25
2014-02-01,0.0,37.36,26.19,29.52
2014-02-02,0.0,36.35,24.81,24.54
2014-02-03,0.0,37.4,23.65,28.34
2014-02-04,0.0,37.37,24.17,28.59
2014-02-05,0.01,37.79,25.54,27.58
2014-02-06,0.01,38.28,27.64,27.87
2014-02-07,0.13,37.73,23.78,29.73
2014-02-08,2.44,34.38,25.93,25.23
2014-02-09,0.06,37.66,23.63,26.44
2014-02-10,0.07,38.38,24.23,23.72
2014-02-11,0.0,35.85,26.4,25.01
2014-02-12,0.26,35.82,24.01,20.09
2014-02-13,3.17,29.27,24.64,22.01
2014-02-14,18.13,33.97,23.66,21.17
2014-02-15,32.17,27.02,22.4,11.77
2014-02-16,2.65,29.06,21.5,18.6
2014-02-17,6.71,30.27,21.19,21.07
2014-02-18,0.56,31.21,21.2,21.83
2014-02-19,0.93,32.27,21.69,27.11
2014-02-20,0.23,32.91,20.85,24.04
2014-02-21,8.31,29.59,24.16,16.33
2014-02-22,5.67,27.69,23.03,12.43
2014-02-23,4.23,28.67,22.09,15.65
2014-02-24,4.38,29.29,21.76,12.73
2014-02-25,1.03,31.81,20.92,18.87
2014-02-26,0.02,32.61,21.83,25.59
2014-02-27,5.24,32.85,24.16,22.55
2014-02-28,6.29,30.11,23.62,17.57
2014-03-01,0.55,28.5,22.82,19.15
2014-03-02,0.39,31.3,21.81,25.76
2014-03-03,17.84,30.88,22.24,22.05
2014-03-04,6.13,29.65,22.63,15.82
2014-03-05,8.62,27.95,21.86,9.63
2014-03-06,13.78,29.01,22.31,23.05
2014-03-07,2.41,30.28,21.89,22.53
2014-03-08,0.2,30.36,18.93,20.87
2014-03-09,0.04,31.12,21.33,25.18
2014-03-10,0.6,30.83,22.68,22.58
2014-03-11,21.85,28.79,23.26,21.35
2014-03-12,1.47,26.87,22.37,13.32
2014-03-13,1.04,27.37,22.12,12.08
2014-03-14,0.72,30.94,21.76,23.17
2014-03-15,0.14,32.17,21.73,23.76
2014-03-16,0.05,32.49,22.34,24.52
2014-03-17,0.28,32.61,22.07,24.85
2014-03-18,1.01,33.16,23.45,24.3
2014-03-19,0.11,32.52,24.03,23.62
2014-03-20,15.15,29.94,24.27,16.84
2014-03-21,15.64,26.79,23.32,17.28
2014-03-22,0.89,29.89,22.85,14.85
2014-03-23,0.0,29.76,21.06,21.84
2014-03-24,0.04,30.11,19.49,22.38
2014-03-25,0.03,29.98,19.66,22.73
2014-03-26,0.35,30.47,19.84,22.86
2014-03-27,0.17,31.0,20.32,21.33
2014-03-28,3.19,30.02,21.92,20.98
2014-03-29,6.86,29.43,20.76,20.0
2014-03-30,18.12,25.38,22.3,12.49
2014-03-31,1.86,27.8,21.64,17.72
2014-04-01,0.31,30.63,22.17,19.91
2014-04-02,0.31,31.08,22.1,22.38
2014-04-03,0.01,31.26,20.84,21.48
2014-04-04,0.11,31.77,21.33,21.86
2014-04-05,0.0,31.39,22.03,22.36
2014-04-06,0.0,32.57,20.54,22.75
2014-04-07,0.0,33.55,20.95,21.9
2014-04-08,0.18,33.96,22.41,21.11
2014-04-09,4.19,31.76,25.12,17.5
2014-04-10,0.01,30.19,23.55,14.98
2014-04-11,0.15,31.59,22.82,18.2
2014-04-12,20.79,27.22,23.77,16.19
2014-04-13,1.62,28.06,22.53,14.77
2014-04-14,7.7,28.03,19.7,13.7
2014-04-15,6.44,26.13,18.3,10.82
2014-04-16,0.27,28.21,19.34,13.83
2014-04-17,0.0,29.91,19.18,20.06
2014-04-18,0.0,30.4,19.55,19.78
2014-04-19,0.71,31.11,20.67,17.07
2014-04-20,0.0,30.35,20.78,19.42
2014-04-21,1.66,30.13,21.12,18.58
2014-04-22,5.47,29.83,20.74,13.11
2014-04-23,1.6,26.76,20.97,10.09
2014-04-24,0.04,28.48,20.85,16.25
2014-04-25,0.0,27.99,18.17,19.89
2014-04-26,0.0,28.21,16.79,20.78
2014-04-27,0.0,27.43,15.4,20.64
2014-04-28,0.0,27.88,15.08,20.44
2014-04-29,0.0,28.24,14.81,19.92
2014-04-30,0.0,28.36,15.52,18.76
2014-05-01,0.17,28.43,15.42,12.46
2014-05-02,0.0,28.72,16.7,12.86
2014-05-03,0.0,26.68,17.87,13.92
2014-05-04,0.0,29.88,15.85,18.89
2014-05-05,0.0,30.57,17.35,17.92
2014-05-06,0.0,29.53,18.1,15.48
2014-05-07,0.0,30.85,19.42,14.57
2014-05-08,0.0,30.68,20.13,17.42
2014-05-09,0.0,29.92,18.02,17.33
2014-05-10,0.0,27.84,16.52,18.49
2014-05-11,0.0,28.01,15.17,18.89
2014-05-12,0.0,28.96,15.56,17.67
2014-05-13,0.0,29.0,16.49,14.69
2014-05-14,0.0,29.22,18.14,16.56
2014-05-15,0.0,28.34,15.61,16.79
2014-05-16,0.03,30.22,17.01,15.52
2014-05-17,0.05,30.29,17.55,15.88
2014-05-18,0.05,28.99,19.74,13.08
2014-05-19,0.0,29.86,17.17,17.22
2014-05-20,0.01,29.7,15.87,16.33
2014-05-21,0.0,30.31,16.84,16.47
2014-05-22,17.73,29.37,19.95,11.14
2014-05-23,9.18,25.75,21.65,5.89
2014-05-24,0.56,26.11,17.97,7.61
2014-05-25,0.05,23.12,17.86,6.8
2014-05-26,0.06,22.47,13.31,11.26
2014-05-27,0.0,21.06,10.77,9.02
2014-05-28,0.12,23.19,12.12,13.89
2014-05-29,0.03,25.55,14.05,16.33
2014-05-30,0.0,26.73,13.84,17.15
2014-05-31,0.0,28.11,13.64,16.0
2014-06-01,1.11,25.01,18.01,3.68
2014-06-02,0.38,25.2,12.71,15.82
2014-06-03,0.01,23.7,9.54,17.32
2014-06-04,0.02,27.78,8.72,16.9
2014-06-05,0.0,30.33,17.1,14.43
2014-06-06,0.0,29.67,18.07,10.34
2014-06-07,0.0,30.99,18.99,14.24
2014-06-08,0.0,30.83,19.02,15.75
2014-06-09,0.02,28.99,20.12,13.74
2014-06-10,0.0,28.75,18.23,14.12
2014-06-11,0.0,28.65,17.29,16.16
2014-06-12,0.0,28.79,17.49,15.66
2014-06-13,0.0,28.86,17.21,15.63
2014-06-14,0.0,29.42,17.33,13.78
2014-06-15,0.0,29.37,18.66,15.28
2014-06-16,0.0,29.98,17.06,16.03
2014-06-17,0.0,30.23,17.18,15.8
2014-06-18,0.0,29.05,16.75,15.47
2014-06-19,0.23,26.85,15.57,15.83
2014-06-20,0.0,25.84,13.35,15.12
2014-06-21,0.0,26.18,13.01,13.26
2014-06-22,0.03,28.22,13.77,15.4
2014-06-23,0.0,28.27,17.01,12.98
2014-06-24,0.0,29.12,16.06,15.71
2014-06-25,0.0,29.18,16.3,15.37
2014-06-26,0.0,29.35,16.91,14.48
2014-06-27,0.0,30.39,17.19,15.93
2014-06-28,0.0,29.59,17.27,14.02
2014-06-29,0.01,22.18,14.96,5.77
2014-06-30,0.0,23.01,10.69,16.44
2014-07-01,0.0,26.73,11.09,16.52
2014-07-02,0.0,30.4,16.6,15.77
2014-07-03,0.0,31.74,17.72,15.39
2014-07-04,0.0,30.78,18.17,15.19
2014-07-05,0.0,30.03,17.4,15.5
2014-07-06,0.0,29.34,16.45,15.85
2014-07-07,0.13,26.6,18.37,6.21
2014-07-08,0.88,27.39,16.94,9.12
2014-07-09,4.98,23.89,16.2,11.41
2014-07-10,0.1,26.15,16.2,7.99
2014-07-11,0.0,25.73,14.28,16.8
2014-07-12,0.0,26.85,13.89,16.67
2014-07-13,0.04,27.9,13.73,16.72
2014-07-14,0.0,27.99,14.4,16.63
2014-07-15,0.0,28.19,14.41,16.89
2014-07-16,0.0,29.33,14.99,16.82
2014-07-17,0.07,30.51,18.98,16.7
2014-07-18,0.48,27.84,16.57,8.81
2014-07-19,0.02,25.27,13.46,17.43
2014-07-20,0.0,26.01,9.76,17.09
2014-07-21,0.0,28.44,10.01,18.26
2014-07-22,0.0,30.09,13.88,17.29
2014-07-23,0.17,30.57,17.42,15.64
2014-07-24,12.13,28.22,14.69,3.23
2014-07-25,0.47,20.27,12.79,5.36
2014-07-26,3.79,20.93,13.92,7.01
2014-07-27,1.13,21.81,13.92,6.54
2014-07-28,0.05,24.04,14.37,9.56
2014-07-29,0.03,26.96,15.17,16.87
2014-07-30,0.0,27.8,15.08,17.41
2014-07-31,0.0,28.76,14.29,18.4
2014-08-01,0.0,30.16,15.89,18.45
2014-08-02,0.0,30.37,16.47,18.9
2014-08-03,0.0,31.16,17.94,19.03
2014-08-04,0.0,31.18,18.6,18.26
2014-08-05,0.0,28.88,16.91,18.41
2014-08-06,0.0,29.58,14.15,19.03
2014-08-07,0.0,30.17,15.08,19.0
2014-08-08,0.0,29.79,14.96,19.07
2014-08-09,0.0,29.31,15.59,18.99
2014-08-10,0.0,28.64,14.1,17.68
2014-08-11,0.0,31.15,15.51,19.8
2014-08-12,0.0,31.99,17.71,19.26
2014-08-13,3.22,29.82,14.41,9.96
2014-08-14,0.0,25.06,12.56,17.87
2014-08-15,0.0,30.39,15.38,18.25
2014-08-16,0.0,30.5,18.93,19.1
2014-08-17,0.5,29.99,18.88,17.25
2014-08-18,0.01,29.88,18.25,18.77
2014-08-19,0.0,29.76,16.49,20.41
2014-08-20,0.0,31.73,14.64,21.39
2014-08-21,0.0,32.33,16.38,21.14
2014-08-22,0.0,33.34,16.98,21.4
2014-08-23,0.0,33.9,17.03,21.05
2014-08-24,0.0,33.03,17.39,21.66
2014-08-25,0.0,33.51,17.94,21.47
2014-08-26,0.01,29.4,19.22,17.13
2014-08-27,0.0,27.28,17.3,14.1
2014-08-28,0.0,31.32,16.87,16.23
2014-08-29,0.0,30.42,16.73,19.81
2014-08-30,0.0,33.33,16.81,20.97
2014-08-31,0.11,35.11,18.36,20.18
2014-09-01,1.23,34.25,19.92,16.67
2014-09-02,11.41,34.33,21.56,20.07
2014-09-03,0.52,32.66,21.93,18.09
2014-09-04,0.0,29.77,18.44,22.66
2014-09-05,0.0,30.38,16.23,22.16
2014-09-06,0.0,31.95,16.93,23.17
2014-09-07,0.0,33.11,18.13,18.42
2014-09-08,0.0,33.24,18.69,22.22
2014-09-09,0.0,33.75,19.19,23.45
2014-09-10,0.0,34.65,18.63,24.01
2014-09-11,0.0,35.93,21.05,23.04
2014-09-12,0.0,35.56,19.33,24.01
2014-09-13,0.0,34.59,18.22,22.23
2014-09-14,0.0,35.77,18.94,23.71
2014-09-15,0.0,35.74,20.89,16.19
2014-09-16,0.0,33.14,20.75,22.74
2014-09-17,0.0,35.17,18.72,24.28
2014-09-18,0.0,37.22,19.57,20.99
2014-09-19,8.79,36.92,23.52,13.22
2014-09-20,5.48,34.15,23.02,6.02
2014-09-21,5.15,30.56,20.59,21.05
2014-09-22,0.1,30.92,16.67,26.16
2014-09-23,0.01,34.53,15.33,25.52
2014-09-24,12.89,35.32,23.63,19.25
2014-09-25,3.79,30.79,22.4,14.26
2014-09-26,10.15,28.66,23.01,13.57
2014-09-27,2.41,29.83,21.73,7.01
2014-09-28,0.0,32.44,21.18,14.94
2014-09-29,11.89,33.57,22.19,20.56
2014-09-30,0.1,29.9,22.03,12.42
2014-10-01,0.15,33.72,23.65,20.33
2014-10-02,0.0,30.84,17.58,23.13
2014-10-03,0.0,29.68,15.59,27.3
2014-10-04,0.0,29.28,14.25,26.97
2014-10-05,0.0,29.27,14.97,25.02
2014-10-06,0.0,31.16,14.34,25.82
2014-10-07,0.0,31.76,16.01,16.81
2014-10-08,0.0,33.74,17.28,27.79
2014-10-09,0.0,35.04,17.88,28.28
2014-10-10,0.0,36.77,20.23,27.29
2014-10-11,0.0,37.63,21.46,26.94
2014-10-12,0.0,38.44,21.65,26.69
2014-10-13,0.0,38.89,22.65,26.27
2014-10-14,0.0,39.3,24.96,26.81
2014-10-15,0.0,39.23,24.7,24.87
2014-10-16,0.0,40.6,23.43,24.24
2014-10-17,0.0,39.96,25.54,22.63
2014-10-18,0.18,40.03,24.6,23.31
2014-10-19,0.59,36.98,24.87,20.43
2014-10-20,0.4,35.51,24.51,7.92
2014-10-21,0.0,33.55,21.07,24.62
2014-10-22,0.01,34.63,18.85,26.09
2014-10-23,2.26,34.53,21.35,25.97
2014-10-24,4.94,29.41,23.11,21.52
2014-10-25,6.3,25.55,21.22,9.29
2014-10-26,2.74,30.69,19.96,18.06
2014-10-27,0.65,33.02,21.67,23.67
2014-10-28,0.0,33.88,19.05,29.52
2014-10-29,0.0,34.62,17.54,29.88
2014-10-30,1.84,35.86,21.81,26.4
2014-10-31,1.89,30.2,23.01,22.0
2014-11-01,4.71,33.01,23.28,20.31
2014-11-02,7.23,29.48,23.98,23.97
2014-11-03,5.58,30.38,22.89,14.87
2014-11-04,16.36,27.16,22.95,15.65
2014-11-05,4.84,30.8,22.5,24.14
2014-11-06,12.21,32.43,20.69,27.14
2014-11-07,22.23,31.14,23.68,21.35
2014-11-08,0.03,28.69,22.89,15.45
2014-11-09,0.01,31.54,20.7,24.77
2014-11-10,0.0,32.57,20.03,30.52
2014-11-11,0.01,32.94,17.56,29.01
2014-11-12,2.19,27.37,20.32,16.54
2014-11-13,0.77,32.35,22.47,22.85
2014-11-14,2.71,31.81,20.51,24.55
2014-11-15,0.0,31.69,18.7,28.98
2014-11-16,0.77,31.44,17.19,29.95
2014-11-17,0.02,33.56,17.09,30.51
2014-11-18,0.4,33.3,18.33,25.47
2014-11-19,0.52,35.15,21.71,27.37
2014-11-20,6.27,31.56,24.24,20.26
2014-11-21,0.17,34.64,23.02,19.77
2014-11-22,8.84,28.29,23.95,12.3
2014-11-23,5.75,29.35,22.9,15.77
2014-11-24,5.36,30.77,22.8,18.77
2014-11-25,25.19,26.8,23.24,16.78
2014-11-26,6.26,27.01,22.29,16.6
2014-11-27,5.79,28.58,22.85,19.5
2014-11-28,14.03,29.44,21.72,18.01
2014-11-29,4.45,27.34,20.78,18.39
2014-11-30,2.67,29.61,22.01,14.11
2014-12-01,0.39,28.53,22.38,19.11
2014-12-02,0.01,27.67,20.54,20.37
2014-12-03,0.21,31.47,21.31,20.27
2014-12-04,2.9,31.98,22.26,21.81
2014-12-05,0.2,28.14,20.45,23.87
2014-12-06,4.11,30.97,19.75,23.8
2014-12-07,0.99,30.03,21.56,24.93
2014-12-08,2.18,27.11,21.98,19.16
2014-12-09,2.4,27.14,21.53,18.71
2014-12-10,9.59,26.22,21.92,17.4
2014-12-11,4.47,28.98,21.54,20.28
2014-12-12,14.51,29.49,21.25,18.88
2014-12-13,21.46,26.9,21.69,12.68
2014-12-14,2.81,30.56,21.85,21.72
2014-12-15,0.01,30.66,18.79,30.65
2014-12-16,0.0,31.7,17.64,28.26
2014-12-17,0.0,32.42,20.49,27.22
2014-12-18,0.13,33.54,22.27,27.5
2014-12-19,2.89,32.95,24.8,24.5
2014-12-20,0.76,32.93,23.62,22.26
2014-12-21,5.49,27.36,24.01,15.72
2014-12-22,11.77,28.88,23.05,18.11
2014-12-23,30.29,29.22,22.4,9.66
2014-12-24,1.53,28.59,19.86,17.56
2014-12-25,0.63,31.28,21.2,23.66
2014-12-26,0.02,33.44,22.64,30.25
2014-12-27,0.0,34.1,22.6,29.07
2014-12-28,2.72,33.71,23.89,29.35
2014-12-29,0.67,32.77,24.7,25.87
2014-12-30,7.31,31.87,23.36,27.04
2014-12-31,1.04,30.47,24.27,21.22
2015-01-01,1.25,31.12,24.08,24.42
2015-01-02,1.17,28.44,25.29,26.43
2015-01-03,6.83,30.18,24.04,26.89
2015-01-04,4.69,30.42,23.11,22.23
2015-01-05,6.32,30.26,22.33,19.84
2015-01-06,15.53,30.56,22.17,22.33
2015-01-07,5.61,32.37,22.28,27.51
2015-01-08,3.8,30.67,22.81,17.38
2015-01-09,0.07,33.23,23.54,28.39
2015-01-10,2.75,33.93,23.69,28.91
2015-01-11,5.91,33.24,24.13,28.74
2015-01-12,3.68,35.01,24.11,24.35
2015-01-13,0.93,33.04,24.5,23.6
2015-01-14,0.77,30.88,24.11,19.66
2015-01-15,6.57,31.07,23.94,28.39
2015-01-16,0.37,33.49,23.29,29.77
2015-01-17,0.03,35.14,23.81,28.92
2015-01-18,0.0,35.96,24.38,27.75
2015-01-19,0.78,37.94,25.0,28.55
2015-01-20,2.55,37.85,23.89,28.86
2015-01-21,0.99,32.2,24.99,21.84
2015-01-22,1.51,33.36,23.56,26.08
2015-01-23,0.5,29.94,21.79,22.68
2015-01-24,0.6,32.64,22.0,24.57
2015-01-25,1.39,31.43,23.51,18.88
2015-01-26,20.62,32.34,22.15,22.7
2015-01-27,17.25,28.88,23.14,19.22
2015-01-28,16.4,28.53,22.79,22.11
2015-01-29,2.44,29.75,23.39,19.67
2015-01-30,0.09,29.34,23.68,23.1
2015-01-31,3.33,32.41,22.2,27.23
2015-02-01,1.12,33.32,22.3,28.71
2015-02-02,2.89,32.52,23.22,27.81
2015-02-03,5.58,31.82,22.16,27.17
2015-02-04,5.03,28.88,23.48,11.87
2015-02-05,1.6,29.83,22.88,17.51
2015-02-06,10.99,29.95,22.83,22.98
2015-02-07,1.22,31.28,21.66,26.9
2015-02-08,4.5,31.38,21.92,24.82
2015-02-09,5.94,30.41,22.04,16.62
2015-02-10,11.65,26.38,22.54,18.33
2015-02-11,5.23,29.92,22.24,22.65
2015-02-12,20.75,29.96,23.37,23.25
2015-02-13,11.21,29.0,23.12,14.26
2015-02-14,2.61,28.53,23.05,20.52
2015-02-15,6.21,28.11,22.54,14.08
2015-02-16,1.5,28.12,21.16,20.0
2015-02-17,24.12,26.53,21.89,13.74
2015-02-18,10.8,28.47,21.85,13.91
2015-02-19,4.7,27.0,22.16,18.11
2015-02-20,5.92,28.02,21.93,16.64
2015-02-21,0.06,31.36,21.92,25.71
2015-02-22,0.03,31.13,22.27,27.22
2015-02-23,0.0,32.18,21.75,26.28
2015-02-24,2.23,31.41,22.46,25.63
2015-02-25,9.41,29.64,22.71,23.86
2015-02-26,2.54,28.3,22.48,20.38
2015-02-27,4.29,28.4,21.54,22.84
2015-02-28,0.74,30.49,21.4,26.31
2015-03-01,0.99,28.72,21.02,25.57
2015-03-02,0.08,30.71,20.11,24.85
2015-03-03,0.97,31.08,21.08,23.26
2015-03-04,2.04,31.45,22.41,23.41
2015-03-05,2.91,30.68,23.13,23.22
2015-03-06,5.4,28.07,23.74,16.2
2015-03-07,5.65,29.48,23.79,15.21
2015-03-08,8.01,27.32,23.01,11.74
2015-03-09,21.29,25.45,22.64,6.98
2015-03-10,6.72,28.92,22.65,16.96
2015-03-11,6.08,29.41,21.5,20.02
2015-03-12,8.88,28.05,21.13,18.69
2015-03-13,2.05,26.14,21.6,12.7
2015-03-14,1.16,27.81,20.87,14.31
2015-03-15,0.55,28.15,20.64,17.03
2015-03-16,1.8,30.04,20.64,22.44
2015-03-17,1.31,25.7,21.13,19.66
2015-03-18,3.49,24.05,19.83,16.33
2015-03-19,5.58,25.26,19.27,12.39
2015-03-20,13.0,28.09,19.83,10.73
2015-03-21,3.74,26.53,20.53,16.9
2015-03-22,7.21,27.6,19.79,16.53
2015-03-23,0.42,28.79,19.76,22.25
2015-03-24,0.0,29.48,19.22,25.09
2015-03-25,0.0,30.17,18.45,23.36
2015-03-26,1.88,29.79,19.09,22.49
2015-03-27,3.36,29.92,21.71,11.38
2015-03-28,0.12,30.37,22.73,19.64
2015-03-29,8.29,29.27,22.6,15.79
2015-03-30,11.23,28.69,22.16,12.11
2015-03-31,2.99,28.77,22.82,16.3
2015-04-01,0.0,29.72,20.53,20.43
2015-04-02,0.0,30.46,20.37,20.6
2015-04-03,0.0,29.54,18.58,22.57
2015-04-04,3.12,30.45,19.98,19.11
2015-04-05,5.38,30.22,21.72,11.97
2015-04-06,2.99,28.81,21.92,14.74
2015-04-07,0.0,27.33,18.59,19.75
2015-04-08,0.0,27.22,17.46,21.87
2015-04-09,0.0,28.75,18.49,20.04
2015-04-10,0.0,28.82,19.11,17.25
2015-04-11,0.02,29.56,18.39,21.14
2015-04-12,0.0,29.99,19.36,21.4
2015-04-13,0.0,29.89,18.39,21.51
2015-04-14,2.07,29.75,19.25,16.34
2015-04-15,2.67,28.01,22.33,12.28
2015-04-16,0.28,29.89,22.17,16.53
2015-04-17,0.01,30.53,20.99,19.96
2015-04-18,0.12,30.19,21.21,16.98
2015-04-19,2.03,30.46,22.41,13.56
2015-04-20,0.57,31.63,22.46,19.73
2015-04-21,9.19,29.5,23.37,15.44
2015-04-22,1.33,28.93,21.04,12.99
2015-04-23,0.01,30.0,19.96,16.88
2015-04-24,0.33,29.37,21.22,14.74
2015-04-25,0.0,29.46,20.35,19.83
2015-04-26,0.0,28.02,16.11,21.02
2015-04-27,0.04,29.45,17.1,20.1
2015-04-28,0.0,29.74,17.82,18.55
2015-04-29,0.0,28.26,18.59,16.78
2015-04-30,0.0,28.36,17.07,19.44
2015-05-01,0.0,28.59,15.86,19.56
2015-05-02,0.0,29.79,16.06,19.45
2015-05-03,0.24,30.89,18.18,14.85
2015-05-04,28.74,26.09,20.87,10.06
2015-05-05,1.01,27.75,20.87,13.62
2015-05-06,0.05,27.45,17.67,14.74
2015-05-07,0.0,26.83,16.7,18.74
2015-05-08,0.03,26.02,15.86,18.62
2015-05-09,0.0,28.64,14.81,18.02
2015-05-10,6.57,28.63,19.41,11.6
2015-05-11,9.83,25.09,17.15,7.86
2015-05-12,0.0,24.16,13.49,16.41
2015-05-13,0.04,25.35,15.02,13.05
2015-05-14,0.0,27.22,15.8,17.8
2015-05-15,0.01,25.83,17.41,10.21
2015-05-16,0.0,26.94,16.54,13.18
2015-05-17,0.0,26.86,16.27,15.26
2015-05-18,0.05,26.04,17.48,7.82
2015-05-19,9.52,24.77,17.39,13.64
2015-05-20,12.46,23.77,17.97,7.4
2015-05-21,0.7,26.75,17.2,14.62
2015-05-22,0.0,27.32,17.69,17.0
2015-05-23,0.0,26.57,17.75,9.99
2015-05-24,0.06,28.0,16.92,15.05
2015-05-25,0.01,29.58,18.41,15.32
2015-05-26,0.0,30.19,19.36,16.25
2015-05-27,0.04,30.14,18.36,16.54
2015-05-28,5.09,21.51,18.73,2.81
2015-05-29,0.98,24.37,17.16,14.95
2015-05-30,4.77,26.29,13.91,11.25
2015-05-31,22.67,27.17,17.7,6.17
2015-06-01,0.75,24.43,17.6,7.07
2015-06-02,0.91,24.28,16.87,4.01
2015-06-03,0.12,26.46,16.13,13.74
2015-06-04,0.0,26.74,16.89,15.64
2015-06-05,0.04,27.2,16.11,16.63
2015-06-06,0.01,27.89,16.09,16.07
2015-06-07,0.0,28.09,16.01,15.73
2015-06-08,0.0,28.49,16.71,16.02
2015-06-09,0.0,27.88,16.39,14.36
2015-06-10,0.0,28.35,16.49,16.2
2015-06-11,0.0,28.95,17.52,16.08
2015-06-12,0.01,29.36,17.93,14.87
2015-06-13,0.0,29.4,16.9,16.21
2015-06-14,0.01,29.49,18.43,14.5
2015-06-15,0.65,23.59,17.57,6.76
2015-06-16,0.04,23.89,15.14,15.17
2015-06-17,0.0,29.94,17.76,15.0
2015-06-18,0.02,29.75,18.33,13.8
2015-06-19,0.02,24.15,15.97,10.12
2015-06-20,0.0,25.99,14.56,16.07
2015-06-21,0.0,27.24,17.02,15.85
2015-06-22,0.0,27.35,14.94,15.49
2015-06-23,0.0,27.14,15.06,12.42
2015-06-24,0.0,25.88,16.25,13.88
2015-06-25,0.0,25.91,15.74,15.42
2015-06-26,0.0,25.47,16.26,15.57
2015-06-27,0.03,25.42,13.18,16.32
2015-06-28,0.0,25.37,12.54,15.54
2015-06-29,0.0,26.5,13.97,14.63
2015-06-30,0.09,25.55,15.68,11.38
2015-07-01,6.57,23.24,16.87,6.53
2015-07-02,7.67,24.87,16.16,4.01
2015-07-03,0.17,27.5,16.78,9.29
2015-07-04,1.32,22.21,15.91,5.37
2015-07-05,0.44,22.76,13.43,6.34
2015-07-06,1.25,25.91,14.83,10.56
2015-07-07,18.77,20.64,17.91,3.44
2015-07-08,6.51,22.78,15.29,4.87
2015-07-09,0.45,22.95,14.27,10.99
2015-07-10,0.07,27.76,15.73,16.03
2015-07-11,0.0,28.38,16.03,11.15
2015-07-12,0.06,29.65,17.97,16.28
2015-07-13,0.0,30.17,18.54,16.35
2015-07-14,0.0,30.78,17.83,14.51
2015-07-15,0.0,30.43,19.39,11.11
2015-07-16,0.0,28.33,19.14,10.86
2015-07-17,0.0,27.27,18.16,14.13
2015-07-18,0.0,28.59,18.08,16.79
2015-07-19,0.0,28.65,16.62,16.78
2015-07-20,0.0,28.88,15.83,16.41
2015-07-21,0.06,26.45,18.21,8.61
2015-07-22,0.01,25.79,15.42,14.67
2015-07-23,0.0,28.12,15.93,15.3
2015-07-24,0.83,29.22,17.29,13.95
2015-07-25,1.35,25.31,17.27,11.2
2015-07-26,0.05,27.4,15.87,13.82
2015-07-27,0.0,27.84,14.16,17.87
2015-07-28,0.0,29.3,14.54,18.13
2015-07-29,0.0,29.43,15.1,18.26
2015-07-30,0.0,29.55,14.4,18.48
2015-07-31,0.0,30.41,15.17,18.46
2015-08-01,0.0,30.08,15.52,18.37
2015-08-02,0.0,30.53,16.09,18.8
2015-08-03,0.0,30.57,15.34,18.94
2015-08-04,0.0,30.56,16.49,18.79
2015-08-05,0.0,30.68,16.04,18.57
2015-08-06,0.0,31.0,16.48,18.97
2015-08-07,0.0,31.45,16.06,18.89
2015-08-08,0.0,31.92,16.5,19.09
2015-08-09,0.0,31.09,16.89,18.9
2015-08-10,0.0,30.88,17.67,19.3
2015-08-11,0.0,30.88,18.01,19.32
2015-08-12,0.0,29.63,15.79,19.9
2015-08-13,0.0,30.21,14.8,19.76
2015-08-14,0.0,29.76,14.83,19.84
2015-08-15,0.0,30.51,17.12,19.38
2015-08-16,0.0,31.47,17.37,20.09
2015-08-17,0.0,31.56,17.47,19.25
2015-08-18,0.03,30.06,19.46,13.6
2015-08-19,0.22,29.57,18.09,18.51
2015-08-20,0.0,28.03,13.48,20.38
2015-08-21,0.0,28.03,14.98,20.94
2015-08-22,0.0,29.83,14.76,21.36
2015-08-23,0.0,32.68,16.79,21.0
2015-08-24,0.71,27.27,18.72,14.12
2015-08-25,0.27,32.38,17.59,13.61
2015-08-26,0.9,34.11,17.37,17.18
2015-08-27,5.81,31.5,19.73,3.72
2015-08-28,0.04,30.53,17.97,17.66
2015-08-29,0.0,32.28,14.32,21.97
2015-08-30,0.0,34.72,16.28,22.04
2015-08-31,0.0,34.96,19.41,20.72
2015-09-01,0.0,34.62,18.58,21.91
2015-09-02,0.0,32.58,17.78,21.36
2015-09-03,0.0,33.28,16.93,21.78
2015-09-04,0.01,34.16,20.67,20.55
2015-09-05,0.22,29.42,19.78,14.73
2015-09-06,0.12,31.11,18.82,17.37
2015-09-07,4.12,34.1,22.77,9.79
2015-09-08,9.99,32.61,22.2,9.26
2015-09-09,27.8,27.31,18.73,12.41
2015-09-10,5.74,28.05,17.98,6.13
2015-09-11,41.82,26.79,17.57,5.08
2015-09-12,3.4,25.31,16.28,7.46
2015-09-13,0.82,26.2,16.52,20.15
2015-09-14,0.23,27.52,14.5,23.31
2015-09-15,0.04,32.86,16.25,22.75
2015-09-16,0.0,34.31,21.21,23.49
2015-09-17,0.0,34.44,22.38,22.66
2015-09-18,0.0,36.27,22.32,24.29
2015-09-19,0.0,36.24,20.65,23.02
2015-09-20,0.0,35.85,19.68,25.18
2015-09-21,0.0,35.77,19.22,25.42
2015-09-22,0.0,36.25,19.13,25.05
2015-09-23,0.0,36.52,20.62,25.53
2015-09-24,0.0,38.08,23.6,24.61
2015-09-25,4.39,37.18,24.98,20.84
2015-09-26,9.81,32.03,23.29,15.16
2015-09-27,6.81,33.73,21.56,19.99
2015-09-28,1.89,28.35,21.12,9.26
2015-09-29,1.47,29.85,22.66,12.98
2015-09-30,0.43,32.67,20.5,16.7
2015-10-01,0.06,33.93,20.95,20.15
2015-10-02,0.02,36.7,22.18,23.1
2015-10-03,1.06,29.26,23.48,9.01
2015-10-04,0.01,29.91,21.52,11.43
2015-10-05,0.0,33.13,19.92,26.18
2015-10-06,0.0,34.4,17.79,25.86
2015-10-07,0.0,38.18,19.92,26.39
2015-10-08,0.11,38.08,25.09,24.72
2015-10-09,13.58,36.5,23.88,22.12
2015-10-10,3.04,26.79,22.99,8.01
2015-10-11,0.23,31.2,22.28,18.33
2015-10-12,0.24,31.77,20.12,19.76
2015-10-13,0.13,32.91,19.1,24.76
2015-10-14,0.01,37.68,21.72,27.13
2015-10-15,0.0,38.34,23.22,23.93
2015-10-16,0.03,38.71,23.74,25.49
2015-10-17,0.16,39.1,23.83,26.17
2015-10-18,0.0,36.93,20.73,26.11
2015-10-19,0.0,38.45,19.85,26.28
2015-10-20,0.0,38.77,24.4,25.09
2015-10-21,0.02,38.63,25.9,18.42
2015-10-22,2.42,38.22,25.29,19.88
2015-10-23,3.33,35.92,24.34,11.81
2015-10-24,0.3,35.08,21.68,25.13
2015-10-25,2.35,36.09,21.08,19.56
2015-10-26,11.27,32.41,21.3,15.56
2015-10-27,7.71,32.44,23.1,21.56
2015-10-28,5.72,29.98,23.01,17.09
2015-10-29,0.02,33.48,20.76,27.7
2015-10-30,0.94,34.53,20.89,26.47
2015-10-31,11.06,28.6,24.06,6.38
2015-11-01,26.12,28.13,22.82,11.07
2015-11-02,20.19,29.54,22.17,16.66
2015-11-03,6.78,26.98,23.58,13.09
2015-11-04,21.03,26.58,22.86,20.28
2015-11-05,7.7,29.39,22.9,18.72
2015-11-06,1.13,30.74,21.31,22.35
2015-11-07,0.01,30.13,18.84,12.35
2015-11-08,1.93,30.15,20.54,16.27
2015-11-09,5.31,30.41,22.07,23.31
2015-11-10,0.04,33.06,22.98,25.62
2015-11-11,0.33,32.36,23.95,16.15
2015-11-12,0.32,32.97,24.09,27.91
2015-11-13,1.8,32.69,23.82,24.77
2015-11-14,9.99,29.31,24.06,24.02
2015-11-15,10.47,30.04,23.83,13.18
2015-11-16,14.28,28.12,23.24,22.82
2015-11-17,5.99,29.32,22.2,21.37
2015-11-18,2.09,30.82,23.72,25.72
2015-11-19,11.91,32.09,24.14,23.53
2015-11-20,2.15,29.68,23.55,11.15
2015-11-21,0.0,31.7,21.27,21.09
2015-11-22,0.12,32.25,20.6,24.08
2015-11-23,13.96,31.3,25.35,18.71
2015-11-24,24.46,27.44,24.08,3.59
2015-11-25,8.31,25.15,21.92,4.12
2015-11-26,0.36,30.04,20.84,23.12
2015-11-27,0.02,32.58,20.4,28.04
2015-11-28,9.8,29.94,24.13,22.52
2015-11-29,3.35,30.24,23.1,16.73
2015-11-30,13.73,27.27,21.89,16.96
2015-12-01,0.36,30.91,19.37,22.14
2015-12-02,6.25,28.68,22.75,22.68
2015-12-03,7.64,28.28,22.05,20.3
2015-12-04,6.21,29.69,22.7,26.21
2015-12-05,4.5,27.91,23.6,19.2
2015-12-06,2.68,28.33,22.74,13.92
2015-12-07,7.9,29.18,22.03,19.82
2015-12-08,9.57,28.64,22.48,22.47
2015-12-09,5.45,28.51,22.43,18.07
2015-12-10,6.63,29.1,23.26,11.41
2015-12-11,2.92,28.07,23.01,22.17
2015-12-12,2.13,28.87,22.88,19.41
2015-12-13,0.5,29.1,21.85,14.68
2015-12-14,0.74,30.58,21.98,25.92
2015-12-15,5.19,30.84,23.34,18.25
2015-12-16,1.25,27.68,22.94,13.16
2015-12-17,0.7,32.23,20.84,28.11
2015-12-18,0.77,32.71,23.08,28.61
2015-12-19,0.76,30.34,24.58,20.19
2015-12-20,1.3,29.8,23.31,18.76
2015-12-21,6.45,31.8,22.94,24.63
2015-12-22,1.84,30.76,22.88,26.44
2015-12-23,0.73,30.62,24.69,22.9
2015-12-24,9.63,32.75,23.92,22.4
2015-12-25,20.67,29.95,23.81,19.56
2015-12-26,7.31,27.38,23.47,16.49
2015-12-27,14.78,28.6,23.09,17.39
2015-12-28,27.18,26.69,22.8,16.06
2015-12-29,22.05,26.03,22.06,10.12
2015-12-30,7.17,26.42,21.84,14.99
2015-12-31,5.14,28.82,21.97,16.18
2016-01-01,2.81,27.68,23.27,18.16
2016-01-02,1.24,28.37,22.59,21.18
2016-01-03,11.72,27.66,23.04,12.53
2016-01-04,8.76,29.49,21.67,17.62
2016-01-05,1.5,30.72,21.65,22.8
2016-01-06,1.17,30.92,22.74,23.42
2016-01-07,0.1,29.5,23.1,26.37
2016-01-08,16.5,30.22,22.07,20.32
2016-01-09,21.03,26.49,23.5,9.34
2016-01-10,16.83,28.57,22.9,17.4
2016-01-11,34.6,27.32,23.62,8.19
2016-01-12,42.5,27.28,23.6,8.27
2016-01-13,36.12,29.25,23.75,11.23
2016-01-14,20.22,26.96,24.06,16.1
2016-01-15,21.51,27.77,23.0,13.72
2016-01-16,7.69,29.16,21.35,24.72
2016-01-17,0.01,28.59,18.29,26.94
2016-01-18,0.0,29.01,18.89,27.78
2016-01-19,0.03,29.06,19.08,21.06
2016-01-20,0.45,29.54,19.85,19.8
2016-01-21,0.0,29.29,19.73,28.07
2016-01-22,0.0,29.05,18.67,30.06
2016-01-23,0.32,29.94,18.54,24.11
2016-01-24,5.35,30.26,21.8,24.72
2016-01-25,5.92,30.24,22.43,27.73
2016-01-26,7.05,31.43,22.91,24.89
2016-01-27,6.95,28.69,24.36,17.23
2016-01-28,5.15,29.06,22.59,20.88
2016-01-29,12.48,26.79,23.11,14.35
2016-01-30,4.75,28.32,22.37,17.11
2016-01-31,0.09,31.1,22.09,28.96
2016-02-01,0.08,31.85,23.59,27.04
2016-02-02,0.01,32.2,22.37,28.8
2016-02-03,9.78,31.2,22.91,25.89
2016-02-04,5.98,30.02,23.75,22.24
2016-02-05,1.01,30.21,22.09,24.32
2016-02-06,0.11,30.15,22.95,20.16
2016-02-07,3.61,29.14,23.39,23.3
2016-02-08,4.86,29.98,23.58,22.4
2016-02-09,0.11,31.72,22.98,25.76
2016-02-10,0.65,31.43,23.15,25.86
2016-02-11,14.1,29.53,25.46,21.86
2016-02-12,2.65,29.95,20.5,18.06
2016-02-13,0.04,29.89,20.15,26.85
2016-02-14,1.09,32.02,23.07,24.71
2016-02-15,10.83,28.46,24.5,20.67
2016-02-16,25.54,28.65,23.49,14.89
2016-02-17,3.02,29.63,23.11,21.38
2016-02-18,5.99,30.06,22.9,16.97
2016-02-19,2.38,29.08,24.4,21.01
2016-02-20,9.77,29.48,24.07,22.68
2016-02-21,8.58,27.92,23.49,8.42
2016-02-22,17.64,25.3,22.39,10.93
2016-02-23,11.0,26.73,22.25,13.16
2016-02-24,5.57,29.12,21.35,13.5
2016-02-25,3.48,29.52,21.5,20.35
2016-02-26,4.64,30.06,22.28,19.51
2016-02-27,14.96,28.11,23.76,19.26
2016-02-28,10.35,28.4,23.93,18.7
2016-02-29,3.78,26.32,21.92,11.94
2016-03-01,9.5,26.62,20.07,14.94
2016-03-02,6.16,28.05,20.52,17.7
2016-03-03,16.44,28.47,22.18,14.38
2016-03-04,18.97,28.51,22.7,20.9
2016-03-05,7.59,29.04,21.48,17.95
2016-03-06,3.17,30.25,20.33,21.08
2016-03-07,2.45,28.96,24.0,22.75
2016-03-08,0.44,30.29,22.28,23.3
2016-03-09,4.41,28.21,23.27,21.47
2016-03-10,9.88,29.03,23.15,15.22
2016-03-11,4.29,28.3,21.61,16.4
2016-03-12,0.01,27.77,18.78,24.17
2016-03-13,0.01,28.9,20.03,22.18
2016-03-14,8.8,29.55,19.93,23.61
2016-03-15,8.6,28.26,21.52,18.19
2016-03-16,7.53,28.02,22.05,20.05
2016-03-17,9.09,29.18,20.69,22.24
2016-03-18,0.34,30.21,20.75,24.1
2016-03-19,0.0,30.7,21.31,25.2
2016-03-20,0.0,29.73,19.5,24.66
2016-03-21,0.0,31.07,20.63,23.31
2016-03-22,6.56,30.61,23.48,18.98
2016-03-23,5.98,29.06,24.21,19.95
2016-03-24,4.67,27.01,22.3,16.27
2016-03-25,6.07,27.01,22.26,11.29
2016-03-26,4.83,27.89,22.37,18.23
2016-03-27,2.19,28.67,21.42,17.31
2016-03-28,0.43,29.32,20.53,21.33
2016-03-29,0.04,30.12,20.06,21.01
2016-03-30,0.01,27.94,22.41,15.73
2016-03-31,0.1,29.64,22.39,21.97
2016-04-01,0.01,29.28,21.16,23.09
2016-04-02,0.18,30.56,20.77,22.29
2016-04-03,0.0,31.42,21.64,22.24
2016-04-04,0.0,31.49,21.69,22.06
2016-04-05,0.0,30.82,21.88,22.62
2016-04-06,0.0,30.36,19.7,22.68
2016-04-07,0.0,30.88,20.78,22.72
2016-04-08,0.0,31.06,21.76,22.72
2016-04-09,0.0,31.36,19.82,22.5
2016-04-10,0.0,31.13,20.7,21.66
2016-04-11,0.0,30.55,20.28,20.76
2016-04-12,0.0,30.37,20.54,20.71
2016-04-13,0.25,30.18,21.27,21.7
2016-04-14,0.74,30.65,20.88,20.48
2016-04-15,0.02,30.65,21.04,19.59
2016-04-16,0.0,30.52,20.35,21.51
2016-04-17,0.0,30.09,19.67,21.57
2016-04-18,0.0,30.29,19.97,20.61
2016-04-19,0.0,29.81,18.84,21.47
2016-04-20,0.0,30.38,19.94,20.11
2016-04-21,0.0,30.52,18.86,19.4
2016-04-22,0.0,30.94,20.79,18.91
2016-04-23,0.02,30.57,19.99,18.51
2016-04-24,0.01,29.71,19.09,19.38
2016-04-25,0.15,30.36,19.47,17.53
2016-04-26,20.52,26.34,21.24,4.1
2016-04-27,5.59,20.62,12.35,11.23
2016-04-28,0.25,20.88,9.41,19.59
2016-04-29,0.23,23.05,13.41,7.53
2016-04-30,0.18,22.55,12.28,19.89
2016-05-01,0.06,22.97,11.27,19.19
2016-05-02,0.0,23.59,10.58,20.55
2016-05-03,0.0,24.86,10.48,18.49
2016-05-04,0.0,25.61,12.74,19.24
2016-05-05,0.0,26.0,14.16,18.45
2016-05-06,0.0,26.77,14.65,18.8
2016-05-07,0.0,27.1,15.19,11.07
2016-05-08,0.0,28.38,17.34,14.28
2016-05-09,0.61,28.8,17.77,14.39
2016-05-10,4.61,27.56,19.06,2.74
2016-05-11,7.74,23.86,18.85,12.8
2016-05-12,1.54,26.61,18.53,14.5
2016-05-13,0.31,25.51,16.83,11.08
2016-05-14,0.0,26.5,16.25,17.87
2016-05-15,3.64,27.96,16.44,17.09
2016-05-16,2.68,28.64,19.59,14.58
2016-05-17,0.92,23.96,16.79,12.79
2016-05-18,0.79,23.73,17.03,8.19
2016-05-19,0.06,24.27,16.79,12.16
2016-05-20,15.08,28.52,17.17,15.4
2016-05-21,11.08,26.44,20.26,10.02
2016-05-22,0.57,27.44,18.67,13.29
2016-05-23,0.17,20.89,13.56,12.94
2016-05-24,0.01,21.74,9.98,17.92
2016-05-25,0.05,24.98,12.91,16.61
2016-05-26,0.0,26.26,14.11,16.31
2016-05-27,0.13,25.72,16.52,12.25
2016-05-28,2.74,26.2,16.49,15.86
2016-05-29,5.94,25.83,16.67,4.73
2016-05-30,28.1,24.46,17.81,3.53
2016-05-31,5.39,25.72,17.82,10.87
2016-06-01,19.99,24.3,18.3,13.38
2016-06-02,24.69,22.26,16.05,11.33
2016-06-03,10.24,21.51,14.53,4.45
2016-06-04,2.19,22.68,17.1,7.98
2016-06-05,1.19,27.35,19.13,7.89
2016-06-06,5.52,25.33,17.95,10.84
2016-06-07,1.63,20.16,15.42,7.03
2016-06-08,1.48,20.05,11.78,11.01
2016-06-09,0.12,19.83,8.24,15.49
2016-06-10,0.0,20.96,9.48,12.42
2016-06-11,0.0,19.09,7.64,16.84
2016-06-12,0.0,18.07,5.32,17.0
2016-06-13,0.01,19.23,5.28,16.39
2016-06-14,0.0,22.38,8.38,16.31
2016-06-15,0.0,25.12,11.32,15.46
2016-06-16,0.03,25.12,13.14,16.41
2016-06-17,0.0,24.93,12.35,15.41
2016-06-18,0.0,24.92,12.38,16.4
2016-06-19,0.0,24.82,11.99,16.05
2016-06-20,0.05,23.63,12.02,15.85
2016-06-21,0.03,22.95,12.41,14.46
2016-06-22,5.7,24.63,14.04,13.02
2016-06-23,1.44,24.35,14.36,14.7
2016-06-24,0.02,24.86,14.27,15.62
2016-06-25,0.02,25.4,13.88,15.14
2016-06-26,0.01,24.39,15.04,15.54
2016-06-27,0.0,24.18,11.97,16.44
2016-06-28,0.0,24.45,12.49,14.91
2016-06-29,0.0,25.51,12.93,14.95
2016-06-30,0.0,25.16,15.13,13.17
2016-07-01,0.0,26.05,14.91,12.79
2016-07-02,0.0,26.27,14.74,14.43
2016-07-03,0.0,26.6,13.82,15.81
2016-07-04,0.0,26.5,14.92,16.61
2016-07-05,0.0,26.88,14.54,14.83
2016-07-06,0.0,27.22,16.28,14.1
2016-07-07,0.0,22.17,12.21,17.23
2016-07-08,0.0,22.83,8.54,17.4
2016-07-09,0.0,24.55,8.46,17.33
2016-07-10,0.0,28.13,14.1,16.68
2016-07-11,0.0,28.61,15.7,16.89
2016-07-12,0.0,28.77,15.69,17.03
2016-07-13,0.0,29.27,17.27,16.96
2016-07-14,0.0,28.44,15.66,16.94
2016-07-15,0.0,29.15,17.59,16.66
2016-07-16,3.32,27.04,12.8,6.8
2016-07-17,0.01,19.03,7.85,18.55
2016-07-18,0.01,19.98,6.23,17.41
2016-07-19,0.0,20.08,9.28,16.67
2016-07-20,0.0,23.26,10.24,17.43
2016-07-21,0.03,23.39,11.39,16.2
2016-07-22,0.0,23.01,11.64,17.51
2016-07-23,0.03,25.84,10.85,17.66
2016-07-24,0.0,28.89,13.35,17.28
2016-07-25,0.0,28.75,15.16,18.04
2016-07-26,0.0,28.84,14.65,16.23
2016-07-27,0.0,27.52,15.88,16.95
2016-07-28,0.0,26.36,14.67,16.81
2016-07-29,0.0,25.6,13.35,16.42
2016-07-30,0.0,28.23,13.86,17.01
2016-07-31,0.0,27.95,14.3,17.87
2016-08-01,0.0,28.05,14.83,14.64
2016-08-02,0.0,28.62,15.75,18.21
2016-08-03,0.0,28.15,14.51,18.14
2016-08-04,0.0,29.29,14.93,17.08
2016-08-05,0.0,30.29,17.4,17.81
2016-08-06,0.0,30.35,18.09,19.05
2016-08-07,0.0,31.42,17.56,17.68
2016-08-08,0.0,31.69,18.57,18.26
2016-08-09,0.0,28.05,17.47,14.24
2016-08-10,0.11,23.04,15.81,8.87
2016-08-11,0.0,23.63,11.52,20.3
2016-08-12,0.03,25.08,10.66,20.0
2016-08-13,0.0,28.5,9.97,20.47
2016-08-14,0.0,31.71,17.73,19.71
2016-08-15,1.43,31.8,17.63,11.85
2016-08-16,2.92,30.03,18.57,11.91
2016-08-17,0.0,30.97,17.26,19.43
2016-08-18,0.04,33.15,20.12,18.73
2016-08-19,0.08,33.87,18.13,16.95
2016-08-20,26.46,29.79,21.19,8.92
2016-08-21,4.39,21.99,15.06,10.92
2016-08-22,0.02,20.91,10.58,20.62
2016-08-23,0.0,25.65,10.03,21.57
2016-08-24,0.0,30.33,12.71,21.52
2016-08-25,0.0,31.69,15.16,21.39
2016-08-26,0.0,30.48,14.74,21.82
2016-08-27,0.0,31.24,14.38,20.94
2016-08-28,0.0,32.73,16.4,22.37
2016-08-29,0.03,33.17,18.21,19.36
2016-08-30,9.64,26.75,16.07,11.24
2016-08-31,6.17,21.2,15.03,6.08
2016-09-01,0.03,27.23,14.24,15.8
2016-09-02,0.07,31.35,15.78,20.51
2016-09-03,0.16,29.95,19.2,8.42
2016-09-04,0.13,26.98,19.02,8.76
2016-09-05,0.51,29.69,16.95,14.03
2016-09-06,4.42,22.67,18.26,8.89
2016-09-07,0.01,22.29,14.17,18.75
2016-09-08,0.25,26.44,11.25,22.11
2016-09-09,2.0,27.77,15.17,22.81
2016-09-10,0.0,32.06,15.65,23.1
2016-09-11,0.0,33.06,16.81,23.27
2016-09-12,0.0,34.21,18.47,23.43
2016-09-13,0.0,33.68,20.5,17.24
2016-09-14,0.02,27.06,18.06,10.63
2016-09-15,0.0,28.91,13.63,22.93
2016-09-16,0.01,27.74,16.33,17.81
2016-09-17,0.03,34.55,17.14,20.79
2016-09-18,0.0,36.15,19.96,20.7
2016-09-19,1.35,33.54,21.58,15.83
2016-09-20,0.1,29.65,19.95,16.62
2016-09-21,0.0,28.05,13.43,24.87
2016-09-22,0.0,30.96,14.1,26.29
2016-09-23,0.0,31.34,15.03,24.49
2016-09-24,0.0,30.41,15.79,23.39
2016-09-25,0.0,30.05,17.43,20.18
2016-09-26,0.0,29.6,15.37,25.98
2016-09-27,0.0,30.32,14.53,25.58
2016-09-28,0.0,32.36,14.31,27.33
2016-09-29,0.0,31.96,14.91,27.08
2016-09-30,0.0,31.65,15.8,26.36
2016-10-01,0.0,31.08,16.69,25.15
2016-10-02,0.0,32.53,16.88,26.31
2016-10-03,1.34,33.85,18.06,17.99
2016-10-04,1.84,26.47,18.63,14.88
2016-10-05,0.01,29.24,18.4,21.27
2016-10-06,0.02,27.59,16.92,18.95
2016-10-07,0.0,28.27,13.29,27.91
2016-10-08,0.0,31.08,15.59,27.25
2016-10-09,0.0,33.19,17.25,27.47
2016-10-10,0.0,34.06,18.11,27.51
2016-10-11,6.58,35.45,19.18,22.13
2016-10-12,2.92,29.82,21.42,23.54
2016-10-13,5.06,29.12,22.02,8.52
2016-10-14,33.62,29.04,20.84,5.3
2016-10-15,0.3,31.76,21.67,22.37
2016-10-16,0.01,34.75,22.61,23.33
2016-10-17,0.66,36.54,23.7,26.1
2016-10-18,0.32,36.64,24.43,23.76
2016-10-19,0.24,36.95,25.94,24.84
2016-10-20,2.91,34.71,24.72,12.87
2016-10-21,9.32,28.59,23.46,17.86
2016-10-22,6.92,30.34,20.11,22.26
2016-10-23,5.16,33.39,19.76,23.66
2016-10-24,4.95,33.89,22.54,22.07
2016-10-25,14.29,28.42,23.25,10.18
2016-10-26,5.4,31.66,22.42,21.83
2016-10-27,15.49,27.05,20.17,16.49
2016-10-28,0.0,27.24,17.12,30.42
2016-10-29,0.01,29.36,14.1,29.25
2016-10-30,0.02,31.59,16.39,28.02
2016-10-31,13.33,30.83,19.78,24.32
2016-11-01,1.96,31.22,21.8,20.77
2016-11-02,0.54,31.72,21.69,23.35
2016-11-03,1.84,26.82,21.85,11.54
2016-11-04,0.44,30.45,19.77,19.67
2016-11-05,0.5,31.85,19.4,26.52
2016-11-06,6.99,29.96,21.27,24.25
2016-11-07,0.45,31.13,20.25,28.13
2016-11-08,0.02,32.84,20.65,27.42
2016-11-09,1.2,33.53,22.5,23.78
2016-11-10,0.5,34.07,21.92,26.22
2016-11-11,2.52,33.36,23.66,22.32
2016-11-12,10.44,28.01,20.29,14.85
2016-11-13,15.9,24.04,18.8,7.6
2016-11-14,12.1,26.63,19.62,11.66
2016-11-15,0.02,30.0,18.45,26.48
2016-11-16,0.4,31.95,21.46,25.95
2016-11-17,4.14,32.79,23.29,21.32
2016-11-18,0.11,31.32,19.77,23.12
2016-11-19,0.0,28.91,15.27,31.02
2016-11-20,0.0,31.17,14.33,30.79
2016-11-21,0.51,31.67,17.95,26.49
2016-11-22,5.39,30.11,23.16,22.5
2016-11-23,0.91,32.03,21.36,21.03
2016-11-24,0.4,33.04,22.55,24.48
2016-11-25,1.16,32.71,22.8,24.99
2016-11-26,3.5,29.28,23.73,21.63
2016-11-27,0.49,32.27,22.34,23.28
2016-11-28,5.6,30.62,24.04,22.58
2016-11-29,5.76,31.62,23.82,23.78
2016-11-30,0.26,28.77,19.18,27.46
2016-12-01,0.31,29.67,18.81,21.74
2016-12-02,1.87,26.86,21.7,22.3
2016-12-03,3.79,27.79,22.58,7.34
2016-12-04,2.72,31.18,23.2,17.8
2016-12-05,1.94,32.89,20.36,29.0
2016-12-06,0.01,34.83,20.65,28.51
2016-12-07,1.88,31.98,24.82,26.98
2016-12-08,8.14,30.39,23.55,23.9
2016-12-09,7.32,29.0,21.91,22.23
2016-12-10,5.73,29.46,23.25,16.62
2016-12-11,14.25,29.21,23.01,19.35
2016-12-12,4.94,31.31,23.6,19.2
2016-12-13,4.77,31.32,24.21,18.69
2016-12-14,3.74,32.6,23.81,18.85
2016-12-15,1.05,28.65,20.06,23.71
2016-12-16,0.55,29.18,18.29,20.75
2016-12-17,0.62,31.17,20.29,28.53
2016-12-18,3.83,30.68,20.99,28.34
2016-12-19,8.44,28.31,20.86,18.36
2016-12-20,10.41,28.79,21.26,18.91
2016-12-21,7.87,26.45,22.05,14.72
2016-12-22,1.2,30.52,21.84,21.92
2016-12-23,1.6,30.52,21.96,25.25
2016-12-24,0.59,30.58,22.42,21.36
2016-12-25,7.28,33.66,21.13,29.1
2016-12-26,4.24,33.16,23.51,29.74
2016-12-27,0.52,33.62,23.79,27.35
2016-12-28,3.5,33.61,25.73,12.94
2016-12-29,7.06,30.41,24.68,21.58
2016-12-30,6.97,30.34,24.24,21.78
2016-12-31,1.71,29.63,24.19,27.47
2017-01-01,1.44,32.67,22.83,26.32
2017-01-02,0.53,30.76,24.08,20.61
2017-01-03,1.95,31.42,23.85,26.01
2017-01-04,2.97,32.06,23.61,19.9
2017-01-05,3.57,29.79,23.26,21.92
2017-01-06,2.66,31.56,24.85,25.86
2017-01-07,0.89,33.37,23.1,28.35
2017-01-08,1.14,34.08,24.27,27.46
2017-01-09,7.07,31.16,25.79,22.13
2017-01-10,21.67,28.86,24.14,16.85
2017-01-11,15.93,28.11,23.2,20.2
2017-01-12,14.37,28.01,23.61,16.99
2017-01-13,4.45,26.45,22.28,15.9
2017-01-14,1.85,29.98,21.75,24.47
2017-01-15,8.87,28.8,22.77,24.07
2017-01-16,17.83,27.2,22.33,8.07
2017-01-17,23.84,25.47,22.0,13.32
2017-01-18,12.11,28.39,21.62,15.9
2017-01-19,10.55,26.16,21.38,10.9
2017-01-20,7.2,25.29,21.07,13.51
2017-01-21,0.64,23.66,20.46,12.52
2017-01-22,1.13,26.08,19.68,19.22
2017-01-23,1.88,29.07,21.33,16.96
2017-01-24,7.49,29.95,21.09,21.46
2017-01-25,6.33,26.46,22.51,18.22
2017-01-26,18.44,27.42,22.73,12.04
2017-01-27,3.55,25.49,21.44,10.91
2017-01-28,17.04,26.24,21.21,22.89
2017-01-29,2.85,30.37,20.78,25.73
2017-01-30,0.44,30.11,21.4,23.24
2017-01-31,11.36,27.24,22.13,9.83
2017-02-01,8.82,29.05,21.84,23.84
2017-02-02,9.45,27.08,22.0,22.46
2017-02-03,4.58,27.74,22.21,20.86
2017-02-04,0.96,30.17,21.21,26.54
2017-02-05,2.08,31.25,22.94,23.73
2017-02-06,4.4,31.19,23.01,24.39
2017-02-07,0.61,31.23,23.28,26.62
2017-02-08,0.08,31.75,22.41,27.92
2017-02-09,0.0,31.1,21.88,26.91
2017-02-10,0.0,30.97,21.24,26.5
2017-02-11,6.04,28.06,23.13,23.71
2017-02-12,9.41,28.97,21.97,23.01
2017-02-13,2.3,29.12,22.56,20.09
2017-02-14,0.39,30.42,21.87,24.27
2017-02-15,0.0,30.87,19.99,28.02
2017-02-16,0.41,31.53,21.44,26.79
2017-02-17,8.49,28.47,22.55,25.29
2017-02-18,3.47,29.18,23.66,26.0
2017-02-19,0.62,30.88,22.95,26.82
2017-02-20,0.18,32.96,23.7,27.45
2017-02-21,0.03,31.82,23.56,26.69
2017-02-22,0.0,31.74,22.07,26.43
2017-02-23,2.05,31.83,22.35,24.97
2017-02-24,9.73,27.33,22.79,19.28
2017-02-25,3.01,28.31,21.08,15.56
2017-02-26,15.1,28.22,20.92,20.04
2017-02-27,1.56,27.85,22.12,23.47
2017-02-28,0.54,28.14,22.17,25.59
2017-03-01,0.99,30.03,21.37,21.77
2017-03-02,4.3,28.27,23.37,15.91
2017-03-03,9.63,27.02,22.49,16.27
2017-03-04,3.65,28.77,22.44,20.28
2017-03-05,9.02,27.26,22.52,18.69
2017-03-06,4.58,28.65,22.96,17.72
2017-03-07,1.88,30.83,22.0,21.62
2017-03-08,0.47,31.44,23.26,24.61
2017-03-09,0.32,31.34,23.87,24.74
2017-03-10,2.69,30.41,25.1,23.81
2017-03-11,0.64,30.72,23.14,23.85
2017-03-12,0.21,32.31,23.21,23.68
2017-03-13,1.99,30.76,23.44,19.14
2017-03-14,2.8,30.18,22.38,23.15
2017-03-15,4.78,30.68,22.68,24.35
2017-03-16,0.09,31.17,22.25,24.38
2017-03-17,1.19,32.13,22.91,21.05
2017-03-18,12.44,28.42,21.16,11.14
2017-03-19,4.36,28.05,20.05,14.73
2017-03-20,0.32,28.95,18.82,24.19
2017-03-21,0.0,29.09,18.47,24.76
2017-03-22,0.01,29.8,18.37,22.83
2017-03-23,0.01,30.3,19.75,19.39
2017-03-24,0.0,31.47,20.4,22.69
2017-03-25,0.0,32.09,21.51,23.5
2017-03-26,8.11,30.91,21.25,23.06
2017-03-27,0.15,29.65,20.32,15.54
2017-03-28,0.0,29.05,20.72,21.4
2017-03-29,0.0,29.15,18.83,23.6
2017-03-30,0.0,30.26,17.68,23.54
2017-03-31,0.0,29.33,17.93,23.91
2017-04-01,0.0,28.65,15.99,23.95
2017-04-02,0.0,29.6,16.74,24.42
2017-04-03,0.0,30.52,17.74,19.91
2017-04-04,0.0,32.27,18.1,20.14
2017-04-05,6.72,32.52,21.49,14.48
2017-04-06,11.13,29.43,23.11,12.81
2017-04-07,8.69,29.15,22.67,14.16
2017-04-08,14.83,29.05,21.46,15.15
2017-04-09,1.55,30.23,21.54,18.74
2017-04-10,0.53,30.96,21.6,20.16
2017-04-11,0.15,30.73,22.61,18.35
2017-04-12,7.43,27.05,20.93,15.91
2017-04-13,0.03,28.92,18.71,21.78
2017-04-14,0.0,31.01,18.83,21.44
2017-04-15,0.19,31.61,19.7,21.2
2017-04-16,0.59,31.75,19.6,16.06
2017-04-17,0.59,30.27,21.27,12.45
2017-04-18,0.25,29.6,19.23,20.12
2017-04-19,0.0,30.33,19.23,19.0
2017-04-20,9.99,30.54,21.39,15.08
2017-04-21,21.08,23.56,17.32,7.03
2017-04-22,0.07,25.61,16.02,18.92
2017-04-23,0.08,26.78,16.26,20.22
2017-04-24,0.31,28.59,16.55,20.08
2017-04-25,0.61,29.9,17.76,18.21
2017-04-26,4.18,29.14,21.75,6.56
2017-04-27,26.71,25.1,17.14,11.23
2017-04-28,0.2,24.06,16.52,14.61
2017-04-29,0.03,26.38,15.8,18.81
2017-04-30,0.02,26.64,16.38,18.72
2017-05-01,0.26,27.21,17.23,18.13
2017-05-02,0.02,28.48,17.93,18.0
2017-05-03,0.0,29.0,16.94,18.99
2017-05-04,0.57,28.4,17.52,15.62
2017-05-05,10.16,28.72,19.1,15.02
2017-05-06,3.16,26.99,18.28,16.36
2017-05-07,0.01,26.61,17.22,19.15
2017-05-08,0.06,27.2,16.19,19.64
2017-05-09,0.1,28.09,15.09,18.9
2017-05-10,0.0,28.33,18.61,17.96
2017-05-11,0.0,27.53,17.62,18.04
2017-05-12,0.0,29.2,16.49,17.37
2017-05-13,0.09,29.84,16.93,17.37
2017-05-14,1.16,27.72,20.3,8.77
2017-05-15,2.08,28.51,19.24,14.21
2017-05-16,1.74,24.08,18.13,10.9
2017-05-17,0.07,27.04,16.11,14.58
2017-05-18,12.46,28.2,17.93,4.6
2017-05-19,28.28,26.89,21.01,5.7
2017-05-20,10.2,24.85,21.55,7.62
2017-05-21,14.67,25.56,20.7,6.8
2017-05-22,16.06,27.46,20.74,10.04
2017-05-23,0.0,25.25,16.54,15.56
2017-05-24,0.08,26.68,16.3,15.4
2017-05-25,0.04,28.71,19.4,16.44
2017-05-26,0.01,28.29,19.72,16.57
2017-05-27,0.03,28.66,19.09,14.86
2017-05-28,0.0,27.46,18.71,13.71
2017-05-29,0.05,27.79,16.61,15.13
2017-05-30,0.02,27.5,17.34,14.75
2017-05-31,0.12,26.88,17.03,15.2
2017-06-01,0.26,21.0,14.4,5.67
2017-06-02,0.0,21.59,11.41,17.44
2017-06-03,0.04,25.75,11.49,17.18
2017-06-04,0.03,29.31,14.95,16.29
2017-06-05,0.62,29.39,18.2,10.4
2017-06-06,0.06,29.57,18.96,14.71
2017-06-07,0.01,29.78,18.61,16.14
2017-06-08,0.0,29.73,17.9,15.77
2017-06-09,0.24,21.66,11.85,4.98
2017-06-10,0.0,19.93,7.79,17.19
2017-06-11,0.02,22.59,8.36,17.62
2017-06-12,2.85,20.5,11.91,5.0
2017-06-13,2.16,24.07,15.0,4.96
2017-06-14,0.22,25.08,15.74,15.53
2017-06-15,0.02,26.04,15.16,16.5
2017-06-16,0.02,26.5,13.14,16.33
2017-06-17,0.07,27.71,14.54,16.22
2017-06-18,0.0,27.33,14.86,12.4
2017-06-19,0.0,27.72,15.85,16.34
2017-06-20,0.0,26.08,15.52,11.85
2017-06-21,0.0,26.44,15.06,16.27
2017-06-22,0.0,26.81,15.15,16.31
2017-06-23,0.0,26.9,15.93,16.38
2017-06-24,0.0,26.6,15.24,16.11
2017-06-25,0.0,25.95,15.16,16.5
2017-06-26,0.0,26.08,11.98,16.76
2017-06-27,0.0,26.48,14.78,16.18
2017-06-28,0.0,27.08,13.17,15.94
2017-06-29,0.0,27.54,16.41,14.38
2017-06-30,0.0,26.6,17.14,9.83
2017-07-01,0.0,26.37,15.63,15.57
2017-07-02,0.0,23.91,14.02,15.3
2017-07-03,0.0,23.29,12.72,16.06
2017-07-04,0.0,22.78,10.99,15.91
2017-07-05,0.0,23.3,11.01,14.7
2017-07-06,0.06,24.38,11.27,13.91
2017-07-07,0.08,25.73,12.26,14.27
2017-07-08,0.0,25.67,14.25,10.13
2017-07-09,0.0,26.54,14.26,15.95
2017-07-10,0.0,27.29,13.5,16.39
2017-07-11,0.0,28.23,14.35,16.47
2017-07-12,0.0,28.28,13.1,17.08
2017-07-13,0.0,28.16,13.6,16.97
2017-07-14,0.0,27.91,13.74,17.26
2017-07-15,0.0,27.28,14.07,16.59
2017-07-16,0.0,27.73,15.35,15.28
2017-07-17,0.0,28.29,14.49,17.49
2017-07-18,0.0,18.13,10.58,7.38
2017-07-19,0.0,22.9,10.6,16.45
2017-07-20,0.0,26.37,11.72,16.72
2017-07-21,0.0,27.3,14.08,17.17
2017-07-22,0.0,27.14,13.52,17.85
2017-07-23,0.0,28.87,12.1,17.99
2017-07-24,0.0,27.86,15.01,18.43
2017-07-25,0.0,28.55,13.77,18.07
2017-07-26,0.0,28.48,14.86,18.28
2017-07-27,0.0,27.93,13.12,18.36
2017-07-28,0.05,27.91,13.0,18.53
2017-07-29,0.0,27.46,13.88,18.51
2017-07-30,0.0,27.45,15.43,15.35
2017-07-31,0.0,26.52,13.6,17.81
2017-08-01,0.0,27.21,13.4,12.69
2017-08-02,0.01,28.81,14.38,16.65
2017-08-03,0.42,23.92,14.59,11.9
2017-08-04,0.0,24.86,11.84,16.41
2017-08-05,0.0,25.8,12.87,18.08
2017-08-06,0.0,27.15,12.25,18.9
2017-08-07,0.0,29.31,12.07,19.37
2017-08-08,0.0,31.25,16.48,14.61
2017-08-09,0.0,32.51,19.1,18.39
2017-08-10,0.0,33.14,20.81,19.21
2017-08-11,0.0,32.18,15.44,18.67
2017-08-12,0.0,33.7,16.25,18.8
2017-08-13,0.82,33.9,20.12,15.46
2017-08-14,0.03,27.65,17.63,11.35
2017-08-15,1.68,29.51,17.49,7.93
2017-08-16,4.5,29.93,18.33,7.63
2017-08-17,10.33,24.69,18.54,4.85
2017-08-18,4.46,25.26,18.1,5.42
2017-08-19,1.56,29.48,18.04,8.64
2017-08-20,9.92,28.21,19.04,5.67
2017-08-21,0.18,24.29,14.68,14.73
2017-08-22,0.01,27.79,13.41,19.89
2017-08-23,0.0,31.02,18.15,20.39
2017-08-24,0.0,30.14,17.04,21.11
2017-08-25,0.0,30.97,15.37,19.42
2017-08-26,0.0,31.98,17.18,20.67
2017-08-27,0.0,32.48,16.05,22.19
2017-08-28,0.0,32.54,15.82,22.04
2017-08-29,0.0,34.13,15.2,22.02
2017-08-30,0.0,33.95,16.69,22.37
2017-08-31,0.0,33.01,17.98,22.03
2017-09-01,0.0,32.59,16.41,21.45
2017-09-02,0.0,32.44,18.11,21.9
2017-09-03,0.0,32.39,16.27,23.23
2017-09-04,0.0,31.71,16.26,22.51
2017-09-05,0.0,32.38,15.91,23.65
2017-09-06,0.0,33.02,16.12,23.52
2017-09-07,0.0,33.58,16.1,22.39
2017-09-08,0.0,34.82,17.88,23.87
2017-09-09,0.0,34.63,18.47,21.48
2017-09-10,0.0,34.45,18.95,24.17
2017-09-11,0.0,35.76,20.21,23.91
2017-09-12,0.0,36.13,19.93,23.6
2017-09-13,0.0,34.95,19.86,24.65
2017-09-14,0.0,35.49,20.25,24.85
2017-09-15,0.0,36.04,20.19,23.5
2017-09-16,0.0,36.03,18.54,24.64
2017-09-17,0.0,35.75,19.17,24.65
2017-09-18,0.0,35.8,19.38,24.29
2017-09-19,0.02,35.57,20.36,23.11
2017-09-20,0.0,35.42,19.4,25.01
2017-09-21,0.0,34.84,20.33,25.51
2017-09-22,0.0,34.49,20.72,22.38
2017-09-23,0.0,35.09,21.82,23.8
2017-09-24,0.0,35.02,21.34,22.55
2017-09-25,0.0,31.51,19.81,22.24
2017-09-26,0.03,33.52,19.4,23.49
2017-09-27,0.11,34.91,21.23,23.17
2017-09-28,0.0,35.72,21.6,23.4
2017-09-29,5.66,32.44,21.61,11.37
2017-09-30,9.24,27.79,20.08,5.44
2017-10-01,15.69,30.11,18.37,22.33
2017-10-02,20.39,30.74,17.69,5.78
2017-10-03,4.01,24.52,16.29,19.04
2017-10-04,0.0,29.68,14.76,20.07
2017-10-05,0.0,34.3,18.07,26.1
2017-10-06,0.08,34.97,22.55,19.3
2017-10-07,1.58,31.2,23.11,8.05
2017-10-08,0.2,34.81,20.49,18.98
2017-10-09,0.04,36.11,22.16,20.73
2017-10-10,0.48,37.52,23.38,25.81
2017-10-11,1.1,38.11,24.64,25.08
2017-10-12,0.14,38.41,23.95,25.52
2017-10-13,0.0,38.69,24.31,26.79
2017-10-14,0.0,38.54,24.11,26.55
2017-10-15,0.0,36.34,21.93,26.89
2017-10-16,0.0,35.75,20.12,26.58
2017-10-17,0.0,37.13,22.06,25.53
2017-10-18,0.0,36.94,24.76,26.68
2017-10-19,0.0,37.16,25.31,27.0
2017-10-20,0.14,35.18,24.86,16.96
2017-10-21,0.4,36.54,23.67,14.52
2017-10-22,8.02,28.36,22.47,5.3
2017-10-23,0.12,30.23,21.7,16.0
2017-10-24,0.0,33.66,18.88,26.57
2017-10-25,0.7,35.02,22.7,24.35
2017-10-26,0.95,36.83,23.74,19.73
2017-10-27,9.85,35.22,24.18,19.5
2017-10-28,8.7,31.4,23.37,23.2
2017-10-29,6.26,29.42,23.73,17.89
2017-10-30,8.43,30.88,22.05,7.24
2017-10-31,8.96,29.68,22.55,20.51
2017-11-01,0.9,31.52,17.81,28.8
2017-11-02,0.12,32.59,17.19,28.1
2017-11-03,18.11,30.92,23.19,22.71
2017-11-04,23.73,29.4,23.08,21.92
2017-11-05,1.18,28.09,23.34,9.5
2017-11-06,0.06,25.14,19.39,14.98
2017-11-07,0.0,28.65,18.06,23.71
2017-11-08,7.31,31.21,21.15,19.19
2017-11-09,11.33,28.51,22.76,22.16
2017-11-10,8.25,29.52,21.24,23.28
2017-11-11,2.3,30.69,21.75,22.61
2017-11-12,0.0,30.77,18.72,30.86
2017-11-13,0.0,31.76,16.31,31.46
2017-11-14,0.0,33.4,17.15,30.3
2017-11-15,0.0,34.86,18.38,28.35
2017-11-16,5.26,33.59,22.93,28.46
2017-11-17,1.35,29.05,22.31,22.8
2017-11-18,12.77,29.75,22.45,18.96
2017-11-19,10.32,28.85,21.81,17.64
2017-11-20,2.42,29.04,23.02,21.16
2017-11-21,23.37,30.2,22.72,16.59
2017-11-22,17.11,29.51,23.16,16.28
2017-11-23,0.0,29.83,18.84,27.38
2017-11-24,0.0,32.59,19.97,29.4
2017-11-25,2.51,33.44,21.16,27.88
2017-11-26,10.38,29.8,23.95,15.24
2017-11-27,10.29,30.17,22.95,14.08
2017-11-28,12.02,31.27,21.14,25.14
2017-11-29,0.0,31.8,20.26,30.4
2017-11-30,11.77,30.18,19.66,22.81
2017-12-01,7.33,27.01,20.75,11.04
2017-12-02,0.27,30.19,19.52,17.28
2017-12-03,0.01,30.51,20.26,24.94
2017-12-04,0.25,32.28,21.99,27.65
2017-12-05,4.84,29.98,23.07,22.45
2017-12-06,6.13,29.65,22.59,15.61
2017-12-07,5.79,27.98,23.3,20.13
2017-12-08,1.95,30.47,23.29,23.39
2017-12-09,0.24,31.96,21.35,26.09
2017-12-10,0.0,32.87,22.21,25.89
2017-12-11,0.07,34.16,20.8,28.42
2017-12-12,0.08,32.79,20.58,29.84
2017-12-13,0.0,32.24,21.74,27.29
2017-12-14,0.0,33.25,21.87,28.76
2017-12-15,0.12,33.89,22.1,28.22
2017-12-16,0.09,33.51,23.14,29.02
2017-12-17,4.04,32.44,23.1,26.71
2017-12-18,0.69,32.74,22.7,26.75
2017-12-19,0.8,33.55,23.58,26.96
2017-12-20,6.26,29.19,23.6,18.11
2017-12-21,5.45,26.7,22.6,11.42
2017-12-22,1.65,29.9,21.68,17.55
2017-12-23,3.35,31.03,21.93,18.63
2017-12-24,1.31,28.39,23.58,16.08
2017-12-25,10.08,29.91,22.89,11.91
2017-12-26,11.4,28.45,22.68,22.85
2017-12-27,2.22,31.48,22.69,26.81
2017-12-28,9.39,31.35,22.95,25.66
2017-12-29,11.87,28.68,22.89,18.71
2017-12-30,33.69,28.34,22.83,11.58
2017-12-31,8.37,27.47,21.75,12.97
2018-01-01,2.89,29.09,23.14,21.34
2018-01-02,17.6,28.13,23.26,12.26
2018-01-03,15.47,28.55,23.04,17.97
2018-01-04,0.29,31.21,21.72,27.29
2018-01-05,9.73,31.41,20.25,23.08
2018-01-06,17.41,27.06,22.94,19.59
2018-01-07,1.97,26.23,21.89,13.09
2018-01-08,20.01,24.61,21.28,11.36
2018-01-09,3.46,27.26,21.01,13.04
2018-01-10,1.15,29.68,21.77,18.53
2018-01-11,4.92,27.09,22.0,18.56
2018-01-12,3.76,27.18,20.39,16.0
2018-01-13,3.29,28.2,20.73,21.1
2018-01-14,8.77,26.98,21.6,18.39
2018-01-15,5.07,27.38,22.34,20.26
2018-01-16,7.81,29.89,22.12,19.54
2018-01-17,1.69,30.23,23.06,23.0
2018-01-18,6.4,27.08,23.38,23.86
2018-01-19,0.72,31.09,21.97,26.51
2018-01-20,0.04,28.78,22.77,26.97
2018-01-21,0.01,31.95,21.57,24.79
2018-01-22,0.04,32.7,22.45,26.58
2018-01-23,0.09,31.56,24.12,28.37
2018-01-24,2.54,32.11,22.98,27.06
2018-01-25,2.07,28.73,23.83,22.28
2018-01-26,9.41,30.02,22.64,23.91
2018-01-27,9.71,30.25,21.63,25.47
2018-01-28,3.99,29.77,21.75,22.31
2018-01-29,5.88,28.8,23.89,17.63
2018-01-30,8.31,30.39,23.75,13.83
2018-01-31,1.46,30.57,19.99,25.57
2018-02-01,0.02,30.15,18.95,27.45
2018-02-02,0.01,30.58,20.01,25.05
2018-02-03,0.53,30.84,20.74,27.18
2018-02-04,7.68,29.53,19.46,26.54
2018-02-05,0.25,28.58,19.57,26.47
2018-02-06,0.1,29.89,20.4,25.8
2018-02-07,1.6,30.54,21.03,27.92
2018-02-08,0.0,32.15,23.42,28.71
2018-02-09,2.82,32.76,23.13,23.88
2018-02-10,17.66,27.34,24.09,11.7
2018-02-11,2.61,28.69,23.29,17.81
2018-02-12,0.67,29.46,24.24,21.34
2018-02-13,8.9,30.95,21.73,18.67
2018-02-14,3.71,29.52,20.85,12.04
2018-02-15,0.4,30.65,19.14,14.09
2018-02-16,0.53,29.92,21.88,25.42
2018-02-17,4.83,28.78,21.86,20.95
2018-02-18,25.74,26.06,21.89,13.63
2018-02-19,7.51,27.18,20.47,16.08
2018-02-20,11.58,26.83,22.24,15.45
2018-02-21,5.37,28.92,22.47,22.88
2018-02-22,0.87,30.37,21.93,25.3
2018-02-23,1.35,30.6,20.38,26.46
2018-02-24,0.79,30.87,19.87,25.33
2018-02-25,0.84,31.09,20.53,23.82
2018-02-26,5.67,26.07,21.18,12.9
2018-02-27,20.11,27.7,21.57,10.81
2018-02-28,0.58,30.27,21.85,23.95
2018-03-01,1.58,29.07,23.98,22.55
2018-03-02,0.91,29.69,23.4,20.7
2018-03-03,3.02,28.45,23.71,22.35
2018-03-04,0.23,31.19,22.18,25.34
2018-03-05,0.07,31.82,22.22,21.39
2018-03-06,36.47,29.68,22.5,23.37
2018-03-07,7.71,29.96,23.26,23.47
2018-03-08,1.34,29.04,23.97,19.2
2018-03-09,4.65,29.42,21.63,24.44
2018-03-10,9.49,28.99,22.31,19.39
2018-03-11,2.68,30.58,23.87,23.86
2018-03-12,0.0,31.97,22.19,24.23
2018-03-13,0.0,32.41,23.94,21.05
2018-03-14,9.23,30.89,25.56,23.28
2018-03-15,1.25,29.38,23.75,21.64
2018-03-16,3.11,29.01,24.61,20.9
2018-03-17,0.84,31.23,23.95,24.04
2018-03-18,0.05,32.09,23.4,24.65
2018-03-19,0.05,31.99,24.02,22.81
2018-03-20,4.92,29.64,25.13,16.9
2018-03-21,9.97,29.47,24.73,21.47
2018-03-22,0.61,30.62,22.04,23.65
2018-03-23,0.1,31.6,22.16,23.32
2018-03-24,0.02,30.49,22.93,23.5
2018-03-25,4.85,28.2,23.06,20.11
2018-03-26,2.05,28.86,23.14,11.2
2018-03-27,6.78,26.88,22.23,17.04
2018-03-28,0.04,29.55,21.19,21.61
2018-03-29,0.01,30.39,20.5,23.01
2018-03-30,0.43,30.25,21.26,21.9
2018-03-31,1.7,27.59,21.83,9.31
2018-04-01,6.1,26.04,21.91,11.87
2018-04-02,0.97,28.36,21.25,15.39
2018-04-03,1.71,28.33,21.21,14.42
2018-04-04,0.12,28.96,19.77,18.27
2018-04-05,0.0,30.1,19.18,21.81
2018-04-06,0.0,30.49,19.55,22.93
2018-04-07,0.0,30.54,18.86,22.87
2018-04-08,0.0,30.62,19.54,21.1
2018-04-09,0.0,30.82,20.78,20.66
2018-04-10,0.0,30.84,20.47,21.21
2018-04-11,0.0,31.05,19.88,21.66
2018-04-12,0.14,29.29,17.96,19.11
2018-04-13,0.02,30.43,17.69,21.71
2018-04-14,0.22,30.9,20.51,17.29
2018-04-15,0.44,24.45,20.72,10.26
2018-04-16,0.01,28.88,18.81,16.27
2018-04-17,0.28,28.18,19.42,18.31
2018-04-18,0.05,29.28,18.67,19.92
2018-04-19,0.0,29.98,17.39,19.41
2018-04-20,0.0,28.87,19.38,20.35
2018-04-21,0.0,28.04,17.94,20.88
2018-04-22,0.0,29.96,15.15,19.52
2018-04-23,0.0,26.23,18.2,19.17
2018-04-24,0.0,30.67,17.3,19.51
2018-04-25,0.0,31.13,18.08,19.33
2018-04-26,0.0,31.02,19.04,18.57
2018-04-27,0.0,31.74,19.31,18.12
2018-04-28,0.0,31.95,20.25,18.53
2018-04-29,0.0,31.74,19.67,18.8
2018-04-30,0.0,31.85,19.71,18.87
2018-05-01,0.03,32.26,21.55,18.86
2018-05-02,0.01,32.02,18.7,18.58
2018-05-03,0.0,31.48,17.7,19.5
2018-05-04,0.0,32.13,18.91,17.87
2018-05-05,0.0,32.86,20.54,17.22
2018-05-06,0.67,26.35,22.3,16.4
2018-05-07,0.87,29.25,19.3,18.05
2018-05-08,0.0,29.85,18.73,18.14
2018-05-09,0.0,29.86,18.06,17.74
2018-05-10,0.0,29.96,17.0,18.22
2018-05-11,0.0,30.34,19.36,15.74
2018-05-12,0.0,28.39,19.59,13.43
2018-05-13,0.0,28.64,18.62,14.24
2018-05-14,0.04,30.37,19.24,16.84
2018-05-15,2.08,30.97,19.26,13.29
2018-05-16,0.53,29.56,18.92,10.41
2018-05-17,0.04,30.55,18.85,15.37
2018-05-18,4.77,30.19,19.69,14.85
2018-05-19,4.46,28.24,15.28,6.66
2018-05-20,0.03,20.44,11.21,18.79
2018-05-21,1.1,22.36,10.21,18.84
2018-05-22,0.0,24.22,9.27,18.71
2018-05-23,0.01,26.42,10.37,18.05
2018-05-24,0.01,28.09,12.99,17.3
2018-05-25,0.0,26.91,14.75,15.65
2018-05-26,0.04,28.87,15.33,16.98
2018-05-27,0.02,28.31,14.86,16.84
2018-05-28,0.0,27.82,14.01,17.04
2018-05-29,0.0,26.88,14.37,14.19
2018-05-30,0.0,27.53,16.71,15.95
2018-05-31,0.0,27.86,15.64,16.82
2018-06-01,0.0,28.68,15.6,13.88
2018-06-02,0.0,29.2,18.57,12.67
2018-06-03,0.2,28.61,19.02,12.4
2018-06-04,0.0,25.65,16.28,10.65
2018-06-05,0.41,28.35,17.42,11.77
2018-06-06,0.08,26.24,17.61,10.86
2018-06-07,0.0,27.32,18.41,10.09
2018-06-08,0.0,23.62,14.81,11.12
2018-06-09,0.0,27.22,15.48,14.84
2018-06-10,0.0,30.74,18.71,12.21
2018-06-11,0.0,29.86,19.88,14.19
2018-06-12,0.57,31.26,19.96,13.87
2018-06-13,1.55,27.62,20.89,8.51
2018-06-14,0.11,26.75,17.36,13.23
2018-06-15,0.03,25.96,16.32,13.71
2018-06-16,0.0,22.72,16.4,13.01
2018-06-17,0.0,27.13,14.31,15.11
2018-06-18,0.0,27.25,15.14,15.04
2018-06-19,0.0,27.83,15.56,15.49
2018-06-20,0.0,28.7,16.1,15.55
2018-06-21,0.0,28.46,16.17,14.45
2018-06-22,0.0,28.41,19.56,12.45
2018-06-23,0.0,29.57,18.53,14.35
2018-06-24,0.0,29.98,18.99,11.51
2018-06-25,0.0,29.23,19.67,15.44
2018-06-26,0.0,31.18,18.99,16.02
2018-06-27,0.0,31.44,18.26,15.34
2018-06-28,0.0,30.94,17.19,15.28
2018-06-29,0.0,29.8,16.51,14.6
2018-06-30,0.0,29.94,16.87,15.93
2018-07-01,0.0,30.41,17.1,15.89
2018-07-02,0.0,30.66,16.91,16.27
2018-07-03,0.0,30.9,19.88,16.5
2018-07-04,0.0,30.85,16.93,15.72
2018-07-05,0.0,31.22,17.3,16.01
2018-07-06,0.0,30.5,17.1,16.24
2018-07-07,0.0,29.72,16.19,15.75
2018-07-08,0.0,30.0,18.68,16.56
2018-07-09,0.0,28.6,16.9,13.38
2018-07-10,0.15,23.45,13.41,14.56
2018-07-11,0.0,22.69,9.83,17.2
2018-07-12,0.0,23.39,10.16,15.91
2018-07-13,0.0,23.27,11.59,14.56
2018-07-14,0.0,30.45,15.4,17.09
2018-07-15,0.0,31.5,16.45,17.5
2018-07-16,0.0,31.82,15.97,17.21
2018-07-17,0.0,30.93,15.73,17.44
2018-07-18,0.0,30.48,15.43,16.95
2018-07-19,0.0,30.93,17.84,17.46
2018-07-20,0.0,31.39,17.35,17.72
2018-07-21,0.0,30.05,16.49,15.61
2018-07-22,0.0,30.56,16.4,14.39
2018-07-23,0.0,31.33,17.85,17.01
2018-07-24,0.0,30.1,17.0,16.18
2018-07-25,0.0,29.47,15.89,16.28
2018-07-26,0.0,30.23,17.91,16.67
2018-07-27,0.0,30.6,16.9,17.72
2018-07-28,0.0,31.72,17.23,17.89
2018-07-29,0.0,31.99,18.81,17.72
2018-07-30,0.43,31.0,20.86,16.2
2018-07-31,0.84,28.39,18.94,15.77
2018-08-01,0.63,25.35,15.31,9.73
2018-08-02,2.51,27.24,16.06,11.99
2018-08-03,3.09,28.4,18.04,8.41
2018-08-04,15.95,24.86,17.75,12.05
2018-08-05,0.74,25.28,17.4,9.81
2018-08-06,7.16,24.46,16.91,3.45
2018-08-07,0.18,27.02,15.3,12.19
2018-08-08,3.9,26.71,14.89,8.6
2018-08-09,0.36,27.04,14.14,13.27
2018-08-10,0.0,21.4,9.3,18.81
2018-08-11,0.0,23.84,7.76,20.89
2018-08-12,0.04,26.57,9.16,19.65
2018-08-13,0.0,29.08,11.15,20.86
2018-08-14,0.03,30.13,11.77,20.34
2018-08-15,0.0,30.53,12.89,17.67
2018-08-16,0.0,25.64,15.69,13.5
2018-08-17,0.01,27.67,15.55,19.12
2018-08-18,0.0,28.61,15.18,19.86
2018-08-19,0.0,30.38,16.73,18.73
2018-08-20,0.0,32.41,18.2,21.22
2018-08-21,0.05,31.97,16.6,20.26
2018-08-22,0.13,30.0,17.73,10.64
2018-08-23,0.01,32.15,18.05,19.59
2018-08-24,1.81,33.28,20.97,10.54
2018-08-25,6.11,28.6,18.03,8.35
2018-08-26,0.0,27.35,14.53,21.24
2018-08-27,0.0,29.39,13.49,21.86
2018-08-28,0.0,31.58,15.73,21.37
2018-08-29,0.0,31.47,16.98,22.01
2018-08-30,0.0,32.53,20.26,22.01
2018-08-31,0.0,34.2,19.68,22.54
2018-09-01,0.0,34.76,21.14,21.87
2018-09-02,0.17,35.41,21.22,18.66
2018-09-03,1.06,21.29,15.37,10.55
2018-09-04,0.01,24.82,12.84,16.8
2018-09-05,0.0,26.24,13.03,23.79
2018-09-06,0.0,29.69,11.72,23.21
2018-09-07,0.0,33.29,13.22,23.56
2018-09-08,0.0,33.94,15.31,23.47
2018-09-09,0.0,33.7,15.66,24.15
2018-09-10,0.0,33.16,16.24,23.5
2018-09-11,0.01,33.4,16.85,23.1
2018-09-12,0.06,34.27,17.08,22.38
2018-09-13,1.46,35.41,18.88,21.49
2018-09-14,5.45,32.45,19.47,5.79
2018-09-15,1.65,27.78,18.78,10.8
2018-09-16,4.6,29.93,20.45,15.0
2018-09-17,11.22,25.36,19.29,6.15
2018-09-18,0.64,27.98,20.03,11.18
2018-09-19,9.91,28.96,21.08,19.92
2018-09-20,11.91,29.7,21.69,9.21
2018-09-21,0.72,29.87,21.65,21.95
2018-09-22,0.01,33.34,20.59,25.21
2018-09-23,0.0,35.02,18.45,25.15
2018-09-24,0.0,36.35,19.03,24.9
2018-09-25,0.02,37.09,19.01,22.09
2018-09-26,3.16,34.26,22.73,18.53
2018-09-27,0.98,32.92,22.54,12.07
2018-09-28,1.61,29.58,22.35,19.53
2018-09-29,0.07,33.9,22.28,20.2
2018-09-30,8.51,24.99,21.85,3.82
2018-10-01,0.44,31.76,21.75,21.05
2018-10-02,0.0,35.58,21.85,20.82
2018-10-03,8.34,35.63,23.53,22.52
2018-10-04,2.04,30.82,23.65,22.43
2018-10-05,0.02,32.7,20.69,23.18
2018-10-06,0.94,31.09,18.4,23.13
2018-10-07,21.39,31.4,19.79,14.14
2018-10-08,8.35,29.92,22.32,9.22
2018-10-09,17.78,30.79,21.76,16.45
2018-10-10,9.28,30.12,23.54,17.53
2018-10-11,5.82,29.8,22.58,19.64
2018-10-12,0.02,31.89,20.37,25.43
2018-10-13,1.37,31.74,23.35,14.34
2018-10-14,8.04,30.5,23.29,19.22
2018-10-15,0.8,30.98,22.86,21.11
2018-10-16,0.93,32.74,20.58,19.27
2018-10-17,3.9,29.74,25.19,20.99
2018-10-18,14.86,33.25,23.49,22.88
2018-10-19,1.84,27.92,21.57,19.49
2018-10-20,0.0,29.14,17.74,28.12
2018-10-21,0.0,30.13,16.06,27.05
2018-10-22,0.0,32.81,17.23,27.04
2018-10-23,3.65,31.23,22.76,25.35
2018-10-24,11.01,26.04,22.43,11.91
2018-10-25,15.41,28.17,20.73,8.26
2018-10-26,4.4,29.15,22.2,15.28
2018-10-27,3.2,29.26,22.37,14.6
2018-10-28,0.0,29.45,19.19,27.58
2018-10-29,0.0,29.44,16.5,25.3
2018-10-30,0.0,32.54,18.28,26.29
2018-10-31,0.62,32.71,21.72,23.46
2018-11-01,0.59,29.92,23.38,18.73
2018-11-02,0.04,32.34,21.98,23.13
2018-11-03,24.79,32.16,23.13,26.41
2018-11-04,5.75,29.42,21.07,14.37
2018-11-05,13.44,28.64,18.29,21.28
2018-11-06,2.34,29.89,19.79,22.7
2018-11-07,22.68,27.69,20.09,7.3
2018-11-08,15.24,22.96,18.85,10.18
2018-11-09,3.1,25.99,19.23,12.26
2018-11-10,3.31,27.31,19.04,17.91
2018-11-11,0.76,30.41,20.98,25.86
2018-11-12,0.05,32.28,21.91,28.39
2018-11-13,0.0,33.5,22.34,27.36
2018-11-14,1.29,32.82,23.77,25.75
2018-11-15,1.77,30.52,25.26,27.04
2018-11-16,3.12,28.85,24.63,27.05
2018-11-17,3.34,31.17,20.75,22.02
2018-11-18,18.94,26.27,22.77,17.16
2018-11-19,15.61,28.59,18.94,12.29
2018-11-20,0.06,27.97,17.43,15.26
2018-11-21,0.21,29.76,18.15,24.13
2018-11-22,4.78,29.3,20.06,19.98
2018-11-23,20.17,26.91,21.95,7.11
2018-11-24,11.27,28.72,22.33,16.85
2018-11-25,13.79,29.58,21.99,21.21
2018-11-26,1.46,30.32,20.28,23.23
2018-11-27,0.07,29.85,18.2,28.46
2018-11-28,0.0,30.94,20.31,29.63
2018-11-29,0.07,32.26,20.9,23.8
2018-11-30,4.19,29.31,22.86,19.03
2018-12-01,10.83,26.8,22.78,15.9
2018-12-02,5.33,30.57,22.94,22.01
2018-12-03,0.19,30.42,19.53,27.64
2018-12-04,0.0,31.43,20.5,27.25
2018-12-05,0.0,32.64,24.3,26.27
2018-12-06,0.0,34.01,21.21,29.13
2018-12-07,0.0,33.28,21.77,28.33
2018-12-08,0.0,30.06,19.19,31.09
2018-12-09,0.0,30.85,16.94,29.34
2018-12-10,0.0,31.82,20.43,29.45
2018-12-11,0.0,33.46,20.95,29.45
2018-12-12,0.27,34.7,21.58,27.62
2018-12-13,0.76,34.11,23.64,30.11
2018-12-14,0.64,34.33,22.83,27.8
2018-12-15,5.5,32.67,24.8,23.34
2018-12-16,0.95,34.55,24.74,29.1
2018-12-17,2.4,35.21,25.11,28.35
2018-12-18,2.02,35.3,25.47,24.02
2018-12-19,2.14,34.57,25.08,15.39
2018-12-20,0.01,33.89,24.66,29.45
2018-12-21,3.2,35.45,26.79,26.17
2018-12-22,6.02,32.35,24.63,26.79
2018-12-23,4.13,32.24,24.48,20.03
2018-12-24,5.8,30.36,23.27,18.11
2018-12-25,5.05,30.17,22.87,17.64
2018-12-26,11.94,29.5,22.69,15.52
2018-12-27,3.5,29.7,22.79,24.02
2018-12-28,7.58,30.47,21.52,23.28
2018-12-29,6.22,31.22,23.74,23.15
2018-12-30,7.24,31.99,23.9,22.69
2018-12-31,5.21,33.3,23.66,26.77
2019-01-01,5.53,30.58,23.5,23.9
2019-01-02,1.01,33.02,23.02,25.46
2019-01-03,1.89,33.25,23.6,21.2
2019-01-04,26.73,28.24,24.01,17.47
2019-01-05,6.4,25.52,22.6,13.68
2019-01-06,2.96,29.52,21.99,18.18
2019-01-07,0.38,32.48,22.1,29.06
2019-01-08,0.03,31.96,23.63,27.54
2019-01-09,0.25,31.64,24.08,26.83
2019-01-10,0.1,32.81,24.76,27.59
2019-01-11,0.5,31.53,22.91,25.62
2019-01-12,5.24,29.17,23.59,24.87
2019-01-13,2.68,30.75,23.38,25.14
2019-01-14,3.18,32.16,23.14,26.62
2019-01-15,0.9,32.81,23.78,21.49
2019-01-16,1.57,31.44,25.16,22.99
2019-01-17,7.55,32.71,23.87,24.2
2019-01-18,3.15,32.99,24.07,25.56
2019-01-19,2.2,33.25,23.77,25.43
2019-01-20,5.72,33.11,23.89,27.46
2019-01-21,1.86,32.46,24.35,28.74
2019-01-22,0.0,35.51,25.75,26.74
2019-01-23,0.43,35.23,25.69,26.04
2019-01-24,6.58,31.1,25.05,18.56
2019-01-25,4.25,34.02,22.64,24.55
2019-01-26,2.23,31.96,23.42,23.61
2019-01-27,3.33,31.06,22.2,19.98
2019-01-28,0.03,35.19,22.25,29.14
2019-01-29,0.0,37.02,23.47,29.25
2019-01-30,0.03,37.11,25.3,27.86
2019-01-31,1.61,37.8,25.52,27.23
2019-02-01,1.79,36.61,25.34,27.07
2019-02-02,0.18,37.46,26.78,25.7
2019-02-03,0.06,37.12,24.93,26.42
2019-02-04,1.26,33.43,23.41,20.44
2019-02-05,0.1,33.79,22.01,14.67
2019-02-06,13.63,31.27,22.17,14.89
2019-02-07,5.79,32.49,21.1,26.96
2019-02-08,0.07,34.6,21.17,28.88
2019-02-09,0.06,36.28,22.87,27.62
2019-02-10,2.57,35.4,25.31,23.52
2019-02-11,7.19,33.32,25.69,22.58
2019-02-12,16.8,28.95,24.45,11.99
2019-02-13,4.84,26.29,22.29,15.86
2019-02-14,13.11,29.87,19.28,19.37
2019-02-15,7.97,28.94,21.97,13.16
2019-02-16,8.8,26.61,22.73,14.02
2019-02-17,1.05,28.69,21.62,21.43
2019-02-18,4.3,28.76,21.68,20.41
2019-02-19,5.17,30.51,21.12,20.62
2019-02-20,2.22,30.88,22.96,13.16
2019-02-21,5.3,29.94,23.17,14.41
2019-02-22,7.34,31.06,22.96,21.5
2019-02-23,2.31,29.91,22.78,19.93
2019-02-24,2.57,32.3,23.35,20.21
2019-02-25,3.45,29.98,23.67,22.32
2019-02-26,12.88,29.07,23.63,12.92
2019-02-27,15.05,27.51,21.92,15.14
2019-02-28,14.46,25.48,22.24,11.9
2019-03-01,13.85,27.18,21.96,14.33
2019-03-02,4.89,26.98,22.38,16.23
2019-03-03,4.37,29.2,21.78,21.49
2019-03-04,5.86,29.18,21.65,16.23
2019-03-05,1.55,30.0,21.36,23.16
2019-03-06,2.47,30.82,21.36,25.13
2019-03-07,7.58,29.67,22.68,21.72
2019-03-08,0.88,30.7,22.41,22.98
2019-03-09,1.38,30.54,23.39,23.53
2019-03-10,17.18,28.0,23.37,21.13
2019-03-11,0.52,30.54,21.77,17.85
2019-03-12,1.6,30.22,21.88,23.6
2019-03-13,4.08,29.82,23.08,19.85
2019-03-14,10.42,28.16,23.7,18.26
2019-03-15,10.26,29.88,22.93,19.39
2019-03-16,3.76,29.97,22.39,19.43
2019-03-17,3.0,30.16,23.25,20.22
2019-03-18,6.7,28.8,23.61,18.16
2019-03-19,0.64,29.21,23.56,23.19
2019-03-20,16.98,27.86,23.57,21.33
2019-03-21,5.45,27.68,20.48,12.28
2019-03-22,0.01,27.39,19.23,16.7
2019-03-23,0.0,29.4,19.67,23.93
2019-03-24,0.0,30.45,19.92,23.22
2019-03-25,0.0,31.07,19.85,23.14
2019-03-26,0.0,32.01,21.09,22.71
2019-03-27,0.0,31.15,21.71,21.64
2019-03-28,0.0,31.41,21.25,22.92
2019-03-29,0.0,30.14,20.49,22.66
2019-03-30,0.0,30.37,19.65,23.66
2019-03-31,0.0,31.15,19.52,23.59
2019-04-01,0.0,31.89,20.04,21.24
2019-04-02,0.0,31.89,19.51,16.39
2019-04-03,0.0,30.6,21.59,16.81
2019-04-04,0.0,33.01,22.32,14.5
2019-04-05,2.59,27.93,23.22,16.97
2019-04-06,6.49,30.85,23.13,19.02
2019-04-07,23.02,28.33,23.55,11.56
2019-04-08,3.82,28.61,21.99,11.93
2019-04-09,0.35,28.41,18.99,12.25
2019-04-10,0.02,29.13,17.97,20.93
2019-04-11,0.02,29.74,18.87,21.01
2019-04-12,1.29,30.56,19.51,19.75
2019-04-13,5.6,29.06,21.45,15.7
2019-04-14,6.21,29.02,22.07,8.79
2019-04-15,1.93,30.34,20.92,19.14
2019-04-16,1.74,29.67,21.8,18.52
2019-04-17,0.14,30.71,21.57,21.03
2019-04-18,0.0,30.23,17.73,21.43
2019-04-19,0.01,30.15,16.96,22.02
2019-04-20,0.0,30.72,17.36,21.58
2019-04-21,0.0,32.1,18.67,19.55
2019-04-22,0.19,31.92,19.81,16.7
2019-04-23,0.27,31.78,22.36,15.13
2019-04-24,1.15,32.23,21.81,19.03
2019-04-25,0.68,32.88,21.72,18.22
2019-04-26,0.05,32.91,21.62,18.99
2019-04-27,0.01,33.2,22.24,18.56
2019-04-28,4.06,31.37,22.04,14.65
2019-04-29,0.18,29.66,19.38,16.03
2019-04-30,0.0,29.84,17.77,18.82
2019-05-01,0.04,30.94,19.36,14.31
2019-05-02,0.0,31.12,21.57,15.55
2019-05-03,0.92,31.64,22.38,15.12
2019-05-04,0.34,29.14,22.95,12.71
2019-05-05,0.08,29.66,22.76,16.7
2019-05-06,0.06,31.29,21.56,16.99
2019-05-07,0.59,31.94,22.38,14.82
2019-05-08,0.04,31.23,20.44,17.86
2019-05-09,0.86,31.24,20.37,17.23
2019-05-10,0.72,32.34,21.06,15.15
2019-05-11,6.09,32.13,22.11,12.25
2019-05-12,0.36,31.89,22.4,16.07
2019-05-13,0.01,31.34,22.1,16.42
2019-05-14,0.0,29.53,19.13,14.94
2019-05-15,0.0,27.11,18.08,13.51
2019-05-16,0.0,25.98,19.69,12.72
2019-05-17,0.94,24.78,18.64,13.26
2019-05-18,4.8,25.58,18.14,14.04
2019-05-19,0.1,27.38,16.59,14.2
2019-05-20,0.01,27.98,16.27,17.11
2019-05-21,0.2,29.11,16.05,17.4
2019-05-22,0.06,29.35,17.84,17.62
2019-05-23,0.03,30.24,17.92,15.72
2019-05-24,0.49,23.8,16.27,4.8
2019-05-25,0.01,22.66,13.19,17.73
2019-05-26,0.1,26.41,11.42,18.19
2019-05-27,0.01,30.59,13.47,16.96
2019-05-28,0.01,31.39,16.7,15.79
2019-05-29,3.43,30.74,19.51,14.91
2019-05-30,0.0,31.99,19.78,15.83
2019-05-31,0.0,31.37,19.06,14.26
2019-06-01,0.0,31.45,19.75,15.67
2019-06-02,5.13,29.63,18.22,13.87
2019-06-03,2.53,25.91,19.08,6.76
2019-06-04,0.09,25.76,15.33,13.49
2019-06-05,0.01,24.45,11.95,17.47
2019-06-06,0.07,26.75,12.75,16.77
2019-06-07,0.0,27.72,13.35,16.82
2019-06-08,0.04,27.42,15.23,15.13
2019-06-09,0.04,27.68,12.17,16.96
2019-06-10,0.0,28.36,14.36,16.6
2019-06-11,0.0,29.14,15.56,15.24
2019-06-12,0.0,29.16,15.68,15.85
2019-06-13,0.0,29.6,16.9,14.96
2019-06-14,0.0,30.39,17.71,16.14
2019-06-15,0.0,29.96,16.67,16.26
2019-06-16,0.0,29.39,16.14,16.06
2019-06-17,0.0,28.94,15.91,14.24
2019-06-18,0.03,29.16,15.34,15.88
2019-06-19,0.0,28.82,16.08,14.48
2019-06-20,0.0,29.54,16.61,15.93
2019-06-21,0.0,29.33,17.52,15.0
2019-06-22,0.02,29.02,16.14,15.87
2019-06-23,0.0,28.41,15.8,16.14
2019-06-24,0.0,28.98,15.26,16.29
2019-06-25,0.0,29.82,15.79,15.44
2019-06-26,0.0,30.3,18.61,14.12
2019-06-27,0.05,28.88,18.84,8.5
2019-06-28,0.08,31.29,19.64,15.64
2019-06-29,0.36,30.71,18.01,15.71
2019-06-30,0.0,30.77,17.55,16.32
2019-07-01,0.0,30.52,17.31,15.8
2019-07-02,0.12,30.36,17.65,13.93
2019-07-03,0.02,30.23,18.31,14.93
2019-07-04,12.64,26.57,19.66,8.47
2019-07-05,8.33,22.64,13.19,7.42
2019-07-06,0.0,18.19,8.16,17.59
2019-07-07,0.05,20.69,6.24,17.42
2019-07-08,0.0,24.46,8.1,16.71
2019-07-09,0.02,26.84,9.71,17.26
2019-07-10,0.0,27.52,10.36,17.25
2019-07-11,0.03,27.45,12.26,17.08
2019-07-12,0.0,28.11,11.77,16.66
2019-07-13,0.0,27.86,14.68,16.26
2019-07-14,0.0,29.14,18.13,16.61
2019-07-15,0.07,29.64,19.42,14.74
2019-07-16,0.67,27.12,15.53,15.51
2019-07-17,0.0,23.9,10.6,17.39
2019-07-18,0.02,24.98,11.48,15.8
2019-07-19,0.01,27.43,15.65,13.73
2019-07-20,0.0,27.13,13.89,17.26
2019-07-21,0.0,26.65,14.72,16.11
2019-07-22,0.0,26.93,16.34,12.01
2019-07-23,0.01,29.02,15.67,17.65
2019-07-24,0.0,30.16,16.54,17.82
2019-07-25,0.0,30.85,17.29,13.42
2019-07-26,0.0,30.71,17.71,13.96
2019-07-27,0.0,30.51,19.42,16.16
2019-07-28,0.0,29.14,15.53,17.98
2019-07-29,0.0,29.86,15.59,15.33
2019-07-30,0.47,29.9,20.11,13.32
2019-07-31,0.0,29.82,16.11,18.39
2019-08-01,0.0,32.18,15.33,18.55
2019-08-02,0.08,31.39,19.34,15.14
2019-08-03,0.59,23.53,16.4,9.15
2019-08-04,9.65,18.73,12.98,2.49
2019-08-05,1.65,24.26,12.04,12.1
2019-08-06,3.47,27.2,15.2,11.47
2019-08-07,0.01,29.25,16.75,18.53
2019-08-08,0.0,31.09,17.52,19.12
2019-08-09,0.0,31.71,17.49,19.43
2019-08-10,0.0,31.8,18.05,19.31
2019-08-11,0.0,33.25,17.71,19.36
2019-08-12,0.02,33.6,18.42,19.6
2019-08-13,0.02,33.53,21.4,18.07
2019-08-14,0.01,27.44,14.94,17.7
2019-08-15,0.0,28.46,13.32,19.78
2019-08-16,0.0,29.31,14.99,20.06
2019-08-17,0.0,30.87,15.83,20.11
2019-08-18,0.0,32.03,18.96,17.13
2019-08-19,0.22,29.59,20.4,11.6
2019-08-20,0.0,30.41,17.38,14.85
2019-08-21,0.0,29.76,15.92,19.84
2019-08-22,0.0,28.97,15.17,20.18
2019-08-23,0.26,27.75,14.25,19.89
2019-08-24,0.02,28.63,13.94,21.11
2019-08-25,0.0,30.49,13.6,20.42
2019-08-26,0.0,32.73,15.17,21.27
2019-08-27,0.0,31.39,17.81,17.3
2019-08-28,0.0,31.68,18.9,18.78
2019-08-29,0.0,31.98,19.0,19.46
2019-08-30,0.0,33.97,19.94,21.08
2019-08-31,1.16,35.75,23.97,19.67
2019-09-01,7.66,34.66,21.76,11.21
2019-09-02,6.86,30.14,19.97,15.61
2019-09-03,2.0,31.9,21.22,14.7
2019-09-04,0.21,32.62,20.86,17.02
2019-09-05,0.07,31.56,18.63,20.17
2019-09-06,0.65,32.75,17.55,21.01
2019-09-07,0.01,35.05,20.21,22.35
2019-09-08,0.03,35.89,22.82,22.02
2019-09-09,0.0,35.98,21.8,22.9
2019-09-10,0.0,36.19,21.82,21.7
2019-09-11,0.0,38.39,23.33,22.69
2019-09-12,0.0,38.52,25.71,22.94
2019-09-13,0.0,37.23,23.03,22.05
2019-09-14,0.0,36.67,20.8,21.21
2019-09-15,0.0,38.29,24.27,22.29
2019-09-16,0.0,37.9,23.75,22.65
2019-09-17,0.0,38.59,23.38,23.62
2019-09-18,0.0,38.1,23.09,20.93
2019-09-19,0.02,38.05,24.84,17.1
2019-09-20,1.43,36.83,25.58,11.34
2019-09-21,0.55,35.69,22.82,18.94
2019-09-22,0.01,30.55,19.75,19.72
2019-09-23,0.0,32.38,17.64,24.18
2019-09-24,0.98,33.62,18.91,22.16
2019-09-25,11.6,23.75,19.36,3.5
2019-09-26,14.9,27.7,17.38,8.9
2019-09-27,0.15,30.07,17.3,24.25
2019-09-28,0.09,30.49,15.73,24.94
2019-09-29,0.07,31.97,16.0,26.0
2019-09-30,0.05,33.82,16.33,26.35
2019-10-01,0.01,36.0,17.81,25.93
2019-10-02,0.0,38.17,21.2,23.79
2019-10-03,0.06,37.72,24.15,24.32
2019-10-04,0.0,37.2,20.38,26.87
2019-10-05,0.0,37.53,21.04,25.47
2019-10-06,3.26,36.8,23.72,22.11
2019-10-07,0.13,31.76,20.78,19.94
2019-10-08,1.12,30.35,21.66,10.75
2019-10-09,1.34,27.7,20.84,17.84
2019-10-10,0.11,32.64,20.2,22.55
2019-10-11,0.0,34.97,22.18,26.04
2019-10-12,0.05,36.04,22.58,25.17
2019-10-13,0.08,36.6,25.19,24.43
2019-10-14,1.07,38.02,23.59,25.2
2019-10-15,0.05,36.45,23.29,20.59
2019-10-16,0.01,36.5,21.27,25.41
2019-10-17,0.01,38.31,23.0,23.91
2019-10-18,1.16,36.66,26.02,21.81
2019-10-19,4.07,36.26,23.72,22.0
2019-10-20,4.51,34.05,22.2,17.07
2019-10-21,1.83,30.2,19.83,15.16
2019-10-22,15.47,29.0,22.87,12.0
2019-10-23,0.01,32.05,19.82,25.96
2019-10-24,0.0,34.2,20.67,28.35
2019-10-25,0.0,36.28,21.23,28.49
2019-10-26,0.02,37.27,21.77,27.83
2019-10-27,2.56,36.93,23.56,27.98
2019-10-28,6.38,33.24,23.69,12.49
2019-10-29,0.96,35.01,23.73,28.06
2019-10-30,0.75,37.1,25.58,27.63
2019-10-31,0.21,36.9,25.2,27.47
2019-11-01,0.27,37.55,23.89,28.28
2019-11-02,0.08,37.28,23.73,28.68
2019-11-03,0.06,38.63,26.68,27.81
2019-11-04,0.87,39.06,26.77,26.67
2019-11-05,4.6,35.9,26.06,25.51
2019-11-06,8.22,34.69,24.36,14.69
2019-11-07,0.64,32.19,22.41,18.55
2019-11-08,1.51,29.74,23.57,14.52
2019-11-09,1.2,32.35,22.92,14.22
2019-11-10,4.6,30.32,22.96,11.59
2019-11-11,0.07,33.71,23.77,25.86
2019-11-12,0.0,34.27,21.82,26.01
2019-11-13,4.79,32.4,23.69,17.85
2019-11-14,10.58,29.45,24.16,18.94
2019-11-15,5.75,29.48,22.78,14.97
2019-11-16,0.02,33.05,19.38,29.27
2019-11-17,0.02,34.29,19.07,30.28
2019-11-18,0.0,35.12,18.58,29.9
2019-11-19,0.01,35.65,21.0,27.63
2019-11-20,0.63,35.15,23.8,25.44
2019-11-21,0.43,35.45,23.86,27.51
2019-11-22,1.82,34.55,24.09,24.91
2019-11-23,1.37,36.73,23.46,24.99
2019-11-24,1.76,28.52,21.64,20.82
2019-11-25,0.01,34.22,17.85,29.14
2019-11-26,1.73,32.28,22.18,22.95
2019-11-27,19.38,32.3,23.46,12.59
2019-11-28,4.31,29.91,21.75,15.39
2019-11-29,0.23,32.45,19.02,20.35
2019-11-30,20.53,30.74,21.98,18.7
2019-12-01,4.11,29.91,23.44,20.05
2019-12-02,0.58,31.71,21.43,25.55
2019-12-03,0.06,32.79,19.57,25.73
2019-12-04,4.25,30.78,23.14,20.7
2019-12-05,6.27,30.75,24.02,14.29
2019-12-06,5.91,31.89,22.69,16.39
2019-12-07,0.12,33.73,22.05,24.52
2019-12-08,1.1,34.79,21.79,28.06
2019-12-09,7.2,33.19,24.62,16.1
2019-12-10,7.09,30.55,23.85,15.66
2019-12-11,15.53,27.09,23.68,8.63
2019-12-12,4.97,29.21,22.39,19.76
2019-12-13,4.23,28.29,22.89,21.32
2019-12-14,8.09,28.11,22.48,17.66
2019-12-15,2.92,30.62,22.92,21.52
2019-12-16,8.56,30.52,23.02,23.73
2019-12-17,21.83,30.29,21.91,21.24
2019-12-18,3.64,28.68,22.75,15.87
2019-12-19,9.04,28.49,21.43,19.21
2019-12-20,5.22,28.91,21.31,17.33
2019-12-21,6.0,29.05,22.4,20.26
2019-12-22,9.17,27.71,22.35,13.81
2019-12-23,12.73,29.7,22.03,13.71
2019-12-24,0.36,31.25,21.3,27.64
2019-12-25,2.67,31.71,21.45,26.92
2019-12-26,1.57,33.77,23.15,28.74
2019-12-27,2.16,33.27,22.23,29.58
2019-12-28,2.85,32.43,22.3,27.77
2019-12-29,0.53,34.34,23.92,28.41
2019-12-30,0.02,33.89,23.83,28.46
2019-12-31,7.12,33.56,25.83,27.42
2020-01-01,6.06,30.78,24.35,25.52
2020-01-02,9.87,30.92,24.58,19.1
2020-01-03,6.14,28.76,21.7,14.97
2020-01-04,7.62,30.77,20.21,21.22
2020-01-05,6.21,30.08,21.85,19.3
2020-01-06,1.2,32.22,22.35,26.58
2020-01-07,2.36,31.89,23.41,18.21
2020-01-08,12.01,28.39,23.85,14.71
2020-01-09,17.33,28.63,23.93,20.6
2020-01-10,3.83,31.04,23.64,24.18
2020-01-11,1.81,30.6,25.79,19.43
2020-01-12,4.01,30.73,25.14,17.64
2020-01-13,3.11,31.61,24.14,17.99
2020-01-14,0.11,33.29,22.17,24.45
2020-01-15,0.22,34.61,22.77,29.49
2020-01-16,2.19,35.08,25.92,27.23
2020-01-17,0.36,32.76,24.04,17.61
2020-01-18,0.61,30.72,21.04,24.56
2020-01-19,0.09,33.8,22.05,24.84
2020-01-20,1.56,33.89,23.94,27.04
2020-01-21,0.3,34.71,22.51,26.37
2020-01-22,11.98,31.81,22.61,19.01
2020-01-23,24.89,28.57,21.55,8.52
2020-01-24,0.76,30.04,22.82,22.72
2020-01-25,0.03,30.25,19.66,29.6
2020-01-26,0.0,32.33,22.23,29.26
2020-01-27,0.02,33.49,22.34,29.62
2020-01-28,0.43,33.89,24.01,28.33
2020-01-29,2.38,33.37,23.38,22.61
2020-01-30,31.11,26.33,24.05,17.21
2020-01-31,8.38,27.45,23.45,17.83
2020-02-01,5.88,29.39,23.59,14.1
2020-02-02,1.24,29.19,23.71,18.7
2020-02-03,4.67,26.69,22.92,17.05
2020-02-04,12.46,28.72,22.89,19.26
2020-02-05,4.46,29.04,22.33,19.78
2020-02-06,7.11,27.57,22.09,18.05
2020-02-07,19.27,27.91,21.98,13.8
2020-02-08,0.48,29.4,20.46,24.12
2020-02-09,9.42,29.63,22.09,17.34
2020-02-10,16.73,28.94,21.77,12.46
2020-02-11,9.75,26.94,20.35,14.36
2020-02-12,0.01,28.81,19.42,15.01
2020-02-13,0.0,29.72,18.7,26.42
2020-02-14,0.01,31.03,19.75,27.49
2020-02-15,0.08,32.23,20.68,25.81
2020-02-16,0.27,33.13,23.39,23.88
2020-02-17,2.66,31.82,25.33,23.83
2020-02-18,4.24,31.43,24.57,26.69
2020-02-19,2.35,30.8,24.71,20.91
2020-02-20,5.21,29.25,24.16,19.02
2020-02-21,1.57,29.71,23.85,12.66
2020-02-22,11.75,31.46,21.01,19.6
2020-02-23,3.69,28.68,18.86,21.53
2020-02-24,10.34,28.72,20.05,10.74
2020-02-25,7.17,27.89,22.41,16.66
2020-02-26,28.68,29.5,21.77,10.3
2020-02-27,3.99,26.88,20.59,15.87
2020-02-28,0.17,27.89,18.05,22.49
2020-02-29,0.57,28.97,18.45,18.74
2020-03-01,2.88,29.26,19.48,18.05
2020-03-02,2.2,29.05,19.65,24.19
2020-03-03,2.15,28.59,18.4,22.52
2020-03-04,0.07,29.97,18.91,27.15
2020-03-05,1.23,30.19,19.39,27.21
2020-03-06,1.25,29.49,18.07,27.18
2020-03-07,1.9,29.4,17.54,27.33
2020-03-08,0.0,29.89,18.31,26.51
2020-03-09,0.01,31.03,19.94,25.42
2020-03-10,0.21,31.92,20.52,25.31
2020-03-11,0.17,32.64,21.36,25.08
2020-03-12,0.11,33.55,21.95,25.1
2020-03-13,0.03,33.98,21.04,25.99
2020-03-14,0.05,34.14,21.88,24.82
2020-03-15,1.39,32.79,22.45,23.09
2020-03-16,3.13,31.94,22.94,22.59
2020-03-17,1.01,32.85,24.69,23.55
2020-03-18,0.95,33.11,23.92,19.33
2020-03-19,13.14,31.06,24.92,15.13
2020-03-20,9.03,28.46,24.07,16.27
2020-03-21,4.18,29.54,22.55,16.67
2020-03-22,2.82,30.26,19.88,23.77
2020-03-23,3.78,28.53,17.96,23.84
2020-03-24,0.18,29.5,17.8,24.04
2020-03-25,0.0,29.61,17.41,23.37
2020-03-26,0.2,29.27,17.21,22.9
2020-03-27,0.2,30.04,18.86,22.12
2020-03-28,0.24,30.52,20.61,20.22
2020-03-29,34.41,26.48,22.51,7.8
2020-03-30,0.36,29.51,21.58,21.07
2020-03-31,0.06,30.49,20.65,22.91
2020-04-01,0.02,31.52,20.64,23.21
2020-04-02,0.65,31.76,20.59,20.69
2020-04-03,0.76,31.7,19.96,19.17
2020-04-04,0.0,29.64,15.72,23.53
2020-04-05,0.01,31.37,18.33,23.17
2020-04-06,0.07,33.03,19.39,22.88
2020-04-07,11.56,28.08,23.51,13.71
2020-04-08,0.06,30.09,20.45,21.15
2020-04-09,0.0,28.86,17.89,22.75
2020-04-10,0.02,29.1,16.18,22.5
2020-04-11,0.01,29.97,17.02,21.39
2020-04-12,0.01,29.93,17.33,19.98
2020-04-13,3.69,30.84,18.04,21.65
2020-04-14,7.63,28.56,18.18,8.91
2020-04-15,1.79,25.57,17.29,16.88
2020-04-16,0.0,27.27,12.56,21.21
2020-04-17,2.1,29.14,15.12,21.46
2020-04-18,3.09,27.29,16.57,20.72
2020-04-19,4.04,29.1,17.16,18.83
2020-04-20,0.05,29.21,17.97,19.85
2020-04-21,0.01,29.51,17.42,20.4
2020-04-22,0.01,29.39,16.27,21.38
2020-04-23,0.61,29.57,16.46,20.92
2020-04-24,0.05,30.89,16.69,20.26
2020-04-25,0.0,31.65,19.79,19.7
2020-04-26,0.0,31.76,17.98,20.32
2020-04-27,1.38,30.43,17.72,20.28
2020-04-28,2.67,29.32,17.03,20.24
2020-04-29,0.0,29.55,16.23,20.48
2020-04-30,0.01,30.42,17.59,18.85
2020-05-01,0.01,31.16,19.33,19.56
2020-05-02,0.06,31.13,19.49,19.09
2020-05-03,0.93,29.18,17.19,19.61
2020-05-04,0.37,28.2,15.05,19.82
2020-05-05,0.01,28.71,15.29,17.07
2020-05-06,0.0,30.65,19.88,12.4
2020-05-07,0.0,25.63,17.71,13.75
2020-05-08,0.0,26.3,13.03,19.48
2020-05-09,0.25,28.32,13.3,19.57
2020-05-10,0.0,28.6,14.42,19.17
2020-05-11,0.0,28.84,15.41,18.83
2020-05-12,0.01,29.41,15.33,13.81
2020-05-13,0.05,26.94,17.62,6.38
2020-05-14,4.84,25.81,18.86,8.18
2020-05-15,0.21,27.16,17.11,10.54
2020-05-16,0.04,27.56,15.69,17.86
2020-05-17,0.02,28.4,14.26,18.58
2020-05-18,0.01,29.55,13.25,18.65
2020-05-19,0.12,29.46,14.7,17.85
2020-05-20,0.0,28.77,18.69,14.41
2020-05-21,0.0,30.13,18.03,17.09
2020-05-22,1.47,30.76,17.99,15.45
2020-05-23,22.89,22.11,15.07,4.67
2020-05-24,0.0,19.8,12.13,7.21
2020-05-25,0.01,21.4,10.66,17.63
2020-05-26,0.01,22.07,8.76,17.74
2020-05-27,0.0,23.81,8.78,18.35
2020-05-28,0.0,25.08,9.36,18.46
2020-05-29,0.0,27.32,10.42,16.93
2020-05-30,0.0,26.62,11.5,17.95
2020-05-31,0.01,26.01,13.29,17.28
2020-06-01,0.0,28.62,14.69,16.76
2020-06-02,0.29,27.01,15.91,7.74
2020-06-03,1.6,27.99,17.96,9.02
2020-06-04,0.15,29.87,17.21,11.13
2020-06-05,0.22,30.23,18.89,10.55
2020-06-06,1.51,28.21,19.11,10.3
2020-06-07,0.53,25.34,17.02,9.47
2020-06-08,0.16,30.5,18.26,14.92
2020-06-09,1.94,30.66,20.18,8.21
2020-06-10,0.09,31.55,19.7,13.53
2020-06-11,0.01,31.35,19.69,15.47
2020-06-12,0.0,31.31,18.96,15.51
2020-06-13,0.01,30.92,17.76,16.35
2020-06-14,0.17,30.24,18.26,15.45
2020-06-15,0.01,29.49,16.45,15.65
2020-06-16,0.41,28.81,16.14,15.73
2020-06-17,0.0,28.41,17.0,14.68
2020-06-18,0.01,27.95,16.69,13.71
2020-06-19,0.0,29.0,17.14,16.47
2020-06-20,0.0,29.83,16.37,15.72
2020-06-21,0.0,30.27,18.11,16.09
2020-06-22,0.0,29.9,16.79,16.45
2020-06-23,0.0,28.19,16.09,13.79
2020-06-24,0.02,29.39,15.28,14.32
2020-06-25,0.46,30.05,18.7,15.36
2020-06-26,13.68,28.36,20.46,8.69
2020-06-27,8.2,23.58,16.67,3.4
2020-06-28,0.06,24.49,13.92,12.58
2020-06-29,0.05,27.3,13.97,13.71
2020-06-30,0.01,28.02,18.3,15.53
2020-07-01,0.7,21.89,12.54,12.72
2020-07-02,0.02,21.95,8.91,16.92
2020-07-03,0.0,23.53,10.08,16.8
2020-07-04,0.01,27.26,11.01,17.09
2020-07-05,0.0,29.89,15.19,14.6
2020-07-06,0.0,30.84,16.79,15.16
2020-07-07,0.0,30.82,19.08,16.47
2020-07-08,0.0,29.97,16.77,15.74
2020-07-09,0.19,26.15,15.9,13.45
2020-07-10,0.0,28.0,13.9,16.7
2020-07-11,0.0,30.24,17.56,15.46
2020-07-12,0.0,30.65,17.48,15.94
2020-07-13,0.0,31.11,19.11,16.26
2020-07-14,0.0,31.28,20.71,14.88
2020-07-15,0.0,28.95,17.32,16.46
2020-07-16,0.0,29.55,15.89,16.3
2020-07-17,0.0,30.58,19.1,16.73
2020-07-18,0.0,30.34,17.7,16.26
2020-07-19,0.0,28.74,16.73,17.31
2020-07-20,0.0,29.42,15.76,17.68
2020-07-21,0.0,30.35,16.29,18.03
2020-07-22,0.0,30.89,16.79,17.71
2020-07-23,0.0,30.77,16.61,17.83
2020-07-24,0.0,30.14,16.19,18.18
2020-07-25,0.0,30.96,16.36,18.28
2020-07-26,0.0,30.74,15.38,17.59
2020-07-27,0.0,31.14,17.82,17.83
2020-07-28,0.0,31.63,18.56,16.94
2020-07-29,0.02,30.39,21.4,17.21
2020-07-30,0.0,28.64,15.01,17.02
2020-07-31,0.04,29.99,14.8,16.86
2020-08-01,1.6,28.68,15.65,17.67
2020-08-02,1.18,29.07,14.76,18.38
2020-08-03,0.19,29.29,14.49,19.09
2020-08-04,0.0,29.28,14.1,19.56
2020-08-05,0.0,29.64,13.65,19.71
2020-08-06,0.0,29.66,14.08,19.06
2020-08-07,0.0,29.19,13.91,19.8
2020-08-08,0.04,29.65,15.69,16.82
2020-08-09,0.02,29.38,18.84,19.09
2020-08-10,0.0,30.64,16.59,19.57
2020-08-11,0.0,31.05,17.97,16.52
2020-08-12,0.0,32.43,18.55,19.09
2020-08-13,0.0,33.62,20.83,16.2
2020-08-14,0.0,32.48,21.35,17.86
2020-08-15,0.19,33.61,21.48,17.33
2020-08-16,4.29,28.97,20.87,7.81
2020-08-17,13.76,30.65,20.24,6.32
2020-08-18,2.08,30.7,20.11,14.97
2020-08-19,0.09,32.06,19.63,17.16
2020-08-20,0.12,25.64,16.99,12.69
2020-08-21,2.92,19.68,12.88,2.28
2020-08-22,0.03,22.76,9.73,19.1
2020-08-23,0.0,25.64,11.71,21.56
2020-08-24,0.0,28.26,12.97,21.23
2020-08-25,0.0,28.03,12.29,22.08
2020-08-26,1.2,28.92,11.15,22.02
2020-08-27,0.07,31.37,11.34,22.55
2020-08-28,0.21,33.54,15.22,22.45
2020-08-29,0.0,33.74,17.47,22.37
2020-08-30,0.0,34.64,19.04,21.66
2020-08-31,1.96,34.55,18.11,21.91
2020-09-01,6.48,33.11,18.91,21.18
2020-09-02,0.06,32.72,19.64,21.26
2020-09-03,0.05,33.88,20.79,22.07
2020-09-04,0.05,36.0,20.25,22.91
2020-09-05,0.78,35.32,19.5,23.39
2020-09-06,0.03,35.23,18.97,23.12
2020-09-07,0.0,35.6,19.9,22.57
2020-09-08,0.0,36.13,20.46,22.75
2020-09-09,0.3,37.4,20.02,23.16
2020-09-10,0.0,37.34,22.15,21.79
2020-09-11,0.0,38.15,21.23,22.56
2020-09-12,0.0,37.52,22.56,22.08
2020-09-13,0.07,36.51,21.52,22.0
2020-09-14,0.0,36.07,20.55,20.04
2020-09-15,0.0,34.97,20.59,20.96
2020-09-16,0.0,35.83,20.58,23.16
2020-09-17,0.0,37.41,22.41,21.85
2020-09-18,0.01,36.4,22.46,14.4
2020-09-19,0.22,35.1,23.81,9.07
2020-09-20,5.7,33.47,22.49,8.84
2020-09-21,0.15,30.5,19.78,11.55
2020-09-22,2.13,28.61,16.98,13.54
2020-09-23,0.63,31.03,17.4,21.16
2020-09-24,0.59,32.85,18.23,25.38
2020-09-25,0.01,35.33,19.37,25.6
2020-09-26,0.0,37.25,21.78,26.14
2020-09-27,0.0,38.26,22.36,24.29
2020-09-28,0.22,38.51,25.52,22.63
2020-09-29,1.74,39.45,25.48,24.22
2020-09-30,0.01,40.88,25.34,24.12
2020-10-01,0.0,40.71,28.1,23.1
2020-10-02,0.0,40.92,27.49,24.65
2020-10-03,0.0,40.02,26.67,22.45
2020-10-04,0.0,40.8,22.84,23.2
2020-10-05,0.0,41.34,23.61,24.51
2020-10-06,0.0,41.61,25.82,23.4
2020-10-07,0.0,42.31,28.31,21.14
2020-10-08,0.69,39.76,27.73,14.39
2020-10-09,0.4,39.57,27.26,13.48
2020-10-10,10.27,33.66,21.28,17.77
2020-10-11,0.94,33.65,18.37,23.61
2020-10-12,0.0,35.58,19.26,25.29
2020-10-13,0.0,37.53,21.1,24.29
2020-10-14,0.0,37.26,24.67,21.45
2020-10-15,7.58,33.09,24.54,12.02
2020-10-16,0.01,30.85,20.21,13.89
2020-10-17,6.91,32.22,19.38,26.19
2020-10-18,0.23,32.57,20.28,21.17
2020-10-19,3.53,32.4,23.3,7.26
2020-10-20,5.47,31.39,21.96,14.49
2020-10-21,4.11,31.24,22.86,21.08
2020-10-22,0.07,34.48,21.79,25.15
2020-10-23,2.4,32.61,22.42,24.43
2020-10-24,9.32,30.54,22.1,14.47
2020-10-25,0.31,33.55,21.47,24.91
2020-10-26,0.03,34.61,21.74,21.45
2020-10-27,0.62,33.13,23.53,22.44
2020-10-28,0.0,35.1,19.85,29.32
2020-10-29,6.28,29.41,24.55,18.11
2020-10-30,1.93,30.72,20.82,16.59
2020-10-31,0.0,30.33,18.83,19.04
2020-11-01,0.0,30.54,16.59,27.01
2020-11-02,0.0,29.5,15.15,30.0
2020-11-03,0.0,30.76,14.97,27.14
2020-11-04,0.26,31.91,15.75,29.81
2020-11-05,0.0,32.89,17.19,29.26
2020-11-06,0.0,33.52,17.73,30.27
2020-11-07,0.0,35.81,17.36,30.38
2020-11-08,0.0,37.96,19.16,29.62
2020-11-09,2.02,37.83,22.35,17.17
2020-11-10,2.05,30.64,23.06,15.72
2020-11-11,4.76,30.23,25.1,18.15
2020-11-12,0.11,30.24,23.56,23.26
2020-11-13,6.5,30.23,23.38,22.38
2020-11-14,2.26,30.16,22.94,25.77
2020-11-15,0.19,34.63,21.82,25.28
2020-11-16,0.21,35.66,23.81,27.67
2020-11-17,2.1,35.53,25.0,21.82
2020-11-18,18.94,32.09,23.3,16.47
2020-11-19,4.61,31.38,21.52,17.71
2020-11-20,0.01,31.42,17.61,30.39
2020-11-21,0.01,32.26,17.9,31.23
2020-11-22,0.13,33.96,18.17,31.54
2020-11-23,0.01,34.76,19.51,31.61
2020-11-24,0.04,34.57,20.83,27.66
2020-11-25,0.23,35.91,22.4,29.74
2020-11-26,2.04,35.61,22.52,28.95
2020-11-27,1.17,36.34,22.86,27.17
2020-11-28,1.99,36.23,23.6,24.48
2020-11-29,0.0,37.03,23.77,28.68
2020-11-30,0.44,37.34,24.48,24.97
2020-12-01,2.16,37.65,25.38,23.69
2020-12-02,4.7,31.17,23.46,23.29
2020-12-03,2.59,31.31,23.12,11.83
2020-12-04,8.38,34.88,22.81,25.72
2020-12-05,2.71,33.88,23.52,19.43
2020-12-06,9.92,31.61,22.27,17.69
2020-12-07,14.11,30.56,23.87,12.66
2020-12-08,8.03,31.21,23.66,23.79
2020-12-09,0.61,33.12,22.98,26.57
2020-12-10,0.15,33.56,22.58,24.88
2020-12-11,1.11,27.08,22.06,15.42
2020-12-12,10.6,29.82,21.04,16.17
2020-12-13,3.67,30.26,21.66,22.81
2020-12-14,1.06,32.89,22.91,19.82
2020-12-15,3.17,31.5,23.68,24.64
2020-12-16,2.25,30.91,23.95,22.88
2020-12-17,3.54,31.46,23.52,21.86
2020-12-18,0.45,34.4,23.17,28.37
2020-12-19,0.39,35.21,23.79,19.38
2020-12-20,0.93,35.23,24.22,25.8
2020-12-21,1.98,35.86,25.24,25.2
2020-12-22,5.02,32.86,25.75,23.7
2020-12-23,1.81,34.53,23.46,25.95
2020-12-24,0.01,35.07,21.91,28.41
2020-12-25,3.92,34.51,20.92,27.43
2020-12-26,6.27,32.43,20.41,23.08
2020-12-27,15.49,30.45,23.27,18.87
2020-12-28,6.31,31.11,22.63,19.95
2020-12-29,5.96,31.33,22.62,22.59
2020-12-30,0.32,33.13,22.39,27.94
2020-12-31,1.89,31.77,24.02,17.77
2021-01-01,3.21,30.59,24.34,19.01
2021-01-02,4.13,32.66,24.35,22.0
2021-01-03,10.26,33.04,21.13,28.08
2021-01-04,2.14,33.52,20.82,26.68
2021-01-05,1.04,32.35,22.9,24.88
2021-01-06,1.98,32.33,24.81,18.57
2021-01-07,2.64,31.73,24.77,20.42
2021-01-08,0.06,31.83,23.4,24.59
2021-01-09,0.02,35.53,23.5,27.16
2021-01-10,0.81,34.31,24.28,22.21
2021-01-11,0.59,33.43,25.22,23.17
2021-01-12,2.8,31.56,25.6,20.48
2021-01-13,3.2,32.42,24.4,19.05
2021-01-14,3.11,32.07,23.84,17.59
2021-01-15,3.34,32.3,22.47,16.71
2021-01-16,14.7,27.86,22.89,16.15
2021-01-17,4.09,29.46,22.36,14.04
2021-01-18,8.7,31.01,21.66,18.29
2021-01-19,3.7,31.25,23.41,17.46
2021-01-20,0.3,33.53,22.51,20.32
2021-01-21,0.09,34.5,23.13,26.27
2021-01-22,0.0,35.63,22.73,28.82
2021-01-23,0.02,35.32,23.89,28.42
2021-01-24,0.16,34.84,23.59,17.2
2021-01-25,9.66,30.14,23.29,15.85
2021-01-26,1.98,34.13,22.18,21.61
2021-01-27,5.22,32.0,23.33,21.46
2021-01-28,4.56,32.09,22.97,25.32
2021-01-29,4.14,33.01,23.46,23.32
2021-01-30,0.1,34.78,22.67,21.48
2021-01-31,0.63,35.29,23.2,19.48
2021-02-01,0.61,32.89,23.77,22.2
2021-02-02,3.99,35.29,23.35,25.83
2021-02-03,2.05,35.47,24.41,27.49
2021-02-04,1.16,33.13,24.59,21.5
2021-02-05,2.75,33.4,24.18,20.47
2021-02-06,0.0,33.16,21.38,28.71
2021-02-07,0.01,33.22,21.1,28.29
2021-02-08,0.43,32.96,20.87,28.16
2021-02-09,2.21,33.33,20.44,27.43
2021-02-10,1.18,34.94,21.38,25.25
2021-02-11,4.69,31.11,22.68,10.67
2021-02-12,3.89,27.9,21.13,13.01
2021-02-13,1.45,31.0,22.12,20.71
2021-02-14,2.86,31.47,21.92,16.41
2021-02-15,2.77,29.71,22.22,20.01
2021-02-16,0.76,33.25,22.12,25.14
2021-02-17,6.68,31.1,22.94,15.17
2021-02-18,1.3,33.41,23.21,26.03
2021-02-19,0.0,34.15,19.48,29.78
2021-02-20,0.01,35.16,19.18,28.61
2021-02-21,0.24,36.14,22.13,25.35
2021-02-22,0.37,35.29,23.07,25.45
2021-02-23,0.16,36.18,23.6,25.65
2021-02-24,3.35,36.18,24.44,22.52
2021-02-25,4.14,34.85,24.9,24.21
2021-02-26,6.82,29.33,22.19,20.23
2021-02-27,6.94,30.58,21.72,22.51
2021-02-28,22.57,28.16,20.65,12.23
2021-03-01,2.51,29.02,20.61,18.7
2021-03-02,7.42,30.47,21.91,15.4
2021-03-03,2.2,29.77,21.8,9.59
2021-03-04,3.47,30.8,22.87,12.9
2021-03-05,3.83,28.71,22.39,11.95
2021-03-06,11.59,27.55,21.86,16.53
2021-03-07,11.52,28.51,21.18,20.63
2021-03-08,1.06,29.78,21.62,22.74
2021-03-09,1.06,30.58,21.94,24.46
2021-03-10,0.71,31.35,21.37,25.37
2021-03-11,0.8,32.7,21.94,24.46
2021-03-12,0.07,33.63,22.42,25.04
2021-03-13,0.12,33.39,22.79,24.71
2021-03-14,1.27,34.36,21.9,23.96
2021-03-15,0.92,32.13,22.57,24.13
2021-03-16,0.85,34.25,23.53,24.74
2021-03-17,3.68,32.23,24.09,19.66
2021-03-18,3.43,31.47,24.63,9.04
2021-03-19,1.18,33.85,22.15,19.34
2021-03-20,0.87,34.15,22.29,23.03
2021-03-21,0.04,33.19,23.71,23.5
2021-03-22,0.0,34.91,21.2,23.65
2021-03-23,0.0,35.68,22.32,20.42
2021-03-24,0.0,35.59,23.8,22.94
2021-03-25,0.01,36.59,23.47,23.29
2021-03-26,0.14,34.09,25.66,21.96
2021-03-27,8.48,33.58,24.9,18.31
2021-03-28,0.02,34.7,23.45,22.63
2021-03-29,0.01,35.56,22.74,22.8
2021-03-30,0.1,34.17,22.31,23.34
2021-03-31,0.0,33.01,21.33,20.14
2021-04-01,0.27,31.5,18.83,20.61
2021-04-02,0.82,31.68,18.23,24.15
2021-04-03,0.72,32.23,17.84,22.91
2021-04-04,0.0,31.57,19.26,22.8
2021-04-05,0.09,33.19,20.3,21.28
2021-04-06,3.62,30.64,21.01,15.74
2021-04-07,0.21,31.22,20.5,20.07
2021-04-08,0.4,32.71,22.09,22.15
2021-04-09,0.04,32.05,19.45,23.01
2021-04-10,0.02,32.39,18.19,22.87
2021-04-11,0.15,32.47,18.48,23.15
2021-04-12,0.0,33.3,19.26,21.93
2021-04-13,0.19,32.02,22.47,17.21
2021-04-14,0.0,31.45,18.78,21.02
2021-04-15,0.98,31.21,18.35,18.63
2021-04-16,4.03,31.81,19.12,17.95
2021-04-17,10.66,29.38,21.03,18.28
2021-04-18,1.85,28.88,20.36,13.44
2021-04-19,0.05,29.19,18.46,19.8
2021-04-20,0.03,29.86,17.65,21.4
2021-04-21,0.02,28.98,16.69,21.68
2021-04-22,2.16,28.58,17.18,21.46
2021-04-23,2.66,28.27,15.92,21.36
2021-04-24,0.01,29.93,16.07,20.38
2021-04-25,0.0,30.93,18.4,16.14
2021-04-26,0.01,30.9,19.12,16.98
2021-04-27,0.0,30.46,17.65,20.19
2021-04-28,0.0,30.35,15.56,21.22
2021-04-29,1.81,28.62,15.82,20.31
2021-04-30,0.11,28.91,16.13,18.64
2021-05-01,1.22,24.29,18.44,16.63
2021-05-02,0.0,30.24,16.68,19.14
2021-05-03,0.0,30.48,16.26,19.76
2021-05-04,0.06,31.02,15.95,19.95
2021-05-05,0.0,30.96,17.27,19.7
2021-05-06,0.01,30.8,18.12,19.28
2021-05-07,0.84,26.91,17.52,14.35
2021-05-08,0.4,28.62,15.92,18.12
2021-05-09,2.19,29.33,15.97,17.64
2021-05-10,1.64,29.3,16.46,15.94
2021-05-11,0.01,29.73,16.87,15.72
2021-05-12,0.11,29.75,18.9,11.52
2021-05-13,4.28,26.62,17.14,17.6
2021-05-14,0.08,27.37,15.47,16.28
2021-05-15,0.0,28.85,16.3,14.83
2021-05-16,0.0,29.24,16.33,16.91
2021-05-17,0.0,29.32,16.11,17.59
2021-05-18,0.0,29.01,16.81,17.45
2021-05-19,0.0,28.73,14.29,17.86
2021-05-20,0.0,29.81,16.32,18.1
2021-05-21,0.0,30.71,17.77,16.07
2021-05-22,0.83,26.78,20.59,4.07
2021-05-23,4.09,26.7,19.06,7.11
2021-05-24,0.0,23.92,14.66,13.93
2021-05-25,0.0,24.81,12.63,16.15
2021-05-26,0.0,29.39,14.69,13.56
2021-05-27,0.0,30.79,17.39,15.87
2021-05-28,0.01,31.57,19.75,12.87
2021-05-29,0.33,32.1,20.5,14.21
2021-05-30,1.07,29.93,21.28,12.45
2021-05-31,0.56,29.6,19.52,12.07
2021-06-01,0.0,29.19,17.41,16.08
2021-06-02,0.02,30.66,16.76,16.72
2021-06-03,0.0,31.73,17.57,16.43
2021-06-04,0.07,31.73,16.06,16.36
2021-06-05,0.0,30.73,17.69,15.62
2021-06-06,0.0,29.83,19.77,15.11
2021-06-07,0.98,29.67,18.57,11.58
2021-06-08,0.48,28.93,18.03,7.22
2021-06-09,3.69,30.52,17.18,13.74
2021-06-10,8.42,29.33,17.73,4.66
2021-06-11,3.69,23.96,18.39,7.84
2021-06-12,0.01,25.94,15.11,13.88
2021-06-13,0.15,25.82,13.08,17.01
2021-06-14,0.03,27.23,11.83,16.71
2021-06-15,0.01,27.12,13.53,16.66
2021-06-16,0.03,25.3,12.7,16.46
2021-06-17,0.43,25.38,13.15,15.81
2021-06-18,0.26,26.88,14.07,10.22
2021-06-19,0.01,29.41,15.32,14.54
2021-06-20,0.0,25.38,17.07,14.71
2021-06-21,0.03,27.3,14.05,14.35
2021-06-22,0.14,27.47,19.87,14.27
2021-06-23,0.01,26.74,15.85,15.82
2021-06-24,0.0,29.8,13.95,16.06
2021-06-25,0.0,30.97,19.45,14.58
2021-06-26,0.09,30.66,18.2,15.81
2021-06-27,0.0,29.52,17.08,16.32
2021-06-28,0.0,25.7,14.4,14.33
2021-06-29,0.0,17.28,9.95,13.67
2021-06-30,0.0,18.29,7.78,15.8
2021-07-01,0.01,23.45,6.1,17.48
2021-07-02,1.82,27.19,8.92,16.8
2021-07-03,0.0,27.36,12.6,17.2
2021-07-04,0.77,26.53,12.05,15.95
2021-07-05,0.21,26.37,12.04,16.05
2021-07-06,0.08,25.74,12.25,16.5
2021-07-07,2.05,25.06,13.23,16.7
2021-07-08,0.03,25.14,11.64,17.19
2021-07-09,0.0,26.62,10.98,17.13
2021-07-10,0.0,27.99,12.12,17.17
2021-07-11,0.0,27.7,13.1,17.16
2021-07-12,0.0,28.96,13.78,17.27
2021-07-13,0.0,29.13,13.61,17.47
2021-07-14,0.14,28.97,14.22,16.78
2021-07-15,0.0,29.33,16.32,17.35
2021-07-16,0.62,29.94,17.35,14.96
2021-07-17,0.98,27.98,16.22,15.59
2021-07-18,0.08,26.43,13.31,16.23
2021-07-19,0.04,21.58,7.25,18.55
2021-07-20,0.0,24.34,7.14,17.04
2021-07-21,0.02,25.94,10.17,18.06
2021-07-22,0.0,29.99,9.91,18.42
2021-07-23,0.0,29.18,11.41,18.07
2021-07-24,0.0,28.94,13.29,17.95
2021-07-25,0.0,29.17,13.41,18.17
2021-07-26,0.0,30.54,14.63,18.22
2021-07-27,0.0,30.94,15.94,16.95
2021-07-28,1.57,18.06,11.11,3.96
2021-07-29,0.0,17.7,6.26,19.45
2021-07-30,0.1,19.55,5.38,17.76
2021-07-31,0.02,24.68,8.0,18.25
2021-08-01,0.0,24.87,10.54,15.9
2021-08-02,0.0,26.54,12.83,17.59
2021-08-03,0.01,25.19,12.27,19.02
2021-08-04,0.0,26.98,11.42,17.96
2021-08-05,0.25,26.44,14.05,13.91
2021-08-06,1.68,26.2,14.33,14.02
2021-08-07,0.06,28.24,18.24,16.18
2021-08-08,0.0,29.4,17.44,18.25
2021-08-09,0.0,30.08,15.4,19.43
2021-08-10,0.0,30.68,16.66,20.0
2021-08-11,0.0,31.94,19.75,18.1
2021-08-12,0.0,30.42,15.57,18.29
2021-08-13,0.0,30.7,15.08,18.51
2021-08-14,0.08,31.09,15.31,17.74
2021-08-15,0.18,32.47,16.47,18.95
2021-08-16,0.16,32.99,19.51,16.04
2021-08-17,1.6,34.51,18.38,19.18
2021-08-18,0.0,34.8,19.88,20.07
2021-08-19,0.66,33.58,18.88,20.82
2021-08-20,0.0,32.38,18.46,20.97
2021-08-21,0.0,32.47,18.31,20.61
2021-08-22,0.0,32.75,17.71,20.53
2021-08-23,0.0,34.11,19.3,19.76
2021-08-24,0.0,34.73,21.18,19.09
2021-08-25,0.0,35.91,22.02,19.65
2021-08-26,0.0,33.84,21.15,18.25
2021-08-27,2.31,31.1,20.21,12.78
2021-08-28,3.61,26.76,17.63,7.18
2021-08-29,1.41,27.86,17.47,10.32
2021-08-30,0.0,29.84,17.15,20.75
2021-08-31,0.0,30.55,17.26,22.15
2021-09-01,0.0,30.62,17.76,22.18
2021-09-02,0.05,30.87,17.75,21.37
2021-09-03,0.0,33.0,19.06,23.18
2021-09-04,0.0,35.27,20.47,22.73
2021-09-05,0.14,35.83,20.1,21.73
2021-09-06,0.0,36.49,20.05,22.79
2021-09-07,0.0,37.22,20.06,21.45
2021-09-08,0.1,38.35,22.83,17.12
2021-09-09,2.68,31.79,21.43,10.05
2021-09-10,0.06,30.36,19.22,16.54
2021-09-11,1.03,26.97,20.03,10.48
2021-09-12,0.0,36.83,19.44,22.09
2021-09-13,0.03,38.01,23.13,19.33
2021-09-14,0.74,37.07,22.45,13.7
2021-09-15,1.84,35.74,23.36,15.37
2021-09-16,0.02,35.57,22.05,11.28
2021-09-17,0.17,35.58,21.43,18.74
2021-09-18,0.11,37.31,24.4,21.51
2021-09-19,0.0,37.76,22.79,21.91
2021-09-20,0.0,39.33,25.77,20.97
2021-09-21,0.0,40.28,25.96,18.49
2021-09-22,0.0,28.71,18.69,20.85
2021-09-23,0.0,30.49,16.2,23.46
2021-09-24,0.0,34.82,17.63,23.62
2021-09-25,0.02,31.01,21.16,17.25
2021-09-26,11.46,34.57,20.73,15.58
2021-09-27,0.2,34.4,21.38,22.13
2021-09-28,0.15,35.83,21.73,24.69
2021-09-29,0.01,36.98,25.82,20.18
2021-09-30,0.64,35.53,20.92,24.95
2021-10-01,6.81,36.08,21.65,14.6
2021-10-02,2.62,32.76,23.08,12.4
2021-10-03,0.23,36.21,23.05,19.73
2021-10-04,15.1,31.18,24.15,19.37
2021-10-05,0.13,33.32,23.26,22.01
2021-10-06,2.03,35.82,20.33,24.06
2021-10-07,2.87,33.73,23.55,8.91
2021-10-08,0.02,33.94,20.26,25.94
2021-10-09,6.56,34.48,20.49,22.08
2021-10-10,12.17,28.18,19.83,5.35
2021-10-11,0.89,27.81,19.04,18.95
2021-10-12,0.22,32.24,19.32,26.32
2021-10-13,1.36,33.41,19.41,27.72
2021-10-14,3.7,33.7,22.15,11.48
2021-10-15,12.67,30.78,23.9,19.62
2021-10-16,8.0,30.96,23.0,18.81
2021-10-17,1.92,32.33,20.64,22.27
2021-10-18,6.14,29.15,20.31,16.37
2021-10-19,1.13,30.16,18.55,13.8
2021-10-20,1.09,29.29,16.4,27.98
2021-10-21,0.0,29.77,15.35,28.73
2021-10-22,0.01,31.79,15.89,28.65
2021-10-23,6.67,35.4,17.92,27.77
2021-10-24,26.6,26.38,18.84,10.51
2021-10-25,0.68,30.53,17.45,20.42
2021-10-26,2.23,29.83,20.42,22.73
2021-10-27,0.96,29.51,20.75,16.35
2021-10-28,0.47,26.6,21.45,17.12
2021-10-29,0.04,32.61,20.97,26.19
2021-10-30,18.79,31.67,20.64,23.7
2021-10-31,14.2,28.58,21.22,12.7
2021-11-01,0.22,29.54,19.49,21.84
2021-11-02,0.03,30.94,19.77,26.27
2021-11-03,0.02,32.21,20.14,29.26
2021-11-04,0.03,34.36,20.25,29.59
2021-11-05,2.27,34.51,21.73,26.8
2021-11-06,0.07,33.86,22.45,24.48
2021-11-07,0.0,35.62,22.12,28.86
2021-11-08,0.21,36.19,21.58,27.18
2021-11-09,1.52,35.26,22.54,26.64
2021-11-10,3.06,35.17,21.34,25.38
2021-11-11,4.25,31.46,20.9,13.2
2021-11-12,0.02,32.26,19.57,21.73
2021-11-13,0.01,31.44,17.05,30.38
2021-11-14,0.01,32.75,17.03,27.94
2021-11-15,0.01,33.27,20.74,26.35
2021-11-16,0.01,33.54,21.53,26.51
2021-11-17,0.11,34.05,22.82,23.23
2021-11-18,14.5,29.09,22.79,11.31
2021-11-19,24.66,28.68,22.67,16.78
2021-11-20,3.11,31.12,19.57,27.69
2021-11-21,0.1,31.23,17.4,30.68
2021-11-22,5.06,32.53,16.42,31.85
2021-11-23,0.01,35.15,17.92,31.15
2021-11-24,0.12,35.59,21.11,25.64
2021-11-25,5.77,35.38,21.84,27.34
2021-11-26,29.58,29.38,23.62,15.72
2021-11-27,7.72,31.34,22.91,31.34
2021-11-28,0.11,33.39,21.42,28.92
2021-11-29,1.04,31.16,22.79,20.41
2021-11-30,20.09,27.73,22.81,13.52
2021-12-01,0.79,31.8,21.15,26.79
2021-12-02,0.08,32.6,21.6,23.39
2021-12-03,0.12,32.22,20.18,30.06
2021-12-04,0.29,32.3,20.31,28.48
2021-12-05,4.29,31.73,21.57,23.06
2021-12-06,8.75,31.3,23.01,24.51
2021-12-07,2.34,29.29,19.56,26.35
2021-12-08,0.02,28.84,17.09,28.67
2021-12-09,0.0,30.4,16.54,32.06
2021-12-10,0.0,32.12,16.75,32.14
2021-12-11,0.0,33.22,18.87,30.46
2021-12-12,0.21,35.11,22.35,25.94
2021-12-13,8.79,29.67,23.97,17.74
2021-12-14,20.51,27.44,22.95,15.01
2021-12-15,19.21,27.17,22.91,10.33
2021-12-16,9.26,29.19,22.36,15.71
2021-12-17,5.03,30.22,22.52,16.47
2021-12-18,7.84,30.57,21.55,19.38
2021-12-19,0.0,29.86,19.46,27.26
2021-12-20,1.09,31.04,18.65,29.26
2021-12-21,0.06,31.99,20.25,28.81
2021-12-22,0.04,33.12,22.27,28.61
2021-12-23,3.36,30.03,23.56,21.15
2021-12-24,0.0,30.78,17.77,31.39
2021-12-25,0.0,31.37,18.07,31.32
2021-12-26,0.0,33.75,20.62,29.74
2021-12-27,0.38,34.58,22.36,29.24
2021-12-28,8.67,34.02,23.27,22.55
2021-12-29,5.4,28.89,22.8,15.11
2021-12-30,10.62,29.52,21.38,15.98
2021-12-31,4.46,29.49,20.59,21.11
2022-01-01,7.61,30.73,21.19,18.34
2022-01-02,5.14,30.58,21.71,14.74
2022-01-03,23.16,29.0,22.48,22.61
2022-01-04,18.38,29.46,22.68,15.53
2022-01-05,10.42,27.23,22.5,19.74
2022-01-06,5.71,28.3,22.87,20.09
2022-01-07,14.81,27.95,21.14,17.68
2022-01-08,0.14,29.51,19.11,25.88
2022-01-09,0.01,27.92,18.64,19.24
2022-01-10,3.48,28.63,18.11,21.38
2022-01-11,5.82,28.31,21.97,21.45
2022-01-12,5.75,26.62,20.8,22.42
2022-01-13,0.7,30.34,21.25,23.25
2022-01-14,1.35,31.75,21.76,26.33
2022-01-15,11.56,30.42,22.99,23.95
2022-01-16,5.54,28.28,21.02,10.48
2022-01-17,0.6,30.29,20.26,23.55
2022-01-18,13.28,29.94,22.46,24.41
2022-01-19,4.78,30.4,23.31,25.63
2022-01-20,0.69,31.04,22.8,26.1
2022-01-21,0.21,32.03,25.02,27.06
2022-01-22,0.44,33.15,24.74,28.39
2022-01-23,1.88,33.47,25.7,27.55
2022-01-24,1.36,34.21,27.09,28.04
2022-01-25,0.54,31.4,24.99,27.17
2022-01-26,1.3,32.54,24.48,23.66
2022-01-27,4.25,32.39,24.08,21.83
2022-01-28,15.93,28.45,23.64,16.61
2022-01-29,44.31,25.73,22.59,10.64
2022-01-30,57.92,26.24,21.78,5.49
2022-01-31,30.68,27.09,21.79,15.96
2022-02-01,8.81,26.9,21.79,9.46
2022-02-02,11.93,25.64,21.78,8.62
2022-02-03,22.39,26.98,21.98,20.27
2022-02-04,1.98,27.83,21.86,21.86
2022-02-05,2.54,28.15,22.59,21.45
2022-02-06,6.45,28.37,22.5,18.3
2022-02-07,9.4,28.04,22.58,20.59
2022-02-08,1.77,29.02,20.1,26.39
2022-02-09,1.61,28.99,19.24,29.09
2022-02-10,0.01,28.74,18.33,27.44
2022-02-11,6.25,28.72,20.19,23.97
2022-02-12,0.37,29.39,20.43,27.94
2022-02-13,0.0,30.05,19.77,28.07
2022-02-14,0.01,31.5,18.9,28.17
2022-02-15,3.96,31.11,23.09,25.74
2022-02-16,6.48,30.07,21.59,26.1
2022-02-17,4.54,29.23,21.56,25.32
2022-02-18,2.62,27.79,23.55,14.79
2022-02-19,2.46,29.15,21.38,25.79
2022-02-20,1.41,29.13,20.55,25.55
2022-02-21,0.03,29.56,21.25,25.0
2022-02-22,0.55,31.02,24.4,25.89
2022-02-23,2.93,31.14,24.71,25.31
2022-02-24,1.78,29.38,24.5,22.51
2022-02-25,4.04,31.33,23.96,25.15
2022-02-26,7.38,30.26,23.5,24.51
2022-02-27,1.12,31.0,21.88,24.68
2022-02-28,0.08,32.19,22.77,25.36
2022-03-01,0.31,31.69,22.91,19.37
2022-03-02,1.43,30.84,22.98,16.1
2022-03-03,3.15,31.06,22.06,24.11
2022-03-04,8.66,29.54,23.14,23.06
2022-03-05,3.94,30.49,21.79,24.7
2022-03-06,2.33,30.38,22.36,25.47
2022-03-07,0.0,31.62,21.71,24.97
2022-03-08,0.12,31.49,23.27,23.7
2022-03-09,0.51,27.73,24.19,24.27
2022-03-10,1.75,31.96,22.04,21.51
2022-03-11,8.02,30.59,22.87,22.54
2022-03-12,11.65,29.35,22.34,18.6
2022-03-13,6.18,26.2,21.61,16.1
2022-03-14,4.07,28.68,21.73,16.87
2022-03-15,2.9,29.14,22.81,16.24
2022-03-16,3.47,29.8,23.68,13.2
2022-03-17,2.92,30.09,22.69,22.32
2022-03-18,0.61,31.23,22.78,22.71
2022-03-19,2.45,30.99,25.05,13.25
2022-03-20,4.63,27.33,20.84,17.39
2022-03-21,0.92,28.71,19.46,21.68
2022-03-22,0.01,29.82,18.53,25.04
2022-03-23,0.0,30.58,19.86,23.69
2022-03-24,1.08,31.44,21.09,22.9
2022-03-25,11.2,31.28,23.41,15.62
2022-03-26,13.26,28.3,23.66,18.3
2022-03-27,1.17,27.9,23.65,13.18
2022-03-28,2.34,29.33,21.75,19.17
2022-03-29,0.18,30.63,20.84,24.14
2022-03-30,1.73,30.98,21.92,20.68
2022-03-31,4.54,30.8,20.83,14.37
2022-04-01,6.66,27.02,18.95,13.99
2022-04-02,0.0,29.42,18.6,20.57
2022-04-03,0.07,30.56,19.45,21.74
2022-04-04,1.07,30.93,21.76,19.84
2022-04-05,1.91,31.24,21.76,20.94
2022-04-06,0.07,31.05,21.9,22.3
2022-04-07,0.0,31.03,20.84,21.89
2022-04-08,1.24,32.61,20.73,15.35
2022-04-09,0.53,29.35,23.66,18.64
2022-04-10,0.03,30.46,22.44,20.07
2022-04-11,8.77,30.98,20.46,19.6
2022-04-12,3.44,29.94,22.61,16.49
2022-04-13,6.23,28.69,22.78,8.0
2022-04-14,1.59,28.32,21.65,17.31
2022-04-15,0.04,26.74,16.7,22.52
2022-04-16,0.04,25.51,13.43,23.02
2022-04-17,0.0,27.06,15.38,22.33
2022-04-18,0.03,28.37,15.17,20.74
2022-04-19,0.0,29.57,16.57,20.28
2022-04-20,0.0,29.93,17.03,20.06
2022-04-21,0.0,29.74,16.83,21.0
2022-04-22,0.02,31.18,18.86,19.99
2022-04-23,0.19,30.86,19.32,10.36
2022-04-24,0.0,31.47,19.55,20.27
2022-04-25,0.0,32.38,19.11,19.45
2022-04-26,0.0,32.46,20.32,17.44
2022-04-27,0.14,32.46,20.13,18.93
2022-04-28,0.05,32.08,20.13,19.36
2022-04-29,0.09,32.54,19.13,18.06
2022-04-30,0.18,31.42,19.75,18.78
2022-05-01,0.1,31.59,18.94,12.51
2022-05-02,0.0,31.73,20.27,17.88
2022-05-03,0.0,32.22,19.89,17.98
2022-05-04,4.98,23.56,15.43,10.71
2022-05-05,0.0,24.1,12.68,14.19
2022-05-06,0.12,27.48,14.81,19.5
2022-05-07,0.06,27.54,13.57,19.21
2022-05-08,0.01,29.12,14.24,18.29
2022-05-09,0.01,29.49,16.65,16.72
2022-05-10,2.72,29.52,16.59,16.63
2022-05-11,0.82,27.88,17.48,11.6
2022-05-12,0.03,27.63,17.47,16.47
2022-05-13,0.01,28.56,15.19,18.69
2022-05-14,0.02,30.13,14.85,17.41
2022-05-15,10.11,27.42,19.17,8.89
2022-05-16,0.27,24.9,17.05,12.59
2022-05-17,0.0,19.07,10.6,19.3
2022-05-18,0.0,17.44,7.77,9.9
2022-05-19,0.0,19.41,7.84,17.75
2022-05-20,0.01,21.2,7.52,18.48
2022-05-21,0.01,23.73,8.01,17.12
2022-05-22,0.02,25.55,9.84,17.72
2022-05-23,0.01,26.87,12.4,16.59
2022-05-24,0.02,28.4,13.14,17.05
2022-05-25,0.0,27.49,13.3,17.41
2022-05-26,0.01,27.63,13.31,15.66
2022-05-27,0.01,27.79,14.4,14.97
2022-05-28,0.0,28.97,16.63,16.22
2022-05-29,0.0,29.81,15.55,16.51
2022-05-30,2.38,30.56,17.93,12.9
2022-05-31,6.56,27.04,20.52,10.14
2022-06-01,0.16,29.54,19.16,11.44
2022-06-02,0.38,28.85,19.35,13.86
2022-06-03,0.08,27.77,18.32,10.85
2022-06-04,0.0,27.76,15.88,16.42
2022-06-05,0.0,29.47,15.28,15.83
2022-06-06,0.01,29.33,15.83,15.23
2022-06-07,0.32,29.66,16.58,14.58
2022-06-08,3.76,26.96,18.47,8.93
2022-06-09,1.76,27.27,17.66,7.45
2022-06-10,0.82,24.16,18.81,8.61
2022-06-11,0.11,23.21,14.77,10.97
2022-06-12,0.0,22.7,10.47,11.65
2022-06-13,0.01,21.76,10.2,16.53
2022-06-14,0.01,25.25,10.21,14.0
2022-06-15,0.01,28.03,13.19,12.31
2022-06-16,0.0,29.27,14.27,16.22
2022-06-17,0.02,30.2,14.96,15.8
2022-06-18,13.63,23.45,15.77,8.81
2022-06-19,0.17,25.73,13.07,10.69
2022-06-20,0.18,27.24,14.63,11.86
2022-06-21,0.02,29.73,16.14,15.58
2022-06-22,0.0,29.26,16.87,15.69
2022-06-23,0.01,29.83,15.97,16.12
2022-06-24,0.01,29.74,14.86,15.57
2022-06-25,0.0,28.27,14.1,15.35
2022-06-26,0.0,26.34,15.17,15.12
2022-06-27,0.01,27.55,13.9,14.53
2022-06-28,0.01,28.3,14.99,15.58
2022-06-29,0.02,27.7,15.65,15.71
2022-06-30,0.02,27.05,13.76,16.34
2022-07-01,0.22,28.73,13.57,15.91
2022-07-02,0.0,30.11,15.67,16.08
2022-07-03,0.0,30.87,16.25,16.36
2022-07-04,0.01,30.16,14.85,16.68
2022-07-05,0.01,29.11,13.65,16.67
2022-07-06,0.0,28.49,14.03,15.5
2022-07-07,0.0,29.21,15.22,16.4
2022-07-08,0.0,29.66,15.95,14.15
2022-07-09,0.0,28.99,15.67,16.43
2022-07-10,0.0,29.09,15.67,15.86
2022-07-11,0.0,29.01,16.56,16.3
2022-07-12,0.02,28.49,16.23,11.1
2022-07-13,0.02,29.63,16.93,11.62
2022-07-14,0.0,29.73,15.94,15.68
2022-07-15,0.0,30.41,18.18,14.03
2022-07-16,0.0,30.99,17.67,13.95
2022-07-17,0.0,31.06,20.73,15.58
2022-07-18,0.0,32.56,18.53,15.55
2022-07-19,0.0,30.65,15.85,16.19
2022-07-20,0.0,30.64,17.44,16.32
2022-07-21,0.01,30.57,17.2,16.66
2022-07-22,0.02,29.98,16.39,17.33
2022-07-23,0.0,30.48,16.01,17.24
2022-07-24,0.0,31.05,15.78,17.26
2022-07-25,0.0,31.11,16.52,17.47
2022-07-26,0.0,31.17,16.29,17.57
2022-07-27,0.0,30.76,15.58,17.53
2022-07-28,0.0,31.02,16.57,17.58
2022-07-29,0.39,29.24,18.36,13.57
2022-07-30,0.0,27.43,12.36,18.37
2022-07-31,0.0,28.75,12.94,18.31
2022-08-01,0.0,30.02,16.83,16.31
2022-08-02,0.0,32.12,18.68,17.06
2022-08-03,0.0,31.58,17.2,17.14
2022-08-04,0.0,31.34,20.04,15.79
2022-08-05,0.0,31.09,20.46,16.67
2022-08-06,0.0,30.82,20.48,14.98
2022-08-07,0.43,30.36,19.01,9.29
2022-08-08,3.6,28.04,20.3,7.74
2022-08-09,8.3,24.39,16.91,5.67
2022-08-10,4.69,19.79,11.99,15.81
2022-08-11,0.0,23.22,9.85,19.83
2022-08-12,0.05,26.36,11.84,20.43
2022-08-13,0.0,29.86,11.8,20.0
2022-08-14,0.0,31.16,14.1,19.92
2022-08-15,0.0,31.1,16.47,20.1
2022-08-16,0.38,31.08,18.43,16.64
2022-08-17,0.89,30.97,19.54,3.76
2022-08-18,0.17,32.17,16.88,7.61
2022-08-19,0.1,24.78,12.99,9.71
2022-08-20,2.69,19.57,10.8,13.43
2022-08-21,0.65,25.17,14.22,12.51
2022-08-22,0.05,28.31,14.28,19.88
2022-08-23,0.0,29.15,13.95,20.69
2022-08-24,0.0,29.22,15.4,18.63
2022-08-25,0.0,29.31,19.19,16.14
2022-08-26,0.0,30.76,18.44,18.7
2022-08-27,0.0,32.35,19.2,21.46
2022-08-28,0.0,33.21,19.21,20.93
2022-08-29,0.12,27.03,14.71,19.19
2022-08-30,0.28,23.96,13.09,16.1
2022-08-31,0.76,29.15,14.1,20.36
2022-09-01,0.1,31.36,14.72,22.2
2022-09-02,0.0,32.73,16.47,22.08
2022-09-03,0.02,34.06,18.38,18.55
2022-09-04,0.03,28.13,16.05,14.55
2022-09-05,0.33,30.94,15.19,15.1
2022-09-06,13.07,29.31,17.28,16.49
2022-09-07,1.07,31.77,18.91,12.25
2022-09-08,0.0,33.7,19.93,19.66
2022-09-09,0.01,35.58,20.82,20.64
2022-09-10,0.01,34.33,21.75,19.86
2022-09-11,0.02,32.17,19.34,17.88
2022-09-12,0.0,34.73,17.69,14.94
2022-09-13,0.04,34.37,19.36,17.39
2022-09-14,7.66,30.34,21.54,7.69
2022-09-15,2.45,27.26,18.54,8.34
2022-09-16,0.06,28.73,16.82,20.84
2022-09-17,0.72,28.25,14.0,25.62
2022-09-18,0.09,30.82,13.55,24.82
2022-09-19,0.01,35.01,14.63,23.43
2022-09-20,2.54,29.38,19.97,12.86
2022-09-21,3.41,32.67,20.53,6.9
2022-09-22,16.07,28.17,18.71,4.96
2022-09-23,0.0,25.74,13.94,25.93
2022-09-24,0.03,29.07,13.43,25.36
2022-09-25,0.02,33.95,14.98,23.3
2022-09-26,8.86,25.64,19.19,14.17
2022-09-27,5.89,29.15,20.95,9.37
2022-09-28,6.5,26.34,17.61,4.32
2022-09-29,0.21,27.75,16.2,18.84
2022-09-30,1.16,29.19,15.83,12.0
2022-10-01,0.07,30.9,18.79,22.69
2022-10-02,0.01,32.33,19.25,24.66
2022-10-03,0.36,31.08,19.65,20.97
2022-10-04,0.59,31.68,20.79,18.67
2022-10-05,0.11,34.23,20.4,24.2
2022-10-06,13.71,34.97,21.57,18.76
2022-10-07,12.39,27.54,19.1,16.32
2022-10-08,0.0,30.21,17.78,22.64
2022-10-09,1.04,28.77,21.0,12.05
2022-10-10,0.73,27.22,21.33,13.28
2022-10-11,0.61,29.82,20.44,11.8
2022-10-12,1.15,26.6,21.1,8.33
2022-10-13,0.0,33.73,20.13,21.08
2022-10-14,0.21,35.57,20.66,25.9
2022-10-15,2.4,33.42,19.35,23.5
2022-10-16,0.01,33.92,21.36,23.13
2022-10-17,0.37,34.85,22.27,18.39
2022-10-18,3.13,33.75,22.73,12.07
2022-10-19,0.47,30.57,21.99,18.83
2022-10-20,1.79,35.94,21.04,18.98
2022-10-21,11.36,31.22,22.71,12.78
2022-10-22,0.02,32.83,22.12,26.82
2022-10-23,0.0,33.16,18.81,28.65
2022-10-24,0.0,34.45,18.91,28.98
2022-10-25,0.01,34.42,19.46,29.44
2022-10-26,0.09,35.01,18.41,28.77
2022-10-27,0.2,36.14,24.23,20.51
2022-10-28,0.35,34.96,23.13,23.33
2022-10-29,14.92,34.37,23.61,24.54
2022-10-30,1.1,32.71,23.01,25.09
2022-10-31,3.02,33.56,23.54,13.73
2022-11-01,12.22,27.32,17.86,13.84
2022-11-02,0.94,23.1,15.47,13.61
2022-11-03,0.78,23.52,14.77,21.92
2022-11-04,0.03,27.44,13.12,29.43
2022-11-05,0.1,28.51,13.68,29.05
2022-11-06,0.03,28.92,16.52,25.32
2022-11-07,0.0,29.81,16.29,29.59
2022-11-08,0.0,30.15,15.31,28.1
2022-11-09,0.0,32.42,18.05,28.81
2022-11-10,0.06,34.6,18.52,28.98
2022-11-11,1.2,34.31,19.66,7.41
2022-11-12,1.2,32.85,21.21,26.66
2022-11-13,3.13,33.63,21.31,21.43
2022-11-14,0.18,34.08,23.76,23.8
2022-11-15,0.06,34.67,22.66,28.32
2022-11-16,0.0,34.26,18.77,30.04
2022-11-17,0.0,34.67,19.69,30.22
2022-11-18,1.09,34.05,18.25,27.8
2022-11-19,4.85,33.36,20.38,26.76
2022-11-20,3.18,33.56,20.88,28.96
2022-11-21,0.39,33.44,22.0,21.23
2022-11-22,7.34,30.99,23.51,17.25
2022-11-23,5.18,29.67,22.3,23.28
2022-11-24,2.41,32.89,23.43,26.19
2022-11-25,2.87,31.77,19.66,28.56
2022-11-26,0.02,32.51,18.38,30.06
2022-11-27,0.09,34.15,19.91,26.26
2022-11-28,6.43,31.27,20.47,22.14
2022-11-29,23.25,29.38,20.36,22.92
2022-11-30,6.13,31.03,20.56,26.4
2022-12-01,1.41,32.99,22.42,23.47
2022-12-02,3.32,31.56,23.36,17.08
2022-12-03,18.0,29.22,22.52,18.02
2022-12-04,13.91,26.04,22.12,12.8
2022-12-05,10.05,27.56,22.06,14.11
2022-12-06,17.61,29.38,21.86,12.91
2022-12-07,6.52,30.07,21.97,22.7
2022-12-08,1.34,31.97,22.32,29.32
2022-12-09,0.05,32.88,25.71,28.9
2022-12-10,0.35,34.45,24.77,23.54
2022-12-11,0.16,33.11,24.4,25.38
2022-12-12,4.99,30.17,24.48,15.9
2022-12-13,19.77,27.42,23.74,9.12
2022-12-14,0.45,29.58,18.87,27.02
2022-12-15,0.0,30.95,17.9,28.8
2022-12-16,0.18,32.49,20.67,22.94
2022-12-17,0.02,32.59,20.19,29.87
2022-12-18,12.28,32.61,20.56,22.53
2022-12-19,13.44,28.87,21.55,14.75
2022-12-20,3.46,30.4,19.73,20.69
2022-12-21,0.07,29.58,19.17,27.66
2022-12-22,0.03,30.28,18.57,29.97
2022-12-23,0.89,31.2,18.88,28.98
2022-12-24,1.22,32.69,20.58,28.04
2022-12-25,6.78,29.73,22.1,18.96
2022-12-26,11.01,30.03,22.19,16.98
2022-12-27,1.3,31.46,22.02,22.22
2022-12-28,31.33,29.88,23.04,21.86
2022-12-29,6.73,28.07,22.95,20.64
2022-12-30,5.38,30.14,20.92,22.71
2022-12-31,4.7,30.53,22.77,17.28
2023-01-01,0.69,31.13,22.32,23.28
2023-01-02,4.24,31.03,24.78,20.86
2023-01-03,15.86,27.67,23.2,16.32
2023-01-04,12.76,25.21,22.56,11.09
2023-01-05,9.78,25.83,20.63,11.2
2023-01-06,0.83,29.01,18.07,13.62
2023-01-07,1.3,27.33,18.12,14.55
2023-01-08,2.96,28.68,18.31,15.22
2023-01-09,8.82,28.59,21.39,13.65
2023-01-10,24.38,27.49,21.82,15.53
2023-01-11,20.53,26.88,21.88,19.77
2023-01-12,6.08,28.65,21.81,22.62
2023-01-13,4.09,27.74,21.7,22.06
2023-01-14,4.17,29.63,21.79,22.23
2023-01-15,0.09,29.07,22.48,25.44
2023-01-16,9.48,28.71,22.38,22.37
2023-01-17,6.22,29.72,22.49,28.1
2023-01-18,8.53,28.74,21.91,26.29
2023-01-19,5.94,28.62,22.24,21.1
2023-01-20,3.36,28.27,21.96,17.64
2023-01-21,6.5,28.39,21.8,17.33
2023-01-22,3.6,26.78,22.56,23.1
2023-01-23,0.83,27.02,21.29,20.52
2023-01-24,1.1,29.37,21.23,24.04
2023-01-25,0.35,31.38,21.76,29.63
2023-01-26,0.27,31.59,20.78,26.82
2023-01-27,0.45,31.46,20.74,26.76
2023-01-28,4.97,29.54,23.12,17.44
2023-01-29,9.46,29.15,22.76,21.87
2023-01-30,9.23,27.0,22.63,14.91
2023-01-31,12.77,27.26,21.75,19.2
2023-02-01,1.61,27.51,22.86,18.51
2023-02-02,15.91,27.76,22.17,18.75
2023-02-03,9.47,28.77,22.09,17.91
2023-02-04,9.05,28.49,22.24,21.29
2023-02-05,7.92,26.81,22.23,18.37
2023-02-06,5.44,29.41,21.31,23.4
2023-02-07,2.91,28.75,21.78,18.39
2023-02-08,2.26,29.01,22.47,24.07
2023-02-09,1.38,30.63,22.39,23.87
2023-02-10,5.64,27.35,23.36,22.38
2023-02-11,13.26,26.15,22.42,15.04
2023-02-12,8.72,28.27,21.63,19.55
2023-02-13,13.3,27.59,21.29,22.53
2023-02-14,0.27,30.71,21.69,21.84
2023-02-15,3.79,30.6,22.4,15.85
2023-02-16,4.82,28.74,23.47,19.4
2023-02-17,4.93,29.56,22.28,15.12
2023-02-18,5.15,29.58,22.87,18.13
2023-02-19,4.61,26.08,19.43,16.7
2023-02-20,5.66,28.92,18.87,18.61
2023-02-21,1.62,26.76,21.23,11.5
2023-02-22,0.21,29.53,21.14,25.95
2023-02-23,2.88,28.2,21.68,17.12
2023-02-24,0.38,28.56,22.31,20.49
2023-02-25,0.42,29.98,22.28,24.81
2023-02-26,1.27,29.4,23.48,11.65
2023-02-27,0.22,29.89,22.97,24.28
2023-02-28,1.95,27.66,22.34,19.85
2023-03-01,0.52,28.55,21.49,18.24
2023-03-02,0.09,29.37,22.87,24.11
2023-03-03,2.2,30.85,21.6,24.2
2023-03-04,9.98,30.53,23.61,20.29
2023-03-05,1.91,29.72,23.1,21.44
2023-03-06,2.7,30.62,22.29,24.56
2023-03-07,2.94,30.31,22.33,23.05
2023-03-08,0.85,29.89,21.2,24.25
2023-03-09,1.99,26.85,22.79,22.73
2023-03-10,18.68,25.41,21.37,9.71
2023-03-11,4.05,26.12,21.25,14.16
2023-03-12,1.74,28.27,21.07,15.16
2023-03-13,3.03,26.78,22.78,12.16
2023-03-14,5.64,27.53,21.34,16.59
2023-03-15,6.9,27.38,21.7,14.52
2023-03-16,2.83,27.13,21.6,16.95
2023-03-17,0.8,28.32,21.45,15.03
2023-03-18,0.65,29.06,20.61,19.81
2023-03-19,4.86,26.89,21.56,15.61
2023-03-20,2.88,29.28,21.47,18.49
2023-03-21,1.43,29.44,21.17,24.26
2023-03-22,0.22,30.72,20.83,22.02
2023-03-23,0.01,30.62,21.55,22.73
2023-03-24,0.02,31.28,21.59,20.28
2023-03-25,0.07,31.26,22.42,22.95
2023-03-26,0.54,31.94,25.32,22.12
2023-03-27,3.14,30.6,23.44,20.86
2023-03-28,0.42,30.71,21.22,19.2
2023-03-29,5.85,29.43,22.14,21.35
2023-03-30,1.71,29.13,22.05,22.26
2023-03-31,0.12,30.47,23.73,22.15
2023-04-01,0.02,31.73,21.92,23.67
2023-04-02,0.01,30.45,20.69,23.71
2023-04-03,0.75,30.08,18.78,23.33
2023-04-04,0.71,30.08,19.42,22.66
2023-04-05,0.84,30.37,20.37,19.78
2023-04-06,1.97,30.04,19.88,20.74
2023-04-07,4.41,26.58,21.59,11.49
2023-04-08,4.08,27.08,21.7,10.84
2023-04-09,0.38,27.71,20.49,13.1
2023-04-10,0.02,29.21,18.85,21.42
2023-04-11,1.84,28.99,18.33,20.66
2023-04-12,2.74,28.08,20.39,12.19
2023-04-13,7.36,29.31,21.17,18.73
2023-04-14,6.46,27.2,21.55,10.25
2023-04-15,1.24,28.87,20.54,15.89
2023-04-16,0.01,29.69,19.52,20.9
2023-04-17,0.36,30.85,20.28,16.7
2023-04-18,1.36,30.01,23.2,9.88
2023-04-19,7.13,26.91,17.64,18.53
2023-04-20,0.0,25.19,14.46,21.04
2023-04-21,0.01,26.32,13.52,21.71
2023-04-22,0.01,27.83,15.45,20.1
2023-04-23,0.04,28.32,17.32,19.72
2023-04-24,0.02,28.87,16.4,20.15
2023-04-25,0.85,28.3,16.87,9.38
2023-04-26,5.28,28.12,18.61,11.31
2023-04-27,2.32,28.27,18.98,9.04
2023-04-28,0.33,27.41,17.78,15.3
2023-04-29,0.02,28.13,16.61,19.17
2023-04-30,0.01,28.51,16.15,19.78
2023-05-01,0.03,28.88,16.56,19.05
2023-05-02,0.02,29.14,15.81,18.76
2023-05-03,0.01,29.7,16.72,18.85
2023-05-04,0.02,30.67,18.05,18.88
2023-05-05,0.05,31.45,19.1,19.01
2023-05-06,0.06,31.29,18.34,17.56
2023-05-07,0.01,30.53,19.02,16.66
2023-05-08,0.0,30.68,17.99,17.86
2023-05-09,0.0,31.49,20.18,15.2
2023-05-10,1.44,27.78,21.49,13.55
2023-05-11,0.17,29.5,17.71,17.02
2023-05-12,0.01,27.72,14.25,18.08
2023-05-13,0.01,26.32,13.96,18.89
2023-05-14,0.01,26.55,12.1,18.51
2023-05-15,0.0,27.21,12.22,18.71
2023-05-16,0.01,27.89,12.2,18.99
2023-05-17,0.01,27.23,13.22,18.98
2023-05-18,0.01,27.32,12.2,18.61
2023-05-19,0.0,28.12,12.14,18.29
2023-05-20,0.01,27.94,12.47,16.29
2023-05-21,0.0,26.69,12.73,16.74
2023-05-22,0.01,26.53,14.72,11.97
2023-05-23,0.01,28.47,13.92,17.2
2023-05-24,0.0,27.72,14.44,16.7
2023-05-25,0.0,28.32,15.3,16.75
2023-05-26,0.01,28.62,15.89,16.94
2023-05-27,0.15,29.35,15.3,16.37
2023-05-28,0.07,24.73,19.26,4.29
2023-05-29,0.07,26.14,17.24,13.12
2023-05-30,18.03,23.91,16.18,3.92
2023-05-31,4.1,24.78,17.99,6.3
2023-06-01,0.06,25.44,16.27,12.44
2023-06-02,0.04,26.25,14.45,16.7
2023-06-03,0.02,27.17,13.57,17.08
2023-06-04,0.01,27.31,13.4,16.98
2023-06-05,0.01,26.73,12.78,17.03
2023-06-06,0.0,26.55,12.89,16.63
2023-06-07,0.01,27.27,12.86,16.24
2023-06-08,0.21,27.39,13.63,16.04
2023-06-09,0.02,27.91,14.3,16.47
2023-06-10,0.0,28.76,15.18,16.18
2023-06-11,0.0,29.52,17.56,15.26
2023-06-12,0.02,30.21,18.14,14.93
2023-06-13,7.0,27.16,18.79,8.39
2023-06-14,22.08,21.96,16.46,2.55
2023-06-15,29.49,17.36,13.68,2.81
2023-06-16,2.05,18.31,10.63,13.87
2023-06-17,0.02,19.08,8.22,16.03
2023-06-18,0.03,20.75,8.91,16.54
2023-06-19,0.04,23.63,9.59,16.63
2023-06-20,0.01,25.28,10.74,16.3
2023-06-21,0.01,26.03,12.11,16.13
2023-06-22,0.01,25.64,12.69,15.96
2023-06-23,0.0,26.32,12.99,15.07
2023-06-24,0.0,26.38,14.23,15.75
2023-06-25,0.0,27.23,13.73,16.17
2023-06-26,0.0,26.64,12.46,16.32
2023-06-27,0.02,27.05,13.11,16.27
2023-06-28,0.01,27.47,14.38,16.03
2023-06-29,0.0,26.7,14.61,15.86
2023-06-30,0.04,26.96,14.87,16.18
2023-07-01,0.0,27.13,13.58,16.07
2023-07-02,0.02,26.39,13.61,16.45
2023-07-03,0.0,25.57,14.11,16.7
2023-07-04,0.0,25.47,12.24,16.71
2023-07-05,0.0,26.72,11.53,16.62
2023-07-06,0.0,26.32,12.36,16.46
2023-07-07,0.01,27.35,12.65,14.8
2023-07-08,0.0,28.88,15.36,15.07
2023-07-09,0.02,28.44,18.02,13.15
2023-07-10,0.0,30.41,17.78,13.89
2023-07-11,0.0,30.77,18.15,15.56
2023-07-12,0.0,29.92,16.88,14.56
2023-07-13,1.37,26.44,16.36,13.08
2023-07-14,0.03,21.08,10.57,17.94
2023-07-15,0.06,24.47,9.16,17.93
2023-07-16,0.0,25.92,10.76,12.14
2023-07-17,0.02,27.67,14.97,9.26
2023-07-18,0.0,29.44,15.96,15.22
2023-07-19,0.01,28.7,16.06,15.23
2023-07-20,0.0,29.1,15.0,16.94
2023-07-21,0.0,28.64,16.05,16.93
2023-07-22,0.0,27.49,15.14,16.6
2023-07-23,0.0,28.92,15.66,14.96
2023-07-24,0.0,29.24,15.77,15.42
2023-07-25,0.0,28.42,17.72,13.58
2023-07-26,0.0,30.11,18.44,15.26
2023-07-27,0.0,31.14,17.68,17.13
2023-07-28,0.09,30.98,16.6,17.38
2023-07-29,0.19,28.34,17.29,17.44
2023-07-30,0.0,27.36,14.27,18.27
2023-07-31,0.0,28.48,13.93,18.47
2023-08-01,0.0,29.62,13.66,18.27
2023-08-02,0.0,31.12,14.47,18.42
2023-08-03,0.0,31.02,15.87,18.63
2023-08-04,0.0,30.89,14.95,18.77
2023-08-05,0.0,31.5,14.83,18.85
2023-08-06,0.0,32.42,14.68,18.85
2023-08-07,0.0,32.48,16.15,18.04
2023-08-08,0.02,31.57,17.79,16.92
2023-08-09,0.0,32.34,17.03,17.62
2023-08-10,0.0,33.05,18.55,18.59
2023-08-11,0.02,34.05,19.83,18.4
2023-08-12,0.04,34.57,19.81,17.94
2023-08-13,0.02,31.21,19.42,14.01
2023-08-14,0.0,31.15,17.98,12.33
2023-08-15,0.03,29.32,19.31,15.39
2023-08-16,0.0,30.83,20.35,15.18
2023-08-17,0.0,31.29,19.04,19.03
2023-08-18,0.27,32.48,20.07,17.7
2023-08-19,0.43,31.18,19.28,4.33
2023-08-20,0.25,29.76,18.37,15.68
2023-08-21,0.0,30.98,19.8,19.56
2023-08-22,0.0,33.77,19.25,20.29
2023-08-23,0.02,35.74,21.36,19.56
2023-08-24,0.51,35.35,23.15,14.1
2023-08-25,0.29,35.55,24.0,17.05
2023-08-26,2.0,25.83,17.64,8.54
2023-08-27,1.56,19.42,15.71,5.94
2023-08-28,1.03,26.6,14.45,19.21
2023-08-29,0.85,28.32,14.29,10.0
2023-08-30,4.51,24.29,16.79,19.1
2023-08-31,0.76,29.11,16.8,10.81
2023-09-01,0.05,32.49,18.04,20.04
2023-09-02,2.5,34.38,20.98,19.12
2023-09-03,2.69,31.44,22.86,20.26
2023-09-04,3.62,35.51,22.88,17.04
2023-09-05,1.63,33.55,22.92,17.7
2023-09-06,0.03,32.88,19.12,20.35
2023-09-07,0.0,32.64,19.81,21.66
2023-09-08,0.01,34.37,18.86,22.72
2023-09-09,0.14,32.11,20.7,5.64
2023-09-10,0.01,33.52,19.06,18.36
2023-09-11,0.0,35.09,19.93,23.45
2023-09-12,0.0,35.1,20.18,23.78
2023-09-13,0.02,37.58,21.82,22.42
2023-09-14,3.05,26.66,18.35,4.73
2023-09-15,0.0,29.86,14.35,21.28
2023-09-16,0.01,34.21,16.8,23.97
2023-09-17,0.19,36.62,21.27,21.8
2023-09-18,2.38,35.63,23.69,18.85
2023-09-19,0.0,36.49,23.63,23.23
2023-09-20,0.01,37.63,23.19,23.65
2023-09-21,0.0,38.04,23.24,23.54
2023-09-22,0.0,38.9,25.07,23.33
2023-09-23,0.0,38.25,25.47,21.77
2023-09-24,0.0,40.17,25.92,24.16
2023-09-25,0.0,40.28,25.84,22.19
2023-09-26,0.45,39.65,25.63,22.41
2023-09-27,0.03,40.22,29.13,18.84
2023-09-28,0.07,34.93,22.6,17.61
2023-09-29,0.0,34.37,19.47,21.35
2023-09-30,2.16,37.13,21.96,17.65
2023-10-01,8.21,33.45,24.32,14.96
2023-10-02,7.99,33.59,22.6,15.68
2023-10-03,0.24,36.29,25.06,23.5
2023-10-04,3.73,37.5,25.69,13.35
2023-10-05,0.07,38.31,25.66,20.43
2023-10-06,1.89,37.91,26.46,19.12
2023-10-07,15.52,35.67,26.54,14.14
2023-10-08,16.04,34.02,21.88,15.51
2023-10-09,8.98,30.66,21.72,17.18
2023-10-10,0.01,33.14,19.16,27.39
2023-10-11,0.1,36.25,18.88,27.6
2023-10-12,1.58,37.78,26.02,21.55
2023-10-13,9.58,32.66,20.4,13.82
2023-10-14,0.35,32.93,19.36,17.68
2023-10-15,1.03,36.06,20.36,25.05
2023-10-16,0.79,36.9,23.35,26.34
2023-10-17,0.98,35.11,24.51,19.64
2023-10-18,0.07,35.93,24.73,23.05
2023-10-19,3.26,35.14,21.03,17.78
2023-10-20,0.41,34.49,20.59,18.03
2023-10-21,0.0,35.01,20.75,27.1
2023-10-22,0.0,36.9,19.79,27.6
2023-10-23,0.0,38.27,21.8,27.44
2023-10-24,0.07,36.12,26.24,19.62
2023-10-25,2.55,32.69,24.26,20.35
2023-10-26,5.79,32.29,24.97,15.5
2023-10-27,17.59,33.45,24.42,13.17
2023-10-28,1.42,35.51,22.83,15.61
2023-10-29,7.27,33.11,24.1,12.55
2023-10-30,2.11,36.01,23.4,13.85
2023-10-31,5.02,34.57,24.88,11.65
2023-11-01,0.6,32.15,24.53,13.16
2023-11-02,0.0,34.23,21.64,27.05
2023-11-03,9.37,37.77,23.26,21.97
2023-11-04,0.35,30.53,20.02,28.45
2023-11-05,0.0,33.61,15.92,31.15
2023-11-06,0.01,34.44,17.01,30.64
2023-11-07,0.0,36.53,17.85,29.47
2023-11-08,0.55,36.63,21.43,27.73
2023-11-09,0.4,37.53,25.78,23.66
2023-11-10,0.35,38.37,25.99,26.91
2023-11-11,0.0,39.49,23.17,29.81
2023-11-12,0.06,40.45,25.29,27.99
2023-11-13,0.04,40.56,27.44,27.24
2023-11-14,0.19,41.63,28.08,25.35
2023-11-15,0.32,40.58,25.55,26.24
2023-11-16,0.74,41.07,26.67,24.61
2023-11-17,0.01,41.45,28.21,23.78
2023-11-18,0.03,40.05,28.14,24.85
2023-11-19,15.5,39.34,24.13,16.26
2023-11-20,0.58,33.15,22.86,16.93
2023-11-21,2.01,34.42,23.57,23.15
2023-11-22,0.88,34.66,25.83,22.4
2023-11-23,6.66,35.03,24.49,14.73
2023-11-24,5.27,30.86,22.4,15.18
2023-11-25,0.01,33.36,20.07,26.58
2023-11-26,0.02,32.4,20.53,27.15
2023-11-27,0.18,32.53,22.96,19.51
2023-11-28,5.9,34.48,24.13,20.4
2023-11-29,8.5,32.18,23.6,20.73
2023-11-30,0.99,35.41,22.76,27.58
2023-12-01,0.23,35.55,26.22,27.41
2023-12-02,0.7,38.61,26.04,27.36
2023-12-03,1.52,38.95,27.56,28.49
2023-12-04,13.95,33.55,26.07,25.02
2023-12-05,2.17,34.88,25.49,18.93
2023-12-06,0.03,36.4,25.77,28.47
2023-12-07,3.05,36.99,26.67,25.38
2023-12-08,0.03,36.17,26.69,27.07
2023-12-09,0.0,36.52,23.92,29.13
2023-12-10,0.34,36.34,23.3,25.42
2023-12-11,1.34,35.49,23.38,26.79
2023-12-12,0.0,36.29,22.29,29.35
2023-12-13,0.01,37.56,21.21,31.2
2023-12-14,0.0,39.04,22.28,29.72
2023-12-15,0.15,39.53,26.61,27.91
2023-12-16,0.09,39.71,27.18,26.7
2023-12-17,0.27,38.69,26.97,27.6
2023-12-18,1.71,38.92,27.3,27.7
2023-12-19,0.31,37.82,25.21,26.67
2023-12-20,0.04,35.1,24.93,26.68
2023-12-21,2.33,33.42,24.04,25.67
2023-12-22,17.41,33.21,25.69,23.86
2023-12-23,13.74,32.09,25.52,14.98
2023-12-24,0.98,33.42,24.45,25.15
2023-12-25,0.32,36.44,26.27,27.38
2023-12-26,0.27,35.21,25.24,25.22
2023-12-27,0.08,36.03,22.81,28.74
2023-12-28,0.01,37.13,21.9,31.31
2023-12-29,0.0,39.59,25.93,26.4
2023-12-30,2.98,33.53,26.63,14.62
2023-12-31,0.79,34.56,23.34,25.86
2024-01-01,0.26,35.58,24.09,22.16
2024-01-02,0.91,35.36,25.29,23.99
2024-01-03,2.55,35.31,25.76,22.24
2024-01-04,3.25,35.82,23.22,28.13
2024-01-05,0.28,35.98,23.37,26.4
2024-01-06,0.02,37.22,24.05,28.21
2024-01-07,0.12,38.05,25.3,27.77
2024-01-08,0.77,38.63,26.47,28.75
2024-01-09,1.99,37.44,26.24,29.09
2024-01-10,1.37,36.53,25.88,18.49
2024-01-11,6.88,33.29,24.92,18.04
2024-01-12,9.23,33.79,24.89,19.76
2024-01-13,3.98,32.76,23.57,13.04
2024-01-14,11.43,32.69,22.96,25.6
2024-01-15,1.03,32.68,24.64,18.83
2024-01-16,0.17,36.09,25.24,26.76
2024-01-17,0.0,37.0,25.64,25.71
2024-01-18,1.58,36.63,28.29,28.1
2024-01-19,7.76,36.84,27.47,19.53
2024-01-20,0.64,35.43,26.0,11.99
2024-01-21,0.71,34.12,26.25,21.45
2024-01-22,0.45,34.98,23.93,23.16
2024-01-23,1.45,31.69,22.56,10.41
2024-01-24,0.04,33.76,21.4,24.8
2024-01-25,0.04,31.93,20.84,26.92
2024-01-26,0.05,32.15,18.52,28.8
2024-01-27,0.16,33.02,19.87,28.28
2024-01-28,3.01,33.82,24.16,24.03
2024-01-29,0.0,36.3,22.62,27.56
2024-01-30,0.39,37.35,23.3,22.61
2024-01-31,6.9,34.67,26.15,25.41
2024-02-01,0.04,35.96,21.99,28.29
2024-02-02,1.65,36.53,22.9,23.46
2024-02-03,2.15,35.79,23.62,18.21
2024-02-04,2.28,31.42,23.86,16.95
2024-02-05,1.2,33.49,23.73,22.99
2024-02-06,1.73,33.21,24.2,22.41
2024-02-07,2.39,30.45,25.23,20.39
2024-02-08,0.44,34.4,23.52,24.96
2024-02-09,0.34,36.17,25.04,24.24
2024-02-10,0.18,37.29,24.66,27.59
2024-02-11,0.01,37.01,23.54,27.2
2024-02-12,0.16,35.24,25.49,23.69
2024-02-13,6.07,36.42,25.59,25.63
2024-02-14,16.33,31.95,25.97,17.98
2024-02-15,8.73,28.47,24.19,11.84
2024-02-16,4.83,31.38,23.42,15.69
2024-02-17,0.3,33.43,23.68,23.39
2024-02-18,0.5,33.99,23.56,22.68
2024-02-19,6.15,31.92,24.03,18.15
2024-02-20,7.15,32.04,24.13,18.94
2024-02-21,7.78,31.96,25.24,13.92
2024-02-22,4.88,33.24,23.65,23.64
2024-02-23,2.35,34.64,24.92,18.22
2024-02-24,1.6,34.04,24.3,22.45
2024-02-25,0.45,35.49,25.16,25.18
2024-02-26,0.45,35.42,24.86,23.6
2024-02-27,1.47,36.35,25.26,25.02
2024-02-28,0.05,38.09,26.46,25.29
2024-02-29,0.06,38.88,26.34,24.92
2024-03-01,1.02,35.78,25.91,24.98
2024-03-02,0.03,35.9,24.54,26.73
2024-03-03,0.0,37.12,22.94,27.23
2024-03-04,0.0,37.95,22.69,26.02
2024-03-05,2.26,37.08,23.35,23.91
2024-03-06,2.22,36.17,24.57,21.95
2024-03-07,2.78,35.85,24.12,19.14
2024-03-08,3.38,33.5,25.88,20.89
2024-03-09,6.06,35.16,26.54,18.54
2024-03-10,1.64,34.36,27.21,17.38
2024-03-11,2.74,35.11,24.01,24.48
2024-03-12,0.02,36.54,22.4,25.67
2024-03-13,0.14,36.83,22.98,23.59
2024-03-14,0.23,37.31,26.07,23.42
2024-03-15,0.0,38.49,26.13,23.8
2024-03-16,0.66,38.36,27.38,22.07
2024-03-17,1.54,36.94,27.59,18.26
2024-03-18,1.0,36.92,27.1,19.96
2024-03-19,8.23,35.43,26.97,21.08
2024-03-20,0.95,35.33,25.51,23.69
2024-03-21,2.07,36.08,26.74,21.28
2024-03-22,1.73,31.52,22.88,11.93
2024-03-23,3.74,27.09,21.13,10.67
2024-03-24,6.41,27.85,20.53,9.69
2024-03-25,0.66,32.61,21.4,18.65
2024-03-26,4.01,27.26,22.66,10.15
2024-03-27,2.99,28.5,21.81,7.9
2024-03-28,1.56,30.83,21.16,11.4
2024-03-29,1.57,31.15,21.81,12.14
2024-03-30,1.57,32.52,24.37,15.46
2024-03-31,0.07,34.51,23.54,20.49
2024-04-01,0.07,34.43,23.59,20.45
2024-04-02,0.48,32.4,24.72,16.78
2024-04-03,0.7,34.75,24.93,21.75
2024-04-04,0.36,35.8,24.33,20.06
2024-04-05,0.66,35.8,25.25,19.48
2024-04-06,0.0,35.97,24.45,21.79
2024-04-07,0.33,34.76,21.95,18.79
2024-04-08,14.32,30.7,23.43,16.14
2024-04-09,2.51,31.4,23.0,15.27
2024-04-10,0.69,32.73,23.32,16.67
2024-04-11,1.81,33.89,22.37,18.41
2024-04-12,0.03,34.5,22.75,19.22
2024-04-13,0.88,33.66,24.68,15.47
2024-04-14,3.33,28.33,23.79,9.05
2024-04-15,0.26,31.7,23.29,14.38
2024-04-16,0.38,33.08,23.15,15.82
2024-04-17,1.14,32.91,23.22,14.19
2024-04-18,0.66,30.14,22.17,14.86
2024-04-19,0.0,31.28,17.76,21.8
2024-04-20,0.03,33.34,16.72,20.57
2024-04-21,0.0,33.03,19.09,20.54
2024-04-22,0.0,32.6,18.58,20.76
2024-04-23,0.0,33.31,20.22,20.39
2024-04-24,0.01,34.02,20.76,17.21
2024-04-25,0.0,35.15,21.55,19.61
2024-04-26,0.04,35.24,21.23,19.46
2024-04-27,0.0,34.38,22.72,18.68
2024-04-28,0.0,34.74,22.14,19.36
2024-04-29,0.0,35.0,21.74,18.39
2024-04-30,0.0,34.75,21.65,18.42
2024-05-01,0.29,34.6,20.96,19.24
2024-05-02,0.0,34.92,21.26,18.95
2024-05-03,0.0,34.5,22.26,18.2
2024-05-04,0.0,34.96,21.42,18.47
2024-05-05,0.0,34.59,19.65,19.31
2024-05-06,0.0,34.03,20.82,18.9
2024-05-07,0.0,34.18,21.32,18.22
2024-05-08,0.01,33.85,22.51,18.56
2024-05-09,0.0,33.32,21.36,17.51
2024-05-10,0.1,33.38,19.51,18.29
2024-05-11,0.01,33.51,20.25,17.41
2024-05-12,0.0,33.49,20.66,18.2
2024-05-13,0.0,33.23,20.08,17.99
2024-05-14,0.01,31.82,21.46,16.43
2024-05-15,0.01,31.41,19.61,15.99
2024-05-16,0.0,32.76,20.47,17.18
2024-05-17,0.0,34.01,19.98,17.84
2024-05-18,0.0,33.8,21.39,17.22
2024-05-19,0.03,32.63,20.48,15.68
2024-05-20,0.0,31.68,20.08,16.22
2024-05-21,0.0,33.18,20.22,16.6
2024-05-22,0.0,32.68,19.68,17.15
2024-05-23,0.04,31.98,18.01,17.52
2024-05-24,0.91,31.18,20.19,6.44
2024-05-25,1.69,25.73,18.58,6.29
2024-05-26,7.65,25.2,16.77,5.62
2024-05-27,0.1,28.72,16.24,8.55
2024-05-28,0.1,23.15,15.03,7.94
2024-05-29,0.0,23.2,10.67,17.58
2024-05-30,0.0,24.82,9.87,17.1
2024-05-31,0.01,25.95,11.38,17.71
2024-06-01,0.03,28.8,11.65,16.85
2024-06-02,0.01,28.98,15.07,15.21
2024-06-03,0.01,29.47,17.12,14.18
2024-06-04,0.0,28.68,17.28,16.25
2024-06-05,0.01,29.93,15.52,15.43
2024-06-06,0.01,30.44,15.73,15.07
2024-06-07,0.0,30.63,16.25,15.84
2024-06-08,0.01,31.18,16.52,15.69
2024-06-09,0.01,31.16,16.82,15.77
2024-06-10,0.01,31.05,16.77,16.53
2024-06-11,0.02,31.39,16.34,16.64
2024-06-12,0.01,31.35,15.68,16.4
2024-06-13,0.0,30.57,15.68,16.67
2024-06-14,0.0,30.75,17.79,15.8
2024-06-15,0.0,30.94,18.26,15.62
2024-06-16,0.0,30.95,18.13,15.8
2024-06-17,0.01,30.82,16.83,16.28
2024-06-18,0.0,29.92,15.03,16.28
2024-06-19,0.03,30.71,16.02,16.05
2024-06-20,0.0,30.78,16.33,16.03
2024-06-21,0.01,30.18,16.03,15.69
2024-06-22,0.0,30.54,17.87,11.62
2024-06-23,0.0,30.81,18.6,14.24
2024-06-24,0.0,31.6,18.98,15.55
2024-06-25,0.0,32.42,20.24,14.83
2024-06-26,0.0,32.12,18.51,14.12
2024-06-27,0.01,29.52,18.9,14.47
2024-06-28,0.0,30.88,20.51,12.11
2024-06-29,0.04,30.67,21.38,13.62
2024-06-30,1.4,27.63,19.4,8.96
2024-07-01,3.76,24.59,17.56,3.89
2024-07-02,0.01,29.19,15.03,15.88
2024-07-03,0.05,29.7,16.55,13.66
2024-07-04,0.0,30.33,17.24,14.99
2024-07-05,0.02,29.83,18.19,10.09
2024-07-06,0.0,30.58,17.31,15.8
2024-07-07,0.0,31.05,16.55,14.41
2024-07-08,0.4,27.4,17.34,10.32
2024-07-09,2.03,25.97,17.7,3.87
2024-07-10,0.18,25.34,16.02,9.76
2024-07-11,0.02,31.1,16.28,12.78
2024-07-12,0.01,28.75,17.88,12.48
2024-07-13,0.0,29.9,18.14,14.1
2024-07-14,0.0,29.3,17.41,16.0
2024-07-15,0.02,28.18,16.06,15.11
2024-07-16,0.0,29.54,15.92,16.31
2024-07-17,0.0,29.62,15.79,16.66
2024-07-18,0.01,30.23,15.98,17.17
2024-07-19,0.01,30.0,14.64,17.44
2024-07-20,0.01,29.8,13.29,17.49
2024-07-21,0.01,30.52,12.84,17.69
2024-07-22,0.08,30.45,14.45,17.67
2024-07-23,0.01,30.54,13.95,17.98
2024-07-24,0.0,31.27,14.29,16.93
2024-07-25,0.0,30.32,15.1,17.7
2024-07-26,0.0,29.2,17.12,16.77
2024-07-27,0.02,31.13,15.98,15.36
2024-07-28,0.0,32.98,17.38,17.22
2024-07-29,0.0,32.08,18.2,15.29
2024-07-30,0.02,27.3,16.24,10.43
2024-07-31,0.0,31.62,15.06,17.46
2024-08-01,0.0,31.02,19.15,17.53
2024-08-02,0.0,29.97,17.9,14.1
2024-08-03,0.0,30.68,18.81,17.51
2024-08-04,0.01,30.73,19.54,16.31
2024-08-05,0.0,31.84,20.71,17.14
2024-08-06,0.0,32.06,19.13,17.93
2024-08-07,0.0,32.19,21.79,17.93
2024-08-08,0.07,33.36,19.66,15.24
2024-08-09,3.41,25.0,14.51,2.35
2024-08-10,3.16,21.29,11.4,16.7
2024-08-11,0.04,23.65,10.28,19.85
2024-08-12,0.04,25.29,9.81,17.46
2024-08-13,0.01,25.28,8.49,20.2
2024-08-14,0.02,28.05,10.76,17.36
2024-08-15,0.01,33.47,14.05,19.77
2024-08-16,0.01,34.38,16.88,19.24
2024-08-17,0.02,34.7,17.17,19.71
2024-08-18,0.0,35.13,17.76,20.06
2024-08-19,0.0,35.38,18.36,20.29
2024-08-20,0.03,35.52,19.65,20.08
2024-08-21,0.0,34.3,17.22,20.41
2024-08-22,0.01,34.95,18.27,20.77
2024-08-23,0.0,35.08,19.32,18.7
2024-08-24,2.34,31.28,17.32,11.73
2024-08-25,3.2,23.78,13.91,2.79
2024-08-26,0.03,24.08,10.37,16.79
2024-08-27,0.02,27.33,9.07,23.35
2024-08-28,0.01,32.14,10.2,21.69
2024-08-29,0.01,33.31,16.04,21.41
2024-08-30,0.01,33.75,17.38,22.31
2024-08-31,0.01,34.54,16.58,22.16
2024-09-01,0.0,35.24,18.12,21.53
2024-09-02,0.0,34.68,18.81,16.31
2024-09-03,0.02,36.68,19.53,19.99
2024-09-04,0.0,37.17,20.81,19.14
2024-09-05,0.0,36.38,20.81,18.03
2024-09-06,0.0,34.27,17.96,14.35
2024-09-07,0.0,36.82,19.13,17.69
2024-09-08,0.0,36.76,23.01,16.19
2024-09-09,0.0,35.91,21.36,17.37
2024-09-10,0.01,35.69,20.23,17.65
2024-09-11,0.0,36.24,20.1,22.99
2024-09-12,0.0,36.65,21.69,23.4
2024-09-13,0.0,37.13,21.27,21.62
2024-09-14,0.0,37.33,22.57,12.4
2024-09-15,0.02,35.32,22.87,14.39
2024-09-16,1.6,31.01,19.21,6.49
2024-09-17,0.01,31.84,16.87,23.67
2024-09-18,0.05,35.96,16.62,19.03
2024-09-19,0.04,37.69,19.72,19.07
2024-09-20,0.04,38.23,21.74,21.37
2024-09-21,0.06,33.85,22.16,12.93
2024-09-22,0.0,36.55,22.65,16.18
2024-09-23,0.0,37.69,22.99,20.1
2024-09-24,0.0,38.15,21.37,21.93
2024-09-25,0.0,39.32,23.38,24.29
2024-09-26,0.0,39.9,24.2,24.52
2024-09-27,0.16,35.17,24.33,12.87
2024-09-28,0.0,34.55,20.16,23.85
2024-09-29,0.0,37.26,18.65,24.5
2024-09-30,0.0,37.63,21.67,24.74
2024-10-01,0.0,38.53,24.5,24.53
2024-10-02,0.06,39.51,25.35,17.27
2024-10-03,0.03,37.26,22.72,14.73
2024-10-04,0.01,34.16,20.53,16.72
2024-10-05,0.0,35.19,17.5,25.83
2024-10-06,0.13,36.95,18.2,26.68
2024-10-07,0.0,38.34,20.42,22.83
2024-10-08,0.0,39.5,21.46,22.96
2024-10-09,0.03,37.09,22.02,10.64
2024-10-10,1.48,33.06,22.13,7.07
2024-10-11,6.43,36.85,24.03,9.6
2024-10-12,1.41,33.53,21.35,23.2
2024-10-13,0.02,35.12,21.31,26.98
2024-10-14,1.88,36.41,20.08,24.65
2024-10-15,0.12,31.28,22.81,22.98
2024-10-16,1.19,33.5,23.2,24.49
2024-10-17,0.05,36.24,24.25,25.46
2024-10-18,5.36,36.29,23.6,12.06
2024-10-19,14.46,29.64,20.57,9.86
2024-10-20,24.76,25.64,18.99,8.63
2024-10-21,3.91,28.65,21.33,16.84
2024-10-22,1.35,29.97,22.44,15.26
2024-10-23,3.43,29.96,23.49,19.54
2024-10-24,22.7,32.53,22.48,21.73
2024-10-25,11.18,30.83,23.73,16.86
2024-10-26,15.59,28.55,24.11,15.05
2024-10-27,7.12,30.31,21.45,17.18
2024-10-28,12.36,27.66,18.86,13.3
2024-10-29,4.41,30.3,21.36,26.93
2024-10-30,4.01,31.41,19.77,28.36
2024-10-31,0.0,31.21,19.38,24.86
2024-11-01,3.53,30.52,20.51,24.11
2024-11-02,8.46,27.76,22.66,8.63
2024-11-03,11.81,26.54,22.32,15.81
2024-11-04,25.37,27.44,22.0,8.02
2024-11-05,6.49,29.89,21.97,14.15
2024-11-06,15.91,29.2,21.69,14.56
2024-11-07,9.08,25.94,22.31,9.71
2024-11-08,12.74,27.76,22.29,11.91
2024-11-09,5.18,30.26,22.41,22.87
2024-11-10,0.0,30.08,18.87,29.66
2024-11-11,0.01,31.52,18.3,29.56
2024-11-12,2.5,33.87,23.78,26.63
2024-11-13,24.89,29.4,21.69,16.15
2024-11-14,0.54,30.13,19.56,26.08
2024-11-15,5.46,30.05,19.66,20.45
2024-11-16,16.15,30.17,22.78,16.86
2024-11-17,8.16,30.32,23.1,24.17
2024-11-18,0.0,31.42,22.83,28.92
2024-11-19,0.04,32.75,22.66,27.04
2024-11-20,0.81,31.84,22.29,25.35
2024-11-21,31.58,30.38,23.29,17.8
2024-11-22,6.59,28.25,21.12,15.42
2024-11-23,0.0,30.46,20.15,28.86
2024-11-24,0.0,30.0,19.21,29.77
2024-11-25,0.01,30.72,18.43,28.02
2024-11-26,0.05,32.53,21.28,28.95
2024-11-27,0.0,34.02,21.61,28.26
2024-11-28,13.56,30.98,24.02,13.0
2024-11-29,9.32,28.99,23.22,9.81
2024-11-30,0.21,31.68,22.76,24.07
2024-12-01,0.71,32.39,23.9,26.05
2024-12-02,7.74,27.99,23.76,8.64
2024-12-03,10.42,27.92,23.41,16.56
2024-12-04,9.15,29.6,21.99,9.91
2024-12-05,3.32,30.65,20.74,17.47
2024-12-06,1.01,30.27,23.42,25.11
2024-12-07,0.19,32.41,24.04,25.7
2024-12-08,1.63,29.13,23.15,17.29
2024-12-09,3.87,30.84,22.7,16.9
2024-12-10,7.54,29.52,23.83,19.93
2024-12-11,0.46,31.04,20.42,25.46
2024-12-12,0.0,31.39,18.86,28.97
2024-12-13,2.92,30.56,20.08,23.07
2024-12-14,11.58,26.49,23.06,9.33
2024-12-15,6.58,29.81,22.57,23.2
2024-12-16,1.49,30.28,21.6,28.3
2024-12-17,0.01,31.45,19.46,29.23
2024-12-18,0.02,31.89,19.32,29.17
2024-12-19,0.02,32.57,22.15,23.75
2024-12-20,2.59,31.85,23.84,20.61
2024-12-21,3.26,31.27,24.01,17.85
2024-12-22,3.15,30.43,23.13,18.35
2024-12-23,0.87,31.04,23.59,26.5
2024-12-24,0.3,32.59,21.56,29.09
2024-12-25,12.75,29.11,22.41,18.13
2024-12-26,36.93,28.04,23.16,11.8
2024-12-27,9.12,30.1,23.16,17.85
2024-12-28,3.45,30.57,23.46,24.37
2024-12-29,1.38,31.48,20.54,26.17
2024-12-30,0.83,31.26,22.06,30.09
2024-12-31,0.1,31.54,21.57,28.87
2025-01-01,5.53,31.04,22.93,25.97
2025-01-02,1.8,32.12,22.56,27.36
2025-01-03,1.36,31.29,23.11,21.34
2025-01-04,2.3,29.83,21.84,22.21
2025-01-05,0.35,32.68,19.55,30.75
2025-01-06,0.02,33.26,21.57,28.84
2025-01-07,0.09,32.7,23.36,21.75
2025-01-08,1.31,32.9,22.75,24.55
2025-01-09,0.74,32.86,23.63,27.25
2025-01-10,0.03,32.37,21.46,29.33
2025-01-11,0.81,34.73,21.15,29.63
2025-01-12,1.26,33.6,23.96,26.1
2025-01-13,0.01,33.06,21.47,28.51
2025-01-14,0.0,33.38,20.29,29.49
2025-01-15,0.63,34.43,20.66,25.84
2025-01-16,17.02,32.08,23.67,16.52
2025-01-17,10.75,27.03,23.28,15.06
2025-01-18,1.53,30.06,23.21,26.1
2025-01-19,1.96,31.96,22.85,27.08
2025-01-20,0.85,32.79,23.38,25.06
2025-01-21,0.44,33.35,23.78,27.37
2025-01-22,0.33,34.85,24.16,27.36
2025-01-23,3.55,34.45,24.44,21.49
2025-01-24,0.08,35.42,24.48,28.81
2025-01-25,3.32,35.85,24.8,27.38
2025-01-26,3.87,34.42,26.64,24.86
2025-01-27,4.53,31.1,24.04,16.38
2025-01-28,1.28,32.83,23.99,23.76
2025-01-29,2.61,33.13,25.48,13.7
2025-01-30,9.56,32.78,24.46,20.19
2025-01-31,13.71,27.97,23.66,14.61
2025-02-01,8.18,27.95,22.7,15.84
2025-02-02,5.95,29.31,21.86,16.73
2025-02-03,20.58,28.09,22.95,11.68
2025-02-04,6.34,27.57,22.51,14.29
2025-02-05,1.2,27.78,22.23,16.12
2025-02-06,0.23,28.84,23.11,19.98
2025-02-07,1.92,31.68,21.9,25.46
2025-02-08,0.96,32.24,23.35,27.32
2025-02-09,0.09,32.35,22.39,27.28
2025-02-10,0.14,31.99,21.83,23.26
2025-02-11,0.2,32.62,22.5,25.26
2025-02-12,6.07,30.0,22.56,22.14
2025-02-13,1.21,31.97,22.66,22.52
2025-02-14,0.36,32.7,23.88,24.26
2025-02-15,0.01,35.09,26.48,24.26
2025-02-16,0.0,35.74,25.28,26.37
2025-02-17,0.04,35.77,23.74,26.54
2025-02-18,0.74,35.15,27.22,16.3
2025-02-19,1.94,34.99,25.87,25.63
2025-02-20,0.18,36.58,27.13,25.78
2025-02-21,0.35,36.71,25.94,26.49
2025-02-22,0.48,35.17,24.93,23.59
2025-02-23,0.91,34.91,24.57,24.27
2025-02-24,0.37,35.09,24.09,24.78
2025-02-25,1.5,33.93,23.69,21.26
2025-02-26,10.24,34.22,24.53,25.34
2025-02-27,0.15,35.94,23.45,25.31
2025-02-28,0.22,36.07,23.67,25.81
2025-03-01,0.02,36.51,23.65,26.89
2025-03-02,0.0,35.41,24.1,22.7
2025-03-03,0.0,36.42,22.57,25.38
2025-03-04,0.59,35.76,24.88,23.58
2025-03-05,0.57,34.29,23.42,23.62
2025-03-06,0.0,35.25,24.26,25.9
2025-03-07,0.0,35.26,21.88,25.46
2025-03-08,0.01,35.84,22.08,25.04
2025-03-09,0.16,36.38,24.61,24.9
2025-03-10,0.33,36.44,26.19,23.32
2025-03-11,3.18,33.08,24.77,9.93
2025-03-12,0.04,35.13,23.5,21.57
2025-03-13,0.06,34.58,23.87,20.1
2025-03-14,0.01,35.77,25.4,22.51
2025-03-15,0.3,36.84,24.32,23.12
2025-03-16,1.05,36.61,24.1,22.24
2025-03-17,0.89,35.56,23.15,19.3
2025-03-18,5.86,34.0,23.82,16.93
2025-03-19,1.74,33.11,24.15,18.24
2025-03-20,0.0,34.07,21.57,25.18
2025-03-21,0.01,33.94,19.47,25.38
2025-03-22,0.15,34.86,20.55,21.15
2025-03-23,3.72,32.04,24.64,18.02
2025-03-24,0.45,34.38,23.41,21.6
2025-03-25,0.03,35.45,23.68,21.61
2025-03-26,0.54,34.21,24.32,18.06
2025-03-27,0.0,35.1,22.73,23.21
2025-03-28,0.06,36.04,23.0,20.56
2025-03-29,0.02,36.39,24.72,19.97
2025-03-30,1.48,36.29,24.15,20.28
2025-03-31,3.0,32.15,23.55,8.86
