data,PRECTOTCORR,T2M_MAX,T2M_MIN,ALLSKY_SFC_SW_DWN
2013-10-01,2.87,31.32,22.53,13.59
2013-10-02,1.37,29.57,23.17,6.69
2013-10-03,10.71,30.75,22.78,21.96
2013-10-04,6.76,26.24,21.31,5.38
2013-10-05,0.02,28.21,17.37,26.29
2013-10-06,0.0,28.49,15.97,26.67
2013-10-07,0.04,28.74,17.23,21.87
2013-10-08,3.47,27.19,16.98,20.29
2013-10-09,0.0,30.49,17.68,23.9
2013-10-10,0.0,31.33,18.84,26.29
2013-10-11,0.0,31.55,19.47,20.88
2013-10-12,0.15,30.21,21.44,9.6
2013-10-13,0.03,33.94,21.21,23.13
2013-10-14,8.9,30.17,23.87,22.4
2013-10-15,0.93,27.71,22.88,9.25
2013-10-16,10.17,28.93,21.34,16.05
2013-10-17,9.14,30.0,21.37,19.43
2013-10-18,1.64,31.11,21.88,23.35
2013-10-19,0.0,31.75,18.47,28.92
2013-10-20,0.0,34.27,20.56,27.26
2013-10-21,2.01,34.95,24.35,25.08
2013-10-22,0.29,29.5,24.67,21.8
2013-10-23,0.02,31.76,25.13,22.37
2013-10-24,0.46,34.95,23.58,24.41
2013-10-25,0.66,31.83,24.22,24.92
2013-10-26,0.0,35.7,22.81,26.37
2013-10-27,0.03,35.08,24.13,23.51
2013-10-28,0.0,35.05,23.77,26.49
2013-10-29,0.02,35.36,19.91,28.71
2013-10-30,0.16,36.01,21.96,24.39
2013-10-31,0.41,34.72,24.01,27.42
2013-11-01,0.44,31.56,24.12,22.79
2013-11-02,0.92,35.08,23.96,23.23
2013-11-03,1.5,30.82,25.09,19.11
2013-11-04,4.56,28.27,22.66,14.39
2013-11-05,0.12,31.89,21.73,17.45
2013-11-06,0.02,31.86,20.74,20.69
2013-11-07,0.03,32.51,21.89,23.33
2013-11-08,0.01,34.2,22.19,27.69
2013-11-09,0.07,36.3,24.49,26.95
2013-11-10,0.09,37.55,26.65,23.67
2013-11-11,8.86,36.12,27.04,16.9
2013-11-12,0.67,31.94,25.72,22.87
2013-11-13,0.03,34.84,24.17,29.04
2013-11-14,0.03,36.46,22.11,29.73
2013-11-15,0.0,36.62,24.98,28.73
2013-11-16,2.92,34.65,25.02,18.91
2013-11-17,2.42,32.97,23.01,22.51
2013-11-18,2.39,34.18,23.33,25.51
2013-11-19,2.17,34.15,24.29,23.14
2013-11-20,2.32,35.44,23.88,20.74
2013-11-21,4.79,31.23,24.3,22.09
2013-11-22,7.51,31.47,23.12,18.5
2013-11-23,1.23,30.89,23.03,18.53
2013-11-24,1.02,28.93,22.58,21.42
2013-11-25,5.52,29.34,22.72,21.05
2013-11-26,0.28,32.99,21.31,26.26
2013-11-27,0.0,34.13,22.22,27.66
2013-11-28,0.0,36.73,23.74,29.48
2013-11-29,0.24,37.86,25.4,26.07
2013-11-30,8.86,31.13,25.3,24.09
2013-12-01,2.99,30.03,24.44,20.31
2013-12-02,2.26,30.72,25.03,18.04
2013-12-03,3.91,33.31,24.68,25.53
2013-12-04,0.4,33.15,25.38,26.98
2013-12-05,1.55,36.14,25.57,29.13
2013-12-06,8.96,33.76,25.35,21.45
2013-12-07,2.62,32.13,24.6,21.31
2013-12-08,1.66,32.93,24.33,25.16
2013-12-09,1.62,33.41,24.82,23.66
2013-12-10,47.15,27.75,24.26,10.54
2013-12-11,21.33,29.49,23.26,19.76
2013-12-12,0.35,30.67,22.97,25.87
2013-12-13,0.11,31.82,21.8,25.41
2013-12-14,10.37,28.9,24.35,21.24
2013-12-15,0.34,32.14,23.07,21.89
2013-12-16,1.95,32.69,23.1,23.93
2013-12-17,0.01,32.49,22.8,28.12
2013-12-18,0.01,33.03,22.06,28.15
2013-12-19,0.0,33.6,22.37,29.86
2013-12-20,0.06,34.06,23.69,28.12
2013-12-21,0.04,33.78,24.57,28.66
2013-12-22,2.19,33.14,24.06,27.4
2013-12-23,11.52,27.61,23.44,15.56
2013-12-24,5.29,29.39,22.72,19.8
2013-12-25,1.36,32.92,23.3,24.18
2013-12-26,0.0,34.47,23.3,26.08
2013-12-27,3.44,35.08,24.59,27.02
2013-12-28,18.07,32.51,25.18,19.3
2013-12-29,5.45,29.75,24.44,21.5
2013-12-30,3.39,31.29,24.5,16.17
2013-12-31,6.78,30.91,24.2,13.33
2014-01-01,2.06,32.12,24.04,20.26
2014-01-02,1.74,31.84,24.77,25.96
2014-01-03,0.5,34.8,24.92,28.46
2014-01-04,0.55,36.4,25.42,25.25
2014-01-05,0.68,33.89,25.8,27.81
2014-01-06,0.93,34.29,25.35,26.11
2014-01-07,9.9,31.98,23.85,25.34
2014-01-08,9.28,29.03,23.5,27.98
2014-01-09,0.11,31.21,24.87,23.16
2014-01-10,0.74,33.56,23.55,27.52
2014-01-11,0.39,32.57,23.86,22.81
2014-01-12,21.0,31.13,24.02,21.05
2014-01-13,8.12,30.15,23.21,14.97
2014-01-14,10.1,30.57,22.42,19.41
2014-01-15,0.73,28.97,22.94,22.13
2014-01-16,2.8,31.58,20.66,19.0
2014-01-17,1.18,29.69,23.03,20.23
2014-01-18,2.75,29.33,23.48,25.71
2014-01-19,0.27,31.89,22.93,28.88
2014-01-20,0.1,34.31,22.92,29.29
2014-01-21,1.25,33.75,23.67,26.89
2014-01-22,4.15,31.87,24.31,22.95
2014-01-23,0.3,33.95,23.51,25.44
2014-01-24,19.07,31.55,24.21,26.07
2014-01-25,0.88,29.27,23.84,24.44
2014-01-26,5.8,31.21,22.31,17.91
2014-01-27,2.91,32.53,24.92,27.77
2014-01-28,1.6,31.49,22.93,29.43
2014-01-29,0.0,33.73,22.72,29.29
2014-01-30,0.0,33.37,22.65,28.01
2014-01-31,0.0,33.61,24.25,27.11
2014-02-01,0.0,35.56,23.94,29.96
2014-02-02,0.0,35.84,22.99,29.93
2014-02-03,0.0,33.19,24.7,25.5
2014-02-04,0.03,34.37,24.19,25.89
2014-02-05,0.0,36.96,24.46,26.63
2014-02-06,0.0,36.98,25.43,27.63
2014-02-07,0.0,37.62,24.33,29.87
2014-02-08,0.2,38.14,24.23,27.43
2014-02-09,0.15,36.19,26.04,23.13
2014-02-10,0.02,38.94,24.36,27.65
2014-02-11,0.01,36.87,26.22,25.56
2014-02-12,3.64,35.9,25.32,17.5
2014-02-13,14.51,30.15,24.34,20.18
2014-02-14,10.24,31.54,23.17,20.17
2014-02-15,34.04,29.04,23.37,15.34
2014-02-16,7.87,30.17,22.85,14.46
2014-02-17,2.28,31.0,22.34,18.61
2014-02-18,2.06,31.32,22.55,20.06
2014-02-19,1.42,31.12,23.19,22.9
2014-02-20,0.27,29.43,23.35,23.71
2014-02-21,14.32,26.81,23.42,14.05
2014-02-22,13.3,26.8,22.63,18.43
2014-02-23,4.76,28.59,22.63,14.07
2014-02-24,4.01,30.17,22.28,12.64
2014-02-25,0.35,29.91,22.23,18.86
2014-02-26,10.53,31.19,22.71,23.88
2014-02-27,7.1,31.54,22.82,20.3
2014-02-28,13.96,29.86,23.76,18.32
2014-03-01,4.95,30.54,23.27,23.26
2014-03-02,0.07,30.88,24.35,25.9
2014-03-03,11.25,31.16,23.31,21.36
2014-03-04,17.32,29.31,23.73,22.46
2014-03-05,10.84,28.6,23.55,15.55
2014-03-06,8.34,29.77,23.18,23.52
2014-03-07,23.79,30.48,23.54,19.7
2014-03-08,1.48,29.36,22.18,22.52
2014-03-09,0.0,30.22,22.44,26.38
2014-03-10,3.01,30.24,23.48,9.28
2014-03-11,21.55,27.54,23.79,15.58
2014-03-12,11.47,26.8,22.97,14.91
2014-03-13,1.04,27.4,22.14,22.71
2014-03-14,0.0,30.38,21.26,23.67
2014-03-15,0.16,31.53,22.65,25.05
2014-03-16,0.05,31.52,22.86,23.56
2014-03-17,0.5,31.6,22.52,23.82
2014-03-18,0.53,31.69,25.41,25.01
2014-03-19,0.9,31.1,23.3,23.51
2014-03-20,3.91,29.87,24.25,17.18
2014-03-21,7.99,27.72,23.35,18.6
2014-03-22,3.66,28.75,22.92,14.04
2014-03-23,0.01,30.08,21.08,20.65
2014-03-24,0.0,30.28,19.87,23.41
2014-03-25,0.0,30.66,21.13,23.07
2014-03-26,0.68,31.07,21.01,22.58
2014-03-27,0.15,28.63,21.78,17.53
2014-03-28,0.17,29.55,21.64,20.12
2014-03-29,2.7,29.03,22.51,12.57
2014-03-30,4.64,27.35,22.97,13.86
2014-03-31,1.36,28.3,22.49,15.27
2014-04-01,0.44,31.22,22.21,21.06
2014-04-02,0.0,32.25,22.31,22.66
2014-04-03,0.0,31.95,21.59,23.01
2014-04-04,0.0,32.18,22.27,22.49
2014-04-05,0.0,32.56,22.63,21.7
2014-04-06,0.0,33.25,22.6,21.75
2014-04-07,0.32,33.75,23.98,19.88
2014-04-08,1.46,34.12,24.3,18.53
2014-04-09,4.99,32.18,25.47,16.43
2014-04-10,0.22,28.96,24.96,17.53
2014-04-11,0.03,31.13,23.8,18.96
2014-04-12,5.9,28.69,24.59,18.87
2014-04-13,1.03,29.7,23.96,14.06
2014-04-14,3.39,30.67,21.12,11.54
2014-04-15,1.88,25.34,19.95,11.57
2014-04-16,0.17,30.77,20.09,12.59
2014-04-17,0.01,32.35,20.93,21.0
2014-04-18,0.01,32.44,21.73,17.9
2014-04-19,6.36,32.25,22.14,18.59
2014-04-20,0.04,30.6,23.01,18.56
2014-04-21,0.2,31.5,23.47,17.18
2014-04-22,7.02,28.69,23.41,10.41
2014-04-23,3.14,28.19,22.64,9.38
2014-04-24,0.01,30.08,22.7,16.85
2014-04-25,0.0,29.4,19.49,19.14
2014-04-26,0.0,29.88,18.78,20.65
2014-04-27,0.0,28.96,16.82,21.09
2014-04-28,0.0,29.38,16.31,20.78
2014-04-29,0.0,30.17,16.93,20.37
2014-04-30,0.0,29.68,18.21,20.2
2014-05-01,0.28,28.94,17.18,8.94
2014-05-02,0.0,29.22,17.27,11.92
2014-05-03,0.0,27.62,19.54,13.86
2014-05-04,0.0,31.24,17.2,19.43
2014-05-05,0.0,32.17,19.09,16.15
2014-05-06,0.0,30.18,20.27,14.02
2014-05-07,0.0,31.9,19.73,13.42
2014-05-08,0.0,32.17,20.68,17.89
2014-05-09,0.0,31.02,19.63,17.6
2014-05-10,0.0,29.42,16.11,19.35
2014-05-11,0.0,29.32,16.87,19.28
2014-05-12,0.0,30.87,15.89,18.5
2014-05-13,0.0,30.02,18.74,15.72
2014-05-14,0.0,30.25,19.73,15.73
2014-05-15,0.0,29.08,17.56,17.33
2014-05-16,0.0,30.84,17.37,13.46
2014-05-17,1.66,31.11,19.93,14.99
2014-05-18,2.12,30.48,19.86,14.85
2014-05-19,0.0,31.24,18.15,17.81
2014-05-20,0.0,31.59,18.48,15.59
2014-05-21,0.68,32.11,18.82,17.27
2014-05-22,18.06,30.45,22.44,10.88
2014-05-23,6.67,26.51,18.8,6.24
2014-05-24,0.04,25.82,17.17,8.08
2014-05-25,1.15,25.41,19.18,12.96
2014-05-26,0.03,22.8,13.9,13.21
2014-05-27,0.0,21.27,11.14,6.99
2014-05-28,0.0,23.67,11.33,11.52
2014-05-29,0.02,25.08,12.28,16.94
2014-05-30,0.0,26.74,13.24,17.57
2014-05-31,0.0,28.75,13.18,17.2
2014-06-01,3.57,23.06,18.36,5.07
2014-06-02,0.12,24.33,13.25,16.49
2014-06-03,0.0,23.72,9.74,18.0
2014-06-04,0.0,26.85,12.36,13.36
2014-06-05,0.0,31.0,17.82,14.44
2014-06-06,0.0,31.07,18.74,11.52
2014-06-07,0.0,32.0,20.76,15.72
2014-06-08,0.0,32.07,19.34,16.42
2014-06-09,0.03,29.78,21.18,12.77
2014-06-10,0.0,30.23,20.5,15.21
2014-06-11,0.0,30.25,18.55,16.33
2014-06-12,0.0,30.15,18.59,15.1
2014-06-13,0.0,30.2,18.21,14.64
2014-06-14,0.0,30.26,18.5,14.63
2014-06-15,0.0,30.65,18.5,15.71
2014-06-16,0.0,30.79,18.68,16.17
2014-06-17,0.0,30.59,18.02,15.81
2014-06-18,0.05,29.88,19.4,15.32
2014-06-19,0.04,28.52,17.12,15.58
2014-06-20,0.0,27.4,15.84,15.71
2014-06-21,0.0,27.74,13.69,16.21
2014-06-22,0.0,29.1,15.07,15.81
2014-06-23,0.0,29.71,18.39,14.4
2014-06-24,0.0,30.19,17.2,16.21
2014-06-25,0.0,30.49,17.33,15.59
2014-06-26,0.0,31.16,17.47,13.9
2014-06-27,0.0,31.34,18.13,16.05
2014-06-28,0.0,28.94,20.28,8.33
2014-06-29,0.0,22.99,15.52,7.43
2014-06-30,0.0,24.07,11.27,16.49
2014-07-01,0.0,28.79,13.28,16.47
2014-07-02,0.0,31.42,16.81,15.75
2014-07-03,0.0,32.01,18.94,16.09
2014-07-04,0.0,32.05,18.21,16.36
2014-07-05,0.0,30.81,18.16,16.21
2014-07-06,0.0,31.37,16.59,16.29
2014-07-07,0.01,26.59,18.87,5.26
2014-07-08,0.1,29.41,18.06,7.96
2014-07-09,0.21,29.78,18.72,13.68
2014-07-10,0.05,27.1,19.09,7.98
2014-07-11,0.0,27.68,16.54,16.57
2014-07-12,0.01,28.45,15.23,16.7
2014-07-13,0.0,29.45,15.62,16.29
2014-07-14,0.0,29.84,15.5,16.9
2014-07-15,0.0,30.25,15.7,17.18
2014-07-16,0.0,31.0,16.98,16.23
2014-07-17,0.03,31.75,20.27,16.91
2014-07-18,1.39,27.67,17.67,7.36
2014-07-19,0.0,26.25,15.34,17.97
2014-07-20,0.01,27.26,11.06,17.33
2014-07-21,0.0,29.58,11.9,17.73
2014-07-22,0.0,31.83,15.5,17.42
2014-07-23,1.39,32.72,20.99,13.78
2014-07-24,25.14,23.06,14.53,2.69
2014-07-25,0.54,19.82,12.01,5.34
2014-07-26,25.58,17.29,14.17,5.59
2014-07-27,5.8,18.41,14.74,6.91
2014-07-28,0.61,22.97,15.9,6.73
2014-07-29,0.0,26.43,14.28,17.64
2014-07-30,0.0,27.32,15.53,17.93
2014-07-31,0.0,28.01,15.65,18.78
2014-08-01,0.0,28.99,16.84,19.06
2014-08-02,0.0,29.3,17.36,19.32
2014-08-03,0.0,29.85,16.06,19.4
2014-08-04,0.0,30.85,17.1,18.48
2014-08-05,0.0,29.94,18.4,18.64
2014-08-06,0.0,29.73,15.31,19.06
2014-08-07,0.0,30.09,17.22,19.02
2014-08-08,0.0,30.19,16.21,19.81
2014-08-09,0.0,29.59,16.31,19.52
2014-08-10,0.0,28.95,15.0,18.12
2014-08-11,0.0,31.33,15.92,19.65
2014-08-12,0.0,32.5,18.56,19.19
2014-08-13,0.6,29.22,19.4,12.8
2014-08-14,0.0,26.86,14.77,17.53
2014-08-15,0.0,31.27,15.9,18.33
2014-08-16,0.0,31.32,19.42,19.91
2014-08-17,0.0,30.47,20.11,17.94
2014-08-18,0.0,31.22,20.13,19.77
2014-08-19,0.0,31.29,19.15,20.32
2014-08-20,0.0,31.32,16.37,21.7
2014-08-21,0.0,32.95,17.22,21.44
2014-08-22,0.0,33.33,18.53,21.54
2014-08-23,0.0,33.88,17.95,21.77
2014-08-24,0.0,33.66,18.0,21.83
2014-08-25,0.0,34.72,17.86,21.45
2014-08-26,0.0,29.42,19.55,16.58
2014-08-27,0.0,27.19,16.33,17.53
2014-08-28,0.0,32.55,17.06,17.29
2014-08-29,0.0,33.92,19.68,20.1
2014-08-30,0.0,35.54,20.15,21.23
2014-08-31,0.0,36.24,21.16,21.03
2014-09-01,0.0,36.2,21.74,19.3
2014-09-02,2.14,36.27,24.72,19.33
2014-09-03,0.12,36.09,23.9,18.19
2014-09-04,0.0,32.99,22.29,21.99
2014-09-05,0.0,33.03,18.75,23.11
2014-09-06,0.0,34.18,21.05,22.78
2014-09-07,0.03,34.59,22.35,12.55
2014-09-08,0.0,33.92,22.7,22.26
2014-09-09,0.0,34.97,20.16,23.9
2014-09-10,0.0,35.85,19.91,24.17
2014-09-11,0.0,36.52,22.53,23.19
2014-09-12,0.0,36.61,21.56,23.56
2014-09-13,0.0,35.76,20.15,24.63
2014-09-14,0.0,37.4,20.56,23.64
2014-09-15,0.01,37.14,22.93,14.58
2014-09-16,0.0,33.21,21.01,22.74
2014-09-17,0.0,37.22,22.1,23.78
2014-09-18,0.0,38.08,23.57,20.34
2014-09-19,5.31,36.59,25.56,15.07
2014-09-20,13.74,35.91,23.94,3.16
2014-09-21,4.83,29.91,19.83,22.47
2014-09-22,0.02,31.53,17.63,26.03
2014-09-23,0.0,34.7,18.2,23.78
2014-09-24,24.61,32.17,23.51,15.88
2014-09-25,1.9,31.57,22.43,15.31
2014-09-26,4.35,30.73,24.14,13.68
2014-09-27,6.79,31.06,23.32,4.66
2014-09-28,0.06,31.3,22.83,16.65
2014-09-29,8.5,34.35,23.17,23.21
2014-09-30,0.15,30.82,23.55,16.55
2014-10-01,6.75,34.9,23.81,16.76
2014-10-02,0.15,30.72,21.43,20.51
2014-10-03,0.23,30.73,17.55,26.43
2014-10-04,0.0,30.73,15.89,27.1
2014-10-05,0.0,31.71,15.97,24.3
2014-10-06,0.0,31.79,17.05,26.45
2014-10-07,0.0,32.52,17.99,23.72
2014-10-08,0.0,34.04,18.89,28.1
2014-10-09,0.0,35.35,19.31,27.44
2014-10-10,0.0,37.63,21.1,26.62
2014-10-11,0.0,38.17,22.92,26.7
2014-10-12,0.0,38.78,23.42,26.32
2014-10-13,0.0,39.26,23.46,26.94
2014-10-14,0.0,40.46,25.25,26.76
2014-10-15,0.0,40.54,26.11,24.94
2014-10-16,0.0,40.82,26.02,25.43
2014-10-17,0.02,41.69,27.19,22.99
2014-10-18,0.03,41.24,26.48,22.14
2014-10-19,8.41,36.18,25.13,14.98
2014-10-20,6.51,34.21,23.76,10.89
2014-10-21,0.0,34.14,24.25,24.32
2014-10-22,0.0,35.62,21.58,26.95
2014-10-23,9.03,32.84,24.37,26.94
2014-10-24,5.08,32.6,24.26,15.63
2014-10-25,20.74,26.19,22.11,10.72
2014-10-26,3.54,29.9,21.11,17.31
2014-10-27,0.0,31.83,22.44,24.1
2014-10-28,0.0,33.63,22.59,27.95
2014-10-29,0.0,34.23,20.64,28.98
2014-10-30,21.66,32.87,22.64,23.94
2014-10-31,3.55,31.31,23.24,20.8
2014-11-01,2.99,30.77,23.09,18.31
2014-11-02,16.02,30.27,24.02,18.35
2014-11-03,9.02,27.5,23.67,19.94
2014-11-04,16.8,28.37,23.59,17.21
2014-11-05,1.07,31.6,23.23,25.48
2014-11-06,0.1,32.66,23.23,26.38
2014-11-07,5.79,32.45,24.51,25.27
2014-11-08,0.34,30.9,24.25,8.12
2014-11-09,0.09,31.5,23.64,24.98
2014-11-10,0.05,32.89,22.48,26.53
2014-11-11,7.39,33.68,20.37,27.69
2014-11-12,11.48,29.76,24.34,14.59
2014-11-13,0.63,31.73,22.82,23.44
2014-11-14,0.0,31.85,21.98,27.84
2014-11-15,0.0,30.6,20.84,29.23
2014-11-16,0.0,30.92,19.52,30.86
2014-11-17,0.0,32.34,19.09,29.57
2014-11-18,0.0,33.81,19.39,29.53
2014-11-19,12.73,33.48,22.62,23.46
2014-11-20,12.51,29.45,23.83,14.8
2014-11-21,3.54,32.85,22.92,21.41
2014-11-22,8.08,28.15,23.48,8.12
2014-11-23,7.38,29.14,22.49,14.63
2014-11-24,5.5,28.4,22.81,16.7
2014-11-25,36.47,26.8,23.34,12.43
2014-11-26,7.47,29.42,22.71,16.31
2014-11-27,1.18,28.83,23.34,21.5
2014-11-28,1.44,30.18,22.11,20.35
2014-11-29,2.4,28.69,22.89,18.49
2014-11-30,8.32,29.44,23.69,14.19
2014-12-01,2.54,29.99,23.45,23.89
2014-12-02,6.91,25.87,22.76,21.69
2014-12-03,3.0,30.79,22.15,18.11
2014-12-04,8.04,31.23,22.99,22.93
2014-12-05,3.92,30.18,22.9,20.64
2014-12-06,1.2,29.67,21.4,24.38
2014-12-07,0.26,29.6,22.29,23.54
2014-12-08,3.82,26.82,22.46,20.84
2014-12-09,7.31,27.64,21.54,19.49
2014-12-10,8.98,26.19,22.37,17.91
2014-12-11,9.64,29.42,21.77,22.25
2014-12-12,13.1,29.18,22.11,17.19
2014-12-13,4.37,28.78,22.51,16.99
2014-12-14,3.18,31.2,23.32,26.24
2014-12-15,0.02,31.39,21.99,29.15
2014-12-16,0.05,30.77,20.29,28.94
2014-12-17,0.01,32.94,21.89,26.57
2014-12-18,5.76,32.59,23.07,21.07
2014-12-19,3.37,31.09,23.79,26.21
2014-12-20,2.17,31.08,23.79,20.89
2014-12-21,2.2,27.91,24.5,16.6
2014-12-22,9.76,28.11,23.87,15.18
2014-12-23,12.6,28.67,22.81,18.22
2014-12-24,6.97,30.02,23.11,16.59
2014-12-25,0.3,31.23,22.83,21.49
2014-12-26,0.02,31.8,24.03,29.42
2014-12-27,0.0,33.15,25.12,28.41
2014-12-28,0.0,33.76,25.34,29.14
2014-12-29,0.9,34.73,23.38,22.63
2014-12-30,15.63,32.28,24.8,27.23
2014-12-31,2.17,29.93,24.73,25.12
2015-01-01,0.05,32.32,23.94,28.39
2015-01-02,1.11,29.36,25.39,27.52
2015-01-03,9.56,31.56,25.71,24.31
2015-01-04,9.45,30.81,23.99,23.92
2015-01-05,6.39,28.07,24.0,21.75
2015-01-06,2.13,30.43,22.51,22.39
2015-01-07,0.2,32.04,23.35,28.49
2015-01-08,0.06,30.76,23.97,18.47
2015-01-09,0.11,33.01,23.86,24.38
2015-01-10,0.08,34.01,26.22,28.13
2015-01-11,1.06,34.69,24.89,27.38
2015-01-12,1.05,34.55,27.21,27.54
2015-01-13,0.08,33.15,26.55,28.59
2015-01-14,1.41,30.79,26.3,22.5
2015-01-15,7.01,32.06,24.89,28.02
2015-01-16,1.43,32.36,26.3,26.08
2015-01-17,0.02,36.24,24.53,28.92
2015-01-18,0.0,36.81,24.31,29.21
2015-01-19,0.12,37.52,24.97,28.54
2015-01-20,0.02,38.15,25.21,26.23
2015-01-21,0.02,32.2,26.18,27.63
2015-01-22,18.16,32.17,25.36,21.72
2015-01-23,9.05,31.3,23.08,25.92
2015-01-24,2.4,32.25,24.3,27.34
2015-01-25,0.48,31.2,24.05,18.65
2015-01-26,9.16,31.24,22.81,25.41
2015-01-27,8.79,31.08,23.26,19.33
2015-01-28,20.17,27.09,23.9,20.76
2015-01-29,5.62,31.63,22.79,16.02
2015-01-30,0.41,29.32,23.28,26.39
2015-01-31,0.0,32.74,23.69,26.55
2015-02-01,4.98,32.54,23.32,26.48
2015-02-02,6.47,32.34,25.92,28.86
2015-02-03,7.88,32.45,25.53,27.94
2015-02-04,28.62,29.02,24.06,18.02
2015-02-05,4.0,30.93,22.63,21.37
2015-02-06,7.31,30.95,23.36,25.81
2015-02-07,4.1,30.65,22.24,24.52
2015-02-08,4.8,31.32,23.42,26.51
2015-02-09,3.65,30.1,23.91,15.33
2015-02-10,6.92,30.4,23.79,22.78
2015-02-11,2.91,29.46,24.0,25.32
2015-02-12,1.76,30.29,23.95,25.48
2015-02-13,0.77,30.07,25.3,23.54
2015-02-14,9.11,28.72,24.12,17.53
2015-02-15,11.0,28.75,23.61,19.39
2015-02-16,12.99,27.28,22.9,20.78
2015-02-17,20.46,27.29,22.31,11.74
2015-02-18,14.57,28.98,22.27,15.73
2015-02-19,22.89,29.56,23.03,15.42
2015-02-20,15.8,27.57,22.84,17.2
2015-02-21,1.61,29.36,22.82,25.99
2015-02-22,0.07,31.26,22.74,27.19
2015-02-23,0.11,31.21,22.99,25.66
2015-02-24,1.71,29.4,23.42,25.02
2015-02-25,1.55,28.58,22.89,24.09
2015-02-26,6.66,27.08,22.69,9.8
2015-02-27,22.09,28.38,21.74,24.48
2015-02-28,1.05,30.14,23.44,23.64
2015-03-01,2.29,30.76,22.12,25.81
2015-03-02,1.17,30.19,22.21,22.38
2015-03-03,0.38,28.28,23.28,20.78
2015-03-04,1.3,27.77,24.25,19.7
2015-03-05,7.58,29.77,22.58,22.69
2015-03-06,4.48,29.3,23.94,18.06
2015-03-07,7.15,28.52,24.08,18.46
2015-03-08,10.19,29.03,22.77,15.16
2015-03-09,22.74,29.62,23.33,10.31
2015-03-10,6.99,30.12,22.55,18.31
2015-03-11,2.78,29.8,22.88,24.07
2015-03-12,10.25,29.5,22.01,22.33
2015-03-13,4.09,28.53,22.14,20.89
2015-03-14,13.15,28.64,22.2,17.53
2015-03-15,4.61,28.36,21.88,23.71
2015-03-16,3.41,29.72,22.15,23.99
2015-03-17,2.32,29.44,22.26,21.68
2015-03-18,6.48,27.81,21.45,21.01
2015-03-19,12.3,23.31,21.01,13.33
2015-03-20,6.55,27.03,20.81,15.49
2015-03-21,21.73,26.33,20.59,16.6
2015-03-22,0.52,28.21,19.93,21.14
2015-03-23,0.11,28.86,20.47,23.18
2015-03-24,0.06,29.56,20.0,25.13
2015-03-25,0.06,30.03,19.62,23.9
2015-03-26,1.21,30.96,20.78,21.45
2015-03-27,6.69,30.98,22.03,13.59
2015-03-28,8.25,28.79,23.64,21.0
2015-03-29,8.19,29.54,23.07,14.09
2015-03-30,7.3,29.81,23.47,17.23
2015-03-31,11.1,29.3,23.66,21.22
2015-04-01,1.8,29.24,24.06,20.2
2015-04-02,0.05,29.42,23.28,15.12
2015-04-03,0.04,29.96,22.07,19.02
2015-04-04,2.64,31.0,21.6,20.92
2015-04-05,2.47,30.89,22.43,13.05
2015-04-06,0.76,28.8,22.05,14.26
2015-04-07,0.0,27.63,20.16,21.45
2015-04-08,0.0,28.79,18.48,22.12
2015-04-09,0.01,29.39,19.63,20.72
2015-04-10,0.0,29.73,21.33,16.43
2015-04-11,0.0,30.55,20.68,21.91
2015-04-12,0.03,31.02,21.31,20.92
2015-04-13,0.07,30.61,21.18,21.59
2015-04-14,1.76,29.56,22.14,16.28
2015-04-15,1.05,30.32,22.41,18.34
2015-04-16,0.19,31.18,24.95,18.89
2015-04-17,0.06,30.8,23.32,20.36
2015-04-18,1.6,28.97,24.46,13.94
2015-04-19,0.49,31.42,23.12,18.14
2015-04-20,0.15,31.4,23.57,19.56
2015-04-21,5.68,31.07,23.49,17.83
2015-04-22,3.33,30.73,23.06,16.72
2015-04-23,0.24,30.67,23.94,15.73
2015-04-24,1.05,30.2,24.14,15.04
2015-04-25,0.04,31.14,21.56,19.24
2015-04-26,0.0,28.8,19.08,20.88
2015-04-27,0.04,29.84,17.74,20.41
2015-04-28,0.12,30.53,19.14,19.98
2015-04-29,0.0,29.69,18.97,19.06
2015-04-30,0.0,29.49,19.24,19.75
2015-05-01,0.0,29.41,17.67,19.67
2015-05-02,0.0,30.44,16.86,20.06
2015-05-03,3.38,30.65,18.93,17.26
2015-05-04,20.29,28.02,21.84,9.04
2015-05-05,0.71,28.18,18.91,12.24
2015-05-06,0.06,28.56,20.5,14.62
2015-05-07,0.0,28.22,18.03,18.56
2015-05-08,0.0,26.71,16.87,18.56
2015-05-09,0.07,28.96,16.35,16.54
2015-05-10,17.72,27.82,20.77,10.24
2015-05-11,10.66,26.15,17.99,10.41
2015-05-12,0.0,23.86,13.98,16.99
2015-05-13,0.0,23.99,16.1,15.17
2015-05-14,0.0,26.42,14.62,18.14
2015-05-15,0.0,25.77,17.12,9.75
2015-05-16,0.0,27.13,18.7,14.59
2015-05-17,0.0,27.37,17.76,15.69
2015-05-18,0.01,26.81,18.7,8.74
2015-05-19,1.13,26.96,17.79,9.43
2015-05-20,5.6,26.56,18.11,12.51
2015-05-21,0.36,27.72,18.61,16.13
2015-05-22,0.0,27.74,18.91,17.06
2015-05-23,0.0,27.14,19.72,12.78
2015-05-24,0.0,29.0,18.44,16.17
2015-05-25,0.0,29.94,20.36,16.4
2015-05-26,0.0,30.25,19.92,17.02
2015-05-27,0.06,30.5,20.05,16.01
2015-05-28,5.53,25.01,20.29,4.55
2015-05-29,0.51,25.57,16.17,14.76
2015-05-30,0.98,27.28,15.59,10.85
2015-05-31,16.29,29.28,19.1,10.7
2015-06-01,3.83,26.14,18.32,6.32
2015-06-02,4.16,26.65,18.56,3.37
2015-06-03,0.75,27.42,18.39,13.46
2015-06-04,0.0,28.16,17.45,16.43
2015-06-05,0.0,27.71,16.99,16.79
2015-06-06,0.0,28.08,17.08,16.73
2015-06-07,0.0,28.78,17.68,15.37
2015-06-08,0.0,28.67,17.36,16.41
2015-06-09,0.0,28.75,17.67,15.15
2015-06-10,0.0,29.14,17.76,16.35
2015-06-11,0.0,29.7,18.57,16.52
2015-06-12,0.0,29.81,19.25,16.07
2015-06-13,0.0,29.28,18.1,16.56
2015-06-14,0.0,30.57,18.63,14.97
2015-06-15,0.1,23.38,18.06,5.45
2015-06-16,0.01,24.52,15.66,13.5
2015-06-17,0.0,29.8,17.42,15.91
2015-06-18,0.33,30.69,18.94,13.12
2015-06-19,0.06,25.86,17.11,6.15
2015-06-20,0.0,26.38,16.07,15.8
2015-06-21,0.0,27.89,16.78,15.74
2015-06-22,0.0,27.63,16.29,15.74
2015-06-23,0.0,27.83,16.78,13.87
2015-06-24,0.0,27.58,17.01,12.7
2015-06-25,0.0,27.08,17.53,15.08
2015-06-26,0.0,26.3,18.75,15.42
2015-06-27,0.0,26.5,15.35,16.57
2015-06-28,0.0,26.25,13.53,15.3
2015-06-29,0.0,27.35,15.27,14.96
2015-06-30,0.12,28.24,16.17,13.38
2015-07-01,5.11,26.03,17.92,9.83
2015-07-02,0.13,26.51,17.65,10.43
2015-07-03,0.01,29.9,17.82,12.25
2015-07-04,4.72,21.63,15.63,3.02
2015-07-05,0.0,25.04,13.64,6.94
2015-07-06,0.98,24.02,16.99,8.18
2015-07-07,13.28,23.53,18.77,5.18
2015-07-08,6.9,23.7,16.77,7.96
2015-07-09,5.56,24.5,15.85,13.74
2015-07-10,0.31,28.1,16.23,15.95
2015-07-11,0.01,29.02,17.12,8.92
2015-07-12,0.02,29.45,17.93,16.45
2015-07-13,0.0,30.39,18.85,15.96
2015-07-14,0.0,30.92,19.56,14.93
2015-07-15,0.0,30.67,20.25,10.71
2015-07-16,0.0,29.0,20.71,11.15
2015-07-17,0.0,28.13,19.84,15.72
2015-07-18,0.0,28.88,17.62,16.8
2015-07-19,0.0,29.14,17.71,17.48
2015-07-20,0.0,29.53,16.37,17.51
2015-07-21,0.0,26.04,17.94,7.38
2015-07-22,0.0,26.29,14.58,12.11
2015-07-23,0.0,29.01,16.23,14.76
2015-07-24,0.01,29.71,18.45,16.07
2015-07-25,0.01,27.44,18.69,13.41
2015-07-26,0.0,27.99,16.29,17.03
2015-07-27,0.0,29.39,16.3,17.6
2015-07-28,0.0,30.47,16.18,17.84
2015-07-29,0.0,31.02,17.05,18.15
2015-07-30,0.0,30.53,17.01,18.3
2015-07-31,0.0,30.94,16.35,18.78
2015-08-01,0.0,30.72,16.69,18.89
2015-08-02,0.0,31.28,16.99,18.81
2015-08-03,0.0,31.59,17.85,19.17
2015-08-04,0.0,31.27,17.52,19.01
2015-08-05,0.0,31.5,17.09,19.23
2015-08-06,0.0,31.78,17.46,19.29
2015-08-07,0.0,32.51,17.14,19.67
2015-08-08,0.0,32.47,17.64,19.36
2015-08-09,0.0,32.06,17.39,19.41
2015-08-10,0.0,31.94,18.1,19.5
2015-08-11,0.0,31.71,18.73,19.8
2015-08-12,0.0,30.74,17.66,20.41
2015-08-13,0.0,31.28,16.66,20.13
2015-08-14,0.0,30.81,16.09,20.49
2015-08-15,0.0,31.46,16.75,20.43
2015-08-16,0.0,32.49,17.63,20.28
2015-08-17,0.0,32.92,18.48,17.1
2015-08-18,0.11,33.21,22.04,16.47
2015-08-19,0.34,29.9,18.82,19.91
2015-08-20,0.0,29.62,14.89,21.16
2015-08-21,0.0,29.98,15.94,21.3
2015-08-22,0.0,32.58,16.31,21.54
2015-08-23,0.0,35.1,18.0,20.88
2015-08-24,0.0,34.24,21.11,18.47
2015-08-25,0.0,34.63,20.73,17.4
2015-08-26,0.67,36.34,21.09,19.55
2015-08-27,9.97,33.57,20.91,4.91
2015-08-28,0.0,31.37,19.84,19.78
2015-08-29,0.0,33.42,16.53,21.99
2015-08-30,0.0,35.02,17.59,22.03
2015-08-31,0.0,35.56,20.31,21.61
2015-09-01,0.0,35.73,19.96,21.98
2015-09-02,0.0,34.41,19.92,22.65
2015-09-03,0.0,35.02,19.83,22.24
2015-09-04,0.04,35.3,20.34,22.23
2015-09-05,0.03,32.7,22.49,18.39
2015-09-06,0.13,33.91,21.73,19.83
2015-09-07,0.32,36.98,23.61,12.35
2015-09-08,13.75,35.29,23.55,12.3
2015-09-09,22.52,27.77,20.17,9.57
2015-09-10,3.35,32.18,20.47,8.77
2015-09-11,33.52,26.63,20.1,4.35
2015-09-12,3.35,25.72,17.48,6.3
2015-09-13,0.62,26.68,16.86,10.36
2015-09-14,0.0,28.49,17.03,22.03
2015-09-15,0.0,33.6,17.81,23.2
2015-09-16,0.03,35.1,22.8,22.76
2015-09-17,0.0,35.52,23.56,22.18
2015-09-18,0.0,35.99,24.39,24.1
2015-09-19,0.0,36.3,20.91,25.64
2015-09-20,0.0,35.93,20.1,25.71
2015-09-21,0.0,36.06,20.26,25.55
2015-09-22,0.0,36.66,21.35,24.61
2015-09-23,0.0,36.99,21.82,25.17
2015-09-24,0.0,37.64,22.16,21.39
2015-09-25,0.33,38.35,24.56,16.84
2015-09-26,2.0,34.64,25.57,13.71
2015-09-27,2.18,37.0,24.03,20.72
2015-09-28,1.54,30.45,22.64,9.16
2015-09-29,0.14,28.88,22.75,12.26
2015-09-30,0.03,33.82,21.44,16.94
2015-10-01,0.0,35.11,21.99,23.57
2015-10-02,0.48,36.65,25.0,24.01
2015-10-03,14.07,31.52,24.25,5.9
2015-10-04,0.07,30.65,22.91,12.15
2015-10-05,0.0,34.47,22.47,24.35
2015-10-06,0.0,36.48,21.42,26.45
2015-10-07,0.0,38.77,22.76,25.77
2015-10-08,0.58,38.2,26.14,23.98
2015-10-09,13.13,33.62,26.13,17.09
2015-10-10,17.64,26.77,23.87,13.41
2015-10-11,2.13,28.84,22.9,12.03
2015-10-12,1.19,27.07,19.53,11.05
2015-10-13,0.06,32.02,18.7,25.89
2015-10-14,0.15,36.12,22.29,26.13
2015-10-15,0.0,37.53,23.14,25.62
2015-10-16,0.0,37.81,24.97,25.88
2015-10-17,0.0,38.67,24.34,26.56
2015-10-18,0.0,37.09,23.41,24.57
2015-10-19,0.0,39.11,23.33,25.99
2015-10-20,0.0,39.06,26.65,22.89
2015-10-21,0.07,39.09,25.22,21.94
2015-10-22,0.89,39.63,26.99,20.76
2015-10-23,5.98,35.08,25.15,11.51
2015-10-24,1.2,36.01,24.69,24.12
2015-10-25,1.25,36.32,24.3,22.11
2015-10-26,4.53,34.62,25.65,18.2
2015-10-27,6.55,33.08,25.52,22.53
2015-10-28,2.99,31.87,24.56,16.52
2015-10-29,0.0,34.06,24.67,25.65
2015-10-30,2.7,34.82,23.12,25.55
2015-10-31,22.45,27.15,24.15,7.08
2015-11-01,6.93,30.13,22.75,19.1
2015-11-02,7.81,31.79,24.67,19.51
2015-11-03,17.25,28.49,24.21,15.58
2015-11-04,12.99,28.29,23.93,17.96
2015-11-05,12.2,29.84,23.78,19.96
2015-11-06,0.29,31.38,22.8,24.9
2015-11-07,0.15,31.22,21.39,16.41
2015-11-08,0.85,32.07,22.55,22.06
2015-11-09,2.4,32.27,23.5,25.05
2015-11-10,1.07,35.49,23.7,27.81
2015-11-11,0.18,33.69,25.71,22.76
2015-11-12,0.0,34.8,25.03,26.06
2015-11-13,3.77,32.25,25.56,25.09
2015-11-14,26.34,30.02,24.88,25.65
2015-11-15,22.26,31.36,24.41,14.59
2015-11-16,6.15,30.09,24.27,24.06
2015-11-17,8.06,31.48,23.4,23.38
2015-11-18,8.71,32.82,24.04,23.33
2015-11-19,8.33,33.3,24.66,23.06
2015-11-20,1.62,30.17,23.25,8.23
2015-11-21,0.24,31.34,20.61,16.65
2015-11-22,0.66,32.07,23.87,21.72
2015-11-23,12.62,32.64,24.67,23.77
2015-11-24,20.33,30.84,24.72,4.65
2015-11-25,30.84,29.97,24.57,5.25
2015-11-26,2.1,28.66,23.59,19.84
2015-11-27,0.82,31.31,22.99,27.22
2015-11-28,28.41,29.93,24.27,16.35
2015-11-29,5.44,30.75,23.04,18.37
2015-11-30,9.69,30.52,23.53,22.1
2015-12-01,0.59,30.76,22.14,22.4
2015-12-02,0.52,31.27,23.49,14.06
2015-12-03,7.39,29.38,22.74,20.83
2015-12-04,6.62,32.27,23.27,27.21
2015-12-05,7.57,30.89,23.66,21.88
2015-12-06,5.31,28.37,23.53,14.61
2015-12-07,3.55,30.58,23.11,21.03
2015-12-08,3.52,30.81,23.92,21.93
2015-12-09,1.09,30.28,24.31,17.87
2015-12-10,2.99,30.13,24.03,11.84
2015-12-11,1.41,29.07,23.46,16.16
2015-12-12,3.59,27.89,23.01,14.16
2015-12-13,0.2,31.7,22.23,19.93
2015-12-14,0.12,31.83,23.26,27.8
2015-12-15,10.53,31.05,24.25,11.9
2015-12-16,4.88,27.88,23.21,24.94
2015-12-17,0.31,32.44,21.66,24.4
2015-12-18,0.68,33.21,23.93,24.0
2015-12-19,7.59,31.53,24.2,20.72
2015-12-20,5.58,27.88,24.2,19.42
2015-12-21,1.27,31.5,23.74,26.83
2015-12-22,0.09,32.43,23.67,27.07
2015-12-23,1.46,30.07,25.12,17.07
2015-12-24,7.49,31.75,24.27,24.08
2015-12-25,13.05,30.04,24.21,23.18
2015-12-26,5.33,31.64,24.02,16.57
2015-12-27,9.57,31.14,23.57,19.3
2015-12-28,9.72,28.67,24.32,18.38
2015-12-29,44.61,25.13,23.69,14.26
2015-12-30,14.5,28.32,22.83,14.31
2015-12-31,12.03,29.35,22.77,18.32
2016-01-01,5.68,29.12,23.69,16.0
2016-01-02,1.39,28.38,23.9,22.74
2016-01-03,0.19,30.31,23.56,19.57
2016-01-04,0.91,27.97,23.98,19.2
2016-01-05,8.55,29.17,24.11,23.91
2016-01-06,10.4,28.67,23.82,16.4
2016-01-07,3.32,30.22,23.96,19.0
2016-01-08,5.96,30.38,24.43,15.33
2016-01-09,30.43,29.13,24.12,14.45
2016-01-10,7.17,29.27,23.61,18.51
2016-01-11,19.76,29.02,23.87,13.45
2016-01-12,8.36,28.5,23.81,14.47
2016-01-13,25.17,29.51,23.86,13.8
2016-01-14,36.54,29.19,24.34,13.96
2016-01-15,12.74,28.89,23.75,11.06
2016-01-16,8.26,27.45,23.63,18.69
2016-01-17,0.07,29.12,20.87,27.08
2016-01-18,0.0,29.57,20.04,28.19
2016-01-19,0.0,30.13,21.09,29.09
2016-01-20,0.0,29.59,21.78,21.68
2016-01-21,0.02,30.83,21.34,25.6
2016-01-22,0.02,30.31,20.38,29.81
2016-01-23,7.4,30.51,21.3,27.99
2016-01-24,4.31,31.49,22.91,25.56
2016-01-25,1.44,31.66,23.7,28.66
2016-01-26,4.35,32.72,24.1,26.69
2016-01-27,5.3,29.43,25.38,18.28
2016-01-28,5.65,30.06,24.96,23.02
2016-01-29,9.67,28.65,24.09,15.21
2016-01-30,8.67,27.64,23.54,20.02
2016-01-31,1.54,29.9,23.3,27.17
2016-02-01,0.02,31.55,24.04,27.19
2016-02-02,0.32,33.07,24.56,28.22
2016-02-03,2.6,31.98,24.04,24.76
2016-02-04,2.67,30.66,25.36,21.13
2016-02-05,7.7,31.62,23.92,22.4
2016-02-06,0.92,30.88,24.77,21.8
2016-02-07,0.52,31.34,25.92,25.22
2016-02-08,0.74,30.19,24.64,20.52
2016-02-09,0.06,31.49,24.45,26.2
2016-02-10,0.06,33.23,23.39,26.09
2016-02-11,2.7,31.71,25.73,26.0
2016-02-12,13.85,31.62,26.33,23.62
2016-02-13,10.14,32.32,25.07,24.09
2016-02-14,0.74,29.59,24.45,25.78
2016-02-15,5.57,30.41,24.78,23.2
2016-02-16,2.47,31.04,24.29,17.77
2016-02-17,0.49,31.38,24.21,26.25
2016-02-18,15.06,29.8,24.57,17.41
2016-02-19,5.68,29.44,24.71,25.26
2016-02-20,3.26,29.37,24.06,21.16
2016-02-21,8.0,28.95,23.96,12.21
2016-02-22,20.6,27.26,23.5,15.67
2016-02-23,21.55,27.01,22.57,12.34
2016-02-24,3.69,28.38,22.04,11.2
2016-02-25,2.16,29.44,22.27,15.26
2016-02-26,7.93,30.84,23.01,21.23
2016-02-27,1.96,30.37,24.4,19.98
2016-02-28,6.8,30.08,24.54,17.34
2016-02-29,3.05,29.9,24.13,11.94
2016-03-01,2.8,28.8,22.36,18.21
2016-03-02,7.16,28.54,22.41,15.39
2016-03-03,3.18,30.37,23.19,19.93
2016-03-04,3.77,30.51,23.36,23.27
2016-03-05,0.35,29.69,21.46,21.95
2016-03-06,0.59,30.23,23.74,20.75
2016-03-07,0.52,31.68,23.64,24.31
2016-03-08,0.05,31.66,22.99,24.58
2016-03-09,8.71,28.73,24.37,18.3
2016-03-10,8.08,30.49,23.82,15.24
2016-03-11,4.41,28.7,21.49,20.41
2016-03-12,0.0,28.13,19.27,26.41
2016-03-13,0.02,29.65,19.08,21.58
2016-03-14,0.98,31.3,21.47,23.16
2016-03-15,4.36,29.17,23.65,16.71
2016-03-16,5.78,29.02,22.61,22.74
2016-03-17,0.4,30.84,21.36,24.53
2016-03-18,0.19,32.09,22.28,24.9
2016-03-19,0.01,32.28,22.88,25.21
2016-03-20,0.0,32.09,22.57,24.7
2016-03-21,0.0,33.15,21.22,24.83
2016-03-22,0.7,33.6,24.26,21.84
2016-03-23,7.38,31.94,24.46,22.3
2016-03-24,20.62,26.75,23.78,16.98
2016-03-25,3.98,28.34,23.54,13.03
2016-03-26,1.95,29.36,22.29,15.13
2016-03-27,0.1,28.81,21.4,16.79
2016-03-28,0.03,29.98,20.72,22.76
2016-03-29,0.01,31.01,21.47,21.79
2016-03-30,0.0,29.33,24.53,18.47
2016-03-31,0.0,30.26,23.06,23.05
2016-04-01,0.22,31.67,22.34,23.44
2016-04-02,0.95,31.7,22.52,23.25
2016-04-03,0.02,32.79,22.92,22.95
2016-04-04,0.0,33.37,22.68,22.39
2016-04-05,0.0,33.63,23.0,22.87
2016-04-06,0.0,33.09,21.81,22.27
2016-04-07,0.0,33.12,21.66,22.74
2016-04-08,0.0,33.15,22.48,23.02
2016-04-09,0.0,34.11,21.81,22.83
2016-04-10,0.0,33.83,21.13,21.88
2016-04-11,0.0,33.64,20.66,22.1
2016-04-12,0.0,33.72,20.7,22.0
2016-04-13,0.0,33.31,21.56,22.21
2016-04-14,0.02,33.89,23.38,21.34
2016-04-15,0.0,33.68,24.71,20.53
2016-04-16,0.0,33.64,22.65,21.85
2016-04-17,0.0,33.7,20.94,21.94
2016-04-18,0.0,33.71,21.19,21.02
2016-04-19,0.0,34.1,21.55,21.28
2016-04-20,0.0,33.61,21.53,17.8
2016-04-21,0.0,34.54,22.22,21.2
2016-04-22,0.0,34.49,22.4,20.69
2016-04-23,0.0,34.36,22.0,20.29
2016-04-24,0.0,34.19,22.17,18.52
2016-04-25,1.19,34.45,22.38,19.44
2016-04-26,49.2,28.39,19.88,2.82
2016-04-27,8.9,20.39,12.82,15.1
2016-04-28,2.66,20.09,10.09,18.84
2016-04-29,0.22,22.35,11.02,9.07
2016-04-30,1.51,22.55,10.64,20.74
2016-05-01,0.06,23.85,9.82,20.92
2016-05-02,0.0,24.59,11.47,20.49
2016-05-03,0.0,26.18,12.78,20.14
2016-05-04,0.0,27.25,15.4,19.84
2016-05-05,0.01,27.94,15.79,19.78
2016-05-06,0.0,28.45,16.35,19.2
2016-05-07,0.0,28.68,16.56,15.66
2016-05-08,0.01,29.52,18.4,14.11
2016-05-09,0.74,30.32,18.79,17.01
2016-05-10,16.84,29.03,20.12,3.27
2016-05-11,1.9,27.2,20.59,14.86
2016-05-12,14.39,27.72,20.2,10.23
2016-05-13,0.85,26.6,19.55,12.42
2016-05-14,0.07,27.69,17.86,18.06
2016-05-15,1.85,29.83,18.13,16.96
2016-05-16,7.09,29.86,20.67,14.09
2016-05-17,0.55,24.38,16.57,11.47
2016-05-18,0.03,21.92,17.45,8.63
2016-05-19,0.75,25.83,17.34,14.25
2016-05-20,7.51,29.01,19.08,15.99
2016-05-21,10.74,27.75,21.81,8.71
2016-05-22,7.7,27.93,18.32,11.86
2016-05-23,0.25,21.07,13.64,12.43
2016-05-24,0.02,22.07,11.61,17.48
2016-05-25,0.15,25.15,13.25,15.01
2016-05-26,0.1,26.76,14.94,16.63
2016-05-27,0.06,27.28,17.18,12.41
2016-05-28,7.26,26.83,17.42,16.47
2016-05-29,15.69,24.18,17.82,4.78
2016-05-30,4.96,25.44,17.41,12.69
2016-05-31,20.15,26.98,18.84,9.14
2016-06-01,12.47,26.45,17.82,11.8
2016-06-02,22.37,23.87,15.09,4.69
2016-06-03,4.02,20.09,14.25,7.17
2016-06-04,1.17,23.59,17.05,11.67
2016-06-05,1.92,28.94,19.38,11.48
2016-06-06,2.97,26.84,18.37,11.63
2016-06-07,1.27,20.31,16.03,6.83
2016-06-08,0.54,18.7,12.13,9.69
2016-06-09,0.02,19.94,8.4,15.87
2016-06-10,0.29,21.53,11.77,12.85
2016-06-11,0.01,19.39,7.91,16.67
2016-06-12,0.03,18.31,5.58,17.42
2016-06-13,0.0,19.55,5.92,17.38
2016-06-14,0.0,21.92,7.73,16.88
2016-06-15,0.0,26.06,11.81,16.6
2016-06-16,0.02,26.37,13.66,16.83
2016-06-17,0.0,26.14,14.06,16.75
2016-06-18,0.0,25.75,13.32,16.53
2016-06-19,0.0,26.13,12.45,16.63
2016-06-20,0.02,25.54,13.13,16.39
2016-06-21,0.05,24.13,14.06,15.14
2016-06-22,0.44,26.16,13.88,15.06
2016-06-23,0.49,26.03,14.93,15.82
2016-06-24,0.0,27.05,15.5,16.13
2016-06-25,0.0,27.35,15.66,14.64
2016-06-26,0.0,26.86,16.3,15.92
2016-06-27,0.01,25.81,13.66,16.45
2016-06-28,0.0,26.15,14.03,15.49
2016-06-29,0.0,26.27,13.76,14.6
2016-06-30,0.0,26.31,15.52,10.9
2016-07-01,0.05,27.76,15.34,15.16
2016-07-02,0.0,28.1,15.53,16.8
2016-07-03,0.0,28.19,15.28,16.52
2016-07-04,0.0,28.23,16.87,15.4
2016-07-05,0.02,28.38,16.11,15.72
2016-07-06,0.0,29.66,16.69,15.49
2016-07-07,0.0,22.92,14.05,16.93
2016-07-08,0.0,25.09,10.76,17.42
2016-07-09,0.0,27.72,10.61,17.34
2016-07-10,0.0,30.17,15.68,17.17
2016-07-11,0.0,30.8,16.73,17.27
2016-07-12,0.0,31.61,16.82,17.42
2016-07-13,0.0,30.94,17.88,17.39
2016-07-14,0.0,30.97,17.1,17.35
2016-07-15,0.0,31.89,18.66,17.3
2016-07-16,3.4,26.76,13.73,6.62
2016-07-17,0.0,19.78,9.33,18.99
2016-07-18,0.06,20.8,5.88,18.82
2016-07-19,0.0,23.51,11.58,17.46
2016-07-20,0.0,25.41,11.31,18.08
2016-07-21,0.0,26.44,12.66,17.95
2016-07-22,0.0,25.57,13.81,18.09
2016-07-23,0.0,27.58,12.35,17.9
2016-07-24,0.0,30.68,14.13,17.9
2016-07-25,0.0,30.52,16.38,18.45
2016-07-26,0.0,30.87,16.35,17.49
2016-07-27,0.0,28.44,17.44,17.91
2016-07-28,0.0,29.17,14.59,16.95
2016-07-29,0.0,28.36,17.77,17.07
2016-07-30,0.0,30.02,16.34,18.37
2016-07-31,0.0,29.65,15.75,18.55
2016-08-01,0.0,29.99,16.16,17.99
2016-08-02,0.0,29.95,16.71,18.91
2016-08-03,0.0,29.46,16.46,18.82
2016-08-04,0.0,30.62,16.07,18.33
2016-08-05,0.0,31.87,17.71,18.82
2016-08-06,0.0,32.58,19.06,19.49
2016-08-07,0.0,33.34,18.78,18.28
2016-08-08,0.0,33.84,21.31,18.74
2016-08-09,0.1,29.74,19.08,13.76
2016-08-10,0.16,23.89,17.15,7.66
2016-08-11,0.0,25.71,11.56,20.99
2016-08-12,0.0,25.86,11.59,20.62
2016-08-13,0.0,30.73,11.46,20.03
2016-08-14,0.0,34.58,16.77,20.47
2016-08-15,0.06,34.47,19.93,15.89
2016-08-16,1.31,30.45,20.95,8.55
2016-08-17,0.1,34.28,19.75,18.42
2016-08-18,0.62,34.88,21.15,19.11
2016-08-19,0.28,35.41,22.12,17.9
2016-08-20,28.81,33.19,22.61,9.85
2016-08-21,1.35,23.28,14.58,12.43
2016-08-22,0.3,21.87,11.98,21.25
2016-08-23,0.0,24.87,10.75,21.68
2016-08-24,0.09,30.24,13.06,21.62
2016-08-25,0.0,32.45,16.63,21.18
2016-08-26,0.0,32.02,17.29,21.27
2016-08-27,0.0,32.27,15.42,22.71
2016-08-28,0.0,34.07,17.03,22.32
2016-08-29,4.92,32.46,20.75,8.35
2016-08-30,13.36,27.93,16.04,3.34
2016-08-31,16.36,22.59,15.33,8.71
2016-09-01,0.09,27.58,15.52,20.07
2016-09-02,0.14,30.71,17.14,21.54
2016-09-03,5.89,28.17,20.72,4.5
2016-09-04,0.56,26.14,20.17,8.23
2016-09-05,0.41,28.02,18.23,10.99
2016-09-06,8.68,23.98,17.0,9.73
2016-09-07,0.08,22.1,13.73,21.08
2016-09-08,1.69,25.76,12.4,19.23
2016-09-09,0.78,26.58,16.09,21.07
2016-09-10,0.0,31.41,17.08,22.97
2016-09-11,0.0,33.41,18.23,23.44
2016-09-12,0.0,34.48,20.67,20.58
2016-09-13,0.0,34.65,20.09,16.68
2016-09-14,0.0,24.92,19.72,10.53
2016-09-15,0.0,28.02,14.41,21.1
2016-09-16,0.0,30.12,17.83,15.23
2016-09-17,0.0,34.15,18.01,20.55
2016-09-18,0.55,34.82,21.14,20.59
2016-09-19,7.8,32.16,22.32,9.75
2016-09-20,0.03,28.13,20.31,12.94
2016-09-21,0.0,27.87,16.64,26.76
2016-09-22,0.0,29.9,15.02,26.32
2016-09-23,0.0,29.05,15.64,25.83
2016-09-24,0.0,30.81,14.96,25.96
2016-09-25,0.0,30.97,18.51,20.72
2016-09-26,0.0,30.33,18.42,25.64
2016-09-27,0.0,30.65,17.75,26.99
2016-09-28,0.0,31.94,16.15,27.51
2016-09-29,0.0,33.28,16.67,27.04
2016-09-30,0.0,34.11,17.06,26.71
2016-10-01,0.0,31.94,18.7,24.52
2016-10-02,0.0,33.15,18.57,25.31
2016-10-03,6.79,34.71,20.1,18.32
2016-10-04,2.08,29.11,20.0,8.65
2016-10-05,3.36,28.35,21.66,10.32
2016-10-06,0.48,28.2,18.46,23.52
2016-10-07,0.0,28.64,14.19,24.95
2016-10-08,0.0,31.99,17.28,28.22
2016-10-09,0.0,33.96,18.95,25.5
2016-10-10,0.0,35.31,20.14,27.77
2016-10-11,0.69,36.39,20.97,24.81
2016-10-12,3.84,31.74,23.65,24.88
2016-10-13,6.1,30.2,23.17,7.37
2016-10-14,11.52,31.33,22.26,7.54
2016-10-15,0.44,33.92,23.19,23.53
2016-10-16,0.01,36.8,25.3,24.04
2016-10-17,0.1,37.32,26.24,23.43
2016-10-18,1.21,36.69,26.3,22.07
2016-10-19,0.03,36.19,26.16,24.99
2016-10-20,4.93,36.4,25.65,11.16
2016-10-21,2.92,27.72,24.19,16.3
2016-10-22,0.0,34.22,23.98,23.41
2016-10-23,0.22,35.3,23.68,25.3
2016-10-24,12.84,34.95,25.18,23.03
2016-10-25,8.68,30.87,23.65,16.98
2016-10-26,1.01,31.09,24.13,18.78
2016-10-27,15.91,28.29,20.6,18.83
2016-10-28,0.0,27.05,17.14,30.56
2016-10-29,0.02,29.19,14.21,30.53
2016-10-30,0.01,32.92,16.84,28.59
2016-10-31,5.09,32.13,23.31,26.14
2016-11-01,8.34,32.79,22.9,23.79
2016-11-02,4.47,32.52,23.07,17.43
2016-11-03,1.41,29.21,22.41,9.48
2016-11-04,0.05,30.76,18.73,21.09
2016-11-05,0.0,32.79,23.35,27.91
2016-11-06,1.56,32.65,23.2,27.02
2016-11-07,0.18,34.02,22.74,28.71
2016-11-08,0.02,35.04,22.9,25.69
2016-11-09,0.34,33.69,24.61,25.52
2016-11-10,1.49,35.11,23.87,26.71
2016-11-11,5.7,32.38,24.43,20.5
2016-11-12,13.74,29.76,23.46,8.46
2016-11-13,21.6,25.2,20.59,8.38
2016-11-14,0.73,30.27,21.33,13.06
2016-11-15,0.13,31.18,20.58,24.75
2016-11-16,0.07,34.08,22.54,27.51
2016-11-17,20.82,31.84,23.11,19.35
2016-11-18,0.13,31.13,20.32,29.75
2016-11-19,0.0,29.05,17.45,29.75
2016-11-20,0.0,30.94,16.39,30.43
2016-11-21,0.0,32.47,19.77,25.67
2016-11-22,1.62,30.6,22.94,23.42
2016-11-23,0.25,33.38,22.15,23.86
2016-11-24,0.0,33.73,23.5,24.87
2016-11-25,0.63,33.2,24.88,25.6
2016-11-26,0.27,30.71,25.18,18.48
2016-11-27,0.9,33.46,23.51,16.17
2016-11-28,3.0,33.35,24.21,21.41
2016-11-29,3.36,29.58,23.61,24.48
2016-11-30,0.16,30.57,22.1,27.32
2016-12-01,2.48,29.89,21.3,16.7
2016-12-02,1.2,30.54,22.36,13.14
2016-12-03,11.34,30.48,23.84,19.65
2016-12-04,3.51,32.4,23.03,21.34
2016-12-05,0.81,34.54,22.79,27.19
2016-12-06,0.72,34.54,23.6,18.05
2016-12-07,0.34,34.15,25.32,24.89
2016-12-08,7.5,30.33,25.34,25.17
2016-12-09,1.98,32.26,23.7,21.17
2016-12-10,14.7,30.98,23.43,17.4
2016-12-11,3.93,32.18,23.17,23.78
2016-12-12,5.56,31.72,23.7,19.18
2016-12-13,3.6,33.12,24.47,19.6
2016-12-14,6.26,31.63,24.49,18.23
2016-12-15,6.21,31.92,21.86,22.13
2016-12-16,4.99,29.31,19.98,17.93
2016-12-17,0.62,31.34,22.18,24.76
2016-12-18,5.46,29.41,22.51,26.19
2016-12-19,15.01,27.77,22.74,20.93
2016-12-20,12.17,27.93,21.8,20.63
2016-12-21,29.19,27.22,21.98,16.52
2016-12-22,4.42,27.2,21.58,23.17
2016-12-23,0.06,28.96,21.94,28.03
2016-12-24,0.04,28.63,22.26,22.01
2016-12-25,0.03,32.97,21.56,27.41
2016-12-26,0.13,33.14,24.64,28.94
2016-12-27,2.64,32.76,24.03,28.5
2016-12-28,4.57,32.52,25.49,18.02
2016-12-29,1.61,29.76,25.6,21.87
2016-12-30,4.59,30.6,23.74,21.61
2016-12-31,1.87,31.07,24.23,19.93
2017-01-01,10.81,32.69,24.83,23.69
2017-01-02,2.03,31.29,24.92,19.4
2017-01-03,0.28,31.76,24.59,26.63
2017-01-04,1.5,30.75,24.62,20.83
2017-01-05,0.42,29.99,24.03,24.53
2017-01-06,22.0,31.35,25.73,22.64
2017-01-07,3.0,31.73,23.94,27.27
2017-01-08,0.52,33.29,23.97,28.67
2017-01-09,6.92,31.23,26.75,23.03
2017-01-10,10.61,31.45,24.89,14.98
2017-01-11,30.63,28.58,24.53,19.94
2017-01-12,9.52,28.18,22.85,19.3
2017-01-13,7.8,29.23,23.51,14.88
2017-01-14,7.73,30.34,22.95,20.37
2017-01-15,5.89,29.69,23.05,20.28
2017-01-16,23.12,27.46,23.47,7.06
2017-01-17,12.21,26.81,23.26,14.32
2017-01-18,36.56,29.62,22.58,22.62
2017-01-19,8.49,27.51,21.99,19.5
2017-01-20,20.71,25.44,22.36,17.0
2017-01-21,1.48,27.22,21.64,17.35
2017-01-22,3.01,26.76,19.98,17.41
2017-01-23,11.91,28.8,21.82,23.06
2017-01-24,12.38,28.45,22.85,22.65
2017-01-25,21.16,28.41,23.24,16.86
2017-01-26,24.14,27.78,23.75,14.29
2017-01-27,2.88,26.75,22.55,13.19
2017-01-28,7.99,25.76,22.68,13.59
2017-01-29,13.61,26.44,22.05,17.51
2017-01-30,8.17,27.07,21.68,22.84
2017-01-31,3.9,26.87,20.63,12.25
2017-02-01,9.36,29.24,21.06,23.69
2017-02-02,4.92,28.23,22.52,19.72
2017-02-03,6.75,28.22,22.93,24.98
2017-02-04,0.0,31.31,22.28,27.8
2017-02-05,1.68,32.22,22.82,25.11
2017-02-06,4.47,29.66,24.09,25.03
2017-02-07,2.18,30.31,24.31,26.72
2017-02-08,0.91,30.33,23.6,26.07
2017-02-09,0.22,30.17,24.03,26.98
2017-02-10,0.14,30.68,23.23,27.42
2017-02-11,2.72,28.37,24.16,22.37
2017-02-12,32.42,27.69,23.5,22.1
2017-02-13,12.1,28.33,23.26,17.72
2017-02-14,3.46,30.04,23.38,23.02
2017-02-15,0.0,30.51,21.74,27.78
2017-02-16,0.02,30.43,21.86,27.74
2017-02-17,0.13,30.26,22.34,26.61
2017-02-18,0.07,29.22,22.05,26.92
2017-02-19,1.83,30.52,23.52,24.78
2017-02-20,2.81,32.88,23.52,27.49
2017-02-21,0.69,31.59,23.37,27.21
2017-02-22,1.11,31.8,22.95,25.2
2017-02-23,3.76,30.21,23.28,25.59
2017-02-24,3.85,29.16,23.7,22.63
2017-02-25,13.17,28.76,22.03,19.94
2017-02-26,4.31,27.83,22.26,21.99
2017-02-27,2.99,28.36,22.24,24.31
2017-02-28,0.21,29.64,22.95,25.51
2017-03-01,3.93,29.93,22.45,18.07
2017-03-02,2.1,27.91,23.39,20.94
2017-03-03,24.33,28.18,22.78,13.6
2017-03-04,3.94,29.59,22.94,20.46
2017-03-05,30.98,27.69,23.52,20.28
2017-03-06,6.22,28.51,22.93,16.2
2017-03-07,1.6,30.41,23.17,21.75
2017-03-08,0.0,31.4,23.41,25.1
2017-03-09,0.03,30.93,24.14,25.03
2017-03-10,4.91,31.01,24.9,21.96
2017-03-11,0.31,30.05,23.45,24.66
2017-03-12,0.2,29.64,24.6,24.75
2017-03-13,0.51,28.79,24.56,23.15
2017-03-14,0.38,30.14,23.38,24.46
2017-03-15,0.38,31.02,23.37,25.19
2017-03-16,0.29,29.9,23.61,22.7
2017-03-17,9.63,30.83,24.59,20.43
2017-03-18,9.1,26.69,23.18,8.49
2017-03-19,1.36,28.71,21.17,17.03
2017-03-20,0.01,29.09,20.75,20.75
2017-03-21,0.03,29.74,19.9,24.45
2017-03-22,0.0,30.38,20.57,22.86
2017-03-23,4.86,30.48,21.5,22.55
2017-03-24,0.11,30.38,22.02,23.3
2017-03-25,7.11,31.26,24.29,21.59
2017-03-26,21.39,30.85,23.75,21.05
2017-03-27,10.7,29.08,23.59,17.68
2017-03-28,1.86,29.24,22.22,20.37
2017-03-29,0.0,28.85,20.26,23.89
2017-03-30,0.0,29.42,18.67,24.13
2017-03-31,0.0,29.28,19.33,24.21
2017-04-01,0.0,27.93,17.94,24.06
2017-04-02,0.0,27.89,17.78,23.37
2017-04-03,0.01,28.77,20.01,21.74
2017-04-04,0.0,30.76,20.85,19.48
2017-04-05,1.33,29.87,22.64,15.55
2017-04-06,17.69,30.47,23.24,17.02
2017-04-07,3.45,30.32,22.82,18.91
2017-04-08,3.29,28.01,23.64,12.02
2017-04-09,1.09,29.88,23.1,20.03
2017-04-10,0.46,30.49,23.07,19.33
2017-04-11,2.44,30.1,23.74,16.95
2017-04-12,8.65,29.44,23.33,15.78
2017-04-13,1.16,29.06,19.99,21.71
2017-04-14,0.0,30.88,20.67,21.91
2017-04-15,0.0,31.41,21.24,21.45
2017-04-16,0.13,31.13,21.49,15.05
2017-04-17,0.76,29.52,23.02,17.61
2017-04-18,0.12,28.72,21.91,18.95
2017-04-19,0.27,29.85,20.01,18.45
2017-04-20,11.25,29.68,21.91,10.11
2017-04-21,31.37,23.72,19.56,9.18
2017-04-22,0.03,25.47,16.83,19.74
2017-04-23,0.0,26.36,17.14,21.28
2017-04-24,0.0,27.14,17.35,21.51
2017-04-25,0.01,29.4,17.01,20.62
2017-04-26,13.01,28.93,22.11,9.65
2017-04-27,3.65,24.13,16.47,13.18
2017-04-28,0.01,24.87,15.2,16.17
2017-04-29,0.02,26.19,16.09,19.14
2017-04-30,0.01,27.54,17.44,15.42
2017-05-01,0.48,27.93,18.95,18.42
2017-05-02,0.03,28.7,18.89,19.07
2017-05-03,0.0,28.9,18.61,18.59
2017-05-04,6.1,28.07,19.3,13.37
2017-05-05,13.75,27.91,19.93,14.0
2017-05-06,2.94,27.63,19.1,18.06
2017-05-07,0.01,27.11,18.1,18.91
2017-05-08,0.0,27.89,17.07,19.0
2017-05-09,0.0,28.42,17.72,18.61
2017-05-10,0.0,27.95,19.87,15.78
2017-05-11,0.0,28.03,19.4,18.18
2017-05-12,0.0,28.61,17.56,18.64
2017-05-13,0.01,29.45,18.51,17.73
2017-05-14,1.42,28.06,20.52,9.35
2017-05-15,10.17,28.94,20.65,11.31
2017-05-16,0.42,27.71,20.15,12.24
2017-05-17,0.38,25.74,18.95,14.84
2017-05-18,14.22,27.2,19.72,14.3
2017-05-19,16.89,26.98,21.94,8.83
2017-05-20,11.04,25.26,21.65,5.34
2017-05-21,20.67,26.49,21.21,11.16
2017-05-22,5.94,27.82,21.07,7.15
2017-05-23,0.21,27.05,20.46,15.43
2017-05-24,0.11,27.84,19.01,16.53
2017-05-25,0.0,28.78,21.26,16.69
2017-05-26,0.0,28.68,20.81,17.05
2017-05-27,0.0,28.88,20.19,15.41
2017-05-28,0.0,27.92,19.75,14.48
2017-05-29,0.0,27.76,18.89,16.18
2017-05-30,0.01,27.54,18.39,16.01
2017-05-31,1.05,26.66,19.59,15.17
2017-06-01,0.45,21.51,14.99,8.92
2017-06-02,0.01,22.07,11.93,15.85
2017-06-03,0.0,26.15,13.6,16.91
2017-06-04,0.0,28.76,15.99,16.42
2017-06-05,0.49,29.26,19.29,14.52
2017-06-06,0.05,29.71,19.69,15.27
2017-06-07,0.0,29.21,19.2,16.43
2017-06-08,0.0,30.01,19.11,16.02
2017-06-09,0.95,21.97,12.24,4.4
2017-06-10,0.0,19.2,7.93,18.02
2017-06-11,0.01,22.03,9.37,17.5
2017-06-12,6.34,19.88,13.62,7.08
2017-06-13,0.45,25.6,15.4,12.0
2017-06-14,0.17,26.06,16.13,15.99
2017-06-15,0.0,26.07,16.23,16.7
2017-06-16,0.0,26.47,14.37,16.26
2017-06-17,0.0,27.32,15.72,16.64
2017-06-18,0.0,27.95,15.68,15.61
2017-06-19,0.0,28.15,17.32,16.55
2017-06-20,0.01,25.06,14.38,9.53
2017-06-21,0.02,26.39,15.45,16.37
2017-06-22,0.0,26.49,15.82,16.52
2017-06-23,0.0,26.89,17.22,15.75
2017-06-24,0.0,26.57,15.72,16.43
2017-06-25,0.0,26.26,14.39,16.63
2017-06-26,0.0,26.11,12.84,16.63
2017-06-27,0.0,26.56,14.72,16.49
2017-06-28,0.0,26.65,14.06,15.92
2017-06-29,0.0,27.14,17.23,13.99
2017-06-30,0.0,26.79,18.13,9.67
2017-07-01,0.0,26.99,15.99,16.12
2017-07-02,0.0,25.25,16.41,16.43
2017-07-03,0.0,24.54,14.23,16.4
2017-07-04,0.0,23.69,12.57,16.32
2017-07-05,0.0,24.19,12.95,17.09
2017-07-06,0.0,24.59,11.42,15.58
2017-07-07,0.0,26.21,13.28,16.09
2017-07-08,0.0,25.96,15.97,14.16
2017-07-09,0.0,26.54,14.48,16.41
2017-07-10,0.0,27.19,14.27,17.01
2017-07-11,0.0,27.84,14.64,16.62
2017-07-12,0.0,27.9,14.7,17.01
2017-07-13,0.0,27.98,14.08,17.26
2017-07-14,0.0,27.89,14.37,17.67
2017-07-15,0.0,27.91,15.54,17.81
2017-07-16,0.0,28.18,15.22,16.24
2017-07-17,0.0,28.74,12.94,17.5
2017-07-18,0.0,17.23,9.28,12.77
2017-07-19,0.0,21.24,6.8,15.21
2017-07-20,0.0,25.86,11.28,17.47
2017-07-21,0.0,28.36,14.0,17.57
2017-07-22,0.0,27.74,14.57,17.92
2017-07-23,0.0,28.98,13.63,18.25
2017-07-24,0.0,28.39,14.66,18.57
2017-07-25,0.0,28.2,14.34,18.53
2017-07-26,0.0,28.59,15.26,18.62
2017-07-27,0.0,27.82,13.66,18.82
2017-07-28,0.0,27.96,13.05,18.79
2017-07-29,0.0,27.62,16.16,18.72
2017-07-30,0.0,27.64,14.98,17.34
2017-07-31,0.0,27.06,14.7,18.27
2017-08-01,0.0,27.69,14.43,16.28
2017-08-02,0.0,29.46,15.01,18.04
2017-08-03,0.0,25.55,16.12,12.63
2017-08-04,0.0,24.95,12.1,19.29
2017-08-05,0.02,25.82,13.68,19.31
2017-08-06,0.0,26.68,12.99,18.88
2017-08-07,0.0,29.12,12.8,19.53
2017-08-08,0.0,31.8,16.68,15.96
2017-08-09,0.0,33.2,19.06,18.85
2017-08-10,0.0,33.52,18.99,19.67
2017-08-11,0.0,32.67,18.12,19.15
2017-08-12,0.0,33.93,18.33,19.12
2017-08-13,6.73,34.04,19.53,13.22
2017-08-14,0.09,26.84,17.33,14.19
2017-08-15,1.29,30.04,18.89,8.85
2017-08-16,8.3,29.55,18.38,7.89
2017-08-17,5.99,25.54,19.95,4.79
2017-08-18,8.45,25.99,19.63,10.57
2017-08-19,0.21,30.62,18.94,13.15
2017-08-20,20.83,25.11,18.78,2.73
2017-08-21,0.12,24.95,15.53,12.69
2017-08-22,0.02,27.65,13.94,19.2
2017-08-23,0.0,30.89,19.63,20.39
2017-08-24,0.0,30.51,18.13,21.51
2017-08-25,0.0,30.51,16.26,21.49
2017-08-26,0.0,31.85,17.62,21.92
2017-08-27,0.0,32.1,17.49,22.38
2017-08-28,0.0,32.36,17.79,22.78
2017-08-29,0.0,32.75,16.04,22.27
2017-08-30,0.0,33.33,17.24,22.54
2017-08-31,0.0,33.13,18.62,23.07
2017-09-01,0.0,33.84,17.81,22.27
2017-09-02,0.0,32.93,19.27,21.83
2017-09-03,0.0,32.64,18.83,23.23
2017-09-04,0.0,31.52,16.58,23.76
2017-09-05,0.0,32.67,16.74,23.64
2017-09-06,0.0,32.43,16.51,23.75
2017-09-07,0.0,33.39,18.1,23.47
2017-09-08,0.0,34.51,18.22,23.83
2017-09-09,0.0,35.16,19.58,22.95
2017-09-10,0.0,35.24,20.22,24.24
2017-09-11,0.0,36.64,19.12,22.61
2017-09-12,0.0,36.61,20.87,24.0
2017-09-13,0.0,35.53,21.06,24.6
2017-09-14,0.0,36.07,21.69,24.71
2017-09-15,0.0,36.14,21.04,24.95
2017-09-16,0.0,36.29,19.34,25.19
2017-09-17,0.0,35.21,19.64,24.95
2017-09-18,0.0,35.39,20.52,25.09
2017-09-19,0.0,36.24,20.72,24.76
2017-09-20,0.0,36.14,21.9,25.22
2017-09-21,0.0,35.8,21.52,24.09
2017-09-22,0.0,35.16,21.53,21.48
2017-09-23,0.0,35.09,21.78,24.4
2017-09-24,0.0,36.06,21.95,23.6
2017-09-25,0.0,34.58,22.3,21.72
2017-09-26,0.0,34.25,21.01,21.49
2017-09-27,0.03,35.98,20.44,24.66
2017-09-28,0.56,36.51,23.38,23.05
2017-09-29,8.55,27.74,21.16,5.32
2017-09-30,1.3,25.57,20.29,9.54
2017-10-01,18.47,31.64,19.77,19.64
2017-10-02,45.59,28.4,17.32,6.79
2017-10-03,0.1,25.25,15.89,22.38
2017-10-04,0.0,28.85,14.35,24.52
2017-10-05,0.18,33.36,16.77,26.0
2017-10-06,0.81,32.88,22.97,18.46
2017-10-07,1.58,29.13,22.94,15.7
2017-10-08,0.01,33.25,21.24,23.42
2017-10-09,0.01,34.47,21.85,23.98
2017-10-10,0.0,36.5,23.41,26.82
2017-10-11,0.0,37.07,23.96,26.61
2017-10-12,0.0,37.63,24.69,27.3
2017-10-13,0.0,37.81,23.59,26.99
2017-10-14,0.01,36.02,23.27,25.69
2017-10-15,0.0,35.27,23.25,26.01
2017-10-16,0.0,36.41,21.96,27.05
2017-10-17,0.0,38.53,23.29,26.38
2017-10-18,0.0,38.06,26.07,26.63
2017-10-19,9.4,37.74,24.45,24.73
2017-10-20,5.19,35.04,25.0,9.83
2017-10-21,2.58,35.4,24.35,15.87
2017-10-22,9.86,29.04,23.23,6.47
2017-10-23,0.03,29.51,22.71,18.06
2017-10-24,0.0,32.62,21.93,24.54
2017-10-25,0.04,35.46,23.09,22.27
2017-10-26,0.66,36.14,24.11,24.34
2017-10-27,10.22,35.92,24.33,24.11
2017-10-28,14.34,29.88,23.49,21.92
2017-10-29,8.57,30.94,22.67,17.25
2017-10-30,19.87,30.89,22.9,11.49
2017-10-31,1.38,29.36,22.92,19.2
2017-11-01,0.0,31.3,20.62,26.91
2017-11-02,2.47,32.35,20.31,27.86
2017-11-03,15.54,30.04,24.31,23.77
2017-11-04,53.37,30.43,23.85,23.52
2017-11-05,0.79,28.44,23.38,12.71
2017-11-06,4.05,28.46,22.22,16.6
2017-11-07,1.65,28.15,20.32,26.66
2017-11-08,12.97,30.69,21.77,18.94
2017-11-09,1.11,29.25,22.9,21.98
2017-11-10,2.04,29.9,22.78,21.24
2017-11-11,0.86,30.08,21.17,21.76
2017-11-12,0.0,29.47,16.79,31.08
2017-11-13,0.0,30.31,16.27,31.59
2017-11-14,0.0,32.09,17.83,27.16
2017-11-15,0.0,33.83,18.37,29.63
2017-11-16,2.29,32.28,23.17,23.64
2017-11-17,1.26,29.83,23.28,25.78
2017-11-18,10.83,31.37,23.12,19.39
2017-11-19,5.05,29.8,23.48,21.24
2017-11-20,2.92,31.52,23.23,18.31
2017-11-21,30.95,31.27,23.5,16.37
2017-11-22,6.99,30.59,23.27,11.85
2017-11-23,0.0,30.77,23.18,23.38
2017-11-24,0.0,32.5,22.47,29.26
2017-11-25,9.2,33.49,22.72,24.85
2017-11-26,25.45,31.21,24.49,15.32
2017-11-27,45.07,28.48,22.63,18.95
2017-11-28,0.8,29.38,22.24,19.56
2017-11-29,0.13,31.12,23.19,28.38
2017-11-30,31.42,28.42,21.29,16.95
2017-12-01,17.49,28.98,20.25,16.53
2017-12-02,5.12,29.44,21.32,16.36
2017-12-03,0.1,30.79,21.56,27.66
2017-12-04,2.97,29.8,24.63,24.73
2017-12-05,15.99,30.54,23.53,22.2
2017-12-06,37.61,28.33,24.52,19.3
2017-12-07,11.33,29.49,23.7,19.5
2017-12-08,9.1,29.35,24.1,23.19
2017-12-09,1.92,30.3,23.33,25.05
2017-12-10,0.18,31.18,23.83,24.39
2017-12-11,0.0,31.79,21.84,25.69
2017-12-12,0.0,31.02,22.12,29.93
2017-12-13,0.03,30.58,22.03,25.82
2017-12-14,0.02,30.65,22.74,26.26
2017-12-15,0.03,31.74,22.42,25.81
2017-12-16,0.07,30.81,23.7,25.59
2017-12-17,7.75,31.17,23.32,27.03
2017-12-18,2.53,30.1,23.21,27.42
2017-12-19,0.45,31.47,23.72,28.04
2017-12-20,15.37,29.64,24.52,16.33
2017-12-21,3.91,26.65,23.56,13.68
2017-12-22,3.28,28.0,22.68,15.96
2017-12-23,0.73,29.92,22.15,14.97
2017-12-24,10.12,28.5,23.17,20.17
2017-12-25,25.3,26.32,22.97,20.54
2017-12-26,22.24,29.09,23.37,21.07
2017-12-27,6.84,30.64,22.45,26.31
2017-12-28,6.66,30.51,23.54,22.07
2017-12-29,17.74,29.89,23.86,21.0
2017-12-30,9.26,29.85,23.69,17.82
2017-12-31,22.42,27.98,23.77,16.61
2018-01-01,2.97,30.5,23.59,24.02
2018-01-02,6.42,28.77,23.32,22.23
2018-01-03,4.18,29.27,22.88,21.75
2018-01-04,0.0,30.44,20.75,27.45
2018-01-05,6.16,30.99,21.65,20.77
2018-01-06,4.74,29.76,23.7,13.0
2018-01-07,21.55,28.58,22.9,10.48
2018-01-08,38.37,26.27,22.48,7.54
2018-01-09,15.7,25.23,21.49,16.72
2018-01-10,2.07,27.75,22.03,13.72
2018-01-11,8.96,25.9,22.02,15.15
2018-01-12,0.58,26.84,21.24,16.7
2018-01-13,0.91,29.12,21.35,27.14
2018-01-14,7.31,29.03,21.62,19.46
2018-01-15,19.03,27.18,22.24,22.48
2018-01-16,3.35,27.88,22.44,23.0
2018-01-17,0.35,29.83,23.01,23.04
2018-01-18,0.07,30.27,24.63,26.07
2018-01-19,0.01,32.27,24.25,27.43
2018-01-20,0.05,30.13,23.82,28.6
2018-01-21,0.01,30.8,22.15,28.44
2018-01-22,0.05,31.89,23.77,28.23
2018-01-23,0.01,31.47,24.69,26.77
2018-01-24,4.43,32.17,23.84,25.61
2018-01-25,40.36,29.9,24.08,24.47
2018-01-26,7.78,28.74,23.77,23.08
2018-01-27,4.93,29.7,23.37,16.52
2018-01-28,0.39,27.36,24.16,18.36
2018-01-29,5.06,28.73,23.43,17.05
2018-01-30,7.01,29.96,23.41,19.85
2018-01-31,12.99,30.13,23.89,19.42
2018-02-01,0.02,29.1,20.94,25.52
2018-02-02,0.0,30.28,20.39,27.63
2018-02-03,0.37,30.39,22.13,28.26
2018-02-04,8.78,30.02,20.51,27.68
2018-02-05,0.58,28.98,21.1,27.13
2018-02-06,0.0,29.86,21.45,27.98
2018-02-07,4.49,30.83,25.0,25.96
2018-02-08,0.2,31.14,22.58,27.17
2018-02-09,6.0,29.44,23.21,27.01
2018-02-10,6.81,29.24,24.04,14.36
2018-02-11,0.28,29.46,23.44,16.9
2018-02-12,1.54,30.18,23.56,19.07
2018-02-13,9.77,29.99,22.35,17.83
2018-02-14,14.95,30.07,22.12,16.19
2018-02-15,0.05,29.05,21.38,23.05
2018-02-16,0.0,29.16,21.85,26.34
2018-02-17,4.61,28.92,23.22,14.08
2018-02-18,15.47,25.26,22.51,14.58
2018-02-19,7.96,27.8,21.73,16.0
2018-02-20,12.16,28.1,22.78,11.45
2018-02-21,1.14,29.18,22.51,22.73
2018-02-22,0.01,29.83,21.84,27.38
2018-02-23,0.0,30.18,18.48,26.81
2018-02-24,0.42,29.68,22.04,20.08
2018-02-25,0.81,27.72,23.23,18.07
2018-02-26,7.84,26.18,23.48,13.83
2018-02-27,3.3,28.9,22.91,15.94
2018-02-28,2.3,30.61,22.95,22.36
2018-03-01,0.78,29.79,23.85,24.51
2018-03-02,0.19,31.14,24.33,23.2
2018-03-03,0.76,28.85,24.16,24.87
2018-03-04,0.02,32.52,25.18,23.76
2018-03-05,0.0,30.63,24.9,22.87
2018-03-06,3.51,30.04,25.31,20.73
2018-03-07,0.74,30.85,24.32,24.82
2018-03-08,4.03,31.26,24.57,22.22
2018-03-09,6.77,30.11,25.39,19.89
2018-03-10,5.89,29.67,24.79,22.73
2018-03-11,12.78,30.63,23.66,22.33
2018-03-12,0.0,31.93,23.36,22.97
2018-03-13,0.0,32.97,24.5,24.1
2018-03-14,0.22,31.9,25.76,23.65
2018-03-15,0.04,30.4,25.16,21.89
2018-03-16,0.01,29.22,25.36,22.56
2018-03-17,0.0,31.18,24.28,24.42
2018-03-18,0.0,31.68,23.95,23.83
2018-03-19,0.05,32.68,23.97,23.79
2018-03-20,0.19,32.37,24.09,19.22
2018-03-21,5.55,31.7,24.29,18.07
2018-03-22,9.75,30.93,24.11,23.15
2018-03-23,0.05,30.96,24.28,23.06
2018-03-24,0.1,31.22,24.12,23.76
2018-03-25,1.36,30.92,23.7,15.33
2018-03-26,5.01,28.33,23.76,14.41
2018-03-27,1.75,25.88,22.82,12.93
2018-03-28,4.31,28.11,21.94,15.17
2018-03-29,0.58,29.95,22.16,19.18
2018-03-30,4.42,30.03,21.9,20.71
2018-03-31,5.27,28.76,22.41,9.94
2018-04-01,16.94,26.27,22.78,12.04
2018-04-02,7.18,28.46,21.0,16.13
2018-04-03,4.43,28.5,21.97,14.76
2018-04-04,0.1,28.7,20.22,22.0
2018-04-05,0.0,29.63,20.35,22.77
2018-04-06,0.0,30.16,20.11,22.99
2018-04-07,0.0,30.15,19.63,23.07
2018-04-08,0.37,29.91,19.68,22.64
2018-04-09,0.07,30.64,20.22,21.45
2018-04-10,0.0,30.51,20.84,21.61
2018-04-11,0.0,30.42,21.15,22.01
2018-04-12,0.11,29.65,19.41,21.24
2018-04-13,0.51,29.45,19.27,22.25
2018-04-14,5.1,29.9,20.59,15.65
2018-04-15,6.32,25.58,20.47,12.79
2018-04-16,0.06,27.37,20.03,13.72
2018-04-17,0.0,26.34,19.98,15.05
2018-04-18,0.0,27.76,20.93,16.75
2018-04-19,0.0,28.79,19.41,18.57
2018-04-20,0.0,28.18,21.57,17.03
2018-04-21,0.0,29.26,20.7,18.91
2018-04-22,0.0,28.6,16.26,20.94
2018-04-23,0.0,29.16,17.96,20.25
2018-04-24,0.0,29.84,18.82,20.08
2018-04-25,0.0,30.24,19.03,19.94
2018-04-26,0.0,30.32,18.99,19.8
2018-04-27,0.0,30.73,19.84,20.1
2018-04-28,0.0,30.89,20.17,18.36
2018-04-29,0.0,30.66,20.3,19.3
2018-04-30,0.0,31.14,20.08,19.24
2018-05-01,0.0,30.88,20.0,18.25
2018-05-02,0.0,30.71,19.13,18.98
2018-05-03,0.0,30.5,17.76,19.0
2018-05-04,0.01,31.19,18.53,18.08
2018-05-05,0.03,31.61,19.35,16.57
2018-05-06,0.15,30.71,21.39,18.1
2018-05-07,0.82,30.17,20.78,17.67
2018-05-08,0.0,29.77,19.84,18.34
2018-05-09,0.0,29.81,18.69,18.75
2018-05-10,0.0,30.03,18.34,18.61
2018-05-11,0.0,30.81,19.39,16.51
2018-05-12,0.01,28.26,20.35,11.92
2018-05-13,1.76,25.51,18.64,13.51
2018-05-14,0.18,29.2,19.04,16.61
2018-05-15,1.92,30.29,19.96,17.19
2018-05-16,0.7,29.76,19.2,11.3
2018-05-17,0.11,29.61,19.41,6.87
2018-05-18,0.53,30.21,21.3,14.65
2018-05-19,2.62,26.57,15.7,8.43
2018-05-20,0.0,20.95,11.36,19.23
2018-05-21,6.63,21.55,10.06,18.74
2018-05-22,0.02,23.7,10.37,18.75
2018-05-23,0.0,24.81,11.41,18.61
2018-05-24,0.0,26.45,12.28,18.15
2018-05-25,0.0,27.05,14.11,16.51
2018-05-26,0.0,26.77,16.39,16.74
2018-05-27,0.0,28.12,15.46,16.73
2018-05-28,0.0,27.26,15.33,17.09
2018-05-29,0.0,26.95,15.59,14.89
2018-05-30,0.0,27.74,18.23,14.44
2018-05-31,0.0,26.91,16.26,16.87
2018-06-01,0.0,28.76,16.86,9.75
2018-06-02,0.0,28.78,18.27,12.28
2018-06-03,0.0,25.8,18.42,13.78
2018-06-04,0.0,25.34,17.98,11.31
2018-06-05,0.0,28.15,17.17,13.19
2018-06-06,0.0,26.84,18.06,11.32
2018-06-07,0.0,27.35,17.79,8.03
2018-06-08,0.0,23.1,14.62,11.61
2018-06-09,0.0,26.98,16.38,13.72
2018-06-10,0.0,29.17,19.23,12.04
2018-06-11,0.0,30.57,20.31,14.24
2018-06-12,1.07,31.12,20.48,13.67
2018-06-13,2.17,24.31,17.87,9.01
2018-06-14,0.02,24.74,15.54,13.66
2018-06-15,0.0,25.56,15.52,15.24
2018-06-16,0.0,24.39,14.11,14.13
2018-06-17,0.0,26.23,15.0,14.45
2018-06-18,0.0,26.39,14.99,15.29
2018-06-19,0.0,27.61,15.52,16.13
2018-06-20,0.0,28.37,16.32,15.61
2018-06-21,0.0,28.38,16.49,14.01
2018-06-22,0.0,28.75,18.53,15.17
2018-06-23,0.0,29.05,19.29,14.91
2018-06-24,0.0,29.91,20.88,11.91
2018-06-25,0.0,29.99,18.99,16.21
2018-06-26,0.0,30.63,18.78,15.16
2018-06-27,0.26,31.04,18.13,16.21
2018-06-28,0.0,30.5,17.33,15.45
2018-06-29,0.0,29.76,17.13,15.65
2018-06-30,0.0,29.86,17.35,16.51
2018-07-01,0.0,30.15,17.57,16.66
2018-07-02,0.0,30.76,17.59,16.42
2018-07-03,0.0,30.51,19.22,16.62
2018-07-04,0.0,30.98,18.01,17.07
2018-07-05,0.0,30.89,17.27,16.69
2018-07-06,0.0,30.26,17.24,16.94
2018-07-07,0.0,29.55,16.85,16.95
2018-07-08,0.0,30.18,18.22,16.02
2018-07-09,0.0,26.77,15.76,7.07
2018-07-10,0.0,22.46,12.89,16.47
2018-07-11,0.0,22.81,9.55,16.46
2018-07-12,0.0,24.31,10.14,16.17
2018-07-13,0.0,27.04,13.66,15.59
2018-07-14,0.0,30.37,15.22,16.2
2018-07-15,0.0,31.43,17.7,16.97
2018-07-16,0.0,30.8,17.77,17.17
2018-07-17,0.0,30.76,16.38,17.85
2018-07-18,0.0,30.98,16.57,17.54
2018-07-19,0.0,31.01,18.05,17.65
2018-07-20,0.0,31.27,17.13,18.08
2018-07-21,0.0,27.06,16.22,16.42
2018-07-22,0.0,29.01,15.64,15.01
2018-07-23,0.0,31.05,18.07,17.87
2018-07-24,0.0,30.45,17.77,16.48
2018-07-25,0.0,29.86,16.6,16.95
2018-07-26,0.0,30.46,17.27,17.76
2018-07-27,0.0,30.81,17.03,17.56
2018-07-28,0.0,31.99,17.98,17.64
2018-07-29,0.0,32.71,19.1,17.45
2018-07-30,0.35,31.11,20.83,16.78
2018-07-31,1.14,28.89,18.68,16.78
2018-08-01,0.0,28.9,16.37,10.93
2018-08-02,0.0,27.78,18.12,14.36
2018-08-03,0.11,31.18,19.45,15.48
2018-08-04,2.99,27.95,18.97,7.72
2018-08-05,4.14,26.22,18.02,10.88
2018-08-06,5.72,25.96,17.46,4.69
2018-08-07,0.05,28.74,17.24,14.3
2018-08-08,0.46,29.34,18.57,12.58
2018-08-09,0.61,24.8,15.48,7.54
2018-08-10,0.0,22.74,9.91,19.02
2018-08-11,0.0,25.04,8.64,20.93
2018-08-12,0.0,26.51,9.5,20.46
2018-08-13,0.0,28.57,12.06,19.01
2018-08-14,0.0,29.81,11.77,20.46
2018-08-15,0.0,29.62,12.72,15.55
2018-08-16,0.0,24.44,16.9,8.93
2018-08-17,0.0,28.81,15.36,19.77
2018-08-18,0.0,30.36,15.99,19.75
2018-08-19,0.0,31.55,18.98,19.61
2018-08-20,0.0,32.88,19.05,20.55
2018-08-21,0.03,29.29,19.81,16.87
2018-08-22,1.36,28.96,17.56,9.09
2018-08-23,0.07,32.73,19.02,20.25
2018-08-24,1.32,33.92,23.28,12.55
2018-08-25,4.42,28.32,18.38,10.24
2018-08-26,0.0,26.57,14.16,21.84
2018-08-27,0.0,29.36,14.01,21.63
2018-08-28,0.0,32.47,17.88,21.55
2018-08-29,0.0,32.03,19.37,22.5
2018-08-30,0.0,33.92,20.11,22.12
2018-08-31,0.0,34.64,20.35,19.0
2018-09-01,0.04,35.23,23.25,20.72
2018-09-02,0.29,34.64,19.52,13.5
2018-09-03,0.21,25.09,15.51,18.98
2018-09-04,0.0,26.29,13.67,18.72
2018-09-05,0.0,27.41,12.09,24.09
2018-09-06,0.0,29.71,13.28,23.68
2018-09-07,0.0,33.19,13.42,20.28
2018-09-08,0.0,34.56,15.71,23.94
2018-09-09,0.0,35.05,17.31,23.93
2018-09-10,0.0,34.99,17.57,24.3
2018-09-11,0.0,35.39,18.78,23.52
2018-09-12,0.0,34.85,19.02,23.18
2018-09-13,0.05,36.36,19.46,22.24
2018-09-14,13.12,33.12,20.56,3.08
2018-09-15,1.27,28.41,20.26,10.76
2018-09-16,17.01,29.43,21.34,11.01
2018-09-17,18.92,26.26,22.2,4.74
2018-09-18,5.52,27.39,20.67,13.24
2018-09-19,2.04,29.12,21.75,19.72
2018-09-20,10.63,31.06,22.08,13.05
2018-09-21,0.64,29.7,22.2,22.56
2018-09-22,0.0,31.74,22.24,24.9
2018-09-23,0.0,34.59,22.0,25.13
2018-09-24,0.0,35.61,21.04,25.96
2018-09-25,0.26,34.53,20.78,18.72
2018-09-26,1.2,34.43,24.15,21.15
2018-09-27,9.93,31.94,23.72,15.35
2018-09-28,0.68,31.01,23.05,21.85
2018-09-29,2.25,30.59,23.85,11.9
2018-09-30,8.75,25.85,21.95,6.12
2018-10-01,3.03,32.29,21.85,23.18
2018-10-02,0.48,33.66,22.02,15.87
2018-10-03,1.04,34.18,23.86,24.2
2018-10-04,1.22,29.73,24.41,22.57
2018-10-05,0.02,31.47,24.27,17.16
2018-10-06,0.0,32.61,21.14,21.21
2018-10-07,7.38,32.17,22.64,21.17
2018-10-08,22.37,31.18,23.41,15.39
2018-10-09,12.79,32.57,22.78,23.51
2018-10-10,17.1,31.1,24.14,13.94
2018-10-11,2.04,30.59,24.61,18.52
2018-10-12,0.34,32.0,22.22,22.98
2018-10-13,2.1,31.44,24.06,13.26
2018-10-14,3.0,31.18,24.13,20.96
2018-10-15,1.03,31.59,25.07,20.06
2018-10-16,0.62,31.45,24.37,22.88
2018-10-17,0.1,33.12,24.77,22.83
2018-10-18,6.96,33.46,24.29,22.97
2018-10-19,8.77,30.89,24.02,21.65
2018-10-20,0.0,30.39,20.31,26.86
2018-10-21,0.0,32.05,18.22,28.26
2018-10-22,0.0,33.02,21.53,26.2
2018-10-23,9.98,31.07,24.36,21.64
2018-10-24,1.09,29.22,23.69,11.63
2018-10-25,5.26,29.29,23.03,12.73
2018-10-26,13.71,30.17,22.5,16.62
2018-10-27,10.53,29.21,22.86,15.65
2018-10-28,0.03,30.64,20.58,27.76
2018-10-29,0.0,30.82,19.92,24.38
2018-10-30,0.0,32.07,21.99,26.86
2018-10-31,2.18,31.34,24.13,24.26
2018-11-01,16.55,30.7,24.66,18.38
2018-11-02,3.7,31.12,23.81,21.57
2018-11-03,18.79,31.66,23.88,25.0
2018-11-04,15.62,29.75,23.16,15.6
2018-11-05,4.71,29.43,20.96,21.63
2018-11-06,1.02,30.7,21.71,22.87
2018-11-07,31.67,26.58,22.7,12.22
2018-11-08,15.87,25.05,20.11,10.14
2018-11-09,5.97,28.77,19.32,11.06
2018-11-10,0.49,30.15,21.33,19.98
2018-11-11,0.01,31.12,21.16,27.62
2018-11-12,0.0,32.39,21.81,28.79
2018-11-13,0.0,33.49,22.85,28.55
2018-11-14,2.53,32.04,24.45,21.83
2018-11-15,5.24,29.15,25.0,25.94
2018-11-16,15.91,30.35,25.04,20.53
2018-11-17,7.63,30.16,23.95,18.85
2018-11-18,24.03,26.8,24.09,12.94
2018-11-19,4.07,29.2,23.67,16.96
2018-11-20,0.24,29.15,19.63,16.87
2018-11-21,0.41,30.32,20.02,23.45
2018-11-22,17.35,30.41,23.1,21.69
2018-11-23,21.51,28.69,23.55,8.01
2018-11-24,18.83,30.09,22.66,18.2
2018-11-25,5.21,30.18,22.92,23.08
2018-11-26,0.02,30.26,23.12,24.53
2018-11-27,0.0,30.52,21.58,29.0
2018-11-28,0.0,31.25,22.03,29.04
2018-11-29,0.12,31.5,22.99,19.48
2018-11-30,7.62,27.39,22.72,22.48
2018-12-01,13.09,28.93,23.24,16.72
2018-12-02,0.23,31.01,22.92,21.65
2018-12-03,0.0,30.52,22.66,23.33
2018-12-04,0.0,32.01,22.48,28.24
2018-12-05,0.0,32.42,22.06,27.02
2018-12-06,0.02,33.84,23.47,29.31
2018-12-07,0.0,33.07,23.89,25.34
2018-12-08,0.0,31.25,21.3,30.77
2018-12-09,0.0,31.85,18.74,30.8
2018-12-10,0.0,32.98,22.06,29.9
2018-12-11,0.0,33.46,22.53,29.99
2018-12-12,2.29,34.26,23.09,29.18
2018-12-13,9.3,32.7,23.55,29.71
2018-12-14,0.99,33.25,23.13,26.28
2018-12-15,1.74,32.18,23.98,25.98
2018-12-16,0.93,34.96,24.44,29.84
2018-12-17,2.02,34.96,26.35,28.18
2018-12-18,1.58,35.92,25.15,28.37
2018-12-19,0.45,35.02,24.84,23.78
2018-12-20,0.1,35.74,25.45,28.42
2018-12-21,5.41,35.59,25.85,27.27
2018-12-22,3.22,30.8,24.66,21.65
2018-12-23,5.39,28.91,24.46,23.31
2018-12-24,13.11,28.8,24.19,20.43
2018-12-25,10.69,30.43,23.95,19.33
2018-12-26,3.44,30.97,23.62,18.63
2018-12-27,1.76,31.66,23.79,18.49
2018-12-28,1.6,30.25,24.24,23.27
2018-12-29,4.37,30.62,24.04,23.03
2018-12-30,1.71,32.57,23.33,19.27
2018-12-31,13.22,32.08,24.0,24.05
2019-01-01,7.94,33.0,24.09,24.11
2019-01-02,0.23,33.9,24.8,27.73
2019-01-03,0.3,34.31,24.3,27.6
2019-01-04,4.15,30.4,25.44,19.37
2019-01-05,10.25,27.29,23.83,13.98
2019-01-06,1.9,28.29,23.11,16.32
2019-01-07,0.09,32.92,22.71,29.5
2019-01-08,0.08,31.97,23.97,28.33
2019-01-09,3.42,30.88,24.85,28.01
2019-01-10,1.14,32.15,24.53,27.88
2019-01-11,0.09,30.54,23.47,26.59
2019-01-12,0.19,32.81,23.17,23.94
2019-01-13,0.13,32.52,23.41,27.32
2019-01-14,0.02,34.79,24.55,27.19
2019-01-15,0.15,33.29,25.14,27.1
2019-01-16,0.08,33.62,26.37,27.27
2019-01-17,6.73,33.57,25.8,20.46
2019-01-18,1.99,34.21,24.86,22.46
2019-01-19,15.39,32.81,23.84,25.15
2019-01-20,2.62,31.74,23.97,24.8
2019-01-21,0.24,33.22,24.7,26.47
2019-01-22,0.0,36.65,25.9,28.01
2019-01-23,0.08,35.37,26.55,23.11
2019-01-24,13.59,32.94,26.69,23.8
2019-01-25,0.31,32.31,25.09,27.96
2019-01-26,7.23,32.34,25.07,21.51
2019-01-27,3.43,27.59,23.61,22.39
2019-01-28,0.55,32.33,22.33,26.93
2019-01-29,0.49,35.42,22.58,27.87
2019-01-30,3.58,35.33,23.74,28.45
2019-01-31,0.08,36.25,25.79,24.64
2019-02-01,0.04,34.74,25.38,24.17
2019-02-02,0.0,37.05,24.99,28.28
2019-02-03,0.01,36.07,24.99,26.63
2019-02-04,0.38,33.23,26.52,25.15
2019-02-05,0.56,34.3,25.31,24.15
2019-02-06,5.58,33.82,23.97,21.27
2019-02-07,0.7,35.29,22.16,27.76
2019-02-08,0.01,36.04,24.27,27.45
2019-02-09,0.54,37.4,25.37,24.04
2019-02-10,2.77,36.35,27.03,19.3
2019-02-11,2.13,31.96,26.29,21.75
2019-02-12,18.17,29.07,25.54,7.13
2019-02-13,18.21,29.35,24.06,19.24
2019-02-14,11.96,30.95,23.4,17.87
2019-02-15,22.01,29.66,23.55,15.74
2019-02-16,1.21,29.5,23.39,18.11
2019-02-17,0.25,29.74,21.58,25.55
2019-02-18,3.85,30.71,21.53,26.56
2019-02-19,2.29,31.8,22.31,23.06
2019-02-20,22.82,31.18,24.51,12.71
2019-02-21,5.18,30.89,23.11,20.75
2019-02-22,0.79,31.49,23.86,23.56
2019-02-23,0.07,31.39,24.16,24.54
2019-02-24,0.01,31.63,24.32,25.32
2019-02-25,2.25,30.75,23.26,24.31
2019-02-26,19.64,28.39,23.91,11.48
2019-02-27,44.48,29.01,23.21,13.68
2019-02-28,26.65,27.48,23.48,12.64
2019-03-01,12.06,27.9,22.91,16.25
2019-03-02,6.45,28.52,23.75,18.59
2019-03-03,7.91,30.2,23.01,20.7
2019-03-04,6.4,29.5,23.03,20.42
2019-03-05,4.83,29.46,23.41,25.32
2019-03-06,0.09,30.9,22.58,24.26
2019-03-07,0.17,29.61,23.51,24.48
2019-03-08,1.54,31.28,23.62,21.72
2019-03-09,6.44,30.23,23.83,15.29
2019-03-10,2.73,28.26,23.84,22.9
2019-03-11,0.41,31.01,22.96,22.2
2019-03-12,2.2,30.91,22.89,23.38
2019-03-13,2.66,30.42,23.71,23.19
2019-03-14,0.68,28.56,24.15,18.58
2019-03-15,5.73,29.0,24.09,14.71
2019-03-16,7.04,30.55,23.85,19.72
2019-03-17,3.27,30.55,25.49,20.81
2019-03-18,5.48,29.5,25.05,21.03
2019-03-19,0.24,29.73,24.07,23.63
2019-03-20,7.4,29.93,23.7,17.34
2019-03-21,12.19,28.93,22.72,13.66
2019-03-22,0.01,29.23,20.28,16.82
2019-03-23,0.0,30.12,21.23,23.84
2019-03-24,0.0,31.07,20.73,23.36
2019-03-25,0.0,31.49,20.89,22.88
2019-03-26,0.0,32.44,22.34,22.94
2019-03-27,0.0,32.1,22.83,22.08
2019-03-28,0.79,31.7,23.25,22.01
2019-03-29,0.07,31.89,21.83,23.8
2019-03-30,0.0,31.76,21.84,24.1
2019-03-31,0.0,32.5,21.21,22.31
2019-04-01,0.07,32.98,21.21,21.86
2019-04-02,0.07,33.19,21.8,15.72
2019-04-03,0.1,33.14,24.13,19.34
2019-04-04,1.47,31.68,25.69,19.78
2019-04-05,2.72,30.24,25.03,17.55
2019-04-06,18.1,30.26,23.75,17.2
2019-04-07,22.3,27.81,23.95,10.73
2019-04-08,0.23,28.64,21.22,12.81
2019-04-09,0.05,29.64,19.17,18.47
2019-04-10,0.01,29.51,20.16,21.86
2019-04-11,0.0,30.21,20.3,20.58
2019-04-12,0.25,30.73,20.53,17.49
2019-04-13,25.05,28.71,22.26,13.61
2019-04-14,5.35,29.92,22.91,14.74
2019-04-15,5.42,29.56,23.16,16.96
2019-04-16,0.15,30.35,23.41,18.66
2019-04-17,0.0,30.85,22.29,21.08
2019-04-18,0.0,30.38,19.24,22.01
2019-04-19,0.01,30.76,21.24,20.97
2019-04-20,0.0,30.69,19.82,20.71
2019-04-21,0.1,31.68,20.21,18.96
2019-04-22,1.41,29.33,21.91,6.97
2019-04-23,0.3,30.83,22.91,18.89
2019-04-24,0.01,30.91,22.48,20.28
2019-04-25,0.82,32.18,22.58,18.44
2019-04-26,0.01,32.13,22.75,19.52
2019-04-27,0.0,32.46,22.79,19.33
2019-04-28,6.48,31.82,22.73,13.87
2019-04-29,0.71,29.85,21.43,17.31
2019-04-30,0.31,30.22,20.62,18.67
2019-05-01,4.32,30.08,21.93,7.71
2019-05-02,0.5,30.16,21.49,14.33
2019-05-03,20.88,27.38,23.9,11.4
2019-05-04,7.08,26.79,22.75,10.07
2019-05-05,0.17,28.88,22.12,17.25
2019-05-06,0.14,30.35,21.7,18.08
2019-05-07,0.71,30.52,22.22,17.6
2019-05-08,0.11,30.11,22.48,17.3
2019-05-09,0.57,30.46,21.92,18.31
2019-05-10,0.78,31.06,21.93,15.44
2019-05-11,1.14,31.69,22.23,15.18
2019-05-12,0.37,31.23,22.32,16.47
2019-05-13,0.32,30.15,22.68,15.2
2019-05-14,0.0,26.96,19.44,16.23
2019-05-15,0.01,25.79,16.69,10.3
2019-05-16,0.01,27.82,19.36,15.13
2019-05-17,0.45,27.24,18.59,16.53
2019-05-18,0.33,27.33,18.04,13.2
2019-05-19,0.0,28.12,17.51,17.12
2019-05-20,0.1,28.28,19.08,18.16
2019-05-21,0.22,29.1,16.93,18.03
2019-05-22,0.13,29.88,17.64,18.16
2019-05-23,0.07,30.2,19.01,15.54
2019-05-24,0.16,24.84,15.73,7.41
2019-05-25,0.0,22.1,13.77,18.19
2019-05-26,0.1,26.75,11.65,17.92
2019-05-27,0.0,30.54,15.87,16.89
2019-05-28,0.14,31.81,18.68,16.56
2019-05-29,0.05,31.51,20.92,16.52
2019-05-30,0.0,32.35,20.73,16.99
2019-05-31,0.04,32.18,20.07,15.17
2019-06-01,0.0,32.21,19.58,16.31
2019-06-02,0.13,30.8,18.01,16.46
2019-06-03,8.87,26.5,20.22,8.05
2019-06-04,0.05,26.95,16.97,15.32
2019-06-05,0.02,24.93,13.97,17.2
2019-06-06,0.01,27.14,12.58,17.43
2019-06-07,0.0,28.6,14.18,14.63
2019-06-08,0.01,28.6,16.48,16.41
2019-06-09,0.0,28.01,14.23,16.83
2019-06-10,0.0,29.0,14.61,16.89
2019-06-11,0.01,30.0,17.19,16.39
2019-06-12,0.01,29.65,17.08,16.38
2019-06-13,0.0,30.02,17.55,16.09
2019-06-14,0.0,30.44,18.28,16.38
2019-06-15,0.0,30.46,18.99,16.51
2019-06-16,0.0,29.62,17.65,16.41
2019-06-17,0.0,29.51,16.86,15.87
2019-06-18,0.08,29.33,16.55,16.39
2019-06-19,0.0,29.98,18.01,15.56
2019-06-20,0.0,30.31,19.35,16.4
2019-06-21,0.02,30.4,18.33,16.17
2019-06-22,0.0,29.66,16.53,16.53
2019-06-23,0.0,29.07,15.9,16.51
2019-06-24,0.02,29.39,16.27,16.87
2019-06-25,0.0,30.94,16.92,16.66
2019-06-26,0.01,31.03,18.52,11.98
2019-06-27,1.2,30.51,18.73,9.72
2019-06-28,0.12,32.16,18.53,16.05
2019-06-29,0.04,31.36,18.71,16.56
2019-06-30,0.0,31.19,17.98,16.72
2019-07-01,0.0,31.56,18.39,16.34
2019-07-02,0.0,31.19,17.89,14.84
2019-07-03,0.01,31.1,17.22,16.05
2019-07-04,12.28,27.1,19.65,4.27
2019-07-05,10.22,23.16,13.23,8.38
2019-07-06,0.02,17.53,7.75,17.0
2019-07-07,0.07,20.31,5.33,17.4
2019-07-08,0.01,24.45,7.6,17.64
2019-07-09,0.0,27.47,10.34,17.54
2019-07-10,0.0,27.69,11.89,17.48
2019-07-11,0.01,27.73,13.04,17.62
2019-07-12,0.0,28.37,12.45,17.48
2019-07-13,0.0,29.39,16.61,16.19
2019-07-14,0.0,29.71,19.71,14.91
2019-07-15,0.02,30.73,21.44,14.81
2019-07-16,0.07,26.68,16.49,11.14
2019-07-17,0.0,24.86,13.04,17.51
2019-07-18,0.03,27.09,11.77,16.2
2019-07-19,0.0,28.28,15.48,15.51
2019-07-20,0.0,28.41,15.43,17.14
2019-07-21,0.0,28.08,16.79,12.43
2019-07-22,0.0,28.31,17.37,13.47
2019-07-23,0.0,29.77,16.31,17.98
2019-07-24,0.0,30.71,16.86,18.11
2019-07-25,0.0,30.35,18.52,13.19
2019-07-26,0.0,31.38,19.51,17.49
2019-07-27,0.0,30.35,17.33,16.59
2019-07-28,0.0,30.15,17.99,18.48
2019-07-29,0.0,30.72,16.08,17.96
2019-07-30,0.0,31.48,20.83,17.42
2019-07-31,0.0,30.83,16.88,19.14
2019-08-01,0.0,32.54,17.13,18.84
2019-08-02,0.0,32.75,18.93,12.19
2019-08-03,0.97,21.17,13.5,12.89
2019-08-04,4.99,20.31,11.25,5.9
2019-08-05,5.3,25.9,13.54,11.41
2019-08-06,29.47,24.75,17.0,9.17
2019-08-07,0.2,28.87,16.68,19.27
2019-08-08,0.0,30.08,17.27,19.2
2019-08-09,0.0,30.81,17.67,19.8
2019-08-10,0.0,31.2,17.55,19.43
2019-08-11,0.0,31.87,17.71,19.86
2019-08-12,0.0,32.69,18.67,19.26
2019-08-13,0.0,31.74,23.15,17.64
2019-08-14,0.0,28.4,18.58,18.53
2019-08-15,0.0,28.74,15.33,17.85
2019-08-16,0.0,29.76,16.88,20.18
2019-08-17,0.02,30.87,17.46,19.89
2019-08-18,0.0,32.42,20.58,15.29
2019-08-19,0.4,32.25,22.21,11.75
2019-08-20,0.2,29.01,20.52,13.88
2019-08-21,0.0,30.46,17.97,19.77
2019-08-22,0.0,30.7,17.64,20.58
2019-08-23,0.0,29.38,16.69,19.61
2019-08-24,0.03,29.9,15.05,21.54
2019-08-25,0.0,30.8,15.24,20.8
2019-08-26,0.0,33.03,15.77,20.45
2019-08-27,0.0,31.05,19.54,11.95
2019-08-28,0.0,27.92,21.38,17.5
2019-08-29,0.3,32.51,19.5,18.2
2019-08-30,0.0,33.87,21.11,18.02
2019-08-31,0.24,35.92,23.7,18.58
2019-09-01,8.31,33.89,22.19,13.49
2019-09-02,3.4,30.13,18.14,15.74
2019-09-03,2.52,32.41,21.96,14.52
2019-09-04,0.21,34.02,21.25,20.44
2019-09-05,0.0,34.01,22.51,21.25
2019-09-06,0.0,35.75,20.6,21.51
2019-09-07,0.0,35.15,23.11,22.89
2019-09-08,0.0,35.85,23.65,22.4
2019-09-09,0.0,36.67,23.12,23.15
2019-09-10,0.0,36.59,23.08,21.43
2019-09-11,0.0,37.92,24.38,22.16
2019-09-12,0.0,37.36,25.21,21.65
2019-09-13,0.0,37.06,21.85,22.37
2019-09-14,0.0,38.19,22.85,21.76
2019-09-15,0.0,38.98,23.88,23.01
2019-09-16,0.0,38.45,23.93,23.79
2019-09-17,0.0,38.73,22.75,24.29
2019-09-18,0.01,37.51,22.28,18.72
2019-09-19,0.02,39.35,25.28,18.93
2019-09-20,2.47,38.4,26.74,11.7
2019-09-21,4.28,35.08,24.05,19.57
2019-09-22,0.0,32.99,24.4,20.84
2019-09-23,0.0,34.52,19.56,23.77
2019-09-24,0.44,36.14,22.12,20.45
2019-09-25,11.93,33.16,21.68,10.07
2019-09-26,5.48,27.37,20.1,8.9
2019-09-27,0.03,31.73,20.27,24.4
2019-09-28,0.0,32.25,18.55,26.02
2019-09-29,0.0,33.37,19.11,26.6
2019-09-30,0.0,35.07,18.81,27.47
2019-10-01,0.0,37.17,20.94,25.96
2019-10-02,0.18,37.96,23.88,21.27
2019-10-03,0.32,37.21,25.37,21.09
2019-10-04,0.0,38.36,22.59,26.17
2019-10-05,0.02,38.26,23.05,26.56
2019-10-06,0.44,35.89,24.11,14.52
2019-10-07,0.35,33.57,23.7,19.11
2019-10-08,7.65,31.19,23.55,11.37
2019-10-09,0.15,31.49,22.7,18.24
2019-10-10,0.0,31.87,23.22,22.98
2019-10-11,0.01,35.97,23.09,26.13
2019-10-12,0.08,36.6,24.81,25.17
2019-10-13,3.38,34.49,26.45,20.24
2019-10-14,0.47,37.64,24.14,22.17
2019-10-15,0.08,37.89,25.46,25.09
2019-10-16,0.0,37.19,23.93,26.61
2019-10-17,0.48,38.01,25.77,25.67
2019-10-18,1.74,35.76,26.7,23.01
2019-10-19,4.33,36.68,25.7,20.46
2019-10-20,6.33,35.39,26.24,22.03
2019-10-21,4.44,30.99,25.04,16.79
2019-10-22,16.2,30.07,21.92,12.98
2019-10-23,0.0,32.29,20.78,23.09
2019-10-24,0.0,34.68,22.39,28.6
2019-10-25,0.0,37.1,23.6,28.15
2019-10-26,0.0,38.08,24.68,27.82
2019-10-27,2.02,37.48,25.27,26.03
2019-10-28,12.1,34.3,25.02,25.0
2019-10-29,0.05,36.57,23.89,27.63
2019-10-30,0.04,38.08,25.69,28.61
2019-10-31,0.05,37.93,26.85,28.13
2019-11-01,0.03,38.54,24.97,27.95
2019-11-02,0.02,38.39,27.04,26.81
2019-11-03,0.0,39.15,26.85,26.93
2019-11-04,0.04,39.01,27.49,27.02
2019-11-05,5.38,37.3,27.27,21.98
2019-11-06,10.23,35.66,26.35,18.08
2019-11-07,14.35,26.2,23.1,23.08
2019-11-08,1.2,29.61,23.37,14.56
2019-11-09,2.6,29.96,24.38,14.79
2019-11-10,3.22,30.96,22.88,18.95
2019-11-11,0.29,34.52,23.77,24.1
2019-11-12,0.1,32.82,23.55,25.62
2019-11-13,2.42,32.21,24.4,21.89
2019-11-14,2.8,33.4,25.27,19.57
2019-11-15,2.48,31.16,23.52,17.14
2019-11-16,0.01,33.74,20.52,29.92
2019-11-17,0.0,35.15,23.01,29.1
2019-11-18,0.0,36.45,21.71,29.7
2019-11-19,0.02,36.97,22.27,27.81
2019-11-20,1.83,37.65,23.8,26.44
2019-11-21,11.68,32.8,25.57,21.09
2019-11-22,2.08,34.25,23.94,28.58
2019-11-23,0.78,36.92,23.9,24.85
2019-11-24,7.6,32.51,24.88,17.61
2019-11-25,1.11,33.57,21.42,28.5
2019-11-26,4.08,30.98,24.93,24.39
2019-11-27,22.16,27.72,24.03,17.73
2019-11-28,16.6,30.27,23.93,16.14
2019-11-29,6.79,29.42,22.11,19.62
2019-11-30,7.06,30.35,24.96,16.59
2019-12-01,9.32,31.9,23.77,21.23
2019-12-02,7.08,28.59,23.85,23.66
2019-12-03,24.36,29.36,23.64,22.46
2019-12-04,4.0,30.96,23.85,21.24
2019-12-05,6.67,31.91,24.54,20.61
2019-12-06,3.85,30.92,23.02,17.27
2019-12-07,0.01,31.75,21.26,29.69
2019-12-08,0.01,32.99,24.53,29.06
2019-12-09,26.98,29.54,24.45,18.26
2019-12-10,14.39,29.36,23.18,21.86
2019-12-11,25.43,28.23,24.26,4.86
2019-12-12,16.92,28.57,23.36,21.08
2019-12-13,8.59,28.32,22.83,19.94
2019-12-14,0.49,27.85,23.99,19.05
2019-12-15,0.14,29.26,23.83,18.58
2019-12-16,19.52,29.25,23.29,20.96
2019-12-17,38.98,28.87,22.86,17.97
2019-12-18,9.07,29.03,22.29,13.83
2019-12-19,0.32,28.46,22.18,14.16
2019-12-20,5.86,30.07,21.92,24.8
2019-12-21,14.62,28.83,23.29,15.63
2019-12-22,10.66,28.53,22.81,11.92
2019-12-23,12.72,29.68,21.72,19.95
2019-12-24,0.7,30.84,22.26,29.04
2019-12-25,0.39,31.99,22.46,30.13
2019-12-26,2.29,32.38,23.28,29.61
2019-12-27,2.91,32.37,23.86,29.64
2019-12-28,2.57,30.2,25.69,22.91
2019-12-29,0.03,28.79,25.99,27.27
2019-12-30,0.06,32.94,23.51,28.38
2019-12-31,0.29,33.6,23.08,28.28
2020-01-01,4.09,31.89,23.6,27.41
2020-01-02,8.48,31.63,23.54,25.93
2020-01-03,7.06,31.28,23.41,21.05
2020-01-04,11.58,30.58,22.01,21.21
2020-01-05,10.76,30.61,23.56,19.42
2020-01-06,1.43,32.28,22.48,19.71
2020-01-07,7.7,28.15,23.17,14.22
2020-01-08,8.13,28.92,23.75,16.25
2020-01-09,15.35,29.06,24.54,16.76
2020-01-10,1.23,30.99,23.89,24.65
2020-01-11,0.39,28.07,25.92,21.65
2020-01-12,10.19,30.73,25.38,18.96
2020-01-13,15.06,30.0,25.1,23.02
2020-01-14,1.03,32.29,24.19,27.37
2020-01-15,0.01,33.55,24.05,29.42
2020-01-16,0.13,34.16,26.93,27.44
2020-01-17,5.9,30.57,26.06,23.02
2020-01-18,2.7,30.88,21.94,24.46
2020-01-19,2.19,31.78,24.06,26.96
2020-01-20,2.3,32.33,26.21,27.05
2020-01-21,1.78,32.45,25.66,25.5
2020-01-22,11.37,30.35,24.6,15.33
2020-01-23,22.94,30.15,24.18,12.31
2020-01-24,7.64,30.16,21.27,18.14
2020-01-25,0.05,30.46,22.16,28.06
2020-01-26,0.0,31.5,24.6,29.74
2020-01-27,0.0,32.43,25.25,29.53
2020-01-28,0.0,32.94,25.98,28.82
2020-01-29,4.69,33.27,23.73,22.94
2020-01-30,9.84,28.44,24.54,20.58
2020-01-31,7.37,29.65,23.75,20.4
2020-02-01,1.95,30.87,24.32,19.78
2020-02-02,1.4,29.44,24.29,17.87
2020-02-03,7.03,28.68,23.18,16.17
2020-02-04,14.66,31.11,23.24,23.21
2020-02-05,9.65,30.72,23.93,21.65
2020-02-06,6.17,30.49,23.59,22.51
2020-02-07,5.81,30.13,22.12,22.41
2020-02-08,3.07,29.05,21.37,19.9
2020-02-09,2.77,30.16,23.3,15.96
2020-02-10,15.43,27.72,22.19,16.3
2020-02-11,8.23,29.1,23.67,13.38
2020-02-12,1.04,30.03,20.8,18.77
2020-02-13,0.11,30.54,20.87,24.73
2020-02-14,0.0,31.81,21.32,27.58
2020-02-15,0.02,32.62,23.01,26.44
2020-02-16,1.13,32.55,25.21,26.59
2020-02-17,0.63,32.19,25.03,26.07
2020-02-18,4.94,31.8,25.02,21.46
2020-02-19,2.8,31.26,26.06,22.38
2020-02-20,11.16,29.7,24.93,18.09
2020-02-21,3.29,29.5,24.22,10.94
2020-02-22,5.65,31.29,23.81,20.31
2020-02-23,6.53,30.25,20.81,14.38
2020-02-24,4.89,28.59,23.3,13.75
2020-02-25,3.39,30.84,23.93,15.32
2020-02-26,23.46,31.11,21.58,9.92
2020-02-27,3.12,26.66,20.43,15.93
2020-02-28,0.06,28.66,20.72,23.71
2020-02-29,0.0,29.95,19.93,25.51
2020-03-01,0.01,29.44,20.5,23.57
2020-03-02,0.11,28.99,21.03,20.69
2020-03-03,0.03,29.87,20.11,25.91
2020-03-04,0.0,31.04,20.47,26.82
2020-03-05,0.0,31.69,20.67,27.21
2020-03-06,0.02,30.87,20.5,27.21
2020-03-07,0.0,31.4,20.29,27.33
2020-03-08,0.0,32.41,19.72,27.33
2020-03-09,0.0,32.81,20.56,26.78
2020-03-10,0.0,33.67,20.9,25.82
2020-03-11,0.03,34.41,22.37,25.47
2020-03-12,0.17,35.08,23.91,24.94
2020-03-13,0.01,35.51,23.58,26.07
2020-03-14,0.15,35.3,23.93,25.12
2020-03-15,2.52,34.85,24.61,22.12
2020-03-16,1.73,34.53,24.13,23.21
2020-03-17,0.9,35.05,24.24,24.07
2020-03-18,0.2,35.32,24.44,23.4
2020-03-19,3.25,35.23,25.46,15.49
2020-03-20,4.99,30.96,25.8,15.27
2020-03-21,1.05,31.73,24.64,17.94
2020-03-22,2.33,31.48,22.15,18.68
2020-03-23,0.01,32.07,20.05,24.8
2020-03-24,0.0,31.51,20.96,22.43
2020-03-25,0.03,31.58,20.16,23.07
2020-03-26,0.13,31.89,19.59,23.76
2020-03-27,0.03,32.58,20.73,22.49
2020-03-28,0.49,32.57,23.02,16.34
2020-03-29,9.29,28.23,23.27,9.38
2020-03-30,0.59,31.96,22.26,22.43
2020-03-31,0.0,33.25,21.55,22.8
2020-04-01,0.01,34.34,21.87,22.88
2020-04-02,3.73,34.62,24.06,20.07
2020-04-03,0.17,33.29,23.61,20.8
2020-04-04,0.0,33.39,19.23,22.96
2020-04-05,0.0,35.15,21.79,22.67
2020-04-06,0.51,35.55,23.01,21.99
2020-04-07,3.0,30.76,24.64,14.4
2020-04-08,0.0,32.84,21.37,21.04
2020-04-09,0.0,31.94,20.48,22.0
2020-04-10,0.0,32.37,19.73,22.54
2020-04-11,0.0,32.89,20.36,19.1
2020-04-12,0.0,32.98,21.58,20.35
2020-04-13,9.55,32.87,21.71,21.23
2020-04-14,10.81,28.42,21.29,12.49
2020-04-15,0.57,25.81,17.21,20.21
2020-04-16,0.0,26.99,13.17,21.64
2020-04-17,0.02,29.33,14.76,22.14
2020-04-18,0.01,29.46,19.11,20.77
2020-04-19,0.02,30.26,18.71,19.55
2020-04-20,0.0,30.41,20.81,19.38
2020-04-21,0.03,31.33,20.39,20.56
2020-04-22,0.0,30.83,18.91,21.09
2020-04-23,0.0,31.25,17.95,21.37
2020-04-24,0.0,32.7,18.18,20.93
2020-04-25,0.0,33.1,23.06,19.72
2020-04-26,0.0,33.02,19.92,20.75
2020-04-27,0.01,32.45,19.83,20.29
2020-04-28,0.0,31.73,19.26,20.0
2020-04-29,0.0,31.86,18.78,20.8
2020-04-30,0.0,32.08,18.65,20.41
2020-05-01,0.0,32.47,19.25,19.67
2020-05-02,0.0,32.78,20.54,19.63
2020-05-03,0.0,31.79,19.84,19.27
2020-05-04,0.0,31.29,17.71,19.41
2020-05-05,0.0,31.03,18.89,17.22
2020-05-06,0.04,32.9,21.59,6.36
2020-05-07,0.0,27.6,17.6,14.56
2020-05-08,0.0,26.85,15.58,19.99
2020-05-09,0.0,29.57,13.79,19.13
2020-05-10,0.0,30.51,16.66,18.95
2020-05-11,0.0,31.2,17.62,18.58
2020-05-12,0.0,30.78,17.4,9.93
2020-05-13,1.71,28.96,19.49,3.84
2020-05-14,0.71,27.24,19.49,6.12
2020-05-15,0.14,28.58,19.34,8.03
2020-05-16,0.0,28.45,17.92,15.78
2020-05-17,0.0,29.29,16.22,18.36
2020-05-18,0.0,30.22,15.94,18.46
2020-05-19,0.0,30.68,16.66,17.91
2020-05-20,0.0,31.05,19.59,16.99
2020-05-21,0.0,31.71,19.34,17.4
2020-05-22,1.25,32.59,19.94,16.63
2020-05-23,4.27,24.59,16.11,6.67
2020-05-24,0.01,21.58,12.22,8.04
2020-05-25,0.1,24.23,11.4,17.38
2020-05-26,0.05,24.03,10.64,18.08
2020-05-27,0.0,24.73,9.7,17.77
2020-05-28,0.0,27.09,11.42,18.5
2020-05-29,0.03,28.37,11.57,17.99
2020-05-30,0.0,28.62,13.01,18.24
2020-05-31,0.01,28.65,14.31,17.5
2020-06-01,0.0,30.45,16.41,16.67
2020-06-02,0.24,28.77,18.39,8.92
2020-06-03,1.39,27.1,17.94,5.75
2020-06-04,0.12,30.17,18.23,9.21
2020-06-05,0.16,31.36,19.29,11.94
2020-06-06,0.2,29.51,20.25,12.33
2020-06-07,0.08,29.09,17.63,13.11
2020-06-08,0.0,32.35,19.49,15.05
2020-06-09,0.02,33.07,21.8,15.07
2020-06-10,0.0,33.68,21.42,14.1
2020-06-11,0.18,33.04,22.27,15.84
2020-06-12,0.02,32.34,19.66,16.14
2020-06-13,0.04,32.58,19.35,15.8
2020-06-14,0.01,31.8,20.07,16.08
2020-06-15,0.05,31.18,18.3,16.46
2020-06-16,0.0,29.97,17.96,16.68
2020-06-17,0.0,30.07,18.22,15.88
2020-06-18,0.0,29.75,18.64,15.29
2020-06-19,0.0,30.54,18.57,14.49
2020-06-20,0.0,30.58,17.36,17.17
2020-06-21,0.0,31.05,18.29,16.11
2020-06-22,0.0,30.63,17.19,16.49
2020-06-23,0.0,29.15,17.41,14.23
2020-06-24,0.0,30.52,15.89,15.33
2020-06-25,0.09,31.78,19.46,15.48
2020-06-26,1.65,29.98,20.36,12.13
2020-06-27,5.6,24.95,19.32,2.77
2020-06-28,2.29,25.17,18.04,5.99
2020-06-29,0.12,28.47,15.86,13.95
2020-06-30,0.39,30.2,19.12,15.92
2020-07-01,0.31,23.57,14.77,14.06
2020-07-02,0.02,23.13,10.17,15.71
2020-07-03,0.0,24.12,11.94,17.27
2020-07-04,0.0,28.7,12.92,17.21
2020-07-05,0.0,30.98,17.0,15.57
2020-07-06,0.0,31.89,19.03,16.14
2020-07-07,0.0,31.74,19.36,16.94
2020-07-08,0.0,31.22,17.41,14.2
2020-07-09,0.01,24.6,15.32,10.88
2020-07-10,0.0,28.63,14.6,17.06
2020-07-11,0.0,31.13,17.4,16.0
2020-07-12,0.0,32.51,17.37,16.41
2020-07-13,0.0,32.63,20.03,16.11
2020-07-14,0.0,32.13,22.32,15.7
2020-07-15,0.0,31.25,20.32,16.7
2020-07-16,0.0,31.91,20.31,16.85
2020-07-17,0.0,31.63,20.25,17.3
2020-07-18,0.0,31.44,19.02,17.56
2020-07-19,0.0,29.78,17.9,17.92
2020-07-20,0.0,30.28,16.79,17.97
2020-07-21,0.0,30.78,17.16,18.54
2020-07-22,0.0,31.43,17.15,18.39
2020-07-23,0.0,31.33,17.7,18.17
2020-07-24,0.0,31.42,17.3,17.93
2020-07-25,0.0,31.26,17.24,18.19
2020-07-26,0.02,31.09,15.82,18.34
2020-07-27,0.0,31.62,18.54,18.25
2020-07-28,0.21,32.73,18.55,17.67
2020-07-29,0.0,31.53,20.65,17.54
2020-07-30,0.0,29.24,18.75,17.17
2020-07-31,0.0,31.46,17.6,16.79
2020-08-01,0.0,30.68,19.15,17.6
2020-08-02,0.01,30.15,16.72,18.35
2020-08-03,0.0,30.35,16.51,18.88
2020-08-04,0.0,30.39,16.19,19.24
2020-08-05,0.0,30.35,15.21,19.67
2020-08-06,0.0,30.5,15.27,19.78
2020-08-07,0.0,30.22,15.45,20.08
2020-08-08,0.02,30.51,16.9,19.24
2020-08-09,0.0,30.85,17.64,19.88
2020-08-10,0.0,31.47,17.72,19.98
2020-08-11,0.0,32.86,18.55,16.56
2020-08-12,0.0,33.62,20.6,16.16
2020-08-13,1.15,34.81,21.25,18.12
2020-08-14,0.0,35.82,24.08,19.15
2020-08-15,0.01,35.86,22.4,18.95
2020-08-16,0.0,33.66,21.34,8.75
2020-08-17,0.5,35.81,21.9,12.33
2020-08-18,0.06,35.03,22.45,17.66
2020-08-19,0.06,35.37,21.87,15.85
2020-08-20,0.18,25.06,16.58,12.68
2020-08-21,1.34,19.5,14.32,2.61
2020-08-22,0.13,23.68,12.05,18.17
2020-08-23,0.0,27.89,13.83,21.18
2020-08-24,0.0,29.82,16.4,20.87
2020-08-25,0.0,31.59,16.04,21.82
2020-08-26,0.0,32.37,13.86,22.39
2020-08-27,0.0,33.59,13.68,21.34
2020-08-28,0.0,35.18,15.7,21.83
2020-08-29,0.0,34.86,18.45,22.05
2020-08-30,0.0,36.33,19.61,22.36
2020-08-31,0.0,36.77,20.66,21.95
2020-09-01,0.02,36.39,20.17,22.31
2020-09-02,0.0,35.38,21.45,22.2
2020-09-03,0.0,36.08,22.99,22.65
2020-09-04,0.0,36.78,21.63,22.34
2020-09-05,0.0,36.86,22.11,23.4
2020-09-06,0.0,36.51,21.54,23.51
2020-09-07,0.0,36.72,21.64,23.1
2020-09-08,0.0,37.71,23.88,23.37
2020-09-09,0.0,38.46,22.19,23.64
2020-09-10,0.0,38.53,23.74,22.79
2020-09-11,0.0,38.62,23.95,23.72
2020-09-12,0.0,38.27,23.65,23.4
2020-09-13,0.0,37.16,23.43,22.61
2020-09-14,0.0,36.89,21.67,19.4
2020-09-15,0.0,36.27,22.31,23.59
2020-09-16,0.07,37.22,22.37,23.8
2020-09-17,0.0,37.93,22.9,20.78
2020-09-18,0.02,36.62,23.47,15.16
2020-09-19,0.05,35.04,24.63,7.9
2020-09-20,0.15,35.17,24.45,10.54
2020-09-21,0.2,31.98,22.08,12.02
2020-09-22,3.11,31.3,20.32,16.55
2020-09-23,0.0,33.09,20.17,22.66
2020-09-24,0.0,34.64,21.72,25.37
2020-09-25,0.0,37.13,21.72,25.72
2020-09-26,0.0,38.55,23.15,26.41
2020-09-27,0.0,39.85,24.71,23.95
2020-09-28,0.0,40.55,25.96,23.76
2020-09-29,0.01,40.65,25.36,25.25
2020-09-30,0.0,42.09,25.32,25.46
2020-10-01,0.0,41.38,27.23,24.62
2020-10-02,0.0,41.75,27.38,26.18
2020-10-03,0.0,42.92,26.3,25.76
2020-10-04,0.01,42.3,26.14,24.39
2020-10-05,0.01,42.35,26.39,24.87
2020-10-06,0.0,42.6,25.76,23.87
2020-10-07,0.01,42.6,28.14,21.95
2020-10-08,2.3,41.92,28.69,20.32
2020-10-09,1.29,41.17,29.39,16.26
2020-10-10,1.78,35.16,24.28,17.77
2020-10-11,0.13,35.21,21.58,21.11
2020-10-12,0.0,36.98,22.57,20.32
2020-10-13,2.35,39.34,24.96,20.65
2020-10-14,0.97,36.15,26.21,21.61
2020-10-15,3.26,35.55,25.99,14.95
2020-10-16,2.89,31.84,22.96,19.29
2020-10-17,0.03,33.52,21.87,26.55
2020-10-18,0.01,34.81,22.49,24.99
2020-10-19,7.91,33.14,24.72,16.21
2020-10-20,13.1,30.94,23.28,16.42
2020-10-21,1.87,31.92,23.34,22.92
2020-10-22,0.02,32.61,23.22,25.73
2020-10-23,3.61,32.78,24.08,25.07
2020-10-24,5.91,33.07,23.04,16.82
2020-10-25,0.16,34.27,24.42,23.33
2020-10-26,3.82,32.53,25.33,12.31
2020-10-27,8.3,31.47,23.27,21.3
2020-10-28,2.93,33.9,21.55,26.61
2020-10-29,1.83,31.89,24.8,15.72
2020-10-30,1.59,32.36,24.0,18.67
2020-10-31,0.0,31.48,20.87,26.3
2020-11-01,0.0,31.34,19.28,27.7
2020-11-02,0.0,30.92,18.26,30.06
2020-11-03,0.0,31.9,17.99,27.47
2020-11-04,0.12,33.38,18.18,30.34
2020-11-05,0.8,34.21,18.69,30.06
2020-11-06,0.0,35.59,20.26,29.88
2020-11-07,0.0,37.74,21.1,30.53
2020-11-08,0.03,39.72,22.5,28.99
2020-11-09,10.58,35.81,25.52,14.96
2020-11-10,5.83,33.57,23.99,14.88
2020-11-11,17.75,31.67,23.86,20.53
2020-11-12,0.32,30.08,24.66,21.47
2020-11-13,0.66,30.43,23.42,23.41
2020-11-14,0.43,31.09,23.32,25.75
2020-11-15,3.28,34.02,23.34,25.59
2020-11-16,2.48,33.1,24.2,26.71
2020-11-17,2.3,33.98,24.13,23.45
2020-11-18,3.99,31.24,25.11,15.47
2020-11-19,1.2,31.95,22.67,20.05
2020-11-20,0.02,32.55,20.96,28.75
2020-11-21,0.02,33.61,20.5,29.96
2020-11-22,0.12,35.2,20.65,30.94
2020-11-23,0.0,36.03,21.41,31.68
2020-11-24,0.0,35.85,23.88,29.36
2020-11-25,0.0,36.58,24.05,30.22
2020-11-26,0.01,36.72,23.86,30.03
2020-11-27,0.01,37.8,24.54,29.34
2020-11-28,0.02,38.0,25.97,29.06
2020-11-29,0.0,38.62,26.13,29.87
2020-11-30,0.01,39.09,25.22,27.22
2020-12-01,1.09,38.48,26.25,24.98
2020-12-02,4.53,32.71,24.69,24.82
2020-12-03,2.85,35.49,25.29,13.46
2020-12-04,2.32,37.75,24.92,22.17
2020-12-05,1.0,33.42,25.57,21.97
2020-12-06,5.98,33.52,24.57,20.75
2020-12-07,6.82,31.51,25.27,17.92
2020-12-08,5.21,33.72,24.3,24.61
2020-12-09,0.01,35.38,26.17,29.6
2020-12-10,0.86,35.21,25.26,24.08
2020-12-11,0.34,29.55,23.06,12.9
2020-12-12,1.67,30.26,22.62,18.18
2020-12-13,1.38,34.56,23.23,22.66
2020-12-14,0.75,35.81,24.64,17.03
2020-12-15,5.98,33.33,25.44,26.81
2020-12-16,1.52,31.46,25.56,26.4
2020-12-17,0.25,33.46,25.1,25.26
2020-12-18,1.77,37.05,25.08,25.53
2020-12-19,0.94,37.93,26.03,26.9
2020-12-20,2.0,37.29,25.96,24.57
2020-12-21,1.05,37.87,26.24,25.85
2020-12-22,1.75,32.63,27.82,23.6
2020-12-23,2.12,36.32,26.39,24.65
2020-12-24,1.36,36.93,25.87,29.33
2020-12-25,0.0,36.65,24.22,28.39
2020-12-26,1.75,35.59,23.55,25.22
2020-12-27,10.48,32.73,25.33,21.33
2020-12-28,1.4,33.02,24.35,16.73
2020-12-29,0.53,34.5,24.23,25.83
2020-12-30,0.29,34.65,24.5,25.9
2020-12-31,1.72,34.12,24.85,21.98
2021-01-01,6.15,31.63,25.6,19.21
2021-01-02,0.23,36.13,23.68,27.08
2021-01-03,0.75,35.77,25.02,29.43
2021-01-04,0.26,36.09,23.91,16.67
2021-01-05,1.14,34.32,24.55,22.09
2021-01-06,0.86,33.44,25.35,24.09
2021-01-07,4.26,33.29,25.32,18.83
2021-01-08,0.49,34.43,24.11,25.46
2021-01-09,0.18,38.19,26.64,28.73
2021-01-10,0.31,38.89,25.69,21.6
2021-01-11,2.52,36.98,29.07,23.64
2021-01-12,0.44,33.02,27.17,16.27
2021-01-13,3.44,34.83,25.66,18.25
2021-01-14,1.49,30.62,24.78,18.58
2021-01-15,3.77,32.69,24.76,15.2
2021-01-16,3.24,32.38,24.54,17.07
2021-01-17,3.54,27.88,23.47,16.72
2021-01-18,4.1,30.76,22.86,20.85
2021-01-19,1.5,32.24,24.1,18.33
2021-01-20,0.29,33.19,23.65,16.04
2021-01-21,0.12,36.17,22.5,20.36
2021-01-22,0.96,36.19,24.6,18.06
2021-01-23,0.11,37.72,25.29,27.82
2021-01-24,0.27,36.2,25.67,18.64
2021-01-25,4.89,32.98,25.38,18.14
2021-01-26,1.46,33.03,23.91,20.45
2021-01-27,5.66,33.26,25.01,19.4
2021-01-28,12.52,30.31,23.26,19.32
2021-01-29,3.21,31.49,24.59,18.18
2021-01-30,0.94,32.68,25.01,19.14
2021-01-31,0.62,34.19,24.65,18.32
2021-02-01,8.15,29.77,24.97,24.26
2021-02-02,0.27,33.5,23.65,27.02
2021-02-03,2.36,35.07,24.16,26.08
2021-02-04,2.07,32.84,25.22,18.4
2021-02-05,3.59,33.0,24.23,20.31
2021-02-06,0.0,33.66,21.19,26.95
2021-02-07,0.0,33.58,20.62,28.19
2021-02-08,0.0,34.3,22.51,29.46
2021-02-09,0.0,34.83,22.07,27.85
2021-02-10,0.26,36.27,22.51,27.22
2021-02-11,1.77,34.65,24.09,14.15
2021-02-12,2.87,30.0,23.95,12.17
2021-02-13,0.25,34.25,23.24,24.21
2021-02-14,5.19,34.66,24.11,14.95
2021-02-15,9.58,29.59,24.19,19.35
2021-02-16,0.15,32.98,24.23,22.81
2021-02-17,3.04,33.13,24.19,20.37
2021-02-18,0.06,35.45,24.7,28.36
2021-02-19,0.0,35.94,19.65,27.91
2021-02-20,0.0,36.52,20.24,29.69
2021-02-21,0.0,37.25,22.6,28.05
2021-02-22,0.06,37.34,23.58,26.61
2021-02-23,0.82,38.0,24.98,23.87
2021-02-24,0.63,38.61,26.03,26.04
2021-02-25,5.05,38.11,26.41,24.55
2021-02-26,14.0,31.26,24.76,20.95
2021-02-27,2.76,32.68,24.73,23.92
2021-02-28,5.05,31.63,23.38,17.66
2021-03-01,11.01,29.88,22.6,21.28
2021-03-02,11.35,31.49,22.28,21.24
2021-03-03,4.65,30.04,23.09,18.85
2021-03-04,4.47,30.82,23.01,14.31
2021-03-05,8.62,28.71,22.83,15.63
2021-03-06,1.02,29.63,22.49,17.4
2021-03-07,0.43,30.62,21.62,23.23
2021-03-08,1.12,31.73,22.43,22.53
2021-03-09,0.03,31.83,22.44,25.31
2021-03-10,0.47,33.4,23.14,24.78
2021-03-11,0.1,35.04,23.98,22.72
2021-03-12,0.0,35.4,23.31,25.12
2021-03-13,0.0,34.64,24.89,24.88
2021-03-14,0.0,35.62,24.84,22.24
2021-03-15,0.31,34.72,23.07,21.2
2021-03-16,0.52,35.57,24.61,19.08
2021-03-17,1.96,30.91,24.75,19.64
2021-03-18,3.47,33.17,24.33,19.41
2021-03-19,9.25,32.51,24.91,14.16
2021-03-20,2.38,33.73,23.68,23.36
2021-03-21,0.38,34.89,24.1,24.61
2021-03-22,0.0,35.33,22.63,24.21
2021-03-23,0.0,35.63,24.26,18.55
2021-03-24,0.07,36.41,27.53,23.51
2021-03-25,0.04,35.39,25.01,22.87
2021-03-26,0.17,37.01,25.76,21.47
2021-03-27,0.25,36.94,26.03,22.46
2021-03-28,0.0,37.53,25.71,23.42
2021-03-29,0.0,37.67,23.86,22.53
2021-03-30,0.1,35.93,24.91,22.21
2021-03-31,0.02,34.76,22.91,17.92
2021-04-01,0.0,35.0,21.71,21.03
2021-04-02,0.0,34.63,22.15,23.28
2021-04-03,0.0,34.71,21.17,23.45
2021-04-04,0.0,33.74,22.5,21.65
2021-04-05,0.0,35.28,20.81,22.75
2021-04-06,1.07,33.81,24.02,17.29
2021-04-07,0.09,34.26,22.98,15.1
2021-04-08,0.0,33.27,22.96,20.72
2021-04-09,0.0,34.14,21.79,23.09
2021-04-10,0.0,33.97,20.63,21.83
2021-04-11,0.0,34.19,20.38,23.63
2021-04-12,0.0,35.16,20.64,22.68
2021-04-13,0.0,35.03,23.55,19.83
2021-04-14,0.0,34.1,22.92,19.1
2021-04-15,0.34,33.89,20.9,21.46
2021-04-16,7.31,33.63,22.08,14.64
2021-04-17,3.02,31.3,22.49,15.34
2021-04-18,1.07,31.2,22.83,18.62
2021-04-19,0.86,31.1,20.26,20.67
2021-04-20,0.02,30.83,19.64,21.87
2021-04-21,0.0,30.28,18.35,22.04
2021-04-22,0.15,30.41,17.17,21.97
2021-04-23,0.0,30.57,17.49,20.93
2021-04-24,0.0,32.18,18.07,21.2
2021-04-25,0.0,32.9,20.89,15.35
2021-04-26,0.01,31.94,21.31,15.45
2021-04-27,0.0,31.48,18.61,20.78
2021-04-28,0.0,31.77,15.94,21.24
2021-04-29,0.0,30.06,16.2,19.13
2021-04-30,0.0,30.0,16.77,16.6
2021-05-01,0.44,29.32,21.1,15.7
2021-05-02,0.02,32.46,20.26,19.22
2021-05-03,0.0,32.43,18.74,20.4
2021-05-04,0.0,33.04,17.96,20.38
2021-05-05,0.01,32.62,18.77,20.28
2021-05-06,0.09,32.08,19.98,19.56
2021-05-07,1.26,27.7,17.35,12.33
2021-05-08,1.65,29.42,17.43,18.41
2021-05-09,0.23,30.31,17.34,18.47
2021-05-10,0.0,31.56,18.88,17.07
2021-05-11,0.0,31.88,18.79,18.21
2021-05-12,0.0,31.76,20.23,16.12
2021-05-13,0.0,27.75,19.91,12.62
2021-05-14,0.0,29.36,17.81,14.62
2021-05-15,0.0,30.89,18.49,17.06
2021-05-16,0.0,31.39,18.34,17.66
2021-05-17,0.0,31.13,18.31,16.14
2021-05-18,0.0,30.99,18.32,17.63
2021-05-19,0.0,31.03,16.79,17.8
2021-05-20,0.0,31.93,18.66,17.24
2021-05-21,0.0,32.43,19.01,17.38
2021-05-22,4.42,30.75,22.12,1.7
2021-05-23,3.4,23.46,17.44,6.44
2021-05-24,0.0,24.59,14.84,11.89
2021-05-25,0.01,27.87,15.5,15.61
2021-05-26,0.13,31.8,17.79,16.68
2021-05-27,0.05,32.68,19.7,16.06
2021-05-28,0.01,32.65,21.52,13.04
2021-05-29,0.0,33.17,21.67,15.86
2021-05-30,0.0,32.37,20.89,14.51
2021-05-31,0.0,30.53,19.66,14.12
2021-06-01,0.0,30.42,19.16,15.5
2021-06-02,0.02,31.9,18.96,16.53
2021-06-03,0.0,32.87,20.35,16.83
2021-06-04,0.01,33.05,19.25,16.29
2021-06-05,0.01,32.19,20.26,16.24
2021-06-06,0.0,32.26,21.35,15.35
2021-06-07,0.35,31.84,20.17,14.02
2021-06-08,0.74,30.55,19.98,7.27
2021-06-09,1.59,31.05,19.71,9.91
2021-06-10,3.61,29.19,20.55,3.83
2021-06-11,4.39,25.67,19.21,7.98
2021-06-12,0.18,26.42,16.38,13.36
2021-06-13,0.03,26.93,14.06,17.36
2021-06-14,0.03,28.81,14.18,16.92
2021-06-15,0.01,29.14,15.22,17.09
2021-06-16,0.03,27.55,14.22,16.75
2021-06-17,0.15,27.48,14.99,15.42
2021-06-18,0.17,29.7,17.01,15.98
2021-06-19,0.0,31.19,16.2,15.23
2021-06-20,0.01,26.94,17.85,13.4
2021-06-21,0.0,29.7,16.13,14.9
2021-06-22,0.01,29.29,21.05,14.69
2021-06-23,0.01,29.6,18.94,16.08
2021-06-24,0.0,32.04,17.42,16.25
2021-06-25,0.0,32.17,19.6,15.17
2021-06-26,0.26,32.24,19.04,16.25
2021-06-27,0.0,30.85,17.73,17.02
2021-06-28,0.02,23.97,12.5,9.69
2021-06-29,0.02,16.3,10.0,14.39
2021-06-30,0.04,18.4,7.33,17.51
2021-07-01,0.0,22.42,6.31,17.95
2021-07-02,1.46,27.51,8.64,17.97
2021-07-03,0.0,28.38,12.54,17.95
2021-07-04,0.0,28.05,12.02,17.25
2021-07-05,0.0,28.02,13.31,17.01
2021-07-06,0.23,27.57,12.7,17.13
2021-07-07,0.0,27.46,12.86,17.73
2021-07-08,0.0,27.31,12.76,17.79
2021-07-09,0.0,28.29,13.04,17.64
2021-07-10,0.01,29.58,13.62,17.48
2021-07-11,0.0,29.05,14.66,17.62
2021-07-12,0.0,29.86,15.31,17.82
2021-07-13,0.0,30.3,15.47,17.81
2021-07-14,0.0,30.48,15.65,17.6
2021-07-15,0.0,31.85,17.15,17.67
2021-07-16,0.0,31.41,18.21,16.82
2021-07-17,0.05,29.46,16.74,11.9
2021-07-18,0.05,26.16,14.16,12.71
2021-07-19,0.0,21.25,8.11,18.69
2021-07-20,0.0,23.24,8.11,16.72
2021-07-21,0.0,26.72,10.76,18.38
2021-07-22,0.0,31.15,11.09,18.21
2021-07-23,0.0,30.39,14.04,18.26
2021-07-24,0.0,30.22,15.21,18.27
2021-07-25,0.0,30.58,15.54,18.73
2021-07-26,0.0,31.82,16.15,18.77
2021-07-27,0.0,32.7,17.43,15.37
2021-07-28,0.27,16.89,11.86,5.94
2021-07-29,0.0,17.99,7.29,19.2
2021-07-30,0.0,20.78,6.08,19.03
2021-07-31,0.0,26.58,8.56,18.35
2021-08-01,0.0,26.4,11.62,17.05
2021-08-02,0.0,28.17,13.45,18.64
2021-08-03,0.0,27.47,13.32,19.45
2021-08-04,0.0,25.14,13.54,17.67
2021-08-05,0.0,27.52,14.94,11.9
2021-08-06,0.0,28.42,16.06,17.64
2021-08-07,0.0,30.27,16.59,18.69
2021-08-08,0.0,30.66,17.87,19.11
2021-08-09,0.0,31.77,17.12,19.03
2021-08-10,0.0,32.91,18.21,19.69
2021-08-11,0.04,32.15,18.15,19.45
2021-08-12,0.07,31.79,18.35,19.24
2021-08-13,0.0,32.37,17.17,19.12
2021-08-14,0.03,32.56,17.38,19.2
2021-08-15,0.0,34.0,18.78,18.9
2021-08-16,0.0,35.39,21.73,19.62
2021-08-17,0.0,35.93,21.02,19.94
2021-08-18,0.22,35.59,20.83,20.52
2021-08-19,0.0,34.58,20.71,20.87
2021-08-20,0.0,33.68,20.25,21.51
2021-08-21,0.0,33.47,20.94,21.07
2021-08-22,0.0,33.95,20.08,21.48
2021-08-23,0.0,35.21,20.63,19.39
2021-08-24,0.0,36.09,24.57,18.97
2021-08-25,0.0,36.79,24.38,20.04
2021-08-26,0.01,32.01,21.87,17.81
2021-08-27,0.82,31.99,18.95,13.98
2021-08-28,0.89,31.85,18.98,7.38
2021-08-29,1.24,28.8,19.11,7.25
2021-08-30,0.0,31.56,19.26,20.95
2021-08-31,0.0,32.23,18.97,21.7
2021-09-01,0.0,32.1,19.24,22.35
2021-09-02,0.0,32.77,17.96,23.04
2021-09-03,0.02,34.73,20.7,23.36
2021-09-04,0.0,36.19,20.17,23.21
2021-09-05,0.01,37.86,21.94,19.77
2021-09-06,0.0,37.66,22.56,21.67
2021-09-07,0.0,38.28,23.23,21.37
2021-09-08,0.0,40.08,24.33,18.81
2021-09-09,3.12,31.87,21.68,9.91
2021-09-10,0.0,29.81,19.64,17.51
2021-09-11,0.13,30.41,20.36,9.4
2021-09-12,0.0,37.17,19.8,20.39
2021-09-13,0.01,38.92,23.16,17.62
2021-09-14,2.3,37.8,23.58,17.77
2021-09-15,1.39,36.22,23.99,18.02
2021-09-16,0.01,37.12,24.66,13.43
2021-09-17,0.0,38.14,23.16,20.28
2021-09-18,0.05,38.55,24.4,22.45
2021-09-19,0.0,38.69,23.85,23.6
2021-09-20,0.0,40.08,24.77,23.58
2021-09-21,0.0,41.06,25.46,21.51
2021-09-22,0.0,33.68,22.89,21.24
2021-09-23,0.0,32.79,19.71,23.23
2021-09-24,0.0,36.96,21.97,22.09
2021-09-25,0.01,36.89,23.01,19.42
2021-09-26,4.71,38.81,24.11,20.16
2021-09-27,2.87,34.69,23.1,23.05
2021-09-28,0.0,36.89,24.29,22.23
2021-09-29,0.11,38.23,27.14,22.17
2021-09-30,0.34,37.73,25.27,24.63
2021-10-01,6.52,37.21,24.87,16.99
2021-10-02,21.07,34.18,24.05,11.91
2021-10-03,6.85,36.35,24.79,19.89
2021-10-04,2.29,33.24,24.47,19.26
2021-10-05,0.44,33.9,24.51,23.11
2021-10-06,2.6,35.23,24.0,22.73
2021-10-07,4.44,31.37,26.2,6.68
2021-10-08,0.03,33.85,23.63,23.13
2021-10-09,0.68,36.38,24.06,22.13
2021-10-10,36.78,26.63,23.35,2.42
2021-10-11,8.65,31.59,22.4,16.43
2021-10-12,0.02,32.05,20.53,22.96
2021-10-13,0.0,33.46,20.66,27.11
2021-10-14,4.54,33.73,23.24,9.8
2021-10-15,2.81,32.62,24.94,20.82
2021-10-16,11.67,31.72,23.88,19.25
2021-10-17,0.35,31.9,22.73,20.97
2021-10-18,4.25,30.31,23.14,18.6
2021-10-19,1.83,30.51,21.42,12.69
2021-10-20,0.54,29.98,18.34,28.11
2021-10-21,0.33,30.8,17.77,28.23
2021-10-22,0.0,32.67,18.28,29.14
2021-10-23,3.76,35.54,20.48,23.07
2021-10-24,30.01,25.48,20.05,7.32
2021-10-25,0.01,30.57,19.02,22.47
2021-10-26,0.07,30.48,21.91,17.07
2021-10-27,0.12,31.96,23.22,20.52
2021-10-28,0.03,31.13,23.77,21.78
2021-10-29,0.07,33.53,22.99,27.17
2021-10-30,5.47,33.7,23.48,22.35
2021-10-31,14.16,30.42,23.3,18.08
2021-11-01,0.9,31.46,22.42,24.43
2021-11-02,0.13,32.67,21.96,27.1
2021-11-03,0.06,32.94,22.97,27.87
2021-11-04,0.0,35.02,26.05,28.12
2021-11-05,0.0,36.02,23.99,25.46
2021-11-06,0.0,30.04,26.54,23.82
2021-11-07,0.3,36.45,24.7,25.31
2021-11-08,1.49,37.03,25.25,27.33
2021-11-09,5.43,35.41,24.3,28.25
2021-11-10,9.88,35.58,24.91,25.2
2021-11-11,3.76,30.71,22.29,17.46
2021-11-12,0.0,31.96,21.82,20.73
2021-11-13,0.0,31.38,19.71,29.76
2021-11-14,8.6,33.69,20.18,25.37
2021-11-15,3.11,32.44,22.68,25.77
2021-11-16,0.29,32.53,22.88,25.26
2021-11-17,4.57,30.98,23.21,14.96
2021-11-18,20.3,28.04,23.45,15.48
2021-11-19,14.74,28.44,23.03,16.82
2021-11-20,2.35,31.42,23.56,23.81
2021-11-21,0.0,32.48,20.8,29.93
2021-11-22,0.01,33.41,19.43,31.29
2021-11-23,0.0,35.5,22.34,31.02
2021-11-24,0.04,36.47,25.16,27.38
2021-11-25,0.6,33.54,25.24,23.81
2021-11-26,2.77,34.09,25.28,19.43
2021-11-27,2.36,35.6,23.42,29.98
2021-11-28,2.21,35.73,22.96,26.0
2021-11-29,7.19,30.33,25.04,14.64
2021-11-30,6.8,29.24,23.57,14.0
2021-12-01,0.37,34.23,20.08,29.34
2021-12-02,1.04,34.8,22.18,20.56
2021-12-03,1.18,34.45,23.52,28.41
2021-12-04,0.12,35.55,23.01,30.24
2021-12-05,4.14,34.74,24.49,27.9
2021-12-06,6.07,34.94,24.68,26.37
2021-12-07,0.05,33.71,24.01,28.12
2021-12-08,0.0,32.48,19.55,30.6
2021-12-09,0.0,33.42,19.98,31.58
2021-12-10,0.03,35.29,19.56,31.17
2021-12-11,0.0,36.85,21.72,31.11
2021-12-12,0.87,33.8,24.21,19.33
2021-12-13,5.19,28.95,24.02,15.77
2021-12-14,31.09,29.01,23.67,12.6
2021-12-15,11.15,26.77,23.75,7.83
2021-12-16,16.86,27.4,23.63,13.79
2021-12-17,2.26,30.54,23.23,20.06
2021-12-18,6.01,31.04,23.65,14.43
2021-12-19,0.16,31.26,21.49,28.85
2021-12-20,0.0,31.77,20.47,30.12
2021-12-21,0.01,33.22,22.62,30.14
2021-12-22,0.02,34.35,23.78,28.84
2021-12-23,0.18,34.39,23.94,17.59
2021-12-24,0.06,31.98,21.44,30.57
2021-12-25,0.0,32.64,20.46,31.38
2021-12-26,0.0,34.68,21.46,31.23
2021-12-27,0.08,36.19,22.73,29.94
2021-12-28,2.61,35.59,23.78,24.81
2021-12-29,7.08,31.0,23.92,3.06
2021-12-30,6.14,31.62,22.21,23.77
2021-12-31,4.4,32.46,22.21,26.29
2022-01-01,1.51,32.9,23.44,24.54
2022-01-02,1.76,32.81,23.24,24.63
2022-01-03,6.33,32.96,24.62,25.76
2022-01-04,11.56,28.77,24.3,23.69
2022-01-05,3.82,29.88,23.43,22.43
2022-01-06,6.21,30.75,22.54,23.06
2022-01-07,5.31,31.31,22.02,19.41
2022-01-08,0.17,32.15,21.24,26.22
2022-01-09,0.0,31.69,21.51,24.53
2022-01-10,3.87,31.19,20.5,21.97
2022-01-11,2.04,30.91,22.0,27.35
2022-01-12,10.31,28.69,22.06,23.18
2022-01-13,7.44,30.6,22.44,18.61
2022-01-14,1.44,32.75,22.56,26.36
2022-01-15,0.04,33.26,25.05,26.26
2022-01-16,0.73,32.05,24.7,20.61
2022-01-17,0.79,31.59,22.54,21.84
2022-01-18,7.54,30.87,24.04,13.05
2022-01-19,10.28,30.69,23.03,22.22
2022-01-20,2.28,31.33,23.28,25.97
2022-01-21,1.44,33.84,24.18,26.64
2022-01-22,0.76,35.51,24.46,27.48
2022-01-23,0.83,36.44,25.27,22.47
2022-01-24,3.96,35.56,26.27,26.51
2022-01-25,1.09,33.99,25.68,25.28
2022-01-26,2.0,34.28,25.42,24.52
2022-01-27,4.93,32.61,24.26,21.28
2022-01-28,14.07,30.08,24.78,20.61
2022-01-29,28.22,29.49,23.7,13.94
2022-01-30,23.23,27.83,22.53,14.86
2022-01-31,36.75,27.34,22.42,11.21
2022-02-01,24.56,26.15,21.99,11.53
2022-02-02,8.8,28.0,22.57,12.8
2022-02-03,31.48,27.05,22.64,18.83
2022-02-04,4.08,29.48,22.69,24.71
2022-02-05,7.07,26.44,23.62,20.78
2022-02-06,3.21,28.51,23.28,18.43
2022-02-07,2.63,30.01,23.18,21.64
2022-02-08,0.25,29.79,19.19,27.83
2022-02-09,2.03,29.49,19.53,27.9
2022-02-10,0.01,29.83,20.77,27.15
2022-02-11,0.41,30.23,21.48,25.21
2022-02-12,0.08,30.69,22.89,27.74
2022-02-13,0.0,31.25,21.28,27.43
2022-02-14,0.0,32.3,22.59,28.28
2022-02-15,0.02,32.82,23.57,26.79
2022-02-16,9.57,32.21,23.57,26.76
2022-02-17,8.52,31.34,24.48,27.48
2022-02-18,0.71,29.12,23.38,11.11
2022-02-19,0.0,30.88,22.57,25.21
2022-02-20,0.03,30.91,21.83,25.81
2022-02-21,0.13,31.18,22.42,24.72
2022-02-22,0.88,33.14,23.08,26.86
2022-02-23,0.28,33.57,23.76,23.8
2022-02-24,0.22,32.69,24.49,23.73
2022-02-25,0.56,32.13,24.47,25.31
2022-02-26,1.38,31.42,24.86,23.51
2022-02-27,2.57,33.23,23.89,25.08
2022-02-28,0.01,34.83,24.56,26.6
2022-03-01,0.15,34.64,24.65,20.83
2022-03-02,5.23,31.12,24.87,11.2
2022-03-03,0.27,33.19,23.49,25.48
2022-03-04,0.65,33.35,23.44,23.84
2022-03-05,0.21,33.16,23.49,25.03
2022-03-06,0.29,34.09,23.97,23.81
2022-03-07,0.9,35.15,22.82,25.51
2022-03-08,0.55,36.13,23.54,24.99
2022-03-09,3.19,32.85,25.12,21.14
2022-03-10,0.69,34.27,25.89,23.78
2022-03-11,2.85,36.72,24.16,22.27
2022-03-12,17.72,30.4,24.22,16.82
2022-03-13,11.14,26.25,23.6,19.35
2022-03-14,17.03,30.1,23.0,16.87
2022-03-15,0.44,30.38,24.23,19.9
2022-03-16,0.2,31.27,25.68,21.69
2022-03-17,0.21,31.44,23.94,22.14
2022-03-18,1.0,32.26,24.05,21.71
2022-03-19,2.84,31.02,24.59,12.01
2022-03-20,3.77,28.05,23.45,16.63
2022-03-21,3.02,26.6,20.79,19.38
2022-03-22,0.02,31.21,20.74,24.0
2022-03-23,0.01,32.18,22.86,23.76
2022-03-24,9.82,32.19,22.82,21.64
2022-03-25,4.2,29.15,24.21,13.54
2022-03-26,11.78,29.69,23.97,14.96
2022-03-27,1.04,28.94,23.44,12.57
2022-03-28,2.42,29.91,22.41,19.67
2022-03-29,0.25,32.02,22.14,24.29
2022-03-30,0.13,32.39,22.73,21.08
2022-03-31,4.56,31.43,22.76,16.98
2022-04-01,2.14,29.58,21.06,13.61
2022-04-02,0.0,30.62,20.72,20.42
2022-04-03,0.05,32.02,21.41,22.74
2022-04-04,0.7,32.76,22.96,21.05
2022-04-05,1.73,33.14,23.35,20.05
2022-04-06,0.02,33.64,24.11,22.28
2022-04-07,0.67,34.49,23.61,21.03
2022-04-08,1.22,34.47,23.64,17.35
2022-04-09,0.23,33.76,24.99,20.24
2022-04-10,1.61,34.26,25.55,21.21
2022-04-11,8.24,31.99,24.02,11.51
2022-04-12,2.81,32.25,24.31,19.62
2022-04-13,4.14,30.8,23.47,7.29
2022-04-14,3.33,29.96,22.69,14.54
2022-04-15,0.01,29.2,19.38,21.43
2022-04-16,0.01,27.64,16.53,23.0
2022-04-17,0.01,28.81,15.42,22.49
2022-04-18,0.0,30.23,16.57,21.51
2022-04-19,0.0,31.88,16.75,20.96
2022-04-20,0.0,32.59,18.78,20.38
2022-04-21,0.0,32.82,19.12,20.85
2022-04-22,0.06,33.25,20.65,20.17
2022-04-23,0.73,32.8,21.32,6.9
2022-04-24,0.03,33.68,21.44,19.86
2022-04-25,0.0,34.49,21.62,19.83
2022-04-26,0.1,34.3,22.13,19.35
2022-04-27,0.0,34.06,22.23,19.61
2022-04-28,0.09,33.48,22.31,17.45
2022-04-29,1.05,34.14,22.13,18.66
2022-04-30,1.37,32.36,21.17,15.55
2022-05-01,0.01,33.24,22.84,15.4
2022-05-02,0.16,33.6,22.15,18.81
2022-05-03,0.9,34.25,20.88,18.54
2022-05-04,4.68,24.8,16.24,15.27
2022-05-05,0.13,25.3,13.45,13.48
2022-05-06,0.09,27.6,14.26,20.03
2022-05-07,0.03,28.71,14.6,19.69
2022-05-08,1.65,29.89,14.83,18.75
2022-05-09,0.0,31.69,16.5,18.05
2022-05-10,5.03,30.91,17.63,18.0
2022-05-11,1.98,28.5,19.9,10.48
2022-05-12,0.02,28.94,18.32,16.26
2022-05-13,0.0,30.12,17.6,18.37
2022-05-14,2.03,31.19,17.42,12.37
2022-05-15,18.83,28.76,20.29,9.95
2022-05-16,0.51,24.58,17.55,12.12
2022-05-17,0.0,19.3,10.91,19.16
2022-05-18,0.0,18.48,8.28,18.41
2022-05-19,0.03,19.69,8.12,15.16
2022-05-20,0.0,21.04,9.1,18.83
2022-05-21,0.15,23.22,9.21,17.88
2022-05-22,0.0,24.85,10.22,18.23
2022-05-23,0.0,26.84,13.11,17.74
2022-05-24,0.0,28.59,13.67,17.37
2022-05-25,0.0,28.29,15.61,17.41
2022-05-26,0.0,28.51,15.48,16.72
2022-05-27,0.12,28.7,16.65,14.11
2022-05-28,0.0,30.25,18.21,16.48
2022-05-29,0.0,31.5,17.63,16.59
2022-05-30,0.53,32.46,19.81,14.09
2022-05-31,4.22,28.74,19.02,10.55
2022-06-01,1.12,30.34,19.57,14.01
2022-06-02,0.0,29.05,20.69,14.96
2022-06-03,0.0,28.26,18.75,7.65
2022-06-04,0.0,29.59,18.13,16.19
2022-06-05,0.0,30.73,17.75,16.06
2022-06-06,0.0,30.94,17.96,16.08
2022-06-07,1.92,30.91,20.31,14.95
2022-06-08,8.74,28.55,19.89,7.02
2022-06-09,2.67,27.42,19.49,6.72
2022-06-10,0.39,25.23,20.06,7.55
2022-06-11,0.0,23.11,15.02,13.74
2022-06-12,0.0,21.56,10.14,13.04
2022-06-13,0.0,22.33,9.69,16.93
2022-06-14,0.05,23.32,9.64,12.87
2022-06-15,0.06,28.71,14.39,13.72
2022-06-16,0.01,30.68,16.34,15.99
2022-06-17,0.13,30.98,16.38,15.67
2022-06-18,18.38,22.46,15.42,7.49
2022-06-19,0.02,25.59,12.57,12.47
2022-06-20,0.01,28.46,16.51,14.87
2022-06-21,0.0,29.87,17.4,15.99
2022-06-22,0.0,29.41,17.4,15.93
2022-06-23,0.0,29.94,16.51,16.42
2022-06-24,0.01,29.58,16.22,16.31
2022-06-25,0.0,28.43,15.67,16.56
2022-06-26,0.0,27.33,15.75,15.98
2022-06-27,0.0,27.77,15.21,14.73
2022-06-28,0.01,29.42,16.43,15.85
2022-06-29,0.01,28.96,16.33,16.22
2022-06-30,0.05,28.66,15.12,16.6
2022-07-01,0.01,29.54,16.33,16.24
2022-07-02,0.0,31.15,16.47,16.49
2022-07-03,0.0,31.51,17.2,16.52
2022-07-04,0.0,30.83,15.89,17.03
2022-07-05,0.0,29.54,15.27,17.15
2022-07-06,0.0,29.21,15.76,16.61
2022-07-07,0.0,30.33,16.18,16.79
2022-07-08,0.14,30.5,16.76,14.73
2022-07-09,0.0,30.1,17.39,16.52
2022-07-10,0.4,30.51,17.29,15.3
2022-07-11,0.0,30.51,17.95,16.85
2022-07-12,0.05,28.56,18.39,14.04
2022-07-13,0.37,29.86,17.0,14.74
2022-07-14,0.02,31.0,16.51,15.71
2022-07-15,0.0,31.79,18.29,15.03
2022-07-16,0.0,32.96,19.61,13.75
2022-07-17,0.02,29.84,21.1,15.17
2022-07-18,0.0,32.44,18.12,16.16
2022-07-19,0.0,31.77,19.01,17.37
2022-07-20,0.33,31.03,16.86,17.06
2022-07-21,0.0,31.54,17.46,17.46
2022-07-22,0.0,31.07,17.29,17.41
2022-07-23,0.0,31.15,17.07,17.54
2022-07-24,0.0,31.85,17.37,16.29
2022-07-25,0.0,32.18,17.93,17.82
2022-07-26,0.0,32.15,17.79,18.0
2022-07-27,0.0,32.19,17.73,18.17
2022-07-28,0.01,32.72,17.63,17.95
2022-07-29,0.11,30.4,18.82,16.14
2022-07-30,0.0,28.6,14.57,18.28
2022-07-31,0.0,31.33,16.15,17.48
2022-08-01,0.0,32.36,20.54,17.16
2022-08-02,0.0,33.29,18.61,16.79
2022-08-03,0.0,33.17,19.6,17.32
2022-08-04,0.0,32.58,21.96,14.68
2022-08-05,0.0,32.35,20.47,17.76
2022-08-06,0.0,32.38,20.73,15.59
2022-08-07,3.25,30.68,20.67,7.65
2022-08-08,2.72,30.6,20.94,6.66
2022-08-09,13.67,25.63,16.39,4.55
2022-08-10,0.61,21.69,12.35,20.03
2022-08-11,0.09,23.18,10.12,20.18
2022-08-12,0.01,25.85,11.71,20.66
2022-08-13,0.0,29.94,12.2,20.58
2022-08-14,0.0,31.49,15.01,20.19
2022-08-15,0.0,32.38,17.5,19.9
2022-08-16,0.02,33.67,21.07,12.32
2022-08-17,6.21,30.44,19.17,5.26
2022-08-18,3.93,32.25,16.82,3.46
2022-08-19,0.03,22.39,12.28,18.61
2022-08-20,4.17,20.26,11.6,11.03
2022-08-21,0.77,28.47,14.6,13.05
2022-08-22,0.0,29.25,17.55,20.64
2022-08-23,1.4,30.0,15.95,20.12
2022-08-24,0.04,28.91,16.75,19.72
2022-08-25,0.0,30.16,18.91,17.91
2022-08-26,0.0,31.38,17.29,19.98
2022-08-27,0.0,33.07,18.39,21.55
2022-08-28,2.01,34.0,20.27,20.33
2022-08-29,1.1,27.97,18.75,18.3
2022-08-30,1.61,27.32,14.58,14.88
2022-08-31,0.05,31.73,16.13,20.67
2022-09-01,0.0,33.05,18.33,22.0
2022-09-02,0.03,33.94,19.65,20.24
2022-09-03,0.01,33.66,21.13,19.87
2022-09-04,0.01,29.87,20.45,15.21
2022-09-05,4.93,31.81,18.26,17.18
2022-09-06,7.78,32.93,18.71,15.56
2022-09-07,0.2,34.16,20.83,18.61
2022-09-08,0.0,34.53,21.94,20.45
2022-09-09,0.0,36.6,21.63,20.29
2022-09-10,0.0,33.43,21.61,20.28
2022-09-11,0.09,34.41,20.24,19.12
2022-09-12,0.0,36.08,22.23,18.87
2022-09-13,0.07,35.72,23.31,20.17
2022-09-14,5.07,33.4,19.75,8.62
2022-09-15,0.83,28.71,18.29,8.66
2022-09-16,0.1,30.18,19.53,20.27
2022-09-17,0.0,30.47,16.49,24.64
2022-09-18,3.02,32.52,15.18,24.58
2022-09-19,0.33,36.93,18.91,20.33
2022-09-20,6.96,31.27,22.17,8.68
2022-09-21,5.78,33.67,23.01,5.67
2022-09-22,12.11,26.56,19.23,5.27
2022-09-23,0.0,25.58,13.85,23.21
2022-09-24,0.23,29.15,15.38,22.95
2022-09-25,0.02,33.26,17.44,21.8
2022-09-26,7.09,31.14,22.47,15.3
2022-09-27,16.21,28.75,22.08,7.8
2022-09-28,16.61,26.78,20.8,4.4
2022-09-29,1.84,26.42,17.96,13.26
2022-09-30,1.06,28.03,17.55,9.0
2022-10-01,0.1,30.76,19.7,22.83
2022-10-02,0.03,32.17,20.49,25.22
2022-10-03,0.06,31.22,21.88,23.21
2022-10-04,6.1,31.4,21.76,20.18
2022-10-05,0.51,34.11,22.99,22.83
2022-10-06,12.97,32.11,23.66,18.02
2022-10-07,9.02,27.06,19.64,15.83
2022-10-08,0.0,30.24,17.65,23.27
2022-10-09,0.66,29.64,22.46,7.13
2022-10-10,0.67,28.99,22.44,12.55
2022-10-11,0.25,29.76,21.87,17.11
2022-10-12,9.68,25.67,21.56,10.74
2022-10-13,0.14,31.85,20.91,15.07
2022-10-14,0.04,33.9,20.27,26.36
2022-10-15,0.03,34.4,20.79,24.83
2022-10-16,0.01,34.71,22.61,23.98
2022-10-17,0.19,35.3,23.16,20.37
2022-10-18,0.74,35.05,24.43,10.45
2022-10-19,0.36,34.39,23.78,19.58
2022-10-20,6.93,33.15,23.71,15.46
2022-10-21,17.52,31.14,23.3,12.33
2022-10-22,3.22,31.35,21.33,26.63
2022-10-23,0.0,32.47,20.0,25.86
2022-10-24,0.0,33.98,20.14,28.52
2022-10-25,2.29,34.1,20.6,29.14
2022-10-26,0.0,35.22,19.62,28.58
2022-10-27,6.76,33.85,24.52,10.91
2022-10-28,0.03,34.7,24.42,26.76
2022-10-29,0.68,33.01,25.15,24.2
2022-10-30,1.6,33.0,24.03,24.02
2022-10-31,2.92,33.72,22.31,20.96
2022-11-01,1.08,27.08,17.51,6.02
2022-11-02,0.27,23.91,17.72,11.15
2022-11-03,0.0,25.81,15.85,20.42
2022-11-04,0.0,28.94,15.43,28.7
2022-11-05,0.06,29.88,15.46,28.5
2022-11-06,0.88,30.11,17.1,27.6
2022-11-07,0.0,31.55,17.97,29.03
2022-11-08,3.24,32.06,18.0,26.97
2022-11-09,3.88,33.7,18.74,28.79
2022-11-10,0.09,36.12,20.37,28.37
2022-11-11,16.46,32.86,22.7,11.41
2022-11-12,0.03,33.57,22.55,23.52
2022-11-13,3.0,33.11,23.68,22.69
2022-11-14,0.06,33.3,23.37,21.54
2022-11-15,0.0,33.42,22.44,29.12
2022-11-16,0.0,34.05,17.92,30.04
2022-11-17,0.0,35.2,20.23,30.69
2022-11-18,0.03,36.16,20.26,29.54
2022-11-19,0.35,36.55,22.94,28.67
2022-11-20,0.25,36.53,24.32,29.5
2022-11-21,0.42,36.13,24.65,20.15
2022-11-22,20.01,31.77,25.64,20.12
2022-11-23,10.17,30.31,25.14,23.07
2022-11-24,3.7,32.58,25.4,27.49
2022-11-25,0.01,32.72,22.91,29.62
2022-11-26,0.0,32.14,21.13,30.19
2022-11-27,0.02,33.77,20.44,28.11
2022-11-28,2.35,32.68,22.51,21.39
2022-11-29,2.47,32.49,21.94,22.87
2022-11-30,2.07,35.0,21.4,26.45
2022-12-01,1.37,33.5,23.84,22.52
2022-12-02,5.65,35.33,23.57,22.28
2022-12-03,9.42,31.42,24.05,15.55
2022-12-04,33.79,26.27,23.66,10.54
2022-12-05,7.5,27.78,22.87,19.86
2022-12-06,2.83,31.07,22.58,19.42
2022-12-07,9.32,30.6,23.4,20.19
2022-12-08,0.53,29.95,24.04,25.08
2022-12-09,0.83,33.22,23.94,22.96
2022-12-10,5.0,32.81,24.96,26.01
2022-12-11,4.75,31.54,24.01,22.86
2022-12-12,7.15,29.0,24.49,12.86
2022-12-13,20.33,29.05,23.13,9.13
2022-12-14,2.01,29.74,23.86,24.22
2022-12-15,0.32,31.31,20.62,27.46
2022-12-16,6.97,31.38,22.05,19.43
2022-12-17,5.06,31.34,25.39,27.52
2022-12-18,13.48,29.69,22.79,16.15
2022-12-19,1.66,27.63,22.23,18.98
2022-12-20,0.18,31.15,22.48,24.64
2022-12-21,0.04,30.59,20.86,30.07
2022-12-22,0.04,30.53,20.51,30.57
2022-12-23,0.01,31.59,20.73,30.13
2022-12-24,0.6,33.27,21.7,26.55
2022-12-25,4.53,29.05,23.52,18.36
2022-12-26,2.74,31.14,23.33,20.55
2022-12-27,0.66,33.27,22.84,25.79
2022-12-28,10.7,32.21,23.82,19.44
2022-12-29,3.72,30.06,24.52,21.47
2022-12-30,6.3,31.81,23.31,25.19
2022-12-31,2.43,32.44,23.78,23.72
2023-01-01,0.56,32.25,23.94,22.86
2023-01-02,5.92,33.5,23.81,13.68
2023-01-03,18.76,30.05,23.81,19.31
2023-01-04,20.56,28.52,23.41,10.4
2023-01-05,2.4,28.02,22.94,12.22
2023-01-06,1.95,29.47,20.34,14.48
2023-01-07,0.81,29.52,19.98,14.47
2023-01-08,1.03,30.07,20.76,17.72
2023-01-09,1.38,30.84,22.71,19.8
2023-01-10,4.31,30.38,23.67,19.06
2023-01-11,5.27,29.12,22.45,20.95
2023-01-12,2.14,29.68,22.7,22.44
2023-01-13,6.27,27.35,23.04,19.61
2023-01-14,6.13,30.34,22.63,23.18
2023-01-15,0.47,30.02,22.84,26.22
2023-01-16,5.64,31.13,23.05,23.17
2023-01-17,5.45,29.48,22.73,24.37
2023-01-18,5.28,29.71,24.19,21.39
2023-01-19,1.5,28.39,23.45,24.61
2023-01-20,6.19,30.13,22.79,16.84
2023-01-21,10.03,28.83,22.88,14.86
2023-01-22,6.45,28.68,23.13,16.23
2023-01-23,5.88,27.93,22.74,25.4
2023-01-24,8.7,30.39,21.98,22.75
2023-01-25,3.61,31.29,22.24,26.51
2023-01-26,0.16,32.69,21.24,28.86
2023-01-27,2.26,31.3,24.12,26.59
2023-01-28,4.18,30.69,23.85,21.68
2023-01-29,6.83,30.1,22.87,27.23
2023-01-30,3.95,28.4,23.25,13.69
2023-01-31,7.83,29.87,22.4,17.94
2023-02-01,0.18,30.78,23.54,22.24
2023-02-02,18.26,30.14,23.01,18.6
2023-02-03,7.04,29.09,23.71,15.69
2023-02-04,14.6,29.63,23.0,22.6
2023-02-05,17.57,29.06,22.38,21.36
2023-02-06,8.58,30.05,22.59,21.78
2023-02-07,5.57,27.71,22.65,20.57
2023-02-08,3.1,29.18,22.31,23.65
2023-02-09,8.18,30.31,22.97,23.61
2023-02-10,12.74,27.7,23.15,20.85
2023-02-11,2.59,29.37,22.06,17.18
2023-02-12,6.21,28.42,22.76,16.6
2023-02-13,4.48,28.79,22.67,23.01
2023-02-14,1.68,29.91,22.42,21.02
2023-02-15,13.01,31.2,23.95,18.35
2023-02-16,6.93,29.38,23.23,21.18
2023-02-17,10.29,29.79,23.34,16.28
2023-02-18,0.33,29.59,22.5,18.75
2023-02-19,6.46,27.65,22.26,15.26
2023-02-20,10.52,26.72,20.97,12.05
2023-02-21,4.79,27.54,22.24,15.87
2023-02-22,5.41,30.22,20.85,23.19
2023-02-23,8.49,27.36,22.56,23.1
2023-02-24,6.02,28.75,21.8,11.14
2023-02-25,0.79,30.41,21.98,24.67
2023-02-26,2.75,29.95,22.67,14.09
2023-02-27,0.36,30.57,23.15,24.88
2023-02-28,10.36,29.61,23.68,26.07
2023-03-01,5.33,28.25,23.45,19.36
2023-03-02,8.95,30.15,22.49,26.1
2023-03-03,0.94,30.05,22.22,22.7
2023-03-04,2.3,30.98,23.63,22.62
2023-03-05,4.48,30.22,23.69,20.34
2023-03-06,5.6,31.2,23.14,21.24
2023-03-07,1.72,31.58,22.92,24.06
2023-03-08,1.56,29.95,23.35,24.17
2023-03-09,0.14,27.82,23.33,22.59
2023-03-10,7.42,25.91,22.72,14.86
2023-03-11,2.75,26.9,21.77,15.13
2023-03-12,4.91,29.04,21.67,12.3
2023-03-13,6.14,28.24,22.38,18.16
2023-03-14,25.99,27.73,22.64,16.17
2023-03-15,5.16,26.71,22.76,17.65
2023-03-16,17.71,26.08,22.3,17.48
2023-03-17,3.57,25.96,21.39,14.11
2023-03-18,4.08,25.87,21.39,7.7
2023-03-19,1.94,27.91,21.41,12.91
2023-03-20,1.22,28.98,20.56,18.41
2023-03-21,1.66,29.65,21.11,23.93
2023-03-22,2.22,30.46,21.72,24.39
2023-03-23,0.42,31.08,21.77,23.03
2023-03-24,0.0,31.31,22.35,22.32
2023-03-25,0.02,31.2,23.59,22.83
2023-03-26,1.14,31.59,24.97,21.85
2023-03-27,0.51,32.23,25.92,22.72
2023-03-28,0.42,31.79,23.36,22.87
2023-03-29,0.4,31.88,23.25,22.5
2023-03-30,2.21,29.56,23.49,22.24
2023-03-31,1.77,30.98,24.23,20.55
2023-04-01,0.27,32.38,22.49,23.57
2023-04-02,0.13,32.14,21.94,23.41
2023-04-03,1.13,31.25,21.56,23.23
2023-04-04,0.0,31.67,20.91,23.15
2023-04-05,0.0,31.31,21.31,21.18
2023-04-06,6.68,31.01,22.09,20.56
2023-04-07,8.96,27.79,23.19,13.95
2023-04-08,10.23,28.69,22.65,10.51
2023-04-09,0.44,28.8,22.61,15.81
2023-04-10,0.01,29.9,20.87,20.35
2023-04-11,3.95,29.7,20.38,20.7
2023-04-12,4.48,27.53,22.7,17.02
2023-04-13,6.68,30.56,22.12,18.93
2023-04-14,4.32,29.73,22.64,11.42
2023-04-15,0.0,30.56,24.48,16.85
2023-04-16,0.06,30.93,21.53,20.46
2023-04-17,0.08,32.4,22.36,17.99
2023-04-18,0.44,31.64,23.4,11.6
2023-04-19,28.97,26.41,17.93,19.69
2023-04-20,0.09,25.52,15.15,19.6
2023-04-21,1.93,25.65,14.79,21.85
2023-04-22,9.02,28.18,16.16,20.55
2023-04-23,1.67,28.33,19.62,18.36
2023-04-24,1.81,28.83,19.38,18.48
2023-04-25,10.02,28.1,19.08,10.01
2023-04-26,3.74,28.4,20.06,14.37
2023-04-27,2.46,28.71,20.14,12.72
2023-04-28,3.23,27.84,19.28,17.06
2023-04-29,0.47,28.31,18.55,19.14
2023-04-30,2.94,28.65,17.63,20.35
2023-05-01,0.0,28.85,18.03,20.23
2023-05-02,0.03,28.17,16.12,19.93
2023-05-03,0.82,28.9,18.17,18.01
2023-05-04,3.57,29.21,19.03,17.34
2023-05-05,0.01,30.2,18.36,19.42
2023-05-06,4.74,29.62,19.02,17.61
2023-05-07,0.04,30.23,19.88,17.3
2023-05-08,1.12,29.79,19.12,18.5
2023-05-09,2.51,29.9,21.5,16.0
2023-05-10,1.82,28.75,21.36,13.15
2023-05-11,1.86,28.84,17.57,17.9
2023-05-12,0.05,27.11,12.99,18.26
2023-05-13,0.0,26.49,13.59,18.99
2023-05-14,0.02,26.52,13.34,19.25
2023-05-15,0.0,26.63,12.69,19.45
2023-05-16,0.01,26.94,12.67,19.39
2023-05-17,5.18,25.7,12.76,19.01
2023-05-18,0.0,26.55,11.21,18.93
2023-05-19,0.01,26.9,12.39,18.8
2023-05-20,0.65,27.57,12.58,18.35
2023-05-21,0.0,27.29,13.7,16.1
2023-05-22,0.0,26.78,16.36,13.35
2023-05-23,0.01,28.25,15.12,17.57
2023-05-24,0.03,27.47,14.92,17.72
2023-05-25,0.0,28.79,15.38,17.23
2023-05-26,0.01,28.83,16.38,16.56
2023-05-27,0.84,30.2,17.11,16.13
2023-05-28,0.67,28.48,19.55,5.61
2023-05-29,1.66,27.41,19.51,10.86
2023-05-30,19.33,24.67,17.75,2.41
2023-05-31,1.27,25.73,18.96,9.54
2023-06-01,0.02,26.52,16.15,15.31
2023-06-02,0.02,26.08,14.97,17.16
2023-06-03,0.03,27.06,13.91,17.23
2023-06-04,0.03,27.53,14.02,16.99
2023-06-05,0.01,26.74,14.4,16.82
2023-06-06,0.01,26.29,13.36,16.9
2023-06-07,1.38,27.32,14.15,16.6
2023-06-08,0.21,27.55,15.25,16.56
2023-06-09,0.09,28.31,14.8,16.69
2023-06-10,0.0,29.23,15.95,15.77
2023-06-11,0.0,30.13,16.89,16.02
2023-06-12,0.82,29.9,17.76,6.97
2023-06-13,9.13,24.37,17.35,3.79
2023-06-14,19.46,18.41,14.8,2.64
2023-06-15,33.34,14.9,13.24,2.27
2023-06-16,0.13,18.6,10.69,15.21
2023-06-17,0.03,19.34,8.72,15.61
2023-06-18,0.02,20.51,9.38,16.93
2023-06-19,0.0,23.12,9.05,17.18
2023-06-20,0.01,25.67,10.83,16.75
2023-06-21,0.0,26.33,12.86,16.48
2023-06-22,0.01,26.27,14.17,16.18
2023-06-23,0.07,26.34,14.41,15.4
2023-06-24,0.18,25.77,14.07,15.12
2023-06-25,0.01,27.21,14.34,16.61
2023-06-26,0.21,26.48,13.6,16.64
2023-06-27,0.01,26.9,13.86,16.55
2023-06-28,0.17,28.08,14.82,16.25
2023-06-29,1.19,26.72,15.73,15.77
2023-06-30,0.0,26.99,14.64,16.53
2023-07-01,0.0,27.42,14.36,16.58
2023-07-02,0.0,26.89,14.27,16.79
2023-07-03,0.09,26.09,13.74,16.98
2023-07-04,0.11,25.9,13.01,16.88
2023-07-05,0.08,27.22,13.02,16.74
2023-07-06,0.28,27.21,13.44,16.65
2023-07-07,0.57,27.3,14.52,14.1
2023-07-08,0.0,29.65,15.72,15.59
2023-07-09,1.33,29.41,17.63,12.82
2023-07-10,0.75,30.75,18.35,12.8
2023-07-11,0.0,30.88,16.9,16.42
2023-07-12,0.0,31.45,17.37,15.76
2023-07-13,12.35,24.42,15.53,8.76
2023-07-14,1.12,19.68,10.27,17.98
2023-07-15,0.9,23.89,8.8,17.97
2023-07-16,0.0,27.83,12.84,15.1
2023-07-17,0.0,28.95,15.91,13.4
2023-07-18,0.0,29.45,16.89,15.48
2023-07-19,0.0,29.81,17.55,15.4
2023-07-20,0.0,29.97,16.9,16.19
2023-07-21,0.0,29.45,17.56,17.2
2023-07-22,0.0,28.68,17.36,16.46
2023-07-23,0.0,29.32,16.88,16.33
2023-07-24,0.0,29.6,17.12,17.34
2023-07-25,0.0,29.74,17.89,15.77
2023-07-26,0.0,30.41,20.11,16.44
2023-07-27,0.0,31.78,19.6,17.15
2023-07-28,0.0,32.03,18.31,16.4
2023-07-29,0.01,29.74,17.88,17.19
2023-07-30,0.0,29.01,16.9,18.48
2023-07-31,0.0,30.3,16.42,18.27
2023-08-01,0.0,30.22,15.92,18.84
2023-08-02,0.0,31.67,16.1,18.28
2023-08-03,0.0,32.14,17.38,18.68
2023-08-04,0.0,32.22,17.54,18.59
2023-08-05,0.0,32.41,17.08,18.74
2023-08-06,0.0,33.2,16.6,18.93
2023-08-07,0.0,34.93,19.55,18.21
2023-08-08,0.0,32.85,19.2,18.58
2023-08-09,0.0,33.68,18.26,17.87
2023-08-10,0.0,34.87,19.6,18.98
2023-08-11,0.0,36.03,21.05,17.74
2023-08-12,0.03,35.51,22.68,16.11
2023-08-13,0.29,31.02,21.68,11.34
2023-08-14,0.0,28.87,20.16,11.05
2023-08-15,0.01,30.78,20.59,12.53
2023-08-16,0.0,32.44,21.1,18.18
2023-08-17,0.0,32.31,19.56,19.09
2023-08-18,0.81,34.32,20.54,18.46
2023-08-19,0.68,32.47,20.06,4.63
2023-08-20,0.98,31.46,21.21,11.12
2023-08-21,0.67,32.76,20.62,19.36
2023-08-22,0.0,35.17,21.14,19.31
2023-08-23,0.0,37.43,22.5,19.29
2023-08-24,0.11,36.96,25.09,15.18
2023-08-25,0.0,36.22,23.42,16.71
2023-08-26,1.63,29.63,21.86,7.75
2023-08-27,0.29,21.42,18.5,6.98
2023-08-28,0.73,27.77,16.49,18.76
2023-08-29,1.06,30.49,17.73,12.11
2023-08-30,7.04,31.42,19.18,14.54
2023-08-31,7.21,31.12,20.67,7.1
2023-09-01,1.36,32.73,19.33,20.67
2023-09-02,0.26,35.79,21.71,17.44
2023-09-03,1.17,35.48,24.56,19.25
2023-09-04,1.27,36.82,25.29,19.02
2023-09-05,0.59,33.48,22.5,20.35
2023-09-06,0.04,34.34,22.06,19.6
2023-09-07,0.12,33.89,22.87,20.89
2023-09-08,0.84,36.06,20.01,21.75
2023-09-09,2.37,32.74,22.06,10.07
2023-09-10,0.16,34.02,20.31,21.92
2023-09-11,0.0,35.86,21.16,23.64
2023-09-12,0.03,36.4,21.75,22.13
2023-09-13,0.01,38.47,23.48,20.53
2023-09-14,4.37,24.75,19.89,5.99
2023-09-15,0.0,30.51,17.42,24.05
2023-09-16,0.01,35.35,19.56,24.08
2023-09-17,2.72,37.38,22.63,22.15
2023-09-18,0.56,36.55,23.12,20.78
2023-09-19,0.0,36.85,23.82,23.4
2023-09-20,0.0,38.31,25.56,23.8
2023-09-21,0.0,38.75,25.27,23.62
2023-09-22,0.0,39.92,26.46,23.73
2023-09-23,0.02,40.1,27.05,23.21
2023-09-24,0.0,41.23,26.89,23.46
2023-09-25,0.0,41.42,26.79,22.81
2023-09-26,0.01,39.34,30.8,21.44
2023-09-27,0.37,41.1,28.51,20.91
2023-09-28,0.12,38.13,25.01,21.54
2023-09-29,0.0,34.77,24.3,22.37
2023-09-30,0.33,37.32,25.46,18.94
2023-10-01,5.66,36.18,26.07,19.06
2023-10-02,3.87,35.77,25.7,16.69
2023-10-03,0.0,38.52,25.72,23.61
2023-10-04,0.46,38.91,27.15,17.79
2023-10-05,0.05,40.01,27.28,21.74
2023-10-06,0.21,39.34,27.06,19.41
2023-10-07,12.16,36.72,27.89,13.48
2023-10-08,20.95,36.82,23.81,16.41
2023-10-09,0.85,31.7,21.05,16.7
2023-10-10,0.0,34.39,22.13,25.55
2023-10-11,0.01,37.3,21.86,26.3
2023-10-12,1.18,37.6,27.24,19.14
2023-10-13,1.7,33.79,23.82,21.24
2023-10-14,0.02,34.18,23.8,21.48
2023-10-15,0.07,37.79,23.79,24.93
2023-10-16,0.02,38.62,25.52,25.97
2023-10-17,1.0,37.93,28.56,15.73
2023-10-18,1.04,38.33,25.26,22.63
2023-10-19,4.63,37.21,24.78,23.76
2023-10-20,0.54,36.83,24.71,13.5
2023-10-21,0.05,37.03,24.77,26.31
2023-10-22,0.0,38.23,23.46,27.43
2023-10-23,0.02,40.2,25.8,26.13
2023-10-24,2.38,38.47,27.53,18.54
2023-10-25,15.0,32.91,24.76,18.57
2023-10-26,5.29,35.05,27.09,17.47
2023-10-27,11.86,36.61,24.58,16.1
2023-10-28,7.8,36.62,24.25,15.4
2023-10-29,9.82,34.32,25.13,14.29
2023-10-30,3.53,35.73,24.94,13.34
2023-10-31,1.99,34.98,25.3,14.88
2023-11-01,6.86,32.04,25.68,12.26
2023-11-02,0.36,33.63,23.87,25.54
2023-11-03,7.36,38.0,24.35,22.63
2023-11-04,3.31,29.83,19.95,26.41
2023-11-05,0.0,32.26,16.0,30.55
2023-11-06,0.0,33.9,18.72,30.23
2023-11-07,0.0,36.27,19.75,29.71
2023-11-08,0.54,37.4,24.51,24.37
2023-11-09,2.11,37.49,25.23,22.5
2023-11-10,0.0,38.87,25.83,27.67
2023-11-11,0.0,40.06,24.28,29.99
2023-11-12,0.02,40.93,27.06,27.4
2023-11-13,0.05,40.81,27.89,25.24
2023-11-14,0.33,41.36,27.15,26.48
2023-11-15,0.04,41.67,28.21,15.88
2023-11-16,0.04,42.33,28.41,23.09
2023-11-17,0.06,42.6,29.92,24.15
2023-11-18,0.17,41.91,29.24,22.27
2023-11-19,3.82,40.72,28.38,16.3
2023-11-20,21.78,32.1,24.63,20.47
2023-11-21,0.07,33.21,26.58,22.67
2023-11-22,12.04,33.36,26.78,21.14
2023-11-23,3.48,34.15,24.93,14.55
2023-11-24,14.16,29.85,24.81,15.91
2023-11-25,0.01,32.7,22.57,25.15
2023-11-26,0.1,33.13,23.15,27.55
2023-11-27,0.16,31.87,24.08,22.38
2023-11-28,7.34,31.65,24.87,21.74
2023-11-29,2.69,33.81,23.82,21.65
2023-11-30,2.01,34.58,24.54,23.72
2023-12-01,0.38,36.08,25.91,28.08
2023-12-02,0.94,37.49,26.55,24.94
2023-12-03,2.53,37.31,27.69,25.98
2023-12-04,2.57,35.36,26.56,19.43
2023-12-05,7.05,33.36,25.65,18.31
2023-12-06,0.59,36.29,25.73,27.28
2023-12-07,1.56,37.42,25.78,22.71
2023-12-08,0.13,37.28,26.77,27.73
2023-12-09,1.81,36.69,27.44,28.0
2023-12-10,0.06,38.59,26.48,23.54
2023-12-11,1.51,36.28,25.51,28.76
2023-12-12,0.29,37.57,26.62,26.66
2023-12-13,0.0,39.06,26.32,30.56
2023-12-14,0.21,40.49,26.23,29.72
2023-12-15,0.31,40.53,28.89,26.64
2023-12-16,2.57,40.1,27.95,26.78
2023-12-17,0.01,40.75,27.39,29.5
2023-12-18,0.25,40.97,28.32,28.05
2023-12-19,7.47,36.39,26.37,17.73
2023-12-20,6.31,34.75,25.9,26.24
2023-12-21,1.22,36.76,26.05,24.28
2023-12-22,0.74,36.57,26.37,23.24
2023-12-23,21.35,32.14,26.2,22.06
2023-12-24,0.11,33.98,25.52,27.94
2023-12-25,0.0,36.38,25.64,28.06
2023-12-26,0.04,35.9,26.35,25.81
2023-12-27,0.01,37.0,27.22,28.7
2023-12-28,0.0,38.73,24.56,30.6
2023-12-29,0.01,40.62,25.92,24.82
2023-12-30,0.71,32.98,27.97,19.69
2023-12-31,20.09,32.65,26.73,16.67
2024-01-01,11.26,31.25,26.51,22.47
2024-01-02,1.53,32.41,25.67,21.61
2024-01-03,0.5,32.27,26.27,26.38
2024-01-04,1.71,34.03,26.86,25.59
2024-01-05,4.05,34.1,26.98,25.91
2024-01-06,0.35,36.0,26.35,29.31
2024-01-07,0.06,36.96,26.29,28.54
2024-01-08,2.94,37.19,26.72,28.64
2024-01-09,3.19,36.52,26.4,28.25
2024-01-10,0.4,36.94,26.32,19.39
2024-01-11,9.91,34.48,25.85,23.44
2024-01-12,7.41,30.74,24.06,22.23
2024-01-13,4.1,32.35,25.39,11.76
2024-01-14,16.29,32.12,25.4,22.16
2024-01-15,1.98,32.53,24.68,20.68
2024-01-16,0.03,33.68,24.63,27.57
2024-01-17,0.16,35.73,25.29,24.05
2024-01-18,0.25,36.41,26.87,28.08
2024-01-19,11.52,37.85,26.83,16.92
2024-01-20,10.89,36.21,25.59,16.12
2024-01-21,1.85,34.75,25.66,22.25
2024-01-22,10.01,32.12,26.08,10.56
2024-01-23,11.44,31.1,24.9,16.92
2024-01-24,0.12,32.15,23.31,20.05
2024-01-25,0.01,31.32,21.96,29.3
2024-01-26,0.0,30.77,19.96,29.89
2024-01-27,0.53,31.91,20.34,27.23
2024-01-28,6.86,33.35,24.46,26.98
2024-01-29,0.32,35.85,22.25,28.79
2024-01-30,0.6,36.63,23.66,20.52
2024-01-31,2.7,35.96,24.4,27.18
2024-02-01,0.05,36.43,23.64,29.07
2024-02-02,0.96,36.78,23.45,26.63
2024-02-03,9.99,31.67,24.4,17.02
2024-02-04,2.73,31.48,22.96,17.65
2024-02-05,0.23,31.71,24.08,20.39
2024-02-06,1.56,32.82,24.68,16.63
2024-02-07,5.16,29.89,24.91,17.63
2024-02-08,2.03,30.11,23.51,23.37
2024-02-09,12.2,33.28,24.88,16.2
2024-02-10,4.75,34.4,24.56,25.59
2024-02-11,0.21,35.32,23.9,27.48
2024-02-12,0.29,35.29,25.93,22.42
2024-02-13,2.46,35.74,26.32,25.46
2024-02-14,3.83,36.32,26.26,19.58
2024-02-15,44.11,30.85,26.03,13.87
2024-02-16,4.96,32.26,24.63,22.01
2024-02-17,0.33,33.85,24.41,24.72
2024-02-18,11.03,29.84,24.47,22.12
2024-02-19,6.15,31.88,24.29,19.29
2024-02-20,2.53,31.71,24.01,23.62
2024-02-21,1.1,32.03,25.16,25.71
2024-02-22,0.17,33.16,24.27,24.48
2024-02-23,1.37,33.78,25.6,23.55
2024-02-24,5.4,33.63,25.39,24.15
2024-02-25,0.27,34.79,25.51,25.62
2024-02-26,3.51,34.42,26.53,23.74
2024-02-27,0.2,36.24,26.08,26.88
2024-02-28,0.0,37.9,25.3,26.18
2024-02-29,0.89,38.5,26.06,25.96
2024-03-01,0.41,39.15,27.15,26.13
2024-03-02,0.14,37.8,27.3,25.75
2024-03-03,0.07,39.01,26.53,26.13
2024-03-04,0.0,39.17,25.03,24.93
2024-03-05,0.6,38.61,26.21,22.94
2024-03-06,3.95,36.04,26.78,20.65
2024-03-07,6.78,35.04,26.23,20.25
2024-03-08,1.61,35.58,26.7,20.79
2024-03-09,0.66,35.84,27.68,24.07
2024-03-10,1.3,35.31,27.59,18.95
2024-03-11,2.57,34.17,26.77,21.75
2024-03-12,0.0,37.63,25.98,24.66
2024-03-13,0.82,38.15,27.17,23.77
2024-03-14,1.8,38.31,26.59,24.34
2024-03-15,0.21,38.43,28.18,22.66
2024-03-16,1.75,38.14,28.17,18.6
2024-03-17,1.03,37.44,27.95,18.68
2024-03-18,1.61,37.08,27.69,19.7
2024-03-19,7.52,36.48,28.62,20.97
2024-03-20,0.21,38.36,27.41,22.49
2024-03-21,6.77,33.87,28.05,15.61
2024-03-22,4.36,32.39,25.24,13.05
2024-03-23,0.29,28.87,22.67,7.64
2024-03-24,10.93,30.24,22.65,10.8
2024-03-25,5.62,31.3,22.22,14.52
2024-03-26,14.89,27.65,22.99,13.33
2024-03-27,3.57,25.94,22.16,7.36
2024-03-28,3.73,29.89,20.81,12.58
2024-03-29,16.77,29.96,22.39,15.72
2024-03-30,4.95,30.51,23.6,18.25
2024-03-31,3.67,30.77,24.55,16.82
2024-04-01,1.39,30.65,24.65,18.2
2024-04-02,4.49,30.65,25.21,17.33
2024-04-03,0.0,31.86,23.88,22.19
2024-04-04,0.13,32.85,24.3,19.14
2024-04-05,0.3,33.3,25.98,20.52
2024-04-06,0.35,33.53,25.11,20.64
2024-04-07,2.19,32.69,23.38,18.27
2024-04-08,6.14,31.56,24.82,16.98
2024-04-09,4.62,31.71,24.12,16.08
2024-04-10,0.49,31.7,23.46,19.61
2024-04-11,1.68,30.84,24.01,17.37
2024-04-12,0.44,30.55,24.6,14.66
2024-04-13,5.35,30.68,24.12,14.57
2024-04-14,35.45,26.59,23.67,11.08
2024-04-15,1.07,26.86,22.61,15.98
2024-04-16,4.88,29.49,22.99,14.34
2024-04-17,0.3,30.46,23.3,15.99
2024-04-18,0.01,28.63,19.73,19.4
2024-04-19,0.0,29.19,19.59,21.66
2024-04-20,0.0,30.81,17.56,21.29
2024-04-21,0.06,31.51,20.29,20.81
2024-04-22,0.0,31.31,20.72,21.3
2024-04-23,0.0,31.58,20.34,20.87
2024-04-24,0.0,32.52,20.73,19.54
2024-04-25,0.0,33.71,22.18,20.25
2024-04-26,0.0,34.37,21.7,20.18
2024-04-27,0.0,34.13,23.25,19.61
2024-04-28,0.0,34.46,22.53,18.86
2024-04-29,0.0,34.84,22.32,19.92
2024-04-30,0.0,34.82,22.44,19.28
2024-05-01,0.0,34.97,22.95,19.15
2024-05-02,0.0,35.01,21.62,18.96
2024-05-03,0.0,34.33,22.5,17.33
2024-05-04,0.0,34.19,22.08,18.85
2024-05-05,0.0,34.65,21.0,19.77
2024-05-06,0.0,33.97,19.82,19.28
2024-05-07,0.01,34.2,22.55,18.58
2024-05-08,0.0,34.13,22.27,19.0
2024-05-09,0.0,34.01,22.27,18.44
2024-05-10,0.05,34.16,20.91,18.92
2024-05-11,0.0,34.13,20.2,18.69
2024-05-12,0.0,34.52,19.53,18.99
2024-05-13,0.01,34.34,19.59,18.25
2024-05-14,0.0,31.98,21.6,14.65
2024-05-15,0.0,32.11,19.21,17.15
2024-05-16,0.0,33.78,20.56,18.29
2024-05-17,0.0,34.84,22.06,17.91
2024-05-18,0.02,34.87,22.82,17.41
2024-05-19,0.17,32.07,21.45,16.05
2024-05-20,0.0,31.62,19.81,15.34
2024-05-21,0.0,33.38,20.27,16.55
2024-05-22,0.0,33.53,20.33,17.52
2024-05-23,0.0,33.26,20.65,17.31
2024-05-24,0.72,32.53,21.24,5.68
2024-05-25,3.31,25.39,17.8,7.13
2024-05-26,3.06,24.91,16.38,4.63
2024-05-27,0.14,28.42,17.13,6.01
2024-05-28,0.12,23.71,14.74,5.16
2024-05-29,0.0,23.79,12.26,16.78
2024-05-30,0.0,26.5,12.56,17.2
2024-05-31,0.0,27.05,12.57,17.74
2024-06-01,0.0,29.66,12.39,17.06
2024-06-02,0.0,30.26,17.22,15.82
2024-06-03,0.0,30.81,17.86,15.12
2024-06-04,0.01,30.15,18.4,16.04
2024-06-05,0.0,30.39,17.15,16.05
2024-06-06,0.0,31.21,16.67,16.01
2024-06-07,0.0,31.18,17.46,16.33
2024-06-08,0.0,31.79,17.64,16.34
2024-06-09,0.0,31.95,18.03,16.21
2024-06-10,0.0,31.51,17.81,16.88
2024-06-11,0.0,31.54,17.79,16.65
2024-06-12,0.0,31.79,17.12,16.59
2024-06-13,0.0,31.58,18.44,16.71
2024-06-14,0.0,31.62,18.83,15.54
2024-06-15,0.0,32.13,19.01,16.21
2024-06-16,0.02,31.53,19.34,16.37
2024-06-17,0.0,31.48,18.55,16.42
2024-06-18,0.0,30.58,17.3,16.57
2024-06-19,0.0,31.16,17.35,16.42
2024-06-20,0.07,31.39,17.71,16.58
2024-06-21,0.0,30.98,17.34,15.26
2024-06-22,0.0,31.62,18.62,14.63
2024-06-23,0.0,32.09,19.28,15.36
2024-06-24,0.0,32.99,19.7,14.92
2024-06-25,0.0,33.08,20.73,15.65
2024-06-26,0.0,33.14,20.48,14.41
2024-06-27,0.0,29.91,20.16,12.52
2024-06-28,0.0,32.04,19.27,11.76
2024-06-29,0.0,31.91,19.7,14.17
2024-06-30,0.25,27.06,18.41,8.69
2024-07-01,1.41,25.87,16.48,6.07
2024-07-02,0.68,30.02,16.75,15.99
2024-07-03,0.02,30.58,17.58,14.46
2024-07-04,0.0,30.97,17.93,16.3
2024-07-05,0.0,31.31,17.66,11.15
2024-07-06,0.0,31.6,18.92,16.28
2024-07-07,0.0,32.53,19.25,14.36
2024-07-08,0.04,28.67,18.7,8.52
2024-07-09,0.36,26.48,17.38,5.71
2024-07-10,0.02,25.89,15.01,8.27
2024-07-11,0.0,32.07,15.91,14.47
2024-07-12,0.0,27.44,18.06,11.49
2024-07-13,0.0,30.37,18.66,15.32
2024-07-14,0.0,27.7,16.38,10.6
2024-07-15,0.0,28.16,14.9,13.89
2024-07-16,0.01,30.09,17.04,16.93
2024-07-17,0.0,30.67,16.68,17.14
2024-07-18,0.0,31.13,17.05,17.23
2024-07-19,0.0,31.17,16.92,17.41
2024-07-20,0.0,30.96,15.24,17.84
2024-07-21,0.0,31.07,15.1,17.86
2024-07-22,0.0,31.15,15.69,17.91
2024-07-23,0.0,31.11,15.82,18.27
2024-07-24,0.0,31.91,15.7,18.1
2024-07-25,0.0,31.46,16.03,18.15
2024-07-26,0.0,31.56,18.02,17.6
2024-07-27,0.0,32.68,16.91,16.82
2024-07-28,0.0,33.59,18.87,17.97
2024-07-29,0.0,33.53,18.95,17.65
2024-07-30,0.0,29.74,17.41,14.15
2024-07-31,0.0,32.65,16.97,17.19
2024-08-01,0.0,31.94,20.24,16.42
2024-08-02,0.0,31.44,20.36,17.31
2024-08-03,0.0,31.24,21.44,17.75
2024-08-04,0.0,31.6,19.72,17.31
2024-08-05,0.06,32.76,19.96,18.39
2024-08-06,0.0,32.45,20.79,18.55
2024-08-07,0.03,33.29,19.95,18.75
2024-08-08,0.02,34.1,19.72,11.79
2024-08-09,4.95,24.04,12.9,1.61
2024-08-10,1.08,20.8,9.64,19.96
2024-08-11,0.04,24.84,10.03,20.3
2024-08-12,0.0,25.31,9.89,17.44
2024-08-13,0.54,26.05,8.68,18.04
2024-08-14,0.0,29.76,13.35,17.99
2024-08-15,0.0,34.14,14.34,19.62
2024-08-16,0.1,35.22,17.24,19.53
2024-08-17,0.0,35.74,18.62,20.19
2024-08-18,0.0,35.98,19.1,20.54
2024-08-19,0.0,35.99,19.71,20.49
2024-08-20,0.04,36.05,20.21,20.46
2024-08-21,0.7,35.48,18.69,20.62
2024-08-22,0.0,35.85,18.81,20.86
2024-08-23,0.0,37.0,22.26,18.06
2024-08-24,6.08,30.23,16.93,12.0
2024-08-25,1.53,19.79,15.38,2.73
2024-08-26,0.0,24.74,11.6,20.8
2024-08-27,0.01,27.94,11.9,22.07
2024-08-28,0.0,32.34,13.53,21.56
2024-08-29,0.49,33.73,16.27,21.78
2024-08-30,0.69,33.89,17.99,22.33
2024-08-31,0.01,35.04,18.02,22.29
2024-09-01,0.04,36.35,19.37,22.32
2024-09-02,1.45,35.12,18.31,21.61
2024-09-03,0.0,37.02,19.76,22.67
2024-09-04,0.0,37.35,20.19,21.87
2024-09-05,0.77,35.18,20.61,16.48
2024-09-06,0.31,35.36,19.94,15.54
2024-09-07,1.59,36.86,20.94,18.69
2024-09-08,0.5,36.81,22.52,18.05
2024-09-09,0.01,36.07,21.78,18.43
2024-09-10,0.0,35.7,21.25,22.09
2024-09-11,0.02,36.38,19.87,23.44
2024-09-12,0.0,37.07,22.42,23.51
2024-09-13,0.0,37.72,22.24,22.84
2024-09-14,0.0,37.31,23.58,10.23
2024-09-15,1.04,35.96,22.54,13.81
2024-09-16,2.79,31.34,20.71,5.88
2024-09-17,0.1,32.17,18.9,21.66
2024-09-18,0.01,35.76,18.97,21.27
2024-09-19,0.04,38.51,22.19,21.22
2024-09-20,0.22,38.7,24.07,21.14
2024-09-21,0.41,35.44,23.06,10.69
2024-09-22,0.24,34.76,25.25,13.76
2024-09-23,0.0,38.83,24.45,16.7
2024-09-24,0.0,39.76,24.75,21.69
2024-09-25,0.01,40.49,24.63,23.35
2024-09-26,0.03,40.56,25.41,19.95
2024-09-27,1.17,33.14,25.41,7.84
2024-09-28,0.0,34.65,20.76,17.91
2024-09-29,0.0,37.16,21.38,23.6
2024-09-30,0.0,38.74,23.63,24.69
2024-10-01,0.0,38.66,24.89,23.19
2024-10-02,0.15,40.17,27.92,18.97
2024-10-03,0.12,39.45,27.19,14.55
2024-10-04,0.0,36.37,24.11,16.97
2024-10-05,0.0,36.82,21.09,24.73
2024-10-06,0.0,38.8,21.35,26.98
2024-10-07,0.0,40.43,22.11,24.9
2024-10-08,0.0,40.7,23.68,22.27
2024-10-09,3.06,39.64,26.14,8.52
2024-10-10,2.49,34.0,24.3,3.78
2024-10-11,9.02,37.1,25.03,11.74
2024-10-12,1.84,34.56,21.54,21.79
2024-10-13,0.01,35.89,23.26,26.01
2024-10-14,1.93,37.97,22.41,23.61
2024-10-15,10.93,30.55,23.92,23.19
2024-10-16,0.13,35.08,23.67,24.47
2024-10-17,0.0,36.33,25.4,23.74
2024-10-18,0.32,35.32,25.54,10.75
2024-10-19,27.65,31.23,23.24,12.77
2024-10-20,20.59,26.66,21.62,6.23
2024-10-21,0.51,27.89,23.28,13.52
2024-10-22,0.19,29.71,23.08,14.5
2024-10-23,1.99,30.81,22.89,17.85
2024-10-24,0.29,34.24,23.79,20.46
2024-10-25,11.48,34.19,25.42,18.59
2024-10-26,9.88,29.21,25.71,8.32
2024-10-27,0.0,31.4,24.18,14.76
2024-10-28,0.21,30.79,22.54,14.22
2024-10-29,0.06,32.8,24.18,25.7
2024-10-30,0.0,34.33,22.45,28.17
2024-10-31,0.0,34.39,22.49,24.87
2024-11-01,8.04,30.61,24.48,18.44
2024-11-02,10.82,29.83,23.07,10.08
2024-11-03,0.47,28.47,23.46,9.05
2024-11-04,29.57,30.4,23.19,16.25
2024-11-05,15.67,29.39,23.39,19.58
2024-11-06,25.43,29.7,23.45,18.39
2024-11-07,9.06,27.69,23.41,10.18
2024-11-08,4.15,29.7,22.9,14.22
2024-11-09,0.2,31.03,22.29,25.36
2024-11-10,0.0,31.27,22.68,27.99
2024-11-11,0.0,33.07,21.79,28.19
2024-11-12,0.05,33.73,24.24,19.3
2024-11-13,0.09,30.78,21.41,21.7
2024-11-14,0.0,31.79,22.87,25.36
2024-11-15,2.65,32.71,22.78,24.14
2024-11-16,8.48,31.6,23.42,22.32
2024-11-17,0.07,32.18,23.75,23.11
2024-11-18,0.03,33.19,23.94,27.07
2024-11-19,0.33,34.77,23.84,23.62
2024-11-20,1.11,33.18,25.48,16.45
2024-11-21,29.34,29.38,25.28,14.95
2024-11-22,1.9,29.38,22.6,17.29
2024-11-23,0.01,32.88,23.25,25.14
2024-11-24,0.0,33.05,21.96,30.14
2024-11-25,0.0,33.3,21.58,28.21
2024-11-26,0.04,34.99,23.48,29.27
2024-11-27,1.24,33.85,24.31,24.22
2024-11-28,8.55,32.15,25.93,23.56
2024-11-29,14.3,32.64,24.77,11.49
2024-11-30,4.13,33.62,24.46,25.22
2024-12-01,0.58,31.58,25.39,21.01
2024-12-02,13.53,28.47,25.01,14.1
2024-12-03,18.83,29.79,23.9,17.21
2024-12-04,13.99,30.67,23.21,15.53
2024-12-05,4.8,30.83,23.87,18.75
2024-12-06,0.77,31.07,23.62,22.81
2024-12-07,0.5,34.02,24.24,27.71
2024-12-08,4.9,31.0,25.51,16.42
2024-12-09,1.9,33.66,24.45,19.68
2024-12-10,2.89,31.82,25.13,21.05
2024-12-11,2.94,31.8,24.7,25.16
2024-12-12,0.72,31.39,22.58,25.24
2024-12-13,13.13,29.93,23.35,19.9
2024-12-14,14.8,29.39,23.28,11.73
2024-12-15,4.07,31.09,22.47,22.14
2024-12-16,0.08,31.08,22.06,27.17
2024-12-17,0.08,32.98,22.61,28.37
2024-12-18,0.0,33.39,22.72,29.03
2024-12-19,0.09,33.13,25.36,12.32
2024-12-20,8.62,32.48,24.78,18.75
2024-12-21,7.09,32.6,24.65,19.87
2024-12-22,1.23,29.15,24.59,19.6
2024-12-23,0.05,33.2,24.09,28.78
2024-12-24,1.38,32.25,24.13,24.91
2024-12-25,4.54,28.57,24.47,13.67
2024-12-26,9.37,30.92,23.45,16.37
2024-12-27,7.89,31.96,23.73,19.16
2024-12-28,1.38,33.1,23.95,25.57
2024-12-29,0.0,33.94,24.23,30.16
2024-12-30,0.43,33.36,22.85,27.27
2024-12-31,0.45,33.26,24.56,29.03
2025-01-01,2.4,34.67,24.38,21.11
2025-01-02,2.33,35.66,24.08,21.29
2025-01-03,2.52,34.29,25.03,20.13
2025-01-04,2.47,33.64,25.0,22.99
2025-01-05,0.07,36.09,23.1,28.35
2025-01-06,0.7,37.12,25.37,25.6
2025-01-07,0.14,37.75,25.3,27.16
2025-01-08,0.12,36.81,26.18,25.66
2025-01-09,0.94,36.72,25.53,28.41
2025-01-10,0.0,37.02,24.98,28.74
2025-01-11,8.66,38.95,24.62,26.03
2025-01-12,5.66,35.27,25.25,22.71
2025-01-13,0.18,34.81,25.83,23.65
2025-01-14,0.0,35.35,24.62,29.4
2025-01-15,0.0,35.13,24.06,25.28
2025-01-16,3.82,34.83,24.88,13.77
2025-01-17,7.31,30.12,24.93,17.93
2025-01-18,0.22,32.25,24.11,21.1
2025-01-19,0.61,35.15,24.93,25.66
2025-01-20,5.49,34.68,25.18,24.61
2025-01-21,0.78,35.08,24.55,27.29
2025-01-22,0.27,37.14,24.65,27.42
2025-01-23,0.05,37.15,26.92,20.72
2025-01-24,0.01,37.97,25.65,27.43
2025-01-25,1.15,37.48,27.27,24.58
2025-01-26,3.87,36.71,26.31,23.02
2025-01-27,6.05,31.13,25.56,18.65
2025-01-28,1.5,35.11,25.35,22.95
2025-01-29,0.65,33.24,26.23,25.39
2025-01-30,0.56,34.86,25.5,24.29
2025-01-31,9.67,31.04,25.05,12.68
2025-02-01,5.74,28.39,23.77,24.78
2025-02-02,8.7,30.1,23.63,20.52
2025-02-03,21.36,29.77,23.42,10.52
2025-02-04,17.5,29.71,23.16,16.52
2025-02-05,4.03,27.95,23.65,8.28
2025-02-06,3.73,28.89,22.76,17.47
2025-02-07,3.09,30.33,22.36,26.34
2025-02-08,0.59,31.35,22.44,26.38
2025-02-09,0.39,31.5,22.51,28.23
2025-02-10,2.83,31.76,22.44,23.44
2025-02-11,2.17,32.54,21.2,24.64
2025-02-12,0.29,30.34,23.09,21.73
2025-02-13,3.91,30.27,22.78,20.83
2025-02-14,1.02,33.0,22.15,22.38
2025-02-15,0.22,34.59,23.87,25.05
2025-02-16,0.18,35.53,25.38,26.68
2025-02-17,0.85,35.99,26.21,26.0
2025-02-18,1.74,35.48,25.31,23.82
2025-02-19,0.21,36.1,26.13,20.23
2025-02-20,0.11,37.83,27.66,26.47
2025-02-21,0.05,38.42,27.33,24.78
2025-02-22,0.43,37.12,27.28,25.19
2025-02-23,3.6,33.32,25.93,20.94
2025-02-24,0.14,32.49,25.71,18.42
2025-02-25,0.27,29.63,25.27,19.26
2025-02-26,0.29,34.41,24.1,20.7
2025-02-27,0.22,36.33,24.66,22.78
2025-02-28,0.08,37.47,25.19,25.51
2025-03-01,0.0,37.76,25.95,26.98
2025-03-02,0.0,34.74,24.35,21.24
2025-03-03,0.0,35.61,23.55,21.57
2025-03-04,0.27,37.38,25.41,23.67
2025-03-05,0.4,35.01,25.58,24.8
2025-03-06,0.01,35.08,25.76,25.64
2025-03-07,0.0,36.53,22.63,25.47
2025-03-08,0.0,36.76,24.13,24.94
2025-03-09,0.0,36.52,25.75,25.8
2025-03-10,0.34,37.25,26.12,23.49
2025-03-11,4.43,33.65,25.13,15.81
2025-03-12,0.01,36.87,24.22,22.61
2025-03-13,0.17,34.2,25.16,16.54
2025-03-14,0.0,37.7,24.66,23.22
2025-03-15,0.0,38.32,25.78,23.4
2025-03-16,0.43,38.64,25.73,23.26
2025-03-17,16.76,34.69,25.83,19.2
2025-03-18,19.36,32.13,25.71,19.68
2025-03-19,4.14,32.29,24.17,17.29
2025-03-20,0.02,32.47,23.45,24.23
2025-03-21,0.0,32.66,21.37,25.6
2025-03-22,0.03,33.75,21.69,21.27
2025-03-23,1.11,33.72,24.3,20.26
2025-03-24,1.65,33.69,25.8,20.81
2025-03-25,0.32,34.57,26.62,22.73
2025-03-26,1.17,35.11,27.06,20.76
2025-03-27,0.03,36.05,24.55,22.08
2025-03-28,0.03,37.02,24.64,22.07
2025-03-29,0.75,36.69,25.99,19.27
2025-03-30,8.4,35.8,25.06,20.05
2025-03-31,3.58,29.83,25.3,9.99
