data,PRECTOTCORR,T2M_MAX,T2M_MIN,ALLSKY_SFC_SW_DWN
2013-10-01,9.53,27.46,14.67,15.42
2013-10-02,18.13,25.55,16.42,13.3
2013-10-03,32.96,25.07,15.42,5.76
2013-10-04,5.06,25.41,15.09,12.07
2013-10-05,0.01,25.05,10.65,27.32
2013-10-06,0.05,23.89,10.92,20.81
2013-10-07,0.13,21.61,9.99,18.69
2013-10-08,0.02,22.22,8.41,24.01
2013-10-09,0.0,24.86,10.75,22.19
2013-10-10,0.0,26.13,11.81,19.17
2013-10-11,0.0,25.4,13.75,23.04
2013-10-12,0.25,25.05,14.54,14.47
2013-10-13,0.36,27.83,13.56,19.1
2013-10-14,0.16,28.93,17.61,19.25
2013-10-15,16.15,25.2,17.17,13.83
2013-10-16,10.92,19.33,14.54,5.36
2013-10-17,2.1,26.51,13.42,9.84
2013-10-18,0.32,27.31,14.65,23.4
2013-10-19,0.03,28.47,14.07,25.34
2013-10-20,0.0,29.83,13.21,28.71
2013-10-21,9.83,31.48,15.19,20.89
2013-10-22,0.04,30.74,17.38,18.82
2013-10-23,0.22,30.64,16.09,20.67
2013-10-24,7.88,27.74,18.97,16.52
2013-10-25,3.2,24.37,15.53,12.79
2013-10-26,5.48,27.4,15.39,20.63
2013-10-27,0.64,31.56,16.15,24.83
2013-10-28,0.05,25.41,11.81,24.78
2013-10-29,0.02,26.55,9.12,26.61
2013-10-30,2.88,26.02,12.21,23.6
2013-10-31,5.09,27.9,13.72,23.99
2013-11-01,0.13,27.92,13.83,17.5
2013-11-02,0.01,30.35,13.97,20.44
2013-11-03,9.39,29.69,16.47,17.38
2013-11-04,6.76,26.97,14.92,9.2
2013-11-05,0.23,24.54,13.32,14.53
2013-11-06,0.5,19.39,13.5,12.69
2013-11-07,0.35,25.42,13.66,11.98
2013-11-08,0.03,28.75,13.83,22.73
2013-11-09,0.01,30.88,14.56,25.58
2013-11-10,0.0,33.86,16.66,26.96
2013-11-11,2.27,32.52,18.39,16.96
2013-11-12,0.16,30.5,17.18,21.55
2013-11-13,0.0,29.4,14.63,24.35
2013-11-14,0.0,30.43,13.06,32.11
2013-11-15,1.84,31.18,13.39,28.05
2013-11-16,11.12,30.81,17.68,16.37
2013-11-17,2.05,27.6,14.52,9.47
2013-11-18,0.16,30.52,14.18,17.07
2013-11-19,3.53,31.56,15.65,23.55
2013-11-20,5.57,30.08,18.91,22.22
2013-11-21,6.68,31.16,19.64,18.13
2013-11-22,15.58,31.55,15.16,7.96
2013-11-23,1.84,23.61,14.43,12.47
2013-11-24,4.33,25.05,15.72,15.17
2013-11-25,2.8,26.82,16.72,14.96
2013-11-26,1.04,29.49,15.7,21.13
2013-11-27,12.15,29.38,16.11,24.02
2013-11-28,1.98,34.45,17.3,25.82
2013-11-29,8.21,32.56,18.36,16.66
2013-11-30,0.78,30.39,18.88,17.65
2013-12-01,0.14,30.35,17.97,14.93
2013-12-02,0.1,29.84,17.78,22.43
2013-12-03,0.0,33.08,18.46,30.28
2013-12-04,0.0,34.66,16.56,29.73
2013-12-05,6.5,29.48,19.97,15.82
2013-12-06,0.01,32.08,19.07,22.86
2013-12-07,4.06,28.06,17.33,11.17
2013-12-08,1.21,32.82,17.91,20.15
2013-12-09,1.2,31.8,19.26,24.06
2013-12-10,6.7,31.75,19.46,19.93
2013-12-11,0.77,26.34,17.2,18.44
2013-12-12,0.11,30.4,15.78,18.6
2013-12-13,0.01,31.46,15.02,22.6
2013-12-14,0.05,33.96,16.32,20.49
2013-12-15,0.17,33.55,18.14,24.84
2013-12-16,0.03,33.38,17.04,26.19
2013-12-17,0.05,31.33,16.16,27.95
2013-12-18,0.02,32.31,13.83,31.42
2013-12-19,0.66,31.2,15.82,25.68
2013-12-20,0.21,32.44,17.77,26.04
2013-12-21,1.18,31.96,16.69,27.81
2013-12-22,2.58,30.91,16.96,20.01
2013-12-23,0.43,31.8,17.19,21.14
2013-12-24,0.05,32.32,17.48,24.85
2013-12-25,1.61,32.71,18.31,22.24
2013-12-26,0.19,36.36,20.71,25.3
2013-12-27,0.62,33.78,21.52,23.07
2013-12-28,9.05,32.06,21.59,9.17
2013-12-29,13.91,25.53,20.84,20.41
2013-12-30,1.87,29.0,20.04,15.32
2013-12-31,9.2,30.71,20.35,21.59
2014-01-01,26.49,29.77,20.9,16.56
2014-01-02,7.11,29.75,20.11,23.16
2014-01-03,15.43,27.78,21.62,16.52
2014-01-04,9.68,31.01,18.52,16.84
2014-01-05,2.49,25.63,18.01,15.76
2014-01-06,1.67,29.71,18.91,15.23
2014-01-07,0.14,30.43,18.29,26.19
2014-01-08,2.89,29.37,20.09,23.85
2014-01-09,1.98,27.57,19.12,18.66
2014-01-10,0.59,32.31,18.23,27.25
2014-01-11,6.73,31.39,19.64,20.02
2014-01-12,27.36,27.25,20.04,17.36
2014-01-13,6.24,24.64,18.36,13.21
2014-01-14,1.04,29.29,16.56,19.22
2014-01-15,5.52,27.69,17.64,16.32
2014-01-16,6.25,24.2,18.78,13.31
2014-01-17,1.06,30.47,17.38,23.79
2014-01-18,0.1,31.08,16.7,30.74
2014-01-19,0.03,31.97,15.76,30.57
2014-01-20,0.02,34.2,15.58,31.46
2014-01-21,0.09,32.86,17.54,26.63
2014-01-22,0.61,32.18,20.65,25.0
2014-01-23,4.19,31.52,21.19,21.7
2014-01-24,1.45,32.11,20.39,23.94
2014-01-25,0.5,33.32,20.2,25.38
2014-01-26,2.42,34.18,20.52,25.78
2014-01-27,2.51,34.81,20.87,25.93
2014-01-28,1.18,34.08,19.89,29.25
2014-01-29,0.32,34.27,20.52,28.38
2014-01-30,0.03,36.1,17.78,27.85
2014-01-31,0.08,37.46,19.13,27.44
2014-02-01,0.06,37.92,19.1,29.71
2014-02-02,0.0,34.34,19.95,27.9
2014-02-03,0.0,35.47,21.71,27.24
2014-02-04,0.03,35.2,22.1,25.07
2014-02-05,2.08,36.68,20.93,25.14
2014-02-06,0.02,38.73,20.15,27.81
2014-02-07,0.03,36.5,19.8,28.8
2014-02-08,0.53,38.1,19.36,25.91
2014-02-09,1.26,36.03,20.15,28.21
2014-02-10,0.1,38.68,18.98,27.99
2014-02-11,0.01,37.08,18.75,28.62
2014-02-12,1.75,28.34,19.39,21.66
2014-02-13,1.22,33.4,20.01,16.81
2014-02-14,20.97,32.26,17.75,14.49
2014-02-15,28.46,20.83,17.52,7.94
2014-02-16,6.11,26.53,17.92,12.55
2014-02-17,0.77,29.93,17.97,20.35
2014-02-18,0.05,30.1,18.17,20.52
2014-02-19,0.01,30.29,16.74,24.29
2014-02-20,0.01,30.96,16.28,23.79
2014-02-21,6.88,29.84,18.49,18.09
2014-02-22,3.57,27.85,19.53,8.46
2014-02-23,6.48,28.39,18.7,7.67
2014-02-24,4.54,25.62,18.58,16.01
2014-02-25,1.27,30.38,17.21,18.27
2014-02-26,0.26,33.2,18.27,21.77
2014-02-27,13.02,29.45,19.69,16.55
2014-02-28,5.25,28.65,19.15,9.63
2014-03-01,0.71,30.22,18.06,21.94
2014-03-02,0.19,30.65,17.79,21.05
2014-03-03,0.05,30.22,18.3,15.48
2014-03-04,15.11,26.54,18.62,14.18
2014-03-05,4.72,26.3,18.76,10.63
2014-03-06,5.34,31.18,18.94,21.07
2014-03-07,1.18,28.93,18.78,14.97
2014-03-08,1.05,30.12,17.34,20.93
2014-03-09,0.46,30.08,16.92,20.92
2014-03-10,2.88,31.0,16.94,24.19
2014-03-11,3.64,27.04,19.1,17.34
2014-03-12,6.26,25.12,18.79,7.69
2014-03-13,4.04,27.08,18.01,9.85
2014-03-14,3.01,30.9,18.59,22.75
2014-03-15,0.66,32.14,18.28,21.75
2014-03-16,0.44,30.7,20.32,21.36
2014-03-17,1.55,32.32,19.35,22.34
2014-03-18,0.96,33.34,18.45,19.09
2014-03-19,5.19,30.53,18.65,20.58
2014-03-20,10.31,25.56,19.63,9.63
2014-03-21,13.25,24.6,20.22,4.01
2014-03-22,2.65,30.47,18.59,13.48
2014-03-23,1.04,26.24,15.05,10.11
2014-03-24,0.36,27.53,13.87,13.2
2014-03-25,0.08,28.46,15.83,17.98
2014-03-26,0.1,27.71,15.7,15.37
2014-03-27,0.89,29.52,16.2,18.04
2014-03-28,0.1,30.91,17.39,19.17
2014-03-29,0.63,29.6,17.72,19.4
2014-03-30,10.08,23.33,19.1,5.11
2014-03-31,5.44,27.75,19.16,11.17
2014-04-01,0.88,31.71,19.09,15.71
2014-04-02,0.33,30.62,18.34,17.89
2014-04-03,0.53,30.29,17.85,12.6
2014-04-04,0.11,30.04,18.29,12.57
2014-04-05,0.0,30.39,18.21,21.89
2014-04-06,0.0,31.54,16.83,21.66
2014-04-07,0.0,31.96,17.28,18.34
2014-04-08,0.35,31.79,17.74,16.04
2014-04-09,3.06,30.85,20.36,4.1
2014-04-10,0.09,30.66,18.72,14.19
2014-04-11,0.03,31.34,18.92,15.39
2014-04-12,30.93,25.67,19.99,7.92
2014-04-13,3.77,25.55,18.98,8.52
2014-04-14,0.97,20.53,15.63,7.33
2014-04-15,10.93,21.04,14.6,3.93
2014-04-16,1.03,25.79,14.39,12.44
2014-04-17,1.12,28.42,15.35,15.75
2014-04-18,0.58,28.93,16.16,16.1
2014-04-19,7.1,28.03,16.93,10.51
2014-04-20,0.73,28.98,17.23,14.57
2014-04-21,5.98,26.48,16.47,14.38
2014-04-22,3.43,21.93,17.88,9.57
2014-04-23,2.02,24.69,17.32,10.0
2014-04-24,1.57,20.05,15.04,11.06
2014-04-25,0.12,25.51,13.84,13.11
2014-04-26,0.06,23.71,13.81,13.25
2014-04-27,0.12,23.12,13.02,14.8
2014-04-28,0.09,23.22,12.82,13.35
2014-04-29,0.0,24.71,11.55,17.51
2014-04-30,0.0,25.08,11.88,12.24
2014-05-01,5.32,23.06,14.04,7.08
2014-05-02,0.0,26.29,12.53,17.69
2014-05-03,0.0,26.62,12.94,15.11
2014-05-04,0.0,27.23,13.9,16.14
2014-05-05,0.01,25.41,14.67,10.57
2014-05-06,0.0,27.88,15.41,12.72
2014-05-07,0.0,28.65,15.42,15.73
2014-05-08,0.02,28.56,15.31,15.94
2014-05-09,0.1,26.92,13.8,15.55
2014-05-10,0.05,23.9,13.21,11.3
2014-05-11,0.06,23.63,13.28,12.81
2014-05-12,0.01,25.16,12.32,14.66
2014-05-13,0.0,26.45,11.45,14.51
2014-05-14,0.54,26.0,14.93,7.02
2014-05-15,0.18,27.48,13.97,13.4
2014-05-16,0.0,28.13,13.76,11.57
2014-05-17,0.0,27.07,14.5,11.19
2014-05-18,0.12,26.37,14.76,11.06
2014-05-19,0.01,26.64,14.01,13.63
2014-05-20,0.12,26.82,12.83,13.9
2014-05-21,0.04,26.66,11.25,13.77
2014-05-22,32.38,22.22,14.44,3.09
2014-05-23,23.47,21.45,14.15,2.79
2014-05-24,5.93,17.28,12.09,6.44
2014-05-25,16.54,17.13,11.88,2.81
2014-05-26,9.34,18.48,9.52,10.94
2014-05-27,0.09,19.36,8.0,8.36
2014-05-28,0.02,19.83,9.93,12.17
2014-05-29,0.0,20.61,10.8,7.12
2014-05-30,0.0,21.88,11.54,13.75
2014-05-31,0.81,22.37,11.15,8.83
2014-06-01,4.31,21.83,13.02,7.47
2014-06-02,0.0,19.51,6.93,16.42
2014-06-03,0.12,19.16,4.4,15.66
2014-06-04,0.07,20.39,5.2,15.22
2014-06-05,12.77,22.52,10.68,8.13
2014-06-06,68.07,19.91,16.16,3.52
2014-06-07,0.58,21.95,16.7,5.86
2014-06-08,0.31,25.27,16.33,10.12
2014-06-09,2.44,22.63,13.88,6.92
2014-06-10,0.01,20.9,13.24,5.65
2014-06-11,0.05,21.36,12.69,8.55
2014-06-12,0.01,23.99,13.59,13.58
2014-06-13,0.0,24.75,13.22,14.41
2014-06-14,0.05,24.23,12.17,8.18
2014-06-15,1.0,24.17,15.21,5.89
2014-06-16,0.17,25.05,13.64,9.22
2014-06-17,6.13,24.79,12.58,12.83
2014-06-18,11.49,24.49,12.69,8.46
2014-06-19,1.02,17.18,10.38,5.4
2014-06-20,0.0,18.78,9.09,5.04
2014-06-21,0.0,19.01,9.59,10.71
2014-06-22,0.0,22.55,10.66,12.96
2014-06-23,0.1,24.04,12.0,13.51
2014-06-24,0.0,24.55,11.34,13.25
2014-06-25,0.01,24.04,12.17,11.62
2014-06-26,0.0,23.57,11.7,12.34
2014-06-27,0.0,25.0,12.64,10.22
2014-06-28,4.87,21.73,13.55,9.21
2014-06-29,7.23,18.34,9.51,10.05
2014-06-30,0.02,17.95,7.15,16.14
2014-07-01,0.0,19.0,3.26,16.08
2014-07-02,0.1,22.59,10.9,11.65
2014-07-03,0.0,26.63,12.86,13.09
2014-07-04,0.0,27.37,14.71,14.04
2014-07-05,0.0,26.23,13.48,13.6
2014-07-06,0.0,23.7,12.11,11.58
2014-07-07,0.73,23.07,13.15,10.18
2014-07-08,1.94,20.35,12.98,6.91
2014-07-09,8.69,17.78,12.0,4.43
2014-07-10,3.04,19.28,11.66,6.17
2014-07-11,0.24,20.52,11.01,7.56
2014-07-12,0.47,21.22,11.82,10.3
2014-07-13,0.28,22.22,12.58,11.73
2014-07-14,0.05,22.15,11.84,12.5
2014-07-15,0.01,22.25,11.62,13.66
2014-07-16,0.04,23.08,11.95,11.09
2014-07-17,1.41,24.96,11.54,12.29
2014-07-18,6.49,18.0,8.36,7.73
2014-07-19,0.0,18.86,4.34,17.24
2014-07-20,0.02,20.49,4.74,16.68
2014-07-21,0.01,21.6,7.13,16.64
2014-07-22,0.0,24.83,9.52,16.23
2014-07-23,0.17,25.55,9.64,14.89
2014-07-24,24.56,17.63,11.01,2.24
2014-07-25,0.42,18.71,9.21,14.47
2014-07-26,0.01,19.75,6.77,14.43
2014-07-27,0.04,17.59,10.76,7.86
2014-07-28,0.03,18.93,10.13,7.55
2014-07-29,0.06,20.94,11.53,7.85
2014-07-30,0.05,23.4,11.03,11.71
2014-07-31,0.06,24.34,10.15,16.4
2014-08-01,0.0,25.92,11.82,16.56
2014-08-02,1.67,27.1,12.66,17.47
2014-08-03,0.0,27.19,14.22,16.87
2014-08-04,0.0,27.37,10.49,17.72
2014-08-05,0.0,21.46,8.75,17.71
2014-08-06,0.0,23.25,8.84,18.92
2014-08-07,0.0,26.06,7.7,18.09
2014-08-08,0.36,26.76,11.49,8.1
2014-08-09,0.14,24.22,11.24,7.85
2014-08-10,0.0,21.01,11.67,12.78
2014-08-11,0.0,27.15,10.05,18.23
2014-08-12,0.06,28.8,12.62,18.19
2014-08-13,4.62,17.31,8.4,3.9
2014-08-14,0.02,18.65,6.26,11.94
2014-08-15,0.48,22.1,9.46,7.75
2014-08-16,2.0,25.31,13.02,4.67
2014-08-17,2.15,19.97,14.05,10.6
2014-08-18,0.11,27.44,13.0,13.16
2014-08-19,0.0,26.35,11.43,19.66
2014-08-20,0.0,26.79,10.24,20.43
2014-08-21,0.0,27.95,11.15,20.48
2014-08-22,0.0,29.62,11.86,20.01
2014-08-23,0.0,30.26,11.78,19.91
2014-08-24,0.0,29.63,11.36,20.46
2014-08-25,0.01,30.2,10.99,19.68
2014-08-26,2.04,26.66,12.47,17.98
2014-08-27,0.0,25.08,7.85,22.14
2014-08-28,0.44,25.69,8.53,15.79
2014-08-29,0.0,26.16,9.85,13.16
2014-08-30,0.0,29.49,10.1,18.97
2014-08-31,13.75,29.28,11.83,8.36
2014-09-01,0.67,27.17,16.16,19.98
2014-09-02,16.81,27.69,15.83,16.21
2014-09-03,0.03,27.38,15.61,16.88
2014-09-04,0.04,22.47,13.63,15.3
2014-09-05,0.02,22.93,12.04,16.62
2014-09-06,0.11,26.95,10.87,21.0
2014-09-07,0.41,24.03,12.84,7.23
2014-09-08,0.02,30.13,14.54,20.46
2014-09-09,0.0,30.44,14.23,23.09
2014-09-10,0.0,30.87,11.55,22.86
2014-09-11,0.01,33.63,13.93,21.31
2014-09-12,0.02,32.05,14.94,21.86
2014-09-13,0.0,31.08,13.83,23.96
2014-09-14,0.0,31.93,12.05,23.13
2014-09-15,0.02,32.13,13.87,7.8
2014-09-16,0.01,30.27,12.94,24.24
2014-09-17,0.0,30.65,12.78,19.18
2014-09-18,2.99,31.89,12.36,13.8
2014-09-19,8.18,25.18,15.39,4.5
2014-09-20,33.97,24.9,16.39,5.77
2014-09-21,0.67,26.63,14.26,25.03
2014-09-22,0.0,24.22,12.13,23.37
2014-09-23,0.0,28.88,10.41,24.44
2014-09-24,18.87,29.37,13.41,5.06
2014-09-25,19.53,25.22,13.61,7.01
2014-09-26,20.48,24.78,17.7,3.36
2014-09-27,11.8,21.27,14.98,4.46
2014-09-28,8.21,25.44,14.36,3.7
2014-09-29,3.64,28.39,16.55,7.9
2014-09-30,8.01,28.94,17.71,18.59
2014-10-01,0.9,28.91,17.39,16.06
2014-10-02,0.04,23.42,13.54,18.2
2014-10-03,0.01,21.13,11.6,16.13
2014-10-04,0.02,21.53,11.36,15.41
2014-10-05,0.0,23.09,10.85,22.6
2014-10-06,0.0,25.32,10.8,22.67
2014-10-07,0.0,28.26,11.6,23.14
2014-10-08,0.0,29.84,12.85,23.69
2014-10-09,0.0,31.65,12.21,26.57
2014-10-10,0.0,33.57,13.27,27.17
2014-10-11,0.0,35.36,15.59,25.53
2014-10-12,0.0,35.99,16.73,25.5
2014-10-13,0.01,37.23,18.43,25.65
2014-10-14,0.02,36.26,18.69,19.33
2014-10-15,0.02,35.12,17.94,11.59
2014-10-16,0.0,36.32,17.55,22.45
2014-10-17,0.59,37.35,18.0,22.66
2014-10-18,0.22,36.23,18.0,15.33
2014-10-19,4.95,35.15,18.57,19.22
2014-10-20,0.03,32.22,17.11,6.75
2014-10-21,0.01,27.19,13.81,20.51
2014-10-22,0.02,28.09,13.1,14.18
2014-10-23,0.0,31.26,13.54,21.55
2014-10-24,2.18,32.82,15.31,17.81
2014-10-25,2.04,25.69,17.21,14.36
2014-10-26,12.75,30.65,17.21,19.16
2014-10-27,0.94,31.04,16.07,25.78
2014-10-28,0.0,30.18,11.75,30.51
2014-10-29,0.0,32.39,12.04,29.97
2014-10-30,0.0,35.44,14.45,28.85
2014-10-31,0.53,32.28,18.24,23.15
2014-11-01,2.41,32.4,18.88,22.11
2014-11-02,3.32,30.56,19.86,16.35
2014-11-03,2.21,31.81,18.99,19.73
2014-11-04,19.42,27.24,20.25,11.23
2014-11-05,4.0,36.21,16.69,11.08
2014-11-06,7.1,31.99,16.08,22.21
2014-11-07,3.14,28.65,16.87,10.92
2014-11-08,1.5,28.0,18.05,16.63
2014-11-09,0.09,30.71,15.74,24.82
2014-11-10,0.0,30.88,14.06,30.31
2014-11-11,0.05,32.19,12.15,29.19
2014-11-12,0.02,28.1,14.97,19.18
2014-11-13,10.58,32.37,15.96,20.24
2014-11-14,9.33,24.29,14.79,8.72
2014-11-15,0.03,26.71,12.96,21.2
2014-11-16,0.0,29.05,10.91,30.97
2014-11-17,0.0,28.47,11.9,32.39
2014-11-18,0.0,30.84,11.32,30.58
2014-11-19,6.95,30.36,14.54,23.35
2014-11-20,7.05,29.57,16.89,17.69
2014-11-21,5.67,31.21,17.97,18.66
2014-11-22,11.46,25.41,19.36,13.56
2014-11-23,2.23,31.68,17.82,16.55
2014-11-24,6.6,29.96,17.66,16.05
2014-11-25,9.6,25.02,18.18,10.15
2014-11-26,1.34,30.02,18.26,19.82
2014-11-27,0.28,29.87,19.4,20.88
2014-11-28,0.01,25.21,17.54,18.0
2014-11-29,0.02,29.33,16.48,16.46
2014-11-30,0.83,32.18,17.07,14.14
2014-12-01,0.29,33.15,17.78,20.1
2014-12-02,0.14,32.89,19.73,26.48
2014-12-03,0.51,31.68,19.47,17.21
2014-12-04,6.04,28.88,17.11,8.53
2014-12-05,0.76,29.79,15.62,26.05
2014-12-06,0.02,31.63,14.68,23.05
2014-12-07,0.61,32.62,17.45,25.7
2014-12-08,5.12,25.85,18.44,19.33
2014-12-09,9.5,26.42,17.9,15.85
2014-12-10,14.81,23.77,18.82,17.03
2014-12-11,3.2,30.27,18.92,18.98
2014-12-12,22.43,28.83,19.52,20.48
2014-12-13,14.29,28.95,19.55,17.97
2014-12-14,1.62,30.65,17.53,22.96
2014-12-15,0.09,28.9,15.24,22.85
2014-12-16,0.01,30.14,14.6,29.02
2014-12-17,0.06,31.79,14.64,27.16
2014-12-18,0.08,32.12,17.47,22.55
2014-12-19,14.98,32.35,18.24,23.36
2014-12-20,1.26,31.44,19.77,26.76
2014-12-21,3.6,27.78,20.87,15.17
2014-12-22,21.7,25.17,19.54,4.3
2014-12-23,13.59,23.06,15.59,10.75
2014-12-24,3.56,23.64,15.3,10.12
2014-12-25,10.39,30.5,15.85,20.5
2014-12-26,2.52,31.43,18.83,21.12
2014-12-27,0.29,32.52,20.26,21.44
2014-12-28,3.06,32.73,20.32,22.28
2014-12-29,6.78,26.41,20.55,13.24
2014-12-30,0.97,30.19,19.69,22.99
2014-12-31,4.48,29.61,20.33,17.27
2015-01-01,7.85,30.08,20.15,22.37
2015-01-02,4.1,28.94,20.8,22.41
2015-01-03,3.77,28.54,20.01,17.09
2015-01-04,9.45,27.65,19.48,12.87
2015-01-05,7.23,30.83,19.46,23.27
2015-01-06,1.92,30.78,19.3,24.17
2015-01-07,3.46,28.87,19.67,20.4
2015-01-08,6.73,31.19,19.84,21.1
2015-01-09,5.28,33.87,20.39,25.68
2015-01-10,4.45,33.02,19.52,22.07
2015-01-11,1.62,35.05,20.01,26.88
2015-01-12,0.11,30.97,21.48,26.39
2015-01-13,2.51,31.03,20.26,25.62
2015-01-14,1.67,32.75,20.48,22.34
2015-01-15,0.01,36.16,17.79,26.53
2015-01-16,0.21,33.1,20.0,26.99
2015-01-17,0.1,32.45,20.57,23.78
2015-01-18,0.17,34.79,22.04,24.59
2015-01-19,0.36,34.42,21.28,25.46
2015-01-20,0.62,32.87,20.13,23.4
2015-01-21,1.2,34.98,20.21,25.56
2015-01-22,0.72,31.15,18.58,23.45
2015-01-23,0.08,31.76,17.46,24.72
2015-01-24,0.25,32.27,17.99,26.11
2015-01-25,2.11,28.7,18.92,24.32
2015-01-26,2.51,27.94,19.38,22.59
2015-01-27,4.46,29.08,19.47,17.8
2015-01-28,17.82,27.23,19.15,13.06
2015-01-29,3.0,27.58,20.3,14.92
2015-01-30,4.94,25.09,17.97,8.35
2015-01-31,2.35,30.47,16.99,14.85
2015-02-01,0.7,33.17,18.11,18.74
2015-02-02,0.97,33.11,18.71,22.31
2015-02-03,3.21,31.83,18.37,22.86
2015-02-04,17.13,23.11,19.34,13.88
2015-02-05,6.97,29.42,18.48,18.72
2015-02-06,6.46,29.62,16.86,23.43
2015-02-07,10.99,29.48,16.43,24.3
2015-02-08,3.58,31.98,17.29,26.31
2015-02-09,1.18,32.68,17.21,24.06
2015-02-10,4.79,30.95,19.68,20.04
2015-02-11,0.93,29.97,21.47,21.42
2015-02-12,2.08,28.23,21.63,18.72
2015-02-13,7.85,31.01,20.64,17.11
2015-02-14,30.21,26.14,20.45,11.71
2015-02-15,25.52,24.5,17.1,8.09
2015-02-16,7.05,25.84,16.62,10.51
2015-02-17,17.31,23.08,17.85,8.24
2015-02-18,26.4,26.03,18.2,14.71
2015-02-19,14.2,24.67,20.15,17.78
2015-02-20,21.33,25.49,20.33,14.89
2015-02-21,8.95,29.54,19.49,21.26
2015-02-22,0.0,30.21,18.74,26.7
2015-02-23,0.19,30.02,18.03,23.06
2015-02-24,5.33,30.13,19.54,15.87
2015-02-25,4.34,29.95,18.01,20.35
2015-02-26,1.62,31.66,19.81,23.79
2015-02-27,5.73,30.21,19.34,21.92
2015-02-28,7.32,28.01,18.11,12.35
2015-03-01,0.6,27.49,17.19,25.22
2015-03-02,0.0,29.77,16.21,20.08
2015-03-03,0.0,30.89,17.35,25.2
2015-03-04,2.37,30.9,18.03,23.6
2015-03-05,17.05,29.72,19.52,17.27
2015-03-06,59.75,29.16,19.85,10.82
2015-03-07,28.95,25.58,19.13,15.24
2015-03-08,6.04,26.28,18.51,8.53
2015-03-09,15.32,24.05,19.04,10.95
2015-03-10,2.91,26.93,18.23,16.82
2015-03-11,4.41,28.1,17.74,13.65
2015-03-12,3.54,27.87,19.37,22.56
2015-03-13,1.79,26.66,18.81,17.36
2015-03-14,8.18,26.39,19.06,11.33
2015-03-15,3.79,28.67,17.68,20.95
2015-03-16,1.22,30.02,18.72,15.97
2015-03-17,0.27,28.37,18.6,16.15
2015-03-18,1.33,25.03,18.12,13.44
2015-03-19,12.4,25.53,18.32,9.57
2015-03-20,3.93,25.3,17.31,13.53
2015-03-21,9.28,29.47,17.87,11.72
2015-03-22,1.15,26.99,16.78,14.65
2015-03-23,0.23,26.59,16.55,15.24
2015-03-24,0.02,27.17,15.84,19.25
2015-03-25,0.01,26.45,15.23,20.09
2015-03-26,0.34,30.43,15.36,21.71
2015-03-27,1.22,29.55,17.98,16.02
2015-03-28,19.0,28.08,18.69,11.59
2015-03-29,8.12,26.94,17.82,8.89
2015-03-30,2.49,25.75,17.17,14.04
2015-03-31,0.17,28.38,16.64,23.51
2015-04-01,0.64,27.17,15.52,18.41
2015-04-02,0.0,27.59,16.6,19.19
2015-04-03,0.0,25.99,15.23,22.94
2015-04-04,1.77,28.44,15.04,18.79
2015-04-05,2.06,27.67,17.49,11.66
2015-04-06,0.31,25.62,15.73,13.7
2015-04-07,0.11,23.35,13.54,14.38
2015-04-08,0.13,24.23,12.53,16.87
2015-04-09,0.15,25.77,14.27,18.95
2015-04-10,0.05,26.63,14.84,20.03
2015-04-11,0.0,26.72,14.77,21.17
2015-04-12,0.0,27.65,14.65,18.89
2015-04-13,0.0,26.22,15.19,19.12
2015-04-14,0.05,25.48,15.39,15.91
2015-04-15,4.33,27.43,16.43,13.31
2015-04-16,6.64,28.17,17.51,15.15
2015-04-17,1.67,26.64,16.33,15.87
2015-04-18,0.54,27.07,16.78,14.1
2015-04-19,14.9,27.2,18.47,10.95
2015-04-20,4.31,28.62,19.02,15.02
2015-04-21,9.84,29.64,17.72,9.32
2015-04-22,15.17,21.45,15.66,4.79
2015-04-23,0.62,26.14,15.16,9.82
2015-04-24,0.18,27.33,15.73,16.04
2015-04-25,0.06,24.51,13.72,18.6
2015-04-26,0.26,24.33,13.25,16.21
2015-04-27,0.1,25.33,14.02,16.55
2015-04-28,0.06,26.1,14.69,16.25
2015-04-29,0.24,23.21,14.53,11.14
2015-04-30,0.04,22.53,13.35,10.64
2015-05-01,0.0,23.41,11.8,18.03
2015-05-02,0.0,24.12,12.54,18.44
2015-05-03,6.31,25.68,12.04,11.66
2015-05-04,28.41,25.01,17.09,9.03
2015-05-05,0.13,22.76,14.66,9.32
2015-05-06,0.06,23.57,13.17,14.69
2015-05-07,0.05,22.64,12.43,14.68
2015-05-08,0.0,18.56,10.98,12.21
2015-05-09,0.34,24.15,10.26,16.16
2015-05-10,8.54,21.16,13.16,2.07
2015-05-11,8.6,22.52,11.6,12.44
2015-05-12,0.39,21.87,9.84,10.2
2015-05-13,0.13,21.39,13.19,13.37
2015-05-14,0.12,22.38,13.24,11.06
2015-05-15,0.02,22.83,14.17,12.12
2015-05-16,0.01,22.7,12.58,12.86
2015-05-17,0.0,22.24,12.7,10.42
2015-05-18,0.54,22.8,14.41,7.41
2015-05-19,0.37,23.3,13.86,10.76
2015-05-20,3.13,20.4,14.42,9.83
2015-05-21,0.29,24.17,14.89,10.5
2015-05-22,0.0,24.83,14.71,14.04
2015-05-23,0.01,25.25,13.34,14.81
2015-05-24,0.65,25.81,14.88,11.67
2015-05-25,2.37,26.5,16.85,8.35
2015-05-26,3.94,25.94,18.06,7.8
2015-05-27,1.82,25.1,16.66,11.75
2015-05-28,3.15,18.87,13.79,6.64
2015-05-29,0.21,20.56,11.46,14.08
2015-05-30,0.7,19.84,10.71,5.92
2015-05-31,6.74,18.27,12.09,5.66
2015-06-01,0.08,22.42,11.8,7.47
2015-06-02,0.0,20.8,11.74,8.54
2015-06-03,0.01,22.49,11.6,7.18
2015-06-04,0.0,24.87,12.46,12.42
2015-06-05,0.0,23.98,12.78,14.27
2015-06-06,0.0,24.11,10.49,13.84
2015-06-07,0.0,24.42,13.72,11.08
2015-06-08,0.0,24.6,13.43,13.3
2015-06-09,0.0,24.74,14.78,14.9
2015-06-10,0.0,25.46,13.65,13.39
2015-06-11,0.08,25.01,13.38,14.7
2015-06-12,3.69,19.09,13.98,3.24
2015-06-13,0.17,25.04,13.11,12.45
2015-06-14,0.25,26.08,14.09,11.52
2015-06-15,6.32,19.53,8.36,5.28
2015-06-16,0.18,18.58,7.65,13.36
2015-06-17,0.01,24.06,10.13,7.47
2015-06-18,1.6,26.14,12.84,9.54
2015-06-19,0.54,16.16,8.91,6.55
2015-06-20,0.14,19.63,8.97,9.83
2015-06-21,0.02,22.69,10.92,12.05
2015-06-22,0.04,24.02,10.19,13.51
2015-06-23,0.01,24.81,12.52,13.32
2015-06-24,0.01,18.91,11.27,6.41
2015-06-25,0.03,18.68,11.7,8.41
2015-06-26,0.03,20.73,12.22,9.69
2015-06-27,0.0,21.19,10.82,12.39
2015-06-28,0.0,20.52,9.77,13.29
2015-06-29,0.0,22.32,8.35,12.87
2015-06-30,2.19,22.39,10.5,12.31
2015-07-01,5.76,21.85,13.9,10.11
2015-07-02,11.88,18.5,12.62,4.08
2015-07-03,19.81,20.69,15.0,3.98
2015-07-04,8.7,18.82,11.54,8.73
2015-07-05,0.16,17.12,8.79,6.56
2015-07-06,0.38,19.36,9.65,8.06
2015-07-07,2.65,19.22,13.68,3.69
2015-07-08,9.93,19.45,14.12,3.5
2015-07-09,0.25,19.01,10.9,8.85
2015-07-10,15.54,21.71,10.07,10.83
2015-07-11,5.04,22.77,12.86,8.42
2015-07-12,8.72,23.65,12.44,4.43
2015-07-13,0.37,24.5,15.0,11.67
2015-07-14,1.04,25.71,15.29,13.18
2015-07-15,0.79,24.41,15.61,7.02
2015-07-16,0.87,22.41,15.43,5.0
2015-07-17,3.32,23.17,14.99,2.59
2015-07-18,0.08,24.56,12.08,14.51
2015-07-19,0.02,24.29,13.04,15.27
2015-07-20,0.0,23.49,11.68,12.49
2015-07-21,0.87,21.64,13.06,11.02
2015-07-22,0.04,19.23,10.98,8.82
2015-07-23,0.02,21.0,10.67,8.4
2015-07-24,1.73,23.79,12.8,4.54
2015-07-25,0.64,23.03,12.29,14.06
2015-07-26,0.0,22.08,10.15,14.23
2015-07-27,0.04,22.23,9.48,15.54
2015-07-28,0.0,23.77,8.09,16.22
2015-07-29,0.0,24.67,9.64,16.68
2015-07-30,0.0,25.08,10.38,17.1
2015-07-31,0.0,25.71,9.77,16.51
2015-08-01,0.0,26.69,11.18,16.79
2015-08-02,0.0,25.89,10.25,17.04
2015-08-03,0.0,27.0,13.06,17.72
2015-08-04,0.0,27.11,13.71,16.66
2015-08-05,0.0,26.08,11.94,12.53
2015-08-06,0.0,26.55,11.32,16.39
2015-08-07,0.0,27.36,10.46,17.52
2015-08-08,0.0,28.52,11.4,17.33
2015-08-09,0.0,26.75,13.93,16.06
2015-08-10,0.0,26.53,14.61,17.85
2015-08-11,0.04,27.63,13.85,18.22
2015-08-12,0.06,26.03,13.43,18.9
2015-08-13,0.0,27.18,11.58,18.81
2015-08-14,0.0,25.7,12.52,18.34
2015-08-15,0.0,26.74,11.64,18.41
2015-08-16,0.0,28.2,12.27,18.3
2015-08-17,0.0,27.13,14.02,18.89
2015-08-18,0.08,23.23,13.97,13.56
2015-08-19,1.26,24.87,11.23,17.03
2015-08-20,0.2,24.07,9.67,16.09
2015-08-21,0.03,22.88,11.46,17.63
2015-08-22,0.01,26.83,11.18,19.03
2015-08-23,0.85,26.21,13.26,11.69
2015-08-24,9.32,23.96,12.64,4.47
2015-08-25,10.54,20.41,11.75,6.45
2015-08-26,4.73,26.31,13.04,13.17
2015-08-27,9.11,25.77,13.27,6.33
2015-08-28,0.02,25.33,10.36,20.98
2015-08-29,0.33,25.83,9.64,21.33
2015-08-30,0.0,30.03,10.87,21.78
2015-08-31,0.0,31.57,13.17,21.92
2015-09-01,0.12,31.77,12.97,20.95
2015-09-02,0.11,25.48,13.02,13.13
2015-09-03,0.31,29.24,12.1,9.89
2015-09-04,1.13,26.49,14.81,6.42
2015-09-05,0.73,23.58,13.39,15.33
2015-09-06,2.88,21.5,12.98,5.85
2015-09-07,46.6,24.6,14.66,13.8
2015-09-08,37.3,24.0,16.37,2.96
2015-09-09,0.46,25.96,13.13,18.97
2015-09-10,41.21,24.11,14.06,5.85
2015-09-11,8.81,25.42,13.07,9.52
2015-09-12,2.36,21.62,11.95,10.05
2015-09-13,0.04,22.55,11.09,17.42
2015-09-14,0.0,23.34,10.8,23.85
2015-09-15,0.0,28.52,11.39,19.26
2015-09-16,0.56,31.17,15.42,21.75
2015-09-17,0.57,31.2,17.77,19.75
2015-09-18,0.01,33.42,19.5,22.72
2015-09-19,0.0,34.13,17.86,23.09
2015-09-20,0.0,32.86,16.71,23.05
2015-09-21,0.0,32.8,15.89,24.56
2015-09-22,0.0,33.89,14.73,24.01
2015-09-23,0.0,34.17,15.42,24.92
2015-09-24,0.0,35.66,18.15,23.6
2015-09-25,1.71,34.3,20.53,14.58
2015-09-26,10.43,27.95,17.36,7.93
2015-09-27,9.02,26.66,18.33,12.71
2015-09-28,4.31,24.73,16.21,21.5
2015-09-29,1.28,27.1,14.57,19.92
2015-09-30,1.39,27.84,18.07,9.1
2015-10-01,0.15,30.44,16.5,12.87
2015-10-02,7.35,30.66,16.74,18.32
2015-10-03,15.2,22.99,17.64,9.38
2015-10-04,0.28,27.68,16.59,15.5
2015-10-05,0.06,28.19,14.31,14.16
2015-10-06,0.04,29.62,12.66,22.93
2015-10-07,0.0,32.96,14.12,24.37
2015-10-08,33.77,33.33,16.29,22.51
2015-10-09,28.71,26.86,19.54,6.94
2015-10-10,1.21,24.98,18.81,11.46
2015-10-11,13.13,25.66,17.35,5.38
2015-10-12,8.54,22.8,16.06,5.93
2015-10-13,0.28,28.52,14.31,14.69
2015-10-14,0.19,32.28,14.85,18.68
2015-10-15,0.05,31.93,17.34,23.49
2015-10-16,0.81,34.63,20.23,21.87
2015-10-17,1.31,31.45,15.87,14.17
2015-10-18,0.06,26.6,13.47,11.3
2015-10-19,0.01,31.05,13.03,20.66
2015-10-20,3.38,32.16,14.89,22.59
2015-10-21,3.87,34.85,19.73,19.61
2015-10-22,19.26,31.29,18.61,13.25
2015-10-23,5.03,26.67,17.7,12.78
2015-10-24,0.26,25.94,15.33,12.83
2015-10-25,2.76,26.15,14.43,12.29
2015-10-26,12.45,28.45,14.83,12.36
2015-10-27,3.65,29.45,17.42,16.17
2015-10-28,3.18,29.28,17.76,16.73
2015-10-29,1.11,28.53,16.44,23.25
2015-10-30,1.0,30.48,15.71,21.75
2015-10-31,13.02,23.91,18.86,6.28
2015-11-01,9.74,21.58,16.11,6.7
2015-11-02,6.44,28.27,15.98,7.58
2015-11-03,24.97,26.48,15.45,9.09
2015-11-04,17.6,27.56,18.52,9.88
2015-11-05,7.1,29.17,17.07,13.54
2015-11-06,2.73,26.72,15.3,12.77
2015-11-07,0.66,27.81,14.47,15.18
2015-11-08,1.26,29.16,15.36,10.13
2015-11-09,5.96,30.17,18.04,22.08
2015-11-10,10.11,32.53,18.95,19.69
2015-11-11,2.0,29.58,19.47,20.22
2015-11-12,0.95,30.35,19.24,22.32
2015-11-13,10.66,30.91,19.03,16.85
2015-11-14,7.74,28.1,20.2,23.81
2015-11-15,12.65,27.69,19.4,17.75
2015-11-16,7.53,28.97,16.78,8.28
2015-11-17,9.24,30.07,17.27,12.8
2015-11-18,1.16,29.97,19.38,20.35
2015-11-19,5.16,26.13,20.33,19.07
2015-11-20,29.49,28.61,18.29,20.46
2015-11-21,0.21,29.81,17.13,17.22
2015-11-22,1.47,28.83,16.26,15.74
2015-11-23,18.64,28.18,18.95,5.26
2015-11-24,28.51,25.34,17.38,7.35
2015-11-25,5.24,29.12,17.2,10.76
2015-11-26,0.16,29.19,17.21,19.04
2015-11-27,5.09,30.71,17.34,14.95
2015-11-28,14.09,27.32,18.04,7.93
2015-11-29,1.95,27.9,18.35,18.8
2015-11-30,2.16,23.23,16.28,8.25
2015-12-01,1.51,29.68,14.83,13.37
2015-12-02,12.57,29.73,17.58,15.47
2015-12-03,6.54,29.59,17.88,9.77
2015-12-04,6.99,28.48,17.67,16.27
2015-12-05,3.34,29.58,19.14,23.09
2015-12-06,16.6,25.88,19.47,7.45
2015-12-07,4.34,27.62,18.52,15.82
2015-12-08,0.03,30.94,17.09,22.34
2015-12-09,10.33,27.55,18.67,16.38
2015-12-10,7.78,24.48,21.54,11.93
2015-12-11,3.53,27.31,19.3,20.24
2015-12-12,11.18,25.28,18.1,11.24
2015-12-13,0.17,31.06,17.77,27.46
2015-12-14,7.16,29.48,21.19,24.42
2015-12-15,12.7,28.34,19.73,20.2
2015-12-16,3.74,28.83,17.77,11.48
2015-12-17,1.16,30.79,16.91,24.28
2015-12-18,2.54,30.52,19.74,21.48
2015-12-19,9.77,28.88,20.98,16.17
2015-12-20,25.54,29.45,19.81,11.0
2015-12-21,4.82,29.81,19.03,20.04
2015-12-22,2.02,29.33,19.56,25.12
2015-12-23,8.45,27.87,21.45,21.37
2015-12-24,5.96,31.55,21.62,19.2
2015-12-25,15.55,30.84,21.07,16.28
2015-12-26,14.78,26.9,20.23,15.68
2015-12-27,9.13,27.88,20.37,13.46
2015-12-28,23.23,27.44,20.67,10.36
2015-12-29,22.5,24.89,20.09,9.79
2015-12-30,10.48,23.89,19.99,11.41
2015-12-31,3.65,28.78,20.19,16.19
2016-01-01,12.1,25.84,19.9,14.73
2016-01-02,9.5,25.33,19.38,13.83
2016-01-03,3.06,25.79,18.66,13.14
2016-01-04,0.09,28.74,18.08,19.24
2016-01-05,0.04,30.77,17.65,16.76
2016-01-06,0.0,30.9,18.09,22.22
2016-01-07,0.29,29.63,20.05,19.92
2016-01-08,5.54,32.47,20.32,26.34
2016-01-09,10.89,27.34,19.86,10.15
2016-01-10,58.29,26.32,20.51,8.27
2016-01-11,63.45,26.04,21.39,11.9
2016-01-12,31.25,26.6,21.56,15.58
2016-01-13,4.01,26.52,20.59,20.68
2016-01-14,0.14,29.57,19.76,17.41
2016-01-15,1.06,30.12,18.4,15.4
2016-01-16,0.07,28.93,16.94,24.03
2016-01-17,0.0,27.54,15.74,30.39
2016-01-18,0.0,27.49,15.65,27.81
2016-01-19,0.0,28.46,15.95,23.86
2016-01-20,0.0,27.96,15.64,31.04
2016-01-21,0.04,27.22,15.77,26.09
2016-01-22,0.07,26.73,16.3,22.38
2016-01-23,0.01,29.99,14.32,31.28
2016-01-24,0.18,31.54,14.89,30.74
2016-01-25,2.84,30.59,17.78,22.98
2016-01-26,0.83,30.87,19.94,25.06
2016-01-27,9.64,25.77,18.63,9.61
2016-01-28,8.08,30.69,18.14,20.29
2016-01-29,7.58,27.84,19.13,18.75
2016-01-30,4.51,28.85,20.14,10.41
2016-01-31,0.91,29.69,20.29,23.72
2016-02-01,1.0,31.38,20.74,24.67
2016-02-02,1.3,31.17,20.17,21.74
2016-02-03,21.1,31.49,19.96,20.18
2016-02-04,12.6,29.73,20.34,15.45
2016-02-05,1.76,32.07,18.63,20.35
2016-02-06,5.3,30.99,20.42,24.53
2016-02-07,2.46,30.44,19.79,21.55
2016-02-08,0.28,32.02,20.23,20.09
2016-02-09,0.37,31.92,21.1,25.53
2016-02-10,4.76,26.55,22.24,13.67
2016-02-11,6.87,30.25,17.83,13.44
2016-02-12,0.45,29.7,16.31,23.54
2016-02-13,0.02,31.4,16.52,27.32
2016-02-14,1.54,27.65,19.57,14.36
2016-02-15,9.66,27.79,21.66,17.56
2016-02-16,4.23,27.38,20.6,14.88
2016-02-17,5.55,27.84,20.71,19.97
2016-02-18,9.37,31.68,20.84,19.97
2016-02-19,8.55,30.58,21.64,24.19
2016-02-20,19.69,31.09,21.69,22.49
2016-02-21,12.96,25.31,20.95,12.78
2016-02-22,11.46,24.16,20.26,6.92
2016-02-23,15.1,24.06,19.89,7.65
2016-02-24,3.67,25.16,19.29,12.43
2016-02-25,6.06,26.52,19.75,17.03
2016-02-26,11.37,25.22,20.61,17.35
2016-02-27,8.48,24.79,21.23,11.05
2016-02-28,10.39,25.22,20.67,9.86
2016-02-29,2.5,21.15,16.2,16.24
2016-03-01,0.07,25.15,14.66,14.84
2016-03-02,2.3,24.19,16.64,9.74
2016-03-03,5.44,27.33,18.54,13.84
2016-03-04,0.51,26.96,17.43,24.12
2016-03-05,1.64,27.91,16.26,22.22
2016-03-06,0.1,28.88,15.54,22.07
2016-03-07,11.47,31.14,16.71,21.93
2016-03-08,10.22,31.15,18.91,21.94
2016-03-09,18.36,26.22,19.69,15.66
2016-03-10,10.17,28.0,19.97,13.82
2016-03-11,1.03,28.14,17.63,22.39
2016-03-12,0.06,28.09,15.4,25.71
2016-03-13,0.05,27.74,16.32,16.09
2016-03-14,0.15,29.65,16.02,14.38
2016-03-15,7.53,28.15,17.94,11.1
2016-03-16,3.23,25.78,18.56,17.74
2016-03-17,0.07,29.79,17.14,20.05
2016-03-18,0.01,30.5,17.81,22.52
2016-03-19,0.02,31.33,18.38,23.08
2016-03-20,0.03,29.37,19.06,18.36
2016-03-21,0.12,30.07,18.04,19.97
2016-03-22,2.45,30.32,18.69,4.4
2016-03-23,7.82,27.0,18.92,11.97
2016-03-24,18.45,27.73,18.22,11.51
2016-03-25,13.41,24.0,18.84,9.09
2016-03-26,15.48,25.07,17.08,14.45
2016-03-27,0.22,26.64,15.42,22.08
2016-03-28,0.01,28.21,15.88,23.64
2016-03-29,0.0,28.05,17.15,20.34
2016-03-30,1.79,28.83,18.35,15.84
2016-03-31,7.22,28.33,19.17,16.48
2016-04-01,0.58,29.17,17.93,20.19
2016-04-02,0.09,30.13,18.9,19.77
2016-04-03,0.02,31.91,18.22,19.76
2016-04-04,0.01,30.34,19.92,16.8
2016-04-05,0.01,30.36,18.8,17.11
2016-04-06,0.01,30.78,17.69,21.37
2016-04-07,0.0,32.68,17.31,21.58
2016-04-08,0.03,32.24,18.99,19.87
2016-04-09,0.42,32.38,19.79,19.55
2016-04-10,1.47,28.49,19.98,15.11
2016-04-11,0.54,29.61,19.61,12.66
2016-04-12,0.78,30.36,19.93,14.75
2016-04-13,0.22,29.86,18.92,18.97
2016-04-14,0.09,30.34,19.08,17.49
2016-04-15,1.2,28.7,19.36,16.13
2016-04-16,0.1,30.52,18.77,18.58
2016-04-17,0.0,30.16,18.61,19.65
2016-04-18,0.0,29.29,17.69,19.49
2016-04-19,0.0,29.09,16.94,19.9
2016-04-20,0.0,29.05,19.08,18.75
2016-04-21,0.0,29.32,17.67,18.19
2016-04-22,0.0,30.24,19.0,16.58
2016-04-23,0.0,29.28,18.83,19.02
2016-04-24,0.0,28.29,17.5,17.45
2016-04-25,6.18,27.57,17.14,16.67
2016-04-26,25.95,21.6,18.16,5.49
2016-04-27,1.28,20.68,9.03,15.61
2016-04-28,0.0,17.17,5.81,14.24
2016-04-29,0.0,20.41,8.33,15.0
2016-04-30,0.01,20.57,9.32,16.34
2016-05-01,0.0,19.47,7.16,20.27
2016-05-02,0.0,21.09,6.56,19.5
2016-05-03,0.01,23.82,10.03,15.67
2016-05-04,0.08,24.12,12.56,15.42
2016-05-05,0.06,24.81,13.05,11.26
2016-05-06,0.4,23.52,13.77,10.57
2016-05-07,2.0,25.18,15.15,8.68
2016-05-08,10.11,24.14,15.54,5.37
2016-05-09,10.41,25.5,15.73,3.21
2016-05-10,4.62,22.81,16.14,9.1
2016-05-11,1.07,22.03,14.93,8.31
2016-05-12,0.45,23.25,13.61,9.05
2016-05-13,0.11,22.85,13.03,8.89
2016-05-14,0.04,22.61,12.93,11.86
2016-05-15,0.23,24.66,11.81,16.49
2016-05-16,9.45,24.56,15.38,8.06
2016-05-17,0.95,22.07,12.93,16.42
2016-05-18,3.55,18.02,11.73,6.79
2016-05-19,2.41,20.28,11.41,4.73
2016-05-20,25.93,24.14,11.74,6.39
2016-05-21,19.39,25.25,17.43,8.66
2016-05-22,15.23,23.29,15.51,2.53
2016-05-23,0.47,17.99,7.35,15.93
2016-05-24,0.04,17.69,6.71,9.51
2016-05-25,0.05,20.5,11.45,11.38
2016-05-26,1.46,23.52,12.4,12.53
2016-05-27,7.06,19.08,14.03,4.54
2016-05-28,5.78,21.85,14.05,6.92
2016-05-29,8.3,18.85,14.22,6.47
2016-05-30,10.86,20.6,13.54,3.84
2016-05-31,8.05,21.37,15.16,7.47
2016-06-01,17.21,23.37,13.67,6.32
2016-06-02,4.04,20.88,12.57,13.94
2016-06-03,1.28,20.15,10.88,11.04
2016-06-04,15.49,20.48,10.38,8.35
2016-06-05,19.76,24.35,13.34,3.22
2016-06-06,10.91,21.27,12.15,3.54
2016-06-07,0.29,22.52,8.06,11.39
2016-06-08,0.09,17.24,4.03,16.09
2016-06-09,0.02,16.68,2.34,15.0
2016-06-10,0.0,17.62,2.89,13.51
2016-06-11,0.0,15.43,1.94,16.37
2016-06-12,0.0,15.04,-0.99,16.67
2016-06-13,0.15,14.76,-0.71,16.11
2016-06-14,0.22,18.01,5.86,14.08
2016-06-15,0.01,21.52,8.42,13.59
2016-06-16,0.1,23.1,9.79,14.07
2016-06-17,0.2,22.35,12.21,13.29
2016-06-18,6.57,22.46,12.06,6.8
2016-06-19,2.96,21.61,11.94,7.59
2016-06-20,2.18,17.2,9.8,3.83
2016-06-21,7.15,14.38,8.56,6.11
2016-06-22,8.11,15.59,10.28,2.85
2016-06-23,0.44,21.05,9.05,10.99
2016-06-24,0.06,20.97,10.44,8.8
2016-06-25,0.0,20.69,10.33,11.32
2016-06-26,0.0,22.09,11.29,8.24
2016-06-27,0.0,21.15,10.91,13.41
2016-06-28,0.0,21.49,9.81,9.35
2016-06-29,0.0,20.69,9.63,12.35
2016-06-30,0.0,21.41,12.06,9.55
2016-07-01,0.0,22.84,11.74,11.2
2016-07-02,0.0,23.75,12.61,12.72
2016-07-03,0.0,23.97,10.81,12.78
2016-07-04,0.0,24.14,12.24,13.03
2016-07-05,0.0,23.46,11.5,11.97
2016-07-06,0.81,22.62,9.51,9.32
2016-07-07,0.1,20.09,6.91,16.59
2016-07-08,0.0,18.39,4.83,14.46
2016-07-09,0.0,19.87,6.4,15.56
2016-07-10,0.0,24.77,11.36,15.27
2016-07-11,0.0,25.28,12.52,15.56
2016-07-12,4.68,25.66,12.91,14.12
2016-07-13,3.33,25.28,13.97,5.33
2016-07-14,2.89,25.38,13.94,13.17
2016-07-15,2.74,25.07,12.39,7.3
2016-07-16,26.87,19.67,7.82,8.29
2016-07-17,0.0,16.48,3.09,17.38
2016-07-18,0.01,17.4,2.92,14.59
2016-07-19,0.01,16.57,6.72,12.41
2016-07-20,0.0,19.76,6.65,9.42
2016-07-21,0.0,20.21,8.96,7.73
2016-07-22,0.03,18.95,7.67,12.12
2016-07-23,0.1,20.52,8.05,14.83
2016-07-24,0.09,25.48,8.78,15.38
2016-07-25,0.0,24.44,10.04,15.69
2016-07-26,0.0,24.36,10.28,15.9
2016-07-27,0.01,24.3,12.21,16.93
2016-07-28,0.02,21.3,8.72,12.35
2016-07-29,0.01,21.55,9.72,9.02
2016-07-30,0.0,22.99,10.55,11.74
2016-07-31,0.0,23.73,12.11,11.72
2016-08-01,0.0,24.41,13.03,15.95
2016-08-02,0.01,23.9,11.64,10.54
2016-08-03,0.0,23.03,10.75,7.85
2016-08-04,0.0,24.15,12.16,11.56
2016-08-05,0.0,25.31,12.3,16.01
2016-08-06,0.0,26.07,13.02,16.94
2016-08-07,0.46,24.3,14.22,10.11
2016-08-08,2.28,22.56,11.94,4.75
2016-08-09,5.09,20.82,14.08,5.93
2016-08-10,0.17,20.26,7.59,18.89
2016-08-11,0.0,19.07,6.95,19.38
2016-08-12,0.02,20.73,7.23,19.42
2016-08-13,0.09,22.31,7.65,19.74
2016-08-14,0.0,27.77,14.26,18.24
2016-08-15,3.74,25.19,15.07,3.86
2016-08-16,0.74,24.49,14.39,15.2
2016-08-17,1.08,26.57,13.72,17.52
2016-08-18,16.38,24.14,12.45,6.53
2016-08-19,5.9,24.76,11.76,10.91
2016-08-20,34.16,19.9,15.89,1.48
2016-08-21,22.55,17.75,7.08,9.36
2016-08-22,0.07,17.28,5.47,19.98
2016-08-23,0.02,20.32,4.53,19.59
2016-08-24,0.04,23.74,9.53,18.89
2016-08-25,0.08,26.78,10.63,18.54
2016-08-26,0.08,27.62,12.34,19.69
2016-08-27,0.0,27.4,11.78,20.8
2016-08-28,0.0,28.25,12.51,21.37
2016-08-29,0.07,28.04,12.3,17.46
2016-08-30,9.24,24.16,13.92,3.01
2016-08-31,16.45,20.4,11.39,17.24
2016-09-01,0.02,24.06,8.12,21.92
2016-09-02,0.02,25.69,12.02,15.51
2016-09-03,6.56,20.38,14.05,4.96
2016-09-04,13.91,20.7,13.89,6.42
2016-09-05,4.25,22.78,12.19,11.28
2016-09-06,3.78,23.11,12.53,13.95
2016-09-07,0.01,19.82,7.05,22.88
2016-09-08,0.01,23.12,4.2,17.21
2016-09-09,0.0,23.87,9.53,21.61
2016-09-10,0.0,27.22,10.7,22.01
2016-09-11,0.0,28.45,13.34,18.76
2016-09-12,0.0,29.04,14.47,21.16
2016-09-13,0.43,28.32,15.82,15.63
2016-09-14,0.61,24.96,10.74,19.42
2016-09-15,0.0,26.19,6.87,25.27
2016-09-16,0.0,24.05,10.03,19.34
2016-09-17,0.0,28.76,11.64,19.87
2016-09-18,1.12,30.44,15.03,14.0
2016-09-19,2.69,29.18,15.81,8.08
2016-09-20,0.35,24.26,10.87,25.15
2016-09-21,0.0,22.32,8.86,19.18
2016-09-22,0.0,24.1,11.78,21.43
2016-09-23,0.0,28.03,11.01,25.27
2016-09-24,0.18,26.57,12.56,21.09
2016-09-25,1.64,19.7,11.08,12.61
2016-09-26,0.25,25.44,10.37,22.74
2016-09-27,0.0,25.68,10.04,26.17
2016-09-28,0.0,26.83,9.87,26.76
2016-09-29,0.01,28.22,10.53,25.53
2016-09-30,0.73,25.04,11.91,13.52
2016-10-01,0.95,24.06,11.79,13.08
2016-10-02,0.19,25.53,12.25,16.01
2016-10-03,9.39,19.72,13.4,6.45
2016-10-04,0.8,23.66,14.0,16.46
2016-10-05,1.64,24.71,12.61,16.14
2016-10-06,16.5,22.05,11.72,16.69
2016-10-07,1.54,24.0,9.72,19.22
2016-10-08,0.0,26.85,11.27,26.81
2016-10-09,0.01,28.14,13.35,19.6
2016-10-10,0.04,26.43,12.81,22.44
2016-10-11,1.02,28.02,12.58,9.69
2016-10-12,19.7,29.22,13.74,20.06
2016-10-13,18.15,24.26,16.56,6.87
2016-10-14,3.47,26.68,17.5,7.07
2016-10-15,0.31,28.26,18.37,14.2
2016-10-16,0.07,31.24,17.07,22.29
2016-10-17,6.29,32.84,19.31,23.9
2016-10-18,3.91,33.83,19.64,23.76
2016-10-19,1.59,32.24,18.92,22.98
2016-10-20,17.7,30.78,20.11,17.8
2016-10-21,5.76,26.78,16.27,12.15
2016-10-22,0.17,25.35,14.35,15.86
2016-10-23,0.14,28.75,13.7,17.13
2016-10-24,20.91,30.66,16.73,18.7
2016-10-25,6.07,28.75,18.0,10.12
2016-10-26,1.28,27.64,18.48,12.14
2016-10-27,3.62,25.61,14.04,21.13
2016-10-28,0.0,24.19,9.68,29.55
2016-10-29,0.19,24.0,9.48,23.23
2016-10-30,0.22,26.81,12.05,18.2
2016-10-31,0.15,29.68,13.55,18.89
2016-11-01,0.02,26.94,16.44,24.42
2016-11-02,5.99,28.59,16.92,16.16
2016-11-03,4.39,23.89,16.19,10.12
2016-11-04,0.09,28.29,13.48,19.32
2016-11-05,0.05,28.13,13.54,23.53
2016-11-06,0.02,29.78,14.79,18.82
2016-11-07,1.07,29.76,15.71,20.22
2016-11-08,0.7,29.75,16.45,27.0
2016-11-09,15.37,28.64,17.02,16.76
2016-11-10,0.85,31.36,18.5,25.18
2016-11-11,2.7,30.71,16.3,21.0
2016-11-12,3.68,20.18,14.13,10.52
2016-11-13,2.19,22.84,13.78,9.34
2016-11-14,1.61,26.7,15.86,15.43
2016-11-15,4.3,29.36,16.01,21.37
2016-11-16,4.36,27.59,16.14,20.94
2016-11-17,0.94,30.83,16.37,23.42
2016-11-18,0.28,28.75,12.72,29.39
2016-11-19,0.0,25.23,11.89,27.01
2016-11-20,0.0,27.02,11.13,32.21
2016-11-21,0.0,30.06,11.46,30.45
2016-11-22,0.02,29.93,15.66,20.96
2016-11-23,0.02,30.48,16.1,16.75
2016-11-24,0.01,31.81,16.77,18.24
2016-11-25,8.51,30.59,15.55,19.27
2016-11-26,2.25,30.15,17.6,21.61
2016-11-27,3.29,28.73,18.37,17.74
2016-11-28,6.33,28.89,19.56,16.99
2016-11-29,8.0,29.27,15.53,10.52
2016-11-30,1.14,25.17,14.2,10.63
2016-12-01,0.23,27.38,13.16,13.28
2016-12-02,0.2,28.4,15.11,15.19
2016-12-03,4.85,24.44,17.07,6.92
2016-12-04,2.84,29.64,18.15,23.05
2016-12-05,1.09,29.59,14.27,28.29
2016-12-06,0.01,32.22,14.73,31.25
2016-12-07,4.47,31.74,15.47,20.9
2016-12-08,8.39,26.24,18.58,19.72
2016-12-09,14.71,30.04,19.37,16.64
2016-12-10,16.27,25.99,18.19,7.16
2016-12-11,10.05,27.6,21.29,11.63
2016-12-12,4.2,31.2,19.77,9.92
2016-12-13,0.13,32.28,18.98,25.14
2016-12-14,0.38,32.6,17.26,20.38
2016-12-15,0.36,24.27,14.05,11.79
2016-12-16,0.13,24.74,13.23,15.86
2016-12-17,0.07,29.31,15.59,22.14
2016-12-18,4.85,30.63,16.7,23.04
2016-12-19,4.57,28.14,18.38,21.49
2016-12-20,12.2,24.37,18.06,18.6
2016-12-21,3.62,25.47,16.83,12.78
2016-12-22,1.49,27.82,17.84,16.82
2016-12-23,0.74,30.91,17.9,16.87
2016-12-24,0.51,32.57,19.99,26.78
2016-12-25,1.48,34.04,18.93,26.61
2016-12-26,1.2,33.43,19.46,30.01
2016-12-27,0.66,35.39,20.87,28.41
2016-12-28,13.55,32.36,21.88,18.39
2016-12-29,7.15,28.7,20.37,19.45
2016-12-30,5.24,30.39,19.51,16.73
2016-12-31,2.81,28.05,20.55,23.68
2017-01-01,3.94,27.65,20.1,18.73
2017-01-02,7.61,29.69,20.5,21.74
2017-01-03,3.77,29.39,19.91,23.88
2017-01-04,4.49,31.86,19.9,21.56
2017-01-05,24.24,27.65,20.36,19.64
2017-01-06,15.22,29.27,19.95,17.55
2017-01-07,2.66,31.84,20.05,20.03
2017-01-08,1.03,31.44,20.44,20.63
2017-01-09,27.71,29.07,20.65,19.26
2017-01-10,12.25,28.92,21.39,20.15
2017-01-11,9.25,32.55,20.21,24.35
2017-01-12,4.67,29.18,19.67,15.55
2017-01-13,0.44,30.78,18.0,26.75
2017-01-14,0.15,33.53,18.38,27.03
2017-01-15,1.93,33.55,19.57,26.32
2017-01-16,24.5,26.47,19.1,11.5
2017-01-17,25.67,24.17,19.95,14.52
2017-01-18,6.25,29.73,20.1,19.72
2017-01-19,11.98,23.54,19.59,15.67
2017-01-20,3.24,26.86,18.79,17.28
2017-01-21,8.42,28.25,18.39,20.48
2017-01-22,8.46,25.26,18.19,19.64
2017-01-23,5.29,28.25,17.57,19.02
2017-01-24,7.25,29.18,18.86,22.22
2017-01-25,5.55,25.4,20.36,11.36
2017-01-26,3.54,28.41,18.8,17.48
2017-01-27,20.43,27.59,18.82,16.7
2017-01-28,8.31,27.89,18.4,13.48
2017-01-29,1.75,25.3,18.27,16.42
2017-01-30,9.7,26.96,19.49,19.55
2017-01-31,18.92,24.17,17.09,14.21
2017-02-01,5.24,26.95,16.4,17.33
2017-02-02,3.35,28.6,19.09,20.63
2017-02-03,8.49,27.33,20.34,15.29
2017-02-04,6.78,30.12,20.49,22.96
2017-02-05,2.27,32.83,21.36,25.01
2017-02-06,1.82,31.06,21.6,24.88
2017-02-07,0.9,32.36,20.28,20.7
2017-02-08,0.18,31.65,19.28,18.13
2017-02-09,0.03,30.31,18.18,20.06
2017-02-10,0.0,30.0,18.07,18.97
2017-02-11,2.75,28.01,19.31,20.48
2017-02-12,15.2,29.53,19.88,17.79
2017-02-13,3.25,25.55,20.43,12.15
2017-02-14,0.12,27.99,20.19,20.85
2017-02-15,0.0,31.62,19.2,26.54
2017-02-16,0.09,33.78,19.69,26.7
2017-02-17,3.31,30.28,19.64,24.63
2017-02-18,0.84,32.45,20.68,26.27
2017-02-19,0.12,34.98,19.17,25.8
2017-02-20,0.05,33.76,18.84,27.83
2017-02-21,0.01,32.39,18.29,26.91
2017-02-22,0.03,31.28,18.63,24.91
2017-02-23,7.14,28.93,20.32,22.09
2017-02-24,4.26,28.9,18.01,11.29
2017-02-25,5.26,29.55,18.24,19.84
2017-02-26,4.44,28.24,19.12,21.34
2017-02-27,1.03,31.98,17.98,22.08
2017-02-28,0.56,31.28,18.58,23.58
2017-03-01,4.71,27.44,19.9,19.83
2017-03-02,13.25,27.86,20.43,15.32
2017-03-03,10.0,27.87,20.42,14.45
2017-03-04,4.46,28.52,19.9,14.05
2017-03-05,1.99,27.05,21.25,12.71
2017-03-06,7.7,29.9,20.62,18.17
2017-03-07,1.54,30.99,19.52,17.7
2017-03-08,0.34,31.44,20.12,17.89
2017-03-09,0.05,30.93,19.37,21.62
2017-03-10,4.92,27.82,21.11,14.12
2017-03-11,1.54,28.06,21.05,17.52
2017-03-12,3.04,28.31,19.88,22.79
2017-03-13,1.1,30.0,19.65,17.33
2017-03-14,0.25,28.71,17.69,9.76
2017-03-15,0.15,30.87,18.27,21.26
2017-03-16,2.32,29.42,19.47,20.29
2017-03-17,22.49,28.7,18.25,7.3
2017-03-18,13.74,21.66,16.5,4.76
2017-03-19,2.85,26.47,16.14,8.76
2017-03-20,0.47,26.39,15.4,15.88
2017-03-21,0.15,26.12,15.43,20.05
2017-03-22,0.06,27.71,15.39,22.43
2017-03-23,0.0,28.55,16.75,18.81
2017-03-24,1.03,29.93,16.46,20.42
2017-03-25,1.09,30.15,17.39,20.21
2017-03-26,0.35,28.24,17.12,17.94
2017-03-27,3.17,27.53,17.03,6.95
2017-03-28,1.5,26.93,16.44,16.4
2017-03-29,0.89,25.69,15.74,16.98
2017-03-30,0.41,26.33,14.59,18.71
2017-03-31,0.11,25.49,13.78,22.22
2017-04-01,0.58,25.76,13.18,14.53
2017-04-02,0.24,26.74,13.89,18.79
2017-04-03,0.2,25.77,15.25,19.2
2017-04-04,0.49,26.98,15.54,17.45
2017-04-05,12.01,28.41,16.78,11.0
2017-04-06,30.46,26.91,19.07,8.07
2017-04-07,6.68,24.64,16.76,6.73
2017-04-08,0.31,27.14,17.88,12.43
2017-04-09,0.19,25.9,18.64,14.81
2017-04-10,0.16,26.53,18.26,17.03
2017-04-11,1.07,30.65,19.0,13.9
2017-04-12,2.5,24.09,16.33,5.95
2017-04-13,0.08,25.0,14.8,11.89
2017-04-14,0.01,27.83,14.03,18.11
2017-04-15,0.01,29.05,15.3,19.34
2017-04-16,0.03,24.97,16.75,11.57
2017-04-17,0.35,24.34,15.93,9.77
2017-04-18,0.15,22.58,14.32,13.69
2017-04-19,0.14,23.28,13.71,15.07
2017-04-20,19.59,24.44,15.8,11.73
2017-04-21,21.05,20.15,13.35,8.79
2017-04-22,0.58,24.52,12.42,18.27
2017-04-23,0.06,24.03,13.06,15.72
2017-04-24,0.02,25.28,12.93,17.15
2017-04-25,5.35,26.06,14.8,13.35
2017-04-26,21.17,24.32,17.48,5.13
2017-04-27,0.26,20.16,9.66,19.81
2017-04-28,0.08,21.05,8.86,17.7
2017-04-29,0.02,21.88,10.03,12.09
2017-04-30,0.06,22.58,12.16,14.67
2017-05-01,0.14,22.06,13.05,12.44
2017-05-02,0.1,24.43,14.06,12.9
2017-05-03,0.04,26.17,13.68,15.66
2017-05-04,17.02,24.08,14.95,8.59
2017-05-05,23.2,21.44,15.88,5.97
2017-05-06,3.29,24.13,15.02,11.47
2017-05-07,0.09,24.06,13.98,11.79
2017-05-08,0.07,23.65,13.24,17.16
2017-05-09,0.01,25.31,12.57,16.3
2017-05-10,0.21,24.14,15.35,8.84
2017-05-11,0.49,21.09,14.48,7.9
2017-05-12,0.12,23.64,13.14,12.34
2017-05-13,0.26,25.67,12.28,15.48
2017-05-14,8.87,25.4,12.56,17.24
2017-05-15,0.02,23.76,10.84,17.2
2017-05-16,0.0,23.22,12.72,11.56
2017-05-17,0.12,23.35,12.88,10.08
2017-05-18,30.81,21.21,14.57,2.75
2017-05-19,40.18,19.95,15.07,2.76
2017-05-20,2.06,22.2,14.9,9.31
2017-05-21,35.93,22.28,14.72,2.15
2017-05-22,0.71,23.67,12.43,10.06
2017-05-23,0.16,20.6,11.03,14.5
2017-05-24,0.18,25.34,12.92,12.24
2017-05-25,0.01,26.87,15.61,14.48
2017-05-26,0.04,27.41,17.6,14.34
2017-05-27,0.1,26.18,17.49,5.77
2017-05-28,0.1,25.54,16.42,8.95
2017-05-29,0.02,26.04,16.82,11.8
2017-05-30,0.16,23.14,16.55,5.56
2017-05-31,5.23,22.18,14.2,7.91
2017-06-01,1.2,18.46,9.16,12.51
2017-06-02,0.02,20.14,8.28,12.1
2017-06-03,0.06,20.68,9.86,15.22
2017-06-04,7.4,24.92,10.26,14.51
2017-06-05,45.53,24.34,16.05,1.62
2017-06-06,60.32,24.5,18.11,3.46
2017-06-07,3.81,25.34,17.84,8.86
2017-06-08,1.64,25.37,16.43,11.52
2017-06-09,3.82,19.52,6.17,5.98
2017-06-10,0.0,17.21,2.24,15.63
2017-06-11,0.06,18.75,5.8,15.43
2017-06-12,0.08,19.1,6.89,11.73
2017-06-13,14.15,18.32,10.83,3.14
2017-06-14,0.18,21.61,12.28,8.7
2017-06-15,0.14,21.36,11.73,10.01
2017-06-16,0.1,21.9,11.19,13.09
2017-06-17,0.01,23.28,9.35,14.68
2017-06-18,0.03,23.47,12.68,11.55
2017-06-19,1.75,24.21,12.62,6.75
2017-06-20,10.56,14.54,10.55,4.6
2017-06-21,0.5,20.29,10.02,8.79
2017-06-22,0.12,22.46,12.57,10.56
2017-06-23,0.06,22.38,13.57,12.78
2017-06-24,0.04,22.54,12.95,14.09
2017-06-25,0.04,22.24,12.96,14.24
2017-06-26,0.03,21.54,10.26,14.55
2017-06-27,0.04,22.09,9.67,14.4
2017-06-28,0.03,22.41,9.24,13.69
2017-06-29,0.04,23.28,11.35,10.75
2017-06-30,0.01,22.99,13.38,11.64
2017-07-01,0.05,22.76,11.1,11.09
2017-07-02,0.4,16.91,9.95,9.4
2017-07-03,0.25,16.75,9.2,10.96
2017-07-04,0.26,17.03,9.05,11.46
2017-07-05,0.0,18.65,8.93,14.54
2017-07-06,0.02,19.94,9.0,9.99
2017-07-07,0.02,21.16,10.79,8.7
2017-07-08,0.0,21.12,11.47,8.45
2017-07-09,0.0,21.21,12.11,11.13
2017-07-10,0.01,20.57,12.26,14.4
2017-07-11,0.0,23.9,10.73,14.07
2017-07-12,0.04,22.72,11.03,15.54
2017-07-13,0.04,22.87,10.79,15.31
2017-07-14,0.04,23.47,11.66,15.58
2017-07-15,0.01,22.38,10.29,15.74
2017-07-16,0.0,22.69,10.37,15.99
2017-07-17,0.06,23.84,11.5,15.32
2017-07-18,0.44,13.42,4.8,8.12
2017-07-19,0.01,14.77,2.97,8.74
2017-07-20,0.03,21.43,7.63,10.95
2017-07-21,0.04,21.49,9.09,15.45
2017-07-22,0.01,21.05,6.23,15.86
2017-07-23,0.01,22.27,8.19,13.72
2017-07-24,0.0,22.64,8.73,16.38
2017-07-25,0.0,24.35,10.63,17.18
2017-07-26,0.0,23.9,9.36,17.31
2017-07-27,0.01,22.76,10.61,16.5
2017-07-28,0.02,22.34,11.87,15.4
2017-07-29,0.01,22.64,11.25,17.04
2017-07-30,0.01,22.92,11.6,13.31
2017-07-31,0.0,22.63,10.98,12.81
2017-08-01,0.0,21.51,11.99,12.54
2017-08-02,0.05,23.55,12.04,16.61
2017-08-03,3.91,20.72,11.08,11.31
2017-08-04,0.4,20.18,8.92,12.41
2017-08-05,0.2,19.07,9.18,14.19
2017-08-06,0.12,20.36,9.24,17.02
2017-08-07,0.01,23.2,9.01,17.67
2017-08-08,0.0,24.59,13.9,15.05
2017-08-09,0.01,28.22,12.39,16.42
2017-08-10,0.13,27.86,13.78,10.56
2017-08-11,0.03,23.34,11.63,15.3
2017-08-12,0.01,26.21,11.72,14.78
2017-08-13,6.16,28.08,12.78,14.72
2017-08-14,0.27,24.61,12.2,19.93
2017-08-15,10.7,18.46,11.63,4.58
2017-08-16,3.85,19.12,12.11,8.23
2017-08-17,1.47,18.87,12.42,4.68
2017-08-18,5.0,16.9,12.21,5.64
2017-08-19,20.12,22.74,13.5,3.22
2017-08-20,17.1,21.36,11.57,5.02
2017-08-21,1.1,17.79,8.45,9.58
2017-08-22,0.07,19.31,8.83,12.32
2017-08-23,0.03,24.89,11.25,13.38
2017-08-24,0.01,25.64,12.83,19.11
2017-08-25,0.01,24.76,11.86,17.36
2017-08-26,0.0,27.26,12.1,20.77
2017-08-27,0.0,28.03,12.19,19.65
2017-08-28,0.02,27.4,12.61,19.5
2017-08-29,0.01,28.82,12.43,20.58
2017-08-30,0.0,31.03,15.13,21.16
2017-08-31,0.1,24.61,14.03,10.84
2017-09-01,0.19,25.59,13.53,10.92
2017-09-02,0.01,26.6,12.52,12.27
2017-09-03,0.01,27.02,11.65,20.46
2017-09-04,0.01,26.43,9.9,21.5
2017-09-05,0.01,27.55,12.72,22.62
2017-09-06,0.01,28.11,13.0,20.32
2017-09-07,0.01,28.17,13.28,22.07
2017-09-08,0.0,29.54,11.89,22.55
2017-09-09,0.0,29.27,13.22,19.99
2017-09-10,0.0,29.84,13.21,22.97
2017-09-11,0.0,31.45,12.4,20.21
2017-09-12,0.0,32.37,14.9,22.1
2017-09-13,0.0,30.27,14.58,23.4
2017-09-14,0.0,30.49,12.21,24.1
2017-09-15,0.0,32.24,16.49,22.17
2017-09-16,0.0,31.73,15.3,23.13
2017-09-17,0.03,31.73,14.12,21.0
2017-09-18,0.05,31.14,15.23,19.29
2017-09-19,0.0,31.61,15.59,20.14
2017-09-20,0.0,30.79,13.65,22.97
2017-09-21,0.01,31.23,13.98,24.39
2017-09-22,0.01,31.07,14.06,22.7
2017-09-23,0.88,32.34,15.36,18.25
2017-09-24,0.31,28.72,15.36,13.1
2017-09-25,0.0,26.81,15.13,17.8
2017-09-26,0.0,28.82,13.59,19.33
2017-09-27,0.0,30.93,14.53,21.76
2017-09-28,0.42,31.88,16.78,19.74
2017-09-29,13.98,19.91,15.22,4.75
2017-09-30,1.94,24.16,15.13,9.95
2017-10-01,0.62,27.2,14.98,15.06
2017-10-02,25.48,22.96,13.95,7.91
2017-10-03,0.15,22.97,11.32,24.73
2017-10-04,0.0,26.44,9.44,26.86
2017-10-05,0.0,30.93,10.38,24.6
2017-10-06,28.76,26.95,15.4,22.64
2017-10-07,6.77,27.21,15.3,5.96
2017-10-08,4.09,26.76,15.18,15.33
2017-10-09,0.65,29.99,16.22,12.64
2017-10-10,0.02,30.89,17.18,15.76
2017-10-11,2.27,33.54,18.36,24.83
2017-10-12,0.94,35.16,18.63,25.3
2017-10-13,0.29,34.56,18.53,24.1
2017-10-14,4.99,32.86,17.26,20.28
2017-10-15,0.63,27.74,14.99,12.72
2017-10-16,0.57,28.62,13.94,15.03
2017-10-17,0.45,31.1,14.19,16.71
2017-10-18,0.0,33.03,15.68,26.25
2017-10-19,1.51,34.28,18.28,22.76
2017-10-20,0.78,26.73,17.8,9.03
2017-10-21,6.58,23.88,16.37,12.34
2017-10-22,0.69,21.78,17.35,9.82
2017-10-23,0.09,26.67,13.9,14.01
2017-10-24,0.04,29.04,12.32,17.92
2017-10-25,16.71,29.18,13.86,13.08
2017-10-26,13.39,29.27,17.06,8.48
2017-10-27,5.41,28.0,17.78,3.06
2017-10-28,19.81,29.12,18.25,21.6
2017-10-29,40.24,24.76,17.09,9.26
2017-10-30,6.79,22.67,17.56,7.46
2017-10-31,0.03,28.41,15.45,20.53
2017-11-01,0.0,25.97,13.02,26.51
2017-11-02,0.0,27.54,12.57,28.84
2017-11-03,5.82,28.17,12.96,15.56
2017-11-04,26.58,25.96,18.96,7.71
2017-11-05,1.35,24.04,14.61,9.33
2017-11-06,0.47,24.38,13.73,13.06
2017-11-07,0.02,26.91,12.11,20.71
2017-11-08,13.11,21.15,14.04,6.58
2017-11-09,2.05,23.3,14.9,15.62
2017-11-10,29.24,28.37,16.03,15.91
2017-11-11,3.74,27.17,15.68,22.99
2017-11-12,0.01,27.97,11.13,32.26
2017-11-13,0.02,29.12,11.91,32.25
2017-11-14,0.0,27.87,12.31,30.66
2017-11-15,0.0,32.4,12.31,30.93
2017-11-16,8.28,31.26,17.86,27.04
2017-11-17,5.39,27.45,19.2,16.09
2017-11-18,16.92,24.44,18.76,8.09
2017-11-19,12.61,26.06,17.25,21.08
2017-11-20,1.02,26.31,15.65,15.36
2017-11-21,17.59,27.06,16.04,15.28
2017-11-22,6.09,29.07,15.8,20.54
2017-11-23,0.09,29.28,13.39,21.35
2017-11-24,0.04,31.23,14.23,30.93
2017-11-25,1.94,31.41,16.15,25.4
2017-11-26,24.04,28.73,18.89,14.59
2017-11-27,6.85,31.39,19.49,23.39
2017-11-28,0.21,30.24,16.77,21.46
2017-11-29,5.31,29.25,15.53,28.77
2017-11-30,4.06,25.61,14.37,17.19
2017-12-01,0.08,27.16,15.11,18.35
2017-12-02,0.1,28.42,15.7,19.69
2017-12-03,0.02,31.14,15.81,21.78
2017-12-04,0.77,31.3,17.29,23.91
2017-12-05,2.6,30.9,19.06,20.54
2017-12-06,1.57,30.69,18.27,18.52
2017-12-07,11.96,29.86,17.6,8.28
2017-12-08,0.49,32.43,18.2,25.11
2017-12-09,0.35,30.94,17.43,25.26
2017-12-10,2.06,32.06,17.28,25.29
2017-12-11,0.12,33.17,17.33,28.66
2017-12-12,0.09,28.57,15.62,18.34
2017-12-13,0.02,31.44,14.49,17.82
2017-12-14,0.13,33.78,16.22,25.98
2017-12-15,0.8,32.37,17.81,15.67
2017-12-16,0.07,33.17,18.21,28.56
2017-12-17,5.44,31.58,19.28,27.94
2017-12-18,13.97,27.52,19.15,14.91
2017-12-19,1.76,32.31,17.88,18.18
2017-12-20,14.43,24.47,19.44,13.33
2017-12-21,27.45,24.92,19.09,6.9
2017-12-22,11.04,26.51,19.52,19.22
2017-12-23,3.09,26.33,20.28,14.13
2017-12-24,9.26,26.2,20.11,9.09
2017-12-25,29.06,24.87,18.67,6.85
2017-12-26,20.73,25.89,17.1,9.55
2017-12-27,5.84,28.05,19.02,13.18
2017-12-28,9.29,29.86,19.52,14.1
2017-12-29,13.3,24.19,18.29,7.17
2017-12-30,29.66,28.81,19.45,16.26
2017-12-31,7.96,29.78,20.72,23.75
2018-01-01,13.79,30.25,19.89,15.37
2018-01-02,5.45,24.61,20.87,10.54
2018-01-03,4.44,29.85,18.2,24.61
2018-01-04,0.16,28.52,16.25,29.65
2018-01-05,0.0,31.24,14.89,30.0
2018-01-06,6.1,29.53,17.09,22.79
2018-01-07,4.71,28.0,17.9,17.78
2018-01-08,5.83,25.08,17.28,12.7
2018-01-09,11.08,22.43,17.08,8.41
2018-01-10,5.78,25.98,18.17,12.18
2018-01-11,6.68,26.8,18.64,12.37
2018-01-12,10.53,26.72,18.06,14.85
2018-01-13,12.43,23.42,18.31,10.72
2018-01-14,9.01,24.48,18.92,19.75
2018-01-15,7.65,26.69,19.74,17.82
2018-01-16,12.78,27.03,19.53,17.78
2018-01-17,12.64,29.84,19.4,12.54
2018-01-18,8.22,30.03,19.85,18.67
2018-01-19,5.83,27.27,19.46,16.93
2018-01-20,10.32,25.92,18.53,17.93
2018-01-21,20.69,29.51,18.78,19.26
2018-01-22,2.83,29.64,19.9,22.88
2018-01-23,4.73,30.18,20.36,26.64
2018-01-24,6.51,30.18,18.64,23.26
2018-01-25,1.87,30.82,20.64,19.68
2018-01-26,0.4,29.09,19.37,15.12
2018-01-27,0.05,28.18,17.91,16.51
2018-01-28,8.66,30.85,18.24,20.42
2018-01-29,16.58,28.69,19.66,13.14
2018-01-30,4.05,27.47,16.23,8.91
2018-01-31,0.58,28.88,16.31,25.74
2018-02-01,0.2,28.01,16.21,24.56
2018-02-02,0.1,28.24,16.5,20.94
2018-02-03,0.05,27.81,15.98,30.63
2018-02-04,1.46,27.78,15.71,21.18
2018-02-05,0.86,27.86,15.23,23.88
2018-02-06,0.04,29.52,15.32,28.54
2018-02-07,0.12,29.78,15.87,23.61
2018-02-08,0.04,30.84,16.88,26.18
2018-02-09,2.65,31.93,17.86,23.48
2018-02-10,8.92,26.19,19.68,11.51
2018-02-11,15.78,28.44,19.9,13.65
2018-02-12,22.66,26.98,17.52,10.79
2018-02-13,12.66,23.47,16.08,9.9
2018-02-14,1.99,24.28,15.57,9.51
2018-02-15,1.14,25.64,15.51,13.11
2018-02-16,0.21,27.86,16.52,17.03
2018-02-17,0.71,24.13,16.73,18.6
2018-02-18,1.13,26.08,16.74,11.35
2018-02-19,5.66,25.64,18.14,10.51
2018-02-20,7.69,26.76,19.66,12.49
2018-02-21,3.47,29.08,20.25,19.1
2018-02-22,6.92,30.69,19.06,25.75
2018-02-23,2.22,29.13,16.85,24.13
2018-02-24,0.12,28.26,16.59,24.72
2018-02-25,0.02,28.38,15.58,26.15
2018-02-26,3.21,30.15,16.51,25.73
2018-02-27,10.39,29.91,18.52,15.64
2018-02-28,12.13,30.25,18.32,17.24
2018-03-01,4.91,29.06,19.25,20.62
2018-03-02,16.13,32.04,20.08,17.32
2018-03-03,22.99,26.45,20.17,14.63
2018-03-04,0.82,29.72,19.09,17.09
2018-03-05,1.04,30.96,18.73,21.98
2018-03-06,28.97,31.57,19.22,18.12
2018-03-07,3.36,29.7,18.64,15.66
2018-03-08,0.01,29.65,18.21,16.45
2018-03-09,1.93,29.28,17.06,19.82
2018-03-10,5.03,27.36,18.19,18.36
2018-03-11,0.25,30.87,18.61,24.23
2018-03-12,2.12,31.72,18.81,22.79
2018-03-13,2.0,32.92,18.94,17.05
2018-03-14,10.86,29.6,20.91,14.49
2018-03-15,17.12,27.54,21.22,19.46
2018-03-16,1.73,29.25,21.23,21.62
2018-03-17,0.25,32.28,19.22,16.21
2018-03-18,0.02,32.62,19.05,22.37
2018-03-19,0.41,29.13,21.45,15.96
2018-03-20,38.89,27.84,21.26,13.24
2018-03-21,11.02,30.14,19.1,12.95
2018-03-22,0.23,29.37,16.29,7.75
2018-03-23,0.01,29.47,17.66,13.37
2018-03-24,0.01,29.92,19.77,21.52
2018-03-25,5.99,28.09,19.86,14.76
2018-03-26,28.87,22.1,17.81,6.03
2018-03-27,9.97,25.44,17.37,8.85
2018-03-28,8.32,25.58,18.5,15.67
2018-03-29,5.44,27.23,18.44,14.33
2018-03-30,4.93,26.85,17.67,15.5
2018-03-31,5.07,28.66,19.11,9.08
2018-04-01,5.75,24.44,18.91,12.07
2018-04-02,2.56,23.64,18.94,13.07
2018-04-03,1.93,27.48,17.27,16.81
2018-04-04,0.74,28.14,17.09,17.67
2018-04-05,0.16,27.97,16.62,18.73
2018-04-06,0.05,28.02,16.64,19.54
2018-04-07,0.02,27.99,16.51,20.65
2018-04-08,0.01,27.44,16.12,22.04
2018-04-09,0.01,28.58,16.43,20.64
2018-04-10,0.01,27.89,16.46,20.65
2018-04-11,0.02,26.97,16.51,21.8
2018-04-12,0.03,29.19,15.43,20.64
2018-04-13,0.1,28.83,16.47,19.73
2018-04-14,2.56,26.12,17.63,15.45
2018-04-15,1.31,24.29,16.54,9.47
2018-04-16,0.63,22.63,15.35,11.01
2018-04-17,0.55,23.96,15.29,13.31
2018-04-18,0.02,25.61,14.05,20.23
2018-04-19,0.02,26.55,13.74,19.78
2018-04-20,0.02,26.01,13.37,18.68
2018-04-21,0.0,24.93,12.96,19.91
2018-04-22,0.01,24.69,12.89,18.63
2018-04-23,0.01,26.35,14.17,17.45
2018-04-24,0.05,26.68,14.69,18.51
2018-04-25,0.07,26.97,15.35,18.31
2018-04-26,0.0,27.55,15.81,17.71
2018-04-27,0.49,27.68,16.61,16.94
2018-04-28,0.39,28.22,16.81,14.63
2018-04-29,0.11,27.55,16.55,17.78
2018-04-30,0.06,27.82,15.78,17.71
2018-05-01,0.02,27.84,15.1,16.19
2018-05-02,0.27,27.13,16.45,13.68
2018-05-03,0.18,26.75,16.48,13.79
2018-05-04,0.0,26.51,13.63,16.27
2018-05-05,0.03,28.39,15.41,13.74
2018-05-06,0.37,26.29,16.17,14.34
2018-05-07,0.74,24.69,16.15,10.68
2018-05-08,0.47,25.05,16.12,10.36
2018-05-09,0.05,24.63,14.6,14.63
2018-05-10,0.03,24.81,13.32,15.77
2018-05-11,0.01,24.47,12.82,13.87
2018-05-12,0.03,25.08,15.94,17.07
2018-05-13,0.0,23.69,13.87,14.82
2018-05-14,0.0,22.85,13.86,15.42
2018-05-15,2.04,25.33,14.59,14.83
2018-05-16,1.38,25.34,15.63,11.91
2018-05-17,0.16,24.5,15.35,12.08
2018-05-18,13.29,24.52,14.51,11.36
2018-05-19,12.17,19.92,9.07,10.0
2018-05-20,0.14,16.26,4.96,15.7
2018-05-21,0.03,18.16,3.57,17.44
2018-05-22,0.01,20.0,8.52,16.67
2018-05-23,0.0,21.56,7.25,14.59
2018-05-24,0.38,22.0,10.58,11.35
2018-05-25,1.5,22.16,12.24,11.21
2018-05-26,0.08,23.07,11.86,12.05
2018-05-27,0.01,23.59,12.41,14.67
2018-05-28,0.01,21.44,11.9,16.08
2018-05-29,0.0,22.32,11.98,14.45
2018-05-30,0.0,22.72,11.82,15.26
2018-05-31,0.01,22.78,9.68,15.58
2018-06-01,0.12,22.25,10.18,9.48
2018-06-02,2.53,23.61,12.94,6.58
2018-06-03,1.76,16.8,11.74,4.62
2018-06-04,1.08,16.83,10.55,4.2
2018-06-05,2.51,17.18,12.13,3.87
2018-06-06,0.36,21.3,12.34,7.0
2018-06-07,3.22,21.08,12.56,5.08
2018-06-08,0.06,19.57,7.01,16.04
2018-06-09,0.02,19.64,6.21,9.71
2018-06-10,0.0,23.18,11.51,7.64
2018-06-11,0.01,26.03,15.36,13.36
2018-06-12,15.5,24.04,16.25,4.8
2018-06-13,7.85,24.54,16.09,7.2
2018-06-14,0.72,20.09,11.51,4.0
2018-06-15,1.48,16.13,10.23,6.41
2018-06-16,0.4,17.37,10.02,5.3
2018-06-17,0.08,20.11,10.09,9.73
2018-06-18,0.02,20.01,10.87,8.81
2018-06-19,0.01,22.77,12.47,10.6
2018-06-20,0.02,23.85,12.17,11.63
2018-06-21,0.03,23.42,12.74,12.57
2018-06-22,0.01,24.34,12.9,13.98
2018-06-23,0.01,24.25,11.65,14.8
2018-06-24,0.01,24.7,16.3,14.2
2018-06-25,0.01,24.8,14.45,14.37
2018-06-26,0.27,24.96,13.12,11.06
2018-06-27,1.21,24.11,14.21,4.49
2018-06-28,0.13,22.95,13.21,11.72
2018-06-29,0.02,24.61,12.67,13.48
2018-06-30,0.03,24.67,14.31,12.64
2018-07-01,0.04,24.96,13.6,13.29
2018-07-02,0.0,25.48,14.47,12.95
2018-07-03,0.06,26.67,12.87,13.26
2018-07-04,0.04,23.71,11.49,10.4
2018-07-05,0.01,26.12,14.72,13.78
2018-07-06,0.01,25.81,12.54,11.99
2018-07-07,0.01,23.49,13.16,12.92
2018-07-08,0.01,25.18,11.57,12.96
2018-07-09,1.13,23.12,11.36,7.22
2018-07-10,0.09,17.32,5.8,15.07
2018-07-11,0.0,17.56,5.4,15.46
2018-07-12,0.0,17.81,6.56,15.32
2018-07-13,0.0,18.77,7.5,14.48
2018-07-14,0.0,25.03,10.8,16.21
2018-07-15,0.0,26.77,12.05,16.15
2018-07-16,0.01,27.54,13.27,15.8
2018-07-17,0.01,25.74,11.59,15.6
2018-07-18,0.01,25.98,10.0,15.86
2018-07-19,0.01,26.62,11.0,15.75
2018-07-20,0.01,26.49,11.7,16.44
2018-07-21,0.02,25.89,12.65,12.66
2018-07-22,0.02,20.67,10.94,8.59
2018-07-23,0.01,25.89,12.75,14.04
2018-07-24,0.07,24.13,12.56,8.09
2018-07-25,0.0,23.59,11.85,11.59
2018-07-26,0.01,25.27,12.75,14.2
2018-07-27,0.01,25.88,11.01,14.53
2018-07-28,0.01,27.21,11.48,14.45
2018-07-29,0.08,25.52,13.92,12.83
2018-07-30,9.2,24.67,13.74,9.35
2018-07-31,8.43,23.51,11.96,13.12
2018-08-01,0.29,19.21,9.97,5.54
2018-08-02,0.98,20.6,10.35,7.35
2018-08-03,35.69,17.19,13.0,3.5
2018-08-04,0.79,21.21,12.15,6.45
2018-08-05,1.6,24.21,11.4,6.58
2018-08-06,4.33,17.94,9.88,7.21
2018-08-07,0.11,20.9,9.55,15.85
2018-08-08,5.21,21.66,9.43,10.81
2018-08-09,2.9,19.81,7.16,11.37
2018-08-10,0.0,18.82,4.0,19.46
2018-08-11,0.01,22.12,2.27,19.65
2018-08-12,0.0,22.39,6.0,19.25
2018-08-13,0.06,23.13,8.38,17.8
2018-08-14,0.08,25.58,9.16,19.64
2018-08-15,0.22,24.06,10.08,12.12
2018-08-16,0.14,20.16,10.68,7.23
2018-08-17,0.14,22.41,11.37,11.27
2018-08-18,0.09,24.43,10.63,15.32
2018-08-19,0.02,25.57,11.34,18.27
2018-08-20,0.04,27.99,13.03,18.9
2018-08-21,0.57,27.57,11.96,14.58
2018-08-22,2.18,21.85,13.52,9.07
2018-08-23,1.68,24.41,13.31,13.07
2018-08-24,2.46,24.7,14.25,11.55
2018-08-25,30.01,24.64,9.89,16.72
2018-08-26,0.0,21.94,8.68,19.14
2018-08-27,0.01,21.52,6.73,19.04
2018-08-28,0.01,25.77,9.39,18.24
2018-08-29,0.02,27.29,11.72,20.44
2018-08-30,0.1,28.33,11.4,21.56
2018-08-31,0.02,30.39,15.78,22.0
2018-09-01,0.59,29.0,15.87,17.19
2018-09-02,2.25,29.89,13.28,10.04
2018-09-03,3.54,18.85,9.5,8.16
2018-09-04,3.52,22.17,9.1,15.51
2018-09-05,1.63,21.05,8.14,22.64
2018-09-06,0.01,23.88,7.45,23.56
2018-09-07,0.0,27.97,9.25,22.22
2018-09-08,0.01,29.4,11.15,22.22
2018-09-09,0.0,29.52,11.65,18.23
2018-09-10,0.0,28.39,12.18,20.61
2018-09-11,0.0,26.72,12.21,17.46
2018-09-12,0.07,26.96,12.98,14.39
2018-09-13,4.96,27.47,12.88,12.21
2018-09-14,3.91,25.03,13.61,6.01
2018-09-15,2.87,25.24,14.0,14.1
2018-09-16,1.57,26.88,12.78,13.98
2018-09-17,9.87,18.15,13.25,7.06
2018-09-18,0.29,27.23,14.57,18.58
2018-09-19,9.82,28.93,16.19,12.01
2018-09-20,14.37,24.72,17.7,3.37
2018-09-21,0.56,29.97,17.78,22.01
2018-09-22,0.0,31.78,15.74,22.83
2018-09-23,0.01,32.63,14.07,24.58
2018-09-24,0.03,33.94,14.11,24.16
2018-09-25,0.01,30.69,14.6,21.68
2018-09-26,0.39,30.2,16.88,11.79
2018-09-27,5.38,29.19,17.59,7.26
2018-09-28,0.7,28.19,17.04,16.79
2018-09-29,0.03,29.17,16.98,18.86
2018-09-30,1.75,26.44,17.73,10.38
2018-10-01,0.13,30.46,17.67,21.62
2018-10-02,1.16,31.97,18.53,11.16
2018-10-03,1.6,29.57,19.58,12.07
2018-10-04,14.98,25.47,15.87,10.87
2018-10-05,0.2,26.58,13.98,8.71
2018-10-06,1.79,24.58,13.08,7.94
2018-10-07,10.06,27.75,13.57,9.42
2018-10-08,14.43,26.58,16.01,6.92
2018-10-09,7.89,29.11,18.26,15.1
2018-10-10,6.68,28.58,19.12,15.54
2018-10-11,3.08,25.07,15.58,7.33
2018-10-12,0.14,30.28,14.68,17.69
2018-10-13,3.78,25.4,19.22,10.88
2018-10-14,9.06,27.19,16.3,9.67
2018-10-15,15.29,28.27,15.62,8.92
2018-10-16,4.27,27.62,14.9,8.75
2018-10-17,20.0,31.47,16.62,16.45
2018-10-18,22.79,27.66,20.5,14.95
2018-10-19,3.2,23.59,15.13,13.9
2018-10-20,0.14,23.62,12.93,25.51
2018-10-21,0.01,25.35,12.24,25.19
2018-10-22,0.0,29.7,11.76,27.27
2018-10-23,2.44,30.77,14.96,17.18
2018-10-24,15.74,20.93,15.47,5.99
2018-10-25,12.27,25.57,15.27,8.42
2018-10-26,13.93,23.67,16.65,13.52
2018-10-27,3.43,28.41,16.61,21.11
2018-10-28,0.78,26.57,13.51,25.81
2018-10-29,0.38,26.62,12.57,21.3
2018-10-30,0.0,31.32,12.89,28.84
2018-10-31,0.68,31.28,15.35,15.09
2018-11-01,6.92,25.9,19.05,9.21
2018-11-02,0.59,30.75,15.26,19.73
2018-11-03,4.09,31.82,15.99,22.87
2018-11-04,0.99,28.56,16.1,16.33
2018-11-05,0.1,27.67,13.96,16.98
2018-11-06,1.53,27.92,13.78,15.82
2018-11-07,2.0,25.56,15.56,16.67
2018-11-08,1.07,22.9,14.91,15.25
2018-11-09,0.66,28.08,15.28,19.78
2018-11-10,0.12,29.43,16.06,14.02
2018-11-11,0.01,32.25,16.52,24.18
2018-11-12,0.0,34.66,17.28,25.32
2018-11-13,0.02,34.02,17.69,24.57
2018-11-14,2.6,32.27,21.13,18.29
2018-11-15,0.87,31.56,18.59,14.61
2018-11-16,0.01,32.99,15.98,27.66
2018-11-17,0.47,30.53,14.82,22.27
2018-11-18,17.15,27.13,17.76,7.69
2018-11-19,8.82,20.72,14.03,12.41
2018-11-20,0.3,26.48,12.57,18.47
2018-11-21,0.13,27.82,12.58,14.64
2018-11-22,0.41,30.61,15.55,17.93
2018-11-23,15.48,27.62,17.95,11.85
2018-11-24,11.39,26.27,19.65,16.13
2018-11-25,3.17,30.61,17.86,23.95
2018-11-26,0.13,28.79,15.53,19.03
2018-11-27,0.06,27.58,15.01,24.26
2018-11-28,0.03,29.63,15.53,20.94
2018-11-29,1.54,30.76,18.06,17.22
2018-11-30,7.29,28.34,18.93,23.41
2018-12-01,27.29,28.54,20.37,19.25
2018-12-02,4.8,29.36,16.77,19.37
2018-12-03,2.8,28.77,15.18,19.91
2018-12-04,0.45,30.02,15.41,26.38
2018-12-05,0.0,32.72,15.22,31.68
2018-12-06,0.03,32.98,14.42,29.45
2018-12-07,2.11,30.46,15.04,15.62
2018-12-08,0.55,26.02,12.88,21.76
2018-12-09,0.0,29.36,9.59,31.5
2018-12-10,0.0,31.25,14.26,28.74
2018-12-11,1.81,31.79,17.44,28.01
2018-12-12,0.0,34.18,18.28,28.22
2018-12-13,0.25,34.58,20.27,26.87
2018-12-14,0.27,32.89,19.87,27.8
2018-12-15,15.57,34.25,21.21,23.58
2018-12-16,3.21,34.26,19.12,25.59
2018-12-17,0.47,34.57,20.46,27.91
2018-12-18,2.21,30.97,22.04,20.15
2018-12-19,8.99,33.89,20.76,23.88
2018-12-20,0.59,32.72,21.57,24.02
2018-12-21,8.08,28.95,21.32,18.0
2018-12-22,10.93,29.68,20.81,22.23
2018-12-23,12.23,28.22,20.42,13.18
2018-12-24,14.82,25.54,18.29,14.01
2018-12-25,0.25,29.86,16.98,22.63
2018-12-26,1.81,31.58,17.56,27.43
2018-12-27,1.7,31.66,18.04,23.31
2018-12-28,4.9,32.3,18.65,24.49
2018-12-29,0.7,34.84,18.72,27.88
2018-12-30,0.02,36.08,18.3,27.44
2018-12-31,2.11,35.41,19.75,23.95
2019-01-01,0.55,35.31,18.3,28.89
2019-01-02,5.68,29.71,19.53,22.16
2019-01-03,4.81,30.12,21.17,24.15
2019-01-04,15.55,28.08,21.94,20.38
2019-01-05,41.3,28.9,18.85,10.42
2019-01-06,7.77,24.84,18.73,13.67
2019-01-07,0.53,30.31,19.89,25.48
2019-01-08,2.79,30.56,20.94,22.19
2019-01-09,4.54,30.01,20.46,24.97
2019-01-10,7.85,33.47,20.05,19.62
2019-01-11,2.37,30.68,20.86,26.73
2019-01-12,7.68,29.12,19.63,22.53
2019-01-13,2.64,29.83,19.96,23.07
2019-01-14,7.16,32.35,20.09,22.5
2019-01-15,1.31,32.35,19.78,26.22
2019-01-16,3.5,32.72,19.96,17.68
2019-01-17,4.65,31.79,21.05,19.35
2019-01-18,8.03,30.42,20.73,20.09
2019-01-19,3.35,32.81,20.58,22.52
2019-01-20,6.49,30.75,20.15,19.08
2019-01-21,0.76,33.95,20.67,25.74
2019-01-22,0.2,35.46,20.8,20.22
2019-01-23,1.61,34.45,21.37,21.49
2019-01-24,10.98,32.93,21.27,17.69
2019-01-25,5.83,31.72,19.37,19.48
2019-01-26,0.49,30.48,18.97,26.27
2019-01-27,1.52,30.38,18.53,20.11
2019-01-28,0.04,33.69,18.61,27.99
2019-01-29,0.0,35.48,19.76,29.77
2019-01-30,0.2,34.47,20.39,27.62
2019-01-31,0.2,36.54,20.2,22.95
2019-02-01,0.14,38.24,20.72,27.57
2019-02-02,0.45,35.47,21.37,27.53
2019-02-03,3.67,32.98,19.27,20.61
2019-02-04,0.73,28.72,17.98,9.08
2019-02-05,1.49,27.41,17.54,12.62
2019-02-06,6.36,28.62,16.63,18.6
2019-02-07,0.54,32.54,16.27,25.87
2019-02-08,0.06,33.13,17.2,25.7
2019-02-09,0.01,34.42,17.87,28.5
2019-02-10,0.71,35.61,19.14,25.2
2019-02-11,5.55,30.87,20.25,19.08
2019-02-12,4.74,25.83,20.9,12.26
2019-02-13,0.49,30.74,17.84,11.85
2019-02-14,0.24,30.94,16.53,18.49
2019-02-15,22.23,25.69,15.89,4.06
2019-02-16,28.16,29.63,18.04,9.58
2019-02-17,4.6,30.66,17.22,21.72
2019-02-18,1.5,29.44,17.38,21.57
2019-02-19,8.46,28.56,18.73,20.91
2019-02-20,1.68,29.63,18.43,16.09
2019-02-21,11.86,25.82,18.25,17.88
2019-02-22,3.09,28.14,20.12,19.1
2019-02-23,1.7,28.9,19.85,21.58
2019-02-24,1.97,29.36,20.69,23.46
2019-02-25,35.14,28.42,20.55,16.4
2019-02-26,20.01,24.08,20.23,8.8
2019-02-27,10.15,23.45,18.43,7.66
2019-02-28,8.15,27.46,17.94,13.4
2019-03-01,1.87,29.15,18.76,13.46
2019-03-02,0.31,30.81,18.23,22.09
2019-03-03,2.16,30.7,18.14,25.62
2019-03-04,1.46,30.19,19.03,21.3
2019-03-05,8.41,29.24,20.41,20.47
2019-03-06,10.38,29.76,20.64,21.43
2019-03-07,18.56,27.93,20.35,15.54
2019-03-08,6.36,27.88,20.34,20.89
2019-03-09,2.07,29.2,20.25,17.82
2019-03-10,1.96,29.22,19.37,15.08
2019-03-11,0.35,28.99,18.1,11.39
2019-03-12,0.26,28.45,18.06,19.01
2019-03-13,4.55,27.73,19.38,13.22
2019-03-14,6.82,28.12,19.91,18.92
2019-03-15,8.16,28.46,20.0,15.04
2019-03-16,7.0,27.27,19.8,10.83
2019-03-17,1.0,29.01,19.64,13.67
2019-03-18,5.37,28.94,20.16,17.16
2019-03-19,1.65,30.29,20.56,16.81
2019-03-20,8.12,29.36,18.54,14.57
2019-03-21,4.09,24.16,16.05,8.8
2019-03-22,3.14,25.44,15.58,12.38
2019-03-23,0.27,29.06,14.87,23.36
2019-03-24,0.0,29.76,16.28,22.69
2019-03-25,0.04,30.16,17.33,21.7
2019-03-26,0.65,29.69,18.15,18.33
2019-03-27,0.45,29.1,18.35,14.28
2019-03-28,1.88,26.28,17.13,13.93
2019-03-29,1.32,27.4,16.54,16.99
2019-03-30,0.09,27.92,15.43,21.65
2019-03-31,0.02,28.87,15.17,21.72
2019-04-01,1.25,29.24,16.87,20.44
2019-04-02,0.33,30.18,15.8,21.79
2019-04-03,0.05,29.56,17.39,13.4
2019-04-04,0.01,31.26,19.72,14.66
2019-04-05,5.12,28.31,20.01,13.87
2019-04-06,35.51,28.52,20.43,7.37
2019-04-07,11.43,26.03,19.72,7.55
2019-04-08,5.02,25.87,16.66,9.44
2019-04-09,0.36,25.31,15.07,9.06
2019-04-10,0.08,25.3,14.14,18.69
2019-04-11,0.03,27.87,13.98,19.3
2019-04-12,0.02,28.62,15.85,19.48
2019-04-13,0.43,29.78,16.94,18.3
2019-04-14,0.38,27.86,18.6,11.99
2019-04-15,0.02,28.91,16.37,19.66
2019-04-16,3.68,27.85,17.32,13.4
2019-04-17,0.31,28.13,14.63,20.1
2019-04-18,0.04,28.72,13.0,20.48
2019-04-19,0.04,28.79,14.06,20.48
2019-04-20,0.01,28.68,16.26,16.97
2019-04-21,0.6,29.21,16.55,9.1
2019-04-22,2.78,27.26,18.49,7.56
2019-04-23,0.27,28.92,17.78,7.69
2019-04-24,0.02,29.56,17.94,15.12
2019-04-25,1.84,30.57,18.58,12.67
2019-04-26,1.7,29.53,18.79,13.16
2019-04-27,2.61,28.35,19.09,13.65
2019-04-28,21.8,26.6,15.23,5.74
2019-04-29,1.06,25.83,12.52,16.84
2019-04-30,0.06,26.49,14.3,14.76
2019-05-01,0.1,26.12,15.45,8.33
2019-05-02,0.04,26.24,16.52,13.36
2019-05-03,0.01,29.52,17.81,14.55
2019-05-04,0.11,29.15,18.56,14.13
2019-05-05,0.27,28.69,19.16,16.0
2019-05-06,3.54,29.95,18.48,15.88
2019-05-07,4.7,27.79,17.14,9.4
2019-05-08,0.22,25.36,16.07,10.59
2019-05-09,0.01,26.18,14.77,12.85
2019-05-10,0.37,28.43,15.53,13.99
2019-05-11,3.15,27.94,18.42,5.35
2019-05-12,0.92,27.54,19.35,11.57
2019-05-13,0.03,27.32,17.7,10.15
2019-05-14,0.02,25.25,15.22,16.0
2019-05-15,0.78,22.95,14.11,9.42
2019-05-16,1.36,22.3,15.41,10.08
2019-05-17,2.73,20.84,15.65,7.66
2019-05-18,5.49,21.45,15.6,6.61
2019-05-19,0.29,25.11,14.78,9.4
2019-05-20,0.1,25.62,14.63,13.85
2019-05-21,0.06,25.87,13.96,12.53
2019-05-22,0.08,26.08,14.85,14.49
2019-05-23,14.06,24.2,15.7,3.26
2019-05-24,13.95,20.97,9.91,8.13
2019-05-25,0.08,21.32,8.7,16.03
2019-05-26,0.07,22.11,10.22,16.71
2019-05-27,0.05,25.4,9.72,15.21
2019-05-28,0.2,25.72,12.07,2.8
2019-05-29,25.93,25.43,17.16,9.08
2019-05-30,5.12,26.21,16.0,5.37
2019-05-31,12.06,25.84,16.77,4.79
2019-06-01,36.4,22.12,16.82,6.35
2019-06-02,17.27,22.35,15.75,3.87
2019-06-03,12.88,22.6,14.15,12.96
2019-06-04,0.05,19.04,8.5,15.96
2019-06-05,0.05,18.91,8.15,10.02
2019-06-06,0.04,20.95,10.94,13.37
2019-06-07,0.04,22.2,10.51,15.63
2019-06-08,0.0,22.7,9.54,15.58
2019-06-09,0.01,21.68,9.54,14.98
2019-06-10,0.02,22.37,11.37,14.92
2019-06-11,0.01,23.97,11.93,14.27
2019-06-12,0.0,24.38,10.78,13.98
2019-06-13,0.0,25.07,11.9,13.7
2019-06-14,0.0,26.06,13.39,13.5
2019-06-15,0.0,25.37,12.71,13.62
2019-06-16,0.0,25.4,12.41,14.51
2019-06-17,0.26,23.94,12.96,13.62
2019-06-18,0.1,23.6,13.58,7.57
2019-06-19,0.0,24.71,14.95,14.7
2019-06-20,0.0,26.58,12.61,13.12
2019-06-21,0.0,23.32,12.63,8.46
2019-06-22,0.01,24.02,12.36,10.28
2019-06-23,0.0,24.08,12.28,14.11
2019-06-24,0.0,24.29,11.75,14.79
2019-06-25,0.0,24.47,10.23,13.82
2019-06-26,1.22,24.34,11.56,3.81
2019-06-27,2.93,23.85,14.3,6.26
2019-06-28,0.18,26.41,15.17,12.37
2019-06-29,0.01,26.35,13.87,14.57
2019-06-30,0.0,26.05,12.13,14.99
2019-07-01,0.0,26.28,13.14,14.08
2019-07-02,0.04,25.71,15.04,11.7
2019-07-03,9.35,24.9,13.95,6.28
2019-07-04,35.41,17.29,12.33,4.33
2019-07-05,7.34,17.55,4.5,11.44
2019-07-06,0.0,14.06,-0.34,15.97
2019-07-07,0.0,15.28,1.52,16.23
2019-07-08,0.05,17.89,4.91,15.87
2019-07-09,0.03,20.81,7.83,15.66
2019-07-10,0.08,21.61,7.83,15.54
2019-07-11,0.0,22.87,9.62,15.72
2019-07-12,0.0,23.09,8.87,15.28
2019-07-13,0.0,24.4,12.29,15.31
2019-07-14,0.02,25.21,12.29,14.87
2019-07-15,3.4,25.43,12.21,2.74
2019-07-16,0.06,19.17,6.95,16.38
2019-07-17,0.03,16.73,5.23,12.53
2019-07-18,0.04,19.1,10.77,13.73
2019-07-19,0.01,20.98,12.0,14.64
2019-07-20,0.0,23.13,9.46,14.71
2019-07-21,0.0,21.4,9.19,14.03
2019-07-22,0.0,22.95,11.89,12.74
2019-07-23,0.0,24.93,11.38,16.2
2019-07-24,0.0,25.38,12.79,15.69
2019-07-25,0.0,25.03,13.72,12.24
2019-07-26,0.0,24.44,14.93,13.26
2019-07-27,0.0,26.87,13.83,15.32
2019-07-28,0.02,23.95,12.28,12.74
2019-07-29,0.01,24.51,11.38,11.89
2019-07-30,1.78,25.12,12.25,9.97
2019-07-31,0.02,25.78,10.42,16.74
2019-08-01,0.0,26.11,11.24,17.77
2019-08-02,1.4,27.0,12.88,13.35
2019-08-03,0.45,18.04,8.99,15.59
2019-08-04,0.01,17.05,6.41,10.12
2019-08-05,0.07,17.73,6.86,8.75
2019-08-06,0.01,23.83,10.91,13.49
2019-08-07,0.0,25.28,12.03,15.78
2019-08-08,0.01,27.98,13.76,16.82
2019-08-09,0.03,28.31,12.05,17.11
2019-08-10,0.02,28.6,11.87,18.11
2019-08-11,0.01,28.65,13.77,14.27
2019-08-12,0.0,29.64,13.39,18.15
2019-08-13,0.04,25.98,13.26,12.55
2019-08-14,0.02,18.94,7.46,11.48
2019-08-15,0.0,23.26,8.33,16.82
2019-08-16,0.0,26.32,9.6,17.95
2019-08-17,0.0,27.13,8.66,19.21
2019-08-18,2.63,27.47,14.27,14.67
2019-08-19,3.76,18.53,11.45,6.75
2019-08-20,0.28,21.18,10.09,6.13
2019-08-21,0.02,25.14,10.3,12.42
2019-08-22,0.26,22.44,10.33,12.05
2019-08-23,2.92,24.78,10.73,17.31
2019-08-24,0.03,23.47,10.22,15.98
2019-08-25,0.01,23.62,9.34,18.47
2019-08-26,0.01,27.54,10.93,17.04
2019-08-27,0.01,27.74,12.34,16.6
2019-08-28,0.02,27.05,13.21,17.01
2019-08-29,0.03,28.99,12.12,18.8
2019-08-30,0.0,30.45,12.06,20.3
2019-08-31,4.16,32.71,17.55,15.61
2019-09-01,31.24,24.32,15.34,3.8
2019-09-02,14.1,23.66,11.74,4.56
2019-09-03,3.44,23.28,15.29,7.44
2019-09-04,0.22,26.79,13.77,7.8
2019-09-05,3.16,17.89,10.39,8.12
2019-09-06,1.06,22.48,10.4,10.7
2019-09-07,0.1,30.55,12.69,19.69
2019-09-08,0.01,33.01,15.41,20.45
2019-09-09,0.0,32.62,15.74,22.04
2019-09-10,0.02,33.91,14.87,21.63
2019-09-11,0.0,34.46,17.74,19.48
2019-09-12,0.01,35.19,17.36,20.1
2019-09-13,0.05,30.57,16.08,10.5
2019-09-14,0.04,30.76,14.26,16.03
2019-09-15,0.04,32.8,15.04,20.25
2019-09-16,0.0,35.29,16.96,21.38
2019-09-17,0.0,36.72,20.31,22.46
2019-09-18,1.79,33.96,15.94,15.54
2019-09-19,4.8,30.66,17.03,6.04
2019-09-20,17.37,24.93,16.9,5.75
2019-09-21,0.39,25.23,12.74,4.81
2019-09-22,0.68,22.88,12.21,7.54
2019-09-23,0.04,21.92,9.65,20.01
2019-09-24,0.48,24.03,12.13,13.37
2019-09-25,0.91,25.23,13.19,8.5
2019-09-26,0.01,27.61,13.17,18.16
2019-09-27,0.01,27.79,13.28,21.85
2019-09-28,0.01,27.3,12.28,23.32
2019-09-29,0.0,30.42,11.0,23.6
2019-09-30,0.0,30.99,13.22,24.79
2019-10-01,0.0,33.67,13.59,26.51
2019-10-02,0.0,37.03,14.01,24.09
2019-10-03,0.07,34.22,17.59,21.73
2019-10-04,0.09,35.34,15.15,25.56
2019-10-05,0.05,35.57,16.33,26.05
2019-10-06,2.41,30.64,15.7,10.4
2019-10-07,4.67,24.56,14.27,4.45
2019-10-08,0.16,29.07,15.36,16.1
2019-10-09,0.0,30.55,14.99,24.02
2019-10-10,0.0,32.56,13.91,26.31
2019-10-11,0.0,35.11,15.44,25.76
2019-10-12,0.26,36.24,17.34,25.46
2019-10-13,0.9,36.96,18.87,23.23
2019-10-14,2.35,36.51,19.33,20.89
2019-10-15,4.84,29.21,16.05,12.19
2019-10-16,0.08,31.44,15.37,18.43
2019-10-17,0.02,33.76,17.67,20.01
2019-10-18,3.63,34.27,19.3,16.47
2019-10-19,1.16,33.96,18.57,19.17
2019-10-20,0.76,29.9,15.54,17.69
2019-10-21,3.53,23.12,13.32,7.1
2019-10-22,0.73,32.16,15.72,20.98
2019-10-23,0.03,31.52,15.15,18.32
2019-10-24,0.0,33.24,14.63,27.0
2019-10-25,0.02,34.64,16.67,25.31
2019-10-26,0.01,35.77,17.52,25.17
2019-10-27,1.74,36.04,17.85,27.57
2019-10-28,3.84,32.93,18.59,18.45
2019-10-29,0.09,34.62,19.45,24.42
2019-10-30,0.79,37.89,20.86,25.99
2019-10-31,0.14,37.71,17.8,18.27
2019-11-01,0.11,34.82,18.39,22.02
2019-11-02,0.03,36.15,18.67,23.38
2019-11-03,0.12,36.83,18.74,24.01
2019-11-04,0.36,37.56,20.05,24.3
2019-11-05,15.81,37.55,21.6,15.57
2019-11-06,3.41,28.51,16.83,10.7
2019-11-07,0.1,31.45,16.16,12.88
2019-11-08,9.02,30.73,18.39,16.9
2019-11-09,13.83,28.66,18.57,19.38
2019-11-10,19.04,23.96,19.5,8.12
2019-11-11,6.97,25.15,17.03,16.23
2019-11-12,0.39,27.93,16.4,19.11
2019-11-13,53.38,24.7,16.44,17.16
2019-11-14,21.79,25.07,17.55,11.17
2019-11-15,0.81,29.92,17.39,27.8
2019-11-16,0.01,28.35,15.0,26.54
2019-11-17,0.0,28.32,14.12,28.8
2019-11-18,0.01,29.76,12.43,27.18
2019-11-19,0.06,31.3,15.21,23.68
2019-11-20,0.12,31.93,16.38,25.91
2019-11-21,2.27,32.44,16.61,26.25
2019-11-22,4.19,26.47,17.23,23.44
2019-11-23,6.15,32.85,16.94,22.72
2019-11-24,1.19,23.84,13.77,15.65
2019-11-25,0.0,30.85,12.11,27.58
2019-11-26,48.33,32.96,13.14,21.59
2019-11-27,5.45,26.61,17.62,7.85
2019-11-28,13.27,23.64,15.3,11.23
2019-11-29,0.0,29.6,13.1,29.62
2019-11-30,0.31,33.46,14.89,27.27
2019-12-01,3.37,34.02,16.81,23.21
2019-12-02,1.01,29.4,16.24,13.63
2019-12-03,0.16,28.32,14.03,17.67
2019-12-04,2.86,29.16,15.54,16.24
2019-12-05,9.63,28.4,19.19,7.52
2019-12-06,1.7,31.27,17.34,20.15
2019-12-07,0.22,30.37,15.98,28.13
2019-12-08,0.16,32.44,13.64,27.16
2019-12-09,4.63,25.31,15.39,12.54
2019-12-10,2.54,32.47,16.35,12.55
2019-12-11,16.52,28.29,19.18,8.13
2019-12-12,1.63,32.05,18.73,26.93
2019-12-13,0.31,32.66,19.01,22.68
2019-12-14,4.24,30.76,18.09,14.55
2019-12-15,2.86,24.85,18.95,11.56
2019-12-16,17.07,28.56,18.23,6.25
2019-12-17,31.2,25.02,19.85,10.2
2019-12-18,2.68,24.71,16.6,10.12
2019-12-19,0.34,28.28,16.17,13.65
2019-12-20,12.55,25.81,17.64,19.35
2019-12-21,2.76,29.1,18.41,18.84
2019-12-22,1.76,27.69,19.29,24.26
2019-12-23,2.71,30.91,18.74,26.71
2019-12-24,0.8,31.37,17.32,24.03
2019-12-25,0.01,33.67,17.1,30.07
2019-12-26,0.0,34.55,18.29,29.48
2019-12-27,0.0,33.22,16.95,31.76
2019-12-28,0.02,35.39,16.82,29.18
2019-12-29,0.01,35.62,18.37,30.27
2019-12-30,0.02,35.44,17.45,28.41
2019-12-31,0.0,36.35,18.5,28.74
2020-01-01,2.97,33.5,21.04,20.62
2020-01-02,16.51,32.1,19.68,19.73
2020-01-03,6.88,28.51,17.65,13.61
2020-01-04,4.4,30.46,17.19,22.61
2020-01-05,5.07,30.02,17.61,17.54
2020-01-06,0.08,32.78,18.58,27.18
2020-01-07,8.8,31.92,19.86,11.58
2020-01-08,10.51,30.42,21.08,18.27
2020-01-09,10.25,28.89,21.95,18.05
2020-01-10,9.38,32.28,21.3,18.54
2020-01-11,2.9,30.13,21.53,16.62
2020-01-12,4.72,32.83,20.66,12.59
2020-01-13,4.64,30.1,18.42,17.03
2020-01-14,1.78,29.9,16.25,20.08
2020-01-15,0.55,33.97,17.98,23.8
2020-01-16,14.87,32.42,21.41,18.26
2020-01-17,0.68,27.81,16.34,10.27
2020-01-18,0.17,29.34,14.93,15.07
2020-01-19,0.09,32.0,15.54,16.95
2020-01-20,0.02,32.61,17.32,25.05
2020-01-21,0.0,31.91,16.9,25.04
2020-01-22,5.09,28.79,16.6,9.22
2020-01-23,4.18,26.62,16.4,12.18
2020-01-24,0.15,30.34,17.24,20.0
2020-01-25,0.01,31.0,15.21,28.01
2020-01-26,0.0,34.45,15.11,29.61
2020-01-27,0.02,35.04,17.2,27.81
2020-01-28,0.01,35.36,19.14,27.42
2020-01-29,3.85,32.93,19.11,23.6
2020-01-30,10.21,30.73,20.48,11.39
2020-01-31,6.27,30.13,21.32,18.03
2020-02-01,7.56,29.67,20.68,16.5
2020-02-02,29.86,27.64,18.99,5.77
2020-02-03,6.69,27.97,18.84,9.83
2020-02-04,2.62,27.84,18.24,11.58
2020-02-05,1.53,29.26,18.84,17.3
2020-02-06,4.13,31.07,19.45,20.13
2020-02-07,2.66,27.05,19.33,16.88
2020-02-08,1.79,31.09,19.09,20.86
2020-02-09,5.75,29.69,19.68,22.59
2020-02-10,13.2,26.18,17.02,13.16
2020-02-11,0.28,27.52,16.07,13.93
2020-02-12,0.1,28.59,15.25,22.43
2020-02-13,0.09,30.03,15.23,24.87
2020-02-14,0.41,31.25,15.99,25.6
2020-02-15,0.12,33.88,16.82,20.56
2020-02-16,0.01,34.85,19.01,22.43
2020-02-17,0.94,33.92,19.44,25.4
2020-02-18,1.99,33.25,21.49,22.39
2020-02-19,17.83,30.66,21.72,12.36
2020-02-20,9.01,29.89,21.28,19.85
2020-02-21,8.83,30.21,20.84,19.72
2020-02-22,5.09,28.2,15.95,8.5
2020-02-23,0.1,26.17,14.36,20.96
2020-02-24,1.43,29.91,15.31,15.49
2020-02-25,7.98,30.36,18.61,11.13
2020-02-26,16.54,28.21,18.47,6.88
2020-02-27,0.25,26.93,14.91,21.37
2020-02-28,0.08,27.73,14.16,24.08
2020-02-29,0.34,27.25,14.51,16.63
2020-03-01,0.99,25.14,15.78,15.7
2020-03-02,0.88,25.52,16.49,15.93
2020-03-03,0.49,24.66,16.22,16.46
2020-03-04,0.11,30.37,15.1,25.33
2020-03-05,0.4,28.76,15.85,20.8
2020-03-06,0.03,29.29,14.61,25.42
2020-03-07,0.25,29.61,14.21,24.72
2020-03-08,0.77,28.83,15.99,24.34
2020-03-09,1.03,31.37,16.09,26.04
2020-03-10,0.0,33.01,16.09,25.98
2020-03-11,0.03,33.35,17.08,25.55
2020-03-12,0.09,34.33,17.17,24.81
2020-03-13,0.07,34.41,16.65,26.22
2020-03-14,0.02,33.58,16.92,24.77
2020-03-15,0.67,34.09,18.42,22.23
2020-03-16,6.81,32.54,20.92,20.91
2020-03-17,5.28,33.26,19.2,21.08
2020-03-18,5.88,30.95,18.64,15.62
2020-03-19,17.66,30.94,20.15,18.64
2020-03-20,8.85,29.53,20.35,15.23
2020-03-21,0.48,29.12,17.42,11.24
2020-03-22,0.06,28.21,15.86,23.67
2020-03-23,0.22,27.17,14.23,22.44
2020-03-24,0.24,27.64,15.0,22.13
2020-03-25,0.04,27.99,14.33,22.64
2020-03-26,0.0,28.06,14.17,24.57
2020-03-27,0.01,27.82,14.58,21.03
2020-03-28,0.01,29.16,17.11,18.89
2020-03-29,4.01,29.78,17.98,9.65
2020-03-30,0.39,31.33,17.48,20.27
2020-03-31,0.04,32.8,16.83,21.52
2020-04-01,0.02,30.6,17.87,20.15
2020-04-02,0.02,31.77,17.44,18.43
2020-04-03,0.01,32.01,14.05,23.7
2020-04-04,0.01,29.36,11.19,23.79
2020-04-05,0.02,30.64,13.85,22.47
2020-04-06,6.7,32.86,15.36,18.53
2020-04-07,8.57,27.64,17.86,14.96
2020-04-08,0.3,28.9,15.49,19.39
2020-04-09,0.15,27.81,13.3,20.48
2020-04-10,0.01,27.75,12.73,17.4
2020-04-11,0.0,26.98,13.8,13.1
2020-04-12,0.0,28.18,13.65,19.16
2020-04-13,1.42,28.92,13.87,20.86
2020-04-14,7.97,22.14,13.98,11.41
2020-04-15,0.26,24.06,9.56,22.56
2020-04-16,0.07,26.07,7.54,21.75
2020-04-17,0.11,26.53,9.36,21.2
2020-04-18,0.1,26.07,12.13,14.59
2020-04-19,0.12,27.49,14.27,15.87
2020-04-20,0.03,28.65,14.2,16.34
2020-04-21,0.02,29.23,13.4,18.51
2020-04-22,0.02,28.78,14.13,20.29
2020-04-23,0.15,27.86,12.33,20.14
2020-04-24,0.18,28.92,13.83,18.85
2020-04-25,0.04,30.66,15.38,17.93
2020-04-26,0.02,30.98,15.61,19.08
2020-04-27,0.07,28.22,14.66,13.11
2020-04-28,0.05,28.02,15.09,16.45
2020-04-29,0.01,29.41,13.94,18.6
2020-04-30,0.1,29.11,17.51,17.71
2020-05-01,1.17,30.22,13.46,14.46
2020-05-02,0.53,29.57,15.37,17.24
2020-05-03,0.17,25.98,13.25,17.84
2020-05-04,0.03,26.45,12.6,18.36
2020-05-05,0.02,27.11,11.26,14.65
2020-05-06,1.84,26.4,13.97,3.84
2020-05-07,0.1,23.2,10.19,14.06
2020-05-08,0.16,23.82,9.32,17.53
2020-05-09,0.06,25.95,10.16,18.24
2020-05-10,0.05,26.48,11.09,18.11
2020-05-11,0.01,27.63,9.34,17.83
2020-05-12,0.01,27.78,11.06,13.66
2020-05-13,4.31,22.51,12.19,5.68
2020-05-14,1.16,23.51,13.41,8.45
2020-05-15,0.06,22.84,12.35,7.18
2020-05-16,0.01,26.73,9.96,15.92
2020-05-17,0.04,27.94,9.9,17.38
2020-05-18,0.04,28.13,9.32,16.54
2020-05-19,0.02,26.72,11.13,14.98
2020-05-20,0.02,26.91,13.96,14.46
2020-05-21,0.02,27.61,14.18,14.88
2020-05-22,25.63,27.92,12.64,6.01
2020-05-23,4.16,19.14,10.5,10.78
2020-05-24,0.01,20.05,7.32,12.7
2020-05-25,0.08,19.7,7.36,15.96
2020-05-26,0.02,21.37,4.01,16.65
2020-05-27,0.0,24.33,4.01,17.28
2020-05-28,0.0,23.2,5.07,16.42
2020-05-29,0.08,25.06,6.07,15.95
2020-05-30,0.02,25.35,9.88,16.35
2020-05-31,0.02,26.45,7.86,16.16
2020-06-01,0.53,26.1,11.54,11.59
2020-06-02,23.25,20.83,14.37,3.91
2020-06-03,4.22,18.12,13.35,3.14
2020-06-04,7.82,22.07,12.8,3.09
2020-06-05,8.01,21.26,14.91,5.35
2020-06-06,9.15,20.68,12.75,5.4
2020-06-07,0.08,22.86,9.42,15.43
2020-06-08,0.59,25.33,10.97,11.75
2020-06-09,2.55,25.8,14.6,6.94
2020-06-10,0.86,27.25,15.62,7.02
2020-06-11,0.19,27.43,16.01,13.35
2020-06-12,0.05,27.9,17.1,14.08
2020-06-13,0.2,27.88,16.91,14.13
2020-06-14,0.04,22.99,12.53,6.06
2020-06-15,0.06,23.82,11.56,9.17
2020-06-16,0.04,24.9,13.48,11.18
2020-06-17,0.03,24.95,14.11,10.95
2020-06-18,0.03,23.95,12.02,12.74
2020-06-19,0.02,26.15,13.09,14.86
2020-06-20,0.04,26.86,13.89,15.22
2020-06-21,0.07,27.29,12.44,14.84
2020-06-22,0.0,27.94,14.07,14.89
2020-06-23,0.01,25.04,13.32,11.75
2020-06-24,0.01,26.12,9.73,14.5
2020-06-25,14.69,25.91,12.36,12.27
2020-06-26,11.93,18.51,12.65,4.33
2020-06-27,62.08,18.76,7.7,3.63
2020-06-28,0.57,19.15,9.71,8.94
2020-06-29,0.57,20.11,9.77,10.58
2020-06-30,11.47,22.17,12.32,11.45
2020-07-01,16.24,17.72,6.6,16.12
2020-07-02,0.09,17.76,5.41,15.54
2020-07-03,0.04,18.53,5.78,14.01
2020-07-04,0.02,20.89,6.36,15.66
2020-07-05,0.01,24.97,8.28,9.02
2020-07-06,0.11,24.96,12.39,7.64
2020-07-07,0.05,26.58,13.74,12.44
2020-07-08,1.9,24.45,12.66,7.66
2020-07-09,0.77,21.89,8.75,15.53
2020-07-10,0.07,22.67,6.86,13.69
2020-07-11,0.1,25.61,10.14,13.41
2020-07-12,0.0,26.18,11.18,15.45
2020-07-13,0.69,27.1,15.05,14.27
2020-07-14,1.83,23.8,12.59,12.74
2020-07-15,0.01,23.11,10.32,11.81
2020-07-16,0.0,22.99,10.02,10.56
2020-07-17,0.01,26.2,12.58,13.14
2020-07-18,0.02,27.04,13.38,13.75
2020-07-19,0.01,25.21,13.08,14.29
2020-07-20,0.06,25.28,9.73,16.69
2020-07-21,0.02,26.71,11.04,15.85
2020-07-22,0.06,27.54,13.63,16.96
2020-07-23,0.02,27.54,11.48,16.58
2020-07-24,0.05,26.78,11.19,16.11
2020-07-25,0.02,26.3,10.9,15.73
2020-07-26,0.05,22.34,12.6,9.95
2020-07-27,0.03,26.51,12.32,14.21
2020-07-28,0.26,28.08,13.59,15.91
2020-07-29,15.08,21.48,9.78,4.38
2020-07-30,0.29,18.65,8.77,8.65
2020-07-31,0.13,22.72,10.88,11.48
2020-08-01,0.07,24.0,10.98,16.21
2020-08-02,0.04,24.49,11.02,17.88
2020-08-03,0.06,25.77,10.44,17.58
2020-08-04,0.05,26.11,11.63,18.28
2020-08-05,0.06,26.12,12.06,18.49
2020-08-06,0.05,26.39,10.74,18.49
2020-08-07,0.09,26.27,10.96,18.82
2020-08-08,0.11,26.18,11.21,17.63
2020-08-09,0.22,26.72,12.25,17.35
2020-08-10,0.03,27.34,9.84,18.24
2020-08-11,0.04,28.89,13.73,17.67
2020-08-12,0.02,28.72,13.68,16.5
2020-08-13,4.76,30.04,14.1,7.15
2020-08-14,4.05,28.06,16.26,13.18
2020-08-15,12.06,24.73,15.07,3.82
2020-08-16,37.53,18.63,15.16,5.96
2020-08-17,6.0,23.93,15.45,3.92
2020-08-18,23.29,21.93,15.32,3.58
2020-08-19,12.96,22.7,15.58,3.11
2020-08-20,18.28,15.96,10.91,2.1
2020-08-21,3.25,11.66,6.4,5.53
2020-08-22,0.2,16.71,3.68,13.94
2020-08-23,0.2,19.63,8.82,18.56
2020-08-24,0.03,22.02,9.54,14.61
2020-08-25,0.04,22.62,8.78,21.07
2020-08-26,0.05,24.55,9.5,21.8
2020-08-27,0.07,26.98,8.46,21.69
2020-08-28,0.11,29.02,9.4,21.38
2020-08-29,0.09,29.74,11.86,21.45
2020-08-30,0.06,31.35,17.14,21.45
2020-08-31,0.04,28.35,13.84,15.77
2020-09-01,0.05,26.48,13.72,10.06
2020-09-02,0.19,28.02,14.24,14.77
2020-09-03,0.07,30.13,14.0,21.29
2020-09-04,0.3,32.11,16.83,20.0
2020-09-05,0.01,30.94,15.45,20.32
2020-09-06,0.01,32.38,14.18,21.94
2020-09-07,0.02,31.13,15.25,18.69
2020-09-08,0.01,31.41,15.43,15.42
2020-09-09,0.02,31.41,15.71,17.43
2020-09-10,0.0,33.09,15.73,18.96
2020-09-11,0.05,33.75,16.96,18.41
2020-09-12,0.0,35.33,16.08,20.92
2020-09-13,0.0,33.78,15.3,20.07
2020-09-14,0.02,32.71,16.97,18.84
2020-09-15,0.02,26.7,14.06,13.54
2020-09-16,0.01,31.55,12.9,18.83
2020-09-17,0.75,32.53,15.37,17.49
2020-09-18,0.73,30.78,16.61,11.25
2020-09-19,0.01,32.84,16.25,20.57
2020-09-20,0.09,28.08,14.2,11.26
2020-09-21,0.92,24.74,12.73,9.23
2020-09-22,1.07,22.69,11.06,12.44
2020-09-23,0.07,27.36,11.29,14.63
2020-09-24,0.02,31.0,13.74,23.52
2020-09-25,0.02,32.88,14.44,24.37
2020-09-26,0.03,34.14,14.39,25.53
2020-09-27,11.46,34.45,18.38,22.35
2020-09-28,3.18,31.59,18.45,12.31
2020-09-29,0.24,33.37,18.5,17.31
2020-09-30,0.01,37.95,16.76,24.32
2020-10-01,0.0,36.58,18.21,23.54
2020-10-02,0.0,39.17,20.6,23.49
2020-10-03,0.02,32.96,17.25,17.21
2020-10-04,0.04,31.85,15.85,15.9
2020-10-05,0.02,35.88,16.41,22.51
2020-10-06,0.03,39.38,18.68,22.74
2020-10-07,0.08,35.81,18.45,11.48
2020-10-08,4.48,36.29,19.21,10.42
2020-10-09,28.53,29.36,15.99,3.97
2020-10-10,0.14,28.8,13.08,27.72
2020-10-11,0.12,28.44,13.11,24.32
2020-10-12,0.07,31.74,11.82,27.22
2020-10-13,0.1,33.35,15.53,21.82
2020-10-14,0.94,35.25,16.57,22.05
2020-10-15,5.34,25.21,15.61,4.59
2020-10-16,1.15,26.94,13.42,15.85
2020-10-17,1.67,28.08,10.68,26.39
2020-10-18,3.41,25.63,13.16,15.56
2020-10-19,2.61,29.75,15.54,14.75
2020-10-20,5.77,31.17,16.67,21.31
2020-10-21,1.57,31.28,17.11,19.56
2020-10-22,0.49,30.09,16.01,23.07
2020-10-23,0.43,31.15,15.69,19.58
2020-10-24,9.01,28.74,16.83,16.85
2020-10-25,3.95,31.67,16.66,20.0
2020-10-26,1.26,31.56,16.25,19.94
2020-10-27,0.11,32.04,17.89,25.44
2020-10-28,0.0,33.55,12.05,31.26
2020-10-29,4.26,31.84,14.48,19.14
2020-10-30,5.32,20.49,14.29,6.05
2020-10-31,0.46,24.63,13.47,10.51
2020-11-01,0.14,25.56,12.89,18.52
2020-11-02,0.01,26.94,11.95,25.07
2020-11-03,0.17,28.04,10.53,25.99
2020-11-04,4.78,27.64,10.61,21.71
2020-11-05,1.4,27.38,12.06,24.54
2020-11-06,0.01,30.03,11.51,30.11
2020-11-07,0.0,33.24,11.28,31.22
2020-11-08,0.0,36.02,12.84,27.53
2020-11-09,8.51,32.89,15.83,17.91
2020-11-10,2.84,28.86,15.92,16.41
2020-11-11,5.02,28.01,17.42,8.64
2020-11-12,1.45,31.28,17.46,18.06
2020-11-13,0.63,28.13,18.71,21.83
2020-11-14,0.35,32.38,17.98,22.73
2020-11-15,1.52,33.85,18.24,24.13
2020-11-16,0.3,33.67,18.69,26.52
2020-11-17,2.41,33.72,17.89,21.29
2020-11-18,11.0,23.96,15.26,6.57
2020-11-19,1.06,26.15,14.67,18.47
2020-11-20,0.2,29.21,12.84,24.53
2020-11-21,0.17,29.49,13.64,25.31
2020-11-22,0.67,30.78,14.26,25.48
2020-11-23,0.8,31.34,14.31,30.9
2020-11-24,0.03,33.73,13.75,29.33
2020-11-25,0.02,35.48,16.89,30.01
2020-11-26,0.24,34.74,17.56,28.33
2020-11-27,3.33,31.29,19.79,18.51
2020-11-28,0.66,32.86,18.69,22.85
2020-11-29,1.09,35.31,18.25,26.74
2020-11-30,3.49,33.44,19.15,14.78
2020-12-01,1.44,31.79,19.6,16.66
2020-12-02,0.64,33.8,18.02,22.09
2020-12-03,6.81,30.37,20.29,10.3
2020-12-04,7.48,31.74,19.88,18.43
2020-12-05,4.92,29.95,16.74,7.87
2020-12-06,1.73,30.55,16.76,8.4
2020-12-07,0.8,28.74,18.08,10.64
2020-12-08,2.61,32.71,17.04,24.96
2020-12-09,0.87,34.84,18.07,24.99
2020-12-10,0.74,32.93,17.91,27.96
2020-12-11,1.96,29.71,17.38,25.11
2020-12-12,0.35,29.04,16.98,22.13
2020-12-13,13.67,29.42,19.0,17.39
2020-12-14,1.67,30.03,19.95,24.03
2020-12-15,1.34,31.16,19.44,19.66
2020-12-16,1.09,33.4,20.35,23.48
2020-12-17,9.44,30.93,19.84,14.51
2020-12-18,5.8,30.1,21.29,18.92
2020-12-19,1.8,33.43,19.59,22.54
2020-12-20,1.22,34.1,21.48,25.59
2020-12-21,6.17,33.64,21.23,23.47
2020-12-22,1.81,33.55,18.59,11.28
2020-12-23,0.02,32.51,17.74,15.25
2020-12-24,0.02,32.43,17.19,25.97
2020-12-25,0.07,31.89,14.15,27.52
2020-12-26,0.07,30.66,15.92,26.05
2020-12-27,1.35,33.74,17.96,21.24
2020-12-28,7.24,31.5,18.6,15.84
2020-12-29,3.51,32.18,19.95,19.37
2020-12-30,1.14,32.97,19.07,22.09
2020-12-31,5.72,30.99,19.38,11.97
2021-01-01,7.4,37.63,19.72,19.25
2021-01-02,2.34,29.53,18.46,17.01
2021-01-03,1.36,32.02,16.27,21.3
2021-01-04,0.19,31.53,15.39,23.47
2021-01-05,5.23,31.84,17.99,20.75
2021-01-06,3.82,29.13,19.61,19.39
2021-01-07,2.32,33.53,20.34,19.21
2021-01-08,8.46,33.21,19.89,17.38
2021-01-09,1.5,30.72,19.23,14.83
2021-01-10,1.26,34.35,18.98,19.1
2021-01-11,0.52,35.38,19.6,21.33
2021-01-12,0.9,36.0,21.16,24.08
2021-01-13,0.92,34.54,20.66,18.17
2021-01-14,2.03,31.21,20.17,17.1
2021-01-15,3.06,31.81,19.68,17.68
2021-01-16,17.4,30.22,19.66,12.78
2021-01-17,10.92,29.28,19.98,13.85
2021-01-18,8.05,28.09,20.21,12.94
2021-01-19,8.71,29.91,18.39,10.44
2021-01-20,5.22,27.28,18.86,11.89
2021-01-21,2.65,31.23,19.43,16.63
2021-01-22,1.91,32.0,19.65,14.96
2021-01-23,1.79,30.63,19.34,16.5
2021-01-24,1.79,26.97,19.05,10.03
2021-01-25,3.28,26.92,18.6,12.43
2021-01-26,2.42,29.66,18.71,17.9
2021-01-27,6.88,29.73,19.13,18.2
2021-01-28,7.78,29.56,19.44,17.61
2021-01-29,6.4,27.24,19.89,18.31
2021-01-30,6.43,29.12,20.48,13.4
2021-01-31,2.34,29.28,20.02,19.41
2021-02-01,1.0,31.14,19.07,17.54
2021-02-02,3.78,32.78,19.17,19.22
2021-02-03,0.71,35.1,20.81,25.86
2021-02-04,1.29,32.99,21.88,19.71
2021-02-05,1.67,32.73,17.73,29.75
2021-02-06,0.9,32.34,17.27,26.09
2021-02-07,0.0,31.97,16.91,29.58
2021-02-08,0.01,31.49,15.19,28.55
2021-02-09,0.01,32.44,15.49,27.14
2021-02-10,0.27,32.27,16.55,24.02
2021-02-11,15.47,24.97,17.22,7.17
2021-02-12,2.87,27.81,16.92,15.64
2021-02-13,5.33,28.38,18.08,20.4
2021-02-14,1.26,28.13,18.22,18.14
2021-02-15,2.39,29.98,18.37,24.66
2021-02-16,1.07,32.02,17.1,24.34
2021-02-17,0.72,33.76,18.77,26.0
2021-02-18,0.48,33.18,17.8,26.62
2021-02-19,0.36,33.65,17.48,25.29
2021-02-20,0.03,33.85,18.17,23.93
2021-02-21,0.01,34.16,18.05,25.12
2021-02-22,0.0,34.88,15.98,27.57
2021-02-23,0.01,35.29,17.49,27.26
2021-02-24,7.33,34.31,18.41,14.79
2021-02-25,4.61,31.82,19.0,18.3
2021-02-26,1.78,30.59,17.26,19.42
2021-02-27,4.32,29.86,18.56,16.53
2021-02-28,18.96,26.63,18.07,9.35
2021-03-01,6.3,25.71,18.24,11.2
2021-03-02,10.22,28.93,17.95,12.04
2021-03-03,10.05,27.97,16.98,9.92
2021-03-04,10.68,26.49,18.92,9.8
2021-03-05,2.82,23.18,19.5,14.17
2021-03-06,9.8,28.96,19.04,14.92
2021-03-07,9.52,27.1,18.73,12.99
2021-03-08,0.56,30.67,16.8,18.52
2021-03-09,2.96,29.4,17.65,17.73
2021-03-10,0.64,28.85,16.5,22.78
2021-03-11,0.81,30.23,15.89,20.0
2021-03-12,0.36,31.82,17.76,23.33
2021-03-13,0.4,32.86,18.42,21.53
2021-03-14,3.61,32.53,18.81,24.18
2021-03-15,2.82,31.83,18.92,18.78
2021-03-16,1.26,33.25,19.64,21.0
2021-03-17,6.79,31.03,19.19,14.48
2021-03-18,4.7,31.06,19.12,20.37
2021-03-19,3.2,28.55,18.65,15.47
2021-03-20,0.42,31.31,18.69,18.57
2021-03-21,0.33,31.74,19.89,19.88
2021-03-22,1.36,33.63,20.64,17.06
2021-03-23,1.03,33.93,19.13,17.15
2021-03-24,1.19,33.3,20.23,18.4
2021-03-25,0.56,30.58,19.83,18.91
2021-03-26,0.44,33.82,18.81,19.53
2021-03-27,13.32,32.31,18.96,17.03
2021-03-28,0.36,31.31,18.96,21.21
2021-03-29,3.36,31.76,18.03,16.72
2021-03-30,6.4,28.87,18.2,13.19
2021-03-31,1.0,28.12,15.42,22.22
2021-04-01,0.03,27.63,13.8,22.79
2021-04-02,0.04,28.18,14.94,21.97
2021-04-03,0.15,29.62,14.52,19.88
2021-04-04,0.27,28.88,16.24,14.99
2021-04-05,0.31,28.08,15.94,18.77
2021-04-06,1.0,27.14,16.85,13.36
2021-04-07,0.63,28.61,16.3,15.59
2021-04-08,0.12,29.56,16.86,20.16
2021-04-09,0.02,30.05,16.21,20.81
2021-04-10,0.02,30.61,13.72,22.54
2021-04-11,0.02,30.41,14.38,21.76
2021-04-12,0.5,32.06,15.05,14.75
2021-04-13,1.01,28.28,16.61,8.61
2021-04-14,0.32,24.03,14.88,17.0
2021-04-15,0.38,28.44,14.19,13.78
2021-04-16,0.61,29.27,15.05,17.64
2021-04-17,11.84,27.29,16.07,9.96
2021-04-18,5.04,27.02,16.41,14.52
2021-04-19,0.53,26.32,14.56,15.16
2021-04-20,0.44,26.52,13.94,17.33
2021-04-21,0.91,26.17,13.82,14.9
2021-04-22,0.31,25.8,14.65,17.6
2021-04-23,0.02,26.77,13.24,18.82
2021-04-24,0.01,27.65,13.94,18.15
2021-04-25,0.01,28.79,15.19,10.93
2021-04-26,0.49,27.84,14.12,14.96
2021-04-27,0.31,27.32,14.63,15.24
2021-04-28,0.03,27.43,12.97,16.49
2021-04-29,0.23,24.93,11.26,14.59
2021-04-30,0.25,25.05,13.26,15.05
2021-05-01,0.02,26.63,14.29,13.46
2021-05-02,0.01,28.4,13.89,17.07
2021-05-03,0.0,29.43,12.31,17.08
2021-05-04,0.03,29.13,12.69,16.86
2021-05-05,0.01,29.94,16.74,17.47
2021-05-06,0.42,28.92,14.37,15.37
2021-05-07,0.78,20.39,12.9,6.43
2021-05-08,0.22,23.65,12.12,8.84
2021-05-09,0.13,26.39,12.47,15.09
2021-05-10,0.04,26.96,12.97,15.52
2021-05-11,0.04,28.07,11.3,14.75
2021-05-12,18.45,18.59,12.8,2.13
2021-05-13,0.32,21.97,11.58,9.36
2021-05-14,0.09,22.24,11.53,10.94
2021-05-15,0.02,25.06,12.01,12.33
2021-05-16,0.02,25.91,12.46,13.87
2021-05-17,0.04,26.13,11.9,15.03
2021-05-18,0.39,25.38,11.72,15.65
2021-05-19,0.41,25.7,10.55,16.78
2021-05-20,0.04,27.52,12.12,16.72
2021-05-21,0.33,28.22,12.39,16.09
2021-05-22,13.47,24.18,14.06,9.15
2021-05-23,5.0,24.78,8.2,12.82
2021-05-24,0.0,21.09,5.52,17.55
2021-05-25,0.02,23.79,5.48,17.18
2021-05-26,0.02,25.72,8.63,11.96
2021-05-27,0.01,27.66,13.91,13.72
2021-05-28,0.0,24.63,14.34,10.19
2021-05-29,5.04,26.84,17.97,10.5
2021-05-30,13.22,22.08,15.72,4.04
2021-05-31,7.67,19.76,13.5,3.98
2021-06-01,0.27,23.55,12.17,10.8
2021-06-02,0.04,25.61,11.81,13.38
2021-06-03,0.03,27.28,12.57,13.9
2021-06-04,0.01,26.91,13.29,14.03
2021-06-05,0.03,26.68,12.6,15.22
2021-06-06,1.29,26.99,13.77,11.58
2021-06-07,7.04,23.51,14.4,3.65
2021-06-08,0.79,19.35,13.81,5.91
2021-06-09,0.39,24.09,13.62,9.97
2021-06-10,1.47,19.7,13.94,3.94
2021-06-11,0.42,24.47,12.82,13.08
2021-06-12,0.11,22.73,8.83,15.62
2021-06-13,0.05,21.98,7.86,15.38
2021-06-14,0.06,22.45,8.14,15.62
2021-06-15,0.09,23.45,8.87,12.15
2021-06-16,0.09,22.22,9.73,12.29
2021-06-17,0.02,22.17,10.4,9.49
2021-06-18,0.96,19.76,10.89,8.8
2021-06-19,12.64,18.53,11.74,1.94
2021-06-20,0.34,21.43,11.08,10.91
2021-06-21,2.38,22.92,9.91,4.94
2021-06-22,7.42,22.06,13.23,7.58
2021-06-23,0.33,20.8,12.13,10.41
2021-06-24,0.1,23.41,10.32,12.8
2021-06-25,0.06,27.19,14.56,11.37
2021-06-26,0.02,26.22,14.14,12.56
2021-06-27,0.01,26.14,11.63,14.24
2021-06-28,3.4,23.3,10.41,5.77
2021-06-29,1.12,15.75,4.4,14.48
2021-06-30,0.23,16.46,0.0,15.75
2021-07-01,0.01,18.05,3.12,12.38
2021-07-02,0.08,23.04,8.46,15.95
2021-07-03,0.0,25.06,9.71,13.91
2021-07-04,0.0,22.73,9.37,10.22
2021-07-05,0.01,23.22,9.67,11.42
2021-07-06,0.07,21.57,9.82,11.52
2021-07-07,0.03,22.0,10.09,13.92
2021-07-08,0.01,23.09,9.6,14.81
2021-07-09,0.05,22.68,9.53,12.45
2021-07-10,0.05,24.64,9.35,15.36
2021-07-11,0.01,25.34,9.15,14.71
2021-07-12,0.02,25.95,10.41,14.77
2021-07-13,0.02,26.2,8.6,14.94
2021-07-14,0.01,25.65,10.42,13.86
2021-07-15,0.17,25.35,11.34,13.91
2021-07-16,17.5,21.42,13.27,1.81
2021-07-17,13.37,22.55,12.32,8.42
2021-07-18,0.37,19.47,4.2,16.78
2021-07-19,0.02,18.04,-1.36,17.94
2021-07-20,0.01,18.02,1.15,16.44
2021-07-21,0.0,24.44,5.12,16.83
2021-07-22,0.06,23.5,6.82,16.89
2021-07-23,0.02,24.86,8.81,17.57
2021-07-24,0.04,25.84,8.09,16.72
2021-07-25,0.02,25.5,7.02,16.92
2021-07-26,0.06,26.88,8.55,17.02
2021-07-27,3.45,26.48,10.06,8.29
2021-07-28,2.26,17.1,3.35,12.91
2021-07-29,0.01,15.41,-0.85,18.66
2021-07-30,0.03,17.22,0.02,18.1
2021-07-31,0.02,17.59,5.44,16.27
2021-08-01,0.01,22.04,9.8,11.57
2021-08-02,0.0,24.23,9.17,16.9
2021-08-03,0.01,21.64,8.86,16.34
2021-08-04,0.05,20.73,7.49,16.09
2021-08-05,0.03,20.32,10.99,11.7
2021-08-06,0.0,22.98,11.33,12.79
2021-08-07,0.0,24.1,12.51,11.35
2021-08-08,0.0,26.33,12.45,16.49
2021-08-09,0.0,28.0,9.6,18.24
2021-08-10,0.0,29.4,13.09,17.77
2021-08-11,1.14,25.48,12.58,6.16
2021-08-12,0.7,19.95,9.77,7.22
2021-08-13,0.92,20.72,10.59,7.52
2021-08-14,0.16,26.12,11.52,14.73
2021-08-15,0.18,28.33,11.69,14.45
2021-08-16,0.94,26.88,14.0,12.62
2021-08-17,0.14,31.77,13.77,18.05
2021-08-18,0.01,32.77,13.43,18.59
2021-08-19,0.0,32.04,13.42,19.8
2021-08-20,0.0,30.24,12.41,19.77
2021-08-21,0.0,30.66,13.94,18.91
2021-08-22,0.0,30.31,11.43,19.6
2021-08-23,0.01,32.01,15.33,20.05
2021-08-24,0.0,32.81,15.23,16.22
2021-08-25,0.0,33.41,15.92,17.29
2021-08-26,0.47,28.18,17.69,11.92
2021-08-27,10.26,21.96,13.03,3.72
2021-08-28,3.78,18.48,12.59,6.06
2021-08-29,0.11,20.83,13.23,9.54
2021-08-30,0.11,25.92,11.33,13.41
2021-08-31,0.05,26.8,13.16,18.62
2021-09-01,0.01,28.31,13.25,20.4
2021-09-02,0.0,26.83,12.39,19.25
2021-09-03,0.01,31.64,16.74,21.62
2021-09-04,0.04,33.35,13.72,16.06
2021-09-05,0.03,31.38,14.35,19.26
2021-09-06,0.0,32.64,15.31,20.61
2021-09-07,0.0,32.45,13.99,18.51
2021-09-08,5.37,34.3,15.58,17.47
2021-09-09,9.3,24.68,16.14,4.95
2021-09-10,1.2,27.17,12.78,21.21
2021-09-11,2.14,27.63,12.18,6.7
2021-09-12,0.07,32.97,13.55,19.48
2021-09-13,0.54,34.58,16.36,15.11
2021-09-14,21.51,33.42,16.7,5.07
2021-09-15,4.08,26.28,15.63,7.71
2021-09-16,0.51,26.17,14.11,9.52
2021-09-17,0.81,28.8,13.49,8.25
2021-09-18,0.01,32.94,14.86,17.51
2021-09-19,0.0,35.2,16.98,19.7
2021-09-20,0.0,35.89,17.97,22.04
2021-09-21,0.25,37.91,16.68,17.7
2021-09-22,0.1,23.87,11.8,17.01
2021-09-23,0.0,27.14,10.86,23.35
2021-09-24,0.0,29.46,10.66,17.59
2021-09-25,0.0,31.67,13.73,19.11
2021-09-26,0.04,30.9,14.57,20.81
2021-09-27,0.01,32.6,16.37,22.03
2021-09-28,0.07,34.2,15.24,22.41
2021-09-29,0.19,32.93,18.74,10.98
2021-09-30,4.98,30.76,15.36,14.77
2021-10-01,6.58,33.22,14.52,3.96
2021-10-02,10.78,25.4,17.43,5.32
2021-10-03,44.62,29.82,17.92,2.82
2021-10-04,18.24,25.21,16.98,4.29
2021-10-05,0.3,26.03,14.08,9.32
2021-10-06,2.05,30.74,13.25,19.16
2021-10-07,4.24,26.58,15.19,10.54
2021-10-08,0.27,27.4,13.24,16.04
2021-10-09,5.89,26.9,13.41,5.38
2021-10-10,8.38,18.91,13.71,8.95
2021-10-11,0.47,25.51,14.47,10.86
2021-10-12,1.13,28.88,13.69,19.23
2021-10-13,0.5,30.49,14.69,23.76
2021-10-14,1.21,30.25,15.71,13.31
2021-10-15,20.53,28.45,18.45,3.73
2021-10-16,24.32,30.3,16.63,17.38
2021-10-17,1.1,24.18,14.96,7.17
2021-10-18,1.67,24.02,14.55,9.12
2021-10-19,5.12,22.84,11.84,8.42
2021-10-20,0.74,22.82,10.0,22.0
2021-10-21,0.07,25.75,10.95,23.49
2021-10-22,0.01,28.32,11.08,29.01
2021-10-23,36.47,31.35,11.72,22.59
2021-10-24,10.7,22.39,14.75,11.51
2021-10-25,0.32,27.71,12.13,25.3
2021-10-26,0.53,28.5,13.79,23.95
2021-10-27,1.08,25.56,14.91,12.89
2021-10-28,0.81,27.5,16.97,17.49
2021-10-29,0.31,29.93,15.92,17.91
2021-10-30,0.78,29.31,15.8,18.88
2021-10-31,7.59,22.2,16.22,6.82
2021-11-01,1.91,26.78,16.36,18.37
2021-11-02,0.85,29.37,15.35,21.65
2021-11-03,0.08,30.87,14.65,25.48
2021-11-04,1.52,33.44,15.02,22.75
2021-11-05,1.99,32.3,17.06,20.44
2021-11-06,2.2,32.53,17.47,19.91
2021-11-07,0.55,31.7,15.83,20.46
2021-11-08,9.35,31.44,16.19,13.91
2021-11-09,0.39,30.88,15.62,24.58
2021-11-10,0.19,30.91,14.96,23.33
2021-11-11,0.93,27.82,15.47,10.32
2021-11-12,0.19,27.23,14.06,21.7
2021-11-13,0.06,27.23,12.75,22.67
2021-11-14,0.01,31.25,11.79,27.5
2021-11-15,0.0,31.98,13.75,25.77
2021-11-16,0.0,33.22,15.52,26.15
2021-11-17,1.91,33.41,16.6,23.43
2021-11-18,12.99,24.49,19.24,12.29
2021-11-19,0.99,31.43,18.39,12.5
2021-11-20,0.1,30.28,16.04,22.46
2021-11-21,0.01,31.21,13.29,31.68
2021-11-22,0.0,34.66,10.91,32.08
2021-11-23,0.0,36.28,14.76,29.43
2021-11-24,0.0,34.65,16.43,25.64
2021-11-25,2.67,35.22,16.02,25.12
2021-11-26,25.24,28.51,19.89,16.07
2021-11-27,0.09,32.04,16.09,29.41
2021-11-28,0.01,33.34,17.31,25.0
2021-11-29,2.25,30.9,19.67,23.27
2021-11-30,1.33,32.09,18.26,26.92
2021-12-01,0.03,33.9,15.6,30.43
2021-12-02,1.57,32.32,17.31,20.73
2021-12-03,0.72,31.16,16.02,15.94
2021-12-04,0.07,32.99,15.76,28.07
2021-12-05,0.74,33.73,16.08,26.17
2021-12-06,12.43,31.16,17.38,21.89
2021-12-07,3.28,26.68,14.39,19.93
2021-12-08,0.26,27.28,13.05,24.39
2021-12-09,0.02,29.07,11.49,31.21
2021-12-10,0.09,31.93,12.67,28.98
2021-12-11,0.0,33.35,14.07,29.03
2021-12-12,0.02,36.26,18.38,24.77
2021-12-13,3.88,33.84,19.33,16.17
2021-12-14,10.39,29.19,20.33,12.99
2021-12-15,9.89,27.87,21.2,15.25
2021-12-16,1.95,32.85,20.1,20.66
2021-12-17,1.63,33.52,19.99,22.43
2021-12-18,0.73,31.48,17.73,23.46
2021-12-19,0.23,30.29,15.9,29.38
2021-12-20,0.0,32.5,13.65,29.79
2021-12-21,0.16,35.82,14.45,29.1
2021-12-22,0.84,34.87,18.51,23.48
2021-12-23,1.93,31.32,17.16,23.08
2021-12-24,0.2,30.82,14.79,23.21
2021-12-25,0.07,32.7,14.18,32.29
2021-12-26,0.23,33.98,13.94,25.56
2021-12-27,4.12,32.16,18.88,24.13
2021-12-28,12.85,31.47,18.05,23.29
2021-12-29,4.38,25.78,18.19,23.37
2021-12-30,5.52,28.55,17.37,9.11
2021-12-31,4.87,29.37,17.08,17.49
2022-01-01,0.93,31.65,17.33,22.96
2022-01-02,3.27,32.19,19.09,26.23
2022-01-03,13.54,35.17,19.57,23.18
2022-01-04,15.87,29.96,19.39,16.2
2022-01-05,11.45,31.6,21.09,18.14
2022-01-06,8.15,30.75,18.28,16.82
2022-01-07,3.06,23.58,15.67,14.93
2022-01-08,0.81,28.69,14.86,16.78
2022-01-09,1.72,26.2,14.99,14.34
2022-01-10,5.27,27.59,15.4,12.78
2022-01-11,2.77,29.8,16.64,15.02
2022-01-12,2.11,29.75,18.21,21.48
2022-01-13,2.19,29.62,18.11,12.24
2022-01-14,6.33,32.41,18.69,22.13
2022-01-15,17.25,29.12,20.71,16.33
2022-01-16,3.77,30.61,19.84,15.5
2022-01-17,1.76,32.45,20.06,24.54
2022-01-18,10.65,32.48,19.98,23.42
2022-01-19,10.54,30.92,20.2,29.19
2022-01-20,1.36,32.26,20.03,29.1
2022-01-21,0.23,33.78,19.79,24.44
2022-01-22,0.19,35.35,20.05,28.88
2022-01-23,0.05,38.5,19.79,28.51
2022-01-24,0.01,37.77,19.99,28.36
2022-01-25,0.06,35.37,19.39,26.17
2022-01-26,12.26,33.83,20.04,25.96
2022-01-27,13.84,30.57,21.53,20.05
2022-01-28,34.74,24.95,17.83,6.83
2022-01-29,12.81,23.03,16.87,8.6
2022-01-30,13.95,27.05,17.68,14.12
2022-01-31,6.44,28.96,17.89,19.4
2022-02-01,4.26,28.99,19.43,22.37
2022-02-02,2.95,29.12,18.79,23.03
2022-02-03,13.91,28.98,18.86,17.08
2022-02-04,14.13,24.79,20.26,17.05
2022-02-05,4.45,27.26,20.32,17.71
2022-02-06,3.66,31.18,21.19,22.44
2022-02-07,0.54,31.63,19.02,24.94
2022-02-08,0.11,30.08,17.2,24.18
2022-02-09,0.05,28.94,16.89,24.19
2022-02-10,0.05,29.93,15.27,27.11
2022-02-11,0.07,30.75,15.15,28.82
2022-02-12,0.08,30.61,15.46,29.0
2022-02-13,0.39,32.82,15.68,28.72
2022-02-14,2.33,33.21,17.66,23.56
2022-02-15,1.48,32.0,19.0,19.81
2022-02-16,2.02,31.63,17.51,22.83
2022-02-17,3.64,30.16,17.27,23.61
2022-02-18,1.29,30.34,16.91,25.99
2022-02-19,0.86,31.02,15.12,26.55
2022-02-20,0.34,31.23,17.27,26.49
2022-02-21,0.22,32.34,17.86,25.58
2022-02-22,2.79,33.94,20.51,23.03
2022-02-23,1.66,33.68,20.95,19.77
2022-02-24,0.45,32.27,20.24,23.35
2022-02-25,0.1,33.63,20.5,17.46
2022-02-26,0.24,34.56,20.69,22.71
2022-02-27,0.08,34.85,18.6,26.94
2022-02-28,0.26,34.52,19.5,23.99
2022-03-01,7.63,31.55,21.22,10.09
2022-03-02,7.49,27.18,20.51,12.37
2022-03-03,3.34,30.28,19.83,21.87
2022-03-04,3.66,30.45,20.26,17.85
2022-03-05,7.11,32.22,18.64,23.15
2022-03-06,1.83,32.04,19.61,23.13
2022-03-07,2.44,32.49,19.52,23.59
2022-03-08,4.94,33.83,20.78,22.3
2022-03-09,5.69,31.69,20.38,21.89
2022-03-10,9.94,28.83,20.02,17.86
2022-03-11,7.92,29.17,20.04,19.51
2022-03-12,10.52,28.61,17.86,11.99
2022-03-13,8.22,25.45,18.02,8.83
2022-03-14,1.05,28.95,18.98,13.89
2022-03-15,1.81,27.14,19.45,13.0
2022-03-16,7.26,28.94,19.54,10.44
2022-03-17,4.77,29.83,20.85,15.83
2022-03-18,1.91,31.87,20.8,19.72
2022-03-19,9.11,30.27,19.43,16.91
2022-03-20,2.08,27.34,16.24,13.34
2022-03-21,0.47,25.74,15.17,19.03
2022-03-22,0.12,27.32,15.42,18.85
2022-03-23,0.04,29.22,15.16,18.52
2022-03-24,3.45,29.58,17.68,18.67
2022-03-25,8.72,25.69,20.08,8.36
2022-03-26,2.62,29.02,19.89,19.45
2022-03-27,4.76,29.62,19.11,14.49
2022-03-28,3.55,30.29,18.36,14.25
2022-03-29,0.16,30.16,16.41,20.35
2022-03-30,0.83,30.79,17.68,15.4
2022-03-31,16.77,24.04,14.23,6.34
2022-04-01,4.46,21.89,14.05,6.01
2022-04-02,0.65,25.75,14.41,9.91
2022-04-03,0.2,28.94,15.63,15.13
2022-04-04,2.54,29.46,17.36,15.89
2022-04-05,1.26,30.41,18.08,18.75
2022-04-06,0.15,30.65,18.06,15.37
2022-04-07,0.0,29.5,17.28,14.46
2022-04-08,2.68,29.93,16.68,17.75
2022-04-09,1.01,30.37,17.86,17.13
2022-04-10,0.05,30.57,17.87,17.78
2022-04-11,4.03,29.01,17.52,10.22
2022-04-12,4.87,27.17,18.09,7.22
2022-04-13,0.34,28.97,18.62,8.23
2022-04-14,4.52,27.52,14.3,12.73
2022-04-15,0.36,24.79,11.62,21.69
2022-04-16,0.05,24.03,9.38,20.51
2022-04-17,0.1,24.31,11.3,17.0
2022-04-18,0.08,25.5,12.49,15.5
2022-04-19,0.04,27.48,13.09,17.99
2022-04-20,0.04,27.96,13.98,18.97
2022-04-21,0.83,27.91,13.49,17.78
2022-04-22,4.26,28.1,15.84,12.52
2022-04-23,4.45,22.58,14.95,13.99
2022-04-24,1.05,28.06,15.65,17.76
2022-04-25,0.31,28.65,14.82,18.9
2022-04-26,0.03,30.54,14.04,14.41
2022-04-27,0.06,29.75,14.61,17.58
2022-04-28,0.19,29.54,15.82,16.71
2022-04-29,2.29,28.98,16.46,9.94
2022-04-30,0.22,27.29,15.23,10.56
2022-05-01,1.22,25.7,14.98,14.13
2022-05-02,0.21,28.32,15.1,14.54
2022-05-03,1.19,28.97,15.51,7.89
2022-05-04,19.09,19.4,11.71,14.27
2022-05-05,0.47,23.68,11.03,10.67
2022-05-06,0.06,24.17,12.13,16.52
2022-05-07,0.1,22.79,10.63,16.87
2022-05-08,0.07,24.32,10.8,11.2
2022-05-09,0.04,25.38,12.99,13.17
2022-05-10,3.81,25.48,13.21,12.85
2022-05-11,5.41,23.18,14.34,8.28
2022-05-12,0.13,24.74,12.21,14.26
2022-05-13,0.05,24.61,11.13,12.82
2022-05-14,0.36,24.84,11.46,9.78
2022-05-15,1.08,22.47,13.47,9.44
2022-05-16,0.09,22.97,10.55,14.58
2022-05-17,0.0,16.04,3.11,18.26
2022-05-18,0.0,15.54,3.83,10.16
2022-05-19,0.01,19.45,3.68,17.28
2022-05-20,0.01,19.28,3.36,17.43
2022-05-21,0.02,21.03,5.01,15.13
2022-05-22,0.0,22.13,5.66,15.44
2022-05-23,0.02,23.13,9.85,14.06
2022-05-24,0.02,25.51,9.53,15.18
2022-05-25,0.09,25.04,10.95,15.76
2022-05-26,0.04,25.2,8.85,14.89
2022-05-27,0.09,24.81,11.28,14.66
2022-05-28,0.01,26.03,11.09,14.16
2022-05-29,1.61,26.7,11.19,12.74
2022-05-30,41.56,19.04,15.16,1.74
2022-05-31,13.08,15.73,12.16,3.09
2022-06-01,23.22,18.48,11.46,2.26
2022-06-02,7.18,21.78,15.02,3.38
2022-06-03,0.3,20.49,11.47,8.62
2022-06-04,0.1,20.46,10.08,11.41
2022-06-05,0.05,22.63,12.08,12.49
2022-06-06,1.49,23.24,12.55,10.73
2022-06-07,10.21,22.54,14.84,3.02
2022-06-08,0.35,23.24,13.61,9.93
2022-06-09,0.92,20.96,12.67,7.08
2022-06-10,19.43,22.27,14.43,6.54
2022-06-11,0.05,17.96,6.76,14.06
2022-06-12,0.02,17.43,3.25,16.38
2022-06-13,0.15,18.66,1.95,16.3
2022-06-14,0.07,19.45,8.71,14.16
2022-06-15,0.04,20.89,9.54,8.53
2022-06-16,0.02,24.87,10.63,14.22
2022-06-17,2.73,24.09,10.22,11.92
2022-06-18,5.9,21.47,10.08,14.38
2022-06-19,0.02,20.46,9.54,6.18
2022-06-20,1.11,21.5,10.48,8.0
2022-06-21,0.04,25.12,11.73,13.56
2022-06-22,0.15,25.01,13.82,14.07
2022-06-23,0.55,25.61,13.1,14.7
2022-06-24,0.04,25.99,13.01,13.85
2022-06-25,0.0,25.5,11.06,11.61
2022-06-26,0.01,20.02,11.17,7.6
2022-06-27,0.02,21.77,10.0,7.52
2022-06-28,0.01,23.74,10.45,13.96
2022-06-29,0.25,23.21,10.51,14.29
2022-06-30,0.1,22.08,8.61,15.22
2022-07-01,0.07,22.92,9.61,14.23
2022-07-02,0.03,24.93,9.0,14.2
2022-07-03,0.04,27.06,10.63,14.6
2022-07-04,0.05,26.79,11.23,14.8
2022-07-05,0.03,25.17,11.55,13.4
2022-07-06,0.04,24.02,12.39,12.94
2022-07-07,0.0,25.05,10.27,14.52
2022-07-08,0.01,26.07,13.64,12.45
2022-07-09,0.02,24.62,12.48,13.78
2022-07-10,0.04,24.94,9.54,13.54
2022-07-11,0.03,24.92,11.12,14.81
2022-07-12,0.27,22.4,11.22,11.04
2022-07-13,0.33,21.24,12.28,4.72
2022-07-14,0.02,25.39,13.37,13.21
2022-07-15,0.0,25.62,11.88,13.2
2022-07-16,0.02,26.85,14.04,13.62
2022-07-17,0.46,23.98,15.56,7.11
2022-07-18,1.38,21.98,13.61,5.8
2022-07-19,0.94,27.47,14.73,11.79
2022-07-20,0.02,25.93,14.87,12.88
2022-07-21,0.02,26.71,13.11,14.46
2022-07-22,0.01,27.52,11.99,14.98
2022-07-23,0.04,27.77,11.9,14.78
2022-07-24,0.01,28.02,11.04,14.94
2022-07-25,0.02,28.32,12.13,15.03
2022-07-26,0.01,27.9,13.38,14.2
2022-07-27,0.01,26.66,12.55,13.26
2022-07-28,0.0,27.73,13.79,15.1
2022-07-29,0.59,25.33,8.28,14.31
2022-07-30,1.65,21.77,4.97,18.14
2022-07-31,0.03,24.11,7.63,16.69
2022-08-01,0.0,27.33,11.07,12.58
2022-08-02,0.01,29.14,12.32,14.19
2022-08-03,0.01,28.59,12.52,14.79
2022-08-04,0.01,28.55,13.49,16.09
2022-08-05,0.25,27.84,15.29,10.49
2022-08-06,0.44,21.85,11.95,5.22
2022-08-07,5.55,23.16,12.31,2.57
2022-08-08,8.41,21.8,14.92,6.81
2022-08-09,14.56,20.56,14.54,2.11
2022-08-10,5.39,16.01,6.99,9.56
2022-08-11,0.29,19.38,6.17,16.82
2022-08-12,0.1,21.53,9.21,14.56
2022-08-13,0.04,25.13,9.91,16.91
2022-08-14,0.04,27.02,9.68,17.98
2022-08-15,0.0,27.65,9.53,18.81
2022-08-16,8.04,28.28,11.1,9.94
2022-08-17,21.38,21.09,14.65,3.35
2022-08-18,12.19,21.75,12.58,3.58
2022-08-19,1.22,16.9,6.02,17.78
2022-08-20,0.08,17.73,4.61,15.1
2022-08-21,0.48,19.33,8.31,7.86
2022-08-22,0.02,22.75,10.49,10.72
2022-08-23,0.02,24.51,10.43,14.86
2022-08-24,0.0,24.95,11.97,17.62
2022-08-25,0.0,26.14,13.05,18.0
2022-08-26,0.04,27.04,13.01,18.65
2022-08-27,0.02,28.63,11.31,20.12
2022-08-28,0.03,30.72,13.6,16.94
2022-08-29,0.05,19.15,9.19,13.46
2022-08-30,0.14,20.16,9.24,13.86
2022-08-31,0.07,24.44,9.56,16.48
2022-09-01,0.0,27.21,9.41,21.47
2022-09-02,0.13,29.2,9.92,16.43
2022-09-03,6.86,22.62,11.55,4.2
2022-09-04,0.91,19.62,9.67,9.96
2022-09-05,6.32,21.79,9.21,6.69
2022-09-06,40.84,20.33,11.4,3.88
2022-09-07,11.87,24.8,12.7,10.61
2022-09-08,0.14,28.84,14.77,20.24
2022-09-09,0.01,29.8,15.07,19.11
2022-09-10,2.74,31.06,17.08,12.41
2022-09-11,0.42,20.54,11.79,7.62
2022-09-12,3.52,25.0,10.99,7.8
2022-09-13,1.45,28.25,14.24,10.74
2022-09-14,13.02,21.6,14.78,2.68
2022-09-15,0.57,19.43,12.5,7.08
2022-09-16,0.52,21.5,11.24,16.25
2022-09-17,0.1,20.63,10.68,21.77
2022-09-18,0.0,24.87,10.74,25.0
2022-09-19,0.48,28.21,10.42,15.1
2022-09-20,8.76,27.68,13.78,16.21
2022-09-21,21.95,22.8,13.38,3.83
2022-09-22,2.47,24.34,12.05,10.54
2022-09-23,0.03,21.91,6.93,26.61
2022-09-24,0.06,24.33,5.81,25.67
2022-09-25,2.5,21.34,9.89,7.45
2022-09-26,14.83,21.95,13.02,4.43
2022-09-27,11.13,26.0,15.14,5.51
2022-09-28,25.07,19.42,12.79,5.38
2022-09-29,1.56,19.14,11.92,11.77
2022-09-30,3.58,19.41,11.32,4.57
2022-10-01,0.71,26.42,12.71,14.14
2022-10-02,0.73,26.72,13.64,20.49
2022-10-03,1.24,23.97,13.99,14.39
2022-10-04,0.11,28.27,13.44,16.02
2022-10-05,0.02,29.96,13.2,21.78
2022-10-06,27.5,28.64,15.25,8.62
2022-10-07,14.57,24.66,13.37,19.89
2022-10-08,0.03,26.33,12.05,27.75
2022-10-09,0.22,30.13,12.44,22.75
2022-10-10,0.15,23.54,14.82,4.68
2022-10-11,5.77,25.37,14.5,14.62
2022-10-12,16.32,23.98,16.83,5.99
2022-10-13,0.85,26.11,16.61,6.53
2022-10-14,1.51,27.46,14.61,4.39
2022-10-15,2.09,21.89,13.88,5.5
2022-10-16,3.19,25.47,15.41,9.72
2022-10-17,7.19,28.08,16.28,19.21
2022-10-18,6.23,24.73,14.99,7.76
2022-10-19,8.14,27.15,15.85,20.87
2022-10-20,9.6,28.0,16.48,5.73
2022-10-21,15.81,26.55,17.49,12.21
2022-10-22,0.12,28.89,13.75,25.32
2022-10-23,0.03,29.6,14.13,22.84
2022-10-24,0.04,30.51,14.74,25.76
2022-10-25,0.04,29.17,14.93,26.31
2022-10-26,0.01,29.71,13.3,29.95
2022-10-27,0.12,31.6,14.86,24.32
2022-10-28,0.13,30.31,18.13,25.46
2022-10-29,18.92,28.33,17.95,12.87
2022-10-30,19.81,28.5,18.35,19.39
2022-10-31,27.7,27.86,16.3,10.95
2022-11-01,1.86,19.77,10.96,7.74
2022-11-02,2.2,17.17,10.18,8.36
2022-11-03,0.34,21.04,8.63,19.8
2022-11-04,0.21,22.17,7.72,25.72
2022-11-05,0.04,23.12,9.64,25.87
2022-11-06,0.01,23.71,9.33,26.84
2022-11-07,0.01,24.61,9.74,26.08
2022-11-08,0.02,26.04,10.27,27.81
2022-11-09,0.05,27.95,10.94,29.61
2022-11-10,0.0,30.57,12.56,29.61
2022-11-11,11.92,27.64,15.13,7.88
2022-11-12,1.31,30.36,16.01,18.87
2022-11-13,36.25,28.37,16.45,20.41
2022-11-14,2.14,28.41,17.82,22.36
2022-11-15,0.18,28.51,14.39,31.36
2022-11-16,0.01,28.15,13.2,30.95
2022-11-17,0.0,26.57,11.63,32.31
2022-11-18,0.01,27.23,9.07,32.23
2022-11-19,0.01,28.85,12.73,30.33
2022-11-20,0.0,30.77,14.42,27.48
2022-11-21,3.77,31.02,16.19,21.92
2022-11-22,3.98,23.96,17.83,9.39
2022-11-23,4.0,29.23,16.93,19.52
2022-11-24,3.4,29.32,16.67,19.1
2022-11-25,0.32,27.09,14.4,21.68
2022-11-26,0.67,27.69,12.69,19.31
2022-11-27,3.61,26.53,16.28,20.01
2022-11-28,9.79,26.56,16.39,14.66
2022-11-29,4.13,25.63,16.59,16.57
2022-11-30,4.77,25.88,16.48,18.86
2022-12-01,6.84,30.0,17.04,23.59
2022-12-02,3.89,28.92,19.14,17.84
2022-12-03,5.88,28.41,17.87,14.37
2022-12-04,12.45,23.85,20.1,15.53
2022-12-05,14.29,28.24,20.24,15.84
2022-12-06,11.19,30.19,19.47,18.8
2022-12-07,5.4,32.05,20.03,25.79
2022-12-08,0.5,32.01,17.69,24.76
2022-12-09,6.79,34.08,19.43,22.16
2022-12-10,1.81,32.68,18.91,25.38
2022-12-11,1.74,30.78,19.68,14.45
2022-12-12,10.1,26.38,20.59,17.74
2022-12-13,16.99,27.39,15.51,18.97
2022-12-14,0.72,24.98,14.65,16.83
2022-12-15,0.02,28.48,13.58,27.44
2022-12-16,1.02,30.36,15.24,21.51
2022-12-17,1.31,28.35,16.53,23.08
2022-12-18,0.14,28.17,16.28,12.86
2022-12-19,13.87,23.11,16.11,7.13
2022-12-20,1.43,28.9,15.73,17.45
2022-12-21,0.58,27.34,15.43,20.47
2022-12-22,0.09,27.3,14.53,23.8
2022-12-23,0.02,28.25,13.82,23.58
2022-12-24,4.56,29.65,15.82,18.68
2022-12-25,1.31,30.3,16.42,15.14
2022-12-26,6.71,30.22,18.43,22.79
2022-12-27,5.45,30.63,19.58,21.6
2022-12-28,5.49,30.0,19.24,13.74
2022-12-29,8.01,29.63,19.71,19.7
2022-12-30,0.25,30.67,16.7,26.23
2022-12-31,0.97,31.75,16.52,19.32
2023-01-01,0.73,32.6,18.03,23.07
2023-01-02,0.7,31.06,18.75,17.35
2023-01-03,5.9,30.07,19.21,15.89
2023-01-04,30.55,25.13,15.77,6.03
2023-01-05,3.41,20.5,14.95,12.97
2023-01-06,0.12,24.39,13.97,22.74
2023-01-07,0.13,25.73,14.11,22.4
2023-01-08,0.34,26.95,15.15,16.39
2023-01-09,0.21,26.26,15.66,13.02
2023-01-10,1.01,27.64,16.35,16.65
2023-01-11,3.74,24.1,18.67,18.77
2023-01-12,3.23,26.57,18.49,19.05
2023-01-13,7.48,27.83,18.07,20.64
2023-01-14,5.37,27.72,19.57,17.41
2023-01-15,4.97,29.78,19.88,19.67
2023-01-16,1.99,27.63,19.98,19.99
2023-01-17,2.79,30.56,19.44,22.54
2023-01-18,3.66,32.64,18.9,24.07
2023-01-19,1.5,31.75,18.8,19.74
2023-01-20,1.52,28.27,18.76,13.58
2023-01-21,1.49,31.8,18.22,23.12
2023-01-22,2.83,30.25,19.24,19.08
2023-01-23,3.93,29.43,19.58,23.82
2023-01-24,0.21,33.92,18.78,28.17
2023-01-25,0.2,33.23,17.92,30.3
2023-01-26,0.01,33.17,16.31,29.97
2023-01-27,0.02,33.33,16.0,29.28
2023-01-28,0.35,34.85,17.48,29.19
2023-01-29,6.31,32.04,20.27,25.65
2023-01-30,12.34,24.57,19.95,12.58
2023-01-31,9.04,25.07,19.7,14.38
2023-02-01,4.71,27.83,19.2,17.97
2023-02-02,12.3,29.41,19.14,15.2
2023-02-03,4.79,27.36,20.67,15.47
2023-02-04,2.03,28.44,19.95,18.75
2023-02-05,1.07,30.28,19.63,21.02
2023-02-06,3.49,30.28,18.43,26.16
2023-02-07,6.97,30.2,18.45,20.76
2023-02-08,0.8,32.11,18.48,26.87
2023-02-09,0.13,33.79,16.81,28.62
2023-02-10,6.25,30.15,18.39,22.65
2023-02-11,6.64,25.76,18.87,13.55
2023-02-12,6.66,29.8,17.75,18.85
2023-02-13,7.21,28.6,19.6,18.48
2023-02-14,4.82,28.88,20.24,20.24
2023-02-15,3.0,26.89,20.3,18.14
2023-02-16,10.88,29.62,19.9,15.52
2023-02-17,23.02,26.85,19.92,11.98
2023-02-18,14.99,28.81,15.43,8.31
2023-02-19,4.88,21.45,14.74,8.2
2023-02-20,6.67,26.06,15.83,8.29
2023-02-21,2.43,26.35,17.76,14.61
2023-02-22,2.88,28.04,16.98,21.29
2023-02-23,15.68,25.98,18.9,8.16
2023-02-24,5.0,27.69,18.33,16.83
2023-02-25,0.35,29.15,19.11,23.61
2023-02-26,2.42,28.79,18.77,15.54
2023-02-27,1.88,28.14,18.56,19.25
2023-02-28,11.61,27.11,17.34,11.59
2023-03-01,2.28,28.33,17.08,14.64
2023-03-02,2.14,30.34,17.73,22.92
2023-03-03,10.73,30.5,19.2,20.86
2023-03-04,11.38,29.47,19.82,19.55
2023-03-05,7.25,28.74,20.09,20.08
2023-03-06,6.12,28.01,19.94,15.96
2023-03-07,1.38,26.66,19.61,21.42
2023-03-08,1.71,30.41,18.86,23.95
2023-03-09,20.46,27.15,19.64,17.38
2023-03-10,7.68,25.68,18.97,10.9
2023-03-11,6.62,26.38,18.43,12.67
2023-03-12,5.44,26.25,18.8,10.38
2023-03-13,3.4,27.14,18.75,13.21
2023-03-14,7.36,27.51,19.0,12.86
2023-03-15,2.76,27.49,19.07,12.72
2023-03-16,0.3,28.47,18.49,17.61
2023-03-17,0.08,28.38,17.34,21.99
2023-03-18,0.04,29.47,15.89,25.1
2023-03-19,0.75,31.31,17.15,22.4
2023-03-20,2.22,30.57,18.25,21.11
2023-03-21,0.42,32.07,19.75,22.86
2023-03-22,0.28,31.1,17.54,23.24
2023-03-23,0.17,31.17,17.5,23.71
2023-03-24,0.17,32.7,18.38,20.64
2023-03-25,0.14,30.46,20.05,18.92
2023-03-26,0.92,31.17,20.3,19.47
2023-03-27,0.45,29.2,17.61,9.56
2023-03-28,0.07,29.67,15.36,15.94
2023-03-29,3.03,28.37,17.5,15.73
2023-03-30,2.22,29.25,19.1,20.16
2023-03-31,0.5,31.62,18.34,20.92
2023-04-01,0.26,32.24,17.54,21.48
2023-04-02,0.12,28.39,15.38,13.4
2023-04-03,0.01,28.5,14.26,22.74
2023-04-04,0.02,29.79,15.26,20.33
2023-04-05,0.5,29.7,16.35,19.69
2023-04-06,1.02,27.53,16.39,13.52
2023-04-07,8.53,25.93,17.44,9.83
2023-04-08,1.59,24.31,17.09,11.56
2023-04-09,0.45,24.6,16.84,16.1
2023-04-10,0.01,27.63,15.22,19.4
2023-04-11,0.0,27.65,13.47,21.86
2023-04-12,0.38,28.47,14.84,16.24
2023-04-13,7.44,28.44,17.4,18.46
2023-04-14,9.33,26.87,18.22,7.04
2023-04-15,0.52,28.22,16.77,11.63
2023-04-16,0.47,28.37,15.98,15.73
2023-04-17,27.24,25.74,17.51,9.73
2023-04-18,24.46,26.63,14.99,4.87
2023-04-19,0.31,22.35,12.05,20.86
2023-04-20,0.0,21.49,9.99,21.21
2023-04-21,0.07,22.2,7.87,18.11
2023-04-22,0.02,25.08,12.66,17.97
2023-04-23,0.04,24.74,12.96,16.37
2023-04-24,0.03,25.82,14.16,16.8
2023-04-25,1.3,26.06,13.78,10.3
2023-04-26,2.5,23.78,14.64,10.36
2023-04-27,0.93,25.61,14.81,12.27
2023-04-28,0.63,23.44,13.89,11.67
2023-04-29,0.14,25.09,13.6,13.39
2023-04-30,0.08,25.99,14.29,14.27
2023-05-01,0.03,27.51,14.74,18.08
2023-05-02,0.04,26.2,14.4,17.44
2023-05-03,0.02,27.85,14.03,15.84
2023-05-04,0.05,28.25,15.01,16.04
2023-05-05,0.04,29.02,16.89,14.36
2023-05-06,0.02,28.81,17.47,13.96
2023-05-07,0.01,27.85,17.0,14.58
2023-05-08,0.22,27.89,16.26,13.1
2023-05-09,0.94,27.98,17.46,10.28
2023-05-10,1.57,26.3,16.57,9.75
2023-05-11,0.12,24.92,12.2,17.47
2023-05-12,0.02,21.28,11.24,14.71
2023-05-13,0.02,22.16,10.93,15.15
2023-05-14,0.04,23.43,8.69,16.35
2023-05-15,0.03,24.68,7.6,17.13
2023-05-16,0.07,25.39,7.61,17.41
2023-05-17,0.06,23.63,9.75,16.97
2023-05-18,0.11,24.01,9.43,17.12
2023-05-19,0.05,24.27,9.27,16.86
2023-05-20,0.06,24.81,9.55,14.35
2023-05-21,0.04,23.68,8.32,14.0
2023-05-22,0.02,23.01,10.56,10.94
2023-05-23,0.0,26.32,10.16,15.5
2023-05-24,0.05,25.13,11.11,15.26
2023-05-25,0.01,25.76,13.41,13.64
2023-05-26,0.03,25.77,12.11,13.37
2023-05-27,3.06,26.93,11.39,13.62
2023-05-28,3.55,18.55,13.84,3.18
2023-05-29,0.35,22.05,12.45,7.45
2023-05-30,1.16,18.51,12.31,5.08
2023-05-31,1.27,22.59,13.76,8.5
2023-06-01,0.01,24.32,12.06,12.47
2023-06-02,0.06,23.55,10.68,15.46
2023-06-03,0.12,24.67,10.74,15.94
2023-06-04,0.03,25.23,9.14,15.14
2023-06-05,0.08,25.77,9.45,14.07
2023-06-06,0.05,23.91,10.91,14.84
2023-06-07,0.03,24.33,10.85,14.72
2023-06-08,0.02,24.79,10.75,14.2
2023-06-09,0.03,25.08,12.88,15.0
2023-06-10,0.03,25.88,12.21,15.11
2023-06-11,0.0,27.18,11.2,14.61
2023-06-12,12.79,24.83,12.91,4.37
2023-06-13,18.92,15.18,12.68,2.45
2023-06-14,15.47,16.0,12.46,3.07
2023-06-15,12.75,14.22,9.78,3.48
2023-06-16,0.07,16.6,7.23,8.14
2023-06-17,0.06,18.87,6.63,11.32
2023-06-18,0.01,19.69,6.66,14.71
2023-06-19,0.15,19.51,8.24,14.9
2023-06-20,0.73,21.66,8.62,13.74
2023-06-21,0.05,23.18,7.81,11.7
2023-06-22,0.13,23.3,9.88,11.16
2023-06-23,0.01,23.87,10.52,12.39
2023-06-24,0.0,25.29,12.08,14.78
2023-06-25,0.13,25.64,13.49,14.82
2023-06-26,0.02,25.59,13.05,14.78
2023-06-27,0.08,24.4,11.46,15.0
2023-06-28,0.05,24.98,10.06,14.85
2023-06-29,0.06,22.81,10.23,9.44
2023-06-30,0.01,23.52,10.28,10.26
2023-07-01,0.04,25.67,11.35,12.96
2023-07-02,0.06,25.48,11.86,14.0
2023-07-03,0.07,22.24,10.94,9.11
2023-07-04,0.02,21.69,9.19,15.62
2023-07-05,0.07,23.29,8.01,14.82
2023-07-06,0.02,23.91,9.07,14.85
2023-07-07,0.1,25.19,10.79,14.45
2023-07-08,7.34,22.15,10.61,8.7
2023-07-09,14.03,20.08,14.29,4.71
2023-07-10,18.31,24.02,13.78,5.44
2023-07-11,3.65,24.26,14.92,9.52
2023-07-12,0.9,25.97,13.15,14.28
2023-07-13,4.41,20.63,9.88,15.74
2023-07-14,0.0,17.42,4.17,16.58
2023-07-15,0.0,18.81,5.64,15.82
2023-07-16,0.04,18.99,7.68,8.26
2023-07-17,5.47,23.91,10.91,9.83
2023-07-18,4.53,15.25,11.07,3.15
2023-07-19,0.02,18.09,10.48,5.99
2023-07-20,0.01,22.88,11.88,11.0
2023-07-21,0.01,24.78,11.54,11.44
2023-07-22,0.0,24.37,11.62,11.98
2023-07-23,0.0,24.87,9.79,14.4
2023-07-24,0.0,25.9,12.81,13.62
2023-07-25,0.0,25.74,12.77,12.24
2023-07-26,0.04,26.87,12.0,11.21
2023-07-27,1.05,27.28,14.99,13.22
2023-07-28,3.4,25.34,13.44,7.59
2023-07-29,0.56,21.23,11.59,6.25
2023-07-30,0.01,22.75,9.08,11.72
2023-07-31,0.0,25.38,8.54,15.48
2023-08-01,0.06,26.12,9.91,15.36
2023-08-02,0.04,27.89,10.57,17.3
2023-08-03,0.0,29.13,11.12,17.97
2023-08-04,0.04,27.59,11.3,15.86
2023-08-05,0.0,28.98,10.5,17.72
2023-08-06,0.0,29.03,11.71,17.77
2023-08-07,0.28,30.4,14.81,17.22
2023-08-08,5.77,23.02,12.24,4.81
2023-08-09,13.8,23.6,12.14,3.41
2023-08-10,0.26,26.21,13.1,11.89
2023-08-11,3.43,29.17,12.26,7.64
2023-08-12,2.07,29.74,15.31,4.41
2023-08-13,1.64,19.43,12.02,6.2
2023-08-14,0.1,24.34,10.27,10.77
2023-08-15,0.03,27.07,12.57,14.53
2023-08-16,0.1,27.66,14.86,10.78
2023-08-17,0.01,28.63,15.07,17.48
2023-08-18,0.01,29.64,13.84,18.51
2023-08-19,1.89,21.74,14.35,11.75
2023-08-20,0.09,24.22,12.49,13.59
2023-08-21,0.04,27.76,14.46,17.98
2023-08-22,0.0,30.03,13.08,19.36
2023-08-23,0.0,31.98,16.43,18.28
2023-08-24,0.62,32.41,19.33,16.49
2023-08-25,18.9,27.95,13.01,2.62
2023-08-26,5.04,17.89,8.89,8.15
2023-08-27,0.18,18.28,7.22,10.24
2023-08-28,0.2,19.68,8.3,6.64
2023-08-29,0.18,21.99,9.7,13.28
2023-08-30,0.02,27.04,10.85,19.19
2023-08-31,0.02,28.69,11.89,19.26
2023-09-01,0.01,28.94,11.41,19.32
2023-09-02,9.2,30.48,12.92,2.59
2023-09-03,1.85,29.2,17.04,18.88
2023-09-04,5.12,31.65,18.84,17.37
2023-09-05,0.55,31.21,15.02,16.52
2023-09-06,0.14,24.67,14.0,13.09
2023-09-07,1.68,27.75,14.29,14.22
2023-09-08,1.9,30.35,14.9,15.52
2023-09-09,3.06,24.01,16.84,5.61
2023-09-10,0.08,30.45,14.48,16.93
2023-09-11,0.03,32.28,14.67,20.65
2023-09-12,0.01,33.02,13.73,22.96
2023-09-13,3.66,28.03,14.98,18.94
2023-09-14,1.55,24.9,11.6,12.2
2023-09-15,0.35,26.26,10.22,22.23
2023-09-16,0.04,30.04,9.8,23.35
2023-09-17,0.04,34.7,17.59,23.87
2023-09-18,0.92,33.66,15.79,19.42
2023-09-19,4.65,33.98,18.21,18.74
2023-09-20,1.06,34.57,17.9,19.88
2023-09-21,0.0,35.4,16.69,22.93
2023-09-22,0.2,37.02,18.82,22.37
2023-09-23,0.06,37.38,18.39,23.17
2023-09-24,0.03,37.99,20.46,22.72
2023-09-25,0.63,34.24,21.24,10.81
2023-09-26,0.28,36.37,20.07,21.76
2023-09-27,1.96,37.65,19.87,18.69
2023-09-28,0.47,25.99,14.28,4.95
2023-09-29,0.29,27.72,14.11,9.75
2023-09-30,3.07,31.24,15.14,12.66
2023-10-01,7.3,30.68,18.03,13.4
2023-10-02,0.06,30.9,15.72,10.21
2023-10-03,1.47,33.29,15.69,16.6
2023-10-04,43.08,31.77,18.52,3.1
2023-10-05,13.94,30.45,19.95,8.92
2023-10-06,3.19,32.61,17.81,21.11
2023-10-07,35.59,31.02,14.3,14.93
2023-10-08,11.09,25.82,13.73,3.3
2023-10-09,15.01,28.01,16.53,18.94
2023-10-10,0.24,28.22,14.66,21.61
2023-10-11,0.09,32.5,13.65,26.41
2023-10-12,17.79,30.54,16.09,11.33
2023-10-13,6.34,19.82,13.54,3.61
2023-10-14,0.48,22.66,12.76,7.52
2023-10-15,0.13,28.81,14.15,14.83
2023-10-16,29.86,31.64,15.82,23.61
2023-10-17,12.22,28.52,18.97,6.77
2023-10-18,3.76,24.52,15.44,8.83
2023-10-19,1.02,25.56,13.58,11.14
2023-10-20,1.01,28.14,13.92,13.71
2023-10-21,0.66,28.98,13.88,21.14
2023-10-22,0.08,31.29,12.87,24.34
2023-10-23,0.31,33.66,15.62,24.19
2023-10-24,0.24,33.95,19.2,10.07
2023-10-25,2.29,31.38,18.72,14.49
2023-10-26,0.52,32.04,17.6,14.57
2023-10-27,6.95,23.25,15.53,3.93
2023-10-28,7.16,30.2,16.44,8.19
2023-10-29,18.31,27.61,19.87,6.56
2023-10-30,10.7,31.25,20.35,10.04
2023-10-31,12.44,29.48,19.97,7.7
2023-11-01,2.07,27.06,16.85,14.3
2023-11-02,0.15,29.78,15.59,18.09
2023-11-03,15.6,31.12,16.96,6.17
2023-11-04,0.53,26.39,13.02,31.65
2023-11-05,0.01,29.46,10.79,30.8
2023-11-06,0.0,27.98,11.48,30.97
2023-11-07,0.0,30.66,11.37,29.95
2023-11-08,0.01,34.01,13.56,28.45
2023-11-09,2.63,34.35,17.91,17.88
2023-11-10,0.52,32.63,18.92,23.11
2023-11-11,0.0,35.9,18.74,28.22
2023-11-12,0.0,37.56,22.59,28.77
2023-11-13,0.29,36.76,19.88,20.17
2023-11-14,5.47,36.92,20.69,21.21
2023-11-15,1.32,35.65,19.54,17.34
2023-11-16,0.08,37.18,20.29,20.41
2023-11-17,0.65,38.06,22.07,20.31
2023-11-18,0.24,37.38,21.97,19.81
2023-11-19,14.12,29.11,17.65,5.63
2023-11-20,0.31,30.14,16.58,13.24
2023-11-21,0.12,33.45,16.5,23.09
2023-11-22,10.4,31.83,20.58,20.23
2023-11-23,4.91,26.54,19.08,10.39
2023-11-24,8.97,20.24,13.37,5.71
2023-11-25,6.13,18.27,12.44,6.54
2023-11-26,1.38,24.46,13.39,11.42
2023-11-27,1.38,29.54,16.58,12.34
2023-11-28,7.35,26.4,18.84,13.85
2023-11-29,4.35,30.68,20.37,21.67
2023-11-30,0.36,34.07,20.22,27.47
2023-12-01,0.21,34.59,20.97,27.65
2023-12-02,0.17,36.75,20.82,30.32
2023-12-03,0.23,38.33,21.86,28.26
2023-12-04,2.35,33.48,22.19,25.02
2023-12-05,2.6,30.73,20.21,20.48
2023-12-06,0.21,31.48,20.29,23.95
2023-12-07,6.77,31.68,20.69,18.3
2023-12-08,5.57,32.64,17.96,18.71
2023-12-09,0.56,30.36,16.67,10.97
2023-12-10,4.71,27.47,16.37,10.66
2023-12-11,1.73,30.74,17.69,24.74
2023-12-12,0.14,31.66,15.75,28.35
2023-12-13,0.02,34.31,14.47,31.78
2023-12-14,0.0,37.33,16.39,31.02
2023-12-15,0.18,39.5,19.74,29.97
2023-12-16,0.04,38.96,20.17,28.55
2023-12-17,0.01,35.88,19.22,19.85
2023-12-18,0.27,38.17,20.57,28.45
2023-12-19,0.06,35.82,18.83,26.82
2023-12-20,0.05,32.21,17.96,27.76
2023-12-21,0.08,33.37,18.2,24.93
2023-12-22,1.47,36.01,18.73,28.7
2023-12-23,9.17,32.34,20.23,12.56
2023-12-24,0.3,34.62,19.53,26.54
2023-12-25,0.6,33.72,21.33,19.43
2023-12-26,0.09,36.47,21.14,28.02
2023-12-27,0.13,34.28,17.96,22.3
2023-12-28,0.14,35.9,16.19,31.21
2023-12-29,1.33,37.22,19.09,26.4
2023-12-30,0.55,33.93,21.02,13.75
2023-12-31,0.36,30.8,18.67,25.42
2024-01-01,0.08,33.66,17.37,24.92
2024-01-02,0.03,33.85,18.01,23.46
2024-01-03,0.44,33.22,18.94,24.75
2024-01-04,0.71,34.96,19.02,23.08
2024-01-05,0.57,33.51,17.63,24.77
2024-01-06,0.79,34.78,18.18,25.28
2024-01-07,0.43,36.11,18.54,27.87
2024-01-08,1.98,38.39,20.02,27.48
2024-01-09,4.09,35.08,22.39,27.48
2024-01-10,2.05,36.0,20.47,26.45
2024-01-11,6.26,32.53,22.25,19.03
2024-01-12,12.06,31.74,19.5,17.27
2024-01-13,1.11,32.61,18.05,17.96
2024-01-14,0.0,35.55,16.85,27.88
2024-01-15,0.28,33.39,21.04,21.36
2024-01-16,0.59,35.13,21.07,25.26
2024-01-17,3.53,34.52,21.93,15.61
2024-01-18,11.3,33.79,22.27,20.25
2024-01-19,3.95,32.09,22.18,16.92
2024-01-20,13.62,31.6,21.31,12.67
2024-01-21,5.91,33.95,19.57,22.76
2024-01-22,5.35,26.02,17.55,12.12
2024-01-23,5.6,24.56,16.95,15.54
2024-01-24,1.31,28.68,16.84,20.6
2024-01-25,3.23,23.43,15.4,16.25
2024-01-26,2.36,23.1,14.57,16.87
2024-01-27,0.55,28.29,14.44,21.31
2024-01-28,3.94,28.39,16.24,20.19
2024-01-29,2.6,31.63,16.46,24.52
2024-01-30,0.12,33.25,17.23,26.83
2024-01-31,6.15,33.47,19.06,20.85
2024-02-01,2.34,32.16,18.94,25.26
2024-02-02,0.86,33.08,17.67,25.22
2024-02-03,8.9,31.65,18.07,19.36
2024-02-04,1.3,31.31,19.84,21.26
2024-02-05,0.06,35.6,18.13,23.9
2024-02-06,0.07,35.96,18.9,26.19
2024-02-07,0.02,33.35,19.7,25.01
2024-02-08,0.06,36.32,19.4,26.41
2024-02-09,0.13,36.86,19.84,27.1
2024-02-10,0.19,34.52,20.15,24.62
2024-02-11,0.13,35.97,18.9,27.15
2024-02-12,0.21,34.52,21.09,19.38
2024-02-13,1.43,35.01,21.57,22.58
2024-02-14,14.57,29.33,19.01,7.31
2024-02-15,8.85,28.15,18.43,8.14
2024-02-16,1.55,26.76,17.82,9.36
2024-02-17,1.09,32.49,18.36,18.85
2024-02-18,3.96,32.03,18.49,14.18
2024-02-19,18.24,30.93,18.11,21.52
2024-02-20,16.81,28.9,19.02,15.25
2024-02-21,11.81,28.52,18.21,15.22
2024-02-22,1.46,30.69,17.81,17.98
2024-02-23,2.79,32.8,19.22,19.58
2024-02-24,2.18,33.46,20.84,21.53
2024-02-25,3.99,31.64,21.56,19.86
2024-02-26,1.41,31.84,20.21,15.33
2024-02-27,0.58,33.94,19.72,20.13
2024-02-28,1.65,34.83,21.23,23.32
2024-02-29,6.43,33.86,21.91,20.02
2024-03-01,6.2,33.19,20.39,19.3
2024-03-02,0.45,33.12,18.69,23.86
2024-03-03,0.52,35.09,17.86,24.2
2024-03-04,0.27,35.89,18.24,23.4
2024-03-05,2.55,33.5,19.79,20.2
2024-03-06,0.54,33.48,19.17,12.63
2024-03-07,0.24,33.24,19.23,14.19
2024-03-08,3.49,31.16,20.52,10.74
2024-03-09,4.39,31.19,21.19,17.48
2024-03-10,4.13,32.8,21.4,20.72
2024-03-11,0.42,33.87,19.58,25.39
2024-03-12,0.02,35.32,17.12,26.68
2024-03-13,0.0,35.65,17.17,25.93
2024-03-14,0.0,36.85,17.35,24.08
2024-03-15,0.16,36.99,19.64,23.01
2024-03-16,0.43,35.05,22.59,22.19
2024-03-17,8.36,33.77,22.27,9.11
2024-03-18,0.6,33.35,22.74,15.66
2024-03-19,7.78,33.48,21.75,15.04
2024-03-20,0.38,33.95,21.5,19.95
2024-03-21,3.83,31.23,21.72,15.43
2024-03-22,1.53,25.14,17.5,9.44
2024-03-23,1.23,23.49,17.12,8.23
2024-03-24,0.82,26.66,16.88,8.86
2024-03-25,0.06,32.2,16.82,16.2
2024-03-26,0.19,31.63,17.7,15.47
2024-03-27,0.02,29.19,17.37,18.26
2024-03-28,0.22,30.41,16.36,17.88
2024-03-29,0.14,32.33,17.01,18.34
2024-03-30,0.01,33.38,17.37,21.01
2024-03-31,0.01,32.54,17.92,19.79
2024-04-01,0.1,32.79,18.16,16.1
2024-04-02,0.32,27.72,17.79,18.26
2024-04-03,0.07,34.28,17.6,19.8
2024-04-04,0.01,35.52,18.92,19.99
2024-04-05,0.1,35.78,18.45,19.15
2024-04-06,0.12,30.05,17.47,15.75
2024-04-07,1.11,32.6,15.49,13.23
2024-04-08,13.45,29.4,18.9,6.53
2024-04-09,8.43,27.13,19.27,17.01
2024-04-10,0.02,30.75,19.92,16.81
2024-04-11,0.07,31.91,18.94,15.33
2024-04-12,0.06,30.13,18.4,15.02
2024-04-13,3.01,29.48,18.88,13.08
2024-04-14,11.54,23.72,19.68,4.89
2024-04-15,5.76,24.58,19.24,4.95
2024-04-16,6.2,26.09,19.34,9.55
2024-04-17,2.71,27.13,19.38,9.88
2024-04-18,0.38,27.31,15.35,13.94
2024-04-19,0.02,26.24,12.52,21.21
2024-04-20,0.01,28.67,11.76,18.68
2024-04-21,0.01,30.14,13.56,18.07
2024-04-22,0.04,30.6,14.44,19.23
2024-04-23,0.07,31.3,18.62,14.77
2024-04-24,0.09,31.26,17.52,12.52
2024-04-25,0.3,31.06,18.72,10.51
2024-04-26,0.03,32.1,17.36,13.99
2024-04-27,0.04,31.88,16.88,17.51
2024-04-28,0.03,32.06,18.67,15.72
2024-04-29,0.08,33.02,17.59,16.26
2024-04-30,0.0,32.82,18.18,17.98
2024-05-01,0.01,32.73,17.49,18.01
2024-05-02,0.04,30.98,17.06,16.18
2024-05-03,0.02,31.47,16.91,16.58
2024-05-04,0.03,32.12,17.7,16.69
2024-05-05,0.05,32.23,16.55,17.98
2024-05-06,0.02,31.67,13.97,18.31
2024-05-07,0.03,32.37,16.12,17.36
2024-05-08,0.02,31.07,17.41,15.23
2024-05-09,0.0,32.26,18.42,13.9
2024-05-10,0.02,30.84,17.63,14.01
2024-05-11,0.01,31.26,17.72,15.36
2024-05-12,0.0,30.83,16.07,16.91
2024-05-13,0.02,30.45,14.95,14.75
2024-05-14,2.31,25.15,17.95,5.64
2024-05-15,0.52,23.44,14.65,4.28
2024-05-16,0.05,28.17,15.53,11.56
2024-05-17,0.0,30.7,16.09,11.69
2024-05-18,1.52,26.41,18.57,6.81
2024-05-19,14.86,24.72,16.3,3.32
2024-05-20,0.6,27.13,15.48,12.95
2024-05-21,0.02,28.54,13.48,12.49
2024-05-22,0.02,29.31,13.93,15.01
2024-05-23,0.02,29.69,13.55,15.89
2024-05-24,11.79,22.93,14.31,3.92
2024-05-25,3.53,20.78,12.5,10.19
2024-05-26,8.28,17.75,11.58,3.62
2024-05-27,7.04,21.86,12.75,3.46
2024-05-28,3.64,19.37,7.38,15.78
2024-05-29,0.02,20.92,4.43,16.49
2024-05-30,0.09,21.34,7.04,15.78
2024-05-31,0.07,21.33,8.15,14.95
2024-06-01,0.05,24.3,10.51,15.7
2024-06-02,0.01,25.46,9.68,15.26
2024-06-03,0.01,27.2,15.38,14.51
2024-06-04,0.04,24.79,12.98,8.12
2024-06-05,0.01,26.18,11.12,12.94
2024-06-06,0.01,27.5,11.5,14.28
2024-06-07,0.04,27.72,11.5,14.59
2024-06-08,0.01,27.8,11.44,13.77
2024-06-09,0.01,28.07,11.57,14.5
2024-06-10,0.03,28.47,12.45,14.88
2024-06-11,0.04,28.88,14.79,14.69
2024-06-12,0.04,27.96,13.29,15.22
2024-06-13,0.02,27.85,10.74,15.14
2024-06-14,0.0,27.48,11.44,14.99
2024-06-15,0.0,28.66,12.28,14.85
2024-06-16,0.0,28.27,14.8,12.74
2024-06-17,0.03,27.05,12.93,12.17
2024-06-18,0.0,27.59,11.1,13.76
2024-06-19,0.01,27.94,11.01,14.91
2024-06-20,0.08,28.8,13.62,12.92
2024-06-21,0.02,27.17,12.33,14.65
2024-06-22,0.03,26.79,11.66,12.19
2024-06-23,0.03,28.81,13.11,14.22
2024-06-24,0.17,29.01,14.04,11.78
2024-06-25,6.91,20.29,13.81,5.7
2024-06-26,0.65,26.19,12.25,10.39
2024-06-27,0.23,25.49,12.46,14.35
2024-06-28,0.03,26.99,11.2,9.83
2024-06-29,3.69,22.81,12.91,6.12
2024-06-30,0.33,22.56,9.56,14.56
2024-07-01,0.03,24.33,6.92,14.63
2024-07-02,0.1,26.07,9.3,15.18
2024-07-03,0.02,26.7,10.17,14.71
2024-07-04,0.02,27.8,13.56,11.68
2024-07-05,0.05,27.54,14.15,13.92
2024-07-06,0.04,25.99,10.91,10.58
2024-07-07,0.17,27.27,11.01,11.89
2024-07-08,12.32,16.07,11.89,2.78
2024-07-09,20.54,14.93,10.99,1.77
2024-07-10,11.59,15.22,11.05,4.53
2024-07-11,0.59,22.67,10.45,10.26
2024-07-12,0.97,22.88,12.92,8.4
2024-07-13,0.94,16.29,10.76,4.08
2024-07-14,1.58,23.35,10.08,8.75
2024-07-15,1.26,19.84,12.79,4.98
2024-07-16,0.31,23.96,13.0,9.95
2024-07-17,0.04,26.04,11.86,13.93
2024-07-18,0.02,27.03,10.77,15.32
2024-07-19,0.01,26.77,11.39,14.15
2024-07-20,0.04,26.35,9.59,16.45
2024-07-21,0.11,26.68,9.02,16.5
2024-07-22,0.01,28.32,10.59,16.43
2024-07-23,0.03,27.2,9.42,16.02
2024-07-24,0.01,27.78,8.87,15.41
2024-07-25,0.0,27.32,10.5,16.0
2024-07-26,0.01,26.9,14.83,12.04
2024-07-27,0.01,27.48,13.07,12.78
2024-07-28,0.01,30.15,14.38,14.32
2024-07-29,0.96,26.6,12.75,4.28
2024-07-30,0.83,17.68,11.49,5.73
2024-07-31,0.13,25.62,11.5,12.3
2024-08-01,0.04,28.05,12.2,14.33
2024-08-02,0.04,27.33,12.32,16.66
2024-08-03,0.03,28.02,13.01,17.18
2024-08-04,0.01,28.38,12.53,16.2
2024-08-05,0.0,30.05,13.04,14.94
2024-08-06,0.01,29.83,13.61,16.75
2024-08-07,0.06,29.6,15.15,15.31
2024-08-08,0.44,28.19,13.8,6.65
2024-08-09,13.18,17.74,11.18,2.5
2024-08-10,0.22,20.1,7.06,19.43
2024-08-11,0.07,21.91,5.22,17.52
2024-08-12,0.09,21.73,4.91,20.0
2024-08-13,0.07,20.65,3.28,19.6
2024-08-14,0.03,24.64,4.78,18.69
2024-08-15,0.03,29.67,6.99,18.53
2024-08-16,0.0,32.39,14.98,17.95
2024-08-17,0.04,32.65,16.8,17.53
2024-08-18,0.0,33.16,17.67,17.77
2024-08-19,0.0,33.41,15.6,19.25
2024-08-20,0.11,34.06,14.48,18.89
2024-08-21,0.18,30.52,14.88,18.05
2024-08-22,0.06,32.14,12.21,19.34
2024-08-23,1.12,32.33,14.06,12.64
2024-08-24,24.51,18.25,13.25,1.01
2024-08-25,0.49,20.63,7.12,15.07
2024-08-26,0.09,21.01,2.86,22.45
2024-08-27,0.04,22.98,3.2,22.24
2024-08-28,0.06,25.66,6.2,18.79
2024-08-29,0.07,30.05,9.49,19.19
2024-08-30,0.11,31.87,12.67,20.93
2024-08-31,0.13,32.38,12.04,20.8
2024-09-01,0.03,32.1,14.09,17.71
2024-09-02,0.01,31.4,15.42,11.61
2024-09-03,0.08,33.69,14.27,17.94
2024-09-04,0.0,35.01,14.0,18.52
2024-09-05,0.11,33.03,14.43,8.25
2024-09-06,0.11,27.44,11.98,9.34
2024-09-07,0.05,34.81,13.34,15.11
2024-09-08,0.01,35.76,18.0,14.29
2024-09-09,0.01,34.71,17.94,15.75
2024-09-10,0.02,31.07,16.89,14.45
2024-09-11,0.02,34.06,13.87,20.96
2024-09-12,0.02,34.9,14.03,21.92
2024-09-13,0.01,34.85,14.84,20.41
2024-09-14,0.01,34.01,16.39,9.54
2024-09-15,10.56,21.6,14.63,1.66
2024-09-16,11.7,22.06,13.57,3.63
2024-09-17,0.11,24.74,12.44,14.97
2024-09-18,0.82,24.74,12.36,12.96
2024-09-19,1.04,30.69,13.74,11.71
2024-09-20,1.47,32.95,15.02,16.77
2024-09-21,5.79,28.09,16.94,8.96
2024-09-22,0.13,34.02,14.89,18.3
2024-09-23,0.04,36.21,16.66,20.23
2024-09-24,0.03,35.98,15.52,23.22
2024-09-25,0.04,36.98,15.88,22.97
2024-09-26,0.39,37.53,16.64,21.89
2024-09-27,6.25,31.49,16.52,11.21
2024-09-28,0.03,30.13,13.99,23.54
2024-09-29,0.0,33.48,11.33,24.24
2024-09-30,0.0,34.54,14.76,23.88
2024-10-01,0.0,37.1,16.67,24.16
2024-10-02,0.27,36.06,19.62,13.84
2024-10-03,4.71,23.87,14.83,5.4
2024-10-04,0.17,27.07,12.72,11.5
2024-10-05,0.04,31.73,12.64,25.77
2024-10-06,0.0,34.34,13.52,23.67
2024-10-07,0.0,31.99,15.12,19.98
2024-10-08,0.02,36.73,14.84,18.49
2024-10-09,0.52,28.84,16.46,6.11
2024-10-10,13.19,29.42,16.48,6.06
2024-10-11,9.6,29.78,17.33,5.35
2024-10-12,0.14,32.3,16.97,19.26
2024-10-13,0.01,30.79,15.52,23.79
2024-10-14,0.0,30.75,14.8,16.64
2024-10-15,1.08,33.11,15.59,20.8
2024-10-16,1.99,33.09,16.88,20.39
2024-10-17,0.21,33.79,16.57,22.04
2024-10-18,0.97,29.9,17.16,15.39
2024-10-19,10.13,23.7,14.66,5.82
2024-10-20,0.31,27.36,13.51,11.69
2024-10-21,0.3,31.85,16.79,12.89
2024-10-22,0.6,33.94,17.93,18.19
2024-10-23,11.98,31.71,20.54,9.2
2024-10-24,8.53,31.55,20.83,17.24
2024-10-25,7.27,31.07,21.76,15.67
2024-10-26,0.08,34.95,19.67,20.85
2024-10-27,0.68,30.83,15.89,15.9
2024-10-28,0.44,31.07,14.09,19.09
2024-10-29,0.14,33.65,15.47,24.81
2024-10-30,0.52,32.97,15.67,27.48
2024-10-31,0.13,32.12,16.78,25.31
2024-11-01,6.22,31.33,15.93,21.65
2024-11-02,11.65,25.38,18.0,10.31
2024-11-03,15.14,27.71,18.94,6.35
2024-11-04,6.63,29.79,18.27,8.87
2024-11-05,2.49,31.92,19.62,14.43
2024-11-06,16.88,28.26,19.8,11.71
2024-11-07,16.84,26.47,20.22,10.11
2024-11-08,12.14,26.62,17.62,18.48
2024-11-09,0.63,27.79,16.36,15.86
2024-11-10,0.03,30.56,14.44,21.45
2024-11-11,0.0,32.04,14.86,26.74
2024-11-12,2.05,33.61,18.27,20.3
2024-11-13,1.78,30.04,14.75,19.47
2024-11-14,0.0,29.79,14.35,21.61
2024-11-15,0.06,32.01,14.41,18.71
2024-11-16,0.03,32.03,17.74,21.01
2024-11-17,0.0,33.49,17.21,22.31
2024-11-18,0.0,36.03,17.44,28.38
2024-11-19,0.0,35.36,18.63,25.41
2024-11-20,0.01,36.22,18.88,19.59
2024-11-21,8.29,31.67,17.78,10.95
2024-11-22,1.09,31.66,17.06,15.78
2024-11-23,0.5,30.88,16.96,21.69
2024-11-24,0.07,30.29,15.82,24.12
2024-11-25,0.0,33.09,14.53,28.79
2024-11-26,0.0,34.43,16.27,26.19
2024-11-27,0.01,35.98,20.38,25.98
2024-11-28,10.06,29.67,21.56,15.59
2024-11-29,9.22,32.65,20.82,16.57
2024-11-30,0.36,35.56,21.47,20.91
2024-12-01,0.24,34.17,20.08,25.43
2024-12-02,6.57,30.19,21.98,11.8
2024-12-03,25.18,27.73,18.91,11.66
2024-12-04,2.58,27.15,17.45,9.0
2024-12-05,0.94,32.43,16.22,9.13
2024-12-06,2.27,31.52,19.61,15.79
2024-12-07,32.37,27.25,21.42,5.14
2024-12-08,17.41,25.46,18.9,6.96
2024-12-09,9.12,28.18,18.81,6.54
2024-12-10,28.55,30.29,18.28,14.64
2024-12-11,1.15,28.82,16.53,25.32
2024-12-12,0.02,29.12,15.23,29.33
2024-12-13,1.44,30.82,16.04,18.6
2024-12-14,6.97,25.71,18.56,10.29
2024-12-15,0.19,30.04,17.62,28.58
2024-12-16,0.06,29.54,14.84,32.1
2024-12-17,0.23,31.48,14.26,28.67
2024-12-18,0.06,32.55,15.64,27.65
2024-12-19,0.15,32.4,15.73,23.73
2024-12-20,3.79,29.55,20.88,6.68
2024-12-21,5.29,28.65,19.4,18.65
2024-12-22,0.58,33.41,18.79,15.44
2024-12-23,0.57,28.75,16.93,17.13
2024-12-24,0.06,32.5,16.64,26.26
2024-12-25,2.5,29.99,17.05,21.17
2024-12-26,11.72,29.22,18.75,14.55
2024-12-27,1.11,33.49,19.69,24.2
2024-12-28,3.91,34.12,18.56,23.94
2024-12-29,13.26,31.16,19.21,19.04
2024-12-30,0.89,31.7,17.81,23.81
2024-12-31,0.94,32.66,18.11,23.66
2025-01-01,1.85,31.78,18.37,20.42
2025-01-02,1.47,32.92,18.76,26.4
2025-01-03,3.98,32.69,18.77,27.28
2025-01-04,2.67,33.44,19.39,24.53
2025-01-05,0.92,33.15,19.22,24.4
2025-01-06,0.05,32.43,16.94,26.2
2025-01-07,1.0,31.94,18.44,22.63
2025-01-08,1.76,32.32,17.93,20.13
2025-01-09,0.86,31.49,17.79,21.27
2025-01-10,0.15,32.12,16.2,26.61
2025-01-11,1.63,32.15,15.6,12.5
2025-01-12,0.95,27.92,17.08,17.57
2025-01-13,0.08,31.04,15.15,26.77
2025-01-14,0.0,32.24,14.3,30.58
2025-01-15,0.01,34.27,15.03,23.97
2025-01-16,17.73,26.19,19.46,14.56
2025-01-17,26.97,24.31,20.24,5.32
2025-01-18,6.62,27.61,20.47,14.69
2025-01-19,6.86,30.33,20.2,11.26
2025-01-20,2.5,28.52,20.73,22.85
2025-01-21,3.11,29.86,19.5,22.18
2025-01-22,3.88,33.47,20.83,19.37
2025-01-23,3.52,33.0,19.47,23.29
2025-01-24,1.59,33.37,20.17,21.71
2025-01-25,1.41,35.26,19.62,23.19
2025-01-26,1.41,32.91,20.36,24.11
2025-01-27,1.19,31.79,18.63,18.52
2025-01-28,7.3,29.75,19.72,15.79
2025-01-29,5.6,32.72,19.37,16.52
2025-01-30,3.34,31.88,18.52,18.72
2025-01-31,7.02,29.76,18.98,17.73
2025-02-01,7.22,28.63,19.45,16.02
2025-02-02,3.84,29.4,19.39,19.21
2025-02-03,13.04,26.35,19.17,9.43
2025-02-04,15.64,23.82,19.76,6.41
2025-02-05,5.75,26.83,19.69,11.56
2025-02-06,1.11,26.41,19.83,15.69
2025-02-07,1.64,34.47,17.93,23.34
2025-02-08,0.64,30.93,20.53,18.7
2025-02-09,0.09,33.06,19.3,25.69
2025-02-10,0.02,33.37,18.96,27.65
2025-02-11,0.6,32.75,19.39,25.41
2025-02-12,0.49,33.18,18.56,24.73
2025-02-13,3.83,32.13,18.71,20.28
2025-02-14,1.29,30.77,20.15,19.69
2025-02-15,2.42,34.08,20.35,20.88
2025-02-16,1.18,34.33,21.39,25.43
2025-02-17,0.3,35.5,22.18,25.16
2025-02-18,3.79,34.23,21.27,15.55
2025-02-19,1.75,31.51,19.33,21.78
2025-02-20,1.85,33.51,19.84,23.35
2025-02-21,1.0,35.36,20.73,21.95
2025-02-22,0.11,32.41,20.05,19.14
2025-02-23,0.05,33.85,18.52,25.0
2025-02-24,1.35,32.8,19.33,22.67
2025-02-25,0.69,33.77,19.99,22.91
2025-02-26,1.63,35.19,20.23,25.46
2025-02-27,16.42,34.69,21.21,24.67
2025-02-28,3.64,33.86,19.22,25.09
2025-03-01,0.03,35.1,19.86,25.22
2025-03-02,0.01,35.97,19.66,26.16
2025-03-03,0.0,35.17,20.17,26.64
2025-03-04,0.0,33.92,18.03,23.77
2025-03-05,0.07,33.69,18.84,17.06
2025-03-06,0.03,33.67,19.56,22.32
2025-03-07,0.07,33.76,18.57,22.42
2025-03-08,0.01,34.62,18.53,22.57
2025-03-09,0.17,36.1,19.48,23.53
2025-03-10,0.99,32.14,19.78,17.67
2025-03-11,3.0,30.45,19.08,17.13
2025-03-12,3.28,32.6,19.03,13.27
2025-03-13,1.4,30.71,19.95,14.56
2025-03-14,0.4,32.24,19.55,16.71
2025-03-15,1.34,33.58,19.54,11.7
2025-03-16,2.52,31.12,18.41,9.86
2025-03-17,1.24,32.6,17.09,15.78
2025-03-18,3.16,33.27,18.07,16.41
2025-03-19,5.33,30.29,17.42,19.9
2025-03-20,0.16,30.34,15.6,23.88
2025-03-21,0.01,30.99,14.2,25.72
2025-03-22,1.71,31.87,14.85,22.16
2025-03-23,3.02,28.78,18.35,14.49
2025-03-24,1.7,33.08,17.55,22.2
2025-03-25,2.86,33.49,18.72,19.07
2025-03-26,5.22,29.94,19.08,15.71
2025-03-27,0.25,31.75,18.13,21.05
2025-03-28,0.03,32.77,18.15,17.68
2025-03-29,0.28,31.96,19.74,16.57
2025-03-30,0.11,29.43,19.56,17.9
2025-03-31,0.26,32.88,17.52,18.44
