data,PRECTOTCORR,T2M_MAX,T2M_MIN,ALLSKY_SFC_SW_DWN
2013-10-01,0.86,32.32,22.59,14.02
2013-10-02,4.71,29.14,22.46,11.48
2013-10-03,8.58,30.9,21.09,21.59
2013-10-04,8.97,27.27,20.38,4.67
2013-10-05,0.02,29.3,18.95,24.91
2013-10-06,0.0,29.4,16.23,27.11
2013-10-07,0.98,30.12,16.01,23.07
2013-10-08,5.23,25.76,18.42,15.87
2013-10-09,0.0,30.93,16.92,23.89
2013-10-10,0.0,31.5,18.43,26.35
2013-10-11,0.0,31.2,18.04,20.04
2013-10-12,0.0,30.2,20.1,11.46
2013-10-13,0.0,34.54,20.29,24.3
2013-10-14,3.14,34.35,23.12,23.08
2013-10-15,4.79,29.46,22.75,9.43
2013-10-16,2.65,30.12,21.51,13.18
2013-10-17,15.18,29.38,20.81,19.76
2013-10-18,3.16,31.11,20.57,22.01
2013-10-19,0.0,32.84,20.92,29.06
2013-10-20,0.1,35.49,19.23,28.84
2013-10-21,0.12,35.95,24.26,26.55
2013-10-22,0.42,31.94,23.61,24.58
2013-10-23,0.31,32.18,23.42,19.54
2013-10-24,0.11,37.27,22.57,25.89
2013-10-25,2.15,32.83,23.74,23.95
2013-10-26,0.0,37.24,21.74,27.08
2013-10-27,0.2,36.2,25.03,22.81
2013-10-28,0.08,35.98,21.35,27.97
2013-10-29,0.1,36.92,18.74,28.82
2013-10-30,1.08,36.14,22.03,24.58
2013-10-31,1.44,33.89,24.36,26.94
2013-11-01,1.58,32.71,23.12,23.6
2013-11-02,0.68,34.99,23.62,24.07
2013-11-03,3.35,30.08,23.74,19.59
2013-11-04,4.71,27.93,21.99,13.6
2013-11-05,3.32,30.48,20.4,16.85
2013-11-06,1.58,30.39,20.41,17.6
2013-11-07,2.12,31.52,20.56,21.66
2013-11-08,0.86,33.6,21.09,28.38
2013-11-09,0.03,35.94,21.46,27.48
2013-11-10,0.09,37.5,23.16,28.18
2013-11-11,7.4,36.39,25.45,15.85
2013-11-12,0.53,28.91,24.65,22.5
2013-11-13,0.56,31.64,24.02,26.15
2013-11-14,0.03,35.18,21.96,28.66
2013-11-15,0.08,35.62,22.4,28.09
2013-11-16,9.2,34.36,24.68,17.62
2013-11-17,1.78,31.68,23.31,20.81
2013-11-18,3.76,33.79,21.6,26.57
2013-11-19,0.2,34.07,23.56,24.22
2013-11-20,1.68,36.47,21.97,23.26
2013-11-21,4.57,35.5,24.37,23.94
2013-11-22,8.55,30.41,22.66,17.71
2013-11-23,7.04,30.64,22.56,17.45
2013-11-24,4.93,27.77,22.38,22.57
2013-11-25,9.08,27.37,21.13,17.57
2013-11-26,2.04,31.96,20.32,23.69
2013-11-27,0.05,33.78,20.66,27.8
2013-11-28,0.57,35.35,22.18,29.27
2013-11-29,1.55,34.92,22.65,27.24
2013-11-30,7.63,32.22,23.76,23.94
2013-12-01,1.85,30.0,22.98,19.32
2013-12-02,3.59,30.95,23.9,15.88
2013-12-03,1.61,33.11,23.71,27.32
2013-12-04,0.08,34.54,24.45,27.71
2013-12-05,1.2,36.0,24.58,27.65
2013-12-06,5.83,32.01,24.55,23.58
2013-12-07,1.37,31.51,23.87,18.29
2013-12-08,0.43,33.44,22.66,24.5
2013-12-09,4.27,32.86,23.8,25.42
2013-12-10,19.45,28.2,23.55,10.69
2013-12-11,16.4,27.97,22.87,16.83
2013-12-12,1.97,30.73,22.25,27.1
2013-12-13,0.05,32.57,20.64,24.73
2013-12-14,20.73,29.19,23.63,21.42
2013-12-15,3.32,30.97,22.71,21.41
2013-12-16,0.66,33.01,23.12,24.4
2013-12-17,0.0,33.27,20.91,27.86
2013-12-18,0.0,34.59,20.67,28.53
2013-12-19,0.0,35.02,22.88,29.67
2013-12-20,0.46,35.83,22.41,27.27
2013-12-21,0.14,34.54,22.16,28.94
2013-12-22,9.46,32.6,22.47,27.34
2013-12-23,12.95,27.41,22.24,14.31
2013-12-24,11.83,28.77,21.98,21.72
2013-12-25,2.86,31.83,21.96,23.46
2013-12-26,0.01,33.86,22.84,26.73
2013-12-27,4.97,33.31,24.5,23.47
2013-12-28,4.02,30.87,24.18,24.44
2013-12-29,1.74,31.29,23.03,22.56
2013-12-30,10.48,29.98,23.01,20.75
2013-12-31,8.08,30.38,22.99,12.99
2014-01-01,3.44,31.62,22.48,22.74
2014-01-02,1.57,32.06,23.38,25.66
2014-01-03,0.08,35.04,23.83,29.02
2014-01-04,0.0,36.49,24.4,26.76
2014-01-05,0.62,35.82,25.07,27.16
2014-01-06,0.02,35.03,23.24,25.7
2014-01-07,13.12,32.83,23.24,23.16
2014-01-08,3.06,29.54,23.48,26.79
2014-01-09,0.12,29.75,22.81,22.21
2014-01-10,3.56,32.83,21.79,25.43
2014-01-11,0.74,33.26,21.87,20.38
2014-01-12,11.15,31.07,23.1,22.12
2014-01-13,5.87,29.57,23.85,20.17
2014-01-14,18.75,29.32,22.3,20.76
2014-01-15,0.44,29.1,22.02,25.06
2014-01-16,1.2,31.88,20.96,18.41
2014-01-17,7.15,27.73,22.65,20.66
2014-01-18,2.98,28.36,22.96,24.06
2014-01-19,0.13,31.14,21.1,28.74
2014-01-20,1.05,33.54,22.36,29.15
2014-01-21,1.56,33.47,21.78,26.32
2014-01-22,1.73,33.25,22.71,24.98
2014-01-23,0.06,32.37,22.22,23.98
2014-01-24,35.05,31.05,23.0,26.45
2014-01-25,0.83,29.27,21.3,23.23
2014-01-26,2.91,31.09,23.76,22.9
2014-01-27,5.37,31.48,21.56,26.64
2014-01-28,3.32,31.72,21.07,29.08
2014-01-29,0.0,33.09,20.38,29.6
2014-01-30,0.0,34.57,22.04,27.83
2014-01-31,0.0,34.25,22.23,29.24
2014-02-01,0.0,35.74,21.71,29.9
2014-02-02,0.0,35.51,20.87,29.42
2014-02-03,0.0,34.08,22.81,25.47
2014-02-04,0.12,36.4,23.01,27.21
2014-02-05,0.01,36.68,24.06,27.78
2014-02-06,0.0,37.62,24.72,27.78
2014-02-07,0.0,37.25,22.41,30.03
2014-02-08,1.7,36.45,22.94,27.46
2014-02-09,0.34,36.24,22.79,23.2
2014-02-10,0.98,36.67,24.09,27.51
2014-02-11,0.48,35.13,24.37,25.44
2014-02-12,4.32,35.79,21.84,20.61
2014-02-13,7.8,29.84,24.95,23.5
2014-02-14,13.79,33.84,23.2,20.74
2014-02-15,33.71,28.07,23.02,13.74
2014-02-16,16.18,29.46,22.3,16.08
2014-02-17,5.9,30.1,21.62,20.36
2014-02-18,6.93,30.72,22.11,19.57
2014-02-19,2.47,30.46,21.91,21.06
2014-02-20,0.61,30.32,21.64,23.77
2014-02-21,17.06,26.88,22.6,17.28
2014-02-22,11.09,26.09,22.12,15.55
2014-02-23,2.66,27.31,21.56,19.08
2014-02-24,8.77,29.45,21.05,15.73
2014-02-25,0.36,29.88,20.88,14.61
2014-02-26,10.4,30.49,21.8,24.68
2014-02-27,2.21,31.29,23.48,23.83
2014-02-28,14.0,28.92,22.8,18.51
2014-03-01,5.32,28.66,22.39,22.39
2014-03-02,0.13,30.8,20.88,24.93
2014-03-03,20.67,30.37,21.86,23.58
2014-03-04,7.93,30.22,22.26,19.66
2014-03-05,7.71,27.72,22.95,12.74
2014-03-06,19.97,28.94,21.81,24.25
2014-03-07,36.77,29.03,22.33,19.48
2014-03-08,2.6,29.83,20.13,20.05
2014-03-09,0.0,29.93,20.47,25.99
2014-03-10,9.41,29.41,22.05,17.56
2014-03-11,9.67,28.59,22.25,18.04
2014-03-12,4.53,27.4,22.67,14.75
2014-03-13,1.07,27.31,21.89,14.23
2014-03-14,0.02,30.41,21.67,22.98
2014-03-15,0.44,31.35,20.83,24.99
2014-03-16,0.03,31.55,21.84,24.65
2014-03-17,0.35,31.22,20.92,24.72
2014-03-18,3.81,30.61,21.85,24.95
2014-03-19,0.01,30.72,21.13,24.45
2014-03-20,3.92,30.3,23.28,20.35
2014-03-21,8.93,28.65,23.33,18.56
2014-03-22,3.54,26.82,22.27,17.63
2014-03-23,0.01,29.95,20.87,22.0
2014-03-24,0.0,30.29,20.12,21.39
2014-03-25,0.19,30.71,20.68,21.84
2014-03-26,2.53,28.57,20.14,21.54
2014-03-27,1.39,27.98,22.11,17.88
2014-03-28,1.12,28.81,20.97,21.32
2014-03-29,3.8,28.66,21.43,16.26
2014-03-30,5.5,28.06,22.01,13.99
2014-03-31,0.35,28.74,21.41,16.3
2014-04-01,0.07,30.24,22.68,20.5
2014-04-02,0.42,31.34,21.93,22.2
2014-04-03,0.0,31.27,20.95,22.89
2014-04-04,0.0,31.56,20.74,22.6
2014-04-05,0.03,31.87,21.94,21.66
2014-04-06,0.04,32.39,21.68,22.07
2014-04-07,0.21,32.6,22.28,21.34
2014-04-08,0.62,33.15,22.89,17.41
2014-04-09,4.41,32.37,24.52,15.88
2014-04-10,0.19,29.47,23.47,15.86
2014-04-11,0.0,30.95,22.85,20.1
2014-04-12,1.12,30.26,23.76,18.77
2014-04-13,0.3,29.04,23.02,16.74
2014-04-14,10.66,28.7,22.56,13.44
2014-04-15,2.02,28.72,19.15,11.46
2014-04-16,1.68,29.76,21.32,13.48
2014-04-17,0.0,31.42,20.09,20.74
2014-04-18,0.0,31.76,20.28,20.15
2014-04-19,10.85,31.73,20.84,18.8
2014-04-20,0.07,30.16,21.76,19.73
2014-04-21,0.03,30.08,21.62,18.6
2014-04-22,8.58,28.25,22.01,14.64
2014-04-23,0.99,27.07,20.8,9.6
2014-04-24,0.42,28.59,21.41,15.03
2014-04-25,0.0,28.62,19.07,19.36
2014-04-26,0.0,28.9,17.21,20.97
2014-04-27,0.0,28.45,15.14,21.19
2014-04-28,0.0,29.54,15.08,20.82
2014-04-29,0.0,29.71,15.81,20.47
2014-04-30,0.0,28.83,15.6,20.17
2014-05-01,0.0,29.86,15.35,13.52
2014-05-02,0.0,29.47,17.77,13.33
2014-05-03,0.0,29.33,17.84,14.34
2014-05-04,0.0,31.28,16.67,19.33
2014-05-05,0.0,31.66,16.9,17.52
2014-05-06,0.0,31.94,18.13,16.42
2014-05-07,0.0,30.57,19.44,14.2
2014-05-08,0.0,31.33,18.68,17.76
2014-05-09,0.0,30.65,18.32,17.61
2014-05-10,0.0,29.39,16.61,19.17
2014-05-11,0.0,29.76,14.96,19.23
2014-05-12,0.0,30.57,16.29,18.4
2014-05-13,0.0,29.08,16.8,16.04
2014-05-14,0.0,28.8,17.94,16.09
2014-05-15,0.0,30.61,16.13,16.98
2014-05-16,0.0,30.83,16.69,14.88
2014-05-17,0.04,31.19,17.98,14.79
2014-05-18,0.87,30.48,19.75,12.55
2014-05-19,0.0,31.21,17.76,17.93
2014-05-20,0.0,31.35,17.27,15.65
2014-05-21,0.04,31.88,17.87,17.22
2014-05-22,7.65,32.07,21.36,12.83
2014-05-23,5.28,26.7,21.8,5.45
2014-05-24,0.15,27.55,17.76,9.37
2014-05-25,0.72,27.81,19.46,9.43
2014-05-26,0.06,25.28,14.28,13.19
2014-05-27,0.0,22.86,11.05,6.79
2014-05-28,0.0,24.47,10.99,12.72
2014-05-29,0.02,26.1,12.05,17.72
2014-05-30,0.0,27.85,12.2,17.73
2014-05-31,0.0,29.86,14.04,17.12
2014-06-01,2.98,26.83,17.58,3.73
2014-06-02,0.59,26.33,14.39,15.06
2014-06-03,0.0,25.67,10.85,17.78
2014-06-04,0.0,29.59,11.79,16.12
2014-06-05,0.0,31.8,17.85,14.6
2014-06-06,0.0,31.11,18.75,11.17
2014-06-07,0.0,32.18,19.26,15.56
2014-06-08,0.0,31.91,18.37,16.63
2014-06-09,0.0,31.08,18.8,13.9
2014-06-10,0.0,29.2,19.21,15.32
2014-06-11,0.0,30.41,19.06,16.52
2014-06-12,0.0,30.2,16.99,16.24
2014-06-13,0.0,30.02,17.47,14.99
2014-06-14,0.0,30.29,17.91,15.2
2014-06-15,0.0,30.73,17.69,15.66
2014-06-16,0.0,30.77,17.07,16.26
2014-06-17,0.0,30.9,18.01,15.94
2014-06-18,0.0,30.13,18.94,14.85
2014-06-19,0.0,29.46,16.64,16.0
2014-06-20,0.0,28.24,15.21,15.72
2014-06-21,0.0,28.42,14.04,15.89
2014-06-22,0.0,30.3,15.1,15.71
2014-06-23,0.0,28.88,17.5,12.17
2014-06-24,0.0,30.62,16.74,16.25
2014-06-25,0.0,30.73,16.64,16.42
2014-06-26,0.0,31.28,16.62,14.07
2014-06-27,0.0,31.89,17.03,16.16
2014-06-28,0.0,30.65,17.06,13.96
2014-06-29,0.0,25.09,17.24,6.9
2014-06-30,0.0,25.59,14.31,16.67
2014-07-01,0.0,29.64,14.35,16.48
2014-07-02,0.0,32.25,17.49,15.84
2014-07-03,0.0,32.88,18.15,16.12
2014-07-04,0.0,32.48,17.55,15.92
2014-07-05,0.0,31.0,17.27,16.13
2014-07-06,0.0,31.07,15.58,16.7
2014-07-07,0.0,31.14,19.46,8.58
2014-07-08,0.04,30.52,18.09,9.33
2014-07-09,0.35,30.86,17.92,13.76
2014-07-10,0.24,28.39,18.99,9.0
2014-07-11,0.0,28.32,16.22,16.95
2014-07-12,0.02,29.2,14.54,17.27
2014-07-13,0.0,30.09,15.07,15.97
2014-07-14,0.0,30.04,16.08,16.95
2014-07-15,0.0,30.47,15.87,17.27
2014-07-16,0.0,31.41,16.93,16.67
2014-07-17,0.0,31.91,18.84,17.15
2014-07-18,0.01,29.7,19.26,10.62
2014-07-19,0.0,27.52,16.38,17.75
2014-07-20,0.0,28.4,12.46,18.17
2014-07-21,0.0,30.81,12.36,17.85
2014-07-22,0.0,31.54,17.05,17.14
2014-07-23,1.0,32.18,19.53,15.73
2014-07-24,17.77,29.18,15.22,2.66
2014-07-25,1.9,19.91,13.72,5.33
2014-07-26,26.87,17.92,14.85,6.28
2014-07-27,5.28,19.95,15.26,6.74
2014-07-28,0.57,24.17,16.24,6.81
2014-07-29,0.04,26.87,14.66,17.27
2014-07-30,0.0,27.68,15.09,17.48
2014-07-31,0.0,28.32,15.09,18.93
2014-08-01,0.0,29.42,15.69,19.1
2014-08-02,0.0,30.15,15.82,19.31
2014-08-03,0.0,31.1,16.05,19.45
2014-08-04,0.0,31.55,18.64,18.44
2014-08-05,0.0,30.5,20.17,18.88
2014-08-06,0.0,30.62,15.25,19.11
2014-08-07,0.0,30.56,16.1,19.28
2014-08-08,0.0,30.1,14.8,19.91
2014-08-09,0.0,30.11,14.86,19.6
2014-08-10,0.0,29.95,14.23,19.11
2014-08-11,0.0,31.83,14.8,19.87
2014-08-12,0.0,32.69,16.84,19.78
2014-08-13,0.04,32.34,18.06,14.39
2014-08-14,0.0,28.84,14.79,18.2
2014-08-15,0.0,32.06,16.85,19.33
2014-08-16,0.0,31.32,18.77,20.01
2014-08-17,0.0,30.82,19.0,18.19
2014-08-18,0.0,31.47,20.18,19.22
2014-08-19,0.0,31.77,19.09,20.81
2014-08-20,0.0,32.32,15.69,21.5
2014-08-21,0.0,33.06,17.12,21.37
2014-08-22,0.0,33.87,18.2,21.65
2014-08-23,0.0,34.46,18.03,21.93
2014-08-24,0.0,33.89,17.32,21.35
2014-08-25,0.0,34.1,16.69,21.63
2014-08-26,0.0,31.62,20.42,17.92
2014-08-27,0.0,30.96,17.35,16.68
2014-08-28,0.0,34.05,18.26,17.73
2014-08-29,0.0,34.56,20.0,20.19
2014-08-30,0.0,35.94,20.17,21.22
2014-08-31,0.01,36.42,20.3,21.29
2014-09-01,0.0,36.47,23.26,18.6
2014-09-02,4.79,35.85,24.83,20.03
2014-09-03,1.93,34.5,22.44,19.7
2014-09-04,0.0,32.91,20.94,22.34
2014-09-05,0.0,33.85,18.85,22.78
2014-09-06,0.0,33.76,19.5,22.99
2014-09-07,0.0,34.23,19.62,16.08
2014-09-08,0.0,33.84,18.92,22.33
2014-09-09,0.0,34.55,18.69,23.54
2014-09-10,0.0,35.68,19.13,24.19
2014-09-11,0.0,36.52,20.39,22.76
2014-09-12,0.0,36.44,19.77,23.77
2014-09-13,0.0,35.76,19.33,23.21
2014-09-14,0.0,37.37,20.72,23.78
2014-09-15,0.0,37.13,21.73,18.4
2014-09-16,0.0,34.27,21.67,22.63
2014-09-17,0.0,37.43,21.89,23.96
2014-09-18,0.0,38.08,23.04,21.27
2014-09-19,10.24,37.62,24.16,14.59
2014-09-20,14.83,35.86,23.11,4.15
2014-09-21,3.37,30.52,20.28,19.33
2014-09-22,0.0,32.08,17.39,24.13
2014-09-23,0.03,35.42,17.44,24.45
2014-09-24,27.04,33.26,23.13,20.53
2014-09-25,2.61,31.2,22.01,11.68
2014-09-26,3.68,31.45,23.52,12.96
2014-09-27,0.81,30.95,22.95,6.25
2014-09-28,0.0,32.46,22.66,17.11
2014-09-29,3.09,36.76,22.37,22.44
2014-09-30,3.33,31.61,23.46,9.81
2014-10-01,10.5,36.5,23.56,19.92
2014-10-02,0.07,33.21,21.25,21.07
2014-10-03,0.07,31.64,18.41,26.61
2014-10-04,0.0,31.99,16.75,27.42
2014-10-05,0.0,32.55,16.68,24.55
2014-10-06,0.0,32.65,16.56,25.81
2014-10-07,0.0,32.9,16.92,22.23
2014-10-08,0.0,34.7,17.81,28.21
2014-10-09,0.03,36.29,18.93,27.4
2014-10-10,0.0,37.45,21.62,26.98
2014-10-11,0.0,38.03,21.85,26.74
2014-10-12,0.0,39.12,21.95,26.6
2014-10-13,0.0,39.84,22.66,27.61
2014-10-14,0.0,40.52,23.38,27.42
2014-10-15,0.0,40.9,26.15,25.18
2014-10-16,0.0,41.42,26.46,25.9
2014-10-17,0.0,41.47,25.22,24.4
2014-10-18,1.02,40.76,24.99,22.65
2014-10-19,12.02,38.53,24.85,13.95
2014-10-20,0.36,31.82,24.2,8.62
2014-10-21,0.0,35.55,23.66,25.25
2014-10-22,0.08,35.8,21.46,26.66
2014-10-23,1.36,34.86,25.8,25.95
2014-10-24,4.97,32.86,23.76,20.08
2014-10-25,10.05,24.85,21.78,11.49
2014-10-26,1.74,28.44,21.5,16.27
2014-10-27,0.02,33.24,20.88,23.57
2014-10-28,0.0,35.16,21.48,28.72
2014-10-29,0.0,35.62,18.31,29.71
2014-10-30,14.53,33.81,20.84,24.06
2014-10-31,4.19,32.44,23.38,22.85
2014-11-01,2.58,31.52,22.49,21.52
2014-11-02,22.44,27.91,23.31,19.23
2014-11-03,20.3,27.89,22.42,21.86
2014-11-04,11.14,26.72,22.23,17.88
2014-11-05,1.33,30.99,21.93,24.77
2014-11-06,1.22,32.91,22.35,25.37
2014-11-07,7.87,33.8,23.57,25.23
2014-11-08,0.21,30.36,23.25,8.46
2014-11-09,0.12,32.44,23.05,25.51
2014-11-10,0.02,33.97,21.6,27.79
2014-11-11,6.86,34.28,19.71,28.56
2014-11-12,7.27,28.1,23.81,14.37
2014-11-13,1.89,31.29,22.82,22.78
2014-11-14,0.31,32.35,22.93,25.72
2014-11-15,0.3,32.11,19.64,28.29
2014-11-16,0.03,32.85,18.46,29.46
2014-11-17,0.01,34.04,18.2,29.37
2014-11-18,0.02,34.12,21.31,28.78
2014-11-19,10.38,33.34,23.07,25.11
2014-11-20,12.74,30.69,23.05,18.44
2014-11-21,0.85,34.83,22.35,21.54
2014-11-22,2.51,28.48,23.18,10.1
2014-11-23,9.9,30.04,22.54,15.06
2014-11-24,8.08,29.54,21.96,16.13
2014-11-25,39.17,25.97,22.73,13.89
2014-11-26,11.82,28.56,21.86,15.5
2014-11-27,6.13,29.15,22.61,21.87
2014-11-28,2.05,29.49,23.2,18.51
2014-11-29,4.91,28.17,22.56,18.76
2014-11-30,21.08,29.02,22.52,14.36
2014-12-01,5.99,25.62,22.44,21.99
2014-12-02,6.33,27.11,21.13,20.28
2014-12-03,1.82,30.9,20.23,23.07
2014-12-04,3.73,30.92,21.39,25.08
2014-12-05,5.08,30.11,22.75,23.18
2014-12-06,1.2,29.87,21.12,21.49
2014-12-07,0.76,29.48,20.72,24.8
2014-12-08,3.53,26.39,21.16,19.49
2014-12-09,9.22,25.45,20.7,19.03
2014-12-10,7.82,28.27,21.17,17.08
2014-12-11,7.97,26.93,21.45,20.28
2014-12-12,11.39,28.32,21.32,18.73
2014-12-13,4.9,26.92,21.32,15.89
2014-12-14,5.44,30.88,21.56,24.03
2014-12-15,0.08,31.12,20.68,29.27
2014-12-16,0.67,32.23,19.63,28.28
2014-12-17,0.69,31.67,22.38,27.2
2014-12-18,3.75,32.73,22.66,23.51
2014-12-19,2.5,29.88,23.93,27.02
2014-12-20,3.07,29.7,22.73,21.06
2014-12-21,5.63,26.28,23.17,16.65
2014-12-22,21.89,27.67,22.89,18.81
2014-12-23,29.46,28.83,22.4,12.36
2014-12-24,6.39,27.59,22.5,18.24
2014-12-25,0.7,30.91,21.75,20.61
2014-12-26,0.04,31.59,23.3,29.73
2014-12-27,0.0,32.46,23.65,28.42
2014-12-28,0.01,33.02,23.07,29.46
2014-12-29,0.3,33.8,23.2,26.61
2014-12-30,18.82,31.5,23.58,28.12
2014-12-31,5.49,30.26,23.52,20.12
2015-01-01,0.07,30.9,23.38,28.59
2015-01-02,4.98,29.17,23.98,27.67
2015-01-03,17.26,29.08,23.41,25.89
2015-01-04,10.94,27.78,22.64,22.17
2015-01-05,11.56,27.67,22.4,19.64
2015-01-06,4.85,30.22,22.56,21.88
2015-01-07,0.53,31.84,22.89,29.57
2015-01-08,0.01,30.22,23.64,15.15
2015-01-09,0.28,32.72,23.04,28.46
2015-01-10,0.15,32.73,23.42,27.36
2015-01-11,1.07,33.75,23.63,26.1
2015-01-12,0.93,35.65,23.4,25.9
2015-01-13,0.85,34.53,23.73,25.46
2015-01-14,1.99,31.86,24.62,22.74
2015-01-15,12.84,30.27,22.92,27.47
2015-01-16,1.16,33.67,23.41,29.07
2015-01-17,0.0,35.07,23.07,29.73
2015-01-18,0.0,34.39,23.07,29.65
2015-01-19,0.08,36.92,24.25,29.32
2015-01-20,0.0,37.12,23.15,28.55
2015-01-21,0.13,32.1,24.81,25.02
2015-01-22,10.94,31.12,23.58,25.13
2015-01-23,8.73,30.54,22.61,25.85
2015-01-24,1.9,31.56,22.53,25.84
2015-01-25,0.53,27.14,22.5,15.82
2015-01-26,4.8,29.32,20.93,26.8
2015-01-27,13.7,28.96,21.76,18.42
2015-01-28,24.28,27.44,21.76,22.55
2015-01-29,5.84,29.14,22.78,19.52
2015-01-30,0.29,31.74,23.64,25.89
2015-01-31,0.19,30.77,22.73,28.42
2015-02-01,2.64,33.32,22.31,27.4
2015-02-02,9.2,31.78,24.48,28.6
2015-02-03,6.24,31.7,24.13,28.8
2015-02-04,28.22,28.54,22.69,17.11
2015-02-05,8.46,29.75,21.81,19.63
2015-02-06,12.82,29.5,23.11,24.14
2015-02-07,3.89,30.12,22.37,23.65
2015-02-08,9.33,29.68,22.17,25.24
2015-02-09,4.48,28.26,23.03,17.19
2015-02-10,4.71,28.06,22.66,23.46
2015-02-11,2.29,28.78,22.08,25.11
2015-02-12,1.41,30.25,22.28,25.77
2015-02-13,1.43,31.77,23.37,19.7
2015-02-14,9.78,30.72,23.32,22.78
2015-02-15,16.39,28.59,21.91,18.32
2015-02-16,7.86,27.39,22.23,18.66
2015-02-17,12.92,28.6,21.5,15.19
2015-02-18,25.3,27.01,22.2,14.34
2015-02-19,25.14,26.67,22.19,14.73
2015-02-20,11.43,28.05,21.59,17.28
2015-02-21,0.18,31.0,21.54,25.72
2015-02-22,0.0,31.44,21.22,27.49
2015-02-23,0.29,31.57,21.37,26.69
2015-02-24,3.71,30.28,21.25,24.84
2015-02-25,1.44,30.05,21.59,24.91
2015-02-26,2.83,28.69,22.83,13.69
2015-02-27,7.02,29.43,22.06,24.89
2015-02-28,1.7,30.26,23.4,23.38
2015-03-01,1.88,31.12,21.63,24.95
2015-03-02,3.02,28.57,22.72,23.77
2015-03-03,1.57,30.14,21.14,20.02
2015-03-04,5.02,27.61,22.7,22.54
2015-03-05,10.44,29.33,22.19,21.43
2015-03-06,6.5,29.23,24.25,16.61
2015-03-07,10.2,27.92,23.68,18.28
2015-03-08,10.34,27.1,22.03,14.39
2015-03-09,28.86,27.47,22.34,11.37
2015-03-10,6.23,29.56,22.39,17.86
2015-03-11,2.17,29.5,20.82,23.16
2015-03-12,17.39,27.8,21.5,21.11
2015-03-13,2.28,25.86,21.29,18.5
2015-03-14,9.85,27.67,20.39,19.93
2015-03-15,1.05,29.12,20.39,19.54
2015-03-16,3.25,29.26,20.45,23.47
2015-03-17,1.66,28.7,21.28,19.48
2015-03-18,8.76,27.02,21.15,21.56
2015-03-19,11.14,23.74,21.0,15.82
2015-03-20,12.96,26.7,20.18,15.56
2015-03-21,14.15,26.9,20.35,16.26
2015-03-22,4.19,28.36,20.56,18.51
2015-03-23,1.06,28.68,20.05,21.43
2015-03-24,0.02,29.59,19.75,25.31
2015-03-25,0.04,29.9,19.49,23.68
2015-03-26,4.62,28.42,21.69,20.75
2015-03-27,3.57,30.71,21.97,12.09
2015-03-28,0.13,30.18,23.25,21.37
2015-03-29,3.58,28.89,22.35,14.5
2015-03-30,9.48,28.94,23.32,16.84
2015-03-31,9.07,28.54,22.24,20.52
2015-04-01,6.33,28.85,22.93,20.9
2015-04-02,0.01,29.46,21.29,15.82
2015-04-03,1.01,29.76,20.91,22.18
2015-04-04,4.54,30.28,21.63,20.08
2015-04-05,4.0,30.12,22.25,13.16
2015-04-06,2.12,28.49,20.95,13.18
2015-04-07,0.0,27.52,18.46,21.64
2015-04-08,0.0,28.33,17.32,21.47
2015-04-09,0.01,28.67,20.5,20.32
2015-04-10,0.0,29.13,20.88,17.57
2015-04-11,0.0,29.4,20.25,21.37
2015-04-12,0.0,29.99,20.44,21.37
2015-04-13,0.15,29.42,20.59,21.73
2015-04-14,2.31,27.55,21.13,16.01
2015-04-15,4.43,28.37,21.11,15.88
2015-04-16,0.73,29.73,22.89,18.07
2015-04-17,0.0,29.67,21.7,19.91
2015-04-18,1.63,29.35,21.4,16.58
2015-04-19,1.18,29.93,21.73,16.98
2015-04-20,0.54,28.51,22.07,19.0
2015-04-21,5.69,29.34,23.38,17.38
2015-04-22,2.89,29.56,22.9,15.73
2015-04-23,0.03,29.41,22.24,16.45
2015-04-24,1.61,28.64,22.28,15.45
2015-04-25,0.4,29.53,21.46,18.89
2015-04-26,0.0,27.13,17.38,20.57
2015-04-27,0.06,28.86,16.87,20.74
2015-04-28,0.5,28.99,19.58,19.56
2015-04-29,0.03,27.49,18.99,18.96
2015-04-30,0.01,28.06,17.99,19.39
2015-05-01,0.0,28.35,16.61,20.13
2015-05-02,0.01,28.94,17.06,19.53
2015-05-03,4.44,29.29,17.83,16.88
2015-05-04,20.86,26.54,20.78,8.56
2015-05-05,3.46,27.79,20.97,11.42
2015-05-06,1.05,27.68,20.2,13.74
2015-05-07,0.0,27.16,17.93,18.17
2015-05-08,0.0,26.37,15.41,18.81
2015-05-09,0.2,28.32,16.69,17.08
2015-05-10,27.31,26.9,19.99,10.14
2015-05-11,2.68,25.54,17.41,9.51
2015-05-12,0.05,23.3,13.46,17.78
2015-05-13,0.01,23.83,14.09,12.91
2015-05-14,0.04,26.92,15.29,18.32
2015-05-15,0.02,25.85,18.24,8.71
2015-05-16,0.01,26.47,18.43,14.21
2015-05-17,0.01,27.12,17.1,16.15
2015-05-18,0.0,26.79,18.42,9.48
2015-05-19,3.7,26.43,17.65,11.29
2015-05-20,3.86,26.6,18.83,12.28
2015-05-21,0.26,27.56,18.44,12.51
2015-05-22,0.0,27.3,18.14,17.38
2015-05-23,0.0,26.88,18.18,10.36
2015-05-24,0.02,28.17,17.44,16.7
2015-05-25,0.0,29.07,18.23,16.75
2015-05-26,0.01,29.33,18.52,17.07
2015-05-27,0.0,29.29,18.21,16.65
2015-05-28,8.31,22.42,18.12,3.04
2015-05-29,0.1,24.51,14.88,13.71
2015-05-30,0.7,27.06,14.6,12.21
2015-05-31,2.37,28.63,17.64,12.4
2015-06-01,12.2,27.0,19.99,9.04
2015-06-02,4.89,27.63,18.84,3.81
2015-06-03,0.5,27.67,17.84,12.96
2015-06-04,0.01,27.63,17.21,15.95
2015-06-05,0.04,27.85,16.13,16.89
2015-06-06,0.0,28.25,15.79,16.37
2015-06-07,0.0,28.43,16.24,15.98
2015-06-08,0.0,28.42,16.77,16.04
2015-06-09,0.0,28.24,16.44,15.79
2015-06-10,0.0,28.55,16.48,16.43
2015-06-11,0.0,28.93,16.82,16.59
2015-06-12,0.0,28.61,18.52,15.78
2015-06-13,0.0,29.06,16.28,16.24
2015-06-14,0.26,29.44,18.38,14.83
2015-06-15,0.07,27.22,17.86,7.65
2015-06-16,0.01,24.61,15.91,15.39
2015-06-17,0.0,30.25,17.78,15.9
2015-06-18,0.23,29.64,17.8,14.16
2015-06-19,0.18,25.8,17.45,7.17
2015-06-20,0.01,27.87,16.06,15.97
2015-06-21,0.0,27.6,17.64,16.17
2015-06-22,0.0,27.28,15.66,15.06
2015-06-23,0.0,27.47,15.59,11.73
2015-06-24,0.0,27.39,15.85,12.11
2015-06-25,0.0,27.54,17.46,14.36
2015-06-26,0.0,26.93,16.99,13.99
2015-06-27,0.0,26.42,14.96,16.68
2015-06-28,0.0,26.57,12.84,15.76
2015-06-29,0.0,27.58,14.98,14.56
2015-06-30,4.03,26.72,15.53,13.3
2015-07-01,2.76,26.67,16.27,9.8
2015-07-02,0.21,27.44,17.4,8.11
2015-07-03,0.0,29.31,16.15,13.48
2015-07-04,5.39,23.84,16.27,3.91
2015-07-05,0.09,24.33,14.96,6.87
2015-07-06,0.51,25.06,16.64,8.25
2015-07-07,14.21,23.79,18.79,4.6
2015-07-08,7.76,19.84,15.38,5.37
2015-07-09,0.68,24.73,15.26,13.56
2015-07-10,0.05,28.99,16.32,16.52
2015-07-11,0.0,29.1,17.43,12.11
2015-07-12,0.0,30.32,16.41,16.85
2015-07-13,0.0,30.64,17.67,16.78
2015-07-14,0.0,31.4,17.43,14.75
2015-07-15,0.0,31.09,18.74,12.41
2015-07-16,0.0,29.78,18.38,11.35
2015-07-17,0.0,29.04,17.67,15.02
2015-07-18,0.0,29.01,15.85,17.31
2015-07-19,0.0,29.23,16.09,17.53
2015-07-20,0.0,29.69,15.66,17.45
2015-07-21,0.0,29.08,17.06,11.24
2015-07-22,0.0,27.88,15.15,10.36
2015-07-23,0.0,29.37,16.87,16.03
2015-07-24,0.0,30.41,18.83,17.02
2015-07-25,0.0,29.5,18.44,12.87
2015-07-26,0.0,28.13,17.8,16.5
2015-07-27,0.0,29.87,16.74,17.76
2015-07-28,0.0,30.94,15.82,17.98
2015-07-29,0.0,31.22,16.67,18.07
2015-07-30,0.0,30.94,16.19,18.52
2015-07-31,0.0,31.34,16.01,18.95
2015-08-01,0.0,30.91,16.3,18.87
2015-08-02,0.0,31.6,16.42,18.92
2015-08-03,0.0,31.48,14.99,19.25
2015-08-04,0.0,31.26,16.53,19.14
2015-08-05,0.0,31.51,15.78,19.36
2015-08-06,0.0,31.73,15.49,19.41
2015-08-07,0.0,32.21,15.41,19.6
2015-08-08,0.0,32.48,15.98,19.48
2015-08-09,0.0,31.88,16.98,19.36
2015-08-10,0.0,31.69,17.07,19.81
2015-08-11,0.0,31.46,18.19,19.68
2015-08-12,0.0,30.39,16.04,20.49
2015-08-13,0.0,30.89,15.27,20.23
2015-08-14,0.0,30.4,15.0,19.96
2015-08-15,0.0,31.76,16.37,20.28
2015-08-16,0.0,33.08,17.76,20.42
2015-08-17,0.0,32.4,18.17,17.67
2015-08-18,0.0,32.21,19.1,15.37
2015-08-19,0.0,31.06,19.07,19.38
2015-08-20,0.0,30.53,15.72,21.71
2015-08-21,0.0,31.06,15.41,21.32
2015-08-22,0.0,32.6,16.01,21.68
2015-08-23,0.0,34.65,17.39,21.17
2015-08-24,0.0,35.62,20.07,18.75
2015-08-25,0.0,35.12,21.32,16.9
2015-08-26,0.21,36.5,21.81,20.06
2015-08-27,8.5,33.83,21.81,4.46
2015-08-28,0.11,31.61,20.05,18.98
2015-08-29,0.04,34.61,17.46,22.23
2015-08-30,0.0,35.5,18.3,22.22
2015-08-31,0.0,35.84,19.9,22.71
2015-09-01,0.0,35.95,19.46,22.2
2015-09-02,0.0,35.06,18.97,22.77
2015-09-03,0.0,35.86,19.33,22.3
2015-09-04,0.0,36.43,21.31,22.45
2015-09-05,0.0,34.17,22.33,17.51
2015-09-06,0.38,35.97,21.29,20.47
2015-09-07,1.1,35.41,23.05,13.0
2015-09-08,14.61,35.42,23.39,12.78
2015-09-09,35.31,26.12,18.84,9.63
2015-09-10,2.19,32.32,18.82,6.64
2015-09-11,32.95,27.63,18.45,3.77
2015-09-12,1.42,26.71,16.63,6.55
2015-09-13,0.16,27.58,17.66,13.3
2015-09-14,0.01,29.66,16.71,20.75
2015-09-15,0.01,34.82,18.54,23.18
2015-09-16,0.02,35.6,21.77,23.31
2015-09-17,0.0,36.22,21.91,22.81
2015-09-18,0.0,36.52,22.84,24.33
2015-09-19,0.0,36.8,20.03,25.7
2015-09-20,0.0,36.52,20.05,25.78
2015-09-21,0.0,36.34,19.69,25.75
2015-09-22,0.0,36.96,20.78,25.0
2015-09-23,0.0,37.77,20.57,25.25
2015-09-24,0.0,37.96,21.91,22.45
2015-09-25,0.93,38.66,24.72,21.92
2015-09-26,5.07,34.39,24.05,15.22
2015-09-27,3.23,35.31,22.97,20.22
2015-09-28,1.63,29.52,22.41,9.15
2015-09-29,0.06,28.37,22.33,11.01
2015-09-30,0.07,34.34,20.89,17.3
2015-10-01,0.02,35.81,21.94,20.68
2015-10-02,0.09,36.74,23.78,24.04
2015-10-03,0.54,33.66,24.46,9.78
2015-10-04,0.03,33.75,22.68,11.53
2015-10-05,0.0,36.16,22.09,24.8
2015-10-06,0.0,37.9,20.56,26.66
2015-10-07,0.0,39.75,22.22,26.08
2015-10-08,0.03,38.97,26.33,24.04
2015-10-09,18.22,38.04,25.04,21.63
2015-10-10,7.37,27.63,23.53,9.74
2015-10-11,0.05,33.86,22.16,19.24
2015-10-12,0.03,30.46,20.9,19.07
2015-10-13,0.0,34.5,19.2,25.55
2015-10-14,0.0,38.62,22.05,26.7
2015-10-15,0.0,39.01,21.69,26.72
2015-10-16,0.0,39.56,23.2,25.21
2015-10-17,0.0,40.7,23.3,26.02
2015-10-18,0.0,39.5,23.91,25.65
2015-10-19,0.0,40.94,24.09,26.26
2015-10-20,0.0,40.4,26.79,23.81
2015-10-21,0.22,39.78,27.76,22.13
2015-10-22,3.8,39.19,26.94,19.28
2015-10-23,5.29,36.0,24.4,12.03
2015-10-24,1.02,37.31,24.44,25.62
2015-10-25,2.22,36.5,23.81,24.59
2015-10-26,10.65,32.11,24.89,21.06
2015-10-27,10.82,32.75,23.53,22.83
2015-10-28,1.85,30.98,24.67,16.15
2015-10-29,0.04,33.54,23.05,26.79
2015-10-30,4.62,33.7,22.35,24.72
2015-10-31,25.2,26.93,23.07,8.35
2015-11-01,8.37,30.66,22.29,16.19
2015-11-02,13.5,31.21,22.35,22.62
2015-11-03,11.24,27.15,23.29,15.11
2015-11-04,4.53,30.18,23.16,19.51
2015-11-05,2.89,30.0,22.9,23.44
2015-11-06,0.26,31.52,22.27,23.63
2015-11-07,0.2,30.7,20.83,11.94
2015-11-08,0.26,34.21,21.02,23.33
2015-11-09,2.48,32.25,24.18,24.02
2015-11-10,0.07,36.01,22.63,27.48
2015-11-11,0.38,34.47,24.8,22.69
2015-11-12,0.02,34.67,23.21,27.33
2015-11-13,7.27,33.86,24.4,26.12
2015-11-14,29.79,29.14,24.36,26.91
2015-11-15,9.21,29.7,23.96,16.67
2015-11-16,6.8,30.87,23.04,25.38
2015-11-17,8.57,31.22,22.72,21.67
2015-11-18,3.75,32.16,24.69,24.95
2015-11-19,12.31,32.7,23.73,25.34
2015-11-20,4.52,30.66,24.13,11.86
2015-11-21,0.09,32.04,23.02,17.75
2015-11-22,1.74,31.21,23.99,23.0
2015-11-23,14.79,31.28,23.71,24.87
2015-11-24,18.55,29.87,23.95,7.28
2015-11-25,20.56,29.19,23.72,3.42
2015-11-26,4.17,29.51,22.87,19.04
2015-11-27,2.18,31.85,22.61,27.85
2015-11-28,27.83,28.1,23.9,18.24
2015-11-29,6.99,31.24,22.12,19.12
2015-11-30,6.48,28.53,23.13,21.28
2015-12-01,0.62,31.46,21.6,22.86
2015-12-02,0.63,30.06,23.89,17.28
2015-12-03,10.25,30.01,22.53,20.3
2015-12-04,7.82,31.41,22.76,28.22
2015-12-05,4.16,29.02,23.26,24.6
2015-12-06,2.91,29.57,21.89,14.32
2015-12-07,7.93,29.53,22.31,20.57
2015-12-08,5.06,29.87,22.47,21.05
2015-12-09,0.97,29.64,23.24,20.31
2015-12-10,2.21,30.3,23.12,12.68
2015-12-11,1.68,29.55,23.14,21.29
2015-12-12,2.53,30.31,23.07,19.06
2015-12-13,1.04,29.22,22.87,19.71
2015-12-14,0.9,31.39,22.4,27.47
2015-12-15,20.51,30.42,23.35,14.77
2015-12-16,6.94,28.79,22.57,20.86
2015-12-17,0.17,32.56,21.44,24.51
2015-12-18,0.36,32.94,23.71,26.07
2015-12-19,0.98,30.68,24.05,22.66
2015-12-20,4.5,30.13,23.45,18.82
2015-12-21,4.11,32.19,22.25,26.79
2015-12-22,0.25,31.32,22.92,27.91
2015-12-23,1.1,30.26,24.34,18.96
2015-12-24,1.36,33.85,23.45,25.04
2015-12-25,1.03,32.55,24.57,26.86
2015-12-26,1.42,31.68,23.17,16.36
2015-12-27,7.42,32.26,22.67,20.78
2015-12-28,7.38,27.2,23.3,18.67
2015-12-29,46.03,25.98,22.65,13.57
2015-12-30,10.93,28.66,22.0,12.91
2015-12-31,9.38,29.43,22.01,19.73
2016-01-01,5.52,28.79,23.15,17.21
2016-01-02,1.79,29.08,23.0,22.01
2016-01-03,2.09,29.26,23.3,18.45
2016-01-04,3.43,28.86,22.95,17.88
2016-01-05,17.53,28.56,23.68,21.29
2016-01-06,10.8,29.33,23.29,16.34
2016-01-07,1.79,31.33,22.92,19.61
2016-01-08,2.52,29.75,23.61,13.64
2016-01-09,8.74,28.9,23.47,16.66
2016-01-10,3.81,29.05,22.54,19.34
2016-01-11,35.99,28.95,23.34,13.91
2016-01-12,13.8,26.17,23.24,12.93
2016-01-13,39.16,27.65,23.75,7.8
2016-01-14,24.08,28.58,22.79,15.69
2016-01-15,38.61,26.62,22.84,7.86
2016-01-16,12.22,26.88,23.39,18.76
2016-01-17,0.99,27.91,20.48,23.99
2016-01-18,0.02,30.21,20.41,26.96
2016-01-19,0.0,30.05,20.29,28.26
2016-01-20,0.0,29.95,20.54,17.62
2016-01-21,3.68,30.79,20.89,26.73
2016-01-22,0.6,30.67,19.57,28.45
2016-01-23,4.87,28.54,20.99,25.79
2016-01-24,4.96,30.45,22.64,26.83
2016-01-25,1.28,30.59,22.61,29.07
2016-01-26,2.53,31.47,22.87,24.95
2016-01-27,3.82,28.31,24.42,13.95
2016-01-28,5.17,29.39,23.14,21.21
2016-01-29,9.43,27.68,22.93,12.9
2016-01-30,3.37,27.42,22.7,17.63
2016-01-31,1.63,31.18,22.82,28.9
2016-02-01,0.0,31.82,22.42,26.84
2016-02-02,0.15,32.75,21.95,28.67
2016-02-03,5.51,31.54,22.99,27.02
2016-02-04,4.27,30.23,24.87,23.69
2016-02-05,5.4,29.65,21.67,24.01
2016-02-06,0.92,28.94,23.85,22.35
2016-02-07,0.93,29.87,24.83,20.5
2016-02-08,3.02,29.77,23.21,19.63
2016-02-09,0.31,31.0,22.45,26.68
2016-02-10,0.04,32.15,22.68,26.78
2016-02-11,4.27,31.9,23.98,25.16
2016-02-12,11.97,31.02,24.76,22.75
2016-02-13,23.9,31.66,22.9,25.9
2016-02-14,0.94,32.65,23.46,25.85
2016-02-15,1.3,28.67,24.62,21.63
2016-02-16,0.68,30.08,23.46,17.25
2016-02-17,1.79,30.89,23.15,26.2
2016-02-18,2.22,31.34,23.63,14.54
2016-02-19,7.67,29.2,23.72,23.14
2016-02-20,7.48,28.73,23.59,19.45
2016-02-21,16.73,28.56,23.11,10.92
2016-02-22,13.15,27.36,22.93,15.94
2016-02-23,22.23,27.18,22.31,14.81
2016-02-24,2.82,28.95,20.99,12.73
2016-02-25,0.3,30.47,21.43,20.42
2016-02-26,0.41,30.98,21.87,20.02
2016-02-27,2.08,29.6,23.32,19.57
2016-02-28,4.68,28.86,23.45,18.59
2016-02-29,3.87,28.18,23.07,12.72
2016-03-01,13.87,26.82,21.43,19.65
2016-03-02,5.71,29.35,20.6,17.73
2016-03-03,4.52,29.16,22.09,18.62
2016-03-04,4.18,29.8,23.18,21.79
2016-03-05,5.59,30.21,23.76,20.28
2016-03-06,1.63,29.55,22.84,20.77
2016-03-07,1.0,28.95,23.76,22.84
2016-03-08,0.01,31.19,22.03,24.18
2016-03-09,1.81,28.83,23.29,19.61
2016-03-10,7.66,29.64,23.48,15.41
2016-03-11,1.61,29.54,23.11,19.57
2016-03-12,0.29,28.11,20.3,24.33
2016-03-13,0.24,30.01,20.04,20.51
2016-03-14,2.75,30.78,20.87,23.04
2016-03-15,10.87,27.43,23.09,14.24
2016-03-16,1.73,27.1,22.02,21.68
2016-03-17,0.34,30.15,21.42,24.46
2016-03-18,0.75,31.32,21.01,24.56
2016-03-19,0.03,31.39,21.93,24.96
2016-03-20,0.0,31.07,21.13,25.09
2016-03-21,0.04,32.38,20.84,24.12
2016-03-22,2.73,31.24,23.13,22.58
2016-03-23,5.96,30.68,22.85,22.14
2016-03-24,5.24,26.01,22.74,18.04
2016-03-25,3.05,27.8,22.7,13.35
2016-03-26,3.56,29.34,22.42,17.4
2016-03-27,0.29,29.67,22.09,16.95
2016-03-28,1.33,29.32,21.81,21.93
2016-03-29,0.73,29.63,21.42,21.6
2016-03-30,0.4,28.25,23.17,16.32
2016-03-31,0.01,30.26,22.08,21.64
2016-04-01,0.0,31.07,21.45,23.1
2016-04-02,1.27,31.3,22.25,22.54
2016-04-03,0.03,32.15,21.96,21.61
2016-04-04,0.01,32.69,21.89,22.38
2016-04-05,0.0,32.78,22.95,22.72
2016-04-06,0.0,32.02,20.76,22.58
2016-04-07,0.0,31.71,19.96,22.71
2016-04-08,0.0,32.04,20.57,23.04
2016-04-09,0.0,32.91,20.9,22.79
2016-04-10,0.0,32.91,20.38,22.16
2016-04-11,0.0,32.43,20.05,21.72
2016-04-12,0.0,32.29,19.97,20.96
2016-04-13,0.0,32.51,20.58,22.05
2016-04-14,0.05,33.1,20.99,19.88
2016-04-15,0.0,33.2,21.22,19.72
2016-04-16,0.0,33.06,19.86,22.17
2016-04-17,0.0,33.18,19.97,21.48
2016-04-18,0.0,33.23,20.49,20.32
2016-04-19,0.0,33.26,19.34,21.76
2016-04-20,0.0,33.28,20.14,20.26
2016-04-21,0.0,33.58,20.36,20.2
2016-04-22,0.0,33.33,20.73,20.4
2016-04-23,0.0,33.86,21.11,19.33
2016-04-24,0.0,33.65,20.04,19.68
2016-04-25,0.51,33.97,20.85,19.09
2016-04-26,22.24,30.61,20.44,2.98
2016-04-27,14.0,21.31,13.6,15.47
2016-04-28,6.81,20.02,11.49,17.46
2016-04-29,2.43,23.04,13.77,7.34
2016-04-30,0.57,23.4,12.39,20.68
2016-05-01,0.07,24.52,10.37,20.79
2016-05-02,0.0,25.66,10.9,20.66
2016-05-03,0.0,27.25,12.09,20.22
2016-05-04,0.0,27.56,13.47,19.9
2016-05-05,0.0,28.21,14.13,19.86
2016-05-06,0.0,30.08,15.21,19.41
2016-05-07,0.0,29.55,15.84,15.84
2016-05-08,0.0,30.88,17.77,14.67
2016-05-09,0.13,32.15,19.2,17.29
2016-05-10,5.8,31.58,19.33,3.64
2016-05-11,0.51,30.12,19.5,16.17
2016-05-12,5.63,29.39,19.73,10.64
2016-05-13,0.28,27.95,19.9,14.04
2016-05-14,0.05,29.83,17.34,18.12
2016-05-15,2.36,31.76,18.52,16.78
2016-05-16,6.08,31.51,20.36,15.06
2016-05-17,2.42,26.75,17.41,12.38
2016-05-18,0.0,25.74,17.78,9.9
2016-05-19,0.01,28.85,18.33,13.34
2016-05-20,10.15,31.22,18.62,16.1
2016-05-21,11.36,28.52,20.03,6.97
2016-05-22,8.47,29.36,19.35,15.97
2016-05-23,0.42,21.12,14.2,12.6
2016-05-24,0.0,23.28,11.99,17.1
2016-05-25,0.04,27.71,12.65,15.92
2016-05-26,0.11,28.46,15.09,16.9
2016-05-27,0.0,27.72,16.93,14.98
2016-05-28,15.51,27.49,16.57,16.27
2016-05-29,5.56,27.16,16.92,3.97
2016-05-30,5.66,26.77,17.2,11.77
2016-05-31,1.45,28.43,17.79,9.54
2016-06-01,8.19,27.89,19.15,13.52
2016-06-02,15.83,27.39,16.19,6.99
2016-06-03,9.45,20.65,14.7,5.63
2016-06-04,0.54,25.37,17.1,11.67
2016-06-05,1.47,29.71,19.53,12.48
2016-06-06,3.55,27.49,21.17,12.59
2016-06-07,1.44,21.63,16.31,5.76
2016-06-08,1.23,20.85,14.26,11.52
2016-06-09,0.0,21.57,9.84,15.89
2016-06-10,0.07,22.61,13.62,13.59
2016-06-11,0.0,21.0,8.87,16.73
2016-06-12,0.01,19.82,6.58,17.35
2016-06-13,0.0,21.16,5.94,16.8
2016-06-14,0.01,26.34,9.41,16.92
2016-06-15,0.02,27.75,13.57,16.04
2016-06-16,0.02,27.51,14.24,16.92
2016-06-17,0.0,27.59,13.45,16.93
2016-06-18,0.0,27.15,13.01,16.95
2016-06-19,0.0,27.44,12.38,16.87
2016-06-20,0.0,26.57,12.81,16.21
2016-06-21,0.01,26.67,13.28,15.69
2016-06-22,1.61,27.44,15.83,14.64
2016-06-23,0.13,27.41,15.85,15.8
2016-06-24,0.0,27.78,15.77,15.89
2016-06-25,0.0,28.79,15.2,14.87
2016-06-26,0.0,27.43,16.18,16.34
2016-06-27,0.05,27.4,13.88,16.15
2016-06-28,0.0,27.24,13.96,16.06
2016-06-29,0.0,28.12,13.82,15.0
2016-06-30,0.0,28.18,16.49,12.47
2016-07-01,0.0,28.85,15.97,13.72
2016-07-02,0.0,28.64,15.73,16.4
2016-07-03,0.0,28.96,15.3,16.19
2016-07-04,0.0,29.05,15.32,16.68
2016-07-05,0.04,29.49,16.59,15.58
2016-07-06,0.0,30.13,16.4,15.62
2016-07-07,0.0,25.43,15.05,16.99
2016-07-08,0.0,26.56,11.51,17.78
2016-07-09,0.0,29.45,11.06,17.71
2016-07-10,0.0,31.26,15.04,17.18
2016-07-11,0.0,31.83,16.46,17.15
2016-07-12,0.0,32.0,16.52,17.48
2016-07-13,0.0,31.98,16.79,17.45
2016-07-14,0.0,31.39,15.38,17.47
2016-07-15,0.0,32.0,19.12,17.49
2016-07-16,0.68,32.47,15.75,8.7
2016-07-17,0.0,21.92,9.67,18.84
2016-07-18,0.01,23.09,6.5,18.72
2016-07-19,0.0,25.27,9.5,17.52
2016-07-20,0.0,27.2,10.9,18.17
2016-07-21,0.0,27.61,12.58,18.08
2016-07-22,0.0,26.54,13.75,18.24
2016-07-23,0.0,29.95,12.14,17.92
2016-07-24,0.0,32.09,15.56,17.9
2016-07-25,0.0,30.94,16.27,18.61
2016-07-26,0.0,31.56,17.48,15.73
2016-07-27,0.0,31.48,18.27,17.65
2016-07-28,0.0,30.5,16.18,17.39
2016-07-29,0.0,30.19,16.74,17.24
2016-07-30,0.0,30.87,15.71,17.94
2016-07-31,0.0,30.21,16.76,18.64
2016-08-01,0.0,31.25,16.56,17.64
2016-08-02,0.0,30.61,16.79,19.09
2016-08-03,0.0,31.23,15.58,18.67
2016-08-04,0.0,31.73,16.1,16.97
2016-08-05,0.0,32.54,18.57,18.47
2016-08-06,0.0,33.08,18.61,19.51
2016-08-07,0.0,33.58,18.12,18.38
2016-08-08,0.0,34.33,19.1,19.17
2016-08-09,0.0,32.17,17.41,17.3
2016-08-10,0.12,28.89,18.29,5.4
2016-08-11,0.0,27.38,13.05,21.17
2016-08-12,0.01,27.93,11.2,19.38
2016-08-13,0.0,32.64,11.11,20.23
2016-08-14,0.0,35.6,17.1,20.45
2016-08-15,0.02,35.36,20.21,14.99
2016-08-16,1.74,34.19,21.96,9.29
2016-08-17,0.02,34.66,19.94,18.79
2016-08-18,0.9,35.57,21.55,19.25
2016-08-19,0.39,36.58,21.4,18.05
2016-08-20,7.4,34.96,22.97,7.63
2016-08-21,10.92,22.76,14.18,10.56
2016-08-22,0.05,22.95,12.48,21.75
2016-08-23,0.02,27.42,10.03,22.06
2016-08-24,0.0,33.49,14.26,21.78
2016-08-25,0.0,33.53,18.1,20.91
2016-08-26,0.0,32.66,17.01,21.91
2016-08-27,0.0,33.64,16.09,21.66
2016-08-28,0.0,35.06,17.85,22.53
2016-08-29,0.6,35.0,20.63,12.08
2016-08-30,10.33,29.69,16.4,5.54
2016-08-31,2.66,25.34,14.96,6.92
2016-09-01,0.19,30.67,16.19,19.93
2016-09-02,0.16,34.07,17.77,20.37
2016-09-03,2.71,31.72,21.95,8.56
2016-09-04,0.26,29.23,19.95,8.64
2016-09-05,0.04,32.39,19.33,14.71
2016-09-06,8.57,26.48,19.5,9.6
2016-09-07,0.0,25.82,17.36,20.76
2016-09-08,0.08,30.65,14.25,21.35
2016-09-09,0.22,30.82,16.71,21.45
2016-09-10,0.0,33.81,17.47,22.61
2016-09-11,0.0,35.37,18.67,23.15
2016-09-12,0.0,36.19,20.97,23.2
2016-09-13,0.0,35.93,19.98,17.01
2016-09-14,0.0,32.28,19.88,12.87
2016-09-15,0.0,31.64,17.06,21.44
2016-09-16,0.0,35.12,17.34,16.27
2016-09-17,0.0,37.3,19.01,20.45
2016-09-18,0.64,38.19,22.86,20.58
2016-09-19,3.83,35.28,23.42,12.68
2016-09-20,0.38,31.02,21.68,17.23
2016-09-21,0.0,30.51,16.11,26.76
2016-09-22,0.0,34.15,15.01,26.49
2016-09-23,0.0,35.48,16.4,26.0
2016-09-24,0.0,33.95,16.71,25.34
2016-09-25,0.0,33.57,18.55,22.87
2016-09-26,0.0,33.03,18.87,24.79
2016-09-27,0.0,33.01,17.62,27.26
2016-09-28,0.0,35.01,16.93,27.77
2016-09-29,0.0,35.78,17.71,27.95
2016-09-30,0.0,36.33,17.66,26.4
2016-10-01,0.0,35.84,18.63,25.09
2016-10-02,0.0,36.31,19.24,25.99
2016-10-03,4.9,35.26,21.89,19.61
2016-10-04,23.03,29.41,20.05,8.61
2016-10-05,2.11,29.35,20.95,15.37
2016-10-06,0.54,29.26,17.92,19.38
2016-10-07,0.0,29.38,14.35,28.41
2016-10-08,0.0,32.53,16.1,28.44
2016-10-09,0.0,34.72,17.74,28.21
2016-10-10,0.0,35.98,19.64,27.7
2016-10-11,3.63,35.6,20.57,23.69
2016-10-12,6.14,32.29,22.76,23.92
2016-10-13,7.63,31.29,22.33,8.77
2016-10-14,19.75,31.57,21.76,8.41
2016-10-15,0.07,34.1,21.92,22.49
2016-10-16,0.11,36.65,22.96,24.65
2016-10-17,0.16,37.93,24.87,26.09
2016-10-18,0.92,37.54,25.9,19.74
2016-10-19,0.02,38.36,25.31,24.93
2016-10-20,1.65,37.28,25.51,10.08
2016-10-21,1.71,30.68,24.14,19.89
2016-10-22,1.0,34.36,22.65,23.93
2016-10-23,1.56,36.23,23.9,22.06
2016-10-24,1.18,37.19,23.33,24.72
2016-10-25,1.0,31.4,23.78,14.12
2016-10-26,2.31,31.49,24.14,18.74
2016-10-27,13.35,29.41,21.02,16.07
2016-10-28,0.0,30.07,17.37,29.53
2016-10-29,0.01,32.2,14.79,30.61
2016-10-30,0.67,34.79,17.52,28.89
2016-10-31,14.5,32.18,22.83,26.98
2016-11-01,4.42,31.93,21.79,17.76
2016-11-02,1.8,33.59,21.26,22.24
2016-11-03,2.77,28.74,22.34,9.87
2016-11-04,0.13,30.07,20.48,18.57
2016-11-05,0.65,33.21,21.49,26.18
2016-11-06,2.43,31.9,22.01,23.67
2016-11-07,0.18,34.12,21.0,28.76
2016-11-08,0.19,35.74,21.82,27.47
2016-11-09,1.3,35.17,22.81,22.03
2016-11-10,3.17,34.93,24.13,27.14
2016-11-11,1.39,34.05,23.46,22.85
2016-11-12,8.88,30.07,23.2,9.54
2016-11-13,30.27,26.99,20.3,7.59
2016-11-14,1.95,28.27,21.9,11.32
2016-11-15,0.1,31.5,19.2,24.0
2016-11-16,0.1,34.24,22.31,27.81
2016-11-17,17.5,32.51,23.08,20.64
2016-11-18,1.08,31.96,21.31,28.89
2016-11-19,0.0,29.91,16.36,30.15
2016-11-20,0.0,32.83,15.42,31.4
2016-11-21,0.03,30.87,20.62,23.63
2016-11-22,10.1,30.43,21.75,23.23
2016-11-23,1.15,33.1,21.08,21.63
2016-11-24,0.05,33.11,22.58,25.36
2016-11-25,3.24,33.43,23.12,25.9
2016-11-26,0.53,30.55,23.74,15.89
2016-11-27,1.82,33.87,23.05,21.05
2016-11-28,4.63,32.48,23.69,22.7
2016-11-29,8.52,31.66,22.97,24.15
2016-11-30,1.26,31.27,20.93,27.28
2016-12-01,12.54,28.41,20.8,17.14
2016-12-02,8.18,30.68,22.04,17.56
2016-12-03,18.32,28.58,23.37,19.63
2016-12-04,8.03,29.75,22.37,21.17
2016-12-05,2.9,31.56,23.12,27.33
2016-12-06,2.02,32.32,23.35,24.18
2016-12-07,0.58,30.82,23.51,26.48
2016-12-08,4.5,30.45,23.38,26.29
2016-12-09,2.29,31.98,21.92,24.56
2016-12-10,10.1,28.96,23.18,17.91
2016-12-11,3.49,31.7,22.83,22.52
2016-12-12,4.63,31.52,23.7,21.06
2016-12-13,9.23,31.93,24.26,17.79
2016-12-14,10.1,29.5,24.29,13.87
2016-12-15,13.79,30.52,22.6,23.52
2016-12-16,6.52,26.45,20.41,19.87
2016-12-17,0.54,30.43,20.32,27.16
2016-12-18,2.93,28.87,21.59,27.48
2016-12-19,12.77,28.86,21.51,18.16
2016-12-20,15.14,28.32,21.49,21.51
2016-12-21,24.5,25.39,21.77,17.67
2016-12-22,4.88,27.04,20.94,24.76
2016-12-23,0.51,28.16,21.54,27.79
2016-12-24,0.52,29.44,22.27,22.78
2016-12-25,0.04,33.08,21.48,29.05
2016-12-26,0.31,32.88,22.88,27.33
2016-12-27,0.5,32.95,23.53,26.06
2016-12-28,8.94,32.02,26.01,17.65
2016-12-29,1.67,29.1,24.4,20.15
2016-12-30,1.65,30.98,22.93,21.11
2016-12-31,0.64,29.59,22.76,24.73
2017-01-01,19.39,32.25,23.66,26.5
2017-01-02,1.87,31.01,22.56,22.39
2017-01-03,0.93,31.33,23.42,27.61
2017-01-04,4.78,30.27,23.72,17.12
2017-01-05,1.92,30.1,22.68,23.06
2017-01-06,3.84,31.08,23.15,23.71
2017-01-07,0.87,30.66,22.86,29.61
2017-01-08,3.22,33.2,22.84,28.53
2017-01-09,7.52,29.67,24.42,21.94
2017-01-10,16.71,30.76,23.45,15.18
2017-01-11,29.76,28.26,23.13,20.28
2017-01-12,8.46,26.22,23.46,16.16
2017-01-13,11.76,26.87,22.77,14.35
2017-01-14,12.72,26.82,21.89,20.64
2017-01-15,15.5,27.33,23.07,16.94
2017-01-16,18.97,26.54,22.11,7.25
2017-01-17,7.8,25.94,22.16,15.5
2017-01-18,39.79,25.77,21.66,22.49
2017-01-19,9.93,28.43,20.74,14.9
2017-01-20,13.49,24.51,21.58,18.47
2017-01-21,1.09,25.98,20.6,12.64
2017-01-22,1.41,28.42,19.3,16.23
2017-01-23,7.66,28.52,20.35,21.06
2017-01-24,11.94,28.82,20.5,23.61
2017-01-25,21.42,28.57,22.22,21.61
2017-01-26,32.22,26.57,22.26,16.04
2017-01-27,1.02,26.78,22.18,11.56
2017-01-28,4.92,29.88,21.85,21.82
2017-01-29,8.77,29.65,22.56,24.12
2017-01-30,2.36,30.77,21.97,22.73
2017-01-31,5.82,28.02,21.51,11.13
2017-02-01,3.25,29.63,20.93,25.12
2017-02-02,1.6,27.76,21.07,23.06
2017-02-03,2.27,28.31,21.96,23.96
2017-02-04,0.84,30.46,21.43,27.51
2017-02-05,1.71,31.39,21.92,27.73
2017-02-06,2.43,30.01,22.53,24.59
2017-02-07,12.67,29.81,23.49,26.65
2017-02-08,3.78,30.03,23.5,26.53
2017-02-09,0.1,30.22,23.58,26.93
2017-02-10,0.02,30.92,22.93,27.44
2017-02-11,4.06,29.74,23.58,22.74
2017-02-12,23.62,27.93,23.24,18.99
2017-02-13,4.03,27.61,22.5,17.79
2017-02-14,0.3,30.76,21.73,22.97
2017-02-15,0.0,30.76,19.06,27.94
2017-02-16,0.64,30.32,21.51,27.1
2017-02-17,1.06,29.44,21.6,23.5
2017-02-18,0.41,29.19,21.31,26.53
2017-02-19,4.61,29.68,21.87,23.65
2017-02-20,0.75,32.49,22.12,27.85
2017-02-21,0.57,31.79,22.8,27.17
2017-02-22,0.73,31.4,21.8,25.39
2017-02-23,2.24,30.67,22.38,25.4
2017-02-24,17.17,28.75,22.86,19.09
2017-02-25,4.09,28.87,21.37,16.52
2017-02-26,6.5,25.33,20.66,19.63
2017-02-27,15.23,26.29,21.8,22.69
2017-02-28,1.63,28.75,21.64,25.77
2017-03-01,5.25,29.79,21.54,18.98
2017-03-02,3.74,28.3,22.19,22.5
2017-03-03,19.88,27.07,22.39,18.3
2017-03-04,7.98,29.98,21.88,21.58
2017-03-05,25.98,26.65,22.71,21.11
2017-03-06,17.8,28.01,21.74,16.48
2017-03-07,0.85,30.47,22.37,21.91
2017-03-08,0.07,31.05,22.93,25.12
2017-03-09,0.07,31.41,22.97,24.94
2017-03-10,11.4,30.75,24.18,24.08
2017-03-11,1.39,31.19,23.01,24.71
2017-03-12,0.02,31.9,23.39,23.27
2017-03-13,1.0,29.71,23.77,22.41
2017-03-14,1.74,30.57,22.49,23.96
2017-03-15,1.42,30.57,22.59,24.69
2017-03-16,0.16,30.47,21.65,22.37
2017-03-17,4.61,31.18,22.26,21.9
2017-03-18,3.95,29.39,22.17,11.02
2017-03-19,3.2,29.26,21.27,16.22
2017-03-20,0.09,28.97,20.18,23.08
2017-03-21,0.01,29.65,19.15,23.68
2017-03-22,0.0,30.57,19.32,23.22
2017-03-23,6.55,30.01,21.65,21.12
2017-03-24,0.15,30.17,21.93,23.1
2017-03-25,4.28,30.76,22.25,22.07
2017-03-26,32.1,30.81,22.5,20.94
2017-03-27,10.17,29.11,22.28,17.75
2017-03-28,3.03,27.08,22.08,21.75
2017-03-29,0.0,28.6,19.23,23.58
2017-03-30,0.0,29.56,17.46,23.64
2017-03-31,0.0,29.17,18.52,23.98
2017-04-01,0.0,27.96,17.13,24.26
2017-04-02,0.0,28.82,16.89,23.22
2017-04-03,0.0,28.49,19.67,20.65
2017-04-04,0.01,30.43,19.44,19.43
2017-04-05,7.0,29.33,20.68,14.11
2017-04-06,7.09,28.38,22.85,14.96
2017-04-07,3.59,26.03,22.64,15.48
2017-04-08,3.04,26.43,21.78,13.24
2017-04-09,3.35,29.81,21.5,18.88
2017-04-10,0.61,30.46,21.9,19.17
2017-04-11,0.67,30.59,22.56,18.54
2017-04-12,9.68,29.0,22.83,15.36
2017-04-13,0.83,29.56,19.55,21.89
2017-04-14,0.04,31.02,20.65,21.81
2017-04-15,0.0,31.43,20.76,21.47
2017-04-16,0.01,30.96,20.7,17.54
2017-04-17,0.72,29.12,20.95,14.86
2017-04-18,0.11,29.08,21.18,19.37
2017-04-19,0.08,29.37,19.59,19.03
2017-04-20,14.33,30.35,21.25,10.92
2017-04-21,35.52,24.63,18.14,9.18
2017-04-22,0.06,25.21,16.85,19.91
2017-04-23,0.02,26.06,16.34,20.81
2017-04-24,0.01,27.06,16.01,21.03
2017-04-25,0.04,29.77,16.99,20.22
2017-04-26,4.52,28.5,21.79,11.12
2017-04-27,13.88,23.91,16.5,9.92
2017-04-28,0.01,24.68,16.18,12.04
2017-04-29,0.01,27.52,16.72,19.2
2017-04-30,0.01,28.04,17.91,18.48
2017-05-01,0.0,28.3,19.31,17.25
2017-05-02,0.0,28.52,18.72,18.72
2017-05-03,0.01,28.67,18.09,18.09
2017-05-04,3.65,28.11,18.63,16.85
2017-05-05,16.36,28.8,18.85,15.37
2017-05-06,3.78,27.58,18.56,18.67
2017-05-07,0.0,27.09,17.76,18.95
2017-05-08,0.0,27.49,16.61,19.29
2017-05-09,0.01,28.24,16.15,19.15
2017-05-10,0.0,27.34,17.96,17.37
2017-05-11,0.0,27.81,18.05,18.43
2017-05-12,0.0,28.93,17.0,18.35
2017-05-13,0.0,29.38,17.26,17.2
2017-05-14,0.78,27.26,19.64,8.82
2017-05-15,9.2,28.65,20.89,12.89
2017-05-16,6.71,27.72,19.61,12.76
2017-05-17,0.1,26.71,17.95,14.51
2017-05-18,13.21,28.01,19.77,13.38
2017-05-19,17.76,27.47,20.46,9.01
2017-05-20,20.32,25.35,21.51,7.42
2017-05-21,20.39,26.0,20.86,11.86
2017-05-22,0.86,28.01,20.53,8.54
2017-05-23,0.0,27.93,20.23,16.0
2017-05-24,0.0,28.12,19.69,16.55
2017-05-25,0.0,29.01,20.1,16.67
2017-05-26,0.0,29.1,19.73,17.24
2017-05-27,0.0,28.71,19.38,15.18
2017-05-28,0.0,27.76,18.58,14.49
2017-05-29,0.0,27.74,17.48,16.51
2017-05-30,0.01,27.48,16.92,16.38
2017-05-31,0.0,26.49,17.15,16.28
2017-06-01,0.04,22.92,16.37,6.58
2017-06-02,0.0,22.84,13.26,15.76
2017-06-03,0.0,27.23,13.75,17.03
2017-06-04,0.0,29.93,16.56,16.64
2017-06-05,0.0,29.62,18.53,15.42
2017-06-06,0.01,29.33,17.98,15.52
2017-06-07,0.0,29.52,17.89,16.72
2017-06-08,0.0,29.83,17.26,16.43
2017-06-09,0.1,24.04,13.89,4.84
2017-06-10,0.0,19.68,7.95,18.24
2017-06-11,0.01,23.72,8.25,17.71
2017-06-12,1.33,22.44,13.47,6.76
2017-06-13,0.09,27.91,16.45,10.91
2017-06-14,0.0,26.95,17.56,16.16
2017-06-15,0.0,26.82,15.93,16.74
2017-06-16,0.0,27.48,14.35,16.21
2017-06-17,0.0,27.82,15.39,16.74
2017-06-18,0.0,27.59,14.55,13.65
2017-06-19,0.0,28.13,15.89,16.48
2017-06-20,0.0,26.47,14.22,11.23
2017-06-21,0.0,27.33,15.17,16.54
2017-06-22,0.0,26.81,15.51,16.54
2017-06-23,0.0,27.19,16.23,16.38
2017-06-24,0.0,26.89,14.44,16.8
2017-06-25,0.0,26.2,14.61,16.91
2017-06-26,0.0,26.54,13.48,16.92
2017-06-27,0.0,26.7,15.31,16.71
2017-06-28,0.0,26.96,13.61,15.74
2017-06-29,0.0,27.07,15.12,13.1
2017-06-30,0.0,27.14,17.16,9.66
2017-07-01,0.0,26.46,15.43,16.45
2017-07-02,0.0,25.66,14.95,16.54
2017-07-03,0.0,25.11,13.27,16.72
2017-07-04,0.0,24.24,11.63,16.34
2017-07-05,0.0,24.3,11.47,17.11
2017-07-06,0.0,25.1,11.37,13.14
2017-07-07,0.0,26.57,13.28,14.33
2017-07-08,0.0,24.66,15.58,10.68
2017-07-09,0.0,27.15,13.72,16.53
2017-07-10,0.0,27.62,13.18,17.05
2017-07-11,0.0,28.01,14.73,16.71
2017-07-12,0.0,28.26,14.54,17.07
2017-07-13,0.0,28.26,14.1,17.46
2017-07-14,0.0,28.08,13.57,17.69
2017-07-15,0.0,27.64,13.75,17.65
2017-07-16,0.0,28.43,14.56,16.28
2017-07-17,0.0,28.26,14.35,17.91
2017-07-18,0.0,19.6,9.51,14.09
2017-07-19,0.0,22.99,9.4,15.48
2017-07-20,0.0,27.26,11.75,16.65
2017-07-21,0.0,28.77,15.63,16.78
2017-07-22,0.0,27.94,14.12,18.36
2017-07-23,0.0,29.87,13.64,18.44
2017-07-24,0.0,28.22,14.51,18.78
2017-07-25,0.0,28.86,13.15,18.48
2017-07-26,0.0,28.6,14.14,18.76
2017-07-27,0.0,28.04,12.92,18.79
2017-07-28,0.0,28.46,12.8,18.65
2017-07-29,0.0,28.01,15.03,18.79
2017-07-30,0.0,27.73,15.34,15.49
2017-07-31,0.0,27.05,13.29,19.03
2017-08-01,0.0,28.32,13.55,13.47
2017-08-02,0.0,29.52,13.46,17.23
2017-08-03,0.0,24.89,15.42,12.31
2017-08-04,0.0,25.78,11.68,18.95
2017-08-05,0.0,26.6,12.54,19.66
2017-08-06,0.0,28.27,11.33,18.15
2017-08-07,0.0,30.68,13.0,19.16
2017-08-08,0.0,32.31,16.87,15.95
2017-08-09,0.0,33.41,18.46,18.67
2017-08-10,0.0,34.16,18.31,19.73
2017-08-11,0.0,33.84,17.44,18.99
2017-08-12,0.0,34.26,17.56,19.31
2017-08-13,0.01,34.82,18.47,16.97
2017-08-14,0.0,28.94,17.87,11.73
2017-08-15,0.05,33.49,19.25,10.8
2017-08-16,1.0,33.1,18.87,8.69
2017-08-17,3.67,27.52,20.6,5.68
2017-08-18,6.17,27.34,19.34,8.54
2017-08-19,0.18,33.85,19.59,12.93
2017-08-20,7.96,32.46,19.5,4.96
2017-08-21,0.31,25.35,17.26,11.81
2017-08-22,0.02,30.71,15.65,19.66
2017-08-23,0.19,31.86,19.15,20.03
2017-08-24,0.0,31.56,17.95,20.96
2017-08-25,0.0,31.86,17.02,21.06
2017-08-26,0.0,33.01,17.4,22.07
2017-08-27,0.0,33.73,16.77,22.06
2017-08-28,0.0,34.04,17.11,23.14
2017-08-29,0.0,35.3,16.41,22.54
2017-08-30,0.0,35.31,17.54,21.31
2017-08-31,0.0,35.35,18.01,23.2
2017-09-01,0.0,35.45,17.9,22.25
2017-09-02,0.0,34.01,19.83,21.46
2017-09-03,0.0,33.45,18.43,22.98
2017-09-04,0.0,32.57,16.54,23.69
2017-09-05,0.0,33.35,16.76,23.79
2017-09-06,0.0,33.74,17.27,23.31
2017-09-07,0.0,34.58,18.92,23.41
2017-09-08,0.0,36.04,19.31,23.98
2017-09-09,0.0,35.58,19.8,23.09
2017-09-10,0.0,35.2,19.56,24.05
2017-09-11,0.0,37.31,19.57,23.74
2017-09-12,0.0,36.5,21.26,23.74
2017-09-13,0.0,35.59,20.03,23.23
2017-09-14,0.0,36.27,20.81,24.77
2017-09-15,0.0,36.76,21.26,25.12
2017-09-16,0.0,36.59,19.68,25.23
2017-09-17,0.0,36.03,19.28,25.23
2017-09-18,0.0,36.34,19.8,23.9
2017-09-19,0.0,36.47,20.72,23.78
2017-09-20,0.0,36.31,21.88,25.19
2017-09-21,0.0,35.87,21.85,25.14
2017-09-22,0.0,35.1,21.61,19.55
2017-09-23,0.0,35.7,20.9,24.57
2017-09-24,0.0,36.02,21.72,23.27
2017-09-25,0.0,34.61,22.14,20.57
2017-09-26,0.03,33.03,21.57,21.35
2017-09-27,0.44,36.88,21.27,24.55
2017-09-28,0.06,36.79,22.81,24.71
2017-09-29,3.77,32.17,21.41,10.32
2017-09-30,3.98,29.29,20.22,7.49
2017-10-01,30.56,29.98,18.8,21.52
2017-10-02,15.8,32.29,17.6,6.13
2017-10-03,3.27,24.29,16.82,18.16
2017-10-04,0.0,29.6,15.38,22.78
2017-10-05,0.06,35.04,18.91,25.9
2017-10-06,0.03,35.83,22.38,20.11
2017-10-07,0.02,36.44,21.8,14.19
2017-10-08,0.01,36.58,21.76,21.84
2017-10-09,0.0,37.58,21.61,24.14
2017-10-10,0.0,38.64,23.4,27.03
2017-10-11,0.19,38.5,24.06,26.24
2017-10-12,0.0,39.28,24.57,27.3
2017-10-13,0.0,39.39,23.41,27.83
2017-10-14,0.0,38.99,23.31,26.31
2017-10-15,0.0,38.47,24.73,27.09
2017-10-16,0.0,39.28,22.66,27.1
2017-10-17,0.0,39.49,24.98,26.31
2017-10-18,0.0,38.63,26.61,27.04
2017-10-19,0.03,37.68,25.51,26.7
2017-10-20,0.19,38.4,23.07,14.21
2017-10-21,0.97,38.65,25.73,18.29
2017-10-22,6.01,30.76,23.29,7.65
2017-10-23,0.04,31.87,22.48,16.57
2017-10-24,1.02,33.17,22.84,23.97
2017-10-25,0.01,37.54,21.85,23.01
2017-10-26,2.52,37.88,24.39,23.49
2017-10-27,18.61,37.93,23.1,24.28
2017-10-28,8.37,30.6,23.12,21.97
2017-10-29,12.08,28.23,23.06,19.54
2017-10-30,12.41,31.47,20.79,10.26
2017-10-31,3.18,29.92,22.34,20.98
2017-11-01,0.21,31.77,20.39,26.38
2017-11-02,4.08,32.99,22.38,27.25
2017-11-03,21.78,29.05,22.81,21.11
2017-11-04,45.13,29.41,22.76,23.23
2017-11-05,4.16,27.98,22.95,11.33
2017-11-06,1.75,28.35,22.11,18.23
2017-11-07,0.27,28.77,20.52,25.99
2017-11-08,7.92,30.71,21.79,20.88
2017-11-09,2.94,27.38,21.89,21.11
2017-11-10,1.69,29.69,21.69,22.53
2017-11-11,0.22,28.91,22.25,23.38
2017-11-12,0.0,30.68,17.97,31.34
2017-11-13,0.0,31.43,16.42,31.73
2017-11-14,0.0,33.29,17.48,28.31
2017-11-15,0.0,34.56,21.35,28.8
2017-11-16,2.08,34.12,21.81,28.21
2017-11-17,1.99,29.08,22.57,25.46
2017-11-18,16.4,31.24,21.89,19.85
2017-11-19,3.58,27.78,21.86,16.14
2017-11-20,0.93,30.22,22.41,19.59
2017-11-21,27.91,31.19,22.59,17.06
2017-11-22,22.52,27.8,23.02,11.62
2017-11-23,0.02,31.0,22.17,23.01
2017-11-24,0.01,32.89,21.77,28.59
2017-11-25,8.24,33.24,21.59,28.57
2017-11-26,13.72,29.33,24.07,14.08
2017-11-27,29.1,30.19,23.36,19.78
2017-11-28,5.5,30.16,21.78,22.76
2017-11-29,2.1,31.6,22.62,28.79
2017-11-30,41.95,29.76,21.17,19.12
2017-12-01,19.26,28.8,21.59,13.88
2017-12-02,15.33,28.53,22.38,17.15
2017-12-03,1.31,30.21,22.21,27.1
2017-12-04,4.09,30.64,22.63,26.38
2017-12-05,22.66,30.34,22.79,23.29
2017-12-06,44.92,28.03,22.85,16.68
2017-12-07,9.0,27.83,22.74,19.32
2017-12-08,12.59,27.52,23.58,21.59
2017-12-09,3.3,30.83,22.97,25.44
2017-12-10,0.34,28.02,22.99,23.66
2017-12-11,0.02,31.37,22.45,23.26
2017-12-12,0.0,31.57,21.01,29.29
2017-12-13,0.15,30.64,21.61,25.07
2017-12-14,0.05,30.33,20.94,27.11
2017-12-15,0.35,31.33,21.72,26.37
2017-12-16,0.32,29.75,22.39,26.82
2017-12-17,27.36,29.8,21.39,28.36
2017-12-18,5.03,30.62,21.87,27.7
2017-12-19,0.41,31.46,23.08,29.02
2017-12-20,2.32,28.83,23.27,18.13
2017-12-21,2.47,26.92,22.61,14.62
2017-12-22,1.04,27.28,22.28,15.26
2017-12-23,0.4,30.24,20.54,16.66
2017-12-24,15.91,29.88,22.15,22.93
2017-12-25,18.59,28.09,22.93,17.6
2017-12-26,21.01,28.38,23.0,20.67
2017-12-27,6.13,30.39,22.7,27.53
2017-12-28,2.97,30.97,22.42,26.74
2017-12-29,14.66,29.08,23.73,21.51
2017-12-30,9.62,26.86,22.74,16.5
2017-12-31,12.49,29.07,22.13,13.66
2018-01-01,6.97,27.97,22.82,22.88
2018-01-02,9.9,28.23,22.69,21.44
2018-01-03,4.14,28.96,22.59,18.29
2018-01-04,0.43,30.38,22.14,27.3
2018-01-05,10.89,30.1,21.89,24.15
2018-01-06,7.02,28.18,21.89,15.36
2018-01-07,19.46,25.98,22.28,9.18
2018-01-08,36.28,25.17,21.01,12.06
2018-01-09,22.72,27.89,20.15,14.74
2018-01-10,1.17,29.8,21.48,17.92
2018-01-11,6.06,26.85,22.26,18.21
2018-01-12,1.66,28.29,20.39,16.99
2018-01-13,0.17,28.13,20.76,27.61
2018-01-14,11.41,29.49,21.0,20.68
2018-01-15,15.47,27.88,21.79,21.53
2018-01-16,3.59,28.4,22.35,21.66
2018-01-17,0.22,29.72,22.15,24.99
2018-01-18,0.11,29.22,24.37,23.33
2018-01-19,0.0,31.6,21.97,26.15
2018-01-20,0.0,30.05,23.2,29.13
2018-01-21,0.0,31.45,23.14,25.51
2018-01-22,0.0,32.52,23.38,28.29
2018-01-23,0.03,32.02,25.01,27.19
2018-01-24,1.76,32.93,23.91,28.66
2018-01-25,11.97,27.95,23.54,22.29
2018-01-26,2.31,28.09,22.86,21.29
2018-01-27,2.11,29.95,22.82,21.61
2018-01-28,0.72,27.96,24.27,18.47
2018-01-29,5.0,28.81,23.66,20.16
2018-01-30,10.33,29.25,22.93,15.36
2018-01-31,9.59,29.46,22.84,17.93
2018-02-01,0.14,30.28,20.24,27.13
2018-02-02,0.27,30.64,21.26,27.64
2018-02-03,3.63,29.92,21.74,27.72
2018-02-04,13.66,27.86,21.07,27.29
2018-02-05,1.7,27.89,21.21,26.52
2018-02-06,0.05,29.64,19.28,26.64
2018-02-07,6.05,29.72,22.88,24.52
2018-02-08,0.02,30.24,21.46,26.69
2018-02-09,12.45,30.76,22.74,25.81
2018-02-10,9.15,26.76,23.31,12.49
2018-02-11,0.34,28.16,22.7,18.37
2018-02-12,1.08,28.61,23.39,22.75
2018-02-13,22.61,29.43,22.11,16.33
2018-02-14,2.42,29.78,22.81,16.19
2018-02-15,0.01,29.44,21.14,22.88
2018-02-16,0.0,29.72,21.14,25.33
2018-02-17,3.54,29.59,22.55,17.4
2018-02-18,15.97,27.45,22.18,14.76
2018-02-19,12.48,27.2,21.84,14.95
2018-02-20,8.85,27.9,21.48,14.4
2018-02-21,2.41,26.26,22.44,23.51
2018-02-22,0.03,29.38,21.84,26.94
2018-02-23,0.08,30.12,19.27,26.63
2018-02-24,0.73,28.67,21.72,22.16
2018-02-25,2.38,27.33,22.36,17.35
2018-02-26,4.21,27.2,22.15,12.76
2018-02-27,8.71,29.18,21.78,18.33
2018-02-28,1.32,29.6,21.86,22.37
2018-03-01,0.9,29.31,23.36,23.64
2018-03-02,0.23,30.75,22.66,23.69
2018-03-03,0.26,30.18,23.35,24.11
2018-03-04,0.02,30.73,23.08,25.84
2018-03-05,0.02,29.6,24.51,22.24
2018-03-06,5.39,28.19,23.27,20.77
2018-03-07,0.23,29.56,23.42,24.54
2018-03-08,2.65,29.73,23.66,20.17
2018-03-09,14.83,29.75,24.53,20.61
2018-03-10,11.53,27.33,23.57,21.16
2018-03-11,6.74,30.04,22.29,22.05
2018-03-12,0.0,31.72,22.89,24.59
2018-03-13,0.0,32.88,25.61,24.13
2018-03-14,0.77,31.62,24.14,24.07
2018-03-15,0.05,30.42,23.99,22.35
2018-03-16,0.39,28.54,24.51,22.21
2018-03-17,0.06,31.09,22.97,24.79
2018-03-18,0.0,31.45,22.46,23.42
2018-03-19,0.0,31.37,22.78,23.43
2018-03-20,0.3,31.09,23.37,19.41
2018-03-21,2.05,30.06,24.56,21.61
2018-03-22,4.82,30.79,23.28,23.79
2018-03-23,0.02,31.3,23.08,23.07
2018-03-24,0.87,30.61,23.18,23.23
2018-03-25,2.14,30.44,21.93,17.96
2018-03-26,6.29,28.42,22.5,14.89
2018-03-27,3.21,26.87,22.49,15.46
2018-03-28,0.04,28.86,21.15,21.12
2018-03-29,0.0,29.44,21.43,21.8
2018-03-30,0.46,30.09,21.34,21.67
2018-03-31,1.99,29.26,22.14,12.22
2018-04-01,14.59,25.17,22.09,9.66
2018-04-02,8.55,29.28,21.21,17.12
2018-04-03,11.54,27.76,21.66,14.59
2018-04-04,0.5,28.98,20.8,21.34
2018-04-05,0.0,29.12,19.54,22.25
2018-04-06,0.0,29.99,19.61,23.04
2018-04-07,0.02,30.07,19.8,22.21
2018-04-08,0.93,29.78,20.25,20.96
2018-04-09,0.28,30.43,20.98,21.41
2018-04-10,0.0,30.09,19.65,21.65
2018-04-11,0.0,30.02,19.89,22.39
2018-04-12,0.79,28.53,18.46,21.01
2018-04-13,0.73,28.41,18.87,20.85
2018-04-14,14.61,28.69,20.95,17.14
2018-04-15,7.36,23.11,19.94,11.5
2018-04-16,0.43,26.44,19.0,14.22
2018-04-17,0.28,26.51,20.57,13.71
2018-04-18,0.06,26.75,19.6,16.52
2018-04-19,0.0,28.2,18.65,17.67
2018-04-20,0.0,27.74,20.47,17.13
2018-04-21,0.0,27.73,17.86,20.67
2018-04-22,0.0,27.97,14.35,21.24
2018-04-23,0.0,28.5,18.71,19.13
2018-04-24,0.0,29.53,18.47,19.93
2018-04-25,0.01,29.68,18.15,19.75
2018-04-26,0.01,29.74,19.09,19.1
2018-04-27,0.0,30.21,18.74,19.89
2018-04-28,0.43,30.48,19.54,18.37
2018-04-29,0.06,30.12,18.75,18.24
2018-04-30,0.0,30.26,18.61,18.85
2018-05-01,0.0,30.1,20.22,18.08
2018-05-02,0.0,29.9,17.44,19.02
2018-05-03,0.0,30.19,17.19,19.51
2018-05-04,0.0,30.98,18.67,18.44
2018-05-05,0.0,31.48,19.84,17.31
2018-05-06,0.57,30.35,19.87,17.03
2018-05-07,2.17,29.72,19.74,17.57
2018-05-08,0.0,29.77,18.87,18.39
2018-05-09,0.0,29.61,18.17,18.6
2018-05-10,0.0,29.76,17.58,18.35
2018-05-11,0.0,30.31,18.18,16.87
2018-05-12,0.0,28.43,18.13,12.39
2018-05-13,1.63,27.78,19.25,13.61
2018-05-14,0.04,29.96,19.49,13.7
2018-05-15,0.02,30.67,18.59,16.41
2018-05-16,0.7,30.2,18.43,9.67
2018-05-17,0.29,30.08,18.85,8.65
2018-05-18,0.87,30.98,19.42,14.74
2018-05-19,6.67,27.04,16.82,7.9
2018-05-20,0.01,20.76,11.17,19.41
2018-05-21,7.0,22.44,10.46,18.48
2018-05-22,0.02,24.22,8.96,17.12
2018-05-23,0.02,25.17,9.97,18.86
2018-05-24,0.0,27.97,10.87,18.36
2018-05-25,0.0,28.97,13.18,17.07
2018-05-26,0.0,28.8,15.9,17.51
2018-05-27,0.0,28.48,15.3,16.58
2018-05-28,0.0,27.92,14.78,17.25
2018-05-29,0.0,27.28,15.16,14.87
2018-05-30,0.0,27.11,17.22,14.92
2018-05-31,0.0,27.49,15.56,16.96
2018-06-01,0.0,29.63,16.28,12.09
2018-06-02,0.0,29.91,18.78,11.89
2018-06-03,0.0,28.78,18.01,15.16
2018-06-04,0.0,28.72,17.08,13.04
2018-06-05,0.02,29.81,17.37,13.6
2018-06-06,0.01,28.55,17.99,11.87
2018-06-07,0.0,29.28,17.99,10.07
2018-06-08,0.0,24.64,15.14,11.67
2018-06-09,0.0,29.53,16.37,13.86
2018-06-10,0.0,32.42,19.51,12.55
2018-06-11,0.0,30.57,19.99,14.1
2018-06-12,0.15,31.9,19.8,15.0
2018-06-13,0.82,29.37,20.81,11.48
2018-06-14,0.12,28.32,16.85,14.95
2018-06-15,0.08,28.52,16.89,14.68
2018-06-16,0.0,28.06,16.78,12.92
2018-06-17,0.0,27.71,17.2,14.72
2018-06-18,0.0,28.08,15.37,14.68
2018-06-19,0.0,29.36,17.09,16.06
2018-06-20,0.0,29.18,15.31,15.79
2018-06-21,0.0,28.89,16.51,15.35
2018-06-22,0.0,28.7,18.56,14.3
2018-06-23,0.0,29.83,17.73,13.98
2018-06-24,0.0,29.76,19.54,12.09
2018-06-25,0.0,30.4,18.05,15.8
2018-06-26,0.0,31.43,19.42,16.51
2018-06-27,0.4,31.55,16.94,16.35
2018-06-28,0.0,31.08,17.18,15.58
2018-06-29,0.0,30.4,15.95,15.51
2018-06-30,0.0,30.49,16.92,16.45
2018-07-01,0.0,31.1,17.26,16.76
2018-07-02,0.0,31.52,17.43,16.31
2018-07-03,0.0,31.18,17.26,16.56
2018-07-04,0.0,31.73,17.17,17.05
2018-07-05,0.0,31.56,16.49,16.45
2018-07-06,0.0,30.75,16.73,17.03
2018-07-07,0.0,30.2,15.96,16.79
2018-07-08,0.0,31.26,17.53,17.03
2018-07-09,0.0,29.76,18.5,10.1
2018-07-10,0.0,21.07,14.32,14.28
2018-07-11,0.0,25.08,10.95,16.8
2018-07-12,0.0,26.52,9.77,16.38
2018-07-13,0.0,29.26,13.89,15.53
2018-07-14,0.0,31.87,16.93,16.51
2018-07-15,0.0,32.24,17.95,17.18
2018-07-16,0.0,31.84,17.68,17.27
2018-07-17,0.0,31.1,16.3,17.7
2018-07-18,0.0,31.2,16.99,17.5
2018-07-19,0.0,31.66,18.1,17.67
2018-07-20,0.0,32.13,17.24,17.91
2018-07-21,0.0,30.91,16.22,16.84
2018-07-22,0.0,31.9,16.64,15.48
2018-07-23,0.0,31.66,18.1,17.78
2018-07-24,0.0,31.01,16.85,16.6
2018-07-25,0.0,30.29,16.27,16.35
2018-07-26,0.0,31.08,17.45,17.84
2018-07-27,0.0,31.34,17.28,17.9
2018-07-28,0.0,32.63,17.8,17.89
2018-07-29,0.0,33.13,18.17,18.14
2018-07-30,0.42,32.7,20.38,16.71
2018-07-31,1.88,30.48,21.35,17.06
2018-08-01,0.0,30.99,16.75,10.15
2018-08-02,0.01,30.63,18.46,14.28
2018-08-03,0.09,33.89,19.79,14.76
2018-08-04,3.77,28.37,19.68,9.83
2018-08-05,0.11,28.97,18.82,12.71
2018-08-06,3.09,28.89,18.65,4.42
2018-08-07,1.06,30.32,16.96,15.03
2018-08-08,2.26,32.98,18.69,13.65
2018-08-09,0.12,30.79,18.38,12.11
2018-08-10,0.0,24.48,10.77,21.26
2018-08-11,0.0,26.51,8.78,21.22
2018-08-12,0.0,28.32,9.67,20.81
2018-08-13,0.0,30.73,11.67,19.48
2018-08-14,0.0,32.15,12.26,20.91
2018-08-15,0.0,33.06,13.34,16.52
2018-08-16,0.0,27.76,17.69,8.58
2018-08-17,0.01,31.16,17.14,19.78
2018-08-18,0.01,31.18,18.17,19.72
2018-08-19,0.0,31.74,19.21,19.66
2018-08-20,0.0,33.91,20.04,21.16
2018-08-21,0.0,33.21,18.93,20.23
2018-08-22,0.02,31.86,19.19,13.43
2018-08-23,0.0,34.68,20.69,20.76
2018-08-24,2.69,35.8,22.87,14.31
2018-08-25,2.12,29.82,21.33,7.12
2018-08-26,0.03,29.24,16.49,21.81
2018-08-27,0.0,31.96,15.93,21.63
2018-08-28,0.0,32.58,21.46,21.51
2018-08-29,0.0,32.92,18.64,22.52
2018-08-30,0.0,34.01,20.36,22.8
2018-08-31,0.0,35.18,20.08,22.12
2018-09-01,0.0,35.3,21.33,21.92
2018-09-02,0.16,36.4,21.89,18.16
2018-09-03,0.55,22.47,16.78,16.54
2018-09-04,0.0,26.78,13.2,17.29
2018-09-05,0.0,28.08,12.9,23.3
2018-09-06,0.0,31.76,12.88,24.58
2018-09-07,0.0,35.27,15.69,24.01
2018-09-08,0.0,35.9,17.22,23.95
2018-09-09,0.0,36.05,17.58,24.78
2018-09-10,0.0,35.77,17.81,24.4
2018-09-11,0.0,36.7,19.11,24.15
2018-09-12,0.01,36.99,19.31,23.09
2018-09-13,0.17,37.28,20.76,22.54
2018-09-14,8.87,35.78,21.17,4.07
2018-09-15,4.37,29.56,19.75,10.33
2018-09-16,13.25,29.83,21.33,12.99
2018-09-17,15.63,28.19,21.39,5.25
2018-09-18,9.88,28.87,20.08,10.22
2018-09-19,1.31,30.24,21.12,20.91
2018-09-20,12.06,32.11,22.2,12.05
2018-09-21,0.7,30.37,20.89,23.47
2018-09-22,0.0,32.52,21.57,24.76
2018-09-23,0.0,35.81,21.62,21.7
2018-09-24,0.0,37.12,20.56,26.44
2018-09-25,0.51,37.58,20.73,22.82
2018-09-26,2.9,36.37,24.04,21.09
2018-09-27,5.21,35.59,23.78,14.76
2018-09-28,5.06,31.53,23.41,20.54
2018-09-29,0.25,34.2,22.8,13.51
2018-09-30,4.04,26.85,22.55,5.32
2018-10-01,1.98,32.15,21.72,21.27
2018-10-02,0.0,35.78,21.2,20.54
2018-10-03,1.1,36.57,24.88,23.43
2018-10-04,1.12,26.85,24.91,21.88
2018-10-05,1.18,33.04,23.15,22.32
2018-10-06,0.18,31.89,21.76,19.63
2018-10-07,6.73,32.32,23.01,17.74
2018-10-08,8.81,32.35,22.55,14.9
2018-10-09,19.01,33.49,22.63,22.23
2018-10-10,20.67,29.97,22.87,14.22
2018-10-11,7.25,30.63,23.47,19.17
2018-10-12,0.64,31.92,21.91,23.55
2018-10-13,3.57,32.43,22.76,18.16
2018-10-14,3.03,31.54,23.52,18.95
2018-10-15,0.04,31.75,22.88,20.9
2018-10-16,0.07,31.15,23.51,21.64
2018-10-17,0.08,30.09,24.19,22.29
2018-10-18,6.78,33.32,23.12,23.29
2018-10-19,5.48,29.78,23.58,21.7
2018-10-20,0.0,31.36,19.65,27.03
2018-10-21,0.0,32.06,17.86,27.99
2018-10-22,0.1,33.77,21.84,25.56
2018-10-23,10.97,29.74,22.66,24.38
2018-10-24,3.82,28.06,22.95,13.91
2018-10-25,7.87,30.36,21.98,12.36
2018-10-26,7.0,30.12,21.84,19.57
2018-10-27,9.92,29.4,22.93,12.72
2018-10-28,0.04,30.93,20.97,27.93
2018-10-29,0.01,31.48,18.93,24.16
2018-10-30,0.0,32.53,21.85,26.8
2018-10-31,1.76,32.67,23.71,24.38
2018-11-01,8.62,30.28,23.93,20.86
2018-11-02,4.12,30.97,22.94,22.14
2018-11-03,17.67,31.92,22.5,23.9
2018-11-04,13.2,28.72,23.01,12.8
2018-11-05,1.84,29.73,22.32,22.08
2018-11-06,0.99,30.44,22.34,22.17
2018-11-07,26.8,27.5,22.65,9.82
2018-11-08,24.46,24.95,19.64,11.77
2018-11-09,9.66,24.71,19.17,9.93
2018-11-10,4.12,29.63,19.97,19.13
2018-11-11,0.05,31.04,21.39,28.18
2018-11-12,0.0,32.31,21.34,28.32
2018-11-13,0.0,33.52,21.97,28.28
2018-11-14,0.5,31.54,24.09,23.5
2018-11-15,3.59,29.05,24.48,24.63
2018-11-16,20.76,29.54,23.56,24.96
2018-11-17,5.25,30.68,23.32,19.0
2018-11-18,21.2,26.74,23.19,15.5
2018-11-19,7.42,28.86,22.55,17.84
2018-11-20,1.38,29.39,21.24,15.17
2018-11-21,2.09,30.37,20.3,20.54
2018-11-22,9.2,30.08,21.37,22.75
2018-11-23,30.7,26.49,23.07,9.48
2018-11-24,23.87,29.12,22.09,17.65
2018-11-25,4.64,29.36,22.06,20.91
2018-11-26,0.4,30.52,22.64,23.55
2018-11-27,0.0,30.18,21.6,28.31
2018-11-28,0.0,30.88,20.68,28.57
2018-11-29,0.01,31.81,21.31,24.4
2018-11-30,3.74,28.91,22.4,21.07
2018-12-01,21.16,26.84,22.56,13.99
2018-12-02,1.63,29.69,21.93,19.19
2018-12-03,0.05,30.35,21.22,23.68
2018-12-04,0.0,31.35,21.32,28.45
2018-12-05,0.0,31.88,23.16,26.9
2018-12-06,0.0,33.6,23.74,29.38
2018-12-07,0.0,33.02,22.68,26.34
2018-12-08,0.0,31.11,21.48,30.87
2018-12-09,0.0,31.22,17.78,29.4
2018-12-10,0.0,31.93,20.46,29.89
2018-12-11,0.0,32.44,20.53,29.8
2018-12-12,5.05,32.8,21.34,29.3
2018-12-13,3.91,31.8,23.78,30.39
2018-12-14,1.01,32.31,21.55,26.65
2018-12-15,2.82,31.75,23.34,25.56
2018-12-16,0.12,34.96,25.75,28.99
2018-12-17,2.64,33.58,25.9,26.36
2018-12-18,3.48,34.11,23.11,28.3
2018-12-19,0.83,32.52,24.91,15.11
2018-12-20,0.02,34.22,24.04,29.05
2018-12-21,4.96,34.06,25.06,28.42
2018-12-22,8.79,31.32,24.06,27.73
2018-12-23,4.54,31.33,21.88,20.58
2018-12-24,15.42,30.11,23.07,20.78
2018-12-25,12.1,29.03,23.29,16.02
2018-12-26,7.19,29.41,22.62,20.31
2018-12-27,4.04,30.44,22.26,20.97
2018-12-28,3.66,27.85,22.78,21.5
2018-12-29,2.52,28.65,22.94,22.73
2018-12-30,2.81,30.46,22.78,21.16
2018-12-31,7.31,30.13,23.3,25.1
2019-01-01,10.05,29.84,23.16,24.4
2019-01-02,0.94,32.09,21.84,27.26
2019-01-03,0.22,32.29,22.75,26.89
2019-01-04,9.67,27.48,23.52,12.7
2019-01-05,8.26,25.92,21.92,9.46
2019-01-06,0.97,29.14,21.21,16.35
2019-01-07,0.03,32.19,21.35,29.19
2019-01-08,1.2,31.86,22.41,27.7
2019-01-09,0.47,31.76,23.36,27.36
2019-01-10,0.04,33.15,22.44,25.78
2019-01-11,0.81,28.96,22.09,24.66
2019-01-12,2.83,32.3,23.73,22.46
2019-01-13,0.37,30.24,22.77,27.93
2019-01-14,0.02,31.3,23.21,26.24
2019-01-15,0.13,33.97,23.92,24.31
2019-01-16,0.02,32.97,26.81,25.93
2019-01-17,9.24,31.95,24.52,22.61
2019-01-18,7.72,32.7,22.16,27.21
2019-01-19,5.45,32.23,23.6,27.23
2019-01-20,1.58,33.23,23.72,27.53
2019-01-21,0.47,31.37,24.92,26.5
2019-01-22,0.0,35.92,26.87,28.57
2019-01-23,0.09,34.76,24.43,26.08
2019-01-24,11.07,33.33,25.44,21.17
2019-01-25,0.69,34.17,23.91,28.3
2019-01-26,4.98,32.29,23.9,21.5
2019-01-27,1.47,29.39,22.54,21.03
2019-01-28,0.38,34.56,21.18,28.84
2019-01-29,1.14,35.82,23.38,28.9
2019-01-30,1.46,36.87,24.47,28.86
2019-01-31,0.0,37.49,26.33,27.64
2019-02-01,0.01,34.3,26.01,25.85
2019-02-02,0.0,38.54,24.8,26.74
2019-02-03,0.31,37.17,25.47,24.26
2019-02-04,0.38,35.64,24.46,24.49
2019-02-05,4.91,34.62,23.73,19.97
2019-02-06,3.84,34.02,23.84,17.81
2019-02-07,2.5,34.74,23.86,27.37
2019-02-08,0.1,35.32,23.27,26.36
2019-02-09,0.66,36.53,24.07,24.51
2019-02-10,3.3,34.99,24.7,21.0
2019-02-11,3.6,31.9,24.63,22.08
2019-02-12,26.06,29.31,24.61,10.05
2019-02-13,21.01,28.29,23.75,17.82
2019-02-14,27.14,30.17,22.49,16.77
2019-02-15,3.5,29.2,23.5,17.55
2019-02-16,1.92,29.01,23.02,15.03
2019-02-17,0.06,25.95,20.81,22.88
2019-02-18,3.41,28.48,19.38,23.69
2019-02-19,3.84,30.52,20.63,24.81
2019-02-20,13.35,30.55,23.18,10.95
2019-02-21,9.98,28.81,22.94,18.17
2019-02-22,5.0,29.54,22.51,22.76
2019-02-23,0.55,30.06,23.21,25.25
2019-02-24,0.05,30.67,23.02,22.82
2019-02-25,4.7,30.45,22.33,25.69
2019-02-26,15.5,28.92,23.66,14.25
2019-02-27,46.57,27.35,22.38,16.2
2019-02-28,28.82,25.92,22.33,11.39
2019-03-01,4.23,28.06,21.65,17.4
2019-03-02,16.55,25.46,22.66,15.35
2019-03-03,17.43,28.31,21.96,19.64
2019-03-04,3.57,28.74,21.45,18.51
2019-03-05,7.85,28.49,21.8,23.95
2019-03-06,0.22,30.64,20.68,25.21
2019-03-07,0.28,29.4,21.72,23.29
2019-03-08,2.14,30.82,21.94,23.77
2019-03-09,0.48,32.43,22.44,21.74
2019-03-10,3.03,28.72,23.52,22.55
2019-03-11,0.61,29.93,22.7,20.31
2019-03-12,1.85,30.11,21.65,24.11
2019-03-13,1.37,29.73,22.41,21.55
2019-03-14,1.24,27.88,22.9,18.31
2019-03-15,5.93,30.25,22.34,18.54
2019-03-16,1.76,30.64,22.35,20.88
2019-03-17,1.18,31.07,23.83,20.69
2019-03-18,9.15,30.44,24.69,20.73
2019-03-19,0.54,28.56,23.3,22.41
2019-03-20,10.24,28.68,23.15,15.8
2019-03-21,9.58,27.86,22.59,15.58
2019-03-22,0.07,28.49,19.51,14.13
2019-03-23,0.04,29.78,21.25,23.4
2019-03-24,0.0,31.13,20.95,22.66
2019-03-25,0.0,31.15,21.13,22.53
2019-03-26,0.0,32.01,22.04,22.16
2019-03-27,0.0,30.42,23.22,22.11
2019-03-28,0.41,30.91,22.8,21.64
2019-03-29,0.03,31.03,21.39,23.34
2019-03-30,0.0,31.07,20.84,23.85
2019-03-31,0.01,31.87,20.64,22.97
2019-04-01,0.0,32.49,20.85,21.84
2019-04-02,0.0,32.35,21.02,19.58
2019-04-03,0.01,33.05,22.74,20.87
2019-04-04,0.89,32.27,22.79,18.16
2019-04-05,1.63,27.91,23.48,18.23
2019-04-06,2.78,32.41,23.11,18.2
2019-04-07,24.44,29.49,23.2,12.46
2019-04-08,5.53,28.68,22.63,11.59
2019-04-09,0.06,29.27,20.8,16.46
2019-04-10,0.0,29.62,19.36,21.76
2019-04-11,0.0,30.43,20.16,21.14
2019-04-12,2.07,30.54,20.75,16.79
2019-04-13,25.42,28.29,22.6,15.18
2019-04-14,4.75,29.08,21.66,14.3
2019-04-15,2.11,29.73,23.56,15.82
2019-04-16,1.44,29.06,23.28,17.86
2019-04-17,0.07,30.74,21.84,20.82
2019-04-18,0.0,30.56,20.36,22.26
2019-04-19,0.01,30.21,18.72,21.94
2019-04-20,0.0,30.03,17.27,20.96
2019-04-21,0.01,31.49,18.03,19.57
2019-04-22,0.16,31.49,19.83,12.12
2019-04-23,0.62,30.34,22.19,17.53
2019-04-24,1.79,30.91,22.54,19.82
2019-04-25,0.39,32.18,21.65,17.53
2019-04-26,0.01,31.97,21.11,19.08
2019-04-27,0.01,32.26,21.06,19.57
2019-04-28,8.02,30.9,21.24,16.86
2019-04-29,4.27,29.47,21.51,15.43
2019-04-30,0.0,29.42,19.01,19.05
2019-05-01,2.02,30.98,20.31,10.41
2019-05-02,0.04,29.67,21.28,16.31
2019-05-03,8.08,28.49,21.95,13.98
2019-05-04,3.13,26.93,22.59,10.08
2019-05-05,0.73,28.75,21.57,16.89
2019-05-06,0.16,30.47,20.64,17.92
2019-05-07,0.2,30.99,22.77,17.96
2019-05-08,0.01,30.91,21.31,17.8
2019-05-09,0.37,31.49,21.51,18.22
2019-05-10,1.23,31.71,21.09,13.65
2019-05-11,1.63,31.77,21.56,14.97
2019-05-12,0.06,32.18,21.95,16.48
2019-05-13,0.07,30.54,22.08,15.49
2019-05-14,0.02,28.37,19.68,17.36
2019-05-15,0.02,26.7,17.15,11.97
2019-05-16,0.13,29.24,18.92,16.5
2019-05-17,1.96,26.99,19.53,15.52
2019-05-18,0.98,27.66,18.1,15.41
2019-05-19,0.09,28.59,16.62,17.07
2019-05-20,0.35,28.87,16.16,18.37
2019-05-21,0.64,29.88,15.29,18.18
2019-05-22,0.49,30.21,18.47,18.32
2019-05-23,0.0,30.72,17.27,16.29
2019-05-24,0.01,23.8,17.48,5.47
2019-05-25,0.0,24.79,12.87,18.25
2019-05-26,0.03,27.92,11.42,18.2
2019-05-27,0.0,31.73,15.0,17.78
2019-05-28,0.0,32.33,18.14,16.67
2019-05-29,0.0,32.27,20.44,16.65
2019-05-30,0.0,32.81,19.61,17.04
2019-05-31,0.0,32.25,18.67,15.0
2019-06-01,0.0,32.28,18.87,16.73
2019-06-02,0.05,31.0,18.28,16.2
2019-06-03,10.11,27.75,18.16,8.66
2019-06-04,0.29,27.48,16.68,13.9
2019-06-05,0.02,25.56,12.5,17.54
2019-06-06,0.02,28.41,12.84,17.1
2019-06-07,0.0,28.5,14.19,16.47
2019-06-08,0.03,27.96,15.92,15.73
2019-06-09,0.0,28.35,13.37,17.4
2019-06-10,0.0,29.58,14.53,16.84
2019-06-11,0.02,30.06,16.04,14.84
2019-06-12,0.0,29.84,16.57,15.65
2019-06-13,0.0,30.06,16.6,15.37
2019-06-14,0.0,30.64,17.25,16.61
2019-06-15,0.0,30.16,17.14,16.72
2019-06-16,0.0,29.73,17.08,16.22
2019-06-17,0.0,29.51,16.18,15.04
2019-06-18,0.02,29.83,15.47,16.79
2019-06-19,0.0,30.07,16.3,15.04
2019-06-20,0.0,30.31,17.21,15.95
2019-06-21,0.02,30.61,17.19,15.95
2019-06-22,0.0,29.72,15.37,16.49
2019-06-23,0.0,29.16,15.59,16.68
2019-06-24,0.02,29.81,15.11,16.78
2019-06-25,0.01,30.83,16.22,16.72
2019-06-26,0.0,31.19,18.08,15.17
2019-06-27,0.32,30.32,18.39,9.47
2019-06-28,0.01,32.45,18.63,16.29
2019-06-29,0.02,31.31,18.33,16.71
2019-06-30,0.0,31.56,17.65,16.62
2019-07-01,0.0,31.42,17.44,16.49
2019-07-02,0.0,31.16,17.69,14.91
2019-07-03,0.01,30.71,16.8,16.19
2019-07-04,4.2,29.02,20.12,5.03
2019-07-05,3.86,22.16,14.36,6.76
2019-07-06,0.0,19.96,8.48,16.86
2019-07-07,0.03,21.89,5.44,17.78
2019-07-08,0.02,27.05,8.35,17.33
2019-07-09,0.0,29.14,11.88,17.53
2019-07-10,0.0,28.83,12.8,16.94
2019-07-11,0.01,29.03,12.52,17.65
2019-07-12,0.0,30.48,13.16,17.53
2019-07-13,0.0,30.56,15.7,16.14
2019-07-14,0.0,31.53,19.3,14.55
2019-07-15,0.0,31.4,21.25,15.64
2019-07-16,0.02,28.8,17.85,14.18
2019-07-17,0.0,27.15,13.29,17.65
2019-07-18,0.02,29.34,11.91,16.4
2019-07-19,0.0,28.26,17.54,15.39
2019-07-20,0.0,28.13,14.54,17.2
2019-07-21,0.0,26.18,15.36,13.13
2019-07-22,0.0,28.81,16.64,14.53
2019-07-23,0.0,29.77,15.99,17.85
2019-07-24,0.0,31.27,16.72,18.15
2019-07-25,0.0,31.35,18.19,12.68
2019-07-26,0.0,31.88,17.79,16.9
2019-07-27,0.0,31.0,18.55,16.86
2019-07-28,0.0,30.48,16.2,18.58
2019-07-29,0.0,31.12,16.69,17.82
2019-07-30,0.0,31.28,19.63,16.26
2019-07-31,0.0,31.92,17.6,19.19
2019-08-01,0.0,33.68,17.52,18.91
2019-08-02,0.01,33.42,19.99,14.29
2019-08-03,1.05,23.42,15.3,11.29
2019-08-04,5.77,23.54,14.66,3.0
2019-08-05,28.09,24.78,13.41,10.48
2019-08-06,3.26,26.85,16.79,11.8
2019-08-07,0.16,29.62,16.64,19.24
2019-08-08,0.0,30.86,17.31,19.62
2019-08-09,0.0,31.85,18.01,19.83
2019-08-10,0.0,32.08,17.25,19.87
2019-08-11,0.0,33.5,18.29,20.03
2019-08-12,0.0,34.02,19.41,19.87
2019-08-13,0.0,33.71,20.83,19.08
2019-08-14,0.0,30.58,18.54,18.36
2019-08-15,0.0,29.97,16.33,18.63
2019-08-16,0.0,30.4,17.28,19.92
2019-08-17,0.0,31.31,17.15,20.0
2019-08-18,0.0,32.39,19.45,16.57
2019-08-19,0.05,32.71,21.67,13.34
2019-08-20,0.29,31.38,20.69,14.23
2019-08-21,0.0,31.85,18.06,19.96
2019-08-22,0.0,31.92,17.35,21.17
2019-08-23,0.0,31.06,16.32,19.41
2019-08-24,0.02,30.74,15.9,22.46
2019-08-25,0.0,32.92,14.91,22.49
2019-08-26,0.0,34.14,17.99,21.02
2019-08-27,0.0,32.38,21.26,16.92
2019-08-28,0.0,31.38,22.47,15.0
2019-08-29,0.0,32.38,20.37,19.84
2019-08-30,0.0,33.2,19.92,18.03
2019-08-31,0.04,36.4,23.55,20.27
2019-09-01,5.6,36.87,23.35,15.86
2019-09-02,9.09,32.13,20.12,17.76
2019-09-03,0.28,34.72,20.93,17.85
2019-09-04,0.0,35.37,23.11,20.53
2019-09-05,0.0,36.39,21.71,21.28
2019-09-06,0.0,36.14,21.79,20.24
2019-09-07,0.0,35.93,23.08,22.52
2019-09-08,0.0,36.78,23.29,22.93
2019-09-09,0.0,36.95,22.33,23.23
2019-09-10,0.0,37.42,22.29,22.36
2019-09-11,0.0,39.2,22.38,23.12
2019-09-12,0.0,39.52,22.16,23.0
2019-09-13,0.0,39.17,22.74,22.48
2019-09-14,0.04,38.95,23.73,21.84
2019-09-15,0.0,39.07,24.49,22.99
2019-09-16,0.0,38.48,23.25,23.94
2019-09-17,0.0,39.03,23.05,24.38
2019-09-18,0.0,39.17,22.17,20.04
2019-09-19,0.02,39.65,24.68,20.21
2019-09-20,2.54,38.86,25.1,12.25
2019-09-21,4.29,36.62,25.22,19.73
2019-09-22,0.0,36.57,24.31,20.99
2019-09-23,0.0,36.22,19.69,23.93
2019-09-24,0.54,36.65,24.7,20.29
2019-09-25,11.28,33.61,21.4,9.98
2019-09-26,8.43,24.55,19.67,8.31
2019-09-27,0.02,31.43,17.31,24.67
2019-09-28,0.0,32.74,17.35,25.53
2019-09-29,0.0,33.93,17.69,26.25
2019-09-30,0.0,35.02,17.12,25.93
2019-10-01,0.0,37.77,20.12,26.26
2019-10-02,0.0,38.88,23.44,22.74
2019-10-03,0.21,37.88,26.18,23.78
2019-10-04,0.0,39.12,20.73,26.73
2019-10-05,0.0,38.87,22.2,26.71
2019-10-06,0.0,37.79,25.5,17.69
2019-10-07,1.48,34.54,24.41,23.23
2019-10-08,6.96,32.43,22.86,12.38
2019-10-09,0.93,28.68,22.37,15.59
2019-10-10,0.11,30.6,22.04,21.24
2019-10-11,0.0,34.0,21.29,25.84
2019-10-12,0.0,34.02,22.93,24.9
2019-10-13,2.34,36.16,23.83,21.69
2019-10-14,0.02,37.97,23.43,26.31
2019-10-15,0.53,37.74,24.56,25.66
2019-10-16,0.11,38.67,23.71,25.89
2019-10-17,0.02,39.2,26.48,24.66
2019-10-18,1.43,39.27,27.22,23.58
2019-10-19,1.76,37.04,26.47,20.34
2019-10-20,9.67,36.32,25.46,19.62
2019-10-21,19.42,29.19,22.68,17.54
2019-10-22,6.17,27.99,22.99,11.8
2019-10-23,0.01,32.3,21.97,24.85
2019-10-24,0.0,34.74,21.69,28.37
2019-10-25,0.03,36.98,23.2,28.15
2019-10-26,0.09,37.66,22.73,27.57
2019-10-27,1.85,36.65,24.4,27.37
2019-10-28,1.94,32.33,23.98,19.91
2019-10-29,0.47,35.63,22.68,28.0
2019-10-30,0.25,37.35,23.71,28.41
2019-10-31,0.53,37.14,24.4,28.58
2019-11-01,0.21,37.53,23.47,27.56
2019-11-02,0.19,37.45,24.02,28.03
2019-11-03,0.04,38.87,25.79,27.95
2019-11-04,0.16,38.84,26.8,26.9
2019-11-05,3.81,35.16,26.51,24.31
2019-11-06,6.05,37.09,24.17,18.42
2019-11-07,31.63,29.49,22.85,23.59
2019-11-08,4.81,27.95,23.16,14.52
2019-11-09,3.5,29.92,21.92,14.61
2019-11-10,1.36,29.37,21.72,16.85
2019-11-11,1.84,34.75,22.21,25.1
2019-11-12,1.59,30.59,22.67,23.49
2019-11-13,2.12,32.63,23.14,23.04
2019-11-14,2.3,32.37,24.25,20.13
2019-11-15,1.62,29.56,23.5,14.61
2019-11-16,0.01,35.13,21.87,29.18
2019-11-17,0.01,35.78,21.37,27.46
2019-11-18,0.26,36.58,21.29,29.49
2019-11-19,2.08,35.77,23.54,26.46
2019-11-20,3.96,34.79,23.16,26.72
2019-11-21,10.76,32.67,24.3,21.45
2019-11-22,0.97,31.42,23.14,28.29
2019-11-23,4.22,34.06,22.43,26.75
2019-11-24,17.07,30.45,23.43,18.03
2019-11-25,0.14,30.18,20.06,29.29
2019-11-26,0.57,31.7,23.93,23.84
2019-11-27,35.41,31.15,23.33,17.17
2019-11-28,11.45,30.07,22.64,18.66
2019-11-29,7.54,29.15,20.44,17.1
2019-11-30,4.08,29.93,23.56,17.46
2019-12-01,9.76,28.59,23.42,19.89
2019-12-02,3.27,29.04,24.1,20.86
2019-12-03,14.51,30.69,22.16,20.99
2019-12-04,4.7,28.93,23.27,22.65
2019-12-05,4.02,29.91,23.24,19.1
2019-12-06,5.96,30.36,23.86,17.08
2019-12-07,0.18,32.52,22.88,28.99
2019-12-08,0.61,33.18,21.95,28.8
2019-12-09,19.74,29.58,23.16,17.79
2019-12-10,5.17,29.33,23.05,21.07
2019-12-11,9.82,27.43,22.89,6.39
2019-12-12,5.41,29.83,22.49,19.22
2019-12-13,4.19,29.93,22.49,18.35
2019-12-14,6.0,28.19,23.26,19.19
2019-12-15,1.73,32.11,23.73,23.34
2019-12-16,3.75,32.59,23.11,24.33
2019-12-17,33.02,29.51,23.36,20.99
2019-12-18,0.51,28.17,22.78,15.79
2019-12-19,0.07,29.96,20.97,11.62
2019-12-20,6.54,29.54,21.78,22.19
2019-12-21,3.85,29.84,22.37,20.14
2019-12-22,6.7,29.19,21.53,14.53
2019-12-23,18.54,30.29,22.99,17.58
2019-12-24,3.42,31.19,23.04,28.11
2019-12-25,0.3,32.31,21.8,30.36
2019-12-26,4.13,32.7,22.7,27.55
2019-12-27,2.13,31.4,23.13,28.95
2019-12-28,3.11,31.36,23.48,24.49
2019-12-29,0.33,31.53,24.26,26.29
2019-12-30,1.99,31.44,24.11,27.04
2019-12-31,4.16,33.09,25.7,28.26
2020-01-01,3.5,31.95,24.34,25.28
2020-01-02,11.52,31.14,23.94,27.56
2020-01-03,14.16,31.1,23.66,20.42
2020-01-04,16.8,30.63,21.14,21.12
2020-01-05,8.57,30.36,20.63,17.59
2020-01-06,0.8,31.75,22.19,21.76
2020-01-07,7.04,28.86,23.18,15.13
2020-01-08,6.65,28.68,23.36,17.9
2020-01-09,10.7,28.72,23.53,17.29
2020-01-10,0.84,31.55,22.96,24.81
2020-01-11,0.53,31.89,25.41,22.9
2020-01-12,2.6,30.37,24.38,16.21
2020-01-13,5.55,29.93,24.1,22.6
2020-01-14,1.04,33.15,23.29,28.31
2020-01-15,0.06,33.6,23.46,28.55
2020-01-16,0.02,33.72,26.63,27.81
2020-01-17,9.7,31.56,25.12,23.09
2020-01-18,2.28,30.74,21.13,24.51
2020-01-19,2.54,32.33,24.43,24.22
2020-01-20,6.3,32.08,26.01,24.48
2020-01-21,6.05,32.11,25.18,23.36
2020-01-22,7.18,30.03,24.54,16.58
2020-01-23,32.35,30.32,22.94,14.23
2020-01-24,6.79,29.83,23.73,17.76
2020-01-25,0.37,30.22,21.73,28.34
2020-01-26,0.0,31.18,22.75,29.23
2020-01-27,0.0,32.22,21.86,28.94
2020-01-28,0.13,32.5,23.55,28.95
2020-01-29,4.01,31.96,23.45,24.35
2020-01-30,12.46,27.33,23.73,21.86
2020-01-31,9.42,28.63,22.96,19.77
2020-02-01,3.33,30.27,23.16,22.25
2020-02-02,0.84,30.55,23.72,21.73
2020-02-03,2.92,31.77,23.13,19.67
2020-02-04,16.46,30.25,22.95,22.09
2020-02-05,9.55,28.43,23.38,22.36
2020-02-06,8.97,28.26,22.71,20.51
2020-02-07,5.84,28.44,21.94,19.5
2020-02-08,1.64,27.66,20.07,20.21
2020-02-09,3.74,29.09,21.83,16.16
2020-02-10,16.84,29.36,21.11,13.6
2020-02-11,14.56,25.96,23.55,13.68
2020-02-12,1.53,29.9,21.68,18.63
2020-02-13,0.29,30.47,21.27,24.4
2020-02-14,0.08,31.55,20.58,26.47
2020-02-15,0.1,32.37,22.09,25.86
2020-02-16,2.22,31.95,23.66,25.88
2020-02-17,2.76,31.65,23.48,25.22
2020-02-18,5.02,31.04,23.7,25.13
2020-02-19,0.72,31.64,23.88,23.51
2020-02-20,17.71,28.48,23.92,18.26
2020-02-21,4.16,29.92,23.12,15.28
2020-02-22,19.08,29.67,23.4,16.87
2020-02-23,26.51,30.14,22.38,14.25
2020-02-24,6.44,27.76,23.28,12.56
2020-02-25,2.78,29.88,22.82,14.48
2020-02-26,13.31,28.46,23.32,9.93
2020-02-27,15.97,27.55,19.94,15.97
2020-02-28,1.82,30.29,20.66,20.52
2020-02-29,0.55,29.49,19.65,22.17
2020-03-01,0.49,28.97,20.26,19.99
2020-03-02,0.16,28.43,20.69,22.35
2020-03-03,0.45,29.14,19.21,24.7
2020-03-04,0.03,30.43,19.81,26.56
2020-03-05,0.01,30.62,19.82,27.11
2020-03-06,0.02,29.99,19.16,27.2
2020-03-07,0.02,29.97,18.22,27.26
2020-03-08,0.0,30.46,17.69,27.03
2020-03-09,0.0,31.32,19.04,26.39
2020-03-10,0.02,32.34,19.67,25.78
2020-03-11,0.07,32.38,21.76,23.83
2020-03-12,1.26,33.3,22.73,24.04
2020-03-13,0.07,33.55,22.04,25.99
2020-03-14,2.42,32.84,22.29,23.56
2020-03-15,8.72,29.85,22.99,21.43
2020-03-16,2.42,31.08,21.91,22.49
2020-03-17,0.14,33.08,22.49,23.79
2020-03-18,0.05,32.73,22.79,23.37
2020-03-19,2.17,32.76,23.6,15.68
2020-03-20,14.65,30.61,23.61,17.39
2020-03-21,9.05,29.48,24.15,16.65
2020-03-22,10.15,29.01,22.14,19.03
2020-03-23,0.13,29.89,19.68,23.01
2020-03-24,0.01,30.17,20.56,22.17
2020-03-25,0.0,29.9,19.14,23.25
2020-03-26,0.01,29.89,19.24,22.45
2020-03-27,0.0,30.97,20.3,22.49
2020-03-28,0.29,28.29,22.42,18.48
2020-03-29,2.23,27.85,22.29,8.62
2020-03-30,1.1,29.35,21.6,22.31
2020-03-31,0.01,32.13,20.63,22.89
2020-04-01,0.07,32.56,21.38,22.52
2020-04-02,1.61,33.68,23.72,20.57
2020-04-03,0.1,33.51,23.54,21.43
2020-04-04,0.0,32.62,19.04,23.57
2020-04-05,0.0,34.09,20.39,22.87
2020-04-06,0.12,34.7,21.68,22.3
2020-04-07,2.03,31.86,24.26,14.54
2020-04-08,0.01,32.23,22.56,20.81
2020-04-09,0.0,31.47,20.15,22.91
2020-04-10,0.0,31.51,17.41,23.03
2020-04-11,0.0,32.81,18.6,19.25
2020-04-12,0.0,32.57,19.64,20.47
2020-04-13,9.04,32.31,20.13,21.04
2020-04-14,12.2,28.83,20.5,11.08
2020-04-15,1.89,26.5,18.91,17.41
2020-04-16,0.02,29.02,14.51,20.49
2020-04-17,0.06,29.11,17.22,20.48
2020-04-18,1.77,29.6,18.85,19.83
2020-04-19,0.6,29.85,18.77,19.42
2020-04-20,0.02,30.65,20.78,19.06
2020-04-21,1.28,31.08,19.81,20.38
2020-04-22,0.03,31.19,18.27,21.19
2020-04-23,0.01,31.59,17.88,21.55
2020-04-24,0.0,32.08,17.98,20.59
2020-04-25,0.0,32.52,21.61,20.47
2020-04-26,0.0,31.8,18.78,20.9
2020-04-27,0.02,31.75,19.47,20.04
2020-04-28,0.03,30.87,18.65,20.84
2020-04-29,0.0,31.16,17.36,20.63
2020-04-30,0.0,31.47,17.28,19.53
2020-05-01,0.0,32.07,18.54,20.21
2020-05-02,0.0,32.24,17.98,19.56
2020-05-03,0.01,31.52,18.81,19.36
2020-05-04,0.0,31.36,16.28,19.25
2020-05-05,0.0,30.01,17.73,16.59
2020-05-06,0.01,32.31,20.4,8.14
2020-05-07,0.0,26.89,18.31,12.37
2020-05-08,0.0,27.18,14.84,20.0
2020-05-09,0.0,29.99,14.09,19.61
2020-05-10,0.0,30.26,15.63,19.54
2020-05-11,0.0,30.34,15.63,18.21
2020-05-12,0.0,30.3,16.38,14.02
2020-05-13,0.0,29.59,17.87,6.97
2020-05-14,0.39,27.88,20.05,8.84
2020-05-15,0.04,28.18,19.24,10.13
2020-05-16,0.0,29.06,17.81,16.37
2020-05-17,0.0,29.82,16.41,18.46
2020-05-18,0.01,30.63,15.02,18.58
2020-05-19,0.0,30.69,16.71,18.09
2020-05-20,0.0,30.48,19.52,16.3
2020-05-21,0.0,31.88,18.52,17.6
2020-05-22,3.28,32.14,18.45,17.14
2020-05-23,10.1,24.17,16.42,5.04
2020-05-24,0.74,21.66,13.38,8.65
2020-05-25,0.0,24.07,10.41,16.83
2020-05-26,0.01,24.31,11.16,18.25
2020-05-27,0.0,24.92,10.11,17.95
2020-05-28,0.0,27.29,10.26,18.33
2020-05-29,0.0,28.45,11.62,18.28
2020-05-30,0.0,28.3,12.03,18.38
2020-05-31,0.01,28.0,13.53,17.81
2020-06-01,0.0,29.34,14.1,17.15
2020-06-02,0.01,29.76,16.0,12.05
2020-06-03,1.03,28.18,17.19,6.71
2020-06-04,0.02,31.78,17.99,11.06
2020-06-05,0.0,32.05,19.1,13.08
2020-06-06,0.0,31.67,19.5,12.54
2020-06-07,0.0,30.48,18.64,11.03
2020-06-08,0.01,32.73,19.51,15.35
2020-06-09,0.37,32.74,20.73,11.96
2020-06-10,0.03,33.27,20.36,14.09
2020-06-11,0.01,32.65,18.75,15.42
2020-06-12,0.01,32.54,18.75,16.41
2020-06-13,0.0,32.28,18.26,16.25
2020-06-14,0.0,31.99,20.56,15.89
2020-06-15,0.0,30.86,18.1,16.57
2020-06-16,0.0,29.92,16.83,16.73
2020-06-17,0.05,29.23,17.86,15.47
2020-06-18,0.02,29.53,16.66,14.88
2020-06-19,0.02,30.54,16.92,14.27
2020-06-20,0.0,31.19,16.62,16.98
2020-06-21,0.0,31.47,17.57,16.16
2020-06-22,0.0,30.88,16.33,16.35
2020-06-23,0.0,29.84,15.93,14.5
2020-06-24,0.01,30.62,15.32,15.08
2020-06-25,0.01,31.69,18.78,15.73
2020-06-26,0.74,31.1,20.35,12.95
2020-06-27,2.16,29.12,19.18,4.32
2020-06-28,3.54,26.25,17.59,8.33
2020-06-29,0.01,29.41,15.49,13.82
2020-06-30,0.0,29.88,19.08,16.28
2020-07-01,0.1,21.07,14.16,11.99
2020-07-02,0.02,25.14,10.98,16.33
2020-07-03,0.0,26.06,12.94,17.28
2020-07-04,0.0,29.79,13.48,17.37
2020-07-05,0.0,31.54,16.79,14.4
2020-07-06,0.0,32.7,17.71,16.56
2020-07-07,0.0,32.05,19.23,16.64
2020-07-08,0.0,31.69,17.14,15.56
2020-07-09,0.02,27.82,16.73,10.09
2020-07-10,0.0,30.86,15.02,16.95
2020-07-11,0.0,32.08,16.88,16.02
2020-07-12,0.0,32.04,18.22,16.25
2020-07-13,0.0,32.95,20.05,16.63
2020-07-14,0.0,32.78,23.06,15.64
2020-07-15,0.0,32.24,19.96,16.1
2020-07-16,0.0,30.77,21.17,16.66
2020-07-17,0.0,31.71,18.17,17.25
2020-07-18,0.0,31.37,18.06,17.66
2020-07-19,0.0,29.66,17.44,17.53
2020-07-20,0.0,30.6,16.11,17.82
2020-07-21,0.0,31.62,16.72,18.36
2020-07-22,0.0,32.31,17.42,18.28
2020-07-23,0.02,31.72,17.48,18.36
2020-07-24,0.0,31.39,16.48,18.38
2020-07-25,0.0,32.45,16.43,18.55
2020-07-26,0.03,31.99,16.06,18.14
2020-07-27,0.7,32.48,17.31,18.51
2020-07-28,1.12,32.35,17.77,17.3
2020-07-29,0.0,32.23,21.57,17.39
2020-07-30,0.0,31.2,19.0,17.67
2020-07-31,0.02,31.33,17.99,17.15
2020-08-01,0.07,30.97,19.55,17.02
2020-08-02,0.0,30.97,16.67,17.76
2020-08-03,0.01,30.52,16.28,19.45
2020-08-04,0.0,30.23,15.36,20.01
2020-08-05,0.0,30.54,14.59,20.03
2020-08-06,0.0,30.63,15.11,19.87
2020-08-07,0.0,30.07,15.19,19.93
2020-08-08,0.0,30.81,16.57,18.04
2020-08-09,0.0,30.79,17.53,20.09
2020-08-10,0.0,31.88,17.7,19.97
2020-08-11,0.0,32.3,18.65,15.6
2020-08-12,0.0,33.68,18.63,18.08
2020-08-13,0.04,34.79,19.66,19.25
2020-08-14,0.0,35.57,22.15,19.76
2020-08-15,0.02,35.21,21.37,19.43
2020-08-16,0.08,35.41,21.51,11.6
2020-08-17,0.2,36.54,22.43,13.57
2020-08-18,0.0,36.32,24.32,17.21
2020-08-19,0.55,37.18,21.91,18.15
2020-08-20,0.0,32.55,17.38,15.98
2020-08-21,2.13,24.34,16.11,3.28
2020-08-22,0.82,25.28,12.73,18.73
2020-08-23,0.0,28.74,15.6,21.29
2020-08-24,0.01,32.15,17.14,20.96
2020-08-25,0.0,31.62,16.75,22.06
2020-08-26,0.04,32.73,13.41,22.29
2020-08-27,0.0,33.7,14.2,22.75
2020-08-28,0.0,35.16,16.55,23.06
2020-08-29,0.0,35.22,19.12,22.49
2020-08-30,0.0,36.53,19.35,22.53
2020-08-31,0.06,36.89,20.18,22.41
2020-09-01,0.27,36.57,20.82,21.89
2020-09-02,0.26,34.85,21.6,21.95
2020-09-03,0.0,35.72,20.28,22.61
2020-09-04,0.0,36.98,20.79,23.15
2020-09-05,0.03,36.69,21.04,23.84
2020-09-06,0.0,36.26,20.36,23.71
2020-09-07,0.0,36.87,21.46,23.51
2020-09-08,0.0,38.16,21.3,23.71
2020-09-09,0.01,38.66,21.96,24.1
2020-09-10,0.0,38.65,22.99,22.77
2020-09-11,0.0,38.59,22.98,24.05
2020-09-12,0.0,38.27,22.44,23.15
2020-09-13,0.03,37.09,22.07,22.56
2020-09-14,0.0,37.03,20.85,20.39
2020-09-15,0.0,36.77,21.54,23.85
2020-09-16,0.51,36.93,21.84,23.95
2020-09-17,0.0,38.36,23.46,22.28
2020-09-18,0.02,38.18,24.6,13.43
2020-09-19,0.08,35.3,23.89,9.38
2020-09-20,0.93,35.78,24.43,8.33
2020-09-21,1.13,31.67,22.81,12.79
2020-09-22,3.1,31.03,19.93,15.85
2020-09-23,0.04,31.76,20.56,20.76
2020-09-24,0.0,35.14,20.68,25.43
2020-09-25,0.0,37.42,21.28,25.94
2020-09-26,0.0,38.69,23.21,26.45
2020-09-27,0.0,39.68,22.59,24.22
2020-09-28,0.01,40.29,26.07,23.7
2020-09-29,0.0,41.17,26.0,25.28
2020-09-30,0.0,41.79,25.63,25.72
2020-10-01,0.01,41.37,26.43,24.43
2020-10-02,0.0,41.87,26.57,26.0
2020-10-03,0.06,42.88,26.74,25.42
2020-10-04,0.15,42.88,26.79,24.15
2020-10-05,0.01,42.29,25.14,25.19
2020-10-06,0.0,42.46,26.64,24.1
2020-10-07,0.0,42.17,27.94,22.93
2020-10-08,1.29,41.67,27.7,17.63
2020-10-09,0.15,40.7,30.4,15.66
2020-10-10,2.94,35.38,24.98,16.87
2020-10-11,0.0,36.83,22.33,22.43
2020-10-12,0.0,37.73,22.04,20.66
2020-10-13,0.0,39.36,23.19,21.45
2020-10-14,0.03,39.3,26.85,20.07
2020-10-15,4.65,35.62,24.93,12.74
2020-10-16,0.19,34.28,23.53,16.12
2020-10-17,0.09,35.72,21.94,25.79
2020-10-18,0.18,35.61,23.99,24.01
2020-10-19,9.92,29.77,23.2,15.03
2020-10-20,15.09,30.36,21.78,13.65
2020-10-21,1.48,32.46,22.4,21.31
2020-10-22,2.96,33.67,22.92,22.72
2020-10-23,11.47,31.69,22.67,24.51
2020-10-24,5.64,32.4,21.68,17.11
2020-10-25,1.01,34.12,22.42,23.44
2020-10-26,4.62,33.64,23.37,16.56
2020-10-27,7.11,32.11,23.26,20.99
2020-10-28,0.53,34.24,21.49,26.67
2020-10-29,1.85,30.85,24.93,16.91
2020-10-30,1.0,32.75,23.35,18.58
2020-10-31,0.02,32.92,20.07,24.05
2020-11-01,0.0,32.14,18.42,28.16
2020-11-02,0.0,31.44,16.77,30.34
2020-11-03,0.04,32.15,15.9,27.09
2020-11-04,1.04,33.2,16.32,30.72
2020-11-05,0.04,34.46,17.62,30.64
2020-11-06,0.0,36.0,18.89,30.08
2020-11-07,0.0,38.08,19.68,30.76
2020-11-08,0.05,39.86,22.47,29.02
2020-11-09,15.91,36.06,25.99,16.75
2020-11-10,8.84,31.44,23.8,18.12
2020-11-11,24.64,30.6,22.93,21.76
2020-11-12,0.09,31.51,23.59,23.52
2020-11-13,4.94,31.09,22.56,23.15
2020-11-14,0.36,31.26,23.21,25.27
2020-11-15,4.18,34.04,22.26,27.62
2020-11-16,1.6,34.07,23.4,26.87
2020-11-17,5.21,35.16,23.95,21.81
2020-11-18,8.4,30.87,23.1,16.01
2020-11-19,6.32,31.22,22.53,18.98
2020-11-20,0.0,31.66,18.83,29.35
2020-11-21,2.53,32.76,17.83,31.07
2020-11-22,7.68,33.42,17.48,30.56
2020-11-23,0.02,34.81,19.6,30.5
2020-11-24,0.1,34.01,22.77,27.88
2020-11-25,0.06,35.26,23.59,29.18
2020-11-26,0.27,35.3,21.24,30.17
2020-11-27,0.04,36.77,22.11,28.77
2020-11-28,0.02,37.61,23.52,27.78
2020-11-29,0.0,36.98,23.43,29.64
2020-11-30,0.0,37.53,23.0,27.56
2020-12-01,1.94,39.01,24.22,25.5
2020-12-02,9.06,29.55,23.94,21.46
2020-12-03,1.33,33.96,24.01,13.35
2020-12-04,4.01,37.09,22.42,22.02
2020-12-05,1.84,36.43,23.47,22.93
2020-12-06,8.16,32.41,23.61,18.45
2020-12-07,4.16,31.92,23.92,16.33
2020-12-08,9.59,31.95,22.63,24.18
2020-12-09,0.63,34.52,23.72,26.8
2020-12-10,5.01,30.67,22.3,22.73
2020-12-11,3.07,25.23,20.46,12.96
2020-12-12,0.96,28.95,20.23,18.01
2020-12-13,1.83,32.02,22.01,23.93
2020-12-14,0.67,34.44,22.05,22.33
2020-12-15,10.6,31.49,23.3,25.84
2020-12-16,3.13,30.13,23.9,24.88
2020-12-17,1.44,33.17,23.39,21.83
2020-12-18,1.39,34.9,23.15,25.05
2020-12-19,0.44,35.55,23.48,25.07
2020-12-20,2.57,35.82,23.68,23.99
2020-12-21,2.55,35.46,23.92,26.38
2020-12-22,6.45,32.32,25.25,21.47
2020-12-23,1.64,34.74,23.33,22.63
2020-12-24,1.92,34.99,23.34,27.64
2020-12-25,0.21,34.98,22.79,26.64
2020-12-26,5.63,33.11,23.8,25.37
2020-12-27,21.41,30.69,23.36,13.72
2020-12-28,4.03,31.22,22.37,21.81
2020-12-29,3.13,30.9,21.64,22.41
2020-12-30,0.21,33.87,22.13,26.44
2020-12-31,0.75,33.16,23.43,19.9
2021-01-01,2.62,32.14,24.37,19.81
2021-01-02,0.37,34.79,24.13,26.93
2021-01-03,0.31,35.11,22.98,29.16
2021-01-04,1.52,35.41,22.29,24.18
2021-01-05,0.72,34.09,22.5,24.12
2021-01-06,2.35,34.11,25.63,20.51
2021-01-07,5.71,31.93,23.79,16.04
2021-01-08,1.98,33.15,22.3,24.95
2021-01-09,0.08,36.52,24.39,28.64
2021-01-10,1.28,35.87,24.59,20.55
2021-01-11,18.57,32.7,24.52,22.96
2021-01-12,2.1,29.88,24.3,19.74
2021-01-13,7.65,30.6,24.23,13.91
2021-01-14,1.48,29.62,23.34,15.69
2021-01-15,3.44,31.41,23.07,13.55
2021-01-16,3.52,30.09,22.3,18.21
2021-01-17,5.0,28.68,22.4,17.1
2021-01-18,11.68,31.26,21.06,20.99
2021-01-19,1.23,32.74,22.72,21.71
2021-01-20,0.15,33.87,22.8,19.22
2021-01-21,0.81,34.73,22.64,21.98
2021-01-22,0.17,35.75,22.56,19.42
2021-01-23,0.0,36.19,21.69,28.57
2021-01-24,0.01,35.67,23.0,18.39
2021-01-25,7.12,33.36,23.24,14.85
2021-01-26,1.38,34.87,22.23,23.06
2021-01-27,4.87,32.35,22.9,23.18
2021-01-28,5.03,33.3,23.0,23.81
2021-01-29,1.08,34.95,22.5,20.39
2021-01-30,0.16,36.44,22.86,20.21
2021-01-31,0.04,36.9,22.81,20.84
2021-02-01,4.64,33.33,23.88,24.14
2021-02-02,0.4,35.55,23.38,25.28
2021-02-03,5.68,36.82,24.29,24.7
2021-02-04,0.81,34.16,24.74,18.29
2021-02-05,4.09,33.72,24.48,20.09
2021-02-06,0.03,34.16,22.52,26.16
2021-02-07,0.0,34.31,20.45,29.02
2021-02-08,0.33,33.99,21.29,28.11
2021-02-09,0.27,34.69,20.94,27.0
2021-02-10,0.55,36.42,22.09,25.1
2021-02-11,2.43,33.95,23.92,11.62
2021-02-12,5.4,27.73,22.28,12.05
2021-02-13,0.17,32.92,21.83,23.49
2021-02-14,4.35,32.88,22.0,17.88
2021-02-15,12.66,30.2,22.59,20.75
2021-02-16,0.29,33.12,23.53,24.36
2021-02-17,1.93,33.1,23.48,18.2
2021-02-18,0.02,34.85,22.23,27.38
2021-02-19,0.0,35.96,20.61,30.4
2021-02-20,0.0,36.69,19.23,29.87
2021-02-21,0.01,37.34,21.24,27.95
2021-02-22,0.03,37.13,23.02,26.41
2021-02-23,0.5,36.89,24.36,24.19
2021-02-24,0.88,37.62,24.47,25.24
2021-02-25,5.27,36.64,24.44,24.57
2021-02-26,11.4,30.42,23.61,18.56
2021-02-27,2.93,32.22,22.49,22.38
2021-02-28,6.08,30.02,22.04,12.04
2021-03-01,8.0,30.29,20.63,21.93
2021-03-02,9.56,31.25,21.84,19.11
2021-03-03,10.66,29.26,22.26,16.32
2021-03-04,5.78,29.57,22.42,16.29
2021-03-05,5.61,29.41,22.29,16.62
2021-03-06,9.39,27.51,21.71,17.95
2021-03-07,1.58,29.27,20.6,20.04
2021-03-08,1.27,29.44,21.22,21.22
2021-03-09,0.07,30.52,20.69,25.23
2021-03-10,0.65,32.91,20.61,23.99
2021-03-11,0.31,32.89,22.26,23.36
2021-03-12,0.0,34.88,22.02,25.93
2021-03-13,0.01,35.59,22.37,24.6
2021-03-14,0.03,31.77,24.15,23.28
2021-03-15,0.41,34.02,21.1,23.32
2021-03-16,0.48,34.36,23.12,22.2
2021-03-17,0.7,30.47,23.6,21.67
2021-03-18,1.15,33.26,21.81,18.47
2021-03-19,13.15,33.86,24.19,19.36
2021-03-20,2.88,33.95,22.76,24.28
2021-03-21,0.28,34.6,21.99,24.42
2021-03-22,0.0,35.22,21.05,24.47
2021-03-23,0.0,35.85,22.77,21.02
2021-03-24,0.0,35.2,24.13,23.22
2021-03-25,0.14,36.31,24.43,22.34
2021-03-26,0.17,36.24,23.78,19.34
2021-03-27,1.37,34.53,23.76,21.14
2021-03-28,0.03,36.64,23.44,22.05
2021-03-29,1.03,36.2,24.2,22.74
2021-03-30,1.49,35.92,22.63,23.51
2021-03-31,0.24,34.38,22.13,19.73
2021-04-01,0.01,34.44,21.66,20.67
2021-04-02,0.0,34.48,21.42,23.88
2021-04-03,0.01,35.05,20.1,23.71
2021-04-04,0.0,35.18,21.66,21.61
2021-04-05,0.22,35.69,20.98,22.44
2021-04-06,4.23,32.38,24.12,16.38
2021-04-07,0.12,32.71,21.67,17.71
2021-04-08,0.01,31.31,22.06,21.28
2021-04-09,0.0,33.45,20.06,23.28
2021-04-10,0.0,33.65,19.25,22.62
2021-04-11,0.0,33.65,19.59,23.63
2021-04-12,0.0,34.33,18.95,23.33
2021-04-13,0.0,35.31,21.82,20.65
2021-04-14,0.01,34.02,21.68,19.35
2021-04-15,3.37,34.1,19.54,20.59
2021-04-16,14.45,32.66,20.75,16.78
2021-04-17,4.69,30.55,20.3,17.14
2021-04-18,0.08,30.43,20.76,17.81
2021-04-19,0.0,30.77,19.42,20.52
2021-04-20,0.0,30.51,17.62,21.82
2021-04-21,0.0,30.01,16.8,21.76
2021-04-22,0.04,30.17,16.02,22.04
2021-04-23,0.02,30.49,15.78,21.0
2021-04-24,0.01,31.81,16.11,21.48
2021-04-25,0.01,32.59,19.19,16.33
2021-04-26,0.01,31.98,20.69,16.08
2021-04-27,0.0,31.85,18.88,20.29
2021-04-28,0.0,32.39,16.65,21.56
2021-04-29,0.01,29.95,16.98,19.11
2021-04-30,0.01,31.8,16.47,17.41
2021-05-01,0.04,29.06,21.65,16.64
2021-05-02,0.0,32.3,19.38,19.19
2021-05-03,0.0,32.23,17.04,20.42
2021-05-04,0.0,33.06,17.07,20.48
2021-05-05,0.1,32.49,17.55,20.4
2021-05-06,1.21,31.97,18.55,19.76
2021-05-07,0.0,29.92,17.36,13.57
2021-05-08,0.09,30.5,17.35,18.58
2021-05-09,0.03,31.51,17.05,18.13
2021-05-10,0.01,32.09,17.83,16.53
2021-05-11,0.01,31.95,18.29,16.9
2021-05-12,0.0,32.03,19.06,15.68
2021-05-13,0.04,28.67,19.02,13.04
2021-05-14,0.01,29.78,17.93,14.19
2021-05-15,0.0,31.12,18.05,14.83
2021-05-16,0.0,31.57,18.04,17.43
2021-05-17,0.01,31.11,18.02,16.26
2021-05-18,0.0,30.94,17.47,17.48
2021-05-19,0.0,31.13,17.74,17.75
2021-05-20,0.03,31.82,17.64,17.97
2021-05-21,0.0,32.51,18.17,17.17
2021-05-22,7.48,30.1,21.43,3.63
2021-05-23,3.91,26.06,16.52,7.03
2021-05-24,0.0,25.67,15.16,12.79
2021-05-25,0.03,28.32,14.28,15.78
2021-05-26,0.04,30.83,16.23,15.92
2021-05-27,0.0,33.14,18.72,16.34
2021-05-28,0.0,33.38,19.88,12.95
2021-05-29,0.0,32.65,20.27,15.19
2021-05-30,0.01,32.22,21.35,13.82
2021-05-31,0.0,31.06,20.97,12.21
2021-06-01,0.0,30.81,18.54,15.16
2021-06-02,0.19,31.97,18.72,15.81
2021-06-03,0.0,32.87,18.95,16.61
2021-06-04,0.06,33.18,18.74,15.99
2021-06-05,0.0,31.71,17.5,15.47
2021-06-06,0.0,31.65,19.95,15.72
2021-06-07,0.05,32.0,19.47,13.84
2021-06-08,0.54,31.6,18.96,9.66
2021-06-09,0.56,32.38,18.93,10.43
2021-06-10,2.75,32.56,20.47,6.21
2021-06-11,3.91,26.19,19.11,7.37
2021-06-12,0.05,26.94,16.95,12.85
2021-06-13,0.0,27.79,14.15,17.46
2021-06-14,0.06,29.83,14.08,16.32
2021-06-15,0.0,29.81,15.58,17.13
2021-06-16,0.03,28.54,13.95,17.3
2021-06-17,0.0,28.44,14.54,14.99
2021-06-18,0.0,30.57,15.93,16.09
2021-06-19,0.0,31.27,16.1,16.03
2021-06-20,0.0,27.52,17.86,14.56
2021-06-21,0.0,30.61,16.12,14.94
2021-06-22,0.01,31.22,20.33,14.56
2021-06-23,0.07,30.09,18.31,16.12
2021-06-24,0.0,31.97,16.67,16.45
2021-06-25,0.0,32.44,20.33,15.36
2021-06-26,0.05,32.04,18.68,16.4
2021-06-27,0.0,30.47,16.52,16.67
2021-06-28,0.08,27.41,14.51,14.26
2021-06-29,0.01,19.77,10.96,13.96
2021-06-30,0.02,19.32,8.52,15.98
2021-07-01,0.0,25.16,5.56,18.09
2021-07-02,0.02,29.27,10.44,17.8
2021-07-03,0.0,29.16,13.43,17.86
2021-07-04,0.0,28.77,13.58,17.11
2021-07-05,0.0,28.59,13.26,16.58
2021-07-06,0.05,28.21,13.29,17.25
2021-07-07,0.02,27.95,12.26,17.71
2021-07-08,0.0,27.79,12.3,17.98
2021-07-09,0.0,29.09,12.17,17.57
2021-07-10,0.0,29.97,13.92,17.69
2021-07-11,0.0,29.44,14.92,17.66
2021-07-12,0.0,30.16,15.0,17.81
2021-07-13,0.0,30.79,14.58,17.64
2021-07-14,0.0,30.7,15.53,17.69
2021-07-15,0.0,31.25,16.25,17.94
2021-07-16,0.08,31.54,17.55,17.1
2021-07-17,0.12,31.95,16.84,15.21
2021-07-18,0.0,27.55,15.26,12.21
2021-07-19,0.0,22.45,8.46,19.08
2021-07-20,0.0,23.24,7.67,16.45
2021-07-21,0.0,29.82,8.74,18.05
2021-07-22,0.01,31.93,12.85,18.06
2021-07-23,0.0,31.02,15.55,18.15
2021-07-24,0.0,30.31,15.16,18.67
2021-07-25,0.0,30.78,14.98,18.59
2021-07-26,0.0,31.93,15.67,18.81
2021-07-27,0.01,32.59,16.07,16.51
2021-07-28,0.18,22.39,13.92,6.49
2021-07-29,0.0,19.39,8.01,19.24
2021-07-30,0.0,23.12,6.14,18.83
2021-07-31,0.05,29.56,9.07,18.62
2021-08-01,0.0,29.23,12.37,17.96
2021-08-02,0.0,29.87,13.86,18.73
2021-08-03,0.0,28.52,14.22,19.73
2021-08-04,0.0,28.19,13.71,17.5
2021-08-05,0.02,29.18,15.86,11.68
2021-08-06,0.0,28.78,16.27,15.23
2021-08-07,0.0,30.11,18.55,18.17
2021-08-08,0.0,30.6,17.8,19.4
2021-08-09,0.0,31.53,16.62,19.84
2021-08-10,0.0,32.35,17.37,19.98
2021-08-11,0.61,33.16,20.31,19.73
2021-08-12,0.0,32.65,17.44,19.3
2021-08-13,0.0,33.59,16.9,19.31
2021-08-14,0.0,33.95,17.76,19.6
2021-08-15,0.0,34.37,18.59,18.5
2021-08-16,0.0,35.65,20.43,19.36
2021-08-17,0.01,36.16,21.59,19.91
2021-08-18,0.0,35.73,20.61,20.53
2021-08-19,0.0,34.5,20.34,21.01
2021-08-20,0.0,33.67,20.48,21.23
2021-08-21,0.01,33.3,19.85,21.34
2021-08-22,0.0,33.94,19.73,21.7
2021-08-23,0.0,35.07,19.52,19.05
2021-08-24,0.0,35.95,21.84,18.69
2021-08-25,0.0,36.91,21.75,19.96
2021-08-26,0.0,35.45,22.04,17.34
2021-08-27,0.2,32.84,20.01,13.3
2021-08-28,0.0,33.32,19.69,7.08
2021-08-29,2.44,30.89,19.04,7.71
2021-08-30,0.0,32.23,19.39,19.46
2021-08-31,0.0,32.49,20.47,22.08
2021-09-01,0.01,32.06,20.24,22.94
2021-09-02,0.01,32.01,18.32,22.36
2021-09-03,0.0,34.83,19.33,23.65
2021-09-04,0.0,36.13,19.58,23.43
2021-09-05,0.0,36.96,21.31,19.88
2021-09-06,0.0,37.3,22.26,21.74
2021-09-07,0.0,38.43,21.98,21.06
2021-09-08,0.02,39.24,23.42,19.51
2021-09-09,7.2,33.26,23.27,9.15
2021-09-10,0.03,31.36,19.99,18.62
2021-09-11,0.29,28.06,20.86,8.47
2021-09-12,0.0,38.09,20.69,21.73
2021-09-13,0.0,38.64,21.97,20.02
2021-09-14,0.91,37.89,22.72,16.89
2021-09-15,0.44,38.0,24.0,17.65
2021-09-16,0.02,38.69,24.77,15.67
2021-09-17,0.0,37.98,24.42,19.91
2021-09-18,0.0,38.45,23.95,21.98
2021-09-19,0.0,38.83,22.73,23.42
2021-09-20,0.0,40.22,25.86,22.4
2021-09-21,0.0,40.96,27.8,20.6
2021-09-22,0.0,35.07,22.26,21.25
2021-09-23,0.0,35.31,18.96,23.62
2021-09-24,0.0,36.82,21.89,22.07
2021-09-25,0.0,37.3,22.8,19.26
2021-09-26,4.4,38.23,24.2,21.17
2021-09-27,4.05,35.26,21.94,21.44
2021-09-28,0.0,36.76,22.87,23.3
2021-09-29,0.07,35.89,25.17,21.42
2021-09-30,0.03,38.22,24.69,24.6
2021-10-01,4.69,36.71,24.87,17.04
2021-10-02,6.57,35.24,23.09,12.04
2021-10-03,2.31,34.42,23.24,21.75
2021-10-04,5.0,36.34,23.46,20.8
2021-10-05,6.03,34.32,23.33,23.99
2021-10-06,1.32,35.81,23.18,22.4
2021-10-07,10.31,34.43,24.23,7.42
2021-10-08,0.0,35.08,22.3,24.88
2021-10-09,0.46,36.97,23.15,23.95
2021-10-10,40.5,31.04,22.84,3.63
2021-10-11,12.75,30.83,21.73,17.71
2021-10-12,0.02,31.85,19.98,24.02
2021-10-13,0.03,33.82,19.82,26.92
2021-10-14,11.14,33.92,22.18,8.11
2021-10-15,8.41,32.32,24.15,21.4
2021-10-16,6.39,30.21,23.84,20.05
2021-10-17,0.23,31.67,23.28,23.61
2021-10-18,9.0,31.57,23.33,18.98
2021-10-19,7.54,30.23,20.35,13.82
2021-10-20,0.56,29.95,17.94,27.71
2021-10-21,0.0,30.89,16.95,28.34
2021-10-22,0.01,32.89,17.58,28.35
2021-10-23,11.76,35.76,18.96,26.0
2021-10-24,14.97,29.24,19.79,7.38
2021-10-25,0.07,30.12,18.92,22.63
2021-10-26,0.55,30.79,21.3,20.07
2021-10-27,0.85,29.46,22.27,17.59
2021-10-28,0.12,29.2,22.87,21.14
2021-10-29,0.02,32.79,21.63,26.55
2021-10-30,10.67,33.81,22.37,23.39
2021-10-31,10.61,30.06,22.3,13.66
2021-11-01,1.25,31.09,21.9,24.39
2021-11-02,0.0,32.53,20.47,27.41
2021-11-03,0.02,33.3,20.66,27.74
2021-11-04,0.01,34.56,22.89,28.53
2021-11-05,0.05,35.9,22.48,26.66
2021-11-06,0.03,36.51,23.14,24.94
2021-11-07,4.38,36.12,23.62,27.69
2021-11-08,1.2,37.1,22.31,26.76
2021-11-09,11.62,34.77,23.53,28.31
2021-11-10,9.08,34.25,24.11,24.57
2021-11-11,18.25,29.29,22.84,16.93
2021-11-12,0.2,29.94,19.58,18.51
2021-11-13,0.0,29.52,18.43,29.75
2021-11-14,11.87,31.59,19.63,25.87
2021-11-15,0.01,30.86,20.81,26.63
2021-11-16,0.05,31.46,21.9,25.72
2021-11-17,4.75,28.92,22.45,17.87
2021-11-18,30.64,27.35,22.31,13.87
2021-11-19,25.97,27.33,22.22,17.15
2021-11-20,6.52,29.96,21.84,23.84
2021-11-21,0.01,30.82,18.94,30.12
2021-11-22,0.01,32.43,18.92,31.24
2021-11-23,0.01,34.19,20.61,31.49
2021-11-24,0.18,35.04,22.19,26.46
2021-11-25,0.89,33.2,24.9,25.12
2021-11-26,5.13,30.1,23.84,21.6
2021-11-27,5.0,32.92,23.77,30.0
2021-11-28,6.33,32.73,22.38,23.96
2021-11-29,7.39,30.12,23.79,17.19
2021-11-30,7.06,27.16,21.43,13.26
2021-12-01,0.16,32.27,20.75,28.9
2021-12-02,0.03,33.68,22.38,23.86
2021-12-03,1.56,33.17,22.06,29.26
2021-12-04,0.8,33.62,21.21,29.05
2021-12-05,9.67,32.03,23.04,23.71
2021-12-06,8.21,32.57,23.28,26.34
2021-12-07,0.33,31.54,20.89,28.64
2021-12-08,0.13,30.68,17.92,29.81
2021-12-09,0.0,31.98,18.13,31.65
2021-12-10,0.19,33.68,17.62,32.39
2021-12-11,0.0,35.57,19.97,31.37
2021-12-12,5.48,31.38,22.67,23.2
2021-12-13,10.65,27.57,23.17,20.08
2021-12-14,75.2,26.41,22.87,14.35
2021-12-15,16.02,27.04,22.66,4.78
2021-12-16,22.28,29.42,21.73,13.2
2021-12-17,6.9,30.33,22.35,21.46
2021-12-18,4.33,30.09,21.95,17.67
2021-12-19,0.67,30.26,20.31,27.76
2021-12-20,0.06,30.88,19.44,29.75
2021-12-21,0.49,31.35,21.87,29.69
2021-12-22,0.11,31.32,23.4,28.53
2021-12-23,0.86,31.63,22.65,17.9
2021-12-24,0.49,30.35,19.44,30.91
2021-12-25,0.0,30.51,18.06,31.73
2021-12-26,0.0,31.99,23.95,31.03
2021-12-27,0.11,33.0,21.34,30.46
2021-12-28,5.6,32.64,22.0,23.79
2021-12-29,6.01,30.64,22.8,6.16
2021-12-30,4.62,29.32,22.17,21.27
2021-12-31,1.71,30.32,21.65,23.84
2022-01-01,2.25,28.91,22.79,22.08
2022-01-02,2.14,29.41,21.35,22.64
2022-01-03,9.93,30.58,22.2,24.55
2022-01-04,18.45,27.05,22.72,21.48
2022-01-05,6.3,29.46,22.25,20.76
2022-01-06,8.53,27.42,22.11,20.67
2022-01-07,11.43,28.76,21.3,18.6
2022-01-08,0.62,30.23,19.83,24.9
2022-01-09,0.26,29.86,20.02,23.27
2022-01-10,4.1,29.71,18.75,19.51
2022-01-11,0.57,28.96,20.89,26.03
2022-01-12,3.05,27.31,20.2,23.07
2022-01-13,2.43,30.59,20.43,22.39
2022-01-14,0.66,31.82,21.33,27.11
2022-01-15,0.0,34.72,23.09,25.9
2022-01-16,4.71,30.72,22.62,15.05
2022-01-17,1.06,32.59,20.45,21.46
2022-01-18,12.53,29.62,22.8,16.55
2022-01-19,8.62,30.82,21.69,24.84
2022-01-20,0.37,29.9,22.34,28.14
2022-01-21,1.13,32.76,24.12,26.73
2022-01-22,0.49,33.79,23.15,24.08
2022-01-23,3.28,33.12,23.46,22.03
2022-01-24,6.08,32.15,24.21,27.37
2022-01-25,5.73,26.88,24.01,24.94
2022-01-26,2.52,31.6,22.34,24.71
2022-01-27,3.83,31.58,22.73,23.19
2022-01-28,10.35,29.3,22.1,21.23
2022-01-29,16.56,26.33,22.68,12.15
2022-01-30,45.82,26.57,21.48,15.43
2022-01-31,29.84,26.71,21.85,14.76
2022-02-01,31.07,25.92,21.05,9.16
2022-02-02,9.46,26.89,21.85,13.87
2022-02-03,57.09,27.96,21.62,21.08
2022-02-04,3.19,29.29,21.65,25.71
2022-02-05,3.19,29.26,23.12,23.16
2022-02-06,8.6,27.93,22.4,14.34
2022-02-07,11.77,28.27,22.38,19.78
2022-02-08,10.71,29.09,21.97,26.31
2022-02-09,2.85,29.82,19.9,27.8
2022-02-10,0.1,29.99,19.92,26.71
2022-02-11,0.48,29.57,23.17,24.63
2022-02-12,0.28,30.19,22.04,26.83
2022-02-13,0.06,30.57,21.33,26.75
2022-02-14,0.04,31.52,21.93,28.49
2022-02-15,0.03,32.0,20.86,27.69
2022-02-16,1.64,31.11,22.6,26.18
2022-02-17,25.78,29.71,23.78,27.28
2022-02-18,0.31,28.07,22.44,13.08
2022-02-19,0.29,29.52,21.7,25.9
2022-02-20,0.46,29.0,20.05,25.69
2022-02-21,0.35,29.73,20.59,25.95
2022-02-22,0.5,31.14,22.14,26.64
2022-02-23,0.25,31.56,22.54,26.37
2022-02-24,0.74,31.35,22.39,23.85
2022-02-25,3.43,31.76,22.72,22.85
2022-02-26,1.58,30.25,23.75,24.48
2022-02-27,0.21,31.75,22.47,24.62
2022-02-28,0.0,32.94,22.64,27.18
2022-03-01,0.02,32.48,23.33,23.83
2022-03-02,1.8,31.76,23.39,18.38
2022-03-03,1.04,31.5,21.64,24.22
2022-03-04,1.39,31.02,21.71,22.66
2022-03-05,0.93,30.97,23.34,23.08
2022-03-06,0.12,32.41,22.27,24.71
2022-03-07,0.0,32.77,21.43,25.71
2022-03-08,0.16,33.5,22.11,23.48
2022-03-09,2.13,32.11,23.7,18.38
2022-03-10,0.27,33.81,23.07,23.98
2022-03-11,4.79,33.12,23.35,21.84
2022-03-12,10.99,30.95,24.06,19.53
2022-03-13,18.41,26.56,22.89,18.03
2022-03-14,12.91,28.41,22.84,17.5
2022-03-15,2.0,29.31,22.33,18.68
2022-03-16,2.23,30.03,23.76,18.76
2022-03-17,0.37,30.3,22.45,23.33
2022-03-18,1.26,31.31,22.59,21.78
2022-03-19,0.65,31.84,24.06,16.84
2022-03-20,5.41,28.47,22.54,17.67
2022-03-21,3.72,29.07,20.54,18.72
2022-03-22,0.14,30.79,21.26,24.01
2022-03-23,0.02,31.33,20.4,24.28
2022-03-24,1.72,31.7,20.94,23.76
2022-03-25,1.67,31.95,22.49,16.18
2022-03-26,14.41,28.66,23.02,17.16
2022-03-27,3.49,28.62,23.35,14.03
2022-03-28,1.14,29.81,21.59,17.5
2022-03-29,0.2,31.8,21.5,24.26
2022-03-30,0.01,31.67,21.23,22.42
2022-03-31,0.88,32.21,21.58,16.85
2022-04-01,1.71,28.5,20.01,13.07
2022-04-02,0.05,31.5,19.7,22.25
2022-04-03,0.24,32.16,20.5,21.92
2022-04-04,1.4,32.72,22.66,19.28
2022-04-05,1.47,33.14,22.65,19.98
2022-04-06,0.04,33.17,23.22,22.5
2022-04-07,0.56,34.17,22.76,21.29
2022-04-08,0.74,34.44,23.73,15.75
2022-04-09,3.62,31.61,25.74,19.4
2022-04-10,1.48,32.55,23.44,20.68
2022-04-11,8.91,32.32,22.8,18.93
2022-04-12,3.01,30.9,23.81,18.88
2022-04-13,1.0,31.43,23.53,9.57
2022-04-14,1.67,29.89,22.35,14.86
2022-04-15,0.02,28.99,18.82,22.58
2022-04-16,0.01,27.31,14.5,23.2
2022-04-17,0.03,29.12,13.47,22.69
2022-04-18,0.0,30.85,14.47,21.52
2022-04-19,0.02,31.95,17.28,19.67
2022-04-20,0.01,32.25,19.39,19.79
2022-04-21,0.0,31.99,18.91,20.36
2022-04-22,0.0,32.68,19.84,19.49
2022-04-23,0.01,32.05,19.19,9.11
2022-04-24,0.0,33.42,20.41,19.94
2022-04-25,0.01,34.49,21.25,19.5
2022-04-26,0.45,33.9,20.99,19.44
2022-04-27,0.0,33.53,20.04,18.61
2022-04-28,0.02,33.01,19.96,18.26
2022-04-29,0.0,33.73,19.84,19.25
2022-04-30,0.26,32.57,20.71,17.03
2022-05-01,0.01,32.46,19.32,17.46
2022-05-02,0.02,33.04,19.54,18.78
2022-05-03,0.02,33.23,19.43,19.13
2022-05-04,4.26,23.51,15.27,13.84
2022-05-05,0.0,25.95,12.31,17.73
2022-05-06,0.05,28.74,12.55,20.24
2022-05-07,0.08,30.09,12.88,19.89
2022-05-08,0.02,31.24,14.49,18.53
2022-05-09,0.02,31.91,17.46,17.3
2022-05-10,6.6,31.26,17.96,17.63
2022-05-11,0.43,29.35,19.15,10.73
2022-05-12,0.03,28.47,18.79,15.08
2022-05-13,0.0,30.31,17.64,18.52
2022-05-14,6.22,31.36,16.57,13.72
2022-05-15,15.37,28.42,19.45,11.04
2022-05-16,2.87,23.97,16.19,11.32
2022-05-17,0.0,19.68,10.44,19.48
2022-05-18,0.1,17.87,7.29,17.62
2022-05-19,0.97,19.7,6.99,16.86
2022-05-20,0.0,21.45,7.96,18.94
2022-05-21,0.01,24.08,8.28,17.76
2022-05-22,0.0,26.26,10.14,18.24
2022-05-23,0.0,27.77,11.13,17.88
2022-05-24,0.0,29.21,13.79,17.41
2022-05-25,0.0,28.59,14.49,17.63
2022-05-26,0.08,28.85,14.63,17.2
2022-05-27,0.01,28.01,16.33,15.09
2022-05-28,0.0,29.39,17.16,16.38
2022-05-29,0.0,30.7,15.71,16.79
2022-05-30,1.12,31.38,16.31,13.43
2022-05-31,1.15,29.5,19.13,12.33
2022-06-01,0.0,31.92,19.5,14.44
2022-06-02,0.0,30.86,18.27,15.61
2022-06-03,0.0,29.46,18.36,11.25
2022-06-04,0.0,29.92,18.13,16.3
2022-06-05,0.0,31.22,16.33,16.23
2022-06-06,0.0,30.61,16.44,16.33
2022-06-07,1.29,31.06,16.84,15.15
2022-06-08,15.05,28.64,21.14,6.46
2022-06-09,2.03,28.05,19.26,6.18
2022-06-10,0.25,26.16,19.24,7.18
2022-06-11,0.0,24.37,15.41,10.82
2022-06-12,0.0,23.89,11.32,11.31
2022-06-13,0.0,22.77,9.7,16.81
2022-06-14,0.01,26.38,11.12,11.41
2022-06-15,0.01,30.14,15.53,13.74
2022-06-16,0.0,31.54,16.59,16.18
2022-06-17,0.04,31.06,15.65,16.06
2022-06-18,12.59,24.69,16.71,6.66
2022-06-19,0.07,27.62,13.67,12.6
2022-06-20,0.02,30.2,16.86,15.3
2022-06-21,0.0,30.91,17.03,16.04
2022-06-22,0.02,29.9,16.4,16.06
2022-06-23,0.0,30.55,15.68,16.59
2022-06-24,0.01,30.05,15.36,16.45
2022-06-25,0.0,29.19,14.85,16.39
2022-06-26,0.0,28.09,15.07,16.04
2022-06-27,0.0,28.96,14.48,14.54
2022-06-28,0.12,29.63,15.29,16.01
2022-06-29,0.0,28.82,15.8,16.26
2022-06-30,0.06,28.95,14.6,16.27
2022-07-01,0.0,30.51,15.02,16.32
2022-07-02,0.0,31.28,15.28,16.56
2022-07-03,0.0,31.92,16.7,16.7
2022-07-04,0.0,31.17,15.24,17.1
2022-07-05,0.0,29.77,15.12,17.33
2022-07-06,0.0,29.39,15.65,16.77
2022-07-07,0.0,30.22,14.54,16.91
2022-07-08,0.06,30.82,16.47,13.7
2022-07-09,0.0,30.37,16.31,16.87
2022-07-10,0.11,30.59,15.98,15.74
2022-07-11,0.0,30.2,17.11,16.87
2022-07-12,0.0,30.71,15.73,12.78
2022-07-13,0.0,31.68,16.31,15.48
2022-07-14,0.0,31.31,16.35,15.68
2022-07-15,0.0,31.6,17.39,15.38
2022-07-16,0.0,32.2,17.22,13.97
2022-07-17,0.12,32.94,19.66,16.18
2022-07-18,0.0,33.37,18.29,16.5
2022-07-19,0.0,32.07,16.57,17.5
2022-07-20,0.83,31.45,15.97,17.15
2022-07-21,0.0,31.5,17.08,17.61
2022-07-22,0.0,30.87,16.66,17.46
2022-07-23,0.0,31.42,16.64,17.7
2022-07-24,0.0,32.04,16.97,16.82
2022-07-25,0.0,32.4,17.45,18.02
2022-07-26,0.0,32.47,17.06,18.19
2022-07-27,0.05,32.33,16.84,18.18
2022-07-28,0.25,32.04,16.77,18.18
2022-07-29,0.04,31.61,17.12,16.95
2022-07-30,0.0,29.6,15.61,18.65
2022-07-31,0.0,31.52,16.4,18.12
2022-08-01,0.0,32.34,18.62,16.85
2022-08-02,0.0,33.23,18.54,16.45
2022-08-03,0.0,33.06,19.16,17.25
2022-08-04,0.0,32.48,20.95,14.52
2022-08-05,0.0,33.13,21.22,17.99
2022-08-06,0.0,34.1,19.78,15.76
2022-08-07,0.92,32.9,20.48,10.23
2022-08-08,4.46,30.6,20.8,6.88
2022-08-09,10.31,29.0,18.05,5.3
2022-08-10,1.43,21.69,12.11,19.45
2022-08-11,0.01,23.66,9.43,20.3
2022-08-12,0.01,27.67,11.03,20.78
2022-08-13,0.0,31.13,12.15,20.6
2022-08-14,0.0,32.02,15.52,20.27
2022-08-15,0.0,32.37,17.0,20.23
2022-08-16,0.01,33.19,18.68,16.36
2022-08-17,0.02,32.47,19.38,4.25
2022-08-18,0.24,33.65,17.05,7.27
2022-08-19,0.09,25.33,15.45,18.67
2022-08-20,0.22,29.16,13.25,12.31
2022-08-21,0.12,30.52,15.58,11.89
2022-08-22,0.0,28.87,18.1,20.44
2022-08-23,0.0,31.56,16.57,20.01
2022-08-24,0.0,30.08,18.21,18.05
2022-08-25,0.0,31.59,20.76,16.32
2022-08-26,0.01,32.85,18.15,18.71
2022-08-27,0.0,33.73,19.2,21.73
2022-08-28,0.01,34.78,19.21,20.27
2022-08-29,0.02,30.95,18.43,18.13
2022-08-30,0.87,30.14,14.39,15.23
2022-08-31,0.0,32.35,19.25,20.77
2022-09-01,0.0,33.19,18.4,22.12
2022-09-02,0.0,34.18,17.59,22.06
2022-09-03,0.0,35.39,20.82,20.71
2022-09-04,0.0,31.07,19.16,12.4
2022-09-05,0.0,34.72,17.67,20.09
2022-09-06,6.57,34.65,21.68,16.15
2022-09-07,0.07,34.46,21.18,17.39
2022-09-08,0.0,35.77,21.68,20.65
2022-09-09,0.0,36.85,23.1,21.52
2022-09-10,0.0,36.11,21.87,20.36
2022-09-11,0.21,36.21,21.67,18.93
2022-09-12,0.01,37.3,23.19,18.81
2022-09-13,0.11,37.3,23.06,20.09
2022-09-14,2.03,36.62,22.93,11.77
2022-09-15,1.23,29.47,19.85,14.03
2022-09-16,0.41,29.07,19.22,19.9
2022-09-17,0.0,31.92,16.64,24.58
2022-09-18,0.01,35.07,16.43,24.66
2022-09-19,0.01,37.49,21.09,21.3
2022-09-20,6.97,31.72,24.53,8.99
2022-09-21,0.66,34.75,22.17,8.7
2022-09-22,13.0,26.97,19.3,4.87
2022-09-23,0.0,27.78,14.96,23.46
2022-09-24,0.08,30.69,14.49,23.76
2022-09-25,0.14,34.81,17.38,23.22
2022-09-26,12.19,32.52,23.32,16.47
2022-09-27,19.04,29.5,22.1,7.02
2022-09-28,10.52,26.56,20.29,4.98
2022-09-29,0.42,29.4,17.63,16.24
2022-09-30,0.05,31.55,18.33,13.05
2022-10-01,0.0,32.67,20.34,23.99
2022-10-02,0.04,34.74,20.59,25.49
2022-10-03,1.45,33.11,21.21,23.66
2022-10-04,0.9,31.76,21.46,18.47
2022-10-05,2.02,34.69,22.16,22.8
2022-10-06,4.36,34.9,22.65,16.76
2022-10-07,7.89,28.95,20.76,15.22
2022-10-08,0.0,31.38,18.76,21.05
2022-10-09,2.45,30.21,22.09,8.36
2022-10-10,3.04,29.12,21.73,13.54
2022-10-11,0.55,31.15,21.26,14.85
2022-10-12,8.43,27.54,21.24,5.95
2022-10-13,0.0,34.76,20.36,21.25
2022-10-14,0.0,35.35,20.0,26.95
2022-10-15,0.01,35.71,20.49,25.46
2022-10-16,0.0,35.49,22.15,25.14
2022-10-17,0.0,36.72,22.47,20.0
2022-10-18,0.27,36.41,22.85,16.29
2022-10-19,0.06,36.64,23.4,16.85
2022-10-20,1.46,36.93,23.14,18.43
2022-10-21,15.82,31.39,23.36,13.1
2022-10-22,0.81,33.1,23.03,25.27
2022-10-23,0.0,34.74,19.55,26.38
2022-10-24,0.0,35.58,20.2,27.97
2022-10-25,0.0,35.94,20.03,28.86
2022-10-26,0.01,36.6,19.74,28.34
2022-10-27,3.11,36.27,24.51,15.2
2022-10-28,0.01,35.32,23.07,26.16
2022-10-29,0.45,33.03,23.81,24.59
2022-10-30,2.19,32.2,23.39,22.83
2022-10-31,6.24,34.74,23.59,18.41
2022-11-01,5.82,30.29,19.41,7.98
2022-11-02,0.16,27.79,17.11,14.73
2022-11-03,0.01,25.96,15.6,18.8
2022-11-04,0.0,29.54,14.59,27.91
2022-11-05,0.0,30.6,15.16,27.82
2022-11-06,0.01,30.76,18.94,26.49
2022-11-07,0.0,32.33,18.57,28.05
2022-11-08,0.04,33.68,18.38,25.76
2022-11-09,0.06,35.34,20.77,27.95
2022-11-10,0.11,37.33,21.58,27.44
2022-11-11,6.2,35.87,22.93,6.36
2022-11-12,0.04,35.03,23.39,25.02
2022-11-13,1.31,33.78,23.85,22.67
2022-11-14,0.01,35.52,23.3,24.12
2022-11-15,0.0,34.54,23.74,28.08
2022-11-16,0.0,35.98,19.2,31.02
2022-11-17,0.0,36.58,20.4,30.11
2022-11-18,0.35,37.47,21.22,27.13
2022-11-19,3.04,35.77,23.2,26.76
2022-11-20,2.6,35.24,21.26,29.05
2022-11-21,0.25,36.23,22.39,19.2
2022-11-22,8.87,33.19,24.42,19.31
2022-11-23,11.82,31.33,24.12,24.41
2022-11-24,6.85,32.5,22.45,24.34
2022-11-25,0.25,33.17,21.26,28.65
2022-11-26,0.0,33.41,19.51,29.71
2022-11-27,0.0,34.8,19.91,26.97
2022-11-28,1.4,34.17,21.48,21.73
2022-11-29,10.4,31.44,22.01,21.61
2022-11-30,3.35,34.49,20.61,26.23
2022-12-01,1.33,33.54,23.7,21.79
2022-12-02,9.15,34.16,22.89,22.7
2022-12-03,24.31,28.82,22.75,19.41
2022-12-04,52.2,26.62,22.41,8.48
2022-12-05,13.1,28.42,21.35,19.54
2022-12-06,5.32,29.53,21.77,20.28
2022-12-07,7.93,29.82,21.76,20.29
2022-12-08,0.36,30.79,22.54,26.51
2022-12-09,0.05,31.86,25.59,24.75
2022-12-10,3.73,32.52,23.06,25.45
2022-12-11,3.6,30.57,23.23,25.09
2022-12-12,35.0,27.02,23.69,15.13
2022-12-13,20.03,26.7,22.57,10.26
2022-12-14,2.91,29.44,22.48,25.34
2022-12-15,1.82,30.73,19.73,27.93
2022-12-16,2.06,30.1,22.24,19.91
2022-12-17,2.41,30.9,23.34,26.61
2022-12-18,21.1,29.65,21.85,20.0
2022-12-19,12.41,28.22,22.24,20.39
2022-12-20,4.38,28.02,21.93,25.03
2022-12-21,0.0,29.34,19.89,30.11
2022-12-22,0.0,29.5,18.39,29.19
2022-12-23,0.0,30.64,19.13,29.81
2022-12-24,0.63,31.52,20.89,25.45
2022-12-25,12.92,30.02,22.24,20.91
2022-12-26,10.71,28.48,22.65,18.98
2022-12-27,8.46,30.41,21.34,22.2
2022-12-28,37.52,29.3,22.57,22.22
2022-12-29,9.67,27.68,22.71,20.54
2022-12-30,6.42,29.97,21.92,23.68
2022-12-31,2.46,30.02,22.24,22.04
2023-01-01,4.02,30.19,22.36,25.78
2023-01-02,9.88,30.25,22.6,15.96
2023-01-03,21.65,28.07,21.81,19.13
2023-01-04,37.91,25.54,22.13,11.29
2023-01-05,11.19,27.08,22.07,14.97
2023-01-06,9.7,27.97,19.5,13.57
2023-01-07,13.97,27.42,19.18,15.95
2023-01-08,27.31,27.98,20.43,13.31
2023-01-09,17.77,28.28,21.55,17.49
2023-01-10,7.68,27.87,22.36,18.55
2023-01-11,9.54,28.17,21.47,21.49
2023-01-12,7.33,28.52,21.42,22.35
2023-01-13,11.31,28.13,22.04,20.73
2023-01-14,4.29,29.78,21.71,23.69
2023-01-15,0.69,27.42,22.42,27.05
2023-01-16,8.71,29.16,21.86,23.49
2023-01-17,8.63,29.64,22.35,25.88
2023-01-18,7.1,29.75,22.73,26.55
2023-01-19,2.14,28.61,21.8,22.82
2023-01-20,18.02,26.74,21.31,14.77
2023-01-21,20.58,26.74,21.82,18.41
2023-01-22,6.11,27.01,21.74,23.8
2023-01-23,12.74,27.93,21.18,23.4
2023-01-24,10.17,28.73,20.56,23.73
2023-01-25,1.33,29.98,21.06,26.95
2023-01-26,0.12,30.74,21.17,27.63
2023-01-27,2.0,29.99,23.15,26.1
2023-01-28,11.07,28.46,21.54,22.79
2023-01-29,4.98,28.16,21.67,26.04
2023-01-30,14.33,27.26,21.85,17.19
2023-01-31,11.19,27.75,21.99,21.01
2023-02-01,1.0,29.26,22.44,23.87
2023-02-02,2.85,29.35,22.54,20.05
2023-02-03,18.88,29.21,22.87,19.39
2023-02-04,12.34,28.92,22.55,23.85
2023-02-05,14.41,27.38,22.39,20.37
2023-02-06,4.04,28.72,22.09,22.9
2023-02-07,1.83,27.11,21.5,20.97
2023-02-08,1.35,29.33,23.3,22.63
2023-02-09,14.42,30.08,21.39,22.5
2023-02-10,13.82,27.93,22.92,23.42
2023-02-11,4.37,27.98,22.04,18.8
2023-02-12,9.55,28.94,21.55,21.04
2023-02-13,8.17,26.95,21.12,25.25
2023-02-14,0.57,30.38,21.41,20.08
2023-02-15,8.43,30.05,23.25,18.83
2023-02-16,7.45,28.77,22.97,21.84
2023-02-17,12.42,29.27,21.73,17.04
2023-02-18,2.99,27.95,23.36,19.14
2023-02-19,9.36,28.61,22.21,18.16
2023-02-20,19.35,28.39,20.99,15.5
2023-02-21,5.79,26.3,21.26,11.67
2023-02-22,0.65,29.13,20.57,24.71
2023-02-23,2.42,27.5,21.18,22.59
2023-02-24,3.56,28.53,19.94,16.9
2023-02-25,0.55,29.2,22.72,25.71
2023-02-26,0.5,28.14,22.8,14.57
2023-02-27,0.58,27.72,22.36,24.71
2023-02-28,3.45,28.58,22.9,25.32
2023-03-01,1.26,28.62,22.59,21.09
2023-03-02,0.26,29.4,21.88,26.28
2023-03-03,0.84,29.2,21.77,24.01
2023-03-04,1.94,30.61,21.8,22.24
2023-03-05,3.79,28.92,23.27,20.69
2023-03-06,3.73,30.28,22.28,25.19
2023-03-07,6.29,30.31,22.22,23.49
2023-03-08,2.82,29.61,21.37,23.34
2023-03-09,0.33,26.7,22.22,22.8
2023-03-10,7.75,27.87,21.12,14.84
2023-03-11,6.97,27.8,21.35,13.76
2023-03-12,8.77,28.18,21.13,15.13
2023-03-13,7.71,27.54,21.74,18.31
2023-03-14,25.66,28.34,21.69,18.25
2023-03-15,5.28,27.6,21.87,17.11
2023-03-16,16.53,25.07,22.22,15.18
2023-03-17,7.55,25.43,21.32,12.27
2023-03-18,3.57,27.84,21.21,10.85
2023-03-19,2.16,26.33,21.19,10.13
2023-03-20,1.31,28.57,20.7,18.66
2023-03-21,2.55,29.3,20.94,23.54
2023-03-22,4.56,30.29,20.69,23.52
2023-03-23,3.09,30.79,21.55,24.34
2023-03-24,0.13,30.08,22.18,22.5
2023-03-25,0.33,30.6,21.79,23.4
2023-03-26,1.07,31.56,22.74,22.19
2023-03-27,0.13,31.48,22.81,22.28
2023-03-28,0.48,30.49,22.4,21.09
2023-03-29,0.56,29.82,22.43,22.05
2023-03-30,1.94,28.81,23.13,21.49
2023-03-31,4.96,29.71,23.07,20.89
2023-04-01,0.74,30.05,22.67,23.16
2023-04-02,0.0,30.35,22.66,23.73
2023-04-03,0.45,29.49,19.56,23.48
2023-04-04,0.42,29.01,19.21,22.87
2023-04-05,0.13,29.38,20.36,20.92
2023-04-06,4.74,29.31,20.57,20.91
2023-04-07,7.64,26.73,22.19,12.49
2023-04-08,11.86,28.33,21.55,8.88
2023-04-09,2.49,27.75,21.21,16.21
2023-04-10,0.04,28.13,19.98,21.04
2023-04-11,7.19,28.73,19.76,20.18
2023-04-12,1.9,26.75,21.61,15.43
2023-04-13,6.27,28.67,20.59,19.05
2023-04-14,3.79,28.51,21.89,10.69
2023-04-15,0.02,28.78,20.89,16.82
2023-04-16,0.0,29.23,20.27,20.57
2023-04-17,0.0,30.04,20.24,19.41
2023-04-18,7.01,28.66,22.4,12.08
2023-04-19,20.47,25.52,17.43,17.77
2023-04-20,0.0,24.21,14.22,20.76
2023-04-21,0.74,25.07,13.61,21.9
2023-04-22,3.49,27.94,17.05,19.78
2023-04-23,0.88,27.99,19.89,19.13
2023-04-24,0.4,28.17,18.55,17.94
2023-04-25,10.44,28.12,18.17,11.82
2023-04-26,9.33,27.92,19.18,14.8
2023-04-27,1.57,27.96,19.1,11.83
2023-04-28,1.12,26.87,19.03,16.83
2023-04-29,1.35,27.59,18.0,18.98
2023-04-30,0.04,27.77,17.16,20.34
2023-05-01,0.03,27.19,17.41,20.37
2023-05-02,0.03,26.86,16.56,20.1
2023-05-03,0.29,27.15,16.22,19.39
2023-05-04,1.29,27.98,16.33,18.92
2023-05-05,0.22,29.31,17.99,19.41
2023-05-06,1.85,29.19,17.98,17.62
2023-05-07,0.0,28.36,18.45,16.81
2023-05-08,0.41,28.54,17.92,18.73
2023-05-09,0.9,27.88,18.46,15.76
2023-05-10,0.24,26.83,19.18,11.99
2023-05-11,1.13,26.84,17.15,16.5
2023-05-12,0.0,25.05,13.95,18.38
2023-05-13,0.0,24.84,12.13,19.22
2023-05-14,0.02,24.88,11.9,19.44
2023-05-15,0.0,24.49,11.46,19.51
2023-05-16,0.01,24.8,11.41,19.43
2023-05-17,1.88,24.65,11.09,19.06
2023-05-18,0.0,25.6,11.59,18.96
2023-05-19,0.11,26.2,11.56,18.79
2023-05-20,0.24,26.49,12.17,18.17
2023-05-21,0.0,26.3,12.84,16.6
2023-05-22,0.01,25.33,13.94,12.05
2023-05-23,0.03,26.55,14.2,17.63
2023-05-24,0.02,26.61,13.91,17.77
2023-05-25,0.01,27.4,14.71,17.09
2023-05-26,0.01,27.57,15.22,17.17
2023-05-27,0.17,28.02,15.55,16.16
2023-05-28,0.0,26.86,17.64,7.02
2023-05-29,0.38,26.23,17.57,9.35
2023-05-30,14.18,25.71,17.49,2.68
2023-05-31,2.57,23.93,18.48,10.17
2023-06-01,0.05,25.11,15.58,15.44
2023-06-02,0.03,24.86,14.6,17.32
2023-06-03,0.05,26.45,13.18,17.4
2023-06-04,0.02,26.56,13.04,17.07
2023-06-05,0.01,25.35,12.79,16.64
2023-06-06,0.0,25.57,12.4,16.85
2023-06-07,0.01,26.35,13.3,16.42
2023-06-08,0.05,26.5,14.14,16.53
2023-06-09,0.01,27.28,14.29,16.78
2023-06-10,0.01,27.81,14.95,15.48
2023-06-11,0.0,28.4,16.0,14.58
2023-06-12,0.01,29.19,16.71,12.27
2023-06-13,3.91,27.29,18.9,10.79
2023-06-14,9.76,22.35,16.59,2.8
2023-06-15,19.7,17.16,13.79,2.15
2023-06-16,1.07,19.25,12.3,12.41
2023-06-17,0.25,19.64,10.17,16.02
2023-06-18,0.0,21.79,8.97,17.12
2023-06-19,0.01,24.38,9.59,17.2
2023-06-20,0.0,26.3,11.82,16.74
2023-06-21,0.0,26.59,12.93,16.56
2023-06-22,0.0,26.94,13.05,16.38
2023-06-23,0.02,26.48,12.94,15.24
2023-06-24,0.06,26.13,13.83,13.98
2023-06-25,0.0,27.24,14.11,16.67
2023-06-26,0.07,26.44,13.24,16.65
2023-06-27,0.0,27.32,13.66,16.45
2023-06-28,0.07,27.58,14.23,16.23
2023-06-29,0.43,26.3,14.68,16.38
2023-06-30,0.05,27.19,13.88,16.58
2023-07-01,0.0,27.11,13.79,16.68
2023-07-02,0.0,26.4,13.37,16.82
2023-07-03,0.03,25.48,13.2,16.96
2023-07-04,0.03,26.25,12.23,16.91
2023-07-05,0.03,27.08,12.44,16.81
2023-07-06,0.08,26.74,13.06,16.76
2023-07-07,0.14,27.4,12.9,12.95
2023-07-08,0.03,28.46,14.4,15.82
2023-07-09,0.71,29.38,15.27,14.25
2023-07-10,0.0,30.3,16.6,14.1
2023-07-11,0.0,30.31,16.45,16.24
2023-07-12,0.0,30.26,16.22,16.08
2023-07-13,11.51,27.44,14.87,10.72
2023-07-14,0.13,20.77,11.36,18.08
2023-07-15,1.69,24.52,8.23,18.2
2023-07-16,0.0,28.27,12.39,14.7
2023-07-17,0.02,28.64,15.8,13.27
2023-07-18,0.04,29.6,17.67,15.21
2023-07-19,0.16,29.81,16.91,14.75
2023-07-20,0.0,30.05,16.59,16.5
2023-07-21,0.0,29.2,16.62,17.11
2023-07-22,0.0,28.26,16.28,16.67
2023-07-23,0.0,29.17,16.08,15.48
2023-07-24,0.0,29.5,15.93,16.19
2023-07-25,0.0,27.83,18.96,14.27
2023-07-26,0.0,30.25,18.16,15.04
2023-07-27,0.0,31.32,18.16,17.23
2023-07-28,0.0,31.53,16.27,16.94
2023-07-29,0.0,29.65,17.66,17.38
2023-07-30,0.0,29.01,15.37,18.39
2023-07-31,0.0,30.15,15.49,18.79
2023-08-01,0.0,30.18,14.43,19.13
2023-08-02,0.0,31.46,15.51,18.79
2023-08-03,0.0,31.47,16.24,19.13
2023-08-04,0.0,31.7,16.01,19.1
2023-08-05,0.0,32.15,15.71,19.09
2023-08-06,0.0,33.46,16.28,19.13
2023-08-07,0.0,33.06,17.01,18.18
2023-08-08,0.0,32.46,17.61,18.81
2023-08-09,0.0,33.38,17.17,18.76
2023-08-10,0.0,34.18,18.16,18.63
2023-08-11,0.0,34.72,18.76,18.7
2023-08-12,0.0,34.66,19.6,17.28
2023-08-13,0.21,31.85,20.01,12.57
2023-08-14,0.0,31.87,18.45,12.23
2023-08-15,0.02,32.19,19.49,14.91
2023-08-16,0.0,31.34,20.66,17.66
2023-08-17,0.01,31.87,18.68,18.32
2023-08-18,0.42,33.4,19.51,19.14
2023-08-19,0.83,32.38,19.47,5.08
2023-08-20,0.63,31.88,18.63,11.75
2023-08-21,0.44,32.59,19.69,19.59
2023-08-22,0.0,34.7,19.62,20.04
2023-08-23,0.0,36.52,21.5,19.54
2023-08-24,2.28,36.95,23.59,14.77
2023-08-25,0.08,35.32,23.17,16.77
2023-08-26,0.5,32.0,20.95,12.02
2023-08-27,0.18,26.4,17.76,7.35
2023-08-28,1.75,28.29,16.1,18.1
2023-08-29,1.6,27.28,17.12,10.67
2023-08-30,3.08,32.1,17.61,15.65
2023-08-31,7.43,33.6,20.19,6.53
2023-09-01,0.28,33.8,19.33,20.74
2023-09-02,0.34,35.31,21.88,19.12
2023-09-03,2.03,34.86,23.75,20.51
2023-09-04,2.32,36.18,23.43,19.14
2023-09-05,2.05,34.48,24.17,19.59
2023-09-06,1.21,34.69,21.28,19.87
2023-09-07,0.01,33.41,22.46,21.41
2023-09-08,0.0,35.21,18.54,22.06
2023-09-09,0.35,33.19,20.08,8.66
2023-09-10,0.01,34.38,20.59,21.36
2023-09-11,0.01,35.76,20.38,23.37
2023-09-12,0.02,36.45,20.07,23.49
2023-09-13,0.0,38.39,22.04,22.37
2023-09-14,3.14,27.14,19.86,4.5
2023-09-15,0.0,31.97,17.63,23.55
2023-09-16,0.0,36.19,19.33,24.32
2023-09-17,3.81,36.57,23.65,21.59
2023-09-18,1.88,35.91,23.86,21.17
2023-09-19,0.01,37.1,23.07,23.02
2023-09-20,0.0,38.27,24.01,23.81
2023-09-21,0.0,39.18,24.63,24.01
2023-09-22,0.0,39.6,26.51,24.06
2023-09-23,0.0,40.16,26.5,23.54
2023-09-24,0.0,41.41,27.15,23.7
2023-09-25,0.0,40.48,29.12,23.81
2023-09-26,0.05,40.73,28.13,21.48
2023-09-27,1.58,38.76,28.4,19.18
2023-09-28,7.14,36.3,25.51,20.58
2023-09-29,0.0,36.24,22.83,21.29
2023-09-30,2.76,36.98,24.47,18.23
2023-10-01,9.61,35.93,25.72,18.18
2023-10-02,16.67,33.59,24.2,19.14
2023-10-03,0.06,36.47,24.7,24.08
2023-10-04,0.24,37.78,25.1,18.31
2023-10-05,0.11,38.42,25.4,22.19
2023-10-06,1.48,37.95,24.97,19.01
2023-10-07,4.61,35.39,25.98,13.18
2023-10-08,16.42,35.26,24.72,19.34
2023-10-09,1.7,32.47,22.96,14.58
2023-10-10,0.0,35.53,21.69,26.0
2023-10-11,0.01,37.44,21.1,26.62
2023-10-12,0.42,39.28,25.44,21.4
2023-10-13,11.05,32.76,25.61,17.61
2023-10-14,0.63,33.4,23.58,20.88
2023-10-15,0.02,37.37,22.6,24.76
2023-10-16,0.03,38.12,24.56,26.62
2023-10-17,1.25,36.36,25.67,19.45
2023-10-18,1.63,37.94,24.96,22.24
2023-10-19,7.99,37.0,23.7,24.81
2023-10-20,0.53,36.83,22.82,15.05
2023-10-21,0.06,36.82,23.57,26.35
2023-10-22,0.01,38.4,22.13,26.96
2023-10-23,0.0,39.99,23.86,26.29
2023-10-24,5.78,38.61,26.09,22.08
2023-10-25,0.3,35.24,25.72,20.41
2023-10-26,8.08,35.2,25.59,16.99
2023-10-27,6.93,37.12,24.81,17.62
2023-10-28,6.19,37.03,23.54,15.68
2023-10-29,3.67,35.81,24.49,16.08
2023-10-30,1.75,37.99,24.74,17.38
2023-10-31,4.2,36.79,24.25,16.31
2023-11-01,10.97,34.08,24.89,16.25
2023-11-02,0.42,33.93,22.89,25.09
2023-11-03,11.43,38.06,23.83,20.57
2023-11-04,13.07,28.97,20.86,24.64
2023-11-05,0.0,32.47,15.89,31.03
2023-11-06,0.0,34.52,17.7,30.53
2023-11-07,0.0,37.48,19.33,29.1
2023-11-08,0.67,37.06,25.24,26.41
2023-11-09,0.19,37.66,24.79,22.97
2023-11-10,0.0,39.29,24.03,27.91
2023-11-11,0.0,39.67,22.5,30.23
2023-11-12,0.0,40.95,25.17,28.33
2023-11-13,0.0,40.53,27.64,27.25
2023-11-14,0.39,41.61,26.14,27.18
2023-11-15,0.11,41.25,26.48,22.92
2023-11-16,0.16,41.82,26.7,25.36
2023-11-17,0.29,41.63,27.79,22.76
2023-11-18,0.69,40.54,27.79,23.08
2023-11-19,5.89,41.55,27.53,19.47
2023-11-20,20.64,32.76,24.1,19.44
2023-11-21,0.21,33.34,25.34,23.75
2023-11-22,0.9,34.34,25.85,21.5
2023-11-23,4.95,35.53,23.91,15.78
2023-11-24,12.92,30.42,25.03,18.6
2023-11-25,0.0,33.14,21.91,27.13
2023-11-26,0.37,35.61,21.83,28.17
2023-11-27,1.73,31.88,23.34,18.61
2023-11-28,11.07,34.4,24.24,24.21
2023-11-29,10.88,31.29,23.55,19.34
2023-11-30,0.6,34.59,22.53,26.23
2023-12-01,0.92,36.17,24.86,27.49
2023-12-02,1.87,37.33,25.06,26.49
2023-12-03,3.12,37.38,24.79,27.13
2023-12-04,1.28,36.4,24.23,16.9
2023-12-05,8.29,33.76,25.08,21.42
2023-12-06,0.16,36.73,25.13,28.74
2023-12-07,1.34,36.9,24.78,25.23
2023-12-08,1.25,36.86,25.03,26.47
2023-12-09,1.66,36.86,25.53,27.95
2023-12-10,0.37,38.2,24.54,23.73
2023-12-11,3.43,34.17,24.73,28.96
2023-12-12,0.14,36.42,25.5,26.46
2023-12-13,0.05,38.18,23.88,30.76
2023-12-14,1.26,39.25,24.48,28.99
2023-12-15,0.09,39.47,25.77,26.87
2023-12-16,0.01,40.41,25.29,27.64
2023-12-17,0.14,40.29,24.68,29.33
2023-12-18,0.48,39.8,27.61,25.87
2023-12-19,3.86,38.46,26.71,20.61
2023-12-20,1.97,36.04,25.74,24.61
2023-12-21,2.35,36.52,25.45,25.02
2023-12-22,2.12,35.46,25.66,22.36
2023-12-23,14.02,32.05,25.63,17.08
2023-12-24,0.58,34.6,24.18,27.87
2023-12-25,0.0,38.01,24.16,27.69
2023-12-26,0.06,37.96,25.75,24.85
2023-12-27,0.21,37.05,26.0,28.56
2023-12-28,0.0,39.6,25.72,30.56
2023-12-29,0.05,41.23,25.2,25.52
2023-12-30,2.4,32.07,28.41,19.51
2023-12-31,22.72,33.48,25.71,18.79
2024-01-01,7.42,31.0,24.84,20.38
2024-01-02,8.55,31.77,24.25,24.33
2024-01-03,1.58,33.55,24.59,24.9
2024-01-04,1.42,33.96,24.88,25.95
2024-01-05,3.45,34.51,25.77,24.08
2024-01-06,0.73,36.64,27.27,28.46
2024-01-07,0.31,36.61,25.31,28.7
2024-01-08,0.73,36.7,24.87,28.23
2024-01-09,0.26,36.44,24.05,28.65
2024-01-10,2.32,35.49,23.75,17.75
2024-01-11,10.32,34.41,23.74,21.98
2024-01-12,6.87,35.14,23.67,20.65
2024-01-13,3.31,35.04,24.39,13.6
2024-01-14,28.94,31.9,24.37,23.75
2024-01-15,1.33,31.36,23.91,20.99
2024-01-16,1.04,34.64,23.69,27.68
2024-01-17,0.52,35.64,23.97,24.09
2024-01-18,0.22,37.12,26.09,29.3
2024-01-19,0.91,38.07,25.96,16.56
2024-01-20,17.61,36.75,25.02,17.09
2024-01-21,5.07,33.42,25.06,23.14
2024-01-22,7.62,32.64,24.75,18.33
2024-01-23,6.83,31.54,25.02,15.25
2024-01-24,0.6,32.04,23.25,24.62
2024-01-25,0.0,32.31,20.9,27.66
2024-01-26,0.0,32.3,19.26,29.92
2024-01-27,1.52,32.57,19.72,27.47
2024-01-28,2.88,34.42,23.68,26.48
2024-01-29,0.53,35.98,22.06,29.55
2024-01-30,0.01,36.23,22.28,22.98
2024-01-31,2.75,34.75,23.98,28.14
2024-02-01,0.03,36.58,22.03,28.3
2024-02-02,2.65,37.33,22.63,24.31
2024-02-03,4.55,34.68,23.44,16.2
2024-02-04,2.52,30.14,23.05,16.93
2024-02-05,0.77,33.57,22.79,20.92
2024-02-06,5.23,31.78,23.4,14.01
2024-02-07,9.79,31.26,24.4,19.09
2024-02-08,2.35,30.1,23.34,25.74
2024-02-09,2.1,33.25,24.33,19.62
2024-02-10,4.07,35.08,23.14,26.29
2024-02-11,1.64,35.06,23.1,27.27
2024-02-12,0.71,35.15,23.95,24.35
2024-02-13,1.43,36.32,23.99,26.67
2024-02-14,10.91,34.89,24.53,19.17
2024-02-15,22.11,30.93,23.79,11.43
2024-02-16,7.99,30.83,23.57,21.26
2024-02-17,0.5,33.56,24.04,26.31
2024-02-18,2.65,32.5,24.31,22.98
2024-02-19,7.17,32.92,24.2,18.89
2024-02-20,3.43,32.43,24.32,24.27
2024-02-21,0.88,33.15,23.77,23.28
2024-02-22,1.2,34.35,23.48,25.47
2024-02-23,3.81,34.09,24.55,19.14
2024-02-24,4.33,30.66,23.65,24.02
2024-02-25,0.88,35.89,23.57,25.03
2024-02-26,3.27,32.95,24.76,22.62
2024-02-27,0.07,37.24,24.35,26.35
2024-02-28,0.0,38.19,24.17,25.87
2024-02-29,0.0,38.5,25.62,25.82
2024-03-01,0.28,38.97,25.63,26.21
2024-03-02,0.62,36.54,25.56,26.25
2024-03-03,0.0,38.28,24.34,26.8
2024-03-04,0.0,38.41,22.89,26.78
2024-03-05,3.66,37.19,22.43,23.89
2024-03-06,2.95,35.06,24.88,20.17
2024-03-07,1.94,35.37,24.65,18.71
2024-03-08,0.76,35.47,25.23,22.72
2024-03-09,5.39,36.02,26.13,21.85
2024-03-10,4.86,32.95,26.55,18.09
2024-03-11,3.74,33.06,25.94,22.55
2024-03-12,0.04,36.55,23.88,24.21
2024-03-13,1.29,36.53,25.35,24.16
2024-03-14,0.5,36.54,25.2,21.64
2024-03-15,0.06,37.43,26.0,22.46
2024-03-16,1.09,37.75,26.52,21.06
2024-03-17,0.18,37.34,26.76,16.59
2024-03-18,2.86,36.98,27.59,18.42
2024-03-19,10.3,35.65,27.0,20.24
2024-03-20,0.16,36.72,25.77,23.84
2024-03-21,4.18,31.67,26.47,20.7
2024-03-22,3.28,33.66,24.52,14.04
2024-03-23,5.09,28.03,21.86,11.4
2024-03-24,11.51,30.11,22.43,11.82
2024-03-25,13.32,30.7,21.99,14.85
2024-03-26,21.94,26.68,22.19,8.5
2024-03-27,9.02,24.94,21.16,7.5
2024-03-28,9.85,28.55,20.63,13.97
2024-03-29,18.8,29.26,21.33,15.94
2024-03-30,17.8,29.42,22.65,17.31
2024-03-31,4.14,29.98,23.61,18.95
2024-04-01,2.74,29.93,23.37,17.71
2024-04-02,7.17,29.63,24.88,15.0
2024-04-03,0.01,30.91,22.82,21.84
2024-04-04,0.03,31.85,23.11,20.25
2024-04-05,0.82,32.47,23.48,20.32
2024-04-06,0.45,32.24,22.81,21.4
2024-04-07,2.27,32.21,22.08,19.03
2024-04-08,5.41,31.97,22.93,18.21
2024-04-09,14.49,29.56,22.81,15.32
2024-04-10,2.32,30.59,21.51,18.25
2024-04-11,0.67,30.74,22.81,16.21
2024-04-12,0.51,30.58,23.5,16.05
2024-04-13,4.77,30.84,22.95,15.4
2024-04-14,9.05,29.59,22.84,12.28
2024-04-15,0.37,29.49,22.13,16.69
2024-04-16,0.96,32.08,22.35,16.96
2024-04-17,0.66,31.51,22.99,16.73
2024-04-18,0.15,30.73,21.95,15.94
2024-04-19,0.0,31.32,19.9,21.75
2024-04-20,0.05,33.2,18.3,20.14
2024-04-21,0.05,32.88,19.99,20.76
2024-04-22,0.0,32.26,18.83,21.33
2024-04-23,0.02,32.92,19.36,20.51
2024-04-24,0.0,33.96,20.5,20.0
2024-04-25,0.02,34.96,20.68,20.25
2024-04-26,0.41,35.37,21.31,20.05
2024-04-27,0.0,34.66,22.03,19.36
2024-04-28,0.0,34.64,21.18,19.84
2024-04-29,0.0,35.06,20.8,19.31
2024-04-30,0.0,34.94,21.54,19.1
2024-05-01,0.02,34.93,20.82,19.78
2024-05-02,0.0,34.84,20.71,19.29
2024-05-03,0.0,34.56,21.23,18.01
2024-05-04,0.0,35.1,21.16,18.72
2024-05-05,0.0,34.84,18.5,19.81
2024-05-06,0.02,34.34,19.36,19.18
2024-05-07,0.04,34.04,21.8,18.84
2024-05-08,0.0,33.81,21.23,19.17
2024-05-09,0.0,33.44,20.47,18.0
2024-05-10,0.0,33.88,19.09,18.91
2024-05-11,0.0,33.45,19.97,18.57
2024-05-12,0.0,33.46,19.25,18.94
2024-05-13,0.0,33.51,18.39,18.85
2024-05-14,0.0,32.04,19.82,13.48
2024-05-15,0.02,32.71,18.85,17.65
2024-05-16,0.0,34.11,18.83,18.45
2024-05-17,0.0,34.32,19.19,18.21
2024-05-18,0.0,34.08,19.71,17.89
2024-05-19,0.0,33.51,20.45,16.79
2024-05-20,0.0,32.26,19.47,13.87
2024-05-21,0.0,33.99,19.33,16.76
2024-05-22,0.0,33.43,19.12,17.73
2024-05-23,0.0,32.92,18.79,17.7
2024-05-24,0.03,33.58,20.11,7.63
2024-05-25,0.42,27.56,19.4,7.72
2024-05-26,0.46,29.69,16.94,5.51
2024-05-27,0.01,31.4,17.39,9.48
2024-05-28,0.06,25.14,16.55,7.24
2024-05-29,0.0,25.84,13.23,17.52
2024-05-30,0.0,28.14,12.93,17.57
2024-05-31,0.0,28.23,12.05,17.8
2024-06-01,0.0,30.58,13.66,17.0
2024-06-02,0.0,30.51,16.98,15.06
2024-06-03,0.01,30.73,18.13,14.92
2024-06-04,0.0,30.56,17.53,16.0
2024-06-05,0.0,31.29,16.19,13.45
2024-06-06,0.01,31.72,16.9,15.76
2024-06-07,0.01,31.79,17.38,16.17
2024-06-08,0.14,32.34,17.38,16.38
2024-06-09,0.0,32.41,17.78,16.41
2024-06-10,0.01,31.96,17.02,16.92
2024-06-11,0.0,32.09,16.59,16.76
2024-06-12,0.01,32.48,17.36,16.71
2024-06-13,0.0,31.83,17.47,16.95
2024-06-14,0.0,32.0,18.88,15.59
2024-06-15,0.0,32.01,18.08,16.08
2024-06-16,0.01,31.86,18.12,16.51
2024-06-17,0.0,31.21,16.7,16.76
2024-06-18,0.0,30.87,15.86,16.61
2024-06-19,0.0,31.65,16.26,16.73
2024-06-20,0.0,31.53,16.51,16.61
2024-06-21,0.0,31.32,17.2,15.93
2024-06-22,0.0,31.63,18.47,12.87
2024-06-23,0.07,31.51,17.82,15.66
2024-06-24,0.0,32.35,18.66,15.08
2024-06-25,0.0,33.15,19.95,15.81
2024-06-26,0.0,32.95,19.19,14.9
2024-06-27,0.0,30.69,19.07,14.58
2024-06-28,0.03,31.86,18.32,11.66
2024-06-29,0.04,31.88,20.47,13.34
2024-06-30,0.11,30.57,19.47,9.6
2024-07-01,0.21,30.47,19.31,5.29
2024-07-02,0.02,30.9,18.11,15.45
2024-07-03,0.03,31.31,17.48,12.69
2024-07-04,0.0,31.6,17.15,15.26
2024-07-05,0.0,31.57,17.42,11.94
2024-07-06,0.0,31.83,19.74,16.14
2024-07-07,0.0,32.44,18.11,14.17
2024-07-08,0.0,30.38,18.27,11.18
2024-07-09,0.0,29.97,17.67,6.73
2024-07-10,0.0,28.28,16.11,8.38
2024-07-11,0.0,32.83,17.43,13.39
2024-07-12,0.0,31.86,18.26,12.79
2024-07-13,0.0,32.21,18.68,16.33
2024-07-14,0.0,30.52,16.92,15.67
2024-07-15,0.0,29.8,16.19,15.51
2024-07-16,0.0,31.01,16.75,17.04
2024-07-17,0.0,31.26,16.14,17.32
2024-07-18,0.0,31.38,17.43,17.33
2024-07-19,0.0,31.81,17.01,17.63
2024-07-20,0.0,31.74,15.38,17.94
2024-07-21,0.0,31.76,15.55,17.97
2024-07-22,0.0,31.42,16.29,18.09
2024-07-23,0.0,31.68,15.51,18.54
2024-07-24,0.03,32.58,15.69,18.14
2024-07-25,0.11,31.62,15.62,18.25
2024-07-26,0.0,31.84,17.58,18.06
2024-07-27,0.0,32.78,16.18,17.35
2024-07-28,0.03,33.76,17.3,18.0
2024-07-29,0.0,33.19,18.13,17.25
2024-07-30,0.05,31.85,17.24,13.88
2024-07-31,0.03,33.33,17.42,17.81
2024-08-01,0.0,31.24,21.54,14.54
2024-08-02,0.0,30.92,19.36,16.41
2024-08-03,0.0,31.57,20.34,17.3
2024-08-04,0.0,31.3,18.87,17.36
2024-08-05,0.0,32.57,19.71,18.32
2024-08-06,0.0,32.55,19.68,18.63
2024-08-07,0.0,32.94,22.19,18.6
2024-08-08,0.0,34.17,19.4,14.28
2024-08-09,0.4,27.96,14.75,2.78
2024-08-10,0.89,22.79,11.87,20.79
2024-08-11,0.01,26.39,9.91,19.8
2024-08-12,0.0,26.89,10.77,17.65
2024-08-13,0.02,27.95,10.39,17.94
2024-08-14,0.0,32.6,13.04,17.74
2024-08-15,0.0,35.03,16.03,20.03
2024-08-16,0.0,35.69,18.26,19.52
2024-08-17,0.0,36.21,18.85,20.4
2024-08-18,0.0,36.29,19.31,20.87
2024-08-19,0.0,36.24,19.09,20.75
2024-08-20,0.03,36.42,19.07,20.7
2024-08-21,0.01,35.49,18.46,21.02
2024-08-22,0.0,35.82,19.28,21.2
2024-08-23,0.0,36.69,19.61,19.41
2024-08-24,0.6,34.4,18.25,14.14
2024-08-25,4.87,20.21,16.06,3.21
2024-08-26,0.0,25.77,13.23,21.25
2024-08-27,0.01,30.38,12.48,22.66
2024-08-28,0.0,33.97,13.03,21.88
2024-08-29,0.02,34.34,18.07,21.86
2024-08-30,0.0,34.79,18.4,22.47
2024-08-31,0.3,35.7,17.53,23.01
2024-09-01,0.0,37.01,18.62,22.69
2024-09-02,0.0,37.09,20.66,21.77
2024-09-03,0.0,38.02,19.25,22.75
2024-09-04,0.0,38.2,19.84,22.05
2024-09-05,0.0,37.07,20.72,17.51
2024-09-06,0.0,37.4,20.46,15.73
2024-09-07,0.0,37.99,21.49,18.53
2024-09-08,0.0,37.11,22.45,18.29
2024-09-09,0.0,36.55,21.31,18.49
2024-09-10,0.05,36.5,19.92,21.75
2024-09-11,0.0,37.05,21.7,23.37
2024-09-12,0.0,37.43,22.7,23.41
2024-09-13,0.0,38.07,21.89,22.81
2024-09-14,0.05,37.97,23.21,10.82
2024-09-15,0.0,38.13,23.31,15.13
2024-09-16,0.32,34.69,21.03,6.13
2024-09-17,0.01,33.89,18.98,22.53
2024-09-18,0.01,38.41,19.81,21.42
2024-09-19,0.02,38.84,22.91,21.94
2024-09-20,0.0,39.03,24.6,22.35
2024-09-21,0.02,36.73,23.53,13.02
2024-09-22,0.18,38.15,24.61,14.25
2024-09-23,0.0,39.05,23.78,16.29
2024-09-24,0.0,39.83,24.27,21.52
2024-09-25,0.04,40.24,24.49,23.8
2024-09-26,0.0,40.97,25.58,23.08
2024-09-27,0.0,36.1,25.68,11.94
2024-09-28,0.0,36.15,23.06,17.85
2024-09-29,0.0,38.68,22.02,23.81
2024-09-30,0.0,38.96,25.28,24.63
2024-10-01,0.01,39.66,24.39,24.38
2024-10-02,0.03,40.24,24.99,19.96
2024-10-03,0.29,39.85,28.1,13.56
2024-10-04,0.0,37.71,23.3,16.99
2024-10-05,0.0,37.88,20.7,25.02
2024-10-06,0.0,39.93,21.87,27.06
2024-10-07,0.0,41.2,22.23,25.13
2024-10-08,0.0,41.33,23.37,23.49
2024-10-09,0.72,38.07,27.69,11.0
2024-10-10,2.13,36.57,22.98,5.95
2024-10-11,3.33,38.42,25.2,12.6
2024-10-12,7.47,34.08,22.75,22.83
2024-10-13,0.0,36.54,23.63,25.7
2024-10-14,6.62,37.94,22.27,22.44
2024-10-15,6.48,28.3,23.85,22.47
2024-10-16,0.0,33.71,22.37,24.48
2024-10-17,0.01,36.46,23.73,24.63
2024-10-18,1.17,34.87,24.93,10.7
2024-10-19,14.06,31.6,23.37,12.23
2024-10-20,33.74,26.27,21.47,8.45
2024-10-21,0.71,28.19,22.45,13.08
2024-10-22,0.23,29.14,22.44,13.7
2024-10-23,1.99,31.41,22.78,18.09
2024-10-24,2.57,33.94,22.93,25.2
2024-10-25,2.27,32.05,24.28,16.82
2024-10-26,22.14,28.93,24.42,9.79
2024-10-27,0.68,29.2,23.52,15.72
2024-10-28,1.07,29.77,22.16,13.83
2024-10-29,0.86,30.98,22.73,25.69
2024-10-30,0.02,33.74,21.11,27.64
2024-10-31,0.0,33.39,21.07,23.76
2024-11-01,10.14,30.01,22.35,22.3
2024-11-02,7.87,29.98,22.37,10.97
2024-11-03,0.45,28.64,22.71,14.09
2024-11-04,29.68,28.29,22.72,11.72
2024-11-05,10.64,28.68,22.7,14.36
2024-11-06,31.29,28.17,21.91,18.91
2024-11-07,7.19,26.99,22.0,14.11
2024-11-08,4.79,28.77,22.37,12.75
2024-11-09,0.41,30.32,22.44,24.41
2024-11-10,0.01,31.7,21.58,28.16
2024-11-11,0.0,33.19,21.26,28.42
2024-11-12,0.29,34.37,22.87,23.16
2024-11-13,2.29,29.17,20.51,19.1
2024-11-14,0.16,31.9,21.76,25.56
2024-11-15,5.13,31.6,22.2,22.67
2024-11-16,7.75,29.87,22.15,21.79
2024-11-17,0.38,31.48,21.52,21.35
2024-11-18,0.13,32.7,22.17,27.85
2024-11-19,0.07,33.84,22.87,24.78
2024-11-20,0.66,29.95,25.28,19.09
2024-11-21,30.5,29.26,24.08,10.63
2024-11-22,1.82,30.18,21.56,15.59
2024-11-23,0.09,32.13,22.27,27.01
2024-11-24,0.0,32.28,20.03,29.01
2024-11-25,0.0,32.86,21.05,28.31
2024-11-26,0.0,34.23,21.38,29.51
2024-11-27,0.33,33.09,22.53,26.87
2024-11-28,5.9,31.65,24.33,20.02
2024-11-29,20.19,30.44,24.29,5.78
2024-11-30,3.61,30.51,23.09,24.94
2024-12-01,0.18,30.14,24.06,23.88
2024-12-02,12.07,28.64,23.83,15.81
2024-12-03,15.32,29.4,22.94,16.89
2024-12-04,16.41,28.26,23.0,13.67
2024-12-05,6.96,30.25,22.6,14.2
2024-12-06,0.47,30.79,22.45,28.19
2024-12-07,0.32,33.23,21.98,27.03
2024-12-08,1.18,30.47,23.45,18.98
2024-12-09,2.09,32.74,23.73,18.91
2024-12-10,3.26,31.75,24.44,19.12
2024-12-11,2.66,31.61,23.35,24.95
2024-12-12,2.86,32.12,21.33,27.18
2024-12-13,15.09,29.46,23.95,23.04
2024-12-14,24.31,27.37,21.39,11.19
2024-12-15,6.78,30.33,22.56,23.23
2024-12-16,2.42,30.29,23.52,28.05
2024-12-17,0.17,31.15,22.61,28.24
2024-12-18,0.03,31.73,22.32,28.38
2024-12-19,0.22,31.85,23.26,13.09
2024-12-20,3.95,31.9,23.6,19.29
2024-12-21,8.43,30.99,23.82,18.76
2024-12-22,4.09,27.98,23.52,21.9
2024-12-23,0.68,32.44,23.01,27.39
2024-12-24,4.88,31.68,22.19,25.52
2024-12-25,4.88,27.44,23.37,17.19
2024-12-26,29.2,29.09,22.92,16.26
2024-12-27,15.31,29.35,22.86,17.18
2024-12-28,7.41,29.83,22.72,26.41
2024-12-29,1.02,30.78,24.15,29.37
2024-12-30,2.12,31.54,21.36,27.4
2024-12-31,2.19,30.94,22.57,28.86
2025-01-01,2.62,31.29,22.3,24.15
2025-01-02,2.66,32.05,21.87,23.62
2025-01-03,4.69,30.75,23.07,20.65
2025-01-04,8.04,29.07,21.95,21.52
2025-01-05,0.58,30.95,20.33,29.37
2025-01-06,5.93,31.21,21.93,24.82
2025-01-07,0.96,31.67,22.53,26.6
2025-01-08,0.74,32.4,22.82,26.0
2025-01-09,2.24,32.52,22.58,26.12
2025-01-10,0.01,32.9,22.06,29.2
2025-01-11,4.52,34.12,21.62,28.46
2025-01-12,13.43,30.94,23.93,24.34
2025-01-13,0.24,31.73,23.22,25.26
2025-01-14,0.0,31.98,21.95,28.61
2025-01-15,0.27,33.29,20.49,26.87
2025-01-16,7.01,30.07,23.26,14.73
2025-01-17,10.93,27.8,23.48,19.85
2025-01-18,0.18,31.12,23.01,24.92
2025-01-19,0.39,32.55,22.53,28.19
2025-01-20,0.93,33.29,23.07,26.76
2025-01-21,0.61,34.16,22.66,28.73
2025-01-22,0.9,34.92,23.02,28.28
2025-01-23,1.26,35.35,24.6,22.56
2025-01-24,0.01,35.8,24.02,28.96
2025-01-25,1.11,36.24,24.36,24.51
2025-01-26,9.48,34.52,25.4,22.58
2025-01-27,5.64,32.33,23.54,18.34
2025-01-28,0.34,32.24,24.0,23.08
2025-01-29,0.78,33.17,23.88,25.23
2025-01-30,4.36,33.68,24.96,24.19
2025-01-31,8.85,27.96,23.5,9.45
2025-02-01,5.33,28.6,22.69,19.36
2025-02-02,12.78,28.38,22.05,19.16
2025-02-03,23.91,28.7,22.37,12.9
2025-02-04,11.97,30.56,22.16,18.31
2025-02-05,3.26,27.12,22.64,9.1
2025-02-06,2.28,30.14,21.98,15.7
2025-02-07,3.91,31.26,21.92,26.0
2025-02-08,0.62,31.36,22.73,27.87
2025-02-09,0.54,30.92,21.32,27.9
2025-02-10,0.72,30.76,21.62,23.24
2025-02-11,3.16,31.64,20.95,23.4
2025-02-12,0.89,27.95,22.6,22.7
2025-02-13,3.36,30.22,21.93,20.48
2025-02-14,0.88,32.72,22.67,19.32
2025-02-15,0.29,33.95,22.75,24.65
2025-02-16,0.13,36.24,23.52,26.6
2025-02-17,0.85,35.65,23.71,27.03
2025-02-18,0.84,35.07,24.89,22.59
2025-02-19,0.16,35.53,25.58,22.17
2025-02-20,0.05,37.07,25.87,26.52
2025-02-21,0.36,37.62,24.58,24.72
2025-02-22,0.92,36.17,25.17,23.43
2025-02-23,3.25,35.71,25.04,19.49
2025-02-24,0.13,33.5,23.61,22.29
2025-02-25,0.37,33.12,23.92,19.37
2025-02-26,0.29,36.13,23.78,24.04
2025-02-27,0.43,36.0,23.85,24.44
2025-02-28,0.15,37.47,25.72,26.07
2025-03-01,0.0,37.35,23.45,26.96
2025-03-02,0.0,33.69,23.28,20.54
2025-03-03,0.01,34.5,21.99,22.94
2025-03-04,0.12,36.95,23.43,23.44
2025-03-05,0.43,35.59,24.51,24.08
2025-03-06,0.0,34.94,22.78,26.45
2025-03-07,0.02,36.14,21.68,25.55
2025-03-08,0.01,36.92,22.22,26.23
2025-03-09,0.0,36.94,23.09,25.17
2025-03-10,0.04,37.39,25.54,23.8
2025-03-11,0.85,35.78,26.32,15.26
2025-03-12,0.35,37.26,23.52,22.16
2025-03-13,0.82,37.02,24.3,19.39
2025-03-14,0.01,37.54,25.18,23.27
2025-03-15,0.0,38.06,24.84,23.84
2025-03-16,0.42,39.01,25.49,22.99
2025-03-17,14.69,35.17,24.99,19.53
2025-03-18,12.04,31.73,25.25,19.72
2025-03-19,1.96,32.62,23.66,18.15
2025-03-20,0.01,33.81,21.91,24.3
2025-03-21,0.0,34.4,20.38,25.33
2025-03-22,0.28,34.14,21.26,16.69
2025-03-23,1.13,33.71,22.99,21.43
2025-03-24,4.4,34.02,24.0,22.61
2025-03-25,0.04,35.31,24.93,21.14
2025-03-26,0.39,35.4,26.3,20.44
2025-03-27,0.35,36.0,23.18,22.59
2025-03-28,0.32,36.71,24.06,22.78
2025-03-29,0.23,35.73,25.27,18.71
2025-03-30,1.97,36.65,25.37,19.78
2025-03-31,0.32,32.24,24.08,9.2
