data,PRECTOTCORR,T2M_MAX,T2M_MIN,ALLSKY_SFC_SW_DWN
2013-10-01,5.26,30.67,21.62,13.59
2013-10-02,4.37,29.26,21.8,6.69
2013-10-03,17.5,30.02,21.79,21.96
2013-10-04,4.09,27.21,19.52,5.38
2013-10-05,0.0,27.9,16.23,26.29
2013-10-06,0.0,28.49,14.31,26.67
2013-10-07,0.0,28.1,15.49,21.87
2013-10-08,1.41,27.57,14.76,20.29
2013-10-09,0.0,30.5,16.87,23.9
2013-10-10,0.0,31.35,17.63,26.29
2013-10-11,0.0,32.03,18.47,20.88
2013-10-12,0.17,30.75,20.57,9.6
2013-10-13,0.01,34.24,19.82,23.13
2013-10-14,2.89,31.05,23.51,22.4
2013-10-15,2.05,27.78,22.11,9.25
2013-10-16,13.88,26.52,20.49,16.05
2013-10-17,2.83,30.74,20.02,19.43
2013-10-18,0.31,32.08,21.1,23.35
2013-10-19,0.0,32.32,17.11,28.92
2013-10-20,0.0,34.74,18.68,27.26
2013-10-21,2.63,35.24,23.72,25.08
2013-10-22,0.06,30.31,23.42,21.8
2013-10-23,0.01,31.92,24.45,22.37
2013-10-24,1.2,35.09,22.67,24.41
2013-10-25,1.19,30.92,23.35,24.92
2013-10-26,0.0,36.37,21.51,26.37
2013-10-27,0.07,35.34,23.4,23.51
2013-10-28,0.0,34.87,21.37,26.49
2013-10-29,0.0,35.22,18.34,28.71
2013-10-30,0.04,34.84,20.24,24.39
2013-10-31,0.14,35.7,22.55,27.42
2013-11-01,0.16,33.2,22.72,22.79
2013-11-02,1.16,35.94,22.31,23.23
2013-11-03,1.47,31.83,24.06,19.11
2013-11-04,3.01,28.81,22.8,14.39
2013-11-05,0.03,32.4,21.34,17.45
2013-11-06,0.05,32.4,19.53,20.69
2013-11-07,0.04,33.51,19.09,23.33
2013-11-08,0.03,34.82,20.44,27.69
2013-11-09,0.0,37.3,23.52,26.95
2013-11-10,0.14,37.9,25.47,23.67
2013-11-11,15.32,35.6,25.89,16.9
2013-11-12,0.38,32.28,24.46,22.87
2013-11-13,0.0,36.04,21.06,29.04
2013-11-14,0.0,36.85,20.6,29.73
2013-11-15,0.0,37.0,23.72,28.73
2013-11-16,2.12,34.35,24.28,18.91
2013-11-17,0.92,34.01,21.73,22.51
2013-11-18,0.48,34.48,22.39,25.51
2013-11-19,1.34,34.03,24.23,23.14
2013-11-20,2.5,34.63,23.48,20.74
2013-11-21,4.04,29.5,23.4,22.09
2013-11-22,14.29,30.75,22.19,18.5
2013-11-23,0.27,31.53,20.69,18.53
2013-11-24,0.95,29.2,21.48,21.42
2013-11-25,4.65,30.14,21.63,21.05
2013-11-26,0.22,33.51,20.18,26.26
2013-11-27,0.0,33.72,21.51,27.66
2013-11-28,0.0,37.43,22.16,29.48
2013-11-29,1.13,37.95,25.54,26.07
2013-11-30,7.3,32.05,24.93,24.09
2013-12-01,5.02,30.08,23.99,20.31
2013-12-02,0.78,31.81,24.31,18.04
2013-12-03,3.33,34.41,24.02,25.53
2013-12-04,4.43,35.04,24.29,26.98
2013-12-05,0.71,36.7,24.68,29.13
2013-12-06,6.86,34.37,25.13,21.45
2013-12-07,3.18,30.76,24.25,21.31
2013-12-08,3.57,33.06,23.76,25.16
2013-12-09,1.85,33.12,24.56,23.66
2013-12-10,45.84,27.98,23.67,10.54
2013-12-11,15.35,30.71,22.26,19.76
2013-12-12,0.13,31.21,21.31,25.87
2013-12-13,0.03,32.18,20.58,25.41
2013-12-14,7.64,29.72,23.47,21.24
2013-12-15,0.13,33.08,22.09,21.89
2013-12-16,0.45,33.55,22.19,23.93
2013-12-17,0.0,33.18,22.06,28.12
2013-12-18,0.0,33.98,20.98,28.15
2013-12-19,0.0,34.49,21.24,29.86
2013-12-20,0.27,35.11,23.04,28.12
2013-12-21,0.05,34.65,23.67,28.66
2013-12-22,1.41,34.61,23.27,27.4
2013-12-23,8.73,26.81,22.64,15.56
2013-12-24,1.9,29.08,21.86,19.8
2013-12-25,0.52,32.98,22.48,24.18
2013-12-26,0.0,36.2,22.47,26.08
2013-12-27,1.82,36.48,24.54,27.02
2013-12-28,19.34,32.72,24.91,19.3
2013-12-29,9.26,29.26,24.12,21.5
2013-12-30,2.44,30.57,24.0,16.17
2013-12-31,10.63,30.44,23.81,13.33
2014-01-01,4.03,31.71,23.59,20.26
2014-01-02,1.08,31.6,24.13,25.96
2014-01-03,4.73,33.52,24.73,28.46
2014-01-04,5.38,34.43,24.06,25.25
2014-01-05,1.62,32.74,24.11,27.81
2014-01-06,2.25,32.94,23.62,26.11
2014-01-07,2.39,31.62,22.79,25.34
2014-01-08,12.27,29.62,23.09,27.98
2014-01-09,0.03,30.72,23.47,23.16
2014-01-10,0.29,32.93,22.52,27.52
2014-01-11,0.2,32.51,23.26,22.81
2014-01-12,27.17,30.87,23.19,21.05
2014-01-13,5.92,30.02,21.75,14.97
2014-01-14,3.38,30.88,20.63,19.41
2014-01-15,0.77,28.48,21.69,22.13
2014-01-16,4.04,31.36,20.34,19.0
2014-01-17,0.39,30.34,22.02,20.23
2014-01-18,3.36,29.94,22.72,25.71
2014-01-19,0.48,32.21,22.99,28.88
2014-01-20,0.01,34.6,20.47,29.29
2014-01-21,0.26,34.06,23.03,26.89
2014-01-22,4.85,31.98,24.06,22.95
2014-01-23,0.33,33.2,22.84,25.44
2014-01-24,16.58,32.25,23.77,26.07
2014-01-25,0.69,30.1,23.37,24.44
2014-01-26,8.72,31.73,21.75,17.91
2014-01-27,3.04,32.64,22.89,27.77
2014-01-28,0.61,32.16,22.08,29.43
2014-01-29,0.0,34.16,21.41,29.29
2014-01-30,0.0,33.63,21.58,28.01
2014-01-31,0.0,34.74,23.3,27.11
2014-02-01,0.0,35.78,24.2,29.96
2014-02-02,0.0,36.51,22.71,29.93
2014-02-03,0.0,33.89,22.71,25.5
2014-02-04,0.0,37.46,23.72,25.89
2014-02-05,0.0,37.29,23.62,26.63
2014-02-06,0.0,38.28,25.64,27.63
2014-02-07,0.0,38.51,23.94,29.87
2014-02-08,0.11,38.15,23.12,27.43
2014-02-09,0.05,37.03,25.27,23.13
2014-02-10,0.0,40.18,23.37,27.65
2014-02-11,0.01,37.6,26.8,25.56
2014-02-12,0.94,34.96,24.75,17.5
2014-02-13,9.68,31.11,23.25,20.18
2014-02-14,15.7,31.77,22.09,20.17
2014-02-15,33.56,29.46,22.12,15.34
2014-02-16,9.85,29.84,21.73,14.46
2014-02-17,2.04,30.83,20.98,18.61
2014-02-18,1.24,31.38,21.32,20.06
2014-02-19,0.36,31.26,21.73,22.9
2014-02-20,0.54,30.74,21.98,23.71
2014-02-21,10.1,28.08,22.82,14.05
2014-02-22,11.39,27.45,22.01,18.43
2014-02-23,8.42,28.64,22.18,14.07
2014-02-24,3.78,30.15,22.05,12.64
2014-02-25,0.65,30.2,21.66,18.86
2014-02-26,2.0,32.11,21.96,23.88
2014-02-27,7.91,32.11,22.25,20.3
2014-02-28,14.18,29.98,22.83,18.32
2014-03-01,3.62,31.18,22.7,23.26
2014-03-02,0.56,31.43,21.79,25.9
2014-03-03,13.9,31.01,22.94,21.36
2014-03-04,17.01,28.59,23.22,22.46
2014-03-05,11.03,28.93,22.7,15.55
2014-03-06,3.76,30.27,23.12,23.52
2014-03-07,10.55,30.87,23.26,19.7
2014-03-08,0.64,29.72,21.3,22.52
2014-03-09,0.0,30.86,21.31,26.38
2014-03-10,1.9,29.99,22.71,9.28
2014-03-11,19.51,27.59,23.09,15.58
2014-03-12,9.01,26.83,22.04,14.91
2014-03-13,1.59,28.01,21.37,22.71
2014-03-14,0.0,30.68,20.52,23.67
2014-03-15,0.08,32.0,21.95,25.05
2014-03-16,0.02,31.77,22.25,23.56
2014-03-17,0.32,32.07,22.18,23.82
2014-03-18,0.31,32.36,23.37,25.01
2014-03-19,1.29,31.38,22.47,23.51
2014-03-20,3.91,30.01,23.39,17.18
2014-03-21,6.01,27.35,23.15,18.6
2014-03-22,2.87,29.54,22.24,14.04
2014-03-23,0.01,30.6,20.0,20.65
2014-03-24,0.0,30.86,18.66,23.41
2014-03-25,0.0,31.24,19.94,23.07
2014-03-26,0.76,31.86,20.09,22.58
2014-03-27,0.03,29.48,21.03,17.53
2014-03-28,0.08,30.31,21.22,20.12
2014-03-29,3.09,29.76,22.12,12.57
2014-03-30,5.23,26.86,22.49,13.86
2014-03-31,3.69,27.82,22.17,15.27
2014-04-01,0.68,32.02,21.51,21.06
2014-04-02,0.0,32.89,21.33,22.66
2014-04-03,0.0,32.56,20.85,23.01
2014-04-04,0.0,32.82,21.69,22.49
2014-04-05,0.0,33.37,22.02,21.7
2014-04-06,0.0,34.15,22.09,21.75
2014-04-07,0.06,34.78,23.23,19.88
2014-04-08,2.96,34.9,23.81,18.53
2014-04-09,11.1,32.23,24.39,16.43
2014-04-10,0.03,28.02,23.77,17.53
2014-04-11,0.98,30.65,22.55,18.96
2014-04-12,9.25,29.44,23.62,18.87
2014-04-13,1.49,30.16,23.27,14.06
2014-04-14,2.08,30.78,19.67,11.54
2014-04-15,2.91,27.17,18.72,11.57
2014-04-16,0.1,30.81,19.46,12.59
2014-04-17,0.02,32.33,20.2,21.0
2014-04-18,0.12,32.41,20.86,17.9
2014-04-19,3.89,32.51,21.15,18.59
2014-04-20,0.0,30.87,21.95,18.56
2014-04-21,0.79,30.75,22.98,17.18
2014-04-22,2.62,29.2,22.01,10.41
2014-04-23,0.75,28.39,21.24,9.38
2014-04-24,0.0,30.41,20.69,16.85
2014-04-25,0.0,29.72,18.09,19.14
2014-04-26,0.0,30.38,17.88,20.65
2014-04-27,0.0,29.37,16.1,21.09
2014-04-28,0.0,30.04,15.19,20.78
2014-04-29,0.0,30.99,15.98,20.37
2014-04-30,0.0,29.72,17.99,20.2
2014-05-01,1.64,27.37,17.33,8.94
2014-05-02,0.0,28.6,16.53,11.92
2014-05-03,0.0,28.45,18.6,13.86
2014-05-04,0.0,32.16,16.24,19.43
2014-05-05,0.0,33.03,18.68,16.15
2014-05-06,0.0,30.01,20.04,14.02
2014-05-07,0.0,32.9,18.83,13.42
2014-05-08,0.0,32.51,19.76,17.89
2014-05-09,0.0,31.5,18.74,17.6
2014-05-10,0.0,29.67,14.71,19.35
2014-05-11,0.0,29.56,15.5,19.28
2014-05-12,0.0,31.2,14.9,18.5
2014-05-13,0.0,31.49,17.47,15.72
2014-05-14,0.0,31.11,19.11,15.73
2014-05-15,0.0,29.9,16.99,17.33
2014-05-16,0.0,31.47,16.72,13.46
2014-05-17,2.23,31.96,18.8,14.99
2014-05-18,1.93,31.03,18.81,14.85
2014-05-19,0.0,31.71,16.99,17.81
2014-05-20,0.0,32.01,17.26,15.59
2014-05-21,0.4,32.66,17.83,17.27
2014-05-22,21.77,29.34,21.78,10.88
2014-05-23,8.17,26.77,17.18,6.24
2014-05-24,0.05,25.53,15.96,8.08
2014-05-25,1.41,24.51,18.04,12.96
2014-05-26,0.11,21.92,12.29,13.21
2014-05-27,0.0,21.28,9.68,6.99
2014-05-28,0.0,23.64,10.11,11.52
2014-05-29,0.05,25.15,11.08,16.94
2014-05-30,0.0,26.9,13.16,17.57
2014-05-31,0.0,28.94,12.73,17.2
2014-06-01,2.41,22.71,17.87,5.07
2014-06-02,0.08,24.23,11.36,16.49
2014-06-03,0.0,23.86,7.88,18.0
2014-06-04,0.0,26.76,10.3,13.36
2014-06-05,0.11,31.57,16.64,14.44
2014-06-06,0.0,31.36,18.31,11.52
2014-06-07,0.0,32.61,20.98,15.72
2014-06-08,0.06,32.76,18.81,16.42
2014-06-09,0.79,28.78,20.26,12.77
2014-06-10,0.0,30.43,19.26,15.21
2014-06-11,0.0,30.46,17.54,16.33
2014-06-12,0.0,30.64,18.35,15.1
2014-06-13,0.0,30.67,17.53,14.64
2014-06-14,0.0,31.05,17.38,14.63
2014-06-15,0.0,31.31,17.94,15.71
2014-06-16,0.0,31.27,18.1,16.17
2014-06-17,0.0,31.16,16.86,15.81
2014-06-18,0.06,30.72,17.67,15.32
2014-06-19,1.5,28.18,16.28,15.58
2014-06-20,0.0,27.2,14.17,15.71
2014-06-21,0.0,28.04,12.22,16.21
2014-06-22,0.0,29.08,13.67,15.81
2014-06-23,0.0,30.65,17.48,14.4
2014-06-24,0.0,30.83,16.47,16.21
2014-06-25,0.0,30.95,16.29,15.59
2014-06-26,0.0,31.32,16.72,13.9
2014-06-27,0.0,32.06,17.33,16.05
2014-06-28,0.07,29.19,19.18,8.33
2014-06-29,0.0,22.22,13.5,7.43
2014-06-30,0.0,24.12,9.81,16.49
2014-07-01,0.0,28.82,10.91,16.47
2014-07-02,0.0,31.78,15.5,15.75
2014-07-03,0.0,32.75,17.73,16.09
2014-07-04,0.0,32.9,17.33,16.36
2014-07-05,0.0,31.37,17.17,16.21
2014-07-06,0.0,31.67,15.42,16.29
2014-07-07,0.16,24.7,17.97,5.26
2014-07-08,0.78,28.99,16.98,7.96
2014-07-09,1.28,28.42,17.88,13.68
2014-07-10,0.1,27.64,17.35,7.98
2014-07-11,0.01,27.79,15.03,16.57
2014-07-12,0.04,28.56,14.09,16.7
2014-07-13,0.0,29.62,14.31,16.29
2014-07-14,0.0,30.32,14.42,16.9
2014-07-15,0.0,30.65,14.84,17.18
2014-07-16,0.0,31.41,16.38,16.23
2014-07-17,0.05,32.03,19.78,16.91
2014-07-18,3.06,25.27,15.92,7.36
2014-07-19,0.0,26.18,12.28,17.97
2014-07-20,0.05,27.43,8.85,17.33
2014-07-21,0.0,29.72,10.69,17.73
2014-07-22,0.0,32.53,13.49,17.42
2014-07-23,1.42,33.43,20.06,13.78
2014-07-24,27.93,21.61,13.67,2.69
2014-07-25,0.48,20.77,10.75,5.34
2014-07-26,14.59,17.78,13.0,5.59
2014-07-27,5.52,20.07,13.58,6.91
2014-07-28,0.45,23.15,15.38,6.73
2014-07-29,0.0,27.04,13.89,17.64
2014-07-30,0.0,27.97,14.89,17.93
2014-07-31,0.0,28.74,14.88,18.78
2014-08-01,0.0,29.67,15.92,19.06
2014-08-02,0.0,30.02,15.72,19.32
2014-08-03,0.0,30.72,15.25,19.4
2014-08-04,0.0,31.83,15.94,18.48
2014-08-05,0.0,29.85,17.21,18.64
2014-08-06,0.0,30.47,13.88,19.06
2014-08-07,0.0,30.67,16.36,19.02
2014-08-08,0.0,30.94,15.57,19.81
2014-08-09,0.0,30.3,16.06,19.52
2014-08-10,0.0,29.42,14.0,18.12
2014-08-11,0.0,32.21,15.28,19.65
2014-08-12,0.0,33.72,18.25,19.19
2014-08-13,1.83,28.57,18.02,12.8
2014-08-14,0.0,26.62,13.38,17.53
2014-08-15,0.0,32.08,14.59,18.33
2014-08-16,0.0,32.24,17.99,19.91
2014-08-17,0.0,31.52,19.13,17.94
2014-08-18,0.0,31.68,19.25,19.77
2014-08-19,0.0,32.24,18.23,20.32
2014-08-20,0.0,31.96,15.28,21.7
2014-08-21,0.0,33.83,15.86,21.44
2014-08-22,0.0,34.28,17.48,21.54
2014-08-23,0.0,34.79,17.3,21.77
2014-08-24,0.0,34.43,17.19,21.83
2014-08-25,0.01,35.73,17.18,21.45
2014-08-26,0.01,29.51,18.76,16.58
2014-08-27,0.0,27.04,15.21,17.53
2014-08-28,0.0,32.93,15.57,17.29
2014-08-29,0.0,34.56,18.72,20.1
2014-08-30,0.0,36.14,18.97,21.23
2014-08-31,0.0,37.32,20.55,21.03
2014-09-01,0.01,36.73,20.85,19.3
2014-09-02,2.24,37.07,23.76,19.33
2014-09-03,0.02,36.35,23.13,18.19
2014-09-04,0.0,32.92,20.82,21.99
2014-09-05,0.0,32.87,17.24,23.11
2014-09-06,0.0,34.48,19.39,22.78
2014-09-07,1.16,35.14,20.93,12.55
2014-09-08,0.0,34.54,20.11,22.26
2014-09-09,0.0,35.83,19.31,23.9
2014-09-10,0.0,36.85,19.15,24.17
2014-09-11,0.0,37.75,21.13,23.19
2014-09-12,0.0,37.75,21.56,23.56
2014-09-13,0.0,36.72,19.78,24.63
2014-09-14,0.0,38.4,19.34,23.64
2014-09-15,0.05,37.48,21.97,14.58
2014-09-16,0.0,33.75,19.4,22.74
2014-09-17,0.0,37.93,20.44,23.78
2014-09-18,0.0,39.22,22.48,20.34
2014-09-19,6.51,37.85,25.08,15.07
2014-09-20,11.74,34.48,22.17,3.16
2014-09-21,0.96,30.94,18.88,22.47
2014-09-22,0.02,31.83,16.36,26.03
2014-09-23,0.0,35.91,16.69,23.78
2014-09-24,26.13,33.06,23.37,15.88
2014-09-25,1.31,31.36,22.26,15.31
2014-09-26,11.29,29.91,23.11,13.68
2014-09-27,9.63,30.97,22.32,4.66
2014-09-28,0.04,30.83,21.81,16.65
2014-09-29,19.82,33.16,22.26,23.21
2014-09-30,0.05,30.04,22.21,16.55
2014-10-01,5.02,34.61,23.14,16.76
2014-10-02,0.0,30.81,19.68,20.51
2014-10-03,0.08,29.27,15.99,26.43
2014-10-04,0.0,29.49,14.07,27.1
2014-10-05,0.0,31.34,14.42,24.3
2014-10-06,0.0,31.87,15.25,26.45
2014-10-07,0.0,32.39,16.46,23.72
2014-10-08,0.0,34.21,17.52,28.1
2014-10-09,0.0,35.71,17.87,27.44
2014-10-10,0.0,37.96,19.84,26.62
2014-10-11,0.0,38.53,21.71,26.7
2014-10-12,0.0,39.41,22.21,26.32
2014-10-13,0.0,40.15,22.16,26.94
2014-10-14,0.0,41.16,24.05,26.76
2014-10-15,0.0,41.26,25.91,24.94
2014-10-16,0.0,41.5,24.38,25.43
2014-10-17,0.07,41.92,25.27,22.99
2014-10-18,0.0,41.89,25.54,22.14
2014-10-19,1.99,38.48,24.83,14.98
2014-10-20,7.71,35.87,22.85,10.89
2014-10-21,0.0,34.59,23.51,24.32
2014-10-22,0.0,36.36,19.97,26.95
2014-10-23,14.85,33.76,21.8,26.94
2014-10-24,5.58,32.44,22.96,15.63
2014-10-25,23.81,25.75,21.47,10.72
2014-10-26,0.91,30.4,20.26,17.31
2014-10-27,0.0,32.1,21.39,24.1
2014-10-28,0.0,33.9,20.92,27.95
2014-10-29,0.0,34.42,19.36,28.98
2014-10-30,28.32,33.33,21.48,23.94
2014-10-31,4.82,30.1,22.66,20.8
2014-11-01,6.11,30.65,22.2,18.31
2014-11-02,8.5,30.27,22.97,18.35
2014-11-03,4.12,27.63,23.16,19.94
2014-11-04,31.27,27.82,22.87,17.21
2014-11-05,1.71,31.19,22.72,25.48
2014-11-06,0.08,32.48,20.82,26.38
2014-11-07,10.87,31.31,23.63,25.27
2014-11-08,0.23,30.3,23.49,8.12
2014-11-09,0.04,30.99,22.61,24.98
2014-11-10,0.01,32.44,20.82,26.53
2014-11-11,2.73,33.39,18.03,27.69
2014-11-12,21.19,29.34,23.3,14.59
2014-11-13,0.12,32.2,21.45,23.44
2014-11-14,0.01,31.79,20.42,27.84
2014-11-15,0.0,30.52,18.8,29.23
2014-11-16,0.0,30.73,17.74,30.86
2014-11-17,0.0,31.98,17.51,29.57
2014-11-18,0.0,33.86,17.72,29.53
2014-11-19,13.21,33.69,21.24,23.46
2014-11-20,11.18,29.82,22.88,14.8
2014-11-21,2.77,32.82,22.05,21.41
2014-11-22,13.4,27.8,22.35,8.12
2014-11-23,7.33,29.58,21.23,14.63
2014-11-24,5.09,29.56,22.21,16.7
2014-11-25,37.91,26.33,22.62,12.43
2014-11-26,3.07,29.48,21.92,16.31
2014-11-27,2.08,28.81,22.86,21.5
2014-11-28,3.33,30.36,21.72,20.35
2014-11-29,1.15,28.99,22.41,18.49
2014-11-30,5.06,31.03,23.06,14.19
2014-12-01,1.19,30.65,23.0,23.89
2014-12-02,2.07,26.05,22.43,21.69
2014-12-03,0.97,31.3,21.75,18.11
2014-12-04,14.47,31.36,22.61,22.93
2014-12-05,0.9,30.4,20.7,20.64
2014-12-06,0.23,30.3,19.68,24.38
2014-12-07,0.19,30.24,22.11,23.54
2014-12-08,4.08,26.98,21.92,20.84
2014-12-09,8.45,28.21,21.29,19.49
2014-12-10,9.27,26.76,21.89,17.91
2014-12-11,8.76,29.73,21.47,22.25
2014-12-12,11.72,29.41,21.43,17.19
2014-12-13,7.12,29.31,22.23,16.99
2014-12-14,4.78,31.15,22.44,26.24
2014-12-15,0.03,31.2,20.92,29.15
2014-12-16,0.02,30.84,19.0,28.94
2014-12-17,0.0,33.29,20.39,26.57
2014-12-18,2.54,33.48,21.83,21.07
2014-12-19,0.66,31.15,23.53,26.21
2014-12-20,2.24,31.82,23.63,20.89
2014-12-21,3.03,28.05,24.22,16.6
2014-12-22,12.32,26.87,23.56,15.18
2014-12-23,8.68,26.39,22.48,18.22
2014-12-24,7.07,30.05,21.1,16.59
2014-12-25,0.62,31.25,22.38,21.49
2014-12-26,0.01,32.02,23.37,29.42
2014-12-27,0.0,33.66,24.38,28.41
2014-12-28,0.0,34.14,24.76,29.14
2014-12-29,2.64,34.18,23.1,22.63
2014-12-30,6.89,32.16,23.92,27.23
2014-12-31,1.79,30.35,24.18,25.12
2015-01-01,0.35,32.6,23.37,28.39
2015-01-02,0.69,29.61,24.99,27.52
2015-01-03,5.65,32.33,24.55,24.31
2015-01-04,6.2,31.74,23.04,23.92
2015-01-05,4.29,28.85,22.94,21.75
2015-01-06,2.34,30.93,22.13,22.39
2015-01-07,0.57,32.43,23.0,28.49
2015-01-08,0.47,31.37,23.03,18.47
2015-01-09,0.21,33.59,22.9,24.38
2015-01-10,0.36,35.46,24.5,28.13
2015-01-11,0.7,35.72,24.8,27.38
2015-01-12,0.47,35.73,25.13,27.54
2015-01-13,0.02,34.0,24.74,28.59
2015-01-14,0.51,30.86,24.61,22.5
2015-01-15,4.01,33.98,22.66,28.02
2015-01-16,0.74,32.98,24.41,26.08
2015-01-17,0.01,37.87,23.67,28.92
2015-01-18,0.0,38.34,23.86,29.21
2015-01-19,0.31,39.1,23.96,28.54
2015-01-20,0.15,39.84,24.71,26.23
2015-01-21,0.06,33.22,25.17,27.63
2015-01-22,16.96,33.81,24.28,21.72
2015-01-23,9.41,31.98,21.7,25.92
2015-01-24,2.26,32.52,23.45,27.34
2015-01-25,0.47,30.75,23.19,18.65
2015-01-26,13.94,30.96,22.26,25.41
2015-01-27,10.21,30.3,22.43,19.33
2015-01-28,11.99,27.16,23.25,20.76
2015-01-29,8.01,31.16,22.17,16.02
2015-01-30,1.3,29.47,22.49,26.39
2015-01-31,0.02,32.04,23.04,26.55
2015-02-01,1.15,33.2,22.38,26.48
2015-02-02,1.65,33.18,23.21,28.86
2015-02-03,16.3,32.91,23.47,27.94
2015-02-04,16.6,29.91,22.74,18.02
2015-02-05,4.2,31.1,22.24,21.37
2015-02-06,6.13,30.83,22.67,25.81
2015-02-07,2.95,31.32,20.58,24.52
2015-02-08,7.64,31.86,21.76,26.51
2015-02-09,3.56,31.64,22.95,15.33
2015-02-10,4.21,30.9,23.71,22.78
2015-02-11,2.17,29.41,23.68,25.32
2015-02-12,1.81,30.14,23.26,25.48
2015-02-13,1.84,30.85,24.46,23.54
2015-02-14,9.95,28.47,23.21,17.53
2015-02-15,4.3,29.21,22.66,19.39
2015-02-16,17.87,28.93,22.33,20.78
2015-02-17,18.07,27.73,21.9,11.74
2015-02-18,8.7,29.44,21.75,15.73
2015-02-19,19.08,30.08,23.06,15.42
2015-02-20,11.31,27.59,22.86,17.2
2015-02-21,1.31,29.28,22.49,25.99
2015-02-22,0.14,31.32,22.2,27.19
2015-02-23,0.06,31.52,23.18,25.66
2015-02-24,0.71,29.56,22.1,25.02
2015-02-25,1.49,29.51,22.43,24.09
2015-02-26,13.94,27.52,22.07,9.8
2015-02-27,11.96,28.12,20.47,24.48
2015-02-28,1.83,30.52,21.81,23.64
2015-03-01,1.77,30.83,21.11,25.81
2015-03-02,0.52,30.88,20.59,22.38
2015-03-03,0.71,28.92,22.86,20.78
2015-03-04,1.52,28.12,22.79,19.7
2015-03-05,8.66,30.23,20.84,22.69
2015-03-06,4.27,28.99,22.96,18.06
2015-03-07,8.02,28.32,22.8,18.46
2015-03-08,11.83,28.09,22.29,15.16
2015-03-09,25.2,29.47,23.26,10.31
2015-03-10,7.8,29.96,21.48,18.31
2015-03-11,2.78,30.3,21.88,24.07
2015-03-12,7.18,29.79,21.28,22.33
2015-03-13,2.31,29.2,21.85,20.89
2015-03-14,9.97,28.56,21.64,17.53
2015-03-15,3.27,28.1,22.34,23.71
2015-03-16,2.75,30.21,21.36,23.99
2015-03-17,1.94,29.57,21.52,21.68
2015-03-18,2.01,28.97,19.99,21.01
2015-03-19,18.99,22.21,19.91,13.33
2015-03-20,5.17,27.23,19.77,15.49
2015-03-21,17.15,27.15,20.14,16.6
2015-03-22,0.52,28.82,18.08,21.14
2015-03-23,0.12,29.22,18.48,23.18
2015-03-24,0.08,29.75,19.33,25.13
2015-03-25,0.05,30.29,18.49,23.9
2015-03-26,0.78,31.65,18.85,21.45
2015-03-27,7.69,31.04,21.11,13.59
2015-03-28,9.92,29.42,22.31,21.0
2015-03-29,5.77,29.96,22.14,14.09
2015-03-30,7.8,29.79,22.4,17.23
2015-03-31,7.94,29.3,23.32,21.22
2015-04-01,0.3,29.45,21.59,20.2
2015-04-02,0.01,30.1,20.1,15.12
2015-04-03,0.01,30.32,20.98,19.02
2015-04-04,3.25,31.36,19.05,20.92
2015-04-05,3.53,31.14,21.55,13.05
2015-04-06,1.46,28.75,21.2,14.26
2015-04-07,0.0,28.15,19.06,21.45
2015-04-08,0.0,28.68,17.5,22.12
2015-04-09,0.03,29.94,18.53,20.72
2015-04-10,0.01,28.98,20.72,16.43
2015-04-11,0.0,30.66,19.5,21.91
2015-04-12,0.0,31.29,20.24,20.92
2015-04-13,0.02,31.29,20.26,21.59
2015-04-14,3.61,30.28,21.14,16.28
2015-04-15,1.85,30.62,21.99,18.34
2015-04-16,0.18,31.45,23.2,18.89
2015-04-17,0.14,31.12,22.16,20.36
2015-04-18,1.66,29.34,22.24,13.94
2015-04-19,0.48,31.31,22.19,18.14
2015-04-20,0.08,32.13,22.96,19.56
2015-04-21,5.44,31.94,22.77,17.83
2015-04-22,4.93,30.65,22.94,16.72
2015-04-23,0.37,31.2,22.4,15.73
2015-04-24,0.97,31.57,21.78,15.04
2015-04-25,0.01,31.4,20.49,19.24
2015-04-26,0.0,29.1,18.0,20.88
2015-04-27,0.0,30.3,16.96,20.41
2015-04-28,0.06,30.78,17.44,19.98
2015-04-29,0.0,29.85,17.67,19.06
2015-04-30,0.0,29.82,17.89,19.75
2015-05-01,0.0,29.91,16.45,19.67
2015-05-02,0.0,31.13,16.04,20.06
2015-05-03,2.02,31.45,18.13,17.26
2015-05-04,21.68,28.48,20.61,9.04
2015-05-05,0.22,28.43,17.85,12.24
2015-05-06,0.04,28.47,19.95,14.62
2015-05-07,0.0,28.48,16.74,18.56
2015-05-08,0.0,26.79,16.31,18.56
2015-05-09,0.01,28.31,15.35,16.54
2015-05-10,7.54,28.52,19.94,10.24
2015-05-11,10.64,26.05,16.6,10.41
2015-05-12,0.0,24.35,12.53,16.99
2015-05-13,0.01,24.69,13.79,15.17
2015-05-14,0.0,27.11,14.91,18.14
2015-05-15,0.0,26.47,16.63,9.75
2015-05-16,0.0,27.95,17.91,14.59
2015-05-17,0.0,28.05,17.51,15.69
2015-05-18,0.07,27.14,18.01,8.74
2015-05-19,1.35,27.12,17.51,9.43
2015-05-20,3.31,27.42,17.19,12.51
2015-05-21,0.25,28.25,18.25,16.13
2015-05-22,0.0,28.63,18.33,17.06
2015-05-23,0.0,27.25,18.95,12.78
2015-05-24,0.0,29.9,17.95,16.17
2015-05-25,0.0,31.01,19.77,16.4
2015-05-26,0.01,31.38,19.74,17.02
2015-05-27,0.24,31.16,19.39,16.01
2015-05-28,3.83,24.8,19.33,4.55
2015-05-29,0.4,25.6,13.53,14.76
2015-05-30,1.65,27.57,13.92,10.85
2015-05-31,17.47,27.75,18.63,10.7
2015-06-01,2.27,26.29,16.44,6.32
2015-06-02,3.11,26.06,17.41,3.37
2015-06-03,0.1,27.64,17.01,13.46
2015-06-04,0.0,28.51,16.41,16.43
2015-06-05,0.0,28.12,16.48,16.79
2015-06-06,0.02,28.56,16.26,16.73
2015-06-07,0.0,29.42,16.76,15.37
2015-06-08,0.0,29.33,16.58,16.41
2015-06-09,0.0,29.35,16.6,15.15
2015-06-10,0.0,29.83,16.97,16.35
2015-06-11,0.0,30.4,17.92,16.52
2015-06-12,0.0,30.62,18.09,16.07
2015-06-13,0.0,30.02,17.47,16.56
2015-06-14,0.01,31.22,18.1,14.97
2015-06-15,0.14,22.38,16.86,5.45
2015-06-16,0.01,25.36,13.84,13.5
2015-06-17,0.0,30.79,16.78,15.91
2015-06-18,0.06,31.47,18.13,13.12
2015-06-19,0.01,26.26,16.21,6.15
2015-06-20,0.0,27.48,14.78,15.8
2015-06-21,0.0,28.59,16.52,15.74
2015-06-22,0.0,28.52,15.6,15.74
2015-06-23,0.0,28.4,15.49,13.87
2015-06-24,0.0,28.01,16.4,12.7
2015-06-25,0.0,27.07,16.82,15.08
2015-06-26,0.0,26.41,17.84,15.42
2015-06-27,0.0,27.06,13.86,16.57
2015-06-28,0.0,26.91,12.84,15.3
2015-06-29,0.0,27.9,14.38,14.96
2015-06-30,0.47,28.24,15.25,13.38
2015-07-01,7.93,25.97,17.58,9.83
2015-07-02,1.1,26.85,16.86,10.43
2015-07-03,0.03,29.78,17.5,12.25
2015-07-04,3.45,20.74,14.11,3.02
2015-07-05,0.0,25.2,12.3,6.94
2015-07-06,0.81,22.77,16.08,8.18
2015-07-07,11.58,23.02,18.24,5.18
2015-07-08,8.43,24.07,15.21,7.96
2015-07-09,4.68,24.8,14.28,13.74
2015-07-10,1.42,28.24,15.57,15.95
2015-07-11,0.08,29.65,16.02,8.92
2015-07-12,0.22,29.65,17.27,16.45
2015-07-13,0.0,30.72,18.23,15.96
2015-07-14,0.0,31.34,19.33,14.93
2015-07-15,0.01,31.3,20.13,10.71
2015-07-16,0.01,29.39,19.76,11.15
2015-07-17,0.0,28.56,19.28,15.72
2015-07-18,0.0,29.35,17.47,16.8
2015-07-19,0.0,29.54,17.3,17.48
2015-07-20,0.0,30.06,15.65,17.51
2015-07-21,0.04,25.75,16.18,7.38
2015-07-22,0.0,26.56,12.65,12.11
2015-07-23,0.0,29.34,15.0,14.76
2015-07-24,0.09,30.19,17.43,16.07
2015-07-25,0.05,27.61,17.83,13.41
2015-07-26,0.0,28.63,14.72,17.03
2015-07-27,0.0,30.12,14.91,17.6
2015-07-28,0.0,30.89,15.02,17.84
2015-07-29,0.0,31.54,16.15,18.15
2015-07-30,0.0,31.03,15.98,18.3
2015-07-31,0.0,31.61,15.65,18.78
2015-08-01,0.0,31.67,15.33,18.89
2015-08-02,0.0,31.93,16.16,18.81
2015-08-03,0.0,32.51,16.63,19.17
2015-08-04,0.0,32.16,16.49,19.01
2015-08-05,0.0,32.39,16.52,19.23
2015-08-06,0.0,32.52,16.49,19.29
2015-08-07,0.0,33.41,16.22,19.67
2015-08-08,0.0,33.55,16.61,19.36
2015-08-09,0.0,32.72,16.58,19.41
2015-08-10,0.0,32.74,17.31,19.5
2015-08-11,0.0,32.6,18.14,19.8
2015-08-12,0.0,31.33,16.79,20.41
2015-08-13,0.0,32.15,15.83,20.13
2015-08-14,0.0,31.47,15.15,20.49
2015-08-15,0.0,32.28,16.38,20.43
2015-08-16,0.0,33.44,16.89,20.28
2015-08-17,0.0,33.72,17.54,17.1
2015-08-18,0.85,33.72,21.81,16.47
2015-08-19,0.32,29.76,17.6,19.91
2015-08-20,0.0,30.09,13.5,21.16
2015-08-21,0.0,30.51,14.79,21.3
2015-08-22,0.0,33.18,15.17,21.54
2015-08-23,0.0,35.79,16.88,20.88
2015-08-24,0.05,33.07,20.18,18.47
2015-08-25,0.04,34.91,19.09,17.4
2015-08-26,0.36,37.11,20.21,19.55
2015-08-27,9.33,33.9,19.59,4.91
2015-08-28,0.01,32.06,18.28,19.78
2015-08-29,0.05,33.82,15.19,21.99
2015-08-30,0.0,35.83,16.33,22.03
2015-08-31,0.0,36.59,19.11,21.61
2015-09-01,0.0,36.88,18.7,21.98
2015-09-02,0.0,35.23,19.07,22.65
2015-09-03,0.0,35.81,18.76,22.24
2015-09-04,0.16,36.07,18.69,22.23
2015-09-05,0.02,32.58,21.16,18.39
2015-09-06,0.05,33.75,20.25,19.83
2015-09-07,0.25,37.88,22.69,12.35
2015-09-08,15.42,35.39,22.95,12.3
2015-09-09,15.66,28.93,19.36,9.57
2015-09-10,6.02,30.85,19.98,8.77
2015-09-11,45.91,25.79,19.35,4.35
2015-09-12,5.11,25.12,16.18,6.3
2015-09-13,0.35,26.82,14.59,10.36
2015-09-14,0.0,28.24,15.51,22.03
2015-09-15,0.0,33.25,16.74,23.2
2015-09-16,0.0,34.98,22.18,22.76
2015-09-17,0.0,35.97,22.7,22.18
2015-09-18,0.0,36.32,22.76,24.1
2015-09-19,0.0,36.69,20.46,25.64
2015-09-20,0.0,36.41,18.9,25.71
2015-09-21,0.0,36.66,18.94,25.55
2015-09-22,0.0,37.27,19.67,24.61
2015-09-23,0.0,37.8,20.51,25.17
2015-09-24,0.0,38.19,21.02,21.39
2015-09-25,0.14,39.16,24.14,16.84
2015-09-26,3.5,34.15,24.3,13.71
2015-09-27,2.34,37.23,23.0,20.72
2015-09-28,1.26,30.21,21.28,9.16
2015-09-29,1.01,30.04,21.77,12.26
2015-09-30,0.42,34.03,20.69,16.94
2015-10-01,0.0,35.4,20.76,23.57
2015-10-02,0.6,37.66,23.61,24.01
2015-10-03,22.82,28.88,22.6,5.9
2015-10-04,0.06,29.54,20.83,12.15
2015-10-05,0.0,34.22,20.85,24.35
2015-10-06,0.0,35.91,19.97,26.45
2015-10-07,0.0,38.55,21.34,25.77
2015-10-08,0.8,38.83,23.94,23.98
2015-10-09,8.99,31.73,23.83,17.09
2015-10-10,28.68,27.55,23.15,13.41
2015-10-11,4.33,28.16,21.2,12.03
2015-10-12,3.55,24.34,18.04,11.05
2015-10-13,0.14,31.35,17.59,25.89
2015-10-14,0.16,36.12,20.97,26.13
2015-10-15,0.0,37.51,21.95,25.62
2015-10-16,0.0,38.21,24.66,25.88
2015-10-17,0.0,37.81,22.9,26.56
2015-10-18,0.0,37.04,21.38,24.57
2015-10-19,0.0,38.26,21.27,25.99
2015-10-20,0.0,38.56,24.93,22.89
2015-10-21,0.0,39.78,23.96,21.94
2015-10-22,2.08,40.35,25.82,20.76
2015-10-23,5.29,35.66,24.75,11.51
2015-10-24,1.24,35.89,22.91,24.12
2015-10-25,2.54,36.96,23.02,22.11
2015-10-26,6.0,34.82,24.54,18.2
2015-10-27,6.32,33.08,24.45,22.53
2015-10-28,1.78,32.78,24.25,16.52
2015-10-29,0.0,34.59,23.54,25.65
2015-10-30,2.1,36.04,21.91,25.55
2015-10-31,25.94,27.31,23.62,7.08
2015-11-01,11.37,29.96,22.71,19.1
2015-11-02,9.94,31.16,23.83,19.51
2015-11-03,27.2,27.95,23.09,15.58
2015-11-04,16.49,27.78,23.06,17.96
2015-11-05,14.72,29.96,22.53,19.96
2015-11-06,0.09,30.79,22.44,24.9
2015-11-07,0.12,30.8,19.91,16.41
2015-11-08,1.72,31.04,21.07,22.06
2015-11-09,1.06,32.58,22.23,25.05
2015-11-10,0.54,34.51,23.11,27.81
2015-11-11,0.03,32.95,24.28,22.76
2015-11-12,0.0,33.11,24.17,26.06
2015-11-13,2.56,31.35,23.74,25.09
2015-11-14,22.33,27.51,23.86,25.65
2015-11-15,32.48,30.89,23.03,14.59
2015-11-16,2.85,29.62,23.3,24.06
2015-11-17,10.28,31.14,22.42,23.38
2015-11-18,14.69,32.39,23.28,23.33
2015-11-19,8.39,32.83,23.91,23.06
2015-11-20,1.98,28.49,21.62,8.23
2015-11-21,0.05,31.6,18.67,16.65
2015-11-22,0.28,32.23,22.53,21.72
2015-11-23,14.7,32.89,23.9,23.77
2015-11-24,24.5,29.61,24.59,4.65
2015-11-25,31.9,29.33,23.6,5.25
2015-11-26,0.9,28.27,22.14,19.84
2015-11-27,0.64,31.71,22.04,27.22
2015-11-28,28.32,30.12,24.12,16.35
2015-11-29,4.93,30.49,22.78,18.37
2015-11-30,20.9,30.17,22.45,22.1
2015-12-01,0.54,30.69,20.79,22.4
2015-12-02,0.49,31.33,22.52,14.06
2015-12-03,6.57,30.07,21.52,20.83
2015-12-04,6.62,31.84,22.48,27.21
2015-12-05,6.41,29.97,23.25,21.88
2015-12-06,6.28,28.28,22.3,14.61
2015-12-07,2.33,31.02,22.49,21.03
2015-12-08,3.44,30.11,23.33,21.93
2015-12-09,2.44,29.73,23.28,17.87
2015-12-10,3.4,29.26,23.6,11.84
2015-12-11,1.95,28.85,22.94,16.16
2015-12-12,2.82,28.52,22.35,14.16
2015-12-13,0.07,31.96,21.48,19.93
2015-12-14,0.14,31.69,23.15,27.8
2015-12-15,3.19,30.95,23.75,11.9
2015-12-16,2.27,28.4,22.4,24.94
2015-12-17,0.38,32.36,21.38,24.4
2015-12-18,1.93,33.46,23.2,24.0
2015-12-19,6.13,31.75,23.55,20.72
2015-12-20,7.18,28.7,23.35,19.42
2015-12-21,0.9,31.8,22.44,26.83
2015-12-22,0.16,32.23,22.88,27.07
2015-12-23,2.52,29.51,24.9,17.07
2015-12-24,14.5,31.1,23.3,24.08
2015-12-25,29.2,29.74,23.28,23.18
2015-12-26,6.44,30.89,23.27,16.57
2015-12-27,14.27,29.9,23.14,19.3
2015-12-28,12.7,28.32,23.35,18.38
2015-12-29,40.21,25.39,23.17,14.26
2015-12-30,15.75,27.89,22.84,14.31
2015-12-31,8.89,28.72,22.4,18.32
2016-01-01,4.72,29.22,22.97,16.0
2016-01-02,0.85,28.22,23.63,22.74
2016-01-03,0.74,30.21,23.0,19.57
2016-01-04,1.25,29.29,22.72,19.2
2016-01-05,3.72,30.22,23.01,23.91
2016-01-06,7.83,28.8,23.39,16.4
2016-01-07,2.83,29.6,23.38,19.0
2016-01-08,9.09,30.2,24.08,15.33
2016-01-09,46.93,28.24,23.65,14.45
2016-01-10,15.31,28.72,23.25,18.51
2016-01-11,19.51,28.68,23.64,13.45
2016-01-12,6.34,28.57,23.67,14.47
2016-01-13,22.3,29.77,23.7,13.8
2016-01-14,19.71,28.87,23.8,13.96
2016-01-15,5.58,28.84,23.31,11.06
2016-01-16,2.35,27.05,22.96,18.69
2016-01-17,0.02,29.17,19.54,27.08
2016-01-18,0.0,29.74,18.64,28.19
2016-01-19,0.0,30.27,19.79,29.09
2016-01-20,0.0,29.39,20.58,21.68
2016-01-21,0.0,30.78,19.92,25.6
2016-01-22,0.0,30.03,19.19,29.81
2016-01-23,12.08,30.48,19.45,27.99
2016-01-24,3.6,31.45,20.88,25.56
2016-01-25,1.12,31.73,23.43,28.66
2016-01-26,8.41,32.84,23.44,26.69
2016-01-27,7.05,29.61,24.69,18.28
2016-01-28,4.79,30.0,24.0,23.02
2016-01-29,8.2,28.56,23.32,15.21
2016-01-30,9.88,27.44,22.91,20.02
2016-01-31,1.48,29.78,23.12,27.17
2016-02-01,0.02,31.68,23.42,27.19
2016-02-02,0.09,32.93,22.7,28.22
2016-02-03,2.38,31.54,22.47,24.76
2016-02-04,3.82,30.4,24.02,21.13
2016-02-05,5.75,32.35,22.67,22.4
2016-02-06,0.36,31.21,22.91,21.8
2016-02-07,1.17,31.35,24.22,25.22
2016-02-08,1.67,30.27,23.79,20.52
2016-02-09,0.35,31.97,23.72,26.2
2016-02-10,1.73,32.87,22.98,26.09
2016-02-11,2.67,30.96,24.76,26.0
2016-02-12,6.25,31.62,23.56,23.62
2016-02-13,2.05,32.83,23.36,24.09
2016-02-14,0.22,29.38,23.77,25.78
2016-02-15,13.24,29.9,23.28,23.2
2016-02-16,3.77,30.62,24.12,17.77
2016-02-17,1.3,31.15,24.09,26.25
2016-02-18,31.86,29.69,23.98,17.41
2016-02-19,3.0,29.53,23.62,25.26
2016-02-20,2.15,29.15,23.88,21.16
2016-02-21,10.05,28.23,23.46,12.21
2016-02-22,30.47,27.16,22.89,15.67
2016-02-23,17.75,26.66,22.01,12.34
2016-02-24,3.73,28.48,21.22,11.2
2016-02-25,6.35,29.09,21.57,15.26
2016-02-26,9.89,30.52,22.4,21.23
2016-02-27,3.67,29.92,23.74,19.98
2016-02-28,8.66,29.62,23.54,17.34
2016-02-29,3.12,28.99,22.95,11.94
2016-03-01,1.75,28.94,21.35,18.21
2016-03-02,10.53,27.88,21.78,15.39
2016-03-03,5.65,30.33,22.73,19.93
2016-03-04,1.99,30.2,21.7,23.27
2016-03-05,0.03,29.79,19.71,21.95
2016-03-06,0.69,30.72,20.38,20.75
2016-03-07,0.7,30.96,22.94,24.31
2016-03-08,1.41,31.28,22.25,24.58
2016-03-09,11.04,28.36,23.66,18.3
2016-03-10,9.31,30.57,23.24,15.24
2016-03-11,2.99,28.35,20.14,20.41
2016-03-12,0.0,27.91,17.91,26.41
2016-03-13,0.06,29.4,16.98,21.58
2016-03-14,1.11,31.02,20.17,23.16
2016-03-15,3.44,29.12,22.99,16.71
2016-03-16,5.7,29.21,22.12,22.74
2016-03-17,0.83,30.6,21.35,24.53
2016-03-18,0.12,31.57,21.69,24.9
2016-03-19,0.0,31.9,21.93,25.21
2016-03-20,0.0,31.67,21.71,24.7
2016-03-21,0.0,32.46,19.55,24.83
2016-03-22,0.17,32.85,22.2,21.84
2016-03-23,2.23,31.48,23.53,22.3
2016-03-24,23.83,28.3,23.33,16.98
2016-03-25,3.88,28.51,22.62,13.03
2016-03-26,0.83,29.11,21.59,15.13
2016-03-27,0.02,27.92,19.44,16.79
2016-03-28,0.01,29.44,19.22,22.76
2016-03-29,0.0,31.62,19.6,21.79
2016-03-30,0.01,28.68,22.78,18.47
2016-03-31,0.02,30.16,22.15,23.05
2016-04-01,0.25,31.26,21.35,23.44
2016-04-02,0.36,31.39,21.57,23.25
2016-04-03,0.0,32.4,21.98,22.95
2016-04-04,0.0,32.89,21.64,22.39
2016-04-05,0.0,33.05,22.48,22.87
2016-04-06,0.0,32.46,21.13,22.27
2016-04-07,0.0,32.58,20.56,22.74
2016-04-08,0.0,32.69,21.45,23.02
2016-04-09,0.0,33.29,20.92,22.83
2016-04-10,0.0,32.09,20.76,21.88
2016-04-11,0.0,32.7,19.77,22.1
2016-04-12,0.0,32.97,19.76,22.0
2016-04-13,0.0,32.29,21.27,22.21
2016-04-14,0.06,33.14,21.88,21.34
2016-04-15,0.01,31.23,23.22,20.53
2016-04-16,0.0,32.56,21.56,21.85
2016-04-17,0.0,32.82,19.5,21.94
2016-04-18,0.0,32.85,19.81,21.02
2016-04-19,0.0,32.95,20.25,21.28
2016-04-20,0.0,32.81,20.31,17.8
2016-04-21,0.0,33.66,20.98,21.2
2016-04-22,0.0,33.74,21.04,20.69
2016-04-23,0.0,33.38,20.52,20.29
2016-04-24,0.0,33.3,20.62,18.52
2016-04-25,4.22,33.34,21.06,19.44
2016-04-26,55.06,27.0,18.96,2.82
2016-04-27,1.88,19.75,10.55,15.1
2016-04-28,0.75,20.34,8.05,18.84
2016-04-29,0.85,22.57,9.2,9.07
2016-04-30,0.54,22.32,8.53,20.74
2016-05-01,0.08,23.75,8.66,20.92
2016-05-02,0.0,24.33,10.25,20.49
2016-05-03,0.0,26.1,11.26,20.14
2016-05-04,0.0,27.36,13.47,19.84
2016-05-05,0.06,28.11,14.52,19.78
2016-05-06,0.0,28.34,15.46,19.2
2016-05-07,0.0,28.44,15.62,15.66
2016-05-08,0.2,29.37,17.9,14.11
2016-05-09,3.33,29.61,17.99,17.01
2016-05-10,17.76,28.33,19.26,3.27
2016-05-11,4.91,24.83,19.55,14.86
2016-05-12,16.07,27.38,18.63,10.23
2016-05-13,7.72,23.58,18.08,12.42
2016-05-14,0.03,27.0,16.21,18.06
2016-05-15,1.74,28.97,17.07,16.96
2016-05-16,1.73,29.21,18.01,14.09
2016-05-17,0.24,23.69,15.23,11.47
2016-05-18,0.91,23.79,16.05,8.63
2016-05-19,0.85,25.14,16.28,14.25
2016-05-20,7.88,28.55,18.15,15.99
2016-05-21,7.25,26.59,20.39,8.71
2016-05-22,2.2,27.6,16.32,11.86
2016-05-23,0.08,20.76,11.6,12.43
2016-05-24,0.09,21.57,9.58,17.48
2016-05-25,0.16,25.15,11.51,15.01
2016-05-26,0.08,26.28,13.55,16.63
2016-05-27,0.84,26.9,16.31,12.41
2016-05-28,5.0,26.63,17.33,16.47
2016-05-29,18.3,23.13,16.92,4.78
2016-05-30,6.81,25.19,16.2,12.69
2016-05-31,25.29,26.34,18.1,9.14
2016-06-01,10.05,25.74,16.62,11.8
2016-06-02,19.73,20.75,13.99,4.69
2016-06-03,2.23,20.84,12.64,7.17
2016-06-04,3.89,23.16,15.5,11.67
2016-06-05,1.92,28.8,18.35,11.48
2016-06-06,3.14,26.19,17.28,11.63
2016-06-07,0.93,20.76,14.53,6.83
2016-06-08,0.32,19.31,9.73,9.69
2016-06-09,0.08,19.97,7.3,15.87
2016-06-10,0.12,21.06,8.56,12.85
2016-06-11,0.03,19.3,6.58,16.67
2016-06-12,0.01,18.25,3.88,17.42
2016-06-13,0.0,19.16,4.03,17.38
2016-06-14,0.0,21.95,6.84,16.88
2016-06-15,0.0,26.06,10.78,16.6
2016-06-16,0.06,26.4,12.85,16.83
2016-06-17,0.0,26.18,12.75,16.75
2016-06-18,0.0,25.87,12.65,16.53
2016-06-19,0.0,25.82,11.63,16.63
2016-06-20,0.07,25.37,12.36,16.39
2016-06-21,0.05,22.88,13.35,15.14
2016-06-22,0.52,26.15,12.74,15.06
2016-06-23,0.89,25.74,13.56,15.82
2016-06-24,0.0,26.55,14.39,16.13
2016-06-25,0.0,26.88,14.58,14.64
2016-06-26,0.0,26.43,15.97,15.92
2016-06-27,0.0,25.4,13.21,16.45
2016-06-28,0.0,26.0,13.82,15.49
2016-06-29,0.0,26.3,12.72,14.6
2016-06-30,0.0,25.58,14.74,10.9
2016-07-01,0.05,27.51,14.38,15.16
2016-07-02,0.0,28.03,15.5,16.8
2016-07-03,0.0,27.95,14.39,16.52
2016-07-04,0.0,27.86,15.54,15.4
2016-07-05,0.0,27.98,15.04,15.72
2016-07-06,0.0,28.88,15.41,15.49
2016-07-07,0.0,22.2,11.75,16.93
2016-07-08,0.0,22.88,8.07,17.42
2016-07-09,0.0,27.06,8.7,17.34
2016-07-10,0.0,29.76,14.13,17.17
2016-07-11,0.0,30.51,15.16,17.27
2016-07-12,0.0,31.41,15.04,17.42
2016-07-13,0.0,30.54,16.34,17.39
2016-07-14,0.0,30.59,15.62,17.35
2016-07-15,0.0,31.49,16.62,17.3
2016-07-16,6.8,24.17,11.32,6.62
2016-07-17,0.0,19.11,7.8,18.99
2016-07-18,0.06,20.38,3.81,18.82
2016-07-19,0.0,22.89,10.13,17.46
2016-07-20,0.0,25.16,9.79,18.08
2016-07-21,0.0,25.97,11.73,17.95
2016-07-22,0.0,25.18,12.67,18.09
2016-07-23,0.0,26.89,11.37,17.9
2016-07-24,0.0,29.71,12.86,17.9
2016-07-25,0.0,30.22,15.46,18.45
2016-07-26,0.0,30.5,14.95,17.49
2016-07-27,0.0,27.79,16.19,17.91
2016-07-28,0.0,28.05,12.92,16.95
2016-07-29,0.0,27.4,15.42,17.07
2016-07-30,0.0,29.09,14.35,18.37
2016-07-31,0.0,29.26,15.05,18.55
2016-08-01,0.0,29.52,14.35,17.99
2016-08-02,0.0,29.53,15.48,18.91
2016-08-03,0.0,28.63,15.15,18.82
2016-08-04,0.0,29.91,15.14,18.33
2016-08-05,0.0,31.53,16.75,18.82
2016-08-06,0.0,32.24,18.07,19.49
2016-08-07,0.0,33.51,17.0,18.28
2016-08-08,0.0,33.45,20.89,18.74
2016-08-09,0.16,28.6,18.29,13.76
2016-08-10,0.15,23.16,14.32,7.66
2016-08-11,0.01,24.97,9.78,20.99
2016-08-12,0.0,25.26,10.23,20.62
2016-08-13,0.0,28.56,9.9,20.03
2016-08-14,0.0,33.77,15.89,20.47
2016-08-15,0.22,34.81,18.57,15.89
2016-08-16,1.82,30.66,19.01,8.55
2016-08-17,0.08,33.97,17.95,18.42
2016-08-18,0.22,34.73,19.66,19.11
2016-08-19,1.22,34.84,19.65,17.9
2016-08-20,41.42,32.39,21.05,9.85
2016-08-21,3.3,22.37,12.73,12.43
2016-08-22,0.09,21.31,10.51,21.25
2016-08-23,0.0,24.55,8.77,21.68
2016-08-24,0.02,29.32,11.44,21.62
2016-08-25,0.0,32.3,15.28,21.18
2016-08-26,0.0,31.74,16.47,21.27
2016-08-27,0.0,31.86,14.51,22.71
2016-08-28,0.0,33.5,15.26,22.32
2016-08-29,5.24,32.86,18.71,8.35
2016-08-30,18.11,27.05,14.98,3.34
2016-08-31,25.94,22.81,14.54,8.71
2016-09-01,0.09,26.97,13.73,20.07
2016-09-02,0.15,29.82,15.63,21.54
2016-09-03,5.07,27.29,19.29,4.5
2016-09-04,1.08,24.15,18.06,8.23
2016-09-05,0.74,25.69,16.18,10.99
2016-09-06,8.39,23.62,15.63,9.73
2016-09-07,0.13,21.71,11.58,21.08
2016-09-08,3.11,25.3,10.06,19.23
2016-09-09,2.14,26.96,14.62,21.07
2016-09-10,0.0,30.39,15.67,22.97
2016-09-11,0.0,32.71,17.16,23.44
2016-09-12,0.0,34.08,19.28,20.58
2016-09-13,0.02,34.6,19.18,16.68
2016-09-14,0.06,22.68,16.8,10.53
2016-09-15,0.0,27.46,12.27,21.1
2016-09-16,0.0,28.97,15.88,15.23
2016-09-17,0.0,33.69,17.07,20.55
2016-09-18,0.43,35.11,19.52,20.59
2016-09-19,6.58,32.46,20.89,9.75
2016-09-20,0.01,29.14,18.36,12.94
2016-09-21,0.0,27.31,14.66,26.76
2016-09-22,0.0,29.46,13.21,26.32
2016-09-23,0.0,28.67,14.11,25.83
2016-09-24,0.0,30.96,13.74,25.96
2016-09-25,0.0,30.57,17.4,20.72
2016-09-26,0.0,29.8,16.33,25.64
2016-09-27,0.0,30.29,15.69,26.99
2016-09-28,0.0,31.59,14.53,27.51
2016-09-29,0.0,33.13,14.17,27.04
2016-09-30,0.0,33.13,15.78,26.71
2016-10-01,0.0,31.52,16.95,24.52
2016-10-02,0.0,32.67,16.42,25.31
2016-10-03,1.87,34.16,18.09,18.32
2016-10-04,0.28,27.77,18.92,8.65
2016-10-05,2.35,28.21,19.83,10.32
2016-10-06,0.54,27.68,16.92,23.52
2016-10-07,0.0,28.82,12.45,24.95
2016-10-08,0.0,32.13,15.64,28.22
2016-10-09,0.0,34.38,17.11,25.5
2016-10-10,0.0,35.2,18.8,27.77
2016-10-11,0.18,36.53,19.56,24.81
2016-10-12,1.79,31.05,22.75,24.88
2016-10-13,8.57,29.27,22.18,7.37
2016-10-14,14.81,31.45,21.71,7.54
2016-10-15,0.92,33.19,22.59,23.53
2016-10-16,0.0,36.86,24.36,24.04
2016-10-17,0.11,37.86,24.49,23.43
2016-10-18,1.31,36.72,25.05,22.07
2016-10-19,0.09,37.12,25.13,24.99
2016-10-20,5.79,34.54,24.73,11.16
2016-10-21,8.14,28.53,23.21,16.3
2016-10-22,0.0,32.92,22.76,23.41
2016-10-23,0.06,35.04,21.2,25.3
2016-10-24,18.09,33.08,24.43,23.03
2016-10-25,12.43,29.87,23.31,16.98
2016-10-26,2.05,30.9,23.11,18.78
2016-10-27,15.87,27.68,18.91,18.83
2016-10-28,0.0,26.54,14.97,30.56
2016-10-29,0.01,28.55,12.54,30.53
2016-10-30,0.0,32.58,14.72,28.59
2016-10-31,6.72,30.87,21.14,26.14
2016-11-01,7.28,31.91,21.82,23.79
2016-11-02,6.47,32.0,22.33,17.43
2016-11-03,1.08,28.24,20.17,9.48
2016-11-04,0.03,30.39,16.86,21.09
2016-11-05,0.0,31.93,21.86,27.91
2016-11-06,1.64,32.63,20.96,27.02
2016-11-07,0.21,33.27,21.49,28.71
2016-11-08,0.05,34.35,21.47,25.69
2016-11-09,0.32,32.36,23.41,25.52
2016-11-10,0.46,34.7,22.16,26.71
2016-11-11,6.37,32.26,23.98,20.5
2016-11-12,11.92,28.49,22.29,8.46
2016-11-13,15.06,25.39,19.19,8.38
2016-11-14,1.39,30.36,20.19,13.06
2016-11-15,0.21,31.39,19.44,24.75
2016-11-16,0.06,33.95,21.17,27.51
2016-11-17,18.26,32.5,21.64,19.35
2016-11-18,0.02,31.58,18.41,29.75
2016-11-19,0.0,28.97,15.68,29.75
2016-11-20,0.0,30.81,15.37,30.43
2016-11-21,0.0,33.14,17.9,25.67
2016-11-22,0.6,31.63,22.13,23.42
2016-11-23,0.07,34.32,21.99,23.86
2016-11-24,0.21,34.06,23.43,24.87
2016-11-25,0.61,31.9,24.57,25.6
2016-11-26,0.67,30.22,24.42,18.48
2016-11-27,0.37,32.82,22.36,16.17
2016-11-28,6.19,34.57,23.47,21.41
2016-11-29,3.08,29.79,23.29,24.48
2016-11-30,0.07,31.3,20.73,27.32
2016-12-01,0.19,31.0,19.76,16.7
2016-12-02,0.35,31.57,22.32,13.14
2016-12-03,11.77,29.96,23.65,19.65
2016-12-04,2.07,32.75,22.98,21.34
2016-12-05,0.2,35.27,21.04,27.19
2016-12-06,0.1,35.29,22.41,18.05
2016-12-07,0.54,34.86,25.2,24.89
2016-12-08,10.49,29.78,24.09,25.17
2016-12-09,5.86,31.92,23.17,21.17
2016-12-10,16.63,30.94,22.71,17.4
2016-12-11,3.83,31.52,22.83,23.78
2016-12-12,4.77,32.27,22.78,19.18
2016-12-13,2.17,33.07,23.58,19.6
2016-12-14,3.24,33.14,23.71,18.23
2016-12-15,1.69,30.92,20.92,22.13
2016-12-16,4.95,28.73,19.33,17.93
2016-12-17,0.84,31.53,21.59,24.76
2016-12-18,4.71,29.23,21.86,26.19
2016-12-19,10.55,27.47,21.61,20.93
2016-12-20,13.76,27.51,20.84,20.63
2016-12-21,34.77,26.78,20.65,16.52
2016-12-22,4.31,27.75,20.41,23.17
2016-12-23,0.48,28.59,20.97,28.03
2016-12-24,0.07,28.91,21.73,22.01
2016-12-25,0.07,33.24,20.49,27.41
2016-12-26,0.17,33.46,24.0,28.94
2016-12-27,1.89,33.21,23.25,28.5
2016-12-28,4.97,32.47,23.55,18.02
2016-12-29,2.7,29.78,24.34,21.87
2016-12-30,8.71,30.35,23.21,21.61
2016-12-31,3.79,30.61,23.36,19.93
2017-01-01,4.89,31.72,23.19,23.69
2017-01-02,1.57,31.62,23.05,19.4
2017-01-03,0.26,31.32,23.35,26.63
2017-01-04,0.94,30.64,23.5,20.83
2017-01-05,0.22,30.11,23.58,24.53
2017-01-06,33.03,30.33,23.57,22.64
2017-01-07,1.96,29.76,22.95,27.27
2017-01-08,0.91,33.36,22.46,28.67
2017-01-09,5.64,31.8,25.5,23.03
2017-01-10,11.57,30.86,23.9,14.98
2017-01-11,24.14,29.32,23.11,19.94
2017-01-12,7.48,28.02,22.62,19.3
2017-01-13,5.56,30.18,22.38,14.88
2017-01-14,2.66,30.67,22.76,20.37
2017-01-15,6.73,30.03,21.8,20.28
2017-01-16,23.06,27.17,23.3,7.06
2017-01-17,15.03,27.2,23.05,14.32
2017-01-18,28.68,30.12,22.27,22.62
2017-01-19,9.4,26.65,22.09,19.5
2017-01-20,15.4,26.19,21.95,17.0
2017-01-21,1.86,26.63,21.14,17.35
2017-01-22,3.31,26.55,19.77,17.41
2017-01-23,6.3,28.4,20.86,23.06
2017-01-24,6.8,29.01,21.84,22.65
2017-01-25,19.61,27.74,22.49,16.86
2017-01-26,7.61,28.48,21.64,14.29
2017-01-27,3.32,26.64,21.59,13.19
2017-01-28,8.36,25.87,21.69,13.59
2017-01-29,15.99,26.63,21.23,17.51
2017-01-30,8.62,26.79,21.26,22.84
2017-01-31,3.3,27.47,20.12,12.25
2017-02-01,9.99,29.46,20.29,23.69
2017-02-02,6.38,28.28,22.19,19.72
2017-02-03,8.28,27.65,22.17,24.98
2017-02-04,0.0,31.57,21.38,27.8
2017-02-05,1.17,32.78,22.18,25.11
2017-02-06,3.93,29.8,23.07,25.03
2017-02-07,0.66,30.89,22.6,26.72
2017-02-08,0.18,31.08,23.0,26.07
2017-02-09,0.29,31.03,23.19,26.98
2017-02-10,0.06,31.07,22.95,27.42
2017-02-11,2.8,27.57,23.23,22.37
2017-02-12,23.65,28.57,22.75,22.1
2017-02-13,10.59,28.59,22.73,17.72
2017-02-14,4.6,30.15,22.86,23.02
2017-02-15,0.03,30.9,21.61,27.78
2017-02-16,0.11,30.89,20.86,27.74
2017-02-17,0.18,30.27,21.62,26.61
2017-02-18,0.02,29.68,21.33,26.92
2017-02-19,2.15,30.08,22.98,24.78
2017-02-20,1.78,33.08,22.71,27.49
2017-02-21,1.45,31.75,23.39,27.21
2017-02-22,0.32,32.41,22.07,25.2
2017-02-23,2.49,30.38,22.24,25.59
2017-02-24,3.85,28.25,22.18,22.63
2017-02-25,7.68,29.19,20.99,19.94
2017-02-26,3.79,29.16,21.74,21.99
2017-02-27,1.24,29.73,22.15,24.31
2017-02-28,0.03,29.9,22.48,25.51
2017-03-01,4.39,30.43,22.23,18.07
2017-03-02,2.49,28.71,22.75,20.94
2017-03-03,13.67,28.57,22.69,13.6
2017-03-04,4.27,29.67,22.78,20.46
2017-03-05,18.02,27.79,23.2,20.28
2017-03-06,2.72,29.35,22.56,16.2
2017-03-07,2.42,30.83,22.32,21.75
2017-03-08,0.05,31.69,23.0,25.1
2017-03-09,0.03,30.94,23.48,25.03
2017-03-10,8.14,30.9,24.34,21.96
2017-03-11,0.37,29.85,22.53,24.66
2017-03-12,0.61,30.61,23.6,24.75
2017-03-13,0.62,29.01,23.69,23.15
2017-03-14,0.35,30.05,22.66,24.46
2017-03-15,0.08,31.44,22.08,25.19
2017-03-16,0.81,30.07,22.67,22.7
2017-03-17,4.16,30.89,23.15,20.43
2017-03-18,8.41,26.39,22.18,8.49
2017-03-19,0.67,28.71,20.37,17.03
2017-03-20,0.01,29.47,20.0,20.75
2017-03-21,0.0,29.99,18.69,24.45
2017-03-22,0.0,30.49,19.32,22.86
2017-03-23,1.2,31.12,19.68,22.55
2017-03-24,0.03,31.4,21.42,23.3
2017-03-25,0.74,32.36,22.71,21.59
2017-03-26,30.86,30.35,22.24,21.05
2017-03-27,7.07,29.25,21.06,17.68
2017-03-28,0.16,29.27,20.35,20.37
2017-03-29,0.0,28.96,18.92,23.89
2017-03-30,0.0,29.71,16.99,24.13
2017-03-31,0.0,29.38,18.0,24.21
2017-04-01,0.0,28.02,16.63,24.06
2017-04-02,0.0,29.02,16.65,23.37
2017-04-03,0.01,27.71,19.29,21.74
2017-04-04,0.0,30.8,20.14,19.48
2017-04-05,1.79,29.84,22.24,15.55
2017-04-06,16.18,30.94,23.05,17.02
2017-04-07,7.65,30.04,21.99,18.91
2017-04-08,3.48,27.36,23.39,12.02
2017-04-09,1.21,30.01,22.46,20.03
2017-04-10,1.01,30.53,21.87,19.33
2017-04-11,3.42,30.35,22.52,16.95
2017-04-12,12.14,30.22,22.65,15.78
2017-04-13,0.3,28.94,19.19,21.71
2017-04-14,0.0,30.88,19.26,21.91
2017-04-15,0.0,31.53,20.5,21.45
2017-04-16,0.18,31.14,20.65,15.05
2017-04-17,0.29,29.87,21.85,17.61
2017-04-18,0.05,29.0,20.26,18.95
2017-04-19,0.12,30.26,18.71,18.45
2017-04-20,10.45,29.65,21.34,10.11
2017-04-21,25.09,23.06,18.42,9.18
2017-04-22,0.06,25.93,15.31,19.74
2017-04-23,0.01,26.44,15.83,21.28
2017-04-24,0.0,27.59,16.38,21.51
2017-04-25,0.01,29.05,16.08,20.62
2017-04-26,14.48,28.64,21.69,9.65
2017-04-27,3.31,24.31,15.41,13.18
2017-04-28,0.05,25.07,13.07,16.17
2017-04-29,0.02,25.85,14.39,19.14
2017-04-30,0.0,27.56,15.4,15.42
2017-05-01,1.22,27.59,18.5,18.42
2017-05-02,0.07,28.9,18.33,19.07
2017-05-03,0.01,29.11,17.9,18.59
2017-05-04,2.69,28.06,18.81,13.37
2017-05-05,14.09,27.86,19.47,14.0
2017-05-06,1.17,27.82,18.17,18.06
2017-05-07,0.01,27.08,17.43,18.91
2017-05-08,0.0,27.96,15.73,19.0
2017-05-09,0.0,28.1,16.43,18.61
2017-05-10,0.0,28.22,19.94,15.78
2017-05-11,0.0,27.95,19.01,18.18
2017-05-12,0.0,28.82,16.9,18.64
2017-05-13,0.14,29.69,17.7,17.73
2017-05-14,1.74,27.86,19.97,9.35
2017-05-15,5.4,28.88,18.68,11.31
2017-05-16,0.15,27.12,19.21,12.24
2017-05-17,0.18,24.84,18.14,14.84
2017-05-18,11.79,27.16,19.2,14.3
2017-05-19,21.07,26.89,21.58,8.83
2017-05-20,14.83,25.14,21.14,5.34
2017-05-21,25.89,26.27,21.09,11.16
2017-05-22,4.47,27.85,20.67,7.15
2017-05-23,0.37,25.98,18.84,15.43
2017-05-24,0.12,27.6,17.76,16.53
2017-05-25,0.0,29.14,20.65,16.69
2017-05-26,0.0,28.38,19.95,17.05
2017-05-27,0.0,28.99,19.27,15.41
2017-05-28,0.0,27.98,19.53,14.48
2017-05-29,0.0,27.93,17.92,16.18
2017-05-30,0.0,27.53,17.6,16.01
2017-05-31,3.54,26.49,18.83,15.17
2017-06-01,1.22,21.17,12.48,8.92
2017-06-02,0.0,22.06,9.71,15.85
2017-06-03,0.0,26.0,11.97,16.91
2017-06-04,0.02,29.0,14.85,16.42
2017-06-05,2.63,29.4,18.47,14.52
2017-06-06,0.23,29.87,19.0,15.27
2017-06-07,0.0,29.27,18.68,16.43
2017-06-08,0.01,29.83,18.43,16.02
2017-06-09,1.57,21.69,9.95,4.4
2017-06-10,0.01,19.34,6.25,18.02
2017-06-11,0.0,22.0,6.25,17.5
2017-06-12,12.31,18.26,11.94,7.08
2017-06-13,3.06,24.07,14.78,12.0
2017-06-14,1.55,25.86,15.52,15.99
2017-06-15,0.0,25.84,15.28,16.7
2017-06-16,0.0,26.34,13.67,16.26
2017-06-17,0.0,27.56,14.53,16.64
2017-06-18,0.0,28.0,14.44,15.61
2017-06-19,0.0,28.25,15.75,16.55
2017-06-20,0.02,25.06,13.07,9.53
2017-06-21,0.01,26.27,14.39,16.37
2017-06-22,0.0,26.53,15.22,16.52
2017-06-23,0.0,26.86,16.29,15.75
2017-06-24,0.0,26.57,14.53,16.43
2017-06-25,0.0,26.39,13.92,16.63
2017-06-26,0.0,26.05,12.76,16.63
2017-06-27,0.0,26.6,13.58,16.49
2017-06-28,0.0,26.86,13.14,15.92
2017-06-29,0.0,27.57,16.5,13.99
2017-06-30,0.0,26.61,17.28,9.67
2017-07-01,0.0,27.42,14.32,16.12
2017-07-02,0.0,24.86,14.61,16.43
2017-07-03,0.0,24.04,12.35,16.4
2017-07-04,0.0,23.44,11.92,16.32
2017-07-05,0.0,24.25,11.8,17.09
2017-07-06,0.0,24.93,10.48,15.58
2017-07-07,0.0,26.48,12.35,16.09
2017-07-08,0.0,25.6,14.34,14.16
2017-07-09,0.0,26.26,13.74,16.41
2017-07-10,0.0,27.29,13.51,17.01
2017-07-11,0.0,28.36,13.8,16.62
2017-07-12,0.0,28.17,14.02,17.01
2017-07-13,0.0,28.27,13.66,17.26
2017-07-14,0.0,28.11,13.62,17.67
2017-07-15,0.0,28.06,13.99,17.81
2017-07-16,0.0,28.57,14.47,16.24
2017-07-17,0.0,28.68,11.31,17.5
2017-07-18,0.0,17.78,7.36,12.77
2017-07-19,0.0,21.55,5.98,15.21
2017-07-20,0.0,26.01,10.13,17.47
2017-07-21,0.0,28.65,12.54,17.57
2017-07-22,0.0,28.17,13.24,17.92
2017-07-23,0.0,29.09,12.89,18.25
2017-07-24,0.0,28.8,14.08,18.57
2017-07-25,0.0,28.71,13.66,18.53
2017-07-26,0.0,29.09,14.14,18.62
2017-07-27,0.0,28.04,13.07,18.82
2017-07-28,0.0,28.19,12.17,18.79
2017-07-29,0.0,27.87,14.99,18.72
2017-07-30,0.0,27.97,13.78,17.34
2017-07-31,0.0,27.72,13.98,18.27
2017-08-01,0.0,28.1,13.47,16.28
2017-08-02,0.0,30.0,14.28,18.04
2017-08-03,0.0,25.49,14.7,12.63
2017-08-04,0.0,25.65,11.1,19.29
2017-08-05,0.03,26.04,12.53,19.31
2017-08-06,0.0,27.13,11.85,18.88
2017-08-07,0.0,29.57,11.71,19.53
2017-08-08,0.0,32.36,15.6,15.96
2017-08-09,0.0,34.19,18.03,18.85
2017-08-10,0.0,34.3,18.67,19.67
2017-08-11,0.0,33.0,17.09,19.15
2017-08-12,0.0,34.35,17.26,19.12
2017-08-13,9.67,34.12,18.31,13.22
2017-08-14,0.31,28.05,15.98,14.19
2017-08-15,0.99,29.21,18.4,8.85
2017-08-16,15.4,27.71,17.46,7.89
2017-08-17,4.25,25.55,18.78,4.79
2017-08-18,10.55,25.37,19.01,10.57
2017-08-19,0.29,29.18,18.5,13.15
2017-08-20,29.27,23.84,17.22,2.73
2017-08-21,0.19,24.46,14.74,12.69
2017-08-22,0.05,26.49,11.86,19.2
2017-08-23,0.0,30.64,17.7,20.39
2017-08-24,0.0,30.5,16.85,21.51
2017-08-25,0.0,30.26,15.46,21.49
2017-08-26,0.0,31.66,16.42,21.92
2017-08-27,0.0,32.02,16.1,22.38
2017-08-28,0.0,32.26,16.21,22.78
2017-08-29,0.0,32.71,15.57,22.27
2017-08-30,0.0,33.72,15.62,22.54
2017-08-31,0.0,33.24,16.42,23.07
2017-09-01,0.0,33.51,15.97,22.27
2017-09-02,0.0,33.1,17.56,21.83
2017-09-03,0.0,32.81,17.09,23.23
2017-09-04,0.0,31.52,15.27,23.76
2017-09-05,0.0,32.97,15.06,23.64
2017-09-06,0.0,32.84,15.07,23.75
2017-09-07,0.0,33.25,16.5,23.47
2017-09-08,0.0,34.73,17.05,23.83
2017-09-09,0.0,35.64,18.31,22.95
2017-09-10,0.0,35.74,18.6,24.24
2017-09-11,0.0,36.84,18.0,22.61
2017-09-12,0.0,37.3,19.3,24.0
2017-09-13,0.0,36.22,19.56,24.6
2017-09-14,0.0,36.76,20.79,24.71
2017-09-15,0.0,37.0,19.82,24.95
2017-09-16,0.0,36.84,18.25,25.19
2017-09-17,0.0,36.08,17.5,24.95
2017-09-18,0.0,36.08,18.35,25.09
2017-09-19,0.0,36.99,20.3,24.76
2017-09-20,0.0,36.85,20.95,25.22
2017-09-21,0.0,36.5,19.78,24.09
2017-09-22,0.0,35.79,20.06,21.48
2017-09-23,0.0,35.84,20.93,24.4
2017-09-24,0.0,36.64,20.84,23.6
2017-09-25,0.0,34.82,20.58,21.72
2017-09-26,0.0,33.99,20.01,21.49
2017-09-27,0.04,36.51,19.43,24.66
2017-09-28,0.16,37.38,21.66,23.05
2017-09-29,14.49,26.82,19.89,5.32
2017-09-30,1.93,24.63,18.44,9.54
2017-10-01,21.11,31.74,18.76,19.64
2017-10-02,48.69,27.7,16.2,6.79
2017-10-03,0.09,25.17,13.92,22.38
2017-10-04,0.0,28.52,12.79,24.52
2017-10-05,0.26,33.12,15.12,26.0
2017-10-06,3.56,32.79,22.38,18.46
2017-10-07,3.08,30.88,22.3,15.7
2017-10-08,0.13,33.31,20.33,23.42
2017-10-09,0.13,34.47,20.68,23.98
2017-10-10,0.0,36.53,22.26,26.82
2017-10-11,0.0,36.99,22.57,26.61
2017-10-12,0.0,37.61,24.94,27.3
2017-10-13,0.0,38.03,22.35,26.99
2017-10-14,0.01,36.24,21.75,25.69
2017-10-15,0.0,35.34,21.75,26.01
2017-10-16,0.0,35.87,20.07,27.05
2017-10-17,0.0,38.76,20.97,26.38
2017-10-18,0.0,38.48,24.64,26.63
2017-10-19,10.31,38.45,23.37,24.73
2017-10-20,7.8,33.8,23.33,9.83
2017-10-21,5.12,34.18,22.82,15.87
2017-10-22,14.3,27.22,22.16,6.47
2017-10-23,0.08,29.61,21.01,18.06
2017-10-24,0.0,32.59,19.61,24.54
2017-10-25,0.11,34.64,22.63,22.27
2017-10-26,0.97,36.05,22.8,24.34
2017-10-27,11.38,35.28,22.84,24.11
2017-10-28,15.38,31.37,23.47,21.92
2017-10-29,6.57,30.82,22.85,17.25
2017-10-30,24.74,30.33,22.47,11.49
2017-10-31,4.58,29.28,21.64,19.2
2017-11-01,0.0,30.75,19.25,26.91
2017-11-02,1.2,31.93,17.77,27.86
2017-11-03,13.3,28.61,23.66,23.77
2017-11-04,43.28,29.47,23.3,23.52
2017-11-05,1.27,28.26,22.65,12.71
2017-11-06,3.33,27.49,21.33,16.6
2017-11-07,1.18,28.44,18.34,26.66
2017-11-08,18.45,30.72,20.6,18.94
2017-11-09,1.09,29.28,22.34,21.98
2017-11-10,2.36,30.02,22.14,21.24
2017-11-11,1.25,30.57,19.36,21.76
2017-11-12,0.0,29.99,15.29,31.08
2017-11-13,0.0,30.95,14.81,31.59
2017-11-14,0.0,32.04,17.13,27.16
2017-11-15,0.0,34.04,16.31,29.63
2017-11-16,5.09,32.59,22.33,23.64
2017-11-17,1.99,29.72,22.73,25.78
2017-11-18,6.21,31.68,22.92,19.39
2017-11-19,2.94,30.67,23.22,21.24
2017-11-20,5.9,31.42,22.48,18.31
2017-11-21,25.84,30.55,23.1,16.37
2017-11-22,8.51,31.23,22.67,11.85
2017-11-23,0.0,31.16,21.54,23.38
2017-11-24,0.0,32.62,21.29,29.26
2017-11-25,9.48,33.8,21.65,24.85
2017-11-26,49.79,31.24,23.9,15.32
2017-11-27,43.65,28.5,21.52,18.95
2017-11-28,1.39,28.26,20.77,19.56
2017-11-29,0.02,31.01,21.95,28.38
2017-11-30,25.67,27.63,20.53,16.95
2017-12-01,7.07,29.05,18.89,16.53
2017-12-02,1.01,29.96,20.62,16.36
2017-12-03,0.02,30.16,20.18,27.66
2017-12-04,1.24,29.75,23.21,24.73
2017-12-05,6.96,30.04,22.14,22.2
2017-12-06,34.93,27.24,22.71,19.3
2017-12-07,13.78,29.69,22.79,19.5
2017-12-08,4.19,30.13,23.66,23.19
2017-12-09,0.62,31.05,22.78,25.05
2017-12-10,0.03,32.25,22.78,24.39
2017-12-11,0.0,32.27,19.76,25.69
2017-12-12,0.01,31.09,20.01,29.93
2017-12-13,0.01,31.15,21.58,25.82
2017-12-14,0.0,31.49,22.32,26.26
2017-12-15,0.19,32.47,21.55,25.81
2017-12-16,0.04,31.63,22.67,25.59
2017-12-17,5.56,30.98,22.66,27.03
2017-12-18,1.32,30.62,23.25,27.42
2017-12-19,0.71,31.91,22.62,28.04
2017-12-20,25.91,29.78,23.48,16.33
2017-12-21,5.61,27.09,22.59,13.68
2017-12-22,4.59,28.47,22.46,15.96
2017-12-23,2.34,29.41,21.93,14.97
2017-12-24,4.66,28.02,22.15,20.17
2017-12-25,24.45,27.22,22.21,20.54
2017-12-26,43.79,27.58,22.74,21.07
2017-12-27,7.92,30.06,21.52,26.31
2017-12-28,11.39,29.73,22.2,22.07
2017-12-29,18.67,29.95,23.11,21.0
2017-12-30,10.69,30.42,23.38,17.82
2017-12-31,20.91,27.69,23.62,16.61
2018-01-01,4.07,29.91,23.27,24.02
2018-01-02,6.78,28.32,23.04,22.23
2018-01-03,6.61,29.74,22.48,21.75
2018-01-04,0.0,31.08,19.65,27.45
2018-01-05,6.68,31.47,22.07,20.77
2018-01-06,4.66,29.75,23.47,13.0
2018-01-07,10.32,28.92,22.03,10.48
2018-01-08,38.59,26.26,21.1,7.54
2018-01-09,12.49,25.13,20.86,16.72
2018-01-10,0.92,27.36,21.0,13.72
2018-01-11,5.61,26.35,20.86,15.15
2018-01-12,2.64,28.28,20.72,16.7
2018-01-13,5.09,28.6,20.41,27.14
2018-01-14,8.17,28.12,21.5,19.46
2018-01-15,14.08,27.58,21.46,22.48
2018-01-16,2.9,28.83,21.71,23.0
2018-01-17,0.39,31.86,22.21,23.04
2018-01-18,0.6,29.81,23.5,26.07
2018-01-19,0.11,31.21,22.33,27.43
2018-01-20,0.67,29.93,22.43,28.6
2018-01-21,0.05,32.14,20.64,28.44
2018-01-22,0.16,31.25,23.09,28.23
2018-01-23,0.04,31.15,23.65,26.77
2018-01-24,7.35,31.78,23.22,25.61
2018-01-25,42.25,30.35,22.99,24.47
2018-01-26,10.18,28.73,22.79,23.08
2018-01-27,4.48,29.56,22.05,16.52
2018-01-28,1.09,27.26,23.44,18.36
2018-01-29,6.5,28.16,22.71,17.05
2018-01-30,5.19,30.38,22.39,19.85
2018-01-31,5.77,28.99,23.31,19.42
2018-02-01,0.03,29.64,20.22,25.52
2018-02-02,0.0,30.4,19.35,27.63
2018-02-03,0.3,30.62,21.01,28.26
2018-02-04,10.53,29.88,19.22,27.68
2018-02-05,0.41,29.43,19.52,27.13
2018-02-06,0.0,29.91,20.72,27.98
2018-02-07,4.98,31.17,22.84,25.96
2018-02-08,0.04,31.59,21.09,27.17
2018-02-09,7.91,30.65,22.33,27.01
2018-02-10,10.7,28.67,23.41,14.36
2018-02-11,2.32,29.68,22.65,16.9
2018-02-12,2.5,29.43,22.27,19.07
2018-02-13,21.33,29.61,21.08,17.83
2018-02-14,2.34,30.09,20.36,16.19
2018-02-15,0.01,29.77,19.71,23.05
2018-02-16,0.0,29.65,21.44,26.34
2018-02-17,6.65,27.81,22.39,14.08
2018-02-18,11.25,27.54,21.47,14.58
2018-02-19,5.67,27.89,21.42,16.0
2018-02-20,22.12,27.87,22.66,11.45
2018-02-21,1.42,29.78,22.16,22.73
2018-02-22,0.01,29.96,21.12,27.38
2018-02-23,0.0,30.46,17.06,26.81
2018-02-24,0.57,29.65,20.44,20.08
2018-02-25,0.8,29.13,21.92,18.07
2018-02-26,7.37,26.31,22.33,13.83
2018-02-27,3.76,29.14,21.55,15.94
2018-02-28,2.44,31.17,22.23,22.36
2018-03-01,0.88,29.57,23.34,24.51
2018-03-02,1.26,30.61,23.42,23.2
2018-03-03,9.53,29.24,23.81,24.87
2018-03-04,0.2,31.33,23.21,23.76
2018-03-05,0.0,30.8,22.07,22.87
2018-03-06,4.52,30.74,22.77,20.73
2018-03-07,1.02,30.98,22.62,24.82
2018-03-08,6.07,30.74,23.14,22.22
2018-03-09,6.82,30.28,22.53,19.89
2018-03-10,10.69,30.04,23.35,22.73
2018-03-11,7.62,31.29,22.94,22.33
2018-03-12,0.01,32.08,22.84,22.97
2018-03-13,0.01,33.0,23.89,24.1
2018-03-14,0.61,31.52,24.92,23.65
2018-03-15,0.15,29.69,24.69,21.89
2018-03-16,0.05,29.11,24.53,22.56
2018-03-17,0.0,30.99,23.92,24.42
2018-03-18,0.0,31.84,23.52,23.83
2018-03-19,0.15,32.16,23.9,23.79
2018-03-20,0.13,31.92,23.51,19.22
2018-03-21,7.97,30.47,23.3,18.07
2018-03-22,7.03,30.88,22.68,23.15
2018-03-23,0.04,30.99,23.26,23.06
2018-03-24,0.18,30.83,23.4,23.76
2018-03-25,1.82,30.5,23.14,15.33
2018-03-26,5.3,28.7,22.89,14.41
2018-03-27,1.88,26.52,21.58,12.93
2018-03-28,5.35,29.3,21.37,15.17
2018-03-29,0.96,30.35,21.11,19.18
2018-03-30,7.05,30.14,20.9,20.71
2018-03-31,11.75,28.1,21.56,9.94
2018-04-01,23.19,25.95,21.79,12.04
2018-04-02,6.19,28.25,20.62,16.13
2018-04-03,1.11,28.33,20.0,14.76
2018-04-04,0.02,28.65,18.71,22.0
2018-04-05,0.0,29.68,18.55,22.77
2018-04-06,0.0,30.1,18.71,22.99
2018-04-07,0.0,29.94,17.82,23.07
2018-04-08,0.06,29.75,18.04,22.64
2018-04-09,0.06,30.31,18.76,21.45
2018-04-10,0.0,30.37,20.44,21.61
2018-04-11,0.0,30.1,20.24,22.01
2018-04-12,0.05,29.47,17.99,21.24
2018-04-13,0.12,29.59,18.08,22.25
2018-04-14,1.44,29.8,19.15,15.65
2018-04-15,4.82,25.61,19.6,12.79
2018-04-16,0.69,27.48,18.36,13.72
2018-04-17,0.0,26.54,18.87,15.05
2018-04-18,0.0,27.77,20.22,16.75
2018-04-19,0.0,28.67,18.58,18.57
2018-04-20,0.0,28.43,20.4,17.03
2018-04-21,0.0,29.15,18.8,18.91
2018-04-22,0.0,28.63,15.27,20.94
2018-04-23,0.0,29.07,17.06,20.25
2018-04-24,0.0,29.61,18.05,20.08
2018-04-25,0.0,30.04,17.83,19.94
2018-04-26,0.0,30.27,17.47,19.8
2018-04-27,0.0,30.62,18.86,20.1
2018-04-28,0.0,30.83,19.16,18.36
2018-04-29,0.0,30.54,18.83,19.3
2018-04-30,0.02,30.96,18.92,19.24
2018-05-01,0.0,30.74,18.84,18.25
2018-05-02,0.0,30.69,17.53,18.98
2018-05-03,0.0,30.08,16.62,19.0
2018-05-04,0.0,30.91,17.25,18.08
2018-05-05,0.0,31.7,17.89,16.57
2018-05-06,0.05,30.59,20.13,18.1
2018-05-07,0.27,29.46,19.47,17.67
2018-05-08,0.0,29.51,18.83,18.34
2018-05-09,0.0,29.58,17.97,18.75
2018-05-10,0.0,29.43,17.53,18.61
2018-05-11,0.0,30.73,18.39,16.51
2018-05-12,0.01,26.78,19.6,11.92
2018-05-13,0.25,26.71,15.78,13.51
2018-05-14,0.08,29.26,17.67,16.61
2018-05-15,4.57,29.69,19.31,17.19
2018-05-16,0.9,29.31,18.09,11.3
2018-05-17,0.06,29.33,18.21,6.87
2018-05-18,1.34,29.66,20.25,14.65
2018-05-19,3.63,25.54,13.97,8.43
2018-05-20,0.01,20.71,9.54,19.23
2018-05-21,4.06,21.47,7.69,18.74
2018-05-22,0.05,23.5,8.48,18.75
2018-05-23,0.0,25.04,9.32,18.61
2018-05-24,0.0,26.47,11.67,18.15
2018-05-25,0.0,26.75,13.09,16.51
2018-05-26,0.0,26.29,16.0,16.74
2018-05-27,0.0,27.92,14.94,16.73
2018-05-28,0.0,26.99,14.79,17.09
2018-05-29,0.0,27.04,14.13,14.89
2018-05-30,0.0,27.75,16.39,14.44
2018-05-31,0.0,27.36,14.81,16.87
2018-06-01,0.0,28.83,15.74,9.75
2018-06-02,0.0,28.81,17.03,12.28
2018-06-03,0.0,26.26,17.7,13.78
2018-06-04,0.0,24.92,16.97,11.31
2018-06-05,0.0,27.6,16.28,13.19
2018-06-06,0.0,25.56,16.97,11.32
2018-06-07,0.0,26.29,15.96,8.03
2018-06-08,0.0,22.63,12.61,11.61
2018-06-09,0.0,26.72,15.46,13.72
2018-06-10,0.0,28.55,17.74,12.04
2018-06-11,0.0,30.77,19.21,14.24
2018-06-12,3.34,31.07,19.66,13.67
2018-06-13,6.14,25.28,16.56,9.01
2018-06-14,0.02,23.94,13.82,13.66
2018-06-15,0.0,25.24,14.35,15.24
2018-06-16,0.0,24.92,12.09,14.13
2018-06-17,0.0,26.12,13.97,14.45
2018-06-18,0.0,26.39,13.76,15.29
2018-06-19,0.0,27.19,14.23,16.13
2018-06-20,0.0,28.21,15.54,15.61
2018-06-21,0.0,28.55,15.02,14.01
2018-06-22,0.0,29.13,17.84,15.17
2018-06-23,0.0,28.98,18.31,14.91
2018-06-24,0.0,30.03,19.51,11.91
2018-06-25,0.0,30.13,17.89,16.21
2018-06-26,0.0,30.75,17.4,15.16
2018-06-27,0.07,31.1,16.66,16.21
2018-06-28,0.0,30.58,16.57,15.45
2018-06-29,0.0,29.67,15.96,15.65
2018-06-30,0.0,29.74,16.21,16.51
2018-07-01,0.0,30.07,16.32,16.66
2018-07-02,0.0,30.62,16.37,16.42
2018-07-03,0.0,30.7,18.42,16.62
2018-07-04,0.0,30.62,16.67,17.07
2018-07-05,0.0,30.67,16.57,16.69
2018-07-06,0.0,30.18,15.96,16.94
2018-07-07,0.0,29.6,15.67,16.95
2018-07-08,0.0,30.36,17.02,16.02
2018-07-09,0.0,26.34,14.1,7.07
2018-07-10,0.0,22.55,10.41,16.47
2018-07-11,0.0,22.61,7.34,16.46
2018-07-12,0.0,24.02,8.45,16.17
2018-07-13,0.0,25.83,12.89,15.59
2018-07-14,0.0,30.51,14.08,16.2
2018-07-15,0.0,31.63,16.4,16.97
2018-07-16,0.0,30.98,16.45,17.17
2018-07-17,0.0,30.99,15.2,17.85
2018-07-18,0.0,31.07,15.28,17.54
2018-07-19,0.0,31.26,17.35,17.65
2018-07-20,0.0,31.6,15.97,18.08
2018-07-21,0.0,27.31,15.14,16.42
2018-07-22,0.0,29.14,14.46,15.01
2018-07-23,0.0,31.3,16.64,17.87
2018-07-24,0.0,30.79,16.73,16.48
2018-07-25,0.0,30.03,15.78,16.95
2018-07-26,0.0,30.72,16.38,17.76
2018-07-27,0.0,30.99,16.12,17.56
2018-07-28,0.0,32.3,16.97,17.64
2018-07-29,0.0,32.46,17.96,17.45
2018-07-30,0.66,30.98,19.24,16.78
2018-07-31,0.69,29.01,17.86,16.78
2018-08-01,0.0,26.96,14.68,10.93
2018-08-02,0.04,27.34,16.63,14.36
2018-08-03,0.26,29.09,18.66,15.48
2018-08-04,3.72,27.53,17.8,7.72
2018-08-05,6.26,25.79,16.78,10.88
2018-08-06,9.26,24.14,16.27,4.69
2018-08-07,0.08,27.91,16.11,14.3
2018-08-08,1.09,28.92,18.02,12.58
2018-08-09,1.99,23.72,12.23,7.54
2018-08-10,0.0,22.27,7.39,19.02
2018-08-11,0.0,24.73,6.79,20.93
2018-08-12,0.0,26.76,7.7,20.46
2018-08-13,0.0,28.08,11.06,19.01
2018-08-14,0.0,29.76,10.75,20.46
2018-08-15,0.0,29.57,11.16,15.55
2018-08-16,0.01,25.3,15.5,8.93
2018-08-17,0.0,28.54,14.08,19.77
2018-08-18,0.0,29.96,14.77,19.75
2018-08-19,0.0,31.57,17.45,19.61
2018-08-20,0.0,32.87,17.62,20.55
2018-08-21,0.62,29.43,17.69,16.87
2018-08-22,1.63,28.62,16.42,9.09
2018-08-23,0.16,31.87,18.05,20.25
2018-08-24,1.9,33.68,21.5,12.55
2018-08-25,3.6,28.13,16.42,10.24
2018-08-26,0.0,26.61,11.99,21.84
2018-08-27,0.0,28.92,12.62,21.63
2018-08-28,0.0,33.11,15.68,21.55
2018-08-29,0.0,32.47,18.65,22.5
2018-08-30,0.0,34.46,18.45,22.12
2018-08-31,0.0,34.05,18.51,19.0
2018-09-01,0.05,35.53,21.55,20.72
2018-09-02,0.72,34.75,18.75,13.5
2018-09-03,0.36,24.65,14.79,18.98
2018-09-04,0.04,26.45,12.22,18.72
2018-09-05,0.0,27.19,10.89,24.09
2018-09-06,0.0,30.07,11.59,23.68
2018-09-07,0.0,33.61,12.42,20.28
2018-09-08,0.0,34.94,14.51,23.94
2018-09-09,0.0,35.3,16.14,23.93
2018-09-10,0.0,35.33,17.05,24.3
2018-09-11,0.0,35.34,17.47,23.52
2018-09-12,0.0,34.93,17.5,23.18
2018-09-13,0.25,36.14,18.09,22.24
2018-09-14,8.36,31.68,18.92,3.08
2018-09-15,1.08,28.36,18.56,10.76
2018-09-16,15.32,30.52,20.03,11.01
2018-09-17,20.33,25.9,21.84,4.74
2018-09-18,0.92,27.55,20.25,13.24
2018-09-19,4.69,29.54,21.4,19.72
2018-09-20,10.11,30.55,21.45,13.05
2018-09-21,0.67,30.58,21.45,22.56
2018-09-22,0.0,32.65,21.1,24.9
2018-09-23,0.0,35.06,20.47,25.13
2018-09-24,0.0,36.12,19.85,25.96
2018-09-25,0.04,35.08,19.53,18.72
2018-09-26,1.02,34.88,22.62,21.15
2018-09-27,5.91,31.94,22.64,15.35
2018-09-28,0.41,32.11,21.96,21.85
2018-09-29,3.03,32.32,23.06,11.9
2018-09-30,14.22,25.75,21.21,6.12
2018-10-01,0.84,33.02,20.99,23.18
2018-10-02,0.38,34.1,21.76,15.87
2018-10-03,0.37,34.42,22.9,24.2
2018-10-04,0.33,30.06,23.62,22.57
2018-10-05,0.0,32.1,22.28,17.16
2018-10-06,0.0,32.3,19.72,21.21
2018-10-07,21.59,31.92,21.19,21.17
2018-10-08,28.8,30.47,23.26,15.39
2018-10-09,14.44,32.02,22.6,23.51
2018-10-10,7.48,31.38,23.36,13.94
2018-10-11,0.98,30.5,23.48,18.52
2018-10-12,0.09,31.38,21.08,22.98
2018-10-13,2.45,30.29,23.43,13.26
2018-10-14,2.89,30.5,23.2,20.96
2018-10-15,1.67,31.14,24.0,20.06
2018-10-16,1.31,31.25,23.04,22.88
2018-10-17,1.46,32.27,24.23,22.83
2018-10-18,9.03,33.25,23.4,22.97
2018-10-19,3.67,30.46,23.49,21.65
2018-10-20,0.0,29.78,18.54,26.86
2018-10-21,0.0,31.24,16.32,28.26
2018-10-22,0.0,33.45,18.15,26.2
2018-10-23,11.54,30.93,23.7,21.64
2018-10-24,2.52,28.89,23.01,11.63
2018-10-25,4.99,29.76,22.19,12.73
2018-10-26,15.53,30.18,21.92,16.62
2018-10-27,9.51,29.77,22.31,15.65
2018-10-28,0.06,30.85,18.88,27.76
2018-10-29,0.0,30.61,17.94,24.38
2018-10-30,0.0,32.4,20.42,26.86
2018-10-31,2.35,32.07,22.86,24.26
2018-11-01,14.51,30.35,23.6,18.38
2018-11-02,1.48,30.81,22.7,21.57
2018-11-03,20.89,31.46,23.21,25.0
2018-11-04,12.36,30.3,22.17,15.6
2018-11-05,3.49,29.61,19.77,21.63
2018-11-06,1.17,30.7,19.74,22.87
2018-11-07,32.92,27.69,21.58,12.22
2018-11-08,8.96,23.81,19.05,10.14
2018-11-09,3.75,28.81,18.46,11.06
2018-11-10,0.37,28.96,20.42,19.98
2018-11-11,0.01,31.62,20.02,27.62
2018-11-12,0.0,32.62,20.94,28.79
2018-11-13,0.0,33.6,22.43,28.55
2018-11-14,2.29,32.97,23.87,21.83
2018-11-15,7.28,30.83,24.1,25.94
2018-11-16,12.98,30.38,24.25,20.53
2018-11-17,6.23,30.6,22.06,18.85
2018-11-18,21.66,26.7,23.73,12.94
2018-11-19,4.7,28.97,21.8,16.96
2018-11-20,0.06,29.18,18.19,16.87
2018-11-21,0.1,30.57,18.41,23.45
2018-11-22,7.77,30.58,21.98,21.69
2018-11-23,26.09,28.12,23.34,8.01
2018-11-24,10.71,30.17,22.41,18.2
2018-11-25,2.08,30.94,22.13,23.08
2018-11-26,0.01,30.44,21.68,24.53
2018-11-27,0.0,30.97,19.59,29.0
2018-11-28,0.0,31.63,21.29,29.04
2018-11-29,0.16,31.78,22.34,19.48
2018-11-30,10.49,28.18,22.42,22.48
2018-12-01,9.84,29.98,22.62,16.72
2018-12-02,0.12,31.35,21.64,21.65
2018-12-03,0.02,30.92,21.43,23.33
2018-12-04,0.0,32.63,21.16,28.24
2018-12-05,0.0,33.78,22.08,27.02
2018-12-06,0.0,34.82,20.74,29.31
2018-12-07,0.0,33.91,21.08,25.34
2018-12-08,0.0,31.59,19.66,30.77
2018-12-09,0.0,32.69,17.46,30.8
2018-12-10,0.0,33.88,22.01,29.9
2018-12-11,0.0,34.68,22.2,29.99
2018-12-12,0.86,35.65,22.35,29.18
2018-12-13,2.26,34.28,23.87,29.71
2018-12-14,0.73,34.59,23.08,26.28
2018-12-15,1.47,34.05,23.91,25.98
2018-12-16,0.52,36.13,24.02,29.84
2018-12-17,4.79,35.94,25.81,28.18
2018-12-18,1.65,37.05,25.36,28.37
2018-12-19,0.37,35.82,24.62,23.78
2018-12-20,0.08,36.45,25.03,28.42
2018-12-21,4.39,37.2,25.68,27.27
2018-12-22,4.93,31.99,24.49,21.65
2018-12-23,3.37,29.13,23.66,23.31
2018-12-24,14.0,28.38,22.99,20.43
2018-12-25,8.73,31.17,21.59,19.33
2018-12-26,7.38,30.81,22.74,18.63
2018-12-27,3.32,31.86,22.69,18.49
2018-12-28,4.48,30.25,23.7,23.27
2018-12-29,4.04,30.76,23.47,23.03
2018-12-30,1.99,32.49,23.19,19.27
2018-12-31,7.82,33.17,23.26,24.05
2019-01-01,10.98,32.44,24.35,24.11
2019-01-02,0.1,33.77,24.17,27.73
2019-01-03,0.22,33.54,23.85,27.6
2019-01-04,4.81,31.51,24.84,19.37
2019-01-05,20.82,27.24,23.75,13.98
2019-01-06,2.62,28.84,22.85,16.32
2019-01-07,0.18,32.85,22.33,29.5
2019-01-08,0.19,30.75,23.55,28.33
2019-01-09,4.23,30.86,23.23,28.01
2019-01-10,1.9,31.13,23.92,27.88
2019-01-11,0.35,31.2,22.44,26.59
2019-01-12,0.31,33.07,22.24,23.94
2019-01-13,0.43,32.17,22.77,27.32
2019-01-14,0.12,34.64,23.17,27.19
2019-01-15,0.4,33.54,24.78,27.1
2019-01-16,0.24,33.94,25.56,27.27
2019-01-17,5.76,33.93,24.75,20.46
2019-01-18,0.7,34.12,23.81,22.46
2019-01-19,11.03,32.78,23.06,25.15
2019-01-20,1.96,31.75,22.71,24.8
2019-01-21,0.02,34.91,22.82,26.47
2019-01-22,0.0,37.39,24.31,28.01
2019-01-23,0.08,35.89,26.1,23.11
2019-01-24,17.48,32.28,25.26,23.8
2019-01-25,1.24,32.1,23.8,27.96
2019-01-26,6.49,32.81,24.51,21.51
2019-01-27,3.11,27.52,22.68,22.39
2019-01-28,0.54,32.75,21.35,26.93
2019-01-29,0.15,35.95,22.01,27.87
2019-01-30,1.29,35.67,23.5,28.45
2019-01-31,0.4,36.37,24.6,24.64
2019-02-01,0.09,36.74,24.76,24.17
2019-02-02,0.0,37.49,24.51,28.28
2019-02-03,0.0,37.1,24.34,26.63
2019-02-04,1.13,34.14,25.8,25.15
2019-02-05,0.66,34.04,23.81,24.15
2019-02-06,6.53,34.58,23.16,21.27
2019-02-07,0.25,35.8,20.96,27.76
2019-02-08,0.08,36.97,23.29,27.45
2019-02-09,0.07,38.65,24.72,24.04
2019-02-10,0.77,37.71,26.17,19.3
2019-02-11,0.98,32.48,26.36,21.75
2019-02-12,10.52,29.2,24.21,7.13
2019-02-13,17.4,29.86,23.01,19.24
2019-02-14,8.07,31.73,21.29,17.87
2019-02-15,23.85,29.28,23.13,15.74
2019-02-16,2.27,29.15,22.95,18.11
2019-02-17,0.76,30.47,20.99,25.55
2019-02-18,1.94,31.26,20.6,26.56
2019-02-19,4.5,31.91,21.89,23.06
2019-02-20,12.21,31.74,23.42,12.71
2019-02-21,2.24,32.49,22.14,20.75
2019-02-22,0.94,32.21,23.58,23.56
2019-02-23,0.22,31.76,24.03,24.54
2019-02-24,0.13,32.32,23.93,25.32
2019-02-25,1.31,31.16,23.18,24.31
2019-02-26,23.18,29.06,23.22,11.48
2019-02-27,27.07,29.21,22.74,13.68
2019-02-28,24.64,26.46,23.19,12.64
2019-03-01,14.92,29.1,22.61,16.25
2019-03-02,4.1,29.51,23.26,18.59
2019-03-03,1.97,30.47,21.51,20.7
2019-03-04,3.49,29.69,22.55,20.42
2019-03-05,1.54,29.96,22.85,25.32
2019-03-06,0.08,31.26,21.91,24.26
2019-03-07,0.64,29.82,23.34,24.48
2019-03-08,3.4,31.51,23.52,21.72
2019-03-09,13.96,30.16,23.02,15.29
2019-03-10,6.69,27.98,22.66,22.9
2019-03-11,0.82,31.17,22.2,22.2
2019-03-12,3.18,30.95,22.24,23.38
2019-03-13,3.04,30.7,23.0,23.19
2019-03-14,1.07,28.76,23.65,18.58
2019-03-15,2.96,29.0,23.34,14.71
2019-03-16,7.88,30.75,22.41,19.72
2019-03-17,8.24,30.77,24.2,20.81
2019-03-18,5.94,29.47,23.88,21.03
2019-03-19,1.61,30.88,23.33,23.63
2019-03-20,7.43,29.61,23.14,17.34
2019-03-21,7.54,29.04,21.83,13.66
2019-03-22,0.01,29.23,18.95,16.82
2019-03-23,0.0,30.15,20.52,23.84
2019-03-24,0.0,31.44,19.14,23.36
2019-03-25,0.0,31.91,19.6,22.88
2019-03-26,0.0,32.79,20.66,22.94
2019-03-27,0.0,32.25,21.62,22.08
2019-03-28,0.21,32.37,21.71,22.01
2019-03-29,0.02,32.08,20.43,23.8
2019-03-30,0.0,32.12,19.92,24.1
2019-03-31,0.0,32.93,19.94,22.31
2019-04-01,0.12,33.62,19.76,21.86
2019-04-02,0.06,33.8,20.57,15.72
2019-04-03,0.19,33.88,22.01,19.34
2019-04-04,0.46,32.41,23.94,19.78
2019-04-05,3.68,30.74,24.42,17.55
2019-04-06,24.95,30.33,23.33,17.2
2019-04-07,10.64,27.88,22.64,10.73
2019-04-08,0.07,29.23,20.16,12.81
2019-04-09,0.04,29.61,18.05,18.47
2019-04-10,0.0,29.74,18.81,21.86
2019-04-11,0.0,30.6,18.57,20.58
2019-04-12,0.37,31.27,19.13,17.49
2019-04-13,23.62,29.04,20.93,13.61
2019-04-14,4.55,29.67,22.41,14.74
2019-04-15,3.97,30.09,22.09,16.96
2019-04-16,0.04,30.75,22.41,18.66
2019-04-17,0.0,31.35,20.62,21.08
2019-04-18,0.0,30.94,17.3,22.01
2019-04-19,0.0,31.39,20.57,20.97
2019-04-20,0.0,31.31,18.77,20.71
2019-04-21,0.13,32.11,19.38,18.96
2019-04-22,1.58,29.06,21.34,6.97
2019-04-23,0.2,31.39,21.1,18.89
2019-04-24,0.0,31.8,21.57,20.28
2019-04-25,1.58,32.6,21.78,18.44
2019-04-26,0.02,32.61,22.02,19.52
2019-04-27,0.07,32.85,22.1,19.33
2019-04-28,3.56,32.4,22.35,13.87
2019-04-29,0.12,30.71,19.35,17.31
2019-04-30,0.36,31.07,19.43,18.67
2019-05-01,2.45,29.48,21.11,7.71
2019-05-02,0.36,30.81,20.78,14.33
2019-05-03,20.15,29.24,22.84,11.4
2019-05-04,3.75,27.02,21.88,10.07
2019-05-05,0.01,30.15,21.3,17.25
2019-05-06,0.06,31.0,21.31,18.08
2019-05-07,2.35,30.91,21.88,17.6
2019-05-08,0.23,30.07,21.23,17.3
2019-05-09,0.52,30.73,20.62,18.31
2019-05-10,2.09,30.86,20.87,15.44
2019-05-11,1.84,31.91,21.67,15.18
2019-05-12,1.33,31.61,22.37,16.47
2019-05-13,0.34,30.83,22.01,15.2
2019-05-14,0.0,27.07,18.16,16.23
2019-05-15,0.01,26.86,15.48,10.3
2019-05-16,0.01,28.06,18.14,15.13
2019-05-17,0.05,27.14,17.17,16.53
2019-05-18,0.11,27.88,16.99,13.2
2019-05-19,0.0,28.59,16.25,17.12
2019-05-20,0.04,28.83,17.07,18.16
2019-05-21,0.14,29.55,15.56,18.03
2019-05-22,0.05,30.5,16.68,18.16
2019-05-23,0.66,30.96,18.78,15.54
2019-05-24,0.47,25.25,15.56,7.41
2019-05-25,0.0,23.4,12.17,18.19
2019-05-26,0.06,27.41,10.77,17.92
2019-05-27,0.0,31.51,14.93,16.89
2019-05-28,0.7,32.92,17.79,16.56
2019-05-29,1.07,31.93,20.11,16.52
2019-05-30,0.0,33.27,20.07,16.99
2019-05-31,0.03,32.82,19.51,15.17
2019-06-01,0.0,33.0,18.52,16.31
2019-06-02,2.06,31.19,17.81,16.46
2019-06-03,6.99,26.85,18.89,8.05
2019-06-04,0.03,27.1,15.55,15.32
2019-06-05,0.02,24.81,12.86,17.2
2019-06-06,0.0,27.43,12.26,17.43
2019-06-07,0.0,29.34,12.98,14.63
2019-06-08,0.0,29.42,15.33,16.41
2019-06-09,0.0,28.51,13.22,16.83
2019-06-10,0.0,29.6,13.66,16.89
2019-06-11,0.0,30.55,16.4,16.39
2019-06-12,0.0,30.2,16.33,16.38
2019-06-13,0.0,30.82,16.6,16.09
2019-06-14,0.0,31.12,17.69,16.38
2019-06-15,0.0,31.21,17.88,16.51
2019-06-16,0.0,30.56,16.08,16.41
2019-06-17,0.0,30.32,15.45,15.87
2019-06-18,0.18,29.82,15.53,16.39
2019-06-19,0.0,30.61,17.21,15.56
2019-06-20,0.0,31.14,17.96,16.4
2019-06-21,0.0,30.8,17.82,16.17
2019-06-22,0.0,30.2,15.99,16.53
2019-06-23,0.0,29.55,14.9,16.51
2019-06-24,0.0,29.95,15.13,16.87
2019-06-25,0.0,31.66,16.06,16.66
2019-06-26,0.2,31.35,18.06,11.98
2019-06-27,2.05,30.23,18.07,9.72
2019-06-28,0.19,32.8,18.04,16.05
2019-06-29,0.13,32.03,17.94,16.56
2019-06-30,0.0,31.91,17.23,16.72
2019-07-01,0.0,32.17,17.44,16.34
2019-07-02,0.0,31.46,17.04,14.84
2019-07-03,0.11,31.77,16.76,16.05
2019-07-04,17.04,26.02,19.29,4.27
2019-07-05,17.05,23.06,11.1,8.38
2019-07-06,0.05,17.29,5.5,17.0
2019-07-07,0.14,20.0,3.86,17.4
2019-07-08,0.0,24.3,6.94,17.64
2019-07-09,0.0,27.36,9.11,17.54
2019-07-10,0.0,27.63,10.31,17.48
2019-07-11,0.0,27.75,11.9,17.62
2019-07-12,0.0,28.34,11.37,17.48
2019-07-13,0.0,29.38,14.46,16.19
2019-07-14,0.0,30.07,18.43,14.91
2019-07-15,0.1,30.89,19.61,14.81
2019-07-16,0.09,27.12,14.57,11.14
2019-07-17,0.0,24.41,11.19,17.51
2019-07-18,0.0,26.01,10.86,16.2
2019-07-19,0.0,28.78,14.76,15.51
2019-07-20,0.0,28.99,14.65,17.14
2019-07-21,0.0,28.63,15.72,12.43
2019-07-22,0.0,29.5,16.39,13.47
2019-07-23,0.0,30.22,15.6,17.98
2019-07-24,0.0,30.99,16.05,18.11
2019-07-25,0.0,30.82,17.16,13.19
2019-07-26,0.0,31.81,19.5,17.49
2019-07-27,0.0,30.96,16.29,16.59
2019-07-28,0.0,30.58,16.72,18.48
2019-07-29,0.0,30.67,16.51,17.96
2019-07-30,0.0,31.63,19.37,17.42
2019-07-31,0.0,31.36,15.72,19.14
2019-08-01,0.0,33.12,16.19,18.84
2019-08-02,0.0,33.94,17.41,12.19
2019-08-03,0.63,21.91,12.26,12.89
2019-08-04,1.3,23.43,9.62,5.9
2019-08-05,2.61,25.65,12.19,11.41
2019-08-06,16.83,22.16,16.61,9.17
2019-08-07,0.05,29.58,16.6,19.27
2019-08-08,0.0,31.23,16.87,19.2
2019-08-09,0.0,31.98,16.87,19.8
2019-08-10,0.0,32.38,16.43,19.43
2019-08-11,0.0,32.84,16.06,19.86
2019-08-12,0.0,33.77,17.64,19.26
2019-08-13,0.0,33.3,21.96,17.64
2019-08-14,0.0,27.51,17.26,18.53
2019-08-15,0.0,28.49,13.53,17.85
2019-08-16,0.0,30.6,15.76,20.18
2019-08-17,0.02,31.88,16.59,19.89
2019-08-18,0.0,33.61,20.65,15.29
2019-08-19,0.06,33.36,21.92,11.75
2019-08-20,0.01,29.83,19.17,13.88
2019-08-21,0.0,31.48,16.73,19.77
2019-08-22,0.0,31.45,16.31,20.58
2019-08-23,0.01,30.21,15.55,19.61
2019-08-24,0.01,30.62,14.42,21.54
2019-08-25,0.0,31.37,13.75,20.8
2019-08-26,0.0,33.8,14.75,20.45
2019-08-27,0.0,32.94,17.97,11.95
2019-08-28,0.0,30.21,20.32,17.5
2019-08-29,0.24,33.6,19.05,18.2
2019-08-30,0.0,35.26,19.28,18.02
2019-08-31,2.29,37.26,23.75,18.58
2019-09-01,12.92,32.69,21.64,13.49
2019-09-02,1.16,30.58,16.88,15.74
2019-09-03,2.59,33.13,19.99,14.52
2019-09-04,0.11,34.6,19.79,20.44
2019-09-05,0.0,33.59,21.21,21.25
2019-09-06,0.0,36.09,18.6,21.51
2019-09-07,0.0,36.01,21.43,22.89
2019-09-08,0.0,37.17,22.35,22.4
2019-09-09,0.0,37.61,22.05,23.15
2019-09-10,0.0,37.73,22.11,21.43
2019-09-11,0.0,38.9,23.66,22.16
2019-09-12,0.0,38.72,24.71,21.65
2019-09-13,0.0,38.01,20.67,22.37
2019-09-14,0.0,38.89,20.99,21.76
2019-09-15,0.0,39.87,23.42,23.01
2019-09-16,0.0,39.59,23.02,23.79
2019-09-17,0.0,39.83,22.08,24.29
2019-09-18,0.0,38.08,21.13,18.72
2019-09-19,0.19,40.32,24.23,18.93
2019-09-20,3.97,39.38,26.07,11.7
2019-09-21,2.08,36.08,23.21,19.57
2019-09-22,0.0,32.89,23.09,20.84
2019-09-23,0.0,34.27,18.37,23.77
2019-09-24,1.0,36.02,19.76,20.45
2019-09-25,11.28,31.2,20.37,10.07
2019-09-26,3.99,28.98,18.91,8.9
2019-09-27,0.03,32.38,17.84,24.4
2019-09-28,0.0,32.69,17.38,26.02
2019-09-29,0.0,34.36,17.65,26.6
2019-09-30,0.0,35.93,17.83,27.47
2019-10-01,0.0,38.56,19.24,25.96
2019-10-02,0.78,39.59,22.9,21.27
2019-10-03,1.67,38.13,24.3,21.09
2019-10-04,0.0,39.11,21.48,26.17
2019-10-05,0.01,39.28,22.73,26.56
2019-10-06,0.29,37.49,23.2,14.52
2019-10-07,0.2,33.79,23.08,19.11
2019-10-08,3.87,31.47,23.18,11.37
2019-10-09,0.04,31.63,22.07,18.24
2019-10-10,0.0,32.17,22.44,22.98
2019-10-11,0.01,37.36,22.35,26.13
2019-10-12,0.03,38.01,23.9,25.17
2019-10-13,0.91,35.54,25.3,20.24
2019-10-14,0.76,38.7,22.61,22.17
2019-10-15,0.02,38.76,24.56,25.09
2019-10-16,0.0,38.08,22.57,26.61
2019-10-17,0.31,40.19,24.33,25.67
2019-10-18,3.91,35.95,26.12,23.01
2019-10-19,5.92,37.28,24.33,20.46
2019-10-20,6.42,35.83,24.63,22.03
2019-10-21,4.66,30.97,23.89,16.79
2019-10-22,9.5,30.95,20.97,12.98
2019-10-23,0.0,32.83,18.06,23.09
2019-10-24,0.0,35.57,20.59,28.6
2019-10-25,0.0,38.37,22.6,28.15
2019-10-26,0.0,39.27,23.01,27.82
2019-10-27,4.69,37.62,24.98,26.03
2019-10-28,18.33,34.11,24.18,25.0
2019-10-29,0.07,36.49,23.18,27.63
2019-10-30,0.02,38.22,24.66,28.61
2019-10-31,0.0,38.35,25.6,28.13
2019-11-01,0.0,38.7,24.43,27.95
2019-11-02,0.01,38.97,25.47,26.81
2019-11-03,0.0,40.07,25.75,26.93
2019-11-04,0.0,39.4,26.18,27.02
2019-11-05,7.94,37.79,26.43,21.98
2019-11-06,7.69,35.12,25.39,18.08
2019-11-07,3.15,27.95,22.33,23.08
2019-11-08,1.34,31.46,22.38,14.56
2019-11-09,2.88,31.26,23.53,14.79
2019-11-10,5.09,31.85,22.48,18.95
2019-11-11,0.12,34.49,23.27,24.1
2019-11-12,0.01,34.51,22.34,25.62
2019-11-13,2.39,33.02,24.15,21.89
2019-11-14,5.99,34.34,23.56,19.57
2019-11-15,3.44,31.78,22.66,17.14
2019-11-16,0.03,34.54,19.24,29.92
2019-11-17,0.0,35.9,21.88,29.1
2019-11-18,0.0,37.14,20.18,29.7
2019-11-19,0.0,37.76,21.47,27.81
2019-11-20,1.09,38.42,22.71,26.44
2019-11-21,7.45,34.11,25.32,21.09
2019-11-22,1.58,35.34,23.35,28.58
2019-11-23,0.44,37.64,24.61,24.85
2019-11-24,2.38,34.31,23.36,17.61
2019-11-25,0.49,35.84,21.32,28.5
2019-11-26,4.22,31.96,24.86,24.39
2019-11-27,15.43,30.28,23.81,17.73
2019-11-28,9.01,30.67,23.73,16.14
2019-11-29,4.26,31.65,20.12,19.62
2019-11-30,11.88,31.09,24.09,16.59
2019-12-01,11.12,31.95,23.99,21.23
2019-12-02,7.28,29.54,23.23,23.66
2019-12-03,15.2,30.52,22.31,22.46
2019-12-04,4.58,31.37,23.5,21.24
2019-12-05,6.65,32.0,23.93,20.61
2019-12-06,1.79,32.05,21.63,17.27
2019-12-07,0.0,33.02,19.67,29.69
2019-12-08,0.09,33.98,21.41,29.06
2019-12-09,14.33,32.24,24.25,18.26
2019-12-10,16.25,30.86,22.93,21.86
2019-12-11,28.75,29.7,23.54,4.86
2019-12-12,20.21,28.71,23.13,21.08
2019-12-13,6.56,28.51,22.81,19.94
2019-12-14,1.0,27.64,23.61,19.05
2019-12-15,0.35,29.98,23.26,18.58
2019-12-16,12.87,29.56,22.34,20.96
2019-12-17,43.78,28.56,22.04,17.97
2019-12-18,13.85,28.78,22.35,13.83
2019-12-19,0.42,29.54,21.34,14.16
2019-12-20,12.57,30.48,21.59,24.8
2019-12-21,19.72,28.78,22.92,15.63
2019-12-22,9.85,28.64,22.38,11.92
2019-12-23,13.13,29.82,20.96,19.95
2019-12-24,0.06,31.26,20.64,29.04
2019-12-25,0.68,32.27,21.21,30.13
2019-12-26,2.3,32.41,21.95,29.61
2019-12-27,1.54,31.87,22.01,29.64
2019-12-28,0.84,30.81,23.63,22.91
2019-12-29,0.08,29.56,24.17,27.27
2019-12-30,0.0,33.24,22.43,28.38
2019-12-31,0.16,34.66,22.18,28.28
2020-01-01,7.72,33.0,23.08,27.41
2020-01-02,10.93,32.25,23.07,25.93
2020-01-03,5.09,32.13,23.05,21.05
2020-01-04,14.88,30.7,21.33,21.21
2020-01-05,16.49,30.43,23.28,19.42
2020-01-06,0.56,32.68,21.7,19.71
2020-01-07,7.11,28.52,23.12,14.22
2020-01-08,8.03,29.71,23.54,16.25
2020-01-09,22.12,29.47,23.49,16.76
2020-01-10,2.73,30.93,22.89,24.65
2020-01-11,0.54,29.85,24.54,21.65
2020-01-12,22.64,30.64,23.85,18.96
2020-01-13,17.24,29.82,23.5,23.02
2020-01-14,1.41,32.04,22.69,27.37
2020-01-15,0.0,33.53,22.5,29.42
2020-01-16,0.08,33.93,25.46,27.44
2020-01-17,2.11,30.34,24.94,23.02
2020-01-18,0.84,29.39,21.29,24.46
2020-01-19,0.39,32.22,22.3,26.96
2020-01-20,0.36,32.66,23.04,27.05
2020-01-21,0.37,32.84,23.65,25.5
2020-01-22,8.37,30.38,22.14,15.33
2020-01-23,27.39,30.28,22.33,12.31
2020-01-24,5.24,30.63,19.52,18.14
2020-01-25,0.01,30.79,20.76,28.06
2020-01-26,0.0,32.04,22.71,29.74
2020-01-27,0.0,32.92,22.9,29.53
2020-01-28,0.0,33.45,23.3,28.82
2020-01-29,1.26,34.19,22.67,22.94
2020-01-30,9.76,28.12,24.32,20.58
2020-01-31,5.52,30.47,23.4,20.4
2020-02-01,2.99,31.0,23.47,19.78
2020-02-02,2.68,28.86,23.45,17.87
2020-02-03,10.82,28.79,22.75,16.17
2020-02-04,9.32,30.8,23.45,23.21
2020-02-05,8.82,30.66,23.28,21.65
2020-02-06,7.16,30.25,22.79,22.51
2020-02-07,3.55,30.68,21.21,22.41
2020-02-08,2.4,29.9,20.78,19.9
2020-02-09,4.64,30.33,23.02,15.96
2020-02-10,23.14,26.93,21.92,16.3
2020-02-11,5.12,29.4,22.73,13.38
2020-02-12,0.18,30.42,19.68,18.77
2020-02-13,0.01,30.68,19.7,24.73
2020-02-14,0.01,32.2,20.36,27.58
2020-02-15,0.02,33.08,21.97,26.44
2020-02-16,0.66,33.12,24.38,26.59
2020-02-17,1.28,32.5,24.47,26.07
2020-02-18,4.56,32.18,24.43,21.46
2020-02-19,2.72,31.51,24.64,22.38
2020-02-20,10.59,29.99,24.06,18.09
2020-02-21,3.02,29.43,22.88,10.94
2020-02-22,5.48,32.29,22.99,20.31
2020-02-23,4.53,30.17,19.54,14.38
2020-02-24,5.65,29.26,21.69,13.75
2020-02-25,8.64,30.04,23.93,15.32
2020-02-26,22.39,30.94,20.51,9.92
2020-02-27,0.79,29.35,19.45,15.93
2020-02-28,0.01,29.12,19.59,23.71
2020-02-29,0.0,30.2,18.89,25.51
2020-03-01,0.01,29.56,19.13,23.57
2020-03-02,1.16,28.71,20.05,20.69
2020-03-03,0.09,30.03,18.51,25.91
2020-03-04,0.0,31.33,18.93,26.82
2020-03-05,0.01,31.84,19.1,27.21
2020-03-06,0.03,30.85,19.46,27.21
2020-03-07,0.0,31.59,18.72,27.33
2020-03-08,0.0,32.72,18.03,27.33
2020-03-09,0.0,33.37,19.28,26.78
2020-03-10,0.0,34.31,20.25,25.82
2020-03-11,0.02,34.88,22.04,25.47
2020-03-12,0.16,35.85,23.24,24.94
2020-03-13,0.03,36.07,23.11,26.07
2020-03-14,0.06,36.38,22.82,25.12
2020-03-15,1.22,35.85,23.81,22.12
2020-03-16,1.89,34.83,24.38,23.21
2020-03-17,0.45,35.76,23.88,24.07
2020-03-18,0.48,35.95,24.08,23.4
2020-03-19,4.77,34.36,25.21,15.49
2020-03-20,3.87,32.03,24.5,15.27
2020-03-21,0.83,32.21,23.4,17.94
2020-03-22,0.25,32.62,21.73,18.68
2020-03-23,0.05,32.32,18.44,24.8
2020-03-24,0.0,31.72,19.72,22.43
2020-03-25,0.34,32.36,19.17,23.07
2020-03-26,0.77,32.16,18.57,23.76
2020-03-27,0.04,32.69,20.38,22.49
2020-03-28,0.34,34.1,21.41,16.34
2020-03-29,18.24,28.59,22.8,9.38
2020-03-30,0.22,32.05,21.79,22.43
2020-03-31,0.0,32.86,21.02,22.8
2020-04-01,0.0,34.03,21.04,22.88
2020-04-02,1.55,34.76,22.42,20.07
2020-04-03,0.22,33.64,21.13,20.8
2020-04-04,0.0,31.82,16.27,22.96
2020-04-05,0.0,35.17,20.26,22.67
2020-04-06,1.16,35.95,22.19,21.99
2020-04-07,10.63,28.34,23.08,14.4
2020-04-08,0.01,32.04,19.24,21.04
2020-04-09,0.0,31.17,18.82,22.0
2020-04-10,0.01,31.68,17.38,22.54
2020-04-11,0.02,32.08,18.47,19.1
2020-04-12,0.0,32.07,19.72,20.35
2020-04-13,10.88,32.47,20.17,21.23
2020-04-14,8.9,26.67,20.25,12.49
2020-04-15,0.97,25.49,14.8,20.21
2020-04-16,0.0,26.93,10.6,21.64
2020-04-17,0.04,29.51,12.41,22.14
2020-04-18,0.02,28.04,17.44,20.77
2020-04-19,0.06,30.35,16.87,19.55
2020-04-20,0.0,30.57,19.28,19.38
2020-04-21,0.0,31.29,18.51,20.56
2020-04-22,0.0,30.92,16.9,21.09
2020-04-23,0.01,31.11,16.2,21.37
2020-04-24,0.0,32.59,16.55,20.93
2020-04-25,0.0,33.47,21.57,19.72
2020-04-26,0.0,33.36,18.98,20.75
2020-04-27,0.02,32.18,18.6,20.29
2020-04-28,0.03,31.7,18.02,20.0
2020-04-29,0.0,32.41,17.31,20.8
2020-04-30,0.0,32.58,17.55,20.41
2020-05-01,0.0,33.08,19.35,19.67
2020-05-02,0.0,33.46,20.22,19.63
2020-05-03,0.01,31.87,18.45,19.27
2020-05-04,0.01,31.29,16.56,19.41
2020-05-05,0.02,31.33,17.17,17.22
2020-05-06,0.02,33.31,20.57,6.36
2020-05-07,0.0,27.9,16.17,14.56
2020-05-08,0.0,27.05,14.43,19.99
2020-05-09,0.0,29.91,12.6,19.13
2020-05-10,0.0,31.07,15.11,18.95
2020-05-11,0.0,31.84,16.72,18.58
2020-05-12,0.0,31.55,16.6,9.93
2020-05-13,2.43,26.21,18.79,3.84
2020-05-14,0.43,27.2,18.58,6.12
2020-05-15,0.17,28.92,17.86,8.03
2020-05-16,0.01,28.95,16.25,15.78
2020-05-17,0.0,29.8,14.03,18.36
2020-05-18,0.01,30.58,14.17,18.46
2020-05-19,0.01,31.08,15.52,17.91
2020-05-20,0.0,31.52,19.06,16.99
2020-05-21,0.0,32.35,17.88,17.4
2020-05-22,1.07,33.15,19.37,16.63
2020-05-23,10.19,23.17,14.29,6.67
2020-05-24,0.02,21.27,10.23,8.04
2020-05-25,0.06,23.88,8.69,17.38
2020-05-26,0.09,23.81,8.28,18.08
2020-05-27,0.0,24.81,7.69,17.77
2020-05-28,0.0,26.87,10.1,18.5
2020-05-29,0.0,28.51,10.19,17.99
2020-05-30,0.0,28.93,11.56,18.24
2020-05-31,0.01,29.11,13.69,17.5
2020-06-01,0.01,30.88,15.58,16.67
2020-06-02,1.37,28.33,18.04,8.92
2020-06-03,1.28,27.6,16.99,5.75
2020-06-04,0.3,28.75,17.86,9.21
2020-06-05,1.13,31.33,18.38,11.94
2020-06-06,1.36,28.18,17.83,12.33
2020-06-07,0.32,28.17,15.82,13.11
2020-06-08,0.04,32.28,18.36,15.05
2020-06-09,0.35,33.08,20.87,15.07
2020-06-10,0.02,33.88,20.3,14.1
2020-06-11,0.45,33.31,21.58,15.84
2020-06-12,0.23,32.59,18.54,16.14
2020-06-13,0.5,32.85,18.13,15.8
2020-06-14,0.0,31.57,18.83,16.08
2020-06-15,0.02,31.3,16.9,16.46
2020-06-16,0.0,30.17,17.07,16.68
2020-06-17,0.0,30.23,16.93,15.88
2020-06-18,0.0,29.99,18.09,15.29
2020-06-19,0.0,31.01,17.71,14.49
2020-06-20,0.0,30.96,16.48,17.17
2020-06-21,0.0,31.49,17.51,16.11
2020-06-22,0.0,31.36,16.12,16.49
2020-06-23,0.0,29.79,16.59,14.23
2020-06-24,0.0,31.05,14.87,15.33
2020-06-25,0.78,32.06,18.63,15.48
2020-06-26,6.26,29.19,19.71,12.13
2020-06-27,10.76,21.82,17.68,2.77
2020-06-28,0.78,25.03,16.3,5.99
2020-06-29,0.09,28.18,14.45,13.95
2020-06-30,0.29,29.96,18.13,15.92
2020-07-01,0.76,23.27,12.49,14.06
2020-07-02,0.03,22.64,8.07,15.71
2020-07-03,0.01,23.85,9.46,17.27
2020-07-04,0.0,28.7,11.31,17.21
2020-07-05,0.0,31.45,15.59,15.57
2020-07-06,0.0,31.95,17.92,16.14
2020-07-07,0.0,32.43,18.23,16.94
2020-07-08,0.04,30.85,16.8,14.2
2020-07-09,0.01,24.18,13.48,10.88
2020-07-10,0.0,28.88,13.15,17.06
2020-07-11,0.0,31.49,16.76,16.0
2020-07-12,0.0,33.03,16.46,16.41
2020-07-13,0.0,33.36,19.51,16.11
2020-07-14,0.0,31.5,20.82,15.7
2020-07-15,0.0,30.86,19.46,16.7
2020-07-16,0.0,31.46,18.13,16.85
2020-07-17,0.0,32.21,19.26,17.3
2020-07-18,0.0,31.92,17.8,17.56
2020-07-19,0.0,30.14,16.89,17.92
2020-07-20,0.0,30.75,15.7,17.97
2020-07-21,0.01,31.43,16.25,18.54
2020-07-22,0.0,31.95,16.17,18.39
2020-07-23,0.0,31.93,16.65,18.17
2020-07-24,0.0,31.96,16.16,17.93
2020-07-25,0.0,31.51,16.27,18.19
2020-07-26,0.0,31.51,14.68,18.34
2020-07-27,0.0,31.99,17.34,18.25
2020-07-28,0.02,33.27,17.77,17.67
2020-07-29,0.0,31.97,19.4,17.54
2020-07-30,0.0,29.61,17.39,17.17
2020-07-31,0.0,31.63,15.94,16.79
2020-08-01,0.02,31.07,17.06,17.6
2020-08-02,0.02,30.37,15.76,18.35
2020-08-03,0.0,30.99,16.18,18.88
2020-08-04,0.0,31.14,15.08,19.24
2020-08-05,0.0,31.09,14.12,19.67
2020-08-06,0.0,31.32,14.16,19.78
2020-08-07,0.0,31.03,13.72,20.08
2020-08-08,0.06,31.23,15.42,19.24
2020-08-09,0.03,31.6,16.53,19.88
2020-08-10,0.0,32.3,16.56,19.98
2020-08-11,0.0,33.55,17.61,16.56
2020-08-12,0.0,34.52,20.29,16.16
2020-08-13,0.75,35.17,20.99,18.12
2020-08-14,0.01,36.43,23.1,19.15
2020-08-15,0.13,36.53,22.11,18.95
2020-08-16,1.07,32.69,21.1,8.75
2020-08-17,7.59,34.89,20.7,12.33
2020-08-18,0.8,33.43,20.78,17.66
2020-08-19,0.1,34.01,20.4,15.85
2020-08-20,0.85,22.46,15.28,12.68
2020-08-21,1.39,20.29,12.59,2.61
2020-08-22,0.24,23.5,10.13,18.17
2020-08-23,0.03,27.49,12.71,21.18
2020-08-24,0.0,29.81,14.52,20.87
2020-08-25,0.0,31.31,14.52,21.82
2020-08-26,0.01,32.13,12.55,22.39
2020-08-27,0.0,33.98,12.79,21.34
2020-08-28,0.0,35.66,14.94,21.83
2020-08-29,0.0,35.82,17.26,22.05
2020-08-30,0.0,36.99,18.39,22.36
2020-08-31,0.03,37.16,19.92,21.95
2020-09-01,0.08,36.87,19.28,22.31
2020-09-02,0.0,36.24,19.61,22.2
2020-09-03,0.0,37.02,22.09,22.65
2020-09-04,0.0,37.82,20.32,22.34
2020-09-05,0.01,38.02,20.72,23.4
2020-09-06,0.0,37.48,20.04,23.51
2020-09-07,0.0,37.83,20.4,23.1
2020-09-08,0.0,38.65,21.66,23.37
2020-09-09,0.03,39.52,20.74,23.64
2020-09-10,0.0,39.56,22.62,22.79
2020-09-11,0.0,39.7,22.76,23.72
2020-09-12,0.0,39.62,22.61,23.4
2020-09-13,0.0,38.06,22.58,22.61
2020-09-14,0.0,37.89,20.97,19.4
2020-09-15,0.0,36.92,21.35,23.59
2020-09-16,0.0,38.33,21.08,23.8
2020-09-17,0.0,38.83,21.68,20.78
2020-09-18,0.0,37.17,22.83,15.16
2020-09-19,0.06,36.56,23.86,7.9
2020-09-20,0.08,36.08,22.67,10.54
2020-09-21,0.29,32.19,20.45,12.02
2020-09-22,3.66,32.0,18.85,16.55
2020-09-23,0.0,33.94,18.09,22.66
2020-09-24,0.01,35.35,20.38,25.37
2020-09-25,0.0,37.94,20.49,25.72
2020-09-26,0.0,39.75,22.09,26.41
2020-09-27,0.05,41.19,23.92,23.95
2020-09-28,0.03,41.56,25.21,23.76
2020-09-29,0.01,41.73,24.0,25.25
2020-09-30,0.0,42.96,25.1,25.46
2020-10-01,0.0,42.64,26.16,24.62
2020-10-02,0.0,43.21,26.49,26.18
2020-10-03,0.0,43.98,27.13,25.76
2020-10-04,0.0,42.92,24.14,24.39
2020-10-05,0.0,43.62,25.42,24.87
2020-10-06,0.0,44.05,24.63,23.87
2020-10-07,0.01,43.95,26.69,21.95
2020-10-08,2.69,43.42,27.71,20.32
2020-10-09,0.33,41.95,28.47,16.26
2020-10-10,1.88,35.54,22.96,17.77
2020-10-11,0.09,35.74,19.49,21.11
2020-10-12,0.0,38.26,21.13,20.32
2020-10-13,6.59,39.0,24.38,20.65
2020-10-14,1.29,36.64,24.11,21.61
2020-10-15,4.74,35.08,24.61,14.95
2020-10-16,0.44,32.06,21.39,19.29
2020-10-17,0.18,34.89,20.46,26.55
2020-10-18,0.01,34.54,20.24,24.99
2020-10-19,8.63,33.93,24.06,16.21
2020-10-20,5.21,31.49,22.37,16.42
2020-10-21,2.65,33.46,22.95,22.92
2020-10-22,0.02,33.23,22.16,25.73
2020-10-23,5.7,33.32,22.89,25.07
2020-10-24,3.78,33.8,22.71,16.82
2020-10-25,0.09,35.66,22.69,23.33
2020-10-26,4.86,33.82,23.96,12.31
2020-10-27,8.68,31.77,21.73,21.3
2020-10-28,1.5,34.93,19.23,26.61
2020-10-29,0.97,30.92,24.52,15.72
2020-10-30,1.0,33.24,23.2,18.67
2020-10-31,0.0,32.36,20.03,26.3
2020-11-01,0.0,32.0,17.81,27.7
2020-11-02,0.0,31.75,16.88,30.06
2020-11-03,0.0,32.68,16.82,27.47
2020-11-04,0.12,34.45,17.33,30.34
2020-11-05,0.56,35.2,17.24,30.06
2020-11-06,0.0,36.55,19.13,29.88
2020-11-07,0.0,38.89,19.68,30.53
2020-11-08,0.0,40.8,21.4,28.99
2020-11-09,7.02,37.81,25.3,14.96
2020-11-10,3.06,33.69,23.98,14.88
2020-11-11,4.25,33.61,23.4,20.53
2020-11-12,0.68,31.1,24.17,21.47
2020-11-13,1.2,31.79,23.1,23.41
2020-11-14,0.95,33.37,23.12,25.75
2020-11-15,1.87,36.43,23.14,25.59
2020-11-16,1.59,35.75,24.29,26.71
2020-11-17,1.49,36.65,24.38,23.45
2020-11-18,3.86,34.55,25.32,15.47
2020-11-19,0.71,33.61,21.96,20.05
2020-11-20,0.03,33.88,19.81,28.75
2020-11-21,0.0,35.22,19.51,29.96
2020-11-22,0.0,36.71,20.09,30.94
2020-11-23,0.0,37.34,20.9,31.68
2020-11-24,0.0,37.4,22.64,29.36
2020-11-25,0.0,38.0,23.75,30.22
2020-11-26,0.01,37.91,23.74,30.03
2020-11-27,0.16,39.03,24.43,29.34
2020-11-28,0.64,37.98,25.6,29.06
2020-11-29,0.0,39.86,25.29,29.87
2020-11-30,0.28,40.36,24.94,27.22
2020-12-01,1.15,39.65,24.86,24.98
2020-12-02,4.24,34.56,23.87,24.82
2020-12-03,4.5,35.04,25.07,13.46
2020-12-04,6.79,36.9,24.45,22.17
2020-12-05,1.58,33.37,24.16,21.97
2020-12-06,8.35,31.81,23.59,20.75
2020-12-07,10.45,30.6,22.98,17.92
2020-12-08,1.73,34.08,22.68,24.61
2020-12-09,0.01,35.62,22.72,29.6
2020-12-10,1.5,35.87,23.34,24.08
2020-12-11,1.44,31.08,21.97,12.9
2020-12-12,3.75,29.43,22.24,18.18
2020-12-13,1.9,34.45,22.7,22.66
2020-12-14,1.54,35.88,24.27,17.03
2020-12-15,9.7,32.86,24.63,26.81
2020-12-16,2.61,31.34,24.57,26.4
2020-12-17,0.57,31.82,23.48,25.26
2020-12-18,1.41,36.9,23.97,25.53
2020-12-19,2.86,38.18,24.87,26.9
2020-12-20,5.28,36.67,24.98,24.57
2020-12-21,1.73,37.49,25.24,25.85
2020-12-22,1.74,33.49,25.69,23.6
2020-12-23,1.29,36.31,25.43,24.65
2020-12-24,0.44,37.29,24.38,29.33
2020-12-25,0.01,36.93,22.62,28.39
2020-12-26,0.99,36.59,21.68,25.22
2020-12-27,7.15,33.11,25.14,21.33
2020-12-28,1.88,33.92,23.88,16.73
2020-12-29,0.12,34.67,24.34,25.83
2020-12-30,0.41,36.13,24.13,25.9
2020-12-31,2.93,34.28,24.5,21.98
2021-01-01,3.94,32.11,23.71,19.21
2021-01-02,0.05,37.6,22.97,27.08
2021-01-03,1.32,36.47,23.85,29.43
2021-01-04,0.11,37.24,22.44,16.67
2021-01-05,1.6,33.23,24.05,22.09
2021-01-06,1.13,33.19,24.29,24.09
2021-01-07,4.03,34.25,24.22,18.83
2021-01-08,1.23,34.58,23.57,25.46
2021-01-09,0.12,38.92,24.01,28.73
2021-01-10,0.0,39.96,24.38,21.6
2021-01-11,0.14,37.09,27.41,23.64
2021-01-12,1.95,33.84,27.27,16.27
2021-01-13,6.69,34.63,25.27,18.25
2021-01-14,1.92,31.79,24.29,18.58
2021-01-15,6.21,33.13,24.13,15.2
2021-01-16,3.2,31.75,24.04,17.07
2021-01-17,6.79,27.69,23.04,16.72
2021-01-18,4.34,30.56,22.01,20.85
2021-01-19,5.49,30.39,23.45,18.33
2021-01-20,0.98,32.58,22.54,16.04
2021-01-21,0.15,36.12,21.6,20.36
2021-01-22,0.71,35.88,22.75,18.06
2021-01-23,0.13,37.94,23.9,27.82
2021-01-24,0.34,36.71,24.22,18.64
2021-01-25,5.33,32.38,23.89,18.14
2021-01-26,0.49,32.3,22.84,20.45
2021-01-27,8.47,32.24,24.04,19.4
2021-01-28,9.66,30.55,22.75,19.32
2021-01-29,3.51,31.66,23.37,18.18
2021-01-30,3.29,31.8,23.58,19.14
2021-01-31,3.56,33.57,23.58,18.32
2021-02-01,4.64,30.53,23.37,24.26
2021-02-02,0.71,34.1,22.53,27.02
2021-02-03,1.54,35.81,22.87,26.08
2021-02-04,1.56,33.99,24.46,18.4
2021-02-05,1.81,32.78,23.28,20.31
2021-02-06,0.0,34.21,19.04,26.95
2021-02-07,0.0,34.55,19.25,28.19
2021-02-08,0.0,34.97,21.47,29.46
2021-02-09,0.01,35.46,20.62,27.85
2021-02-10,0.26,36.94,20.71,27.22
2021-02-11,2.6,34.86,21.86,14.15
2021-02-12,4.11,29.35,22.31,12.17
2021-02-13,1.92,33.41,22.1,24.21
2021-02-14,4.57,34.72,23.28,14.95
2021-02-15,6.26,29.89,22.98,19.35
2021-02-16,0.53,33.61,22.74,22.81
2021-02-17,6.85,32.99,23.4,20.37
2021-02-18,0.03,35.79,22.33,28.36
2021-02-19,0.02,35.99,17.4,27.91
2021-02-20,0.0,36.94,18.71,29.69
2021-02-21,0.0,37.75,21.71,28.05
2021-02-22,0.04,37.94,23.15,26.61
2021-02-23,0.91,38.73,23.74,23.87
2021-02-24,0.94,39.36,25.21,26.04
2021-02-25,5.01,38.52,25.71,24.55
2021-02-26,22.76,31.77,24.08,20.95
2021-02-27,1.0,32.05,21.2,23.92
2021-02-28,2.84,31.12,22.74,17.66
2021-03-01,7.58,30.0,22.21,21.28
2021-03-02,5.38,31.83,21.45,21.24
2021-03-03,5.36,30.56,22.37,18.85
2021-03-04,8.91,29.93,22.76,14.31
2021-03-05,10.63,28.29,22.56,15.63
2021-03-06,1.94,30.3,21.68,17.4
2021-03-07,0.43,30.35,21.23,23.23
2021-03-08,2.28,31.86,21.54,22.53
2021-03-09,0.18,32.61,22.12,25.31
2021-03-10,0.13,33.86,22.03,24.78
2021-03-11,0.05,35.51,22.77,22.72
2021-03-12,0.0,36.08,22.32,25.12
2021-03-13,0.01,35.16,24.54,24.88
2021-03-14,0.0,36.42,22.77,22.24
2021-03-15,0.03,35.44,22.71,21.2
2021-03-16,0.1,36.52,23.72,19.08
2021-03-17,2.67,31.36,23.93,19.64
2021-03-18,3.55,33.7,24.17,19.41
2021-03-19,7.48,33.3,24.01,14.16
2021-03-20,4.31,33.95,22.85,23.36
2021-03-21,0.03,35.43,23.87,24.61
2021-03-22,0.0,35.85,22.05,24.21
2021-03-23,0.0,36.9,22.92,18.55
2021-03-24,0.04,36.12,24.21,23.51
2021-03-25,0.24,36.49,24.26,22.87
2021-03-26,0.09,37.18,25.85,21.47
2021-03-27,0.37,37.4,25.42,22.46
2021-03-28,0.0,37.93,24.84,23.42
2021-03-29,0.02,38.31,23.85,22.53
2021-03-30,0.3,36.16,23.14,22.21
2021-03-31,0.0,35.01,21.17,17.92
2021-04-01,0.0,35.24,19.69,21.03
2021-04-02,0.0,34.92,19.86,23.28
2021-04-03,0.0,35.65,19.74,23.45
2021-04-04,0.0,34.06,20.9,21.65
2021-04-05,0.0,35.97,19.73,22.75
2021-04-06,1.72,34.59,23.12,17.29
2021-04-07,0.04,34.55,21.7,15.1
2021-04-08,0.0,34.34,21.71,20.72
2021-04-09,0.0,34.81,20.79,23.09
2021-04-10,0.0,34.95,19.49,21.83
2021-04-11,0.0,35.32,19.41,23.63
2021-04-12,0.01,36.61,19.57,22.68
2021-04-13,0.0,35.04,22.9,19.83
2021-04-14,0.0,34.59,21.65,19.1
2021-04-15,0.03,34.45,19.65,21.46
2021-04-16,2.33,34.67,21.15,14.64
2021-04-17,1.96,32.89,20.93,15.34
2021-04-18,0.81,31.84,21.48,18.62
2021-04-19,0.45,31.95,19.28,20.67
2021-04-20,0.01,31.72,18.81,21.87
2021-04-21,0.0,31.09,17.25,22.04
2021-04-22,0.21,31.22,16.12,21.97
2021-04-23,0.02,31.46,16.78,20.93
2021-04-24,0.0,33.46,17.19,21.2
2021-04-25,0.0,33.82,20.79,15.35
2021-04-26,0.01,32.65,19.8,15.45
2021-04-27,0.0,32.09,17.31,20.78
2021-04-28,0.0,32.53,14.41,21.24
2021-04-29,0.01,30.48,15.01,19.13
2021-04-30,0.0,31.08,15.82,16.6
2021-05-01,0.61,29.64,19.46,15.7
2021-05-02,0.03,33.38,18.74,19.22
2021-05-03,0.0,33.37,18.18,20.4
2021-05-04,0.01,33.93,17.44,20.38
2021-05-05,0.0,33.65,18.1,20.28
2021-05-06,0.0,32.97,19.15,19.56
2021-05-07,1.06,27.99,16.31,12.33
2021-05-08,1.22,30.14,16.16,18.41
2021-05-09,1.64,30.48,16.02,18.47
2021-05-10,0.01,31.65,17.79,17.07
2021-05-11,0.0,32.53,17.76,18.21
2021-05-12,0.0,31.61,19.43,16.12
2021-05-13,0.02,27.76,18.91,12.62
2021-05-14,0.05,29.06,16.2,14.62
2021-05-15,0.0,31.53,16.97,17.06
2021-05-16,0.0,32.13,17.19,17.66
2021-05-17,0.0,32.05,17.16,16.14
2021-05-18,0.0,31.55,17.3,17.63
2021-05-19,0.0,31.82,14.93,17.8
2021-05-20,0.0,32.63,17.36,17.24
2021-05-21,0.0,33.32,18.16,17.38
2021-05-22,3.6,29.49,21.77,1.7
2021-05-23,2.25,26.25,16.79,6.44
2021-05-24,0.0,24.94,13.14,11.89
2021-05-25,0.01,27.89,14.6,15.61
2021-05-26,0.04,32.74,16.53,16.68
2021-05-27,0.04,33.71,18.6,16.06
2021-05-28,0.01,33.32,21.28,13.04
2021-05-29,0.0,34.17,21.14,15.86
2021-05-30,0.13,33.22,20.07,14.51
2021-05-31,0.05,31.83,18.63,14.12
2021-06-01,0.0,30.72,17.94,15.5
2021-06-02,0.01,32.88,17.96,16.53
2021-06-03,0.0,33.61,18.46,16.83
2021-06-04,0.0,33.87,17.88,16.29
2021-06-05,0.0,33.05,19.72,16.24
2021-06-06,0.0,33.02,20.67,15.35
2021-06-07,2.01,32.25,19.34,14.02
2021-06-08,2.29,30.52,19.31,7.27
2021-06-09,9.01,30.13,18.32,9.91
2021-06-10,8.59,28.02,19.25,3.83
2021-06-11,1.51,24.62,17.71,7.98
2021-06-12,0.03,26.11,14.62,13.36
2021-06-13,0.13,26.17,12.26,17.36
2021-06-14,0.03,28.33,12.47,16.92
2021-06-15,0.01,28.94,13.29,17.09
2021-06-16,0.01,27.49,12.34,16.75
2021-06-17,0.11,27.45,13.06,15.42
2021-06-18,0.1,29.18,16.28,15.98
2021-06-19,0.0,31.21,15.24,15.23
2021-06-20,0.01,26.38,16.06,13.4
2021-06-21,0.0,29.36,14.88,14.9
2021-06-22,0.0,29.32,19.38,14.69
2021-06-23,0.0,29.23,17.85,16.08
2021-06-24,0.0,32.06,16.19,16.25
2021-06-25,0.0,32.75,18.77,15.17
2021-06-26,0.28,32.44,17.94,16.25
2021-06-27,0.0,31.36,16.79,17.02
2021-06-28,0.05,23.78,11.25,9.69
2021-06-29,0.07,16.56,8.29,14.39
2021-06-30,0.01,19.29,4.37,17.51
2021-07-01,0.01,22.47,5.43,17.95
2021-07-02,0.92,27.83,8.08,17.97
2021-07-03,0.0,29.15,11.37,17.95
2021-07-04,0.01,28.36,11.02,17.25
2021-07-05,0.0,28.52,12.73,17.01
2021-07-06,0.25,27.83,11.72,17.13
2021-07-07,0.01,27.7,11.99,17.73
2021-07-08,0.0,27.89,11.35,17.79
2021-07-09,0.0,28.59,11.73,17.64
2021-07-10,0.01,29.98,12.83,17.48
2021-07-11,0.0,29.69,13.86,17.62
2021-07-12,0.0,30.71,14.72,17.82
2021-07-13,0.0,31.07,14.51,17.81
2021-07-14,0.0,31.4,14.6,17.6
2021-07-15,0.0,32.85,16.42,17.67
2021-07-16,0.0,31.14,17.32,16.82
2021-07-17,0.3,28.46,16.46,11.9
2021-07-18,0.05,25.97,12.31,12.71
2021-07-19,0.0,21.43,5.66,18.69
2021-07-20,0.0,25.27,6.58,16.72
2021-07-21,0.0,27.94,10.28,18.38
2021-07-22,0.01,31.57,9.46,18.21
2021-07-23,0.0,31.43,13.42,18.26
2021-07-24,0.0,31.34,14.09,18.27
2021-07-25,0.0,31.6,14.43,18.73
2021-07-26,0.0,32.79,15.2,18.77
2021-07-27,0.0,33.34,16.32,15.37
2021-07-28,0.67,15.74,9.42,5.94
2021-07-29,0.0,18.03,5.1,19.2
2021-07-30,0.0,20.97,4.42,19.03
2021-07-31,0.0,26.6,7.66,18.35
2021-08-01,0.0,26.93,10.3,17.05
2021-08-02,0.0,29.01,12.27,18.64
2021-08-03,0.0,28.52,11.9,19.45
2021-08-04,0.0,26.06,11.81,17.67
2021-08-05,0.01,28.23,13.83,11.9
2021-08-06,0.0,29.22,15.04,17.64
2021-08-07,0.0,30.96,15.97,18.69
2021-08-08,0.0,31.61,16.52,19.11
2021-08-09,0.0,32.64,16.17,19.03
2021-08-10,0.0,33.93,17.18,19.69
2021-08-11,0.01,32.87,16.61,19.45
2021-08-12,0.19,32.15,17.27,19.24
2021-08-13,0.0,32.71,15.69,19.12
2021-08-14,0.39,32.9,15.83,19.2
2021-08-15,0.0,34.7,17.67,18.9
2021-08-16,0.0,35.8,20.37,19.62
2021-08-17,0.01,36.87,19.13,19.94
2021-08-18,0.37,36.79,19.98,20.52
2021-08-19,0.0,35.49,19.61,20.87
2021-08-20,0.0,34.65,19.57,21.51
2021-08-21,0.0,34.5,19.45,21.07
2021-08-22,0.0,35.0,18.59,21.48
2021-08-23,0.0,36.05,19.69,19.39
2021-08-24,0.0,37.21,24.32,18.97
2021-08-25,0.0,37.85,24.41,20.04
2021-08-26,0.09,30.42,21.03,17.81
2021-08-27,0.61,32.87,17.91,13.98
2021-08-28,5.4,29.55,17.88,7.38
2021-08-29,1.17,28.17,18.01,7.25
2021-08-30,0.0,31.81,17.14,20.95
2021-08-31,0.0,32.49,17.62,21.7
2021-09-01,0.0,32.79,17.3,22.35
2021-09-02,0.0,33.45,16.68,23.04
2021-09-03,0.03,35.63,19.32,23.36
2021-09-04,0.01,37.23,19.55,23.21
2021-09-05,0.0,38.79,20.57,19.77
2021-09-06,0.0,38.83,20.81,21.67
2021-09-07,0.0,39.37,21.74,21.37
2021-09-08,0.07,40.85,24.42,18.81
2021-09-09,2.45,32.93,20.2,9.91
2021-09-10,0.04,30.79,17.94,17.51
2021-09-11,0.08,30.77,19.63,9.4
2021-09-12,0.05,38.33,18.89,20.39
2021-09-13,0.01,40.39,22.47,17.62
2021-09-14,1.59,39.06,23.52,17.77
2021-09-15,3.42,35.66,23.41,18.02
2021-09-16,0.01,37.19,23.13,13.43
2021-09-17,0.0,38.9,21.78,20.28
2021-09-18,0.03,39.56,22.45,22.45
2021-09-19,0.0,39.85,23.15,23.6
2021-09-20,0.0,41.34,24.68,23.58
2021-09-21,0.0,42.35,24.97,21.51
2021-09-22,0.0,33.06,21.5,21.24
2021-09-23,0.0,33.33,18.25,23.23
2021-09-24,0.0,37.61,20.84,22.09
2021-09-25,0.08,37.56,21.99,19.42
2021-09-26,2.68,38.86,23.38,20.16
2021-09-27,0.45,35.96,22.16,23.05
2021-09-28,0.01,38.58,23.06,22.23
2021-09-29,0.46,40.05,27.15,22.17
2021-09-30,0.74,38.51,24.78,24.63
2021-10-01,9.37,38.57,24.75,16.99
2021-10-02,11.09,34.35,23.27,11.91
2021-10-03,6.88,36.85,23.76,19.89
2021-10-04,2.44,35.8,23.56,19.26
2021-10-05,0.06,34.6,23.19,23.11
2021-10-06,2.66,35.64,22.79,22.73
2021-10-07,1.68,33.86,25.54,6.68
2021-10-08,0.0,34.62,22.45,23.13
2021-10-09,2.85,36.05,22.66,22.13
2021-10-10,19.84,26.56,21.78,2.42
2021-10-11,1.82,31.34,21.11,16.43
2021-10-12,0.02,33.49,18.75,22.96
2021-10-13,0.0,34.6,19.27,27.11
2021-10-14,1.63,34.65,22.92,9.8
2021-10-15,2.57,33.2,24.53,20.82
2021-10-16,16.18,32.48,23.55,19.25
2021-10-17,0.45,33.06,21.71,20.97
2021-10-18,0.85,28.88,22.31,18.6
2021-10-19,0.48,31.52,20.11,12.69
2021-10-20,0.29,31.0,17.27,28.11
2021-10-21,0.45,31.94,16.32,28.23
2021-10-22,0.0,34.01,17.08,29.14
2021-10-23,0.98,35.91,19.43,23.07
2021-10-24,34.62,26.22,18.78,7.32
2021-10-25,0.01,31.31,17.95,22.47
2021-10-26,0.01,30.72,20.17,17.07
2021-10-27,0.03,31.81,22.34,20.52
2021-10-28,0.03,31.88,22.85,21.78
2021-10-29,0.0,34.56,22.29,27.17
2021-10-30,4.89,34.42,22.54,22.35
2021-10-31,8.85,30.97,23.01,18.08
2021-11-01,0.3,32.37,21.07,24.43
2021-11-02,0.07,33.82,20.58,27.1
2021-11-03,0.04,34.25,22.35,27.87
2021-11-04,0.0,37.2,23.92,28.12
2021-11-05,0.01,37.04,23.8,25.46
2021-11-06,0.04,30.11,25.81,23.82
2021-11-07,0.09,37.82,23.82,25.31
2021-11-08,0.97,37.87,24.22,27.33
2021-11-09,1.92,36.95,23.5,28.25
2021-11-10,5.88,37.36,23.47,25.2
2021-11-11,2.63,31.76,21.57,17.46
2021-11-12,0.0,33.37,20.94,20.73
2021-11-13,0.0,32.76,19.13,29.76
2021-11-14,1.21,35.48,18.29,25.37
2021-11-15,2.06,34.61,22.42,25.77
2021-11-16,0.22,34.78,22.93,25.26
2021-11-17,1.82,33.54,23.53,14.96
2021-11-18,11.2,30.0,23.71,15.48
2021-11-19,10.39,29.57,22.71,16.82
2021-11-20,0.66,33.6,22.34,23.81
2021-11-21,0.0,34.44,20.26,29.93
2021-11-22,0.02,36.18,19.12,31.29
2021-11-23,0.0,38.64,19.92,31.02
2021-11-24,0.01,38.84,24.51,27.38
2021-11-25,1.27,36.43,25.5,23.81
2021-11-26,3.04,34.63,25.16,19.43
2021-11-27,1.39,37.23,22.0,29.98
2021-11-28,0.84,37.73,21.18,26.0
2021-11-29,4.85,31.11,24.88,14.64
2021-11-30,8.87,30.25,23.54,14.0
2021-12-01,0.37,36.37,19.98,29.34
2021-12-02,1.72,36.79,21.5,20.56
2021-12-03,1.3,36.0,23.03,28.41
2021-12-04,0.06,36.37,22.02,30.24
2021-12-05,0.73,36.38,24.62,27.9
2021-12-06,3.9,36.13,23.88,26.37
2021-12-07,0.04,34.43,22.91,28.12
2021-12-08,0.0,33.19,18.39,30.6
2021-12-09,0.0,34.41,18.82,31.58
2021-12-10,0.01,36.68,18.42,31.17
2021-12-11,0.0,38.56,21.58,31.11
2021-12-12,0.23,36.91,24.15,19.33
2021-12-13,4.5,29.51,23.72,15.77
2021-12-14,22.84,29.28,23.56,12.6
2021-12-15,8.62,27.22,23.49,7.83
2021-12-16,16.17,26.82,23.4,13.79
2021-12-17,2.42,31.64,22.81,20.06
2021-12-18,8.81,31.96,23.2,14.43
2021-12-19,0.04,31.76,20.5,28.85
2021-12-20,0.0,31.7,19.06,30.12
2021-12-21,0.0,34.29,21.8,30.14
2021-12-22,0.37,35.21,22.81,28.84
2021-12-23,0.97,36.04,23.6,17.59
2021-12-24,0.12,33.01,20.69,30.57
2021-12-25,0.0,34.17,19.27,31.38
2021-12-26,0.0,36.35,20.35,31.23
2021-12-27,0.08,37.8,21.89,29.94
2021-12-28,1.86,37.17,24.35,24.81
2021-12-29,7.47,29.8,23.27,3.06
2021-12-30,13.22,31.9,20.67,23.77
2021-12-31,5.15,32.63,20.87,26.29
2022-01-01,2.33,33.25,22.36,24.54
2022-01-02,2.22,33.23,22.6,24.63
2022-01-03,4.17,34.11,23.33,25.76
2022-01-04,6.4,29.16,23.83,23.69
2022-01-05,4.3,29.6,23.7,22.43
2022-01-06,7.04,29.91,22.12,23.06
2022-01-07,2.11,32.26,21.39,19.41
2022-01-08,0.05,32.92,20.13,26.22
2022-01-09,0.0,32.29,20.45,24.53
2022-01-10,3.39,32.5,19.34,21.97
2022-01-11,4.84,31.08,20.6,27.35
2022-01-12,14.08,27.9,21.84,23.18
2022-01-13,9.84,30.46,21.92,18.61
2022-01-14,0.54,33.29,21.86,26.36
2022-01-15,0.05,34.18,23.98,26.26
2022-01-16,0.5,31.27,24.16,20.61
2022-01-17,0.12,31.79,22.1,21.84
2022-01-18,8.08,32.34,23.42,13.05
2022-01-19,6.96,31.43,22.2,22.22
2022-01-20,2.77,32.44,22.58,25.97
2022-01-21,2.09,34.17,23.0,26.64
2022-01-22,0.13,36.78,24.25,27.48
2022-01-23,0.58,37.79,24.56,22.47
2022-01-24,2.64,36.82,26.04,26.51
2022-01-25,0.69,36.23,25.47,25.28
2022-01-26,2.53,35.07,25.15,24.52
2022-01-27,5.23,32.93,23.62,21.28
2022-01-28,12.42,29.43,23.65,20.61
2022-01-29,43.61,29.37,23.05,13.94
2022-01-30,32.34,27.35,22.37,14.86
2022-01-31,25.73,27.13,22.06,11.21
2022-02-01,15.73,26.66,21.32,11.53
2022-02-02,12.07,27.34,21.95,12.8
2022-02-03,24.06,26.81,22.1,18.83
2022-02-04,3.19,29.61,22.05,24.71
2022-02-05,7.54,26.6,23.05,20.78
2022-02-06,2.86,28.36,22.95,18.43
2022-02-07,0.45,30.36,22.16,21.64
2022-02-08,0.01,30.3,17.14,27.83
2022-02-09,2.47,29.94,18.84,27.9
2022-02-10,0.0,29.86,19.8,27.15
2022-02-11,2.12,30.35,20.11,25.21
2022-02-12,0.2,31.02,21.63,27.74
2022-02-13,0.0,31.62,20.14,27.43
2022-02-14,0.0,32.97,21.67,28.28
2022-02-15,0.3,33.21,22.28,26.79
2022-02-16,5.44,32.36,22.81,26.76
2022-02-17,5.45,32.2,23.43,27.48
2022-02-18,0.89,30.01,22.69,11.11
2022-02-19,0.06,31.82,21.13,25.21
2022-02-20,0.11,32.11,21.39,25.81
2022-02-21,1.13,32.17,22.13,24.72
2022-02-22,3.82,34.03,22.65,26.86
2022-02-23,1.66,34.52,23.16,23.8
2022-02-24,1.05,33.99,23.93,23.73
2022-02-25,0.82,32.79,23.85,25.31
2022-02-26,1.4,31.81,23.75,23.51
2022-02-27,6.46,33.84,22.56,25.08
2022-02-28,0.09,35.53,23.82,26.6
2022-03-01,3.43,35.27,24.4,20.83
2022-03-02,6.21,29.37,23.8,11.2
2022-03-03,0.23,33.45,21.83,25.48
2022-03-04,1.02,33.14,23.1,23.84
2022-03-05,0.46,33.9,22.7,25.03
2022-03-06,3.63,33.97,23.32,23.81
2022-03-07,0.8,35.68,22.2,25.51
2022-03-08,0.21,36.85,23.31,24.99
2022-03-09,2.07,29.96,25.19,21.14
2022-03-10,1.89,33.74,24.48,23.78
2022-03-11,1.76,36.03,23.35,22.27
2022-03-12,16.03,30.29,22.71,16.82
2022-03-13,11.47,26.59,22.88,19.35
2022-03-14,7.51,30.71,22.31,16.87
2022-03-15,0.31,31.25,22.02,19.9
2022-03-16,0.42,32.42,22.22,21.69
2022-03-17,0.73,32.23,23.67,22.14
2022-03-18,1.13,32.98,23.67,21.71
2022-03-19,8.3,29.58,23.91,12.01
2022-03-20,4.45,29.26,22.72,16.63
2022-03-21,0.58,28.34,19.63,19.38
2022-03-22,0.0,31.77,19.9,24.0
2022-03-23,0.0,32.93,22.01,23.76
2022-03-24,11.56,32.44,22.46,21.64
2022-03-25,6.97,28.89,23.62,13.54
2022-03-26,10.53,29.69,22.82,14.96
2022-03-27,0.73,29.75,22.01,12.57
2022-03-28,1.03,31.3,21.9,19.67
2022-03-29,0.04,32.49,21.46,24.29
2022-03-30,0.49,33.06,22.31,21.08
2022-03-31,11.3,31.05,22.56,16.98
2022-04-01,2.44,29.6,19.8,13.61
2022-04-02,0.0,30.39,20.15,20.42
2022-04-03,0.01,32.28,20.29,22.74
2022-04-04,0.81,33.02,21.99,21.05
2022-04-05,2.21,33.42,22.43,20.05
2022-04-06,0.02,33.73,22.99,22.28
2022-04-07,0.73,34.69,22.79,21.03
2022-04-08,1.02,34.84,22.67,17.35
2022-04-09,0.07,33.88,23.89,20.24
2022-04-10,0.14,34.96,23.31,21.21
2022-04-11,6.12,33.17,23.77,11.51
2022-04-12,1.44,33.52,23.52,19.62
2022-04-13,10.86,30.3,22.77,7.29
2022-04-14,1.53,29.93,21.16,14.54
2022-04-15,0.02,29.26,17.89,21.43
2022-04-16,0.0,27.78,14.77,23.0
2022-04-17,0.0,29.01,13.84,22.49
2022-04-18,0.0,30.65,15.38,21.51
2022-04-19,0.0,32.5,15.97,20.96
2022-04-20,0.0,33.17,17.44,20.38
2022-04-21,0.01,33.62,17.99,20.85
2022-04-22,0.04,34.18,19.36,20.17
2022-04-23,1.19,33.44,20.73,6.9
2022-04-24,0.02,34.36,20.52,19.86
2022-04-25,0.0,35.27,21.2,19.83
2022-04-26,0.12,35.2,21.4,19.35
2022-04-27,0.0,34.81,21.74,19.61
2022-04-28,0.74,33.98,22.3,17.45
2022-04-29,2.12,34.64,21.1,18.66
2022-04-30,3.65,32.53,19.83,15.55
2022-05-01,0.01,33.48,21.78,15.4
2022-05-02,0.09,34.12,22.23,18.81
2022-05-03,1.33,34.84,20.42,18.54
2022-05-04,5.01,24.42,15.11,15.27
2022-05-05,0.09,25.92,12.14,13.48
2022-05-06,0.21,28.24,13.3,20.03
2022-05-07,0.1,28.56,14.18,19.69
2022-05-08,1.07,30.16,13.77,18.75
2022-05-09,0.0,32.11,15.57,18.05
2022-05-10,2.92,31.83,17.37,18.0
2022-05-11,1.74,28.5,19.34,10.48
2022-05-12,0.03,29.6,16.93,16.26
2022-05-13,0.0,30.87,15.82,18.37
2022-05-14,0.93,31.88,16.53,12.37
2022-05-15,13.12,28.67,20.07,9.95
2022-05-16,0.3,24.79,15.47,12.12
2022-05-17,0.0,19.38,9.1,19.16
2022-05-18,0.0,18.54,6.7,18.41
2022-05-19,0.0,20.34,7.26,15.16
2022-05-20,0.0,21.74,7.96,18.83
2022-05-21,0.09,24.2,8.11,17.88
2022-05-22,0.0,25.88,9.23,18.23
2022-05-23,0.0,28.03,13.01,17.74
2022-05-24,0.0,29.75,12.9,17.37
2022-05-25,0.0,29.52,14.37,17.41
2022-05-26,0.0,29.59,14.47,16.72
2022-05-27,0.06,29.85,15.5,14.11
2022-05-28,0.0,31.13,17.96,16.48
2022-05-29,0.0,32.52,17.03,16.59
2022-05-30,1.06,33.45,20.14,14.09
2022-05-31,5.17,28.78,18.39,10.55
2022-06-01,2.99,30.09,18.65,14.01
2022-06-02,0.04,28.34,19.07,14.96
2022-06-03,0.01,28.26,17.36,7.65
2022-06-04,0.01,29.35,16.81,16.19
2022-06-05,0.0,31.25,16.74,16.06
2022-06-06,0.01,31.44,17.05,16.08
2022-06-07,1.28,31.72,19.72,14.95
2022-06-08,2.83,29.04,18.33,7.02
2022-06-09,1.92,28.16,18.64,6.72
2022-06-10,0.5,25.61,19.08,7.55
2022-06-11,0.0,23.49,13.6,13.74
2022-06-12,0.01,21.86,8.4,13.04
2022-06-13,0.0,23.56,8.21,16.93
2022-06-14,0.05,24.13,8.81,12.87
2022-06-15,0.37,29.03,12.49,13.72
2022-06-16,0.02,31.65,15.52,15.99
2022-06-17,0.44,32.07,15.58,15.67
2022-06-18,26.34,22.19,13.72,7.49
2022-06-19,0.11,25.59,10.54,12.47
2022-06-20,0.05,28.24,15.39,14.87
2022-06-21,0.0,30.01,16.45,15.99
2022-06-22,0.0,29.87,16.72,15.93
2022-06-23,0.01,30.34,16.16,16.42
2022-06-24,0.02,29.83,15.02,16.31
2022-06-25,0.0,28.86,14.14,16.56
2022-06-26,0.0,27.12,15.34,15.98
2022-06-27,0.0,27.8,14.27,14.73
2022-06-28,0.01,29.71,15.56,15.85
2022-06-29,0.04,29.12,14.79,16.22
2022-06-30,0.02,28.91,13.38,16.6
2022-07-01,0.02,29.71,15.08,16.24
2022-07-02,0.01,31.71,15.6,16.49
2022-07-03,0.0,32.15,15.94,16.52
2022-07-04,0.02,31.44,14.87,17.03
2022-07-05,0.01,30.16,13.83,17.15
2022-07-06,0.01,29.54,14.42,16.61
2022-07-07,0.0,31.05,15.35,16.79
2022-07-08,0.05,31.23,16.02,14.73
2022-07-09,0.0,30.79,16.75,16.52
2022-07-10,0.87,31.0,15.71,15.3
2022-07-11,0.0,30.98,17.03,16.85
2022-07-12,0.24,28.74,17.6,14.04
2022-07-13,0.25,28.81,16.16,14.74
2022-07-14,0.02,31.32,15.96,15.71
2022-07-15,0.04,32.47,17.61,15.03
2022-07-16,0.0,33.79,18.9,13.75
2022-07-17,0.0,29.72,18.93,15.17
2022-07-18,0.0,33.08,16.83,16.16
2022-07-19,0.0,32.46,17.49,17.37
2022-07-20,0.21,31.75,17.01,17.06
2022-07-21,0.0,32.21,16.58,17.46
2022-07-22,0.0,31.88,16.25,17.41
2022-07-23,0.0,31.93,16.25,17.54
2022-07-24,0.0,32.65,16.44,16.29
2022-07-25,0.01,32.98,17.2,17.82
2022-07-26,0.0,33.03,17.03,18.0
2022-07-27,0.0,32.99,17.11,18.17
2022-07-28,0.01,33.63,16.81,17.95
2022-07-29,0.07,29.83,17.54,16.14
2022-07-30,0.0,28.63,12.11,18.28
2022-07-31,0.0,31.75,14.13,17.48
2022-08-01,0.0,32.53,19.62,17.16
2022-08-02,0.0,34.19,18.52,16.79
2022-08-03,0.0,34.05,18.95,17.32
2022-08-04,0.0,33.52,21.75,14.68
2022-08-05,0.0,32.59,18.95,17.76
2022-08-06,0.0,32.35,20.73,15.59
2022-08-07,3.32,30.42,20.14,7.65
2022-08-08,2.86,30.97,20.2,6.66
2022-08-09,17.38,24.74,15.53,4.55
2022-08-10,0.54,20.93,10.58,20.03
2022-08-11,0.16,23.22,8.51,20.18
2022-08-12,0.05,26.18,10.62,20.66
2022-08-13,0.0,30.29,10.73,20.58
2022-08-14,0.0,32.24,13.76,20.19
2022-08-15,0.0,33.15,16.5,19.9
2022-08-16,0.22,33.94,19.75,12.32
2022-08-17,17.9,29.13,18.03,5.26
2022-08-18,5.59,31.84,16.22,3.46
2022-08-19,0.01,21.53,10.42,18.61
2022-08-20,3.81,19.35,8.97,11.03
2022-08-21,1.47,27.9,13.88,13.05
2022-08-22,0.01,29.23,15.8,20.64
2022-08-23,1.47,29.53,14.48,20.12
2022-08-24,0.06,29.52,15.92,19.72
2022-08-25,0.0,30.11,16.82,17.91
2022-08-26,0.0,31.73,16.49,19.98
2022-08-27,0.0,33.49,17.5,21.55
2022-08-28,1.45,34.72,20.3,20.33
2022-08-29,1.8,27.34,17.14,18.3
2022-08-30,0.97,24.16,13.43,14.88
2022-08-31,0.73,31.52,13.88,20.67
2022-09-01,0.0,33.41,16.31,22.0
2022-09-02,0.01,34.4,18.58,20.24
2022-09-03,0.01,33.88,20.17,19.87
2022-09-04,0.01,28.57,18.76,15.21
2022-09-05,5.09,30.79,16.62,17.18
2022-09-06,5.64,32.23,17.13,15.56
2022-09-07,0.28,34.37,19.68,18.61
2022-09-08,0.0,34.89,20.35,20.45
2022-09-09,0.0,37.41,21.26,20.29
2022-09-10,0.0,34.15,20.53,20.28
2022-09-11,0.38,34.99,19.05,19.12
2022-09-12,0.01,35.74,21.07,18.87
2022-09-13,0.32,36.16,20.98,20.17
2022-09-14,7.67,32.38,18.23,8.62
2022-09-15,0.51,28.9,16.9,8.66
2022-09-16,0.01,30.57,18.18,20.27
2022-09-17,0.03,30.34,15.03,24.64
2022-09-18,3.19,32.63,13.35,24.58
2022-09-19,0.5,37.57,17.45,20.33
2022-09-20,8.02,31.35,21.3,8.68
2022-09-21,7.11,33.74,21.71,5.67
2022-09-22,14.55,26.63,17.98,5.27
2022-09-23,0.0,25.3,11.96,23.21
2022-09-24,0.37,29.21,13.68,22.95
2022-09-25,0.02,33.17,16.64,21.8
2022-09-26,7.59,31.18,21.08,15.3
2022-09-27,22.91,28.06,21.33,7.8
2022-09-28,11.24,26.87,20.1,4.4
2022-09-29,2.3,25.77,16.57,13.26
2022-09-30,1.35,27.52,16.05,9.0
2022-10-01,0.18,30.98,18.82,22.83
2022-10-02,0.03,32.39,19.34,25.22
2022-10-03,0.12,31.28,20.85,23.21
2022-10-04,3.22,32.34,20.76,20.18
2022-10-05,1.69,34.19,21.63,22.83
2022-10-06,26.85,32.36,23.0,18.02
2022-10-07,9.12,26.86,17.66,15.83
2022-10-08,0.01,29.89,14.97,23.27
2022-10-09,0.27,30.11,20.26,7.13
2022-10-10,0.54,27.88,21.77,12.55
2022-10-11,0.62,29.16,21.15,17.11
2022-10-12,8.16,25.91,20.55,10.74
2022-10-13,0.93,31.41,19.89,15.07
2022-10-14,0.03,33.93,19.49,26.36
2022-10-15,0.02,33.78,19.47,24.83
2022-10-16,0.01,34.62,21.23,23.98
2022-10-17,1.21,34.61,21.87,20.37
2022-10-18,1.65,34.51,22.11,10.45
2022-10-19,0.85,33.38,22.5,19.58
2022-10-20,2.56,31.43,22.3,15.46
2022-10-21,32.06,31.21,22.43,12.33
2022-10-22,2.19,31.5,19.19,26.63
2022-10-23,0.0,32.33,18.09,25.86
2022-10-24,0.0,33.97,17.99,28.52
2022-10-25,1.35,33.95,19.06,29.14
2022-10-26,0.0,35.37,18.8,28.58
2022-10-27,7.46,33.9,23.35,10.91
2022-10-28,0.15,34.37,21.9,26.76
2022-10-29,3.0,33.43,23.7,24.2
2022-10-30,1.3,32.23,23.37,24.02
2022-10-31,3.2,33.83,20.81,20.96
2022-11-01,1.05,27.93,15.87,6.02
2022-11-02,0.19,23.44,16.43,11.15
2022-11-03,0.0,25.71,13.89,20.42
2022-11-04,0.0,29.01,13.33,28.7
2022-11-05,0.21,30.18,13.64,28.5
2022-11-06,0.58,30.61,16.1,27.6
2022-11-07,0.0,31.99,16.42,29.03
2022-11-08,3.59,32.48,16.16,26.97
2022-11-09,4.04,34.12,16.87,28.79
2022-11-10,0.21,37.01,18.63,28.37
2022-11-11,17.43,32.86,20.23,11.41
2022-11-12,0.02,33.24,19.52,23.52
2022-11-13,4.75,32.72,22.82,22.69
2022-11-14,0.78,32.85,22.52,21.54
2022-11-15,0.0,33.5,20.38,29.12
2022-11-16,0.0,34.33,16.11,30.04
2022-11-17,0.0,35.39,18.9,30.69
2022-11-18,0.19,36.64,18.25,29.54
2022-11-19,0.1,36.99,21.41,28.67
2022-11-20,0.05,37.28,23.47,29.5
2022-11-21,0.61,36.5,24.25,20.15
2022-11-22,21.21,31.18,24.73,20.12
2022-11-23,12.63,30.11,22.83,23.07
2022-11-24,3.12,32.89,22.14,27.49
2022-11-25,0.02,32.56,21.46,29.62
2022-11-26,0.0,32.41,20.0,30.19
2022-11-27,0.02,34.27,19.4,28.11
2022-11-28,3.1,32.58,20.9,21.39
2022-11-29,5.3,31.62,20.79,22.87
2022-11-30,5.08,33.43,20.12,26.45
2022-12-01,0.5,34.53,22.27,22.52
2022-12-02,5.07,34.86,22.53,22.28
2022-12-03,4.49,31.51,23.16,15.55
2022-12-04,16.65,26.64,23.1,10.54
2022-12-05,8.75,27.4,22.21,19.86
2022-12-06,4.02,32.05,21.82,19.42
2022-12-07,6.6,31.24,23.07,20.19
2022-12-08,1.96,31.08,23.48,25.08
2022-12-09,1.48,34.05,23.15,22.96
2022-12-10,2.75,33.58,23.95,26.01
2022-12-11,6.68,32.76,23.88,22.86
2022-12-12,5.1,30.43,23.67,12.86
2022-12-13,26.45,29.3,23.01,9.13
2022-12-14,2.27,29.94,21.72,24.22
2022-12-15,0.05,31.81,19.63,27.46
2022-12-16,6.18,32.18,20.88,19.43
2022-12-17,4.12,32.04,21.68,27.52
2022-12-18,13.52,30.0,21.82,16.15
2022-12-19,4.33,26.78,21.02,18.98
2022-12-20,0.0,31.63,20.02,24.64
2022-12-21,0.07,31.0,19.88,30.07
2022-12-22,0.03,31.03,19.4,30.57
2022-12-23,0.0,32.25,19.56,30.13
2022-12-24,0.27,34.05,21.1,26.55
2022-12-25,3.35,30.22,22.96,18.36
2022-12-26,4.79,31.87,22.12,20.55
2022-12-27,0.2,34.21,22.08,25.79
2022-12-28,8.05,32.52,23.74,19.44
2022-12-29,2.63,31.48,24.17,21.47
2022-12-30,4.88,32.69,22.34,25.19
2022-12-31,2.69,33.04,23.09,23.72
2023-01-01,1.05,33.21,23.4,22.86
2023-01-02,4.99,34.98,23.35,13.68
2023-01-03,16.01,31.12,23.44,19.31
2023-01-04,11.77,29.39,22.76,10.4
2023-01-05,4.72,28.89,22.04,12.22
2023-01-06,0.31,30.69,19.44,14.48
2023-01-07,0.06,30.32,19.43,14.47
2023-01-08,0.17,31.24,19.48,17.72
2023-01-09,0.34,31.14,22.12,19.8
2023-01-10,4.51,31.18,23.24,19.06
2023-01-11,5.51,28.15,22.16,20.95
2023-01-12,2.16,30.31,22.08,22.44
2023-01-13,7.53,27.94,22.86,19.61
2023-01-14,5.97,30.95,22.15,23.18
2023-01-15,0.37,31.08,22.34,26.22
2023-01-16,7.53,31.0,22.98,23.17
2023-01-17,6.83,29.57,22.06,24.37
2023-01-18,2.38,30.66,22.35,21.39
2023-01-19,2.03,29.93,21.94,24.61
2023-01-20,6.47,30.46,22.4,16.84
2023-01-21,7.19,29.05,22.58,14.86
2023-01-22,4.88,28.61,22.91,16.23
2023-01-23,7.48,29.54,22.59,25.4
2023-01-24,0.89,31.57,21.67,22.75
2023-01-25,3.0,32.4,21.71,26.51
2023-01-26,0.37,33.76,20.74,28.86
2023-01-27,4.56,32.55,22.86,26.59
2023-01-28,4.78,31.62,22.96,21.68
2023-01-29,8.91,30.85,22.39,27.23
2023-01-30,4.52,26.83,22.93,13.69
2023-01-31,6.09,29.9,22.11,17.94
2023-02-01,0.38,29.63,22.64,22.24
2023-02-02,20.78,30.82,21.93,18.6
2023-02-03,6.71,29.32,22.61,15.69
2023-02-04,13.38,30.0,22.65,22.6
2023-02-05,8.56,29.63,21.97,21.36
2023-02-06,6.54,30.89,21.67,21.78
2023-02-07,4.1,29.25,22.0,20.57
2023-02-08,1.96,29.96,21.9,23.65
2023-02-09,7.29,31.03,22.29,23.61
2023-02-10,12.13,27.9,21.9,20.85
2023-02-11,3.9,29.34,21.02,17.18
2023-02-12,7.62,28.59,21.6,16.6
2023-02-13,3.12,29.26,22.39,23.01
2023-02-14,1.49,30.7,22.15,21.02
2023-02-15,8.4,31.42,23.26,18.35
2023-02-16,6.32,29.52,22.79,21.18
2023-02-17,9.06,30.35,23.11,16.28
2023-02-18,0.64,30.42,21.68,18.75
2023-02-19,4.44,27.85,20.4,15.26
2023-02-20,10.86,26.99,19.62,12.05
2023-02-21,9.9,26.73,21.08,15.87
2023-02-22,5.73,30.21,19.99,23.19
2023-02-23,10.59,28.77,22.16,23.1
2023-02-24,8.68,28.43,21.69,11.14
2023-02-25,1.16,30.27,21.4,24.67
2023-02-26,3.11,29.54,22.63,14.09
2023-02-27,0.35,31.37,21.9,24.88
2023-02-28,12.85,29.82,22.74,26.07
2023-03-01,6.85,27.64,22.65,19.36
2023-03-02,9.89,30.07,21.4,26.1
2023-03-03,0.67,30.58,21.33,22.7
2023-03-04,9.28,31.05,22.82,22.62
2023-03-05,8.88,29.8,22.97,20.34
2023-03-06,7.46,31.13,22.72,21.24
2023-03-07,0.94,31.67,22.39,24.06
2023-03-08,0.46,30.2,22.56,24.17
2023-03-09,1.42,28.76,23.27,22.59
2023-03-10,8.01,26.09,22.02,14.86
2023-03-11,6.41,26.48,21.22,15.13
2023-03-12,6.4,28.5,21.64,12.3
2023-03-13,11.57,27.43,21.73,18.16
2023-03-14,29.37,27.51,21.87,16.17
2023-03-15,4.1,26.04,21.92,17.65
2023-03-16,14.13,26.19,21.49,17.48
2023-03-17,2.85,25.81,20.84,14.11
2023-03-18,2.39,26.12,20.71,7.7
2023-03-19,0.77,28.34,20.53,12.91
2023-03-20,1.12,29.45,19.69,18.41
2023-03-21,1.08,30.3,20.13,23.93
2023-03-22,1.46,30.75,21.01,24.39
2023-03-23,0.11,31.29,21.6,23.03
2023-03-24,0.0,31.42,21.99,22.32
2023-03-25,0.0,31.76,22.62,22.83
2023-03-26,0.61,31.81,23.19,21.85
2023-03-27,0.57,31.69,22.86,22.72
2023-03-28,0.11,31.98,22.39,22.87
2023-03-29,0.45,32.18,22.47,22.5
2023-03-30,1.0,30.46,22.76,22.24
2023-03-31,0.82,30.48,23.15,20.55
2023-04-01,0.16,32.74,20.82,23.57
2023-04-02,0.49,32.4,20.7,23.41
2023-04-03,0.44,31.77,20.71,23.23
2023-04-04,0.0,32.41,19.95,23.15
2023-04-05,0.14,32.01,20.5,21.18
2023-04-06,5.36,31.74,21.81,20.56
2023-04-07,3.3,27.88,21.46,13.95
2023-04-08,13.53,27.83,21.23,10.51
2023-04-09,0.28,29.24,20.95,15.81
2023-04-10,0.01,30.54,19.71,20.35
2023-04-11,1.27,30.31,19.17,20.7
2023-04-12,4.22,28.68,21.72,17.02
2023-04-13,6.56,30.16,21.77,18.93
2023-04-14,5.33,29.6,22.23,11.42
2023-04-15,0.0,30.98,21.71,16.85
2023-04-16,0.8,31.29,20.81,20.46
2023-04-17,1.95,32.21,22.0,17.99
2023-04-18,2.12,31.19,22.59,11.6
2023-04-19,24.46,25.99,16.64,19.69
2023-04-20,0.13,25.46,13.69,19.6
2023-04-21,0.51,26.15,13.32,21.85
2023-04-22,4.13,28.74,14.01,20.55
2023-04-23,0.22,28.66,18.21,18.36
2023-04-24,2.49,29.41,19.3,18.48
2023-04-25,18.34,27.76,18.55,10.01
2023-04-26,5.54,28.22,19.22,14.37
2023-04-27,5.2,27.51,18.73,12.72
2023-04-28,1.1,27.66,18.31,17.06
2023-04-29,0.45,28.22,16.9,19.14
2023-04-30,0.93,28.64,16.26,20.35
2023-05-01,0.06,28.74,15.88,20.23
2023-05-02,0.03,28.31,14.66,19.93
2023-05-03,0.27,29.26,17.51,18.01
2023-05-04,1.13,29.96,18.64,17.34
2023-05-05,0.04,30.67,17.75,19.42
2023-05-06,1.53,30.4,18.31,17.61
2023-05-07,0.02,30.61,18.52,17.3
2023-05-08,0.37,30.53,18.86,18.5
2023-05-09,0.79,31.02,20.64,16.0
2023-05-10,0.9,28.76,20.66,13.15
2023-05-11,0.28,29.1,15.77,17.9
2023-05-12,0.07,27.2,11.2,18.26
2023-05-13,0.01,27.18,12.36,18.99
2023-05-14,0.02,27.27,12.07,19.25
2023-05-15,0.01,27.73,11.57,19.45
2023-05-16,0.02,28.3,11.48,19.39
2023-05-17,1.63,27.07,12.73,19.01
2023-05-18,0.01,27.71,11.37,18.93
2023-05-19,0.02,28.2,11.32,18.8
2023-05-20,0.21,28.96,12.05,18.35
2023-05-21,0.0,28.01,12.88,16.1
2023-05-22,0.0,27.98,15.68,13.35
2023-05-23,0.0,29.8,14.62,17.57
2023-05-24,0.02,28.68,14.51,17.72
2023-05-25,0.0,30.06,14.91,17.23
2023-05-26,0.06,29.92,15.69,16.56
2023-05-27,1.41,31.01,16.25,16.13
2023-05-28,1.36,28.16,19.27,5.61
2023-05-29,1.6,27.47,18.85,10.86
2023-05-30,20.46,24.13,16.86,2.41
2023-05-31,0.85,25.64,17.24,9.54
2023-06-01,0.03,26.74,14.74,15.31
2023-06-02,0.04,26.5,14.11,17.16
2023-06-03,0.05,27.48,13.17,17.23
2023-06-04,0.02,28.08,13.12,16.99
2023-06-05,0.01,27.29,13.36,16.82
2023-06-06,0.0,26.74,12.51,16.9
2023-06-07,1.42,27.62,13.35,16.6
2023-06-08,0.3,28.05,14.2,16.56
2023-06-09,0.05,28.75,13.8,16.69
2023-06-10,0.01,29.87,14.98,15.77
2023-06-11,0.0,30.6,15.9,16.02
2023-06-12,2.6,29.66,17.07,6.97
2023-06-13,16.14,22.93,15.85,3.79
2023-06-14,28.27,17.36,13.69,2.64
2023-06-15,34.25,15.19,12.34,2.27
2023-06-16,0.03,18.38,7.89,15.21
2023-06-17,0.02,19.24,6.66,15.61
2023-06-18,0.03,20.64,7.98,16.93
2023-06-19,0.02,22.93,8.43,17.18
2023-06-20,0.02,25.49,9.77,16.75
2023-06-21,0.01,26.34,11.83,16.48
2023-06-22,0.04,25.81,12.76,16.18
2023-06-23,0.01,26.15,13.41,15.4
2023-06-24,0.07,26.19,13.19,15.12
2023-06-25,0.03,27.28,13.26,16.61
2023-06-26,0.08,26.78,12.65,16.64
2023-06-27,0.07,27.07,12.93,16.55
2023-06-28,0.06,27.98,13.63,16.25
2023-06-29,0.38,27.05,14.79,15.77
2023-06-30,0.01,27.16,14.63,16.53
2023-07-01,0.0,27.47,13.55,16.58
2023-07-02,0.01,27.01,13.29,16.79
2023-07-03,0.04,26.2,13.56,16.98
2023-07-04,0.05,26.03,12.71,16.88
2023-07-05,0.03,27.54,12.19,16.74
2023-07-06,0.21,27.27,12.43,16.65
2023-07-07,0.19,27.13,13.51,14.1
2023-07-08,0.0,29.99,16.0,15.59
2023-07-09,0.56,29.32,17.29,12.82
2023-07-10,0.1,30.63,17.03,12.8
2023-07-11,0.0,31.47,15.98,16.42
2023-07-12,0.0,31.59,16.23,15.76
2023-07-13,9.64,24.11,14.76,8.76
2023-07-14,1.91,19.7,8.75,17.98
2023-07-15,1.26,23.8,7.02,17.97
2023-07-16,0.0,26.61,11.55,15.1
2023-07-17,0.0,29.44,15.5,13.4
2023-07-18,0.0,29.27,15.25,15.48
2023-07-19,0.0,29.56,16.24,15.4
2023-07-20,0.0,30.25,15.49,16.19
2023-07-21,0.0,29.77,16.68,17.2
2023-07-22,0.0,28.82,16.39,16.46
2023-07-23,0.0,29.89,16.24,16.33
2023-07-24,0.0,29.67,16.45,17.34
2023-07-25,0.0,29.83,16.48,15.77
2023-07-26,0.01,30.97,18.8,16.44
2023-07-27,0.01,32.42,18.35,17.15
2023-07-28,0.0,32.36,18.24,16.4
2023-07-29,0.15,30.02,16.75,17.19
2023-07-30,0.0,29.37,15.75,18.48
2023-07-31,0.0,30.71,15.22,18.27
2023-08-01,0.0,30.5,14.28,18.84
2023-08-02,0.0,32.34,14.68,18.28
2023-08-03,0.0,32.67,16.02,18.68
2023-08-04,0.0,32.58,15.81,18.59
2023-08-05,0.0,32.72,15.42,18.74
2023-08-06,0.0,33.75,15.77,18.93
2023-08-07,0.0,35.29,18.05,18.21
2023-08-08,0.01,33.32,18.45,18.58
2023-08-09,0.02,33.98,17.4,17.87
2023-08-10,0.0,35.4,18.3,18.98
2023-08-11,0.0,36.8,19.77,17.74
2023-08-12,0.15,36.56,21.96,16.11
2023-08-13,0.19,30.62,20.49,11.34
2023-08-14,0.0,29.95,19.24,11.05
2023-08-15,0.0,30.47,20.09,12.53
2023-08-16,0.0,33.1,20.07,18.18
2023-08-17,0.0,32.87,18.58,19.09
2023-08-18,0.69,35.1,19.51,18.46
2023-08-19,1.18,32.11,18.48,4.63
2023-08-20,1.13,30.69,19.74,11.12
2023-08-21,0.97,32.71,18.73,19.36
2023-08-22,0.0,35.72,19.94,19.31
2023-08-23,0.0,38.32,21.51,19.29
2023-08-24,0.02,38.19,24.25,15.18
2023-08-25,0.01,37.18,23.49,16.71
2023-08-26,1.93,28.44,19.98,7.75
2023-08-27,0.21,20.58,16.84,6.98
2023-08-28,0.11,28.48,15.52,18.76
2023-08-29,1.34,30.63,16.24,12.11
2023-08-30,9.55,28.45,18.38,14.54
2023-08-31,7.5,27.51,19.05,7.1
2023-09-01,1.23,32.64,18.06,20.67
2023-09-02,0.61,36.29,20.51,17.44
2023-09-03,2.78,35.54,23.51,19.25
2023-09-04,1.5,37.05,24.28,19.02
2023-09-05,0.96,32.14,21.25,20.35
2023-09-06,0.02,34.36,20.34,19.6
2023-09-07,0.06,34.0,20.81,20.89
2023-09-08,0.5,36.68,19.39,21.75
2023-09-09,3.98,32.54,21.45,10.07
2023-09-10,0.54,34.11,18.42,21.92
2023-09-11,0.0,36.45,19.99,23.64
2023-09-12,0.02,37.1,20.41,22.13
2023-09-13,0.45,39.22,22.58,20.53
2023-09-14,5.91,22.99,18.05,5.99
2023-09-15,0.0,30.79,13.88,24.05
2023-09-16,0.01,35.61,17.85,24.08
2023-09-17,0.32,38.21,20.99,22.15
2023-09-18,0.18,37.55,22.15,20.78
2023-09-19,0.0,37.86,23.73,23.4
2023-09-20,0.01,39.1,24.08,23.8
2023-09-21,0.0,39.62,24.11,23.62
2023-09-22,0.0,40.74,25.1,23.73
2023-09-23,0.01,41.06,26.11,23.21
2023-09-24,0.0,42.12,26.72,23.46
2023-09-25,0.06,41.3,25.18,22.81
2023-09-26,0.23,40.15,28.38,21.44
2023-09-27,0.19,41.03,27.82,20.91
2023-09-28,0.0,38.6,23.29,21.54
2023-09-29,0.0,37.29,22.76,22.37
2023-09-30,0.33,38.52,24.82,18.94
2023-10-01,3.13,36.13,25.33,19.06
2023-10-02,2.02,36.63,24.63,16.69
2023-10-03,0.02,39.85,26.0,23.61
2023-10-04,1.15,39.7,27.55,17.79
2023-10-05,0.3,40.89,25.47,21.74
2023-10-06,0.37,40.48,27.49,19.41
2023-10-07,19.67,37.33,26.8,13.48
2023-10-08,25.13,35.57,21.26,16.41
2023-10-09,1.2,31.47,19.76,16.7
2023-10-10,0.0,33.94,19.87,25.55
2023-10-11,0.03,37.61,20.54,26.3
2023-10-12,1.48,37.02,26.28,19.14
2023-10-13,0.51,33.41,22.62,21.24
2023-10-14,0.02,34.9,21.51,21.48
2023-10-15,0.04,37.73,22.11,24.93
2023-10-16,0.02,38.66,24.57,25.97
2023-10-17,0.23,38.12,27.4,15.73
2023-10-18,0.87,38.47,24.82,22.63
2023-10-19,5.72,35.98,23.56,23.76
2023-10-20,0.1,36.28,22.72,13.5
2023-10-21,0.0,37.06,23.24,26.31
2023-10-22,0.0,38.71,21.53,27.43
2023-10-23,0.0,41.11,24.43,26.13
2023-10-24,0.26,38.38,26.52,18.54
2023-10-25,16.29,32.94,24.18,18.57
2023-10-26,3.61,34.65,26.06,17.47
2023-10-27,16.79,35.98,24.16,16.1
2023-10-28,9.97,35.54,23.37,15.4
2023-10-29,7.36,34.29,24.44,14.29
2023-10-30,5.51,35.65,23.61,13.34
2023-10-31,2.62,34.15,24.4,14.88
2023-11-01,4.06,31.53,24.67,12.26
2023-11-02,0.06,33.51,22.87,25.54
2023-11-03,4.08,38.29,22.5,22.63
2023-11-04,0.36,30.35,18.12,26.41
2023-11-05,0.0,33.14,14.6,30.55
2023-11-06,0.01,34.65,17.69,30.23
2023-11-07,0.0,37.05,18.61,29.71
2023-11-08,0.16,38.49,23.36,24.37
2023-11-09,1.45,36.66,24.78,22.5
2023-11-10,0.02,39.56,24.58,27.67
2023-11-11,0.0,40.92,23.7,29.99
2023-11-12,0.01,42.09,26.09,27.4
2023-11-13,0.08,42.53,26.66,25.24
2023-11-14,2.47,41.93,25.73,26.48
2023-11-15,0.43,42.06,26.04,15.88
2023-11-16,0.02,43.19,27.43,23.09
2023-11-17,0.02,43.53,28.92,24.15
2023-11-18,0.18,42.75,29.17,22.27
2023-11-19,6.7,41.64,27.03,16.3
2023-11-20,15.83,32.38,23.76,20.47
2023-11-21,0.09,33.91,25.66,22.67
2023-11-22,8.61,33.38,26.39,21.14
2023-11-23,6.17,33.21,24.43,14.55
2023-11-24,14.74,29.22,24.14,15.91
2023-11-25,0.05,32.85,21.31,25.15
2023-11-26,0.03,32.16,21.52,27.55
2023-11-27,0.1,33.02,22.88,22.38
2023-11-28,8.41,31.34,24.0,21.74
2023-11-29,4.95,33.86,22.52,21.65
2023-11-30,2.47,34.6,23.71,23.72
2023-12-01,0.19,36.03,24.92,28.08
2023-12-02,0.54,37.77,25.61,24.94
2023-12-03,1.36,38.07,26.38,25.98
2023-12-04,1.6,35.64,25.89,19.43
2023-12-05,7.24,34.12,24.38,18.31
2023-12-06,2.85,36.11,24.76,27.28
2023-12-07,6.17,36.08,24.55,22.71
2023-12-08,0.01,37.2,24.96,27.73
2023-12-09,0.48,36.97,26.22,28.0
2023-12-10,0.12,38.26,25.07,23.54
2023-12-11,1.98,36.67,23.94,28.76
2023-12-12,0.1,37.59,24.06,26.66
2023-12-13,0.0,39.62,24.04,30.56
2023-12-14,0.01,41.21,24.68,29.72
2023-12-15,0.7,40.39,28.54,26.64
2023-12-16,4.81,39.72,27.36,26.78
2023-12-17,0.02,41.61,26.58,29.5
2023-12-18,0.32,41.67,27.43,28.05
2023-12-19,4.74,36.45,26.53,17.73
2023-12-20,3.08,36.32,25.51,26.24
2023-12-21,2.06,38.24,25.22,24.28
2023-12-22,1.4,37.77,26.29,23.24
2023-12-23,26.89,31.68,25.42,22.06
2023-12-24,0.05,33.93,24.72,27.94
2023-12-25,0.0,36.18,24.69,28.06
2023-12-26,0.02,34.93,25.12,25.81
2023-12-27,0.0,37.24,24.86,28.7
2023-12-28,0.0,39.05,23.53,30.6
2023-12-29,0.0,40.73,24.5,24.82
2023-12-30,1.73,34.63,27.01,19.69
2023-12-31,12.25,33.52,25.05,16.67
2024-01-01,5.11,33.33,25.33,22.47
2024-01-02,0.64,34.46,24.65,21.61
2024-01-03,1.37,33.75,25.77,26.38
2024-01-04,2.09,35.78,25.36,25.59
2024-01-05,3.45,35.82,25.62,25.91
2024-01-06,0.14,37.7,25.61,29.31
2024-01-07,0.07,38.89,25.81,28.54
2024-01-08,8.56,36.91,26.54,28.64
2024-01-09,10.43,35.16,26.01,28.25
2024-01-10,0.55,36.47,25.24,19.39
2024-01-11,4.41,35.52,25.66,23.44
2024-01-12,16.11,28.85,23.79,22.23
2024-01-13,4.45,32.34,24.23,11.76
2024-01-14,8.35,33.14,24.22,22.16
2024-01-15,1.84,32.63,24.15,20.68
2024-01-16,0.02,34.26,24.42,27.57
2024-01-17,0.0,36.74,24.95,24.05
2024-01-18,0.48,36.97,25.9,28.08
2024-01-19,14.74,37.13,26.28,16.92
2024-01-20,6.83,35.96,25.0,16.12
2024-01-21,0.79,35.53,24.57,22.25
2024-01-22,8.36,31.62,24.7,10.56
2024-01-23,2.72,32.44,23.55,16.92
2024-01-24,0.1,33.16,21.67,20.05
2024-01-25,0.02,32.25,20.87,29.3
2024-01-26,0.01,31.69,18.26,29.89
2024-01-27,0.19,32.63,19.29,27.23
2024-01-28,4.47,34.31,24.11,26.98
2024-01-29,0.0,37.16,21.66,28.79
2024-01-30,1.04,38.06,22.43,20.52
2024-01-31,2.32,36.94,23.98,27.18
2024-02-01,0.0,37.74,22.9,29.07
2024-02-02,0.26,37.97,23.39,26.63
2024-02-03,7.12,32.98,23.83,17.02
2024-02-04,0.76,32.77,22.36,17.65
2024-02-05,0.05,33.07,23.39,20.39
2024-02-06,0.57,33.92,24.59,16.63
2024-02-07,6.83,29.37,23.88,17.63
2024-02-08,1.29,33.84,22.5,23.37
2024-02-09,7.57,34.86,24.25,16.2
2024-02-10,2.22,35.69,24.12,25.59
2024-02-11,0.01,36.65,22.99,27.48
2024-02-12,0.03,36.57,25.65,22.42
2024-02-13,1.93,37.43,26.3,25.46
2024-02-14,7.6,36.44,25.99,19.58
2024-02-15,45.1,31.18,25.27,13.87
2024-02-16,4.54,32.19,24.16,22.01
2024-02-17,0.08,33.76,23.74,24.72
2024-02-18,5.64,30.82,23.71,22.12
2024-02-19,7.76,31.85,23.29,19.29
2024-02-20,2.46,32.06,23.08,23.62
2024-02-21,2.52,32.01,23.5,25.71
2024-02-22,0.49,33.49,22.9,24.48
2024-02-23,1.7,34.25,24.87,23.55
2024-02-24,2.21,34.68,24.84,24.15
2024-02-25,1.08,35.24,24.81,25.62
2024-02-26,1.82,35.16,25.29,23.74
2024-02-27,0.16,36.74,25.4,26.88
2024-02-28,0.0,38.93,25.51,26.18
2024-02-29,2.94,38.87,25.9,25.96
2024-03-01,0.95,39.3,25.59,26.13
2024-03-02,0.03,38.16,26.02,25.75
2024-03-03,0.04,39.63,24.98,26.13
2024-03-04,0.03,40.23,23.94,24.93
2024-03-05,2.21,39.05,25.54,22.94
2024-03-06,1.47,36.63,25.56,20.65
2024-03-07,6.99,35.43,26.18,20.25
2024-03-08,2.25,36.42,26.51,20.79
2024-03-09,0.22,37.06,26.91,24.07
2024-03-10,0.59,36.79,27.36,18.95
2024-03-11,1.6,35.05,26.55,21.75
2024-03-12,0.0,38.66,24.61,24.66
2024-03-13,0.03,39.58,25.4,23.77
2024-03-14,0.42,39.96,25.93,24.34
2024-03-15,0.5,39.35,27.41,22.66
2024-03-16,1.36,39.08,27.72,18.6
2024-03-17,1.42,37.81,27.7,18.68
2024-03-18,2.68,37.18,27.06,19.7
2024-03-19,8.76,36.5,27.15,20.97
2024-03-20,1.61,38.54,26.24,22.49
2024-03-21,12.18,33.67,26.24,15.61
2024-03-22,12.12,30.81,23.75,13.05
2024-03-23,0.28,27.22,21.16,7.64
2024-03-24,4.02,29.02,21.02,10.8
2024-03-25,3.21,31.42,21.0,14.52
2024-03-26,4.7,28.32,22.89,13.33
2024-03-27,2.16,27.43,21.79,7.36
2024-03-28,2.68,30.86,20.38,12.58
2024-03-29,5.73,30.26,21.76,15.72
2024-03-30,3.16,31.57,23.13,18.25
2024-03-31,2.11,31.08,24.05,16.82
2024-04-01,6.32,31.3,23.59,18.2
2024-04-02,4.44,32.02,23.79,17.33
2024-04-03,0.01,32.83,22.99,22.19
2024-04-04,0.12,33.81,23.46,19.14
2024-04-05,0.29,34.4,25.31,20.52
2024-04-06,0.01,34.73,24.51,20.64
2024-04-07,1.68,33.84,22.39,18.27
2024-04-08,5.63,31.8,24.28,16.98
2024-04-09,1.16,32.6,23.81,16.08
2024-04-10,0.08,33.36,22.71,19.61
2024-04-11,7.18,32.6,23.2,17.37
2024-04-12,1.55,31.99,23.02,14.66
2024-04-13,12.75,30.39,23.76,14.57
2024-04-14,38.72,26.17,23.06,11.08
2024-04-15,1.72,27.12,22.24,15.98
2024-04-16,3.56,29.06,22.66,14.34
2024-04-17,1.01,29.98,22.39,15.99
2024-04-18,0.02,28.75,17.58,19.4
2024-04-19,0.0,28.82,18.3,21.66
2024-04-20,0.03,30.65,15.57,21.29
2024-04-21,0.02,31.58,19.07,20.81
2024-04-22,0.04,31.37,19.67,21.3
2024-04-23,0.0,31.69,19.45,20.87
2024-04-24,0.0,32.51,19.81,19.54
2024-04-25,0.02,33.56,21.15,20.25
2024-04-26,0.0,34.77,20.92,20.18
2024-04-27,0.01,34.43,21.77,19.61
2024-04-28,0.01,34.83,21.39,18.86
2024-04-29,0.0,35.33,21.41,19.92
2024-04-30,0.0,35.47,21.58,19.28
2024-05-01,0.0,35.62,22.51,19.15
2024-05-02,0.0,35.75,21.3,18.96
2024-05-03,0.0,35.03,21.92,17.33
2024-05-04,0.0,34.78,21.5,18.85
2024-05-05,0.01,35.41,20.26,19.77
2024-05-06,0.0,34.59,19.29,19.28
2024-05-07,0.23,34.82,21.63,18.58
2024-05-08,0.02,34.8,21.46,19.0
2024-05-09,0.0,35.11,21.77,18.44
2024-05-10,0.04,34.98,20.35,18.92
2024-05-11,0.0,35.04,19.56,18.69
2024-05-12,0.0,35.11,18.79,18.99
2024-05-13,0.0,35.0,18.9,18.25
2024-05-14,0.01,32.4,20.96,14.65
2024-05-15,0.01,32.58,19.18,17.15
2024-05-16,0.0,34.06,19.93,18.29
2024-05-17,0.0,35.84,21.36,17.91
2024-05-18,0.05,35.3,22.63,17.41
2024-05-19,0.15,32.37,20.58,16.05
2024-05-20,0.0,32.04,18.47,15.34
2024-05-21,0.0,34.08,19.73,16.55
2024-05-22,0.0,34.34,19.35,17.52
2024-05-23,0.02,34.08,19.78,17.31
2024-05-24,4.34,30.43,19.8,5.68
2024-05-25,3.66,25.18,16.18,7.13
2024-05-26,7.87,23.94,15.61,4.63
2024-05-27,0.31,28.06,15.84,6.01
2024-05-28,0.07,23.16,12.54,5.16
2024-05-29,0.0,23.28,9.4,16.78
2024-05-30,0.0,26.25,10.49,17.2
2024-05-31,0.0,26.67,10.85,17.74
2024-06-01,0.0,29.8,11.68,17.06
2024-06-02,0.0,30.72,15.63,15.82
2024-06-03,0.01,31.22,16.49,15.12
2024-06-04,0.02,30.07,17.27,16.04
2024-06-05,0.01,30.74,16.22,16.05
2024-06-06,0.09,31.52,15.93,16.01
2024-06-07,0.0,31.67,16.39,16.33
2024-06-08,0.02,32.3,16.88,16.34
2024-06-09,0.01,32.56,17.05,16.21
2024-06-10,0.01,32.17,16.94,16.88
2024-06-11,0.02,32.1,16.86,16.65
2024-06-12,0.04,32.35,16.07,16.59
2024-06-13,0.0,32.12,16.71,16.71
2024-06-14,0.0,32.07,17.73,15.54
2024-06-15,0.0,32.88,18.17,16.21
2024-06-16,0.01,32.38,18.6,16.37
2024-06-17,0.0,32.35,17.82,16.42
2024-06-18,0.0,31.31,16.29,16.57
2024-06-19,0.0,31.9,16.8,16.42
2024-06-20,0.05,32.25,16.97,16.58
2024-06-21,0.01,31.8,16.28,15.26
2024-06-22,0.0,32.12,18.0,14.63
2024-06-23,0.0,32.94,18.36,15.36
2024-06-24,0.0,33.93,18.95,14.92
2024-06-25,0.0,33.96,19.99,15.65
2024-06-26,0.0,33.87,19.48,14.41
2024-06-27,0.01,30.32,18.46,12.52
2024-06-28,0.01,32.39,18.49,11.76
2024-06-29,0.01,32.75,19.85,14.17
2024-06-30,1.06,25.03,16.77,8.69
2024-07-01,4.1,25.85,15.23,6.07
2024-07-02,0.38,30.35,15.54,15.99
2024-07-03,0.05,31.14,16.4,14.46
2024-07-04,0.01,31.61,16.8,16.3
2024-07-05,0.01,31.65,16.24,11.15
2024-07-06,0.01,31.99,17.7,16.28
2024-07-07,0.0,33.17,18.22,14.36
2024-07-08,0.38,27.65,17.63,8.52
2024-07-09,2.08,24.04,16.06,5.71
2024-07-10,0.46,23.99,14.44,8.27
2024-07-11,0.0,31.32,14.07,14.47
2024-07-12,0.01,28.8,16.49,11.49
2024-07-13,0.0,30.98,17.6,15.32
2024-07-14,0.02,28.13,15.19,10.6
2024-07-15,0.01,28.59,13.46,13.89
2024-07-16,0.04,30.31,15.58,16.93
2024-07-17,0.0,30.98,15.94,17.14
2024-07-18,0.0,31.51,15.97,17.23
2024-07-19,0.0,31.44,16.02,17.41
2024-07-20,0.0,31.27,13.97,17.84
2024-07-21,0.0,31.74,14.16,17.86
2024-07-22,0.0,31.9,14.25,17.91
2024-07-23,0.0,31.68,14.47,18.27
2024-07-24,0.04,32.77,14.58,18.1
2024-07-25,0.0,32.06,15.19,18.15
2024-07-26,0.0,31.84,17.01,17.6
2024-07-27,0.0,33.24,16.03,16.82
2024-07-28,0.0,34.59,17.82,17.97
2024-07-29,0.0,34.28,18.24,17.65
2024-07-30,0.0,29.01,17.07,14.15
2024-07-31,0.0,33.29,15.5,17.19
2024-08-01,0.0,32.96,20.11,16.42
2024-08-02,0.0,32.34,18.71,17.31
2024-08-03,0.0,32.09,20.48,17.75
2024-08-04,0.0,32.58,19.21,17.31
2024-08-05,0.05,33.78,19.03,18.39
2024-08-06,0.0,33.36,19.75,18.55
2024-08-07,0.03,34.23,19.46,18.75
2024-08-08,0.37,34.76,18.96,11.79
2024-08-09,11.05,22.37,11.68,1.61
2024-08-10,1.31,21.18,7.66,19.96
2024-08-11,0.09,24.93,8.08,20.3
2024-08-12,0.03,25.5,8.18,17.44
2024-08-13,0.3,26.34,6.89,18.04
2024-08-14,0.0,29.14,12.33,17.99
2024-08-15,0.0,34.5,12.88,19.62
2024-08-16,0.12,35.58,15.91,19.53
2024-08-17,0.03,36.01,17.23,20.19
2024-08-18,0.0,36.49,17.77,20.54
2024-08-19,0.0,36.88,18.09,20.49
2024-08-20,0.03,36.81,19.37,20.46
2024-08-21,0.47,36.21,17.98,20.62
2024-08-22,0.0,36.48,17.88,20.86
2024-08-23,0.0,37.69,20.41,18.06
2024-08-24,5.2,28.41,15.89,12.0
2024-08-25,0.71,22.04,12.97,2.73
2024-08-26,0.0,25.12,8.07,20.8
2024-08-27,0.04,28.61,10.09,22.07
2024-08-28,0.0,32.25,11.9,21.56
2024-08-29,0.54,34.87,14.89,21.78
2024-08-30,0.39,35.02,17.42,22.33
2024-08-31,0.01,36.14,16.71,22.29
2024-09-01,0.02,37.31,18.59,22.32
2024-09-02,0.82,36.27,17.08,21.61
2024-09-03,0.0,38.09,19.1,22.67
2024-09-04,0.0,38.48,19.22,21.87
2024-09-05,0.65,35.99,19.15,16.48
2024-09-06,0.0,35.8,19.34,15.54
2024-09-07,0.97,38.14,20.43,18.69
2024-09-08,0.3,38.24,21.26,18.05
2024-09-09,0.01,37.23,21.02,18.43
2024-09-10,0.0,36.71,21.64,22.09
2024-09-11,0.01,37.62,19.03,23.44
2024-09-12,0.0,38.01,21.67,23.51
2024-09-13,0.0,38.44,21.22,22.84
2024-09-14,0.0,38.15,22.15,10.23
2024-09-15,0.51,36.35,22.31,13.81
2024-09-16,4.65,30.89,19.57,5.88
2024-09-17,0.16,32.35,16.9,21.66
2024-09-18,0.02,35.19,17.13,21.27
2024-09-19,0.03,39.51,20.84,21.22
2024-09-20,1.62,40.04,22.83,21.14
2024-09-21,1.66,34.69,22.36,10.69
2024-09-22,0.03,36.18,23.51,13.76
2024-09-23,0.0,39.35,23.54,16.7
2024-09-24,0.0,40.52,23.66,21.69
2024-09-25,0.01,41.57,23.34,23.35
2024-09-26,0.07,41.07,24.85,19.95
2024-09-27,7.19,31.28,22.79,7.84
2024-09-28,0.0,34.6,18.47,17.91
2024-09-29,0.0,37.12,19.5,23.6
2024-09-30,0.0,39.57,22.06,24.69
2024-10-01,0.0,39.8,24.06,23.19
2024-10-02,0.06,40.27,27.43,18.97
2024-10-03,0.06,39.99,26.08,14.55
2024-10-04,0.0,36.53,23.23,16.97
2024-10-05,0.0,37.76,19.38,24.73
2024-10-06,0.0,39.58,20.12,26.98
2024-10-07,0.0,41.15,21.45,24.9
2024-10-08,0.0,41.78,22.29,22.27
2024-10-09,4.91,40.99,25.71,8.52
2024-10-10,4.52,32.97,23.28,3.78
2024-10-11,4.99,37.28,23.97,11.74
2024-10-12,0.4,34.91,20.35,21.79
2024-10-13,0.23,36.79,21.25,26.01
2024-10-14,5.62,38.75,21.17,23.61
2024-10-15,5.25,30.88,23.45,23.19
2024-10-16,1.24,35.9,22.97,24.47
2024-10-17,0.0,37.83,24.53,23.74
2024-10-18,0.21,36.53,25.55,10.75
2024-10-19,22.84,31.97,22.11,12.77
2024-10-20,16.36,26.83,19.71,6.23
2024-10-21,0.42,29.91,22.44,13.52
2024-10-22,1.5,29.64,22.59,14.5
2024-10-23,2.01,31.05,22.32,17.85
2024-10-24,0.66,35.05,23.25,20.46
2024-10-25,8.87,34.19,25.24,18.59
2024-10-26,9.26,29.07,25.2,8.32
2024-10-27,0.01,33.16,22.98,14.76
2024-10-28,0.2,31.68,21.2,14.22
2024-10-29,0.03,34.53,23.02,25.7
2024-10-30,0.01,35.1,21.75,28.17
2024-10-31,0.0,35.3,21.5,24.87
2024-11-01,8.73,30.93,23.55,18.44
2024-11-02,11.2,29.1,22.96,10.08
2024-11-03,2.77,28.01,22.9,9.05
2024-11-04,27.04,30.54,22.12,16.25
2024-11-05,15.48,30.71,22.51,19.58
2024-11-06,17.93,30.11,23.23,18.39
2024-11-07,12.19,27.78,23.39,10.18
2024-11-08,4.58,29.84,22.51,14.22
2024-11-09,0.26,31.54,22.51,25.36
2024-11-10,0.01,31.34,21.49,27.99
2024-11-11,0.0,33.83,20.01,28.19
2024-11-12,0.1,33.33,22.57,19.3
2024-11-13,0.06,31.83,19.9,21.7
2024-11-14,0.0,32.57,20.51,25.36
2024-11-15,3.23,33.41,20.95,24.14
2024-11-16,6.33,32.12,23.09,22.32
2024-11-17,0.06,32.84,23.49,23.11
2024-11-18,0.0,34.23,23.4,27.07
2024-11-19,0.12,35.13,22.72,23.62
2024-11-20,1.23,34.66,25.02,16.45
2024-11-21,27.28,29.64,24.81,14.95
2024-11-22,0.68,30.69,21.63,17.29
2024-11-23,0.0,33.57,22.66,25.14
2024-11-24,0.0,33.5,20.95,30.14
2024-11-25,0.0,34.09,20.68,28.21
2024-11-26,0.25,35.82,23.1,29.27
2024-11-27,2.17,35.94,23.24,24.22
2024-11-28,19.96,31.56,25.62,23.56
2024-11-29,18.4,31.73,24.28,11.49
2024-11-30,3.76,33.65,23.87,25.22
2024-12-01,0.25,32.17,24.5,21.01
2024-12-02,25.61,28.23,24.71,14.1
2024-12-03,22.63,29.09,23.73,17.21
2024-12-04,11.74,30.73,22.78,15.53
2024-12-05,3.5,31.39,21.45,18.75
2024-12-06,1.24,31.03,23.48,22.81
2024-12-07,2.07,33.41,23.9,27.71
2024-12-08,12.49,30.19,24.78,16.42
2024-12-09,4.38,33.49,23.31,19.68
2024-12-10,1.3,31.53,24.41,21.05
2024-12-11,1.01,31.49,23.43,25.16
2024-12-12,0.09,32.77,20.97,25.24
2024-12-13,13.79,31.03,21.19,19.9
2024-12-14,16.37,28.46,22.9,11.73
2024-12-15,2.36,31.22,22.28,22.14
2024-12-16,0.03,31.12,19.96,27.17
2024-12-17,0.04,32.75,19.18,28.37
2024-12-18,0.0,33.28,20.73,29.03
2024-12-19,0.25,31.44,23.91,12.32
2024-12-20,10.15,32.14,23.78,18.75
2024-12-21,10.72,31.96,24.25,19.87
2024-12-22,3.15,30.23,23.35,19.6
2024-12-23,0.18,32.34,23.29,28.78
2024-12-24,0.26,32.86,22.42,24.91
2024-12-25,11.05,28.61,23.36,13.67
2024-12-26,8.36,29.45,22.61,16.37
2024-12-27,5.37,32.07,22.51,19.16
2024-12-28,0.62,33.26,23.4,25.57
2024-12-29,0.0,33.84,20.41,30.16
2024-12-30,0.16,33.45,21.51,27.27
2024-12-31,0.15,33.21,23.31,29.03
2025-01-01,3.3,34.4,23.26,21.11
2025-01-02,2.35,35.88,23.07,21.29
2025-01-03,1.62,34.41,24.21,20.13
2025-01-04,0.72,34.1,23.77,22.99
2025-01-05,0.01,36.8,21.98,28.35
2025-01-06,0.04,38.02,24.36,25.6
2025-01-07,0.03,38.44,24.58,27.16
2025-01-08,0.23,37.72,25.21,25.66
2025-01-09,1.43,37.12,24.74,28.41
2025-01-10,0.01,37.82,23.83,28.74
2025-01-11,5.8,39.39,23.48,26.03
2025-01-12,2.28,36.6,25.12,22.71
2025-01-13,0.08,36.59,24.11,23.65
2025-01-14,0.0,36.56,22.85,29.4
2025-01-15,0.0,37.49,22.28,25.28
2025-01-16,4.85,36.67,24.69,13.77
2025-01-17,6.92,29.46,24.53,17.93
2025-01-18,0.28,32.09,23.95,21.1
2025-01-19,1.4,34.94,24.61,25.66
2025-01-20,4.88,34.99,24.47,24.61
2025-01-21,0.41,35.71,23.84,27.29
2025-01-22,0.05,37.74,24.22,27.42
2025-01-23,0.26,38.47,25.87,20.72
2025-01-24,0.15,38.89,24.83,27.43
2025-01-25,1.01,38.99,26.32,24.58
2025-01-26,3.94,36.53,25.56,23.02
2025-01-27,22.14,29.32,24.84,18.65
2025-01-28,3.83,32.74,23.77,22.95
2025-01-29,0.65,32.51,24.91,25.39
2025-01-30,1.19,33.3,24.47,24.29
2025-01-31,12.27,30.93,23.93,12.68
2025-02-01,6.36,27.97,22.87,24.78
2025-02-02,6.42,28.92,22.67,20.52
2025-02-03,20.81,28.77,23.07,10.52
2025-02-04,16.53,28.34,22.76,16.52
2025-02-05,2.95,27.2,22.69,8.28
2025-02-06,3.45,28.6,21.98,17.47
2025-02-07,4.23,30.76,21.07,26.34
2025-02-08,0.75,31.2,21.33,26.38
2025-02-09,0.24,31.85,22.03,28.23
2025-02-10,2.61,31.45,21.47,23.44
2025-02-11,1.36,32.54,20.36,24.64
2025-02-12,0.33,30.02,22.38,21.73
2025-02-13,3.56,29.86,21.63,20.83
2025-02-14,0.59,32.78,21.38,22.38
2025-02-15,0.22,34.78,23.07,25.05
2025-02-16,0.05,35.64,24.45,26.68
2025-02-17,0.15,36.13,24.85,26.0
2025-02-18,0.65,36.45,24.22,23.82
2025-02-19,1.58,36.43,23.6,20.23
2025-02-20,0.04,38.49,25.85,26.47
2025-02-21,0.01,38.78,25.38,24.78
2025-02-22,0.22,37.47,26.7,25.19
2025-02-23,2.57,33.35,25.31,20.94
2025-02-24,0.45,36.16,24.79,18.42
2025-02-25,1.03,31.38,24.85,19.26
2025-02-26,2.0,35.13,24.41,20.7
2025-02-27,0.14,37.38,23.47,22.78
2025-02-28,0.02,38.41,24.32,25.51
2025-03-01,0.0,38.4,24.75,26.98
2025-03-02,0.0,35.21,23.33,21.24
2025-03-03,0.0,36.91,22.96,21.57
2025-03-04,0.59,38.07,25.35,23.67
2025-03-05,0.49,36.57,24.97,24.8
2025-03-06,0.11,37.14,25.62,25.64
2025-03-07,0.0,37.36,23.2,25.47
2025-03-08,0.0,37.54,23.38,24.94
2025-03-09,0.0,37.86,25.54,25.8
2025-03-10,0.68,37.61,24.96,23.49
2025-03-11,8.96,31.78,24.82,15.81
2025-03-12,0.02,36.77,23.02,22.61
2025-03-13,0.14,34.96,24.16,16.54
2025-03-14,0.0,37.79,23.82,23.22
2025-03-15,0.02,38.67,24.48,23.4
2025-03-16,0.64,38.51,24.56,23.26
2025-03-17,11.38,35.52,24.8,19.2
2025-03-18,4.27,35.22,24.03,19.68
2025-03-19,2.62,34.73,23.06,17.29
2025-03-20,0.05,34.7,23.01,24.23
2025-03-21,0.0,35.1,20.48,25.6
2025-03-22,0.01,35.92,20.76,21.27
2025-03-23,1.37,35.06,24.34,20.26
2025-03-24,1.4,35.52,24.58,20.81
2025-03-25,0.59,35.68,24.51,22.73
2025-03-26,2.04,35.67,25.01,20.76
2025-03-27,0.02,37.24,23.88,22.08
2025-03-28,0.0,38.04,24.56,22.07
2025-03-29,0.7,37.79,26.09,19.27
2025-03-30,3.95,36.96,24.7,20.05
2025-03-31,19.48,28.41,23.86,9.99
