data,PRECTOTCORR,T2M_MAX,T2M_MIN,ALLSKY_SFC_SW_DWN
2013-10-01,19.18,28.31,17.31,13.98
2013-10-02,5.65,26.44,17.53,12.22
2013-10-03,22.33,26.38,16.1,6.3
2013-10-04,2.79,25.5,18.31,9.21
2013-10-05,0.04,26.88,13.6,20.01
2013-10-06,0.01,24.93,11.85,25.72
2013-10-07,0.03,23.79,12.14,18.7
2013-10-08,0.0,23.82,12.1,23.89
2013-10-09,0.0,26.84,13.79,23.98
2013-10-10,0.0,27.69,12.7,23.12
2013-10-11,0.0,27.95,13.74,21.86
2013-10-12,0.13,27.07,16.06,11.92
2013-10-13,0.01,30.88,13.86,22.16
2013-10-14,0.23,29.73,20.42,17.73
2013-10-15,10.68,26.84,18.52,16.47
2013-10-16,10.42,23.73,17.16,4.19
2013-10-17,1.76,27.72,16.06,13.2
2013-10-18,5.14,28.29,17.66,14.84
2013-10-19,0.17,29.65,15.38,25.64
2013-10-20,0.0,31.83,15.14,28.72
2013-10-21,2.64,33.39,17.51,26.53
2013-10-22,3.28,29.4,19.6,17.88
2013-10-23,6.18,27.23,18.19,23.14
2013-10-24,16.04,29.65,20.53,23.5
2013-10-25,4.44,27.87,18.22,16.31
2013-10-26,0.31,30.29,17.94,24.94
2013-10-27,5.9,31.92,16.84,17.9
2013-10-28,0.22,26.35,13.35,24.9
2013-10-29,0.3,27.52,10.27,25.77
2013-10-30,0.6,28.7,14.03,23.68
2013-10-31,0.4,29.03,15.5,19.14
2013-11-01,0.01,29.15,14.83,19.82
2013-11-02,0.0,31.25,14.85,24.18
2013-11-03,4.15,31.98,16.69,27.72
2013-11-04,9.73,26.35,16.9,5.74
2013-11-05,0.53,24.76,15.38,14.23
2013-11-06,7.28,21.78,15.63,9.28
2013-11-07,1.13,24.73,14.74,12.81
2013-11-08,0.01,28.95,15.55,24.66
2013-11-09,0.01,31.96,15.89,28.17
2013-11-10,0.71,34.51,17.05,28.92
2013-11-11,0.43,34.29,18.31,27.87
2013-11-12,0.03,28.97,20.69,20.75
2013-11-13,0.0,31.32,16.83,29.48
2013-11-14,0.0,32.15,13.77,31.56
2013-11-15,0.95,32.95,15.31,29.71
2013-11-16,4.77,33.14,19.39,16.2
2013-11-17,4.34,27.85,16.23,14.27
2013-11-18,0.41,30.67,15.45,19.48
2013-11-19,3.11,32.53,17.38,26.0
2013-11-20,2.13,32.36,19.64,25.82
2013-11-21,12.62,27.46,21.01,19.98
2013-11-22,14.01,25.94,17.35,9.03
2013-11-23,2.45,25.6,16.7,12.15
2013-11-24,7.51,23.7,17.55,12.29
2013-11-25,4.81,22.01,17.96,7.04
2013-11-26,1.93,29.06,17.28,18.16
2013-11-27,1.13,30.37,17.08,20.54
2013-11-28,0.98,34.09,17.64,28.36
2013-11-29,3.42,32.5,19.44,25.64
2013-11-30,0.99,30.54,19.79,18.73
2013-12-01,1.5,30.76,19.89,18.7
2013-12-02,3.84,28.77,19.58,23.18
2013-12-03,0.11,33.75,19.77,29.14
2013-12-04,0.0,35.89,18.97,29.4
2013-12-05,7.42,31.92,21.92,23.97
2013-12-06,0.0,31.85,20.53,23.63
2013-12-07,3.38,30.25,19.1,23.85
2013-12-08,2.74,33.2,19.39,22.76
2013-12-09,5.08,32.94,20.07,26.93
2013-12-10,8.63,29.4,21.37,10.99
2013-12-11,1.54,29.32,18.08,15.38
2013-12-12,0.08,30.29,17.32,19.54
2013-12-13,0.01,31.43,16.15,25.86
2013-12-14,0.01,33.68,17.56,25.05
2013-12-15,0.17,33.12,19.27,28.46
2013-12-16,0.23,33.19,17.98,28.6
2013-12-17,0.03,32.2,16.66,28.6
2013-12-18,0.02,32.79,15.15,27.75
2013-12-19,0.01,32.35,16.13,24.33
2013-12-20,0.19,32.52,18.91,25.68
2013-12-21,0.54,32.43,18.09,25.85
2013-12-22,0.05,32.11,18.68,25.33
2013-12-23,3.61,29.12,19.22,17.91
2013-12-24,0.84,29.92,18.67,17.91
2013-12-25,5.97,32.54,20.26,20.75
2013-12-26,0.77,35.95,21.2,26.21
2013-12-27,0.41,32.78,22.2,28.3
2013-12-28,9.19,30.43,21.67,15.96
2013-12-29,10.23,30.42,21.28,18.09
2013-12-30,8.02,27.84,21.6,19.07
2013-12-31,2.84,30.65,21.64,19.42
2014-01-01,13.87,31.21,21.93,17.94
2014-01-02,0.67,30.45,21.82,22.63
2014-01-03,0.78,33.18,22.02,27.39
2014-01-04,0.59,32.45,21.23,22.28
2014-01-05,8.52,29.51,20.48,22.41
2014-01-06,0.65,29.53,20.37,24.54
2014-01-07,0.11,32.75,19.11,27.73
2014-01-08,2.14,30.84,20.35,27.62
2014-01-09,0.24,29.42,21.22,21.59
2014-01-10,0.58,30.26,19.16,26.12
2014-01-11,2.8,32.61,20.23,26.17
2014-01-12,11.21,29.51,21.72,23.65
2014-01-13,10.49,26.94,20.61,14.1
2014-01-14,9.75,29.41,20.32,25.87
2014-01-15,2.41,32.13,19.87,23.29
2014-01-16,5.62,26.95,19.82,12.44
2014-01-17,4.71,30.02,18.58,24.47
2014-01-18,0.16,31.61,18.73,28.54
2014-01-19,0.0,32.65,17.69,28.21
2014-01-20,0.09,34.4,18.45,29.51
2014-01-21,0.19,33.76,20.15,27.2
2014-01-22,4.23,31.6,21.3,26.27
2014-01-23,1.7,31.17,20.66,25.4
2014-01-24,14.51,32.68,20.43,24.72
2014-01-25,0.04,32.76,21.58,26.3
2014-01-26,3.28,34.29,21.02,27.55
2014-01-27,4.81,33.57,20.95,27.69
2014-01-28,0.66,34.18,20.46,28.81
2014-01-29,0.01,34.98,20.64,29.83
2014-01-30,0.0,35.94,19.63,28.62
2014-01-31,0.0,36.86,20.41,28.47
2014-02-01,0.0,36.78,20.7,29.92
2014-02-02,0.0,35.75,21.76,27.51
2014-02-03,0.0,36.35,24.29,26.54
2014-02-04,0.0,37.32,21.85,24.0
2014-02-05,0.48,37.43,23.34,26.5
2014-02-06,0.09,38.06,21.54,28.36
2014-02-07,2.75,37.06,22.4,28.94
2014-02-08,1.51,37.31,23.02,27.56
2014-02-09,1.36,37.2,21.51,25.23
2014-02-10,0.49,37.46,21.3,26.75
2014-02-11,0.0,36.4,20.42,26.04
2014-02-12,2.34,29.73,23.22,23.37
2014-02-13,4.25,32.73,21.59,24.4
2014-02-14,5.03,33.43,20.02,19.9
2014-02-15,6.02,24.76,19.94,10.9
2014-02-16,5.44,30.09,19.39,14.48
2014-02-17,0.18,29.96,18.76,19.23
2014-02-18,0.01,32.04,18.38,24.94
2014-02-19,0.39,32.84,18.1,28.11
2014-02-20,0.33,33.54,18.1,25.58
2014-02-21,0.4,31.31,19.08,20.9
2014-02-22,4.04,30.63,22.21,19.63
2014-02-23,10.51,29.33,20.9,18.07
2014-02-24,3.97,26.73,20.6,11.95
2014-02-25,3.32,32.29,17.92,16.77
2014-02-26,0.0,33.94,19.74,26.35
2014-02-27,7.11,33.9,21.16,23.02
2014-02-28,10.83,29.62,20.79,17.86
2014-03-01,0.37,30.68,20.72,18.57
2014-03-02,0.52,30.52,20.25,21.82
2014-03-03,0.99,30.41,19.0,19.02
2014-03-04,9.78,30.03,20.85,18.41
2014-03-05,6.88,27.54,20.66,7.06
2014-03-06,1.87,31.97,21.0,17.47
2014-03-07,8.74,28.86,19.53,18.87
2014-03-08,2.05,30.69,18.25,18.74
2014-03-09,0.03,32.14,18.62,23.8
2014-03-10,0.29,32.99,18.78,24.22
2014-03-11,8.91,29.9,20.88,17.54
2014-03-12,11.68,26.06,20.51,10.04
2014-03-13,1.11,27.37,19.36,15.1
2014-03-14,0.32,31.61,20.45,23.84
2014-03-15,0.05,33.92,21.12,24.55
2014-03-16,0.13,34.05,20.96,23.54
2014-03-17,0.26,33.86,21.24,23.73
2014-03-18,2.08,34.47,20.57,22.75
2014-03-19,1.26,32.96,20.08,22.54
2014-03-20,8.02,30.63,21.58,17.03
2014-03-21,13.87,27.7,21.23,13.23
2014-03-22,0.91,30.84,20.79,13.88
2014-03-23,0.05,28.16,17.59,12.49
2014-03-24,0.03,29.26,16.58,17.51
2014-03-25,0.03,29.53,17.5,22.07
2014-03-26,0.0,29.7,17.03,18.66
2014-03-27,0.02,30.73,18.45,21.88
2014-03-28,0.05,31.31,18.02,21.43
2014-03-29,0.92,30.86,18.79,20.67
2014-03-30,4.29,26.75,20.19,12.25
2014-03-31,9.91,27.18,20.0,13.11
2014-04-01,2.48,31.74,20.02,17.09
2014-04-02,0.06,31.39,19.84,18.73
2014-04-03,0.01,31.62,18.94,18.0
2014-04-04,0.0,31.24,19.03,14.41
2014-04-05,0.0,31.39,19.09,23.01
2014-04-06,0.0,33.25,17.2,22.02
2014-04-07,0.0,33.68,17.96,21.16
2014-04-08,0.02,33.6,18.58,21.6
2014-04-09,5.46,30.81,21.68,13.28
2014-04-10,0.02,32.06,20.33,12.41
2014-04-11,2.39,31.52,19.67,17.79
2014-04-12,29.69,25.8,21.72,16.37
2014-04-13,3.16,28.34,20.21,11.34
2014-04-14,3.71,21.76,16.67,8.82
2014-04-15,11.96,21.22,16.32,7.27
2014-04-16,1.13,26.6,16.42,12.69
2014-04-17,0.02,28.7,17.05,16.99
2014-04-18,0.0,29.69,16.69,19.55
2014-04-19,0.88,30.45,16.85,18.26
2014-04-20,0.11,30.03,18.6,14.52
2014-04-21,2.4,28.27,17.54,18.17
2014-04-22,2.47,27.35,18.61,5.89
2014-04-23,3.25,27.36,18.16,10.53
2014-04-24,0.05,26.06,17.6,10.95
2014-04-25,0.0,26.49,15.64,16.64
2014-04-26,0.0,25.33,14.5,15.94
2014-04-27,0.0,25.25,13.33,17.57
2014-04-28,0.0,25.55,13.35,15.78
2014-04-29,0.0,26.02,12.28,19.31
2014-04-30,0.0,27.19,11.21,14.87
2014-05-01,0.11,26.85,13.06,10.33
2014-05-02,0.0,29.01,14.73,16.06
2014-05-03,0.0,27.9,15.46,16.97
2014-05-04,0.0,29.42,14.46,18.41
2014-05-05,0.0,29.5,14.4,16.99
2014-05-06,0.0,28.92,15.59,15.23
2014-05-07,0.01,30.17,16.91,15.13
2014-05-08,0.0,30.03,17.53,16.4
2014-05-09,0.01,28.23,15.5,10.58
2014-05-10,0.02,25.4,14.25,15.15
2014-05-11,0.01,25.85,13.46,14.76
2014-05-12,0.0,26.79,12.17,17.53
2014-05-13,0.0,27.64,12.4,16.21
2014-05-14,0.0,27.58,14.06,12.35
2014-05-15,0.0,28.2,13.73,15.07
2014-05-16,0.0,29.69,14.63,13.79
2014-05-17,0.0,27.8,15.41,14.57
2014-05-18,0.64,27.59,16.49,12.26
2014-05-19,0.04,28.02,15.01,14.62
2014-05-20,0.02,28.15,14.45,16.7
2014-05-21,0.0,28.91,13.75,14.74
2014-05-22,24.64,27.32,16.0,7.82
2014-05-23,11.19,23.19,18.25,5.11
2014-05-24,3.08,20.6,14.28,4.86
2014-05-25,2.64,19.96,13.73,3.02
2014-05-26,0.89,22.46,10.86,7.76
2014-05-27,0.05,21.16,10.37,8.5
2014-05-28,0.08,22.41,10.77,8.7
2014-05-29,0.0,23.3,12.8,12.06
2014-05-30,0.03,24.23,12.62,16.1
2014-05-31,0.02,25.76,11.33,15.47
2014-06-01,0.75,20.45,14.98,8.17
2014-06-02,0.41,24.19,10.27,13.09
2014-06-03,0.04,21.8,7.85,16.86
2014-06-04,0.02,23.34,8.18,16.77
2014-06-05,0.04,28.3,12.51,11.47
2014-06-06,8.82,25.03,16.14,2.25
2014-06-07,0.0,28.98,16.06,12.11
2014-06-08,0.0,28.9,16.43,13.95
2014-06-09,0.02,26.93,16.22,11.51
2014-06-10,0.06,24.25,15.3,8.45
2014-06-11,0.0,25.56,14.51,11.41
2014-06-12,0.0,27.25,13.99,14.76
2014-06-13,0.0,27.31,14.9,14.86
2014-06-14,0.0,27.65,13.6,12.34
2014-06-15,0.0,26.2,15.75,10.43
2014-06-16,0.02,27.74,14.9,13.88
2014-06-17,0.06,28.07,14.76,14.41
2014-06-18,2.06,27.46,13.96,12.12
2014-06-19,1.3,20.52,12.6,9.14
2014-06-20,0.02,22.76,10.43,8.46
2014-06-21,0.05,24.18,11.35,8.89
2014-06-22,0.04,25.96,12.95,13.28
2014-06-23,0.01,26.77,13.48,13.24
2014-06-24,0.0,27.76,12.11,14.64
2014-06-25,0.0,27.89,12.34,13.72
2014-06-26,0.0,28.24,13.14,14.09
2014-06-27,0.0,29.09,14.1,14.05
2014-06-28,0.1,28.61,13.77,11.16
2014-06-29,0.16,22.14,12.07,7.05
2014-06-30,0.0,23.28,8.88,16.29
2014-07-01,0.0,24.78,6.72,16.03
2014-07-02,0.0,28.1,12.38,13.94
2014-07-03,0.0,30.38,13.61,14.83
2014-07-04,0.0,30.44,14.54,14.68
2014-07-05,0.0,29.45,14.19,14.65
2014-07-06,0.0,27.75,13.44,14.4
2014-07-07,0.6,23.23,13.92,5.91
2014-07-08,2.53,23.63,14.58,8.26
2014-07-09,4.04,22.27,13.73,8.36
2014-07-10,2.16,22.94,13.76,6.75
2014-07-11,0.02,23.04,11.67,9.49
2014-07-12,0.01,24.45,12.6,12.67
2014-07-13,0.0,25.37,12.67,15.74
2014-07-14,0.0,24.9,11.9,15.06
2014-07-15,0.0,25.17,11.95,15.14
2014-07-16,0.0,26.44,12.17,15.29
2014-07-17,0.28,28.8,12.32,15.87
2014-07-18,1.02,24.3,14.14,9.06
2014-07-19,0.01,22.27,9.87,17.2
2014-07-20,0.0,23.17,7.89,17.37
2014-07-21,0.06,25.03,8.79,17.08
2014-07-22,0.0,28.64,10.36,16.64
2014-07-23,0.0,29.22,11.95,17.09
2014-07-24,6.6,28.04,13.72,3.92
2014-07-25,2.07,22.0,11.8,6.92
2014-07-26,0.1,23.11,11.75,6.46
2014-07-27,0.36,20.29,13.68,6.73
2014-07-28,0.0,23.06,12.85,7.66
2014-07-29,0.0,25.23,13.81,14.13
2014-07-30,0.0,25.96,11.88,17.39
2014-07-31,0.0,26.73,11.11,17.86
2014-08-01,0.02,29.33,11.31,17.96
2014-08-02,0.17,30.21,13.99,17.84
2014-08-03,0.0,30.78,14.41,18.06
2014-08-04,0.0,31.26,13.17,18.22
2014-08-05,0.0,24.83,10.5,16.87
2014-08-06,0.0,26.51,8.6,19.46
2014-08-07,0.0,29.23,8.79,18.82
2014-08-08,0.6,27.48,11.89,12.23
2014-08-09,0.0,26.55,12.76,11.78
2014-08-10,0.0,26.41,13.51,15.68
2014-08-11,0.0,29.87,11.3,19.18
2014-08-12,0.0,32.24,13.01,18.51
2014-08-13,5.87,20.82,10.13,3.52
2014-08-14,0.29,21.49,8.59,9.29
2014-08-15,0.79,24.94,11.38,12.08
2014-08-16,2.06,27.66,13.89,11.16
2014-08-17,3.93,25.1,15.31,10.46
2014-08-18,0.19,28.16,13.62,14.99
2014-08-19,0.0,27.68,13.8,18.59
2014-08-20,0.0,28.94,11.85,20.56
2014-08-21,0.0,30.63,13.16,20.8
2014-08-22,0.0,32.0,13.22,20.73
2014-08-23,0.0,32.07,12.28,20.77
2014-08-24,0.0,32.22,13.04,20.05
2014-08-25,0.0,33.23,13.11,21.1
2014-08-26,0.83,29.34,15.69,12.28
2014-08-27,0.0,29.27,13.77,20.37
2014-08-28,0.01,28.43,12.44,15.86
2014-08-29,0.0,27.27,11.65,16.01
2014-08-30,0.0,30.79,11.24,21.19
2014-08-31,4.78,33.75,13.35,16.87
2014-09-01,3.66,30.91,17.38,15.73
2014-09-02,6.48,32.21,16.06,20.21
2014-09-03,2.41,29.53,16.93,13.71
2014-09-04,0.02,25.63,14.06,14.85
2014-09-05,0.0,26.75,13.06,20.27
2014-09-06,0.0,29.78,10.94,22.01
2014-09-07,0.0,31.44,12.93,18.37
2014-09-08,0.0,32.23,16.62,21.83
2014-09-09,0.0,32.84,15.01,23.39
2014-09-10,0.0,33.74,14.31,23.94
2014-09-11,0.0,35.56,16.13,22.6
2014-09-12,0.0,33.78,16.24,22.79
2014-09-13,0.0,32.59,14.53,24.03
2014-09-14,0.0,34.6,14.79,23.95
2014-09-15,0.02,34.74,16.53,17.79
2014-09-16,0.01,32.74,16.99,17.47
2014-09-17,0.0,31.9,14.38,20.67
2014-09-18,0.43,34.42,14.42,18.72
2014-09-19,8.28,32.62,17.16,8.79
2014-09-20,4.17,31.45,19.35,6.33
2014-09-21,1.86,30.42,16.24,18.52
2014-09-22,0.03,27.74,13.07,22.35
2014-09-23,0.0,32.74,12.29,25.69
2014-09-24,5.69,35.07,16.84,17.79
2014-09-25,13.0,30.44,17.14,11.54
2014-09-26,17.68,26.37,20.25,5.53
2014-09-27,2.07,24.32,17.85,7.33
2014-09-28,1.34,29.77,16.9,15.53
2014-09-29,2.09,30.87,18.62,14.58
2014-09-30,1.37,32.79,19.71,17.82
2014-10-01,1.02,32.79,18.84,15.14
2014-10-02,0.07,26.07,14.28,15.1
2014-10-03,0.02,26.34,13.2,21.4
2014-10-04,0.0,26.18,11.3,18.31
2014-10-05,0.0,26.37,11.38,23.91
2014-10-06,0.0,28.98,10.78,26.42
2014-10-07,0.0,30.2,13.03,18.08
2014-10-08,0.0,32.04,13.37,25.34
2014-10-09,0.0,34.63,13.51,27.49
2014-10-10,0.0,36.68,15.54,27.3
2014-10-11,0.0,37.21,17.46,26.32
2014-10-12,0.0,37.92,17.45,26.66
2014-10-13,0.0,38.88,18.79,24.81
2014-10-14,0.0,39.38,18.93,22.15
2014-10-15,0.0,37.39,19.24,20.98
2014-10-16,0.0,39.04,18.35,24.22
2014-10-17,0.01,39.12,20.14,24.61
2014-10-18,0.01,39.67,19.11,22.6
2014-10-19,3.28,38.47,21.98,23.96
2014-10-20,0.0,33.06,19.14,12.6
2014-10-21,0.0,29.36,15.76,18.15
2014-10-22,0.0,30.41,15.5,21.53
2014-10-23,0.01,33.47,15.69,25.24
2014-10-24,3.87,35.03,17.38,23.6
2014-10-25,3.43,26.9,18.94,13.13
2014-10-26,6.87,31.76,18.27,18.57
2014-10-27,0.25,32.82,17.16,28.91
2014-10-28,0.0,32.04,13.05,30.48
2014-10-29,0.0,34.68,13.88,29.83
2014-10-30,0.0,36.95,17.72,27.37
2014-10-31,4.52,35.67,20.33,24.81
2014-11-01,2.61,32.37,21.52,18.52
2014-11-02,8.27,30.79,21.55,19.77
2014-11-03,8.83,28.87,19.8,19.27
2014-11-04,19.22,26.97,20.93,12.77
2014-11-05,5.4,30.47,18.36,9.82
2014-11-06,1.02,32.57,17.51,24.83
2014-11-07,12.12,29.87,18.78,17.4
2014-11-08,6.57,27.35,18.84,13.48
2014-11-09,0.45,30.1,17.92,24.13
2014-11-10,0.0,31.14,15.63,30.9
2014-11-11,0.0,32.36,12.34,30.52
2014-11-12,5.22,28.54,16.25,12.13
2014-11-13,5.53,31.69,19.5,21.17
2014-11-14,0.59,28.71,16.17,15.61
2014-11-15,0.01,28.95,15.11,26.54
2014-11-16,0.0,30.74,14.01,30.58
2014-11-17,0.0,31.27,11.67,31.17
2014-11-18,0.42,32.65,12.99,30.38
2014-11-19,0.52,34.11,14.84,27.55
2014-11-20,0.51,29.73,20.38,11.83
2014-11-21,2.47,34.09,19.36,23.73
2014-11-22,5.45,28.31,20.96,10.35
2014-11-23,2.14,31.48,20.27,14.54
2014-11-24,9.57,31.38,19.22,17.75
2014-11-25,17.2,27.23,20.2,21.49
2014-11-26,13.19,29.21,20.52,17.95
2014-11-27,1.91,29.22,20.18,20.14
2014-11-28,0.15,31.44,17.95,23.15
2014-11-29,0.17,30.61,18.2,17.72
2014-11-30,3.08,30.94,18.94,21.06
2014-12-01,4.07,32.16,19.11,21.58
2014-12-02,0.55,32.04,18.88,24.85
2014-12-03,0.64,32.04,20.8,24.31
2014-12-04,2.48,32.04,18.4,9.51
2014-12-05,0.06,31.32,16.87,17.99
2014-12-06,4.26,32.3,16.28,27.33
2014-12-07,1.06,33.28,20.01,28.41
2014-12-08,1.63,25.5,20.79,22.35
2014-12-09,3.42,26.49,19.92,20.82
2014-12-10,11.16,27.35,19.71,13.6
2014-12-11,9.43,25.93,19.66,19.9
2014-12-12,22.5,29.29,19.88,21.07
2014-12-13,17.18,23.98,19.97,9.02
2014-12-14,1.69,30.48,18.07,18.49
2014-12-15,0.12,29.31,15.49,29.33
2014-12-16,0.0,30.64,13.99,28.92
2014-12-17,0.0,32.51,16.21,28.08
2014-12-18,0.27,34.28,18.68,27.95
2014-12-19,26.37,31.88,21.35,21.44
2014-12-20,1.98,30.96,21.63,26.07
2014-12-21,6.18,28.28,22.22,20.08
2014-12-22,14.66,26.68,21.82,15.29
2014-12-23,25.66,27.2,17.92,10.08
2014-12-24,0.68,27.27,17.34,16.72
2014-12-25,10.05,31.06,18.09,23.16
2014-12-26,0.32,31.69,20.28,29.05
2014-12-27,0.0,34.46,20.51,28.61
2014-12-28,4.0,33.78,22.19,28.88
2014-12-29,18.89,29.16,21.35,19.7
2014-12-30,3.67,32.44,20.32,22.13
2014-12-31,1.18,28.3,21.61,22.28
2015-01-01,2.96,30.2,20.28,26.6
2015-01-02,4.57,28.33,22.29,23.75
2015-01-03,3.27,30.02,21.22,22.65
2015-01-04,1.72,29.75,20.88,13.11
2015-01-05,18.07,27.18,20.79,21.6
2015-01-06,5.84,30.17,19.75,23.37
2015-01-07,6.34,32.23,20.38,28.23
2015-01-08,7.42,32.38,20.87,29.75
2015-01-09,0.44,33.58,21.23,29.46
2015-01-10,11.83,34.35,21.72,28.83
2015-01-11,3.64,33.67,21.2,28.59
2015-01-12,0.55,33.19,22.76,25.11
2015-01-13,0.27,33.63,21.56,28.69
2015-01-14,0.53,29.14,21.69,20.67
2015-01-15,0.66,30.24,21.05,25.98
2015-01-16,0.13,32.73,21.17,29.06
2015-01-17,0.03,35.99,21.36,28.62
2015-01-18,0.0,36.6,21.65,27.06
2015-01-19,0.83,37.49,21.19,29.4
2015-01-20,6.34,36.63,20.38,28.59
2015-01-21,4.02,33.56,21.58,21.78
2015-01-22,4.44,29.85,20.29,20.23
2015-01-23,0.29,29.83,19.23,20.84
2015-01-24,1.18,31.63,19.07,25.91
2015-01-25,7.89,28.79,20.58,28.04
2015-01-26,13.36,27.28,20.53,23.09
2015-01-27,7.07,28.66,19.79,22.32
2015-01-28,11.01,28.76,20.41,18.35
2015-01-29,1.76,30.0,20.95,16.59
2015-01-30,0.66,28.95,20.67,17.2
2015-01-31,7.05,31.05,19.6,19.64
2015-02-01,0.96,32.16,19.35,20.7
2015-02-02,8.2,30.4,19.5,20.17
2015-02-03,4.43,31.88,17.73,28.16
2015-02-04,10.34,25.99,20.35,12.46
2015-02-05,13.59,28.16,19.3,9.24
2015-02-06,7.69,28.74,17.72,18.79
2015-02-07,1.4,30.54,17.53,26.39
2015-02-08,2.58,31.3,18.0,27.04
2015-02-09,3.57,31.69,18.93,20.99
2015-02-10,8.77,28.23,20.8,19.56
2015-02-11,0.57,29.63,20.96,19.78
2015-02-12,1.75,29.39,22.06,24.68
2015-02-13,0.92,31.88,22.08,15.75
2015-02-14,2.16,28.13,20.96,20.15
2015-02-15,3.76,28.35,19.64,15.06
2015-02-16,1.14,28.3,18.22,13.18
2015-02-17,14.71,26.27,19.96,11.33
2015-02-18,15.77,27.2,19.93,10.63
2015-02-19,8.05,28.25,19.97,15.76
2015-02-20,3.75,27.73,20.13,13.21
2015-02-21,0.04,30.38,20.05,23.92
2015-02-22,0.01,31.09,19.75,26.55
2015-02-23,0.07,31.78,19.95,25.46
2015-02-24,2.53,29.3,20.92,21.57
2015-02-25,11.27,26.83,19.26,18.55
2015-02-26,0.8,31.97,20.48,25.56
2015-02-27,2.08,31.9,19.75,23.08
2015-02-28,2.39,28.65,19.7,17.0
2015-03-01,0.08,29.71,18.12,22.8
2015-03-02,0.0,30.94,17.67,26.18
2015-03-03,0.0,31.98,17.8,24.04
2015-03-04,3.53,32.14,19.38,24.83
2015-03-05,8.52,32.38,19.62,23.74
2015-03-06,11.14,27.03,21.11,15.46
2015-03-07,9.13,25.23,20.39,10.79
2015-03-08,13.09,27.85,20.57,8.42
2015-03-09,5.0,24.04,19.74,8.75
2015-03-10,6.6,29.12,19.83,14.92
2015-03-11,3.1,30.08,19.36,17.85
2015-03-12,3.91,28.99,19.81,15.28
2015-03-13,3.65,26.34,20.07,14.58
2015-03-14,6.88,25.8,19.52,11.65
2015-03-15,3.71,26.7,18.39,15.98
2015-03-16,3.81,29.86,19.26,17.07
2015-03-17,0.93,27.37,19.33,16.83
2015-03-18,2.29,23.74,19.4,10.28
2015-03-19,4.19,24.72,18.79,9.87
2015-03-20,9.35,26.2,18.15,15.69
2015-03-21,11.78,25.08,17.44,10.9
2015-03-22,1.52,28.01,18.32,13.26
2015-03-23,0.71,26.95,17.49,18.22
2015-03-24,0.0,28.34,16.71,20.83
2015-03-25,0.0,27.65,15.99,22.3
2015-03-26,0.0,30.7,16.65,22.36
2015-03-27,2.4,29.41,18.81,20.69
2015-03-28,3.78,30.01,19.02,16.99
2015-03-29,8.19,29.4,19.06,11.64
2015-03-30,3.65,28.95,18.66,8.41
2015-03-31,1.64,29.77,19.2,18.49
2015-04-01,0.0,30.06,17.83,20.3
2015-04-02,0.0,29.04,17.82,23.05
2015-04-03,0.0,28.58,15.67,21.27
2015-04-04,8.35,29.66,17.1,18.89
2015-04-05,3.11,29.04,19.66,11.0
2015-04-06,0.94,28.76,17.48,17.06
2015-04-07,0.04,25.14,14.99,13.16
2015-04-08,0.0,26.54,13.85,17.91
2015-04-09,0.0,27.92,15.52,18.39
2015-04-10,0.0,28.84,16.24,18.75
2015-04-11,0.0,28.85,16.04,20.31
2015-04-12,0.0,29.5,16.23,20.26
2015-04-13,0.0,29.14,16.72,18.21
2015-04-14,0.02,29.66,17.41,17.37
2015-04-15,2.67,28.29,18.18,14.4
2015-04-16,6.5,29.11,19.28,12.43
2015-04-17,0.82,28.45,17.24,18.74
2015-04-18,1.56,29.29,18.35,14.92
2015-04-19,17.98,27.78,19.85,10.89
2015-04-20,1.18,30.49,19.65,17.17
2015-04-21,5.43,28.12,19.74,13.66
2015-04-22,2.25,28.23,18.21,9.0
2015-04-23,0.03,27.89,17.42,12.8
2015-04-24,0.0,29.68,17.35,16.59
2015-04-25,0.0,26.61,15.06,18.23
2015-04-26,0.01,26.7,14.75,14.92
2015-04-27,0.0,27.64,15.44,18.45
2015-04-28,0.0,27.94,15.97,17.6
2015-04-29,0.03,25.6,16.34,14.63
2015-04-30,0.01,25.49,14.71,12.64
2015-05-01,0.0,26.29,13.36,17.9
2015-05-02,0.0,27.33,13.68,17.51
2015-05-03,1.16,28.18,15.82,13.46
2015-05-04,8.87,25.67,17.77,6.01
2015-05-05,0.53,25.43,16.27,11.88
2015-05-06,0.02,26.3,14.59,10.09
2015-05-07,0.08,25.27,13.8,14.43
2015-05-08,0.02,23.13,13.41,14.14
2015-05-09,0.0,27.15,12.31,17.99
2015-05-10,5.62,26.3,14.82,4.46
2015-05-11,7.73,24.73,15.41,6.47
2015-05-12,0.25,24.27,13.13,13.08
2015-05-13,0.08,23.64,14.47,12.08
2015-05-14,0.0,24.55,15.2,13.82
2015-05-15,0.0,23.05,14.8,11.46
2015-05-16,0.0,24.67,12.71,16.15
2015-05-17,0.02,25.17,14.28,13.69
2015-05-18,0.11,24.21,16.11,7.75
2015-05-19,0.18,23.23,16.06,8.89
2015-05-20,3.26,21.7,16.46,12.68
2015-05-21,0.23,25.81,15.55,14.42
2015-05-22,0.0,26.98,15.56,15.77
2015-05-23,0.0,24.58,14.95,14.11
2015-05-24,0.08,28.29,14.23,13.86
2015-05-25,1.21,29.29,16.06,13.7
2015-05-26,0.62,28.6,17.98,9.51
2015-05-27,0.11,29.08,17.64,14.92
2015-05-28,7.29,20.95,15.99,2.95
2015-05-29,1.02,23.96,12.5,12.28
2015-05-30,1.3,23.87,10.74,11.03
2015-05-31,31.06,20.25,13.67,4.22
2015-06-01,0.25,23.53,13.88,6.54
2015-06-02,0.01,19.89,14.08,4.12
2015-06-03,0.0,24.25,13.22,11.74
2015-06-04,0.0,25.99,14.11,14.94
2015-06-05,0.01,25.76,14.19,15.9
2015-06-06,0.02,26.16,12.25,15.67
2015-06-07,0.01,26.96,14.15,13.86
2015-06-08,0.0,27.11,13.12,14.96
2015-06-09,0.0,26.75,13.12,15.44
2015-06-10,0.0,27.1,12.92,15.43
2015-06-11,0.0,27.67,14.07,15.66
2015-06-12,0.14,25.15,15.96,7.28
2015-06-13,0.03,27.68,14.48,15.09
2015-06-14,0.04,28.01,14.91,14.26
2015-06-15,3.66,20.19,12.63,2.95
2015-06-16,0.16,21.68,10.99,13.23
2015-06-17,0.0,28.06,13.1,9.6
2015-06-18,0.21,28.69,15.36,13.15
2015-06-19,1.38,17.69,12.53,8.94
2015-06-20,0.21,22.65,11.5,14.37
2015-06-21,0.0,25.14,12.21,15.28
2015-06-22,0.01,25.91,11.82,15.27
2015-06-23,0.0,26.03,12.08,13.36
2015-06-24,0.02,21.3,13.35,8.71
2015-06-25,0.0,21.79,12.65,11.59
2015-06-26,0.0,23.13,11.94,14.51
2015-06-27,0.0,23.04,11.1,15.8
2015-06-28,0.02,23.06,8.64,15.28
2015-06-29,0.0,24.68,9.45,14.94
2015-06-30,0.16,24.58,12.68,13.26
2015-07-01,5.22,23.16,13.93,6.0
2015-07-02,11.37,22.7,14.74,5.84
2015-07-03,2.15,25.07,14.63,3.36
2015-07-04,9.58,21.0,11.84,4.16
2015-07-05,0.76,17.87,9.96,5.1
2015-07-06,0.55,23.38,11.86,12.41
2015-07-07,9.58,20.74,15.28,5.44
2015-07-08,9.61,22.04,14.95,3.37
2015-07-09,0.42,22.66,13.08,10.49
2015-07-10,2.74,25.35,12.23,14.83
2015-07-11,0.69,26.48,12.83,4.87
2015-07-12,0.63,27.95,13.29,13.64
2015-07-13,0.09,28.27,15.6,14.36
2015-07-14,0.0,27.97,14.0,14.99
2015-07-15,0.0,28.09,15.49,12.1
2015-07-16,0.0,26.75,16.32,8.62
2015-07-17,0.3,21.03,15.05,8.96
2015-07-18,0.02,25.6,13.56,14.29
2015-07-19,0.0,27.07,12.48,16.42
2015-07-20,0.0,26.7,12.07,13.77
2015-07-21,0.08,24.9,13.73,6.04
2015-07-22,0.01,20.34,12.55,9.87
2015-07-23,0.0,22.91,12.87,11.16
2015-07-24,1.37,27.19,14.16,13.3
2015-07-25,2.92,21.98,14.56,5.43
2015-07-26,0.02,25.91,12.04,15.29
2015-07-27,0.06,24.72,10.4,16.88
2015-07-28,0.0,26.61,9.1,17.49
2015-07-29,0.0,26.75,9.32,17.85
2015-07-30,0.0,27.26,10.25,18.2
2015-07-31,0.0,27.95,11.43,17.24
2015-08-01,0.0,28.2,13.22,17.74
2015-08-02,0.0,28.59,11.62,17.76
2015-08-03,0.0,29.39,12.29,18.05
2015-08-04,0.0,29.05,14.87,17.66
2015-08-05,0.0,28.74,12.94,16.06
2015-08-06,0.0,29.16,12.4,16.35
2015-08-07,0.0,30.17,12.2,18.04
2015-08-08,0.0,30.27,12.98,18.21
2015-08-09,0.0,29.08,14.46,16.75
2015-08-10,0.0,29.21,14.63,18.21
2015-08-11,0.0,29.35,14.47,18.8
2015-08-12,0.0,28.13,13.48,19.12
2015-08-13,0.0,29.4,13.11,19.48
2015-08-14,0.0,28.54,13.36,19.38
2015-08-15,0.0,29.1,13.5,17.58
2015-08-16,0.0,29.64,13.36,17.27
2015-08-17,0.0,29.89,14.13,18.89
2015-08-18,0.0,26.72,15.64,10.72
2015-08-19,0.49,29.43,14.27,18.17
2015-08-20,0.01,25.64,12.13,14.46
2015-08-21,0.0,26.01,13.15,16.43
2015-08-22,0.01,28.47,13.3,19.67
2015-08-23,0.04,30.85,14.21,19.2
2015-08-24,8.53,23.12,15.12,8.65
2015-08-25,5.64,25.06,13.49,6.51
2015-08-26,0.99,28.86,14.25,17.28
2015-08-27,8.64,27.43,15.61,4.17
2015-08-28,0.58,26.68,13.38,18.67
2015-08-29,1.29,28.38,11.74,21.64
2015-08-30,0.0,32.66,12.07,21.92
2015-08-31,0.0,33.54,15.99,22.03
2015-09-01,0.0,33.3,14.97,20.58
2015-09-02,0.01,28.05,14.41,15.91
2015-09-03,0.0,32.16,13.35,16.05
2015-09-04,0.36,31.02,15.03,7.88
2015-09-05,0.32,24.83,14.97,14.14
2015-09-06,0.3,28.39,13.69,10.43
2015-09-07,21.58,26.76,17.92,8.71
2015-09-08,12.94,27.75,17.51,2.38
2015-09-09,20.39,25.92,16.9,14.35
2015-09-10,19.27,23.83,15.41,11.83
2015-09-11,25.1,27.2,16.46,9.0
2015-09-12,8.02,22.81,13.59,8.69
2015-09-13,0.19,23.88,12.17,16.34
2015-09-14,0.01,25.3,11.41,21.26
2015-09-15,0.0,30.71,13.65,21.72
2015-09-16,0.0,33.48,16.84,22.71
2015-09-17,0.08,34.15,18.31,18.64
2015-09-18,0.02,35.66,18.62,23.2
2015-09-19,0.0,35.42,19.61,23.8
2015-09-20,0.01,34.47,17.12,24.15
2015-09-21,0.0,34.2,16.8,24.39
2015-09-22,0.0,34.97,15.8,24.9
2015-09-23,0.0,35.35,15.63,25.12
2015-09-24,0.0,37.44,19.34,24.22
2015-09-25,3.01,36.39,20.84,12.43
2015-09-26,10.44,28.25,19.05,8.84
2015-09-27,4.03,31.86,18.19,18.88
2015-09-28,9.39,27.64,18.95,10.34
2015-09-29,5.19,27.24,17.58,15.74
2015-09-30,11.02,29.88,17.56,15.08
2015-10-01,2.32,30.46,18.43,14.58
2015-10-02,0.59,33.84,18.27,21.94
2015-10-03,2.73,27.81,19.76,8.37
2015-10-04,0.29,27.89,18.09,12.36
2015-10-05,0.0,29.3,15.08,19.53
2015-10-06,0.0,30.44,13.95,22.81
2015-10-07,0.0,34.75,15.48,26.09
2015-10-08,2.57,35.92,18.08,25.97
2015-10-09,11.3,34.24,20.07,17.14
2015-10-10,5.46,28.84,20.45,12.12
2015-10-11,0.28,29.3,18.7,14.04
2015-10-12,0.39,29.68,19.18,17.63
2015-10-13,1.44,30.16,18.01,18.53
2015-10-14,0.0,35.99,17.14,23.14
2015-10-15,0.0,37.15,19.68,26.78
2015-10-16,0.01,37.96,21.77,21.77
2015-10-17,0.25,36.22,18.52,21.2
2015-10-18,0.04,30.36,16.32,16.09
2015-10-19,0.07,33.79,15.0,21.58
2015-10-20,0.06,38.18,16.8,23.63
2015-10-21,0.13,38.43,21.33,18.96
2015-10-22,12.95,33.02,22.17,12.05
2015-10-23,3.77,30.87,19.03,15.46
2015-10-24,0.15,29.3,16.87,19.62
2015-10-25,2.98,29.81,16.13,19.53
2015-10-26,19.13,30.1,16.88,18.56
2015-10-27,4.76,30.56,19.16,15.69
2015-10-28,3.24,29.03,18.72,13.36
2015-10-29,0.06,30.87,17.87,22.37
2015-10-30,0.04,32.17,16.68,26.44
2015-10-31,12.97,28.83,20.01,10.81
2015-11-01,30.0,25.51,19.31,7.7
2015-11-02,18.65,28.26,18.64,10.43
2015-11-03,15.72,25.54,18.38,12.09
2015-11-04,26.93,26.06,20.45,12.76
2015-11-05,2.8,29.61,19.69,12.35
2015-11-06,2.74,25.6,17.19,11.92
2015-11-07,0.43,28.08,16.2,12.86
2015-11-08,1.86,28.91,17.36,13.3
2015-11-09,2.36,30.45,19.58,18.76
2015-11-10,2.81,32.88,20.99,23.98
2015-11-11,0.91,31.62,20.35,22.78
2015-11-12,0.02,31.89,20.99,23.37
2015-11-13,14.14,30.91,20.97,16.49
2015-11-14,10.19,30.63,21.71,22.18
2015-11-15,4.27,30.9,21.86,20.19
2015-11-16,3.67,27.1,19.16,15.91
2015-11-17,11.72,30.79,18.44,16.84
2015-11-18,1.63,31.16,20.55,25.49
2015-11-19,15.87,28.1,22.54,21.98
2015-11-20,5.17,28.15,20.53,17.08
2015-11-21,0.1,29.32,18.29,16.6
2015-11-22,3.3,31.07,16.62,22.61
2015-11-23,28.13,26.98,19.31,5.45
2015-11-24,17.36,25.47,18.43,6.4
2015-11-25,1.74,29.88,18.84,10.22
2015-11-26,0.01,29.23,18.27,21.43
2015-11-27,0.04,30.95,17.47,25.44
2015-11-28,14.01,29.55,19.41,19.71
2015-11-29,6.98,31.0,20.58,14.65
2015-11-30,3.62,26.48,17.19,14.34
2015-12-01,0.88,29.66,16.43,18.8
2015-12-02,6.3,30.42,18.44,20.98
2015-12-03,4.78,28.29,19.02,14.72
2015-12-04,1.25,29.17,19.27,20.17
2015-12-05,1.94,29.66,20.83,21.05
2015-12-06,8.12,29.03,20.83,12.73
2015-12-07,2.14,29.65,19.67,16.36
2015-12-08,1.76,29.36,19.07,22.47
2015-12-09,8.53,29.5,19.87,15.23
2015-12-10,3.91,27.02,21.52,15.27
2015-12-11,0.2,27.93,20.92,20.02
2015-12-12,9.21,28.34,20.83,16.11
2015-12-13,3.53,30.68,19.47,24.18
2015-12-14,5.57,30.53,21.36,24.78
2015-12-15,3.78,30.46,21.09,22.19
2015-12-16,4.72,27.52,19.53,14.2
2015-12-17,5.86,31.52,18.08,26.02
2015-12-18,3.87,32.19,20.98,29.15
2015-12-19,4.53,30.64,21.94,23.95
2015-12-20,5.43,28.47,21.02,16.66
2015-12-21,3.65,30.6,20.32,21.06
2015-12-22,5.25,29.45,20.82,25.77
2015-12-23,8.63,29.9,22.53,23.87
2015-12-24,2.72,30.91,22.06,19.45
2015-12-25,3.86,29.04,22.46,15.47
2015-12-26,6.09,27.4,21.96,21.85
2015-12-27,14.36,27.54,20.98,14.33
2015-12-28,29.48,25.27,21.03,10.27
2015-12-29,32.22,27.46,20.56,7.72
2015-12-30,7.18,25.58,20.7,7.64
2015-12-31,1.24,28.59,20.79,19.42
2016-01-01,9.07,27.4,21.5,16.29
2016-01-02,9.41,29.3,20.32,16.86
2016-01-03,3.22,27.39,20.02,12.87
2016-01-04,0.16,28.51,18.68,20.18
2016-01-05,0.01,30.13,18.22,25.47
2016-01-06,0.0,31.31,18.77,27.76
2016-01-07,0.0,31.24,19.12,27.89
2016-01-08,2.27,31.62,20.48,25.86
2016-01-09,11.49,27.63,21.46,14.64
2016-01-10,44.93,27.48,21.46,11.1
2016-01-11,39.14,27.15,21.89,8.04
2016-01-12,41.41,27.54,22.09,9.62
2016-01-13,27.95,30.83,22.08,14.23
2016-01-14,18.54,28.2,20.6,13.76
2016-01-15,16.37,26.88,19.67,11.74
2016-01-16,0.65,28.02,17.9,21.86
2016-01-17,0.02,27.61,14.45,30.69
2016-01-18,0.02,27.24,16.94,19.67
2016-01-19,0.02,27.27,16.93,17.95
2016-01-20,0.0,28.89,17.34,20.44
2016-01-21,0.0,27.65,17.37,28.54
2016-01-22,0.0,27.72,16.41,25.9
2016-01-23,0.06,30.14,16.04,26.07
2016-01-24,0.99,29.98,17.24,23.67
2016-01-25,5.15,31.0,20.14,26.69
2016-01-26,1.43,32.16,20.76,27.84
2016-01-27,10.12,29.07,20.15,12.55
2016-01-28,2.79,27.63,19.95,21.2
2016-01-29,7.95,27.55,20.76,15.1
2016-01-30,6.82,28.8,20.39,19.47
2016-01-31,0.68,31.18,20.42,28.77
2016-02-01,0.09,31.94,20.88,25.65
2016-02-02,0.13,32.06,21.07,26.32
2016-02-03,5.02,31.04,21.13,25.4
2016-02-04,1.45,26.81,21.37,19.35
2016-02-05,3.02,29.11,20.72,23.14
2016-02-06,6.63,30.24,20.69,21.54
2016-02-07,9.22,29.14,20.54,23.22
2016-02-08,5.19,30.44,20.59,26.53
2016-02-09,0.17,32.13,20.61,26.05
2016-02-10,0.97,31.77,20.66,19.63
2016-02-11,3.41,26.62,18.31,17.62
2016-02-12,0.39,29.04,17.11,27.3
2016-02-13,0.01,29.96,16.7,24.21
2016-02-14,0.09,33.8,18.86,25.77
2016-02-15,7.38,28.88,22.37,13.09
2016-02-16,9.84,26.97,21.73,14.15
2016-02-17,1.46,30.13,21.15,19.12
2016-02-18,9.43,31.17,21.34,21.28
2016-02-19,5.63,30.83,21.05,21.67
2016-02-20,32.84,27.44,22.26,21.79
2016-02-21,12.37,28.24,21.68,10.82
2016-02-22,12.34,27.09,20.57,10.93
2016-02-23,3.02,25.98,20.64,11.17
2016-02-24,2.84,29.29,19.77,16.96
2016-02-25,13.03,29.24,19.39,18.48
2016-02-26,11.82,27.44,20.79,20.42
2016-02-27,16.86,27.87,21.54,11.59
2016-02-28,9.13,27.4,21.72,13.14
2016-02-29,4.98,24.3,18.46,11.68
2016-03-01,3.33,24.33,17.75,9.4
2016-03-02,5.02,25.98,18.02,13.86
2016-03-03,18.15,27.02,20.36,9.93
2016-03-04,4.0,28.93,19.56,19.7
2016-03-05,0.06,29.61,18.05,21.27
2016-03-06,1.53,30.41,18.49,19.39
2016-03-07,3.65,29.65,19.81,21.61
2016-03-08,2.3,30.77,20.25,22.58
2016-03-09,6.33,26.2,21.06,20.59
2016-03-10,20.68,28.87,20.73,13.0
2016-03-11,15.79,29.93,19.29,16.43
2016-03-12,0.47,29.3,17.45,21.46
2016-03-13,0.2,27.15,17.09,14.61
2016-03-14,0.05,28.81,17.85,20.61
2016-03-15,13.58,27.51,18.55,19.74
2016-03-16,5.02,25.61,19.69,15.06
2016-03-17,0.77,28.68,18.42,21.76
2016-03-18,0.12,30.04,18.1,23.22
2016-03-19,0.0,30.47,18.88,25.28
2016-03-20,0.01,29.0,18.04,22.63
2016-03-21,0.01,30.28,18.75,23.35
2016-03-22,1.97,31.18,20.27,13.25
2016-03-23,12.51,28.45,20.4,15.67
2016-03-24,4.11,24.57,19.2,17.24
2016-03-25,6.95,26.74,19.95,10.2
2016-03-26,8.72,27.14,20.34,15.12
2016-03-27,0.66,29.93,19.35,16.58
2016-03-28,0.05,30.46,20.43,20.5
2016-03-29,0.19,30.09,20.44,18.06
2016-03-30,0.04,27.39,20.41,18.46
2016-03-31,0.24,26.92,20.29,20.78
2016-04-01,0.05,29.21,19.29,21.83
2016-04-02,0.11,29.66,19.66,22.2
2016-04-03,0.06,31.75,18.95,21.28
2016-04-04,0.0,30.0,19.57,20.6
2016-04-05,0.0,29.88,19.67,22.08
2016-04-06,0.0,29.81,18.33,22.4
2016-04-07,0.0,31.59,19.93,22.34
2016-04-08,0.0,30.29,18.59,21.21
2016-04-09,0.01,31.3,19.53,21.53
2016-04-10,0.0,30.45,18.66,19.25
2016-04-11,0.44,29.68,19.87,18.49
2016-04-12,0.18,29.92,20.1,19.71
2016-04-13,0.05,29.97,19.96,19.54
2016-04-14,0.04,30.33,18.42,20.28
2016-04-15,1.31,30.4,20.04,19.0
2016-04-16,0.03,30.33,19.07,20.01
2016-04-17,0.0,30.01,17.39,21.26
2016-04-18,0.0,29.99,17.73,19.69
2016-04-19,0.03,29.84,17.95,19.79
2016-04-20,0.0,29.7,18.63,18.19
2016-04-21,0.0,29.72,17.26,19.85
2016-04-22,0.0,30.13,19.49,17.27
2016-04-23,0.0,29.83,18.81,19.02
2016-04-24,0.0,29.54,17.43,17.82
2016-04-25,1.97,28.92,17.78,17.92
2016-04-26,11.59,25.96,19.0,9.5
2016-04-27,1.83,22.41,12.56,7.54
2016-04-28,0.01,20.86,11.65,16.31
2016-04-29,0.07,20.89,11.22,10.78
2016-04-30,0.02,22.26,11.11,17.14
2016-05-01,0.0,21.05,9.52,20.37
2016-05-02,0.0,22.77,9.37,19.98
2016-05-03,0.0,24.46,11.73,18.93
2016-05-04,0.0,25.22,13.03,17.79
2016-05-05,0.0,25.0,13.84,12.99
2016-05-06,0.03,25.6,13.88,16.93
2016-05-07,0.09,24.99,14.47,9.45
2016-05-08,0.61,25.43,15.83,8.25
2016-05-09,0.79,27.37,16.68,9.71
2016-05-10,0.16,26.23,17.41,9.03
2016-05-11,0.52,25.06,16.24,10.05
2016-05-12,0.0,24.19,15.34,10.61
2016-05-13,0.0,24.1,14.58,12.39
2016-05-14,0.0,23.8,13.98,14.04
2016-05-15,0.01,26.66,13.43,16.95
2016-05-16,6.23,26.89,17.95,9.42
2016-05-17,2.12,25.11,14.49,12.3
2016-05-18,13.11,19.83,13.66,3.71
2016-05-19,11.88,20.45,13.82,6.17
2016-05-20,18.79,25.4,13.94,13.48
2016-05-21,14.4,23.02,17.54,3.94
2016-05-22,3.26,25.58,17.14,11.26
2016-05-23,1.55,20.58,9.14,13.06
2016-05-24,0.0,19.89,8.29,9.6
2016-05-25,0.0,22.24,11.54,15.59
2016-05-26,0.01,23.93,13.12,14.73
2016-05-27,0.38,23.68,13.31,10.47
2016-05-28,0.26,24.04,14.13,10.81
2016-05-29,2.24,23.38,14.42,7.01
2016-05-30,29.3,23.39,14.5,4.14
2016-05-31,10.7,24.6,16.19,9.36
2016-06-01,20.42,24.95,15.89,7.8
2016-06-02,18.58,23.18,14.73,12.55
2016-06-03,10.73,21.7,12.63,7.43
2016-06-04,11.3,21.9,13.3,6.78
2016-06-05,29.44,23.52,16.33,5.73
2016-06-06,12.68,23.91,16.95,5.88
2016-06-07,4.68,19.96,11.78,5.62
2016-06-08,0.13,19.15,8.83,14.35
2016-06-09,0.0,18.43,6.2,14.34
2016-06-10,0.0,19.69,5.87,13.48
2016-06-11,0.0,17.38,5.83,15.97
2016-06-12,0.03,16.17,4.0,16.79
2016-06-13,0.0,16.98,1.36,16.8
2016-06-14,0.0,19.06,7.76,15.62
2016-06-15,0.0,22.67,8.71,15.34
2016-06-16,0.0,23.9,10.13,15.41
2016-06-17,0.0,23.54,10.71,15.39
2016-06-18,0.17,23.09,11.26,12.8
2016-06-19,0.26,22.21,10.61,11.38
2016-06-20,0.13,21.34,11.15,9.31
2016-06-21,0.3,18.16,10.51,8.69
2016-06-22,1.08,21.89,12.04,7.6
2016-06-23,0.12,22.77,11.29,14.27
2016-06-24,0.0,21.96,11.93,14.45
2016-06-25,0.0,22.48,11.88,14.26
2016-06-26,0.0,22.34,12.28,13.67
2016-06-27,0.0,21.95,10.6,15.21
2016-06-28,0.0,22.4,10.51,15.03
2016-06-29,0.0,23.16,11.03,14.06
2016-06-30,0.0,22.77,12.81,10.52
2016-07-01,0.0,23.93,12.38,12.81
2016-07-02,0.0,24.44,13.25,14.41
2016-07-03,0.0,25.11,11.62,14.82
2016-07-04,0.0,24.97,12.66,15.78
2016-07-05,0.0,24.93,11.06,14.52
2016-07-06,0.03,25.22,12.98,15.05
2016-07-07,0.01,20.87,9.53,16.8
2016-07-08,0.0,20.08,6.15,16.21
2016-07-09,0.0,21.75,7.88,16.27
2016-07-10,0.0,26.06,10.83,16.05
2016-07-11,0.0,27.05,12.37,16.03
2016-07-12,0.24,27.2,12.43,16.18
2016-07-13,0.11,27.21,13.38,12.98
2016-07-14,0.09,27.01,14.18,14.45
2016-07-15,0.17,27.2,13.41,14.33
2016-07-16,7.97,22.56,12.1,3.34
2016-07-17,0.06,18.88,7.33,17.21
2016-07-18,0.04,18.39,4.26,16.48
2016-07-19,0.0,17.04,7.23,9.13
2016-07-20,0.0,20.84,8.72,11.88
2016-07-21,0.0,20.19,9.52,9.29
2016-07-22,0.0,20.29,9.27,13.32
2016-07-23,0.04,22.73,9.47,15.79
2016-07-24,0.01,26.48,11.02,16.28
2016-07-25,0.0,26.1,12.43,15.96
2016-07-26,0.0,25.82,11.53,16.9
2016-07-27,0.0,26.93,13.45,15.96
2016-07-28,0.0,22.49,9.32,15.26
2016-07-29,0.0,22.65,10.75,9.7
2016-07-30,0.0,24.62,11.9,16.13
2016-07-31,0.03,25.13,12.28,15.6
2016-08-01,0.0,25.6,12.32,13.61
2016-08-02,0.0,25.11,13.08,12.0
2016-08-03,0.0,24.44,12.19,13.98
2016-08-04,0.0,25.76,13.46,16.22
2016-08-05,0.0,26.89,13.03,16.14
2016-08-06,0.0,28.11,13.7,17.96
2016-08-07,0.0,29.03,14.71,13.52
2016-08-08,0.0,25.53,13.42,10.88
2016-08-09,0.11,24.84,13.79,6.26
2016-08-10,0.04,22.39,10.71,12.55
2016-08-11,0.0,20.08,7.86,11.1
2016-08-12,0.0,22.39,9.14,17.24
2016-08-13,0.03,24.56,9.4,20.05
2016-08-14,0.0,28.52,11.2,19.28
2016-08-15,0.05,28.52,15.02,12.57
2016-08-16,6.41,26.01,15.75,13.12
2016-08-17,0.14,29.11,14.76,19.39
2016-08-18,1.62,28.13,15.06,13.22
2016-08-19,2.49,29.36,14.16,16.22
2016-08-20,9.56,27.86,16.51,4.75
2016-08-21,19.47,20.94,9.17,6.05
2016-08-22,0.04,18.23,7.93,12.42
2016-08-23,0.01,22.54,7.48,20.16
2016-08-24,0.0,25.66,10.67,20.51
2016-08-25,0.03,28.02,11.37,20.66
2016-08-26,0.0,27.37,12.03,21.83
2016-08-27,0.0,28.02,11.56,21.82
2016-08-28,0.0,30.03,12.24,22.03
2016-08-29,0.0,31.22,13.53,20.8
2016-08-30,8.91,26.1,16.34,13.37
2016-08-31,10.72,21.75,12.41,5.58
2016-09-01,0.03,25.61,11.34,19.99
2016-09-02,0.0,28.36,13.28,16.94
2016-09-03,1.38,26.88,15.82,7.41
2016-09-04,1.05,25.97,16.62,7.57
2016-09-05,1.75,26.17,14.99,14.73
2016-09-06,4.72,23.2,17.15,4.64
2016-09-07,0.12,23.27,10.71,11.7
2016-09-08,0.01,24.83,7.37,22.72
2016-09-09,0.01,26.29,11.16,20.22
2016-09-10,0.0,29.39,13.45,20.63
2016-09-11,0.0,30.29,14.69,21.31
2016-09-12,0.04,31.56,15.52,22.65
2016-09-13,0.0,31.85,17.51,17.93
2016-09-14,0.0,23.01,12.81,7.09
2016-09-15,0.0,27.68,10.49,24.33
2016-09-16,0.04,22.45,11.02,16.3
2016-09-17,0.03,30.46,14.38,19.48
2016-09-18,1.89,33.55,16.33,18.99
2016-09-19,9.28,30.86,18.06,17.52
2016-09-20,0.72,24.91,12.05,14.28
2016-09-21,0.0,24.38,9.71,18.96
2016-09-22,0.0,26.68,12.27,24.56
2016-09-23,0.0,29.18,12.35,25.2
2016-09-24,0.0,27.87,13.98,20.65
2016-09-25,0.03,24.18,13.05,9.43
2016-09-26,0.01,26.49,11.46,23.89
2016-09-27,0.0,27.26,10.5,26.65
2016-09-28,0.0,29.55,10.36,26.62
2016-09-29,0.0,30.55,11.58,25.37
2016-09-30,0.04,27.83,13.16,19.66
2016-10-01,0.09,27.91,13.44,16.92
2016-10-02,0.19,28.43,13.41,22.19
2016-10-03,14.78,26.27,14.86,6.02
2016-10-04,2.25,26.74,15.21,15.28
2016-10-05,0.09,26.58,13.58,18.75
2016-10-06,1.47,26.11,13.8,20.02
2016-10-07,0.4,24.99,12.32,18.51
2016-10-08,0.0,28.83,12.52,27.58
2016-10-09,0.01,30.01,13.82,21.7
2016-10-10,0.03,29.59,14.48,22.47
2016-10-11,0.18,31.73,14.75,18.67
2016-10-12,2.89,30.49,15.74,23.57
2016-10-13,11.48,25.11,18.88,9.88
2016-10-14,3.03,30.19,17.45,11.59
2016-10-15,1.33,31.33,19.44,20.06
2016-10-16,0.09,34.2,18.98,23.37
2016-10-17,3.96,35.66,20.66,26.16
2016-10-18,2.38,35.37,21.64,22.39
2016-10-19,0.34,35.92,20.02,26.08
2016-10-20,12.66,33.66,22.11,23.46
2016-10-21,7.62,28.6,18.94,16.35
2016-10-22,0.31,25.89,16.7,18.33
2016-10-23,0.36,29.33,16.4,22.28
2016-10-24,15.74,31.18,18.14,21.1
2016-10-25,4.84,25.8,19.24,7.04
2016-10-26,6.22,30.07,19.88,16.79
2016-10-27,4.02,27.6,17.92,14.25
2016-10-28,0.02,28.24,12.93,27.98
2016-10-29,0.05,26.51,10.55,27.66
2016-10-30,0.04,29.17,13.55,26.05
2016-10-31,2.69,29.66,14.97,24.77
2016-11-01,0.1,29.75,18.47,23.19
2016-11-02,1.95,31.15,18.24,23.41
2016-11-03,6.76,26.77,16.94,7.94
2016-11-04,0.11,28.29,15.34,16.31
2016-11-05,0.08,29.57,15.52,21.74
2016-11-06,1.04,30.08,16.72,23.75
2016-11-07,0.31,30.74,17.22,26.19
2016-11-08,0.52,31.95,17.54,26.54
2016-11-09,17.08,31.52,18.46,22.13
2016-11-10,1.45,32.47,19.55,24.66
2016-11-11,1.0,33.27,18.25,25.66
2016-11-12,5.49,23.54,16.16,13.57
2016-11-13,14.48,23.37,16.2,8.71
2016-11-14,4.21,24.46,17.46,14.62
2016-11-15,0.45,30.14,16.83,21.08
2016-11-16,2.79,30.87,17.36,24.94
2016-11-17,0.62,32.28,18.35,23.21
2016-11-18,0.08,27.91,13.75,15.39
2016-11-19,0.03,26.21,12.68,21.81
2016-11-20,0.0,28.47,10.58,31.46
2016-11-21,0.0,30.84,12.69,30.03
2016-11-22,1.94,29.01,18.32,19.48
2016-11-23,3.63,30.4,17.93,16.92
2016-11-24,0.13,31.66,17.72,24.86
2016-11-25,0.32,33.12,18.14,24.13
2016-11-26,2.0,30.76,19.52,24.51
2016-11-27,2.35,30.66,19.76,25.79
2016-11-28,7.57,29.13,21.44,17.4
2016-11-29,4.33,31.39,17.45,15.69
2016-11-30,0.21,27.06,15.97,14.36
2016-12-01,0.6,27.16,15.02,17.48
2016-12-02,0.56,31.18,16.7,21.64
2016-12-03,2.25,27.49,19.05,14.69
2016-12-04,2.7,31.92,18.07,24.34
2016-12-05,0.5,31.81,15.46,27.69
2016-12-06,0.02,34.35,14.96,31.96
2016-12-07,10.98,34.73,16.78,19.99
2016-12-08,19.1,27.99,19.37,24.09
2016-12-09,8.54,32.0,20.13,18.58
2016-12-10,9.66,27.1,20.52,16.66
2016-12-11,7.36,29.79,21.6,12.91
2016-12-12,9.86,28.43,20.19,13.58
2016-12-13,1.22,32.05,18.52,20.87
2016-12-14,0.4,30.6,18.61,18.08
2016-12-15,0.06,25.81,15.92,16.27
2016-12-16,0.02,28.55,14.4,20.64
2016-12-17,0.18,30.32,16.58,26.91
2016-12-18,2.66,30.87,17.96,26.0
2016-12-19,13.29,27.48,19.01,21.96
2016-12-20,3.22,27.74,19.18,23.52
2016-12-21,3.75,26.84,19.99,21.58
2016-12-22,2.07,27.21,19.79,16.26
2016-12-23,2.46,31.06,19.09,25.0
2016-12-24,1.06,33.77,20.04,29.25
2016-12-25,5.64,33.01,19.95,27.14
2016-12-26,1.56,34.95,20.35,31.28
2016-12-27,0.74,34.82,21.9,28.73
2016-12-28,4.22,33.77,22.35,23.84
2016-12-29,4.7,30.6,21.99,27.35
2016-12-30,3.04,30.74,21.95,24.2
2016-12-31,1.95,30.63,21.58,24.91
2017-01-01,1.02,31.87,20.38,22.91
2017-01-02,0.73,30.02,20.47,22.31
2017-01-03,4.96,28.22,21.47,24.43
2017-01-04,2.17,30.68,20.67,21.67
2017-01-05,6.34,30.08,20.57,21.69
2017-01-06,4.77,26.97,21.12,20.3
2017-01-07,0.66,31.56,20.66,21.23
2017-01-08,1.4,30.9,21.4,22.32
2017-01-09,12.14,31.76,21.88,22.66
2017-01-10,19.45,30.08,22.1,22.24
2017-01-11,4.96,28.55,21.87,20.35
2017-01-12,5.18,27.31,21.07,14.57
2017-01-13,0.8,28.01,19.54,20.1
2017-01-14,3.57,32.06,19.47,26.03
2017-01-15,6.89,32.37,20.21,24.25
2017-01-16,16.76,28.14,21.29,16.04
2017-01-17,26.32,23.81,20.1,10.16
2017-01-18,22.79,27.47,20.39,10.51
2017-01-19,27.65,24.97,19.46,10.34
2017-01-20,20.03,24.66,18.64,12.9
2017-01-21,13.24,24.58,18.56,11.9
2017-01-22,4.99,26.65,18.49,15.12
2017-01-23,5.94,26.19,18.74,15.58
2017-01-24,9.63,29.32,18.82,23.73
2017-01-25,3.26,28.92,20.85,19.73
2017-01-26,7.9,25.91,19.86,8.02
2017-01-27,13.06,25.34,19.54,8.11
2017-01-28,13.42,24.14,19.75,22.25
2017-01-29,3.43,30.54,20.05,24.85
2017-01-30,5.24,28.83,20.08,20.37
2017-01-31,22.34,23.74,20.18,16.75
2017-02-01,3.79,28.18,18.99,18.5
2017-02-02,14.82,27.74,18.26,17.93
2017-02-03,7.83,27.26,20.39,19.33
2017-02-04,6.9,29.26,20.22,15.09
2017-02-05,3.03,32.03,20.4,26.01
2017-02-06,3.83,29.55,21.72,22.63
2017-02-07,5.55,30.45,21.33,23.66
2017-02-08,0.05,30.52,19.88,25.3
2017-02-09,0.01,29.73,18.68,26.34
2017-02-10,0.03,30.3,17.86,21.55
2017-02-11,0.05,29.67,20.74,23.79
2017-02-12,1.26,28.88,21.1,26.16
2017-02-13,0.58,28.73,21.07,22.78
2017-02-14,0.01,30.77,20.32,26.22
2017-02-15,0.03,30.94,19.65,25.87
2017-02-16,0.8,32.27,21.53,25.66
2017-02-17,4.03,31.87,20.3,27.26
2017-02-18,1.92,33.2,21.27,27.59
2017-02-19,0.2,33.21,20.08,28.47
2017-02-20,0.01,33.15,21.16,26.02
2017-02-21,0.01,31.23,19.39,26.02
2017-02-22,0.07,30.67,20.2,24.58
2017-02-23,1.04,30.77,20.48,26.58
2017-02-24,6.47,27.14,20.61,14.81
2017-02-25,6.31,28.02,19.22,11.58
2017-02-26,4.4,28.22,19.79,18.26
2017-02-27,1.36,29.7,20.41,22.19
2017-02-28,0.16,29.98,20.56,22.82
2017-03-01,1.32,29.58,20.37,20.85
2017-03-02,10.62,27.56,21.94,15.49
2017-03-03,21.97,27.39,20.87,13.26
2017-03-04,6.95,28.87,21.27,17.02
2017-03-05,12.89,26.76,21.13,14.23
2017-03-06,10.45,27.22,21.11,13.81
2017-03-07,2.34,30.52,20.32,21.5
2017-03-08,4.49,30.84,20.87,18.38
2017-03-09,0.35,31.19,20.05,22.3
2017-03-10,2.52,30.11,21.6,21.12
2017-03-11,3.77,28.53,21.56,19.59
2017-03-12,0.54,29.73,20.85,24.21
2017-03-13,2.89,28.25,20.88,14.43
2017-03-14,7.4,27.6,19.44,17.0
2017-03-15,1.27,28.49,19.23,22.04
2017-03-16,0.05,30.74,19.83,23.26
2017-03-17,8.99,30.09,20.3,16.89
2017-03-18,12.41,24.53,17.96,8.86
2017-03-19,1.39,26.48,17.68,9.48
2017-03-20,0.05,26.95,16.54,19.94
2017-03-21,0.02,27.13,15.92,20.64
2017-03-22,0.02,28.19,16.14,23.66
2017-03-23,0.0,28.45,16.92,22.05
2017-03-24,0.05,29.55,17.57,22.34
2017-03-25,1.3,30.15,18.08,21.14
2017-03-26,0.57,28.21,17.96,22.97
2017-03-27,0.09,27.94,17.3,10.31
2017-03-28,0.14,27.71,17.33,19.89
2017-03-29,0.07,26.22,16.22,21.31
2017-03-30,0.02,26.85,15.53,21.42
2017-03-31,0.01,25.86,14.74,21.1
2017-04-01,0.04,25.73,14.2,19.56
2017-04-02,0.01,26.6,15.07,20.46
2017-04-03,0.01,26.04,15.54,21.53
2017-04-04,0.02,29.5,16.1,21.19
2017-04-05,5.99,30.53,17.57,18.43
2017-04-06,16.39,28.83,20.57,7.55
2017-04-07,13.24,27.59,18.89,7.72
2017-04-08,2.1,28.53,19.23,15.49
2017-04-09,0.07,26.87,18.83,16.72
2017-04-10,0.08,29.55,19.16,18.65
2017-04-11,0.22,29.48,20.04,19.38
2017-04-12,0.24,25.52,17.4,9.89
2017-04-13,0.03,25.59,16.43,14.28
2017-04-14,0.01,28.79,15.97,17.71
2017-04-15,0.0,29.14,16.81,20.46
2017-04-16,0.34,27.77,17.12,17.58
2017-04-17,0.17,26.9,17.87,10.29
2017-04-18,0.01,24.19,16.58,16.78
2017-04-19,0.0,24.56,15.39,16.04
2017-04-20,12.13,27.98,16.7,18.52
2017-04-21,32.5,23.48,15.48,6.38
2017-04-22,0.51,24.23,13.75,12.79
2017-04-23,0.32,24.49,14.3,12.17
2017-04-24,0.19,26.28,14.5,19.38
2017-04-25,3.31,27.82,16.15,17.02
2017-04-26,9.18,26.64,18.47,3.89
2017-04-27,16.93,25.17,14.13,12.47
2017-04-28,0.06,22.48,11.53,11.82
2017-04-29,0.03,23.1,13.1,11.98
2017-04-30,0.03,23.95,14.42,16.71
2017-05-01,0.07,23.9,14.96,16.85
2017-05-02,0.03,25.57,15.25,15.17
2017-05-03,0.01,26.39,14.58,17.61
2017-05-04,7.74,26.26,14.98,15.25
2017-05-05,31.49,25.01,17.32,8.03
2017-05-06,4.02,24.63,15.99,12.21
2017-05-07,0.06,24.2,14.47,12.68
2017-05-08,0.03,24.87,14.24,17.21
2017-05-09,0.02,25.78,13.95,17.13
2017-05-10,0.06,24.56,15.7,9.81
2017-05-11,0.04,21.67,14.83,11.2
2017-05-12,0.0,24.7,13.61,17.46
2017-05-13,0.03,27.03,13.78,17.48
2017-05-14,1.74,26.79,17.27,12.04
2017-05-15,0.16,24.76,14.45,16.46
2017-05-16,0.02,21.25,14.29,12.94
2017-05-17,0.05,23.56,13.41,11.26
2017-05-18,19.23,22.56,14.93,3.85
2017-05-19,46.58,22.81,16.79,1.59
2017-05-20,1.39,22.29,15.62,10.04
2017-05-21,33.52,24.04,17.95,2.82
2017-05-22,9.49,23.87,13.63,11.84
2017-05-23,0.16,21.04,11.99,14.4
2017-05-24,0.3,25.12,13.57,12.08
2017-05-25,0.07,26.86,15.79,15.68
2017-05-26,0.01,27.35,17.16,15.57
2017-05-27,0.03,26.47,17.18,9.48
2017-05-28,0.01,24.33,16.9,8.93
2017-05-29,0.0,26.07,15.23,13.97
2017-05-30,0.05,24.67,14.94,8.66
2017-05-31,0.98,24.57,14.89,14.31
2017-06-01,1.05,21.39,11.64,7.13
2017-06-02,0.03,20.78,9.91,16.33
2017-06-03,0.02,22.39,10.37,16.54
2017-06-04,0.86,26.51,10.86,15.38
2017-06-05,40.58,26.42,15.63,2.63
2017-06-06,11.5,26.88,16.86,4.68
2017-06-07,6.36,26.95,16.97,14.08
2017-06-08,0.06,26.7,14.99,13.03
2017-06-09,1.23,20.26,9.93,6.14
2017-06-10,0.01,18.52,7.06,16.83
2017-06-11,0.01,20.05,6.03,15.88
2017-06-12,3.89,21.46,7.84,8.16
2017-06-13,17.47,19.77,11.91,3.14
2017-06-14,0.54,22.31,13.24,9.98
2017-06-15,0.07,22.56,13.07,13.02
2017-06-16,0.05,22.84,12.35,15.3
2017-06-17,0.01,24.61,10.71,15.19
2017-06-18,0.01,24.45,12.14,10.21
2017-06-19,0.03,25.28,14.03,14.23
2017-06-20,0.21,20.33,12.98,5.73
2017-06-21,0.04,22.44,12.82,11.02
2017-06-22,0.02,23.29,13.67,14.76
2017-06-23,0.03,22.97,12.9,15.6
2017-06-24,0.03,23.06,12.68,15.17
2017-06-25,0.02,22.42,13.08,15.84
2017-06-26,0.02,22.22,10.6,15.94
2017-06-27,0.02,22.7,11.64,15.59
2017-06-28,0.0,24.11,9.67,15.31
2017-06-29,0.01,24.31,12.84,14.16
2017-06-30,0.0,23.85,13.1,10.52
2017-07-01,0.01,23.28,11.93,9.47
2017-07-02,0.04,17.81,11.41,9.8
2017-07-03,0.01,17.65,10.01,11.74
2017-07-04,0.0,17.78,8.74,15.25
2017-07-05,0.0,19.71,8.21,16.06
2017-07-06,0.0,20.91,9.34,14.24
2017-07-07,0.0,22.13,10.32,10.18
2017-07-08,0.0,22.08,11.16,13.57
2017-07-09,0.0,22.97,11.75,14.31
2017-07-10,0.0,23.79,10.08,13.99
2017-07-11,0.0,24.61,11.21,15.97
2017-07-12,0.01,23.92,10.71,16.17
2017-07-13,0.02,24.16,11.51,15.66
2017-07-14,0.0,24.67,11.37,16.21
2017-07-15,0.0,24.14,9.83,16.35
2017-07-16,0.0,24.71,10.48,15.79
2017-07-17,0.0,25.74,11.47,16.58
2017-07-18,0.02,13.79,7.05,5.33
2017-07-19,0.0,16.6,6.4,9.4
2017-07-20,0.0,23.65,9.76,15.67
2017-07-21,0.0,24.48,11.49,16.21
2017-07-22,0.0,22.61,8.16,16.05
2017-07-23,0.0,24.45,10.13,16.83
2017-07-24,0.0,24.26,9.08,17.64
2017-07-25,0.0,25.44,9.68,17.73
2017-07-26,0.0,24.67,9.87,17.52
2017-07-27,0.0,23.88,11.29,17.71
2017-07-28,0.01,23.24,11.88,17.94
2017-07-29,0.02,23.9,8.88,17.84
2017-07-30,0.0,24.12,11.88,16.72
2017-07-31,0.0,23.56,10.63,11.28
2017-08-01,0.0,23.59,10.15,11.15
2017-08-02,0.0,25.85,10.35,14.34
2017-08-03,0.42,22.77,12.66,9.43
2017-08-04,0.09,20.4,11.42,10.75
2017-08-05,0.05,20.72,10.72,12.75
2017-08-06,0.01,22.46,9.94,17.96
2017-08-07,0.0,25.52,9.72,18.74
2017-08-08,0.0,27.91,15.0,14.76
2017-08-09,0.0,30.36,15.39,17.35
2017-08-10,0.0,27.28,13.71,13.93
2017-08-11,0.0,24.18,11.65,18.56
2017-08-12,0.0,28.22,12.25,16.4
2017-08-13,0.83,30.79,12.85,16.81
2017-08-14,0.1,27.48,14.57,12.08
2017-08-15,2.12,23.13,12.83,4.98
2017-08-16,10.64,21.85,14.24,4.64
2017-08-17,5.22,19.07,14.28,3.59
2017-08-18,4.53,20.33,14.67,4.69
2017-08-19,3.45,25.22,15.02,3.19
2017-08-20,24.95,25.48,13.76,2.73
2017-08-21,0.85,19.45,10.62,11.14
2017-08-22,0.11,21.95,10.47,16.08
2017-08-23,0.01,26.14,12.01,18.43
2017-08-24,0.02,25.58,13.17,20.79
2017-08-25,0.01,26.36,12.0,20.72
2017-08-26,0.0,27.82,12.16,21.32
2017-08-27,0.0,28.48,12.43,21.66
2017-08-28,0.0,28.23,12.52,21.78
2017-08-29,0.0,29.18,11.54,21.47
2017-08-30,0.0,31.63,13.26,21.68
2017-08-31,0.03,25.83,14.57,13.51
2017-09-01,0.04,27.12,14.31,16.63
2017-09-02,0.0,27.51,13.3,20.21
2017-09-03,0.01,28.41,11.41,22.48
2017-09-04,0.0,29.0,10.93,23.16
2017-09-05,0.0,29.6,10.96,23.34
2017-09-06,0.0,29.15,11.75,21.99
2017-09-07,0.0,29.55,13.42,23.1
2017-09-08,0.0,30.5,12.32,23.08
2017-09-09,0.0,31.11,13.66,22.27
2017-09-10,0.0,31.93,13.61,23.61
2017-09-11,0.0,32.73,14.91,23.36
2017-09-12,0.0,32.66,15.31,23.48
2017-09-13,0.01,32.78,14.45,23.75
2017-09-14,0.0,33.6,13.98,24.56
2017-09-15,0.0,33.54,15.45,24.1
2017-09-16,0.0,33.39,16.31,23.99
2017-09-17,0.01,33.61,14.4,23.35
2017-09-18,0.0,31.77,16.35,20.76
2017-09-19,0.01,32.34,16.12,22.42
2017-09-20,0.0,31.93,14.04,23.93
2017-09-21,0.01,31.48,15.15,24.06
2017-09-22,0.01,32.32,14.85,23.57
2017-09-23,0.0,32.6,16.72,22.21
2017-09-24,0.0,30.63,17.22,19.82
2017-09-25,0.01,29.51,14.94,22.89
2017-09-26,0.01,30.63,14.64,22.92
2017-09-27,0.0,32.4,15.52,23.44
2017-09-28,0.0,33.54,15.98,21.01
2017-09-29,9.05,28.66,16.91,13.49
2017-09-30,9.23,26.7,17.34,9.12
2017-10-01,4.87,28.98,15.94,18.53
2017-10-02,10.35,30.04,16.11,7.94
2017-10-03,3.82,23.37,14.63,15.87
2017-10-04,0.0,27.37,11.99,19.28
2017-10-05,0.02,32.95,13.63,25.5
2017-10-06,5.27,34.19,19.97,24.97
2017-10-07,11.04,24.97,18.56,6.93
2017-10-08,1.44,32.17,17.3,14.0
2017-10-09,0.19,33.83,17.86,20.55
2017-10-10,0.03,35.26,19.23,24.05
2017-10-11,0.97,36.57,19.36,25.39
2017-10-12,12.71,36.0,20.47,26.12
2017-10-13,0.03,36.02,18.73,25.97
2017-10-14,2.59,35.87,20.07,23.85
2017-10-15,0.07,30.38,17.07,19.98
2017-10-16,0.04,30.67,15.84,21.1
2017-10-17,0.02,33.24,15.97,23.62
2017-10-18,0.0,34.88,17.42,26.98
2017-10-19,0.0,35.01,21.13,27.85
2017-10-20,1.28,31.09,20.01,15.61
2017-10-21,1.04,33.68,18.25,7.72
2017-10-22,3.22,25.23,19.34,5.91
2017-10-23,2.23,26.28,15.71,12.42
2017-10-24,0.0,29.69,14.53,19.83
2017-10-25,7.37,31.35,15.72,23.83
2017-10-26,13.1,31.49,19.34,11.59
2017-10-27,9.5,31.94,20.36,10.42
2017-10-28,7.0,31.21,20.28,18.88
2017-10-29,7.98,26.03,20.32,7.55
2017-10-30,4.94,25.16,19.2,7.25
2017-10-31,6.51,28.63,16.24,14.27
2017-11-01,0.0,27.88,13.91,24.18
2017-11-02,0.1,29.49,13.62,29.3
2017-11-03,13.34,31.73,14.24,27.71
2017-11-04,32.66,28.11,20.35,20.06
2017-11-05,5.76,24.73,17.0,7.73
2017-11-06,0.41,26.04,15.96,16.68
2017-11-07,0.0,26.34,14.65,18.99
2017-11-08,2.55,26.72,15.9,16.74
2017-11-09,2.42,28.86,16.81,15.6
2017-11-10,4.9,29.99,18.26,23.75
2017-11-11,11.57,26.9,15.82,16.98
2017-11-12,0.0,30.05,13.98,32.15
2017-11-13,0.1,30.01,14.23,31.25
2017-11-14,0.02,31.0,11.05,31.97
2017-11-15,0.07,34.14,13.6,29.36
2017-11-16,8.46,31.75,20.21,27.75
2017-11-17,4.63,28.77,19.43,16.43
2017-11-18,15.07,27.62,19.0,20.61
2017-11-19,6.2,28.59,18.98,16.3
2017-11-20,5.93,26.66,17.45,13.22
2017-11-21,25.49,27.44,17.5,18.75
2017-11-22,6.23,28.97,16.87,14.85
2017-11-23,0.01,28.02,15.04,22.82
2017-11-24,0.01,31.67,15.25,29.88
2017-11-25,5.33,32.42,16.62,26.94
2017-11-26,18.63,28.44,20.92,14.28
2017-11-27,17.4,29.66,19.64,12.9
2017-11-28,1.73,28.15,17.88,22.4
2017-11-29,0.0,29.09,15.77,30.68
2017-11-30,0.07,26.81,14.8,21.05
2017-12-01,1.55,27.18,16.73,17.93
2017-12-02,0.08,27.65,16.74,18.68
2017-12-03,0.0,31.4,17.33,22.62
2017-12-04,0.0,33.17,18.0,28.79
2017-12-05,0.02,32.85,19.7,25.04
2017-12-06,3.34,30.96,19.78,20.24
2017-12-07,8.76,29.7,18.84,9.84
2017-12-08,2.33,32.1,20.48,21.3
2017-12-09,0.17,31.16,18.36,25.36
2017-12-10,2.77,31.34,19.12,25.97
2017-12-11,0.18,32.51,19.06,27.69
2017-12-12,0.07,29.3,17.09,23.45
2017-12-13,0.02,31.85,16.4,25.82
2017-12-14,0.06,33.24,17.46,29.35
2017-12-15,1.1,33.68,18.95,25.83
2017-12-16,0.29,33.77,18.43,27.74
2017-12-17,6.81,32.8,21.14,29.4
2017-12-18,4.25,29.97,21.6,22.5
2017-12-19,6.76,32.17,20.26,22.93
2017-12-20,5.94,27.81,20.77,18.82
2017-12-21,22.25,24.5,20.1,7.79
2017-12-22,5.04,29.5,19.74,12.53
2017-12-23,1.66,29.03,20.28,20.42
2017-12-24,2.99,27.11,20.85,18.42
2017-12-25,22.82,27.05,19.99,13.41
2017-12-26,3.08,27.59,18.92,19.92
2017-12-27,1.68,27.7,20.4,20.76
2017-12-28,5.72,30.11,20.63,15.16
2017-12-29,5.02,26.14,20.16,11.27
2017-12-30,8.6,27.45,20.57,12.17
2017-12-31,9.81,30.26,20.42,17.8
2018-01-01,2.3,31.85,19.81,19.57
2018-01-02,9.53,26.69,21.49,17.36
2018-01-03,14.44,29.7,20.34,16.53
2018-01-04,0.76,30.81,18.25,30.67
2018-01-05,0.46,31.66,15.92,27.95
2018-01-06,7.22,26.89,19.42,19.35
2018-01-07,3.96,27.5,18.81,15.05
2018-01-08,9.13,24.88,18.51,10.25
2018-01-09,3.26,25.15,18.6,10.73
2018-01-10,3.72,27.46,19.56,24.14
2018-01-11,8.85,27.27,20.21,17.36
2018-01-12,6.93,25.47,18.37,13.68
2018-01-13,4.58,27.95,18.32,14.75
2018-01-14,13.2,26.75,19.68,18.37
2018-01-15,9.44,27.65,20.12,20.35
2018-01-16,3.38,30.62,20.1,17.75
2018-01-17,1.54,29.27,20.88,22.18
2018-01-18,2.93,28.89,21.12,17.08
2018-01-19,8.12,29.73,19.49,16.86
2018-01-20,7.03,28.74,20.61,20.65
2018-01-21,1.22,30.67,20.41,20.01
2018-01-22,1.36,32.27,20.75,26.65
2018-01-23,16.26,30.48,21.8,25.39
2018-01-24,12.67,31.06,21.04,24.2
2018-01-25,6.08,28.93,21.45,21.15
2018-01-26,0.9,28.98,20.18,18.82
2018-01-27,0.24,29.86,18.52,21.22
2018-01-28,7.18,30.91,18.77,24.61
2018-01-29,18.2,29.92,21.67,17.68
2018-01-30,16.77,28.48,17.71,8.13
2018-01-31,0.94,28.66,16.83,26.48
2018-02-01,0.06,28.98,17.26,28.63
2018-02-02,0.0,28.64,17.84,19.58
2018-02-03,0.0,29.48,17.04,25.75
2018-02-04,0.33,28.88,15.47,22.96
2018-02-05,1.14,26.99,17.29,22.73
2018-02-06,0.42,27.76,17.32,21.01
2018-02-07,0.02,30.49,16.94,28.25
2018-02-08,0.0,31.68,17.07,27.9
2018-02-09,0.25,33.21,17.6,28.05
2018-02-10,2.56,27.82,22.23,18.99
2018-02-11,1.69,30.93,20.92,16.98
2018-02-12,0.75,30.88,20.36,18.29
2018-02-13,2.57,27.56,18.78,11.5
2018-02-14,8.99,24.21,17.46,12.12
2018-02-15,5.14,29.05,16.58,14.49
2018-02-16,2.11,27.98,18.43,24.11
2018-02-17,1.2,28.63,18.27,22.24
2018-02-18,1.92,26.61,18.84,10.49
2018-02-19,8.24,28.59,19.09,15.66
2018-02-20,11.76,26.37,20.3,14.71
2018-02-21,4.34,29.53,20.64,22.39
2018-02-22,4.14,30.54,20.17,21.79
2018-02-23,1.73,29.71,18.52,24.78
2018-02-24,0.05,29.8,16.98,26.3
2018-02-25,0.06,30.47,16.87,23.97
2018-02-26,37.54,28.98,17.75,16.47
2018-02-27,14.92,25.79,19.7,16.66
2018-02-28,3.53,31.42,18.42,23.93
2018-03-01,3.84,30.54,20.82,20.63
2018-03-02,10.17,27.94,21.28,19.42
2018-03-03,3.81,29.3,21.47,18.51
2018-03-04,0.12,31.55,20.05,20.43
2018-03-05,2.48,31.58,20.15,22.32
2018-03-06,18.31,31.52,20.41,20.27
2018-03-07,3.23,29.87,19.71,15.44
2018-03-08,0.02,30.07,19.94,16.41
2018-03-09,0.98,29.69,18.03,22.84
2018-03-10,3.36,28.2,18.89,17.61
2018-03-11,0.19,31.63,19.0,25.42
2018-03-12,0.15,32.81,20.27,21.55
2018-03-13,0.21,33.36,21.21,20.78
2018-03-14,15.44,29.15,22.26,22.58
2018-03-15,3.35,30.12,21.97,21.5
2018-03-16,5.36,29.53,22.31,22.0
2018-03-17,2.3,31.0,20.77,21.21
2018-03-18,0.02,32.59,19.74,24.11
2018-03-19,0.34,32.21,21.27,19.15
2018-03-20,32.49,26.89,22.74,18.97
2018-03-21,15.4,28.86,20.5,17.11
2018-03-22,0.77,29.26,18.78,15.85
2018-03-23,0.07,30.5,18.99,20.75
2018-03-24,0.11,29.85,20.79,22.44
2018-03-25,0.42,29.49,19.17,21.01
2018-03-26,13.71,26.91,20.72,8.38
2018-03-27,5.36,27.49,19.91,12.85
2018-03-28,5.5,27.77,20.31,17.36
2018-03-29,3.92,26.62,19.35,17.88
2018-03-30,3.39,28.02,19.32,17.92
2018-03-31,8.93,26.34,20.35,12.8
2018-04-01,9.23,25.85,19.62,14.23
2018-04-02,1.87,27.1,19.91,12.59
2018-04-03,10.68,27.84,19.25,10.39
2018-04-04,1.03,27.91,18.5,18.41
2018-04-05,0.05,28.23,17.54,20.4
2018-04-06,0.02,28.14,17.58,20.51
2018-04-07,0.01,28.58,17.1,21.52
2018-04-08,0.05,28.31,17.53,20.78
2018-04-09,0.01,28.82,18.02,19.27
2018-04-10,0.01,28.4,17.65,20.54
2018-04-11,0.01,28.16,17.3,21.08
2018-04-12,0.23,27.29,16.02,18.74
2018-04-13,0.0,29.04,16.5,20.81
2018-04-14,0.12,28.12,18.75,17.28
2018-04-15,0.29,24.0,18.27,10.71
2018-04-16,0.2,25.88,16.86,12.38
2018-04-17,0.04,25.93,15.31,15.77
2018-04-18,0.02,26.6,15.01,20.06
2018-04-19,0.06,27.12,13.9,21.38
2018-04-20,0.03,26.84,14.17,18.38
2018-04-21,0.01,25.59,12.57,20.55
2018-04-22,0.07,27.42,12.93,18.17
2018-04-23,0.02,27.64,15.71,17.82
2018-04-24,0.01,28.37,16.16,18.28
2018-04-25,0.02,28.79,16.59,17.83
2018-04-26,0.0,29.18,17.45,18.2
2018-04-27,0.04,29.13,17.79,17.57
2018-04-28,0.03,29.39,17.6,18.39
2018-04-29,0.05,29.04,17.7,18.41
2018-04-30,0.02,29.56,16.57,18.37
2018-05-01,0.01,29.37,16.55,15.66
2018-05-02,0.01,28.87,16.97,15.63
2018-05-03,0.01,29.09,16.41,17.32
2018-05-04,0.04,29.63,14.95,18.5
2018-05-05,0.02,30.25,17.04,15.85
2018-05-06,0.03,29.04,17.25,16.67
2018-05-07,0.21,27.58,16.24,13.67
2018-05-08,0.03,27.52,16.24,14.03
2018-05-09,0.01,27.11,15.85,17.55
2018-05-10,0.01,27.21,14.56,17.28
2018-05-11,0.05,27.65,15.05,15.57
2018-05-12,0.02,26.27,16.25,11.28
2018-05-13,0.0,26.33,15.83,14.8
2018-05-14,0.03,27.35,14.5,16.6
2018-05-15,0.64,27.21,16.51,10.55
2018-05-16,0.65,26.82,15.57,12.06
2018-05-17,0.08,27.24,16.77,15.04
2018-05-18,7.6,27.86,16.15,13.36
2018-05-19,3.35,24.95,13.59,7.01
2018-05-20,0.16,18.71,8.01,16.15
2018-05-21,0.5,20.44,6.45,17.8
2018-05-22,0.05,23.2,6.91,17.48
2018-05-23,0.03,23.72,7.98,15.73
2018-05-24,0.04,24.47,12.53,15.39
2018-05-25,0.12,25.25,13.57,11.69
2018-05-26,0.1,25.24,13.75,14.82
2018-05-27,0.11,25.28,13.79,16.08
2018-05-28,0.03,24.93,12.33,15.75
2018-05-29,0.0,24.96,10.31,15.54
2018-05-30,0.01,24.92,10.86,16.21
2018-05-31,0.0,25.39,11.51,16.02
2018-06-01,0.0,25.78,11.47,15.83
2018-06-02,0.15,27.67,13.9,9.68
2018-06-03,0.56,22.81,14.12,6.6
2018-06-04,0.03,23.11,13.28,7.33
2018-06-05,0.22,24.45,14.07,6.56
2018-06-06,0.53,25.32,15.29,8.56
2018-06-07,2.22,25.72,15.61,6.52
2018-06-08,0.11,22.82,12.2,11.98
2018-06-09,0.04,23.99,10.7,11.5
2018-06-10,0.01,26.38,14.46,9.51
2018-06-11,0.01,28.58,16.95,12.0
2018-06-12,8.44,29.03,16.89,10.92
2018-06-13,4.88,27.45,18.59,8.2
2018-06-14,0.74,22.02,14.1,6.61
2018-06-15,0.2,17.65,12.82,8.35
2018-06-16,0.01,20.89,12.54,8.43
2018-06-17,0.0,23.76,11.66,13.09
2018-06-18,0.0,24.06,13.49,11.45
2018-06-19,0.01,25.21,14.16,13.62
2018-06-20,0.03,26.15,13.38,14.99
2018-06-21,0.03,26.28,12.33,14.02
2018-06-22,0.05,26.33,13.56,12.42
2018-06-23,0.01,26.82,13.57,14.35
2018-06-24,0.02,27.85,16.34,13.66
2018-06-25,0.03,27.62,16.11,14.67
2018-06-26,0.0,29.11,13.31,11.35
2018-06-27,0.0,28.57,15.01,12.6
2018-06-28,0.03,28.25,14.39,11.09
2018-06-29,0.03,27.75,13.84,14.88
2018-06-30,0.02,27.91,13.75,13.63
2018-07-01,0.08,27.82,14.33,14.15
2018-07-02,0.0,28.52,14.07,14.46
2018-07-03,0.03,28.58,13.49,13.44
2018-07-04,0.02,27.65,13.56,13.44
2018-07-05,0.03,28.71,14.38,14.54
2018-07-06,0.0,28.67,14.66,12.56
2018-07-07,0.01,27.3,14.04,12.95
2018-07-08,0.0,28.36,13.71,15.49
2018-07-09,0.28,27.29,14.37,12.62
2018-07-10,0.21,20.94,8.77,12.28
2018-07-11,0.0,20.06,7.56,12.52
2018-07-12,0.0,20.77,7.79,16.78
2018-07-13,0.01,21.67,7.0,15.05
2018-07-14,0.0,27.9,10.99,16.36
2018-07-15,0.0,29.37,11.5,16.84
2018-07-16,0.01,29.52,12.62,16.54
2018-07-17,0.01,28.66,10.93,16.47
2018-07-18,0.01,28.95,11.77,16.5
2018-07-19,0.01,29.37,13.07,16.72
2018-07-20,0.01,30.02,12.92,17.01
2018-07-21,0.01,29.69,13.3,13.16
2018-07-22,0.02,27.14,13.13,11.6
2018-07-23,0.01,27.92,14.34,13.76
2018-07-24,0.0,26.54,13.46,13.23
2018-07-25,0.0,26.31,13.68,13.17
2018-07-26,0.02,27.7,14.31,15.78
2018-07-27,0.01,28.57,12.82,16.43
2018-07-28,0.01,29.74,12.8,17.22
2018-07-29,0.01,30.42,14.77,16.26
2018-07-30,0.95,25.71,16.98,9.16
2018-07-31,6.34,24.44,13.24,9.71
2018-08-01,1.93,22.22,12.85,5.44
2018-08-02,0.73,23.68,12.44,9.51
2018-08-03,28.16,20.15,14.06,1.86
2018-08-04,8.19,23.97,14.17,7.2
2018-08-05,0.63,20.81,14.06,5.34
2018-08-06,11.27,18.0,13.4,3.53
2018-08-07,0.43,23.29,10.59,11.93
2018-08-08,4.76,26.89,11.6,14.87
2018-08-09,3.06,26.15,10.77,9.84
2018-08-10,0.0,21.15,6.38,19.69
2018-08-11,0.08,23.1,6.0,18.52
2018-08-12,0.0,23.55,6.72,16.06
2018-08-13,0.03,25.77,9.43,18.95
2018-08-14,0.13,27.9,10.74,20.1
2018-08-15,0.2,26.92,11.11,13.54
2018-08-16,0.0,24.65,13.05,11.84
2018-08-17,0.05,24.61,12.96,11.72
2018-08-18,0.01,26.35,13.32,17.99
2018-08-19,0.01,28.1,12.77,19.01
2018-08-20,0.01,29.8,12.22,19.78
2018-08-21,0.01,30.14,13.19,18.81
2018-08-22,0.14,27.14,15.38,10.62
2018-08-23,0.16,30.34,15.46,16.09
2018-08-24,2.75,32.14,16.53,10.78
2018-08-25,12.48,28.08,15.75,10.37
2018-08-26,0.01,23.11,11.18,11.29
2018-08-27,0.03,24.99,9.5,16.64
2018-08-28,0.0,28.41,12.37,19.77
2018-08-29,0.03,29.23,12.92,21.38
2018-08-30,0.01,30.57,13.67,21.03
2018-08-31,0.03,32.19,15.03,21.88
2018-09-01,0.03,33.34,15.45,20.86
2018-09-02,0.03,33.91,15.72,16.51
2018-09-03,1.78,22.75,12.78,7.48
2018-09-04,2.37,22.68,10.66,9.28
2018-09-05,0.25,22.95,10.83,15.58
2018-09-06,0.01,26.96,9.8,23.18
2018-09-07,0.0,30.55,10.88,23.4
2018-09-08,0.01,30.81,12.24,23.23
2018-09-09,0.0,30.84,12.92,22.24
2018-09-10,0.0,29.46,13.42,22.73
2018-09-11,0.0,29.08,12.9,21.45
2018-09-12,0.0,29.49,13.46,19.88
2018-09-13,4.77,31.03,13.77,20.44
2018-09-14,3.23,30.09,15.14,2.7
2018-09-15,8.98,27.1,16.29,10.28
2018-09-16,0.54,27.69,13.94,19.39
2018-09-17,10.6,21.14,14.45,6.06
2018-09-18,2.09,27.23,18.45,13.22
2018-09-19,9.93,28.65,17.8,19.94
2018-09-20,19.18,27.81,19.05,8.5
2018-09-21,0.77,29.56,18.27,19.71
2018-09-22,0.03,31.2,16.7,24.79
2018-09-23,0.01,33.3,14.89,25.49
2018-09-24,0.02,34.07,13.95,25.82
2018-09-25,0.15,33.45,15.6,22.04
2018-09-26,0.53,33.67,18.1,15.76
2018-09-27,5.44,29.77,20.79,8.19
2018-09-28,0.32,30.4,18.84,13.11
2018-09-29,0.01,28.89,19.2,19.51
2018-09-30,7.44,24.88,19.77,12.46
2018-10-01,0.42,30.27,19.26,16.92
2018-10-02,0.3,34.0,18.27,21.14
2018-10-03,4.39,32.79,21.1,18.06
2018-10-04,0.62,30.6,18.01,19.82
2018-10-05,0.05,29.59,15.81,15.23
2018-10-06,0.58,27.03,14.88,7.23
2018-10-07,12.61,30.29,15.84,9.3
2018-10-08,26.72,24.64,18.12,7.16
2018-10-09,17.51,29.9,19.37,18.58
2018-10-10,8.14,29.95,21.06,17.69
2018-10-11,4.53,26.74,17.8,7.86
2018-10-12,0.03,29.75,17.44,20.45
2018-10-13,2.91,29.5,19.92,16.22
2018-10-14,4.92,27.55,17.06,14.46
2018-10-15,11.89,27.02,17.22,13.07
2018-10-16,2.06,29.98,16.46,19.01
2018-10-17,19.31,29.46,19.18,17.45
2018-10-18,17.86,28.78,21.27,20.89
2018-10-19,15.04,25.29,16.62,12.99
2018-10-20,0.03,24.9,14.14,26.91
2018-10-21,0.0,26.35,13.18,25.42
2018-10-22,0.0,30.09,13.01,26.7
2018-10-23,2.26,31.34,16.36,23.56
2018-10-24,8.18,24.46,17.44,6.64
2018-10-25,14.81,25.9,17.35,7.05
2018-10-26,2.85,29.01,17.62,12.88
2018-10-27,2.38,28.92,19.86,16.18
2018-10-28,0.42,25.96,14.29,23.07
2018-10-29,0.03,27.41,12.63,22.23
2018-10-30,0.0,31.41,13.67,28.59
2018-10-31,0.64,32.32,16.48,22.3
2018-11-01,0.64,28.75,20.2,16.9
2018-11-02,0.15,31.89,17.31,23.99
2018-11-03,3.78,33.49,18.03,22.03
2018-11-04,1.49,24.37,17.37,18.85
2018-11-05,0.37,28.31,15.42,15.26
2018-11-06,0.53,27.9,16.75,16.27
2018-11-07,4.04,23.85,17.04,19.26
2018-11-08,1.48,23.24,16.09,13.1
2018-11-09,0.95,27.22,15.73,14.49
2018-11-10,1.41,30.16,17.74,13.92
2018-11-11,1.38,31.66,18.48,23.05
2018-11-12,0.15,33.61,18.12,26.76
2018-11-13,0.03,34.47,19.39,26.57
2018-11-14,1.11,33.07,21.36,21.61
2018-11-15,1.74,33.0,20.98,20.69
2018-11-16,0.17,33.04,18.66,24.15
2018-11-17,0.85,30.72,17.54,23.18
2018-11-18,26.49,28.78,20.59,11.82
2018-11-19,30.69,21.98,15.74,10.12
2018-11-20,0.14,25.44,14.32,16.78
2018-11-21,0.23,27.82,14.84,16.49
2018-11-22,0.39,28.77,17.63,22.41
2018-11-23,20.89,29.76,19.34,20.46
2018-11-24,18.7,26.61,20.81,11.33
2018-11-25,23.12,26.15,18.89,18.21
2018-11-26,0.87,26.86,15.96,25.76
2018-11-27,0.16,28.25,15.26,26.4
2018-11-28,0.12,29.78,17.19,25.98
2018-11-29,0.29,31.28,18.84,22.06
2018-11-30,19.65,30.98,20.34,22.89
2018-12-01,27.22,28.22,20.77,15.09
2018-12-02,2.69,28.72,18.37,23.26
2018-12-03,0.34,28.24,16.62,21.72
2018-12-04,0.03,30.74,16.14,27.72
2018-12-05,0.4,31.84,19.06,28.33
2018-12-06,0.0,31.86,16.33,28.82
2018-12-07,0.14,30.14,17.09,21.86
2018-12-08,0.07,25.85,14.39,22.15
2018-12-09,0.0,29.05,12.27,31.3
2018-12-10,0.0,30.88,15.6,29.36
2018-12-11,0.02,32.66,18.9,29.49
2018-12-12,0.01,34.2,18.46,30.54
2018-12-13,0.76,34.22,21.0,28.26
2018-12-14,2.87,32.42,21.98,30.07
2018-12-15,6.29,33.71,21.16,28.67
2018-12-16,4.69,33.73,20.88,28.33
2018-12-17,3.7,32.5,21.73,28.96
2018-12-18,3.77,33.73,22.97,25.09
2018-12-19,5.37,29.94,21.61,21.24
2018-12-20,1.17,31.27,21.34,27.47
2018-12-21,5.74,33.21,23.45,22.17
2018-12-22,17.88,31.07,22.24,24.77
2018-12-23,6.85,29.22,21.19,18.49
2018-12-24,13.63,28.08,20.0,13.3
2018-12-25,0.72,28.26,18.94,17.72
2018-12-26,0.7,28.67,18.24,24.43
2018-12-27,0.13,30.11,18.57,26.64
2018-12-28,2.24,31.98,19.07,26.35
2018-12-29,1.38,32.47,20.3,28.69
2018-12-30,0.22,33.69,19.83,30.0
2018-12-31,0.33,34.16,19.66,30.49
2019-01-01,1.65,34.39,19.99,24.55
2019-01-02,2.83,32.2,21.91,21.5
2019-01-03,6.31,32.65,21.55,22.99
2019-01-04,17.36,27.36,22.88,17.42
2019-01-05,16.19,28.57,20.02,9.82
2019-01-06,4.47,29.23,20.33,17.5
2019-01-07,0.75,32.37,20.25,29.49
2019-01-08,4.02,30.92,21.73,23.47
2019-01-09,2.67,31.3,21.73,27.96
2019-01-10,9.16,28.1,21.44,28.48
2019-01-11,5.88,28.28,20.18,25.09
2019-01-12,7.17,28.68,20.78,28.44
2019-01-13,3.34,30.57,20.65,24.41
2019-01-14,4.09,30.99,21.46,23.44
2019-01-15,1.38,32.18,22.2,23.58
2019-01-16,5.8,29.18,22.64,20.69
2019-01-17,1.41,31.29,20.72,23.06
2019-01-18,5.49,32.74,21.41,25.15
2019-01-19,2.57,32.5,21.94,28.36
2019-01-20,3.87,31.52,21.47,24.03
2019-01-21,1.06,33.98,21.97,28.33
2019-01-22,0.49,33.9,21.99,24.64
2019-01-23,4.61,32.98,22.36,24.29
2019-01-24,4.77,28.93,22.18,23.22
2019-01-25,13.31,31.38,20.0,16.32
2019-01-26,8.87,25.87,18.81,27.68
2019-01-27,0.59,30.43,18.75,24.84
2019-01-28,0.01,33.03,19.15,30.04
2019-01-29,0.02,34.7,19.43,28.91
2019-01-30,0.15,34.11,21.04,28.38
2019-01-31,1.51,35.99,21.54,28.74
2019-02-01,0.66,35.85,19.91,29.65
2019-02-02,0.38,36.66,19.94,29.89
2019-02-03,2.89,34.74,20.67,24.07
2019-02-04,1.68,28.59,18.99,12.75
2019-02-05,0.67,29.77,18.18,14.89
2019-02-06,11.82,28.36,17.96,8.67
2019-02-07,0.64,31.57,17.52,24.7
2019-02-08,0.0,33.19,18.23,29.07
2019-02-09,0.01,34.2,18.83,29.53
2019-02-10,0.21,35.13,18.64,25.8
2019-02-11,9.05,31.28,23.19,21.13
2019-02-12,16.02,30.15,22.18,15.99
2019-02-13,1.27,27.88,18.29,11.66
2019-02-14,0.38,27.21,16.51,14.72
2019-02-15,26.19,26.46,16.97,7.68
2019-02-16,7.05,25.87,20.2,11.92
2019-02-17,3.29,29.42,18.7,14.33
2019-02-18,2.59,28.17,20.22,17.86
2019-02-19,1.77,30.54,19.29,24.29
2019-02-20,3.59,29.89,19.28,18.56
2019-02-21,4.15,28.89,20.52,17.2
2019-02-22,1.68,30.01,21.23,18.93
2019-02-23,5.08,30.06,20.24,24.21
2019-02-24,5.96,30.33,21.4,25.93
2019-02-25,17.01,28.69,21.04,18.59
2019-02-26,13.67,28.74,21.51,9.78
2019-02-27,9.89,28.82,19.8,12.28
2019-02-28,14.63,26.69,20.89,7.07
2019-03-01,2.15,27.25,19.91,9.61
2019-03-02,5.29,28.93,20.67,15.81
2019-03-03,6.58,28.94,20.64,19.99
2019-03-04,2.42,29.44,19.73,20.36
2019-03-05,2.76,29.63,20.08,21.89
2019-03-06,3.57,30.71,19.78,24.25
2019-03-07,4.38,28.67,20.2,16.36
2019-03-08,0.34,30.73,19.94,22.61
2019-03-09,0.98,30.33,22.22,22.81
2019-03-10,2.47,27.53,20.74,18.86
2019-03-11,0.2,29.42,19.46,14.04
2019-03-12,0.71,29.09,20.11,22.81
2019-03-13,3.47,29.09,20.77,19.44
2019-03-14,11.43,27.41,21.29,18.96
2019-03-15,10.66,28.29,21.08,15.62
2019-03-16,10.39,29.0,20.87,16.75
2019-03-17,0.89,30.02,20.71,16.8
2019-03-18,1.38,31.55,21.74,17.07
2019-03-19,4.83,30.68,21.67,19.69
2019-03-20,10.51,26.89,20.37,18.19
2019-03-21,2.09,25.05,18.2,8.1
2019-03-22,0.02,26.86,17.05,14.14
2019-03-23,0.0,29.32,17.04,23.43
2019-03-24,0.0,29.95,17.4,23.11
2019-03-25,0.0,30.96,17.68,23.31
2019-03-26,0.02,31.16,18.97,21.51
2019-03-27,0.08,30.14,19.46,18.82
2019-03-28,0.08,29.47,18.93,17.82
2019-03-29,0.01,28.4,18.23,20.09
2019-03-30,0.0,28.6,16.84,21.3
2019-03-31,0.03,30.11,17.45,22.86
2019-04-01,0.02,29.09,17.82,22.52
2019-04-02,0.02,29.83,15.8,22.83
2019-04-03,0.0,31.21,17.71,20.53
2019-04-04,0.0,32.58,19.18,21.39
2019-04-05,1.22,31.35,21.78,17.74
2019-04-06,26.44,29.88,21.56,14.92
2019-04-07,13.58,27.27,21.33,10.95
2019-04-08,31.01,26.12,18.12,4.72
2019-04-09,0.39,25.81,16.57,11.42
2019-04-10,0.09,26.08,15.77,17.35
2019-04-11,0.03,28.2,16.45,19.72
2019-04-12,0.06,29.35,17.37,19.08
2019-04-13,0.37,29.09,18.08,16.56
2019-04-14,2.95,25.75,19.68,9.26
2019-04-15,0.21,29.02,17.68,17.11
2019-04-16,2.14,29.31,18.64,14.33
2019-04-17,0.16,29.52,18.09,18.55
2019-04-18,0.14,28.38,15.95,21.26
2019-04-19,0.0,28.62,15.11,21.97
2019-04-20,0.02,29.36,14.89,20.61
2019-04-21,0.02,30.57,16.79,18.42
2019-04-22,0.58,30.19,18.34,13.51
2019-04-23,3.65,29.43,19.28,11.97
2019-04-24,0.57,29.59,19.24,16.68
2019-04-25,1.49,30.37,19.84,15.34
2019-04-26,0.4,29.42,20.25,11.55
2019-04-27,0.05,30.59,19.95,17.25
2019-04-28,18.7,29.45,18.26,14.61
2019-04-29,2.14,26.21,14.36,15.62
2019-04-30,0.09,26.7,15.76,17.96
2019-05-01,0.08,27.03,15.74,16.21
2019-05-02,0.07,29.06,17.14,13.11
2019-05-03,0.1,30.02,18.48,15.89
2019-05-04,0.03,29.67,20.28,14.04
2019-05-05,0.54,26.89,18.8,16.43
2019-05-06,0.99,29.79,18.72,15.82
2019-05-07,1.09,28.36,18.73,9.93
2019-05-08,0.13,26.28,17.08,12.6
2019-05-09,0.33,27.05,16.87,12.76
2019-05-10,0.07,29.71,17.1,13.96
2019-05-11,1.31,30.05,19.4,9.54
2019-05-12,0.72,29.82,19.98,11.88
2019-05-13,0.09,28.97,19.46,14.77
2019-05-14,0.06,29.08,17.07,11.63
2019-05-15,0.11,24.76,16.13,12.38
2019-05-16,0.17,24.18,17.2,9.47
2019-05-17,3.46,23.34,16.46,6.13
2019-05-18,6.86,24.04,16.99,7.8
2019-05-19,0.28,25.25,15.71,9.69
2019-05-20,0.2,26.28,14.82,11.34
2019-05-21,0.0,27.2,13.91,15.11
2019-05-22,0.02,27.05,14.4,16.71
2019-05-23,0.15,26.85,14.17,12.85
2019-05-24,3.83,22.67,14.64,4.78
2019-05-25,0.04,22.9,10.13,13.53
2019-05-26,0.09,24.11,11.59,16.48
2019-05-27,0.07,27.45,11.16,16.57
2019-05-28,0.01,28.89,12.0,14.89
2019-05-29,11.1,27.7,16.54,11.73
2019-05-30,0.03,29.02,16.59,10.48
2019-05-31,1.1,28.92,16.16,10.87
2019-06-01,6.47,27.75,17.49,7.82
2019-06-02,20.83,24.85,17.65,2.56
2019-06-03,8.8,21.82,14.5,6.56
2019-06-04,0.04,20.38,10.05,14.75
2019-06-05,0.06,21.31,9.68,11.63
2019-06-06,0.02,22.61,12.1,13.78
2019-06-07,0.04,24.64,10.15,16.09
2019-06-08,0.0,23.67,12.47,13.1
2019-06-09,0.01,23.6,10.75,15.63
2019-06-10,0.08,24.74,11.94,15.67
2019-06-11,0.02,25.67,11.78,15.16
2019-06-12,0.0,26.39,11.36,14.45
2019-06-13,0.01,27.35,13.54,14.77
2019-06-14,0.0,27.9,14.14,14.96
2019-06-15,0.0,27.49,13.93,14.62
2019-06-16,0.0,27.11,14.11,14.48
2019-06-17,0.06,25.93,14.54,12.21
2019-06-18,0.06,25.8,13.9,10.92
2019-06-19,0.0,26.85,14.15,13.71
2019-06-20,0.01,26.91,14.13,13.16
2019-06-21,0.05,25.38,14.26,14.44
2019-06-22,0.06,26.22,14.03,14.34
2019-06-23,0.0,26.33,12.95,15.56
2019-06-24,0.0,26.75,12.71,15.76
2019-06-25,0.0,27.57,11.67,14.34
2019-06-26,0.82,28.43,14.66,14.45
2019-06-27,0.91,27.07,16.43,13.19
2019-06-28,0.03,28.91,16.35,13.04
2019-06-29,0.0,28.9,14.61,15.51
2019-06-30,0.01,28.84,13.87,15.38
2019-07-01,0.0,28.77,13.55,13.86
2019-07-02,0.0,28.33,14.62,12.38
2019-07-03,0.21,28.65,15.59,11.52
2019-07-04,54.44,20.16,15.01,2.65
2019-07-05,13.23,17.31,10.29,3.88
2019-07-06,0.02,15.12,4.17,16.45
2019-07-07,0.05,16.79,3.57,15.81
2019-07-08,0.11,19.46,5.6,16.52
2019-07-09,0.12,21.84,7.75,16.27
2019-07-10,0.43,23.13,8.61,16.42
2019-07-11,0.01,24.15,9.15,16.44
2019-07-12,0.01,25.07,8.35,16.82
2019-07-13,0.01,26.9,12.72,16.16
2019-07-14,0.0,27.39,12.97,15.9
2019-07-15,1.77,27.79,14.26,12.75
2019-07-16,1.6,21.7,7.95,10.81
2019-07-17,0.02,19.47,6.83,10.6
2019-07-18,0.07,21.51,9.76,16.29
2019-07-19,0.05,23.4,11.44,14.48
2019-07-20,0.0,24.49,9.88,15.65
2019-07-21,0.0,24.77,9.88,15.11
2019-07-22,0.0,26.34,13.06,15.23
2019-07-23,0.0,27.19,12.4,16.96
2019-07-24,0.0,27.74,11.69,17.13
2019-07-25,0.01,26.93,12.95,12.71
2019-07-26,0.03,27.99,14.83,15.86
2019-07-27,0.0,28.58,13.88,15.74
2019-07-28,0.0,25.85,14.83,15.24
2019-07-29,0.0,26.54,13.71,16.46
2019-07-30,3.75,27.34,14.26,15.46
2019-07-31,0.5,27.09,12.15,16.92
2019-08-01,0.02,29.13,12.09,18.02
2019-08-02,0.24,29.78,14.58,14.34
2019-08-03,0.88,17.26,9.88,6.49
2019-08-04,0.51,14.96,9.86,5.06
2019-08-05,0.45,22.65,9.45,11.93
2019-08-06,0.01,26.34,11.89,16.79
2019-08-07,0.03,27.56,13.15,17.14
2019-08-08,0.0,29.3,14.33,17.84
2019-08-09,0.0,30.35,13.58,18.74
2019-08-10,0.0,31.02,14.37,18.8
2019-08-11,0.0,30.22,14.08,16.28
2019-08-12,0.0,32.03,14.96,18.63
2019-08-13,0.0,27.91,14.13,13.52
2019-08-14,0.01,20.68,9.47,8.1
2019-08-15,0.0,24.93,9.37,19.3
2019-08-16,0.03,26.74,10.49,19.94
2019-08-17,0.0,29.13,10.59,19.8
2019-08-18,0.04,30.98,13.88,16.28
2019-08-19,0.53,24.04,14.57,6.1
2019-08-20,0.05,20.9,13.13,11.27
2019-08-21,0.01,26.43,12.29,14.72
2019-08-22,0.05,24.75,11.86,16.64
2019-08-23,0.46,25.82,11.96,17.87
2019-08-24,0.01,24.91,11.46,16.79
2019-08-25,0.0,26.51,11.47,20.71
2019-08-26,0.03,29.09,11.83,18.82
2019-08-27,0.0,30.53,13.0,18.96
2019-08-28,0.0,28.99,14.42,18.53
2019-08-29,0.02,30.16,13.59,19.9
2019-08-30,0.0,32.11,14.32,21.41
2019-08-31,0.03,34.6,19.09,17.52
2019-09-01,17.94,29.06,17.39,4.21
2019-09-02,7.57,27.6,13.51,9.34
2019-09-03,3.41,30.96,15.31,10.41
2019-09-04,0.27,29.16,15.57,15.42
2019-09-05,1.16,21.1,13.29,10.29
2019-09-06,1.18,26.36,13.14,12.52
2019-09-07,0.03,33.08,14.09,20.42
2019-09-08,0.01,34.35,17.85,20.88
2019-09-09,0.0,34.47,18.42,22.26
2019-09-10,0.0,35.55,16.84,22.26
2019-09-11,0.0,36.82,19.48,20.67
2019-09-12,0.0,37.68,23.16,21.18
2019-09-13,0.01,32.49,17.0,16.78
2019-09-14,0.0,32.8,16.2,19.15
2019-09-15,0.05,36.12,17.04,21.53
2019-09-16,0.0,36.76,18.93,22.13
2019-09-17,0.08,37.94,20.44,22.58
2019-09-18,0.03,37.81,19.46,21.64
2019-09-19,3.57,34.18,17.77,12.67
2019-09-20,3.67,32.67,19.56,6.84
2019-09-21,0.29,29.58,16.18,13.19
2019-09-22,0.02,24.9,14.97,12.18
2019-09-23,0.0,26.14,13.12,17.05
2019-09-24,0.17,28.62,12.93,17.37
2019-09-25,5.04,26.45,15.17,6.88
2019-09-26,1.84,27.75,15.17,8.54
2019-09-27,0.03,28.79,14.3,18.48
2019-09-28,0.01,28.58,13.0,19.43
2019-09-29,0.04,30.47,12.24,25.47
2019-09-30,0.0,32.01,13.65,26.54
2019-10-01,0.0,35.35,14.41,26.4
2019-10-02,0.0,37.6,16.19,25.93
2019-10-03,0.0,35.85,17.4,25.63
2019-10-04,0.02,35.04,15.49,26.43
2019-10-05,0.0,36.87,16.29,26.06
2019-10-06,1.42,33.66,18.03,20.45
2019-10-07,0.57,27.03,16.73,13.08
2019-10-08,2.75,27.32,16.95,8.78
2019-10-09,1.62,31.18,16.56,17.99
2019-10-10,0.01,31.92,15.35,24.36
2019-10-11,0.03,34.77,18.02,25.4
2019-10-12,0.28,36.38,19.24,25.59
2019-10-13,0.96,37.33,21.09,25.72
2019-10-14,0.48,38.2,21.4,26.25
2019-10-15,0.59,33.05,18.25,16.05
2019-10-16,0.23,32.85,17.58,22.8
2019-10-17,1.69,35.48,18.28,22.56
2019-10-18,17.13,31.92,19.56,23.14
2019-10-19,7.48,32.09,19.12,21.45
2019-10-20,0.04,30.13,16.79,21.1
2019-10-21,0.36,27.05,14.79,10.87
2019-10-22,2.39,29.64,18.32,18.46
2019-10-23,0.04,31.02,16.34,24.07
2019-10-24,0.01,33.85,16.71,23.29
2019-10-25,0.01,35.56,17.61,25.31
2019-10-26,0.0,35.92,18.19,26.72
2019-10-27,0.13,37.24,18.9,27.41
2019-10-28,2.06,34.0,23.12,25.09
2019-10-29,1.23,34.29,21.82,19.97
2019-10-30,0.96,37.64,21.19,27.12
2019-10-31,0.18,36.62,20.16,21.96
2019-11-01,0.01,36.23,18.95,24.86
2019-11-02,0.01,36.42,19.52,26.96
2019-11-03,0.0,38.69,19.71,26.27
2019-11-04,1.57,37.87,22.91,25.58
2019-11-05,6.38,38.41,23.44,20.37
2019-11-06,14.38,30.12,18.56,16.11
2019-11-07,0.09,33.11,17.33,13.36
2019-11-08,5.93,28.96,19.87,10.38
2019-11-09,1.87,29.14,19.71,18.19
2019-11-10,4.84,27.98,20.09,8.01
2019-11-11,1.32,30.95,19.47,15.23
2019-11-12,0.0,30.29,18.48,20.54
2019-11-13,19.77,30.38,18.3,21.97
2019-11-14,4.97,29.32,19.88,13.86
2019-11-15,8.78,30.66,17.98,16.42
2019-11-16,0.15,28.96,15.33,25.51
2019-11-17,0.0,30.38,14.42,29.27
2019-11-18,0.02,32.62,13.71,20.34
2019-11-19,0.01,32.96,16.84,20.79
2019-11-20,1.23,32.42,18.79,24.67
2019-11-21,2.7,33.28,18.2,27.8
2019-11-22,4.98,34.31,19.32,24.51
2019-11-23,4.48,34.6,19.87,21.77
2019-11-24,1.72,27.77,15.75,16.58
2019-11-25,0.01,31.5,12.72,23.42
2019-11-26,5.17,34.21,14.67,26.09
2019-11-27,23.43,28.59,20.05,6.69
2019-11-28,16.35,24.97,16.77,10.42
2019-11-29,0.06,30.0,14.7,27.35
2019-11-30,17.1,31.65,16.62,25.28
2019-12-01,2.35,33.98,18.95,20.09
2019-12-02,1.03,28.23,16.86,18.65
2019-12-03,0.0,29.61,14.67,26.39
2019-12-04,3.12,31.82,17.33,20.58
2019-12-05,4.15,29.84,21.29,12.25
2019-12-06,11.71,30.27,19.74,13.68
2019-12-07,0.27,31.11,16.55,29.97
2019-12-08,0.0,32.44,14.67,31.13
2019-12-09,2.38,31.38,17.4,13.78
2019-12-10,4.49,29.63,19.27,9.71
2019-12-11,16.1,27.4,20.14,11.86
2019-12-12,0.2,29.21,19.77,20.34
2019-12-13,3.28,30.95,20.36,20.98
2019-12-14,3.41,28.43,19.51,20.52
2019-12-15,1.85,29.46,20.05,16.24
2019-12-16,2.21,31.16,20.62,22.34
2019-12-17,9.53,29.64,20.8,14.03
2019-12-18,2.03,26.7,19.27,13.97
2019-12-19,2.03,29.88,18.1,18.63
2019-12-20,3.59,29.25,19.25,17.67
2019-12-21,1.2,30.29,20.38,22.58
2019-12-22,2.29,28.14,21.21,15.02
2019-12-23,9.41,31.1,19.73,20.07
2019-12-24,0.69,30.84,18.65,27.06
2019-12-25,0.0,33.92,18.25,30.75
2019-12-26,0.0,34.39,19.39,31.0
2019-12-27,0.07,34.45,18.69,27.87
2019-12-28,1.41,35.64,19.2,27.56
2019-12-29,0.27,35.87,19.72,26.83
2019-12-30,0.47,35.02,19.94,27.95
2019-12-31,0.2,36.82,20.2,28.64
2020-01-01,6.45,33.06,22.77,24.34
2020-01-02,9.26,29.74,22.04,14.15
2020-01-03,4.39,26.76,19.32,19.08
2020-01-04,3.26,29.33,18.59,17.53
2020-01-05,3.82,30.92,18.85,13.87
2020-01-06,2.32,33.22,20.73,25.61
2020-01-07,4.53,34.95,20.6,26.11
2020-01-08,13.06,30.31,22.77,18.45
2020-01-09,10.65,29.46,22.22,15.99
2020-01-10,3.93,32.52,21.89,19.29
2020-01-11,1.52,31.45,22.77,17.43
2020-01-12,9.59,30.61,21.39,15.61
2020-01-13,3.87,30.3,19.98,15.66
2020-01-14,0.13,30.98,18.79,21.31
2020-01-15,0.25,35.53,19.41,26.94
2020-01-16,9.43,33.77,22.78,21.6
2020-01-17,0.29,28.84,18.19,15.07
2020-01-18,0.02,29.69,17.0,20.33
2020-01-19,0.02,32.28,18.72,19.18
2020-01-20,0.2,31.69,19.57,21.24
2020-01-21,0.02,32.17,17.67,26.67
2020-01-22,1.66,31.31,18.28,10.93
2020-01-23,9.51,26.31,18.71,6.57
2020-01-24,0.48,30.19,18.08,18.71
2020-01-25,0.02,31.13,17.45,28.52
2020-01-26,0.0,33.95,16.74,30.61
2020-01-27,0.0,35.87,15.65,30.49
2020-01-28,0.82,35.64,19.6,26.77
2020-01-29,2.24,35.29,21.0,23.6
2020-01-30,9.11,30.44,22.77,16.53
2020-01-31,5.78,30.16,22.02,17.18
2020-02-01,9.31,29.05,22.12,12.02
2020-02-02,22.11,28.2,20.65,10.68
2020-02-03,21.44,25.61,20.17,12.41
2020-02-04,2.06,26.7,19.58,15.85
2020-02-05,3.32,29.24,19.91,16.63
2020-02-06,7.21,29.82,20.39,18.61
2020-02-07,2.18,27.49,20.48,16.3
2020-02-08,0.28,30.77,19.62,24.26
2020-02-09,18.34,30.29,20.19,20.16
2020-02-10,55.5,27.21,18.6,9.01
2020-02-11,8.21,26.31,17.71,14.31
2020-02-12,0.04,26.58,16.97,13.56
2020-02-13,0.03,28.88,16.46,22.17
2020-02-14,0.11,30.78,17.16,24.94
2020-02-15,0.22,32.59,18.27,25.56
2020-02-16,0.54,33.68,19.31,26.36
2020-02-17,0.95,32.05,20.58,24.9
2020-02-18,0.38,31.93,21.84,24.32
2020-02-19,4.92,32.23,21.43,16.51
2020-02-20,9.6,29.95,22.41,19.64
2020-02-21,17.69,30.26,21.79,14.93
2020-02-22,0.57,27.81,16.94,12.5
2020-02-23,0.14,26.39,15.11,20.42
2020-02-24,9.32,30.06,16.68,16.3
2020-02-25,10.76,31.23,20.28,14.42
2020-02-26,50.56,29.98,20.77,9.16
2020-02-27,5.13,25.66,16.73,13.88
2020-02-28,1.34,26.03,15.21,11.38
2020-02-29,0.35,28.19,17.26,14.97
2020-03-01,0.41,26.32,17.38,16.09
2020-03-02,0.64,26.78,17.8,19.29
2020-03-03,0.23,28.48,17.56,16.87
2020-03-04,0.02,29.08,17.7,23.8
2020-03-05,0.02,28.12,16.78,25.11
2020-03-06,0.01,27.85,15.19,25.98
2020-03-07,0.02,28.38,14.29,24.74
2020-03-08,7.86,28.88,15.94,21.58
2020-03-09,0.81,30.09,16.79,24.92
2020-03-10,0.17,31.4,17.56,24.55
2020-03-11,0.11,31.19,17.59,25.01
2020-03-12,0.0,31.68,18.13,25.07
2020-03-13,0.02,32.05,17.39,25.0
2020-03-14,0.05,32.08,19.32,23.97
2020-03-15,0.94,33.1,19.34,23.33
2020-03-16,12.41,31.66,20.87,23.06
2020-03-17,7.5,31.45,20.99,21.57
2020-03-18,6.41,31.5,19.48,22.62
2020-03-19,18.7,30.07,21.17,15.79
2020-03-20,13.17,27.75,21.28,14.41
2020-03-21,2.14,26.26,18.05,14.76
2020-03-22,0.03,27.27,16.11,24.4
2020-03-23,0.2,26.86,15.01,24.48
2020-03-24,0.07,26.95,15.04,24.1
2020-03-25,0.04,27.02,15.05,23.54
2020-03-26,0.01,27.01,14.51,23.73
2020-03-27,0.05,26.99,16.07,22.55
2020-03-28,1.27,27.51,17.14,20.2
2020-03-29,12.36,29.03,18.08,13.4
2020-03-30,0.59,28.93,18.87,19.77
2020-03-31,0.04,30.24,17.92,22.17
2020-04-01,0.04,28.9,18.13,21.99
2020-04-02,0.21,31.92,17.99,20.29
2020-04-03,0.72,31.43,15.57,14.73
2020-04-04,0.01,27.36,11.87,23.32
2020-04-05,0.03,28.64,14.58,23.14
2020-04-06,0.03,32.34,15.9,21.74
2020-04-07,6.15,27.36,18.54,10.12
2020-04-08,0.1,26.04,15.89,13.47
2020-04-09,0.02,25.89,13.41,22.54
2020-04-10,0.05,26.9,13.0,21.78
2020-04-11,0.01,26.73,14.68,17.02
2020-04-12,0.01,26.98,13.86,21.46
2020-04-13,0.14,27.91,13.98,21.56
2020-04-14,4.71,26.27,14.91,8.4
2020-04-15,0.23,24.74,14.75,16.15
2020-04-16,0.02,27.91,10.56,20.65
2020-04-17,0.04,26.0,12.49,20.84
2020-04-18,0.07,25.51,13.91,17.61
2020-04-19,0.03,26.88,15.33,18.99
2020-04-20,0.01,27.51,15.14,19.33
2020-04-21,0.01,28.08,14.42,20.38
2020-04-22,0.03,27.82,13.83,20.41
2020-04-23,0.06,27.61,13.96,19.46
2020-04-24,0.06,28.97,15.3,17.44
2020-04-25,0.02,30.4,15.96,19.14
2020-04-26,0.03,29.71,15.85,19.93
2020-04-27,0.04,27.39,15.08,19.13
2020-04-28,0.03,27.21,14.98,18.8
2020-04-29,0.01,28.56,13.91,19.27
2020-04-30,0.0,29.7,14.83,15.95
2020-05-01,0.05,30.26,14.82,17.0
2020-05-02,0.59,30.15,15.44,13.91
2020-05-03,0.21,25.62,13.37,18.46
2020-05-04,0.0,25.83,12.49,18.74
2020-05-05,0.06,27.96,12.25,17.52
2020-05-06,1.77,30.01,15.58,10.05
2020-05-07,0.23,21.6,11.69,9.26
2020-05-08,0.06,23.97,11.3,15.59
2020-05-09,0.04,25.91,11.44,18.99
2020-05-10,0.05,26.98,11.44,18.61
2020-05-11,0.02,27.92,11.47,18.56
2020-05-12,0.05,28.99,11.41,16.38
2020-05-13,1.24,25.94,13.17,8.63
2020-05-14,1.65,23.28,15.36,8.14
2020-05-15,0.26,23.77,14.23,9.38
2020-05-16,0.02,26.66,12.46,15.69
2020-05-17,0.03,26.88,12.22,18.07
2020-05-18,0.06,27.16,9.42,17.93
2020-05-19,0.01,27.05,12.72,16.85
2020-05-20,0.03,27.48,15.13,15.52
2020-05-21,0.05,28.38,14.77,15.77
2020-05-22,0.56,29.12,14.0,11.49
2020-05-23,12.73,22.37,12.82,4.55
2020-05-24,0.0,19.97,9.57,8.54
2020-05-25,0.0,21.29,7.87,14.95
2020-05-26,0.01,22.04,5.76,17.54
2020-05-27,0.0,23.58,6.06,16.28
2020-05-28,0.02,22.17,7.23,17.09
2020-05-29,0.05,26.01,8.57,17.35
2020-05-30,0.47,26.35,7.73,17.11
2020-05-31,0.01,26.11,10.65,16.7
2020-06-01,0.29,28.21,10.92,15.57
2020-06-02,5.18,19.3,15.22,3.87
2020-06-03,2.6,23.57,14.71,8.58
2020-06-04,1.79,25.58,13.89,9.93
2020-06-05,3.48,24.79,16.23,8.55
2020-06-06,8.38,26.62,16.26,8.13
2020-06-07,2.91,26.4,13.76,14.69
2020-06-08,0.31,27.95,14.32,12.62
2020-06-09,6.09,29.21,16.92,9.71
2020-06-10,0.23,29.52,17.61,8.75
2020-06-11,0.03,29.62,16.21,14.25
2020-06-12,0.17,29.48,16.1,14.12
2020-06-13,0.27,29.81,16.13,15.37
2020-06-14,0.14,23.42,13.73,9.31
2020-06-15,0.06,25.41,13.23,12.97
2020-06-16,0.09,25.51,14.05,14.18
2020-06-17,0.04,26.23,14.2,14.04
2020-06-18,0.03,26.14,13.02,14.64
2020-06-19,0.12,27.43,13.9,15.77
2020-06-20,0.11,28.8,12.22,16.1
2020-06-21,0.03,29.27,14.92,14.44
2020-06-22,0.01,28.52,13.97,14.93
2020-06-23,0.04,26.85,13.39,13.93
2020-06-24,0.06,28.15,11.3,14.95
2020-06-25,0.31,28.11,14.05,12.95
2020-06-26,49.81,21.17,15.44,4.76
2020-06-27,14.54,16.89,11.5,3.93
2020-06-28,0.08,20.45,10.82,11.63
2020-06-29,0.2,22.04,11.96,12.49
2020-06-30,0.09,24.0,14.97,13.0
2020-07-01,5.43,20.67,8.88,13.72
2020-07-02,0.48,19.63,7.15,15.82
2020-07-03,0.14,20.1,8.57,14.53
2020-07-04,0.18,23.72,8.98,16.39
2020-07-05,0.08,27.22,10.28,13.39
2020-07-06,0.03,28.64,14.41,12.62
2020-07-07,0.03,28.85,15.15,15.09
2020-07-08,0.17,27.89,12.83,15.35
2020-07-09,1.67,24.34,11.59,15.58
2020-07-10,0.16,24.74,10.06,16.19
2020-07-11,0.0,28.36,12.99,15.31
2020-07-12,0.0,28.75,13.47,15.96
2020-07-13,0.55,29.24,14.83,14.7
2020-07-14,1.0,25.28,13.94,10.77
2020-07-15,0.12,24.08,12.07,12.71
2020-07-16,0.11,24.8,11.06,13.89
2020-07-17,0.06,28.58,13.0,12.62
2020-07-18,0.01,27.87,14.32,15.05
2020-07-19,0.06,26.61,13.13,16.45
2020-07-20,0.0,27.72,10.98,17.25
2020-07-21,0.02,28.7,11.89,17.12
2020-07-22,0.03,28.79,12.91,17.15
2020-07-23,0.13,28.55,12.01,16.81
2020-07-24,0.32,28.42,12.42,16.81
2020-07-25,0.16,29.39,12.2,17.58
2020-07-26,0.02,26.67,13.71,14.02
2020-07-27,0.01,29.18,13.52,17.16
2020-07-28,0.07,30.6,16.61,16.43
2020-07-29,1.42,24.25,12.17,8.69
2020-07-30,2.17,19.56,11.62,12.12
2020-07-31,0.03,25.21,12.21,15.95
2020-08-01,0.03,25.43,12.7,16.26
2020-08-02,0.03,26.02,12.64,17.53
2020-08-03,0.05,26.37,11.54,17.51
2020-08-04,0.02,26.67,12.03,18.24
2020-08-05,0.32,26.65,11.53,18.95
2020-08-06,0.05,26.85,10.73,19.01
2020-08-07,0.04,26.94,11.18,19.1
2020-08-08,0.09,27.7,11.56,17.75
2020-08-09,0.03,27.93,13.48,16.48
2020-08-10,0.0,29.49,12.11,18.73
2020-08-11,0.04,29.66,12.95,15.12
2020-08-12,0.0,30.94,13.15,18.16
2020-08-13,0.21,32.54,15.91,16.29
2020-08-14,1.27,29.11,17.23,12.67
2020-08-15,1.09,31.06,17.36,10.03
2020-08-16,17.92,22.73,17.43,4.71
2020-08-17,9.13,25.47,16.12,4.82
2020-08-18,11.01,24.12,17.15,3.7
2020-08-19,3.89,28.21,17.01,14.05
2020-08-20,4.61,18.72,13.28,2.68
2020-08-21,3.84,16.38,7.64,3.21
2020-08-22,0.21,16.85,6.94,10.72
2020-08-23,0.02,22.4,9.43,19.02
2020-08-24,0.01,23.87,10.66,21.02
2020-08-25,0.03,23.9,9.44,21.22
2020-08-26,0.04,25.33,8.78,22.27
2020-08-27,0.02,28.18,9.56,22.1
2020-08-28,0.11,31.18,12.44,22.01
2020-08-29,0.01,32.0,13.67,21.72
2020-08-30,0.0,33.36,14.87,21.66
2020-08-31,0.02,30.74,16.0,19.11
2020-09-01,0.04,29.15,15.72,17.01
2020-09-02,0.09,30.13,15.63,20.13
2020-09-03,0.42,32.44,15.41,22.01
2020-09-04,0.58,34.71,16.21,21.6
2020-09-05,0.01,33.41,16.54,21.77
2020-09-06,0.01,34.26,15.46,22.33
2020-09-07,0.02,33.44,16.3,20.4
2020-09-08,0.0,32.57,16.77,18.72
2020-09-09,0.0,34.07,16.71,18.54
2020-09-10,0.0,36.21,17.05,21.18
2020-09-11,0.01,35.54,19.82,19.85
2020-09-12,0.0,36.05,18.67,20.45
2020-09-13,0.0,35.97,19.24,21.66
2020-09-14,0.01,34.96,17.42,21.13
2020-09-15,0.02,30.19,15.93,16.77
2020-09-16,0.0,34.25,15.08,20.64
2020-09-17,0.01,36.46,18.32,20.54
2020-09-18,0.09,34.9,17.24,8.25
2020-09-19,0.02,34.52,20.47,16.05
2020-09-20,0.18,29.47,16.9,6.93
2020-09-21,0.8,25.04,14.85,8.32
2020-09-22,5.78,25.11,13.18,8.65
2020-09-23,0.03,28.9,14.06,16.93
2020-09-24,0.01,31.21,15.32,23.21
2020-09-25,0.01,33.81,16.08,24.26
2020-09-26,0.01,35.99,16.67,24.87
2020-09-27,0.29,38.19,18.61,23.37
2020-09-28,2.49,36.2,20.38,15.19
2020-09-29,0.5,35.01,20.33,20.72
2020-09-30,0.23,39.9,18.33,23.91
2020-10-01,0.07,39.91,20.92,23.47
2020-10-02,0.06,40.77,24.15,22.64
2020-10-03,0.06,35.29,19.28,17.11
2020-10-04,0.02,34.71,18.17,19.05
2020-10-05,0.01,39.7,18.66,23.7
2020-10-06,0.05,41.25,21.74,23.52
2020-10-07,0.08,41.31,20.43,20.7
2020-10-08,1.49,37.46,20.05,12.14
2020-10-09,12.26,33.26,18.37,2.56
2020-10-10,0.03,29.31,15.35,23.89
2020-10-11,0.03,30.61,12.75,27.91
2020-10-12,0.03,32.76,12.37,27.72
2020-10-13,0.06,35.94,15.62,24.95
2020-10-14,0.04,36.98,18.47,24.04
2020-10-15,6.05,29.18,17.5,6.28
2020-10-16,0.58,28.51,15.24,10.37
2020-10-17,0.57,29.77,13.24,22.75
2020-10-18,2.13,30.64,15.75,19.23
2020-10-19,5.13,30.61,18.34,17.84
2020-10-20,3.4,30.8,18.75,18.55
2020-10-21,1.17,31.7,19.57,22.2
2020-10-22,0.04,32.13,17.44,23.1
2020-10-23,0.68,33.17,17.17,26.45
2020-10-24,4.02,30.46,18.05,13.28
2020-10-25,1.96,32.57,18.39,20.35
2020-10-26,0.41,33.16,17.4,23.3
2020-10-27,0.02,34.18,19.19,24.74
2020-10-28,0.0,36.22,15.67,30.55
2020-10-29,4.57,33.9,16.82,22.34
2020-10-30,11.02,26.06,16.67,5.91
2020-10-31,1.24,26.33,14.92,13.9
2020-11-01,0.17,25.95,13.26,18.14
2020-11-02,0.01,27.64,11.88,22.51
2020-11-03,0.01,28.63,10.3,25.64
2020-11-04,3.79,29.78,11.89,26.64
2020-11-05,0.47,29.74,13.37,25.16
2020-11-06,0.01,30.62,13.52,28.44
2020-11-07,0.0,34.07,11.92,31.05
2020-11-08,0.0,35.97,13.97,29.95
2020-11-09,3.84,37.68,16.1,25.08
2020-11-10,2.04,29.88,18.74,18.11
2020-11-11,2.57,32.54,19.17,16.75
2020-11-12,1.85,31.64,19.79,19.92
2020-11-13,1.44,29.57,19.64,20.38
2020-11-14,1.08,31.4,20.09,27.14
2020-11-15,2.4,35.43,19.58,27.14
2020-11-16,1.87,36.14,20.65,23.92
2020-11-17,10.99,33.82,19.68,18.35
2020-11-18,5.93,26.12,17.2,12.17
2020-11-19,2.46,27.56,15.79,15.34
2020-11-20,0.22,29.7,14.27,23.67
2020-11-21,0.57,31.17,13.98,28.85
2020-11-22,0.04,32.28,14.91,28.53
2020-11-23,0.05,33.09,15.62,29.26
2020-11-24,0.03,34.4,17.14,28.02
2020-11-25,0.45,35.87,18.37,29.16
2020-11-26,1.09,35.72,20.31,28.52
2020-11-27,0.86,33.63,20.79,24.32
2020-11-28,4.77,30.84,20.82,24.7
2020-11-29,0.79,36.45,19.9,28.15
2020-11-30,5.59,36.41,22.42,20.0
2020-12-01,1.58,31.37,21.98,21.35
2020-12-02,0.14,34.66,20.31,21.09
2020-12-03,7.21,33.9,20.58,17.82
2020-12-04,3.79,33.28,21.14,23.23
2020-12-05,15.09,32.67,20.07,15.49
2020-12-06,2.18,29.73,19.13,13.29
2020-12-07,4.27,30.36,19.54,14.18
2020-12-08,3.39,32.94,18.69,21.43
2020-12-09,0.47,34.44,19.11,28.45
2020-12-10,0.19,33.51,17.66,28.18
2020-12-11,1.41,31.24,20.3,18.81
2020-12-12,2.55,31.34,18.51,16.54
2020-12-13,14.4,27.49,20.84,21.18
2020-12-14,1.47,31.98,21.01,25.72
2020-12-15,1.98,30.89,21.35,18.7
2020-12-16,2.22,34.43,21.16,25.2
2020-12-17,5.54,30.97,21.45,20.93
2020-12-18,3.1,32.25,20.83,25.12
2020-12-19,2.14,34.93,21.11,27.55
2020-12-20,0.5,35.56,22.52,26.12
2020-12-21,2.76,35.67,23.01,24.36
2020-12-22,3.44,31.75,20.51,15.46
2020-12-23,0.05,32.84,18.38,17.73
2020-12-24,0.02,32.78,17.93,23.86
2020-12-25,0.07,32.48,17.24,22.52
2020-12-26,1.61,31.24,17.48,22.83
2020-12-27,8.17,29.83,19.69,16.47
2020-12-28,8.58,31.58,20.19,16.84
2020-12-29,2.73,31.44,20.42,19.96
2020-12-30,0.88,33.37,20.59,27.0
2020-12-31,2.75,31.83,21.13,13.23
2021-01-01,9.65,30.25,21.07,17.01
2021-01-02,2.45,29.97,19.43,20.05
2021-01-03,1.53,32.16,17.8,24.66
2021-01-04,0.83,32.1,17.95,26.35
2021-01-05,0.52,34.57,19.43,23.67
2021-01-06,2.68,32.94,21.59,20.24
2021-01-07,5.13,33.27,21.81,23.36
2021-01-08,2.77,31.68,21.54,17.74
2021-01-09,1.07,33.58,21.22,17.07
2021-01-10,1.7,34.71,21.31,19.29
2021-01-11,1.43,34.2,21.56,22.55
2021-01-12,8.84,28.91,22.78,18.71
2021-01-13,15.36,32.62,21.26,21.01
2021-01-14,14.98,27.47,20.67,17.46
2021-01-15,3.86,29.39,20.16,15.79
2021-01-16,8.87,30.81,19.94,19.07
2021-01-17,12.67,29.92,20.84,15.88
2021-01-18,3.67,31.44,20.59,20.94
2021-01-19,1.78,28.68,21.6,15.96
2021-01-20,1.3,30.27,21.35,21.73
2021-01-21,0.78,31.81,20.82,24.42
2021-01-22,0.02,31.17,21.2,24.39
2021-01-23,1.27,31.35,20.42,21.7
2021-01-24,7.98,28.99,20.05,11.72
2021-01-25,13.04,26.78,20.8,17.27
2021-01-26,1.78,30.54,19.73,18.32
2021-01-27,3.56,30.01,20.7,24.92
2021-01-28,3.88,31.34,19.5,23.32
2021-01-29,2.02,32.49,21.5,24.33
2021-01-30,0.18,34.7,20.76,25.55
2021-01-31,0.8,34.49,21.12,17.94
2021-02-01,0.27,33.75,20.87,14.49
2021-02-02,7.49,33.73,22.23,22.29
2021-02-03,2.74,34.28,21.5,26.79
2021-02-04,0.22,33.11,21.97,23.43
2021-02-05,1.01,31.12,20.86,18.09
2021-02-06,0.16,33.1,18.3,26.01
2021-02-07,0.01,31.53,18.18,27.35
2021-02-08,0.01,31.8,16.57,26.93
2021-02-09,0.07,31.65,16.87,25.31
2021-02-10,0.58,31.74,17.64,23.91
2021-02-11,6.64,28.52,19.25,10.1
2021-02-12,6.34,28.66,19.24,14.08
2021-02-13,5.35,29.11,19.98,11.07
2021-02-14,1.49,28.46,19.55,14.87
2021-02-15,0.77,31.56,18.77,24.39
2021-02-16,0.15,33.73,18.45,24.05
2021-02-17,6.52,32.98,19.95,18.45
2021-02-18,1.57,33.65,19.61,24.65
2021-02-19,0.36,33.99,17.76,26.16
2021-02-20,0.01,34.41,19.37,25.92
2021-02-21,0.04,34.54,19.55,23.66
2021-02-22,0.02,34.84,18.99,24.17
2021-02-23,0.0,36.15,19.33,28.24
2021-02-24,2.13,35.57,20.38,18.33
2021-02-25,4.54,32.03,20.49,16.91
2021-02-26,5.57,30.87,18.73,15.08
2021-02-27,2.53,29.76,19.31,15.8
2021-02-28,7.1,29.65,19.86,18.26
2021-03-01,1.42,31.13,19.93,21.41
2021-03-02,1.74,31.03,20.63,22.12
2021-03-03,2.0,29.46,20.73,15.09
2021-03-04,8.49,30.63,20.39,14.45
2021-03-05,10.11,26.41,20.26,11.31
2021-03-06,5.91,27.71,20.18,11.64
2021-03-07,10.25,28.14,19.92,14.41
2021-03-08,2.47,30.48,18.28,20.35
2021-03-09,2.91,30.77,18.47,22.17
2021-03-10,0.31,31.35,18.61,24.99
2021-03-11,6.73,30.98,17.87,20.28
2021-03-12,0.45,33.23,18.86,23.68
2021-03-13,0.04,32.73,19.95,24.15
2021-03-14,0.18,33.86,20.0,24.63
2021-03-15,0.6,33.06,19.93,22.08
2021-03-16,0.92,33.75,20.65,23.75
2021-03-17,5.64,32.19,20.5,19.76
2021-03-18,4.2,28.92,21.13,14.76
2021-03-19,7.55,30.35,19.97,18.98
2021-03-20,0.55,31.45,20.05,19.84
2021-03-21,0.11,32.85,21.01,23.28
2021-03-22,0.0,34.17,18.66,22.68
2021-03-23,0.01,34.49,19.9,23.02
2021-03-24,0.43,34.69,20.66,22.46
2021-03-25,0.4,34.38,20.39,22.88
2021-03-26,0.44,35.11,20.88,23.32
2021-03-27,7.58,34.97,20.35,22.3
2021-03-28,3.15,33.76,21.14,22.36
2021-03-29,1.46,34.56,21.0,21.0
2021-03-30,2.42,32.28,19.97,19.67
2021-03-31,0.44,29.77,17.22,19.9
2021-04-01,0.0,29.08,15.02,23.55
2021-04-02,0.02,29.63,16.11,21.44
2021-04-03,0.03,30.74,15.61,22.67
2021-04-04,0.05,30.77,16.66,19.67
2021-04-05,1.37,28.6,17.18,18.87
2021-04-06,4.43,27.67,17.85,10.82
2021-04-07,0.27,29.72,17.65,17.81
2021-04-08,0.02,30.89,18.34,22.57
2021-04-09,0.04,30.26,16.65,21.4
2021-04-10,0.03,31.53,15.99,22.19
2021-04-11,0.02,32.38,15.55,22.43
2021-04-12,0.05,33.44,16.5,19.09
2021-04-13,0.49,26.74,17.1,10.76
2021-04-14,0.01,27.87,14.43,17.88
2021-04-15,0.18,29.08,15.94,17.03
2021-04-16,0.43,30.58,16.38,17.29
2021-04-17,21.32,28.05,17.52,10.7
2021-04-18,4.95,27.55,17.78,12.85
2021-04-19,0.31,26.51,16.26,14.06
2021-04-20,0.34,26.26,15.64,14.38
2021-04-21,0.21,26.28,14.83,15.52
2021-04-22,0.08,26.08,15.35,16.42
2021-04-23,0.02,27.15,13.82,19.27
2021-04-24,0.04,28.92,14.51,18.49
2021-04-25,0.01,30.5,15.78,17.03
2021-04-26,1.01,30.18,16.88,15.57
2021-04-27,0.52,29.17,16.64,13.42
2021-04-28,0.15,28.36,15.08,17.99
2021-04-29,0.2,26.46,13.45,18.54
2021-04-30,0.07,27.05,14.54,16.63
2021-05-01,0.01,26.54,14.94,17.75
2021-05-02,0.01,28.38,14.02,18.49
2021-05-03,0.04,28.99,13.62,18.79
2021-05-04,0.03,30.06,13.65,16.64
2021-05-05,0.0,30.07,13.9,18.0
2021-05-06,0.02,30.75,14.37,17.94
2021-05-07,0.1,22.44,15.12,9.79
2021-05-08,0.03,26.53,13.82,15.1
2021-05-09,0.02,27.61,14.38,16.9
2021-05-10,0.01,28.17,14.25,16.38
2021-05-11,0.01,29.17,13.6,15.7
2021-05-12,9.29,27.36,15.04,6.0
2021-05-13,0.26,23.81,13.58,12.58
2021-05-14,0.04,24.91,13.24,14.31
2021-05-15,0.03,26.71,13.41,11.73
2021-05-16,0.02,27.05,14.23,14.46
2021-05-17,0.06,27.18,13.68,15.83
2021-05-18,0.03,26.66,13.47,13.41
2021-05-19,0.4,27.71,12.5,17.47
2021-05-20,0.01,29.07,12.23,17.6
2021-05-21,0.08,29.75,13.09,16.25
2021-05-22,6.58,24.84,15.0,4.53
2021-05-23,6.02,26.41,14.58,5.92
2021-05-24,0.0,22.94,9.55,16.88
2021-05-25,0.02,24.9,9.35,17.43
2021-05-26,0.01,28.13,10.67,15.85
2021-05-27,0.01,29.04,13.62,14.88
2021-05-28,0.01,30.69,15.21,14.19
2021-05-29,0.49,30.26,18.93,11.45
2021-05-30,6.57,28.19,16.62,6.63
2021-05-31,1.46,25.19,16.04,7.16
2021-06-01,0.21,26.42,14.22,14.87
2021-06-02,0.02,28.8,11.71,16.27
2021-06-03,0.02,29.9,14.81,15.18
2021-06-04,0.02,29.31,14.55,15.55
2021-06-05,0.01,29.11,13.24,15.75
2021-06-06,0.07,29.09,15.4,12.0
2021-06-07,6.1,24.59,15.67,3.87
2021-06-08,1.23,25.24,14.57,6.7
2021-06-09,0.76,24.55,15.55,14.54
2021-06-10,7.64,25.67,15.94,3.72
2021-06-11,1.64,24.4,14.82,7.58
2021-06-12,0.02,24.27,12.07,14.7
2021-06-13,0.06,23.4,10.72,15.57
2021-06-14,0.05,24.44,9.56,15.85
2021-06-15,0.05,25.31,10.91,13.78
2021-06-16,0.1,23.05,11.87,13.74
2021-06-17,0.03,23.27,11.7,11.73
2021-06-18,0.05,22.99,11.9,13.27
2021-06-19,0.33,26.38,13.79,7.26
2021-06-20,0.11,25.32,12.61,11.0
2021-06-21,2.34,24.51,11.52,10.13
2021-06-22,6.68,22.87,13.62,7.63
2021-06-23,0.05,23.62,12.74,12.03
2021-06-24,0.09,26.47,11.9,14.72
2021-06-25,0.0,29.43,14.39,12.71
2021-06-26,0.01,29.37,15.76,14.42
2021-06-27,0.01,28.32,14.14,15.15
2021-06-28,0.09,26.53,11.07,13.25
2021-06-29,0.25,17.97,8.54,6.85
2021-06-30,0.0,17.97,3.36,16.42
2021-07-01,0.01,21.78,4.52,14.96
2021-07-02,0.05,25.23,9.36,16.3
2021-07-03,0.0,26.36,9.43,15.09
2021-07-04,0.03,24.16,11.54,12.82
2021-07-05,0.02,24.38,11.23,13.7
2021-07-06,0.03,23.59,12.05,12.34
2021-07-07,0.02,23.6,12.16,13.29
2021-07-08,0.04,24.04,11.5,15.32
2021-07-09,0.01,24.62,10.63,15.68
2021-07-10,0.02,26.53,10.81,16.25
2021-07-11,0.01,26.95,10.17,15.91
2021-07-12,0.0,27.22,11.34,16.02
2021-07-13,0.01,27.79,10.28,16.35
2021-07-14,0.03,26.78,10.76,14.95
2021-07-15,0.0,28.94,11.67,15.55
2021-07-16,1.6,25.88,13.1,8.19
2021-07-17,1.97,24.68,14.53,10.51
2021-07-18,0.04,25.83,8.93,15.76
2021-07-19,0.0,21.43,2.71,17.91
2021-07-20,0.01,21.43,2.86,16.57
2021-07-21,0.01,23.18,7.75,16.47
2021-07-22,0.09,25.19,6.24,17.56
2021-07-23,0.05,26.6,9.99,17.87
2021-07-24,0.01,28.0,8.24,17.91
2021-07-25,0.01,28.11,8.98,17.85
2021-07-26,0.01,29.48,9.38,17.71
2021-07-27,0.99,30.14,10.95,15.12
2021-07-28,16.01,17.48,6.6,3.95
2021-07-29,0.0,16.27,2.64,19.03
2021-07-30,0.05,18.19,1.45,17.85
2021-07-31,0.01,21.28,7.01,15.62
2021-08-01,0.02,20.91,9.45,12.86
2021-08-02,0.03,24.03,10.37,16.99
2021-08-03,0.42,22.77,10.18,15.72
2021-08-04,0.44,23.86,9.51,17.52
2021-08-05,0.01,24.63,10.91,14.31
2021-08-06,0.01,25.68,12.82,15.14
2021-08-07,0.0,26.24,14.32,12.54
2021-08-08,0.0,27.21,13.56,16.63
2021-08-09,0.0,29.25,11.83,18.04
2021-08-10,0.0,30.47,13.61,18.77
2021-08-11,0.14,27.24,12.04,13.9
2021-08-12,0.33,24.62,11.24,12.54
2021-08-13,0.04,25.41,12.33,10.41
2021-08-14,0.02,27.27,12.73,12.99
2021-08-15,0.02,30.64,12.75,16.77
2021-08-16,1.2,30.21,15.03,10.76
2021-08-17,0.55,32.79,14.73,18.52
2021-08-18,0.0,34.01,15.46,19.86
2021-08-19,0.0,33.14,14.74,20.4
2021-08-20,0.0,32.15,14.85,20.34
2021-08-21,0.0,31.69,14.24,19.38
2021-08-22,0.0,32.05,13.08,20.68
2021-08-23,0.0,33.17,13.98,19.68
2021-08-24,0.0,34.51,17.57,17.59
2021-08-25,0.08,34.88,16.7,17.55
2021-08-26,0.09,34.24,17.89,17.2
2021-08-27,4.73,27.11,15.1,7.82
2021-08-28,13.29,20.6,15.0,5.83
2021-08-29,0.53,22.4,14.68,11.55
2021-08-30,0.03,27.51,13.71,18.4
2021-08-31,0.01,28.41,13.57,18.87
2021-09-01,0.0,28.98,13.85,22.45
2021-09-02,0.0,30.52,13.9,21.86
2021-09-03,0.01,32.64,15.65,21.89
2021-09-04,0.01,33.63,15.38,19.96
2021-09-05,0.01,33.8,16.06,18.2
2021-09-06,0.0,33.13,16.24,19.59
2021-09-07,0.01,34.26,15.03,20.16
2021-09-08,0.03,36.64,16.61,16.96
2021-09-09,8.56,29.95,18.98,9.98
2021-09-10,1.57,28.93,16.54,11.09
2021-09-11,0.23,27.61,16.41,14.2
2021-09-12,0.0,35.09,15.04,21.97
2021-09-13,0.04,37.81,17.44,18.41
2021-09-14,3.05,36.69,18.44,14.71
2021-09-15,2.81,32.75,18.8,9.03
2021-09-16,0.17,30.18,16.2,13.16
2021-09-17,0.08,32.37,15.52,16.27
2021-09-18,0.0,36.09,16.68,20.54
2021-09-19,0.03,36.31,18.06,21.65
2021-09-20,0.0,37.75,18.97,23.08
2021-09-21,0.05,39.35,16.99,17.48
2021-09-22,0.03,26.12,13.52,15.5
2021-09-23,0.01,28.87,11.5,23.38
2021-09-24,0.03,32.53,12.17,22.91
2021-09-25,0.22,31.83,16.04,16.38
2021-09-26,1.03,33.32,15.8,22.16
2021-09-27,0.19,34.3,17.38,23.8
2021-09-28,0.0,36.05,16.58,23.87
2021-09-29,0.0,36.62,20.0,18.98
2021-09-30,0.87,33.09,16.54,20.91
2021-10-01,1.91,37.08,16.34,10.58
2021-10-02,3.35,28.69,20.33,9.84
2021-10-03,6.58,33.43,19.29,10.95
2021-10-04,12.92,30.31,19.05,9.15
2021-10-05,0.08,30.39,16.52,14.26
2021-10-06,2.15,34.68,15.02,22.66
2021-10-07,1.84,29.99,17.01,9.35
2021-10-08,0.03,30.69,15.71,22.85
2021-10-09,0.79,30.28,14.97,11.12
2021-10-10,6.03,25.71,15.9,7.5
2021-10-11,0.38,28.51,16.0,10.26
2021-10-12,0.02,31.07,17.07,19.71
2021-10-13,0.02,33.01,16.05,23.8
2021-10-14,0.59,34.4,17.84,15.15
2021-10-15,23.3,30.91,20.62,17.74
2021-10-16,5.77,31.09,18.5,14.19
2021-10-17,4.9,28.83,16.32,7.88
2021-10-18,4.01,22.51,16.24,9.47
2021-10-19,0.69,24.66,14.32,8.41
2021-10-20,0.42,25.17,12.39,15.29
2021-10-21,0.0,27.72,11.95,24.17
2021-10-22,0.0,30.73,13.22,29.44
2021-10-23,25.54,34.59,13.77,28.22
2021-10-24,10.29,27.57,15.5,8.23
2021-10-25,0.18,29.48,13.38,19.95
2021-10-26,0.35,28.31,15.45,22.74
2021-10-27,19.04,26.77,17.26,14.77
2021-10-28,6.46,25.22,18.41,13.68
2021-10-29,0.19,29.84,17.38,21.14
2021-10-30,3.08,29.67,16.66,22.49
2021-10-31,6.2,24.7,17.3,6.41
2021-11-01,0.49,28.75,17.15,17.16
2021-11-02,0.05,30.35,16.44,21.0
2021-11-03,0.0,31.53,16.23,25.65
2021-11-04,0.07,33.66,15.72,28.47
2021-11-05,0.14,34.17,17.85,29.24
2021-11-06,0.01,34.51,17.22,29.0
2021-11-07,0.01,33.48,17.28,28.92
2021-11-08,2.35,33.94,16.42,24.18
2021-11-09,0.47,33.52,16.48,18.58
2021-11-10,0.02,33.6,16.32,27.1
2021-11-11,2.5,27.91,17.45,9.08
2021-11-12,0.06,29.17,15.13,20.43
2021-11-13,0.01,29.19,12.84,30.62
2021-11-14,0.0,32.3,13.76,27.87
2021-11-15,0.0,33.8,14.41,27.14
2021-11-16,0.0,33.4,17.89,27.39
2021-11-17,0.86,35.63,18.9,26.37
2021-11-18,48.61,26.31,21.56,9.35
2021-11-19,11.28,27.54,18.1,14.21
2021-11-20,0.2,28.47,15.97,22.86
2021-11-21,0.01,29.43,13.96,30.96
2021-11-22,0.0,32.11,11.96,32.4
2021-11-23,0.05,35.69,14.06,29.99
2021-11-24,0.0,33.87,18.4,25.47
2021-11-25,0.62,35.54,17.34,28.48
2021-11-26,21.98,29.08,21.47,12.27
2021-11-27,0.1,32.63,19.75,27.16
2021-11-28,0.02,34.23,18.31,26.92
2021-11-29,4.63,33.72,20.53,21.77
2021-11-30,9.24,30.28,20.89,19.31
2021-12-01,0.13,33.96,19.34,26.53
2021-12-02,0.65,33.34,18.17,23.31
2021-12-03,0.16,31.92,17.19,24.8
2021-12-04,0.05,32.83,16.56,27.94
2021-12-05,0.62,33.77,17.57,28.4
2021-12-06,3.13,32.23,18.39,23.14
2021-12-07,1.72,26.8,15.96,18.84
2021-12-08,0.16,27.74,14.82,21.67
2021-12-09,0.01,30.27,13.64,27.51
2021-12-10,0.03,31.96,14.17,30.75
2021-12-11,0.03,34.51,15.14,30.67
2021-12-12,0.07,36.9,20.59,26.7
2021-12-13,18.01,30.27,21.51,15.69
2021-12-14,14.84,29.87,20.83,17.41
2021-12-15,13.69,29.49,21.84,11.49
2021-12-16,15.94,28.49,21.54,19.12
2021-12-17,15.29,30.1,20.21,14.75
2021-12-18,1.03,29.7,18.86,22.16
2021-12-19,0.08,28.87,16.08,26.1
2021-12-20,0.12,30.2,15.48,28.58
2021-12-21,0.02,32.4,16.8,30.21
2021-12-22,1.26,33.83,17.95,22.34
2021-12-23,1.25,30.08,16.5,20.97
2021-12-24,0.1,29.93,14.45,23.55
2021-12-25,0.02,31.36,15.07,29.94
2021-12-26,0.01,34.61,15.48,30.12
2021-12-27,10.62,33.25,20.67,23.83
2021-12-28,9.3,32.29,19.62,14.94
2021-12-29,10.34,28.16,19.26,25.92
2021-12-30,7.27,28.11,18.97,10.13
2021-12-31,7.67,29.28,18.3,17.82
2022-01-01,4.75,28.21,19.47,19.97
2022-01-02,4.2,29.11,20.35,24.04
2022-01-03,11.09,30.37,20.71,19.42
2022-01-04,16.43,30.68,21.21,13.1
2022-01-05,4.52,27.14,21.15,16.91
2022-01-06,5.8,26.72,19.64,16.79
2022-01-07,0.79,26.05,18.05,12.36
2022-01-08,0.21,28.11,17.48,17.13
2022-01-09,1.67,24.81,16.15,12.6
2022-01-10,5.94,29.87,17.03,14.35
2022-01-11,5.48,26.7,18.92,12.78
2022-01-12,6.86,29.1,19.02,17.01
2022-01-13,4.5,29.41,19.43,20.1
2022-01-14,1.74,31.11,20.02,25.34
2022-01-15,20.63,27.29,21.59,17.77
2022-01-16,3.51,29.75,19.66,24.42
2022-01-17,2.14,31.14,18.53,24.92
2022-01-18,17.69,30.73,20.88,27.69
2022-01-19,13.88,30.23,20.91,29.21
2022-01-20,5.83,31.13,19.89,26.85
2022-01-21,0.47,31.81,20.46,29.18
2022-01-22,0.12,33.56,19.92,30.55
2022-01-23,0.47,34.97,20.49,28.06
2022-01-24,0.62,35.32,21.19,27.52
2022-01-25,1.74,34.09,21.07,25.75
2022-01-26,11.09,32.38,22.38,26.39
2022-01-27,13.35,31.73,21.15,23.88
2022-01-28,29.97,28.18,19.51,12.37
2022-01-29,74.68,24.78,18.87,8.01
2022-01-30,19.52,26.57,20.24,9.0
2022-01-31,11.85,27.74,19.73,11.4
2022-02-01,12.76,29.13,20.15,17.29
2022-02-02,16.06,26.15,20.23,12.92
2022-02-03,7.62,27.28,19.67,16.15
2022-02-04,6.57,27.26,20.12,14.83
2022-02-05,4.04,27.42,20.62,19.27
2022-02-06,8.56,28.81,21.49,15.68
2022-02-07,4.18,28.97,19.02,12.37
2022-02-08,0.15,29.1,17.56,23.22
2022-02-09,0.19,27.8,16.04,27.05
2022-02-10,0.26,28.41,15.07,27.4
2022-02-11,0.63,28.83,17.22,23.53
2022-02-12,0.11,29.42,17.76,23.8
2022-02-13,0.01,30.68,17.24,25.05
2022-02-14,0.82,33.02,17.44,27.57
2022-02-15,0.8,30.81,20.05,24.4
2022-02-16,1.0,30.1,18.07,27.31
2022-02-17,1.39,30.13,17.85,22.06
2022-02-18,1.82,28.4,17.6,23.06
2022-02-19,1.2,29.77,16.59,25.11
2022-02-20,0.54,29.81,18.61,24.71
2022-02-21,0.05,31.54,18.6,26.46
2022-02-22,0.96,31.78,20.71,24.83
2022-02-23,2.22,32.18,19.41,22.78
2022-02-24,1.54,31.52,21.29,26.38
2022-02-25,0.02,32.54,20.75,25.82
2022-02-26,0.03,32.45,20.05,26.42
2022-02-27,0.1,33.23,19.01,26.42
2022-02-28,0.23,33.69,20.11,25.5
2022-03-01,6.5,31.29,21.54,17.43
2022-03-02,3.02,31.23,20.51,23.03
2022-03-03,2.91,30.91,20.53,23.05
2022-03-04,3.86,28.29,20.9,21.01
2022-03-05,3.52,31.52,19.87,24.31
2022-03-06,2.92,30.96,19.92,24.82
2022-03-07,2.51,32.4,20.48,23.04
2022-03-08,3.2,31.59,22.31,21.9
2022-03-09,2.01,28.98,20.92,22.65
2022-03-10,20.51,29.38,21.35,21.28
2022-03-11,11.32,29.08,20.56,18.7
2022-03-12,10.46,27.25,19.8,17.11
2022-03-13,8.92,28.36,19.49,16.08
2022-03-14,1.43,28.65,19.73,13.55
2022-03-15,1.66,29.31,20.92,16.45
2022-03-16,9.31,28.99,20.29,17.24
2022-03-17,4.96,30.42,21.01,20.87
2022-03-18,0.19,31.68,20.88,23.51
2022-03-19,2.27,29.55,20.43,15.74
2022-03-20,7.73,23.8,17.92,8.21
2022-03-21,0.04,25.77,16.52,20.16
2022-03-22,0.0,27.21,15.43,24.55
2022-03-23,0.0,28.25,16.28,23.27
2022-03-24,0.25,30.64,18.49,22.44
2022-03-25,3.82,30.91,20.51,16.47
2022-03-26,0.82,29.85,20.55,18.63
2022-03-27,2.87,28.0,20.59,12.06
2022-03-28,2.07,28.71,19.78,16.95
2022-03-29,0.08,30.04,18.15,20.77
2022-03-30,0.98,31.07,19.12,20.57
2022-03-31,8.68,28.4,16.92,11.67
2022-04-01,2.36,24.92,16.17,7.83
2022-04-02,0.28,27.17,16.32,14.14
2022-04-03,0.1,29.4,17.38,19.29
2022-04-04,0.73,30.86,18.89,20.59
2022-04-05,2.02,30.53,20.18,18.36
2022-04-06,0.16,28.95,19.1,20.46
2022-04-07,0.02,28.86,17.54,19.78
2022-04-08,5.31,31.48,17.68,18.41
2022-04-09,1.68,30.53,20.2,17.92
2022-04-10,0.03,29.47,19.45,19.85
2022-04-11,2.2,29.85,18.03,18.33
2022-04-12,2.37,29.72,19.31,12.39
2022-04-13,0.34,29.02,19.81,9.18
2022-04-14,2.36,27.73,16.48,13.05
2022-04-15,0.09,24.63,12.16,21.4
2022-04-16,0.05,24.15,10.71,20.61
2022-04-17,0.05,25.0,13.57,19.2
2022-04-18,0.02,26.26,13.25,18.66
2022-04-19,0.02,28.04,15.15,18.08
2022-04-20,0.01,28.24,15.59,19.64
2022-04-21,0.01,28.21,15.05,20.3
2022-04-22,0.06,29.54,16.11,18.93
2022-04-23,1.1,28.99,16.38,14.24
2022-04-24,0.2,29.17,16.86,19.56
2022-04-25,0.08,30.3,16.48,19.58
2022-04-26,0.17,31.32,17.19,17.81
2022-04-27,0.09,31.0,16.58,18.87
2022-04-28,0.07,30.79,17.55,18.74
2022-04-29,0.2,29.42,16.85,13.07
2022-04-30,0.07,27.4,17.15,10.74
2022-05-01,0.1,30.2,16.93,16.41
2022-05-02,0.04,30.35,16.66,14.82
2022-05-03,0.05,30.6,16.33,15.25
2022-05-04,6.99,22.8,12.79,9.13
2022-05-05,0.21,23.93,11.48,9.46
2022-05-06,0.03,25.24,13.27,16.26
2022-05-07,0.04,25.18,11.14,15.3
2022-05-08,0.04,26.66,12.24,14.89
2022-05-09,0.02,26.7,14.85,16.33
2022-05-10,2.01,26.7,14.22,17.32
2022-05-11,3.37,25.3,14.37,9.76
2022-05-12,0.72,25.77,14.6,14.42
2022-05-13,0.09,26.17,13.27,16.37
2022-05-14,0.32,27.39,13.39,15.89
2022-05-15,5.2,25.64,15.19,9.37
2022-05-16,0.04,24.36,12.85,11.66
2022-05-17,0.0,18.45,8.27,18.34
2022-05-18,0.01,15.95,5.57,9.6
2022-05-19,0.11,19.45,6.64,11.21
2022-05-20,0.03,19.74,5.92,16.66
2022-05-21,0.02,22.03,6.3,15.52
2022-05-22,0.02,23.68,8.69,17.15
2022-05-23,0.03,24.41,10.43,14.61
2022-05-24,0.0,26.48,10.78,16.24
2022-05-25,0.06,25.55,11.29,16.5
2022-05-26,0.01,25.88,10.33,15.5
2022-05-27,0.01,26.24,12.16,15.28
2022-05-28,0.0,27.05,12.46,15.36
2022-05-29,0.01,28.11,12.48,15.99
2022-05-30,5.72,27.87,14.74,4.76
2022-05-31,24.62,22.13,15.33,4.4
2022-06-01,1.1,24.14,14.47,7.08
2022-06-02,1.87,26.67,16.11,6.69
2022-06-03,0.14,22.38,13.73,9.87
2022-06-04,0.04,23.13,12.24,13.44
2022-06-05,0.02,25.17,12.71,14.97
2022-06-06,0.05,25.98,13.26,11.93
2022-06-07,1.75,27.02,14.13,7.41
2022-06-08,2.15,23.28,15.96,6.24
2022-06-09,4.87,23.63,14.69,8.45
2022-06-10,3.89,22.19,15.65,8.56
2022-06-11,0.07,21.2,12.15,9.63
2022-06-12,0.02,17.08,7.86,14.2
2022-06-13,0.05,20.42,5.47,15.58
2022-06-14,0.04,22.07,8.85,14.39
2022-06-15,0.01,22.28,10.5,10.63
2022-06-16,0.02,26.67,10.75,15.27
2022-06-17,0.12,27.95,10.0,15.44
2022-06-18,5.66,22.56,14.02,6.99
2022-06-19,0.34,23.48,12.32,9.79
2022-06-20,1.39,22.37,12.47,7.99
2022-06-21,0.08,27.84,13.24,14.28
2022-06-22,0.03,27.66,13.62,14.38
2022-06-23,0.01,28.53,12.53,15.31
2022-06-24,0.02,28.07,12.04,14.7
2022-06-25,0.0,25.92,11.89,11.76
2022-06-26,0.01,22.49,12.92,10.42
2022-06-27,0.02,24.05,11.66,11.76
2022-06-28,0.03,26.42,11.92,14.67
2022-06-29,0.47,26.48,13.16,13.75
2022-06-30,0.02,25.8,11.86,14.07
2022-07-01,0.01,26.29,9.93,14.86
2022-07-02,0.01,28.28,11.19,15.19
2022-07-03,0.01,28.95,11.91,15.28
2022-07-04,0.01,28.47,11.21,15.77
2022-07-05,0.02,27.54,10.15,16.0
2022-07-06,0.01,27.0,10.76,12.84
2022-07-07,0.01,27.87,11.91,14.69
2022-07-08,0.0,27.46,12.12,12.0
2022-07-09,0.01,26.91,13.38,14.75
2022-07-10,0.05,27.28,10.97,14.09
2022-07-11,0.02,27.44,12.81,15.69
2022-07-12,0.43,27.15,12.49,11.46
2022-07-13,1.29,21.15,14.55,8.93
2022-07-14,0.01,28.28,13.9,14.79
2022-07-15,0.0,27.95,14.16,14.6
2022-07-16,0.0,29.68,15.38,13.73
2022-07-17,0.01,30.24,17.39,12.38
2022-07-18,0.01,29.5,15.58,11.82
2022-07-19,0.01,29.02,15.3,15.28
2022-07-20,0.02,27.95,15.5,14.86
2022-07-21,0.03,28.57,14.53,16.4
2022-07-22,0.01,28.89,13.15,16.87
2022-07-23,0.0,29.04,13.04,16.57
2022-07-24,0.01,29.02,11.82,14.92
2022-07-25,0.0,29.21,13.68,16.66
2022-07-26,0.0,28.95,13.77,16.17
2022-07-27,0.0,28.58,14.42,15.9
2022-07-28,0.0,29.69,14.27,15.69
2022-07-29,1.11,26.67,13.65,5.78
2022-07-30,0.52,23.4,10.4,17.55
2022-07-31,0.03,26.11,9.57,18.08
2022-08-01,0.0,28.87,10.65,15.58
2022-08-02,0.0,29.94,13.66,17.02
2022-08-03,0.0,29.38,13.16,17.57
2022-08-04,0.01,29.13,14.28,15.14
2022-08-05,0.18,27.08,16.7,8.1
2022-08-06,0.04,21.66,13.43,11.82
2022-08-07,3.19,27.45,13.9,5.09
2022-08-08,4.8,24.82,15.46,4.94
2022-08-09,4.62,22.59,15.84,7.67
2022-08-10,13.32,17.55,10.8,14.42
2022-08-11,0.15,20.12,8.1,12.56
2022-08-12,0.03,24.07,10.22,18.56
2022-08-13,0.05,27.65,9.88,19.36
2022-08-14,0.01,28.77,10.98,19.17
2022-08-15,0.0,29.71,12.26,19.66
2022-08-16,2.24,31.27,15.1,15.62
2022-08-17,1.75,28.85,15.67,5.62
2022-08-18,0.79,30.58,15.93,7.74
2022-08-19,1.86,16.98,7.41,7.05
2022-08-20,0.09,18.88,7.37,12.0
2022-08-21,0.27,22.75,11.15,14.55
2022-08-22,0.01,25.2,11.77,18.74
2022-08-23,0.01,26.46,11.82,18.87
2022-08-24,0.02,27.65,12.98,18.96
2022-08-25,0.0,27.66,14.82,15.09
2022-08-26,0.0,28.81,14.91,14.95
2022-08-27,0.0,31.21,14.64,19.81
2022-08-28,0.02,32.24,14.79,18.31
2022-08-29,0.06,20.98,11.17,11.64
2022-08-30,0.03,22.99,10.1,15.94
2022-08-31,0.03,26.57,10.32,21.93
2022-09-01,0.0,29.35,9.77,22.35
2022-09-02,0.0,31.89,11.43,21.58
2022-09-03,3.97,30.78,13.34,13.91
2022-09-04,0.43,21.18,11.27,12.71
2022-09-05,2.0,26.31,11.7,11.25
2022-09-06,7.02,25.17,13.14,10.63
2022-09-07,6.27,29.19,13.8,8.01
2022-09-08,0.03,32.64,14.55,19.08
2022-09-09,0.0,34.8,17.4,20.1
2022-09-10,0.59,34.51,16.78,16.36
2022-09-11,0.14,25.01,13.11,13.13
2022-09-12,1.03,23.95,12.45,12.76
2022-09-13,1.13,31.64,15.01,10.39
2022-09-14,7.81,25.17,15.68,3.29
2022-09-15,1.64,22.0,14.35,6.97
2022-09-16,0.07,24.92,12.97,15.37
2022-09-17,0.01,24.31,11.39,22.55
2022-09-18,0.0,27.7,9.82,25.22
2022-09-19,0.04,31.59,10.74,21.91
2022-09-20,5.23,30.16,14.28,14.77
2022-09-21,12.0,30.24,15.49,10.2
2022-09-22,2.2,29.19,16.16,7.42
2022-09-23,0.01,25.92,11.52,25.96
2022-09-24,0.01,27.03,7.81,26.06
2022-09-25,2.47,25.4,10.86,18.58
2022-09-26,17.84,27.45,14.75,3.96
2022-09-27,2.8,25.76,18.36,10.75
2022-09-28,28.43,21.27,13.7,4.99
2022-09-29,1.89,21.31,13.29,9.81
2022-09-30,3.71,22.7,12.98,4.67
2022-10-01,5.71,27.81,14.78,15.99
2022-10-02,0.48,28.42,14.54,22.3
2022-10-03,5.5,27.68,14.68,13.08
2022-10-04,1.0,28.96,14.85,18.78
2022-10-05,0.01,31.03,14.73,24.88
2022-10-06,15.65,33.56,16.42,20.47
2022-10-07,5.99,27.03,16.99,17.46
2022-10-08,0.01,29.86,14.42,23.25
2022-10-09,4.05,27.67,16.66,18.85
2022-10-10,1.04,25.94,16.98,7.34
2022-10-11,6.79,27.49,16.81,12.26
2022-10-12,1.37,26.76,18.91,14.32
2022-10-13,0.24,30.34,17.71,18.37
2022-10-14,0.48,32.0,17.33,21.38
2022-10-15,0.21,27.48,15.96,9.78
2022-10-16,3.2,31.26,16.89,18.07
2022-10-17,1.62,29.47,17.68,20.85
2022-10-18,4.36,24.37,17.26,6.77
2022-10-19,1.81,29.81,17.87,17.23
2022-10-20,2.25,32.83,16.86,19.91
2022-10-21,7.12,29.94,20.56,10.76
2022-10-22,0.03,31.72,18.31,24.24
2022-10-23,0.01,31.57,15.69,26.89
2022-10-24,0.02,32.42,15.63,26.57
2022-10-25,0.0,31.47,15.97,28.22
2022-10-26,0.0,33.21,14.27,29.06
2022-10-27,0.05,35.78,16.31,26.41
2022-10-28,3.45,32.9,20.4,22.28
2022-10-29,18.95,33.57,20.51,22.16
2022-10-30,19.39,31.99,20.0,24.48
2022-10-31,4.7,31.49,18.97,11.02
2022-11-01,2.62,22.05,13.63,13.36
2022-11-02,0.29,18.09,12.38,8.85
2022-11-03,0.07,21.95,10.93,15.85
2022-11-04,0.03,24.56,9.43,25.2
2022-11-05,0.02,25.49,11.52,25.82
2022-11-06,0.01,25.99,11.65,22.91
2022-11-07,0.01,27.0,12.06,27.83
2022-11-08,0.01,28.15,11.88,28.74
2022-11-09,0.02,30.9,12.73,27.9
2022-11-10,0.0,33.19,15.13,27.85
2022-11-11,3.77,33.0,16.49,17.23
2022-11-12,0.43,32.24,18.92,24.64
2022-11-13,14.11,33.02,17.79,26.31
2022-11-14,2.04,32.74,20.62,20.77
2022-11-15,0.02,33.56,19.28,26.95
2022-11-16,0.0,32.08,15.54,28.99
2022-11-17,0.0,30.72,13.78,31.64
2022-11-18,0.0,31.35,12.39,31.73
2022-11-19,0.81,31.17,14.49,28.78
2022-11-20,0.76,32.58,16.29,27.5
2022-11-21,2.79,32.94,17.96,24.35
2022-11-22,3.13,31.78,19.66,19.17
2022-11-23,8.7,31.06,19.66,18.58
2022-11-24,3.79,29.48,18.32,23.62
2022-11-25,0.41,27.69,16.7,19.64
2022-11-26,0.57,29.55,14.72,26.09
2022-11-27,4.0,29.75,17.24,23.84
2022-11-28,9.45,24.99,18.07,18.76
2022-11-29,10.99,27.73,17.67,21.96
2022-11-30,12.09,27.03,18.23,19.39
2022-12-01,1.99,30.6,17.81,27.35
2022-12-02,4.45,26.83,20.21,22.37
2022-12-03,5.42,27.58,20.4,17.24
2022-12-04,8.03,25.51,20.21,13.56
2022-12-05,12.76,27.78,20.52,11.7
2022-12-06,11.36,30.56,19.87,12.11
2022-12-07,9.3,31.24,20.0,24.13
2022-12-08,0.06,32.76,17.85,31.62
2022-12-09,0.05,34.3,18.99,25.78
2022-12-10,0.11,34.51,19.88,30.02
2022-12-11,0.81,33.55,21.33,21.51
2022-12-12,17.03,31.16,22.33,15.49
2022-12-13,18.57,26.85,17.62,12.23
2022-12-14,0.92,25.66,15.54,23.37
2022-12-15,0.0,29.87,14.24,25.31
2022-12-16,0.19,31.65,17.17,26.93
2022-12-17,0.24,29.84,17.42,28.54
2022-12-18,0.03,30.75,16.82,23.58
2022-12-19,5.45,26.53,18.53,7.85
2022-12-20,1.7,29.87,17.88,14.97
2022-12-21,0.21,28.67,16.65,20.58
2022-12-22,0.06,28.79,15.85,20.09
2022-12-23,4.67,29.08,16.24,26.72
2022-12-24,6.61,30.1,16.52,25.33
2022-12-25,6.11,31.26,17.72,24.84
2022-12-26,8.65,28.7,20.54,16.93
2022-12-27,17.78,30.08,20.26,18.32
2022-12-28,30.29,29.49,20.62,16.6
2022-12-29,13.73,28.54,21.18,17.5
2022-12-30,3.23,29.51,18.75,21.75
2022-12-31,3.22,30.64,17.93,23.67
2023-01-01,0.69,31.21,19.1,22.82
2023-01-02,3.05,31.1,19.55,24.63
2023-01-03,3.16,29.39,20.75,19.16
2023-01-04,19.58,26.3,18.0,8.9
2023-01-05,5.52,24.42,16.81,8.61
2023-01-06,0.27,26.49,15.65,14.3
2023-01-07,0.06,25.81,15.33,17.47
2023-01-08,0.23,27.34,15.26,15.1
2023-01-09,2.82,26.96,17.96,14.5
2023-01-10,14.43,25.28,18.55,10.51
2023-01-11,6.21,27.81,20.12,19.92
2023-01-12,7.87,27.41,19.27,18.91
2023-01-13,8.71,27.68,19.12,20.42
2023-01-14,2.33,30.0,20.21,17.19
2023-01-15,1.75,30.09,21.31,19.61
2023-01-16,5.77,28.9,21.46,18.71
2023-01-17,3.62,31.73,21.0,24.1
2023-01-18,7.08,30.09,19.4,25.44
2023-01-19,6.49,29.73,19.67,23.69
2023-01-20,6.59,27.38,19.66,14.26
2023-01-21,2.2,30.69,18.97,21.77
2023-01-22,0.39,29.06,21.01,19.76
2023-01-23,2.18,29.78,20.18,15.74
2023-01-24,2.88,29.98,20.2,23.27
2023-01-25,0.22,31.49,18.45,28.79
2023-01-26,0.12,31.19,18.2,29.21
2023-01-27,0.04,31.35,17.46,27.29
2023-01-28,1.92,29.01,20.35,21.24
2023-01-29,11.83,30.26,21.2,21.31
2023-01-30,12.18,25.97,20.93,16.43
2023-01-31,10.0,27.14,20.29,16.69
2023-02-01,6.25,26.0,20.25,16.0
2023-02-02,14.98,29.6,20.15,18.93
2023-02-03,7.18,28.79,20.89,19.86
2023-02-04,5.53,29.27,20.62,17.43
2023-02-05,2.53,27.35,20.67,17.4
2023-02-06,3.69,29.63,19.87,15.88
2023-02-07,10.49,29.21,19.08,15.19
2023-02-08,1.52,30.73,18.55,24.93
2023-02-09,0.48,32.42,18.07,27.15
2023-02-10,1.67,29.35,19.16,18.65
2023-02-11,9.71,26.03,20.78,10.31
2023-02-12,7.75,28.34,20.14,17.62
2023-02-13,11.53,29.68,20.13,19.31
2023-02-14,6.68,29.48,20.84,19.1
2023-02-15,2.01,29.09,19.93,19.62
2023-02-16,13.42,27.63,21.65,16.39
2023-02-17,8.97,28.15,21.19,14.69
2023-02-18,7.82,26.61,18.0,10.84
2023-02-19,3.87,22.88,16.66,10.18
2023-02-20,5.24,29.02,16.95,22.64
2023-02-21,1.77,28.05,19.51,17.93
2023-02-22,0.96,29.93,19.25,21.0
2023-02-23,4.02,27.56,19.43,13.93
2023-02-24,2.39,30.32,19.91,19.94
2023-02-25,1.46,30.1,19.84,20.69
2023-02-26,0.69,29.95,20.06,19.61
2023-02-27,1.04,29.61,20.54,19.66
2023-02-28,7.17,24.85,19.43,14.43
2023-03-01,1.8,28.0,18.32,20.35
2023-03-02,1.27,31.29,19.33,24.69
2023-03-03,6.23,30.86,19.96,23.43
2023-03-04,12.57,29.53,21.13,13.38
2023-03-05,4.4,29.78,20.34,16.77
2023-03-06,4.25,29.45,20.33,21.42
2023-03-07,1.41,29.31,20.24,22.81
2023-03-08,0.71,30.56,20.01,23.81
2023-03-09,4.19,28.12,20.63,15.47
2023-03-10,10.13,27.61,19.69,14.39
2023-03-11,8.27,25.99,20.21,12.45
2023-03-12,7.75,27.46,19.46,11.51
2023-03-13,3.33,26.09,19.77,14.6
2023-03-14,5.72,27.57,19.55,14.24
2023-03-15,1.54,28.91,19.85,19.81
2023-03-16,1.75,27.03,19.06,22.45
2023-03-17,0.93,27.78,18.3,22.53
2023-03-18,0.6,29.35,17.45,23.56
2023-03-19,0.94,29.91,18.79,23.49
2023-03-20,3.56,31.39,19.57,23.21
2023-03-21,2.52,30.99,19.96,23.0
2023-03-22,0.35,30.61,18.33,23.53
2023-03-23,0.23,30.57,19.05,23.46
2023-03-24,0.23,32.19,18.73,22.89
2023-03-25,0.61,30.84,19.97,22.84
2023-03-26,0.78,32.11,20.57,21.63
2023-03-27,0.66,29.07,19.26,15.03
2023-03-28,2.1,29.71,17.52,18.38
2023-03-29,3.63,29.69,18.97,20.12
2023-03-30,0.72,30.82,19.97,21.77
2023-03-31,0.3,30.62,19.98,18.37
2023-04-01,0.04,31.71,19.55,21.09
2023-04-02,0.0,27.73,17.12,19.4
2023-04-03,0.0,29.58,15.7,21.91
2023-04-04,0.04,30.42,16.96,22.48
2023-04-05,0.09,29.42,17.0,21.62
2023-04-06,3.18,27.9,16.39,18.57
2023-04-07,9.76,22.73,18.36,5.54
2023-04-08,0.94,27.54,17.98,10.88
2023-04-09,0.14,24.44,18.18,12.68
2023-04-10,0.0,27.21,16.09,22.2
2023-04-11,0.0,27.86,14.42,20.56
2023-04-12,2.01,28.41,16.83,17.82
2023-04-13,10.0,28.07,18.98,18.55
2023-04-14,9.71,26.09,19.51,10.04
2023-04-15,1.0,27.68,18.1,14.71
2023-04-16,0.0,28.32,17.16,19.93
2023-04-17,8.44,28.54,17.68,13.99
2023-04-18,16.75,28.18,21.03,7.2
2023-04-19,10.45,25.51,14.49,17.18
2023-04-20,0.0,23.05,12.21,20.67
2023-04-21,0.04,23.29,9.48,19.98
2023-04-22,0.02,25.38,13.33,19.78
2023-04-23,0.01,25.91,14.56,18.34
2023-04-24,0.01,25.93,14.64,19.3
2023-04-25,0.26,26.51,14.52,17.42
2023-04-26,3.18,26.93,15.66,5.92
2023-04-27,3.43,26.7,16.36,8.2
2023-04-28,1.0,24.25,15.72,6.38
2023-04-29,0.1,25.39,14.28,14.21
2023-04-30,0.03,26.49,15.21,16.97
2023-05-01,0.03,27.19,14.67,15.81
2023-05-02,0.03,26.88,15.4,15.84
2023-05-03,0.01,28.18,15.69,15.99
2023-05-04,0.04,28.69,15.77,17.91
2023-05-05,0.03,29.2,16.84,17.38
2023-05-06,0.0,28.76,18.07,15.37
2023-05-07,0.05,28.45,17.52,17.13
2023-05-08,0.01,29.16,17.12,16.26
2023-05-09,0.12,29.12,18.04,11.17
2023-05-10,0.66,25.78,17.78,9.96
2023-05-11,0.23,26.67,14.79,17.16
2023-05-12,0.15,22.77,12.46,13.68
2023-05-13,0.04,22.85,12.13,17.1
2023-05-14,0.29,24.54,11.34,17.59
2023-05-15,0.04,24.9,10.58,17.74
2023-05-16,0.15,25.1,10.54,17.73
2023-05-17,0.03,23.32,11.39,16.68
2023-05-18,0.02,23.73,10.57,17.75
2023-05-19,0.05,23.91,10.47,17.93
2023-05-20,0.1,25.02,10.55,16.96
2023-05-21,0.04,25.52,10.13,15.84
2023-05-22,0.02,24.29,11.68,9.71
2023-05-23,0.01,25.69,11.86,16.24
2023-05-24,0.02,26.01,12.95,15.33
2023-05-25,0.02,26.49,13.76,15.2
2023-05-26,0.02,27.16,13.76,15.66
2023-05-27,0.02,27.96,12.63,15.57
2023-05-28,0.62,23.28,15.39,4.13
2023-05-29,0.17,23.66,14.04,10.46
2023-05-30,10.26,21.72,14.54,8.41
2023-05-31,2.67,23.0,14.96,5.3
2023-06-01,0.3,23.92,13.71,9.32
2023-06-02,0.03,23.89,12.86,15.6
2023-06-03,0.09,25.54,12.35,16.59
2023-06-04,0.03,26.11,11.1,16.27
2023-06-05,0.09,25.27,11.65,15.51
2023-06-06,0.14,23.98,11.94,15.72
2023-06-07,0.15,24.92,11.17,15.61
2023-06-08,0.28,25.8,10.04,15.13
2023-06-09,0.02,26.6,11.07,15.71
2023-06-10,0.01,27.51,12.66,15.99
2023-06-11,0.0,28.38,12.72,15.57
2023-06-12,0.55,28.79,13.65,13.99
2023-06-13,9.88,20.94,14.46,3.76
2023-06-14,14.37,20.03,13.78,3.18
2023-06-15,18.47,18.71,13.01,2.46
2023-06-16,0.49,18.93,7.34,14.01
2023-06-17,0.15,19.22,6.84,12.15
2023-06-18,0.08,19.9,8.03,14.79
2023-06-19,0.05,21.52,10.29,15.71
2023-06-20,0.04,23.18,9.68,15.4
2023-06-21,0.03,24.61,9.64,15.43
2023-06-22,0.01,25.25,10.59,13.58
2023-06-23,0.03,25.73,11.11,13.64
2023-06-24,0.01,26.82,10.89,15.08
2023-06-25,0.03,27.34,11.58,15.43
2023-06-26,0.01,26.66,11.16,15.69
2023-06-27,0.02,26.34,10.53,15.73
2023-06-28,0.01,26.7,11.15,15.3
2023-06-29,0.1,24.63,12.42,11.85
2023-06-30,0.02,24.6,12.81,13.45
2023-07-01,0.01,26.08,12.72,11.88
2023-07-02,0.01,25.51,13.02,14.91
2023-07-03,0.01,22.68,11.97,12.82
2023-07-04,0.04,22.95,9.94,16.05
2023-07-05,0.03,24.83,9.44,15.96
2023-07-06,0.03,25.08,8.53,15.88
2023-07-07,0.0,26.27,8.65,15.62
2023-07-08,1.8,27.61,11.09,12.8
2023-07-09,8.24,24.27,15.57,4.51
2023-07-10,1.92,27.03,14.09,5.58
2023-07-11,0.08,28.49,14.2,10.52
2023-07-12,0.07,28.76,14.05,14.44
2023-07-13,0.23,25.16,14.43,16.15
2023-07-14,0.06,19.64,8.64,16.77
2023-07-15,0.0,21.83,7.59,16.88
2023-07-16,0.0,22.38,7.16,12.37
2023-07-17,0.02,26.92,12.42,12.43
2023-07-18,0.02,24.14,13.91,8.9
2023-07-19,0.0,22.25,12.83,10.13
2023-07-20,0.0,25.6,12.93,14.12
2023-07-21,0.0,26.48,12.69,15.85
2023-07-22,0.0,26.13,12.55,16.35
2023-07-23,0.0,27.19,11.77,14.21
2023-07-24,0.0,27.7,12.28,15.46
2023-07-25,0.0,27.29,11.91,12.35
2023-07-26,0.0,28.91,16.13,15.34
2023-07-27,0.0,29.2,14.57,13.94
2023-07-28,0.12,29.53,14.9,13.34
2023-07-29,0.11,23.38,12.44,9.63
2023-07-30,0.0,24.84,11.29,16.0
2023-07-31,0.0,27.07,11.56,16.16
2023-08-01,0.03,27.78,11.58,16.62
2023-08-02,0.05,30.18,12.33,18.15
2023-08-03,0.0,31.06,13.56,18.29
2023-08-04,0.0,28.84,11.24,18.32
2023-08-05,0.0,29.85,11.17,18.43
2023-08-06,0.0,31.25,12.09,18.4
2023-08-07,0.0,32.29,12.76,18.19
2023-08-08,0.37,26.9,14.94,11.19
2023-08-09,0.5,29.68,14.04,12.03
2023-08-10,0.14,31.84,14.56,14.09
2023-08-11,0.49,33.06,15.72,15.97
2023-08-12,0.22,33.81,15.66,11.9
2023-08-13,0.67,25.1,13.83,8.18
2023-08-14,0.01,28.53,13.32,12.47
2023-08-15,0.02,28.62,14.98,15.47
2023-08-16,0.06,28.2,16.54,13.71
2023-08-17,0.0,30.48,15.69,17.7
2023-08-18,0.04,32.12,15.26,17.74
2023-08-19,0.82,29.45,16.25,12.82
2023-08-20,0.0,27.66,16.2,15.95
2023-08-21,0.0,29.98,15.06,18.09
2023-08-22,0.0,32.74,14.74,20.51
2023-08-23,0.0,34.98,18.0,16.94
2023-08-24,0.84,34.35,20.84,13.95
2023-08-25,3.6,32.46,16.61,11.49
2023-08-26,8.77,19.83,12.25,8.58
2023-08-27,0.6,19.25,11.49,5.21
2023-08-28,0.21,22.07,11.32,9.95
2023-08-29,0.01,23.57,12.09,15.77
2023-08-30,0.0,29.08,13.68,20.06
2023-08-31,0.02,30.02,13.33,19.47
2023-09-01,0.0,30.89,11.79,21.16
2023-09-02,5.11,33.85,16.42,13.14
2023-09-03,3.91,30.9,18.87,17.93
2023-09-04,3.84,34.85,19.65,16.85
2023-09-05,1.53,33.04,16.5,12.14
2023-09-06,0.04,25.42,15.27,14.5
2023-09-07,0.0,29.59,15.62,19.64
2023-09-08,0.06,33.01,15.45,21.2
2023-09-09,0.72,29.8,19.16,8.12
2023-09-10,0.52,32.31,16.28,16.99
2023-09-11,0.0,33.98,16.94,22.94
2023-09-12,0.0,34.04,15.94,23.36
2023-09-13,0.02,36.92,16.53,22.75
2023-09-14,4.61,26.97,14.35,2.85
2023-09-15,0.36,27.82,12.43,23.21
2023-09-16,0.1,33.08,12.59,24.13
2023-09-17,0.01,36.12,16.05,23.79
2023-09-18,1.32,33.95,20.89,18.22
2023-09-19,1.03,35.76,19.89,19.48
2023-09-20,0.57,35.56,18.27,17.77
2023-09-21,0.0,36.14,17.51,23.24
2023-09-22,0.0,38.35,18.8,22.52
2023-09-23,0.0,38.49,20.23,23.24
2023-09-24,0.0,39.9,20.48,24.06
2023-09-25,0.01,36.76,22.05,18.2
2023-09-26,1.23,39.01,21.19,20.31
2023-09-27,3.66,39.58,19.96,16.45
2023-09-28,0.92,27.41,14.87,7.48
2023-09-29,0.0,32.05,15.34,16.83
2023-09-30,7.03,35.46,16.5,19.95
2023-10-01,9.34,29.95,18.73,7.31
2023-10-02,0.34,32.24,17.11,8.34
2023-10-03,0.14,34.32,17.16,16.53
2023-10-04,14.73,34.98,19.96,7.98
2023-10-05,7.16,36.09,20.79,14.06
2023-10-06,2.08,34.77,19.15,20.94
2023-10-07,34.81,35.07,17.51,12.51
2023-10-08,8.45,31.68,16.26,9.4
2023-10-09,31.21,28.7,17.44,15.62
2023-10-10,0.04,28.69,15.7,23.43
2023-10-11,0.22,33.52,15.46,27.67
2023-10-12,21.15,35.23,17.24,9.64
2023-10-13,2.75,25.88,15.5,8.34
2023-10-14,0.02,25.1,15.04,11.03
2023-10-15,0.0,30.9,15.76,21.51
2023-10-16,15.77,33.35,17.56,25.09
2023-10-17,2.37,31.9,21.09,10.96
2023-10-18,4.86,28.64,17.84,15.51
2023-10-19,0.02,28.75,16.05,17.45
2023-10-20,0.01,29.2,15.78,9.84
2023-10-21,0.01,30.28,15.38,19.79
2023-10-22,0.0,32.44,14.95,25.73
2023-10-23,0.0,35.8,16.95,27.49
2023-10-24,0.11,36.64,20.94,19.09
2023-10-25,1.0,32.0,21.77,16.08
2023-10-26,1.72,32.24,19.09,16.7
2023-10-27,15.52,30.18,17.78,13.56
2023-10-28,5.49,34.03,18.49,14.99
2023-10-29,14.28,29.78,20.19,11.13
2023-10-30,1.02,34.01,20.28,14.71
2023-10-31,12.18,32.1,21.53,10.34
2023-11-01,0.54,29.24,18.58,16.83
2023-11-02,0.0,31.16,16.91,21.1
2023-11-03,11.33,35.39,18.62,17.15
2023-11-04,0.57,29.63,16.28,29.14
2023-11-05,0.02,29.99,13.4,30.65
2023-11-06,0.0,29.64,12.25,31.16
2023-11-07,0.28,32.19,13.57,30.08
2023-11-08,3.14,34.62,14.6,30.23
2023-11-09,6.66,35.72,20.15,20.75
2023-11-10,0.64,34.26,20.23,19.8
2023-11-11,0.0,37.54,20.5,27.84
2023-11-12,0.0,39.37,22.46,28.23
2023-11-13,0.0,39.53,22.96,27.79
2023-11-14,3.45,40.59,22.41,23.87
2023-11-15,3.58,38.29,21.24,28.08
2023-11-16,6.6,37.94,21.92,21.37
2023-11-17,0.79,39.53,23.01,21.79
2023-11-18,3.55,38.13,23.19,23.02
2023-11-19,23.81,34.78,19.63,6.74
2023-11-20,0.16,29.2,18.76,17.56
2023-11-21,0.27,34.24,18.34,22.45
2023-11-22,4.14,33.47,22.69,20.98
2023-11-23,9.54,32.73,20.88,15.06
2023-11-24,1.5,26.78,16.56,12.01
2023-11-25,0.83,25.55,15.59,12.72
2023-11-26,0.47,26.96,15.5,14.95
2023-11-27,9.44,30.09,18.27,17.57
2023-11-28,12.41,30.38,20.15,17.36
2023-11-29,17.64,31.45,20.43,17.22
2023-11-30,0.26,33.91,20.65,23.02
2023-12-01,1.23,34.69,21.73,28.26
2023-12-02,1.25,36.69,21.14,30.25
2023-12-03,0.21,36.01,21.67,29.74
2023-12-04,5.8,34.84,21.54,28.63
2023-12-05,3.24,31.56,21.41,22.06
2023-12-06,2.68,34.23,20.93,24.94
2023-12-07,9.19,35.2,22.08,27.42
2023-12-08,1.13,33.7,21.45,25.2
2023-12-09,0.03,31.66,19.04,22.27
2023-12-10,1.33,31.09,18.09,23.41
2023-12-11,1.02,33.15,19.1,23.89
2023-12-12,0.08,32.5,17.9,29.93
2023-12-13,0.01,34.98,16.03,31.0
2023-12-14,0.0,37.27,18.01,31.19
2023-12-15,0.07,38.8,19.85,30.52
2023-12-16,0.05,38.19,20.42,28.03
2023-12-17,2.74,37.08,22.14,25.75
2023-12-18,5.26,36.17,21.46,29.47
2023-12-19,0.49,34.95,18.57,29.09
2023-12-20,0.0,34.59,18.81,29.62
2023-12-21,1.96,33.79,19.95,25.47
2023-12-22,4.41,35.22,20.31,23.93
2023-12-23,5.66,33.02,23.58,20.25
2023-12-24,0.59,35.15,21.68,26.67
2023-12-25,0.05,36.52,21.99,25.84
2023-12-26,1.1,35.5,21.58,20.74
2023-12-27,0.07,34.38,18.31,25.67
2023-12-28,0.0,36.46,17.33,30.97
2023-12-29,0.14,38.81,20.59,25.47
2023-12-30,2.54,32.03,21.3,15.54
2023-12-31,0.03,32.93,18.67,25.61
2024-01-01,0.01,34.83,19.22,21.91
2024-01-02,0.15,35.71,19.77,21.96
2024-01-03,2.52,34.42,21.04,21.8
2024-01-04,0.21,35.17,20.74,20.39
2024-01-05,0.09,34.49,19.38,26.11
2024-01-06,0.01,35.93,19.61,26.96
2024-01-07,0.35,37.68,20.04,27.37
2024-01-08,1.68,38.93,22.96,26.23
2024-01-09,1.57,37.74,22.96,27.56
2024-01-10,1.71,37.16,22.97,25.22
2024-01-11,7.66,32.45,23.46,21.74
2024-01-12,10.04,33.21,21.72,15.09
2024-01-13,4.44,30.32,20.6,14.25
2024-01-14,0.61,34.99,19.0,27.21
2024-01-15,0.43,35.85,22.32,21.45
2024-01-16,0.05,36.54,22.78,24.69
2024-01-17,1.9,36.95,22.75,20.7
2024-01-18,18.14,35.48,22.78,25.65
2024-01-19,7.29,32.19,23.65,19.18
2024-01-20,11.5,32.61,22.37,15.49
2024-01-21,2.44,32.22,20.77,19.64
2024-01-22,1.16,31.09,19.1,20.16
2024-01-23,12.53,24.49,18.61,6.67
2024-01-24,0.29,29.21,17.42,19.86
2024-01-25,1.19,28.47,15.87,16.29
2024-01-26,0.19,28.46,15.34,19.64
2024-01-27,2.61,30.33,16.66,23.58
2024-01-28,2.38,32.28,18.16,16.79
2024-01-29,1.9,34.26,18.44,18.24
2024-01-30,2.67,35.25,20.78,26.06
2024-01-31,3.73,34.52,21.55,16.74
2024-02-01,0.41,33.18,18.76,21.97
2024-02-02,4.68,33.22,19.22,15.49
2024-02-03,0.99,32.92,19.84,17.6
2024-02-04,0.35,33.74,21.55,16.73
2024-02-05,0.03,36.11,20.5,26.42
2024-02-06,0.03,34.75,20.6,24.34
2024-02-07,0.84,33.4,21.28,21.22
2024-02-08,0.1,36.38,20.25,24.52
2024-02-09,0.72,36.71,20.52,25.35
2024-02-10,0.31,35.91,22.86,24.06
2024-02-11,0.61,36.87,20.79,27.36
2024-02-12,1.8,34.52,22.61,22.94
2024-02-13,1.75,36.87,22.98,24.25
2024-02-14,15.99,29.83,21.15,9.89
2024-02-15,6.13,28.74,19.8,9.84
2024-02-16,1.36,32.13,19.38,15.83
2024-02-17,2.84,33.07,19.49,16.3
2024-02-18,3.18,31.53,19.92,19.0
2024-02-19,6.94,32.19,19.89,24.73
2024-02-20,9.85,31.0,19.65,13.01
2024-02-21,7.39,31.13,20.23,16.12
2024-02-22,1.37,32.71,19.82,21.33
2024-02-23,2.47,35.07,21.6,22.4
2024-02-24,3.42,32.61,22.65,13.99
2024-02-25,1.41,32.97,22.15,20.82
2024-02-26,0.14,33.81,21.16,18.18
2024-02-27,0.52,35.85,21.14,21.13
2024-02-28,1.24,35.59,23.08,18.31
2024-02-29,2.55,32.8,22.95,22.13
2024-03-01,3.84,33.37,22.26,19.39
2024-03-02,0.38,33.66,20.44,27.03
2024-03-03,0.0,35.68,17.97,26.73
2024-03-04,0.24,37.34,19.74,25.01
2024-03-05,2.76,37.0,21.54,20.2
2024-03-06,4.9,33.67,21.66,18.06
2024-03-07,0.73,33.77,20.45,20.22
2024-03-08,11.05,31.89,21.15,16.75
2024-03-09,6.81,33.48,22.15,15.89
2024-03-10,4.93,32.69,22.4,13.74
2024-03-11,0.33,32.7,19.99,25.88
2024-03-12,0.28,33.8,17.07,25.02
2024-03-13,0.65,36.01,17.98,23.98
2024-03-14,0.01,37.34,19.93,23.92
2024-03-15,0.01,37.68,22.65,23.27
2024-03-16,0.02,38.13,24.64,22.07
2024-03-17,4.98,36.75,23.62,19.15
2024-03-18,1.2,34.56,23.77,17.5
2024-03-19,4.36,34.2,23.69,19.49
2024-03-20,1.46,34.89,22.31,18.74
2024-03-21,4.11,36.13,22.8,21.02
2024-03-22,2.6,27.36,19.21,8.3
2024-03-23,3.17,24.0,18.21,7.58
2024-03-24,4.41,28.22,17.71,9.7
2024-03-25,0.83,31.78,18.16,19.52
2024-03-26,0.71,31.92,19.19,15.7
2024-03-27,1.57,25.59,19.59,9.26
2024-03-28,2.14,29.08,18.74,10.3
2024-03-29,0.41,31.91,18.73,13.87
2024-03-30,0.11,32.46,19.69,22.03
2024-03-31,0.03,33.85,18.95,23.01
2024-04-01,0.02,33.68,18.95,20.86
2024-04-02,0.41,34.03,19.6,15.72
2024-04-03,0.02,34.77,20.43,20.73
2024-04-04,0.01,36.18,20.05,22.19
2024-04-05,0.1,35.74,20.04,22.29
2024-04-06,0.27,32.99,19.61,15.82
2024-04-07,0.37,33.66,18.17,17.79
2024-04-08,5.87,31.62,20.59,7.22
2024-04-09,4.98,30.28,20.64,16.93
2024-04-10,0.37,33.06,19.72,18.75
2024-04-11,0.7,33.24,19.97,15.61
2024-04-12,0.07,32.5,19.23,17.13
2024-04-13,0.41,32.62,20.2,16.68
2024-04-14,2.87,25.55,21.04,7.81
2024-04-15,2.03,31.02,20.1,10.83
2024-04-16,10.08,31.55,20.51,15.38
2024-04-17,1.22,31.58,20.97,11.32
2024-04-18,1.64,27.83,17.01,9.45
2024-04-19,0.0,28.18,13.29,20.48
2024-04-20,0.01,30.68,13.78,19.38
2024-04-21,0.04,31.56,15.62,20.67
2024-04-22,0.04,31.87,14.89,20.55
2024-04-23,0.05,33.03,16.78,17.76
2024-04-24,0.0,33.93,18.11,17.51
2024-04-25,0.0,33.39,19.72,13.78
2024-04-26,0.0,33.65,19.26,17.43
2024-04-27,0.0,33.91,18.77,18.11
2024-04-28,0.0,33.94,19.17,16.66
2024-04-29,0.0,34.27,19.04,17.86
2024-04-30,0.0,34.21,19.15,17.9
2024-05-01,0.0,34.24,18.37,18.22
2024-05-02,0.0,34.31,18.19,18.66
2024-05-03,0.01,33.88,19.54,17.04
2024-05-04,0.0,34.49,18.58,18.16
2024-05-05,0.0,33.63,17.53,18.77
2024-05-06,0.04,33.72,16.15,18.75
2024-05-07,0.02,33.84,17.23,18.14
2024-05-08,0.0,33.16,19.18,17.29
2024-05-09,0.01,33.12,18.21,14.72
2024-05-10,0.01,32.56,19.27,15.94
2024-05-11,0.0,32.82,18.7,16.17
2024-05-12,0.0,33.0,16.94,17.5
2024-05-13,0.0,32.93,17.87,17.28
2024-05-14,0.31,30.59,17.9,8.03
2024-05-15,0.07,26.58,16.69,6.57
2024-05-16,0.02,31.07,16.12,14.89
2024-05-17,0.0,33.32,17.95,16.84
2024-05-18,0.0,33.32,17.53,15.49
2024-05-19,2.25,30.51,17.98,12.03
2024-05-20,0.3,31.06,18.34,12.63
2024-05-21,0.02,30.54,15.28,14.39
2024-05-22,0.0,31.45,16.29,15.75
2024-05-23,0.01,31.29,15.59,16.81
2024-05-24,4.42,30.53,16.87,6.3
2024-05-25,3.35,25.57,14.53,7.43
2024-05-26,21.8,18.89,13.57,6.0
2024-05-27,2.01,24.69,13.73,6.02
2024-05-28,3.24,23.57,10.7,8.99
2024-05-29,0.01,21.32,7.04,16.45
2024-05-30,0.04,22.0,8.78,15.51
2024-05-31,0.02,23.8,10.03,16.31
2024-06-01,0.04,26.26,11.45,16.47
2024-06-02,0.0,27.54,10.46,15.68
2024-06-03,0.0,27.72,14.43,11.78
2024-06-04,0.03,25.57,14.42,11.95
2024-06-05,0.02,27.22,13.27,15.17
2024-06-06,0.02,28.38,13.29,15.02
2024-06-07,0.0,28.92,13.28,15.58
2024-06-08,0.03,29.23,12.51,15.3
2024-06-09,0.02,30.14,13.51,15.43
2024-06-10,0.02,30.1,13.56,15.55
2024-06-11,0.01,29.52,14.38,15.72
2024-06-12,0.04,29.38,13.93,15.7
2024-06-13,0.01,29.47,11.68,16.03
2024-06-14,0.0,29.34,11.61,15.22
2024-06-15,0.0,29.93,13.47,15.48
2024-06-16,0.01,29.93,14.02,14.25
2024-06-17,0.0,29.71,13.05,15.4
2024-06-18,0.01,28.82,11.22,15.91
2024-06-19,0.01,29.74,11.33,15.65
2024-06-20,0.16,29.19,11.9,15.37
2024-06-21,0.01,28.85,12.6,15.66
2024-06-22,0.0,28.79,13.0,14.1
2024-06-23,0.0,30.34,15.01,13.2
2024-06-24,0.0,30.98,15.37,14.63
2024-06-25,0.41,26.46,15.93,9.11
2024-06-26,0.05,30.72,14.42,14.23
2024-06-27,0.01,28.66,15.2,10.88
2024-06-28,0.0,29.94,14.66,10.67
2024-06-29,1.35,29.69,15.1,10.38
2024-06-30,2.59,21.6,12.95,9.22
2024-07-01,0.33,25.48,10.7,8.19
2024-07-02,0.25,27.66,9.3,15.48
2024-07-03,0.05,28.83,12.95,15.18
2024-07-04,0.0,29.3,15.85,9.21
2024-07-05,0.03,28.91,15.43,11.58
2024-07-06,0.01,27.6,13.84,13.41
2024-07-07,0.0,29.39,13.54,14.64
2024-07-08,5.79,23.32,12.88,7.53
2024-07-09,26.46,22.01,13.44,2.16
2024-07-10,2.56,22.59,12.71,7.55
2024-07-11,0.05,28.33,14.28,11.35
2024-07-12,0.05,22.05,14.62,9.15
2024-07-13,0.03,22.79,13.0,7.75
2024-07-14,0.0,26.88,12.16,14.58
2024-07-15,0.01,24.24,13.01,12.48
2024-07-16,0.01,25.92,14.01,14.34
2024-07-17,0.05,27.26,13.94,15.81
2024-07-18,0.0,27.61,13.16,15.65
2024-07-19,0.01,27.02,12.39,17.0
2024-07-20,0.01,26.9,10.45,17.3
2024-07-21,0.01,27.81,9.97,16.96
2024-07-22,0.06,29.37,11.96,17.06
2024-07-23,0.01,28.0,9.65,17.33
2024-07-24,0.01,28.72,9.35,16.69
2024-07-25,0.01,28.45,11.13,17.01
2024-07-26,0.08,28.4,13.31,14.77
2024-07-27,0.43,27.91,13.32,11.41
2024-07-28,0.08,31.38,13.93,16.34
2024-07-29,0.22,30.42,14.71,12.55
2024-07-30,1.24,21.33,12.99,6.14
2024-07-31,0.12,28.01,12.62,16.84
2024-08-01,0.0,28.8,13.23,16.93
2024-08-02,0.01,28.98,12.82,17.51
2024-08-03,0.01,29.88,14.23,17.11
2024-08-04,0.01,29.45,15.02,16.48
2024-08-05,0.0,31.19,15.71,16.95
2024-08-06,0.04,31.36,14.61,17.1
2024-08-07,0.03,31.17,16.64,16.31
2024-08-08,0.27,32.74,15.97,14.28
2024-08-09,15.4,21.18,14.39,1.67
2024-08-10,2.9,18.31,8.59,12.16
2024-08-11,0.03,23.15,6.46,17.79
2024-08-12,0.0,23.58,5.98,19.81
2024-08-13,0.01,21.87,4.7,18.17
2024-08-14,0.01,23.34,7.02,17.83
2024-08-15,0.0,30.85,8.39,19.56
2024-08-16,0.0,33.0,13.76,18.98
2024-08-17,0.01,33.15,13.26,18.12
2024-08-18,0.0,33.63,12.98,18.18
2024-08-19,0.0,34.05,13.57,19.66
2024-08-20,0.07,34.17,17.42,18.94
2024-08-21,0.0,32.7,15.47,19.26
2024-08-22,0.0,33.96,13.58,20.18
2024-08-23,0.0,34.31,15.08,19.4
2024-08-24,4.37,30.02,15.15,7.75
2024-08-25,0.72,22.97,9.6,5.41
2024-08-26,0.12,22.04,6.03,22.16
2024-08-27,0.0,24.77,3.95,22.78
2024-08-28,0.06,28.76,8.18,21.14
2024-08-29,0.12,31.4,11.5,20.59
2024-08-30,0.0,33.18,13.5,21.38
2024-08-31,0.0,33.4,13.12,21.84
2024-09-01,0.0,34.85,14.2,20.74
2024-09-02,0.0,33.72,16.23,12.69
2024-09-03,0.0,35.52,14.84,16.81
2024-09-04,0.0,36.44,16.19,19.59
2024-09-05,0.01,35.71,15.81,16.86
2024-09-06,0.1,29.27,13.36,14.21
2024-09-07,0.01,35.71,14.7,14.09
2024-09-08,0.0,36.4,17.43,12.37
2024-09-09,0.0,35.51,18.15,18.56
2024-09-10,0.0,34.35,17.91,16.3
2024-09-11,0.01,35.62,17.8,17.38
2024-09-12,0.0,36.26,16.7,22.72
2024-09-13,0.0,36.13,16.1,20.46
2024-09-14,0.0,36.46,18.29,14.26
2024-09-15,2.29,28.44,17.25,9.35
2024-09-16,9.76,23.39,15.08,5.08
2024-09-17,0.07,27.39,13.74,18.37
2024-09-18,0.06,28.88,13.23,11.7
2024-09-19,0.65,33.41,15.73,14.84
2024-09-20,4.87,37.07,16.92,18.68
2024-09-21,0.34,33.16,18.38,11.03
2024-09-22,0.0,35.35,16.93,21.5
2024-09-23,0.01,36.57,16.98,22.53
2024-09-24,0.0,36.96,16.25,22.94
2024-09-25,0.02,38.1,17.31,23.74
2024-09-26,0.01,39.23,19.39,23.92
2024-09-27,1.56,34.47,17.62,10.21
2024-09-28,0.21,31.27,15.11,22.78
2024-09-29,0.0,35.37,14.4,24.69
2024-09-30,0.03,36.57,16.63,24.71
2024-10-01,0.01,38.19,20.03,23.5
2024-10-02,0.06,38.8,21.41,20.86
2024-10-03,1.35,27.77,17.3,12.41
2024-10-04,0.71,26.87,15.13,13.07
2024-10-05,0.05,32.6,13.29,24.1
2024-10-06,0.05,34.96,14.73,25.71
2024-10-07,0.0,34.65,15.87,23.63
2024-10-08,0.0,39.0,16.16,17.55
2024-10-09,0.03,33.93,16.36,8.16
2024-10-10,5.76,28.45,18.46,10.38
2024-10-11,3.12,34.35,19.06,8.74
2024-10-12,0.83,33.86,19.67,18.44
2024-10-13,0.02,33.45,17.49,24.44
2024-10-14,0.05,33.58,16.79,20.18
2024-10-15,0.01,35.36,17.44,23.5
2024-10-16,0.64,32.91,19.36,21.53
2024-10-17,0.0,35.55,19.01,25.14
2024-10-18,0.82,33.68,18.62,19.15
2024-10-19,13.34,26.0,16.42,5.06
2024-10-20,12.1,24.21,15.46,7.65
2024-10-21,1.13,30.71,17.65,14.69
2024-10-22,0.45,32.93,20.08,20.16
2024-10-23,16.55,31.72,21.57,11.69
2024-10-24,19.39,31.07,21.27,16.86
2024-10-25,3.59,30.74,21.79,11.07
2024-10-26,1.78,33.2,20.63,17.06
2024-10-27,6.01,28.92,17.19,13.22
2024-10-28,3.93,27.97,16.03,12.97
2024-10-29,0.22,32.29,17.16,20.51
2024-10-30,0.7,32.36,16.85,25.85
2024-10-31,0.0,32.5,16.6,25.93
2024-11-01,1.3,32.41,17.18,23.93
2024-11-02,24.09,26.77,20.41,12.68
2024-11-03,15.52,25.48,20.34,9.42
2024-11-04,11.12,26.38,19.78,6.87
2024-11-05,4.83,30.24,19.1,17.59
2024-11-06,21.43,29.17,20.53,12.4
2024-11-07,34.18,24.85,21.04,10.55
2024-11-08,11.56,27.31,19.27,11.36
2024-11-09,1.78,27.78,17.34,16.39
2024-11-10,0.01,28.48,15.35,28.4
2024-11-11,0.02,32.03,15.02,30.28
2024-11-12,1.92,34.08,17.82,25.13
2024-11-13,3.81,28.83,16.65,12.16
2024-11-14,0.07,29.29,14.8,22.84
2024-11-15,0.61,30.68,16.2,22.01
2024-11-16,2.48,27.63,19.24,19.07
2024-11-17,0.22,32.04,17.98,20.5
2024-11-18,0.0,34.36,18.07,30.21
2024-11-19,0.0,34.09,17.74,29.43
2024-11-20,0.15,35.43,18.51,24.66
2024-11-21,3.32,32.46,18.91,17.81
2024-11-22,1.96,30.39,18.63,12.95
2024-11-23,0.06,31.71,17.8,24.43
2024-11-24,0.0,30.85,16.43,25.48
2024-11-25,0.0,32.87,15.6,28.88
2024-11-26,0.05,34.85,18.37,27.49
2024-11-27,0.01,35.61,21.4,27.26
2024-11-28,3.66,33.24,21.96,21.16
2024-11-29,2.82,30.86,21.85,15.54
2024-11-30,0.14,33.86,22.14,18.44
2024-12-01,3.06,32.72,21.01,25.71
2024-12-02,6.15,30.05,22.79,12.26
2024-12-03,20.3,27.12,19.85,6.3
2024-12-04,3.14,27.96,18.88,13.42
2024-12-05,1.88,32.26,18.27,15.61
2024-12-06,1.06,33.14,21.68,24.22
2024-12-07,2.41,32.64,22.23,20.65
2024-12-08,12.13,29.76,21.14,7.4
2024-12-09,1.21,30.29,20.75,10.33
2024-12-10,15.39,29.36,19.25,13.35
2024-12-11,0.09,29.73,17.39,24.29
2024-12-12,0.01,30.45,16.59,27.62
2024-12-13,0.09,29.62,17.51,20.57
2024-12-14,1.74,26.69,19.81,11.92
2024-12-15,1.6,32.02,20.53,25.31
2024-12-16,0.08,32.02,17.94,29.02
2024-12-17,0.01,33.45,15.9,28.03
2024-12-18,0.03,33.33,16.97,27.92
2024-12-19,0.05,35.04,17.59,27.52
2024-12-20,5.04,31.16,22.28,18.76
2024-12-21,8.96,29.73,20.97,15.0
2024-12-22,1.98,31.03,20.94,16.52
2024-12-23,0.76,31.74,19.9,19.54
2024-12-24,0.03,30.64,18.34,23.19
2024-12-25,7.91,32.29,18.94,21.88
2024-12-26,22.0,29.37,21.35,9.82
2024-12-27,3.89,31.05,21.77,17.92
2024-12-28,1.57,32.02,20.76,24.36
2024-12-29,9.33,32.12,19.92,21.79
2024-12-30,0.38,31.16,18.85,25.35
2024-12-31,0.49,32.45,18.98,23.85
2025-01-01,3.45,32.21,19.62,26.53
2025-01-02,2.38,32.85,19.72,27.78
2025-01-03,4.0,32.75,20.1,21.38
2025-01-04,1.87,30.74,19.76,17.96
2025-01-05,0.38,34.33,17.52,25.24
2025-01-06,0.01,34.21,18.14,24.92
2025-01-07,0.46,31.43,20.12,21.58
2025-01-08,0.74,33.29,19.86,25.33
2025-01-09,0.36,32.22,19.43,23.94
2025-01-10,0.04,32.23,18.16,25.67
2025-01-11,0.19,34.01,16.89,24.57
2025-01-12,0.11,32.57,18.57,20.07
2025-01-13,0.01,31.68,17.42,24.65
2025-01-14,0.01,33.04,15.18,25.49
2025-01-15,2.81,33.43,17.22,21.36
2025-01-16,13.83,31.34,20.4,15.63
2025-01-17,11.84,27.46,21.7,10.09
2025-01-18,4.53,31.28,21.47,18.41
2025-01-19,2.74,33.23,21.83,22.98
2025-01-20,0.79,32.18,21.44,22.43
2025-01-21,1.22,34.59,21.91,23.57
2025-01-22,3.12,35.46,23.05,24.33
2025-01-23,3.83,33.22,21.81,22.5
2025-01-24,1.68,34.26,21.12,24.34
2025-01-25,2.23,35.79,21.52,26.47
2025-01-26,2.29,33.14,21.98,15.01
2025-01-27,4.41,31.81,20.93,17.75
2025-01-28,5.26,32.19,21.27,19.4
2025-01-29,6.94,32.25,21.78,12.31
2025-01-30,10.88,30.59,20.67,12.92
2025-01-31,7.16,29.36,20.55,15.71
2025-02-01,11.53,27.63,21.13,13.62
2025-02-02,9.84,27.69,20.56,16.86
2025-02-03,9.4,26.16,21.07,12.86
2025-02-04,2.2,29.03,20.76,16.86
2025-02-05,3.29,29.44,20.77,18.61
2025-02-06,0.53,30.45,20.46,23.02
2025-02-07,1.0,33.45,19.63,25.26
2025-02-08,0.24,32.23,21.31,22.13
2025-02-09,0.02,33.68,20.31,25.62
2025-02-10,0.55,33.21,19.93,23.23
2025-02-11,0.09,32.99,19.88,25.4
2025-02-12,1.16,34.04,20.24,23.19
2025-02-13,2.88,30.86,22.07,19.57
2025-02-14,2.33,32.37,20.49,20.99
2025-02-15,0.33,34.72,20.58,23.88
2025-02-16,0.2,35.61,21.73,24.98
2025-02-17,0.01,36.86,20.64,28.41
2025-02-18,2.04,35.66,21.63,20.51
2025-02-19,2.6,34.26,21.68,24.88
2025-02-20,0.81,35.69,22.48,19.68
2025-02-21,1.66,34.42,22.19,23.19
2025-02-22,0.14,33.55,21.28,21.23
2025-02-23,0.14,34.16,20.81,23.2
2025-02-24,0.48,34.8,21.13,24.06
2025-02-25,0.27,35.49,21.55,25.11
2025-02-26,3.56,35.64,21.08,26.12
2025-02-27,2.13,36.18,20.95,24.95
2025-02-28,0.18,35.62,21.23,23.33
2025-03-01,0.01,36.35,21.08,25.71
2025-03-02,0.0,36.36,20.85,23.51
2025-03-03,0.0,36.53,20.35,24.45
2025-03-04,0.1,34.99,21.26,24.73
2025-03-05,0.07,34.18,21.09,20.2
2025-03-06,0.0,35.23,20.48,25.98
2025-03-07,0.01,35.03,19.94,24.15
2025-03-08,0.02,35.22,20.11,22.5
2025-03-09,0.19,36.75,20.77,25.35
2025-03-10,0.47,35.86,20.76,22.01
2025-03-11,0.9,33.22,21.42,16.58
2025-03-12,0.45,35.3,20.86,19.54
2025-03-13,1.27,34.01,21.14,17.37
2025-03-14,0.29,34.74,20.91,18.43
2025-03-15,0.91,35.2,21.13,20.31
2025-03-16,2.77,33.31,20.5,14.68
2025-03-17,0.73,34.3,19.3,16.57
2025-03-18,6.38,32.71,20.15,17.43
2025-03-19,4.0,31.22,19.25,14.4
2025-03-20,0.12,31.53,17.56,22.49
2025-03-21,0.03,32.58,16.69,22.36
2025-03-22,1.76,33.93,17.72,21.67
2025-03-23,3.36,30.65,20.09,9.91
2025-03-24,0.26,33.95,20.0,20.3
2025-03-25,0.33,35.09,20.02,20.37
2025-03-26,2.91,31.11,20.48,10.87
2025-03-27,0.11,33.36,19.27,20.59
2025-03-28,1.0,33.98,19.62,16.55
2025-03-29,0.39,34.69,20.69,20.48
2025-03-30,2.08,30.57,20.79,17.62
2025-03-31,3.6,32.44,20.14,14.73
