data,PRECTOTCORR,T2M_MAX,T2M_MIN,ALLSKY_SFC_SW_DWN
2013-10-01,5.95,30.05,21.34,10.99
2013-10-02,16.68,28.04,20.85,6.09
2013-10-03,17.85,29.03,20.6,22.86
2013-10-04,4.73,27.84,19.05,6.44
2013-10-05,0.0,27.35,15.8,26.87
2013-10-06,0.0,27.57,13.11,26.76
2013-10-07,0.02,26.85,14.11,24.69
2013-10-08,0.26,26.98,14.06,19.07
2013-10-09,0.0,29.17,14.48,26.66
2013-10-10,0.0,30.13,16.1,25.29
2013-10-11,0.01,30.72,17.18,22.87
2013-10-12,0.04,29.3,19.36,10.41
2013-10-13,0.0,33.43,18.34,23.23
2013-10-14,0.19,31.03,21.97,21.23
2013-10-15,3.64,27.14,21.59,6.57
2013-10-16,7.52,25.18,19.61,10.45
2013-10-17,2.17,29.21,18.6,17.19
2013-10-18,0.21,30.96,19.56,21.2
2013-10-19,0.0,31.45,16.51,29.22
2013-10-20,0.0,34.21,16.79,29.28
2013-10-21,1.97,34.35,22.45,25.94
2013-10-22,0.04,30.72,22.32,24.32
2013-10-23,0.01,31.56,22.89,22.53
2013-10-24,1.24,35.01,22.24,22.75
2013-10-25,6.27,29.7,22.9,22.93
2013-10-26,0.02,35.05,19.71,22.18
2013-10-27,0.76,34.24,22.78,22.96
2013-10-28,0.01,33.03,18.75,28.97
2013-10-29,0.0,33.53,15.49,28.75
2013-10-30,0.0,33.75,18.15,27.26
2013-10-31,0.03,34.72,20.79,26.8
2013-11-01,0.98,33.09,20.06,24.38
2013-11-02,0.37,34.97,20.05,23.42
2013-11-03,2.51,28.61,23.33,21.41
2013-11-04,1.8,27.1,21.33,12.61
2013-11-05,0.1,31.01,19.03,17.17
2013-11-06,0.18,30.31,18.43,11.76
2013-11-07,0.1,32.01,17.45,18.88
2013-11-08,0.09,33.78,18.45,28.26
2013-11-09,0.0,36.82,21.46,28.83
2013-11-10,1.27,37.54,23.1,26.91
2013-11-11,10.27,34.75,25.73,15.01
2013-11-12,0.22,31.35,24.46,20.66
2013-11-13,0.01,36.1,19.43,28.79
2013-11-14,0.0,36.0,19.2,29.8
2013-11-15,0.24,36.53,20.48,28.54
2013-11-16,7.19,32.77,23.28,11.09
2013-11-17,3.88,32.48,20.48,21.54
2013-11-18,0.38,33.32,20.79,24.48
2013-11-19,0.51,34.28,23.63,21.36
2013-11-20,0.23,35.91,23.19,23.05
2013-11-21,1.89,30.23,24.0,18.37
2013-11-22,19.93,29.14,21.62,16.54
2013-11-23,0.24,30.7,19.11,13.84
2013-11-24,1.22,27.71,20.28,18.99
2013-11-25,2.77,28.92,21.1,20.53
2013-11-26,0.09,32.43,19.1,25.64
2013-11-27,0.0,32.69,21.12,27.72
2013-11-28,0.0,36.31,20.82,29.43
2013-11-29,1.85,36.67,24.76,25.84
2013-11-30,1.84,32.22,23.53,24.68
2013-12-01,5.26,30.16,23.22,22.76
2013-12-02,0.38,32.45,22.86,16.57
2013-12-03,0.29,34.98,23.1,26.29
2013-12-04,1.49,37.28,22.64,27.86
2013-12-05,4.03,35.97,24.75,27.56
2013-12-06,0.59,35.05,23.74,25.61
2013-12-07,0.58,30.06,24.93,16.93
2013-12-08,2.92,33.91,23.52,25.2
2013-12-09,3.84,31.74,24.75,25.01
2013-12-10,9.53,27.42,23.32,12.05
2013-12-11,4.57,32.04,21.91,19.89
2013-12-12,0.01,33.09,20.76,28.71
2013-12-13,0.0,34.18,19.78,28.64
2013-12-14,6.92,31.98,22.47,19.45
2013-12-15,0.04,35.36,20.89,26.73
2013-12-16,0.02,35.94,22.59,27.02
2013-12-17,0.0,35.29,21.47,29.47
2013-12-18,0.0,35.79,20.25,30.24
2013-12-19,0.0,36.56,20.9,29.3
2013-12-20,0.24,37.02,22.55,25.98
2013-12-21,0.04,35.39,23.14,28.34
2013-12-22,0.77,36.48,21.85,28.58
2013-12-23,1.55,28.26,23.27,15.66
2013-12-24,1.0,29.6,22.06,19.01
2013-12-25,0.49,33.21,22.2,21.7
2013-12-26,0.0,38.47,22.75,25.96
2013-12-27,1.83,37.65,25.26,22.13
2013-12-28,6.19,34.19,25.06,20.73
2013-12-29,11.45,29.33,23.91,17.01
2013-12-30,7.51,29.89,23.37,16.23
2013-12-31,13.85,28.77,23.6,13.15
2014-01-01,5.94,30.71,22.69,21.05
2014-01-02,0.68,31.41,23.43,25.94
2014-01-03,7.86,32.41,24.25,28.2
2014-01-04,9.1,33.62,23.56,27.6
2014-01-05,1.59,32.39,22.18,28.22
2014-01-06,1.76,31.46,23.02,22.29
2014-01-07,0.68,33.21,21.14,22.85
2014-01-08,6.99,29.58,23.98,27.65
2014-01-09,0.29,28.07,22.47,19.88
2014-01-10,0.34,32.18,21.49,28.5
2014-01-11,0.65,32.25,22.23,23.03
2014-01-12,10.29,30.14,23.36,20.91
2014-01-13,3.56,28.97,21.49,14.34
2014-01-14,2.39,31.88,19.92,21.99
2014-01-15,0.2,30.16,21.39,20.51
2014-01-16,3.32,31.12,20.49,15.96
2014-01-17,0.15,31.6,21.46,22.73
2014-01-18,1.96,31.72,22.79,27.3
2014-01-19,0.27,33.1,23.04,29.77
2014-01-20,0.0,35.81,20.06,29.76
2014-01-21,0.02,34.78,22.82,26.94
2014-01-22,3.45,33.31,23.66,26.49
2014-01-23,0.34,32.37,23.82,20.18
2014-01-24,13.71,33.25,23.37,26.54
2014-01-25,0.25,30.49,23.05,24.09
2014-01-26,5.55,32.46,22.13,23.89
2014-01-27,3.1,33.41,21.7,25.61
2014-01-28,0.64,33.8,21.82,28.96
2014-01-29,0.0,35.6,20.66,30.2
2014-01-30,0.0,34.8,21.19,27.61
2014-01-31,0.01,35.94,23.42,29.56
2014-02-01,0.01,37.38,25.13,29.26
2014-02-02,0.0,37.32,23.14,28.17
2014-02-03,0.0,35.45,22.1,27.66
2014-02-04,0.0,38.76,23.26,28.02
2014-02-05,0.0,38.85,24.51,28.03
2014-02-06,0.04,38.26,27.25,28.4
2014-02-07,0.0,39.29,24.09,29.83
2014-02-08,0.77,36.27,23.1,27.93
2014-02-09,0.15,38.84,24.63,23.52
2014-02-10,0.04,40.61,23.72,26.87
2014-02-11,0.02,37.94,26.07,25.45
2014-02-12,0.65,36.62,23.18,22.34
2014-02-13,3.86,32.64,24.31,19.7
2014-02-14,19.26,33.85,22.61,21.66
2014-02-15,40.34,28.48,20.94,13.91
2014-02-16,8.66,29.2,20.93,16.35
2014-02-17,1.59,30.28,19.79,19.98
2014-02-18,0.77,30.93,21.0,20.88
2014-02-19,0.45,30.91,20.76,24.6
2014-02-20,1.29,31.16,19.93,23.4
2014-02-21,10.79,28.33,22.41,13.98
2014-02-22,8.02,27.64,21.73,14.73
2014-02-23,6.76,28.38,21.54,17.94
2014-02-24,7.99,29.62,21.4,13.52
2014-02-25,0.4,29.84,20.9,14.84
2014-02-26,0.1,30.85,20.92,23.7
2014-02-27,6.02,31.2,21.83,19.5
2014-02-28,10.46,29.77,22.54,20.18
2014-03-01,2.06,29.89,21.79,20.65
2014-03-02,0.1,31.24,20.44,25.3
2014-03-03,21.03,29.68,21.73,20.6
2014-03-04,6.0,28.76,22.19,18.53
2014-03-05,7.24,28.59,22.28,14.59
2014-03-06,4.18,29.62,21.75,23.38
2014-03-07,5.6,30.23,22.39,19.98
2014-03-08,0.28,29.96,19.91,20.18
2014-03-09,0.02,30.61,19.87,25.92
2014-03-10,0.63,28.9,21.26,22.14
2014-03-11,3.62,27.8,22.13,20.37
2014-03-12,1.21,26.5,21.25,11.85
2014-03-13,1.24,29.24,20.55,18.29
2014-03-14,0.03,30.7,19.84,23.21
2014-03-15,0.22,32.35,21.34,23.85
2014-03-16,0.11,32.01,21.88,22.46
2014-03-17,0.37,32.63,21.7,23.98
2014-03-18,0.43,32.92,22.23,24.62
2014-03-19,0.66,32.0,21.21,23.33
2014-03-20,3.79,29.89,23.11,17.72
2014-03-21,10.43,27.17,22.82,16.01
2014-03-22,1.31,29.81,22.22,15.04
2014-03-23,0.0,31.01,20.95,22.32
2014-03-24,0.0,30.82,17.85,22.97
2014-03-25,0.0,31.15,19.05,22.74
2014-03-26,0.97,31.47,19.24,22.78
2014-03-27,0.1,31.61,19.74,21.15
2014-03-28,0.29,30.62,20.73,21.85
2014-03-29,3.01,30.39,21.34,18.24
2014-03-30,13.83,26.85,21.61,13.87
2014-03-31,3.62,27.07,21.38,16.51
2014-04-01,0.48,31.57,21.18,19.88
2014-04-02,0.0,32.39,21.1,21.85
2014-04-03,0.0,32.15,20.59,22.13
2014-04-04,0.0,32.52,20.56,22.4
2014-04-05,0.0,32.49,21.33,21.79
2014-04-06,0.0,33.81,20.87,22.1
2014-04-07,0.0,34.1,22.03,21.06
2014-04-08,2.4,34.52,22.48,18.61
2014-04-09,9.36,31.63,24.08,13.69
2014-04-10,0.01,28.22,22.6,15.57
2014-04-11,1.52,30.98,21.91,17.57
2014-04-12,11.01,28.43,23.35,15.51
2014-04-13,0.64,29.71,22.58,14.04
2014-04-14,3.2,29.28,19.97,11.93
2014-04-15,4.05,26.69,17.84,9.05
2014-04-16,0.17,30.56,18.5,14.29
2014-04-17,0.01,31.72,19.25,20.35
2014-04-18,0.01,31.82,20.06,19.18
2014-04-19,2.35,32.06,20.39,16.4
2014-04-20,0.0,30.84,20.87,19.94
2014-04-21,0.51,30.02,21.45,18.09
2014-04-22,3.96,29.42,20.83,13.1
2014-04-23,0.02,28.61,20.21,10.5
2014-04-24,0.0,29.95,20.68,16.02
2014-04-25,0.01,29.23,17.5,19.35
2014-04-26,0.0,29.74,16.44,20.87
2014-04-27,0.01,28.59,14.99,20.92
2014-04-28,0.0,29.34,14.27,19.51
2014-04-29,0.0,30.53,14.88,19.75
2014-04-30,0.0,30.01,16.74,18.3
2014-05-01,1.94,27.51,16.87,9.84
2014-05-02,0.0,29.27,15.94,12.18
2014-05-03,0.0,27.97,18.04,13.03
2014-05-04,0.01,32.13,15.92,19.11
2014-05-05,0.0,32.53,17.81,15.51
2014-05-06,0.01,29.46,18.8,13.88
2014-05-07,0.01,32.73,18.44,14.43
2014-05-08,0.0,32.51,20.02,17.03
2014-05-09,0.0,31.4,18.11,17.71
2014-05-10,0.01,29.17,15.0,18.69
2014-05-11,0.0,28.85,14.17,18.95
2014-05-12,0.0,30.91,14.38,17.9
2014-05-13,0.0,31.3,16.5,13.72
2014-05-14,0.0,31.05,18.62,16.44
2014-05-15,0.0,30.33,16.55,17.08
2014-05-16,0.0,31.62,16.98,13.65
2014-05-17,0.69,31.1,17.83,15.53
2014-05-18,0.28,31.03,18.49,15.48
2014-05-19,0.0,31.6,16.64,17.24
2014-05-20,0.01,31.59,16.06,16.3
2014-05-21,0.09,32.59,16.54,17.0
2014-05-22,24.93,28.06,20.27,10.79
2014-05-23,10.33,26.52,16.88,5.75
2014-05-24,0.04,25.63,15.94,7.11
2014-05-25,0.93,23.54,17.34,7.59
2014-05-26,0.11,21.06,11.75,11.72
2014-05-27,0.0,21.3,9.66,7.36
2014-05-28,0.04,23.19,10.4,12.0
2014-05-29,0.07,24.93,11.67,16.57
2014-05-30,0.0,26.23,12.83,17.43
2014-05-31,0.0,28.76,12.47,16.05
2014-06-01,1.53,22.16,17.54,4.63
2014-06-02,0.03,23.95,10.67,17.51
2014-06-03,0.03,23.47,7.29,17.5
2014-06-04,0.03,26.98,8.72,15.92
2014-06-05,0.11,30.83,15.8,13.23
2014-06-06,0.0,30.19,17.6,7.21
2014-06-07,0.0,31.87,19.76,14.43
2014-06-08,0.07,31.85,18.27,15.34
2014-06-09,0.74,27.61,19.32,13.35
2014-06-10,0.0,29.13,17.81,14.51
2014-06-11,0.0,29.51,16.29,15.84
2014-06-12,0.0,29.98,16.95,15.81
2014-06-13,0.0,30.12,16.86,14.76
2014-06-14,0.01,30.48,16.77,12.91
2014-06-15,0.01,30.71,17.53,15.05
2014-06-16,0.01,30.74,17.36,15.77
2014-06-17,0.02,30.72,16.17,15.85
2014-06-18,0.04,30.76,15.88,15.36
2014-06-19,2.58,27.3,15.27,15.74
2014-06-20,0.0,26.48,12.76,15.46
2014-06-21,0.01,27.31,11.74,12.7
2014-06-22,0.01,27.97,12.66,15.85
2014-06-23,0.01,30.42,16.28,14.87
2014-06-24,0.0,30.55,15.87,15.68
2014-06-25,0.01,30.4,15.73,15.45
2014-06-26,0.0,30.61,16.28,14.51
2014-06-27,0.0,31.75,16.92,15.75
2014-06-28,0.1,30.15,18.39,12.68
2014-06-29,0.02,21.61,12.87,5.76
2014-06-30,0.0,23.75,9.25,16.85
2014-07-01,0.0,28.4,9.63,16.24
2014-07-02,0.0,31.4,14.94,15.21
2014-07-03,0.01,32.66,16.51,15.5
2014-07-04,0.0,32.45,17.1,15.32
2014-07-05,0.0,31.24,16.97,15.32
2014-07-06,0.0,30.85,14.76,15.43
2014-07-07,0.13,22.29,17.24,5.45
2014-07-08,1.32,27.96,16.44,9.66
2014-07-09,3.12,25.63,16.96,11.43
2014-07-10,0.15,27.27,16.47,6.72
2014-07-11,0.01,26.95,13.61,16.84
2014-07-12,0.04,27.63,13.13,16.24
2014-07-13,0.0,28.68,13.4,16.72
2014-07-14,0.01,29.15,13.71,16.55
2014-07-15,0.0,29.83,13.89,16.81
2014-07-16,0.0,30.96,15.49,16.62
2014-07-17,0.03,31.7,19.19,16.45
2014-07-18,2.21,25.55,15.5,7.82
2014-07-19,0.0,25.86,11.11,18.45
2014-07-20,0.04,26.78,8.16,17.88
2014-07-21,0.01,28.91,9.6,18.41
2014-07-22,0.0,32.23,12.05,17.07
2014-07-23,1.73,32.8,18.56,14.38
2014-07-24,21.24,23.1,13.47,2.76
2014-07-25,0.49,21.07,11.14,8.32
2014-07-26,7.08,21.11,12.02,7.52
2014-07-27,1.89,21.85,13.32,7.09
2014-07-28,0.04,24.08,13.99,8.4
2014-07-29,0.0,26.84,13.77,17.23
2014-07-30,0.0,28.12,14.21,17.67
2014-07-31,0.0,28.98,14.06,18.4
2014-08-01,0.0,30.1,14.78,18.55
2014-08-02,0.0,30.35,14.31,18.79
2014-08-03,0.0,31.32,15.22,19.14
2014-08-04,0.0,31.9,15.76,17.92
2014-08-05,0.01,29.14,16.45,18.21
2014-08-06,0.0,30.0,12.49,19.08
2014-08-07,0.0,30.7,16.01,18.83
2014-08-08,0.0,30.71,14.94,19.05
2014-08-09,0.0,29.83,15.14,18.62
2014-08-10,0.0,29.34,13.6,17.5
2014-08-11,0.0,32.41,14.72,19.51
2014-08-12,0.0,33.23,18.3,19.19
2014-08-13,3.76,28.88,15.91,8.22
2014-08-14,0.0,25.46,11.79,18.7
2014-08-15,0.0,31.99,13.79,18.42
2014-08-16,0.0,31.94,18.25,18.97
2014-08-17,0.01,30.8,18.4,17.45
2014-08-18,0.0,31.15,17.8,18.69
2014-08-19,0.0,31.68,17.01,20.71
2014-08-20,0.0,31.57,14.2,21.33
2014-08-21,0.0,33.67,14.61,21.12
2014-08-22,0.0,34.44,16.53,21.07
2014-08-23,0.0,34.96,16.97,21.33
2014-08-24,0.0,34.63,16.5,21.0
2014-08-25,0.01,35.15,16.77,21.01
2014-08-26,0.12,29.4,18.39,15.91
2014-08-27,0.01,25.93,15.4,14.93
2014-08-28,0.0,32.76,15.46,17.37
2014-08-29,0.0,33.52,17.54,19.88
2014-08-30,0.0,35.57,17.08,20.75
2014-08-31,0.02,37.32,19.05,20.36
2014-09-01,0.16,36.0,19.46,18.6
2014-09-02,6.93,37.35,22.4,18.86
2014-09-03,0.36,34.82,21.94,18.87
2014-09-04,0.0,31.7,18.65,22.13
2014-09-05,0.0,31.39,15.48,23.17
2014-09-06,0.0,33.53,16.28,22.74
2014-09-07,1.08,32.44,18.75,9.9
2014-09-08,0.0,34.15,18.28,22.09
2014-09-09,0.0,35.44,18.63,23.28
2014-09-10,0.0,36.49,18.32,24.01
2014-09-11,0.0,37.64,19.53,22.98
2014-09-12,0.0,37.0,19.44,24.08
2014-09-13,0.0,36.36,17.97,24.22
2014-09-14,0.0,37.99,18.33,24.2
2014-09-15,0.01,37.78,21.06,13.25
2014-09-16,0.0,33.5,18.98,23.99
2014-09-17,0.0,37.09,18.46,24.06
2014-09-18,0.0,38.97,20.07,18.51
2014-09-19,10.27,37.87,23.28,12.92
2014-09-20,11.44,33.02,21.94,4.59
2014-09-21,1.29,30.94,18.6,24.52
2014-09-22,0.11,30.88,15.85,25.01
2014-09-23,0.0,35.11,14.34,25.14
2014-09-24,20.44,33.63,22.82,14.96
2014-09-25,4.16,31.41,22.5,15.64
2014-09-26,16.55,29.58,22.31,12.76
2014-09-27,6.63,29.99,21.49,3.81
2014-09-28,0.01,30.02,20.38,15.8
2014-09-29,26.37,31.68,21.28,19.53
2014-09-30,0.2,28.72,20.9,14.87
2014-10-01,2.91,32.91,22.42,17.28
2014-10-02,0.01,30.23,17.86,24.13
2014-10-03,0.0,28.13,14.53,26.98
2014-10-04,0.0,28.27,12.42,26.86
2014-10-05,0.0,29.18,13.1,24.79
2014-10-06,0.0,30.3,13.87,25.16
2014-10-07,0.0,30.9,15.18,20.39
2014-10-08,0.0,32.77,16.19,27.48
2014-10-09,0.0,34.27,16.4,27.62
2014-10-10,0.0,36.77,18.49,27.16
2014-10-11,0.0,37.36,20.4,27.06
2014-10-12,0.0,37.95,20.18,26.9
2014-10-13,0.0,38.92,20.57,26.47
2014-10-14,0.0,40.25,24.57,26.79
2014-10-15,0.0,40.5,25.23,24.96
2014-10-16,0.0,41.54,22.83,24.98
2014-10-17,0.01,40.81,23.52,24.04
2014-10-18,0.0,41.24,24.1,22.09
2014-10-19,0.4,39.88,24.05,17.61
2014-10-20,2.15,36.78,22.92,6.83
2014-10-21,0.0,34.17,21.64,25.33
2014-10-22,0.0,36.17,18.32,27.55
2014-10-23,13.51,34.51,20.3,26.28
2014-10-24,4.69,32.29,22.0,14.21
2014-10-25,10.37,25.05,20.63,10.55
2014-10-26,0.42,30.96,19.98,17.48
2014-10-27,0.04,33.04,20.38,25.78
2014-10-28,0.0,34.6,19.33,29.35
2014-10-29,0.0,35.23,17.63,30.07
2014-10-30,18.59,35.82,22.46,24.48
2014-10-31,5.94,29.22,22.71,19.52
2014-11-01,4.92,31.93,21.54,22.03
2014-11-02,11.09,29.96,22.99,23.77
2014-11-03,8.09,28.32,22.44,15.75
2014-11-04,26.79,27.36,22.06,12.93
2014-11-05,5.61,30.75,22.16,25.01
2014-11-06,1.07,32.23,19.72,28.38
2014-11-07,20.64,30.2,22.98,23.87
2014-11-08,0.1,29.16,22.75,13.79
2014-11-09,0.02,30.96,20.77,24.6
2014-11-10,0.0,31.97,19.21,30.38
2014-11-11,0.04,32.05,16.4,29.04
2014-11-12,10.44,28.46,19.57,18.09
2014-11-13,0.05,31.81,20.45,24.72
2014-11-14,0.78,31.18,20.32,25.5
2014-11-15,0.0,30.51,17.58,29.36
2014-11-16,0.06,30.31,16.07,30.57
2014-11-17,0.0,31.91,16.12,31.3
2014-11-18,0.06,32.95,16.52,29.12
2014-11-19,4.39,33.84,21.18,25.63
2014-11-20,13.83,29.47,22.66,16.56
2014-11-21,1.33,32.93,21.24,19.36
2014-11-22,14.16,27.11,22.0,6.26
2014-11-23,8.18,29.72,21.02,15.57
2014-11-24,3.14,30.07,22.16,18.67
2014-11-25,28.0,26.05,22.22,13.08
2014-11-26,4.31,28.72,21.36,18.04
2014-11-27,4.12,28.48,22.35,21.38
2014-11-28,4.88,29.63,21.5,19.79
2014-11-29,0.73,27.28,20.38,20.32
2014-11-30,3.57,28.5,22.11,16.49
2014-12-01,0.74,29.5,22.06,18.09
2014-12-02,0.13,28.04,21.13,20.67
2014-12-03,0.47,31.29,20.94,19.73
2014-12-04,16.68,30.99,22.08,23.87
2014-12-05,0.19,29.76,19.18,25.97
2014-12-06,0.26,30.63,18.29,27.58
2014-12-07,0.91,30.27,22.01,25.42
2014-12-08,4.59,27.44,21.39,20.3
2014-12-09,7.91,27.73,20.54,14.92
2014-12-10,11.51,25.94,20.89,18.65
2014-12-11,4.71,29.6,20.87,22.03
2014-12-12,13.08,28.93,20.94,18.66
2014-12-13,13.51,28.7,21.61,15.63
2014-12-14,4.39,30.78,21.56,22.44
2014-12-15,0.04,30.61,19.09,29.99
2014-12-16,0.0,31.52,17.33,29.03
2014-12-17,0.0,31.94,19.96,27.14
2014-12-18,0.19,33.08,20.94,24.29
2014-12-19,0.72,31.4,22.67,26.0
2014-12-20,2.01,31.92,23.02,23.24
2014-12-21,3.85,27.47,23.44,14.3
2014-12-22,21.97,26.03,22.92,16.1
2014-12-23,23.25,26.16,21.86,10.3
2014-12-24,4.97,28.93,19.12,16.87
2014-12-25,0.4,30.2,20.97,21.75
2014-12-26,0.04,31.38,22.42,29.24
2014-12-27,0.0,32.95,23.37,28.3
2014-12-28,0.29,32.92,25.01,25.74
2014-12-29,2.72,32.02,22.57,24.97
2014-12-30,12.61,31.13,22.54,27.84
2014-12-31,2.48,28.73,23.37,21.87
2015-01-01,2.13,30.5,22.34,24.23
2015-01-02,1.75,28.49,23.81,25.99
2015-01-03,6.88,30.63,23.49,26.2
2015-01-04,6.48,30.54,22.41,20.81
2015-01-05,5.84,29.19,21.53,22.77
2015-01-06,2.21,30.24,21.96,18.21
2015-01-07,7.27,31.32,22.31,27.49
2015-01-08,6.37,29.86,21.8,17.89
2015-01-09,0.36,31.99,22.44,27.17
2015-01-10,1.21,33.69,22.67,29.29
2015-01-11,5.01,33.12,23.48,27.55
2015-01-12,4.14,32.94,23.17,24.25
2015-01-13,0.1,31.89,23.18,26.64
2015-01-14,0.21,29.34,22.91,21.1
2015-01-15,9.2,32.03,21.79,28.45
2015-01-16,0.8,31.43,22.83,26.78
2015-01-17,0.01,34.68,22.65,28.56
2015-01-18,0.0,34.82,22.76,29.19
2015-01-19,2.49,35.72,22.9,28.91
2015-01-20,3.46,36.42,22.97,25.24
2015-01-21,0.16,31.95,23.72,26.8
2015-01-22,3.26,33.09,22.73,25.63
2015-01-23,3.0,31.8,20.74,23.98
2015-01-24,1.32,32.36,22.39,26.31
2015-01-25,0.28,29.51,22.15,21.52
2015-01-26,13.38,31.31,21.74,22.92
2015-01-27,17.44,29.25,21.17,17.91
2015-01-28,13.54,26.87,22.26,22.31
2015-01-29,6.11,30.15,21.46,16.99
2015-01-30,1.1,29.55,22.02,22.88
2015-01-31,0.32,32.15,21.58,25.64
2015-02-01,1.41,32.95,21.49,27.06
2015-02-02,2.49,32.71,21.78,27.91
2015-02-03,19.84,32.16,21.16,27.5
2015-02-04,5.64,28.07,21.78,14.15
2015-02-05,5.29,30.49,22.16,19.23
2015-02-06,9.07,30.51,21.64,23.66
2015-02-07,4.08,30.93,19.18,27.82
2015-02-08,8.82,31.08,19.34,24.51
2015-02-09,3.96,30.07,21.35,18.28
2015-02-10,6.38,30.19,23.09,18.25
2015-02-11,2.54,29.63,22.18,22.29
2015-02-12,11.67,29.05,22.45,23.56
2015-02-13,11.19,29.44,23.39,23.25
2015-02-14,8.0,28.03,21.75,18.01
2015-02-15,6.28,28.46,21.19,10.91
2015-02-16,7.91,29.17,21.34,18.65
2015-02-17,25.2,27.79,21.96,11.31
2015-02-18,13.61,28.99,21.33,14.87
2015-02-19,12.38,29.46,22.25,14.84
2015-02-20,6.83,27.07,22.27,17.1
2015-02-21,0.4,29.72,21.81,25.08
2015-02-22,0.13,30.98,21.92,27.26
2015-02-23,0.02,31.11,21.77,25.71
2015-02-24,1.48,29.68,21.83,22.67
2015-02-25,3.72,28.62,22.04,23.37
2015-02-26,1.1,27.43,21.59,17.85
2015-02-27,1.06,27.4,20.14,23.88
2015-02-28,1.12,30.64,20.45,23.18
2015-03-01,2.35,29.94,20.27,26.26
2015-03-02,0.03,30.33,19.49,23.24
2015-03-03,1.86,30.0,22.04,20.86
2015-03-04,3.74,30.3,22.04,23.34
2015-03-05,7.87,30.25,21.29,22.82
2015-03-06,6.75,28.15,22.84,16.74
2015-03-07,7.2,27.44,22.36,17.27
2015-03-08,10.16,27.19,21.93,14.75
2015-03-09,27.42,26.86,22.53,6.23
2015-03-10,10.21,28.71,21.22,18.52
2015-03-11,4.58,29.47,21.04,23.12
2015-03-12,9.04,29.32,20.73,19.32
2015-03-13,1.66,27.45,21.21,20.31
2015-03-14,1.99,27.63,20.42,17.7
2015-03-15,0.91,27.46,21.06,20.44
2015-03-16,0.41,29.85,20.13,22.2
2015-03-17,0.56,26.66,21.26,21.61
2015-03-18,1.02,27.58,19.56,21.38
2015-03-19,15.61,22.97,19.23,12.25
2015-03-20,10.06,27.14,19.1,12.95
2015-03-21,4.85,26.58,20.1,14.77
2015-03-22,0.66,28.47,17.48,18.53
2015-03-23,0.01,29.11,18.8,23.37
2015-03-24,0.0,29.42,18.92,25.2
2015-03-25,0.01,30.04,17.62,23.9
2015-03-26,2.86,30.57,17.94,23.28
2015-03-27,3.89,30.43,20.34,11.55
2015-03-28,0.63,29.21,21.5,18.25
2015-03-29,9.73,29.63,21.6,15.04
2015-03-30,6.34,29.25,21.24,15.39
2015-03-31,3.21,29.15,21.72,17.22
2015-04-01,0.0,29.62,20.06,21.35
2015-04-02,0.0,30.55,19.32,18.7
2015-04-03,0.0,30.0,18.82,21.75
2015-04-04,3.06,30.95,18.39,20.75
2015-04-05,2.41,30.88,20.79,11.83
2015-04-06,1.22,28.49,21.06,16.42
2015-04-07,0.0,27.82,17.99,20.12
2015-04-08,0.0,27.93,16.29,21.7
2015-04-09,0.02,29.64,17.64,20.09
2015-04-10,0.01,28.93,19.08,16.82
2015-04-11,0.0,30.05,18.46,20.8
2015-04-12,0.0,31.04,18.81,21.21
2015-04-13,0.0,31.23,18.53,21.59
2015-04-14,7.62,29.99,19.74,14.31
2015-04-15,3.28,29.9,21.57,17.84
2015-04-16,0.35,30.75,21.03,17.74
2015-04-17,0.02,30.81,21.07,19.88
2015-04-18,0.96,30.29,21.34,14.97
2015-04-19,2.08,30.78,21.39,14.56
2015-04-20,0.64,32.32,22.24,18.32
2015-04-21,10.77,31.32,22.59,16.56
2015-04-22,6.63,28.65,21.79,12.98
2015-04-23,0.13,30.47,19.67,15.75
2015-04-24,0.71,31.14,20.0,15.43
2015-04-25,0.01,30.51,19.44,18.99
2015-04-26,0.0,28.11,15.81,21.09
2015-04-27,0.01,29.69,16.4,20.68
2015-04-28,0.03,30.22,15.81,18.86
2015-04-29,0.01,28.6,18.19,17.35
2015-04-30,0.0,28.99,16.29,19.79
2015-05-01,0.0,29.2,15.18,19.98
2015-05-02,0.0,30.63,15.16,19.76
2015-05-03,0.32,31.71,17.01,13.98
2015-05-04,29.09,27.9,20.67,11.07
2015-05-05,0.07,28.49,17.67,15.18
2015-05-06,0.03,28.13,18.32,14.42
2015-05-07,0.0,27.96,16.09,18.2
2015-05-08,0.0,25.96,14.87,18.54
2015-05-09,0.0,28.37,14.2,17.75
2015-05-10,6.78,28.69,19.49,10.98
2015-05-11,13.94,25.29,15.91,10.5
2015-05-12,0.0,24.36,12.25,16.81
2015-05-13,0.04,24.7,13.94,15.56
2015-05-14,0.0,26.91,14.99,17.72
2015-05-15,0.01,26.08,16.46,7.51
2015-05-16,0.0,27.3,17.14,13.48
2015-05-17,0.0,27.02,15.99,14.25
2015-05-18,0.14,26.08,17.68,8.23
2015-05-19,8.66,25.88,15.99,12.3
2015-05-20,7.79,25.09,16.96,10.58
2015-05-21,2.74,27.17,17.7,13.75
2015-05-22,0.0,27.88,17.68,16.87
2015-05-23,0.0,26.52,18.04,12.6
2015-05-24,0.0,28.96,16.63,14.99
2015-05-25,0.01,30.07,18.46,14.79
2015-05-26,0.0,30.32,19.1,16.18
2015-05-27,0.29,30.02,18.1,16.13
2015-05-28,6.38,22.89,18.44,4.68
2015-05-29,0.55,24.48,13.09,16.42
2015-05-30,1.78,26.71,12.11,9.04
2015-05-31,19.0,26.16,17.58,6.99
2015-06-01,1.41,26.12,15.15,6.16
2015-06-02,1.4,24.97,15.77,4.3
2015-06-03,0.14,26.43,15.31,12.54
2015-06-04,0.0,27.56,15.49,16.15
2015-06-05,0.01,27.26,15.76,16.56
2015-06-06,0.02,28.01,15.8,16.06
2015-06-07,0.01,28.85,15.57,13.25
2015-06-08,0.0,28.77,15.69,15.62
2015-06-09,0.0,28.57,15.53,15.27
2015-06-10,0.0,29.29,15.97,15.85
2015-06-11,0.0,29.65,16.95,16.0
2015-06-12,0.02,29.87,17.26,15.11
2015-06-13,0.0,29.52,16.23,16.16
2015-06-14,0.08,30.52,17.53,14.25
2015-06-15,0.28,21.96,15.67,4.62
2015-06-16,0.0,24.5,11.87,14.71
2015-06-17,0.0,30.45,16.5,15.41
2015-06-18,0.02,30.74,17.52,12.59
2015-06-19,0.01,25.12,15.62,10.8
2015-06-20,0.0,27.02,13.11,16.08
2015-06-21,0.01,28.0,15.85,15.56
2015-06-22,0.01,28.0,15.11,15.91
2015-06-23,0.0,27.62,14.71,13.16
2015-06-24,0.0,26.94,15.27,13.91
2015-06-25,0.0,25.71,15.53,15.62
2015-06-26,0.0,25.68,16.3,14.29
2015-06-27,0.0,26.14,12.75,16.26
2015-06-28,0.01,26.38,12.12,15.04
2015-06-29,0.0,27.74,13.7,14.64
2015-06-30,0.27,25.72,14.36,12.52
2015-07-01,12.4,24.33,16.7,6.51
2015-07-02,10.37,25.54,15.83,3.91
2015-07-03,0.06,28.13,16.86,8.73
2015-07-04,2.57,19.92,13.35,4.24
2015-07-05,0.02,23.87,12.42,6.04
2015-07-06,0.25,22.26,14.51,10.56
2015-07-07,14.09,22.26,17.44,3.53
2015-07-08,6.61,23.2,14.12,5.52
2015-07-09,1.46,24.08,12.98,12.82
2015-07-10,1.74,27.65,14.93,15.46
2015-07-11,0.05,29.12,15.2,7.51
2015-07-12,0.45,29.42,16.27,15.93
2015-07-13,0.0,30.39,17.85,15.96
2015-07-14,0.0,30.88,18.15,13.56
2015-07-15,0.0,30.77,19.53,10.05
2015-07-16,0.0,28.94,18.58,11.49
2015-07-17,0.0,28.11,18.72,14.44
2015-07-18,0.0,28.76,17.35,16.65
2015-07-19,0.01,29.13,16.73,17.17
2015-07-20,0.0,29.29,15.11,16.43
2015-07-21,0.09,25.73,15.8,6.63
2015-07-22,0.0,25.96,13.41,14.18
2015-07-23,0.0,28.56,14.2,14.66
2015-07-24,0.46,29.5,16.03,10.03
2015-07-25,0.39,26.31,16.7,11.86
2015-07-26,0.02,27.8,13.76,16.51
2015-07-27,0.01,29.11,13.52,18.3
2015-07-28,0.01,30.05,13.84,18.14
2015-07-29,0.0,30.81,15.33,18.19
2015-07-30,0.0,30.28,14.91,18.47
2015-07-31,0.01,31.27,14.63,18.47
2015-08-01,0.0,30.92,14.76,18.32
2015-08-02,0.0,31.6,15.19,18.5
2015-08-03,0.0,31.98,14.81,18.88
2015-08-04,0.01,31.71,15.64,18.77
2015-08-05,0.0,32.02,15.99,18.49
2015-08-06,0.01,32.27,15.4,18.98
2015-08-07,0.0,33.12,15.38,19.35
2015-08-08,0.0,33.32,15.86,19.16
2015-08-09,0.0,32.53,16.62,19.05
2015-08-10,0.0,32.47,17.24,19.32
2015-08-11,0.0,32.35,17.69,19.26
2015-08-12,0.0,31.02,15.95,19.5
2015-08-13,0.01,32.06,15.05,19.84
2015-08-14,0.0,31.26,14.62,20.29
2015-08-15,0.0,32.17,16.32,20.03
2015-08-16,0.0,33.13,17.03,20.07
2015-08-17,0.0,33.28,17.04,17.46
2015-08-18,0.52,32.41,20.7,13.87
2015-08-19,0.35,29.4,17.01,19.11
2015-08-20,0.01,29.67,13.44,21.32
2015-08-21,0.0,29.78,13.55,20.27
2015-08-22,0.0,32.43,13.96,21.41
2015-08-23,0.0,35.3,16.07,20.51
2015-08-24,0.83,30.87,18.58,14.26
2015-08-25,0.13,33.6,16.81,17.0
2015-08-26,0.37,36.09,18.5,17.05
2015-08-27,9.14,32.76,18.95,3.43
2015-08-28,0.0,31.61,16.39,19.88
2015-08-29,0.07,32.96,13.81,22.48
2015-08-30,0.0,35.52,15.44,22.16
2015-08-31,0.01,36.47,17.74,22.33
2015-09-01,0.0,36.46,18.66,21.16
2015-09-02,0.0,34.53,17.33,21.19
2015-09-03,0.0,35.49,17.15,21.29
2015-09-04,0.13,35.47,17.83,20.42
2015-09-05,0.17,30.69,21.0,14.96
2015-09-06,0.04,32.84,18.58,17.15
2015-09-07,0.69,36.99,22.01,8.59
2015-09-08,17.69,34.15,21.94,9.89
2015-09-09,14.93,29.22,19.27,13.68
2015-09-10,7.79,28.85,18.16,5.1
2015-09-11,54.18,25.61,18.87,5.11
2015-09-12,5.2,24.29,16.37,7.16
2015-09-13,0.52,26.42,13.52,18.71
2015-09-14,0.01,27.46,14.01,23.17
2015-09-15,0.0,32.29,15.23,21.63
2015-09-16,0.0,33.52,21.22,23.25
2015-09-17,0.0,34.55,21.69,22.43
2015-09-18,0.0,35.21,20.81,23.44
2015-09-19,0.0,35.6,19.79,24.96
2015-09-20,0.0,35.21,17.91,25.28
2015-09-21,0.0,35.3,18.08,25.48
2015-09-22,0.0,35.93,17.92,22.39
2015-09-23,0.0,36.66,18.95,25.17
2015-09-24,0.0,37.29,20.59,23.69
2015-09-25,0.21,38.29,24.18,17.19
2015-09-26,7.85,31.7,23.15,12.38
2015-09-27,6.06,34.86,21.83,20.65
2015-09-28,0.81,28.71,20.49,11.78
2015-09-29,0.66,29.76,21.08,14.1
2015-09-30,0.26,32.8,19.51,15.93
2015-10-01,0.0,34.13,20.04,21.71
2015-10-02,0.61,36.99,22.02,22.51
2015-10-03,11.18,27.57,22.01,5.61
2015-10-04,0.02,29.04,20.01,12.74
2015-10-05,0.0,33.75,19.98,25.46
2015-10-06,0.0,34.91,17.74,26.44
2015-10-07,0.0,38.18,20.01,26.4
2015-10-08,0.59,38.97,23.3,24.19
2015-10-09,17.0,30.37,22.07,15.87
2015-10-10,8.01,27.93,21.94,11.1
2015-10-11,2.52,28.33,21.01,14.18
2015-10-12,2.56,28.2,17.59,13.88
2015-10-13,0.11,31.85,17.27,25.07
2015-10-14,0.01,36.93,20.43,26.57
2015-10-15,0.02,37.82,22.36,25.47
2015-10-16,0.08,38.39,23.94,23.81
2015-10-17,0.31,37.45,22.57,26.6
2015-10-18,0.0,36.94,19.5,25.9
2015-10-19,0.0,37.76,19.14,26.3
2015-10-20,0.01,38.14,24.1,24.41
2015-10-21,0.01,39.75,24.9,20.42
2015-10-22,3.52,40.39,25.75,21.65
2015-10-23,3.86,35.89,24.28,8.12
2015-10-24,0.73,35.66,20.93,23.25
2015-10-25,3.0,37.61,21.22,22.17
2015-10-26,6.22,32.37,22.17,15.42
2015-10-27,4.07,31.92,23.39,20.74
2015-10-28,1.18,31.71,22.81,16.59
2015-10-29,0.01,34.5,21.0,28.02
2015-10-30,3.76,35.57,20.05,24.66
2015-10-31,22.29,27.75,23.33,6.7
2015-11-01,25.87,28.24,22.1,12.89
2015-11-02,20.81,29.57,21.87,17.69
2015-11-03,24.34,27.87,22.54,14.29
2015-11-04,25.61,26.95,22.58,19.65
2015-11-05,11.97,29.94,21.75,15.09
2015-11-06,0.78,29.83,21.44,21.96
2015-11-07,0.01,30.01,18.21,14.47
2015-11-08,1.92,29.62,19.86,16.82
2015-11-09,1.51,31.53,21.31,22.36
2015-11-10,0.15,32.67,22.92,25.7
2015-11-11,0.0,31.25,23.7,18.47
2015-11-12,0.0,30.93,23.31,26.53
2015-11-13,2.0,30.43,22.45,24.94
2015-11-14,11.96,27.25,23.22,24.35
2015-11-15,19.43,28.84,22.34,15.06
2015-11-16,9.51,28.3,22.05,18.68
2015-11-17,9.85,30.43,21.49,20.91
2015-11-18,8.83,31.48,22.31,25.53
2015-11-19,6.75,31.71,23.09,22.72
2015-11-20,1.6,27.31,21.35,10.13
2015-11-21,0.0,31.21,18.42,23.42
2015-11-22,0.08,32.03,20.49,23.91
2015-11-23,13.02,31.7,23.7,20.95
2015-11-24,18.51,28.39,24.43,3.18
2015-11-25,15.01,27.02,21.53,2.79
2015-11-26,1.03,28.7,20.9,23.47
2015-11-27,0.45,31.73,20.73,27.04
2015-11-28,23.99,28.98,23.14,18.22
2015-11-29,5.2,29.83,21.77,14.65
2015-11-30,18.35,28.42,21.93,16.85
2015-12-01,0.45,30.74,18.9,22.98
2015-12-02,4.68,30.1,22.0,19.76
2015-12-03,11.01,29.49,20.95,16.52
2015-12-04,6.65,30.35,21.89,26.07
2015-12-05,3.01,28.22,22.52,20.71
2015-12-06,3.32,27.86,21.48,12.21
2015-12-07,7.25,30.11,21.57,19.94
2015-12-08,11.4,28.84,22.07,21.46
2015-12-09,6.58,28.73,22.38,19.18
2015-12-10,4.49,29.09,23.37,10.32
2015-12-11,2.56,28.46,22.63,17.55
2015-12-12,3.27,28.74,22.01,13.14
2015-12-13,0.49,31.02,21.39,21.61
2015-12-14,0.99,30.06,22.48,27.45
2015-12-15,2.44,30.29,22.35,14.55
2015-12-16,1.01,27.54,21.73,21.97
2015-12-17,1.55,31.41,20.95,26.37
2015-12-18,3.02,32.21,22.42,27.07
2015-12-19,1.66,30.78,23.14,16.4
2015-12-20,5.32,29.56,22.56,17.01
2015-12-21,1.32,31.71,21.16,26.32
2015-12-22,0.78,31.48,22.44,26.89
2015-12-23,3.2,28.65,24.2,16.16
2015-12-24,12.13,30.72,22.67,19.83
2015-12-25,37.23,28.97,22.64,23.64
2015-12-26,10.24,29.53,22.67,12.3
2015-12-27,9.57,29.12,22.48,12.69
2015-12-28,26.58,26.73,22.62,13.48
2015-12-29,32.28,25.43,22.09,9.11
2015-12-30,6.84,26.78,22.25,13.5
2015-12-31,9.09,27.94,21.48,17.97
2016-01-01,3.14,28.22,22.42,16.49
2016-01-02,0.57,27.32,22.49,23.82
2016-01-03,15.57,27.74,22.31,15.56
2016-01-04,6.56,29.41,21.33,18.87
2016-01-05,3.23,30.08,21.26,24.83
2016-01-06,4.68,29.55,23.11,21.95
2016-01-07,0.71,30.3,23.09,25.69
2016-01-08,11.37,29.97,23.42,17.77
2016-01-09,43.17,27.17,23.47,13.64
2016-01-10,20.77,28.47,22.41,17.67
2016-01-11,38.05,27.84,23.46,11.44
2016-01-12,14.27,27.85,23.36,14.81
2016-01-13,24.0,28.26,23.7,12.95
2016-01-14,9.79,28.26,23.48,18.16
2016-01-15,3.67,27.57,22.59,15.28
2016-01-16,0.85,29.18,22.71,27.12
2016-01-17,0.0,28.68,17.86,28.87
2016-01-18,0.0,29.82,18.11,27.23
2016-01-19,0.0,30.19,18.62,24.29
2016-01-20,0.0,29.62,18.99,21.41
2016-01-21,0.0,30.06,18.77,28.4
2016-01-22,0.0,29.0,18.07,29.78
2016-01-23,4.6,30.43,18.01,27.43
2016-01-24,2.33,31.06,19.74,27.94
2016-01-25,0.87,31.34,22.1,27.36
2016-01-26,15.72,31.84,22.41,25.16
2016-01-27,10.05,29.0,24.24,17.29
2016-01-28,1.86,30.31,23.39,23.86
2016-01-29,10.26,27.77,22.91,16.92
2016-01-30,6.95,27.33,22.51,14.81
2016-01-31,0.51,29.06,22.45,26.98
2016-02-01,0.0,31.58,22.17,27.03
2016-02-02,0.03,32.9,21.58,28.49
2016-02-03,13.98,30.51,21.8,26.33
2016-02-04,7.29,29.18,23.07,22.21
2016-02-05,1.3,32.43,21.84,21.78
2016-02-06,0.09,30.58,22.04,21.87
2016-02-07,5.1,29.39,22.8,21.75
2016-02-08,3.37,30.25,22.73,24.28
2016-02-09,0.04,31.7,22.87,26.03
2016-02-10,2.71,32.0,22.15,24.46
2016-02-11,9.32,30.25,23.86,22.56
2016-02-12,2.15,30.84,21.04,17.97
2016-02-13,0.04,32.0,20.85,25.92
2016-02-14,0.1,32.07,23.37,25.39
2016-02-15,27.15,29.85,23.48,19.6
2016-02-16,16.91,29.21,23.45,13.22
2016-02-17,1.33,29.91,23.01,24.56
2016-02-18,19.54,29.35,22.91,13.84
2016-02-19,1.24,29.16,23.03,22.99
2016-02-20,7.01,28.71,22.83,21.36
2016-02-21,17.64,28.07,22.35,13.55
2016-02-22,30.6,26.73,22.13,10.82
2016-02-23,23.25,26.43,21.42,11.73
2016-02-24,3.2,28.31,20.08,13.08
2016-02-25,5.34,28.36,21.04,15.09
2016-02-26,4.92,30.14,21.97,19.87
2016-02-27,16.8,27.75,22.79,19.54
2016-02-28,11.94,28.89,22.71,14.91
2016-02-29,1.76,26.87,22.19,10.91
2016-03-01,1.47,28.21,19.78,16.04
2016-03-02,9.82,27.25,21.02,14.18
2016-03-03,11.01,29.62,21.63,19.09
2016-03-04,4.1,29.27,20.35,23.3
2016-03-05,0.34,29.38,19.31,19.05
2016-03-06,1.31,30.6,19.11,21.56
2016-03-07,1.15,29.43,21.45,23.77
2016-03-08,3.47,30.35,21.8,24.11
2016-03-09,10.03,27.78,23.1,20.3
2016-03-10,9.79,30.1,22.51,15.55
2016-03-11,2.27,27.77,19.73,20.9
2016-03-12,0.0,27.92,17.52,26.61
2016-03-13,0.07,29.12,16.96,19.07
2016-03-14,2.05,30.29,19.01,23.45
2016-03-15,10.92,28.05,21.34,21.64
2016-03-16,3.05,28.97,21.36,22.39
2016-03-17,8.7,29.79,20.41,23.24
2016-03-18,0.4,30.56,21.31,24.56
2016-03-19,0.0,31.36,20.93,24.79
2016-03-20,0.0,30.98,20.62,24.89
2016-03-21,0.0,31.37,19.23,23.72
2016-03-22,0.29,31.71,21.75,20.47
2016-03-23,3.81,29.82,22.6,21.62
2016-03-24,13.07,26.75,22.39,18.11
2016-03-25,4.51,27.59,21.05,11.4
2016-03-26,1.51,28.39,21.16,15.16
2016-03-27,0.1,27.9,19.21,17.28
2016-03-28,0.01,28.76,18.68,22.36
2016-03-29,0.0,31.37,18.83,20.73
2016-03-30,0.0,27.82,21.18,16.24
2016-03-31,0.06,29.88,21.62,22.21
2016-04-01,0.01,30.23,20.49,23.0
2016-04-02,0.07,30.63,21.08,22.92
2016-04-03,0.0,31.79,21.11,22.41
2016-04-04,0.0,32.12,20.73,22.39
2016-04-05,0.0,31.92,21.41,22.48
2016-04-06,0.0,31.44,20.33,22.46
2016-04-07,0.0,31.83,19.82,22.57
2016-04-08,0.0,32.1,20.68,22.7
2016-04-09,0.0,32.38,20.69,22.35
2016-04-10,0.0,30.19,20.31,20.76
2016-04-11,0.0,31.53,19.41,21.43
2016-04-12,0.0,31.86,20.03,21.04
2016-04-13,0.0,31.36,20.99,21.79
2016-04-14,0.34,32.06,20.72,19.65
2016-04-15,0.05,28.93,21.52,17.74
2016-04-16,0.0,31.58,20.67,21.51
2016-04-17,0.0,31.65,19.31,21.4
2016-04-18,0.0,31.87,19.69,20.41
2016-04-19,0.0,31.45,19.95,21.41
2016-04-20,0.0,31.86,19.33,19.82
2016-04-21,0.0,32.0,19.86,19.81
2016-04-22,0.0,32.63,20.15,18.67
2016-04-23,0.0,32.19,19.77,18.74
2016-04-24,0.0,31.61,20.15,18.18
2016-04-25,0.28,31.65,19.64,18.7
2016-04-26,49.35,26.61,19.1,3.03
2016-04-27,2.52,19.84,9.85,15.53
2016-04-28,0.23,20.73,7.33,19.33
2016-04-29,0.39,22.99,9.88,9.81
2016-04-30,0.22,22.47,9.59,19.85
2016-05-01,0.08,23.27,8.91,20.06
2016-05-02,0.0,23.52,9.44,19.72
2016-05-03,0.0,25.44,9.9,19.78
2016-05-04,0.0,26.85,12.49,19.42
2016-05-05,0.03,27.41,13.57,18.19
2016-05-06,0.0,27.62,14.59,18.63
2016-05-07,0.0,27.72,15.14,10.12
2016-05-08,0.08,28.48,17.51,14.25
2016-05-09,5.35,28.8,17.55,14.31
2016-05-10,9.47,27.93,18.84,2.48
2016-05-11,9.11,23.64,18.66,14.94
2016-05-12,7.18,26.8,17.77,13.01
2016-05-13,5.05,24.79,16.4,11.9
2016-05-14,0.0,26.3,15.18,17.89
2016-05-15,1.82,28.39,15.53,17.26
2016-05-16,0.87,28.79,18.1,12.71
2016-05-17,0.47,23.4,15.31,13.74
2016-05-18,2.02,23.63,15.77,7.39
2016-05-19,0.14,24.91,15.99,12.75
2016-05-20,7.76,28.23,16.76,14.82
2016-05-21,7.46,27.31,20.3,10.47
2016-05-22,0.64,27.46,16.24,9.19
2016-05-23,0.04,20.47,10.99,15.38
2016-05-24,0.02,20.96,8.64,18.09
2016-05-25,0.01,24.41,11.52,16.84
2016-05-26,0.06,26.91,12.8,16.3
2016-05-27,1.42,26.16,16.72,10.79
2016-05-28,7.44,25.91,16.62,16.07
2016-05-29,16.89,23.35,17.13,4.75
2016-05-30,21.02,24.5,15.32,4.41
2016-05-31,7.38,25.89,17.44,10.24
2016-06-01,15.77,25.3,16.5,10.08
2016-06-02,24.64,20.83,13.9,10.69
2016-06-03,1.55,21.84,12.52,4.82
2016-06-04,4.5,22.16,15.13,8.17
2016-06-05,2.35,27.59,17.71,8.65
2016-06-06,4.44,25.25,16.99,9.54
2016-06-07,1.19,20.64,13.72,9.44
2016-06-08,0.84,19.85,9.25,12.62
2016-06-09,0.09,20.16,6.8,15.74
2016-06-10,0.0,20.62,7.24,12.27
2016-06-11,0.0,19.52,6.18,16.73
2016-06-12,0.0,18.33,3.43,16.81
2016-06-13,0.03,18.41,3.94,17.61
2016-06-14,0.0,21.29,6.92,16.39
2016-06-15,0.0,25.48,10.35,15.82
2016-06-16,0.03,25.93,12.58,16.26
2016-06-17,0.0,25.68,11.8,15.61
2016-06-18,0.0,25.18,11.83,16.16
2016-06-19,0.0,24.91,10.91,16.11
2016-06-20,0.08,24.35,11.54,15.35
2016-06-21,0.0,22.47,12.04,13.57
2016-06-22,3.4,25.21,12.36,13.91
2016-06-23,1.32,25.19,13.07,15.7
2016-06-24,0.0,25.27,13.52,15.76
2016-06-25,0.0,25.43,13.43,14.99
2016-06-26,0.0,25.03,14.97,15.37
2016-06-27,0.0,24.2,12.78,16.32
2016-06-28,0.0,24.66,12.7,13.2
2016-06-29,0.0,25.84,11.99,15.43
2016-06-30,0.0,24.74,14.81,12.36
2016-07-01,0.0,26.54,13.62,13.09
2016-07-02,0.0,26.81,14.74,15.17
2016-07-03,0.0,27.17,13.76,15.34
2016-07-04,0.0,27.24,14.94,16.47
2016-07-05,0.0,27.51,15.04,14.31
2016-07-06,0.0,27.83,15.33,13.7
2016-07-07,0.0,21.67,10.88,17.39
2016-07-08,0.0,22.08,6.72,17.45
2016-07-09,0.0,25.41,8.0,17.37
2016-07-10,0.0,28.94,12.87,16.71
2016-07-11,0.0,29.64,13.79,16.88
2016-07-12,0.0,30.06,14.31,16.65
2016-07-13,0.0,29.51,15.02,16.76
2016-07-14,0.0,29.34,14.5,16.59
2016-07-15,0.01,30.23,15.42,16.46
2016-07-16,7.25,23.33,10.9,5.26
2016-07-17,0.0,18.63,6.62,18.57
2016-07-18,0.04,20.07,3.5,18.02
2016-07-19,0.0,21.27,8.24,15.9
2016-07-20,0.0,24.59,9.11,16.98
2016-07-21,0.0,24.89,11.04,16.14
2016-07-22,0.0,23.76,11.64,17.7
2016-07-23,0.0,25.8,10.09,17.75
2016-07-24,0.0,28.81,12.14,17.47
2016-07-25,0.0,29.15,14.86,17.89
2016-07-26,0.0,29.43,14.15,17.31
2016-07-27,0.0,27.46,15.38,17.26
2016-07-28,0.0,27.67,12.12,16.72
2016-07-29,0.0,26.55,12.93,15.69
2016-07-30,0.0,27.62,13.08,18.01
2016-07-31,0.0,28.24,14.1,18.02
2016-08-01,0.0,28.77,13.79,17.01
2016-08-02,0.0,28.71,14.51,18.42
2016-08-03,0.0,27.37,13.45,18.19
2016-08-04,0.0,28.91,14.4,18.14
2016-08-05,0.0,30.9,16.4,18.26
2016-08-06,0.0,31.19,17.68,19.05
2016-08-07,0.0,32.53,16.04,16.92
2016-08-08,0.0,31.89,21.02,17.61
2016-08-09,0.07,27.71,17.49,10.51
2016-08-10,0.09,25.1,13.44,11.3
2016-08-11,0.0,23.94,9.55,21.05
2016-08-12,0.0,24.06,9.05,21.28
2016-08-13,0.0,27.21,9.68,20.1
2016-08-14,0.0,32.24,15.92,19.79
2016-08-15,2.3,33.53,17.14,12.66
2016-08-16,2.93,29.34,17.56,13.62
2016-08-17,0.01,32.36,16.86,17.71
2016-08-18,0.11,33.46,18.67,18.58
2016-08-19,0.43,33.89,16.98,16.54
2016-08-20,32.56,29.96,20.27,8.03
2016-08-21,4.8,21.91,13.27,13.19
2016-08-22,0.02,20.64,10.21,21.67
2016-08-23,0.0,24.23,8.5,20.7
2016-08-24,0.0,28.32,11.15,21.76
2016-08-25,0.0,31.08,14.27,21.09
2016-08-26,0.0,30.41,15.16,22.39
2016-08-27,0.0,30.63,13.58,21.22
2016-08-28,0.0,32.61,14.17,22.38
2016-08-29,1.22,32.64,16.77,12.84
2016-08-30,11.64,26.38,14.61,3.36
2016-08-31,18.78,22.89,13.83,9.42
2016-09-01,0.0,26.77,12.77,21.98
2016-09-02,0.16,29.57,14.55,21.08
2016-09-03,1.74,25.87,18.3,4.9
2016-09-04,1.36,23.87,17.25,8.78
2016-09-05,0.35,24.84,15.57,8.78
2016-09-06,7.09,23.59,16.19,11.49
2016-09-07,0.07,21.59,11.42,21.05
2016-09-08,1.08,25.03,9.07,17.42
2016-09-09,5.06,26.07,13.6,22.95
2016-09-10,0.0,29.67,15.04,21.8
2016-09-11,0.0,32.1,15.87,23.47
2016-09-12,0.0,33.62,17.7,22.94
2016-09-13,0.07,33.59,18.18,16.0
2016-09-14,0.29,21.87,15.81,10.21
2016-09-15,0.0,27.0,11.45,24.8
2016-09-16,0.0,27.29,14.68,18.51
2016-09-17,0.0,33.13,15.5,20.81
2016-09-18,0.0,34.82,18.72,19.72
2016-09-19,3.29,32.07,20.41,12.6
2016-09-20,0.27,29.74,17.39,14.38
2016-09-21,0.0,26.77,12.19,24.6
2016-09-22,0.0,28.76,12.59,25.56
2016-09-23,0.0,29.8,13.53,24.76
2016-09-24,0.0,30.35,13.93,24.21
2016-09-25,0.0,29.61,17.0,19.27
2016-09-26,0.0,28.85,14.3,26.27
2016-09-27,0.0,29.63,13.75,26.81
2016-09-28,0.0,31.12,12.47,27.33
2016-09-29,0.0,31.86,12.99,27.45
2016-09-30,0.0,31.91,13.91,26.09
2016-10-01,0.0,31.08,16.25,24.73
2016-10-02,0.0,31.92,15.13,25.93
2016-10-03,1.48,33.18,16.74,15.71
2016-10-04,0.78,27.21,18.3,14.85
2016-10-05,0.22,28.85,17.98,18.61
2016-10-06,0.2,26.68,15.93,22.08
2016-10-07,0.0,28.33,11.83,28.09
2016-10-08,0.0,31.11,14.66,28.08
2016-10-09,0.0,33.55,16.17,27.81
2016-10-10,0.0,34.06,16.83,27.6
2016-10-11,1.2,35.71,17.8,22.08
2016-10-12,2.82,30.15,20.95,23.1
2016-10-13,10.22,29.17,21.49,9.5
2016-10-14,29.54,29.8,20.47,7.73
2016-10-15,0.49,31.73,21.88,22.67
2016-10-16,0.0,35.05,21.61,22.72
2016-10-17,0.1,36.68,23.23,24.94
2016-10-18,0.8,35.39,23.43,21.22
2016-10-19,0.21,35.66,23.98,23.95
2016-10-20,2.94,31.36,23.7,12.34
2016-10-21,8.45,29.23,22.17,16.21
2016-10-22,0.08,31.34,20.17,23.3
2016-10-23,1.05,33.62,18.86,25.11
2016-10-24,10.35,32.08,22.98,23.25
2016-10-25,17.12,28.36,22.36,10.14
2016-10-26,2.66,30.52,21.9,18.98
2016-10-27,14.19,26.8,19.02,19.38
2016-10-28,0.0,25.96,14.65,30.85
2016-10-29,0.03,28.11,12.21,28.71
2016-10-30,0.0,31.01,13.79,29.14
2016-10-31,9.43,29.14,19.29,25.92
2016-11-01,1.94,30.86,20.61,24.35
2016-11-02,2.25,30.85,20.95,19.44
2016-11-03,0.87,26.99,19.93,12.76
2016-11-04,0.04,30.62,17.49,20.88
2016-11-05,0.01,31.26,19.61,27.99
2016-11-06,4.87,31.61,18.77,25.4
2016-11-07,0.94,31.95,20.61,27.58
2016-11-08,0.01,33.18,20.32,27.42
2016-11-09,0.29,29.79,21.51,22.48
2016-11-10,0.17,33.64,21.06,27.18
2016-11-11,1.08,32.16,22.53,19.47
2016-11-12,8.07,27.01,20.07,9.69
2016-11-13,11.43,25.45,17.62,7.78
2016-11-14,6.55,29.42,19.09,12.15
2016-11-15,0.18,30.59,17.9,26.53
2016-11-16,0.05,32.99,20.32,26.88
2016-11-17,9.7,32.54,20.76,22.57
2016-11-18,0.05,31.64,18.46,28.8
2016-11-19,0.0,28.74,14.27,31.11
2016-11-20,0.0,30.36,13.64,31.72
2016-11-21,0.2,32.42,17.02,27.64
2016-11-22,4.03,30.92,21.4,24.57
2016-11-23,0.63,33.28,22.16,23.69
2016-11-24,3.21,32.54,22.96,25.53
2016-11-25,0.86,30.89,22.74,24.98
2016-11-26,4.05,28.21,22.96,24.66
2016-11-27,1.08,31.92,21.31,22.09
2016-11-28,6.33,33.77,22.56,22.44
2016-11-29,2.01,30.7,22.65,21.76
2016-11-30,0.14,31.03,18.94,26.43
2016-12-01,0.06,30.67,18.23,21.43
2016-12-02,1.15,30.88,21.89,22.84
2016-12-03,10.9,29.08,22.76,14.04
2016-12-04,1.59,32.12,22.75,21.56
2016-12-05,0.34,34.11,19.89,29.62
2016-12-06,0.01,34.5,19.55,26.62
2016-12-07,0.91,32.69,24.04,26.38
2016-12-08,13.51,29.26,22.36,25.97
2016-12-09,5.31,29.85,21.57,22.94
2016-12-10,11.37,29.9,22.04,16.12
2016-12-11,7.19,30.58,23.01,21.34
2016-12-12,2.89,31.73,22.49,16.07
2016-12-13,3.58,32.12,22.91,20.04
2016-12-14,2.05,32.86,22.83,21.11
2016-12-15,0.7,29.41,19.94,23.23
2016-12-16,2.0,27.72,17.66,19.51
2016-12-17,0.38,31.6,20.53,28.29
2016-12-18,6.94,28.93,21.6,28.6
2016-12-19,7.23,27.42,21.22,19.51
2016-12-20,14.35,26.29,20.18,18.65
2016-12-21,19.08,26.12,20.31,14.28
2016-12-22,2.21,29.11,19.84,24.36
2016-12-23,1.6,28.66,20.73,25.34
2016-12-24,0.17,28.51,21.65,22.41
2016-12-25,0.72,33.16,19.63,29.63
2016-12-26,0.64,32.93,23.02,28.53
2016-12-27,1.18,33.29,22.64,27.48
2016-12-28,2.71,32.24,23.0,18.07
2016-12-29,5.83,30.19,22.96,21.01
2016-12-30,6.94,30.63,22.23,18.33
2016-12-31,1.71,30.13,23.0,19.9
2017-01-01,3.06,30.65,21.59,22.64
2017-01-02,2.07,30.35,22.83,21.26
2017-01-03,0.63,30.53,22.21,23.65
2017-01-04,1.39,30.77,22.33,22.27
2017-01-05,1.38,29.28,22.63,21.39
2017-01-06,9.54,31.63,22.85,25.27
2017-01-07,1.62,30.96,22.49,27.17
2017-01-08,0.82,33.48,22.32,28.23
2017-01-09,6.0,30.93,24.79,19.46
2017-01-10,18.52,29.36,23.16,19.21
2017-01-11,33.28,29.68,22.42,24.14
2017-01-12,6.73,27.17,22.72,18.31
2017-01-13,5.02,29.49,21.73,18.4
2017-01-14,3.08,30.15,22.04,23.09
2017-01-15,14.46,28.5,21.38,22.22
2017-01-16,15.1,28.22,22.98,6.09
2017-01-17,22.61,27.28,22.31,13.03
2017-01-18,17.43,30.08,21.48,22.63
2017-01-19,11.05,28.22,21.44,12.38
2017-01-20,3.74,25.5,21.3,15.77
2017-01-21,1.04,26.23,20.41,13.67
2017-01-22,1.85,26.6,19.44,18.12
2017-01-23,4.18,27.84,20.09,19.25
2017-01-24,10.51,28.83,20.98,22.6
2017-01-25,15.71,27.1,21.72,17.51
2017-01-26,11.58,28.3,19.76,13.1
2017-01-27,6.33,26.5,20.41,12.78
2017-01-28,10.11,26.68,21.06,18.54
2017-01-29,15.92,28.9,20.44,20.39
2017-01-30,5.55,28.5,21.26,19.68
2017-01-31,6.72,27.75,19.98,10.61
2017-02-01,8.62,28.8,20.1,25.64
2017-02-02,2.92,27.09,21.37,22.5
2017-02-03,2.86,27.91,21.75,24.46
2017-02-04,0.01,31.19,20.38,27.7
2017-02-05,0.44,32.2,21.62,27.1
2017-02-06,3.5,30.8,22.01,25.28
2017-02-07,0.69,30.92,22.03,26.96
2017-02-08,0.29,31.28,22.62,26.79
2017-02-09,0.02,30.97,21.9,27.54
2017-02-10,0.01,30.92,21.21,26.26
2017-02-11,7.09,27.19,22.81,24.63
2017-02-12,11.63,29.06,21.21,19.26
2017-02-13,9.61,28.55,22.56,14.97
2017-02-14,1.39,30.67,22.29,20.53
2017-02-15,0.07,31.09,21.03,27.39
2017-02-16,0.22,31.3,20.67,27.27
2017-02-17,11.97,29.56,21.39,26.25
2017-02-18,0.79,29.02,20.92,26.2
2017-02-19,0.59,29.84,22.57,22.88
2017-02-20,0.39,32.59,22.57,27.41
2017-02-21,0.89,31.79,22.93,26.84
2017-02-22,0.04,32.22,21.57,26.07
2017-02-23,2.75,30.72,21.6,24.0
2017-02-24,5.35,27.22,21.7,16.25
2017-02-25,6.47,29.43,20.71,17.65
2017-02-26,7.53,29.14,20.71,20.97
2017-02-27,0.97,29.79,21.08,23.38
2017-02-28,0.04,28.84,22.12,25.59
2017-03-01,0.9,30.22,20.95,20.16
2017-03-02,2.05,27.61,21.15,18.36
2017-03-03,8.43,29.56,21.34,15.55
2017-03-04,2.49,28.46,22.22,20.28
2017-03-05,14.84,27.58,22.49,20.07
2017-03-06,1.64,29.52,22.12,17.32
2017-03-07,2.13,31.02,21.86,19.82
2017-03-08,0.6,31.31,22.14,24.76
2017-03-09,0.35,30.91,22.83,25.25
2017-03-10,3.4,29.42,23.71,22.68
2017-03-11,0.22,29.22,21.91,24.51
2017-03-12,0.63,30.79,22.85,23.59
2017-03-13,2.95,28.89,22.94,20.77
2017-03-14,3.38,29.52,22.69,23.18
2017-03-15,0.88,31.18,21.32,23.87
2017-03-16,0.62,30.3,22.05,23.29
2017-03-17,3.74,30.27,21.82,18.3
2017-03-18,17.03,26.5,20.62,7.74
2017-03-19,0.97,28.22,19.12,14.5
2017-03-20,0.06,28.91,18.54,24.11
2017-03-21,0.01,29.02,17.3,23.18
2017-03-22,0.01,29.35,17.52,22.82
2017-03-23,0.09,30.79,19.01,18.86
2017-03-24,0.0,31.45,20.22,21.9
2017-03-25,0.05,32.39,20.72,22.23
2017-03-26,27.78,30.25,21.08,19.81
2017-03-27,0.64,27.01,20.27,15.72
2017-03-28,0.0,28.88,19.99,21.68
2017-03-29,0.0,28.63,17.98,23.54
2017-03-30,0.0,29.31,16.24,22.53
2017-03-31,0.0,28.95,16.96,24.11
2017-04-01,0.0,27.7,14.87,24.32
2017-04-02,0.0,28.88,15.51,23.91
2017-04-03,0.0,28.46,17.7,20.68
2017-04-04,0.0,30.56,18.47,19.87
2017-04-05,7.57,30.68,21.44,12.24
2017-04-06,5.08,30.58,22.63,15.37
2017-04-07,12.44,29.68,22.15,15.83
2017-04-08,4.9,27.98,22.46,12.65
2017-04-09,1.91,29.9,21.23,18.54
2017-04-10,1.08,30.6,20.76,19.63
2017-04-11,1.36,30.78,22.2,16.44
2017-04-12,14.61,30.12,22.38,14.77
2017-04-13,0.14,28.7,17.9,21.79
2017-04-14,0.01,30.57,18.0,20.46
2017-04-15,0.0,31.15,19.2,21.39
2017-04-16,0.79,30.87,19.93,15.57
2017-04-17,0.57,29.03,20.9,15.83
2017-04-18,0.18,28.46,18.85,20.17
2017-04-19,0.01,29.65,17.5,18.59
2017-04-20,17.12,30.06,20.38,10.39
2017-04-21,27.36,22.2,17.17,7.37
2017-04-22,0.08,25.61,14.68,19.47
2017-04-23,0.06,25.95,15.47,20.7
2017-04-24,0.01,27.36,15.21,20.16
2017-04-25,0.02,28.44,14.94,19.13
2017-04-26,12.65,28.04,20.91,8.26
2017-04-27,10.47,24.35,14.58,16.32
2017-04-28,0.08,24.26,12.85,14.82
2017-04-29,0.03,25.55,13.17,20.06
2017-04-30,0.02,26.67,14.48,19.12
2017-05-01,3.65,26.73,16.83,17.35
2017-05-02,0.15,28.16,17.41,18.62
2017-05-03,0.0,28.42,16.69,18.74
2017-05-04,1.5,27.5,17.76,13.81
2017-05-05,13.62,27.42,18.62,14.07
2017-05-06,1.34,27.22,16.98,15.95
2017-05-07,0.01,26.15,16.25,19.03
2017-05-08,0.02,26.75,14.96,19.52
2017-05-09,0.03,27.63,14.59,18.46
2017-05-10,0.0,27.48,19.55,15.7
2017-05-11,0.0,26.95,17.48,17.67
2017-05-12,0.0,27.84,15.61,17.76
2017-05-13,0.25,28.95,16.73,16.86
2017-05-14,1.1,27.65,19.41,9.17
2017-05-15,4.06,27.32,17.45,13.44
2017-05-16,1.46,24.3,17.44,10.08
2017-05-17,0.04,23.83,16.03,13.74
2017-05-18,12.55,26.31,17.39,7.53
2017-05-19,37.23,26.33,20.8,6.68
2017-05-20,11.6,24.96,20.84,5.38
2017-05-21,37.72,25.44,20.9,6.75
2017-05-22,8.55,27.76,20.02,10.06
2017-05-23,0.02,25.15,16.73,15.79
2017-05-24,0.0,27.06,16.19,14.68
2017-05-25,0.02,28.92,19.85,16.35
2017-05-26,0.0,27.93,19.37,16.34
2017-05-27,0.0,28.43,18.45,14.79
2017-05-28,0.0,27.18,19.01,13.38
2017-05-29,0.0,27.35,16.91,14.87
2017-05-30,0.02,26.87,16.84,14.36
2017-05-31,2.1,25.96,17.36,14.77
2017-06-01,0.69,20.1,11.52,8.99
2017-06-02,0.0,21.2,8.64,17.41
2017-06-03,0.05,25.03,10.31,17.06
2017-06-04,0.04,28.25,14.0,16.3
2017-06-05,1.62,28.62,17.52,10.27
2017-06-06,0.35,28.94,18.34,13.79
2017-06-07,0.09,28.72,18.18,15.91
2017-06-08,0.01,28.76,17.26,14.33
2017-06-09,0.6,20.81,8.95,4.53
2017-06-10,0.0,19.01,5.78,17.91
2017-06-11,0.05,21.26,5.51,17.64
2017-06-12,9.35,17.69,10.1,6.84
2017-06-13,8.01,22.3,13.78,5.24
2017-06-14,1.87,25.39,15.33,15.49
2017-06-15,0.0,25.2,14.4,16.39
2017-06-16,0.01,25.28,12.96,16.27
2017-06-17,0.02,27.09,13.55,16.42
2017-06-18,0.01,26.92,13.45,11.82
2017-06-19,0.0,27.57,14.73,16.16
2017-06-20,0.01,25.45,14.1,10.82
2017-06-21,0.0,25.38,13.31,16.19
2017-06-22,0.0,25.87,14.66,16.3
2017-06-23,0.0,26.3,15.47,16.16
2017-06-24,0.0,26.0,13.68,16.46
2017-06-25,0.0,25.65,13.95,16.35
2017-06-26,0.0,25.57,12.52,16.66
2017-06-27,0.0,26.15,13.38,16.32
2017-06-28,0.0,26.26,12.33,15.58
2017-06-29,0.0,27.06,15.47,14.45
2017-06-30,0.0,25.66,16.31,10.69
2017-07-01,0.0,26.92,13.75,15.45
2017-07-02,0.0,23.82,13.26,15.57
2017-07-03,0.0,23.04,11.31,15.51
2017-07-04,0.0,22.19,10.38,15.71
2017-07-05,0.0,23.35,10.04,16.55
2017-07-06,0.0,24.32,10.05,11.97
2017-07-07,0.01,25.65,12.35,15.25
2017-07-08,0.0,25.14,13.68,11.56
2017-07-09,0.0,26.22,13.57,15.55
2017-07-10,0.0,26.99,12.9,16.63
2017-07-11,0.0,27.76,13.56,16.33
2017-07-12,0.0,27.55,13.36,16.85
2017-07-13,0.0,27.9,13.09,17.02
2017-07-14,0.0,27.77,12.87,17.28
2017-07-15,0.0,27.59,12.49,17.26
2017-07-16,0.0,27.78,14.04,16.06
2017-07-17,0.0,28.49,11.38,17.12
2017-07-18,0.0,17.83,8.19,9.2
2017-07-19,0.0,21.31,7.86,16.84
2017-07-20,0.0,25.67,9.82,17.14
2017-07-21,0.0,27.99,11.49,17.6
2017-07-22,0.0,27.47,12.13,18.13
2017-07-23,0.0,28.37,11.61,17.92
2017-07-24,0.0,28.28,12.95,18.42
2017-07-25,0.0,28.45,12.87,18.35
2017-07-26,0.0,28.53,13.57,18.36
2017-07-27,0.02,27.68,12.64,18.5
2017-07-28,0.13,27.82,11.95,18.34
2017-07-29,0.0,27.43,13.14,18.49
2017-07-30,0.0,27.48,14.1,16.11
2017-07-31,0.0,27.11,12.74,16.76
2017-08-01,0.0,27.71,12.74,12.02
2017-08-02,0.0,29.33,14.13,17.33
2017-08-03,0.0,24.49,13.75,12.49
2017-08-04,0.0,25.36,11.06,16.47
2017-08-05,0.0,25.63,11.15,17.27
2017-08-06,0.01,26.49,11.01,19.06
2017-08-07,0.0,29.07,11.05,19.06
2017-08-08,0.0,31.93,15.75,14.1
2017-08-09,0.0,33.61,17.32,17.57
2017-08-10,0.0,33.64,19.46,18.52
2017-08-11,0.0,31.75,15.43,18.52
2017-08-12,0.0,33.93,16.0,18.67
2017-08-13,5.08,34.26,18.2,13.81
2017-08-14,0.28,28.2,15.52,13.16
2017-08-15,3.17,27.68,17.06,5.69
2017-08-16,10.33,26.66,16.92,7.83
2017-08-17,5.05,25.17,17.62,5.71
2017-08-18,7.01,23.78,17.84,7.68
2017-08-19,1.23,28.76,17.66,11.09
2017-08-20,19.87,23.25,17.7,3.73
2017-08-21,0.17,24.48,13.82,18.36
2017-08-22,0.05,25.65,11.44,20.44
2017-08-23,0.01,30.69,17.29,20.06
2017-08-24,0.0,29.98,16.52,21.06
2017-08-25,0.01,30.04,14.52,20.83
2017-08-26,0.01,31.35,15.32,21.81
2017-08-27,0.0,31.63,14.88,21.82
2017-08-28,0.0,31.92,15.09,22.49
2017-08-29,0.0,32.41,14.64,22.8
2017-08-30,0.0,33.54,14.49,23.02
2017-08-31,0.0,32.79,16.25,22.17
2017-09-01,0.0,31.9,15.2,21.85
2017-09-02,0.0,32.37,16.35,21.62
2017-09-03,0.0,32.44,15.33,23.46
2017-09-04,0.0,31.36,14.58,23.56
2017-09-05,0.0,32.82,14.54,23.92
2017-09-06,0.0,32.57,14.79,23.66
2017-09-07,0.0,32.89,15.05,22.12
2017-09-08,0.0,34.0,16.01,23.36
2017-09-09,0.0,35.13,17.2,21.28
2017-09-10,0.0,35.32,17.53,24.1
2017-09-11,0.0,36.5,17.6,23.49
2017-09-12,0.0,36.94,18.41,24.07
2017-09-13,0.0,36.0,18.72,23.98
2017-09-14,0.01,36.7,19.14,24.64
2017-09-15,0.0,37.03,19.03,24.37
2017-09-16,0.0,36.78,17.9,24.21
2017-09-17,0.0,36.11,17.07,24.59
2017-09-18,0.0,35.83,17.49,24.26
2017-09-19,0.0,36.58,19.83,23.15
2017-09-20,0.0,36.39,19.31,24.34
2017-09-21,0.0,35.95,18.29,25.13
2017-09-22,0.0,35.74,18.66,22.49
2017-09-23,0.0,35.7,20.11,24.06
2017-09-24,0.0,35.52,19.39,22.51
2017-09-25,0.0,33.19,18.67,21.75
2017-09-26,0.0,32.96,18.58,21.96
2017-09-27,0.01,36.35,19.18,24.16
2017-09-28,0.0,37.18,20.73,24.45
2017-09-29,10.08,26.24,19.82,8.13
2017-09-30,4.2,25.84,18.42,5.66
2017-10-01,12.99,31.41,17.29,18.76
2017-10-02,42.79,28.04,15.77,8.11
2017-10-03,0.36,25.41,13.92,22.11
2017-10-04,0.0,28.77,12.7,23.93
2017-10-05,0.01,33.61,14.16,25.63
2017-10-06,1.95,33.81,21.4,17.79
2017-10-07,5.03,30.95,21.66,8.05
2017-10-08,0.5,33.59,19.12,19.56
2017-10-09,0.43,34.49,19.98,20.09
2017-10-10,0.0,36.95,21.6,25.68
2017-10-11,0.02,37.19,22.45,26.48
2017-10-12,0.01,37.78,23.55,26.33
2017-10-13,0.0,38.36,22.32,27.05
2017-10-14,0.0,37.11,21.36,26.34
2017-10-15,0.0,35.24,21.88,26.46
2017-10-16,0.0,35.45,18.75,27.45
2017-10-17,0.0,38.29,19.73,26.48
2017-10-18,0.0,38.48,23.96,27.15
2017-10-19,0.86,38.79,23.17,27.17
2017-10-20,2.51,34.88,24.07,11.11
2017-10-21,2.92,35.79,22.8,12.63
2017-10-22,12.54,26.62,21.25,5.21
2017-10-23,0.08,30.39,20.44,17.6
2017-10-24,0.0,33.76,18.09,27.41
2017-10-25,0.75,34.99,21.14,21.52
2017-10-26,1.35,36.71,22.43,21.46
2017-10-27,11.68,35.64,22.29,19.8
2017-10-28,15.61,32.41,23.27,23.52
2017-10-29,6.47,30.12,22.85,17.18
2017-10-30,20.02,29.39,22.01,4.87
2017-10-31,10.5,29.05,21.76,21.01
2017-11-01,0.0,30.44,17.28,28.79
2017-11-02,0.21,31.31,15.8,28.83
2017-11-03,9.97,29.62,22.29,23.62
2017-11-04,33.72,28.66,22.31,22.67
2017-11-05,1.27,27.75,22.5,10.68
2017-11-06,1.28,25.8,18.89,18.03
2017-11-07,0.04,28.62,17.1,24.01
2017-11-08,17.45,30.35,18.93,18.7
2017-11-09,4.53,28.89,21.55,21.26
2017-11-10,1.42,29.95,21.58,23.82
2017-11-11,0.44,30.32,19.12,24.49
2017-11-12,0.0,29.69,15.16,31.69
2017-11-13,0.0,30.78,14.58,31.77
2017-11-14,0.0,31.47,16.1,30.53
2017-11-15,0.0,34.14,16.09,28.98
2017-11-16,9.62,32.64,21.58,28.11
2017-11-17,2.28,27.84,21.89,24.24
2017-11-18,7.5,30.86,22.19,19.32
2017-11-19,5.07,30.13,22.4,22.58
2017-11-20,4.93,31.15,22.59,21.7
2017-11-21,32.05,30.35,22.79,18.36
2017-11-22,10.91,30.53,22.37,15.17
2017-11-23,0.0,30.06,18.85,27.2
2017-11-24,0.0,31.87,20.16,29.2
2017-11-25,6.13,33.05,20.37,27.33
2017-11-26,31.9,30.62,23.44,15.86
2017-11-27,30.09,29.38,20.61,15.34
2017-11-28,7.43,30.46,19.17,23.35
2017-11-29,0.0,30.76,19.4,30.28
2017-11-30,16.59,26.84,18.54,22.03
2017-12-01,2.27,29.18,18.48,13.76
2017-12-02,0.04,30.1,18.55,17.37
2017-12-03,0.0,28.97,18.95,27.58
2017-12-04,0.62,30.62,21.35,27.74
2017-12-05,6.7,28.79,21.93,22.18
2017-12-06,17.26,27.5,21.52,17.86
2017-12-07,13.07,28.39,21.91,19.2
2017-12-08,1.98,29.92,22.95,23.45
2017-12-09,0.38,31.22,21.68,26.96
2017-12-10,0.0,31.97,21.56,26.16
2017-12-11,0.0,32.41,19.09,28.86
2017-12-12,0.0,31.04,18.38,30.66
2017-12-13,0.0,31.17,19.32,27.89
2017-12-14,0.0,31.64,21.67,28.99
2017-12-15,0.0,32.5,21.21,28.49
2017-12-16,0.0,31.4,22.06,28.92
2017-12-17,7.85,30.6,21.65,29.15
2017-12-18,0.94,30.33,22.5,25.89
2017-12-19,0.54,31.85,21.99,27.17
2017-12-20,19.33,28.39,22.87,16.89
2017-12-21,3.99,27.78,21.83,13.24
2017-12-22,2.16,29.48,21.74,15.75
2017-12-23,1.92,29.66,20.97,15.8
2017-12-24,3.12,28.28,21.78,18.17
2017-12-25,24.36,26.86,21.67,15.3
2017-12-26,42.95,26.67,22.16,21.88
2017-12-27,4.8,30.01,21.0,24.31
2017-12-28,17.01,29.29,21.66,24.81
2017-12-29,18.08,28.95,22.43,20.5
2017-12-30,14.99,30.01,23.1,12.56
2017-12-31,12.71,27.85,22.52,13.07
2018-01-01,6.57,28.94,22.64,22.79
2018-01-02,10.39,28.38,23.16,11.58
2018-01-03,13.26,29.33,22.37,20.64
2018-01-04,0.01,30.99,20.52,27.39
2018-01-05,16.74,30.98,20.57,25.46
2018-01-06,13.86,28.97,22.62,18.91
2018-01-07,2.47,28.89,21.83,10.38
2018-01-08,29.68,25.68,19.81,10.9
2018-01-09,13.56,24.61,20.29,10.94
2018-01-10,2.97,28.14,20.78,14.64
2018-01-11,5.28,26.75,20.36,18.12
2018-01-12,6.18,27.86,20.4,17.72
2018-01-13,3.63,27.81,19.13,21.59
2018-01-14,10.1,27.04,20.82,18.98
2018-01-15,11.48,27.57,20.89,17.85
2018-01-16,5.76,29.67,21.01,21.47
2018-01-17,2.41,31.06,21.52,20.66
2018-01-18,3.22,28.31,22.37,23.87
2018-01-19,0.76,30.1,21.5,22.51
2018-01-20,0.52,28.9,22.18,27.51
2018-01-21,0.09,32.32,20.28,26.21
2018-01-22,0.11,30.69,22.77,27.88
2018-01-23,0.01,30.13,22.74,28.3
2018-01-24,2.82,31.63,22.95,26.96
2018-01-25,10.65,28.81,21.63,25.44
2018-01-26,3.1,29.24,21.94,23.44
2018-01-27,4.34,29.37,20.77,24.96
2018-01-28,1.47,28.59,21.95,21.94
2018-01-29,6.84,28.38,22.61,16.04
2018-01-30,8.25,30.64,22.11,17.11
2018-01-31,4.3,29.98,19.83,23.91
2018-02-01,0.03,29.53,18.61,26.35
2018-02-02,0.0,30.07,19.14,25.93
2018-02-03,0.43,30.78,20.05,28.36
2018-02-04,12.61,29.65,17.87,28.0
2018-02-05,0.26,29.17,18.31,27.51
2018-02-06,0.0,29.88,20.59,27.8
2018-02-07,4.44,30.78,19.76,28.21
2018-02-08,0.0,31.7,20.16,27.85
2018-02-09,10.51,31.76,21.96,22.05
2018-02-10,20.76,26.93,22.63,12.73
2018-02-11,3.56,29.22,22.1,12.99
2018-02-12,2.02,27.98,21.96,18.83
2018-02-13,18.0,29.17,20.84,19.52
2018-02-14,0.55,30.01,19.78,14.43
2018-02-15,0.0,29.73,18.07,15.66
2018-02-16,0.04,30.27,21.3,24.99
2018-02-17,5.51,26.67,21.86,19.45
2018-02-18,17.7,27.21,20.96,14.53
2018-02-19,6.02,26.65,20.94,13.96
2018-02-20,23.92,27.95,22.01,14.53
2018-02-21,6.52,29.15,22.34,23.76
2018-02-22,0.1,30.14,20.8,26.1
2018-02-23,0.07,30.39,16.94,26.87
2018-02-24,0.58,30.01,19.28,25.39
2018-02-25,0.84,30.24,20.39,23.3
2018-02-26,6.76,25.4,20.9,15.55
2018-02-27,6.97,28.13,20.34,12.23
2018-02-28,2.17,30.51,21.54,23.44
2018-03-01,0.58,27.87,22.95,22.63
2018-03-02,2.13,29.38,22.57,24.65
2018-03-03,15.49,27.37,22.77,23.36
2018-03-04,0.76,30.59,21.64,24.28
2018-03-05,0.0,30.69,21.05,22.65
2018-03-06,19.53,29.07,21.41,23.22
2018-03-07,2.29,30.1,22.04,21.17
2018-03-08,5.52,29.96,22.64,18.85
2018-03-09,9.42,30.12,21.52,22.78
2018-03-10,13.33,29.56,22.33,21.45
2018-03-11,0.48,31.26,22.11,23.66
2018-03-12,0.0,32.1,22.06,23.61
2018-03-13,0.02,32.5,24.18,21.34
2018-03-14,3.75,30.71,24.56,23.94
2018-03-15,0.67,29.38,24.16,21.2
2018-03-16,0.57,30.03,23.78,20.65
2018-03-17,0.1,31.2,23.19,24.52
2018-03-18,0.01,31.85,22.68,23.75
2018-03-19,0.15,31.3,23.64,22.82
2018-03-20,0.85,30.03,22.89,21.0
2018-03-21,14.12,29.36,22.19,18.29
2018-03-22,1.14,30.37,21.38,22.77
2018-03-23,0.04,31.29,21.76,22.75
2018-03-24,0.08,30.72,23.3,23.35
2018-03-25,7.83,29.91,22.98,18.2
2018-03-26,7.35,28.24,22.54,10.49
2018-03-27,9.56,26.08,21.3,15.77
2018-03-28,0.98,29.02,20.43,19.32
2018-03-29,0.3,30.32,20.23,21.78
2018-03-30,4.36,29.44,20.82,21.52
2018-03-31,9.63,27.1,20.56,9.13
2018-04-01,19.15,25.74,21.32,10.85
2018-04-02,2.83,27.71,20.54,14.95
2018-04-03,0.88,27.92,19.71,14.87
2018-04-04,0.01,28.42,17.89,21.18
2018-04-05,0.0,29.5,17.84,21.87
2018-04-06,0.0,29.85,18.09,22.87
2018-04-07,0.0,29.74,17.37,23.12
2018-04-08,0.01,29.73,17.27,22.75
2018-04-09,0.01,29.83,19.15,21.22
2018-04-10,0.0,30.09,19.83,20.82
2018-04-11,0.0,29.88,19.58,22.16
2018-04-12,0.03,29.17,18.13,20.51
2018-04-13,0.02,29.56,17.48,22.04
2018-04-14,0.39,29.87,18.35,16.6
2018-04-15,1.1,25.15,19.63,14.71
2018-04-16,0.21,27.98,17.54,16.16
2018-04-17,0.0,27.06,18.38,18.79
2018-04-18,0.01,28.0,18.53,19.11
2018-04-19,0.0,28.97,17.66,19.14
2018-04-20,0.0,28.89,19.0,19.95
2018-04-21,0.0,29.03,17.45,21.13
2018-04-22,0.0,28.77,14.0,20.83
2018-04-23,0.0,28.96,16.58,19.24
2018-04-24,0.0,29.71,17.43,19.76
2018-04-25,0.0,29.99,17.42,19.57
2018-04-26,0.0,30.35,17.56,19.18
2018-04-27,0.04,30.79,18.79,18.66
2018-04-28,0.01,31.0,19.3,18.65
2018-04-29,0.0,30.66,18.71,19.09
2018-04-30,0.0,31.15,18.49,19.04
2018-05-01,0.0,31.01,18.19,18.74
2018-05-02,0.0,30.87,17.05,17.98
2018-05-03,0.0,30.28,16.55,19.2
2018-05-04,0.0,31.23,16.7,17.1
2018-05-05,0.0,32.18,17.76,16.61
2018-05-06,0.07,30.18,20.1,16.87
2018-05-07,0.12,29.4,19.07,17.52
2018-05-08,0.0,29.58,17.89,18.42
2018-05-09,0.0,29.63,17.42,18.22
2018-05-10,0.0,29.48,16.76,18.11
2018-05-11,0.0,30.26,17.77,15.36
2018-05-12,0.0,26.7,18.79,13.75
2018-05-13,0.0,27.28,15.51,14.42
2018-05-14,0.03,29.4,17.36,16.35
2018-05-15,7.08,30.11,18.05,15.9
2018-05-16,0.79,28.79,17.3,10.22
2018-05-17,0.03,29.12,17.57,14.07
2018-05-18,7.3,28.52,19.2,14.91
2018-05-19,3.65,25.38,13.22,6.85
2018-05-20,0.04,20.18,9.34,18.84
2018-05-21,1.68,21.38,7.69,18.71
2018-05-22,0.02,23.12,7.84,18.65
2018-05-23,0.0,25.0,9.1,17.93
2018-05-24,0.03,26.4,12.38,17.49
2018-05-25,0.0,26.09,13.36,15.59
2018-05-26,0.0,26.9,15.07,16.84
2018-05-27,0.0,27.63,14.83,17.22
2018-05-28,0.0,26.93,13.72,17.13
2018-05-29,0.0,26.96,13.79,13.82
2018-05-30,0.0,27.35,16.81,15.77
2018-05-31,0.0,27.3,14.62,16.84
2018-06-01,0.0,27.95,14.84,11.1
2018-06-02,0.0,28.58,16.84,11.27
2018-06-03,0.01,27.52,17.83,12.48
2018-06-04,0.0,24.37,15.6,8.62
2018-06-05,0.01,27.45,16.1,12.37
2018-06-06,0.0,25.32,16.56,12.18
2018-06-07,0.0,26.1,15.38,8.2
2018-06-08,0.0,22.59,12.2,11.44
2018-06-09,0.0,26.66,14.57,14.11
2018-06-10,0.0,29.59,17.37,11.22
2018-06-11,0.0,30.32,18.74,13.93
2018-06-12,1.78,30.48,19.37,11.59
2018-06-13,2.95,25.14,17.11,7.82
2018-06-14,0.01,24.96,14.27,12.35
2018-06-15,0.01,25.16,15.79,13.9
2018-06-16,0.0,25.28,13.6,13.66
2018-06-17,0.0,26.13,13.42,15.36
2018-06-18,0.0,26.49,13.85,15.15
2018-06-19,0.0,27.3,14.44,15.61
2018-06-20,0.0,28.19,15.58,15.74
2018-06-21,0.0,28.81,14.6,14.62
2018-06-22,0.0,28.7,19.16,13.62
2018-06-23,0.0,29.06,17.97,13.83
2018-06-24,0.0,29.36,18.59,12.71
2018-06-25,0.0,30.12,18.53,15.25
2018-06-26,0.0,30.6,16.5,15.25
2018-06-27,0.01,30.55,15.58,15.08
2018-06-28,0.0,30.36,16.13,14.4
2018-06-29,0.0,29.48,15.58,14.46
2018-06-30,0.0,29.49,15.5,15.94
2018-07-01,0.0,29.98,15.82,15.98
2018-07-02,0.0,30.55,15.86,15.81
2018-07-03,0.0,30.53,19.2,16.37
2018-07-04,0.0,29.76,15.53,15.94
2018-07-05,0.0,30.49,16.14,15.7
2018-07-06,0.0,30.23,15.63,16.29
2018-07-07,0.0,29.49,14.93,15.97
2018-07-08,0.0,30.07,17.27,15.81
2018-07-09,0.0,25.95,13.71,8.64
2018-07-10,0.05,22.31,9.78,16.78
2018-07-11,0.0,22.12,7.79,17.04
2018-07-12,0.0,22.96,8.07,15.83
2018-07-13,0.0,24.29,11.68,14.65
2018-07-14,0.0,30.34,14.5,16.79
2018-07-15,0.0,31.62,15.37,17.34
2018-07-16,0.0,31.16,15.34,16.96
2018-07-17,0.0,30.65,14.61,17.32
2018-07-18,0.0,30.95,15.06,17.24
2018-07-19,0.0,31.13,16.56,17.28
2018-07-20,0.0,31.43,16.22,17.51
2018-07-21,0.0,28.18,14.63,15.5
2018-07-22,0.0,29.03,15.2,14.83
2018-07-23,0.0,31.0,15.93,17.1
2018-07-24,0.0,30.2,16.04,15.32
2018-07-25,0.0,29.62,14.68,16.35
2018-07-26,0.0,30.28,16.21,16.33
2018-07-27,0.0,30.96,15.72,17.11
2018-07-28,0.0,32.18,16.22,17.68
2018-07-29,0.0,31.76,17.37,17.21
2018-07-30,0.54,30.82,18.64,14.53
2018-07-31,0.99,28.73,16.72,16.41
2018-08-01,0.04,24.52,14.1,10.06
2018-08-02,1.68,26.37,15.41,10.38
2018-08-03,3.11,26.26,17.09,8.95
2018-08-04,13.86,25.44,17.04,10.07
2018-08-05,3.35,24.73,16.54,7.78
2018-08-06,8.77,23.67,15.61,3.95
2018-08-07,0.18,26.59,14.29,11.17
2018-08-08,4.66,26.01,15.9,6.4
2018-08-09,3.58,22.35,10.92,8.88
2018-08-10,0.0,20.99,6.66,18.62
2018-08-11,0.0,23.33,6.02,20.78
2018-08-12,0.0,25.98,7.3,20.81
2018-08-13,0.0,26.83,9.86,19.94
2018-08-14,0.0,28.73,10.66,20.88
2018-08-15,0.0,28.69,10.88,16.23
2018-08-16,0.0,26.42,14.58,12.36
2018-08-17,0.0,27.54,13.9,19.71
2018-08-18,0.0,28.63,13.99,20.25
2018-08-19,0.0,30.35,16.2,19.3
2018-08-20,0.0,31.87,16.18,20.68
2018-08-21,1.37,30.4,15.4,17.96
2018-08-22,0.63,27.56,15.64,6.99
2018-08-23,0.16,31.07,17.44,18.44
2018-08-24,4.1,31.97,19.37,11.38
2018-08-25,8.27,27.3,15.19,10.12
2018-08-26,0.0,26.0,10.88,22.31
2018-08-27,0.0,27.7,11.67,22.35
2018-08-28,0.0,31.79,14.06,21.59
2018-08-29,0.0,31.39,16.89,22.32
2018-08-30,0.0,33.43,17.25,22.32
2018-08-31,0.0,33.53,17.14,21.68
2018-09-01,0.0,34.08,19.17,21.1
2018-09-02,0.17,34.16,18.41,15.4
2018-09-03,0.35,23.62,14.12,14.9
2018-09-04,0.02,25.54,11.56,17.18
2018-09-05,0.0,26.24,11.3,23.73
2018-09-06,0.0,28.82,10.54,24.24
2018-09-07,0.0,32.71,12.35,24.54
2018-09-08,0.0,33.78,14.36,23.73
2018-09-09,0.0,34.07,14.68,24.36
2018-09-10,0.0,33.92,15.65,23.6
2018-09-11,0.0,34.22,16.0,23.21
2018-09-12,0.0,34.01,16.3,22.68
2018-09-13,0.13,35.84,16.93,21.73
2018-09-14,4.16,32.25,18.12,5.55
2018-09-15,0.71,28.34,17.36,10.17
2018-09-16,10.24,31.52,20.14,12.26
2018-09-17,16.89,25.06,20.07,7.29
2018-09-18,0.43,27.11,19.86,13.37
2018-09-19,15.14,28.79,20.53,19.77
2018-09-20,13.96,30.21,20.61,10.35
2018-09-21,0.43,29.92,20.94,21.69
2018-09-22,0.0,32.53,19.79,24.83
2018-09-23,0.0,33.97,18.44,25.22
2018-09-24,0.0,34.9,17.86,26.23
2018-09-25,0.01,34.88,17.7,21.56
2018-09-26,1.35,33.88,21.68,17.3
2018-09-27,2.46,30.86,21.77,12.21
2018-09-28,2.21,30.39,21.09,19.45
2018-09-29,0.27,32.03,21.3,17.06
2018-09-30,16.45,26.05,20.82,4.38
2018-10-01,1.27,32.16,20.75,23.47
2018-10-02,0.0,33.92,20.51,16.53
2018-10-03,0.22,33.6,21.92,21.56
2018-10-04,0.45,29.72,23.03,22.86
2018-10-05,0.02,31.55,19.79,19.29
2018-10-06,0.01,31.31,17.78,20.41
2018-10-07,37.21,30.62,19.64,17.31
2018-10-08,18.14,29.52,22.4,11.92
2018-10-09,20.85,30.85,21.85,20.13
2018-10-10,9.72,30.59,22.69,14.14
2018-10-11,2.87,30.08,22.85,16.5
2018-10-12,0.05,31.11,19.4,25.82
2018-10-13,3.14,29.1,22.73,12.88
2018-10-14,14.67,29.19,22.55,20.9
2018-10-15,2.19,30.12,21.77,21.13
2018-10-16,1.33,30.43,21.15,20.49
2018-10-17,2.91,29.48,23.6,22.5
2018-10-18,6.84,32.43,22.81,23.82
2018-10-19,1.27,29.92,22.22,20.6
2018-10-20,0.0,28.59,16.81,27.86
2018-10-21,0.0,29.21,14.22,26.79
2018-10-22,0.0,31.88,15.8,26.89
2018-10-23,11.58,28.57,22.04,23.92
2018-10-24,5.73,26.78,22.25,12.04
2018-10-25,11.33,27.93,20.93,10.41
2018-10-26,10.21,29.12,21.3,14.31
2018-10-27,7.0,29.16,21.34,15.33
2018-10-28,0.02,29.76,18.27,28.77
2018-10-29,0.0,29.11,15.67,22.77
2018-10-30,0.0,31.32,17.8,26.73
2018-10-31,1.36,31.73,21.03,23.09
2018-11-01,4.37,29.15,22.43,16.92
2018-11-02,0.09,30.19,21.63,23.55
2018-11-03,27.72,30.72,22.25,26.39
2018-11-04,6.15,29.19,21.73,14.05
2018-11-05,6.14,28.78,17.98,26.36
2018-11-06,0.83,30.19,18.45,23.26
2018-11-07,28.75,27.26,20.71,13.0
2018-11-08,12.13,22.65,17.94,11.73
2018-11-09,4.05,26.46,18.05,13.0
2018-11-10,1.79,27.87,19.6,16.73
2018-11-11,0.0,30.87,20.37,27.72
2018-11-12,0.0,32.08,20.82,28.44
2018-11-13,0.0,32.98,22.18,27.41
2018-11-14,3.8,32.52,23.03,21.21
2018-11-15,5.84,30.31,23.95,26.2
2018-11-16,3.66,28.85,23.8,27.03
2018-11-17,7.0,30.75,19.97,18.28
2018-11-18,22.54,26.47,22.85,14.88
2018-11-19,4.92,29.24,19.8,13.73
2018-11-20,0.01,28.32,17.07,17.61
2018-11-21,0.09,30.01,16.91,26.08
2018-11-22,8.35,29.44,19.7,20.32
2018-11-23,24.09,27.23,22.21,4.97
2018-11-24,7.9,28.65,21.76,18.19
2018-11-25,12.51,30.72,21.68,22.58
2018-11-26,0.02,30.15,20.1,23.73
2018-11-27,0.0,30.14,17.89,28.79
2018-11-28,0.0,30.97,20.44,29.46
2018-11-29,0.42,31.11,21.41,22.73
2018-11-30,10.22,28.84,21.89,20.58
2018-12-01,12.58,28.79,22.14,17.13
2018-12-02,1.76,30.57,21.32,23.21
2018-12-03,0.55,29.96,19.58,28.26
2018-12-04,0.01,31.35,19.39,27.76
2018-12-05,0.04,32.38,23.01,27.48
2018-12-06,0.0,33.67,19.45,29.85
2018-12-07,0.0,32.59,19.65,28.06
2018-12-08,0.0,30.16,18.71,31.13
2018-12-09,0.0,31.25,15.58,29.3
2018-12-10,0.0,32.71,20.87,28.98
2018-12-11,0.0,33.69,21.08,29.87
2018-12-12,0.05,35.01,20.95,29.24
2018-12-13,0.51,33.53,22.67,29.24
2018-12-14,0.04,33.88,21.94,27.29
2018-12-15,6.26,33.29,23.7,26.02
2018-12-16,1.15,34.62,23.49,29.34
2018-12-17,5.73,34.51,23.78,26.31
2018-12-18,1.81,35.55,24.65,25.35
2018-12-19,1.13,33.06,24.03,18.32
2018-12-20,0.0,34.44,23.93,28.73
2018-12-21,3.23,36.2,24.8,27.01
2018-12-22,3.47,31.8,24.22,21.69
2018-12-23,2.11,29.65,23.18,16.23
2018-12-24,10.4,29.86,21.68,16.81
2018-12-25,6.38,31.45,21.34,14.95
2018-12-26,10.49,30.86,22.07,18.64
2018-12-27,3.84,31.82,22.57,24.73
2018-12-28,5.49,30.96,22.57,23.81
2018-12-29,2.02,32.12,22.77,23.14
2018-12-30,6.68,31.47,23.11,20.99
2018-12-31,2.73,34.25,22.67,25.88
2019-01-01,10.3,32.12,23.43,24.23
2019-01-02,0.17,33.62,22.93,27.22
2019-01-03,1.03,32.25,23.45,25.54
2019-01-04,18.93,30.07,24.03,16.24
2019-01-05,17.69,26.19,23.65,14.2
2019-01-06,2.65,28.14,22.52,18.54
2019-01-07,0.1,32.31,21.49,29.03
2019-01-08,0.0,30.74,22.99,27.3
2019-01-09,1.52,30.85,22.75,27.0
2019-01-10,0.75,30.03,23.25,24.23
2019-01-11,0.16,31.4,21.53,26.44
2019-01-12,0.86,31.8,21.95,23.97
2019-01-13,1.46,31.16,22.2,26.78
2019-01-14,1.48,32.97,21.98,27.92
2019-01-15,2.1,32.97,23.14,25.34
2019-01-16,0.98,31.57,24.09,24.42
2019-01-17,14.44,32.6,23.58,24.26
2019-01-18,0.74,32.81,23.05,24.3
2019-01-19,0.72,32.78,22.56,22.19
2019-01-20,0.78,32.23,22.11,26.9
2019-01-21,0.02,34.74,22.63,28.78
2019-01-22,0.0,35.99,23.69,28.91
2019-01-23,0.28,34.7,24.31,24.78
2019-01-24,12.76,30.65,24.53,18.62
2019-01-25,1.23,31.69,22.95,25.76
2019-01-26,2.19,32.78,23.59,24.28
2019-01-27,1.63,28.29,22.32,22.18
2019-01-28,0.19,34.0,20.75,28.38
2019-01-29,0.01,36.59,23.22,29.22
2019-01-30,0.08,36.31,23.43,26.98
2019-01-31,2.33,36.35,24.16,26.84
2019-02-01,0.59,37.97,24.74,24.63
2019-02-02,0.0,36.77,25.55,26.87
2019-02-03,0.01,37.2,23.96,25.51
2019-02-04,0.63,34.2,23.69,23.88
2019-02-05,0.31,32.46,22.09,16.41
2019-02-06,12.25,34.47,22.58,19.94
2019-02-07,0.58,34.29,20.5,28.24
2019-02-08,0.0,36.05,21.81,27.59
2019-02-09,0.0,37.6,23.72,28.51
2019-02-10,4.39,37.14,24.69,20.91
2019-02-11,3.34,31.56,25.88,21.69
2019-02-12,9.97,27.95,23.25,6.97
2019-02-13,16.81,28.63,22.58,17.42
2019-02-14,17.1,30.5,19.19,19.3
2019-02-15,12.65,29.5,22.17,11.89
2019-02-16,4.81,28.19,22.3,20.21
2019-02-17,0.66,30.04,20.45,23.81
2019-02-18,4.1,30.58,19.34,25.14
2019-02-19,4.77,30.91,21.14,19.47
2019-02-20,2.57,31.43,22.43,13.23
2019-02-21,5.15,31.42,23.46,17.53
2019-02-22,7.82,31.04,22.54,20.21
2019-02-23,2.55,30.11,22.99,23.42
2019-02-24,2.25,31.38,22.87,22.56
2019-02-25,6.11,30.53,22.83,22.82
2019-02-26,16.39,29.84,22.65,10.64
2019-02-27,15.47,28.44,22.04,12.87
2019-02-28,27.61,25.12,22.2,14.37
2019-03-01,18.5,29.93,22.32,16.03
2019-03-02,2.85,28.41,22.26,20.76
2019-03-03,0.88,30.34,21.39,22.16
2019-03-04,9.66,29.35,21.87,17.43
2019-03-05,1.53,29.68,21.57,22.77
2019-03-06,0.26,30.87,21.14,24.5
2019-03-07,2.51,29.46,21.99,22.91
2019-03-08,5.56,30.12,22.36,20.5
2019-03-09,7.75,30.07,21.96,20.76
2019-03-10,14.45,27.81,22.3,20.11
2019-03-11,1.11,30.32,20.96,18.56
2019-03-12,1.65,30.33,21.67,23.44
2019-03-13,2.25,30.06,22.4,17.94
2019-03-14,5.91,27.43,22.61,20.77
2019-03-15,5.56,28.18,22.23,17.75
2019-03-16,6.19,29.8,21.74,17.51
2019-03-17,12.22,29.55,23.0,20.12
2019-03-18,14.07,29.51,23.05,19.02
2019-03-19,1.32,29.85,23.11,22.65
2019-03-20,10.81,28.44,22.63,20.86
2019-03-21,3.73,28.21,20.56,10.85
2019-03-22,0.01,28.17,17.97,18.74
2019-03-23,0.0,29.23,18.65,24.69
2019-03-24,0.0,30.28,18.63,23.72
2019-03-25,0.0,30.69,18.66,23.83
2019-03-26,0.0,31.65,19.9,23.7
2019-03-27,0.0,30.95,20.56,22.31
2019-03-28,0.0,30.97,20.19,22.98
2019-03-29,0.0,30.2,18.92,24.02
2019-03-30,0.0,30.35,18.5,23.51
2019-03-31,0.0,31.22,18.74,22.69
2019-04-01,0.01,31.76,19.11,19.58
2019-04-02,0.0,31.74,19.13,16.56
2019-04-03,0.0,31.22,20.87,17.32
2019-04-04,0.0,31.71,22.07,13.95
2019-04-05,3.84,29.36,23.03,16.9
2019-04-06,15.02,29.91,22.94,15.95
2019-04-07,13.44,28.77,22.12,10.7
2019-04-08,0.39,28.95,20.08,16.26
2019-04-09,0.09,28.88,18.63,17.6
2019-04-10,0.04,29.01,16.99,21.06
2019-04-11,0.02,29.92,17.46,21.46
2019-04-12,1.83,30.73,18.27,20.04
2019-04-13,15.06,29.24,19.59,14.63
2019-04-14,1.29,28.91,21.91,11.34
2019-04-15,1.13,30.49,20.8,19.09
2019-04-16,0.04,29.95,21.49,18.71
2019-04-17,0.04,31.0,19.66,20.99
2019-04-18,0.0,30.49,16.42,22.22
2019-04-19,0.03,30.82,17.5,21.72
2019-04-20,0.0,31.24,17.16,21.36
2019-04-21,0.0,32.11,18.38,18.13
2019-04-22,0.59,30.05,20.25,12.51
2019-04-23,0.43,31.03,20.63,16.48
2019-04-24,0.04,31.97,20.85,18.86
2019-04-25,3.44,32.67,21.53,17.63
2019-04-26,0.19,32.39,20.88,18.59
2019-04-27,0.07,32.72,21.98,18.22
2019-04-28,4.11,31.81,21.4,12.68
2019-04-29,0.21,29.68,18.01,15.63
2019-04-30,0.04,30.39,18.04,18.14
2019-05-01,0.21,29.0,19.83,10.39
2019-05-02,0.03,30.7,20.52,15.06
2019-05-03,5.03,31.0,21.27,14.06
2019-05-04,0.5,28.21,22.05,14.2
2019-05-05,0.0,30.62,21.12,16.97
2019-05-06,0.08,31.89,20.55,17.16
2019-05-07,2.29,31.94,22.44,15.82
2019-05-08,0.11,30.33,19.7,17.86
2019-05-09,0.33,31.01,19.4,17.45
2019-05-10,1.46,31.55,20.34,15.27
2019-05-11,7.85,31.75,21.44,13.58
2019-05-12,1.28,31.42,22.14,16.01
2019-05-13,0.16,30.69,21.58,15.06
2019-05-14,0.0,27.14,17.6,16.75
2019-05-15,0.02,26.55,15.36,13.81
2019-05-16,0.02,27.35,18.08,14.37
2019-05-17,0.1,25.49,16.38,15.98
2019-05-18,0.37,26.94,16.89,13.03
2019-05-19,0.04,28.29,15.22,15.84
2019-05-20,0.02,28.76,15.26,17.75
2019-05-21,0.11,29.37,14.96,16.95
2019-05-22,0.05,30.19,16.49,17.53
2019-05-23,0.52,30.87,17.84,14.59
2019-05-24,1.21,24.54,15.0,6.86
2019-05-25,0.02,23.7,11.55,17.41
2019-05-26,0.06,26.94,10.79,18.03
2019-05-27,0.0,31.29,13.84,16.67
2019-05-28,0.21,32.52,16.85,16.05
2019-05-29,6.11,30.66,19.34,15.82
2019-05-30,0.0,32.6,19.21,15.95
2019-05-31,0.0,32.07,18.69,14.98
2019-06-01,0.01,32.35,18.68,15.73
2019-06-02,10.14,29.46,17.94,14.07
2019-06-03,4.56,25.74,17.95,7.34
2019-06-04,0.06,25.74,14.5,11.5
2019-06-05,0.03,23.7,10.89,17.25
2019-06-06,0.07,26.64,12.34,16.79
2019-06-07,0.0,28.45,12.51,16.99
2019-06-08,0.0,28.03,14.87,16.01
2019-06-09,0.01,27.45,12.47,17.03
2019-06-10,0.01,28.94,12.96,16.58
2019-06-11,0.0,29.66,14.86,14.64
2019-06-12,0.0,29.59,15.65,15.94
2019-06-13,0.0,30.45,15.57,14.85
2019-06-14,0.0,30.71,17.32,16.16
2019-06-15,0.0,30.48,16.37,16.34
2019-06-16,0.0,29.84,14.93,16.2
2019-06-17,0.0,29.62,14.5,15.44
2019-06-18,0.21,29.46,14.47,15.54
2019-06-19,0.0,29.94,16.72,15.63
2019-06-20,0.0,30.45,15.8,15.75
2019-06-21,0.0,29.71,16.8,15.73
2019-06-22,0.01,29.78,15.68,15.99
2019-06-23,0.0,29.3,14.56,16.21
2019-06-24,0.0,29.64,13.91,16.48
2019-06-25,0.01,30.72,14.78,15.99
2019-06-26,0.14,31.18,18.15,12.55
2019-06-27,0.84,29.46,17.6,8.1
2019-06-28,0.1,32.77,18.04,15.83
2019-06-29,0.97,31.79,17.76,16.05
2019-06-30,0.0,31.64,16.77,16.34
2019-07-01,0.0,31.76,16.64,15.76
2019-07-02,0.0,31.1,16.67,13.45
2019-07-03,0.05,31.29,17.76,13.04
2019-07-04,15.56,26.5,19.56,6.24
2019-07-05,11.87,23.2,10.77,8.83
2019-07-06,0.0,17.38,5.03,17.92
2019-07-07,0.03,19.85,4.01,17.79
2019-07-08,0.01,23.8,6.93,16.82
2019-07-09,0.0,26.62,8.52,16.99
2019-07-10,0.0,27.32,9.64,16.94
2019-07-11,0.0,27.51,10.99,17.2
2019-07-12,0.0,28.06,10.77,16.32
2019-07-13,0.0,27.69,14.05,16.71
2019-07-14,0.0,30.0,18.18,15.89
2019-07-15,0.16,30.49,19.28,13.7
2019-07-16,0.5,26.74,13.99,15.76
2019-07-17,0.01,23.83,9.54,17.32
2019-07-18,0.04,24.02,10.8,15.53
2019-07-19,0.0,28.26,14.01,13.7
2019-07-20,0.0,28.16,14.24,16.76
2019-07-21,0.0,28.22,14.68,14.98
2019-07-22,0.0,28.47,16.13,11.82
2019-07-23,0.0,30.11,15.46,17.69
2019-07-24,0.0,30.77,15.73,17.71
2019-07-25,0.0,31.21,16.19,12.4
2019-07-26,0.0,31.42,18.17,16.17
2019-07-27,0.0,30.92,16.96,16.05
2019-07-28,0.0,29.59,15.66,17.78
2019-07-29,0.0,29.44,15.08,16.91
2019-07-30,0.13,30.54,18.45,16.1
2019-07-31,0.0,30.64,14.92,18.85
2019-08-01,0.0,33.19,15.0,18.91
2019-08-02,0.02,33.64,17.74,13.3
2019-08-03,0.46,22.08,13.22,11.52
2019-08-04,3.96,20.63,10.98,4.65
2019-08-05,2.42,24.43,11.71,10.19
2019-08-06,11.47,24.63,15.1,13.04
2019-08-07,0.03,29.44,16.56,18.82
2019-08-08,0.0,31.37,16.66,19.26
2019-08-09,0.0,32.2,16.32,19.48
2019-08-10,0.0,32.38,16.94,19.37
2019-08-11,0.0,32.92,16.28,19.12
2019-08-12,0.0,34.27,17.71,19.22
2019-08-13,0.0,33.28,21.58,16.66
2019-08-14,0.0,26.93,15.11,17.54
2019-08-15,0.0,27.79,12.45,18.89
2019-08-16,0.0,30.04,14.36,19.66
2019-08-17,0.0,31.96,15.86,20.14
2019-08-18,0.0,33.6,19.57,15.6
2019-08-19,0.0,32.09,21.56,8.85
2019-08-20,0.0,29.4,17.3,14.66
2019-08-21,0.0,30.82,15.16,19.69
2019-08-22,0.0,30.53,14.5,20.89
2019-08-23,0.3,29.38,14.3,20.24
2019-08-24,0.01,29.54,13.48,22.01
2019-08-25,0.0,30.37,12.3,21.33
2019-08-26,0.0,33.41,14.11,20.64
2019-08-27,0.0,33.23,16.66,15.91
2019-08-28,0.0,32.49,19.98,18.96
2019-08-29,0.0,33.23,18.73,16.78
2019-08-30,0.0,35.34,18.7,19.12
2019-08-31,3.03,37.18,22.8,19.17
2019-09-01,12.49,33.8,21.1,6.64
2019-09-02,1.58,30.38,16.89,9.91
2019-09-03,3.04,32.58,19.43,12.94
2019-09-04,0.3,33.79,19.39,17.2
2019-09-05,0.01,32.58,19.31,18.63
2019-09-06,0.0,34.91,16.82,20.87
2019-09-07,0.0,36.27,19.86,22.38
2019-09-08,0.0,37.19,21.99,21.96
2019-09-09,0.0,37.51,21.53,22.71
2019-09-10,0.0,36.89,20.72,21.27
2019-09-11,0.0,38.76,22.91,21.14
2019-09-12,0.0,38.49,24.91,21.58
2019-09-13,0.0,38.01,20.4,20.64
2019-09-14,0.0,37.62,19.48,21.44
2019-09-15,0.0,39.76,22.2,22.35
2019-09-16,0.0,39.57,22.26,23.04
2019-09-17,0.0,40.04,21.44,23.84
2019-09-18,0.0,38.17,20.59,19.35
2019-09-19,0.38,39.69,24.23,17.73
2019-09-20,5.15,38.42,25.82,11.95
2019-09-21,2.16,35.27,22.85,18.5
2019-09-22,0.0,33.23,20.86,20.48
2019-09-23,0.0,33.07,16.68,24.3
2019-09-24,2.17,34.38,17.94,21.28
2019-09-25,9.71,24.17,19.35,3.73
2019-09-26,3.12,29.09,17.55,9.86
2019-09-27,0.3,31.37,17.13,24.95
2019-09-28,0.11,31.55,15.33,25.11
2019-09-29,0.15,33.51,15.94,26.33
2019-09-30,0.11,34.8,16.86,26.53
2019-10-01,0.02,37.83,17.06,26.63
2019-10-02,0.1,39.88,21.82,22.09
2019-10-03,1.25,37.38,24.49,22.15
2019-10-04,0.0,38.59,20.06,26.27
2019-10-05,0.0,39.28,21.23,27.13
2019-10-06,0.02,38.16,23.41,17.69
2019-10-07,0.12,34.12,21.6,21.45
2019-10-08,1.59,31.15,22.06,10.26
2019-10-09,0.08,31.69,20.9,19.34
2019-10-10,0.0,32.14,20.94,25.34
2019-10-11,0.0,37.63,21.74,26.35
2019-10-12,0.0,38.6,23.04,25.42
2019-10-13,0.27,36.39,25.08,23.56
2019-10-14,0.72,39.56,23.17,22.86
2019-10-15,0.02,38.26,23.39,23.17
2019-10-16,0.0,37.58,20.87,26.12
2019-10-17,0.03,40.01,22.43,23.66
2019-10-18,5.68,37.03,26.41,19.21
2019-10-19,1.85,37.92,22.84,20.17
2019-10-20,4.86,35.91,22.55,14.58
2019-10-21,3.39,30.92,20.8,14.65
2019-10-22,18.67,30.39,19.95,11.01
2019-10-23,0.03,31.98,17.18,23.46
2019-10-24,0.0,34.43,19.27,28.94
2019-10-25,0.0,37.07,21.12,28.92
2019-10-26,0.0,37.99,21.47,27.41
2019-10-27,3.1,37.24,24.09,27.67
2019-10-28,10.49,33.54,23.62,19.45
2019-10-29,0.27,35.97,22.6,28.04
2019-10-30,0.12,37.96,24.29,28.67
2019-10-31,0.03,38.46,25.21,27.92
2019-11-01,0.0,38.5,23.78,28.29
2019-11-02,0.0,38.64,23.28,28.59
2019-11-03,0.0,40.02,24.54,27.83
2019-11-04,0.03,38.54,25.37,27.4
2019-11-05,2.24,39.1,26.09,25.1
2019-11-06,9.46,34.34,24.36,15.36
2019-11-07,0.76,31.37,21.81,21.44
2019-11-08,1.66,31.38,22.44,12.94
2019-11-09,1.78,32.32,22.55,12.93
2019-11-10,5.44,32.23,21.93,14.24
2019-11-11,0.12,33.06,23.22,22.0
2019-11-12,0.0,35.13,21.14,26.06
2019-11-13,5.15,31.76,22.72,19.0
2019-11-14,8.64,32.55,22.91,16.33
2019-11-15,3.02,31.6,22.07,19.33
2019-11-16,0.03,33.55,18.94,28.36
2019-11-17,0.0,34.78,19.81,30.53
2019-11-18,0.0,36.01,18.25,30.59
2019-11-19,0.0,37.15,19.94,28.4
2019-11-20,0.48,37.29,23.29,24.9
2019-11-21,1.62,34.0,23.39,24.92
2019-11-22,1.46,34.52,23.73,25.82
2019-11-23,0.42,38.59,23.31,25.09
2019-11-24,2.17,32.67,21.39,22.11
2019-11-25,0.0,34.36,18.96,28.79
2019-11-26,1.1,33.21,22.44,24.0
2019-11-27,10.87,32.26,23.15,13.82
2019-11-28,7.89,30.02,21.93,17.05
2019-11-29,0.54,32.48,18.57,21.87
2019-11-30,28.84,31.65,21.96,17.51
2019-12-01,6.01,30.42,23.76,21.1
2019-12-02,2.65,31.05,22.26,24.61
2019-12-03,0.9,31.54,19.96,24.85
2019-12-04,2.03,30.83,23.11,20.73
2019-12-05,5.25,31.84,23.67,18.96
2019-12-06,2.36,32.23,20.68,17.9
2019-12-07,0.01,33.5,19.28,27.38
2019-12-08,0.13,34.35,20.62,28.69
2019-12-09,5.91,32.69,24.54,19.63
2019-12-10,9.68,31.6,23.17,18.44
2019-12-11,16.42,30.42,23.25,5.09
2019-12-12,8.16,29.87,22.83,22.21
2019-12-13,1.35,29.41,22.48,22.29
2019-12-14,7.3,27.38,23.05,17.92
2019-12-15,3.03,29.78,22.29,19.19
2019-12-16,7.31,29.6,22.0,17.39
2019-12-17,33.88,29.23,21.17,15.45
2019-12-18,6.71,28.2,21.7,15.69
2019-12-19,2.29,29.02,20.79,18.04
2019-12-20,10.7,30.56,21.03,22.27
2019-12-21,17.61,28.1,22.17,16.62
2019-12-22,12.02,28.25,21.91,11.9
2019-12-23,13.21,29.84,20.87,17.56
2019-12-24,0.16,30.94,20.35,27.37
2019-12-25,4.12,31.66,20.72,29.66
2019-12-26,3.77,32.2,20.71,28.22
2019-12-27,1.65,32.5,20.81,29.97
2019-12-28,2.65,31.18,22.81,27.51
2019-12-29,0.63,31.27,22.97,27.87
2019-12-30,0.0,32.67,21.63,28.73
2019-12-31,1.75,33.96,23.23,28.82
2020-01-01,5.82,32.77,23.05,22.18
2020-01-02,15.84,31.08,22.61,25.24
2020-01-03,6.16,31.55,22.67,12.24
2020-01-04,12.0,30.34,20.26,22.85
2020-01-05,14.97,29.79,22.11,18.76
2020-01-06,0.79,32.09,21.73,28.23
2020-01-07,6.94,30.31,22.89,13.24
2020-01-08,13.9,29.07,23.47,15.34
2020-01-09,19.38,28.33,22.98,16.04
2020-01-10,4.46,30.79,21.94,22.31
2020-01-11,2.28,30.1,24.32,19.38
2020-01-12,14.68,29.65,23.46,17.81
2020-01-13,9.8,30.8,23.15,18.42
2020-01-14,0.81,31.88,21.37,23.62
2020-01-15,0.01,33.44,21.67,29.88
2020-01-16,0.56,33.68,24.58,27.49
2020-01-17,0.15,31.17,22.68,19.62
2020-01-18,0.44,29.77,19.79,25.94
2020-01-19,0.04,32.1,20.72,26.83
2020-01-20,0.11,32.98,22.58,27.28
2020-01-21,0.24,32.87,22.43,26.16
2020-01-22,6.64,30.86,21.16,18.66
2020-01-23,27.75,30.18,20.52,9.45
2020-01-24,2.6,30.88,18.99,25.06
2020-01-25,0.03,30.49,19.41,29.55
2020-01-26,0.0,32.26,20.98,29.84
2020-01-27,0.0,32.97,21.49,29.47
2020-01-28,0.0,33.45,21.49,29.34
2020-01-29,0.1,33.83,21.76,24.7
2020-01-30,29.73,27.75,23.74,21.53
2020-01-31,15.24,30.11,23.24,19.69
2020-02-01,6.7,29.8,22.65,20.42
2020-02-02,2.73,27.72,22.86,16.13
2020-02-03,10.91,28.21,22.4,17.03
2020-02-04,7.64,29.24,22.45,18.85
2020-02-05,4.02,28.86,22.26,20.97
2020-02-06,4.07,28.7,21.91,20.67
2020-02-07,5.04,29.49,20.55,18.76
2020-02-08,1.74,29.65,20.41,20.85
2020-02-09,13.08,29.65,22.04,17.13
2020-02-10,26.32,28.49,21.13,13.17
2020-02-11,15.81,27.6,21.86,14.08
2020-02-12,0.0,29.7,18.05,19.97
2020-02-13,0.0,29.61,18.18,28.03
2020-02-14,0.03,30.9,18.71,27.73
2020-02-15,0.02,32.27,19.74,26.28
2020-02-16,0.17,32.85,22.35,25.44
2020-02-17,3.77,31.48,23.57,23.96
2020-02-18,8.32,31.16,23.22,26.17
2020-02-19,4.81,31.15,23.37,21.64
2020-02-20,6.87,29.06,23.49,17.04
2020-02-21,1.27,28.84,22.58,14.57
2020-02-22,23.99,31.38,22.03,21.05
2020-02-23,6.41,28.21,17.96,18.46
2020-02-24,9.98,28.86,19.29,13.57
2020-02-25,11.33,28.52,22.75,13.5
2020-02-26,17.0,29.96,20.41,11.51
2020-02-27,0.58,28.88,18.32,16.99
2020-02-28,0.02,29.11,17.92,26.84
2020-02-29,0.78,29.03,17.39,25.26
2020-03-01,0.12,28.48,18.16,22.11
2020-03-02,4.11,28.52,19.53,22.39
2020-03-03,2.56,28.54,17.19,23.71
2020-03-04,0.05,29.85,17.64,27.18
2020-03-05,1.76,30.09,17.69,26.84
2020-03-06,3.19,29.23,17.84,26.28
2020-03-07,0.67,29.81,16.69,27.26
2020-03-08,0.0,30.36,16.65,26.88
2020-03-09,0.01,31.26,18.16,25.32
2020-03-10,0.15,32.2,19.04,25.59
2020-03-11,0.18,32.82,20.74,24.57
2020-03-12,0.34,33.74,21.88,25.05
2020-03-13,0.09,33.98,21.33,26.09
2020-03-14,0.02,34.36,21.22,24.77
2020-03-15,1.77,34.18,21.97,23.04
2020-03-16,4.31,32.34,22.73,23.23
2020-03-17,0.66,33.3,22.24,23.95
2020-03-18,0.37,33.5,22.68,18.66
2020-03-19,16.29,30.39,23.91,15.5
2020-03-20,6.65,29.17,22.74,15.37
2020-03-21,1.83,30.35,21.95,17.61
2020-03-22,3.92,30.64,19.28,23.81
2020-03-23,4.92,28.89,16.12,24.29
2020-03-24,0.07,29.36,17.69,23.19
2020-03-25,0.11,30.11,17.43,23.02
2020-03-26,0.87,29.66,17.27,23.47
2020-03-27,0.3,30.36,18.13,21.73
2020-03-28,0.47,32.46,19.68,20.09
2020-03-29,31.69,28.83,22.06,6.57
2020-03-30,0.15,30.66,20.89,18.93
2020-03-31,0.01,31.18,19.99,22.59
2020-04-01,0.01,31.92,20.23,23.1
2020-04-02,1.16,32.51,20.38,21.24
2020-04-03,0.93,31.9,18.52,19.39
2020-04-04,0.0,30.0,14.0,23.96
2020-04-05,0.0,32.11,17.76,23.2
2020-04-06,0.6,33.88,20.24,22.45
2020-04-07,23.27,27.45,22.32,14.24
2020-04-08,0.04,29.87,19.86,20.71
2020-04-09,0.01,28.78,17.44,22.46
2020-04-10,0.01,29.2,15.8,22.64
2020-04-11,0.02,29.72,16.77,20.85
2020-04-12,0.01,29.8,16.76,19.1
2020-04-13,5.66,30.59,17.81,21.72
2020-04-14,9.89,27.01,18.9,11.29
2020-04-15,1.2,25.12,13.4,20.73
2020-04-16,0.0,26.29,9.63,22.58
2020-04-17,0.37,28.42,11.89,22.16
2020-04-18,5.55,26.43,15.6,21.21
2020-04-19,6.01,28.59,15.8,20.06
2020-04-20,0.07,29.02,17.77,19.75
2020-04-21,0.0,29.42,17.39,20.36
2020-04-22,0.01,29.02,15.17,21.5
2020-04-23,0.81,29.04,14.87,21.22
2020-04-24,0.0,30.23,14.73,20.94
2020-04-25,0.0,31.68,18.96,20.17
2020-04-26,0.0,31.49,18.09,20.48
2020-04-27,1.85,29.92,16.32,20.42
2020-04-28,3.6,28.98,16.33,20.53
2020-04-29,0.0,29.97,15.55,20.56
2020-04-30,0.0,30.63,16.95,19.91
2020-05-01,0.0,31.37,19.29,19.59
2020-05-02,0.1,31.96,18.83,19.03
2020-05-03,1.15,29.48,17.2,19.76
2020-05-04,0.5,28.89,14.28,19.73
2020-05-05,0.0,30.08,14.76,16.73
2020-05-06,0.0,31.94,19.02,10.01
2020-05-07,0.0,27.4,15.82,13.71
2020-05-08,0.0,26.08,12.0,19.97
2020-05-09,0.32,28.88,12.12,19.58
2020-05-10,0.0,30.34,14.09,19.1
2020-05-11,0.01,30.93,15.61,18.49
2020-05-12,0.0,31.02,15.6,12.22
2020-05-13,0.89,25.82,17.53,4.59
2020-05-14,1.95,26.13,17.38,6.28
2020-05-15,0.61,27.73,16.72,9.03
2020-05-16,0.04,28.47,14.88,17.78
2020-05-17,0.0,29.21,13.01,18.51
2020-05-18,0.01,29.94,12.82,18.91
2020-05-19,0.16,30.22,14.42,18.0
2020-05-20,0.0,30.52,18.42,15.56
2020-05-21,0.0,31.92,17.25,17.18
2020-05-22,1.88,32.31,18.21,15.25
2020-05-23,25.79,22.51,13.13,7.26
2020-05-24,0.03,20.24,9.43,7.87
2020-05-25,0.01,21.99,7.56,17.64
2020-05-26,0.05,22.4,7.38,18.29
2020-05-27,0.0,23.84,7.04,17.93
2020-05-28,0.0,24.92,9.15,18.37
2020-05-29,0.0,26.84,9.21,17.88
2020-05-30,0.0,27.19,10.47,17.81
2020-05-31,0.0,27.36,13.28,17.28
2020-06-01,0.0,29.31,14.45,16.61
2020-06-02,1.57,26.69,17.3,5.33
2020-06-03,2.52,27.26,16.86,8.46
2020-06-04,0.28,27.61,16.97,7.53
2020-06-05,1.64,30.0,18.03,10.15
2020-06-06,0.98,26.76,16.76,8.91
2020-06-07,0.16,25.38,15.53,10.95
2020-06-08,0.54,30.7,17.12,14.05
2020-06-09,2.75,29.96,19.76,8.5
2020-06-10,0.03,32.19,18.09,13.9
2020-06-11,0.0,32.04,19.88,14.95
2020-06-12,0.49,31.56,17.36,15.3
2020-06-13,0.29,31.5,16.67,16.06
2020-06-14,0.2,30.12,17.97,15.79
2020-06-15,0.03,29.97,15.12,15.7
2020-06-16,0.51,29.11,15.76,16.19
2020-06-17,0.0,29.2,15.87,15.12
2020-06-18,0.0,29.09,17.1,13.61
2020-06-19,0.0,30.15,16.7,16.13
2020-06-20,0.0,30.61,15.83,16.83
2020-06-21,0.0,31.24,16.91,15.56
2020-06-22,0.0,30.85,15.39,16.45
2020-06-23,0.0,29.38,16.0,13.53
2020-06-24,0.01,30.34,14.33,14.36
2020-06-25,2.13,30.5,17.88,14.97
2020-06-26,16.94,27.84,18.83,7.02
2020-06-27,19.54,20.96,16.79,4.97
2020-06-28,0.23,23.94,13.58,9.55
2020-06-29,0.01,26.26,13.08,13.21
2020-06-30,0.06,28.15,17.6,14.69
2020-07-01,1.49,21.17,11.32,14.97
2020-07-02,0.05,21.15,7.1,16.94
2020-07-03,0.0,22.42,8.29,16.98
2020-07-04,0.0,27.04,10.13,16.89
2020-07-05,0.0,30.2,14.56,13.81
2020-07-06,0.0,29.89,16.51,14.62
2020-07-07,0.0,31.24,18.26,16.45
2020-07-08,0.03,30.08,15.57,13.33
2020-07-09,0.05,23.4,12.94,14.85
2020-07-10,0.0,27.77,12.22,16.99
2020-07-11,0.0,30.41,15.96,15.24
2020-07-12,0.0,31.48,15.74,16.0
2020-07-13,0.0,32.1,18.28,15.34
2020-07-14,0.0,30.73,20.15,14.54
2020-07-15,0.0,28.86,17.56,16.69
2020-07-16,0.0,28.93,15.81,16.23
2020-07-17,0.0,31.33,17.84,16.85
2020-07-18,0.0,31.06,16.57,17.08
2020-07-19,0.0,29.3,15.96,17.4
2020-07-20,0.0,30.28,14.88,17.81
2020-07-21,0.0,31.17,15.44,18.12
2020-07-22,0.0,31.18,15.58,18.11
2020-07-23,0.0,31.33,15.45,17.82
2020-07-24,0.0,31.34,15.5,18.13
2020-07-25,0.0,31.37,15.41,18.0
2020-07-26,0.0,30.68,14.71,17.66
2020-07-27,0.0,31.98,16.39,17.74
2020-07-28,0.01,32.52,17.17,16.78
2020-07-29,0.07,31.69,18.77,16.76
2020-07-30,0.0,29.03,15.69,17.11
2020-07-31,0.0,30.68,13.91,16.81
2020-08-01,1.86,29.6,15.19,17.92
2020-08-02,1.52,29.29,13.81,18.82
2020-08-03,0.23,29.96,14.45,19.01
2020-08-04,0.0,29.96,13.61,19.58
2020-08-05,0.0,30.31,13.22,19.8
2020-08-06,0.0,30.57,13.07,18.96
2020-08-07,0.0,30.36,12.93,19.85
2020-08-08,0.17,30.39,13.53,18.59
2020-08-09,0.13,30.62,15.55,19.61
2020-08-10,0.0,31.93,15.32,19.79
2020-08-11,0.0,32.64,17.15,15.4
2020-08-12,0.0,34.27,18.97,17.44
2020-08-13,0.05,34.71,20.07,17.34
2020-08-14,0.02,34.59,21.55,17.96
2020-08-15,0.18,35.26,21.26,17.25
2020-08-16,8.46,28.29,20.84,6.19
2020-08-17,18.79,30.45,19.5,5.23
2020-08-18,6.93,29.1,19.36,14.5
2020-08-19,0.21,31.82,18.73,13.35
2020-08-20,0.82,21.25,14.9,8.84
2020-08-21,2.01,21.02,13.56,2.88
2020-08-22,0.17,22.43,8.93,18.75
2020-08-23,0.01,25.29,10.52,21.35
2020-08-24,0.0,27.82,12.31,20.2
2020-08-25,0.0,28.4,12.68,21.94
2020-08-26,1.26,28.58,10.73,22.46
2020-08-27,0.01,31.31,11.56,23.31
2020-08-28,0.0,33.51,14.61,21.92
2020-08-29,0.0,34.35,15.99,22.37
2020-08-30,0.0,35.39,17.1,22.16
2020-08-31,2.47,34.42,17.82,21.56
2020-09-01,7.83,33.25,17.5,21.85
2020-09-02,0.07,33.64,17.89,21.56
2020-09-03,0.06,35.3,20.64,22.77
2020-09-04,0.02,36.2,18.28,22.48
2020-09-05,0.94,36.16,18.75,23.27
2020-09-06,0.03,35.74,17.38,23.07
2020-09-07,0.0,35.8,18.89,22.4
2020-09-08,0.0,37.16,19.3,22.66
2020-09-09,0.37,37.79,19.63,23.47
2020-09-10,0.0,38.84,20.85,22.33
2020-09-11,0.0,39.47,20.51,22.9
2020-09-12,0.0,39.18,20.15,22.9
2020-09-13,0.0,37.67,20.22,21.57
2020-09-14,0.0,37.38,19.68,18.79
2020-09-15,0.0,35.81,19.26,21.56
2020-09-16,0.0,37.8,18.81,23.26
2020-09-17,0.0,38.67,20.62,22.11
2020-09-18,0.02,37.43,22.35,11.85
2020-09-19,0.05,35.53,22.89,9.27
2020-09-20,6.99,34.56,21.26,11.93
2020-09-21,0.33,30.91,18.23,10.68
2020-09-22,1.73,31.22,16.42,16.09
2020-09-23,0.33,33.06,16.01,23.83
2020-09-24,1.17,34.07,18.79,25.49
2020-09-25,0.01,36.67,19.19,25.18
2020-09-26,0.0,39.38,20.86,26.35
2020-09-27,0.14,39.84,22.06,23.11
2020-09-28,0.8,40.79,24.09,21.33
2020-09-29,1.1,40.62,22.95,24.03
2020-09-30,0.01,42.8,24.66,25.4
2020-10-01,0.0,42.28,26.04,23.49
2020-10-02,0.0,43.24,26.06,24.39
2020-10-03,0.0,43.38,26.12,23.09
2020-10-04,0.0,41.74,22.22,24.35
2020-10-05,0.0,43.49,22.95,24.74
2020-10-06,0.0,43.77,24.01,24.71
2020-10-07,0.0,43.92,26.42,22.26
2020-10-08,2.17,42.23,26.64,15.99
2020-10-09,0.42,41.34,26.94,14.67
2020-10-10,12.08,33.37,20.97,17.31
2020-10-11,3.4,34.02,16.46,24.43
2020-10-12,0.0,36.96,18.73,24.88
2020-10-13,7.06,37.04,22.07,20.67
2020-10-14,0.65,37.25,22.81,21.04
2020-10-15,9.84,32.51,23.57,10.55
2020-10-16,0.01,31.04,19.47,18.03
2020-10-17,9.84,32.62,18.37,26.99
2020-10-18,0.15,32.63,17.96,22.46
2020-10-19,5.17,33.17,22.76,12.62
2020-10-20,5.44,31.42,21.18,16.74
2020-10-21,5.18,32.06,21.99,21.65
2020-10-22,0.03,32.86,21.1,24.38
2020-10-23,3.99,32.12,21.08,25.3
2020-10-24,1.77,32.4,22.03,16.06
2020-10-25,0.08,34.68,21.64,25.42
2020-10-26,1.03,34.56,21.62,15.94
2020-10-27,4.11,31.97,20.83,22.42
2020-10-28,0.01,35.21,18.43,30.15
2020-10-29,3.14,29.64,24.45,17.01
2020-10-30,1.53,32.25,21.24,15.91
2020-10-31,0.0,31.94,18.64,20.36
2020-11-01,0.0,30.95,16.01,27.35
2020-11-02,0.0,30.94,14.84,30.41
2020-11-03,0.0,31.8,14.56,27.67
2020-11-04,0.73,33.66,15.24,29.75
2020-11-05,0.04,34.61,16.3,29.3
2020-11-06,0.0,35.59,17.39,30.77
2020-11-07,0.0,38.08,17.38,30.58
2020-11-08,0.0,39.89,19.79,29.13
2020-11-09,6.22,39.15,23.55,14.71
2020-11-10,2.69,31.67,23.66,16.53
2020-11-11,3.02,32.47,23.06,18.18
2020-11-12,0.08,31.1,22.9,21.96
2020-11-13,1.56,31.62,22.91,20.52
2020-11-14,1.13,32.88,22.87,25.58
2020-11-15,0.3,36.38,22.19,26.1
2020-11-16,0.21,36.46,24.72,27.9
2020-11-17,0.9,37.2,24.79,22.6
2020-11-18,9.72,34.8,24.18,16.27
2020-11-19,1.92,32.58,21.63,19.23
2020-11-20,0.02,32.5,17.63,30.49
2020-11-21,0.0,33.87,17.48,30.78
2020-11-22,0.0,35.67,18.21,31.48
2020-11-23,0.0,36.25,19.2,31.97
2020-11-24,0.0,36.65,20.38,28.59
2020-11-25,0.09,37.81,22.68,29.78
2020-11-26,0.12,37.96,22.65,29.12
2020-11-27,1.07,38.7,23.43,28.56
2020-11-28,2.62,36.7,22.91,25.38
2020-11-29,0.0,39.73,23.63,29.1
2020-11-30,0.53,40.03,24.36,25.98
2020-12-01,4.07,38.18,23.34,21.49
2020-12-02,6.99,33.13,22.57,24.6
2020-12-03,7.3,30.49,23.03,9.18
2020-12-04,10.97,33.63,22.37,24.96
2020-12-05,4.39,31.02,22.65,19.73
2020-12-06,7.54,30.27,21.85,15.74
2020-12-07,14.18,31.14,22.7,13.51
2020-12-08,4.88,32.24,22.56,24.79
2020-12-09,0.07,33.74,21.24,29.89
2020-12-10,0.35,33.56,20.05,25.69
2020-12-11,0.47,30.22,21.26,20.64
2020-12-12,13.48,27.32,20.86,15.83
2020-12-13,6.44,31.2,21.14,25.32
2020-12-14,0.79,32.96,22.57,20.12
2020-12-15,5.15,31.89,22.74,25.77
2020-12-16,3.74,30.4,23.11,27.28
2020-12-17,3.57,29.51,22.49,24.07
2020-12-18,0.63,33.93,22.52,28.09
2020-12-19,2.42,35.67,23.29,24.39
2020-12-20,4.15,34.32,23.79,24.62
2020-12-21,0.71,35.67,23.99,22.11
2020-12-22,1.1,32.35,24.83,24.12
2020-12-23,0.93,34.4,23.27,27.95
2020-12-24,0.13,35.35,21.86,29.29
2020-12-25,1.41,34.85,20.33,29.44
2020-12-26,7.51,33.4,19.5,27.18
2020-12-27,18.23,31.02,23.27,17.89
2020-12-28,1.77,32.11,22.25,23.8
2020-12-29,0.3,32.66,22.46,22.48
2020-12-30,0.37,34.38,22.4,28.1
2020-12-31,2.81,32.39,23.66,16.17
2021-01-01,5.88,31.58,22.85,19.32
2021-01-02,2.62,33.97,22.29,25.48
2021-01-03,13.79,32.91,20.84,29.57
2021-01-04,2.54,34.14,19.51,25.0
2021-01-05,1.48,30.51,22.57,24.87
2021-01-06,1.44,31.16,23.34,23.79
2021-01-07,5.09,32.55,23.45,19.92
2021-01-08,0.75,31.6,22.65,26.4
2021-01-09,0.0,36.32,22.35,28.44
2021-01-10,0.01,37.11,22.72,22.9
2021-01-11,0.05,33.13,25.12,24.12
2021-01-12,5.22,32.44,25.06,21.64
2021-01-13,6.19,31.85,23.95,16.5
2021-01-14,1.6,31.32,22.92,18.46
2021-01-15,7.59,33.13,23.0,16.06
2021-01-16,17.47,26.72,22.44,16.22
2021-01-17,7.34,28.51,22.03,17.37
2021-01-18,5.48,31.01,20.44,19.09
2021-01-19,4.8,29.85,23.03,20.07
2021-01-20,0.63,30.49,21.75,16.36
2021-01-21,0.07,33.92,20.92,22.86
2021-01-22,0.08,34.6,22.87,23.48
2021-01-23,0.01,35.02,23.06,27.71
2021-01-24,0.15,34.21,22.73,12.68
2021-01-25,11.1,28.04,22.41,11.8
2021-01-26,2.41,32.36,21.08,19.47
2021-01-27,9.25,30.89,23.07,19.63
2021-01-28,7.65,29.06,21.56,21.63
2021-01-29,15.47,29.85,22.31,19.14
2021-01-30,3.19,30.39,21.73,21.56
2021-01-31,3.17,31.51,22.41,18.41
2021-02-01,1.76,30.27,21.89,22.99
2021-02-02,0.77,32.96,21.22,25.95
2021-02-03,0.93,33.73,22.13,27.63
2021-02-04,0.16,32.87,23.46,16.98
2021-02-05,0.22,31.4,21.53,20.76
2021-02-06,0.0,31.87,17.78,29.91
2021-02-07,0.02,32.31,19.6,28.62
2021-02-08,0.18,32.93,19.74,28.51
2021-02-09,2.36,33.43,18.96,27.4
2021-02-10,1.59,34.71,19.66,26.37
2021-02-11,7.15,31.44,20.79,8.44
2021-02-12,4.69,27.52,20.29,14.28
2021-02-13,3.28,31.5,21.4,21.06
2021-02-14,3.04,31.77,21.97,12.83
2021-02-15,3.86,29.51,21.05,20.82
2021-02-16,0.75,32.73,21.0,23.98
2021-02-17,8.48,31.04,22.55,15.58
2021-02-18,1.55,33.79,21.18,27.88
2021-02-19,0.01,33.63,16.73,28.91
2021-02-20,0.0,34.61,17.71,28.8
2021-02-21,0.24,36.37,20.89,27.22
2021-02-22,0.35,36.18,22.12,25.78
2021-02-23,1.59,37.06,22.38,23.18
2021-02-24,4.88,37.39,23.65,23.69
2021-02-25,4.62,36.75,23.53,24.86
2021-02-26,11.58,32.34,21.19,18.88
2021-02-27,4.84,30.95,21.24,23.25
2021-02-28,21.42,27.31,20.89,15.62
2021-03-01,5.81,29.49,20.9,17.98
2021-03-02,14.99,29.8,20.09,14.29
2021-03-03,6.02,28.8,20.58,12.26
2021-03-04,10.29,28.48,21.09,12.03
2021-03-05,10.61,26.87,21.78,12.31
2021-03-06,8.04,28.44,21.15,16.86
2021-03-07,5.59,28.6,20.86,23.79
2021-03-08,1.61,30.23,20.01,19.6
2021-03-09,2.12,30.49,21.47,24.99
2021-03-10,0.76,30.94,20.2,25.33
2021-03-11,0.72,32.73,21.28,25.4
2021-03-12,0.03,32.85,21.34,24.8
2021-03-13,0.39,31.54,22.23,24.8
2021-03-14,0.1,32.28,20.09,24.57
2021-03-15,0.0,31.61,20.76,23.87
2021-03-16,0.03,33.56,21.39,24.39
2021-03-17,5.12,30.96,23.06,17.26
2021-03-18,1.87,31.07,22.39,15.91
2021-03-19,5.01,32.09,22.34,19.63
2021-03-20,2.51,32.76,22.12,23.47
2021-03-21,0.06,33.6,23.36,22.6
2021-03-22,0.0,34.31,20.83,24.11
2021-03-23,0.01,35.02,20.7,19.52
2021-03-24,0.0,33.54,22.21,23.07
2021-03-25,0.14,36.76,22.83,24.0
2021-03-26,0.55,35.51,25.34,20.2
2021-03-27,3.73,35.67,24.09,19.97
2021-03-28,0.0,36.28,23.07,22.1
2021-03-29,0.03,37.0,22.12,22.36
2021-03-30,0.15,35.14,21.84,22.51
2021-03-31,0.0,34.02,20.55,20.78
2021-04-01,0.54,33.56,17.51,19.39
2021-04-02,0.75,33.35,17.5,23.9
2021-04-03,0.88,34.09,17.16,22.98
2021-04-04,0.0,33.25,18.84,23.07
2021-04-05,0.0,35.08,18.83,22.45
2021-04-06,1.22,33.91,21.77,19.1
2021-04-07,0.03,33.4,20.09,18.14
2021-04-08,0.0,33.96,20.54,21.22
2021-04-09,0.0,34.01,19.24,22.89
2021-04-10,0.0,34.45,18.61,22.69
2021-04-11,0.0,34.91,18.26,23.54
2021-04-12,0.02,36.14,18.46,20.84
2021-04-13,0.23,33.13,22.13,17.48
2021-04-14,0.0,33.66,19.0,19.56
2021-04-15,0.03,33.45,18.15,19.92
2021-04-16,6.74,33.63,19.46,17.91
2021-04-17,9.85,30.36,19.89,16.86
2021-04-18,0.6,29.77,19.87,16.07
2021-04-19,0.08,29.75,17.49,19.56
2021-04-20,0.0,30.28,16.54,21.09
2021-04-21,0.02,29.56,15.36,21.56
2021-04-22,2.45,29.24,15.35,21.55
2021-04-23,3.19,28.84,14.92,21.02
2021-04-24,0.02,30.82,15.46,20.69
2021-04-25,0.0,32.18,19.05,15.72
2021-04-26,0.0,31.87,18.25,16.54
2021-04-27,0.0,31.21,16.51,21.09
2021-04-28,0.0,31.55,13.49,21.22
2021-04-29,2.25,29.15,14.19,20.27
2021-04-30,0.05,29.91,14.89,18.51
2021-05-01,1.55,25.66,17.19,17.01
2021-05-02,0.0,31.8,16.99,19.03
2021-05-03,0.0,32.01,16.79,19.78
2021-05-04,0.13,32.68,15.84,19.98
2021-05-05,0.01,32.37,16.91,19.71
2021-05-06,0.0,32.47,17.98,19.15
2021-05-07,1.52,27.13,16.13,13.39
2021-05-08,0.41,29.66,14.6,18.13
2021-05-09,3.77,29.51,14.94,18.75
2021-05-10,1.8,30.01,15.68,16.17
2021-05-11,0.0,31.3,16.35,17.01
2021-05-12,0.22,30.89,18.34,13.69
2021-05-13,4.9,26.49,17.15,17.58
2021-05-14,0.09,27.62,14.41,16.02
2021-05-15,0.0,30.2,15.63,16.61
2021-05-16,0.0,30.61,15.99,17.65
2021-05-17,0.0,30.87,15.55,17.51
2021-05-18,0.0,30.44,16.22,17.73
2021-05-19,0.0,30.59,13.02,17.59
2021-05-20,0.0,31.61,15.33,17.52
2021-05-21,0.0,32.51,17.38,16.28
2021-05-22,1.98,29.2,20.34,4.13
2021-05-23,3.34,27.19,17.15,8.36
2021-05-24,0.0,24.24,12.05,15.8
2021-05-25,0.0,26.24,13.33,15.75
2021-05-26,0.0,31.29,14.59,15.13
2021-05-27,0.0,32.9,17.2,16.19
2021-05-28,0.0,32.7,20.11,12.99
2021-05-29,0.0,33.85,20.35,15.11
2021-05-30,1.54,31.8,19.83,13.0
2021-05-31,0.91,30.33,17.75,10.44
2021-06-01,0.0,29.94,16.69,15.6
2021-06-02,0.0,32.04,16.14,16.61
2021-06-03,0.0,32.8,16.89,16.61
2021-06-04,0.08,32.81,16.8,16.53
2021-06-05,0.01,32.62,18.38,15.24
2021-06-06,0.0,32.46,19.49,15.64
2021-06-07,3.23,30.96,18.13,10.78
2021-06-08,1.83,29.41,17.57,4.31
2021-06-09,6.58,29.76,16.52,11.34
2021-06-10,15.48,27.92,18.01,3.41
2021-06-11,2.15,24.01,16.99,7.52
2021-06-12,0.0,25.61,14.03,13.0
2021-06-13,0.19,25.23,11.51,17.06
2021-06-14,0.02,26.94,10.98,16.89
2021-06-15,0.01,27.58,12.62,16.66
2021-06-16,0.0,26.27,11.25,16.74
2021-06-17,0.54,25.92,11.94,15.29
2021-06-18,0.12,26.27,14.55,10.95
2021-06-19,0.01,29.91,14.78,13.46
2021-06-20,0.0,25.04,15.34,12.55
2021-06-21,0.02,27.65,13.87,13.35
2021-06-22,0.01,27.58,18.15,13.91
2021-06-23,0.0,27.81,16.39,15.91
2021-06-24,0.0,30.94,14.14,15.95
2021-06-25,0.0,32.05,18.99,14.39
2021-06-26,0.27,31.15,16.91,15.41
2021-06-27,0.0,30.61,15.93,16.48
2021-06-28,0.03,24.14,11.31,11.46
2021-06-29,0.09,16.72,7.7,13.94
2021-06-30,0.0,19.21,3.46,17.5
2021-07-01,0.02,21.81,4.8,17.57
2021-07-02,2.34,26.77,8.01,17.38
2021-07-03,0.0,28.43,10.67,17.47
2021-07-04,0.94,27.3,11.06,15.78
2021-07-05,0.26,27.27,11.48,16.02
2021-07-06,0.25,26.68,11.12,16.69
2021-07-07,2.59,25.93,11.55,17.01
2021-07-08,0.04,26.18,10.28,17.23
2021-07-09,0.0,26.74,10.67,16.98
2021-07-10,0.0,28.66,11.45,17.26
2021-07-11,0.0,28.56,13.05,17.27
2021-07-12,0.0,29.6,13.63,17.19
2021-07-13,0.0,30.18,13.44,17.45
2021-07-14,0.0,30.59,13.65,16.91
2021-07-15,0.0,31.47,15.0,17.12
2021-07-16,0.16,29.9,16.0,14.43
2021-07-17,1.31,27.16,15.29,13.43
2021-07-18,0.03,25.39,10.89,17.09
2021-07-19,0.0,21.56,4.58,18.44
2021-07-20,0.0,24.32,5.83,17.45
2021-07-21,0.0,27.72,9.4,18.32
2021-07-22,0.0,30.58,9.23,18.27
2021-07-23,0.0,30.02,11.83,18.16
2021-07-24,0.0,30.84,13.05,18.43
2021-07-25,0.0,31.22,13.2,18.33
2021-07-26,0.0,32.48,14.43,18.3
2021-07-27,0.0,32.95,15.89,15.12
2021-07-28,0.79,15.86,8.14,5.07
2021-07-29,0.0,17.81,4.19,19.47
2021-07-30,0.0,20.13,3.8,17.84
2021-07-31,0.0,25.33,6.73,17.82
2021-08-01,0.0,26.1,9.68,12.33
2021-08-02,0.0,28.32,11.8,18.44
2021-08-03,0.0,27.72,11.4,19.12
2021-08-04,0.0,26.26,10.43,17.5
2021-08-05,0.16,27.54,13.22,14.27
2021-08-06,2.01,27.61,14.04,15.4
2021-08-07,0.06,29.43,16.59,17.13
2021-08-08,0.0,30.79,16.12,18.79
2021-08-09,0.0,31.82,14.97,19.59
2021-08-10,0.0,33.01,16.3,19.63
2021-08-11,0.0,32.98,15.68,18.31
2021-08-12,0.0,31.06,15.39,17.82
2021-08-13,0.05,31.71,14.42,18.63
2021-08-14,0.69,32.02,15.1,18.67
2021-08-15,0.03,33.97,16.09,18.85
2021-08-16,0.0,35.22,20.2,17.24
2021-08-17,1.81,35.6,17.83,19.43
2021-08-18,0.13,36.24,19.1,19.94
2021-08-19,0.0,35.33,18.62,20.43
2021-08-20,0.0,34.46,18.34,20.38
2021-08-21,0.0,34.15,17.86,20.43
2021-08-22,0.0,34.58,17.2,21.12
2021-08-23,0.0,35.75,18.77,19.78
2021-08-24,0.0,36.51,22.76,18.58
2021-08-25,0.0,37.59,22.89,19.12
2021-08-26,0.03,31.7,20.39,15.81
2021-08-27,0.98,32.49,18.06,12.36
2021-08-28,7.91,26.18,16.59,7.97
2021-08-29,1.24,27.91,17.12,11.39
2021-08-30,0.0,30.79,16.19,21.37
2021-08-31,0.0,31.26,16.28,22.64
2021-09-01,0.0,31.57,16.63,22.86
2021-09-02,0.06,32.02,15.3,21.37
2021-09-03,0.01,34.64,18.57,23.06
2021-09-04,0.0,36.52,18.92,22.73
2021-09-05,0.17,38.01,18.82,21.13
2021-09-06,0.0,38.24,19.5,22.48
2021-09-07,0.0,38.92,19.36,21.52
2021-09-08,0.16,40.0,22.86,16.99
2021-09-09,6.16,31.9,19.66,9.54
2021-09-10,0.05,29.71,17.42,16.04
2021-09-11,0.3,30.14,18.83,11.74
2021-09-12,0.0,37.49,18.5,21.46
2021-09-13,0.0,39.61,21.43,18.08
2021-09-14,2.24,38.92,22.2,14.79
2021-09-15,9.76,32.35,22.17,16.82
2021-09-16,0.01,35.87,20.87,11.67
2021-09-17,0.15,37.74,20.4,18.53
2021-09-18,0.2,38.66,21.7,20.67
2021-09-19,0.0,38.56,21.99,22.53
2021-09-20,0.0,40.39,24.24,21.47
2021-09-21,0.0,41.42,26.64,18.72
2021-09-22,0.0,30.02,19.32,21.54
2021-09-23,0.0,32.52,16.32,23.27
2021-09-24,0.0,36.03,18.59,22.52
2021-09-25,0.15,34.28,21.18,17.65
2021-09-26,4.3,36.88,21.99,16.46
2021-09-27,0.48,35.26,20.92,22.64
2021-09-28,0.24,38.06,21.54,24.23
2021-09-29,0.02,39.72,26.09,20.16
2021-09-30,1.41,36.87,21.52,24.15
2021-10-01,4.87,37.49,23.25,14.57
2021-10-02,7.56,33.42,22.47,8.2
2021-10-03,1.43,35.7,23.01,18.35
2021-10-04,13.24,34.31,22.3,15.26
2021-10-05,0.12,34.21,22.69,20.07
2021-10-06,4.33,35.26,20.43,23.74
2021-10-07,1.22,33.73,23.19,8.2
2021-10-08,0.0,33.82,20.34,25.75
2021-10-09,5.27,34.79,20.55,21.37
2021-10-10,13.97,27.81,19.32,3.57
2021-10-11,0.43,29.45,18.5,18.27
2021-10-12,0.1,32.87,17.76,25.64
2021-10-13,1.83,33.58,18.06,27.77
2021-10-14,2.26,34.14,21.62,10.52
2021-10-15,11.41,31.06,23.81,19.09
2021-10-16,13.7,31.76,22.61,17.92
2021-10-17,2.18,31.97,21.22,18.66
2021-10-18,6.79,28.64,20.68,16.73
2021-10-19,0.97,29.9,18.15,12.05
2021-10-20,0.81,29.42,15.89,28.54
2021-10-21,0.02,30.11,14.8,28.91
2021-10-22,0.0,31.89,15.29,29.59
2021-10-23,1.13,35.08,17.21,24.95
2021-10-24,36.0,25.81,17.51,9.75
2021-10-25,0.75,30.26,16.82,16.9
2021-10-26,2.15,30.28,18.58,21.47
2021-10-27,0.68,30.26,20.37,17.09
2021-10-28,0.09,29.64,21.37,20.3
2021-10-29,0.01,33.08,20.97,27.16
2021-10-30,10.58,32.66,20.56,21.98
2021-10-31,11.66,29.73,21.11,12.46
2021-11-01,0.42,30.31,18.89,23.76
2021-11-02,0.0,31.46,18.88,26.14
2021-11-03,0.02,32.75,20.98,28.99
2021-11-04,0.0,35.13,19.25,29.58
2021-11-05,2.85,34.68,20.98,26.45
2021-11-06,0.09,31.26,23.03,22.75
2021-11-07,0.0,35.91,22.79,27.42
2021-11-08,0.53,36.39,21.73,26.48
2021-11-09,0.44,35.76,21.82,26.44
2021-11-10,4.22,36.06,21.49,26.33
2021-11-11,4.05,32.67,20.18,14.44
2021-11-12,0.0,33.56,19.49,23.37
2021-11-13,0.0,32.46,17.23,30.4
2021-11-14,0.01,34.53,16.43,27.47
2021-11-15,0.02,35.14,21.43,27.24
2021-11-16,0.02,34.84,22.68,25.3
2021-11-17,1.08,35.13,23.06,22.65
2021-11-18,13.26,32.14,22.99,9.67
2021-11-19,15.49,29.84,22.58,16.97
2021-11-20,0.41,32.87,20.18,28.46
2021-11-21,0.0,33.04,17.71,31.12
2021-11-22,6.51,33.63,16.37,28.76
2021-11-23,0.0,36.62,17.76,31.24
2021-11-24,0.1,36.89,21.57,26.25
2021-11-25,7.21,36.14,22.99,26.43
2021-11-26,15.83,32.39,24.29,20.78
2021-11-27,3.79,34.02,20.13,31.52
2021-11-28,0.18,36.34,20.04,27.88
2021-11-29,4.27,31.25,24.3,21.85
2021-11-30,13.73,28.53,22.38,16.77
2021-12-01,1.23,33.83,20.5,29.9
2021-12-02,0.68,34.48,19.96,19.78
2021-12-03,0.29,33.87,21.06,29.93
2021-12-04,0.03,33.69,20.01,29.59
2021-12-05,4.36,33.79,21.42,26.89
2021-12-06,9.49,32.79,21.67,26.49
2021-12-07,0.34,31.7,20.06,26.57
2021-12-08,0.0,30.77,16.52,29.0
2021-12-09,0.0,32.27,16.31,32.36
2021-12-10,0.0,33.94,16.14,31.92
2021-12-11,0.0,36.38,19.45,30.24
2021-12-12,0.06,38.1,22.26,26.33
2021-12-13,8.72,29.76,23.36,17.55
2021-12-14,20.04,27.78,23.09,15.04
2021-12-15,11.43,29.27,22.87,7.14
2021-12-16,16.44,27.53,22.82,14.99
2021-12-17,2.56,31.43,22.27,20.24
2021-12-18,4.89,31.23,21.61,18.21
2021-12-19,0.01,31.09,18.76,29.74
2021-12-20,1.3,31.56,17.33,30.58
2021-12-21,0.05,33.33,20.17,29.57
2021-12-22,0.19,34.32,21.98,29.84
2021-12-23,3.4,33.88,22.5,17.64
2021-12-24,0.03,32.21,18.54,31.37
2021-12-25,0.0,33.03,17.54,31.68
2021-12-26,0.0,34.99,19.46,30.58
2021-12-27,0.26,36.25,21.3,30.61
2021-12-28,3.06,35.8,23.25,25.51
2021-12-29,5.23,30.62,22.19,11.52
2021-12-30,16.65,31.1,20.11,19.32
2021-12-31,6.91,31.1,20.01,22.38
2022-01-01,3.3,32.17,20.51,21.93
2022-01-02,10.15,31.78,21.18,22.12
2022-01-03,17.9,30.82,21.71,22.46
2022-01-04,11.78,27.43,21.64,19.64
2022-01-05,7.4,28.28,22.88,20.73
2022-01-06,6.77,28.47,22.01,22.69
2022-01-07,8.81,29.92,20.8,18.85
2022-01-08,0.13,30.42,18.1,26.05
2022-01-09,0.0,29.75,17.89,24.95
2022-01-10,2.82,29.88,17.18,27.28
2022-01-11,2.62,29.63,19.21,24.72
2022-01-12,6.7,26.0,20.26,23.35
2022-01-13,3.83,30.33,20.97,19.5
2022-01-14,1.4,32.24,20.79,27.78
2022-01-15,3.02,32.37,22.69,25.13
2022-01-16,5.16,30.31,22.45,11.69
2022-01-17,0.21,31.08,20.56,17.84
2022-01-18,6.38,31.34,22.2,20.6
2022-01-19,3.95,31.51,21.24,24.41
2022-01-20,0.6,32.79,21.34,27.98
2022-01-21,1.53,33.35,22.42,25.72
2022-01-22,0.84,35.42,24.23,27.9
2022-01-23,0.43,36.32,23.82,27.71
2022-01-24,0.4,35.76,24.96,27.4
2022-01-25,0.19,34.91,24.86,26.58
2022-01-26,1.18,35.88,23.51,25.12
2022-01-27,2.95,33.57,23.6,22.84
2022-01-28,17.25,28.38,23.16,16.79
2022-01-29,50.73,27.88,21.94,14.58
2022-01-30,56.59,26.77,21.95,5.14
2022-01-31,20.25,27.67,21.64,14.1
2022-02-01,12.19,26.8,21.18,12.19
2022-02-02,15.53,26.68,21.27,11.09
2022-02-03,18.07,26.57,21.52,19.7
2022-02-04,3.05,28.73,21.17,23.2
2022-02-05,5.01,27.09,22.28,18.36
2022-02-06,6.83,27.66,22.48,18.35
2022-02-07,0.92,29.78,21.6,23.86
2022-02-08,0.78,30.02,18.04,27.25
2022-02-09,4.25,29.27,18.48,28.84
2022-02-10,0.0,29.21,18.08,27.57
2022-02-11,7.82,29.45,19.41,25.81
2022-02-12,0.24,30.35,19.68,28.65
2022-02-13,0.0,30.59,19.1,28.24
2022-02-14,0.0,32.03,20.91,28.25
2022-02-15,1.19,31.81,21.8,25.57
2022-02-16,7.01,30.47,21.3,26.73
2022-02-17,5.92,30.5,21.45,26.15
2022-02-18,1.07,28.6,21.18,16.09
2022-02-19,0.43,29.74,20.25,26.61
2022-02-20,0.17,30.15,20.04,26.43
2022-02-21,1.02,30.59,20.51,25.02
2022-02-22,1.21,32.3,21.2,26.0
2022-02-23,2.6,32.29,22.84,24.31
2022-02-24,1.37,31.93,22.18,21.27
2022-02-25,0.52,30.76,22.59,24.6
2022-02-26,5.82,28.99,22.84,24.11
2022-02-27,2.43,32.07,20.82,24.09
2022-02-28,0.15,33.61,22.35,25.89
2022-03-01,4.03,32.93,23.05,20.29
2022-03-02,5.47,27.48,22.7,14.33
2022-03-03,2.15,31.67,20.88,24.57
2022-03-04,8.74,29.64,21.89,23.57
2022-03-05,0.36,31.76,21.31,24.3
2022-03-06,2.81,32.05,21.87,25.36
2022-03-07,0.04,33.12,21.19,25.14
2022-03-08,0.02,34.13,22.69,23.01
2022-03-09,0.27,27.23,23.64,23.08
2022-03-10,3.21,31.51,23.09,23.61
2022-03-11,2.93,32.25,22.29,20.7
2022-03-12,15.58,29.42,22.18,17.56
2022-03-13,6.1,26.36,22.46,17.76
2022-03-14,1.66,30.52,20.95,16.67
2022-03-15,0.89,30.61,21.7,17.36
2022-03-16,2.37,31.22,22.18,16.56
2022-03-17,1.03,31.42,22.9,22.99
2022-03-18,1.09,32.58,22.44,22.45
2022-03-19,8.13,29.26,23.58,13.99
2022-03-20,6.88,29.03,21.44,14.79
2022-03-21,1.09,27.35,18.85,20.27
2022-03-22,0.0,30.83,18.21,24.92
2022-03-23,0.02,32.16,20.65,23.25
2022-03-24,10.92,31.72,21.55,20.64
2022-03-25,8.5,28.68,22.7,13.49
2022-03-26,6.77,28.97,21.58,16.58
2022-03-27,0.62,28.95,21.32,13.19
2022-03-28,2.64,30.75,21.36,20.37
2022-03-29,0.16,31.68,19.9,24.22
2022-03-30,0.84,32.25,21.77,21.05
2022-03-31,12.44,30.41,22.22,11.86
2022-04-01,1.35,28.41,18.19,12.68
2022-04-02,0.0,30.32,17.94,21.38
2022-04-03,0.03,31.63,18.94,22.88
2022-04-04,1.23,32.26,21.47,21.76
2022-04-05,2.35,32.61,21.87,21.68
2022-04-06,0.01,32.68,21.74,22.26
2022-04-07,0.03,33.3,20.9,22.07
2022-04-08,0.07,34.13,21.25,17.15
2022-04-09,0.12,32.45,23.44,19.77
2022-04-10,0.01,33.44,21.97,20.22
2022-04-11,7.02,32.87,22.61,18.75
2022-04-12,1.77,32.5,22.41,17.21
2022-04-13,15.78,29.33,22.31,7.18
2022-04-14,1.31,29.28,20.38,17.28
2022-04-15,0.08,28.15,16.54,22.57
2022-04-16,0.06,26.64,13.34,22.92
2022-04-17,0.0,27.87,13.63,22.21
2022-04-18,0.05,29.27,13.98,21.3
2022-04-19,0.0,31.06,15.75,21.21
2022-04-20,0.0,31.71,16.25,20.66
2022-04-21,0.01,32.12,16.37,20.93
2022-04-22,0.0,33.44,18.36,20.27
2022-04-23,0.71,32.93,19.79,9.17
2022-04-24,0.01,33.47,19.39,20.13
2022-04-25,0.0,34.6,19.07,19.61
2022-04-26,0.0,34.99,20.49,18.01
2022-04-27,0.0,34.73,20.24,18.75
2022-04-28,0.12,34.12,22.64,18.73
2022-04-29,1.2,34.56,21.07,18.75
2022-04-30,1.55,32.97,18.4,19.1
2022-05-01,0.12,33.57,20.31,14.03
2022-05-02,0.03,33.17,21.55,16.86
2022-05-03,0.18,34.49,19.55,18.4
2022-05-04,3.66,24.05,14.75,13.35
2022-05-05,0.01,26.37,11.84,12.63
2022-05-06,0.33,28.6,13.36,18.29
2022-05-07,0.36,28.51,12.99,19.47
2022-05-08,0.08,30.32,13.11,18.79
2022-05-09,0.02,31.89,15.54,17.8
2022-05-10,1.47,31.7,16.78,17.06
2022-05-11,0.93,28.53,18.52,11.18
2022-05-12,0.0,29.75,16.05,17.69
2022-05-13,0.0,30.75,14.8,18.46
2022-05-14,0.2,31.85,14.92,15.29
2022-05-15,8.74,28.7,19.42,9.06
2022-05-16,0.17,25.51,15.17,15.03
2022-05-17,0.0,19.25,8.41,19.52
2022-05-18,0.0,17.9,6.25,9.69
2022-05-19,0.0,20.58,7.26,17.63
2022-05-20,0.0,21.99,7.46,18.39
2022-05-21,0.01,24.48,7.43,17.24
2022-05-22,0.0,26.4,8.65,17.87
2022-05-23,0.0,28.36,12.57,17.27
2022-05-24,0.0,29.93,12.82,16.98
2022-05-25,0.0,29.45,13.41,17.25
2022-05-26,0.0,29.34,13.38,15.99
2022-05-27,0.01,29.95,14.33,14.77
2022-05-28,0.0,31.06,17.35,15.91
2022-05-29,0.07,31.91,15.73,16.27
2022-05-30,2.98,32.81,18.52,9.86
2022-05-31,6.03,28.1,17.95,9.1
2022-06-01,2.18,30.03,18.46,11.98
2022-06-02,0.15,29.03,18.94,12.84
2022-06-03,0.05,28.13,16.88,9.59
2022-06-04,0.01,28.48,15.75,16.13
2022-06-05,0.0,30.62,15.25,15.99
2022-06-06,0.01,30.94,16.13,14.86
2022-06-07,0.79,31.63,17.77,14.25
2022-06-08,1.85,27.37,18.29,8.9
2022-06-09,1.75,28.04,17.63,7.24
2022-06-10,0.45,25.36,18.63,8.28
2022-06-11,0.01,23.03,13.17,12.73
2022-06-12,0.01,21.53,8.19,12.48
2022-06-13,0.0,23.26,8.16,16.78
2022-06-14,0.03,23.56,9.15,14.39
2022-06-15,0.18,28.29,12.59,10.47
2022-06-16,0.0,30.98,14.41,16.08
2022-06-17,0.36,31.65,14.92,15.48
2022-06-18,25.63,22.21,13.64,10.16
2022-06-19,0.34,25.02,9.78,10.73
2022-06-20,0.08,27.65,14.88,11.9
2022-06-21,0.0,30.01,15.89,15.5
2022-06-22,0.0,29.42,16.15,15.48
2022-06-23,0.0,30.08,15.3,16.08
2022-06-24,0.01,29.47,13.96,15.79
2022-06-25,0.0,28.59,13.28,15.61
2022-06-26,0.0,26.38,14.89,15.47
2022-06-27,0.0,27.12,13.32,14.88
2022-06-28,0.0,29.02,14.49,15.69
2022-06-29,0.02,28.42,14.47,15.75
2022-06-30,0.0,28.16,12.64,16.55
2022-07-01,0.28,28.88,13.52,16.09
2022-07-02,0.0,31.2,14.5,16.08
2022-07-03,0.0,31.89,15.51,16.21
2022-07-04,0.01,31.14,14.46,16.61
2022-07-05,0.0,29.91,12.79,16.73
2022-07-06,0.04,29.16,13.3,15.4
2022-07-07,0.0,30.45,14.3,16.41
2022-07-08,0.0,30.9,15.82,14.25
2022-07-09,0.0,30.24,15.85,16.3
2022-07-10,0.0,30.8,14.88,15.39
2022-07-11,0.0,30.64,16.45,16.24
2022-07-12,0.12,28.12,16.69,11.21
2022-07-13,0.1,29.13,16.25,11.51
2022-07-14,0.0,31.18,15.59,15.78
2022-07-15,0.01,32.01,17.47,13.99
2022-07-16,0.0,32.76,17.92,13.29
2022-07-17,0.0,29.73,19.17,14.46
2022-07-18,0.0,32.69,17.37,15.08
2022-07-19,0.0,31.73,16.72,16.0
2022-07-20,0.03,31.39,17.07,16.19
2022-07-21,0.0,31.96,16.32,16.7
2022-07-22,0.06,31.59,16.38,16.98
2022-07-23,0.0,31.92,15.79,17.34
2022-07-24,0.0,32.47,15.8,17.15
2022-07-25,0.0,32.45,16.37,17.54
2022-07-26,0.0,32.48,16.63,17.57
2022-07-27,0.0,32.55,15.99,17.23
2022-07-28,0.0,33.1,16.0,17.61
2022-07-29,0.27,29.11,16.21,13.62
2022-07-30,0.0,28.43,10.8,18.63
2022-07-31,0.0,31.23,12.79,18.37
2022-08-01,0.0,32.0,17.68,15.5
2022-08-02,0.0,33.83,18.33,17.22
2022-08-03,0.0,33.25,17.73,17.2
2022-08-04,0.0,33.31,21.51,15.77
2022-08-05,0.0,32.34,18.36,16.43
2022-08-06,0.0,31.79,20.38,13.87
2022-08-07,1.56,32.36,20.6,8.06
2022-08-08,2.85,30.0,19.78,8.59
2022-08-09,14.57,24.06,15.77,4.95
2022-08-10,1.97,19.91,10.13,15.36
2022-08-11,0.07,23.39,8.41,20.0
2022-08-12,0.09,26.13,10.4,20.34
2022-08-13,0.0,30.35,10.74,20.35
2022-08-14,0.0,31.94,13.55,19.94
2022-08-15,0.0,32.63,15.81,19.9
2022-08-16,1.15,32.39,18.54,13.89
2022-08-17,8.78,27.71,17.31,2.84
2022-08-18,1.88,31.34,16.05,3.62
2022-08-19,0.05,23.09,10.32,16.16
2022-08-20,2.98,18.54,8.27,13.79
2022-08-21,0.66,26.22,13.62,9.26
2022-08-22,0.04,29.08,13.94,20.4
2022-08-23,0.05,29.18,13.3,20.69
2022-08-24,0.0,29.86,14.9,20.26
2022-08-25,0.0,29.86,17.52,18.82
2022-08-26,0.0,32.2,16.53,19.38
2022-08-27,0.0,33.73,17.3,21.18
2022-08-28,0.02,34.77,18.67,20.46
2022-08-29,0.23,28.2,15.91,19.16
2022-08-30,1.22,23.17,12.87,14.54
2022-08-31,0.11,30.34,12.86,20.88
2022-09-01,0.11,33.29,13.93,21.89
2022-09-02,0.0,34.81,16.76,20.17
2022-09-03,0.02,35.35,19.43,16.76
2022-09-04,0.04,27.63,17.12,12.92
2022-09-05,0.77,30.75,14.73,13.18
2022-09-06,8.88,31.23,16.1,14.89
2022-09-07,1.07,33.54,18.55,15.12
2022-09-08,0.0,35.55,18.99,18.16
2022-09-09,0.0,37.42,20.3,20.51
2022-09-10,0.0,34.75,19.72,16.84
2022-09-11,0.09,34.54,19.14,17.57
2022-09-12,0.0,34.4,18.48,14.26
2022-09-13,0.2,35.72,19.12,17.14
2022-09-14,10.25,31.51,18.15,5.45
2022-09-15,1.45,28.5,17.47,8.25
2022-09-16,0.01,29.62,16.91,22.9
2022-09-17,0.9,28.98,13.2,25.52
2022-09-18,0.19,31.67,12.2,24.78
2022-09-19,0.06,37.04,15.1,22.23
2022-09-20,6.3,30.9,20.48,12.45
2022-09-21,5.9,33.7,20.48,5.54
2022-09-22,15.75,26.78,17.31,6.43
2022-09-23,0.01,25.02,11.35,25.89
2022-09-24,0.01,28.61,13.15,24.22
2022-09-25,0.01,32.7,14.67,22.47
2022-09-26,9.64,29.64,17.95,12.51
2022-09-27,13.89,28.21,20.8,8.71
2022-09-28,7.33,25.86,17.99,4.95
2022-09-29,0.79,26.02,15.14,15.33
2022-09-30,1.22,27.69,15.0,9.37
2022-10-01,0.06,30.76,17.85,23.68
2022-10-02,0.16,31.98,18.59,22.66
2022-10-03,0.46,30.49,19.9,20.45
2022-10-04,0.08,32.46,19.89,22.17
2022-10-05,0.44,34.16,19.95,22.68
2022-10-06,21.75,33.17,21.76,18.25
2022-10-07,4.95,27.33,17.0,17.67
2022-10-08,0.0,30.1,14.49,25.36
2022-10-09,0.13,30.46,19.01,11.28
2022-10-10,0.33,27.31,20.85,14.28
2022-10-11,0.96,29.44,20.71,17.6
2022-10-12,7.55,25.45,19.91,8.16
2022-10-13,0.24,31.57,19.3,16.15
2022-10-14,0.31,33.95,19.11,24.54
2022-10-15,2.63,32.26,17.78,21.16
2022-10-16,0.01,33.84,19.83,22.98
2022-10-17,2.71,33.3,21.27,18.93
2022-10-18,2.24,33.0,20.64,9.19
2022-10-19,0.53,31.0,21.33,21.25
2022-10-20,2.05,34.56,21.01,14.72
2022-10-21,17.44,31.6,21.8,12.52
2022-10-22,0.04,31.83,19.41,28.4
2022-10-23,0.0,32.46,17.26,28.65
2022-10-24,0.0,34.11,17.71,29.24
2022-10-25,0.02,34.24,18.26,29.53
2022-10-26,0.02,35.4,17.41,29.04
2022-10-27,0.51,35.5,23.47,14.01
2022-10-28,0.56,35.06,21.67,24.6
2022-10-29,18.53,33.83,22.88,24.5
2022-10-30,3.2,32.15,21.86,25.61
2022-10-31,4.49,33.49,20.47,16.23
2022-11-01,5.08,27.31,17.21,8.18
2022-11-02,1.06,22.67,14.84,14.02
2022-11-03,0.86,24.67,12.87,23.12
2022-11-04,0.03,27.85,11.57,29.72
2022-11-05,0.7,28.92,12.27,29.69
2022-11-06,0.08,29.38,14.9,27.25
2022-11-07,0.0,30.61,14.85,30.18
2022-11-08,0.14,31.23,14.76,28.2
2022-11-09,0.38,33.92,16.81,29.57
2022-11-10,0.2,36.52,17.49,28.88
2022-11-11,7.89,34.14,18.94,5.63
2022-11-12,0.1,33.25,18.79,26.27
2022-11-13,6.37,33.04,21.6,21.35
2022-11-14,0.24,33.52,22.39,22.07
2022-11-15,0.0,34.03,19.9,29.73
2022-11-16,0.0,35.07,16.44,31.14
2022-11-17,0.0,35.65,18.25,30.74
2022-11-18,1.14,35.77,16.36,28.47
2022-11-19,0.47,36.16,19.56,29.0
2022-11-20,0.22,36.95,21.79,29.09
2022-11-21,1.15,36.91,23.37,18.65
2022-11-22,18.22,31.15,24.0,17.92
2022-11-23,2.72,32.02,21.11,23.38
2022-11-24,1.37,33.97,22.26,27.09
2022-11-25,1.34,32.36,19.8,29.06
2022-11-26,0.02,33.09,18.28,29.71
2022-11-27,0.04,35.12,19.05,26.26
2022-11-28,6.31,32.33,19.9,24.0
2022-11-29,19.46,29.83,19.4,24.71
2022-11-30,4.99,31.97,19.09,26.39
2022-12-01,1.05,33.6,21.28,24.52
2022-12-02,7.76,33.48,22.04,18.32
2022-12-03,12.43,30.48,22.18,21.36
2022-12-04,26.14,26.49,22.42,11.91
2022-12-05,10.93,27.34,21.63,16.96
2022-12-06,11.74,30.3,20.96,18.42
2022-12-07,5.24,30.74,22.21,23.33
2022-12-08,3.24,31.73,22.99,28.61
2022-12-09,0.56,32.05,22.71,22.82
2022-12-10,1.93,32.78,22.14,26.78
2022-12-11,1.39,32.39,22.94,21.69
2022-12-12,2.95,29.5,22.65,10.8
2022-12-13,29.63,28.11,23.21,9.47
2022-12-14,1.32,29.32,18.68,27.52
2022-12-15,0.01,30.76,17.41,29.15
2022-12-16,0.3,31.86,19.59,24.62
2022-12-17,0.15,31.87,18.83,29.96
2022-12-18,7.09,30.43,20.45,18.38
2022-12-19,9.99,29.14,20.1,15.31
2022-12-20,0.14,30.93,18.95,19.96
2022-12-21,0.05,30.31,18.91,28.97
2022-12-22,0.0,30.54,17.57,30.13
2022-12-23,0.02,31.59,17.88,30.21
2022-12-24,0.15,33.09,19.5,27.5
2022-12-25,1.77,30.33,22.28,17.62
2022-12-26,10.65,30.63,21.36,20.23
2022-12-27,0.25,33.13,21.21,25.15
2022-12-28,20.7,31.6,22.75,23.17
2022-12-29,8.52,30.22,22.86,20.63
2022-12-30,4.4,31.02,21.19,24.37
2022-12-31,2.57,31.45,21.68,19.98
2023-01-01,1.76,32.02,21.97,26.0
2023-01-02,7.32,32.51,22.12,16.11
2023-01-03,13.93,30.25,22.35,19.33
2023-01-04,13.28,27.92,22.13,11.07
2023-01-05,10.63,27.24,21.03,11.92
2023-01-06,0.06,29.54,17.06,16.9
2023-01-07,0.02,28.69,16.95,16.43
2023-01-08,0.24,29.85,17.63,15.72
2023-01-09,2.49,29.53,19.79,16.11
2023-01-10,17.24,29.73,22.18,18.05
2023-01-11,11.3,27.0,21.87,19.7
2023-01-12,5.16,29.29,21.04,22.45
2023-01-13,5.75,27.56,21.65,21.03
2023-01-14,6.41,29.69,21.49,22.65
2023-01-15,0.5,29.04,21.88,24.37
2023-01-16,8.24,29.9,21.75,24.39
2023-01-17,4.56,28.85,21.38,27.25
2023-01-18,10.47,29.81,21.35,25.56
2023-01-19,3.88,29.13,21.41,25.58
2023-01-20,3.94,29.2,21.23,14.99
2023-01-21,5.89,28.92,22.07,18.94
2023-01-22,3.41,27.31,22.45,23.7
2023-01-23,3.02,28.72,21.97,24.11
2023-01-24,0.14,30.84,21.08,24.99
2023-01-25,0.11,31.84,21.51,28.57
2023-01-26,0.97,32.38,19.54,28.48
2023-01-27,1.66,32.4,20.8,26.52
2023-01-28,11.07,30.26,21.99,20.22
2023-01-29,9.98,30.27,21.41,24.86
2023-01-30,8.12,25.5,21.98,15.0
2023-01-31,12.47,28.49,21.41,18.39
2023-02-01,1.42,27.2,21.8,19.85
2023-02-02,15.26,30.21,21.06,16.43
2023-02-03,5.57,28.72,21.93,14.56
2023-02-04,9.91,29.6,22.41,22.46
2023-02-05,2.7,28.84,21.69,21.88
2023-02-06,1.87,30.44,21.11,24.46
2023-02-07,1.06,29.78,21.24,16.37
2023-02-08,0.26,30.57,21.49,24.45
2023-02-09,2.76,31.14,21.78,22.73
2023-02-10,12.51,28.24,22.06,21.35
2023-02-11,10.28,28.24,20.53,16.69
2023-02-12,3.91,28.4,20.83,18.9
2023-02-13,6.34,27.98,21.33,23.21
2023-02-14,0.3,31.16,21.19,20.04
2023-02-15,4.87,30.57,22.28,14.33
2023-02-16,6.36,29.37,22.89,21.48
2023-02-17,15.13,29.91,22.58,14.99
2023-02-18,2.42,30.44,20.86,19.44
2023-02-19,5.9,24.85,18.67,17.11
2023-02-20,12.66,27.42,18.47,13.1
2023-02-21,4.78,28.17,20.35,14.27
2023-02-22,0.57,30.16,19.78,24.79
2023-02-23,11.05,27.56,21.15,18.12
2023-02-24,2.55,28.55,20.04,15.36
2023-02-25,0.06,30.01,21.08,25.94
2023-02-26,0.88,29.54,21.81,14.77
2023-02-27,0.08,30.96,21.7,22.48
2023-02-28,5.6,29.49,21.56,18.65
2023-03-01,1.04,27.93,21.36,15.58
2023-03-02,0.35,30.92,20.28,26.04
2023-03-03,0.37,31.24,20.98,24.24
2023-03-04,8.04,31.16,21.9,21.96
2023-03-05,6.98,29.91,21.87,19.27
2023-03-06,4.12,31.12,22.19,25.25
2023-03-07,0.51,30.75,21.85,25.82
2023-03-08,0.08,30.79,21.04,24.04
2023-03-09,3.16,27.41,22.48,22.72
2023-03-10,9.83,25.69,21.24,9.41
2023-03-11,5.05,25.13,20.45,14.76
2023-03-12,5.07,28.24,20.42,12.6
2023-03-13,5.46,27.09,20.88,18.5
2023-03-14,14.34,27.92,21.35,16.03
2023-03-15,2.88,27.58,21.28,12.96
2023-03-16,9.95,26.53,21.4,14.36
2023-03-17,1.39,25.94,20.91,13.66
2023-03-18,0.6,28.13,20.3,17.35
2023-03-19,1.64,28.07,20.61,17.87
2023-03-20,1.48,30.03,19.72,21.32
2023-03-21,0.16,30.83,19.62,24.24
2023-03-22,0.63,31.22,20.57,23.13
2023-03-23,0.02,31.46,21.1,23.69
2023-03-24,0.02,31.77,21.82,21.36
2023-03-25,0.02,32.4,21.94,22.72
2023-03-26,0.34,32.5,22.34,22.06
2023-03-27,1.6,31.91,22.39,21.06
2023-03-28,0.11,31.54,20.73,20.98
2023-03-29,1.57,32.35,21.84,22.23
2023-03-30,0.57,30.85,22.12,21.79
2023-03-31,0.08,31.62,22.27,21.94
2023-04-01,0.01,33.51,20.54,23.55
2023-04-02,0.05,32.56,20.61,23.09
2023-04-03,0.05,32.63,18.94,23.17
2023-04-04,0.0,33.31,18.54,23.18
2023-04-05,0.44,32.92,20.2,20.35
2023-04-06,4.61,32.48,19.92,20.55
2023-04-07,6.05,26.76,21.0,12.3
2023-04-08,5.38,28.19,21.43,8.16
2023-04-09,0.16,30.03,20.51,15.67
2023-04-10,0.02,30.9,18.43,21.04
2023-04-11,0.47,31.12,17.85,21.13
2023-04-12,1.0,29.85,21.19,14.37
2023-04-13,4.28,31.69,21.04,19.36
2023-04-14,3.86,29.33,21.84,11.4
2023-04-15,0.06,31.5,20.39,15.62
2023-04-16,0.44,32.41,19.57,20.88
2023-04-17,2.92,32.52,21.18,15.58
2023-04-18,2.51,31.28,22.67,6.9
2023-04-19,11.06,26.93,16.43,20.33
2023-04-20,0.01,25.97,13.43,21.3
2023-04-21,0.06,27.0,12.58,21.68
2023-04-22,0.3,29.8,14.11,20.24
2023-04-23,0.07,29.74,16.92,19.92
2023-04-24,0.27,30.34,17.64,18.21
2023-04-25,10.24,29.07,17.5,5.57
2023-04-26,2.29,29.33,18.7,13.1
2023-04-27,5.68,26.33,18.42,9.28
2023-04-28,0.62,28.11,17.49,15.35
2023-04-29,0.11,29.03,16.02,19.11
2023-04-30,0.1,29.42,15.39,20.17
2023-05-01,0.07,29.58,14.9,20.09
2023-05-02,0.2,30.06,14.52,18.94
2023-05-03,0.09,30.99,16.1,18.56
2023-05-04,0.27,31.96,17.67,18.67
2023-05-05,0.38,32.5,17.89,19.03
2023-05-06,0.63,32.24,18.51,17.29
2023-05-07,0.04,31.8,18.57,17.36
2023-05-08,0.03,32.49,18.07,17.64
2023-05-09,0.08,32.8,19.96,14.05
2023-05-10,0.41,28.76,20.96,12.98
2023-05-11,0.03,30.57,15.85,18.14
2023-05-12,0.01,28.92,11.34,17.86
2023-05-13,0.01,28.15,12.33,18.86
2023-05-14,0.01,28.38,11.55,18.99
2023-05-15,0.01,28.9,11.68,19.11
2023-05-16,0.02,29.6,11.27,18.91
2023-05-17,0.14,28.31,12.54,18.91
2023-05-18,0.01,28.73,11.76,18.66
2023-05-19,0.01,29.6,11.64,18.15
2023-05-20,0.03,30.07,12.55,16.5
2023-05-21,0.01,28.96,13.31,15.9
2023-05-22,0.0,29.12,15.88,12.51
2023-05-23,0.01,30.44,14.91,17.38
2023-05-24,0.01,29.37,14.22,17.3
2023-05-25,0.0,30.63,15.54,16.97
2023-05-26,0.08,30.86,15.99,16.93
2023-05-27,1.09,31.71,15.83,16.33
2023-05-28,0.77,27.73,19.44,5.25
2023-05-29,0.2,26.74,17.96,13.02
2023-05-30,13.77,25.03,16.29,2.46
2023-05-31,0.58,25.9,17.29,6.35
2023-06-01,0.04,27.02,15.25,14.45
2023-06-02,0.04,26.95,13.9,16.99
2023-06-03,0.05,28.28,13.62,17.0
2023-06-04,0.01,28.75,12.72,16.9
2023-06-05,0.01,27.89,12.85,16.9
2023-06-06,0.0,27.35,12.76,16.58
2023-06-07,0.06,28.4,12.86,16.42
2023-06-08,0.96,28.52,13.75,16.2
2023-06-09,0.04,29.61,13.83,16.5
2023-06-10,0.0,30.65,14.48,16.17
2023-06-11,0.0,31.09,16.11,15.38
2023-06-12,0.53,31.88,16.83,8.94
2023-06-13,15.95,23.54,16.44,7.53
2023-06-14,22.49,18.17,14.13,2.21
2023-06-15,22.28,14.66,11.56,3.3
2023-06-16,0.09,18.42,8.49,16.11
2023-06-17,0.02,19.54,6.63,16.26
2023-06-18,0.02,20.83,7.59,16.69
2023-06-19,0.01,23.12,8.36,16.79
2023-06-20,0.01,25.6,9.94,16.42
2023-06-21,0.01,26.67,11.63,16.14
2023-06-22,0.0,26.08,12.58,15.55
2023-06-23,0.01,26.63,13.13,15.3
2023-06-24,0.01,26.98,13.44,16.04
2023-06-25,0.01,27.45,13.26,16.26
2023-06-26,0.02,27.26,12.46,16.36
2023-06-27,0.07,27.59,12.74,16.28
2023-06-28,0.01,28.16,13.31,15.94
2023-06-29,0.04,27.08,14.36,15.8
2023-06-30,0.05,27.02,14.07,16.06
2023-07-01,0.01,27.39,13.25,16.21
2023-07-02,0.02,26.93,12.99,16.46
2023-07-03,0.01,26.03,13.39,16.65
2023-07-04,0.01,25.89,11.66,16.73
2023-07-05,0.01,27.44,11.54,16.58
2023-07-06,0.17,27.24,12.19,16.41
2023-07-07,0.02,27.34,12.16,10.95
2023-07-08,0.0,29.64,15.77,14.34
2023-07-09,0.08,29.18,17.53,13.12
2023-07-10,0.01,30.87,17.35,13.09
2023-07-11,0.0,31.69,16.55,15.58
2023-07-12,0.0,31.54,15.76,15.8
2023-07-13,3.0,25.1,14.73,10.85
2023-07-14,1.07,20.78,8.63,17.97
2023-07-15,0.37,24.33,6.99,17.89
2023-07-16,0.0,25.46,11.42,12.48
2023-07-17,0.0,30.19,15.55,10.33
2023-07-18,0.0,30.08,15.45,14.57
2023-07-19,0.0,29.73,15.66,15.2
2023-07-20,0.0,29.96,14.5,16.83
2023-07-21,0.0,30.12,15.98,16.98
2023-07-22,0.0,28.96,15.08,16.41
2023-07-23,0.0,30.28,15.74,14.67
2023-07-24,0.0,30.43,16.39,15.53
2023-07-25,0.0,29.89,16.1,14.26
2023-07-26,0.02,31.57,18.83,12.2
2023-07-27,0.02,32.68,17.97,16.96
2023-07-28,0.05,32.69,17.52,15.91
2023-07-29,0.41,29.98,16.7,17.18
2023-07-30,0.0,29.17,14.17,18.26
2023-07-31,0.0,30.3,14.1,18.65
2023-08-01,0.0,30.64,12.92,18.44
2023-08-02,0.0,32.76,13.82,18.55
2023-08-03,0.0,33.03,14.9,18.75
2023-08-04,0.0,32.66,14.73,18.9
2023-08-05,0.0,32.8,14.65,19.08
2023-08-06,0.0,34.32,15.25,18.81
2023-08-07,0.0,35.21,16.46,17.59
2023-08-08,0.03,33.24,18.36,17.64
2023-08-09,0.0,34.23,16.68,16.96
2023-08-10,0.0,35.49,17.68,18.59
2023-08-11,0.05,36.45,19.86,17.43
2023-08-12,0.15,36.84,21.2,15.76
2023-08-13,0.17,32.1,20.31,12.44
2023-08-14,0.0,32.09,18.17,9.74
2023-08-15,0.0,30.47,19.59,12.66
2023-08-16,0.0,32.71,20.43,14.7
2023-08-17,0.0,33.15,18.47,18.83
2023-08-18,0.19,34.68,19.43,18.06
2023-08-19,1.37,31.6,18.6,5.57
2023-08-20,0.27,30.57,18.47,13.72
2023-08-21,0.14,32.34,18.23,17.93
2023-08-22,0.0,35.63,19.17,19.8
2023-08-23,0.06,38.01,20.87,18.56
2023-08-24,0.62,37.86,23.81,14.11
2023-08-25,0.2,37.28,23.44,16.69
2023-08-26,2.25,26.17,18.28,6.95
2023-08-27,0.29,20.13,15.2,7.26
2023-08-28,0.18,28.4,14.15,20.41
2023-08-29,0.98,29.79,14.16,12.48
2023-08-30,5.32,25.7,17.45,17.5
2023-08-31,3.86,24.41,18.11,9.58
2023-09-01,0.14,33.16,17.49,19.46
2023-09-02,1.04,35.76,20.46,17.93
2023-09-03,2.53,34.89,22.54,19.97
2023-09-04,4.37,36.3,22.9,19.59
2023-09-05,3.72,32.71,21.11,18.54
2023-09-06,0.04,33.52,18.74,20.15
2023-09-07,0.0,33.19,19.12,19.8
2023-09-08,0.0,36.23,18.68,21.84
2023-09-09,1.63,32.18,20.31,3.27
2023-09-10,0.05,34.17,17.93,20.66
2023-09-11,0.0,36.5,19.2,22.99
2023-09-12,0.0,36.95,19.53,23.7
2023-09-13,0.61,39.0,21.4,21.39
2023-09-14,3.41,24.87,15.75,5.52
2023-09-15,0.0,30.98,12.65,24.66
2023-09-16,0.01,35.82,16.46,24.42
2023-09-17,0.1,38.52,20.28,21.87
2023-09-18,0.96,37.64,22.36,19.98
2023-09-19,0.03,38.03,23.49,22.24
2023-09-20,0.03,39.07,23.47,23.63
2023-09-21,0.0,39.76,23.08,23.78
2023-09-22,0.0,40.92,24.51,23.27
2023-09-23,0.0,41.36,25.94,22.87
2023-09-24,0.0,42.54,26.41,23.9
2023-09-25,0.0,40.76,25.57,22.18
2023-09-26,0.35,39.56,26.66,21.41
2023-09-27,0.23,40.86,27.49,21.94
2023-09-28,0.0,38.1,23.61,19.29
2023-09-29,0.0,36.86,20.02,20.96
2023-09-30,0.32,38.63,22.32,17.18
2023-10-01,2.44,35.83,24.71,14.93
2023-10-02,4.3,35.91,23.74,16.52
2023-10-03,0.2,38.88,25.06,22.61
2023-10-04,1.89,39.79,26.35,16.32
2023-10-05,0.21,40.29,25.12,19.59
2023-10-06,1.97,39.74,26.39,17.3
2023-10-07,16.92,36.71,25.93,12.59
2023-10-08,25.53,33.94,21.56,14.65
2023-10-09,3.52,31.22,20.08,22.18
2023-10-10,0.03,33.39,18.13,27.25
2023-10-11,0.32,37.16,18.24,27.07
2023-10-12,2.48,36.52,25.3,17.99
2023-10-13,1.01,34.07,22.63,12.89
2023-10-14,0.12,33.12,18.97,20.24
2023-10-15,0.02,36.62,19.87,26.04
2023-10-16,0.07,38.38,23.88,25.91
2023-10-17,0.24,34.93,25.67,20.55
2023-10-18,0.19,37.72,23.62,22.08
2023-10-19,9.0,35.5,21.46,17.83
2023-10-20,0.58,34.82,20.27,20.65
2023-10-21,0.0,35.79,20.78,27.28
2023-10-22,0.0,37.6,19.26,27.4
2023-10-23,0.0,40.58,22.11,25.99
2023-10-24,0.0,36.31,25.6,17.2
2023-10-25,6.34,33.24,23.32,19.91
2023-10-26,3.19,33.89,25.02,16.21
2023-10-27,18.03,34.42,23.94,13.43
2023-10-28,4.25,35.23,22.73,13.79
2023-10-29,3.58,34.31,24.18,13.41
2023-10-30,5.07,36.05,23.03,12.4
2023-10-31,4.67,33.8,23.95,15.26
2023-11-01,2.6,31.25,24.2,7.48
2023-11-02,0.0,34.16,21.31,26.55
2023-11-03,3.88,38.09,21.42,22.38
2023-11-04,0.1,30.27,17.8,28.38
2023-11-05,0.01,33.56,14.87,31.29
2023-11-06,0.02,35.04,16.56,30.46
2023-11-07,0.0,37.25,16.81,29.98
2023-11-08,0.9,38.81,21.89,26.73
2023-11-09,1.53,38.01,24.24,20.96
2023-11-10,0.26,39.34,24.48,25.5
2023-11-11,0.0,40.77,23.42,29.79
2023-11-12,0.0,42.23,25.09,27.23
2023-11-13,0.2,42.47,25.89,24.6
2023-11-14,1.27,42.33,25.76,25.02
2023-11-15,1.25,41.56,25.85,25.77
2023-11-16,0.0,42.86,26.75,22.72
2023-11-17,0.03,43.62,28.2,24.16
2023-11-18,0.19,42.66,29.11,23.75
2023-11-19,10.08,41.94,24.95,14.81
2023-11-20,3.1,33.97,22.53,15.37
2023-11-21,1.16,34.09,23.95,22.93
2023-11-22,2.79,34.76,25.5,24.57
2023-11-23,9.05,32.89,24.13,12.67
2023-11-24,9.84,28.05,23.15,13.8
2023-11-25,0.03,32.52,19.23,24.46
2023-11-26,0.01,31.83,20.33,23.48
2023-11-27,0.24,33.14,21.84,19.5
2023-11-28,4.7,32.37,23.7,20.51
2023-11-29,5.48,33.87,22.12,22.83
2023-11-30,0.11,34.62,22.58,28.46
2023-12-01,0.05,36.59,24.77,28.01
2023-12-02,0.63,38.86,25.23,26.76
2023-12-03,1.16,39.1,26.1,28.68
2023-12-04,11.45,34.21,26.0,17.49
2023-12-05,8.03,33.15,24.06,17.65
2023-12-06,0.69,36.06,23.94,27.68
2023-12-07,4.99,35.84,24.15,23.05
2023-12-08,0.02,36.42,24.38,27.42
2023-12-09,0.04,37.02,24.21,28.75
2023-12-10,0.25,36.97,23.02,22.62
2023-12-11,4.53,35.43,22.71,26.61
2023-12-12,0.0,36.5,21.42,29.19
2023-12-13,0.0,38.89,21.17,30.87
2023-12-14,0.0,40.85,22.73,30.2
2023-12-15,0.69,41.02,26.06,27.45
2023-12-16,1.56,41.08,27.45,24.89
2023-12-17,0.37,41.12,26.75,27.63
2023-12-18,2.48,40.75,28.04,27.1
2023-12-19,0.88,37.65,25.54,23.52
2023-12-20,0.24,38.25,24.51,27.29
2023-12-21,1.42,38.84,23.9,26.62
2023-12-22,8.15,36.78,26.55,23.82
2023-12-23,19.34,32.74,24.61,11.73
2023-12-24,0.04,33.84,23.37,25.64
2023-12-25,0.01,36.19,24.4,27.7
2023-12-26,0.02,34.25,24.76,27.92
2023-12-27,0.01,37.27,23.0,29.46
2023-12-28,0.0,38.68,21.83,31.26
2023-12-29,0.01,40.83,23.18,26.35
2023-12-30,7.67,33.96,26.81,17.66
2023-12-31,1.08,34.77,24.23,22.58
2024-01-01,0.49,36.8,23.81,24.97
2024-01-02,0.32,36.47,25.02,21.39
2024-01-03,1.89,35.09,25.24,24.3
2024-01-04,0.5,37.78,23.56,27.75
2024-01-05,1.42,37.04,24.1,25.78
2024-01-06,0.28,38.81,23.93,28.44
2024-01-07,0.3,39.86,25.52,27.76
2024-01-08,4.81,38.82,26.54,27.61
2024-01-09,11.17,36.2,25.86,27.83
2024-01-10,1.42,36.94,24.46,22.49
2024-01-11,10.72,33.44,24.55,17.99
2024-01-12,24.3,29.12,23.44,18.94
2024-01-13,5.86,31.27,22.52,14.29
2024-01-14,19.06,32.36,22.86,26.01
2024-01-15,2.0,30.77,23.37,22.77
2024-01-16,0.03,33.2,23.02,26.58
2024-01-17,0.01,34.88,23.79,24.64
2024-01-18,0.23,35.21,24.81,28.02
2024-01-19,16.71,35.46,24.96,19.0
2024-01-20,1.35,33.99,24.84,12.1
2024-01-21,1.02,34.17,23.64,21.54
2024-01-22,1.59,31.85,22.64,18.49
2024-01-23,0.68,32.11,22.13,13.34
2024-01-24,0.02,32.29,20.2,25.15
2024-01-25,0.11,31.01,19.97,27.66
2024-01-26,0.0,30.66,17.09,27.71
2024-01-27,0.01,31.88,18.46,28.37
2024-01-28,0.37,34.3,23.88,26.35
2024-01-29,0.0,37.29,20.9,27.77
2024-01-30,0.03,38.43,21.71,22.62
2024-01-31,8.63,35.18,24.33,27.2
2024-02-01,0.03,36.51,21.44,29.2
2024-02-02,0.4,37.17,22.29,26.09
2024-02-03,4.15,33.84,23.54,16.89
2024-02-04,1.26,32.86,22.46,17.77
2024-02-05,0.37,33.1,22.67,24.13
2024-02-06,0.37,34.74,23.71,21.49
2024-02-07,2.91,30.37,24.2,19.81
2024-02-08,0.41,35.61,21.82,24.97
2024-02-09,1.92,36.64,23.63,22.85
2024-02-10,0.68,37.38,23.77,27.91
2024-02-11,0.02,37.93,23.26,27.78
2024-02-12,0.38,36.85,25.09,21.92
2024-02-13,6.53,37.59,25.92,24.97
2024-02-14,11.79,34.81,25.07,16.81
2024-02-15,26.85,30.3,24.12,12.24
2024-02-16,7.18,30.47,23.2,17.81
2024-02-17,0.08,32.95,22.48,25.34
2024-02-18,0.6,32.66,22.94,22.63
2024-02-19,5.66,31.71,22.99,19.85
2024-02-20,3.33,31.68,23.12,20.07
2024-02-21,9.95,30.65,21.76,18.0
2024-02-22,3.2,32.44,21.58,23.79
2024-02-23,4.18,33.73,23.6,19.28
2024-02-24,0.66,34.46,23.54,24.71
2024-02-25,1.85,34.46,24.26,24.94
2024-02-26,0.65,35.0,23.92,24.27
2024-02-27,0.06,36.18,25.09,25.05
2024-02-28,0.0,38.35,25.03,24.92
2024-02-29,0.66,39.3,25.24,25.39
2024-03-01,0.54,37.22,25.52,24.74
2024-03-02,0.02,36.98,24.45,26.22
2024-03-03,0.0,38.71,22.74,27.01
2024-03-04,0.0,39.65,22.26,25.93
2024-03-05,1.47,38.95,23.14,23.82
2024-03-06,0.41,37.65,24.24,20.14
2024-03-07,4.22,36.3,25.61,18.94
2024-03-08,2.93,36.33,25.56,19.93
2024-03-09,0.61,37.18,26.54,22.4
2024-03-10,0.52,36.88,26.5,20.86
2024-03-11,1.24,35.8,25.03,24.96
2024-03-12,0.0,38.71,22.73,25.88
2024-03-13,0.17,39.47,22.82,24.07
2024-03-14,0.48,40.02,25.45,22.91
2024-03-15,0.39,39.93,26.34,23.89
2024-03-16,1.94,39.05,27.69,22.21
2024-03-17,5.8,37.2,27.41,18.66
2024-03-18,5.9,35.82,26.3,19.73
2024-03-19,9.39,35.14,25.73,20.6
2024-03-20,1.46,37.04,24.68,22.05
2024-03-21,9.64,34.01,25.01,17.79
2024-03-22,8.4,30.55,23.53,14.37
2024-03-23,0.32,26.64,20.8,11.48
2024-03-24,7.83,27.41,19.92,9.23
2024-03-25,0.96,31.66,20.16,18.44
2024-03-26,1.82,29.96,22.05,12.55
2024-03-27,2.94,28.84,21.72,9.93
2024-03-28,0.92,30.84,20.2,11.32
2024-03-29,3.93,30.7,21.09,11.83
2024-03-30,1.35,32.18,22.57,18.21
2024-03-31,0.26,32.76,23.27,19.83
2024-04-01,3.25,32.87,23.46,16.16
2024-04-02,4.95,32.01,23.63,17.82
2024-04-03,0.01,33.85,22.43,21.57
2024-04-04,0.06,34.78,23.15,21.01
2024-04-05,0.73,35.12,24.66,18.51
2024-04-06,0.0,35.53,23.72,21.99
2024-04-07,0.51,34.82,20.89,18.57
2024-04-08,22.27,29.93,23.48,16.13
2024-04-09,1.12,30.89,22.3,16.99
2024-04-10,0.06,31.98,21.93,15.99
2024-04-11,5.1,32.21,22.19,17.82
2024-04-12,0.34,32.67,21.85,17.04
2024-04-13,6.63,31.02,23.55,14.95
2024-04-14,25.29,26.09,22.63,7.38
2024-04-15,0.71,27.36,22.0,14.66
2024-04-16,0.41,28.91,22.35,12.9
2024-04-17,0.76,30.4,22.32,15.61
2024-04-18,0.19,29.47,18.68,15.34
2024-04-19,0.0,28.69,16.76,21.93
2024-04-20,0.02,31.0,14.84,21.05
2024-04-21,0.0,31.71,17.95,20.42
2024-04-22,0.0,31.62,18.55,20.63
2024-04-23,0.01,32.22,19.23,19.92
2024-04-24,0.0,33.05,20.72,17.48
2024-04-25,0.01,34.14,20.86,19.63
2024-04-26,0.0,35.43,20.62,19.62
2024-04-27,0.02,34.85,21.31,18.68
2024-04-28,0.01,35.05,20.93,18.41
2024-04-29,0.0,35.61,20.96,18.99
2024-04-30,0.0,35.85,20.83,18.65
2024-05-01,0.01,35.79,21.34,19.21
2024-05-02,0.0,35.82,21.01,18.77
2024-05-03,0.01,35.14,21.51,17.28
2024-05-04,0.0,35.9,21.21,17.72
2024-05-05,0.02,35.85,19.31,19.45
2024-05-06,0.0,35.18,20.05,19.01
2024-05-07,0.23,35.4,21.32,18.01
2024-05-08,0.06,34.99,21.1,18.42
2024-05-09,0.0,35.2,21.55,17.5
2024-05-10,0.0,35.11,20.47,17.14
2024-05-11,0.0,35.12,19.37,18.2
2024-05-12,0.01,34.96,18.87,18.28
2024-05-13,0.01,34.9,18.6,18.03
2024-05-14,0.04,32.33,20.71,16.28
2024-05-15,0.06,32.29,19.58,15.57
2024-05-16,0.0,34.06,19.92,16.97
2024-05-17,0.0,36.07,21.51,17.35
2024-05-18,0.02,35.29,22.25,16.05
2024-05-19,0.1,32.79,20.22,13.63
2024-05-20,0.0,32.29,18.31,13.76
2024-05-21,0.01,34.02,19.59,16.74
2024-05-22,0.0,34.37,18.84,17.2
2024-05-23,0.07,34.14,18.25,17.23
2024-05-24,4.15,30.45,19.76,5.67
2024-05-25,3.73,25.03,16.47,8.29
2024-05-26,10.6,23.89,15.55,4.03
2024-05-27,0.11,27.61,15.15,4.92
2024-05-28,0.04,22.59,12.03,8.09
2024-05-29,0.0,22.71,7.89,17.67
2024-05-30,0.0,25.48,8.89,16.74
2024-05-31,0.0,25.8,9.75,17.16
2024-06-01,0.0,29.41,11.0,16.94
2024-06-02,0.0,30.43,14.9,15.77
2024-06-03,0.03,30.59,16.05,15.76
2024-06-04,0.01,29.59,16.74,16.24
2024-06-05,0.05,30.24,15.23,16.23
2024-06-06,0.13,31.08,15.2,15.01
2024-06-07,0.0,31.29,16.03,16.07
2024-06-08,0.06,31.96,16.29,15.78
2024-06-09,0.03,32.53,16.57,16.15
2024-06-10,0.05,32.03,15.95,16.4
2024-06-11,0.08,31.69,15.56,16.57
2024-06-12,0.09,31.93,15.47,16.35
2024-06-13,0.01,31.94,15.8,16.77
2024-06-14,0.0,32.09,17.01,15.22
2024-06-15,0.01,32.47,17.4,15.57
2024-06-16,0.0,32.38,17.51,15.89
2024-06-17,0.01,32.32,17.21,15.4
2024-06-18,0.01,31.44,15.64,16.08
2024-06-19,0.02,31.92,15.78,16.13
2024-06-20,0.02,32.12,16.73,16.19
2024-06-21,0.03,31.72,15.33,15.37
2024-06-22,0.0,32.04,17.5,13.99
2024-06-23,0.01,32.45,17.68,14.84
2024-06-24,0.01,33.38,18.53,15.12
2024-06-25,0.01,33.69,19.06,14.61
2024-06-26,0.01,33.53,20.11,13.52
2024-06-27,0.04,30.27,17.4,13.52
2024-06-28,0.02,31.88,18.94,12.42
2024-06-29,0.16,32.29,19.51,12.18
2024-06-30,2.5,26.64,17.1,10.48
2024-07-01,3.3,24.96,15.98,7.06
2024-07-02,0.03,30.15,14.62,15.74
2024-07-03,0.14,30.68,15.82,13.21
2024-07-04,0.02,31.36,16.5,15.24
2024-07-05,0.05,31.18,15.63,10.35
2024-07-06,0.01,31.58,16.88,15.85
2024-07-07,0.0,32.17,16.35,14.7
2024-07-08,1.38,27.12,17.02,8.95
2024-07-09,3.81,22.95,16.1,2.97
2024-07-10,0.6,22.98,14.43,5.25
2024-07-11,0.02,31.15,13.93,14.42
2024-07-12,0.03,28.77,16.61,10.77
2024-07-13,0.02,30.45,17.95,11.81
2024-07-14,0.01,28.73,15.18,15.01
2024-07-15,0.09,28.34,13.58,15.35
2024-07-16,0.05,29.75,15.23,16.55
2024-07-17,0.0,30.37,15.27,16.76
2024-07-18,0.04,30.98,15.35,17.44
2024-07-19,0.01,30.84,14.86,17.51
2024-07-20,0.01,30.68,12.84,17.67
2024-07-21,0.0,31.41,13.23,17.54
2024-07-22,0.0,31.56,13.68,17.89
2024-07-23,0.0,31.22,13.46,17.99
2024-07-24,0.04,32.61,13.54,17.01
2024-07-25,0.0,31.92,15.06,17.62
2024-07-26,0.0,30.61,16.69,15.97
2024-07-27,0.0,32.77,15.87,15.03
2024-07-28,0.0,34.54,16.71,17.03
2024-07-29,0.0,34.15,17.71,16.22
2024-07-30,0.02,28.05,15.82,9.95
2024-07-31,0.0,32.57,14.03,17.28
2024-08-01,0.0,32.35,19.11,16.58
2024-08-02,0.0,31.7,18.07,14.23
2024-08-03,0.0,32.32,20.03,16.19
2024-08-04,0.01,32.63,18.29,17.48
2024-08-05,0.0,33.95,19.18,17.58
2024-08-06,0.0,33.61,18.39,18.3
2024-08-07,0.03,33.83,19.75,17.4
2024-08-08,0.47,34.92,18.78,9.98
2024-08-09,9.3,22.32,11.86,1.89
2024-08-10,1.77,21.54,7.13,19.89
2024-08-11,0.07,24.73,8.2,19.07
2024-08-12,0.04,25.36,8.14,17.39
2024-08-13,0.0,25.92,6.99,19.47
2024-08-14,0.02,27.46,10.99,16.79
2024-08-15,0.0,34.33,12.58,19.72
2024-08-16,0.04,35.13,15.38,18.47
2024-08-17,0.1,35.65,15.98,19.51
2024-08-18,0.0,36.07,16.91,20.03
2024-08-19,0.0,36.85,17.12,20.2
2024-08-20,0.0,36.76,18.53,19.74
2024-08-21,0.03,36.4,17.33,20.2
2024-08-22,0.0,36.21,17.53,20.52
2024-08-23,0.0,37.33,19.24,16.99
2024-08-24,4.24,28.51,15.87,8.04
2024-08-25,0.99,23.8,11.84,4.11
2024-08-26,0.02,24.96,7.6,21.89
2024-08-27,0.05,28.15,8.27,23.16
2024-08-28,0.0,31.93,9.85,21.61
2024-08-29,0.01,34.75,14.31,21.59
2024-08-30,0.01,35.3,17.35,22.07
2024-08-31,0.0,36.17,16.24,22.45
2024-09-01,0.0,37.42,18.03,20.55
2024-09-02,0.0,36.71,17.17,16.83
2024-09-03,0.05,38.73,18.51,22.07
2024-09-04,0.0,38.75,19.4,19.99
2024-09-05,0.0,37.36,18.61,13.76
2024-09-06,0.0,34.65,19.4,13.28
2024-09-07,0.0,38.05,19.16,18.47
2024-09-08,0.0,38.7,21.59,17.3
2024-09-09,0.0,37.49,20.61,16.17
2024-09-10,0.0,37.03,21.36,17.72
2024-09-11,0.0,37.9,19.07,22.34
2024-09-12,0.0,38.48,21.52,22.23
2024-09-13,0.0,39.21,20.69,21.8
2024-09-14,0.0,38.82,21.99,12.18
2024-09-15,0.25,35.88,22.44,10.6
2024-09-16,4.66,30.46,18.66,6.06
2024-09-17,0.06,32.09,15.49,23.79
2024-09-18,0.24,34.3,15.3,16.09
2024-09-19,0.14,39.44,19.39,19.22
2024-09-20,0.78,40.1,22.13,21.38
2024-09-21,0.9,34.3,21.66,13.61
2024-09-22,0.0,36.73,22.47,12.67
2024-09-23,0.0,39.27,22.65,17.17
2024-09-24,0.0,40.04,22.17,21.6
2024-09-25,0.0,41.4,21.96,23.77
2024-09-26,0.02,41.56,23.56,21.4
2024-09-27,3.81,32.71,23.04,11.62
2024-09-28,0.0,35.11,19.38,24.98
2024-09-29,0.0,37.44,17.59,24.94
2024-09-30,0.0,39.78,20.64,24.67
2024-10-01,0.0,40.42,23.48,24.37
2024-10-02,0.22,39.75,25.24,15.28
2024-10-03,0.24,39.54,24.36,12.43
2024-10-04,0.0,35.76,21.28,18.85
2024-10-05,0.0,37.22,17.1,26.75
2024-10-06,0.0,39.05,18.1,25.74
2024-10-07,0.0,39.7,20.29,21.6
2024-10-08,0.0,41.91,21.27,22.88
2024-10-09,1.05,39.74,24.72,7.5
2024-10-10,4.75,34.24,23.0,4.17
2024-10-11,5.04,37.08,23.92,9.8
2024-10-12,0.57,34.22,19.87,23.72
2024-10-13,0.13,36.36,20.69,27.53
2024-10-14,5.38,37.87,19.53,25.16
2024-10-15,0.81,31.67,22.39,22.4
2024-10-16,3.37,34.54,22.24,22.97
2024-10-17,0.0,38.22,24.06,24.71
2024-10-18,0.51,37.31,24.24,6.71
2024-10-19,13.49,31.42,21.26,9.59
2024-10-20,12.54,26.3,18.44,10.83
2024-10-21,0.83,29.05,21.32,13.4
2024-10-22,3.91,29.66,22.4,13.42
2024-10-23,2.47,31.44,22.51,18.47
2024-10-24,6.08,34.8,22.26,21.83
2024-10-25,4.07,33.85,24.68,19.36
2024-10-26,10.26,29.1,24.41,11.07
2024-10-27,0.72,32.92,22.17,17.55
2024-10-28,1.98,31.21,19.52,12.13
2024-10-29,0.05,34.6,22.16,26.88
2024-10-30,1.18,34.3,20.28,28.25
2024-10-31,0.0,34.41,19.73,24.67
2024-11-01,13.71,30.32,20.92,24.14
2024-11-02,6.58,28.14,22.47,10.15
2024-11-03,8.02,27.11,22.02,14.99
2024-11-04,26.03,29.42,21.42,12.05
2024-11-05,13.97,30.49,21.65,14.81
2024-11-06,16.75,29.26,22.19,16.48
2024-11-07,12.72,26.89,22.33,10.12
2024-11-08,8.63,28.6,22.17,14.7
2024-11-09,1.76,30.87,22.65,23.12
2024-11-10,0.01,30.58,19.7,29.45
2024-11-11,0.0,32.44,18.52,29.0
2024-11-12,1.42,31.93,20.87,24.14
2024-11-13,2.89,30.56,18.72,19.89
2024-11-14,0.14,30.55,20.44,26.28
2024-11-15,1.95,32.05,18.48,25.29
2024-11-16,7.24,31.62,22.8,20.94
2024-11-17,0.3,31.98,21.35,22.85
2024-11-18,0.0,33.28,21.37,28.29
2024-11-19,0.13,33.87,21.76,25.61
2024-11-20,1.48,33.6,23.26,23.28
2024-11-21,23.82,29.67,23.49,15.28
2024-11-22,1.18,29.66,20.69,17.09
2024-11-23,0.0,33.09,20.49,28.81
2024-11-24,0.0,32.25,19.52,29.45
2024-11-25,0.0,32.86,18.69,28.38
2024-11-26,0.14,34.98,21.78,28.05
2024-11-27,0.77,35.69,21.74,27.1
2024-11-28,23.67,30.86,24.08,14.8
2024-11-29,15.74,30.81,23.57,5.38
2024-11-30,1.06,32.99,22.76,23.92
2024-12-01,0.17,32.87,23.75,26.59
2024-12-02,18.77,28.0,23.98,13.28
2024-12-03,17.16,28.08,23.59,18.28
2024-12-04,9.42,29.7,22.6,13.41
2024-12-05,2.25,31.3,20.43,16.71
2024-12-06,0.58,31.03,22.47,25.44
2024-12-07,2.15,31.16,23.39,25.92
2024-12-08,9.05,29.62,23.75,14.57
2024-12-09,6.11,32.69,22.76,18.8
2024-12-10,3.37,30.26,23.95,21.0
2024-12-11,0.33,30.99,20.68,25.8
2024-12-12,0.0,32.23,19.1,27.57
2024-12-13,7.64,30.95,19.36,21.15
2024-12-14,14.68,27.1,22.56,11.22
2024-12-15,3.53,30.55,22.25,24.81
2024-12-16,0.08,30.32,19.49,27.68
2024-12-17,0.0,32.06,17.53,29.55
2024-12-18,0.0,32.51,18.61,29.26
2024-12-19,0.16,31.65,22.33,18.57
2024-12-20,3.85,32.15,23.56,20.14
2024-12-21,7.85,31.77,23.9,18.21
2024-12-22,1.84,31.13,23.37,19.41
2024-12-23,0.12,32.45,22.96,26.8
2024-12-24,0.03,33.65,20.81,29.48
2024-12-25,14.95,29.18,23.18,15.79
2024-12-26,30.05,28.3,21.95,15.33
2024-12-27,8.91,31.35,21.69,22.4
2024-12-28,1.5,31.84,22.57,28.11
2024-12-29,0.23,32.45,18.55,28.28
2024-12-30,0.06,32.22,19.86,29.5
2024-12-31,0.14,32.29,21.6,29.2
2025-01-01,1.2,32.56,21.36,23.54
2025-01-02,0.34,34.06,21.7,27.04
2025-01-03,0.51,32.85,22.52,24.3
2025-01-04,0.26,33.05,22.92,26.54
2025-01-05,0.01,35.04,19.73,30.92
2025-01-06,0.02,35.79,21.33,28.11
2025-01-07,0.01,36.11,22.55,26.28
2025-01-08,1.29,35.73,23.97,25.91
2025-01-09,0.51,35.77,22.88,27.54
2025-01-10,0.0,36.7,21.79,28.76
2025-01-11,4.91,38.07,22.19,28.23
2025-01-12,2.54,35.72,24.21,22.75
2025-01-13,0.0,35.71,21.66,28.5
2025-01-14,0.0,36.12,20.22,30.44
2025-01-15,0.05,37.54,19.92,29.59
2025-01-16,6.15,36.37,23.55,18.25
2025-01-17,12.75,27.9,23.6,17.3
2025-01-18,0.16,32.33,22.96,25.14
2025-01-19,0.49,34.04,23.91,27.59
2025-01-20,1.94,34.92,23.96,24.22
2025-01-21,0.79,35.58,23.92,27.57
2025-01-22,0.18,36.94,23.63,26.19
2025-01-23,0.41,38.0,24.5,20.43
2025-01-24,0.19,38.24,24.32,26.62
2025-01-25,0.87,39.4,24.67,26.78
2025-01-26,2.64,35.22,25.52,25.93
2025-01-27,9.5,30.77,23.96,18.21
2025-01-28,1.64,33.83,22.64,21.83
2025-01-29,3.43,34.13,24.74,23.27
2025-01-30,1.01,34.28,23.55,22.86
2025-01-31,11.86,29.63,23.36,12.45
2025-02-01,4.09,28.77,22.2,21.3
2025-02-02,7.5,28.36,21.95,20.83
2025-02-03,26.07,27.33,23.03,14.98
2025-02-04,15.2,26.04,22.48,17.79
2025-02-05,1.15,27.66,22.09,13.6
2025-02-06,1.27,28.54,21.9,17.11
2025-02-07,1.34,31.93,20.87,27.2
2025-02-08,0.33,31.68,21.75,27.62
2025-02-09,0.08,32.46,21.92,27.68
2025-02-10,0.4,31.88,21.23,24.62
2025-02-11,0.5,32.57,21.24,24.99
2025-02-12,0.68,30.4,22.09,21.38
2025-02-13,0.61,32.26,21.03,18.89
2025-02-14,0.27,32.77,21.24,22.04
2025-02-15,0.13,35.34,23.63,24.25
2025-02-16,0.01,36.41,24.27,26.49
2025-02-17,0.05,36.55,23.75,26.77
2025-02-18,0.14,37.57,24.02,22.03
2025-02-19,1.11,37.06,23.65,20.13
2025-02-20,0.06,39.25,24.25,25.76
2025-02-21,0.0,38.96,25.18,26.62
2025-02-22,0.49,37.47,25.16,25.04
2025-02-23,3.36,34.51,23.8,19.76
2025-02-24,1.04,36.96,24.73,23.7
2025-02-25,2.44,34.35,24.77,19.82
2025-02-26,12.42,34.86,23.41,23.81
2025-02-27,0.31,36.67,23.31,24.97
2025-02-28,0.0,37.62,23.11,25.44
2025-03-01,0.0,37.78,23.69,26.64
2025-03-02,0.0,34.57,23.74,23.61
2025-03-03,0.0,38.14,22.77,24.27
2025-03-04,0.54,37.81,24.58,25.28
2025-03-05,0.37,36.55,23.24,23.55
2025-03-06,0.02,37.44,24.09,25.55
2025-03-07,0.0,37.15,22.43,25.58
2025-03-08,0.0,37.97,22.04,25.95
2025-03-09,0.0,38.66,24.78,23.49
2025-03-10,1.9,37.39,25.83,22.55
2025-03-11,10.23,32.52,23.77,9.61
2025-03-12,0.12,36.19,22.42,21.28
2025-03-13,0.11,33.93,23.41,18.69
2025-03-14,0.0,37.01,23.77,22.43
2025-03-15,0.1,38.38,23.99,23.37
2025-03-16,0.61,37.75,23.41,22.77
2025-03-17,2.25,37.06,23.01,20.84
2025-03-18,6.64,35.38,23.8,17.73
2025-03-19,1.47,35.37,22.85,18.62
2025-03-20,0.0,35.25,21.33,25.51
2025-03-21,0.01,35.22,18.75,25.99
2025-03-22,0.26,36.58,19.29,20.52
2025-03-23,1.84,34.51,24.09,17.61
2025-03-24,1.61,35.44,22.64,21.79
2025-03-25,0.09,36.51,24.63,22.47
2025-03-26,1.6,35.26,25.31,21.7
2025-03-27,0.0,36.94,22.23,23.42
2025-03-28,0.02,37.93,23.12,20.67
2025-03-29,0.07,37.72,25.36,19.83
2025-03-30,2.94,36.62,24.06,20.43
2025-03-31,14.18,30.02,22.35,9.23
