data,PRECTOTCORR,T2M_MAX,T2M_MIN,ALLSKY_SFC_SW_DWN
2013-10-01,9.81,29.84,19.59,14.17
2013-10-02,13.43,24.39,19.4,4.79
2013-10-03,23.59,27.44,18.4,16.03
2013-10-04,9.04,24.6,18.79,6.21
2013-10-05,0.06,27.65,17.03,23.02
2013-10-06,0.0,26.94,12.56,27.42
2013-10-07,0.01,26.98,12.91,25.5
2013-10-08,0.37,24.6,14.49,12.65
2013-10-09,0.0,28.28,13.59,23.29
2013-10-10,0.0,29.13,14.58,25.21
2013-10-11,0.0,28.57,15.36,25.82
2013-10-12,0.02,28.73,16.95,15.6
2013-10-13,0.02,32.41,16.21,25.37
2013-10-14,0.0,33.69,18.68,22.22
2013-10-15,3.14,29.8,20.8,12.97
2013-10-16,8.28,23.86,18.64,7.54
2013-10-17,7.32,27.02,17.54,15.68
2013-10-18,2.43,30.22,16.84,16.08
2013-10-19,0.01,31.1,17.18,28.58
2013-10-20,0.0,33.6,16.05,27.23
2013-10-21,2.24,33.75,19.27,25.6
2013-10-22,4.2,30.05,20.88,21.73
2013-10-23,7.46,30.33,21.29,24.42
2013-10-24,0.67,34.41,20.6,26.6
2013-10-25,3.76,30.01,20.03,23.02
2013-10-26,0.06,34.88,19.1,26.99
2013-10-27,5.34,33.64,19.51,22.71
2013-10-28,0.27,30.72,15.56,29.36
2013-10-29,0.0,33.33,12.89,28.59
2013-10-30,0.28,33.14,16.48,26.7
2013-10-31,3.42,31.64,18.05,24.14
2013-11-01,3.75,32.12,17.84,24.78
2013-11-02,0.08,33.53,18.62,24.1
2013-11-03,4.97,33.22,21.35,25.6
2013-11-04,15.31,26.53,20.24,9.31
2013-11-05,11.72,25.6,18.26,6.98
2013-11-06,38.04,25.73,16.76,7.16
2013-11-07,7.06,27.65,17.76,19.32
2013-11-08,0.3,28.67,16.85,25.79
2013-11-09,0.0,31.3,16.7,28.77
2013-11-10,0.03,33.38,18.22,25.93
2013-11-11,6.25,34.12,19.46,26.36
2013-11-12,0.33,29.22,21.84,13.55
2013-11-13,0.29,32.26,19.79,26.54
2013-11-14,0.02,32.46,15.95,29.11
2013-11-15,4.36,32.42,18.34,28.51
2013-11-16,5.09,32.21,20.15,19.03
2013-11-17,4.57,28.93,19.65,21.32
2013-11-18,2.06,30.77,18.13,25.35
2013-11-19,1.03,30.6,20.5,25.48
2013-11-20,0.01,34.1,19.83,27.08
2013-11-21,4.14,31.83,21.41,23.39
2013-11-22,7.89,28.96,20.29,13.05
2013-11-23,5.38,29.01,18.1,13.33
2013-11-24,5.48,25.31,19.15,12.39
2013-11-25,2.74,24.9,19.2,9.73
2013-11-26,1.22,29.85,18.33,23.02
2013-11-27,0.04,31.2,18.4,25.1
2013-11-28,1.56,33.12,18.65,28.52
2013-11-29,2.39,34.08,20.46,26.51
2013-11-30,0.73,28.78,21.12,21.57
2013-12-01,7.58,29.78,20.37,18.24
2013-12-02,5.93,29.06,21.18,18.24
2013-12-03,0.76,33.37,21.14,25.48
2013-12-04,0.14,35.51,20.95,27.35
2013-12-05,8.89,32.02,22.48,25.05
2013-12-06,0.55,33.1,20.31,26.66
2013-12-07,2.04,28.75,20.58,17.79
2013-12-08,1.83,32.57,19.95,26.7
2013-12-09,5.84,30.99,21.52,25.5
2013-12-10,6.4,28.67,22.02,14.58
2013-12-11,14.66,28.37,19.97,9.81
2013-12-12,0.59,30.65,18.23,26.09
2013-12-13,0.33,31.65,17.57,28.14
2013-12-14,5.59,30.25,19.25,20.78
2013-12-15,1.26,32.87,18.68,23.05
2013-12-16,2.58,32.71,19.18,27.34
2013-12-17,0.16,33.49,17.34,29.5
2013-12-18,0.34,33.4,18.14,29.22
2013-12-19,0.63,32.84,19.34,28.89
2013-12-20,3.16,32.72,20.46,25.17
2013-12-21,3.11,31.19,18.75,27.53
2013-12-22,2.41,30.9,18.88,26.53
2013-12-23,6.3,25.4,19.69,14.65
2013-12-24,2.94,29.89,20.04,17.41
2013-12-25,2.33,30.08,19.8,17.53
2013-12-26,0.27,34.91,20.92,26.43
2013-12-27,1.59,33.37,23.93,21.88
2013-12-28,4.79,29.54,22.17,20.36
2013-12-29,3.73,31.46,21.12,22.08
2013-12-30,15.77,27.95,22.03,18.25
2013-12-31,6.48,28.93,22.31,19.28
2014-01-01,4.94,30.78,20.38,19.14
2014-01-02,0.12,30.97,21.36,26.0
2014-01-03,0.03,34.35,22.2,29.09
2014-01-04,0.0,35.15,22.14,26.21
2014-01-05,2.82,33.69,22.15,29.04
2014-01-06,0.05,31.59,21.91,27.87
2014-01-07,0.36,34.53,20.02,27.6
2014-01-08,0.53,30.98,21.58,26.6
2014-01-09,0.2,31.07,21.38,25.03
2014-01-10,1.03,33.43,21.0,28.05
2014-01-11,1.28,31.54,21.83,26.97
2014-01-12,2.61,32.04,21.68,19.38
2014-01-13,1.55,29.45,21.48,21.97
2014-01-14,8.03,25.71,20.28,22.03
2014-01-15,3.83,31.04,19.13,26.13
2014-01-16,0.43,31.64,19.47,18.03
2014-01-17,3.46,30.88,20.51,22.02
2014-01-18,3.03,30.19,20.7,26.16
2014-01-19,0.28,34.5,18.92,29.16
2014-01-20,0.62,35.39,20.28,28.98
2014-01-21,0.35,34.02,21.24,26.5
2014-01-22,7.36,32.19,21.05,23.5
2014-01-23,1.62,29.78,21.32,20.57
2014-01-24,6.33,33.04,20.77,20.6
2014-01-25,0.17,34.38,20.86,28.08
2014-01-26,0.7,34.45,21.33,26.75
2014-01-27,1.53,34.7,21.55,28.98
2014-01-28,0.01,35.54,19.56,29.21
2014-01-29,0.0,36.18,17.57,30.86
2014-01-30,0.0,35.05,18.38,28.14
2014-01-31,0.0,35.88,20.52,28.12
2014-02-01,0.0,37.49,21.32,28.98
2014-02-02,0.0,36.64,21.26,25.42
2014-02-03,0.0,37.24,20.46,28.02
2014-02-04,0.0,38.1,21.08,28.68
2014-02-05,0.0,37.63,23.03,28.5
2014-02-06,0.0,38.78,22.82,28.35
2014-02-07,1.35,38.04,21.24,29.49
2014-02-08,2.9,36.5,24.05,26.25
2014-02-09,0.04,38.11,19.42,27.54
2014-02-10,0.09,38.1,21.76,26.14
2014-02-11,0.01,36.02,24.34,25.51
2014-02-12,0.01,35.57,23.07,19.69
2014-02-13,3.43,32.31,22.92,24.23
2014-02-14,8.28,32.87,22.0,22.11
2014-02-15,19.64,27.59,21.28,10.98
2014-02-16,3.58,29.05,19.98,14.06
2014-02-17,4.24,30.64,19.15,18.84
2014-02-18,0.21,32.71,19.78,23.16
2014-02-19,0.84,33.66,19.73,27.11
2014-02-20,0.16,34.81,19.32,26.09
2014-02-21,3.21,30.36,21.69,18.74
2014-02-22,2.69,28.13,21.65,10.79
2014-02-23,2.62,28.35,20.73,17.83
2014-02-24,3.77,28.68,20.92,17.23
2014-02-25,6.75,31.9,19.61,21.83
2014-02-26,0.04,34.08,20.21,25.76
2014-02-27,3.91,33.48,21.07,23.9
2014-02-28,4.67,29.98,21.79,16.17
2014-03-01,0.59,28.41,20.25,22.22
2014-03-02,1.88,31.4,18.24,25.7
2014-03-03,7.11,32.28,20.77,22.91
2014-03-04,4.08,31.09,21.51,17.85
2014-03-05,5.52,27.71,20.63,7.13
2014-03-06,10.95,28.99,20.98,23.12
2014-03-07,1.07,28.91,18.57,20.06
2014-03-08,0.18,31.9,16.06,22.76
2014-03-09,0.27,32.13,17.96,24.45
2014-03-10,0.52,32.52,19.74,24.93
2014-03-11,20.47,30.32,20.52,22.27
2014-03-12,1.92,29.56,21.04,15.38
2014-03-13,0.36,29.77,20.65,14.37
2014-03-14,0.45,32.38,20.57,24.2
2014-03-15,0.08,33.55,21.24,24.52
2014-03-16,0.01,34.59,20.57,25.21
2014-03-17,0.05,34.11,20.0,25.17
2014-03-18,4.53,33.63,21.83,24.75
2014-03-19,3.61,32.11,20.84,23.52
2014-03-20,8.73,30.47,20.81,18.57
2014-03-21,15.34,28.35,21.34,18.14
2014-03-22,2.79,27.75,21.09,15.43
2014-03-23,0.07,29.73,19.25,22.25
2014-03-24,0.26,30.86,18.92,22.15
2014-03-25,0.22,31.06,19.97,23.25
2014-03-26,0.04,29.6,19.02,22.94
2014-03-27,0.51,31.06,19.15,21.61
2014-03-28,1.74,30.51,18.89,21.41
2014-03-29,4.03,30.34,19.67,19.91
2014-03-30,8.25,25.26,20.86,10.2
2014-03-31,3.1,28.48,20.01,17.34
2014-04-01,2.43,31.17,20.31,20.44
2014-04-02,1.44,31.89,20.55,21.09
2014-04-03,0.12,32.93,19.24,20.6
2014-04-04,0.35,32.37,19.48,21.46
2014-04-05,0.03,32.14,19.36,21.9
2014-04-06,0.02,33.51,18.66,22.5
2014-04-07,0.0,34.32,18.19,22.23
2014-04-08,0.07,34.6,20.34,21.57
2014-04-09,2.21,32.25,22.4,17.94
2014-04-10,0.63,30.61,21.42,15.21
2014-04-11,0.62,29.92,20.7,19.6
2014-04-12,16.76,27.7,21.46,17.41
2014-04-13,2.56,28.63,21.27,15.65
2014-04-14,5.04,29.4,17.82,16.12
2014-04-15,6.87,26.88,17.21,8.95
2014-04-16,1.47,28.15,18.67,13.36
2014-04-17,0.05,30.86,17.6,20.14
2014-04-18,0.02,31.32,17.52,19.96
2014-04-19,0.77,32.12,18.42,18.03
2014-04-20,0.01,31.46,19.24,17.54
2014-04-21,1.3,31.35,18.88,19.26
2014-04-22,7.87,30.05,19.66,11.66
2014-04-23,3.71,26.61,19.68,11.41
2014-04-24,0.27,28.56,18.77,13.96
2014-04-25,0.0,28.37,15.88,19.63
2014-04-26,0.0,28.11,14.29,20.63
2014-04-27,0.0,27.79,13.26,20.58
2014-04-28,0.0,28.45,13.45,20.48
2014-04-29,0.0,28.32,13.06,20.25
2014-04-30,0.0,28.77,12.43,18.88
2014-05-01,0.0,29.21,12.55,15.88
2014-05-02,0.01,30.33,15.62,16.02
2014-05-03,0.0,27.42,16.02,15.21
2014-05-04,0.01,30.6,14.59,19.55
2014-05-05,0.0,30.96,14.7,18.12
2014-05-06,0.0,31.3,16.13,16.94
2014-05-07,0.01,30.43,17.87,14.14
2014-05-08,0.0,30.73,17.35,17.6
2014-05-09,0.01,29.72,16.08,17.06
2014-05-10,0.0,28.08,14.27,18.47
2014-05-11,0.0,28.85,12.94,18.71
2014-05-12,0.0,28.93,13.92,17.94
2014-05-13,0.0,28.8,13.71,15.59
2014-05-14,0.0,28.98,15.75,16.88
2014-05-15,0.0,28.98,12.72,16.03
2014-05-16,0.01,30.91,14.99,16.33
2014-05-17,0.01,30.21,16.01,13.72
2014-05-18,0.15,28.76,18.63,9.74
2014-05-19,0.0,30.55,15.24,17.34
2014-05-20,0.02,30.73,14.11,16.74
2014-05-21,0.0,30.84,14.71,16.47
2014-05-22,10.49,30.54,16.84,13.63
2014-05-23,4.42,25.34,19.08,5.68
2014-05-24,1.73,26.95,17.39,6.81
2014-05-25,0.47,24.52,15.71,9.42
2014-05-26,0.22,25.53,12.01,8.9
2014-05-27,0.0,22.91,9.76,14.0
2014-05-28,0.15,24.47,11.8,14.43
2014-05-29,0.01,27.04,12.54,16.9
2014-05-30,0.01,27.41,11.63,17.01
2014-05-31,0.0,28.66,13.19,16.13
2014-06-01,1.64,27.33,16.21,3.82
2014-06-02,0.53,26.01,11.53,14.33
2014-06-03,0.0,25.34,8.51,17.38
2014-06-04,0.03,28.22,7.94,17.17
2014-06-05,0.0,31.31,14.89,14.1
2014-06-06,0.0,30.92,16.66,10.27
2014-06-07,0.0,32.09,16.34,14.65
2014-06-08,0.0,31.41,17.08,15.59
2014-06-09,0.0,31.14,16.34,14.23
2014-06-10,0.0,28.49,16.38,13.03
2014-06-11,0.0,29.0,16.88,16.06
2014-06-12,0.0,29.38,15.52,14.86
2014-06-13,0.0,29.44,16.69,15.2
2014-06-14,0.0,30.12,16.21,14.1
2014-06-15,0.0,29.95,16.78,15.33
2014-06-16,0.0,30.43,15.26,15.87
2014-06-17,0.0,30.86,16.92,15.73
2014-06-18,0.01,30.29,15.83,14.41
2014-06-19,0.01,27.6,14.14,15.69
2014-06-20,0.01,27.47,11.89,15.24
2014-06-21,0.01,27.93,12.17,14.28
2014-06-22,0.02,29.16,12.87,15.3
2014-06-23,0.0,28.65,15.77,10.69
2014-06-24,0.0,30.05,14.16,15.95
2014-06-25,0.02,30.12,13.94,15.62
2014-06-26,0.0,30.9,15.25,14.93
2014-06-27,0.0,31.8,15.28,16.06
2014-06-28,0.0,31.04,15.13,13.99
2014-06-29,0.0,25.35,16.07,9.75
2014-06-30,0.0,25.06,12.4,16.63
2014-07-01,0.0,27.74,13.29,16.65
2014-07-02,0.0,31.87,16.01,15.64
2014-07-03,0.0,32.77,16.53,15.16
2014-07-04,0.0,31.84,17.46,14.79
2014-07-05,0.0,30.79,16.33,15.77
2014-07-06,0.0,29.79,15.24,15.97
2014-07-07,0.19,27.72,15.55,8.38
2014-07-08,0.35,29.27,15.84,7.69
2014-07-09,7.87,27.44,15.29,10.76
2014-07-10,0.59,25.9,15.41,10.74
2014-07-11,0.01,25.99,12.45,15.46
2014-07-12,0.0,27.19,12.48,16.35
2014-07-13,0.03,27.98,12.91,16.13
2014-07-14,0.0,28.01,13.06,16.65
2014-07-15,0.0,28.14,12.45,17.03
2014-07-16,0.0,29.35,12.94,16.94
2014-07-17,0.02,30.79,15.08,16.72
2014-07-18,0.05,28.13,16.49,8.23
2014-07-19,0.01,26.5,12.53,15.85
2014-07-20,0.0,27.48,8.9,18.44
2014-07-21,0.01,29.61,8.75,17.47
2014-07-22,0.0,30.66,13.59,17.05
2014-07-23,0.0,30.8,14.17,16.72
2014-07-24,11.21,30.5,14.33,3.86
2014-07-25,1.68,19.13,13.06,4.83
2014-07-26,2.69,19.06,12.51,6.28
2014-07-27,1.52,22.06,12.84,6.37
2014-07-28,0.08,24.71,13.32,12.6
2014-07-29,0.13,26.83,15.52,16.26
2014-07-30,0.0,27.35,12.55,17.03
2014-07-31,0.01,28.12,12.31,17.76
2014-08-01,0.0,29.57,12.85,18.76
2014-08-02,0.0,30.52,15.04,18.93
2014-08-03,0.0,31.1,16.16,18.94
2014-08-04,0.0,32.15,15.43,18.32
2014-08-05,0.0,28.45,14.25,18.72
2014-08-06,0.0,30.09,12.16,19.23
2014-08-07,0.0,30.2,12.01,19.56
2014-08-08,0.0,29.82,11.66,19.4
2014-08-09,0.0,29.66,13.69,18.97
2014-08-10,0.0,29.36,12.65,18.99
2014-08-11,0.0,31.19,13.25,20.06
2014-08-12,0.0,33.33,14.91,19.17
2014-08-13,0.86,32.05,14.05,12.2
2014-08-14,0.01,25.84,11.62,16.09
2014-08-15,0.01,29.69,15.8,18.1
2014-08-16,0.0,30.44,16.25,18.89
2014-08-17,0.57,30.41,16.86,15.92
2014-08-18,0.03,30.72,16.88,18.4
2014-08-19,0.0,30.77,14.27,20.82
2014-08-20,0.0,32.69,12.81,21.49
2014-08-21,0.0,32.91,14.34,21.56
2014-08-22,0.0,33.94,15.42,21.8
2014-08-23,0.0,34.43,14.85,21.79
2014-08-24,0.0,33.88,15.66,22.14
2014-08-25,0.0,34.48,15.93,21.54
2014-08-26,0.0,32.53,17.66,18.06
2014-08-27,0.0,29.45,15.86,15.3
2014-08-28,0.03,32.85,15.09,16.22
2014-08-29,0.0,31.85,14.82,19.52
2014-08-30,0.0,34.32,14.79,21.45
2014-08-31,0.12,35.61,16.51,20.22
2014-09-01,1.68,35.34,18.05,12.15
2014-09-02,11.99,34.35,19.5,20.7
2014-09-03,0.11,32.41,20.38,18.44
2014-09-04,0.0,29.67,16.1,22.83
2014-09-05,0.0,30.7,13.79,23.11
2014-09-06,0.0,32.04,13.75,23.39
2014-09-07,0.0,33.25,14.37,21.68
2014-09-08,0.0,33.38,16.68,22.24
2014-09-09,0.0,34.33,17.02,24.06
2014-09-10,0.0,35.17,16.63,24.17
2014-09-11,0.0,36.15,17.92,23.03
2014-09-12,0.0,36.05,18.18,24.02
2014-09-13,0.0,35.04,16.78,24.46
2014-09-14,0.0,36.06,17.28,24.4
2014-09-15,0.01,36.71,18.79,20.17
2014-09-16,0.01,34.1,19.32,21.51
2014-09-17,0.0,36.01,17.3,24.33
2014-09-18,0.0,37.45,18.45,21.01
2014-09-19,8.6,37.82,22.22,13.57
2014-09-20,3.08,34.99,19.82,5.82
2014-09-21,4.15,30.63,18.89,17.12
2014-09-22,0.01,30.99,14.5,26.37
2014-09-23,0.05,35.42,14.01,25.52
2014-09-24,8.31,36.68,17.69,21.11
2014-09-25,3.42,31.08,19.23,12.2
2014-09-26,6.26,25.55,20.83,12.39
2014-09-27,0.9,30.64,19.71,10.26
2014-09-28,0.03,32.43,19.3,13.79
2014-09-29,2.32,36.18,21.19,21.73
2014-09-30,0.02,29.6,21.7,10.17
2014-10-01,0.08,34.97,21.89,20.16
2014-10-02,0.0,31.62,15.9,22.57
2014-10-03,0.0,30.08,12.95,27.36
2014-10-04,0.0,30.21,11.69,27.36
2014-10-05,0.0,28.38,12.79,25.65
2014-10-06,0.0,31.62,12.76,25.99
2014-10-07,0.0,31.84,14.81,18.82
2014-10-08,0.0,34.2,15.5,27.83
2014-10-09,0.0,36.37,17.21,28.37
2014-10-10,0.0,38.24,19.1,27.36
2014-10-11,0.0,38.74,20.0,27.18
2014-10-12,0.0,39.79,19.24,26.89
2014-10-13,0.0,40.04,20.6,26.72
2014-10-14,0.0,40.5,22.66,26.26
2014-10-15,0.0,40.9,23.04,24.34
2014-10-16,0.0,41.11,23.74,24.46
2014-10-17,0.04,40.68,24.43,23.58
2014-10-18,0.54,40.72,22.61,21.6
2014-10-19,1.05,39.92,24.53,22.3
2014-10-20,0.93,36.89,23.53,13.15
2014-10-21,0.06,34.55,19.01,21.54
2014-10-22,0.02,35.24,18.6,25.74
2014-10-23,2.96,34.72,22.79,23.44
2014-10-24,8.33,30.54,21.05,20.15
2014-10-25,8.15,25.13,19.33,9.09
2014-10-26,11.56,29.43,18.07,18.09
2014-10-27,1.21,32.44,18.66,23.11
2014-10-28,0.0,33.21,15.17,30.48
2014-10-29,0.0,34.78,14.69,29.43
2014-10-30,0.02,36.76,18.54,28.1
2014-10-31,0.71,32.99,19.16,25.26
2014-11-01,7.98,32.4,21.51,20.5
2014-11-02,3.39,29.68,21.91,24.32
2014-11-03,12.18,27.97,21.5,17.47
2014-11-04,18.03,27.53,21.02,14.6
2014-11-05,5.21,30.63,20.82,23.42
2014-11-06,7.34,32.74,19.95,26.44
2014-11-07,22.99,29.03,21.79,21.34
2014-11-08,0.02,29.41,20.37,16.71
2014-11-09,0.03,31.45,17.95,24.84
2014-11-10,0.02,32.47,17.18,30.32
2014-11-11,0.0,33.33,15.85,29.66
2014-11-12,1.58,29.78,18.28,16.03
2014-11-13,2.25,32.63,21.12,22.02
2014-11-14,2.27,31.51,18.74,23.07
2014-11-15,0.14,30.42,16.19,26.67
2014-11-16,0.25,31.85,14.43,28.97
2014-11-17,0.02,33.43,15.0,29.41
2014-11-18,0.14,32.78,17.08,25.27
2014-11-19,0.07,34.38,19.1,28.55
2014-11-20,1.11,33.24,22.08,21.17
2014-11-21,0.18,35.78,20.71,22.92
2014-11-22,6.66,27.99,21.94,12.92
2014-11-23,0.97,30.33,20.63,15.52
2014-11-24,10.8,29.51,20.61,16.7
2014-11-25,18.13,25.93,21.61,17.68
2014-11-26,7.82,27.63,21.16,16.21
2014-11-27,7.02,28.17,20.9,17.17
2014-11-28,13.07,28.58,20.48,18.93
2014-11-29,8.1,27.79,19.06,16.56
2014-11-30,8.01,26.55,20.3,11.48
2014-12-01,1.64,29.03,19.65,18.41
2014-12-02,0.04,28.62,17.91,18.44
2014-12-03,0.01,30.81,19.89,21.21
2014-12-04,1.26,32.46,19.81,23.76
2014-12-05,0.57,29.94,18.02,19.55
2014-12-06,2.49,30.94,18.66,23.9
2014-12-07,0.59,30.38,19.21,24.78
2014-12-08,1.96,26.6,19.55,18.74
2014-12-09,4.76,27.58,19.96,17.49
2014-12-10,9.68,26.31,19.49,14.12
2014-12-11,7.41,28.08,20.0,17.31
2014-12-12,15.47,29.51,20.0,18.84
2014-12-13,22.43,23.26,19.5,7.9
2014-12-14,1.79,30.42,19.57,21.89
2014-12-15,0.03,30.11,16.53,30.38
2014-12-16,0.0,30.92,16.18,26.75
2014-12-17,0.05,31.76,18.34,25.76
2014-12-18,1.34,31.19,20.71,26.64
2014-12-19,7.26,30.43,21.93,22.93
2014-12-20,1.51,30.9,21.36,21.42
2014-12-21,6.01,28.11,21.35,14.6
2014-12-22,14.71,27.47,21.2,18.97
2014-12-23,27.78,27.73,19.18,11.73
2014-12-24,0.81,26.81,18.07,19.97
2014-12-25,1.44,30.73,19.92,22.77
2014-12-26,0.01,31.29,20.81,29.87
2014-12-27,0.0,32.58,19.84,30.39
2014-12-28,3.98,31.87,20.16,28.49
2014-12-29,2.27,30.23,21.42,26.73
2014-12-30,5.72,31.0,20.9,24.87
2014-12-31,1.78,28.86,21.29,20.04
2015-01-01,1.91,30.81,21.1,26.8
2015-01-02,1.14,29.8,22.42,26.94
2015-01-03,5.94,31.17,21.1,26.49
2015-01-04,3.04,28.41,20.71,20.1
2015-01-05,2.22,28.19,20.0,20.61
2015-01-06,10.78,29.19,19.69,20.24
2015-01-07,1.18,31.56,19.85,25.29
2015-01-08,4.47,30.09,21.17,23.45
2015-01-09,0.25,33.65,20.44,29.3
2015-01-10,5.05,34.07,21.34,29.17
2015-01-11,10.86,33.57,21.77,28.19
2015-01-12,1.24,35.11,21.55,24.79
2015-01-13,3.41,32.72,22.59,24.74
2015-01-14,1.58,31.82,21.55,20.32
2015-01-15,0.96,30.2,21.85,28.38
2015-01-16,0.12,34.46,21.94,29.4
2015-01-17,0.25,35.24,23.04,29.14
2015-01-18,0.0,36.23,21.94,28.16
2015-01-19,0.03,37.99,22.32,29.07
2015-01-20,0.76,37.98,21.29,27.76
2015-01-21,2.35,33.64,22.64,23.62
2015-01-22,7.36,31.45,21.64,22.19
2015-01-23,3.44,28.74,20.67,22.25
2015-01-24,2.81,31.5,19.15,28.11
2015-01-25,1.98,30.2,19.3,24.7
2015-01-26,18.72,29.4,19.8,23.09
2015-01-27,4.42,28.61,20.16,17.16
2015-01-28,8.1,28.87,20.83,21.48
2015-01-29,0.63,27.73,20.92,20.6
2015-01-30,0.01,29.92,21.08,25.04
2015-01-31,13.52,31.81,20.64,26.79
2015-02-01,4.5,32.43,20.78,27.91
2015-02-02,8.26,31.39,21.28,25.03
2015-02-03,3.58,30.69,19.93,28.89
2015-02-04,2.57,28.09,21.1,13.62
2015-02-05,2.24,28.42,20.12,13.72
2015-02-06,7.07,29.53,21.3,20.28
2015-02-07,0.29,30.67,18.92,23.38
2015-02-08,3.38,31.28,18.88,23.46
2015-02-09,8.38,30.27,21.2,16.02
2015-02-10,13.51,27.3,20.75,19.46
2015-02-11,5.54,29.06,20.72,22.51
2015-02-12,4.34,30.28,21.09,24.7
2015-02-13,3.82,30.41,21.85,13.35
2015-02-14,1.19,30.99,20.29,23.19
2015-02-15,6.48,28.85,20.18,16.36
2015-02-16,0.44,25.97,19.86,17.2
2015-02-17,19.23,25.2,20.18,15.68
2015-02-18,8.38,26.12,20.41,13.08
2015-02-19,13.7,27.13,19.69,16.36
2015-02-20,5.09,26.9,20.15,16.76
2015-02-21,0.16,30.28,19.57,25.68
2015-02-22,0.02,30.6,20.49,26.98
2015-02-23,0.01,30.39,19.38,26.59
2015-02-24,3.25,29.63,19.54,26.1
2015-02-25,19.01,27.45,20.45,25.07
2015-02-26,3.89,28.76,19.52,23.73
2015-02-27,13.93,27.79,19.89,21.58
2015-02-28,3.01,28.92,20.28,25.71
2015-03-01,0.1,29.29,19.12,25.49
2015-03-02,0.15,29.21,18.41,24.68
2015-03-03,1.12,30.2,19.05,23.04
2015-03-04,1.58,30.08,19.79,23.11
2015-03-05,1.81,29.65,20.26,22.51
2015-03-06,2.03,27.4,20.83,16.93
2015-03-07,4.31,28.57,20.15,13.29
2015-03-08,6.88,26.01,20.9,11.22
2015-03-09,22.48,23.24,20.31,7.56
2015-03-10,6.95,28.67,19.98,17.53
2015-03-11,4.37,28.69,18.83,17.65
2015-03-12,4.4,27.07,20.25,13.4
2015-03-13,1.42,25.68,19.5,11.4
2015-03-14,1.67,25.37,19.0,10.53
2015-03-15,2.39,25.75,18.3,14.89
2015-03-16,6.68,29.54,17.97,21.24
2015-03-17,1.73,25.26,18.48,18.28
2015-03-18,3.97,24.22,18.75,9.06
2015-03-19,4.3,26.2,18.25,8.03
2015-03-20,13.97,26.57,18.45,13.7
2015-03-21,10.16,25.89,17.78,17.04
2015-03-22,18.26,26.38,17.89,15.16
2015-03-23,2.27,28.0,18.77,19.84
2015-03-24,0.01,28.5,17.3,24.94
2015-03-25,0.02,29.36,16.73,23.0
2015-03-26,0.06,29.04,17.04,20.98
2015-03-27,20.87,28.86,20.23,15.48
2015-03-28,1.17,29.09,20.26,21.46
2015-03-29,15.9,28.68,20.77,18.73
2015-03-30,10.19,27.37,20.08,7.58
2015-03-31,2.05,25.99,20.36,16.08
2015-04-01,0.08,28.59,17.82,19.09
2015-04-02,0.23,28.59,18.08,21.21
2015-04-03,0.06,28.11,16.77,21.6
2015-04-04,7.66,28.55,18.57,16.85
2015-04-05,13.74,27.85,19.84,10.28
2015-04-06,7.44,27.79,18.41,15.1
2015-04-07,0.01,25.57,16.4,18.9
2015-04-08,0.0,26.25,15.88,21.74
2015-04-09,0.0,26.33,17.69,20.57
2015-04-10,0.0,27.49,17.19,18.06
2015-04-11,0.01,27.94,16.8,20.95
2015-04-12,0.0,28.58,17.69,20.99
2015-04-13,0.0,28.4,16.2,21.15
2015-04-14,0.51,27.92,17.95,18.07
2015-04-15,3.32,25.35,19.36,10.13
2015-04-16,0.14,28.34,18.98,17.82
2015-04-17,0.0,28.69,18.08,19.66
2015-04-18,0.01,29.1,18.93,18.0
2015-04-19,2.96,28.34,20.69,16.27
2015-04-20,0.27,29.49,19.91,19.76
2015-04-21,4.52,27.95,20.79,15.93
2015-04-22,1.02,26.37,20.26,13.3
2015-04-23,0.08,29.08,18.13,16.53
2015-04-24,0.19,27.74,18.88,14.62
2015-04-25,0.01,27.86,16.76,19.17
2015-04-26,0.0,26.75,13.68,21.15
2015-04-27,0.07,27.78,13.56,19.14
2015-04-28,0.04,28.1,15.15,18.58
2015-04-29,0.0,26.99,15.86,16.68
2015-04-30,0.0,27.17,15.14,18.44
2015-05-01,0.11,28.12,14.18,19.27
2015-05-02,0.07,28.07,14.83,18.74
2015-05-03,0.35,29.04,16.05,17.29
2015-05-04,24.54,24.26,18.61,7.01
2015-05-05,5.46,26.79,17.76,12.73
2015-05-06,1.66,26.47,15.83,12.92
2015-05-07,0.14,25.62,14.91,19.1
2015-05-08,0.02,25.45,14.04,18.61
2015-05-09,0.0,27.73,13.77,18.17
2015-05-10,8.13,27.4,16.75,12.09
2015-05-11,2.72,24.51,15.99,7.19
2015-05-12,0.02,23.8,12.54,16.32
2015-05-13,0.02,24.78,12.9,14.36
2015-05-14,0.0,26.05,14.78,17.7
2015-05-15,0.03,24.39,15.63,9.48
2015-05-16,0.01,25.77,13.7,14.15
2015-05-17,0.0,25.53,13.92,15.86
2015-05-18,0.03,25.05,15.62,7.4
2015-05-19,3.9,23.15,17.06,12.27
2015-05-20,6.76,24.59,16.79,7.24
2015-05-21,0.15,26.59,15.59,15.37
2015-05-22,0.0,26.96,15.73,17.06
2015-05-23,0.0,25.3,15.42,10.04
2015-05-24,0.06,28.28,14.52,15.36
2015-05-25,0.04,29.26,15.59,16.09
2015-05-26,0.02,29.93,17.12,16.2
2015-05-27,0.01,29.6,16.32,16.51
2015-05-28,2.57,21.88,15.72,3.43
2015-05-29,0.92,24.82,14.02,12.88
2015-05-30,4.99,26.04,11.56,14.02
2015-05-31,16.55,27.39,15.64,7.01
2015-06-01,0.94,26.18,17.07,9.12
2015-06-02,0.66,25.8,16.82,5.29
2015-06-03,0.22,26.11,16.43,14.76
2015-06-04,0.01,27.01,15.53,15.43
2015-06-05,0.02,27.18,13.89,16.76
2015-06-06,0.01,27.83,14.22,16.17
2015-06-07,0.01,27.89,14.27,15.75
2015-06-08,0.0,28.24,14.77,16.28
2015-06-09,0.0,27.9,13.83,14.79
2015-06-10,0.0,27.74,13.07,16.37
2015-06-11,0.0,29.08,14.26,16.24
2015-06-12,0.03,28.9,15.18,14.71
2015-06-13,0.0,29.43,14.42,16.31
2015-06-14,0.0,28.87,14.87,14.91
2015-06-15,2.38,25.86,17.03,7.19
2015-06-16,0.19,25.0,14.15,15.29
2015-06-17,0.0,29.83,17.03,14.34
2015-06-18,0.12,29.88,15.94,14.02
2015-06-19,0.18,24.03,14.42,11.82
2015-06-20,0.01,23.62,13.84,16.17
2015-06-21,0.0,26.7,13.03,15.96
2015-06-22,0.0,26.94,13.21,15.04
2015-06-23,0.0,26.93,12.85,13.49
2015-06-24,0.0,25.35,14.76,13.7
2015-06-25,0.0,25.63,13.74,15.18
2015-06-26,0.0,25.58,13.77,15.78
2015-06-27,0.01,24.81,11.3,16.52
2015-06-28,0.0,25.16,10.72,16.1
2015-06-29,0.0,26.11,11.75,14.58
2015-06-30,0.54,25.41,13.75,11.01
2015-07-01,1.35,26.59,14.25,5.09
2015-07-02,1.61,25.75,15.5,7.72
2015-07-03,0.1,28.52,14.26,10.19
2015-07-04,0.74,25.14,16.01,6.9
2015-07-05,0.14,23.9,12.05,8.93
2015-07-06,1.9,28.03,14.52,10.63
2015-07-07,10.3,23.32,17.47,2.65
2015-07-08,7.62,21.89,14.96,3.64
2015-07-09,0.59,23.23,13.87,10.78
2015-07-10,0.02,28.26,13.65,15.43
2015-07-11,0.01,29.29,14.27,12.39
2015-07-12,0.0,30.71,15.05,16.45
2015-07-13,0.0,31.11,15.77,16.41
2015-07-14,0.0,31.25,15.12,15.5
2015-07-15,0.0,30.69,17.28,12.11
2015-07-16,0.0,28.01,16.64,9.44
2015-07-17,0.0,26.53,15.15,12.52
2015-07-18,0.0,28.85,14.19,16.8
2015-07-19,0.0,28.75,13.98,17.21
2015-07-20,0.0,28.81,13.28,16.54
2015-07-21,0.01,28.2,15.48,11.15
2015-07-22,0.0,27.74,13.82,13.67
2015-07-23,0.0,28.6,16.0,14.65
2015-07-24,0.48,29.75,16.27,15.62
2015-07-25,1.68,28.72,16.78,8.72
2015-07-26,0.2,27.52,15.21,15.27
2015-07-27,0.0,28.65,13.21,17.94
2015-07-28,0.0,30.02,12.61,16.1
2015-07-29,0.0,30.2,13.57,18.4
2015-07-30,0.0,30.98,12.41,18.66
2015-07-31,0.0,31.23,13.67,16.69
2015-08-01,0.0,30.7,14.53,18.47
2015-08-02,0.0,31.4,14.56,18.35
2015-08-03,0.0,31.65,13.96,19.1
2015-08-04,0.01,31.31,14.38,19.06
2015-08-05,0.0,31.35,14.25,18.26
2015-08-06,0.0,31.8,14.77,19.12
2015-08-07,0.0,32.59,14.13,19.23
2015-08-08,0.0,32.86,14.58,19.47
2015-08-09,0.0,31.86,16.12,19.0
2015-08-10,0.0,31.6,16.52,19.5
2015-08-11,0.0,31.66,16.22,19.45
2015-08-12,0.0,30.3,14.5,20.33
2015-08-13,0.0,31.07,13.56,20.46
2015-08-14,0.0,30.58,14.12,20.22
2015-08-15,0.05,31.06,14.52,18.68
2015-08-16,0.0,32.25,15.13,20.2
2015-08-17,0.0,31.95,16.51,19.8
2015-08-18,0.0,30.77,17.57,12.81
2015-08-19,0.06,31.29,17.23,19.23
2015-08-20,0.0,29.46,12.5,20.64
2015-08-21,0.0,30.64,13.8,20.47
2015-08-22,0.0,31.94,13.34,21.54
2015-08-23,0.0,33.79,14.34,21.2
2015-08-24,0.46,32.07,17.76,14.5
2015-08-25,2.02,32.09,16.37,9.42
2015-08-26,0.84,34.45,16.12,19.05
2015-08-27,2.88,32.73,19.26,4.51
2015-08-28,0.05,31.5,16.97,17.03
2015-08-29,0.01,33.86,14.19,21.53
2015-08-30,0.0,35.67,16.35,22.14
2015-08-31,0.0,36.11,17.7,22.37
2015-09-01,0.0,36.02,17.66,21.06
2015-09-02,0.0,34.0,15.84,21.46
2015-09-03,0.0,35.0,15.51,22.33
2015-09-04,0.0,35.94,19.91,21.02
2015-09-05,1.26,29.89,17.71,12.89
2015-09-06,1.31,32.72,17.1,16.28
2015-09-07,11.89,31.55,20.31,7.79
2015-09-08,9.55,31.59,20.12,10.04
2015-09-09,29.26,27.4,16.41,11.13
2015-09-10,3.95,26.38,15.29,4.97
2015-09-11,30.9,27.61,16.31,5.48
2015-09-12,3.06,26.37,14.97,7.59
2015-09-13,2.59,27.3,14.88,20.64
2015-09-14,0.33,28.83,12.64,22.91
2015-09-15,0.14,33.21,15.63,22.69
2015-09-16,0.02,34.48,19.46,23.68
2015-09-17,0.01,35.28,19.45,23.28
2015-09-18,0.0,36.02,19.76,24.0
2015-09-19,0.01,36.33,17.59,25.2
2015-09-20,0.0,35.69,16.81,25.32
2015-09-21,0.0,35.4,16.46,25.64
2015-09-22,0.0,36.0,16.56,25.77
2015-09-23,0.0,36.66,17.53,25.65
2015-09-24,0.0,38.25,22.27,24.85
2015-09-25,7.29,34.08,21.97,19.03
2015-09-26,2.07,32.53,19.54,13.81
2015-09-27,3.89,34.78,19.61,17.98
2015-09-28,3.3,28.84,20.11,8.26
2015-09-29,3.48,28.12,20.21,11.74
2015-09-30,1.12,32.38,18.77,18.01
2015-10-01,0.24,33.79,18.68,17.5
2015-10-02,0.02,36.78,20.05,22.99
2015-10-03,0.07,29.46,21.14,12.67
2015-10-04,0.0,31.5,19.32,12.24
2015-10-05,0.0,33.74,17.34,26.06
2015-10-06,0.0,35.33,15.62,26.68
2015-10-07,0.0,38.0,18.63,26.15
2015-10-08,0.0,38.16,21.43,25.12
2015-10-09,3.09,37.79,21.89,21.72
2015-10-10,3.75,28.26,21.62,8.77
2015-10-11,0.0,33.71,20.73,18.29
2015-10-12,0.06,35.87,19.22,20.72
2015-10-13,0.56,32.72,19.2,23.76
2015-10-14,0.03,39.34,19.66,26.53
2015-10-15,0.0,40.71,19.86,27.55
2015-10-16,0.0,40.26,21.39,25.33
2015-10-17,0.0,40.51,21.67,24.67
2015-10-18,0.0,38.5,19.25,26.34
2015-10-19,0.0,38.84,18.87,26.04
2015-10-20,0.18,41.02,23.03,25.0
2015-10-21,0.03,39.68,25.17,20.96
2015-10-22,6.93,37.3,23.62,19.56
2015-10-23,2.65,36.81,22.49,15.5
2015-10-24,0.17,35.64,19.65,25.11
2015-10-25,2.34,35.59,20.08,22.34
2015-10-26,10.69,30.32,21.47,16.67
2015-10-27,15.86,33.18,20.39,20.73
2015-10-28,16.96,29.29,21.31,14.41
2015-10-29,0.39,33.26,18.56,27.2
2015-10-30,0.11,34.04,19.29,26.88
2015-10-31,11.26,32.34,21.77,7.5
2015-11-01,27.4,25.24,21.71,10.3
2015-11-02,15.23,28.79,20.62,15.99
2015-11-03,3.57,25.93,21.56,11.09
2015-11-04,8.33,27.63,20.91,18.68
2015-11-05,3.0,28.69,20.42,21.17
2015-11-06,1.24,31.06,19.58,22.79
2015-11-07,0.11,31.06,17.39,12.18
2015-11-08,4.5,32.02,19.28,19.73
2015-11-09,4.29,29.05,20.82,18.23
2015-11-10,0.05,33.09,20.79,24.26
2015-11-11,1.35,31.52,22.41,19.08
2015-11-12,0.94,34.0,21.86,27.6
2015-11-13,0.75,33.68,21.61,23.67
2015-11-14,13.0,30.78,21.53,22.3
2015-11-15,8.01,29.27,21.73,16.09
2015-11-16,8.11,28.72,21.55,22.28
2015-11-17,5.27,30.83,20.59,22.11
2015-11-18,1.17,30.7,20.92,25.04
2015-11-19,24.22,29.57,22.08,22.17
2015-11-20,5.12,28.13,22.4,11.16
2015-11-21,0.43,30.58,21.14,19.08
2015-11-22,1.01,31.56,20.17,23.82
2015-11-23,24.24,29.01,22.31,15.71
2015-11-24,28.98,25.43,21.77,2.56
2015-11-25,5.13,24.93,19.98,5.3
2015-11-26,0.13,29.45,19.3,23.09
2015-11-27,0.01,30.88,19.22,28.33
2015-11-28,8.14,27.78,21.77,23.53
2015-11-29,5.5,29.67,21.16,18.89
2015-11-30,10.83,27.34,19.34,17.98
2015-12-01,2.61,29.37,17.97,20.64
2015-12-02,11.4,27.18,21.32,22.93
2015-12-03,8.82,27.33,20.76,20.88
2015-12-04,7.62,28.99,20.21,22.88
2015-12-05,8.25,26.96,21.05,20.9
2015-12-06,6.59,28.13,20.68,15.81
2015-12-07,12.0,27.45,19.77,17.04
2015-12-08,7.04,27.83,20.25,22.9
2015-12-09,3.32,27.46,20.46,18.95
2015-12-10,5.25,27.76,21.29,9.82
2015-12-11,3.68,28.0,20.81,24.45
2015-12-12,3.32,29.35,21.14,24.66
2015-12-13,1.97,25.66,20.29,15.84
2015-12-14,1.38,29.6,20.0,26.17
2015-12-15,7.82,29.11,21.19,18.7
2015-12-16,1.07,27.38,20.69,14.39
2015-12-17,1.42,30.56,19.38,28.75
2015-12-18,0.33,31.03,20.37,29.68
2015-12-19,0.27,28.53,22.44,24.22
2015-12-20,1.16,28.58,21.06,18.13
2015-12-21,6.81,30.24,19.74,26.0
2015-12-22,1.08,29.32,20.88,26.65
2015-12-23,2.52,30.13,22.03,23.07
2015-12-24,3.2,30.64,21.39,22.37
2015-12-25,4.15,28.66,22.11,18.07
2015-12-26,9.21,26.34,21.57,17.83
2015-12-27,16.39,27.45,21.05,17.43
2015-12-28,17.28,25.13,20.94,15.04
2015-12-29,12.22,25.27,20.42,10.07
2015-12-30,5.31,26.91,20.19,14.66
2015-12-31,1.0,28.49,20.6,18.36
2016-01-01,3.47,27.65,21.5,18.24
2016-01-02,2.96,29.21,21.48,19.15
2016-01-03,13.43,28.02,21.46,12.33
2016-01-04,4.01,29.14,20.88,17.78
2016-01-05,0.65,29.81,20.92,23.49
2016-01-06,0.02,30.23,19.87,23.81
2016-01-07,0.19,29.5,20.99,25.22
2016-01-08,12.92,28.05,20.14,19.53
2016-01-09,15.13,25.61,21.72,9.57
2016-01-10,19.38,27.12,21.65,17.45
2016-01-11,23.64,26.04,21.94,7.32
2016-01-12,50.61,26.44,22.1,5.87
2016-01-13,54.91,27.26,22.05,9.19
2016-01-14,19.55,27.69,22.03,10.72
2016-01-15,44.95,27.39,21.75,10.67
2016-01-16,18.96,26.65,19.23,21.67
2016-01-17,1.14,27.88,17.04,23.39
2016-01-18,0.45,28.24,17.6,23.86
2016-01-19,1.74,28.22,17.58,15.71
2016-01-20,4.09,28.5,18.42,19.77
2016-01-21,0.13,28.76,17.92,26.93
2016-01-22,0.0,28.55,16.44,29.26
2016-01-23,0.09,29.36,17.16,24.72
2016-01-24,8.83,26.96,20.21,23.33
2016-01-25,11.92,29.26,20.5,27.05
2016-01-26,1.08,30.55,20.05,24.51
2016-01-27,5.57,28.32,21.85,14.55
2016-01-28,6.41,27.15,21.17,19.87
2016-01-29,9.43,25.06,21.28,13.32
2016-01-30,2.2,27.9,20.71,20.69
2016-01-31,0.02,30.03,20.34,28.05
2016-02-01,0.01,30.91,18.83,28.2
2016-02-02,0.15,31.46,19.41,29.07
2016-02-03,1.57,30.81,21.67,27.45
2016-02-04,2.11,26.88,22.32,22.87
2016-02-05,3.66,29.93,21.34,25.15
2016-02-06,1.58,30.8,21.89,19.09
2016-02-07,5.34,27.75,21.32,22.67
2016-02-08,6.95,29.45,21.01,23.68
2016-02-09,0.18,30.7,19.85,26.64
2016-02-10,0.23,30.47,20.37,26.09
2016-02-11,27.44,28.97,21.27,21.2
2016-02-12,2.68,30.0,18.48,19.59
2016-02-13,1.61,30.53,18.11,26.09
2016-02-14,0.89,31.34,21.04,23.5
2016-02-15,9.82,26.14,22.3,24.63
2016-02-16,25.17,26.51,21.48,15.99
2016-02-17,9.29,29.24,21.02,19.63
2016-02-18,5.98,30.74,21.01,18.95
2016-02-19,4.57,28.3,21.66,22.83
2016-02-20,11.37,26.88,21.46,22.32
2016-02-21,6.88,26.53,21.15,10.44
2016-02-22,7.18,26.11,20.32,12.88
2016-02-23,2.06,25.67,20.6,11.36
2016-02-24,4.87,27.3,19.96,14.17
2016-02-25,4.19,29.68,19.46,20.93
2016-02-26,8.22,28.97,20.08,20.58
2016-02-27,10.39,26.6,21.49,18.23
2016-02-28,5.35,26.28,21.3,18.73
2016-02-29,1.99,26.63,19.48,13.88
2016-03-01,8.78,24.54,18.13,13.38
2016-03-02,5.42,27.83,19.13,17.66
2016-03-03,17.6,27.31,20.41,16.19
2016-03-04,19.57,27.76,21.07,19.43
2016-03-05,13.18,27.77,21.27,17.76
2016-03-06,12.03,29.8,20.11,20.2
2016-03-07,9.69,27.46,20.67,20.9
2016-03-08,1.29,29.99,20.3,23.98
2016-03-09,1.52,27.98,20.95,22.91
2016-03-10,18.75,26.26,21.88,15.64
2016-03-11,11.81,28.66,21.13,16.7
2016-03-12,0.07,27.88,17.81,21.46
2016-03-13,0.07,28.77,18.14,22.37
2016-03-14,7.01,28.54,18.89,23.53
2016-03-15,6.85,27.6,20.18,15.16
2016-03-16,5.0,26.11,20.29,16.48
2016-03-17,4.53,27.98,18.66,22.02
2016-03-18,0.97,28.98,18.67,24.3
2016-03-19,0.01,30.04,18.78,25.23
2016-03-20,0.0,29.79,16.23,24.23
2016-03-21,0.03,29.85,19.07,23.36
2016-03-22,4.3,29.61,19.81,18.86
2016-03-23,4.7,27.38,21.25,19.75
2016-03-24,2.92,25.4,20.39,12.15
2016-03-25,7.38,27.35,20.75,11.35
2016-03-26,4.23,28.13,20.48,18.9
2016-03-27,1.93,27.9,20.93,16.77
2016-03-28,4.26,29.27,20.62,20.18
2016-03-29,1.73,28.4,20.14,20.84
2016-03-30,0.05,26.77,20.31,17.99
2016-03-31,0.67,28.72,19.99,21.28
2016-04-01,0.03,28.67,19.15,22.54
2016-04-02,0.05,29.63,18.69,22.31
2016-04-03,0.01,30.86,19.18,22.07
2016-04-04,0.04,30.64,18.88,22.1
2016-04-05,0.01,29.63,19.78,22.72
2016-04-06,0.0,29.19,17.47,22.67
2016-04-07,0.0,30.26,18.02,22.94
2016-04-08,0.01,30.41,18.13,22.85
2016-04-09,0.02,30.62,17.26,22.54
2016-04-10,0.0,30.5,17.86,22.24
2016-04-11,0.0,29.76,18.27,20.4
2016-04-12,0.0,29.51,19.02,19.77
2016-04-13,0.35,29.57,18.97,21.33
2016-04-14,0.38,29.77,19.19,20.33
2016-04-15,0.04,30.23,18.86,19.9
2016-04-16,0.0,30.08,18.12,21.32
2016-04-17,0.0,29.85,17.71,21.74
2016-04-18,0.0,29.8,18.19,20.58
2016-04-19,0.0,29.51,17.5,21.1
2016-04-20,0.0,29.81,18.39,19.82
2016-04-21,0.0,29.65,16.94,19.22
2016-04-22,0.0,30.16,18.99,19.29
2016-04-23,0.01,30.16,18.14,18.84
2016-04-24,0.0,30.31,17.26,20.3
2016-04-25,0.26,29.64,17.58,17.63
2016-04-26,2.87,27.35,18.92,5.25
2016-04-27,3.49,20.97,12.05,8.65
2016-04-28,0.16,22.79,9.08,17.52
2016-04-29,0.43,22.43,13.24,7.12
2016-04-30,0.13,23.18,11.85,19.12
2016-05-01,0.02,23.4,10.56,20.81
2016-05-02,0.0,25.05,8.42,20.75
2016-05-03,0.0,27.15,10.33,19.18
2016-05-04,0.0,26.7,11.2,19.3
2016-05-05,0.0,26.88,11.95,18.73
2016-05-06,0.0,28.19,12.41,18.83
2016-05-07,0.0,28.34,13.48,13.4
2016-05-08,0.0,29.88,16.0,14.36
2016-05-09,0.04,30.9,16.65,14.34
2016-05-10,1.02,29.06,17.12,4.93
2016-05-11,4.04,25.54,17.22,11.34
2016-05-12,0.41,27.7,16.86,15.23
2016-05-13,0.0,26.32,15.23,10.36
2016-05-14,0.0,27.91,15.45,17.41
2016-05-15,5.38,29.13,14.97,17.14
2016-05-16,5.81,28.94,17.84,14.13
2016-05-17,7.37,25.27,16.36,11.47
2016-05-18,1.66,23.71,15.68,9.44
2016-05-19,0.11,23.69,15.48,11.84
2016-05-20,22.24,29.21,15.37,16.12
2016-05-21,6.27,26.77,17.4,8.7
2016-05-22,1.05,28.18,16.93,15.84
2016-05-23,0.64,20.39,12.0,11.65
2016-05-24,0.09,22.53,7.85,18.15
2016-05-25,0.03,26.21,11.27,17.22
2016-05-26,0.01,26.4,13.09,16.59
2016-05-27,0.0,25.13,14.42,13.44
2016-05-28,0.2,26.94,14.03,15.72
2016-05-29,2.75,26.72,14.86,4.23
2016-05-30,21.9,25.0,15.78,3.38
2016-05-31,3.21,25.71,15.57,10.08
2016-06-01,20.94,24.1,17.73,14.69
2016-06-02,16.67,23.7,16.78,11.9
2016-06-03,20.63,22.0,14.39,4.69
2016-06-04,5.06,23.1,15.73,7.79
2016-06-05,1.42,27.08,19.27,9.15
2016-06-06,12.77,25.77,19.59,10.69
2016-06-07,5.25,21.0,14.71,5.01
2016-06-08,2.22,20.46,12.11,12.12
2016-06-09,0.01,20.1,7.2,15.2
2016-06-10,0.02,21.45,7.64,12.56
2016-06-11,0.0,19.53,5.71,16.58
2016-06-12,0.0,18.57,4.33,16.65
2016-06-13,0.0,20.16,3.87,16.93
2016-06-14,0.0,22.89,8.04,16.12
2016-06-15,0.0,24.44,9.76,15.47
2016-06-16,0.01,24.46,10.68,16.49
2016-06-17,0.0,24.77,10.28,15.04
2016-06-18,0.0,25.04,10.16,16.58
2016-06-19,0.0,25.11,10.24,16.23
2016-06-20,0.02,24.42,10.31,15.96
2016-06-21,0.02,24.23,11.48,14.69
2016-06-22,2.77,24.53,14.07,13.38
2016-06-23,0.77,24.33,14.16,13.83
2016-06-24,0.05,25.15,13.11,15.36
2016-06-25,0.01,25.39,12.49,14.98
2016-06-26,0.0,24.25,12.85,15.7
2016-06-27,0.0,23.96,10.38,16.41
2016-06-28,0.0,24.45,10.14,15.82
2016-06-29,0.0,25.79,11.58,15.12
2016-06-30,0.0,25.37,13.84,14.02
2016-07-01,0.0,26.29,13.76,13.88
2016-07-02,0.0,26.44,12.77,15.82
2016-07-03,0.0,27.11,13.32,15.11
2016-07-04,0.0,26.86,13.05,16.57
2016-07-05,0.0,26.84,12.82,15.16
2016-07-06,0.0,27.41,14.51,11.69
2016-07-07,0.0,23.89,10.97,17.14
2016-07-08,0.0,24.22,7.49,17.64
2016-07-09,0.0,26.56,7.55,17.5
2016-07-10,0.0,28.83,13.32,16.77
2016-07-11,0.0,29.73,14.11,17.04
2016-07-12,0.01,29.84,13.64,16.83
2016-07-13,0.0,30.13,14.49,16.91
2016-07-14,0.0,29.52,13.51,16.97
2016-07-15,0.0,29.77,15.28,16.63
2016-07-16,1.04,29.75,13.11,10.65
2016-07-17,0.1,21.58,7.41,18.09
2016-07-18,0.0,22.35,3.81,18.05
2016-07-19,0.0,24.53,7.01,16.52
2016-07-20,0.0,25.19,8.78,17.54
2016-07-21,0.01,24.83,10.1,16.06
2016-07-22,0.0,25.01,9.98,17.49
2016-07-23,0.01,28.44,10.03,17.74
2016-07-24,0.0,30.04,12.61,17.37
2016-07-25,0.0,29.72,13.29,18.15
2016-07-26,0.0,29.47,12.1,14.83
2016-07-27,0.0,29.93,14.67,17.14
2016-07-28,0.0,28.25,12.24,16.77
2016-07-29,0.0,27.54,12.29,16.43
2016-07-30,0.0,28.69,12.98,16.38
2016-07-31,0.0,28.66,13.8,18.15
2016-08-01,0.0,28.77,12.86,14.67
2016-08-02,0.0,29.01,14.01,18.26
2016-08-03,0.0,29.3,13.33,18.17
2016-08-04,0.0,29.32,14.14,16.2
2016-08-05,0.0,30.7,15.57,15.88
2016-08-06,0.0,31.38,15.14,19.16
2016-08-07,0.0,32.62,15.08,17.33
2016-08-08,0.0,33.06,15.21,18.27
2016-08-09,0.0,31.68,16.04,16.37
2016-08-10,0.26,24.59,14.93,6.38
2016-08-11,0.0,24.63,9.34,21.11
2016-08-12,0.02,27.62,9.28,20.74
2016-08-13,0.0,30.71,8.08,19.43
2016-08-14,0.0,33.43,13.38,18.64
2016-08-15,2.18,33.97,16.07,12.49
2016-08-16,3.12,32.32,17.5,10.16
2016-08-17,0.0,32.6,15.77,19.58
2016-08-18,0.11,33.9,17.6,18.48
2016-08-19,0.85,35.03,19.03,18.52
2016-08-20,12.09,32.39,20.4,6.91
2016-08-21,11.05,21.38,11.82,7.75
2016-08-22,0.08,22.17,9.5,19.35
2016-08-23,0.0,28.19,8.78,20.37
2016-08-24,0.0,31.21,12.71,21.52
2016-08-25,0.0,31.39,14.2,21.52
2016-08-26,0.0,31.35,12.85,21.94
2016-08-27,0.0,32.08,12.75,22.23
2016-08-28,0.0,33.52,14.59,22.28
2016-08-29,0.0,34.31,16.51,21.52
2016-08-30,5.57,30.51,18.17,15.05
2016-08-31,4.25,23.28,14.48,5.19
2016-09-01,0.12,30.09,13.49,17.3
2016-09-02,0.01,32.59,14.52,20.54
2016-09-03,0.0,30.12,19.72,13.07
2016-09-04,0.0,28.68,16.97,7.48
2016-09-05,1.44,32.75,16.73,19.53
2016-09-06,3.54,25.65,17.71,8.91
2016-09-07,0.01,26.65,15.4,15.04
2016-09-08,0.0,29.55,11.45,22.5
2016-09-09,0.19,30.68,12.96,22.85
2016-09-10,0.0,33.51,14.68,22.32
2016-09-11,0.0,35.05,16.69,22.06
2016-09-12,0.0,35.93,18.99,22.75
2016-09-13,0.0,36.21,20.06,17.62
2016-09-14,0.0,33.59,18.02,14.17
2016-09-15,0.0,32.49,14.7,22.33
2016-09-16,0.0,34.8,14.85,19.51
2016-09-17,0.04,37.43,17.01,20.89
2016-09-18,0.0,37.96,19.99,20.95
2016-09-19,1.75,37.66,20.7,17.13
2016-09-20,1.03,29.76,16.7,19.36
2016-09-21,0.0,29.51,10.69,26.72
2016-09-22,0.0,33.38,12.03,26.39
2016-09-23,0.0,36.08,14.79,24.9
2016-09-24,0.0,34.38,15.72,22.44
2016-09-25,0.0,32.43,16.03,20.66
2016-09-26,0.0,31.92,13.87,26.4
2016-09-27,0.03,33.24,13.59,27.3
2016-09-28,0.0,35.39,14.26,26.81
2016-09-29,0.0,35.83,15.13,27.79
2016-09-30,0.0,34.34,14.84,26.03
2016-10-01,0.01,33.38,15.55,24.36
2016-10-02,0.0,34.45,16.4,26.23
2016-10-03,3.78,33.18,18.57,17.84
2016-10-04,2.04,25.56,17.56,13.96
2016-10-05,0.02,30.21,16.24,20.99
2016-10-06,0.01,28.96,16.31,20.99
2016-10-07,0.0,29.76,11.79,28.08
2016-10-08,0.0,33.39,14.2,28.03
2016-10-09,0.0,35.77,16.08,27.64
2016-10-10,0.0,35.68,16.61,27.42
2016-10-11,12.67,35.48,20.94,21.24
2016-10-12,4.32,30.21,19.98,24.13
2016-10-13,10.8,29.4,20.15,9.77
2016-10-14,15.07,31.52,18.75,6.83
2016-10-15,1.01,33.03,20.24,22.43
2016-10-16,0.33,35.75,20.4,23.08
2016-10-17,0.41,37.36,21.8,26.69
2016-10-18,2.07,35.36,21.93,23.17
2016-10-19,0.51,36.8,21.67,24.98
2016-10-20,1.57,29.0,21.59,15.08
2016-10-21,3.27,30.33,20.66,20.35
2016-10-22,21.44,29.81,18.17,19.0
2016-10-23,3.95,32.83,19.55,22.89
2016-10-24,5.49,33.33,20.56,20.91
2016-10-25,6.25,28.16,22.11,11.75
2016-10-26,5.32,31.23,20.67,22.74
2016-10-27,3.39,27.91,18.96,18.15
2016-10-28,0.0,29.26,15.15,30.36
2016-10-29,0.01,31.31,12.22,29.26
2016-10-30,0.08,32.81,14.95,27.15
2016-10-31,9.29,31.77,19.3,25.23
2016-11-01,2.31,30.02,19.67,16.14
2016-11-02,3.02,31.72,19.29,22.65
2016-11-03,5.14,27.82,20.45,12.83
2016-11-04,1.1,29.32,17.9,18.04
2016-11-05,3.6,31.73,18.89,24.53
2016-11-06,12.72,29.02,19.16,24.83
2016-11-07,0.74,30.37,18.08,27.79
2016-11-08,0.13,31.62,18.21,28.34
2016-11-09,4.91,33.1,19.6,21.84
2016-11-10,1.88,34.39,20.16,27.07
2016-11-11,3.23,33.07,20.71,23.52
2016-11-12,7.2,27.76,18.33,18.27
2016-11-13,26.64,24.51,17.65,6.94
2016-11-14,12.85,24.87,18.35,13.45
2016-11-15,0.13,29.79,16.54,25.21
2016-11-16,0.99,31.2,18.33,25.7
2016-11-17,1.16,31.8,20.58,21.53
2016-11-18,0.45,30.86,15.91,22.09
2016-11-19,0.01,27.99,12.21,30.95
2016-11-20,0.0,30.84,11.72,31.08
2016-11-21,0.22,31.15,15.62,24.79
2016-11-22,3.33,28.95,20.44,19.48
2016-11-23,0.54,32.42,19.91,18.26
2016-11-24,0.02,33.73,19.86,22.99
2016-11-25,2.24,31.65,20.57,25.58
2016-11-26,4.27,29.64,21.3,19.76
2016-11-27,0.15,31.33,20.9,27.07
2016-11-28,5.3,28.19,21.76,21.74
2016-11-29,7.51,29.05,19.82,22.36
2016-11-30,0.31,27.04,16.78,24.79
2016-12-01,1.98,27.87,16.99,21.03
2016-12-02,1.76,30.59,19.59,22.95
2016-12-03,4.03,28.43,21.11,11.61
2016-12-04,7.92,29.8,20.98,16.26
2016-12-05,4.01,31.99,18.37,27.38
2016-12-06,0.06,34.33,18.39,28.79
2016-12-07,5.31,33.01,20.04,27.22
2016-12-08,14.69,29.16,21.16,25.95
2016-12-09,10.02,28.92,20.76,19.69
2016-12-10,3.76,27.99,20.34,18.69
2016-12-11,10.2,28.78,20.86,17.72
2016-12-12,3.91,29.09,21.34,21.22
2016-12-13,9.29,28.66,21.94,20.32
2016-12-14,4.57,29.27,21.65,18.96
2016-12-15,1.96,25.37,17.34,21.44
2016-12-16,0.23,28.08,15.95,19.94
2016-12-17,1.11,28.74,17.7,28.23
2016-12-18,0.85,29.63,19.15,27.99
2016-12-19,11.99,27.35,18.54,20.78
2016-12-20,3.76,28.35,19.14,18.77
2016-12-21,3.61,27.64,19.54,14.55
2016-12-22,0.74,26.43,20.51,22.42
2016-12-23,3.68,29.94,19.91,26.28
2016-12-24,1.06,31.13,20.76,22.32
2016-12-25,6.49,32.26,20.04,29.31
2016-12-26,4.06,32.01,20.68,28.3
2016-12-27,0.46,32.51,20.82,28.29
2016-12-28,1.92,32.69,21.33,21.26
2016-12-29,3.83,30.82,21.6,27.09
2016-12-30,3.38,29.97,21.59,27.68
2016-12-31,1.34,30.59,21.25,25.23
2017-01-01,0.95,32.5,20.97,27.51
2017-01-02,0.75,31.76,20.98,21.53
2017-01-03,4.89,30.45,21.89,23.33
2017-01-04,3.41,30.33,20.92,21.26
2017-01-05,4.67,28.37,20.54,14.26
2017-01-06,3.2,31.08,20.71,25.59
2017-01-07,1.04,31.27,21.35,28.02
2017-01-08,1.64,32.33,21.27,25.81
2017-01-09,9.4,28.77,22.54,20.36
2017-01-10,21.54,28.61,21.39,15.3
2017-01-11,7.44,26.28,21.65,17.07
2017-01-12,21.54,26.61,21.01,15.44
2017-01-13,3.33,26.04,20.42,13.94
2017-01-14,2.52,29.5,19.28,25.2
2017-01-15,7.06,26.35,20.35,22.46
2017-01-16,7.87,25.54,19.85,12.14
2017-01-17,14.22,26.13,19.25,13.07
2017-01-18,22.38,24.85,20.75,12.72
2017-01-19,17.86,24.99,19.85,12.38
2017-01-20,18.43,24.61,19.19,13.96
2017-01-21,4.4,25.59,18.73,13.04
2017-01-22,7.25,24.82,19.07,16.38
2017-01-23,3.74,25.67,19.12,18.9
2017-01-24,5.64,28.65,19.1,22.61
2017-01-25,7.07,25.03,20.27,18.76
2017-01-26,6.34,25.3,20.58,9.27
2017-01-27,2.34,25.8,19.98,10.47
2017-01-28,7.45,29.94,20.59,25.11
2017-01-29,0.32,29.23,18.96,27.51
2017-01-30,0.1,28.77,19.26,25.83
2017-01-31,14.94,24.43,21.23,10.71
2017-02-01,11.54,27.69,19.81,19.38
2017-02-02,20.26,26.23,19.85,20.59
2017-02-03,4.18,25.58,19.86,19.45
2017-02-04,1.91,29.11,18.96,25.97
2017-02-05,2.08,30.12,20.83,23.9
2017-02-06,6.48,28.66,21.41,25.0
2017-02-07,1.76,28.59,21.78,27.36
2017-02-08,0.74,30.55,20.32,26.88
2017-02-09,0.09,29.27,19.93,26.39
2017-02-10,0.0,29.38,18.69,26.54
2017-02-11,1.49,28.53,19.97,24.09
2017-02-12,2.73,27.94,21.11,24.16
2017-02-13,0.07,28.86,20.83,24.57
2017-02-14,0.05,29.1,19.53,25.71
2017-02-15,0.0,29.02,18.59,27.65
2017-02-16,0.45,29.72,19.03,26.53
2017-02-17,0.74,27.21,20.86,21.76
2017-02-18,7.99,28.54,20.75,24.0
2017-02-19,1.13,30.37,21.18,27.07
2017-02-20,0.35,31.1,20.55,27.36
2017-02-21,0.01,29.99,20.79,26.32
2017-02-22,0.0,29.03,20.97,25.91
2017-02-23,0.17,30.21,19.61,25.91
2017-02-24,10.37,25.8,20.08,18.69
2017-02-25,1.26,25.78,18.73,13.45
2017-02-26,9.15,27.45,19.1,17.64
2017-02-27,3.7,27.41,19.26,24.16
2017-02-28,1.37,27.62,20.3,23.56
2017-03-01,1.19,28.68,19.15,21.01
2017-03-02,8.76,27.56,21.61,15.64
2017-03-03,7.34,27.65,19.88,17.36
2017-03-04,5.81,28.31,20.97,20.55
2017-03-05,11.63,26.99,20.63,17.9
2017-03-06,7.64,25.92,21.14,17.51
2017-03-07,5.46,30.1,20.36,22.86
2017-03-08,0.84,30.12,21.14,24.01
2017-03-09,0.73,29.9,20.99,24.77
2017-03-10,0.94,30.14,21.42,23.95
2017-03-11,0.46,29.79,20.82,22.96
2017-03-12,0.25,30.34,21.17,24.65
2017-03-13,0.32,30.27,21.99,20.52
2017-03-14,2.72,30.17,21.01,23.92
2017-03-15,10.93,28.71,21.29,21.76
2017-03-16,0.07,30.02,18.57,24.61
2017-03-17,0.03,30.82,19.41,22.89
2017-03-18,31.77,28.08,19.01,16.6
2017-03-19,7.86,24.72,18.41,14.86
2017-03-20,0.33,27.98,17.27,22.59
2017-03-21,0.0,27.93,16.65,24.42
2017-03-22,0.0,29.08,16.09,24.1
2017-03-23,0.0,28.61,17.35,21.25
2017-03-24,0.0,29.97,18.3,22.59
2017-03-25,0.0,30.54,18.88,22.41
2017-03-26,1.74,30.28,18.84,23.42
2017-03-27,0.54,29.42,17.95,13.26
2017-03-28,0.04,28.02,18.47,19.13
2017-03-29,0.01,28.36,16.43,23.73
2017-03-30,0.0,29.34,15.19,23.1
2017-03-31,0.0,28.65,15.89,22.74
2017-04-01,0.0,27.98,13.99,24.28
2017-04-02,0.0,29.18,14.67,24.46
2017-04-03,0.0,29.72,15.42,21.28
2017-04-04,0.0,31.8,16.03,19.95
2017-04-05,5.61,32.47,18.14,19.57
2017-04-06,17.0,26.88,20.97,12.26
2017-04-07,13.56,27.2,20.24,14.46
2017-04-08,10.32,29.27,20.1,18.01
2017-04-09,0.79,29.01,19.56,19.35
2017-04-10,0.14,30.44,20.04,20.15
2017-04-11,0.2,29.62,20.06,17.83
2017-04-12,1.49,26.2,18.52,16.08
2017-04-13,0.08,28.61,17.02,21.22
2017-04-14,0.01,30.92,17.48,20.93
2017-04-15,0.35,31.33,18.14,20.31
2017-04-16,0.11,31.18,17.64,18.25
2017-04-17,0.36,29.87,19.52,8.27
2017-04-18,0.1,29.66,16.9,19.56
2017-04-19,0.04,29.49,17.65,19.25
2017-04-20,5.97,31.0,19.64,16.47
2017-04-21,21.7,24.4,18.76,8.4
2017-04-22,0.51,25.25,15.11,18.52
2017-04-23,0.06,27.31,14.96,20.35
2017-04-24,0.16,29.26,15.8,20.04
2017-04-25,0.43,30.01,17.43,19.32
2017-04-26,2.79,25.93,20.19,6.77
2017-04-27,23.07,25.38,18.2,9.16
2017-04-28,0.17,24.23,14.68,14.45
2017-04-29,0.05,27.16,15.49,16.91
2017-04-30,0.01,27.22,16.01,18.46
2017-05-01,0.0,27.23,15.53,17.84
2017-05-02,0.0,27.88,16.19,15.88
2017-05-03,0.04,28.94,15.05,18.35
2017-05-04,0.48,28.4,15.87,15.58
2017-05-05,8.88,28.58,17.54,12.17
2017-05-06,3.16,27.0,16.52,18.32
2017-05-07,0.02,26.98,15.29,19.26
2017-05-08,0.06,27.89,14.59,19.77
2017-05-09,0.05,27.85,13.27,19.39
2017-05-10,0.01,27.98,14.74,18.27
2017-05-11,0.0,27.45,15.59,18.0
2017-05-12,0.0,29.15,14.65,18.07
2017-05-13,0.01,29.81,15.0,17.62
2017-05-14,1.16,27.47,18.27,7.49
2017-05-15,2.37,28.87,18.67,14.01
2017-05-16,0.24,23.6,16.23,11.23
2017-05-17,0.02,28.75,14.81,14.88
2017-05-18,17.69,28.63,17.43,4.92
2017-05-19,25.72,26.75,19.45,6.18
2017-05-20,14.3,23.62,19.61,9.75
2017-05-21,9.82,25.25,18.41,7.13
2017-05-22,16.68,26.84,18.53,9.91
2017-05-23,0.02,25.55,14.59,15.35
2017-05-24,0.11,25.74,15.34,16.12
2017-05-25,0.04,27.32,17.1,16.36
2017-05-26,0.01,27.82,17.28,16.61
2017-05-27,0.02,27.82,17.24,14.58
2017-05-28,0.01,26.79,15.76,13.48
2017-05-29,0.03,27.09,14.87,15.27
2017-05-30,0.0,26.76,15.08,15.02
2017-05-31,0.01,26.19,14.17,15.8
2017-06-01,0.07,23.48,14.11,4.55
2017-06-02,0.0,22.28,10.55,17.28
2017-06-03,0.03,25.95,10.34,16.89
2017-06-04,0.01,29.9,13.66,16.32
2017-06-05,0.69,29.45,15.86,11.14
2017-06-06,0.05,29.64,16.28,14.42
2017-06-07,0.01,29.91,15.97,16.17
2017-06-08,0.02,29.62,14.87,16.04
2017-06-09,0.45,23.73,11.39,7.03
2017-06-10,0.0,21.01,7.12,17.54
2017-06-11,0.02,24.53,5.89,17.18
2017-06-12,2.27,23.18,12.0,4.12
2017-06-13,2.98,25.37,13.58,6.3
2017-06-14,0.26,25.8,14.97,15.25
2017-06-15,0.08,26.45,13.51,16.57
2017-06-16,0.04,26.28,12.35,16.43
2017-06-17,0.03,27.67,12.5,16.14
2017-06-18,0.01,27.19,12.07,12.58
2017-06-19,0.0,27.22,14.43,16.28
2017-06-20,0.0,25.99,13.49,10.71
2017-06-21,0.0,26.77,13.16,16.32
2017-06-22,0.0,26.53,13.58,16.4
2017-06-23,0.01,26.7,13.72,16.5
2017-06-24,0.02,26.38,12.77,16.2
2017-06-25,0.0,25.48,12.59,16.72
2017-06-26,0.01,26.21,11.06,16.9
2017-06-27,0.0,26.29,12.89,16.08
2017-06-28,0.02,27.3,12.31,16.04
2017-06-29,0.0,27.59,12.61,14.75
2017-06-30,0.0,27.29,12.22,13.95
2017-07-01,0.0,26.32,12.35,15.42
2017-07-02,0.0,23.42,12.04,15.32
2017-07-03,0.0,23.04,10.31,16.44
2017-07-04,0.0,22.13,8.55,16.28
2017-07-05,0.0,23.16,9.81,16.01
2017-07-06,0.03,24.49,10.29,14.08
2017-07-07,0.03,25.72,11.51,13.15
2017-07-08,0.0,25.1,12.72,12.46
2017-07-09,0.0,26.48,12.58,16.23
2017-07-10,0.0,27.11,11.8,15.11
2017-07-11,0.0,28.01,12.42,16.05
2017-07-12,0.0,28.53,12.32,17.09
2017-07-13,0.0,28.23,12.47,17.16
2017-07-14,0.0,27.92,12.36,17.31
2017-07-15,0.0,27.56,12.53,16.37
2017-07-16,0.0,27.92,11.81,15.74
2017-07-17,0.0,28.46,11.72,17.37
2017-07-18,0.0,21.67,10.55,5.58
2017-07-19,0.24,24.64,8.97,16.19
2017-07-20,0.02,27.15,12.35,15.9
2017-07-21,0.0,28.54,13.57,16.65
2017-07-22,0.0,27.7,12.24,18.2
2017-07-23,0.0,29.36,11.04,17.9
2017-07-24,0.0,28.37,12.08,18.33
2017-07-25,0.0,29.11,13.05,17.78
2017-07-26,0.01,28.85,12.57,18.53
2017-07-27,0.0,28.57,11.61,18.48
2017-07-28,0.0,28.04,11.35,18.54
2017-07-29,0.0,28.23,12.19,18.67
2017-07-30,0.0,27.45,13.56,18.18
2017-07-31,0.0,26.56,11.24,16.76
2017-08-01,0.0,27.8,10.79,13.37
2017-08-02,0.0,29.28,11.73,15.9
2017-08-03,0.06,24.38,12.64,12.08
2017-08-04,0.0,25.33,9.72,16.88
2017-08-05,0.0,26.65,11.37,17.91
2017-08-06,0.0,28.8,11.01,19.56
2017-08-07,0.0,30.98,12.24,18.24
2017-08-08,0.0,31.74,14.9,15.12
2017-08-09,0.0,33.97,18.57,18.05
2017-08-10,0.0,33.86,17.53,19.35
2017-08-11,0.0,33.07,13.4,18.84
2017-08-12,0.0,34.42,15.77,18.83
2017-08-13,0.0,34.7,18.37,15.88
2017-08-14,0.0,29.51,16.8,11.15
2017-08-15,0.37,32.77,16.26,11.04
2017-08-16,1.29,33.16,18.31,6.37
2017-08-17,7.49,24.38,17.21,4.01
2017-08-18,2.86,26.0,16.67,5.39
2017-08-19,0.51,30.69,17.12,11.63
2017-08-20,5.98,31.79,18.12,10.47
2017-08-21,0.4,23.95,13.59,13.14
2017-08-22,0.03,29.1,13.15,20.57
2017-08-23,0.0,30.84,15.4,19.6
2017-08-24,0.0,30.43,14.98,21.27
2017-08-25,0.0,31.36,14.44,18.42
2017-08-26,0.0,32.35,14.71,20.73
2017-08-27,0.0,33.31,14.44,22.3
2017-08-28,0.0,34.15,14.67,22.26
2017-08-29,0.0,35.04,14.11,22.25
2017-08-30,0.0,35.84,15.13,23.13
2017-08-31,0.0,35.07,16.55,22.2
2017-09-01,0.0,33.9,15.02,20.44
2017-09-02,0.0,32.93,17.49,21.91
2017-09-03,0.0,32.81,14.45,23.23
2017-09-04,0.0,32.72,14.7,23.28
2017-09-05,0.0,33.22,14.07,24.0
2017-09-06,0.0,34.12,14.02,23.89
2017-09-07,0.0,34.45,15.69,22.71
2017-09-08,0.0,35.14,16.24,23.64
2017-09-09,0.0,34.78,17.3,22.15
2017-09-10,0.0,35.06,17.32,24.51
2017-09-11,0.0,36.11,19.18,23.98
2017-09-12,0.0,36.72,18.82,24.37
2017-09-13,0.0,35.92,18.05,23.98
2017-09-14,0.0,36.1,18.03,24.92
2017-09-15,0.0,36.7,17.59,24.77
2017-09-16,0.0,36.59,16.74,24.74
2017-09-17,0.0,36.49,17.06,24.71
2017-09-18,0.0,36.11,16.95,23.29
2017-09-19,0.0,36.07,19.09,22.4
2017-09-20,0.0,35.75,18.73,24.97
2017-09-21,0.0,35.28,17.9,25.54
2017-09-22,0.0,34.71,19.56,21.14
2017-09-23,0.0,35.37,19.52,23.6
2017-09-24,0.0,35.86,19.61,22.17
2017-09-25,0.0,33.92,18.45,23.06
2017-09-26,0.1,33.34,17.93,23.31
2017-09-27,0.42,35.93,20.47,23.08
2017-09-28,0.01,36.68,21.04,23.77
2017-09-29,8.34,34.2,20.75,14.4
2017-09-30,17.42,27.49,19.3,7.98
2017-10-01,5.72,30.66,16.28,23.96
2017-10-02,8.8,32.63,16.3,5.41
2017-10-03,7.62,24.2,15.64,14.26
2017-10-04,0.0,30.41,13.81,18.51
2017-10-05,0.05,35.25,17.34,26.51
2017-10-06,0.81,35.62,19.29,25.1
2017-10-07,0.8,32.8,20.77,11.86
2017-10-08,0.01,35.74,19.22,20.14
2017-10-09,0.03,36.94,20.77,20.84
2017-10-10,2.26,38.17,21.3,24.55
2017-10-11,3.45,35.86,22.41,23.7
2017-10-12,1.7,38.05,21.11,26.15
2017-10-13,0.01,38.17,20.88,26.9
2017-10-14,0.03,38.42,20.55,26.73
2017-10-15,0.0,36.8,20.15,26.95
2017-10-16,0.0,36.47,18.24,27.42
2017-10-17,0.0,36.45,21.13,25.92
2017-10-18,0.0,36.97,21.18,26.08
2017-10-19,0.0,36.42,21.55,26.52
2017-10-20,0.01,36.25,20.0,19.61
2017-10-21,0.1,36.88,22.92,13.33
2017-10-22,7.93,27.94,20.87,6.09
2017-10-23,0.26,29.15,20.09,13.19
2017-10-24,0.27,32.89,17.73,25.54
2017-10-25,4.83,34.09,20.4,25.54
2017-10-26,1.9,36.49,20.9,19.67
2017-10-27,22.15,34.71,21.14,18.9
2017-10-28,3.24,29.73,21.2,22.82
2017-10-29,6.25,26.72,21.06,16.05
2017-10-30,3.89,31.39,19.31,8.25
2017-10-31,4.14,30.24,19.32,19.92
2017-11-01,6.06,31.11,15.84,27.61
2017-11-02,0.88,32.65,17.05,26.67
2017-11-03,17.56,31.53,20.41,25.62
2017-11-04,14.1,28.75,21.51,20.33
2017-11-05,2.06,28.16,21.98,8.83
2017-11-06,0.27,24.65,17.98,15.29
2017-11-07,0.07,27.33,17.32,23.16
2017-11-08,2.64,31.28,19.5,21.03
2017-11-09,9.5,27.35,20.74,21.11
2017-11-10,11.58,29.41,19.53,23.51
2017-11-11,8.13,29.68,19.54,19.64
2017-11-12,0.02,30.74,15.6,31.09
2017-11-13,0.01,32.0,14.2,29.65
2017-11-14,0.01,33.75,13.9,31.03
2017-11-15,0.01,34.14,17.89,27.71
2017-11-16,5.46,30.81,22.09,27.1
2017-11-17,0.72,29.78,20.16,22.14
2017-11-18,9.53,28.67,19.56,19.63
2017-11-19,9.89,28.16,20.35,15.69
2017-11-20,8.92,29.3,20.45,21.65
2017-11-21,15.79,28.76,20.01,14.07
2017-11-22,20.21,28.52,20.87,16.48
2017-11-23,0.06,29.99,16.48,26.82
2017-11-24,0.01,32.04,18.5,29.23
2017-11-25,6.4,32.05,19.6,28.35
2017-11-26,7.12,27.85,21.79,12.31
2017-11-27,2.47,29.23,20.55,11.01
2017-11-28,2.85,31.2,19.67,26.41
2017-11-29,0.0,32.04,17.99,29.78
2017-11-30,8.82,28.84,17.72,20.33
2017-12-01,15.74,24.8,19.37,9.91
2017-12-02,1.07,29.83,18.73,15.09
2017-12-03,0.29,31.16,18.04,19.86
2017-12-04,0.01,32.11,19.21,26.97
2017-12-05,3.23,30.34,21.26,25.38
2017-12-06,5.7,29.97,20.58,16.88
2017-12-07,8.5,27.31,21.28,17.92
2017-12-08,6.47,29.93,20.78,21.67
2017-12-09,0.06,31.57,19.11,26.5
2017-12-10,0.0,31.83,20.17,26.76
2017-12-11,0.66,33.63,21.27,26.59
2017-12-12,0.88,30.55,18.45,27.94
2017-12-13,0.03,31.53,19.81,27.9
2017-12-14,0.0,32.49,19.21,27.03
2017-12-15,1.12,32.61,19.57,27.66
2017-12-16,0.69,31.99,20.07,28.11
2017-12-17,0.57,31.89,20.83,27.01
2017-12-18,0.52,32.74,20.48,26.65
2017-12-19,3.49,33.38,20.96,26.52
2017-12-20,5.6,30.25,21.3,21.95
2017-12-21,6.51,28.62,20.53,9.59
2017-12-22,4.81,29.62,19.55,14.91
2017-12-23,3.35,31.65,19.4,19.66
2017-12-24,0.31,29.4,20.64,20.43
2017-12-25,4.24,31.48,20.54,16.36
2017-12-26,1.59,31.37,21.16,24.57
2017-12-27,2.03,30.87,21.65,26.66
2017-12-28,12.97,29.65,21.58,24.34
2017-12-29,12.15,28.09,20.76,17.99
2017-12-30,38.93,26.26,21.0,11.27
2017-12-31,10.26,27.94,19.99,12.34
2018-01-01,2.83,29.4,21.24,20.21
2018-01-02,17.17,26.58,21.54,11.4
2018-01-03,19.32,27.69,21.55,15.1
2018-01-04,1.03,28.57,20.36,26.43
2018-01-05,9.68,30.99,19.03,22.02
2018-01-06,11.27,26.02,21.01,16.48
2018-01-07,8.98,23.92,20.23,12.77
2018-01-08,9.22,23.77,19.58,11.39
2018-01-09,2.03,26.91,19.12,13.68
2018-01-10,2.24,29.99,19.76,20.46
2018-01-11,13.82,27.58,20.76,19.07
2018-01-12,8.71,26.39,19.27,17.17
2018-01-13,7.83,27.46,18.67,21.16
2018-01-14,12.28,28.49,20.11,18.06
2018-01-15,3.85,26.66,20.28,21.04
2018-01-16,2.99,28.03,20.06,18.87
2018-01-17,0.83,30.12,21.1,19.24
2018-01-18,5.07,29.01,21.63,24.39
2018-01-19,0.22,30.07,21.64,26.85
2018-01-20,0.28,29.25,20.94,26.88
2018-01-21,0.28,31.09,20.23,22.74
2018-01-22,0.25,31.31,20.89,23.73
2018-01-23,1.49,29.2,21.46,27.58
2018-01-24,2.37,29.95,20.88,25.87
2018-01-25,2.0,28.63,20.82,19.92
2018-01-26,9.11,27.71,21.27,23.97
2018-01-27,7.46,29.09,20.68,25.71
2018-01-28,11.08,29.32,20.49,21.75
2018-01-29,16.62,27.53,21.89,17.39
2018-01-30,11.37,29.75,21.31,10.05
2018-01-31,0.63,29.32,17.76,24.83
2018-02-01,0.06,29.42,16.43,27.22
2018-02-02,0.21,29.96,17.94,20.94
2018-02-03,1.64,28.64,18.8,24.44
2018-02-04,2.94,28.43,18.62,24.74
2018-02-05,1.2,25.41,18.79,21.17
2018-02-06,0.85,27.36,18.02,21.72
2018-02-07,0.23,29.49,17.75,27.49
2018-02-08,0.0,31.1,18.74,28.64
2018-02-09,1.94,31.5,18.34,26.51
2018-02-10,9.7,26.4,21.39,10.79
2018-02-11,9.22,28.08,20.53,21.1
2018-02-12,2.33,28.19,21.59,20.51
2018-02-13,3.88,29.93,20.11,20.31
2018-02-14,7.16,29.66,19.23,9.49
2018-02-15,3.86,29.33,18.49,16.58
2018-02-16,1.73,28.79,19.64,25.13
2018-02-17,1.8,27.84,19.73,23.03
2018-02-18,13.91,26.08,19.78,15.86
2018-02-19,8.96,27.27,18.4,16.96
2018-02-20,8.27,27.31,20.49,16.08
2018-02-21,4.71,26.68,21.02,21.53
2018-02-22,2.67,28.96,20.77,24.1
2018-02-23,5.35,29.9,19.68,24.25
2018-02-24,4.62,29.41,17.62,22.45
2018-02-25,2.33,29.7,17.96,23.76
2018-02-26,14.93,25.41,19.0,10.24
2018-02-27,34.63,27.05,18.88,12.34
2018-02-28,0.28,29.11,18.73,23.58
2018-03-01,9.69,28.47,21.12,22.23
2018-03-02,6.27,29.31,21.41,19.62
2018-03-03,2.18,27.24,21.27,22.5
2018-03-04,1.0,30.31,20.88,25.96
2018-03-05,2.07,30.33,20.33,22.82
2018-03-06,26.9,29.84,20.64,24.14
2018-03-07,9.13,28.04,21.74,22.8
2018-03-08,0.32,28.15,22.01,17.98
2018-03-09,9.63,29.02,19.53,22.65
2018-03-10,12.67,27.45,20.13,17.4
2018-03-11,5.76,30.1,20.55,22.85
2018-03-12,0.0,30.8,21.22,24.14
2018-03-13,0.0,31.31,21.63,21.63
2018-03-14,20.07,30.07,22.1,23.79
2018-03-15,1.27,28.85,21.94,21.23
2018-03-16,9.24,28.23,22.58,17.08
2018-03-17,4.15,30.34,21.69,23.91
2018-03-18,0.35,30.24,19.66,24.68
2018-03-19,0.51,30.66,20.41,22.95
2018-03-20,16.95,25.55,21.87,14.94
2018-03-21,15.65,27.26,20.52,22.02
2018-03-22,1.43,29.67,19.82,23.33
2018-03-23,0.52,29.91,20.28,23.4
2018-03-24,0.4,28.6,20.21,22.94
2018-03-25,0.19,28.5,19.29,20.96
2018-03-26,6.37,28.41,20.04,15.35
2018-03-27,1.73,27.61,20.16,18.81
2018-03-28,0.04,27.63,18.63,21.66
2018-03-29,0.12,27.89,18.27,22.25
2018-03-30,0.04,28.63,18.85,21.07
2018-03-31,2.03,27.05,19.36,15.12
2018-04-01,5.92,25.29,19.91,11.45
2018-04-02,1.54,28.22,19.78,14.77
2018-04-03,3.59,27.39,19.48,13.4
2018-04-04,0.52,28.46,19.44,18.06
2018-04-05,0.06,28.8,17.72,21.92
2018-04-06,0.01,29.07,17.43,22.74
2018-04-07,0.01,28.93,16.93,21.73
2018-04-08,0.0,28.17,18.6,20.76
2018-04-09,0.02,28.54,19.05,20.76
2018-04-10,0.06,28.25,18.94,21.09
2018-04-11,0.0,27.99,17.56,21.51
2018-04-12,0.27,25.83,16.05,18.13
2018-04-13,0.01,27.98,15.55,21.46
2018-04-14,0.02,28.03,18.49,16.87
2018-04-15,0.31,23.13,18.78,9.15
2018-04-16,0.21,26.91,17.06,15.73
2018-04-17,0.2,25.93,16.74,18.11
2018-04-18,0.04,27.04,15.89,20.49
2018-04-19,0.0,28.03,14.22,20.21
2018-04-20,0.0,27.68,15.67,18.63
2018-04-21,0.0,24.82,14.8,20.99
2018-04-22,0.0,27.95,13.71,19.03
2018-04-23,0.0,26.65,16.58,19.0
2018-04-24,0.0,28.88,15.29,19.21
2018-04-25,0.0,29.32,15.49,19.06
2018-04-26,0.0,29.77,16.74,17.52
2018-04-27,0.01,30.12,16.67,18.96
2018-04-28,0.0,30.44,17.21,18.15
2018-04-29,0.0,30.15,16.63,18.77
2018-04-30,0.0,30.53,16.67,17.47
2018-05-01,0.02,30.65,18.69,18.69
2018-05-02,0.0,30.65,15.33,18.96
2018-05-03,0.0,30.87,14.39,19.54
2018-05-04,0.01,31.63,15.96,18.15
2018-05-05,0.0,31.92,17.47,17.55
2018-05-06,0.8,30.18,18.55,16.06
2018-05-07,1.8,28.04,17.58,17.7
2018-05-08,0.0,28.63,16.69,17.84
2018-05-09,0.0,28.75,16.28,18.09
2018-05-10,0.0,29.2,14.15,18.09
2018-05-11,0.0,29.81,16.74,16.36
2018-05-12,0.0,28.92,16.81,12.4
2018-05-13,0.0,28.61,16.62,13.75
2018-05-14,0.04,30.15,15.8,17.02
2018-05-15,2.36,29.53,17.07,10.44
2018-05-16,0.08,29.67,16.02,9.37
2018-05-17,0.03,30.11,16.48,14.84
2018-05-18,0.52,30.36,17.25,14.91
2018-05-19,6.39,28.29,15.09,5.91
2018-05-20,0.05,20.94,9.08,18.34
2018-05-21,0.25,23.24,7.5,18.9
2018-05-22,0.0,26.11,7.03,18.77
2018-05-23,0.01,26.94,8.8,18.17
2018-05-24,0.0,28.73,9.95,17.66
2018-05-25,0.01,28.05,12.09,16.04
2018-05-26,0.01,28.32,13.08,17.11
2018-05-27,0.01,27.93,12.77,16.44
2018-05-28,0.0,27.27,12.04,16.97
2018-05-29,0.0,26.3,12.29,14.31
2018-05-30,0.0,26.36,13.68,15.65
2018-05-31,0.0,27.41,12.39,16.88
2018-06-01,0.0,28.98,12.08,15.55
2018-06-02,0.0,30.63,15.32,13.27
2018-06-03,0.09,29.45,16.93,12.64
2018-06-04,0.0,27.99,13.91,11.21
2018-06-05,2.9,28.37,15.6,11.52
2018-06-06,0.8,27.34,16.86,9.8
2018-06-07,0.05,28.19,17.03,10.34
2018-06-08,0.0,25.41,14.37,10.81
2018-06-09,0.0,27.59,13.72,15.0
2018-06-10,0.0,29.94,17.48,12.72
2018-06-11,0.0,30.83,17.84,12.39
2018-06-12,0.06,32.02,18.3,13.88
2018-06-13,0.1,29.06,19.47,9.33
2018-06-14,0.73,28.65,17.86,12.54
2018-06-15,0.08,28.26,14.34,12.62
2018-06-16,0.07,24.79,15.58,11.08
2018-06-17,0.0,28.13,13.1,14.16
2018-06-18,0.0,27.96,13.96,14.18
2018-06-19,0.0,27.67,14.86,15.46
2018-06-20,0.0,28.6,14.27,15.31
2018-06-21,0.0,28.63,13.88,13.57
2018-06-22,0.0,28.1,17.92,11.74
2018-06-23,0.0,29.64,16.74,13.54
2018-06-24,0.0,29.44,17.3,12.35
2018-06-25,0.0,30.23,16.21,14.86
2018-06-26,0.0,31.38,16.52,16.18
2018-06-27,0.0,30.99,17.69,15.74
2018-06-28,0.0,31.21,14.87,15.29
2018-06-29,0.0,30.17,14.88,14.5
2018-06-30,0.0,30.27,14.49,15.78
2018-07-01,0.0,30.87,16.51,15.68
2018-07-02,0.0,31.2,15.91,16.33
2018-07-03,0.0,31.23,16.18,16.24
2018-07-04,0.0,31.73,15.42,15.58
2018-07-05,0.0,31.55,14.64,16.14
2018-07-06,0.0,30.95,14.55,16.34
2018-07-07,0.0,30.2,14.03,15.84
2018-07-08,0.0,30.4,16.8,16.82
2018-07-09,0.0,30.04,16.58,14.84
2018-07-10,0.7,21.84,12.23,9.95
2018-07-11,0.0,23.41,7.85,17.2
2018-07-12,0.0,25.5,8.33,16.0
2018-07-13,0.0,25.53,9.22,14.49
2018-07-14,0.0,30.89,13.92,17.16
2018-07-15,0.0,31.5,13.62,17.61
2018-07-16,0.0,31.9,13.91,17.42
2018-07-17,0.0,31.47,14.08,17.53
2018-07-18,0.0,31.03,14.75,16.59
2018-07-19,0.0,31.63,15.71,17.6
2018-07-20,0.0,32.46,14.59,17.79
2018-07-21,0.0,31.25,14.47,15.83
2018-07-22,0.0,31.19,15.12,14.4
2018-07-23,0.0,31.16,15.65,16.72
2018-07-24,0.0,30.1,14.63,16.46
2018-07-25,0.0,28.98,14.2,15.37
2018-07-26,0.0,30.08,13.94,16.39
2018-07-27,0.0,30.82,14.9,17.6
2018-07-28,0.0,31.8,14.76,18.03
2018-07-29,0.0,33.1,16.36,17.69
2018-07-30,0.3,32.28,17.34,16.66
2018-07-31,1.43,30.09,18.13,13.87
2018-08-01,1.73,25.71,13.06,11.69
2018-08-02,1.26,28.15,14.57,12.42
2018-08-03,9.39,29.22,17.08,4.88
2018-08-04,13.32,24.14,16.64,12.35
2018-08-05,0.6,25.62,16.26,10.89
2018-08-06,7.77,23.96,15.13,4.1
2018-08-07,0.71,28.34,13.73,14.04
2018-08-08,1.39,31.69,13.45,13.29
2018-08-09,2.39,30.31,15.09,15.73
2018-08-10,0.0,23.13,7.35,19.06
2018-08-11,0.01,24.96,6.71,20.88
2018-08-12,0.02,26.88,7.56,19.69
2018-08-13,0.0,29.83,9.84,20.88
2018-08-14,0.02,31.57,9.83,21.06
2018-08-15,0.01,32.66,11.99,17.96
2018-08-16,0.0,24.31,14.66,12.66
2018-08-17,0.82,27.98,14.5,17.83
2018-08-18,0.45,27.76,14.27,19.36
2018-08-19,0.0,29.91,13.45,18.85
2018-08-20,0.0,31.76,14.75,21.27
2018-08-21,0.0,31.35,15.64,20.71
2018-08-22,0.0,30.32,15.1,13.93
2018-08-23,0.0,33.45,15.89,18.8
2018-08-24,0.5,34.25,19.12,13.45
2018-08-25,3.37,29.16,18.85,8.84
2018-08-26,0.01,29.32,15.11,19.1
2018-08-27,0.0,30.9,12.11,21.33
2018-08-28,0.0,31.1,16.49,20.94
2018-08-29,0.0,31.81,14.99,21.78
2018-08-30,0.0,32.57,16.78,21.04
2018-08-31,0.0,34.14,18.28,22.7
2018-09-01,0.0,35.12,17.61,21.93
2018-09-02,0.02,36.07,19.33,19.21
2018-09-03,0.52,25.31,13.72,8.16
2018-09-04,0.06,24.84,10.38,12.46
2018-09-05,0.01,26.0,10.93,23.79
2018-09-06,0.0,31.46,9.81,24.06
2018-09-07,0.0,34.66,13.69,24.23
2018-09-08,0.0,34.86,14.3,24.39
2018-09-09,0.0,34.77,14.24,22.33
2018-09-10,0.0,34.02,14.7,23.63
2018-09-11,0.07,34.76,14.66,23.1
2018-09-12,0.23,34.66,15.69,22.21
2018-09-13,1.41,35.61,18.86,21.92
2018-09-14,10.98,33.15,18.45,4.37
2018-09-15,2.66,27.84,17.65,9.9
2018-09-16,1.49,29.29,17.81,17.01
2018-09-17,9.41,24.38,16.87,4.93
2018-09-18,1.29,27.76,18.61,10.02
2018-09-19,8.14,28.33,19.11,20.33
2018-09-20,11.26,31.41,19.93,9.93
2018-09-21,1.61,29.44,18.94,21.41
2018-09-22,0.01,33.99,18.23,25.35
2018-09-23,0.01,35.77,16.33,25.97
2018-09-24,0.0,36.75,17.38,26.09
2018-09-25,1.34,37.22,16.64,22.15
2018-09-26,3.35,34.05,21.28,19.56
2018-09-27,0.53,34.11,21.49,12.7
2018-09-28,0.2,30.06,20.97,14.57
2018-09-29,0.27,33.65,20.23,20.7
2018-09-30,2.64,25.74,20.73,6.03
2018-10-01,0.4,28.88,20.4,18.19
2018-10-02,0.04,35.88,18.93,22.77
2018-10-03,8.75,36.44,20.86,21.77
2018-10-04,2.09,32.07,22.12,20.98
2018-10-05,0.14,33.38,19.34,22.81
2018-10-06,8.52,31.8,17.83,20.93
2018-10-07,10.26,30.65,18.86,11.11
2018-10-08,8.11,27.8,20.22,8.27
2018-10-09,30.2,29.47,20.27,19.94
2018-10-10,10.41,29.7,21.85,20.61
2018-10-11,2.93,28.89,20.09,17.71
2018-10-12,0.24,31.75,18.82,23.94
2018-10-13,0.51,30.45,21.77,17.61
2018-10-14,2.31,30.07,21.47,19.86
2018-10-15,0.99,30.62,20.06,20.1
2018-10-16,3.73,32.38,18.42,20.1
2018-10-17,12.63,27.46,22.97,17.06
2018-10-18,27.5,30.53,21.87,22.38
2018-10-19,5.49,25.44,18.86,19.62
2018-10-20,0.0,27.73,15.59,27.81
2018-10-21,0.0,28.47,13.68,27.42
2018-10-22,0.0,30.69,15.15,26.94
2018-10-23,0.72,31.2,19.54,24.34
2018-10-24,19.06,25.6,21.0,9.11
2018-10-25,14.24,28.24,20.02,9.37
2018-10-26,4.09,27.57,19.94,15.37
2018-10-27,1.41,28.29,20.58,14.94
2018-10-28,0.0,28.34,16.73,26.63
2018-10-29,0.0,28.65,13.65,25.85
2018-10-30,0.0,32.38,16.4,27.76
2018-10-31,2.82,31.12,19.73,23.15
2018-11-01,1.48,28.39,21.09,19.82
2018-11-02,0.3,31.68,19.35,21.23
2018-11-03,22.23,31.11,21.1,25.96
2018-11-04,9.25,28.7,18.26,16.17
2018-11-05,7.6,28.28,17.27,16.91
2018-11-06,2.01,28.0,19.28,22.21
2018-11-07,10.93,27.97,18.45,6.46
2018-11-08,14.44,22.51,17.32,9.48
2018-11-09,2.97,23.01,17.71,12.89
2018-11-10,3.35,28.81,17.34,17.88
2018-11-11,3.8,29.96,19.32,23.3
2018-11-12,0.38,30.31,19.4,27.0
2018-11-13,0.16,31.46,20.88,26.76
2018-11-14,2.41,30.22,21.67,24.9
2018-11-15,3.46,28.08,22.42,25.71
2018-11-16,4.65,27.27,21.16,26.22
2018-11-17,1.23,29.18,19.9,21.94
2018-11-18,16.08,24.96,20.22,15.58
2018-11-19,21.21,26.15,16.34,11.72
2018-11-20,2.9,26.64,15.76,13.39
2018-11-21,2.88,29.56,17.2,16.51
2018-11-22,2.78,27.3,19.42,19.29
2018-11-23,6.3,27.51,19.6,14.43
2018-11-24,37.9,26.68,19.96,15.24
2018-11-25,4.23,28.58,19.49,21.91
2018-11-26,7.42,29.33,18.05,21.32
2018-11-27,1.09,28.69,17.06,27.88
2018-11-28,0.02,29.24,18.04,28.77
2018-11-29,0.01,30.32,17.81,27.6
2018-11-30,4.33,29.08,19.44,20.39
2018-12-01,16.59,25.84,20.7,13.04
2018-12-02,5.79,27.63,19.91,20.06
2018-12-03,0.04,29.02,17.52,25.09
2018-12-04,0.0,30.04,17.63,26.86
2018-12-05,0.08,31.04,20.64,25.96
2018-12-06,0.31,32.57,19.74,28.53
2018-12-07,0.41,31.86,18.91,28.45
2018-12-08,0.1,27.98,15.88,31.15
2018-12-09,0.0,29.1,14.84,29.6
2018-12-10,0.0,29.69,17.44,29.01
2018-12-11,0.0,31.25,18.09,28.96
2018-12-12,0.4,32.74,18.52,28.29
2018-12-13,2.26,32.03,19.66,29.51
2018-12-14,3.09,31.89,19.78,26.78
2018-12-15,1.81,31.29,20.81,25.78
2018-12-16,1.78,33.43,22.03,28.15
2018-12-17,3.01,33.86,22.29,27.88
2018-12-18,4.12,33.89,22.43,24.76
2018-12-19,2.39,30.87,23.29,15.88
2018-12-20,0.11,31.11,22.16,28.76
2018-12-21,6.23,29.08,22.0,20.79
2018-12-22,7.61,31.99,20.96,26.53
2018-12-23,4.76,30.83,22.04,20.95
2018-12-24,9.45,30.04,21.33,21.31
2018-12-25,16.32,28.14,20.75,17.13
2018-12-26,5.33,27.07,20.91,10.73
2018-12-27,2.21,23.06,19.46,21.24
2018-12-28,9.82,29.87,18.3,22.9
2018-12-29,9.01,28.19,20.91,22.58
2018-12-30,4.59,29.3,20.01,23.65
2018-12-31,3.11,31.48,20.83,25.84
2019-01-01,9.07,30.2,21.07,23.56
2019-01-02,2.66,30.71,20.64,24.97
2019-01-03,4.15,30.68,20.82,20.87
2019-01-04,23.32,24.89,20.24,14.59
2019-01-05,4.84,23.49,19.11,12.43
2019-01-06,2.14,28.17,20.02,18.71
2019-01-07,0.43,31.75,19.66,29.41
2019-01-08,0.05,31.35,20.83,26.81
2019-01-09,0.4,29.21,22.01,28.17
2019-01-10,0.09,31.89,20.49,28.69
2019-01-11,0.73,30.5,19.98,26.22
2019-01-12,3.98,28.32,21.67,25.75
2019-01-13,1.56,30.74,20.95,27.87
2019-01-14,10.48,29.8,21.62,27.94
2019-01-15,0.75,31.5,21.85,24.41
2019-01-16,1.73,30.93,22.08,22.83
2019-01-17,0.22,30.57,21.34,20.92
2019-01-18,3.61,32.41,21.74,27.01
2019-01-19,1.04,33.5,20.81,27.72
2019-01-20,6.09,33.11,21.57,25.95
2019-01-21,4.47,28.81,23.13,27.37
2019-01-22,0.95,33.84,21.18,27.91
2019-01-23,1.1,33.66,22.46,26.4
2019-01-24,2.74,29.61,22.08,19.28
2019-01-25,7.09,33.28,20.51,24.77
2019-01-26,5.15,27.96,20.34,24.29
2019-01-27,3.37,29.91,19.21,17.88
2019-01-28,0.0,33.86,19.1,29.42
2019-01-29,0.0,35.09,20.16,29.28
2019-01-30,0.03,35.58,22.2,29.13
2019-01-31,0.34,37.07,21.9,27.94
2019-02-01,0.97,36.38,21.32,28.44
2019-02-02,1.33,37.21,23.35,27.19
2019-02-03,0.37,35.42,22.34,26.51
2019-02-04,1.47,32.01,21.31,19.55
2019-02-05,0.14,34.41,19.57,17.93
2019-02-06,4.56,31.35,20.45,13.51
2019-02-07,8.45,33.22,19.23,23.71
2019-02-08,0.04,34.72,18.49,29.16
2019-02-09,0.02,35.75,20.05,28.43
2019-02-10,0.55,35.61,22.29,24.96
2019-02-11,5.67,32.87,22.66,23.19
2019-02-12,20.73,29.93,22.78,12.72
2019-02-13,2.07,27.45,19.93,13.97
2019-02-14,5.59,30.09,18.27,18.2
2019-02-15,8.39,28.97,20.13,12.67
2019-02-16,18.14,24.57,21.37,10.21
2019-02-17,1.51,27.44,20.96,17.05
2019-02-18,3.08,27.51,20.81,17.08
2019-02-19,1.7,29.99,19.4,21.28
2019-02-20,2.97,25.99,20.78,17.6
2019-02-21,9.95,28.81,20.5,16.53
2019-02-22,7.35,29.3,21.14,17.43
2019-02-23,0.56,30.86,20.19,22.7
2019-02-24,2.1,31.55,21.37,20.07
2019-02-25,3.26,28.59,21.8,21.57
2019-02-26,17.69,26.86,21.14,13.14
2019-02-27,20.22,28.39,19.98,17.04
2019-02-28,21.55,24.91,20.36,12.41
2019-03-01,21.21,26.22,19.98,12.26
2019-03-02,6.43,25.29,21.09,13.44
2019-03-03,5.85,27.51,19.92,19.77
2019-03-04,2.8,28.35,20.05,16.42
2019-03-05,2.68,28.63,19.95,19.39
2019-03-06,1.68,29.95,18.91,23.97
2019-03-07,5.93,28.82,20.77,21.82
2019-03-08,0.17,29.5,19.98,23.69
2019-03-09,0.83,29.85,21.79,22.62
2019-03-10,11.56,28.83,21.95,21.24
2019-03-11,0.93,28.12,19.98,15.11
2019-03-12,4.69,28.32,19.74,24.15
2019-03-13,8.39,26.98,21.11,22.31
2019-03-14,13.36,26.31,20.74,16.14
2019-03-15,4.14,28.19,20.68,18.21
2019-03-16,4.69,29.45,20.04,18.69
2019-03-17,0.79,29.39,20.76,21.15
2019-03-18,1.36,27.85,21.83,19.86
2019-03-19,0.34,28.51,20.86,22.76
2019-03-20,10.16,27.62,21.24,20.65
2019-03-21,15.01,26.85,18.42,10.83
2019-03-22,0.17,25.09,17.44,15.71
2019-03-23,0.01,28.31,18.78,22.43
2019-03-24,0.0,29.31,18.71,23.44
2019-03-25,0.0,29.32,17.77,22.48
2019-03-26,0.0,30.68,18.66,22.7
2019-03-27,0.0,29.11,19.73,21.51
2019-03-28,0.0,29.29,18.66,22.4
2019-03-29,0.0,28.29,18.19,23.12
2019-03-30,0.0,28.51,18.34,23.51
2019-03-31,0.0,29.84,17.51,23.37
2019-04-01,0.0,30.42,17.74,20.98
2019-04-02,0.0,30.82,17.28,21.66
2019-04-03,0.0,30.89,18.41,17.83
2019-04-04,0.0,31.91,19.4,17.65
2019-04-05,2.8,28.92,21.53,15.77
2019-04-06,5.8,30.36,21.77,18.74
2019-04-07,32.09,26.55,20.96,14.68
2019-04-08,17.37,27.2,20.85,8.94
2019-04-09,0.33,27.26,17.51,9.52
2019-04-10,0.01,27.58,16.91,21.03
2019-04-11,0.07,28.28,17.39,20.12
2019-04-12,0.2,29.37,18.19,19.4
2019-04-13,8.12,27.78,19.23,13.83
2019-04-14,19.4,27.59,20.85,7.71
2019-04-15,1.32,28.86,18.8,18.77
2019-04-16,5.72,28.2,19.6,18.14
2019-04-17,0.85,28.91,19.64,19.33
2019-04-18,0.02,28.47,16.31,22.03
2019-04-19,0.01,28.04,14.35,22.12
2019-04-20,0.0,28.42,14.4,21.72
2019-04-21,0.0,29.49,15.28,20.15
2019-04-22,0.0,29.72,16.62,19.31
2019-04-23,1.55,29.7,18.84,13.78
2019-04-24,1.01,29.42,19.1,19.36
2019-04-25,0.16,30.02,19.09,19.18
2019-04-26,0.0,29.93,18.53,19.1
2019-04-27,0.0,30.38,18.59,18.81
2019-04-28,6.09,30.62,19.19,16.84
2019-04-29,0.72,28.98,17.78,17.19
2019-04-30,0.01,28.26,14.99,18.9
2019-05-01,0.02,29.44,16.1,14.16
2019-05-02,0.01,30.16,17.93,13.72
2019-05-03,0.32,29.88,18.95,14.74
2019-05-04,1.05,27.95,20.58,13.52
2019-05-05,0.15,27.68,20.51,15.55
2019-05-06,0.22,30.17,19.19,16.88
2019-05-07,0.21,30.5,20.41,15.3
2019-05-08,0.06,29.61,18.48,17.64
2019-05-09,7.61,29.41,17.87,16.73
2019-05-10,0.19,30.2,19.0,15.11
2019-05-11,1.66,30.66,20.18,12.77
2019-05-12,0.39,30.85,20.25,15.56
2019-05-13,0.06,29.9,19.77,16.6
2019-05-14,0.01,30.0,18.38,11.31
2019-05-15,0.0,25.95,16.79,11.41
2019-05-16,0.83,24.71,17.85,12.61
2019-05-17,4.32,22.34,16.83,11.31
2019-05-18,4.98,25.57,15.98,13.66
2019-05-19,0.06,27.19,14.46,15.74
2019-05-20,0.0,27.83,13.58,17.46
2019-05-21,0.1,28.71,12.7,17.25
2019-05-22,0.0,28.75,15.65,18.09
2019-05-23,0.02,29.58,14.37,16.12
2019-05-24,0.31,23.02,16.72,6.02
2019-05-25,0.01,23.57,11.13,17.28
2019-05-26,0.03,26.16,9.79,18.3
2019-05-27,0.0,29.89,10.52,16.83
2019-05-28,0.05,31.43,13.67,15.28
2019-05-29,0.74,30.99,16.74,14.32
2019-05-30,0.0,32.02,17.24,16.01
2019-05-31,0.0,31.4,16.15,14.03
2019-06-01,0.0,31.14,17.72,15.74
2019-06-02,1.54,29.82,15.78,13.29
2019-06-03,5.08,25.27,17.01,5.42
2019-06-04,0.33,24.66,11.72,14.39
2019-06-05,0.0,24.21,9.35,17.44
2019-06-06,0.01,25.97,11.62,16.67
2019-06-07,0.0,27.48,10.54,17.17
2019-06-08,0.02,25.42,11.53,14.36
2019-06-09,0.01,27.56,10.78,17.01
2019-06-10,0.0,27.69,12.66,16.47
2019-06-11,0.0,28.61,13.0,16.32
2019-06-12,0.01,28.91,13.53,15.04
2019-06-13,0.0,29.45,14.72,14.69
2019-06-14,0.0,30.01,15.14,16.36
2019-06-15,0.0,29.65,14.59,16.45
2019-06-16,0.0,28.98,14.32,15.95
2019-06-17,0.0,28.79,13.68,13.02
2019-06-18,0.0,28.99,13.05,16.02
2019-06-19,0.0,29.35,14.12,13.6
2019-06-20,0.0,29.39,13.98,15.86
2019-06-21,0.0,28.62,15.26,14.71
2019-06-22,0.02,28.61,14.71,15.76
2019-06-23,0.0,28.33,13.58,15.88
2019-06-24,0.0,29.23,12.92,16.58
2019-06-25,0.0,30.22,14.05,14.86
2019-06-26,0.0,30.77,15.63,15.9
2019-06-27,0.01,30.51,15.64,10.16
2019-06-28,0.0,31.52,17.27,15.62
2019-06-29,0.0,31.04,15.67,16.0
2019-06-30,0.0,31.06,15.14,16.44
2019-07-01,0.0,31.13,15.39,15.7
2019-07-02,0.06,30.83,14.81,13.88
2019-07-03,0.02,30.35,15.86,15.18
2019-07-04,10.68,26.03,17.66,9.18
2019-07-05,8.57,23.27,13.93,6.59
2019-07-06,0.08,19.78,7.15,17.5
2019-07-07,0.04,21.25,4.48,17.83
2019-07-08,0.01,24.84,6.53,17.54
2019-07-09,0.02,26.68,7.63,17.42
2019-07-10,0.01,27.3,8.66,17.26
2019-07-11,0.01,27.59,9.15,17.52
2019-07-12,0.01,29.13,9.91,16.35
2019-07-13,0.0,29.44,13.87,16.54
2019-07-14,0.0,30.13,17.25,16.44
2019-07-15,0.08,29.32,16.98,15.04
2019-07-16,0.71,27.16,12.34,14.75
2019-07-17,0.01,23.86,7.62,17.27
2019-07-18,0.01,25.7,10.31,15.44
2019-07-19,0.0,26.86,13.54,14.9
2019-07-20,0.0,27.16,11.67,17.45
2019-07-21,0.0,27.09,12.85,15.64
2019-07-22,0.0,26.73,15.19,11.37
2019-07-23,0.0,30.02,13.56,17.7
2019-07-24,0.0,30.9,13.38,17.95
2019-07-25,0.0,31.03,15.32,14.42
2019-07-26,0.0,30.2,15.71,13.11
2019-07-27,0.0,30.69,15.99,17.22
2019-07-28,0.0,29.89,12.83,18.2
2019-07-29,0.0,29.8,13.38,12.91
2019-07-30,1.33,29.74,17.65,13.53
2019-07-31,0.0,30.54,15.13,18.52
2019-08-01,0.04,33.0,13.81,18.85
2019-08-02,0.44,32.05,17.99,15.86
2019-08-03,1.02,24.25,13.31,7.2
2019-08-04,9.16,17.88,11.66,2.95
2019-08-05,0.47,24.82,10.51,9.18
2019-08-06,0.01,27.46,13.22,11.1
2019-08-07,0.01,29.26,15.03,17.8
2019-08-08,0.0,30.92,15.0,19.14
2019-08-09,0.0,31.73,15.22,19.23
2019-08-10,0.0,32.9,16.41,18.79
2019-08-11,0.09,33.72,15.9,19.48
2019-08-12,0.02,34.03,16.37,19.69
2019-08-13,0.02,34.59,18.39,17.74
2019-08-14,0.02,27.19,12.72,16.19
2019-08-15,0.0,29.4,11.57,19.93
2019-08-16,0.0,29.74,13.69,20.32
2019-08-17,0.0,31.15,13.73,20.27
2019-08-18,0.0,32.2,16.33,17.44
2019-08-19,1.08,32.36,18.05,11.5
2019-08-20,0.12,31.98,15.42,14.08
2019-08-21,0.0,31.43,14.02,19.59
2019-08-22,0.0,30.17,13.36,21.26
2019-08-23,0.11,28.02,12.48,18.38
2019-08-24,0.03,29.55,12.1,22.04
2019-08-25,0.0,32.12,11.88,21.71
2019-08-26,0.0,33.11,14.54,21.26
2019-08-27,0.0,31.41,17.66,17.7
2019-08-28,0.0,30.44,18.39,16.8
2019-08-29,0.0,31.54,16.76,20.34
2019-08-30,0.0,34.53,16.89,21.37
2019-08-31,1.16,36.32,21.41,19.06
2019-09-01,6.24,35.89,20.6,14.26
2019-09-02,13.36,30.31,17.83,17.58
2019-09-03,1.63,32.87,18.95,10.65
2019-09-04,0.23,33.28,18.67,14.12
2019-09-05,0.39,31.2,16.58,20.39
2019-09-06,2.92,31.77,15.8,21.05
2019-09-07,0.13,34.69,18.36,22.3
2019-09-08,0.0,35.69,19.79,21.95
2019-09-09,0.0,35.83,18.84,22.86
2019-09-10,0.0,37.14,18.85,22.55
2019-09-11,0.0,38.75,20.9,22.66
2019-09-12,0.0,39.41,21.79,23.14
2019-09-13,0.0,38.01,20.42,21.78
2019-09-14,0.0,37.08,19.15,20.59
2019-09-15,0.01,38.48,23.13,22.28
2019-09-16,0.0,38.51,21.55,22.79
2019-09-17,0.0,39.21,21.28,23.02
2019-09-18,0.0,39.66,21.45,20.2
2019-09-19,0.0,38.16,22.85,15.13
2019-09-20,0.13,39.53,22.6,12.46
2019-09-21,0.09,36.84,20.8,17.51
2019-09-22,0.0,31.19,17.1,19.42
2019-09-23,0.0,32.53,16.0,24.15
2019-09-24,0.4,33.62,19.0,21.34
2019-09-25,17.44,24.13,18.06,3.96
2019-09-26,17.29,23.32,16.42,5.64
2019-09-27,0.37,30.09,14.88,24.74
2019-09-28,0.0,31.14,14.12,25.94
2019-09-29,0.0,32.65,13.95,26.82
2019-09-30,0.0,33.71,14.45,26.88
2019-10-01,0.01,35.8,17.14,26.17
2019-10-02,0.0,37.6,18.98,25.36
2019-10-03,0.0,37.4,19.62,25.72
2019-10-04,0.0,36.25,16.21,27.12
2019-10-05,0.0,36.71,19.09,27.02
2019-10-06,14.97,36.28,21.98,22.46
2019-10-07,0.81,32.03,18.58,19.89
2019-10-08,3.41,29.45,18.6,11.03
2019-10-09,3.07,26.29,18.82,16.48
2019-10-10,0.84,30.88,18.28,20.53
2019-10-11,0.0,32.94,19.9,25.81
2019-10-12,0.03,35.12,19.48,25.15
2019-10-13,0.07,37.08,21.07,24.79
2019-10-14,0.13,37.56,20.86,25.78
2019-10-15,0.02,35.28,19.55,20.67
2019-10-16,0.05,35.87,19.86,24.98
2019-10-17,0.02,37.39,20.4,24.95
2019-10-18,0.98,36.08,23.51,23.43
2019-10-19,6.1,35.73,21.1,22.17
2019-10-20,1.02,34.57,19.3,24.9
2019-10-21,3.45,32.49,17.77,14.46
2019-10-22,4.17,28.8,21.38,16.86
2019-10-23,0.01,33.56,18.42,25.7
2019-10-24,0.74,34.98,19.88,26.29
2019-10-25,0.05,37.6,19.7,27.83
2019-10-26,0.8,38.24,19.48,27.41
2019-10-27,2.85,36.58,22.42,26.21
2019-10-28,5.51,32.46,21.8,17.07
2019-10-29,3.75,33.91,20.78,24.96
2019-10-30,1.06,35.87,20.84,28.15
2019-10-31,1.13,35.7,21.72,26.28
2019-11-01,1.01,35.97,20.64,26.47
2019-11-02,0.16,36.22,21.05,28.07
2019-11-03,0.09,37.51,23.57,27.13
2019-11-04,7.78,38.48,24.79,26.47
2019-11-05,12.51,33.9,23.03,25.2
2019-11-06,4.58,33.9,21.33,15.65
2019-11-07,3.14,30.09,19.69,18.31
2019-11-08,6.72,29.76,21.01,15.17
2019-11-09,1.16,33.09,21.1,15.59
2019-11-10,4.25,28.91,21.06,9.77
2019-11-11,0.01,35.44,20.26,25.38
2019-11-12,0.11,34.4,20.69,25.11
2019-11-13,3.64,32.93,20.8,17.76
2019-11-14,13.0,27.32,21.95,17.54
2019-11-15,11.12,28.37,20.99,11.32
2019-11-16,0.06,32.21,16.83,28.61
2019-11-17,0.11,33.57,15.91,29.45
2019-11-18,0.46,35.26,17.58,29.29
2019-11-19,2.41,32.54,20.54,26.38
2019-11-20,1.88,33.53,19.84,22.21
2019-11-21,1.12,34.3,20.09,28.36
2019-11-22,3.67,30.93,20.59,24.81
2019-11-23,11.07,33.84,20.15,26.9
2019-11-24,3.05,25.99,17.84,15.71
2019-11-25,0.39,33.21,14.88,25.69
2019-11-26,0.42,33.57,20.01,25.45
2019-11-27,20.19,32.73,22.74,15.73
2019-11-28,7.84,28.64,18.88,16.65
2019-11-29,1.03,30.64,16.47,19.34
2019-11-30,18.93,29.01,21.23,17.28
2019-12-01,8.64,30.15,21.15,14.04
2019-12-02,0.45,29.63,19.78,22.99
2019-12-03,0.78,31.43,16.21,24.34
2019-12-04,5.06,27.81,20.76,20.45
2019-12-05,5.5,28.63,21.02,13.31
2019-12-06,8.93,30.58,22.29,15.65
2019-12-07,0.35,31.91,19.54,23.78
2019-12-08,2.6,32.05,19.24,26.69
2019-12-09,11.64,30.36,21.32,16.95
2019-12-10,10.0,26.86,21.67,13.79
2019-12-11,16.69,25.5,20.83,7.54
2019-12-12,3.92,26.38,19.44,16.38
2019-12-13,6.07,27.28,20.33,19.49
2019-12-14,3.73,27.92,20.6,19.73
2019-12-15,0.87,29.66,21.67,20.15
2019-12-16,1.42,30.88,20.42,26.8
2019-12-17,10.9,30.75,21.23,20.73
2019-12-18,3.78,28.07,21.03,15.96
2019-12-19,5.45,26.86,19.08,16.29
2019-12-20,1.97,25.44,19.82,18.09
2019-12-21,1.89,28.19,20.39,19.89
2019-12-22,4.91,28.86,20.3,15.54
2019-12-23,19.58,29.07,20.14,8.06
2019-12-24,0.92,29.94,19.64,28.35
2019-12-25,0.55,30.78,19.29,26.98
2019-12-26,2.73,32.73,19.13,27.96
2019-12-27,3.35,32.43,20.03,28.86
2019-12-28,2.94,31.14,20.16,27.91
2019-12-29,0.53,33.34,20.74,26.78
2019-12-30,0.28,32.44,21.25,26.51
2019-12-31,4.39,32.28,21.83,26.19
2020-01-01,3.06,30.6,21.03,24.28
2020-01-02,26.15,28.92,21.4,17.69
2020-01-03,10.98,29.94,19.54,17.37
2020-01-04,14.08,29.69,18.47,21.88
2020-01-05,4.18,29.24,19.3,20.46
2020-01-06,3.2,30.5,20.41,26.28
2020-01-07,8.21,31.33,20.35,22.42
2020-01-08,13.77,28.82,22.31,17.36
2020-01-09,19.44,27.74,22.13,19.61
2020-01-10,2.03,29.14,21.71,24.76
2020-01-11,0.73,29.3,22.46,21.76
2020-01-12,7.43,29.86,22.4,19.96
2020-01-13,6.29,30.08,21.56,18.23
2020-01-14,0.05,31.54,20.03,23.76
2020-01-15,0.14,32.8,20.86,29.05
2020-01-16,1.56,32.5,22.82,27.24
2020-01-17,4.7,29.93,19.44,16.92
2020-01-18,7.1,29.13,18.11,23.68
2020-01-19,1.47,31.05,19.86,23.4
2020-01-20,7.37,30.89,21.11,24.33
2020-01-21,1.38,31.17,18.88,24.54
2020-01-22,11.74,29.57,18.9,19.54
2020-01-23,30.28,26.18,20.26,9.33
2020-01-24,2.54,28.81,19.96,20.5
2020-01-25,0.01,28.72,17.77,29.2
2020-01-26,0.0,30.51,16.73,29.13
2020-01-27,0.0,31.25,19.25,29.78
2020-01-28,2.94,31.0,19.52,26.59
2020-01-29,7.87,30.44,19.41,21.03
2020-01-30,9.94,26.83,22.03,16.54
2020-01-31,2.1,27.92,21.37,16.2
2020-02-01,7.53,28.56,21.48,15.23
2020-02-02,2.37,30.3,20.7,19.23
2020-02-03,3.86,29.18,21.0,16.96
2020-02-04,13.49,28.28,20.45,18.8
2020-02-05,12.24,27.18,20.64,18.23
2020-02-06,17.25,25.89,19.66,18.21
2020-02-07,20.88,24.68,19.55,11.69
2020-02-08,0.24,28.49,17.93,23.97
2020-02-09,9.23,28.05,20.14,15.12
2020-02-10,21.34,27.61,21.05,10.31
2020-02-11,9.72,26.53,18.88,13.29
2020-02-12,0.6,28.13,18.66,12.62
2020-02-13,0.09,29.06,16.88,22.78
2020-02-14,0.06,30.07,18.04,26.87
2020-02-15,0.4,30.97,19.27,25.38
2020-02-16,2.24,30.93,21.05,24.37
2020-02-17,4.26,30.86,21.41,24.93
2020-02-18,6.71,26.74,21.83,25.65
2020-02-19,5.01,26.27,21.52,20.78
2020-02-20,12.88,28.19,21.98,19.57
2020-02-21,7.43,28.49,21.99,9.64
2020-02-22,8.11,29.64,18.63,17.03
2020-02-23,1.35,27.34,17.02,20.53
2020-02-24,12.5,27.08,19.1,12.03
2020-02-25,8.78,27.29,20.42,19.42
2020-02-26,45.12,27.17,21.79,11.68
2020-02-27,17.22,24.17,18.0,13.99
2020-02-28,2.47,27.98,16.81,12.93
2020-02-29,0.78,28.97,17.74,16.09
2020-03-01,17.27,28.02,17.88,18.12
2020-03-02,4.99,27.18,17.57,22.11
2020-03-03,1.1,27.82,17.34,21.1
2020-03-04,0.01,28.73,17.46,26.4
2020-03-05,0.0,28.37,17.32,27.38
2020-03-06,0.09,27.87,15.5,27.08
2020-03-07,0.07,28.15,15.25,26.91
2020-03-08,0.34,28.17,17.09,26.43
2020-03-09,0.41,28.97,18.13,24.82
2020-03-10,0.78,29.48,18.19,24.84
2020-03-11,0.2,30.07,19.22,25.03
2020-03-12,0.08,30.26,19.82,25.16
2020-03-13,0.01,30.82,18.92,25.8
2020-03-14,0.07,30.91,19.31,24.71
2020-03-15,2.4,29.76,20.18,22.77
2020-03-16,1.97,29.5,19.97,22.77
2020-03-17,0.94,30.58,20.56,23.49
2020-03-18,3.01,31.17,21.06,19.35
2020-03-19,6.2,29.64,22.48,14.49
2020-03-20,7.83,27.5,20.99,15.71
2020-03-21,11.28,28.29,19.1,14.91
2020-03-22,0.28,28.23,17.82,21.52
2020-03-23,0.05,27.89,17.13,23.59
2020-03-24,0.07,27.81,16.19,23.95
2020-03-25,0.25,27.58,14.58,22.99
2020-03-26,0.06,27.53,15.19,22.88
2020-03-27,0.07,27.83,17.65,21.92
2020-03-28,1.41,27.89,19.22,20.15
2020-03-29,32.34,25.81,19.98,8.69
2020-03-30,3.41,28.3,20.12,20.49
2020-03-31,1.69,29.28,18.77,22.38
2020-04-01,0.26,30.09,18.75,22.85
2020-04-02,0.72,30.1,19.06,20.51
2020-04-03,0.77,30.2,18.21,18.64
2020-04-04,0.02,28.92,14.02,23.66
2020-04-05,0.0,30.15,15.64,23.26
2020-04-06,0.02,32.26,16.95,22.91
2020-04-07,3.51,27.14,20.94,12.11
2020-04-08,0.07,29.59,17.79,21.61
2020-04-09,0.0,28.11,14.5,22.89
2020-04-10,0.01,28.62,13.3,22.58
2020-04-11,0.01,29.81,14.3,21.94
2020-04-12,0.02,29.96,15.08,20.72
2020-04-13,1.79,30.33,15.57,20.65
2020-04-14,6.69,28.75,16.72,6.92
2020-04-15,2.87,26.66,18.16,14.16
2020-04-16,0.01,28.29,13.88,18.44
2020-04-17,0.0,29.31,14.72,20.12
2020-04-18,0.02,27.84,15.43,19.84
2020-04-19,0.0,29.26,16.72,16.63
2020-04-20,0.0,29.07,16.87,19.33
2020-04-21,0.08,29.86,15.83,20.2
2020-04-22,0.01,29.94,14.13,21.23
2020-04-23,0.0,30.54,14.05,21.26
2020-04-24,0.01,30.98,15.37,19.41
2020-04-25,0.0,31.46,17.84,19.85
2020-04-26,0.0,31.41,15.6,20.42
2020-04-27,0.0,30.5,15.47,20.04
2020-04-28,0.01,28.91,15.71,20.39
2020-04-29,0.01,29.52,13.88,20.54
2020-04-30,0.02,30.61,14.56,18.19
2020-05-01,0.0,31.66,15.68,19.5
2020-05-02,0.0,31.2,16.65,18.94
2020-05-03,0.0,29.23,15.26,19.4
2020-05-04,0.0,29.25,12.91,19.87
2020-05-05,0.0,30.05,13.34,16.49
2020-05-06,0.01,30.59,18.09,13.1
2020-05-07,0.01,24.01,14.51,13.33
2020-05-08,0.0,26.86,11.82,19.95
2020-05-09,0.0,28.3,11.62,19.57
2020-05-10,0.0,28.62,12.4,19.35
2020-05-11,0.0,29.02,12.82,19.17
2020-05-12,0.04,30.21,12.58,16.51
2020-05-13,0.0,27.98,14.81,8.87
2020-05-14,5.27,28.05,17.66,8.16
2020-05-15,0.69,27.29,15.86,11.39
2020-05-16,0.08,28.19,14.32,17.56
2020-05-17,0.0,28.76,12.19,18.79
2020-05-18,0.0,30.22,12.04,18.56
2020-05-19,0.0,30.05,14.47,17.78
2020-05-20,0.04,28.69,16.02,14.94
2020-05-21,0.01,30.17,15.71,16.8
2020-05-22,0.72,30.97,15.33,15.5
2020-05-23,16.94,23.97,13.78,4.83
2020-05-24,0.24,20.13,10.31,8.35
2020-05-25,0.13,22.05,8.52,17.41
2020-05-26,0.01,22.79,6.99,18.23
2020-05-27,0.18,25.44,7.18,18.1
2020-05-28,0.0,27.04,7.62,18.46
2020-05-29,0.0,28.28,8.74,18.0
2020-05-30,0.16,27.21,9.69,17.93
2020-05-31,0.0,26.81,10.55,17.56
2020-06-01,0.0,28.51,11.05,16.92
2020-06-02,0.1,28.9,12.2,11.62
2020-06-03,1.58,28.3,15.46,8.81
2020-06-04,0.23,30.66,15.84,12.88
2020-06-05,0.19,30.71,17.27,11.3
2020-06-06,1.32,30.4,17.19,12.07
2020-06-07,4.02,27.36,16.85,9.78
2020-06-08,0.09,30.53,18.08,14.15
2020-06-09,1.38,31.49,17.49,11.25
2020-06-10,0.18,32.03,18.2,12.5
2020-06-11,0.03,31.9,16.28,15.57
2020-06-12,0.0,31.82,16.9,15.69
2020-06-13,0.01,31.56,16.1,16.27
2020-06-14,0.01,30.92,15.95,14.78
2020-06-15,0.0,29.57,14.98,15.66
2020-06-16,0.0,29.2,15.55,15.43
2020-06-17,0.0,28.35,15.45,14.92
2020-06-18,0.0,28.59,13.95,15.09
2020-06-19,0.0,29.36,14.45,15.87
2020-06-20,0.0,30.96,14.45,16.58
2020-06-21,0.0,31.01,16.64,16.17
2020-06-22,0.0,30.18,14.49,16.45
2020-06-23,0.0,29.29,13.86,13.93
2020-06-24,0.0,30.22,13.49,14.45
2020-06-25,0.04,30.55,16.41,15.15
2020-06-26,4.71,29.39,18.84,10.3
2020-06-27,4.38,25.12,14.04,3.54
2020-06-28,0.03,25.53,11.83,15.04
2020-06-29,0.06,27.89,12.91,13.9
2020-06-30,0.0,27.68,16.36,15.21
2020-07-01,0.53,21.34,10.94,10.57
2020-07-02,0.0,23.76,7.75,17.04
2020-07-03,0.0,25.45,9.07,17.01
2020-07-04,0.0,29.29,10.33,17.16
2020-07-05,0.01,30.65,13.28,14.7
2020-07-06,0.01,32.01,15.99,15.87
2020-07-07,0.0,32.0,16.19,16.48
2020-07-08,0.0,30.53,15.69,15.45
2020-07-09,0.57,28.25,15.72,11.98
2020-07-10,0.0,29.76,12.83,16.13
2020-07-11,0.0,31.38,16.59,15.8
2020-07-12,0.0,31.46,16.05,16.15
2020-07-13,0.07,32.25,16.59,16.3
2020-07-14,0.21,31.34,18.89,14.83
2020-07-15,0.02,31.09,15.08,15.5
2020-07-16,0.01,29.93,16.16,15.88
2020-07-17,0.03,30.72,18.75,16.66
2020-07-18,0.02,30.5,15.8,15.63
2020-07-19,0.01,28.94,14.95,17.57
2020-07-20,0.0,30.2,13.64,17.98
2020-07-21,0.0,31.42,13.9,18.05
2020-07-22,0.02,31.68,14.78,17.9
2020-07-23,0.0,31.57,14.53,17.94
2020-07-24,0.0,30.73,14.05,18.34
2020-07-25,0.0,31.94,14.22,18.45
2020-07-26,0.0,31.6,14.16,17.53
2020-07-27,0.0,31.65,15.28,17.77
2020-07-28,0.0,32.49,17.42,17.29
2020-07-29,0.0,31.19,17.04,17.38
2020-07-30,0.01,29.33,13.58,17.23
2020-07-31,0.05,30.32,13.9,17.55
2020-08-01,0.0,30.08,15.19,16.94
2020-08-02,0.0,30.29,13.49,18.2
2020-08-03,0.0,30.19,13.4,19.3
2020-08-04,0.0,30.15,12.47,19.69
2020-08-05,0.02,30.31,12.62,19.83
2020-08-06,0.02,30.33,12.46,19.2
2020-08-07,0.0,30.0,12.3,19.5
2020-08-08,0.01,29.78,13.07,15.23
2020-08-09,0.0,29.68,15.78,19.01
2020-08-10,0.0,31.32,15.04,19.78
2020-08-11,0.0,32.29,15.7,17.8
2020-08-12,0.0,32.9,15.64,19.53
2020-08-13,0.0,34.3,18.52,16.6
2020-08-14,0.0,34.24,19.58,17.57
2020-08-15,0.0,34.1,19.78,17.95
2020-08-16,1.25,32.34,20.09,10.44
2020-08-17,2.89,33.25,20.04,8.43
2020-08-18,0.17,33.12,20.48,15.5
2020-08-19,0.01,35.72,21.32,17.51
2020-08-20,0.03,33.09,16.49,14.67
2020-08-21,3.38,20.6,10.7,2.41
2020-08-22,0.15,23.4,9.15,17.66
2020-08-23,0.0,27.1,9.78,21.6
2020-08-24,0.0,29.56,11.98,20.82
2020-08-25,0.0,29.01,10.6,22.76
2020-08-26,0.7,31.2,9.5,22.77
2020-08-27,2.38,32.38,11.56,22.96
2020-08-28,0.35,33.98,14.3,23.06
2020-08-29,0.0,34.46,16.56,22.53
2020-08-30,0.0,35.49,17.71,22.35
2020-08-31,0.0,35.85,17.61,22.0
2020-09-01,0.03,34.59,18.54,20.65
2020-09-02,0.0,33.66,18.49,20.71
2020-09-03,0.0,34.58,18.25,21.3
2020-09-04,0.02,36.59,18.21,22.84
2020-09-05,0.0,36.58,17.7,23.45
2020-09-06,0.0,35.95,16.86,23.02
2020-09-07,0.0,36.65,17.66,22.88
2020-09-08,0.0,37.44,18.18,22.74
2020-09-09,0.0,38.21,18.84,23.12
2020-09-10,0.0,37.48,20.13,21.55
2020-09-11,0.0,38.4,20.39,21.87
2020-09-12,0.0,38.15,22.5,21.33
2020-09-13,0.01,37.36,21.16,22.03
2020-09-14,0.0,36.28,19.46,20.78
2020-09-15,0.01,35.69,19.04,19.22
2020-09-16,0.0,36.24,20.69,23.28
2020-09-17,0.0,37.97,20.41,21.52
2020-09-18,0.0,38.07,21.57,16.0
2020-09-19,0.78,31.7,22.06,7.97
2020-09-20,1.04,34.06,20.4,5.56
2020-09-21,0.64,31.3,18.35,11.48
2020-09-22,10.51,25.11,15.61,12.17
2020-09-23,0.0,27.09,15.96,18.54
2020-09-24,0.0,33.18,15.48,25.43
2020-09-25,0.0,35.69,17.18,25.5
2020-09-26,0.0,37.89,19.07,26.13
2020-09-27,0.0,39.55,18.99,24.44
2020-09-28,0.11,39.7,21.87,22.71
2020-09-29,5.26,38.92,22.91,23.89
2020-09-30,0.12,40.3,23.18,22.96
2020-10-01,0.07,40.92,23.64,22.81
2020-10-02,0.0,38.54,27.07,24.74
2020-10-03,0.0,41.81,24.69,21.59
2020-10-04,0.02,41.1,22.52,22.98
2020-10-05,0.06,42.13,23.52,24.29
2020-10-06,0.04,42.38,25.33,21.16
2020-10-07,0.07,41.59,27.56,19.04
2020-10-08,0.1,41.09,25.78,11.43
2020-10-09,0.76,39.9,25.28,12.4
2020-10-10,2.47,35.71,19.84,16.93
2020-10-11,0.0,35.8,17.37,22.63
2020-10-12,0.0,37.24,18.17,25.1
2020-10-13,0.02,39.08,19.37,24.15
2020-10-14,0.01,38.92,22.94,21.13
2020-10-15,3.47,34.16,22.18,9.85
2020-10-16,0.13,29.43,18.77,11.4
2020-10-17,0.3,33.34,17.82,24.46
2020-10-18,0.27,35.25,20.96,20.04
2020-10-19,5.76,30.75,20.62,10.82
2020-10-20,3.57,30.61,19.9,13.14
2020-10-21,6.09,30.48,20.68,20.68
2020-10-22,0.29,33.32,19.69,24.79
2020-10-23,1.26,33.32,20.84,23.49
2020-10-24,7.38,25.57,20.48,11.76
2020-10-25,2.05,33.6,18.67,24.14
2020-10-26,0.1,34.89,18.35,24.51
2020-10-27,0.0,34.58,20.76,22.55
2020-10-28,0.0,36.27,17.72,30.35
2020-10-29,2.05,28.91,21.86,20.7
2020-10-30,1.77,30.01,18.77,17.19
2020-10-31,0.01,30.84,16.96,20.38
2020-11-01,0.0,31.01,15.01,25.94
2020-11-02,0.0,31.16,12.65,30.49
2020-11-03,0.35,31.97,13.52,24.52
2020-11-04,0.1,33.45,13.91,29.21
2020-11-05,0.01,34.25,14.99,28.0
2020-11-06,0.0,35.34,15.75,30.94
2020-11-07,0.0,38.02,15.49,31.25
2020-11-08,0.0,39.44,17.53,29.31
2020-11-09,1.48,38.96,20.58,22.27
2020-11-10,2.97,32.58,21.99,15.32
2020-11-11,6.96,29.65,22.2,17.34
2020-11-12,1.8,32.78,20.2,23.07
2020-11-13,6.24,29.54,21.24,22.22
2020-11-14,0.99,29.71,20.83,23.06
2020-11-15,0.13,36.04,19.32,25.79
2020-11-16,1.34,34.82,21.51,23.78
2020-11-17,5.79,35.04,22.33,18.82
2020-11-18,8.84,31.46,21.99,15.69
2020-11-19,3.21,31.74,18.74,14.91
2020-11-20,0.09,32.44,15.63,30.23
2020-11-21,0.09,33.34,14.82,31.52
2020-11-22,0.68,34.81,15.78,30.11
2020-11-23,0.55,35.25,16.81,29.74
2020-11-24,0.81,35.09,19.66,28.19
2020-11-25,0.34,35.61,19.68,27.97
2020-11-26,2.4,34.96,20.11,24.88
2020-11-27,1.01,35.97,20.55,27.08
2020-11-28,0.17,36.19,21.42,28.01
2020-11-29,0.01,36.61,21.47,26.94
2020-11-30,1.31,33.17,22.51,24.76
2020-12-01,1.54,37.78,21.73,24.05
2020-12-02,9.91,28.81,21.81,20.63
2020-12-03,0.58,33.44,19.97,15.4
2020-12-04,5.01,35.86,20.84,25.21
2020-12-05,8.24,35.88,21.69,20.75
2020-12-06,5.45,30.74,20.46,15.79
2020-12-07,8.21,31.45,21.43,11.41
2020-12-08,3.12,30.6,21.85,20.87
2020-12-09,4.0,32.67,21.75,23.72
2020-12-10,0.59,32.91,19.03,24.53
2020-12-11,2.18,26.52,19.71,12.14
2020-12-12,11.45,31.42,18.78,15.22
2020-12-13,5.25,27.82,20.25,22.29
2020-12-14,2.23,33.07,20.61,21.01
2020-12-15,5.6,30.27,21.43,21.0
2020-12-16,2.83,29.86,21.43,20.58
2020-12-17,2.77,30.46,21.45,19.18
2020-12-18,1.27,34.74,20.49,28.0
2020-12-19,0.66,33.83,21.17,23.57
2020-12-20,0.48,33.12,22.32,22.69
2020-12-21,1.48,34.79,22.19,27.24
2020-12-22,3.79,31.13,22.63,21.25
2020-12-23,5.17,32.96,19.99,23.63
2020-12-24,0.41,33.76,19.63,25.78
2020-12-25,3.24,33.27,18.26,23.35
2020-12-26,7.3,31.12,19.35,22.17
2020-12-27,6.71,28.61,21.34,19.16
2020-12-28,9.44,31.3,20.25,20.89
2020-12-29,17.9,30.99,20.15,22.16
2020-12-30,0.89,31.9,20.04,24.6
2020-12-31,1.79,31.63,20.58,14.35
2021-01-01,3.75,30.6,20.62,16.99
2021-01-02,3.44,32.08,19.93,17.52
2021-01-03,4.01,32.16,19.12,27.79
2021-01-04,0.32,33.38,19.52,26.95
2021-01-05,0.13,32.79,20.34,25.26
2021-01-06,1.63,32.29,21.56,18.65
2021-01-07,5.24,30.69,21.49,21.7
2021-01-08,0.96,31.71,20.71,22.73
2021-01-09,0.75,34.84,21.05,23.16
2021-01-10,4.06,32.85,22.38,18.86
2021-01-11,5.13,28.32,22.75,23.66
2021-01-12,4.03,29.75,21.68,18.0
2021-01-13,3.04,29.21,22.14,17.7
2021-01-14,8.51,27.63,21.5,19.07
2021-01-15,5.03,29.58,20.27,14.2
2021-01-16,2.56,29.87,20.47,17.87
2021-01-17,2.2,28.62,20.47,13.34
2021-01-18,2.93,31.06,20.53,20.06
2021-01-19,7.33,31.3,21.93,17.98
2021-01-20,0.07,33.27,21.59,26.06
2021-01-21,0.01,34.23,20.76,27.56
2021-01-22,0.0,34.36,20.46,28.48
2021-01-23,0.01,32.86,22.04,27.09
2021-01-24,0.17,30.81,21.33,22.63
2021-01-25,2.86,31.52,20.44,19.88
2021-01-26,2.2,30.98,20.26,21.94
2021-01-27,5.36,31.16,20.93,21.53
2021-01-28,1.58,33.01,20.43,23.48
2021-01-29,0.02,34.83,20.5,24.32
2021-01-30,0.0,36.47,20.31,26.76
2021-01-31,0.41,36.01,21.76,20.48
2021-02-01,0.86,33.38,21.35,19.16
2021-02-02,4.08,35.37,20.93,26.62
2021-02-03,5.15,35.06,21.59,26.17
2021-02-04,0.22,33.09,21.99,22.57
2021-02-05,12.01,33.64,21.94,20.98
2021-02-06,0.23,33.29,19.56,25.04
2021-02-07,0.02,32.55,18.05,27.01
2021-02-08,0.09,32.05,18.24,27.93
2021-02-09,0.47,32.41,17.74,27.23
2021-02-10,2.44,33.78,19.07,23.97
2021-02-11,4.52,28.93,20.2,11.39
2021-02-12,11.47,25.79,19.92,13.08
2021-02-13,7.6,29.11,19.75,17.38
2021-02-14,1.81,29.85,18.79,15.72
2021-02-15,1.68,29.21,20.7,19.41
2021-02-16,1.55,33.81,18.6,24.69
2021-02-17,5.62,32.2,20.43,14.39
2021-02-18,0.1,33.75,19.26,25.11
2021-02-19,0.01,34.96,18.09,29.22
2021-02-20,0.04,35.61,17.15,27.79
2021-02-21,0.75,35.87,19.71,24.4
2021-02-22,0.74,34.96,20.49,26.14
2021-02-23,0.05,35.59,20.74,25.56
2021-02-24,6.49,35.79,20.91,24.14
2021-02-25,5.16,33.02,21.44,21.38
2021-02-26,7.89,29.04,20.79,20.01
2021-02-27,3.67,30.89,19.53,19.92
2021-02-28,7.13,30.16,19.92,14.25
2021-03-01,0.47,28.46,19.35,18.53
2021-03-02,1.86,30.76,21.02,21.08
2021-03-03,0.33,31.71,20.8,12.12
2021-03-04,1.74,31.24,20.67,18.25
2021-03-05,4.65,28.02,20.46,12.3
2021-03-06,15.2,25.57,20.25,14.23
2021-03-07,12.79,28.71,19.82,15.41
2021-03-08,1.65,27.23,19.22,21.27
2021-03-09,1.47,29.24,19.02,23.44
2021-03-10,0.56,31.32,18.47,24.92
2021-03-11,0.41,32.0,18.71,23.1
2021-03-12,0.01,34.35,19.56,25.07
2021-03-13,0.05,33.05,19.71,24.82
2021-03-14,3.67,32.26,20.47,23.21
2021-03-15,4.19,32.16,20.08,24.09
2021-03-16,0.48,33.27,19.8,24.09
2021-03-17,4.86,31.64,20.51,21.78
2021-03-18,2.5,30.4,19.78,8.54
2021-03-19,0.56,32.81,19.76,20.03
2021-03-20,0.66,33.9,19.87,22.79
2021-03-21,0.01,33.8,20.53,24.14
2021-03-22,0.0,34.61,18.74,23.8
2021-03-23,0.01,35.18,19.76,20.66
2021-03-24,0.04,35.58,21.42,22.29
2021-03-25,0.28,35.6,20.65,22.23
2021-03-26,0.83,34.88,22.82,23.49
2021-03-27,2.6,34.5,21.67,20.64
2021-03-28,0.15,35.06,21.59,22.61
2021-03-29,0.14,35.99,20.78,21.38
2021-03-30,0.06,34.53,20.31,23.16
2021-03-31,0.05,32.92,19.21,20.3
2021-04-01,0.0,32.3,16.24,19.83
2021-04-02,0.0,32.37,16.08,24.32
2021-04-03,0.0,33.57,16.03,23.23
2021-04-04,0.0,33.32,17.8,21.67
2021-04-05,0.15,33.0,18.96,19.97
2021-04-06,3.98,27.89,20.1,13.96
2021-04-07,0.45,31.54,18.41,20.28
2021-04-08,0.26,33.17,19.41,22.48
2021-04-09,0.28,32.48,17.4,23.2
2021-04-10,0.14,33.19,15.83,22.9
2021-04-11,0.61,33.32,15.63,23.84
2021-04-12,0.0,33.83,16.75,23.15
2021-04-13,0.0,32.32,18.88,14.46
2021-04-14,0.0,32.23,17.16,20.54
2021-04-15,1.05,31.68,17.74,18.29
2021-04-16,1.13,32.32,18.13,18.97
2021-04-17,12.9,30.0,18.83,17.82
2021-04-18,4.28,28.36,18.6,13.3
2021-04-19,0.23,29.3,16.47,19.33
2021-04-20,0.01,29.67,15.74,20.66
2021-04-21,0.01,29.14,14.81,21.73
2021-04-22,0.01,29.36,15.7,21.37
2021-04-23,0.0,29.76,14.41,21.56
2021-04-24,0.0,31.43,14.51,20.8
2021-04-25,0.0,31.98,16.31,17.48
2021-04-26,0.03,32.33,18.09,17.21
2021-04-27,0.02,31.21,17.07,18.62
2021-04-28,0.01,31.24,14.57,21.18
2021-04-29,0.0,29.57,14.84,19.82
2021-04-30,0.0,29.58,15.16,17.87
2021-05-01,0.0,28.4,18.91,15.18
2021-05-02,0.0,31.17,15.67,19.57
2021-05-03,0.0,31.54,14.51,19.94
2021-05-04,0.0,31.99,14.38,19.4
2021-05-05,0.0,32.15,15.36,19.69
2021-05-06,0.0,31.73,16.66,19.17
2021-05-07,0.0,29.97,15.76,17.19
2021-05-08,0.0,30.45,15.32,18.24
2021-05-09,0.0,30.94,15.21,17.22
2021-05-10,0.08,30.42,15.22,14.99
2021-05-11,0.02,30.96,15.48,14.84
2021-05-12,0.18,30.08,16.62,12.37
2021-05-13,0.23,28.58,16.24,17.01
2021-05-14,0.23,28.86,14.48,15.72
2021-05-15,0.21,29.92,15.27,11.5
2021-05-16,0.01,29.92,14.59,16.13
2021-05-17,0.0,29.54,13.91,17.22
2021-05-18,0.0,29.09,14.39,17.09
2021-05-19,0.0,30.09,12.45,18.12
2021-05-20,0.0,30.75,16.07,18.32
2021-05-21,0.01,31.29,16.41,13.81
2021-05-22,0.97,25.54,18.24,4.42
2021-05-23,6.24,26.75,17.22,7.42
2021-05-24,0.0,24.85,12.89,12.92
2021-05-25,0.0,27.14,9.82,15.79
2021-05-26,0.0,31.2,14.77,14.72
2021-05-27,0.0,31.32,15.87,15.77
2021-05-28,0.02,31.98,18.2,12.36
2021-05-29,1.75,31.74,18.91,13.6
2021-05-30,0.17,31.0,18.6,12.41
2021-05-31,0.12,29.2,17.91,12.25
2021-06-01,0.0,30.03,15.62,16.26
2021-06-02,0.04,31.51,14.79,16.56
2021-06-03,0.0,31.92,16.53,16.75
2021-06-04,0.0,32.02,15.0,16.55
2021-06-05,0.0,30.87,15.65,15.7
2021-06-06,0.0,28.36,17.05,13.33
2021-06-07,0.3,30.14,16.38,12.43
2021-06-08,0.16,29.52,15.92,10.89
2021-06-09,1.21,31.32,15.5,14.53
2021-06-10,7.84,29.56,16.36,4.1
2021-06-11,7.13,24.46,17.16,9.01
2021-06-12,0.01,26.08,13.92,15.2
2021-06-13,0.07,26.34,11.19,17.13
2021-06-14,0.05,27.89,10.54,16.7
2021-06-15,0.0,27.89,11.93,15.97
2021-06-16,0.01,26.21,10.95,16.85
2021-06-17,0.0,25.95,11.85,16.26
2021-06-18,0.34,28.18,11.74,12.84
2021-06-19,0.0,29.64,14.07,14.97
2021-06-20,0.02,26.62,15.15,14.34
2021-06-21,0.07,27.87,11.95,14.52
2021-06-22,0.74,28.78,16.2,12.84
2021-06-23,0.06,26.45,13.44,15.46
2021-06-24,0.0,30.0,12.77,16.0
2021-06-25,0.0,31.92,15.13,14.9
2021-06-26,0.0,31.47,16.32,15.51
2021-06-27,0.0,29.65,15.93,16.46
2021-06-28,0.0,28.72,12.48,15.67
2021-06-29,0.0,21.17,9.19,10.18
2021-06-30,0.0,20.35,6.09,14.44
2021-07-01,0.0,25.38,4.67,17.51
2021-07-02,0.0,28.43,9.33,16.54
2021-07-03,0.0,28.3,10.68,17.11
2021-07-04,0.0,27.57,10.74,15.97
2021-07-05,0.0,27.1,10.7,15.9
2021-07-06,0.0,26.6,11.27,16.76
2021-07-07,0.0,26.87,10.95,16.89
2021-07-08,0.0,26.96,10.28,17.21
2021-07-09,0.0,28.04,9.8,16.91
2021-07-10,0.01,28.72,10.69,17.24
2021-07-11,0.0,28.84,11.81,17.13
2021-07-12,0.0,29.55,11.68,17.41
2021-07-13,0.0,29.38,12.19,17.47
2021-07-14,0.64,29.62,12.09,16.75
2021-07-15,0.0,30.72,13.51,17.47
2021-07-16,0.54,31.57,14.64,16.27
2021-07-17,0.28,31.24,14.15,15.6
2021-07-18,0.13,27.26,12.64,15.04
2021-07-19,0.01,23.14,5.47,18.92
2021-07-20,0.02,26.09,5.55,16.91
2021-07-21,0.77,25.33,8.58,17.18
2021-07-22,0.0,31.25,9.91,17.96
2021-07-23,0.0,29.8,11.81,18.26
2021-07-24,0.0,29.67,12.03,17.87
2021-07-25,0.0,29.81,12.38,18.54
2021-07-26,0.0,30.99,11.89,18.04
2021-07-27,0.0,31.81,13.52,17.78
2021-07-28,6.44,20.28,10.18,2.77
2021-07-29,0.0,18.53,4.08,19.67
2021-07-30,0.1,19.16,3.1,17.48
2021-07-31,0.02,26.59,6.1,18.36
2021-08-01,0.0,27.38,10.15,17.04
2021-08-02,0.0,28.59,11.24,18.02
2021-08-03,0.04,26.39,11.01,19.03
2021-08-04,0.01,28.42,10.43,18.37
2021-08-05,0.0,26.75,13.77,14.62
2021-08-06,0.0,26.48,14.95,15.13
2021-08-07,0.0,28.25,16.99,14.81
2021-08-08,0.0,29.42,15.84,17.67
2021-08-09,0.0,30.39,13.69,17.77
2021-08-10,0.0,31.4,14.12,19.97
2021-08-11,0.0,33.02,17.4,18.85
2021-08-12,0.05,31.18,13.67,18.33
2021-08-13,0.05,32.34,14.29,18.45
2021-08-14,0.01,32.54,15.07,17.88
2021-08-15,0.0,33.15,14.56,17.98
2021-08-16,0.2,33.68,17.23,15.41
2021-08-17,0.0,35.06,18.23,18.86
2021-08-18,0.0,35.29,17.89,19.82
2021-08-19,0.11,34.26,17.71,20.95
2021-08-20,0.0,32.82,17.32,21.15
2021-08-21,0.0,33.04,15.54,20.35
2021-08-22,0.0,32.58,15.8,20.95
2021-08-23,0.0,34.12,16.94,20.03
2021-08-24,0.0,35.36,18.33,19.03
2021-08-25,0.0,35.79,18.11,20.01
2021-08-26,0.0,35.63,18.46,18.93
2021-08-27,0.97,33.3,18.15,12.52
2021-08-28,0.62,29.17,17.72,6.18
2021-08-29,0.17,30.35,16.87,8.84
2021-08-30,0.02,30.59,16.26,19.88
2021-08-31,0.01,31.38,15.83,21.62
2021-09-01,0.01,31.23,15.87,22.45
2021-09-02,0.0,32.46,16.55,19.95
2021-09-03,0.0,34.22,19.12,23.07
2021-09-04,0.03,35.77,18.09,22.81
2021-09-05,0.03,36.74,18.33,21.53
2021-09-06,0.0,37.5,18.67,23.01
2021-09-07,0.0,37.48,18.46,20.83
2021-09-08,0.0,39.03,22.0,17.32
2021-09-09,0.9,35.97,21.1,12.18
2021-09-10,0.02,32.64,19.35,15.11
2021-09-11,1.57,30.01,19.97,12.2
2021-09-12,0.05,37.88,19.22,21.75
2021-09-13,0.18,39.16,22.19,17.96
2021-09-14,0.0,38.44,20.55,15.38
2021-09-15,0.02,37.82,22.89,11.1
2021-09-16,0.08,36.87,21.24,15.73
2021-09-17,0.29,35.81,21.55,19.74
2021-09-18,0.01,38.34,22.74,21.53
2021-09-19,0.0,38.48,21.88,20.66
2021-09-20,0.0,39.59,24.44,18.23
2021-09-21,0.0,41.41,21.15,17.76
2021-09-22,0.0,30.73,16.17,20.8
2021-09-23,0.0,31.6,14.92,23.36
2021-09-24,0.0,36.71,16.72,23.91
2021-09-25,0.27,35.03,19.47,15.89
2021-09-26,16.25,36.16,18.99,15.43
2021-09-27,0.91,34.46,19.72,20.89
2021-09-28,0.0,35.83,20.32,24.67
2021-09-29,0.05,36.39,22.6,20.63
2021-09-30,0.11,36.01,18.71,24.93
2021-10-01,8.86,35.63,20.02,15.24
2021-10-02,1.49,31.14,21.05,9.29
2021-10-03,1.7,36.21,20.39,21.42
2021-10-04,7.73,31.74,22.26,17.5
2021-10-05,0.14,33.57,20.1,20.53
2021-10-06,1.35,35.94,18.45,22.8
2021-10-07,9.82,33.42,21.42,6.96
2021-10-08,0.52,33.47,17.2,24.73
2021-10-09,10.28,34.45,18.16,20.12
2021-10-10,11.18,27.85,18.62,7.69
2021-10-11,4.49,26.92,17.67,17.54
2021-10-12,0.02,32.15,16.68,25.69
2021-10-13,0.04,33.33,17.19,25.03
2021-10-14,4.56,34.19,19.22,10.11
2021-10-15,7.85,29.62,21.8,20.47
2021-10-16,10.12,30.55,21.3,18.12
2021-10-17,1.28,31.9,18.43,21.81
2021-10-18,3.41,30.51,18.21,14.98
2021-10-19,2.44,30.27,16.76,14.07
2021-10-20,2.54,27.51,14.77,25.37
2021-10-21,0.01,30.06,12.92,27.97
2021-10-22,0.02,32.04,13.47,29.36
2021-10-23,1.58,34.59,15.13,29.07
2021-10-24,10.35,28.36,17.73,11.35
2021-10-25,0.37,31.65,15.63,24.17
2021-10-26,3.3,30.25,19.07,20.8
2021-10-27,4.74,26.07,19.7,15.01
2021-10-28,11.49,25.25,19.71,13.54
2021-10-29,0.52,31.4,18.96,24.88
2021-10-30,13.33,30.83,18.58,24.35
2021-10-31,9.86,27.05,18.9,8.91
2021-11-01,1.55,29.45,16.86,20.43
2021-11-02,0.12,31.1,17.3,26.23
2021-11-03,0.02,32.49,17.3,28.2
2021-11-04,0.02,34.47,17.9,29.59
2021-11-05,0.04,33.67,18.32,25.97
2021-11-06,0.01,34.76,18.93,25.75
2021-11-07,0.0,35.9,19.04,28.79
2021-11-08,0.43,35.7,18.51,27.1
2021-11-09,1.11,34.73,19.26,24.24
2021-11-10,2.74,33.92,18.68,21.28
2021-11-11,12.06,29.03,19.01,13.16
2021-11-12,0.9,30.56,16.81,18.56
2021-11-13,0.02,30.57,14.77,30.22
2021-11-14,0.02,31.85,14.87,28.42
2021-11-15,0.01,32.94,16.77,24.71
2021-11-16,0.0,32.84,18.78,26.08
2021-11-17,0.38,33.94,20.08,24.24
2021-11-18,16.54,26.7,21.08,11.08
2021-11-19,17.14,28.15,20.62,14.07
2021-11-20,2.01,31.4,17.33,25.75
2021-11-21,0.03,31.94,15.88,30.31
2021-11-22,0.01,34.38,15.02,32.06
2021-11-23,0.01,36.39,15.7,31.32
2021-11-24,0.0,36.09,17.94,25.69
2021-11-25,3.88,35.81,19.38,27.27
2021-11-26,25.23,27.64,21.56,11.27
2021-11-27,3.68,30.92,20.42,30.94
2021-11-28,0.05,32.69,19.18,30.04
2021-11-29,1.62,32.68,21.76,19.84
2021-11-30,16.87,27.16,20.67,12.06
2021-12-01,0.92,32.09,19.3,25.17
2021-12-02,0.17,33.76,18.72,25.29
2021-12-03,0.43,33.37,18.32,28.58
2021-12-04,1.05,32.32,18.62,26.88
2021-12-05,7.21,31.72,19.76,22.56
2021-12-06,5.52,31.74,20.77,21.55
2021-12-07,1.88,28.68,17.02,24.14
2021-12-08,0.38,27.57,15.67,27.35
2021-12-09,0.01,31.37,14.72,31.5
2021-12-10,0.0,32.99,14.34,32.19
2021-12-11,0.01,33.89,15.44,30.63
2021-12-12,2.83,33.56,20.65,22.41
2021-12-13,5.82,28.89,22.1,15.74
2021-12-14,16.22,28.35,21.0,17.94
2021-12-15,17.75,28.79,21.11,8.25
2021-12-16,9.03,28.13,20.98,16.45
2021-12-17,7.64,28.8,21.01,13.38
2021-12-18,4.51,30.26,19.59,17.27
2021-12-19,0.04,29.39,17.52,27.36
2021-12-20,0.02,31.36,17.33,28.73
2021-12-21,0.0,30.59,18.12,28.51
2021-12-22,0.29,32.01,19.87,25.97
2021-12-23,4.27,28.01,19.05,20.65
2021-12-24,0.0,30.34,14.43,30.96
2021-12-25,0.13,31.61,15.85,29.34
2021-12-26,1.1,32.8,19.0,29.0
2021-12-27,1.36,33.9,20.76,28.58
2021-12-28,12.92,33.03,20.85,23.78
2021-12-29,7.65,27.82,20.24,20.34
2021-12-30,9.78,28.23,19.94,12.28
2021-12-31,8.5,29.02,18.34,19.21
2022-01-01,8.46,27.93,19.79,17.5
2022-01-02,2.5,28.8,20.19,17.12
2022-01-03,10.37,27.34,20.15,21.96
2022-01-04,16.5,29.63,20.94,14.33
2022-01-05,6.41,27.6,20.43,14.54
2022-01-06,10.21,26.37,20.81,16.41
2022-01-07,13.75,26.14,19.02,16.21
2022-01-08,0.65,28.64,18.3,23.26
2022-01-09,0.55,27.65,17.48,13.24
2022-01-10,3.0,28.92,16.6,15.26
2022-01-11,5.72,25.71,19.22,19.64
2022-01-12,6.09,25.36,18.74,20.18
2022-01-13,0.79,27.57,19.25,24.48
2022-01-14,3.62,28.75,19.82,24.94
2022-01-15,7.91,28.48,20.21,23.06
2022-01-16,2.19,28.09,18.86,9.54
2022-01-17,3.42,29.79,18.16,27.5
2022-01-18,5.9,29.37,19.91,23.79
2022-01-19,5.73,29.7,19.93,25.91
2022-01-20,1.25,30.54,19.87,27.25
2022-01-21,0.09,31.77,20.65,28.14
2022-01-22,0.13,33.35,20.32,28.26
2022-01-23,3.22,32.08,21.59,26.42
2022-01-24,5.13,32.59,21.99,26.85
2022-01-25,5.14,29.59,22.12,27.65
2022-01-26,4.58,29.25,21.3,23.76
2022-01-27,2.54,30.75,20.47,23.73
2022-01-28,13.88,29.92,20.81,16.96
2022-01-29,32.29,25.53,20.26,9.13
2022-01-30,47.47,24.97,19.92,10.05
2022-01-31,31.88,25.33,20.21,12.45
2022-02-01,8.12,26.1,20.03,11.39
2022-02-02,15.52,26.72,19.6,12.41
2022-02-03,21.93,24.69,20.16,19.16
2022-02-04,1.11,28.26,19.47,22.3
2022-02-05,7.35,28.64,20.13,22.3
2022-02-06,13.82,27.46,20.52,17.83
2022-02-07,29.72,24.94,20.43,15.46
2022-02-08,0.86,28.66,17.48,26.08
2022-02-09,0.2,28.13,16.45,28.51
2022-02-10,0.86,28.43,16.51,25.34
2022-02-11,3.8,27.29,19.42,21.04
2022-02-12,1.52,28.79,19.49,26.45
2022-02-13,0.38,29.1,18.51,27.01
2022-02-14,0.04,30.75,18.44,28.11
2022-02-15,3.21,30.35,19.76,24.75
2022-02-16,2.88,29.36,19.5,26.22
2022-02-17,1.42,28.38,18.8,18.99
2022-02-18,1.04,25.86,19.41,12.08
2022-02-19,2.75,27.98,17.63,22.94
2022-02-20,0.52,27.76,18.73,25.74
2022-02-21,0.64,28.7,18.58,23.95
2022-02-22,0.65,30.49,20.42,25.61
2022-02-23,3.06,29.67,19.99,26.2
2022-02-24,1.93,29.96,20.04,23.26
2022-02-25,3.7,30.54,20.82,24.54
2022-02-26,4.95,29.95,20.26,24.18
2022-02-27,0.14,30.07,19.83,26.15
2022-02-28,0.04,30.74,20.04,23.68
2022-03-01,1.21,30.46,20.2,22.08
2022-03-02,0.41,30.53,20.06,22.51
2022-03-03,1.12,29.96,19.44,23.81
2022-03-04,2.17,29.83,20.13,24.13
2022-03-05,2.86,29.57,19.34,25.02
2022-03-06,2.48,30.16,20.22,25.83
2022-03-07,0.26,31.29,19.58,25.29
2022-03-08,2.06,31.25,20.77,22.39
2022-03-09,1.54,27.64,22.06,20.49
2022-03-10,2.64,31.71,19.3,21.9
2022-03-11,10.81,28.77,20.63,22.5
2022-03-12,3.42,29.9,20.5,19.38
2022-03-13,12.8,25.77,20.78,16.96
2022-03-14,4.83,27.96,19.53,16.8
2022-03-15,5.23,28.87,20.52,15.67
2022-03-16,5.85,29.14,20.45,17.95
2022-03-17,4.82,29.84,20.47,22.91
2022-03-18,0.96,31.01,20.37,23.62
2022-03-19,3.41,28.66,21.86,17.05
2022-03-20,1.84,28.45,19.55,20.24
2022-03-21,0.21,28.62,18.07,18.8
2022-03-22,0.01,29.51,16.7,24.95
2022-03-23,0.0,30.46,18.08,23.86
2022-03-24,0.02,31.71,18.92,23.7
2022-03-25,4.58,31.99,20.64,18.78
2022-03-26,11.07,28.66,21.36,19.71
2022-03-27,1.32,28.04,20.79,14.23
2022-03-28,6.24,29.03,19.84,17.86
2022-03-29,0.69,30.35,19.88,24.18
2022-03-30,3.01,30.56,19.41,20.27
2022-03-31,9.76,30.12,18.67,19.16
2022-04-01,9.53,25.26,17.15,12.71
2022-04-02,0.14,28.84,16.91,20.95
2022-04-03,0.02,29.79,17.9,21.66
2022-04-04,1.27,30.36,19.6,21.49
2022-04-05,3.17,31.0,20.03,18.37
2022-04-06,0.21,30.84,19.79,22.4
2022-04-07,0.01,31.64,18.58,21.75
2022-04-08,2.25,32.72,18.78,15.26
2022-04-09,1.06,25.34,21.4,17.53
2022-04-10,0.18,30.57,19.97,19.92
2022-04-11,2.53,31.63,18.35,20.01
2022-04-12,3.13,29.67,19.61,13.06
2022-04-13,1.25,29.89,19.99,10.16
2022-04-14,0.81,29.48,19.87,15.5
2022-04-15,0.01,27.26,14.72,22.52
2022-04-16,0.0,26.64,10.5,23.19
2022-04-17,0.0,28.17,13.33,22.48
2022-04-18,0.01,29.85,13.45,20.01
2022-04-19,0.01,30.68,15.44,17.97
2022-04-20,0.01,30.75,16.11,19.45
2022-04-21,0.02,30.54,15.3,21.07
2022-04-22,0.04,31.75,16.18,19.22
2022-04-23,0.02,31.1,17.33,15.01
2022-04-24,0.0,32.37,17.66,20.35
2022-04-25,0.07,32.28,17.2,19.16
2022-04-26,0.06,32.21,18.69,17.26
2022-04-27,0.22,32.54,17.73,19.46
2022-04-28,0.01,32.36,17.5,19.64
2022-04-29,0.02,32.62,16.34,18.04
2022-04-30,1.1,30.68,17.88,17.96
2022-05-01,0.08,31.32,17.22,13.9
2022-05-02,0.01,32.18,17.31,17.66
2022-05-03,0.03,32.11,18.46,17.78
2022-05-04,8.01,20.56,12.11,9.01
2022-05-05,0.01,25.17,9.6,17.15
2022-05-06,0.04,28.06,12.13,19.88
2022-05-07,0.0,29.36,11.88,18.64
2022-05-08,0.0,30.21,13.05,16.95
2022-05-09,0.09,29.63,15.86,15.64
2022-05-10,1.3,29.39,14.71,16.46
2022-05-11,1.76,27.99,15.32,11.34
2022-05-12,0.07,28.31,16.42,15.23
2022-05-13,0.01,29.48,12.96,18.76
2022-05-14,0.01,31.0,12.82,17.89
2022-05-15,12.93,26.86,17.16,8.62
2022-05-16,0.51,25.17,14.95,12.14
2022-05-17,0.0,19.97,8.44,19.14
2022-05-18,0.0,16.76,4.64,14.42
2022-05-19,0.0,20.03,6.53,16.75
2022-05-20,0.0,21.67,5.3,18.65
2022-05-21,0.01,24.52,5.96,17.01
2022-05-22,0.0,26.33,8.19,17.96
2022-05-23,0.01,27.18,10.69,16.42
2022-05-24,0.0,28.48,11.45,17.17
2022-05-25,0.0,27.27,11.83,17.54
2022-05-26,0.0,27.77,11.75,15.63
2022-05-27,0.0,27.43,12.75,15.07
2022-05-28,0.0,27.77,14.28,16.25
2022-05-29,0.0,30.06,13.28,16.64
2022-05-30,1.48,31.2,15.73,14.41
2022-05-31,5.58,26.56,17.57,11.38
2022-06-01,0.01,30.54,17.41,12.5
2022-06-02,0.07,29.89,17.37,14.18
2022-06-03,0.03,28.3,16.9,12.96
2022-06-04,0.0,28.6,14.24,16.56
2022-06-05,0.0,29.83,13.06,15.53
2022-06-06,0.0,29.62,13.65,15.36
2022-06-07,0.07,30.15,13.81,14.57
2022-06-08,3.46,27.26,17.2,9.34
2022-06-09,1.28,27.8,16.02,6.18
2022-06-10,1.18,25.23,16.99,8.67
2022-06-11,0.07,24.56,14.98,10.34
2022-06-12,0.0,24.47,9.62,10.91
2022-06-13,0.03,20.01,8.28,16.79
2022-06-14,0.01,27.6,8.49,13.79
2022-06-15,0.02,28.54,11.56,13.46
2022-06-16,0.0,30.11,12.67,16.43
2022-06-17,0.01,30.97,12.14,16.4
2022-06-18,5.06,25.01,15.16,8.14
2022-06-19,0.13,27.56,12.86,11.64
2022-06-20,0.34,28.69,13.6,12.77
2022-06-21,0.07,30.93,14.65,15.64
2022-06-22,0.0,30.61,14.62,15.82
2022-06-23,0.02,30.56,13.41,16.37
2022-06-24,0.01,30.66,12.07,15.53
2022-06-25,0.0,29.57,12.95,15.95
2022-06-26,0.0,27.03,14.15,15.51
2022-06-27,0.0,28.77,12.41,14.61
2022-06-28,0.0,29.13,12.88,15.73
2022-06-29,0.0,28.92,13.46,15.77
2022-06-30,0.0,28.45,12.2,16.68
2022-07-01,0.0,30.18,11.53,16.23
2022-07-02,0.0,31.45,13.72,16.21
2022-07-03,0.0,31.47,14.45,16.51
2022-07-04,0.0,31.14,13.31,16.87
2022-07-05,0.0,30.04,12.21,16.9
2022-07-06,0.0,29.93,12.21,16.27
2022-07-07,0.0,30.22,14.2,16.57
2022-07-08,0.0,30.2,13.2,14.41
2022-07-09,0.0,29.79,13.53,16.63
2022-07-10,0.0,29.48,14.2,15.79
2022-07-11,0.0,29.47,14.56,16.53
2022-07-12,0.0,29.41,14.06,12.59
2022-07-13,0.01,30.82,14.77,11.93
2022-07-14,0.0,30.38,15.75,15.59
2022-07-15,0.0,31.37,16.17,14.2
2022-07-16,0.0,31.81,16.38,12.56
2022-07-17,0.0,33.3,17.74,15.71
2022-07-18,0.0,33.48,17.5,16.09
2022-07-19,0.0,31.52,13.74,16.79
2022-07-20,0.0,31.5,15.42,16.96
2022-07-21,0.0,30.82,15.83,16.76
2022-07-22,0.0,30.95,14.56,17.32
2022-07-23,0.0,31.03,13.68,17.48
2022-07-24,0.0,31.74,14.03,17.34
2022-07-25,0.0,31.5,14.52,17.75
2022-07-26,0.0,31.57,14.02,17.84
2022-07-27,0.0,31.24,13.69,17.61
2022-07-28,0.03,31.44,13.51,17.27
2022-07-29,0.41,31.25,16.55,13.13
2022-07-30,0.0,28.73,12.21,18.55
2022-07-31,0.0,30.19,11.28,18.68
2022-08-01,0.0,30.2,13.78,15.14
2022-08-02,0.0,32.44,16.77,16.93
2022-08-03,0.0,31.88,15.09,17.48
2022-08-04,0.0,31.06,17.35,15.82
2022-08-05,0.0,33.27,16.77,16.07
2022-08-06,0.0,30.22,18.31,15.5
2022-08-07,0.67,31.85,17.81,11.92
2022-08-08,3.88,27.63,19.03,5.35
2022-08-09,5.32,27.26,17.35,6.5
2022-08-10,8.2,19.06,9.69,15.89
2022-08-11,0.0,23.02,8.05,18.91
2022-08-12,0.0,26.87,9.94,20.47
2022-08-13,0.0,29.93,11.2,20.17
2022-08-14,0.0,30.88,12.3,19.98
2022-08-15,0.0,31.05,13.56,20.36
2022-08-16,0.0,32.18,15.8,16.1
2022-08-17,0.02,31.36,18.39,6.6
2022-08-18,0.0,33.15,17.94,11.38
2022-08-19,0.05,20.78,10.44,9.76
2022-08-20,0.19,24.44,10.01,12.29
2022-08-21,0.1,23.07,13.51,15.59
2022-08-22,0.0,29.72,13.1,19.84
2022-08-23,0.0,30.48,12.95,20.7
2022-08-24,0.0,29.51,14.23,15.94
2022-08-25,0.0,29.28,17.74,14.72
2022-08-26,0.0,30.4,16.49,17.39
2022-08-27,0.0,32.74,17.28,21.41
2022-08-28,0.0,34.05,16.38,21.19
2022-08-29,0.0,27.29,11.96,19.51
2022-08-30,0.0,25.57,10.83,17.0
2022-08-31,0.0,29.87,13.09,20.34
2022-09-01,0.0,31.47,13.27,22.44
2022-09-02,0.0,33.36,13.46,22.27
2022-09-03,0.0,35.4,16.46,18.78
2022-09-04,0.01,29.99,13.82,15.9
2022-09-05,0.11,32.06,14.42,16.08
2022-09-06,10.21,29.76,17.04,15.43
2022-09-07,0.43,31.8,17.22,10.72
2022-09-08,0.02,34.51,18.58,20.74
2022-09-09,0.0,35.75,18.16,20.64
2022-09-10,0.0,36.45,20.2,20.51
2022-09-11,0.06,33.69,17.21,18.24
2022-09-12,0.07,36.51,16.44,16.23
2022-09-13,0.03,36.73,20.95,16.93
2022-09-14,5.5,31.38,20.58,9.0
2022-09-15,1.64,28.74,16.74,13.19
2022-09-16,0.39,29.17,14.64,16.81
2022-09-17,0.07,29.12,12.37,25.66
2022-09-18,0.0,32.26,12.66,25.02
2022-09-19,0.0,36.52,13.86,23.39
2022-09-20,3.01,32.98,18.53,12.97
2022-09-21,1.31,34.2,18.81,10.46
2022-09-22,17.79,27.38,17.63,5.61
2022-09-23,0.01,27.28,13.52,25.81
2022-09-24,0.06,30.61,10.44,25.72
2022-09-25,0.15,34.52,12.99,22.62
2022-09-26,7.0,29.46,20.23,15.04
2022-09-27,5.33,29.53,19.53,8.93
2022-09-28,3.74,26.36,15.76,4.02
2022-09-29,0.44,29.84,14.13,18.39
2022-09-30,1.87,29.49,16.16,13.43
2022-10-01,0.31,31.76,18.62,21.37
2022-10-02,0.01,33.4,17.74,24.81
2022-10-03,1.99,32.23,17.01,20.34
2022-10-04,1.58,30.97,18.82,16.53
2022-10-05,0.03,34.78,17.83,24.22
2022-10-06,6.12,35.56,18.66,21.37
2022-10-07,19.06,27.68,18.51,14.06
2022-10-08,0.0,30.63,15.87,20.69
2022-10-09,6.15,28.72,18.7,13.65
2022-10-10,2.06,25.56,19.12,8.87
2022-10-11,0.05,33.96,18.95,12.34
2022-10-12,0.01,32.69,19.47,16.84
2022-10-13,0.26,34.63,18.9,22.9
2022-10-14,0.09,35.79,18.57,25.59
2022-10-15,0.34,33.73,17.97,23.32
2022-10-16,0.59,32.77,19.97,21.44
2022-10-17,0.14,34.54,19.02,19.03
2022-10-18,1.93,32.75,20.47,14.29
2022-10-19,1.15,31.1,20.13,14.27
2022-10-20,7.19,35.63,19.08,20.82
2022-10-21,10.06,30.27,21.04,12.48
2022-10-22,0.04,33.52,20.01,23.57
2022-10-23,0.1,34.13,16.9,27.09
2022-10-24,0.4,34.81,16.9,27.57
2022-10-25,0.13,34.6,17.85,28.08
2022-10-26,0.46,35.12,16.99,27.67
2022-10-27,1.26,36.69,19.86,23.29
2022-10-28,3.03,33.87,20.28,21.14
2022-10-29,14.19,33.93,20.01,25.57
2022-10-30,4.43,33.23,20.96,23.68
2022-10-31,5.21,33.38,21.11,12.08
2022-11-01,10.69,28.07,15.36,15.95
2022-11-02,0.16,23.97,13.81,14.54
2022-11-03,0.08,23.32,12.96,19.79
2022-11-04,0.0,27.3,11.89,28.11
2022-11-05,0.0,28.91,11.74,27.94
2022-11-06,0.1,28.79,14.62,21.64
2022-11-07,0.04,30.27,14.78,27.91
2022-11-08,0.11,31.03,13.3,25.93
2022-11-09,0.65,33.15,15.22,25.67
2022-11-10,0.01,35.26,17.18,27.71
2022-11-11,1.29,35.45,19.22,14.65
2022-11-12,1.26,33.28,20.91,25.42
2022-11-13,5.75,33.72,18.62,20.84
2022-11-14,1.74,33.42,21.13,26.28
2022-11-15,0.2,34.04,20.8,24.77
2022-11-16,0.01,35.48,17.38,28.65
2022-11-17,0.0,34.56,17.37,29.07
2022-11-18,1.0,34.11,16.86,26.65
2022-11-19,4.9,32.0,18.7,24.12
2022-11-20,5.42,32.25,18.05,28.38
2022-11-21,1.76,31.66,20.22,24.23
2022-11-22,6.47,30.99,21.32,19.8
2022-11-23,18.13,30.93,19.97,23.66
2022-11-24,5.56,31.26,20.42,25.76
2022-11-25,4.78,29.71,17.5,27.01
2022-11-26,0.13,31.53,16.31,29.43
2022-11-27,0.4,33.01,16.72,25.64
2022-11-28,7.05,30.33,18.65,19.05
2022-11-29,14.42,28.9,18.37,20.3
2022-11-30,10.1,30.04,18.58,24.7
2022-12-01,0.71,30.99,19.1,24.43
2022-12-02,4.76,27.25,21.18,18.47
2022-12-03,11.37,27.85,21.0,17.4
2022-12-04,8.86,25.4,20.13,14.59
2022-12-05,11.87,27.33,19.84,13.92
2022-12-06,16.06,28.95,20.09,13.23
2022-12-07,8.23,29.79,20.39,20.95
2022-12-08,1.08,31.39,18.66,29.74
2022-12-09,0.06,33.38,19.53,29.89
2022-12-10,0.14,34.19,20.16,21.57
2022-12-11,1.12,32.9,20.95,26.76
2022-12-12,9.72,29.78,22.05,16.51
2022-12-13,26.22,25.86,19.67,10.77
2022-12-14,2.67,27.74,16.16,24.31
2022-12-15,0.32,29.59,16.91,28.22
2022-12-16,1.63,30.48,19.08,21.69
2022-12-17,1.24,31.03,18.27,28.82
2022-12-18,9.49,31.0,17.71,25.9
2022-12-19,3.83,25.11,20.08,12.87
2022-12-20,9.02,29.45,19.07,21.14
2022-12-21,0.58,28.65,16.92,24.59
2022-12-22,1.33,28.38,16.4,28.05
2022-12-23,2.87,29.14,16.97,27.01
2022-12-24,1.62,30.9,19.56,25.94
2022-12-25,14.61,29.3,18.98,23.64
2022-12-26,16.99,26.6,20.94,15.68
2022-12-27,14.57,27.87,19.87,20.81
2022-12-28,42.38,27.42,20.86,18.19
2022-12-29,9.69,25.61,20.31,20.18
2022-12-30,2.46,29.35,18.54,19.46
2022-12-31,6.74,29.09,20.18,19.71
2023-01-01,1.42,29.5,20.38,26.43
2023-01-02,3.96,29.14,19.83,23.7
2023-01-03,15.41,26.5,19.81,15.94
2023-01-04,8.55,25.93,20.03,13.16
2023-01-05,16.53,25.17,18.47,10.82
2023-01-06,3.39,27.58,16.18,12.46
2023-01-07,4.99,23.89,16.37,14.39
2023-01-08,7.41,27.55,16.01,11.21
2023-01-09,16.89,25.5,19.03,11.67
2023-01-10,20.02,24.46,19.42,16.41
2023-01-11,18.98,24.88,19.3,16.64
2023-01-12,5.19,27.08,19.36,21.65
2023-01-13,6.3,26.65,18.98,20.86
2023-01-14,3.01,28.19,19.94,23.31
2023-01-15,1.24,28.1,20.67,25.2
2023-01-16,4.02,27.26,20.67,21.91
2023-01-17,4.58,29.87,21.57,26.29
2023-01-18,5.21,27.41,20.73,24.17
2023-01-19,6.74,27.59,19.73,21.18
2023-01-20,9.5,26.82,19.0,18.53
2023-01-21,6.63,27.45,19.96,16.91
2023-01-22,5.79,26.45,20.51,23.19
2023-01-23,5.51,27.71,19.28,18.03
2023-01-24,5.26,28.03,19.7,22.05
2023-01-25,0.83,29.77,19.74,29.89
2023-01-26,0.16,30.35,19.37,27.45
2023-01-27,1.29,28.05,19.14,24.79
2023-01-28,3.41,28.05,20.37,15.27
2023-01-29,7.08,26.82,20.32,17.88
2023-01-30,11.7,26.71,20.17,18.62
2023-01-31,6.82,26.74,19.83,23.65
2023-02-01,5.85,28.4,20.31,19.19
2023-02-02,6.04,26.29,20.25,15.48
2023-02-03,8.17,27.39,20.16,21.83
2023-02-04,2.72,28.0,20.59,20.26
2023-02-05,2.78,26.77,20.62,17.29
2023-02-06,4.13,28.19,19.95,20.76
2023-02-07,4.29,27.78,20.52,19.2
2023-02-08,6.84,27.37,19.52,25.78
2023-02-09,3.37,29.58,18.14,26.11
2023-02-10,1.89,27.91,20.8,22.5
2023-02-11,17.77,25.67,20.03,15.42
2023-02-12,7.38,26.39,19.48,14.83
2023-02-13,3.63,26.39,19.19,22.29
2023-02-14,0.39,29.5,19.59,23.16
2023-02-15,5.63,29.34,20.47,18.64
2023-02-16,6.91,27.78,21.38,20.34
2023-02-17,1.87,28.68,20.19,20.28
2023-02-18,9.96,26.16,20.69,16.4
2023-02-19,5.8,27.96,18.41,20.2
2023-02-20,6.67,28.31,17.79,22.66
2023-02-21,4.65,26.46,19.81,15.88
2023-02-22,1.34,27.99,18.79,24.89
2023-02-23,8.91,27.45,19.38,18.27
2023-02-24,0.32,27.47,18.95,20.87
2023-02-25,1.65,27.77,18.73,23.36
2023-02-26,1.51,28.09,20.03,14.87
2023-02-27,2.1,28.62,20.51,23.57
2023-02-28,1.67,27.01,20.59,24.22
2023-03-01,1.0,28.05,19.75,22.59
2023-03-02,0.85,26.98,20.56,23.71
2023-03-03,2.48,29.67,19.19,24.43
2023-03-04,12.92,29.34,20.01,16.96
2023-03-05,4.28,28.5,19.94,22.29
2023-03-06,4.96,28.45,19.36,23.07
2023-03-07,3.55,28.78,20.25,22.57
2023-03-08,1.41,28.78,19.58,23.06
2023-03-09,4.52,25.48,20.54,21.36
2023-03-10,21.59,26.04,19.65,13.85
2023-03-11,7.86,24.94,20.12,13.96
2023-03-12,1.06,27.11,19.02,17.06
2023-03-13,2.85,26.03,20.05,11.89
2023-03-14,6.58,25.93,19.79,13.92
2023-03-15,6.59,27.52,20.0,16.61
2023-03-16,0.54,27.83,19.72,19.15
2023-03-17,0.2,27.8,19.65,15.48
2023-03-18,0.86,28.39,19.2,21.79
2023-03-19,2.88,27.39,19.69,18.43
2023-03-20,7.43,28.38,20.05,20.67
2023-03-21,2.68,28.71,19.6,24.23
2023-03-22,0.86,29.46,18.88,20.61
2023-03-23,0.55,29.13,19.43,22.32
2023-03-24,0.33,29.75,18.89,22.47
2023-03-25,0.28,29.54,19.22,22.87
2023-03-26,0.36,30.08,20.51,21.96
2023-03-27,2.42,29.68,20.78,19.95
2023-03-28,2.89,27.57,19.24,17.75
2023-03-29,8.41,27.5,20.03,21.8
2023-03-30,3.24,27.61,19.9,21.69
2023-03-31,0.73,28.7,20.19,22.22
2023-04-01,0.05,29.82,19.69,23.42
2023-04-02,0.0,28.34,18.2,23.27
2023-04-03,1.5,28.66,16.82,22.3
2023-04-04,1.27,27.45,18.41,22.17
2023-04-05,1.54,28.68,17.87,20.06
2023-04-06,2.03,28.45,17.29,19.51
2023-04-07,12.44,25.25,19.34,11.83
2023-04-08,4.5,26.52,18.22,11.49
2023-04-09,1.09,25.96,18.57,10.64
2023-04-10,0.09,27.55,17.85,21.11
2023-04-11,1.59,27.54,16.2,20.02
2023-04-12,2.6,26.46,18.78,13.75
2023-04-13,14.11,27.57,18.75,16.99
2023-04-14,15.18,26.03,19.35,9.58
2023-04-15,1.78,27.53,18.44,15.54
2023-04-16,0.0,28.16,17.16,20.68
2023-04-17,0.19,28.52,17.32,16.06
2023-04-18,5.72,27.58,20.8,10.95
2023-04-19,8.04,25.38,14.96,18.58
2023-04-20,0.0,23.82,12.14,21.11
2023-04-21,0.02,24.92,11.28,21.7
2023-04-22,0.03,26.14,14.7,19.26
2023-04-23,0.0,26.52,14.85,20.13
2023-04-24,0.0,26.68,13.11,20.64
2023-04-25,0.17,26.51,14.39,12.18
2023-04-26,8.31,26.88,16.74,7.56
2023-04-27,1.32,26.81,16.66,11.66
2023-04-28,0.44,26.63,16.96,14.01
2023-04-29,0.02,26.41,14.78,18.94
2023-04-30,0.0,26.79,13.84,18.51
2023-05-01,0.0,26.99,14.41,18.54
2023-05-02,0.01,26.86,13.13,18.81
2023-05-03,0.0,27.7,14.35,19.07
2023-05-04,0.0,28.78,14.45,19.11
2023-05-05,0.0,29.53,16.58,19.06
2023-05-06,0.0,29.62,15.86,17.48
2023-05-07,0.0,28.71,16.82,16.36
2023-05-08,0.0,29.14,15.7,17.65
2023-05-09,0.0,29.77,17.32,15.72
2023-05-10,1.07,27.04,18.34,12.98
2023-05-11,0.15,28.16,15.52,16.21
2023-05-12,0.01,26.38,13.62,18.08
2023-05-13,0.03,25.46,11.56,19.03
2023-05-14,0.01,25.99,10.37,18.95
2023-05-15,0.0,26.46,9.77,19.09
2023-05-16,0.0,26.86,9.39,19.12
2023-05-17,0.01,25.73,11.22,19.02
2023-05-18,0.01,26.37,10.66,18.77
2023-05-19,0.0,27.54,9.71,18.51
2023-05-20,0.01,27.5,9.85,17.25
2023-05-21,0.0,26.63,11.0,17.1
2023-05-22,0.0,27.08,12.2,13.03
2023-05-23,0.0,27.79,12.37,17.32
2023-05-24,0.02,27.66,12.45,15.73
2023-05-25,0.03,28.22,14.01,16.19
2023-05-26,0.0,28.58,14.33,16.87
2023-05-27,0.0,28.91,13.16,15.97
2023-05-28,0.12,26.98,15.37,6.97
2023-05-29,0.03,26.57,15.13,12.78
2023-05-30,17.51,21.74,15.27,5.1
2023-05-31,21.73,23.5,17.09,5.87
2023-06-01,0.13,24.24,14.08,13.53
2023-06-02,0.13,25.36,13.18,16.89
2023-06-03,0.08,26.47,12.15,17.12
2023-06-04,0.04,26.63,11.42,17.08
2023-06-05,0.05,25.57,10.28,17.26
2023-06-06,0.03,25.88,9.95,16.72
2023-06-07,0.02,26.44,10.35,16.19
2023-06-08,0.0,26.86,11.12,15.99
2023-06-09,0.01,27.39,11.68,16.56
2023-06-10,0.0,27.93,12.3,16.59
2023-06-11,0.02,28.82,15.54,15.22
2023-06-12,0.01,29.12,14.77,15.99
2023-06-13,3.16,27.99,15.43,7.82
2023-06-14,14.79,24.27,14.52,3.47
2023-06-15,24.35,18.83,13.62,1.48
2023-06-16,3.12,19.07,9.59,7.27
2023-06-17,0.04,19.42,5.65,14.28
2023-06-18,0.03,21.46,5.74,16.78
2023-06-19,0.05,24.18,7.64,16.79
2023-06-20,0.02,25.68,8.78,16.31
2023-06-21,0.01,25.83,10.72,16.23
2023-06-22,0.01,25.91,10.26,16.1
2023-06-23,0.0,26.57,11.55,14.46
2023-06-24,0.0,26.1,12.17,14.95
2023-06-25,0.01,27.17,11.71,16.28
2023-06-26,0.0,27.41,10.71,16.36
2023-06-27,0.01,27.26,11.11,16.47
2023-06-28,0.0,27.33,11.83,16.25
2023-06-29,0.0,26.51,12.0,16.06
2023-06-30,0.01,26.82,12.86,16.19
2023-07-01,0.0,26.7,11.56,16.07
2023-07-02,0.01,26.17,12.39,16.43
2023-07-03,0.0,24.95,11.88,16.8
2023-07-04,0.01,25.17,10.23,16.79
2023-07-05,0.0,26.27,9.03,16.7
2023-07-06,0.0,26.05,9.5,16.7
2023-07-07,0.0,26.72,8.98,16.33
2023-07-08,0.01,28.45,11.63,14.78
2023-07-09,0.16,28.38,16.33,12.96
2023-07-10,0.02,30.32,15.98,13.4
2023-07-11,0.0,30.8,15.42,15.88
2023-07-12,0.0,29.84,13.94,12.76
2023-07-13,2.22,27.0,14.68,14.52
2023-07-14,0.12,22.19,9.67,17.96
2023-07-15,0.0,25.47,6.53,17.97
2023-07-16,0.0,27.7,9.32,13.16
2023-07-17,0.11,28.82,12.44,11.6
2023-07-18,0.01,30.66,14.52,14.69
2023-07-19,0.04,28.76,14.46,14.91
2023-07-20,0.0,29.21,13.94,17.0
2023-07-21,0.0,28.57,13.83,16.99
2023-07-22,0.0,27.6,13.3,16.53
2023-07-23,0.0,28.67,13.1,14.15
2023-07-24,0.0,29.27,13.45,17.1
2023-07-25,0.0,27.58,15.63,12.81
2023-07-26,0.0,30.06,16.46,16.11
2023-07-27,0.0,31.03,14.62,17.45
2023-07-28,0.02,31.43,13.81,17.17
2023-07-29,0.01,28.59,15.03,17.44
2023-07-30,0.0,28.56,12.48,18.29
2023-07-31,0.0,29.76,12.4,18.41
2023-08-01,0.0,30.97,12.1,18.26
2023-08-02,0.0,31.95,13.03,18.7
2023-08-03,0.0,32.16,12.94,18.92
2023-08-04,0.0,32.05,12.64,19.16
2023-08-05,0.0,32.63,12.99,19.09
2023-08-06,0.0,34.04,13.82,19.02
2023-08-07,0.0,33.18,14.58,18.75
2023-08-08,0.0,32.74,15.91,18.12
2023-08-09,0.0,33.43,16.35,17.92
2023-08-10,0.0,34.07,16.96,18.78
2023-08-11,0.0,35.09,17.22,18.89
2023-08-12,0.01,35.74,17.19,18.2
2023-08-13,0.1,32.56,17.74,14.7
2023-08-14,0.18,32.23,15.87,13.57
2023-08-15,0.91,29.26,17.48,15.21
2023-08-16,0.0,30.05,18.16,15.09
2023-08-17,0.0,32.04,17.45,17.79
2023-08-18,0.02,33.23,17.36,17.56
2023-08-19,0.48,32.23,18.33,9.42
2023-08-20,0.49,31.74,16.17,15.82
2023-08-21,0.0,31.5,17.38,19.28
2023-08-22,0.0,34.39,15.96,20.77
2023-08-23,0.0,36.54,18.56,19.37
2023-08-24,0.11,36.69,21.7,15.14
2023-08-25,0.5,35.43,22.16,16.94
2023-08-26,2.36,27.99,15.68,10.05
2023-08-27,1.92,19.62,13.81,5.48
2023-08-28,2.71,26.62,13.03,15.49
2023-08-29,0.64,29.16,12.91,9.44
2023-08-30,1.64,26.42,14.47,19.13
2023-08-31,0.45,31.4,14.84,12.7
2023-09-01,0.0,33.68,15.34,19.83
2023-09-02,3.78,35.24,19.98,18.49
2023-09-03,5.03,31.5,20.6,20.07
2023-09-04,2.81,36.4,20.96,17.67
2023-09-05,1.95,32.82,19.22,13.72
2023-09-06,0.09,32.64,16.7,20.46
2023-09-07,0.0,31.63,17.91,21.76
2023-09-08,0.01,33.76,16.69,22.98
2023-09-09,0.0,33.15,18.05,13.8
2023-09-10,0.0,34.47,18.55,14.46
2023-09-11,0.0,35.54,18.69,23.61
2023-09-12,0.0,35.4,18.46,23.79
2023-09-13,0.0,38.25,18.83,22.86
2023-09-14,2.73,27.58,18.57,6.0
2023-09-15,0.02,31.67,12.76,21.83
2023-09-16,0.02,35.72,15.61,24.36
2023-09-17,1.04,37.26,19.81,21.92
2023-09-18,2.72,36.66,22.37,19.76
2023-09-19,0.0,37.51,21.35,23.39
2023-09-20,0.0,38.25,21.39,23.72
2023-09-21,0.0,38.54,21.22,23.41
2023-09-22,0.0,39.57,24.24,23.32
2023-09-23,0.0,39.3,23.5,21.26
2023-09-24,0.0,41.12,23.33,24.07
2023-09-25,0.0,41.2,24.67,22.06
2023-09-26,1.71,42.24,23.91,22.85
2023-09-27,0.43,38.79,26.19,16.42
2023-09-28,1.55,33.96,18.79,16.5
2023-09-29,0.0,36.69,17.7,21.29
2023-09-30,6.35,37.95,20.49,19.29
2023-10-01,15.47,32.65,22.73,14.33
2023-10-02,8.55,32.82,20.16,16.83
2023-10-03,0.6,35.0,22.38,23.24
2023-10-04,3.59,36.89,22.24,13.76
2023-10-05,1.13,37.82,22.51,20.53
2023-10-06,5.19,37.01,24.13,20.37
2023-10-07,11.55,35.1,23.26,16.15
2023-10-08,15.66,33.05,21.71,15.4
2023-10-09,9.12,29.36,20.69,12.95
2023-10-10,0.0,33.16,16.64,27.57
2023-10-11,0.25,36.82,17.14,27.44
2023-10-12,1.08,37.8,22.56,22.8
2023-10-13,10.01,32.47,19.75,14.32
2023-10-14,0.47,33.21,17.28,19.9
2023-10-15,1.05,35.04,19.52,24.27
2023-10-16,1.29,36.16,20.95,26.16
2023-10-17,0.4,35.13,21.85,18.92
2023-10-18,0.64,34.73,21.33,23.04
2023-10-19,1.46,34.48,18.47,18.08
2023-10-20,0.26,34.23,18.39,13.55
2023-10-21,0.0,35.48,18.28,27.06
2023-10-22,0.0,36.44,18.65,27.76
2023-10-23,0.0,37.68,19.27,27.4
2023-10-24,1.53,38.68,24.04,21.5
2023-10-25,1.05,33.55,21.72,19.18
2023-10-26,10.44,32.49,22.1,14.93
2023-10-27,20.98,31.06,22.54,12.01
2023-10-28,2.54,34.64,20.97,12.23
2023-10-29,12.58,30.51,20.86,14.57
2023-10-30,0.34,34.57,21.16,19.26
2023-10-31,17.89,34.53,22.74,12.5
2023-11-01,0.56,32.09,20.59,19.88
2023-11-02,0.04,31.4,18.25,25.29
2023-11-03,14.24,36.03,21.15,22.67
2023-11-04,5.4,29.99,16.53,25.35
2023-11-05,0.0,32.2,12.92,31.22
2023-11-06,0.01,33.0,14.34,30.61
2023-11-07,0.0,34.91,15.88,29.42
2023-11-08,0.06,34.96,17.88,28.32
2023-11-09,0.84,36.25,20.45,22.13
2023-11-10,0.53,36.56,22.58,27.01
2023-11-11,0.0,38.2,19.6,29.59
2023-11-12,0.03,39.64,22.3,28.87
2023-11-13,0.01,39.73,23.16,27.75
2023-11-14,0.01,40.98,26.1,27.78
2023-11-15,0.28,40.29,22.12,27.0
2023-11-16,2.86,39.9,22.49,24.0
2023-11-17,0.0,40.9,24.42,24.48
2023-11-18,0.58,39.6,24.82,24.19
2023-11-19,13.94,38.68,22.56,17.48
2023-11-20,2.34,30.67,21.18,16.96
2023-11-21,1.23,35.23,20.56,22.64
2023-11-22,3.37,32.86,22.96,21.3
2023-11-23,4.94,34.28,21.77,17.11
2023-11-24,5.28,32.23,19.86,18.07
2023-11-25,0.02,32.25,17.94,25.29
2023-11-26,0.43,33.14,18.32,26.66
2023-11-27,3.45,31.1,20.43,18.89
2023-11-28,11.93,34.32,20.83,18.9
2023-11-29,13.51,30.3,21.77,16.88
2023-11-30,2.85,34.4,19.84,27.41
2023-12-01,0.34,35.48,23.88,27.17
2023-12-02,0.36,38.13,24.36,28.13
2023-12-03,0.81,37.5,23.29,28.6
2023-12-04,8.88,34.25,23.23,26.16
2023-12-05,6.77,34.76,22.67,21.98
2023-12-06,0.34,34.71,22.3,27.73
2023-12-07,3.84,34.51,23.18,22.5
2023-12-08,0.15,34.72,23.07,26.12
2023-12-09,0.04,36.17,20.97,28.43
2023-12-10,0.65,35.48,20.72,25.92
2023-12-11,2.38,35.38,21.29,24.39
2023-12-12,0.04,35.28,19.31,28.83
2023-12-13,0.02,37.47,18.63,31.28
2023-12-14,0.05,38.66,19.26,29.62
2023-12-15,0.07,39.2,22.76,27.31
2023-12-16,0.0,38.88,22.1,29.09
2023-12-17,0.59,38.8,22.93,27.69
2023-12-18,3.0,38.31,23.42,26.5
2023-12-19,0.18,38.17,21.64,27.68
2023-12-20,0.17,33.84,21.76,26.3
2023-12-21,6.94,33.79,23.13,25.3
2023-12-22,17.88,33.08,23.09,22.28
2023-12-23,9.12,31.83,22.9,14.29
2023-12-24,4.54,33.21,22.16,23.63
2023-12-25,1.52,36.08,21.89,28.33
2023-12-26,2.97,35.27,23.17,24.3
2023-12-27,1.42,35.83,19.31,27.57
2023-12-28,0.0,37.27,18.84,30.78
2023-12-29,0.0,39.58,21.81,26.43
2023-12-30,2.57,33.27,23.09,14.34
2023-12-31,3.15,31.83,20.74,23.82
2024-01-01,0.65,33.87,20.6,17.69
2024-01-02,0.69,34.85,20.2,23.8
2024-01-03,10.22,33.52,22.05,20.86
2024-01-04,4.54,34.37,21.5,25.95
2024-01-05,0.16,35.27,19.44,26.79
2024-01-06,0.01,36.43,19.91,27.95
2024-01-07,0.76,37.19,21.7,26.73
2024-01-08,7.1,36.48,23.08,29.24
2024-01-09,1.79,35.48,21.87,28.45
2024-01-10,1.47,35.21,21.77,22.43
2024-01-11,3.2,34.56,22.73,20.47
2024-01-12,4.91,34.93,22.06,20.84
2024-01-13,9.92,30.73,21.62,11.58
2024-01-14,22.0,29.8,20.11,22.37
2024-01-15,2.71,31.96,21.35,17.87
2024-01-16,0.1,35.38,21.49,26.64
2024-01-17,0.02,36.71,22.08,25.42
2024-01-18,2.12,36.02,23.03,25.94
2024-01-19,2.35,37.01,24.47,20.27
2024-01-20,4.42,35.72,23.57,15.06
2024-01-21,1.4,33.65,23.15,21.31
2024-01-22,0.26,34.25,20.17,25.55
2024-01-23,5.08,30.91,20.74,9.88
2024-01-24,0.25,33.57,19.02,23.74
2024-01-25,0.29,33.06,17.49,25.97
2024-01-26,0.22,32.8,16.03,27.39
2024-01-27,0.39,34.32,16.92,27.06
2024-01-28,8.37,33.35,20.93,17.81
2024-01-29,0.09,35.69,19.58,25.38
2024-01-30,1.13,36.22,20.92,21.89
2024-01-31,5.0,34.38,21.77,18.69
2024-02-01,0.26,35.35,18.05,26.01
2024-02-02,0.68,34.77,19.6,19.43
2024-02-03,2.97,32.38,20.33,16.36
2024-02-04,3.06,30.91,21.09,14.21
2024-02-05,1.39,33.26,20.64,20.75
2024-02-06,1.0,31.93,21.6,23.93
2024-02-07,4.93,28.7,22.38,19.2
2024-02-08,1.71,33.87,20.42,23.66
2024-02-09,0.1,35.75,20.94,25.09
2024-02-10,0.0,36.43,21.4,26.81
2024-02-11,0.13,36.29,20.55,26.14
2024-02-12,0.29,35.08,22.27,23.79
2024-02-13,5.05,35.53,23.0,23.53
2024-02-14,11.51,30.58,22.59,17.53
2024-02-15,8.72,28.6,21.4,11.3
2024-02-16,3.09,33.07,20.49,14.14
2024-02-17,2.3,34.18,20.82,20.35
2024-02-18,1.04,34.08,20.28,22.77
2024-02-19,13.13,31.77,20.72,16.15
2024-02-20,7.28,31.71,20.0,17.7
2024-02-21,10.93,31.69,20.48,16.89
2024-02-22,3.11,32.61,19.81,21.89
2024-02-23,1.66,33.87,21.97,23.51
2024-02-24,2.38,30.32,22.02,23.06
2024-02-25,0.33,34.78,21.64,23.48
2024-02-26,0.96,34.36,22.38,22.02
2024-02-27,0.67,35.82,22.25,23.76
2024-02-28,0.13,37.06,23.21,24.49
2024-02-29,0.59,38.07,23.89,23.76
2024-03-01,2.8,34.55,23.36,24.67
2024-03-02,0.13,35.04,21.93,26.44
2024-03-03,0.0,36.96,19.52,26.86
2024-03-04,1.1,37.44,20.32,25.0
2024-03-05,7.24,35.94,21.17,24.1
2024-03-06,8.24,33.81,21.67,22.92
2024-03-07,1.6,35.04,21.05,20.23
2024-03-08,3.47,31.92,23.03,21.8
2024-03-09,7.07,34.18,23.13,15.18
2024-03-10,1.21,33.24,23.08,14.21
2024-03-11,0.93,35.33,21.75,23.49
2024-03-12,0.35,36.76,19.67,24.1
2024-03-13,0.58,36.81,21.36,23.51
2024-03-14,0.22,36.68,22.79,24.38
2024-03-15,0.0,37.6,22.71,23.33
2024-03-16,0.27,37.79,24.18,21.12
2024-03-17,1.14,36.88,23.93,19.86
2024-03-18,2.1,36.53,24.22,21.38
2024-03-19,5.79,36.4,24.1,20.2
2024-03-20,1.0,34.57,23.71,23.2
2024-03-21,1.83,35.25,23.72,20.87
2024-03-22,2.39,28.39,20.53,10.5
2024-03-23,6.67,27.47,19.35,8.61
2024-03-24,5.6,25.88,19.27,8.33
2024-03-25,2.94,32.28,19.14,18.21
2024-03-26,10.87,25.5,20.41,9.25
2024-03-27,9.52,25.25,19.37,7.56
2024-03-28,8.41,29.28,19.09,12.1
2024-03-29,1.27,29.76,18.96,13.13
2024-03-30,4.61,30.3,21.09,15.23
2024-03-31,0.07,33.12,20.92,21.41
2024-04-01,0.02,32.49,20.5,22.15
2024-04-02,0.12,30.2,21.8,15.07
2024-04-03,0.95,33.23,20.55,21.61
2024-04-04,1.04,34.19,20.94,20.56
2024-04-05,3.36,33.62,20.83,18.47
2024-04-06,0.23,34.18,20.04,20.98
2024-04-07,0.2,33.09,19.35,19.37
2024-04-08,1.53,32.54,20.23,13.33
2024-04-09,1.44,31.92,21.03,13.58
2024-04-10,0.87,33.14,20.61,17.78
2024-04-11,0.72,33.69,20.17,17.52
2024-04-12,0.35,33.64,19.92,18.4
2024-04-13,0.11,33.29,21.16,15.85
2024-04-14,0.71,27.64,20.94,10.56
2024-04-15,0.67,31.86,20.6,15.53
2024-04-16,0.93,32.91,20.62,17.35
2024-04-17,8.6,33.16,20.78,13.84
2024-04-18,1.24,29.49,20.08,13.72
2024-04-19,0.0,31.8,15.51,21.7
2024-04-20,0.04,32.79,15.61,19.65
2024-04-21,0.0,32.39,16.03,20.9
2024-04-22,0.01,31.93,15.51,21.04
2024-04-23,0.0,33.11,16.83,20.23
2024-04-24,0.04,34.34,18.1,19.21
2024-04-25,0.04,34.61,18.83,19.71
2024-04-26,0.0,34.75,19.42,19.57
2024-04-27,0.0,34.37,19.81,18.85
2024-04-28,0.0,34.34,18.84,18.93
2024-04-29,0.01,34.7,18.7,18.61
2024-04-30,0.0,34.75,19.01,17.83
2024-05-01,0.32,34.88,17.77,19.33
2024-05-02,0.0,34.87,17.94,18.55
2024-05-03,0.0,34.58,18.79,18.22
2024-05-04,0.0,35.54,18.61,19.3
2024-05-05,0.0,34.87,17.54,19.63
2024-05-06,0.0,34.61,18.77,18.84
2024-05-07,0.01,34.7,19.28,18.31
2024-05-08,0.01,33.94,19.77,18.68
2024-05-09,0.02,32.66,18.13,17.49
2024-05-10,0.2,33.96,17.02,18.42
2024-05-11,0.03,33.9,17.74,16.49
2024-05-12,0.0,33.59,17.67,18.69
2024-05-13,0.0,33.79,16.79,18.67
2024-05-14,0.03,32.78,17.35,15.39
2024-05-15,0.02,32.21,17.63,15.89
2024-05-16,0.01,33.42,18.12,16.84
2024-05-17,0.0,33.95,17.3,17.99
2024-05-18,0.04,33.82,17.18,17.62
2024-05-19,0.0,33.58,18.26,16.45
2024-05-20,0.0,32.85,18.48,16.23
2024-05-21,0.0,33.66,18.15,16.88
2024-05-22,0.01,32.72,17.96,17.3
2024-05-23,0.03,32.01,15.83,17.82
2024-05-24,0.18,33.05,17.55,9.47
2024-05-25,1.17,27.84,16.64,6.77
2024-05-26,4.66,28.58,15.48,6.58
2024-05-27,0.37,30.66,15.7,11.91
2024-05-28,0.16,25.26,14.99,6.92
2024-05-29,0.0,25.34,10.26,17.27
2024-05-30,0.01,25.84,8.39,17.58
2024-05-31,0.02,27.97,10.11,17.78
2024-06-01,0.01,29.6,11.89,17.02
2024-06-02,0.0,29.64,13.8,15.36
2024-06-03,0.0,29.41,15.4,12.8
2024-06-04,0.02,28.9,14.85,16.34
2024-06-05,0.03,30.28,14.36,13.69
2024-06-06,0.0,30.41,14.05,14.24
2024-06-07,0.0,30.95,14.69,16.12
2024-06-08,0.0,31.44,14.95,15.27
2024-06-09,0.01,31.85,15.44,16.08
2024-06-10,0.02,31.6,14.46,16.75
2024-06-11,0.01,31.49,14.11,16.62
2024-06-12,0.06,31.95,14.21,16.6
2024-06-13,0.0,31.21,14.08,16.89
2024-06-14,0.0,31.11,14.19,16.52
2024-06-15,0.0,31.41,15.79,15.54
2024-06-16,0.0,31.52,15.36,16.21
2024-06-17,0.04,30.34,13.58,16.66
2024-06-18,0.0,30.15,12.19,16.61
2024-06-19,0.08,31.24,12.83,16.66
2024-06-20,0.0,31.05,13.08,16.43
2024-06-21,0.0,30.65,14.14,16.02
2024-06-22,0.0,30.79,15.02,10.9
2024-06-23,0.0,31.2,16.45,13.65
2024-06-24,0.0,32.18,16.18,15.74
2024-06-25,0.0,32.13,17.73,14.65
2024-06-26,0.0,32.47,16.66,14.13
2024-06-27,0.0,29.96,17.14,14.63
2024-06-28,0.01,31.22,16.6,11.5
2024-06-29,0.05,30.39,17.68,13.71
2024-06-30,1.94,27.87,17.03,7.85
2024-07-01,2.29,28.52,16.5,4.3
2024-07-02,0.0,29.72,13.13,16.02
2024-07-03,0.09,30.09,14.18,13.26
2024-07-04,0.0,30.69,14.68,13.39
2024-07-05,0.0,30.27,13.21,11.17
2024-07-06,0.0,30.54,14.53,16.1
2024-07-07,0.0,31.38,14.85,13.73
2024-07-08,0.13,29.83,16.13,12.94
2024-07-09,1.41,29.84,15.95,7.02
2024-07-10,0.24,28.02,15.34,10.96
2024-07-11,0.01,31.75,16.59,12.53
2024-07-12,0.0,32.24,16.41,15.04
2024-07-13,0.01,30.14,16.59,15.34
2024-07-14,0.0,29.82,15.73,16.23
2024-07-15,0.0,29.15,14.22,15.44
2024-07-16,0.0,30.07,14.08,16.28
2024-07-17,0.0,30.12,14.15,16.53
2024-07-18,0.02,30.48,14.49,17.56
2024-07-19,0.04,30.84,12.35,17.78
2024-07-20,0.11,31.04,11.93,17.73
2024-07-21,0.04,30.77,12.21,17.78
2024-07-22,0.44,31.08,12.59,17.91
2024-07-23,0.01,31.25,12.56,18.21
2024-07-24,0.0,31.52,12.92,17.05
2024-07-25,0.0,30.06,13.36,18.06
2024-07-26,0.0,29.39,13.5,17.11
2024-07-27,0.05,31.25,13.22,15.44
2024-07-28,0.0,33.03,14.2,17.41
2024-07-29,0.0,32.67,15.61,15.1
2024-07-30,0.0,27.97,14.38,10.56
2024-07-31,0.0,31.63,14.63,17.59
2024-08-01,0.0,31.22,17.74,16.98
2024-08-02,0.0,30.36,16.13,14.97
2024-08-03,0.0,31.13,16.45,15.86
2024-08-04,0.01,30.64,18.18,14.99
2024-08-05,0.0,32.23,17.12,18.2
2024-08-06,0.0,32.28,17.99,17.16
2024-08-07,0.0,31.82,17.71,17.97
2024-08-08,0.24,33.72,16.78,16.23
2024-08-09,2.08,29.24,15.64,2.98
2024-08-10,6.35,21.7,10.6,13.17
2024-08-11,0.08,24.9,7.41,19.96
2024-08-12,0.03,25.72,8.21,17.39
2024-08-13,0.03,26.23,6.87,20.53
2024-08-14,0.05,30.94,8.43,18.46
2024-08-15,0.04,33.61,12.27,19.32
2024-08-16,0.0,35.03,15.49,19.32
2024-08-17,0.0,35.03,15.7,19.85
2024-08-18,0.0,35.62,16.44,20.19
2024-08-19,0.0,35.63,16.07,20.47
2024-08-20,0.0,35.73,17.55,20.33
2024-08-21,0.0,34.99,15.3,20.57
2024-08-22,0.04,34.89,16.0,21.0
2024-08-23,0.0,34.87,18.2,18.81
2024-08-24,0.84,34.39,17.37,13.51
2024-08-25,8.34,21.01,13.09,2.89
2024-08-26,0.03,24.79,9.93,17.96
2024-08-27,0.06,28.58,6.09,23.35
2024-08-28,0.04,33.06,9.31,21.66
2024-08-29,0.08,33.47,14.61,21.49
2024-08-30,0.06,34.02,15.0,22.48
2024-08-31,0.03,34.7,14.62,22.8
2024-09-01,0.0,36.2,15.45,22.14
2024-09-02,0.0,35.69,19.89,16.51
2024-09-03,0.0,37.02,18.34,20.19
2024-09-04,0.0,37.51,18.98,19.08
2024-09-05,0.0,38.17,18.34,18.84
2024-09-06,0.04,36.08,15.41,15.03
2024-09-07,0.05,37.34,17.72,17.14
2024-09-08,0.0,37.35,21.2,16.24
2024-09-09,0.0,36.59,19.7,16.89
2024-09-10,0.03,36.33,17.91,20.12
2024-09-11,0.01,36.72,17.9,22.97
2024-09-12,0.0,36.57,17.73,23.8
2024-09-13,0.0,37.05,18.63,21.97
2024-09-14,0.03,37.66,20.42,13.43
2024-09-15,0.0,37.11,19.68,14.0
2024-09-16,0.39,32.84,17.79,6.02
2024-09-17,0.03,33.45,15.31,23.65
2024-09-18,0.0,37.02,16.99,20.11
2024-09-19,1.13,37.99,19.5,19.5
2024-09-20,2.06,38.79,21.33,21.76
2024-09-21,0.38,36.21,20.52,12.28
2024-09-22,0.0,37.2,19.79,16.95
2024-09-23,0.0,38.43,20.96,20.11
2024-09-24,0.0,38.76,20.47,20.72
2024-09-25,0.0,39.31,21.37,23.85
2024-09-26,0.0,40.28,22.03,24.63
2024-09-27,0.12,37.33,22.92,13.08
2024-09-28,0.0,35.54,17.97,23.9
2024-09-29,0.0,38.27,18.59,23.65
2024-09-30,0.06,37.87,22.1,23.92
2024-10-01,0.03,37.67,22.26,24.46
2024-10-02,0.18,40.41,21.11,21.9
2024-10-03,0.02,37.28,20.57,15.05
2024-10-04,0.06,36.09,18.3,16.5
2024-10-05,0.04,37.23,16.42,26.52
2024-10-06,0.37,39.05,16.12,26.57
2024-10-07,0.06,38.85,18.41,22.76
2024-10-08,0.01,40.83,19.41,22.52
2024-10-09,0.1,38.54,19.77,13.99
2024-10-10,3.06,33.52,20.87,9.83
2024-10-11,9.43,36.7,21.78,11.52
2024-10-12,1.75,33.89,21.76,22.12
2024-10-13,0.1,35.39,18.26,25.37
2024-10-14,0.3,36.27,18.66,23.75
2024-10-15,0.16,32.23,20.69,19.83
2024-10-16,0.06,34.11,21.37,24.24
2024-10-17,0.19,37.02,21.44,24.3
2024-10-18,6.18,37.59,21.46,13.22
2024-10-19,23.26,28.96,18.65,11.78
2024-10-20,22.89,25.37,17.82,8.74
2024-10-21,7.47,28.75,20.53,13.14
2024-10-22,0.4,30.33,21.08,15.68
2024-10-23,4.67,30.93,21.89,16.82
2024-10-24,14.76,31.19,20.82,20.61
2024-10-25,31.23,28.71,21.83,12.06
2024-10-26,16.06,26.47,22.39,16.51
2024-10-27,15.97,29.2,18.93,18.32
2024-10-28,11.24,27.3,17.59,15.72
2024-10-29,9.3,28.5,20.38,25.79
2024-10-30,1.79,29.97,18.11,27.31
2024-10-31,0.0,29.88,17.47,25.49
2024-11-01,0.02,29.74,19.24,20.7
2024-11-02,11.21,25.93,21.04,9.56
2024-11-03,11.17,25.86,20.29,14.86
2024-11-04,25.09,26.54,20.69,6.26
2024-11-05,2.95,27.36,20.35,15.19
2024-11-06,15.58,28.59,19.7,16.12
2024-11-07,30.24,24.81,20.5,10.08
2024-11-08,13.66,26.26,20.9,9.38
2024-11-09,3.39,29.18,20.16,20.25
2024-11-10,0.0,29.42,16.71,28.91
2024-11-11,0.16,30.62,17.25,28.42
2024-11-12,1.38,32.5,20.02,28.51
2024-11-13,36.12,28.34,20.19,14.3
2024-11-14,0.58,29.41,16.62,25.15
2024-11-15,5.65,28.35,19.57,19.18
2024-11-16,18.77,28.46,20.73,9.54
2024-11-17,13.02,29.46,18.11,25.23
2024-11-18,0.0,30.45,17.97,28.54
2024-11-19,0.04,31.25,18.98,26.79
2024-11-20,2.63,30.48,20.15,24.07
2024-11-21,26.49,29.31,20.22,22.31
2024-11-22,17.05,27.0,18.78,13.51
2024-11-23,0.06,29.41,17.81,27.37
2024-11-24,0.0,28.32,17.24,28.46
2024-11-25,0.1,28.91,16.57,28.1
2024-11-26,0.15,30.24,18.04,28.27
2024-11-27,0.15,31.49,18.76,27.38
2024-11-28,13.74,29.74,21.38,19.67
2024-11-29,11.4,26.86,21.75,13.23
2024-11-30,0.15,29.99,20.97,23.13
2024-12-01,0.41,31.19,20.85,25.37
2024-12-02,9.63,28.37,21.99,12.25
2024-12-03,18.19,27.65,21.83,14.2
2024-12-04,9.31,28.47,19.43,12.3
2024-12-05,7.15,29.51,18.9,14.66
2024-12-06,0.72,29.27,21.15,25.1
2024-12-07,0.01,31.99,20.89,27.35
2024-12-08,1.16,26.23,20.41,15.3
2024-12-09,2.46,29.73,20.12,19.69
2024-12-10,8.92,27.08,21.54,17.29
2024-12-11,1.67,29.84,18.52,27.15
2024-12-12,0.1,29.52,16.72,27.56
2024-12-13,3.26,29.29,17.77,22.23
2024-12-14,5.25,26.02,21.04,8.81
2024-12-15,5.59,28.78,20.45,20.23
2024-12-16,3.15,29.21,19.79,27.13
2024-12-17,0.02,29.93,17.48,29.3
2024-12-18,0.26,30.21,17.35,28.14
2024-12-19,0.48,30.98,18.97,23.44
2024-12-20,8.16,29.39,21.31,19.4
2024-12-21,6.75,28.68,21.19,13.93
2024-12-22,5.07,26.25,21.04,16.42
2024-12-23,1.44,29.69,21.27,23.6
2024-12-24,2.74,30.52,19.64,27.77
2024-12-25,9.12,29.57,21.1,17.06
2024-12-26,30.84,25.82,21.46,9.54
2024-12-27,10.12,28.23,21.16,15.32
2024-12-28,6.82,29.42,21.26,19.0
2024-12-29,3.93,29.93,19.97,24.84
2024-12-30,2.24,30.31,19.68,29.03
2024-12-31,0.55,29.9,19.04,28.95
2025-01-01,10.71,29.16,19.72,28.0
2025-01-02,6.32,29.29,19.21,25.82
2025-01-03,3.59,29.31,18.97,16.26
2025-01-04,1.72,27.05,18.34,17.76
2025-01-05,0.19,30.21,16.78,30.11
2025-01-06,0.1,30.84,18.46,28.34
2025-01-07,0.34,30.04,20.32,23.74
2025-01-08,1.92,30.84,19.18,23.14
2025-01-09,1.27,30.49,19.86,26.4
2025-01-10,0.8,30.09,18.22,27.7
2025-01-11,0.23,31.59,17.66,29.13
2025-01-12,0.78,31.62,20.42,24.66
2025-01-13,0.13,30.76,18.28,26.99
2025-01-14,0.15,31.59,16.76,28.13
2025-01-15,1.1,32.17,18.61,18.61
2025-01-16,10.67,31.73,22.05,14.32
2025-01-17,3.18,27.52,21.69,15.17
2025-01-18,2.04,31.06,21.11,24.18
2025-01-19,6.44,30.07,21.39,24.87
2025-01-20,1.52,31.49,20.99,26.3
2025-01-21,0.09,32.91,21.44,26.5
2025-01-22,1.0,33.86,22.73,27.8
2025-01-23,6.35,33.65,21.33,22.9
2025-01-24,0.31,34.07,20.48,28.16
2025-01-25,3.6,34.04,21.03,27.22
2025-01-26,7.52,31.69,21.68,24.01
2025-01-27,6.45,30.12,21.55,18.39
2025-01-28,1.49,30.72,21.0,21.76
2025-01-29,2.57,31.12,20.53,14.59
2025-01-30,19.07,31.01,21.54,20.77
2025-01-31,15.26,27.28,21.82,16.16
2025-02-01,8.19,27.5,20.78,12.05
2025-02-02,3.92,28.28,20.02,15.85
2025-02-03,20.89,25.89,21.2,7.88
2025-02-04,4.88,27.79,20.57,12.69
2025-02-05,3.92,28.03,20.61,20.24
2025-02-06,0.36,29.78,20.23,19.86
2025-02-07,3.39,30.86,19.39,22.94
2025-02-08,1.13,31.31,20.51,28.34
2025-02-09,0.15,31.1,19.43,26.57
2025-02-10,0.35,29.17,19.21,23.36
2025-02-11,0.07,31.41,20.21,24.41
2025-02-12,4.76,29.39,20.0,20.35
2025-02-13,2.17,29.99,20.06,20.71
2025-02-14,2.04,31.51,19.67,25.35
2025-02-15,0.05,33.86,21.47,25.02
2025-02-16,0.0,34.52,22.23,27.71
2025-02-17,0.13,34.74,19.47,26.84
2025-02-18,1.1,34.35,22.08,16.23
2025-02-19,4.83,33.53,21.29,26.17
2025-02-20,1.21,35.24,22.12,23.12
2025-02-21,1.16,35.43,21.87,25.3
2025-02-22,0.49,34.39,22.36,24.1
2025-02-23,0.11,33.74,22.09,23.35
2025-02-24,0.41,33.14,20.15,24.02
2025-02-25,0.52,34.79,20.89,22.36
2025-02-26,1.35,35.33,20.92,26.09
2025-02-27,0.06,36.03,20.34,25.62
2025-02-28,0.51,35.41,21.09,25.41
2025-03-01,0.02,36.09,20.72,26.75
2025-03-02,0.0,34.66,21.79,23.85
2025-03-03,0.04,36.17,18.81,25.25
2025-03-04,0.21,35.31,22.29,22.45
2025-03-05,0.23,33.71,20.81,22.19
2025-03-06,0.0,33.61,21.58,26.89
2025-03-07,0.03,35.73,19.16,24.97
2025-03-08,0.09,35.95,19.49,24.46
2025-03-09,1.16,36.55,21.63,24.89
2025-03-10,0.88,36.81,21.34,22.95
2025-03-11,1.24,33.66,22.12,17.02
2025-03-12,0.3,36.05,22.83,21.06
2025-03-13,0.47,36.48,21.73,20.24
2025-03-14,0.25,36.63,21.72,21.1
2025-03-15,0.27,37.24,22.06,21.59
2025-03-16,3.13,36.9,22.49,20.79
2025-03-17,4.9,34.45,20.19,17.54
2025-03-18,6.11,33.43,21.25,17.37
2025-03-19,3.01,32.12,21.41,17.42
2025-03-20,0.12,33.76,18.59,24.67
2025-03-21,0.16,34.22,17.58,23.91
2025-03-22,0.56,34.89,18.93,23.36
2025-03-23,7.92,30.85,21.17,19.3
2025-03-24,0.45,33.6,20.59,17.84
2025-03-25,0.17,35.35,20.8,20.94
2025-03-26,0.64,34.58,21.05,12.96
2025-03-27,0.1,35.19,20.06,22.55
2025-03-28,0.23,35.37,21.32,20.5
2025-03-29,0.6,35.22,22.94,19.76
2025-03-30,1.9,35.54,21.66,19.7
2025-03-31,1.98,31.63,22.67,8.77
