data,PRECTOTCORR,T2M_MAX,T2M_MIN,ALLSKY_SFC_SW_DWN
2013-10-01,5.25,30.93,20.14,14.43
2013-10-02,12.56,25.44,19.67,5.15
2013-10-03,13.22,28.65,18.82,16.91
2013-10-04,9.07,25.58,19.28,5.99
2013-10-05,0.16,28.44,17.53,19.23
2013-10-06,0.0,27.65,13.85,27.05
2013-10-07,0.06,28.71,13.32,22.53
2013-10-08,1.68,23.51,16.04,13.32
2013-10-09,0.0,29.36,13.86,22.07
2013-10-10,0.0,30.13,15.01,25.46
2013-10-11,0.0,30.32,16.46,24.94
2013-10-12,0.01,29.06,17.44,18.24
2013-10-13,0.13,33.16,16.68,25.06
2013-10-14,0.0,34.34,19.08,23.41
2013-10-15,2.86,30.58,21.42,16.05
2013-10-16,16.78,25.39,19.67,7.08
2013-10-17,10.08,27.37,18.25,13.96
2013-10-18,1.9,30.5,17.24,17.17
2013-10-19,0.03,31.46,17.74,26.78
2013-10-20,0.0,33.63,16.27,27.11
2013-10-21,2.81,33.61,20.12,24.94
2013-10-22,1.77,31.23,21.5,21.17
2013-10-23,5.88,30.72,21.97,21.43
2013-10-24,0.01,35.1,20.61,27.37
2013-10-25,3.23,32.8,20.82,23.6
2013-10-26,0.17,35.38,20.02,27.64
2013-10-27,3.24,34.7,21.24,23.74
2013-10-28,0.04,32.98,16.89,28.18
2013-10-29,0.05,35.41,14.35,26.83
2013-10-30,0.6,34.78,17.42,24.5
2013-10-31,6.29,31.12,20.68,21.65
2013-11-01,4.12,32.59,20.26,24.28
2013-11-02,0.1,34.02,19.26,25.48
2013-11-03,5.56,33.8,22.07,27.85
2013-11-04,9.94,27.28,20.65,9.52
2013-11-05,14.11,26.68,18.79,6.72
2013-11-06,29.18,26.56,18.37,6.23
2013-11-07,8.48,28.26,18.34,16.66
2013-11-08,0.49,29.39,18.13,24.51
2013-11-09,0.0,32.02,17.35,27.59
2013-11-10,0.0,34.28,18.74,29.42
2013-11-11,5.61,35.22,20.18,26.36
2013-11-12,0.11,30.58,21.79,17.22
2013-11-13,0.88,32.17,20.43,26.85
2013-11-14,0.07,32.73,18.84,29.34
2013-11-15,2.88,33.23,19.12,27.65
2013-11-16,6.05,33.27,20.38,21.62
2013-11-17,6.56,27.06,20.66,18.41
2013-11-18,4.01,31.68,18.88,23.09
2013-11-19,1.48,31.66,21.46,24.44
2013-11-20,0.01,34.74,19.98,26.44
2013-11-21,2.27,33.65,22.03,27.25
2013-11-22,5.88,29.69,20.73,16.03
2013-11-23,13.85,29.76,19.55,11.66
2013-11-24,5.25,25.37,19.78,7.46
2013-11-25,7.52,25.34,19.58,8.0
2013-11-26,4.27,29.37,19.51,20.76
2013-11-27,0.13,30.96,18.57,22.39
2013-11-28,0.24,32.57,19.0,28.31
2013-11-29,1.14,33.97,20.62,27.57
2013-11-30,0.57,29.29,22.27,14.94
2013-12-01,14.2,29.71,21.33,16.08
2013-12-02,10.39,28.31,21.38,16.16
2013-12-03,0.94,32.42,21.56,22.81
2013-12-04,0.1,33.86,21.18,27.06
2013-12-05,6.6,31.72,22.32,25.72
2013-12-06,2.84,31.74,20.82,27.35
2013-12-07,7.37,28.53,21.03,19.87
2013-12-08,1.41,31.52,20.53,25.48
2013-12-09,4.97,30.68,22.24,26.57
2013-12-10,6.22,28.08,22.24,16.32
2013-12-11,18.74,27.49,20.92,9.66
2013-12-12,0.95,29.87,18.72,24.04
2013-12-13,0.28,30.62,18.53,28.01
2013-12-14,9.62,29.37,20.45,21.63
2013-12-15,2.87,31.29,20.15,20.93
2013-12-16,2.5,31.84,19.85,26.7
2013-12-17,0.22,32.62,18.46,29.28
2013-12-18,0.2,32.45,18.68,29.72
2013-12-19,1.48,32.0,20.31,28.64
2013-12-20,10.04,31.95,19.94,23.33
2013-12-21,7.64,30.33,19.35,24.9
2013-12-22,8.17,30.39,18.64,24.27
2013-12-23,8.63,25.53,19.91,14.18
2013-12-24,2.93,28.45,20.32,17.48
2013-12-25,2.89,27.81,19.82,18.54
2013-12-26,0.09,33.28,20.37,26.79
2013-12-27,2.83,31.12,23.24,28.25
2013-12-28,3.66,29.33,21.72,22.99
2013-12-29,2.33,30.6,20.85,24.04
2013-12-30,11.05,28.32,22.11,18.27
2013-12-31,4.27,29.03,22.12,16.1
2014-01-01,3.6,29.22,20.33,20.59
2014-01-02,0.08,31.79,21.51,26.18
2014-01-03,0.04,34.23,22.4,28.98
2014-01-04,0.0,35.48,22.14,28.97
2014-01-05,0.59,34.48,22.78,28.14
2014-01-06,0.0,31.71,21.62,29.33
2014-01-07,0.7,34.45,20.13,27.79
2014-01-08,0.22,32.06,20.99,27.23
2014-01-09,0.73,31.85,21.68,26.61
2014-01-10,4.17,33.67,20.44,27.27
2014-01-11,1.02,31.31,20.93,25.83
2014-01-12,4.44,32.14,21.3,21.75
2014-01-13,3.12,29.97,21.84,22.77
2014-01-14,1.94,27.03,20.57,26.2
2014-01-15,5.83,31.9,19.16,26.91
2014-01-16,0.4,31.89,19.91,21.94
2014-01-17,4.94,28.36,21.09,21.22
2014-01-18,4.15,29.93,20.55,27.33
2014-01-19,0.37,33.3,19.92,29.4
2014-01-20,1.93,34.29,20.3,28.47
2014-01-21,1.54,33.32,21.17,25.86
2014-01-22,8.38,32.54,20.92,23.46
2014-01-23,1.72,29.03,21.64,24.47
2014-01-24,5.67,32.97,20.74,21.27
2014-01-25,0.57,34.3,20.35,28.99
2014-01-26,0.55,33.64,22.02,27.54
2014-01-27,3.49,34.27,21.37,28.54
2014-01-28,0.01,34.68,19.56,29.88
2014-01-29,0.01,35.43,18.02,30.56
2014-01-30,0.0,33.08,18.46,28.78
2014-01-31,0.0,34.39,20.18,28.57
2014-02-01,0.0,35.99,20.46,28.37
2014-02-02,0.0,34.89,20.82,26.08
2014-02-03,0.0,36.66,19.23,27.91
2014-02-04,0.0,37.7,20.33,28.92
2014-02-05,0.0,37.79,21.85,27.53
2014-02-06,0.0,38.31,22.05,29.94
2014-02-07,0.12,37.82,20.84,29.06
2014-02-08,1.86,37.09,21.98,26.59
2014-02-09,0.0,38.5,19.69,28.21
2014-02-10,0.02,38.49,21.78,25.36
2014-02-11,0.0,35.39,23.61,24.35
2014-02-12,0.0,36.94,22.57,20.23
2014-02-13,3.57,33.4,23.5,24.2
2014-02-14,9.29,33.07,22.4,20.92
2014-02-15,28.3,28.38,21.69,12.68
2014-02-16,5.03,28.91,20.79,14.15
2014-02-17,11.13,31.07,19.56,17.21
2014-02-18,1.34,31.95,20.3,23.16
2014-02-19,0.07,33.09,20.13,27.28
2014-02-20,0.01,34.2,19.85,26.37
2014-02-21,3.78,31.05,21.37,21.99
2014-02-22,5.39,28.27,21.74,14.0
2014-02-23,2.52,28.61,20.68,18.95
2014-02-24,5.43,29.58,20.82,20.27
2014-02-25,3.86,30.66,19.87,20.15
2014-02-26,0.07,34.14,20.19,26.91
2014-02-27,2.47,33.1,21.58,26.18
2014-02-28,3.34,30.18,21.51,18.06
2014-03-01,1.44,28.59,20.68,18.51
2014-03-02,3.04,31.59,18.71,25.78
2014-03-03,9.25,31.9,21.18,23.21
2014-03-04,4.56,31.4,21.57,18.47
2014-03-05,5.39,27.88,21.36,9.66
2014-03-06,15.03,28.35,21.2,22.16
2014-03-07,2.23,28.07,18.39,13.96
2014-03-08,0.23,30.99,16.13,20.2
2014-03-09,0.06,31.28,17.79,24.52
2014-03-10,1.95,31.34,19.78,24.19
2014-03-11,17.56,30.18,20.35,21.26
2014-03-12,2.51,30.17,21.11,16.66
2014-03-13,0.05,28.65,20.69,22.1
2014-03-14,0.25,32.35,20.64,23.96
2014-03-15,0.29,32.96,20.91,24.7
2014-03-16,0.0,33.59,20.55,24.7
2014-03-17,0.03,33.1,19.61,24.84
2014-03-18,2.02,31.78,21.29,24.02
2014-03-19,0.64,32.66,21.37,22.82
2014-03-20,7.75,31.11,20.81,21.65
2014-03-21,12.33,29.06,21.65,17.85
2014-03-22,3.45,27.4,21.19,15.73
2014-03-23,0.37,31.4,19.76,20.76
2014-03-24,0.06,31.59,20.01,20.18
2014-03-25,0.1,31.68,20.02,23.11
2014-03-26,0.02,30.83,19.96,22.65
2014-03-27,2.04,30.52,19.33,22.55
2014-03-28,1.89,30.35,19.39,21.83
2014-03-29,3.38,30.64,20.0,20.2
2014-03-30,7.26,25.58,21.09,8.46
2014-03-31,2.89,29.23,20.21,16.45
2014-04-01,1.14,31.63,20.67,19.58
2014-04-02,5.12,32.29,20.55,21.1
2014-04-03,0.15,33.4,20.03,20.96
2014-04-04,0.25,32.52,20.26,20.59
2014-04-05,0.0,32.79,19.95,22.4
2014-04-06,0.02,33.59,19.48,23.23
2014-04-07,0.0,34.21,19.13,22.65
2014-04-08,0.2,34.42,21.16,21.91
2014-04-09,3.52,33.35,22.29,19.32
2014-04-10,2.83,29.94,21.32,14.21
2014-04-11,1.41,29.29,21.06,17.6
2014-04-12,20.87,29.07,21.54,16.53
2014-04-13,2.31,28.28,21.63,15.15
2014-04-14,7.87,29.21,18.85,15.88
2014-04-15,8.27,29.19,18.59,7.75
2014-04-16,1.89,28.86,19.31,13.63
2014-04-17,0.12,30.96,18.22,19.78
2014-04-18,0.08,31.05,17.97,20.32
2014-04-19,3.6,31.78,18.69,19.1
2014-04-20,0.03,31.08,19.24,15.79
2014-04-21,0.32,31.47,19.65,19.71
2014-04-22,9.03,30.13,19.86,9.58
2014-04-23,3.73,26.49,20.14,10.13
2014-04-24,0.56,28.47,18.99,14.18
2014-04-25,0.02,28.67,16.56,19.17
2014-04-26,0.0,28.55,14.6,20.5
2014-04-27,0.0,28.56,13.37,20.43
2014-04-28,0.0,28.79,13.72,20.17
2014-04-29,0.0,28.34,13.65,20.61
2014-04-30,0.02,28.83,12.73,19.93
2014-05-01,0.0,29.71,12.8,18.14
2014-05-02,0.0,30.72,16.46,18.7
2014-05-03,0.0,28.04,15.71,15.38
2014-05-04,0.0,30.96,14.95,19.74
2014-05-05,0.0,31.24,15.17,18.38
2014-05-06,0.0,31.71,16.31,17.82
2014-05-07,0.0,30.26,17.97,13.13
2014-05-08,0.02,31.0,17.41,18.03
2014-05-09,0.01,30.29,16.37,16.36
2014-05-10,0.0,28.81,14.8,17.72
2014-05-11,0.0,29.31,13.05,19.01
2014-05-12,0.0,29.4,14.32,18.51
2014-05-13,0.0,28.87,14.27,16.95
2014-05-14,0.0,29.11,15.93,17.16
2014-05-15,0.0,30.61,12.74,16.61
2014-05-16,0.0,31.0,14.87,16.96
2014-05-17,0.06,31.0,16.53,13.05
2014-05-18,0.49,30.26,18.5,8.52
2014-05-19,0.0,31.11,15.93,17.5
2014-05-20,0.01,31.64,14.36,16.9
2014-05-21,0.0,31.58,15.36,16.27
2014-05-22,2.85,32.56,17.39,15.0
2014-05-23,1.84,27.05,19.72,7.37
2014-05-24,0.92,28.77,18.82,6.55
2014-05-25,1.43,27.35,17.25,10.05
2014-05-26,0.62,27.65,12.98,7.64
2014-05-27,0.0,23.92,10.32,16.86
2014-05-28,0.01,25.92,11.76,14.66
2014-05-29,0.0,28.55,12.34,17.06
2014-05-30,0.02,28.9,12.21,16.87
2014-05-31,0.0,29.89,14.15,15.86
2014-06-01,2.35,29.01,16.72,5.6
2014-06-02,0.12,27.59,13.15,12.28
2014-06-03,0.0,26.84,8.99,17.23
2014-06-04,0.05,29.72,8.99,17.09
2014-06-05,0.0,32.09,15.98,14.47
2014-06-06,0.0,32.34,17.78,11.44
2014-06-07,0.0,33.15,17.01,14.79
2014-06-08,0.0,32.49,17.37,15.31
2014-06-09,0.0,32.69,16.74,15.64
2014-06-10,0.0,28.84,17.61,13.37
2014-06-11,0.0,29.75,17.22,15.86
2014-06-12,0.0,30.12,16.21,14.7
2014-06-13,0.0,30.21,16.6,15.27
2014-06-14,0.0,30.93,16.68,14.59
2014-06-15,0.0,31.12,17.05,15.71
2014-06-16,0.0,31.37,15.91,15.77
2014-06-17,0.0,31.77,17.14,16.1
2014-06-18,0.0,31.09,16.29,14.44
2014-06-19,0.0,29.34,14.58,15.53
2014-06-20,0.0,28.92,12.77,14.5
2014-06-21,0.0,29.04,12.45,14.25
2014-06-22,0.0,30.13,13.85,14.71
2014-06-23,0.0,28.74,16.69,10.65
2014-06-24,0.0,30.91,15.03,16.02
2014-06-25,0.03,31.07,14.81,15.8
2014-06-26,0.0,32.12,15.56,15.25
2014-06-27,0.0,32.77,16.08,16.4
2014-06-28,0.0,31.86,15.87,14.76
2014-06-29,0.0,27.04,16.84,10.82
2014-06-30,0.0,26.02,14.62,13.87
2014-07-01,0.0,29.1,13.89,16.16
2014-07-02,0.0,32.76,16.84,15.67
2014-07-03,0.0,33.5,17.22,15.54
2014-07-04,0.0,32.45,16.92,14.87
2014-07-05,0.0,31.37,16.7,15.71
2014-07-06,0.0,30.59,15.59,16.07
2014-07-07,0.03,29.62,16.27,9.41
2014-07-08,0.05,30.72,16.84,9.26
2014-07-09,7.89,29.34,16.95,11.02
2014-07-10,0.44,25.74,16.6,11.28
2014-07-11,0.02,27.17,13.2,14.52
2014-07-12,0.0,28.35,12.88,16.59
2014-07-13,0.0,28.88,13.93,16.9
2014-07-14,0.0,28.96,13.98,16.58
2014-07-15,0.02,29.08,12.87,17.38
2014-07-16,0.0,30.28,14.0,16.93
2014-07-17,0.0,31.46,15.88,16.91
2014-07-18,0.0,29.77,16.84,9.49
2014-07-19,0.0,28.02,13.91,15.46
2014-07-20,0.0,28.59,10.26,18.5
2014-07-21,0.01,30.88,10.25,18.04
2014-07-22,0.0,31.32,14.64,17.5
2014-07-23,0.0,31.3,14.75,17.66
2014-07-24,11.89,30.8,14.86,6.83
2014-07-25,4.83,19.13,13.65,3.83
2014-07-26,5.76,17.01,13.24,4.59
2014-07-27,3.96,22.24,14.0,6.54
2014-07-28,0.04,25.62,14.0,13.69
2014-07-29,0.54,27.31,16.0,15.86
2014-07-30,0.0,27.79,13.17,17.42
2014-07-31,0.0,28.49,13.27,18.21
2014-08-01,0.0,29.69,13.9,18.95
2014-08-02,0.0,30.4,14.81,18.94
2014-08-03,0.0,31.21,14.46,18.98
2014-08-04,0.0,32.15,15.87,18.63
2014-08-05,0.0,29.16,16.27,18.84
2014-08-06,0.0,30.35,13.45,19.62
2014-08-07,0.0,30.12,12.35,20.17
2014-08-08,0.0,30.01,11.59,19.42
2014-08-09,0.0,29.64,12.55,19.29
2014-08-10,0.0,29.72,13.14,19.51
2014-08-11,0.0,31.68,13.49,20.21
2014-08-12,0.0,33.41,15.15,19.0
2014-08-13,0.07,33.59,16.04,14.22
2014-08-14,0.0,27.32,13.09,12.06
2014-08-15,0.0,30.69,16.15,17.31
2014-08-16,0.0,30.97,17.04,19.27
2014-08-17,0.02,31.64,17.16,14.49
2014-08-18,0.01,31.83,18.55,18.8
2014-08-19,0.0,31.8,15.16,21.02
2014-08-20,0.0,33.32,13.49,21.48
2014-08-21,0.0,33.47,15.75,21.43
2014-08-22,0.0,34.4,16.31,22.05
2014-08-23,0.0,35.02,15.89,22.13
2014-08-24,0.0,34.18,15.88,22.41
2014-08-25,0.0,35.08,16.93,22.15
2014-08-26,0.0,33.89,17.85,20.18
2014-08-27,0.0,31.32,17.03,14.44
2014-08-28,0.15,34.25,16.24,15.4
2014-08-29,0.0,33.68,16.39,18.95
2014-08-30,0.0,35.63,16.76,21.91
2014-08-31,0.14,36.4,18.08,20.77
2014-09-01,0.43,36.42,18.67,11.51
2014-09-02,8.74,36.78,20.45,21.33
2014-09-03,0.33,33.82,21.11,16.7
2014-09-04,0.0,31.38,16.81,23.3
2014-09-05,0.0,32.4,15.56,22.26
2014-09-06,0.0,33.04,14.82,23.65
2014-09-07,0.0,34.17,15.35,23.12
2014-09-08,0.0,34.13,17.21,21.69
2014-09-09,0.0,34.94,17.72,23.12
2014-09-10,0.0,35.7,17.33,24.49
2014-09-11,0.0,36.78,18.94,23.59
2014-09-12,0.0,36.7,18.27,24.4
2014-09-13,0.0,35.76,17.75,24.7
2014-09-14,0.0,36.7,17.98,24.83
2014-09-15,0.0,37.25,20.04,21.37
2014-09-16,0.0,34.99,19.94,20.94
2014-09-17,0.0,37.23,19.32,23.84
2014-09-18,0.0,38.25,20.15,21.77
2014-09-19,5.75,38.04,23.69,14.29
2014-09-20,1.37,35.61,20.42,7.1
2014-09-21,2.98,31.49,19.85,12.59
2014-09-22,0.0,33.63,15.93,26.58
2014-09-23,0.21,36.67,16.06,24.46
2014-09-24,6.37,37.66,19.62,24.09
2014-09-25,3.17,31.92,20.47,12.15
2014-09-26,7.87,26.75,21.64,15.72
2014-09-27,0.3,30.2,20.85,11.54
2014-09-28,0.03,33.43,20.05,15.24
2014-09-29,0.67,37.37,21.97,19.85
2014-09-30,0.11,31.63,22.68,13.12
2014-10-01,0.0,37.05,21.75,20.25
2014-10-02,0.0,34.42,18.31,21.69
2014-10-03,0.0,32.33,15.18,27.29
2014-10-04,0.0,31.87,13.45,27.51
2014-10-05,0.0,29.23,14.46,26.77
2014-10-06,0.0,32.59,13.78,26.68
2014-10-07,0.0,33.06,16.36,21.07
2014-10-08,0.0,35.13,16.54,27.76
2014-10-09,0.0,37.16,18.56,27.65
2014-10-10,0.0,38.88,20.56,27.03
2014-10-11,0.0,39.33,21.66,26.95
2014-10-12,0.0,40.45,20.34,25.48
2014-10-13,0.0,40.68,21.34,26.38
2014-10-14,0.0,41.08,22.27,25.14
2014-10-15,0.0,41.83,24.7,24.12
2014-10-16,0.0,41.86,25.15,23.48
2014-10-17,0.2,40.79,24.8,23.53
2014-10-18,1.63,41.06,23.43,22.46
2014-10-19,0.71,40.34,25.08,24.0
2014-10-20,0.18,39.16,24.58,15.69
2014-10-21,0.39,35.75,21.34,18.04
2014-10-22,0.16,36.49,21.23,24.73
2014-10-23,4.67,35.22,23.95,24.22
2014-10-24,11.04,28.28,20.91,22.78
2014-10-25,11.37,25.05,19.49,9.87
2014-10-26,5.19,29.43,18.32,16.92
2014-10-27,0.46,33.02,19.54,23.81
2014-10-28,0.0,33.8,16.48,30.61
2014-10-29,0.0,35.03,14.91,28.09
2014-10-30,0.14,36.87,19.26,27.55
2014-10-31,0.91,31.57,20.51,24.06
2014-11-01,9.3,33.05,21.21,20.96
2014-11-02,3.97,28.9,22.23,23.87
2014-11-03,13.18,28.71,21.83,20.78
2014-11-04,10.33,29.43,21.22,11.02
2014-11-05,6.19,31.4,21.24,19.7
2014-11-06,2.52,33.57,20.95,24.58
2014-11-07,22.97,30.91,21.9,23.02
2014-11-08,0.01,30.56,21.22,17.55
2014-11-09,0.03,32.6,19.28,23.54
2014-11-10,0.02,33.47,18.06,29.46
2014-11-11,0.01,34.25,16.33,28.57
2014-11-12,0.4,29.38,20.79,15.6
2014-11-13,0.42,32.32,21.28,22.53
2014-11-14,2.0,33.44,19.69,21.89
2014-11-15,0.92,31.47,17.23,23.77
2014-11-16,0.26,33.01,15.71,28.99
2014-11-17,0.08,33.8,16.22,28.96
2014-11-18,0.11,33.31,18.42,28.39
2014-11-19,0.01,34.68,19.32,27.71
2014-11-20,1.15,34.43,21.85,22.44
2014-11-21,0.15,36.43,20.73,23.21
2014-11-22,9.43,28.5,22.44,14.18
2014-11-23,0.82,31.11,21.09,14.29
2014-11-24,12.7,30.2,21.17,13.39
2014-11-25,25.85,25.68,22.11,17.15
2014-11-26,8.8,28.32,21.31,13.89
2014-11-27,8.91,27.72,21.32,18.47
2014-11-28,16.75,28.88,21.14,17.02
2014-11-29,9.56,26.86,20.64,14.48
2014-11-30,13.9,26.16,20.88,7.48
2014-12-01,4.84,27.68,20.15,19.05
2014-12-02,0.04,28.03,18.1,15.09
2014-12-03,0.03,30.15,19.31,20.7
2014-12-04,4.64,31.12,19.53,25.93
2014-12-05,2.83,29.32,18.22,20.18
2014-12-06,2.42,29.34,19.72,22.56
2014-12-07,0.54,28.73,19.07,24.66
2014-12-08,1.99,26.43,19.24,17.36
2014-12-09,7.3,26.2,19.62,16.96
2014-12-10,14.77,25.95,19.38,16.57
2014-12-11,9.29,26.21,19.87,15.26
2014-12-12,8.84,28.76,19.99,18.51
2014-12-13,22.29,23.15,19.64,8.26
2014-12-14,0.72,30.26,19.76,23.05
2014-12-15,0.01,29.86,17.53,29.35
2014-12-16,0.0,30.37,16.99,28.89
2014-12-17,0.26,30.71,19.64,27.13
2014-12-18,3.45,30.39,21.11,24.0
2014-12-19,1.5,29.53,21.8,22.66
2014-12-20,1.67,30.14,21.07,20.18
2014-12-21,6.64,27.66,21.11,14.68
2014-12-22,17.54,27.24,21.4,19.62
2014-12-23,28.8,26.45,20.55,13.33
2014-12-24,2.07,27.88,18.56,20.81
2014-12-25,0.21,31.12,20.35,23.59
2014-12-26,0.01,31.41,20.71,30.81
2014-12-27,0.0,31.93,20.08,30.89
2014-12-28,1.9,31.39,19.85,28.69
2014-12-29,1.35,30.29,20.92,23.78
2014-12-30,1.52,30.88,21.1,22.72
2014-12-31,0.86,29.15,21.56,17.74
2015-01-01,0.85,31.02,21.29,27.65
2015-01-02,0.62,30.63,22.63,26.85
2015-01-03,4.63,31.0,21.8,24.94
2015-01-04,1.94,28.48,21.14,17.4
2015-01-05,3.7,29.09,20.27,19.51
2015-01-06,6.26,29.74,20.16,14.86
2015-01-07,1.42,31.89,20.36,24.45
2015-01-08,1.77,29.67,21.13,26.48
2015-01-09,0.02,33.83,20.15,30.32
2015-01-10,0.79,34.68,21.05,29.23
2015-01-11,7.61,34.83,21.63,29.21
2015-01-12,0.49,36.48,21.32,25.21
2015-01-13,5.75,33.71,23.09,25.46
2015-01-14,0.19,33.87,21.5,21.53
2015-01-15,0.66,31.52,22.7,28.18
2015-01-16,0.01,35.93,22.33,29.78
2015-01-17,0.02,36.85,23.1,29.14
2015-01-18,0.0,37.5,21.59,29.14
2015-01-19,0.01,38.97,22.25,29.97
2015-01-20,0.11,38.96,21.72,28.52
2015-01-21,3.33,34.11,22.58,23.0
2015-01-22,13.77,30.79,22.39,17.88
2015-01-23,7.43,30.01,21.13,19.4
2015-01-24,6.32,31.24,19.28,26.52
2015-01-25,2.09,30.23,19.41,23.9
2015-01-26,18.85,30.15,19.77,21.95
2015-01-27,4.62,29.16,20.23,19.76
2015-01-28,2.7,29.87,20.92,19.57
2015-01-29,0.17,29.93,21.09,20.0
2015-01-30,0.06,31.31,20.93,26.26
2015-01-31,20.12,32.18,21.55,25.04
2015-02-01,8.99,32.59,21.08,27.99
2015-02-02,3.41,31.64,22.06,22.36
2015-02-03,1.23,30.99,20.83,27.63
2015-02-04,2.26,29.1,21.35,14.13
2015-02-05,6.28,28.81,20.68,12.65
2015-02-06,7.32,29.29,21.6,18.15
2015-02-07,0.95,30.42,19.7,23.36
2015-02-08,7.19,30.0,19.06,24.03
2015-02-09,12.3,29.36,21.59,16.48
2015-02-10,13.61,27.45,20.93,17.32
2015-02-11,4.92,29.02,20.61,23.38
2015-02-12,1.03,30.52,20.67,25.49
2015-02-13,1.46,30.9,22.48,23.02
2015-02-14,2.04,32.01,20.65,25.85
2015-02-15,8.84,27.34,21.04,22.42
2015-02-16,0.87,26.37,19.87,16.2
2015-02-17,12.01,25.45,20.46,15.95
2015-02-18,8.14,25.45,20.75,10.38
2015-02-19,13.06,26.99,19.99,14.13
2015-02-20,9.18,27.62,20.05,17.44
2015-02-21,0.35,30.48,19.92,25.97
2015-02-22,0.05,30.77,19.69,26.46
2015-02-23,0.05,30.03,18.9,27.09
2015-02-24,1.07,29.24,19.27,25.31
2015-02-25,16.21,28.22,20.19,23.48
2015-02-26,2.34,29.1,19.96,25.07
2015-02-27,17.69,27.9,19.56,18.86
2015-02-28,3.37,29.36,20.53,25.11
2015-03-01,0.24,29.8,20.5,25.83
2015-03-02,0.25,29.44,19.54,24.49
2015-03-03,2.66,30.19,20.15,22.51
2015-03-04,4.49,29.84,20.5,23.31
2015-03-05,2.67,29.48,20.7,23.51
2015-03-06,1.73,27.78,20.85,20.2
2015-03-07,5.29,28.13,20.6,15.64
2015-03-08,9.2,26.63,20.9,13.4
2015-03-09,25.21,24.81,20.8,8.91
2015-03-10,6.25,28.76,20.44,15.25
2015-03-11,6.19,29.01,18.92,21.01
2015-03-12,2.76,27.01,20.53,11.39
2015-03-13,0.58,25.67,19.7,11.86
2015-03-14,1.47,26.47,19.4,9.23
2015-03-15,0.98,26.31,18.85,13.75
2015-03-16,5.26,29.7,18.05,16.8
2015-03-17,1.9,25.83,19.07,9.55
2015-03-18,4.77,26.02,19.3,9.98
2015-03-19,6.24,26.4,19.02,8.08
2015-03-20,15.46,26.31,18.77,9.97
2015-03-21,7.66,25.88,18.62,15.54
2015-03-22,21.36,26.58,18.51,13.99
2015-03-23,1.78,28.18,19.04,18.82
2015-03-24,0.03,29.2,18.01,24.21
2015-03-25,0.17,29.75,17.11,23.28
2015-03-26,0.17,28.61,18.22,20.27
2015-03-27,14.75,29.43,20.89,16.85
2015-03-28,0.93,29.54,20.38,22.52
2015-03-29,14.66,29.02,21.41,18.49
2015-03-30,8.44,28.08,20.72,10.34
2015-03-31,2.45,25.65,21.03,16.4
2015-04-01,0.53,28.76,18.71,20.75
2015-04-02,0.89,29.26,18.14,21.41
2015-04-03,0.29,28.6,17.95,21.41
2015-04-04,7.34,28.83,19.23,18.09
2015-04-05,17.26,27.92,20.61,7.87
2015-04-06,9.98,28.26,19.45,15.67
2015-04-07,0.02,26.03,16.34,20.61
2015-04-08,0.01,27.23,16.9,21.64
2015-04-09,0.0,27.2,18.9,20.64
2015-04-10,0.0,28.24,17.54,18.97
2015-04-11,0.01,28.47,17.58,20.91
2015-04-12,0.0,28.68,18.33,20.83
2015-04-13,0.03,28.64,17.05,20.3
2015-04-14,1.11,27.94,18.62,18.75
2015-04-15,8.13,26.34,19.59,11.79
2015-04-16,0.69,28.23,19.35,18.07
2015-04-17,0.02,28.99,18.83,19.72
2015-04-18,0.07,29.46,19.14,18.33
2015-04-19,6.9,28.7,20.76,16.92
2015-04-20,0.64,29.51,20.29,19.5
2015-04-21,9.35,28.65,20.9,17.32
2015-04-22,4.34,26.6,21.69,13.85
2015-04-23,0.55,28.95,19.37,16.98
2015-04-24,1.43,27.99,19.92,14.46
2015-04-25,0.1,27.82,17.51,18.42
2015-04-26,0.0,26.94,13.78,21.32
2015-04-27,0.23,27.67,14.09,19.89
2015-04-28,0.18,27.66,15.94,18.14
2015-04-29,0.01,26.43,15.88,16.29
2015-04-30,0.0,27.52,15.25,18.72
2015-05-01,0.43,27.91,14.91,18.53
2015-05-02,0.28,27.79,15.36,17.62
2015-05-03,0.5,28.99,16.4,17.36
2015-05-04,22.75,24.96,19.19,4.62
2015-05-05,7.89,27.06,18.34,12.91
2015-05-06,4.12,27.1,16.75,11.68
2015-05-07,0.23,25.85,15.56,17.73
2015-05-08,0.01,25.98,13.56,18.58
2015-05-09,0.0,27.72,14.73,18.06
2015-05-10,11.34,27.9,17.3,13.31
2015-05-11,1.21,23.36,16.52,5.61
2015-05-12,0.02,23.74,12.81,15.46
2015-05-13,0.01,24.62,11.67,15.85
2015-05-14,0.01,26.45,14.26,17.11
2015-05-15,0.02,24.56,16.01,9.84
2015-05-16,0.01,25.86,14.87,15.52
2015-05-17,0.0,26.35,14.07,15.61
2015-05-18,0.0,25.99,15.83,8.27
2015-05-19,2.44,25.66,16.82,11.59
2015-05-20,5.25,26.29,16.42,8.84
2015-05-21,0.06,26.98,15.81,15.22
2015-05-22,0.0,27.29,15.88,17.06
2015-05-23,0.0,24.97,15.76,11.78
2015-05-24,0.05,28.62,15.38,15.96
2015-05-25,0.0,29.73,16.12,16.71
2015-05-26,0.0,30.1,17.18,16.42
2015-05-27,0.0,29.85,16.45,16.41
2015-05-28,1.9,23.79,16.21,5.02
2015-05-29,0.26,25.57,15.0,10.63
2015-05-30,1.82,27.0,11.32,15.04
2015-05-31,10.8,29.36,16.15,6.49
2015-06-01,1.85,27.54,17.8,10.04
2015-06-02,2.58,27.05,17.89,7.36
2015-06-03,0.53,27.32,17.2,14.52
2015-06-04,0.0,27.76,15.73,16.06
2015-06-05,0.01,27.92,14.3,16.73
2015-06-06,0.01,28.56,14.73,15.98
2015-06-07,0.01,28.8,15.1,15.47
2015-06-08,0.0,29.1,15.52,16.32
2015-06-09,0.0,28.6,14.54,15.97
2015-06-10,0.0,28.74,13.99,16.49
2015-06-11,0.0,29.84,15.1,16.04
2015-06-12,0.03,29.85,15.03,15.01
2015-06-13,0.0,30.27,14.72,16.48
2015-06-14,0.01,29.57,15.52,15.41
2015-06-15,2.64,27.94,17.64,8.52
2015-06-16,0.42,26.13,16.1,14.05
2015-06-17,0.0,31.1,16.89,12.48
2015-06-18,0.1,30.57,16.59,15.0
2015-06-19,0.25,25.22,15.39,10.8
2015-06-20,0.01,25.21,14.61,16.04
2015-06-21,0.01,27.31,13.83,15.77
2015-06-22,0.0,27.63,14.38,14.88
2015-06-23,0.0,27.62,13.73,14.27
2015-06-24,0.0,27.15,13.81,11.93
2015-06-25,0.0,26.58,15.28,14.55
2015-06-26,0.0,26.33,14.4,15.72
2015-06-27,0.0,25.51,11.79,16.76
2015-06-28,0.0,26.04,10.95,16.48
2015-06-29,0.0,26.88,12.69,14.79
2015-06-30,0.73,26.78,14.15,10.3
2015-07-01,0.49,28.21,14.7,5.51
2015-07-02,0.78,26.55,16.12,10.63
2015-07-03,0.06,29.6,14.85,9.88
2015-07-04,0.47,27.15,17.01,7.13
2015-07-05,0.11,25.66,13.96,9.8
2015-07-06,1.41,29.12,16.13,9.84
2015-07-07,4.26,26.84,17.75,3.82
2015-07-08,5.55,23.07,15.98,3.91
2015-07-09,0.93,24.22,14.88,11.4
2015-07-10,0.02,29.82,14.11,15.23
2015-07-11,0.0,30.56,15.49,14.64
2015-07-12,0.0,31.74,15.61,16.67
2015-07-13,0.0,32.07,16.65,16.48
2015-07-14,0.0,32.39,15.96,15.87
2015-07-15,0.0,31.69,17.98,13.98
2015-07-16,0.0,29.11,17.09,11.76
2015-07-17,0.0,28.89,15.47,10.59
2015-07-18,0.0,29.76,14.3,16.27
2015-07-19,0.0,29.75,14.67,17.14
2015-07-20,0.0,29.9,14.8,16.12
2015-07-21,0.0,29.58,15.99,12.52
2015-07-22,0.0,29.59,15.79,14.78
2015-07-23,0.0,30.16,17.85,12.55
2015-07-24,0.1,31.13,17.56,15.9
2015-07-25,0.42,30.85,18.42,6.32
2015-07-26,0.22,29.1,16.67,15.82
2015-07-27,0.0,30.72,14.95,17.43
2015-07-28,0.0,31.97,14.49,18.35
2015-07-29,0.0,32.11,15.07,18.56
2015-07-30,0.0,32.72,14.19,18.86
2015-07-31,0.0,32.36,14.97,18.8
2015-08-01,0.0,32.17,15.69,18.71
2015-08-02,0.0,32.38,15.98,18.86
2015-08-03,0.03,32.95,15.29,19.07
2015-08-04,0.04,32.61,15.2,19.27
2015-08-05,0.0,32.47,15.45,19.05
2015-08-06,0.0,32.86,15.92,18.85
2015-08-07,0.0,33.72,15.38,19.57
2015-08-08,0.0,33.83,15.95,19.39
2015-08-09,0.0,32.75,17.01,18.82
2015-08-10,0.0,32.39,17.13,19.54
2015-08-11,0.0,32.3,17.07,19.4
2015-08-12,0.0,30.97,15.71,20.53
2015-08-13,0.0,31.64,14.4,20.07
2015-08-14,0.0,31.25,14.88,20.29
2015-08-15,0.24,32.0,15.29,16.54
2015-08-16,0.0,33.14,16.37,19.8
2015-08-17,0.0,32.59,16.81,19.99
2015-08-18,0.0,31.58,17.95,13.77
2015-08-19,0.0,32.78,18.07,18.47
2015-08-20,0.0,31.03,13.61,21.1
2015-08-21,0.0,32.17,13.64,20.33
2015-08-22,0.0,33.25,13.63,21.28
2015-08-23,0.0,35.13,15.59,21.74
2015-08-24,0.03,35.31,17.79,16.41
2015-08-25,0.93,34.94,18.59,9.62
2015-08-26,0.12,36.19,18.2,19.19
2015-08-27,1.86,34.25,20.98,4.86
2015-08-28,0.0,32.5,18.55,14.22
2015-08-29,0.02,35.55,16.23,21.91
2015-08-30,0.0,36.6,17.91,21.49
2015-08-31,0.0,37.02,19.06,22.74
2015-09-01,0.0,37.01,19.18,20.76
2015-09-02,0.0,35.41,16.8,22.54
2015-09-03,0.0,36.23,17.29,21.87
2015-09-04,0.0,37.3,21.69,20.55
2015-09-05,0.32,33.42,19.11,12.8
2015-09-06,1.29,35.35,18.66,13.93
2015-09-07,4.46,34.05,21.33,5.84
2015-09-08,28.69,32.78,21.7,9.55
2015-09-09,14.5,28.8,17.64,10.49
2015-09-10,5.11,29.02,16.72,4.35
2015-09-11,32.35,28.67,16.88,4.94
2015-09-12,3.0,27.41,15.08,5.22
2015-09-13,2.71,27.86,15.77,15.87
2015-09-14,0.3,29.79,13.82,19.88
2015-09-15,0.07,33.68,17.39,22.16
2015-09-16,0.02,34.6,19.74,23.57
2015-09-17,0.01,35.34,19.52,24.03
2015-09-18,0.0,36.06,20.17,24.62
2015-09-19,0.01,36.33,17.3,21.84
2015-09-20,0.0,35.68,16.64,25.72
2015-09-21,0.0,35.48,16.9,26.12
2015-09-22,0.0,36.13,16.68,24.07
2015-09-23,0.0,36.92,18.37,25.76
2015-09-24,0.0,38.4,20.71,25.45
2015-09-25,3.45,36.28,22.88,17.46
2015-09-26,1.22,33.78,20.38,9.96
2015-09-27,1.75,36.37,20.2,17.78
2015-09-28,4.81,29.78,20.98,8.0
2015-09-29,2.44,28.57,20.92,11.96
2015-09-30,0.1,32.41,19.14,15.02
2015-10-01,0.02,35.54,18.75,13.72
2015-10-02,0.01,37.53,20.77,23.64
2015-10-03,0.0,32.48,21.9,12.82
2015-10-04,0.0,33.43,19.83,13.73
2015-10-05,0.0,35.0,18.41,25.54
2015-10-06,0.0,36.58,17.12,26.6
2015-10-07,0.0,38.58,20.12,25.76
2015-10-08,0.0,38.81,22.88,25.86
2015-10-09,1.05,39.09,22.85,24.07
2015-10-10,1.11,30.75,22.36,12.61
2015-10-11,0.0,36.13,21.15,18.59
2015-10-12,0.0,38.09,19.71,24.05
2015-10-13,0.49,35.55,20.28,23.69
2015-10-14,0.04,40.75,21.54,25.77
2015-10-15,0.0,41.93,21.25,26.96
2015-10-16,0.0,41.54,22.94,25.18
2015-10-17,0.0,42.06,22.84,23.39
2015-10-18,0.0,40.13,22.11,26.0
2015-10-19,0.0,39.95,21.67,25.24
2015-10-20,0.22,41.65,25.15,24.69
2015-10-21,0.04,40.6,26.67,17.68
2015-10-22,11.11,35.05,24.39,17.73
2015-10-23,1.92,36.8,22.93,18.96
2015-10-24,0.49,36.71,21.63,25.32
2015-10-25,1.71,37.38,21.66,25.69
2015-10-26,9.02,30.86,22.83,17.73
2015-10-27,29.35,33.21,20.92,18.66
2015-10-28,18.92,28.67,22.35,12.56
2015-10-29,2.26,32.6,19.62,26.32
2015-10-30,0.29,34.07,20.42,28.05
2015-10-31,9.32,31.89,21.7,14.35
2015-11-01,19.94,26.23,22.3,10.01
2015-11-02,12.65,29.3,21.0,18.68
2015-11-03,3.41,26.29,21.83,10.98
2015-11-04,5.41,28.76,21.08,19.13
2015-11-05,3.6,28.95,20.54,20.48
2015-11-06,0.18,31.38,20.37,24.4
2015-11-07,0.38,30.15,18.3,14.94
2015-11-08,9.81,32.73,19.31,19.79
2015-11-09,6.98,28.72,21.24,17.57
2015-11-10,0.24,32.82,20.82,24.43
2015-11-11,0.97,30.92,22.15,20.53
2015-11-12,1.34,33.69,21.67,26.12
2015-11-13,0.7,33.13,21.76,24.64
2015-11-14,14.58,31.97,21.92,23.04
2015-11-15,8.73,28.77,21.91,19.14
2015-11-16,7.11,29.62,21.64,21.85
2015-11-17,8.34,30.94,20.92,20.49
2015-11-18,0.3,30.85,21.48,25.68
2015-11-19,16.31,30.44,22.14,21.37
2015-11-20,6.22,29.0,22.39,9.85
2015-11-21,0.14,30.85,21.88,17.08
2015-11-22,3.91,31.11,21.48,22.29
2015-11-23,27.25,29.29,22.03,13.48
2015-11-24,25.2,26.47,21.92,3.11
2015-11-25,4.47,25.06,20.67,8.02
2015-11-26,0.15,30.74,19.93,23.7
2015-11-27,0.0,31.2,20.02,27.54
2015-11-28,9.43,27.81,22.34,22.8
2015-11-29,6.04,29.87,21.43,16.15
2015-11-30,6.69,28.61,21.1,20.56
2015-12-01,4.54,29.71,19.37,19.08
2015-12-02,16.75,28.07,21.55,19.67
2015-12-03,12.08,27.86,21.34,21.37
2015-12-04,6.34,29.28,20.78,22.69
2015-12-05,9.69,27.61,21.19,20.88
2015-12-06,5.0,28.22,21.08,17.59
2015-12-07,12.1,28.08,20.32,14.34
2015-12-08,7.18,27.79,20.98,22.61
2015-12-09,1.49,27.66,21.13,21.17
2015-12-10,7.72,28.41,21.52,11.31
2015-12-11,6.82,28.42,21.23,23.34
2015-12-12,10.65,29.9,21.49,26.26
2015-12-13,2.78,25.7,20.98,17.06
2015-12-14,1.8,29.86,20.46,25.95
2015-12-15,7.05,29.69,21.36,21.02
2015-12-16,1.14,27.9,21.19,18.55
2015-12-17,0.95,30.66,19.94,27.57
2015-12-18,0.89,31.19,20.72,28.52
2015-12-19,0.77,28.47,22.38,26.62
2015-12-20,2.46,28.95,21.37,18.05
2015-12-21,3.31,30.41,20.05,24.64
2015-12-22,0.32,29.48,20.98,23.26
2015-12-23,5.79,30.71,22.36,22.81
2015-12-24,4.79,31.21,21.71,22.85
2015-12-25,3.79,28.77,22.54,18.27
2015-12-26,9.61,26.95,21.82,23.35
2015-12-27,21.03,27.5,21.53,16.98
2015-12-28,12.22,25.24,21.37,12.96
2015-12-29,12.54,26.03,20.77,9.2
2015-12-30,5.78,27.49,20.12,11.32
2015-12-31,0.76,28.76,20.78,20.67
2016-01-01,1.01,28.35,21.45,21.64
2016-01-02,1.23,29.13,21.86,17.5
2016-01-03,9.5,28.21,21.87,11.5
2016-01-04,5.13,29.41,21.35,17.72
2016-01-05,0.73,30.06,21.39,26.43
2016-01-06,0.08,29.92,20.67,26.52
2016-01-07,1.55,29.53,21.68,24.59
2016-01-08,17.8,28.52,20.94,15.78
2016-01-09,16.48,25.79,22.36,12.84
2016-01-10,14.38,27.91,21.98,17.13
2016-01-11,23.11,26.57,22.32,11.88
2016-01-12,57.39,26.2,22.39,4.23
2016-01-13,32.94,26.5,22.61,7.82
2016-01-14,23.53,26.75,22.44,11.59
2016-01-15,30.19,27.14,21.99,8.7
2016-01-16,38.45,28.3,20.43,20.08
2016-01-17,0.7,28.71,18.05,20.03
2016-01-18,0.33,29.21,19.27,20.47
2016-01-19,9.21,28.74,18.27,14.15
2016-01-20,6.56,28.42,18.87,20.81
2016-01-21,0.33,29.14,18.82,24.04
2016-01-22,0.01,29.09,17.31,26.72
2016-01-23,0.02,29.71,18.35,26.02
2016-01-24,5.79,26.92,21.03,22.86
2016-01-25,9.51,29.28,21.0,27.6
2016-01-26,0.7,30.74,20.46,28.25
2016-01-27,4.23,28.32,22.3,18.2
2016-01-28,8.31,27.25,21.78,17.44
2016-01-29,10.5,25.35,21.81,12.93
2016-01-30,3.01,28.3,21.08,25.44
2016-01-31,0.0,30.43,20.2,28.77
2016-02-01,0.0,30.94,18.64,28.68
2016-02-02,0.06,32.03,19.42,29.11
2016-02-03,1.15,31.28,21.6,25.82
2016-02-04,1.55,28.55,22.44,23.61
2016-02-05,12.63,29.51,20.94,26.32
2016-02-06,5.58,30.07,22.18,17.12
2016-02-07,5.72,28.24,21.9,19.86
2016-02-08,7.24,29.53,21.34,20.78
2016-02-09,0.12,30.87,20.24,27.39
2016-02-10,0.36,30.72,20.81,27.11
2016-02-11,26.67,30.29,22.97,18.47
2016-02-12,2.62,30.14,19.61,22.95
2016-02-13,3.28,30.71,18.99,24.5
2016-02-14,0.48,31.32,21.38,24.28
2016-02-15,17.43,26.38,22.54,24.06
2016-02-16,12.43,26.76,21.83,15.76
2016-02-17,13.16,29.84,21.33,20.97
2016-02-18,3.31,30.92,21.44,22.13
2016-02-19,4.8,28.3,21.31,21.56
2016-02-20,9.68,27.26,21.56,21.04
2016-02-21,7.57,27.47,21.66,13.66
2016-02-22,7.69,26.64,20.78,12.07
2016-02-23,2.7,25.59,21.04,13.59
2016-02-24,6.51,27.69,20.65,13.3
2016-02-25,7.49,29.97,19.49,18.17
2016-02-26,4.18,29.47,20.43,23.28
2016-02-27,4.38,27.34,21.75,16.69
2016-02-28,1.03,26.97,21.7,18.65
2016-02-29,2.85,27.32,20.28,15.62
2016-03-01,9.16,25.29,18.84,12.42
2016-03-02,7.56,28.25,19.43,14.2
2016-03-03,23.68,27.96,20.98,14.31
2016-03-04,17.86,28.24,21.39,13.63
2016-03-05,25.29,27.58,22.33,19.23
2016-03-06,16.08,30.08,20.34,20.34
2016-03-07,10.64,27.14,21.34,20.41
2016-03-08,3.71,30.02,20.36,22.92
2016-03-09,0.89,28.45,20.95,22.67
2016-03-10,23.18,26.1,22.15,13.46
2016-03-11,10.27,28.45,22.01,15.77
2016-03-12,0.43,28.23,19.18,18.14
2016-03-13,0.38,29.73,19.09,20.64
2016-03-14,13.61,28.95,19.73,23.57
2016-03-15,6.91,27.22,21.08,17.25
2016-03-16,2.34,26.86,20.03,16.27
2016-03-17,7.65,28.21,19.17,20.59
2016-03-18,1.4,29.39,19.18,23.56
2016-03-19,0.01,30.25,19.4,25.75
2016-03-20,0.0,30.36,16.88,23.37
2016-03-21,0.2,30.35,19.24,23.62
2016-03-22,0.65,30.05,20.32,17.96
2016-03-23,3.41,28.37,20.82,20.35
2016-03-24,2.47,26.95,20.86,15.65
2016-03-25,13.47,27.91,20.88,10.93
2016-03-26,4.22,28.67,20.99,16.95
2016-03-27,1.62,27.75,21.23,19.87
2016-03-28,5.84,29.22,20.82,19.72
2016-03-29,2.47,28.55,20.67,20.39
2016-03-30,0.05,27.21,21.29,18.71
2016-03-31,1.52,28.65,20.49,20.01
2016-04-01,0.04,29.31,19.64,21.83
2016-04-02,0.01,30.02,19.77,22.45
2016-04-03,0.0,31.22,19.57,22.53
2016-04-04,0.14,31.25,19.39,22.02
2016-04-05,0.02,30.24,20.16,22.06
2016-04-06,0.0,29.57,17.95,22.93
2016-04-07,0.0,30.62,18.38,23.12
2016-04-08,0.03,30.85,18.35,22.3
2016-04-09,0.01,31.03,17.92,22.62
2016-04-10,0.0,30.81,18.17,22.13
2016-04-11,0.0,30.14,18.1,20.62
2016-04-12,0.0,30.08,18.57,21.29
2016-04-13,0.07,29.92,18.64,21.28
2016-04-14,0.07,30.19,19.55,20.95
2016-04-15,0.0,30.81,19.11,20.5
2016-04-16,0.0,30.51,18.44,21.12
2016-04-17,0.0,30.38,18.04,21.95
2016-04-18,0.0,30.34,18.61,21.13
2016-04-19,0.0,30.07,17.48,20.46
2016-04-20,0.0,30.6,18.59,19.87
2016-04-21,0.0,30.58,17.54,19.93
2016-04-22,0.0,31.22,18.66,19.79
2016-04-23,0.0,31.28,18.54,19.1
2016-04-24,0.0,31.34,17.6,20.46
2016-04-25,0.09,31.12,17.88,18.73
2016-04-26,1.42,29.34,19.59,8.9
2016-04-27,2.44,21.58,12.99,5.97
2016-04-28,0.6,23.06,10.34,14.6
2016-04-29,1.68,23.56,14.79,8.73
2016-04-30,0.27,24.9,12.7,18.24
2016-05-01,0.06,25.68,10.8,20.52
2016-05-02,0.0,27.55,8.99,18.77
2016-05-03,0.0,29.15,11.87,19.78
2016-05-04,0.0,28.87,12.06,19.11
2016-05-05,0.0,29.1,12.63,18.92
2016-05-06,0.0,30.47,13.41,18.41
2016-05-07,0.0,30.78,14.39,14.22
2016-05-08,0.0,32.01,16.85,14.9
2016-05-09,0.05,32.63,17.97,14.74
2016-05-10,0.66,31.37,17.36,8.92
2016-05-11,2.67,29.04,17.91,12.05
2016-05-12,0.48,29.48,17.56,13.48
2016-05-13,0.04,29.64,16.15,11.15
2016-05-14,0.01,30.47,17.02,17.2
2016-05-15,6.28,31.19,16.36,17.18
2016-05-16,3.06,30.7,18.33,14.96
2016-05-17,5.99,27.97,17.03,9.15
2016-05-18,0.21,27.32,16.18,9.97
2016-05-19,0.15,29.6,17.06,11.37
2016-05-20,16.83,30.99,16.79,14.97
2016-05-21,2.78,29.21,18.24,7.85
2016-05-22,1.96,30.68,17.76,16.7
2016-05-23,1.47,21.56,12.9,10.26
2016-05-24,0.14,25.35,9.47,18.17
2016-05-25,0.01,28.65,12.45,16.84
2016-05-26,0.0,28.55,14.66,16.47
2016-05-27,0.0,27.74,14.76,15.27
2016-05-28,0.41,29.04,14.89,15.94
2016-05-29,3.45,28.48,15.86,5.95
2016-05-30,11.35,27.39,15.81,4.81
2016-05-31,4.1,27.85,15.86,8.54
2016-06-01,17.41,26.84,17.59,14.05
2016-06-02,16.49,25.79,16.5,11.61
2016-06-03,18.64,21.75,15.61,5.62
2016-06-04,3.21,24.79,16.61,7.48
2016-06-05,1.03,28.19,19.42,9.34
2016-06-06,10.62,27.41,20.18,10.71
2016-06-07,7.1,21.98,15.28,4.39
2016-06-08,2.95,20.91,13.61,13.44
2016-06-09,0.0,20.94,9.32,15.17
2016-06-10,0.08,22.37,9.94,12.59
2016-06-11,0.0,20.46,6.59,16.77
2016-06-12,0.0,19.4,5.05,17.18
2016-06-13,0.0,21.85,3.78,16.23
2016-06-14,0.0,24.64,8.84,16.45
2016-06-15,0.0,25.51,10.81,15.56
2016-06-16,0.0,25.76,11.56,16.67
2016-06-17,0.0,26.15,11.27,15.2
2016-06-18,0.0,26.63,10.91,16.33
2016-06-19,0.0,26.81,11.02,16.05
2016-06-20,0.0,26.4,10.92,16.18
2016-06-21,0.0,26.48,10.62,14.15
2016-06-22,2.85,25.5,15.5,14.05
2016-06-23,1.67,25.77,14.84,13.74
2016-06-24,0.14,27.03,14.03,15.26
2016-06-25,0.0,27.22,13.42,15.52
2016-06-26,0.0,25.9,13.39,16.11
2016-06-27,0.0,25.51,11.51,16.81
2016-06-28,0.0,25.94,11.2,16.45
2016-06-29,0.0,27.21,12.34,14.97
2016-06-30,0.0,26.93,13.85,13.55
2016-07-01,0.0,27.91,14.8,15.07
2016-07-02,0.0,27.86,13.64,16.53
2016-07-03,0.0,28.6,14.25,15.86
2016-07-04,0.0,28.27,13.26,16.56
2016-07-05,0.0,28.21,14.47,14.64
2016-07-06,0.0,29.13,15.4,11.02
2016-07-07,0.0,26.15,12.1,16.33
2016-07-08,0.0,26.19,8.66,17.73
2016-07-09,0.0,28.85,9.22,17.37
2016-07-10,0.0,30.46,14.12,16.97
2016-07-11,0.0,31.33,15.33,17.16
2016-07-12,0.0,31.39,14.39,17.28
2016-07-13,0.0,31.74,15.34,17.15
2016-07-14,0.0,31.12,14.22,17.33
2016-07-15,0.0,31.13,14.91,16.99
2016-07-16,0.18,31.42,14.7,13.32
2016-07-17,0.11,23.25,8.12,18.04
2016-07-18,0.0,24.6,4.24,18.3
2016-07-19,0.0,27.15,7.35,16.75
2016-07-20,0.0,26.9,9.47,17.59
2016-07-21,0.0,26.88,10.83,16.01
2016-07-22,0.0,27.21,10.53,17.85
2016-07-23,0.0,30.43,10.53,16.85
2016-07-24,0.0,31.35,14.07,17.43
2016-07-25,0.0,31.16,14.14,18.47
2016-07-26,0.0,30.85,13.7,15.84
2016-07-27,0.0,31.96,15.76,16.8
2016-07-28,0.0,30.45,14.38,17.47
2016-07-29,0.0,29.88,15.1,15.67
2016-07-30,0.0,30.69,15.3,16.35
2016-07-31,0.0,30.6,15.03,17.55
2016-08-01,0.0,30.39,14.36,16.13
2016-08-02,0.0,31.39,15.01,18.15
2016-08-03,0.0,31.49,14.12,17.95
2016-08-04,0.0,31.29,15.71,16.76
2016-08-05,0.0,32.4,17.55,16.53
2016-08-06,0.0,33.03,16.69,19.28
2016-08-07,0.0,34.12,16.75,17.73
2016-08-08,0.0,34.81,18.09,18.39
2016-08-09,0.0,33.77,17.66,18.14
2016-08-10,0.46,28.29,16.09,4.79
2016-08-11,0.0,26.8,11.55,20.91
2016-08-12,0.04,30.46,9.26,21.47
2016-08-13,0.0,32.89,9.31,21.34
2016-08-14,0.0,35.62,14.74,20.05
2016-08-15,3.65,35.61,18.03,15.08
2016-08-16,1.55,33.9,19.4,9.85
2016-08-17,0.0,34.16,17.61,20.21
2016-08-18,0.08,35.72,19.01,18.85
2016-08-19,0.56,36.27,19.84,19.6
2016-08-20,8.24,33.61,21.46,5.47
2016-08-21,14.93,21.29,13.76,4.32
2016-08-22,0.07,23.59,9.57,19.01
2016-08-23,0.02,29.91,9.41,21.85
2016-08-24,0.0,32.35,13.46,21.03
2016-08-25,0.0,32.39,15.16,21.79
2016-08-26,0.0,32.3,13.99,22.78
2016-08-27,0.0,32.84,13.59,22.33
2016-08-28,0.0,34.35,15.71,21.61
2016-08-29,0.0,35.01,17.44,21.67
2016-08-30,2.14,32.59,18.62,16.91
2016-08-31,2.72,26.2,15.35,4.78
2016-09-01,0.12,31.69,15.24,16.52
2016-09-02,0.0,33.84,15.61,20.38
2016-09-03,0.0,32.4,20.56,16.5
2016-09-04,0.0,29.13,18.09,12.0
2016-09-05,0.3,34.31,17.39,19.18
2016-09-06,2.75,29.55,18.56,6.2
2016-09-07,0.02,28.79,16.82,13.09
2016-09-08,0.0,31.93,13.03,24.12
2016-09-09,0.05,30.69,15.74,22.88
2016-09-10,0.0,35.17,16.04,21.78
2016-09-11,0.0,36.51,19.3,21.58
2016-09-12,0.0,36.96,21.77,22.46
2016-09-13,0.0,37.22,21.18,18.98
2016-09-14,0.0,36.34,19.84,15.56
2016-09-15,0.0,34.18,17.32,20.43
2016-09-16,0.0,37.4,16.95,21.26
2016-09-17,0.08,38.63,18.35,20.54
2016-09-18,0.0,38.88,21.57,20.66
2016-09-19,1.07,38.18,22.0,20.22
2016-09-20,1.16,30.45,19.11,19.06
2016-09-21,0.0,31.26,12.46,26.82
2016-09-22,0.0,35.09,13.08,26.5
2016-09-23,0.0,37.28,16.41,24.86
2016-09-24,0.0,35.99,17.11,23.36
2016-09-25,0.03,34.27,17.87,18.1
2016-09-26,0.0,33.71,16.51,25.6
2016-09-27,0.16,34.63,15.51,26.77
2016-09-28,0.0,36.09,15.98,25.5
2016-09-29,0.0,36.87,15.62,27.37
2016-09-30,0.0,36.53,15.7,26.43
2016-10-01,0.06,36.25,17.67,21.64
2016-10-02,0.02,36.17,18.82,24.55
2016-10-03,5.49,34.15,20.49,17.21
2016-10-04,7.41,27.36,18.96,12.51
2016-10-05,0.04,30.65,17.15,21.31
2016-10-06,0.02,29.79,16.42,21.38
2016-10-07,0.0,30.58,12.39,27.6
2016-10-08,0.0,34.16,14.45,28.25
2016-10-09,0.0,36.52,16.24,27.46
2016-10-10,0.0,36.51,17.77,26.47
2016-10-11,8.96,36.23,21.93,20.83
2016-10-12,5.33,32.95,20.62,24.15
2016-10-13,15.52,31.56,20.63,14.05
2016-10-14,16.59,32.14,20.02,11.17
2016-10-15,0.79,33.47,20.63,20.5
2016-10-16,0.2,36.28,20.94,23.71
2016-10-17,0.57,37.38,22.42,26.74
2016-10-18,1.6,34.64,22.8,21.69
2016-10-19,0.89,36.77,22.01,25.44
2016-10-20,1.5,34.65,23.08,19.97
2016-10-21,4.4,32.04,20.54,19.93
2016-10-22,21.14,31.29,19.03,17.01
2016-10-23,3.95,33.54,21.9,20.45
2016-10-24,2.1,34.19,21.31,19.24
2016-10-25,1.1,29.83,22.15,13.82
2016-10-26,1.51,32.3,21.39,22.4
2016-10-27,1.74,30.24,19.74,15.77
2016-10-28,0.0,31.47,15.78,29.91
2016-10-29,0.0,33.03,13.19,30.1
2016-10-30,0.35,34.01,17.51,27.18
2016-10-31,9.05,32.89,20.79,25.74
2016-11-01,1.09,30.95,20.11,16.94
2016-11-02,3.44,31.96,20.01,21.48
2016-11-03,5.06,29.04,20.89,15.64
2016-11-04,1.62,29.88,20.29,14.71
2016-11-05,4.44,32.19,19.61,23.29
2016-11-06,16.89,29.67,19.62,23.6
2016-11-07,2.6,31.32,18.96,26.63
2016-11-08,0.13,31.95,19.03,28.2
2016-11-09,3.19,33.98,20.12,22.56
2016-11-10,2.75,34.58,20.53,26.49
2016-11-11,4.45,32.85,21.25,26.58
2016-11-12,12.27,28.5,18.89,19.66
2016-11-13,32.86,26.29,18.32,6.88
2016-11-14,17.68,24.89,19.03,11.18
2016-11-15,0.23,29.72,16.76,21.55
2016-11-16,1.42,30.96,19.06,26.07
2016-11-17,1.83,31.11,20.93,23.34
2016-11-18,1.15,30.52,17.38,20.51
2016-11-19,0.0,27.64,12.43,30.62
2016-11-20,0.0,30.3,12.37,31.5
2016-11-21,0.31,30.65,16.44,20.8
2016-11-22,2.91,28.69,21.02,18.46
2016-11-23,0.68,31.17,20.43,15.85
2016-11-24,0.04,33.76,20.49,23.98
2016-11-25,1.58,32.53,21.37,25.51
2016-11-26,1.83,29.67,21.65,19.12
2016-11-27,0.25,31.26,21.0,23.53
2016-11-28,7.38,29.59,21.4,24.18
2016-11-29,5.43,30.25,21.01,21.3
2016-11-30,0.69,26.21,17.34,19.63
2016-12-01,5.86,28.59,18.27,20.69
2016-12-02,1.36,29.84,20.08,24.15
2016-12-03,8.93,28.59,21.24,16.49
2016-12-04,9.61,29.06,21.99,11.61
2016-12-05,8.63,31.27,20.96,24.58
2016-12-06,0.29,33.61,19.49,28.45
2016-12-07,4.49,31.96,20.3,27.41
2016-12-08,7.32,28.58,21.29,26.49
2016-12-09,14.44,29.44,21.02,20.1
2016-12-10,6.25,27.61,21.06,22.45
2016-12-11,8.14,29.9,20.71,15.24
2016-12-12,3.03,28.2,21.83,19.91
2016-12-13,13.02,27.97,22.34,17.08
2016-12-14,6.51,28.15,22.13,17.65
2016-12-15,4.36,26.62,19.1,18.88
2016-12-16,0.72,27.64,16.27,19.34
2016-12-17,2.18,28.23,17.75,27.34
2016-12-18,1.28,28.2,19.35,27.58
2016-12-19,13.48,27.52,18.77,21.82
2016-12-20,6.55,28.38,19.45,22.43
2016-12-21,2.49,27.84,19.46,21.68
2016-12-22,0.36,27.19,20.6,26.15
2016-12-23,5.74,29.94,20.22,26.97
2016-12-24,1.38,30.28,20.98,23.56
2016-12-25,3.49,31.51,20.29,27.72
2016-12-26,6.04,31.15,21.27,28.3
2016-12-27,0.27,31.87,20.98,28.15
2016-12-28,2.19,31.64,21.25,27.8
2016-12-29,5.42,31.32,21.93,26.91
2016-12-30,5.94,29.56,22.21,29.62
2016-12-31,0.71,30.64,21.4,21.59
2017-01-01,2.27,31.12,20.91,27.99
2017-01-02,0.81,31.91,20.81,22.6
2017-01-03,3.06,32.0,22.15,25.16
2017-01-04,10.3,30.0,22.14,16.45
2017-01-05,5.25,29.23,21.03,11.43
2017-01-06,1.21,31.81,20.86,25.78
2017-01-07,1.69,29.68,21.47,26.72
2017-01-08,2.97,31.4,21.19,26.29
2017-01-09,10.67,28.21,22.33,20.7
2017-01-10,20.8,29.54,21.07,18.99
2017-01-11,6.37,25.91,21.47,19.65
2017-01-12,12.46,26.69,21.27,17.68
2017-01-13,7.97,25.84,20.9,11.82
2017-01-14,1.5,28.47,19.87,24.15
2017-01-15,7.15,25.63,20.65,20.88
2017-01-16,8.62,25.45,20.07,19.97
2017-01-17,10.56,26.67,19.28,13.84
2017-01-18,23.12,25.19,20.97,8.54
2017-01-19,14.36,24.94,19.99,15.51
2017-01-20,12.69,24.63,19.85,15.64
2017-01-21,7.88,25.66,19.11,17.34
2017-01-22,12.44,25.67,19.38,13.96
2017-01-23,7.23,25.8,19.59,15.7
2017-01-24,7.33,28.82,19.26,24.3
2017-01-25,12.52,25.77,20.47,19.19
2017-01-26,7.4,25.55,20.86,12.88
2017-01-27,3.23,26.71,20.4,13.38
2017-01-28,5.23,30.46,20.92,28.03
2017-01-29,0.04,29.77,18.59,28.16
2017-01-30,0.11,29.82,19.66,24.29
2017-01-31,14.15,25.4,21.53,16.79
2017-02-01,13.77,28.32,19.99,17.53
2017-02-02,24.17,26.39,19.65,20.13
2017-02-03,10.97,26.44,20.18,16.64
2017-02-04,0.85,29.27,19.49,27.03
2017-02-05,1.17,29.58,21.16,24.94
2017-02-06,3.62,29.42,21.11,25.65
2017-02-07,1.13,28.47,22.04,26.9
2017-02-08,2.48,30.0,21.46,25.46
2017-02-09,0.51,29.49,21.35,26.85
2017-02-10,0.0,29.64,19.29,26.36
2017-02-11,1.23,29.06,20.81,23.27
2017-02-12,3.68,27.95,21.34,25.18
2017-02-13,0.05,28.97,21.14,27.26
2017-02-14,0.01,29.1,19.55,26.41
2017-02-15,0.0,29.57,18.6,26.88
2017-02-16,0.02,29.71,19.21,25.39
2017-02-17,0.32,27.49,20.81,21.35
2017-02-18,3.57,30.04,20.38,24.51
2017-02-19,2.32,30.41,21.29,27.25
2017-02-20,0.06,31.09,20.63,27.77
2017-02-21,0.0,29.95,20.72,27.43
2017-02-22,0.0,29.15,20.33,25.82
2017-02-23,0.08,30.22,19.63,26.04
2017-02-24,13.01,26.06,20.27,19.44
2017-02-25,1.03,27.21,18.99,11.32
2017-02-26,6.12,28.26,19.15,17.32
2017-02-27,4.5,26.83,19.57,24.0
2017-02-28,3.34,28.37,20.63,22.89
2017-03-01,2.12,28.68,19.89,19.35
2017-03-02,4.99,28.45,21.26,16.74
2017-03-03,5.07,27.76,20.32,17.12
2017-03-04,5.31,28.66,21.24,21.11
2017-03-05,11.13,26.35,20.99,15.41
2017-03-06,6.55,26.57,21.14,19.7
2017-03-07,1.53,30.52,20.46,19.54
2017-03-08,0.7,30.53,21.25,21.48
2017-03-09,2.06,30.15,21.24,23.78
2017-03-10,1.2,30.42,21.76,24.33
2017-03-11,0.1,29.53,21.15,23.38
2017-03-12,0.04,30.48,20.86,24.79
2017-03-13,0.34,30.77,21.71,23.69
2017-03-14,2.46,30.36,21.4,24.11
2017-03-15,6.33,29.87,21.03,23.19
2017-03-16,0.08,30.65,18.92,24.78
2017-03-17,0.19,31.68,19.78,22.67
2017-03-18,37.88,29.81,20.07,17.56
2017-03-19,11.09,24.96,19.26,13.49
2017-03-20,0.83,28.53,17.72,21.75
2017-03-21,0.0,28.51,17.61,25.4
2017-03-22,0.0,29.68,16.82,24.93
2017-03-23,0.0,29.22,17.76,22.76
2017-03-24,0.0,30.59,18.96,22.87
2017-03-25,0.17,31.12,19.49,22.67
2017-03-26,4.12,31.39,19.36,23.74
2017-03-27,2.22,30.07,19.07,12.32
2017-03-28,0.11,29.84,18.8,16.73
2017-03-29,0.01,29.3,17.01,24.21
2017-03-30,0.0,30.17,15.69,23.66
2017-03-31,0.0,30.11,16.25,23.46
2017-04-01,0.0,29.6,14.61,24.51
2017-04-02,0.0,30.45,14.75,24.54
2017-04-03,0.0,30.6,15.64,21.11
2017-04-04,0.0,32.82,16.44,22.1
2017-04-05,5.6,32.75,18.63,21.06
2017-04-06,9.15,27.07,21.35,9.87
2017-04-07,9.94,28.59,20.61,14.29
2017-04-08,5.1,29.26,20.84,18.15
2017-04-09,1.6,30.56,20.18,18.92
2017-04-10,0.07,32.13,20.74,19.49
2017-04-11,0.07,32.65,20.1,19.03
2017-04-12,2.34,27.42,19.86,16.13
2017-04-13,0.73,30.41,18.08,20.43
2017-04-14,0.07,32.62,18.55,20.85
2017-04-15,0.58,33.03,18.63,20.8
2017-04-16,0.01,33.21,18.63,19.42
2017-04-17,0.9,31.48,20.1,12.35
2017-04-18,0.27,31.62,18.31,17.8
2017-04-19,0.17,31.62,19.0,19.36
2017-04-20,5.05,32.43,20.06,17.59
2017-04-21,19.61,25.73,19.61,9.32
2017-04-22,1.5,26.33,15.55,18.36
2017-04-23,0.06,29.13,15.55,20.14
2017-04-24,0.12,30.62,15.91,19.8
2017-04-25,0.11,31.56,17.82,18.96
2017-04-26,2.02,27.04,20.32,10.04
2017-04-27,17.88,27.32,18.97,8.04
2017-04-28,0.61,26.06,17.32,12.23
2017-04-29,0.24,29.27,17.37,13.95
2017-04-30,0.01,28.98,17.56,17.9
2017-05-01,0.0,29.05,16.28,18.59
2017-05-02,0.0,29.32,16.7,12.16
2017-05-03,0.39,30.22,16.31,18.88
2017-05-04,0.17,29.95,17.07,13.71
2017-05-05,6.1,30.2,18.09,7.01
2017-05-06,1.85,28.75,17.55,18.26
2017-05-07,0.01,29.14,15.88,18.52
2017-05-08,0.05,29.74,15.33,19.69
2017-05-09,0.05,29.73,12.96,19.8
2017-05-10,0.0,29.75,15.12,18.68
2017-05-11,0.0,29.47,16.13,18.1
2017-05-12,0.0,30.64,15.73,18.31
2017-05-13,0.0,31.07,16.09,17.85
2017-05-14,0.59,29.04,18.33,6.44
2017-05-15,7.65,29.83,19.71,12.59
2017-05-16,1.1,25.13,16.93,12.07
2017-05-17,0.01,30.55,15.38,14.02
2017-05-18,13.96,29.81,18.33,8.6
2017-05-19,17.39,28.47,19.53,4.6
2017-05-20,16.71,23.85,20.13,12.79
2017-05-21,11.12,26.11,19.1,8.18
2017-05-22,13.75,27.31,19.69,9.83
2017-05-23,0.01,27.23,16.68,14.23
2017-05-24,0.02,26.65,17.63,16.16
2017-05-25,0.02,28.21,18.01,16.53
2017-05-26,0.01,28.6,17.54,15.6
2017-05-27,0.01,28.74,18.02,15.22
2017-05-28,0.01,27.79,15.72,14.36
2017-05-29,0.02,27.98,15.75,15.72
2017-05-30,0.0,27.82,15.33,15.83
2017-05-31,0.0,26.96,14.31,15.89
2017-06-01,0.07,25.28,14.83,5.27
2017-06-02,0.0,23.78,12.25,16.71
2017-06-03,0.02,27.61,11.66,17.41
2017-06-04,0.02,31.18,14.91,16.51
2017-06-05,0.08,30.72,16.76,12.0
2017-06-06,0.0,30.82,16.81,14.57
2017-06-07,0.0,31.12,16.28,16.45
2017-06-08,0.02,30.82,15.51,16.26
2017-06-09,0.19,25.86,12.88,9.96
2017-06-10,0.0,22.2,7.49,17.07
2017-06-11,0.01,26.06,6.58,17.21
2017-06-12,1.07,26.2,13.02,6.59
2017-06-13,4.6,28.71,15.7,9.67
2017-06-14,0.19,27.38,15.99,14.44
2017-06-15,0.05,28.0,13.88,16.26
2017-06-16,0.06,27.66,13.1,16.49
2017-06-17,0.02,28.9,13.72,15.95
2017-06-18,0.0,28.3,12.93,11.81
2017-06-19,0.0,28.38,13.98,15.77
2017-06-20,0.0,28.02,14.65,13.07
2017-06-21,0.0,28.17,13.78,16.16
2017-06-22,0.0,27.21,13.72,16.5
2017-06-23,0.0,27.65,14.26,16.67
2017-06-24,0.02,27.36,13.54,16.5
2017-06-25,0.0,26.61,13.18,17.15
2017-06-26,0.0,27.27,11.79,16.95
2017-06-27,0.0,27.4,13.46,15.42
2017-06-28,0.02,28.3,13.18,16.06
2017-06-29,0.0,28.43,13.31,16.37
2017-06-30,0.0,28.53,13.49,16.38
2017-07-01,0.0,27.46,13.0,15.84
2017-07-02,0.0,25.38,12.82,14.92
2017-07-03,0.0,24.34,10.87,16.17
2017-07-04,0.0,23.27,9.02,17.1
2017-07-05,0.0,24.25,9.79,16.86
2017-07-06,0.02,25.76,10.61,15.53
2017-07-07,0.02,26.86,12.18,11.66
2017-07-08,0.0,26.4,12.93,13.53
2017-07-09,0.0,27.73,12.96,16.53
2017-07-10,0.0,28.44,12.78,15.37
2017-07-11,0.0,29.51,13.59,16.53
2017-07-12,0.0,30.0,13.5,17.25
2017-07-13,0.0,29.46,13.48,17.35
2017-07-14,0.0,29.19,13.33,17.5
2017-07-15,0.0,28.73,13.77,16.07
2017-07-16,0.0,28.95,13.15,16.72
2017-07-17,0.0,29.69,12.84,17.89
2017-07-18,0.0,23.44,11.47,7.05
2017-07-19,0.28,26.91,10.52,14.75
2017-07-20,0.16,28.45,13.86,15.72
2017-07-21,0.0,29.45,15.49,16.16
2017-07-22,0.0,29.25,13.21,18.04
2017-07-23,0.0,30.56,12.25,18.05
2017-07-24,0.0,29.47,13.37,18.39
2017-07-25,0.0,30.31,14.72,17.74
2017-07-26,0.02,29.95,13.65,18.72
2017-07-27,0.0,29.39,12.69,18.9
2017-07-28,0.0,29.14,12.44,18.71
2017-07-29,0.0,29.23,12.91,18.71
2017-07-30,0.0,28.14,14.3,16.5
2017-07-31,0.0,27.48,12.21,15.19
2017-08-01,0.0,28.74,11.99,16.15
2017-08-02,0.0,30.55,13.16,16.72
2017-08-03,0.02,26.35,13.86,13.51
2017-08-04,0.0,27.04,9.94,16.93
2017-08-05,0.0,28.46,11.3,18.74
2017-08-06,0.0,30.54,12.03,19.59
2017-08-07,0.0,31.95,13.54,18.44
2017-08-08,0.0,32.33,15.78,15.47
2017-08-09,0.0,34.83,19.0,17.71
2017-08-10,0.0,35.31,19.3,19.49
2017-08-11,0.0,34.76,16.41,19.24
2017-08-12,0.0,35.21,17.47,19.23
2017-08-13,0.0,35.44,18.78,17.37
2017-08-14,0.0,32.37,17.68,11.03
2017-08-15,0.12,34.69,18.67,13.55
2017-08-16,1.03,34.61,20.07,8.56
2017-08-17,4.53,27.52,18.35,4.34
2017-08-18,2.95,28.25,17.61,4.63
2017-08-19,0.05,32.98,18.14,13.97
2017-08-20,3.74,34.24,19.12,12.48
2017-08-21,1.57,24.3,15.24,13.76
2017-08-22,0.02,30.59,14.36,20.46
2017-08-23,0.0,31.67,17.04,18.65
2017-08-24,0.0,31.81,15.86,21.5
2017-08-25,0.0,32.56,16.11,20.53
2017-08-26,0.0,33.55,15.85,22.26
2017-08-27,0.0,34.49,15.53,22.53
2017-08-28,0.0,35.58,15.98,22.98
2017-08-29,0.0,36.08,15.84,23.08
2017-08-30,0.0,36.82,16.61,23.29
2017-08-31,0.0,37.41,17.41,22.56
2017-09-01,0.0,35.01,17.13,20.32
2017-09-02,0.0,33.54,18.28,22.46
2017-09-03,0.0,33.44,15.48,23.59
2017-09-04,0.0,33.1,15.36,23.97
2017-09-05,0.0,33.66,15.09,24.27
2017-09-06,0.0,34.87,15.21,23.66
2017-09-07,0.0,35.16,16.53,23.18
2017-09-08,0.0,36.03,17.38,24.2
2017-09-09,0.0,35.67,18.13,23.18
2017-09-10,0.0,35.6,18.08,24.58
2017-09-11,0.0,36.73,19.8,24.21
2017-09-12,0.0,37.36,19.77,24.73
2017-09-13,0.0,36.27,19.0,24.79
2017-09-14,0.0,36.23,18.87,25.28
2017-09-15,0.0,37.37,18.09,25.13
2017-09-16,0.0,37.18,17.48,25.26
2017-09-17,0.0,37.0,18.41,25.08
2017-09-18,0.0,36.89,18.08,23.8
2017-09-19,0.0,36.72,20.17,23.71
2017-09-20,0.0,36.39,19.81,25.35
2017-09-21,0.0,35.94,19.35,25.73
2017-09-22,0.0,34.99,20.72,20.11
2017-09-23,0.0,35.92,19.75,23.73
2017-09-24,0.0,36.89,20.84,21.77
2017-09-25,0.0,34.51,21.59,24.48
2017-09-26,0.34,34.85,18.69,23.89
2017-09-27,1.15,36.58,20.98,21.48
2017-09-28,0.06,37.15,22.46,24.41
2017-09-29,4.84,34.54,21.08,17.54
2017-09-30,17.77,26.68,20.07,7.91
2017-10-01,5.3,31.74,17.61,24.92
2017-10-02,8.35,33.1,16.74,5.75
2017-10-03,9.89,26.08,16.3,12.13
2017-10-04,0.0,30.6,14.52,16.62
2017-10-05,0.22,35.68,17.82,26.45
2017-10-06,2.37,35.71,19.32,25.48
2017-10-07,0.38,34.9,20.0,16.05
2017-10-08,0.0,35.98,19.88,19.39
2017-10-09,0.06,37.02,20.16,22.48
2017-10-10,4.16,38.46,21.68,24.11
2017-10-11,0.69,36.34,22.33,22.77
2017-10-12,2.01,38.6,22.14,26.67
2017-10-13,0.0,38.44,20.93,27.45
2017-10-14,0.0,38.53,20.5,24.98
2017-10-15,0.0,38.08,22.02,26.28
2017-10-16,0.0,37.51,19.44,26.03
2017-10-17,0.0,37.05,21.67,24.87
2017-10-18,0.0,37.41,21.72,26.47
2017-10-19,0.0,36.67,21.6,26.32
2017-10-20,0.0,38.2,20.69,18.67
2017-10-21,0.17,37.57,23.66,13.81
2017-10-22,8.19,30.45,21.45,7.09
2017-10-23,0.27,29.81,20.33,10.73
2017-10-24,2.44,33.98,19.36,22.75
2017-10-25,3.67,36.2,21.01,26.63
2017-10-26,2.16,37.16,21.98,18.98
2017-10-27,21.35,37.96,20.94,16.84
2017-10-28,2.76,29.16,22.2,22.26
2017-10-29,5.01,27.11,21.88,14.2
2017-10-30,3.59,32.27,19.92,12.19
2017-10-31,3.33,28.74,20.98,19.05
2017-11-01,15.47,31.35,17.42,25.63
2017-11-02,0.16,32.82,18.82,27.13
2017-11-03,15.41,32.26,21.31,26.23
2017-11-04,14.26,29.29,22.03,19.56
2017-11-05,3.3,27.96,22.16,11.5
2017-11-06,1.33,27.49,19.98,19.37
2017-11-07,0.49,28.28,18.89,21.56
2017-11-08,2.68,31.23,19.94,22.49
2017-11-09,6.4,27.97,20.61,20.38
2017-11-10,9.22,29.78,20.41,22.82
2017-11-11,6.33,29.52,20.92,16.86
2017-11-12,0.12,30.88,16.71,30.25
2017-11-13,0.0,32.17,14.41,28.22
2017-11-14,0.0,34.4,15.33,30.94
2017-11-15,0.0,34.25,19.55,26.18
2017-11-16,6.85,30.56,21.97,25.12
2017-11-17,0.63,30.45,20.43,23.03
2017-11-18,9.45,29.79,20.24,19.84
2017-11-19,9.52,28.71,20.44,17.55
2017-11-20,9.52,30.15,20.84,17.23
2017-11-21,14.72,28.48,21.71,14.0
2017-11-22,21.55,28.44,22.21,15.33
2017-11-23,0.23,30.22,17.24,23.81
2017-11-24,0.09,32.15,19.46,29.06
2017-11-25,9.15,31.74,19.88,27.21
2017-11-26,10.29,27.57,21.99,10.42
2017-11-27,6.69,28.54,20.58,12.35
2017-11-28,3.08,30.81,19.66,25.71
2017-11-29,0.0,31.38,19.05,29.69
2017-11-30,17.23,28.26,18.17,19.24
2017-12-01,38.26,25.51,20.4,8.79
2017-12-02,2.51,29.27,20.07,14.19
2017-12-03,1.86,29.27,19.64,18.35
2017-12-04,0.08,30.77,19.86,26.19
2017-12-05,6.73,30.32,21.58,26.82
2017-12-06,6.7,29.52,20.88,17.62
2017-12-07,13.24,27.35,21.73,15.54
2017-12-08,6.35,29.63,21.25,20.06
2017-12-09,0.07,30.69,19.76,26.86
2017-12-10,0.03,30.32,20.81,26.45
2017-12-11,0.16,31.94,21.47,24.11
2017-12-12,0.45,29.5,19.31,23.49
2017-12-13,0.13,30.03,19.75,28.29
2017-12-14,0.03,30.42,18.93,22.38
2017-12-15,0.11,31.05,19.48,26.64
2017-12-16,0.55,30.25,20.25,26.53
2017-12-17,1.17,30.26,20.68,24.97
2017-12-18,1.82,31.99,19.69,25.93
2017-12-19,3.68,31.58,20.33,26.14
2017-12-20,2.94,30.14,20.87,23.49
2017-12-21,8.85,29.53,20.58,10.26
2017-12-22,3.79,28.98,19.65,12.75
2017-12-23,1.31,31.06,19.43,20.74
2017-12-24,0.02,30.02,20.79,25.4
2017-12-25,2.53,31.05,21.04,20.5
2017-12-26,0.67,31.58,21.64,20.33
2017-12-27,3.0,30.68,22.0,26.93
2017-12-28,9.86,30.32,21.38,25.94
2017-12-29,10.21,28.87,21.16,16.43
2017-12-30,35.76,26.27,21.32,9.72
2017-12-31,14.82,27.54,19.93,10.47
2018-01-01,9.77,29.17,21.45,22.55
2018-01-02,13.22,26.92,21.08,14.47
2018-01-03,18.53,26.78,21.85,12.76
2018-01-04,1.84,28.68,21.41,24.16
2018-01-05,15.55,30.18,20.4,22.08
2018-01-06,12.09,25.75,21.28,13.87
2018-01-07,12.47,25.0,20.67,10.67
2018-01-08,11.12,25.34,19.85,10.56
2018-01-09,2.12,28.09,19.04,19.34
2018-01-10,1.79,30.43,20.33,22.66
2018-01-11,14.54,28.05,20.9,19.47
2018-01-12,4.66,26.45,20.3,15.02
2018-01-13,3.86,28.03,18.78,22.75
2018-01-14,16.93,28.39,20.38,22.18
2018-01-15,5.57,26.82,20.87,19.49
2018-01-16,4.4,28.22,20.63,20.52
2018-01-17,2.64,30.44,20.93,21.97
2018-01-18,4.36,30.35,21.29,26.9
2018-01-19,0.49,30.75,21.35,26.03
2018-01-20,0.38,30.19,20.7,24.04
2018-01-21,0.01,31.65,20.39,17.38
2018-01-22,1.77,31.72,20.75,24.21
2018-01-23,2.4,29.85,21.83,25.3
2018-01-24,1.07,30.48,20.95,23.55
2018-01-25,2.71,28.36,21.33,22.87
2018-01-26,11.99,27.92,21.11,19.88
2018-01-27,11.15,29.4,21.0,21.91
2018-01-28,7.16,29.79,20.74,15.92
2018-01-29,19.1,27.69,22.46,15.57
2018-01-30,13.15,29.65,21.6,11.98
2018-01-31,1.36,29.3,19.27,23.52
2018-02-01,0.27,29.79,16.94,27.28
2018-02-02,0.72,30.44,18.47,21.49
2018-02-03,5.07,28.91,20.16,25.34
2018-02-04,5.38,28.44,19.67,22.54
2018-02-05,0.82,25.0,19.3,17.61
2018-02-06,1.95,27.3,18.09,17.17
2018-02-07,0.3,29.19,18.3,26.96
2018-02-08,0.0,30.52,19.12,28.91
2018-02-09,2.71,31.04,18.92,26.43
2018-02-10,17.12,26.55,21.89,14.68
2018-02-11,17.98,28.37,20.89,22.27
2018-02-12,4.93,28.69,21.43,21.89
2018-02-13,7.79,29.06,21.29,18.9
2018-02-14,4.36,29.51,20.35,11.09
2018-02-15,0.82,29.21,20.58,18.6
2018-02-16,0.7,29.25,19.76,24.27
2018-02-17,3.14,27.71,20.0,24.2
2018-02-18,15.62,27.12,19.98,16.62
2018-02-19,11.24,26.75,18.98,18.94
2018-02-20,7.15,27.73,20.78,16.73
2018-02-21,4.26,26.82,21.62,19.57
2018-02-22,1.88,28.99,21.06,23.46
2018-02-23,10.34,29.74,20.02,23.78
2018-02-24,11.93,29.12,19.11,19.76
2018-02-25,3.77,29.03,19.43,23.64
2018-02-26,14.77,25.57,20.29,11.07
2018-02-27,25.84,27.95,19.38,13.34
2018-02-28,0.21,29.26,19.75,23.98
2018-03-01,12.95,29.0,21.67,22.22
2018-03-02,8.24,29.39,21.81,21.61
2018-03-03,1.81,27.56,21.25,20.86
2018-03-04,2.17,30.27,21.27,24.66
2018-03-05,1.83,30.05,20.65,22.95
2018-03-06,27.61,30.3,20.99,24.58
2018-03-07,2.77,28.27,21.36,22.78
2018-03-08,0.55,27.39,22.55,18.42
2018-03-09,11.9,29.03,20.79,22.95
2018-03-10,19.95,26.81,21.48,15.87
2018-03-11,4.92,29.84,21.35,22.61
2018-03-12,0.0,31.02,21.06,24.15
2018-03-13,0.0,31.36,21.98,21.9
2018-03-14,23.93,30.66,22.29,24.64
2018-03-15,0.69,29.51,22.82,22.08
2018-03-16,14.79,27.86,22.95,14.18
2018-03-17,4.3,30.67,21.74,23.13
2018-03-18,1.09,30.48,20.2,23.65
2018-03-19,0.67,30.72,20.8,22.63
2018-03-20,12.41,26.05,21.91,14.73
2018-03-21,7.45,27.56,21.51,21.91
2018-03-22,1.1,30.1,20.43,23.44
2018-03-23,0.27,30.1,20.72,22.63
2018-03-24,0.63,28.8,20.28,22.22
2018-03-25,0.11,29.06,19.53,21.29
2018-03-26,5.82,28.75,20.12,16.35
2018-03-27,1.22,27.72,20.28,20.34
2018-03-28,0.01,28.58,18.46,23.05
2018-03-29,0.04,28.07,18.34,21.51
2018-03-30,0.0,29.06,18.79,21.24
2018-03-31,1.8,28.12,19.42,17.48
2018-04-01,6.04,26.05,20.29,13.05
2018-04-02,2.11,28.96,20.24,15.27
2018-04-03,7.61,27.55,20.33,14.15
2018-04-04,0.87,28.59,20.17,18.33
2018-04-05,0.03,28.99,18.19,21.87
2018-04-06,0.0,29.43,17.88,22.61
2018-04-07,0.12,28.83,17.04,20.79
2018-04-08,0.0,28.41,18.84,20.68
2018-04-09,0.02,28.96,19.13,20.47
2018-04-10,0.03,28.76,18.46,21.48
2018-04-11,0.0,28.06,17.1,22.24
2018-04-12,0.62,25.89,16.79,17.29
2018-04-13,0.04,27.74,16.56,21.08
2018-04-14,0.04,27.93,18.57,16.52
2018-04-15,0.68,23.67,18.82,11.54
2018-04-16,0.26,26.37,17.42,14.68
2018-04-17,0.09,25.57,16.9,18.97
2018-04-18,0.07,27.07,16.48,20.75
2018-04-19,0.0,28.17,14.92,20.45
2018-04-20,0.0,28.45,16.51,17.99
2018-04-21,0.0,26.76,15.51,20.55
2018-04-22,0.0,28.0,13.54,19.19
2018-04-23,0.0,27.05,18.17,19.5
2018-04-24,0.0,29.32,16.3,18.32
2018-04-25,0.0,29.63,16.08,19.18
2018-04-26,0.0,30.01,17.19,18.69
2018-04-27,0.01,30.6,17.08,18.57
2018-04-28,0.0,30.86,17.54,18.34
2018-04-29,0.0,30.68,17.0,18.94
2018-04-30,0.0,30.98,16.89,18.75
2018-05-01,0.02,31.04,18.97,19.29
2018-05-02,0.0,31.02,15.82,19.16
2018-05-03,0.0,31.4,14.35,19.54
2018-05-04,0.0,32.25,16.92,18.8
2018-05-05,0.0,32.7,17.63,17.73
2018-05-06,0.74,31.37,17.81,16.97
2018-05-07,0.91,27.62,18.63,17.65
2018-05-08,0.01,29.6,16.77,17.62
2018-05-09,0.01,29.44,16.38,18.32
2018-05-10,0.0,29.64,14.94,18.45
2018-05-11,0.0,30.62,16.84,16.11
2018-05-12,0.0,29.36,17.13,12.17
2018-05-13,0.0,28.76,17.07,14.78
2018-05-14,0.07,30.82,16.36,16.74
2018-05-15,1.42,30.47,17.41,10.59
2018-05-16,0.0,30.84,16.7,11.33
2018-05-17,0.01,31.29,16.86,13.35
2018-05-18,1.56,31.24,18.0,13.83
2018-05-19,10.03,28.89,15.93,5.68
2018-05-20,0.05,22.01,9.29,17.37
2018-05-21,0.39,24.03,7.69,19.06
2018-05-22,0.02,27.04,7.53,18.53
2018-05-23,0.01,28.06,7.81,17.77
2018-05-24,0.0,29.64,10.18,17.77
2018-05-25,0.02,29.61,12.3,16.08
2018-05-26,0.0,29.29,13.82,16.89
2018-05-27,0.0,28.99,13.55,17.03
2018-05-28,0.0,27.86,12.91,17.03
2018-05-29,0.0,26.91,12.89,15.01
2018-05-30,0.0,26.85,14.5,15.59
2018-05-31,0.0,28.25,13.12,16.75
2018-06-01,0.0,29.71,12.86,16.4
2018-06-02,0.0,31.3,15.78,14.69
2018-06-03,0.0,30.25,17.54,13.11
2018-06-04,0.0,29.69,14.84,11.69
2018-06-05,3.26,29.52,17.42,10.74
2018-06-06,1.73,28.09,17.26,9.69
2018-06-07,0.01,29.51,17.14,10.49
2018-06-08,0.0,26.84,14.78,11.16
2018-06-09,0.0,29.91,14.82,15.03
2018-06-10,0.0,31.38,18.08,13.37
2018-06-11,0.01,32.08,18.57,11.87
2018-06-12,0.01,32.66,18.62,14.39
2018-06-13,0.0,31.08,19.7,11.78
2018-06-14,2.84,30.46,17.89,12.77
2018-06-15,0.44,29.71,15.48,12.12
2018-06-16,0.62,27.44,16.04,9.36
2018-06-17,0.0,28.99,14.22,14.12
2018-06-18,0.01,28.49,14.55,13.41
2018-06-19,0.0,28.56,15.92,15.36
2018-06-20,0.0,29.37,14.52,15.78
2018-06-21,0.0,29.31,15.07,14.47
2018-06-22,0.0,28.61,17.42,12.83
2018-06-23,0.0,30.69,17.02,12.87
2018-06-24,0.0,30.26,17.89,12.49
2018-06-25,0.0,31.24,16.4,13.61
2018-06-26,0.0,31.74,18.22,16.5
2018-06-27,0.0,31.74,18.05,15.62
2018-06-28,0.0,31.8,15.76,14.55
2018-06-29,0.0,30.78,15.09,14.96
2018-06-30,0.0,30.99,15.34,15.84
2018-07-01,0.0,31.57,16.41,14.84
2018-07-02,0.0,31.86,16.02,16.13
2018-07-03,0.0,31.78,15.56,15.99
2018-07-04,0.0,32.53,16.15,15.14
2018-07-05,0.0,32.23,15.02,15.89
2018-07-06,0.0,31.78,15.11,16.47
2018-07-07,0.0,30.87,14.53,16.28
2018-07-08,0.0,31.3,15.72,17.11
2018-07-09,0.0,31.41,17.38,15.34
2018-07-10,0.83,20.94,14.02,5.85
2018-07-11,0.0,24.97,8.74,17.37
2018-07-12,0.0,26.77,7.93,15.78
2018-07-13,0.0,28.35,10.12,15.17
2018-07-14,0.0,31.75,15.68,17.33
2018-07-15,0.0,32.27,14.69,17.72
2018-07-16,0.0,32.63,15.15,17.6
2018-07-17,0.0,32.01,15.27,17.83
2018-07-18,0.0,31.34,15.65,16.6
2018-07-19,0.0,32.07,16.1,17.9
2018-07-20,0.0,32.85,15.34,18.09
2018-07-21,0.0,32.06,14.91,16.32
2018-07-22,0.0,31.9,16.33,15.72
2018-07-23,0.0,31.75,16.18,17.02
2018-07-24,0.0,30.9,15.52,16.87
2018-07-25,0.0,29.81,14.7,15.24
2018-07-26,0.0,30.8,15.04,16.9
2018-07-27,0.0,31.45,15.58,17.56
2018-07-28,0.0,32.46,15.8,18.1
2018-07-29,0.0,33.71,16.69,17.37
2018-07-30,0.09,33.38,17.64,17.59
2018-07-31,1.52,31.57,19.02,14.18
2018-08-01,0.65,29.1,14.53,11.7
2018-08-02,1.54,29.18,16.37,13.73
2018-08-03,4.0,31.0,18.03,4.02
2018-08-04,9.53,25.81,17.29,13.73
2018-08-05,0.55,27.72,17.33,10.66
2018-08-06,2.52,25.43,15.99,6.55
2018-08-07,0.7,30.26,14.68,15.28
2018-08-08,0.5,32.96,15.16,16.92
2018-08-09,1.83,31.24,16.31,15.92
2018-08-10,0.0,24.98,8.69,20.93
2018-08-11,0.0,26.55,7.77,21.1
2018-08-12,0.02,28.77,7.9,19.83
2018-08-13,0.0,31.69,9.73,21.08
2018-08-14,0.0,33.2,11.02,21.11
2018-08-15,0.0,34.37,13.01,18.48
2018-08-16,0.0,26.54,15.36,12.97
2018-08-17,3.69,30.33,16.34,15.91
2018-08-18,1.36,28.5,15.61,19.15
2018-08-19,0.0,30.83,15.55,19.56
2018-08-20,0.0,32.72,16.18,21.19
2018-08-21,0.0,32.32,16.65,21.36
2018-08-22,0.0,31.38,16.44,17.17
2018-08-23,0.0,34.46,17.13,17.96
2018-08-24,0.78,35.15,20.56,17.56
2018-08-25,2.05,30.3,19.55,9.1
2018-08-26,0.06,31.49,16.83,12.37
2018-08-27,0.01,32.62,14.06,20.76
2018-08-28,0.0,31.59,18.15,20.61
2018-08-29,0.0,32.91,16.65,21.61
2018-08-30,0.0,33.18,17.83,18.71
2018-08-31,0.0,34.82,19.51,21.53
2018-09-01,0.0,36.12,20.03,21.33
2018-09-02,0.01,36.82,19.98,21.62
2018-09-03,0.16,27.6,14.37,13.72
2018-09-04,0.02,26.17,11.22,10.5
2018-09-05,0.0,27.39,11.59,23.81
2018-09-06,0.0,32.87,11.13,24.37
2018-09-07,0.0,35.71,14.76,24.12
2018-09-08,0.0,36.01,15.69,24.58
2018-09-09,0.0,36.02,15.08,24.46
2018-09-10,0.0,35.41,16.02,23.7
2018-09-11,0.01,36.23,17.03,23.14
2018-09-12,0.29,36.23,17.87,21.42
2018-09-13,0.93,36.33,20.09,21.45
2018-09-14,9.76,33.38,19.17,3.44
2018-09-15,6.21,27.81,18.2,8.33
2018-09-16,4.56,29.85,19.34,18.3
2018-09-17,7.54,25.71,18.38,4.5
2018-09-18,2.59,29.12,19.19,8.88
2018-09-19,6.81,30.51,19.58,20.18
2018-09-20,11.67,32.64,20.25,10.43
2018-09-21,1.94,30.9,19.47,22.34
2018-09-22,0.0,34.29,18.93,25.51
2018-09-23,0.0,36.28,17.11,25.45
2018-09-24,0.0,37.22,18.42,25.44
2018-09-25,1.24,37.66,17.46,22.55
2018-09-26,3.13,35.24,22.29,19.71
2018-09-27,0.08,35.59,21.69,12.4
2018-09-28,0.05,31.42,21.68,11.65
2018-09-29,0.41,32.54,21.18,19.87
2018-09-30,2.47,27.77,21.04,8.88
2018-10-01,0.75,29.11,21.09,13.24
2018-10-02,0.03,36.24,19.37,22.48
2018-10-03,7.1,36.19,21.33,21.74
2018-10-04,2.5,30.55,22.59,20.33
2018-10-05,0.63,34.17,20.69,22.46
2018-10-06,19.01,31.39,19.61,15.93
2018-10-07,9.63,30.23,20.87,10.37
2018-10-08,6.4,29.96,20.4,10.84
2018-10-09,29.36,30.38,21.06,20.84
2018-10-10,7.88,30.31,21.94,20.19
2018-10-11,3.0,30.02,21.4,16.17
2018-10-12,1.22,32.16,20.07,22.19
2018-10-13,0.51,31.39,22.37,21.06
2018-10-14,1.69,29.35,21.6,18.76
2018-10-15,0.67,30.99,20.61,17.77
2018-10-16,1.39,32.48,20.49,21.39
2018-10-17,7.32,28.79,23.19,9.57
2018-10-18,25.42,31.34,22.48,22.06
2018-10-19,1.0,26.77,19.95,19.1
2018-10-20,0.0,29.1,16.54,26.75
2018-10-21,0.0,29.47,14.93,27.21
2018-10-22,0.0,31.63,18.62,26.84
2018-10-23,0.33,31.04,19.83,25.01
2018-10-24,33.27,25.7,21.17,7.47
2018-10-25,10.32,28.65,20.26,9.9
2018-10-26,3.38,27.72,20.6,16.42
2018-10-27,0.73,28.69,20.9,13.79
2018-10-28,0.0,29.06,18.32,25.79
2018-10-29,0.0,29.69,14.59,26.17
2018-10-30,0.0,32.42,18.15,26.47
2018-10-31,6.11,31.4,21.37,23.52
2018-11-01,3.55,28.51,21.78,19.57
2018-11-02,0.04,31.3,20.61,22.68
2018-11-03,34.29,30.79,22.11,24.58
2018-11-04,22.0,27.44,20.8,16.0
2018-11-05,6.2,28.48,18.76,15.81
2018-11-06,2.76,27.76,19.94,20.38
2018-11-07,14.92,27.74,18.68,9.95
2018-11-08,15.43,23.3,18.14,8.22
2018-11-09,5.08,23.12,17.79,13.29
2018-11-10,5.22,28.65,17.82,16.83
2018-11-11,3.25,30.01,19.86,22.39
2018-11-12,0.06,30.39,19.99,26.18
2018-11-13,0.1,30.99,20.12,24.22
2018-11-14,3.33,29.54,22.54,21.65
2018-11-15,3.68,27.67,22.64,24.71
2018-11-16,5.02,28.09,22.39,26.88
2018-11-17,1.02,29.96,21.14,21.83
2018-11-18,16.74,25.12,20.54,14.33
2018-11-19,15.74,27.84,18.18,9.81
2018-11-20,12.76,27.58,17.5,14.61
2018-11-21,7.44,29.33,18.33,12.07
2018-11-22,3.31,27.34,19.84,18.09
2018-11-23,6.52,27.03,20.19,15.79
2018-11-24,39.26,27.04,19.98,10.78
2018-11-25,1.84,28.65,19.77,17.84
2018-11-26,6.13,29.69,19.07,20.89
2018-11-27,0.23,29.02,18.59,28.78
2018-11-28,0.0,29.31,18.31,28.9
2018-11-29,0.0,30.42,18.02,28.09
2018-11-30,5.06,29.03,19.96,22.81
2018-12-01,13.97,25.25,21.0,10.23
2018-12-02,7.74,28.59,20.59,18.77
2018-12-03,0.11,29.28,18.12,22.76
2018-12-04,0.01,29.96,18.73,27.83
2018-12-05,0.02,31.03,21.3,25.68
2018-12-06,0.4,32.18,20.15,27.5
2018-12-07,0.34,31.56,19.68,26.86
2018-12-08,0.13,27.98,16.93,30.08
2018-12-09,0.0,28.73,15.83,29.26
2018-12-10,0.0,29.37,18.88,28.01
2018-12-11,0.0,30.63,18.18,29.18
2018-12-12,1.03,31.66,19.25,28.02
2018-12-13,3.22,30.76,20.01,27.16
2018-12-14,1.43,31.31,19.74,26.03
2018-12-15,0.54,31.21,21.06,25.97
2018-12-16,1.04,33.62,22.36,26.6
2018-12-17,4.33,33.52,22.24,28.1
2018-12-18,4.87,33.48,22.0,26.84
2018-12-19,1.97,29.53,23.26,13.92
2018-12-20,0.25,31.55,22.2,28.24
2018-12-21,3.94,26.91,22.34,22.85
2018-12-22,5.61,32.72,21.68,22.77
2018-12-23,4.66,31.16,22.17,22.68
2018-12-24,8.48,31.04,21.43,22.26
2018-12-25,14.26,28.98,21.47,16.7
2018-12-26,7.2,27.42,21.4,11.57
2018-12-27,3.27,24.21,20.07,19.74
2018-12-28,6.31,29.5,18.92,24.26
2018-12-29,10.49,28.21,21.1,24.28
2018-12-30,6.46,27.18,20.81,25.93
2018-12-31,3.56,30.73,21.23,26.61
2019-01-01,7.83,28.78,21.75,22.84
2019-01-02,1.13,30.88,20.6,24.95
2019-01-03,3.32,29.93,21.3,20.18
2019-01-04,14.8,25.64,20.16,13.76
2019-01-05,5.62,23.63,19.36,11.49
2019-01-06,1.68,28.77,20.1,21.56
2019-01-07,0.45,31.92,19.89,28.55
2019-01-08,0.13,32.21,20.74,27.5
2019-01-09,0.6,29.31,21.94,28.91
2019-01-10,0.0,32.65,19.6,29.5
2019-01-11,0.69,30.78,20.24,26.82
2019-01-12,1.61,29.38,21.56,21.28
2019-01-13,1.78,30.75,21.18,27.55
2019-01-14,6.99,30.5,22.12,28.05
2019-01-15,0.7,32.56,21.46,27.02
2019-01-16,1.2,32.55,22.2,22.82
2019-01-17,0.09,31.4,22.12,16.5
2019-01-18,3.38,33.76,21.34,25.92
2019-01-19,0.78,34.69,21.37,28.72
2019-01-20,4.21,34.58,22.18,23.93
2019-01-21,8.72,29.54,23.77,26.2
2019-01-22,2.55,33.98,21.41,27.98
2019-01-23,0.74,34.84,22.64,24.22
2019-01-24,0.58,30.64,21.76,20.38
2019-01-25,4.32,35.02,20.44,23.2
2019-01-26,9.39,28.37,21.23,21.9
2019-01-27,2.4,30.77,19.46,17.79
2019-01-28,0.0,34.7,19.48,29.81
2019-01-29,0.0,35.82,20.56,28.71
2019-01-30,0.06,36.52,21.97,28.6
2019-01-31,0.06,37.97,21.42,28.2
2019-02-01,1.13,36.96,22.24,28.35
2019-02-02,0.2,38.68,23.4,28.98
2019-02-03,1.24,37.59,23.25,27.38
2019-02-04,1.81,33.43,21.62,21.68
2019-02-05,1.15,35.35,19.92,22.52
2019-02-06,3.32,32.39,21.24,16.0
2019-02-07,13.07,33.71,20.26,23.94
2019-02-08,0.05,35.08,19.98,28.52
2019-02-09,0.01,36.56,20.85,26.64
2019-02-10,0.32,36.28,23.06,22.72
2019-02-11,2.49,33.34,22.98,23.72
2019-02-12,17.56,30.52,23.43,12.65
2019-02-13,3.05,28.06,21.02,11.91
2019-02-14,10.49,31.34,20.02,19.83
2019-02-15,6.85,29.53,21.49,13.59
2019-02-16,28.33,25.17,21.67,4.08
2019-02-17,2.48,26.83,21.39,13.42
2019-02-18,5.38,26.98,21.16,15.19
2019-02-19,1.37,29.81,19.57,24.19
2019-02-20,3.68,27.02,20.67,18.01
2019-02-21,19.99,28.25,21.02,13.95
2019-02-22,10.41,29.31,20.92,14.41
2019-02-23,0.8,30.97,20.83,25.67
2019-02-24,1.76,31.27,21.83,23.35
2019-02-25,2.47,28.36,22.14,23.31
2019-02-26,16.46,26.74,21.47,16.67
2019-02-27,21.41,29.02,20.21,19.77
2019-02-28,16.56,25.21,21.05,13.13
2019-03-01,16.18,26.5,20.32,12.12
2019-03-02,16.21,25.34,21.31,12.9
2019-03-03,10.69,27.37,20.19,13.33
2019-03-04,5.13,28.27,20.33,15.56
2019-03-05,1.77,28.82,19.78,18.79
2019-03-06,1.96,30.11,19.21,21.23
2019-03-07,6.85,28.75,20.82,16.75
2019-03-08,0.54,29.68,20.43,23.73
2019-03-09,0.14,29.87,21.48,22.28
2019-03-10,9.61,28.7,22.42,19.02
2019-03-11,3.17,27.51,20.54,18.76
2019-03-12,8.68,28.16,19.58,22.21
2019-03-13,5.52,27.83,21.19,21.17
2019-03-14,16.25,27.04,20.86,14.56
2019-03-15,2.54,28.39,20.83,19.2
2019-03-16,4.94,29.74,19.95,16.56
2019-03-17,1.39,29.8,21.02,19.93
2019-03-18,2.03,27.5,21.94,18.56
2019-03-19,0.09,29.29,21.16,21.32
2019-03-20,10.0,27.79,21.65,18.61
2019-03-21,22.95,27.26,19.31,12.01
2019-03-22,0.91,24.84,18.63,13.21
2019-03-23,0.13,28.73,18.97,20.32
2019-03-24,0.0,29.56,19.7,23.53
2019-03-25,0.0,29.79,18.67,22.42
2019-03-26,0.0,30.8,19.28,22.55
2019-03-27,0.0,29.54,20.78,22.16
2019-03-28,0.0,29.37,19.04,22.68
2019-03-29,0.0,28.25,18.91,22.81
2019-03-30,0.0,28.54,18.44,23.45
2019-03-31,0.0,29.54,17.67,22.92
2019-04-01,0.0,30.12,18.36,20.81
2019-04-02,0.0,30.42,17.57,22.18
2019-04-03,0.0,30.63,19.2,19.27
2019-04-04,0.0,31.37,19.42,21.58
2019-04-05,0.66,28.38,21.51,17.04
2019-04-06,0.91,29.97,22.29,17.49
2019-04-07,34.87,27.52,21.51,16.21
2019-04-08,18.07,26.9,21.43,8.57
2019-04-09,0.36,27.67,17.8,9.9
2019-04-10,0.01,28.43,17.31,21.79
2019-04-11,0.83,28.51,17.76,20.57
2019-04-12,0.45,29.56,18.95,19.33
2019-04-13,15.92,28.21,19.9,13.62
2019-04-14,20.47,27.84,21.24,6.91
2019-04-15,2.74,28.5,20.35,18.36
2019-04-16,8.2,28.09,20.46,17.44
2019-04-17,1.83,29.18,20.27,18.66
2019-04-18,0.02,28.81,17.13,21.91
2019-04-19,0.0,27.9,15.51,22.2
2019-04-20,0.0,27.75,14.43,21.88
2019-04-21,0.0,29.4,15.23,20.81
2019-04-22,0.0,29.73,16.97,19.93
2019-04-23,1.75,29.57,18.93,15.84
2019-04-24,1.33,29.36,19.08,18.57
2019-04-25,0.05,29.92,19.06,19.18
2019-04-26,0.0,29.72,18.72,18.8
2019-04-27,0.0,30.15,18.65,19.17
2019-04-28,1.97,30.35,19.36,18.4
2019-04-29,0.19,28.52,18.24,17.44
2019-04-30,0.0,28.89,15.35,19.89
2019-05-01,0.01,30.14,16.66,14.29
2019-05-02,0.01,30.27,19.47,13.27
2019-05-03,1.91,29.85,19.57,14.91
2019-05-04,1.54,27.68,20.8,15.28
2019-05-05,0.02,29.01,20.69,15.67
2019-05-06,0.02,30.38,19.78,17.14
2019-05-07,0.21,31.0,20.44,16.5
2019-05-08,0.09,30.64,18.78,17.29
2019-05-09,8.73,29.94,18.57,16.52
2019-05-10,0.19,30.62,19.34,14.73
2019-05-11,0.32,31.24,20.53,13.03
2019-05-12,0.05,31.57,20.81,15.68
2019-05-13,0.09,31.74,19.73,16.3
2019-05-14,0.03,30.52,18.82,15.23
2019-05-15,0.01,25.28,17.61,11.76
2019-05-16,3.85,27.21,17.37,14.33
2019-05-17,4.77,23.18,17.35,7.74
2019-05-18,1.84,26.96,15.86,12.1
2019-05-19,0.03,28.24,14.82,16.48
2019-05-20,0.0,28.48,14.35,17.78
2019-05-21,0.02,29.3,13.43,17.41
2019-05-22,0.0,29.38,14.6,18.22
2019-05-23,0.01,30.22,15.03,16.93
2019-05-24,0.12,26.37,17.56,9.57
2019-05-25,0.01,24.74,12.45,16.76
2019-05-26,0.0,26.96,9.39,18.4
2019-05-27,0.0,31.07,11.38,18.06
2019-05-28,0.0,32.09,15.1,15.5
2019-05-29,0.1,32.1,18.12,16.06
2019-05-30,0.0,32.71,17.94,15.74
2019-05-31,0.0,32.06,16.63,14.2
2019-06-01,0.0,31.75,17.93,15.84
2019-06-02,0.28,31.08,16.2,13.79
2019-06-03,4.18,27.7,17.64,4.86
2019-06-04,1.27,25.69,12.86,15.33
2019-06-05,0.01,25.38,9.62,17.49
2019-06-06,0.0,26.82,11.81,16.8
2019-06-07,0.0,28.12,11.5,16.93
2019-06-08,0.0,26.48,12.35,14.19
2019-06-09,0.0,28.32,11.32,17.06
2019-06-10,0.0,28.4,12.97,16.48
2019-06-11,0.0,29.55,14.19,16.5
2019-06-12,0.0,29.73,14.4,14.98
2019-06-13,0.0,30.35,15.47,14.8
2019-06-14,0.0,30.95,15.59,16.22
2019-06-15,0.0,30.48,15.43,16.33
2019-06-16,0.0,29.9,14.75,15.19
2019-06-17,0.0,29.85,14.55,13.45
2019-06-18,0.0,30.05,13.87,15.43
2019-06-19,0.0,30.46,14.94,13.24
2019-06-20,0.0,30.38,14.71,15.92
2019-06-21,0.0,29.68,15.26,15.01
2019-06-22,0.0,29.5,15.01,15.29
2019-06-23,0.0,29.13,14.22,15.64
2019-06-24,0.0,30.12,13.69,16.3
2019-06-25,0.0,31.21,15.13,14.67
2019-06-26,0.0,31.66,16.36,16.13
2019-06-27,0.0,31.14,16.2,14.11
2019-06-28,0.0,32.48,17.91,15.7
2019-06-29,0.0,31.7,16.2,16.58
2019-06-30,0.0,31.77,16.1,16.57
2019-07-01,0.0,31.99,16.1,15.87
2019-07-02,0.05,31.6,15.48,14.1
2019-07-03,0.0,31.34,15.34,15.06
2019-07-04,7.5,28.43,18.43,10.27
2019-07-05,4.68,24.36,14.64,5.02
2019-07-06,0.02,21.1,7.71,16.57
2019-07-07,0.02,23.65,4.42,18.06
2019-07-08,0.0,26.52,7.49,17.09
2019-07-09,0.0,28.03,9.12,17.6
2019-07-10,0.0,28.33,10.03,17.56
2019-07-11,0.0,28.86,10.32,17.73
2019-07-12,0.0,30.55,11.01,17.52
2019-07-13,0.0,30.55,13.44,16.87
2019-07-14,0.0,31.35,17.63,16.76
2019-07-15,0.01,30.21,17.43,15.07
2019-07-16,0.18,28.24,14.82,13.75
2019-07-17,0.01,26.71,8.96,17.1
2019-07-18,0.01,28.51,11.65,15.71
2019-07-19,0.0,27.83,14.84,16.39
2019-07-20,0.01,28.17,12.63,17.59
2019-07-21,0.0,27.87,13.12,15.7
2019-07-22,0.0,27.59,15.27,13.25
2019-07-23,0.0,30.71,14.58,17.69
2019-07-24,0.0,31.7,14.57,18.15
2019-07-25,0.0,31.74,16.77,15.64
2019-07-26,0.0,30.84,16.83,15.5
2019-07-27,0.0,31.47,16.37,18.27
2019-07-28,0.0,30.92,13.42,18.33
2019-07-29,0.0,30.71,14.23,13.95
2019-07-30,1.22,30.82,18.72,15.13
2019-07-31,0.0,31.73,15.89,18.83
2019-08-01,0.04,34.06,15.2,18.9
2019-08-02,0.27,32.55,18.26,16.88
2019-08-03,0.55,26.12,15.45,6.46
2019-08-04,11.39,19.98,13.42,3.11
2019-08-05,2.25,25.74,11.31,5.15
2019-08-06,0.05,28.09,13.75,12.76
2019-08-07,0.01,29.98,15.67,17.04
2019-08-08,0.0,31.33,15.54,19.22
2019-08-09,0.0,32.12,16.31,19.18
2019-08-10,0.0,33.23,16.65,19.03
2019-08-11,0.07,34.33,16.21,19.78
2019-08-12,0.0,34.38,17.21,19.54
2019-08-13,0.0,34.36,18.04,18.23
2019-08-14,0.0,29.16,15.18,16.19
2019-08-15,0.0,30.13,13.71,20.25
2019-08-16,0.0,30.4,14.95,20.85
2019-08-17,0.0,31.65,15.16,20.58
2019-08-18,0.0,32.39,17.45,18.53
2019-08-19,0.32,33.88,20.68,11.92
2019-08-20,0.32,32.24,17.27,11.35
2019-08-21,0.01,32.71,15.39,19.05
2019-08-22,0.0,32.0,14.49,20.48
2019-08-23,0.01,29.28,13.23,16.22
2019-08-24,0.0,31.15,13.15,22.27
2019-08-25,0.0,33.47,13.24,21.67
2019-08-26,0.0,34.01,15.98,21.27
2019-08-27,0.0,33.13,19.2,18.37
2019-08-28,0.0,30.43,19.57,12.85
2019-08-29,0.0,30.96,17.76,20.56
2019-08-30,0.0,35.2,17.29,21.93
2019-08-31,0.33,36.87,21.56,19.66
2019-09-01,2.5,37.05,22.65,15.1
2019-09-02,10.99,31.39,20.57,18.27
2019-09-03,0.46,33.96,19.3,10.25
2019-09-04,0.11,35.09,20.6,15.95
2019-09-05,0.08,35.57,18.04,20.32
2019-09-06,3.95,33.58,19.14,20.38
2019-09-07,0.08,35.44,19.51,22.02
2019-09-08,0.01,36.76,20.4,21.33
2019-09-09,0.0,36.61,19.68,23.52
2019-09-10,0.0,38.22,20.41,23.22
2019-09-11,0.0,39.74,21.78,22.97
2019-09-12,0.0,40.21,22.52,23.54
2019-09-13,0.0,39.55,21.62,22.08
2019-09-14,0.0,38.42,22.34,19.7
2019-09-15,0.0,39.71,23.56,22.23
2019-09-16,0.0,39.15,22.1,23.25
2019-09-17,0.0,39.71,21.8,23.26
2019-09-18,0.0,40.34,22.42,21.77
2019-09-19,0.0,39.38,23.45,16.2
2019-09-20,0.15,40.24,22.93,14.72
2019-09-21,0.02,37.95,22.53,13.81
2019-09-22,0.01,36.57,19.27,20.0
2019-09-23,0.0,34.09,18.2,23.09
2019-09-24,0.32,35.08,20.39,20.88
2019-09-25,28.75,25.88,19.35,3.57
2019-09-26,18.16,21.72,17.34,5.39
2019-09-27,0.12,30.38,15.7,25.33
2019-09-28,0.01,31.88,14.71,25.53
2019-09-29,0.0,32.73,14.81,26.09
2019-09-30,0.0,33.99,14.58,26.69
2019-10-01,0.14,35.8,17.87,26.19
2019-10-02,0.01,37.34,19.6,26.23
2019-10-03,0.03,37.46,20.55,27.14
2019-10-04,0.01,36.54,16.9,27.19
2019-10-05,0.02,36.71,19.84,26.82
2019-10-06,14.34,36.39,21.65,22.75
2019-10-07,2.1,33.53,19.65,20.37
2019-10-08,1.79,29.97,19.63,9.99
2019-10-09,4.54,27.14,19.99,12.61
2019-10-10,2.8,30.41,18.86,18.06
2019-10-11,0.03,32.86,20.07,24.97
2019-10-12,0.02,34.96,20.07,25.71
2019-10-13,0.04,37.52,21.24,25.65
2019-10-14,0.01,37.33,22.28,26.79
2019-10-15,0.0,35.98,19.85,22.12
2019-10-16,0.1,36.51,21.43,24.83
2019-10-17,0.04,37.82,21.04,24.73
2019-10-18,0.19,35.91,22.83,22.98
2019-10-19,0.98,37.58,21.88,21.77
2019-10-20,1.16,35.99,21.29,25.73
2019-10-21,7.12,34.52,19.82,11.81
2019-10-22,4.76,27.94,21.76,18.63
2019-10-23,0.05,34.37,19.24,24.76
2019-10-24,1.49,34.85,20.46,23.99
2019-10-25,0.19,37.99,20.98,26.37
2019-10-26,1.28,38.49,19.78,25.48
2019-10-27,2.45,36.18,22.48,26.53
2019-10-28,4.87,32.48,21.99,20.44
2019-10-29,8.12,34.09,20.67,22.91
2019-10-30,1.19,35.99,21.09,27.26
2019-10-31,2.78,33.78,22.28,25.56
2019-11-01,2.42,35.72,20.88,23.39
2019-11-02,0.32,36.36,21.12,28.11
2019-11-03,0.38,37.49,23.12,26.92
2019-11-04,6.28,39.06,23.76,26.17
2019-11-05,13.93,33.78,22.6,21.59
2019-11-06,6.28,34.29,22.24,20.93
2019-11-07,7.31,30.27,20.98,21.79
2019-11-08,5.01,28.23,21.74,14.6
2019-11-09,2.67,33.88,21.08,14.74
2019-11-10,3.25,29.89,21.57,13.92
2019-11-11,0.16,35.97,20.87,26.77
2019-11-12,0.47,34.68,21.53,25.74
2019-11-13,2.37,33.3,20.96,18.45
2019-11-14,13.82,28.21,22.18,14.96
2019-11-15,11.77,28.27,21.47,9.57
2019-11-16,0.31,32.91,19.47,27.94
2019-11-17,0.38,34.09,17.15,27.85
2019-11-18,1.54,35.23,19.11,26.92
2019-11-19,2.16,31.79,22.06,23.99
2019-11-20,2.45,33.67,20.19,25.38
2019-11-21,1.28,33.89,20.29,26.53
2019-11-22,3.8,29.84,21.47,22.1
2019-11-23,13.82,33.08,20.13,24.65
2019-11-24,3.23,29.23,19.73,16.14
2019-11-25,0.99,33.5,16.31,25.3
2019-11-26,0.35,33.08,21.12,25.75
2019-11-27,16.02,32.89,23.13,20.19
2019-11-28,10.21,29.58,20.2,18.09
2019-11-29,4.67,31.18,17.49,18.68
2019-11-30,14.48,28.33,22.41,17.27
2019-12-01,6.92,29.39,22.53,12.29
2019-12-02,0.78,29.65,20.99,23.35
2019-12-03,2.15,31.15,17.64,22.34
2019-12-04,5.19,28.7,21.14,19.83
2019-12-05,5.41,28.11,21.77,16.12
2019-12-06,9.06,30.23,22.37,15.36
2019-12-07,0.98,31.75,20.94,26.13
2019-12-08,1.18,31.8,19.58,25.61
2019-12-09,13.63,28.53,21.39,16.48
2019-12-10,12.79,27.28,21.57,13.55
2019-12-11,19.19,25.84,20.71,7.3
2019-12-12,5.36,27.71,19.81,16.57
2019-12-13,13.58,27.3,20.49,19.06
2019-12-14,7.41,27.62,20.36,17.94
2019-12-15,0.79,29.03,21.67,20.91
2019-12-16,0.88,31.3,20.47,28.25
2019-12-17,6.92,31.18,20.59,25.76
2019-12-18,3.35,27.75,21.1,17.47
2019-12-19,9.91,26.12,19.15,14.04
2019-12-20,3.51,25.99,20.05,18.6
2019-12-21,1.9,27.09,20.77,20.01
2019-12-22,7.3,28.3,20.16,18.3
2019-12-23,18.81,29.16,20.49,8.94
2019-12-24,1.69,29.33,20.0,27.82
2019-12-25,1.55,30.34,20.17,27.75
2019-12-26,1.81,31.97,20.09,27.81
2019-12-27,1.77,31.48,20.63,27.88
2019-12-28,3.96,30.44,21.63,28.84
2019-12-29,1.2,32.23,21.38,27.7
2019-12-30,0.21,31.46,21.67,26.83
2019-12-31,4.34,31.24,21.8,26.18
2020-01-01,4.64,30.17,21.17,26.98
2020-01-02,28.79,28.94,21.72,14.7
2020-01-03,9.05,29.93,20.67,19.94
2020-01-04,17.83,28.98,18.5,23.04
2020-01-05,4.03,29.17,20.47,25.11
2020-01-06,1.33,30.2,20.73,24.92
2020-01-07,4.55,31.11,21.24,24.97
2020-01-08,11.43,28.78,22.48,19.17
2020-01-09,22.64,28.5,21.9,15.8
2020-01-10,2.77,29.18,21.68,23.28
2020-01-11,1.63,30.0,22.61,20.3
2020-01-12,3.9,29.62,22.25,18.5
2020-01-13,6.72,30.74,22.25,21.02
2020-01-14,0.35,30.96,21.54,23.03
2020-01-15,0.23,32.09,21.28,29.38
2020-01-16,0.44,32.29,23.38,27.21
2020-01-17,3.49,30.56,21.0,15.77
2020-01-18,14.14,29.19,19.58,24.19
2020-01-19,4.66,30.47,21.56,20.02
2020-01-20,8.36,30.14,21.61,21.13
2020-01-21,5.68,30.55,20.59,25.61
2020-01-22,15.05,29.1,19.78,18.12
2020-01-23,33.77,26.61,20.89,10.09
2020-01-24,6.02,29.33,20.59,15.96
2020-01-25,0.03,28.66,18.43,28.09
2020-01-26,0.01,29.78,17.6,29.98
2020-01-27,0.0,30.35,19.95,28.49
2020-01-28,8.99,30.19,19.44,23.91
2020-01-29,11.21,29.98,20.47,18.75
2020-01-30,11.84,27.09,21.94,18.07
2020-01-31,1.59,28.09,21.17,20.53
2020-02-01,5.62,29.96,21.75,13.81
2020-02-02,1.85,30.11,21.22,22.45
2020-02-03,4.27,28.16,21.17,16.96
2020-02-04,17.25,28.7,21.35,18.65
2020-02-05,13.35,26.22,21.09,19.45
2020-02-06,13.82,25.6,20.3,14.6
2020-02-07,28.1,24.57,19.75,13.14
2020-02-08,0.49,28.24,18.17,22.51
2020-02-09,9.68,27.84,20.44,15.7
2020-02-10,10.74,27.75,21.05,9.01
2020-02-11,12.28,26.11,21.35,11.62
2020-02-12,1.98,29.01,19.8,14.79
2020-02-13,0.31,29.07,17.63,20.42
2020-02-14,0.61,29.98,18.43,26.34
2020-02-15,0.71,30.9,19.96,25.32
2020-02-16,3.62,30.64,21.91,24.22
2020-02-17,5.51,30.46,21.37,25.02
2020-02-18,7.4,27.26,22.58,23.01
2020-02-19,3.85,27.54,21.86,20.96
2020-02-20,18.12,29.17,22.21,20.52
2020-02-21,10.13,28.64,21.31,12.02
2020-02-22,15.37,29.49,20.17,17.08
2020-02-23,1.6,28.12,18.73,20.17
2020-02-24,7.62,25.87,20.13,11.79
2020-02-25,9.61,27.53,20.75,20.42
2020-02-26,22.78,26.64,22.08,12.68
2020-02-27,18.52,25.94,19.68,13.06
2020-02-28,6.18,28.93,18.18,11.19
2020-02-29,3.4,29.31,18.83,18.92
2020-03-01,22.57,28.72,17.88,18.53
2020-03-02,1.78,27.79,18.31,19.09
2020-03-03,0.21,28.14,17.76,20.21
2020-03-04,0.01,28.88,17.96,24.98
2020-03-05,0.04,28.92,17.45,27.33
2020-03-06,0.85,28.26,15.93,26.62
2020-03-07,0.59,28.59,15.88,26.1
2020-03-08,1.53,28.24,17.24,22.87
2020-03-09,0.42,28.99,18.2,23.01
2020-03-10,0.47,29.7,17.81,24.28
2020-03-11,1.03,30.24,19.36,25.17
2020-03-12,0.06,30.4,19.89,25.32
2020-03-13,0.01,30.66,19.41,25.51
2020-03-14,0.12,30.75,19.31,23.73
2020-03-15,2.86,28.74,21.15,22.49
2020-03-16,2.67,29.09,20.25,22.71
2020-03-17,0.74,30.39,20.26,22.82
2020-03-18,2.48,30.72,21.26,20.44
2020-03-19,7.9,29.59,22.79,13.14
2020-03-20,10.82,28.2,21.63,14.43
2020-03-21,5.04,28.35,19.86,14.3
2020-03-22,2.37,27.84,18.43,20.02
2020-03-23,0.13,28.16,17.63,23.98
2020-03-24,0.14,27.76,16.96,24.24
2020-03-25,2.25,27.75,14.92,23.26
2020-03-26,0.66,27.86,16.05,23.23
2020-03-27,0.62,28.6,18.88,22.5
2020-03-28,2.8,27.13,19.96,19.45
2020-03-29,19.72,25.63,20.71,10.2
2020-03-30,8.35,28.35,19.79,18.24
2020-03-31,0.36,29.45,18.8,22.27
2020-04-01,0.04,30.42,18.92,22.97
2020-04-02,1.68,30.26,19.87,20.96
2020-04-03,1.67,29.7,19.72,18.23
2020-04-04,0.13,29.14,14.72,23.39
2020-04-05,0.0,30.37,17.19,22.84
2020-04-06,0.14,32.0,17.86,22.5
2020-04-07,0.87,29.03,20.8,11.7
2020-04-08,0.05,30.2,19.13,20.37
2020-04-09,0.0,28.92,15.74,22.35
2020-04-10,0.08,29.18,13.77,22.7
2020-04-11,0.15,30.4,14.89,21.46
2020-04-12,0.13,30.61,16.01,21.76
2020-04-13,3.17,30.73,16.59,20.71
2020-04-14,5.99,29.61,18.14,6.22
2020-04-15,5.22,26.85,19.07,15.63
2020-04-16,0.01,28.79,15.87,16.73
2020-04-17,0.01,30.09,15.87,19.36
2020-04-18,0.02,28.46,16.52,19.03
2020-04-19,0.0,29.21,18.7,14.79
2020-04-20,0.01,29.43,18.83,19.27
2020-04-21,0.75,29.97,17.38,20.44
2020-04-22,0.02,30.78,14.99,20.55
2020-04-23,0.03,31.34,14.27,21.09
2020-04-24,0.02,31.26,16.34,19.11
2020-04-25,0.0,31.79,18.16,20.47
2020-04-26,0.0,31.66,16.45,20.71
2020-04-27,0.0,31.01,16.37,20.15
2020-04-28,0.01,29.12,15.61,19.99
2020-04-29,0.0,30.09,14.4,20.68
2020-04-30,0.02,31.02,15.13,18.91
2020-05-01,0.0,32.04,15.96,19.4
2020-05-02,0.0,31.68,16.32,18.66
2020-05-03,0.0,30.43,16.55,18.98
2020-05-04,0.0,30.37,13.74,19.8
2020-05-05,0.0,30.77,14.2,16.19
2020-05-06,0.03,31.21,18.28,12.91
2020-05-07,0.02,26.55,15.96,13.07
2020-05-08,0.0,28.25,12.21,19.68
2020-05-09,0.01,28.96,13.03,19.74
2020-05-10,0.0,29.31,13.2,19.51
2020-05-11,0.02,29.74,13.09,18.69
2020-05-12,0.39,30.75,13.7,18.08
2020-05-13,0.03,28.69,15.41,11.45
2020-05-14,0.97,29.67,19.21,7.8
2020-05-15,0.15,28.58,17.28,11.94
2020-05-16,0.01,29.66,15.62,15.5
2020-05-17,0.0,30.58,13.51,18.7
2020-05-18,0.0,31.63,13.7,18.29
2020-05-19,0.0,30.96,15.19,17.57
2020-05-20,0.13,29.79,17.06,15.7
2020-05-21,0.03,31.17,16.18,16.48
2020-05-22,0.74,31.83,16.48,14.67
2020-05-23,13.41,24.5,15.33,4.58
2020-05-24,2.01,20.38,11.13,5.49
2020-05-25,0.18,23.48,8.91,16.85
2020-05-26,0.04,24.13,7.59,18.27
2020-05-27,0.12,25.54,8.33,17.36
2020-05-28,0.0,28.2,7.63,18.59
2020-05-29,0.0,28.92,9.75,18.2
2020-05-30,1.11,27.74,10.5,18.09
2020-05-31,0.0,27.42,10.53,17.78
2020-06-01,0.02,28.9,11.02,17.4
2020-06-02,0.0,29.62,12.95,15.37
2020-06-03,0.96,28.93,14.52,9.27
2020-06-04,0.04,31.96,16.54,13.85
2020-06-05,0.01,31.83,18.36,11.99
2020-06-06,0.61,31.76,17.76,12.75
2020-06-07,2.48,30.04,17.78,8.11
2020-06-08,0.12,31.87,17.58,14.08
2020-06-09,0.4,32.82,18.55,14.13
2020-06-10,0.15,33.08,19.67,13.46
2020-06-11,0.02,32.84,17.28,15.78
2020-06-12,0.0,33.21,17.43,15.82
2020-06-13,0.0,32.64,17.01,16.09
2020-06-14,0.01,32.3,19.01,15.48
2020-06-15,0.01,30.46,16.27,15.71
2020-06-16,0.0,30.22,16.14,15.16
2020-06-17,0.0,29.21,16.09,15.36
2020-06-18,0.0,29.39,14.51,15.87
2020-06-19,0.0,30.42,15.11,15.44
2020-06-20,0.0,31.78,15.43,16.11
2020-06-21,0.0,31.63,16.56,16.32
2020-06-22,0.0,30.94,15.38,16.67
2020-06-23,0.0,29.99,14.64,14.02
2020-06-24,0.0,31.03,14.67,14.55
2020-06-25,0.0,31.64,17.27,14.44
2020-06-26,1.37,30.73,19.39,11.74
2020-06-27,1.77,28.4,15.72,4.4
2020-06-28,0.01,27.7,13.53,15.88
2020-06-29,0.02,29.06,14.29,14.27
2020-06-30,0.0,29.07,16.55,14.24
2020-07-01,0.09,21.82,11.8,7.18
2020-07-02,0.0,25.87,8.28,16.96
2020-07-03,0.0,27.15,10.67,17.23
2020-07-04,0.0,30.48,11.73,17.27
2020-07-05,0.0,30.8,14.37,14.77
2020-07-06,0.0,33.01,16.56,16.05
2020-07-07,0.0,32.68,16.97,16.94
2020-07-08,0.0,31.33,16.75,15.47
2020-07-09,0.36,29.18,16.27,11.86
2020-07-10,0.0,31.37,13.86,15.65
2020-07-11,0.0,32.0,17.35,15.94
2020-07-12,0.0,32.18,16.87,16.12
2020-07-13,0.37,33.14,17.71,16.01
2020-07-14,1.52,32.39,20.69,13.76
2020-07-15,0.15,31.68,16.29,15.2
2020-07-16,0.01,28.7,18.87,16.09
2020-07-17,0.25,31.57,17.9,16.02
2020-07-18,0.19,31.34,16.53,15.16
2020-07-19,0.11,29.42,15.37,17.85
2020-07-20,0.0,30.63,14.33,18.06
2020-07-21,0.0,32.07,15.27,18.11
2020-07-22,0.17,32.45,15.4,18.06
2020-07-23,0.04,32.29,15.15,18.24
2020-07-24,0.0,31.09,14.67,18.43
2020-07-25,0.0,32.69,15.05,18.52
2020-07-26,0.0,32.28,14.87,17.98
2020-07-27,0.0,32.14,16.19,16.84
2020-07-28,0.0,32.9,17.83,17.53
2020-07-29,0.0,32.33,19.3,16.77
2020-07-30,0.02,31.29,14.84,17.38
2020-07-31,0.04,30.98,15.89,16.79
2020-08-01,0.0,30.63,17.15,16.64
2020-08-02,0.0,31.13,14.81,18.44
2020-08-03,0.0,30.82,14.1,19.53
2020-08-04,0.0,30.65,13.32,19.83
2020-08-05,0.0,30.85,13.46,19.61
2020-08-06,0.08,31.02,13.19,19.37
2020-08-07,0.0,30.5,13.36,20.29
2020-08-08,0.0,30.67,14.47,16.09
2020-08-09,0.0,30.24,16.38,17.21
2020-08-10,0.0,31.85,15.74,20.09
2020-08-11,0.0,32.91,16.63,18.3
2020-08-12,0.0,33.43,16.44,19.76
2020-08-13,0.0,34.91,18.54,16.91
2020-08-14,0.0,35.4,19.96,18.26
2020-08-15,0.0,34.95,20.04,18.13
2020-08-16,0.09,34.76,20.07,11.18
2020-08-17,0.5,35.04,21.02,9.26
2020-08-18,0.01,35.82,22.23,16.03
2020-08-19,0.0,36.72,21.79,19.15
2020-08-20,0.0,35.88,17.49,15.91
2020-08-21,1.93,23.68,12.23,2.99
2020-08-22,0.7,25.76,10.06,13.97
2020-08-23,0.0,28.77,11.22,21.32
2020-08-24,0.0,31.09,13.84,21.38
2020-08-25,0.0,30.61,12.06,23.01
2020-08-26,0.09,33.0,10.66,23.61
2020-08-27,0.39,34.06,12.34,22.78
2020-08-28,0.06,35.27,15.73,22.92
2020-08-29,0.0,35.14,17.82,22.79
2020-08-30,0.0,36.39,18.93,22.73
2020-08-31,0.0,37.11,18.84,22.44
2020-09-01,0.01,36.16,19.85,21.46
2020-09-02,0.0,34.63,19.8,21.08
2020-09-03,0.0,35.19,18.61,23.29
2020-09-04,0.0,37.26,19.41,23.59
2020-09-05,0.0,37.35,18.72,23.76
2020-09-06,0.0,36.4,17.86,23.41
2020-09-07,0.0,37.52,18.63,23.52
2020-09-08,0.0,38.35,19.29,22.98
2020-09-09,0.0,38.88,19.47,23.02
2020-09-10,0.0,38.26,20.65,21.55
2020-09-11,0.0,38.84,20.99,21.5
2020-09-12,0.0,38.98,22.25,21.5
2020-09-13,0.0,37.6,21.63,23.43
2020-09-14,0.0,36.42,19.56,23.27
2020-09-15,0.0,36.72,19.55,19.38
2020-09-16,0.0,36.83,21.08,23.23
2020-09-17,0.0,38.3,21.05,22.28
2020-09-18,0.0,38.74,23.37,19.23
2020-09-19,0.67,35.42,22.12,6.11
2020-09-20,0.37,33.61,22.48,2.83
2020-09-21,1.41,33.12,19.44,11.34
2020-09-22,7.83,27.02,16.76,11.75
2020-09-23,0.0,25.64,16.99,16.62
2020-09-24,0.0,34.6,16.48,25.63
2020-09-25,0.0,37.0,18.28,25.52
2020-09-26,0.0,38.63,20.53,25.82
2020-09-27,0.0,40.19,20.71,25.16
2020-09-28,0.03,40.67,21.82,23.9
2020-09-29,1.88,40.84,24.31,24.1
2020-09-30,0.06,41.38,25.06,23.55
2020-10-01,0.01,41.59,24.27,23.02
2020-10-02,0.0,40.06,26.96,24.82
2020-10-03,0.0,42.74,27.05,21.72
2020-10-04,0.08,41.92,25.75,22.37
2020-10-05,0.16,42.7,24.81,23.5
2020-10-06,0.08,42.69,26.9,20.75
2020-10-07,0.51,42.45,27.64,21.56
2020-10-08,0.08,42.25,25.28,11.78
2020-10-09,0.26,38.98,26.4,11.79
2020-10-10,2.84,36.62,21.06,16.83
2020-10-11,0.0,37.55,19.34,21.76
2020-10-12,0.0,38.33,19.89,24.72
2020-10-13,0.06,39.86,20.99,24.79
2020-10-14,0.05,39.3,24.1,18.73
2020-10-15,4.12,35.57,24.93,9.13
2020-10-16,0.18,32.01,20.45,11.3
2020-10-17,0.48,35.09,19.97,23.15
2020-10-18,1.18,36.15,22.19,20.84
2020-10-19,8.58,30.7,20.83,13.94
2020-10-20,6.0,31.23,20.32,11.3
2020-10-21,11.1,31.26,20.36,21.0
2020-10-22,2.29,33.32,20.69,24.85
2020-10-23,1.86,31.2,20.85,24.53
2020-10-24,7.93,27.26,20.57,10.85
2020-10-25,2.76,33.95,18.97,20.55
2020-10-26,0.12,35.05,18.92,26.63
2020-10-27,0.0,34.49,21.04,22.14
2020-10-28,0.0,35.91,19.19,30.47
2020-10-29,2.41,28.56,22.73,19.81
2020-10-30,3.73,31.54,19.58,12.37
2020-10-31,0.02,32.25,17.6,19.31
2020-11-01,0.0,31.53,15.96,24.85
2020-11-02,0.0,31.35,13.52,30.23
2020-11-03,0.36,31.98,13.37,20.04
2020-11-04,0.11,33.34,14.52,28.09
2020-11-05,0.0,34.65,15.27,27.72
2020-11-06,0.0,36.03,16.45,30.92
2020-11-07,0.0,38.5,16.34,30.36
2020-11-08,0.0,39.97,18.72,29.36
2020-11-09,3.63,39.01,21.82,25.36
2020-11-10,4.61,30.69,22.14,17.01
2020-11-11,5.06,29.62,21.55,19.84
2020-11-12,3.66,34.07,20.64,22.08
2020-11-13,7.92,31.48,21.76,22.0
2020-11-14,1.09,31.74,21.32,20.84
2020-11-15,0.11,36.32,19.69,25.82
2020-11-16,4.54,34.41,21.59,19.96
2020-11-17,1.34,35.7,22.2,19.44
2020-11-18,7.53,31.29,22.87,15.89
2020-11-19,4.18,31.38,19.71,15.28
2020-11-20,0.02,33.02,15.81,27.7
2020-11-21,0.02,34.04,15.71,30.94
2020-11-22,0.31,35.5,16.9,26.84
2020-11-23,0.84,35.51,18.58,28.79
2020-11-24,0.8,35.25,21.23,28.25
2020-11-25,1.29,35.17,19.69,28.62
2020-11-26,3.22,34.71,20.0,25.24
2020-11-27,0.5,36.3,20.59,27.91
2020-11-28,0.02,37.03,21.62,28.36
2020-11-29,0.0,36.51,21.62,25.82
2020-11-30,1.05,32.5,21.98,24.04
2020-12-01,2.47,38.26,21.82,24.59
2020-12-02,11.0,28.61,22.57,15.09
2020-12-03,1.69,34.12,20.88,18.83
2020-12-04,8.57,36.47,21.13,25.45
2020-12-05,7.06,36.48,21.75,20.98
2020-12-06,6.98,30.85,21.87,17.33
2020-12-07,6.27,31.62,21.93,12.48
2020-12-08,3.43,30.29,21.72,17.62
2020-12-09,3.8,33.05,21.67,21.9
2020-12-10,2.39,32.88,20.09,24.76
2020-12-11,2.64,25.45,19.91,13.16
2020-12-12,15.36,31.37,19.03,17.79
2020-12-13,3.87,28.08,20.85,20.47
2020-12-14,1.72,32.89,20.74,22.46
2020-12-15,4.03,31.33,21.38,20.33
2020-12-16,1.73,30.7,21.58,21.84
2020-12-17,4.6,30.58,21.64,19.42
2020-12-18,4.1,33.9,20.74,26.77
2020-12-19,2.21,32.04,21.33,28.47
2020-12-20,1.61,32.3,22.27,18.82
2020-12-21,1.58,34.06,21.49,25.24
2020-12-22,4.4,29.63,23.46,19.11
2020-12-23,10.5,32.11,21.42,21.96
2020-12-24,1.19,33.02,20.61,24.59
2020-12-25,5.73,32.36,19.15,19.68
2020-12-26,10.06,30.26,20.05,20.74
2020-12-27,7.27,29.48,21.53,17.46
2020-12-28,7.4,30.85,20.45,17.89
2020-12-29,18.96,28.87,20.19,16.9
2020-12-30,0.75,30.69,20.21,16.55
2020-12-31,1.28,30.89,20.59,11.32
2021-01-01,3.66,30.17,20.71,18.97
2021-01-02,2.36,31.67,19.99,18.59
2021-01-03,2.98,31.27,20.26,25.09
2021-01-04,0.4,32.66,19.93,28.05
2021-01-05,0.1,32.43,20.29,24.48
2021-01-06,2.35,32.07,21.24,19.4
2021-01-07,11.82,31.85,21.48,19.57
2021-01-08,2.07,31.15,20.78,22.75
2021-01-09,0.34,34.16,21.04,21.94
2021-01-10,4.09,31.07,23.28,13.32
2021-01-11,4.65,28.95,22.33,21.05
2021-01-12,6.9,29.25,21.85,16.63
2021-01-13,2.72,29.15,22.58,19.08
2021-01-14,15.04,28.96,21.33,19.6
2021-01-15,5.31,28.86,20.14,12.22
2021-01-16,0.84,29.23,20.78,20.84
2021-01-17,2.9,27.81,20.58,18.11
2021-01-18,3.67,30.4,20.55,22.63
2021-01-19,6.71,31.41,21.38,24.17
2021-01-20,0.03,33.07,20.09,27.02
2021-01-21,0.0,33.59,19.92,28.46
2021-01-22,0.0,33.94,20.09,28.65
2021-01-23,0.0,32.69,19.49,27.21
2021-01-24,0.04,32.56,20.42,23.48
2021-01-25,2.22,32.16,20.63,24.77
2021-01-26,2.61,31.94,20.43,22.81
2021-01-27,6.59,30.51,21.19,25.79
2021-01-28,0.92,32.59,20.75,23.2
2021-01-29,0.02,34.45,20.57,24.5
2021-01-30,0.0,36.14,19.85,28.35
2021-01-31,0.52,36.46,21.15,24.91
2021-02-01,1.9,34.44,21.58,16.9
2021-02-02,4.98,34.82,21.02,24.63
2021-02-03,6.37,34.64,21.48,27.03
2021-02-04,0.96,32.87,21.9,24.17
2021-02-05,20.5,33.0,22.3,18.87
2021-02-06,0.35,31.98,20.14,22.69
2021-02-07,0.02,32.58,17.95,26.31
2021-02-08,0.3,31.97,18.83,25.96
2021-02-09,0.63,32.41,18.35,26.04
2021-02-10,0.5,33.92,18.98,26.8
2021-02-11,6.15,29.94,21.02,9.9
2021-02-12,8.97,25.65,20.53,12.1
2021-02-13,5.78,28.95,19.76,15.0
2021-02-14,1.8,30.51,19.12,19.69
2021-02-15,2.75,28.37,20.6,21.44
2021-02-16,0.35,33.65,19.24,23.18
2021-02-17,2.55,33.4,20.61,14.9
2021-02-18,0.33,33.8,20.04,25.4
2021-02-19,0.02,35.35,18.78,28.19
2021-02-20,0.0,35.74,17.53,26.57
2021-02-21,0.39,36.25,19.76,23.82
2021-02-22,1.88,34.94,20.92,26.17
2021-02-23,0.45,35.72,21.08,26.95
2021-02-24,5.29,36.14,20.89,25.97
2021-02-25,5.56,33.86,21.21,15.17
2021-02-26,12.06,28.4,21.3,15.77
2021-02-27,4.15,31.73,19.71,16.31
2021-02-28,8.56,30.07,20.23,18.11
2021-03-01,0.28,29.0,19.43,20.56
2021-03-02,1.84,31.42,21.48,22.93
2021-03-03,0.07,30.15,20.74,20.18
2021-03-04,2.23,31.14,20.68,20.51
2021-03-05,3.62,29.13,20.99,14.69
2021-03-06,16.31,25.81,20.46,14.21
2021-03-07,14.85,28.77,19.89,11.79
2021-03-08,0.92,26.35,19.22,17.98
2021-03-09,2.57,29.31,19.23,22.98
2021-03-10,0.19,31.22,18.67,24.11
2021-03-11,0.1,31.63,19.15,24.06
2021-03-12,0.0,33.93,19.97,23.57
2021-03-13,0.19,34.34,20.12,24.5
2021-03-14,4.23,31.58,20.9,21.11
2021-03-15,5.64,31.75,20.02,21.81
2021-03-16,0.52,33.32,19.85,23.69
2021-03-17,1.43,32.27,20.35,21.53
2021-03-18,0.42,32.79,19.84,9.17
2021-03-19,1.5,33.47,20.26,18.34
2021-03-20,1.88,34.13,19.99,22.7
2021-03-21,0.01,33.82,20.04,24.63
2021-03-22,0.0,34.8,18.75,23.82
2021-03-23,0.0,35.44,20.17,21.46
2021-03-24,0.08,36.0,22.11,20.98
2021-03-25,0.39,35.94,21.67,23.14
2021-03-26,0.97,35.32,22.97,22.63
2021-03-27,2.27,34.58,22.29,23.45
2021-03-28,0.48,35.17,21.22,21.72
2021-03-29,0.62,36.0,20.97,21.67
2021-03-30,0.09,35.37,20.26,22.93
2021-03-31,0.05,33.91,19.63,20.84
2021-04-01,0.0,33.05,17.29,21.3
2021-04-02,0.0,33.57,16.18,24.56
2021-04-03,0.0,34.68,16.42,22.64
2021-04-04,0.02,34.31,18.15,21.47
2021-04-05,0.36,33.7,19.86,20.4
2021-04-06,5.55,27.22,20.82,9.92
2021-04-07,0.61,32.19,18.4,19.95
2021-04-08,0.12,33.32,19.48,22.92
2021-04-09,0.07,32.53,17.58,22.27
2021-04-10,0.01,33.34,16.29,23.6
2021-04-11,0.07,33.93,16.27,23.81
2021-04-12,0.0,34.57,16.78,23.58
2021-04-13,0.0,34.62,18.33,11.6
2021-04-14,0.03,33.23,19.19,19.43
2021-04-15,1.97,32.77,19.29,20.38
2021-04-16,1.83,33.17,18.57,18.33
2021-04-17,9.44,31.36,18.97,14.15
2021-04-18,4.56,29.07,19.31,12.14
2021-04-19,0.16,30.2,17.31,17.65
2021-04-20,0.01,30.39,15.77,20.75
2021-04-21,0.02,30.01,14.79,21.85
2021-04-22,0.01,30.14,15.34,20.85
2021-04-23,0.0,30.71,14.49,21.75
2021-04-24,0.0,32.31,13.95,20.84
2021-04-25,0.0,32.82,17.3,19.61
2021-04-26,0.06,33.15,18.33,17.78
2021-04-27,0.04,32.19,17.67,17.11
2021-04-28,0.0,32.39,14.99,20.71
2021-04-29,0.0,30.89,14.74,19.38
2021-04-30,0.0,30.75,16.31,18.55
2021-05-01,0.0,29.62,20.04,14.25
2021-05-02,0.0,32.21,16.71,19.17
2021-05-03,0.0,32.4,15.25,20.17
2021-05-04,0.0,32.7,15.27,18.91
2021-05-05,0.0,32.98,16.01,19.89
2021-05-06,0.0,32.45,16.03,18.63
2021-05-07,0.0,31.76,16.53,16.93
2021-05-08,0.0,31.73,15.76,18.16
2021-05-09,0.0,32.01,16.39,17.61
2021-05-10,0.06,31.62,16.54,15.5
2021-05-11,0.03,31.83,16.27,15.44
2021-05-12,0.0,31.54,17.22,13.53
2021-05-13,0.04,28.45,17.86,15.03
2021-05-14,0.22,30.27,15.85,15.56
2021-05-15,0.6,30.7,16.55,11.05
2021-05-16,0.01,31.1,15.23,16.11
2021-05-17,0.0,30.63,14.8,17.46
2021-05-18,0.0,30.38,14.94,16.74
2021-05-19,0.0,31.13,13.86,18.58
2021-05-20,0.0,31.45,16.01,18.41
2021-05-21,0.09,31.89,16.08,13.5
2021-05-22,2.52,27.3,18.96,6.21
2021-05-23,3.79,27.2,17.52,6.72
2021-05-24,0.01,26.58,13.8,13.13
2021-05-25,0.01,29.83,10.1,16.6
2021-05-26,0.0,32.6,14.9,15.35
2021-05-27,0.0,32.54,16.86,15.81
2021-05-28,0.02,33.35,19.15,13.06
2021-05-29,1.05,32.74,19.16,12.98
2021-05-30,0.06,32.38,19.47,13.02
2021-05-31,0.09,30.19,18.93,11.95
2021-06-01,0.0,31.05,16.21,15.84
2021-06-02,0.55,32.29,16.16,16.27
2021-06-03,0.0,32.69,16.37,16.65
2021-06-04,0.0,32.74,16.42,16.97
2021-06-05,0.0,31.51,16.27,16.29
2021-06-06,0.0,29.47,17.16,13.27
2021-06-07,0.01,31.37,17.52,13.38
2021-06-08,0.02,31.19,16.22,13.39
2021-06-09,1.19,32.16,16.06,13.84
2021-06-10,10.09,30.57,17.6,5.98
2021-06-11,1.53,25.66,17.78,8.81
2021-06-12,0.01,26.67,14.77,15.42
2021-06-13,0.02,27.28,10.75,17.14
2021-06-14,0.02,28.95,11.26,16.97
2021-06-15,0.0,28.95,13.15,15.8
2021-06-16,0.05,27.6,11.71,16.93
2021-06-17,0.0,26.92,11.43,16.4
2021-06-18,0.04,29.76,12.07,15.73
2021-06-19,0.0,30.72,13.66,13.53
2021-06-20,0.03,28.05,15.61,13.4
2021-06-21,0.0,29.0,13.23,14.68
2021-06-22,0.07,30.78,17.24,10.82
2021-06-23,0.01,28.62,14.92,15.21
2021-06-24,0.0,31.13,14.18,16.08
2021-06-25,0.0,32.86,16.79,15.14
2021-06-26,0.0,32.19,16.5,15.82
2021-06-27,0.0,30.24,15.62,16.59
2021-06-28,0.0,29.63,13.41,17.02
2021-06-29,0.0,22.15,9.28,6.64
2021-06-30,0.0,19.39,6.25,14.48
2021-07-01,0.0,26.92,3.65,17.51
2021-07-02,0.0,29.35,10.48,16.47
2021-07-03,0.0,29.07,11.97,17.05
2021-07-04,0.0,28.88,11.68,16.7
2021-07-05,0.0,28.05,11.49,16.4
2021-07-06,0.0,27.76,11.87,16.79
2021-07-07,0.0,28.04,10.54,16.88
2021-07-08,0.0,28.04,10.57,17.38
2021-07-09,0.0,29.02,10.57,17.35
2021-07-10,0.07,29.63,11.49,17.27
2021-07-11,0.0,29.58,12.51,17.47
2021-07-12,0.01,30.25,12.63,17.69
2021-07-13,0.0,30.1,13.4,17.62
2021-07-14,0.07,30.26,13.29,17.34
2021-07-15,0.0,31.47,14.53,17.56
2021-07-16,0.07,32.66,15.35,15.96
2021-07-17,0.02,32.18,14.62,14.64
2021-07-18,0.02,28.58,13.47,13.07
2021-07-19,0.0,23.89,6.52,19.11
2021-07-20,0.0,26.38,6.18,16.68
2021-07-21,0.11,28.91,8.95,15.51
2021-07-22,0.0,32.3,11.33,18.52
2021-07-23,0.0,30.58,13.12,18.46
2021-07-24,0.0,30.44,12.93,18.79
2021-07-25,0.0,30.42,13.38,18.85
2021-07-26,0.0,31.62,13.14,18.78
2021-07-27,0.01,32.41,14.67,18.36
2021-07-28,3.84,23.61,12.34,3.43
2021-07-29,0.0,19.92,5.22,19.55
2021-07-30,0.07,22.83,3.88,18.01
2021-07-31,0.02,29.14,6.98,18.63
2021-08-01,0.0,29.24,11.69,17.92
2021-08-02,0.0,29.98,12.52,18.54
2021-08-03,0.0,27.58,11.56,18.72
2021-08-04,0.0,29.23,10.87,18.05
2021-08-05,0.0,27.94,15.55,15.84
2021-08-06,0.0,27.71,15.6,15.37
2021-08-07,0.0,29.39,17.72,14.53
2021-08-08,0.0,30.21,16.55,17.48
2021-08-09,0.0,31.12,14.51,16.64
2021-08-10,0.0,32.05,14.23,20.2
2021-08-11,0.0,33.69,17.58,19.95
2021-08-12,0.16,32.65,14.31,18.44
2021-08-13,0.09,33.37,15.42,17.46
2021-08-14,0.03,33.57,16.86,17.57
2021-08-15,0.0,34.09,16.24,18.48
2021-08-16,0.14,34.7,19.47,16.42
2021-08-17,0.01,35.19,20.43,18.88
2021-08-18,0.01,35.93,18.63,20.44
2021-08-19,0.04,34.89,18.76,21.34
2021-08-20,0.0,33.27,17.79,21.54
2021-08-21,0.0,33.75,16.51,21.51
2021-08-22,0.0,33.58,17.47,21.69
2021-08-23,0.0,34.91,18.0,21.29
2021-08-24,0.0,36.04,19.39,19.64
2021-08-25,0.0,36.21,19.16,20.34
2021-08-26,0.0,36.55,19.33,19.66
2021-08-27,0.21,34.6,18.93,14.18
2021-08-28,0.02,31.96,20.04,7.69
2021-08-29,0.13,32.05,17.92,12.45
2021-08-30,0.16,31.23,17.85,19.74
2021-08-31,0.06,31.84,16.85,21.77
2021-09-01,0.09,31.71,16.72,22.45
2021-09-02,0.0,33.17,17.23,20.93
2021-09-03,0.0,34.89,18.93,21.46
2021-09-04,0.0,36.34,18.45,22.48
2021-09-05,0.0,37.58,19.39,21.05
2021-09-06,0.0,38.32,19.4,23.26
2021-09-07,0.0,38.42,20.0,21.12
2021-09-08,0.0,39.7,22.2,18.64
2021-09-09,0.56,37.71,21.58,15.4
2021-09-10,0.0,33.33,20.24,12.51
2021-09-11,2.8,30.88,20.73,16.55
2021-09-12,0.1,38.51,20.14,21.49
2021-09-13,0.12,39.6,22.68,17.13
2021-09-14,0.01,39.11,21.58,17.19
2021-09-15,0.0,38.4,23.13,8.08
2021-09-16,0.1,38.79,23.26,16.51
2021-09-17,0.2,36.82,22.56,19.76
2021-09-18,0.03,38.44,23.49,21.68
2021-09-19,0.0,38.93,22.88,21.53
2021-09-20,0.0,40.04,26.05,20.68
2021-09-21,0.0,41.77,23.98,18.87
2021-09-22,0.0,32.23,17.55,20.97
2021-09-23,0.0,34.36,17.29,24.02
2021-09-24,0.0,37.62,18.82,24.7
2021-09-25,0.52,36.81,20.44,15.98
2021-09-26,23.35,37.1,20.94,17.06
2021-09-27,0.27,35.05,21.19,20.82
2021-09-28,0.0,35.86,20.07,23.47
2021-09-29,0.01,36.06,22.86,19.85
2021-09-30,0.12,36.34,20.55,24.96
2021-10-01,13.76,37.22,20.93,16.61
2021-10-02,0.54,32.6,22.27,12.57
2021-10-03,2.43,35.95,20.79,19.34
2021-10-04,7.45,34.57,22.19,17.34
2021-10-05,0.18,33.51,21.28,19.95
2021-10-06,5.02,34.69,19.77,21.55
2021-10-07,13.96,33.13,22.94,6.61
2021-10-08,1.08,33.91,18.34,22.19
2021-10-09,10.18,34.78,19.73,19.69
2021-10-10,18.82,28.88,19.76,8.42
2021-10-11,9.58,28.13,18.57,14.09
2021-10-12,0.09,31.77,16.86,24.72
2021-10-13,0.27,32.87,17.45,24.75
2021-10-14,4.27,33.73,20.19,12.87
2021-10-15,11.96,29.93,22.3,19.91
2021-10-16,12.57,30.26,21.69,15.96
2021-10-17,2.42,31.32,19.92,22.03
2021-10-18,8.95,30.56,19.1,12.89
2021-10-19,6.57,29.51,17.82,15.29
2021-10-20,2.93,27.93,16.26,18.73
2021-10-21,0.03,29.22,14.03,24.98
2021-10-22,0.02,30.82,13.93,28.92
2021-10-23,1.68,33.66,15.71,29.48
2021-10-24,4.83,28.67,18.02,11.54
2021-10-25,0.47,29.08,16.64,20.03
2021-10-26,5.83,30.81,19.77,18.86
2021-10-27,5.02,26.91,21.12,13.49
2021-10-28,6.37,27.42,20.5,12.07
2021-10-29,3.06,31.12,19.03,24.56
2021-10-30,17.99,30.67,18.98,24.69
2021-10-31,21.11,26.59,19.55,6.42
2021-11-01,1.05,29.06,17.33,17.75
2021-11-02,0.23,30.05,17.53,25.22
2021-11-03,0.03,30.74,17.57,25.94
2021-11-04,0.0,32.94,20.0,29.29
2021-11-05,0.02,32.94,19.03,26.29
2021-11-06,0.01,33.96,19.97,25.95
2021-11-07,0.0,34.69,20.1,27.77
2021-11-08,1.55,35.1,18.77,25.61
2021-11-09,1.16,33.88,20.19,24.87
2021-11-10,7.97,32.86,19.57,18.77
2021-11-11,25.15,26.87,20.31,13.31
2021-11-12,6.15,28.99,17.49,16.51
2021-11-13,0.02,28.65,16.42,29.1
2021-11-14,0.05,30.19,17.29,28.29
2021-11-15,0.04,31.02,16.99,25.49
2021-11-16,0.02,31.35,19.7,25.42
2021-11-17,0.26,32.63,20.54,25.85
2021-11-18,16.68,26.14,21.24,11.68
2021-11-19,19.34,26.32,21.13,13.12
2021-11-20,5.86,30.6,17.85,22.96
2021-11-21,0.15,30.76,17.27,28.54
2021-11-22,0.01,32.52,16.25,31.05
2021-11-23,0.04,34.56,18.08,31.38
2021-11-24,0.06,34.65,18.58,25.72
2021-11-25,7.47,34.11,19.41,26.91
2021-11-26,27.57,27.29,21.33,8.05
2021-11-27,5.62,30.59,21.07,29.29
2021-11-28,0.52,31.83,19.06,31.48
2021-11-29,1.52,30.33,20.9,22.5
2021-11-30,10.19,26.19,20.71,9.91
2021-12-01,0.76,31.46,19.68,26.43
2021-12-02,0.03,32.91,19.18,26.75
2021-12-03,0.38,32.87,18.81,27.46
2021-12-04,3.7,31.77,19.24,25.93
2021-12-05,7.91,31.2,20.53,18.04
2021-12-06,6.36,31.42,21.25,21.46
2021-12-07,3.43,29.06,17.92,23.92
2021-12-08,2.0,27.37,16.78,26.53
2021-12-09,0.02,30.8,15.17,30.22
2021-12-10,0.0,32.35,14.58,31.29
2021-12-11,0.06,33.1,15.92,28.63
2021-12-12,5.28,33.22,21.43,18.92
2021-12-13,4.19,27.96,22.19,15.6
2021-12-14,16.55,28.98,21.4,15.61
2021-12-15,25.59,27.92,21.27,9.71
2021-12-16,9.33,28.73,21.14,18.5
2021-12-17,4.11,28.08,20.98,12.08
2021-12-18,7.09,29.89,20.76,19.43
2021-12-19,0.12,29.5,18.12,27.33
2021-12-20,0.06,30.45,18.28,29.54
2021-12-21,0.01,30.58,19.17,27.84
2021-12-22,0.41,31.07,20.36,24.28
2021-12-23,2.39,29.12,21.28,19.22
2021-12-24,0.0,30.2,15.04,31.7
2021-12-25,0.2,31.01,15.78,29.44
2021-12-26,1.69,31.83,19.88,27.97
2021-12-27,0.53,33.3,20.23,27.22
2021-12-28,5.87,33.93,20.19,18.32
2021-12-29,7.67,28.35,20.44,21.28
2021-12-30,23.38,26.54,19.8,8.25
2021-12-31,9.76,28.83,19.06,13.97
2022-01-01,12.88,26.62,20.77,16.23
2022-01-02,4.61,28.66,20.26,17.84
2022-01-03,8.17,27.03,20.18,18.72
2022-01-04,17.77,28.98,21.33,14.89
2022-01-05,9.84,27.98,20.54,16.14
2022-01-06,16.96,26.74,20.72,14.9
2022-01-07,13.0,26.97,19.28,12.6
2022-01-08,3.05,28.38,18.48,19.16
2022-01-09,1.44,28.5,17.9,11.2
2022-01-10,2.4,28.07,16.93,11.58
2022-01-11,3.79,25.46,19.74,16.42
2022-01-12,4.0,25.61,19.08,17.91
2022-01-13,0.69,27.32,19.52,25.7
2022-01-14,2.86,28.5,19.7,21.84
2022-01-15,3.78,29.78,20.45,22.51
2022-01-16,4.66,26.05,18.88,11.28
2022-01-17,4.67,29.54,17.8,26.49
2022-01-18,6.25,28.55,19.77,23.04
2022-01-19,6.96,29.19,19.53,26.75
2022-01-20,1.23,29.77,20.01,26.73
2022-01-21,0.36,30.92,20.87,28.05
2022-01-22,0.5,31.93,20.85,27.37
2022-01-23,5.47,30.88,21.97,25.07
2022-01-24,8.7,29.8,21.82,26.46
2022-01-25,11.53,28.79,22.13,26.47
2022-01-26,3.21,28.5,20.84,24.15
2022-01-27,2.22,29.36,20.42,25.07
2022-01-28,7.65,28.76,20.57,20.15
2022-01-29,24.79,25.87,21.09,8.82
2022-01-30,51.27,25.91,19.85,9.26
2022-01-31,30.0,25.33,20.45,10.45
2022-02-01,14.78,26.28,20.21,13.3
2022-02-02,15.25,27.37,19.78,13.48
2022-02-03,14.87,25.81,20.34,17.28
2022-02-04,0.3,28.95,19.53,22.81
2022-02-05,10.02,28.96,20.65,17.91
2022-02-06,24.69,27.35,20.62,16.81
2022-02-07,31.35,26.72,21.31,10.91
2022-02-08,1.6,28.4,18.47,20.25
2022-02-09,1.04,28.33,17.86,22.8
2022-02-10,4.4,28.72,17.39,22.71
2022-02-11,4.19,27.54,20.28,20.0
2022-02-12,1.33,28.84,19.06,24.41
2022-02-13,0.91,29.12,19.98,25.48
2022-02-14,0.59,30.54,20.21,25.34
2022-02-15,2.34,30.26,20.35,23.11
2022-02-16,2.17,29.68,20.57,26.42
2022-02-17,2.81,28.27,19.25,18.32
2022-02-18,1.18,26.29,19.67,13.6
2022-02-19,1.18,28.25,18.55,20.82
2022-02-20,0.27,27.88,18.84,23.17
2022-02-21,1.06,28.57,19.08,24.22
2022-02-22,1.12,30.56,20.32,25.17
2022-02-23,3.46,29.67,20.84,25.02
2022-02-24,1.18,30.44,20.16,24.07
2022-02-25,2.98,30.87,21.57,24.72
2022-02-26,7.66,30.1,20.97,23.88
2022-02-27,0.08,30.28,20.89,25.28
2022-02-28,0.03,30.89,20.42,24.89
2022-03-01,0.36,30.7,20.15,21.42
2022-03-02,0.15,30.72,20.51,25.45
2022-03-03,0.39,30.13,19.55,23.45
2022-03-04,0.79,29.67,20.06,24.78
2022-03-05,2.47,29.95,19.95,23.14
2022-03-06,1.27,30.24,20.34,24.15
2022-03-07,0.03,31.4,18.87,25.18
2022-03-08,1.63,31.19,20.63,22.79
2022-03-09,0.73,29.91,21.54,16.71
2022-03-10,0.94,32.27,19.23,23.81
2022-03-11,5.4,29.38,20.9,20.18
2022-03-12,1.24,30.83,20.84,17.35
2022-03-13,10.18,26.35,21.5,16.39
2022-03-14,3.07,28.62,20.08,17.1
2022-03-15,6.81,29.29,20.95,17.28
2022-03-16,7.86,29.81,21.07,19.0
2022-03-17,5.57,30.34,20.28,22.01
2022-03-18,1.09,31.84,20.51,23.31
2022-03-19,1.9,30.86,22.33,18.35
2022-03-20,1.43,29.8,20.55,19.59
2022-03-21,0.09,29.6,19.32,18.46
2022-03-22,0.04,30.46,17.59,24.76
2022-03-23,0.0,31.36,18.54,23.74
2022-03-24,0.01,32.58,19.27,23.89
2022-03-25,2.46,32.88,21.02,21.8
2022-03-26,12.45,29.39,21.76,17.68
2022-03-27,2.27,29.28,20.94,15.47
2022-03-28,9.64,28.86,20.43,18.26
2022-03-29,1.57,30.82,20.35,23.61
2022-03-30,1.34,31.45,20.04,20.17
2022-03-31,7.99,31.26,19.75,18.49
2022-04-01,7.0,25.01,18.0,10.89
2022-04-02,1.27,30.51,17.27,20.02
2022-04-03,0.1,30.65,18.49,21.55
2022-04-04,1.01,31.63,20.22,21.12
2022-04-05,1.85,31.94,20.39,17.24
2022-04-06,0.49,31.98,20.44,21.49
2022-04-07,0.16,33.58,19.38,21.15
2022-04-08,1.94,33.78,19.97,17.63
2022-04-09,0.92,27.22,21.89,17.01
2022-04-10,0.06,31.27,20.08,20.22
2022-04-11,2.84,32.98,18.96,20.77
2022-04-12,9.56,29.78,20.39,11.88
2022-04-13,1.15,31.58,20.4,15.22
2022-04-14,1.04,30.52,20.22,14.62
2022-04-15,0.01,28.26,15.62,21.98
2022-04-16,0.0,28.14,11.17,23.0
2022-04-17,0.0,29.42,12.13,22.17
2022-04-18,0.07,31.02,14.05,19.27
2022-04-19,0.01,31.54,16.43,19.41
2022-04-20,0.01,31.67,16.89,19.24
2022-04-21,0.0,31.56,16.57,20.55
2022-04-22,0.01,32.44,16.76,18.9
2022-04-23,0.0,32.1,17.98,17.48
2022-04-24,0.0,33.31,18.45,20.45
2022-04-25,0.06,33.36,18.25,19.36
2022-04-26,0.28,32.9,18.96,17.39
2022-04-27,0.44,32.81,18.45,18.66
2022-04-28,0.0,32.93,17.61,19.78
2022-04-29,0.12,33.5,17.11,18.73
2022-04-30,1.51,31.88,17.48,15.69
2022-05-01,0.04,31.82,17.81,16.04
2022-05-02,0.09,32.65,17.91,15.52
2022-05-03,0.02,33.08,17.92,18.33
2022-05-04,6.78,21.5,13.3,5.72
2022-05-05,0.0,26.31,10.18,19.52
2022-05-06,0.01,29.24,10.51,19.87
2022-05-07,0.0,30.92,12.06,18.6
2022-05-08,0.02,31.68,14.34,16.84
2022-05-09,0.51,30.65,16.93,14.43
2022-05-10,1.51,30.61,15.43,17.54
2022-05-11,0.73,29.17,15.99,8.3
2022-05-12,0.03,29.5,17.51,14.56
2022-05-13,0.0,31.08,14.42,18.68
2022-05-14,0.04,32.47,14.22,17.99
2022-05-15,20.55,27.89,18.15,8.99
2022-05-16,1.36,26.59,14.63,11.35
2022-05-17,0.0,21.34,8.45,17.85
2022-05-18,0.0,17.78,4.67,18.23
2022-05-19,0.0,20.5,5.77,12.8
2022-05-20,0.0,22.51,5.79,18.78
2022-05-21,0.0,25.27,6.54,16.7
2022-05-22,0.0,27.11,8.88,18.13
2022-05-23,0.01,28.1,11.17,17.11
2022-05-24,0.0,29.11,12.45,17.1
2022-05-25,0.0,27.87,12.63,17.49
2022-05-26,0.0,28.49,12.5,16.06
2022-05-27,0.0,27.2,13.43,15.69
2022-05-28,0.0,27.36,15.76,14.41
2022-05-29,0.0,30.51,13.52,16.93
2022-05-30,0.18,31.73,15.79,15.38
2022-05-31,1.88,28.13,17.2,12.7
2022-06-01,0.0,32.35,18.21,13.0
2022-06-02,0.0,31.03,17.34,14.54
2022-06-03,0.0,29.89,17.11,12.65
2022-06-04,0.0,30.4,15.03,16.57
2022-06-05,0.0,31.14,14.11,15.74
2022-06-06,0.0,30.5,14.62,15.4
2022-06-07,0.07,31.44,14.86,15.03
2022-06-08,3.48,28.84,17.93,10.49
2022-06-09,1.19,29.04,17.28,6.3
2022-06-10,1.45,26.62,17.63,9.14
2022-06-11,0.12,26.04,16.2,9.97
2022-06-12,0.0,25.78,11.34,11.13
2022-06-13,0.01,22.71,8.23,16.39
2022-06-14,0.0,29.49,9.27,14.06
2022-06-15,0.09,30.25,13.42,14.71
2022-06-16,0.0,31.45,14.2,16.55
2022-06-17,0.04,31.81,13.43,16.78
2022-06-18,3.46,26.42,15.61,8.06
2022-06-19,0.02,29.21,13.18,13.19
2022-06-20,0.12,30.3,14.99,12.23
2022-06-21,0.01,31.94,15.6,15.88
2022-06-22,0.0,31.55,15.79,16.13
2022-06-23,0.0,31.3,14.05,16.57
2022-06-24,0.07,31.38,13.03,16.04
2022-06-25,0.0,30.79,14.28,16.21
2022-06-26,0.0,28.87,14.44,15.37
2022-06-27,0.0,29.88,13.31,15.16
2022-06-28,0.0,29.97,13.96,16.01
2022-06-29,0.0,29.79,14.28,15.62
2022-06-30,0.0,29.69,12.85,16.59
2022-07-01,0.0,31.1,12.54,16.44
2022-07-02,0.0,32.42,14.85,16.49
2022-07-03,0.0,32.48,15.93,16.71
2022-07-04,0.0,32.0,14.06,17.0
2022-07-05,0.0,30.8,13.12,16.93
2022-07-06,0.0,30.61,13.4,16.87
2022-07-07,0.0,31.0,14.76,16.58
2022-07-08,0.0,31.16,14.44,15.88
2022-07-09,0.0,30.58,14.28,16.65
2022-07-10,0.0,30.03,15.07,15.85
2022-07-11,0.0,29.86,14.78,16.98
2022-07-12,0.0,30.85,14.7,13.67
2022-07-13,0.0,32.38,14.89,11.38
2022-07-14,0.0,31.05,16.16,16.04
2022-07-15,0.0,32.1,16.77,14.61
2022-07-16,0.0,32.29,16.76,13.9
2022-07-17,0.0,33.9,17.79,15.95
2022-07-18,0.0,34.33,17.92,16.67
2022-07-19,0.0,32.56,14.71,16.99
2022-07-20,0.0,32.36,15.69,17.11
2022-07-21,0.01,31.58,16.73,16.82
2022-07-22,0.0,31.54,15.17,17.43
2022-07-23,0.0,31.82,14.82,17.79
2022-07-24,0.0,32.49,15.0,17.61
2022-07-25,0.01,32.39,15.38,18.02
2022-07-26,0.0,32.43,14.9,17.99
2022-07-27,0.0,31.93,14.88,18.03
2022-07-28,0.03,31.97,14.28,17.2
2022-07-29,0.3,32.14,16.47,12.85
2022-07-30,0.01,30.07,13.5,18.34
2022-07-31,0.0,31.22,12.8,18.61
2022-08-01,0.0,31.4,15.48,14.79
2022-08-02,0.0,33.22,18.4,17.6
2022-08-03,0.0,32.57,15.88,18.18
2022-08-04,0.0,31.33,18.66,16.09
2022-08-05,0.0,34.21,17.15,16.49
2022-08-06,0.0,31.35,19.15,16.35
2022-08-07,0.74,32.62,17.65,12.96
2022-08-08,3.4,29.18,19.08,3.67
2022-08-09,4.94,30.22,16.99,6.96
2022-08-10,6.53,20.52,9.88,12.76
2022-08-11,0.0,23.47,7.71,16.07
2022-08-12,0.0,27.92,9.85,20.58
2022-08-13,0.0,30.9,11.77,20.33
2022-08-14,0.0,31.75,13.51,20.25
2022-08-15,0.0,31.91,14.02,20.77
2022-08-16,0.0,32.73,16.53,16.52
2022-08-17,0.0,33.02,19.6,9.48
2022-08-18,0.0,34.04,18.26,15.38
2022-08-19,0.11,23.78,12.29,8.58
2022-08-20,0.02,28.08,11.92,10.03
2022-08-21,0.01,27.57,14.04,15.07
2022-08-22,0.0,30.89,14.4,19.94
2022-08-23,0.0,31.59,14.34,20.48
2022-08-24,0.0,30.52,15.87,14.38
2022-08-25,0.0,30.56,19.08,15.13
2022-08-26,0.0,32.12,16.97,15.64
2022-08-27,0.0,33.55,18.53,20.92
2022-08-28,0.0,34.77,17.08,21.54
2022-08-29,0.0,29.42,13.96,19.57
2022-08-30,0.03,29.16,11.91,16.98
2022-08-31,0.0,30.91,14.81,21.85
2022-09-01,0.02,32.25,14.46,22.96
2022-09-02,0.0,33.92,14.3,22.92
2022-09-03,0.0,35.95,17.24,19.96
2022-09-04,0.01,32.85,15.65,18.31
2022-09-05,0.22,33.65,15.48,18.05
2022-09-06,7.15,32.7,19.59,15.94
2022-09-07,0.07,33.55,18.57,13.99
2022-09-08,0.0,35.48,19.98,19.97
2022-09-09,0.0,36.63,19.07,19.85
2022-09-10,0.0,37.57,20.42,21.28
2022-09-11,0.01,35.37,18.94,19.05
2022-09-12,0.12,37.2,18.22,17.13
2022-09-13,0.01,37.85,21.8,18.51
2022-09-14,4.72,34.88,21.73,10.7
2022-09-15,1.19,31.35,18.58,13.83
2022-09-16,1.08,29.24,15.73,10.45
2022-09-17,0.03,31.0,13.49,25.41
2022-09-18,0.0,33.5,14.97,25.22
2022-09-19,0.0,37.46,16.28,23.96
2022-09-20,2.05,33.79,20.47,14.42
2022-09-21,1.37,35.17,20.23,11.47
2022-09-22,22.14,27.8,18.35,6.3
2022-09-23,0.01,28.88,13.87,24.76
2022-09-24,0.09,31.16,11.23,26.07
2022-09-25,0.09,34.76,13.94,22.8
2022-09-26,6.07,31.47,21.66,13.71
2022-09-27,12.49,29.67,20.2,9.85
2022-09-28,3.14,26.5,17.22,5.18
2022-09-29,0.1,31.02,15.01,16.66
2022-09-30,7.2,30.22,17.07,12.03
2022-10-01,0.66,32.17,19.1,18.85
2022-10-02,0.02,34.33,18.69,23.77
2022-10-03,2.9,33.09,17.78,20.43
2022-10-04,1.39,31.67,19.03,17.45
2022-10-05,0.14,34.66,18.79,24.73
2022-10-06,7.83,36.09,20.39,22.77
2022-10-07,25.66,28.31,18.61,10.79
2022-10-08,0.0,29.94,16.6,20.29
2022-10-09,15.49,28.38,19.81,8.61
2022-10-10,4.33,27.55,19.7,8.2
2022-10-11,0.03,33.98,19.34,14.82
2022-10-12,0.0,32.57,19.32,21.51
2022-10-13,0.04,34.2,18.81,23.39
2022-10-14,0.0,35.25,17.99,26.6
2022-10-15,0.05,33.76,18.13,24.82
2022-10-16,0.14,32.26,19.25,22.14
2022-10-17,0.14,35.05,18.89,19.66
2022-10-18,0.43,34.64,19.81,13.58
2022-10-19,0.53,33.06,20.96,7.78
2022-10-20,3.49,35.97,19.72,22.21
2022-10-21,15.68,30.44,21.0,10.78
2022-10-22,0.05,32.75,20.64,24.04
2022-10-23,0.74,34.12,17.45,25.87
2022-10-24,1.1,34.64,18.01,26.67
2022-10-25,0.57,34.49,18.82,27.44
2022-10-26,1.32,34.72,17.41,26.89
2022-10-27,3.74,36.36,20.51,23.73
2022-10-28,2.51,33.71,20.45,21.21
2022-10-29,10.91,33.76,20.15,26.06
2022-10-30,2.76,32.39,20.87,22.54
2022-10-31,10.47,33.44,21.74,10.58
2022-11-01,10.8,29.04,16.45,15.97
2022-11-02,0.18,25.63,14.47,10.95
2022-11-03,0.09,23.75,13.32,16.96
2022-11-04,0.0,27.18,12.94,27.29
2022-11-05,0.0,29.26,12.77,27.12
2022-11-06,0.22,29.37,15.45,19.54
2022-11-07,0.21,30.72,15.51,24.89
2022-11-08,1.19,31.73,14.55,24.04
2022-11-09,1.71,32.75,16.15,21.55
2022-11-10,0.09,35.4,18.54,26.72
2022-11-11,2.59,35.81,20.95,18.76
2022-11-12,0.4,34.08,20.49,25.78
2022-11-13,4.68,31.87,19.25,21.51
2022-11-14,2.08,33.77,21.08,23.13
2022-11-15,0.48,32.48,21.15,20.36
2022-11-16,0.0,35.48,17.18,26.96
2022-11-17,0.01,34.95,18.25,28.54
2022-11-18,2.58,34.46,17.79,27.94
2022-11-19,6.71,32.63,20.07,19.8
2022-11-20,9.81,32.27,19.29,26.72
2022-11-21,3.01,32.38,21.09,25.84
2022-11-22,7.1,30.21,21.37,19.92
2022-11-23,23.6,30.75,20.21,19.04
2022-11-24,8.47,31.0,21.16,25.21
2022-11-25,5.99,29.81,18.31,24.93
2022-11-26,0.11,31.58,16.27,27.72
2022-11-27,0.57,32.71,16.73,26.23
2022-11-28,9.62,31.25,18.56,16.84
2022-11-29,13.27,29.27,18.62,17.87
2022-11-30,14.78,30.01,18.42,20.77
2022-12-01,2.24,30.71,20.01,24.47
2022-12-02,4.9,28.4,21.5,18.17
2022-12-03,10.14,27.63,20.75,15.89
2022-12-04,12.41,25.75,20.35,12.11
2022-12-05,14.76,26.81,20.29,13.13
2022-12-06,14.3,28.8,20.33,15.82
2022-12-07,11.27,29.59,20.48,17.73
2022-12-08,1.91,30.84,20.65,29.64
2022-12-09,0.01,32.11,19.87,30.63
2022-12-10,0.07,32.66,19.97,25.52
2022-12-11,1.97,31.65,20.65,26.96
2022-12-12,8.03,28.18,22.03,14.98
2022-12-13,22.4,26.36,21.75,7.32
2022-12-14,1.9,28.21,16.89,24.25
2022-12-15,0.49,29.42,17.91,26.96
2022-12-16,0.44,30.09,19.06,21.69
2022-12-17,0.15,30.92,19.67,27.34
2022-12-18,16.29,30.36,18.47,26.86
2022-12-19,4.47,27.66,20.83,11.56
2022-12-20,5.93,28.83,19.98,17.42
2022-12-21,0.18,28.45,17.39,24.9
2022-12-22,1.78,28.52,16.72,27.21
2022-12-23,3.77,29.28,17.66,24.56
2022-12-24,0.84,30.63,19.78,25.84
2022-12-25,19.61,29.38,20.14,25.45
2022-12-26,21.84,27.13,21.12,11.23
2022-12-27,16.67,28.14,20.08,19.67
2022-12-28,37.89,27.45,21.09,13.44
2022-12-29,7.77,25.5,20.47,18.0
2022-12-30,1.96,29.25,19.02,18.54
2022-12-31,7.93,28.43,20.47,19.64
2023-01-01,2.61,29.18,20.24,23.93
2023-01-02,7.15,28.93,20.27,21.58
2023-01-03,19.33,26.04,20.01,14.81
2023-01-04,13.85,25.81,20.75,14.73
2023-01-05,21.61,25.54,19.56,12.47
2023-01-06,14.49,27.79,16.79,14.51
2023-01-07,15.53,24.02,17.08,14.83
2023-01-08,13.17,27.46,17.49,10.91
2023-01-09,20.87,25.21,19.65,11.96
2023-01-10,14.1,25.43,19.72,15.91
2023-01-11,19.09,24.96,19.71,14.5
2023-01-12,5.33,26.95,19.73,21.54
2023-01-13,10.29,26.7,19.69,18.87
2023-01-14,3.95,28.34,20.29,24.68
2023-01-15,1.28,28.61,20.89,24.82
2023-01-16,2.05,27.5,21.07,21.28
2023-01-17,1.87,29.6,21.17,26.02
2023-01-18,5.87,28.4,21.17,23.73
2023-01-19,11.0,28.2,19.51,23.82
2023-01-20,13.31,26.0,19.66,13.28
2023-01-21,7.93,26.73,20.1,16.09
2023-01-22,12.28,26.03,20.49,20.62
2023-01-23,11.24,27.67,19.65,21.76
2023-01-24,6.53,27.28,20.21,20.2
2023-01-25,1.21,29.01,20.28,29.24
2023-01-26,0.09,30.37,19.8,27.92
2023-01-27,3.96,28.88,20.03,21.53
2023-01-28,7.07,26.63,20.71,13.58
2023-01-29,11.52,26.74,20.59,16.96
2023-01-30,16.52,26.89,20.46,18.92
2023-01-31,7.33,26.9,20.14,22.86
2023-02-01,7.65,28.42,20.16,18.53
2023-02-02,3.76,24.55,20.76,14.48
2023-02-03,6.64,28.33,20.43,23.98
2023-02-04,2.8,27.56,20.72,22.58
2023-02-05,0.85,27.0,21.18,21.03
2023-02-06,4.69,28.36,20.09,22.31
2023-02-07,2.45,27.82,20.67,21.21
2023-02-08,6.99,27.2,19.24,26.61
2023-02-09,4.43,29.61,17.82,26.06
2023-02-10,2.74,28.04,21.03,21.7
2023-02-11,14.72,24.86,20.31,14.9
2023-02-12,13.75,25.9,19.87,12.16
2023-02-13,2.57,26.03,19.21,20.84
2023-02-14,0.29,29.43,19.59,24.01
2023-02-15,7.24,29.12,20.9,22.05
2023-02-16,9.16,28.06,21.68,21.67
2023-02-17,2.18,29.11,20.71,20.94
2023-02-18,11.35,26.08,21.6,16.02
2023-02-19,10.11,28.75,19.03,20.24
2023-02-20,11.92,28.67,18.23,24.9
2023-02-21,9.22,26.84,20.27,18.08
2023-02-22,1.03,28.66,19.34,24.92
2023-02-23,8.9,27.75,20.04,18.47
2023-02-24,0.43,27.82,19.62,20.13
2023-02-25,2.19,27.97,19.4,23.25
2023-02-26,2.29,28.42,20.99,19.19
2023-02-27,3.41,29.37,20.87,23.65
2023-02-28,1.47,28.94,21.33,23.31
2023-03-01,1.75,28.43,20.61,21.79
2023-03-02,0.87,27.68,20.79,21.55
2023-03-03,1.0,29.99,19.63,23.07
2023-03-04,10.81,29.55,20.44,17.63
2023-03-05,7.63,28.56,20.62,19.99
2023-03-06,6.77,28.67,19.94,19.53
2023-03-07,4.8,28.94,20.72,21.63
2023-03-08,4.68,29.11,19.61,18.76
2023-03-09,6.07,25.12,20.82,18.99
2023-03-10,22.58,26.62,19.89,13.7
2023-03-11,8.42,24.85,20.4,14.52
2023-03-12,0.88,27.35,19.6,18.31
2023-03-13,3.15,27.05,20.11,13.22
2023-03-14,9.81,27.16,20.39,10.81
2023-03-15,10.24,26.89,19.82,17.29
2023-03-16,0.83,27.89,19.93,22.54
2023-03-17,0.21,28.07,19.69,16.85
2023-03-18,1.86,28.57,19.53,23.56
2023-03-19,2.53,28.0,20.0,20.4
2023-03-20,6.86,28.01,20.66,21.59
2023-03-21,4.72,28.93,19.38,23.63
2023-03-22,1.24,29.77,18.83,20.13
2023-03-23,0.29,29.49,19.55,21.64
2023-03-24,0.19,29.88,19.79,23.19
2023-03-25,0.03,30.1,19.82,22.74
2023-03-26,0.05,30.58,20.48,22.35
2023-03-27,1.7,30.42,20.76,18.88
2023-03-28,3.48,28.29,20.65,17.01
2023-03-29,10.57,27.97,20.64,19.29
2023-03-30,3.13,28.19,20.58,20.74
2023-03-31,1.09,28.58,20.33,21.81
2023-04-01,0.06,29.28,19.98,23.28
2023-04-02,0.0,28.85,18.18,23.51
2023-04-03,3.1,28.72,17.37,20.71
2023-04-04,2.08,27.32,18.9,21.21
2023-04-05,1.61,28.54,17.93,19.14
2023-04-06,1.95,28.67,17.3,19.53
2023-04-07,11.86,26.04,19.79,11.99
2023-04-08,5.6,27.71,18.72,12.09
2023-04-09,2.91,26.75,18.88,9.7
2023-04-10,0.14,27.77,18.45,21.1
2023-04-11,3.36,27.84,17.57,20.02
2023-04-12,11.3,25.82,19.79,13.87
2023-04-13,7.65,27.82,18.54,17.51
2023-04-14,14.37,26.05,19.5,8.8
2023-04-15,1.0,27.53,18.68,15.54
2023-04-16,0.0,28.66,17.69,20.92
2023-04-17,0.06,28.77,17.8,15.62
2023-04-18,11.36,27.26,20.94,13.05
2023-04-19,5.46,24.88,14.91,17.83
2023-04-20,0.0,23.66,12.14,21.13
2023-04-21,0.01,25.36,11.63,21.65
2023-04-22,0.26,26.24,15.56,19.4
2023-04-23,0.02,26.7,15.84,20.5
2023-04-24,0.0,27.19,13.56,20.92
2023-04-25,0.21,26.71,15.03,16.62
2023-04-26,8.44,27.12,17.18,6.08
2023-04-27,1.24,26.74,17.16,15.06
2023-04-28,0.34,26.49,17.02,15.05
2023-04-29,0.01,26.47,15.19,17.71
2023-04-30,0.01,26.79,14.73,18.79
2023-05-01,0.0,26.38,14.23,18.48
2023-05-02,0.01,26.37,13.54,19.42
2023-05-03,0.01,27.13,14.05,19.4
2023-05-04,0.01,28.41,14.23,19.26
2023-05-05,0.0,29.06,16.61,18.96
2023-05-06,0.01,29.31,16.08,18.11
2023-05-07,0.0,28.11,16.83,15.79
2023-05-08,0.0,28.59,16.17,17.43
2023-05-09,0.0,28.94,17.36,14.37
2023-05-10,0.09,27.62,17.4,12.68
2023-05-11,0.03,27.59,15.91,15.41
2023-05-12,0.0,26.27,13.0,17.6
2023-05-13,0.04,25.32,11.75,18.93
2023-05-14,0.04,25.74,10.18,19.0
2023-05-15,0.01,26.2,9.89,19.08
2023-05-16,0.01,26.89,9.58,17.84
2023-05-17,0.02,26.63,10.82,19.17
2023-05-18,0.01,27.12,9.81,18.9
2023-05-19,0.01,28.02,10.16,18.62
2023-05-20,0.01,27.93,10.08,18.4
2023-05-21,0.0,26.68,11.46,17.65
2023-05-22,0.0,27.46,12.7,15.28
2023-05-23,0.0,28.21,12.96,17.08
2023-05-24,0.03,28.25,12.9,16.15
2023-05-25,0.08,28.7,14.67,16.31
2023-05-26,0.0,29.03,14.44,17.21
2023-05-27,0.01,29.41,13.91,15.71
2023-05-28,0.04,29.0,15.58,10.73
2023-05-29,0.02,27.78,15.71,12.42
2023-05-30,18.15,23.61,16.39,7.43
2023-05-31,26.71,23.23,17.85,4.94
2023-06-01,0.2,24.64,14.64,11.37
2023-06-02,0.28,26.11,13.31,16.33
2023-06-03,0.16,26.98,12.51,17.22
2023-06-04,0.16,27.06,11.87,17.34
2023-06-05,0.17,26.07,10.7,17.47
2023-06-06,0.04,26.77,10.62,16.84
2023-06-07,0.02,27.06,11.19,16.52
2023-06-08,0.0,27.43,12.01,16.42
2023-06-09,0.0,27.91,12.39,16.72
2023-06-10,0.0,28.41,12.88,16.78
2023-06-11,0.02,28.96,14.99,14.09
2023-06-12,0.01,29.44,15.01,15.47
2023-06-13,0.74,28.84,15.72,8.28
2023-06-14,4.81,26.41,14.92,4.62
2023-06-15,17.33,19.77,14.47,2.41
2023-06-16,1.63,20.78,11.95,4.87
2023-06-17,0.02,20.48,9.01,11.86
2023-06-18,0.06,23.46,6.86,16.61
2023-06-19,0.03,26.21,7.88,16.79
2023-06-20,0.02,27.21,10.07,16.39
2023-06-21,0.03,27.12,10.96,16.38
2023-06-22,0.01,27.31,11.59,16.26
2023-06-23,0.01,27.68,12.11,14.38
2023-06-24,0.02,26.99,12.71,14.14
2023-06-25,0.0,28.28,12.5,15.68
2023-06-26,0.01,28.41,11.5,16.56
2023-06-27,0.01,28.34,11.96,16.56
2023-06-28,0.0,28.34,12.42,16.47
2023-06-29,0.0,27.71,12.52,15.8
2023-06-30,0.0,28.18,12.7,16.08
2023-07-01,0.0,27.95,12.47,16.19
2023-07-02,0.0,27.2,12.16,16.23
2023-07-03,0.0,26.4,11.24,16.98
2023-07-04,0.0,26.61,10.38,16.94
2023-07-05,0.01,27.38,10.38,16.97
2023-07-06,0.0,27.07,10.86,17.0
2023-07-07,0.0,27.66,9.97,16.78
2023-07-08,0.0,29.02,12.35,15.9
2023-07-09,0.01,29.48,16.34,12.58
2023-07-10,0.0,31.32,17.02,13.06
2023-07-11,0.0,31.74,15.69,15.71
2023-07-12,0.0,30.2,14.49,13.03
2023-07-13,5.6,28.61,15.18,14.63
2023-07-14,0.13,22.88,10.11,17.5
2023-07-15,0.0,26.92,6.49,17.9
2023-07-16,0.0,29.54,11.47,13.31
2023-07-17,0.05,29.89,13.65,13.4
2023-07-18,0.04,31.14,15.2,14.46
2023-07-19,0.2,30.2,15.52,13.81
2023-07-20,0.0,30.41,15.27,16.98
2023-07-21,0.0,29.86,14.66,17.27
2023-07-22,0.0,28.9,14.73,17.27
2023-07-23,0.0,29.94,14.38,15.42
2023-07-24,0.0,30.85,14.38,17.01
2023-07-25,0.0,27.77,17.34,14.19
2023-07-26,0.0,31.11,17.74,16.6
2023-07-27,0.0,32.45,15.79,17.72
2023-07-28,0.01,32.6,15.05,17.17
2023-07-29,0.0,30.32,16.06,17.09
2023-07-30,0.0,30.35,13.41,18.03
2023-07-31,0.0,31.35,14.1,18.32
2023-08-01,0.0,32.37,13.66,18.4
2023-08-02,0.0,33.17,14.38,18.99
2023-08-03,0.0,33.5,14.37,19.21
2023-08-04,0.0,33.72,14.09,19.46
2023-08-05,0.0,34.25,14.66,19.28
2023-08-06,0.0,35.03,15.18,19.22
2023-08-07,0.0,33.79,16.27,19.25
2023-08-08,0.0,34.85,16.95,18.3
2023-08-09,0.0,34.34,17.01,18.22
2023-08-10,0.0,34.93,17.99,19.0
2023-08-11,0.0,36.09,18.11,19.45
2023-08-12,0.02,36.48,18.12,18.25
2023-08-13,0.43,34.73,19.34,13.69
2023-08-14,0.79,31.41,16.92,14.35
2023-08-15,1.98,30.84,18.7,14.34
2023-08-16,0.0,30.83,19.46,15.2
2023-08-17,0.0,32.76,18.21,17.66
2023-08-18,0.02,33.9,18.27,17.83
2023-08-19,0.68,32.99,19.3,14.42
2023-08-20,1.23,32.66,17.19,14.25
2023-08-21,0.0,32.53,18.44,18.51
2023-08-22,0.0,35.02,16.55,21.58
2023-08-23,0.0,37.0,19.03,19.39
2023-08-24,0.01,37.63,22.54,16.97
2023-08-25,0.09,36.2,22.24,17.2
2023-08-26,0.83,32.02,17.43,11.85
2023-08-27,1.03,26.38,15.11,5.15
2023-08-28,4.85,27.4,14.01,12.99
2023-08-29,1.69,31.15,14.37,8.22
2023-08-30,1.69,31.2,15.4,19.17
2023-08-31,1.35,32.31,16.81,15.65
2023-09-01,0.01,34.51,16.4,20.0
2023-09-02,6.92,35.7,21.29,17.64
2023-09-03,3.95,30.69,21.54,19.79
2023-09-04,1.23,36.77,21.44,19.13
2023-09-05,2.39,33.44,22.2,10.01
2023-09-06,0.36,34.17,18.11,19.32
2023-09-07,0.01,32.75,19.41,21.01
2023-09-08,0.01,34.37,17.47,23.14
2023-09-09,0.0,33.9,18.34,17.97
2023-09-10,0.0,35.5,19.38,15.61
2023-09-11,0.0,36.31,19.15,23.79
2023-09-12,0.0,36.01,19.57,24.11
2023-09-13,0.0,38.8,20.13,23.53
2023-09-14,2.0,30.1,19.53,9.06
2023-09-15,0.03,32.81,15.3,20.99
2023-09-16,0.03,36.82,17.24,23.45
2023-09-17,1.7,37.65,21.33,21.31
2023-09-18,1.73,37.7,23.17,19.51
2023-09-19,0.0,38.54,21.96,23.28
2023-09-20,0.01,39.31,22.46,23.9
2023-09-21,0.01,39.31,22.6,22.73
2023-09-22,0.0,40.1,26.26,23.29
2023-09-23,0.0,40.1,24.72,21.18
2023-09-24,0.0,41.81,24.46,24.39
2023-09-25,0.0,41.99,24.2,23.42
2023-09-26,0.22,43.1,25.28,22.5
2023-09-27,0.39,38.08,27.59,13.01
2023-09-28,2.62,36.47,21.45,15.82
2023-09-29,0.0,37.9,20.42,21.34
2023-09-30,4.08,38.24,22.58,21.59
2023-10-01,14.42,33.82,23.23,12.13
2023-10-02,19.05,33.09,23.06,17.58
2023-10-03,1.27,35.05,23.08,23.2
2023-10-04,0.81,37.14,22.24,16.38
2023-10-05,2.72,37.96,22.74,18.69
2023-10-06,3.64,37.4,23.83,15.01
2023-10-07,6.56,35.34,23.63,16.85
2023-10-08,17.31,34.51,23.12,15.52
2023-10-09,5.36,31.12,21.96,10.42
2023-10-10,0.0,34.52,18.21,26.85
2023-10-11,1.32,37.43,18.54,26.02
2023-10-12,2.01,37.96,23.53,23.19
2023-10-13,18.31,32.07,21.88,15.2
2023-10-14,2.33,32.99,18.45,19.45
2023-10-15,1.36,35.12,20.55,23.98
2023-10-16,0.41,36.15,21.55,25.26
2023-10-17,0.23,34.95,22.15,19.02
2023-10-18,1.91,35.25,21.19,23.55
2023-10-19,5.18,34.56,19.77,20.39
2023-10-20,0.87,34.03,19.5,13.94
2023-10-21,0.0,35.36,19.48,25.33
2023-10-22,0.0,36.44,19.61,28.25
2023-10-23,0.0,37.61,19.7,27.58
2023-10-24,1.79,39.23,23.85,22.95
2023-10-25,0.83,32.97,22.31,18.47
2023-10-26,5.79,33.14,22.76,16.33
2023-10-27,31.84,31.8,22.77,12.73
2023-10-28,3.73,34.6,21.36,10.99
2023-10-29,19.94,30.99,21.3,16.93
2023-10-30,0.26,34.17,22.18,21.59
2023-10-31,14.43,34.41,22.89,14.42
2023-11-01,1.01,31.59,20.81,21.61
2023-11-02,0.2,30.66,19.16,24.09
2023-11-03,15.32,35.29,21.53,22.85
2023-11-04,12.89,29.41,16.37,17.97
2023-11-05,0.0,30.6,12.9,30.98
2023-11-06,0.02,32.45,14.96,30.61
2023-11-07,0.0,34.55,16.89,29.71
2023-11-08,0.0,34.46,19.23,28.69
2023-11-09,0.1,35.78,19.64,25.31
2023-11-10,0.06,36.73,20.77,26.13
2023-11-11,0.0,37.9,19.31,29.71
2023-11-12,0.03,39.46,21.7,29.04
2023-11-13,0.01,39.5,23.91,27.76
2023-11-14,0.0,40.9,25.71,27.67
2023-11-15,0.48,39.97,22.14,25.72
2023-11-16,3.49,39.68,22.69,24.62
2023-11-17,0.03,40.82,24.66,24.96
2023-11-18,0.71,39.22,24.39,24.7
2023-11-19,9.82,40.12,23.45,19.56
2023-11-20,4.78,31.2,22.45,20.77
2023-11-21,1.77,35.18,22.13,23.38
2023-11-22,5.25,32.77,23.18,20.14
2023-11-23,1.38,34.65,22.36,18.66
2023-11-24,6.7,33.28,21.65,19.5
2023-11-25,0.12,31.9,19.53,22.44
2023-11-26,1.41,34.81,19.29,25.06
2023-11-27,3.09,31.33,20.91,18.07
2023-11-28,15.44,35.2,21.26,19.02
2023-11-29,15.36,29.36,21.94,15.05
2023-11-30,3.23,33.98,20.21,26.94
2023-12-01,0.37,34.73,23.72,28.45
2023-12-02,2.14,37.17,24.2,29.46
2023-12-03,2.08,37.52,22.68,29.41
2023-12-04,8.07,34.59,22.5,25.14
2023-12-05,15.74,34.58,21.83,22.93
2023-12-06,0.04,33.71,22.43,26.19
2023-12-07,1.88,33.92,23.14,21.76
2023-12-08,0.54,34.66,22.65,23.64
2023-12-09,0.29,36.3,22.04,28.27
2023-12-10,3.69,36.0,21.75,25.87
2023-12-11,6.09,32.57,22.39,20.85
2023-12-12,0.03,35.07,20.37,29.2
2023-12-13,0.01,36.76,18.98,31.14
2023-12-14,0.09,37.27,20.19,29.66
2023-12-15,0.4,38.35,22.47,29.41
2023-12-16,0.0,38.32,21.82,29.52
2023-12-17,0.24,38.59,22.45,26.61
2023-12-18,2.31,37.77,23.75,26.7
2023-12-19,0.18,37.88,21.78,27.93
2023-12-20,0.82,35.49,22.3,27.71
2023-12-21,4.98,33.73,23.26,24.18
2023-12-22,20.18,32.53,23.33,21.43
2023-12-23,11.79,31.95,23.13,9.59
2023-12-24,8.7,32.31,22.34,25.09
2023-12-25,1.23,35.69,21.72,27.88
2023-12-26,2.81,35.4,23.48,20.51
2023-12-27,2.4,35.75,21.25,26.61
2023-12-28,0.0,37.15,19.65,29.94
2023-12-29,0.0,39.4,21.76,26.68
2023-12-30,2.66,33.6,24.21,15.14
2023-12-31,8.63,32.97,21.19,21.61
2024-01-01,3.15,32.44,21.21,13.54
2024-01-02,1.12,33.78,20.52,22.58
2024-01-03,11.34,31.09,21.92,18.03
2024-01-04,4.91,34.1,22.26,24.94
2024-01-05,0.23,34.74,19.75,28.09
2024-01-06,0.0,36.18,20.18,28.73
2024-01-07,0.65,36.41,23.95,26.56
2024-01-08,6.41,35.65,23.4,24.94
2024-01-09,1.5,34.84,22.24,26.97
2024-01-10,3.42,34.85,22.0,22.38
2024-01-11,1.55,34.88,22.87,24.87
2024-01-12,2.03,35.1,22.21,20.28
2024-01-13,9.28,32.75,22.71,16.61
2024-01-14,23.66,30.21,21.35,19.91
2024-01-15,1.9,31.97,21.93,19.1
2024-01-16,0.21,35.49,21.54,26.07
2024-01-17,0.12,36.28,22.24,25.4
2024-01-18,2.53,36.22,23.09,24.59
2024-01-19,5.11,37.3,24.25,20.22
2024-01-20,1.49,36.43,23.42,17.12
2024-01-21,5.79,33.61,23.48,20.11
2024-01-22,0.62,34.81,20.3,27.02
2024-01-23,5.54,31.65,21.71,11.51
2024-01-24,0.59,33.66,19.91,22.23
2024-01-25,0.03,33.43,18.38,24.58
2024-01-26,0.09,33.49,16.49,28.78
2024-01-27,0.93,34.37,17.18,27.62
2024-01-28,8.69,33.84,21.01,16.05
2024-01-29,0.84,35.44,19.27,27.87
2024-01-30,0.1,35.77,21.59,23.83
2024-01-31,5.62,34.71,21.5,16.05
2024-02-01,0.59,35.71,18.96,26.27
2024-02-02,0.08,35.3,19.91,14.29
2024-02-03,3.22,32.9,20.63,16.86
2024-02-04,4.54,29.61,21.46,13.15
2024-02-05,1.29,32.68,21.1,19.53
2024-02-06,1.24,31.23,21.82,25.79
2024-02-07,8.7,28.49,22.51,17.46
2024-02-08,3.27,32.72,21.1,22.01
2024-02-09,0.02,35.87,21.14,26.58
2024-02-10,0.0,36.3,21.27,26.37
2024-02-11,0.19,36.12,20.82,26.24
2024-02-12,0.38,34.66,22.18,23.29
2024-02-13,4.1,35.48,22.54,24.8
2024-02-14,12.54,31.48,22.22,16.12
2024-02-15,11.01,28.59,21.79,11.03
2024-02-16,5.75,33.25,21.05,16.66
2024-02-17,1.48,34.2,21.36,19.07
2024-02-18,0.44,34.57,20.2,22.65
2024-02-19,16.43,31.72,21.07,17.51
2024-02-20,4.84,31.75,21.04,18.73
2024-02-21,15.68,31.51,20.65,22.59
2024-02-22,4.01,32.32,20.73,23.48
2024-02-23,2.22,32.4,22.04,23.0
2024-02-24,2.42,30.46,22.29,18.34
2024-02-25,1.48,34.78,21.48,22.72
2024-02-26,1.91,33.44,23.02,21.39
2024-02-27,0.09,35.47,22.51,25.27
2024-02-28,0.01,36.91,22.48,23.76
2024-02-29,0.19,37.73,23.88,22.61
2024-03-01,4.29,35.9,22.99,24.09
2024-03-02,0.3,35.12,22.2,25.09
2024-03-03,0.0,36.62,20.13,25.5
2024-03-04,0.68,37.17,20.73,23.28
2024-03-05,6.25,35.53,21.64,21.58
2024-03-06,12.71,33.24,21.68,23.28
2024-03-07,2.01,34.76,21.11,19.8
2024-03-08,1.76,33.74,23.16,19.68
2024-03-09,7.95,34.21,23.59,16.75
2024-03-10,1.02,32.97,23.59,13.1
2024-03-11,2.33,35.34,22.45,22.98
2024-03-12,2.36,36.11,20.56,24.01
2024-03-13,2.5,36.15,21.92,23.74
2024-03-14,0.85,35.84,23.15,24.92
2024-03-15,0.0,37.09,22.4,24.41
2024-03-16,0.72,37.33,23.65,22.1
2024-03-17,0.49,36.66,23.74,21.16
2024-03-18,2.08,36.5,24.31,21.57
2024-03-19,10.53,36.03,24.2,20.17
2024-03-20,1.11,33.52,23.76,22.03
2024-03-21,2.45,33.93,23.71,21.16
2024-03-22,3.02,28.94,21.32,15.21
2024-03-23,9.54,28.11,19.67,10.43
2024-03-24,2.0,27.1,20.14,7.11
2024-03-25,4.85,32.14,19.44,17.13
2024-03-26,13.54,24.05,20.27,8.94
2024-03-27,15.15,24.22,19.63,5.52
2024-03-28,9.7,27.67,18.98,11.75
2024-03-29,1.98,28.92,19.4,14.23
2024-03-30,8.56,29.1,21.1,15.31
2024-03-31,0.17,31.33,21.59,22.15
2024-04-01,0.02,31.08,20.59,22.98
2024-04-02,0.61,29.72,21.86,12.41
2024-04-03,3.59,31.76,20.58,21.7
2024-04-04,3.87,32.59,21.44,21.54
2024-04-05,2.7,32.37,21.17,19.45
2024-04-06,1.7,32.68,21.17,20.38
2024-04-07,0.16,32.31,19.52,20.42
2024-04-08,0.24,32.11,20.34,13.0
2024-04-09,0.47,32.03,21.48,11.45
2024-04-10,0.91,32.34,20.78,17.95
2024-04-11,0.52,33.19,20.57,15.84
2024-04-12,1.45,33.48,20.85,17.16
2024-04-13,0.57,32.74,21.04,17.57
2024-04-14,0.94,28.88,20.99,14.63
2024-04-15,0.8,32.57,20.62,16.98
2024-04-16,0.98,32.83,20.71,18.31
2024-04-17,7.93,33.12,20.72,13.29
2024-04-18,1.38,30.8,20.99,13.25
2024-04-19,0.0,32.33,16.78,20.64
2024-04-20,0.27,32.86,17.1,20.69
2024-04-21,0.0,32.46,16.85,21.73
2024-04-22,0.0,31.77,15.75,21.02
2024-04-23,0.0,32.89,16.9,20.0
2024-04-24,0.17,33.95,17.95,19.02
2024-04-25,0.02,34.78,18.51,19.58
2024-04-26,0.01,34.94,19.85,19.56
2024-04-27,0.0,34.37,19.84,18.83
2024-04-28,0.01,34.22,18.97,18.47
2024-04-29,0.01,34.75,18.6,18.38
2024-04-30,0.0,34.82,18.93,18.64
2024-05-01,0.54,34.91,18.06,19.09
2024-05-02,0.01,34.9,18.23,19.55
2024-05-03,0.0,34.72,18.81,18.4
2024-05-04,0.0,35.85,18.85,19.63
2024-05-05,0.0,35.3,18.09,19.73
2024-05-06,0.0,35.08,19.1,19.37
2024-05-07,0.0,35.11,19.68,18.63
2024-05-08,0.0,34.44,20.01,18.86
2024-05-09,0.0,33.53,18.8,17.39
2024-05-10,0.35,34.57,17.59,18.29
2024-05-11,0.02,34.29,18.33,17.36
2024-05-12,0.0,33.87,18.18,18.47
2024-05-13,0.02,34.09,16.64,19.07
2024-05-14,0.02,33.64,17.25,15.61
2024-05-15,0.0,33.28,18.24,16.07
2024-05-16,0.0,34.58,19.14,16.53
2024-05-17,0.0,34.53,17.41,17.87
2024-05-18,0.0,34.44,17.57,17.82
2024-05-19,0.0,34.29,18.86,16.82
2024-05-20,0.0,33.84,18.64,16.44
2024-05-21,0.0,34.42,18.79,16.48
2024-05-22,0.08,33.29,17.96,17.33
2024-05-23,0.0,32.73,16.42,18.02
2024-05-24,0.04,33.71,18.16,13.25
2024-05-25,0.45,28.72,16.89,9.63
2024-05-26,2.83,30.88,16.48,7.23
2024-05-27,0.36,31.87,16.7,11.66
2024-05-28,0.21,27.21,16.02,6.92
2024-05-29,0.0,26.98,11.62,14.0
2024-05-30,0.01,27.29,8.85,17.56
2024-05-31,0.01,29.47,9.46,17.81
2024-06-01,0.01,30.49,12.89,17.32
2024-06-02,0.01,30.64,15.15,15.95
2024-06-03,0.0,30.17,16.23,12.46
2024-06-04,0.0,30.54,15.64,16.31
2024-06-05,0.06,31.27,15.4,15.49
2024-06-06,0.0,31.46,14.99,15.63
2024-06-07,0.0,31.81,15.73,16.29
2024-06-08,0.0,32.34,15.87,16.04
2024-06-09,0.0,32.45,16.41,16.46
2024-06-10,0.0,32.19,15.29,16.88
2024-06-11,0.01,32.27,14.91,16.8
2024-06-12,0.01,32.68,15.33,16.8
2024-06-13,0.0,31.87,15.11,16.88
2024-06-14,0.0,31.71,15.51,16.8
2024-06-15,0.0,32.11,16.94,16.05
2024-06-16,0.0,32.23,16.11,16.52
2024-06-17,0.0,30.78,14.35,16.84
2024-06-18,0.0,30.9,13.54,16.76
2024-06-19,0.03,31.89,14.15,16.83
2024-06-20,0.0,31.67,14.15,16.64
2024-06-21,0.01,31.41,15.39,16.29
2024-06-22,0.0,31.37,16.35,13.86
2024-06-23,0.0,31.72,17.13,12.97
2024-06-24,0.0,32.71,16.63,15.95
2024-06-25,0.0,32.92,17.45,14.09
2024-06-26,0.01,32.98,17.46,14.71
2024-06-27,0.06,31.29,17.35,14.67
2024-06-28,0.06,31.9,18.0,11.76
2024-06-29,0.17,30.88,17.93,14.9
2024-06-30,0.39,29.95,17.92,8.13
2024-07-01,0.93,29.59,17.67,3.88
2024-07-02,0.01,30.75,14.52,16.04
2024-07-03,0.04,30.59,15.33,13.67
2024-07-04,0.0,31.47,15.08,11.67
2024-07-05,0.0,31.1,14.73,13.85
2024-07-06,0.0,31.52,15.61,15.7
2024-07-07,0.02,32.18,15.23,13.8
2024-07-08,0.01,31.53,17.31,13.55
2024-07-09,0.37,31.57,16.12,9.71
2024-07-10,0.1,29.43,16.21,11.59
2024-07-11,0.01,33.3,16.93,14.27
2024-07-12,0.0,32.78,17.91,15.41
2024-07-13,0.04,31.5,17.84,15.03
2024-07-14,0.0,30.78,15.9,16.3
2024-07-15,0.0,30.34,14.72,15.8
2024-07-16,0.05,31.17,14.48,16.31
2024-07-17,0.0,31.12,14.43,16.82
2024-07-18,0.21,31.38,15.03,17.55
2024-07-19,0.0,31.92,13.38,17.91
2024-07-20,0.01,32.16,13.17,17.94
2024-07-21,0.05,31.57,13.49,18.04
2024-07-22,0.05,31.78,13.89,18.1
2024-07-23,0.0,32.02,13.15,18.33
2024-07-24,0.0,32.36,14.1,17.42
2024-07-25,0.0,30.93,14.53,18.0
2024-07-26,0.0,30.09,14.25,16.96
2024-07-27,0.02,32.21,13.6,15.44
2024-07-28,0.0,33.65,14.53,17.65
2024-07-29,0.02,33.28,15.8,14.15
2024-07-30,0.01,31.6,14.99,9.44
2024-07-31,0.0,32.59,17.02,17.42
2024-08-01,0.0,31.96,19.12,17.78
2024-08-02,0.03,30.75,17.6,16.38
2024-08-03,0.0,31.6,17.32,15.69
2024-08-04,0.09,31.03,19.39,13.39
2024-08-05,0.0,32.73,17.61,18.38
2024-08-06,0.01,32.91,18.84,15.49
2024-08-07,0.0,32.16,18.06,19.15
2024-08-08,0.12,34.2,17.48,18.0
2024-08-09,0.58,31.13,16.58,6.42
2024-08-10,4.64,23.02,11.2,7.84
2024-08-11,0.09,26.74,8.77,20.33
2024-08-12,0.03,27.25,9.15,17.57
2024-08-13,0.01,28.04,7.79,20.87
2024-08-14,0.02,32.95,9.42,19.37
2024-08-15,0.01,35.03,13.94,19.66
2024-08-16,0.01,35.83,16.9,19.91
2024-08-17,0.0,36.01,17.14,20.17
2024-08-18,0.0,36.38,17.24,20.45
2024-08-19,0.01,36.29,17.19,20.81
2024-08-20,0.0,36.33,17.51,20.85
2024-08-21,0.03,35.8,16.26,20.91
2024-08-22,0.08,35.17,17.17,21.31
2024-08-23,0.02,36.27,19.12,20.14
2024-08-24,0.19,36.33,18.5,17.13
2024-08-25,6.44,22.77,14.36,2.84
2024-08-26,0.03,26.1,11.09,20.42
2024-08-27,0.07,31.05,7.72,23.19
2024-08-28,0.01,34.14,11.04,21.62
2024-08-29,0.07,34.65,16.17,21.95
2024-08-30,0.01,35.13,16.11,22.74
2024-08-31,0.0,35.61,15.32,23.25
2024-09-01,0.0,36.88,16.06,22.96
2024-09-02,0.0,36.78,20.23,16.89
2024-09-03,0.0,37.83,18.4,18.29
2024-09-04,0.0,38.29,19.27,18.8
2024-09-05,0.0,38.89,19.0,19.02
2024-09-06,0.04,37.6,16.24,17.5
2024-09-07,0.03,38.02,19.52,16.18
2024-09-08,0.0,37.98,21.6,15.43
2024-09-09,0.0,37.13,20.31,20.29
2024-09-10,0.03,37.12,18.75,22.32
2024-09-11,0.01,36.9,18.59,23.37
2024-09-12,0.0,36.7,18.53,24.25
2024-09-13,0.0,37.52,20.24,23.27
2024-09-14,0.01,38.05,21.76,15.5
2024-09-15,0.0,38.3,19.58,16.38
2024-09-16,0.07,34.89,18.92,5.95
2024-09-17,0.02,35.1,16.06,22.99
2024-09-18,0.01,37.96,19.0,20.82
2024-09-19,1.05,38.51,21.19,19.22
2024-09-20,1.04,39.04,22.26,20.9
2024-09-21,0.24,37.17,22.66,15.51
2024-09-22,0.0,38.32,21.29,20.12
2024-09-23,0.0,39.1,22.08,21.45
2024-09-24,0.0,39.65,22.05,22.07
2024-09-25,0.0,39.79,23.66,24.3
2024-09-26,0.0,40.64,23.31,24.54
2024-09-27,0.03,38.44,24.16,16.39
2024-09-28,0.0,36.71,19.72,22.28
2024-09-29,0.01,39.02,20.39,23.16
2024-09-30,0.01,38.67,23.51,24.57
2024-10-01,0.0,39.03,23.07,24.21
2024-10-02,0.01,40.91,22.82,23.97
2024-10-03,0.0,39.82,23.05,15.6
2024-10-04,0.01,37.29,19.93,16.69
2024-10-05,0.0,38.39,18.32,25.92
2024-10-06,0.04,40.23,18.73,26.82
2024-10-07,0.01,40.46,19.89,23.63
2024-10-08,0.0,41.03,21.4,22.25
2024-10-09,0.03,39.96,21.12,16.41
2024-10-10,3.61,34.22,22.03,7.34
2024-10-11,11.4,37.3,23.31,16.58
2024-10-12,2.79,34.19,22.3,19.19
2024-10-13,0.01,35.17,19.01,23.87
2024-10-14,0.19,37.03,20.2,24.49
2024-10-15,0.18,32.25,21.64,18.38
2024-10-16,0.08,34.75,21.44,22.87
2024-10-17,0.39,37.8,21.99,24.63
2024-10-18,6.45,36.62,22.75,14.59
2024-10-19,23.19,31.67,20.7,13.0
2024-10-20,27.07,25.33,19.55,9.11
2024-10-21,6.5,28.4,21.02,12.77
2024-10-22,0.54,30.33,21.48,18.27
2024-10-23,3.7,31.41,22.18,19.09
2024-10-24,6.73,31.62,21.13,20.21
2024-10-25,42.69,28.89,22.3,9.53
2024-10-26,16.88,27.35,22.89,17.26
2024-10-27,18.09,29.15,20.85,17.72
2024-10-28,9.79,28.12,20.54,18.11
2024-10-29,10.41,28.49,21.33,26.16
2024-10-30,1.06,30.59,19.07,26.8
2024-10-31,0.0,30.35,18.41,24.94
2024-11-01,0.01,29.9,20.32,23.24
2024-11-02,9.67,27.38,21.46,11.84
2024-11-03,10.88,26.37,20.48,13.56
2024-11-04,26.15,26.77,21.31,7.2
2024-11-05,3.52,26.34,20.72,12.82
2024-11-06,10.45,29.12,19.64,19.35
2024-11-07,26.96,25.47,20.55,7.41
2024-11-08,16.65,26.49,20.95,13.01
2024-11-09,2.89,29.03,20.77,18.58
2024-11-10,0.02,30.39,18.61,28.23
2024-11-11,0.04,30.79,18.36,27.55
2024-11-12,0.35,32.42,21.05,29.53
2024-11-13,40.86,28.22,21.92,13.0
2024-11-14,0.3,30.05,19.05,24.54
2024-11-15,5.03,28.8,20.58,18.27
2024-11-16,17.73,28.83,21.34,8.36
2024-11-17,17.05,29.35,20.45,23.94
2024-11-18,0.02,30.72,18.7,28.56
2024-11-19,0.17,31.27,19.71,27.92
2024-11-20,4.77,30.59,21.72,21.5
2024-11-21,32.19,28.34,21.24,23.31
2024-11-22,14.62,28.52,19.59,14.21
2024-11-23,0.06,29.61,19.24,26.75
2024-11-24,0.0,28.65,18.32,28.63
2024-11-25,0.01,29.54,17.37,28.99
2024-11-26,0.13,30.72,18.66,28.67
2024-11-27,0.02,31.72,18.66,26.64
2024-11-28,16.29,30.12,22.23,21.58
2024-11-29,5.89,26.76,22.3,12.99
2024-11-30,0.22,29.66,21.21,24.32
2024-12-01,0.4,31.25,21.59,26.56
2024-12-02,8.37,27.95,22.33,14.59
2024-12-03,17.71,28.21,22.14,10.88
2024-12-04,7.49,28.88,21.82,14.71
2024-12-05,5.94,29.61,20.48,16.81
2024-12-06,0.33,30.27,21.4,27.13
2024-12-07,0.02,32.45,19.9,28.74
2024-12-08,0.75,28.62,20.62,21.65
2024-12-09,2.72,31.54,21.22,18.94
2024-12-10,5.45,28.12,22.38,17.31
2024-12-11,4.81,29.92,19.78,26.61
2024-12-12,0.53,29.66,17.73,26.31
2024-12-13,6.51,29.66,18.53,20.92
2024-12-14,6.95,27.39,21.22,11.05
2024-12-15,8.03,29.23,20.77,16.98
2024-12-16,5.89,29.32,21.22,22.59
2024-12-17,0.03,29.67,18.53,28.69
2024-12-18,0.53,30.2,19.79,27.37
2024-12-19,1.23,30.97,20.29,24.74
2024-12-20,7.45,30.0,21.74,17.23
2024-12-21,12.51,28.55,21.9,10.52
2024-12-22,8.46,26.37,21.32,16.3
2024-12-23,2.55,29.8,21.44,22.78
2024-12-24,4.52,30.77,20.33,26.26
2024-12-25,8.56,29.54,21.16,16.82
2024-12-26,31.69,25.97,21.67,9.46
2024-12-27,10.23,26.75,21.11,12.12
2024-12-28,8.44,29.4,21.22,18.05
2024-12-29,5.58,29.97,20.67,25.95
2024-12-30,3.64,30.69,19.51,29.39
2024-12-31,1.26,29.95,19.74,28.39
2025-01-01,6.92,29.15,19.78,28.47
2025-01-02,8.15,29.35,19.99,24.92
2025-01-03,4.55,29.1,19.7,16.85
2025-01-04,3.44,28.19,18.32,19.73
2025-01-05,0.25,30.15,17.85,26.96
2025-01-06,0.5,30.7,19.4,28.96
2025-01-07,1.12,30.42,20.53,24.13
2025-01-08,2.44,30.82,19.61,21.41
2025-01-09,2.58,30.05,20.95,25.32
2025-01-10,1.44,29.76,18.8,26.08
2025-01-11,0.22,31.07,18.0,28.05
2025-01-12,1.98,31.29,21.4,24.72
2025-01-13,0.37,31.02,18.89,25.52
2025-01-14,0.8,31.63,18.13,24.69
2025-01-15,1.43,31.87,19.73,18.9
2025-01-16,9.51,31.46,22.21,16.34
2025-01-17,2.73,28.37,21.76,17.73
2025-01-18,1.35,30.89,21.39,26.08
2025-01-19,7.31,30.73,21.52,24.72
2025-01-20,2.65,31.6,21.54,28.96
2025-01-21,0.07,32.82,21.6,24.96
2025-01-22,1.1,34.28,22.28,27.4
2025-01-23,11.18,34.13,21.95,22.2
2025-01-24,0.31,33.3,21.3,27.74
2025-01-25,4.26,34.03,21.21,26.2
2025-01-26,10.88,31.91,22.07,22.28
2025-01-27,8.89,28.67,22.14,22.3
2025-01-28,1.62,29.95,20.88,20.03
2025-01-29,2.24,30.36,20.97,13.95
2025-01-30,17.69,30.85,21.65,19.81
2025-01-31,14.73,27.33,21.93,14.4
2025-02-01,8.05,27.91,20.86,14.29
2025-02-02,5.33,28.44,20.49,13.45
2025-02-03,22.69,26.66,21.59,11.05
2025-02-04,7.2,28.1,20.73,14.71
2025-02-05,5.47,28.48,20.93,19.36
2025-02-06,0.39,30.59,20.58,26.13
2025-02-07,3.22,30.76,19.72,21.52
2025-02-08,0.95,30.93,20.39,28.15
2025-02-09,0.18,30.44,18.85,25.34
2025-02-10,0.08,28.88,19.28,21.03
2025-02-11,0.27,30.75,19.64,23.79
2025-02-12,4.45,29.44,20.46,20.84
2025-02-13,2.58,28.92,20.19,19.94
2025-02-14,1.87,30.87,19.42,21.52
2025-02-15,0.06,33.06,20.8,22.41
2025-02-16,0.0,34.05,21.4,27.97
2025-02-17,0.58,34.6,19.57,26.84
2025-02-18,4.87,33.73,22.07,22.25
2025-02-19,5.83,33.38,21.15,25.75
2025-02-20,0.76,35.24,20.98,22.6
2025-02-21,0.46,35.31,22.76,24.55
2025-02-22,0.79,34.88,22.65,22.43
2025-02-23,0.19,33.69,22.44,25.53
2025-02-24,0.39,33.36,20.08,22.82
2025-02-25,0.56,34.65,21.02,24.2
2025-02-26,0.19,35.8,20.66,26.51
2025-02-27,0.08,36.11,20.04,25.88
2025-02-28,0.36,35.5,20.94,25.04
2025-03-01,0.03,35.98,20.44,27.4
2025-03-02,0.0,35.9,21.41,24.05
2025-03-03,0.21,36.37,19.45,23.9
2025-03-04,0.1,35.71,22.2,25.29
2025-03-05,0.16,33.4,21.01,23.83
2025-03-06,0.0,35.12,21.49,27.1
2025-03-07,0.0,35.96,19.45,25.31
2025-03-08,0.01,36.93,19.74,23.96
2025-03-09,0.96,37.3,21.95,24.94
2025-03-10,0.8,38.05,23.62,22.02
2025-03-11,2.47,35.86,22.86,13.9
2025-03-12,0.66,37.43,22.45,21.95
2025-03-13,0.34,37.29,22.93,21.17
2025-03-14,0.08,37.93,22.39,21.64
2025-03-15,0.1,38.29,22.98,20.93
2025-03-16,7.16,38.19,23.77,18.98
2025-03-17,16.08,33.44,21.4,16.84
2025-03-18,5.51,33.32,22.08,18.46
2025-03-19,3.94,32.15,22.13,15.2
2025-03-20,0.35,34.25,19.09,24.18
2025-03-21,0.11,34.16,18.07,23.98
2025-03-22,0.73,34.36,20.25,23.05
2025-03-23,7.9,31.71,21.49,16.6
2025-03-24,0.89,33.52,21.26,17.4
2025-03-25,0.3,35.26,20.77,23.03
2025-03-26,0.42,34.83,21.88,12.95
2025-03-27,0.18,35.23,20.22,22.22
2025-03-28,0.2,35.31,21.68,20.67
2025-03-29,0.55,35.09,23.02,19.0
2025-03-30,3.77,35.45,22.52,18.81
2025-03-31,1.52,32.94,22.88,6.44
