data,PRECTOTCORR,T2M_MAX,T2M_MIN,ALLSKY_SFC_SW_DWN
2013-10-01,15.71,29.37,18.08,9.68
2013-10-02,4.57,29.41,18.7,7.96
2013-10-03,47.63,26.42,20.2,18.59
2013-10-04,1.48,27.0,15.75,8.23
2013-10-05,0.0,26.24,13.42,24.55
2013-10-06,0.0,28.16,11.34,24.43
2013-10-07,0.0,27.23,14.77,25.31
2013-10-08,0.01,27.18,12.89,26.76
2013-10-09,0.0,29.75,14.86,27.26
2013-10-10,0.0,30.49,15.9,23.03
2013-10-11,0.98,29.73,18.75,12.77
2013-10-12,4.11,31.54,18.52,17.75
2013-10-13,0.48,31.09,19.02,17.36
2013-10-14,0.08,30.44,20.57,16.88
2013-10-15,3.22,32.26,21.33,8.95
2013-10-16,13.62,30.24,21.09,9.91
2013-10-17,0.35,31.54,20.42,15.91
2013-10-18,0.0,31.57,18.14,27.14
2013-10-19,0.0,32.09,16.22,29.26
2013-10-20,0.0,35.1,16.28,28.3
2013-10-21,21.36,35.02,22.57,24.87
2013-10-22,0.0,29.91,22.73,18.86
2013-10-23,0.06,31.62,22.4,25.72
2013-10-24,7.32,30.95,21.96,16.51
2013-10-25,4.15,31.15,21.26,23.21
2013-10-26,3.06,33.48,20.63,19.13
2013-10-27,0.32,33.38,20.49,25.46
2013-10-28,0.0,32.56,17.83,28.87
2013-10-29,0.09,29.95,17.53,28.17
2013-10-30,0.06,31.34,18.86,25.4
2013-10-31,0.01,29.99,20.68,27.54
2013-11-01,0.25,33.74,20.34,24.13
2013-11-02,17.64,33.03,21.33,20.59
2013-11-03,15.32,31.88,21.38,12.74
2013-11-04,1.15,31.23,17.33,24.55
2013-11-05,0.0,29.73,16.81,26.82
2013-11-06,0.0,29.5,17.23,18.35
2013-11-07,0.0,30.51,16.39,27.48
2013-11-08,0.0,32.89,18.1,28.48
2013-11-09,0.0,36.17,20.99,28.48
2013-11-10,0.0,38.22,22.74,25.57
2013-11-11,3.42,35.99,23.75,24.41
2013-11-12,0.29,33.64,19.12,26.89
2013-11-13,0.0,35.87,16.06,31.01
2013-11-14,0.0,35.92,18.23,30.5
2013-11-15,2.22,37.97,20.69,29.94
2013-11-16,1.55,33.39,22.25,12.14
2013-11-17,2.23,32.53,21.72,16.32
2013-11-18,0.0,35.37,22.2,24.93
2013-11-19,11.47,32.68,22.75,26.22
2013-11-20,7.82,27.77,23.5,11.27
2013-11-21,36.01,30.16,22.73,17.36
2013-11-22,4.3,31.34,21.81,21.6
2013-11-23,0.0,29.2,19.41,21.01
2013-11-24,0.65,31.03,18.79,19.47
2013-11-25,1.44,31.7,20.73,23.11
2013-11-26,0.0,33.35,20.31,29.24
2013-11-27,0.0,34.87,20.56,28.0
2013-11-28,0.0,37.32,21.9,29.97
2013-11-29,7.85,37.52,24.05,22.41
2013-11-30,4.03,32.78,23.05,25.98
2013-12-01,32.22,31.26,23.73,26.56
2013-12-02,0.61,32.67,23.15,22.14
2013-12-03,0.06,33.38,23.13,28.48
2013-12-04,0.0,34.43,23.1,29.25
2013-12-05,0.32,37.03,23.39,28.59
2013-12-06,3.07,30.68,23.52,20.31
2013-12-07,0.96,31.6,22.84,19.34
2013-12-08,0.12,32.57,22.35,23.38
2013-12-09,3.89,30.65,24.43,25.37
2013-12-10,1.96,29.82,22.82,17.64
2013-12-11,0.0,34.49,21.12,24.22
2013-12-12,0.01,34.56,21.36,25.17
2013-12-13,0.0,35.52,21.14,28.41
2013-12-14,1.06,35.53,22.92,17.48
2013-12-15,1.29,35.62,22.59,25.95
2013-12-16,8.31,36.79,22.56,27.93
2013-12-17,0.78,35.59,21.96,29.57
2013-12-18,0.0,36.25,20.69,29.65
2013-12-19,0.0,36.09,20.26,29.85
2013-12-20,0.0,37.28,21.11,26.87
2013-12-21,0.12,36.39,23.07,26.1
2013-12-22,0.02,34.8,22.98,25.55
2013-12-23,2.75,34.4,22.62,24.74
2013-12-24,2.25,31.25,21.8,23.14
2013-12-25,0.18,32.85,21.48,21.44
2013-12-26,0.0,38.61,22.02,26.54
2013-12-27,1.83,38.56,24.52,22.94
2013-12-28,11.68,34.61,24.64,12.38
2013-12-29,7.11,29.74,24.08,17.85
2013-12-30,6.08,31.13,23.04,20.49
2013-12-31,30.93,32.05,23.36,23.21
2014-01-01,11.58,31.55,23.55,14.05
2014-01-02,2.28,33.51,23.88,27.22
2014-01-03,20.6,32.65,24.06,20.94
2014-01-04,32.23,29.86,23.67,20.07
2014-01-05,2.97,28.38,22.39,27.72
2014-01-06,1.9,29.78,22.53,27.41
2014-01-07,4.98,29.49,22.93,27.32
2014-01-08,7.04,29.7,21.98,21.79
2014-01-09,0.31,31.84,22.41,18.46
2014-01-10,1.9,33.14,21.39,26.88
2014-01-11,2.56,33.67,22.21,28.78
2014-01-12,5.25,30.53,22.95,17.92
2014-01-13,26.27,26.82,21.33,14.71
2014-01-14,3.52,28.29,20.49,15.74
2014-01-15,4.31,29.51,19.79,19.02
2014-01-16,2.06,29.88,21.12,16.51
2014-01-17,7.73,30.55,21.01,24.0
2014-01-18,1.49,31.76,21.5,27.82
2014-01-19,0.0,33.3,22.02,29.88
2014-01-20,0.0,34.31,20.84,30.09
2014-01-21,0.09,34.16,21.57,27.78
2014-01-22,0.44,33.42,22.47,26.01
2014-01-23,0.03,33.19,22.48,24.27
2014-01-24,9.9,33.85,22.2,26.22
2014-01-25,5.86,31.73,22.8,21.5
2014-01-26,6.81,32.34,22.01,19.44
2014-01-27,1.13,33.79,21.61,27.91
2014-01-28,0.0,33.94,22.1,29.6
2014-01-29,0.1,35.38,21.52,29.58
2014-01-30,0.02,35.74,20.12,27.64
2014-01-31,0.22,36.46,22.97,27.66
2014-02-01,0.0,37.49,23.92,28.46
2014-02-02,0.0,37.78,21.51,28.16
2014-02-03,0.0,38.21,20.76,27.64
2014-02-04,0.68,37.23,22.95,28.24
2014-02-05,0.05,36.76,22.8,26.26
2014-02-06,2.6,39.45,22.37,25.1
2014-02-07,0.0,39.73,23.38,29.22
2014-02-08,0.29,40.38,21.1,29.42
2014-02-09,3.35,35.22,23.37,25.05
2014-02-10,1.25,39.58,22.79,28.01
2014-02-11,0.25,39.44,23.94,25.97
2014-02-12,1.08,36.56,23.72,21.61
2014-02-13,11.53,32.77,23.47,21.86
2014-02-14,7.61,31.31,22.51,21.6
2014-02-15,1.3,28.38,21.44,14.61
2014-02-16,0.12,32.74,20.14,15.44
2014-02-17,0.1,33.88,21.24,19.41
2014-02-18,0.0,33.63,21.62,22.29
2014-02-19,0.25,34.76,21.3,24.87
2014-02-20,16.96,32.84,22.63,22.43
2014-02-21,17.66,29.49,23.25,7.56
2014-02-22,19.09,29.55,22.46,16.28
2014-02-23,17.79,29.83,22.61,14.75
2014-02-24,13.77,28.3,22.37,10.83
2014-02-25,7.67,29.8,21.45,19.76
2014-02-26,2.97,30.5,22.32,23.61
2014-02-27,2.96,29.84,22.23,19.96
2014-02-28,0.07,30.53,20.9,22.78
2014-03-01,0.0,31.56,19.11,26.39
2014-03-02,18.62,30.99,19.54,21.95
2014-03-03,5.75,28.94,22.4,13.53
2014-03-04,4.83,30.7,21.53,20.93
2014-03-05,2.21,29.89,22.2,16.85
2014-03-06,10.06,32.19,22.0,23.92
2014-03-07,14.15,30.29,20.37,12.69
2014-03-08,0.1,30.93,18.86,23.75
2014-03-09,0.0,31.76,19.51,26.46
2014-03-10,12.36,32.0,21.89,16.44
2014-03-11,6.16,29.16,22.39,18.51
2014-03-12,3.81,27.41,22.09,9.77
2014-03-13,7.11,30.81,21.37,21.21
2014-03-14,0.43,31.84,21.9,24.76
2014-03-15,3.45,32.19,21.89,17.6
2014-03-16,0.15,32.82,21.55,24.28
2014-03-17,2.14,32.36,21.74,22.15
2014-03-18,0.05,32.04,22.69,23.38
2014-03-19,3.65,30.97,22.66,21.25
2014-03-20,14.45,28.76,22.59,8.81
2014-03-21,12.92,28.92,21.91,10.5
2014-03-22,0.1,29.97,19.41,14.39
2014-03-23,0.0,30.19,17.31,21.8
2014-03-24,0.0,29.95,18.42,24.53
2014-03-25,0.0,30.42,18.15,23.79
2014-03-26,0.0,30.67,19.02,23.69
2014-03-27,0.0,31.59,19.19,22.23
2014-03-28,0.0,30.1,22.23,21.71
2014-03-29,5.19,29.04,21.5,17.22
2014-03-30,5.16,28.52,21.93,10.62
2014-03-31,6.17,28.92,22.58,16.95
2014-04-01,0.3,32.02,21.56,20.13
2014-04-02,0.0,32.2,20.22,21.19
2014-04-03,0.0,31.99,20.34,22.22
2014-04-04,0.0,32.6,20.83,22.25
2014-04-05,0.0,33.74,20.47,22.46
2014-04-06,0.0,34.59,21.79,21.84
2014-04-07,0.0,34.36,22.0,19.95
2014-04-08,0.0,34.09,23.36,18.16
2014-04-09,8.22,32.6,23.3,14.61
2014-04-10,0.02,29.11,22.91,14.19
2014-04-11,2.06,27.6,22.77,16.75
2014-04-12,5.45,29.91,21.42,14.17
2014-04-13,0.89,28.23,17.52,9.33
2014-04-14,0.4,23.98,16.19,9.63
2014-04-15,3.75,24.55,18.23,5.76
2014-04-16,0.03,29.49,17.66,14.74
2014-04-17,0.07,31.76,19.71,19.35
2014-04-18,6.77,31.68,20.22,10.95
2014-04-19,6.82,31.4,20.14,17.88
2014-04-20,0.0,30.01,20.58,15.75
2014-04-21,5.08,28.59,21.76,16.85
2014-04-22,7.08,27.49,21.62,7.27
2014-04-23,1.69,28.1,19.64,15.93
2014-04-24,0.09,28.37,17.46,13.69
2014-04-25,0.01,28.44,15.61,18.47
2014-04-26,0.06,28.38,16.08,20.05
2014-04-27,0.0,27.37,15.78,20.07
2014-04-28,0.34,27.01,13.55,20.09
2014-04-29,0.0,29.05,15.2,18.98
2014-04-30,9.36,29.83,17.33,17.52
2014-05-01,10.73,21.13,16.29,4.43
2014-05-02,0.08,26.35,14.25,15.96
2014-05-03,0.0,29.52,17.91,16.99
2014-05-04,0.07,29.78,17.42,17.34
2014-05-05,0.16,29.73,18.21,11.56
2014-05-06,0.01,28.47,19.24,10.98
2014-05-07,0.07,30.75,17.35,17.41
2014-05-08,0.5,30.64,17.77,16.13
2014-05-09,0.0,28.56,14.64,18.62
2014-05-10,0.0,26.76,12.16,17.35
2014-05-11,0.0,26.98,13.64,17.58
2014-05-12,0.0,29.16,14.26,17.96
2014-05-13,1.61,28.3,17.01,12.92
2014-05-14,0.49,24.93,17.22,13.08
2014-05-15,0.16,28.44,16.16,15.14
2014-05-16,0.46,29.89,16.06,8.52
2014-05-17,1.27,29.21,18.16,16.58
2014-05-18,0.0,29.82,17.5,16.48
2014-05-19,0.0,30.57,15.78,16.25
2014-05-20,0.0,31.02,16.04,16.49
2014-05-21,0.04,31.4,16.79,15.04
2014-05-22,12.95,28.43,20.99,9.37
2014-05-23,15.11,21.47,14.46,3.4
2014-05-24,1.56,18.62,13.03,6.15
2014-05-25,10.62,24.1,14.92,6.65
2014-05-26,0.4,18.17,9.72,5.83
2014-05-27,0.0,20.52,8.14,6.39
2014-05-28,0.04,23.0,8.87,11.48
2014-05-29,0.01,23.76,10.27,16.39
2014-05-30,0.01,25.48,12.62,16.53
2014-05-31,2.79,27.64,14.03,13.74
2014-06-01,4.67,24.03,12.07,6.95
2014-06-02,0.0,21.78,8.94,16.65
2014-06-03,0.01,22.45,6.88,16.68
2014-06-04,0.49,21.12,10.17,9.53
2014-06-05,3.72,28.88,15.93,6.73
2014-06-06,2.84,29.34,20.14,3.03
2014-06-07,0.18,29.72,21.61,13.24
2014-06-08,8.88,27.46,16.67,7.36
2014-06-09,1.8,23.6,14.81,5.27
2014-06-10,0.0,24.84,14.97,12.71
2014-06-11,0.0,27.34,15.11,15.48
2014-06-12,0.06,28.56,16.17,12.85
2014-06-13,4.01,28.54,17.47,15.05
2014-06-14,1.07,27.12,17.35,8.51
2014-06-15,0.34,28.35,17.11,11.48
2014-06-16,0.14,29.68,16.6,13.68
2014-06-17,0.47,28.63,16.54,15.2
2014-06-18,4.14,27.99,15.9,13.79
2014-06-19,1.84,25.9,14.41,9.37
2014-06-20,0.03,25.1,13.2,14.28
2014-06-21,0.02,25.67,12.26,15.0
2014-06-22,0.0,27.27,12.26,14.62
2014-06-23,0.0,29.6,14.22,14.38
2014-06-24,0.0,30.62,15.9,14.49
2014-06-25,0.0,29.97,15.12,13.96
2014-06-26,0.0,30.6,17.31,14.3
2014-06-27,0.03,31.21,17.81,15.08
2014-06-28,1.55,21.96,14.26,6.4
2014-06-29,0.36,20.16,9.68,7.67
2014-06-30,0.03,22.4,7.98,15.74
2014-07-01,0.0,24.95,7.73,15.08
2014-07-02,0.0,27.89,13.01,14.2
2014-07-03,0.0,31.95,16.3,14.77
2014-07-04,0.0,32.56,15.92,15.3
2014-07-05,0.0,30.88,16.41,14.87
2014-07-06,1.64,29.17,15.2,8.11
2014-07-07,4.58,21.37,16.76,8.77
2014-07-08,0.8,23.22,17.53,9.66
2014-07-09,14.62,23.77,16.14,2.5
2014-07-10,1.71,24.96,15.61,7.68
2014-07-11,0.0,25.26,15.05,16.06
2014-07-12,0.0,26.13,13.11,15.88
2014-07-13,0.0,27.35,13.57,16.22
2014-07-14,0.0,27.52,13.54,15.15
2014-07-15,0.0,28.45,14.21,15.9
2014-07-16,0.0,28.29,16.71,14.16
2014-07-17,2.7,29.8,17.86,15.25
2014-07-18,9.71,19.87,10.51,7.59
2014-07-19,0.0,22.16,7.81,16.65
2014-07-20,0.0,23.9,6.05,15.75
2014-07-21,0.01,25.99,8.25,17.25
2014-07-22,0.0,28.75,10.63,16.82
2014-07-23,3.93,30.74,15.55,6.43
2014-07-24,23.83,19.86,9.31,2.81
2014-07-25,0.08,18.94,8.04,14.94
2014-07-26,1.23,22.43,11.0,12.09
2014-07-27,2.45,23.46,11.59,5.61
2014-07-28,0.45,23.03,14.45,8.99
2014-07-29,0.07,26.43,13.3,17.13
2014-07-30,0.08,27.65,13.97,17.28
2014-07-31,0.05,28.88,13.92,17.85
2014-08-01,0.05,30.28,13.79,17.87
2014-08-02,0.0,30.68,14.08,16.97
2014-08-03,0.0,31.08,12.9,18.48
2014-08-04,0.48,32.29,14.55,17.76
2014-08-05,1.79,30.58,17.68,17.39
2014-08-06,0.0,28.69,13.29,18.67
2014-08-07,0.0,32.1,15.03,17.55
2014-08-08,0.0,32.35,17.93,18.21
2014-08-09,0.0,29.67,16.58,17.26
2014-08-10,0.0,27.69,15.11,15.71
2014-08-11,0.0,32.08,14.12,15.6
2014-08-12,0.62,33.29,18.71,17.76
2014-08-13,0.79,23.91,12.8,5.54
2014-08-14,0.01,23.86,11.04,19.21
2014-08-15,0.0,28.12,12.03,13.06
2014-08-16,0.0,31.69,15.8,16.79
2014-08-17,0.19,32.1,18.75,9.95
2014-08-18,0.0,32.37,17.74,18.87
2014-08-19,0.0,33.02,17.29,20.03
2014-08-20,0.0,31.37,14.63,20.98
2014-08-21,0.0,33.22,13.42,19.96
2014-08-22,0.0,34.44,15.62,20.69
2014-08-23,0.0,35.05,17.1,20.57
2014-08-24,0.0,35.41,16.37,20.29
2014-08-25,3.42,35.83,17.82,17.14
2014-08-26,0.02,24.62,13.6,12.9
2014-08-27,0.02,26.68,9.66,17.39
2014-08-28,0.0,30.55,12.2,17.08
2014-08-29,0.0,32.81,15.77,19.45
2014-08-30,0.0,35.49,17.36,20.25
2014-08-31,3.42,36.96,20.4,18.68
2014-09-01,0.6,35.12,19.52,19.52
2014-09-02,5.78,34.92,22.27,17.42
2014-09-03,1.47,35.75,21.49,15.1
2014-09-04,0.0,31.38,20.44,21.0
2014-09-05,0.0,30.67,15.84,22.42
2014-09-06,0.16,35.34,16.27,19.97
2014-09-07,0.46,30.53,18.69,4.72
2014-09-08,0.0,34.46,17.43,21.86
2014-09-09,0.0,35.95,17.67,23.45
2014-09-10,0.0,37.26,17.59,20.24
2014-09-11,0.0,38.52,18.95,22.46
2014-09-12,0.0,37.58,19.65,22.7
2014-09-13,0.0,36.9,19.17,21.32
2014-09-14,0.0,38.23,18.49,22.13
2014-09-15,2.44,29.71,19.17,11.69
2014-09-16,0.0,32.01,15.45,24.08
2014-09-17,0.0,37.04,16.21,23.45
2014-09-18,0.69,38.25,21.23,15.6
2014-09-19,10.18,35.93,23.36,10.61
2014-09-20,4.93,26.59,18.41,7.06
2014-09-21,0.0,30.88,15.35,25.09
2014-09-22,0.0,31.99,13.46,22.02
2014-09-23,0.13,34.98,15.8,24.46
2014-09-24,17.89,34.56,19.32,4.4
2014-09-25,25.35,30.19,19.68,15.05
2014-09-26,38.5,30.48,22.51,9.47
2014-09-27,7.13,28.99,22.4,3.81
2014-09-28,0.05,28.72,22.31,16.91
2014-09-29,18.71,29.56,21.78,20.99
2014-09-30,0.04,31.45,21.17,22.67
2014-10-01,4.81,32.55,21.95,13.0
2014-10-02,0.0,29.53,19.17,23.82
2014-10-03,0.0,28.17,15.31,25.8
2014-10-04,0.0,28.13,13.33,25.87
2014-10-05,0.0,29.75,13.8,23.58
2014-10-06,0.0,31.24,14.64,25.84
2014-10-07,0.31,30.75,16.8,25.02
2014-10-08,0.0,34.12,16.08,27.38
2014-10-09,0.0,35.54,16.56,28.06
2014-10-10,0.0,37.7,18.02,25.96
2014-10-11,0.0,38.84,23.33,26.63
2014-10-12,0.0,39.97,21.74,27.19
2014-10-13,0.0,40.62,21.09,27.21
2014-10-14,0.39,40.61,22.29,22.14
2014-10-15,0.1,40.92,23.85,25.03
2014-10-16,0.0,41.15,23.1,25.09
2014-10-17,3.79,40.98,23.93,24.03
2014-10-18,0.0,40.08,23.6,20.78
2014-10-19,11.12,36.62,22.84,18.85
2014-10-20,8.42,34.86,21.57,6.54
2014-10-21,0.0,32.54,21.46,25.65
2014-10-22,0.0,33.6,18.21,27.21
2014-10-23,0.0,35.75,18.21,26.82
2014-10-24,0.55,32.17,21.95,16.28
2014-10-25,3.51,27.94,21.85,11.23
2014-10-26,1.51,34.35,20.67,19.41
2014-10-27,0.0,35.41,20.82,25.29
2014-10-28,0.0,36.61,22.23,27.29
2014-10-29,0.0,37.09,21.43,27.88
2014-10-30,26.67,34.03,23.91,23.11
2014-10-31,1.0,31.91,22.42,20.48
2014-11-01,0.04,32.04,22.82,19.78
2014-11-02,9.73,31.54,23.13,21.9
2014-11-03,1.73,30.2,23.41,16.36
2014-11-04,5.94,32.32,22.87,13.72
2014-11-05,0.21,34.83,23.5,25.08
2014-11-06,0.2,33.88,23.59,28.52
2014-11-07,20.13,33.54,22.86,19.99
2014-11-08,2.93,33.07,23.24,13.75
2014-11-09,0.0,32.68,22.26,24.77
2014-11-10,0.0,34.28,19.91,28.72
2014-11-11,1.29,33.34,18.85,23.86
2014-11-12,12.31,30.61,20.97,13.9
2014-11-13,0.04,33.53,19.75,26.92
2014-11-14,0.01,32.29,18.43,23.11
2014-11-15,0.0,32.21,17.07,30.29
2014-11-16,0.0,33.18,17.23,31.02
2014-11-17,0.0,33.84,17.04,28.19
2014-11-18,0.0,34.51,15.75,30.22
2014-11-19,6.49,36.29,19.81,25.23
2014-11-20,3.89,33.22,22.17,16.72
2014-11-21,12.8,32.29,21.75,16.78
2014-11-22,9.92,26.7,22.32,6.16
2014-11-23,0.29,32.95,21.87,24.0
2014-11-24,0.58,32.74,22.05,17.22
2014-11-25,18.03,27.67,22.21,11.5
2014-11-26,0.6,30.17,21.47,19.04
2014-11-27,1.7,30.99,23.13,20.5
2014-11-28,0.36,30.47,23.06,22.03
2014-11-29,0.0,31.65,22.16,27.21
2014-11-30,2.72,33.61,22.62,23.33
2014-12-01,0.43,31.39,23.86,19.71
2014-12-02,4.36,31.51,22.56,21.38
2014-12-03,3.44,32.52,22.92,17.68
2014-12-04,3.09,34.78,21.39,25.25
2014-12-05,0.49,33.13,22.02,28.63
2014-12-06,0.02,34.25,20.09,28.49
2014-12-07,0.84,33.53,22.21,26.32
2014-12-08,2.79,30.07,22.4,14.8
2014-12-09,7.83,30.5,21.57,19.09
2014-12-10,3.43,31.61,22.26,19.62
2014-12-11,3.27,29.98,22.98,21.71
2014-12-12,0.51,30.85,22.47,19.29
2014-12-13,0.27,35.42,23.21,23.18
2014-12-14,0.77,37.24,22.53,26.58
2014-12-15,0.39,33.13,23.31,29.22
2014-12-16,0.0,32.55,21.74,28.0
2014-12-17,2.31,36.93,20.38,24.4
2014-12-18,0.01,34.03,23.58,18.6
2014-12-19,0.0,32.9,23.18,26.35
2014-12-20,0.62,36.41,22.88,25.67
2014-12-21,3.95,32.0,24.47,16.77
2014-12-22,17.78,27.83,22.29,6.77
2014-12-23,0.81,33.11,21.16,12.83
2014-12-24,2.03,31.87,19.53,14.18
2014-12-25,2.29,34.01,21.86,22.53
2014-12-26,0.12,34.45,23.43,28.56
2014-12-27,4.05,33.43,23.17,23.21
2014-12-28,0.49,37.38,23.95,27.31
2014-12-29,2.85,35.38,24.0,24.67
2014-12-30,1.81,36.88,23.68,22.19
2014-12-31,8.26,35.09,24.56,26.34
2015-01-01,2.04,33.59,23.38,26.54
2015-01-02,1.38,33.66,23.05,23.17
2015-01-03,1.31,33.87,23.71,22.6
2015-01-04,4.94,32.23,23.87,9.04
2015-01-05,5.48,33.8,22.65,24.76
2015-01-06,8.38,33.44,23.53,26.92
2015-01-07,7.09,30.26,23.79,23.14
2015-01-08,7.39,33.49,22.92,26.36
2015-01-09,1.18,32.92,24.3,20.21
2015-01-10,1.13,36.45,24.27,28.6
2015-01-11,2.26,35.5,22.59,26.86
2015-01-12,0.04,37.17,25.28,28.02
2015-01-13,0.76,34.61,25.36,27.83
2015-01-14,2.59,32.64,24.9,12.89
2015-01-15,0.24,37.31,22.65,29.61
2015-01-16,0.0,32.77,23.83,29.1
2015-01-17,0.0,38.65,23.88,27.6
2015-01-18,0.33,32.36,24.31,25.97
2015-01-19,0.08,38.8,23.12,27.93
2015-01-20,0.05,38.64,24.09,19.12
2015-01-21,0.04,39.37,23.58,29.21
2015-01-22,0.09,37.2,23.69,27.69
2015-01-23,0.01,35.98,22.62,28.49
2015-01-24,0.87,37.58,22.78,28.87
2015-01-25,3.78,35.22,23.05,22.1
2015-01-26,9.05,30.51,23.23,21.17
2015-01-27,10.64,28.03,22.98,17.42
2015-01-28,12.92,29.23,22.97,18.69
2015-01-29,15.32,31.73,22.76,14.39
2015-01-30,3.83,31.1,22.9,17.72
2015-01-31,0.29,32.15,22.92,25.11
2015-02-01,0.14,34.23,23.37,26.96
2015-02-02,0.12,35.17,22.96,25.51
2015-02-03,6.29,31.77,23.83,22.35
2015-02-04,5.75,28.74,23.51,14.02
2015-02-05,2.98,32.96,22.78,24.34
2015-02-06,0.5,33.48,21.44,26.49
2015-02-07,6.0,34.11,20.95,27.92
2015-02-08,7.15,34.43,20.99,26.3
2015-02-09,0.62,34.63,21.56,22.89
2015-02-10,1.13,35.06,22.7,21.66
2015-02-11,6.86,32.19,24.13,20.24
2015-02-12,4.12,30.73,23.78,25.29
2015-02-13,7.33,33.39,23.55,20.59
2015-02-14,4.44,31.41,22.75,15.72
2015-02-15,11.56,29.61,21.68,12.16
2015-02-16,11.92,33.51,19.84,15.85
2015-02-17,9.67,27.91,22.87,9.72
2015-02-18,3.19,31.67,21.89,14.71
2015-02-19,2.99,31.91,23.35,13.7
2015-02-20,3.99,31.06,22.39,15.68
2015-02-21,1.37,29.83,23.34,23.16
2015-02-22,0.1,31.68,23.16,26.51
2015-02-23,0.05,32.96,22.79,26.03
2015-02-24,1.24,33.12,23.02,23.22
2015-02-25,0.41,31.9,22.42,23.44
2015-02-26,0.27,33.99,22.35,24.77
2015-02-27,2.93,31.15,22.75,26.22
2015-02-28,0.19,34.55,23.4,24.21
2015-03-01,0.0,32.51,21.98,25.25
2015-03-02,0.0,34.07,21.52,21.79
2015-03-03,0.6,30.63,23.66,20.8
2015-03-04,4.78,31.19,23.37,22.47
2015-03-05,2.56,35.25,21.26,23.78
2015-03-06,6.68,33.35,23.73,17.27
2015-03-07,6.0,32.39,23.06,17.26
2015-03-08,8.54,30.78,22.52,14.34
2015-03-09,3.32,32.4,21.0,17.18
2015-03-10,0.74,32.87,21.3,22.07
2015-03-11,0.35,34.24,20.97,24.55
2015-03-12,1.54,33.22,21.17,19.02
2015-03-13,1.12,33.09,21.43,25.17
2015-03-14,1.38,32.47,22.12,25.01
2015-03-15,0.55,35.12,21.2,22.62
2015-03-16,0.08,35.15,21.61,23.33
2015-03-17,0.06,35.05,22.51,23.8
2015-03-18,0.01,34.58,21.97,23.3
2015-03-19,1.0,30.31,20.51,15.75
2015-03-20,0.36,32.41,19.84,16.4
2015-03-21,4.88,31.37,20.47,17.79
2015-03-22,0.18,34.49,19.85,23.5
2015-03-23,0.0,34.64,17.42,22.96
2015-03-24,0.0,34.8,20.02,24.91
2015-03-25,0.0,34.93,19.4,24.31
2015-03-26,13.59,33.83,21.23,21.61
2015-03-27,1.47,33.54,21.45,15.2
2015-03-28,2.06,33.33,21.61,16.31
2015-03-29,5.58,32.41,21.86,15.1
2015-03-30,2.56,32.23,22.01,18.35
2015-03-31,0.24,33.19,19.41,21.45
2015-04-01,0.81,33.33,19.75,21.02
2015-04-02,0.0,33.99,19.47,21.66
2015-04-03,0.01,33.57,21.33,19.24
2015-04-04,8.22,33.58,21.63,21.47
2015-04-05,7.46,32.01,22.31,12.99
2015-04-06,0.11,29.83,18.86,16.95
2015-04-07,0.0,29.47,17.61,20.78
2015-04-08,0.0,30.75,18.02,22.1
2015-04-09,0.0,32.88,18.24,20.6
2015-04-10,0.0,32.93,19.31,19.5
2015-04-11,0.0,32.94,20.1,19.96
2015-04-12,0.0,33.65,20.0,20.3
2015-04-13,0.0,33.92,20.56,20.76
2015-04-14,4.71,32.44,20.74,14.61
2015-04-15,1.56,33.41,21.18,15.75
2015-04-16,0.04,34.46,21.88,18.01
2015-04-17,2.51,31.16,23.17,18.91
2015-04-18,0.78,30.71,22.28,7.43
2015-04-19,0.01,33.72,21.08,17.75
2015-04-20,0.01,34.24,22.37,18.51
2015-04-21,0.33,33.12,22.57,16.74
2015-04-22,2.56,30.41,22.79,11.84
2015-04-23,0.07,33.76,20.44,15.77
2015-04-24,0.0,34.92,19.99,17.34
2015-04-25,0.0,34.35,18.81,20.09
2015-04-26,0.0,31.85,18.65,18.76
2015-04-27,0.0,32.58,17.12,20.16
2015-04-28,0.0,33.44,17.31,16.34
2015-04-29,0.0,32.02,18.04,18.93
2015-04-30,0.0,31.4,17.91,19.47
2015-05-01,0.0,31.73,16.75,18.03
2015-05-02,0.0,32.79,16.34,19.38
2015-05-03,6.12,33.74,18.63,12.87
2015-05-04,41.43,26.79,15.95,10.33
2015-05-05,0.0,27.04,13.31,15.4
2015-05-06,0.0,28.55,17.21,12.09
2015-05-07,0.15,28.59,15.19,16.88
2015-05-08,0.01,26.27,16.59,14.57
2015-05-09,0.42,28.89,14.68,15.97
2015-05-10,3.26,29.76,18.38,3.61
2015-05-11,1.41,25.93,14.3,12.74
2015-05-12,0.0,25.71,12.06,17.78
2015-05-13,0.0,27.39,14.45,15.44
2015-05-14,0.0,25.8,15.29,14.58
2015-05-15,0.0,28.56,16.33,10.75
2015-05-16,0.05,29.16,18.26,11.28
2015-05-17,0.04,26.7,17.82,12.42
2015-05-18,0.07,27.59,17.5,5.45
2015-05-19,0.03,27.95,18.29,13.68
2015-05-20,0.06,29.12,17.07,13.59
2015-05-21,0.03,29.73,18.24,14.94
2015-05-22,0.0,31.18,18.48,16.42
2015-05-23,0.0,32.33,19.06,15.51
2015-05-24,1.31,30.24,20.37,12.79
2015-05-25,0.41,33.27,20.47,14.17
2015-05-26,2.5,33.32,21.36,14.1
2015-05-27,0.81,29.95,19.47,6.52
2015-05-28,1.05,25.62,14.69,7.54
2015-05-29,0.0,25.17,10.96,14.54
2015-05-30,0.51,26.05,11.47,4.15
2015-05-31,5.39,25.73,16.35,4.42
2015-06-01,1.09,27.5,13.9,8.01
2015-06-02,0.27,24.54,16.93,8.09
2015-06-03,0.01,28.48,16.52,10.0
2015-06-04,0.0,30.4,16.62,15.75
2015-06-05,0.0,29.8,15.33,15.56
2015-06-06,0.0,30.36,15.86,15.04
2015-06-07,0.0,31.37,16.23,14.01
2015-06-08,0.0,31.86,17.12,15.76
2015-06-09,0.0,31.65,16.34,15.13
2015-06-10,0.0,31.46,18.6,12.48
2015-06-11,0.04,32.95,18.54,15.16
2015-06-12,0.13,32.0,19.41,9.3
2015-06-13,0.0,32.45,18.67,15.33
2015-06-14,0.41,32.71,18.57,13.45
2015-06-15,1.6,23.64,9.83,6.17
2015-06-16,0.01,24.69,6.73,10.81
2015-06-17,0.0,31.92,14.65,14.63
2015-06-18,0.02,26.19,14.1,10.15
2015-06-19,0.0,25.72,9.89,12.03
2015-06-20,0.0,27.51,13.11,15.6
2015-06-21,0.0,30.55,15.99,15.18
2015-06-22,0.0,30.3,15.38,15.15
2015-06-23,0.0,30.08,15.0,14.11
2015-06-24,0.0,27.77,15.75,14.1
2015-06-25,0.0,27.36,14.91,15.12
2015-06-26,0.0,27.07,14.66,14.25
2015-06-27,0.0,27.82,13.82,15.19
2015-06-28,0.0,27.16,13.32,14.91
2015-06-29,0.0,28.35,13.14,14.55
2015-06-30,9.01,29.36,15.3,7.22
2015-07-01,5.47,25.96,17.93,7.0
2015-07-02,5.11,23.59,17.4,2.36
2015-07-03,2.56,29.35,17.37,2.27
2015-07-04,2.91,17.1,11.02,7.33
2015-07-05,0.0,24.26,9.42,8.25
2015-07-06,3.11,18.91,13.87,6.6
2015-07-07,7.78,24.03,16.95,4.08
2015-07-08,1.9,23.09,12.49,8.64
2015-07-09,0.16,24.69,10.29,14.21
2015-07-10,13.34,28.05,15.65,12.82
2015-07-11,14.14,27.09,17.92,3.02
2015-07-12,10.14,27.5,17.94,10.78
2015-07-13,0.12,30.33,20.6,14.28
2015-07-14,2.34,30.24,20.28,10.63
2015-07-15,1.52,28.0,16.82,5.36
2015-07-16,0.14,27.12,15.92,7.94
2015-07-17,1.13,27.6,17.55,12.28
2015-07-18,0.04,29.56,16.23,15.75
2015-07-19,0.0,29.65,15.67,16.55
2015-07-20,0.09,30.61,16.21,16.23
2015-07-21,1.53,23.71,11.05,7.48
2015-07-22,0.04,25.59,8.88,11.88
2015-07-23,0.05,27.05,14.2,10.29
2015-07-24,0.17,26.25,16.1,7.1
2015-07-25,0.03,25.72,12.68,14.27
2015-07-26,0.05,27.76,10.67,17.57
2015-07-27,0.01,30.11,12.28,17.82
2015-07-28,0.0,30.31,13.46,17.28
2015-07-29,0.0,32.08,14.68,16.23
2015-07-30,0.0,31.66,15.17,17.26
2015-07-31,0.0,32.13,15.52,17.8
2015-08-01,0.0,32.02,15.4,17.43
2015-08-02,0.0,32.49,15.28,18.04
2015-08-03,0.0,33.92,16.03,18.04
2015-08-04,0.0,33.32,17.62,17.66
2015-08-05,0.0,33.32,17.43,15.54
2015-08-06,0.0,33.86,16.97,18.03
2015-08-07,0.0,34.98,17.12,18.7
2015-08-08,0.0,34.81,17.25,17.61
2015-08-09,0.0,34.08,17.15,18.67
2015-08-10,0.0,34.5,17.04,18.13
2015-08-11,0.0,33.93,17.58,18.86
2015-08-12,0.0,33.28,17.05,19.17
2015-08-13,0.0,33.78,16.29,19.84
2015-08-14,0.0,30.86,16.18,18.17
2015-08-15,0.0,33.07,16.42,17.12
2015-08-16,0.0,34.08,17.07,18.49
2015-08-17,0.0,32.37,17.89,13.81
2015-08-18,3.27,35.65,18.54,13.88
2015-08-19,0.0,28.49,13.07,19.5
2015-08-20,0.13,29.23,14.28,20.54
2015-08-21,0.0,29.83,14.55,20.04
2015-08-22,0.0,33.27,14.61,19.87
2015-08-23,0.05,34.1,17.3,17.61
2015-08-24,1.89,35.96,19.24,6.62
2015-08-25,0.61,32.54,18.82,16.32
2015-08-26,0.39,33.82,17.63,14.25
2015-08-27,6.41,27.7,16.09,3.59
2015-08-28,0.0,32.0,12.54,20.4
2015-08-29,1.96,32.27,13.46,22.11
2015-08-30,0.0,35.49,13.26,21.49
2015-08-31,0.0,37.61,17.0,19.71
2015-09-01,0.0,38.01,17.4,21.17
2015-09-02,0.0,35.68,19.15,20.06
2015-09-03,0.0,37.58,19.06,20.17
2015-09-04,0.11,32.71,20.37,14.0
2015-09-05,0.14,30.53,18.78,13.34
2015-09-06,0.01,30.8,16.6,14.41
2015-09-07,3.7,35.12,18.71,13.91
2015-09-08,18.75,34.7,18.18,4.52
2015-09-09,0.17,30.88,15.87,15.9
2015-09-10,69.78,24.66,18.12,2.01
2015-09-11,2.63,27.27,12.77,7.12
2015-09-12,0.41,23.89,10.34,8.27
2015-09-13,0.0,26.86,8.07,18.73
2015-09-14,0.0,28.71,12.3,22.46
2015-09-15,0.0,32.85,15.6,21.01
2015-09-16,0.3,36.65,19.94,22.32
2015-09-17,0.0,38.08,22.17,20.4
2015-09-18,0.12,38.48,21.83,21.15
2015-09-19,0.07,38.85,22.54,23.28
2015-09-20,0.0,38.8,19.13,24.2
2015-09-21,0.0,38.86,19.12,24.11
2015-09-22,0.0,39.21,18.81,23.92
2015-09-23,0.0,39.72,19.43,24.08
2015-09-24,1.53,39.3,21.16,20.6
2015-09-25,9.58,38.37,22.72,17.27
2015-09-26,9.53,31.35,23.08,4.33
2015-09-27,6.09,27.63,19.88,13.61
2015-09-28,0.04,30.39,18.75,16.55
2015-09-29,9.67,32.2,18.05,19.0
2015-09-30,4.66,30.48,21.14,6.18
2015-10-01,0.05,33.46,19.8,24.22
2015-10-02,8.05,35.22,21.52,21.49
2015-10-03,9.89,27.49,21.85,5.06
2015-10-04,0.04,31.58,21.34,19.7
2015-10-05,0.0,34.27,20.58,23.28
2015-10-06,0.0,35.24,20.79,23.73
2015-10-07,0.58,37.66,20.12,25.28
2015-10-08,1.56,38.56,23.94,23.95
2015-10-09,32.65,29.12,23.13,9.65
2015-10-10,26.67,29.16,19.84,8.35
2015-10-11,19.36,23.88,17.44,6.43
2015-10-12,12.46,20.09,16.01,3.34
2015-10-13,0.06,27.63,15.6,22.13
2015-10-14,0.04,33.84,19.44,26.32
2015-10-15,0.0,36.93,20.64,25.71
2015-10-16,0.0,38.28,20.74,24.56
2015-10-17,0.11,36.73,24.33,22.56
2015-10-18,0.01,33.94,21.99,22.68
2015-10-19,0.0,34.87,18.44,26.09
2015-10-20,0.06,39.95,21.94,23.74
2015-10-21,0.0,40.19,22.79,23.15
2015-10-22,2.42,39.44,23.36,20.72
2015-10-23,10.24,36.1,23.48,14.35
2015-10-24,0.3,31.95,23.14,21.27
2015-10-25,1.89,35.79,20.23,25.11
2015-10-26,9.73,31.87,21.87,16.09
2015-10-27,9.7,31.06,22.11,11.02
2015-10-28,3.16,31.82,22.64,21.94
2015-10-29,0.01,33.51,22.09,28.03
2015-10-30,0.83,34.7,20.25,26.52
2015-10-31,5.43,26.68,22.78,10.41
2015-11-01,4.84,32.24,21.16,19.37
2015-11-02,3.28,32.22,20.22,17.21
2015-11-03,14.55,29.78,21.64,15.98
2015-11-04,15.24,31.65,22.59,13.57
2015-11-05,7.32,31.96,22.08,17.41
2015-11-06,0.01,31.83,19.78,23.37
2015-11-07,5.8,32.74,20.59,26.53
2015-11-08,3.01,31.96,21.64,16.48
2015-11-09,0.15,34.45,22.17,21.71
2015-11-10,0.0,36.56,23.63,25.93
2015-11-11,1.96,36.2,24.63,22.42
2015-11-12,8.35,32.08,24.55,19.74
2015-11-13,0.96,32.78,23.37,25.04
2015-11-14,5.79,33.28,24.14,25.43
2015-11-15,10.24,32.09,24.18,22.2
2015-11-16,31.54,32.09,23.73,18.61
2015-11-17,20.45,31.84,23.43,11.76
2015-11-18,9.89,29.71,23.09,10.94
2015-11-19,20.29,32.94,23.67,18.86
2015-11-20,24.25,27.67,17.8,8.1
2015-11-21,0.09,30.71,14.83,28.24
2015-11-22,0.72,33.09,21.66,23.34
2015-11-23,8.99,33.3,24.09,6.49
2015-11-24,5.64,28.71,24.56,3.49
2015-11-25,47.5,26.29,23.47,3.59
2015-11-26,0.79,28.95,23.19,18.38
2015-11-27,1.61,32.35,22.76,25.49
2015-11-28,13.9,28.21,23.67,8.44
2015-11-29,15.79,27.25,22.16,16.16
2015-11-30,8.65,27.73,21.24,15.53
2015-12-01,0.81,30.81,22.02,22.35
2015-12-02,0.67,29.01,22.38,17.92
2015-12-03,3.65,31.65,21.71,10.84
2015-12-04,9.84,32.34,22.2,20.41
2015-12-05,3.76,29.15,22.82,13.73
2015-12-06,2.5,30.34,22.28,12.63
2015-12-07,0.41,31.36,21.05,25.36
2015-12-08,1.03,30.57,22.33,22.9
2015-12-09,4.79,30.49,23.48,15.68
2015-12-10,3.56,28.51,24.08,9.31
2015-12-11,6.01,31.01,23.26,9.62
2015-12-12,6.66,32.15,23.3,5.77
2015-12-13,1.53,33.57,22.72,27.05
2015-12-14,1.69,30.38,24.19,28.87
2015-12-15,2.34,28.92,23.7,11.92
2015-12-16,1.07,29.99,22.38,22.06
2015-12-17,0.18,30.72,22.65,28.7
2015-12-18,0.46,34.89,22.97,24.89
2015-12-19,2.37,31.18,23.56,13.91
2015-12-20,5.19,30.01,23.3,16.53
2015-12-21,4.65,31.29,22.55,25.14
2015-12-22,1.75,33.18,22.91,26.7
2015-12-23,8.74,30.71,24.66,23.16
2015-12-24,22.07,30.17,24.05,22.2
2015-12-25,16.18,30.8,23.81,20.08
2015-12-26,21.99,30.4,22.78,14.68
2015-12-27,3.01,30.59,22.8,15.52
2015-12-28,5.76,28.18,23.14,12.98
2015-12-29,3.25,27.51,23.0,12.35
2015-12-30,4.44,29.72,23.51,16.6
2015-12-31,19.27,30.6,23.55,19.64
2016-01-01,9.57,28.77,23.58,15.03
2016-01-02,1.2,31.55,23.67,20.4
2016-01-03,1.98,31.73,23.63,15.79
2016-01-04,1.92,29.07,23.44,19.11
2016-01-05,1.67,30.05,23.51,26.31
2016-01-06,6.47,29.81,23.8,16.43
2016-01-07,1.47,31.3,23.13,22.36
2016-01-08,10.23,30.21,23.93,21.95
2016-01-09,27.98,28.72,24.12,8.27
2016-01-10,8.86,28.51,23.46,15.3
2016-01-11,15.18,26.87,23.16,6.63
2016-01-12,2.82,31.53,23.84,18.31
2016-01-13,1.29,28.47,24.34,17.35
2016-01-14,0.34,28.92,24.34,21.64
2016-01-15,0.11,31.37,23.79,18.83
2016-01-16,0.11,31.49,22.96,26.28
2016-01-17,0.0,30.25,20.72,30.62
2016-01-18,0.29,30.7,19.02,30.66
2016-01-19,0.23,31.21,18.82,30.06
2016-01-20,0.02,31.89,19.81,29.24
2016-01-21,0.1,31.62,18.32,30.18
2016-01-22,0.0,30.93,19.69,30.52
2016-01-23,0.07,32.78,19.43,29.54
2016-01-24,0.01,34.06,19.0,29.48
2016-01-25,1.98,34.67,24.05,21.64
2016-01-26,3.02,35.57,23.19,26.02
2016-01-27,2.1,30.65,24.38,19.78
2016-01-28,0.5,33.41,23.4,24.8
2016-01-29,1.43,32.54,23.64,22.43
2016-01-30,4.37,31.42,23.37,16.19
2016-01-31,3.73,29.29,23.05,20.43
2016-02-01,1.24,30.64,22.0,21.47
2016-02-02,1.19,30.4,22.8,25.78
2016-02-03,3.18,29.26,23.13,20.49
2016-02-04,13.39,28.04,21.04,19.37
2016-02-05,2.82,31.78,21.9,18.73
2016-02-06,0.62,32.94,22.18,25.3
2016-02-07,4.1,33.16,23.23,20.39
2016-02-08,4.12,32.44,23.23,23.94
2016-02-09,4.91,34.85,24.35,25.05
2016-02-10,2.67,33.35,23.3,25.29
2016-02-11,2.13,31.89,24.76,20.88
2016-02-12,1.6,33.73,23.95,19.46
2016-02-13,0.46,32.68,24.84,25.43
2016-02-14,0.02,33.68,22.43,22.34
2016-02-15,6.31,35.65,22.91,21.15
2016-02-16,7.21,30.61,24.52,18.19
2016-02-17,4.13,33.61,23.89,20.68
2016-02-18,8.03,32.12,23.78,18.54
2016-02-19,0.53,33.44,23.99,25.78
2016-02-20,5.26,32.88,23.98,25.28
2016-02-21,7.08,29.3,23.88,17.65
2016-02-22,17.28,27.56,23.52,8.96
2016-02-23,11.28,26.21,22.39,6.67
2016-02-24,3.03,25.85,21.79,8.64
2016-02-25,4.53,30.72,21.22,14.89
2016-02-26,4.57,30.73,22.67,20.31
2016-02-27,10.68,31.34,23.22,17.02
2016-02-28,5.66,30.4,23.15,8.75
2016-02-29,1.86,30.99,21.18,10.47
2016-03-01,0.58,28.22,20.83,19.24
2016-03-02,3.2,27.39,21.88,13.84
2016-03-03,0.31,30.95,21.72,19.34
2016-03-04,0.0,29.93,18.93,26.12
2016-03-05,0.0,30.44,17.83,25.13
2016-03-06,0.0,31.59,18.09,23.64
2016-03-07,0.07,33.48,19.47,22.67
2016-03-08,10.72,32.3,22.76,21.97
2016-03-09,14.74,31.06,23.76,15.63
2016-03-10,2.05,31.85,19.68,13.46
2016-03-11,0.01,29.29,17.81,21.11
2016-03-12,0.0,27.83,15.76,27.09
2016-03-13,0.0,30.35,15.47,25.15
2016-03-14,0.02,31.92,20.47,23.91
2016-03-15,0.1,31.89,22.47,22.85
2016-03-16,0.03,31.6,22.06,24.09
2016-03-17,0.0,33.02,21.45,24.67
2016-03-18,0.0,34.28,21.94,24.87
2016-03-19,0.0,34.76,22.55,24.26
2016-03-20,0.0,35.11,22.52,24.28
2016-03-21,0.0,36.26,21.72,23.87
2016-03-22,1.06,34.08,21.26,17.35
2016-03-23,1.98,30.93,23.25,18.14
2016-03-24,13.49,31.37,22.19,10.76
2016-03-25,7.05,31.43,21.52,14.25
2016-03-26,0.24,28.73,18.7,19.82
2016-03-27,0.06,27.64,16.87,22.08
2016-03-28,0.01,30.49,16.49,21.23
2016-03-29,0.05,34.19,18.4,22.64
2016-03-30,0.11,33.28,21.25,21.88
2016-03-31,0.52,31.6,23.14,20.27
2016-04-01,0.38,33.28,21.99,22.28
2016-04-02,0.01,34.31,21.8,22.73
2016-04-03,0.0,35.95,21.31,21.99
2016-04-04,0.0,35.87,21.96,22.38
2016-04-05,0.0,35.93,22.64,21.99
2016-04-06,0.01,35.89,21.93,22.18
2016-04-07,0.01,36.01,22.34,22.3
2016-04-08,0.0,37.04,21.88,22.2
2016-04-09,0.0,37.26,21.78,20.94
2016-04-10,0.03,36.78,22.4,19.01
2016-04-11,0.07,35.67,21.24,19.71
2016-04-12,0.0,36.09,21.5,19.98
2016-04-13,0.01,35.98,22.1,20.67
2016-04-14,0.0,34.84,22.16,18.2
2016-04-15,0.0,33.5,22.4,15.86
2016-04-16,0.0,36.02,22.06,19.41
2016-04-17,0.0,36.14,21.04,21.44
2016-04-18,0.0,36.21,21.06,20.33
2016-04-19,0.0,36.09,22.23,19.8
2016-04-20,0.0,36.04,20.42,16.71
2016-04-21,0.0,36.96,21.87,18.73
2016-04-22,0.0,36.27,23.54,14.14
2016-04-23,0.0,35.95,21.6,20.2
2016-04-24,0.0,35.66,21.98,16.8
2016-04-25,6.31,30.52,23.16,11.27
2016-04-26,29.92,25.34,12.8,2.79
2016-04-27,0.16,18.57,8.58,18.4
2016-04-28,0.0,16.09,6.8,11.58
2016-04-29,0.0,21.49,6.42,18.02
2016-04-30,0.0,22.27,7.36,19.98
2016-05-01,0.0,23.6,6.59,20.66
2016-05-02,0.0,24.77,9.33,18.77
2016-05-03,0.0,28.68,11.23,19.16
2016-05-04,0.0,29.0,14.23,18.57
2016-05-05,0.05,30.38,14.95,17.62
2016-05-06,0.5,31.26,16.72,5.0
2016-05-07,1.36,29.93,17.66,10.34
2016-05-08,4.65,28.83,18.17,6.44
2016-05-09,44.11,26.65,18.89,7.66
2016-05-10,1.46,23.97,18.6,7.35
2016-05-11,1.26,23.74,18.39,8.37
2016-05-12,2.41,27.09,17.45,8.07
2016-05-13,0.47,25.39,17.87,9.94
2016-05-14,0.03,26.75,16.16,17.27
2016-05-15,0.31,29.53,17.15,16.87
2016-05-16,0.2,23.09,13.42,7.43
2016-05-17,0.12,22.63,10.92,15.84
2016-05-18,8.65,20.1,13.93,5.66
2016-05-19,0.45,24.35,13.16,7.1
2016-05-20,1.65,27.16,18.09,13.98
2016-05-21,0.65,26.71,17.65,6.65
2016-05-22,2.57,21.99,14.36,3.88
2016-05-23,0.07,20.01,9.19,17.34
2016-05-24,0.0,21.33,7.63,17.46
2016-05-25,0.0,24.27,10.89,14.43
2016-05-26,0.19,27.96,13.27,15.42
2016-05-27,16.74,25.75,18.35,8.2
2016-05-28,7.02,22.9,17.63,10.46
2016-05-29,38.45,21.41,15.89,8.32
2016-05-30,4.01,23.99,16.62,4.18
2016-05-31,4.4,19.23,14.74,4.51
2016-06-01,4.01,24.96,13.79,5.86
2016-06-02,4.0,17.56,11.98,10.26
2016-06-03,0.23,20.76,9.73,8.38
2016-06-04,3.09,23.0,12.57,4.76
2016-06-05,11.48,23.14,15.03,6.57
2016-06-06,9.61,20.71,14.38,3.67
2016-06-07,0.41,18.93,8.55,14.06
2016-06-08,0.0,18.43,6.47,14.69
2016-06-09,0.0,18.5,6.61,15.18
2016-06-10,0.0,19.47,5.05,12.85
2016-06-11,0.0,17.3,4.4,15.4
2016-06-12,0.0,17.1,2.44,17.07
2016-06-13,0.0,18.33,2.44,16.84
2016-06-14,0.0,20.65,6.04,16.02
2016-06-15,0.0,24.84,8.28,15.66
2016-06-16,0.01,26.62,11.47,15.6
2016-06-17,0.01,26.76,13.66,14.87
2016-06-18,0.08,26.39,14.01,12.97
2016-06-19,0.16,25.62,14.33,12.45
2016-06-20,0.16,25.8,14.31,10.89
2016-06-21,0.17,22.88,16.29,12.37
2016-06-22,0.24,23.79,14.17,11.21
2016-06-23,0.05,25.38,12.89,15.33
2016-06-24,0.0,26.13,14.27,15.07
2016-06-25,0.0,25.92,14.88,13.58
2016-06-26,0.0,26.79,15.81,14.98
2016-06-27,0.0,25.99,14.29,15.83
2016-06-28,0.0,26.07,13.05,13.96
2016-06-29,0.0,26.25,13.69,15.51
2016-06-30,0.0,26.46,14.58,11.92
2016-07-01,0.0,27.68,13.86,15.17
2016-07-02,0.04,28.66,15.49,15.71
2016-07-03,0.0,28.59,14.16,15.98
2016-07-04,3.17,27.38,14.73,13.31
2016-07-05,0.23,26.51,14.76,13.09
2016-07-06,1.92,18.84,9.53,5.5
2016-07-07,0.15,20.72,7.38,17.18
2016-07-08,0.01,22.59,6.6,15.97
2016-07-09,0.0,26.64,10.34,16.14
2016-07-10,0.0,30.62,13.08,16.03
2016-07-11,0.0,31.59,14.99,16.51
2016-07-12,0.08,30.75,15.88,14.4
2016-07-13,0.17,31.32,16.33,13.98
2016-07-14,0.07,32.51,15.86,16.23
2016-07-15,3.88,26.74,17.84,9.06
2016-07-16,19.42,19.43,8.73,10.11
2016-07-17,0.13,17.69,5.29,17.95
2016-07-18,0.01,19.66,3.77,16.59
2016-07-19,0.0,22.95,10.62,13.61
2016-07-20,0.0,24.32,8.68,15.17
2016-07-21,0.0,25.09,10.66,15.0
2016-07-22,0.0,25.26,10.53,17.06
2016-07-23,0.0,25.98,11.44,16.91
2016-07-24,0.0,29.04,11.76,17.26
2016-07-25,0.01,29.68,14.98,17.02
2016-07-26,0.51,29.43,16.79,14.4
2016-07-27,0.47,24.58,12.04,17.21
2016-07-28,0.0,27.64,9.85,12.52
2016-07-29,0.0,29.68,13.65,14.6
2016-07-30,0.0,28.85,15.05,17.69
2016-07-31,0.0,29.51,14.75,17.46
2016-08-01,0.0,30.69,14.28,17.53
2016-08-02,0.0,31.23,14.98,17.36
2016-08-03,0.0,28.98,15.11,17.7
2016-08-04,0.0,30.26,14.82,18.05
2016-08-05,0.0,32.18,15.92,17.97
2016-08-06,0.0,34.1,15.9,18.47
2016-08-07,0.05,33.25,17.42,15.22
2016-08-08,1.38,29.99,18.08,10.21
2016-08-09,4.98,27.11,15.54,6.34
2016-08-10,0.03,25.75,10.6,18.91
2016-08-11,0.0,25.14,8.23,20.62
2016-08-12,0.0,25.62,8.97,20.64
2016-08-13,0.0,26.65,11.12,18.15
2016-08-14,0.01,33.28,13.65,18.92
2016-08-15,0.3,33.33,17.5,9.67
2016-08-16,3.36,31.79,18.75,16.63
2016-08-17,0.01,33.36,18.22,15.57
2016-08-18,5.13,34.88,20.03,11.51
2016-08-19,8.31,31.84,19.93,10.02
2016-08-20,19.84,25.83,17.31,9.67
2016-08-21,3.65,19.99,9.25,11.88
2016-08-22,0.07,21.23,7.47,21.34
2016-08-23,0.11,23.49,7.56,18.96
2016-08-24,0.06,27.89,10.16,20.89
2016-08-25,0.06,31.06,14.83,20.43
2016-08-26,0.06,32.29,16.75,21.48
2016-08-27,0.0,31.97,14.75,22.0
2016-08-28,0.01,34.34,15.8,21.71
2016-08-29,10.48,29.39,18.75,4.41
2016-08-30,7.72,19.53,11.76,2.65
2016-08-31,0.07,25.2,9.91,19.22
2016-09-01,0.0,28.02,11.43,22.86
2016-09-02,0.0,29.65,13.52,21.78
2016-09-03,9.95,27.32,16.36,6.65
2016-09-04,2.33,25.99,16.77,8.12
2016-09-05,16.45,22.03,14.55,6.37
2016-09-06,0.46,22.11,10.44,10.98
2016-09-07,0.02,21.67,8.49,23.26
2016-09-08,0.5,24.12,5.51,6.58
2016-09-09,0.65,28.79,10.85,22.29
2016-09-10,0.0,30.85,14.73,21.0
2016-09-11,0.0,33.35,15.92,22.62
2016-09-12,0.0,34.26,18.87,19.89
2016-09-13,0.12,30.75,19.72,10.92
2016-09-14,0.62,26.23,12.72,18.4
2016-09-15,0.01,27.83,10.4,23.91
2016-09-16,0.0,31.64,13.17,18.02
2016-09-17,0.0,34.91,16.54,19.26
2016-09-18,0.23,37.04,18.86,18.55
2016-09-19,5.31,34.33,18.72,6.0
2016-09-20,0.0,29.87,13.59,23.51
2016-09-21,0.0,28.26,12.3,25.87
2016-09-22,0.0,29.59,13.39,26.14
2016-09-23,0.0,31.23,14.95,25.51
2016-09-24,0.0,32.48,13.82,24.47
2016-09-25,0.0,29.83,16.45,19.59
2016-09-26,0.0,31.69,14.73,24.39
2016-09-27,0.0,33.38,16.15,26.52
2016-09-28,0.0,33.19,15.08,24.0
2016-09-29,0.0,35.55,14.54,26.93
2016-09-30,0.0,32.56,16.95,24.12
2016-10-01,0.21,32.39,17.95,23.16
2016-10-02,0.0,33.08,16.84,25.15
2016-10-03,3.78,28.62,18.18,10.95
2016-10-04,0.12,30.53,17.16,15.83
2016-10-05,1.72,29.82,18.3,14.02
2016-10-06,0.01,25.73,13.28,15.38
2016-10-07,0.0,30.5,11.74,26.96
2016-10-08,0.0,33.17,14.16,26.01
2016-10-09,0.0,35.11,15.45,26.8
2016-10-10,0.02,35.61,17.86,27.41
2016-10-11,0.49,33.25,20.86,12.22
2016-10-12,0.73,31.27,20.95,24.35
2016-10-13,15.91,32.38,22.32,7.78
2016-10-14,17.97,27.17,20.82,9.43
2016-10-15,0.09,33.22,21.66,19.7
2016-10-16,0.0,36.32,21.93,24.16
2016-10-17,0.06,37.05,24.32,18.23
2016-10-18,0.37,37.98,24.48,21.71
2016-10-19,0.28,38.58,24.61,23.88
2016-10-20,27.65,36.82,23.26,22.25
2016-10-21,7.65,29.72,21.29,11.98
2016-10-22,0.01,31.79,19.87,23.04
2016-10-23,0.0,34.07,20.91,26.42
2016-10-24,0.75,33.45,23.95,19.82
2016-10-25,3.94,30.58,23.22,16.24
2016-10-26,23.4,29.26,22.9,6.29
2016-10-27,6.19,26.33,16.68,25.52
2016-10-28,0.0,24.91,12.21,25.14
2016-10-29,0.06,28.31,10.98,30.49
2016-10-30,0.0,31.43,14.27,28.87
2016-10-31,1.09,31.69,19.83,24.69
2016-11-01,2.03,33.79,21.0,28.2
2016-11-02,5.19,32.44,18.75,10.39
2016-11-03,0.0,23.59,16.08,20.52
2016-11-04,0.0,32.78,14.46,24.3
2016-11-05,0.0,33.81,19.66,28.22
2016-11-06,0.0,35.38,18.68,28.04
2016-11-07,0.0,36.77,21.64,28.63
2016-11-08,0.35,36.62,21.66,22.91
2016-11-09,1.21,36.78,22.24,26.12
2016-11-10,0.0,36.89,22.35,27.09
2016-11-11,1.81,35.46,23.21,16.07
2016-11-12,2.23,30.02,20.11,9.13
2016-11-13,0.21,28.01,19.66,11.86
2016-11-14,0.01,34.75,19.89,24.19
2016-11-15,0.55,34.15,20.72,25.93
2016-11-16,0.01,36.04,21.27,27.49
2016-11-17,0.27,36.8,20.59,28.37
2016-11-18,0.0,30.77,16.19,30.67
2016-11-19,0.0,33.1,14.55,31.7
2016-11-20,0.0,34.44,16.72,30.77
2016-11-21,0.0,37.46,17.31,30.95
2016-11-22,0.09,38.36,20.12,26.46
2016-11-23,0.0,37.88,20.25,29.29
2016-11-24,0.0,39.27,20.22,28.27
2016-11-25,1.83,32.33,24.44,24.58
2016-11-26,2.19,36.78,23.95,22.09
2016-11-27,2.9,35.86,23.14,18.04
2016-11-28,1.02,32.96,23.21,17.52
2016-11-29,4.53,33.83,22.27,17.31
2016-11-30,1.73,32.45,20.84,23.46
2016-12-01,0.0,30.78,19.46,22.87
2016-12-02,0.64,31.01,22.38,21.52
2016-12-03,12.38,29.62,22.29,16.89
2016-12-04,0.17,34.03,20.58,26.9
2016-12-05,0.0,36.89,19.94,29.67
2016-12-06,3.67,37.33,20.15,25.26
2016-12-07,7.52,33.35,24.0,19.73
2016-12-08,3.2,29.97,23.79,19.73
2016-12-09,29.5,29.04,22.73,10.26
2016-12-10,19.9,31.27,22.67,14.99
2016-12-11,10.67,29.36,23.04,16.31
2016-12-12,3.84,32.77,22.46,21.04
2016-12-13,1.22,32.91,23.33,22.02
2016-12-14,0.0,34.26,21.29,24.73
2016-12-15,0.0,32.77,19.69,28.59
2016-12-16,0.0,30.41,17.97,22.0
2016-12-17,0.56,32.68,21.47,27.61
2016-12-18,1.39,31.65,21.75,25.46
2016-12-19,5.95,31.08,21.61,20.61
2016-12-20,14.73,26.69,21.11,16.13
2016-12-21,5.87,27.63,20.74,12.75
2016-12-22,4.14,28.32,20.59,20.9
2016-12-23,10.79,33.22,20.89,20.56
2016-12-24,0.94,31.96,21.06,24.32
2016-12-25,2.91,34.92,21.41,23.75
2016-12-26,1.98,35.17,21.66,31.04
2016-12-27,0.71,36.41,22.71,23.27
2016-12-28,0.79,35.47,24.03,21.07
2016-12-29,3.64,32.95,24.05,27.09
2016-12-30,10.99,29.07,23.54,15.47
2016-12-31,2.87,32.05,22.41,19.54
2017-01-01,4.63,31.65,22.51,21.32
2017-01-02,4.34,33.16,22.38,20.35
2017-01-03,4.59,29.22,22.68,24.63
2017-01-04,10.03,29.96,23.29,19.78
2017-01-05,5.66,30.04,22.93,18.26
2017-01-06,6.49,32.39,22.35,17.79
2017-01-07,2.93,32.82,22.97,25.13
2017-01-08,1.77,35.32,23.25,28.52
2017-01-09,2.14,33.27,23.99,27.01
2017-01-10,0.75,33.06,23.68,20.36
2017-01-11,1.5,32.82,23.79,25.68
2017-01-12,2.26,32.6,24.15,24.24
2017-01-13,1.35,34.82,23.36,26.42
2017-01-14,0.16,35.2,22.68,23.48
2017-01-15,0.52,35.79,23.31,23.66
2017-01-16,6.6,33.73,23.84,21.56
2017-01-17,5.84,34.42,24.15,22.91
2017-01-18,4.39,34.95,22.79,26.81
2017-01-19,4.78,33.73,22.79,20.92
2017-01-20,7.18,33.09,22.09,20.71
2017-01-21,3.58,30.45,22.49,21.95
2017-01-22,5.57,31.68,21.27,21.57
2017-01-23,1.84,32.45,21.23,25.09
2017-01-24,8.2,32.75,23.41,25.73
2017-01-25,22.59,26.94,22.95,5.84
2017-01-26,2.55,33.47,21.8,19.36
2017-01-27,0.68,31.92,19.55,24.81
2017-01-28,6.87,30.41,20.24,14.83
2017-01-29,3.95,29.81,21.63,16.74
2017-01-30,4.09,28.83,22.09,10.69
2017-01-31,7.97,31.26,20.73,18.22
2017-02-01,8.76,30.8,21.92,19.17
2017-02-02,5.54,29.07,21.69,17.69
2017-02-03,2.5,32.84,22.12,25.65
2017-02-04,0.31,35.2,22.06,28.36
2017-02-05,1.9,34.86,22.91,26.6
2017-02-06,0.82,31.06,23.54,26.26
2017-02-07,0.27,34.53,21.96,27.41
2017-02-08,0.24,36.44,21.89,27.7
2017-02-09,0.64,35.27,24.31,27.8
2017-02-10,0.18,32.36,23.86,22.61
2017-02-11,5.59,30.79,23.43,21.32
2017-02-12,13.57,32.18,23.32,18.4
2017-02-13,26.73,31.59,22.57,17.34
2017-02-14,37.87,27.81,23.07,7.59
2017-02-15,0.28,32.55,22.43,27.53
2017-02-16,0.01,32.91,20.45,27.29
2017-02-17,0.0,32.79,22.22,28.37
2017-02-18,0.0,31.79,21.67,27.77
2017-02-19,0.23,34.54,22.39,27.02
2017-02-20,0.07,35.0,24.31,27.78
2017-02-21,0.36,32.78,24.43,26.93
2017-02-22,0.01,33.55,23.48,25.34
2017-02-23,10.76,31.27,23.27,25.8
2017-02-24,2.93,28.01,22.52,15.69
2017-02-25,0.84,32.78,22.09,24.34
2017-02-26,0.18,31.03,21.87,21.69
2017-02-27,0.06,33.29,23.17,24.52
2017-02-28,0.18,35.14,24.13,25.55
2017-03-01,2.31,32.29,23.28,23.35
2017-03-02,5.56,31.05,23.44,21.62
2017-03-03,13.74,31.54,23.22,19.39
2017-03-04,2.73,31.73,23.44,16.89
2017-03-05,12.07,27.43,23.53,11.34
2017-03-06,1.49,32.06,23.2,16.85
2017-03-07,0.1,33.06,23.45,22.38
2017-03-08,0.47,33.62,23.54,24.04
2017-03-09,0.18,34.05,23.44,25.7
2017-03-10,1.39,34.0,24.54,16.23
2017-03-11,0.17,33.1,23.64,25.36
2017-03-12,0.83,34.34,23.84,24.96
2017-03-13,6.66,32.62,23.6,23.61
2017-03-14,1.25,34.1,22.36,23.72
2017-03-15,2.22,34.04,23.43,24.57
2017-03-16,5.35,33.11,22.83,20.48
2017-03-17,8.17,33.43,22.85,10.22
2017-03-18,10.92,25.95,21.03,11.12
2017-03-19,0.22,29.99,19.65,11.03
2017-03-20,0.0,30.33,19.36,24.09
2017-03-21,0.0,30.84,19.15,25.4
2017-03-22,0.0,31.94,19.03,22.96
2017-03-23,0.0,33.02,20.55,19.7
2017-03-24,0.0,34.61,21.4,21.42
2017-03-25,0.03,36.43,21.52,22.32
2017-03-26,15.91,32.1,23.12,15.37
2017-03-27,11.01,30.47,20.82,11.63
2017-03-28,0.01,30.43,19.4,21.95
2017-03-29,0.0,30.18,18.87,23.78
2017-03-30,0.0,30.65,17.28,23.98
2017-03-31,0.0,30.0,17.56,23.85
2017-04-01,0.0,29.31,16.92,24.12
2017-04-02,0.0,30.02,16.85,23.47
2017-04-03,0.0,32.24,18.94,21.13
2017-04-04,5.34,32.51,20.39,17.07
2017-04-05,26.16,29.74,22.55,11.27
2017-04-06,6.72,31.25,21.8,13.3
2017-04-07,11.78,31.98,22.71,14.17
2017-04-08,7.43,28.6,22.72,13.24
2017-04-09,0.49,27.93,23.13,17.83
2017-04-10,2.0,29.61,22.38,20.12
2017-04-11,1.43,29.81,21.71,14.41
2017-04-12,0.13,31.0,19.01,17.88
2017-04-13,0.11,29.89,19.93,20.94
2017-04-14,0.2,31.66,19.71,21.45
2017-04-15,7.11,32.57,20.16,21.34
2017-04-16,22.12,30.06,21.39,3.27
2017-04-17,2.92,29.39,20.4,17.77
2017-04-18,0.2,28.47,19.82,17.59
2017-04-19,0.66,27.27,18.73,15.63
2017-04-20,11.47,26.21,18.43,5.82
2017-04-21,0.55,25.18,16.5,11.27
2017-04-22,0.77,26.69,14.89,20.12
2017-04-23,0.01,27.8,15.32,20.62
2017-04-24,0.0,28.77,16.53,19.28
2017-04-25,0.15,28.36,17.97,12.07
2017-04-26,21.46,25.01,15.39,3.75
2017-04-27,0.0,21.77,9.89,20.65
2017-04-28,0.11,24.21,8.14,19.88
2017-04-29,0.2,24.82,10.97,20.06
2017-04-30,0.11,26.37,12.46,18.93
2017-05-01,3.46,23.66,17.81,13.23
2017-05-02,0.57,28.73,16.84,17.76
2017-05-03,2.46,29.5,17.93,17.37
2017-05-04,8.49,27.45,18.84,9.3
2017-05-05,16.14,27.26,18.85,9.47
2017-05-06,0.19,28.11,18.0,18.18
2017-05-07,3.0,26.86,17.06,18.28
2017-05-08,0.61,27.81,16.31,17.7
2017-05-09,1.07,28.81,16.32,13.14
2017-05-10,0.31,28.95,18.75,7.99
2017-05-11,0.04,27.36,19.78,16.4
2017-05-12,0.04,28.64,18.03,15.96
2017-05-13,5.59,30.67,17.41,15.81
2017-05-14,0.35,27.1,18.58,12.25
2017-05-15,4.97,22.39,16.66,5.92
2017-05-16,0.39,25.89,15.39,8.22
2017-05-17,1.47,25.0,18.34,8.08
2017-05-18,6.0,24.74,18.32,11.56
2017-05-19,32.66,26.14,21.23,4.72
2017-05-20,25.61,25.54,20.41,4.52
2017-05-21,40.27,22.16,16.64,1.75
2017-05-22,0.17,24.78,15.93,13.71
2017-05-23,0.06,25.95,19.0,12.65
2017-05-24,0.01,26.14,18.37,15.03
2017-05-25,0.11,29.09,19.38,15.8
2017-05-26,0.27,30.29,20.58,16.0
2017-05-27,1.1,28.9,20.54,12.82
2017-05-28,0.1,28.41,20.12,13.02
2017-05-29,0.0,28.6,20.21,12.93
2017-05-30,0.0,28.28,18.74,13.09
2017-05-31,0.97,25.13,14.78,7.72
2017-06-01,0.12,19.69,11.49,10.05
2017-06-02,0.0,20.92,9.14,16.67
2017-06-03,0.02,24.68,10.58,16.1
2017-06-04,0.11,28.97,15.68,15.49
2017-06-05,6.34,28.96,19.65,7.86
2017-06-06,7.07,28.91,20.43,11.84
2017-06-07,2.03,29.59,20.57,14.15
2017-06-08,9.42,28.76,16.88,12.47
2017-06-09,0.1,18.54,7.18,6.97
2017-06-10,0.0,18.31,6.18,16.48
2017-06-11,0.07,20.98,6.46,16.9
2017-06-12,11.86,18.79,11.25,8.79
2017-06-13,8.88,21.67,15.04,5.31
2017-06-14,0.06,25.03,16.49,9.57
2017-06-15,0.01,24.54,15.35,15.69
2017-06-16,0.06,25.73,14.34,15.89
2017-06-17,0.0,27.18,14.86,14.96
2017-06-18,0.0,27.87,14.28,15.53
2017-06-19,0.29,21.75,11.83,8.94
2017-06-20,0.58,20.62,10.89,6.03
2017-06-21,0.0,24.61,13.62,15.42
2017-06-22,0.0,25.73,14.2,15.77
2017-06-23,0.0,26.11,15.43,14.93
2017-06-24,0.0,25.54,15.11,13.96
2017-06-25,0.0,25.67,13.52,15.58
2017-06-26,0.0,25.44,12.98,16.13
2017-06-27,0.0,26.13,13.14,15.69
2017-06-28,0.0,26.35,14.2,15.63
2017-06-29,0.0,27.18,13.8,11.53
2017-06-30,0.0,26.87,16.89,12.89
2017-07-01,0.0,27.4,13.94,15.27
2017-07-02,0.0,23.6,13.95,14.83
2017-07-03,0.0,20.01,12.63,13.16
2017-07-04,0.0,21.99,10.89,16.01
2017-07-05,0.0,23.75,10.78,16.17
2017-07-06,0.0,24.41,10.59,15.81
2017-07-07,0.0,25.35,11.92,15.39
2017-07-08,0.0,26.0,12.91,11.55
2017-07-09,0.0,25.59,14.77,10.92
2017-07-10,0.03,27.52,14.59,16.07
2017-07-11,0.0,28.01,13.3,16.28
2017-07-12,0.0,27.65,13.33,16.27
2017-07-13,0.0,27.65,13.54,16.62
2017-07-14,0.0,28.47,13.49,16.89
2017-07-15,0.0,28.63,12.78,16.91
2017-07-16,0.0,29.35,12.5,17.01
2017-07-17,0.02,16.71,8.15,10.32
2017-07-18,0.0,15.46,3.6,17.98
2017-07-19,0.0,19.91,4.09,16.94
2017-07-20,0.0,24.46,6.81,16.52
2017-07-21,0.0,27.26,9.09,17.48
2017-07-22,0.0,28.5,11.38,17.46
2017-07-23,0.0,28.29,11.51,17.36
2017-07-24,0.0,29.22,11.98,17.6
2017-07-25,0.0,28.85,11.41,17.15
2017-07-26,0.0,29.24,12.99,17.8
2017-07-27,0.01,28.02,12.66,17.23
2017-07-28,0.0,27.8,12.73,17.72
2017-07-29,0.0,28.07,12.94,17.99
2017-07-30,0.0,28.39,12.02,17.36
2017-07-31,0.0,28.31,14.38,13.13
2017-08-01,0.0,28.37,13.19,15.11
2017-08-02,0.22,29.76,15.93,13.25
2017-08-03,0.28,22.28,13.85,7.54
2017-08-04,0.04,25.87,11.04,17.61
2017-08-05,0.0,25.41,12.55,18.54
2017-08-06,0.0,26.38,11.56,17.4
2017-08-07,0.0,29.15,12.1,18.7
2017-08-08,0.0,31.91,16.04,12.6
2017-08-09,0.0,34.88,17.39,18.18
2017-08-10,0.0,34.54,18.77,17.32
2017-08-11,0.0,32.52,17.37,18.31
2017-08-12,0.0,34.92,18.11,18.29
2017-08-13,3.62,26.53,16.65,8.3
2017-08-14,5.41,27.73,13.64,18.81
2017-08-15,43.14,22.31,13.93,2.33
2017-08-16,10.7,21.79,15.15,6.24
2017-08-17,12.05,25.01,16.25,4.77
2017-08-18,12.75,22.93,17.32,6.33
2017-08-19,7.03,26.28,18.44,13.7
2017-08-20,3.17,23.24,12.54,8.2
2017-08-21,0.0,23.67,8.74,19.92
2017-08-22,0.02,24.82,10.47,20.49
2017-08-23,2.39,29.7,15.47,16.6
2017-08-24,0.49,30.47,17.49,20.13
2017-08-25,0.0,29.04,15.7,20.51
2017-08-26,0.0,31.6,15.3,19.82
2017-08-27,0.0,32.17,16.36,21.27
2017-08-28,0.0,32.87,17.08,20.82
2017-08-29,0.0,32.57,15.58,21.77
2017-08-30,0.0,34.96,15.26,22.19
2017-08-31,0.0,33.57,17.17,21.41
2017-09-01,0.0,31.22,15.71,21.86
2017-09-02,0.0,32.79,17.45,20.65
2017-09-03,0.0,33.09,16.97,22.56
2017-09-04,0.0,33.27,15.67,23.14
2017-09-05,0.0,33.64,14.5,23.22
2017-09-06,0.0,33.56,14.09,21.84
2017-09-07,0.0,33.06,15.67,22.46
2017-09-08,0.0,35.17,16.99,22.29
2017-09-09,0.0,34.89,18.97,20.43
2017-09-10,0.0,36.29,18.1,23.34
2017-09-11,0.12,33.5,17.33,19.6
2017-09-12,0.0,37.83,18.27,22.31
2017-09-13,0.0,36.75,18.4,23.93
2017-09-14,0.0,37.7,17.89,24.22
2017-09-15,0.0,37.7,17.68,23.76
2017-09-16,0.0,35.61,18.08,23.05
2017-09-17,0.0,34.88,17.15,22.2
2017-09-18,0.0,36.66,16.86,23.35
2017-09-19,0.0,36.94,19.33,23.19
2017-09-20,0.0,36.85,19.9,24.32
2017-09-21,0.0,37.33,19.58,24.66
2017-09-22,0.0,37.04,19.07,24.89
2017-09-23,0.0,37.93,19.0,23.45
2017-09-24,0.0,35.77,20.73,22.41
2017-09-25,0.09,34.19,20.05,19.03
2017-09-26,0.0,31.83,19.31,12.7
2017-09-27,0.0,37.05,18.12,24.32
2017-09-28,0.03,36.7,19.03,22.18
2017-09-29,18.39,23.6,19.6,3.78
2017-09-30,3.11,27.02,18.4,13.17
2017-10-01,0.88,32.17,17.9,14.31
2017-10-02,35.09,24.06,12.94,7.03
2017-10-03,0.0,26.4,10.14,21.14
2017-10-04,0.03,29.4,11.29,27.96
2017-10-05,0.07,33.39,13.66,25.68
2017-10-06,0.49,34.79,20.95,21.63
2017-10-07,8.59,34.08,21.69,8.13
2017-10-08,4.38,27.06,20.68,8.59
2017-10-09,0.26,33.43,19.78,19.51
2017-10-10,1.35,36.17,20.74,23.86
2017-10-11,0.08,37.96,21.74,26.38
2017-10-12,0.34,38.43,22.62,26.1
2017-10-13,0.14,39.3,21.65,26.51
2017-10-14,0.2,32.54,20.24,18.5
2017-10-15,0.0,35.84,18.5,25.96
2017-10-16,0.0,35.91,19.81,26.73
2017-10-17,0.0,38.7,19.88,26.02
2017-10-18,0.0,40.06,22.78,26.94
2017-10-19,8.23,39.69,24.13,20.38
2017-10-20,0.18,31.32,23.19,10.79
2017-10-21,15.0,31.12,22.01,10.48
2017-10-22,7.61,24.73,19.5,6.45
2017-10-23,0.21,30.78,17.64,17.7
2017-10-24,0.08,32.49,19.82,27.09
2017-10-25,7.41,28.36,20.5,18.78
2017-10-26,4.49,33.77,20.62,15.67
2017-10-27,8.87,35.02,21.37,17.89
2017-10-28,8.69,32.71,21.72,18.12
2017-10-29,57.68,29.51,22.14,21.21
2017-10-30,31.5,31.11,22.73,5.7
2017-10-31,0.63,29.82,21.29,23.0
2017-11-01,0.0,30.35,19.72,29.15
2017-11-02,0.16,31.29,17.47,28.81
2017-11-03,1.4,31.82,20.99,25.01
2017-11-04,11.43,28.59,18.83,14.74
2017-11-05,4.84,28.0,18.7,11.74
2017-11-06,3.27,24.93,19.33,8.47
2017-11-07,0.16,30.3,17.66,26.49
2017-11-08,0.04,30.72,20.25,15.67
2017-11-09,0.04,32.8,19.79,22.95
2017-11-10,0.92,32.24,21.8,18.94
2017-11-11,0.2,30.72,17.75,30.03
2017-11-12,0.36,31.5,15.07,29.66
2017-11-13,0.0,33.54,13.88,31.58
2017-11-14,0.0,34.19,15.62,31.33
2017-11-15,0.0,36.7,16.78,31.0
2017-11-16,4.5,36.46,21.02,28.04
2017-11-17,1.69,33.28,23.38,27.96
2017-11-18,8.55,30.11,21.72,14.14
2017-11-19,0.21,33.57,19.72,25.22
2017-11-20,0.04,34.59,20.31,26.1
2017-11-21,10.86,33.11,21.71,22.24
2017-11-22,4.43,32.81,18.84,20.96
2017-11-23,0.0,34.06,17.16,29.35
2017-11-24,0.02,35.89,20.04,30.29
2017-11-25,13.02,35.47,21.25,18.9
2017-11-26,26.94,28.44,22.01,16.63
2017-11-27,4.13,32.19,21.54,16.0
2017-11-28,1.35,33.42,22.09,17.79
2017-11-29,0.02,33.57,21.58,29.05
2017-11-30,4.93,24.35,19.45,6.63
2017-12-01,5.24,29.52,19.35,14.79
2017-12-02,0.0,31.68,21.07,24.06
2017-12-03,0.0,33.32,21.11,27.93
2017-12-04,1.04,30.92,23.81,22.86
2017-12-05,3.85,31.58,22.91,15.87
2017-12-06,10.38,30.3,23.13,13.4
2017-12-07,11.89,31.74,23.38,12.18
2017-12-08,1.34,33.54,23.66,26.71
2017-12-09,0.01,35.61,21.69,28.73
2017-12-10,0.0,35.4,21.24,23.75
2017-12-11,0.0,35.1,19.87,31.23
2017-12-12,0.08,34.85,19.06,30.65
2017-12-13,0.03,35.53,21.62,29.07
2017-12-14,0.0,36.55,22.98,28.73
2017-12-15,1.39,37.72,22.77,28.34
2017-12-16,0.35,36.56,23.46,26.88
2017-12-17,0.21,37.99,23.4,29.41
2017-12-18,2.1,35.66,24.6,23.65
2017-12-19,4.43,31.46,23.9,25.5
2017-12-20,16.59,27.92,23.08,9.87
2017-12-21,16.09,30.0,22.18,13.26
2017-12-22,8.46,30.79,22.49,14.95
2017-12-23,23.21,27.4,22.66,14.72
2017-12-24,9.63,29.17,22.23,14.39
2017-12-25,10.19,28.98,22.8,13.04
2017-12-26,19.84,28.61,22.98,14.02
2017-12-27,3.12,29.29,22.6,19.17
2017-12-28,4.44,30.45,23.1,17.38
2017-12-29,9.99,29.99,23.03,15.9
2017-12-30,21.96,32.01,23.08,18.0
2017-12-31,2.55,33.04,22.76,23.92
2018-01-01,19.37,27.96,22.61,22.37
2018-01-02,24.64,29.07,23.22,8.83
2018-01-03,3.74,30.92,21.26,25.56
2018-01-04,0.3,31.69,19.29,30.33
2018-01-05,2.48,32.68,21.23,27.99
2018-01-06,5.08,27.76,22.77,12.01
2018-01-07,0.29,31.69,21.79,20.61
2018-01-08,1.2,29.22,21.27,16.61
2018-01-09,27.18,24.52,21.29,6.55
2018-01-10,5.79,29.08,21.22,16.69
2018-01-11,0.93,28.93,21.38,14.61
2018-01-12,8.49,29.87,21.36,20.59
2018-01-13,7.6,26.54,21.3,23.91
2018-01-14,5.16,27.74,21.62,18.4
2018-01-15,3.55,28.41,21.87,18.34
2018-01-16,8.58,28.85,22.48,19.89
2018-01-17,2.47,28.98,22.24,19.86
2018-01-18,12.71,30.82,22.34,16.16
2018-01-19,2.37,32.6,21.45,17.62
2018-01-20,3.07,32.3,22.33,23.76
2018-01-21,0.4,32.89,23.39,26.29
2018-01-22,1.52,32.45,23.38,24.32
2018-01-23,1.08,32.1,23.84,27.66
2018-01-24,1.74,31.56,23.15,25.88
2018-01-25,0.36,34.01,22.99,23.99
2018-01-26,1.48,29.14,23.86,21.54
2018-01-27,4.01,29.23,23.23,22.48
2018-01-28,3.21,29.72,23.62,22.49
2018-01-29,12.59,27.33,23.1,16.22
2018-01-30,11.57,31.36,22.47,18.81
2018-01-31,1.67,31.1,20.99,22.25
2018-02-01,0.07,30.97,20.68,23.18
2018-02-02,0.0,31.53,19.23,23.15
2018-02-03,0.0,31.95,19.47,29.69
2018-02-04,0.02,32.11,18.96,29.38
2018-02-05,0.02,31.42,20.16,28.99
2018-02-06,0.0,33.0,18.4,28.99
2018-02-07,0.02,34.33,20.03,29.77
2018-02-08,0.78,35.06,21.14,26.19
2018-02-09,13.19,33.95,22.81,22.33
2018-02-10,17.52,29.58,23.98,9.76
2018-02-11,15.94,31.19,23.49,16.67
2018-02-12,18.71,30.11,22.68,12.71
2018-02-13,3.66,29.79,21.79,16.77
2018-02-14,0.03,29.97,19.93,19.5
2018-02-15,0.0,31.43,19.81,26.63
2018-02-16,0.21,31.04,21.91,27.48
2018-02-17,2.67,26.85,21.89,10.42
2018-02-18,3.47,29.02,21.46,12.64
2018-02-19,18.87,29.6,21.09,7.66
2018-02-20,10.51,27.13,21.44,10.87
2018-02-21,0.26,30.73,21.08,26.61
2018-02-22,0.03,31.06,17.53,28.51
2018-02-23,0.0,31.24,15.66,28.05
2018-02-24,0.0,31.99,18.24,25.92
2018-02-25,0.01,31.92,21.54,23.46
2018-02-26,0.92,30.93,21.79,19.62
2018-02-27,3.5,31.45,21.26,14.85
2018-02-28,7.95,32.29,22.22,21.69
2018-03-01,3.07,31.39,23.39,22.37
2018-03-02,8.03,29.72,23.2,21.16
2018-03-03,24.25,32.41,23.6,21.42
2018-03-04,19.76,32.92,23.02,25.66
2018-03-05,0.68,30.58,21.85,26.22
2018-03-06,0.83,30.83,22.01,21.28
2018-03-07,0.1,31.58,22.57,22.18
2018-03-08,0.02,33.07,21.56,21.53
2018-03-09,17.22,32.72,22.9,16.93
2018-03-10,3.49,32.99,23.03,19.06
2018-03-11,0.02,34.4,23.59,23.38
2018-03-12,0.55,33.09,23.48,23.61
2018-03-13,0.92,34.11,24.73,18.86
2018-03-14,0.81,30.66,24.81,21.46
2018-03-15,5.95,30.94,24.3,17.53
2018-03-16,0.77,33.16,24.39,22.71
2018-03-17,0.11,32.49,24.81,24.3
2018-03-18,0.05,32.82,23.93,23.9
2018-03-19,0.57,33.65,24.23,19.0
2018-03-20,0.33,33.58,23.92,23.29
2018-03-21,10.53,29.62,23.76,14.77
2018-03-22,1.11,32.81,23.02,21.65
2018-03-23,2.06,33.4,24.25,16.39
2018-03-24,0.45,33.27,23.19,23.33
2018-03-25,16.26,30.51,18.39,8.44
2018-03-26,1.56,27.25,18.2,15.03
2018-03-27,3.83,26.63,21.22,15.38
2018-03-28,2.54,28.23,21.34,13.58
2018-03-29,2.0,30.96,21.7,14.79
2018-03-30,5.79,30.94,21.46,11.56
2018-03-31,6.34,28.55,22.44,9.23
2018-04-01,3.36,26.56,21.22,9.11
2018-04-02,2.91,25.77,20.32,16.09
2018-04-03,0.5,29.03,19.46,21.53
2018-04-04,0.07,29.94,17.86,22.78
2018-04-05,0.0,30.55,17.57,22.33
2018-04-06,0.0,31.3,17.55,22.66
2018-04-07,0.0,31.32,17.4,22.9
2018-04-08,0.0,31.11,17.02,22.83
2018-04-09,0.0,31.62,17.87,21.3
2018-04-10,0.04,32.25,20.61,20.9
2018-04-11,0.02,32.35,20.41,21.73
2018-04-12,0.0,32.51,19.32,21.49
2018-04-13,0.0,32.23,18.38,21.69
2018-04-14,0.15,31.82,18.89,17.54
2018-04-15,0.94,30.01,20.56,14.33
2018-04-16,0.07,27.66,19.25,15.26
2018-04-17,0.0,27.87,18.71,18.4
2018-04-18,0.0,30.07,18.41,19.58
2018-04-19,0.0,31.0,19.44,19.19
2018-04-20,0.03,30.29,20.75,16.7
2018-04-21,0.0,32.67,19.19,17.78
2018-04-22,0.0,31.8,18.26,20.62
2018-04-23,0.0,31.99,16.54,19.98
2018-04-24,0.0,32.07,18.04,19.76
2018-04-25,0.0,32.14,18.06,19.38
2018-04-26,0.0,32.37,17.66,18.58
2018-04-27,0.0,33.1,18.35,17.81
2018-04-28,0.0,32.87,19.56,17.36
2018-04-29,0.0,33.44,19.56,18.32
2018-04-30,0.0,34.05,19.27,18.38
2018-05-01,0.0,33.95,19.26,18.61
2018-05-02,0.0,33.41,18.33,18.04
2018-05-03,0.0,32.75,18.56,18.13
2018-05-04,0.0,33.42,17.1,17.47
2018-05-05,0.0,34.36,18.82,13.25
2018-05-06,0.0,33.66,20.32,15.96
2018-05-07,0.0,30.2,20.43,17.68
2018-05-08,0.0,30.85,18.77,17.68
2018-05-09,0.0,31.57,18.48,17.82
2018-05-10,0.0,30.19,18.51,17.2
2018-05-11,1.8,32.64,19.72,8.22
2018-05-12,0.07,27.22,14.98,16.44
2018-05-13,0.0,29.13,13.26,18.16
2018-05-14,0.0,30.37,16.46,16.46
2018-05-15,8.15,32.4,17.84,14.69
2018-05-16,4.79,30.68,18.83,7.27
2018-05-17,0.08,30.32,17.85,10.5
2018-05-18,1.24,31.18,19.55,15.4
2018-05-19,22.63,22.14,11.43,9.2
2018-05-20,0.03,20.36,9.51,18.09
2018-05-21,0.0,21.47,7.52,18.05
2018-05-22,0.0,23.48,8.29,17.82
2018-05-23,0.03,25.19,9.88,16.63
2018-05-24,0.16,25.61,12.66,15.66
2018-05-25,0.0,24.44,16.61,11.98
2018-05-26,0.0,26.18,16.22,14.85
2018-05-27,0.0,28.55,15.05,16.18
2018-05-28,0.0,27.49,14.65,16.88
2018-05-29,0.0,28.23,13.83,16.04
2018-05-30,0.0,28.3,17.21,12.54
2018-05-31,0.01,28.86,16.35,15.57
2018-06-01,2.05,27.99,16.92,7.12
2018-06-02,2.79,22.8,15.45,6.71
2018-06-03,0.4,20.02,14.73,6.86
2018-06-04,0.04,24.58,14.98,7.04
2018-06-05,0.15,24.54,14.93,9.7
2018-06-06,0.1,24.02,12.91,11.74
2018-06-07,1.04,20.26,11.55,4.44
2018-06-08,0.05,22.12,8.47,16.14
2018-06-09,0.01,27.3,12.57,12.52
2018-06-10,0.0,27.55,17.26,9.79
2018-06-11,0.94,29.82,18.1,12.9
2018-06-12,26.61,25.6,18.21,2.92
2018-06-13,0.5,20.79,11.82,8.76
2018-06-14,0.02,20.58,9.74,7.58
2018-06-15,0.01,17.02,10.05,9.76
2018-06-16,0.0,18.69,9.1,12.52
2018-06-17,0.0,22.17,11.53,13.06
2018-06-18,0.01,23.95,13.72,12.15
2018-06-19,0.0,26.14,11.4,15.5
2018-06-20,0.0,27.81,13.42,13.97
2018-06-21,0.0,28.83,14.17,15.3
2018-06-22,0.0,28.7,17.51,14.71
2018-06-23,0.0,29.78,16.89,15.18
2018-06-24,0.0,31.28,18.7,14.63
2018-06-25,0.0,30.26,15.39,15.05
2018-06-26,0.0,27.01,17.67,10.9
2018-06-27,0.0,29.33,17.59,13.42
2018-06-28,0.0,30.54,16.84,14.06
2018-06-29,0.0,31.0,16.05,14.08
2018-06-30,0.0,30.9,16.45,15.16
2018-07-01,0.0,31.26,16.34,15.6
2018-07-02,0.0,31.49,15.4,15.06
2018-07-03,0.0,31.21,18.61,15.81
2018-07-04,0.0,31.76,15.52,15.0
2018-07-05,0.0,32.1,16.28,15.42
2018-07-06,0.0,31.65,15.8,15.82
2018-07-07,0.0,31.13,16.3,15.74
2018-07-08,0.0,30.2,17.65,11.73
2018-07-09,0.0,19.99,10.86,13.64
2018-07-10,0.0,20.17,7.69,17.03
2018-07-11,0.0,22.86,5.67,15.88
2018-07-12,0.0,24.05,7.73,14.78
2018-07-13,0.0,26.81,13.22,14.49
2018-07-14,0.0,31.62,13.86,16.34
2018-07-15,0.0,31.97,15.33,16.33
2018-07-16,0.0,33.71,17.13,16.12
2018-07-17,0.0,32.29,16.67,16.74
2018-07-18,0.0,32.03,14.11,16.51
2018-07-19,0.0,33.15,15.81,16.78
2018-07-20,0.0,33.31,16.13,17.17
2018-07-21,0.01,23.75,12.1,13.44
2018-07-22,0.0,28.62,11.54,14.82
2018-07-23,0.0,33.07,15.53,15.38
2018-07-24,0.0,31.65,17.38,14.07
2018-07-25,0.0,30.22,16.03,16.54
2018-07-26,0.0,31.05,16.22,16.33
2018-07-27,0.0,31.71,16.28,16.14
2018-07-28,0.0,32.69,16.85,15.03
2018-07-29,0.0,30.19,16.3,16.01
2018-07-30,0.32,30.46,13.73,16.36
2018-07-31,0.5,27.17,12.46,17.19
2018-08-01,0.02,23.99,11.1,10.59
2018-08-02,9.5,25.35,15.34,13.06
2018-08-03,36.19,21.78,17.17,3.15
2018-08-04,2.02,22.92,16.24,3.66
2018-08-05,12.09,21.67,14.73,3.04
2018-08-06,2.95,20.76,13.84,5.33
2018-08-07,0.19,26.18,13.29,10.65
2018-08-08,17.11,26.59,17.13,4.25
2018-08-09,6.02,20.82,8.28,16.27
2018-08-10,0.06,19.74,6.67,17.78
2018-08-11,0.0,22.37,5.23,19.77
2018-08-12,0.0,25.65,6.48,20.45
2018-08-13,0.0,26.3,10.08,19.44
2018-08-14,0.0,28.27,9.62,19.66
2018-08-15,0.13,23.39,12.34,10.17
2018-08-16,0.76,23.83,13.39,7.68
2018-08-17,0.39,27.01,12.88,19.64
2018-08-18,0.0,28.5,13.48,19.68
2018-08-19,0.0,30.92,13.77,20.08
2018-08-20,0.01,30.62,16.35,19.6
2018-08-21,3.72,21.41,13.42,11.7
2018-08-22,13.68,19.44,12.83,5.24
2018-08-23,0.95,29.3,15.91,19.05
2018-08-24,3.16,33.05,17.79,16.48
2018-08-25,0.03,22.69,11.13,21.35
2018-08-26,0.0,22.66,7.17,22.08
2018-08-27,0.0,26.05,6.39,22.24
2018-08-28,0.0,30.81,12.16,21.21
2018-08-29,0.0,32.39,16.59,19.47
2018-08-30,0.0,34.49,15.79,22.06
2018-08-31,0.0,35.46,18.89,20.17
2018-09-01,5.5,34.7,19.22,17.24
2018-09-02,12.12,20.23,12.89,3.91
2018-09-03,0.58,19.59,10.4,9.77
2018-09-04,0.27,24.45,11.19,19.32
2018-09-05,0.05,25.97,8.82,23.39
2018-09-06,0.0,27.77,10.7,24.07
2018-09-07,0.0,31.74,11.74,19.09
2018-09-08,0.0,34.01,12.48,23.32
2018-09-09,0.0,34.95,13.72,23.14
2018-09-10,0.0,33.93,15.95,23.22
2018-09-11,0.0,33.9,16.4,22.13
2018-09-12,0.0,32.91,16.23,21.84
2018-09-13,2.38,33.42,16.5,16.58
2018-09-14,12.68,22.62,16.7,4.56
2018-09-15,0.06,28.45,15.32,15.09
2018-09-16,16.19,26.9,18.75,6.91
2018-09-17,17.96,27.07,19.29,6.35
2018-09-18,0.03,30.39,17.74,16.24
2018-09-19,14.14,32.45,19.67,21.06
2018-09-20,19.8,27.93,20.7,2.62
2018-09-21,4.06,31.74,19.46,22.92
2018-09-22,0.0,33.73,20.32,23.84
2018-09-23,0.0,34.89,20.91,24.29
2018-09-24,0.0,36.26,19.97,25.36
2018-09-25,0.01,33.39,19.24,18.28
2018-09-26,8.87,34.93,21.34,18.58
2018-09-27,3.63,32.16,21.75,8.02
2018-09-28,0.14,30.05,21.43,19.94
2018-09-29,18.0,28.12,21.22,18.07
2018-09-30,13.86,25.65,20.17,5.49
2018-10-01,4.39,32.19,18.94,23.54
2018-10-02,1.76,33.78,21.6,15.05
2018-10-03,2.12,33.18,22.12,20.44
2018-10-04,0.49,32.62,21.93,22.21
2018-10-05,0.0,32.39,19.67,19.57
2018-10-06,0.01,31.24,19.07,17.98
2018-10-07,9.98,32.09,19.16,24.08
2018-10-08,67.05,30.62,22.91,4.84
2018-10-09,30.28,31.68,21.9,7.61
2018-10-10,16.29,31.02,22.94,5.32
2018-10-11,2.47,31.17,22.35,14.35
2018-10-12,0.0,29.02,20.4,23.62
2018-10-13,10.04,27.9,22.87,16.36
2018-10-14,11.52,32.41,22.63,19.75
2018-10-15,0.73,31.14,21.63,19.54
2018-10-16,1.25,30.93,20.87,21.67
2018-10-17,13.06,30.95,22.68,21.23
2018-10-18,14.94,31.25,22.98,19.53
2018-10-19,4.22,30.94,22.98,22.5
2018-10-20,0.0,28.98,18.53,28.23
2018-10-21,0.0,27.49,15.95,27.79
2018-10-22,0.0,31.73,16.6,28.5
2018-10-23,12.24,31.11,20.51,16.07
2018-10-24,44.25,28.01,22.33,8.88
2018-10-25,8.22,28.94,21.3,10.98
2018-10-26,31.31,28.07,21.48,10.61
2018-10-27,2.0,29.6,18.48,20.95
2018-10-28,0.24,29.78,15.46,29.64
2018-10-29,0.0,29.41,18.24,23.25
2018-10-30,0.0,32.09,20.28,27.18
2018-10-31,13.26,30.54,22.98,19.82
2018-11-01,31.11,30.56,22.88,4.81
2018-11-02,0.24,31.51,22.98,24.78
2018-11-03,6.44,32.67,22.45,27.11
2018-11-04,0.41,30.91,22.3,17.46
2018-11-05,0.08,29.87,20.68,28.06
2018-11-06,0.0,30.97,18.44,27.31
2018-11-07,0.49,30.53,21.03,14.83
2018-11-08,0.08,27.15,19.18,22.01
2018-11-09,0.0,28.97,17.86,17.87
2018-11-10,0.0,31.48,19.42,13.72
2018-11-11,0.0,33.55,19.71,27.77
2018-11-12,0.0,34.45,20.63,27.87
2018-11-13,0.22,35.44,22.33,27.43
2018-11-14,7.16,30.27,23.31,11.38
2018-11-15,4.42,31.65,22.11,20.4
2018-11-16,1.49,32.51,22.34,20.82
2018-11-17,0.5,32.14,21.39,23.15
2018-11-18,24.56,28.9,23.12,10.24
2018-11-19,0.15,30.16,19.8,18.4
2018-11-20,0.02,28.19,18.6,28.56
2018-11-21,0.01,31.01,18.91,28.8
2018-11-22,1.0,30.79,20.3,22.76
2018-11-23,7.42,29.0,22.68,5.1
2018-11-24,7.31,30.68,20.28,22.06
2018-11-25,0.06,32.32,18.49,28.92
2018-11-26,0.03,31.33,21.33,27.94
2018-11-27,0.02,31.07,19.62,29.99
2018-11-28,0.23,31.3,22.04,26.89
2018-11-29,0.29,31.05,22.15,18.15
2018-11-30,2.3,30.44,21.77,18.49
2018-12-01,5.07,30.54,20.0,21.96
2018-12-02,0.03,30.94,18.34,27.85
2018-12-03,0.0,31.96,17.52,27.37
2018-12-04,0.0,32.63,17.96,29.11
2018-12-05,0.0,33.59,18.05,30.59
2018-12-06,0.0,35.0,18.23,30.3
2018-12-07,0.0,33.31,18.51,23.9
2018-12-08,0.0,31.09,16.01,30.92
2018-12-09,0.0,32.88,16.57,31.85
2018-12-10,0.0,36.3,19.05,30.7
2018-12-11,0.0,36.91,21.75,29.65
2018-12-12,1.05,38.01,21.89,29.0
2018-12-13,1.48,36.35,23.5,30.07
2018-12-14,0.43,37.66,23.05,29.09
2018-12-15,1.24,35.07,23.13,21.64
2018-12-16,0.51,37.24,24.7,28.98
2018-12-17,0.69,38.89,24.61,28.66
2018-12-18,4.87,37.19,24.65,20.98
2018-12-19,0.46,38.17,23.72,27.45
2018-12-20,1.71,37.46,24.5,27.88
2018-12-21,1.16,38.07,25.06,26.0
2018-12-22,1.66,35.75,24.41,22.46
2018-12-23,5.48,29.26,23.42,13.27
2018-12-24,10.4,32.46,22.73,20.01
2018-12-25,2.68,29.95,22.51,17.99
2018-12-26,1.81,32.41,22.29,21.2
2018-12-27,0.72,33.68,22.1,21.19
2018-12-28,6.7,33.46,23.65,25.28
2018-12-29,4.03,31.56,23.53,25.26
2018-12-30,3.13,31.18,24.19,17.4
2018-12-31,0.83,32.82,22.91,25.1
2019-01-01,1.0,34.28,24.79,24.6
2019-01-02,1.11,34.23,24.21,24.6
2019-01-03,0.07,37.01,23.63,25.35
2019-01-04,10.04,35.89,23.96,22.84
2019-01-05,11.66,29.64,24.27,17.57
2019-01-06,1.88,28.04,23.76,20.49
2019-01-07,10.61,29.22,23.64,18.12
2019-01-08,3.99,29.03,23.3,23.23
2019-01-09,0.48,32.09,22.89,21.77
2019-01-10,9.24,30.18,23.44,22.57
2019-01-11,5.21,33.75,22.57,25.6
2019-01-12,3.67,33.18,22.49,21.28
2019-01-13,0.02,34.86,22.2,26.49
2019-01-14,1.58,33.75,23.57,27.18
2019-01-15,3.27,32.84,24.09,25.92
2019-01-16,0.63,35.75,23.87,24.28
2019-01-17,2.16,34.59,24.0,26.92
2019-01-18,5.36,33.77,23.45,16.44
2019-01-19,2.83,31.66,23.49,20.75
2019-01-20,2.55,33.41,22.63,21.67
2019-01-21,0.0,37.01,23.34,29.66
2019-01-22,0.0,39.54,24.17,29.71
2019-01-23,0.01,39.59,24.73,25.09
2019-01-24,2.49,35.8,26.11,16.42
2019-01-25,0.44,36.52,25.45,22.95
2019-01-26,0.71,37.16,24.65,25.5
2019-01-27,0.81,35.49,22.86,26.99
2019-01-28,0.32,36.11,22.41,25.74
2019-01-29,0.01,39.25,21.93,29.03
2019-01-30,0.26,37.98,23.13,25.59
2019-01-31,0.67,34.22,24.34,25.05
2019-02-01,0.01,40.1,24.27,25.3
2019-02-02,0.41,36.89,24.29,26.53
2019-02-03,0.17,37.27,24.29,28.06
2019-02-04,1.8,35.67,23.54,21.32
2019-02-05,3.25,33.93,22.98,22.35
2019-02-06,6.07,33.53,21.68,25.68
2019-02-07,0.05,36.71,21.56,28.47
2019-02-08,0.97,37.56,23.03,23.12
2019-02-09,0.02,39.07,24.08,26.69
2019-02-10,2.1,38.18,26.76,17.2
2019-02-11,6.96,35.88,25.13,24.57
2019-02-12,6.18,27.77,23.85,12.11
2019-02-13,5.71,31.91,23.04,14.8
2019-02-14,3.86,33.4,22.08,15.33
2019-02-15,14.34,31.59,22.53,14.61
2019-02-16,2.76,30.75,21.08,25.62
2019-02-17,6.02,30.38,19.5,22.46
2019-02-18,5.5,31.52,20.4,24.07
2019-02-19,10.03,32.38,20.25,13.19
2019-02-20,2.74,32.86,22.06,25.89
2019-02-21,0.08,34.16,21.35,25.87
2019-02-22,0.02,31.71,22.3,25.11
2019-02-23,1.3,34.16,24.15,25.61
2019-02-24,0.85,36.45,23.07,26.29
2019-02-25,1.96,32.55,23.53,25.11
2019-02-26,20.82,28.14,21.34,4.94
2019-02-27,13.3,28.85,20.66,13.38
2019-02-28,4.4,30.14,21.21,16.2
2019-03-01,1.02,33.13,19.62,20.97
2019-03-02,0.01,33.87,20.96,23.74
2019-03-03,0.0,33.9,18.45,24.58
2019-03-04,0.02,34.14,21.72,24.75
2019-03-05,0.01,35.11,22.77,22.68
2019-03-06,3.78,33.29,23.24,24.85
2019-03-07,8.91,29.68,23.86,18.84
2019-03-08,3.44,33.43,22.84,24.2
2019-03-09,2.3,31.99,23.75,17.29
2019-03-10,2.63,33.48,22.58,21.23
2019-03-11,2.11,32.32,23.39,20.88
2019-03-12,2.25,32.25,22.93,18.14
2019-03-13,3.81,33.01,22.82,14.01
2019-03-14,5.29,30.22,23.04,16.86
2019-03-15,1.69,31.91,22.81,12.27
2019-03-16,4.22,32.88,23.44,15.7
2019-03-17,5.9,31.05,23.28,17.18
2019-03-18,2.13,30.99,23.16,11.32
2019-03-19,5.1,32.77,22.94,20.67
2019-03-20,18.42,30.06,22.59,8.49
2019-03-21,1.04,28.17,20.77,15.53
2019-03-22,0.01,30.34,19.03,23.42
2019-03-23,0.0,32.2,19.25,25.1
2019-03-24,0.0,33.09,18.52,24.69
2019-03-25,0.0,34.12,18.9,23.38
2019-03-26,0.0,35.11,19.99,23.88
2019-03-27,0.0,35.51,20.27,22.23
2019-03-28,0.04,34.65,21.21,23.72
2019-03-29,0.01,34.14,20.29,23.39
2019-03-30,0.0,34.48,20.36,23.08
2019-03-31,0.0,32.7,19.57,16.57
2019-04-01,0.0,35.93,19.91,15.93
2019-04-02,1.38,32.96,21.37,12.03
2019-04-03,0.88,33.61,22.1,11.59
2019-04-04,0.76,33.51,23.54,15.0
2019-04-05,10.36,33.31,23.59,12.0
2019-04-06,2.76,31.92,20.95,11.53
2019-04-07,0.15,28.46,19.25,9.66
2019-04-08,0.02,30.84,17.37,18.38
2019-04-09,0.0,32.55,17.05,21.36
2019-04-10,0.0,32.04,18.66,21.94
2019-04-11,0.0,32.92,19.05,22.26
2019-04-12,0.04,34.37,18.33,19.23
2019-04-13,1.19,33.57,19.79,13.64
2019-04-14,2.04,33.72,21.58,14.55
2019-04-15,0.06,33.48,22.37,20.25
2019-04-16,0.0,34.49,21.66,18.27
2019-04-17,0.0,34.01,19.78,21.73
2019-04-18,0.0,33.99,16.69,21.86
2019-04-19,0.0,35.04,19.88,20.07
2019-04-20,0.0,36.33,21.03,20.01
2019-04-21,2.95,35.96,23.13,14.75
2019-04-22,1.83,32.34,22.79,9.78
2019-04-23,0.02,33.87,21.55,16.75
2019-04-24,0.0,34.1,21.7,18.82
2019-04-25,0.0,36.34,21.7,18.79
2019-04-26,0.01,35.47,22.22,18.17
2019-04-27,0.6,35.2,22.92,17.52
2019-04-28,6.46,27.77,19.17,8.58
2019-04-29,0.07,31.11,17.1,16.32
2019-04-30,1.5,31.62,18.37,15.87
2019-05-01,0.61,30.31,21.72,6.31
2019-05-02,0.01,31.87,20.83,11.5
2019-05-03,5.04,28.5,22.41,9.31
2019-05-04,7.27,31.33,22.11,13.51
2019-05-05,0.0,32.59,21.12,17.3
2019-05-06,3.54,32.49,21.77,16.6
2019-05-07,0.44,33.69,22.28,15.42
2019-05-08,0.11,31.39,21.83,17.47
2019-05-09,0.06,32.51,21.01,16.33
2019-05-10,2.51,32.55,20.78,15.34
2019-05-11,2.49,33.71,21.39,10.82
2019-05-12,0.92,30.15,21.15,13.07
2019-05-13,0.13,25.73,17.78,7.87
2019-05-14,0.04,25.14,13.47,13.95
2019-05-15,0.0,27.31,11.99,16.66
2019-05-16,0.0,28.23,16.21,11.52
2019-05-17,0.0,29.17,16.25,14.7
2019-05-18,0.0,30.07,16.61,16.78
2019-05-19,0.0,30.12,15.84,16.11
2019-05-20,0.0,31.25,14.45,17.22
2019-05-21,0.0,31.01,15.53,15.87
2019-05-22,1.67,31.47,17.25,13.42
2019-05-23,11.83,23.51,17.03,7.34
2019-05-24,0.18,22.42,12.43,12.89
2019-05-25,0.0,24.2,10.29,14.34
2019-05-26,0.06,27.67,10.85,17.18
2019-05-27,0.0,31.93,15.49,15.98
2019-05-28,7.55,32.34,18.14,9.66
2019-05-29,2.09,31.34,20.53,11.93
2019-05-30,0.04,32.89,21.2,14.01
2019-05-31,1.22,32.57,18.59,11.64
2019-06-01,12.95,29.14,19.84,9.93
2019-06-02,13.53,27.02,18.68,10.25
2019-06-03,1.95,26.12,16.37,11.68
2019-06-04,0.02,25.71,13.38,15.86
2019-06-05,0.0,23.1,11.97,17.08
2019-06-06,0.02,25.85,11.67,16.09
2019-06-07,0.0,28.62,11.32,16.56
2019-06-08,0.0,29.18,13.47,16.15
2019-06-09,0.0,27.63,12.69,15.74
2019-06-10,0.0,28.11,12.68,16.16
2019-06-11,0.0,30.64,14.7,15.67
2019-06-12,0.0,30.73,16.09,15.18
2019-06-13,0.0,30.68,15.51,14.89
2019-06-14,0.0,29.62,17.96,13.01
2019-06-15,0.0,30.98,16.9,15.42
2019-06-16,0.0,31.0,16.06,15.67
2019-06-17,0.0,30.58,15.01,15.85
2019-06-18,0.02,30.04,15.04,14.61
2019-06-19,0.0,31.4,15.92,15.56
2019-06-20,0.0,28.37,16.45,12.83
2019-06-21,0.0,30.41,17.4,15.46
2019-06-22,0.0,30.13,15.91,15.53
2019-06-23,0.0,30.24,14.27,15.91
2019-06-24,0.0,30.73,14.08,16.04
2019-06-25,0.0,31.43,14.8,15.95
2019-06-26,6.6,21.65,16.13,3.32
2019-06-27,4.45,21.84,15.26,6.18
2019-06-28,0.12,31.27,17.66,15.22
2019-06-29,0.01,31.93,17.3,15.39
2019-06-30,0.0,32.0,16.59,15.17
2019-07-01,0.0,32.42,16.69,14.84
2019-07-02,0.09,30.32,17.77,10.68
2019-07-03,8.27,27.51,15.59,7.54
2019-07-04,34.82,23.63,14.8,3.31
2019-07-05,0.5,19.74,6.53,15.92
2019-07-06,0.03,15.71,3.27,17.02
2019-07-07,0.01,19.42,2.64,17.33
2019-07-08,0.0,22.12,5.82,17.08
2019-07-09,0.0,25.14,7.46,16.57
2019-07-10,0.0,26.82,9.5,16.63
2019-07-11,0.0,28.19,11.87,16.59
2019-07-12,0.0,28.04,11.4,16.76
2019-07-13,0.0,29.68,14.44,16.63
2019-07-14,0.0,30.83,16.59,16.03
2019-07-15,2.33,31.1,16.69,7.91
2019-07-16,0.16,25.16,11.06,15.03
2019-07-17,0.0,23.72,9.68,15.63
2019-07-18,0.0,23.62,10.48,14.12
2019-07-19,0.0,28.06,13.6,14.11
2019-07-20,0.0,29.66,15.66,15.85
2019-07-21,0.0,28.68,15.14,13.62
2019-07-22,0.0,27.48,16.3,10.68
2019-07-23,0.0,31.24,16.01,17.1
2019-07-24,0.0,31.35,15.53,16.68
2019-07-25,0.0,27.01,16.07,14.18
2019-07-26,0.0,23.95,14.69,13.77
2019-07-27,0.0,26.43,13.59,16.57
2019-07-28,0.0,29.89,12.21,16.94
2019-07-29,0.0,30.2,14.95,17.43
2019-07-30,0.0,31.74,17.62,17.42
2019-07-31,0.0,31.78,14.68,18.16
2019-08-01,0.0,33.15,15.14,18.64
2019-08-02,0.0,24.09,11.1,14.49
2019-08-03,0.0,21.72,7.35,12.3
2019-08-04,0.0,24.16,4.63,18.67
2019-08-05,0.0,23.69,9.39,16.58
2019-08-06,0.0,28.93,13.88,17.23
2019-08-07,0.07,32.22,15.78,17.21
2019-08-08,0.22,33.97,17.09,18.28
2019-08-09,0.0,34.65,17.38,18.0
2019-08-10,0.0,28.3,16.13,16.64
2019-08-11,0.0,34.09,14.03,18.54
2019-08-12,0.0,36.0,17.49,18.23
2019-08-13,0.0,28.86,17.53,16.44
2019-08-14,0.0,28.9,14.73,18.58
2019-08-15,0.0,29.16,12.37,18.12
2019-08-16,0.03,31.88,15.96,19.05
2019-08-17,0.0,33.4,16.85,19.59
2019-08-18,0.0,34.0,20.19,9.84
2019-08-19,0.0,34.0,20.32,12.48
2019-08-20,0.0,30.01,18.67,16.01
2019-08-21,0.0,31.95,16.52,18.68
2019-08-22,0.0,32.17,16.17,20.24
2019-08-23,0.03,30.64,15.63,19.4
2019-08-24,0.0,31.12,13.92,21.52
2019-08-25,0.0,30.89,14.06,21.56
2019-08-26,0.0,34.0,14.47,18.29
2019-08-27,0.0,31.94,17.2,9.61
2019-08-28,0.0,33.82,18.6,15.87
2019-08-29,0.0,34.74,18.41,20.69
2019-08-30,0.0,36.97,18.68,20.56
2019-08-31,5.84,38.37,22.78,12.03
2019-09-01,11.79,25.21,15.62,3.73
2019-09-02,0.04,29.35,14.58,10.78
2019-09-03,0.96,31.06,17.87,13.1
2019-09-04,0.36,32.28,16.43,16.56
2019-09-05,0.0,31.65,18.29,15.85
2019-09-06,0.0,33.07,16.99,18.33
2019-09-07,0.0,36.2,19.11,21.48
2019-09-08,0.0,37.61,20.07,21.57
2019-09-09,0.0,38.75,21.36,22.84
2019-09-10,0.0,39.14,20.89,20.27
2019-09-11,0.0,39.91,22.39,18.46
2019-09-12,0.0,35.64,20.51,18.97
2019-09-13,0.0,35.64,17.96,19.09
2019-09-14,0.0,38.55,21.43,21.9
2019-09-15,0.0,40.52,22.35,22.09
2019-09-16,0.0,41.29,22.11,22.59
2019-09-17,0.0,41.41,21.63,23.42
2019-09-18,0.03,34.94,21.81,15.35
2019-09-19,2.6,39.46,21.44,12.55
2019-09-20,18.56,36.1,20.85,12.65
2019-09-21,0.49,33.75,18.92,11.25
2019-09-22,0.0,33.51,20.11,20.38
2019-09-23,0.0,31.13,16.15,24.19
2019-09-24,1.34,29.46,16.53,19.66
2019-09-25,15.01,22.78,19.78,3.35
2019-09-26,0.04,30.49,17.98,20.07
2019-09-27,0.0,32.42,15.59,25.3
2019-09-28,0.0,31.97,17.43,26.14
2019-09-29,0.0,34.23,16.49,23.31
2019-09-30,0.0,35.79,16.63,25.61
2019-10-01,0.02,38.27,17.73,26.12
2019-10-02,3.09,37.62,22.24,20.78
2019-10-03,0.34,38.01,22.52,21.49
2019-10-04,0.03,37.85,22.41,24.8
2019-10-05,0.14,37.34,23.74,24.17
2019-10-06,10.27,27.1,19.87,5.54
2019-10-07,0.3,27.3,19.15,8.66
2019-10-08,0.01,30.26,18.92,16.5
2019-10-09,0.0,35.63,19.73,25.11
2019-10-10,0.0,36.79,20.85,27.36
2019-10-11,0.0,38.05,20.82,26.2
2019-10-12,0.0,40.02,23.38,25.92
2019-10-13,2.98,40.32,23.25,23.35
2019-10-14,0.87,34.51,23.24,22.22
2019-10-15,0.91,36.21,23.25,17.25
2019-10-16,0.0,36.57,22.48,25.24
2019-10-17,0.11,39.45,23.4,22.66
2019-10-18,0.1,37.89,24.22,18.66
2019-10-19,1.21,37.4,23.42,21.65
2019-10-20,6.45,35.77,24.19,24.09
2019-10-21,49.38,30.57,21.03,7.26
2019-10-22,0.08,28.87,16.95,26.72
2019-10-23,0.49,31.48,14.63,28.44
2019-10-24,0.0,34.15,18.18,29.26
2019-10-25,0.0,37.28,20.23,27.67
2019-10-26,0.01,36.55,20.69,26.89
2019-10-27,7.92,36.71,22.34,27.54
2019-10-28,9.61,36.98,23.11,18.93
2019-10-29,0.02,37.6,23.41,27.78
2019-10-30,0.0,39.78,22.97,28.35
2019-10-31,0.78,39.89,23.21,28.42
2019-11-01,1.17,38.51,23.44,26.75
2019-11-02,0.0,39.34,23.41,28.03
2019-11-03,0.0,40.88,24.21,22.43
2019-11-04,0.02,39.95,26.39,27.1
2019-11-05,3.5,39.16,24.73,22.64
2019-11-06,3.72,32.47,23.84,19.82
2019-11-07,0.36,35.34,23.32,13.76
2019-11-08,7.29,32.88,24.3,15.29
2019-11-09,6.27,32.21,23.17,21.9
2019-11-10,2.71,31.29,23.14,13.25
2019-11-11,2.57,35.52,22.72,19.11
2019-11-12,2.72,35.66,20.69,29.18
2019-11-13,3.94,32.41,22.92,22.43
2019-11-14,12.71,29.73,22.67,12.31
2019-11-15,0.16,33.77,20.48,27.99
2019-11-16,0.01,35.35,18.16,30.0
2019-11-17,0.0,36.53,20.21,29.85
2019-11-18,0.0,36.93,19.96,30.43
2019-11-19,0.0,37.65,19.87,29.52
2019-11-20,0.0,38.37,20.77,28.56
2019-11-21,0.26,38.4,22.73,27.78
2019-11-22,0.01,38.7,24.14,29.58
2019-11-23,0.9,39.42,25.69,20.24
2019-11-24,0.27,36.04,22.6,25.0
2019-11-25,0.04,36.39,21.84,28.71
2019-11-26,12.52,36.04,23.83,18.21
2019-11-27,25.34,32.48,23.32,6.2
2019-11-28,1.83,33.03,21.96,23.1
2019-11-29,0.0,33.75,21.32,29.3
2019-11-30,2.27,34.85,22.21,24.41
2019-12-01,2.75,35.42,22.86,18.78
2019-12-02,11.35,34.92,21.67,24.61
2019-12-03,9.34,32.43,23.41,19.69
2019-12-04,23.93,30.04,23.92,13.64
2019-12-05,7.48,31.09,21.41,8.84
2019-12-06,0.06,32.14,18.13,28.53
2019-12-07,0.22,32.87,15.23,32.16
2019-12-08,4.69,35.6,18.28,26.75
2019-12-09,12.96,30.88,22.37,13.0
2019-12-10,1.12,33.13,22.1,23.77
2019-12-11,14.97,31.91,23.22,10.61
2019-12-12,8.94,33.55,23.29,24.07
2019-12-13,0.78,34.63,22.83,24.53
2019-12-14,17.58,26.49,23.1,14.98
2019-12-15,12.29,32.06,22.59,18.96
2019-12-16,29.11,27.53,23.42,9.85
2019-12-17,29.64,28.1,22.3,7.76
2019-12-18,7.7,30.36,22.16,18.19
2019-12-19,5.45,31.41,22.97,21.78
2019-12-20,17.75,31.14,23.21,19.42
2019-12-21,16.27,30.27,22.43,11.24
2019-12-22,4.42,31.52,21.66,20.22
2019-12-23,0.01,31.8,19.35,30.96
2019-12-24,0.0,32.79,17.7,29.97
2019-12-25,0.01,34.47,20.84,30.25
2019-12-26,0.01,35.11,21.83,29.98
2019-12-27,0.0,35.48,23.06,30.27
2019-12-28,0.13,35.03,22.3,21.5
2019-12-29,0.07,33.2,25.08,27.01
2019-12-30,0.0,37.74,23.75,29.99
2019-12-31,0.55,36.63,23.54,27.92
2020-01-01,1.87,33.99,23.87,26.43
2020-01-02,2.49,35.49,23.08,26.69
2020-01-03,6.95,30.44,23.12,15.41
2020-01-04,2.43,33.39,21.84,23.32
2020-01-05,2.85,34.15,21.76,25.55
2020-01-06,3.5,35.7,22.19,28.7
2020-01-07,27.06,27.1,23.75,5.01
2020-01-08,6.89,31.04,22.83,18.54
2020-01-09,2.62,31.98,23.64,20.03
2020-01-10,0.53,33.66,23.1,25.33
2020-01-11,6.38,35.47,23.52,19.93
2020-01-12,13.19,32.45,24.81,21.86
2020-01-13,14.42,28.96,24.72,16.05
2020-01-14,1.31,31.56,23.64,23.42
2020-01-15,0.02,34.36,23.44,27.4
2020-01-16,0.76,36.18,24.57,24.91
2020-01-17,0.09,31.29,25.22,22.43
2020-01-18,0.0,32.56,21.86,28.46
2020-01-19,0.0,34.5,21.44,28.93
2020-01-20,0.0,35.45,22.15,27.74
2020-01-21,0.02,36.53,22.53,27.13
2020-01-22,10.02,29.23,21.75,13.83
2020-01-23,10.21,30.61,20.94,8.86
2020-01-24,0.04,32.15,20.58,24.08
2020-01-25,0.0,34.08,19.66,28.5
2020-01-26,0.0,36.43,20.69,30.13
2020-01-27,0.04,37.77,20.64,28.29
2020-01-28,0.0,37.62,22.74,28.08
2020-01-29,16.65,36.81,23.89,8.03
2020-01-30,10.59,28.67,23.73,12.68
2020-01-31,10.84,30.68,23.06,18.78
2020-02-01,13.1,32.97,23.76,15.12
2020-02-02,24.78,31.47,23.4,14.18
2020-02-03,17.52,31.38,23.86,14.74
2020-02-04,0.52,30.92,23.08,17.66
2020-02-05,10.49,31.53,22.97,20.15
2020-02-06,1.57,32.78,23.17,25.7
2020-02-07,0.07,32.66,23.3,23.36
2020-02-08,0.03,31.51,22.95,20.29
2020-02-09,0.08,32.11,21.86,22.78
2020-02-10,2.22,31.72,24.09,19.44
2020-02-11,0.56,32.12,20.74,16.49
2020-02-12,0.01,32.4,20.18,28.17
2020-02-13,0.0,32.68,20.68,28.69
2020-02-14,0.0,34.7,20.17,25.39
2020-02-15,0.0,34.04,22.99,26.44
2020-02-16,0.0,36.11,24.69,26.36
2020-02-17,2.06,35.75,24.24,21.89
2020-02-18,6.16,34.27,24.09,23.5
2020-02-19,2.63,34.12,24.46,22.74
2020-02-20,26.69,33.76,25.0,15.34
2020-02-21,0.31,31.44,23.87,21.23
2020-02-22,0.0,31.57,18.04,26.78
2020-02-23,0.0,31.23,16.92,22.58
2020-02-24,0.36,32.14,21.82,18.77
2020-02-25,15.81,33.19,23.25,16.56
2020-02-26,49.05,28.15,18.48,7.6
2020-02-27,0.01,31.24,18.29,23.91
2020-02-28,0.0,30.3,19.14,26.51
2020-02-29,0.0,30.63,19.52,26.86
2020-03-01,0.01,30.76,19.99,27.24
2020-03-02,3.68,29.01,19.56,22.87
2020-03-03,0.16,30.89,18.89,26.77
2020-03-04,0.05,32.12,18.6,26.77
2020-03-05,0.0,33.17,21.36,26.05
2020-03-06,0.1,32.54,20.41,26.97
2020-03-07,0.02,33.24,19.76,26.84
2020-03-08,0.15,34.67,20.91,24.7
2020-03-09,0.0,34.68,19.34,26.39
2020-03-10,0.0,35.29,19.45,25.78
2020-03-11,0.0,36.24,20.78,24.81
2020-03-12,0.0,37.29,22.91,25.01
2020-03-13,0.0,36.94,22.81,25.33
2020-03-14,0.0,37.74,21.92,25.52
2020-03-15,0.07,38.02,22.64,24.03
2020-03-16,2.66,36.58,24.38,24.49
2020-03-17,2.93,37.44,23.41,20.42
2020-03-18,5.85,37.35,24.17,19.07
2020-03-19,4.24,35.18,24.18,14.76
2020-03-20,5.23,32.48,21.28,15.15
2020-03-21,0.0,34.13,18.44,22.34
2020-03-22,0.0,33.89,21.63,24.56
2020-03-23,0.0,32.1,18.97,25.49
2020-03-24,0.0,32.47,18.1,23.55
2020-03-25,0.0,33.21,19.18,23.76
2020-03-26,0.0,32.86,19.23,24.29
2020-03-27,0.08,33.66,19.36,22.87
2020-03-28,2.14,34.61,20.83,21.42
2020-03-29,4.44,32.3,23.66,12.07
2020-03-30,0.42,34.4,22.79,20.83
2020-03-31,2.05,35.2,21.73,22.94
2020-04-01,0.09,36.09,21.17,22.78
2020-04-02,0.0,37.42,21.75,20.44
2020-04-03,0.01,31.17,15.98,18.84
2020-04-04,0.01,32.28,13.52,23.58
2020-04-05,0.03,35.72,17.56,22.74
2020-04-06,18.16,36.56,22.05,19.66
2020-04-07,8.89,29.74,17.99,16.84
2020-04-08,0.0,30.56,15.96,19.92
2020-04-09,0.0,30.69,13.26,22.64
2020-04-10,0.0,29.79,12.17,22.92
2020-04-11,0.0,30.76,12.88,22.69
2020-04-12,0.0,31.63,15.53,20.38
2020-04-13,2.63,32.62,19.05,21.24
2020-04-14,28.12,27.89,17.09,13.42
2020-04-15,0.0,22.67,11.45,22.75
2020-04-16,0.03,25.05,8.67,22.51
2020-04-17,0.0,27.79,9.45,22.27
2020-04-18,3.22,28.15,14.41,21.56
2020-04-19,0.0,29.21,14.94,21.07
2020-04-20,0.0,30.71,16.31,20.22
2020-04-21,0.0,31.34,16.64,20.52
2020-04-22,0.0,31.49,15.35,21.0
2020-04-23,0.0,31.25,15.6,20.72
2020-04-24,0.0,32.05,14.42,20.6
2020-04-25,0.79,33.58,18.95,19.03
2020-04-26,0.0,34.44,20.83,19.9
2020-04-27,0.03,31.65,17.6,20.13
2020-04-28,0.0,31.91,17.49,19.8
2020-04-29,0.0,32.99,17.59,19.19
2020-04-30,0.0,33.67,19.53,18.67
2020-05-01,0.0,34.03,20.89,18.54
2020-05-02,0.0,32.78,17.72,16.64
2020-05-03,0.0,32.57,15.56,19.64
2020-05-04,0.0,31.14,15.88,19.29
2020-05-05,0.11,30.74,16.78,15.22
2020-05-06,0.05,30.21,14.85,9.75
2020-05-07,0.0,25.07,9.2,19.49
2020-05-08,0.0,26.74,7.52,18.42
2020-05-09,0.0,28.8,10.29,17.87
2020-05-10,0.0,31.56,14.44,17.37
2020-05-11,0.03,33.1,14.78,18.08
2020-05-12,0.09,33.02,17.7,6.81
2020-05-13,27.67,21.84,17.54,10.16
2020-05-14,0.24,25.2,15.48,9.86
2020-05-15,0.02,25.61,12.21,10.8
2020-05-16,0.0,25.01,9.71,17.4
2020-05-17,0.0,27.35,10.36,17.41
2020-05-18,0.0,28.64,11.57,18.4
2020-05-19,0.0,29.3,13.17,17.62
2020-05-20,0.0,30.8,15.69,17.13
2020-05-21,0.0,31.64,16.3,16.46
2020-05-22,33.7,31.71,16.03,8.12
2020-05-23,0.91,19.03,11.75,9.7
2020-05-24,0.07,19.11,9.71,6.63
2020-05-25,0.01,21.62,8.58,17.36
2020-05-26,0.02,21.98,7.29,16.82
2020-05-27,0.0,23.5,7.2,17.63
2020-05-28,0.0,24.95,9.14,16.26
2020-05-29,0.0,26.1,8.5,17.01
2020-05-30,0.01,28.04,10.05,17.21
2020-05-31,0.0,30.0,13.09,16.34
2020-06-01,4.71,28.64,17.05,11.97
2020-06-02,8.42,19.03,15.01,4.11
2020-06-03,1.07,24.74,13.7,5.03
2020-06-04,1.87,23.87,17.86,4.75
2020-06-05,4.21,27.62,17.11,11.15
2020-06-06,3.16,19.1,13.71,9.11
2020-06-07,0.14,23.88,13.42,13.52
2020-06-08,0.25,30.04,16.95,12.54
2020-06-09,1.69,30.29,19.77,13.32
2020-06-10,0.27,31.68,18.74,13.51
2020-06-11,0.04,31.97,17.39,14.08
2020-06-12,0.01,31.37,17.32,15.25
2020-06-13,0.03,32.27,17.88,14.32
2020-06-14,0.19,29.99,17.66,13.92
2020-06-15,0.01,28.72,16.25,14.73
2020-06-16,0.0,29.04,16.44,15.78
2020-06-17,0.0,29.65,16.28,15.1
2020-06-18,0.01,29.44,16.67,14.0
2020-06-19,0.01,31.18,16.82,15.43
2020-06-20,0.0,31.11,16.24,15.84
2020-06-21,0.0,31.55,15.64,15.86
2020-06-22,0.0,31.87,16.1,15.93
2020-06-23,0.0,29.95,16.82,15.12
2020-06-24,0.61,30.94,14.18,14.34
2020-06-25,12.98,29.51,17.77,10.82
2020-06-26,8.08,22.74,14.12,4.22
2020-06-27,78.97,22.54,12.87,6.79
2020-06-28,0.73,23.66,11.51,8.17
2020-06-29,0.02,22.9,13.7,12.57
2020-06-30,7.95,26.64,15.2,13.38
2020-07-01,0.04,19.35,8.52,16.46
2020-07-02,0.0,19.26,6.89,15.99
2020-07-03,0.02,20.62,6.8,16.05
2020-07-04,0.01,24.65,8.73,16.23
2020-07-05,0.01,26.68,12.73,10.29
2020-07-06,0.35,27.67,16.69,9.4
2020-07-07,0.01,30.05,16.7,15.69
2020-07-08,3.18,18.7,11.83,5.11
2020-07-09,0.07,19.84,8.64,14.08
2020-07-10,0.0,26.05,8.82,15.0
2020-07-11,0.0,29.72,14.83,15.09
2020-07-12,0.0,30.31,14.35,16.14
2020-07-13,0.01,31.45,16.85,15.23
2020-07-14,0.02,29.13,16.08,13.95
2020-07-15,0.0,28.87,13.53,15.84
2020-07-16,0.0,29.21,16.41,13.86
2020-07-17,0.0,31.99,16.6,15.38
2020-07-18,0.0,30.77,15.9,16.81
2020-07-19,0.0,29.78,14.27,16.91
2020-07-20,0.0,30.24,13.6,16.47
2020-07-21,0.0,30.98,14.51,17.26
2020-07-22,0.0,31.12,14.83,17.81
2020-07-23,0.0,31.36,14.98,17.55
2020-07-24,0.0,31.96,15.26,16.96
2020-07-25,0.0,22.84,12.73,14.32
2020-07-26,0.0,26.44,11.3,15.72
2020-07-27,0.0,30.89,15.52,14.95
2020-07-28,0.04,31.34,15.77,16.48
2020-07-29,0.93,22.16,13.87,10.56
2020-07-30,0.0,26.7,13.33,16.18
2020-07-31,0.0,29.3,13.76,16.72
2020-08-01,0.0,30.21,14.62,17.67
2020-08-02,0.0,29.9,13.98,18.48
2020-08-03,0.0,30.15,13.09,17.69
2020-08-04,0.0,30.26,14.22,18.32
2020-08-05,0.0,30.17,13.19,17.94
2020-08-06,0.0,31.05,13.35,18.69
2020-08-07,0.0,30.83,12.9,18.78
2020-08-08,0.0,30.92,13.46,19.46
2020-08-09,0.0,31.61,13.96,18.77
2020-08-10,0.0,32.82,14.82,17.78
2020-08-11,0.0,33.82,15.7,17.8
2020-08-12,0.03,32.9,18.52,15.5
2020-08-13,6.05,29.65,17.16,10.15
2020-08-14,1.14,30.64,17.82,15.46
2020-08-15,2.65,33.71,20.64,13.33
2020-08-16,53.29,22.88,19.45,2.07
2020-08-17,20.81,21.91,18.86,2.5
2020-08-18,29.52,23.49,18.28,5.43
2020-08-19,21.77,25.44,14.1,5.18
2020-08-20,15.62,17.7,10.62,1.8
2020-08-21,0.09,17.27,6.6,11.67
2020-08-22,1.12,20.09,5.93,20.4
2020-08-23,0.22,23.23,9.12,20.66
2020-08-24,0.04,23.54,12.64,17.22
2020-08-25,0.0,27.03,12.85,20.89
2020-08-26,0.0,27.28,13.44,21.4
2020-08-27,0.01,29.56,12.61,18.5
2020-08-28,0.0,31.1,12.59,22.82
2020-08-29,0.02,32.43,13.96,20.64
2020-08-30,0.0,33.77,15.43,21.54
2020-08-31,0.0,33.28,16.0,21.44
2020-09-01,0.0,32.06,16.76,21.78
2020-09-02,0.0,32.16,17.75,21.46
2020-09-03,0.0,32.02,18.64,21.0
2020-09-04,0.0,33.43,17.24,21.24
2020-09-05,0.0,35.41,18.56,22.0
2020-09-06,0.0,36.04,16.86,22.42
2020-09-07,0.0,35.76,18.86,21.08
2020-09-08,0.0,35.46,19.01,21.19
2020-09-09,0.0,35.46,18.49,22.74
2020-09-10,0.0,37.04,18.45,22.61
2020-09-11,0.0,37.19,19.4,20.86
2020-09-12,1.1,38.4,18.62,22.98
2020-09-13,0.0,37.95,18.44,20.96
2020-09-14,0.0,38.49,19.35,17.9
2020-09-15,0.0,34.1,18.62,18.53
2020-09-16,0.0,37.18,18.79,22.86
2020-09-17,0.0,36.91,19.44,20.32
2020-09-18,0.01,29.85,19.56,7.74
2020-09-19,0.23,32.59,20.94,10.18
2020-09-20,0.72,30.78,16.68,10.73
2020-09-21,9.16,27.87,16.84,4.98
2020-09-22,0.14,29.72,14.87,18.34
2020-09-23,0.09,31.51,14.92,24.75
2020-09-24,0.73,33.45,17.1,25.34
2020-09-25,0.0,36.56,18.47,25.13
2020-09-26,0.0,39.28,19.14,23.83
2020-09-27,0.51,39.76,22.54,22.17
2020-09-28,0.07,33.92,20.86,20.7
2020-09-29,0.0,38.45,19.19,23.5
2020-09-30,0.0,40.54,22.97,24.68
2020-10-01,0.0,42.44,21.48,23.83
2020-10-02,0.0,42.67,25.5,23.76
2020-10-03,0.02,43.09,22.68,24.03
2020-10-04,0.03,39.34,22.46,24.24
2020-10-05,0.0,40.24,21.92,23.73
2020-10-06,0.0,42.05,22.41,24.27
2020-10-07,0.7,43.03,25.54,22.04
2020-10-08,2.49,41.32,26.64,19.38
2020-10-09,1.1,37.66,22.49,13.76
2020-10-10,0.13,32.3,19.32,16.09
2020-10-11,0.0,34.86,18.34,21.76
2020-10-12,0.1,37.9,19.84,23.62
2020-10-13,19.97,36.4,23.05,17.18
2020-10-14,2.97,34.15,22.59,20.47
2020-10-15,6.53,30.22,22.61,5.36
2020-10-16,1.08,30.99,20.01,17.24
2020-10-17,0.0,32.39,17.95,26.63
2020-10-18,0.01,32.74,19.03,24.74
2020-10-19,0.26,35.1,20.4,21.34
2020-10-20,0.08,36.0,21.5,24.47
2020-10-21,0.31,35.96,22.39,23.82
2020-10-22,0.01,35.13,21.47,27.51
2020-10-23,0.34,35.54,21.75,23.7
2020-10-24,0.56,35.51,22.44,16.38
2020-10-25,1.67,37.65,21.9,25.87
2020-10-26,19.47,32.38,21.52,4.43
2020-10-27,0.47,31.44,17.41,27.92
2020-10-28,0.0,36.1,17.99,29.98
2020-10-29,5.77,27.09,21.3,7.0
2020-10-30,2.82,30.09,18.78,13.13
2020-10-31,0.0,31.36,18.31,27.27
2020-11-01,0.0,31.85,17.87,28.06
2020-11-02,0.0,31.52,16.27,29.85
2020-11-03,0.02,32.93,17.23,28.62
2020-11-04,0.0,34.9,17.17,29.27
2020-11-05,0.0,35.18,17.21,30.22
2020-11-06,0.0,36.2,16.73,30.14
2020-11-07,0.0,38.16,18.79,29.52
2020-11-08,0.0,41.0,21.15,27.78
2020-11-09,0.29,39.78,24.27,12.52
2020-11-10,2.23,31.99,23.57,11.29
2020-11-11,8.18,32.81,22.22,18.51
2020-11-12,0.32,35.19,21.84,21.08
2020-11-13,0.01,31.26,22.22,23.67
2020-11-14,0.01,36.34,20.83,27.9
2020-11-15,1.04,37.17,23.08,17.89
2020-11-16,0.02,37.22,21.99,26.8
2020-11-17,0.78,35.86,23.54,27.06
2020-11-18,7.93,32.6,20.42,15.61
2020-11-19,0.04,33.13,18.87,26.41
2020-11-20,0.0,33.5,18.01,29.33
2020-11-21,0.0,35.45,18.86,29.62
2020-11-22,0.0,37.29,19.11,30.2
2020-11-23,0.0,36.84,20.75,31.61
2020-11-24,0.0,38.16,20.25,30.86
2020-11-25,0.0,39.59,23.88,30.25
2020-11-26,0.0,39.69,23.79,28.96
2020-11-27,0.03,39.92,26.24,26.95
2020-11-28,0.54,40.26,25.09,27.4
2020-11-29,0.22,40.5,26.19,27.08
2020-11-30,0.06,41.55,26.61,22.8
2020-12-01,2.6,38.65,25.63,20.17
2020-12-02,0.17,38.08,24.28,26.64
2020-12-03,9.64,37.58,24.21,9.69
2020-12-04,4.87,32.62,23.88,18.53
2020-12-05,1.31,32.31,23.59,17.03
2020-12-06,4.61,33.18,22.44,15.98
2020-12-07,13.45,33.01,21.88,9.41
2020-12-08,0.67,35.53,19.96,28.73
2020-12-09,0.04,37.09,19.49,31.15
2020-12-10,0.29,37.76,19.77,30.47
2020-12-11,0.01,35.99,21.97,26.12
2020-12-12,0.06,36.35,21.68,26.32
2020-12-13,10.4,35.56,22.75,21.16
2020-12-14,5.56,33.45,23.0,18.3
2020-12-15,7.24,35.3,21.72,27.7
2020-12-16,8.18,33.08,23.83,24.31
2020-12-17,4.08,32.54,23.2,16.12
2020-12-18,0.8,37.24,23.37,28.51
2020-12-19,0.82,37.85,23.74,25.89
2020-12-20,0.16,37.87,24.4,24.53
2020-12-21,1.58,36.39,23.73,24.77
2020-12-22,1.12,37.82,21.61,24.33
2020-12-23,4.68,37.49,21.85,29.03
2020-12-24,0.0,37.6,23.17,30.87
2020-12-25,0.0,36.23,21.26,30.12
2020-12-26,0.0,36.71,21.48,30.15
2020-12-27,1.98,38.0,22.12,27.27
2020-12-28,0.3,35.85,23.46,25.55
2020-12-29,3.3,31.26,23.95,19.6
2020-12-30,1.2,38.59,22.59,28.46
2020-12-31,24.86,32.42,23.93,10.44
2021-01-01,1.81,35.36,22.78,26.58
2021-01-02,0.02,37.41,22.86,28.83
2021-01-03,0.04,36.91,22.55,29.45
2021-01-04,5.48,36.55,22.63,24.65
2021-01-05,7.74,31.65,22.92,19.17
2021-01-06,7.61,30.11,22.78,18.79
2021-01-07,11.58,31.04,21.55,17.88
2021-01-08,2.79,32.63,22.76,24.49
2021-01-09,0.0,37.25,22.92,28.71
2021-01-10,0.68,37.96,22.83,26.61
2021-01-11,3.91,36.68,24.35,26.65
2021-01-12,1.01,35.38,25.0,24.75
2021-01-13,5.96,35.1,24.93,21.38
2021-01-14,4.71,32.04,24.01,19.08
2021-01-15,14.07,33.71,23.25,20.22
2021-01-16,34.63,30.63,23.62,8.61
2021-01-17,15.96,29.18,23.53,10.54
2021-01-18,16.29,28.09,23.26,13.66
2021-01-19,17.73,26.38,23.01,11.1
2021-01-20,7.34,28.51,22.5,8.96
2021-01-21,5.62,27.94,22.66,9.05
2021-01-22,1.55,29.31,21.95,10.88
2021-01-23,4.04,30.52,22.16,22.25
2021-01-24,4.44,31.51,21.27,14.99
2021-01-25,1.94,31.02,21.92,14.72
2021-01-26,4.41,30.2,22.09,22.55
2021-01-27,3.93,31.47,22.23,12.84
2021-01-28,7.34,28.89,22.63,19.67
2021-01-29,6.04,28.73,22.53,15.91
2021-01-30,19.5,28.11,22.72,13.81
2021-01-31,7.33,31.33,22.74,11.23
2021-02-01,7.09,31.33,22.42,21.44
2021-02-02,3.6,28.53,22.83,24.65
2021-02-03,0.32,35.57,21.7,25.23
2021-02-04,3.05,30.87,22.08,18.52
2021-02-05,0.18,30.33,19.66,28.99
2021-02-06,0.04,30.9,17.64,30.38
2021-02-07,0.02,31.94,16.66,28.4
2021-02-08,0.0,31.82,18.73,30.29
2021-02-09,0.0,31.84,17.51,25.4
2021-02-10,1.0,33.38,18.41,26.51
2021-02-11,2.05,31.56,20.5,14.45
2021-02-12,24.59,29.21,22.12,11.36
2021-02-13,6.78,30.86,20.49,23.01
2021-02-14,4.65,29.86,21.5,8.82
2021-02-15,1.15,31.68,21.56,22.57
2021-02-16,1.72,30.86,22.59,20.58
2021-02-17,0.3,32.35,20.76,24.88
2021-02-18,0.01,31.91,18.04,30.04
2021-02-19,0.02,32.58,14.97,27.06
2021-02-20,0.0,34.52,17.03,28.76
2021-02-21,0.0,35.92,20.26,27.65
2021-02-22,0.7,36.1,21.07,27.08
2021-02-23,0.81,37.76,21.35,26.65
2021-02-24,3.95,38.07,22.78,26.07
2021-02-25,6.92,35.89,22.15,23.74
2021-02-26,0.94,33.82,21.78,22.83
2021-02-27,2.36,32.93,21.4,25.09
2021-02-28,1.21,33.27,20.88,21.05
2021-03-01,4.86,32.73,22.06,21.17
2021-03-02,2.53,34.6,21.3,22.93
2021-03-03,15.17,30.34,22.24,17.7
2021-03-04,24.81,28.9,22.2,7.07
2021-03-05,31.89,24.99,21.2,11.48
2021-03-06,0.28,30.48,19.47,19.92
2021-03-07,1.53,31.07,20.2,23.72
2021-03-08,1.05,31.94,21.56,21.81
2021-03-09,0.22,32.14,20.19,25.05
2021-03-10,0.0,32.68,18.93,26.48
2021-03-11,0.0,33.54,19.61,26.36
2021-03-12,0.0,33.98,19.94,25.99
2021-03-13,0.0,32.41,20.78,25.84
2021-03-14,0.22,33.02,22.65,24.56
2021-03-15,0.0,33.87,21.76,23.77
2021-03-16,0.48,35.94,21.62,22.62
2021-03-17,3.56,31.13,23.27,10.15
2021-03-18,0.74,34.25,22.42,22.73
2021-03-19,3.06,33.77,21.06,20.2
2021-03-20,0.28,34.92,22.27,21.83
2021-03-21,0.0,36.55,22.39,21.34
2021-03-22,0.01,37.03,22.93,24.0
2021-03-23,0.0,37.41,21.64,24.04
2021-03-24,0.0,37.28,22.4,22.96
2021-03-25,0.0,37.99,23.03,23.36
2021-03-26,0.22,37.01,23.83,21.29
2021-03-27,0.56,38.27,23.74,19.95
2021-03-28,0.13,36.84,22.89,21.86
2021-03-29,0.17,34.26,22.28,20.43
2021-03-30,0.04,32.72,20.9,21.92
2021-03-31,0.01,32.35,18.55,23.34
2021-04-01,0.01,32.67,16.09,20.33
2021-04-02,0.0,33.53,17.96,23.36
2021-04-03,0.0,33.43,18.68,22.95
2021-04-04,0.0,33.91,19.74,22.75
2021-04-05,0.0,33.61,19.43,22.68
2021-04-06,0.0,34.39,20.49,21.58
2021-04-07,1.01,33.32,19.92,19.33
2021-04-08,0.26,34.04,19.68,20.88
2021-04-09,0.0,34.59,20.57,22.47
2021-04-10,0.0,34.97,18.54,22.83
2021-04-11,0.0,36.27,19.16,20.89
2021-04-12,0.17,34.03,21.25,19.85
2021-04-13,1.98,34.18,20.04,18.45
2021-04-14,0.07,32.98,21.5,18.74
2021-04-15,0.0,33.68,19.42,20.56
2021-04-16,2.83,34.07,19.18,12.48
2021-04-17,0.01,31.62,18.89,9.77
2021-04-18,0.0,32.2,18.33,19.78
2021-04-19,0.0,31.22,17.71,19.33
2021-04-20,0.0,31.37,18.25,20.7
2021-04-21,0.0,30.89,16.97,20.92
2021-04-22,0.0,30.88,16.07,21.1
2021-04-23,0.0,31.35,17.45,18.61
2021-04-24,0.0,32.98,17.84,16.79
2021-04-25,0.01,30.46,18.89,12.62
2021-04-26,0.0,30.0,16.31,19.62
2021-04-27,0.0,28.9,12.7,20.3
2021-04-28,0.0,30.19,10.33,20.5
2021-04-29,0.0,29.64,10.47,20.02
2021-04-30,0.0,29.38,14.47,19.27
2021-05-01,0.02,32.32,15.65,17.44
2021-05-02,0.0,32.96,18.85,18.27
2021-05-03,0.0,33.63,18.19,19.23
2021-05-04,0.0,34.29,17.11,19.48
2021-05-05,0.16,34.45,16.94,19.11
2021-05-06,0.71,29.55,17.01,13.15
2021-05-07,0.01,27.21,14.8,16.27
2021-05-08,0.0,29.55,13.03,17.33
2021-05-09,0.0,30.55,16.34,18.45
2021-05-10,0.0,31.23,15.5,17.17
2021-05-11,0.0,32.5,15.81,16.62
2021-05-12,3.29,22.3,15.9,5.35
2021-05-13,0.06,27.19,14.25,15.59
2021-05-14,0.04,25.39,16.66,13.37
2021-05-15,0.0,29.65,14.12,16.66
2021-05-16,0.04,30.42,15.17,17.16
2021-05-17,0.0,31.16,16.08,17.41
2021-05-18,0.0,29.76,14.71,17.68
2021-05-19,0.0,31.45,11.46,16.92
2021-05-20,0.0,32.08,14.19,15.96
2021-05-21,2.47,31.73,17.5,15.61
2021-05-22,4.18,28.44,17.48,10.3
2021-05-23,0.01,24.16,11.17,14.41
2021-05-24,0.0,22.45,8.37,16.79
2021-05-25,0.01,25.95,11.29,15.82
2021-05-26,0.0,31.43,14.44,15.39
2021-05-27,0.0,32.82,17.29,14.92
2021-05-28,0.0,32.77,20.97,11.82
2021-05-29,3.77,33.02,21.93,13.06
2021-05-30,45.31,26.09,18.04,6.12
2021-05-31,0.85,26.17,16.67,9.57
2021-06-01,0.03,26.97,15.49,11.87
2021-06-02,0.0,29.44,16.42,15.67
2021-06-03,0.0,30.18,16.23,15.62
2021-06-04,0.0,30.06,16.23,16.19
2021-06-05,0.0,31.38,17.63,15.66
2021-06-06,0.5,30.68,16.98,11.64
2021-06-07,38.97,26.47,18.23,9.21
2021-06-08,0.77,25.93,18.26,6.95
2021-06-09,29.54,20.8,16.58,6.46
2021-06-10,2.26,23.67,16.57,5.02
2021-06-11,0.48,24.07,15.16,8.3
2021-06-12,0.15,22.62,11.04,16.37
2021-06-13,0.02,23.6,9.08,15.83
2021-06-14,0.0,24.61,10.52,15.84
2021-06-15,1.05,25.28,11.08,15.95
2021-06-16,0.17,24.44,12.11,14.97
2021-06-17,0.0,22.04,10.78,13.8
2021-06-18,0.34,20.02,13.33,6.85
2021-06-19,0.09,23.43,14.28,7.5
2021-06-20,0.0,22.16,10.47,11.9
2021-06-21,0.93,24.78,12.39,7.76
2021-06-22,0.42,26.62,15.54,10.85
2021-06-23,0.0,27.06,17.03,14.98
2021-06-24,0.3,29.59,16.26,12.77
2021-06-25,0.33,29.66,16.98,12.39
2021-06-26,0.0,30.57,16.98,12.68
2021-06-27,0.0,30.07,13.45,15.26
2021-06-28,1.17,13.94,8.9,5.06
2021-06-29,0.0,13.68,3.68,13.36
2021-06-30,0.01,17.53,1.64,15.03
2021-07-01,0.0,20.34,3.78,17.19
2021-07-02,0.79,24.71,6.0,16.96
2021-07-03,0.07,27.23,7.95,17.12
2021-07-04,0.0,26.8,8.74,14.86
2021-07-05,0.0,27.41,10.48,15.8
2021-07-06,0.0,26.68,10.8,16.28
2021-07-07,0.0,26.51,10.32,16.1
2021-07-08,0.1,26.43,10.57,16.61
2021-07-09,0.0,27.07,10.25,16.75
2021-07-10,0.0,29.06,11.32,15.92
2021-07-11,0.0,29.12,12.79,16.63
2021-07-12,0.0,29.86,11.93,16.5
2021-07-13,0.0,28.24,13.48,16.71
2021-07-14,0.0,30.89,12.69,16.31
2021-07-15,0.82,32.9,14.47,13.68
2021-07-16,6.23,20.92,16.42,6.56
2021-07-17,0.78,26.02,14.17,8.93
2021-07-18,0.11,20.59,5.84,17.24
2021-07-19,0.06,18.88,2.75,17.03
2021-07-20,0.0,20.02,3.5,14.41
2021-07-21,0.0,25.49,5.6,17.44
2021-07-22,0.0,28.0,8.02,17.18
2021-07-23,0.0,28.68,9.86,17.77
2021-07-24,0.0,30.16,12.2,17.52
2021-07-25,0.0,31.5,12.3,17.53
2021-07-26,0.0,33.24,14.74,17.43
2021-07-27,0.75,22.92,12.34,7.07
2021-07-28,0.01,17.08,6.05,13.37
2021-07-29,0.0,15.82,2.61,18.66
2021-07-30,0.0,20.76,2.58,17.31
2021-07-31,0.0,21.46,8.19,12.88
2021-08-01,0.05,25.3,9.54,12.02
2021-08-02,0.0,27.14,9.45,18.16
2021-08-03,0.0,27.52,7.89,19.24
2021-08-04,0.0,24.73,11.12,15.7
2021-08-05,0.0,27.12,11.97,13.82
2021-08-06,0.07,29.72,14.24,16.08
2021-08-07,0.0,31.17,13.74,18.22
2021-08-08,0.0,31.76,15.15,18.43
2021-08-09,0.0,33.46,16.5,17.9
2021-08-10,0.0,34.54,17.38,17.52
2021-08-11,0.01,27.94,15.99,15.15
2021-08-12,0.57,27.07,14.71,16.31
2021-08-13,0.65,28.87,14.7,17.24
2021-08-14,1.46,31.03,14.93,18.65
2021-08-15,0.0,33.25,17.58,17.32
2021-08-16,0.0,35.49,20.07,17.95
2021-08-17,0.0,37.15,19.18,18.96
2021-08-18,0.0,37.45,19.21,19.41
2021-08-19,0.0,36.7,19.82,20.06
2021-08-20,0.0,35.87,19.43,20.19
2021-08-21,0.0,35.36,18.53,20.41
2021-08-22,0.0,36.19,18.4,20.83
2021-08-23,0.0,36.69,18.98,15.61
2021-08-24,0.0,37.6,22.1,14.42
2021-08-25,0.01,38.76,21.71,18.13
2021-08-26,1.95,24.33,17.45,9.68
2021-08-27,13.61,20.66,15.95,4.44
2021-08-28,3.15,25.93,16.44,7.89
2021-08-29,0.22,26.52,17.84,16.65
2021-08-30,0.0,29.7,15.12,21.29
2021-08-31,0.06,31.09,16.36,21.54
2021-09-01,0.2,31.87,15.94,22.56
2021-09-02,0.0,32.88,15.36,21.9
2021-09-03,0.0,35.88,15.62,21.57
2021-09-04,0.41,36.77,17.09,21.34
2021-09-05,0.0,29.23,17.53,16.46
2021-09-06,0.0,37.74,19.95,20.68
2021-09-07,0.0,38.7,22.37,21.1
2021-09-08,6.04,38.67,20.84,17.14
2021-09-09,5.77,22.72,15.74,6.77
2021-09-10,1.35,27.78,14.31,13.61
2021-09-11,2.65,31.91,15.88,12.52
2021-09-12,0.07,36.39,18.28,18.46
2021-09-13,0.0,38.86,20.43,18.13
2021-09-14,2.84,35.48,21.35,15.73
2021-09-15,3.49,27.8,19.91,13.52
2021-09-16,0.02,33.45,21.08,15.29
2021-09-17,0.0,35.88,19.26,20.69
2021-09-18,0.0,39.01,20.81,19.69
2021-09-19,0.0,39.97,22.52,21.56
2021-09-20,0.0,41.44,20.8,22.73
2021-09-21,0.0,41.76,22.33,19.98
2021-09-22,0.0,32.99,22.59,20.2
2021-09-23,0.0,33.72,18.17,21.27
2021-09-24,0.03,33.78,18.71,19.73
2021-09-25,0.21,35.89,20.46,20.81
2021-09-26,3.44,31.52,20.78,13.38
2021-09-27,0.08,37.21,19.49,23.52
2021-09-28,0.0,38.83,21.62,24.51
2021-09-29,0.19,40.41,24.15,19.95
2021-09-30,0.1,38.48,23.63,23.96
2021-10-01,19.58,38.29,22.69,8.41
2021-10-02,26.8,28.62,21.7,4.22
2021-10-03,21.32,34.13,21.99,11.39
2021-10-04,3.08,29.67,19.22,5.38
2021-10-05,0.02,32.45,18.2,13.35
2021-10-06,12.12,33.33,21.48,24.78
2021-10-07,18.04,28.62,22.35,8.0
2021-10-08,0.03,31.93,21.4,24.67
2021-10-09,1.86,30.59,21.45,8.78
2021-10-10,31.44,24.07,19.46,4.44
2021-10-11,0.05,29.04,17.97,18.47
2021-10-12,0.0,31.82,17.74,26.41
2021-10-13,0.07,33.65,18.49,27.65
2021-10-14,21.43,32.81,21.46,6.86
2021-10-15,10.08,33.28,22.86,12.22
2021-10-16,0.52,29.11,20.1,16.52
2021-10-17,0.25,28.74,19.5,11.21
2021-10-18,2.43,28.29,20.72,11.55
2021-10-19,0.48,27.99,19.2,17.62
2021-10-20,0.03,29.04,15.74,28.42
2021-10-21,0.0,30.17,15.45,27.47
2021-10-22,0.0,33.43,15.82,28.16
2021-10-23,4.02,32.15,17.43,18.42
2021-10-24,51.92,27.67,15.88,15.58
2021-10-25,0.18,29.84,14.31,23.0
2021-10-26,0.0,31.49,17.92,20.44
2021-10-27,0.33,29.99,20.56,25.34
2021-10-28,0.24,33.92,22.45,27.2
2021-10-29,0.09,34.43,21.72,27.61
2021-10-30,8.07,32.08,21.29,21.34
2021-10-31,5.93,31.48,20.79,13.06
2021-11-01,0.02,31.81,18.83,27.41
2021-11-02,0.01,33.52,19.62,27.83
2021-11-03,0.01,35.1,20.81,28.53
2021-11-04,0.0,37.94,20.42,28.76
2021-11-05,0.05,38.62,22.03,24.23
2021-11-06,0.2,34.31,24.13,21.73
2021-11-07,0.01,36.98,21.93,27.19
2021-11-08,1.37,35.78,22.29,25.02
2021-11-09,2.61,36.14,22.51,29.3
2021-11-10,4.48,33.06,22.34,22.05
2021-11-11,1.41,34.06,21.11,16.83
2021-11-12,0.0,33.92,19.66,25.28
2021-11-13,0.0,33.24,18.25,29.86
2021-11-14,0.0,35.81,17.46,28.27
2021-11-15,0.62,32.8,20.34,21.87
2021-11-16,0.05,38.04,22.25,26.31
2021-11-17,15.11,33.37,24.1,18.75
2021-11-18,17.07,32.06,23.08,18.44
2021-11-19,1.39,32.54,21.86,22.36
2021-11-20,0.01,33.82,19.33,28.79
2021-11-21,0.0,34.32,20.03,30.69
2021-11-22,0.0,36.08,19.1,29.35
2021-11-23,0.01,38.62,18.38,29.55
2021-11-24,0.0,37.76,21.01,26.62
2021-11-25,0.68,37.67,23.46,23.7
2021-11-26,1.61,35.81,20.7,23.7
2021-11-27,0.0,36.62,18.32,31.47
2021-11-28,0.79,37.7,19.99,27.97
2021-11-29,4.16,33.68,21.87,20.71
2021-11-30,0.0,35.56,19.54,26.83
2021-12-01,0.01,37.73,17.11,31.42
2021-12-02,0.07,37.88,21.08,24.8
2021-12-03,1.03,38.83,19.03,29.55
2021-12-04,0.0,37.87,23.09,29.34
2021-12-05,0.0,39.41,22.91,29.84
2021-12-06,1.49,39.25,24.23,27.75
2021-12-07,1.07,35.02,21.53,28.86
2021-12-08,0.0,33.71,18.9,29.89
2021-12-09,0.0,35.04,18.85,31.62
2021-12-10,0.0,36.47,18.15,31.64
2021-12-11,0.0,36.25,19.91,26.57
2021-12-12,0.7,38.24,21.81,14.29
2021-12-13,4.18,31.53,23.48,13.49
2021-12-14,1.19,35.59,23.03,16.01
2021-12-15,4.63,34.24,24.44,20.33
2021-12-16,1.21,35.77,24.2,19.8
2021-12-17,1.06,37.21,23.91,21.3
2021-12-18,1.41,36.48,23.88,21.86
2021-12-19,0.01,36.61,22.41,30.97
2021-12-20,0.0,36.33,21.29,30.4
2021-12-21,0.0,39.4,20.76,28.86
2021-12-22,0.06,40.99,23.3,27.77
2021-12-23,2.82,39.18,24.31,26.27
2021-12-24,1.14,35.45,22.31,28.42
2021-12-25,0.0,36.43,20.9,30.16
2021-12-26,0.0,38.26,21.03,29.75
2021-12-27,0.02,40.09,25.87,28.63
2021-12-28,0.02,41.32,26.07,28.87
2021-12-29,6.42,39.97,24.49,23.66
2021-12-30,1.95,34.38,22.92,23.41
2021-12-31,2.01,35.46,21.37,25.36
2022-01-01,0.17,37.42,22.56,27.34
2022-01-02,0.01,38.12,23.39,28.19
2022-01-03,4.62,36.26,24.61,24.8
2022-01-04,11.05,35.96,24.21,20.4
2022-01-05,3.22,35.08,23.62,24.69
2022-01-06,2.86,35.09,23.75,22.62
2022-01-07,0.62,34.51,22.84,22.95
2022-01-08,2.42,34.87,21.1,27.34
2022-01-09,0.13,33.47,20.95,26.85
2022-01-10,0.13,34.33,20.23,27.84
2022-01-11,0.95,33.59,20.95,21.85
2022-01-12,5.92,34.19,21.08,21.26
2022-01-13,0.84,32.88,22.35,20.54
2022-01-14,0.77,37.0,22.98,23.88
2022-01-15,0.93,35.45,24.42,26.11
2022-01-16,5.91,36.2,24.44,23.5
2022-01-17,0.49,35.42,23.52,24.42
2022-01-18,2.19,37.35,22.99,20.25
2022-01-19,0.16,35.07,23.35,23.81
2022-01-20,1.16,37.46,23.14,24.9
2022-01-21,0.91,38.59,23.0,25.07
2022-01-22,0.05,40.34,22.87,27.89
2022-01-23,0.28,42.07,24.65,26.06
2022-01-24,4.11,41.54,25.55,26.07
2022-01-25,3.69,38.78,25.78,26.28
2022-01-26,3.11,37.54,25.24,22.46
2022-01-27,12.76,33.32,24.71,14.55
2022-01-28,11.84,30.45,22.98,17.82
2022-01-29,11.12,33.48,21.8,17.01
2022-01-30,8.91,32.47,23.1,12.5
2022-01-31,1.58,33.91,22.84,21.46
2022-02-01,0.73,33.06,22.43,20.35
2022-02-02,5.62,30.03,22.35,17.41
2022-02-03,9.37,31.84,23.16,17.11
2022-02-04,7.4,32.65,23.19,19.52
2022-02-05,6.39,34.05,23.23,14.56
2022-02-06,0.42,33.87,21.21,17.89
2022-02-07,0.0,34.29,18.39,29.08
2022-02-08,0.0,34.41,15.07,30.37
2022-02-09,0.05,36.1,16.19,28.25
2022-02-10,0.0,35.74,20.94,29.59
2022-02-11,0.01,36.51,20.05,28.35
2022-02-12,0.0,37.3,22.16,29.7
2022-02-13,0.0,37.32,21.03,27.78
2022-02-14,0.0,37.72,23.46,25.62
2022-02-15,0.0,40.21,23.64,26.63
2022-02-16,0.14,39.27,25.15,26.55
2022-02-17,2.44,38.26,24.94,24.9
2022-02-18,2.06,36.88,23.82,25.34
2022-02-19,0.25,37.13,22.49,27.25
2022-02-20,0.0,38.02,23.19,27.93
2022-02-21,0.93,36.92,24.17,25.31
2022-02-22,4.11,35.19,24.93,21.51
2022-02-23,0.61,37.55,24.68,24.38
2022-02-24,0.81,36.99,25.04,24.56
2022-02-25,2.62,38.1,25.19,20.87
2022-02-26,1.8,37.01,25.01,24.44
2022-02-27,0.13,39.17,23.92,25.33
2022-02-28,0.05,39.47,24.77,23.65
2022-03-01,18.46,28.48,24.62,15.56
2022-03-02,11.99,30.45,23.76,11.25
2022-03-03,2.76,30.34,22.83,18.51
2022-03-04,0.95,34.23,22.4,20.89
2022-03-05,0.03,35.35,22.27,23.54
2022-03-06,1.54,36.33,23.07,23.65
2022-03-07,0.01,37.71,22.47,25.7
2022-03-08,0.2,38.57,22.82,24.62
2022-03-09,1.26,36.01,24.55,22.1
2022-03-10,6.53,34.57,23.0,22.67
2022-03-11,10.8,31.75,23.83,19.49
2022-03-12,6.56,30.44,22.76,15.23
2022-03-13,17.26,27.28,22.76,12.88
2022-03-14,0.5,31.84,20.74,18.75
2022-03-15,0.0,32.0,18.57,24.3
2022-03-16,0.03,33.38,18.75,21.32
2022-03-17,0.83,34.83,22.36,21.99
2022-03-18,4.77,32.13,23.08,20.69
2022-03-19,8.51,31.12,23.43,9.86
2022-03-20,0.51,31.78,22.2,15.01
2022-03-21,0.0,31.23,19.53,24.39
2022-03-22,0.0,32.96,19.57,23.45
2022-03-23,0.0,35.1,21.65,22.69
2022-03-24,32.76,33.55,23.3,18.02
2022-03-25,23.3,27.34,19.39,6.03
2022-03-26,2.88,27.2,17.12,11.12
2022-03-27,0.12,30.7,18.69,20.11
2022-03-28,0.04,32.67,21.54,21.57
2022-03-29,0.01,32.76,21.58,23.08
2022-03-30,3.29,33.43,21.74,15.43
2022-03-31,15.34,24.76,16.75,7.85
2022-04-01,3.51,23.03,17.53,5.3
2022-04-02,0.04,29.04,18.1,17.32
2022-04-03,0.0,31.66,19.65,22.47
2022-04-04,1.02,32.74,20.72,13.65
2022-04-05,1.28,33.31,21.31,21.68
2022-04-06,0.12,33.73,22.5,21.28
2022-04-07,0.08,34.19,22.18,21.44
2022-04-08,0.55,34.13,22.2,16.96
2022-04-09,0.08,33.55,22.06,20.98
2022-04-10,0.23,33.52,21.7,19.53
2022-04-11,10.09,32.56,22.28,7.21
2022-04-12,10.92,31.4,22.52,6.15
2022-04-13,48.72,30.11,22.33,11.41
2022-04-14,1.24,28.72,17.39,19.32
2022-04-15,0.57,27.57,14.81,22.35
2022-04-16,0.0,26.23,12.27,22.45
2022-04-17,0.0,26.43,13.16,20.87
2022-04-18,0.0,28.15,16.32,20.89
2022-04-19,0.0,30.08,15.41,21.18
2022-04-20,0.0,31.9,15.26,20.86
2022-04-21,0.03,33.23,17.05,20.44
2022-04-22,0.0,33.46,18.04,20.03
2022-04-23,11.3,29.68,20.55,9.95
2022-04-24,0.01,31.49,19.45,19.65
2022-04-25,0.0,33.06,19.55,19.84
2022-04-26,0.0,34.38,19.76,19.44
2022-04-27,0.0,34.45,20.23,19.29
2022-04-28,0.01,34.08,20.41,15.7
2022-04-29,1.51,33.67,22.58,17.19
2022-04-30,0.41,31.96,20.76,18.55
2022-05-01,0.03,33.42,19.14,17.57
2022-05-02,0.24,33.46,19.99,16.44
2022-05-03,10.36,31.41,14.43,8.11
2022-05-04,1.94,20.97,12.96,7.25
2022-05-05,0.12,25.62,13.18,9.67
2022-05-06,0.0,27.71,14.05,16.27
2022-05-07,0.0,27.04,14.39,18.66
2022-05-08,0.02,27.91,13.03,18.63
2022-05-09,0.02,31.53,13.54,18.22
2022-05-10,1.88,31.83,16.99,9.34
2022-05-11,0.78,27.07,14.65,9.51
2022-05-12,0.0,27.08,11.84,18.36
2022-05-13,0.12,30.23,12.36,18.04
2022-05-14,17.53,30.44,15.26,8.42
2022-05-15,3.95,25.57,17.36,5.75
2022-05-16,0.01,22.51,9.98,14.8
2022-05-17,0.0,17.2,7.11,17.83
2022-05-18,0.0,16.58,5.78,8.96
2022-05-19,0.0,19.11,7.92,13.85
2022-05-20,0.0,21.12,6.7,17.97
2022-05-21,0.0,23.22,7.02,16.15
2022-05-22,0.0,24.93,7.77,17.52
2022-05-23,0.0,25.28,11.83,13.71
2022-05-24,0.0,28.73,11.83,16.9
2022-05-25,0.0,29.51,13.53,16.47
2022-05-26,0.0,29.52,14.69,13.2
2022-05-27,0.0,29.65,14.7,15.08
2022-05-28,0.0,30.86,17.15,15.7
2022-05-29,1.87,32.33,16.52,13.3
2022-05-30,13.68,26.54,17.2,8.76
2022-05-31,11.92,19.97,16.17,3.73
2022-06-01,8.75,24.1,15.73,7.9
2022-06-02,0.6,22.84,14.24,5.76
2022-06-03,0.01,23.38,12.28,10.53
2022-06-04,0.04,25.98,14.65,13.79
2022-06-05,0.0,27.61,15.9,15.36
2022-06-06,0.28,29.94,16.33,13.16
2022-06-07,0.68,27.49,18.45,6.87
2022-06-08,0.12,26.7,17.82,11.18
2022-06-09,9.38,26.3,17.8,6.11
2022-06-10,3.79,22.36,13.63,7.48
2022-06-11,0.02,18.97,7.5,15.8
2022-06-12,0.0,19.38,5.62,16.47
2022-06-13,0.0,21.31,4.87,16.59
2022-06-14,0.01,23.29,7.08,16.16
2022-06-15,0.02,26.9,10.71,14.81
2022-06-16,0.05,29.43,13.1,14.46
2022-06-17,21.07,30.48,16.52,4.83
2022-06-18,0.39,21.94,9.27,16.05
2022-06-19,3.51,21.92,7.66,10.35
2022-06-20,1.49,26.71,13.93,12.39
2022-06-21,0.0,28.84,16.28,14.9
2022-06-22,0.0,30.39,16.59,14.98
2022-06-23,0.0,30.56,15.51,15.23
2022-06-24,0.01,30.02,15.51,14.8
2022-06-25,0.0,29.34,15.3,15.12
2022-06-26,0.0,26.01,15.9,14.64
2022-06-27,0.0,26.82,14.23,15.36
2022-06-28,0.0,28.97,13.69,15.28
2022-06-29,0.02,25.64,13.08,11.83
2022-06-30,0.0,28.27,11.0,15.66
2022-07-01,0.01,29.05,13.31,15.19
2022-07-02,0.0,31.46,14.87,15.41
2022-07-03,0.0,32.42,15.45,15.64
2022-07-04,0.0,31.31,15.1,16.05
2022-07-05,0.01,30.32,12.66,13.77
2022-07-06,0.0,28.96,12.56,12.82
2022-07-07,0.01,30.86,14.27,15.84
2022-07-08,0.0,31.17,14.47,15.5
2022-07-09,0.0,30.71,16.17,15.72
2022-07-10,0.02,31.55,15.85,14.39
2022-07-11,0.0,31.9,15.95,15.64
2022-07-12,0.5,23.46,13.83,6.6
2022-07-13,1.3,24.47,11.43,12.07
2022-07-14,0.13,30.53,15.95,15.23
2022-07-15,0.0,32.01,14.82,14.38
2022-07-16,0.0,32.6,17.98,12.19
2022-07-17,0.0,18.29,13.84,11.36
2022-07-18,0.11,26.87,13.3,11.82
2022-07-19,0.01,32.38,15.38,15.74
2022-07-20,0.0,31.04,16.73,15.04
2022-07-21,0.0,32.13,15.98,16.09
2022-07-22,0.0,31.84,15.49,16.55
2022-07-23,0.0,32.43,16.31,16.84
2022-07-24,0.0,32.35,15.98,16.27
2022-07-25,0.0,32.88,16.31,16.78
2022-07-26,0.0,32.79,16.09,17.15
2022-07-27,1.08,32.91,15.75,16.84
2022-07-28,0.36,33.71,15.81,16.91
2022-07-29,0.29,24.95,10.03,14.37
2022-07-30,0.0,26.1,6.88,18.67
2022-07-31,0.0,30.8,11.04,17.58
2022-08-01,0.0,31.98,16.86,16.35
2022-08-02,0.0,33.16,16.76,16.98
2022-08-03,0.0,34.49,16.88,17.3
2022-08-04,0.0,35.64,20.31,15.66
2022-08-05,0.01,21.77,18.22,11.24
2022-08-06,0.01,31.69,16.62,11.02
2022-08-07,14.44,29.26,19.2,4.75
2022-08-08,5.02,24.97,18.86,6.56
2022-08-09,17.6,20.14,12.66,2.01
2022-08-10,1.79,17.38,8.76,7.67
2022-08-11,0.01,23.0,8.14,19.58
2022-08-12,0.0,24.57,9.48,19.85
2022-08-13,0.01,28.63,9.8,19.59
2022-08-14,0.02,31.02,12.23,19.68
2022-08-15,0.0,33.54,14.28,19.3
2022-08-16,22.32,32.96,19.25,8.44
2022-08-17,45.23,23.59,18.77,6.04
2022-08-18,20.9,20.83,11.57,2.48
2022-08-19,0.01,16.37,6.8,20.05
2022-08-20,0.23,21.7,6.19,18.97
2022-08-21,1.83,22.59,12.33,14.15
2022-08-22,0.11,26.68,13.04,19.94
2022-08-23,0.16,27.53,13.48,19.94
2022-08-24,0.03,29.12,14.66,20.32
2022-08-25,0.0,30.3,14.32,20.47
2022-08-26,0.0,30.89,14.41,20.6
2022-08-27,0.0,32.31,15.5,20.29
2022-08-28,0.0,33.93,18.66,17.64
2022-08-29,0.0,26.86,15.39,17.09
2022-08-30,0.0,22.85,12.22,15.77
2022-08-31,0.0,28.68,11.83,20.67
2022-09-01,0.02,32.22,14.62,20.07
2022-09-02,0.0,29.97,17.76,12.48
2022-09-03,0.0,24.63,15.04,9.39
2022-09-04,0.27,20.9,14.39,12.14
2022-09-05,0.3,25.48,14.37,11.05
2022-09-06,2.5,27.27,16.45,13.68
2022-09-07,0.05,32.43,17.37,16.79
2022-09-08,0.0,35.62,17.84,16.75
2022-09-09,0.0,35.99,18.32,18.08
2022-09-10,0.03,29.98,17.17,14.89
2022-09-11,0.0,31.84,16.49,16.49
2022-09-12,0.42,34.13,18.48,16.71
2022-09-13,1.94,32.26,18.57,9.71
2022-09-14,19.47,21.67,16.4,2.29
2022-09-15,0.7,25.09,14.46,12.39
2022-09-16,0.17,28.03,13.95,23.71
2022-09-17,0.0,27.29,13.39,25.25
2022-09-18,0.0,29.99,12.2,22.23
2022-09-19,11.13,33.59,15.82,12.45
2022-09-20,7.75,29.9,19.44,8.2
2022-09-21,27.16,27.22,20.57,5.42
2022-09-22,3.8,25.08,12.81,11.62
2022-09-23,0.0,23.17,9.32,26.2
2022-09-24,0.04,27.81,11.26,23.71
2022-09-25,1.2,29.59,15.78,11.74
2022-09-26,8.86,25.25,17.73,2.86
2022-09-27,44.48,29.04,18.55,8.07
2022-09-28,5.0,27.92,19.95,4.41
2022-09-29,2.26,24.79,15.64,18.8
2022-09-30,9.88,25.26,15.92,6.27
2022-10-01,0.11,29.68,18.36,22.68
2022-10-02,0.01,30.36,17.75,20.07
2022-10-03,0.07,29.12,18.15,19.07
2022-10-04,0.0,31.04,16.67,24.76
2022-10-05,3.3,33.05,19.05,15.26
2022-10-06,23.97,29.73,18.05,10.17
2022-10-07,0.22,24.83,15.91,18.84
2022-10-08,0.03,28.83,12.75,27.73
2022-10-09,1.43,31.09,16.82,13.55
2022-10-10,2.64,29.67,19.77,14.88
2022-10-11,8.51,29.38,20.58,13.55
2022-10-12,23.33,29.03,19.69,12.38
2022-10-13,1.99,29.6,19.84,12.38
2022-10-14,2.33,28.95,20.46,10.46
2022-10-15,0.05,28.05,18.22,8.07
2022-10-16,0.0,30.09,18.96,21.44
2022-10-17,1.59,31.3,20.0,23.12
2022-10-18,6.94,26.32,20.38,12.02
2022-10-19,0.17,31.22,19.39,24.25
2022-10-20,26.3,31.24,21.39,17.06
2022-10-21,9.15,30.44,18.26,20.22
2022-10-22,0.0,30.14,15.7,28.92
2022-10-23,0.0,31.71,16.86,28.42
2022-10-24,0.01,33.0,17.89,28.96
2022-10-25,0.03,32.97,18.6,29.34
2022-10-26,0.0,33.77,17.4,29.16
2022-10-27,3.07,33.37,21.08,9.68
2022-10-28,0.31,33.76,20.52,27.66
2022-10-29,4.84,32.72,22.43,14.14
2022-10-30,5.16,33.1,21.58,24.96
2022-10-31,3.34,30.99,15.38,12.34
2022-11-01,0.5,22.85,13.29,8.17
2022-11-02,0.1,23.97,12.58,14.22
2022-11-03,0.0,26.18,12.58,27.16
2022-11-04,0.0,27.13,12.59,30.92
2022-11-05,0.0,28.27,13.12,29.95
2022-11-06,0.01,28.97,14.47,29.97
2022-11-07,0.0,30.25,14.21,29.12
2022-11-08,0.0,31.88,14.87,28.84
2022-11-09,0.0,34.75,15.03,30.29
2022-11-10,0.0,36.88,16.75,28.49
2022-11-11,7.42,24.53,19.54,14.18
2022-11-12,0.02,33.99,18.38,25.1
2022-11-13,1.21,33.14,22.57,14.71
2022-11-14,18.27,27.83,19.03,14.47
2022-11-15,0.01,29.89,16.31,30.97
2022-11-16,0.0,32.35,13.76,31.17
2022-11-17,0.0,32.65,17.63,31.04
2022-11-18,0.0,34.17,15.32,30.95
2022-11-19,0.0,35.3,17.23,29.63
2022-11-20,0.0,36.94,19.74,30.24
2022-11-21,1.23,34.78,22.33,17.81
2022-11-22,4.78,34.32,21.47,22.77
2022-11-23,0.24,33.89,21.3,23.35
2022-11-24,0.02,34.86,19.16,29.06
2022-11-25,0.0,34.33,19.44,30.16
2022-11-26,0.0,33.67,18.92,30.35
2022-11-27,0.77,34.94,20.0,27.71
2022-11-28,0.25,34.54,20.42,25.52
2022-11-29,0.07,34.19,19.99,25.2
2022-11-30,0.11,35.85,20.13,25.51
2022-12-01,0.25,37.66,21.64,25.82
2022-12-02,4.22,36.75,23.06,21.87
2022-12-03,2.69,33.56,23.2,22.22
2022-12-04,5.35,29.97,23.58,15.02
2022-12-05,2.98,32.78,22.89,18.64
2022-12-06,4.93,35.49,22.37,18.46
2022-12-07,4.66,35.17,23.73,24.09
2022-12-08,0.16,37.29,23.77,23.75
2022-12-09,5.86,35.17,24.63,19.41
2022-12-10,3.74,36.34,23.61,24.6
2022-12-11,3.64,28.62,24.1,21.26
2022-12-12,7.81,32.67,23.35,14.89
2022-12-13,14.12,29.72,23.44,14.97
2022-12-14,0.83,32.33,21.25,24.93
2022-12-15,0.0,33.42,20.18,29.46
2022-12-16,0.0,34.46,20.42,28.98
2022-12-17,0.11,35.51,20.01,29.88
2022-12-18,5.51,32.51,22.06,8.42
2022-12-19,2.63,32.63,20.85,15.94
2022-12-20,0.01,34.26,19.58,28.81
2022-12-21,0.0,33.58,20.59,29.36
2022-12-22,0.0,33.65,19.55,31.44
2022-12-23,0.0,34.95,18.77,30.53
2022-12-24,2.74,36.23,20.49,27.75
2022-12-25,4.41,32.9,22.31,14.14
2022-12-26,0.02,35.69,21.5,27.29
2022-12-27,0.21,37.96,22.96,29.28
2022-12-28,2.1,36.54,24.68,25.33
2022-12-29,0.23,36.59,20.84,26.21
2022-12-30,0.16,37.71,19.56,26.02
2022-12-31,0.29,37.83,24.43,24.76
2023-01-01,0.54,38.1,25.41,24.98
2023-01-02,17.08,32.01,23.65,6.64
2023-01-03,10.51,29.86,22.65,19.14
2023-01-04,4.2,26.85,21.33,12.84
2023-01-05,0.02,30.91,18.75,17.71
2023-01-06,0.0,31.22,18.81,21.61
2023-01-07,0.0,32.32,18.97,23.93
2023-01-08,0.0,33.17,19.63,25.2
2023-01-09,0.02,34.37,20.76,19.44
2023-01-10,0.26,34.79,22.2,22.24
2023-01-11,2.8,30.1,22.15,19.76
2023-01-12,5.95,33.11,21.71,22.75
2023-01-13,6.92,32.38,22.01,22.34
2023-01-14,6.53,29.45,22.53,20.15
2023-01-15,2.31,33.44,21.78,23.17
2023-01-16,0.58,34.07,23.77,18.84
2023-01-17,0.81,31.94,23.33,23.88
2023-01-18,1.09,34.11,22.35,28.56
2023-01-19,1.7,32.9,23.22,26.4
2023-01-20,3.21,34.32,22.26,21.93
2023-01-21,4.35,35.02,22.29,22.86
2023-01-22,3.89,33.5,22.96,14.51
2023-01-23,1.04,34.74,23.29,23.17
2023-01-24,0.01,37.37,23.63,28.33
2023-01-25,0.02,37.99,24.21,29.47
2023-01-26,0.0,37.98,22.31,29.94
2023-01-27,0.04,37.94,21.73,29.12
2023-01-28,0.46,36.88,23.81,27.26
2023-01-29,1.92,35.84,23.34,26.32
2023-01-30,10.08,29.97,23.75,9.84
2023-01-31,30.18,26.58,22.88,7.94
2023-02-01,5.92,29.59,22.32,18.06
2023-02-02,18.92,31.52,22.3,17.94
2023-02-03,14.63,31.08,22.54,11.72
2023-02-04,0.28,28.98,21.87,17.03
2023-02-05,0.17,31.06,20.49,22.68
2023-02-06,0.4,33.18,21.76,21.44
2023-02-07,2.04,32.86,22.53,22.84
2023-02-08,0.33,33.48,22.22,25.62
2023-02-09,1.79,34.91,22.03,25.35
2023-02-10,4.4,28.57,21.34,16.17
2023-02-11,0.78,31.82,20.91,17.12
2023-02-12,2.86,32.41,22.32,19.68
2023-02-13,5.84,30.94,22.45,18.53
2023-02-14,2.64,33.8,22.55,24.69
2023-02-15,4.66,32.31,22.66,13.58
2023-02-16,22.36,30.95,22.41,13.73
2023-02-17,9.32,27.49,21.57,14.09
2023-02-18,0.01,29.52,18.47,24.73
2023-02-19,1.03,29.24,18.33,16.78
2023-02-20,5.8,26.28,20.18,6.7
2023-02-21,3.85,30.46,20.0,13.83
2023-02-22,0.48,31.19,21.43,19.44
2023-02-23,5.85,29.75,21.67,16.84
2023-02-24,23.52,26.9,21.41,8.86
2023-02-25,9.96,31.19,21.4,22.65
2023-02-26,2.68,28.09,23.23,16.98
2023-02-27,0.39,30.56,22.02,22.67
2023-02-28,14.95,29.55,22.81,21.06
2023-03-01,6.29,30.64,21.77,18.11
2023-03-02,7.86,30.54,21.68,18.56
2023-03-03,1.43,30.88,22.21,23.12
2023-03-04,7.39,32.31,20.95,25.2
2023-03-05,1.32,32.5,22.1,24.18
2023-03-06,0.06,33.48,21.65,26.21
2023-03-07,0.74,34.47,22.25,26.05
2023-03-08,2.26,29.8,23.38,23.26
2023-03-09,2.34,31.3,23.19,19.74
2023-03-10,5.8,29.94,22.41,18.76
2023-03-11,2.69,28.63,22.24,14.88
2023-03-12,7.13,28.23,21.82,18.57
2023-03-13,8.36,28.42,21.63,12.87
2023-03-14,3.5,29.42,22.34,15.52
2023-03-15,2.57,29.83,21.93,14.19
2023-03-16,5.01,27.07,21.81,15.37
2023-03-17,0.73,29.31,21.51,19.47
2023-03-18,1.57,27.71,21.01,19.16
2023-03-19,0.54,31.7,20.4,18.65
2023-03-20,1.61,32.23,20.03,23.57
2023-03-21,0.13,33.08,20.82,24.01
2023-03-22,0.01,33.18,21.37,23.46
2023-03-23,0.04,33.7,22.13,23.31
2023-03-24,0.0,33.5,22.68,20.74
2023-03-25,0.0,34.33,22.44,21.09
2023-03-26,0.88,33.03,22.75,19.92
2023-03-27,2.83,34.81,21.35,20.11
2023-03-28,0.61,31.01,22.62,22.67
2023-03-29,0.01,35.3,22.27,21.05
2023-03-30,0.06,33.25,22.58,17.71
2023-03-31,0.0,33.41,21.99,22.65
2023-04-01,0.0,34.8,20.63,23.57
2023-04-02,0.0,35.8,20.18,22.64
2023-04-03,0.0,33.97,21.7,23.03
2023-04-04,0.0,34.95,20.87,22.52
2023-04-05,0.06,35.15,19.71,18.8
2023-04-06,8.04,29.56,21.94,18.01
2023-04-07,1.59,28.98,21.08,15.42
2023-04-08,1.73,29.24,21.9,12.36
2023-04-09,0.6,31.75,20.51,18.27
2023-04-10,0.0,31.93,19.74,21.75
2023-04-11,0.0,32.09,19.38,21.97
2023-04-12,0.64,33.14,19.72,17.54
2023-04-13,8.07,33.29,21.45,19.22
2023-04-14,4.59,30.83,22.25,16.37
2023-04-15,0.0,32.45,22.12,12.12
2023-04-16,6.98,32.45,22.51,19.7
2023-04-17,31.33,29.76,22.51,5.84
2023-04-18,46.0,29.24,17.51,4.74
2023-04-19,0.86,24.88,15.68,21.23
2023-04-20,0.0,24.3,13.99,20.1
2023-04-21,0.0,24.42,12.33,21.41
2023-04-22,0.0,26.94,12.63,21.03
2023-04-23,0.1,27.99,16.57,19.67
2023-04-24,3.68,28.86,18.2,16.91
2023-04-25,16.42,28.44,18.59,16.77
2023-04-26,21.08,27.69,19.04,14.55
2023-04-27,1.14,26.21,16.49,15.49
2023-04-28,0.01,26.45,15.49,17.86
2023-04-29,0.0,27.55,16.09,18.67
2023-04-30,0.02,28.53,16.12,19.82
2023-05-01,0.0,29.99,16.34,19.49
2023-05-02,0.06,29.29,17.99,17.37
2023-05-03,0.18,29.37,19.42,13.75
2023-05-04,0.04,28.55,19.91,17.17
2023-05-05,0.0,30.63,19.16,17.7
2023-05-06,0.0,30.9,18.74,16.12
2023-05-07,0.0,30.23,19.84,12.92
2023-05-08,0.02,29.85,19.89,13.85
2023-05-09,0.21,25.82,20.25,10.33
2023-05-10,0.03,29.33,16.48,14.7
2023-05-11,0.0,27.25,12.38,18.82
2023-05-12,0.01,25.98,10.23,18.28
2023-05-13,0.02,26.43,9.89,18.26
2023-05-14,0.0,27.07,11.23,18.4
2023-05-15,0.01,27.34,10.86,18.53
2023-05-16,0.0,28.11,11.73,17.93
2023-05-17,0.0,26.77,11.55,18.26
2023-05-18,0.0,27.07,11.07,18.05
2023-05-19,0.0,28.2,11.27,17.38
2023-05-20,0.0,28.66,11.72,15.03
2023-05-21,0.0,27.4,12.89,14.43
2023-05-22,0.06,28.09,14.96,11.61
2023-05-23,0.01,29.21,14.73,16.43
2023-05-24,0.0,28.15,13.56,16.93
2023-05-25,0.0,29.78,14.02,16.59
2023-05-26,0.01,29.85,15.51,15.11
2023-05-27,0.17,32.27,18.65,14.35
2023-05-28,14.15,22.93,17.82,4.03
2023-05-29,0.78,25.11,17.35,13.81
2023-05-30,5.58,21.41,17.03,3.65
2023-05-31,0.27,25.48,16.23,8.54
2023-06-01,0.03,26.39,14.47,13.76
2023-06-02,0.03,26.01,13.97,16.33
2023-06-03,0.01,27.08,12.57,16.44
2023-06-04,0.0,27.92,12.27,16.48
2023-06-05,0.01,27.98,12.67,15.97
2023-06-06,0.0,26.43,12.65,15.96
2023-06-07,0.0,27.84,12.14,15.97
2023-06-08,0.0,28.52,13.04,16.01
2023-06-09,0.02,29.41,12.95,16.05
2023-06-10,0.0,30.9,14.59,15.62
2023-06-11,0.03,32.2,16.3,14.61
2023-06-12,7.32,20.55,13.96,3.37
2023-06-13,29.87,14.57,11.77,2.46
2023-06-14,22.25,13.84,11.22,2.57
2023-06-15,2.38,17.57,9.46,3.74
2023-06-16,0.03,18.62,7.92,6.98
2023-06-17,0.02,20.11,9.62,9.67
2023-06-18,0.03,21.54,8.41,15.97
2023-06-19,0.89,22.43,8.37,15.66
2023-06-20,7.27,24.54,9.06,15.92
2023-06-21,0.02,25.22,11.95,13.06
2023-06-22,0.0,26.78,16.1,13.73
2023-06-23,0.0,27.4,14.58,13.03
2023-06-24,0.0,27.69,14.69,15.48
2023-06-25,0.0,27.68,12.95,15.59
2023-06-26,0.0,27.16,13.18,15.86
2023-06-27,0.01,27.02,12.47,15.95
2023-06-28,0.0,28.73,13.97,15.45
2023-06-29,0.0,27.76,13.05,15.55
2023-06-30,0.0,26.97,14.09,15.79
2023-07-01,0.0,27.41,13.35,15.75
2023-07-02,0.02,26.96,12.82,15.91
2023-07-03,0.0,26.2,12.39,15.64
2023-07-04,0.0,25.39,12.55,16.3
2023-07-05,0.0,27.54,11.41,16.05
2023-07-06,0.0,28.33,12.46,15.67
2023-07-07,0.0,27.6,15.96,9.44
2023-07-08,0.1,27.13,17.34,6.77
2023-07-09,1.67,26.83,17.83,7.88
2023-07-10,0.29,30.85,17.75,10.94
2023-07-11,0.02,32.45,16.35,14.66
2023-07-12,3.3,31.46,17.98,13.14
2023-07-13,7.95,21.24,9.93,10.97
2023-07-14,0.15,19.7,8.58,17.33
2023-07-15,0.01,22.64,6.43,17.12
2023-07-16,0.0,24.55,13.13,8.7
2023-07-17,0.39,25.83,15.71,7.94
2023-07-18,0.39,21.38,15.69,9.27
2023-07-19,0.0,25.59,15.2,12.4
2023-07-20,0.0,28.29,13.88,15.89
2023-07-21,0.0,29.17,16.01,16.28
2023-07-22,0.0,28.93,15.04,16.44
2023-07-23,0.0,30.48,15.17,15.59
2023-07-24,0.0,30.59,15.99,14.08
2023-07-25,0.0,30.63,17.44,16.11
2023-07-26,0.19,32.43,18.27,14.64
2023-07-27,0.92,31.64,17.35,13.24
2023-07-28,1.04,31.3,18.35,7.53
2023-07-29,2.85,28.99,16.5,16.11
2023-07-30,0.0,28.59,15.83,17.62
2023-07-31,0.0,31.02,14.45,17.89
2023-08-01,0.0,30.45,14.16,18.0
2023-08-02,0.0,32.1,13.15,18.41
2023-08-03,0.0,33.33,14.16,17.83
2023-08-04,0.0,32.86,14.49,18.07
2023-08-05,0.0,32.19,14.6,18.61
2023-08-06,0.0,33.04,14.61,18.38
2023-08-07,0.01,35.96,16.78,15.89
2023-08-08,0.61,32.66,17.9,13.6
2023-08-09,0.31,32.51,16.64,14.74
2023-08-10,0.01,36.21,18.66,17.98
2023-08-11,0.07,37.44,18.44,16.93
2023-08-12,1.52,37.27,18.62,13.37
2023-08-13,1.54,26.39,17.56,11.59
2023-08-14,0.0,29.17,17.18,10.06
2023-08-15,0.0,30.6,18.46,10.67
2023-08-16,0.0,32.94,18.29,8.6
2023-08-17,0.0,33.7,17.75,19.15
2023-08-18,1.53,35.74,18.02,18.24
2023-08-19,6.35,22.8,16.25,10.17
2023-08-20,1.67,28.38,16.77,16.68
2023-08-21,0.34,31.98,18.71,18.36
2023-08-22,0.0,35.64,18.62,19.02
2023-08-23,0.0,37.31,21.0,18.54
2023-08-24,0.01,36.48,20.58,14.6
2023-08-25,4.92,33.33,19.42,15.45
2023-08-26,0.16,27.13,18.46,4.48
2023-08-27,0.38,25.41,15.62,11.15
2023-08-28,0.01,27.55,15.42,20.09
2023-08-29,0.01,27.97,15.44,13.52
2023-08-30,0.78,31.05,18.77,17.54
2023-08-31,24.24,27.1,20.1,6.08
2023-09-01,0.02,32.1,19.05,18.79
2023-09-02,3.57,35.34,20.06,12.05
2023-09-03,0.94,36.04,21.79,19.26
2023-09-04,5.27,36.96,20.27,15.74
2023-09-05,0.33,28.08,17.6,15.18
2023-09-06,0.0,31.26,18.53,17.62
2023-09-07,0.0,30.55,19.12,20.69
2023-09-08,32.98,34.88,19.84,12.69
2023-09-09,16.68,29.07,20.68,3.1
2023-09-10,0.24,31.92,18.32,22.05
2023-09-11,0.01,33.61,17.84,23.14
2023-09-12,0.07,32.91,18.61,19.27
2023-09-13,4.62,33.2,16.4,14.09
2023-09-14,0.18,25.42,12.15,15.94
2023-09-15,0.02,28.61,9.29,25.02
2023-09-16,0.0,32.93,14.16,23.42
2023-09-17,0.0,36.98,18.66,23.05
2023-09-18,0.27,35.17,21.46,11.34
2023-09-19,0.03,36.21,22.33,19.16
2023-09-20,0.2,38.4,21.65,22.76
2023-09-21,0.03,38.7,22.8,23.13
2023-09-22,0.0,40.68,22.84,23.21
2023-09-23,0.13,41.35,25.11,23.42
2023-09-24,0.0,41.29,25.81,21.73
2023-09-25,0.41,42.47,25.56,22.07
2023-09-26,0.0,41.76,24.43,21.37
2023-09-27,0.0,36.06,21.76,19.4
2023-09-28,0.0,35.95,18.66,20.03
2023-09-29,0.0,37.08,21.97,21.39
2023-09-30,0.86,37.48,23.36,16.97
2023-10-01,3.93,34.34,21.81,12.3
2023-10-02,0.6,36.56,22.09,18.31
2023-10-03,0.1,40.38,24.72,22.37
2023-10-04,8.28,40.05,22.51,18.61
2023-10-05,5.18,36.06,20.64,17.52
2023-10-06,0.0,39.42,22.89,20.43
2023-10-07,10.85,40.47,25.65,19.88
2023-10-08,60.92,27.86,18.55,1.99
2023-10-09,1.92,30.0,16.81,22.57
2023-10-10,0.09,32.77,18.01,26.54
2023-10-11,0.0,36.54,20.39,25.89
2023-10-12,0.0,35.08,20.82,21.57
2023-10-13,0.0,31.16,18.34,14.62
2023-10-14,0.01,31.82,19.78,21.36
2023-10-15,0.0,35.67,20.43,25.93
2023-10-16,0.71,38.02,23.51,25.87
2023-10-17,8.26,39.63,24.21,19.19
2023-10-18,0.94,38.13,23.69,22.01
2023-10-19,0.54,36.42,22.89,17.44
2023-10-20,0.13,34.65,21.47,23.16
2023-10-21,0.0,36.7,22.08,26.33
2023-10-22,0.0,38.23,20.71,27.3
2023-10-23,0.01,41.28,22.55,25.67
2023-10-24,4.08,37.74,24.8,6.7
2023-10-25,3.64,35.41,23.25,15.93
2023-10-26,2.24,34.37,22.84,15.19
2023-10-27,22.09,36.34,22.26,11.47
2023-10-28,8.0,34.77,22.12,17.67
2023-10-29,2.38,35.86,24.24,7.52
2023-10-30,17.6,34.71,23.73,13.77
2023-10-31,5.69,33.72,23.37,11.22
2023-11-01,2.43,29.63,23.87,11.61
2023-11-02,0.2,34.65,22.78,22.43
2023-11-03,0.19,32.65,18.39,15.75
2023-11-04,0.0,28.32,14.51,30.66
2023-11-05,0.0,33.7,12.62,31.17
2023-11-06,0.0,35.54,16.03,30.16
2023-11-07,0.0,37.49,17.0,29.32
2023-11-08,0.0,40.67,20.06,27.59
2023-11-09,4.99,38.32,25.81,13.31
2023-11-10,1.48,37.8,23.73,24.9
2023-11-11,0.0,41.49,23.58,28.5
2023-11-12,0.61,42.81,23.99,26.08
2023-11-13,3.49,40.97,27.66,22.52
2023-11-14,5.8,40.29,25.41,21.49
2023-11-15,0.4,40.47,23.46,25.19
2023-11-16,0.0,42.96,24.71,23.19
2023-11-17,0.0,43.38,25.65,22.15
2023-11-18,0.12,42.27,27.84,20.5
2023-11-19,11.26,34.97,25.27,7.66
2023-11-20,0.01,32.66,24.32,14.83
2023-11-21,0.08,37.4,23.39,23.55
2023-11-22,4.56,38.77,25.19,25.88
2023-11-23,20.54,34.7,24.95,3.55
2023-11-24,28.17,28.54,20.6,6.75
2023-11-25,0.97,26.85,19.45,12.44
2023-11-26,2.02,29.56,19.58,13.87
2023-11-27,0.73,33.0,22.14,19.43
2023-11-28,15.96,31.04,22.74,13.4
2023-11-29,5.01,34.94,22.6,23.87
2023-11-30,0.36,35.51,23.72,27.72
2023-12-01,0.09,33.27,24.63,27.93
2023-12-02,2.92,37.35,24.98,25.65
2023-12-03,4.8,35.79,23.74,27.15
2023-12-04,3.65,30.58,24.51,12.83
2023-12-05,13.05,30.26,23.46,14.73
2023-12-06,0.18,32.4,22.47,24.68
2023-12-07,6.03,33.12,23.89,20.7
2023-12-08,1.25,33.65,22.95,23.96
2023-12-09,0.15,35.94,23.95,28.28
2023-12-10,0.76,33.2,24.19,7.23
2023-12-11,5.35,34.54,23.06,27.3
2023-12-12,0.09,36.39,22.13,30.41
2023-12-13,0.0,38.03,23.06,30.41
2023-12-14,0.0,39.67,24.68,30.6
2023-12-15,0.01,41.48,24.65,28.94
2023-12-16,0.45,39.16,25.14,27.86
2023-12-17,0.56,40.19,25.15,28.48
2023-12-18,1.49,40.46,26.71,25.2
2023-12-19,0.98,36.06,25.61,26.21
2023-12-20,0.01,37.55,24.58,21.68
2023-12-21,0.02,38.65,24.22,27.95
2023-12-22,0.68,40.42,23.72,26.5
2023-12-23,17.67,31.03,24.51,20.08
2023-12-24,0.03,35.08,23.33,24.64
2023-12-25,7.05,35.95,24.24,20.33
2023-12-26,0.62,37.22,24.05,27.32
2023-12-27,0.0,37.55,21.4,31.05
2023-12-28,0.0,39.68,21.89,31.31
2023-12-29,2.8,39.69,22.49,25.64
2023-12-30,1.32,34.18,24.3,22.71
2023-12-31,0.02,35.99,22.8,22.96
2024-01-01,0.61,36.5,24.97,27.25
2024-01-02,2.19,35.8,24.33,19.45
2024-01-03,3.37,37.45,24.22,28.31
2024-01-04,0.27,38.65,23.94,28.56
2024-01-05,0.68,38.95,23.2,28.48
2024-01-06,0.0,40.31,24.11,29.2
2024-01-07,1.1,40.8,24.55,27.01
2024-01-08,0.06,42.27,26.03,27.78
2024-01-09,9.57,39.59,26.46,26.23
2024-01-10,1.44,39.8,24.64,27.18
2024-01-11,3.72,37.13,26.18,18.77
2024-01-12,8.22,34.92,25.19,19.16
2024-01-13,0.78,34.01,24.91,19.43
2024-01-14,9.59,36.69,24.88,22.27
2024-01-15,2.9,34.29,25.15,16.89
2024-01-16,0.15,36.99,24.58,27.11
2024-01-17,1.43,37.31,24.75,19.9
2024-01-18,0.22,38.84,25.05,25.56
2024-01-19,1.48,37.44,25.96,15.73
2024-01-20,5.96,36.27,25.22,7.73
2024-01-21,3.59,36.61,25.22,22.65
2024-01-22,10.44,30.46,22.99,8.29
2024-01-23,9.07,32.3,21.39,8.39
2024-01-24,0.06,32.71,19.85,25.95
2024-01-25,0.06,32.64,20.03,28.77
2024-01-26,0.22,31.71,18.38,28.97
2024-01-27,0.11,32.35,18.5,28.31
2024-01-28,2.43,34.64,22.14,25.5
2024-01-29,0.01,37.61,19.47,28.97
2024-01-30,0.0,39.1,21.06,28.23
2024-01-31,0.57,37.9,23.16,28.46
2024-02-01,0.01,39.54,23.55,29.77
2024-02-02,0.0,38.47,23.21,27.72
2024-02-03,0.0,38.57,23.32,26.91
2024-02-04,0.49,35.7,24.32,22.98
2024-02-05,0.46,38.19,23.71,24.94
2024-02-06,0.59,35.08,25.03,21.22
2024-02-07,2.94,30.44,24.32,17.1
2024-02-08,0.68,37.88,23.11,22.09
2024-02-09,2.37,36.23,24.2,19.42
2024-02-10,0.26,39.13,24.44,26.54
2024-02-11,0.0,39.93,24.24,27.58
2024-02-12,0.01,39.47,26.45,21.64
2024-02-13,0.02,39.38,25.52,23.19
2024-02-14,8.79,38.53,25.7,25.16
2024-02-15,8.92,36.12,24.44,15.77
2024-02-16,5.61,36.26,24.03,20.58
2024-02-17,0.03,37.71,22.93,27.15
2024-02-18,1.72,35.94,23.87,19.05
2024-02-19,2.8,36.28,23.72,22.62
2024-02-20,3.3,32.62,22.4,22.61
2024-02-21,0.83,34.98,21.63,23.29
2024-02-22,3.77,36.43,22.3,25.16
2024-02-23,6.03,37.31,25.21,21.52
2024-02-24,1.2,37.47,25.3,23.43
2024-02-25,0.04,38.74,25.31,23.11
2024-02-26,0.01,38.86,25.65,24.74
2024-02-27,1.23,38.05,26.91,22.89
2024-02-28,2.3,33.68,25.58,23.89
2024-02-29,0.2,39.17,23.99,25.38
2024-03-01,0.93,37.32,25.44,24.93
2024-03-02,0.35,39.76,25.31,26.52
2024-03-03,0.0,40.74,25.28,26.14
2024-03-04,0.05,40.09,26.56,21.03
2024-03-05,1.43,34.92,25.78,16.75
2024-03-06,1.98,36.48,24.2,20.33
2024-03-07,8.88,35.71,25.82,20.54
2024-03-08,7.5,35.08,25.38,12.14
2024-03-09,0.94,36.71,25.15,18.65
2024-03-10,0.09,38.31,25.19,21.61
2024-03-11,0.06,36.41,26.25,25.49
2024-03-12,0.0,38.66,23.72,26.37
2024-03-13,0.0,40.47,23.04,25.16
2024-03-14,0.02,41.52,24.63,23.95
2024-03-15,0.0,41.16,26.2,22.69
2024-03-16,0.08,41.36,27.17,23.53
2024-03-17,4.0,39.55,27.59,15.35
2024-03-18,1.73,38.25,26.82,18.95
2024-03-19,0.85,40.47,26.18,19.49
2024-03-20,3.22,39.42,25.24,22.12
2024-03-21,6.22,38.27,25.78,14.76
2024-03-22,0.28,31.9,23.98,17.17
2024-03-23,0.53,28.87,21.39,11.21
2024-03-24,0.27,31.36,21.17,7.34
2024-03-25,0.0,33.7,22.46,16.37
2024-03-26,0.03,36.45,22.08,15.21
2024-03-27,0.08,32.89,23.09,14.88
2024-03-28,0.0,34.25,21.27,14.39
2024-03-29,0.0,34.85,21.83,17.91
2024-03-30,0.0,34.42,24.15,21.14
2024-03-31,0.19,37.01,23.77,19.25
2024-04-01,1.45,33.9,23.79,12.94
2024-04-02,0.36,36.6,23.24,19.98
2024-04-03,0.01,38.6,23.52,21.85
2024-04-04,0.04,38.35,24.37,19.3
2024-04-05,0.01,39.14,25.69,20.01
2024-04-06,0.02,38.84,25.37,21.62
2024-04-07,0.15,37.19,23.47,16.2
2024-04-08,2.52,34.0,25.79,14.08
2024-04-09,0.21,36.79,24.69,17.02
2024-04-10,0.77,37.86,24.06,19.15
2024-04-11,1.15,36.27,25.05,18.29
2024-04-12,1.91,34.09,23.36,17.51
2024-04-13,8.74,32.18,23.87,10.75
2024-04-14,4.83,30.13,23.46,9.0
2024-04-15,14.14,29.86,23.13,8.07
2024-04-16,10.65,25.93,22.57,5.57
2024-04-17,12.27,28.83,15.87,11.88
2024-04-18,0.01,28.69,13.74,19.77
2024-04-19,0.12,29.71,14.56,21.44
2024-04-20,0.11,30.32,13.81,21.56
2024-04-21,0.04,33.46,17.74,20.39
2024-04-22,0.0,34.18,19.94,19.57
2024-04-23,0.0,34.99,20.12,19.92
2024-04-24,0.0,35.12,19.36,14.34
2024-04-25,0.0,36.2,20.94,17.83
2024-04-26,0.09,36.27,20.99,19.49
2024-04-27,0.0,36.62,21.83,18.62
2024-04-28,0.0,36.91,22.51,18.39
2024-04-29,0.0,36.39,21.88,19.08
2024-04-30,0.0,37.39,21.82,18.1
2024-05-01,0.0,37.27,22.51,17.85
2024-05-02,0.0,37.11,22.66,17.83
2024-05-03,0.0,35.86,22.53,17.03
2024-05-04,0.0,36.76,22.61,17.52
2024-05-05,0.0,37.02,22.54,18.75
2024-05-06,0.03,36.08,18.94,18.83
2024-05-07,0.0,36.29,20.98,17.31
2024-05-08,0.0,36.53,21.85,16.89
2024-05-09,0.0,37.37,22.61,16.88
2024-05-10,0.0,36.26,21.85,16.78
2024-05-11,0.0,36.07,20.08,17.67
2024-05-12,0.0,36.25,20.86,17.59
2024-05-13,0.01,34.98,20.87,14.48
2024-05-14,0.0,27.89,19.04,14.67
2024-05-15,0.01,28.52,18.29,10.15
2024-05-16,0.0,33.15,18.22,14.65
2024-05-17,0.11,35.36,19.81,14.84
2024-05-18,4.65,31.43,19.56,11.72
2024-05-19,3.1,24.22,16.48,4.08
2024-05-20,0.11,28.58,14.24,14.12
2024-05-21,0.0,33.02,17.92,16.17
2024-05-22,0.0,34.5,18.68,16.29
2024-05-23,0.01,34.9,21.11,15.99
2024-05-24,28.45,24.83,15.41,4.65
2024-05-25,1.22,20.62,13.47,8.55
2024-05-26,4.53,21.08,12.33,3.91
2024-05-27,3.25,21.08,10.84,2.89
2024-05-28,0.02,19.26,8.0,11.6
2024-05-29,0.01,21.31,5.75,17.14
2024-05-30,0.0,25.26,8.65,16.32
2024-05-31,0.0,25.41,9.93,17.02
2024-06-01,0.0,28.61,10.12,16.35
2024-06-02,0.0,29.82,14.17,15.94
2024-06-03,0.0,31.77,16.68,15.53
2024-06-04,0.0,31.19,16.38,15.8
2024-06-05,0.0,29.74,15.63,15.83
2024-06-06,0.04,31.11,15.45,15.17
2024-06-07,0.0,31.38,15.79,15.67
2024-06-08,0.01,31.76,16.32,15.23
2024-06-09,0.0,32.91,16.21,15.43
2024-06-10,0.0,33.38,16.95,14.86
2024-06-11,0.0,32.56,16.41,15.33
2024-06-12,0.0,32.18,16.15,15.7
2024-06-13,0.0,32.72,16.51,15.87
2024-06-14,0.0,32.86,16.48,15.53
2024-06-15,0.0,33.08,18.39,14.58
2024-06-16,0.0,33.35,19.84,14.94
2024-06-17,0.0,33.8,18.77,14.43
2024-06-18,0.0,32.97,18.94,15.1
2024-06-19,0.06,33.36,17.03,15.26
2024-06-20,0.0,33.47,17.79,14.77
2024-06-21,0.0,32.46,15.72,15.39
2024-06-22,0.0,32.73,18.46,14.21
2024-06-23,0.29,34.34,18.11,14.01
2024-06-24,0.02,34.87,20.22,12.57
2024-06-25,0.14,32.83,20.43,12.2
2024-06-26,0.02,30.72,19.04,10.1
2024-06-27,0.0,28.52,14.87,9.54
2024-06-28,0.0,32.04,15.66,11.76
2024-06-29,2.02,24.76,15.6,6.07
2024-06-30,0.85,24.74,12.55,12.57
2024-07-01,0.31,27.43,11.04,14.66
2024-07-02,0.0,31.16,15.13,15.68
2024-07-03,0.0,32.65,16.23,14.21
2024-07-04,0.0,32.86,16.72,13.85
2024-07-05,0.0,33.04,17.08,13.11
2024-07-06,0.0,33.05,19.36,14.67
2024-07-07,0.05,31.89,18.24,13.69
2024-07-08,5.62,20.42,14.94,3.35
2024-07-09,25.89,16.77,13.44,3.18
2024-07-10,8.7,15.09,12.07,3.83
2024-07-11,0.28,25.13,11.86,10.78
2024-07-12,0.47,22.07,11.76,10.32
2024-07-13,0.2,24.51,10.91,10.68
2024-07-14,0.03,21.18,10.65,10.89
2024-07-15,0.0,20.69,11.82,12.6
2024-07-16,0.0,27.89,13.15,15.55
2024-07-17,0.0,29.55,14.45,16.33
2024-07-18,0.03,29.95,14.83,16.52
2024-07-19,0.03,30.22,13.79,17.01
2024-07-20,0.06,29.8,13.08,16.17
2024-07-21,0.0,29.99,12.4,17.05
2024-07-22,0.0,31.39,13.11,17.19
2024-07-23,0.0,30.33,13.32,17.34
2024-07-24,0.0,31.14,12.81,16.5
2024-07-25,0.0,31.81,14.34,17.11
2024-07-26,0.0,27.67,16.26,10.96
2024-07-27,0.0,32.68,15.94,15.89
2024-07-28,0.0,34.37,16.35,16.64
2024-07-29,0.21,31.01,15.57,12.1
2024-07-30,0.81,26.97,17.53,12.82
2024-07-31,0.03,29.87,14.55,16.2
2024-08-01,0.0,33.16,15.21,16.94
2024-08-02,0.0,32.96,18.0,17.68
2024-08-03,0.0,33.88,18.42,16.55
2024-08-04,0.0,34.06,18.1,16.06
2024-08-05,0.0,34.95,18.78,16.42
2024-08-06,0.0,34.36,17.66,18.05
2024-08-07,0.06,35.03,18.75,17.28
2024-08-08,1.71,25.92,16.87,4.07
2024-08-09,6.07,16.46,7.99,2.94
2024-08-10,0.0,21.23,5.69,19.86
2024-08-11,0.02,24.43,5.52,16.87
2024-08-12,0.0,24.45,6.86,17.29
2024-08-13,0.0,24.81,4.83,17.68
2024-08-14,0.0,29.08,11.52,17.71
2024-08-15,0.06,33.99,12.35,18.4
2024-08-16,0.0,36.29,15.74,18.26
2024-08-17,0.0,36.99,18.61,18.24
2024-08-18,0.0,37.98,18.69,19.68
2024-08-19,0.0,38.13,17.96,19.5
2024-08-20,0.0,38.5,20.98,19.8
2024-08-21,0.0,36.73,18.9,19.52
2024-08-22,0.0,37.88,17.67,19.92
2024-08-23,6.55,28.97,16.77,8.62
2024-08-24,17.62,20.12,11.76,1.97
2024-08-25,0.04,21.13,7.91,7.2
2024-08-26,0.05,22.64,4.88,20.7
2024-08-27,0.04,26.35,7.05,21.89
2024-08-28,0.04,29.56,11.78,20.72
2024-08-29,0.0,33.69,13.5,21.04
2024-08-30,0.0,34.66,15.75,20.99
2024-08-31,0.0,36.47,16.62,21.65
2024-09-01,0.0,33.93,16.54,18.27
2024-09-02,0.0,33.49,14.82,17.46
2024-09-03,0.0,38.02,16.18,21.68
2024-09-04,0.0,38.98,17.38,18.74
2024-09-05,0.03,28.53,16.93,6.43
2024-09-06,0.0,33.45,14.64,12.64
2024-09-07,0.01,38.47,17.61,17.69
2024-09-08,0.0,39.78,21.15,18.45
2024-09-09,0.0,38.24,21.28,16.28
2024-09-10,0.0,38.48,21.22,17.08
2024-09-11,0.0,38.76,19.35,21.15
2024-09-12,0.0,39.48,20.98,20.63
2024-09-13,0.0,38.8,21.94,19.21
2024-09-14,0.38,36.05,20.96,4.05
2024-09-15,13.59,30.8,18.94,2.0
2024-09-16,1.56,29.91,18.09,13.17
2024-09-17,0.03,30.99,15.88,23.86
2024-09-18,0.03,30.57,16.66,14.29
2024-09-19,0.05,37.78,19.08,20.87
2024-09-20,17.35,39.1,21.41,16.31
2024-09-21,16.03,31.57,19.7,9.01
2024-09-22,0.0,34.88,21.17,11.76
2024-09-23,0.0,37.15,21.4,12.72
2024-09-24,0.0,38.44,21.73,19.46
2024-09-25,0.0,40.43,19.49,23.2
2024-09-26,17.02,32.96,23.09,12.92
2024-09-27,4.29,30.3,17.09,19.37
2024-09-28,0.0,32.34,14.62,24.13
2024-09-29,0.0,33.86,17.64,24.48
2024-09-30,0.0,37.71,18.62,25.0
2024-10-01,0.0,38.08,21.98,22.94
2024-10-02,0.0,39.45,22.18,16.05
2024-10-03,0.0,31.51,22.67,11.41
2024-10-04,0.0,34.12,19.75,19.28
2024-10-05,0.0,35.76,17.66,26.04
2024-10-06,0.0,37.26,18.07,23.69
2024-10-07,0.0,39.23,20.22,21.09
2024-10-08,0.0,40.95,19.43,17.94
2024-10-09,8.17,41.01,23.04,7.11
2024-10-10,12.36,29.73,22.2,3.96
2024-10-11,10.1,32.87,20.54,3.01
2024-10-12,0.01,32.34,18.84,25.15
2024-10-13,0.02,34.65,19.89,26.54
2024-10-14,0.0,34.2,20.1,21.79
2024-10-15,0.26,36.44,21.72,24.61
2024-10-16,5.33,36.5,21.62,22.99
2024-10-17,2.33,37.61,23.22,24.72
2024-10-18,1.07,35.0,22.96,10.74
2024-10-19,1.15,27.56,20.98,10.05
2024-10-20,0.14,32.1,19.94,18.16
2024-10-21,0.0,33.68,21.35,17.98
2024-10-22,5.52,30.61,22.67,19.66
2024-10-23,0.95,37.28,21.53,25.16
2024-10-24,1.7,36.38,24.07,21.65
2024-10-25,0.83,34.1,24.6,19.37
2024-10-26,0.89,32.22,22.4,13.11
2024-10-27,0.6,34.95,19.7,25.37
2024-10-28,0.0,32.5,23.24,15.07
2024-10-29,0.0,37.65,22.47,27.68
2024-10-30,0.0,37.89,22.3,28.65
2024-10-31,0.01,37.92,21.65,28.41
2024-11-01,6.34,34.85,23.83,23.81
2024-11-02,15.32,28.17,22.83,10.67
2024-11-03,17.83,30.96,22.69,18.34
2024-11-04,7.73,32.26,22.83,16.74
2024-11-05,5.37,33.06,22.82,23.07
2024-11-06,6.84,31.92,23.15,20.62
2024-11-07,7.84,28.15,23.76,19.1
2024-11-08,0.3,31.48,23.01,19.57
2024-11-09,0.01,34.42,20.95,26.03
2024-11-10,0.0,34.44,21.58,29.05
2024-11-11,0.0,37.05,21.0,29.14
2024-11-12,0.97,34.92,20.73,21.49
2024-11-13,0.0,33.36,17.22,29.66
2024-11-14,0.0,35.86,14.96,25.69
2024-11-15,0.06,36.29,21.6,28.86
2024-11-16,0.16,37.29,23.31,24.38
2024-11-17,0.0,37.98,23.85,27.57
2024-11-18,0.0,39.26,23.99,28.83
2024-11-19,0.0,38.84,23.06,24.35
2024-11-20,0.12,38.32,26.98,21.88
2024-11-21,22.31,30.48,24.54,15.63
2024-11-22,7.23,33.84,22.01,21.55
2024-11-23,0.0,35.67,23.13,28.67
2024-11-24,0.0,35.56,21.59,30.06
2024-11-25,0.0,36.72,20.42,30.65
2024-11-26,0.0,38.85,21.6,27.78
2024-11-27,0.02,38.75,25.67,24.13
2024-11-28,8.41,37.14,26.36,22.56
2024-11-29,10.89,37.19,24.97,11.69
2024-11-30,4.67,33.27,24.71,19.25
2024-12-01,0.01,34.42,24.43,25.6
2024-12-02,11.24,32.44,24.82,13.89
2024-12-03,16.96,29.62,24.49,17.41
2024-12-04,8.49,33.24,23.24,13.09
2024-12-05,1.86,33.11,23.9,23.58
2024-12-06,0.62,34.13,23.94,18.42
2024-12-07,13.24,34.32,23.89,16.64
2024-12-08,17.05,32.25,24.32,10.97
2024-12-09,4.62,34.22,23.6,17.12
2024-12-10,5.26,33.48,24.05,19.23
2024-12-11,0.06,34.72,22.78,25.0
2024-12-12,0.36,34.38,22.36,27.0
2024-12-13,7.53,32.48,22.19,13.94
2024-12-14,8.48,28.89,22.9,13.4
2024-12-15,0.06,32.0,20.49,30.03
2024-12-16,0.0,32.87,18.03,31.81
2024-12-17,0.0,35.06,17.09,31.24
2024-12-18,0.03,37.42,18.83,30.56
2024-12-19,7.91,35.96,22.69,15.37
2024-12-20,16.99,33.39,23.37,14.84
2024-12-21,5.58,33.88,23.83,20.59
2024-12-22,0.4,35.07,24.49,19.31
2024-12-23,0.01,36.73,22.77,25.94
2024-12-24,1.82,34.98,22.64,29.64
2024-12-25,1.31,34.32,22.7,11.64
2024-12-26,0.31,35.5,21.67,24.72
2024-12-27,0.0,35.63,19.4,30.43
2024-12-28,0.0,36.31,18.28,31.59
2024-12-29,0.0,37.0,18.47,30.92
2024-12-30,0.0,38.09,19.99,29.56
2024-12-31,0.92,38.18,25.06,28.09
2025-01-01,2.48,38.81,23.97,23.47
2025-01-02,1.16,37.51,24.01,19.69
2025-01-03,0.91,37.24,24.31,25.51
2025-01-04,0.06,37.85,22.64,25.53
2025-01-05,0.0,38.27,19.26,31.68
2025-01-06,0.0,38.63,20.37,30.01
2025-01-07,0.0,39.11,20.35,29.1
2025-01-08,0.0,39.29,21.95,28.69
2025-01-09,0.0,39.33,23.51,27.93
2025-01-10,0.06,39.43,23.04,29.12
2025-01-11,0.23,39.98,24.31,26.46
2025-01-12,0.06,39.55,25.3,24.54
2025-01-13,0.01,37.2,23.04,29.3
2025-01-14,0.04,37.49,23.55,29.66
2025-01-15,0.13,38.84,23.72,29.75
2025-01-16,0.19,39.47,24.18,25.89
2025-01-17,1.15,34.8,25.9,17.44
2025-01-18,3.2,35.42,24.83,16.41
2025-01-19,2.28,35.24,24.08,22.96
2025-01-20,8.4,33.81,24.16,24.71
2025-01-21,5.27,35.22,23.9,24.34
2025-01-22,1.15,37.24,23.34,25.66
2025-01-23,2.23,36.33,24.2,16.01
2025-01-24,0.85,37.39,23.45,27.64
2025-01-25,1.79,40.32,24.31,27.11
2025-01-26,1.62,36.89,23.86,27.41
2025-01-27,7.31,33.13,24.85,22.79
2025-01-28,5.05,34.66,23.61,17.65
2025-01-29,0.14,37.1,24.3,22.43
2025-01-30,5.36,36.17,23.93,22.03
2025-01-31,5.82,35.54,22.87,24.47
2025-02-01,0.82,34.63,23.3,21.95
2025-02-02,0.86,35.71,23.42,24.07
2025-02-03,11.99,33.43,23.97,20.67
2025-02-04,7.76,30.84,22.72,20.68
2025-02-05,13.48,31.55,23.37,20.58
2025-02-06,8.58,29.64,23.23,14.63
2025-02-07,3.13,29.68,22.42,22.73
2025-02-08,0.09,33.06,20.99,26.87
2025-02-09,0.13,34.45,23.08,26.52
2025-02-10,0.46,36.5,22.31,27.41
2025-02-11,0.13,36.53,22.47,27.66
2025-02-12,0.25,34.11,21.99,22.71
2025-02-13,1.35,35.6,23.16,21.26
2025-02-14,0.9,36.32,23.03,23.84
2025-02-15,4.38,37.21,24.2,22.89
2025-02-16,0.52,38.8,25.22,21.22
2025-02-17,0.29,38.6,25.46,27.27
2025-02-18,3.9,33.21,24.43,16.02
2025-02-19,0.64,34.03,23.2,23.21
2025-02-20,1.64,37.83,23.68,23.2
2025-02-21,0.17,39.28,24.63,24.55
2025-02-22,0.1,37.71,24.53,23.19
2025-02-23,0.06,34.79,25.47,22.32
2025-02-24,3.74,37.8,24.9,24.15
2025-02-25,2.46,35.81,23.9,20.18
2025-02-26,2.83,35.93,23.09,18.05
2025-02-27,0.53,37.07,23.1,21.64
2025-02-28,2.53,38.02,24.42,24.05
2025-03-01,0.08,39.31,23.94,25.77
2025-03-02,0.03,39.5,23.21,25.19
2025-03-03,0.1,39.02,23.86,21.95
2025-03-04,0.68,38.91,24.46,24.45
2025-03-05,2.37,37.46,24.8,16.7
2025-03-06,1.39,37.02,23.71,21.85
2025-03-07,0.0,38.07,22.63,25.38
2025-03-08,0.04,38.64,23.08,24.17
2025-03-09,0.0,39.47,25.06,23.49
2025-03-10,0.14,39.25,22.67,21.27
2025-03-11,3.98,35.97,24.37,11.77
2025-03-12,2.46,34.16,23.14,16.55
2025-03-13,0.14,34.43,22.43,16.99
2025-03-14,0.0,36.43,22.8,22.11
2025-03-15,0.0,37.54,21.63,22.52
2025-03-16,0.18,38.0,21.1,23.49
2025-03-17,14.21,36.2,23.34,22.33
2025-03-18,3.13,36.44,23.1,20.0
2025-03-19,0.83,34.99,21.99,22.95
2025-03-20,0.01,34.89,21.38,24.99
2025-03-21,0.0,35.44,19.4,25.77
2025-03-22,0.14,36.42,18.42,21.21
2025-03-23,0.18,37.46,23.55,15.24
2025-03-24,5.79,35.08,22.41,19.53
2025-03-25,4.27,34.78,24.12,21.66
2025-03-26,8.82,35.0,24.53,21.63
2025-03-27,1.02,35.41,23.12,21.93
2025-03-28,0.26,36.63,23.32,19.29
2025-03-29,4.58,31.94,23.5,11.8
2025-03-30,0.42,34.34,22.77,12.86
2025-03-31,3.31,32.44,23.08,12.54
