data,PRECTOTCORR,T2M_MAX,T2M_MIN,ALLSKY_SFC_SW_DWN
2013-10-01,1.8,31.88,22.15,14.02
2013-10-02,0.53,29.72,22.81,11.48
2013-10-03,9.53,32.0,21.99,21.59
2013-10-04,9.29,26.46,20.18,4.67
2013-10-05,0.25,28.65,17.48,24.91
2013-10-06,0.0,28.8,16.49,27.11
2013-10-07,0.5,29.88,16.81,23.07
2013-10-08,4.82,28.02,17.57,15.87
2013-10-09,0.0,31.64,17.71,23.89
2013-10-10,0.0,32.32,18.92,26.35
2013-10-11,0.01,32.13,18.98,20.04
2013-10-12,0.25,30.44,21.0,11.46
2013-10-13,0.23,34.95,20.65,24.3
2013-10-14,13.1,30.35,22.87,23.08
2013-10-15,1.29,27.45,22.55,9.43
2013-10-16,6.36,29.87,20.98,13.18
2013-10-17,16.36,30.13,21.2,19.76
2013-10-18,4.15,30.85,21.56,22.01
2013-10-19,0.0,31.82,18.72,29.06
2013-10-20,0.03,34.65,19.53,28.84
2013-10-21,1.15,35.05,23.24,26.55
2013-10-22,1.36,29.37,23.9,24.58
2013-10-23,0.06,31.42,23.84,19.54
2013-10-24,0.9,35.4,22.93,25.89
2013-10-25,0.41,32.66,24.01,23.95
2013-10-26,0.0,36.05,22.88,27.08
2013-10-27,0.01,35.3,23.79,22.81
2013-10-28,0.17,35.66,24.17,27.97
2013-10-29,0.65,36.11,20.19,28.82
2013-10-30,1.15,36.04,22.36,24.58
2013-10-31,0.35,33.88,23.65,26.94
2013-11-01,2.35,29.97,24.63,23.6
2013-11-02,1.73,34.58,22.93,24.07
2013-11-03,1.77,30.01,23.76,19.59
2013-11-04,4.37,29.31,22.29,13.6
2013-11-05,0.19,32.06,21.28,16.85
2013-11-06,0.1,28.96,21.69,17.6
2013-11-07,0.12,32.86,20.92,21.66
2013-11-08,0.01,34.82,22.2,28.38
2013-11-09,0.18,36.91,23.39,27.48
2013-11-10,0.03,37.94,25.98,28.18
2013-11-11,4.82,37.46,26.49,15.85
2013-11-12,0.95,30.34,25.27,22.5
2013-11-13,0.12,34.4,24.24,26.15
2013-11-14,0.04,37.18,21.92,28.66
2013-11-15,0.0,37.28,24.39,28.09
2013-11-16,2.96,35.16,25.25,17.62
2013-11-17,3.83,31.12,23.09,20.81
2013-11-18,6.05,33.98,22.39,26.57
2013-11-19,1.42,34.81,22.99,24.22
2013-11-20,2.98,36.19,22.87,23.26
2013-11-21,7.0,32.75,23.79,23.94
2013-11-22,3.2,32.06,22.43,17.71
2013-11-23,2.61,30.56,23.32,17.45
2013-11-24,1.59,29.15,22.89,22.57
2013-11-25,4.18,29.09,21.72,17.57
2013-11-26,0.32,33.24,20.87,23.69
2013-11-27,0.0,35.26,21.12,27.8
2013-11-28,0.02,37.32,22.76,29.27
2013-11-29,0.76,38.23,24.33,27.24
2013-11-30,9.32,32.96,25.37,23.94
2013-12-01,3.07,30.13,24.13,19.32
2013-12-02,5.52,30.99,24.16,15.88
2013-12-03,3.74,32.51,24.18,27.32
2013-12-04,0.04,32.91,24.47,27.71
2013-12-05,0.35,36.2,24.68,27.65
2013-12-06,11.89,32.12,24.68,23.58
2013-12-07,2.12,32.65,23.67,18.29
2013-12-08,3.0,32.53,22.94,24.5
2013-12-09,1.43,33.71,23.29,25.42
2013-12-10,38.31,27.27,23.57,10.69
2013-12-11,14.28,29.54,22.56,16.83
2013-12-12,0.38,30.61,22.2,27.1
2013-12-13,1.0,31.89,21.94,24.73
2013-12-14,8.27,29.48,23.65,21.42
2013-12-15,3.36,31.44,23.1,21.41
2013-12-16,1.78,32.87,22.95,24.4
2013-12-17,0.07,32.96,22.59,27.86
2013-12-18,0.18,33.51,21.66,28.53
2013-12-19,0.0,34.34,22.1,29.67
2013-12-20,0.01,34.88,23.19,27.27
2013-12-21,0.26,34.57,23.63,28.94
2013-12-22,3.1,32.79,23.62,27.34
2013-12-23,8.47,28.91,23.09,14.31
2013-12-24,7.38,30.13,22.36,21.72
2013-12-25,1.14,33.65,22.44,23.46
2013-12-26,0.0,35.3,22.95,26.73
2013-12-27,3.69,35.42,24.39,23.47
2013-12-28,14.12,33.14,24.35,24.44
2013-12-29,3.39,31.35,23.55,22.56
2013-12-30,4.88,30.77,23.97,20.75
2013-12-31,5.84,31.57,23.26,12.99
2014-01-01,1.98,33.04,23.0,22.74
2014-01-02,2.44,32.19,23.4,25.66
2014-01-03,0.42,35.79,24.07,29.02
2014-01-04,1.05,37.48,25.48,26.76
2014-01-05,0.43,35.1,25.72,27.16
2014-01-06,0.33,35.98,25.12,25.7
2014-01-07,13.78,32.72,24.05,23.16
2014-01-08,8.62,28.91,22.51,26.79
2014-01-09,0.14,31.45,23.51,22.21
2014-01-10,1.25,34.15,22.79,25.43
2014-01-11,1.49,32.87,23.08,20.38
2014-01-12,16.16,31.6,23.12,22.12
2014-01-13,6.12,31.31,22.29,20.17
2014-01-14,10.76,29.7,22.18,20.76
2014-01-15,0.47,29.02,22.21,25.06
2014-01-16,1.3,33.06,19.59,18.41
2014-01-17,3.37,30.13,22.36,20.66
2014-01-18,1.7,29.61,22.56,24.06
2014-01-19,0.79,32.21,21.61,28.74
2014-01-20,0.37,34.53,22.63,29.15
2014-01-21,2.35,33.96,22.75,26.32
2014-01-22,3.89,31.9,23.16,24.98
2014-01-23,1.16,34.32,22.18,23.98
2014-01-24,17.11,31.54,23.11,26.45
2014-01-25,1.94,28.9,22.37,23.23
2014-01-26,3.68,30.87,21.51,22.9
2014-01-27,1.68,32.91,22.2,26.64
2014-01-28,1.78,32.18,21.67,29.08
2014-01-29,0.01,34.31,22.05,29.6
2014-01-30,0.0,34.41,22.14,27.83
2014-01-31,0.0,32.43,23.64,29.24
2014-02-01,0.0,36.71,23.03,29.9
2014-02-02,0.0,36.5,22.34,29.42
2014-02-03,0.0,34.96,23.66,25.47
2014-02-04,0.03,33.93,24.28,27.21
2014-02-05,0.0,37.32,24.7,27.78
2014-02-06,0.0,37.4,24.2,27.78
2014-02-07,0.0,38.07,23.97,30.03
2014-02-08,0.84,38.4,23.63,27.46
2014-02-09,0.61,35.94,24.82,23.2
2014-02-10,0.08,38.75,24.06,27.51
2014-02-11,0.11,37.24,25.01,25.44
2014-02-12,9.57,36.14,24.76,20.61
2014-02-13,13.32,29.25,23.38,23.5
2014-02-14,6.47,31.95,22.33,20.74
2014-02-15,30.66,28.32,22.86,13.74
2014-02-16,7.03,30.25,22.44,16.08
2014-02-17,4.35,30.54,22.09,20.36
2014-02-18,3.17,31.13,22.38,19.57
2014-02-19,2.28,31.01,22.81,21.06
2014-02-20,0.39,30.2,22.74,23.77
2014-02-21,23.3,25.47,22.85,17.28
2014-02-22,16.21,26.17,22.09,15.55
2014-02-23,3.72,28.29,22.05,19.08
2014-02-24,4.85,30.01,21.31,15.73
2014-02-25,0.75,29.71,21.5,14.61
2014-02-26,16.05,30.74,21.58,24.68
2014-02-27,6.73,31.02,22.18,23.83
2014-02-28,13.0,29.61,22.95,18.51
2014-03-01,5.16,29.88,22.6,22.39
2014-03-02,0.05,30.54,21.72,24.93
2014-03-03,5.58,30.96,22.36,23.58
2014-03-04,11.79,29.9,22.77,19.66
2014-03-05,6.6,28.42,22.69,12.74
2014-03-06,9.46,30.02,22.46,24.25
2014-03-07,34.35,29.9,22.43,19.48
2014-03-08,1.53,29.65,21.42,20.05
2014-03-09,0.01,30.5,21.31,25.99
2014-03-10,5.56,30.66,22.48,17.56
2014-03-11,19.76,27.63,22.98,18.04
2014-03-12,12.68,27.38,22.65,14.75
2014-03-13,1.58,27.62,22.0,14.23
2014-03-14,0.0,30.26,21.09,22.98
2014-03-15,1.17,31.36,21.9,24.99
2014-03-16,0.48,31.52,21.88,24.65
2014-03-17,4.5,31.5,21.38,24.72
2014-03-18,0.55,31.2,22.8,24.95
2014-03-19,0.86,31.15,21.73,24.45
2014-03-20,3.21,29.63,22.89,20.35
2014-03-21,8.12,28.31,22.6,18.56
2014-03-22,4.22,27.83,22.32,17.63
2014-03-23,0.01,29.68,20.65,22.0
2014-03-24,0.0,30.17,19.43,21.39
2014-03-25,0.06,30.84,20.63,21.84
2014-03-26,4.11,30.38,20.49,21.54
2014-03-27,0.92,28.21,21.98,17.88
2014-03-28,0.29,29.13,20.87,21.32
2014-03-29,4.09,29.17,21.9,16.26
2014-03-30,3.7,27.63,22.28,13.99
2014-03-31,0.56,29.03,21.63,16.3
2014-04-01,0.41,31.03,21.56,20.5
2014-04-02,0.05,32.03,21.85,22.2
2014-04-03,0.0,31.9,21.11,22.89
2014-04-04,0.0,32.29,21.17,22.6
2014-04-05,0.0,32.65,21.69,21.66
2014-04-06,0.0,33.34,22.41,22.07
2014-04-07,0.5,33.6,23.49,21.34
2014-04-08,0.91,34.04,23.37,17.41
2014-04-09,3.01,32.38,25.43,15.88
2014-04-10,0.2,29.52,24.13,15.86
2014-04-11,0.04,31.69,23.07,20.1
2014-04-12,2.48,29.62,23.73,18.77
2014-04-13,0.91,29.13,23.06,16.74
2014-04-14,4.28,30.76,21.14,13.44
2014-04-15,1.0,26.53,19.9,11.46
2014-04-16,0.18,31.46,20.14,13.48
2014-04-17,0.03,33.06,20.55,20.74
2014-04-18,0.01,32.84,21.27,20.15
2014-04-19,9.5,32.25,21.82,18.8
2014-04-20,0.24,30.37,22.59,19.73
2014-04-21,0.03,31.05,22.9,18.6
2014-04-22,16.74,28.43,22.52,14.64
2014-04-23,4.16,27.33,21.29,9.6
2014-04-24,0.09,29.11,20.97,15.03
2014-04-25,0.02,28.94,19.49,19.36
2014-04-26,0.0,29.26,17.73,20.97
2014-04-27,0.0,28.54,15.49,21.19
2014-04-28,0.0,29.3,14.79,20.82
2014-04-29,0.0,30.16,16.59,20.47
2014-04-30,0.0,29.77,17.22,20.17
2014-05-01,0.82,29.52,15.75,13.52
2014-05-02,0.0,29.4,17.63,13.33
2014-05-03,0.0,27.75,19.09,14.34
2014-05-04,0.0,31.36,16.77,19.33
2014-05-05,0.0,32.24,18.11,17.52
2014-05-06,0.0,30.82,19.26,16.42
2014-05-07,0.0,31.81,20.12,14.2
2014-05-08,0.0,32.36,20.06,17.76
2014-05-09,0.0,31.31,19.33,17.61
2014-05-10,0.0,30.06,16.39,19.17
2014-05-11,0.0,29.91,15.79,19.23
2014-05-12,0.0,31.55,15.38,18.4
2014-05-13,0.0,29.8,17.87,16.04
2014-05-14,0.0,30.17,19.22,16.09
2014-05-15,0.0,30.43,17.05,16.98
2014-05-16,0.0,31.47,17.15,14.88
2014-05-17,0.93,31.77,19.18,14.79
2014-05-18,1.48,31.04,20.27,12.55
2014-05-19,0.0,31.96,17.7,17.93
2014-05-20,0.0,32.09,18.06,15.65
2014-05-21,0.14,33.02,17.88,17.22
2014-05-22,14.63,31.72,21.88,12.83
2014-05-23,6.35,27.26,19.07,5.45
2014-05-24,0.07,26.27,16.83,9.37
2014-05-25,1.62,27.08,19.11,9.43
2014-05-26,0.03,23.88,14.05,13.19
2014-05-27,0.0,22.03,10.97,6.79
2014-05-28,0.0,24.03,11.02,12.72
2014-05-29,0.02,25.77,11.56,17.72
2014-05-30,0.0,27.46,11.73,17.73
2014-05-31,0.0,30.0,12.64,17.12
2014-06-01,5.0,24.6,18.26,3.73
2014-06-02,0.9,24.95,13.53,15.06
2014-06-03,0.0,24.77,9.67,17.78
2014-06-04,0.0,28.68,13.14,16.12
2014-06-05,0.0,31.99,17.49,14.6
2014-06-06,0.0,32.02,18.18,11.17
2014-06-07,0.0,32.78,19.26,15.56
2014-06-08,0.0,32.65,18.55,16.63
2014-06-09,0.0,31.74,20.63,13.9
2014-06-10,0.0,30.71,20.2,15.32
2014-06-11,0.0,31.0,17.88,16.52
2014-06-12,0.0,30.62,17.71,16.24
2014-06-13,0.0,30.83,17.87,14.99
2014-06-14,0.0,30.77,18.13,15.2
2014-06-15,0.0,31.18,17.78,15.66
2014-06-16,0.0,31.31,17.63,16.26
2014-06-17,0.0,31.06,17.63,15.94
2014-06-18,0.01,29.76,20.09,14.85
2014-06-19,0.0,29.23,16.64,16.0
2014-06-20,0.0,28.03,15.57,15.72
2014-06-21,0.0,28.56,13.87,15.89
2014-06-22,0.0,30.55,14.81,15.71
2014-06-23,0.0,30.37,18.22,12.17
2014-06-24,0.0,31.05,16.48,16.25
2014-06-25,0.0,31.29,16.71,16.42
2014-06-26,0.0,32.13,16.96,14.07
2014-06-27,0.0,32.33,17.7,16.16
2014-06-28,0.0,29.74,20.28,13.96
2014-06-29,0.0,24.77,15.52,6.9
2014-06-30,0.0,25.51,12.06,16.67
2014-07-01,0.0,30.04,13.67,16.48
2014-07-02,0.0,32.42,16.7,15.84
2014-07-03,0.0,32.95,18.45,16.12
2014-07-04,0.0,32.87,17.72,15.92
2014-07-05,0.0,31.43,17.59,16.13
2014-07-06,0.0,32.07,15.74,16.7
2014-07-07,0.0,28.75,19.24,8.58
2014-07-08,0.03,30.56,18.03,9.33
2014-07-09,0.05,31.01,18.33,13.76
2014-07-10,0.06,26.29,18.9,9.0
2014-07-11,0.0,28.54,16.1,16.95
2014-07-12,0.0,29.38,14.54,17.27
2014-07-13,0.0,30.28,14.45,15.97
2014-07-14,0.0,30.73,15.4,16.95
2014-07-15,0.0,31.4,15.65,17.27
2014-07-16,0.0,32.0,16.73,16.67
2014-07-17,0.03,32.74,19.89,17.15
2014-07-18,0.72,29.34,18.96,10.62
2014-07-19,0.0,26.93,16.08,17.75
2014-07-20,0.0,28.29,11.35,18.17
2014-07-21,0.0,30.71,11.63,17.85
2014-07-22,0.0,32.92,16.62,17.14
2014-07-23,1.23,33.63,20.49,15.73
2014-07-24,23.09,24.35,14.16,2.66
2014-07-25,0.98,19.6,12.48,5.33
2014-07-26,37.06,17.5,14.11,6.28
2014-07-27,9.92,18.12,14.84,6.74
2014-07-28,0.93,23.44,15.85,6.81
2014-07-29,0.0,26.89,14.1,17.27
2014-07-30,0.0,27.58,15.04,17.48
2014-07-31,0.0,28.18,14.86,18.93
2014-08-01,0.0,28.96,15.23,19.1
2014-08-02,0.0,29.38,16.17,19.31
2014-08-03,0.0,30.2,14.8,19.45
2014-08-04,0.0,31.35,16.6,18.44
2014-08-05,0.0,30.52,18.89,18.88
2014-08-06,0.0,30.33,14.79,19.11
2014-08-07,0.0,30.42,16.59,19.28
2014-08-08,0.0,30.21,15.13,19.91
2014-08-09,0.0,29.83,15.25,19.6
2014-08-10,0.0,29.78,13.82,19.11
2014-08-11,0.0,31.91,14.7,19.87
2014-08-12,0.0,32.83,17.21,19.78
2014-08-13,0.12,30.5,18.69,14.39
2014-08-14,0.0,27.36,14.7,18.2
2014-08-15,0.0,32.05,15.58,19.33
2014-08-16,0.0,31.63,18.51,20.01
2014-08-17,0.0,31.11,18.67,18.19
2014-08-18,0.0,31.74,19.49,19.22
2014-08-19,0.0,31.97,18.67,20.81
2014-08-20,0.0,32.13,15.51,21.5
2014-08-21,0.0,33.47,16.6,21.37
2014-08-22,0.0,34.04,17.7,21.65
2014-08-23,0.0,34.58,16.85,21.93
2014-08-24,0.0,34.58,16.99,21.35
2014-08-25,0.0,35.33,17.51,21.63
2014-08-26,0.0,30.34,19.61,17.92
2014-08-27,0.0,28.73,16.26,16.68
2014-08-28,0.0,33.99,17.06,17.73
2014-08-29,0.0,34.99,19.39,20.19
2014-08-30,0.0,36.36,19.8,21.22
2014-08-31,0.0,37.14,20.38,21.29
2014-09-01,0.05,37.4,21.96,18.6
2014-09-02,1.53,37.18,23.9,20.03
2014-09-03,0.34,36.61,23.26,19.7
2014-09-04,0.0,34.03,22.7,22.34
2014-09-05,0.0,34.23,18.64,22.78
2014-09-06,0.0,35.14,20.94,22.99
2014-09-07,0.0,35.59,21.15,16.08
2014-09-08,0.0,34.54,22.21,22.33
2014-09-09,0.0,35.66,19.25,23.54
2014-09-10,0.0,36.88,19.12,24.19
2014-09-11,0.0,37.32,21.78,22.76
2014-09-12,0.0,37.39,20.71,23.77
2014-09-13,0.0,36.67,19.68,23.21
2014-09-14,0.0,38.45,19.94,23.78
2014-09-15,0.0,38.44,22.33,18.4
2014-09-16,0.0,33.95,21.65,22.63
2014-09-17,0.0,38.23,21.85,23.96
2014-09-18,0.0,38.84,23.39,21.27
2014-09-19,3.49,37.07,24.85,14.59
2014-09-20,20.4,36.13,24.02,4.15
2014-09-21,4.99,29.99,19.49,19.33
2014-09-22,0.0,31.97,17.09,24.13
2014-09-23,0.08,35.64,17.61,24.45
2014-09-24,21.84,32.38,22.74,20.53
2014-09-25,2.76,32.24,21.51,11.68
2014-09-26,1.96,32.31,23.49,12.96
2014-09-27,3.58,31.42,23.06,6.25
2014-09-28,0.04,31.96,22.77,17.11
2014-09-29,2.67,35.85,22.78,22.44
2014-09-30,0.34,31.07,23.74,9.81
2014-10-01,6.38,35.86,23.36,19.92
2014-10-02,1.82,29.89,21.78,21.07
2014-10-03,0.46,31.67,17.33,26.61
2014-10-04,0.02,32.2,15.97,27.42
2014-10-05,0.0,33.21,15.93,24.55
2014-10-06,0.0,33.21,17.17,25.81
2014-10-07,0.0,33.82,17.81,22.23
2014-10-08,0.0,35.46,18.57,28.21
2014-10-09,0.0,36.8,18.99,27.4
2014-10-10,0.0,38.55,20.64,26.98
2014-10-11,0.0,38.81,22.29,26.74
2014-10-12,0.0,39.74,22.79,26.6
2014-10-13,0.0,40.34,22.46,27.61
2014-10-14,0.0,41.32,24.12,27.42
2014-10-15,0.0,41.5,24.83,25.18
2014-10-16,0.01,42.28,26.89,25.9
2014-10-17,0.22,42.75,27.5,24.4
2014-10-18,0.83,41.93,26.97,22.65
2014-10-19,13.32,33.91,24.27,13.95
2014-10-20,1.56,33.49,23.23,8.62
2014-10-21,0.0,34.84,23.46,25.25
2014-10-22,0.01,36.2,21.65,26.66
2014-10-23,3.49,33.36,25.18,25.95
2014-10-24,3.98,33.44,23.99,20.08
2014-10-25,14.07,25.78,21.57,11.49
2014-10-26,4.25,29.68,21.08,16.27
2014-10-27,0.02,32.93,21.58,23.57
2014-10-28,0.0,34.69,22.88,28.72
2014-10-29,0.0,35.36,20.89,29.71
2014-10-30,18.1,33.28,22.26,24.06
2014-10-31,2.73,32.52,22.45,22.85
2014-11-01,1.57,31.52,22.79,21.52
2014-11-02,25.39,29.51,23.36,19.23
2014-11-03,10.92,28.5,23.03,21.86
2014-11-04,8.76,28.93,23.1,17.88
2014-11-05,0.52,32.13,22.36,24.77
2014-11-06,0.22,33.34,22.77,25.37
2014-11-07,2.51,33.02,23.74,25.23
2014-11-08,1.43,31.07,23.95,8.46
2014-11-09,0.29,32.43,23.6,25.51
2014-11-10,0.53,33.82,22.9,27.79
2014-11-11,7.28,33.42,20.64,28.56
2014-11-12,6.16,30.31,23.78,14.37
2014-11-13,0.99,32.17,22.61,22.78
2014-11-14,0.0,32.6,22.55,25.72
2014-11-15,0.01,31.44,21.06,28.29
2014-11-16,0.0,32.13,19.16,29.46
2014-11-17,0.0,33.48,18.75,29.37
2014-11-18,0.0,35.33,19.17,28.78
2014-11-19,13.02,34.51,22.81,25.11
2014-11-20,15.12,28.98,23.43,18.44
2014-11-21,4.7,33.19,21.98,21.54
2014-11-22,5.94,29.19,22.99,10.1
2014-11-23,9.66,29.56,22.21,15.06
2014-11-24,7.03,29.34,22.42,16.13
2014-11-25,31.33,26.86,22.86,13.89
2014-11-26,10.12,29.39,22.06,15.5
2014-11-27,1.57,29.0,22.6,21.87
2014-11-28,0.88,30.27,21.11,18.51
2014-11-29,2.72,27.87,22.31,18.76
2014-11-30,7.41,29.33,23.11,14.36
2014-12-01,3.17,29.58,22.93,21.99
2014-12-02,12.08,26.61,21.82,20.28
2014-12-03,4.54,30.2,21.23,23.07
2014-12-04,6.38,31.22,21.62,25.08
2014-12-05,6.37,30.33,22.26,23.18
2014-12-06,0.88,28.95,21.82,21.49
2014-12-07,0.26,28.85,21.29,24.8
2014-12-08,4.29,27.2,21.46,19.49
2014-12-09,6.31,27.3,20.93,19.03
2014-12-10,6.49,26.5,21.69,17.08
2014-12-11,5.23,28.67,21.37,20.28
2014-12-12,9.17,29.1,21.39,18.73
2014-12-13,2.54,28.37,22.19,15.89
2014-12-14,1.36,31.6,22.53,24.03
2014-12-15,0.07,31.45,22.53,29.27
2014-12-16,0.87,30.99,20.55,28.28
2014-12-17,0.17,33.39,21.88,27.2
2014-12-18,7.26,32.22,22.7,23.51
2014-12-19,12.06,31.62,22.99,27.02
2014-12-20,6.6,30.54,22.77,21.06
2014-12-21,2.34,27.7,23.54,16.65
2014-12-22,6.52,28.52,23.31,18.81
2014-12-23,15.21,29.83,22.1,12.36
2014-12-24,5.02,29.78,22.74,18.24
2014-12-25,1.41,31.0,22.36,20.61
2014-12-26,0.2,31.59,23.47,29.73
2014-12-27,0.0,32.82,24.15,28.42
2014-12-28,0.0,33.77,23.97,29.46
2014-12-29,1.04,35.08,22.25,26.61
2014-12-30,22.34,32.57,24.17,28.12
2014-12-31,4.59,30.29,23.48,20.12
2015-01-01,0.02,32.4,23.01,28.59
2015-01-02,0.91,30.29,24.12,27.67
2015-01-03,10.06,30.53,24.47,25.89
2015-01-04,9.99,29.78,23.26,22.17
2015-01-05,8.77,28.07,23.17,19.64
2015-01-06,1.72,29.97,22.02,21.88
2015-01-07,0.22,31.86,22.31,29.57
2015-01-08,0.2,30.21,23.36,15.15
2015-01-09,0.08,32.33,23.2,28.46
2015-01-10,0.03,33.3,26.06,27.36
2015-01-11,1.9,34.49,23.89,26.1
2015-01-12,1.2,33.94,25.73,25.9
2015-01-13,0.1,33.12,25.42,25.46
2015-01-14,0.99,30.67,25.08,22.74
2015-01-15,6.3,32.18,24.11,27.47
2015-01-16,1.7,33.1,25.59,29.07
2015-01-17,0.08,35.85,24.03,29.73
2015-01-18,0.01,36.61,22.97,29.65
2015-01-19,0.08,37.36,24.65,29.32
2015-01-20,0.01,38.99,24.34,28.55
2015-01-21,0.11,32.01,25.62,25.02
2015-01-22,10.57,31.73,24.76,25.13
2015-01-23,5.21,32.07,23.23,25.85
2015-01-24,2.97,33.3,22.93,25.84
2015-01-25,0.42,30.75,23.13,15.82
2015-01-26,5.76,32.12,21.47,26.8
2015-01-27,9.75,32.04,22.23,18.42
2015-01-28,21.51,27.33,23.17,22.55
2015-01-29,5.85,31.98,22.03,19.52
2015-01-30,0.61,30.51,23.12,25.89
2015-01-31,0.0,32.43,22.94,28.42
2015-02-01,9.99,32.81,22.67,27.4
2015-02-02,7.04,32.53,23.55,28.6
2015-02-03,6.25,32.57,23.74,28.8
2015-02-04,25.01,28.64,23.49,17.11
2015-02-05,4.54,31.31,21.98,19.63
2015-02-06,10.53,30.64,22.93,24.14
2015-02-07,3.74,30.23,22.59,23.65
2015-02-08,2.54,31.06,21.69,25.24
2015-02-09,7.0,30.03,23.61,17.19
2015-02-10,9.04,30.29,22.58,23.46
2015-02-11,6.05,29.88,23.5,25.11
2015-02-12,2.45,29.92,22.92,25.77
2015-02-13,0.34,30.24,24.43,19.7
2015-02-14,7.67,28.69,23.47,22.78
2015-02-15,20.68,28.45,23.09,18.32
2015-02-16,8.52,26.89,22.31,18.66
2015-02-17,23.24,28.12,21.69,15.19
2015-02-18,18.62,28.26,21.75,14.34
2015-02-19,23.08,28.76,22.22,14.73
2015-02-20,18.35,27.41,21.9,17.28
2015-02-21,0.85,29.31,22.11,25.72
2015-02-22,0.55,31.15,22.22,27.49
2015-02-23,0.75,30.91,22.16,26.69
2015-02-24,2.3,29.47,23.49,24.84
2015-02-25,1.28,28.51,21.82,24.91
2015-02-26,4.78,27.07,22.33,13.69
2015-02-27,17.21,27.78,21.44,24.89
2015-02-28,1.85,29.98,22.13,23.38
2015-03-01,2.38,30.43,21.78,24.95
2015-03-02,4.47,29.51,22.93,23.77
2015-03-03,0.65,28.48,22.24,20.02
2015-03-04,1.03,27.55,23.64,22.54
2015-03-05,4.97,29.95,21.89,21.43
2015-03-06,3.1,29.8,22.76,16.61
2015-03-07,6.18,29.17,23.17,18.28
2015-03-08,10.16,29.09,22.06,14.39
2015-03-09,19.61,29.19,22.44,11.37
2015-03-10,7.78,29.88,22.33,17.86
2015-03-11,1.7,29.77,20.9,23.16
2015-03-12,10.97,29.47,21.02,21.11
2015-03-13,2.05,28.31,21.38,18.5
2015-03-14,16.48,28.97,21.39,19.93
2015-03-15,9.45,28.94,21.12,19.54
2015-03-16,3.07,29.98,21.09,23.47
2015-03-17,2.03,29.55,21.57,19.48
2015-03-18,4.94,25.22,21.6,21.56
2015-03-19,9.53,23.97,20.98,15.82
2015-03-20,7.26,26.27,20.89,15.56
2015-03-21,26.63,26.79,19.82,16.26
2015-03-22,1.49,28.18,19.68,18.51
2015-03-23,0.09,28.78,19.76,21.43
2015-03-24,0.05,29.45,18.71,25.31
2015-03-25,0.15,30.01,18.96,23.68
2015-03-26,1.29,29.97,20.77,20.75
2015-03-27,4.41,31.08,21.47,12.09
2015-03-28,5.49,28.73,22.38,21.37
2015-03-29,12.32,28.97,22.22,14.5
2015-03-30,6.54,29.67,22.27,16.84
2015-03-31,10.16,29.18,22.24,20.52
2015-04-01,5.6,28.54,23.2,20.9
2015-04-02,0.62,29.49,22.79,15.82
2015-04-03,0.27,29.82,21.27,22.18
2015-04-04,2.35,30.86,20.99,20.08
2015-04-05,2.45,31.01,21.69,13.16
2015-04-06,0.97,29.11,21.2,13.18
2015-04-07,0.0,27.52,19.86,21.64
2015-04-08,0.02,29.1,17.92,21.47
2015-04-09,0.01,29.14,19.23,20.32
2015-04-10,0.0,29.45,20.88,17.57
2015-04-11,0.0,30.5,20.16,21.37
2015-04-12,0.29,30.69,20.44,21.37
2015-04-13,0.66,30.37,20.7,21.73
2015-04-14,4.0,28.75,21.77,16.01
2015-04-15,3.16,30.01,21.66,15.88
2015-04-16,0.94,30.6,23.19,18.07
2015-04-17,0.13,30.39,22.25,19.91
2015-04-18,2.03,28.86,23.71,16.58
2015-04-19,0.69,30.97,21.83,16.98
2015-04-20,0.15,30.29,22.52,19.0
2015-04-21,5.3,31.26,22.49,17.38
2015-04-22,2.69,30.93,22.28,15.73
2015-04-23,1.33,29.77,23.4,16.45
2015-04-24,1.01,29.91,23.36,15.45
2015-04-25,0.39,30.59,21.4,18.89
2015-04-26,0.0,28.35,18.43,20.57
2015-04-27,0.13,29.44,16.34,20.74
2015-04-28,0.36,30.35,18.27,19.56
2015-04-29,0.0,29.83,18.66,18.96
2015-04-30,0.0,29.19,18.53,19.39
2015-05-01,0.0,29.16,16.67,20.13
2015-05-02,0.01,30.24,16.4,19.53
2015-05-03,9.11,29.93,18.02,16.88
2015-05-04,14.06,27.68,21.0,8.56
2015-05-05,1.83,28.04,19.58,11.42
2015-05-06,0.45,28.69,19.35,13.74
2015-05-07,0.0,27.96,18.0,18.17
2015-05-08,0.0,26.6,15.79,18.81
2015-05-09,0.31,29.25,15.68,17.08
2015-05-10,27.53,27.29,20.76,10.14
2015-05-11,11.88,26.23,17.87,9.51
2015-05-12,0.02,23.65,14.12,17.78
2015-05-13,0.0,23.58,15.46,12.91
2015-05-14,0.02,25.97,14.28,18.32
2015-05-15,0.01,25.44,16.45,8.71
2015-05-16,0.0,27.01,18.73,14.21
2015-05-17,0.0,27.19,17.32,16.15
2015-05-18,0.0,27.04,18.22,9.48
2015-05-19,0.61,26.88,17.23,11.29
2015-05-20,10.85,26.38,17.86,12.28
2015-05-21,1.1,27.31,17.97,12.51
2015-05-22,0.0,27.35,18.34,17.38
2015-05-23,0.0,27.14,19.04,10.36
2015-05-24,0.0,28.82,17.7,16.7
2015-05-25,0.0,29.63,19.31,16.75
2015-05-26,0.0,29.86,19.05,17.07
2015-05-27,0.02,30.0,19.22,16.65
2015-05-28,6.83,25.15,18.68,3.04
2015-05-29,0.18,25.67,15.88,13.71
2015-05-30,0.92,27.42,15.01,12.21
2015-05-31,14.47,29.55,18.4,12.4
2015-06-01,7.59,26.26,18.45,9.04
2015-06-02,3.36,25.34,19.15,3.81
2015-06-03,1.77,27.5,17.76,12.96
2015-06-04,0.0,28.04,17.11,15.95
2015-06-05,0.01,27.63,16.2,16.89
2015-06-06,0.0,28.23,16.33,16.37
2015-06-07,0.0,28.73,16.73,15.98
2015-06-08,0.0,28.58,16.43,16.04
2015-06-09,0.0,28.74,17.17,15.79
2015-06-10,0.0,28.96,16.67,16.43
2015-06-11,0.0,29.43,17.45,16.59
2015-06-12,0.0,29.34,18.33,15.78
2015-06-13,0.0,29.25,16.93,16.24
2015-06-14,0.07,30.49,18.0,14.83
2015-06-15,0.13,25.25,17.47,7.65
2015-06-16,0.03,24.68,15.02,15.39
2015-06-17,0.0,30.28,16.73,15.9
2015-06-18,1.15,30.71,18.35,14.16
2015-06-19,0.51,25.64,16.77,7.17
2015-06-20,0.0,26.96,15.67,15.97
2015-06-21,0.0,28.07,16.56,16.17
2015-06-22,0.0,27.69,15.43,15.06
2015-06-23,0.0,27.73,16.81,11.73
2015-06-24,0.0,27.52,15.42,12.11
2015-06-25,0.0,27.82,17.14,14.36
2015-06-26,0.0,27.24,18.42,13.99
2015-06-27,0.0,26.97,14.44,16.68
2015-06-28,0.0,26.7,12.7,15.76
2015-06-29,0.0,27.75,14.52,14.56
2015-06-30,0.51,27.92,15.84,13.3
2015-07-01,1.88,26.38,16.73,9.8
2015-07-02,0.04,27.25,17.09,8.11
2015-07-03,0.0,30.45,17.04,13.48
2015-07-04,3.7,22.43,15.78,3.91
2015-07-05,0.01,25.24,13.8,6.87
2015-07-06,2.7,24.54,16.67,8.25
2015-07-07,13.68,23.46,18.36,4.6
2015-07-08,9.38,22.95,16.52,5.37
2015-07-09,5.68,25.05,15.82,13.56
2015-07-10,0.2,28.74,15.98,16.52
2015-07-11,0.02,29.35,16.65,12.11
2015-07-12,0.0,30.12,17.06,16.85
2015-07-13,0.0,30.81,18.06,16.78
2015-07-14,0.0,31.4,18.72,14.75
2015-07-15,0.0,30.83,19.42,12.41
2015-07-16,0.0,29.41,20.28,11.35
2015-07-17,0.0,27.94,19.22,15.02
2015-07-18,0.0,29.09,16.27,17.31
2015-07-19,0.0,29.48,16.55,17.53
2015-07-20,0.0,29.72,15.39,17.45
2015-07-21,0.0,27.25,17.54,11.24
2015-07-22,0.0,27.0,14.68,10.36
2015-07-23,0.0,29.38,15.77,16.03
2015-07-24,0.0,30.11,17.22,17.02
2015-07-25,0.0,28.24,18.33,12.87
2015-07-26,0.0,28.07,16.5,16.5
2015-07-27,0.0,29.81,16.06,17.76
2015-07-28,0.0,31.05,15.99,17.98
2015-07-29,0.0,31.63,16.76,18.07
2015-07-30,0.0,31.14,17.42,18.52
2015-07-31,0.0,31.61,15.76,18.95
2015-08-01,0.0,31.23,16.09,18.87
2015-08-02,0.0,31.99,16.19,18.92
2015-08-03,0.0,31.84,17.4,19.25
2015-08-04,0.0,31.72,17.05,19.14
2015-08-05,0.0,31.92,16.23,19.36
2015-08-06,0.0,32.31,16.38,19.41
2015-08-07,0.0,33.05,16.07,19.6
2015-08-08,0.0,33.06,16.73,19.48
2015-08-09,0.0,32.69,16.58,19.36
2015-08-10,0.0,32.67,17.28,19.81
2015-08-11,0.0,32.01,18.01,19.68
2015-08-12,0.0,31.25,16.74,20.49
2015-08-13,0.0,31.74,15.52,20.23
2015-08-14,0.0,31.36,15.28,19.96
2015-08-15,0.0,32.14,15.62,20.28
2015-08-16,0.0,33.27,16.68,20.42
2015-08-17,0.0,33.64,18.12,17.67
2015-08-18,0.01,33.75,20.35,15.37
2015-08-19,0.16,31.18,18.7,19.38
2015-08-20,0.0,30.51,15.07,21.71
2015-08-21,0.0,31.09,15.23,21.32
2015-08-22,0.0,33.44,15.78,21.68
2015-08-23,0.0,35.72,17.49,21.17
2015-08-24,0.0,35.63,20.55,18.75
2015-08-25,0.0,35.49,20.82,16.9
2015-08-26,3.06,37.25,21.51,20.06
2015-08-27,10.65,34.68,21.43,4.46
2015-08-28,0.02,31.11,19.83,18.98
2015-08-29,0.02,34.11,16.48,22.23
2015-08-30,0.0,35.58,17.2,22.22
2015-08-31,0.0,35.89,20.03,22.71
2015-09-01,0.0,35.96,19.96,22.2
2015-09-02,0.0,34.98,19.17,22.77
2015-09-03,0.0,35.75,18.75,22.3
2015-09-04,0.0,36.11,19.91,22.45
2015-09-05,0.14,33.56,21.83,17.51
2015-09-06,0.1,35.46,21.56,20.47
2015-09-07,0.31,37.07,22.86,13.0
2015-09-08,9.67,35.89,23.17,12.78
2015-09-09,23.89,27.49,20.01,9.63
2015-09-10,2.09,33.29,19.94,6.64
2015-09-11,21.64,27.44,19.32,3.77
2015-09-12,1.75,26.54,17.67,6.55
2015-09-13,0.45,27.08,16.57,13.3
2015-09-14,0.0,29.85,16.89,20.75
2015-09-15,0.0,35.24,17.98,23.18
2015-09-16,0.37,35.99,23.05,23.31
2015-09-17,0.0,36.66,23.23,22.81
2015-09-18,0.0,37.13,24.33,24.33
2015-09-19,0.0,37.39,20.24,25.7
2015-09-20,0.0,36.96,19.52,25.78
2015-09-21,0.0,37.21,19.39,25.75
2015-09-22,0.0,37.72,20.54,25.0
2015-09-23,0.0,38.28,20.9,25.25
2015-09-24,0.0,38.88,21.87,22.45
2015-09-25,0.74,39.86,24.35,21.92
2015-09-26,1.04,36.06,25.87,15.22
2015-09-27,3.66,37.61,23.83,20.22
2015-09-28,2.26,31.23,22.89,9.15
2015-09-29,0.05,28.27,22.5,11.01
2015-09-30,0.01,34.9,20.81,17.3
2015-10-01,0.0,35.71,21.6,20.68
2015-10-02,0.78,36.76,24.98,24.04
2015-10-03,8.38,32.57,23.97,9.78
2015-10-04,0.07,31.52,22.89,11.53
2015-10-05,0.0,35.58,22.23,24.8
2015-10-06,0.0,38.08,21.56,26.66
2015-10-07,0.0,40.13,22.38,26.08
2015-10-08,0.5,39.09,26.48,24.04
2015-10-09,11.57,33.97,26.41,21.63
2015-10-10,12.66,26.9,23.96,9.74
2015-10-11,1.67,30.17,22.78,19.24
2015-10-12,0.67,29.51,19.57,19.07
2015-10-13,0.05,33.52,18.61,25.55
2015-10-14,0.07,37.49,22.43,26.7
2015-10-15,0.0,38.81,22.57,26.72
2015-10-16,0.0,39.01,24.92,25.21
2015-10-17,0.0,40.85,23.52,26.02
2015-10-18,0.0,37.7,24.42,25.65
2015-10-19,0.0,41.12,23.92,26.26
2015-10-20,0.0,40.1,26.4,23.81
2015-10-21,0.06,39.98,25.73,22.13
2015-10-22,0.92,40.88,27.29,19.28
2015-10-23,10.3,35.61,24.95,12.03
2015-10-24,1.65,36.3,24.57,25.62
2015-10-25,0.58,36.82,24.33,24.59
2015-10-26,2.54,35.64,24.83,21.06
2015-10-27,8.65,32.95,25.23,22.83
2015-10-28,2.02,32.27,23.45,16.15
2015-10-29,0.0,34.54,23.91,26.79
2015-10-30,2.41,34.12,23.7,24.72
2015-10-31,15.88,27.12,22.84,8.35
2015-11-01,4.36,31.74,22.32,16.19
2015-11-02,6.32,32.26,22.29,22.62
2015-11-03,7.95,28.2,23.56,15.11
2015-11-04,10.0,29.35,23.24,19.51
2015-11-05,10.45,30.63,23.32,23.44
2015-11-06,0.8,32.12,21.97,23.63
2015-11-07,0.19,32.39,22.13,11.94
2015-11-08,0.74,33.7,21.95,23.33
2015-11-09,5.55,31.37,23.56,24.02
2015-11-10,2.35,36.46,23.09,27.48
2015-11-11,0.14,34.31,25.4,22.69
2015-11-12,0.0,35.77,24.53,27.33
2015-11-13,1.85,34.52,24.66,26.12
2015-11-14,18.19,32.05,24.74,26.91
2015-11-15,11.45,31.55,23.83,16.67
2015-11-16,11.66,31.05,23.59,25.38
2015-11-17,9.6,31.39,23.29,21.67
2015-11-18,4.71,33.49,23.33,24.95
2015-11-19,5.34,33.93,23.85,25.34
2015-11-20,2.34,31.27,23.53,11.86
2015-11-21,1.64,32.5,20.8,17.75
2015-11-22,1.14,32.62,23.7,23.0
2015-11-23,10.15,32.82,23.99,24.87
2015-11-24,18.01,31.98,24.18,7.28
2015-11-25,30.51,30.64,24.07,3.42
2015-11-26,2.99,29.59,23.8,19.04
2015-11-27,2.58,30.49,23.03,27.85
2015-11-28,30.22,29.55,23.45,18.24
2015-11-29,10.29,31.05,22.05,19.12
2015-11-30,3.36,30.28,22.79,21.28
2015-12-01,0.5,30.91,22.43,22.86
2015-12-02,3.08,31.15,23.44,17.28
2015-12-03,6.35,29.23,22.85,20.3
2015-12-04,5.09,33.16,22.37,28.22
2015-12-05,5.98,31.49,23.56,24.6
2015-12-06,4.33,28.59,23.05,14.32
2015-12-07,5.4,30.27,21.81,20.57
2015-12-08,5.5,30.78,22.9,21.05
2015-12-09,2.85,30.76,23.77,20.31
2015-12-10,4.66,31.26,23.19,12.68
2015-12-11,1.39,29.49,22.89,21.29
2015-12-12,10.8,28.47,22.99,19.06
2015-12-13,1.26,31.41,22.69,19.71
2015-12-14,0.91,31.9,22.17,27.47
2015-12-15,9.39,31.43,23.41,14.77
2015-12-16,6.41,27.57,22.79,20.86
2015-12-17,0.83,32.45,21.51,24.51
2015-12-18,0.34,33.15,23.07,26.07
2015-12-19,10.67,31.59,23.57,22.66
2015-12-20,3.46,28.05,23.25,18.82
2015-12-21,0.94,32.06,21.71,26.79
2015-12-22,0.16,32.37,22.98,27.91
2015-12-23,1.78,30.13,24.45,18.96
2015-12-24,2.59,32.05,23.9,25.04
2015-12-25,5.28,30.92,23.87,26.86
2015-12-26,2.78,31.84,23.27,16.36
2015-12-27,12.26,31.8,22.83,20.78
2015-12-28,5.5,28.56,23.63,18.67
2015-12-29,43.75,24.98,23.05,13.57
2015-12-30,19.01,28.46,21.98,12.91
2015-12-31,10.17,29.44,22.1,19.73
2016-01-01,5.97,28.84,22.99,17.21
2016-01-02,2.04,29.37,22.99,22.01
2016-01-03,0.29,30.22,22.92,18.45
2016-01-04,1.04,27.55,23.74,17.88
2016-01-05,8.11,27.79,23.41,21.29
2016-01-06,10.11,28.76,23.19,16.34
2016-01-07,7.1,30.31,23.42,19.61
2016-01-08,4.2,30.15,23.58,13.64
2016-01-09,17.64,29.44,23.61,16.66
2016-01-10,3.6,29.71,22.83,19.34
2016-01-11,14.46,29.15,23.14,13.91
2016-01-12,5.82,28.4,23.03,12.93
2016-01-13,27.42,29.04,23.3,7.8
2016-01-14,39.14,29.23,23.83,15.69
2016-01-15,27.26,28.21,23.01,7.86
2016-01-16,19.38,28.59,22.94,18.76
2016-01-17,0.71,28.66,21.13,23.99
2016-01-18,0.02,29.54,19.93,26.96
2016-01-19,0.0,30.21,21.0,28.26
2016-01-20,0.0,29.89,21.38,17.62
2016-01-21,0.18,30.81,21.19,26.73
2016-01-22,0.23,30.65,19.67,28.45
2016-01-23,2.68,30.68,21.58,25.79
2016-01-24,2.01,31.74,23.35,26.83
2016-01-25,3.4,31.96,22.86,29.07
2016-01-26,3.89,32.89,23.28,24.95
2016-01-27,4.23,29.36,24.96,13.95
2016-01-28,4.68,29.87,23.68,21.21
2016-01-29,9.92,28.7,23.2,12.9
2016-01-30,6.33,27.7,22.91,17.63
2016-01-31,0.94,29.93,22.32,28.9
2016-02-01,0.31,31.72,23.49,26.84
2016-02-02,1.37,32.98,22.9,28.67
2016-02-03,2.49,31.74,23.74,27.02
2016-02-04,1.54,30.88,23.78,23.69
2016-02-05,8.43,30.79,23.49,24.01
2016-02-06,1.83,30.54,23.9,22.35
2016-02-07,0.5,31.03,24.03,20.5
2016-02-08,1.33,29.91,23.11,19.63
2016-02-09,0.21,31.1,23.42,26.68
2016-02-10,0.02,33.22,22.5,26.78
2016-02-11,3.42,31.67,24.26,25.16
2016-02-12,15.55,31.34,25.24,22.75
2016-02-13,18.08,31.69,24.56,25.9
2016-02-14,1.92,30.6,22.86,25.85
2016-02-15,2.19,30.74,22.87,21.63
2016-02-16,0.61,30.94,23.21,17.25
2016-02-17,0.4,31.69,22.97,26.2
2016-02-18,4.7,29.75,23.78,14.54
2016-02-19,6.96,30.11,23.35,23.14
2016-02-20,2.62,29.3,23.12,19.45
2016-02-21,5.98,29.47,23.06,10.92
2016-02-22,11.16,27.46,22.8,15.94
2016-02-23,21.06,27.58,22.34,14.81
2016-02-24,2.89,28.38,21.52,12.73
2016-02-25,1.3,30.17,21.78,20.42
2016-02-26,4.29,31.31,22.24,20.02
2016-02-27,1.49,30.73,23.29,19.57
2016-02-28,5.45,30.3,23.93,18.59
2016-02-29,3.76,30.07,22.98,12.72
2016-03-01,1.88,28.83,22.19,19.65
2016-03-02,4.2,28.67,21.49,17.73
2016-03-03,1.79,30.78,21.78,18.62
2016-03-04,3.26,31.32,22.85,21.79
2016-03-05,1.52,30.3,22.28,20.28
2016-03-06,0.47,29.59,23.13,20.77
2016-03-07,0.41,32.16,22.29,22.84
2016-03-08,0.0,31.86,22.1,24.18
2016-03-09,4.33,28.47,24.01,19.61
2016-03-10,6.43,29.57,22.87,15.41
2016-03-11,2.29,29.85,21.42,19.57
2016-03-12,0.03,28.78,19.85,24.33
2016-03-13,0.11,30.63,19.46,20.51
2016-03-14,0.61,32.05,21.33,23.04
2016-03-15,4.16,29.4,23.51,14.24
2016-03-16,3.82,29.36,22.38,21.68
2016-03-17,0.33,31.37,20.87,24.46
2016-03-18,0.15,32.81,21.65,24.56
2016-03-19,0.0,32.92,22.44,24.96
2016-03-20,0.0,32.94,21.59,25.09
2016-03-21,0.01,33.99,20.83,24.12
2016-03-22,2.08,34.27,24.05,22.58
2016-03-23,12.27,32.2,23.86,22.14
2016-03-24,18.04,26.68,23.45,18.04
2016-03-25,3.18,28.25,23.09,13.35
2016-03-26,3.9,30.09,22.04,17.4
2016-03-27,0.84,29.43,21.7,16.95
2016-03-28,0.26,30.19,20.93,21.93
2016-03-29,0.04,30.26,21.33,21.6
2016-03-30,0.02,29.94,23.64,16.32
2016-03-31,0.0,30.02,22.47,21.64
2016-04-01,0.31,32.0,21.74,23.1
2016-04-02,0.8,32.08,22.35,22.54
2016-04-03,0.03,33.19,22.44,21.61
2016-04-04,0.0,33.96,22.15,22.38
2016-04-05,0.0,34.44,22.61,22.72
2016-04-06,0.0,33.93,22.23,22.58
2016-04-07,0.0,33.82,21.23,22.71
2016-04-08,0.0,33.87,21.74,23.04
2016-04-09,0.0,34.97,21.39,22.79
2016-04-10,0.0,34.84,20.76,22.16
2016-04-11,0.0,34.86,21.17,21.72
2016-04-12,0.0,34.84,20.75,20.96
2016-04-13,0.0,34.79,21.3,22.05
2016-04-14,0.02,34.96,22.6,19.88
2016-04-15,0.0,35.29,24.77,19.72
2016-04-16,0.0,35.2,21.92,22.17
2016-04-17,0.0,35.28,20.6,21.48
2016-04-18,0.0,34.96,21.03,20.32
2016-04-19,0.0,35.18,21.64,21.76
2016-04-20,0.0,34.99,21.63,20.26
2016-04-21,0.0,35.6,21.86,20.2
2016-04-22,0.0,35.49,22.1,20.4
2016-04-23,0.0,35.63,21.67,19.33
2016-04-24,0.0,35.38,21.9,19.68
2016-04-25,0.31,35.53,21.83,19.09
2016-04-26,45.53,29.45,19.33,2.98
2016-04-27,9.04,20.61,13.35,15.47
2016-04-28,2.72,20.08,11.34,17.46
2016-04-29,0.63,21.99,11.78,7.34
2016-04-30,0.96,22.96,11.2,20.68
2016-05-01,0.15,24.28,9.84,20.79
2016-05-02,0.03,25.59,10.95,20.66
2016-05-03,0.0,27.14,12.33,20.22
2016-05-04,0.01,27.89,15.28,19.9
2016-05-05,0.0,28.65,14.77,19.86
2016-05-06,0.0,29.77,15.96,19.41
2016-05-07,0.0,30.1,15.96,15.84
2016-05-08,0.0,30.79,17.71,14.67
2016-05-09,0.73,31.71,19.63,17.29
2016-05-10,11.2,30.45,19.62,3.64
2016-05-11,0.43,29.48,20.1,16.17
2016-05-12,7.86,28.59,20.14,10.64
2016-05-13,0.25,28.43,20.19,14.04
2016-05-14,0.05,29.32,17.75,18.12
2016-05-15,1.0,31.55,18.8,16.78
2016-05-16,11.8,31.08,20.58,15.06
2016-05-17,2.66,25.69,16.71,12.38
2016-05-18,0.0,22.15,17.88,9.9
2016-05-19,0.41,27.39,18.0,13.34
2016-05-20,8.35,30.3,19.07,16.1
2016-05-21,10.79,28.17,21.23,6.97
2016-05-22,12.46,28.65,19.68,15.97
2016-05-23,0.38,21.22,14.24,12.6
2016-05-24,0.07,22.93,11.99,17.1
2016-05-25,0.08,26.09,12.95,15.92
2016-05-26,0.08,27.93,14.52,16.9
2016-05-27,0.04,28.03,16.69,14.98
2016-05-28,9.17,27.65,17.11,16.27
2016-05-29,16.44,25.27,17.44,3.97
2016-05-30,3.45,25.94,16.86,11.77
2016-05-31,10.43,28.11,17.79,9.54
2016-06-01,9.48,27.41,18.14,13.52
2016-06-02,17.97,26.62,15.38,6.99
2016-06-03,8.2,19.73,14.29,5.63
2016-06-04,1.11,24.36,16.77,11.67
2016-06-05,2.79,29.68,18.79,12.48
2016-06-06,1.94,27.81,20.24,12.59
2016-06-07,1.26,20.04,15.78,5.76
2016-06-08,0.84,19.17,12.54,11.52
2016-06-09,0.01,20.44,8.99,15.89
2016-06-10,1.44,21.89,12.86,13.59
2016-06-11,0.0,19.66,8.47,16.73
2016-06-12,0.18,18.7,6.05,17.35
2016-06-13,0.0,20.4,5.4,16.8
2016-06-14,0.0,23.28,7.65,16.92
2016-06-15,0.0,27.3,11.95,16.04
2016-06-16,0.01,27.39,13.23,16.92
2016-06-17,0.0,27.11,13.8,16.93
2016-06-18,0.0,26.72,12.68,16.95
2016-06-19,0.0,26.86,11.89,16.87
2016-06-20,0.0,26.42,12.36,16.21
2016-06-21,0.02,25.77,13.15,15.69
2016-06-22,0.29,27.25,13.8,14.64
2016-06-23,0.13,26.98,14.63,15.8
2016-06-24,0.0,28.05,15.2,15.89
2016-06-25,0.0,28.79,15.45,14.87
2016-06-26,0.0,27.84,15.79,16.34
2016-06-27,0.01,27.17,13.65,16.15
2016-06-28,0.0,27.18,13.71,16.06
2016-06-29,0.0,27.61,13.38,15.0
2016-06-30,0.0,27.63,15.78,12.47
2016-07-01,0.02,29.09,14.63,13.72
2016-07-02,0.0,29.25,15.49,16.4
2016-07-03,0.0,29.19,14.98,16.19
2016-07-04,0.0,29.27,15.95,16.68
2016-07-05,0.01,29.44,15.69,15.58
2016-07-06,0.0,30.87,16.51,15.62
2016-07-07,0.0,24.28,14.68,16.99
2016-07-08,0.0,26.62,11.36,17.78
2016-07-09,0.0,29.34,10.99,17.71
2016-07-10,0.0,31.52,15.3,17.18
2016-07-11,0.0,32.15,16.49,17.15
2016-07-12,0.0,32.84,17.02,17.48
2016-07-13,0.0,32.1,17.32,17.45
2016-07-14,0.0,32.2,16.55,17.47
2016-07-15,0.0,33.02,18.31,17.49
2016-07-16,1.91,30.75,14.94,8.7
2016-07-17,0.0,21.0,9.82,18.84
2016-07-18,0.04,22.41,6.18,18.72
2016-07-19,0.0,25.21,10.88,17.52
2016-07-20,0.0,27.02,11.1,18.17
2016-07-21,0.0,27.75,12.43,18.08
2016-07-22,0.0,27.04,13.11,18.24
2016-07-23,0.0,29.3,11.92,17.92
2016-07-24,0.0,32.42,14.07,17.9
2016-07-25,0.0,31.86,16.37,18.61
2016-07-26,0.0,32.07,15.88,15.73
2016-07-27,0.0,30.27,18.23,17.65
2016-07-28,0.0,30.8,15.25,17.39
2016-07-29,0.0,30.77,18.06,17.24
2016-07-30,0.0,31.71,16.11,17.94
2016-07-31,0.0,30.98,16.03,18.64
2016-08-01,0.0,31.45,15.94,17.64
2016-08-02,0.0,31.22,16.23,19.09
2016-08-03,0.0,31.05,16.23,18.67
2016-08-04,0.0,32.05,15.15,16.97
2016-08-05,0.0,33.23,17.54,18.47
2016-08-06,0.0,33.66,18.31,19.51
2016-08-07,0.0,34.35,18.34,18.38
2016-08-08,0.0,34.95,20.23,19.17
2016-08-09,0.05,31.55,18.5,17.3
2016-08-10,0.09,25.63,17.66,5.4
2016-08-11,0.0,27.19,12.05,21.17
2016-08-12,0.01,27.5,11.21,19.38
2016-08-13,0.0,32.42,11.18,20.23
2016-08-14,0.0,35.71,16.3,20.45
2016-08-15,0.01,35.11,19.9,14.99
2016-08-16,1.06,31.27,21.5,9.29
2016-08-17,0.02,35.53,19.57,18.79
2016-08-18,0.48,36.04,20.61,19.25
2016-08-19,0.2,36.97,22.56,18.05
2016-08-20,14.43,33.28,22.29,7.63
2016-08-21,3.1,24.04,14.59,10.56
2016-08-22,1.45,22.8,11.58,21.75
2016-08-23,0.0,26.04,10.13,22.06
2016-08-24,0.58,32.37,12.7,21.78
2016-08-25,0.04,33.55,17.78,20.91
2016-08-26,0.0,33.38,17.54,21.91
2016-08-27,0.0,33.8,15.83,21.66
2016-08-28,0.0,35.53,16.8,22.53
2016-08-29,4.91,32.42,21.35,12.08
2016-08-30,11.97,28.85,15.7,5.54
2016-08-31,7.44,22.73,15.04,6.92
2016-09-01,0.74,29.31,15.16,19.93
2016-09-02,0.44,32.58,17.01,20.37
2016-09-03,6.87,28.06,20.86,8.56
2016-09-04,0.76,27.89,20.24,8.64
2016-09-05,0.4,29.78,18.97,14.71
2016-09-06,8.71,25.14,18.03,9.6
2016-09-07,0.1,23.28,14.97,20.76
2016-09-08,0.35,27.37,13.44,21.35
2016-09-09,0.18,28.43,16.27,21.45
2016-09-10,0.03,32.92,16.98,22.61
2016-09-11,0.0,34.77,17.98,23.15
2016-09-12,0.0,35.91,20.51,23.2
2016-09-13,0.0,35.86,19.61,17.01
2016-09-14,0.0,28.5,20.05,12.87
2016-09-15,0.0,29.13,15.58,21.44
2016-09-16,0.0,33.03,17.74,16.27
2016-09-17,0.0,36.49,17.86,20.45
2016-09-18,1.32,35.77,21.85,20.58
2016-09-19,8.36,31.62,23.46,12.68
2016-09-20,0.02,28.85,21.22,17.23
2016-09-21,0.0,29.29,16.74,26.76
2016-09-22,0.0,31.73,14.16,26.49
2016-09-23,0.0,33.02,15.53,26.0
2016-09-24,0.0,32.49,15.1,25.34
2016-09-25,0.0,32.24,17.76,22.87
2016-09-26,0.0,31.71,18.52,24.79
2016-09-27,0.0,32.04,18.09,27.26
2016-09-28,0.0,34.2,15.47,27.77
2016-09-29,0.0,35.44,16.79,27.95
2016-09-30,0.0,36.1,17.34,26.4
2016-10-01,0.0,34.53,18.56,25.09
2016-10-02,0.0,34.98,18.9,25.99
2016-10-03,10.67,37.19,20.63,19.61
2016-10-04,6.96,30.21,19.8,8.61
2016-10-05,4.84,28.97,21.35,15.37
2016-10-06,0.51,28.98,18.34,19.38
2016-10-07,0.0,29.21,14.47,28.41
2016-10-08,0.0,32.44,16.53,28.44
2016-10-09,0.0,34.57,18.25,28.21
2016-10-10,0.0,36.21,20.19,27.7
2016-10-11,0.63,36.96,20.93,23.69
2016-10-12,2.66,32.23,22.89,23.92
2016-10-13,4.51,31.65,22.64,8.77
2016-10-14,6.05,33.2,21.77,8.41
2016-10-15,0.08,35.44,23.01,22.49
2016-10-16,0.01,37.86,24.36,24.65
2016-10-17,0.05,38.63,26.21,26.09
2016-10-18,0.41,37.06,25.93,19.74
2016-10-19,0.01,37.08,25.81,24.93
2016-10-20,2.62,37.38,26.09,10.08
2016-10-21,2.14,27.56,24.05,19.89
2016-10-22,0.02,35.61,23.09,23.93
2016-10-23,0.31,37.01,24.22,22.06
2016-10-24,7.99,37.08,25.0,24.72
2016-10-25,4.99,32.36,23.26,14.12
2016-10-26,1.44,30.51,24.03,18.74
2016-10-27,11.05,29.49,21.13,16.07
2016-10-28,0.0,28.44,17.21,29.53
2016-10-29,0.01,30.44,14.26,30.61
2016-10-30,0.02,35.0,16.81,28.89
2016-10-31,5.37,33.03,23.61,26.98
2016-11-01,5.5,33.72,22.61,17.76
2016-11-02,3.5,33.41,22.52,22.24
2016-11-03,2.32,30.19,22.6,9.87
2016-11-04,0.05,30.42,19.97,18.57
2016-11-05,0.03,33.87,22.55,26.18
2016-11-06,0.62,33.18,23.56,23.67
2016-11-07,0.08,35.5,22.44,28.76
2016-11-08,0.15,36.4,23.03,27.47
2016-11-09,0.35,35.12,24.96,22.03
2016-11-10,2.83,36.0,24.23,27.14
2016-11-11,6.04,32.48,23.77,22.85
2016-11-12,10.74,30.33,23.03,9.54
2016-11-13,26.48,24.67,20.5,7.59
2016-11-14,0.57,30.21,21.25,11.32
2016-11-15,0.05,31.78,19.94,24.0
2016-11-16,0.04,34.68,21.67,27.81
2016-11-17,21.41,31.86,22.86,20.64
2016-11-18,0.68,31.11,20.23,28.89
2016-11-19,0.0,29.74,17.41,30.15
2016-11-20,0.0,31.81,15.72,31.4
2016-11-21,0.0,33.03,20.09,23.63
2016-11-22,2.21,30.83,22.56,23.23
2016-11-23,0.2,33.53,21.37,21.63
2016-11-24,0.0,33.75,22.78,25.36
2016-11-25,0.59,33.99,23.73,25.9
2016-11-26,1.19,32.26,24.45,15.89
2016-11-27,4.1,33.12,23.54,21.05
2016-11-28,3.37,33.54,23.3,22.7
2016-11-29,4.69,29.52,23.21,24.15
2016-11-30,0.29,31.05,22.66,27.28
2016-12-01,4.68,31.13,21.08,17.14
2016-12-02,3.18,30.62,22.47,17.56
2016-12-03,10.64,30.96,22.83,19.63
2016-12-04,5.83,31.86,22.32,21.17
2016-12-05,1.85,34.15,22.97,27.33
2016-12-06,1.31,34.43,23.22,24.18
2016-12-07,0.58,33.09,24.24,26.48
2016-12-08,7.21,31.08,24.24,26.29
2016-12-09,1.2,32.42,22.48,24.56
2016-12-10,20.47,30.77,22.95,17.91
2016-12-11,3.3,32.37,22.43,22.52
2016-12-12,3.69,31.82,23.33,21.06
2016-12-13,4.75,32.99,23.69,17.79
2016-12-14,5.13,31.37,23.94,13.87
2016-12-15,9.2,32.14,22.46,23.52
2016-12-16,2.73,30.3,20.84,19.87
2016-12-17,0.19,31.56,21.83,27.16
2016-12-18,4.3,29.23,21.5,27.48
2016-12-19,10.55,28.58,21.83,18.16
2016-12-20,19.43,27.71,21.4,21.51
2016-12-21,29.79,27.59,21.25,17.67
2016-12-22,4.48,27.49,20.73,24.76
2016-12-23,0.07,30.05,21.68,27.79
2016-12-24,0.11,29.47,21.93,22.78
2016-12-25,0.06,32.87,21.62,29.05
2016-12-26,0.13,32.81,23.75,27.33
2016-12-27,1.0,32.84,22.93,26.06
2016-12-28,5.84,32.57,23.85,17.65
2016-12-29,3.76,29.37,24.16,20.15
2016-12-30,4.57,30.82,22.52,21.11
2016-12-31,1.45,30.82,22.94,24.73
2017-01-01,16.52,32.74,22.51,26.5
2017-01-02,4.27,31.51,24.28,22.39
2017-01-03,0.63,31.76,23.57,27.61
2017-01-04,1.77,30.31,23.96,17.12
2017-01-05,0.92,29.88,22.88,23.06
2017-01-06,12.11,31.76,24.32,23.71
2017-01-07,1.56,31.63,23.6,29.61
2017-01-08,0.97,33.26,23.96,28.53
2017-01-09,3.96,30.33,25.28,21.94
2017-01-10,8.52,31.18,23.77,15.18
2017-01-11,24.81,27.99,23.47,20.28
2017-01-12,18.49,27.57,22.31,16.16
2017-01-13,15.98,28.44,23.12,14.35
2017-01-14,8.32,29.74,22.16,20.64
2017-01-15,6.89,28.24,22.73,16.94
2017-01-16,23.23,27.57,22.66,7.25
2017-01-17,15.61,27.19,22.53,15.5
2017-01-18,52.29,29.29,22.02,22.49
2017-01-19,8.85,28.33,21.03,14.9
2017-01-20,26.36,25.9,21.91,18.47
2017-01-21,1.77,26.7,20.65,12.64
2017-01-22,5.44,27.4,19.58,16.23
2017-01-23,18.8,29.2,21.78,21.06
2017-01-24,15.09,27.57,22.24,23.61
2017-01-25,29.79,28.55,22.33,21.61
2017-01-26,29.37,27.21,22.66,16.04
2017-01-27,1.67,27.75,21.69,11.56
2017-01-28,9.08,25.95,22.43,21.82
2017-01-29,5.19,26.77,21.77,24.12
2017-01-30,3.62,27.16,20.38,22.73
2017-01-31,2.77,27.24,20.07,11.13
2017-02-01,7.4,29.26,20.43,25.12
2017-02-02,3.94,28.64,21.95,23.06
2017-02-03,3.52,28.8,21.93,23.96
2017-02-04,0.03,31.13,21.56,27.51
2017-02-05,3.18,32.05,21.97,27.73
2017-02-06,7.51,29.27,23.15,24.59
2017-02-07,5.72,29.66,23.67,26.65
2017-02-08,2.04,29.86,22.68,26.53
2017-02-09,0.2,29.53,23.95,26.93
2017-02-10,0.88,30.09,22.71,27.44
2017-02-11,5.84,28.67,23.57,22.74
2017-02-12,28.61,27.28,22.96,18.99
2017-02-13,10.05,27.81,22.91,17.79
2017-02-14,2.1,29.73,22.57,22.97
2017-02-15,0.0,30.16,20.72,27.94
2017-02-16,0.05,29.96,21.24,27.1
2017-02-17,0.12,29.84,21.39,23.5
2017-02-18,0.23,29.31,21.42,26.53
2017-02-19,2.97,30.83,22.24,23.65
2017-02-20,2.71,32.33,22.81,27.85
2017-02-21,0.6,31.34,22.41,27.17
2017-02-22,1.0,31.13,22.53,25.39
2017-02-23,3.81,29.8,22.38,25.4
2017-02-24,7.1,29.4,23.19,19.09
2017-02-25,7.41,28.58,21.39,16.52
2017-02-26,4.27,27.41,21.58,19.63
2017-02-27,3.84,27.95,21.46,22.69
2017-02-28,0.35,29.17,22.28,25.77
2017-03-01,3.61,29.58,21.6,18.98
2017-03-02,2.8,27.66,22.37,22.5
2017-03-03,14.59,28.45,22.1,18.3
2017-03-04,7.09,29.38,22.01,21.58
2017-03-05,23.53,27.74,22.75,21.11
2017-03-06,11.52,28.68,22.16,16.48
2017-03-07,0.81,30.49,22.91,21.91
2017-03-08,0.02,31.47,22.43,25.12
2017-03-09,0.31,31.12,23.08,24.94
2017-03-10,4.99,31.23,24.12,24.08
2017-03-11,0.57,30.06,22.9,24.71
2017-03-12,0.07,29.73,23.78,23.27
2017-03-13,0.42,29.0,23.86,22.41
2017-03-14,0.45,29.78,22.91,23.96
2017-03-15,0.39,30.49,22.36,24.69
2017-03-16,0.11,29.95,22.68,22.37
2017-03-17,13.35,30.83,22.93,21.9
2017-03-18,7.09,27.53,22.83,11.02
2017-03-19,1.01,28.66,21.1,16.22
2017-03-20,0.02,29.06,20.59,23.08
2017-03-21,0.01,29.71,19.9,23.68
2017-03-22,0.0,30.15,20.23,23.22
2017-03-23,7.43,30.16,21.38,21.12
2017-03-24,0.29,30.14,22.3,23.1
2017-03-25,6.23,31.21,24.32,22.07
2017-03-26,16.64,30.64,23.81,20.94
2017-03-27,14.48,28.95,23.06,17.75
2017-03-28,10.23,28.74,22.69,21.75
2017-03-29,0.0,28.59,19.56,23.58
2017-03-30,0.0,29.28,17.81,23.64
2017-03-31,0.0,29.08,18.94,23.98
2017-04-01,0.0,27.87,17.65,24.26
2017-04-02,0.0,26.75,16.74,23.22
2017-04-03,0.0,29.43,19.85,20.65
2017-04-04,0.0,30.16,20.42,19.43
2017-04-05,1.3,28.89,21.41,14.11
2017-04-06,12.52,30.18,22.64,14.96
2017-04-07,4.87,30.64,22.7,15.48
2017-04-08,1.38,27.91,22.9,13.24
2017-04-09,0.69,29.61,22.23,18.88
2017-04-10,0.22,30.47,22.13,19.17
2017-04-11,2.68,29.45,23.89,18.54
2017-04-12,4.88,29.47,23.12,15.36
2017-04-13,1.25,29.17,19.91,21.89
2017-04-14,0.01,30.99,20.51,21.81
2017-04-15,0.0,31.42,20.95,21.47
2017-04-16,0.16,31.19,20.82,17.54
2017-04-17,0.74,29.8,22.37,14.86
2017-04-18,0.09,28.71,21.38,19.37
2017-04-19,1.66,29.64,19.88,19.03
2017-04-20,7.66,29.73,21.34,10.92
2017-04-21,24.37,24.76,18.61,9.18
2017-04-22,0.07,25.58,16.13,19.91
2017-04-23,0.01,26.42,16.0,20.81
2017-04-24,0.02,27.25,16.32,21.03
2017-04-25,0.01,29.95,15.72,20.22
2017-04-26,11.0,28.89,21.55,11.12
2017-04-27,3.7,23.53,16.31,9.92
2017-04-28,0.0,24.23,15.89,12.04
2017-04-29,0.02,26.65,16.15,19.2
2017-04-30,0.01,27.93,17.19,18.48
2017-05-01,0.91,28.51,19.16,17.25
2017-05-02,0.08,29.05,18.34,18.72
2017-05-03,0.0,29.18,18.27,18.09
2017-05-04,3.58,28.26,18.79,16.85
2017-05-05,11.56,28.64,18.81,15.37
2017-05-06,4.27,27.92,18.62,18.67
2017-05-07,0.02,27.45,17.58,18.95
2017-05-08,0.0,28.59,16.48,19.29
2017-05-09,0.0,29.09,17.32,19.15
2017-05-10,0.0,28.09,18.4,17.37
2017-05-11,0.0,28.14,17.92,18.43
2017-05-12,0.0,29.03,16.96,18.35
2017-05-13,0.0,29.75,17.96,17.2
2017-05-14,1.17,28.63,19.87,8.82
2017-05-15,10.15,29.3,21.15,12.89
2017-05-16,0.93,28.01,19.56,12.76
2017-05-17,1.21,26.86,18.57,14.51
2017-05-18,11.21,27.54,19.35,13.38
2017-05-19,15.72,27.36,21.21,9.01
2017-05-20,8.33,25.54,21.27,7.42
2017-05-21,19.1,26.71,20.57,11.86
2017-05-22,3.45,27.87,20.34,8.54
2017-05-23,0.53,27.6,20.42,16.0
2017-05-24,0.06,28.32,19.41,16.55
2017-05-25,0.02,29.09,20.66,16.67
2017-05-26,0.0,28.69,19.88,17.24
2017-05-27,0.0,28.91,19.27,15.18
2017-05-28,0.0,28.07,19.23,14.49
2017-05-29,0.01,27.85,18.19,16.51
2017-05-30,0.01,27.51,17.19,16.38
2017-05-31,0.22,26.84,17.49,16.28
2017-06-01,0.14,22.55,15.39,6.58
2017-06-02,0.01,23.07,12.49,15.76
2017-06-03,0.0,27.12,13.5,17.03
2017-06-04,0.0,29.79,16.02,16.64
2017-06-05,0.08,30.0,18.69,15.42
2017-06-06,0.01,30.14,18.96,15.52
2017-06-07,0.0,29.83,18.15,16.72
2017-06-08,0.0,30.37,18.11,16.43
2017-06-09,0.48,21.47,13.22,4.84
2017-06-10,0.0,19.43,7.97,18.24
2017-06-11,0.02,23.4,8.41,17.71
2017-06-12,2.87,21.21,13.1,6.76
2017-06-13,0.24,26.93,15.67,10.91
2017-06-14,0.02,27.22,16.35,16.16
2017-06-15,0.0,26.76,15.82,16.74
2017-06-16,0.0,27.67,14.12,16.21
2017-06-17,0.0,28.2,15.11,16.74
2017-06-18,0.0,28.42,14.96,13.65
2017-06-19,0.0,28.78,16.88,16.48
2017-06-20,0.0,25.72,15.16,11.23
2017-06-21,0.01,27.08,14.97,16.54
2017-06-22,0.0,27.17,14.84,16.54
2017-06-23,0.0,27.72,16.65,16.38
2017-06-24,0.0,27.32,15.65,16.8
2017-06-25,0.0,27.01,13.81,16.91
2017-06-26,0.0,27.07,12.98,16.92
2017-06-27,0.0,27.31,14.56,16.71
2017-06-28,0.0,27.48,13.64,15.74
2017-06-29,0.0,27.96,16.84,13.1
2017-06-30,0.0,27.18,17.73,9.66
2017-07-01,0.0,27.24,15.5,16.45
2017-07-02,0.0,25.81,15.54,16.54
2017-07-03,0.0,25.36,13.32,16.72
2017-07-04,0.0,24.75,11.8,16.34
2017-07-05,0.0,25.11,12.04,17.11
2017-07-06,0.0,25.51,11.27,13.14
2017-07-07,0.0,27.12,12.89,14.33
2017-07-08,0.0,26.58,16.29,10.68
2017-07-09,0.0,27.67,13.93,16.53
2017-07-10,0.0,28.27,14.05,17.05
2017-07-11,0.0,28.54,14.14,16.71
2017-07-12,0.0,28.72,14.06,17.07
2017-07-13,0.0,28.87,13.95,17.46
2017-07-14,0.0,28.78,13.58,17.69
2017-07-15,0.0,28.61,14.49,17.65
2017-07-16,0.0,28.9,14.3,16.28
2017-07-17,0.0,29.16,13.93,17.91
2017-07-18,0.0,17.96,9.89,14.09
2017-07-19,0.0,21.99,6.71,15.48
2017-07-20,0.0,26.93,10.79,16.65
2017-07-21,0.0,28.96,13.71,16.78
2017-07-22,0.0,28.67,13.86,18.36
2017-07-23,0.0,30.29,13.24,18.44
2017-07-24,0.0,29.31,14.64,18.78
2017-07-25,0.0,29.22,13.36,18.48
2017-07-26,0.0,29.48,14.81,18.76
2017-07-27,0.0,28.79,13.28,18.79
2017-07-28,0.0,28.91,12.75,18.65
2017-07-29,0.0,28.46,15.86,18.79
2017-07-30,0.0,28.4,14.49,15.49
2017-07-31,0.0,27.73,14.02,19.03
2017-08-01,0.0,28.66,13.62,13.47
2017-08-02,0.0,30.36,14.08,17.23
2017-08-03,0.0,25.28,15.89,12.31
2017-08-04,0.0,25.65,11.86,18.95
2017-08-05,0.0,26.6,12.83,19.66
2017-08-06,0.0,27.47,12.09,18.15
2017-08-07,0.0,30.49,12.24,19.16
2017-08-08,0.0,32.61,16.04,15.95
2017-08-09,0.0,33.96,18.35,18.67
2017-08-10,0.0,34.38,17.69,19.73
2017-08-11,0.0,34.14,16.82,18.99
2017-08-12,0.0,34.93,18.61,19.31
2017-08-13,2.67,35.22,19.54,16.97
2017-08-14,0.04,27.84,17.38,11.73
2017-08-15,0.98,32.34,18.92,10.8
2017-08-16,3.75,30.07,18.33,8.69
2017-08-17,6.52,27.15,20.1,5.68
2017-08-18,4.81,27.43,19.41,8.54
2017-08-19,0.16,33.02,19.24,12.93
2017-08-20,17.61,29.29,19.61,4.96
2017-08-21,0.11,26.0,15.16,11.81
2017-08-22,0.01,30.2,14.6,19.66
2017-08-23,0.09,32.09,20.12,20.03
2017-08-24,0.0,31.68,18.19,20.96
2017-08-25,0.0,31.89,16.1,21.06
2017-08-26,0.0,32.96,17.21,22.07
2017-08-27,0.0,33.13,16.9,22.06
2017-08-28,0.0,33.59,17.13,23.14
2017-08-29,0.0,34.24,15.09,22.54
2017-08-30,0.0,34.4,16.73,21.31
2017-08-31,0.0,34.46,18.65,23.2
2017-09-01,0.0,35.37,17.34,22.25
2017-09-02,0.0,34.19,19.3,21.46
2017-09-03,0.0,33.77,18.75,22.98
2017-09-04,0.0,32.71,16.06,23.69
2017-09-05,0.0,33.77,16.69,23.79
2017-09-06,0.0,33.73,15.99,23.31
2017-09-07,0.0,34.64,17.74,23.41
2017-09-08,0.0,35.76,18.64,23.98
2017-09-09,0.0,36.39,19.14,23.09
2017-09-10,0.0,36.46,19.56,24.05
2017-09-11,0.0,37.58,18.47,23.74
2017-09-12,0.0,37.73,20.63,23.74
2017-09-13,0.0,36.48,20.25,23.23
2017-09-14,0.0,37.12,20.67,24.77
2017-09-15,0.0,37.14,20.67,25.12
2017-09-16,0.0,37.25,18.8,25.23
2017-09-17,0.0,36.39,20.13,25.23
2017-09-18,0.0,36.63,20.63,23.9
2017-09-19,0.0,37.13,20.07,23.78
2017-09-20,0.0,37.15,21.85,25.19
2017-09-21,0.0,36.72,21.61,25.14
2017-09-22,0.0,36.6,21.59,19.55
2017-09-23,0.0,36.13,21.11,24.57
2017-09-24,0.0,36.41,21.4,23.27
2017-09-25,0.0,34.75,22.22,20.57
2017-09-26,0.0,35.24,20.59,21.35
2017-09-27,0.24,37.1,20.59,24.55
2017-09-28,0.65,37.15,22.98,24.71
2017-09-29,6.11,27.32,20.71,10.32
2017-09-30,0.71,27.63,19.38,7.49
2017-10-01,25.37,31.68,19.11,21.52
2017-10-02,34.13,29.03,16.4,6.13
2017-10-03,0.45,25.13,15.17,18.16
2017-10-04,0.0,29.46,14.1,22.78
2017-10-05,0.4,34.32,16.81,25.9
2017-10-06,0.16,33.97,22.3,20.11
2017-10-07,0.48,30.27,22.79,14.19
2017-10-08,0.0,34.95,20.95,21.84
2017-10-09,0.0,35.8,22.21,24.14
2017-10-10,0.0,37.9,23.27,27.03
2017-10-11,0.0,38.24,23.43,26.24
2017-10-12,0.0,38.66,23.5,27.3
2017-10-13,0.0,39.14,22.76,27.83
2017-10-14,0.01,36.74,23.38,26.31
2017-10-15,0.0,36.2,22.91,27.09
2017-10-16,0.0,38.16,22.17,27.1
2017-10-17,0.0,39.81,23.78,26.31
2017-10-18,0.0,39.23,26.45,27.04
2017-10-19,5.79,38.2,24.12,26.7
2017-10-20,2.95,36.93,23.83,14.21
2017-10-21,1.5,37.18,25.04,18.29
2017-10-22,6.2,29.04,22.98,7.65
2017-10-23,0.01,30.99,22.02,16.57
2017-10-24,0.05,33.53,22.93,23.97
2017-10-25,0.01,36.88,22.33,23.01
2017-10-26,1.25,37.61,24.05,23.49
2017-10-27,12.79,37.69,24.44,24.28
2017-10-28,13.27,30.72,22.72,21.97
2017-10-29,8.33,30.49,22.21,19.54
2017-10-30,13.83,31.52,22.17,10.26
2017-10-31,1.37,29.81,22.41,20.98
2017-11-01,0.07,30.18,21.0,26.38
2017-11-02,3.46,32.76,21.36,27.25
2017-11-03,24.76,30.65,23.47,21.11
2017-11-04,53.75,31.07,23.09,23.23
2017-11-05,2.21,28.38,22.71,11.33
2017-11-06,5.94,28.65,22.44,18.23
2017-11-07,2.69,25.98,21.0,25.99
2017-11-08,12.71,30.3,21.47,20.88
2017-11-09,3.31,28.52,22.23,21.11
2017-11-10,3.5,29.88,22.04,22.53
2017-11-11,0.91,29.22,21.64,23.38
2017-11-12,0.0,29.28,17.06,31.34
2017-11-13,0.0,30.43,16.24,31.73
2017-11-14,0.0,32.0,16.92,28.31
2017-11-15,0.0,33.83,19.57,28.8
2017-11-16,0.8,32.11,22.3,28.21
2017-11-17,0.81,29.81,22.35,25.46
2017-11-18,16.56,31.14,22.26,19.85
2017-11-19,3.14,29.38,22.44,16.14
2017-11-20,1.21,31.04,22.89,19.59
2017-11-21,28.89,31.48,22.54,17.06
2017-11-22,7.21,30.66,22.69,11.62
2017-11-23,0.01,31.03,22.82,23.01
2017-11-24,0.02,32.54,22.26,28.59
2017-11-25,7.82,33.33,22.08,28.57
2017-11-26,12.51,31.04,23.63,14.08
2017-11-27,26.27,28.6,22.33,19.78
2017-11-28,3.8,29.59,22.19,22.76
2017-11-29,1.96,31.27,22.97,28.79
2017-11-30,37.92,29.26,21.44,19.12
2017-12-01,16.49,29.42,20.18,13.88
2017-12-02,11.3,29.52,21.7,17.15
2017-12-03,0.74,30.85,21.39,27.1
2017-12-04,4.14,29.89,23.84,26.38
2017-12-05,24.25,30.23,23.07,23.29
2017-12-06,30.36,28.12,23.56,16.68
2017-12-07,10.81,29.34,23.01,19.32
2017-12-08,11.37,28.82,22.98,21.59
2017-12-09,3.07,29.7,22.96,25.44
2017-12-10,0.22,29.43,23.44,23.66
2017-12-11,0.0,31.32,21.85,23.26
2017-12-12,0.0,31.18,21.33,29.29
2017-12-13,0.03,30.41,21.29,25.07
2017-12-14,0.01,30.33,21.87,27.11
2017-12-15,0.05,31.77,21.63,26.37
2017-12-16,0.92,30.79,22.87,26.82
2017-12-17,5.13,31.51,22.63,28.36
2017-12-18,1.57,30.18,22.23,27.7
2017-12-19,0.32,31.52,23.19,29.02
2017-12-20,8.63,29.69,24.11,18.13
2017-12-21,4.63,27.45,23.16,14.62
2017-12-22,2.03,28.33,21.83,15.26
2017-12-23,0.55,30.93,21.42,16.66
2017-12-24,12.07,30.3,22.48,22.93
2017-12-25,28.66,26.82,22.72,17.6
2017-12-26,13.61,29.7,23.01,20.67
2017-12-27,2.59,30.84,22.06,27.53
2017-12-28,2.82,30.95,22.88,26.74
2017-12-29,17.18,30.23,23.42,21.51
2017-12-30,11.61,28.81,23.29,16.5
2017-12-31,20.98,29.71,22.63,13.66
2018-01-01,6.57,30.22,22.8,22.88
2018-01-02,7.0,29.21,22.63,21.44
2018-01-03,2.62,29.39,22.02,18.29
2018-01-04,0.1,30.22,20.79,27.3
2018-01-05,9.12,30.77,20.94,24.15
2018-01-06,4.05,29.5,22.96,15.36
2018-01-07,26.76,28.04,22.97,9.18
2018-01-08,38.65,25.91,21.83,12.06
2018-01-09,14.05,25.83,21.09,14.74
2018-01-10,3.91,27.36,21.62,17.92
2018-01-11,15.8,25.58,22.01,18.21
2018-01-12,0.45,28.48,20.81,16.99
2018-01-13,0.31,29.31,20.89,27.61
2018-01-14,6.68,29.72,20.66,20.68
2018-01-15,18.24,27.52,22.04,21.53
2018-01-16,11.08,27.24,22.18,21.66
2018-01-17,0.17,29.36,21.77,24.99
2018-01-18,0.02,30.43,24.24,23.33
2018-01-19,0.0,32.29,23.32,26.15
2018-01-20,0.0,30.78,22.98,29.13
2018-01-21,0.0,30.75,21.72,25.51
2018-01-22,0.28,32.2,22.54,28.29
2018-01-23,0.14,31.54,23.65,27.19
2018-01-24,3.04,32.72,23.07,28.66
2018-01-25,26.37,29.76,23.85,22.29
2018-01-26,6.39,28.56,23.03,21.29
2018-01-27,3.68,28.29,23.19,21.61
2018-01-28,0.43,27.51,22.96,18.47
2018-01-29,5.75,28.87,22.76,20.16
2018-01-30,8.42,30.26,22.84,15.36
2018-01-31,15.74,30.71,23.05,17.93
2018-02-01,0.46,29.17,20.69,27.13
2018-02-02,0.19,30.22,20.28,27.64
2018-02-03,0.32,30.23,21.63,27.72
2018-02-04,4.77,29.68,20.72,27.29
2018-02-05,0.67,28.89,21.31,26.52
2018-02-06,0.0,30.28,20.27,26.64
2018-02-07,3.26,30.8,21.2,24.52
2018-02-08,0.08,30.94,21.33,26.69
2018-02-09,3.26,29.26,22.2,25.81
2018-02-10,3.09,29.15,22.99,12.49
2018-02-11,0.07,29.01,22.44,18.37
2018-02-12,1.92,30.29,23.29,22.75
2018-02-13,9.59,29.91,22.25,16.33
2018-02-14,13.74,29.99,23.12,16.19
2018-02-15,0.04,28.46,21.67,22.88
2018-02-16,0.0,29.64,20.8,25.33
2018-02-17,6.87,29.2,22.48,17.4
2018-02-18,14.67,25.2,22.02,14.76
2018-02-19,13.19,27.86,21.23,14.95
2018-02-20,8.21,28.34,21.9,14.4
2018-02-21,1.95,27.23,22.38,23.51
2018-02-22,0.01,30.02,21.55,26.94
2018-02-23,0.0,30.14,19.42,26.63
2018-02-24,0.21,29.09,21.52,22.16
2018-02-25,0.8,26.83,22.61,17.35
2018-02-26,7.43,26.59,22.27,12.76
2018-02-27,2.26,29.2,21.4,18.33
2018-02-28,2.14,29.8,22.1,22.37
2018-03-01,1.19,31.21,22.34,23.64
2018-03-02,0.2,30.99,23.47,23.69
2018-03-03,0.08,30.08,23.15,24.11
2018-03-04,0.0,32.25,24.2,25.84
2018-03-05,0.0,30.24,23.93,22.24
2018-03-06,3.49,29.61,24.79,20.77
2018-03-07,0.48,31.29,22.92,24.54
2018-03-08,1.48,31.57,23.64,20.17
2018-03-09,4.93,30.7,23.93,20.61
2018-03-10,8.64,28.71,23.64,21.16
2018-03-11,10.11,29.99,22.8,22.05
2018-03-12,0.01,32.18,22.7,24.59
2018-03-13,0.0,33.02,23.69,24.13
2018-03-14,0.07,32.15,24.78,24.07
2018-03-15,0.01,30.54,24.23,22.35
2018-03-16,0.0,29.14,24.52,22.21
2018-03-17,0.0,31.21,23.37,24.79
2018-03-18,0.0,31.63,22.85,23.42
2018-03-19,0.01,32.74,22.82,23.43
2018-03-20,0.12,32.58,22.88,19.41
2018-03-21,5.27,32.28,23.43,21.61
2018-03-22,11.02,31.13,23.71,23.79
2018-03-23,0.14,30.85,23.94,23.07
2018-03-24,0.51,31.0,23.77,23.23
2018-03-25,3.6,30.63,22.89,17.96
2018-03-26,5.6,27.43,22.97,14.89
2018-03-27,2.29,27.38,22.33,15.46
2018-03-28,1.88,27.12,21.46,21.12
2018-03-29,0.61,29.34,21.33,21.8
2018-03-30,2.31,29.77,21.86,21.67
2018-03-31,1.26,28.8,22.08,12.22
2018-04-01,14.6,26.52,22.15,9.66
2018-04-02,11.42,29.35,20.24,17.12
2018-04-03,9.6,28.34,21.44,14.59
2018-04-04,0.57,28.98,20.68,21.34
2018-04-05,0.0,29.51,20.73,22.25
2018-04-06,0.0,30.18,19.71,23.04
2018-04-07,0.01,30.24,19.12,22.21
2018-04-08,0.22,29.97,19.72,20.96
2018-04-09,0.12,30.62,19.89,21.41
2018-04-10,0.0,30.45,20.49,21.65
2018-04-11,0.0,30.5,20.86,22.39
2018-04-12,0.09,29.54,19.27,21.01
2018-04-13,0.73,29.18,18.76,20.85
2018-04-14,8.18,29.45,20.17,17.14
2018-04-15,7.67,24.71,19.64,11.5
2018-04-16,0.6,26.95,18.91,14.22
2018-04-17,0.2,26.07,20.17,13.71
2018-04-18,0.02,26.9,20.16,16.52
2018-04-19,0.0,28.59,18.83,17.67
2018-04-20,0.0,28.01,20.3,17.13
2018-04-21,0.0,29.31,20.11,20.67
2018-04-22,0.0,28.33,15.22,21.24
2018-04-23,0.0,29.39,17.57,19.13
2018-04-24,0.0,30.06,18.47,19.93
2018-04-25,0.0,30.41,18.62,19.75
2018-04-26,0.0,30.29,18.66,19.1
2018-04-27,0.0,30.85,19.09,19.89
2018-04-28,0.01,31.08,19.52,18.37
2018-04-29,0.01,30.91,20.02,18.24
2018-04-30,0.0,31.23,19.33,18.85
2018-05-01,0.0,30.98,19.12,18.08
2018-05-02,0.0,30.77,18.05,19.02
2018-05-03,0.0,30.78,17.48,19.51
2018-05-04,0.01,31.64,17.88,18.44
2018-05-05,0.48,32.0,19.15,17.31
2018-05-06,0.13,31.37,21.02,17.03
2018-05-07,0.57,30.9,20.0,17.57
2018-05-08,0.0,30.4,19.43,18.39
2018-05-09,0.0,30.62,17.97,18.6
2018-05-10,0.0,30.57,17.91,18.35
2018-05-11,0.0,31.04,18.71,16.87
2018-05-12,0.02,29.37,19.72,12.39
2018-05-13,4.42,26.43,20.16,13.61
2018-05-14,0.35,29.85,18.95,13.7
2018-05-15,0.62,30.43,19.35,16.41
2018-05-16,0.55,30.32,18.36,9.67
2018-05-17,0.14,30.09,18.72,8.65
2018-05-18,0.22,30.6,20.64,14.74
2018-05-19,4.44,26.44,15.85,7.9
2018-05-20,0.0,21.18,11.54,19.41
2018-05-21,2.86,22.7,10.31,18.48
2018-05-22,0.01,24.31,9.18,17.12
2018-05-23,0.0,25.45,11.36,18.86
2018-05-24,0.0,27.34,11.08,18.36
2018-05-25,0.0,28.58,12.92,17.07
2018-05-26,0.0,28.74,15.93,17.51
2018-05-27,0.0,29.03,14.7,16.58
2018-05-28,0.0,28.23,14.57,17.25
2018-05-29,0.0,27.85,15.81,14.87
2018-05-30,0.0,28.03,17.82,14.92
2018-05-31,0.0,26.88,17.46,16.96
2018-06-01,0.0,29.31,16.51,12.09
2018-06-02,0.0,28.92,18.28,11.89
2018-06-03,0.0,25.77,17.61,15.16
2018-06-04,0.0,27.59,17.69,13.04
2018-06-05,0.0,29.18,17.06,13.6
2018-06-06,0.0,28.19,17.83,11.87
2018-06-07,0.0,28.31,17.09,10.07
2018-06-08,0.0,24.45,14.82,11.67
2018-06-09,0.0,28.48,16.08,13.86
2018-06-10,0.0,31.37,19.32,12.55
2018-06-11,0.0,31.53,20.3,14.1
2018-06-12,0.34,31.93,20.02,15.0
2018-06-13,0.71,28.63,19.11,11.48
2018-06-14,0.0,26.3,15.6,14.95
2018-06-15,0.0,26.66,15.44,14.68
2018-06-16,0.0,24.84,15.09,12.92
2018-06-17,0.0,26.79,14.92,14.72
2018-06-18,0.0,27.34,15.14,14.68
2018-06-19,0.0,28.88,15.95,16.06
2018-06-20,0.0,29.39,15.31,15.79
2018-06-21,0.0,28.91,16.2,15.35
2018-06-22,0.0,28.44,18.39,14.3
2018-06-23,0.0,29.78,18.98,13.98
2018-06-24,0.0,30.31,20.45,12.09
2018-06-25,0.0,30.79,17.8,15.8
2018-06-26,0.0,31.43,17.8,16.51
2018-06-27,0.2,31.8,17.3,16.35
2018-06-28,0.0,31.33,16.49,15.58
2018-06-29,0.0,30.79,16.32,15.51
2018-06-30,0.0,30.71,16.57,16.45
2018-07-01,0.0,31.14,16.99,16.76
2018-07-02,0.0,31.51,16.97,16.31
2018-07-03,0.0,31.26,18.41,16.56
2018-07-04,0.01,31.95,17.62,17.05
2018-07-05,0.0,31.83,16.45,16.45
2018-07-06,0.0,31.06,16.43,17.03
2018-07-07,0.0,30.53,15.8,16.79
2018-07-08,0.0,31.27,17.86,17.03
2018-07-09,0.0,27.69,16.75,10.1
2018-07-10,0.0,22.8,13.42,14.28
2018-07-11,0.0,24.02,9.63,16.8
2018-07-12,0.0,26.08,9.89,16.38
2018-07-13,0.0,29.93,13.86,15.53
2018-07-14,0.0,31.74,15.79,16.51
2018-07-15,0.0,32.45,17.48,17.18
2018-07-16,0.0,32.12,17.4,17.27
2018-07-17,0.0,31.82,15.91,17.7
2018-07-18,0.0,32.1,16.62,17.5
2018-07-19,0.0,32.02,17.35,17.67
2018-07-20,0.0,32.31,16.19,17.91
2018-07-21,0.0,28.15,16.05,16.84
2018-07-22,0.0,30.45,15.89,15.48
2018-07-23,0.0,32.13,17.35,17.78
2018-07-24,0.0,31.35,16.81,16.6
2018-07-25,0.0,30.81,15.53,16.35
2018-07-26,0.0,31.33,16.55,17.84
2018-07-27,0.0,31.71,16.47,17.9
2018-07-28,0.0,33.0,17.34,17.89
2018-07-29,0.0,33.79,18.54,18.14
2018-07-30,0.14,32.56,20.89,16.71
2018-07-31,0.71,30.2,19.49,17.06
2018-08-01,0.0,30.83,16.46,10.15
2018-08-02,0.0,30.01,18.48,14.28
2018-08-03,0.05,33.9,19.98,14.76
2018-08-04,1.74,29.19,19.07,9.83
2018-08-05,2.2,27.76,18.65,12.71
2018-08-06,3.01,27.11,17.64,4.42
2018-08-07,0.25,30.54,16.94,15.03
2018-08-08,0.33,31.94,19.01,13.65
2018-08-09,0.16,28.08,16.71,12.11
2018-08-10,0.0,24.08,10.07,21.26
2018-08-11,0.0,26.23,8.43,21.22
2018-08-12,0.0,27.98,9.44,20.81
2018-08-13,0.0,30.26,11.16,19.48
2018-08-14,0.0,32.1,11.7,20.91
2018-08-15,0.0,32.44,13.66,16.52
2018-08-16,0.0,25.7,16.98,8.58
2018-08-17,0.0,30.68,15.83,19.78
2018-08-18,0.0,31.76,16.66,19.72
2018-08-19,0.0,32.7,19.17,19.66
2018-08-20,0.0,34.15,19.15,21.16
2018-08-21,0.03,32.07,19.85,20.23
2018-08-22,0.72,29.85,17.88,13.43
2018-08-23,0.05,34.07,18.86,20.76
2018-08-24,2.17,35.5,23.33,14.31
2018-08-25,3.78,28.4,19.41,7.12
2018-08-26,0.0,27.11,14.65,21.81
2018-08-27,0.0,31.32,13.93,21.63
2018-08-28,0.0,33.12,18.31,21.51
2018-08-29,0.0,33.22,18.56,22.52
2018-08-30,0.0,34.96,19.89,22.8
2018-08-31,0.0,35.69,19.92,22.12
2018-09-01,0.06,36.34,23.22,21.92
2018-09-02,0.16,36.14,19.46,18.16
2018-09-03,0.09,25.81,15.33,16.54
2018-09-04,0.0,26.98,13.16,17.29
2018-09-05,0.0,28.31,12.05,23.3
2018-09-06,0.0,30.69,12.51,24.58
2018-09-07,0.0,34.77,13.33,24.01
2018-09-08,0.0,35.64,15.28,23.95
2018-09-09,0.0,36.18,16.46,24.78
2018-09-10,0.0,35.94,17.27,24.4
2018-09-11,0.0,36.75,18.11,24.15
2018-09-12,0.0,36.46,19.1,23.09
2018-09-13,0.03,38.13,19.8,22.54
2018-09-14,14.89,35.11,20.5,4.07
2018-09-15,0.87,30.23,19.83,10.33
2018-09-16,17.27,30.21,20.81,12.99
2018-09-17,19.16,27.46,21.52,5.25
2018-09-18,6.38,27.61,20.01,10.22
2018-09-19,0.88,29.71,20.84,20.91
2018-09-20,11.95,31.85,21.55,12.05
2018-09-21,0.48,29.79,21.73,23.47
2018-09-22,0.0,31.85,21.58,24.76
2018-09-23,0.0,35.09,21.86,21.7
2018-09-24,0.0,36.02,20.32,26.44
2018-09-25,0.61,35.92,20.56,22.82
2018-09-26,2.39,35.31,24.06,21.09
2018-09-27,14.05,32.19,23.44,14.76
2018-09-28,1.03,31.42,22.61,20.54
2018-09-29,1.38,30.95,23.25,13.51
2018-09-30,4.76,26.42,21.6,5.32
2018-10-01,8.08,32.68,21.53,21.27
2018-10-02,1.13,34.25,21.12,20.54
2018-10-03,3.81,35.01,23.81,23.43
2018-10-04,3.2,29.53,24.34,21.88
2018-10-05,0.04,30.58,23.83,22.32
2018-10-06,0.07,31.42,21.72,19.63
2018-10-07,3.74,32.45,22.99,17.74
2018-10-08,17.32,32.01,22.22,14.9
2018-10-09,8.77,33.37,21.81,22.23
2018-10-10,23.44,31.04,23.49,14.22
2018-10-11,2.7,29.98,23.79,19.17
2018-10-12,1.15,32.55,22.47,23.55
2018-10-13,2.84,32.58,23.21,18.16
2018-10-14,2.5,32.07,23.62,18.95
2018-10-15,0.22,31.87,23.88,20.9
2018-10-16,0.11,32.52,23.72,21.64
2018-10-17,0.01,32.03,24.43,22.29
2018-10-18,7.21,33.34,23.49,23.29
2018-10-19,13.91,32.2,23.38,21.7
2018-10-20,0.0,30.54,20.49,27.03
2018-10-21,0.0,31.82,18.23,27.99
2018-10-22,0.08,33.25,22.16,25.56
2018-10-23,8.52,30.61,23.88,24.38
2018-10-24,0.99,30.34,22.98,13.91
2018-10-25,7.41,29.67,22.17,12.36
2018-10-26,11.14,30.28,22.01,19.57
2018-10-27,13.26,29.35,22.29,12.72
2018-10-28,0.07,30.06,21.21,27.93
2018-10-29,0.0,31.45,19.86,24.16
2018-10-30,0.0,32.25,21.99,26.8
2018-10-31,3.01,31.71,23.71,24.38
2018-11-01,16.72,31.15,23.85,20.86
2018-11-02,8.52,30.83,23.52,22.14
2018-11-03,19.53,31.46,23.03,23.9
2018-11-04,19.1,28.88,22.87,12.8
2018-11-05,6.84,28.9,22.01,22.08
2018-11-06,1.24,30.0,22.49,22.17
2018-11-07,24.41,26.23,22.98,9.82
2018-11-08,30.86,25.97,19.89,11.77
2018-11-09,11.51,25.95,18.86,9.93
2018-11-10,1.27,30.78,21.45,19.13
2018-11-11,0.01,30.79,20.89,28.18
2018-11-12,0.0,32.14,20.79,28.32
2018-11-13,0.0,33.13,21.61,28.28
2018-11-14,4.16,31.79,23.29,23.5
2018-11-15,3.62,28.61,24.1,24.63
2018-11-16,19.53,29.45,23.84,24.96
2018-11-17,5.29,29.69,23.0,19.0
2018-11-18,25.53,27.12,23.6,15.5
2018-11-19,3.82,29.6,22.92,17.84
2018-11-20,1.67,29.84,20.39,15.17
2018-11-21,1.31,29.65,20.29,20.54
2018-11-22,9.95,30.78,22.09,22.75
2018-11-23,16.91,29.03,22.46,9.48
2018-11-24,16.43,30.09,21.89,17.65
2018-11-25,3.88,30.54,21.94,20.91
2018-11-26,0.09,30.46,22.24,23.55
2018-11-27,0.0,30.3,22.09,28.31
2018-11-28,0.08,31.03,21.48,28.57
2018-11-29,0.13,30.89,22.31,24.4
2018-11-30,7.7,27.85,22.2,21.07
2018-12-01,10.99,28.69,22.51,13.99
2018-12-02,0.54,30.46,21.99,19.19
2018-12-03,0.01,30.44,22.25,23.68
2018-12-04,0.0,32.27,21.8,28.45
2018-12-05,0.0,32.59,21.83,26.9
2018-12-06,0.29,34.12,23.57,29.38
2018-12-07,0.0,33.59,23.3,26.34
2018-12-08,0.0,31.64,21.5,30.87
2018-12-09,0.0,31.83,18.43,29.4
2018-12-10,0.0,32.83,21.09,29.89
2018-12-11,0.0,32.99,21.67,29.8
2018-12-12,6.93,33.33,22.11,29.3
2018-12-13,12.67,32.11,22.41,30.39
2018-12-14,0.77,32.66,21.96,26.65
2018-12-15,6.16,31.5,22.52,25.56
2018-12-16,0.47,34.29,24.07,28.99
2018-12-17,0.77,34.44,24.46,26.36
2018-12-18,1.12,35.31,23.3,28.3
2018-12-19,0.22,34.6,24.36,15.11
2018-12-20,0.16,35.35,24.17,29.05
2018-12-21,2.47,35.49,24.61,28.42
2018-12-22,1.75,30.72,23.81,27.73
2018-12-23,6.52,29.28,23.39,20.58
2018-12-24,9.38,30.3,23.06,20.78
2018-12-25,9.9,30.03,23.34,16.02
2018-12-26,4.13,30.63,22.58,20.31
2018-12-27,1.91,31.49,22.45,20.97
2018-12-28,0.68,30.05,23.33,21.5
2018-12-29,4.46,30.68,23.21,22.73
2018-12-30,4.48,32.44,22.7,21.16
2018-12-31,13.56,31.76,23.3,25.1
2019-01-01,3.59,32.76,23.18,24.4
2019-01-02,0.49,33.68,23.87,27.26
2019-01-03,0.79,34.23,23.17,26.89
2019-01-04,6.75,29.58,24.49,12.7
2019-01-05,8.6,27.2,23.05,9.46
2019-01-06,2.51,27.79,22.12,16.35
2019-01-07,0.15,32.83,21.42,29.19
2019-01-08,0.54,31.82,22.73,27.7
2019-01-09,1.8,30.72,24.61,27.36
2019-01-10,0.38,32.42,23.4,25.78
2019-01-11,0.12,29.97,22.1,24.66
2019-01-12,0.66,31.82,22.34,22.46
2019-01-13,0.22,32.24,22.3,27.93
2019-01-14,0.01,34.05,23.51,26.24
2019-01-15,0.03,33.36,24.16,24.31
2019-01-16,0.36,33.55,24.26,25.93
2019-01-17,8.74,32.42,25.33,22.61
2019-01-18,4.33,33.9,23.38,27.21
2019-01-19,14.53,33.01,22.94,27.23
2019-01-20,1.52,32.43,22.95,27.53
2019-01-21,0.34,32.81,24.04,26.5
2019-01-22,0.0,36.24,25.26,28.57
2019-01-23,0.27,34.84,25.58,26.08
2019-01-24,10.1,33.02,26.67,21.17
2019-01-25,0.37,32.52,24.53,28.3
2019-01-26,12.08,32.1,24.09,21.5
2019-01-27,3.42,28.21,22.79,21.03
2019-01-28,0.85,31.2,21.46,28.84
2019-01-29,2.52,34.68,21.61,28.9
2019-01-30,2.26,35.15,22.58,28.86
2019-01-31,0.1,36.25,24.95,27.64
2019-02-01,0.01,32.28,24.41,25.85
2019-02-02,0.0,36.83,23.99,26.74
2019-02-03,0.46,35.59,24.36,24.26
2019-02-04,0.54,34.04,24.84,24.49
2019-02-05,2.67,33.82,24.87,19.97
2019-02-06,4.99,34.05,23.76,17.81
2019-02-07,2.25,35.0,21.99,27.37
2019-02-08,0.05,35.51,23.26,26.36
2019-02-09,1.08,36.71,24.33,24.51
2019-02-10,5.84,35.38,25.79,21.0
2019-02-11,2.76,31.85,25.0,22.08
2019-02-12,20.67,28.69,24.97,10.05
2019-02-13,16.25,28.87,23.83,17.82
2019-02-14,20.38,30.84,22.95,16.77
2019-02-15,16.36,29.42,23.0,17.55
2019-02-16,1.61,29.98,22.48,15.03
2019-02-17,0.04,29.92,19.74,22.88
2019-02-18,6.4,30.58,19.99,23.69
2019-02-19,2.07,31.32,20.86,24.81
2019-02-20,23.24,30.71,23.45,10.95
2019-02-21,13.68,29.89,22.45,18.17
2019-02-22,1.33,31.07,22.49,22.76
2019-02-23,0.25,31.15,22.97,25.25
2019-02-24,0.11,31.27,23.34,22.82
2019-02-25,4.4,30.96,22.23,25.69
2019-02-26,16.11,28.42,23.36,14.25
2019-02-27,54.74,28.98,22.69,16.2
2019-02-28,34.97,27.27,22.81,11.39
2019-03-01,4.94,28.54,22.09,17.4
2019-03-02,11.32,27.64,23.21,15.35
2019-03-03,14.58,29.7,22.53,19.64
2019-03-04,6.2,29.47,22.07,18.51
2019-03-05,6.68,29.59,22.65,23.95
2019-03-06,0.17,30.84,22.13,25.21
2019-03-07,0.27,30.01,22.43,23.29
2019-03-08,1.08,31.4,22.51,23.77
2019-03-09,3.12,30.13,22.81,21.74
2019-03-10,1.03,28.78,22.94,22.55
2019-03-11,0.16,30.49,22.1,20.31
2019-03-12,2.22,30.77,21.98,24.11
2019-03-13,4.11,30.29,22.48,21.55
2019-03-14,0.71,28.65,23.06,18.31
2019-03-15,9.8,29.44,22.92,18.54
2019-03-16,4.74,30.17,22.99,20.88
2019-03-17,1.81,30.82,23.89,20.69
2019-03-18,3.7,28.93,24.16,20.73
2019-03-19,0.08,29.41,23.39,22.41
2019-03-20,12.17,29.67,22.87,15.8
2019-03-21,10.34,28.76,22.42,15.58
2019-03-22,0.01,29.14,19.82,14.13
2019-03-23,0.0,29.9,20.54,23.4
2019-03-24,0.0,30.94,20.94,22.66
2019-03-25,0.0,31.1,20.68,22.53
2019-03-26,0.0,31.99,22.07,22.16
2019-03-27,0.03,31.32,22.44,22.11
2019-03-28,1.84,30.86,23.13,21.64
2019-03-29,0.29,31.44,22.02,23.34
2019-03-30,0.0,31.51,21.18,23.85
2019-03-31,0.0,32.18,20.35,22.97
2019-04-01,0.04,32.62,21.01,21.84
2019-04-02,0.01,32.88,21.99,19.58
2019-04-03,0.3,32.6,23.79,20.87
2019-04-04,6.51,30.85,23.77,18.16
2019-04-05,2.43,29.11,23.78,18.23
2019-04-06,7.29,29.93,22.81,18.2
2019-04-07,29.07,26.76,22.98,12.46
2019-04-08,0.41,28.42,20.92,11.59
2019-04-09,0.12,29.47,19.73,16.46
2019-04-10,0.11,29.27,19.94,21.76
2019-04-11,0.02,30.31,19.58,21.14
2019-04-12,0.26,30.37,20.39,16.79
2019-04-13,21.83,28.18,21.9,15.18
2019-04-14,3.99,29.67,22.19,14.3
2019-04-15,3.59,29.67,22.94,15.82
2019-04-16,0.25,29.72,23.23,17.86
2019-04-17,0.01,30.76,22.02,20.82
2019-04-18,0.0,30.28,20.28,22.26
2019-04-19,0.0,30.42,19.33,21.94
2019-04-20,0.0,30.29,18.48,20.96
2019-04-21,0.18,31.54,19.04,19.57
2019-04-22,1.42,30.05,21.0,12.12
2019-04-23,0.38,30.28,22.39,17.53
2019-04-24,0.15,30.43,21.57,19.82
2019-04-25,1.23,31.88,21.86,17.53
2019-04-26,0.01,31.83,21.52,19.08
2019-04-27,0.0,32.2,21.6,19.57
2019-04-28,9.88,31.73,21.76,16.86
2019-04-29,4.25,29.29,22.14,15.43
2019-04-30,0.4,29.68,19.95,19.05
2019-05-01,8.04,29.58,21.17,10.41
2019-05-02,0.54,29.55,20.85,16.31
2019-05-03,17.49,27.64,22.51,13.98
2019-05-04,16.4,27.2,22.25,10.08
2019-05-05,0.28,28.59,21.55,16.89
2019-05-06,0.09,30.0,20.41,17.92
2019-05-07,0.14,30.12,21.67,17.96
2019-05-08,0.02,30.14,21.39,17.8
2019-05-09,0.2,30.49,21.11,18.22
2019-05-10,0.2,31.07,21.15,13.65
2019-05-11,0.39,31.28,21.33,14.97
2019-05-12,0.26,31.11,21.26,16.48
2019-05-13,0.07,29.89,21.91,15.49
2019-05-14,0.0,26.77,18.63,17.36
2019-05-15,0.01,25.31,16.5,11.97
2019-05-16,0.02,27.9,18.22,16.5
2019-05-17,0.45,27.57,17.88,15.52
2019-05-18,0.26,27.41,17.58,15.41
2019-05-19,0.0,28.06,17.21,17.07
2019-05-20,0.07,28.14,16.71,18.37
2019-05-21,0.11,28.95,16.24,18.18
2019-05-22,0.09,29.78,16.52,18.32
2019-05-23,0.01,29.97,17.55,16.29
2019-05-24,0.08,23.67,14.67,5.47
2019-05-25,0.0,23.51,12.84,18.25
2019-05-26,0.04,27.16,11.14,18.2
2019-05-27,0.0,30.76,15.27,17.78
2019-05-28,0.02,31.96,17.92,16.67
2019-05-29,0.01,31.68,20.54,16.65
2019-05-30,0.0,32.31,19.78,17.04
2019-05-31,0.01,32.17,19.09,15.0
2019-06-01,0.0,32.07,19.21,16.73
2019-06-02,0.02,30.64,17.52,16.2
2019-06-03,6.98,26.93,18.72,8.66
2019-06-04,0.22,27.06,17.09,13.9
2019-06-05,0.01,25.32,13.43,17.54
2019-06-06,0.01,27.71,11.44,17.1
2019-06-07,0.0,28.35,13.37,16.47
2019-06-08,0.03,28.63,16.09,15.73
2019-06-09,0.0,28.29,13.37,17.4
2019-06-10,0.0,29.47,14.02,16.84
2019-06-11,0.0,30.28,16.46,14.84
2019-06-12,0.0,29.79,16.04,15.65
2019-06-13,0.0,30.16,16.29,15.37
2019-06-14,0.0,30.56,17.21,16.61
2019-06-15,0.0,30.63,17.85,16.72
2019-06-16,0.0,29.83,17.08,16.22
2019-06-17,0.0,29.73,16.35,15.04
2019-06-18,0.03,29.55,15.45,16.79
2019-06-19,0.0,30.25,17.09,15.04
2019-06-20,0.0,30.56,17.95,15.95
2019-06-21,0.01,30.79,17.58,15.95
2019-06-22,0.0,29.94,15.52,16.49
2019-06-23,0.0,29.33,14.93,16.68
2019-06-24,0.01,29.62,15.19,16.78
2019-06-25,0.0,31.16,16.1,16.72
2019-06-26,0.04,31.39,17.45,15.17
2019-06-27,1.25,31.06,18.63,9.47
2019-06-28,0.15,32.49,17.5,16.29
2019-06-29,0.01,31.67,17.84,16.71
2019-06-30,0.0,31.55,17.09,16.62
2019-07-01,0.0,31.79,17.51,16.49
2019-07-02,0.0,31.55,17.43,14.91
2019-07-03,0.01,31.41,16.59,16.19
2019-07-04,6.37,28.57,19.55,5.03
2019-07-05,5.78,22.74,13.39,6.76
2019-07-06,0.0,18.24,7.78,16.86
2019-07-07,0.05,21.07,4.84,17.78
2019-07-08,0.01,25.73,5.93,17.33
2019-07-09,0.0,28.79,10.2,17.53
2019-07-10,0.0,28.9,12.03,16.94
2019-07-11,0.0,28.65,11.93,17.65
2019-07-12,0.0,29.7,11.98,17.53
2019-07-13,0.0,30.02,16.72,16.14
2019-07-14,0.0,30.83,19.1,14.55
2019-07-15,0.0,31.4,21.77,15.64
2019-07-16,0.01,27.54,17.41,14.18
2019-07-17,0.0,26.18,13.26,17.65
2019-07-18,0.02,28.46,11.23,16.4
2019-07-19,0.0,29.08,15.52,15.39
2019-07-20,0.0,28.74,15.11,17.2
2019-07-21,0.0,28.13,16.2,13.13
2019-07-22,0.0,28.92,16.98,14.53
2019-07-23,0.0,30.66,15.86,17.85
2019-07-24,0.0,31.49,16.33,18.15
2019-07-25,0.0,30.88,18.36,12.68
2019-07-26,0.0,31.89,18.49,16.9
2019-07-27,0.0,31.02,18.1,16.86
2019-07-28,0.0,30.65,16.71,18.58
2019-07-29,0.0,31.38,16.41,17.82
2019-07-30,0.0,32.38,20.57,16.26
2019-07-31,0.0,31.59,16.74,19.19
2019-08-01,0.0,33.44,16.34,18.91
2019-08-02,0.0,32.47,19.72,14.29
2019-08-03,1.58,21.19,13.94,11.29
2019-08-04,4.73,19.7,11.64,3.0
2019-08-05,8.47,26.77,12.82,10.48
2019-08-06,29.55,25.94,17.1,11.8
2019-08-07,0.1,29.54,16.19,19.24
2019-08-08,0.0,30.59,16.6,19.62
2019-08-09,0.0,31.53,16.95,19.83
2019-08-10,0.0,31.87,16.86,19.87
2019-08-11,0.0,32.61,17.39,20.03
2019-08-12,0.0,33.44,18.06,19.87
2019-08-13,0.0,32.56,22.4,19.08
2019-08-14,0.0,29.2,18.98,18.36
2019-08-15,0.0,29.46,15.84,18.63
2019-08-16,0.0,30.56,16.9,19.92
2019-08-17,0.05,31.6,16.75,20.0
2019-08-18,0.0,32.83,20.06,16.57
2019-08-19,0.89,33.17,21.7,13.34
2019-08-20,0.58,31.62,21.27,14.23
2019-08-21,0.0,31.06,17.95,19.96
2019-08-22,0.0,31.6,17.5,21.17
2019-08-23,0.0,30.07,16.46,19.41
2019-08-24,0.02,30.6,14.8,22.46
2019-08-25,0.0,31.78,14.6,22.49
2019-08-26,0.0,34.11,15.11,21.02
2019-08-27,0.0,30.92,20.39,16.92
2019-08-28,0.0,31.19,21.22,15.0
2019-08-29,0.57,33.59,19.47,19.84
2019-08-30,0.01,34.64,21.22,18.03
2019-08-31,0.05,36.04,22.59,20.27
2019-09-01,6.9,36.06,22.68,15.86
2019-09-02,7.7,30.86,18.76,17.76
2019-09-03,1.6,33.2,21.99,17.85
2019-09-04,0.16,34.41,21.53,20.53
2019-09-05,0.0,35.5,22.46,21.28
2019-09-06,0.0,36.58,20.71,20.24
2019-09-07,0.0,36.1,22.49,22.52
2019-09-08,0.0,36.86,23.08,22.93
2019-09-09,0.0,37.42,22.56,23.23
2019-09-10,0.0,36.64,22.77,22.36
2019-09-11,0.0,38.82,24.35,23.12
2019-09-12,0.0,38.14,24.54,23.0
2019-09-13,0.0,37.65,21.7,22.48
2019-09-14,0.0,38.84,23.34,21.84
2019-09-15,0.0,39.64,22.74,22.99
2019-09-16,0.0,39.01,23.02,23.94
2019-09-17,0.0,39.47,21.33,24.38
2019-09-18,0.0,39.34,21.95,20.04
2019-09-19,0.01,39.93,24.37,20.21
2019-09-20,0.9,38.85,26.19,12.25
2019-09-21,3.98,36.23,24.17,19.73
2019-09-22,0.07,34.91,24.32,20.99
2019-09-23,0.0,35.89,19.59,23.93
2019-09-24,1.59,37.3,23.46,20.29
2019-09-25,15.58,34.35,21.88,9.98
2019-09-26,8.19,26.49,20.02,8.31
2019-09-27,0.02,31.74,19.18,24.67
2019-09-28,0.0,32.77,18.46,25.53
2019-09-29,0.0,33.73,19.0,26.25
2019-09-30,0.0,35.51,18.15,25.93
2019-10-01,0.0,37.69,20.8,26.26
2019-10-02,0.43,38.24,24.17,22.74
2019-10-03,0.13,37.15,25.01,23.78
2019-10-04,0.0,38.95,22.29,26.73
2019-10-05,0.17,38.98,22.33,26.71
2019-10-06,2.05,35.55,23.68,17.69
2019-10-07,0.6,33.85,22.76,23.23
2019-10-08,5.54,31.73,23.16,12.38
2019-10-09,0.18,31.8,22.24,15.59
2019-10-10,0.1,32.25,22.86,21.24
2019-10-11,0.03,36.24,22.15,25.84
2019-10-12,0.38,36.54,24.17,24.9
2019-10-13,9.64,34.43,24.92,21.69
2019-10-14,0.32,37.06,22.14,26.31
2019-10-15,0.07,37.9,24.09,25.66
2019-10-16,0.01,37.58,24.2,25.89
2019-10-17,0.39,36.92,26.17,24.66
2019-10-18,0.88,37.61,26.07,23.58
2019-10-19,2.17,36.73,25.39,20.34
2019-10-20,7.57,35.24,25.21,19.62
2019-10-21,8.16,30.79,24.26,17.54
2019-10-22,15.09,29.58,22.47,11.8
2019-10-23,0.0,32.74,22.3,24.85
2019-10-24,0.0,34.96,21.97,28.37
2019-10-25,0.0,37.21,22.64,28.15
2019-10-26,0.08,38.24,23.77,27.57
2019-10-27,1.72,37.48,24.1,27.37
2019-10-28,5.78,35.25,24.27,19.91
2019-10-29,0.06,37.29,23.19,28.0
2019-10-30,0.03,38.86,25.0,28.41
2019-10-31,0.25,38.57,25.7,28.58
2019-11-01,0.37,38.34,24.27,27.56
2019-11-02,0.13,38.54,25.82,28.03
2019-11-03,0.0,39.22,26.19,27.95
2019-11-04,0.66,38.63,26.36,26.9
2019-11-05,3.3,38.19,26.05,24.31
2019-11-06,7.58,37.07,25.41,18.42
2019-11-07,30.47,28.57,23.32,23.59
2019-11-08,1.02,29.51,22.57,14.52
2019-11-09,3.68,28.76,23.38,14.61
2019-11-10,3.72,30.49,22.32,16.85
2019-11-11,0.53,34.8,23.12,25.1
2019-11-12,0.68,32.22,23.28,23.49
2019-11-13,2.06,32.74,23.25,23.04
2019-11-14,1.16,33.35,23.56,20.13
2019-11-15,1.12,30.94,23.25,14.61
2019-11-16,0.01,33.99,20.37,29.18
2019-11-17,0.0,35.38,21.67,27.46
2019-11-18,0.04,36.61,21.62,29.49
2019-11-19,0.26,36.9,22.02,26.46
2019-11-20,1.17,37.62,23.44,26.72
2019-11-21,9.68,32.89,24.25,21.45
2019-11-22,1.4,34.02,23.38,28.29
2019-11-23,0.78,36.75,22.93,26.75
2019-11-24,9.35,33.51,24.3,18.03
2019-11-25,2.91,33.47,21.68,29.29
2019-11-26,2.84,30.86,24.02,23.84
2019-11-27,16.56,28.0,22.97,17.17
2019-11-28,18.41,30.28,23.13,18.66
2019-11-29,10.67,28.24,23.47,17.1
2019-11-30,7.13,29.85,23.31,17.46
2019-12-01,7.13,31.45,22.94,19.89
2019-12-02,4.73,29.21,23.16,20.86
2019-12-03,23.47,29.59,22.97,20.99
2019-12-04,3.74,30.62,23.09,22.65
2019-12-05,9.27,31.89,23.65,19.1
2019-12-06,5.24,30.56,23.24,17.08
2019-12-07,0.04,31.74,21.73,28.99
2019-12-08,0.02,33.12,24.13,28.8
2019-12-09,21.01,30.25,23.04,17.79
2019-12-10,12.25,29.33,22.74,21.07
2019-12-11,22.18,27.14,23.22,6.39
2019-12-12,13.32,29.74,22.4,19.22
2019-12-13,6.29,29.22,21.24,18.35
2019-12-14,0.6,27.64,23.33,19.19
2019-12-15,0.08,29.34,23.26,23.34
2019-12-16,14.51,30.56,22.58,24.33
2019-12-17,23.66,28.73,22.94,20.99
2019-12-18,2.36,29.51,21.32,15.79
2019-12-19,0.24,28.31,21.94,11.62
2019-12-20,1.22,30.07,21.34,22.19
2019-12-21,6.79,29.88,22.67,20.14
2019-12-22,19.37,28.94,21.48,14.53
2019-12-23,13.16,30.21,21.45,17.58
2019-12-24,1.19,31.17,22.43,28.11
2019-12-25,1.39,32.42,22.15,30.36
2019-12-26,1.97,32.59,22.54,27.55
2019-12-27,4.01,31.93,23.55,28.95
2019-12-28,2.45,29.76,24.33,24.49
2019-12-29,0.02,30.47,25.14,26.29
2019-12-30,0.23,32.99,23.5,27.04
2019-12-31,0.49,33.52,22.72,28.26
2020-01-01,1.69,32.28,22.81,25.28
2020-01-02,6.03,32.13,22.97,27.56
2020-01-03,5.84,31.88,23.2,20.42
2020-01-04,11.43,31.3,22.09,21.12
2020-01-05,5.42,31.33,22.04,17.59
2020-01-06,5.28,33.04,21.77,21.76
2020-01-07,15.45,28.08,22.41,15.13
2020-01-08,9.71,29.64,23.02,17.9
2020-01-09,9.28,28.93,23.93,17.29
2020-01-10,0.56,31.02,22.65,24.81
2020-01-11,0.44,29.17,24.39,22.9
2020-01-12,7.83,30.56,23.92,16.21
2020-01-13,11.36,30.21,24.46,22.6
2020-01-14,0.51,33.04,23.78,28.31
2020-01-15,0.02,33.88,23.5,28.55
2020-01-16,0.04,34.29,24.94,27.81
2020-01-17,14.52,31.5,25.15,23.09
2020-01-18,5.88,31.16,22.37,24.51
2020-01-19,4.47,31.99,24.53,24.22
2020-01-20,6.62,32.0,25.94,24.48
2020-01-21,2.41,32.23,24.77,23.36
2020-01-22,9.14,31.11,24.55,16.58
2020-01-23,18.12,31.07,22.58,14.23
2020-01-24,8.94,29.56,21.45,17.76
2020-01-25,0.32,30.58,22.2,28.34
2020-01-26,0.0,31.59,22.35,29.23
2020-01-27,0.0,32.62,23.59,28.94
2020-01-28,0.0,33.04,23.12,28.95
2020-01-29,10.87,33.26,22.88,24.35
2020-01-30,11.52,29.01,23.46,21.86
2020-01-31,7.73,29.04,22.79,19.77
2020-02-01,2.97,30.5,23.42,22.25
2020-02-02,0.66,30.2,23.52,21.73
2020-02-03,5.13,30.27,22.57,19.67
2020-02-04,13.22,32.0,22.33,22.09
2020-02-05,10.15,30.35,23.18,22.36
2020-02-06,5.06,30.63,22.55,20.51
2020-02-07,8.42,30.22,21.68,19.5
2020-02-08,3.68,28.62,20.78,20.21
2020-02-09,3.93,30.21,22.65,16.16
2020-02-10,13.7,28.75,21.0,13.6
2020-02-11,18.37,29.02,23.24,13.68
2020-02-12,9.46,29.54,21.37,18.63
2020-02-13,1.57,30.23,21.15,24.4
2020-02-14,0.06,31.89,20.25,26.47
2020-02-15,0.02,32.34,22.26,25.86
2020-02-16,0.63,32.44,23.78,25.88
2020-02-17,0.47,32.03,23.74,25.22
2020-02-18,7.57,31.36,23.81,25.13
2020-02-19,1.81,31.65,24.54,23.51
2020-02-20,13.15,28.79,23.9,18.26
2020-02-21,4.95,29.44,22.74,15.28
2020-02-22,7.08,30.54,22.8,16.87
2020-02-23,10.53,29.48,22.35,14.25
2020-02-24,4.53,28.64,23.07,12.56
2020-02-25,4.86,30.93,22.91,14.48
2020-02-26,21.14,30.97,23.08,9.93
2020-02-27,11.33,26.8,19.82,15.97
2020-02-28,1.04,28.78,20.91,20.52
2020-02-29,0.08,29.62,19.71,22.17
2020-03-01,0.09,29.17,19.22,19.99
2020-03-02,0.22,29.24,20.35,22.35
2020-03-03,0.11,29.56,19.84,24.7
2020-03-04,0.02,30.82,19.95,26.56
2020-03-05,0.0,31.26,20.0,27.11
2020-03-06,0.01,30.82,19.37,27.2
2020-03-07,0.02,31.08,19.42,27.26
2020-03-08,0.0,32.08,19.12,27.03
2020-03-09,0.0,32.5,19.44,26.39
2020-03-10,0.0,33.25,19.81,25.78
2020-03-11,0.01,34.1,21.4,23.83
2020-03-12,0.11,34.62,23.59,24.04
2020-03-13,0.0,35.12,22.65,25.99
2020-03-14,0.5,34.48,23.13,23.56
2020-03-15,5.97,33.94,24.12,21.43
2020-03-16,1.08,33.66,22.76,22.49
2020-03-17,0.36,34.68,22.99,23.79
2020-03-18,0.09,34.47,23.45,23.37
2020-03-19,3.72,35.04,24.23,15.68
2020-03-20,9.83,30.31,24.39,17.39
2020-03-21,2.96,30.73,23.19,16.65
2020-03-22,6.8,30.53,23.4,19.03
2020-03-23,0.13,31.25,20.07,23.01
2020-03-24,0.05,31.25,20.71,22.17
2020-03-25,0.0,31.23,19.57,23.25
2020-03-26,0.09,31.44,20.23,22.45
2020-03-27,0.03,32.61,20.46,22.49
2020-03-28,1.3,31.79,22.69,18.48
2020-03-29,3.66,28.6,22.89,8.62
2020-03-30,0.55,31.77,22.0,22.31
2020-03-31,0.0,33.69,20.93,22.89
2020-04-01,0.18,34.45,21.34,22.52
2020-04-02,1.97,35.06,23.69,20.57
2020-04-03,0.07,34.99,24.09,21.43
2020-04-04,0.0,34.47,20.25,23.57
2020-04-05,0.0,35.75,21.58,22.87
2020-04-06,0.62,35.86,23.1,22.3
2020-04-07,1.07,32.72,24.42,14.54
2020-04-08,0.01,33.75,21.98,20.81
2020-04-09,0.0,32.85,20.22,22.91
2020-04-10,0.0,33.15,19.18,23.03
2020-04-11,0.0,33.87,19.37,19.25
2020-04-12,0.01,33.76,21.27,20.47
2020-04-13,16.55,33.19,21.44,21.04
2020-04-14,8.64,29.89,21.18,11.08
2020-04-15,0.43,25.49,17.69,17.41
2020-04-16,0.0,27.45,14.09,20.49
2020-04-17,0.01,28.67,15.6,20.48
2020-04-18,0.64,30.01,19.11,19.83
2020-04-19,0.2,30.53,18.81,19.42
2020-04-20,0.0,30.65,20.66,19.06
2020-04-21,0.27,31.54,19.85,20.38
2020-04-22,0.01,30.94,18.36,21.19
2020-04-23,0.0,31.65,17.35,21.55
2020-04-24,0.0,33.03,17.75,20.59
2020-04-25,0.0,33.29,22.76,20.47
2020-04-26,0.0,33.18,19.22,20.9
2020-04-27,0.0,32.86,19.35,20.04
2020-04-28,0.0,32.23,18.85,20.84
2020-04-29,0.0,32.33,17.99,20.63
2020-04-30,0.0,32.58,17.77,19.53
2020-05-01,0.0,32.91,18.46,20.21
2020-05-02,0.0,33.21,19.24,19.56
2020-05-03,0.0,32.26,19.51,19.36
2020-05-04,0.0,32.03,17.65,19.25
2020-05-05,0.0,31.19,18.6,16.59
2020-05-06,0.11,33.48,20.52,8.14
2020-05-07,0.0,27.85,17.14,12.37
2020-05-08,0.01,27.6,15.0,20.0
2020-05-09,0.0,30.52,12.86,19.61
2020-05-10,0.0,31.42,16.31,19.54
2020-05-11,0.0,31.71,16.78,18.21
2020-05-12,0.0,31.39,16.74,14.02
2020-05-13,2.47,31.21,18.51,6.97
2020-05-14,1.5,26.89,19.68,8.84
2020-05-15,0.17,29.25,19.36,10.13
2020-05-16,0.0,28.84,17.95,16.37
2020-05-17,0.0,30.07,16.22,18.46
2020-05-18,0.0,30.89,15.11,18.58
2020-05-19,0.0,31.39,16.6,18.09
2020-05-20,0.0,31.49,19.17,16.3
2020-05-21,0.0,32.47,18.9,17.6
2020-05-22,1.55,32.92,19.05,17.14
2020-05-23,3.17,23.87,15.4,5.04
2020-05-24,0.08,22.28,11.99,8.65
2020-05-25,0.02,25.24,10.86,16.83
2020-05-26,0.05,24.87,10.15,18.25
2020-05-27,0.0,25.58,9.67,17.95
2020-05-28,0.0,27.84,10.42,18.33
2020-05-29,0.28,29.1,11.03,18.28
2020-05-30,0.0,29.24,12.24,18.38
2020-05-31,0.02,28.83,13.2,17.81
2020-06-01,0.0,30.76,15.15,17.15
2020-06-02,0.05,30.18,17.25,12.05
2020-06-03,0.9,28.2,18.08,6.71
2020-06-04,0.06,31.46,17.36,11.06
2020-06-05,0.02,32.46,19.03,13.08
2020-06-06,0.02,31.27,20.09,12.54
2020-06-07,0.01,30.74,18.13,11.03
2020-06-08,0.0,33.26,19.41,15.35
2020-06-09,0.01,33.99,21.12,11.96
2020-06-10,0.01,34.32,20.83,14.09
2020-06-11,0.06,33.52,21.75,15.42
2020-06-12,0.0,32.98,18.99,16.41
2020-06-13,0.0,33.2,18.59,16.25
2020-06-14,0.01,32.48,19.28,15.89
2020-06-15,0.13,31.74,18.45,16.57
2020-06-16,0.0,30.53,17.18,16.73
2020-06-17,0.0,30.46,18.15,15.47
2020-06-18,0.01,30.52,17.55,14.88
2020-06-19,0.0,31.34,17.79,14.27
2020-06-20,0.0,31.38,16.72,16.98
2020-06-21,0.0,32.02,17.49,16.16
2020-06-22,0.0,31.19,16.39,16.35
2020-06-23,0.0,30.04,16.58,14.5
2020-06-24,0.0,31.34,15.07,15.08
2020-06-25,0.14,32.75,18.78,15.73
2020-06-26,0.71,31.13,20.18,12.95
2020-06-27,3.9,27.54,19.66,4.32
2020-06-28,7.5,24.73,18.27,8.33
2020-06-29,0.07,29.28,15.67,13.82
2020-06-30,0.11,30.73,18.8,16.28
2020-07-01,0.36,21.9,13.91,11.99
2020-07-02,0.06,23.76,10.29,16.33
2020-07-03,0.0,24.76,12.9,17.28
2020-07-04,0.0,29.54,12.69,17.37
2020-07-05,0.0,31.87,16.17,14.4
2020-07-06,0.0,32.3,18.28,16.56
2020-07-07,0.0,32.38,19.89,16.64
2020-07-08,0.0,32.39,17.01,15.56
2020-07-09,0.01,25.48,15.83,10.09
2020-07-10,0.0,30.02,14.52,16.95
2020-07-11,0.0,32.16,16.61,16.02
2020-07-12,0.0,33.39,17.15,16.25
2020-07-13,0.0,33.19,19.39,16.63
2020-07-14,0.0,33.16,22.33,15.64
2020-07-15,0.0,32.4,19.87,16.1
2020-07-16,0.0,32.57,20.94,16.66
2020-07-17,0.0,32.17,18.56,17.25
2020-07-18,0.0,31.75,18.48,17.66
2020-07-19,0.0,30.3,16.71,17.53
2020-07-20,0.0,31.13,16.13,17.82
2020-07-21,0.0,31.62,16.0,18.36
2020-07-22,0.0,32.2,16.17,18.28
2020-07-23,0.0,32.16,16.86,18.36
2020-07-24,0.0,32.21,16.43,18.38
2020-07-25,0.0,32.76,16.56,18.55
2020-07-26,0.01,32.03,15.7,18.14
2020-07-27,0.02,32.66,18.05,18.51
2020-07-28,0.27,33.6,17.78,17.3
2020-07-29,0.0,32.16,21.1,17.39
2020-07-30,0.0,28.83,19.39,17.67
2020-07-31,0.0,32.22,17.08,17.15
2020-08-01,0.0,31.49,19.65,17.02
2020-08-02,0.0,31.26,16.46,17.76
2020-08-03,0.0,31.09,15.97,19.45
2020-08-04,0.0,30.9,15.82,20.01
2020-08-05,0.0,30.99,14.4,20.03
2020-08-06,0.0,31.08,14.57,19.87
2020-08-07,0.0,30.85,14.79,19.93
2020-08-08,0.0,31.18,16.27,18.04
2020-08-09,0.0,31.55,17.03,20.09
2020-08-10,0.0,32.33,17.29,19.97
2020-08-11,0.0,33.45,17.96,15.6
2020-08-12,0.0,34.47,19.43,18.08
2020-08-13,0.45,35.95,20.32,19.25
2020-08-14,0.01,36.66,23.93,19.76
2020-08-15,0.02,36.83,21.22,19.43
2020-08-16,0.0,35.58,21.27,11.6
2020-08-17,0.04,37.34,22.19,13.57
2020-08-18,0.03,36.7,22.4,17.21
2020-08-19,0.09,38.19,22.66,18.15
2020-08-20,0.08,25.66,16.63,15.98
2020-08-21,1.96,21.92,14.94,3.28
2020-08-22,0.4,24.5,12.84,18.73
2020-08-23,0.0,29.12,14.66,21.29
2020-08-24,0.01,31.45,16.94,20.96
2020-08-25,0.0,33.17,16.55,22.06
2020-08-26,0.0,33.88,13.85,22.29
2020-08-27,0.0,34.71,13.48,22.75
2020-08-28,0.0,35.98,15.44,23.06
2020-08-29,0.0,35.99,18.25,22.49
2020-08-30,0.0,37.44,19.04,22.53
2020-08-31,0.0,37.81,19.9,22.41
2020-09-01,0.0,37.4,19.93,21.89
2020-09-02,0.0,36.06,21.97,21.95
2020-09-03,0.0,37.08,21.99,22.61
2020-09-04,0.0,37.62,21.43,23.15
2020-09-05,0.0,37.55,21.89,23.84
2020-09-06,0.0,37.21,20.46,23.71
2020-09-07,0.0,37.49,20.9,23.51
2020-09-08,0.0,38.71,20.94,23.71
2020-09-09,0.0,39.36,22.06,24.1
2020-09-10,0.0,39.46,23.35,22.77
2020-09-11,0.0,39.4,23.28,24.05
2020-09-12,0.0,39.15,22.47,23.15
2020-09-13,0.0,37.84,22.55,22.56
2020-09-14,0.0,37.54,20.89,20.39
2020-09-15,0.0,37.58,21.14,23.85
2020-09-16,0.1,38.18,22.19,23.95
2020-09-17,0.05,39.08,22.57,22.28
2020-09-18,0.12,37.62,24.13,13.43
2020-09-19,0.05,35.39,23.83,9.38
2020-09-20,0.53,35.65,24.28,8.33
2020-09-21,0.7,31.77,22.05,12.79
2020-09-22,5.27,30.81,20.11,15.85
2020-09-23,0.01,33.42,20.24,20.76
2020-09-24,0.0,35.35,21.67,25.43
2020-09-25,0.0,37.78,20.99,25.94
2020-09-26,0.0,39.38,22.66,26.45
2020-09-27,0.0,40.45,24.6,24.22
2020-09-28,0.0,41.44,25.4,23.7
2020-09-29,0.02,41.57,25.27,25.28
2020-09-30,0.0,43.01,24.33,25.72
2020-10-01,0.0,42.41,26.42,24.43
2020-10-02,0.0,42.6,26.08,26.0
2020-10-03,0.03,43.62,26.05,25.42
2020-10-04,0.03,43.38,26.59,24.15
2020-10-05,0.0,43.6,26.0,25.19
2020-10-06,0.0,43.47,26.28,24.1
2020-10-07,0.0,43.95,28.22,22.93
2020-10-08,1.21,42.78,29.14,17.63
2020-10-09,0.49,42.01,29.53,15.66
2020-10-10,0.94,35.68,25.05,16.87
2020-10-11,0.02,36.52,22.59,22.43
2020-10-12,0.0,38.05,22.91,20.66
2020-10-13,1.27,40.2,24.47,21.45
2020-10-14,0.63,37.98,27.18,20.07
2020-10-15,4.52,36.68,25.05,12.74
2020-10-16,4.35,32.22,23.87,16.12
2020-10-17,0.0,33.33,21.87,25.79
2020-10-18,0.01,35.95,23.11,24.01
2020-10-19,11.25,32.09,23.64,15.03
2020-10-20,19.09,30.6,22.71,13.65
2020-10-21,1.87,31.32,22.55,21.31
2020-10-22,0.08,33.1,23.18,22.72
2020-10-23,5.5,32.56,23.92,24.51
2020-10-24,7.02,33.08,22.53,17.11
2020-10-25,0.57,33.88,23.31,23.44
2020-10-26,5.95,32.07,24.66,16.56
2020-10-27,4.91,31.91,23.39,20.99
2020-10-28,7.98,34.04,22.12,26.67
2020-10-29,6.03,32.31,24.04,16.91
2020-10-30,1.12,32.16,22.85,18.58
2020-10-31,0.02,31.72,20.69,24.05
2020-11-01,0.0,31.15,19.01,28.16
2020-11-02,0.0,30.74,17.85,30.34
2020-11-03,0.04,31.52,17.43,27.09
2020-11-04,0.15,33.18,17.08,30.72
2020-11-05,0.32,34.36,18.39,30.64
2020-11-06,0.0,36.0,19.31,30.08
2020-11-07,0.0,38.38,20.14,30.76
2020-11-08,0.53,40.19,22.05,29.02
2020-11-09,20.1,33.37,24.87,16.75
2020-11-10,12.43,32.38,22.38,18.12
2020-11-11,17.11,30.39,23.19,21.76
2020-11-12,0.17,30.34,22.93,23.52
2020-11-13,2.86,30.09,22.57,23.15
2020-11-14,0.41,30.15,22.44,25.27
2020-11-15,6.99,33.37,22.18,27.62
2020-11-16,1.43,32.54,23.0,26.87
2020-11-17,1.48,33.16,23.29,21.81
2020-11-18,5.42,30.45,23.91,16.01
2020-11-19,4.09,31.19,22.58,18.98
2020-11-20,0.22,31.17,20.33,29.35
2020-11-21,0.46,32.72,19.09,31.07
2020-11-22,2.06,34.06,18.7,30.56
2020-11-23,0.0,35.25,19.99,30.5
2020-11-24,0.0,35.1,22.77,27.88
2020-11-25,0.0,36.23,22.96,29.18
2020-11-26,0.02,36.77,22.58,30.17
2020-11-27,0.0,37.86,23.26,28.77
2020-11-28,0.0,38.2,24.54,27.78
2020-11-29,0.0,38.59,24.65,29.64
2020-11-30,0.0,39.55,24.08,27.56
2020-12-01,2.97,37.51,25.34,25.5
2020-12-02,8.73,31.02,23.99,21.46
2020-12-03,5.05,35.93,23.89,13.35
2020-12-04,3.07,37.78,23.13,22.02
2020-12-05,1.74,34.43,24.87,22.93
2020-12-06,5.64,34.27,24.39,18.45
2020-12-07,8.62,32.15,24.8,16.33
2020-12-08,5.0,33.41,23.81,24.18
2020-12-09,0.01,35.15,24.52,26.8
2020-12-10,0.98,33.09,23.56,22.73
2020-12-11,0.87,28.46,21.55,12.96
2020-12-12,1.46,30.15,20.96,18.01
2020-12-13,2.66,34.16,21.71,23.93
2020-12-14,1.31,35.68,23.41,22.33
2020-12-15,7.24,32.86,24.57,25.84
2020-12-16,1.44,31.28,24.9,24.88
2020-12-17,0.16,33.34,24.39,21.83
2020-12-18,0.78,36.93,24.3,25.05
2020-12-19,2.99,37.1,25.0,25.07
2020-12-20,1.75,35.9,24.61,23.99
2020-12-21,0.72,37.03,25.39,26.38
2020-12-22,5.58,31.88,26.06,21.47
2020-12-23,4.39,35.01,24.48,22.63
2020-12-24,3.19,35.84,24.66,27.64
2020-12-25,0.06,36.07,23.76,26.64
2020-12-26,2.31,35.29,24.08,25.37
2020-12-27,13.29,32.02,24.3,13.72
2020-12-28,1.97,32.19,23.2,21.81
2020-12-29,5.1,33.25,22.67,22.41
2020-12-30,0.47,33.38,23.21,26.44
2020-12-31,1.18,33.83,23.39,19.9
2021-01-01,7.21,31.45,24.62,19.81
2021-01-02,0.23,35.08,22.68,26.93
2021-01-03,0.85,35.35,23.27,29.16
2021-01-04,1.99,35.3,22.93,24.18
2021-01-05,3.83,34.55,22.79,24.12
2021-01-06,1.35,33.48,23.91,20.51
2021-01-07,3.1,29.88,24.47,16.04
2021-01-08,2.95,33.41,22.52,24.95
2021-01-09,0.75,37.5,24.82,28.64
2021-01-10,3.28,37.39,24.7,20.55
2021-01-11,6.33,35.21,25.72,22.96
2021-01-12,0.95,32.87,25.26,19.74
2021-01-13,4.24,33.14,23.81,13.91
2021-01-14,3.75,30.59,23.39,15.69
2021-01-15,5.08,32.11,23.75,13.55
2021-01-16,6.73,31.59,22.95,18.21
2021-01-17,5.29,27.15,22.58,17.1
2021-01-18,9.7,30.05,22.05,20.99
2021-01-19,1.92,31.24,23.22,21.71
2021-01-20,0.97,32.82,22.87,19.22
2021-01-21,0.16,35.12,21.78,21.98
2021-01-22,1.36,35.14,23.91,19.42
2021-01-23,0.33,36.49,24.13,28.57
2021-01-24,0.54,34.88,23.84,18.39
2021-01-25,2.89,33.12,24.67,14.85
2021-01-26,1.3,33.31,22.99,23.06
2021-01-27,7.4,32.65,23.88,23.18
2021-01-28,13.04,30.87,22.22,23.81
2021-01-29,5.58,30.91,23.38,20.39
2021-01-30,0.49,32.81,23.63,20.21
2021-01-31,0.12,34.38,23.79,20.84
2021-02-01,8.34,29.77,24.7,24.14
2021-02-02,0.62,32.63,22.82,25.28
2021-02-03,2.12,34.89,24.09,24.7
2021-02-04,2.79,32.71,24.16,18.29
2021-02-05,5.49,32.76,23.27,20.09
2021-02-06,0.0,33.23,21.68,26.16
2021-02-07,0.0,33.42,20.24,29.02
2021-02-08,0.0,34.22,21.73,28.11
2021-02-09,0.0,34.94,20.72,27.0
2021-02-10,0.19,36.38,21.84,25.1
2021-02-11,1.38,34.39,24.21,11.62
2021-02-12,2.84,30.95,23.34,12.05
2021-02-13,0.14,34.11,21.88,23.49
2021-02-14,5.21,34.67,22.77,17.88
2021-02-15,11.87,29.43,22.24,20.75
2021-02-16,0.18,33.32,23.15,24.36
2021-02-17,1.08,33.5,23.26,18.2
2021-02-18,0.05,35.46,22.29,27.38
2021-02-19,0.0,36.57,19.86,30.4
2021-02-20,0.09,37.13,19.28,29.87
2021-02-21,0.0,37.79,21.09,27.95
2021-02-22,0.03,37.94,22.83,26.41
2021-02-23,0.45,38.75,24.37,24.19
2021-02-24,0.42,38.92,25.07,25.24
2021-02-25,3.74,38.94,25.48,24.57
2021-02-26,5.65,32.38,24.05,18.56
2021-02-27,3.64,33.74,23.48,22.38
2021-02-28,5.66,32.96,22.77,12.04
2021-03-01,9.61,30.61,21.52,21.93
2021-03-02,9.48,31.94,21.85,19.11
2021-03-03,6.67,30.43,22.2,16.32
2021-03-04,3.33,31.54,21.97,16.29
2021-03-05,8.45,29.41,22.14,16.62
2021-03-06,5.38,28.77,21.59,17.95
2021-03-07,0.48,30.96,20.51,20.04
2021-03-08,2.24,31.89,21.91,21.22
2021-03-09,0.04,31.47,21.44,25.23
2021-03-10,0.36,33.41,21.56,23.99
2021-03-11,0.13,34.81,23.06,23.36
2021-03-12,0.0,35.68,22.55,25.93
2021-03-13,0.01,34.87,23.71,24.6
2021-03-14,0.05,34.53,24.16,23.28
2021-03-15,0.39,34.89,22.1,23.32
2021-03-16,0.74,34.99,23.55,22.2
2021-03-17,1.23,31.61,24.02,21.67
2021-03-18,1.86,33.79,22.63,18.47
2021-03-19,7.49,33.15,24.08,19.36
2021-03-20,0.73,34.8,22.48,24.28
2021-03-21,0.36,35.72,23.11,24.42
2021-03-22,0.0,35.89,21.72,24.47
2021-03-23,0.0,35.38,23.5,21.02
2021-03-24,0.02,37.22,26.43,23.22
2021-03-25,0.02,36.33,24.47,22.34
2021-03-26,0.07,37.55,24.02,19.34
2021-03-27,0.26,37.26,24.71,21.14
2021-03-28,0.0,38.01,24.5,22.05
2021-03-29,0.02,38.19,22.81,22.74
2021-03-30,0.45,36.98,24.86,23.51
2021-03-31,0.14,35.38,22.94,19.73
2021-04-01,0.04,35.64,22.04,20.67
2021-04-02,0.01,35.48,22.49,23.88
2021-04-03,0.0,35.82,20.86,23.71
2021-04-04,0.0,35.93,22.8,21.61
2021-04-05,0.0,36.49,20.43,22.44
2021-04-06,0.97,34.39,24.12,16.38
2021-04-07,0.14,34.66,22.79,17.71
2021-04-08,0.0,33.06,22.48,21.28
2021-04-09,0.0,34.64,21.32,23.28
2021-04-10,0.0,34.78,20.1,22.62
2021-04-11,0.0,34.99,19.71,23.63
2021-04-12,0.0,35.63,19.57,23.33
2021-04-13,0.0,35.99,21.3,20.65
2021-04-14,0.01,34.43,22.58,19.35
2021-04-15,0.85,35.21,20.5,20.59
2021-04-16,13.19,33.8,21.61,16.78
2021-04-17,4.41,31.14,21.86,17.14
2021-04-18,0.37,31.16,20.72,17.81
2021-04-19,0.7,31.11,19.7,20.52
2021-04-20,0.03,30.78,18.36,21.82
2021-04-21,0.0,30.39,17.3,21.76
2021-04-22,0.05,30.77,16.03,22.04
2021-04-23,0.0,31.02,16.29,21.0
2021-04-24,0.0,32.79,16.8,21.48
2021-04-25,0.0,33.55,19.38,16.33
2021-04-26,0.03,32.19,21.05,16.08
2021-04-27,0.0,31.98,18.42,20.29
2021-04-28,0.0,32.49,15.88,21.56
2021-04-29,0.0,30.51,16.59,19.11
2021-04-30,0.0,30.81,16.08,17.41
2021-05-01,1.14,28.78,20.89,16.64
2021-05-02,0.01,32.82,20.2,19.19
2021-05-03,0.0,32.84,17.83,20.42
2021-05-04,0.0,33.49,16.86,20.48
2021-05-05,0.01,32.93,17.46,20.4
2021-05-06,0.18,32.83,18.54,19.76
2021-05-07,0.65,28.81,17.28,13.57
2021-05-08,0.31,30.26,17.14,18.58
2021-05-09,0.01,31.51,17.34,18.13
2021-05-10,0.0,32.54,18.32,16.53
2021-05-11,0.0,32.77,18.4,16.9
2021-05-12,0.0,32.83,19.67,15.68
2021-05-13,0.0,28.26,19.77,13.04
2021-05-14,0.0,30.56,17.91,14.19
2021-05-15,0.0,31.54,18.21,14.83
2021-05-16,0.0,32.24,17.82,17.43
2021-05-17,0.0,31.32,18.26,16.26
2021-05-18,0.0,31.65,17.72,17.48
2021-05-19,0.0,32.04,17.24,17.75
2021-05-20,0.0,32.71,17.92,17.97
2021-05-21,0.0,33.29,18.32,17.17
2021-05-22,9.95,30.47,22.04,3.63
2021-05-23,7.81,23.63,16.3,7.03
2021-05-24,0.01,24.53,14.12,12.79
2021-05-25,0.0,27.89,15.07,15.78
2021-05-26,0.06,31.43,16.81,15.92
2021-05-27,0.02,32.79,19.15,16.34
2021-05-28,0.0,33.09,20.51,12.95
2021-05-29,0.0,33.54,20.77,15.19
2021-05-30,0.0,32.86,20.46,13.82
2021-05-31,0.0,30.75,18.97,12.21
2021-06-01,0.0,30.94,18.49,15.16
2021-06-02,0.02,32.14,18.25,15.81
2021-06-03,0.0,33.06,20.1,16.61
2021-06-04,0.01,33.4,18.93,15.99
2021-06-05,0.0,32.43,19.08,15.47
2021-06-06,0.01,32.87,20.13,15.72
2021-06-07,0.54,32.34,19.62,13.84
2021-06-08,0.46,31.74,19.61,9.66
2021-06-09,0.51,32.02,19.11,10.43
2021-06-10,1.08,30.99,20.08,6.21
2021-06-11,3.15,26.6,18.97,7.37
2021-06-12,0.1,26.89,16.84,12.85
2021-06-13,0.01,28.01,13.87,17.46
2021-06-14,0.02,30.08,14.0,16.32
2021-06-15,0.0,30.72,15.11,17.13
2021-06-16,0.01,29.17,13.95,17.3
2021-06-17,0.43,28.59,15.03,14.99
2021-06-18,0.32,30.88,15.76,16.09
2021-06-19,0.0,32.24,16.14,16.03
2021-06-20,0.0,28.41,18.2,14.56
2021-06-21,0.01,31.11,16.02,14.94
2021-06-22,0.01,30.88,20.75,14.56
2021-06-23,0.04,30.74,18.59,16.12
2021-06-24,0.0,33.16,17.4,16.45
2021-06-25,0.02,33.02,19.18,15.36
2021-06-26,0.12,32.91,18.53,16.4
2021-06-27,0.0,31.65,16.98,16.67
2021-06-28,0.18,24.88,13.37,14.26
2021-06-29,0.22,17.03,10.31,13.96
2021-06-30,0.28,18.5,7.9,15.98
2021-07-01,0.0,23.48,5.13,18.09
2021-07-02,0.53,28.74,8.21,17.8
2021-07-03,0.0,29.11,11.9,17.86
2021-07-04,0.0,29.03,12.1,17.11
2021-07-05,0.0,28.85,12.25,16.58
2021-07-06,0.05,28.49,12.31,17.25
2021-07-07,0.0,28.45,11.67,17.71
2021-07-08,0.0,28.21,12.15,17.98
2021-07-09,0.0,29.3,12.2,17.57
2021-07-10,0.0,30.23,13.1,17.69
2021-07-11,0.04,29.8,14.2,17.66
2021-07-12,0.0,30.69,14.67,17.81
2021-07-13,0.0,31.24,14.68,17.64
2021-07-14,0.0,31.59,15.16,17.69
2021-07-15,0.03,32.54,16.34,17.94
2021-07-16,0.03,32.38,17.38,17.1
2021-07-17,0.05,31.79,17.63,15.21
2021-07-18,0.02,24.93,14.6,12.21
2021-07-19,0.0,21.26,8.32,19.08
2021-07-20,0.0,23.46,7.17,16.45
2021-07-21,0.0,28.73,8.99,18.05
2021-07-22,0.02,32.05,10.71,18.06
2021-07-23,0.0,31.53,14.22,18.15
2021-07-24,0.0,31.3,14.89,18.67
2021-07-25,0.0,31.91,15.08,18.59
2021-07-26,0.0,33.06,15.65,18.81
2021-07-27,0.0,33.88,17.12,16.51
2021-07-28,0.09,19.95,13.12,6.49
2021-07-29,0.0,18.42,7.55,19.24
2021-07-30,0.0,22.27,5.85,18.83
2021-07-31,0.0,28.57,8.24,18.62
2021-08-01,0.0,27.15,11.4,17.96
2021-08-02,0.0,29.39,13.27,18.73
2021-08-03,0.0,28.5,13.48,19.73
2021-08-04,0.0,27.23,13.55,17.5
2021-08-05,0.0,28.73,14.86,11.68
2021-08-06,0.0,29.09,15.93,15.23
2021-08-07,0.0,31.16,16.25,18.17
2021-08-08,0.0,31.47,18.06,19.4
2021-08-09,0.0,32.44,16.52,19.84
2021-08-10,0.0,33.61,17.64,19.98
2021-08-11,0.09,33.3,18.9,19.73
2021-08-12,0.01,32.73,17.86,19.3
2021-08-13,0.0,33.66,16.85,19.31
2021-08-14,0.0,33.99,17.14,19.6
2021-08-15,0.0,34.94,18.2,18.5
2021-08-16,0.0,36.52,20.8,19.36
2021-08-17,0.0,36.8,20.71,19.91
2021-08-18,0.04,36.4,20.14,20.53
2021-08-19,0.0,35.17,20.01,21.01
2021-08-20,0.0,34.49,19.31,21.23
2021-08-21,0.0,34.11,19.81,21.34
2021-08-22,0.0,34.92,19.55,21.7
2021-08-23,0.0,36.05,20.09,19.05
2021-08-24,0.0,36.93,23.64,18.69
2021-08-25,0.0,37.77,23.5,19.96
2021-08-26,0.0,33.87,21.75,17.34
2021-08-27,0.24,32.81,19.0,13.3
2021-08-28,1.31,33.29,19.22,7.08
2021-08-29,1.7,29.31,19.26,7.71
2021-08-30,0.0,32.32,19.16,19.46
2021-08-31,0.0,32.96,19.34,22.08
2021-09-01,0.0,32.79,18.94,22.94
2021-09-02,0.0,33.68,17.43,22.36
2021-09-03,0.0,35.47,19.59,23.65
2021-09-04,0.0,36.91,19.16,23.43
2021-09-05,0.09,38.55,21.14,19.88
2021-09-06,0.02,38.04,23.71,21.74
2021-09-07,0.0,39.53,23.77,21.06
2021-09-08,0.02,41.06,23.73,19.51
2021-09-09,5.55,32.31,22.38,9.15
2021-09-10,0.02,30.11,19.74,18.62
2021-09-11,0.06,29.27,20.31,8.47
2021-09-12,0.0,38.22,19.55,21.73
2021-09-13,0.02,39.61,22.27,20.02
2021-09-14,2.64,38.47,23.33,16.89
2021-09-15,0.6,37.8,23.42,17.65
2021-09-16,0.02,38.08,24.33,15.67
2021-09-17,0.0,39.23,23.45,19.91
2021-09-18,0.12,39.25,24.82,21.98
2021-09-19,0.0,39.42,22.62,23.42
2021-09-20,0.0,40.92,23.53,22.4
2021-09-21,0.0,41.86,24.46,20.6
2021-09-22,0.0,35.46,22.96,21.25
2021-09-23,0.0,34.59,19.55,23.62
2021-09-24,0.02,38.44,22.06,22.07
2021-09-25,0.02,38.38,22.76,19.26
2021-09-26,5.86,39.76,23.94,21.17
2021-09-27,4.71,34.71,22.6,21.44
2021-09-28,0.0,37.28,23.27,23.3
2021-09-29,0.02,38.02,26.53,21.42
2021-09-30,0.07,38.69,24.25,24.6
2021-10-01,3.63,36.75,23.42,17.04
2021-10-02,13.24,34.53,23.14,12.04
2021-10-03,3.01,37.31,24.08,21.75
2021-10-04,1.39,32.62,24.21,20.8
2021-10-05,0.86,35.45,24.15,23.99
2021-10-06,3.85,35.89,23.86,22.4
2021-10-07,7.8,32.35,24.51,7.42
2021-10-08,0.11,34.96,22.6,24.88
2021-10-09,0.18,37.98,23.55,23.95
2021-10-10,35.34,27.91,23.07,3.63
2021-10-11,21.09,31.23,22.22,17.71
2021-10-12,0.01,31.35,20.28,24.02
2021-10-13,0.04,33.65,20.23,26.92
2021-10-14,3.71,34.28,22.71,8.11
2021-10-15,3.46,32.46,24.3,21.4
2021-10-16,7.19,31.93,23.31,20.05
2021-10-17,0.18,31.83,22.5,23.61
2021-10-18,11.72,31.23,23.06,18.98
2021-10-19,5.68,30.27,21.62,13.82
2021-10-20,1.45,29.5,18.26,27.71
2021-10-21,0.15,30.69,17.59,28.34
2021-10-22,0.0,32.82,17.79,28.35
2021-10-23,13.04,35.63,19.85,26.0
2021-10-24,17.52,27.86,19.83,7.38
2021-10-25,0.03,30.43,18.44,22.63
2021-10-26,0.13,30.16,21.38,20.07
2021-10-27,0.27,32.06,22.16,17.59
2021-10-28,0.05,30.95,22.92,21.14
2021-10-29,1.33,33.15,22.43,26.55
2021-10-30,4.29,34.26,22.82,23.39
2021-10-31,13.9,30.17,22.28,13.66
2021-11-01,1.04,31.49,21.82,24.39
2021-11-02,0.34,32.64,21.35,27.41
2021-11-03,0.02,32.94,21.91,27.74
2021-11-04,0.04,34.33,24.11,28.53
2021-11-05,0.03,36.15,22.47,26.66
2021-11-06,0.01,33.37,25.74,24.94
2021-11-07,1.57,35.76,24.36,27.69
2021-11-08,4.12,36.97,24.05,26.76
2021-11-09,8.43,34.27,24.33,28.31
2021-11-10,13.67,33.83,24.2,24.57
2021-11-11,13.19,29.17,22.58,16.93
2021-11-12,0.02,31.23,21.18,18.51
2021-11-13,0.0,30.28,19.2,29.75
2021-11-14,19.54,31.88,19.93,25.87
2021-11-15,0.76,31.22,21.52,26.63
2021-11-16,0.21,31.25,21.69,25.72
2021-11-17,9.01,30.11,22.27,17.87
2021-11-18,26.98,26.72,22.56,13.87
2021-11-19,28.76,28.54,22.36,17.15
2021-11-20,3.83,30.02,22.34,23.84
2021-11-21,0.0,30.94,19.8,30.12
2021-11-22,0.0,32.11,18.3,31.24
2021-11-23,0.01,34.3,22.52,31.49
2021-11-24,0.57,34.39,23.43,26.46
2021-11-25,1.4,32.46,23.56,25.12
2021-11-26,2.29,33.23,23.84,21.6
2021-11-27,2.49,34.07,23.35,30.0
2021-11-28,5.2,34.13,23.12,23.96
2021-11-29,13.79,29.39,23.8,17.19
2021-11-30,8.96,29.0,22.62,13.26
2021-12-01,0.3,32.66,19.02,28.9
2021-12-02,0.79,33.29,20.97,23.86
2021-12-03,0.8,33.23,22.95,29.26
2021-12-04,0.08,34.18,21.82,29.05
2021-12-05,12.78,32.72,23.55,23.71
2021-12-06,5.4,33.22,22.83,26.34
2021-12-07,0.06,32.56,22.95,28.64
2021-12-08,0.0,31.46,18.78,29.81
2021-12-09,0.0,32.37,19.37,31.65
2021-12-10,0.13,34.12,18.13,32.39
2021-12-11,0.0,35.98,20.85,31.37
2021-12-12,7.24,31.19,23.03,23.2
2021-12-13,9.9,29.34,22.95,20.08
2021-12-14,34.84,28.65,22.87,14.35
2021-12-15,12.6,25.8,22.76,4.78
2021-12-16,21.58,27.82,22.8,13.2
2021-12-17,4.4,30.37,22.01,21.46
2021-12-18,9.08,30.49,22.95,17.67
2021-12-19,1.51,30.67,21.32,27.76
2021-12-20,0.05,31.48,20.06,29.75
2021-12-21,0.17,32.24,21.39,29.69
2021-12-22,0.01,33.76,22.51,28.53
2021-12-23,0.41,33.04,22.57,17.9
2021-12-24,0.77,30.98,20.94,30.91
2021-12-25,0.0,31.87,19.01,31.73
2021-12-26,0.0,33.07,20.43,31.03
2021-12-27,0.03,34.6,20.84,30.46
2021-12-28,3.63,34.66,21.98,23.79
2021-12-29,5.99,31.53,22.89,6.16
2021-12-30,9.71,31.26,21.63,21.27
2021-12-31,4.42,31.59,20.8,23.84
2022-01-01,0.88,31.32,21.69,22.08
2022-01-02,1.69,31.91,22.12,22.64
2022-01-03,5.18,32.0,23.3,24.55
2022-01-04,9.02,28.05,23.36,21.48
2022-01-05,3.59,30.26,22.46,20.76
2022-01-06,10.89,30.44,21.42,20.67
2022-01-07,7.42,30.98,21.26,18.6
2022-01-08,0.67,31.64,20.58,24.9
2022-01-09,0.06,31.32,21.27,23.27
2022-01-10,9.07,30.95,19.88,19.51
2022-01-11,1.32,30.51,20.39,26.03
2022-01-12,15.08,28.36,20.4,23.07
2022-01-13,4.09,30.35,21.54,22.39
2022-01-14,1.61,31.66,21.57,27.11
2022-01-15,0.1,32.86,24.42,25.9
2022-01-16,0.55,31.84,23.16,15.05
2022-01-17,1.11,31.01,21.94,21.46
2022-01-18,4.78,30.08,23.06,16.55
2022-01-19,14.05,30.38,22.03,24.84
2022-01-20,1.23,29.9,22.09,28.14
2022-01-21,0.52,33.59,22.92,26.73
2022-01-22,0.35,34.74,22.97,24.08
2022-01-23,0.9,35.4,24.18,22.03
2022-01-24,8.4,33.59,24.93,27.37
2022-01-25,2.47,31.76,24.67,24.94
2022-01-26,7.73,33.11,23.54,24.71
2022-01-27,5.15,31.94,22.6,23.19
2022-01-28,10.62,29.65,23.27,21.23
2022-01-29,20.03,28.76,22.86,12.15
2022-01-30,30.54,26.95,21.55,15.43
2022-01-31,33.07,28.23,22.03,14.76
2022-02-01,20.9,26.42,21.28,9.16
2022-02-02,10.98,27.05,22.35,13.87
2022-02-03,30.32,27.98,22.0,21.08
2022-02-04,3.93,29.47,22.05,25.71
2022-02-05,6.0,28.57,22.89,23.16
2022-02-06,3.33,28.62,22.52,14.34
2022-02-07,4.84,27.53,22.58,19.78
2022-02-08,4.05,29.68,21.4,26.31
2022-02-09,1.64,28.89,19.79,27.8
2022-02-10,0.12,29.6,19.41,26.71
2022-02-11,0.08,30.15,21.11,24.63
2022-02-12,0.13,30.47,22.3,26.83
2022-02-13,0.03,31.2,20.45,26.75
2022-02-14,0.02,31.91,21.08,28.49
2022-02-15,0.03,32.77,22.15,27.69
2022-02-16,6.84,32.25,22.69,26.18
2022-02-17,18.49,31.34,23.68,27.28
2022-02-18,0.51,29.23,21.39,13.08
2022-02-19,0.0,30.46,20.82,25.9
2022-02-20,0.3,30.46,20.8,25.69
2022-02-21,0.5,31.14,21.62,25.95
2022-02-22,0.38,32.84,21.83,26.64
2022-02-23,0.13,32.86,22.94,26.37
2022-02-24,0.35,32.43,23.06,23.85
2022-02-25,1.17,31.84,23.36,22.85
2022-02-26,3.16,31.5,24.18,24.48
2022-02-27,0.8,32.93,22.89,24.62
2022-02-28,0.0,34.53,23.37,27.18
2022-03-01,0.02,34.31,23.54,23.83
2022-03-02,10.6,31.01,23.86,18.38
2022-03-03,0.28,32.31,22.13,24.22
2022-03-04,0.45,32.5,22.05,22.66
2022-03-05,0.12,32.26,22.27,23.08
2022-03-06,0.01,33.65,22.57,24.71
2022-03-07,0.27,34.54,21.59,25.71
2022-03-08,0.27,35.64,22.43,23.48
2022-03-09,1.43,34.03,24.06,18.38
2022-03-10,1.39,34.61,24.98,23.98
2022-03-11,6.3,36.75,23.39,21.84
2022-03-12,13.37,27.86,23.49,19.53
2022-03-13,19.82,26.78,22.75,18.03
2022-03-14,13.35,29.7,22.05,17.5
2022-03-15,0.43,30.34,22.85,18.68
2022-03-16,0.21,30.82,23.69,18.76
2022-03-17,0.34,31.09,22.86,23.33
2022-03-18,2.49,31.62,22.94,21.78
2022-03-19,4.06,31.19,23.81,16.84
2022-03-20,8.56,26.62,22.7,17.67
2022-03-21,10.13,28.77,20.28,18.72
2022-03-22,0.38,30.41,20.68,24.01
2022-03-23,0.14,31.35,22.01,24.28
2022-03-24,5.38,31.9,21.71,23.76
2022-03-25,4.35,29.01,23.33,16.18
2022-03-26,18.77,28.63,23.05,17.16
2022-03-27,2.28,28.45,22.42,14.03
2022-03-28,1.47,28.15,21.41,17.5
2022-03-29,0.17,31.47,20.9,24.26
2022-03-30,0.2,31.59,21.48,22.42
2022-03-31,1.6,31.16,21.42,16.85
2022-04-01,1.5,29.17,21.34,13.07
2022-04-02,0.01,30.98,20.03,22.25
2022-04-03,0.68,31.38,21.22,21.92
2022-04-04,0.99,32.07,22.54,19.28
2022-04-05,1.71,32.64,22.78,19.98
2022-04-06,0.01,32.89,23.19,22.5
2022-04-07,1.74,33.66,22.81,21.29
2022-04-08,2.13,33.63,23.67,15.75
2022-04-09,1.21,32.43,24.18,19.4
2022-04-10,1.43,33.24,23.42,20.68
2022-04-11,14.93,31.18,22.52,18.93
2022-04-12,4.83,31.25,23.35,18.88
2022-04-13,2.58,30.77,22.83,9.57
2022-04-14,2.61,28.91,22.19,14.86
2022-04-15,0.01,28.71,19.19,22.58
2022-04-16,0.02,27.11,15.58,23.2
2022-04-17,0.01,28.2,13.59,22.69
2022-04-18,0.01,29.62,15.04,21.52
2022-04-19,0.05,31.19,15.94,19.67
2022-04-20,0.03,31.76,18.33,19.79
2022-04-21,0.0,32.2,18.19,20.36
2022-04-22,0.14,32.86,19.59,19.49
2022-04-23,1.41,32.29,19.83,9.11
2022-04-24,0.11,33.5,20.35,19.94
2022-04-25,0.0,34.53,20.98,19.5
2022-04-26,0.11,34.22,21.51,19.44
2022-04-27,0.0,34.0,20.71,18.61
2022-04-28,0.04,33.29,20.64,18.26
2022-04-29,0.16,34.25,21.3,19.25
2022-04-30,0.3,32.82,21.47,17.03
2022-05-01,0.08,33.62,21.49,17.46
2022-05-02,0.4,33.76,20.32,18.78
2022-05-03,0.64,34.4,19.83,19.13
2022-05-04,3.31,25.36,15.44,13.84
2022-05-05,0.04,26.01,12.49,17.73
2022-05-06,0.03,28.78,12.9,20.24
2022-05-07,0.04,29.61,13.06,19.89
2022-05-08,0.5,31.15,14.1,18.53
2022-05-09,0.02,32.69,16.04,17.3
2022-05-10,3.04,32.08,17.15,17.63
2022-05-11,0.71,29.78,19.97,10.73
2022-05-12,0.01,29.69,18.86,15.08
2022-05-13,0.0,31.17,17.77,18.52
2022-05-14,7.53,31.49,17.07,13.72
2022-05-15,12.17,29.14,19.47,11.04
2022-05-16,1.15,24.34,17.03,11.32
2022-05-17,0.0,19.82,10.52,19.48
2022-05-18,0.05,18.64,7.59,17.62
2022-05-19,0.32,19.74,7.41,16.86
2022-05-20,0.0,21.6,8.38,18.94
2022-05-21,0.36,23.89,8.2,17.76
2022-05-22,0.0,25.79,9.52,18.24
2022-05-23,0.0,27.64,11.9,17.88
2022-05-24,0.0,29.54,12.93,17.41
2022-05-25,0.0,29.12,15.45,17.63
2022-05-26,0.02,29.06,15.34,17.2
2022-05-27,0.54,28.99,16.46,15.09
2022-05-28,0.01,30.88,17.05,16.38
2022-05-29,0.0,32.13,17.1,16.79
2022-05-30,0.41,32.9,18.85,13.43
2022-05-31,1.93,29.88,19.66,12.33
2022-06-01,0.23,31.73,20.07,14.44
2022-06-02,0.0,31.58,20.68,15.61
2022-06-03,0.01,29.35,19.07,11.25
2022-06-04,0.0,30.48,17.9,16.3
2022-06-05,0.0,31.75,17.05,16.23
2022-06-06,0.01,31.58,17.54,16.33
2022-06-07,1.39,31.95,18.8,15.15
2022-06-08,12.26,29.15,19.68,6.46
2022-06-09,5.22,27.22,19.05,6.18
2022-06-10,0.75,25.09,19.65,7.18
2022-06-11,0.0,23.1,14.96,10.82
2022-06-12,0.0,21.78,9.93,11.31
2022-06-13,0.01,21.74,9.5,16.81
2022-06-14,0.09,23.62,9.45,11.41
2022-06-15,0.01,29.51,14.26,13.74
2022-06-16,0.0,31.2,16.12,16.18
2022-06-17,0.17,31.54,16.14,16.06
2022-06-18,12.64,23.06,15.54,6.66
2022-06-19,0.01,26.6,12.68,12.6
2022-06-20,0.01,29.6,15.98,15.3
2022-06-21,0.0,30.6,17.18,16.04
2022-06-22,0.02,29.88,16.6,16.06
2022-06-23,0.0,30.49,15.64,16.59
2022-06-24,0.01,29.94,15.11,16.45
2022-06-25,0.0,29.11,15.17,16.39
2022-06-26,0.0,28.11,14.36,16.04
2022-06-27,0.0,28.44,14.23,14.54
2022-06-28,0.04,30.16,15.59,16.01
2022-06-29,0.0,29.62,15.66,16.26
2022-06-30,0.01,29.42,14.76,16.27
2022-07-01,0.01,30.4,15.4,16.32
2022-07-02,0.0,31.89,15.67,16.56
2022-07-03,0.01,32.23,16.53,16.7
2022-07-04,0.0,31.39,15.41,17.1
2022-07-05,0.01,30.01,15.07,17.33
2022-07-06,0.0,29.94,15.32,16.77
2022-07-07,0.01,30.9,15.13,16.91
2022-07-08,0.07,31.14,16.15,13.7
2022-07-09,0.0,30.82,16.69,16.87
2022-07-10,0.14,31.31,16.02,15.74
2022-07-11,0.0,31.28,16.94,16.87
2022-07-12,0.02,31.05,17.53,12.78
2022-07-13,0.81,31.27,16.1,15.48
2022-07-14,0.02,31.9,16.2,15.68
2022-07-15,0.0,32.65,17.43,15.38
2022-07-16,0.02,33.7,19.1,13.97
2022-07-17,0.43,32.69,21.17,16.18
2022-07-18,0.01,33.12,17.92,16.5
2022-07-19,0.0,32.3,16.6,17.5
2022-07-20,0.37,31.64,16.06,17.15
2022-07-21,0.0,32.04,16.92,17.61
2022-07-22,0.0,31.48,16.67,17.46
2022-07-23,0.0,31.7,16.04,17.7
2022-07-24,0.01,32.54,16.75,16.82
2022-07-25,0.0,32.84,17.04,18.02
2022-07-26,0.01,32.79,17.0,18.19
2022-07-27,0.02,32.77,16.92,18.18
2022-07-28,0.07,33.24,16.27,18.18
2022-07-29,0.05,31.53,17.51,16.95
2022-07-30,0.0,29.82,14.62,18.65
2022-07-31,0.01,32.11,15.79,18.12
2022-08-01,0.0,33.08,20.47,16.85
2022-08-02,0.0,33.91,17.7,16.45
2022-08-03,0.0,33.96,19.02,17.25
2022-08-04,0.01,32.76,21.12,14.52
2022-08-05,0.0,33.75,20.83,17.99
2022-08-06,0.0,33.75,19.06,15.76
2022-08-07,2.12,32.84,20.87,10.23
2022-08-08,2.82,31.36,20.46,6.88
2022-08-09,12.62,26.46,16.38,5.3
2022-08-10,0.4,22.49,12.36,19.45
2022-08-11,0.02,23.55,9.57,20.3
2022-08-12,0.0,26.7,10.67,20.78
2022-08-13,0.01,31.21,12.58,20.6
2022-08-14,0.0,32.58,14.34,20.27
2022-08-15,0.0,33.46,16.89,20.23
2022-08-16,0.07,34.69,20.51,16.36
2022-08-17,2.95,32.13,18.98,4.25
2022-08-18,4.4,33.32,16.38,7.27
2022-08-19,0.07,22.8,12.84,18.67
2022-08-20,1.65,21.79,11.6,12.31
2022-08-21,0.22,29.51,14.1,11.89
2022-08-22,0.0,29.84,17.83,20.44
2022-08-23,0.21,31.21,16.24,20.01
2022-08-24,0.34,29.79,16.58,18.05
2022-08-25,0.0,31.12,18.91,16.32
2022-08-26,0.0,32.87,16.83,18.71
2022-08-27,0.0,34.09,18.16,21.73
2022-08-28,0.7,34.91,19.4,20.27
2022-08-29,0.46,29.69,19.01,18.13
2022-08-30,0.81,28.86,14.66,15.23
2022-08-31,0.11,33.13,17.0,20.77
2022-09-01,0.0,34.3,18.97,22.12
2022-09-02,0.11,35.04,19.06,22.06
2022-09-03,0.04,35.33,21.02,20.71
2022-09-04,0.02,29.93,20.76,12.4
2022-09-05,2.0,33.43,18.08,20.09
2022-09-06,3.81,34.59,18.97,16.15
2022-09-07,0.37,35.62,21.3,17.39
2022-09-08,0.01,36.2,22.18,20.65
2022-09-09,0.02,37.72,21.55,21.52
2022-09-10,0.0,35.28,21.2,20.36
2022-09-11,0.09,36.32,20.58,18.93
2022-09-12,0.01,37.5,22.66,18.81
2022-09-13,0.19,37.73,23.86,20.09
2022-09-14,3.76,35.21,20.93,11.77
2022-09-15,0.9,29.52,18.41,14.03
2022-09-16,0.21,30.34,19.65,19.9
2022-09-17,0.0,31.72,16.89,24.58
2022-09-18,1.1,35.14,15.8,24.66
2022-09-19,0.15,38.32,20.33,21.3
2022-09-20,7.75,32.88,22.8,8.99
2022-09-21,4.98,34.24,22.8,8.7
2022-09-22,13.44,26.64,18.79,4.87
2022-09-23,0.0,26.27,13.89,23.46
2022-09-24,0.07,29.79,15.64,23.76
2022-09-25,0.01,34.06,17.25,23.22
2022-09-26,14.11,31.86,21.98,16.47
2022-09-27,15.51,29.53,22.08,7.02
2022-09-28,25.3,25.82,20.13,4.98
2022-09-29,7.45,26.72,17.71,16.24
2022-09-30,0.37,29.2,17.65,13.05
2022-10-01,0.04,31.11,19.35,23.99
2022-10-02,0.05,32.55,19.83,25.49
2022-10-03,0.41,31.42,21.09,23.66
2022-10-04,15.39,30.62,21.43,18.47
2022-10-05,0.48,34.0,21.74,22.8
2022-10-06,5.53,31.97,22.41,16.76
2022-10-07,9.7,26.84,19.82,15.22
2022-10-08,0.0,30.92,18.06,21.05
2022-10-09,1.14,28.98,21.95,8.36
2022-10-10,0.92,28.93,21.49,13.54
2022-10-11,0.12,29.65,21.26,14.85
2022-10-12,6.81,25.54,21.16,5.95
2022-10-13,0.05,32.79,20.2,21.25
2022-10-14,0.0,34.14,19.46,26.95
2022-10-15,0.17,34.9,20.52,25.46
2022-10-16,0.0,35.38,22.47,25.14
2022-10-17,0.05,36.36,22.91,20.0
2022-10-18,0.37,35.87,24.24,16.29
2022-10-19,0.43,34.61,23.48,16.85
2022-10-20,4.31,35.16,23.3,18.43
2022-10-21,17.47,31.07,22.35,13.1
2022-10-22,2.13,31.32,21.45,25.27
2022-10-23,0.0,33.12,19.79,26.38
2022-10-24,0.01,34.5,20.07,27.97
2022-10-25,5.01,34.38,19.65,28.86
2022-10-26,0.01,35.82,18.67,28.34
2022-10-27,8.52,34.35,23.87,15.2
2022-10-28,0.02,35.03,23.19,26.16
2022-10-29,2.59,31.95,24.04,24.59
2022-10-30,2.4,33.36,22.94,22.83
2022-10-31,3.48,34.49,23.73,18.41
2022-11-01,1.42,26.75,17.66,7.98
2022-11-02,0.39,24.74,17.36,14.73
2022-11-03,0.01,26.21,15.51,18.8
2022-11-04,0.03,29.24,14.96,27.91
2022-11-05,0.02,30.26,15.5,27.82
2022-11-06,0.34,30.31,17.11,26.49
2022-11-07,0.0,32.19,17.74,28.05
2022-11-08,1.25,33.81,18.11,25.76
2022-11-09,1.35,35.76,19.27,27.95
2022-11-10,0.41,37.54,20.49,27.44
2022-11-11,15.57,34.28,22.77,6.36
2022-11-12,0.02,34.74,22.1,25.02
2022-11-13,1.66,33.95,22.66,22.67
2022-11-14,0.03,34.52,22.93,24.12
2022-11-15,0.0,33.62,22.63,28.08
2022-11-16,0.0,34.87,18.18,31.02
2022-11-17,0.0,36.22,19.25,30.11
2022-11-18,0.0,37.44,20.0,27.13
2022-11-19,0.47,37.19,23.47,26.76
2022-11-20,1.58,36.49,23.47,29.05
2022-11-21,0.51,36.47,23.61,19.2
2022-11-22,13.14,32.21,24.81,19.31
2022-11-23,5.39,31.5,23.25,24.41
2022-11-24,2.22,33.87,23.46,24.34
2022-11-25,0.04,34.05,22.41,28.65
2022-11-26,0.0,33.33,20.53,29.71
2022-11-27,0.01,35.26,19.94,26.97
2022-11-28,0.98,34.29,21.86,21.73
2022-11-29,3.66,33.18,21.84,21.61
2022-11-30,3.21,36.42,21.09,26.23
2022-12-01,3.44,32.22,24.0,21.79
2022-12-02,5.51,35.7,22.45,22.7
2022-12-03,13.03,31.54,23.3,19.41
2022-12-04,40.31,26.08,22.91,8.48
2022-12-05,6.14,28.58,22.12,19.54
2022-12-06,2.14,30.47,21.96,20.28
2022-12-07,15.87,30.23,22.22,20.29
2022-12-08,1.48,29.81,22.84,26.51
2022-12-09,0.61,33.03,23.28,24.75
2022-12-10,7.44,32.47,24.2,25.45
2022-12-11,7.99,30.77,22.81,25.09
2022-12-12,12.79,28.06,23.3,15.13
2022-12-13,18.92,28.28,22.04,10.26
2022-12-14,2.06,30.76,22.66,25.34
2022-12-15,1.38,31.04,20.84,27.93
2022-12-16,4.2,31.06,21.85,19.91
2022-12-17,5.2,30.85,24.14,26.61
2022-12-18,18.94,29.29,22.11,20.0
2022-12-19,3.56,29.67,22.42,20.39
2022-12-20,2.31,30.26,22.22,25.03
2022-12-21,0.01,30.22,20.27,30.11
2022-12-22,0.02,30.01,19.58,29.19
2022-12-23,0.01,31.47,20.24,29.81
2022-12-24,2.36,32.37,20.91,25.45
2022-12-25,7.51,28.62,22.69,20.91
2022-12-26,2.35,30.29,22.55,18.98
2022-12-27,2.38,32.37,21.91,22.2
2022-12-28,12.28,32.07,22.5,22.22
2022-12-29,11.16,29.58,23.17,20.54
2022-12-30,9.77,31.0,22.17,23.68
2022-12-31,2.42,31.5,23.3,22.04
2023-01-01,0.88,31.46,22.86,25.78
2023-01-02,6.43,32.76,22.54,15.96
2023-01-03,15.72,29.1,21.96,19.13
2023-01-04,22.86,27.32,22.59,11.29
2023-01-05,5.1,28.09,21.81,14.97
2023-01-06,8.29,29.08,20.59,13.57
2023-01-07,4.45,28.75,19.55,15.95
2023-01-08,4.74,28.58,21.01,13.31
2023-01-09,4.06,29.95,22.07,17.49
2023-01-10,10.27,29.72,22.74,18.55
2023-01-11,10.84,29.82,21.61,21.49
2023-01-12,3.56,28.94,21.99,22.35
2023-01-13,9.5,27.4,22.11,20.73
2023-01-14,8.61,29.78,21.71,23.69
2023-01-15,1.04,28.88,21.96,27.05
2023-01-16,5.74,30.3,21.72,23.49
2023-01-17,8.72,28.77,22.02,25.88
2023-01-18,6.68,29.0,22.99,26.55
2023-01-19,1.05,28.46,22.76,22.82
2023-01-20,11.94,29.34,22.06,14.77
2023-01-21,17.81,28.02,21.84,18.41
2023-01-22,10.6,28.15,22.18,23.8
2023-01-23,7.38,28.03,21.85,23.4
2023-01-24,8.24,30.14,20.96,23.73
2023-01-25,4.02,30.26,21.38,26.95
2023-01-26,0.42,31.16,20.7,27.63
2023-01-27,0.79,30.69,23.44,26.1
2023-01-28,7.48,28.97,23.09,22.79
2023-01-29,16.25,29.52,22.0,26.04
2023-01-30,12.07,27.17,22.31,17.19
2023-01-31,9.74,29.35,21.52,21.01
2023-02-01,0.33,30.2,22.27,23.87
2023-02-02,10.42,28.52,22.29,20.05
2023-02-03,16.37,28.74,23.17,19.39
2023-02-04,13.27,29.93,22.07,23.85
2023-02-05,20.75,29.2,21.62,20.37
2023-02-06,5.66,28.68,22.0,22.9
2023-02-07,2.32,27.22,21.66,20.97
2023-02-08,4.22,29.65,21.24,22.63
2023-02-09,13.15,29.95,22.61,22.5
2023-02-10,11.22,28.13,22.38,23.42
2023-02-11,2.01,29.43,21.22,18.8
2023-02-12,9.83,28.92,22.39,21.04
2023-02-13,7.54,27.86,22.23,25.25
2023-02-14,1.26,29.96,21.19,20.08
2023-02-15,10.31,31.18,22.92,18.83
2023-02-16,4.51,29.77,22.56,21.84
2023-02-17,10.27,29.55,22.5,17.04
2023-02-18,0.42,29.53,21.76,19.14
2023-02-19,14.43,26.86,22.43,18.16
2023-02-20,10.1,26.77,21.34,15.5
2023-02-21,3.58,27.92,21.73,11.67
2023-02-22,3.42,30.0,20.56,24.71
2023-02-23,4.11,27.53,21.56,22.59
2023-02-24,6.26,28.84,20.91,16.9
2023-02-25,0.55,30.63,21.62,25.71
2023-02-26,3.15,30.49,21.85,14.57
2023-02-27,0.3,30.37,22.99,24.71
2023-02-28,6.91,28.97,22.81,25.32
2023-03-01,2.5,29.03,22.87,21.09
2023-03-02,5.75,29.96,21.51,26.28
2023-03-03,2.3,29.78,21.54,24.01
2023-03-04,1.39,30.87,22.6,22.24
2023-03-05,6.26,30.16,22.72,20.69
2023-03-06,7.36,31.09,22.08,25.19
2023-03-07,3.02,31.2,22.09,23.49
2023-03-08,1.87,29.22,22.23,23.34
2023-03-09,0.02,26.76,22.72,22.8
2023-03-10,6.16,26.3,21.66,14.84
2023-03-11,1.91,26.94,20.85,13.76
2023-03-12,6.71,28.75,20.64,15.13
2023-03-13,4.79,28.22,21.01,18.31
2023-03-14,15.85,27.52,22.24,18.25
2023-03-15,4.55,27.49,22.18,17.11
2023-03-16,14.93,26.27,21.81,15.18
2023-03-17,4.04,26.36,20.81,12.27
2023-03-18,5.48,26.51,21.05,10.85
2023-03-19,3.11,27.31,21.02,10.13
2023-03-20,0.71,28.4,20.21,18.66
2023-03-21,1.47,29.38,20.41,23.54
2023-03-22,2.21,30.0,20.96,23.52
2023-03-23,0.76,31.02,21.07,24.34
2023-03-24,0.02,30.89,21.49,22.5
2023-03-25,0.07,30.88,22.57,23.4
2023-03-26,0.9,31.94,23.07,22.19
2023-03-27,0.13,32.45,24.92,22.28
2023-03-28,0.3,31.12,22.47,21.09
2023-03-29,0.38,31.49,21.92,22.05
2023-03-30,1.37,29.63,22.96,21.49
2023-03-31,3.26,31.05,22.59,20.89
2023-04-01,0.51,31.85,22.22,23.16
2023-04-02,0.03,31.96,22.01,23.73
2023-04-03,0.74,31.13,21.16,23.48
2023-04-04,0.01,31.21,19.65,22.87
2023-04-05,0.01,31.03,20.41,20.92
2023-04-06,4.86,30.71,21.37,20.91
2023-04-07,7.73,28.73,22.58,12.49
2023-04-08,8.4,29.66,21.3,8.88
2023-04-09,1.37,28.94,21.51,16.21
2023-04-10,0.03,29.3,20.26,21.04
2023-04-11,7.79,29.39,19.88,20.18
2023-04-12,3.15,27.09,22.17,15.43
2023-04-13,8.52,30.44,21.27,19.05
2023-04-14,2.24,30.12,21.64,10.69
2023-04-15,0.0,30.22,22.29,16.82
2023-04-16,0.0,30.6,20.78,20.57
2023-04-17,0.03,32.21,20.89,19.41
2023-04-18,2.19,31.1,22.67,12.08
2023-04-19,27.48,26.4,17.97,17.77
2023-04-20,0.02,25.42,14.72,20.76
2023-04-21,0.95,25.46,13.84,21.9
2023-04-22,4.03,28.14,15.79,19.78
2023-04-23,1.33,28.56,19.98,19.13
2023-04-24,0.91,28.79,19.46,17.94
2023-04-25,6.93,28.68,19.1,11.82
2023-04-26,2.89,28.64,19.78,14.8
2023-04-27,2.97,29.0,19.41,11.83
2023-04-28,1.35,28.62,18.35,16.83
2023-04-29,0.68,29.3,18.49,18.98
2023-04-30,1.19,29.37,17.3,20.34
2023-05-01,0.06,29.24,17.88,20.37
2023-05-02,0.02,29.11,15.83,20.1
2023-05-03,0.4,28.91,16.68,19.39
2023-05-04,1.7,29.1,17.72,18.92
2023-05-05,0.26,30.16,17.33,19.41
2023-05-06,2.58,29.93,18.08,17.62
2023-05-07,0.25,30.46,19.49,16.81
2023-05-08,0.31,30.36,18.25,18.73
2023-05-09,1.23,29.45,19.5,15.76
2023-05-10,0.56,28.41,20.58,11.99
2023-05-11,1.17,29.16,17.88,16.5
2023-05-12,0.01,27.77,13.4,18.38
2023-05-13,0.0,27.04,12.73,19.22
2023-05-14,0.01,26.93,12.48,19.44
2023-05-15,0.01,26.62,12.48,19.51
2023-05-16,0.01,26.73,12.74,19.43
2023-05-17,2.46,26.27,11.51,19.06
2023-05-18,0.01,27.76,10.73,18.96
2023-05-19,0.01,28.05,11.69,18.79
2023-05-20,0.31,28.27,11.75,18.17
2023-05-21,0.0,28.05,12.6,16.6
2023-05-22,0.01,27.41,15.43,12.05
2023-05-23,0.02,28.63,14.56,17.63
2023-05-24,0.02,28.08,14.04,17.77
2023-05-25,0.0,29.34,15.04,17.09
2023-05-26,0.0,29.38,15.69,17.17
2023-05-27,0.76,30.65,16.53,16.16
2023-05-28,0.59,29.35,18.76,7.02
2023-05-29,1.73,27.4,18.75,9.35
2023-05-30,18.97,24.36,17.54,2.68
2023-05-31,2.61,25.16,18.51,10.17
2023-06-01,0.03,26.46,16.12,15.44
2023-06-02,0.03,25.8,14.22,17.32
2023-06-03,0.04,27.08,13.25,17.4
2023-06-04,0.02,27.66,13.23,17.07
2023-06-05,0.01,26.63,13.22,16.64
2023-06-06,0.03,26.3,12.52,16.85
2023-06-07,0.51,27.6,13.21,16.42
2023-06-08,0.08,27.8,14.07,16.53
2023-06-09,0.38,28.66,14.16,16.78
2023-06-10,0.01,29.49,15.05,15.48
2023-06-11,0.0,30.29,16.21,14.58
2023-06-12,0.42,30.76,16.71,12.27
2023-06-13,8.6,25.95,17.58,10.79
2023-06-14,11.55,19.63,14.92,2.8
2023-06-15,27.43,15.2,12.52,2.15
2023-06-16,0.36,19.64,10.69,12.41
2023-06-17,0.55,19.59,9.59,16.02
2023-06-18,0.03,21.37,8.86,17.12
2023-06-19,0.02,24.02,8.56,17.2
2023-06-20,0.01,26.46,10.49,16.74
2023-06-21,0.01,27.14,12.15,16.56
2023-06-22,0.0,27.41,13.81,16.38
2023-06-23,0.03,27.31,13.83,15.24
2023-06-24,0.09,26.71,13.65,13.98
2023-06-25,0.0,27.84,13.91,16.67
2023-06-26,0.1,26.98,13.01,16.65
2023-06-27,0.03,27.94,13.04,16.45
2023-06-28,0.08,28.56,14.08,16.23
2023-06-29,0.57,27.16,14.78,16.38
2023-06-30,0.01,27.58,13.38,16.58
2023-07-01,0.0,27.83,13.55,16.68
2023-07-02,0.0,27.37,13.16,16.82
2023-07-03,0.04,26.43,12.71,16.96
2023-07-04,0.06,26.51,11.69,16.91
2023-07-05,0.04,27.94,12.37,16.81
2023-07-06,0.13,28.07,13.04,16.76
2023-07-07,0.24,28.74,13.58,12.95
2023-07-08,0.02,30.24,14.71,15.82
2023-07-09,0.77,30.48,16.55,14.25
2023-07-10,0.21,31.61,17.67,14.1
2023-07-11,0.0,31.52,16.48,16.24
2023-07-12,0.0,32.36,16.44,16.08
2023-07-13,12.32,25.84,14.25,10.72
2023-07-14,0.89,20.19,10.51,18.08
2023-07-15,1.08,24.88,7.99,18.2
2023-07-16,0.0,28.91,12.47,14.7
2023-07-17,0.0,29.96,16.19,13.27
2023-07-18,0.01,30.4,17.63,15.21
2023-07-19,0.02,29.88,17.69,14.75
2023-07-20,0.0,30.88,16.97,16.5
2023-07-21,0.0,30.12,17.91,17.11
2023-07-22,0.0,29.41,16.99,16.67
2023-07-23,0.0,30.04,16.33,15.48
2023-07-24,0.0,30.26,16.32,16.19
2023-07-25,0.0,30.55,17.77,14.27
2023-07-26,0.0,31.39,19.72,15.04
2023-07-27,0.0,32.48,19.55,17.23
2023-07-28,0.0,32.48,17.31,16.94
2023-07-29,0.0,30.4,17.63,17.38
2023-07-30,0.0,29.75,16.41,18.39
2023-07-31,0.0,30.76,15.87,18.79
2023-08-01,0.0,30.82,15.14,19.13
2023-08-02,0.0,32.29,15.41,18.79
2023-08-03,0.0,32.49,16.58,19.13
2023-08-04,0.0,32.66,16.9,19.1
2023-08-05,0.0,32.94,17.02,19.09
2023-08-06,0.0,34.28,16.12,19.13
2023-08-07,0.0,35.38,18.8,18.18
2023-08-08,0.0,33.57,18.59,18.81
2023-08-09,0.0,34.62,17.54,18.76
2023-08-10,0.0,35.73,19.07,18.63
2023-08-11,0.0,36.39,20.08,18.7
2023-08-12,0.13,35.96,21.34,17.28
2023-08-13,0.71,31.16,21.28,12.57
2023-08-14,0.0,30.88,19.78,12.23
2023-08-15,0.08,30.71,20.28,14.91
2023-08-16,0.0,32.41,20.4,17.66
2023-08-17,0.0,32.96,18.85,18.32
2023-08-18,0.78,34.93,20.02,19.14
2023-08-19,1.14,33.02,19.8,5.08
2023-08-20,1.55,32.29,20.0,11.75
2023-08-21,0.8,33.43,19.26,19.59
2023-08-22,0.0,35.8,20.39,20.04
2023-08-23,0.0,37.96,21.61,19.54
2023-08-24,0.56,36.82,23.97,14.77
2023-08-25,0.04,35.97,22.72,16.77
2023-08-26,1.15,31.33,22.31,12.02
2023-08-27,0.29,25.3,18.34,7.35
2023-08-28,0.63,28.38,16.44,18.1
2023-08-29,0.53,30.16,18.37,10.67
2023-08-30,4.13,33.43,18.71,15.65
2023-08-31,7.82,33.7,20.43,6.53
2023-09-01,0.36,34.24,19.41,20.74
2023-09-02,0.13,36.79,21.62,19.12
2023-09-03,1.17,36.18,23.76,20.51
2023-09-04,2.32,37.41,24.67,19.14
2023-09-05,0.96,34.1,22.52,19.59
2023-09-06,0.13,35.0,22.34,19.87
2023-09-07,0.26,34.13,23.5,21.41
2023-09-08,3.0,36.74,19.31,22.06
2023-09-09,3.03,33.18,20.8,8.66
2023-09-10,0.02,34.61,20.18,21.36
2023-09-11,0.0,36.53,20.4,23.37
2023-09-12,0.01,37.15,20.92,23.49
2023-09-13,0.0,39.13,22.98,22.37
2023-09-14,3.7,26.53,19.14,4.5
2023-09-15,0.0,31.92,17.47,23.55
2023-09-16,0.0,36.49,19.24,24.32
2023-09-17,2.63,38.02,22.73,21.59
2023-09-18,0.35,37.5,22.87,21.17
2023-09-19,0.02,37.66,23.52,23.02
2023-09-20,0.03,38.9,24.76,23.81
2023-09-21,0.0,39.7,24.63,24.01
2023-09-22,0.01,40.7,26.04,24.06
2023-09-23,0.04,40.88,27.0,23.54
2023-09-24,0.0,41.67,26.42,23.7
2023-09-25,0.05,41.83,26.76,23.81
2023-09-26,0.01,40.9,29.5,21.48
2023-09-27,1.01,41.86,28.32,19.18
2023-09-28,1.92,38.22,25.08,20.58
2023-09-29,0.0,33.62,24.62,21.29
2023-09-30,0.82,37.46,24.36,18.23
2023-10-01,11.08,36.29,25.57,18.18
2023-10-02,8.14,34.99,24.77,19.14
2023-10-03,0.03,37.88,24.22,24.08
2023-10-04,0.19,39.29,25.65,18.31
2023-10-05,0.08,39.86,25.76,22.19
2023-10-06,1.17,39.32,25.74,19.01
2023-10-07,4.87,35.93,26.5,13.18
2023-10-08,17.28,37.07,25.15,19.34
2023-10-09,1.83,32.31,21.23,14.58
2023-10-10,0.0,35.58,21.96,26.0
2023-10-11,0.16,38.11,21.87,26.62
2023-10-12,1.01,38.76,26.34,21.4
2023-10-13,5.6,34.01,23.85,17.61
2023-10-14,0.09,34.71,24.81,20.88
2023-10-15,0.53,37.95,23.84,24.76
2023-10-16,0.04,38.91,24.99,26.62
2023-10-17,1.6,36.88,27.32,19.45
2023-10-18,1.63,38.77,25.1,22.24
2023-10-19,4.72,38.39,24.95,24.81
2023-10-20,2.02,37.72,23.97,15.05
2023-10-21,0.73,37.5,24.51,26.35
2023-10-22,0.05,39.24,23.17,26.96
2023-10-23,0.12,41.03,25.62,26.29
2023-10-24,5.43,38.88,27.05,22.08
2023-10-25,9.54,34.89,24.28,20.41
2023-10-26,5.78,36.21,25.31,16.99
2023-10-27,4.77,37.73,23.91,17.62
2023-10-28,7.54,37.45,23.85,15.68
2023-10-29,10.77,34.4,24.38,16.08
2023-10-30,2.89,35.9,24.58,17.38
2023-10-31,3.25,35.96,24.22,16.31
2023-11-01,9.47,32.88,24.91,16.25
2023-11-02,1.3,34.54,23.4,25.09
2023-11-03,4.33,38.23,24.07,20.57
2023-11-04,7.72,29.77,20.75,24.64
2023-11-05,0.0,32.8,16.24,31.03
2023-11-06,0.0,34.48,17.63,30.53
2023-11-07,0.0,37.36,18.7,29.1
2023-11-08,0.81,37.73,24.18,26.41
2023-11-09,0.97,38.33,24.33,22.97
2023-11-10,0.0,39.71,25.69,27.91
2023-11-11,0.0,40.63,22.68,30.23
2023-11-12,0.01,41.56,26.47,28.33
2023-11-13,0.53,40.84,27.03,27.25
2023-11-14,0.38,41.75,26.53,27.18
2023-11-15,0.01,42.31,26.89,22.92
2023-11-16,0.27,42.96,27.43,25.36
2023-11-17,0.07,43.03,28.15,22.76
2023-11-18,0.16,42.22,28.0,23.08
2023-11-19,2.58,41.81,28.99,19.47
2023-11-20,19.36,32.8,24.32,19.44
2023-11-21,0.08,33.87,26.0,23.75
2023-11-22,18.14,33.72,26.23,21.5
2023-11-23,8.19,35.4,24.36,15.78
2023-11-24,10.17,29.9,24.31,18.6
2023-11-25,0.01,32.24,23.14,27.13
2023-11-26,1.11,33.93,22.79,28.17
2023-11-27,1.12,30.7,23.13,18.61
2023-11-28,5.22,32.57,24.02,24.21
2023-11-29,2.35,34.06,23.49,19.34
2023-11-30,1.16,34.91,23.9,26.23
2023-12-01,0.44,36.85,25.81,27.49
2023-12-02,1.71,37.81,25.7,26.49
2023-12-03,4.26,37.14,25.75,27.13
2023-12-04,3.69,35.95,25.25,16.9
2023-12-05,7.23,32.75,24.4,21.42
2023-12-06,0.41,36.48,24.17,28.74
2023-12-07,0.56,37.69,25.41,25.23
2023-12-08,0.35,37.26,26.63,26.47
2023-12-09,1.07,37.22,26.51,27.95
2023-12-10,0.04,39.54,26.36,23.73
2023-12-11,1.68,36.12,25.77,28.96
2023-12-12,0.63,38.29,24.88,26.46
2023-12-13,0.04,39.34,26.03,30.76
2023-12-14,0.53,40.55,26.46,28.99
2023-12-15,0.09,41.5,27.74,26.87
2023-12-16,0.48,40.99,26.64,27.64
2023-12-17,0.16,41.53,26.62,29.33
2023-12-18,0.46,41.45,27.62,25.87
2023-12-19,4.74,37.66,27.57,20.61
2023-12-20,15.41,32.2,25.8,24.61
2023-12-21,2.28,35.38,25.22,25.02
2023-12-22,1.51,35.62,25.34,22.36
2023-12-23,13.82,32.89,24.94,17.08
2023-12-24,0.11,34.63,24.48,27.87
2023-12-25,0.0,37.22,24.62,27.69
2023-12-26,0.17,37.17,26.27,24.85
2023-12-27,0.52,37.24,26.49,28.56
2023-12-28,0.1,39.4,24.85,30.56
2023-12-29,0.17,41.44,25.17,25.52
2023-12-30,3.99,33.51,27.82,19.51
2023-12-31,16.03,31.72,27.02,18.79
2024-01-01,17.75,30.66,25.57,20.38
2024-01-02,7.65,31.88,24.36,24.33
2024-01-03,1.0,31.21,24.66,24.9
2024-01-04,0.71,33.65,24.95,25.95
2024-01-05,5.83,33.65,25.03,24.08
2024-01-06,0.65,35.39,24.86,28.46
2024-01-07,0.15,36.0,24.36,28.7
2024-01-08,0.62,36.85,25.06,28.23
2024-01-09,1.72,36.4,25.04,28.65
2024-01-10,0.79,36.83,24.96,17.75
2024-01-11,13.67,33.36,24.15,21.98
2024-01-12,7.33,32.85,22.88,20.65
2024-01-13,1.8,33.19,24.98,13.6
2024-01-14,20.63,31.59,25.55,23.75
2024-01-15,8.67,32.25,23.76,20.99
2024-01-16,0.24,33.04,23.4,27.68
2024-01-17,0.18,34.96,23.9,24.09
2024-01-18,0.13,36.26,25.34,29.3
2024-01-19,4.7,37.19,25.42,16.56
2024-01-20,10.97,36.27,24.77,17.09
2024-01-21,4.37,34.76,25.34,23.14
2024-01-22,6.23,33.12,25.3,18.33
2024-01-23,10.1,31.33,24.72,15.25
2024-01-24,0.68,32.24,23.71,24.62
2024-01-25,0.0,31.61,21.47,27.66
2024-01-26,0.0,31.32,19.82,29.92
2024-01-27,1.36,32.2,20.35,27.47
2024-01-28,2.18,34.96,23.25,26.48
2024-01-29,0.53,37.27,21.18,29.55
2024-01-30,0.33,37.39,23.0,22.98
2024-01-31,1.96,37.01,24.81,28.14
2024-02-01,0.46,37.21,23.35,28.3
2024-02-02,0.82,37.89,22.19,24.31
2024-02-03,6.36,30.37,24.05,16.2
2024-02-04,3.42,32.79,23.0,16.93
2024-02-05,3.21,30.9,23.6,20.92
2024-02-06,1.91,32.95,23.14,14.01
2024-02-07,5.07,31.56,24.3,19.09
2024-02-08,3.89,29.0,23.18,25.74
2024-02-09,4.38,33.27,23.28,19.62
2024-02-10,4.07,35.21,24.03,26.29
2024-02-11,0.47,35.87,23.76,27.27
2024-02-12,0.39,36.35,24.94,24.35
2024-02-13,2.84,36.67,25.26,26.67
2024-02-14,2.44,37.65,25.31,19.17
2024-02-15,27.13,30.54,24.8,11.43
2024-02-16,7.15,32.94,23.78,21.26
2024-02-17,1.41,34.54,23.38,26.31
2024-02-18,12.87,29.93,23.66,22.98
2024-02-19,3.51,32.91,23.67,18.89
2024-02-20,2.77,32.39,23.54,24.27
2024-02-21,0.48,33.06,23.35,23.28
2024-02-22,0.31,33.86,23.21,25.47
2024-02-23,1.75,34.53,25.54,19.14
2024-02-24,5.65,33.6,24.57,24.02
2024-02-25,0.46,35.32,24.85,25.03
2024-02-26,2.27,34.98,25.76,22.62
2024-02-27,0.13,37.41,25.89,26.35
2024-02-28,0.0,38.77,24.4,25.87
2024-02-29,0.14,39.43,24.99,25.82
2024-03-01,0.41,39.96,27.51,26.21
2024-03-02,2.99,37.69,26.77,26.25
2024-03-03,0.13,38.99,25.97,26.8
2024-03-04,0.0,39.36,23.95,26.78
2024-03-05,0.75,38.92,24.05,23.89
2024-03-06,7.55,36.15,26.19,20.17
2024-03-07,7.86,34.68,25.18,18.71
2024-03-08,1.27,34.16,25.71,22.72
2024-03-09,4.86,35.34,26.38,21.85
2024-03-10,1.42,33.14,26.11,18.09
2024-03-11,1.77,34.5,25.48,22.55
2024-03-12,0.0,37.4,25.42,24.21
2024-03-13,0.83,36.92,27.23,24.16
2024-03-14,1.25,38.34,25.79,21.64
2024-03-15,0.05,38.58,27.36,22.46
2024-03-16,3.23,37.78,27.6,21.06
2024-03-17,0.96,37.84,27.08,16.59
2024-03-18,3.15,37.21,26.98,18.42
2024-03-19,4.75,37.42,27.34,20.24
2024-03-20,0.04,38.55,26.52,23.84
2024-03-21,3.63,33.82,27.15,20.7
2024-03-22,3.89,32.55,25.27,14.04
2024-03-23,1.3,29.59,22.22,11.4
2024-03-24,7.98,30.82,22.98,11.82
2024-03-25,8.83,31.53,22.3,14.85
2024-03-26,19.7,28.09,22.06,8.5
2024-03-27,5.03,25.53,21.37,7.5
2024-03-28,4.59,30.0,20.72,13.97
2024-03-29,13.43,30.16,21.74,15.94
2024-03-30,4.47,30.85,22.9,17.31
2024-03-31,6.04,30.9,23.33,18.95
2024-04-01,1.06,30.8,23.59,17.71
2024-04-02,4.94,30.33,23.68,15.0
2024-04-03,0.0,31.85,22.77,21.84
2024-04-04,0.04,32.76,23.13,20.25
2024-04-05,0.2,33.33,24.12,20.32
2024-04-06,0.3,33.51,23.43,21.4
2024-04-07,6.65,32.66,23.52,19.03
2024-04-08,7.52,31.86,23.76,18.21
2024-04-09,10.07,30.71,23.52,15.32
2024-04-10,4.39,30.65,22.56,18.25
2024-04-11,0.45,29.32,23.73,16.21
2024-04-12,0.41,29.73,23.36,16.05
2024-04-13,6.87,28.98,23.32,15.4
2024-04-14,26.16,28.05,22.79,12.28
2024-04-15,1.54,26.32,22.16,16.69
2024-04-16,11.44,29.79,22.19,16.96
2024-04-17,0.95,30.44,22.57,16.73
2024-04-18,0.01,29.0,20.42,15.94
2024-04-19,0.0,29.43,19.91,21.75
2024-04-20,0.01,31.09,17.4,20.14
2024-04-21,0.04,31.62,19.92,20.76
2024-04-22,0.0,31.2,19.67,21.33
2024-04-23,0.02,31.39,19.05,20.51
2024-04-24,0.0,32.45,19.29,20.0
2024-04-25,0.01,33.71,20.8,20.25
2024-04-26,0.04,34.38,20.35,20.05
2024-04-27,0.0,33.94,21.98,19.36
2024-04-28,0.0,34.14,21.25,19.84
2024-04-29,0.0,34.45,20.95,19.31
2024-04-30,0.0,34.83,21.35,19.1
2024-05-01,0.0,35.04,21.65,19.78
2024-05-02,0.0,35.0,20.59,19.29
2024-05-03,0.01,34.77,21.56,18.01
2024-05-04,0.0,34.57,21.1,18.72
2024-05-05,0.0,34.87,19.9,19.81
2024-05-06,0.0,34.43,19.19,19.18
2024-05-07,0.02,34.62,21.74,18.84
2024-05-08,0.0,34.63,21.24,19.17
2024-05-09,0.01,34.38,21.14,18.0
2024-05-10,0.01,34.56,19.77,18.91
2024-05-11,0.0,34.43,19.15,18.57
2024-05-12,0.0,34.88,18.89,18.94
2024-05-13,0.07,35.08,18.32,18.85
2024-05-14,0.0,32.56,20.75,13.48
2024-05-15,0.0,33.03,18.92,17.65
2024-05-16,0.0,34.47,19.44,18.45
2024-05-17,0.0,35.34,21.12,18.21
2024-05-18,0.03,35.29,22.05,17.89
2024-05-19,0.35,32.93,21.11,16.79
2024-05-20,0.0,32.08,19.64,13.87
2024-05-21,0.0,33.94,19.03,16.76
2024-05-22,0.0,34.11,19.6,17.73
2024-05-23,0.0,33.92,19.82,17.7
2024-05-24,0.35,34.37,20.75,7.63
2024-05-25,2.08,26.59,18.06,7.72
2024-05-26,0.71,26.97,15.93,5.51
2024-05-27,0.11,30.12,16.92,9.48
2024-05-28,0.06,25.33,15.68,7.24
2024-05-29,0.0,25.31,12.77,17.52
2024-05-30,0.0,27.89,12.46,17.57
2024-05-31,0.0,28.31,12.28,17.8
2024-06-01,0.0,30.72,12.33,17.0
2024-06-02,0.0,31.26,17.13,15.06
2024-06-03,0.0,31.44,17.27,14.92
2024-06-04,0.0,31.11,17.2,16.0
2024-06-05,0.0,31.25,16.26,13.45
2024-06-06,0.01,31.96,16.37,15.76
2024-06-07,0.01,31.96,17.07,16.17
2024-06-08,0.06,32.6,17.06,16.38
2024-06-09,0.0,32.81,17.37,16.41
2024-06-10,0.01,32.44,17.13,16.92
2024-06-11,0.0,32.22,16.63,16.76
2024-06-12,0.01,32.6,16.91,16.71
2024-06-13,0.0,32.49,17.94,16.95
2024-06-14,0.0,32.56,18.13,15.59
2024-06-15,0.0,32.8,18.14,16.08
2024-06-16,0.1,32.27,17.67,16.51
2024-06-17,0.0,31.98,17.53,16.76
2024-06-18,0.0,31.39,16.67,16.61
2024-06-19,0.0,32.18,16.67,16.73
2024-06-20,0.02,32.11,16.86,16.61
2024-06-21,0.0,31.85,16.86,15.93
2024-06-22,0.0,32.7,18.1,12.87
2024-06-23,0.08,32.83,18.57,15.66
2024-06-24,0.0,33.63,19.12,15.08
2024-06-25,0.0,33.69,19.85,15.81
2024-06-26,0.0,33.98,19.62,14.9
2024-06-27,0.0,30.89,19.62,14.58
2024-06-28,0.01,32.89,18.11,11.66
2024-06-29,0.01,32.49,18.92,13.34
2024-06-30,0.1,29.65,18.76,9.6
2024-07-01,0.35,26.71,16.48,5.29
2024-07-02,0.14,31.21,16.31,15.45
2024-07-03,0.09,31.42,16.7,12.69
2024-07-04,0.0,31.8,16.76,15.26
2024-07-05,0.0,31.98,16.84,11.94
2024-07-06,0.0,32.28,18.31,16.14
2024-07-07,0.0,33.33,17.93,14.17
2024-07-08,0.0,30.56,19.03,11.18
2024-07-09,0.08,28.48,17.8,6.73
2024-07-10,0.0,27.86,15.5,8.38
2024-07-11,0.01,33.05,16.31,13.39
2024-07-12,0.0,27.33,18.63,12.79
2024-07-13,0.0,31.23,18.18,16.33
2024-07-14,0.0,29.66,16.66,15.67
2024-07-15,0.0,29.1,15.06,15.51
2024-07-16,0.0,30.87,16.04,17.04
2024-07-17,0.0,31.3,15.68,17.32
2024-07-18,0.0,31.66,16.45,17.33
2024-07-19,0.0,32.08,16.78,17.63
2024-07-20,0.0,31.77,14.7,17.94
2024-07-21,0.0,32.04,14.64,17.97
2024-07-22,0.0,31.72,15.54,18.09
2024-07-23,0.0,31.85,14.96,18.54
2024-07-24,0.01,32.96,15.23,18.14
2024-07-25,0.16,32.37,15.08,18.25
2024-07-26,0.0,32.67,17.1,18.06
2024-07-27,0.0,33.52,16.07,17.35
2024-07-28,0.04,34.19,17.77,18.0
2024-07-29,0.0,34.53,17.97,17.25
2024-07-30,0.01,31.38,16.9,13.88
2024-07-31,0.01,33.73,16.6,17.81
2024-08-01,0.0,32.53,19.53,14.54
2024-08-02,0.0,32.02,18.76,16.41
2024-08-03,0.0,32.21,21.66,17.3
2024-08-04,0.0,32.37,19.21,17.36
2024-08-05,0.02,33.44,19.48,18.32
2024-08-06,0.0,33.17,20.0,18.63
2024-08-07,0.01,34.09,19.39,18.6
2024-08-08,0.0,35.05,19.63,14.28
2024-08-09,2.01,25.86,13.15,2.78
2024-08-10,0.6,21.29,9.96,20.79
2024-08-11,0.01,26.4,9.11,19.8
2024-08-12,0.0,25.97,9.87,17.65
2024-08-13,1.13,26.88,9.04,17.94
2024-08-14,0.0,31.28,12.97,17.74
2024-08-15,0.0,35.31,14.78,20.03
2024-08-16,0.04,36.04,16.66,19.52
2024-08-17,0.0,36.66,17.91,20.4
2024-08-18,0.0,36.76,18.48,20.87
2024-08-19,0.0,36.77,19.21,20.75
2024-08-20,0.02,36.88,19.32,20.7
2024-08-21,0.23,36.51,18.0,21.02
2024-08-22,0.0,37.01,18.09,21.2
2024-08-23,0.0,38.11,21.9,19.41
2024-08-24,1.93,33.26,17.11,14.14
2024-08-25,1.99,18.38,15.44,3.21
2024-08-26,0.0,25.11,12.72,21.25
2024-08-27,0.03,29.63,12.05,22.66
2024-08-28,0.0,33.7,13.29,21.88
2024-08-29,0.28,34.95,16.93,21.86
2024-08-30,1.48,35.08,17.77,22.47
2024-08-31,0.06,36.03,17.45,23.01
2024-09-01,0.1,37.37,18.38,22.69
2024-09-02,3.09,36.46,20.16,21.77
2024-09-03,0.0,38.13,18.41,22.75
2024-09-04,0.0,38.45,19.27,22.05
2024-09-05,0.09,36.08,20.13,17.51
2024-09-06,2.12,36.74,19.36,15.73
2024-09-07,3.25,37.5,19.97,18.53
2024-09-08,1.01,37.28,21.84,18.29
2024-09-09,0.02,36.51,20.45,18.49
2024-09-10,0.02,36.37,19.04,21.75
2024-09-11,0.05,37.52,18.65,23.37
2024-09-12,0.0,37.98,21.39,23.41
2024-09-13,0.0,38.69,21.22,22.81
2024-09-14,0.02,38.14,22.68,10.82
2024-09-15,3.33,36.85,21.93,15.13
2024-09-16,1.53,31.76,20.39,6.13
2024-09-17,0.02,33.01,18.85,22.53
2024-09-18,0.01,37.79,19.13,21.42
2024-09-19,0.54,39.43,22.17,21.94
2024-09-20,0.14,39.44,24.0,22.35
2024-09-21,0.51,36.51,22.66,13.02
2024-09-22,0.94,33.32,24.45,14.25
2024-09-23,0.0,39.26,22.78,16.29
2024-09-24,0.0,40.21,23.45,21.52
2024-09-25,0.02,41.0,23.49,23.8
2024-09-26,0.01,41.64,24.92,23.08
2024-09-27,0.32,35.46,25.23,11.94
2024-09-28,0.0,36.06,21.68,17.85
2024-09-29,0.0,38.71,22.19,23.81
2024-09-30,0.01,39.78,23.32,24.63
2024-10-01,0.01,39.33,24.64,24.38
2024-10-02,1.12,41.16,26.97,19.96
2024-10-03,0.42,40.04,26.92,13.56
2024-10-04,0.0,37.43,24.55,16.99
2024-10-05,0.0,37.4,21.41,25.02
2024-10-06,0.0,40.01,20.88,27.06
2024-10-07,0.0,41.77,21.0,25.13
2024-10-08,0.06,41.86,23.58,23.49
2024-10-09,2.43,39.56,25.62,11.0
2024-10-10,2.59,35.02,23.61,5.95
2024-10-11,6.04,38.08,24.43,12.6
2024-10-12,3.79,34.28,21.6,22.83
2024-10-13,0.0,36.51,23.73,25.7
2024-10-14,3.15,38.94,22.68,22.44
2024-10-15,10.65,30.7,23.77,22.47
2024-10-16,0.02,35.41,22.8,24.48
2024-10-17,0.0,37.25,24.42,24.63
2024-10-18,0.79,35.32,25.13,10.7
2024-10-19,26.57,32.13,23.1,12.23
2024-10-20,22.12,26.11,21.91,8.45
2024-10-21,0.59,28.26,22.53,13.08
2024-10-22,0.28,30.0,22.47,13.7
2024-10-23,2.07,31.42,22.33,18.09
2024-10-24,1.03,34.4,23.21,25.2
2024-10-25,9.71,33.93,24.58,16.82
2024-10-26,14.4,28.8,24.8,9.79
2024-10-27,0.0,31.35,23.88,15.72
2024-10-28,0.26,30.78,23.13,13.83
2024-10-29,0.31,31.05,23.94,25.69
2024-10-30,0.0,34.46,21.73,27.64
2024-10-31,0.01,34.5,21.85,23.76
2024-11-01,8.69,30.05,23.39,22.3
2024-11-02,9.21,29.67,21.82,10.97
2024-11-03,0.63,29.48,22.65,14.09
2024-11-04,30.85,30.75,22.61,11.72
2024-11-05,10.43,27.62,23.2,14.36
2024-11-06,24.94,29.72,22.83,18.91
2024-11-07,5.34,27.5,22.82,14.11
2024-11-08,5.08,29.93,22.22,12.75
2024-11-09,0.08,31.35,21.54,24.41
2024-11-10,0.0,31.84,21.55,28.16
2024-11-11,0.01,33.3,21.35,28.42
2024-11-12,0.03,34.28,23.3,23.16
2024-11-13,0.53,30.95,21.42,19.1
2024-11-14,0.03,32.51,22.53,25.56
2024-11-15,3.46,32.74,22.57,22.67
2024-11-16,7.63,31.93,22.67,21.79
2024-11-17,0.18,32.8,23.42,21.35
2024-11-18,0.29,33.61,23.36,27.85
2024-11-19,0.18,34.8,23.39,24.78
2024-11-20,1.31,32.63,24.93,19.09
2024-11-21,30.84,29.22,24.36,10.63
2024-11-22,1.63,29.48,22.31,15.59
2024-11-23,0.13,32.9,22.67,27.01
2024-11-24,0.0,33.19,21.52,29.01
2024-11-25,0.0,33.56,21.3,28.31
2024-11-26,0.0,35.29,22.61,29.51
2024-11-27,0.42,31.87,24.05,26.87
2024-11-28,4.97,33.0,24.83,20.02
2024-11-29,17.25,32.86,24.18,5.78
2024-11-30,6.59,33.48,23.66,24.94
2024-12-01,2.08,31.25,24.75,23.88
2024-12-02,12.14,28.81,24.08,15.81
2024-12-03,15.39,30.39,23.19,16.89
2024-12-04,19.08,30.33,22.85,13.67
2024-12-05,7.68,30.22,23.37,14.2
2024-12-06,0.82,30.59,22.73,28.19
2024-12-07,0.25,33.85,23.22,27.03
2024-12-08,3.11,31.7,24.33,18.98
2024-12-09,1.62,33.27,23.81,18.91
2024-12-10,3.42,31.18,24.28,19.12
2024-12-11,2.79,31.49,23.48,24.95
2024-12-12,1.59,27.5,22.49,27.18
2024-12-13,10.82,29.73,22.29,23.04
2024-12-14,14.0,29.3,22.18,11.19
2024-12-15,3.27,31.36,22.0,23.23
2024-12-16,0.4,30.95,22.46,28.05
2024-12-17,1.18,33.06,22.02,28.24
2024-12-18,0.01,33.9,22.23,28.38
2024-12-19,0.52,33.62,24.48,13.09
2024-12-20,6.93,32.62,23.61,19.29
2024-12-21,5.93,32.26,23.83,18.76
2024-12-22,1.73,29.7,24.18,21.9
2024-12-23,0.18,34.0,22.91,27.39
2024-12-24,2.26,31.71,23.83,25.52
2024-12-25,3.91,29.0,23.81,17.19
2024-12-26,9.48,31.04,23.13,16.26
2024-12-27,9.81,31.61,22.87,17.18
2024-12-28,2.89,32.81,22.97,26.41
2024-12-29,0.05,33.75,22.42,29.37
2024-12-30,0.86,33.13,21.97,27.4
2024-12-31,0.56,33.44,23.71,28.86
2025-01-01,1.16,34.44,23.5,24.15
2025-01-02,4.44,34.91,23.29,23.62
2025-01-03,5.67,33.47,23.71,20.65
2025-01-04,5.41,32.25,23.84,21.52
2025-01-05,0.21,34.95,22.23,29.37
2025-01-06,2.18,35.85,24.07,24.82
2025-01-07,0.32,36.18,23.61,26.6
2025-01-08,0.75,35.5,24.48,26.0
2025-01-09,1.14,36.16,23.96,26.12
2025-01-10,0.03,36.78,23.56,29.2
2025-01-11,6.92,38.17,23.25,28.46
2025-01-12,5.51,35.32,24.28,24.34
2025-01-13,0.77,33.98,24.59,25.26
2025-01-14,0.0,35.18,24.7,28.61
2025-01-15,0.0,35.6,23.18,26.87
2025-01-16,4.9,34.01,24.11,14.73
2025-01-17,8.38,29.76,24.24,19.85
2025-01-18,1.15,32.89,23.19,24.92
2025-01-19,0.41,34.9,23.58,28.19
2025-01-20,8.94,34.14,23.93,26.76
2025-01-21,1.26,34.77,23.44,28.73
2025-01-22,1.48,36.67,23.21,28.28
2025-01-23,0.26,36.54,25.51,22.56
2025-01-24,0.01,37.55,24.57,28.96
2025-01-25,2.6,37.15,25.89,24.51
2025-01-26,4.92,37.08,24.68,22.58
2025-01-27,5.85,31.32,24.49,18.34
2025-01-28,0.8,35.85,24.15,23.08
2025-01-29,2.82,33.01,24.98,25.23
2025-01-30,2.48,34.39,24.62,24.19
2025-01-31,9.25,30.07,24.31,9.45
2025-02-01,6.12,30.28,23.27,19.36
2025-02-02,9.33,29.63,23.0,19.16
2025-02-03,18.11,29.91,22.42,12.9
2025-02-04,12.42,30.76,22.24,18.31
2025-02-05,3.8,28.8,22.91,9.1
2025-02-06,1.98,28.45,22.24,15.7
2025-02-07,2.1,30.14,21.88,26.0
2025-02-08,0.36,31.67,22.33,27.87
2025-02-09,0.76,31.9,22.02,27.9
2025-02-10,1.38,31.66,22.03,23.24
2025-02-11,4.48,32.88,20.21,23.4
2025-02-12,0.24,31.74,22.08,22.7
2025-02-13,2.21,31.08,22.21,20.48
2025-02-14,1.39,33.76,21.62,19.32
2025-02-15,0.3,34.92,23.44,24.65
2025-02-16,0.14,36.14,24.52,26.6
2025-02-17,2.07,36.51,25.05,27.03
2025-02-18,3.95,35.52,24.25,22.59
2025-02-19,0.18,36.14,24.8,22.17
2025-02-20,0.39,37.28,26.22,26.52
2025-02-21,0.61,38.81,25.67,24.72
2025-02-22,1.19,36.92,26.26,23.43
2025-02-23,5.47,33.39,25.51,19.49
2025-02-24,0.16,33.36,24.66,22.29
2025-02-25,0.68,29.63,24.41,19.37
2025-02-26,0.13,33.52,22.31,24.04
2025-02-27,0.54,36.17,24.05,24.44
2025-02-28,0.1,37.3,24.47,26.07
2025-03-01,0.01,37.96,24.98,26.96
2025-03-02,0.02,35.33,24.32,20.54
2025-03-03,0.0,36.82,23.1,22.94
2025-03-04,0.72,37.46,24.68,23.44
2025-03-05,0.6,35.27,25.12,24.08
2025-03-06,0.0,35.1,25.01,26.45
2025-03-07,0.0,36.97,22.71,25.55
2025-03-08,0.01,37.1,24.57,26.23
2025-03-09,0.0,37.88,25.4,25.17
2025-03-10,0.45,37.94,25.12,23.8
2025-03-11,2.36,34.57,24.71,15.26
2025-03-12,0.18,37.76,23.55,22.16
2025-03-13,1.3,35.63,24.99,19.39
2025-03-14,0.0,38.21,24.31,23.27
2025-03-15,0.0,38.75,25.41,23.84
2025-03-16,0.33,39.5,25.84,22.99
2025-03-17,13.06,36.23,25.96,19.53
2025-03-18,14.69,30.93,24.9,19.72
2025-03-19,3.0,33.09,23.48,18.15
2025-03-20,0.03,33.34,22.64,24.3
2025-03-21,0.01,33.81,20.75,25.33
2025-03-22,0.22,34.61,21.34,16.69
2025-03-23,0.84,35.18,23.62,21.43
2025-03-24,2.51,34.56,24.83,22.61
2025-03-25,0.3,35.35,24.48,21.14
2025-03-26,0.51,36.0,25.71,20.44
2025-03-27,0.19,36.64,23.94,22.59
2025-03-28,0.05,37.71,23.9,22.78
2025-03-29,0.38,36.77,25.69,18.71
2025-03-30,6.69,36.43,24.63,19.78
2025-03-31,0.88,31.74,25.2,9.2
