data,PRECTOTCORR,T2M_MAX,T2M_MIN,ALLSKY_SFC_SW_DWN
2013-10-01,0.84,32.13,22.1,14.02
2013-10-02,3.41,29.32,22.69,11.48
2013-10-03,8.64,32.08,21.25,21.59
2013-10-04,8.61,27.25,19.95,4.67
2013-10-05,0.02,29.51,18.17,24.91
2013-10-06,0.0,29.73,16.04,27.11
2013-10-07,0.55,30.91,16.35,23.07
2013-10-08,5.27,27.9,17.53,15.87
2013-10-09,0.0,32.53,17.23,23.89
2013-10-10,0.0,33.03,19.16,26.35
2013-10-11,0.0,32.46,18.58,20.04
2013-10-12,0.02,31.17,20.55,11.46
2013-10-13,0.01,35.67,20.8,24.3
2013-10-14,5.07,33.68,23.03,23.08
2013-10-15,3.89,28.5,22.58,9.43
2013-10-16,2.68,31.31,21.25,13.18
2013-10-17,14.85,30.4,20.95,19.76
2013-10-18,3.27,31.41,20.91,22.01
2013-10-19,0.0,32.76,20.15,29.06
2013-10-20,0.11,36.11,19.43,28.84
2013-10-21,0.17,36.36,23.88,26.55
2013-10-22,0.48,31.16,24.14,24.58
2013-10-23,0.03,32.12,23.64,19.54
2013-10-24,0.24,37.88,22.62,25.89
2013-10-25,1.6,33.22,23.94,23.95
2013-10-26,0.0,37.7,21.94,27.08
2013-10-27,0.12,36.39,24.56,22.81
2013-10-28,0.17,36.63,22.47,27.97
2013-10-29,0.12,37.66,19.24,28.82
2013-10-30,1.72,36.81,22.25,24.58
2013-10-31,1.27,34.76,24.08,26.94
2013-11-01,1.55,31.9,23.55,23.6
2013-11-02,0.83,35.45,23.14,24.07
2013-11-03,2.68,27.01,23.85,19.59
2013-11-04,4.59,28.82,21.9,13.6
2013-11-05,2.46,31.84,20.29,16.85
2013-11-06,1.03,30.54,20.77,17.6
2013-11-07,1.68,32.53,20.46,21.66
2013-11-08,0.54,34.64,21.29,28.38
2013-11-09,0.05,36.89,22.17,27.48
2013-11-10,0.11,38.03,24.35,28.18
2013-11-11,6.29,37.31,25.08,15.85
2013-11-12,0.57,29.21,24.81,22.5
2013-11-13,0.52,32.7,24.05,26.15
2013-11-14,0.03,36.89,21.41,28.66
2013-11-15,0.01,37.03,23.05,28.09
2013-11-16,8.27,34.52,25.12,17.62
2013-11-17,2.4,32.12,22.99,20.81
2013-11-18,4.0,34.43,21.83,26.57
2013-11-19,0.35,34.9,23.59,24.22
2013-11-20,1.73,37.3,22.26,23.26
2013-11-21,4.59,34.33,24.23,23.94
2013-11-22,8.29,31.05,22.57,17.71
2013-11-23,5.3,31.09,22.78,17.45
2013-11-24,4.4,28.7,22.4,22.57
2013-11-25,8.72,28.63,21.76,17.57
2013-11-26,1.61,32.69,20.41,23.69
2013-11-27,0.03,34.85,20.5,27.8
2013-11-28,0.41,36.85,21.99,29.27
2013-11-29,1.51,37.13,23.14,27.24
2013-11-30,8.2,33.93,24.5,23.94
2013-12-01,1.83,30.47,23.51,19.32
2013-12-02,3.17,31.34,23.95,15.88
2013-12-03,1.8,33.03,23.81,27.32
2013-12-04,0.07,34.64,24.41,27.71
2013-12-05,1.18,36.64,24.35,27.65
2013-12-06,7.23,32.03,24.45,23.58
2013-12-07,1.53,32.84,23.8,18.29
2013-12-08,0.74,33.65,22.86,24.5
2013-12-09,3.75,33.64,23.52,25.42
2013-12-10,21.27,27.95,23.49,10.69
2013-12-11,16.39,29.23,22.67,16.83
2013-12-12,1.7,31.35,22.29,27.1
2013-12-13,0.09,33.26,21.18,24.73
2013-12-14,19.51,29.23,23.61,21.42
2013-12-15,3.24,31.56,22.69,21.41
2013-12-16,0.71,33.5,22.96,24.4
2013-12-17,0.0,33.74,21.34,27.86
2013-12-18,0.01,35.04,20.52,28.53
2013-12-19,0.0,35.73,22.45,29.67
2013-12-20,0.05,36.14,22.85,27.27
2013-12-21,0.02,35.38,22.77,28.94
2013-12-22,8.07,33.1,22.98,27.34
2013-12-23,12.74,27.7,22.65,14.31
2013-12-24,11.03,28.76,21.87,21.72
2013-12-25,2.72,32.67,22.09,23.46
2013-12-26,0.01,34.81,22.73,26.73
2013-12-27,5.16,34.52,23.98,23.47
2013-12-28,5.45,31.46,24.18,24.44
2013-12-29,2.05,31.95,23.08,22.56
2013-12-30,9.3,29.66,23.87,20.75
2013-12-31,8.23,31.21,23.05,12.99
2014-01-01,2.99,32.32,22.63,22.74
2014-01-02,1.74,32.17,23.35,25.66
2014-01-03,0.16,35.33,23.67,29.02
2014-01-04,0.02,37.73,24.63,26.76
2014-01-05,0.64,35.41,24.94,27.16
2014-01-06,0.09,35.45,23.69,25.7
2014-01-07,13.27,32.42,23.22,23.16
2014-01-08,4.06,29.46,23.3,26.79
2014-01-09,0.22,30.65,23.01,22.21
2014-01-10,3.03,33.9,21.89,25.43
2014-01-11,0.82,33.36,22.0,20.38
2014-01-12,11.68,31.62,22.94,22.12
2014-01-13,6.07,30.48,23.36,20.17
2014-01-14,18.0,29.31,21.81,20.76
2014-01-15,0.5,29.35,22.01,25.06
2014-01-16,1.74,32.55,20.31,18.41
2014-01-17,6.14,28.99,22.47,20.66
2014-01-18,2.91,28.79,22.4,24.06
2014-01-19,0.14,31.96,21.11,28.74
2014-01-20,0.96,34.4,22.55,29.15
2014-01-21,1.62,34.0,22.24,26.32
2014-01-22,2.0,32.45,23.33,24.98
2014-01-23,0.06,34.06,22.22,23.98
2014-01-24,33.95,30.99,23.11,26.45
2014-01-25,0.94,28.58,21.8,23.23
2014-01-26,3.15,30.82,21.71,22.9
2014-01-27,4.85,31.95,22.4,26.64
2014-01-28,3.21,31.26,21.02,29.08
2014-01-29,0.0,33.41,20.8,29.6
2014-01-30,0.0,34.58,21.79,27.83
2014-01-31,0.0,33.42,22.41,29.24
2014-02-01,0.0,36.0,22.02,29.9
2014-02-02,0.0,35.81,21.08,29.42
2014-02-03,0.0,34.36,23.09,25.47
2014-02-04,0.11,35.12,23.62,27.21
2014-02-05,0.0,36.05,24.06,27.78
2014-02-06,0.01,37.17,23.87,27.78
2014-02-07,0.0,37.31,22.77,30.03
2014-02-08,1.43,37.04,22.2,27.46
2014-02-09,0.42,35.86,23.33,23.2
2014-02-10,0.77,37.58,24.1,27.51
2014-02-11,0.45,36.2,23.99,25.44
2014-02-12,5.54,35.98,22.12,20.61
2014-02-13,8.3,30.4,23.92,23.5
2014-02-14,13.36,33.37,22.83,20.74
2014-02-15,32.51,28.66,22.74,13.74
2014-02-16,15.94,29.55,22.01,16.08
2014-02-17,6.09,30.14,21.61,20.36
2014-02-18,6.12,30.8,21.94,19.57
2014-02-19,2.4,30.77,22.26,21.06
2014-02-20,0.6,29.91,22.13,23.77
2014-02-21,17.93,25.73,22.64,17.28
2014-02-22,12.26,26.01,21.92,15.55
2014-02-23,2.81,27.53,21.67,19.08
2014-02-24,7.81,29.36,21.1,15.73
2014-02-25,0.31,30.06,21.35,14.61
2014-02-26,11.43,30.0,21.61,24.68
2014-02-27,2.75,31.27,22.44,23.83
2014-02-28,13.91,28.81,22.87,18.51
2014-03-01,5.74,28.64,22.37,22.39
2014-03-02,0.07,30.54,20.86,24.93
2014-03-03,18.84,30.43,22.01,23.58
2014-03-04,8.11,29.59,22.35,19.66
2014-03-05,7.6,27.95,22.88,12.74
2014-03-06,17.66,29.13,22.12,24.25
2014-03-07,36.79,29.27,22.22,19.48
2014-03-08,2.62,29.96,20.61,20.05
2014-03-09,0.01,30.3,20.67,25.99
2014-03-10,8.53,29.72,22.1,17.56
2014-03-11,9.76,27.78,22.42,18.04
2014-03-12,5.09,27.13,22.5,14.75
2014-03-13,1.02,27.57,21.74,14.23
2014-03-14,0.01,30.43,20.76,22.98
2014-03-15,0.46,31.16,20.9,24.99
2014-03-16,0.04,31.32,21.37,24.65
2014-03-17,0.94,31.25,20.91,24.72
2014-03-18,3.29,30.66,21.68,24.95
2014-03-19,0.06,30.35,20.96,24.45
2014-03-20,3.63,29.92,22.58,20.35
2014-03-21,9.28,29.04,22.84,18.56
2014-03-22,3.71,27.26,22.2,17.63
2014-03-23,0.01,29.52,20.61,22.0
2014-03-24,0.0,29.96,19.35,21.39
2014-03-25,0.2,30.45,20.25,21.84
2014-03-26,2.68,29.14,19.65,21.54
2014-03-27,1.15,27.96,21.84,17.88
2014-03-28,0.91,28.66,20.58,21.32
2014-03-29,3.45,28.61,21.48,16.26
2014-03-30,5.24,27.61,21.8,13.99
2014-03-31,0.54,28.72,21.46,16.3
2014-04-01,0.11,30.44,21.88,20.5
2014-04-02,0.03,31.43,21.45,22.2
2014-04-03,0.0,31.45,20.6,22.89
2014-04-04,0.0,32.04,20.71,22.6
2014-04-05,0.04,32.28,21.41,21.66
2014-04-06,0.05,33.04,21.73,22.07
2014-04-07,0.26,33.28,22.62,21.34
2014-04-08,0.85,33.77,23.09,17.41
2014-04-09,4.5,32.59,25.17,15.88
2014-04-10,0.17,29.53,23.96,15.86
2014-04-11,0.0,31.07,22.75,20.1
2014-04-12,0.94,30.41,23.57,18.77
2014-04-13,0.24,28.43,23.22,16.74
2014-04-14,9.26,29.26,21.61,13.44
2014-04-15,1.97,28.81,19.29,11.46
2014-04-16,1.37,30.56,20.26,13.48
2014-04-17,0.0,32.36,20.12,20.74
2014-04-18,0.0,32.43,20.67,20.15
2014-04-19,10.8,31.82,21.2,18.8
2014-04-20,0.1,30.16,21.68,19.73
2014-04-21,0.05,30.8,21.97,18.6
2014-04-22,9.76,28.53,21.97,14.64
2014-04-23,1.3,27.43,20.83,9.6
2014-04-24,0.4,29.08,20.52,15.03
2014-04-25,0.01,29.19,18.49,19.36
2014-04-26,0.0,29.52,17.4,20.97
2014-04-27,0.0,28.95,15.45,21.19
2014-04-28,0.0,30.07,14.69,20.82
2014-04-29,0.0,30.61,16.13,20.47
2014-04-30,0.0,29.55,16.11,20.17
2014-05-01,0.0,30.28,15.15,13.52
2014-05-02,0.0,29.82,17.11,13.33
2014-05-03,0.0,28.83,18.38,14.34
2014-05-04,0.0,31.75,16.54,19.33
2014-05-05,0.0,32.25,17.17,17.52
2014-05-06,0.0,31.78,18.09,16.42
2014-05-07,0.0,31.75,19.48,14.2
2014-05-08,0.0,32.18,18.84,17.76
2014-05-09,0.0,30.97,18.25,17.61
2014-05-10,0.0,29.84,16.02,19.17
2014-05-11,0.0,30.04,15.31,19.23
2014-05-12,0.0,30.9,15.57,18.4
2014-05-13,0.0,29.74,16.92,16.04
2014-05-14,0.0,29.59,18.17,16.09
2014-05-15,0.0,30.55,16.16,16.98
2014-05-16,0.0,31.58,16.66,14.88
2014-05-17,0.18,31.88,17.94,14.79
2014-05-18,0.87,31.37,19.99,12.55
2014-05-19,0.0,32.22,17.43,17.93
2014-05-20,0.0,32.43,17.53,15.65
2014-05-21,0.16,33.08,17.61,17.22
2014-05-22,8.61,32.61,21.42,12.83
2014-05-23,5.35,26.92,21.4,5.45
2014-05-24,0.12,26.83,17.39,9.37
2014-05-25,0.85,28.47,19.1,9.43
2014-05-26,0.05,24.78,14.08,13.19
2014-05-27,0.0,22.77,10.82,6.79
2014-05-28,0.0,25.03,10.6,12.72
2014-05-29,0.02,26.73,11.47,17.72
2014-05-30,0.0,28.51,11.84,17.73
2014-05-31,0.0,30.78,13.29,17.12
2014-06-01,3.03,25.66,17.6,3.73
2014-06-02,0.76,26.23,13.66,15.06
2014-06-03,0.0,26.41,10.24,17.78
2014-06-04,0.0,30.47,11.93,16.12
2014-06-05,0.0,32.8,17.56,14.6
2014-06-06,0.0,32.5,17.64,11.17
2014-06-07,0.0,33.36,19.07,15.56
2014-06-08,0.0,33.07,18.06,16.63
2014-06-09,0.0,31.94,19.44,13.9
2014-06-10,0.0,30.76,20.0,15.32
2014-06-11,0.0,31.43,18.56,16.52
2014-06-12,0.0,31.13,17.86,16.24
2014-06-13,0.0,31.14,17.9,14.99
2014-06-14,0.0,31.26,18.24,15.2
2014-06-15,0.0,31.71,17.75,15.66
2014-06-16,0.0,31.77,17.54,16.26
2014-06-17,0.0,31.69,18.07,15.94
2014-06-18,0.0,28.85,20.06,14.85
2014-06-19,0.0,30.07,16.09,16.0
2014-06-20,0.0,28.81,15.21,15.72
2014-06-21,0.0,29.17,13.79,15.89
2014-06-22,0.0,30.97,15.1,15.71
2014-06-23,0.0,30.26,17.94,12.17
2014-06-24,0.0,31.54,16.79,16.25
2014-06-25,0.0,31.57,17.17,16.42
2014-06-26,0.0,32.18,16.89,14.07
2014-06-27,0.0,32.84,17.64,16.16
2014-06-28,0.0,30.79,18.8,13.96
2014-06-29,0.0,24.72,16.69,6.9
2014-06-30,0.0,25.75,12.78,16.67
2014-07-01,0.0,30.31,13.89,16.48
2014-07-02,0.0,32.95,16.75,15.84
2014-07-03,0.0,33.65,18.04,16.12
2014-07-04,0.0,33.36,17.62,15.92
2014-07-05,0.0,31.78,17.27,16.13
2014-07-06,0.0,31.9,15.87,16.7
2014-07-07,0.0,30.89,18.88,8.58
2014-07-08,0.05,31.1,18.3,9.33
2014-07-09,0.25,31.36,18.06,13.76
2014-07-10,0.2,28.75,18.88,9.0
2014-07-11,0.0,29.09,16.07,16.95
2014-07-12,0.02,29.91,14.61,17.27
2014-07-13,0.0,30.88,14.58,15.97
2014-07-14,0.0,31.07,15.83,16.95
2014-07-15,0.0,31.69,16.09,17.27
2014-07-16,0.0,32.3,16.5,16.67
2014-07-17,0.0,32.91,19.06,17.15
2014-07-18,0.08,29.44,19.31,10.62
2014-07-19,0.0,27.6,15.98,17.75
2014-07-20,0.0,29.03,11.75,18.17
2014-07-21,0.0,31.53,12.07,17.85
2014-07-22,0.0,32.91,17.01,17.14
2014-07-23,1.25,33.57,20.99,15.73
2014-07-24,18.31,27.46,14.52,2.66
2014-07-25,2.11,20.24,13.3,5.33
2014-07-26,26.75,17.12,14.34,6.28
2014-07-27,6.63,19.51,14.84,6.74
2014-07-28,0.59,24.78,16.29,6.81
2014-07-29,0.0,27.89,14.52,17.27
2014-07-30,0.0,28.66,15.07,17.48
2014-07-31,0.0,29.35,15.04,18.93
2014-08-01,0.0,30.14,15.57,19.1
2014-08-02,0.0,30.76,15.29,19.31
2014-08-03,0.0,31.58,15.17,19.45
2014-08-04,0.0,32.12,17.63,18.44
2014-08-05,0.0,31.33,19.91,18.88
2014-08-06,0.0,31.31,14.98,19.11
2014-08-07,0.0,31.21,16.33,19.28
2014-08-08,0.0,30.94,14.7,19.91
2014-08-09,0.0,30.72,15.11,19.6
2014-08-10,0.0,30.43,13.83,19.11
2014-08-11,0.0,32.41,14.25,19.87
2014-08-12,0.0,33.11,16.6,19.78
2014-08-13,0.13,31.91,17.78,14.39
2014-08-14,0.0,28.8,14.35,18.2
2014-08-15,0.0,32.53,15.87,19.33
2014-08-16,0.0,31.99,18.64,20.01
2014-08-17,0.0,31.64,18.72,18.19
2014-08-18,0.0,32.05,19.64,19.22
2014-08-19,0.0,32.52,18.79,20.81
2014-08-20,0.0,32.74,15.39,21.5
2014-08-21,0.0,33.81,16.77,21.37
2014-08-22,0.0,34.48,17.87,21.65
2014-08-23,0.0,35.15,17.25,21.93
2014-08-24,0.0,34.69,17.36,21.35
2014-08-25,0.0,35.08,17.02,21.63
2014-08-26,0.0,31.29,19.86,17.92
2014-08-27,0.0,30.52,16.81,16.68
2014-08-28,0.0,34.43,17.48,17.73
2014-08-29,0.0,35.38,20.01,20.19
2014-08-30,0.0,36.79,20.03,21.22
2014-08-31,0.02,37.22,20.4,21.29
2014-09-01,0.0,37.37,22.02,18.6
2014-09-02,4.75,37.18,24.72,20.03
2014-09-03,1.41,35.77,22.33,19.7
2014-09-04,0.0,33.92,21.57,22.34
2014-09-05,0.0,34.65,18.53,22.78
2014-09-06,0.0,34.83,20.28,22.99
2014-09-07,0.0,35.36,20.24,16.08
2014-09-08,0.0,34.68,20.04,22.33
2014-09-09,0.0,35.62,18.88,23.54
2014-09-10,0.0,36.71,18.99,24.19
2014-09-11,0.0,37.47,21.02,22.76
2014-09-12,0.0,37.53,20.01,23.77
2014-09-13,0.0,36.79,19.6,23.21
2014-09-14,0.0,38.45,20.36,23.78
2014-09-15,0.0,38.02,22.17,18.4
2014-09-16,0.0,34.39,21.81,22.63
2014-09-17,0.0,38.42,21.71,23.96
2014-09-18,0.0,39.17,22.93,21.27
2014-09-19,9.53,38.01,24.72,14.59
2014-09-20,15.2,36.43,23.61,4.15
2014-09-21,3.9,30.47,19.68,19.33
2014-09-22,0.0,32.63,17.16,24.13
2014-09-23,0.02,36.27,17.03,24.45
2014-09-24,26.66,32.76,22.83,20.53
2014-09-25,2.17,32.94,21.66,11.68
2014-09-26,3.84,32.25,23.57,12.96
2014-09-27,1.25,31.97,22.88,6.25
2014-09-28,0.01,33.05,22.8,17.11
2014-09-29,4.25,36.51,22.33,22.44
2014-09-30,2.48,32.58,23.68,9.81
2014-10-01,10.17,37.17,23.42,19.92
2014-10-02,0.07,31.79,21.15,21.07
2014-10-03,0.3,31.83,17.43,26.61
2014-10-04,0.0,32.66,16.02,27.42
2014-10-05,0.0,33.46,16.0,24.55
2014-10-06,0.0,33.43,16.73,25.81
2014-10-07,0.0,33.96,17.02,22.23
2014-10-08,0.0,35.38,17.8,28.21
2014-10-09,0.03,36.82,18.53,27.4
2014-10-10,0.0,38.17,20.29,26.98
2014-10-11,0.0,38.62,21.58,26.74
2014-10-12,0.0,39.57,21.76,26.6
2014-10-13,0.0,40.36,21.88,27.61
2014-10-14,0.0,41.27,22.62,27.42
2014-10-15,0.0,41.58,25.05,25.18
2014-10-16,0.0,42.42,26.61,25.9
2014-10-17,0.01,42.42,25.77,24.4
2014-10-18,1.28,41.54,25.15,22.65
2014-10-19,11.51,36.61,24.78,13.95
2014-10-20,1.12,32.18,23.18,8.62
2014-10-21,0.0,35.61,23.0,25.25
2014-10-22,0.13,36.39,20.92,26.66
2014-10-23,2.39,34.11,25.0,25.95
2014-10-24,5.04,33.16,23.88,20.08
2014-10-25,10.53,25.62,21.57,11.49
2014-10-26,1.81,29.29,21.38,16.27
2014-10-27,0.02,33.74,21.08,23.57
2014-10-28,0.0,35.79,21.82,28.72
2014-10-29,0.0,36.25,19.08,29.71
2014-10-30,16.26,33.89,21.21,24.06
2014-10-31,4.39,32.77,23.1,22.85
2014-11-01,2.83,31.35,22.43,21.52
2014-11-02,22.65,28.59,23.02,19.23
2014-11-03,19.22,28.13,22.66,21.86
2014-11-04,10.7,27.72,22.75,17.88
2014-11-05,1.33,31.82,22.12,24.77
2014-11-06,1.1,33.59,22.33,25.37
2014-11-07,7.27,33.38,23.61,25.23
2014-11-08,0.31,30.66,23.27,8.46
2014-11-09,0.17,32.66,23.17,25.51
2014-11-10,0.08,34.16,21.64,27.79
2014-11-11,6.34,34.12,19.55,28.56
2014-11-12,8.15,29.16,23.79,14.37
2014-11-13,1.81,31.7,22.74,22.78
2014-11-14,0.13,32.5,22.45,25.72
2014-11-15,0.26,31.93,19.79,28.29
2014-11-16,0.0,32.81,18.4,29.46
2014-11-17,0.0,34.15,17.84,29.37
2014-11-18,0.02,34.7,19.58,28.78
2014-11-19,11.07,33.86,22.37,25.11
2014-11-20,13.75,29.07,23.76,18.44
2014-11-21,1.43,34.74,22.21,21.54
2014-11-22,3.31,28.69,22.92,10.1
2014-11-23,9.49,30.26,22.01,15.06
2014-11-24,6.79,27.85,22.02,16.13
2014-11-25,36.51,26.01,22.7,13.89
2014-11-26,11.91,29.15,21.9,15.5
2014-11-27,5.7,28.76,22.51,21.87
2014-11-28,1.5,29.87,21.37,18.51
2014-11-29,4.48,28.03,22.22,18.76
2014-11-30,19.05,29.58,22.79,14.36
2014-12-01,5.76,27.46,22.33,21.99
2014-12-02,7.05,26.22,21.89,20.28
2014-12-03,2.18,30.6,20.87,23.07
2014-12-04,4.38,30.76,21.16,25.08
2014-12-05,5.09,30.15,22.4,23.18
2014-12-06,1.06,29.45,21.32,21.49
2014-12-07,0.7,28.88,20.84,24.8
2014-12-08,3.8,26.16,21.21,19.49
2014-12-09,8.65,26.17,20.83,19.03
2014-12-10,7.12,26.61,21.47,17.08
2014-12-11,7.72,27.6,21.51,20.28
2014-12-12,11.18,28.88,21.3,18.73
2014-12-13,4.47,27.37,21.68,15.89
2014-12-14,5.03,30.93,21.57,24.03
2014-12-15,0.12,30.94,21.17,29.27
2014-12-16,0.68,31.81,19.58,28.28
2014-12-17,0.71,32.0,22.05,27.2
2014-12-18,4.29,32.58,22.29,23.51
2014-12-19,3.61,30.67,23.14,27.02
2014-12-20,3.19,29.81,22.65,21.06
2014-12-21,5.03,27.0,23.4,16.65
2014-12-22,20.18,27.92,22.84,18.81
2014-12-23,27.39,29.19,21.67,12.36
2014-12-24,6.14,27.99,22.44,18.24
2014-12-25,0.66,30.98,22.03,20.61
2014-12-26,0.05,31.03,23.06,29.73
2014-12-27,0.0,32.01,23.4,28.42
2014-12-28,0.0,32.76,23.16,29.46
2014-12-29,0.42,33.43,21.82,26.61
2014-12-30,18.99,31.12,23.33,28.12
2014-12-31,4.83,29.4,23.26,20.12
2015-01-01,0.02,31.21,22.63,28.59
2015-01-02,4.16,28.47,23.7,27.67
2015-01-03,16.43,28.66,23.46,25.89
2015-01-04,11.02,29.04,22.57,22.17
2015-01-05,10.71,27.42,22.35,19.64
2015-01-06,4.26,29.52,22.13,21.88
2015-01-07,0.42,31.36,22.53,29.57
2015-01-08,0.01,29.2,22.97,15.15
2015-01-09,0.26,31.98,22.76,28.46
2015-01-10,0.13,32.37,24.0,27.36
2015-01-11,1.17,32.99,23.44,26.1
2015-01-12,1.09,34.51,23.18,25.9
2015-01-13,0.62,33.64,24.27,25.46
2015-01-14,2.03,30.35,24.6,22.74
2015-01-15,11.94,30.59,22.8,27.47
2015-01-16,1.22,32.73,23.9,29.07
2015-01-17,0.01,34.27,22.96,29.73
2015-01-18,0.0,34.28,22.17,29.65
2015-01-19,0.1,35.36,24.18,29.32
2015-01-20,0.0,36.99,22.91,28.55
2015-01-21,0.13,30.69,24.11,25.02
2015-01-22,10.79,30.37,23.15,25.13
2015-01-23,8.11,30.6,22.73,25.85
2015-01-24,1.99,31.78,21.83,25.84
2015-01-25,0.55,29.01,22.54,15.82
2015-01-26,5.22,30.57,20.83,26.8
2015-01-27,12.92,30.15,21.91,18.42
2015-01-28,24.39,26.61,22.23,22.55
2015-01-29,5.74,30.31,22.16,19.52
2015-01-30,0.29,30.72,23.61,25.89
2015-01-31,0.02,30.56,22.56,28.42
2015-02-01,3.55,33.02,21.81,27.4
2015-02-02,9.1,31.8,23.8,28.6
2015-02-03,6.25,31.94,23.15,28.8
2015-02-04,28.5,28.46,22.72,17.11
2015-02-05,7.95,30.51,22.01,19.63
2015-02-06,14.18,30.01,23.0,24.14
2015-02-07,4.37,30.02,22.06,23.65
2015-02-08,7.91,29.9,21.29,25.24
2015-02-09,4.31,28.93,23.32,17.19
2015-02-10,5.36,28.45,22.4,23.46
2015-02-11,2.79,29.03,22.21,25.11
2015-02-12,1.43,29.63,22.52,25.77
2015-02-13,1.29,30.21,23.74,19.7
2015-02-14,9.52,29.18,23.56,22.78
2015-02-15,17.12,28.67,22.36,18.32
2015-02-16,8.46,27.27,22.33,18.66
2015-02-17,14.54,28.6,21.71,15.19
2015-02-18,24.84,27.48,21.87,14.34
2015-02-19,26.2,27.39,22.27,14.73
2015-02-20,11.82,27.82,21.86,17.28
2015-02-21,0.28,30.05,21.51,25.72
2015-02-22,0.03,31.28,21.56,27.49
2015-02-23,0.31,31.03,21.77,26.69
2015-02-24,3.51,29.93,22.08,24.84
2015-02-25,1.33,28.44,21.72,24.91
2015-02-26,2.95,27.68,21.95,13.69
2015-02-27,7.4,28.93,21.68,24.89
2015-02-28,1.64,30.04,21.86,23.38
2015-03-01,1.95,30.69,21.39,24.95
2015-03-02,3.02,28.38,22.66,23.77
2015-03-03,1.62,28.94,21.15,20.02
2015-03-04,3.77,27.17,22.7,22.54
2015-03-05,9.89,29.26,21.94,21.43
2015-03-06,5.92,29.65,23.63,16.61
2015-03-07,9.24,29.33,23.27,18.28
2015-03-08,10.47,27.96,22.04,14.39
2015-03-09,28.0,27.58,22.53,11.37
2015-03-10,7.01,29.35,22.41,17.86
2015-03-11,1.96,29.36,20.79,23.16
2015-03-12,16.57,28.5,20.95,21.11
2015-03-13,2.38,26.15,21.65,18.5
2015-03-14,11.02,28.32,20.83,19.93
2015-03-15,1.75,29.19,20.5,19.54
2015-03-16,3.0,29.48,20.9,23.47
2015-03-17,1.73,29.3,21.37,19.48
2015-03-18,8.95,25.8,21.36,21.56
2015-03-19,11.4,24.25,20.62,15.82
2015-03-20,12.42,24.89,20.44,15.56
2015-03-21,16.0,26.75,19.66,16.26
2015-03-22,3.69,28.38,20.11,18.51
2015-03-23,0.72,28.64,19.26,21.43
2015-03-24,0.02,29.52,18.84,25.31
2015-03-25,0.04,30.03,18.94,23.68
2015-03-26,3.88,28.64,20.88,20.75
2015-03-27,3.97,30.9,21.63,12.09
2015-03-28,0.49,29.49,21.91,21.37
2015-03-29,4.68,28.77,22.32,14.5
2015-03-30,8.92,28.96,23.34,16.84
2015-03-31,9.66,28.83,22.22,20.52
2015-04-01,6.11,28.54,22.64,20.9
2015-04-02,0.01,29.46,21.31,15.82
2015-04-03,0.72,29.8,21.08,22.18
2015-04-04,4.46,30.5,20.87,20.08
2015-04-05,4.0,30.53,21.77,13.16
2015-04-06,2.27,28.53,20.84,13.18
2015-04-07,0.0,27.29,18.63,21.64
2015-04-08,0.0,28.26,17.17,21.47
2015-04-09,0.01,28.67,19.49,20.32
2015-04-10,0.0,29.12,20.75,17.57
2015-04-11,0.0,29.57,20.0,21.37
2015-04-12,0.0,30.04,20.14,21.37
2015-04-13,0.13,29.45,20.18,21.73
2015-04-14,2.74,27.95,21.22,16.01
2015-04-15,4.1,28.93,21.36,15.88
2015-04-16,0.61,30.04,22.56,18.07
2015-04-17,0.01,29.67,21.32,19.91
2015-04-18,1.82,28.52,22.07,16.58
2015-04-19,0.87,29.82,21.25,16.98
2015-04-20,0.39,28.38,21.94,19.0
2015-04-21,5.72,29.86,22.29,17.38
2015-04-22,2.84,30.35,22.47,15.73
2015-04-23,0.06,29.08,22.6,16.45
2015-04-24,1.35,28.92,22.05,15.45
2015-04-25,0.33,29.57,20.93,18.89
2015-04-26,0.0,27.0,17.49,20.57
2015-04-27,0.07,28.73,15.73,20.74
2015-04-28,0.44,29.27,18.63,19.56
2015-04-29,0.02,28.23,18.47,18.96
2015-04-30,0.01,27.95,17.96,19.39
2015-05-01,0.0,28.23,16.22,20.13
2015-05-02,0.01,29.07,16.02,19.53
2015-05-03,4.93,29.59,17.5,16.88
2015-05-04,19.88,26.46,21.05,8.56
2015-05-05,2.91,27.69,19.9,11.42
2015-05-06,1.08,27.69,19.78,13.74
2015-05-07,0.0,27.21,17.36,18.17
2015-05-08,0.0,26.24,15.29,18.81
2015-05-09,0.22,28.62,15.82,17.08
2015-05-10,27.24,26.76,20.15,10.14
2015-05-11,3.64,26.17,17.55,9.51
2015-05-12,0.07,23.35,13.16,17.78
2015-05-13,0.0,23.86,13.81,12.91
2015-05-14,0.05,26.61,13.99,18.32
2015-05-15,0.03,25.61,17.2,8.71
2015-05-16,0.01,26.97,18.65,14.21
2015-05-17,0.01,27.26,17.05,16.15
2015-05-18,0.0,26.97,18.22,9.48
2015-05-19,3.13,26.6,17.24,11.29
2015-05-20,4.52,26.26,18.27,12.28
2015-05-21,0.35,27.67,18.3,12.51
2015-05-22,0.0,27.59,18.17,17.38
2015-05-23,0.0,27.39,18.56,10.36
2015-05-24,0.01,28.78,17.37,16.7
2015-05-25,0.0,29.91,18.27,16.75
2015-05-26,0.01,30.1,18.43,17.07
2015-05-27,0.01,30.02,18.38,16.65
2015-05-28,7.92,24.06,18.15,3.04
2015-05-29,0.2,24.96,15.76,13.71
2015-05-30,0.72,27.58,14.7,12.21
2015-05-31,4.1,29.31,17.89,12.4
2015-06-01,11.28,26.9,19.51,9.04
2015-06-02,4.78,27.44,18.63,3.81
2015-06-03,0.71,27.89,17.76,12.96
2015-06-04,0.02,28.32,16.96,15.95
2015-06-05,0.03,28.24,16.09,16.89
2015-06-06,0.0,28.87,15.8,16.37
2015-06-07,0.0,29.31,16.1,15.98
2015-06-08,0.0,29.19,16.62,16.04
2015-06-09,0.0,29.05,16.62,15.79
2015-06-10,0.0,29.54,16.35,16.43
2015-06-11,0.0,29.79,16.98,16.59
2015-06-12,0.0,29.59,18.01,15.78
2015-06-13,0.0,30.1,16.37,16.24
2015-06-14,0.27,30.33,18.14,14.83
2015-06-15,0.07,26.45,17.47,7.65
2015-06-16,0.01,25.24,15.1,15.39
2015-06-17,0.0,31.19,17.01,15.9
2015-06-18,0.31,30.61,17.94,14.16
2015-06-19,0.17,26.11,17.23,7.17
2015-06-20,0.01,27.87,15.51,15.97
2015-06-21,0.0,28.42,16.89,16.17
2015-06-22,0.0,28.0,15.41,15.06
2015-06-23,0.0,28.17,15.42,11.73
2015-06-24,0.0,27.88,15.71,12.11
2015-06-25,0.0,28.41,17.14,14.36
2015-06-26,0.0,27.72,17.87,13.99
2015-06-27,0.0,27.23,14.6,16.68
2015-06-28,0.0,27.27,12.73,15.76
2015-06-29,0.0,28.04,14.72,14.56
2015-06-30,3.11,27.58,15.37,13.3
2015-07-01,3.29,26.5,16.25,9.8
2015-07-02,0.17,27.86,16.99,8.11
2015-07-03,0.0,30.07,16.44,13.48
2015-07-04,5.26,23.4,15.55,3.91
2015-07-05,0.05,24.8,13.77,6.87
2015-07-06,0.51,25.16,16.51,8.25
2015-07-07,13.66,23.23,18.6,4.6
2015-07-08,7.98,21.73,15.83,5.37
2015-07-09,1.39,24.78,15.33,13.56
2015-07-10,0.1,29.87,16.02,16.52
2015-07-11,0.0,30.51,16.27,12.11
2015-07-12,0.0,31.43,16.58,16.85
2015-07-13,0.0,31.8,18.12,16.78
2015-07-14,0.0,32.48,18.15,14.75
2015-07-15,0.0,31.53,18.87,12.41
2015-07-16,0.0,30.5,18.77,11.35
2015-07-17,0.0,28.76,18.64,15.02
2015-07-18,0.0,29.81,15.98,17.31
2015-07-19,0.0,30.15,16.28,17.53
2015-07-20,0.0,30.33,15.39,17.45
2015-07-21,0.0,28.39,17.1,11.24
2015-07-22,0.0,27.96,14.47,10.36
2015-07-23,0.0,29.91,16.23,16.03
2015-07-24,0.0,30.94,18.11,17.02
2015-07-25,0.0,29.2,17.77,12.87
2015-07-26,0.0,28.3,16.71,16.5
2015-07-27,0.0,30.4,16.37,17.76
2015-07-28,0.0,31.69,15.89,17.98
2015-07-29,0.0,32.24,16.85,18.07
2015-07-30,0.0,31.87,16.93,18.52
2015-07-31,0.0,32.45,16.02,18.95
2015-08-01,0.0,32.03,16.08,18.87
2015-08-02,0.0,32.79,16.42,18.92
2015-08-03,0.0,32.57,15.56,19.25
2015-08-04,0.0,32.46,16.29,19.14
2015-08-05,0.0,32.74,16.16,19.36
2015-08-06,0.0,33.02,15.96,19.41
2015-08-07,0.0,33.63,15.93,19.6
2015-08-08,0.0,33.71,16.17,19.48
2015-08-09,0.0,33.16,17.08,19.36
2015-08-10,0.0,33.02,17.54,19.81
2015-08-11,0.0,32.52,18.62,19.68
2015-08-12,0.0,31.58,16.47,20.49
2015-08-13,0.0,32.18,15.56,20.23
2015-08-14,0.0,31.65,15.56,19.96
2015-08-15,0.0,32.89,16.23,20.28
2015-08-16,0.0,34.05,17.43,20.42
2015-08-17,0.0,33.81,18.58,17.67
2015-08-18,0.0,33.69,20.23,15.37
2015-08-19,0.03,31.17,19.42,19.38
2015-08-20,0.0,30.95,15.45,21.71
2015-08-21,0.0,31.59,15.34,21.32
2015-08-22,0.0,33.58,16.04,21.68
2015-08-23,0.0,35.51,17.46,21.17
2015-08-24,0.0,35.95,20.18,18.75
2015-08-25,0.0,36.2,21.12,16.9
2015-08-26,0.41,37.62,21.24,20.06
2015-08-27,8.95,34.96,21.44,4.46
2015-08-28,0.09,32.18,19.66,18.98
2015-08-29,0.05,35.27,17.01,22.23
2015-08-30,0.0,36.46,18.0,22.22
2015-08-31,0.0,36.89,20.01,22.71
2015-09-01,0.0,36.93,19.74,22.2
2015-09-02,0.0,35.87,19.28,22.77
2015-09-03,0.0,36.63,19.07,22.3
2015-09-04,0.01,36.74,20.3,22.45
2015-09-05,0.01,34.65,22.25,17.51
2015-09-06,0.31,35.94,21.64,20.47
2015-09-07,0.87,36.79,22.94,13.0
2015-09-08,12.38,35.67,23.5,12.78
2015-09-09,35.43,25.76,19.36,9.63
2015-09-10,2.26,33.4,19.41,6.64
2015-09-11,31.79,27.32,19.07,3.77
2015-09-12,1.43,26.57,17.23,6.55
2015-09-13,0.17,27.69,16.74,13.3
2015-09-14,0.0,30.1,16.57,20.75
2015-09-15,0.01,35.69,18.01,23.18
2015-09-16,0.02,36.35,22.85,23.31
2015-09-17,0.0,37.04,22.69,22.81
2015-09-18,0.0,37.49,23.47,24.33
2015-09-19,0.0,37.7,19.89,25.7
2015-09-20,0.0,37.33,19.83,25.78
2015-09-21,0.0,37.32,19.16,25.75
2015-09-22,0.0,37.72,20.35,25.0
2015-09-23,0.0,38.36,20.46,25.25
2015-09-24,0.0,38.55,21.67,22.45
2015-09-25,0.49,39.74,24.06,21.92
2015-09-26,4.68,34.95,24.26,15.22
2015-09-27,3.19,36.51,23.48,20.22
2015-09-28,1.58,30.25,22.66,9.15
2015-09-29,0.04,28.46,22.2,11.01
2015-09-30,0.07,34.96,20.15,17.3
2015-10-01,0.0,35.62,21.6,20.68
2015-10-02,0.26,37.11,24.02,24.04
2015-10-03,1.55,34.05,23.75,9.78
2015-10-04,0.03,33.29,22.88,11.53
2015-10-05,0.0,36.82,21.89,24.8
2015-10-06,0.0,38.83,20.81,26.66
2015-10-07,0.0,40.72,22.17,26.08
2015-10-08,0.08,39.85,26.64,24.04
2015-10-09,18.26,37.29,25.41,21.63
2015-10-10,7.56,27.58,23.45,9.74
2015-10-11,0.22,32.41,22.37,19.24
2015-10-12,0.15,31.15,20.69,19.07
2015-10-13,0.0,34.86,18.59,25.55
2015-10-14,0.0,38.84,21.92,26.7
2015-10-15,0.0,39.51,23.02,26.72
2015-10-16,0.0,39.98,24.34,25.21
2015-10-17,0.0,41.53,23.41,26.02
2015-10-18,0.0,40.0,23.89,25.65
2015-10-19,0.0,41.66,23.94,26.26
2015-10-20,0.0,40.85,26.55,23.81
2015-10-21,0.24,40.36,26.11,22.13
2015-10-22,3.04,40.66,27.22,19.28
2015-10-23,6.12,36.41,24.68,12.03
2015-10-24,0.81,37.46,24.27,25.62
2015-10-25,2.5,37.22,23.88,24.59
2015-10-26,8.57,33.5,24.71,21.06
2015-10-27,9.91,33.24,24.18,22.83
2015-10-28,1.74,31.6,23.47,16.15
2015-10-29,0.03,34.79,23.28,26.79
2015-10-30,4.31,34.5,22.7,24.72
2015-10-31,25.17,26.67,22.92,8.35
2015-11-01,7.55,31.49,22.35,16.19
2015-11-02,12.61,31.87,22.41,22.62
2015-11-03,11.28,27.68,23.58,15.11
2015-11-04,5.7,28.7,23.09,19.51
2015-11-05,3.51,30.55,23.08,23.44
2015-11-06,0.3,32.12,21.91,23.63
2015-11-07,0.19,33.07,21.04,11.94
2015-11-08,0.24,34.78,21.11,23.33
2015-11-09,2.39,32.25,23.58,24.02
2015-11-10,0.21,37.14,22.87,27.48
2015-11-11,0.39,34.51,25.06,22.69
2015-11-12,0.01,35.75,23.54,27.33
2015-11-13,6.16,32.16,24.78,26.12
2015-11-14,28.82,30.34,24.46,26.91
2015-11-15,9.44,30.6,23.69,16.67
2015-11-16,7.55,31.17,23.38,25.38
2015-11-17,8.98,30.3,22.71,21.67
2015-11-18,4.58,32.46,23.27,24.95
2015-11-19,11.43,33.05,23.84,25.34
2015-11-20,3.94,30.72,23.81,11.86
2015-11-21,0.14,31.89,21.3,17.75
2015-11-22,1.81,32.3,23.55,23.0
2015-11-23,14.14,31.94,23.49,24.87
2015-11-24,18.2,30.8,24.44,7.28
2015-11-25,21.53,29.8,24.08,3.42
2015-11-26,3.65,29.25,22.9,19.04
2015-11-27,2.3,31.12,22.58,27.85
2015-11-28,29.75,28.67,23.42,18.24
2015-11-29,7.14,30.95,21.93,19.12
2015-11-30,6.49,29.2,22.67,21.28
2015-12-01,0.57,31.1,21.76,22.86
2015-12-02,0.71,29.95,23.34,17.28
2015-12-03,10.21,29.69,22.17,20.3
2015-12-04,7.61,32.27,22.62,28.22
2015-12-05,4.41,30.55,23.08,24.6
2015-12-06,3.16,29.11,21.97,14.32
2015-12-07,7.39,29.96,21.89,20.57
2015-12-08,5.02,30.61,22.55,21.05
2015-12-09,1.25,30.01,23.45,20.31
2015-12-10,2.2,30.85,23.23,12.68
2015-12-11,1.4,29.43,23.01,21.29
2015-12-12,2.78,29.14,22.79,19.06
2015-12-13,1.09,30.25,22.52,19.71
2015-12-14,0.95,30.89,22.28,27.47
2015-12-15,19.47,31.37,23.14,14.77
2015-12-16,6.88,28.24,22.48,20.86
2015-12-17,0.13,32.59,21.29,24.51
2015-12-18,0.5,32.65,23.42,26.07
2015-12-19,1.88,31.12,23.37,22.66
2015-12-20,4.66,29.47,23.45,18.82
2015-12-21,3.55,31.78,22.08,26.79
2015-12-22,0.22,31.49,22.86,27.91
2015-12-23,1.22,29.87,24.35,18.96
2015-12-24,1.95,32.8,23.34,25.04
2015-12-25,2.2,30.83,23.76,26.86
2015-12-26,1.02,31.92,22.85,16.36
2015-12-27,6.94,32.1,22.81,20.78
2015-12-28,7.57,27.6,23.3,18.67
2015-12-29,48.43,25.35,22.78,13.57
2015-12-30,8.51,27.95,22.06,12.91
2015-12-31,10.2,29.33,21.82,19.73
2016-01-01,6.05,28.05,23.03,17.21
2016-01-02,1.78,28.84,22.77,22.01
2016-01-03,1.9,29.36,22.88,18.45
2016-01-04,2.7,28.53,23.31,17.88
2016-01-05,15.91,27.12,23.2,21.29
2016-01-06,11.3,29.01,23.17,16.34
2016-01-07,2.14,30.89,22.97,19.61
2016-01-08,2.01,29.93,23.44,13.64
2016-01-09,10.26,29.23,23.39,16.66
2016-01-10,3.58,29.3,22.61,19.34
2016-01-11,32.38,28.38,23.33,13.91
2016-01-12,12.33,27.33,23.1,12.93
2016-01-13,38.02,28.4,23.55,7.8
2016-01-14,24.78,29.01,23.31,15.69
2016-01-15,35.75,27.18,22.73,7.86
2016-01-16,11.71,26.89,23.28,18.76
2016-01-17,1.14,28.06,20.52,23.99
2016-01-18,0.02,29.9,19.54,26.96
2016-01-19,0.0,30.19,20.17,28.26
2016-01-20,0.0,30.04,20.44,17.62
2016-01-21,3.31,30.83,20.67,26.73
2016-01-22,0.59,30.65,19.26,28.45
2016-01-23,4.86,30.65,20.9,25.79
2016-01-24,4.68,30.98,22.91,26.83
2016-01-25,1.23,31.21,22.84,29.07
2016-01-26,2.67,32.26,23.03,24.95
2016-01-27,3.86,28.31,24.75,13.95
2016-01-28,5.42,29.62,23.33,21.21
2016-01-29,8.71,28.11,22.9,12.9
2016-01-30,3.7,27.21,22.57,17.63
2016-01-31,1.6,29.82,22.62,28.9
2016-02-01,0.01,31.52,22.79,26.84
2016-02-02,0.2,32.82,22.09,28.67
2016-02-03,4.93,31.55,22.88,27.02
2016-02-04,3.78,30.05,24.03,23.69
2016-02-05,5.64,30.17,22.15,24.01
2016-02-06,0.66,30.0,24.11,22.35
2016-02-07,0.84,30.36,24.57,20.5
2016-02-08,3.09,29.65,23.05,19.63
2016-02-09,0.32,29.86,23.05,26.68
2016-02-10,0.03,32.37,21.82,26.78
2016-02-11,3.82,30.89,23.62,25.16
2016-02-12,11.61,31.02,24.6,22.75
2016-02-13,24.84,31.72,23.5,25.9
2016-02-14,1.11,32.02,23.85,25.85
2016-02-15,1.76,29.09,24.16,21.63
2016-02-16,0.89,30.34,23.39,17.25
2016-02-17,1.49,30.88,22.92,26.2
2016-02-18,3.21,30.55,23.3,14.54
2016-02-19,7.5,29.38,23.34,23.14
2016-02-20,6.45,28.74,23.13,19.45
2016-02-21,14.4,28.61,22.77,10.92
2016-02-22,14.1,27.43,22.6,15.94
2016-02-23,21.38,26.87,22.14,14.81
2016-02-24,2.58,29.38,21.0,12.73
2016-02-25,0.59,30.36,21.25,20.42
2016-02-26,0.73,31.13,21.93,20.02
2016-02-27,2.14,29.2,23.2,19.57
2016-02-28,5.15,29.9,23.48,18.59
2016-02-29,3.6,29.21,22.88,12.72
2016-03-01,11.36,27.7,21.92,19.65
2016-03-02,5.34,28.94,20.8,17.73
2016-03-03,4.01,29.94,21.87,18.62
2016-03-04,4.02,30.45,22.99,21.79
2016-03-05,3.37,29.83,22.85,20.28
2016-03-06,1.21,29.54,22.81,20.77
2016-03-07,0.91,30.28,22.46,22.84
2016-03-08,0.0,31.27,21.8,24.18
2016-03-09,2.26,28.34,23.59,19.61
2016-03-10,7.31,29.31,23.55,15.41
2016-03-11,1.69,29.48,21.85,19.57
2016-03-12,0.2,28.17,19.94,24.33
2016-03-13,0.26,30.16,19.34,20.51
2016-03-14,1.79,31.5,20.76,23.04
2016-03-15,9.67,28.26,23.09,14.24
2016-03-16,1.64,28.18,22.07,21.68
2016-03-17,0.06,30.66,20.99,24.46
2016-03-18,0.61,31.89,21.21,24.56
2016-03-19,0.02,31.84,21.89,24.96
2016-03-20,0.0,31.64,20.99,25.09
2016-03-21,0.03,32.63,20.34,24.12
2016-03-22,2.32,32.46,23.82,22.58
2016-03-23,7.14,31.18,23.09,22.14
2016-03-24,6.65,26.53,23.03,18.04
2016-03-25,2.78,27.56,22.79,13.35
2016-03-26,3.44,29.37,22.59,17.4
2016-03-27,0.25,29.73,21.6,16.95
2016-03-28,0.92,29.48,21.15,21.93
2016-03-29,0.52,30.09,20.84,21.6
2016-03-30,0.28,29.43,23.06,16.32
2016-03-31,0.0,30.8,22.08,21.64
2016-04-01,0.0,31.81,21.45,23.1
2016-04-02,1.26,32.19,22.11,22.54
2016-04-03,0.03,33.25,21.94,21.61
2016-04-04,0.0,34.05,21.78,22.38
2016-04-05,0.0,34.51,22.59,22.72
2016-04-06,0.0,34.01,21.1,22.58
2016-04-07,0.0,33.7,20.27,22.71
2016-04-08,0.0,34.01,20.8,23.04
2016-04-09,0.0,35.04,20.84,22.79
2016-04-10,0.0,34.92,20.31,22.16
2016-04-11,0.0,34.57,20.31,21.72
2016-04-12,0.0,34.37,20.23,20.96
2016-04-13,0.0,34.42,20.89,22.05
2016-04-14,0.04,34.75,21.63,19.88
2016-04-15,0.0,35.06,22.79,19.72
2016-04-16,0.0,34.45,21.2,22.17
2016-04-17,0.0,35.04,19.94,21.48
2016-04-18,0.0,34.85,20.69,20.32
2016-04-19,0.0,34.98,20.47,21.76
2016-04-20,0.0,34.93,20.56,20.26
2016-04-21,0.0,35.43,20.78,20.2
2016-04-22,0.0,35.44,21.31,20.4
2016-04-23,0.0,35.75,21.38,19.33
2016-04-24,0.0,35.38,21.15,19.68
2016-04-25,0.34,35.43,21.74,19.09
2016-04-26,25.79,31.02,20.05,2.98
2016-04-27,13.56,21.3,13.31,15.47
2016-04-28,6.08,21.08,11.36,17.46
2016-04-29,1.78,23.22,12.21,7.34
2016-04-30,0.93,23.71,11.69,20.68
2016-05-01,0.07,25.58,9.85,20.79
2016-05-02,0.0,26.97,10.82,20.66
2016-05-03,0.0,28.28,12.12,20.22
2016-05-04,0.0,29.07,13.68,19.9
2016-05-05,0.0,29.71,14.46,19.86
2016-05-06,0.0,31.34,15.65,19.41
2016-05-07,0.0,31.33,15.97,15.84
2016-05-08,0.0,32.23,17.83,14.67
2016-05-09,0.18,33.07,19.25,17.29
2016-05-10,6.64,32.12,19.67,3.64
2016-05-11,0.64,30.93,19.55,16.17
2016-05-12,6.6,29.92,19.86,10.64
2016-05-13,0.3,29.45,20.16,14.04
2016-05-14,0.04,30.81,17.52,18.12
2016-05-15,2.01,32.72,18.76,16.78
2016-05-16,7.06,31.95,20.36,15.06
2016-05-17,2.23,26.68,17.07,12.38
2016-05-18,0.0,24.54,17.58,9.9
2016-05-19,0.04,29.05,18.01,13.34
2016-05-20,9.36,32.23,18.8,16.1
2016-05-21,11.77,28.97,21.05,6.97
2016-05-22,9.28,29.71,19.87,15.97
2016-05-23,0.41,21.54,13.93,12.6
2016-05-24,0.01,23.98,11.61,17.1
2016-05-25,0.03,28.35,12.28,15.92
2016-05-26,0.1,29.55,14.76,16.9
2016-05-27,0.0,29.06,16.99,14.98
2016-05-28,15.33,28.19,16.9,16.27
2016-05-29,6.6,26.98,17.57,3.97
2016-05-30,5.52,26.98,17.0,11.77
2016-05-31,2.11,28.81,17.53,9.54
2016-06-01,8.33,27.83,18.48,13.52
2016-06-02,16.03,27.64,15.6,6.99
2016-06-03,8.69,20.42,14.28,5.63
2016-06-04,0.64,24.2,16.71,11.67
2016-06-05,1.69,29.74,19.16,12.48
2016-06-06,3.16,27.49,20.78,12.59
2016-06-07,1.37,20.87,15.95,5.76
2016-06-08,1.09,20.4,13.44,11.52
2016-06-09,0.0,21.52,9.06,15.89
2016-06-10,0.14,22.62,12.79,13.59
2016-06-11,0.0,20.86,8.35,16.73
2016-06-12,0.02,19.81,5.91,17.35
2016-06-13,0.0,21.24,5.26,16.8
2016-06-14,0.01,25.77,8.2,16.92
2016-06-15,0.02,28.31,12.85,16.04
2016-06-16,0.02,28.28,13.99,16.92
2016-06-17,0.0,28.02,13.3,16.93
2016-06-18,0.0,27.76,12.7,16.95
2016-06-19,0.0,27.86,12.13,16.87
2016-06-20,0.0,27.35,12.55,16.21
2016-06-21,0.01,27.08,13.37,15.69
2016-06-22,1.23,27.72,14.59,14.64
2016-06-23,0.11,27.93,14.99,15.8
2016-06-24,0.0,28.77,15.48,15.89
2016-06-25,0.0,29.62,15.42,14.87
2016-06-26,0.0,28.43,16.09,16.34
2016-06-27,0.04,28.21,13.87,16.15
2016-06-28,0.0,28.07,14.1,16.06
2016-06-29,0.0,28.75,13.54,15.0
2016-06-30,0.0,29.02,16.44,12.47
2016-07-01,0.0,29.76,15.41,13.72
2016-07-02,0.0,29.74,15.85,16.4
2016-07-03,0.0,29.66,15.15,16.19
2016-07-04,0.0,29.91,15.38,16.68
2016-07-05,0.04,30.1,16.0,15.58
2016-07-06,0.0,30.99,16.65,15.62
2016-07-07,0.0,25.39,14.79,16.99
2016-07-08,0.0,27.03,11.13,17.78
2016-07-09,0.0,29.89,10.69,17.71
2016-07-10,0.0,31.9,14.99,17.18
2016-07-11,0.0,32.58,16.09,17.15
2016-07-12,0.0,32.94,15.61,17.48
2016-07-13,0.0,32.73,16.73,17.45
2016-07-14,0.0,32.22,15.65,17.47
2016-07-15,0.0,33.21,17.89,17.49
2016-07-16,0.96,32.48,15.27,8.7
2016-07-17,0.0,22.05,9.76,18.84
2016-07-18,0.01,23.81,5.9,18.72
2016-07-19,0.0,26.14,10.14,17.52
2016-07-20,0.0,28.27,10.9,18.17
2016-07-21,0.0,28.6,12.52,18.08
2016-07-22,0.0,27.93,13.67,18.24
2016-07-23,0.0,30.8,12.1,17.92
2016-07-24,0.0,33.4,15.16,17.9
2016-07-25,0.0,32.53,17.03,18.61
2016-07-26,0.0,32.68,16.97,15.73
2016-07-27,0.0,31.85,18.55,17.65
2016-07-28,0.0,31.83,15.79,17.39
2016-07-29,0.0,31.43,16.98,17.24
2016-07-30,0.0,32.45,16.5,17.94
2016-07-31,0.0,31.65,16.84,18.64
2016-08-01,0.0,32.11,16.54,17.64
2016-08-02,0.0,32.01,16.77,19.09
2016-08-03,0.0,32.26,16.14,18.67
2016-08-04,0.0,33.09,15.47,16.97
2016-08-05,0.0,33.96,18.43,18.47
2016-08-06,0.0,34.11,19.03,19.51
2016-08-07,0.0,34.58,18.46,18.38
2016-08-08,0.0,35.44,18.83,19.17
2016-08-09,0.0,32.0,18.15,17.3
2016-08-10,0.11,27.75,17.61,5.4
2016-08-11,0.0,28.18,12.03,21.17
2016-08-12,0.01,28.73,11.13,19.38
2016-08-13,0.0,33.54,10.92,20.23
2016-08-14,0.0,36.59,17.02,20.45
2016-08-15,0.05,36.17,20.11,14.99
2016-08-16,1.6,33.86,21.77,9.29
2016-08-17,0.03,35.62,19.73,18.79
2016-08-18,0.89,36.65,20.88,19.25
2016-08-19,0.28,37.72,22.57,18.05
2016-08-20,9.99,34.5,23.02,7.63
2016-08-21,8.81,23.3,14.34,10.56
2016-08-22,0.12,23.39,11.94,21.75
2016-08-23,0.01,27.57,9.92,22.06
2016-08-24,0.03,34.05,13.06,21.78
2016-08-25,0.0,34.33,18.54,20.91
2016-08-26,0.0,34.07,17.4,21.91
2016-08-27,0.0,34.7,16.16,21.66
2016-08-28,0.0,36.01,17.14,22.53
2016-08-29,1.26,35.32,21.07,12.08
2016-08-30,11.19,30.2,16.03,5.54
2016-08-31,3.48,24.65,14.88,6.92
2016-09-01,0.17,30.73,15.59,19.93
2016-09-02,0.18,34.6,17.61,20.37
2016-09-03,3.31,29.32,20.94,8.56
2016-09-04,0.31,29.23,20.1,8.64
2016-09-05,0.06,32.3,19.3,14.71
2016-09-06,8.7,26.12,19.1,9.6
2016-09-07,0.01,24.26,15.5,20.76
2016-09-08,0.26,30.14,13.51,21.35
2016-09-09,0.29,30.45,16.31,21.45
2016-09-10,0.0,34.33,17.23,22.61
2016-09-11,0.0,36.09,18.39,23.15
2016-09-12,0.0,37.12,20.89,23.2
2016-09-13,0.0,36.73,20.18,17.01
2016-09-14,0.0,30.12,19.83,12.87
2016-09-15,0.0,31.52,16.28,21.44
2016-09-16,0.0,35.39,17.4,16.27
2016-09-17,0.0,38.07,18.62,20.45
2016-09-18,0.53,37.76,22.63,20.58
2016-09-19,4.49,31.88,23.29,12.68
2016-09-20,0.22,30.94,21.27,17.23
2016-09-21,0.0,30.93,16.09,26.76
2016-09-22,0.0,34.18,14.59,26.49
2016-09-23,0.0,35.08,15.9,26.0
2016-09-24,0.0,33.71,15.31,25.34
2016-09-25,0.0,33.72,18.21,22.87
2016-09-26,0.0,33.18,18.62,24.79
2016-09-27,0.0,32.97,17.48,27.26
2016-09-28,0.0,35.12,16.17,27.77
2016-09-29,0.0,36.06,17.14,27.95
2016-09-30,0.0,37.16,17.54,26.4
2016-10-01,0.0,36.19,18.4,25.09
2016-10-02,0.0,36.71,18.86,25.99
2016-10-03,5.87,36.83,21.08,19.61
2016-10-04,19.41,30.17,19.97,8.61
2016-10-05,2.59,29.85,20.99,15.37
2016-10-06,0.56,29.49,18.07,19.38
2016-10-07,0.0,29.65,13.98,28.41
2016-10-08,0.0,33.1,15.72,28.44
2016-10-09,0.0,35.44,17.53,28.21
2016-10-10,0.0,36.67,19.77,27.7
2016-10-11,3.31,36.68,20.41,23.69
2016-10-12,5.76,31.96,22.37,23.92
2016-10-13,7.32,32.52,22.42,8.77
2016-10-14,17.27,31.86,21.71,8.41
2016-10-15,0.09,35.37,22.58,22.49
2016-10-16,0.08,37.51,23.05,24.65
2016-10-17,0.18,38.22,25.29,26.09
2016-10-18,1.14,37.93,25.38,19.74
2016-10-19,0.02,38.27,24.84,24.93
2016-10-20,2.36,36.93,25.31,10.08
2016-10-21,1.36,27.1,23.48,19.89
2016-10-22,0.68,35.72,22.38,23.93
2016-10-23,1.32,37.15,23.57,22.06
2016-10-24,1.73,37.71,23.55,24.72
2016-10-25,1.64,31.81,23.08,14.12
2016-10-26,2.28,29.78,23.69,18.74
2016-10-27,13.85,29.54,21.06,16.07
2016-10-28,0.0,29.35,17.16,29.53
2016-10-29,0.01,32.33,13.93,30.61
2016-10-30,0.51,35.56,16.56,28.89
2016-10-31,13.1,32.43,22.67,26.98
2016-11-01,4.94,32.91,22.08,17.76
2016-11-02,1.76,34.08,21.66,22.24
2016-11-03,2.6,29.77,22.67,9.87
2016-11-04,0.13,30.65,19.94,18.57
2016-11-05,0.53,34.09,22.01,26.18
2016-11-06,2.13,32.76,22.6,23.67
2016-11-07,0.27,34.9,21.44,28.76
2016-11-08,0.12,36.54,22.21,27.47
2016-11-09,1.17,35.63,24.1,22.03
2016-11-10,3.45,35.42,23.75,27.14
2016-11-11,1.38,33.98,23.37,22.85
2016-11-12,9.23,30.75,22.95,9.54
2016-11-13,30.71,26.85,20.26,7.59
2016-11-14,1.55,30.0,21.77,11.32
2016-11-15,0.13,31.83,19.29,24.0
2016-11-16,0.12,34.87,21.59,27.81
2016-11-17,18.55,32.62,22.96,20.64
2016-11-18,0.98,31.82,20.63,28.89
2016-11-19,0.0,30.52,16.68,30.15
2016-11-20,0.0,33.27,15.25,31.4
2016-11-21,0.01,31.75,20.34,23.63
2016-11-22,8.35,31.29,22.22,23.23
2016-11-23,1.16,33.62,21.12,21.63
2016-11-24,0.05,33.88,22.67,25.36
2016-11-25,2.71,34.2,23.25,25.9
2016-11-26,0.58,31.51,23.98,15.89
2016-11-27,1.83,34.36,23.19,21.05
2016-11-28,3.68,33.33,23.4,22.7
2016-11-29,7.26,30.62,23.17,24.15
2016-11-30,1.3,32.9,21.53,27.28
2016-12-01,11.63,29.86,20.33,17.14
2016-12-02,7.06,31.17,22.03,17.56
2016-12-03,17.21,29.21,22.97,19.63
2016-12-04,7.48,30.62,22.37,21.17
2016-12-05,2.65,32.44,22.93,27.33
2016-12-06,1.77,32.83,22.98,24.18
2016-12-07,0.44,31.89,23.55,26.48
2016-12-08,5.35,30.81,23.5,26.29
2016-12-09,2.1,32.12,21.92,24.56
2016-12-10,12.02,30.08,23.04,17.91
2016-12-11,3.63,32.02,22.91,22.52
2016-12-12,4.55,31.33,23.27,21.06
2016-12-13,8.91,32.44,23.9,17.79
2016-12-14,10.18,30.38,24.13,13.87
2016-12-15,13.58,30.91,22.12,23.52
2016-12-16,7.07,28.48,20.44,19.87
2016-12-17,0.39,30.74,20.73,27.16
2016-12-18,3.15,28.27,21.34,27.48
2016-12-19,13.59,28.33,21.54,18.16
2016-12-20,15.38,27.73,21.4,21.51
2016-12-21,25.61,26.81,21.92,17.67
2016-12-22,4.63,27.64,21.27,24.76
2016-12-23,0.1,28.96,21.72,27.79
2016-12-24,0.12,29.28,22.37,22.78
2016-12-25,0.01,32.88,21.18,29.05
2016-12-26,0.26,32.76,22.71,27.33
2016-12-27,0.73,32.62,23.26,26.06
2016-12-28,6.67,32.48,24.59,17.65
2016-12-29,1.63,29.5,24.11,20.15
2016-12-30,2.34,31.04,22.59,21.11
2016-12-31,0.86,29.91,22.8,24.73
2017-01-01,19.06,32.34,22.2,26.5
2017-01-02,2.18,31.04,22.71,22.39
2017-01-03,0.93,31.45,23.19,27.61
2017-01-04,4.38,30.26,23.54,17.12
2017-01-05,1.61,29.77,22.52,23.06
2017-01-06,4.92,31.48,23.03,23.71
2017-01-07,0.96,30.57,22.83,29.61
2017-01-08,2.36,33.33,23.01,28.53
2017-01-09,6.59,30.32,24.3,21.94
2017-01-10,14.0,30.81,23.21,15.18
2017-01-11,31.86,27.55,23.17,20.28
2017-01-12,9.11,27.28,22.83,16.16
2017-01-13,12.21,27.21,22.76,14.35
2017-01-14,12.66,28.84,21.98,20.64
2017-01-15,14.01,26.54,22.33,16.94
2017-01-16,19.01,26.72,22.52,7.25
2017-01-17,8.55,26.45,22.27,15.5
2017-01-18,40.75,27.93,21.82,22.49
2017-01-19,9.88,28.35,20.92,14.9
2017-01-20,15.46,25.24,21.52,18.47
2017-01-21,1.23,26.18,20.61,12.64
2017-01-22,1.62,27.12,19.45,16.23
2017-01-23,9.53,28.88,20.94,21.06
2017-01-24,12.58,27.82,21.31,23.61
2017-01-25,22.76,28.07,22.21,21.61
2017-01-26,32.05,26.92,22.54,16.04
2017-01-27,1.02,27.63,21.6,11.56
2017-01-28,4.5,28.12,21.78,21.82
2017-01-29,9.56,28.05,22.13,24.12
2017-01-30,3.23,29.53,21.47,22.73
2017-01-31,5.23,27.66,20.61,11.13
2017-02-01,3.73,29.33,20.21,25.12
2017-02-02,2.0,27.9,21.48,23.06
2017-02-03,2.63,27.84,21.93,23.96
2017-02-04,0.9,30.76,21.53,27.51
2017-02-05,1.48,31.94,21.68,27.73
2017-02-06,3.08,29.67,22.49,24.59
2017-02-07,11.79,29.69,23.84,26.65
2017-02-08,3.31,30.09,23.05,26.53
2017-02-09,0.12,28.96,23.57,26.93
2017-02-10,0.07,30.46,22.74,27.44
2017-02-11,3.55,28.89,23.54,22.74
2017-02-12,24.03,26.86,22.97,18.99
2017-02-13,4.97,27.78,22.59,17.79
2017-02-14,0.47,30.29,22.18,22.97
2017-02-15,0.0,30.19,19.74,27.94
2017-02-16,0.51,29.8,21.03,27.1
2017-02-17,0.87,29.32,21.28,23.5
2017-02-18,0.31,29.31,21.38,26.53
2017-02-19,4.31,30.19,21.82,23.65
2017-02-20,1.01,32.25,22.14,27.85
2017-02-21,0.61,31.24,22.47,27.17
2017-02-22,0.85,31.13,22.0,25.39
2017-02-23,2.31,30.14,22.14,25.4
2017-02-24,13.44,28.96,22.81,19.09
2017-02-25,5.81,28.58,20.98,16.52
2017-02-26,6.46,25.15,21.62,19.63
2017-02-27,11.76,26.89,21.7,22.69
2017-02-28,1.52,28.64,22.03,25.77
2017-03-01,4.86,29.37,21.75,18.98
2017-03-02,3.3,27.08,22.4,22.5
2017-03-03,21.27,27.6,22.2,18.3
2017-03-04,7.28,29.07,21.84,21.58
2017-03-05,26.9,26.9,22.72,21.11
2017-03-06,16.05,28.63,21.89,16.48
2017-03-07,0.94,30.47,22.31,21.91
2017-03-08,0.08,30.93,22.58,25.12
2017-03-09,0.03,31.29,23.01,24.94
2017-03-10,10.61,30.65,23.9,24.08
2017-03-11,1.24,30.5,22.67,24.71
2017-03-12,0.05,30.56,23.1,23.27
2017-03-13,0.94,28.82,23.57,22.41
2017-03-14,1.37,29.6,22.57,23.96
2017-03-15,1.01,29.96,21.93,24.69
2017-03-16,0.16,29.73,21.97,22.37
2017-03-17,6.3,30.88,21.9,21.9
2017-03-18,4.86,28.34,22.15,11.02
2017-03-19,2.65,28.77,20.87,16.22
2017-03-20,0.14,28.86,20.11,23.08
2017-03-21,0.01,29.52,19.16,23.68
2017-03-22,0.0,30.08,19.34,23.22
2017-03-23,6.83,29.89,21.21,21.12
2017-03-24,0.17,30.16,21.73,23.1
2017-03-25,4.92,30.68,22.92,22.07
2017-03-26,30.62,30.6,22.69,20.94
2017-03-27,9.93,28.88,22.37,17.75
2017-03-28,4.05,28.26,22.08,21.75
2017-03-29,0.0,28.55,18.88,23.58
2017-03-30,0.0,29.53,17.3,23.64
2017-03-31,0.0,29.11,18.41,23.98
2017-04-01,0.0,27.87,17.22,24.26
2017-04-02,0.0,27.17,16.76,23.22
2017-04-03,0.01,28.39,19.48,20.65
2017-04-04,0.01,30.21,19.76,19.43
2017-04-05,5.61,28.28,20.71,14.11
2017-04-06,7.78,29.43,22.96,14.96
2017-04-07,2.07,29.53,23.04,15.48
2017-04-08,2.21,27.79,21.94,13.24
2017-04-09,2.91,29.83,21.73,18.88
2017-04-10,0.57,30.53,21.88,19.17
2017-04-11,0.84,30.0,23.35,18.54
2017-04-12,9.64,29.09,22.87,15.36
2017-04-13,1.18,29.28,19.46,21.89
2017-04-14,0.09,30.99,20.24,21.81
2017-04-15,0.0,31.3,20.51,21.47
2017-04-16,0.03,30.93,20.46,17.54
2017-04-17,0.76,29.05,21.21,14.86
2017-04-18,0.13,28.36,21.05,19.37
2017-04-19,0.18,29.24,19.2,19.03
2017-04-20,14.98,30.11,20.94,10.92
2017-04-21,34.19,24.7,18.56,9.18
2017-04-22,0.07,25.25,16.33,19.91
2017-04-23,0.02,26.24,15.87,20.81
2017-04-24,0.01,27.09,15.93,21.03
2017-04-25,0.03,29.87,15.76,20.22
2017-04-26,5.51,28.5,21.35,11.12
2017-04-27,10.97,23.36,16.28,9.92
2017-04-28,0.01,23.91,15.32,12.04
2017-04-29,0.01,27.12,15.91,19.2
2017-04-30,0.01,28.37,17.04,18.48
2017-05-01,0.01,28.4,19.06,17.25
2017-05-02,0.0,28.71,18.31,18.72
2017-05-03,0.0,28.92,17.94,18.09
2017-05-04,4.17,28.11,18.33,16.85
2017-05-05,16.09,28.67,18.58,15.37
2017-05-06,4.24,27.66,18.27,18.67
2017-05-07,0.0,27.22,17.43,18.95
2017-05-08,0.0,27.71,16.43,19.29
2017-05-09,0.01,28.87,16.6,19.15
2017-05-10,0.0,26.89,18.7,17.37
2017-05-11,0.0,27.86,17.89,18.43
2017-05-12,0.0,29.14,16.7,18.35
2017-05-13,0.0,29.61,17.15,17.2
2017-05-14,0.81,27.2,19.4,8.82
2017-05-15,9.75,28.79,20.93,12.89
2017-05-16,5.29,27.72,19.5,12.76
2017-05-17,0.15,26.74,17.92,14.51
2017-05-18,13.64,27.99,19.23,13.38
2017-05-19,18.32,27.1,20.87,9.01
2017-05-20,16.92,25.51,21.45,7.42
2017-05-21,20.27,26.11,21.02,11.86
2017-05-22,1.37,28.09,20.41,8.54
2017-05-23,0.0,27.9,20.05,16.0
2017-05-24,0.0,28.31,19.29,16.55
2017-05-25,0.0,29.04,20.41,16.67
2017-05-26,0.0,29.19,19.65,17.24
2017-05-27,0.0,28.87,19.21,15.18
2017-05-28,0.0,27.94,18.66,14.49
2017-05-29,0.0,27.84,17.47,16.51
2017-05-30,0.01,27.57,16.83,16.38
2017-05-31,0.1,26.35,16.9,16.28
2017-06-01,0.15,22.5,15.9,6.58
2017-06-02,0.0,22.57,12.34,15.76
2017-06-03,0.0,27.37,13.31,17.03
2017-06-04,0.0,30.23,15.88,16.64
2017-06-05,0.02,30.11,18.34,15.42
2017-06-06,0.03,29.85,18.33,15.52
2017-06-07,0.0,29.98,17.75,16.72
2017-06-08,0.0,30.09,17.4,16.43
2017-06-09,0.17,21.68,13.24,4.84
2017-06-10,0.0,19.51,7.3,18.24
2017-06-11,0.01,23.59,7.5,17.71
2017-06-12,1.64,21.43,12.99,6.76
2017-06-13,0.07,27.98,15.62,10.91
2017-06-14,0.0,27.53,16.84,16.16
2017-06-15,0.0,27.23,15.71,16.74
2017-06-16,0.0,28.14,14.25,16.21
2017-06-17,0.0,28.76,14.97,16.74
2017-06-18,0.0,28.48,14.71,13.65
2017-06-19,0.0,29.14,15.75,16.48
2017-06-20,0.0,26.8,15.39,11.23
2017-06-21,0.0,27.89,15.03,16.54
2017-06-22,0.0,27.49,15.18,16.54
2017-06-23,0.0,27.97,16.45,16.38
2017-06-24,0.0,27.77,15.31,16.8
2017-06-25,0.0,27.26,14.19,16.91
2017-06-26,0.0,27.44,13.28,16.92
2017-06-27,0.0,27.77,14.95,16.71
2017-06-28,0.0,27.9,13.67,15.74
2017-06-29,0.0,28.39,15.5,13.1
2017-06-30,0.0,27.72,17.27,9.66
2017-07-01,0.0,27.07,15.93,16.45
2017-07-02,0.0,26.31,15.17,16.54
2017-07-03,0.0,25.76,13.08,16.72
2017-07-04,0.0,25.06,11.78,16.34
2017-07-05,0.0,25.35,11.99,17.11
2017-07-06,0.0,26.01,11.16,13.14
2017-07-07,0.0,27.71,13.52,14.33
2017-07-08,0.0,26.3,16.01,10.68
2017-07-09,0.0,28.28,13.71,16.53
2017-07-10,0.0,28.76,13.35,17.05
2017-07-11,0.0,29.07,14.52,16.71
2017-07-12,0.0,29.32,14.43,17.07
2017-07-13,0.0,29.34,14.04,17.46
2017-07-14,0.0,29.25,13.58,17.69
2017-07-15,0.0,28.88,14.43,17.65
2017-07-16,0.0,29.52,14.69,16.28
2017-07-17,0.0,29.55,14.23,17.91
2017-07-18,0.0,18.98,9.69,14.09
2017-07-19,0.0,23.3,7.62,15.48
2017-07-20,0.0,28.12,11.39,16.65
2017-07-21,0.0,29.84,15.42,16.78
2017-07-22,0.0,29.45,14.27,18.36
2017-07-23,0.0,31.26,13.72,18.44
2017-07-24,0.0,29.83,14.61,18.78
2017-07-25,0.0,30.11,13.71,18.48
2017-07-26,0.0,30.17,15.03,18.76
2017-07-27,0.0,29.41,13.54,18.79
2017-07-28,0.0,29.68,13.19,18.65
2017-07-29,0.0,29.24,16.08,18.79
2017-07-30,0.0,29.03,15.77,15.49
2017-07-31,0.0,28.48,14.03,19.03
2017-08-01,0.0,29.71,14.05,13.47
2017-08-02,0.0,30.85,14.02,17.23
2017-08-03,0.0,25.19,15.86,12.31
2017-08-04,0.0,26.64,11.64,18.95
2017-08-05,0.0,27.6,12.89,19.66
2017-08-06,0.0,28.94,11.74,18.15
2017-08-07,0.0,31.96,12.64,19.16
2017-08-08,0.0,33.58,16.64,15.95
2017-08-09,0.0,34.82,18.56,18.67
2017-08-10,0.0,35.56,18.1,19.73
2017-08-11,0.0,35.34,17.69,18.99
2017-08-12,0.0,35.87,18.44,19.31
2017-08-13,0.29,36.34,19.65,16.97
2017-08-14,0.0,29.34,17.76,11.73
2017-08-15,0.15,34.46,19.31,10.8
2017-08-16,1.33,33.16,18.6,8.69
2017-08-17,4.02,28.55,20.49,5.68
2017-08-18,6.24,27.79,19.49,8.54
2017-08-19,0.24,34.27,19.56,12.93
2017-08-20,8.89,31.59,19.64,4.96
2017-08-21,0.23,26.63,16.32,11.81
2017-08-22,0.03,31.6,15.02,19.66
2017-08-23,0.24,33.03,20.1,20.03
2017-08-24,0.0,32.61,18.21,20.96
2017-08-25,0.0,33.01,16.72,21.06
2017-08-26,0.0,34.3,17.9,22.07
2017-08-27,0.0,34.9,17.18,22.06
2017-08-28,0.0,35.26,17.6,23.14
2017-08-29,0.0,36.25,15.92,22.54
2017-08-30,0.0,36.08,16.9,21.31
2017-08-31,0.0,36.35,18.16,23.2
2017-09-01,0.0,36.63,17.47,22.25
2017-09-02,0.0,35.12,20.63,21.46
2017-09-03,0.0,34.58,19.27,22.98
2017-09-04,0.0,33.6,16.6,23.69
2017-09-05,0.0,34.69,17.27,23.79
2017-09-06,0.0,34.74,17.04,23.31
2017-09-07,0.0,35.53,18.7,23.41
2017-09-08,0.0,36.81,19.09,23.98
2017-09-09,0.0,36.86,19.61,23.09
2017-09-10,0.0,36.87,19.63,24.05
2017-09-11,0.0,38.37,19.24,23.74
2017-09-12,0.0,38.12,20.98,23.74
2017-09-13,0.0,36.87,20.64,23.23
2017-09-14,0.0,37.67,21.36,24.77
2017-09-15,0.0,37.86,21.15,25.12
2017-09-16,0.0,37.84,19.45,25.23
2017-09-17,0.0,37.1,18.95,25.23
2017-09-18,0.0,37.42,19.76,23.9
2017-09-19,0.0,37.69,20.67,23.78
2017-09-20,0.0,37.65,22.13,25.19
2017-09-21,0.0,37.14,22.1,25.14
2017-09-22,0.0,36.87,21.99,19.55
2017-09-23,0.0,36.74,21.34,24.57
2017-09-24,0.0,36.9,21.97,23.27
2017-09-25,0.0,34.91,22.28,20.57
2017-09-26,0.0,34.51,21.32,21.35
2017-09-27,0.34,37.8,21.48,24.55
2017-09-28,0.19,37.72,22.67,24.71
2017-09-29,4.19,29.75,21.08,10.32
2017-09-30,3.27,28.97,19.92,7.49
2017-10-01,30.12,30.54,18.91,21.52
2017-10-02,17.72,31.65,17.0,6.13
2017-10-03,2.6,25.2,16.06,18.16
2017-10-04,0.0,30.57,14.56,22.78
2017-10-05,0.08,36.09,18.06,25.9
2017-10-06,0.08,36.16,22.74,20.11
2017-10-07,0.16,36.01,22.42,14.19
2017-10-08,0.0,37.03,21.73,21.84
2017-10-09,0.0,37.8,21.79,24.14
2017-10-10,0.0,39.36,23.63,27.03
2017-10-11,0.0,39.32,23.68,26.24
2017-10-12,0.0,39.82,24.37,27.3
2017-10-13,0.0,40.22,22.72,27.83
2017-10-14,0.0,39.42,24.44,26.31
2017-10-15,0.0,38.61,23.81,27.09
2017-10-16,0.0,39.95,22.17,27.1
2017-10-17,0.0,40.32,24.31,26.31
2017-10-18,0.0,39.42,26.85,27.04
2017-10-19,0.3,39.15,25.07,26.7
2017-10-20,0.74,38.6,23.21,14.21
2017-10-21,1.27,39.05,25.64,18.29
2017-10-22,5.93,30.03,23.45,7.65
2017-10-23,0.03,32.21,22.17,16.57
2017-10-24,0.85,34.09,22.66,23.97
2017-10-25,0.02,38.3,21.97,23.01
2017-10-26,2.03,38.97,24.18,23.49
2017-10-27,17.72,38.61,23.87,24.28
2017-10-28,9.79,31.66,23.44,21.97
2017-10-29,12.42,29.0,22.68,19.54
2017-10-30,13.01,31.88,21.32,10.26
2017-10-31,3.04,30.16,22.53,20.98
2017-11-01,0.11,32.13,20.52,26.38
2017-11-02,4.45,33.71,21.96,27.25
2017-11-03,20.25,30.01,23.14,21.11
2017-11-04,48.99,30.46,23.1,23.23
2017-11-05,3.16,28.36,23.02,11.33
2017-11-06,2.23,28.03,22.48,18.23
2017-11-07,0.48,28.39,20.44,25.99
2017-11-08,8.84,30.74,21.68,20.88
2017-11-09,3.23,27.35,21.93,21.11
2017-11-10,1.57,29.92,21.64,22.53
2017-11-11,0.32,29.1,22.0,23.38
2017-11-12,0.0,30.3,17.19,31.34
2017-11-13,0.0,31.48,15.86,31.73
2017-11-14,0.0,33.28,16.73,28.31
2017-11-15,0.0,34.84,20.0,28.8
2017-11-16,2.04,33.56,22.16,28.21
2017-11-17,1.94,29.84,22.87,25.46
2017-11-18,16.35,31.31,22.32,19.85
2017-11-19,3.71,28.38,22.1,16.14
2017-11-20,1.28,30.43,22.77,19.59
2017-11-21,28.81,31.56,22.44,17.06
2017-11-22,20.25,29.44,22.93,11.62
2017-11-23,0.02,31.44,22.48,23.01
2017-11-24,0.02,32.7,21.97,28.59
2017-11-25,8.44,33.17,21.85,28.57
2017-11-26,14.54,30.05,23.84,14.08
2017-11-27,29.59,29.61,22.33,19.78
2017-11-28,4.22,28.91,21.36,22.76
2017-11-29,2.43,31.62,22.36,28.79
2017-11-30,41.55,29.79,21.41,19.12
2017-12-01,19.2,28.94,20.59,13.88
2017-12-02,13.39,29.26,21.04,17.15
2017-12-03,1.83,30.57,20.82,27.1
2017-12-04,4.21,30.68,23.65,26.38
2017-12-05,20.9,29.68,22.74,23.29
2017-12-06,45.65,27.36,22.77,16.68
2017-12-07,9.0,28.77,22.66,19.32
2017-12-08,12.71,27.98,23.14,21.59
2017-12-09,3.29,30.45,22.85,25.44
2017-12-10,0.34,28.99,23.25,23.66
2017-12-11,0.02,31.3,22.14,23.26
2017-12-12,0.0,31.35,20.88,29.29
2017-12-13,0.12,30.33,21.43,25.07
2017-12-14,0.05,30.17,21.16,27.11
2017-12-15,0.52,31.3,21.62,26.37
2017-12-16,0.54,30.0,22.57,26.82
2017-12-17,23.53,30.18,21.76,28.36
2017-12-18,4.41,30.35,22.75,27.7
2017-12-19,0.32,31.32,22.58,29.02
2017-12-20,3.65,28.86,23.48,18.13
2017-12-21,2.86,27.61,22.72,14.62
2017-12-22,1.17,27.27,21.63,15.26
2017-12-23,0.3,30.39,20.18,16.66
2017-12-24,15.69,30.13,22.54,22.93
2017-12-25,20.86,27.43,22.88,17.6
2017-12-26,22.47,28.31,23.06,20.67
2017-12-27,5.16,30.92,22.24,27.53
2017-12-28,3.0,31.04,22.27,26.74
2017-12-29,15.65,29.42,23.36,21.51
2017-12-30,8.4,27.66,22.89,16.5
2017-12-31,14.38,29.39,22.08,13.66
2018-01-01,6.32,28.6,22.92,22.88
2018-01-02,9.18,28.96,22.7,21.44
2018-01-03,3.95,29.33,22.31,18.29
2018-01-04,0.54,30.31,21.82,27.3
2018-01-05,10.66,30.6,21.15,24.15
2018-01-06,5.65,28.87,23.14,15.36
2018-01-07,20.99,27.09,22.72,9.18
2018-01-08,36.41,25.51,21.44,12.06
2018-01-09,22.06,26.54,20.49,14.74
2018-01-10,1.47,28.9,21.55,17.92
2018-01-11,7.41,25.63,21.44,18.21
2018-01-12,1.51,28.61,19.86,16.99
2018-01-13,0.12,28.26,20.59,27.61
2018-01-14,9.93,29.32,20.74,20.68
2018-01-15,16.25,27.9,23.12,21.53
2018-01-16,4.53,28.04,22.29,21.66
2018-01-17,0.33,29.22,21.49,24.99
2018-01-18,0.05,29.62,24.45,23.33
2018-01-19,0.01,32.02,22.17,26.15
2018-01-20,0.0,30.08,23.07,29.13
2018-01-21,0.0,31.37,22.22,25.51
2018-01-22,0.0,32.06,22.81,28.29
2018-01-23,0.03,31.91,23.89,27.19
2018-01-24,2.0,32.59,23.4,28.66
2018-01-25,13.74,28.12,23.42,22.29
2018-01-26,2.71,27.89,22.74,21.29
2018-01-27,1.69,28.72,22.85,21.61
2018-01-28,0.47,27.43,23.34,18.47
2018-01-29,5.18,28.66,22.58,20.16
2018-01-30,10.21,29.73,22.71,15.36
2018-01-31,10.89,30.08,23.0,17.93
2018-02-01,0.25,30.0,20.08,27.13
2018-02-02,0.32,30.22,20.52,27.64
2018-02-03,2.71,30.16,21.39,27.72
2018-02-04,12.78,28.45,20.49,27.29
2018-02-05,1.41,27.95,21.03,26.52
2018-02-06,0.02,30.16,19.2,26.64
2018-02-07,5.76,30.11,21.34,24.52
2018-02-08,0.04,30.53,20.95,26.69
2018-02-09,10.97,29.54,22.44,25.81
2018-02-10,8.04,27.65,23.15,12.49
2018-02-11,0.19,27.44,22.3,18.37
2018-02-12,1.14,29.12,22.79,22.75
2018-02-13,21.4,29.24,22.03,16.33
2018-02-14,3.67,29.99,22.95,16.19
2018-02-15,0.01,27.06,20.91,22.88
2018-02-16,0.0,29.42,20.6,25.33
2018-02-17,3.25,29.18,22.37,17.4
2018-02-18,16.23,26.2,21.84,14.76
2018-02-19,12.41,27.33,21.92,14.95
2018-02-20,9.0,27.44,21.73,14.4
2018-02-21,2.29,26.5,22.44,23.51
2018-02-22,0.04,29.88,21.69,26.94
2018-02-23,0.0,30.17,18.99,26.63
2018-02-24,0.55,28.62,21.34,22.16
2018-02-25,2.08,27.16,22.11,17.35
2018-02-26,4.63,27.57,21.96,12.76
2018-02-27,7.56,29.04,21.28,18.33
2018-02-28,1.59,29.54,21.71,22.37
2018-03-01,0.92,30.28,22.03,23.64
2018-03-02,0.19,30.6,22.61,23.69
2018-03-03,0.19,30.13,22.94,24.11
2018-03-04,0.01,31.25,23.28,25.84
2018-03-05,0.0,29.19,24.1,22.24
2018-03-06,4.1,28.53,23.85,20.77
2018-03-07,0.35,30.21,23.02,24.54
2018-03-08,2.65,30.42,23.44,20.17
2018-03-09,13.96,30.04,23.6,20.61
2018-03-10,11.08,27.58,23.38,21.16
2018-03-11,7.11,30.13,22.33,22.05
2018-03-12,0.01,31.86,22.66,24.59
2018-03-13,0.0,32.81,23.83,24.13
2018-03-14,0.36,31.64,24.34,24.07
2018-03-15,0.04,30.01,23.94,22.35
2018-03-16,0.08,28.39,24.37,22.21
2018-03-17,0.02,31.27,22.58,24.79
2018-03-18,0.0,31.23,22.57,23.42
2018-03-19,0.01,31.55,22.4,23.43
2018-03-20,0.3,31.05,22.82,19.41
2018-03-21,2.84,31.22,23.56,21.61
2018-03-22,6.03,30.69,23.14,23.79
2018-03-23,0.03,31.11,23.33,23.07
2018-03-24,1.04,30.63,23.08,23.23
2018-03-25,2.54,30.38,22.7,17.96
2018-03-26,6.67,28.53,22.49,14.89
2018-03-27,2.74,26.75,22.31,15.46
2018-03-28,0.24,27.7,21.31,21.12
2018-03-29,0.02,29.38,21.12,21.8
2018-03-30,0.93,29.98,21.34,21.67
2018-03-31,2.19,28.81,21.7,12.22
2018-04-01,16.12,26.0,22.09,9.66
2018-04-02,9.38,29.19,20.27,17.12
2018-04-03,10.86,28.03,21.63,14.59
2018-04-04,0.59,29.07,20.66,21.34
2018-04-05,0.0,29.15,19.18,22.25
2018-04-06,0.0,30.1,19.21,23.04
2018-04-07,0.02,30.27,19.27,22.21
2018-04-08,0.77,29.81,19.36,20.96
2018-04-09,0.31,30.53,20.37,21.41
2018-04-10,0.0,30.29,19.9,21.65
2018-04-11,0.0,30.47,20.24,22.39
2018-04-12,0.65,29.23,18.63,21.01
2018-04-13,0.8,29.04,18.62,20.85
2018-04-14,13.45,29.05,20.48,17.14
2018-04-15,8.42,23.0,19.91,11.5
2018-04-16,0.8,26.68,18.66,14.22
2018-04-17,0.36,26.48,20.21,13.71
2018-04-18,0.06,26.63,19.62,16.52
2018-04-19,0.0,28.56,18.55,17.67
2018-04-20,0.0,28.01,20.39,17.13
2018-04-21,0.0,28.81,18.41,20.67
2018-04-22,0.0,28.47,14.45,21.24
2018-04-23,0.0,29.35,18.24,19.13
2018-04-24,0.0,30.39,18.34,19.93
2018-04-25,0.02,30.68,18.32,19.75
2018-04-26,0.01,30.57,18.73,19.1
2018-04-27,0.0,31.35,18.79,19.89
2018-04-28,0.33,31.61,19.38,18.37
2018-04-29,0.04,31.35,19.19,18.24
2018-04-30,0.0,31.7,18.89,18.85
2018-05-01,0.0,31.31,19.57,18.08
2018-05-02,0.0,31.12,17.48,19.02
2018-05-03,0.0,31.26,17.12,19.51
2018-05-04,0.0,32.45,18.22,18.44
2018-05-05,0.03,32.68,19.46,17.31
2018-05-06,0.49,31.71,20.35,17.03
2018-05-07,1.87,31.06,19.58,17.57
2018-05-08,0.0,30.99,19.15,18.39
2018-05-09,0.0,31.08,18.16,18.6
2018-05-10,0.0,30.92,17.86,18.35
2018-05-11,0.0,31.51,18.23,16.87
2018-05-12,0.0,29.04,18.3,12.39
2018-05-13,1.91,27.02,19.73,13.61
2018-05-14,0.07,30.82,19.18,13.7
2018-05-15,0.18,31.74,18.83,16.41
2018-05-16,0.67,31.27,18.17,9.67
2018-05-17,0.26,31.15,18.84,8.65
2018-05-18,0.81,31.83,19.81,14.74
2018-05-19,6.62,27.44,16.57,7.9
2018-05-20,0.01,21.11,11.09,19.41
2018-05-21,7.26,23.38,9.58,18.48
2018-05-22,0.02,24.95,8.66,17.12
2018-05-23,0.02,26.33,10.06,18.86
2018-05-24,0.0,29.03,10.64,18.36
2018-05-25,0.0,30.05,13.1,17.07
2018-05-26,0.0,30.07,15.82,17.51
2018-05-27,0.0,29.82,15.3,16.58
2018-05-28,0.0,28.99,14.77,17.25
2018-05-29,0.0,28.51,16.02,14.87
2018-05-30,0.0,28.45,17.89,14.92
2018-05-31,0.0,28.19,16.86,16.96
2018-06-01,0.0,30.76,16.4,12.09
2018-06-02,0.0,30.44,18.4,11.89
2018-06-03,0.0,28.9,17.9,15.16
2018-06-04,0.0,29.58,17.94,13.04
2018-06-05,0.0,30.71,17.35,13.6
2018-06-06,0.0,29.1,18.03,11.87
2018-06-07,0.0,29.33,17.65,10.07
2018-06-08,0.0,25.37,15.04,11.67
2018-06-09,0.0,30.61,16.44,13.86
2018-06-10,0.0,33.57,19.87,12.55
2018-06-11,0.0,32.49,20.78,14.1
2018-06-12,0.19,33.12,20.19,15.0
2018-06-13,0.81,29.95,20.37,11.48
2018-06-14,0.0,28.55,16.22,14.95
2018-06-15,0.0,28.82,16.22,14.68
2018-06-16,0.0,27.19,16.9,12.92
2018-06-17,0.0,28.46,16.13,14.72
2018-06-18,0.0,28.75,15.35,14.68
2018-06-19,0.0,30.27,17.2,16.06
2018-06-20,0.0,30.51,15.7,15.79
2018-06-21,0.0,29.43,16.79,15.35
2018-06-22,0.0,29.43,19.17,14.3
2018-06-23,0.0,30.78,19.14,13.98
2018-06-24,0.0,30.59,20.59,12.09
2018-06-25,0.0,32.02,18.51,15.8
2018-06-26,0.0,32.66,18.96,16.51
2018-06-27,0.39,32.77,17.34,16.35
2018-06-28,0.0,32.25,17.23,15.58
2018-06-29,0.0,31.76,16.65,15.51
2018-06-30,0.0,31.71,16.8,16.45
2018-07-01,0.0,32.28,17.12,16.76
2018-07-02,0.0,32.56,17.26,16.31
2018-07-03,0.0,32.29,17.89,16.56
2018-07-04,0.0,32.92,17.79,17.05
2018-07-05,0.0,32.75,16.55,16.45
2018-07-06,0.0,31.87,16.75,17.03
2018-07-07,0.0,31.5,16.12,16.79
2018-07-08,0.0,31.98,17.83,17.03
2018-07-09,0.0,29.01,17.24,10.1
2018-07-10,0.0,22.65,13.93,14.28
2018-07-11,0.0,25.34,10.27,16.8
2018-07-12,0.0,26.93,9.89,16.38
2018-07-13,0.0,30.54,13.98,15.53
2018-07-14,0.0,32.82,16.65,16.51
2018-07-15,0.0,33.47,18.12,17.18
2018-07-16,0.0,33.16,17.53,17.27
2018-07-17,0.0,32.52,16.64,17.7
2018-07-18,0.0,32.76,17.11,17.5
2018-07-19,0.0,32.96,18.07,17.67
2018-07-20,0.0,33.21,16.77,17.91
2018-07-21,0.0,30.58,16.12,16.84
2018-07-22,0.0,32.36,16.53,15.48
2018-07-23,0.0,32.96,18.13,17.78
2018-07-24,0.0,32.13,16.85,16.6
2018-07-25,0.0,31.4,16.28,16.35
2018-07-26,0.0,32.18,17.06,17.84
2018-07-27,0.0,32.42,16.97,17.9
2018-07-28,0.0,33.72,17.92,17.89
2018-07-29,0.0,34.05,18.35,18.14
2018-07-30,0.39,33.33,20.8,16.71
2018-07-31,1.75,30.23,20.29,17.06
2018-08-01,0.0,31.47,16.25,10.15
2018-08-02,0.0,31.45,18.49,14.28
2018-08-03,0.1,34.48,20.16,14.76
2018-08-04,3.49,29.56,19.48,9.83
2018-08-05,0.41,29.69,18.83,12.71
2018-08-06,3.22,29.1,18.06,4.42
2018-08-07,0.82,31.02,16.67,15.03
2018-08-08,1.97,33.93,18.74,13.65
2018-08-09,0.08,29.68,17.59,12.11
2018-08-10,0.0,24.28,10.08,21.26
2018-08-11,0.0,26.51,8.26,21.22
2018-08-12,0.0,29.32,9.2,20.81
2018-08-13,0.0,31.43,11.58,19.48
2018-08-14,0.0,32.55,11.57,20.91
2018-08-15,0.0,33.37,12.87,16.52
2018-08-16,0.0,27.73,17.44,8.58
2018-08-17,0.01,31.84,16.67,19.78
2018-08-18,0.01,32.58,18.09,19.72
2018-08-19,0.0,32.86,19.23,19.66
2018-08-20,0.0,34.93,20.48,21.16
2018-08-21,0.0,33.68,18.97,20.23
2018-08-22,0.09,32.1,18.74,13.43
2018-08-23,0.01,35.18,19.77,20.76
2018-08-24,2.27,35.15,24.07,14.31
2018-08-25,2.64,30.17,20.22,7.12
2018-08-26,0.01,28.77,15.94,21.81
2018-08-27,0.0,32.59,14.93,21.63
2018-08-28,0.0,33.43,20.22,21.51
2018-08-29,0.0,33.92,18.42,22.52
2018-08-30,0.0,35.46,20.86,22.8
2018-08-31,0.0,36.1,20.33,22.12
2018-09-01,0.0,36.38,22.55,21.92
2018-09-02,0.14,37.18,21.75,18.16
2018-09-03,0.45,24.89,16.2,16.54
2018-09-04,0.0,26.97,13.3,17.29
2018-09-05,0.0,28.83,12.15,23.3
2018-09-06,0.0,32.1,12.63,24.58
2018-09-07,0.0,35.85,14.24,24.01
2018-09-08,0.0,36.87,16.76,23.95
2018-09-09,0.0,37.04,17.27,24.78
2018-09-10,0.0,36.69,17.83,24.4
2018-09-11,0.0,37.58,18.81,24.15
2018-09-12,0.0,37.46,19.27,23.09
2018-09-13,0.13,38.38,20.94,22.54
2018-09-14,9.6,36.05,20.89,4.07
2018-09-15,3.59,30.04,20.03,10.33
2018-09-16,13.35,30.74,21.1,12.99
2018-09-17,16.18,28.77,21.39,5.25
2018-09-18,9.41,28.69,20.15,10.22
2018-09-19,1.26,30.68,21.09,20.91
2018-09-20,12.38,32.91,22.3,12.05
2018-09-21,0.71,30.36,21.7,23.47
2018-09-22,0.0,33.07,21.62,24.76
2018-09-23,0.0,36.47,21.69,21.7
2018-09-24,0.0,37.74,20.41,26.44
2018-09-25,0.51,37.67,20.68,22.82
2018-09-26,2.74,36.98,23.56,21.09
2018-09-27,5.68,35.0,23.55,14.76
2018-09-28,4.62,32.89,22.91,20.54
2018-09-29,0.4,33.25,22.91,13.51
2018-09-30,4.38,26.58,21.79,5.32
2018-10-01,2.87,33.26,21.67,21.27
2018-10-02,0.0,36.07,21.21,20.54
2018-10-03,1.24,37.07,24.2,23.43
2018-10-04,1.36,28.06,25.34,21.88
2018-10-05,0.98,32.61,23.69,22.32
2018-10-06,0.19,32.13,21.65,19.63
2018-10-07,6.23,32.96,22.88,17.74
2018-10-08,8.72,32.74,22.51,14.9
2018-10-09,16.88,33.82,22.26,22.23
2018-10-10,21.3,30.54,23.54,14.22
2018-10-11,6.64,30.55,23.5,19.17
2018-10-12,0.82,32.86,21.9,23.55
2018-10-13,3.79,32.87,22.93,18.16
2018-10-14,3.06,32.09,23.57,18.95
2018-10-15,0.16,32.2,23.16,20.9
2018-10-16,0.24,32.3,23.7,21.64
2018-10-17,0.03,30.65,24.13,22.29
2018-10-18,7.3,33.92,23.15,23.29
2018-10-19,6.59,31.23,23.59,21.7
2018-10-20,0.0,31.46,19.96,27.03
2018-10-21,0.0,32.55,17.97,27.99
2018-10-22,0.14,34.21,22.05,25.56
2018-10-23,11.25,29.55,23.68,24.38
2018-10-24,2.45,30.3,23.35,13.91
2018-10-25,7.56,30.45,21.98,12.36
2018-10-26,8.34,30.4,22.11,19.57
2018-10-27,10.18,29.55,22.83,12.72
2018-10-28,0.07,30.3,21.02,27.93
2018-10-29,0.01,32.01,19.16,24.16
2018-10-30,0.0,32.67,21.92,26.8
2018-10-31,1.87,31.78,23.64,24.38
2018-11-01,9.7,31.15,23.72,20.86
2018-11-02,5.04,30.4,23.2,22.14
2018-11-03,16.88,31.61,22.5,23.9
2018-11-04,13.73,28.78,22.64,12.8
2018-11-05,2.55,29.96,21.89,22.08
2018-11-06,1.0,30.0,22.21,22.17
2018-11-07,27.4,26.67,22.73,9.82
2018-11-08,25.1,25.18,19.57,11.77
2018-11-09,9.91,25.58,18.89,9.93
2018-11-10,3.69,30.03,20.66,19.13
2018-11-11,0.04,30.99,21.1,28.18
2018-11-12,0.0,32.26,20.69,28.32
2018-11-13,0.0,33.55,21.73,28.28
2018-11-14,1.05,31.79,23.72,23.5
2018-11-15,3.75,28.88,24.63,24.63
2018-11-16,19.82,28.81,23.65,24.96
2018-11-17,5.95,29.93,23.12,19.0
2018-11-18,21.22,26.93,23.41,15.5
2018-11-19,6.42,29.42,22.95,17.84
2018-11-20,1.98,29.86,21.12,15.17
2018-11-21,1.99,30.7,19.52,20.54
2018-11-22,10.46,30.34,21.57,22.75
2018-11-23,28.86,27.98,22.63,9.48
2018-11-24,24.19,29.47,22.13,17.65
2018-11-25,4.8,29.68,22.11,20.91
2018-11-26,0.37,30.36,22.24,23.55
2018-11-27,0.0,30.16,21.7,28.31
2018-11-28,0.0,30.77,20.8,28.57
2018-11-29,0.01,31.05,21.57,24.4
2018-11-30,5.1,28.41,22.37,21.07
2018-12-01,19.82,27.67,22.69,13.99
2018-12-02,1.32,30.12,22.0,19.19
2018-12-03,0.05,30.24,21.46,23.68
2018-12-04,0.0,31.82,21.33,28.45
2018-12-05,0.02,31.92,22.72,26.9
2018-12-06,0.01,33.59,24.09,29.38
2018-12-07,0.0,32.87,22.43,26.34
2018-12-08,0.0,30.94,21.1,30.87
2018-12-09,0.0,30.75,17.6,29.4
2018-12-10,0.0,31.26,20.44,29.89
2018-12-11,0.01,31.52,20.72,29.8
2018-12-12,4.79,32.29,21.22,29.3
2018-12-13,5.76,31.38,22.73,30.39
2018-12-14,0.91,31.93,21.68,26.65
2018-12-15,2.93,31.41,22.6,25.56
2018-12-16,0.17,34.16,25.17,28.99
2018-12-17,2.5,33.63,25.17,26.36
2018-12-18,2.0,34.72,22.91,28.3
2018-12-19,0.45,33.77,24.08,15.11
2018-12-20,0.01,34.72,23.2,29.05
2018-12-21,4.19,35.14,24.06,28.42
2018-12-22,7.19,29.95,23.78,27.73
2018-12-23,4.74,30.53,22.4,20.58
2018-12-24,15.07,30.35,22.9,20.78
2018-12-25,12.19,29.42,22.96,16.02
2018-12-26,7.3,29.87,22.53,20.31
2018-12-27,3.74,30.34,22.31,20.97
2018-12-28,2.02,28.75,22.6,21.5
2018-12-29,2.39,29.67,23.02,22.73
2018-12-30,3.0,31.33,23.02,21.16
2018-12-31,7.78,31.51,23.23,25.1
2019-01-01,9.03,31.26,23.18,24.4
2019-01-02,0.76,32.57,22.37,27.26
2019-01-03,0.31,33.42,22.64,26.89
2019-01-04,10.04,29.18,23.97,12.7
2019-01-05,8.66,26.18,22.72,9.46
2019-01-06,1.04,28.84,21.85,16.35
2019-01-07,0.01,32.16,21.17,29.19
2019-01-08,1.23,31.44,22.34,27.7
2019-01-09,0.7,31.69,23.41,27.36
2019-01-10,0.12,32.8,23.03,25.78
2019-01-11,0.69,29.3,22.03,24.66
2019-01-12,2.76,32.27,22.8,22.46
2019-01-13,0.38,31.75,21.98,27.93
2019-01-14,0.01,33.3,22.64,26.24
2019-01-15,0.14,34.09,23.76,24.31
2019-01-16,0.04,33.4,24.73,25.93
2019-01-17,9.2,31.83,24.73,22.61
2019-01-18,7.43,33.4,22.12,27.21
2019-01-19,6.55,33.22,23.59,27.23
2019-01-20,1.49,33.16,23.38,27.53
2019-01-21,0.38,31.93,24.89,26.5
2019-01-22,0.0,37.09,26.17,28.57
2019-01-23,0.1,35.37,24.81,26.08
2019-01-24,11.29,33.0,25.74,21.17
2019-01-25,0.8,33.66,24.27,28.3
2019-01-26,5.74,32.99,23.8,21.5
2019-01-27,1.79,28.64,22.5,21.03
2019-01-28,0.37,33.99,20.85,28.84
2019-01-29,1.29,36.0,22.2,28.9
2019-01-30,1.67,37.06,23.34,28.86
2019-01-31,0.0,38.29,25.97,27.64
2019-02-01,0.01,34.53,25.23,25.85
2019-02-02,0.0,38.83,24.51,26.74
2019-02-03,0.45,36.86,24.85,24.26
2019-02-04,0.39,35.73,24.59,24.49
2019-02-05,5.58,35.12,24.19,19.97
2019-02-06,3.94,34.69,23.94,17.81
2019-02-07,2.06,35.88,22.36,27.37
2019-02-08,0.11,36.29,23.36,26.36
2019-02-09,0.73,37.35,24.41,24.51
2019-02-10,3.75,35.91,25.39,21.0
2019-02-11,3.4,31.89,24.96,22.08
2019-02-12,25.02,29.16,24.47,10.05
2019-02-13,20.52,28.75,23.39,17.82
2019-02-14,26.35,30.43,22.64,16.77
2019-02-15,4.76,29.47,23.2,17.55
2019-02-16,1.68,30.0,22.52,15.03
2019-02-17,0.02,28.87,20.47,22.88
2019-02-18,3.51,30.65,19.77,23.69
2019-02-19,3.7,31.15,21.11,24.81
2019-02-20,14.96,31.22,23.36,10.95
2019-02-21,10.41,29.17,22.86,18.17
2019-02-22,4.9,30.2,22.91,22.76
2019-02-23,0.45,29.9,23.32,25.25
2019-02-24,0.03,30.66,23.03,22.82
2019-02-25,4.55,30.76,22.19,25.69
2019-02-26,15.73,28.7,23.45,14.25
2019-02-27,49.79,28.29,22.64,16.2
2019-02-28,29.66,26.28,22.55,11.39
2019-03-01,5.33,28.74,22.03,17.4
2019-03-02,16.45,26.15,22.43,15.35
2019-03-03,17.42,28.94,22.02,19.64
2019-03-04,3.74,29.57,21.83,18.51
2019-03-05,8.52,27.1,21.99,23.95
2019-03-06,0.02,30.68,21.0,25.21
2019-03-07,0.22,29.26,21.69,23.29
2019-03-08,1.9,30.89,21.91,23.77
2019-03-09,1.11,31.79,22.38,21.74
2019-03-10,2.74,28.19,22.79,22.55
2019-03-11,0.49,30.26,22.48,20.31
2019-03-12,1.62,30.2,21.81,24.11
2019-03-13,1.51,29.59,22.23,21.55
2019-03-14,1.01,27.71,22.81,18.31
2019-03-15,6.4,29.96,22.17,18.54
2019-03-16,2.55,30.36,22.27,20.88
2019-03-17,1.41,31.01,24.49,20.69
2019-03-18,8.19,30.1,24.33,20.73
2019-03-19,0.55,28.58,23.09,22.41
2019-03-20,10.62,29.44,22.9,15.8
2019-03-21,10.01,28.65,22.39,15.58
2019-03-22,0.01,29.25,19.26,14.13
2019-03-23,0.0,29.92,20.61,23.4
2019-03-24,0.0,31.04,20.68,22.66
2019-03-25,0.0,30.93,20.68,22.53
2019-03-26,0.0,31.96,21.94,22.16
2019-03-27,0.0,30.21,22.67,22.11
2019-03-28,0.58,30.75,22.71,21.64
2019-03-29,0.07,31.19,21.49,23.34
2019-03-30,0.0,31.27,20.71,23.85
2019-03-31,0.01,32.12,20.35,22.97
2019-04-01,0.0,32.79,20.55,21.84
2019-04-02,0.0,32.91,20.71,19.58
2019-04-03,0.01,33.27,23.71,20.87
2019-04-04,1.51,32.29,23.99,18.16
2019-04-05,2.06,28.0,23.82,18.23
2019-04-06,3.8,31.96,22.92,18.2
2019-04-07,24.71,28.76,22.95,12.46
2019-04-08,2.91,28.22,21.53,11.59
2019-04-09,0.06,29.69,20.39,16.46
2019-04-10,0.01,30.04,19.42,21.76
2019-04-11,0.0,30.85,19.69,21.14
2019-04-12,1.91,31.21,20.35,16.79
2019-04-13,25.34,28.18,22.18,15.18
2019-04-14,3.99,29.56,21.94,14.3
2019-04-15,2.38,30.14,22.73,15.82
2019-04-16,1.02,29.67,22.97,17.86
2019-04-17,0.04,31.01,21.79,20.82
2019-04-18,0.0,30.89,20.22,22.26
2019-04-19,0.01,30.95,18.66,21.94
2019-04-20,0.0,31.0,17.54,20.96
2019-04-21,0.01,32.34,18.15,19.57
2019-04-22,0.22,31.7,20.24,12.12
2019-04-23,0.55,30.8,22.22,17.53
2019-04-24,0.81,30.65,22.13,19.82
2019-04-25,0.47,32.96,21.76,17.53
2019-04-26,0.01,32.93,21.33,19.08
2019-04-27,0.01,33.18,21.26,19.57
2019-04-28,8.14,31.64,21.62,16.86
2019-04-29,3.83,30.08,21.87,15.43
2019-04-30,0.02,30.42,19.48,19.05
2019-05-01,2.68,31.55,20.72,10.41
2019-05-02,0.09,30.45,21.08,16.31
2019-05-03,9.83,28.75,22.51,13.98
2019-05-04,4.34,27.83,22.48,10.08
2019-05-05,0.66,28.84,21.49,16.89
2019-05-06,0.15,31.11,20.45,17.92
2019-05-07,0.43,31.38,22.38,17.96
2019-05-08,0.02,31.6,21.23,17.8
2019-05-09,0.4,32.21,21.33,18.22
2019-05-10,0.5,32.6,21.21,13.65
2019-05-11,1.08,32.69,21.84,14.97
2019-05-12,0.13,32.93,21.72,16.48
2019-05-13,0.17,31.02,21.76,15.49
2019-05-14,0.04,28.83,19.5,17.36
2019-05-15,0.03,27.32,17.07,11.97
2019-05-16,0.11,30.03,18.72,16.5
2019-05-17,1.48,28.58,18.69,15.52
2019-05-18,0.88,28.38,18.36,15.41
2019-05-19,0.05,29.47,16.75,17.07
2019-05-20,0.33,29.7,16.0,18.37
2019-05-21,0.63,30.58,15.4,18.18
2019-05-22,0.45,31.0,17.69,18.32
2019-05-23,0.0,31.5,17.04,16.29
2019-05-24,0.02,23.33,16.09,5.47
2019-05-25,0.0,25.04,12.95,18.25
2019-05-26,0.04,29.14,11.05,18.2
2019-05-27,0.0,32.53,14.95,17.78
2019-05-28,0.0,33.21,18.2,16.67
2019-05-29,0.0,33.32,20.51,16.65
2019-05-30,0.0,33.84,19.53,17.04
2019-05-31,0.0,33.06,18.81,15.0
2019-06-01,0.0,33.21,18.91,16.73
2019-06-02,0.05,31.8,17.37,16.2
2019-06-03,10.46,27.69,18.44,8.66
2019-06-04,0.24,28.07,16.59,13.9
2019-06-05,0.02,26.07,13.0,17.54
2019-06-06,0.02,28.96,12.24,17.1
2019-06-07,0.0,29.42,13.65,16.47
2019-06-08,0.04,29.2,15.98,15.73
2019-06-09,0.0,29.35,13.23,17.4
2019-06-10,0.0,30.63,14.59,16.84
2019-06-11,0.02,31.14,16.22,14.84
2019-06-12,0.0,30.88,16.26,15.65
2019-06-13,0.0,31.2,16.77,15.37
2019-06-14,0.0,31.8,17.75,16.61
2019-06-15,0.0,31.49,18.02,16.72
2019-06-16,0.0,30.92,17.63,16.22
2019-06-17,0.0,30.69,16.09,15.04
2019-06-18,0.02,30.83,15.57,16.79
2019-06-19,0.0,30.85,17.85,15.04
2019-06-20,0.0,31.39,17.39,15.95
2019-06-21,0.02,31.6,17.69,15.95
2019-06-22,0.0,30.81,15.75,16.49
2019-06-23,0.0,30.32,15.57,16.68
2019-06-24,0.02,30.75,14.88,16.78
2019-06-25,0.01,31.76,15.95,16.72
2019-06-26,0.01,31.99,17.9,15.17
2019-06-27,0.39,31.95,18.77,9.47
2019-06-28,0.01,33.51,18.18,16.29
2019-06-29,0.03,32.56,18.38,16.71
2019-06-30,0.0,32.63,17.5,16.62
2019-07-01,0.0,32.21,17.48,16.49
2019-07-02,0.0,32.02,17.64,14.91
2019-07-03,0.01,31.75,16.76,16.19
2019-07-04,4.96,29.43,19.81,5.03
2019-07-05,4.33,22.61,13.87,6.76
2019-07-06,0.0,19.57,7.99,16.86
2019-07-07,0.04,22.27,4.74,17.78
2019-07-08,0.02,27.41,6.94,17.33
2019-07-09,0.0,30.14,11.13,17.53
2019-07-10,0.0,30.01,12.39,16.94
2019-07-11,0.01,29.97,12.01,17.65
2019-07-12,0.0,31.12,12.71,17.53
2019-07-13,0.0,31.08,16.44,16.14
2019-07-14,0.0,32.35,19.38,14.55
2019-07-15,0.0,32.17,22.35,15.64
2019-07-16,0.03,29.12,17.4,14.18
2019-07-17,0.0,27.57,13.17,17.65
2019-07-18,0.02,30.18,11.32,16.4
2019-07-19,0.0,29.53,17.28,15.39
2019-07-20,0.0,29.19,15.17,17.2
2019-07-21,0.0,27.48,16.26,13.13
2019-07-22,0.0,29.51,17.5,14.53
2019-07-23,0.0,31.25,16.16,17.85
2019-07-24,0.0,32.4,16.79,18.15
2019-07-25,0.0,32.21,18.5,12.68
2019-07-26,0.0,32.75,18.18,16.9
2019-07-27,0.0,32.04,19.26,16.86
2019-07-28,0.0,31.37,15.98,18.58
2019-07-29,0.0,32.16,17.03,17.82
2019-07-30,0.0,32.48,20.29,16.26
2019-07-31,0.0,32.64,17.15,19.19
2019-08-01,0.0,34.57,17.15,18.91
2019-08-02,0.0,33.36,20.19,14.29
2019-08-03,1.13,22.37,15.11,11.29
2019-08-04,5.86,21.85,13.68,3.0
2019-08-05,25.71,26.72,13.05,10.48
2019-08-06,7.3,27.53,16.66,11.8
2019-08-07,0.14,30.56,16.4,19.24
2019-08-08,0.0,31.69,17.13,19.62
2019-08-09,0.0,32.65,17.58,19.83
2019-08-10,0.0,32.73,17.32,19.87
2019-08-11,0.0,34.06,17.73,20.03
2019-08-12,0.0,34.77,18.96,19.87
2019-08-13,0.0,33.87,20.11,19.08
2019-08-14,0.0,30.63,18.79,18.36
2019-08-15,0.0,30.19,15.71,18.63
2019-08-16,0.0,31.07,17.25,19.92
2019-08-17,0.0,32.19,16.84,20.0
2019-08-18,0.0,33.32,19.9,16.57
2019-08-19,0.13,32.94,21.53,13.34
2019-08-20,0.36,32.4,21.35,14.23
2019-08-21,0.0,32.21,17.92,19.96
2019-08-22,0.0,32.74,17.3,21.17
2019-08-23,0.0,31.33,16.51,19.41
2019-08-24,0.02,31.52,15.39,22.46
2019-08-25,0.0,33.26,14.61,22.49
2019-08-26,0.0,34.97,17.01,21.02
2019-08-27,0.0,32.69,21.1,16.92
2019-08-28,0.0,32.25,22.11,15.0
2019-08-29,0.0,34.1,20.39,19.84
2019-08-30,0.0,33.99,20.3,18.03
2019-08-31,0.05,37.03,22.42,20.27
2019-09-01,5.95,37.31,23.05,15.86
2019-09-02,8.67,32.11,19.25,17.76
2019-09-03,0.32,34.93,21.57,17.85
2019-09-04,0.01,35.74,22.33,20.53
2019-09-05,0.0,36.72,21.97,21.28
2019-09-06,0.0,37.27,21.0,20.24
2019-09-07,0.0,36.82,23.05,22.52
2019-09-08,0.0,37.7,23.07,22.93
2019-09-09,0.0,38.01,22.81,23.23
2019-09-10,0.0,37.48,23.09,22.36
2019-09-11,0.0,39.95,24.11,23.12
2019-09-12,0.0,40.22,23.16,23.0
2019-09-13,0.0,39.48,21.76,22.48
2019-09-14,0.1,39.92,23.48,21.84
2019-09-15,0.0,40.15,23.63,22.99
2019-09-16,0.0,39.48,23.55,23.94
2019-09-17,0.0,39.98,22.28,24.38
2019-09-18,0.0,39.92,21.84,20.04
2019-09-19,0.02,40.57,24.54,20.21
2019-09-20,2.76,37.04,25.77,12.25
2019-09-21,4.26,36.09,24.36,19.73
2019-09-22,0.0,36.37,24.25,20.99
2019-09-23,0.0,36.78,19.48,23.93
2019-09-24,0.56,37.03,25.56,20.29
2019-09-25,10.76,34.64,21.76,9.98
2019-09-26,7.84,26.16,19.87,8.31
2019-09-27,0.03,32.48,17.72,24.67
2019-09-28,0.0,33.54,17.66,25.53
2019-09-29,0.0,34.81,18.09,26.25
2019-09-30,0.0,36.12,17.58,25.93
2019-10-01,0.0,38.61,20.29,26.26
2019-10-02,0.0,39.59,24.18,22.74
2019-10-03,0.2,39.05,25.97,23.78
2019-10-04,0.0,40.08,21.36,26.73
2019-10-05,0.0,39.87,22.36,26.71
2019-10-06,0.0,38.59,23.92,17.69
2019-10-07,1.47,35.04,24.47,23.23
2019-10-08,7.14,32.73,23.23,12.38
2019-10-09,0.89,30.8,22.12,15.59
2019-10-10,0.14,32.39,22.3,21.24
2019-10-11,0.0,35.77,21.5,25.84
2019-10-12,0.0,36.04,23.43,24.9
2019-10-13,3.04,34.7,25.33,21.69
2019-10-14,0.08,38.75,22.7,26.31
2019-10-15,0.44,38.71,24.6,25.66
2019-10-16,0.11,39.17,23.84,25.89
2019-10-17,0.07,37.95,26.77,24.66
2019-10-18,1.66,39.75,26.24,23.58
2019-10-19,2.1,37.71,26.15,20.34
2019-10-20,8.63,36.62,26.13,19.62
2019-10-21,17.06,29.03,23.37,17.54
2019-10-22,7.56,29.35,22.94,11.8
2019-10-23,0.01,32.94,21.71,24.85
2019-10-24,0.0,35.46,21.56,28.37
2019-10-25,0.07,37.98,22.69,28.15
2019-10-26,0.15,38.84,22.55,27.57
2019-10-27,2.55,37.55,24.08,27.37
2019-10-28,2.92,34.68,23.98,19.91
2019-10-29,0.33,36.86,22.74,28.0
2019-10-30,0.16,38.75,24.24,28.41
2019-10-31,0.52,38.39,24.75,28.58
2019-11-01,0.35,38.22,23.46,27.56
2019-11-02,0.18,38.53,24.51,28.03
2019-11-03,0.0,39.43,26.05,27.95
2019-11-04,0.11,39.4,26.51,26.9
2019-11-05,3.55,38.55,26.83,24.31
2019-11-06,6.61,37.93,25.06,18.42
2019-11-07,31.44,28.9,23.08,23.59
2019-11-08,4.06,29.74,22.66,14.52
2019-11-09,3.41,29.21,22.34,14.61
2019-11-10,1.61,30.6,21.89,16.85
2019-11-11,1.63,35.86,22.3,25.1
2019-11-12,1.42,32.26,22.69,23.49
2019-11-13,2.19,33.39,23.18,23.04
2019-11-14,2.1,33.32,24.21,20.13
2019-11-15,1.71,30.21,23.32,14.61
2019-11-16,0.03,35.18,21.14,29.18
2019-11-17,0.01,36.35,20.74,27.46
2019-11-18,0.37,37.28,21.04,29.49
2019-11-19,1.81,36.91,22.17,26.46
2019-11-20,3.95,36.09,23.31,26.72
2019-11-21,11.38,29.36,23.71,21.45
2019-11-22,1.2,33.34,22.63,28.29
2019-11-23,3.57,35.51,22.45,26.75
2019-11-24,15.75,32.37,23.38,18.03
2019-11-25,0.25,31.96,20.79,29.29
2019-11-26,0.65,32.63,23.85,23.84
2019-11-27,33.52,28.51,23.22,17.17
2019-11-28,13.39,29.72,22.6,18.66
2019-11-29,7.73,28.73,21.45,17.1
2019-11-30,4.62,29.88,23.36,17.46
2019-12-01,10.3,29.73,23.09,19.89
2019-12-02,3.55,29.22,23.17,20.86
2019-12-03,15.98,30.2,22.15,20.99
2019-12-04,3.82,29.44,23.01,22.65
2019-12-05,4.64,31.19,23.28,19.1
2019-12-06,5.04,30.5,23.74,17.08
2019-12-07,0.36,32.25,22.21,28.99
2019-12-08,0.61,33.12,21.75,28.8
2019-12-09,19.86,29.89,23.41,17.79
2019-12-10,7.38,29.19,22.78,21.07
2019-12-11,10.03,26.84,23.11,6.39
2019-12-12,7.16,29.96,22.66,19.22
2019-12-13,4.28,29.55,21.82,18.35
2019-12-14,3.05,28.01,23.21,19.19
2019-12-15,0.89,30.97,23.51,23.34
2019-12-16,6.57,31.24,22.93,24.33
2019-12-17,31.64,28.4,22.84,20.99
2019-12-18,0.91,28.61,22.14,15.79
2019-12-19,0.09,28.72,21.22,11.62
2019-12-20,3.87,29.67,21.58,22.19
2019-12-21,5.49,29.94,22.46,20.14
2019-12-22,7.95,28.51,21.38,14.53
2019-12-23,17.84,30.2,22.04,17.58
2019-12-24,2.86,31.36,22.64,28.11
2019-12-25,0.27,32.32,21.71,30.36
2019-12-26,4.01,32.7,22.11,27.55
2019-12-27,2.59,32.2,22.8,28.95
2019-12-28,2.42,30.46,23.76,24.49
2019-12-29,0.24,30.95,23.92,26.29
2019-12-30,1.67,31.92,23.37,27.04
2019-12-31,3.07,32.94,23.3,28.26
2020-01-01,3.17,32.05,22.7,25.28
2020-01-02,10.84,31.41,23.08,27.56
2020-01-03,13.19,31.3,23.48,20.42
2020-01-04,17.69,30.66,21.33,21.12
2020-01-05,8.74,30.53,21.65,17.59
2020-01-06,0.92,32.18,21.86,21.76
2020-01-07,7.57,28.22,22.77,15.13
2020-01-08,6.92,29.14,23.22,17.9
2020-01-09,10.56,29.02,23.27,17.29
2020-01-10,0.79,31.27,22.43,24.81
2020-01-11,0.37,31.31,24.71,22.9
2020-01-12,3.41,30.39,24.09,16.21
2020-01-13,7.03,30.36,24.02,22.6
2020-01-14,1.01,33.02,23.21,28.31
2020-01-15,0.05,33.62,23.19,28.55
2020-01-16,0.04,33.5,24.97,27.81
2020-01-17,10.15,31.82,25.44,23.09
2020-01-18,1.81,30.58,21.33,24.51
2020-01-19,2.86,31.89,24.01,24.22
2020-01-20,6.08,31.8,25.18,24.48
2020-01-21,5.18,32.23,24.67,23.36
2020-01-22,7.07,30.62,24.37,16.58
2020-01-23,30.34,30.7,22.37,14.23
2020-01-24,7.16,29.22,23.13,17.76
2020-01-25,0.54,30.36,22.19,28.34
2020-01-26,0.0,31.14,22.17,29.23
2020-01-27,0.0,32.32,21.53,28.94
2020-01-28,0.04,32.94,22.27,28.95
2020-01-29,4.94,33.12,23.02,24.35
2020-01-30,11.01,27.56,23.75,21.86
2020-01-31,9.5,28.62,22.66,19.77
2020-02-01,3.42,29.35,23.09,22.25
2020-02-02,0.82,30.44,23.8,21.73
2020-02-03,2.71,30.92,22.52,19.67
2020-02-04,14.72,31.14,22.43,22.09
2020-02-05,9.38,29.08,23.16,22.36
2020-02-06,8.43,29.95,22.33,20.51
2020-02-07,6.09,29.46,21.4,19.5
2020-02-08,2.11,27.98,20.19,20.21
2020-02-09,3.59,29.41,22.15,16.16
2020-02-10,16.35,29.49,20.94,13.6
2020-02-11,13.74,26.93,23.6,13.68
2020-02-12,2.75,29.9,21.5,18.63
2020-02-13,0.68,30.4,21.17,24.4
2020-02-14,0.1,31.61,19.99,26.47
2020-02-15,0.09,32.45,21.88,25.86
2020-02-16,2.18,32.22,23.66,25.88
2020-02-17,1.67,32.05,23.53,25.22
2020-02-18,5.0,31.08,23.83,25.13
2020-02-19,0.98,31.74,23.88,23.51
2020-02-20,17.55,27.66,24.17,18.26
2020-02-21,4.23,29.21,23.34,15.28
2020-02-22,17.75,29.84,23.16,16.87
2020-02-23,24.01,29.72,21.93,14.25
2020-02-24,6.39,27.54,22.94,12.56
2020-02-25,3.28,30.65,23.04,14.48
2020-02-26,14.75,30.17,23.62,9.93
2020-02-27,13.99,27.69,19.59,15.97
2020-02-28,2.05,29.26,20.86,20.52
2020-02-29,0.49,29.47,19.26,22.17
2020-03-01,0.43,29.12,19.78,19.99
2020-03-02,0.21,28.91,19.89,22.35
2020-03-03,0.39,29.15,19.21,24.7
2020-03-04,0.04,30.59,19.55,26.56
2020-03-05,0.01,30.69,19.37,27.11
2020-03-06,0.02,30.05,18.98,27.2
2020-03-07,0.02,30.25,18.35,27.26
2020-03-08,0.0,31.05,17.52,27.03
2020-03-09,0.0,31.76,18.74,26.39
2020-03-10,0.02,32.68,19.36,25.78
2020-03-11,0.06,33.27,21.42,23.83
2020-03-12,1.13,33.91,22.84,24.04
2020-03-13,0.05,34.38,22.07,25.99
2020-03-14,2.12,33.67,22.37,23.56
2020-03-15,8.15,32.5,22.92,21.43
2020-03-16,2.66,31.83,22.19,22.49
2020-03-17,0.25,33.96,22.36,23.79
2020-03-18,0.05,33.06,22.84,23.37
2020-03-19,2.32,33.74,23.39,15.68
2020-03-20,12.81,31.25,23.84,17.39
2020-03-21,7.84,29.54,23.28,16.65
2020-03-22,9.65,29.17,22.49,19.03
2020-03-23,0.16,30.07,19.47,23.01
2020-03-24,0.03,30.82,20.33,22.17
2020-03-25,0.0,30.81,18.98,23.25
2020-03-26,0.01,30.88,19.27,22.45
2020-03-27,0.0,32.08,20.05,22.49
2020-03-28,0.26,29.97,22.33,18.48
2020-03-29,3.4,28.32,22.49,8.62
2020-03-30,1.11,31.27,21.69,22.31
2020-03-31,0.0,33.57,20.63,22.89
2020-04-01,0.09,33.99,21.24,22.52
2020-04-02,2.14,34.41,23.42,20.57
2020-04-03,0.1,34.29,23.51,21.43
2020-04-04,0.0,33.4,18.94,23.57
2020-04-05,0.0,35.23,20.63,22.87
2020-04-06,0.15,35.63,21.96,22.3
2020-04-07,1.83,32.2,24.21,14.54
2020-04-08,0.01,33.04,22.06,20.81
2020-04-09,0.0,32.46,19.72,22.91
2020-04-10,0.0,32.42,17.84,23.03
2020-04-11,0.0,33.55,18.68,19.25
2020-04-12,0.0,33.49,20.04,20.47
2020-04-13,8.37,33.7,20.51,21.04
2020-04-14,12.17,30.02,20.68,11.08
2020-04-15,1.49,25.93,18.1,17.41
2020-04-16,0.03,29.19,13.7,20.49
2020-04-17,0.04,28.64,16.02,20.48
2020-04-18,1.88,30.66,18.57,19.83
2020-04-19,0.65,31.03,18.19,19.42
2020-04-20,0.03,31.74,20.42,19.06
2020-04-21,1.08,31.98,19.57,20.38
2020-04-22,0.04,31.8,18.06,21.19
2020-04-23,0.0,32.54,17.31,21.55
2020-04-24,0.0,33.58,17.82,20.59
2020-04-25,0.0,33.62,22.29,20.47
2020-04-26,0.0,33.22,18.92,20.9
2020-04-27,0.01,33.0,19.36,20.04
2020-04-28,0.01,32.43,18.78,20.84
2020-04-29,0.0,32.72,17.61,20.63
2020-04-30,0.0,32.94,17.4,19.53
2020-05-01,0.0,33.36,17.85,20.21
2020-05-02,0.0,33.42,18.46,19.56
2020-05-03,0.0,32.69,19.17,19.36
2020-05-04,0.0,32.34,16.69,19.25
2020-05-05,0.0,30.86,18.32,16.59
2020-05-06,0.02,33.76,20.53,8.14
2020-05-07,0.0,27.91,17.79,12.37
2020-05-08,0.0,28.15,15.06,20.0
2020-05-09,0.0,31.29,13.22,19.61
2020-05-10,0.0,31.82,16.06,19.54
2020-05-11,0.0,32.02,16.6,18.21
2020-05-12,0.0,31.77,16.65,14.02
2020-05-13,0.05,31.4,18.16,6.97
2020-05-14,0.7,27.82,20.16,8.84
2020-05-15,0.07,29.52,19.35,10.13
2020-05-16,0.0,29.81,17.83,16.37
2020-05-17,0.0,30.99,16.51,18.46
2020-05-18,0.01,31.77,15.4,18.58
2020-05-19,0.0,31.99,16.88,18.09
2020-05-20,0.0,31.91,19.64,16.3
2020-05-21,0.0,33.21,18.94,17.6
2020-05-22,2.93,33.29,18.87,17.14
2020-05-23,9.2,23.5,15.86,5.04
2020-05-24,0.94,22.05,12.43,8.65
2020-05-25,0.01,24.63,9.68,16.83
2020-05-26,0.01,24.74,10.28,18.25
2020-05-27,0.0,25.86,9.38,17.95
2020-05-28,0.0,28.34,10.2,18.33
2020-05-29,0.0,29.79,11.17,18.28
2020-05-30,0.0,29.6,11.96,18.38
2020-05-31,0.01,29.06,12.96,17.81
2020-06-01,0.0,31.07,14.55,17.15
2020-06-02,0.02,30.62,16.52,12.05
2020-06-03,1.11,28.71,17.72,6.71
2020-06-04,0.04,32.61,17.79,11.06
2020-06-05,0.02,33.15,19.35,13.08
2020-06-06,0.02,31.63,20.21,12.54
2020-06-07,0.01,31.38,18.28,11.03
2020-06-08,0.01,33.87,19.57,15.35
2020-06-09,0.09,34.04,21.13,11.96
2020-06-10,0.01,34.46,20.55,14.09
2020-06-11,0.02,33.62,20.89,15.42
2020-06-12,0.01,33.5,18.93,16.41
2020-06-13,0.01,33.28,18.59,16.25
2020-06-14,0.0,32.84,19.22,15.89
2020-06-15,0.0,32.07,19.15,16.57
2020-06-16,0.0,30.97,17.05,16.73
2020-06-17,0.03,30.65,17.88,15.47
2020-06-18,0.02,30.53,17.41,14.88
2020-06-19,0.06,31.59,17.34,14.27
2020-06-20,0.0,31.94,16.67,16.98
2020-06-21,0.0,32.38,17.47,16.16
2020-06-22,0.0,31.76,16.37,16.35
2020-06-23,0.0,30.73,16.68,14.5
2020-06-24,0.01,31.54,15.15,15.08
2020-06-25,0.01,32.72,18.71,15.73
2020-06-26,0.79,31.72,20.51,12.95
2020-06-27,2.78,29.06,19.63,4.32
2020-06-28,3.7,27.1,17.86,8.33
2020-06-29,0.02,30.39,15.65,13.82
2020-06-30,0.02,31.04,19.19,16.28
2020-07-01,0.14,21.88,13.89,11.99
2020-07-02,0.03,24.76,10.38,16.33
2020-07-03,0.0,26.09,12.67,17.28
2020-07-04,0.0,30.51,13.15,17.37
2020-07-05,0.0,32.75,16.42,14.4
2020-07-06,0.0,33.12,17.92,16.56
2020-07-07,0.0,33.02,19.87,16.64
2020-07-08,0.0,32.61,16.92,15.56
2020-07-09,0.01,27.29,16.42,10.09
2020-07-10,0.0,31.35,14.74,16.95
2020-07-11,0.0,32.78,16.53,16.02
2020-07-12,0.0,33.32,17.74,16.25
2020-07-13,0.0,33.63,20.22,16.63
2020-07-14,0.0,33.72,22.78,15.64
2020-07-15,0.0,32.94,19.86,16.1
2020-07-16,0.0,32.29,21.22,16.66
2020-07-17,0.0,32.69,18.57,17.25
2020-07-18,0.0,32.23,18.41,17.66
2020-07-19,0.0,30.67,17.35,17.53
2020-07-20,0.0,31.6,16.21,17.82
2020-07-21,0.0,32.39,16.31,18.36
2020-07-22,0.0,33.08,16.86,18.28
2020-07-23,0.01,32.68,17.22,18.36
2020-07-24,0.0,32.46,16.46,18.38
2020-07-25,0.0,33.21,16.56,18.55
2020-07-26,0.04,32.84,15.57,18.14
2020-07-27,0.59,33.42,17.66,18.51
2020-07-28,0.98,33.41,18.55,17.3
2020-07-29,0.0,32.7,21.98,17.39
2020-07-30,0.0,30.92,19.27,17.67
2020-07-31,0.01,32.44,16.8,17.15
2020-08-01,0.03,31.89,19.39,17.02
2020-08-02,0.0,31.9,16.63,17.76
2020-08-03,0.0,31.41,16.47,19.45
2020-08-04,0.0,31.18,15.65,20.01
2020-08-05,0.0,31.43,14.52,20.03
2020-08-06,0.0,31.47,14.94,19.87
2020-08-07,0.0,31.1,14.93,19.93
2020-08-08,0.0,31.73,16.33,18.04
2020-08-09,0.0,31.81,17.55,20.09
2020-08-10,0.0,32.72,17.79,19.97
2020-08-11,0.0,33.24,18.49,15.6
2020-08-12,0.0,34.72,19.02,18.08
2020-08-13,0.12,35.96,19.69,19.25
2020-08-14,0.0,36.85,23.27,19.76
2020-08-15,0.02,36.36,21.32,19.43
2020-08-16,0.0,36.22,21.74,11.6
2020-08-17,0.1,37.61,22.46,13.57
2020-08-18,0.0,37.28,24.43,17.21
2020-08-19,0.43,38.1,22.18,18.15
2020-08-20,0.0,29.93,16.86,15.98
2020-08-21,2.03,23.78,15.49,3.28
2020-08-22,0.75,25.56,12.81,18.73
2020-08-23,0.0,29.72,14.65,21.29
2020-08-24,0.01,32.6,16.92,20.96
2020-08-25,0.0,33.42,16.57,22.06
2020-08-26,0.01,34.22,13.57,22.29
2020-08-27,0.0,35.15,14.22,22.75
2020-08-28,0.0,36.35,16.34,23.06
2020-08-29,0.0,36.36,19.0,22.49
2020-08-30,0.0,37.41,19.6,22.53
2020-08-31,0.02,38.14,19.95,22.41
2020-09-01,0.07,37.82,20.43,21.89
2020-09-02,0.24,35.96,22.5,21.95
2020-09-03,0.0,37.0,21.46,22.61
2020-09-04,0.0,37.81,20.93,23.15
2020-09-05,0.01,37.72,21.61,23.84
2020-09-06,0.0,37.34,20.22,23.71
2020-09-07,0.0,37.87,21.14,23.51
2020-09-08,0.0,38.96,20.75,23.71
2020-09-09,0.0,39.66,22.05,24.1
2020-09-10,0.0,39.48,23.26,22.77
2020-09-11,0.0,39.51,23.03,24.05
2020-09-12,0.0,39.18,22.42,23.15
2020-09-13,0.02,38.06,22.22,22.56
2020-09-14,0.0,37.86,20.56,20.39
2020-09-15,0.0,37.8,21.7,23.85
2020-09-16,0.45,38.08,21.69,23.95
2020-09-17,0.0,39.39,23.16,22.28
2020-09-18,0.03,37.84,24.24,13.43
2020-09-19,0.07,35.34,23.93,9.38
2020-09-20,0.77,36.3,23.81,8.33
2020-09-21,1.28,32.28,22.22,12.79
2020-09-22,2.96,32.17,19.93,15.85
2020-09-23,0.03,33.71,20.48,20.76
2020-09-24,0.0,36.17,21.05,25.43
2020-09-25,0.0,38.44,21.37,25.94
2020-09-26,0.0,39.67,23.33,26.45
2020-09-27,0.0,40.68,23.99,24.22
2020-09-28,0.01,41.21,25.51,23.7
2020-09-29,0.01,42.06,25.7,25.28
2020-09-30,0.0,43.08,24.47,25.72
2020-10-01,0.0,42.44,25.99,24.43
2020-10-02,0.01,43.01,26.39,26.0
2020-10-03,0.07,43.84,26.18,25.42
2020-10-04,0.12,43.8,26.37,24.15
2020-10-05,0.02,43.41,25.48,25.19
2020-10-06,0.0,43.41,26.41,24.1
2020-10-07,0.0,43.98,27.54,22.93
2020-10-08,1.38,42.78,28.67,17.63
2020-10-09,0.19,41.86,30.53,15.66
2020-10-10,2.64,35.69,24.9,16.87
2020-10-11,0.0,37.07,22.65,22.43
2020-10-12,0.0,38.24,22.23,20.66
2020-10-13,0.0,40.5,23.9,21.45
2020-10-14,0.07,39.53,27.5,20.07
2020-10-15,5.27,36.79,25.3,12.74
2020-10-16,0.62,34.7,23.81,16.12
2020-10-17,0.03,35.71,21.74,25.79
2020-10-18,0.04,36.09,23.18,24.01
2020-10-19,9.25,31.39,23.42,15.03
2020-10-20,14.77,30.86,22.15,13.65
2020-10-21,1.52,33.23,22.59,21.31
2020-10-22,1.7,33.63,23.23,22.72
2020-10-23,9.32,31.91,23.03,24.51
2020-10-24,5.24,33.53,21.96,17.11
2020-10-25,1.14,34.63,23.27,23.44
2020-10-26,5.15,33.2,24.21,16.56
2020-10-27,7.65,32.33,23.48,20.99
2020-10-28,0.73,34.63,21.45,26.67
2020-10-29,1.67,32.56,24.83,16.91
2020-10-30,0.97,33.25,23.48,18.58
2020-10-31,0.02,33.53,20.19,24.05
2020-11-01,0.0,32.64,18.46,28.16
2020-11-02,0.0,32.05,17.18,30.34
2020-11-03,0.05,32.57,16.26,27.09
2020-11-04,0.88,34.12,16.34,30.72
2020-11-05,0.09,35.2,17.26,30.64
2020-11-06,0.0,36.89,18.73,30.08
2020-11-07,0.0,38.89,19.67,30.76
2020-11-08,0.06,40.53,21.96,29.02
2020-11-09,15.25,35.23,26.04,16.75
2020-11-10,8.31,32.85,23.07,18.12
2020-11-11,23.97,30.5,22.95,21.76
2020-11-12,0.04,31.54,23.35,23.52
2020-11-13,4.43,31.01,22.47,23.15
2020-11-14,0.36,31.46,22.98,25.27
2020-11-15,3.46,34.51,22.32,27.62
2020-11-16,1.36,33.96,23.31,26.87
2020-11-17,4.93,35.01,23.61,21.81
2020-11-18,7.19,30.57,23.36,16.01
2020-11-19,5.85,31.46,22.74,18.98
2020-11-20,0.09,32.13,19.24,29.35
2020-11-21,2.18,33.47,18.11,31.07
2020-11-22,6.92,34.17,17.79,30.56
2020-11-23,0.03,35.44,19.45,30.5
2020-11-24,0.08,34.82,22.77,27.88
2020-11-25,0.02,35.95,22.87,29.18
2020-11-26,0.14,36.0,21.45,30.17
2020-11-27,0.03,37.28,22.15,28.77
2020-11-28,0.02,37.87,23.71,27.78
2020-11-29,0.0,37.84,23.55,29.64
2020-11-30,0.0,38.36,22.87,27.56
2020-12-01,2.23,39.11,24.06,25.5
2020-12-02,9.3,30.94,24.06,21.46
2020-12-03,1.84,36.18,23.8,13.35
2020-12-04,3.48,37.64,22.75,22.02
2020-12-05,1.03,36.16,23.86,22.93
2020-12-06,7.18,33.64,23.72,18.45
2020-12-07,4.81,32.36,24.07,16.33
2020-12-08,7.11,33.27,23.05,24.18
2020-12-09,0.18,35.52,23.9,26.8
2020-12-10,4.09,31.95,22.7,22.73
2020-12-11,2.32,26.35,21.09,12.96
2020-12-12,0.83,30.4,20.51,18.01
2020-12-13,2.14,33.97,21.65,23.93
2020-12-14,0.52,35.75,22.95,22.33
2020-12-15,9.9,32.73,24.05,25.84
2020-12-16,2.73,31.26,24.72,24.88
2020-12-17,1.01,34.04,23.71,21.83
2020-12-18,1.19,36.18,23.48,25.05
2020-12-19,0.54,36.21,23.82,25.07
2020-12-20,2.6,35.19,24.04,23.99
2020-12-21,1.22,36.96,24.32,26.38
2020-12-22,4.35,32.09,25.76,21.47
2020-12-23,1.85,35.68,23.69,22.63
2020-12-24,2.36,36.65,23.71,27.64
2020-12-25,0.23,36.49,22.99,26.64
2020-12-26,4.11,34.39,23.38,25.37
2020-12-27,19.9,31.23,23.81,13.72
2020-12-28,3.75,32.05,22.75,21.81
2020-12-29,3.13,32.42,22.11,22.41
2020-12-30,0.22,33.56,22.56,26.44
2020-12-31,0.85,33.24,23.21,19.9
2021-01-01,2.64,32.48,23.66,19.81
2021-01-02,0.27,35.68,22.83,26.93
2021-01-03,0.22,36.19,22.95,29.16
2021-01-04,1.76,35.58,22.48,24.18
2021-01-05,1.21,34.35,22.79,24.12
2021-01-06,1.87,34.44,24.43,20.51
2021-01-07,5.32,30.02,23.33,16.04
2021-01-08,2.24,33.79,22.0,24.95
2021-01-09,0.08,37.22,24.82,28.64
2021-01-10,0.9,37.47,24.16,20.55
2021-01-11,15.81,33.6,25.03,22.96
2021-01-12,1.78,30.85,24.52,19.74
2021-01-13,6.75,33.93,24.03,13.91
2021-01-14,0.99,30.51,23.39,15.69
2021-01-15,3.77,32.81,23.54,13.55
2021-01-16,3.64,30.11,22.84,18.21
2021-01-17,4.56,28.22,22.38,17.1
2021-01-18,11.94,31.55,21.54,20.99
2021-01-19,1.24,32.56,22.89,21.71
2021-01-20,0.16,33.83,22.71,19.22
2021-01-21,0.86,35.53,21.51,21.98
2021-01-22,0.3,36.17,23.13,19.42
2021-01-23,0.01,37.25,22.38,28.57
2021-01-24,0.0,35.29,23.02,18.39
2021-01-25,7.09,33.76,24.05,14.85
2021-01-26,1.13,34.62,22.45,23.06
2021-01-27,6.02,32.98,23.27,23.18
2021-01-28,6.81,32.78,22.27,23.81
2021-01-29,1.84,33.33,23.32,20.39
2021-01-30,0.3,35.87,22.82,20.21
2021-01-31,0.13,37.18,23.27,20.84
2021-02-01,5.75,31.55,24.11,24.14
2021-02-02,0.28,34.39,22.67,25.28
2021-02-03,5.49,36.78,23.98,24.7
2021-02-04,0.93,33.65,24.28,18.29
2021-02-05,4.41,33.69,23.99,20.09
2021-02-06,0.02,34.09,21.73,26.16
2021-02-07,0.0,34.28,19.94,29.02
2021-02-08,0.01,34.91,21.23,28.11
2021-02-09,0.12,35.41,20.59,27.0
2021-02-10,0.55,36.94,21.72,25.1
2021-02-11,1.73,34.73,23.91,11.62
2021-02-12,4.97,27.78,22.59,12.05
2021-02-13,0.13,33.79,21.73,23.49
2021-02-14,4.99,33.75,21.98,17.88
2021-02-15,12.97,29.96,22.13,20.75
2021-02-16,0.32,33.23,23.33,24.36
2021-02-17,2.59,32.96,23.14,18.2
2021-02-18,0.01,35.19,21.92,27.38
2021-02-19,0.0,36.1,19.64,30.4
2021-02-20,0.0,37.11,18.47,29.87
2021-02-21,0.0,37.84,20.46,27.95
2021-02-22,0.07,37.96,22.78,26.41
2021-02-23,0.63,37.81,24.31,24.19
2021-02-24,0.83,38.26,24.5,25.24
2021-02-25,6.14,38.08,24.42,24.57
2021-02-26,10.84,31.79,23.63,18.56
2021-02-27,3.07,33.12,22.65,22.38
2021-02-28,5.8,32.0,21.96,12.04
2021-03-01,8.55,30.04,21.36,21.93
2021-03-02,10.06,31.95,21.54,19.11
2021-03-03,10.51,30.74,22.09,16.32
2021-03-04,5.64,29.93,22.1,16.29
2021-03-05,6.53,29.72,22.23,16.62
2021-03-06,8.35,28.33,21.8,17.95
2021-03-07,1.07,30.29,20.82,20.04
2021-03-08,1.44,31.32,21.68,21.22
2021-03-09,0.06,31.38,21.05,25.23
2021-03-10,0.66,33.52,20.76,23.99
2021-03-11,0.3,34.14,22.53,23.36
2021-03-12,0.0,35.41,21.99,25.93
2021-03-13,0.01,35.87,23.05,24.6
2021-03-14,0.03,32.39,23.76,23.28
2021-03-15,0.45,34.38,21.31,23.32
2021-03-16,0.54,34.85,22.87,22.2
2021-03-17,0.83,29.79,23.6,21.67
2021-03-18,1.99,33.04,21.78,18.47
2021-03-19,13.08,33.19,23.32,19.36
2021-03-20,2.58,34.15,22.26,24.28
2021-03-21,0.33,34.94,22.25,24.42
2021-03-22,0.0,35.45,20.95,24.47
2021-03-23,0.0,36.0,22.59,21.02
2021-03-24,0.01,36.41,24.39,23.22
2021-03-25,0.11,35.86,23.7,22.34
2021-03-26,0.24,36.73,23.59,19.34
2021-03-27,1.11,35.89,23.68,21.14
2021-03-28,0.02,37.09,22.92,22.05
2021-03-29,0.8,37.03,22.74,22.74
2021-03-30,1.2,36.45,23.19,23.51
2021-03-31,0.21,34.83,22.03,19.73
2021-04-01,0.0,35.21,21.4,20.67
2021-04-02,0.0,35.24,21.53,23.88
2021-04-03,0.0,35.79,20.07,23.71
2021-04-04,0.0,35.88,21.82,21.61
2021-04-05,0.1,36.61,20.43,22.44
2021-04-06,3.48,33.3,24.15,16.38
2021-04-07,0.13,33.94,21.73,17.71
2021-04-08,0.0,32.07,22.24,21.28
2021-04-09,0.0,34.39,20.5,23.28
2021-04-10,0.0,34.65,19.5,22.62
2021-04-11,0.0,34.72,19.55,23.63
2021-04-12,0.0,35.5,18.82,23.33
2021-04-13,0.0,36.2,20.91,20.65
2021-04-14,0.02,34.56,21.87,19.35
2021-04-15,2.6,34.98,19.95,20.59
2021-04-16,14.77,33.83,20.96,16.78
2021-04-17,4.69,30.68,20.86,17.14
2021-04-18,0.11,30.84,20.45,17.81
2021-04-19,0.04,31.5,19.2,20.52
2021-04-20,0.0,31.12,17.66,21.82
2021-04-21,0.0,30.65,16.83,21.76
2021-04-22,0.03,30.89,15.82,22.04
2021-04-23,0.01,31.1,15.71,21.0
2021-04-24,0.01,32.59,16.07,21.48
2021-04-25,0.0,33.21,19.13,16.33
2021-04-26,0.0,32.44,20.12,16.08
2021-04-27,0.0,31.93,18.2,20.29
2021-04-28,0.0,32.66,15.73,21.56
2021-04-29,0.01,30.53,16.48,19.11
2021-04-30,0.0,32.02,16.05,17.41
2021-05-01,0.01,29.08,21.77,16.64
2021-05-02,0.0,33.3,19.99,19.19
2021-05-03,0.0,33.18,17.47,20.42
2021-05-04,0.0,33.84,16.88,20.48
2021-05-05,0.09,33.23,17.36,20.4
2021-05-06,1.05,32.7,18.21,19.76
2021-05-07,0.12,29.5,17.31,13.57
2021-05-08,0.23,30.92,17.0,18.58
2021-05-09,0.03,31.97,16.99,18.13
2021-05-10,0.0,32.85,18.04,16.53
2021-05-11,0.0,32.8,18.56,16.9
2021-05-12,0.0,32.69,19.17,15.68
2021-05-13,0.01,29.06,18.83,13.04
2021-05-14,0.0,30.2,17.85,14.19
2021-05-15,0.0,31.78,17.91,14.83
2021-05-16,0.0,32.42,17.81,17.43
2021-05-17,0.0,31.66,18.0,16.26
2021-05-18,0.0,31.45,17.31,17.48
2021-05-19,0.0,31.85,17.1,17.75
2021-05-20,0.07,32.6,17.47,17.97
2021-05-21,0.0,33.21,17.75,17.17
2021-05-22,7.46,31.05,21.86,3.63
2021-05-23,4.43,25.45,16.44,7.03
2021-05-24,0.0,25.92,14.65,12.79
2021-05-25,0.0,28.87,14.47,15.78
2021-05-26,0.06,32.04,16.24,15.92
2021-05-27,0.01,33.88,18.72,16.34
2021-05-28,0.0,33.98,20.1,12.95
2021-05-29,0.0,33.71,20.19,15.19
2021-05-30,0.0,32.84,20.48,13.82
2021-05-31,0.0,31.49,20.52,12.21
2021-06-01,0.0,31.55,18.44,15.16
2021-06-02,0.08,32.73,18.56,15.81
2021-06-03,0.0,33.72,18.98,16.61
2021-06-04,0.03,33.97,18.9,15.99
2021-06-05,0.0,32.68,18.32,15.47
2021-06-06,0.0,32.82,20.2,15.72
2021-06-07,0.05,32.65,18.98,13.84
2021-06-08,0.6,32.29,19.14,9.66
2021-06-09,0.72,32.93,19.07,10.43
2021-06-10,2.6,33.02,20.45,6.21
2021-06-11,4.02,26.46,18.73,7.37
2021-06-12,0.05,27.41,16.75,12.85
2021-06-13,0.02,28.32,13.77,17.46
2021-06-14,0.06,30.42,13.92,16.32
2021-06-15,0.0,30.52,15.26,17.13
2021-06-16,0.01,29.02,13.67,17.3
2021-06-17,0.01,29.08,14.88,14.99
2021-06-18,0.01,31.35,15.79,16.09
2021-06-19,0.0,32.14,16.04,16.03
2021-06-20,0.0,28.01,17.77,14.56
2021-06-21,0.0,31.44,16.04,14.94
2021-06-22,0.02,31.66,20.59,14.56
2021-06-23,0.03,30.91,18.46,16.12
2021-06-24,0.0,32.86,16.93,16.45
2021-06-25,0.0,33.41,20.36,15.36
2021-06-26,0.19,33.04,18.8,16.4
2021-06-27,0.0,31.43,16.49,16.67
2021-06-28,0.06,25.88,14.16,14.26
2021-06-29,0.02,18.4,10.58,13.96
2021-06-30,0.02,19.83,8.42,15.98
2021-07-01,0.0,24.97,5.17,18.09
2021-07-02,0.1,29.71,9.26,17.8
2021-07-03,0.0,29.85,12.67,17.86
2021-07-04,0.0,29.46,12.95,17.11
2021-07-05,0.0,29.41,12.95,16.58
2021-07-06,0.17,28.94,12.86,17.25
2021-07-07,0.01,28.79,12.02,17.71
2021-07-08,0.0,28.41,12.14,17.98
2021-07-09,0.0,29.7,12.37,17.57
2021-07-10,0.0,30.62,13.78,17.69
2021-07-11,0.0,30.06,14.59,17.66
2021-07-12,0.0,31.07,14.98,17.81
2021-07-13,0.0,31.46,14.74,17.64
2021-07-14,0.0,31.59,15.47,17.69
2021-07-15,0.0,32.13,15.95,17.94
2021-07-16,0.08,32.08,16.66,17.1
2021-07-17,0.12,32.57,17.36,15.21
2021-07-18,0.01,26.69,14.81,12.21
2021-07-19,0.0,22.09,8.18,19.08
2021-07-20,0.0,23.85,6.9,16.45
2021-07-21,0.0,30.02,7.95,18.05
2021-07-22,0.01,32.61,11.87,18.06
2021-07-23,0.0,31.88,15.36,18.15
2021-07-24,0.0,31.36,15.15,18.67
2021-07-25,0.0,31.67,14.94,18.59
2021-07-26,0.0,32.76,15.55,18.81
2021-07-27,0.01,33.98,16.39,16.51
2021-07-28,0.21,21.21,13.73,6.49
2021-07-29,0.0,19.11,7.65,19.24
2021-07-30,0.0,23.3,5.64,18.83
2021-07-31,0.12,29.64,8.53,18.62
2021-08-01,0.0,28.82,11.76,17.96
2021-08-02,0.0,30.12,13.4,18.73
2021-08-03,0.0,29.24,13.89,19.73
2021-08-04,0.0,28.23,13.51,17.5
2021-08-05,0.01,29.73,15.36,11.68
2021-08-06,0.0,29.14,16.03,15.23
2021-08-07,0.0,30.8,17.64,18.17
2021-08-08,0.0,31.55,18.01,19.4
2021-08-09,0.0,32.41,16.57,19.84
2021-08-10,0.0,33.35,17.22,19.98
2021-08-11,0.53,33.52,20.37,19.73
2021-08-12,0.0,33.15,17.82,19.3
2021-08-13,0.0,34.04,16.84,19.31
2021-08-14,0.0,34.59,17.47,19.6
2021-08-15,0.0,35.22,18.62,18.5
2021-08-16,0.0,36.33,20.34,19.36
2021-08-17,0.0,36.96,21.29,19.91
2021-08-18,0.05,36.54,20.21,20.53
2021-08-19,0.0,35.3,20.12,21.01
2021-08-20,0.0,34.56,19.9,21.23
2021-08-21,0.02,34.25,19.44,21.34
2021-08-22,0.0,34.94,19.66,21.7
2021-08-23,0.0,36.05,19.76,19.05
2021-08-24,0.0,36.9,22.54,18.69
2021-08-25,0.0,37.6,22.3,19.96
2021-08-26,0.0,35.35,22.18,17.34
2021-08-27,0.31,33.34,19.43,13.3
2021-08-28,0.04,33.91,19.53,7.08
2021-08-29,2.5,30.39,18.86,7.71
2021-08-30,0.0,32.84,18.98,19.46
2021-08-31,0.0,33.29,19.82,22.08
2021-09-01,0.01,32.95,19.95,22.94
2021-09-02,0.01,33.43,17.85,22.36
2021-09-03,0.0,35.69,19.21,23.65
2021-09-04,0.0,37.1,19.25,23.43
2021-09-05,0.0,37.85,20.81,19.88
2021-09-06,0.0,37.29,22.39,21.74
2021-09-07,0.0,39.51,22.24,21.06
2021-09-08,0.03,40.69,23.2,19.51
2021-09-09,6.88,32.79,22.76,9.15
2021-09-10,0.02,31.11,19.68,18.62
2021-09-11,0.27,26.11,20.26,8.47
2021-09-12,0.0,38.64,19.76,21.73
2021-09-13,0.02,39.59,21.44,20.02
2021-09-14,1.02,38.75,22.31,16.89
2021-09-15,0.54,38.36,23.36,17.65
2021-09-16,0.02,38.82,24.33,15.67
2021-09-17,0.0,39.23,23.84,19.91
2021-09-18,0.0,39.3,24.4,21.98
2021-09-19,0.0,39.6,22.49,23.42
2021-09-20,0.0,41.08,24.27,22.4
2021-09-21,0.0,41.71,26.72,20.6
2021-09-22,0.0,35.81,22.37,21.25
2021-09-23,0.0,35.47,18.95,23.62
2021-09-24,0.0,37.97,21.87,22.07
2021-09-25,0.0,38.16,22.55,19.26
2021-09-26,3.41,39.34,24.33,21.17
2021-09-27,4.95,35.88,22.01,21.44
2021-09-28,0.0,37.53,22.77,23.3
2021-09-29,0.05,37.06,25.78,21.42
2021-09-30,0.08,39.06,24.59,24.6
2021-10-01,6.4,35.72,23.76,17.04
2021-10-02,6.69,35.51,22.72,12.04
2021-10-03,2.77,35.87,23.03,21.75
2021-10-04,4.56,36.05,23.38,20.8
2021-10-05,5.44,35.07,23.5,23.99
2021-10-06,2.17,36.58,23.09,22.4
2021-10-07,9.92,33.49,23.9,7.42
2021-10-08,0.01,35.66,22.3,24.88
2021-10-09,0.96,37.84,23.0,23.95
2021-10-10,39.26,30.0,22.94,3.63
2021-10-11,12.86,31.39,21.84,17.71
2021-10-12,0.02,32.27,19.75,24.02
2021-10-13,0.01,34.71,19.64,26.92
2021-10-14,9.02,34.4,22.46,8.11
2021-10-15,6.41,32.82,24.14,21.4
2021-10-16,6.28,31.51,23.63,20.05
2021-10-17,0.29,32.4,23.25,23.61
2021-10-18,9.46,32.04,23.63,18.98
2021-10-19,7.0,30.84,20.58,13.82
2021-10-20,0.64,30.25,17.88,27.71
2021-10-21,0.01,31.31,16.94,28.34
2021-10-22,0.01,33.51,17.53,28.35
2021-10-23,10.51,36.46,19.07,26.0
2021-10-24,17.49,28.31,19.57,7.38
2021-10-25,0.16,30.62,18.43,22.63
2021-10-26,0.76,30.63,21.12,20.07
2021-10-27,0.76,30.8,21.86,17.59
2021-10-28,0.12,30.42,22.69,21.14
2021-10-29,0.05,33.54,21.94,26.55
2021-10-30,10.18,34.5,22.7,23.39
2021-10-31,12.8,29.51,22.37,13.66
2021-11-01,1.41,31.32,21.48,24.39
2021-11-02,0.0,32.82,20.39,27.41
2021-11-03,0.04,33.27,20.76,27.74
2021-11-04,0.03,34.69,23.17,28.53
2021-11-05,0.04,36.31,22.08,26.66
2021-11-06,0.03,35.98,23.94,24.94
2021-11-07,3.82,36.23,23.81,27.69
2021-11-08,1.72,37.24,22.88,26.76
2021-11-09,11.09,34.74,23.39,28.31
2021-11-10,10.27,34.27,23.54,24.57
2021-11-11,16.3,29.03,22.71,16.93
2021-11-12,0.04,30.73,19.89,18.51
2021-11-13,0.0,30.05,18.31,29.75
2021-11-14,13.05,32.05,19.4,25.87
2021-11-15,0.1,31.1,21.31,26.63
2021-11-16,0.07,31.12,21.78,25.72
2021-11-17,5.7,29.95,21.9,17.87
2021-11-18,30.4,26.73,22.59,13.87
2021-11-19,25.4,27.92,22.32,17.15
2021-11-20,6.05,30.21,22.01,23.84
2021-11-21,0.0,30.96,19.03,30.12
2021-11-22,0.01,32.28,18.45,31.24
2021-11-23,0.02,34.26,20.68,31.49
2021-11-24,0.28,34.8,22.72,26.46
2021-11-25,0.79,33.23,24.45,25.12
2021-11-26,4.38,31.51,23.8,21.6
2021-11-27,4.64,33.56,23.53,30.0
2021-11-28,6.5,33.62,22.52,23.96
2021-11-29,8.28,30.05,23.56,17.19
2021-11-30,6.88,28.69,21.79,13.26
2021-12-01,0.27,32.52,20.12,28.9
2021-12-02,0.09,33.71,21.19,23.86
2021-12-03,1.54,33.39,22.89,29.26
2021-12-04,0.53,34.24,21.13,29.05
2021-12-05,9.55,32.9,22.88,23.71
2021-12-06,8.51,32.91,22.6,26.34
2021-12-07,0.12,32.31,21.42,28.64
2021-12-08,0.01,31.46,17.8,29.81
2021-12-09,0.0,32.45,18.35,31.65
2021-12-10,0.18,34.16,17.51,32.39
2021-12-11,0.0,35.89,19.78,31.37
2021-12-12,5.43,31.2,22.48,23.2
2021-12-13,9.09,28.73,23.11,20.08
2021-12-14,71.44,26.97,23.23,14.35
2021-12-15,16.64,25.79,22.84,4.78
2021-12-16,22.15,29.05,22.46,13.2
2021-12-17,5.19,30.21,22.38,21.46
2021-12-18,4.92,30.56,22.37,17.67
2021-12-19,0.93,30.42,20.56,27.76
2021-12-20,0.1,31.2,19.37,29.75
2021-12-21,0.22,31.66,21.5,29.69
2021-12-22,0.05,32.37,22.49,28.53
2021-12-23,0.8,32.09,22.23,17.9
2021-12-24,0.73,30.39,19.58,30.91
2021-12-25,0.0,31.07,18.18,31.73
2021-12-26,0.01,32.04,21.04,31.03
2021-12-27,0.14,33.46,20.84,30.46
2021-12-28,5.31,33.41,21.52,23.79
2021-12-29,5.77,30.84,22.65,6.16
2021-12-30,4.52,30.46,21.82,21.27
2021-12-31,2.11,31.44,20.24,23.84
2022-01-01,1.29,30.92,21.16,22.08
2022-01-02,1.8,30.98,21.85,22.64
2022-01-03,9.53,30.84,22.33,24.55
2022-01-04,16.7,27.21,22.88,21.48
2022-01-05,5.13,29.73,22.36,20.76
2022-01-06,7.11,28.7,21.54,20.67
2022-01-07,12.06,30.14,20.9,18.6
2022-01-08,0.61,30.58,19.91,24.9
2022-01-09,0.52,30.38,20.14,23.27
2022-01-10,4.84,30.5,18.85,19.51
2022-01-11,1.12,29.34,21.07,26.03
2022-01-12,3.37,28.55,19.6,23.07
2022-01-13,3.21,30.22,20.86,22.39
2022-01-14,0.87,32.03,21.13,27.11
2022-01-15,0.0,34.89,23.62,25.9
2022-01-16,3.54,31.3,22.51,15.05
2022-01-17,1.11,32.85,20.75,21.46
2022-01-18,10.69,29.98,22.79,16.55
2022-01-19,9.24,30.92,21.75,24.84
2022-01-20,0.58,30.73,22.12,28.14
2022-01-21,1.46,33.62,23.69,26.73
2022-01-22,0.67,34.79,23.61,24.08
2022-01-23,2.71,34.77,23.59,22.03
2022-01-24,6.29,33.01,24.31,27.37
2022-01-25,5.53,29.52,24.02,24.94
2022-01-26,3.48,32.84,22.88,24.71
2022-01-27,4.32,32.07,22.82,23.19
2022-01-28,11.43,29.6,22.24,21.23
2022-01-29,18.15,27.13,22.98,12.15
2022-01-30,40.83,26.54,21.57,15.43
2022-01-31,30.57,28.16,22.03,14.76
2022-02-01,30.79,26.26,21.39,9.16
2022-02-02,9.27,26.34,22.02,13.87
2022-02-03,55.5,27.49,21.63,21.08
2022-02-04,3.78,29.19,21.67,25.71
2022-02-05,3.66,29.45,22.83,23.16
2022-02-06,7.51,28.08,22.59,14.34
2022-02-07,10.83,27.56,22.24,19.78
2022-02-08,9.26,29.35,21.35,26.31
2022-02-09,2.8,29.48,20.0,27.8
2022-02-10,0.09,29.99,19.2,26.71
2022-02-11,0.47,29.87,22.0,24.63
2022-02-12,0.32,30.21,22.17,26.83
2022-02-13,0.07,30.68,20.55,26.75
2022-02-14,0.07,31.46,21.22,28.49
2022-02-15,0.03,31.94,21.14,27.69
2022-02-16,2.71,31.25,22.11,26.18
2022-02-17,25.42,30.44,23.09,27.28
2022-02-18,0.32,28.35,21.15,13.08
2022-02-19,0.13,29.44,21.23,25.9
2022-02-20,0.43,28.88,20.52,25.69
2022-02-21,0.33,29.76,21.05,25.95
2022-02-22,0.64,31.31,21.29,26.64
2022-02-23,0.23,31.08,22.42,26.37
2022-02-24,0.8,30.89,22.2,23.85
2022-02-25,2.33,31.1,22.55,22.85
2022-02-26,1.38,30.02,23.58,24.48
2022-02-27,0.41,31.61,22.2,24.62
2022-02-28,0.0,32.71,22.6,27.18
2022-03-01,0.02,32.48,23.08,23.83
2022-03-02,2.93,30.64,23.4,18.38
2022-03-03,0.88,31.59,21.18,24.22
2022-03-04,1.04,31.39,21.73,22.66
2022-03-05,0.53,31.54,22.63,23.08
2022-03-06,0.03,32.85,22.09,24.71
2022-03-07,0.03,33.33,21.04,25.71
2022-03-08,0.09,34.6,21.95,23.48
2022-03-09,2.0,33.27,23.62,18.38
2022-03-10,0.38,34.8,23.83,23.98
2022-03-11,4.83,34.86,22.41,21.84
2022-03-12,13.02,29.72,23.15,19.53
2022-03-13,19.55,26.45,22.97,18.03
2022-03-14,13.59,29.57,22.39,17.5
2022-03-15,1.85,29.87,22.88,18.68
2022-03-16,2.01,30.28,23.74,18.76
2022-03-17,0.33,30.19,22.81,23.33
2022-03-18,1.83,31.54,22.49,21.78
2022-03-19,1.2,31.87,23.66,16.84
2022-03-20,6.6,26.76,22.24,17.67
2022-03-21,4.82,28.76,20.2,18.72
2022-03-22,0.2,30.9,21.06,24.01
2022-03-23,0.01,31.72,20.94,24.28
2022-03-24,2.91,32.19,21.19,23.76
2022-03-25,1.76,30.79,22.59,16.18
2022-03-26,14.19,28.91,22.95,17.16
2022-03-27,3.33,28.44,22.55,14.03
2022-03-28,1.33,28.93,21.37,17.5
2022-03-29,0.21,32.08,21.03,24.26
2022-03-30,0.02,31.96,21.24,22.42
2022-03-31,1.39,32.53,21.54,16.85
2022-04-01,2.05,29.19,20.31,13.07
2022-04-02,0.08,32.03,19.59,22.25
2022-04-03,0.23,32.35,20.76,21.92
2022-04-04,1.31,32.91,22.51,19.28
2022-04-05,1.5,33.55,22.6,19.98
2022-04-06,0.05,33.48,23.19,22.5
2022-04-07,0.52,34.55,22.79,21.29
2022-04-08,0.62,34.86,23.44,15.75
2022-04-09,3.29,32.22,24.64,19.4
2022-04-10,1.5,33.63,23.28,20.68
2022-04-11,8.95,32.54,22.72,18.93
2022-04-12,3.04,31.74,23.63,18.88
2022-04-13,1.22,31.8,22.88,9.57
2022-04-14,2.07,30.06,22.32,14.86
2022-04-15,0.01,29.6,18.69,22.58
2022-04-16,0.02,27.92,14.66,23.2
2022-04-17,0.03,29.48,13.27,22.69
2022-04-18,0.0,31.18,14.35,21.52
2022-04-19,0.02,32.54,16.47,19.67
2022-04-20,0.01,32.79,18.73,19.79
2022-04-21,0.0,32.74,18.4,20.36
2022-04-22,0.0,33.35,19.65,19.49
2022-04-23,0.05,32.53,19.19,9.11
2022-04-24,0.0,34.11,20.31,19.94
2022-04-25,0.01,35.1,21.0,19.5
2022-04-26,0.38,34.59,20.94,19.44
2022-04-27,0.0,34.32,20.16,18.61
2022-04-28,0.01,33.73,20.28,18.26
2022-04-29,0.02,34.65,20.26,19.25
2022-04-30,0.34,33.24,21.13,17.03
2022-05-01,0.04,33.82,19.91,17.46
2022-05-02,0.02,33.96,20.13,18.78
2022-05-03,0.07,34.17,20.19,19.13
2022-05-04,4.19,24.06,15.35,13.84
2022-05-05,0.09,26.21,11.93,17.73
2022-05-06,0.09,29.1,12.26,20.24
2022-05-07,0.08,30.53,12.59,19.89
2022-05-08,0.16,32.02,14.25,18.53
2022-05-09,0.02,32.79,16.64,17.3
2022-05-10,6.55,32.26,17.77,17.63
2022-05-11,0.49,29.52,19.31,10.73
2022-05-12,0.02,29.08,18.52,15.08
2022-05-13,0.0,31.26,17.58,18.52
2022-05-14,6.1,32.09,17.0,13.72
2022-05-15,15.73,28.83,19.42,11.04
2022-05-16,2.7,24.12,16.45,11.32
2022-05-17,0.0,19.61,10.34,19.48
2022-05-18,0.1,18.22,7.68,17.62
2022-05-19,0.93,20.06,7.0,16.86
2022-05-20,0.0,21.96,7.6,18.94
2022-05-21,0.02,24.64,8.04,17.76
2022-05-22,0.0,26.65,9.61,18.24
2022-05-23,0.0,28.33,11.54,17.88
2022-05-24,0.0,29.96,13.32,17.41
2022-05-25,0.0,29.45,14.87,17.63
2022-05-26,0.07,29.46,14.66,17.2
2022-05-27,0.01,29.1,16.28,15.09
2022-05-28,0.0,30.56,16.95,16.38
2022-05-29,0.0,31.7,16.25,16.79
2022-05-30,0.97,32.42,17.43,13.43
2022-05-31,1.09,30.28,19.25,12.33
2022-06-01,0.03,32.39,19.78,14.44
2022-06-02,0.0,31.42,19.47,15.61
2022-06-03,0.0,29.79,18.71,11.25
2022-06-04,0.0,30.76,17.78,16.3
2022-06-05,0.0,32.14,16.43,16.23
2022-06-06,0.0,31.66,16.98,16.33
2022-06-07,1.51,32.18,17.52,15.15
2022-06-08,14.26,29.06,20.25,6.46
2022-06-09,2.3,28.33,19.15,6.18
2022-06-10,0.25,25.69,19.54,7.18
2022-06-11,0.01,23.85,14.88,10.82
2022-06-12,0.0,23.15,10.19,11.31
2022-06-13,0.0,22.3,9.43,16.81
2022-06-14,0.01,25.28,10.33,11.41
2022-06-15,0.0,30.75,14.89,13.74
2022-06-16,0.0,32.0,16.47,16.18
2022-06-17,0.06,31.85,15.49,16.06
2022-06-18,13.33,23.95,16.18,6.66
2022-06-19,0.05,27.98,12.82,12.6
2022-06-20,0.02,30.76,16.31,15.3
2022-06-21,0.0,31.49,17.12,16.04
2022-06-22,0.02,30.43,16.57,16.06
2022-06-23,0.0,31.14,15.37,16.59
2022-06-24,0.01,30.49,15.04,16.45
2022-06-25,0.0,29.76,14.59,16.39
2022-06-26,0.0,28.58,14.65,16.04
2022-06-27,0.0,29.22,14.26,14.54
2022-06-28,0.11,30.35,15.17,16.01
2022-06-29,0.0,29.57,15.45,16.26
2022-06-30,0.04,29.78,14.21,16.27
2022-07-01,0.0,31.04,15.25,16.32
2022-07-02,0.0,32.21,15.45,16.56
2022-07-03,0.0,32.65,16.64,16.7
2022-07-04,0.0,31.89,15.28,17.1
2022-07-05,0.0,30.49,15.29,17.33
2022-07-06,0.0,29.97,15.3,16.77
2022-07-07,0.0,31.13,14.58,16.91
2022-07-08,0.06,31.65,16.14,13.7
2022-07-09,0.0,31.15,16.64,16.87
2022-07-10,0.11,31.51,16.01,15.74
2022-07-11,0.0,31.28,17.56,16.87
2022-07-12,0.0,31.52,15.9,12.78
2022-07-13,0.0,32.1,15.83,15.48
2022-07-14,0.0,32.28,16.2,15.68
2022-07-15,0.0,32.57,17.47,15.38
2022-07-16,0.01,33.46,18.04,13.97
2022-07-17,0.22,33.5,20.24,16.18
2022-07-18,0.0,33.92,18.18,16.5
2022-07-19,0.0,32.8,16.17,17.5
2022-07-20,0.89,32.11,15.91,17.15
2022-07-21,0.0,32.32,16.86,17.61
2022-07-22,0.0,31.65,16.58,17.46
2022-07-23,0.0,32.15,16.14,17.7
2022-07-24,0.0,32.85,16.75,16.82
2022-07-25,0.0,33.23,17.13,18.02
2022-07-26,0.0,33.2,17.0,18.19
2022-07-27,0.05,33.11,16.73,18.18
2022-07-28,0.21,32.97,16.2,18.18
2022-07-29,0.05,31.72,16.76,16.95
2022-07-30,0.0,29.73,14.76,18.65
2022-07-31,0.0,32.16,15.93,18.12
2022-08-01,0.0,32.77,19.57,16.85
2022-08-02,0.0,34.2,18.5,16.45
2022-08-03,0.0,34.07,19.22,17.25
2022-08-04,0.0,32.98,21.73,14.52
2022-08-05,0.0,33.52,20.82,17.99
2022-08-06,0.0,34.59,19.19,15.76
2022-08-07,1.31,33.5,19.89,10.23
2022-08-08,4.11,31.25,20.89,6.88
2022-08-09,10.89,28.62,17.08,5.3
2022-08-10,1.34,22.19,11.91,19.45
2022-08-11,0.06,24.03,8.89,20.3
2022-08-12,0.01,27.49,10.63,20.78
2022-08-13,0.0,31.49,11.92,20.6
2022-08-14,0.0,32.8,15.02,20.27
2022-08-15,0.0,33.33,17.03,20.23
2022-08-16,0.01,34.67,19.01,16.36
2022-08-17,0.2,32.74,18.81,4.25
2022-08-18,0.41,34.07,16.68,7.27
2022-08-19,0.08,25.3,14.24,18.67
2022-08-20,0.38,27.11,12.34,12.31
2022-08-21,0.12,31.13,15.08,11.89
2022-08-22,0.0,29.72,18.31,20.44
2022-08-23,0.02,32.2,15.84,20.01
2022-08-24,0.02,30.3,17.75,18.05
2022-08-25,0.0,32.23,20.07,16.32
2022-08-26,0.01,33.6,17.62,18.71
2022-08-27,0.0,34.62,19.14,21.73
2022-08-28,0.07,35.63,19.27,20.27
2022-08-29,0.06,31.03,18.92,18.13
2022-08-30,0.81,30.27,14.41,15.23
2022-08-31,0.0,33.57,17.98,20.77
2022-09-01,0.0,34.5,18.94,22.12
2022-09-02,0.0,35.33,19.47,22.06
2022-09-03,0.0,36.02,21.1,20.71
2022-09-04,0.0,29.32,20.87,12.4
2022-09-05,0.14,34.9,17.67,20.09
2022-09-06,6.86,35.29,20.47,16.15
2022-09-07,0.22,35.6,21.72,17.39
2022-09-08,0.0,36.83,22.18,20.65
2022-09-09,0.0,37.85,22.71,21.52
2022-09-10,0.0,36.22,21.25,20.36
2022-09-11,0.21,36.74,20.94,18.93
2022-09-12,0.01,37.42,22.85,18.81
2022-09-13,0.14,37.86,24.15,20.09
2022-09-14,2.82,36.78,21.9,11.77
2022-09-15,1.22,29.43,18.7,14.03
2022-09-16,0.33,30.24,19.0,19.9
2022-09-17,0.0,32.45,16.57,24.58
2022-09-18,0.09,36.06,15.91,24.66
2022-09-19,0.01,38.51,21.3,21.3
2022-09-20,7.42,32.08,23.78,8.99
2022-09-21,1.0,35.0,22.17,8.7
2022-09-22,13.2,27.02,19.16,4.87
2022-09-23,0.0,27.2,14.31,23.46
2022-09-24,0.04,31.35,14.51,23.76
2022-09-25,0.17,35.23,17.46,23.22
2022-09-26,11.78,32.59,22.9,16.47
2022-09-27,19.56,30.51,21.98,7.02
2022-09-28,10.85,26.46,20.05,4.98
2022-09-29,0.62,29.09,17.57,16.24
2022-09-30,0.09,31.78,18.08,13.05
2022-10-01,0.01,33.12,19.84,23.99
2022-10-02,0.06,34.7,20.24,25.49
2022-10-03,1.26,33.01,21.01,23.66
2022-10-04,1.01,32.28,21.28,18.47
2022-10-05,1.69,35.59,21.99,22.8
2022-10-06,4.41,33.73,22.51,16.76
2022-10-07,7.0,28.48,20.66,15.22
2022-10-08,0.0,32.42,18.42,21.05
2022-10-09,1.46,29.14,22.17,8.36
2022-10-10,2.03,29.51,21.45,13.54
2022-10-11,0.52,30.23,21.26,14.85
2022-10-12,9.67,27.09,21.1,5.95
2022-10-13,0.0,34.88,20.3,21.25
2022-10-14,0.0,35.51,19.14,26.95
2022-10-15,0.0,36.34,20.64,25.46
2022-10-16,0.0,36.31,22.27,25.14
2022-10-17,0.02,37.47,23.05,20.0
2022-10-18,0.33,37.01,23.54,16.29
2022-10-19,0.12,36.16,23.2,16.85
2022-10-20,2.0,36.25,22.93,18.43
2022-10-21,15.19,31.58,23.27,13.1
2022-10-22,1.08,33.35,22.13,25.27
2022-10-23,0.0,35.02,19.47,26.38
2022-10-24,0.0,36.06,19.88,27.97
2022-10-25,0.03,36.42,19.81,28.86
2022-10-26,0.01,37.1,19.1,28.34
2022-10-27,3.46,36.47,24.17,15.2
2022-10-28,0.01,36.37,22.9,26.16
2022-10-29,0.53,32.72,23.88,24.59
2022-10-30,2.23,33.33,23.1,22.83
2022-10-31,6.09,35.3,23.33,18.41
2022-11-01,5.68,29.17,18.3,7.98
2022-11-02,0.23,26.84,17.26,14.73
2022-11-03,0.01,26.54,15.42,18.8
2022-11-04,0.02,30.08,14.36,27.91
2022-11-05,0.03,31.26,14.98,27.82
2022-11-06,0.05,31.45,18.37,26.49
2022-11-07,0.0,33.02,17.86,28.05
2022-11-08,0.13,34.34,18.11,25.76
2022-11-09,0.24,36.22,20.12,27.95
2022-11-10,0.16,38.1,20.89,27.44
2022-11-11,7.77,36.11,22.66,6.36
2022-11-12,0.05,35.48,22.15,25.02
2022-11-13,1.87,34.45,23.07,22.67
2022-11-14,0.01,35.8,23.06,24.12
2022-11-15,0.0,34.86,23.23,28.08
2022-11-16,0.0,36.15,18.35,31.02
2022-11-17,0.0,37.37,19.67,30.11
2022-11-18,0.07,38.42,20.71,27.13
2022-11-19,2.51,37.16,23.54,26.76
2022-11-20,1.83,36.56,22.44,29.05
2022-11-21,0.29,36.91,22.92,19.2
2022-11-22,9.95,33.42,25.07,19.31
2022-11-23,9.64,31.89,23.63,24.41
2022-11-24,6.18,33.48,22.79,24.34
2022-11-25,0.17,34.49,21.45,28.65
2022-11-26,0.0,34.19,19.61,29.71
2022-11-27,0.0,35.51,19.71,26.97
2022-11-28,1.88,34.53,21.21,21.73
2022-11-29,9.84,31.78,21.79,21.61
2022-11-30,3.44,35.57,20.6,26.23
2022-12-01,1.63,33.22,23.96,21.79
2022-12-02,9.05,35.35,22.68,22.7
2022-12-03,19.13,29.84,23.35,19.41
2022-12-04,51.54,26.01,22.58,8.48
2022-12-05,11.22,28.17,21.78,19.54
2022-12-06,4.45,29.75,22.03,20.28
2022-12-07,8.5,29.83,22.14,20.29
2022-12-08,0.59,30.07,22.67,26.51
2022-12-09,0.09,32.22,23.85,24.75
2022-12-10,5.28,32.48,23.26,25.45
2022-12-11,4.65,30.69,23.15,25.09
2022-12-12,29.86,26.78,23.43,15.13
2022-12-13,19.66,27.84,22.08,10.26
2022-12-14,2.72,30.01,22.5,25.34
2022-12-15,1.73,30.98,19.97,27.93
2022-12-16,2.25,30.6,21.98,19.91
2022-12-17,2.66,30.72,22.8,26.61
2022-12-18,19.26,29.28,21.55,20.0
2022-12-19,10.66,29.0,21.76,20.39
2022-12-20,4.37,29.79,22.26,25.03
2022-12-21,0.01,29.81,19.75,30.11
2022-12-22,0.01,29.65,18.67,29.19
2022-12-23,0.0,30.72,19.22,29.81
2022-12-24,0.68,31.54,20.38,25.45
2022-12-25,11.89,28.68,22.35,20.91
2022-12-26,9.32,29.18,22.37,18.98
2022-12-27,7.34,30.96,20.92,22.2
2022-12-28,32.88,29.8,22.27,22.22
2022-12-29,9.46,28.4,22.75,20.54
2022-12-30,7.88,30.11,22.31,23.68
2022-12-31,2.31,30.19,23.0,22.04
2023-01-01,3.29,29.93,22.35,25.78
2023-01-02,10.05,30.71,22.13,15.96
2023-01-03,21.4,28.39,21.76,19.13
2023-01-04,36.54,26.0,22.3,11.29
2023-01-05,9.3,27.44,21.95,14.97
2023-01-06,9.26,28.41,19.87,13.57
2023-01-07,10.88,28.53,18.93,15.95
2023-01-08,21.93,27.87,20.41,13.31
2023-01-09,14.01,29.21,21.52,17.49
2023-01-10,7.13,28.69,22.55,18.55
2023-01-11,8.77,28.72,21.51,21.49
2023-01-12,6.77,28.02,21.61,22.35
2023-01-13,10.85,28.02,22.06,20.73
2023-01-14,4.01,29.17,21.61,23.69
2023-01-15,0.74,27.53,21.7,27.05
2023-01-16,7.86,29.56,21.26,23.49
2023-01-17,8.82,28.77,21.86,25.88
2023-01-18,7.05,29.58,22.33,26.55
2023-01-19,1.58,28.38,21.87,22.82
2023-01-20,16.49,27.14,21.41,14.77
2023-01-21,19.92,27.17,21.98,18.41
2023-01-22,6.41,27.01,21.91,23.8
2023-01-23,10.58,28.16,21.6,23.4
2023-01-24,10.22,29.28,20.38,23.73
2023-01-25,1.33,29.98,20.79,26.95
2023-01-26,0.19,30.67,20.17,27.63
2023-01-27,2.16,29.88,23.3,26.1
2023-01-28,11.11,28.59,22.41,22.79
2023-01-29,6.28,28.59,21.7,26.04
2023-01-30,13.46,25.92,22.07,17.19
2023-01-31,11.83,28.14,21.49,21.01
2023-02-01,0.72,29.85,22.22,23.87
2023-02-02,5.21,29.24,22.08,20.05
2023-02-03,17.88,28.46,22.83,19.39
2023-02-04,12.96,28.92,22.11,23.85
2023-02-05,15.59,28.5,21.88,20.37
2023-02-06,4.87,28.36,21.86,22.9
2023-02-07,2.27,27.41,20.89,20.97
2023-02-08,1.29,29.79,21.81,22.63
2023-02-09,13.67,29.53,21.79,22.5
2023-02-10,13.39,27.6,22.26,23.42
2023-02-11,3.87,28.77,21.36,18.8
2023-02-12,8.13,29.13,22.12,21.04
2023-02-13,7.55,26.82,21.57,25.25
2023-02-14,0.58,30.27,20.83,20.08
2023-02-15,9.24,29.84,22.78,18.83
2023-02-16,7.96,29.19,22.6,21.84
2023-02-17,12.94,29.43,22.01,17.04
2023-02-18,2.54,28.88,22.71,19.14
2023-02-19,10.2,26.5,22.34,18.16
2023-02-20,18.75,26.87,21.14,15.5
2023-02-21,5.87,26.83,21.09,11.67
2023-02-22,0.89,29.33,20.16,24.71
2023-02-23,3.24,27.11,21.22,22.59
2023-02-24,3.4,28.82,20.09,16.9
2023-02-25,0.49,29.4,21.96,25.71
2023-02-26,0.61,29.84,22.2,14.57
2023-02-27,0.29,30.12,22.6,24.71
2023-02-28,4.19,28.6,22.62,25.32
2023-03-01,1.4,28.43,22.64,21.09
2023-03-02,0.42,29.09,21.3,26.28
2023-03-03,0.93,28.83,21.59,24.01
2023-03-04,1.62,30.45,21.85,22.24
2023-03-05,3.97,29.01,22.07,20.69
2023-03-06,4.48,30.44,22.14,25.19
2023-03-07,6.11,30.36,21.88,23.49
2023-03-08,2.4,28.85,21.87,23.34
2023-03-09,0.26,26.33,22.71,22.8
2023-03-10,7.71,27.04,21.66,14.84
2023-03-11,5.35,26.38,20.9,13.76
2023-03-12,8.61,28.22,20.59,15.13
2023-03-13,6.26,27.54,21.47,18.31
2023-03-14,23.73,27.83,21.67,18.25
2023-03-15,4.17,26.72,22.11,17.11
2023-03-16,16.56,25.37,21.68,15.18
2023-03-17,5.54,26.35,20.5,12.27
2023-03-18,4.0,27.2,20.87,10.85
2023-03-19,2.47,26.63,20.9,10.13
2023-03-20,1.22,28.43,20.24,18.66
2023-03-21,2.55,29.3,20.47,23.54
2023-03-22,4.39,29.99,20.71,23.52
2023-03-23,2.63,30.64,21.13,24.34
2023-03-24,0.11,30.38,21.44,22.5
2023-03-25,0.28,30.6,21.84,23.4
2023-03-26,1.04,31.61,22.85,22.19
2023-03-27,0.18,31.39,23.47,22.28
2023-03-28,0.51,30.37,22.2,21.09
2023-03-29,0.14,29.82,21.75,22.05
2023-03-30,2.02,28.75,22.63,21.49
2023-03-31,4.65,29.75,22.37,20.89
2023-04-01,0.71,30.52,22.41,23.16
2023-04-02,0.01,30.66,22.08,23.73
2023-04-03,0.55,29.71,19.83,23.48
2023-04-04,0.1,29.38,18.82,22.87
2023-04-05,0.07,29.4,20.06,20.92
2023-04-06,5.12,29.01,20.51,20.91
2023-04-07,8.83,27.24,21.97,12.49
2023-04-08,11.83,28.51,21.42,8.88
2023-04-09,2.56,27.86,20.92,16.21
2023-04-10,0.04,28.08,19.8,21.04
2023-04-11,6.87,28.51,19.29,20.18
2023-04-12,1.55,25.41,21.53,15.43
2023-04-13,6.82,29.07,20.51,19.05
2023-04-14,3.51,28.77,21.44,10.69
2023-04-15,0.01,28.99,20.65,16.82
2023-04-16,0.0,29.3,20.14,20.57
2023-04-17,0.0,30.37,20.25,19.41
2023-04-18,6.55,28.86,22.23,12.08
2023-04-19,21.81,25.76,17.43,17.77
2023-04-20,0.0,24.52,14.05,20.76
2023-04-21,1.03,24.89,13.39,21.9
2023-04-22,4.67,27.85,15.83,19.78
2023-04-23,1.1,28.05,19.67,19.13
2023-04-24,0.55,28.2,18.55,17.94
2023-04-25,10.7,27.95,18.18,11.82
2023-04-26,7.75,27.93,19.27,14.8
2023-04-27,1.87,27.96,18.93,11.83
2023-04-28,1.56,27.08,17.92,16.83
2023-04-29,1.16,27.83,17.84,18.98
2023-04-30,0.75,28.07,16.88,20.34
2023-05-01,0.05,27.66,17.06,20.37
2023-05-02,0.04,26.89,15.75,20.1
2023-05-03,0.41,27.29,15.65,19.39
2023-05-04,1.8,27.67,16.6,18.92
2023-05-05,0.29,29.14,17.24,19.41
2023-05-06,2.58,29.16,17.76,17.62
2023-05-07,0.07,28.78,18.43,16.81
2023-05-08,0.51,28.73,17.56,18.73
2023-05-09,1.28,28.02,18.31,15.76
2023-05-10,0.48,26.94,19.14,11.99
2023-05-11,1.41,27.55,16.59,16.5
2023-05-12,0.01,25.31,12.91,18.38
2023-05-13,0.0,25.14,11.49,19.22
2023-05-14,0.02,25.14,11.54,19.44
2023-05-15,0.01,24.85,11.14,19.51
2023-05-16,0.01,25.1,11.18,19.43
2023-05-17,2.64,24.79,10.62,19.06
2023-05-18,0.01,26.08,10.54,18.96
2023-05-19,0.08,26.62,10.8,18.79
2023-05-20,0.33,27.03,11.61,18.17
2023-05-21,0.01,27.01,12.48,16.6
2023-05-22,0.01,26.02,14.41,12.05
2023-05-23,0.03,27.57,14.02,17.63
2023-05-24,0.03,27.23,13.58,17.77
2023-05-25,0.01,28.45,14.65,17.09
2023-05-26,0.01,28.62,15.27,17.17
2023-05-27,0.26,29.59,15.68,16.16
2023-05-28,0.01,28.59,17.87,7.02
2023-05-29,0.39,27.18,18.28,9.35
2023-05-30,14.53,25.85,17.24,2.68
2023-05-31,2.37,24.89,17.74,10.17
2023-06-01,0.05,26.19,15.15,15.44
2023-06-02,0.04,25.76,14.11,17.32
2023-06-03,0.06,27.42,13.1,17.4
2023-06-04,0.03,27.92,13.04,17.07
2023-06-05,0.01,26.48,12.97,16.64
2023-06-06,0.01,26.65,12.36,16.85
2023-06-07,0.05,27.82,13.13,16.42
2023-06-08,0.08,27.89,14.11,16.53
2023-06-09,0.03,28.92,14.04,16.78
2023-06-10,0.01,29.45,14.81,15.48
2023-06-11,0.0,29.91,15.89,14.58
2023-06-12,0.04,30.77,16.35,12.27
2023-06-13,4.81,27.09,18.58,10.79
2023-06-14,10.73,20.93,15.75,2.8
2023-06-15,21.11,16.62,13.19,2.15
2023-06-16,0.85,19.54,11.27,12.41
2023-06-17,0.37,19.65,9.32,16.02
2023-06-18,0.01,22.21,8.35,17.12
2023-06-19,0.01,24.93,8.95,17.2
2023-06-20,0.0,27.23,10.9,16.74
2023-06-21,0.0,27.79,12.65,16.56
2023-06-22,0.0,28.22,13.09,16.38
2023-06-23,0.04,28.04,13.26,15.24
2023-06-24,0.08,27.38,13.65,13.98
2023-06-25,0.0,28.63,13.95,16.67
2023-06-26,0.09,27.53,12.97,16.65
2023-06-27,0.0,28.57,13.49,16.45
2023-06-28,0.09,28.8,14.01,16.23
2023-06-29,0.61,27.47,14.61,16.38
2023-06-30,0.04,28.33,13.77,16.58
2023-07-01,0.0,28.36,13.63,16.68
2023-07-02,0.01,27.68,13.34,16.82
2023-07-03,0.05,26.62,13.33,16.96
2023-07-04,0.05,27.34,11.72,16.91
2023-07-05,0.04,28.41,12.36,16.81
2023-07-06,0.12,28.24,12.74,16.76
2023-07-07,0.22,28.83,12.78,12.95
2023-07-08,0.03,29.88,14.3,15.82
2023-07-09,0.95,30.75,15.69,14.25
2023-07-10,0.06,31.85,16.19,14.1
2023-07-11,0.0,31.7,16.27,16.24
2023-07-12,0.0,31.84,16.04,16.08
2023-07-13,11.62,27.42,14.56,10.72
2023-07-14,0.67,21.11,10.49,18.08
2023-07-15,1.45,25.52,7.76,18.2
2023-07-16,0.0,29.19,12.23,14.7
2023-07-17,0.0,29.86,16.17,13.27
2023-07-18,0.02,31.03,18.3,15.21
2023-07-19,0.08,30.86,17.51,14.75
2023-07-20,0.0,31.25,16.88,16.5
2023-07-21,0.0,30.3,17.38,17.11
2023-07-22,0.0,29.48,16.71,16.67
2023-07-23,0.0,30.39,16.5,15.48
2023-07-24,0.0,30.63,16.26,16.19
2023-07-25,0.0,30.44,18.05,14.27
2023-07-26,0.0,31.78,19.5,15.04
2023-07-27,0.0,32.84,19.63,17.23
2023-07-28,0.0,32.92,17.04,16.94
2023-07-29,0.0,31.06,17.9,17.38
2023-07-30,0.0,30.44,15.84,18.39
2023-07-31,0.0,31.43,16.06,18.79
2023-08-01,0.0,31.61,14.76,19.13
2023-08-02,0.0,32.93,15.75,18.79
2023-08-03,0.0,33.11,16.52,19.13
2023-08-04,0.0,33.2,16.88,19.1
2023-08-05,0.0,33.55,16.47,19.09
2023-08-06,0.0,34.87,16.33,19.13
2023-08-07,0.0,34.87,18.2,18.18
2023-08-08,0.0,34.0,18.36,18.81
2023-08-09,0.0,35.07,17.53,18.76
2023-08-10,0.0,36.01,18.71,18.63
2023-08-11,0.0,36.3,19.99,18.7
2023-08-12,0.01,36.27,21.09,17.28
2023-08-13,0.22,32.45,20.88,12.57
2023-08-14,0.0,32.52,19.15,12.23
2023-08-15,0.03,33.27,20.81,14.91
2023-08-16,0.0,32.44,21.13,17.66
2023-08-17,0.01,33.28,19.2,18.32
2023-08-18,0.51,34.91,20.2,19.14
2023-08-19,0.91,33.45,19.26,5.08
2023-08-20,0.61,32.79,19.38,11.75
2023-08-21,0.47,33.62,19.52,19.59
2023-08-22,0.0,36.16,20.28,20.04
2023-08-23,0.0,37.88,21.82,19.54
2023-08-24,1.95,37.35,23.33,14.77
2023-08-25,0.1,36.46,23.03,16.77
2023-08-26,0.65,32.08,22.22,12.02
2023-08-27,0.24,25.99,17.89,7.35
2023-08-28,1.49,28.96,16.21,18.1
2023-08-29,1.42,29.05,17.61,10.67
2023-08-30,3.47,33.19,18.05,15.65
2023-08-31,7.4,34.13,20.0,6.53
2023-09-01,0.97,34.38,19.24,20.74
2023-09-02,0.06,36.62,21.5,19.12
2023-09-03,1.7,35.92,24.12,20.51
2023-09-04,2.4,37.23,24.21,19.14
2023-09-05,1.95,34.99,22.75,19.59
2023-09-06,1.05,35.3,21.7,19.87
2023-09-07,0.01,34.42,22.96,21.41
2023-09-08,0.02,36.82,18.88,22.06
2023-09-09,0.42,34.46,20.52,8.66
2023-09-10,0.01,35.45,20.61,21.36
2023-09-11,0.01,37.14,20.79,23.37
2023-09-12,0.03,37.71,20.92,23.49
2023-09-13,0.0,39.53,22.23,22.37
2023-09-14,3.32,26.24,19.33,4.5
2023-09-15,0.0,32.39,17.06,23.55
2023-09-16,0.0,37.02,19.32,24.32
2023-09-17,3.49,37.65,23.73,21.59
2023-09-18,1.59,37.33,23.24,21.17
2023-09-19,0.01,38.1,23.19,23.02
2023-09-20,0.0,39.34,24.54,23.81
2023-09-21,0.0,40.15,24.64,24.01
2023-09-22,0.0,40.77,26.1,24.06
2023-09-23,0.0,41.2,26.91,23.54
2023-09-24,0.0,42.17,27.22,23.7
2023-09-25,0.0,41.44,27.85,23.81
2023-09-26,0.05,40.59,28.41,21.48
2023-09-27,1.35,41.22,29.26,19.18
2023-09-28,7.05,37.18,24.99,20.58
2023-09-29,0.0,31.42,23.21,21.29
2023-09-30,2.33,37.57,23.74,18.23
2023-10-01,9.34,36.67,25.11,18.18
2023-10-02,14.95,34.13,24.21,19.14
2023-10-03,0.05,37.49,24.45,24.08
2023-10-04,0.29,38.75,24.94,18.31
2023-10-05,0.04,39.42,24.83,22.19
2023-10-06,1.46,39.0,24.99,19.01
2023-10-07,5.01,34.75,25.85,13.18
2023-10-08,16.63,36.19,24.77,19.34
2023-10-09,1.56,32.67,21.58,14.58
2023-10-10,0.0,36.39,21.51,26.0
2023-10-11,0.0,38.66,21.44,26.62
2023-10-12,0.54,40.05,25.53,21.4
2023-10-13,9.66,33.93,24.8,17.61
2023-10-14,0.53,34.37,23.94,20.88
2023-10-15,0.02,38.36,22.78,24.76
2023-10-16,0.0,38.95,24.88,26.62
2023-10-17,1.21,36.51,26.84,19.45
2023-10-18,1.7,38.86,24.58,22.24
2023-10-19,7.0,38.21,23.74,24.81
2023-10-20,0.69,37.71,23.09,15.05
2023-10-21,0.25,37.75,23.77,26.35
2023-10-22,0.02,39.35,22.27,26.96
2023-10-23,0.0,41.08,24.63,26.29
2023-10-24,6.43,37.56,26.68,22.08
2023-10-25,1.38,35.8,24.25,20.41
2023-10-26,6.98,36.12,25.11,16.99
2023-10-27,6.05,37.7,24.55,17.62
2023-10-28,6.52,37.81,23.65,15.68
2023-10-29,4.09,36.48,24.66,16.08
2023-10-30,1.88,38.2,24.77,17.38
2023-10-31,4.22,36.82,24.16,16.31
2023-11-01,10.78,34.2,24.69,16.25
2023-11-02,0.53,34.24,23.05,25.09
2023-11-03,11.14,38.72,24.2,20.57
2023-11-04,11.7,29.24,20.42,24.64
2023-11-05,0.0,33.56,15.46,31.03
2023-11-06,0.01,35.42,17.53,30.53
2023-11-07,0.0,38.2,19.0,29.1
2023-11-08,0.96,37.78,25.1,26.41
2023-11-09,0.4,38.2,24.1,22.97
2023-11-10,0.0,39.65,24.09,27.91
2023-11-11,0.0,40.17,22.02,30.23
2023-11-12,0.0,41.29,24.63,28.33
2023-11-13,0.0,41.06,26.72,27.25
2023-11-14,0.36,41.92,25.7,27.18
2023-11-15,0.13,41.87,27.77,22.92
2023-11-16,0.2,42.54,26.81,25.36
2023-11-17,0.16,42.62,27.11,22.76
2023-11-18,0.57,41.57,27.35,23.08
2023-11-19,3.82,42.17,28.37,19.47
2023-11-20,20.72,32.99,24.03,19.44
2023-11-21,0.19,33.85,25.49,23.75
2023-11-22,1.72,34.09,25.74,21.5
2023-11-23,4.87,35.89,24.35,15.78
2023-11-24,13.47,30.13,24.45,18.6
2023-11-25,0.0,33.43,22.16,27.13
2023-11-26,0.28,35.58,22.12,28.17
2023-11-27,1.11,31.4,23.17,18.61
2023-11-28,10.24,34.4,24.17,24.21
2023-11-29,8.54,32.92,23.24,19.34
2023-11-30,0.7,35.37,22.83,26.23
2023-12-01,0.81,37.36,25.06,27.49
2023-12-02,1.74,38.33,25.39,26.49
2023-12-03,2.67,37.99,25.26,27.13
2023-12-04,1.26,37.06,24.92,16.9
2023-12-05,7.47,33.31,25.89,21.42
2023-12-06,0.18,37.46,24.86,28.74
2023-12-07,1.33,37.84,24.85,25.23
2023-12-08,0.6,37.53,25.59,26.47
2023-12-09,1.55,37.47,25.59,27.95
2023-12-10,0.14,39.08,24.95,23.73
2023-12-11,3.49,34.62,24.97,28.96
2023-12-12,0.18,37.59,23.96,26.46
2023-12-13,0.06,39.22,24.41,30.76
2023-12-14,1.15,40.24,25.0,28.99
2023-12-15,0.15,41.14,26.21,26.87
2023-12-16,0.33,41.21,25.78,27.64
2023-12-17,0.14,41.25,24.95,29.33
2023-12-18,0.16,41.09,27.7,25.87
2023-12-19,5.48,38.38,26.39,20.61
2023-12-20,2.18,35.19,25.57,24.61
2023-12-21,2.42,37.35,25.44,25.02
2023-12-22,1.92,36.15,25.6,22.36
2023-12-23,14.34,32.34,25.46,17.08
2023-12-24,0.37,35.12,23.98,27.87
2023-12-25,0.0,38.44,24.13,27.69
2023-12-26,0.03,38.22,25.43,24.85
2023-12-27,0.36,37.94,26.16,28.56
2023-12-28,0.0,40.16,24.98,30.56
2023-12-29,0.06,41.69,24.89,25.52
2023-12-30,1.82,32.9,28.15,19.51
2023-12-31,21.85,32.48,26.26,18.79
2024-01-01,9.04,31.62,25.46,20.38
2024-01-02,9.19,32.23,24.04,24.33
2024-01-03,1.02,33.66,24.74,24.9
2024-01-04,1.85,34.85,25.06,25.95
2024-01-05,4.55,34.54,25.82,24.08
2024-01-06,0.67,36.89,25.07,28.46
2024-01-07,0.31,36.69,24.79,28.7
2024-01-08,1.09,37.59,24.93,28.23
2024-01-09,0.64,36.96,24.26,28.65
2024-01-10,1.24,36.97,24.2,17.75
2024-01-11,11.01,34.37,24.09,21.98
2024-01-12,6.56,34.6,23.4,20.65
2024-01-13,3.49,35.21,24.46,13.6
2024-01-14,28.76,31.81,24.94,23.75
2024-01-15,2.63,32.48,23.6,20.99
2024-01-16,0.74,34.45,23.64,27.68
2024-01-17,0.48,35.52,23.84,24.09
2024-01-18,0.19,37.11,25.29,29.3
2024-01-19,2.52,38.1,25.41,16.56
2024-01-20,15.82,36.88,24.49,17.09
2024-01-21,4.76,34.2,25.6,23.14
2024-01-22,7.64,33.06,25.11,18.33
2024-01-23,8.41,31.34,25.16,15.25
2024-01-24,0.62,32.4,23.37,24.62
2024-01-25,0.0,31.87,20.58,27.66
2024-01-26,0.0,31.91,18.81,29.92
2024-01-27,1.52,32.54,19.18,27.47
2024-01-28,2.2,35.07,23.23,26.48
2024-01-29,0.8,36.55,21.31,29.55
2024-01-30,0.02,36.89,22.49,22.98
2024-01-31,3.33,35.6,24.16,28.14
2024-02-01,0.05,36.79,22.2,28.3
2024-02-02,2.71,37.44,22.13,24.31
2024-02-03,5.55,32.24,23.08,16.2
2024-02-04,2.81,32.59,22.62,16.93
2024-02-05,0.4,32.35,22.89,20.92
2024-02-06,4.64,32.37,22.89,14.01
2024-02-07,7.81,31.33,23.84,19.09
2024-02-08,2.47,30.49,23.03,25.74
2024-02-09,3.95,33.97,24.08,19.62
2024-02-10,4.05,35.83,23.26,26.29
2024-02-11,1.63,35.82,23.22,27.27
2024-02-12,0.79,35.82,24.23,24.35
2024-02-13,1.71,36.65,24.09,26.67
2024-02-14,10.44,35.86,24.84,19.17
2024-02-15,24.46,31.18,23.9,11.43
2024-02-16,8.43,31.93,23.27,21.26
2024-02-17,0.33,34.17,23.51,26.31
2024-02-18,3.79,31.3,23.44,22.98
2024-02-19,7.39,32.94,23.22,18.89
2024-02-20,3.3,32.0,23.56,24.27
2024-02-21,0.87,33.23,23.31,23.28
2024-02-22,0.66,34.35,22.7,25.47
2024-02-23,3.36,34.32,24.71,19.14
2024-02-24,4.63,32.25,23.75,24.02
2024-02-25,0.78,36.19,23.93,25.03
2024-02-26,3.45,34.66,25.01,22.62
2024-02-27,0.1,37.47,24.88,26.35
2024-02-28,0.0,38.52,23.93,25.87
2024-02-29,0.05,38.84,24.86,25.82
2024-03-01,0.18,39.44,26.91,26.21
2024-03-02,0.72,37.27,25.55,26.25
2024-03-03,0.0,38.62,24.5,26.8
2024-03-04,0.0,38.95,22.51,26.78
2024-03-05,1.3,38.22,21.95,23.89
2024-03-06,2.97,35.93,25.35,20.17
2024-03-07,1.45,36.13,24.9,18.71
2024-03-08,0.95,33.86,25.29,22.72
2024-03-09,4.08,35.48,25.74,21.85
2024-03-10,3.97,33.33,26.24,18.09
2024-03-11,3.54,34.7,25.39,22.55
2024-03-12,0.05,37.96,24.3,24.21
2024-03-13,1.28,37.51,26.17,24.16
2024-03-14,0.9,38.07,25.42,21.64
2024-03-15,0.09,38.41,26.75,22.46
2024-03-16,1.68,38.58,27.22,21.06
2024-03-17,0.19,38.14,26.91,16.59
2024-03-18,2.72,37.64,26.99,18.42
2024-03-19,9.2,36.79,27.45,20.24
2024-03-20,0.06,38.21,25.83,23.84
2024-03-21,3.69,32.41,27.04,20.7
2024-03-22,3.27,32.86,24.66,14.04
2024-03-23,4.24,29.12,21.67,11.4
2024-03-24,11.72,30.31,22.3,11.82
2024-03-25,11.36,31.54,21.96,14.85
2024-03-26,21.86,27.51,21.94,8.5
2024-03-27,8.01,25.4,21.2,7.5
2024-03-28,9.25,29.48,20.28,13.97
2024-03-29,19.29,29.82,21.36,15.94
2024-03-30,14.91,29.9,22.62,17.31
2024-03-31,4.54,30.45,23.1,18.95
2024-04-01,2.72,29.87,23.24,17.71
2024-04-02,7.44,29.82,23.65,15.0
2024-04-03,0.01,30.99,22.38,21.84
2024-04-04,0.1,31.8,22.87,20.25
2024-04-05,0.81,32.48,23.39,20.32
2024-04-06,0.46,32.52,22.78,21.4
2024-04-07,3.04,32.16,22.27,19.03
2024-04-08,6.13,31.68,23.4,18.21
2024-04-09,14.35,29.92,23.25,15.32
2024-04-10,2.32,30.29,21.89,18.25
2024-04-11,0.65,30.37,22.83,16.21
2024-04-12,0.52,30.31,23.16,16.05
2024-04-13,4.86,28.59,23.13,15.4
2024-04-14,12.82,27.96,22.68,12.28
2024-04-15,0.42,27.41,21.86,16.69
2024-04-16,1.75,31.1,22.13,16.96
2024-04-17,0.57,30.89,22.49,16.73
2024-04-18,0.06,29.97,21.31,15.94
2024-04-19,0.0,30.49,20.01,21.75
2024-04-20,0.05,32.54,17.58,20.14
2024-04-21,0.04,32.62,19.92,20.76
2024-04-22,0.0,32.13,18.74,21.33
2024-04-23,0.03,32.67,19.11,20.51
2024-04-24,0.01,33.76,19.7,20.0
2024-04-25,0.04,34.86,20.66,20.25
2024-04-26,0.2,35.32,20.45,20.05
2024-04-27,0.0,34.69,22.23,19.36
2024-04-28,0.0,34.8,20.76,19.84
2024-04-29,0.0,35.17,20.59,19.31
2024-04-30,0.0,35.0,21.07,19.1
2024-05-01,0.0,35.07,20.9,19.78
2024-05-02,0.0,34.78,19.99,19.29
2024-05-03,0.01,34.49,20.76,18.01
2024-05-04,0.0,34.93,20.67,18.72
2024-05-05,0.0,34.87,18.65,19.81
2024-05-06,0.02,34.29,18.89,19.18
2024-05-07,0.04,34.42,21.34,18.84
2024-05-08,0.0,34.31,20.9,19.17
2024-05-09,0.01,34.02,20.36,18.0
2024-05-10,0.0,34.44,19.07,18.91
2024-05-11,0.0,34.06,18.79,18.57
2024-05-12,0.0,34.19,18.43,18.94
2024-05-13,0.0,34.53,17.9,18.85
2024-05-14,0.0,32.35,20.15,13.48
2024-05-15,0.02,33.3,18.46,17.65
2024-05-16,0.0,34.67,18.65,18.45
2024-05-17,0.0,35.29,20.35,18.21
2024-05-18,0.0,34.98,20.58,17.89
2024-05-19,0.0,33.98,21.7,16.79
2024-05-20,0.0,32.65,19.23,13.87
2024-05-21,0.0,34.43,19.15,16.76
2024-05-22,0.0,34.17,19.03,17.73
2024-05-23,0.0,33.72,19.09,17.7
2024-05-24,0.05,34.58,20.07,7.63
2024-05-25,0.85,27.21,18.7,7.72
2024-05-26,0.76,29.0,16.33,5.51
2024-05-27,0.02,31.31,16.76,9.48
2024-05-28,0.06,25.05,16.36,7.24
2024-05-29,0.0,25.64,12.56,17.52
2024-05-30,0.0,28.75,12.65,17.57
2024-05-31,0.0,28.89,12.3,17.8
2024-06-01,0.0,31.29,12.81,17.0
2024-06-02,0.0,31.4,16.94,15.06
2024-06-03,0.01,31.66,17.65,14.92
2024-06-04,0.0,31.34,17.39,16.0
2024-06-05,0.0,31.88,16.23,13.45
2024-06-06,0.01,32.4,16.47,15.76
2024-06-07,0.01,32.4,17.26,16.17
2024-06-08,0.18,33.01,17.05,16.38
2024-06-09,0.0,33.16,17.63,16.41
2024-06-10,0.02,32.68,16.74,16.92
2024-06-11,0.0,32.71,16.46,16.76
2024-06-12,0.01,33.06,17.14,16.71
2024-06-13,0.0,32.6,17.97,16.95
2024-06-14,0.0,32.65,18.58,15.59
2024-06-15,0.0,32.85,18.01,16.08
2024-06-16,0.03,32.53,17.84,16.51
2024-06-17,0.0,32.0,16.67,16.76
2024-06-18,0.0,31.44,16.17,16.61
2024-06-19,0.0,32.25,16.22,16.73
2024-06-20,0.01,32.44,16.33,16.61
2024-06-21,0.0,32.05,17.21,15.93
2024-06-22,0.0,32.46,18.01,12.87
2024-06-23,0.1,32.47,18.05,15.66
2024-06-24,0.0,33.27,18.68,15.08
2024-06-25,0.0,33.84,19.43,15.81
2024-06-26,0.0,33.78,19.09,14.9
2024-06-27,0.0,30.93,19.22,14.58
2024-06-28,0.03,32.58,18.03,11.66
2024-06-29,0.03,32.49,19.74,13.34
2024-06-30,0.15,30.71,18.66,9.6
2024-07-01,0.44,29.83,17.64,5.29
2024-07-02,0.06,31.62,17.83,15.45
2024-07-03,0.04,31.93,17.22,12.69
2024-07-04,0.0,32.18,16.72,15.26
2024-07-05,0.0,32.37,17.16,11.94
2024-07-06,0.0,32.58,18.51,16.14
2024-07-07,0.0,33.21,17.75,14.17
2024-07-08,0.0,30.37,18.62,11.18
2024-07-09,0.02,29.24,17.71,6.73
2024-07-10,0.0,28.11,15.54,8.38
2024-07-11,0.01,32.91,16.6,13.39
2024-07-12,0.0,30.83,17.87,12.79
2024-07-13,0.0,32.42,18.66,16.33
2024-07-14,0.0,30.94,16.4,15.67
2024-07-15,0.0,30.15,15.58,15.51
2024-07-16,0.0,31.51,16.58,17.04
2024-07-17,0.0,31.97,15.91,17.32
2024-07-18,0.0,32.12,17.05,17.33
2024-07-19,0.0,32.59,17.16,17.63
2024-07-20,0.0,32.45,15.06,17.94
2024-07-21,0.0,32.43,14.99,17.97
2024-07-22,0.0,32.08,15.8,18.09
2024-07-23,0.0,32.4,15.38,18.54
2024-07-24,0.03,33.3,15.51,18.14
2024-07-25,0.16,32.4,15.11,18.25
2024-07-26,0.0,32.81,17.14,18.06
2024-07-27,0.0,33.66,16.07,17.35
2024-07-28,0.04,34.49,17.35,18.0
2024-07-29,0.0,34.2,17.91,17.25
2024-07-30,0.04,32.16,16.92,13.88
2024-07-31,0.03,34.16,16.92,17.81
2024-08-01,0.0,32.14,20.81,14.54
2024-08-02,0.0,31.94,19.3,16.41
2024-08-03,0.0,32.41,21.27,17.3
2024-08-04,0.0,32.43,19.07,17.36
2024-08-05,0.0,33.59,20.54,18.32
2024-08-06,0.0,33.41,20.16,18.63
2024-08-07,0.0,33.71,20.92,18.6
2024-08-08,0.0,35.31,19.36,14.28
2024-08-09,0.84,26.95,13.82,2.78
2024-08-10,0.77,22.41,11.13,20.79
2024-08-11,0.01,26.95,9.17,19.8
2024-08-12,0.0,26.73,10.13,17.65
2024-08-13,0.03,28.53,9.36,17.94
2024-08-14,0.0,32.92,13.18,17.74
2024-08-15,0.0,35.75,15.61,20.03
2024-08-16,0.0,36.54,17.71,19.52
2024-08-17,0.0,37.12,18.52,20.4
2024-08-18,0.0,37.17,18.91,20.87
2024-08-19,0.0,37.02,19.03,20.75
2024-08-20,0.04,37.1,18.73,20.7
2024-08-21,0.05,36.57,18.22,21.02
2024-08-22,0.0,36.71,18.22,21.2
2024-08-23,0.0,38.15,20.16,19.41
2024-08-24,1.97,33.99,17.75,14.14
2024-08-25,4.29,19.1,15.8,3.21
2024-08-26,0.0,25.79,12.92,21.25
2024-08-27,0.01,30.71,12.16,22.66
2024-08-28,0.0,34.44,12.85,21.88
2024-08-29,0.03,35.22,17.61,21.86
2024-08-30,0.01,35.58,18.35,22.47
2024-08-31,0.25,36.51,17.37,23.01
2024-09-01,0.0,37.76,18.53,22.69
2024-09-02,0.02,37.82,20.71,21.77
2024-09-03,0.0,38.75,19.03,22.75
2024-09-04,0.0,39.03,19.56,22.05
2024-09-05,0.0,37.29,19.25,17.51
2024-09-06,0.01,37.9,20.0,15.73
2024-09-07,0.02,38.67,21.33,18.53
2024-09-08,0.0,38.06,23.29,18.29
2024-09-09,0.0,37.13,20.95,18.49
2024-09-10,0.05,37.11,19.38,21.75
2024-09-11,0.0,37.9,19.83,23.37
2024-09-12,0.0,38.35,22.5,23.41
2024-09-13,0.0,38.91,21.44,22.81
2024-09-14,0.05,38.52,22.4,10.82
2024-09-15,0.06,38.04,22.25,15.13
2024-09-16,0.45,34.17,20.78,6.13
2024-09-17,0.0,34.45,18.82,22.53
2024-09-18,0.01,38.94,19.59,21.42
2024-09-19,0.05,39.79,22.48,21.94
2024-09-20,0.01,39.93,25.07,22.35
2024-09-21,0.02,36.87,22.7,13.02
2024-09-22,0.31,37.57,24.51,14.25
2024-09-23,0.0,39.87,23.65,16.29
2024-09-24,0.0,40.79,24.19,21.52
2024-09-25,0.04,41.36,24.19,23.8
2024-09-26,0.0,41.86,25.38,23.08
2024-09-27,0.04,35.42,25.84,11.94
2024-09-28,0.0,36.76,22.06,17.85
2024-09-29,0.0,39.33,21.93,23.81
2024-09-30,0.0,40.04,24.24,24.63
2024-10-01,0.01,39.44,23.92,24.38
2024-10-02,0.08,41.49,25.02,19.96
2024-10-03,0.31,40.76,28.31,13.56
2024-10-04,0.0,38.39,23.98,16.99
2024-10-05,0.0,38.56,20.83,25.02
2024-10-06,0.0,40.79,21.44,27.06
2024-10-07,0.0,42.18,21.84,25.13
2024-10-08,0.0,42.25,23.29,23.49
2024-10-09,0.98,38.24,26.84,11.0
2024-10-10,2.06,36.74,23.13,5.95
2024-10-11,4.58,38.63,24.93,12.6
2024-10-12,6.92,33.8,22.08,22.83
2024-10-13,0.0,36.84,23.43,25.7
2024-10-14,6.12,38.91,22.19,22.44
2024-10-15,7.75,28.82,23.61,22.47
2024-10-16,0.01,34.5,22.47,24.48
2024-10-17,0.0,37.05,23.79,24.63
2024-10-18,0.93,35.43,24.76,10.7
2024-10-19,15.88,32.41,23.23,12.23
2024-10-20,31.97,26.5,20.95,8.45
2024-10-21,0.52,27.68,22.51,13.08
2024-10-22,0.28,29.08,22.12,13.7
2024-10-23,2.0,31.05,22.36,18.09
2024-10-24,1.47,34.8,22.98,25.2
2024-10-25,1.25,33.25,24.45,16.82
2024-10-26,23.03,28.98,24.72,9.79
2024-10-27,0.13,30.61,23.83,15.72
2024-10-28,0.41,30.8,22.2,13.83
2024-10-29,0.42,31.79,23.05,25.69
2024-10-30,0.0,34.97,21.31,27.64
2024-10-31,0.0,34.68,21.4,23.76
2024-11-01,10.32,30.52,22.89,22.3
2024-11-02,7.58,30.31,22.98,10.97
2024-11-03,0.41,29.64,22.64,14.09
2024-11-04,30.55,29.76,22.69,11.72
2024-11-05,11.13,28.1,22.96,14.36
2024-11-06,31.96,28.7,22.55,18.91
2024-11-07,6.62,27.11,22.56,14.11
2024-11-08,4.48,29.04,22.18,12.75
2024-11-09,0.33,30.96,22.09,24.41
2024-11-10,0.0,31.75,21.18,28.16
2024-11-11,0.0,33.24,21.08,28.42
2024-11-12,0.11,34.16,22.86,23.16
2024-11-13,0.8,31.14,20.15,19.1
2024-11-14,0.12,32.33,21.86,25.56
2024-11-15,4.58,32.24,21.88,22.67
2024-11-16,6.93,31.01,22.32,21.79
2024-11-17,0.36,32.01,22.46,21.35
2024-11-18,0.18,33.06,22.51,27.85
2024-11-19,0.16,34.39,22.99,24.78
2024-11-20,0.7,30.83,24.94,19.09
2024-11-21,30.14,29.47,23.51,10.63
2024-11-22,1.87,29.77,21.69,15.59
2024-11-23,0.12,32.42,22.25,27.01
2024-11-24,0.0,32.7,20.28,29.01
2024-11-25,0.0,33.22,20.77,28.31
2024-11-26,0.0,34.76,21.79,29.51
2024-11-27,0.6,32.7,22.91,26.87
2024-11-28,5.87,32.34,24.32,20.02
2024-11-29,21.52,31.44,24.22,5.78
2024-11-30,4.6,31.28,23.39,24.94
2024-12-01,0.19,30.52,24.07,23.88
2024-12-02,12.33,28.28,23.8,15.81
2024-12-03,17.08,29.6,23.05,16.89
2024-12-04,17.31,29.19,22.92,13.67
2024-12-05,7.33,29.64,22.98,14.2
2024-12-06,0.39,30.35,22.38,28.19
2024-12-07,0.39,32.18,22.58,27.03
2024-12-08,0.96,31.15,23.94,18.98
2024-12-09,1.95,31.88,23.62,18.91
2024-12-10,3.5,31.52,24.23,19.12
2024-12-11,3.15,31.39,23.21,24.95
2024-12-12,2.52,29.41,22.0,27.18
2024-12-13,14.56,28.96,22.61,23.04
2024-12-14,22.73,28.0,21.71,11.19
2024-12-15,6.55,30.32,22.39,23.23
2024-12-16,2.43,30.27,23.09,28.05
2024-12-17,0.23,31.82,21.98,28.24
2024-12-18,0.0,32.12,22.09,28.38
2024-12-19,0.23,32.04,23.41,13.09
2024-12-20,4.38,32.01,23.24,19.29
2024-12-21,8.12,30.63,23.75,18.76
2024-12-22,3.19,28.62,23.99,21.9
2024-12-23,0.53,32.53,22.59,27.39
2024-12-24,4.2,31.19,22.56,25.52
2024-12-25,4.09,27.5,23.24,17.19
2024-12-26,24.36,29.73,22.63,16.26
2024-12-27,13.69,30.05,22.83,17.18
2024-12-28,6.92,30.28,23.04,26.41
2024-12-29,0.91,31.23,22.99,29.37
2024-12-30,1.28,31.84,20.92,27.4
2024-12-31,1.75,31.27,22.62,28.86
2025-01-01,2.39,31.9,22.68,24.15
2025-01-02,3.1,32.59,22.02,23.62
2025-01-03,4.92,31.55,23.0,20.65
2025-01-04,7.71,30.11,22.86,21.52
2025-01-05,0.54,32.21,20.98,29.37
2025-01-06,5.08,32.43,22.54,24.82
2025-01-07,0.71,32.8,22.84,26.6
2025-01-08,0.43,32.98,23.29,26.0
2025-01-09,2.07,33.77,22.72,26.12
2025-01-10,0.01,34.07,22.09,29.2
2025-01-11,6.27,35.62,21.48,28.46
2025-01-12,11.82,32.33,24.08,24.34
2025-01-13,0.31,32.39,23.96,25.26
2025-01-14,0.0,32.93,22.51,28.61
2025-01-15,0.03,33.93,20.67,26.87
2025-01-16,5.34,31.72,23.43,14.73
2025-01-17,11.02,27.33,23.74,19.85
2025-01-18,0.19,32.2,23.16,24.92
2025-01-19,0.32,33.01,22.79,28.19
2025-01-20,1.62,33.9,23.16,26.76
2025-01-21,0.75,34.6,23.43,28.73
2025-01-22,1.1,35.94,22.62,28.28
2025-01-23,0.44,36.27,25.3,22.56
2025-01-24,0.0,36.92,24.05,28.96
2025-01-25,1.37,36.8,24.42,24.51
2025-01-26,9.5,36.13,25.42,22.58
2025-01-27,5.18,33.13,23.53,18.34
2025-01-28,0.57,33.86,24.04,23.08
2025-01-29,1.1,33.27,24.01,25.23
2025-01-30,3.73,33.95,24.52,24.19
2025-01-31,9.11,28.43,23.57,9.45
2025-02-01,4.86,29.89,22.77,19.36
2025-02-02,11.99,29.05,22.69,19.16
2025-02-03,23.44,29.45,22.62,12.9
2025-02-04,13.44,30.46,22.3,18.31
2025-02-05,3.5,27.91,22.67,9.1
2025-02-06,2.33,29.07,21.69,15.7
2025-02-07,3.87,31.11,21.72,26.0
2025-02-08,0.69,31.7,22.41,27.87
2025-02-09,0.74,31.82,21.49,27.9
2025-02-10,0.83,31.43,21.6,23.24
2025-02-11,3.62,32.52,20.12,23.4
2025-02-12,0.68,30.7,22.1,22.7
2025-02-13,3.25,30.12,21.58,20.48
2025-02-14,1.26,33.57,21.53,19.32
2025-02-15,0.32,34.84,22.7,24.65
2025-02-16,0.15,36.1,23.71,26.6
2025-02-17,1.18,36.1,23.96,27.03
2025-02-18,0.81,35.88,23.61,22.59
2025-02-19,0.16,35.88,25.33,22.17
2025-02-20,0.13,37.34,25.51,26.52
2025-02-21,0.43,38.28,24.53,24.72
2025-02-22,1.04,36.49,25.24,23.43
2025-02-23,3.63,34.83,24.75,19.49
2025-02-24,0.14,33.46,23.85,22.29
2025-02-25,0.4,30.3,24.01,19.37
2025-02-26,0.33,35.19,23.04,24.04
2025-02-27,0.53,36.25,23.37,24.44
2025-02-28,0.18,37.61,24.39,26.07
2025-03-01,0.01,37.96,24.08,26.96
2025-03-02,0.01,34.46,23.63,20.54
2025-03-03,0.02,35.18,22.44,22.94
2025-03-04,0.23,37.84,23.76,23.44
2025-03-05,0.55,36.59,25.1,24.08
2025-03-06,0.0,34.62,23.64,26.45
2025-03-07,0.02,37.12,22.28,25.55
2025-03-08,0.01,37.8,23.25,26.23
2025-03-09,0.0,37.91,23.9,25.17
2025-03-10,0.06,38.38,25.49,23.8
2025-03-11,1.39,35.26,26.05,15.26
2025-03-12,0.35,37.91,23.13,22.16
2025-03-13,0.74,37.1,23.85,19.39
2025-03-14,0.0,38.18,24.55,23.27
2025-03-15,0.0,38.71,24.91,23.84
2025-03-16,0.45,39.79,25.42,22.99
2025-03-17,14.9,36.47,24.96,19.53
2025-03-18,13.31,31.69,24.87,19.72
2025-03-19,1.97,33.48,23.43,18.15
2025-03-20,0.02,34.23,22.01,24.3
2025-03-21,0.01,34.74,20.21,25.33
2025-03-22,0.4,34.84,20.81,16.69
2025-03-23,1.14,34.7,23.27,21.43
2025-03-24,4.26,34.25,24.28,22.61
2025-03-25,0.05,35.45,24.19,21.14
2025-03-26,0.42,35.97,26.14,20.44
2025-03-27,0.31,36.72,23.26,22.59
2025-03-28,0.3,37.56,23.34,22.78
2025-03-29,0.37,36.55,25.55,18.71
2025-03-30,2.75,37.12,24.77,19.78
2025-03-31,0.47,32.13,24.11,9.2
