data,PRECTOTCORR,T2M_MAX,T2M_MIN,ALLSKY_SFC_SW_DWN
2013-10-01,14.12,28.49,18.89,14.43
2013-10-02,11.87,25.07,19.21,5.15
2013-10-03,26.99,27.24,18.04,16.91
2013-10-04,8.91,24.36,18.44,5.99
2013-10-05,0.07,27.37,15.85,19.23
2013-10-06,0.0,25.99,11.98,27.05
2013-10-07,0.0,25.65,12.6,22.53
2013-10-08,0.04,24.65,12.77,13.32
2013-10-09,0.0,27.75,13.76,22.07
2013-10-10,0.0,28.33,13.68,25.46
2013-10-11,0.0,27.47,14.4,24.94
2013-10-12,0.08,27.33,16.66,18.24
2013-10-13,0.01,31.77,15.61,25.06
2013-10-14,0.0,32.97,18.17,23.41
2013-10-15,5.35,28.88,19.63,16.05
2013-10-16,6.53,23.4,17.27,7.08
2013-10-17,6.58,25.75,16.79,13.96
2013-10-18,4.91,29.06,16.43,17.17
2013-10-19,0.03,30.39,15.98,26.78
2013-10-20,0.0,32.9,16.34,27.11
2013-10-21,1.49,33.43,18.11,24.94
2013-10-22,6.98,29.19,19.87,21.17
2013-10-23,9.54,29.64,20.22,21.43
2013-10-24,5.12,32.84,20.27,27.37
2013-10-25,5.77,28.69,18.87,23.6
2013-10-26,0.03,33.11,17.99,27.64
2013-10-27,6.74,32.22,17.28,23.74
2013-10-28,0.67,28.35,14.5,28.18
2013-10-29,0.01,30.03,11.74,26.83
2013-10-30,0.15,31.4,15.19,24.5
2013-10-31,1.54,31.45,16.57,21.65
2013-11-01,1.67,31.61,16.3,24.28
2013-11-02,0.04,32.78,17.05,25.48
2013-11-03,3.56,32.53,19.4,27.85
2013-11-04,17.73,26.47,18.69,9.52
2013-11-05,6.69,24.78,16.24,6.72
2013-11-06,29.08,23.6,15.62,6.23
2013-11-07,4.38,27.29,15.88,16.66
2013-11-08,0.17,28.79,15.68,24.51
2013-11-09,0.0,31.49,16.35,27.59
2013-11-10,0.28,33.9,17.42,29.42
2013-11-11,3.59,33.72,19.3,26.36
2013-11-12,0.36,28.7,21.47,17.22
2013-11-13,0.1,31.93,17.76,26.85
2013-11-14,0.0,32.26,14.98,29.34
2013-11-15,4.65,32.25,17.09,27.65
2013-11-16,4.71,31.6,19.95,21.62
2013-11-17,4.3,28.9,17.95,18.41
2013-11-18,1.28,30.43,16.5,23.09
2013-11-19,1.8,31.2,19.01,24.44
2013-11-20,0.1,33.3,19.85,26.44
2013-11-21,7.16,30.33,20.66,27.25
2013-11-22,12.0,28.28,19.05,16.03
2013-11-23,2.17,27.58,17.29,11.66
2013-11-24,6.19,24.76,18.52,7.46
2013-11-25,1.94,23.94,19.12,8.0
2013-11-26,0.9,30.1,17.58,20.76
2013-11-27,0.14,30.99,17.61,22.39
2013-11-28,3.65,33.26,18.49,28.31
2013-11-29,4.16,33.45,19.49,27.57
2013-11-30,1.01,28.29,19.41,14.94
2013-12-01,6.72,28.26,19.82,16.08
2013-12-02,4.03,28.44,20.47,16.16
2013-12-03,0.34,33.25,20.53,22.81
2013-12-04,0.05,35.53,19.44,27.06
2013-12-05,10.3,31.53,21.86,25.72
2013-12-06,0.04,32.1,19.84,27.35
2013-12-07,1.68,28.39,19.68,19.87
2013-12-08,3.03,32.48,19.31,25.48
2013-12-09,7.59,31.6,20.74,26.57
2013-12-10,7.72,28.62,21.78,16.32
2013-12-11,9.66,29.01,19.07,9.66
2013-12-12,0.24,30.32,17.9,24.04
2013-12-13,0.12,31.77,16.33,28.01
2013-12-14,1.84,30.4,18.19,21.63
2013-12-15,0.86,33.49,17.96,20.93
2013-12-16,2.33,32.68,18.32,26.7
2013-12-17,0.07,32.54,16.48,29.28
2013-12-18,0.13,33.59,16.5,29.72
2013-12-19,0.18,32.75,17.88,28.64
2013-12-20,0.92,32.4,19.26,23.33
2013-12-21,1.63,31.76,18.38,24.9
2013-12-22,0.47,30.42,18.76,24.27
2013-12-23,7.85,26.16,19.54,14.18
2013-12-24,2.78,29.05,19.15,17.48
2013-12-25,3.35,31.3,19.56,18.54
2013-12-26,0.73,34.92,21.0,26.79
2013-12-27,0.97,34.06,22.52,28.25
2013-12-28,5.28,29.5,21.69,22.99
2013-12-29,5.56,31.13,20.7,24.04
2013-12-30,19.84,27.02,21.35,18.27
2013-12-31,8.35,28.57,22.03,16.1
2014-01-01,7.28,30.19,20.5,20.59
2014-01-02,0.25,29.47,20.83,26.18
2014-01-03,0.07,33.35,21.7,28.98
2014-01-04,0.04,33.68,21.87,28.97
2014-01-05,4.95,32.62,20.9,28.14
2014-01-06,0.17,31.3,20.93,29.33
2014-01-07,0.19,33.47,19.23,27.79
2014-01-08,1.54,29.75,21.89,27.23
2014-01-09,0.23,30.47,20.54,26.61
2014-01-10,0.2,31.45,20.31,27.27
2014-01-11,2.87,31.31,21.37,25.83
2014-01-12,4.41,30.61,21.08,21.75
2014-01-13,3.91,28.52,20.95,22.77
2014-01-14,12.33,26.36,20.09,26.2
2014-01-15,3.55,29.74,19.17,26.91
2014-01-16,2.22,29.14,19.34,21.94
2014-01-17,5.54,30.76,19.36,21.22
2014-01-18,1.75,30.5,19.95,27.33
2014-01-19,0.1,33.56,17.63,29.4
2014-01-20,0.29,35.09,18.19,28.47
2014-01-21,0.23,33.7,20.8,25.86
2014-01-22,8.18,31.2,21.05,23.46
2014-01-23,1.65,30.48,20.58,24.47
2014-01-24,14.1,32.33,20.21,21.27
2014-01-25,0.05,32.38,20.66,28.99
2014-01-26,0.79,33.78,20.39,27.54
2014-01-27,1.08,33.99,20.83,28.54
2014-01-28,0.1,34.76,19.46,29.88
2014-01-29,0.0,35.59,17.58,30.56
2014-01-30,0.0,36.07,18.71,28.78
2014-01-31,0.0,36.07,20.86,28.57
2014-02-01,0.0,37.25,22.41,28.37
2014-02-02,0.0,35.92,22.09,26.08
2014-02-03,0.0,36.49,21.47,27.91
2014-02-04,0.0,37.01,21.39,28.92
2014-02-05,0.02,37.25,22.79,27.53
2014-02-06,0.03,38.28,23.17,29.94
2014-02-07,3.49,37.51,20.98,29.06
2014-02-08,3.24,36.49,23.98,26.59
2014-02-09,0.11,37.45,20.08,28.21
2014-02-10,0.09,37.55,20.88,25.36
2014-02-11,0.02,35.01,23.03,24.35
2014-02-12,0.18,32.93,22.9,20.23
2014-02-13,3.67,31.37,22.1,24.2
2014-02-14,6.62,31.74,20.9,20.92
2014-02-15,10.57,27.12,20.51,12.68
2014-02-16,3.8,30.03,19.37,14.15
2014-02-17,1.34,29.9,18.85,17.21
2014-02-18,0.02,33.04,18.64,23.16
2014-02-19,1.86,33.41,18.77,27.28
2014-02-20,0.56,34.35,18.07,26.37
2014-02-21,1.74,30.25,21.03,21.99
2014-02-22,1.5,28.32,21.38,14.0
2014-02-23,3.2,28.36,20.41,18.95
2014-02-24,3.39,27.99,20.14,20.27
2014-02-25,11.35,31.94,18.69,20.15
2014-02-26,0.02,33.31,19.58,26.91
2014-02-27,6.4,33.13,20.99,26.18
2014-02-28,6.74,29.18,21.15,18.06
2014-03-01,0.39,27.09,19.86,18.51
2014-03-02,1.14,31.0,17.91,25.78
2014-03-03,4.16,31.12,19.51,23.21
2014-03-04,4.47,30.15,20.77,18.47
2014-03-05,4.82,27.12,20.12,9.66
2014-03-06,6.19,30.04,20.43,22.16
2014-03-07,2.27,28.65,18.9,13.96
2014-03-08,0.43,31.79,16.47,20.2
2014-03-09,0.35,32.03,18.09,24.52
2014-03-10,0.3,32.83,19.99,24.19
2014-03-11,17.69,30.01,20.2,21.26
2014-03-12,3.87,28.42,20.68,16.66
2014-03-13,1.06,29.16,20.13,22.1
2014-03-14,0.41,31.57,20.13,23.96
2014-03-15,0.03,33.66,20.79,24.7
2014-03-16,0.01,34.55,20.26,24.7
2014-03-17,0.19,34.19,20.1,24.84
2014-03-18,6.25,34.88,21.3,24.02
2014-03-19,6.34,31.8,20.19,22.82
2014-03-20,9.27,29.88,20.49,21.65
2014-03-21,13.23,27.26,21.02,17.85
2014-03-22,1.62,28.92,20.81,15.73
2014-03-23,0.03,28.48,18.1,20.76
2014-03-24,0.33,30.15,17.22,20.18
2014-03-25,0.28,30.4,18.4,23.11
2014-03-26,0.05,29.42,17.48,22.65
2014-03-27,0.15,31.31,18.45,22.55
2014-03-28,0.62,31.06,18.34,21.83
2014-03-29,3.7,30.28,19.03,20.2
2014-03-30,8.28,24.68,20.39,8.46
2014-03-31,3.39,27.84,19.61,16.45
2014-04-01,4.32,31.06,20.2,19.58
2014-04-02,0.43,31.62,20.05,21.1
2014-04-03,0.05,32.29,18.85,20.96
2014-04-04,0.15,32.13,19.06,20.59
2014-04-05,0.03,31.68,18.66,22.4
2014-04-06,0.01,33.53,17.7,23.23
2014-04-07,0.0,34.25,17.75,22.65
2014-04-08,0.02,33.95,19.1,21.91
2014-04-09,1.92,31.1,22.34,19.32
2014-04-10,0.15,31.88,21.08,14.21
2014-04-11,1.98,30.87,20.39,17.6
2014-04-12,13.23,25.18,21.24,16.53
2014-04-13,2.84,29.53,20.49,15.15
2014-04-14,5.65,27.19,16.85,15.88
2014-04-15,8.42,23.57,16.38,7.75
2014-04-16,1.47,27.54,17.73,13.63
2014-04-17,0.03,30.23,17.08,19.78
2014-04-18,0.0,31.04,17.01,20.32
2014-04-19,0.16,32.0,17.64,19.1
2014-04-20,0.01,30.86,18.65,15.79
2014-04-21,2.28,29.57,18.35,19.71
2014-04-22,5.47,29.58,19.05,9.58
2014-04-23,6.05,25.85,18.58,10.13
2014-04-24,0.16,27.7,18.07,14.18
2014-04-25,0.0,27.56,15.54,19.17
2014-04-26,0.0,26.8,14.11,20.5
2014-04-27,0.0,26.43,13.16,20.43
2014-04-28,0.0,27.21,13.43,20.17
2014-04-29,0.0,27.77,12.4,20.61
2014-04-30,0.0,28.27,12.04,19.93
2014-05-01,0.01,28.3,12.73,18.14
2014-05-02,0.0,29.63,15.0,18.7
2014-05-03,0.0,27.7,15.62,15.38
2014-05-04,0.01,30.19,14.5,19.74
2014-05-05,0.0,30.47,14.76,18.38
2014-05-06,0.01,30.81,15.51,17.82
2014-05-07,0.05,30.34,17.48,13.13
2014-05-08,0.0,30.54,17.42,18.03
2014-05-09,0.0,28.94,15.56,16.36
2014-05-10,0.0,26.54,14.25,17.72
2014-05-11,0.0,27.84,13.28,19.01
2014-05-12,0.0,28.23,13.06,18.51
2014-05-13,0.0,28.37,13.49,16.95
2014-05-14,0.0,28.86,15.05,17.16
2014-05-15,0.0,28.86,12.79,16.61
2014-05-16,0.01,30.47,14.58,16.96
2014-05-17,0.0,29.07,15.93,13.05
2014-05-18,0.36,27.28,17.93,8.52
2014-05-19,0.0,29.66,14.4,17.5
2014-05-20,0.01,29.76,13.75,16.9
2014-05-21,0.0,30.04,14.03,16.27
2014-05-22,19.79,28.98,16.73,15.0
2014-05-23,9.08,24.13,18.77,7.37
2014-05-24,2.09,25.02,15.89,6.55
2014-05-25,0.32,22.85,14.77,10.05
2014-05-26,0.15,23.53,11.07,7.64
2014-05-27,0.02,22.28,9.56,16.86
2014-05-28,0.34,23.36,11.4,14.66
2014-05-29,0.01,25.49,12.83,17.06
2014-05-30,0.01,26.07,12.02,16.87
2014-05-31,0.0,27.28,11.85,15.86
2014-06-01,1.47,25.14,15.57,5.6
2014-06-02,0.78,24.89,10.56,12.28
2014-06-03,0.01,23.98,8.7,17.23
2014-06-04,0.01,26.76,7.26,17.09
2014-06-05,0.0,29.98,14.42,14.47
2014-06-06,0.2,29.08,16.26,11.44
2014-06-07,0.0,30.79,16.48,14.79
2014-06-08,0.0,30.22,16.77,15.31
2014-06-09,0.0,29.33,16.52,15.64
2014-06-10,0.0,26.84,15.94,13.37
2014-06-11,0.0,27.96,16.19,15.86
2014-06-12,0.0,28.34,14.68,14.7
2014-06-13,0.0,28.39,15.97,15.27
2014-06-14,0.0,28.97,15.2,14.59
2014-06-15,0.0,28.46,16.31,15.71
2014-06-16,0.01,29.31,15.14,15.77
2014-06-17,0.0,29.8,15.26,16.1
2014-06-18,0.13,29.23,14.65,14.44
2014-06-19,0.18,25.13,12.85,15.53
2014-06-20,0.01,25.92,11.51,14.5
2014-06-21,0.01,26.59,11.73,14.25
2014-06-22,0.03,27.96,12.25,14.71
2014-06-23,0.0,28.02,14.88,10.65
2014-06-24,0.0,29.01,13.68,16.02
2014-06-25,0.0,28.99,13.4,15.8
2014-06-26,0.0,29.49,14.53,15.25
2014-06-27,0.0,30.64,15.24,16.4
2014-06-28,0.0,30.1,14.8,14.76
2014-06-29,0.0,23.3,14.65,10.82
2014-06-30,0.0,23.55,9.77,13.87
2014-07-01,0.0,26.09,11.71,16.16
2014-07-02,0.0,30.58,14.45,15.67
2014-07-03,0.0,31.88,15.4,15.54
2014-07-04,0.0,31.06,16.57,14.87
2014-07-05,0.0,30.09,16.24,15.71
2014-07-06,0.0,28.76,14.9,16.07
2014-07-07,0.51,26.71,15.29,9.41
2014-07-08,0.85,27.26,15.22,9.26
2014-07-09,7.48,24.95,14.32,11.02
2014-07-10,1.41,25.33,14.67,11.28
2014-07-11,0.0,24.59,12.25,14.52
2014-07-12,0.0,26.14,12.3,16.59
2014-07-13,0.03,26.95,12.07,16.9
2014-07-14,0.0,26.93,11.83,16.58
2014-07-15,0.0,27.03,11.66,17.38
2014-07-16,0.0,28.26,12.11,16.93
2014-07-17,0.1,29.98,13.83,16.91
2014-07-18,0.3,26.45,15.62,9.49
2014-07-19,0.02,24.66,11.37,15.46
2014-07-20,0.0,26.17,8.29,18.5
2014-07-21,0.01,28.36,8.28,18.04
2014-07-22,0.0,29.75,12.5,17.5
2014-07-23,0.0,29.99,13.34,17.66
2014-07-24,10.42,29.03,13.8,6.83
2014-07-25,1.43,19.32,12.49,3.83
2014-07-26,0.91,21.95,11.81,4.59
2014-07-27,0.74,21.24,12.63,6.54
2014-07-28,0.04,23.71,13.02,13.69
2014-07-29,0.01,26.23,14.61,15.86
2014-07-30,0.0,26.99,11.92,17.42
2014-07-31,0.01,27.83,11.45,18.21
2014-08-01,0.0,29.47,12.52,18.95
2014-08-02,0.0,30.3,15.21,18.94
2014-08-03,0.0,30.99,15.79,18.98
2014-08-04,0.0,31.33,14.34,18.63
2014-08-05,0.0,26.63,12.34,18.84
2014-08-06,0.0,29.31,10.23,19.62
2014-08-07,0.0,29.78,11.39,20.17
2014-08-08,0.04,28.69,11.93,19.42
2014-08-09,0.0,29.05,13.96,19.29
2014-08-10,0.0,28.44,12.73,19.51
2014-08-11,0.0,30.61,13.06,20.21
2014-08-12,0.0,32.79,14.59,19.0
2014-08-13,2.49,29.05,11.76,14.22
2014-08-14,0.09,22.62,10.65,12.06
2014-08-15,0.02,28.45,14.71,17.31
2014-08-16,0.06,29.66,15.21,19.27
2014-08-17,2.32,28.61,15.56,14.49
2014-08-18,0.16,29.4,15.42,18.8
2014-08-19,0.0,29.15,13.92,21.02
2014-08-20,0.0,31.52,12.69,21.48
2014-08-21,0.0,32.11,13.25,21.43
2014-08-22,0.0,33.17,14.7,22.05
2014-08-23,0.0,33.58,14.24,22.13
2014-08-24,0.0,33.16,15.06,22.41
2014-08-25,0.0,33.66,15.61,22.15
2014-08-26,0.03,30.97,16.32,20.18
2014-08-27,0.0,30.07,15.62,14.44
2014-08-28,0.0,30.82,13.76,15.4
2014-08-29,0.0,29.58,12.83,18.95
2014-08-30,0.0,32.37,13.08,21.91
2014-08-31,0.38,34.68,15.1,20.77
2014-09-01,4.0,33.37,17.44,11.51
2014-09-02,13.44,31.94,18.69,21.33
2014-09-03,1.16,31.04,18.39,16.7
2014-09-04,0.0,27.72,14.85,23.3
2014-09-05,0.0,29.2,12.91,22.26
2014-09-06,0.0,30.98,12.72,23.65
2014-09-07,0.0,32.23,14.11,23.12
2014-09-08,0.0,32.65,15.93,21.69
2014-09-09,0.0,33.39,16.17,23.12
2014-09-10,0.0,34.35,16.03,24.49
2014-09-11,0.0,35.59,17.74,23.59
2014-09-12,0.0,35.16,17.02,24.4
2014-09-13,0.0,34.17,15.39,24.7
2014-09-14,0.0,35.34,16.45,24.83
2014-09-15,0.05,35.85,18.29,21.37
2014-09-16,0.03,33.12,17.82,20.94
2014-09-17,0.0,34.31,15.64,23.84
2014-09-18,0.01,36.67,16.12,21.77
2014-09-19,9.27,36.43,20.03,14.29
2014-09-20,5.86,33.67,19.92,7.1
2014-09-21,3.52,30.85,17.41,12.59
2014-09-22,0.03,29.52,13.57,26.58
2014-09-23,0.0,34.41,12.33,24.46
2014-09-24,6.59,35.76,17.76,24.09
2014-09-25,4.9,30.58,19.16,12.15
2014-09-26,11.77,25.06,20.43,15.72
2014-09-27,1.45,28.34,19.25,11.54
2014-09-28,0.09,31.51,18.18,15.24
2014-09-29,3.51,34.48,20.25,19.85
2014-09-30,0.07,30.9,20.64,13.12
2014-10-01,0.55,33.08,22.06,20.25
2014-10-02,0.01,29.03,14.61,21.69
2014-10-03,0.0,28.67,12.71,27.29
2014-10-04,0.0,28.57,11.2,27.51
2014-10-05,0.0,27.2,11.31,26.77
2014-10-06,0.0,30.65,11.2,26.68
2014-10-07,0.0,30.82,14.08,21.07
2014-10-08,0.0,33.41,15.03,27.76
2014-10-09,0.0,35.48,15.6,27.65
2014-10-10,0.0,37.32,17.67,27.03
2014-10-11,0.0,38.08,19.2,26.95
2014-10-12,0.0,38.96,18.24,25.48
2014-10-13,0.0,39.3,19.55,26.38
2014-10-14,0.0,39.55,21.43,25.14
2014-10-15,0.0,39.37,21.42,24.12
2014-10-16,0.0,40.45,20.26,23.48
2014-10-17,0.02,40.17,23.39,23.53
2014-10-18,0.13,40.28,21.21,22.46
2014-10-19,1.64,39.02,23.86,24.0
2014-10-20,1.25,33.52,22.14,15.69
2014-10-21,0.01,32.37,17.66,18.04
2014-10-22,0.0,33.72,16.57,24.73
2014-10-23,0.78,34.08,18.8,24.22
2014-10-24,4.49,32.96,19.84,22.78
2014-10-25,5.05,25.48,19.1,9.87
2014-10-26,16.87,29.92,17.84,16.92
2014-10-27,1.35,31.93,17.61,23.81
2014-10-28,0.0,32.13,14.06,30.61
2014-10-29,0.0,34.53,14.3,28.09
2014-10-30,0.01,36.55,17.94,27.55
2014-10-31,1.31,33.55,18.59,24.06
2014-11-01,4.03,32.21,21.31,20.96
2014-11-02,5.63,29.76,21.05,23.87
2014-11-03,11.08,27.39,20.79,20.78
2014-11-04,22.4,25.65,20.62,11.02
2014-11-05,5.01,29.43,19.65,19.7
2014-11-06,8.34,31.72,18.83,24.58
2014-11-07,24.66,28.18,20.6,23.02
2014-11-08,0.15,27.28,20.04,17.55
2014-11-09,0.03,30.87,17.47,23.54
2014-11-10,0.0,31.86,16.62,29.46
2014-11-11,0.0,32.96,14.67,28.57
2014-11-12,5.2,29.72,16.91,15.6
2014-11-13,4.73,31.13,19.94,22.53
2014-11-14,1.86,30.44,17.29,21.89
2014-11-15,0.03,30.04,15.57,23.77
2014-11-16,0.1,31.06,14.01,28.99
2014-11-17,0.0,32.9,13.61,28.96
2014-11-18,0.45,32.32,14.89,28.39
2014-11-19,0.3,34.1,17.68,27.71
2014-11-20,0.53,31.88,22.16,22.44
2014-11-21,0.29,35.18,20.59,23.21
2014-11-22,4.84,27.55,21.16,14.18
2014-11-23,1.87,30.87,20.22,14.29
2014-11-24,12.22,30.46,19.93,13.39
2014-11-25,19.01,25.96,21.42,17.15
2014-11-26,11.96,25.79,20.51,13.89
2014-11-27,7.17,27.72,20.05,18.47
2014-11-28,6.16,28.75,18.74,17.02
2014-11-29,3.77,27.86,18.27,14.48
2014-11-30,4.56,27.06,19.63,7.48
2014-12-01,1.66,30.17,19.11,19.05
2014-12-02,0.12,29.12,17.94,15.09
2014-12-03,0.03,30.8,19.97,20.7
2014-12-04,0.54,32.87,19.81,25.93
2014-12-05,0.08,28.93,17.73,20.18
2014-12-06,4.01,31.12,17.33,22.56
2014-12-07,0.99,30.95,19.12,24.66
2014-12-08,2.8,25.89,20.05,17.36
2014-12-09,4.86,27.74,19.37,16.96
2014-12-10,10.83,26.51,19.28,16.57
2014-12-11,10.03,26.56,19.66,15.26
2014-12-12,23.52,28.81,19.54,18.51
2014-12-13,24.72,23.53,19.28,8.26
2014-12-14,2.87,30.47,18.99,23.05
2014-12-15,0.09,29.64,15.88,29.35
2014-12-16,0.0,31.11,15.03,28.89
2014-12-17,0.0,31.87,16.73,27.13
2014-12-18,1.15,31.92,19.74,24.0
2014-12-19,18.33,30.51,21.39,22.66
2014-12-20,2.29,29.98,21.37,20.18
2014-12-21,6.71,28.3,21.47,14.68
2014-12-22,14.98,27.58,21.14,19.62
2014-12-23,33.16,28.11,18.51,13.33
2014-12-24,0.47,27.62,17.71,20.81
2014-12-25,2.51,30.57,19.07,23.59
2014-12-26,0.04,31.2,20.63,30.81
2014-12-27,0.0,32.98,19.94,30.89
2014-12-28,5.01,31.84,20.19,28.69
2014-12-29,5.78,29.4,21.49,23.78
2014-12-30,9.57,30.67,20.65,22.72
2014-12-31,1.57,27.72,20.89,17.74
2015-01-01,4.18,29.29,20.47,27.65
2015-01-02,2.93,28.41,21.63,26.85
2015-01-03,5.05,30.97,20.59,24.94
2015-01-04,3.76,28.81,20.41,17.4
2015-01-05,6.48,28.21,19.7,19.51
2015-01-06,13.07,29.16,19.86,14.86
2015-01-07,1.86,31.11,19.42,24.45
2015-01-08,5.72,30.48,20.5,26.48
2015-01-09,0.43,32.59,20.49,30.32
2015-01-10,12.37,32.91,21.15,29.23
2015-01-11,7.01,32.94,21.14,29.21
2015-01-12,1.56,33.31,21.65,25.21
2015-01-13,0.82,31.92,21.54,25.46
2015-01-14,2.3,29.41,21.08,21.53
2015-01-15,1.32,29.71,21.03,28.18
2015-01-16,0.25,31.85,21.33,29.78
2015-01-17,0.39,34.32,21.57,29.14
2015-01-18,0.0,34.86,21.28,29.14
2015-01-19,0.04,36.89,20.78,29.97
2015-01-20,3.1,36.02,20.29,28.52
2015-01-21,2.92,32.18,21.35,23.0
2015-01-22,5.08,30.93,21.03,17.88
2015-01-23,1.39,27.79,19.71,19.4
2015-01-24,1.09,31.06,18.54,26.52
2015-01-25,4.23,29.47,19.71,23.9
2015-01-26,20.01,28.75,19.51,21.95
2015-01-27,5.37,28.19,19.4,19.76
2015-01-28,14.06,28.17,20.47,19.57
2015-01-29,1.5,26.85,20.6,20.0
2015-01-30,0.01,29.11,20.83,26.26
2015-01-31,10.17,31.4,20.12,25.04
2015-02-01,3.18,31.97,19.71,27.99
2015-02-02,14.1,30.39,20.32,22.36
2015-02-03,5.24,30.3,18.67,27.63
2015-02-04,4.43,26.62,20.52,14.13
2015-02-05,3.11,27.31,19.51,12.65
2015-02-06,6.85,28.96,20.44,18.15
2015-02-07,0.23,30.12,18.7,23.36
2015-02-08,1.76,31.74,17.4,24.03
2015-02-09,6.06,29.96,20.21,16.48
2015-02-10,14.12,27.86,20.44,17.32
2015-02-11,4.65,28.92,20.73,23.38
2015-02-12,8.39,29.14,21.13,25.49
2015-02-13,3.72,29.9,20.91,23.02
2015-02-14,0.46,29.66,20.39,25.85
2015-02-15,5.19,29.0,19.68,22.42
2015-02-16,0.37,26.54,19.38,16.2
2015-02-17,24.21,24.76,19.55,15.95
2015-02-18,12.99,26.42,19.85,10.38
2015-02-19,11.59,27.13,19.47,14.13
2015-02-20,2.43,26.54,20.06,17.44
2015-02-21,0.02,29.99,19.13,25.97
2015-02-22,0.02,30.66,20.5,26.46
2015-02-23,0.02,30.72,19.62,27.09
2015-02-24,3.78,29.83,20.43,25.31
2015-02-25,18.68,26.51,19.85,23.48
2015-02-26,3.72,28.82,19.12,25.07
2015-02-27,6.14,28.85,19.71,18.86
2015-02-28,1.71,28.76,19.98,25.11
2015-03-01,0.03,29.15,18.37,25.83
2015-03-02,0.03,29.66,17.22,24.49
2015-03-03,0.29,30.68,17.5,22.51
2015-03-04,0.34,30.58,19.17,23.31
2015-03-05,2.94,30.18,19.35,23.51
2015-03-06,3.82,27.34,20.93,20.2
2015-03-07,3.86,27.55,19.92,15.64
2015-03-08,9.08,25.6,20.5,13.4
2015-03-09,13.05,22.77,19.94,8.91
2015-03-10,6.84,28.6,19.64,15.25
2015-03-11,3.94,28.78,19.16,21.01
2015-03-12,5.2,27.22,19.92,11.39
2015-03-13,2.21,25.54,19.35,11.86
2015-03-14,2.82,24.53,18.6,9.23
2015-03-15,3.86,25.72,17.88,13.75
2015-03-16,5.02,29.49,17.83,16.8
2015-03-17,2.16,26.87,18.48,9.55
2015-03-18,3.97,23.02,18.73,9.98
2015-03-19,3.02,25.8,17.64,8.08
2015-03-20,12.03,26.61,18.35,9.97
2015-03-21,11.04,25.5,17.07,15.54
2015-03-22,10.33,27.05,17.08,13.99
2015-03-23,1.13,27.81,17.8,18.82
2015-03-24,0.0,28.61,16.84,24.21
2015-03-25,0.0,29.51,16.4,23.28
2015-03-26,0.06,29.86,16.79,20.27
2015-03-27,22.41,28.5,19.44,16.85
2015-03-28,2.08,29.54,20.16,22.52
2015-03-29,13.27,28.61,19.71,18.49
2015-03-30,8.75,27.28,19.27,10.34
2015-03-31,1.95,26.62,19.36,16.4
2015-04-01,0.0,29.1,17.49,20.75
2015-04-02,0.03,28.82,17.99,21.41
2015-04-03,0.01,28.68,15.79,21.41
2015-04-04,9.2,28.48,17.83,18.09
2015-04-05,8.2,27.56,19.14,7.87
2015-04-06,3.79,28.2,17.53,15.67
2015-04-07,0.0,25.17,15.57,20.61
2015-04-08,0.0,25.98,14.46,21.64
2015-04-09,0.0,26.78,16.32,20.64
2015-04-10,0.0,27.95,16.36,18.97
2015-04-11,0.0,28.16,16.14,20.91
2015-04-12,0.0,29.0,16.64,20.83
2015-04-13,0.0,28.59,16.6,20.3
2015-04-14,0.31,28.46,17.22,18.75
2015-04-15,1.63,25.43,18.71,11.79
2015-04-16,0.43,28.56,18.87,18.07
2015-04-17,0.04,28.91,17.71,19.72
2015-04-18,0.07,29.01,18.85,18.33
2015-04-19,3.78,28.25,20.21,16.92
2015-04-20,0.3,29.74,19.72,19.5
2015-04-21,4.59,28.37,20.51,17.32
2015-04-22,0.65,27.21,18.98,13.85
2015-04-23,0.01,29.06,17.78,16.98
2015-04-24,0.02,28.94,18.15,14.46
2015-04-25,0.0,27.18,15.95,18.42
2015-04-26,0.0,26.41,14.13,21.32
2015-04-27,0.04,27.59,14.33,19.89
2015-04-28,0.01,27.55,14.67,18.14
2015-04-29,0.0,26.51,16.24,16.29
2015-04-30,0.0,26.11,15.04,18.72
2015-05-01,0.02,27.33,13.8,18.53
2015-05-02,0.01,27.7,13.89,17.62
2015-05-03,0.46,28.27,16.14,17.36
2015-05-04,18.4,23.96,18.05,4.62
2015-05-05,3.26,26.59,17.36,12.91
2015-05-06,0.41,26.13,15.24,11.68
2015-05-07,0.06,24.93,14.4,17.73
2015-05-08,0.03,24.42,14.15,18.58
2015-05-09,0.0,27.36,12.93,18.06
2015-05-10,6.65,26.74,16.3,13.31
2015-05-11,6.1,23.63,14.77,5.61
2015-05-12,0.02,23.6,12.68,15.46
2015-05-13,0.03,23.86,14.35,15.85
2015-05-14,0.0,25.36,14.67,17.11
2015-05-15,0.01,23.89,15.07,9.84
2015-05-16,0.01,25.14,13.27,15.52
2015-05-17,0.01,25.2,13.54,15.61
2015-05-18,0.08,24.25,15.73,8.27
2015-05-19,4.66,21.55,16.37,11.59
2015-05-20,4.9,22.34,16.22,8.84
2015-05-21,0.16,26.13,15.35,15.22
2015-05-22,0.0,26.62,15.32,17.06
2015-05-23,0.0,25.21,15.34,11.78
2015-05-24,0.05,27.68,14.5,15.96
2015-05-25,0.25,28.51,15.38,16.71
2015-05-26,0.11,29.4,16.92,16.42
2015-05-27,0.05,28.94,16.65,16.41
2015-05-28,4.74,21.25,15.42,5.02
2015-05-29,1.49,23.54,13.1,10.63
2015-05-30,8.72,24.68,11.17,15.04
2015-05-31,21.35,22.92,14.94,6.49
2015-06-01,1.16,25.1,15.47,10.04
2015-06-02,0.16,23.37,15.35,7.36
2015-06-03,0.05,25.2,14.88,14.52
2015-06-04,0.0,26.31,15.1,16.06
2015-06-05,0.04,26.12,13.75,16.73
2015-06-06,0.02,26.78,13.66,15.98
2015-06-07,0.0,27.09,14.09,15.47
2015-06-08,0.0,27.24,14.26,16.32
2015-06-09,0.0,27.0,13.45,15.97
2015-06-10,0.0,26.82,12.71,16.49
2015-06-11,0.0,27.95,13.87,16.04
2015-06-12,0.01,27.73,14.94,15.01
2015-06-13,0.0,28.35,14.33,16.48
2015-06-14,0.0,27.9,14.74,15.41
2015-06-15,2.51,23.24,16.17,8.52
2015-06-16,0.13,23.86,12.36,14.05
2015-06-17,0.0,28.58,15.85,12.48
2015-06-18,0.13,28.83,15.69,15.0
2015-06-19,0.26,21.66,13.61,10.8
2015-06-20,0.01,24.07,12.44,16.04
2015-06-21,0.0,25.93,12.61,15.77
2015-06-22,0.0,26.22,12.93,14.88
2015-06-23,0.0,26.14,12.52,14.27
2015-06-24,0.0,23.19,14.06,11.93
2015-06-25,0.0,24.54,12.11,14.55
2015-06-26,0.0,24.02,11.99,15.72
2015-06-27,0.02,23.84,10.55,16.76
2015-06-28,0.01,24.1,10.14,16.48
2015-06-29,0.0,24.96,11.44,14.79
2015-06-30,0.26,24.36,13.6,10.3
2015-07-01,2.85,24.53,13.9,5.51
2015-07-02,2.56,25.32,15.14,10.63
2015-07-03,0.37,27.05,14.36,9.88
2015-07-04,1.22,23.1,15.43,7.13
2015-07-05,0.11,21.4,11.36,9.8
2015-07-06,1.4,26.58,13.08,9.84
2015-07-07,11.81,19.85,16.38,3.82
2015-07-08,9.56,20.83,14.48,3.91
2015-07-09,0.61,22.64,13.22,11.4
2015-07-10,0.06,26.98,14.44,15.23
2015-07-11,0.08,27.76,14.03,14.64
2015-07-12,0.01,29.24,14.74,16.67
2015-07-13,0.0,29.67,16.01,16.48
2015-07-14,0.0,29.7,15.15,15.87
2015-07-15,0.0,29.53,16.91,13.98
2015-07-16,0.0,27.11,16.37,11.76
2015-07-17,0.01,24.6,14.92,10.59
2015-07-18,0.0,27.95,15.11,16.27
2015-07-19,0.0,27.88,13.83,17.14
2015-07-20,0.0,27.73,13.38,16.12
2015-07-21,0.04,26.8,15.64,12.52
2015-07-22,0.0,25.57,13.04,14.78
2015-07-23,0.0,27.58,14.16,12.55
2015-07-24,1.36,28.38,15.25,15.9
2015-07-25,2.54,26.95,15.7,6.32
2015-07-26,0.14,26.49,13.45,15.82
2015-07-27,0.02,26.86,11.71,17.43
2015-07-28,0.0,28.53,11.45,18.35
2015-07-29,0.0,28.33,12.5,18.56
2015-07-30,0.0,29.56,11.18,18.86
2015-07-31,0.0,29.88,12.66,18.8
2015-08-01,0.0,29.49,13.53,18.71
2015-08-02,0.0,30.06,13.67,18.86
2015-08-03,0.0,30.42,13.31,19.07
2015-08-04,0.0,30.21,13.57,19.27
2015-08-05,0.0,30.17,13.21,19.05
2015-08-06,0.0,30.5,13.41,18.85
2015-08-07,0.0,31.34,13.58,19.57
2015-08-08,0.0,31.72,13.55,19.39
2015-08-09,0.0,30.75,15.11,18.82
2015-08-10,0.0,30.63,15.83,19.54
2015-08-11,0.0,30.8,15.33,19.4
2015-08-12,0.0,29.5,13.0,20.53
2015-08-13,0.0,30.29,13.08,20.07
2015-08-14,0.0,29.76,13.36,20.29
2015-08-15,0.01,30.06,14.36,16.54
2015-08-16,0.0,31.21,13.94,19.8
2015-08-17,0.0,31.08,14.65,19.99
2015-08-18,0.0,29.36,16.82,13.77
2015-08-19,0.4,29.93,15.59,18.47
2015-08-20,0.0,27.48,12.04,21.1
2015-08-21,0.0,28.78,14.03,20.33
2015-08-22,0.0,30.52,13.28,21.28
2015-08-23,0.0,32.13,13.75,21.74
2015-08-24,2.82,27.11,15.95,16.41
2015-08-25,3.2,29.13,15.07,9.62
2015-08-26,2.08,31.86,14.85,19.19
2015-08-27,3.98,31.0,17.27,4.86
2015-08-28,0.38,29.23,15.12,14.22
2015-08-29,0.06,31.8,12.63,21.91
2015-08-30,0.0,34.55,14.59,21.49
2015-08-31,0.0,35.05,16.43,22.74
2015-09-01,0.0,34.65,16.39,20.76
2015-09-02,0.0,31.8,15.35,22.54
2015-09-03,0.0,33.51,14.15,21.87
2015-09-04,0.01,33.89,15.98,20.55
2015-09-05,1.67,25.86,16.58,12.8
2015-09-06,0.89,30.43,15.15,13.93
2015-09-07,17.45,29.71,19.23,5.84
2015-09-08,8.04,29.07,18.84,9.55
2015-09-09,29.92,27.06,16.42,10.49
2015-09-10,10.16,23.65,14.3,4.35
2015-09-11,28.85,26.88,15.29,4.94
2015-09-12,3.03,25.49,14.07,5.22
2015-09-13,2.21,26.07,13.42,15.87
2015-09-14,0.12,27.65,12.04,19.88
2015-09-15,0.08,32.24,14.52,22.16
2015-09-16,0.01,33.92,18.85,23.57
2015-09-17,0.0,34.55,19.38,24.03
2015-09-18,0.0,35.89,19.63,24.62
2015-09-19,0.0,36.06,17.94,21.84
2015-09-20,0.0,35.54,17.29,25.72
2015-09-21,0.0,35.24,16.22,26.12
2015-09-22,0.0,35.94,16.09,24.07
2015-09-23,0.0,36.39,17.01,25.76
2015-09-24,0.0,38.21,23.69,25.45
2015-09-25,6.74,35.05,21.32,17.46
2015-09-26,6.48,31.19,19.9,9.96
2015-09-27,6.1,33.09,18.97,17.78
2015-09-28,4.12,27.54,19.27,8.0
2015-09-29,4.84,27.74,19.38,11.96
2015-09-30,6.39,31.41,17.93,15.02
2015-10-01,1.48,31.79,18.5,13.72
2015-10-02,0.04,35.94,19.25,23.64
2015-10-03,0.51,29.16,20.58,12.82
2015-10-04,0.01,28.56,19.01,13.73
2015-10-05,0.0,31.43,16.25,25.54
2015-10-06,0.0,33.96,14.05,26.6
2015-10-07,0.0,37.35,16.94,25.76
2015-10-08,0.04,37.63,20.67,25.86
2015-10-09,6.67,36.44,21.43,24.07
2015-10-10,6.58,27.28,20.76,12.61
2015-10-11,0.0,32.82,20.0,18.59
2015-10-12,0.38,33.42,19.22,24.05
2015-10-13,0.39,32.05,18.55,23.69
2015-10-14,0.01,37.97,19.08,25.77
2015-10-15,0.0,39.16,19.49,26.96
2015-10-16,0.0,39.07,20.93,25.18
2015-10-17,0.01,39.15,20.52,23.39
2015-10-18,0.0,34.99,17.37,26.0
2015-10-19,0.0,38.06,16.53,25.24
2015-10-20,0.13,39.82,20.27,24.69
2015-10-21,0.01,38.94,22.83,17.68
2015-10-22,7.39,35.96,22.78,17.73
2015-10-23,4.09,35.11,21.36,18.96
2015-10-24,0.02,34.08,18.03,25.32
2015-10-25,2.18,33.85,18.18,25.69
2015-10-26,14.44,30.18,18.69,17.73
2015-10-27,9.21,31.8,19.87,18.66
2015-10-28,8.66,30.26,19.94,12.56
2015-10-29,0.14,32.5,18.16,26.32
2015-10-30,0.02,33.48,17.84,28.05
2015-10-31,11.96,31.07,21.5,14.35
2015-11-01,35.51,24.28,20.98,10.01
2015-11-02,18.11,27.71,19.78,18.68
2015-11-03,5.79,25.59,21.01,10.98
2015-11-04,13.14,26.54,20.52,19.13
2015-11-05,2.7,29.24,19.8,20.48
2015-11-06,2.33,29.76,18.46,24.4
2015-11-07,0.1,30.53,16.91,14.94
2015-11-08,1.9,30.98,18.25,19.79
2015-11-09,1.84,28.95,20.11,17.57
2015-11-10,0.1,33.26,20.46,24.43
2015-11-11,1.4,32.36,21.41,20.53
2015-11-12,0.31,33.69,21.58,26.12
2015-11-13,3.22,33.74,21.32,24.64
2015-11-14,11.03,30.17,21.43,23.04
2015-11-15,5.64,29.66,21.59,19.14
2015-11-16,9.05,26.62,20.89,21.85
2015-11-17,6.86,30.25,19.98,20.49
2015-11-18,3.5,30.23,20.38,25.68
2015-11-19,24.69,28.94,21.84,21.37
2015-11-20,4.48,25.87,21.08,9.85
2015-11-21,0.65,30.1,19.79,17.08
2015-11-22,2.21,31.87,18.58,22.29
2015-11-23,27.97,28.74,21.42,13.48
2015-11-24,23.44,24.91,21.34,3.11
2015-11-25,4.39,26.28,19.88,8.02
2015-11-26,0.1,29.55,18.72,23.7
2015-11-27,0.02,31.2,18.21,27.54
2015-11-28,7.73,28.07,21.04,22.8
2015-11-29,6.23,30.05,21.1,16.15
2015-11-30,11.45,26.99,18.23,20.56
2015-12-01,1.78,30.12,17.21,19.08
2015-12-02,9.77,28.15,19.84,19.67
2015-12-03,5.86,27.21,20.05,21.37
2015-12-04,4.77,28.55,19.83,22.69
2015-12-05,4.2,26.79,20.86,20.88
2015-12-06,8.28,28.14,20.31,17.59
2015-12-07,7.7,27.41,19.69,14.34
2015-12-08,5.26,29.2,19.59,22.61
2015-12-09,5.23,28.11,20.22,21.17
2015-12-10,6.2,27.08,20.9,11.31
2015-12-11,1.3,27.88,20.95,23.34
2015-12-12,3.59,29.38,21.1,26.26
2015-12-13,2.37,27.72,20.21,17.06
2015-12-14,1.34,29.75,19.98,25.95
2015-12-15,8.68,29.52,20.88,21.02
2015-12-16,2.45,27.08,20.17,18.55
2015-12-17,1.7,31.02,18.57,27.57
2015-12-18,0.62,31.47,20.21,28.52
2015-12-19,0.62,29.37,22.23,26.62
2015-12-20,1.0,28.11,20.85,18.05
2015-12-21,7.27,30.35,19.38,24.64
2015-12-22,2.8,29.6,20.64,23.26
2015-12-23,1.44,29.79,21.7,22.81
2015-12-24,2.22,30.69,21.05,22.85
2015-12-25,3.99,29.23,21.5,18.27
2015-12-26,6.43,25.88,20.95,23.35
2015-12-27,16.24,27.56,20.43,16.98
2015-12-28,24.34,24.91,20.63,12.96
2015-12-29,18.84,25.65,20.27,9.2
2015-12-30,6.18,25.75,20.12,11.32
2015-12-31,1.55,28.09,20.39,20.67
2016-01-01,6.18,26.11,21.45,21.64
2016-01-02,6.07,29.6,20.81,17.5
2016-01-03,14.15,28.12,20.37,11.5
2016-01-04,2.96,29.13,19.46,17.72
2016-01-05,0.35,29.98,19.46,26.43
2016-01-06,0.01,30.86,19.71,26.52
2016-01-07,0.02,31.41,20.22,24.59
2016-01-08,6.88,28.73,20.01,15.78
2016-01-09,13.56,26.25,21.26,12.84
2016-01-10,27.72,27.06,21.16,17.13
2016-01-11,28.71,26.42,21.43,11.88
2016-01-12,52.99,26.38,21.75,4.23
2016-01-13,61.69,28.36,21.66,7.82
2016-01-14,23.85,28.58,21.43,11.59
2016-01-15,40.91,27.94,20.65,8.7
2016-01-16,4.33,27.67,18.61,20.08
2016-01-17,0.79,27.89,16.06,20.03
2016-01-18,0.72,27.92,16.6,20.47
2016-01-19,0.35,27.88,17.24,14.15
2016-01-20,1.03,29.03,18.03,20.81
2016-01-21,0.07,28.19,17.61,24.04
2016-01-22,0.0,28.3,16.4,26.72
2016-01-23,0.22,29.61,16.58,26.02
2016-01-24,9.03,27.84,18.9,22.86
2016-01-25,11.16,29.49,20.29,27.6
2016-01-26,1.46,30.85,19.8,28.25
2016-01-27,6.38,28.54,21.38,18.2
2016-01-28,5.42,27.0,20.63,17.44
2016-01-29,9.73,24.94,20.77,12.93
2016-01-30,3.07,28.13,20.5,25.44
2016-01-31,0.16,30.01,20.27,28.77
2016-02-01,0.1,31.33,19.09,28.68
2016-02-02,0.18,31.48,19.65,29.11
2016-02-03,1.53,30.79,21.01,25.82
2016-02-04,1.78,26.52,21.72,23.61
2016-02-05,1.76,29.73,20.93,26.32
2016-02-06,1.9,31.05,20.81,17.12
2016-02-07,8.09,27.78,21.01,19.86
2016-02-08,6.63,29.11,20.65,20.78
2016-02-09,0.21,30.93,19.55,27.39
2016-02-10,0.58,30.66,19.85,27.11
2016-02-11,17.48,27.19,19.33,18.47
2016-02-12,2.47,29.86,17.78,22.95
2016-02-13,0.39,31.11,17.61,24.5
2016-02-14,0.45,32.29,20.32,24.28
2016-02-15,6.46,26.62,21.78,24.06
2016-02-16,23.76,26.61,21.32,15.76
2016-02-17,5.32,29.07,20.69,20.97
2016-02-18,8.17,30.75,20.22,22.13
2016-02-19,3.91,28.92,21.65,21.56
2016-02-20,16.54,26.53,21.38,21.04
2016-02-21,6.36,26.44,20.68,13.66
2016-02-22,10.41,26.59,19.98,12.07
2016-02-23,1.85,25.73,20.08,13.59
2016-02-24,4.73,27.9,19.65,13.3
2016-02-25,3.27,29.49,19.09,18.17
2016-02-26,11.78,28.66,19.77,23.28
2016-02-27,16.15,26.25,21.27,16.69
2016-02-28,10.11,26.0,21.37,18.65
2016-02-29,2.98,26.1,18.95,15.62
2016-03-01,7.42,24.0,17.86,12.42
2016-03-02,5.15,27.13,18.61,14.2
2016-03-03,15.38,26.58,19.94,14.31
2016-03-04,14.23,27.94,20.85,13.63
2016-03-05,4.12,28.35,19.7,19.23
2016-03-06,7.59,30.02,18.86,20.34
2016-03-07,7.28,28.25,20.19,20.41
2016-03-08,0.85,30.46,20.06,22.92
2016-03-09,2.74,27.03,21.3,22.67
2016-03-10,16.27,27.24,21.16,13.46
2016-03-11,11.89,28.86,20.36,15.77
2016-03-12,0.04,28.26,17.31,18.14
2016-03-13,0.02,28.34,17.69,20.64
2016-03-14,2.35,28.85,18.34,23.57
2016-03-15,10.46,28.01,19.3,17.25
2016-03-16,7.77,26.47,19.97,16.27
2016-03-17,2.92,28.21,18.66,20.59
2016-03-18,0.37,29.31,17.94,23.56
2016-03-19,0.01,30.47,18.6,25.75
2016-03-20,0.0,30.01,16.44,23.37
2016-03-21,0.01,29.77,18.96,23.62
2016-03-22,6.77,29.74,19.52,17.96
2016-03-23,7.13,27.41,20.59,20.35
2016-03-24,3.38,24.4,19.94,15.65
2016-03-25,6.71,27.22,20.27,10.93
2016-03-26,6.77,27.59,20.16,16.95
2016-03-27,2.23,28.72,20.35,19.87
2016-03-28,2.23,29.88,20.52,19.72
2016-03-29,0.93,29.22,20.03,20.39
2016-03-30,0.03,26.73,20.15,18.71
2016-03-31,0.23,28.0,19.67,20.01
2016-04-01,0.02,29.2,18.69,21.83
2016-04-02,0.12,30.24,18.52,22.45
2016-04-03,0.01,31.55,18.71,22.53
2016-04-04,0.0,30.68,18.66,22.02
2016-04-05,0.0,29.86,19.56,22.06
2016-04-06,0.01,29.6,17.73,22.93
2016-04-07,0.0,31.01,18.58,23.12
2016-04-08,0.01,30.55,17.94,22.3
2016-04-09,0.02,30.83,17.65,22.62
2016-04-10,0.0,30.99,17.89,22.13
2016-04-11,0.03,29.86,19.17,20.62
2016-04-12,0.02,29.35,19.55,21.29
2016-04-13,0.47,29.43,19.6,21.28
2016-04-14,0.5,29.6,18.59,20.95
2016-04-15,0.28,29.92,18.68,20.5
2016-04-16,0.0,29.69,18.22,21.12
2016-04-17,0.0,29.49,17.3,21.95
2016-04-18,0.0,29.46,17.88,21.13
2016-04-19,0.0,29.04,17.59,20.46
2016-04-20,0.0,29.24,18.31,19.87
2016-04-21,0.0,29.08,16.83,19.93
2016-04-22,0.0,29.76,19.02,19.79
2016-04-23,0.02,29.34,17.53,19.1
2016-04-24,0.0,29.08,17.22,20.46
2016-04-25,0.27,28.65,17.64,18.73
2016-04-26,6.63,25.52,18.36,8.9
2016-04-27,3.42,20.83,11.38,5.97
2016-04-28,0.04,22.27,9.49,14.6
2016-04-29,0.2,22.46,11.81,8.73
2016-04-30,0.07,22.21,11.55,18.24
2016-05-01,0.01,21.82,10.44,20.52
2016-05-02,0.0,22.81,8.79,18.77
2016-05-03,0.0,25.84,8.98,19.78
2016-05-04,0.0,25.28,11.03,19.11
2016-05-05,0.0,25.43,11.94,18.92
2016-05-06,0.0,26.28,12.4,18.41
2016-05-07,0.0,26.02,13.6,14.22
2016-05-08,0.0,27.77,15.26,14.9
2016-05-09,0.05,28.86,15.83,14.74
2016-05-10,0.61,26.45,17.2,8.92
2016-05-11,4.46,24.52,16.76,12.05
2016-05-12,0.18,25.73,15.94,13.48
2016-05-13,0.0,24.12,14.88,11.15
2016-05-14,0.0,25.46,14.24,17.2
2016-05-15,2.99,27.27,14.15,17.18
2016-05-16,10.66,27.28,17.25,14.96
2016-05-17,6.16,23.43,15.24,9.15
2016-05-18,7.32,21.62,14.63,9.97
2016-05-19,1.28,21.77,14.97,11.37
2016-05-20,20.38,27.41,14.74,14.97
2016-05-21,7.51,24.68,17.06,7.85
2016-05-22,0.79,26.18,16.65,16.7
2016-05-23,0.32,20.49,10.77,10.26
2016-05-24,0.06,21.1,7.75,18.17
2016-05-25,0.03,24.35,11.01,16.84
2016-05-26,0.01,25.02,12.66,16.47
2016-05-27,0.0,23.64,14.32,15.27
2016-05-28,0.11,25.36,13.73,15.94
2016-05-29,2.17,25.05,14.3,5.95
2016-05-30,30.35,23.64,15.24,4.81
2016-05-31,3.94,24.59,15.76,8.54
2016-06-01,20.34,23.28,17.77,14.05
2016-06-02,20.73,22.97,15.71,11.61
2016-06-03,18.7,21.37,13.33,5.62
2016-06-04,10.83,22.39,14.94,7.48
2016-06-05,2.79,25.5,17.63,9.34
2016-06-06,10.93,24.58,17.51,10.71
2016-06-07,5.7,21.39,14.2,4.39
2016-06-08,1.12,20.07,10.01,13.44
2016-06-09,0.03,19.53,6.49,15.17
2016-06-10,0.0,20.37,6.56,12.59
2016-06-11,0.0,18.67,6.43,16.77
2016-06-12,0.02,17.51,4.19,17.18
2016-06-13,0.0,18.18,3.13,16.23
2016-06-14,0.01,21.67,6.41,16.45
2016-06-15,0.01,23.91,8.7,15.56
2016-06-16,0.02,24.15,10.17,16.67
2016-06-17,0.0,23.99,10.01,15.2
2016-06-18,0.0,24.38,9.72,16.33
2016-06-19,0.0,24.33,10.0,16.05
2016-06-20,0.03,23.01,10.45,16.18
2016-06-21,0.02,22.02,11.28,14.15
2016-06-22,1.97,23.7,12.6,14.05
2016-06-23,0.34,23.76,12.74,13.74
2016-06-24,0.01,23.91,12.22,15.26
2016-06-25,0.01,24.28,12.1,15.52
2016-06-26,0.01,23.23,12.53,16.11
2016-06-27,0.0,22.92,9.78,16.81
2016-06-28,0.0,23.23,9.67,16.45
2016-06-29,0.0,24.43,11.18,14.97
2016-06-30,0.0,24.15,13.1,13.55
2016-07-01,0.0,25.05,13.01,15.07
2016-07-02,0.0,25.22,12.49,16.53
2016-07-03,0.0,25.8,12.56,15.86
2016-07-04,0.0,25.46,12.65,16.56
2016-07-05,0.0,25.42,11.8,14.64
2016-07-06,0.0,25.97,14.17,11.02
2016-07-07,0.0,21.95,9.9,16.33
2016-07-08,0.0,22.14,6.66,17.73
2016-07-09,0.0,24.26,6.82,17.37
2016-07-10,0.0,27.15,12.62,16.97
2016-07-11,0.0,27.97,13.56,17.16
2016-07-12,0.06,27.94,13.19,17.28
2016-07-13,0.0,28.38,13.97,17.15
2016-07-14,0.0,27.74,13.08,17.33
2016-07-15,0.0,27.95,14.75,16.99
2016-07-16,2.65,26.57,12.21,13.32
2016-07-17,0.05,19.9,6.49,18.04
2016-07-18,0.0,20.6,3.5,18.3
2016-07-19,0.0,20.76,6.69,16.75
2016-07-20,0.0,22.75,8.13,17.59
2016-07-21,0.02,22.56,9.51,16.01
2016-07-22,0.0,22.41,9.39,17.85
2016-07-23,0.02,26.11,9.53,16.85
2016-07-24,0.0,28.07,11.57,17.43
2016-07-25,0.0,27.89,12.7,18.47
2016-07-26,0.0,27.61,11.37,15.84
2016-07-27,0.0,27.59,13.63,16.8
2016-07-28,0.0,25.3,10.49,17.47
2016-07-29,0.0,25.08,10.94,15.67
2016-07-30,0.0,26.89,12.3,16.35
2016-07-31,0.0,26.89,12.34,17.55
2016-08-01,0.0,26.91,12.26,16.13
2016-08-02,0.0,26.82,13.43,18.15
2016-08-03,0.0,27.1,12.8,17.95
2016-08-04,0.0,27.97,12.93,16.76
2016-08-05,0.0,28.85,13.91,16.53
2016-08-06,0.0,29.6,14.55,19.28
2016-08-07,0.0,30.45,14.21,17.73
2016-08-08,0.0,30.72,14.17,18.39
2016-08-09,0.0,28.15,14.7,18.14
2016-08-10,0.06,22.56,13.45,4.79
2016-08-11,0.0,21.63,8.05,20.91
2016-08-12,0.02,24.53,9.3,21.47
2016-08-13,0.0,28.03,8.77,21.34
2016-08-14,0.0,31.12,12.58,20.05
2016-08-15,0.65,31.5,14.64,15.08
2016-08-16,5.62,29.44,15.76,9.85
2016-08-17,0.01,30.39,14.51,20.21
2016-08-18,0.1,31.82,16.57,18.85
2016-08-19,0.92,32.88,16.81,19.6
2016-08-20,16.96,29.89,18.75,5.47
2016-08-21,7.89,21.08,10.47,4.32
2016-08-22,0.06,20.06,8.76,19.01
2016-08-23,0.01,25.71,8.63,21.85
2016-08-24,0.0,29.41,11.39,21.03
2016-08-25,0.0,30.02,13.0,21.79
2016-08-26,0.0,29.65,11.9,22.78
2016-08-27,0.0,30.53,11.73,22.33
2016-08-28,0.0,32.02,13.1,21.61
2016-08-29,0.0,33.03,15.38,21.67
2016-08-30,8.89,28.46,17.26,16.91
2016-08-31,6.37,20.97,13.66,4.78
2016-09-01,0.13,27.81,12.38,16.52
2016-09-02,0.02,31.0,13.93,20.38
2016-09-03,0.02,28.82,18.09,16.5
2016-09-04,0.01,27.51,16.9,12.0
2016-09-05,1.73,30.39,15.85,19.18
2016-09-06,4.55,22.19,16.59,6.2
2016-09-07,0.02,23.96,13.51,13.09
2016-09-08,0.0,27.14,10.2,24.12
2016-09-09,0.23,28.93,11.2,22.88
2016-09-10,0.0,31.85,14.14,21.78
2016-09-11,0.0,32.95,15.34,21.58
2016-09-12,0.0,34.15,16.45,22.46
2016-09-13,0.0,34.24,18.67,18.98
2016-09-14,0.0,29.29,15.22,15.56
2016-09-15,0.0,30.5,12.05,20.43
2016-09-16,0.01,28.34,13.18,21.26
2016-09-17,0.08,35.24,15.31,20.54
2016-09-18,0.01,36.35,17.42,20.66
2016-09-19,1.83,34.71,18.63,20.22
2016-09-20,2.24,28.38,14.37,19.06
2016-09-21,0.0,26.87,9.79,26.82
2016-09-22,0.0,30.71,12.04,26.5
2016-09-23,0.0,33.81,12.96,24.86
2016-09-24,0.0,31.79,14.48,23.36
2016-09-25,0.0,29.15,14.45,18.1
2016-09-26,0.0,29.33,12.2,25.6
2016-09-27,0.0,30.94,11.96,26.77
2016-09-28,0.0,33.75,11.8,25.5
2016-09-29,0.0,33.91,13.74,27.37
2016-09-30,0.0,31.32,14.52,26.43
2016-10-01,0.0,30.17,14.45,21.64
2016-10-02,0.0,31.85,14.32,24.55
2016-10-03,5.03,31.07,15.9,17.21
2016-10-04,0.74,26.85,16.05,12.51
2016-10-05,0.01,28.55,15.12,21.31
2016-10-06,0.09,27.79,14.42,21.38
2016-10-07,0.02,27.54,11.29,27.6
2016-10-08,0.0,31.17,13.46,28.25
2016-10-09,0.0,33.36,14.78,27.46
2016-10-10,0.0,33.54,15.29,26.47
2016-10-11,9.19,34.12,17.36,20.83
2016-10-12,4.29,28.02,18.63,24.15
2016-10-13,9.63,27.39,19.65,14.05
2016-10-14,10.16,30.19,17.55,11.17
2016-10-15,1.91,32.2,19.62,20.5
2016-10-16,0.43,34.79,19.63,23.71
2016-10-17,1.37,36.96,21.31,26.74
2016-10-18,2.31,35.35,21.45,21.69
2016-10-19,0.31,35.89,21.32,25.44
2016-10-20,3.15,30.61,21.6,19.97
2016-10-21,4.6,29.94,20.58,19.93
2016-10-22,13.46,29.11,17.63,17.01
2016-10-23,3.35,31.65,17.15,20.45
2016-10-24,12.54,32.55,19.86,19.24
2016-10-25,12.25,26.03,20.81,13.82
2016-10-26,9.37,30.24,20.12,22.4
2016-10-27,6.54,27.17,17.81,15.77
2016-10-28,0.0,28.38,14.38,29.91
2016-10-29,0.02,28.93,11.51,30.1
2016-10-30,0.03,31.43,14.09,27.18
2016-10-31,8.05,30.18,16.63,25.74
2016-11-01,1.02,28.64,19.12,16.94
2016-11-02,3.51,30.72,18.61,21.48
2016-11-03,5.55,26.73,18.94,15.64
2016-11-04,0.74,28.87,16.64,14.71
2016-11-05,1.89,30.79,17.03,23.29
2016-11-06,7.73,28.6,18.62,23.6
2016-11-07,0.21,29.95,17.39,26.63
2016-11-08,0.35,31.25,17.58,28.2
2016-11-09,11.03,31.81,19.09,22.56
2016-11-10,1.99,33.17,19.6,26.49
2016-11-11,3.73,33.24,19.92,26.58
2016-11-12,5.04,26.17,17.4,19.66
2016-11-13,26.53,23.53,16.97,6.88
2016-11-14,13.39,24.02,17.79,11.18
2016-11-15,0.28,29.67,16.51,21.55
2016-11-16,0.49,30.79,17.95,26.07
2016-11-17,0.62,31.74,19.4,23.34
2016-11-18,0.16,29.71,14.81,20.51
2016-11-19,0.02,26.99,12.35,30.62
2016-11-20,0.0,30.28,11.03,31.5
2016-11-21,0.1,31.25,14.3,20.8
2016-11-22,4.73,29.07,20.32,18.46
2016-11-23,1.48,31.21,19.23,15.85
2016-11-24,0.02,32.52,19.05,23.98
2016-11-25,2.02,32.24,19.19,25.51
2016-11-26,4.66,29.78,20.64,19.12
2016-11-27,0.67,31.05,20.43,23.53
2016-11-28,6.74,27.16,21.48,24.18
2016-11-29,6.83,27.96,17.91,21.3
2016-11-30,0.3,26.3,16.14,19.63
2016-12-01,0.68,26.8,15.49,20.69
2016-12-02,1.85,30.35,18.61,24.15
2016-12-03,1.7,27.31,20.24,16.49
2016-12-04,4.43,30.59,20.02,11.61
2016-12-05,1.54,31.89,16.46,24.58
2016-12-06,0.09,34.19,16.44,28.45
2016-12-07,7.28,33.24,19.54,27.41
2016-12-08,21.39,28.29,20.92,26.49
2016-12-09,9.03,29.23,20.37,20.1
2016-12-10,4.62,27.14,19.98,22.45
2016-12-11,10.62,27.68,20.84,15.24
2016-12-12,6.36,29.56,20.88,19.91
2016-12-13,4.73,29.44,21.84,17.08
2016-12-14,2.2,31.04,19.59,17.65
2016-12-15,0.48,24.19,16.59,18.88
2016-12-16,0.06,27.96,14.57,19.34
2016-12-17,0.54,29.34,17.45,27.34
2016-12-18,1.44,30.4,18.48,27.58
2016-12-19,10.44,26.66,18.54,21.82
2016-12-20,1.82,28.12,18.69,22.43
2016-12-21,4.18,27.06,19.28,21.68
2016-12-22,2.42,26.29,20.04,26.15
2016-12-23,4.09,29.83,19.62,26.97
2016-12-24,1.85,32.35,20.06,23.56
2016-12-25,7.09,32.98,19.6,27.72
2016-12-26,2.17,33.17,20.41,28.3
2016-12-27,0.92,32.59,20.85,28.15
2016-12-28,1.9,33.1,20.69,27.8
2016-12-29,3.24,29.74,21.19,26.91
2016-12-30,2.27,29.57,21.06,29.62
2016-12-31,1.89,29.69,20.83,21.59
2017-01-01,0.88,32.8,20.12,27.99
2017-01-02,0.61,30.21,20.95,22.6
2017-01-03,3.43,28.13,21.27,25.16
2017-01-04,1.35,31.21,20.32,16.45
2017-01-05,4.26,28.21,20.36,11.43
2017-01-06,5.94,28.83,21.19,25.78
2017-01-07,0.76,32.5,21.15,26.72
2017-01-08,1.04,32.31,20.74,26.29
2017-01-09,6.72,30.11,22.71,20.7
2017-01-10,26.29,28.59,21.67,18.99
2017-01-11,8.67,27.66,21.66,19.65
2017-01-12,16.22,26.89,20.9,17.68
2017-01-13,1.3,26.44,20.06,11.82
2017-01-14,5.86,30.25,18.81,24.15
2017-01-15,9.93,28.8,20.69,20.88
2017-01-16,10.16,26.32,19.89,19.97
2017-01-17,22.66,25.13,19.32,13.84
2017-01-18,21.09,24.59,20.37,8.54
2017-01-19,22.25,24.81,19.59,15.51
2017-01-20,22.76,24.55,18.62,15.64
2017-01-21,3.85,24.91,18.58,17.34
2017-01-22,6.82,24.68,18.7,13.96
2017-01-23,3.91,26.12,18.64,15.7
2017-01-24,6.55,28.56,18.86,24.3
2017-01-25,6.34,26.25,20.27,19.19
2017-01-26,9.87,25.02,20.04,12.88
2017-01-27,4.65,25.59,19.19,13.38
2017-01-28,13.31,27.97,20.08,28.03
2017-01-29,2.04,29.6,19.63,28.16
2017-01-30,0.65,27.41,19.39,24.29
2017-01-31,17.8,23.75,20.31,16.79
2017-02-01,7.92,26.71,19.05,17.53
2017-02-02,19.11,26.24,19.46,20.13
2017-02-03,3.0,24.89,19.66,16.64
2017-02-04,3.64,28.96,19.03,27.03
2017-02-05,2.96,30.59,20.53,24.94
2017-02-06,5.23,29.22,22.02,25.65
2017-02-07,2.25,29.78,21.04,26.9
2017-02-08,0.18,30.91,19.78,25.46
2017-02-09,0.03,30.46,18.99,26.85
2017-02-10,0.0,29.86,18.08,26.36
2017-02-11,0.63,28.78,19.92,23.27
2017-02-12,1.0,28.22,21.11,25.18
2017-02-13,0.05,28.45,20.54,27.26
2017-02-14,0.08,29.42,19.56,26.41
2017-02-15,0.0,29.41,18.82,26.88
2017-02-16,1.68,30.33,19.46,25.39
2017-02-17,2.51,27.8,21.3,21.35
2017-02-18,9.81,26.95,20.61,24.51
2017-02-19,0.36,30.82,20.46,27.25
2017-02-20,0.25,31.82,20.74,27.77
2017-02-21,0.03,30.48,20.83,27.43
2017-02-22,0.02,29.36,20.16,25.82
2017-02-23,0.41,30.14,19.59,26.04
2017-02-24,8.72,25.99,19.76,19.44
2017-02-25,2.93,25.97,18.41,11.32
2017-02-26,9.82,26.5,18.73,17.32
2017-02-27,2.27,27.89,18.97,24.0
2017-02-28,0.41,27.45,20.1,22.89
2017-03-01,1.67,28.79,18.73,19.35
2017-03-02,13.06,26.35,21.12,16.74
2017-03-03,12.6,27.15,19.61,17.12
2017-03-04,7.31,27.83,20.68,21.11
2017-03-05,13.39,26.71,19.88,15.41
2017-03-06,11.7,26.3,20.88,19.7
2017-03-07,7.3,30.12,20.04,19.54
2017-03-08,2.69,30.21,21.0,21.48
2017-03-09,0.49,30.3,20.77,23.78
2017-03-10,0.79,29.94,21.28,24.33
2017-03-11,2.17,29.54,20.45,23.38
2017-03-12,0.68,29.87,21.3,24.79
2017-03-13,1.03,28.87,21.03,23.69
2017-03-14,5.39,28.73,19.86,24.11
2017-03-15,10.19,26.21,20.42,23.19
2017-03-16,0.02,29.72,18.14,24.78
2017-03-17,0.16,30.5,18.91,22.67
2017-03-18,22.43,26.05,18.3,17.56
2017-03-19,3.12,25.97,17.65,13.49
2017-03-20,0.14,27.64,16.76,21.75
2017-03-21,0.0,27.57,15.98,25.4
2017-03-22,0.0,29.09,15.9,24.93
2017-03-23,0.0,28.45,16.97,22.76
2017-03-24,0.0,29.72,17.55,22.87
2017-03-25,0.11,30.29,18.16,22.67
2017-03-26,0.37,29.0,18.22,23.74
2017-03-27,0.08,28.63,17.41,12.32
2017-03-28,0.01,26.66,18.08,16.73
2017-03-29,0.01,26.64,16.26,24.21
2017-03-30,0.0,27.84,15.43,23.66
2017-03-31,0.0,26.77,15.82,23.46
2017-04-01,0.0,26.25,14.12,24.51
2017-04-02,0.0,27.29,14.74,24.54
2017-04-03,0.0,27.74,15.2,21.11
2017-04-04,0.0,30.04,15.56,22.1
2017-04-05,4.5,30.88,17.69,21.06
2017-04-06,14.87,27.02,20.54,9.87
2017-04-07,17.58,26.06,19.99,14.29
2017-04-08,10.16,29.43,19.59,18.15
2017-04-09,0.26,27.5,19.0,18.92
2017-04-10,0.33,29.63,19.43,19.49
2017-04-11,0.72,28.1,20.06,19.03
2017-04-12,0.98,25.65,17.66,16.13
2017-04-13,0.01,26.75,16.5,20.43
2017-04-14,0.0,29.72,16.67,20.85
2017-04-15,0.06,30.08,17.28,20.8
2017-04-16,0.5,29.47,17.02,19.42
2017-04-17,0.35,28.38,18.02,12.35
2017-04-18,0.04,27.24,16.31,17.8
2017-04-19,0.01,26.91,16.54,19.36
2017-04-20,7.3,28.78,18.54,17.59
2017-04-21,26.04,23.39,16.78,9.32
2017-04-22,0.3,24.61,14.41,18.36
2017-04-23,0.03,25.39,14.74,20.14
2017-04-24,0.08,27.65,15.07,19.8
2017-04-25,1.53,28.31,17.04,18.96
2017-04-26,4.91,25.68,19.68,10.04
2017-04-27,27.54,24.53,17.33,8.04
2017-04-28,0.14,23.05,13.38,12.23
2017-04-29,0.01,24.74,13.86,13.95
2017-04-30,0.01,25.0,15.06,17.9
2017-05-01,0.0,24.82,14.72,18.59
2017-05-02,0.0,26.58,15.55,12.16
2017-05-03,0.0,27.63,14.41,18.88
2017-05-04,2.18,26.86,15.01,13.71
2017-05-05,15.36,26.57,16.98,7.01
2017-05-06,5.6,25.67,16.14,18.26
2017-05-07,0.04,25.15,15.11,18.52
2017-05-08,0.07,25.96,14.25,19.69
2017-05-09,0.02,25.79,14.42,19.8
2017-05-10,0.01,26.19,14.69,18.68
2017-05-11,0.0,24.56,15.43,18.1
2017-05-12,0.0,26.89,13.89,18.31
2017-05-13,0.02,27.87,14.34,17.85
2017-05-14,2.59,26.07,17.38,6.44
2017-05-15,0.61,26.91,17.09,12.59
2017-05-16,0.15,23.68,15.26,12.07
2017-05-17,0.09,26.08,14.15,14.02
2017-05-18,16.92,26.73,15.75,8.6
2017-05-19,39.89,24.77,18.77,4.6
2017-05-20,11.26,23.2,18.32,12.79
2017-05-21,14.1,24.61,17.97,8.18
2017-05-22,18.28,25.97,16.76,9.83
2017-05-23,0.09,23.4,13.1,14.23
2017-05-24,0.43,25.54,14.0,16.16
2017-05-25,0.13,26.64,16.29,16.53
2017-05-26,0.02,27.16,17.17,15.6
2017-05-27,0.01,27.26,16.36,15.22
2017-05-28,0.0,26.07,16.33,14.36
2017-05-29,0.01,26.31,14.48,15.72
2017-05-30,0.0,25.71,14.72,15.83
2017-05-31,0.06,25.26,14.55,15.89
2017-06-01,0.19,21.7,13.19,5.27
2017-06-02,0.0,21.2,9.54,16.71
2017-06-03,0.01,24.34,9.18,17.41
2017-06-04,0.06,28.07,12.72,16.51
2017-06-05,5.13,27.87,15.84,12.0
2017-06-06,0.73,28.0,15.82,14.57
2017-06-07,0.37,28.03,15.75,16.45
2017-06-08,0.01,27.94,14.83,16.26
2017-06-09,0.73,21.36,10.03,9.96
2017-06-10,0.01,19.51,7.03,17.07
2017-06-11,0.01,22.25,5.19,17.21
2017-06-12,2.34,21.13,10.52,6.59
2017-06-13,2.86,21.88,12.19,9.67
2017-06-14,0.31,23.97,14.2,14.44
2017-06-15,0.06,24.18,13.2,16.26
2017-06-16,0.02,24.38,12.03,16.49
2017-06-17,0.03,25.84,12.03,15.95
2017-06-18,0.01,25.52,11.71,11.81
2017-06-19,0.0,25.83,15.37,15.77
2017-06-20,0.0,23.56,14.04,13.07
2017-06-21,0.0,24.62,12.9,16.16
2017-06-22,0.0,25.21,13.32,16.5
2017-06-23,0.02,25.05,13.03,16.67
2017-06-24,0.01,24.83,11.98,16.5
2017-06-25,0.0,23.86,12.4,17.15
2017-06-26,0.01,24.52,9.46,16.95
2017-06-27,0.0,24.51,12.18,15.42
2017-06-28,0.0,25.86,11.44,16.06
2017-06-29,0.0,26.11,12.26,16.37
2017-06-30,0.0,25.57,11.67,16.38
2017-07-01,0.0,24.79,11.88,15.84
2017-07-02,0.0,20.76,11.9,14.92
2017-07-03,0.0,20.73,10.13,16.17
2017-07-04,0.0,20.58,7.9,17.1
2017-07-05,0.0,21.69,9.27,16.86
2017-07-06,0.02,23.01,9.72,15.53
2017-07-07,0.02,24.16,10.85,11.66
2017-07-08,0.0,23.92,11.68,13.53
2017-07-09,0.0,24.98,12.09,16.53
2017-07-10,0.0,25.55,11.33,15.37
2017-07-11,0.0,26.7,11.67,16.53
2017-07-12,0.0,26.84,11.26,17.25
2017-07-13,0.0,26.87,11.88,17.35
2017-07-14,0.0,26.55,11.66,17.5
2017-07-15,0.0,26.09,11.16,16.07
2017-07-16,0.0,26.44,11.31,16.72
2017-07-17,0.0,27.21,11.09,17.89
2017-07-18,0.0,19.79,8.77,7.05
2017-07-19,0.06,21.4,7.69,14.75
2017-07-20,0.0,25.57,10.42,15.72
2017-07-21,0.0,26.46,11.97,16.16
2017-07-22,0.0,25.62,10.75,18.04
2017-07-23,0.0,27.65,10.56,18.05
2017-07-24,0.0,26.75,11.35,18.39
2017-07-25,0.0,27.42,11.69,17.74
2017-07-26,0.0,27.06,11.76,18.72
2017-07-27,0.0,26.99,10.84,18.9
2017-07-28,0.0,26.33,10.1,18.71
2017-07-29,0.0,26.7,11.11,18.71
2017-07-30,0.0,26.2,12.71,16.5
2017-07-31,0.0,25.28,10.31,15.19
2017-08-01,0.0,26.24,10.27,16.15
2017-08-02,0.0,27.81,10.88,16.72
2017-08-03,0.09,22.49,11.5,13.51
2017-08-04,0.0,22.72,10.08,16.93
2017-08-05,0.0,23.98,11.28,18.74
2017-08-06,0.0,26.1,10.16,19.59
2017-08-07,0.0,29.29,10.6,18.44
2017-08-08,0.0,30.75,14.39,15.47
2017-08-09,0.01,32.32,16.3,17.71
2017-08-10,0.0,31.27,15.37,19.49
2017-08-11,0.0,29.92,12.27,19.24
2017-08-12,0.0,32.81,13.73,19.23
2017-08-13,0.02,33.26,16.77,17.37
2017-08-14,0.01,28.02,15.7,11.03
2017-08-15,1.21,29.59,14.39,13.55
2017-08-16,3.6,30.05,16.33,8.56
2017-08-17,8.39,23.97,15.82,4.34
2017-08-18,2.6,22.91,15.64,4.63
2017-08-19,1.79,28.9,15.88,13.97
2017-08-20,9.17,29.18,17.42,12.48
2017-08-21,0.16,22.17,11.96,13.76
2017-08-22,0.07,27.24,11.37,20.46
2017-08-23,0.0,29.75,13.97,18.65
2017-08-24,0.0,28.84,14.19,21.5
2017-08-25,0.0,29.92,13.02,20.53
2017-08-26,0.0,30.91,13.1,22.26
2017-08-27,0.0,31.8,13.45,22.53
2017-08-28,0.0,32.25,13.28,22.98
2017-08-29,0.0,33.49,12.83,23.08
2017-08-30,0.0,34.41,14.27,23.29
2017-08-31,0.0,31.04,15.67,22.56
2017-09-01,0.0,31.76,14.26,20.32
2017-09-02,0.0,31.71,15.81,22.46
2017-09-03,0.0,31.78,13.44,23.59
2017-09-04,0.0,31.75,13.78,23.97
2017-09-05,0.0,32.11,13.34,24.27
2017-09-06,0.0,32.82,12.68,23.66
2017-09-07,0.0,33.22,13.85,23.18
2017-09-08,0.0,33.76,14.42,24.2
2017-09-09,0.0,33.6,16.13,23.18
2017-09-10,0.0,34.09,16.13,24.58
2017-09-11,0.0,35.01,18.16,24.21
2017-09-12,0.0,35.69,18.03,24.73
2017-09-13,0.0,35.05,16.71,24.79
2017-09-14,0.01,35.45,17.18,25.28
2017-09-15,0.0,35.76,17.38,25.13
2017-09-16,0.0,35.75,15.91,25.26
2017-09-17,0.0,35.66,15.83,25.08
2017-09-18,0.0,34.95,15.84,23.8
2017-09-19,0.0,35.02,17.1,23.71
2017-09-20,0.0,34.92,16.65,25.35
2017-09-21,0.0,34.39,16.21,25.73
2017-09-22,0.0,34.18,17.88,20.11
2017-09-23,0.0,34.52,19.14,23.73
2017-09-24,0.0,33.82,18.12,21.77
2017-09-25,0.0,33.48,16.11,24.48
2017-09-26,0.01,32.12,16.53,23.89
2017-09-27,0.09,34.55,17.96,21.48
2017-09-28,0.0,35.76,18.52,24.41
2017-09-29,10.72,32.61,18.48,17.54
2017-09-30,13.94,26.61,17.94,7.91
2017-10-01,4.92,29.64,15.67,24.92
2017-10-02,10.71,31.49,15.81,5.75
2017-10-03,6.9,23.21,14.89,12.13
2017-10-04,0.0,29.66,12.88,16.62
2017-10-05,0.03,34.56,16.99,26.45
2017-10-06,0.36,35.4,19.76,25.48
2017-10-07,2.26,30.14,20.18,16.05
2017-10-08,0.13,34.77,18.12,19.39
2017-10-09,0.02,36.43,20.38,22.48
2017-10-10,0.69,37.17,20.57,24.11
2017-10-11,1.18,36.83,21.94,22.77
2017-10-12,5.97,37.43,21.13,26.67
2017-10-13,0.07,38.03,20.66,27.45
2017-10-14,0.25,38.36,20.8,24.98
2017-10-15,0.0,34.86,18.59,26.28
2017-10-16,0.0,35.01,17.02,26.03
2017-10-17,0.0,35.55,19.53,24.87
2017-10-18,0.0,36.47,20.09,26.47
2017-10-19,0.0,35.92,21.44,26.32
2017-10-20,0.1,34.39,20.63,18.67
2017-10-21,0.39,36.13,20.63,13.81
2017-10-22,6.36,28.65,20.12,7.09
2017-10-23,0.38,28.85,17.9,10.73
2017-10-24,0.01,32.89,15.7,22.75
2017-10-25,7.21,31.88,19.74,26.63
2017-10-26,3.36,35.24,19.89,18.98
2017-10-27,20.52,32.6,20.47,16.84
2017-10-28,5.01,29.82,20.23,22.26
2017-10-29,5.19,26.22,20.63,14.2
2017-10-30,5.11,29.7,18.86,12.19
2017-10-31,6.76,29.34,17.89,19.05
2017-11-01,1.13,30.19,14.81,25.63
2017-11-02,1.24,31.87,14.84,27.13
2017-11-03,18.97,31.16,17.92,26.23
2017-11-04,18.39,27.7,20.78,19.56
2017-11-05,2.65,27.06,19.7,11.5
2017-11-06,0.06,24.92,17.05,19.37
2017-11-07,0.01,26.83,15.57,21.56
2017-11-08,2.25,30.58,17.76,22.49
2017-11-09,6.87,27.41,19.49,20.38
2017-11-10,12.08,29.26,18.72,22.82
2017-11-11,9.56,30.0,18.18,16.86
2017-11-12,0.0,30.66,14.9,30.25
2017-11-13,0.07,31.51,14.25,28.22
2017-11-14,0.02,32.78,12.49,30.94
2017-11-15,0.03,33.9,15.93,26.18
2017-11-16,6.29,30.83,21.41,25.12
2017-11-17,2.5,29.22,19.43,23.03
2017-11-18,10.56,27.34,18.41,19.84
2017-11-19,7.44,27.2,20.14,17.55
2017-11-20,5.9,28.85,19.0,17.23
2017-11-21,21.94,28.96,18.54,14.0
2017-11-22,15.72,28.26,17.84,15.33
2017-11-23,0.02,29.56,15.82,23.81
2017-11-24,0.0,32.47,17.04,29.06
2017-11-25,4.03,32.46,18.54,27.21
2017-11-26,6.28,28.32,21.23,10.42
2017-11-27,2.11,30.07,20.55,12.35
2017-11-28,3.71,31.48,19.09,25.71
2017-11-29,0.0,31.48,16.95,29.69
2017-11-30,2.21,29.09,16.3,19.24
2017-12-01,7.12,26.12,17.88,8.79
2017-12-02,0.55,29.37,17.54,14.19
2017-12-03,0.04,32.5,17.53,18.35
2017-12-04,0.0,33.59,18.81,26.19
2017-12-05,0.88,31.45,20.59,26.82
2017-12-06,5.97,30.96,20.24,17.62
2017-12-07,6.22,28.09,20.58,15.54
2017-12-08,6.51,30.5,20.74,20.06
2017-12-09,0.18,31.91,18.8,26.86
2017-12-10,0.08,32.51,19.19,26.45
2017-12-11,0.97,34.24,20.25,24.11
2017-12-12,0.9,30.46,17.87,23.49
2017-12-13,0.02,32.3,18.18,28.29
2017-12-14,0.0,33.63,19.12,22.38
2017-12-15,1.83,32.96,19.62,26.64
2017-12-16,0.52,33.28,19.93,26.53
2017-12-17,0.64,32.57,20.79,24.97
2017-12-18,0.64,32.21,20.82,25.93
2017-12-19,2.98,34.13,21.11,26.14
2017-12-20,5.53,29.38,21.33,23.49
2017-12-21,5.4,26.26,20.07,10.26
2017-12-22,4.28,30.11,19.31,12.75
2017-12-23,4.25,31.34,19.58,20.74
2017-12-24,1.13,28.12,20.59,25.4
2017-12-25,6.15,30.98,20.23,20.5
2017-12-26,2.51,30.66,20.1,20.33
2017-12-27,1.64,30.12,21.0,26.93
2017-12-28,13.9,29.81,20.94,25.94
2017-12-29,9.92,27.24,20.58,16.43
2017-12-30,26.3,25.93,20.27,9.72
2017-12-31,14.96,27.95,19.97,10.47
2018-01-01,1.33,30.26,20.86,22.55
2018-01-02,13.23,26.31,21.69,14.47
2018-01-03,21.64,28.44,21.26,12.76
2018-01-04,0.77,30.29,18.93,24.16
2018-01-05,2.8,31.99,17.84,22.08
2018-01-06,7.37,25.41,19.98,13.87
2018-01-07,6.03,23.94,19.47,10.67
2018-01-08,6.59,24.13,18.72,10.56
2018-01-09,1.65,26.03,19.06,19.34
2018-01-10,3.24,29.69,19.38,22.66
2018-01-11,14.49,26.27,19.89,19.47
2018-01-12,9.3,25.78,18.98,15.02
2018-01-13,9.65,27.31,18.34,22.75
2018-01-14,11.01,28.35,19.65,22.18
2018-01-15,6.62,26.83,19.42,19.49
2018-01-16,3.11,28.55,20.02,20.52
2018-01-17,0.67,29.91,20.57,21.97
2018-01-18,4.52,27.91,21.36,26.9
2018-01-19,1.12,30.54,21.35,26.03
2018-01-20,1.25,28.97,20.72,24.04
2018-01-21,1.07,30.74,19.75,17.38
2018-01-22,0.27,31.63,20.58,24.21
2018-01-23,5.68,29.7,21.43,25.3
2018-01-24,8.45,30.27,19.81,23.55
2018-01-25,2.5,29.02,20.54,22.87
2018-01-26,4.86,27.99,20.39,19.88
2018-01-27,2.99,29.7,19.39,21.91
2018-01-28,9.04,29.86,19.7,15.92
2018-01-29,14.83,27.69,21.39,15.57
2018-01-30,12.12,29.97,19.34,11.98
2018-01-31,0.58,29.32,16.92,23.52
2018-02-01,0.01,29.89,16.63,27.28
2018-02-02,0.04,30.29,17.58,21.49
2018-02-03,0.28,29.28,18.2,25.34
2018-02-04,1.55,28.6,16.61,22.54
2018-02-05,1.28,25.83,17.74,17.61
2018-02-06,0.5,27.72,17.81,17.17
2018-02-07,0.14,30.26,17.83,26.96
2018-02-08,0.0,32.16,17.24,28.91
2018-02-09,1.01,32.32,18.2,26.43
2018-02-10,5.01,26.98,21.07,14.68
2018-02-11,3.63,28.63,20.12,22.27
2018-02-12,0.87,28.55,21.18,21.89
2018-02-13,2.38,30.45,19.46,18.9
2018-02-14,9.22,30.02,18.43,11.09
2018-02-15,6.0,29.49,17.29,18.6
2018-02-16,2.28,27.59,19.45,24.27
2018-02-17,1.4,28.31,18.89,24.2
2018-02-18,9.02,25.4,19.46,16.62
2018-02-19,8.61,28.01,17.41,18.94
2018-02-20,7.23,26.34,20.06,16.73
2018-02-21,4.48,27.52,20.41,19.57
2018-02-22,3.14,29.53,20.18,23.46
2018-02-23,3.18,30.18,19.17,23.78
2018-02-24,1.33,30.19,17.16,19.76
2018-02-25,1.07,30.92,17.39,23.64
2018-02-26,22.94,26.67,18.43,11.07
2018-02-27,34.89,26.17,18.28,13.34
2018-02-28,0.33,29.4,18.28,23.98
2018-03-01,6.8,28.4,20.85,22.22
2018-03-02,5.97,29.15,21.29,21.61
2018-03-03,1.98,27.3,21.4,20.86
2018-03-04,0.51,31.12,20.45,24.66
2018-03-05,1.93,31.22,20.12,22.95
2018-03-06,26.85,30.46,20.27,24.58
2018-03-07,8.67,28.64,21.5,22.78
2018-03-08,0.2,29.33,20.93,18.42
2018-03-09,5.75,29.63,18.89,22.95
2018-03-10,9.39,28.35,19.41,15.87
2018-03-11,4.32,30.9,19.43,22.61
2018-03-12,0.0,31.41,21.53,24.15
2018-03-13,0.0,32.0,21.32,21.9
2018-03-14,17.14,29.18,22.21,24.64
2018-03-15,1.91,28.65,21.41,22.08
2018-03-16,7.22,29.0,22.06,14.18
2018-03-17,3.91,31.25,21.58,23.13
2018-03-18,0.1,31.04,19.65,23.65
2018-03-19,0.24,31.3,20.33,22.63
2018-03-20,19.6,26.69,21.83,14.73
2018-03-21,23.0,27.26,20.56,21.91
2018-03-22,2.4,30.25,19.29,23.44
2018-03-23,0.51,30.49,19.61,22.63
2018-03-24,0.17,28.88,20.16,22.22
2018-03-25,0.16,28.18,18.99,21.29
2018-03-26,9.15,28.03,20.07,16.35
2018-03-27,2.69,27.53,20.16,20.34
2018-03-28,0.36,27.84,18.94,23.05
2018-03-29,0.14,27.91,18.66,21.51
2018-03-30,0.32,28.42,19.52,21.24
2018-03-31,3.61,26.49,19.66,17.48
2018-04-01,6.56,25.21,19.59,13.05
2018-04-02,1.31,27.8,19.33,15.27
2018-04-03,5.84,27.37,18.79,14.15
2018-04-04,0.74,28.86,18.82,18.33
2018-04-05,0.05,29.27,17.7,21.87
2018-04-06,0.02,29.28,17.41,22.61
2018-04-07,0.0,29.4,17.05,20.79
2018-04-08,0.0,28.59,18.08,20.68
2018-04-09,0.02,28.82,18.52,20.47
2018-04-10,0.06,28.45,18.47,21.48
2018-04-11,0.0,28.1,17.53,22.24
2018-04-12,0.12,25.72,15.39,17.29
2018-04-13,0.0,28.32,15.29,21.08
2018-04-14,0.01,28.02,18.62,16.52
2018-04-15,0.09,23.39,18.55,11.54
2018-04-16,0.21,26.57,16.95,14.68
2018-04-17,0.16,25.85,15.86,18.97
2018-04-18,0.01,26.86,15.61,20.75
2018-04-19,0.0,27.75,13.6,20.45
2018-04-20,0.0,25.67,15.55,17.99
2018-04-21,0.0,24.64,13.63,20.55
2018-04-22,0.0,27.52,13.81,19.19
2018-04-23,0.0,27.57,15.24,19.5
2018-04-24,0.0,28.52,14.82,18.32
2018-04-25,0.0,28.79,15.56,19.18
2018-04-26,0.0,29.26,16.38,18.69
2018-04-27,0.04,29.58,16.36,18.57
2018-04-28,0.01,29.8,16.7,18.34
2018-04-29,0.0,29.51,16.46,18.94
2018-04-30,0.0,30.01,16.41,18.75
2018-05-01,0.01,30.04,17.03,19.29
2018-05-02,0.01,29.77,15.42,19.16
2018-05-03,0.0,30.01,15.03,19.54
2018-05-04,0.01,30.64,15.28,18.8
2018-05-05,0.0,30.96,17.12,17.73
2018-05-06,0.39,29.1,17.7,16.97
2018-05-07,2.19,27.59,16.88,17.65
2018-05-08,0.01,27.66,16.43,17.62
2018-05-09,0.0,27.86,16.03,18.32
2018-05-10,0.0,28.42,13.5,18.45
2018-05-11,0.0,28.65,16.81,16.11
2018-05-12,0.01,27.16,16.42,12.17
2018-05-13,0.0,27.92,16.64,14.78
2018-05-14,0.01,29.1,15.18,16.74
2018-05-15,2.15,28.44,16.94,10.59
2018-05-16,0.36,28.37,15.59,11.33
2018-05-17,0.06,29.11,16.52,13.35
2018-05-18,0.76,29.08,16.61,13.83
2018-05-19,4.9,27.33,14.21,5.68
2018-05-20,0.04,19.93,8.4,17.37
2018-05-21,0.16,22.47,7.32,19.06
2018-05-22,0.01,25.11,6.96,18.53
2018-05-23,0.02,25.89,8.82,17.77
2018-05-24,0.0,27.67,11.28,17.77
2018-05-25,0.0,26.92,13.19,16.08
2018-05-26,0.02,27.3,13.08,16.89
2018-05-27,0.02,26.9,12.47,17.03
2018-05-28,0.01,26.44,11.83,17.03
2018-05-29,0.0,25.66,11.9,15.01
2018-05-30,0.0,25.8,13.03,15.59
2018-05-31,0.0,26.53,11.87,16.75
2018-06-01,0.0,27.93,11.18,16.4
2018-06-02,0.0,29.27,14.84,14.69
2018-06-03,0.38,27.73,15.61,13.11
2018-06-04,0.01,25.81,13.48,11.69
2018-06-05,1.29,27.07,14.34,10.74
2018-06-06,0.24,26.59,15.94,9.69
2018-06-07,0.38,26.66,16.91,10.49
2018-06-08,0.01,23.69,13.28,11.16
2018-06-09,0.01,26.63,12.4,15.03
2018-06-10,0.0,30.26,17.05,13.37
2018-06-11,0.0,28.98,17.58,11.87
2018-06-12,0.66,30.87,18.08,14.39
2018-06-13,0.72,28.51,19.02,11.78
2018-06-14,0.29,26.52,16.33,12.77
2018-06-15,0.07,25.35,13.36,12.12
2018-06-16,0.02,22.5,14.2,9.36
2018-06-17,0.0,26.88,12.54,14.12
2018-06-18,0.0,26.6,13.81,13.41
2018-06-19,0.01,26.73,13.8,15.36
2018-06-20,0.0,27.62,13.47,15.78
2018-06-21,0.0,27.63,13.15,14.47
2018-06-22,0.0,27.82,17.54,12.83
2018-06-23,0.0,28.63,15.54,12.87
2018-06-24,0.0,28.86,16.92,12.49
2018-06-25,0.0,28.85,16.67,13.61
2018-06-26,0.0,30.57,15.03,16.5
2018-06-27,0.0,30.36,16.38,15.62
2018-06-28,0.0,30.35,14.52,14.55
2018-06-29,0.0,29.31,15.18,14.96
2018-06-30,0.0,29.35,14.03,15.84
2018-07-01,0.0,29.96,15.2,14.84
2018-07-02,0.0,30.27,15.02,16.13
2018-07-03,0.0,30.33,15.81,15.99
2018-07-04,0.0,30.42,14.62,15.14
2018-07-05,0.0,30.59,14.15,15.89
2018-07-06,0.0,30.08,13.96,16.47
2018-07-07,0.0,29.03,13.58,16.28
2018-07-08,0.0,29.29,15.94,17.11
2018-07-09,0.01,28.63,14.8,15.34
2018-07-10,0.31,22.47,10.27,5.85
2018-07-11,0.0,21.58,7.74,17.37
2018-07-12,0.0,23.96,8.41,15.78
2018-07-13,0.0,23.53,8.29,15.17
2018-07-14,0.0,29.75,12.15,17.33
2018-07-15,0.0,30.74,12.8,17.72
2018-07-16,0.0,31.12,13.12,17.6
2018-07-17,0.0,30.66,13.45,17.83
2018-07-18,0.0,30.29,14.05,16.6
2018-07-19,0.0,30.82,15.59,17.9
2018-07-20,0.0,31.6,14.34,18.09
2018-07-21,0.0,30.39,14.05,16.32
2018-07-22,0.0,30.12,14.11,15.72
2018-07-23,0.0,30.33,15.35,17.02
2018-07-24,0.0,29.07,13.91,16.87
2018-07-25,0.0,27.93,13.97,15.24
2018-07-26,0.0,29.26,13.42,16.9
2018-07-27,0.0,29.95,14.39,17.56
2018-07-28,0.0,31.02,14.43,18.1
2018-07-29,0.0,32.1,16.13,17.37
2018-07-30,0.46,31.06,17.01,17.59
2018-07-31,1.78,28.15,16.14,14.18
2018-08-01,1.81,23.99,12.44,11.7
2018-08-02,1.4,26.9,13.62,13.73
2018-08-03,19.06,25.89,15.89,4.02
2018-08-04,13.66,23.08,15.35,13.73
2018-08-05,0.29,24.01,15.03,10.66
2018-08-06,12.47,22.49,14.76,6.55
2018-08-07,0.62,26.02,12.68,15.28
2018-08-08,3.77,29.87,12.03,16.92
2018-08-09,2.5,28.51,13.11,15.92
2018-08-10,0.0,21.17,6.55,20.93
2018-08-11,0.04,23.88,5.69,21.1
2018-08-12,0.01,25.15,7.32,19.83
2018-08-13,0.0,28.24,9.59,21.08
2018-08-14,0.07,30.49,9.9,21.11
2018-08-15,0.05,31.31,11.56,18.48
2018-08-16,0.0,24.37,13.92,12.97
2018-08-17,0.19,26.58,13.76,15.91
2018-08-18,0.17,27.12,13.58,19.15
2018-08-19,0.0,29.16,12.52,19.56
2018-08-20,0.0,30.99,14.06,21.19
2018-08-21,0.0,30.96,14.76,21.36
2018-08-22,0.03,29.69,14.97,17.17
2018-08-23,0.0,32.56,15.07,17.96
2018-08-24,0.48,33.15,18.72,17.56
2018-08-25,5.94,27.79,17.53,9.1
2018-08-26,0.0,26.83,13.0,12.37
2018-08-27,0.01,28.96,11.22,20.76
2018-08-28,0.0,30.25,14.1,20.61
2018-08-29,0.0,30.63,14.08,21.61
2018-08-30,0.0,31.63,15.69,18.71
2018-08-31,0.0,33.29,16.96,21.53
2018-09-01,0.0,34.12,16.87,21.33
2018-09-02,0.02,35.0,18.38,21.62
2018-09-03,0.92,23.44,12.47,13.72
2018-09-04,0.24,24.0,9.75,10.5
2018-09-05,0.03,24.5,10.97,23.81
2018-09-06,0.0,29.55,9.85,24.37
2018-09-07,0.0,33.38,11.69,24.12
2018-09-08,0.0,33.34,12.85,24.58
2018-09-09,0.0,33.1,13.37,24.46
2018-09-10,0.0,32.38,13.81,23.7
2018-09-11,0.06,32.4,13.66,23.14
2018-09-12,0.09,32.71,14.15,21.42
2018-09-13,1.88,34.58,16.87,21.45
2018-09-14,8.95,32.17,18.14,3.44
2018-09-15,2.4,27.12,16.76,8.33
2018-09-16,0.36,27.96,15.81,18.3
2018-09-17,10.22,23.56,15.78,4.5
2018-09-18,1.11,25.97,18.22,8.88
2018-09-19,6.96,27.6,18.78,20.18
2018-09-20,12.52,29.89,19.34,10.43
2018-09-21,1.29,28.87,18.25,22.34
2018-09-22,0.01,33.48,17.27,25.51
2018-09-23,0.01,35.28,15.39,25.45
2018-09-24,0.0,36.43,16.44,25.44
2018-09-25,0.89,36.83,15.82,22.55
2018-09-26,2.09,33.89,19.41,19.71
2018-09-27,1.52,32.99,20.76,12.4
2018-09-28,0.28,28.96,20.55,11.65
2018-09-29,0.21,31.57,19.69,19.87
2018-09-30,5.1,23.93,19.93,8.88
2018-10-01,0.23,29.8,19.71,13.24
2018-10-02,0.14,35.38,18.49,22.48
2018-10-03,7.47,35.65,21.12,21.74
2018-10-04,1.28,32.91,20.5,20.33
2018-10-05,0.22,32.42,17.79,22.46
2018-10-06,2.54,31.5,15.76,15.93
2018-10-07,9.77,31.12,17.27,10.37
2018-10-08,15.35,25.88,19.78,10.84
2018-10-09,24.09,28.95,19.81,20.84
2018-10-10,14.21,29.47,21.25,20.19
2018-10-11,4.51,28.12,18.93,16.17
2018-10-12,0.1,31.46,18.16,22.19
2018-10-13,1.63,31.26,21.04,21.06
2018-10-14,4.5,29.87,20.78,18.76
2018-10-15,3.92,28.67,18.68,17.77
2018-10-16,3.91,32.75,17.24,21.39
2018-10-17,19.64,26.02,21.78,9.57
2018-10-18,24.54,30.17,21.09,22.06
2018-10-19,13.91,26.31,17.73,19.1
2018-10-20,0.0,26.62,14.63,26.75
2018-10-21,0.0,27.86,12.85,27.21
2018-10-22,0.0,30.39,13.91,26.84
2018-10-23,1.46,31.23,18.85,25.01
2018-10-24,11.64,25.36,19.18,7.47
2018-10-25,16.05,27.52,18.64,9.9
2018-10-26,3.39,27.75,18.99,16.42
2018-10-27,1.79,28.25,19.94,13.79
2018-10-28,0.02,27.87,15.72,25.79
2018-10-29,0.0,28.83,13.25,26.17
2018-10-30,0.0,32.6,15.28,26.47
2018-10-31,1.05,31.02,18.08,23.52
2018-11-01,0.52,27.98,20.87,19.57
2018-11-02,0.74,32.0,17.91,22.68
2018-11-03,11.02,31.89,19.64,24.58
2018-11-04,4.04,27.7,17.5,16.0
2018-11-05,4.6,27.84,16.0,15.81
2018-11-06,1.43,29.11,17.79,20.38
2018-11-07,7.57,27.56,17.75,9.95
2018-11-08,9.13,22.13,16.74,8.22
2018-11-09,1.95,23.95,16.79,13.29
2018-11-10,2.04,29.53,16.96,16.83
2018-11-11,3.24,31.02,18.95,22.39
2018-11-12,0.56,31.52,19.43,26.18
2018-11-13,0.15,32.43,20.73,24.22
2018-11-14,1.34,30.99,21.47,21.65
2018-11-15,2.27,29.48,22.19,24.71
2018-11-16,2.24,28.46,19.42,26.88
2018-11-17,0.75,29.47,18.23,21.83
2018-11-18,19.56,25.06,20.09,14.33
2018-11-19,21.26,23.56,15.43,9.81
2018-11-20,0.73,25.75,14.54,14.61
2018-11-21,2.14,28.93,15.83,12.07
2018-11-22,2.53,27.9,18.29,18.09
2018-11-23,11.37,28.53,19.16,15.79
2018-11-24,29.34,26.25,20.26,10.78
2018-11-25,13.72,28.88,18.7,17.84
2018-11-26,4.35,28.63,16.56,20.89
2018-11-27,1.42,28.61,15.8,28.78
2018-11-28,0.08,29.86,17.81,28.9
2018-11-29,0.03,30.98,17.88,28.09
2018-11-30,7.18,30.01,18.94,22.81
2018-12-01,21.64,26.21,20.48,10.23
2018-12-02,3.2,26.68,19.13,18.77
2018-12-03,0.05,29.25,17.16,22.76
2018-12-04,0.01,30.58,17.1,27.83
2018-12-05,0.38,31.2,19.61,25.68
2018-12-06,0.12,33.26,19.06,27.5
2018-12-07,0.51,31.96,18.16,26.86
2018-12-08,0.13,27.48,14.97,30.08
2018-12-09,0.0,29.25,13.44,29.26
2018-12-10,0.0,30.08,17.14,28.01
2018-12-11,0.0,31.41,18.1,29.18
2018-12-12,0.15,33.29,18.15,28.02
2018-12-13,1.87,33.0,19.34,27.16
2018-12-14,3.45,32.14,19.53,26.03
2018-12-15,3.17,31.96,20.69,25.97
2018-12-16,3.51,33.35,21.25,26.6
2018-12-17,1.75,34.1,21.82,28.1
2018-12-18,5.53,33.79,22.61,26.84
2018-12-19,3.21,31.48,22.5,13.92
2018-12-20,0.26,30.56,21.68,28.24
2018-12-21,4.74,32.17,22.04,22.85
2018-12-22,13.0,30.99,20.76,22.77
2018-12-23,4.18,30.06,21.47,22.68
2018-12-24,6.68,28.94,21.05,22.26
2018-12-25,9.98,27.92,19.95,16.7
2018-12-26,4.29,27.39,19.43,11.57
2018-12-27,1.29,26.43,18.86,19.74
2018-12-28,8.63,30.46,18.0,24.26
2018-12-29,4.66,28.84,21.25,24.28
2018-12-30,2.79,31.49,19.64,25.93
2018-12-31,2.09,33.03,20.41,26.61
2019-01-01,9.39,31.73,20.1,22.84
2019-01-02,3.28,30.79,20.74,24.95
2019-01-03,4.0,31.05,20.62,20.18
2019-01-04,28.36,24.59,21.5,13.76
2019-01-05,3.84,25.24,18.83,11.49
2019-01-06,2.44,27.9,19.89,21.56
2019-01-07,0.68,31.91,19.53,28.55
2019-01-08,1.11,31.49,21.16,27.5
2019-01-09,1.94,29.89,21.7,28.91
2019-01-10,1.38,30.53,20.58,29.5
2019-01-11,1.02,30.83,19.42,26.82
2019-01-12,5.55,28.62,21.1,21.28
2019-01-13,3.15,30.69,20.66,27.55
2019-01-14,9.34,29.79,21.29,28.05
2019-01-15,0.71,31.11,21.92,27.02
2019-01-16,3.33,30.43,22.02,22.82
2019-01-17,0.7,31.81,20.22,16.5
2019-01-18,3.31,32.45,21.11,25.92
2019-01-19,1.59,32.39,21.04,28.72
2019-01-20,3.29,32.46,20.83,23.93
2019-01-21,2.34,29.29,22.21,26.2
2019-01-22,0.48,34.59,21.13,27.98
2019-01-23,2.88,33.28,22.4,24.22
2019-01-24,6.06,28.33,22.38,20.38
2019-01-25,5.95,32.07,20.94,23.2
2019-01-26,4.26,27.61,20.03,21.9
2019-01-27,1.93,29.33,18.61,17.79
2019-01-28,0.0,33.53,18.84,29.81
2019-01-29,0.0,35.06,19.77,28.71
2019-01-30,0.02,35.11,21.44,28.6
2019-01-31,1.36,36.54,21.91,28.2
2019-02-01,0.65,36.5,20.36,28.35
2019-02-02,2.12,36.27,23.41,28.98
2019-02-03,0.33,35.37,21.4,27.38
2019-02-04,1.15,31.22,20.31,21.68
2019-02-05,0.17,33.04,18.9,22.52
2019-02-06,7.54,28.32,19.17,16.0
2019-02-07,2.57,32.49,18.18,23.94
2019-02-08,0.02,34.57,17.86,28.52
2019-02-09,0.01,35.36,19.55,26.64
2019-02-10,0.55,35.19,20.88,22.72
2019-02-11,7.88,32.42,22.81,23.72
2019-02-12,20.59,29.86,22.07,12.65
2019-02-13,2.29,27.04,18.74,11.91
2019-02-14,2.41,28.84,17.26,19.83
2019-02-15,12.75,27.88,18.89,13.59
2019-02-16,11.25,24.19,19.94,4.08
2019-02-17,0.98,28.21,19.87,13.42
2019-02-18,1.8,27.86,20.34,15.19
2019-02-19,1.58,29.81,19.22,24.19
2019-02-20,2.52,27.08,19.5,18.01
2019-02-21,4.9,29.17,20.01,13.95
2019-02-22,4.75,29.53,21.3,14.41
2019-02-23,0.97,30.24,20.04,25.67
2019-02-24,3.13,31.0,21.09,23.35
2019-02-25,5.72,28.28,21.21,23.31
2019-02-26,14.09,27.07,20.72,16.67
2019-02-27,15.74,27.97,19.46,19.77
2019-02-28,25.01,24.87,19.55,13.13
2019-03-01,14.86,26.66,19.29,12.12
2019-03-02,3.99,25.99,20.68,12.9
2019-03-03,5.64,27.92,19.59,13.33
2019-03-04,1.56,28.64,19.48,15.56
2019-03-05,2.71,28.63,19.51,18.79
2019-03-06,1.32,30.51,18.86,21.23
2019-03-07,5.19,28.82,20.45,16.75
2019-03-08,0.09,30.2,19.73,23.73
2019-03-09,2.32,30.27,22.1,22.28
2019-03-10,9.71,28.47,21.28,19.02
2019-03-11,0.42,29.37,19.77,18.76
2019-03-12,2.6,28.8,19.67,22.21
2019-03-13,9.58,27.07,20.76,21.17
2019-03-14,10.34,25.94,20.68,14.56
2019-03-15,5.97,29.0,20.5,19.2
2019-03-16,6.53,29.7,19.86,16.56
2019-03-17,0.88,30.13,20.6,19.93
2019-03-18,1.19,29.38,21.53,18.56
2019-03-19,1.33,27.97,21.0,21.32
2019-03-20,13.3,27.23,20.75,18.61
2019-03-21,6.22,26.29,17.89,12.01
2019-03-22,0.08,25.73,17.11,13.21
2019-03-23,0.01,28.84,17.88,20.32
2019-03-24,0.0,30.19,17.9,23.53
2019-03-25,0.0,30.16,17.39,22.42
2019-03-26,0.0,31.54,18.11,22.55
2019-03-27,0.0,29.7,19.44,22.16
2019-03-28,0.0,30.17,18.81,22.68
2019-03-29,0.0,28.72,18.04,22.81
2019-03-30,0.0,29.15,17.56,23.45
2019-03-31,0.0,30.72,17.39,22.92
2019-04-01,0.0,31.04,18.06,20.81
2019-04-02,0.0,31.45,16.84,22.18
2019-04-03,0.0,30.92,17.93,19.27
2019-04-04,0.0,32.49,19.49,21.58
2019-04-05,3.43,29.71,21.2,17.04
2019-04-06,18.82,30.08,21.27,17.49
2019-04-07,23.04,26.97,20.59,16.21
2019-04-08,21.68,26.78,18.92,8.57
2019-04-09,0.27,26.92,17.09,9.9
2019-04-10,0.03,27.28,16.41,21.79
2019-04-11,0.01,28.37,17.13,20.57
2019-04-12,0.1,29.45,16.88,19.33
2019-04-13,4.48,28.37,17.9,13.62
2019-04-14,12.9,27.09,19.94,6.91
2019-04-15,0.84,30.05,17.87,18.36
2019-04-16,2.16,28.71,19.07,17.44
2019-04-17,0.19,29.22,18.81,18.66
2019-04-18,0.04,28.7,16.12,21.91
2019-04-19,0.01,28.57,14.02,22.2
2019-04-20,0.01,29.24,14.32,21.88
2019-04-21,0.01,30.0,15.49,20.81
2019-04-22,0.07,30.0,16.76,19.93
2019-04-23,2.06,30.03,18.95,15.84
2019-04-24,1.14,29.53,19.35,18.57
2019-04-25,0.32,30.4,19.36,19.18
2019-04-26,0.02,30.24,18.52,18.8
2019-04-27,0.0,30.51,18.88,19.17
2019-04-28,10.22,30.29,19.23,18.4
2019-04-29,1.33,28.51,15.58,17.44
2019-04-30,0.04,27.92,15.41,19.89
2019-05-01,0.08,28.95,15.21,14.29
2019-05-02,0.02,29.75,17.07,13.27
2019-05-03,0.2,30.24,18.65,14.91
2019-05-04,0.5,29.18,20.02,15.28
2019-05-05,0.43,26.31,19.84,15.67
2019-05-06,0.63,29.97,18.72,17.14
2019-05-07,0.32,30.3,20.19,16.5
2019-05-08,0.05,28.05,18.27,17.29
2019-05-09,4.37,28.76,17.25,16.52
2019-05-10,0.35,29.9,18.46,14.73
2019-05-11,2.61,30.13,19.66,13.03
2019-05-12,0.84,30.29,19.84,15.68
2019-05-13,0.11,28.74,19.74,16.3
2019-05-14,0.03,29.52,17.6,15.23
2019-05-15,0.01,25.01,16.43,11.76
2019-05-16,0.21,23.54,17.51,14.33
2019-05-17,5.82,22.16,16.25,7.74
2019-05-18,8.94,24.43,15.97,12.1
2019-05-19,0.1,25.74,15.1,16.48
2019-05-20,0.03,26.6,12.94,17.78
2019-05-21,0.12,27.63,12.44,17.41
2019-05-22,0.01,27.84,15.91,18.22
2019-05-23,0.02,28.25,13.82,16.93
2019-05-24,0.63,21.23,15.16,9.57
2019-05-25,0.01,22.12,10.11,16.76
2019-05-26,0.09,25.25,11.38,18.4
2019-05-27,0.0,28.9,10.12,18.06
2019-05-28,0.14,30.33,13.29,15.5
2019-05-29,1.96,29.85,16.23,16.06
2019-05-30,0.0,30.87,16.75,15.74
2019-05-31,0.0,30.14,15.91,14.2
2019-06-01,0.17,29.92,16.89,15.84
2019-06-02,5.33,28.14,15.66,13.79
2019-06-03,4.6,22.81,15.78,4.86
2019-06-04,0.07,22.97,10.73,15.33
2019-06-05,0.01,22.57,9.66,17.49
2019-06-06,0.02,24.85,11.33,16.8
2019-06-07,0.01,26.53,10.2,16.93
2019-06-08,0.03,24.84,11.59,14.19
2019-06-09,0.02,26.4,10.54,17.06
2019-06-10,0.0,26.75,11.86,16.48
2019-06-11,0.0,27.78,12.25,16.5
2019-06-12,0.01,27.98,13.26,14.98
2019-06-13,0.0,28.7,14.69,14.8
2019-06-14,0.0,29.18,15.22,16.22
2019-06-15,0.0,28.85,14.37,16.33
2019-06-16,0.0,28.31,14.09,15.19
2019-06-17,0.0,27.85,13.28,13.45
2019-06-18,0.0,27.88,12.58,15.43
2019-06-19,0.0,28.07,13.59,13.24
2019-06-20,0.0,28.36,14.02,15.92
2019-06-21,0.0,27.45,15.38,15.01
2019-06-22,0.02,27.64,14.32,15.29
2019-06-23,0.0,27.43,13.46,15.64
2019-06-24,0.0,28.22,12.61,16.3
2019-06-25,0.0,29.07,13.4,14.67
2019-06-26,0.02,29.64,15.32,16.13
2019-06-27,0.05,29.04,15.84,14.11
2019-06-28,0.0,30.23,17.11,15.7
2019-06-29,0.0,30.12,15.56,16.58
2019-06-30,0.0,30.02,14.86,16.57
2019-07-01,0.0,30.02,15.09,15.87
2019-07-02,0.03,29.69,14.58,14.1
2019-07-03,0.05,29.24,16.23,15.06
2019-07-04,13.87,23.84,16.66,10.27
2019-07-05,13.93,20.59,12.05,5.02
2019-07-06,0.14,17.9,6.1,16.57
2019-07-07,0.09,18.89,4.43,18.06
2019-07-08,0.07,23.22,5.77,17.09
2019-07-09,0.08,25.39,6.7,17.6
2019-07-10,0.11,26.19,7.87,17.56
2019-07-11,0.02,26.58,8.33,17.73
2019-07-12,0.01,28.0,9.45,17.52
2019-07-13,0.01,28.8,14.62,16.87
2019-07-14,0.0,28.96,15.57,16.76
2019-07-15,0.19,29.34,15.52,15.07
2019-07-16,1.13,25.32,10.49,13.75
2019-07-17,0.01,22.13,7.52,17.1
2019-07-18,0.01,24.57,9.66,15.71
2019-07-19,0.01,25.22,12.56,16.39
2019-07-20,0.0,26.03,11.16,17.59
2019-07-21,0.0,26.32,12.52,15.7
2019-07-22,0.0,26.36,14.54,13.25
2019-07-23,0.0,28.96,13.54,17.69
2019-07-24,0.0,29.71,13.25,18.15
2019-07-25,0.0,30.0,14.41,15.64
2019-07-26,0.0,29.42,14.64,15.5
2019-07-27,0.0,29.89,15.46,18.27
2019-07-28,0.0,28.39,13.14,18.33
2019-07-29,0.0,28.52,12.76,13.95
2019-07-30,0.84,28.87,15.7,15.13
2019-07-31,0.02,29.37,14.67,18.83
2019-08-01,0.02,31.59,12.88,18.9
2019-08-02,0.21,31.34,17.39,16.88
2019-08-03,1.55,22.17,11.98,6.46
2019-08-04,6.8,16.63,10.42,3.11
2019-08-05,0.18,23.71,10.14,5.15
2019-08-06,0.01,26.79,12.68,12.76
2019-08-07,0.02,28.51,14.55,17.04
2019-08-08,0.0,30.42,14.91,19.22
2019-08-09,0.0,31.2,14.95,19.18
2019-08-10,0.0,32.24,15.66,19.03
2019-08-11,0.01,32.78,15.33,19.78
2019-08-12,0.04,33.25,15.72,19.54
2019-08-13,0.04,33.09,16.35,18.23
2019-08-14,0.07,24.37,11.19,16.19
2019-08-15,0.0,27.9,10.15,20.25
2019-08-16,0.0,28.87,12.01,20.85
2019-08-17,0.0,30.27,12.97,20.58
2019-08-18,0.0,31.81,15.21,18.53
2019-08-19,1.15,30.16,15.69,11.92
2019-08-20,0.07,29.34,14.84,11.35
2019-08-21,0.0,29.37,13.31,19.05
2019-08-22,0.01,27.86,12.99,20.48
2019-08-23,0.31,27.1,12.14,16.22
2019-08-24,0.04,27.6,11.89,22.27
2019-08-25,0.0,30.28,11.91,21.67
2019-08-26,0.0,32.09,12.89,21.27
2019-08-27,0.0,31.63,16.06,18.37
2019-08-28,0.0,30.6,16.55,12.85
2019-08-29,0.0,31.64,15.15,20.56
2019-08-30,0.0,33.51,16.55,21.93
2019-08-31,0.4,35.54,20.45,19.66
2019-09-01,10.91,33.83,17.87,15.1
2019-09-02,12.1,29.1,14.96,18.27
2019-09-03,2.13,31.8,18.22,10.25
2019-09-04,0.18,32.53,17.21,15.95
2019-09-05,0.95,27.45,14.94,20.32
2019-09-06,1.18,30.3,14.38,20.38
2019-09-07,0.37,34.07,17.02,22.02
2019-09-08,0.0,35.25,19.46,21.33
2019-09-09,0.0,35.25,18.84,23.52
2019-09-10,0.0,36.54,18.56,23.22
2019-09-11,0.0,38.19,20.32,22.97
2019-09-12,0.0,38.77,22.29,23.54
2019-09-13,0.0,35.92,19.03,22.08
2019-09-14,0.0,35.58,17.27,19.7
2019-09-15,0.06,36.99,21.05,22.23
2019-09-16,0.0,37.73,21.12,23.25
2019-09-17,0.0,38.58,21.05,23.26
2019-09-18,0.0,38.84,20.84,21.77
2019-09-19,0.15,36.9,20.91,16.2
2019-09-20,0.3,38.03,22.46,14.72
2019-09-21,0.26,33.02,18.73,13.81
2019-09-22,0.01,27.13,16.08,20.0
2019-09-23,0.0,30.73,14.65,23.09
2019-09-24,0.27,32.02,16.05,20.88
2019-09-25,12.04,22.5,16.32,3.57
2019-09-26,9.53,25.57,15.65,5.39
2019-09-27,0.3,29.57,14.98,25.33
2019-09-28,0.0,30.49,13.86,25.53
2019-09-29,0.0,32.03,13.11,26.09
2019-09-30,0.0,33.48,13.89,26.69
2019-10-01,0.0,35.77,15.88,26.19
2019-10-02,0.0,38.01,18.46,26.23
2019-10-03,0.0,36.97,18.71,27.14
2019-10-04,0.0,36.37,15.67,27.19
2019-10-05,0.0,36.96,17.85,26.82
2019-10-06,10.03,36.12,19.85,22.75
2019-10-07,0.48,30.46,17.6,20.37
2019-10-08,5.53,28.75,18.0,9.99
2019-10-09,3.82,27.66,17.7,12.61
2019-10-10,0.09,31.8,16.86,18.06
2019-10-11,0.0,33.14,19.49,24.97
2019-10-12,0.1,35.37,19.33,25.71
2019-10-13,0.14,37.18,20.84,25.65
2019-10-14,0.52,37.83,20.86,26.79
2019-10-15,0.12,34.75,19.61,22.12
2019-10-16,0.17,34.98,19.0,24.83
2019-10-17,0.12,37.05,19.65,24.73
2019-10-18,3.46,34.9,22.54,22.98
2019-10-19,12.85,33.74,20.04,21.77
2019-10-20,0.45,32.91,18.1,25.73
2019-10-21,1.75,30.17,15.95,11.81
2019-10-22,2.71,28.87,20.37,18.63
2019-10-23,0.01,32.36,17.31,24.76
2019-10-24,0.39,34.34,18.5,23.99
2019-10-25,0.03,36.65,18.72,26.37
2019-10-26,0.34,37.47,18.83,25.48
2019-10-27,1.61,36.71,21.53,26.53
2019-10-28,4.71,32.45,22.36,20.44
2019-10-29,2.63,33.49,20.67,22.91
2019-10-30,1.56,35.93,20.6,27.26
2019-10-31,0.36,36.43,20.87,25.56
2019-11-01,0.34,36.67,19.88,23.39
2019-11-02,0.09,36.51,20.24,28.11
2019-11-03,0.04,37.63,23.1,26.92
2019-11-04,7.47,38.12,24.63,26.17
2019-11-05,6.65,35.15,23.61,21.59
2019-11-06,8.47,32.7,19.95,20.93
2019-11-07,1.3,30.98,18.23,21.79
2019-11-08,8.21,31.15,20.02,14.6
2019-11-09,1.0,31.23,20.46,14.74
2019-11-10,4.86,28.85,20.59,13.92
2019-11-11,0.01,33.8,20.09,26.77
2019-11-12,0.02,33.32,19.11,25.74
2019-11-13,7.71,31.9,20.41,18.45
2019-11-14,11.34,26.67,21.46,14.96
2019-11-15,8.2,28.39,19.78,9.57
2019-11-16,0.03,31.0,15.34,27.94
2019-11-17,0.03,32.98,15.23,27.85
2019-11-18,0.12,34.95,15.74,26.92
2019-11-19,1.3,33.41,18.4,23.99
2019-11-20,1.05,33.4,19.71,25.38
2019-11-21,0.74,34.5,19.68,26.53
2019-11-22,4.2,31.48,20.09,22.1
2019-11-23,6.7,34.08,20.35,24.65
2019-11-24,3.8,24.86,16.73,16.14
2019-11-25,0.08,32.71,13.74,25.3
2019-11-26,0.98,33.51,17.27,25.75
2019-11-27,18.75,31.46,22.29,20.19
2019-11-28,6.4,27.73,17.77,18.09
2019-11-29,0.52,31.53,15.62,18.68
2019-11-30,18.26,30.64,19.74,17.27
2019-12-01,8.16,31.62,20.2,12.29
2019-12-02,0.22,28.29,18.32,23.35
2019-12-03,0.13,31.47,15.21,22.34
2019-12-04,3.64,29.02,19.5,19.83
2019-12-05,7.08,28.13,20.78,16.12
2019-12-06,9.87,30.58,21.93,15.36
2019-12-07,0.17,31.91,17.87,26.13
2019-12-08,0.98,32.52,18.08,25.61
2019-12-09,7.02,31.36,20.64,16.48
2019-12-10,7.07,27.29,21.62,13.55
2019-12-11,11.84,26.26,20.43,7.3
2019-12-12,1.82,25.3,19.15,16.57
2019-12-13,2.0,28.4,20.3,19.06
2019-12-14,2.4,27.76,20.32,17.94
2019-12-15,0.73,29.82,20.74,20.91
2019-12-16,1.47,30.84,20.54,28.25
2019-12-17,10.31,30.32,21.0,25.76
2019-12-18,2.9,28.14,20.64,17.47
2019-12-19,6.38,28.02,19.04,14.04
2019-12-20,1.18,27.02,19.53,18.6
2019-12-21,2.02,29.33,20.14,20.01
2019-12-22,4.51,28.75,20.58,18.3
2019-12-23,12.31,29.74,20.21,8.94
2019-12-24,0.5,31.61,18.6,27.82
2019-12-25,0.19,32.78,18.28,27.75
2019-12-26,0.96,34.78,18.91,27.81
2019-12-27,2.97,34.59,19.51,27.88
2019-12-28,2.8,33.36,19.92,28.84
2019-12-29,0.24,35.5,20.4,27.7
2019-12-30,0.78,33.96,20.79,26.83
2019-12-31,3.76,34.39,21.33,26.18
2020-01-01,2.85,31.38,21.33,26.98
2020-01-02,15.56,29.53,21.65,14.7
2020-01-03,11.38,29.8,19.27,19.94
2020-01-04,9.9,29.3,18.3,23.04
2020-01-05,4.67,29.96,18.74,25.11
2020-01-06,4.66,31.17,20.24,24.92
2020-01-07,10.09,32.36,20.14,24.97
2020-01-08,12.08,28.43,22.12,19.17
2020-01-09,9.88,28.38,22.07,15.8
2020-01-10,1.84,30.58,21.45,23.28
2020-01-11,0.98,29.88,22.24,20.3
2020-01-12,9.04,30.47,22.51,18.5
2020-01-13,7.21,30.41,20.71,21.02
2020-01-14,0.04,32.9,19.41,23.03
2020-01-15,0.35,34.31,20.02,29.38
2020-01-16,3.46,33.49,23.06,27.21
2020-01-17,3.23,30.78,18.85,15.77
2020-01-18,1.57,29.6,17.76,24.19
2020-01-19,0.28,33.05,18.9,20.02
2020-01-20,5.64,31.63,20.35,21.13
2020-01-21,0.37,32.8,18.13,25.61
2020-01-22,5.95,31.55,18.41,18.12
2020-01-23,21.09,26.28,19.45,10.09
2020-01-24,2.24,27.87,19.14,15.96
2020-01-25,0.01,29.97,17.31,28.09
2020-01-26,0.0,32.2,16.18,29.98
2020-01-27,0.0,33.25,17.18,28.49
2020-01-28,1.36,33.06,18.84,23.91
2020-01-29,3.48,32.26,20.18,18.75
2020-01-30,9.07,26.8,22.24,18.07
2020-01-31,2.99,27.94,21.44,20.53
2020-02-01,10.45,27.66,21.28,13.81
2020-02-02,5.31,30.53,20.33,22.45
2020-02-03,7.03,28.97,20.59,16.96
2020-02-04,8.77,28.48,19.54,18.65
2020-02-05,10.56,28.84,20.3,19.45
2020-02-06,17.57,27.75,19.67,14.6
2020-02-07,9.8,25.31,19.49,13.14
2020-02-08,0.26,29.23,17.68,22.51
2020-02-09,13.17,28.59,19.9,15.7
2020-02-10,37.48,28.07,19.71,9.01
2020-02-11,8.69,26.8,17.83,11.62
2020-02-12,0.16,27.14,17.39,14.79
2020-02-13,0.02,29.68,16.61,20.42
2020-02-14,0.01,30.96,17.71,26.34
2020-02-15,0.31,31.59,18.86,25.32
2020-02-16,1.18,32.14,20.48,24.22
2020-02-17,2.45,32.27,20.29,25.02
2020-02-18,4.95,29.09,21.72,23.01
2020-02-19,5.09,29.46,21.28,20.96
2020-02-20,13.1,26.95,21.88,20.52
2020-02-21,9.4,29.69,21.7,12.02
2020-02-22,2.49,28.81,17.61,17.08
2020-02-23,0.76,26.75,16.29,20.17
2020-02-24,11.06,28.48,17.76,11.79
2020-02-25,9.47,28.09,19.7,20.42
2020-02-26,62.31,26.76,21.51,12.68
2020-02-27,13.37,25.9,17.16,13.06
2020-02-28,2.07,26.45,16.02,11.19
2020-02-29,0.3,29.31,17.25,18.92
2020-03-01,5.95,28.07,17.67,18.53
2020-03-02,3.65,27.26,17.65,19.09
2020-03-03,1.24,28.06,17.2,20.21
2020-03-04,0.04,29.46,17.6,24.98
2020-03-05,0.0,28.74,16.98,27.33
2020-03-06,0.0,28.23,15.64,26.62
2020-03-07,0.0,28.77,14.97,26.1
2020-03-08,0.41,28.91,16.6,22.87
2020-03-09,0.25,30.24,17.58,23.01
2020-03-10,1.37,30.56,17.96,24.28
2020-03-11,0.25,31.3,18.64,25.17
2020-03-12,0.06,31.54,19.28,25.32
2020-03-13,0.02,32.37,18.19,25.51
2020-03-14,0.17,31.95,19.63,23.73
2020-03-15,1.5,30.93,19.65,22.49
2020-03-16,3.48,30.38,20.14,22.71
2020-03-17,2.08,31.3,21.44,22.82
2020-03-18,4.02,31.86,20.33,20.44
2020-03-19,6.1,30.02,22.04,13.14
2020-03-20,10.49,26.73,20.78,14.43
2020-03-21,11.62,28.68,18.44,14.3
2020-03-22,0.04,28.35,17.06,20.02
2020-03-23,0.04,27.86,16.21,23.98
2020-03-24,0.0,28.01,15.34,24.24
2020-03-25,0.0,27.83,14.48,23.26
2020-03-26,0.01,27.52,14.71,23.23
2020-03-27,0.0,26.27,16.7,22.5
2020-03-28,2.14,28.99,17.78,19.45
2020-03-29,31.0,27.08,19.07,10.2
2020-03-30,1.21,28.93,20.32,18.24
2020-03-31,1.22,29.79,18.79,22.27
2020-04-01,0.29,30.19,17.95,22.97
2020-04-02,0.24,30.49,18.52,20.96
2020-04-03,0.35,30.82,16.64,18.23
2020-04-04,0.0,28.84,13.13,23.39
2020-04-05,0.01,30.07,14.8,22.84
2020-04-06,0.01,32.42,16.4,22.5
2020-04-07,3.5,26.87,19.6,11.7
2020-04-08,0.06,28.58,17.16,20.37
2020-04-09,0.01,27.21,14.22,22.35
2020-04-10,0.0,27.84,12.9,22.7
2020-04-11,0.0,29.16,14.36,21.46
2020-04-12,0.0,29.05,14.58,21.76
2020-04-13,0.79,29.86,14.79,20.71
2020-04-14,4.9,27.62,15.87,6.22
2020-04-15,1.45,25.55,17.13,15.63
2020-04-16,0.01,28.24,12.66,16.73
2020-04-17,0.0,28.5,13.97,19.36
2020-04-18,0.0,25.81,14.8,19.03
2020-04-19,0.01,28.49,15.64,14.79
2020-04-20,0.0,28.68,15.91,19.27
2020-04-21,0.0,29.16,14.91,20.44
2020-04-22,0.0,29.31,13.97,20.55
2020-04-23,0.0,29.62,14.28,21.09
2020-04-24,0.01,30.58,15.46,19.11
2020-04-25,0.0,31.05,17.42,20.47
2020-04-26,0.0,30.79,15.19,20.71
2020-04-27,0.0,29.18,15.79,20.15
2020-04-28,0.02,28.4,15.08,19.99
2020-04-29,0.01,29.06,13.73,20.68
2020-04-30,0.0,30.44,14.83,18.91
2020-05-01,0.0,31.28,15.35,19.4
2020-05-02,0.0,30.76,16.16,18.66
2020-05-03,0.0,27.6,14.84,18.98
2020-05-04,0.0,28.31,12.85,19.8
2020-05-05,0.0,28.53,12.76,16.19
2020-05-06,0.02,30.02,17.13,12.91
2020-05-07,0.01,22.7,13.41,13.07
2020-05-08,0.0,25.52,11.68,19.68
2020-05-09,0.01,27.57,10.94,19.74
2020-05-10,0.01,27.84,11.79,19.51
2020-05-11,0.0,28.46,12.89,18.69
2020-05-12,0.0,29.64,12.29,18.08
2020-05-13,0.0,27.2,14.68,11.45
2020-05-14,7.13,26.24,16.43,7.8
2020-05-15,0.84,26.08,15.21,11.94
2020-05-16,0.1,27.09,13.32,15.5
2020-05-17,0.01,27.63,11.97,18.7
2020-05-18,0.0,28.94,10.98,18.29
2020-05-19,0.0,28.93,13.48,17.57
2020-05-20,0.0,27.8,15.65,15.7
2020-05-21,0.0,29.1,15.47,16.48
2020-05-22,0.32,29.78,14.94,14.67
2020-05-23,16.48,22.98,12.68,4.58
2020-05-24,0.02,19.17,9.65,5.49
2020-05-25,0.03,20.73,8.37,16.85
2020-05-26,0.0,21.82,6.32,18.27
2020-05-27,0.13,24.69,6.63,17.36
2020-05-28,0.0,25.28,7.9,18.59
2020-05-29,0.0,27.42,8.3,18.2
2020-05-30,0.23,26.73,9.21,18.09
2020-05-31,0.0,26.15,10.83,17.78
2020-06-01,0.0,28.38,10.74,17.4
2020-06-02,0.76,27.58,12.19,15.37
2020-06-03,1.45,27.95,15.48,9.27
2020-06-04,0.39,29.65,15.01,13.85
2020-06-05,0.86,29.49,16.57,11.99
2020-06-06,2.89,29.14,17.57,12.75
2020-06-07,4.99,24.1,16.11,8.11
2020-06-08,0.12,29.09,17.07,14.08
2020-06-09,3.59,30.32,16.9,14.13
2020-06-10,0.19,30.91,18.12,13.46
2020-06-11,0.04,30.74,16.3,15.78
2020-06-12,0.01,30.7,16.6,15.82
2020-06-13,0.01,30.61,15.74,16.09
2020-06-14,0.02,28.1,14.67,15.48
2020-06-15,0.0,28.27,13.48,15.71
2020-06-16,0.01,27.84,14.85,15.16
2020-06-17,0.0,27.34,14.78,15.36
2020-06-18,0.0,27.33,13.58,15.87
2020-06-19,0.0,28.18,14.3,15.44
2020-06-20,0.0,29.82,13.81,16.11
2020-06-21,0.0,30.01,16.68,16.32
2020-06-22,0.0,29.27,14.08,16.67
2020-06-23,0.0,27.94,13.79,14.02
2020-06-24,0.0,29.14,12.9,14.55
2020-06-25,0.2,29.04,15.88,14.44
2020-06-26,12.34,26.26,17.58,11.74
2020-06-27,4.99,20.6,12.69,4.4
2020-06-28,0.05,23.45,11.17,15.88
2020-06-29,0.17,26.24,11.94,14.27
2020-06-30,0.01,26.06,15.64,14.24
2020-07-01,1.41,20.78,9.63,7.18
2020-07-02,0.01,22.22,7.49,16.96
2020-07-03,0.01,23.56,8.45,17.23
2020-07-04,0.01,27.75,9.09,17.27
2020-07-05,0.02,29.46,11.78,14.77
2020-07-06,0.0,30.98,15.34,16.05
2020-07-07,0.0,30.85,15.31,16.94
2020-07-08,0.0,29.39,14.72,15.47
2020-07-09,1.03,27.37,14.1,11.86
2020-07-10,0.02,27.69,12.2,15.65
2020-07-11,0.0,30.24,15.64,15.94
2020-07-12,0.0,30.36,15.69,16.12
2020-07-13,0.08,30.49,16.06,16.01
2020-07-14,0.15,29.3,17.04,13.76
2020-07-15,0.01,28.65,13.96,15.2
2020-07-16,0.02,29.79,13.05,16.09
2020-07-17,0.0,29.99,17.78,16.02
2020-07-18,0.0,29.68,14.88,15.16
2020-07-19,0.0,28.19,14.12,17.85
2020-07-20,0.0,29.3,13.01,18.06
2020-07-21,0.0,30.35,13.18,18.11
2020-07-22,0.0,30.78,14.38,18.06
2020-07-23,0.0,30.66,13.97,18.24
2020-07-24,0.0,29.85,13.79,18.43
2020-07-25,0.0,30.88,14.14,18.52
2020-07-26,0.0,30.59,13.92,17.98
2020-07-27,0.0,30.74,15.13,16.84
2020-07-28,0.0,31.66,17.42,17.53
2020-07-29,0.0,29.37,15.01,16.77
2020-07-30,0.02,26.37,12.9,17.38
2020-07-31,0.02,29.05,12.62,16.79
2020-08-01,0.0,28.77,13.58,16.64
2020-08-02,0.0,28.99,12.67,18.44
2020-08-03,0.0,29.24,12.15,19.53
2020-08-04,0.0,29.43,11.67,19.83
2020-08-05,0.17,29.53,11.4,19.61
2020-08-06,0.0,29.5,11.48,19.37
2020-08-07,0.0,29.24,10.92,20.29
2020-08-08,0.04,29.51,11.81,16.09
2020-08-09,0.01,29.46,14.46,17.21
2020-08-10,0.0,30.53,14.8,20.09
2020-08-11,0.01,31.13,15.16,18.3
2020-08-12,0.0,31.54,15.0,19.76
2020-08-13,0.0,33.47,18.71,16.91
2020-08-14,0.0,32.75,18.74,18.26
2020-08-15,0.02,33.1,19.59,18.13
2020-08-16,3.77,27.69,19.13,11.18
2020-08-17,6.97,30.75,18.22,9.26
2020-08-18,2.18,29.74,18.17,16.03
2020-08-19,0.3,33.67,19.07,19.15
2020-08-20,0.18,27.74,14.83,15.91
2020-08-21,3.46,17.69,9.48,2.99
2020-08-22,0.15,21.22,8.45,13.97
2020-08-23,0.01,25.27,9.3,21.32
2020-08-24,0.01,27.54,10.48,21.38
2020-08-25,0.01,27.0,9.33,23.01
2020-08-26,0.62,28.73,8.54,23.61
2020-08-27,1.8,31.24,10.03,22.78
2020-08-28,0.4,33.09,13.39,22.92
2020-08-29,0.0,33.6,16.0,22.79
2020-08-30,0.0,34.72,16.88,22.73
2020-08-31,0.0,34.39,16.46,22.44
2020-09-01,0.1,33.15,16.93,21.46
2020-09-02,0.0,32.93,17.16,21.08
2020-09-03,0.0,33.83,17.51,23.29
2020-09-04,0.17,36.14,16.94,23.59
2020-09-05,0.0,35.88,17.0,23.76
2020-09-06,0.0,35.23,16.38,23.41
2020-09-07,0.0,35.71,16.82,23.52
2020-09-08,0.0,35.96,17.08,22.98
2020-09-09,0.0,37.34,17.45,23.02
2020-09-10,0.0,37.07,19.02,21.55
2020-09-11,0.0,37.8,20.56,21.5
2020-09-12,0.0,37.07,22.09,21.5
2020-09-13,0.02,36.83,20.66,23.43
2020-09-14,0.0,35.55,18.75,23.27
2020-09-15,0.0,34.25,18.75,19.38
2020-09-16,0.0,35.5,18.06,23.23
2020-09-17,0.0,37.66,19.71,22.28
2020-09-18,0.0,36.66,18.84,19.23
2020-09-19,0.53,33.65,21.59,6.11
2020-09-20,0.66,33.23,18.45,2.83
2020-09-21,0.28,29.09,16.66,11.34
2020-09-22,7.68,24.25,14.4,11.75
2020-09-23,0.0,29.55,15.1,16.62
2020-09-24,0.0,32.82,15.21,25.63
2020-09-25,0.0,35.5,16.7,25.52
2020-09-26,0.0,37.38,18.12,25.82
2020-09-27,0.0,38.81,18.49,25.16
2020-09-28,0.32,38.51,21.15,23.9
2020-09-29,3.99,38.34,21.84,24.1
2020-09-30,0.18,39.68,22.56,23.55
2020-10-01,0.1,40.33,22.95,23.02
2020-10-02,0.01,39.82,26.93,24.82
2020-10-03,0.01,40.4,22.45,21.72
2020-10-04,0.03,39.55,20.33,22.37
2020-10-05,0.02,41.41,21.54,23.5
2020-10-06,0.03,41.96,23.54,20.75
2020-10-07,0.05,41.48,25.69,21.56
2020-10-08,0.31,39.61,25.82,11.78
2020-10-09,1.4,38.84,22.77,11.79
2020-10-10,0.63,34.41,18.29,16.83
2020-10-11,0.0,34.27,15.04,21.76
2020-10-12,0.0,35.85,15.71,24.72
2020-10-13,0.06,38.44,17.63,24.79
2020-10-14,0.01,38.16,21.5,18.73
2020-10-15,4.45,31.49,19.96,9.13
2020-10-16,0.14,29.31,17.45,11.3
2020-10-17,0.2,30.41,15.85,23.15
2020-10-18,0.06,33.86,18.44,20.84
2020-10-19,4.64,30.36,20.63,13.94
2020-10-20,2.37,29.36,19.06,11.3
2020-10-21,1.8,29.15,20.28,21.0
2020-10-22,0.22,33.53,18.43,24.85
2020-10-23,1.89,33.88,19.42,24.53
2020-10-24,6.59,25.93,19.8,10.85
2020-10-25,2.01,32.83,18.21,20.55
2020-10-26,0.14,34.22,17.82,26.63
2020-10-27,0.0,34.38,20.03,22.14
2020-10-28,0.0,35.71,16.63,30.47
2020-10-29,2.42,30.77,21.5,19.81
2020-10-30,2.98,28.91,17.87,12.37
2020-10-31,0.13,28.87,16.3,19.31
2020-11-01,0.0,29.35,14.18,24.85
2020-11-02,0.0,29.75,11.99,30.23
2020-11-03,0.2,30.68,12.07,20.04
2020-11-04,0.86,31.92,13.16,28.09
2020-11-05,0.09,32.76,14.33,27.72
2020-11-06,0.0,33.23,14.27,30.92
2020-11-07,0.0,36.47,13.86,30.36
2020-11-08,0.01,38.06,16.01,29.36
2020-11-09,1.58,38.63,19.06,25.36
2020-11-10,1.94,31.39,20.44,17.01
2020-11-11,7.54,30.49,21.38,19.84
2020-11-12,1.06,31.15,19.53,22.08
2020-11-13,5.92,28.46,20.51,22.0
2020-11-14,1.01,29.51,20.15,20.84
2020-11-15,0.58,35.72,19.1,25.82
2020-11-16,1.83,34.98,20.94,19.96
2020-11-17,13.28,33.52,22.31,19.44
2020-11-18,6.69,30.99,19.22,15.89
2020-11-19,1.81,31.19,17.34,15.28
2020-11-20,0.21,31.16,15.12,27.7
2020-11-21,0.5,32.23,14.34,30.94
2020-11-22,0.53,33.7,14.93,26.84
2020-11-23,0.16,34.47,16.28,28.79
2020-11-24,0.55,34.76,17.97,28.25
2020-11-25,0.24,35.5,19.41,28.62
2020-11-26,1.25,34.89,20.03,25.24
2020-11-27,1.06,35.23,20.31,27.91
2020-11-28,1.3,33.8,21.06,28.36
2020-11-29,0.07,36.59,20.58,25.82
2020-11-30,1.51,34.73,22.04,24.04
2020-12-01,2.85,35.33,21.25,24.59
2020-12-02,4.97,29.71,20.71,15.09
2020-12-03,0.95,33.63,19.45,18.83
2020-12-04,1.88,35.33,20.2,25.45
2020-12-05,13.39,35.26,21.38,20.98
2020-12-06,5.08,30.05,19.58,17.33
2020-12-07,9.56,31.11,20.12,12.48
2020-12-08,4.07,31.05,20.67,17.62
2020-12-09,3.72,31.7,20.83,21.9
2020-12-10,0.54,32.76,18.08,24.76
2020-12-11,2.1,27.49,19.18,13.16
2020-12-12,5.65,30.89,18.39,17.79
2020-12-13,7.76,27.42,19.56,20.47
2020-12-14,1.86,32.54,20.49,22.46
2020-12-15,4.63,29.57,21.15,20.33
2020-12-16,4.17,30.09,21.01,21.84
2020-12-17,2.97,30.96,21.14,19.42
2020-12-18,0.55,34.16,20.45,26.77
2020-12-19,0.3,34.7,21.54,28.47
2020-12-20,0.25,34.09,22.34,18.82
2020-12-21,0.72,35.31,22.99,25.24
2020-12-22,4.09,33.13,20.87,19.11
2020-12-23,1.33,33.66,19.43,21.96
2020-12-24,0.14,33.73,18.49,24.59
2020-12-25,1.13,33.73,17.72,19.68
2020-12-26,5.09,31.67,18.45,20.74
2020-12-27,8.52,26.46,20.77,17.46
2020-12-28,9.55,30.83,19.9,17.89
2020-12-29,12.7,30.38,20.0,16.9
2020-12-30,0.8,32.21,19.9,16.55
2020-12-31,2.24,31.48,20.73,11.32
2021-01-01,4.71,29.26,20.32,18.97
2021-01-02,5.97,31.07,20.06,18.59
2021-01-03,3.69,32.02,18.2,25.09
2021-01-04,0.26,33.19,18.74,28.05
2021-01-05,0.09,33.4,20.0,24.48
2021-01-06,1.23,32.68,21.63,19.4
2021-01-07,3.03,30.79,21.52,19.57
2021-01-08,0.5,29.59,20.64,22.75
2021-01-09,1.09,34.81,20.61,21.94
2021-01-10,3.76,32.6,21.86,13.32
2021-01-11,3.64,30.78,22.2,21.05
2021-01-12,3.75,29.02,21.84,16.63
2021-01-13,7.18,30.04,22.02,19.08
2021-01-14,6.86,25.62,20.91,19.6
2021-01-15,5.22,29.47,20.11,12.22
2021-01-16,4.67,29.84,19.98,20.84
2021-01-17,4.14,28.95,20.34,18.11
2021-01-18,3.11,31.08,20.14,22.63
2021-01-19,4.72,29.53,21.36,24.17
2021-01-20,0.12,31.85,21.69,27.02
2021-01-21,0.03,33.76,21.2,28.46
2021-01-22,0.0,33.6,20.92,28.65
2021-01-23,0.04,32.49,22.28,27.21
2021-01-24,0.84,30.33,21.05,23.48
2021-01-25,6.35,29.51,20.31,24.77
2021-01-26,1.42,30.04,19.96,22.81
2021-01-27,5.42,30.8,20.99,25.79
2021-01-28,1.77,32.41,19.84,23.2
2021-01-29,0.23,34.28,20.43,24.5
2021-01-30,0.04,36.33,20.51,28.35
2021-01-31,0.59,34.99,21.58,24.91
2021-02-01,0.6,32.27,20.95,16.9
2021-02-02,2.58,35.48,21.08,24.63
2021-02-03,2.88,35.29,21.11,27.03
2021-02-04,0.36,33.3,22.29,24.17
2021-02-05,6.74,33.65,21.62,18.87
2021-02-06,0.37,33.45,18.77,22.69
2021-02-07,0.0,32.27,17.99,26.31
2021-02-08,0.04,31.61,17.83,25.96
2021-02-09,0.6,32.38,17.33,26.04
2021-02-10,2.48,33.53,19.06,26.8
2021-02-11,4.17,28.1,19.49,9.9
2021-02-12,10.83,25.95,19.54,12.1
2021-02-13,6.67,29.16,19.86,15.0
2021-02-14,2.34,28.99,18.65,19.69
2021-02-15,1.16,30.04,20.13,21.44
2021-02-16,1.91,33.52,18.4,23.18
2021-02-17,6.07,31.59,20.21,14.9
2021-02-18,0.17,33.27,18.46,25.4
2021-02-19,0.01,34.38,17.38,28.19
2021-02-20,0.03,35.72,18.1,26.57
2021-02-21,0.3,35.4,19.87,23.82
2021-02-22,0.25,35.37,20.2,26.17
2021-02-23,0.0,35.97,20.05,26.95
2021-02-24,3.71,35.98,20.98,25.97
2021-02-25,5.37,32.38,21.22,15.17
2021-02-26,7.57,29.6,19.34,15.77
2021-02-27,3.84,30.03,19.52,16.31
2021-02-28,6.11,28.23,19.36,18.11
2021-03-01,0.95,28.5,19.2,20.56
2021-03-02,1.37,28.94,20.33,22.93
2021-03-03,1.02,31.53,20.7,20.18
2021-03-04,2.82,31.14,20.09,20.51
2021-03-05,7.54,26.9,19.89,14.69
2021-03-06,9.5,25.88,19.99,14.21
2021-03-07,6.32,28.41,19.57,11.79
2021-03-08,4.26,28.95,19.28,17.98
2021-03-09,0.95,30.28,18.14,22.98
2021-03-10,0.56,31.25,18.23,24.11
2021-03-11,1.07,32.16,18.47,24.06
2021-03-12,0.03,34.54,19.6,23.57
2021-03-13,0.02,31.96,19.79,24.5
2021-03-14,1.77,33.87,19.84,21.11
2021-03-15,1.91,33.06,19.62,21.81
2021-03-16,0.92,33.59,20.17,23.69
2021-03-17,8.58,31.24,20.39,21.53
2021-03-18,4.35,29.01,19.99,9.17
2021-03-19,1.17,32.18,19.28,18.34
2021-03-20,0.17,33.62,19.94,22.7
2021-03-21,0.02,33.64,20.76,24.63
2021-03-22,0.0,34.85,18.67,23.82
2021-03-23,0.04,35.24,19.57,21.46
2021-03-24,0.13,35.72,20.53,20.98
2021-03-25,0.15,34.97,20.31,23.14
2021-03-26,0.86,34.84,21.38,22.63
2021-03-27,3.0,34.75,21.4,23.45
2021-03-28,0.61,34.86,21.12,21.72
2021-03-29,0.13,35.58,21.0,21.67
2021-03-30,0.2,33.84,20.05,22.93
2021-03-31,0.04,32.16,18.6,20.84
2021-04-01,0.0,31.19,15.69,21.3
2021-04-02,0.0,31.46,16.06,24.56
2021-04-03,0.02,32.43,15.79,22.64
2021-04-04,0.0,32.62,17.31,21.47
2021-04-05,0.27,31.72,17.85,20.4
2021-04-06,4.32,28.61,18.64,9.92
2021-04-07,0.43,30.74,18.06,19.95
2021-04-08,0.22,32.51,18.52,22.92
2021-04-09,0.37,31.67,16.07,22.27
2021-04-10,0.29,32.59,15.31,23.6
2021-04-11,0.54,32.61,15.03,23.81
2021-04-12,0.0,33.38,17.0,23.58
2021-04-13,0.04,28.65,18.66,11.6
2021-04-14,0.0,30.74,15.98,19.43
2021-04-15,0.31,30.85,16.71,20.38
2021-04-16,1.4,31.37,17.18,18.33
2021-04-17,15.45,28.36,17.62,14.15
2021-04-18,3.42,28.25,17.87,12.14
2021-04-19,0.21,28.01,16.21,17.65
2021-04-20,0.02,28.37,15.94,20.75
2021-04-21,0.0,28.29,14.93,21.85
2021-04-22,0.0,28.13,15.68,20.85
2021-04-23,0.0,29.04,14.31,21.75
2021-04-24,0.0,30.77,14.95,20.84
2021-04-25,0.0,31.35,15.89,19.61
2021-04-26,0.03,31.52,17.22,17.78
2021-04-27,0.04,30.29,16.93,17.11
2021-04-28,0.02,30.05,15.04,20.71
2021-04-29,0.0,28.17,14.64,19.38
2021-04-30,0.02,28.8,14.4,18.55
2021-05-01,0.0,27.07,16.58,14.25
2021-05-02,0.0,30.22,14.34,19.17
2021-05-03,0.01,30.85,13.65,20.17
2021-05-04,0.0,31.24,13.52,18.91
2021-05-05,0.0,31.45,14.76,19.89
2021-05-06,0.0,30.91,16.55,18.63
2021-05-07,0.0,27.2,15.72,16.93
2021-05-08,0.0,28.8,14.86,18.16
2021-05-09,0.0,29.76,14.24,17.61
2021-05-10,0.06,29.51,14.65,15.5
2021-05-11,0.03,29.93,14.24,15.44
2021-05-12,1.61,29.32,15.81,13.53
2021-05-13,0.6,26.92,14.41,15.03
2021-05-14,0.14,27.31,13.71,15.56
2021-05-15,0.08,28.82,14.23,11.05
2021-05-16,0.01,28.55,14.33,16.11
2021-05-17,0.01,28.38,13.05,17.46
2021-05-18,0.0,28.0,13.28,16.74
2021-05-19,0.01,29.09,12.3,18.58
2021-05-20,0.01,29.75,14.69,18.41
2021-05-21,0.02,30.48,17.23,13.5
2021-05-22,1.94,26.01,17.85,6.21
2021-05-23,7.21,25.62,16.97,6.72
2021-05-24,0.0,23.69,11.4,13.13
2021-05-25,0.01,25.83,9.71,16.6
2021-05-26,0.0,29.8,14.44,15.35
2021-05-27,0.0,30.54,15.35,15.81
2021-05-28,0.01,31.22,17.45,13.06
2021-05-29,1.21,30.96,18.52,12.98
2021-05-30,0.37,29.57,17.72,13.02
2021-05-31,0.16,28.69,16.9,11.95
2021-06-01,0.01,29.03,15.18,15.84
2021-06-02,0.01,30.61,13.64,16.27
2021-06-03,0.01,31.36,16.56,16.65
2021-06-04,0.0,31.24,14.3,16.97
2021-06-05,0.0,30.06,15.01,16.29
2021-06-06,0.0,28.26,16.66,13.27
2021-06-07,1.82,28.82,15.59,13.38
2021-06-08,0.78,27.93,15.76,13.39
2021-06-09,0.85,29.98,15.5,13.84
2021-06-10,9.12,28.24,15.28,5.98
2021-06-11,8.17,23.98,16.36,8.81
2021-06-12,0.01,25.12,13.17,15.42
2021-06-13,0.07,25.24,11.44,17.14
2021-06-14,0.04,26.97,10.18,16.97
2021-06-15,0.0,27.05,11.32,15.8
2021-06-16,0.03,24.97,11.3,16.93
2021-06-17,0.01,24.92,11.92,16.4
2021-06-18,0.33,26.93,11.62,15.73
2021-06-19,0.01,28.44,14.09,13.53
2021-06-20,0.03,25.6,13.39,13.4
2021-06-21,0.51,26.47,11.56,14.68
2021-06-22,2.14,26.05,15.98,10.82
2021-06-23,0.09,25.1,13.06,15.21
2021-06-24,0.01,28.73,11.77,16.08
2021-06-25,0.0,30.89,14.71,15.14
2021-06-26,0.0,30.44,16.1,15.82
2021-06-27,0.0,28.91,15.21,16.59
2021-06-28,0.0,27.78,11.92,17.02
2021-06-29,0.0,20.65,8.81,6.64
2021-06-30,0.0,19.0,5.46,14.48
2021-07-01,0.0,23.5,4.92,17.51
2021-07-02,0.0,27.37,8.19,16.47
2021-07-03,0.0,27.51,9.81,17.05
2021-07-04,0.0,26.0,10.82,16.7
2021-07-05,0.0,26.19,10.51,16.4
2021-07-06,0.0,25.49,11.86,16.79
2021-07-07,0.0,25.75,11.73,16.88
2021-07-08,0.02,25.96,11.22,17.38
2021-07-09,0.0,27.02,9.87,17.35
2021-07-10,0.0,27.83,10.16,17.27
2021-07-11,0.0,28.12,11.06,17.47
2021-07-12,0.0,28.69,11.14,17.69
2021-07-13,0.0,28.54,11.89,17.62
2021-07-14,0.58,28.73,11.85,17.34
2021-07-15,0.0,29.75,13.37,17.56
2021-07-16,0.62,29.79,13.92,15.96
2021-07-17,0.76,29.74,14.33,14.64
2021-07-18,0.27,26.52,11.49,13.07
2021-07-19,0.02,22.06,4.23,19.11
2021-07-20,0.08,23.8,4.49,16.68
2021-07-21,0.59,26.47,8.17,15.51
2021-07-22,0.0,29.71,8.27,18.52
2021-07-23,0.01,28.94,10.13,18.46
2021-07-24,0.0,28.87,11.39,18.79
2021-07-25,0.0,29.06,11.83,18.85
2021-07-26,0.0,30.24,11.7,18.78
2021-07-27,0.05,31.02,13.36,18.36
2021-07-28,9.29,18.26,8.59,3.43
2021-07-29,0.0,17.89,2.95,19.55
2021-07-30,0.08,18.03,2.47,18.01
2021-07-31,0.02,24.11,6.61,18.63
2021-08-01,0.0,24.51,9.03,17.92
2021-08-02,0.0,27.05,10.38,18.54
2021-08-03,0.28,24.63,10.78,18.72
2021-08-04,0.08,26.5,10.31,18.05
2021-08-05,0.0,25.41,11.59,15.84
2021-08-06,0.0,25.45,13.2,15.37
2021-08-07,0.0,26.94,16.09,14.53
2021-08-08,0.0,28.66,15.24,17.48
2021-08-09,0.0,29.68,13.13,16.64
2021-08-10,0.0,30.69,13.59,20.2
2021-08-11,0.0,31.44,15.82,19.95
2021-08-12,0.01,29.06,13.3,18.44
2021-08-13,0.01,30.74,13.27,17.46
2021-08-14,0.0,30.77,13.5,17.57
2021-08-15,0.0,32.2,13.81,18.48
2021-08-16,0.42,32.35,16.66,16.42
2021-08-17,0.0,34.34,16.0,18.88
2021-08-18,0.0,34.76,17.72,20.44
2021-08-19,0.12,33.73,17.1,21.34
2021-08-20,0.0,32.42,17.03,21.54
2021-08-21,0.0,32.47,14.68,21.51
2021-08-22,0.0,32.23,15.12,21.69
2021-08-23,0.0,33.61,16.42,21.29
2021-08-24,0.0,35.15,18.61,19.64
2021-08-25,0.01,35.37,17.94,20.34
2021-08-26,0.0,34.77,18.35,19.66
2021-08-27,1.84,30.99,16.92,14.18
2021-08-28,4.03,24.43,16.1,7.69
2021-08-29,0.34,27.93,15.81,12.45
2021-08-30,0.0,29.23,14.91,19.74
2021-08-31,0.0,30.34,14.18,21.77
2021-09-01,0.0,30.57,14.56,22.45
2021-09-02,0.0,31.65,15.39,20.93
2021-09-03,0.0,33.43,17.88,21.46
2021-09-04,0.06,35.2,17.02,22.48
2021-09-05,0.03,35.68,17.12,21.05
2021-09-06,0.0,35.8,17.23,23.26
2021-09-07,0.0,36.62,16.84,21.12
2021-09-08,0.0,37.98,21.22,18.64
2021-09-09,1.85,33.66,20.74,15.4
2021-09-10,0.31,31.58,18.04,12.51
2021-09-11,0.86,28.83,18.6,16.55
2021-09-12,0.06,36.94,17.77,21.49
2021-09-13,0.28,38.49,20.81,17.13
2021-09-14,0.04,37.5,20.18,17.19
2021-09-15,0.33,36.66,21.77,8.08
2021-09-16,0.03,34.88,18.95,16.51
2021-09-17,0.16,34.56,18.95,19.76
2021-09-18,0.0,37.7,21.42,21.68
2021-09-19,0.01,37.35,20.48,21.53
2021-09-20,0.0,39.03,21.8,20.68
2021-09-21,0.0,40.52,19.4,18.87
2021-09-22,0.0,28.59,14.82,20.97
2021-09-23,0.0,31.76,12.75,24.02
2021-09-24,0.0,36.07,14.82,24.7
2021-09-25,0.1,32.66,18.39,15.98
2021-09-26,6.53,34.43,17.42,17.06
2021-09-27,0.66,34.52,19.02,20.82
2021-09-28,0.01,36.39,18.4,23.47
2021-09-29,0.07,36.8,20.9,19.85
2021-09-30,0.06,35.61,17.78,24.96
2021-10-01,2.26,35.09,19.12,16.61
2021-10-02,2.32,30.54,20.38,12.57
2021-10-03,2.4,35.69,20.43,19.34
2021-10-04,10.6,30.93,21.32,17.34
2021-10-05,0.07,33.53,18.78,19.95
2021-10-06,1.05,36.3,16.97,21.55
2021-10-07,3.11,32.99,19.2,6.61
2021-10-08,0.11,33.74,16.64,22.19
2021-10-09,7.79,32.94,17.0,19.69
2021-10-10,7.28,26.93,17.21,8.42
2021-10-11,2.89,27.12,16.85,14.09
2021-10-12,0.01,32.4,17.14,24.72
2021-10-13,0.03,33.68,16.7,24.75
2021-10-14,4.02,34.44,19.01,12.87
2021-10-15,8.93,28.98,21.37,19.91
2021-10-16,9.95,30.42,20.92,15.96
2021-10-17,3.61,31.54,17.5,22.03
2021-10-18,3.65,28.4,17.02,12.89
2021-10-19,1.27,28.77,15.78,15.29
2021-10-20,1.93,26.86,13.66,18.73
2021-10-21,0.02,29.36,12.49,24.98
2021-10-22,0.01,32.17,13.49,28.92
2021-10-23,1.3,34.96,14.22,29.48
2021-10-24,23.34,27.97,16.36,11.54
2021-10-25,0.29,31.76,14.53,20.03
2021-10-26,2.62,28.42,17.63,18.86
2021-10-27,10.39,26.96,18.33,13.49
2021-10-28,11.11,24.42,19.1,12.07
2021-10-29,0.14,30.89,18.62,24.56
2021-10-30,6.16,30.81,17.7,24.69
2021-10-31,5.25,26.57,18.14,6.42
2021-11-01,0.76,29.85,16.72,17.75
2021-11-02,0.05,31.32,17.28,25.22
2021-11-03,0.01,32.75,17.14,25.94
2021-11-04,0.04,34.5,16.96,29.29
2021-11-05,0.1,34.81,18.02,26.29
2021-11-06,0.02,35.32,18.68,25.95
2021-11-07,0.0,35.76,18.1,27.77
2021-11-08,0.19,35.97,17.76,25.61
2021-11-09,0.68,35.41,18.16,24.87
2021-11-10,0.8,34.41,17.38,18.77
2021-11-11,8.02,29.54,17.74,13.31
2021-11-12,0.06,30.34,15.93,16.51
2021-11-13,0.01,30.48,12.92,29.1
2021-11-14,0.01,32.91,13.89,28.29
2021-11-15,0.01,33.77,15.6,25.49
2021-11-16,0.0,33.4,18.03,25.42
2021-11-17,1.06,34.49,19.63,25.85
2021-11-18,25.47,26.73,20.91,11.68
2021-11-19,18.33,27.69,18.6,13.12
2021-11-20,0.77,30.15,16.83,22.96
2021-11-21,0.02,30.97,14.65,28.54
2021-11-22,0.01,34.14,13.82,31.05
2021-11-23,0.01,36.23,14.7,31.38
2021-11-24,0.0,35.84,17.77,25.72
2021-11-25,2.01,36.31,19.0,26.91
2021-11-26,28.79,27.51,21.43,8.05
2021-11-27,1.76,30.67,19.58,29.29
2021-11-28,0.03,32.96,17.6,31.48
2021-11-29,0.91,33.56,22.05,22.5
2021-11-30,22.1,28.05,20.13,9.91
2021-12-01,0.52,31.86,18.82,26.43
2021-12-02,0.34,33.35,18.35,26.75
2021-12-03,0.47,32.57,17.55,27.46
2021-12-04,0.22,32.16,17.26,25.93
2021-12-05,6.29,31.67,18.36,18.04
2021-12-06,5.86,30.86,19.62,21.46
2021-12-07,1.02,28.47,16.07,23.92
2021-12-08,0.1,27.35,14.77,26.53
2021-12-09,0.01,30.9,14.64,30.22
2021-12-10,0.0,32.23,13.99,31.29
2021-12-11,0.01,34.14,14.81,28.63
2021-12-12,0.97,33.79,19.57,18.92
2021-12-13,10.06,29.2,21.61,15.6
2021-12-14,15.12,28.35,20.8,15.61
2021-12-15,15.31,28.45,20.87,9.71
2021-12-16,8.12,27.84,20.76,18.5
2021-12-17,12.77,29.16,20.66,12.08
2021-12-18,3.91,29.65,19.17,19.43
2021-12-19,0.06,29.31,16.96,27.33
2021-12-20,0.07,31.01,16.36,29.54
2021-12-21,0.01,31.19,17.32,27.84
2021-12-22,0.47,32.28,19.29,24.28
2021-12-23,4.79,27.93,17.85,19.22
2021-12-24,0.0,29.99,14.28,31.7
2021-12-25,0.02,31.53,15.68,29.44
2021-12-26,0.45,33.77,17.12,27.97
2021-12-27,3.65,34.19,20.18,27.22
2021-12-28,15.22,32.5,20.69,18.32
2021-12-29,6.81,28.74,19.8,21.28
2021-12-30,7.03,28.57,19.56,8.25
2021-12-31,6.46,28.8,17.38,13.97
2022-01-01,6.35,27.98,18.98,16.23
2022-01-02,1.56,28.34,19.9,17.84
2022-01-03,10.56,28.38,19.91,18.72
2022-01-04,13.16,29.84,20.54,14.89
2022-01-05,3.95,26.27,20.35,16.14
2022-01-06,11.72,26.54,20.58,14.9
2022-01-07,8.08,26.11,18.87,12.6
2022-01-08,0.2,28.84,18.05,19.16
2022-01-09,0.65,25.57,16.9,11.2
2022-01-10,5.52,29.08,16.54,11.58
2022-01-11,7.43,25.51,18.67,16.42
2022-01-12,10.1,26.05,18.21,17.91
2022-01-13,1.79,28.27,18.64,25.7
2022-01-14,4.37,29.98,19.6,21.84
2022-01-15,11.93,27.32,20.28,22.51
2022-01-16,1.24,28.87,18.83,11.28
2022-01-17,2.96,30.17,17.3,26.49
2022-01-18,10.05,29.26,20.0,23.04
2022-01-19,9.0,30.0,19.81,26.75
2022-01-20,3.63,30.6,19.39,26.73
2022-01-21,0.09,32.02,20.33,28.05
2022-01-22,0.13,33.59,19.75,27.37
2022-01-23,0.96,33.16,20.44,25.07
2022-01-24,1.75,34.15,21.62,26.46
2022-01-25,3.75,30.77,21.65,26.47
2022-01-26,6.0,29.82,21.6,24.15
2022-01-27,4.43,30.9,20.1,25.07
2022-01-28,16.05,29.26,20.45,20.15
2022-01-29,56.46,24.66,19.35,8.82
2022-01-30,38.35,24.26,19.86,9.26
2022-01-31,23.02,25.55,19.74,10.45
2022-02-01,9.02,27.12,19.73,13.3
2022-02-02,26.27,25.46,19.71,13.48
2022-02-03,19.73,23.94,19.7,17.28
2022-02-04,3.71,26.89,19.26,22.81
2022-02-05,7.37,28.14,19.95,17.91
2022-02-06,10.05,27.9,20.49,16.81
2022-02-07,18.9,26.24,19.2,10.91
2022-02-08,0.7,29.08,17.32,20.25
2022-02-09,0.03,28.17,15.87,22.8
2022-02-10,0.2,28.51,16.02,22.71
2022-02-11,4.75,27.45,18.39,20.0
2022-02-12,0.92,29.44,18.4,24.41
2022-02-13,0.21,30.18,17.82,25.48
2022-02-14,0.02,31.66,17.02,25.34
2022-02-15,4.75,30.59,19.64,23.11
2022-02-16,2.62,30.02,18.76,26.42
2022-02-17,1.0,28.89,18.24,18.32
2022-02-18,1.35,26.23,18.66,13.6
2022-02-19,3.35,28.38,17.4,20.82
2022-02-20,0.87,28.09,18.04,23.17
2022-02-21,0.41,29.49,18.07,24.22
2022-02-22,0.53,31.06,20.32,25.17
2022-02-23,2.21,30.51,19.73,25.02
2022-02-24,1.84,30.35,20.18,24.07
2022-02-25,1.91,31.09,20.61,24.72
2022-02-26,1.2,31.17,19.63,23.88
2022-02-27,0.31,30.98,18.82,25.28
2022-02-28,0.11,31.06,19.52,24.89
2022-03-01,3.58,30.48,19.9,21.42
2022-03-02,1.27,30.4,19.68,25.45
2022-03-03,2.1,29.88,19.17,23.45
2022-03-04,2.62,29.6,20.7,24.78
2022-03-05,4.57,30.07,19.11,23.14
2022-03-06,2.35,29.85,19.68,24.15
2022-03-07,0.56,31.27,19.57,25.18
2022-03-08,2.12,31.57,20.52,22.79
2022-03-09,1.41,26.16,21.35,16.71
2022-03-10,8.67,30.57,20.1,23.81
2022-03-11,15.4,27.81,20.23,20.18
2022-03-12,9.35,28.63,19.89,17.35
2022-03-13,12.68,26.17,19.78,16.39
2022-03-14,3.53,27.68,18.89,17.1
2022-03-15,2.96,28.18,20.05,17.28
2022-03-16,5.49,28.55,20.16,19.0
2022-03-17,4.39,29.53,20.31,22.01
2022-03-18,0.73,30.7,20.26,23.31
2022-03-19,3.48,29.91,21.57,18.35
2022-03-20,3.32,26.28,18.67,19.59
2022-03-21,0.14,27.08,17.36,18.46
2022-03-22,0.01,28.24,15.2,24.76
2022-03-23,0.0,29.29,17.52,23.74
2022-03-24,0.1,30.49,18.62,23.89
2022-03-25,4.26,30.75,20.07,21.8
2022-03-26,5.97,27.9,20.59,17.68
2022-03-27,0.98,27.28,20.57,15.47
2022-03-28,3.35,29.13,19.3,18.26
2022-03-29,0.29,30.43,19.11,23.61
2022-03-30,3.65,30.04,18.65,20.17
2022-03-31,14.79,29.44,17.61,18.49
2022-04-01,6.48,25.35,16.61,10.89
2022-04-02,0.01,28.26,16.8,20.02
2022-04-03,0.02,29.37,17.63,21.55
2022-04-04,1.17,29.66,19.25,21.12
2022-04-05,4.66,30.28,19.77,17.24
2022-04-06,0.21,29.89,19.05,21.49
2022-04-07,0.0,29.97,17.97,21.15
2022-04-08,3.05,31.3,18.11,17.63
2022-04-09,1.35,26.78,20.8,17.01
2022-04-10,0.18,29.83,19.68,20.22
2022-04-11,1.56,30.54,18.06,20.77
2022-04-12,1.15,29.42,19.01,11.88
2022-04-13,1.25,28.53,19.45,15.22
2022-04-14,1.24,28.42,18.4,14.62
2022-04-15,0.03,25.49,13.67,21.98
2022-04-16,0.0,25.03,10.43,23.0
2022-04-17,0.0,26.31,13.68,22.17
2022-04-18,0.0,28.17,13.45,19.27
2022-04-19,0.01,29.23,14.97,19.41
2022-04-20,0.02,29.46,15.37,19.24
2022-04-21,0.03,28.93,15.05,20.55
2022-04-22,0.07,30.35,15.68,18.9
2022-04-23,0.07,29.44,16.87,17.48
2022-04-24,0.0,30.8,17.28,20.45
2022-04-25,0.07,31.06,16.51,19.36
2022-04-26,0.06,31.73,18.44,17.39
2022-04-27,0.06,31.56,17.29,18.66
2022-04-28,0.03,31.31,17.53,19.78
2022-04-29,0.01,31.08,15.88,18.73
2022-04-30,0.31,28.05,17.5,15.69
2022-05-01,0.11,30.51,17.23,16.04
2022-05-02,0.01,31.16,16.6,15.52
2022-05-03,0.03,30.88,18.76,18.33
2022-05-04,7.82,19.92,11.24,5.72
2022-05-05,0.01,24.31,9.61,19.52
2022-05-06,0.04,26.62,13.78,19.87
2022-05-07,0.0,27.48,11.53,18.6
2022-05-08,0.0,28.8,12.63,16.84
2022-05-09,0.01,28.31,15.04,14.43
2022-05-10,1.13,28.28,14.19,17.54
2022-05-11,3.13,26.16,14.91,8.3
2022-05-12,0.21,26.77,14.96,14.56
2022-05-13,0.03,28.0,12.54,18.68
2022-05-14,0.04,29.42,12.57,17.99
2022-05-15,9.2,25.87,16.03,8.99
2022-05-16,0.15,23.87,14.09,11.35
2022-05-17,0.0,18.61,7.71,17.85
2022-05-18,0.0,16.07,4.25,18.23
2022-05-19,0.0,19.13,6.48,12.8
2022-05-20,0.02,20.71,5.08,18.78
2022-05-21,0.01,23.38,5.65,16.7
2022-05-22,0.01,25.13,7.94,18.13
2022-05-23,0.0,25.92,10.27,17.11
2022-05-24,0.0,27.5,10.94,17.1
2022-05-25,0.01,26.32,11.22,17.49
2022-05-26,0.0,26.73,11.55,16.06
2022-05-27,0.0,26.95,12.89,15.69
2022-05-28,0.0,27.94,13.4,14.41
2022-05-29,0.0,29.0,12.73,16.93
2022-05-30,3.87,29.9,15.79,15.38
2022-05-31,10.4,25.38,17.66,12.7
2022-06-01,0.14,28.39,16.38,13.0
2022-06-02,0.36,28.56,16.97,14.54
2022-06-03,0.04,26.14,15.06,12.65
2022-06-04,0.0,26.31,13.34,16.57
2022-06-05,0.01,28.37,12.74,15.74
2022-06-06,0.01,28.14,13.06,15.4
2022-06-07,0.13,28.83,13.57,15.03
2022-06-08,3.36,25.0,16.61,10.49
2022-06-09,1.45,26.6,15.24,6.3
2022-06-10,0.79,23.49,16.25,9.14
2022-06-11,0.04,21.5,13.35,9.97
2022-06-12,0.01,22.54,8.38,11.13
2022-06-13,0.03,19.85,7.76,16.39
2022-06-14,0.01,25.01,8.87,14.06
2022-06-15,0.0,26.56,10.1,14.71
2022-06-16,0.0,28.55,11.14,16.55
2022-06-17,0.0,29.58,11.67,16.78
2022-06-18,6.55,24.01,14.78,8.06
2022-06-19,0.21,25.74,12.35,13.19
2022-06-20,0.7,26.2,12.8,12.23
2022-06-21,0.08,29.35,13.93,15.88
2022-06-22,0.01,29.26,14.28,16.13
2022-06-23,0.02,29.52,13.42,16.57
2022-06-24,0.01,29.41,11.59,16.04
2022-06-25,0.0,27.73,11.64,16.21
2022-06-26,0.0,25.03,13.62,15.37
2022-06-27,0.01,27.16,12.01,15.16
2022-06-28,0.0,27.83,11.99,16.01
2022-06-29,0.02,27.42,12.71,15.62
2022-06-30,0.0,27.05,12.05,16.59
2022-07-01,0.0,28.73,10.52,16.44
2022-07-02,0.0,30.07,13.34,16.49
2022-07-03,0.0,30.36,13.64,16.71
2022-07-04,0.0,29.95,13.04,17.0
2022-07-05,0.0,28.94,11.53,16.93
2022-07-06,0.0,28.77,11.71,16.87
2022-07-07,0.0,29.14,13.84,16.58
2022-07-08,0.0,29.12,12.78,15.88
2022-07-09,0.0,28.76,12.68,16.65
2022-07-10,0.01,28.47,13.47,15.85
2022-07-11,0.0,28.54,14.17,16.98
2022-07-12,0.05,27.99,13.3,13.67
2022-07-13,0.17,29.31,14.87,11.38
2022-07-14,0.01,29.34,14.77,16.04
2022-07-15,0.0,29.74,16.06,14.61
2022-07-16,0.0,30.79,16.34,13.9
2022-07-17,0.01,32.11,17.82,15.95
2022-07-18,0.0,32.39,16.47,16.67
2022-07-19,0.01,30.63,13.66,16.99
2022-07-20,0.0,30.2,15.88,17.11
2022-07-21,0.0,29.94,14.78,16.82
2022-07-22,0.0,30.07,14.08,17.43
2022-07-23,0.0,30.11,12.93,17.79
2022-07-24,0.0,30.72,13.39,17.61
2022-07-25,0.0,30.62,13.92,18.02
2022-07-26,0.0,30.72,13.34,17.99
2022-07-27,0.0,30.26,13.43,18.03
2022-07-28,0.01,30.43,13.01,17.2
2022-07-29,0.63,29.69,16.32,12.85
2022-07-30,0.02,26.71,12.0,18.34
2022-07-31,0.0,28.69,9.89,18.61
2022-08-01,0.0,29.34,12.58,14.79
2022-08-02,0.0,31.11,15.58,17.6
2022-08-03,0.0,30.98,13.71,18.18
2022-08-04,0.0,30.03,16.42,16.09
2022-08-05,0.0,30.79,16.84,16.49
2022-08-06,0.0,29.49,16.42,16.35
2022-08-07,2.09,30.2,16.26,12.96
2022-08-08,3.09,26.11,17.44,3.67
2022-08-09,3.66,23.99,16.27,6.96
2022-08-10,9.4,18.15,9.38,12.76
2022-08-11,0.01,21.58,8.45,16.07
2022-08-12,0.01,25.92,10.25,20.58
2022-08-13,0.0,29.25,10.18,20.33
2022-08-14,0.0,30.33,11.54,20.25
2022-08-15,0.0,30.4,13.96,20.77
2022-08-16,0.02,31.69,15.52,16.52
2022-08-17,0.19,30.15,17.68,9.48
2022-08-18,0.02,32.25,17.64,15.38
2022-08-19,0.24,19.81,9.36,8.58
2022-08-20,0.4,19.16,8.93,10.03
2022-08-21,0.16,21.31,12.06,15.07
2022-08-22,0.0,28.37,12.51,19.94
2022-08-23,0.0,28.65,12.02,20.48
2022-08-24,0.0,28.46,13.32,14.38
2022-08-25,0.0,28.74,15.62,15.13
2022-08-26,0.0,29.36,16.21,15.64
2022-08-27,0.0,32.13,16.54,20.92
2022-08-28,0.0,32.9,15.79,21.54
2022-08-29,0.0,24.81,10.96,19.57
2022-08-30,0.0,24.21,10.45,16.98
2022-08-31,0.0,28.76,11.33,21.85
2022-09-01,0.0,30.74,12.04,22.96
2022-09-02,0.0,32.61,13.29,22.92
2022-09-03,0.07,34.49,15.35,19.96
2022-09-04,0.08,27.04,12.94,18.31
2022-09-05,0.06,31.17,13.51,18.05
2022-09-06,10.35,27.35,15.36,15.94
2022-09-07,0.79,30.68,16.39,13.99
2022-09-08,0.04,33.76,17.58,19.97
2022-09-09,0.02,35.3,17.82,19.85
2022-09-10,0.0,35.18,19.7,21.28
2022-09-11,0.02,30.76,15.59,19.05
2022-09-12,0.2,35.2,14.1,17.13
2022-09-13,0.2,35.3,18.23,18.51
2022-09-14,8.54,27.34,18.51,10.7
2022-09-15,2.34,26.26,15.27,13.83
2022-09-16,0.1,27.56,13.98,10.45
2022-09-17,0.06,27.11,12.03,25.41
2022-09-18,0.0,30.68,10.68,25.22
2022-09-19,0.0,34.95,11.87,23.96
2022-09-20,3.52,31.59,16.53,14.42
2022-09-21,5.08,32.8,17.44,11.47
2022-09-22,12.11,27.22,16.73,6.3
2022-09-23,0.0,26.59,12.75,24.76
2022-09-24,0.03,29.25,10.02,26.07
2022-09-25,0.36,32.65,11.96,22.8
2022-09-26,7.62,26.03,16.38,13.71
2022-09-27,2.51,28.95,19.0,9.85
2022-09-28,8.6,24.58,14.74,5.18
2022-09-29,1.09,27.17,13.97,16.66
2022-09-30,1.5,28.43,14.38,12.03
2022-10-01,1.44,30.64,17.03,18.85
2022-10-02,0.06,31.87,16.49,23.77
2022-10-03,1.55,30.9,16.26,20.43
2022-10-04,0.89,30.22,18.25,17.45
2022-10-05,0.02,33.78,16.4,24.73
2022-10-06,7.17,34.98,17.68,22.77
2022-10-07,15.37,27.09,17.53,10.79
2022-10-08,0.0,31.02,14.69,20.29
2022-10-09,4.2,28.75,17.24,8.61
2022-10-10,1.1,24.85,18.88,8.2
2022-10-11,0.61,31.82,18.05,14.82
2022-10-12,0.06,30.88,19.28,21.51
2022-10-13,0.17,34.23,18.48,23.39
2022-10-14,0.46,35.73,18.91,26.6
2022-10-15,0.34,32.62,17.53,24.82
2022-10-16,2.66,32.7,18.9,22.14
2022-10-17,0.38,33.35,19.04,19.66
2022-10-18,4.78,29.04,19.73,13.58
2022-10-19,1.37,30.52,19.0,7.78
2022-10-20,7.54,34.97,18.29,22.21
2022-10-21,4.94,29.8,20.72,10.78
2022-10-22,0.02,33.21,19.78,24.04
2022-10-23,0.01,33.76,16.5,25.87
2022-10-24,0.08,34.52,16.45,26.67
2022-10-25,0.02,33.78,16.92,27.44
2022-10-26,0.02,35.1,15.8,26.89
2022-10-27,0.26,36.75,19.68,23.73
2022-10-28,3.31,33.32,20.31,21.21
2022-10-29,17.3,33.54,19.81,26.06
2022-10-30,5.64,32.91,21.04,22.54
2022-10-31,3.32,32.56,20.24,10.58
2022-11-01,8.19,25.75,14.47,15.97
2022-11-02,0.11,21.23,13.12,10.95
2022-11-03,0.04,23.21,12.59,16.96
2022-11-04,0.0,26.72,10.46,27.29
2022-11-05,0.0,28.59,11.35,27.12
2022-11-06,0.02,27.87,13.29,19.54
2022-11-07,0.01,29.08,13.75,24.89
2022-11-08,0.01,29.9,12.41,24.04
2022-11-09,0.14,32.81,14.28,21.55
2022-11-10,0.01,34.96,15.99,26.72
2022-11-11,1.2,34.9,17.39,18.76
2022-11-12,1.71,32.33,20.14,25.78
2022-11-13,8.06,34.16,18.19,21.51
2022-11-14,1.42,32.82,20.64,23.13
2022-11-15,0.08,34.32,19.72,20.36
2022-11-16,0.01,34.48,16.97,26.96
2022-11-17,0.0,33.53,15.42,28.54
2022-11-18,0.17,33.24,15.56,27.94
2022-11-19,3.68,31.55,17.34,19.8
2022-11-20,3.02,32.36,17.47,26.72
2022-11-21,1.06,32.22,18.63,25.84
2022-11-22,4.17,31.53,21.07,19.92
2022-11-23,11.59,30.54,19.51,19.04
2022-11-24,3.59,31.25,19.45,25.21
2022-11-25,1.47,29.29,17.19,24.93
2022-11-26,0.29,31.11,16.24,27.72
2022-11-27,0.99,32.87,17.11,26.23
2022-11-28,7.23,29.67,18.57,16.84
2022-11-29,19.86,28.08,18.17,17.87
2022-11-30,10.8,29.07,18.15,20.77
2022-12-01,0.38,29.83,18.3,24.47
2022-12-02,3.85,26.58,20.5,18.17
2022-12-03,12.4,27.53,20.71,15.89
2022-12-04,7.05,24.7,19.94,12.11
2022-12-05,10.47,27.12,19.46,13.13
2022-12-06,17.98,28.95,19.62,15.82
2022-12-07,6.64,30.27,20.28,17.73
2022-12-08,0.58,32.08,17.73,29.64
2022-12-09,0.05,34.24,18.96,30.63
2022-12-10,0.18,34.48,19.31,25.52
2022-12-11,1.1,33.26,21.01,26.96
2022-12-12,16.98,29.78,22.11,14.98
2022-12-13,23.29,26.08,17.77,7.32
2022-12-14,2.95,26.99,15.83,24.25
2022-12-15,0.19,29.68,15.41,26.96
2022-12-16,1.45,30.53,18.17,21.69
2022-12-17,2.68,30.62,17.65,27.34
2022-12-18,2.86,31.01,17.0,26.86
2022-12-19,4.21,26.03,19.25,11.56
2022-12-20,8.35,30.02,18.3,17.42
2022-12-21,0.88,28.77,16.6,24.9
2022-12-22,0.31,28.71,16.3,27.21
2022-12-23,2.83,29.41,16.5,24.56
2022-12-24,3.73,30.62,18.37,25.84
2022-12-25,10.71,29.31,18.48,25.45
2022-12-26,13.51,27.11,20.51,11.23
2022-12-27,16.39,28.49,19.74,19.67
2022-12-28,40.16,28.29,20.32,13.44
2022-12-29,11.78,26.27,19.63,18.0
2022-12-30,4.82,30.0,18.63,18.54
2022-12-31,4.87,29.87,19.18,19.64
2023-01-01,1.42,30.6,19.07,23.93
2023-01-02,5.15,29.9,19.56,21.58
2023-01-03,9.58,27.5,19.87,14.81
2023-01-04,8.39,25.33,19.77,14.73
2023-01-05,10.09,24.91,17.38,12.47
2023-01-06,0.62,27.43,16.03,14.51
2023-01-07,0.77,25.23,16.18,14.83
2023-01-08,2.67,28.18,15.61,10.91
2023-01-09,11.68,25.39,17.85,11.96
2023-01-10,24.02,23.62,19.28,15.91
2023-01-11,15.22,24.83,19.25,14.5
2023-01-12,5.3,27.08,19.05,21.54
2023-01-13,7.63,26.32,18.68,18.87
2023-01-14,3.46,28.45,19.68,24.68
2023-01-15,1.13,28.22,20.54,24.82
2023-01-16,5.8,27.75,20.54,21.28
2023-01-17,8.35,30.98,20.92,26.02
2023-01-18,4.29,27.49,20.36,23.73
2023-01-19,7.36,27.71,19.46,23.82
2023-01-20,7.79,27.66,19.31,13.28
2023-01-21,6.56,28.35,19.56,16.09
2023-01-22,2.18,26.67,20.5,20.62
2023-01-23,2.78,28.0,19.18,21.76
2023-01-24,3.26,29.05,19.47,20.2
2023-01-25,0.24,30.62,19.01,29.24
2023-01-26,0.29,31.07,18.84,27.92
2023-01-27,0.38,29.18,18.42,21.53
2023-01-28,2.86,28.75,20.42,13.58
2023-01-29,8.8,28.18,20.24,16.96
2023-01-30,9.81,26.98,20.13,18.92
2023-01-31,8.87,27.33,19.68,22.86
2023-02-01,5.64,28.19,20.01,18.53
2023-02-02,9.74,27.29,19.79,14.48
2023-02-03,8.38,27.19,19.7,23.98
2023-02-04,3.27,28.19,20.36,22.58
2023-02-05,4.68,25.7,20.06,21.03
2023-02-06,2.71,28.63,19.41,22.31
2023-02-07,7.84,28.75,19.95,21.21
2023-02-08,3.84,28.77,19.63,26.61
2023-02-09,2.07,30.42,18.61,26.06
2023-02-10,2.18,28.08,20.83,21.7
2023-02-11,14.82,25.21,20.09,14.9
2023-02-12,4.85,26.67,18.93,12.16
2023-02-13,5.85,27.13,19.17,20.84
2023-02-14,1.53,29.53,19.68,24.01
2023-02-15,4.21,29.87,19.65,22.05
2023-02-16,8.09,27.14,21.21,21.67
2023-02-17,2.14,28.05,20.32,20.94
2023-02-18,9.58,26.63,19.22,16.02
2023-02-19,5.37,26.94,17.66,20.24
2023-02-20,6.3,28.3,17.4,24.9
2023-02-21,2.52,26.48,19.36,18.08
2023-02-22,1.5,27.78,18.21,24.92
2023-02-23,6.76,27.32,18.93,18.47
2023-02-24,0.35,28.51,18.94,20.13
2023-02-25,1.96,27.86,18.75,23.25
2023-02-26,0.7,27.86,19.49,19.19
2023-02-27,0.72,28.95,20.56,23.65
2023-02-28,2.02,26.11,20.25,23.31
2023-03-01,0.37,28.18,19.21,21.79
2023-03-02,1.22,28.74,20.09,21.55
2023-03-03,5.22,30.11,19.23,23.07
2023-03-04,13.65,29.53,20.19,17.63
2023-03-05,2.03,28.89,19.14,19.99
2023-03-06,5.52,28.55,19.47,19.53
2023-03-07,3.95,28.73,19.98,21.63
2023-03-08,0.39,29.04,19.55,18.76
2023-03-09,3.74,25.65,20.21,18.99
2023-03-10,16.27,26.47,19.14,13.7
2023-03-11,7.59,25.39,19.57,14.52
2023-03-12,1.27,27.43,18.56,18.31
2023-03-13,5.43,25.36,19.68,13.22
2023-03-14,5.47,26.35,19.2,10.81
2023-03-15,3.4,28.24,19.8,17.29
2023-03-16,0.69,27.49,19.43,22.54
2023-03-17,0.44,28.11,19.23,16.85
2023-03-18,0.53,29.01,18.39,23.56
2023-03-19,2.3,28.35,19.07,20.4
2023-03-20,5.91,29.61,19.52,21.59
2023-03-21,2.12,29.73,19.45,23.63
2023-03-22,0.25,30.1,19.06,20.13
2023-03-23,0.96,29.62,19.27,21.64
2023-03-24,0.73,30.97,18.52,23.19
2023-03-25,1.1,30.65,19.18,22.74
2023-03-26,0.9,30.48,20.66,22.35
2023-03-27,2.84,29.93,20.03,18.88
2023-03-28,1.65,29.5,18.46,17.01
2023-03-29,5.04,27.41,19.77,19.29
2023-03-30,1.8,28.27,19.31,20.74
2023-03-31,0.91,29.44,19.7,21.81
2023-04-01,0.07,30.98,19.61,23.28
2023-04-02,0.0,28.48,17.33,23.51
2023-04-03,0.38,29.24,16.66,20.71
2023-04-04,0.66,28.62,17.89,21.21
2023-04-05,1.09,29.28,17.48,19.14
2023-04-06,3.81,28.31,17.27,19.53
2023-04-07,10.49,24.92,19.05,11.99
2023-04-08,1.85,26.43,18.06,12.09
2023-04-09,0.54,25.41,18.23,9.7
2023-04-10,0.04,27.74,16.79,21.1
2023-04-11,0.4,27.88,15.57,20.02
2023-04-12,0.68,27.12,17.84,13.87
2023-04-13,14.78,27.61,19.0,17.51
2023-04-14,14.97,26.07,18.94,8.8
2023-04-15,2.37,27.75,18.41,15.54
2023-04-16,0.0,28.46,17.16,20.92
2023-04-17,0.7,28.76,17.35,15.62
2023-04-18,4.88,27.58,20.97,13.05
2023-04-19,9.22,25.76,14.36,17.83
2023-04-20,0.0,23.83,11.93,21.13
2023-04-21,0.04,24.34,10.85,21.65
2023-04-22,0.03,26.14,13.45,19.4
2023-04-23,0.0,26.6,14.56,20.5
2023-04-24,0.0,26.58,13.56,20.92
2023-04-25,0.08,26.54,14.1,16.62
2023-04-26,6.7,26.71,16.54,6.08
2023-04-27,1.74,27.06,16.07,15.06
2023-04-28,0.87,26.63,16.72,15.05
2023-04-29,0.02,26.64,14.55,17.71
2023-04-30,0.02,26.96,13.97,18.79
2023-05-01,0.0,27.41,14.13,18.48
2023-05-02,0.01,27.21,12.91,19.42
2023-05-03,0.0,28.11,14.02,19.4
2023-05-04,0.0,28.93,14.45,19.26
2023-05-05,0.01,29.45,16.35,18.96
2023-05-06,0.0,29.41,16.46,18.11
2023-05-07,0.01,29.2,17.19,15.79
2023-05-08,0.0,29.27,15.67,17.43
2023-05-09,0.01,29.74,16.93,14.37
2023-05-10,2.15,26.07,18.31,12.68
2023-05-11,0.18,27.43,14.9,15.41
2023-05-12,0.09,25.17,13.28,17.6
2023-05-13,0.02,24.3,11.81,18.93
2023-05-14,0.01,25.41,10.74,19.0
2023-05-15,0.0,25.39,9.78,19.08
2023-05-16,0.01,25.71,9.78,17.84
2023-05-17,0.01,24.46,11.4,19.17
2023-05-18,0.02,25.05,10.48,18.9
2023-05-19,0.01,26.41,10.28,18.62
2023-05-20,0.02,26.66,9.69,18.4
2023-05-21,0.01,26.44,10.6,17.65
2023-05-22,0.0,26.28,13.09,15.28
2023-05-23,0.0,26.8,12.1,17.08
2023-05-24,0.02,26.77,12.15,16.15
2023-05-25,0.0,27.32,13.67,16.31
2023-05-26,0.0,27.82,14.16,17.21
2023-05-27,0.01,28.32,13.05,15.71
2023-05-28,0.3,25.24,15.44,10.73
2023-05-29,0.09,25.01,14.9,12.42
2023-05-30,19.63,22.2,14.19,7.43
2023-05-31,11.83,23.51,16.12,4.94
2023-06-01,0.14,23.82,13.78,11.37
2023-06-02,0.06,24.35,12.98,16.33
2023-06-03,0.06,25.63,11.84,17.22
2023-06-04,0.01,25.86,10.76,17.34
2023-06-05,0.04,24.9,10.13,17.47
2023-06-06,0.05,24.79,11.08,16.84
2023-06-07,0.02,25.77,10.08,16.52
2023-06-08,0.0,26.25,10.86,16.42
2023-06-09,0.01,26.77,11.59,16.72
2023-06-10,0.01,27.51,12.77,16.78
2023-06-11,0.0,28.27,14.3,14.09
2023-06-12,0.02,28.66,14.07,15.47
2023-06-13,6.92,25.88,15.28,8.28
2023-06-14,21.4,22.32,14.4,4.62
2023-06-15,25.61,18.09,12.89,2.41
2023-06-16,2.6,18.22,7.27,4.87
2023-06-17,0.06,18.8,5.56,11.86
2023-06-18,0.02,20.4,5.5,16.61
2023-06-19,0.06,22.46,8.59,16.79
2023-06-20,0.04,24.52,8.02,16.39
2023-06-21,0.02,24.82,9.91,16.38
2023-06-22,0.01,24.8,10.41,16.26
2023-06-23,0.0,25.65,11.47,14.38
2023-06-24,0.0,25.82,12.34,14.14
2023-06-25,0.02,26.68,11.63,15.68
2023-06-26,0.0,26.44,10.81,16.56
2023-06-27,0.01,26.16,11.31,16.56
2023-06-28,0.01,26.63,11.26,16.47
2023-06-29,0.0,25.57,11.57,15.8
2023-06-30,0.01,25.8,12.79,16.08
2023-07-01,0.01,26.2,11.84,16.19
2023-07-02,0.02,25.42,12.84,16.23
2023-07-03,0.0,23.73,12.38,16.98
2023-07-04,0.01,24.03,9.97,16.94
2023-07-05,0.01,25.32,8.78,16.97
2023-07-06,0.0,25.16,9.49,17.0
2023-07-07,0.0,26.16,8.92,16.78
2023-07-08,0.06,27.95,11.38,15.9
2023-07-09,0.99,27.0,16.1,12.58
2023-07-10,0.15,29.07,14.89,13.06
2023-07-11,0.0,29.95,15.24,15.71
2023-07-12,0.01,29.18,13.6,13.03
2023-07-13,0.61,26.11,14.54,14.63
2023-07-14,0.18,21.0,8.36,17.5
2023-07-15,0.0,24.3,7.59,17.9
2023-07-16,0.0,25.84,8.2,13.31
2023-07-17,0.12,27.77,12.99,13.4
2023-07-18,0.01,29.53,14.05,14.46
2023-07-19,0.0,26.62,13.63,13.81
2023-07-20,0.0,27.85,12.83,16.98
2023-07-21,0.0,27.57,13.23,17.27
2023-07-22,0.0,26.84,12.4,17.27
2023-07-23,0.0,27.92,12.7,15.42
2023-07-24,0.0,28.57,13.26,17.01
2023-07-25,0.0,27.17,14.01,14.19
2023-07-26,0.0,29.25,15.55,16.6
2023-07-27,0.0,30.06,13.95,17.72
2023-07-28,0.04,30.46,14.0,17.17
2023-07-29,0.04,26.7,13.85,17.09
2023-07-30,0.0,27.19,12.24,18.03
2023-07-31,0.0,28.51,11.85,18.32
2023-08-01,0.01,29.76,11.06,18.4
2023-08-02,0.0,30.87,12.03,18.99
2023-08-03,0.0,31.32,12.03,19.21
2023-08-04,0.0,30.52,11.7,19.46
2023-08-05,0.0,31.38,11.98,19.28
2023-08-06,0.0,32.73,12.46,19.22
2023-08-07,0.0,32.47,14.23,19.25
2023-08-08,0.01,30.35,15.82,18.3
2023-08-09,0.01,31.99,14.12,18.22
2023-08-10,0.0,32.99,16.22,19.0
2023-08-11,0.0,33.93,17.08,19.45
2023-08-12,0.01,34.82,16.63,18.25
2023-08-13,0.43,29.74,15.75,13.69
2023-08-14,0.02,31.81,14.62,14.35
2023-08-15,0.3,29.69,16.23,14.34
2023-08-16,0.02,29.37,17.04,15.2
2023-08-17,0.0,31.07,16.7,17.66
2023-08-18,0.08,32.37,16.72,17.83
2023-08-19,0.35,30.8,16.79,14.42
2023-08-20,0.12,30.03,15.43,14.25
2023-08-21,0.0,30.35,16.3,18.51
2023-08-22,0.0,33.39,15.45,21.58
2023-08-23,0.0,35.58,18.33,19.39
2023-08-24,0.53,34.82,21.0,16.97
2023-08-25,1.45,34.32,20.91,17.2
2023-08-26,5.82,22.53,13.59,11.85
2023-08-27,1.6,17.6,12.57,5.15
2023-08-28,0.84,25.43,12.07,12.99
2023-08-29,0.31,27.05,12.36,8.22
2023-08-30,0.86,25.44,14.14,19.17
2023-08-31,0.2,30.37,13.74,15.65
2023-09-01,0.0,32.64,14.04,20.0
2023-09-02,2.22,34.2,18.88,17.64
2023-09-03,2.88,30.81,19.69,19.79
2023-09-04,4.37,35.77,20.77,19.13
2023-09-05,1.09,32.76,17.69,10.01
2023-09-06,0.01,31.03,16.11,19.32
2023-09-07,0.0,31.0,16.37,21.01
2023-09-08,0.0,33.04,16.22,23.14
2023-09-09,0.0,32.35,17.99,17.97
2023-09-10,0.03,33.81,17.36,15.61
2023-09-11,0.0,34.95,17.84,23.79
2023-09-12,0.0,34.7,17.82,24.11
2023-09-13,0.0,37.47,17.95,23.53
2023-09-14,3.48,25.99,15.98,9.06
2023-09-15,0.02,30.18,11.35,20.99
2023-09-16,0.04,34.65,13.62,23.45
2023-09-17,0.27,36.66,18.06,21.31
2023-09-18,2.14,35.44,21.37,19.51
2023-09-19,0.01,36.85,20.96,23.28
2023-09-20,0.01,37.23,19.64,23.9
2023-09-21,0.0,37.7,19.79,22.73
2023-09-22,0.0,38.91,21.59,23.29
2023-09-23,0.0,38.73,21.84,21.18
2023-09-24,0.0,40.29,21.97,24.39
2023-09-25,0.01,39.2,23.86,23.42
2023-09-26,2.93,40.63,21.92,22.5
2023-09-27,1.89,38.68,25.04,13.01
2023-09-28,0.63,30.97,17.34,15.82
2023-09-29,0.0,31.93,15.91,21.34
2023-09-30,7.05,37.1,17.83,21.59
2023-10-01,11.06,31.23,21.2,12.13
2023-10-02,3.12,32.89,18.39,17.58
2023-10-03,0.26,34.47,20.61,23.2
2023-10-04,8.69,36.17,22.29,16.38
2023-10-05,1.09,36.95,22.29,18.69
2023-10-06,3.06,36.57,22.37,15.01
2023-10-07,20.66,35.18,23.2,16.85
2023-10-08,14.42,31.71,18.08,15.52
2023-10-09,12.64,29.2,19.14,10.42
2023-10-10,0.01,31.59,16.3,26.85
2023-10-11,0.14,35.71,16.29,26.02
2023-10-12,2.86,36.91,20.76,23.19
2023-10-13,7.55,30.91,17.95,15.2
2023-10-14,0.09,31.0,16.2,19.45
2023-10-15,0.35,34.79,17.91,23.98
2023-10-16,2.32,35.87,19.89,25.26
2023-10-17,0.71,34.55,21.74,19.02
2023-10-18,0.41,32.26,19.98,23.55
2023-10-19,0.26,33.79,17.59,20.39
2023-10-20,0.05,33.73,17.27,13.94
2023-10-21,0.0,34.37,16.9,25.33
2023-10-22,0.0,36.21,16.63,28.25
2023-10-23,0.0,38.0,18.41,27.58
2023-10-24,1.0,38.51,22.74,22.95
2023-10-25,1.6,33.49,21.78,18.47
2023-10-26,10.11,31.69,20.91,16.33
2023-10-27,11.55,30.68,20.58,12.73
2023-10-28,2.13,34.53,20.53,10.99
2023-10-29,9.4,30.01,20.64,16.93
2023-10-30,0.53,34.83,20.45,21.59
2023-10-31,14.14,33.83,21.96,14.42
2023-11-01,0.72,31.68,20.28,21.61
2023-11-02,0.01,32.59,17.8,24.09
2023-11-03,8.23,36.2,20.94,22.85
2023-11-04,2.17,30.57,16.24,17.97
2023-11-05,0.01,32.77,12.75,30.98
2023-11-06,0.0,32.92,13.61,30.61
2023-11-07,0.0,35.36,14.69,29.71
2023-11-08,1.01,35.65,16.66,28.69
2023-11-09,1.6,36.87,20.92,25.31
2023-11-10,1.26,36.21,22.26,26.13
2023-11-11,0.0,38.59,20.76,29.71
2023-11-12,0.01,39.64,22.69,29.04
2023-11-13,0.0,39.45,22.9,27.76
2023-11-14,0.3,41.4,24.54,27.67
2023-11-15,0.5,40.64,21.83,25.72
2023-11-16,4.15,39.8,22.05,24.62
2023-11-17,0.01,40.62,24.13,24.96
2023-11-18,0.53,39.15,25.02,24.7
2023-11-19,20.91,37.27,21.17,19.56
2023-11-20,0.86,30.03,20.02,20.77
2023-11-21,1.1,34.75,19.39,23.38
2023-11-22,3.44,32.35,22.64,20.14
2023-11-23,10.53,34.29,21.59,18.66
2023-11-24,2.44,31.06,18.25,19.5
2023-11-25,0.01,31.98,16.71,22.44
2023-11-26,0.07,30.9,17.16,25.06
2023-11-27,8.63,29.59,19.52,18.07
2023-11-28,9.03,32.84,20.24,19.02
2023-11-29,10.37,31.0,20.68,15.05
2023-11-30,1.63,34.27,19.83,26.94
2023-12-01,0.45,36.28,22.15,28.45
2023-12-02,0.19,38.06,23.06,29.46
2023-12-03,0.38,37.09,23.08,29.41
2023-12-04,9.1,33.59,23.31,25.14
2023-12-05,3.34,34.0,22.51,22.93
2023-12-06,1.47,34.76,21.84,26.19
2023-12-07,5.04,35.06,22.53,21.76
2023-12-08,0.58,34.7,22.69,23.64
2023-12-09,0.01,34.75,20.0,28.27
2023-12-10,0.79,34.41,19.36,25.87
2023-12-11,3.62,34.61,19.93,20.85
2023-12-12,0.1,34.01,18.72,29.2
2023-12-13,0.0,36.98,17.24,31.14
2023-12-14,0.01,38.83,18.53,29.66
2023-12-15,0.1,39.66,21.45,29.41
2023-12-16,0.0,38.83,21.52,29.52
2023-12-17,2.25,38.06,23.25,26.61
2023-12-18,2.91,37.51,22.1,26.7
2023-12-19,0.15,37.42,20.4,27.93
2023-12-20,0.11,31.57,20.11,27.71
2023-12-21,6.47,33.35,21.26,24.18
2023-12-22,15.5,33.28,21.74,21.43
2023-12-23,7.3,31.81,22.44,9.59
2023-12-24,1.69,33.31,21.88,25.09
2023-12-25,0.36,35.9,21.56,27.88
2023-12-26,2.35,34.85,22.26,20.51
2023-12-27,0.66,35.11,18.42,26.61
2023-12-28,0.0,37.13,17.73,29.94
2023-12-29,0.01,38.76,20.67,26.68
2023-12-30,3.5,33.37,21.97,15.14
2023-12-31,0.59,31.77,19.5,21.61
2024-01-01,0.05,34.68,20.04,13.54
2024-01-02,0.81,35.19,20.11,22.58
2024-01-03,8.31,34.97,21.55,18.03
2024-01-04,2.87,34.12,20.54,24.94
2024-01-05,0.32,34.84,19.24,28.09
2024-01-06,0.0,36.18,19.54,28.73
2024-01-07,0.45,37.18,20.75,26.56
2024-01-08,4.49,37.51,23.17,24.94
2024-01-09,1.37,36.59,21.86,26.97
2024-01-10,1.17,35.88,21.52,22.38
2024-01-11,4.56,33.85,22.59,24.87
2024-01-12,6.39,34.1,21.56,20.28
2024-01-13,8.89,31.26,20.64,16.61
2024-01-14,11.8,31.17,19.59,19.91
2024-01-15,1.74,32.79,21.74,19.1
2024-01-16,0.11,35.63,21.74,26.07
2024-01-17,0.12,37.3,22.08,25.4
2024-01-18,5.42,35.62,22.47,24.59
2024-01-19,1.43,35.29,23.99,20.22
2024-01-20,6.58,34.55,23.02,17.12
2024-01-21,0.56,32.87,22.49,20.11
2024-01-22,0.12,33.44,20.04,27.02
2024-01-23,8.02,30.18,19.58,11.51
2024-01-24,0.17,32.07,18.05,22.23
2024-01-25,0.59,31.28,16.14,24.58
2024-01-26,0.3,31.18,15.74,28.78
2024-01-27,0.77,33.52,16.93,27.62
2024-01-28,4.72,33.14,19.87,16.05
2024-01-29,0.07,35.71,19.89,27.87
2024-01-30,3.75,36.21,20.82,23.83
2024-01-31,5.21,33.81,21.87,16.05
2024-02-01,0.12,34.43,17.76,26.27
2024-02-02,2.58,34.79,19.41,14.29
2024-02-03,3.32,31.87,19.93,16.86
2024-02-04,1.98,30.93,20.68,13.15
2024-02-05,0.9,33.9,19.95,19.53
2024-02-06,0.46,32.48,21.09,25.79
2024-02-07,3.85,29.44,22.26,17.46
2024-02-08,0.6,35.15,20.04,22.01
2024-02-09,0.36,35.39,21.08,26.58
2024-02-10,0.02,35.97,21.66,26.37
2024-02-11,0.18,36.26,20.48,26.24
2024-02-12,0.66,34.35,22.13,23.29
2024-02-13,3.62,35.95,22.57,24.8
2024-02-14,11.91,30.99,22.52,16.12
2024-02-15,6.08,29.38,20.49,11.03
2024-02-16,1.25,32.8,19.61,16.66
2024-02-17,2.59,33.95,20.35,19.07
2024-02-18,1.42,32.93,20.31,22.65
2024-02-19,7.11,31.45,19.41,17.51
2024-02-20,6.54,31.36,19.01,18.73
2024-02-21,8.89,31.66,20.2,22.59
2024-02-22,2.7,32.54,19.21,23.48
2024-02-23,1.76,34.68,21.93,23.0
2024-02-24,3.62,32.14,21.43,18.34
2024-02-25,0.49,34.05,21.53,22.72
2024-02-26,0.23,35.25,21.47,21.39
2024-02-27,1.4,35.71,21.78,25.27
2024-02-28,0.34,36.59,23.63,23.76
2024-02-29,1.38,37.54,23.28,22.61
2024-03-01,3.35,34.94,23.49,24.09
2024-03-02,0.1,34.57,21.43,25.09
2024-03-03,0.0,36.62,18.73,25.5
2024-03-04,0.96,37.77,20.03,23.28
2024-03-05,5.15,36.33,20.59,21.58
2024-03-06,8.46,33.87,21.54,23.28
2024-03-07,1.58,35.18,20.89,19.8
2024-03-08,8.33,30.44,22.17,19.68
2024-03-09,9.47,32.96,22.47,16.75
2024-03-10,1.92,32.89,22.29,13.1
2024-03-11,0.59,33.81,21.06,22.98
2024-03-12,0.02,35.99,18.67,24.01
2024-03-13,0.3,36.53,20.08,23.74
2024-03-14,0.1,36.88,22.01,24.92
2024-03-15,0.01,37.85,22.36,24.41
2024-03-16,0.12,38.08,24.07,22.1
2024-03-17,2.74,36.7,23.66,21.16
2024-03-18,2.63,35.76,23.66,21.57
2024-03-19,4.06,35.32,23.73,20.17
2024-03-20,1.28,34.25,23.22,22.03
2024-03-21,3.29,35.99,23.41,21.16
2024-03-22,2.29,27.01,19.79,15.21
2024-03-23,4.34,26.23,18.86,10.43
2024-03-24,10.7,26.47,18.07,7.11
2024-03-25,2.06,31.81,19.01,17.13
2024-03-26,5.96,28.41,19.37,8.94
2024-03-27,7.68,25.72,19.45,5.52
2024-03-28,8.31,29.33,19.02,11.75
2024-03-29,1.48,29.84,18.79,14.23
2024-03-30,2.03,30.55,19.98,15.31
2024-03-31,0.08,33.31,19.86,22.15
2024-04-01,0.03,32.69,19.75,22.98
2024-04-02,0.09,31.49,21.13,12.41
2024-04-03,0.17,33.91,20.24,21.7
2024-04-04,0.21,35.1,20.16,21.54
2024-04-05,1.75,34.62,20.03,19.45
2024-04-06,0.1,33.96,18.87,20.38
2024-04-07,0.36,33.09,18.89,20.42
2024-04-08,4.07,31.65,19.79,13.0
2024-04-09,2.33,30.86,20.44,11.45
2024-04-10,1.44,32.62,19.97,17.95
2024-04-11,0.92,33.46,19.17,15.84
2024-04-12,0.55,33.03,19.28,17.16
2024-04-13,0.07,32.91,20.7,17.57
2024-04-14,0.73,26.44,20.96,14.63
2024-04-15,0.6,30.98,20.23,16.98
2024-04-16,3.84,32.24,20.41,18.31
2024-04-17,3.69,32.5,20.36,13.29
2024-04-18,2.03,28.39,18.66,13.25
2024-04-19,0.0,30.74,14.88,20.64
2024-04-20,0.01,32.51,14.93,20.69
2024-04-21,0.01,32.32,15.75,21.73
2024-04-22,0.01,31.93,15.01,21.02
2024-04-23,0.02,33.03,16.8,20.0
2024-04-24,0.02,34.01,17.69,19.02
2024-04-25,0.01,34.37,19.12,19.58
2024-04-26,0.0,34.39,18.96,19.56
2024-04-27,0.0,33.98,19.55,18.83
2024-04-28,0.0,34.14,19.01,18.47
2024-04-29,0.01,34.31,18.45,18.38
2024-04-30,0.0,34.46,19.32,18.64
2024-05-01,0.09,34.35,17.62,19.09
2024-05-02,0.0,34.57,17.89,19.55
2024-05-03,0.0,34.17,18.97,18.4
2024-05-04,0.0,34.91,18.56,19.63
2024-05-05,0.01,34.26,17.12,19.73
2024-05-06,0.01,34.03,18.25,19.37
2024-05-07,0.01,34.07,18.81,18.63
2024-05-08,0.02,33.33,19.52,18.86
2024-05-09,0.0,32.29,18.04,17.39
2024-05-10,0.05,33.09,17.86,18.29
2024-05-11,0.03,33.18,17.21,17.36
2024-05-12,0.0,33.02,16.95,18.47
2024-05-13,0.0,32.81,16.63,19.07
2024-05-14,0.02,31.67,17.3,15.61
2024-05-15,0.01,30.36,17.29,16.07
2024-05-16,0.01,32.09,16.97,16.53
2024-05-17,0.0,33.29,17.13,17.87
2024-05-18,0.03,33.33,17.27,17.82
2024-05-19,0.0,32.73,17.47,16.82
2024-05-20,0.0,32.01,18.33,16.44
2024-05-21,0.0,32.55,17.22,16.48
2024-05-22,0.0,32.0,17.52,17.33
2024-05-23,0.03,31.24,16.06,18.02
2024-05-24,0.62,31.75,17.44,13.25
2024-05-25,1.17,27.25,16.28,9.63
2024-05-26,8.11,24.36,14.37,7.23
2024-05-27,0.74,29.17,14.49,11.66
2024-05-28,0.24,24.01,13.78,6.92
2024-05-29,0.0,24.1,8.65,14.0
2024-05-30,0.03,24.14,9.02,17.56
2024-05-31,0.05,26.14,10.34,17.81
2024-06-01,0.0,28.49,10.43,17.32
2024-06-02,0.0,28.65,12.83,15.95
2024-06-03,0.0,28.7,14.92,12.46
2024-06-04,0.01,27.36,14.44,16.31
2024-06-05,0.04,29.14,13.9,15.49
2024-06-06,0.0,29.66,13.59,15.63
2024-06-07,0.0,30.25,14.09,16.29
2024-06-08,0.0,30.66,14.5,16.04
2024-06-09,0.02,31.1,14.95,16.46
2024-06-10,0.03,30.89,14.3,16.88
2024-06-11,0.0,30.89,13.62,16.8
2024-06-12,0.05,31.01,13.25,16.8
2024-06-13,0.0,30.32,13.64,16.88
2024-06-14,0.0,30.25,13.68,16.8
2024-06-15,0.0,30.63,15.47,16.05
2024-06-16,0.01,30.7,15.2,16.52
2024-06-17,0.03,29.87,13.54,16.84
2024-06-18,0.0,29.37,12.1,16.76
2024-06-19,0.07,30.48,12.74,16.83
2024-06-20,0.0,30.33,12.59,16.64
2024-06-21,0.0,29.83,13.2,16.29
2024-06-22,0.0,29.91,14.54,13.86
2024-06-23,0.0,30.73,16.43,12.97
2024-06-24,0.0,31.49,16.24,15.95
2024-06-25,0.0,30.76,17.26,14.09
2024-06-26,0.0,31.59,15.68,14.71
2024-06-27,0.0,29.21,16.4,14.67
2024-06-28,0.01,30.29,15.3,11.76
2024-06-29,0.09,29.83,17.11,14.9
2024-06-30,5.0,25.2,15.64,8.13
2024-07-01,3.04,26.89,14.32,3.88
2024-07-02,0.0,28.6,11.58,16.04
2024-07-03,0.09,28.98,13.9,13.67
2024-07-04,0.0,29.8,13.85,11.67
2024-07-05,0.04,29.29,12.67,13.85
2024-07-06,0.0,29.32,13.32,15.7
2024-07-07,0.0,30.38,13.47,13.8
2024-07-08,0.53,28.11,14.33,13.55
2024-07-09,4.95,27.61,14.97,9.71
2024-07-10,0.86,25.57,14.24,11.59
2024-07-11,0.01,30.24,15.23,14.27
2024-07-12,0.0,29.16,15.49,15.41
2024-07-13,0.0,28.28,15.23,15.03
2024-07-14,0.0,28.65,14.79,16.3
2024-07-15,0.0,27.99,13.87,15.8
2024-07-16,0.0,28.82,14.08,16.31
2024-07-17,0.01,29.09,14.13,16.82
2024-07-18,0.0,29.45,13.57,17.55
2024-07-19,0.03,29.53,12.35,17.91
2024-07-20,0.11,29.49,10.77,17.94
2024-07-21,0.03,29.99,10.72,18.04
2024-07-22,0.37,30.43,11.81,18.1
2024-07-23,0.05,30.18,11.14,18.33
2024-07-24,0.0,30.68,11.68,17.42
2024-07-25,0.0,29.35,12.47,18.0
2024-07-26,0.01,28.93,13.08,16.96
2024-07-27,0.21,30.24,13.38,15.44
2024-07-28,0.03,32.42,13.75,17.65
2024-07-29,0.0,31.78,15.13,14.15
2024-07-30,0.07,25.16,13.98,9.44
2024-07-31,0.02,30.58,13.01,17.42
2024-08-01,0.0,30.5,15.89,17.78
2024-08-02,0.0,29.59,14.78,16.38
2024-08-03,0.01,30.5,15.71,15.69
2024-08-04,0.0,29.75,16.89,13.39
2024-08-05,0.0,31.69,16.93,18.38
2024-08-06,0.0,31.79,17.11,15.49
2024-08-07,0.0,31.35,17.8,19.15
2024-08-08,0.31,33.12,16.59,18.0
2024-08-09,5.2,27.33,14.57,6.42
2024-08-10,6.95,20.29,9.7,7.84
2024-08-11,0.04,24.29,6.52,20.33
2024-08-12,0.02,25.0,7.04,17.57
2024-08-13,0.03,24.48,6.26,20.87
2024-08-14,0.04,27.37,7.97,19.37
2024-08-15,0.03,32.28,11.16,19.66
2024-08-16,0.0,34.28,14.1,19.91
2024-08-17,0.0,34.35,14.54,20.17
2024-08-18,0.0,35.03,15.44,20.45
2024-08-19,0.0,34.93,15.68,20.81
2024-08-20,0.01,35.33,18.41,20.85
2024-08-21,0.0,34.16,14.38,20.91
2024-08-22,0.03,34.57,15.7,21.31
2024-08-23,0.0,34.42,17.5,20.14
2024-08-24,1.7,33.16,16.36,17.13
2024-08-25,5.57,19.62,11.75,2.84
2024-08-26,0.08,23.45,8.82,20.42
2024-08-27,0.04,27.27,5.25,23.19
2024-08-28,0.04,32.08,8.47,21.62
2024-08-29,0.04,32.9,13.41,21.95
2024-08-30,0.04,33.8,15.15,22.74
2024-08-31,0.03,34.47,14.54,23.25
2024-09-01,0.0,35.49,14.99,22.96
2024-09-02,0.0,34.6,18.14,16.89
2024-09-03,0.0,36.33,17.36,18.29
2024-09-04,0.0,36.91,18.51,18.8
2024-09-05,0.0,37.36,17.96,19.02
2024-09-06,0.02,33.96,14.56,17.5
2024-09-07,0.03,36.92,16.27,16.18
2024-09-08,0.0,36.9,21.26,15.43
2024-09-09,0.0,36.09,19.9,20.29
2024-09-10,0.02,35.55,17.58,22.32
2024-09-11,0.0,36.21,18.14,23.37
2024-09-12,0.0,36.31,18.08,24.25
2024-09-13,0.0,36.52,18.15,23.27
2024-09-14,0.02,37.26,20.05,15.5
2024-09-15,0.01,35.1,19.47,16.38
2024-09-16,1.34,30.65,16.49,5.95
2024-09-17,0.04,31.57,14.74,22.99
2024-09-18,0.0,35.38,15.22,20.82
2024-09-19,1.18,37.26,18.06,19.22
2024-09-20,1.17,38.2,20.19,20.9
2024-09-21,0.16,34.76,19.29,15.51
2024-09-22,0.0,36.66,18.91,20.12
2024-09-23,0.0,38.09,20.01,21.45
2024-09-24,0.0,38.17,19.38,22.07
2024-09-25,0.0,38.8,20.34,24.3
2024-09-26,0.0,39.62,21.42,24.54
2024-09-27,0.54,35.92,20.15,16.39
2024-09-28,0.01,34.1,16.52,22.28
2024-09-29,0.0,37.57,16.67,23.16
2024-09-30,0.22,37.32,19.14,24.57
2024-10-01,0.07,38.1,21.7,24.21
2024-10-02,0.43,39.75,20.58,23.97
2024-10-03,0.17,33.63,18.88,15.6
2024-10-04,0.12,33.49,17.13,16.69
2024-10-05,0.16,35.67,15.05,25.92
2024-10-06,0.6,38.07,14.84,26.82
2024-10-07,0.05,37.82,17.36,23.63
2024-10-08,0.02,39.84,17.45,22.25
2024-10-09,0.2,37.89,18.55,16.41
2024-10-10,4.05,32.91,19.97,7.34
2024-10-11,4.51,36.17,20.41,16.58
2024-10-12,0.65,33.91,20.97,19.19
2024-10-13,0.08,35.51,18.06,23.87
2024-10-14,0.46,35.53,17.38,24.49
2024-10-15,0.1,33.9,19.5,18.38
2024-10-16,0.17,33.88,21.01,22.87
2024-10-17,0.04,36.52,20.6,24.63
2024-10-18,5.18,36.92,20.07,14.59
2024-10-19,16.19,28.6,16.94,13.0
2024-10-20,22.43,24.97,16.64,9.11
2024-10-21,6.41,28.69,18.9,12.77
2024-10-22,0.26,30.33,20.55,18.27
2024-10-23,8.04,30.86,21.26,19.09
2024-10-24,26.12,29.94,20.46,20.21
2024-10-25,11.61,28.36,21.44,9.53
2024-10-26,11.95,27.85,22.0,17.26
2024-10-27,13.17,29.77,18.09,17.72
2024-10-28,10.28,27.59,16.47,18.11
2024-10-29,6.65,29.66,18.79,26.16
2024-10-30,1.78,30.81,17.49,26.8
2024-10-31,0.0,30.81,16.94,24.94
2024-11-01,0.13,30.27,18.04,23.24
2024-11-02,15.64,25.53,20.64,11.84
2024-11-03,12.56,25.04,19.9,13.56
2024-11-04,20.68,26.6,20.24,7.2
2024-11-05,2.71,28.77,19.55,12.82
2024-11-06,22.04,28.62,19.74,19.35
2024-11-07,32.98,23.85,20.35,7.41
2024-11-08,13.59,26.11,20.76,13.01
2024-11-09,5.34,29.18,18.49,18.58
2024-11-10,0.01,29.39,16.0,28.23
2024-11-11,0.23,30.91,15.66,27.55
2024-11-12,3.13,33.27,19.01,29.53
2024-11-13,25.39,28.85,17.94,13.0
2024-11-14,0.34,29.97,15.4,24.54
2024-11-15,4.12,29.31,17.76,18.27
2024-11-16,18.79,28.66,19.35,8.36
2024-11-17,5.37,30.73,16.99,23.94
2024-11-18,0.0,31.7,17.3,28.56
2024-11-19,0.0,32.77,18.28,27.92
2024-11-20,1.88,31.73,18.96,21.5
2024-11-21,17.63,31.28,19.29,23.31
2024-11-22,15.17,26.87,18.37,14.21
2024-11-23,0.1,30.06,17.13,26.75
2024-11-24,0.0,29.02,16.0,28.63
2024-11-25,0.15,29.6,15.78,28.99
2024-11-26,0.2,31.12,17.65,28.67
2024-11-27,0.13,32.33,18.96,26.64
2024-11-28,10.07,30.59,20.58,21.58
2024-11-29,9.11,26.87,21.26,12.99
2024-11-30,0.29,31.2,20.94,24.32
2024-12-01,1.11,32.03,20.64,26.56
2024-12-02,10.17,29.04,22.07,14.59
2024-12-03,19.31,27.0,21.61,10.88
2024-12-04,7.96,27.99,18.56,14.71
2024-12-05,5.2,30.2,18.28,16.81
2024-12-06,0.95,30.42,20.95,27.13
2024-12-07,0.03,32.24,21.37,28.74
2024-12-08,2.25,27.01,20.31,21.65
2024-12-09,3.12,29.44,19.49,18.94
2024-12-10,9.91,27.26,20.5,17.31
2024-12-11,0.27,30.22,18.01,26.61
2024-12-12,0.04,30.58,16.48,26.31
2024-12-13,1.2,29.98,17.4,20.92
2024-12-14,3.69,25.01,20.33,11.05
2024-12-15,3.38,28.97,20.34,16.98
2024-12-16,1.21,29.89,17.9,22.59
2024-12-17,0.01,31.2,16.37,28.69
2024-12-18,0.41,31.61,16.68,27.37
2024-12-19,0.47,32.31,18.12,24.74
2024-12-20,8.92,29.74,21.09,17.23
2024-12-21,6.93,28.51,20.97,10.52
2024-12-22,4.94,27.23,20.63,16.3
2024-12-23,1.11,30.65,20.68,22.78
2024-12-24,0.81,30.18,19.15,26.26
2024-12-25,9.84,29.98,20.16,16.82
2024-12-26,26.95,27.2,21.05,9.46
2024-12-27,7.05,29.46,20.97,12.12
2024-12-28,4.78,29.02,21.36,18.05
2024-12-29,5.1,30.9,19.91,25.95
2024-12-30,1.59,30.53,19.35,29.39
2024-12-31,0.57,30.84,18.57,28.39
2025-01-01,10.58,29.82,19.17,28.47
2025-01-02,4.32,30.02,18.87,24.92
2025-01-03,3.1,29.97,18.72,16.85
2025-01-04,1.59,26.69,18.18,19.73
2025-01-05,0.22,31.19,16.27,26.96
2025-01-06,0.07,31.81,17.97,28.96
2025-01-07,0.65,30.42,20.41,24.13
2025-01-08,0.78,31.98,18.82,21.41
2025-01-09,0.6,31.66,19.26,25.32
2025-01-10,0.55,30.67,17.91,26.08
2025-01-11,0.34,32.46,17.02,28.05
2025-01-12,0.28,32.03,18.98,24.72
2025-01-13,0.16,30.7,18.16,25.52
2025-01-14,0.04,31.6,15.95,24.69
2025-01-15,3.16,32.45,18.06,18.9
2025-01-16,11.43,31.61,21.36,16.34
2025-01-17,3.65,26.81,21.52,17.73
2025-01-18,3.38,30.61,20.84,26.08
2025-01-19,3.26,30.59,21.15,24.72
2025-01-20,0.73,31.7,20.8,28.96
2025-01-21,0.1,33.26,21.32,24.96
2025-01-22,1.8,34.05,23.05,27.4
2025-01-23,2.83,31.91,21.22,22.2
2025-01-24,0.65,35.0,20.12,27.74
2025-01-25,3.23,34.8,21.03,26.2
2025-01-26,3.86,32.5,21.5,22.28
2025-01-27,4.79,30.65,21.45,22.3
2025-01-28,1.87,30.97,20.94,20.03
2025-01-29,4.77,31.84,20.39,13.95
2025-01-30,15.18,31.24,21.25,19.81
2025-01-31,14.68,27.33,21.48,14.4
2025-02-01,7.57,27.16,20.68,14.29
2025-02-02,4.69,28.77,19.66,13.45
2025-02-03,15.16,25.3,20.96,11.05
2025-02-04,2.85,27.91,20.43,14.71
2025-02-05,3.33,28.39,20.4,19.36
2025-02-06,0.32,29.54,20.17,26.13
2025-02-07,3.91,31.66,19.15,21.52
2025-02-08,1.08,32.03,20.43,28.15
2025-02-09,0.11,32.23,20.05,25.34
2025-02-10,1.32,30.27,19.11,21.03
2025-02-11,0.04,31.86,19.89,23.79
2025-02-12,3.64,30.25,19.62,20.84
2025-02-13,2.07,30.88,20.0,19.94
2025-02-14,1.25,32.07,20.09,21.52
2025-02-15,0.05,34.7,20.84,22.41
2025-02-16,0.0,34.99,22.27,27.97
2025-02-17,0.04,35.38,19.5,26.84
2025-02-18,0.93,34.87,22.27,22.25
2025-02-19,5.45,33.76,21.69,25.75
2025-02-20,1.33,34.77,22.95,22.6
2025-02-21,1.79,35.15,21.52,24.55
2025-02-22,0.46,33.72,21.71,22.43
2025-02-23,0.12,33.74,21.33,25.53
2025-02-24,0.4,32.97,20.39,22.82
2025-02-25,0.41,34.68,20.7,24.2
2025-02-26,3.3,34.96,20.8,26.51
2025-02-27,0.09,36.14,20.2,25.88
2025-02-28,0.39,35.45,21.04,25.04
2025-03-01,0.02,35.99,20.64,27.4
2025-03-02,0.0,33.24,21.15,24.05
2025-03-03,0.01,36.28,19.2,23.9
2025-03-04,0.38,34.53,21.86,25.29
2025-03-05,0.32,33.65,20.63,23.83
2025-03-06,0.0,33.22,20.64,27.1
2025-03-07,0.07,34.69,18.88,25.31
2025-03-08,0.2,35.16,19.37,23.96
2025-03-09,1.16,35.72,20.34,24.94
2025-03-10,1.39,36.03,19.84,22.02
2025-03-11,0.94,32.51,21.18,13.9
2025-03-12,0.14,34.54,21.9,21.95
2025-03-13,0.46,34.74,20.86,21.17
2025-03-14,0.28,35.5,20.81,21.64
2025-03-15,1.11,35.87,20.99,20.93
2025-03-16,2.63,35.25,21.05,18.98
2025-03-17,2.32,34.53,19.76,16.84
2025-03-18,6.55,32.92,20.57,18.46
2025-03-19,3.27,31.47,20.53,15.2
2025-03-20,0.06,32.36,18.43,24.18
2025-03-21,0.15,33.57,16.72,23.98
2025-03-22,0.31,34.62,18.1,23.05
2025-03-23,5.91,29.13,20.49,16.6
2025-03-24,0.28,33.45,19.75,17.4
2025-03-25,0.1,34.99,20.69,23.03
2025-03-26,1.02,33.44,20.65,12.95
2025-03-27,0.13,34.3,19.29,22.22
2025-03-28,0.8,34.67,19.98,20.67
2025-03-29,1.42,34.51,20.93,19.0
2025-03-30,1.63,34.45,20.76,18.81
2025-03-31,3.73,30.94,21.22,6.44
