data,PRECTOTCORR,T2M_MAX,T2M_MIN,ALLSKY_SFC_SW_DWN
2013-10-01,3.11,31.38,20.52,13.69
2013-10-02,18.19,24.75,20.15,14.25
2013-10-03,15.2,29.15,19.36,21.62
2013-10-04,12.11,25.33,18.69,4.91
2013-10-05,0.03,28.33,17.73,22.75
2013-10-06,0.0,28.18,13.63,25.22
2013-10-07,0.4,28.81,14.1,24.88
2013-10-08,0.56,24.4,16.5,11.04
2013-10-09,0.0,29.76,14.62,17.77
2013-10-10,0.0,30.32,15.64,26.32
2013-10-11,0.0,30.57,16.15,24.43
2013-10-12,0.02,28.98,18.46,14.27
2013-10-13,0.03,33.49,17.61,26.27
2013-10-14,0.01,34.6,20.05,24.57
2013-10-15,1.03,29.06,21.63,12.78
2013-10-16,9.91,26.2,19.56,12.43
2013-10-17,8.53,28.01,18.16,17.59
2013-10-18,1.29,31.08,18.38,19.9
2013-10-19,0.0,32.1,18.5,28.71
2013-10-20,0.0,34.55,16.35,26.85
2013-10-21,2.68,33.89,21.8,25.83
2013-10-22,0.73,32.33,22.05,25.38
2013-10-23,4.24,31.22,22.29,25.1
2013-10-24,0.06,34.98,21.45,27.2
2013-10-25,7.73,31.46,21.69,25.03
2013-10-26,0.22,35.49,19.45,28.23
2013-10-27,1.93,35.12,22.28,22.87
2013-10-28,0.04,33.52,17.32,28.67
2013-10-29,0.0,35.75,14.46,29.05
2013-10-30,0.06,35.51,18.07,24.72
2013-10-31,1.9,32.37,21.31,26.93
2013-11-01,10.02,31.62,19.75,23.38
2013-11-02,0.21,33.69,20.37,23.93
2013-11-03,20.12,31.69,22.37,22.65
2013-11-04,11.32,25.98,20.87,14.86
2013-11-05,5.62,26.91,19.35,10.02
2013-11-06,14.28,27.08,18.06,13.8
2013-11-07,3.29,28.89,18.99,17.19
2013-11-08,0.5,30.31,18.1,26.82
2013-11-09,0.0,33.47,17.75,28.74
2013-11-10,0.24,35.54,19.59,28.08
2013-11-11,17.33,34.82,21.74,23.58
2013-11-12,0.2,29.35,22.27,21.44
2013-11-13,0.12,32.8,20.87,23.94
2013-11-14,0.07,32.96,19.13,28.51
2013-11-15,3.49,32.97,20.21,28.2
2013-11-16,6.3,32.85,20.79,20.23
2013-11-17,6.82,29.16,20.76,20.5
2013-11-18,5.34,31.52,19.32,27.3
2013-11-19,1.56,31.95,21.55,26.77
2013-11-20,0.0,35.07,20.7,25.91
2013-11-21,6.78,33.28,22.55,21.62
2013-11-22,16.64,27.96,20.6,16.33
2013-11-23,14.38,28.58,19.16,15.81
2013-11-24,2.61,25.25,19.56,18.51
2013-11-25,2.56,25.31,19.6,11.14
2013-11-26,0.78,30.15,18.44,22.34
2013-11-27,0.01,31.1,18.86,26.95
2013-11-28,0.29,33.15,19.5,28.94
2013-11-29,0.53,33.86,21.29,27.22
2013-11-30,0.38,29.08,22.53,23.51
2013-12-01,5.73,29.59,21.47,18.87
2013-12-02,10.89,28.84,22.42,16.3
2013-12-03,0.81,32.93,21.52,26.87
2013-12-04,0.02,34.95,21.82,26.68
2013-12-05,6.11,32.41,23.18,27.2
2013-12-06,0.56,31.96,21.46,25.35
2013-12-07,1.09,29.35,22.17,19.31
2013-12-08,0.75,33.16,21.27,24.96
2013-12-09,7.5,31.79,22.59,25.45
2013-12-10,10.42,28.45,21.96,13.27
2013-12-11,21.09,27.2,21.28,13.43
2013-12-12,0.34,29.9,18.85,24.25
2013-12-13,0.06,31.35,17.8,25.59
2013-12-14,6.03,29.14,20.47,20.32
2013-12-15,1.11,32.15,20.09,20.98
2013-12-16,1.69,32.52,19.88,25.63
2013-12-17,0.03,33.46,18.81,27.85
2013-12-18,0.08,33.4,18.82,28.4
2013-12-19,0.16,33.11,20.17,29.76
2013-12-20,5.82,33.09,20.52,25.84
2013-12-21,1.55,32.18,19.99,28.17
2013-12-22,4.09,31.72,19.7,27.0
2013-12-23,6.76,26.77,20.49,14.5
2013-12-24,4.19,29.14,20.35,20.26
2013-12-25,2.32,29.85,20.19,22.2
2013-12-26,0.04,34.56,21.12,25.84
2013-12-27,2.98,31.98,23.94,19.07
2013-12-28,6.17,27.16,22.47,24.71
2013-12-29,5.13,30.47,21.21,22.9
2013-12-30,14.49,29.19,22.35,22.68
2013-12-31,4.04,29.01,22.53,13.01
2014-01-01,5.37,29.59,20.74,22.67
2014-01-02,0.09,31.22,21.8,26.0
2014-01-03,0.02,34.32,22.73,29.45
2014-01-04,0.02,35.9,22.54,26.97
2014-01-05,0.69,34.01,23.43,30.06
2014-01-06,0.01,31.64,23.74,28.65
2014-01-07,1.74,33.16,21.49,27.3
2014-01-08,1.12,31.06,22.19,26.18
2014-01-09,0.13,30.45,21.87,22.21
2014-01-10,0.94,32.93,20.94,28.12
2014-01-11,1.19,31.6,21.49,24.4
2014-01-12,6.54,31.28,22.54,21.39
2014-01-13,1.3,28.89,22.3,21.59
2014-01-14,2.84,27.54,21.2,17.9
2014-01-15,0.48,31.56,19.46,27.46
2014-01-16,0.41,33.75,20.34,21.17
2014-01-17,1.28,30.88,21.73,18.86
2014-01-18,4.96,30.55,21.73,23.92
2014-01-19,0.63,33.52,21.02,28.96
2014-01-20,0.17,35.33,21.35,28.87
2014-01-21,0.27,33.94,21.33,25.47
2014-01-22,7.38,32.9,21.71,22.51
2014-01-23,1.28,29.31,21.45,21.66
2014-01-24,6.46,33.23,21.46,25.11
2014-01-25,0.22,33.41,21.39,24.67
2014-01-26,1.27,33.54,22.15,26.35
2014-01-27,4.56,34.44,22.24,24.65
2014-01-28,0.2,34.82,20.72,29.11
2014-01-29,0.01,35.51,18.7,30.28
2014-01-30,0.01,35.48,20.15,27.42
2014-01-31,0.0,34.8,21.08,28.54
2014-02-01,0.0,36.6,21.76,29.88
2014-02-02,0.0,35.49,20.76,28.05
2014-02-03,0.0,37.02,21.09,27.12
2014-02-04,0.0,37.6,22.87,27.89
2014-02-05,0.0,37.93,23.56,28.17
2014-02-06,0.0,38.17,23.43,28.48
2014-02-07,0.03,37.36,21.3,29.96
2014-02-08,1.32,36.34,23.71,26.81
2014-02-09,0.01,37.94,20.87,27.11
2014-02-10,0.22,37.91,22.62,25.88
2014-02-11,0.02,35.39,24.32,23.72
2014-02-12,0.26,36.47,23.14,23.05
2014-02-13,4.52,27.72,22.72,23.71
2014-02-14,21.39,33.0,22.22,22.04
2014-02-15,33.17,27.54,21.57,10.56
2014-02-16,4.02,28.61,20.7,18.49
2014-02-17,12.93,30.17,19.56,20.4
2014-02-18,3.86,30.2,19.82,19.7
2014-02-19,0.72,31.84,20.89,23.13
2014-02-20,0.1,32.77,20.17,22.78
2014-02-21,9.01,29.2,22.39,17.96
2014-02-22,10.05,26.88,21.26,13.13
2014-02-23,5.47,27.8,20.46,18.53
2014-02-24,5.64,28.73,20.57,16.53
2014-02-25,0.93,29.27,19.45,17.32
2014-02-26,0.23,32.22,20.22,25.36
2014-02-27,4.68,32.02,21.71,24.67
2014-02-28,6.98,29.54,22.05,16.4
2014-03-01,0.57,26.81,21.15,21.56
2014-03-02,0.82,30.82,19.29,25.08
2014-03-03,20.91,29.88,20.85,23.94
2014-03-04,8.35,29.62,21.65,19.63
2014-03-05,8.09,26.65,21.0,9.26
2014-03-06,28.56,27.8,21.34,21.61
2014-03-07,5.76,28.45,18.92,18.38
2014-03-08,0.69,29.62,16.25,20.57
2014-03-09,0.04,29.75,18.17,25.45
2014-03-10,2.66,30.02,20.29,21.64
2014-03-11,25.53,28.1,20.66,19.03
2014-03-12,2.9,28.07,21.23,15.22
2014-03-13,0.74,27.15,20.9,12.53
2014-03-14,0.54,29.85,20.84,23.5
2014-03-15,0.28,31.03,20.42,24.22
2014-03-16,0.05,31.37,20.08,24.95
2014-03-17,0.03,31.18,19.65,25.41
2014-03-18,1.99,30.61,21.05,22.82
2014-03-19,0.06,30.83,21.39,24.81
2014-03-20,15.69,29.5,21.16,20.21
2014-03-21,13.35,26.91,21.77,19.46
2014-03-22,1.91,26.96,20.81,17.52
2014-03-23,0.01,29.63,19.48,22.93
2014-03-24,0.04,29.72,19.93,21.98
2014-03-25,0.01,29.63,19.81,22.32
2014-03-26,0.31,29.46,19.41,21.23
2014-03-27,0.48,29.92,18.65,16.79
2014-03-28,4.48,28.89,20.23,20.87
2014-03-29,7.33,29.04,19.93,19.19
2014-03-30,12.7,24.74,21.08,13.53
2014-03-31,2.16,28.39,20.21,18.06
2014-04-01,0.24,30.19,20.75,20.07
2014-04-02,5.15,30.65,20.55,22.21
2014-04-03,0.05,31.35,19.32,22.34
2014-04-04,0.13,30.93,19.87,21.82
2014-04-05,0.0,30.94,20.28,22.16
2014-04-06,0.02,31.74,19.7,22.76
2014-04-07,0.0,33.01,18.94,21.67
2014-04-08,0.14,33.17,20.97,19.63
2014-04-09,5.27,31.68,23.42,17.9
2014-04-10,0.17,28.58,21.73,15.86
2014-04-11,0.06,30.09,20.99,20.2
2014-04-12,26.13,27.6,22.39,18.8
2014-04-13,3.17,27.79,21.69,17.66
2014-04-14,13.49,27.99,18.59,14.97
2014-04-15,5.01,27.36,17.46,12.05
2014-04-16,0.96,28.38,19.16,13.99
2014-04-17,0.01,29.94,18.14,20.67
2014-04-18,0.01,30.16,17.91,20.77
2014-04-19,1.77,30.81,18.74,18.5
2014-04-20,0.0,29.94,19.37,18.08
2014-04-21,0.94,30.16,19.87,19.4
2014-04-22,3.5,29.49,19.6,15.8
2014-04-23,1.83,26.43,19.96,11.01
2014-04-24,0.15,28.09,19.16,13.71
2014-04-25,0.02,28.09,16.57,19.74
2014-04-26,0.0,28.2,14.67,21.01
2014-04-27,0.0,27.88,13.59,21.07
2014-04-28,0.0,28.35,13.78,20.79
2014-04-29,0.0,28.25,13.51,20.68
2014-04-30,0.02,28.41,13.39,20.14
2014-05-01,0.0,28.94,13.94,17.63
2014-05-02,0.0,30.1,16.16,15.07
2014-05-03,0.0,27.25,16.46,16.73
2014-05-04,0.0,30.46,14.73,19.51
2014-05-05,0.0,30.71,15.86,18.41
2014-05-06,0.0,31.09,16.17,18.07
2014-05-07,0.0,30.5,18.44,14.46
2014-05-08,0.0,30.92,17.82,17.62
2014-05-09,0.02,29.9,16.41,17.33
2014-05-10,0.0,28.53,14.72,19.02
2014-05-11,0.0,28.98,13.37,18.79
2014-05-12,0.0,29.4,14.84,18.6
2014-05-13,0.0,28.86,14.69,16.25
2014-05-14,0.0,28.73,16.5,16.83
2014-05-15,0.0,29.19,13.24,16.99
2014-05-16,0.01,30.28,15.04,16.61
2014-05-17,0.0,30.99,16.13,13.76
2014-05-18,0.15,30.26,18.94,9.42
2014-05-19,0.0,30.61,15.76,18.11
2014-05-20,0.01,30.73,14.82,16.18
2014-05-21,0.01,30.98,15.61,17.12
2014-05-22,7.47,31.23,18.34,15.31
2014-05-23,4.55,26.47,19.91,5.31
2014-05-24,0.61,27.72,17.37,7.95
2014-05-25,0.05,26.38,17.17,12.25
2014-05-26,0.08,24.87,12.86,10.65
2014-05-27,0.0,22.99,10.22,7.53
2014-05-28,0.04,24.78,11.47,11.54
2014-05-29,0.02,27.19,12.75,17.09
2014-05-30,0.01,28.32,11.79,17.44
2014-05-31,0.0,29.22,13.59,17.14
2014-06-01,1.14,27.95,17.26,6.7
2014-06-02,0.26,26.56,12.52,13.71
2014-06-03,0.0,25.86,8.38,17.8
2014-06-04,0.04,29.0,8.65,17.03
2014-06-05,0.0,31.57,16.15,15.63
2014-06-06,0.0,31.25,17.75,11.85
2014-06-07,0.0,32.17,17.42,15.86
2014-06-08,0.0,31.63,17.94,16.19
2014-06-09,0.0,30.89,17.37,14.6
2014-06-10,0.0,29.07,17.3,15.58
2014-06-11,0.0,29.47,17.32,16.39
2014-06-12,0.0,29.43,16.49,15.97
2014-06-13,0.0,29.38,16.45,15.5
2014-06-14,0.0,30.15,16.31,15.17
2014-06-15,0.0,30.06,16.64,15.77
2014-06-16,0.0,30.6,15.46,16.17
2014-06-17,0.0,30.89,18.6,16.06
2014-06-18,0.0,30.74,16.83,14.12
2014-06-19,0.0,28.64,14.44,15.83
2014-06-20,0.0,27.86,12.5,15.47
2014-06-21,0.0,27.87,11.9,15.69
2014-06-22,0.01,29.49,13.23,15.65
2014-06-23,0.0,28.54,16.28,11.52
2014-06-24,0.0,29.91,14.89,16.42
2014-06-25,0.02,30.29,14.87,16.53
2014-06-26,0.0,30.99,15.55,14.93
2014-06-27,0.0,31.83,15.81,16.55
2014-06-28,0.0,30.99,15.84,14.85
2014-06-29,0.0,24.99,15.95,9.3
2014-06-30,0.0,25.2,12.31,15.52
2014-07-01,0.0,28.54,12.9,16.28
2014-07-02,0.0,32.14,15.95,15.87
2014-07-03,0.0,32.95,17.25,16.2
2014-07-04,0.0,31.84,16.21,15.85
2014-07-05,0.0,30.98,16.62,16.53
2014-07-06,0.0,30.39,15.1,16.32
2014-07-07,0.07,28.61,15.75,9.49
2014-07-08,0.32,29.68,15.55,8.62
2014-07-09,4.09,28.56,15.77,13.38
2014-07-10,0.05,27.15,16.89,7.61
2014-07-11,0.01,27.07,13.4,16.83
2014-07-12,0.01,28.41,12.86,17.18
2014-07-13,0.01,29.04,13.74,16.35
2014-07-14,0.0,29.06,14.03,17.03
2014-07-15,0.02,29.14,12.96,17.44
2014-07-16,0.0,30.25,14.18,17.27
2014-07-17,0.02,31.48,16.88,17.4
2014-07-18,0.04,29.37,17.89,9.99
2014-07-19,0.01,27.3,13.98,16.03
2014-07-20,0.0,28.26,9.88,17.42
2014-07-21,0.0,30.46,9.71,18.25
2014-07-22,0.0,31.33,14.22,17.47
2014-07-23,0.01,31.42,15.71,16.38
2014-07-24,10.77,30.47,14.86,3.7
2014-07-25,1.26,19.83,13.26,4.31
2014-07-26,8.64,17.43,13.12,4.68
2014-07-27,1.82,21.6,13.84,7.43
2014-07-28,0.06,25.48,13.84,8.28
2014-07-29,0.52,27.61,15.84,16.71
2014-07-30,0.0,28.22,13.94,17.49
2014-07-31,0.0,29.04,13.46,18.86
2014-08-01,0.0,30.32,14.21,18.77
2014-08-02,0.0,30.99,15.74,19.25
2014-08-03,0.0,31.74,16.05,19.44
2014-08-04,0.0,32.63,16.1,17.58
2014-08-05,0.0,29.95,16.11,19.18
2014-08-06,0.0,30.7,13.84,18.6
2014-08-07,0.0,30.4,13.67,19.68
2014-08-08,0.0,30.49,12.59,20.24
2014-08-09,0.0,30.05,13.81,19.71
2014-08-10,0.0,29.64,13.31,20.1
2014-08-11,0.0,31.72,14.05,20.06
2014-08-12,0.0,33.35,16.07,19.71
2014-08-13,0.69,33.16,15.65,16.67
2014-08-14,0.0,27.96,12.26,17.81
2014-08-15,0.0,31.44,16.39,19.41
2014-08-16,0.0,30.8,18.03,20.03
2014-08-17,0.14,31.36,18.03,18.26
2014-08-18,0.01,31.58,18.63,18.91
2014-08-19,0.0,31.58,15.63,20.59
2014-08-20,0.0,33.16,13.41,21.49
2014-08-21,0.0,33.3,15.84,21.6
2014-08-22,0.0,34.12,15.95,21.73
2014-08-23,0.0,34.63,16.01,22.08
2014-08-24,0.0,33.86,15.88,22.06
2014-08-25,0.0,34.9,16.67,21.79
2014-08-26,0.0,32.3,18.77,20.03
2014-08-27,0.0,29.46,16.64,17.0
2014-08-28,0.02,33.97,16.3,18.49
2014-08-29,0.0,33.28,16.6,20.21
2014-08-30,0.0,35.59,16.82,21.3
2014-08-31,0.02,36.56,18.01,21.52
2014-09-01,0.31,36.59,19.34,17.89
2014-09-02,5.26,36.28,20.75,20.82
2014-09-03,4.12,33.41,21.05,19.37
2014-09-04,0.0,31.24,17.41,22.71
2014-09-05,0.0,32.71,15.38,22.9
2014-09-06,0.0,33.01,15.83,23.56
2014-09-07,0.0,34.03,16.38,21.6
2014-09-08,0.0,34.12,17.4,21.8
2014-09-09,0.0,34.61,17.85,23.79
2014-09-10,0.0,35.82,17.45,24.28
2014-09-11,0.0,36.69,19.65,23.09
2014-09-12,0.0,36.83,18.8,24.29
2014-09-13,0.0,35.58,18.05,24.81
2014-09-14,0.0,36.67,18.16,23.82
2014-09-15,0.0,37.44,19.93,21.54
2014-09-16,0.0,34.52,20.55,21.32
2014-09-17,0.0,37.31,19.1,23.95
2014-09-18,0.0,38.29,19.68,22.24
2014-09-19,7.67,38.29,22.74,16.94
2014-09-20,4.17,35.8,20.98,5.11
2014-09-21,4.89,30.63,19.62,15.06
2014-09-22,0.1,32.63,15.59,25.21
2014-09-23,0.08,36.2,15.8,24.77
2014-09-24,14.52,37.15,20.74,22.99
2014-09-25,3.2,30.72,21.56,9.06
2014-09-26,5.2,28.02,22.16,14.14
2014-09-27,1.03,30.86,21.18,10.07
2014-09-28,0.0,33.55,20.54,17.17
2014-09-29,4.86,36.79,22.42,24.03
2014-09-30,2.13,29.94,22.21,5.39
2014-10-01,0.05,36.35,22.25,19.78
2014-10-02,0.0,33.53,17.49,22.28
2014-10-03,0.0,31.63,15.18,26.84
2014-10-04,0.0,31.62,13.69,27.38
2014-10-05,0.0,31.1,14.78,24.97
2014-10-06,0.0,32.46,14.19,25.87
2014-10-07,0.0,32.64,15.84,21.23
2014-10-08,0.0,34.66,16.39,28.06
2014-10-09,0.0,36.52,17.38,27.25
2014-10-10,0.0,38.24,19.32,26.92
2014-10-11,0.0,38.64,21.35,26.82
2014-10-12,0.0,39.51,20.37,26.58
2014-10-13,0.0,39.9,21.68,26.96
2014-10-14,0.0,40.88,23.01,26.68
2014-10-15,0.0,41.25,24.3,25.44
2014-10-16,0.0,41.92,24.96,24.76
2014-10-17,0.0,41.26,23.75,23.76
2014-10-18,0.94,41.1,23.54,23.04
2014-10-19,1.33,38.87,23.88,15.56
2014-10-20,0.14,37.93,23.62,9.42
2014-10-21,0.02,35.49,20.74,23.7
2014-10-22,0.01,36.53,19.6,25.59
2014-10-23,1.61,35.3,24.39,24.73
2014-10-24,6.27,28.05,21.81,20.33
2014-10-25,7.16,25.37,19.82,9.03
2014-10-26,3.23,29.66,18.68,15.45
2014-10-27,0.35,33.69,19.65,22.96
2014-10-28,0.0,34.66,16.9,29.59
2014-10-29,0.0,35.89,15.17,30.19
2014-10-30,0.83,37.54,18.42,22.72
2014-10-31,2.19,31.68,21.11,24.34
2014-11-01,4.71,33.3,22.17,22.26
2014-11-02,6.43,27.59,22.97,22.55
2014-11-03,10.42,29.68,21.69,19.35
2014-11-04,12.17,28.23,21.4,14.33
2014-11-05,3.59,31.63,21.3,24.66
2014-11-06,5.48,34.02,21.0,24.73
2014-11-07,19.53,32.19,22.44,25.1
2014-11-08,0.01,30.31,21.87,13.61
2014-11-09,0.01,33.57,20.21,24.17
2014-11-10,0.0,34.55,18.8,27.98
2014-11-11,0.27,35.47,16.62,29.16
2014-11-12,1.48,29.29,21.31,13.75
2014-11-13,0.45,33.79,22.14,18.53
2014-11-14,3.26,33.51,20.07,22.19
2014-11-15,0.09,32.13,17.32,27.35
2014-11-16,0.95,33.4,16.03,28.8
2014-11-17,0.25,34.66,16.2,29.79
2014-11-18,0.16,33.48,18.19,25.36
2014-11-19,0.46,35.25,21.57,27.5
2014-11-20,5.68,33.45,23.18,23.7
2014-11-21,0.27,36.47,21.69,20.85
2014-11-22,7.4,28.67,22.5,13.53
2014-11-23,4.98,29.97,21.24,16.02
2014-11-24,7.35,31.83,21.09,18.1
2014-11-25,40.6,25.71,22.17,17.33
2014-11-26,5.63,27.69,21.32,15.2
2014-11-27,7.13,29.2,21.52,18.26
2014-11-28,18.37,28.88,21.6,16.85
2014-11-29,6.37,26.22,20.49,15.06
2014-11-30,8.28,26.58,21.0,13.09
2014-12-01,1.31,27.51,21.16,22.45
2014-12-02,0.03,28.11,18.52,16.58
2014-12-03,0.4,30.76,19.88,23.29
2014-12-04,4.53,31.56,20.37,26.67
2014-12-05,1.42,29.78,18.8,20.27
2014-12-06,5.49,29.84,19.2,21.55
2014-12-07,1.17,29.02,20.12,22.23
2014-12-08,3.28,26.1,20.22,18.07
2014-12-09,3.34,25.61,19.81,14.98
2014-12-10,8.75,25.53,20.4,18.9
2014-12-11,3.3,26.27,20.37,20.3
2014-12-12,9.02,29.11,20.14,19.55
2014-12-13,15.78,24.47,20.56,14.43
2014-12-14,3.55,30.69,20.1,23.09
2014-12-15,0.0,30.58,17.45,28.81
2014-12-16,0.03,31.41,16.87,26.97
2014-12-17,0.22,32.17,20.17,26.47
2014-12-18,0.82,31.37,21.3,27.06
2014-12-19,0.99,31.66,22.74,26.51
2014-12-20,1.35,32.02,22.02,18.9
2014-12-21,6.69,27.47,22.07,14.02
2014-12-22,13.32,27.63,21.77,18.32
2014-12-23,24.8,28.53,21.24,12.44
2014-12-24,2.49,26.94,18.75,17.59
2014-12-25,0.38,30.67,20.34,20.24
2014-12-26,0.01,32.55,20.63,30.29
2014-12-27,0.0,33.02,20.74,29.13
2014-12-28,1.72,33.06,21.06,29.42
2014-12-29,0.12,31.79,22.17,27.59
2014-12-30,8.24,31.66,22.04,26.41
2014-12-31,2.11,31.02,22.11,18.54
2015-01-01,0.88,31.64,22.71,26.37
2015-01-02,2.28,30.96,23.58,27.02
2015-01-03,9.11,30.89,21.98,22.89
2015-01-04,4.95,28.28,21.16,20.53
2015-01-05,7.74,28.26,20.58,16.42
2015-01-06,11.12,29.7,20.39,21.89
2015-01-07,1.24,31.95,20.75,24.97
2015-01-08,0.75,30.19,21.51,20.19
2015-01-09,0.1,33.95,20.91,29.41
2015-01-10,0.95,34.82,21.78,29.24
2015-01-11,3.72,34.99,22.73,27.61
2015-01-12,0.79,36.76,22.12,22.72
2015-01-13,1.96,34.14,23.8,20.39
2015-01-14,0.26,33.54,22.57,22.54
2015-01-15,3.04,31.13,22.77,28.81
2015-01-16,0.03,36.1,22.11,29.92
2015-01-17,0.01,36.55,22.8,29.78
2015-01-18,0.0,37.78,22.4,28.17
2015-01-19,0.64,39.1,23.72,29.17
2015-01-20,0.09,39.21,23.28,29.18
2015-01-21,1.37,32.67,23.41,25.02
2015-01-22,6.06,31.99,22.48,24.8
2015-01-23,2.26,31.88,21.07,23.77
2015-01-24,1.24,32.63,19.9,26.61
2015-01-25,0.81,30.54,20.96,18.45
2015-01-26,19.09,31.65,20.48,23.97
2015-01-27,10.91,28.85,21.11,19.39
2015-01-28,9.42,29.41,20.91,23.77
2015-01-29,1.66,28.62,21.5,19.7
2015-01-30,0.24,30.53,21.83,26.37
2015-01-31,4.37,33.1,21.56,28.72
2015-02-01,1.15,34.46,21.24,28.38
2015-02-02,1.73,33.27,22.01,28.68
2015-02-03,2.8,32.57,21.87,29.47
2015-02-04,6.67,29.33,22.02,13.53
2015-02-05,3.86,29.93,20.79,16.32
2015-02-06,6.79,30.37,22.08,22.99
2015-02-07,2.07,31.39,20.1,19.79
2015-02-08,7.12,29.79,20.17,19.23
2015-02-09,7.87,30.21,20.61,16.52
2015-02-10,9.4,27.81,21.51,23.57
2015-02-11,4.38,29.63,21.12,22.35
2015-02-12,8.38,30.68,21.85,26.55
2015-02-13,6.65,30.27,22.23,19.41
2015-02-14,3.96,30.83,21.18,23.46
2015-02-15,6.38,28.76,21.23,16.39
2015-02-16,1.58,26.37,20.3,15.11
2015-02-17,12.0,26.01,20.87,17.08
2015-02-18,8.68,26.83,21.35,11.29
2015-02-19,5.88,26.44,20.54,16.03
2015-02-20,8.57,27.59,20.69,15.11
2015-02-21,0.29,31.15,20.63,25.93
2015-02-22,0.01,31.44,20.2,27.25
2015-02-23,0.04,31.59,19.83,27.19
2015-02-24,1.01,30.79,20.19,26.1
2015-02-25,11.22,29.99,21.32,24.37
2015-02-26,2.42,29.21,20.85,16.5
2015-02-27,9.29,28.5,20.27,23.67
2015-02-28,1.45,30.48,20.4,25.17
2015-03-01,0.97,30.19,20.29,23.94
2015-03-02,0.61,30.57,19.87,23.12
2015-03-03,1.2,31.43,20.82,21.76
2015-03-04,4.43,30.81,21.28,22.73
2015-03-05,3.98,29.97,20.94,22.64
2015-03-06,4.73,28.67,21.35,20.85
2015-03-07,8.35,29.02,21.58,18.59
2015-03-08,5.82,26.39,21.28,14.24
2015-03-09,26.88,25.45,21.49,10.79
2015-03-10,5.11,29.43,20.34,16.51
2015-03-11,5.41,29.28,19.41,22.76
2015-03-12,7.45,27.46,20.92,18.08
2015-03-13,1.37,26.47,20.48,12.6
2015-03-14,0.83,25.78,19.9,16.63
2015-03-15,0.42,26.32,19.39,13.27
2015-03-16,2.74,29.95,18.58,23.3
2015-03-17,4.34,25.65,19.63,17.76
2015-03-18,3.77,23.89,19.17,15.81
2015-03-19,4.59,26.62,18.92,14.45
2015-03-20,15.05,27.49,18.83,12.03
2015-03-21,3.51,26.36,19.36,16.6
2015-03-22,8.55,27.54,18.92,15.97
2015-03-23,0.75,29.03,20.15,20.1
2015-03-24,0.01,29.45,18.08,25.3
2015-03-25,0.02,30.28,17.28,23.03
2015-03-26,1.62,29.15,18.63,18.41
2015-03-27,5.25,30.23,21.2,14.38
2015-03-28,0.3,29.65,21.09,21.97
2015-03-29,4.89,29.91,21.82,16.47
2015-03-30,12.17,28.52,20.94,14.88
2015-03-31,3.86,26.58,21.16,19.55
2015-04-01,0.25,29.31,19.43,18.95
2015-04-02,0.06,30.09,18.42,17.78
2015-04-03,0.24,29.43,17.36,20.86
2015-04-04,3.17,29.98,19.61,19.25
2015-04-05,8.56,29.5,20.92,13.22
2015-04-06,5.14,28.63,19.84,14.88
2015-04-07,0.0,27.01,16.53,21.53
2015-04-08,0.0,28.29,16.25,21.63
2015-04-09,0.0,28.41,18.85,20.91
2015-04-10,0.0,29.57,18.22,18.64
2015-04-11,0.04,30.1,17.41,21.23
2015-04-12,0.0,31.07,18.69,21.56
2015-04-13,0.04,30.75,17.75,21.3
2015-04-14,0.98,29.82,19.09,16.57
2015-04-15,2.9,28.85,20.68,12.6
2015-04-16,0.2,30.34,19.91,19.0
2015-04-17,0.0,30.78,19.84,20.36
2015-04-18,0.17,31.35,19.85,18.06
2015-04-19,3.75,30.23,21.14,16.44
2015-04-20,1.4,31.42,20.72,19.35
2015-04-21,8.69,29.91,21.73,18.0
2015-04-22,1.19,28.33,20.5,15.77
2015-04-23,0.02,30.67,19.4,17.55
2015-04-24,0.83,28.07,20.22,16.21
2015-04-25,0.05,30.45,19.04,18.28
2015-04-26,0.0,28.33,14.27,20.66
2015-04-27,0.02,29.95,14.95,20.2
2015-04-28,0.1,29.99,16.73,19.39
2015-04-29,0.0,28.16,16.9,18.52
2015-04-30,0.0,29.54,15.79,19.03
2015-05-01,0.0,30.07,14.94,19.77
2015-05-02,0.03,29.95,15.81,19.27
2015-05-03,0.36,30.92,17.55,16.84
2015-05-04,30.93,25.52,19.72,6.89
2015-05-05,1.96,28.35,19.07,11.08
2015-05-06,0.28,28.46,16.86,12.9
2015-05-07,0.01,27.66,15.71,19.06
2015-05-08,0.02,26.87,14.2,19.16
2015-05-09,0.0,29.29,14.63,18.04
2015-05-10,10.43,28.87,18.21,11.16
2015-05-11,2.61,25.34,16.84,8.52
2015-05-12,0.0,24.87,12.42,17.79
2015-05-13,0.03,25.62,12.52,14.24
2015-05-14,0.01,27.81,14.81,17.88
2015-05-15,0.01,25.42,16.53,9.83
2015-05-16,0.01,27.13,15.62,14.13
2015-05-17,0.0,27.38,14.48,17.17
2015-05-18,0.02,26.49,16.3,9.45
2015-05-19,4.03,26.16,16.71,12.2
2015-05-20,8.71,26.5,17.36,9.79
2015-05-21,0.07,27.45,16.21,11.87
2015-05-22,0.0,27.83,16.32,17.5
2015-05-23,0.0,26.38,16.32,10.83
2015-05-24,0.07,29.67,15.76,16.74
2015-05-25,0.0,30.66,16.85,17.13
2015-05-26,0.01,30.73,17.74,16.91
2015-05-27,0.0,30.74,16.84,17.1
2015-05-28,4.16,21.91,16.32,3.06
2015-05-29,0.63,25.6,15.36,12.81
2015-05-30,2.32,27.56,11.82,15.16
2015-05-31,15.29,29.34,16.46,12.42
2015-06-01,3.96,26.51,18.12,10.91
2015-06-02,1.57,27.67,17.27,5.54
2015-06-03,0.1,27.73,17.02,13.73
2015-06-04,0.01,27.76,16.47,16.24
2015-06-05,0.04,28.12,14.87,16.9
2015-06-06,0.02,28.81,15.3,16.53
2015-06-07,0.0,29.14,15.0,16.21
2015-06-08,0.0,29.16,15.39,16.13
2015-06-09,0.01,28.82,15.14,14.51
2015-06-10,0.0,29.07,14.31,16.3
2015-06-11,0.0,30.17,15.63,16.67
2015-06-12,0.02,29.99,16.36,15.49
2015-06-13,0.0,30.37,15.4,16.62
2015-06-14,0.01,29.71,16.95,14.88
2015-06-15,0.63,27.09,17.72,9.88
2015-06-16,0.06,26.74,15.85,15.61
2015-06-17,0.01,31.3,17.47,15.49
2015-06-18,0.05,30.89,17.15,14.71
2015-06-19,0.08,25.31,15.58,9.29
2015-06-20,0.02,23.15,14.01,15.82
2015-06-21,0.01,27.64,14.25,16.14
2015-06-22,0.0,27.6,14.17,15.53
2015-06-23,0.0,27.67,14.02,12.3
2015-06-24,0.0,26.69,14.86,12.75
2015-06-25,0.0,26.77,15.7,14.03
2015-06-26,0.0,26.24,15.54,15.79
2015-06-27,0.01,26.07,12.35,16.73
2015-06-28,0.0,26.2,11.37,16.2
2015-06-29,0.0,26.96,12.86,14.22
2015-06-30,1.45,27.02,14.71,12.3
2015-07-01,2.87,27.45,15.18,6.71
2015-07-02,2.55,25.7,15.98,8.22
2015-07-03,0.04,29.32,15.14,13.67
2015-07-04,0.94,25.34,16.66,6.3
2015-07-05,0.72,24.66,13.84,8.02
2015-07-06,2.49,28.33,15.52,7.84
2015-07-07,16.89,21.88,17.93,4.44
2015-07-08,5.31,22.1,14.96,4.78
2015-07-09,0.33,24.06,14.29,13.51
2015-07-10,0.0,28.99,14.51,16.25
2015-07-11,0.0,30.07,15.81,13.87
2015-07-12,0.0,31.15,16.12,16.82
2015-07-13,0.0,31.5,17.12,16.94
2015-07-14,0.0,32.14,16.95,15.34
2015-07-15,0.0,31.45,18.25,12.29
2015-07-16,0.0,28.87,18.1,10.88
2015-07-17,0.0,27.99,16.2,15.06
2015-07-18,0.0,29.17,15.03,17.25
2015-07-19,0.0,29.14,15.0,17.77
2015-07-20,0.0,29.58,14.71,16.8
2015-07-21,0.0,28.72,16.32,15.26
2015-07-22,0.0,28.09,15.96,11.97
2015-07-23,0.0,29.16,16.25,15.49
2015-07-24,0.29,30.35,17.34,16.92
2015-07-25,0.54,29.58,18.11,11.17
2015-07-26,0.03,28.27,16.1,15.65
2015-07-27,0.0,29.67,14.57,18.04
2015-07-28,0.0,30.91,14.0,17.96
2015-07-29,0.0,31.2,14.68,18.07
2015-07-30,0.0,31.28,13.97,18.65
2015-07-31,0.0,31.43,14.56,17.33
2015-08-01,0.0,31.08,14.92,18.88
2015-08-02,0.0,31.56,15.32,18.82
2015-08-03,0.0,31.95,14.55,19.22
2015-08-04,0.0,31.46,14.93,19.2
2015-08-05,0.0,31.56,14.79,19.23
2015-08-06,0.0,31.95,15.26,19.59
2015-08-07,0.0,32.69,14.59,19.81
2015-08-08,0.0,32.91,15.08,19.67
2015-08-09,0.0,32.03,16.6,19.43
2015-08-10,0.0,31.75,16.95,19.85
2015-08-11,0.0,31.85,16.9,19.75
2015-08-12,0.0,30.28,15.86,20.65
2015-08-13,0.0,30.96,14.15,20.88
2015-08-14,0.0,30.61,14.15,20.34
2015-08-15,0.0,31.31,15.12,19.95
2015-08-16,0.0,32.57,15.87,20.57
2015-08-17,0.0,32.42,16.89,19.64
2015-08-18,0.0,31.48,18.1,15.58
2015-08-19,0.01,31.51,17.49,19.68
2015-08-20,0.0,30.01,12.94,21.29
2015-08-21,0.0,30.86,13.87,21.51
2015-08-22,0.0,32.35,13.68,21.83
2015-08-23,0.0,34.45,15.35,21.45
2015-08-24,0.12,34.37,17.39,18.94
2015-08-25,0.26,35.18,18.82,16.07
2015-08-26,0.28,35.56,18.29,19.33
2015-08-27,4.27,34.04,20.56,4.55
2015-08-28,0.01,32.22,18.2,14.88
2015-08-29,0.0,34.69,15.36,21.74
2015-08-30,0.0,35.91,17.13,22.15
2015-08-31,0.0,36.48,18.6,22.64
2015-09-01,0.0,36.35,18.16,19.63
2015-09-02,0.0,35.01,17.0,21.87
2015-09-03,0.0,35.91,17.23,22.47
2015-09-04,0.0,36.89,21.42,22.46
2015-09-05,0.09,32.53,18.96,16.27
2015-09-06,0.35,35.13,18.72,20.23
2015-09-07,3.38,34.99,22.01,12.05
2015-09-08,10.96,33.14,22.03,12.56
2015-09-09,29.23,27.68,17.78,10.36
2015-09-10,2.36,29.54,16.9,5.69
2015-09-11,36.44,28.3,16.51,2.58
2015-09-12,3.68,26.7,15.35,6.75
2015-09-13,1.03,28.22,16.03,15.11
2015-09-14,0.35,30.02,13.62,22.05
2015-09-15,0.04,34.65,16.51,23.17
2015-09-16,0.0,35.59,20.69,23.74
2015-09-17,0.0,35.78,20.97,23.79
2015-09-18,0.0,36.97,21.69,24.41
2015-09-19,0.0,37.27,18.44,23.34
2015-09-20,0.0,36.54,17.95,25.85
2015-09-21,0.0,36.27,17.83,25.83
2015-09-22,0.0,36.8,17.46,25.18
2015-09-23,0.0,37.72,18.84,22.92
2015-09-24,0.0,39.05,21.48,24.19
2015-09-25,5.68,38.3,23.36,21.7
2015-09-26,5.51,33.34,20.8,16.07
2015-09-27,7.31,34.66,20.56,17.95
2015-09-28,2.1,28.44,20.66,10.43
2015-09-29,1.78,28.9,21.78,11.31
2015-09-30,0.13,33.4,19.68,19.14
2015-10-01,0.02,35.05,19.78,18.9
2015-10-02,0.0,37.41,21.51,24.12
2015-10-03,0.05,31.71,22.62,13.8
2015-10-04,0.01,32.69,20.55,14.38
2015-10-05,0.0,35.36,19.13,25.03
2015-10-06,0.0,36.8,17.09,26.27
2015-10-07,0.0,38.97,20.09,25.8
2015-10-08,0.01,38.85,24.46,24.69
2015-10-09,10.23,38.42,23.54,23.64
2015-10-10,2.92,28.16,22.15,9.71
2015-10-11,0.01,34.44,21.24,19.74
2015-10-12,0.01,35.01,20.49,23.2
2015-10-13,0.11,34.41,18.41,26.79
2015-10-14,0.01,39.49,21.29,27.42
2015-10-15,0.0,40.47,20.4,27.92
2015-10-16,0.0,40.39,22.33,27.29
2015-10-17,0.0,40.97,22.77,25.14
2015-10-18,0.0,39.49,20.78,26.01
2015-10-19,0.0,39.89,20.47,26.23
2015-10-20,0.0,40.49,24.3,25.46
2015-10-21,0.03,39.65,25.58,22.0
2015-10-22,2.87,36.6,25.01,18.52
2015-10-23,3.32,36.94,23.28,16.05
2015-10-24,0.83,36.67,21.95,26.03
2015-10-25,0.42,36.96,21.88,23.08
2015-10-26,13.26,30.76,23.62,19.06
2015-10-27,14.29,32.97,21.64,21.67
2015-10-28,7.88,29.96,22.66,17.26
2015-10-29,0.12,34.39,19.99,26.48
2015-10-30,1.57,34.82,20.92,24.61
2015-10-31,10.41,29.74,22.85,8.46
2015-11-01,18.54,27.99,22.34,15.06
2015-11-02,18.91,29.71,21.61,21.18
2015-11-03,5.05,26.6,22.64,14.28
2015-11-04,12.43,28.96,21.51,17.49
2015-11-05,6.99,29.22,21.12,25.57
2015-11-06,0.12,31.57,20.62,26.03
2015-11-07,0.07,31.53,18.07,11.41
2015-11-08,3.89,33.18,19.78,22.21
2015-11-09,6.68,29.8,21.72,21.92
2015-11-10,0.01,33.71,21.29,26.78
2015-11-11,0.67,31.14,23.79,23.46
2015-11-12,0.45,33.74,22.17,26.86
2015-11-13,4.02,33.54,22.45,26.41
2015-11-14,12.7,30.22,22.31,25.75
2015-11-15,14.13,28.7,22.22,11.95
2015-11-16,6.61,28.96,21.34,26.29
2015-11-17,4.9,31.3,20.95,20.18
2015-11-18,1.0,30.8,21.63,25.57
2015-11-19,10.63,31.68,22.44,26.8
2015-11-20,4.65,30.0,23.09,8.61
2015-11-21,0.0,31.15,22.19,18.85
2015-11-22,0.32,30.96,21.1,22.6
2015-11-23,14.64,30.65,23.37,24.34
2015-11-24,21.58,26.52,22.71,6.24
2015-11-25,9.37,26.02,20.4,4.17
2015-11-26,0.84,30.73,19.94,19.25
2015-11-27,0.01,32.07,19.44,28.8
2015-11-28,7.68,28.89,22.52,23.56
2015-11-29,3.59,30.92,21.17,20.66
2015-11-30,12.55,27.96,21.2,17.42
2015-12-01,0.54,30.49,18.71,21.99
2015-12-02,5.21,28.39,22.36,20.08
2015-12-03,5.17,28.14,21.3,22.74
2015-12-04,4.87,29.65,20.81,27.19
2015-12-05,5.86,28.44,21.59,24.27
2015-12-06,2.43,29.31,21.44,16.22
2015-12-07,8.18,28.63,20.41,17.23
2015-12-08,12.27,28.3,21.38,19.27
2015-12-09,2.57,28.61,21.43,17.16
2015-12-10,5.59,29.29,21.81,13.31
2015-12-11,5.99,28.63,21.48,24.43
2015-12-12,4.18,29.9,21.54,21.05
2015-12-13,0.48,26.63,20.87,13.06
2015-12-14,0.6,30.1,20.88,26.37
2015-12-15,7.28,30.16,22.23,17.92
2015-12-16,1.04,27.63,21.43,17.15
2015-12-17,0.53,31.22,19.8,27.15
2015-12-18,0.35,31.66,21.37,27.82
2015-12-19,0.62,29.43,23.28,23.96
2015-12-20,1.65,29.31,21.73,21.95
2015-12-21,4.77,31.04,20.12,25.83
2015-12-22,0.84,30.15,21.51,26.0
2015-12-23,0.98,31.51,23.1,21.05
2015-12-24,7.74,32.36,22.18,25.1
2015-12-25,6.89,28.95,23.14,24.06
2015-12-26,9.35,27.51,21.93,17.52
2015-12-27,22.26,28.08,21.79,17.89
2015-12-28,18.93,25.41,21.69,18.03
2015-12-29,17.54,26.88,21.19,11.8
2015-12-30,10.69,27.29,20.93,13.54
2015-12-31,2.06,28.93,21.28,21.14
2016-01-01,1.26,27.5,21.8,17.66
2016-01-02,1.0,28.93,21.68,20.26
2016-01-03,6.18,28.25,21.9,14.07
2016-01-04,6.27,28.96,21.6,14.88
2016-01-05,3.14,29.88,21.72,21.57
2016-01-06,1.26,29.92,21.38,20.41
2016-01-07,0.31,29.19,22.34,22.44
2016-01-08,15.75,29.46,21.07,18.04
2016-01-09,18.01,26.15,22.57,14.92
2016-01-10,11.79,27.54,21.96,19.27
2016-01-11,24.74,26.61,22.44,13.66
2016-01-12,40.59,26.72,22.59,9.21
2016-01-13,40.15,27.15,22.77,7.07
2016-01-14,20.69,26.78,22.42,17.27
2016-01-15,25.92,27.7,21.81,11.7
2016-01-16,24.83,28.0,20.4,14.71
2016-01-17,0.11,28.32,17.81,22.6
2016-01-18,0.0,29.09,19.03,25.05
2016-01-19,0.41,28.75,17.92,22.73
2016-01-20,0.96,29.2,18.93,16.09
2016-01-21,0.57,29.17,19.12,25.82
2016-01-22,0.0,28.98,17.3,28.95
2016-01-23,1.16,29.65,17.65,25.5
2016-01-24,3.83,28.47,21.05,21.81
2016-01-25,7.05,29.51,21.03,28.49
2016-01-26,2.37,30.77,21.05,25.43
2016-01-27,4.03,28.29,22.49,17.19
2016-01-28,7.35,28.11,21.72,18.67
2016-01-29,13.04,25.52,21.9,12.54
2016-01-30,2.67,27.47,21.62,22.07
2016-01-31,0.0,30.32,20.89,28.08
2016-02-01,0.0,31.02,20.63,27.72
2016-02-02,0.0,31.64,19.85,29.36
2016-02-03,5.69,30.87,21.63,26.54
2016-02-04,4.56,27.83,21.78,25.78
2016-02-05,7.38,29.4,21.18,26.73
2016-02-06,1.07,29.68,22.12,21.45
2016-02-07,1.18,28.57,21.72,18.56
2016-02-08,5.73,29.39,21.36,16.46
2016-02-09,0.02,31.09,20.71,24.88
2016-02-10,0.11,30.75,21.74,27.38
2016-02-11,16.31,30.72,23.08,23.53
2016-02-12,5.34,30.26,19.91,23.5
2016-02-13,0.16,30.46,18.5,26.26
2016-02-14,1.13,31.16,21.1,25.3
2016-02-15,6.53,26.02,22.96,22.67
2016-02-16,14.74,28.1,22.2,15.81
2016-02-17,4.47,29.93,21.6,24.72
2016-02-18,6.62,30.73,21.2,17.45
2016-02-19,3.74,28.13,21.89,20.83
2016-02-20,8.56,27.53,21.98,20.37
2016-02-21,11.45,27.25,21.72,8.84
2016-02-22,12.18,26.58,20.94,15.23
2016-02-23,10.87,27.57,20.95,18.77
2016-02-24,7.56,27.88,20.73,15.07
2016-02-25,3.58,29.89,19.36,21.12
2016-02-26,3.66,29.67,20.9,21.09
2016-02-27,6.33,29.06,22.15,18.4
2016-02-28,4.4,26.9,22.01,20.94
2016-02-29,2.63,27.01,20.59,16.93
2016-03-01,16.77,25.41,18.87,16.86
2016-03-02,6.54,28.69,19.56,20.09
2016-03-03,16.71,28.22,21.17,16.56
2016-03-04,19.91,28.66,21.78,20.89
2016-03-05,23.29,28.08,21.89,18.87
2016-03-06,5.03,29.89,19.85,17.95
2016-03-07,3.16,28.14,21.32,21.44
2016-03-08,0.16,30.0,20.67,24.21
2016-03-09,3.48,27.98,21.67,20.87
2016-03-10,10.54,28.18,22.28,17.95
2016-03-11,5.19,28.62,21.53,15.41
2016-03-12,0.41,28.14,18.52,21.66
2016-03-13,0.01,29.7,18.83,22.51
2016-03-14,15.9,29.31,18.95,23.83
2016-03-15,12.79,27.03,21.4,12.45
2016-03-16,5.67,27.16,20.37,19.3
2016-03-17,8.41,28.45,19.46,22.55
2016-03-18,0.6,29.67,19.82,24.21
2016-03-19,0.0,30.56,19.69,25.26
2016-03-20,0.0,30.11,17.22,24.98
2016-03-21,0.0,30.62,19.37,23.84
2016-03-22,3.97,30.16,20.85,21.76
2016-03-23,3.26,28.74,21.59,20.55
2016-03-24,4.37,26.93,20.96,15.21
2016-03-25,7.19,27.24,21.25,13.81
2016-03-26,5.85,28.99,21.45,20.1
2016-03-27,3.59,29.61,21.45,17.29
2016-03-28,2.62,29.37,19.98,20.58
2016-03-29,0.48,29.29,20.01,21.99
2016-03-30,0.09,27.71,21.64,14.39
2016-03-31,0.25,29.22,20.57,21.55
2016-04-01,0.02,29.17,19.73,23.3
2016-04-02,0.02,29.97,20.09,22.86
2016-04-03,0.0,31.1,19.84,22.5
2016-04-04,0.09,31.26,19.74,22.77
2016-04-05,0.02,30.41,20.56,22.64
2016-04-06,0.0,29.77,18.07,22.94
2016-04-07,0.0,30.5,18.34,22.88
2016-04-08,0.02,30.86,18.84,23.2
2016-04-09,0.0,30.83,17.95,22.97
2016-04-10,0.0,30.77,18.2,22.45
2016-04-11,0.0,30.23,18.14,22.27
2016-04-12,0.0,30.0,18.58,21.71
2016-04-13,0.14,29.86,18.79,22.04
2016-04-14,0.29,30.09,19.44,20.47
2016-04-15,0.0,30.43,19.11,19.75
2016-04-16,0.0,30.14,18.47,22.23
2016-04-17,0.0,29.91,17.98,21.77
2016-04-18,0.0,29.9,18.44,20.89
2016-04-19,0.0,29.51,16.67,22.01
2016-04-20,0.0,29.88,18.56,20.12
2016-04-21,0.0,30.08,17.43,19.89
2016-04-22,0.0,30.37,18.49,19.71
2016-04-23,0.01,30.31,18.85,19.34
2016-04-24,0.0,29.79,17.64,20.41
2016-04-25,0.79,30.03,17.88,17.92
2016-04-26,7.4,27.49,19.67,4.58
2016-04-27,7.26,20.91,12.01,13.03
2016-04-28,2.0,21.66,9.08,13.42
2016-04-29,0.52,22.72,13.46,6.64
2016-04-30,0.71,23.22,12.43,20.13
2016-05-01,0.13,24.08,10.21,19.76
2016-05-02,0.0,25.36,8.75,20.64
2016-05-03,0.0,27.04,10.9,18.97
2016-05-04,0.0,27.12,11.64,19.84
2016-05-05,0.0,27.49,12.25,19.94
2016-05-06,0.0,28.55,13.08,19.69
2016-05-07,0.0,29.24,13.64,16.66
2016-05-08,0.0,30.49,16.47,15.67
2016-05-09,0.11,30.91,17.96,17.42
2016-05-10,3.92,29.53,17.87,5.88
2016-05-11,6.96,26.58,17.88,12.49
2016-05-12,1.2,28.16,17.72,13.04
2016-05-13,0.15,27.87,15.98,12.7
2016-05-14,0.03,28.88,15.99,17.6
2016-05-15,6.07,29.58,16.43,17.04
2016-05-16,2.26,29.47,18.31,14.51
2016-05-17,2.03,26.35,16.71,11.9
2016-05-18,0.13,25.31,16.09,12.29
2016-05-19,0.0,27.02,16.45,13.07
2016-05-20,14.84,29.92,16.43,15.79
2016-05-21,9.82,27.32,18.61,7.0
2016-05-22,1.84,28.61,17.81,16.94
2016-05-23,0.39,20.64,12.49,11.15
2016-05-24,0.01,23.18,8.72,18.23
2016-05-25,0.05,27.04,11.88,16.7
2016-05-26,0.02,27.74,14.09,17.14
2016-05-27,0.0,26.43,15.38,15.19
2016-05-28,3.07,27.93,15.0,16.42
2016-05-29,4.95,26.72,15.96,3.97
2016-05-30,18.03,25.47,15.86,11.0
2016-05-31,3.19,26.76,16.1,10.24
2016-06-01,18.42,24.91,18.02,14.63
2016-06-02,20.85,24.43,16.09,9.13
2016-06-03,14.95,22.14,14.48,6.83
2016-06-04,0.92,24.18,16.4,11.95
2016-06-05,0.83,27.98,18.97,12.38
2016-06-06,5.48,26.67,19.67,12.59
2016-06-07,2.3,21.17,15.12,5.12
2016-06-08,2.84,20.57,13.2,12.23
2016-06-09,0.0,21.0,8.55,15.82
2016-06-10,0.08,21.87,9.34,14.21
2016-06-11,0.0,20.32,6.47,16.23
2016-06-12,0.0,19.1,4.68,17.31
2016-06-13,0.01,20.68,3.57,17.25
2016-06-14,0.0,23.71,8.41,16.75
2016-06-15,0.0,25.58,11.4,15.66
2016-06-16,0.02,25.4,11.84,16.97
2016-06-17,0.0,25.72,11.18,16.13
2016-06-18,0.0,25.78,10.65,17.14
2016-06-19,0.0,26.22,10.89,16.99
2016-06-20,0.02,25.42,10.97,16.74
2016-06-21,0.02,25.44,11.6,15.75
2016-06-22,5.63,25.42,14.4,14.15
2016-06-23,2.11,25.49,15.16,14.8
2016-06-24,0.13,26.28,13.87,15.78
2016-06-25,0.01,26.67,13.1,14.93
2016-06-26,0.0,25.54,13.88,16.52
2016-06-27,0.01,25.01,11.53,16.48
2016-06-28,0.0,25.39,11.1,16.34
2016-06-29,0.0,26.51,12.46,15.29
2016-06-30,0.0,26.06,13.92,13.78
2016-07-01,0.0,27.21,14.71,14.09
2016-07-02,0.0,27.35,13.48,16.78
2016-07-03,0.0,27.75,13.65,16.25
2016-07-04,0.0,27.69,13.12,16.99
2016-07-05,0.0,27.73,14.19,14.69
2016-07-06,0.0,28.38,15.72,12.68
2016-07-07,0.0,24.93,12.36,16.83
2016-07-08,0.0,25.5,8.4,18.07
2016-07-09,0.0,27.71,8.48,17.74
2016-07-10,0.0,30.05,13.06,17.16
2016-07-11,0.0,30.73,15.15,17.38
2016-07-12,0.0,30.97,14.61,17.44
2016-07-13,0.0,31.11,15.72,17.44
2016-07-14,0.0,30.46,14.3,17.64
2016-07-15,0.0,30.62,16.15,17.71
2016-07-16,1.16,31.0,13.35,12.6
2016-07-17,0.06,21.91,8.37,18.84
2016-07-18,0.0,23.05,4.37,18.92
2016-07-19,0.0,25.14,7.45,17.59
2016-07-20,0.0,26.45,9.55,18.19
2016-07-21,0.01,26.39,10.82,17.71
2016-07-22,0.0,25.9,10.6,18.34
2016-07-23,0.01,29.31,10.6,18.02
2016-07-24,0.0,30.92,13.67,17.96
2016-07-25,0.0,30.63,14.11,18.74
2016-07-26,0.0,30.53,13.91,14.61
2016-07-27,0.0,30.99,16.89,18.1
2016-07-28,0.0,29.69,14.61,17.67
2016-07-29,0.0,29.05,13.76,17.53
2016-07-30,0.0,30.15,14.07,17.0
2016-07-31,0.0,29.85,14.68,18.66
2016-08-01,0.0,29.77,14.01,17.68
2016-08-02,0.0,30.43,14.95,18.78
2016-08-03,0.0,30.4,14.19,19.01
2016-08-04,0.0,30.62,15.2,17.22
2016-08-05,0.0,31.57,16.32,18.61
2016-08-06,0.0,31.96,16.77,19.43
2016-08-07,0.0,33.15,16.47,19.07
2016-08-08,0.0,33.83,18.46,19.22
2016-08-09,0.0,32.12,17.32,19.12
2016-08-10,0.24,26.19,15.57,4.97
2016-08-11,0.0,25.96,11.17,21.12
2016-08-12,0.03,28.45,9.33,20.91
2016-08-13,0.0,31.2,9.17,19.65
2016-08-14,0.0,34.73,13.98,19.75
2016-08-15,1.68,34.15,17.1,14.13
2016-08-16,2.39,32.94,18.91,10.15
2016-08-17,0.0,33.54,16.95,19.55
2016-08-18,0.0,35.04,18.78,19.45
2016-08-19,0.01,35.88,19.98,18.98
2016-08-20,15.83,32.44,20.97,8.4
2016-08-21,12.52,21.57,14.53,8.19
2016-08-22,0.08,22.73,9.7,19.99
2016-08-23,0.0,28.93,9.11,20.94
2016-08-24,0.0,32.38,12.74,21.57
2016-08-25,0.0,32.58,15.35,21.36
2016-08-26,0.0,32.33,14.37,22.11
2016-08-27,0.0,32.83,13.96,22.37
2016-08-28,0.0,34.53,15.84,22.36
2016-08-29,0.0,34.76,17.98,19.0
2016-08-30,7.77,30.6,17.95,14.08
2016-08-31,3.77,24.42,14.76,5.11
2016-09-01,0.13,30.97,14.33,18.1
2016-09-02,0.03,33.33,15.38,20.15
2016-09-03,0.0,32.56,20.44,15.54
2016-09-04,0.0,29.75,18.29,6.24
2016-09-05,0.58,32.95,17.6,18.1
2016-09-06,4.03,25.73,18.82,8.86
2016-09-07,0.01,26.93,16.39,18.73
2016-09-08,0.1,30.64,12.64,23.16
2016-09-09,1.19,29.88,14.67,21.43
2016-09-10,0.0,34.11,15.29,22.86
2016-09-11,0.0,35.35,17.59,22.98
2016-09-12,0.0,35.85,20.27,23.56
2016-09-13,0.0,36.18,20.15,19.62
2016-09-14,0.0,33.83,18.64,15.36
2016-09-15,0.0,32.04,15.9,20.51
2016-09-16,0.0,35.41,15.97,18.83
2016-09-17,0.01,37.38,17.81,20.36
2016-09-18,0.0,38.1,20.73,21.34
2016-09-19,2.14,37.36,22.36,18.27
2016-09-20,0.51,30.15,19.06,20.83
2016-09-21,0.0,30.07,12.39,26.63
2016-09-22,0.0,33.63,12.92,25.74
2016-09-23,0.0,36.22,14.83,25.29
2016-09-24,0.0,34.77,16.36,24.53
2016-09-25,0.0,33.21,17.34,21.92
2016-09-26,0.0,32.44,15.73,25.95
2016-09-27,0.0,33.65,14.63,26.9
2016-09-28,0.0,35.3,14.75,26.87
2016-09-29,0.0,35.34,15.51,27.9
2016-09-30,0.0,35.54,15.12,26.94
2016-10-01,0.0,35.37,16.44,24.81
2016-10-02,0.0,35.79,17.25,26.12
2016-10-03,2.49,34.65,19.85,21.02
2016-10-04,7.19,26.59,18.3,8.86
2016-10-05,0.01,30.63,17.62,17.0
2016-10-06,0.01,29.73,17.17,17.92
2016-10-07,0.0,30.27,12.71,28.28
2016-10-08,0.0,33.55,14.66,27.75
2016-10-09,0.0,36.02,16.63,27.57
2016-10-10,0.0,36.39,17.74,27.26
2016-10-11,4.36,36.71,20.54,22.18
2016-10-12,4.21,30.6,20.82,24.53
2016-10-13,5.56,29.59,20.77,12.96
2016-10-14,35.65,30.43,20.0,9.53
2016-10-15,0.04,33.11,20.78,22.53
2016-10-16,0.04,36.25,21.64,24.64
2016-10-17,0.36,37.63,22.88,25.79
2016-10-18,0.12,36.19,23.33,24.39
2016-10-19,0.23,37.33,23.49,26.11
2016-10-20,2.31,35.99,24.22,13.09
2016-10-21,6.83,30.01,21.0,21.69
2016-10-22,8.7,31.7,18.85,22.56
2016-10-23,4.7,34.62,21.12,23.25
2016-10-24,1.54,35.43,21.31,24.47
2016-10-25,3.03,30.89,22.5,18.01
2016-10-26,4.07,32.62,21.7,21.77
2016-10-27,4.87,28.95,20.49,21.04
2016-10-28,0.0,30.29,16.63,30.37
2016-10-29,0.0,32.72,13.07,30.31
2016-10-30,0.16,34.08,16.58,26.71
2016-10-31,12.6,32.44,21.59,25.86
2016-11-01,1.57,32.21,20.65,16.48
2016-11-02,0.9,31.48,20.58,24.48
2016-11-03,3.5,28.57,21.43,12.02
2016-11-04,0.57,30.4,20.77,16.88
2016-11-05,2.38,32.6,19.85,25.54
2016-11-06,9.01,30.5,20.18,24.12
2016-11-07,0.23,32.43,19.25,27.8
2016-11-08,0.38,33.43,19.64,27.46
2016-11-09,1.49,34.76,21.38,18.86
2016-11-10,1.37,35.56,21.09,26.84
2016-11-11,3.89,33.77,22.43,24.21
2016-11-12,14.76,28.65,19.21,13.21
2016-11-13,22.82,24.41,18.23,7.53
2016-11-14,10.79,25.57,19.07,10.5
2016-11-15,0.03,30.79,17.04,24.28
2016-11-16,0.69,32.56,19.82,26.31
2016-11-17,5.2,32.58,21.66,19.83
2016-11-18,0.14,32.04,18.34,26.87
2016-11-19,0.0,29.11,13.41,30.26
2016-11-20,0.0,32.13,13.0,31.19
2016-11-21,0.51,32.27,17.37,19.9
2016-11-22,7.67,30.13,21.51,21.12
2016-11-23,0.49,32.45,20.45,19.17
2016-11-24,0.02,34.48,20.89,26.5
2016-11-25,0.65,33.62,22.12,25.38
2016-11-26,1.29,29.17,22.7,17.5
2016-11-27,1.49,31.79,21.27,23.3
2016-11-28,9.51,28.95,22.38,20.84
2016-11-29,9.64,30.45,22.01,25.42
2016-11-30,0.16,27.75,17.92,26.79
2016-12-01,0.79,28.2,18.66,18.4
2016-12-02,1.42,30.05,20.6,19.1
2016-12-03,5.51,29.19,21.8,17.95
2016-12-04,6.96,29.83,22.21,18.94
2016-12-05,3.99,32.3,21.18,25.47
2016-12-06,0.7,34.71,20.94,24.79
2016-12-07,2.53,31.93,21.46,26.88
2016-12-08,4.91,29.83,22.08,21.15
2016-12-09,9.96,29.88,21.3,24.15
2016-12-10,6.23,28.23,21.6,16.74
2016-12-11,9.66,30.23,20.94,18.9
2016-12-12,4.1,30.75,22.06,23.06
2016-12-13,7.31,28.98,22.73,18.46
2016-12-14,4.75,30.08,22.74,11.83
2016-12-15,4.76,27.62,18.98,20.79
2016-12-16,1.17,28.3,16.87,20.09
2016-12-17,1.63,29.89,18.33,27.95
2016-12-18,1.53,29.07,19.46,28.87
2016-12-19,8.68,28.37,19.13,19.18
2016-12-20,8.64,29.12,19.92,20.88
2016-12-21,8.46,28.02,20.64,17.14
2016-12-22,1.86,26.69,20.69,26.16
2016-12-23,2.31,29.94,20.51,27.18
2016-12-24,1.97,30.18,21.31,23.27
2016-12-25,6.54,32.36,20.13,29.39
2016-12-26,2.18,32.34,21.49,28.35
2016-12-27,0.04,33.29,21.88,22.73
2016-12-28,11.76,32.47,22.05,13.8
2016-12-29,7.67,29.55,22.63,22.35
2016-12-30,7.37,29.83,22.24,24.69
2016-12-31,1.0,29.61,21.69,25.14
2017-01-01,2.58,32.08,20.83,27.81
2017-01-02,0.43,31.48,21.0,20.39
2017-01-03,1.64,31.61,22.67,27.88
2017-01-04,3.2,30.94,21.85,22.95
2017-01-05,2.48,29.04,21.78,16.82
2017-01-06,5.59,31.84,21.64,26.43
2017-01-07,1.8,30.87,21.47,28.76
2017-01-08,3.63,32.44,21.87,27.63
2017-01-09,9.76,27.86,22.88,22.44
2017-01-10,23.32,28.84,21.68,15.83
2017-01-11,10.54,25.6,21.85,16.76
2017-01-12,9.13,27.67,21.27,16.64
2017-01-13,4.56,25.93,21.25,13.06
2017-01-14,1.1,28.66,20.66,20.34
2017-01-15,10.91,27.82,21.43,15.71
2017-01-16,16.9,26.49,20.64,8.52
2017-01-17,14.57,25.38,20.01,16.09
2017-01-18,9.1,25.01,21.2,17.05
2017-01-19,8.94,27.26,20.48,14.34
2017-01-20,5.41,24.77,20.09,14.37
2017-01-21,1.3,27.15,19.14,12.97
2017-01-22,1.21,27.29,19.78,12.72
2017-01-23,1.29,27.62,20.13,19.24
2017-01-24,6.61,29.48,19.84,23.05
2017-01-25,6.18,27.2,20.77,20.57
2017-01-26,14.26,25.66,21.06,16.41
2017-01-27,1.84,26.22,20.34,12.54
2017-01-28,10.5,29.86,20.79,25.37
2017-01-29,0.95,29.79,19.16,26.87
2017-01-30,0.21,29.61,19.73,24.82
2017-01-31,11.98,26.54,21.64,12.3
2017-02-01,7.9,28.96,20.36,23.25
2017-02-02,10.95,26.91,20.31,24.18
2017-02-03,4.97,26.94,20.44,22.18
2017-02-04,0.66,29.74,19.81,26.01
2017-02-05,1.21,30.28,20.9,27.11
2017-02-06,3.13,30.09,21.13,21.84
2017-02-07,1.45,28.4,22.25,26.18
2017-02-08,0.79,30.88,21.52,26.28
2017-02-09,0.06,29.81,21.06,27.11
2017-02-10,0.0,29.9,19.32,27.52
2017-02-11,10.49,28.53,21.63,22.57
2017-02-12,16.39,28.03,21.89,20.31
2017-02-13,0.4,28.3,21.34,19.0
2017-02-14,0.1,29.26,20.0,26.08
2017-02-15,0.0,29.69,18.7,28.0
2017-02-16,0.33,30.03,19.49,25.72
2017-02-17,2.28,27.29,20.69,21.34
2017-02-18,3.15,29.84,21.13,26.56
2017-02-19,1.97,30.8,21.39,25.95
2017-02-20,0.14,31.81,21.32,27.93
2017-02-21,0.0,30.68,21.07,27.02
2017-02-22,0.01,30.25,21.03,26.32
2017-02-23,2.71,31.44,20.23,25.33
2017-02-24,19.5,25.3,20.79,21.15
2017-02-25,0.65,27.93,19.05,13.54
2017-02-26,12.4,27.85,19.83,15.79
2017-02-27,6.98,26.05,20.75,21.54
2017-02-28,1.23,28.29,21.04,24.98
2017-03-01,1.6,29.0,20.13,18.78
2017-03-02,4.08,28.58,21.8,20.56
2017-03-03,8.95,27.65,20.63,19.65
2017-03-04,6.8,28.18,21.36,18.82
2017-03-05,15.23,27.04,21.46,19.99
2017-03-06,4.05,27.09,21.17,16.77
2017-03-07,0.89,30.6,20.7,23.05
2017-03-08,0.31,30.87,21.46,24.25
2017-03-09,0.66,30.65,21.44,24.78
2017-03-10,4.73,30.33,22.85,24.25
2017-03-11,0.6,30.06,21.36,24.62
2017-03-12,0.06,31.74,21.28,24.13
2017-03-13,0.59,30.88,22.44,22.05
2017-03-14,1.41,30.93,21.52,24.7
2017-03-15,3.42,30.6,21.59,23.85
2017-03-16,0.06,31.01,19.98,23.65
2017-03-17,0.12,32.2,20.33,23.61
2017-03-18,14.15,30.41,20.02,14.71
2017-03-19,14.09,25.13,19.47,17.94
2017-03-20,0.64,28.89,17.83,22.06
2017-03-21,0.01,29.15,17.26,24.1
2017-03-22,0.02,30.34,16.81,23.61
2017-03-23,0.04,30.64,17.88,21.84
2017-03-24,0.0,31.96,19.71,22.67
2017-03-25,0.09,32.34,20.75,21.89
2017-03-26,12.69,31.91,20.07,21.65
2017-03-27,0.53,30.22,19.23,15.42
2017-03-28,0.01,30.13,18.91,21.32
2017-03-29,0.0,29.59,17.41,23.55
2017-03-30,0.0,30.48,15.97,23.38
2017-03-31,0.0,30.08,16.61,23.78
2017-04-01,0.0,29.56,14.76,23.88
2017-04-02,0.0,30.54,15.36,23.88
2017-04-03,0.0,30.99,16.17,20.34
2017-04-04,0.0,32.88,17.23,20.45
2017-04-05,7.35,33.03,19.78,16.34
2017-04-06,8.55,27.73,22.17,16.75
2017-04-07,12.51,27.89,21.31,13.65
2017-04-08,11.13,28.48,20.82,16.66
2017-04-09,2.84,30.54,19.81,19.44
2017-04-10,0.13,31.07,20.79,19.64
2017-04-11,0.51,31.93,20.59,19.95
2017-04-12,9.87,26.86,19.97,16.18
2017-04-13,0.1,29.72,17.86,21.58
2017-04-14,0.02,31.73,18.24,21.58
2017-04-15,0.88,32.25,19.09,21.78
2017-04-16,0.1,32.22,18.76,18.04
2017-04-17,0.5,30.57,20.38,11.48
2017-04-18,0.15,30.83,17.87,19.78
2017-04-19,0.0,31.02,18.58,19.19
2017-04-20,11.17,31.89,20.44,15.86
2017-04-21,27.0,24.22,17.78,10.51
2017-04-22,0.1,25.49,15.8,19.6
2017-04-23,0.07,27.27,15.36,20.5
2017-04-24,0.34,28.86,15.49,21.14
2017-04-25,0.28,30.43,16.93,19.28
2017-04-26,0.44,28.29,20.68,9.81
2017-04-27,27.94,24.57,17.69,9.34
2017-04-28,0.1,24.39,16.64,10.95
2017-04-29,0.01,27.82,15.63,17.86
2017-04-30,0.01,27.87,16.52,18.51
2017-05-01,0.0,28.19,16.33,17.43
2017-05-02,0.0,28.71,17.06,17.79
2017-05-03,0.04,29.34,16.23,18.58
2017-05-04,0.18,28.82,17.18,17.2
2017-05-05,7.57,29.34,18.04,12.47
2017-05-06,1.87,27.77,17.09,18.48
2017-05-07,0.01,27.81,15.94,19.42
2017-05-08,0.05,28.4,15.16,19.87
2017-05-09,0.06,29.15,13.18,19.21
2017-05-10,0.01,28.97,16.24,18.78
2017-05-11,0.0,28.63,16.37,18.7
2017-05-12,0.0,30.01,15.54,18.52
2017-05-13,0.01,30.38,16.43,17.47
2017-05-14,0.54,28.15,19.23,7.53
2017-05-15,5.07,29.49,19.63,12.8
2017-05-16,4.82,25.07,16.99,13.17
2017-05-17,0.01,29.74,14.8,15.9
2017-05-18,11.18,29.13,18.18,12.17
2017-05-19,16.23,27.58,19.94,9.12
2017-05-20,17.75,24.12,20.25,9.15
2017-05-21,16.24,25.47,19.65,11.43
2017-05-22,13.21,27.39,20.08,11.43
2017-05-23,0.0,26.48,16.27,15.96
2017-05-24,0.03,26.34,16.62,16.47
2017-05-25,0.02,28.26,18.67,16.81
2017-05-26,0.01,27.9,18.07,17.21
2017-05-27,0.02,28.27,17.92,15.43
2017-05-28,0.01,27.09,16.24,15.4
2017-05-29,0.03,27.52,15.65,16.66
2017-05-30,0.0,27.23,15.6,16.79
2017-05-31,0.0,26.91,14.99,16.03
2017-06-01,0.06,23.01,14.59,5.59
2017-06-02,0.0,23.09,11.31,15.27
2017-06-03,0.01,26.72,11.08,17.45
2017-06-04,0.01,30.51,14.65,16.71
2017-06-05,0.07,30.25,17.13,15.07
2017-06-06,0.01,30.3,17.36,16.36
2017-06-07,0.0,30.44,16.54,16.88
2017-06-08,0.0,30.27,15.99,16.63
2017-06-09,0.08,24.65,12.54,7.09
2017-06-10,0.0,21.26,6.29,18.12
2017-06-11,0.01,24.65,5.92,17.73
2017-06-12,1.5,25.09,12.22,6.95
2017-06-13,1.17,27.51,15.17,10.96
2017-06-14,0.03,27.17,15.78,16.26
2017-06-15,0.02,27.85,14.13,16.86
2017-06-16,0.07,27.36,12.58,16.42
2017-06-17,0.04,28.5,13.64,16.73
2017-06-18,0.0,28.2,13.23,13.51
2017-06-19,0.0,28.42,14.78,16.94
2017-06-20,0.0,27.55,15.02,12.94
2017-06-21,0.0,27.99,14.0,16.42
2017-06-22,0.0,27.29,14.31,16.41
2017-06-23,0.0,27.75,14.75,16.65
2017-06-24,0.0,27.44,14.04,17.0
2017-06-25,0.0,26.54,14.18,17.03
2017-06-26,0.0,26.96,11.83,16.82
2017-06-27,0.0,27.18,13.98,16.75
2017-06-28,0.0,28.07,12.68,16.29
2017-06-29,0.0,28.31,13.48,13.71
2017-06-30,0.0,27.78,14.3,12.79
2017-07-01,0.0,27.31,13.16,16.31
2017-07-02,0.0,25.1,12.72,16.42
2017-07-03,0.0,24.65,11.21,16.74
2017-07-04,0.0,23.64,9.64,17.07
2017-07-05,0.0,24.22,9.95,16.81
2017-07-06,0.08,25.42,10.62,13.42
2017-07-07,0.07,26.98,12.1,11.67
2017-07-08,0.0,26.25,13.19,12.02
2017-07-09,0.0,27.5,13.29,16.83
2017-07-10,0.0,28.19,12.89,16.93
2017-07-11,0.0,28.84,13.64,16.63
2017-07-12,0.0,29.56,13.25,17.33
2017-07-13,0.0,29.18,13.75,17.49
2017-07-14,0.0,28.86,13.02,17.57
2017-07-15,0.0,28.05,12.89,16.99
2017-07-16,0.0,28.59,13.31,15.92
2017-07-17,0.0,29.09,13.13,18.2
2017-07-18,0.0,21.61,9.97,12.44
2017-07-19,0.0,25.39,9.0,15.96
2017-07-20,0.0,27.93,12.11,17.04
2017-07-21,0.0,29.1,14.34,16.63
2017-07-22,0.0,28.45,13.06,18.28
2017-07-23,0.0,30.4,11.74,18.54
2017-07-24,0.0,28.75,13.33,18.64
2017-07-25,0.0,29.58,13.77,18.53
2017-07-26,0.0,29.34,13.75,18.92
2017-07-27,0.0,29.04,12.51,18.94
2017-07-28,0.01,28.89,12.12,18.83
2017-07-29,0.0,28.59,12.99,19.08
2017-07-30,0.0,28.15,14.6,15.71
2017-07-31,0.0,27.11,12.2,19.12
2017-08-01,0.0,28.18,11.68,16.08
2017-08-02,0.0,29.92,13.06,16.96
2017-08-03,0.15,24.16,13.7,14.09
2017-08-04,0.0,26.51,9.98,18.54
2017-08-05,0.0,27.4,11.62,19.62
2017-08-06,0.0,29.6,11.48,18.88
2017-08-07,0.0,31.13,12.39,18.91
2017-08-08,0.0,31.94,16.03,16.38
2017-08-09,0.0,34.21,18.56,19.2
2017-08-10,0.0,34.71,21.03,20.01
2017-08-11,0.0,34.06,15.67,19.39
2017-08-12,0.0,34.86,17.09,19.6
2017-08-13,0.07,35.15,19.2,15.84
2017-08-14,0.0,29.9,17.06,11.0
2017-08-15,0.41,33.57,18.26,14.52
2017-08-16,1.91,33.89,18.6,9.32
2017-08-17,5.28,25.34,18.33,5.44
2017-08-18,7.0,26.5,17.38,6.15
2017-08-19,0.25,32.31,18.31,14.86
2017-08-20,5.58,32.54,18.2,10.26
2017-08-21,0.44,25.0,14.84,12.21
2017-08-22,0.03,30.38,14.01,20.1
2017-08-23,0.0,32.2,18.93,19.57
2017-08-24,0.0,31.76,16.55,21.56
2017-08-25,0.0,32.18,16.24,20.55
2017-08-26,0.0,33.07,16.05,22.15
2017-08-27,0.0,34.06,15.63,22.76
2017-08-28,0.0,34.84,15.93,23.15
2017-08-29,0.0,35.49,15.38,22.51
2017-08-30,0.0,36.31,16.23,22.73
2017-08-31,0.0,36.26,17.44,22.47
2017-09-01,0.0,34.93,16.55,21.84
2017-09-02,0.0,33.83,18.66,22.08
2017-09-03,0.0,33.55,16.14,23.61
2017-09-04,0.0,32.61,15.74,23.86
2017-09-05,0.0,33.38,14.71,24.31
2017-09-06,0.0,34.21,15.1,24.17
2017-09-07,0.0,34.84,15.78,23.52
2017-09-08,0.0,36.06,17.39,24.26
2017-09-09,0.0,35.78,17.95,23.1
2017-09-10,0.0,35.28,17.81,24.63
2017-09-11,0.0,36.78,19.48,24.01
2017-09-12,0.0,37.08,19.53,24.4
2017-09-13,0.0,35.91,19.19,24.81
2017-09-14,0.0,35.95,18.73,25.0
2017-09-15,0.0,36.93,18.39,25.04
2017-09-16,0.0,36.95,17.6,25.45
2017-09-17,0.0,36.53,18.1,25.23
2017-09-18,0.0,36.53,18.26,25.33
2017-09-19,0.0,36.64,20.19,23.49
2017-09-20,0.0,36.51,19.67,25.45
2017-09-21,0.0,35.98,19.88,25.64
2017-09-22,0.0,35.52,21.0,19.12
2017-09-23,0.0,35.81,20.62,24.65
2017-09-24,0.0,36.78,21.23,23.59
2017-09-25,0.0,33.87,20.77,23.09
2017-09-26,0.34,35.07,19.19,23.24
2017-09-27,0.25,36.91,21.78,23.21
2017-09-28,0.0,37.29,22.92,25.3
2017-09-29,5.09,34.19,21.14,16.88
2017-09-30,11.74,28.75,19.17,9.02
2017-10-01,19.76,29.93,16.76,24.39
2017-10-02,15.35,32.64,16.52,5.2
2017-10-03,4.96,23.95,15.89,13.0
2017-10-04,0.01,31.16,14.28,19.32
2017-10-05,0.06,35.86,18.25,25.86
2017-10-06,0.53,36.13,20.31,22.08
2017-10-07,0.29,35.38,21.12,16.07
2017-10-08,0.09,36.67,20.13,21.63
2017-10-09,0.02,37.83,21.02,23.4
2017-10-10,2.27,38.94,22.11,25.93
2017-10-11,1.64,37.71,23.54,24.72
2017-10-12,0.05,39.03,22.96,27.33
2017-10-13,0.0,39.02,22.02,28.12
2017-10-14,0.0,39.54,22.26,26.92
2017-10-15,0.0,38.16,21.98,27.1
2017-10-16,0.0,37.84,19.72,26.82
2017-10-17,0.0,37.82,23.02,25.95
2017-10-18,0.0,37.61,22.99,25.87
2017-10-19,0.0,37.39,23.36,25.47
2017-10-20,0.0,37.49,21.1,22.78
2017-10-21,0.08,38.36,23.63,18.46
2017-10-22,7.83,29.39,21.5,7.63
2017-10-23,0.16,29.78,20.55,13.81
2017-10-24,0.38,33.79,19.08,23.94
2017-10-25,0.22,36.62,21.58,24.33
2017-10-26,1.39,37.63,23.07,22.62
2017-10-27,12.84,37.44,22.12,20.85
2017-10-28,8.37,29.82,22.31,23.51
2017-10-29,8.88,28.06,22.48,15.44
2017-10-30,4.44,32.24,20.42,12.12
2017-10-31,7.12,29.22,21.3,21.27
2017-11-01,2.59,32.32,17.52,24.9
2017-11-02,0.04,33.12,18.15,26.29
2017-11-03,25.16,31.14,22.25,20.65
2017-11-04,21.86,29.43,22.23,21.59
2017-11-05,4.66,27.3,22.43,10.52
2017-11-06,0.02,25.52,20.16,20.52
2017-11-07,0.09,28.62,17.68,23.89
2017-11-08,3.34,31.17,20.79,22.13
2017-11-09,13.52,27.69,21.31,21.39
2017-11-10,14.95,29.08,20.56,22.13
2017-11-11,2.62,29.68,21.18,19.16
2017-11-12,0.02,30.64,17.06,30.33
2017-11-13,0.0,32.04,14.72,31.74
2017-11-14,0.0,33.67,15.28,27.55
2017-11-15,0.0,34.07,18.84,27.06
2017-11-16,4.76,32.64,21.58,28.09
2017-11-17,1.28,29.3,20.81,20.36
2017-11-18,16.85,29.23,20.89,19.21
2017-11-19,10.22,28.1,20.31,13.9
2017-11-20,3.14,29.46,20.73,21.81
2017-11-21,10.68,29.2,21.9,14.88
2017-11-22,21.91,28.91,22.22,12.8
2017-11-23,0.02,30.41,18.34,24.43
2017-11-24,0.0,32.29,19.35,29.12
2017-11-25,3.41,32.58,20.58,28.39
2017-11-26,10.64,28.24,22.36,12.82
2017-11-27,10.87,28.41,21.63,17.6
2017-11-28,9.0,30.74,20.1,25.21
2017-11-29,0.02,31.16,19.09,28.73
2017-11-30,26.29,28.35,18.16,20.08
2017-12-01,18.02,25.51,19.96,9.39
2017-12-02,3.08,29.76,18.84,16.65
2017-12-03,0.12,29.44,19.72,22.92
2017-12-04,0.48,31.45,20.43,26.98
2017-12-05,12.37,30.37,22.0,20.77
2017-12-06,14.55,29.6,21.15,16.97
2017-12-07,8.37,27.24,21.74,19.34
2017-12-08,3.43,29.11,21.71,20.85
2017-12-09,0.69,31.03,19.93,24.78
2017-12-10,0.01,30.23,20.92,25.16
2017-12-11,0.04,32.43,20.79,21.46
2017-12-12,0.11,30.8,19.1,29.08
2017-12-13,0.14,30.19,20.81,27.51
2017-12-14,0.0,30.6,19.48,26.85
2017-12-15,0.06,31.38,19.95,27.0
2017-12-16,0.09,30.57,20.87,27.47
2017-12-17,11.32,30.14,21.31,27.12
2017-12-18,2.75,31.04,20.54,26.81
2017-12-19,1.31,31.36,21.01,28.23
2017-12-20,2.54,29.33,22.05,21.2
2017-12-21,6.94,27.61,20.28,13.55
2017-12-22,1.22,28.46,19.78,16.42
2017-12-23,2.85,30.6,19.86,20.11
2017-12-24,1.19,29.1,20.58,20.67
2017-12-25,9.06,30.03,21.05,15.78
2017-12-26,5.56,29.53,21.63,23.74
2017-12-27,4.6,30.34,21.92,26.77
2017-12-28,7.36,30.34,21.16,26.28
2017-12-29,9.95,27.93,21.26,22.89
2017-12-30,38.02,26.15,21.74,15.64
2017-12-31,4.86,27.25,20.58,12.77
2018-01-01,4.85,28.98,21.79,24.6
2018-01-02,18.21,27.07,21.2,21.2
2018-01-03,14.34,28.13,21.92,16.12
2018-01-04,0.45,28.63,21.29,26.28
2018-01-05,7.68,30.63,20.35,23.9
2018-01-06,21.03,26.25,21.44,15.26
2018-01-07,4.45,23.84,21.06,8.0
2018-01-08,22.67,24.42,19.88,14.62
2018-01-09,3.71,27.2,18.91,16.76
2018-01-10,0.74,29.92,20.45,23.74
2018-01-11,4.16,27.43,21.29,17.56
2018-01-12,3.24,27.17,19.74,14.85
2018-01-13,4.16,28.15,19.23,25.97
2018-01-14,21.38,28.03,20.54,21.72
2018-01-15,4.11,26.9,20.68,20.84
2018-01-16,6.73,28.51,20.88,20.32
2018-01-17,0.52,30.09,21.08,24.88
2018-01-18,5.03,28.34,22.12,22.62
2018-01-19,0.03,30.3,21.47,27.61
2018-01-20,0.02,29.63,21.46,28.44
2018-01-21,0.0,31.15,20.5,26.89
2018-01-22,0.02,31.81,21.07,27.58
2018-01-23,0.04,29.98,22.44,28.36
2018-01-24,0.86,30.39,21.69,26.93
2018-01-25,1.54,28.27,21.63,19.41
2018-01-26,8.94,28.11,22.0,20.2
2018-01-27,21.04,29.28,20.78,24.24
2018-01-28,7.32,29.06,20.84,20.37
2018-01-29,5.88,27.92,22.38,19.92
2018-01-30,5.7,29.97,21.69,12.75
2018-01-31,2.09,29.52,19.12,16.86
2018-02-01,0.02,29.65,16.91,27.41
2018-02-02,0.09,30.35,18.42,25.9
2018-02-03,5.37,29.11,19.33,24.56
2018-02-04,9.29,28.19,18.83,26.05
2018-02-05,0.36,26.34,19.19,23.36
2018-02-06,0.3,28.78,18.05,23.81
2018-02-07,2.11,29.45,19.93,23.24
2018-02-08,0.0,30.81,20.23,27.57
2018-02-09,3.37,30.98,19.61,25.72
2018-02-10,19.79,26.48,22.1,14.56
2018-02-11,4.5,28.4,21.14,23.44
2018-02-12,1.09,28.6,21.64,22.65
2018-02-13,10.35,29.68,21.39,12.92
2018-02-14,2.26,29.67,19.95,17.35
2018-02-15,0.24,28.43,18.9,23.85
2018-02-16,0.4,29.36,20.57,24.86
2018-02-17,5.02,27.62,20.58,19.49
2018-02-18,26.5,26.55,20.28,14.26
2018-02-19,8.79,26.18,18.93,16.6
2018-02-20,6.4,27.96,21.32,16.51
2018-02-21,3.83,26.95,21.42,21.9
2018-02-22,0.58,29.38,21.27,24.93
2018-02-23,2.52,30.29,19.95,25.29
2018-02-24,1.95,29.51,18.77,20.29
2018-02-25,1.39,29.51,19.53,19.28
2018-02-26,4.92,26.02,20.06,10.66
2018-02-27,18.0,28.11,19.47,17.41
2018-02-28,0.09,29.67,19.98,23.74
2018-03-01,2.45,28.62,21.93,22.46
2018-03-02,1.28,29.28,21.81,21.84
2018-03-03,1.45,28.12,22.06,24.52
2018-03-04,0.16,30.69,21.47,25.92
2018-03-05,0.08,30.6,21.05,20.93
2018-03-06,37.49,30.17,21.05,20.12
2018-03-07,3.36,28.57,21.82,24.94
2018-03-08,1.38,27.89,22.93,20.22
2018-03-09,6.26,29.39,20.35,19.97
2018-03-10,11.03,27.59,21.81,17.98
2018-03-11,3.28,30.01,21.64,21.63
2018-03-12,0.0,31.39,21.05,24.9
2018-03-13,0.0,31.72,22.39,23.5
2018-03-14,10.51,30.33,22.88,23.71
2018-03-15,0.65,29.16,22.94,22.87
2018-03-16,4.21,28.45,23.17,21.59
2018-03-17,0.35,31.06,22.19,24.66
2018-03-18,0.02,30.91,20.56,24.18
2018-03-19,0.03,31.17,21.48,23.73
2018-03-20,2.34,28.96,22.16,17.16
2018-03-21,6.4,28.59,22.37,23.06
2018-03-22,0.89,30.13,20.93,23.76
2018-03-23,0.09,30.58,21.06,23.75
2018-03-24,0.04,29.22,20.96,21.64
2018-03-25,2.39,29.53,20.68,20.33
2018-03-26,1.49,28.85,21.5,16.52
2018-03-27,6.85,27.28,20.88,18.04
2018-03-28,0.05,29.67,19.66,22.2
2018-03-29,0.0,28.94,19.03,23.44
2018-03-30,0.0,29.89,19.27,21.74
2018-03-31,1.5,28.46,20.23,14.29
2018-04-01,5.06,26.04,20.67,9.92
2018-04-02,0.67,29.36,20.43,16.68
2018-04-03,3.36,28.14,20.43,15.13
2018-04-04,0.31,29.56,20.15,19.66
2018-04-05,0.0,30.33,17.91,21.4
2018-04-06,0.0,30.89,18.24,22.22
2018-04-07,0.05,30.71,17.44,21.8
2018-04-08,0.08,30.36,18.12,20.8
2018-04-09,0.01,30.66,19.77,20.91
2018-04-10,0.0,30.68,19.03,21.56
2018-04-11,0.0,30.38,17.92,22.59
2018-04-12,0.77,28.02,17.11,20.33
2018-04-13,0.03,29.57,16.67,20.64
2018-04-14,1.71,30.14,19.29,17.38
2018-04-15,1.18,23.49,19.36,10.32
2018-04-16,0.03,28.41,17.6,15.03
2018-04-17,0.26,27.29,18.31,14.05
2018-04-18,0.21,29.1,17.38,17.64
2018-04-19,0.0,30.3,15.91,18.17
2018-04-20,0.0,30.52,18.12,15.5
2018-04-21,0.0,28.05,16.47,20.01
2018-04-22,0.0,29.89,13.91,19.92
2018-04-23,0.0,27.99,19.23,18.31
2018-04-24,0.0,31.13,16.85,20.15
2018-04-25,0.0,31.18,16.9,19.07
2018-04-26,0.0,31.29,17.95,18.21
2018-04-27,0.0,32.01,17.69,19.25
2018-04-28,0.09,32.16,18.31,17.36
2018-04-29,0.01,31.93,17.79,18.8
2018-04-30,0.0,32.12,17.87,19.09
2018-05-01,0.03,32.06,19.89,18.45
2018-05-02,0.0,32.12,16.89,19.77
2018-05-03,0.0,32.04,15.45,19.5
2018-05-04,0.0,32.92,17.56,18.84
2018-05-05,0.0,33.29,18.84,17.35
2018-05-06,1.36,31.18,20.22,16.26
2018-05-07,1.84,28.79,18.95,16.72
2018-05-08,0.0,30.44,17.26,18.45
2018-05-09,0.01,30.19,16.62,17.98
2018-05-10,0.0,30.34,15.65,18.46
2018-05-11,0.0,30.94,17.47,17.32
2018-05-12,0.0,29.64,17.8,12.86
2018-05-13,0.0,29.44,17.83,14.52
2018-05-14,0.05,31.26,17.59,15.43
2018-05-15,0.3,31.64,17.72,13.86
2018-05-16,0.27,31.06,17.33,10.33
2018-05-17,0.03,31.39,17.64,11.21
2018-05-18,2.2,31.52,18.77,14.6
2018-05-19,5.82,28.81,15.64,6.25
2018-05-20,0.05,21.33,9.89,19.17
2018-05-21,2.26,23.85,9.14,19.0
2018-05-22,0.02,26.67,7.43,19.36
2018-05-23,0.02,28.03,8.64,19.04
2018-05-24,0.01,30.19,10.74,17.99
2018-05-25,0.02,29.61,12.75,16.66
2018-05-26,0.03,29.6,14.12,17.62
2018-05-27,0.01,29.29,14.44,16.8
2018-05-28,0.0,28.36,13.29,17.54
2018-05-29,0.0,26.98,13.3,13.78
2018-05-30,0.0,27.35,15.1,14.42
2018-05-31,0.0,28.31,13.45,17.13
2018-06-01,0.0,29.79,13.68,14.36
2018-06-02,0.0,31.2,16.16,13.67
2018-06-03,0.04,30.01,17.9,14.57
2018-06-04,0.0,28.46,15.13,13.4
2018-06-05,0.66,29.6,17.7,13.32
2018-06-06,0.24,27.54,17.06,11.15
2018-06-07,0.0,29.12,17.41,10.95
2018-06-08,0.0,25.96,14.86,11.73
2018-06-09,0.0,29.26,15.12,14.33
2018-06-10,0.0,31.49,18.52,12.85
2018-06-11,0.01,31.56,18.93,12.24
2018-06-12,0.11,32.34,18.85,15.36
2018-06-13,0.42,29.46,20.18,11.17
2018-06-14,2.1,29.99,17.45,14.03
2018-06-15,0.34,28.96,14.97,13.72
2018-06-16,0.01,28.01,16.45,12.28
2018-06-17,0.0,28.79,14.31,13.36
2018-06-18,0.0,28.71,14.43,14.9
2018-06-19,0.0,28.86,15.64,16.11
2018-06-20,0.0,29.16,14.49,15.76
2018-06-21,0.0,29.11,15.38,15.53
2018-06-22,0.0,28.46,18.13,13.53
2018-06-23,0.0,30.41,17.72,13.77
2018-06-24,0.0,29.91,18.12,13.36
2018-06-25,0.0,29.92,18.31,14.7
2018-06-26,0.0,31.8,17.71,16.53
2018-06-27,0.0,31.79,16.78,16.19
2018-06-28,0.0,31.79,15.64,15.89
2018-06-29,0.0,30.61,14.94,15.51
2018-06-30,0.0,30.83,15.45,16.49
2018-07-01,0.0,31.4,17.42,16.65
2018-07-02,0.0,31.72,16.96,16.61
2018-07-03,0.0,31.76,17.2,16.78
2018-07-04,0.0,32.3,15.81,16.96
2018-07-05,0.0,31.94,15.2,16.71
2018-07-06,0.0,31.36,15.3,16.87
2018-07-07,0.0,30.47,14.55,16.89
2018-07-08,0.0,31.18,16.72,17.19
2018-07-09,0.0,30.88,17.62,14.6
2018-07-10,0.24,21.78,13.48,12.32
2018-07-11,0.0,24.81,8.67,16.84
2018-07-12,0.0,26.25,8.54,16.3
2018-07-13,0.0,27.48,10.62,15.49
2018-07-14,0.0,32.11,15.38,16.67
2018-07-15,0.0,32.27,15.06,17.53
2018-07-16,0.0,32.6,15.24,17.59
2018-07-17,0.0,31.94,14.75,17.88
2018-07-18,0.0,31.28,15.28,16.74
2018-07-19,0.0,31.93,16.56,17.89
2018-07-20,0.0,32.67,15.78,18.01
2018-07-21,0.0,31.76,15.08,17.02
2018-07-22,0.0,32.34,15.81,14.37
2018-07-23,0.0,31.97,16.45,17.62
2018-07-24,0.0,30.91,15.47,16.95
2018-07-25,0.0,30.09,14.78,16.67
2018-07-26,0.0,30.8,15.2,17.85
2018-07-27,0.0,31.4,15.46,18.2
2018-07-28,0.0,32.55,15.97,18.18
2018-07-29,0.0,33.49,17.43,18.62
2018-07-30,0.38,32.89,18.6,17.49
2018-07-31,1.49,30.88,19.14,16.78
2018-08-01,0.38,28.85,14.78,11.77
2018-08-02,0.97,29.68,15.9,14.89
2018-08-03,0.93,31.08,18.2,15.2
2018-08-04,9.86,26.52,17.61,12.68
2018-08-05,0.35,27.53,17.38,13.09
2018-08-06,5.33,26.25,16.23,6.29
2018-08-07,0.63,29.84,14.69,15.17
2018-08-08,1.73,32.99,14.99,14.4
2018-08-09,0.39,30.99,16.4,17.13
2018-08-10,0.0,23.96,8.55,20.6
2018-08-11,0.0,26.01,7.44,21.22
2018-08-12,0.05,28.93,8.14,19.63
2018-08-13,0.0,31.15,10.17,21.09
2018-08-14,0.01,32.66,10.93,21.41
2018-08-15,0.0,33.84,12.88,18.37
2018-08-16,0.0,25.62,15.8,7.91
2018-08-17,0.07,30.27,15.83,18.78
2018-08-18,0.01,29.78,15.28,19.81
2018-08-19,0.0,31.51,16.19,19.36
2018-08-20,0.0,33.21,16.83,21.37
2018-08-21,0.0,32.61,16.79,21.18
2018-08-22,0.0,31.6,17.18,15.08
2018-08-23,0.0,34.43,17.74,20.74
2018-08-24,1.86,35.61,20.84,14.73
2018-08-25,1.56,30.4,20.08,7.68
2018-08-26,0.0,30.19,16.22,20.41
2018-08-27,0.0,32.31,13.46,20.79
2018-08-28,0.0,32.54,18.99,21.37
2018-08-29,0.0,32.69,17.1,21.99
2018-08-30,0.0,33.28,18.22,21.79
2018-08-31,0.0,35.13,19.47,22.72
2018-09-01,0.0,36.15,21.5,21.64
2018-09-02,0.13,36.75,20.34,21.26
2018-09-03,0.94,24.54,14.9,11.5
2018-09-04,0.01,25.87,11.35,15.52
2018-09-05,0.0,27.33,11.9,24.05
2018-09-06,0.0,32.18,10.83,24.45
2018-09-07,0.0,35.52,14.6,23.0
2018-09-08,0.0,35.86,15.62,24.68
2018-09-09,0.0,35.82,15.42,23.9
2018-09-10,0.0,35.46,16.06,24.38
2018-09-11,0.0,36.2,16.52,23.72
2018-09-12,0.17,36.37,17.42,22.93
2018-09-13,0.91,36.92,19.65,22.11
2018-09-14,5.29,33.79,19.36,6.81
2018-09-15,4.28,28.32,18.25,10.45
2018-09-16,6.77,30.09,20.09,13.21
2018-09-17,7.24,25.53,18.21,4.58
2018-09-18,2.94,28.59,19.37,9.92
2018-09-19,3.48,30.31,19.81,19.67
2018-09-20,10.56,32.6,21.11,12.32
2018-09-21,1.05,30.94,20.03,23.62
2018-09-22,0.01,35.28,19.59,24.88
2018-09-23,0.0,37.41,17.95,26.08
2018-09-24,0.0,38.34,19.12,26.26
2018-09-25,0.02,38.5,18.65,24.47
2018-09-26,3.17,35.74,23.62,22.28
2018-09-27,0.74,36.25,22.3,16.48
2018-09-28,1.77,32.63,21.93,19.72
2018-09-29,0.07,34.48,21.83,16.26
2018-09-30,4.34,26.92,21.73,7.07
2018-10-01,0.14,30.64,21.24,15.53
2018-10-02,0.0,36.68,20.39,22.73
2018-10-03,8.62,36.96,23.23,23.82
2018-10-04,2.84,30.45,22.96,21.48
2018-10-05,0.14,34.15,20.85,23.67
2018-10-06,2.47,31.72,18.83,21.13
2018-10-07,22.3,30.14,20.27,12.37
2018-10-08,7.94,29.54,21.1,14.81
2018-10-09,24.17,30.91,20.75,22.29
2018-10-10,6.94,30.05,22.04,17.48
2018-10-11,7.87,30.11,21.79,21.22
2018-10-12,0.03,32.81,19.76,22.6
2018-10-13,0.99,31.79,22.39,22.51
2018-10-14,2.71,30.62,22.18,19.87
2018-10-15,0.13,31.57,21.14,21.29
2018-10-16,0.41,33.45,20.56,21.3
2018-10-17,2.61,29.7,24.08,19.85
2018-10-18,12.33,32.92,22.87,24.46
2018-10-19,1.32,27.89,20.77,21.01
2018-10-20,0.0,30.23,16.87,27.14
2018-10-21,0.0,30.81,15.07,27.47
2018-10-22,0.0,33.22,18.37,26.58
2018-10-23,1.66,30.99,21.18,24.44
2018-10-24,15.93,26.19,22.31,13.56
2018-10-25,14.19,29.81,21.04,11.39
2018-10-26,4.7,29.18,21.31,17.78
2018-10-27,2.06,29.29,21.3,10.93
2018-10-28,0.0,30.92,19.27,27.0
2018-10-29,0.0,29.54,15.15,24.2
2018-10-30,0.0,33.62,17.85,26.94
2018-10-31,1.2,32.92,21.89,24.94
2018-11-01,0.66,29.7,22.52,18.41
2018-11-02,0.1,32.21,21.45,22.23
2018-11-03,33.32,31.71,22.11,24.99
2018-11-04,11.02,28.13,20.81,14.7
2018-11-05,9.89,28.12,17.87,20.25
2018-11-06,2.82,29.09,20.63,20.01
2018-11-07,25.49,27.31,18.95,7.99
2018-11-08,13.98,23.84,18.23,9.42
2018-11-09,5.52,24.67,17.6,10.61
2018-11-10,5.2,29.03,17.97,18.68
2018-11-11,1.15,30.63,20.17,26.03
2018-11-12,0.02,31.33,20.45,28.54
2018-11-13,0.0,32.05,20.43,26.78
2018-11-14,0.86,31.15,22.78,24.53
2018-11-15,1.21,29.03,22.99,24.32
2018-11-16,6.55,28.55,22.91,27.71
2018-11-17,3.83,30.39,21.23,19.27
2018-11-18,18.05,25.03,21.75,16.03
2018-11-19,16.39,27.99,18.27,16.8
2018-11-20,0.59,28.8,16.62,13.73
2018-11-21,0.77,30.1,17.57,18.01
2018-11-22,2.25,28.36,20.9,21.0
2018-11-23,20.87,25.84,20.84,11.03
2018-11-24,15.43,28.32,21.17,14.86
2018-11-25,4.21,29.0,20.76,19.52
2018-11-26,1.26,30.21,19.09,24.01
2018-11-27,0.08,29.35,18.5,28.66
2018-11-28,0.0,29.85,18.6,28.97
2018-11-29,0.0,31.14,18.95,28.03
2018-11-30,2.93,29.19,20.73,14.08
2018-12-01,13.38,25.92,21.24,10.27
2018-12-02,7.92,29.6,21.01,18.68
2018-12-03,0.08,29.82,18.02,22.53
2018-12-04,0.0,30.55,18.69,26.54
2018-12-05,0.0,32.09,22.99,26.02
2018-12-06,0.0,33.62,20.24,28.54
2018-12-07,0.0,32.91,20.11,27.59
2018-12-08,0.0,29.92,17.5,30.62
2018-12-09,0.0,30.25,15.93,28.75
2018-12-10,0.0,30.9,19.73,29.09
2018-12-11,0.0,32.22,19.05,29.42
2018-12-12,1.47,33.08,19.98,28.36
2018-12-13,1.58,32.34,21.02,30.44
2018-12-14,0.4,32.93,20.8,25.97
2018-12-15,2.63,32.26,22.21,25.94
2018-12-16,0.42,34.91,23.25,28.03
2018-12-17,1.81,34.69,23.24,27.23
2018-12-18,8.75,33.98,23.12,25.82
2018-12-19,5.13,32.24,23.25,8.98
2018-12-20,0.04,32.0,22.67,29.25
2018-12-21,7.29,29.33,23.65,27.65
2018-12-22,8.59,32.44,22.23,28.62
2018-12-23,4.78,31.49,22.35,22.7
2018-12-24,6.01,30.82,21.55,23.6
2018-12-25,4.61,29.34,21.61,18.55
2018-12-26,15.17,27.96,21.81,16.68
2018-12-27,5.23,24.08,19.75,21.18
2018-12-28,8.01,29.54,19.33,21.26
2018-12-29,8.6,27.95,21.52,20.97
2018-12-30,5.28,28.58,21.44,22.85
2018-12-31,6.13,30.88,22.23,25.98
2019-01-01,8.6,28.84,22.14,25.02
2019-01-02,1.05,31.71,21.34,27.39
2019-01-03,2.84,31.65,21.65,22.5
2019-01-04,16.38,26.8,20.31,13.39
2019-01-05,5.27,24.32,19.71,12.07
2019-01-06,2.17,28.47,20.66,18.07
2019-01-07,0.29,32.5,20.31,29.18
2019-01-08,0.11,32.1,21.67,27.91
2019-01-09,0.17,30.1,22.24,28.23
2019-01-10,0.02,33.23,21.88,29.09
2019-01-11,0.47,30.79,21.1,20.82
2019-01-12,2.52,28.82,21.99,24.21
2019-01-13,1.16,30.86,21.43,27.69
2019-01-14,1.89,30.94,22.32,27.69
2019-01-15,0.35,33.15,21.71,23.37
2019-01-16,0.34,32.72,23.51,25.04
2019-01-17,4.49,31.35,22.66,23.65
2019-01-18,5.76,33.34,21.73,27.26
2019-01-19,1.16,34.08,21.1,29.01
2019-01-20,5.13,34.31,22.24,27.88
2019-01-21,4.64,31.04,23.9,26.79
2019-01-22,0.01,34.92,22.99,26.32
2019-01-23,0.68,34.92,23.46,28.64
2019-01-24,4.55,31.72,22.76,22.41
2019-01-25,2.12,34.56,20.46,27.53
2019-01-26,3.58,29.34,21.83,20.69
2019-01-27,2.89,30.62,20.56,15.59
2019-01-28,0.02,35.45,19.78,29.3
2019-01-29,0.0,36.81,21.09,28.71
2019-01-30,0.05,37.14,23.0,28.17
2019-01-31,0.07,38.65,23.41,28.54
2019-02-01,0.79,37.24,23.03,26.02
2019-02-02,0.1,38.66,25.01,26.24
2019-02-03,0.2,37.55,24.24,23.33
2019-02-04,1.4,33.9,22.32,22.23
2019-02-05,0.14,35.7,20.8,20.7
2019-02-06,8.33,33.17,21.66,17.02
2019-02-07,11.41,33.61,20.65,27.05
2019-02-08,0.09,34.86,20.54,26.32
2019-02-09,0.05,36.64,22.18,26.01
2019-02-10,0.73,36.07,24.45,22.77
2019-02-11,4.22,33.41,24.12,22.77
2019-02-12,18.72,29.8,23.78,14.04
2019-02-13,5.24,27.57,21.3,17.59
2019-02-14,11.69,30.56,18.67,17.46
2019-02-15,6.32,29.05,21.14,16.53
2019-02-16,10.63,25.2,22.19,10.66
2019-02-17,1.13,27.4,21.09,20.74
2019-02-18,4.82,27.78,20.19,18.77
2019-02-19,3.82,30.47,19.92,24.88
2019-02-20,2.93,29.3,21.6,15.11
2019-02-21,8.09,30.0,21.74,20.59
2019-02-22,8.2,29.57,21.83,20.4
2019-02-23,1.39,30.76,21.21,22.69
2019-02-24,0.79,32.09,22.1,24.81
2019-02-25,1.91,29.92,22.3,23.09
2019-02-26,11.18,28.12,22.42,15.62
2019-02-27,19.63,28.68,21.13,19.3
2019-02-28,13.88,25.09,21.33,12.11
2019-03-01,8.35,26.86,20.72,17.64
2019-03-02,11.22,25.91,21.23,11.41
2019-03-03,7.13,27.81,20.86,20.58
2019-03-04,4.86,28.38,20.32,15.85
2019-03-05,1.12,29.51,19.8,19.78
2019-03-06,3.29,30.39,19.98,25.1
2019-03-07,6.78,29.37,21.59,21.8
2019-03-08,0.65,30.12,20.66,24.48
2019-03-09,0.24,30.73,21.85,22.82
2019-03-10,12.01,28.64,22.37,23.56
2019-03-11,0.95,28.84,20.48,15.02
2019-03-12,2.63,29.32,20.08,23.76
2019-03-13,2.19,29.14,22.3,21.83
2019-03-14,7.78,27.29,21.51,18.92
2019-03-15,7.81,29.3,21.22,19.63
2019-03-16,1.56,29.89,20.54,19.74
2019-03-17,1.13,30.19,21.38,20.73
2019-03-18,5.04,28.46,22.22,18.78
2019-03-19,0.15,29.11,21.41,22.32
2019-03-20,12.82,28.5,21.98,18.62
2019-03-21,12.19,27.51,18.91,13.24
2019-03-22,0.17,26.23,18.3,11.35
2019-03-23,0.03,29.18,19.37,22.78
2019-03-24,0.0,30.13,19.49,22.53
2019-03-25,0.0,30.5,18.83,22.11
2019-03-26,0.0,32.02,19.64,22.15
2019-03-27,0.0,30.63,20.75,22.0
2019-03-28,0.0,31.01,19.63,22.81
2019-03-29,0.0,30.25,19.08,23.49
2019-03-30,0.0,30.62,18.53,23.56
2019-03-31,0.0,32.08,18.14,22.95
2019-04-01,0.0,32.82,18.97,22.61
2019-04-02,0.0,32.88,18.21,20.62
2019-04-03,0.0,32.53,20.44,20.4
2019-04-04,0.0,33.79,20.51,18.93
2019-04-05,0.94,30.8,22.56,18.14
2019-04-06,2.84,30.99,22.75,18.27
2019-04-07,24.37,27.86,22.17,12.54
2019-04-08,11.75,28.62,21.37,10.05
2019-04-09,0.35,28.61,17.83,14.27
2019-04-10,0.01,29.51,17.03,21.08
2019-04-11,0.01,30.29,17.95,20.91
2019-04-12,1.53,30.78,19.4,16.84
2019-04-13,9.29,28.62,20.41,15.82
2019-04-14,8.27,28.84,21.11,11.55
2019-04-15,2.48,29.66,20.84,17.29
2019-04-16,5.66,29.18,21.28,17.57
2019-04-17,0.64,30.55,20.48,20.29
2019-04-18,0.0,30.3,17.69,22.19
2019-04-19,0.0,30.11,16.12,22.01
2019-04-20,0.0,30.55,15.27,21.96
2019-04-21,0.0,31.72,16.2,20.58
2019-04-22,0.01,32.03,17.86,17.71
2019-04-23,0.6,31.4,20.4,15.58
2019-04-24,1.88,31.5,19.82,19.3
2019-04-25,0.26,32.2,19.87,19.0
2019-04-26,0.0,32.18,19.66,19.35
2019-04-27,0.0,32.6,19.97,19.38
2019-04-28,2.35,32.01,20.08,18.05
2019-04-29,0.6,29.95,19.16,15.66
2019-04-30,0.0,30.45,15.38,19.37
2019-05-01,0.02,31.94,18.17,12.48
2019-05-02,0.0,32.12,20.24,16.21
2019-05-03,0.94,31.1,20.65,14.11
2019-05-04,0.3,28.55,21.81,12.57
2019-05-05,0.03,29.85,21.4,16.35
2019-05-06,0.03,31.91,20.28,16.98
2019-05-07,0.31,32.49,20.67,18.27
2019-05-08,0.02,31.86,19.2,17.55
2019-05-09,1.86,31.76,18.87,17.9
2019-05-10,2.28,32.37,20.28,16.46
2019-05-11,3.8,32.02,20.83,13.25
2019-05-12,0.14,32.59,21.11,16.33
2019-05-13,0.01,31.51,20.68,16.58
2019-05-14,0.01,30.75,19.25,13.73
2019-05-15,0.0,26.47,17.56,14.19
2019-05-16,0.22,27.52,18.81,13.91
2019-05-17,2.93,25.43,17.97,12.44
2019-05-18,2.63,27.64,16.7,15.24
2019-05-19,0.06,28.99,15.18,17.03
2019-05-20,0.04,29.33,15.15,18.33
2019-05-21,0.17,30.09,13.78,18.34
2019-05-22,0.07,30.44,16.26,18.47
2019-05-23,0.01,31.2,16.1,16.48
2019-05-24,0.07,24.43,17.66,6.97
2019-05-25,0.0,25.15,12.56,17.71
2019-05-26,0.02,27.58,10.05,18.51
2019-05-27,0.0,31.96,12.21,17.01
2019-05-28,0.0,32.79,15.43,15.95
2019-05-29,0.82,32.54,18.36,16.86
2019-05-30,0.0,33.32,18.32,17.09
2019-05-31,0.0,32.45,17.49,14.59
2019-06-01,0.0,32.31,18.32,16.8
2019-06-02,0.66,31.35,16.7,15.88
2019-06-03,3.66,27.06,17.83,6.79
2019-06-04,0.42,26.48,14.02,12.91
2019-06-05,0.01,25.52,9.72,17.66
2019-06-06,0.02,27.49,11.65,17.53
2019-06-07,0.0,28.65,11.9,17.05
2019-06-08,0.01,27.03,13.92,15.3
2019-06-09,0.01,28.73,11.38,17.41
2019-06-10,0.0,28.96,12.65,16.82
2019-06-11,0.0,29.86,14.89,14.57
2019-06-12,0.0,29.88,15.04,14.85
2019-06-13,0.0,30.48,15.83,15.48
2019-06-14,0.0,30.99,16.24,16.5
2019-06-15,0.0,30.49,15.48,16.77
2019-06-16,0.0,29.93,14.87,15.6
2019-06-17,0.0,29.91,14.51,15.4
2019-06-18,0.0,29.82,13.89,16.75
2019-06-19,0.0,29.99,14.74,15.0
2019-06-20,0.0,30.38,15.32,16.53
2019-06-21,0.0,30.09,15.8,16.1
2019-06-22,0.01,29.66,15.0,16.46
2019-06-23,0.0,28.93,14.22,16.64
2019-06-24,0.0,29.66,13.79,16.85
2019-06-25,0.0,30.71,14.95,16.45
2019-06-26,0.0,31.19,16.23,15.8
2019-06-27,0.0,29.84,16.34,9.77
2019-06-28,0.1,32.18,18.66,16.43
2019-06-29,0.06,31.4,16.51,16.86
2019-06-30,0.0,31.46,16.16,16.72
2019-07-01,0.0,31.73,16.33,16.63
2019-07-02,0.16,31.29,15.8,15.05
2019-07-03,0.01,30.91,16.13,16.24
2019-07-04,9.31,27.49,18.86,6.8
2019-07-05,5.31,23.6,15.2,6.17
2019-07-06,0.0,20.6,7.59,18.05
2019-07-07,0.03,22.39,4.52,18.25
2019-07-08,0.0,26.47,7.36,17.58
2019-07-09,0.01,28.12,9.12,17.58
2019-07-10,0.0,28.29,10.09,17.63
2019-07-11,0.01,28.75,10.19,18.02
2019-07-12,0.0,30.31,11.26,17.48
2019-07-13,0.0,29.61,13.87,16.01
2019-07-14,0.0,31.13,18.01,16.12
2019-07-15,0.01,30.17,18.13,16.22
2019-07-16,0.21,28.16,15.24,14.27
2019-07-17,0.0,25.55,9.37,17.46
2019-07-18,0.0,27.85,11.11,16.04
2019-07-19,0.0,27.82,15.25,16.19
2019-07-20,0.0,27.95,12.67,17.57
2019-07-21,0.0,27.6,12.94,12.82
2019-07-22,0.0,27.11,15.16,14.89
2019-07-23,0.0,30.1,14.53,17.68
2019-07-24,0.0,31.24,15.05,18.12
2019-07-25,0.0,31.5,17.06,14.65
2019-07-26,0.0,31.12,16.01,14.71
2019-07-27,0.0,31.16,17.17,17.95
2019-07-28,0.0,30.37,13.95,17.67
2019-07-29,0.0,30.67,14.48,16.96
2019-07-30,0.55,30.8,18.86,14.51
2019-07-31,0.0,31.57,16.06,19.06
2019-08-01,0.0,33.67,15.26,18.94
2019-08-02,0.17,33.05,18.56,15.88
2019-08-03,0.25,25.3,16.52,11.64
2019-08-04,8.52,20.32,12.78,4.9
2019-08-05,3.3,25.58,11.06,12.03
2019-08-06,0.46,28.25,14.22,10.12
2019-08-07,0.01,30.43,16.17,19.02
2019-08-08,0.0,31.64,16.23,19.19
2019-08-09,0.0,32.43,16.74,19.32
2019-08-10,0.0,33.79,17.21,19.87
2019-08-11,0.01,34.34,16.93,20.1
2019-08-12,0.01,34.57,17.81,20.18
2019-08-13,0.01,34.81,19.91,18.49
2019-08-14,0.0,28.85,14.53,17.16
2019-08-15,0.0,30.16,13.44,19.84
2019-08-16,0.0,30.38,15.31,20.43
2019-08-17,0.0,31.76,15.17,20.05
2019-08-18,0.0,32.75,18.58,17.24
2019-08-19,0.13,34.0,20.66,14.06
2019-08-20,0.01,32.43,17.26,13.66
2019-08-21,0.0,32.26,15.38,20.03
2019-08-22,0.0,31.64,14.38,20.29
2019-08-23,0.03,29.14,13.35,19.24
2019-08-24,0.01,30.9,13.42,21.61
2019-08-25,0.0,33.0,13.23,21.93
2019-08-26,0.0,33.98,16.37,21.23
2019-08-27,0.0,32.16,19.16,19.3
2019-08-28,0.0,31.57,19.23,14.41
2019-08-29,0.0,31.95,18.33,20.09
2019-08-30,0.0,35.31,18.32,18.94
2019-08-31,0.38,37.04,21.53,20.12
2019-09-01,5.87,36.92,20.68,18.7
2019-09-02,9.29,31.63,20.51,20.83
2019-09-03,0.73,34.09,19.79,18.28
2019-09-04,0.07,34.84,20.8,20.41
2019-09-05,0.03,35.06,18.11,21.71
2019-09-06,0.72,34.05,18.57,20.3
2019-09-07,0.04,35.96,20.63,22.33
2019-09-08,0.0,36.78,21.71,22.64
2019-09-09,0.0,36.55,20.47,23.28
2019-09-10,0.0,38.22,20.79,22.45
2019-09-11,0.0,39.53,22.1,23.58
2019-09-12,0.0,40.32,21.76,24.08
2019-09-13,0.0,39.17,22.34,22.52
2019-09-14,0.0,38.28,21.31,21.34
2019-09-15,0.0,39.45,24.38,22.92
2019-09-16,0.0,38.71,22.33,23.88
2019-09-17,0.0,39.49,21.98,23.88
2019-09-18,0.0,40.01,22.34,21.08
2019-09-19,0.0,39.3,24.15,21.58
2019-09-20,0.83,40.42,23.6,15.87
2019-09-21,0.03,38.26,22.32,16.1
2019-09-22,0.03,34.84,18.89,20.53
2019-09-23,0.0,34.73,17.26,23.75
2019-09-24,0.54,35.52,21.74,21.57
2019-09-25,23.89,26.5,18.96,8.23
2019-09-26,15.41,23.06,17.43,7.55
2019-09-27,0.08,30.98,15.41,23.8
2019-09-28,0.01,32.33,14.9,25.23
2019-09-29,0.01,33.64,15.15,26.39
2019-09-30,0.0,34.8,15.29,25.88
2019-10-01,0.0,37.05,17.66,25.86
2019-10-02,0.0,38.4,20.69,24.62
2019-10-03,0.06,38.35,22.69,24.04
2019-10-04,0.0,37.81,17.68,27.19
2019-10-05,0.0,37.85,20.47,27.25
2019-10-06,3.18,37.12,23.56,22.23
2019-10-07,0.6,33.16,20.04,21.91
2019-10-08,1.23,29.82,20.29,10.9
2019-10-09,2.99,27.01,20.1,14.3
2019-10-10,1.23,31.21,19.22,19.76
2019-10-11,0.0,34.08,20.64,24.67
2019-10-12,0.0,35.57,21.2,23.83
2019-10-13,0.28,38.64,22.86,23.28
2019-10-14,0.19,38.78,23.22,26.24
2019-10-15,0.05,36.91,21.0,25.1
2019-10-16,0.0,37.58,20.83,25.24
2019-10-17,0.02,38.83,21.8,24.29
2019-10-18,0.66,36.98,25.22,23.78
2019-10-19,1.74,37.68,22.8,18.84
2019-10-20,7.36,35.42,21.62,24.33
2019-10-21,4.93,32.97,19.44,20.36
2019-10-22,12.0,28.87,21.76,14.59
2019-10-23,0.02,33.77,19.3,25.23
2019-10-24,0.02,35.46,20.17,26.86
2019-10-25,0.0,38.29,21.23,28.17
2019-10-26,0.03,38.92,20.49,27.72
2019-10-27,3.41,36.71,23.45,26.8
2019-10-28,4.1,31.79,22.76,13.8
2019-10-29,1.66,34.93,21.88,26.86
2019-10-30,1.09,36.96,22.68,27.95
2019-10-31,0.6,35.46,23.35,28.38
2019-11-01,0.3,37.11,21.61,27.55
2019-11-02,0.09,37.09,22.3,27.95
2019-11-03,0.3,38.22,25.16,27.6
2019-11-04,1.74,39.23,25.25,26.92
2019-11-05,12.17,34.34,23.09,23.09
2019-11-06,6.38,34.78,22.65,18.11
2019-11-07,3.6,30.66,21.6,24.68
2019-11-08,2.19,28.85,21.78,13.32
2019-11-09,1.8,34.17,21.62,17.89
2019-11-10,2.08,30.39,21.75,12.79
2019-11-11,0.0,36.98,21.58,27.79
2019-11-12,0.01,35.44,22.21,22.17
2019-11-13,2.65,33.78,22.49,23.73
2019-11-14,8.38,29.32,23.18,21.85
2019-11-15,6.66,28.97,21.57,11.36
2019-11-16,0.02,34.6,19.71,27.16
2019-11-17,0.02,35.7,17.88,28.5
2019-11-18,0.01,37.12,18.75,28.44
2019-11-19,0.08,35.22,22.73,24.17
2019-11-20,1.39,35.32,21.83,26.27
2019-11-21,0.87,35.47,21.35,26.46
2019-11-22,1.59,32.98,22.18,27.34
2019-11-23,3.83,35.37,21.41,25.83
2019-11-24,3.11,28.45,20.52,18.84
2019-11-25,0.03,35.42,16.65,29.49
2019-11-26,0.25,33.21,23.05,24.0
2019-11-27,18.62,32.33,23.33,17.27
2019-11-28,2.16,30.29,20.71,20.34
2019-11-29,1.13,31.82,17.81,16.64
2019-11-30,15.38,30.21,22.66,15.74
2019-12-01,4.1,28.58,22.57,17.86
2019-12-02,1.88,31.08,22.05,20.37
2019-12-03,0.63,33.24,18.46,19.29
2019-12-04,11.66,29.88,21.84,22.43
2019-12-05,6.7,29.76,22.43,16.66
2019-12-06,9.21,31.2,22.88,18.64
2019-12-07,0.2,33.91,20.99,26.11
2019-12-08,1.4,33.46,20.17,26.45
2019-12-09,14.8,31.44,22.62,19.65
2019-12-10,8.89,27.39,22.29,18.17
2019-12-11,20.7,25.8,21.15,10.39
2019-12-12,6.44,28.32,20.01,15.44
2019-12-13,13.73,27.97,21.04,20.46
2019-12-14,14.28,26.9,20.77,19.87
2019-12-15,4.76,29.36,22.31,25.62
2019-12-16,7.3,30.84,21.78,27.06
2019-12-17,26.24,30.39,21.79,19.54
2019-12-18,2.01,29.21,21.57,16.78
2019-12-19,4.01,28.11,19.86,12.64
2019-12-20,9.78,26.49,20.24,19.33
2019-12-21,2.27,27.99,21.26,19.62
2019-12-22,6.77,28.13,20.44,16.48
2019-12-23,19.36,29.46,20.77,14.51
2019-12-24,1.62,29.62,20.69,28.64
2019-12-25,3.04,30.67,20.41,26.5
2019-12-26,0.88,31.97,20.47,28.08
2019-12-27,1.09,31.38,20.62,30.0
2019-12-28,7.17,30.51,21.17,27.59
2019-12-29,0.86,32.81,21.85,27.31
2019-12-30,0.1,31.58,22.17,26.52
2019-12-31,11.19,31.03,22.19,26.78
2020-01-01,8.47,29.33,21.72,25.96
2020-01-02,15.42,29.39,21.93,21.91
2020-01-03,6.13,30.09,20.73,16.3
2020-01-04,12.32,30.06,18.57,21.55
2020-01-05,4.35,29.36,20.31,21.25
2020-01-06,0.9,30.87,20.98,22.8
2020-01-07,3.54,30.08,21.2,18.91
2020-01-08,13.48,29.06,22.44,16.19
2020-01-09,23.81,28.4,22.21,20.05
2020-01-10,1.69,29.96,22.07,23.92
2020-01-11,1.87,30.33,23.73,23.43
2020-01-12,3.82,30.54,22.73,16.09
2020-01-13,1.78,31.61,22.64,23.99
2020-01-14,0.03,31.95,20.97,28.82
2020-01-15,0.05,32.92,21.14,28.31
2020-01-16,0.65,33.16,24.06,28.05
2020-01-17,0.97,30.42,21.87,22.93
2020-01-18,3.67,30.05,19.16,21.8
2020-01-19,0.27,31.74,20.87,24.83
2020-01-20,2.78,31.61,21.75,24.48
2020-01-21,1.47,32.31,20.66,22.53
2020-01-22,14.6,29.19,20.22,19.05
2020-01-23,33.51,26.52,20.78,14.03
2020-01-24,2.26,29.99,21.99,13.58
2020-01-25,0.03,29.1,18.51,27.35
2020-01-26,0.01,30.65,18.64,28.75
2020-01-27,0.0,31.46,20.29,29.91
2020-01-28,1.93,31.14,20.97,26.67
2020-01-29,4.42,31.12,20.92,23.6
2020-01-30,19.1,26.5,22.64,21.76
2020-01-31,6.75,27.55,21.81,17.51
2020-02-01,4.12,29.71,21.79,18.79
2020-02-02,0.87,29.94,21.17,22.18
2020-02-03,5.39,27.19,21.21,17.0
2020-02-04,20.63,28.78,21.42,22.62
2020-02-05,7.39,27.05,21.38,21.31
2020-02-06,15.85,26.26,21.0,19.63
2020-02-07,20.06,25.64,20.17,16.64
2020-02-08,0.57,28.1,18.63,21.0
2020-02-09,5.93,28.41,20.61,15.81
2020-02-10,6.17,28.31,21.34,11.47
2020-02-11,8.64,25.23,20.88,13.77
2020-02-12,0.19,29.18,19.36,16.27
2020-02-13,0.02,29.5,17.77,24.43
2020-02-14,0.01,30.78,18.38,26.33
2020-02-15,0.04,31.62,19.96,25.38
2020-02-16,0.64,31.27,21.61,24.45
2020-02-17,9.32,30.13,22.26,23.82
2020-02-18,8.73,29.94,22.62,26.09
2020-02-19,2.81,29.31,22.61,21.27
2020-02-20,8.88,29.03,22.5,20.3
2020-02-21,2.68,28.9,22.17,14.17
2020-02-22,6.7,30.13,21.34,13.07
2020-02-23,4.07,29.18,18.17,14.26
2020-02-24,11.35,27.22,19.88,11.19
2020-02-25,9.04,27.15,21.01,16.82
2020-02-26,20.67,27.44,22.39,13.41
2020-02-27,9.61,25.56,20.07,15.59
2020-02-28,0.96,28.65,17.45,16.44
2020-02-29,0.82,28.99,17.77,18.19
2020-03-01,6.3,28.94,17.84,17.16
2020-03-02,1.01,27.95,18.38,20.74
2020-03-03,1.04,28.28,17.79,23.01
2020-03-04,0.08,29.44,17.57,25.66
2020-03-05,0.55,29.34,17.53,26.6
2020-03-06,0.29,28.8,16.21,26.71
2020-03-07,1.21,28.91,15.6,26.35
2020-03-08,0.1,29.35,16.93,26.94
2020-03-09,0.04,30.14,18.67,26.04
2020-03-10,0.23,30.5,18.23,25.18
2020-03-11,0.34,31.27,19.56,24.74
2020-03-12,0.1,31.73,20.23,23.7
2020-03-13,0.03,32.73,19.65,24.91
2020-03-14,0.02,32.17,20.04,23.61
2020-03-15,5.12,30.57,21.67,22.24
2020-03-16,2.73,30.58,20.71,22.78
2020-03-17,0.5,32.06,21.1,22.99
2020-03-18,0.86,32.79,21.37,21.63
2020-03-19,9.3,30.99,22.73,16.29
2020-03-20,14.16,28.61,22.16,16.87
2020-03-21,7.02,28.77,20.22,15.9
2020-03-22,2.22,28.9,18.43,16.74
2020-03-23,1.51,28.68,17.14,22.37
2020-03-24,0.29,28.87,16.65,23.12
2020-03-25,0.13,29.0,15.2,23.18
2020-03-26,0.13,29.03,15.97,23.09
2020-03-27,0.09,29.88,18.5,21.97
2020-03-28,1.39,27.8,20.02,19.81
2020-03-29,20.46,25.5,20.97,11.09
2020-03-30,0.66,29.65,20.03,21.77
2020-03-31,0.05,30.88,19.09,22.66
2020-04-01,0.01,32.09,19.7,22.74
2020-04-02,1.28,31.85,20.19,20.37
2020-04-03,0.32,31.32,20.57,21.09
2020-04-04,0.0,30.86,15.45,23.51
2020-04-05,0.0,32.27,17.78,22.94
2020-04-06,0.29,34.14,18.8,22.76
2020-04-07,5.94,29.36,22.55,15.28
2020-04-08,0.06,31.29,19.15,21.07
2020-04-09,0.0,30.1,16.28,23.18
2020-04-10,0.01,30.4,14.22,22.98
2020-04-11,0.0,31.45,15.53,20.3
2020-04-12,0.0,31.48,16.33,19.75
2020-04-13,10.21,30.79,16.9,20.76
2020-04-14,7.97,28.89,17.84,9.42
2020-04-15,2.45,26.47,18.33,13.8
2020-04-16,0.0,28.94,14.01,17.35
2020-04-17,1.99,29.81,15.53,17.51
2020-04-18,1.88,28.98,16.38,19.33
2020-04-19,0.58,29.86,17.41,16.57
2020-04-20,0.02,29.72,18.89,19.19
2020-04-21,0.04,30.61,16.88,20.14
2020-04-22,0.02,30.74,15.37,20.91
2020-04-23,0.27,31.28,14.91,21.33
2020-04-24,0.01,31.64,15.58,20.27
2020-04-25,0.0,32.3,18.83,20.53
2020-04-26,0.0,32.1,17.1,21.03
2020-04-27,0.65,31.28,16.48,19.58
2020-04-28,1.25,29.7,16.23,20.94
2020-04-29,0.0,30.33,15.0,20.61
2020-04-30,0.01,31.27,15.37,19.42
2020-05-01,0.01,32.39,16.97,20.24
2020-05-02,0.0,31.72,18.51,19.21
2020-05-03,0.51,30.38,16.29,19.27
2020-05-04,0.14,30.18,13.8,19.63
2020-05-05,0.0,30.77,14.44,16.83
2020-05-06,0.04,31.51,18.49,11.91
2020-05-07,0.02,25.91,16.14,11.35
2020-05-08,0.0,27.57,11.89,19.97
2020-05-09,0.12,29.21,13.0,19.52
2020-05-10,0.0,29.29,13.56,19.21
2020-05-11,0.0,29.56,13.91,19.54
2020-05-12,0.01,30.02,14.04,15.41
2020-05-13,0.0,28.44,15.84,9.97
2020-05-14,2.12,28.57,18.26,8.05
2020-05-15,0.03,28.32,16.67,11.24
2020-05-16,0.02,28.87,15.29,16.52
2020-05-17,0.0,29.79,13.19,18.79
2020-05-18,0.0,30.92,13.13,18.53
2020-05-19,0.06,30.72,14.9,18.11
2020-05-20,0.07,29.61,17.72,16.43
2020-05-21,0.02,30.99,16.83,17.59
2020-05-22,2.94,31.32,16.63,17.41
2020-05-23,18.53,23.67,15.01,4.29
2020-05-24,0.17,20.72,11.28,9.18
2020-05-25,0.09,22.76,8.85,17.17
2020-05-26,0.01,23.49,8.0,18.26
2020-05-27,0.0,25.65,8.32,18.25
2020-05-28,0.0,27.48,8.19,18.72
2020-05-29,0.0,28.67,9.94,18.3
2020-05-30,0.09,27.8,10.73,18.44
2020-05-31,0.0,27.54,12.33,17.95
2020-06-01,0.0,29.03,11.48,17.39
2020-06-02,0.01,29.65,13.66,14.22
2020-06-03,1.44,28.51,16.07,8.51
2020-06-04,0.08,31.33,16.87,13.11
2020-06-05,0.0,31.44,18.15,13.88
2020-06-06,0.52,31.06,18.27,13.01
2020-06-07,0.36,29.69,17.18,10.44
2020-06-08,0.02,32.14,17.96,15.26
2020-06-09,1.75,32.15,19.67,11.63
2020-06-10,0.19,32.59,19.19,13.98
2020-06-11,0.01,32.48,17.53,15.57
2020-06-12,0.0,32.34,17.74,16.71
2020-06-13,0.06,31.92,16.76,16.29
2020-06-14,0.02,32.16,18.69,15.96
2020-06-15,0.0,30.27,15.74,16.52
2020-06-16,0.19,29.82,15.86,16.12
2020-06-17,0.03,28.62,16.39,14.79
2020-06-18,0.01,28.77,15.09,14.55
2020-06-19,0.0,29.76,15.3,15.83
2020-06-20,0.0,31.01,15.17,16.32
2020-06-21,0.0,30.94,16.54,16.63
2020-06-22,0.0,30.3,15.7,15.9
2020-06-23,0.0,28.93,14.6,14.94
2020-06-24,0.01,30.5,14.1,15.21
2020-06-25,0.04,30.94,17.49,15.64
2020-06-26,6.71,30.03,19.33,14.02
2020-06-27,2.95,26.76,15.85,3.97
2020-06-28,0.18,26.38,13.19,12.78
2020-06-29,0.15,28.7,13.52,14.27
2020-06-30,0.0,29.04,17.15,16.18
2020-07-01,0.17,21.71,12.01,9.46
2020-07-02,0.0,24.42,8.33,16.04
2020-07-03,0.0,25.9,10.22,17.27
2020-07-04,0.0,29.42,11.11,17.33
2020-07-05,0.0,30.75,14.38,15.1
2020-07-06,0.0,32.43,17.02,16.71
2020-07-07,0.0,32.1,17.26,16.96
2020-07-08,0.0,30.87,15.78,16.43
2020-07-09,0.17,28.46,16.21,12.73
2020-07-10,0.0,30.52,13.67,16.13
2020-07-11,0.0,31.49,17.02,16.23
2020-07-12,0.0,32.03,16.8,16.15
2020-07-13,0.0,32.89,17.46,16.85
2020-07-14,0.01,32.19,21.52,15.53
2020-07-15,0.0,31.45,17.09,15.81
2020-07-16,0.0,29.54,17.83,16.46
2020-07-17,0.0,31.32,19.51,17.36
2020-07-18,0.0,31.32,16.54,17.51
2020-07-19,0.0,29.39,15.97,17.73
2020-07-20,0.0,30.42,14.69,18.26
2020-07-21,0.0,31.59,15.18,18.28
2020-07-22,0.03,32.04,15.59,18.34
2020-07-23,0.01,31.8,15.34,18.35
2020-07-24,0.0,30.95,14.87,18.75
2020-07-25,0.0,32.52,14.97,18.77
2020-07-26,0.0,32.04,14.78,18.23
2020-07-27,0.04,32.09,16.07,17.37
2020-07-28,0.0,32.82,17.63,17.2
2020-07-29,0.0,31.86,19.47,17.35
2020-07-30,0.0,30.95,14.47,17.55
2020-07-31,0.24,31.26,15.37,17.27
2020-08-01,1.45,30.35,16.06,16.45
2020-08-02,0.05,30.72,14.26,18.1
2020-08-03,0.12,30.54,14.26,19.49
2020-08-04,0.0,30.37,13.22,20.09
2020-08-05,0.0,30.84,13.34,20.03
2020-08-06,0.0,30.85,13.31,20.22
2020-08-07,0.0,30.13,13.06,19.85
2020-08-08,0.0,30.42,14.09,15.9
2020-08-09,0.0,30.68,17.63,19.87
2020-08-10,0.0,31.68,15.65,19.41
2020-08-11,0.0,32.69,16.8,17.16
2020-08-12,0.0,33.53,16.83,19.54
2020-08-13,0.0,34.83,18.91,19.13
2020-08-14,0.0,35.2,20.46,19.7
2020-08-15,0.54,35.06,20.51,19.83
2020-08-16,0.76,34.19,20.01,13.2
2020-08-17,6.54,34.42,20.8,15.11
2020-08-18,0.04,34.45,21.62,17.55
2020-08-19,0.09,36.13,21.24,19.56
2020-08-20,0.01,33.08,17.11,17.9
2020-08-21,3.19,22.79,12.9,4.86
2020-08-22,0.24,24.76,9.52,18.14
2020-08-23,0.0,28.1,11.26,21.31
2020-08-24,0.0,31.06,13.79,21.29
2020-08-25,0.0,30.37,12.35,22.64
2020-08-26,0.72,32.03,10.93,23.26
2020-08-27,0.06,33.52,11.77,23.24
2020-08-28,0.13,34.9,15.04,22.74
2020-08-29,0.0,34.89,17.39,22.6
2020-08-30,0.0,36.16,18.45,22.47
2020-08-31,1.15,36.49,17.86,22.41
2020-09-01,3.96,35.62,18.85,21.69
2020-09-02,0.05,34.6,20.16,21.75
2020-09-03,0.02,35.02,18.89,23.1
2020-09-04,0.0,36.9,19.37,23.52
2020-09-05,0.49,36.82,18.41,23.88
2020-09-06,0.01,35.98,17.57,23.54
2020-09-07,0.0,36.93,18.6,23.61
2020-09-08,0.0,38.19,19.14,23.84
2020-09-09,0.18,38.54,19.86,24.08
2020-09-10,0.0,38.31,20.93,23.14
2020-09-11,0.0,39.05,20.68,24.15
2020-09-12,0.0,38.55,21.92,22.49
2020-09-13,0.02,37.24,20.8,22.52
2020-09-14,0.0,36.5,19.4,21.89
2020-09-15,0.0,36.47,19.37,23.35
2020-09-16,0.0,36.77,20.38,23.57
2020-09-17,0.0,38.53,21.52,22.73
2020-09-18,0.01,38.78,23.07,16.94
2020-09-19,0.43,32.44,22.43,7.95
2020-09-20,3.23,34.59,22.24,5.36
2020-09-21,0.66,32.41,19.09,12.57
2020-09-22,4.18,27.74,16.38,14.85
2020-09-23,0.7,28.41,16.85,17.46
2020-09-24,0.03,34.4,16.86,25.49
2020-09-25,0.0,36.94,18.66,25.93
2020-09-26,0.0,38.81,20.71,26.58
2020-09-27,0.0,40.03,21.14,25.13
2020-09-28,0.01,40.67,24.09,24.23
2020-09-29,0.48,41.34,24.03,25.21
2020-09-30,0.0,42.07,25.9,23.6
2020-10-01,0.0,41.79,25.56,24.57
2020-10-02,0.0,40.26,26.83,26.07
2020-10-03,0.0,42.71,27.31,24.47
2020-10-04,0.0,42.39,24.6,23.74
2020-10-05,0.0,42.74,23.64,23.33
2020-10-06,0.0,42.89,26.87,23.03
2020-10-07,0.0,43.0,27.87,23.15
2020-10-08,0.23,41.83,26.34,18.34
2020-10-09,0.28,40.14,26.93,14.79
2020-10-10,8.07,33.96,21.38,16.28
2020-10-11,0.0,35.52,19.0,22.62
2020-10-12,0.0,37.44,18.95,21.56
2020-10-13,0.0,39.44,20.48,23.54
2020-10-14,0.0,39.55,24.33,20.19
2020-10-15,5.77,35.0,24.68,11.26
2020-10-16,0.01,30.44,20.26,10.77
2020-10-17,2.82,34.26,19.48,24.74
2020-10-18,0.61,35.64,22.35,23.07
2020-10-19,6.14,31.47,22.02,11.44
2020-10-20,6.8,30.21,20.53,12.02
2020-10-21,6.42,31.68,20.9,19.6
2020-10-22,2.11,34.55,20.87,21.36
2020-10-23,9.21,31.46,21.35,23.28
2020-10-24,16.55,29.6,20.31,13.69
2020-10-25,0.61,34.1,19.55,20.93
2020-10-26,0.04,35.53,19.85,21.8
2020-10-27,0.49,34.11,21.72,20.33
2020-10-28,0.01,36.08,19.28,27.42
2020-10-29,3.49,29.11,23.78,18.02
2020-10-30,2.47,30.93,20.64,17.97
2020-10-31,0.01,32.06,17.81,19.95
2020-11-01,0.0,31.87,15.97,27.16
2020-11-02,0.0,31.17,13.97,30.45
2020-11-03,0.0,31.56,13.62,27.7
2020-11-04,0.09,33.29,14.38,30.45
2020-11-05,0.0,34.53,15.66,30.26
2020-11-06,0.0,35.56,16.98,30.74
2020-11-07,0.0,38.05,16.81,30.91
2020-11-08,0.0,39.3,18.76,29.41
2020-11-09,4.76,37.71,21.79,19.64
2020-11-10,6.28,31.01,22.11,18.44
2020-11-11,8.11,30.36,22.45,21.1
2020-11-12,0.51,33.43,21.42,24.3
2020-11-13,11.06,30.01,22.2,22.41
2020-11-14,1.87,30.87,21.7,24.04
2020-11-15,1.03,35.56,20.25,26.4
2020-11-16,1.64,34.57,22.08,25.72
2020-11-17,1.85,35.9,23.08,20.07
2020-11-18,22.75,31.04,22.76,16.69
2020-11-19,6.81,31.05,20.68,18.03
2020-11-20,0.0,31.49,16.06,30.01
2020-11-21,0.0,32.92,15.69,31.23
2020-11-22,0.07,34.81,16.36,31.44
2020-11-23,0.02,35.28,17.96,29.16
2020-11-24,0.23,35.12,22.21,28.31
2020-11-25,0.92,35.43,20.4,28.1
2020-11-26,3.99,34.44,20.39,28.41
2020-11-27,0.34,36.23,21.43,29.46
2020-11-28,0.1,36.3,22.49,29.03
2020-11-29,0.0,36.12,22.19,29.12
2020-11-30,0.11,34.05,22.49,26.29
2020-12-01,0.45,38.06,22.29,26.43
2020-12-02,5.51,29.74,22.41,18.55
2020-12-03,1.25,32.38,21.38,15.56
2020-12-04,17.22,35.3,21.6,24.45
2020-12-05,3.77,35.35,22.08,22.05
2020-12-06,7.75,30.8,21.82,19.37
2020-12-07,10.87,31.2,22.12,18.41
2020-12-08,12.79,30.57,21.93,22.81
2020-12-09,2.12,32.15,21.98,25.35
2020-12-10,1.77,31.98,19.93,22.16
2020-12-11,2.9,24.91,19.83,13.2
2020-12-12,11.99,30.19,19.02,18.35
2020-12-13,1.99,29.23,20.31,23.85
2020-12-14,1.08,32.3,21.35,25.42
2020-12-15,4.66,30.05,21.9,24.46
2020-12-16,1.43,30.36,21.83,18.03
2020-12-17,5.18,30.32,22.26,21.77
2020-12-18,3.54,33.35,21.1,25.28
2020-12-19,1.24,33.1,21.96,26.29
2020-12-20,1.24,32.22,22.81,25.65
2020-12-21,6.63,33.78,22.24,27.52
2020-12-22,14.19,29.35,23.71,20.74
2020-12-23,4.93,31.99,21.93,23.06
2020-12-24,0.09,32.76,20.32,25.34
2020-12-25,5.48,32.68,19.02,24.57
2020-12-26,12.31,30.15,19.25,20.58
2020-12-27,7.95,29.31,21.6,17.2
2020-12-28,4.98,29.86,21.05,20.55
2020-12-29,10.88,30.64,20.63,17.59
2020-12-30,0.5,31.44,20.59,19.6
2020-12-31,1.01,31.14,21.51,18.89
2021-01-01,3.47,30.6,21.46,19.33
2021-01-02,4.43,31.92,20.85,23.69
2021-01-03,5.43,32.44,19.8,29.19
2021-01-04,2.4,32.81,20.11,26.52
2021-01-05,0.5,32.01,20.88,25.03
2021-01-06,3.37,31.6,21.82,22.37
2021-01-07,5.49,31.28,21.87,19.12
2021-01-08,0.44,31.71,20.79,23.7
2021-01-09,0.02,34.64,21.69,27.61
2021-01-10,2.23,33.93,23.35,18.84
2021-01-11,5.51,28.87,23.62,23.74
2021-01-12,3.92,29.55,22.71,17.35
2021-01-13,8.21,29.58,22.46,18.9
2021-01-14,8.31,29.45,22.11,15.91
2021-01-15,3.52,30.31,20.47,15.72
2021-01-16,6.22,28.43,21.43,19.32
2021-01-17,2.91,28.36,20.93,12.91
2021-01-18,8.66,29.78,20.81,17.92
2021-01-19,4.36,31.1,21.71,21.6
2021-01-20,0.03,32.85,20.43,22.8
2021-01-21,0.07,33.23,20.86,26.89
2021-01-22,0.0,34.16,20.65,26.99
2021-01-23,0.0,32.69,20.44,28.79
2021-01-24,0.01,33.3,21.14,18.74
2021-01-25,4.64,30.76,21.34,16.95
2021-01-26,2.78,33.16,21.05,22.19
2021-01-27,4.67,31.24,21.59,22.17
2021-01-28,2.56,32.81,21.27,26.21
2021-01-29,0.23,34.25,20.58,25.48
2021-01-30,0.0,35.96,20.86,25.9
2021-01-31,0.03,36.16,21.33,22.03
2021-02-01,1.8,32.88,22.26,21.98
2021-02-02,6.24,34.09,21.89,27.02
2021-02-03,8.95,34.78,22.44,22.38
2021-02-04,0.12,32.16,23.29,22.66
2021-02-05,5.87,33.25,22.74,18.09
2021-02-06,0.02,33.4,20.22,24.92
2021-02-07,0.02,33.56,18.56,28.58
2021-02-08,1.68,32.28,18.92,26.29
2021-02-09,1.23,33.27,18.4,27.79
2021-02-10,0.77,34.81,19.83,26.16
2021-02-11,3.45,30.69,21.63,12.12
2021-02-12,9.41,26.47,20.51,12.29
2021-02-13,1.23,30.59,20.84,20.77
2021-02-14,2.92,31.36,19.97,19.99
2021-02-15,3.34,28.92,21.16,20.02
2021-02-16,0.43,33.81,19.94,25.91
2021-02-17,4.01,32.78,21.52,15.67
2021-02-18,0.69,34.11,20.29,25.55
2021-02-19,0.0,35.49,18.77,29.86
2021-02-20,0.01,36.18,17.64,29.78
2021-02-21,0.14,36.86,20.37,27.92
2021-02-22,0.31,36.29,21.31,25.1
2021-02-23,0.03,36.45,22.82,26.34
2021-02-24,3.11,36.72,22.22,25.69
2021-02-25,2.0,35.16,22.26,23.42
2021-02-26,13.53,29.12,22.04,15.9
2021-02-27,5.9,31.37,20.31,21.71
2021-02-28,17.17,28.56,19.76,14.37
2021-03-01,0.98,27.77,18.51,21.16
2021-03-02,6.01,29.78,21.42,18.38
2021-03-03,1.19,29.39,21.21,15.73
2021-03-04,1.33,31.96,20.7,15.73
2021-03-05,3.24,28.9,21.24,14.46
2021-03-06,12.11,25.86,20.6,15.83
2021-03-07,15.36,28.6,19.73,16.82
2021-03-08,1.0,28.14,20.12,18.82
2021-03-09,0.58,29.35,19.26,24.0
2021-03-10,0.4,31.79,18.75,24.16
2021-03-11,0.26,32.01,20.01,22.96
2021-03-12,0.02,34.15,20.43,25.78
2021-03-13,0.0,34.77,20.85,23.75
2021-03-14,1.41,33.33,21.14,18.73
2021-03-15,1.03,32.85,20.89,23.94
2021-03-16,0.34,34.22,21.19,23.96
2021-03-17,2.68,32.07,21.64,22.52
2021-03-18,0.66,32.32,21.11,17.19
2021-03-19,0.62,34.23,20.94,21.62
2021-03-20,5.18,33.42,20.65,21.92
2021-03-21,0.09,34.16,20.85,24.79
2021-03-22,0.0,34.78,19.55,24.77
2021-03-23,0.0,35.77,20.72,21.61
2021-03-24,0.0,36.3,23.07,22.72
2021-03-25,0.03,36.4,22.37,22.97
2021-03-26,0.06,35.53,24.26,21.56
2021-03-27,5.97,33.11,23.24,17.66
2021-03-28,0.13,35.46,21.63,22.0
2021-03-29,0.49,35.95,21.37,21.17
2021-03-30,0.07,35.03,20.98,23.12
2021-03-31,0.03,33.5,20.11,20.62
2021-04-01,0.49,32.62,17.79,18.7
2021-04-02,0.05,33.1,16.72,24.09
2021-04-03,0.35,33.49,16.56,23.64
2021-04-04,0.0,33.32,18.35,20.91
2021-04-05,0.25,33.61,19.33,21.28
2021-04-06,8.25,29.09,20.76,15.59
2021-04-07,0.33,31.63,19.07,19.97
2021-04-08,0.29,32.92,20.38,21.78
2021-04-09,0.01,32.26,18.43,23.43
2021-04-10,0.01,32.87,16.32,23.66
2021-04-11,0.08,32.99,16.84,23.87
2021-04-12,0.0,33.8,16.89,23.79
2021-04-13,0.09,33.71,19.04,20.82
2021-04-14,0.0,32.88,18.17,19.81
2021-04-15,2.8,32.24,17.64,19.56
2021-04-16,3.11,32.3,18.75,18.35
2021-04-17,9.95,29.88,19.44,18.68
2021-04-18,2.87,29.14,18.81,16.95
2021-04-19,0.05,30.3,17.14,19.91
2021-04-20,0.01,30.61,15.96,21.87
2021-04-21,0.01,29.9,14.98,22.16
2021-04-22,1.05,29.85,15.57,22.14
2021-04-23,1.31,30.06,14.51,21.47
2021-04-24,0.0,31.77,14.21,21.68
2021-04-25,0.0,32.04,17.32,18.09
2021-04-26,0.1,32.68,18.91,16.81
2021-04-27,0.01,31.41,17.49,19.67
2021-04-28,0.0,31.79,14.65,20.95
2021-04-29,0.86,29.78,14.88,19.0
2021-04-30,0.19,30.38,15.59,17.96
2021-05-01,0.66,28.12,19.32,15.13
2021-05-02,0.0,31.5,16.38,19.07
2021-05-03,0.0,31.46,14.94,20.15
2021-05-04,0.02,31.98,15.02,20.42
2021-05-05,0.0,32.01,16.14,20.28
2021-05-06,0.01,31.84,16.43,19.53
2021-05-07,0.02,30.44,16.34,15.76
2021-05-08,0.56,30.48,15.23,18.53
2021-05-09,1.01,31.17,15.14,17.75
2021-05-10,0.98,30.89,16.0,16.24
2021-05-11,0.01,31.28,15.95,17.05
2021-05-12,0.02,30.86,17.31,15.17
2021-05-13,2.28,27.73,17.44,13.18
2021-05-14,0.02,29.66,14.79,12.43
2021-05-15,0.01,30.29,15.94,13.17
2021-05-16,0.0,30.32,15.41,17.21
2021-05-17,0.0,30.04,14.97,16.85
2021-05-18,0.0,29.66,15.19,16.59
2021-05-19,0.0,30.43,13.65,17.74
2021-05-20,0.0,31.17,16.01,18.49
2021-05-21,0.01,31.75,16.07,15.01
2021-05-22,2.75,25.4,19.36,6.57
2021-05-23,4.16,26.87,16.99,6.23
2021-05-24,0.0,25.56,14.07,14.18
2021-05-25,0.0,28.36,10.62,16.8
2021-05-26,0.0,31.61,14.97,15.75
2021-05-27,0.0,32.34,16.87,16.28
2021-05-28,0.01,33.21,19.15,12.41
2021-05-29,0.25,32.6,19.59,14.59
2021-05-30,0.45,31.89,20.08,12.98
2021-05-31,0.32,29.8,18.72,12.49
2021-06-01,0.0,30.61,16.52,14.72
2021-06-02,0.41,32.01,16.14,15.07
2021-06-03,0.0,32.41,16.56,17.04
2021-06-04,0.03,32.79,15.9,16.03
2021-06-05,0.0,31.37,16.35,16.02
2021-06-06,0.0,29.85,17.63,15.13
2021-06-07,0.33,30.96,17.59,14.83
2021-06-08,0.14,30.68,16.6,12.7
2021-06-09,2.08,31.76,16.32,11.49
2021-06-10,4.98,30.8,17.39,7.39
2021-06-11,2.77,25.26,17.45,8.23
2021-06-12,0.02,27.0,15.69,14.26
2021-06-13,0.04,27.07,11.46,17.44
2021-06-14,0.01,29.17,11.35,15.97
2021-06-15,0.0,29.34,13.32,17.18
2021-06-16,0.01,27.49,11.8,17.48
2021-06-17,0.2,27.25,11.51,14.56
2021-06-18,0.14,29.59,12.88,15.78
2021-06-19,0.0,30.64,14.36,16.06
2021-06-20,0.0,27.09,16.64,15.51
2021-06-21,0.01,29.39,13.8,15.28
2021-06-22,0.07,30.3,18.29,13.96
2021-06-23,0.0,28.4,14.87,16.11
2021-06-24,0.0,31.11,14.1,16.5
2021-06-25,0.0,32.67,17.5,15.71
2021-06-26,0.01,31.88,16.85,16.54
2021-06-27,0.0,30.07,16.0,17.13
2021-06-28,0.0,29.02,12.79,16.05
2021-06-29,0.0,20.68,9.82,11.93
2021-06-30,0.0,19.99,7.02,14.68
2021-07-01,0.0,26.02,4.34,17.5
2021-07-02,0.86,28.74,9.89,17.38
2021-07-03,0.0,28.97,11.9,17.63
2021-07-04,0.37,28.33,11.47,16.85
2021-07-05,0.09,27.79,11.23,16.47
2021-07-06,0.01,27.5,11.72,17.47
2021-07-07,0.96,27.2,11.25,17.51
2021-07-08,0.01,27.37,10.46,17.81
2021-07-09,0.0,28.55,10.19,17.79
2021-07-10,0.0,29.2,11.58,17.61
2021-07-11,0.0,29.34,12.45,17.73
2021-07-12,0.0,30.0,12.59,17.6
2021-07-13,0.0,30.1,13.03,17.94
2021-07-14,0.07,30.05,13.5,17.74
2021-07-15,0.0,31.41,14.57,17.97
2021-07-16,0.29,32.68,15.83,17.71
2021-07-17,0.4,31.84,15.03,16.75
2021-07-18,0.04,27.72,13.2,12.31
2021-07-19,0.01,22.7,6.36,19.32
2021-07-20,0.0,25.4,6.27,16.68
2021-07-21,0.02,27.9,8.59,18.18
2021-07-22,0.0,31.96,10.84,18.48
2021-07-23,0.0,30.78,13.33,18.5
2021-07-24,0.0,30.08,13.25,18.92
2021-07-25,0.0,30.17,12.95,18.97
2021-07-26,0.0,31.63,13.24,18.88
2021-07-27,0.0,32.62,15.13,18.01
2021-07-28,1.33,21.47,11.68,6.73
2021-07-29,0.0,19.35,5.61,19.48
2021-07-30,0.1,21.58,3.85,19.17
2021-07-31,0.01,28.31,6.82,18.78
2021-08-01,0.0,29.27,11.65,18.5
2021-08-02,0.0,29.8,12.55,18.78
2021-08-03,0.0,27.74,12.04,19.31
2021-08-04,0.0,28.75,10.72,17.32
2021-08-05,1.0,28.52,15.25,12.29
2021-08-06,0.01,27.06,15.37,14.34
2021-08-07,0.04,29.83,18.2,16.55
2021-08-08,0.0,30.21,16.3,19.36
2021-08-09,0.0,31.11,14.37,19.76
2021-08-10,0.0,32.19,14.56,20.48
2021-08-11,0.0,33.6,19.08,20.26
2021-08-12,0.0,32.45,14.44,19.0
2021-08-13,0.0,33.13,14.64,19.43
2021-08-14,0.06,33.54,15.43,19.21
2021-08-15,0.06,34.06,15.84,18.41
2021-08-16,0.17,34.94,19.45,18.98
2021-08-17,0.82,35.67,19.3,19.15
2021-08-18,0.0,35.71,18.87,20.38
2021-08-19,0.3,34.62,18.53,21.1
2021-08-20,0.0,33.26,17.7,21.62
2021-08-21,0.0,33.22,17.05,21.57
2021-08-22,0.0,33.5,16.7,21.82
2021-08-23,0.0,35.14,18.61,19.09
2021-08-24,0.0,36.29,19.62,20.61
2021-08-25,0.0,36.61,19.61,19.7
2021-08-26,0.0,36.13,19.68,18.96
2021-08-27,2.26,33.49,19.5,15.48
2021-08-28,0.32,31.29,18.38,9.17
2021-08-29,0.64,31.01,17.23,9.6
2021-08-30,0.03,31.29,17.21,17.76
2021-08-31,0.0,32.13,17.87,22.54
2021-09-01,0.01,31.85,17.34,22.85
2021-09-02,0.02,32.87,17.48,21.36
2021-09-03,0.0,34.75,17.99,23.58
2021-09-04,0.0,36.07,18.34,23.43
2021-09-05,0.06,37.74,18.87,20.98
2021-09-06,0.0,38.38,19.43,21.76
2021-09-07,0.0,38.4,20.14,20.04
2021-09-08,0.05,39.73,21.31,19.17
2021-09-09,1.61,35.71,22.52,10.69
2021-09-10,0.01,33.0,19.42,14.93
2021-09-11,1.3,30.53,20.36,11.45
2021-09-12,0.0,38.38,19.93,21.96
2021-09-13,0.04,39.52,22.19,20.51
2021-09-14,0.12,38.86,21.3,15.13
2021-09-15,0.67,38.29,23.28,16.29
2021-09-16,0.03,38.23,22.83,15.84
2021-09-17,0.02,36.33,22.3,20.69
2021-09-18,0.12,38.69,22.96,22.82
2021-09-19,0.0,38.95,22.38,23.17
2021-09-20,0.0,39.97,26.61,20.86
2021-09-21,0.0,42.08,25.73,19.21
2021-09-22,0.0,32.17,17.96,21.54
2021-09-23,0.0,33.1,16.3,23.89
2021-09-24,0.0,37.01,18.14,23.39
2021-09-25,0.01,36.11,20.46,18.62
2021-09-26,16.42,37.37,20.57,19.19
2021-09-27,0.15,35.3,20.92,19.45
2021-09-28,0.04,36.73,20.76,23.88
2021-09-29,0.01,37.34,24.44,16.84
2021-09-30,0.1,37.05,21.02,24.31
2021-10-01,13.84,36.75,21.35,18.83
2021-10-02,0.64,34.53,21.99,14.21
2021-10-03,0.39,36.51,21.46,22.87
2021-10-04,9.43,32.88,22.93,19.95
2021-10-05,1.19,34.53,21.83,22.63
2021-10-06,3.49,36.15,20.08,22.64
2021-10-07,7.74,34.21,23.76,7.59
2021-10-08,0.03,35.16,19.09,25.25
2021-10-09,9.35,35.53,20.58,22.88
2021-10-10,24.02,29.83,20.11,5.61
2021-10-11,2.5,29.53,18.66,17.14
2021-10-12,0.73,32.65,17.66,24.6
2021-10-13,0.08,34.12,18.01,26.72
2021-10-14,7.45,33.26,20.88,7.39
2021-10-15,17.61,30.57,22.89,21.82
2021-10-16,9.88,30.52,22.1,21.25
2021-10-17,1.38,31.64,21.48,23.3
2021-10-18,5.54,30.54,19.56,18.52
2021-10-19,3.61,30.32,17.31,16.13
2021-10-20,1.53,29.25,15.59,25.56
2021-10-21,0.0,29.94,14.08,27.88
2021-10-22,0.0,32.2,14.46,29.74
2021-10-23,9.93,35.43,16.22,28.26
2021-10-24,14.94,27.95,18.31,8.34
2021-10-25,0.37,29.79,16.57,25.33
2021-10-26,2.72,30.19,19.93,21.69
2021-10-27,1.47,27.19,20.47,13.42
2021-10-28,0.72,26.11,20.39,17.56
2021-10-29,0.3,32.42,19.43,25.88
2021-10-30,29.23,31.13,19.51,24.6
2021-10-31,13.89,27.92,20.13,10.69
2021-11-01,0.11,29.45,17.65,21.07
2021-11-02,0.03,30.53,17.64,26.92
2021-11-03,0.01,31.85,17.83,27.84
2021-11-04,0.01,33.24,19.31,28.81
2021-11-05,1.01,33.98,19.35,27.71
2021-11-06,0.05,34.71,20.5,25.91
2021-11-07,0.0,35.57,20.43,28.03
2021-11-08,0.12,36.1,19.49,26.38
2021-11-09,5.98,34.59,20.37,26.93
2021-11-10,7.48,33.52,19.36,23.17
2021-11-11,14.07,28.29,19.28,14.17
2021-11-12,1.34,30.14,17.19,15.62
2021-11-13,0.0,29.68,16.39,29.46
2021-11-14,0.01,31.23,16.6,25.93
2021-11-15,0.0,32.02,18.42,26.91
2021-11-16,0.0,31.8,20.57,27.61
2021-11-17,0.08,32.94,21.48,22.13
2021-11-18,22.39,25.96,21.51,14.73
2021-11-19,23.26,27.66,21.48,18.15
2021-11-20,5.97,30.46,18.13,19.67
2021-11-21,0.05,30.96,16.1,30.45
2021-11-22,2.27,32.57,15.65,31.37
2021-11-23,0.0,34.7,17.33,31.74
2021-11-24,0.06,34.98,19.83,24.59
2021-11-25,8.15,34.54,19.76,25.11
2021-11-26,23.32,28.29,21.52,19.37
2021-11-27,6.56,30.33,21.43,29.12
2021-11-28,0.05,32.4,19.27,27.61
2021-11-29,0.69,30.6,21.02,15.27
2021-11-30,12.53,25.4,20.82,13.75
2021-12-01,0.29,31.73,19.87,26.54
2021-12-02,0.05,33.27,20.45,25.47
2021-12-03,0.29,32.99,18.52,27.83
2021-12-04,2.25,32.21,19.19,27.3
2021-12-05,6.52,31.28,21.52,18.83
2021-12-06,3.6,31.66,21.8,27.26
2021-12-07,5.65,28.81,18.18,25.66
2021-12-08,0.44,28.66,16.46,27.82
2021-12-09,0.0,31.2,15.24,31.66
2021-12-10,0.02,32.74,15.25,32.11
2021-12-11,0.0,33.64,16.29,31.35
2021-12-12,2.69,34.3,21.56,23.21
2021-12-13,13.53,27.98,22.6,20.09
2021-12-14,29.89,27.56,21.82,13.49
2021-12-15,21.29,28.17,21.73,6.5
2021-12-16,9.8,28.96,21.48,15.58
2021-12-17,9.11,28.4,21.44,21.99
2021-12-18,14.11,29.79,21.06,19.96
2021-12-19,0.08,29.48,17.89,25.38
2021-12-20,0.57,30.51,17.53,30.05
2021-12-21,0.42,30.6,19.2,29.1
2021-12-22,0.25,31.1,20.5,27.63
2021-12-23,2.98,29.35,21.65,17.89
2021-12-24,0.0,29.89,15.7,30.95
2021-12-25,0.01,31.01,16.14,30.58
2021-12-26,0.03,32.32,20.39,30.48
2021-12-27,0.2,33.07,20.33,28.81
2021-12-28,4.61,33.31,20.59,20.83
2021-12-29,9.02,28.58,21.0,15.06
2021-12-30,12.15,28.18,19.94,16.75
2021-12-31,4.77,29.26,18.3,22.66
2022-01-01,13.36,28.95,20.94,16.41
2022-01-02,4.26,29.11,20.69,14.92
2022-01-03,17.61,27.24,20.57,24.69
2022-01-04,19.43,29.12,21.14,17.98
2022-01-05,12.15,27.9,21.03,18.69
2022-01-06,12.94,27.9,21.41,17.76
2022-01-07,14.65,26.54,19.64,18.11
2022-01-08,1.29,28.78,18.13,22.42
2022-01-09,0.03,28.54,17.63,19.92
2022-01-10,2.49,28.67,16.55,15.81
2022-01-11,2.16,26.1,19.94,22.25
2022-01-12,3.3,25.23,19.18,20.95
2022-01-13,0.22,28.71,19.92,23.16
2022-01-14,0.89,30.14,19.97,26.95
2022-01-15,5.08,30.01,21.06,27.25
2022-01-16,7.53,26.35,19.16,12.55
2022-01-17,0.52,30.08,18.82,24.54
2022-01-18,13.45,28.59,20.62,20.92
2022-01-19,4.3,29.33,19.86,22.2
2022-01-20,0.68,29.77,20.22,26.99
2022-01-21,0.09,31.1,21.45,27.92
2022-01-22,0.17,32.1,21.21,25.66
2022-01-23,4.86,31.61,23.08,25.43
2022-01-24,3.28,31.2,22.39,26.74
2022-01-25,3.28,29.7,22.59,24.59
2022-01-26,1.39,29.87,22.19,24.05
2022-01-27,4.19,30.74,21.64,24.14
2022-01-28,10.77,29.46,21.22,22.35
2022-01-29,32.26,25.77,21.2,12.85
2022-01-30,59.0,25.68,20.44,15.11
2022-01-31,41.7,25.58,20.86,15.95
2022-02-01,16.31,26.22,20.28,8.08
2022-02-02,9.65,26.83,20.03,11.49
2022-02-03,14.93,26.54,20.69,18.26
2022-02-04,0.57,28.61,19.85,25.56
2022-02-05,2.91,28.81,21.19,24.86
2022-02-06,18.4,27.93,20.61,15.66
2022-02-07,13.7,27.43,21.35,13.6
2022-02-08,3.81,28.69,18.82,24.67
2022-02-09,0.28,28.64,17.9,27.73
2022-02-10,0.16,28.72,17.05,25.32
2022-02-11,2.93,27.51,20.57,21.01
2022-02-12,0.24,29.11,20.0,25.93
2022-02-13,0.08,29.38,19.23,25.96
2022-02-14,0.0,30.5,18.98,27.23
2022-02-15,1.1,30.51,21.18,27.3
2022-02-16,3.51,29.83,20.57,26.37
2022-02-17,7.27,28.5,19.46,25.9
2022-02-18,1.32,26.56,20.07,13.3
2022-02-19,3.53,28.45,18.78,24.17
2022-02-20,1.23,28.27,19.28,24.71
2022-02-21,0.29,28.75,19.56,24.85
2022-02-22,0.95,30.24,21.15,25.06
2022-02-23,1.67,29.92,20.71,26.94
2022-02-24,0.88,29.88,21.2,24.93
2022-02-25,8.56,30.76,21.94,21.92
2022-02-26,8.57,29.93,21.11,23.5
2022-02-27,0.49,30.01,21.06,24.21
2022-02-28,0.0,31.0,20.63,26.35
2022-03-01,0.11,30.86,20.94,23.45
2022-03-02,1.39,30.44,20.82,18.52
2022-03-03,1.62,30.02,20.16,24.98
2022-03-04,6.09,29.5,20.7,24.62
2022-03-05,3.46,29.35,20.08,25.48
2022-03-06,2.0,30.31,20.53,25.61
2022-03-07,0.0,31.18,19.51,25.59
2022-03-08,0.37,31.11,20.63,24.86
2022-03-09,0.59,28.16,21.85,17.93
2022-03-10,0.91,31.97,19.86,22.79
2022-03-11,5.65,29.8,21.12,23.52
2022-03-12,5.71,30.44,20.95,20.78
2022-03-13,8.16,25.78,21.16,17.21
2022-03-14,3.05,28.04,20.33,18.97
2022-03-15,4.7,29.31,21.25,15.68
2022-03-16,3.98,29.18,21.31,19.11
2022-03-17,2.97,30.34,21.14,22.79
2022-03-18,0.66,31.64,21.14,23.1
2022-03-19,0.53,31.35,22.55,17.43
2022-03-20,3.62,29.34,20.46,18.27
2022-03-21,0.71,29.38,18.98,17.3
2022-03-22,0.01,30.52,18.02,24.25
2022-03-23,0.0,31.22,18.94,23.9
2022-03-24,0.01,32.27,20.01,23.85
2022-03-25,7.91,32.39,22.13,17.78
2022-03-26,16.9,28.24,21.77,19.09
2022-03-27,1.2,28.53,21.33,14.29
2022-03-28,2.52,29.72,20.55,17.39
2022-03-29,0.2,31.27,20.22,23.81
2022-03-30,1.39,31.32,20.48,22.55
2022-03-31,0.96,31.6,20.17,18.84
2022-04-01,4.67,27.17,18.1,13.96
2022-04-02,0.08,31.03,17.41,22.03
2022-04-03,0.1,31.99,18.34,21.2
2022-04-04,1.04,32.04,20.7,20.32
2022-04-05,1.53,32.41,20.9,20.29
2022-04-06,0.11,32.56,20.78,21.86
2022-04-07,0.01,33.47,19.74,21.31
2022-04-08,1.69,33.91,20.18,15.94
2022-04-09,0.95,27.42,22.41,17.54
2022-04-10,0.12,31.43,20.38,20.17
2022-04-11,8.37,32.03,19.38,20.78
2022-04-12,4.21,30.0,20.77,17.48
2022-04-13,3.75,30.56,20.88,13.3
2022-04-14,2.03,29.37,20.17,15.59
2022-04-15,0.02,27.96,15.99,21.86
2022-04-16,0.01,27.23,11.12,23.38
2022-04-17,0.0,28.76,13.47,22.65
2022-04-18,0.01,30.59,13.85,20.59
2022-04-19,0.0,31.4,16.25,18.96
2022-04-20,0.0,31.2,17.06,19.44
2022-04-21,0.0,31.21,16.19,19.74
2022-04-22,0.02,32.41,17.28,18.28
2022-04-23,0.02,31.43,18.76,13.49
2022-04-24,0.0,33.0,18.8,19.82
2022-04-25,0.0,33.57,18.18,19.36
2022-04-26,0.01,33.15,19.44,18.25
2022-04-27,0.44,33.04,18.84,19.05
2022-04-28,0.02,32.78,18.46,19.98
2022-04-29,0.0,33.47,17.47,19.28
2022-04-30,0.25,32.16,18.28,18.42
2022-05-01,0.06,31.76,17.89,17.41
2022-05-02,0.0,32.96,18.23,17.55
2022-05-03,0.0,32.85,18.95,19.06
2022-05-04,5.79,21.76,13.15,10.95
2022-05-05,0.0,25.68,10.34,19.13
2022-05-06,0.04,28.64,11.76,20.23
2022-05-07,0.0,30.14,12.04,19.31
2022-05-08,0.01,31.18,13.35,17.68
2022-05-09,0.02,31.06,16.46,16.83
2022-05-10,3.63,30.55,15.44,17.25
2022-05-11,0.31,28.88,16.69,8.06
2022-05-12,0.03,29.11,17.47,14.38
2022-05-13,0.0,30.25,14.73,18.63
2022-05-14,0.01,31.61,13.98,16.09
2022-05-15,13.74,28.05,18.46,10.21
2022-05-16,1.03,24.89,15.61,10.31
2022-05-17,0.0,19.97,9.35,19.02
2022-05-18,0.0,17.49,5.34,18.87
2022-05-19,0.0,20.44,6.73,17.66
2022-05-20,0.0,22.12,6.49,19.01
2022-05-21,0.0,24.7,6.66,17.61
2022-05-22,0.01,26.76,8.96,18.27
2022-05-23,0.0,27.91,11.11,17.46
2022-05-24,0.01,29.17,12.55,17.63
2022-05-25,0.0,28.13,12.63,17.98
2022-05-26,0.0,28.45,12.45,17.28
2022-05-27,0.0,27.79,13.32,15.82
2022-05-28,0.0,28.63,15.96,16.3
2022-05-29,0.0,30.7,14.16,17.03
2022-05-30,0.91,31.64,16.64,15.5
2022-05-31,4.28,27.96,18.36,13.28
2022-06-01,0.0,31.73,18.3,14.8
2022-06-02,0.04,30.91,17.94,16.33
2022-06-03,0.03,29.33,17.8,13.53
2022-06-04,0.0,29.56,15.23,16.54
2022-06-05,0.0,30.7,14.08,16.17
2022-06-06,0.0,30.02,14.8,16.67
2022-06-07,0.24,30.85,15.04,16.22
2022-06-08,4.35,28.04,17.88,7.25
2022-06-09,0.56,28.74,17.29,7.25
2022-06-10,1.27,25.82,17.99,8.46
2022-06-11,0.14,25.35,15.84,8.85
2022-06-12,0.0,24.89,10.52,11.27
2022-06-13,0.0,21.56,8.76,16.87
2022-06-14,0.0,28.24,9.02,10.59
2022-06-15,0.01,29.35,13.9,14.14
2022-06-16,0.0,30.95,14.33,16.49
2022-06-17,0.0,31.34,13.57,16.67
2022-06-18,7.82,24.98,15.54,7.0
2022-06-19,0.1,27.99,12.23,12.87
2022-06-20,0.14,29.67,15.04,15.34
2022-06-21,0.01,31.09,15.6,16.2
2022-06-22,0.0,30.7,15.89,16.36
2022-06-23,0.01,30.5,14.57,16.78
2022-06-24,0.01,30.32,13.19,16.61
2022-06-25,0.0,29.93,13.72,16.58
2022-06-26,0.0,28.09,14.48,16.09
2022-06-27,0.01,29.05,12.79,14.35
2022-06-28,0.0,29.41,13.57,16.15
2022-06-29,0.0,29.09,14.4,16.0
2022-06-30,0.11,28.72,12.99,16.5
2022-07-01,0.11,30.1,12.47,16.42
2022-07-02,0.02,31.65,14.84,16.7
2022-07-03,0.01,31.64,15.51,16.92
2022-07-04,0.0,30.91,13.53,17.18
2022-07-05,0.0,29.9,12.96,17.26
2022-07-06,0.0,29.82,13.21,17.02
2022-07-07,0.0,30.47,14.22,16.87
2022-07-08,0.08,30.57,14.19,14.74
2022-07-09,0.0,30.26,14.48,16.8
2022-07-10,0.0,29.87,14.81,16.17
2022-07-11,0.0,29.7,15.1,17.0
2022-07-12,0.0,30.02,14.44,13.18
2022-07-13,0.0,31.54,15.35,16.04
2022-07-14,0.0,30.69,16.1,15.68
2022-07-15,0.0,31.85,16.93,15.67
2022-07-16,0.0,32.21,17.01,14.95
2022-07-17,0.0,33.42,18.35,16.79
2022-07-18,0.0,33.84,18.13,16.83
2022-07-19,0.0,32.01,14.29,17.49
2022-07-20,0.0,32.15,15.56,17.41
2022-07-21,0.0,31.5,16.83,17.48
2022-07-22,0.01,31.04,14.86,17.34
2022-07-23,0.0,31.43,14.68,17.91
2022-07-24,0.0,32.05,14.61,17.59
2022-07-25,0.0,32.09,15.21,18.05
2022-07-26,0.0,32.07,14.77,18.21
2022-07-27,0.0,31.8,14.54,18.3
2022-07-28,0.0,32.07,14.62,18.29
2022-07-29,0.21,31.67,17.48,17.22
2022-07-30,0.0,29.47,13.25,18.45
2022-07-31,0.0,31.11,12.99,17.38
2022-08-01,0.0,31.2,15.83,17.07
2022-08-02,0.0,33.28,18.13,16.1
2022-08-03,0.0,32.48,16.28,17.1
2022-08-04,0.0,31.89,18.89,15.25
2022-08-05,0.0,33.94,17.72,17.67
2022-08-06,0.0,31.7,19.95,17.0
2022-08-07,1.65,32.88,18.4,13.62
2022-08-08,2.54,29.41,19.31,6.94
2022-08-09,6.77,28.3,17.98,8.02
2022-08-10,3.29,20.24,10.41,18.04
2022-08-11,0.0,23.87,8.02,19.53
2022-08-12,0.02,28.07,10.52,20.74
2022-08-13,0.0,31.1,11.28,20.39
2022-08-14,0.0,32.02,13.65,20.32
2022-08-15,0.0,32.21,15.06,20.52
2022-08-16,0.01,32.96,17.31,17.64
2022-08-17,0.06,32.63,19.57,8.75
2022-08-18,0.01,33.96,18.18,12.5
2022-08-19,0.03,24.09,11.8,14.64
2022-08-20,0.89,27.31,10.82,13.63
2022-08-21,0.32,27.51,14.73,12.92
2022-08-22,0.0,30.45,14.64,20.64
2022-08-23,0.0,31.25,14.18,20.74
2022-08-24,0.0,30.19,15.66,15.72
2022-08-25,0.0,30.05,19.34,16.16
2022-08-26,0.0,31.86,17.3,18.28
2022-08-27,0.0,33.39,18.88,21.75
2022-08-28,0.0,34.83,17.12,20.98
2022-08-29,0.06,28.59,13.93,17.78
2022-08-30,0.02,28.07,11.69,14.12
2022-08-31,0.51,30.94,15.49,20.64
2022-09-01,0.04,32.22,14.72,22.43
2022-09-02,0.0,34.03,14.76,22.75
2022-09-03,0.0,36.12,17.7,20.83
2022-09-04,0.01,31.91,15.25,13.75
2022-09-05,0.12,32.61,14.91,16.49
2022-09-06,11.1,31.84,18.28,17.29
2022-09-07,0.34,33.32,18.5,17.95
2022-09-08,0.0,35.26,19.98,19.93
2022-09-09,0.0,36.52,19.89,20.55
2022-09-10,0.02,36.92,20.34,21.67
2022-09-11,0.01,34.98,19.16,19.38
2022-09-12,0.02,36.95,17.91,18.77
2022-09-13,0.02,37.42,21.61,21.38
2022-09-14,4.91,33.59,22.14,15.16
2022-09-15,0.95,29.92,18.9,14.79
2022-09-16,0.32,29.92,15.98,15.9
2022-09-17,0.24,30.53,13.2,24.73
2022-09-18,0.14,33.54,13.76,24.44
2022-09-19,0.0,37.49,15.87,22.43
2022-09-20,2.64,32.85,20.55,11.24
2022-09-21,1.43,34.7,20.17,12.33
2022-09-22,16.87,28.23,18.46,4.53
2022-09-23,0.0,27.98,13.91,23.52
2022-09-24,0.25,31.75,11.99,24.87
2022-09-25,0.12,35.43,14.13,22.86
2022-09-26,11.06,30.22,21.56,17.34
2022-09-27,10.03,29.85,20.55,6.34
2022-09-28,3.91,26.92,17.38,4.13
2022-09-29,0.11,30.49,15.01,18.38
2022-09-30,0.92,31.46,16.69,19.08
2022-10-01,0.03,32.76,19.63,23.57
2022-10-02,0.0,35.04,18.88,24.89
2022-10-03,0.86,33.54,18.79,22.11
2022-10-04,0.97,32.18,19.93,17.14
2022-10-05,0.27,35.55,19.74,23.14
2022-10-06,5.07,36.22,21.09,16.59
2022-10-07,20.41,28.06,19.48,12.43
2022-10-08,0.0,31.39,17.03,19.17
2022-10-09,4.52,30.94,20.56,9.38
2022-10-10,3.66,27.1,20.07,9.68
2022-10-11,0.23,34.44,19.19,13.35
2022-10-12,0.06,31.92,20.64,11.28
2022-10-13,0.0,35.46,19.48,23.35
2022-10-14,0.03,36.46,20.04,27.08
2022-10-15,1.29,34.93,18.66,25.58
2022-10-16,0.0,34.26,20.72,24.85
2022-10-17,0.02,35.97,20.41,20.76
2022-10-18,0.92,35.37,21.62,19.31
2022-10-19,0.25,33.55,21.58,13.3
2022-10-20,1.03,36.91,20.49,22.15
2022-10-21,14.83,31.27,21.82,11.12
2022-10-22,0.02,33.72,21.4,22.69
2022-10-23,0.0,34.93,17.61,26.12
2022-10-24,0.01,35.8,18.06,27.55
2022-10-25,0.11,35.72,18.73,28.23
2022-10-26,1.26,35.88,17.43,27.67
2022-10-27,1.4,36.99,22.18,18.51
2022-10-28,0.13,34.48,21.64,25.55
2022-10-29,6.79,34.22,21.81,26.08
2022-10-30,0.88,32.83,21.81,22.6
2022-10-31,2.34,34.66,22.61,17.08
2022-11-01,9.94,29.4,17.34,11.65
2022-11-02,0.22,25.56,14.89,16.24
2022-11-03,0.69,23.91,13.71,17.2
2022-11-04,0.0,28.54,13.42,27.94
2022-11-05,0.0,30.22,12.65,26.49
2022-11-06,0.02,29.99,16.29,25.61
2022-11-07,0.0,31.75,15.67,27.03
2022-11-08,0.04,32.41,14.29,24.93
2022-11-09,0.09,34.45,17.16,26.33
2022-11-10,0.0,36.71,19.11,26.77
2022-11-11,0.62,36.8,20.9,11.14
2022-11-12,0.56,34.5,21.92,24.22
2022-11-13,1.23,33.75,20.36,22.47
2022-11-14,0.12,35.0,22.74,26.04
2022-11-15,0.03,34.73,22.08,22.79
2022-11-16,0.0,36.19,18.22,30.87
2022-11-17,0.0,36.06,19.46,29.25
2022-11-18,3.78,34.53,18.32,25.79
2022-11-19,6.28,33.44,19.96,26.53
2022-11-20,5.83,33.27,19.81,29.09
2022-11-21,0.68,31.97,21.67,20.75
2022-11-22,5.98,30.6,22.44,19.38
2022-11-23,9.88,30.48,20.25,24.6
2022-11-24,3.41,32.65,21.76,21.63
2022-11-25,3.1,31.64,18.72,28.88
2022-11-26,0.0,33.3,16.64,29.49
2022-11-27,0.07,34.62,17.89,26.58
2022-11-28,3.81,32.77,19.43,21.42
2022-11-29,14.59,30.09,18.94,17.96
2022-11-30,3.74,32.71,18.91,27.23
2022-12-01,1.15,33.45,22.05,24.19
2022-12-02,3.51,30.9,22.21,21.62
2022-12-03,22.45,27.14,21.55,20.43
2022-12-04,16.39,26.17,20.8,6.07
2022-12-05,11.59,27.7,20.74,17.93
2022-12-06,15.68,29.47,20.65,17.95
2022-12-07,5.6,30.01,20.48,19.01
2022-12-08,1.1,32.34,21.32,28.02
2022-12-09,0.0,34.27,21.25,28.5
2022-12-10,0.06,35.12,21.56,23.4
2022-12-11,0.06,33.67,22.25,27.26
2022-12-12,5.99,29.05,22.55,15.62
2022-12-13,15.1,27.01,22.0,8.49
2022-12-14,0.73,30.16,17.05,24.21
2022-12-15,0.0,31.73,17.18,28.35
2022-12-16,0.26,32.67,20.45,21.58
2022-12-17,0.09,33.65,19.46,25.82
2022-12-18,25.01,31.64,18.68,24.31
2022-12-19,11.45,28.52,20.36,18.93
2022-12-20,3.74,29.63,19.91,22.1
2022-12-21,0.04,29.32,17.49,26.5
2022-12-22,0.06,29.44,16.97,27.81
2022-12-23,0.53,30.5,17.41,29.71
2022-12-24,0.24,32.01,19.9,26.61
2022-12-25,9.03,26.84,20.44,23.4
2022-12-26,11.73,28.08,21.1,17.17
2022-12-27,4.3,28.84,20.32,16.87
2022-12-28,45.17,28.86,21.34,22.65
2022-12-29,7.03,26.2,21.23,17.38
2022-12-30,4.76,29.48,19.22,20.17
2022-12-31,6.08,29.53,20.86,20.43
2023-01-01,0.84,29.63,20.79,26.11
2023-01-02,3.13,29.84,20.76,22.16
2023-01-03,21.77,26.58,20.8,17.9
2023-01-04,14.56,25.21,21.26,13.17
2023-01-05,12.09,26.2,19.68,14.05
2023-01-06,7.6,28.12,16.79,10.68
2023-01-07,13.33,24.46,16.78,13.98
2023-01-08,11.32,27.55,17.23,10.56
2023-01-09,12.79,26.52,20.5,15.66
2023-01-10,16.68,25.71,20.25,19.06
2023-01-11,17.48,25.89,19.98,21.05
2023-01-12,6.1,27.9,20.28,21.57
2023-01-13,5.5,27.46,20.1,20.62
2023-01-14,4.35,28.64,20.6,23.37
2023-01-15,0.09,28.15,21.47,27.28
2023-01-16,8.63,27.82,21.19,20.49
2023-01-17,4.32,29.45,21.23,27.7
2023-01-18,8.13,27.36,20.58,25.57
2023-01-19,9.38,28.46,19.7,23.37
2023-01-20,6.42,26.44,19.86,17.24
2023-01-21,9.73,26.99,20.34,15.73
2023-01-22,7.17,26.54,20.54,24.02
2023-01-23,6.45,27.39,19.7,19.12
2023-01-24,2.23,28.26,19.96,22.12
2023-01-25,0.46,30.02,19.77,27.49
2023-01-26,0.11,30.49,19.7,27.93
2023-01-27,1.5,29.87,19.39,26.31
2023-01-28,3.69,28.3,21.04,21.41
2023-01-29,8.06,27.71,21.33,20.26
2023-01-30,12.92,26.27,21.14,19.71
2023-01-31,10.12,27.5,20.48,22.51
2023-02-01,3.2,28.52,20.39,21.01
2023-02-02,9.2,26.1,21.0,16.04
2023-02-03,11.02,28.77,20.78,20.9
2023-02-04,11.27,28.3,20.93,23.93
2023-02-05,6.67,26.28,21.01,15.77
2023-02-06,7.4,28.52,20.38,23.34
2023-02-07,2.74,27.7,20.43,21.73
2023-02-08,2.61,27.32,19.65,22.57
2023-02-09,6.88,29.83,18.61,23.93
2023-02-10,5.12,27.68,21.65,23.18
2023-02-11,14.83,26.02,20.61,20.42
2023-02-12,12.69,27.58,20.56,18.11
2023-02-13,8.92,26.35,19.84,23.75
2023-02-14,0.39,29.53,20.2,20.66
2023-02-15,7.1,29.45,21.36,23.18
2023-02-16,5.41,27.79,21.62,23.63
2023-02-17,1.94,29.15,21.04,19.23
2023-02-18,4.98,26.21,21.69,19.24
2023-02-19,2.5,28.53,19.13,17.81
2023-02-20,9.64,28.64,18.23,21.39
2023-02-21,1.57,27.15,20.33,11.49
2023-02-22,0.28,28.6,19.33,24.77
2023-02-23,4.13,27.93,20.41,21.04
2023-02-24,0.64,27.87,19.65,18.91
2023-02-25,0.55,28.19,19.8,25.21
2023-02-26,1.38,28.33,21.48,16.27
2023-02-27,0.73,29.06,20.76,24.76
2023-02-28,0.81,27.54,21.06,26.3
2023-03-01,0.51,28.52,20.6,23.85
2023-03-02,0.09,28.34,21.14,24.33
2023-03-03,1.92,29.99,20.34,23.97
2023-03-04,7.58,29.92,20.62,20.3
2023-03-05,4.31,29.04,20.95,21.38
2023-03-06,3.98,29.3,20.47,22.86
2023-03-07,4.86,29.11,20.95,16.77
2023-03-08,2.55,28.44,19.62,23.05
2023-03-09,3.25,25.74,21.15,22.9
2023-03-10,24.96,25.8,19.95,14.99
2023-03-11,9.74,26.35,19.32,13.21
2023-03-12,3.15,27.4,20.05,18.49
2023-03-13,6.7,26.97,20.71,16.67
2023-03-14,8.23,26.68,20.39,17.36
2023-03-15,11.94,26.72,20.39,16.64
2023-03-16,4.27,26.57,20.19,16.26
2023-03-17,3.94,27.82,20.09,13.81
2023-03-18,1.15,27.98,19.47,15.08
2023-03-19,5.9,26.81,20.25,12.75
2023-03-20,4.63,28.18,20.23,19.87
2023-03-21,2.55,28.8,19.07,23.88
2023-03-22,0.43,29.83,19.09,23.35
2023-03-23,0.13,29.63,19.98,24.22
2023-03-24,0.02,30.05,20.49,23.01
2023-03-25,0.03,29.88,19.86,23.75
2023-03-26,0.27,30.92,21.11,21.9
2023-03-27,3.1,30.4,21.46,21.61
2023-03-28,0.65,29.04,20.41,20.95
2023-03-29,10.27,27.96,20.59,20.78
2023-03-30,3.23,27.77,20.69,21.51
2023-03-31,0.87,28.56,20.68,20.76
2023-04-01,0.06,29.95,20.43,22.33
2023-04-02,0.0,29.24,18.54,23.49
2023-04-03,1.09,29.08,17.25,22.96
2023-04-04,1.98,27.84,18.25,22.25
2023-04-05,0.57,28.71,18.45,17.83
2023-04-06,2.32,28.79,17.6,20.15
2023-04-07,3.19,25.93,19.99,13.14
2023-04-08,9.1,27.82,19.23,10.28
2023-04-09,0.85,26.7,18.98,14.72
2023-04-10,0.05,27.91,17.99,20.79
2023-04-11,4.87,27.98,17.03,19.68
2023-04-12,7.31,26.35,19.6,14.13
2023-04-13,7.85,27.8,19.47,18.25
2023-04-14,8.19,26.09,19.75,9.34
2023-04-15,0.9,28.01,18.85,18.09
2023-04-16,0.0,28.66,17.81,20.47
2023-04-17,0.14,29.34,18.02,17.63
2023-04-18,4.51,28.24,20.94,12.21
2023-04-19,8.2,25.38,15.49,16.61
2023-04-20,0.0,24.17,12.71,21.3
2023-04-21,0.0,25.31,11.69,21.84
2023-04-22,0.07,26.71,15.19,18.83
2023-04-23,0.04,27.0,16.11,20.0
2023-04-24,0.01,27.56,14.0,19.7
2023-04-25,1.37,27.09,15.24,15.83
2023-04-26,9.71,27.26,17.59,11.76
2023-04-27,1.94,27.32,17.28,13.21
2023-04-28,0.31,26.83,17.71,16.29
2023-04-29,0.03,27.22,15.45,19.08
2023-04-30,0.02,27.35,14.65,20.03
2023-05-01,0.0,27.31,15.51,20.4
2023-05-02,0.0,27.12,13.74,20.14
2023-05-03,0.0,27.59,14.54,19.85
2023-05-04,0.0,28.58,14.62,19.51
2023-05-05,0.0,29.42,16.8,19.21
2023-05-06,0.0,29.49,16.25,17.86
2023-05-07,0.0,27.8,17.05,17.56
2023-05-08,0.0,28.99,16.88,18.84
2023-05-09,0.0,29.38,17.71,16.5
2023-05-10,0.31,27.12,18.25,11.44
2023-05-11,0.09,28.47,16.49,15.76
2023-05-12,0.01,26.89,12.47,18.42
2023-05-13,0.01,26.07,12.06,19.25
2023-05-14,0.0,26.4,10.51,19.44
2023-05-15,0.0,26.9,10.03,19.56
2023-05-16,0.01,27.45,9.95,19.56
2023-05-17,0.0,26.57,11.58,19.23
2023-05-18,0.01,27.1,11.01,19.04
2023-05-19,0.02,28.01,10.34,18.74
2023-05-20,0.01,27.58,11.09,17.82
2023-05-21,0.0,26.18,12.0,16.85
2023-05-22,0.0,27.11,12.47,13.63
2023-05-23,0.01,28.3,12.59,17.64
2023-05-24,0.02,27.98,13.08,17.5
2023-05-25,0.07,28.43,14.3,16.96
2023-05-26,0.01,28.69,14.87,17.33
2023-05-27,0.01,29.16,13.95,16.26
2023-05-28,0.05,27.83,16.37,9.3
2023-05-29,0.02,26.68,15.7,9.19
2023-05-30,18.89,23.11,16.14,4.99
2023-05-31,9.7,24.2,17.54,7.92
2023-06-01,0.05,25.32,14.79,14.76
2023-06-02,0.14,26.06,13.81,17.11
2023-06-03,0.11,27.11,12.54,17.37
2023-06-04,0.06,27.08,12.42,17.31
2023-06-05,0.02,26.35,11.16,16.89
2023-06-06,0.01,26.8,10.84,16.87
2023-06-07,0.01,27.33,11.26,16.35
2023-06-08,0.01,27.46,12.35,16.42
2023-06-09,0.01,28.07,12.69,16.81
2023-06-10,0.0,28.65,13.03,16.43
2023-06-11,0.02,29.59,15.25,13.89
2023-06-12,0.01,29.96,15.28,15.47
2023-06-13,2.88,27.93,17.1,8.51
2023-06-14,13.95,24.23,15.46,4.66
2023-06-15,29.87,17.38,13.65,2.04
2023-06-16,3.24,18.89,10.06,6.83
2023-06-17,0.04,19.36,6.73,15.24
2023-06-18,0.03,21.85,6.75,17.05
2023-06-19,0.07,24.95,8.01,16.78
2023-06-20,0.02,26.26,9.83,16.52
2023-06-21,0.03,26.48,10.75,16.53
2023-06-22,0.01,26.31,11.45,16.56
2023-06-23,0.01,26.82,11.99,15.0
2023-06-24,0.01,26.46,13.05,13.24
2023-06-25,0.01,27.6,12.52,16.49
2023-06-26,0.02,27.27,11.39,16.63
2023-06-27,0.01,27.51,11.95,16.65
2023-06-28,0.01,28.11,12.66,16.53
2023-06-29,0.0,27.12,13.1,16.72
2023-06-30,0.02,27.51,13.33,16.21
2023-07-01,0.0,27.5,12.42,16.62
2023-07-02,0.01,26.93,12.4,16.87
2023-07-03,0.0,25.93,12.28,17.0
2023-07-04,0.0,26.15,10.86,16.91
2023-07-05,0.0,27.07,10.25,16.92
2023-07-06,0.0,26.62,10.82,17.0
2023-07-07,0.01,27.53,10.53,14.07
2023-07-08,0.0,29.16,12.79,16.15
2023-07-09,0.01,29.66,16.83,15.16
2023-07-10,0.0,31.15,16.86,14.71
2023-07-11,0.0,31.5,16.41,16.45
2023-07-12,0.0,30.04,15.17,15.79
2023-07-13,4.09,27.63,15.48,12.52
2023-07-14,0.01,22.45,10.1,18.05
2023-07-15,0.1,25.95,7.18,18.16
2023-07-16,0.0,29.39,10.35,13.81
2023-07-17,0.04,29.55,13.53,12.85
2023-07-18,0.06,31.19,15.18,14.59
2023-07-19,0.31,30.31,15.59,14.07
2023-07-20,0.0,30.43,14.71,16.73
2023-07-21,0.0,29.45,15.21,17.22
2023-07-22,0.0,28.13,14.78,16.39
2023-07-23,0.0,29.25,14.54,15.9
2023-07-24,0.0,29.9,14.42,17.28
2023-07-25,0.0,25.52,16.87,13.81
2023-07-26,0.0,30.52,17.5,14.64
2023-07-27,0.0,31.76,16.01,17.91
2023-07-28,0.1,31.71,15.07,17.43
2023-07-29,0.01,29.79,16.37,16.82
2023-07-30,0.0,29.14,13.11,18.44
2023-07-31,0.0,30.34,13.42,18.54
2023-08-01,0.0,30.92,12.99,18.49
2023-08-02,0.0,31.74,13.89,18.79
2023-08-03,0.0,32.2,14.35,19.19
2023-08-04,0.0,32.37,13.84,19.15
2023-08-05,0.0,32.85,13.74,19.23
2023-08-06,0.0,33.76,14.75,19.31
2023-08-07,0.0,32.95,15.34,18.9
2023-08-08,0.0,33.43,16.43,18.95
2023-08-09,0.0,33.51,17.12,19.17
2023-08-10,0.0,34.02,17.6,18.96
2023-08-11,0.0,35.2,18.02,19.08
2023-08-12,0.01,35.52,18.01,18.35
2023-08-13,0.01,33.26,18.82,13.7
2023-08-14,0.05,30.71,16.63,13.33
2023-08-15,0.15,30.3,18.49,15.25
2023-08-16,0.0,30.98,19.99,16.69
2023-08-17,0.0,32.1,18.23,18.98
2023-08-18,0.04,33.23,18.3,18.14
2023-08-19,0.15,32.59,19.06,8.73
2023-08-20,1.17,31.64,16.87,13.17
2023-08-21,0.0,32.07,18.24,19.41
2023-08-22,0.0,34.7,16.95,20.68
2023-08-23,0.0,36.95,20.0,20.49
2023-08-24,0.13,37.58,22.72,16.56
2023-08-25,0.12,36.07,22.27,16.73
2023-08-26,1.27,30.86,17.86,14.71
2023-08-27,1.04,22.85,15.25,9.07
2023-08-28,3.0,27.56,14.0,14.43
2023-08-29,2.31,30.55,13.7,9.46
2023-08-30,2.4,30.37,15.46,16.47
2023-08-31,1.48,32.45,16.93,7.07
2023-09-01,0.05,33.97,16.97,20.57
2023-09-02,4.27,35.6,20.65,19.13
2023-09-03,5.64,30.84,22.01,20.55
2023-09-04,2.41,36.96,22.14,18.05
2023-09-05,1.25,34.06,22.33,16.49
2023-09-06,0.18,33.91,18.32,19.56
2023-09-07,0.01,33.06,19.88,22.25
2023-09-08,0.01,34.81,17.93,23.29
2023-09-09,0.0,33.46,18.63,12.79
2023-09-10,0.0,34.88,19.33,19.33
2023-09-11,0.0,35.9,19.48,23.4
2023-09-12,0.0,35.79,19.36,23.85
2023-09-13,0.0,38.53,20.53,23.3
2023-09-14,2.73,26.99,19.19,6.81
2023-09-15,0.0,31.87,14.95,21.03
2023-09-16,0.01,36.24,16.95,23.91
2023-09-17,1.15,37.23,21.12,19.36
2023-09-18,2.82,36.56,23.23,20.04
2023-09-19,0.03,37.58,22.17,23.79
2023-09-20,0.0,38.86,22.81,23.97
2023-09-21,0.0,39.17,22.59,23.57
2023-09-22,0.0,39.86,25.45,23.83
2023-09-23,0.0,38.0,24.72,22.39
2023-09-24,0.0,41.68,24.32,23.35
2023-09-25,0.0,41.61,24.32,23.27
2023-09-26,0.25,42.71,25.44,22.6
2023-09-27,0.09,39.2,28.45,16.43
2023-09-28,0.92,37.21,22.77,15.9
2023-09-29,0.0,38.24,19.52,21.9
2023-09-30,3.31,38.37,22.29,19.7
2023-10-01,6.41,34.34,23.7,15.57
2023-10-02,17.4,33.35,22.74,19.86
2023-10-03,0.24,36.5,23.95,24.21
2023-10-04,1.49,37.64,23.96,17.0
2023-10-05,0.29,38.93,24.49,22.61
2023-10-06,3.41,38.23,25.13,18.41
2023-10-07,13.48,35.17,24.71,15.26
2023-10-08,15.63,33.9,23.4,19.93
2023-10-09,9.86,30.58,21.73,11.34
2023-10-10,0.0,34.81,18.12,26.08
2023-10-11,0.07,38.18,18.06,26.3
2023-10-12,0.36,38.77,24.77,22.46
2023-10-13,13.64,32.94,22.37,13.18
2023-10-14,0.36,34.51,19.07,20.64
2023-10-15,1.45,36.32,20.57,24.46
2023-10-16,1.03,37.01,22.25,26.82
2023-10-17,1.15,36.12,23.35,22.42
2023-10-18,0.23,36.72,22.98,22.6
2023-10-19,4.49,35.39,20.19,22.76
2023-10-20,0.42,34.78,20.48,15.58
2023-10-21,0.0,36.34,20.59,26.54
2023-10-22,0.0,37.52,19.55,27.05
2023-10-23,0.0,38.32,20.91,27.15
2023-10-24,0.32,39.62,25.09,24.72
2023-10-25,2.12,33.41,23.57,20.58
2023-10-26,9.87,33.06,23.48,15.58
2023-10-27,29.3,32.53,22.96,17.64
2023-10-28,2.04,34.84,21.59,14.42
2023-10-29,11.77,31.68,21.88,17.33
2023-10-30,0.59,35.77,22.45,20.6
2023-10-31,2.62,35.5,23.11,13.89
2023-11-01,1.47,33.04,22.23,13.6
2023-11-02,0.01,33.24,20.06,24.72
2023-11-03,15.34,37.24,22.72,21.18
2023-11-04,1.9,30.47,17.7,20.82
2023-11-05,0.0,33.29,13.97,31.12
2023-11-06,0.02,34.21,15.08,30.49
2023-11-07,0.0,36.47,17.33,28.58
2023-11-08,0.02,36.1,21.24,27.01
2023-11-09,0.25,37.41,22.55,25.68
2023-11-10,0.18,38.03,22.79,28.54
2023-11-11,0.0,39.26,20.88,30.1
2023-11-12,0.09,40.68,22.71,28.43
2023-11-13,0.02,40.01,25.04,28.15
2023-11-14,0.05,41.55,26.32,27.94
2023-11-15,0.13,40.98,24.06,26.54
2023-11-16,1.13,41.02,24.07,26.96
2023-11-17,0.0,41.76,26.33,24.18
2023-11-18,0.56,39.91,25.88,25.76
2023-11-19,21.17,40.62,23.48,20.41
2023-11-20,5.4,31.83,21.98,16.16
2023-11-21,1.82,34.06,22.47,23.32
2023-11-22,0.55,32.75,23.9,22.75
2023-11-23,3.57,35.4,22.91,18.11
2023-11-24,7.27,32.17,22.1,20.28
2023-11-25,0.01,32.59,19.17,27.53
2023-11-26,0.18,34.56,19.69,26.99
2023-11-27,1.63,32.14,21.51,15.89
2023-11-28,9.45,34.39,22.57,21.67
2023-11-29,16.58,29.41,22.32,17.05
2023-11-30,1.18,34.51,20.87,24.51
2023-12-01,0.23,35.61,23.85,26.26
2023-12-02,2.17,37.71,25.29,23.98
2023-12-03,4.34,38.2,23.92,27.44
2023-12-04,12.76,34.12,23.19,18.25
2023-12-05,7.34,34.31,22.91,23.21
2023-12-06,0.02,34.5,22.76,28.45
2023-12-07,1.92,34.27,23.82,28.65
2023-12-08,1.0,35.29,23.66,25.97
2023-12-09,0.22,37.0,22.7,29.08
2023-12-10,0.67,36.37,22.32,24.83
2023-12-11,0.57,35.26,22.88,26.88
2023-12-12,0.0,36.25,21.45,28.01
2023-12-13,0.01,38.07,19.81,30.82
2023-12-14,0.0,38.79,21.25,28.99
2023-12-15,0.01,39.31,24.71,27.97
2023-12-16,0.0,39.11,23.4,29.91
2023-12-17,0.05,38.76,23.56,29.25
2023-12-18,1.22,38.55,25.72,27.97
2023-12-19,0.28,38.99,23.41,26.97
2023-12-20,0.65,35.79,23.26,26.03
2023-12-21,1.83,34.77,23.87,25.57
2023-12-22,13.68,33.38,24.55,21.63
2023-12-23,15.43,31.84,23.52,14.87
2023-12-24,2.93,33.63,22.63,28.06
2023-12-25,0.18,36.79,22.75,28.28
2023-12-26,0.54,36.21,24.05,24.21
2023-12-27,0.16,37.2,22.58,27.71
2023-12-28,0.0,38.4,20.43,29.97
2023-12-29,0.0,40.59,23.24,24.05
2023-12-30,3.58,32.79,25.44,17.75
2023-12-31,6.34,33.83,21.94,22.15
2024-01-01,2.25,33.92,22.05,16.24
2024-01-02,1.85,34.69,21.65,23.96
2024-01-03,10.43,32.6,23.52,20.99
2024-01-04,2.7,35.1,22.34,24.98
2024-01-05,0.34,35.79,20.98,23.81
2024-01-06,0.01,37.45,21.39,28.6
2024-01-07,0.03,38.1,24.18,27.16
2024-01-08,0.67,37.4,24.83,27.44
2024-01-09,0.39,36.26,23.38,27.24
2024-01-10,5.16,35.35,22.95,17.55
2024-01-11,3.91,33.8,23.6,21.72
2024-01-12,3.44,35.24,22.96,22.67
2024-01-13,3.61,33.87,22.99,13.94
2024-01-14,18.37,31.37,21.1,23.73
2024-01-15,0.4,33.04,22.29,17.73
2024-01-16,1.32,35.73,22.58,27.03
2024-01-17,0.0,37.41,23.05,25.57
2024-01-18,0.89,37.12,24.59,26.91
2024-01-19,6.34,38.31,25.32,19.07
2024-01-20,0.46,37.05,24.07,17.66
2024-01-21,2.55,34.72,24.25,19.42
2024-01-22,2.17,35.14,21.82,21.76
2024-01-23,1.42,32.16,22.8,13.7
2024-01-24,0.03,34.09,20.55,23.28
2024-01-25,0.01,33.82,19.33,27.34
2024-01-26,0.05,34.18,17.02,29.46
2024-01-27,0.06,34.52,18.24,26.49
2024-01-28,8.92,33.7,22.13,24.14
2024-01-29,0.01,36.27,20.21,29.72
2024-01-30,0.14,37.14,21.83,24.75
2024-01-31,5.82,34.65,23.05,25.24
2024-02-01,0.08,36.29,19.8,28.0
2024-02-02,0.54,36.65,20.54,22.43
2024-02-03,2.18,35.24,21.57,16.1
2024-02-04,2.54,29.95,22.33,15.08
2024-02-05,3.31,34.18,22.04,20.54
2024-02-06,6.65,31.72,22.44,16.14
2024-02-07,12.8,28.35,22.82,20.24
2024-02-08,0.83,32.64,21.34,25.31
2024-02-09,0.18,35.7,22.0,23.1
2024-02-10,0.04,36.6,22.06,27.24
2024-02-11,0.01,36.2,21.55,26.44
2024-02-12,0.03,34.9,23.82,25.28
2024-02-13,8.73,34.98,23.72,26.92
2024-02-14,16.67,31.61,23.34,19.48
2024-02-15,2.92,29.48,22.12,11.64
2024-02-16,5.85,33.24,21.49,18.77
2024-02-17,0.21,34.42,21.34,25.5
2024-02-18,0.24,34.8,20.98,23.07
2024-02-19,9.58,32.52,22.03,19.38
2024-02-20,5.1,32.46,21.87,23.7
2024-02-21,7.76,32.53,22.13,21.38
2024-02-22,5.5,33.16,21.14,23.01
2024-02-23,2.75,33.45,22.48,17.08
2024-02-24,1.27,30.94,22.52,23.13
2024-02-25,0.24,35.82,22.65,24.3
2024-02-26,0.9,33.34,23.36,22.24
2024-02-27,0.75,36.69,23.22,26.87
2024-02-28,0.02,38.27,24.01,25.36
2024-02-29,0.01,39.15,25.08,24.68
2024-03-01,1.92,35.93,24.66,24.48
2024-03-02,0.11,36.26,23.18,25.96
2024-03-03,0.0,37.74,21.13,26.75
2024-03-04,0.01,38.34,21.04,25.88
2024-03-05,12.19,35.44,21.53,19.97
2024-03-06,3.85,34.67,22.42,21.93
2024-03-07,4.35,34.85,21.73,20.17
2024-03-08,1.86,33.44,23.82,22.65
2024-03-09,10.74,34.67,24.55,19.85
2024-03-10,3.81,32.86,24.36,15.6
2024-03-11,4.79,35.09,22.76,22.69
2024-03-12,0.26,36.71,21.21,24.48
2024-03-13,0.1,37.06,22.7,25.21
2024-03-14,0.22,36.43,24.63,22.78
2024-03-15,0.0,37.6,23.99,23.14
2024-03-16,0.11,38.15,24.97,22.2
2024-03-17,0.51,36.39,25.56,19.89
2024-03-18,1.17,37.07,25.53,18.07
2024-03-19,14.98,35.28,25.11,20.67
2024-03-20,0.81,35.06,24.11,22.63
2024-03-21,6.48,34.65,24.96,21.71
2024-03-22,1.84,29.05,21.71,13.17
2024-03-23,10.23,28.19,20.64,9.47
2024-03-24,3.5,26.89,20.53,14.98
2024-03-25,4.49,32.0,19.65,15.29
2024-03-26,10.13,24.61,20.53,7.44
2024-03-27,7.77,24.71,19.82,6.08
2024-03-28,5.02,29.55,19.79,13.18
2024-03-29,2.06,29.84,19.87,15.67
2024-03-30,8.57,30.21,21.54,15.56
2024-03-31,0.24,32.65,21.81,19.09
2024-04-01,0.04,32.41,21.76,20.09
2024-04-02,0.09,30.5,22.32,14.48
2024-04-03,1.55,32.33,21.13,21.47
2024-04-04,1.17,33.1,22.29,21.35
2024-04-05,0.29,33.86,21.9,20.88
2024-04-06,0.26,34.13,21.48,21.74
2024-04-07,0.2,33.15,20.08,18.26
2024-04-08,2.36,32.05,21.25,18.67
2024-04-09,2.6,32.22,21.73,16.06
2024-04-10,0.47,32.76,21.68,18.61
2024-04-11,1.69,32.93,21.51,16.28
2024-04-12,0.16,33.33,20.96,17.89
2024-04-13,0.37,32.56,22.32,15.89
2024-04-14,0.28,29.01,21.73,12.16
2024-04-15,0.18,32.5,21.42,13.65
2024-04-16,0.37,32.8,21.32,19.06
2024-04-17,1.29,33.38,22.14,14.84
2024-04-18,0.57,31.03,21.49,14.63
2024-04-19,0.0,32.74,16.76,21.51
2024-04-20,0.03,33.68,16.33,20.02
2024-04-21,0.0,33.46,17.6,21.14
2024-04-22,0.0,32.68,16.89,21.18
2024-04-23,0.0,33.72,17.91,20.7
2024-04-24,0.0,34.82,18.84,19.63
2024-04-25,0.0,35.15,19.66,20.39
2024-04-26,0.83,35.26,19.87,20.03
2024-04-27,0.0,34.68,20.67,19.2
2024-04-28,0.0,34.8,20.06,19.88
2024-04-29,0.0,34.91,19.38,19.25
2024-04-30,0.0,34.89,19.29,18.91
2024-05-01,0.64,35.04,18.23,19.93
2024-05-02,0.0,34.96,18.77,19.33
2024-05-03,0.0,34.72,19.35,18.99
2024-05-04,0.0,35.24,19.22,19.48
2024-05-05,0.0,34.85,17.81,19.77
2024-05-06,0.0,34.47,19.25,19.09
2024-05-07,0.0,34.25,19.94,18.3
2024-05-08,0.0,33.85,20.65,19.32
2024-05-09,0.0,33.16,19.3,18.3
2024-05-10,0.21,33.73,17.52,18.99
2024-05-11,0.0,33.88,18.33,18.16
2024-05-12,0.0,33.6,18.21,18.84
2024-05-13,0.0,33.78,17.29,19.11
2024-05-14,0.0,32.92,18.19,17.04
2024-05-15,0.0,32.69,18.19,17.97
2024-05-16,0.0,33.75,18.87,18.29
2024-05-17,0.0,34.17,17.68,18.47
2024-05-18,0.0,33.98,17.81,18.23
2024-05-19,0.0,33.82,19.08,17.65
2024-05-20,0.0,33.13,18.66,16.77
2024-05-21,0.0,34.19,18.81,17.48
2024-05-22,0.0,33.09,18.08,17.92
2024-05-23,0.01,32.61,16.37,17.91
2024-05-24,0.04,33.47,18.52,11.21
2024-05-25,0.8,27.8,18.03,6.17
2024-05-26,5.76,29.5,16.51,6.78
2024-05-27,0.09,30.8,15.98,12.45
2024-05-28,0.13,25.38,15.6,8.87
2024-05-29,0.0,25.87,11.2,17.49
2024-05-30,0.01,27.0,8.75,17.65
2024-05-31,0.01,28.38,9.96,17.85
2024-06-01,0.05,30.13,12.27,16.78
2024-06-02,0.01,30.01,14.82,15.48
2024-06-03,0.0,30.08,15.99,14.97
2024-06-04,0.0,30.06,16.14,16.15
2024-06-05,0.0,31.02,15.06,14.79
2024-06-06,0.0,31.16,15.08,15.09
2024-06-07,0.0,31.42,15.33,15.86
2024-06-08,0.0,32.04,15.58,16.29
2024-06-09,0.0,32.08,15.75,16.74
2024-06-10,0.0,32.03,15.27,17.03
2024-06-11,0.0,32.13,15.03,16.72
2024-06-12,0.0,32.37,15.43,16.82
2024-06-13,0.0,31.52,14.52,17.16
2024-06-14,0.0,31.57,16.11,16.54
2024-06-15,0.0,31.96,16.99,15.91
2024-06-16,0.0,31.82,16.74,16.56
2024-06-17,0.0,31.18,15.23,17.04
2024-06-18,0.0,30.73,13.36,16.89
2024-06-19,0.01,31.81,14.14,16.95
2024-06-20,0.0,31.65,14.17,16.73
2024-06-21,0.0,31.16,15.22,16.11
2024-06-22,0.0,31.49,16.44,12.34
2024-06-23,0.0,31.81,17.52,15.19
2024-06-24,0.0,32.8,17.11,15.95
2024-06-25,0.0,33.08,18.16,16.02
2024-06-26,0.0,33.15,17.98,14.77
2024-06-27,0.0,30.87,17.78,14.56
2024-06-28,0.0,32.0,17.92,12.42
2024-06-29,0.01,31.42,18.39,14.38
2024-06-30,0.58,29.31,17.57,9.52
2024-07-01,1.89,29.84,17.69,7.36
2024-07-02,0.01,30.69,14.58,15.82
2024-07-03,0.02,30.28,15.39,12.04
2024-07-04,0.0,31.3,15.25,16.17
2024-07-05,0.0,30.9,16.22,13.28
2024-07-06,0.0,31.33,15.8,16.28
2024-07-07,0.0,32.27,15.54,13.99
2024-07-08,0.03,30.42,16.47,13.01
2024-07-09,0.37,30.08,16.31,10.51
2024-07-10,0.02,28.88,16.08,13.64
2024-07-11,0.02,32.4,16.7,13.64
2024-07-12,0.0,32.53,17.29,14.83
2024-07-13,0.0,31.62,17.62,16.59
2024-07-14,0.0,30.63,15.83,17.09
2024-07-15,0.0,29.91,15.03,15.88
2024-07-16,0.0,30.76,14.97,17.03
2024-07-17,0.0,30.95,14.57,17.29
2024-07-18,0.0,31.31,15.34,17.39
2024-07-19,0.01,31.7,13.67,17.73
2024-07-20,0.0,31.66,13.04,17.88
2024-07-21,0.01,31.4,13.29,17.97
2024-07-22,0.04,31.42,13.7,18.04
2024-07-23,0.0,31.71,12.97,18.4
2024-07-24,0.0,32.25,13.62,18.01
2024-07-25,0.0,31.1,14.19,18.32
2024-07-26,0.0,29.72,15.17,18.23
2024-07-27,0.0,32.46,14.02,17.62
2024-07-28,0.0,33.79,15.09,18.1
2024-07-29,0.0,33.67,16.26,17.0
2024-07-30,0.01,30.78,15.06,14.6
2024-07-31,0.0,32.77,16.03,17.9
2024-08-01,0.0,32.1,19.14,17.29
2024-08-02,0.01,30.8,17.68,15.43
2024-08-03,0.0,31.49,17.3,17.15
2024-08-04,0.0,31.23,19.19,15.54
2024-08-05,0.0,32.48,17.97,18.57
2024-08-06,0.0,32.63,18.46,18.19
2024-08-07,0.0,32.57,18.87,18.79
2024-08-08,0.02,34.36,17.94,17.37
2024-08-09,1.33,28.35,15.43,6.36
2024-08-10,3.0,22.76,10.86,17.17
2024-08-11,0.08,25.87,8.68,20.46
2024-08-12,0.04,26.72,9.26,18.13
2024-08-13,0.01,27.79,7.95,18.17
2024-08-14,0.01,32.2,9.61,18.97
2024-08-15,0.0,35.06,13.21,19.59
2024-08-16,0.0,35.58,16.82,20.15
2024-08-17,0.0,36.02,17.01,20.41
2024-08-18,0.0,36.09,17.38,20.82
2024-08-19,0.0,36.27,17.14,20.58
2024-08-20,0.0,36.36,17.73,20.9
2024-08-21,0.0,35.54,16.65,21.37
2024-08-22,0.0,36.02,17.1,21.61
2024-08-23,0.0,35.84,18.72,20.63
2024-08-24,1.07,35.35,17.81,18.43
2024-08-25,5.54,22.05,14.29,2.52
2024-08-26,0.0,25.64,10.62,19.0
2024-08-27,0.03,30.04,8.08,22.99
2024-08-28,0.01,34.01,9.97,22.03
2024-08-29,0.03,34.39,16.18,21.89
2024-08-30,0.0,34.93,16.2,22.78
2024-08-31,0.01,35.58,15.3,23.2
2024-09-01,0.0,37.17,16.5,23.08
2024-09-02,0.0,36.85,21.19,22.02
2024-09-03,0.01,37.98,18.77,22.02
2024-09-04,0.0,38.19,19.07,21.29
2024-09-05,0.0,38.81,18.97,19.47
2024-09-06,0.0,37.05,16.8,17.49
2024-09-07,0.0,37.81,19.04,18.26
2024-09-08,0.0,37.72,21.51,17.89
2024-09-09,0.0,36.77,20.45,19.71
2024-09-10,0.0,36.76,19.14,22.9
2024-09-11,0.0,36.96,18.91,23.86
2024-09-12,0.0,37.37,19.39,24.06
2024-09-13,0.0,37.86,20.48,23.24
2024-09-14,0.0,38.13,22.2,13.09
2024-09-15,0.02,38.1,21.14,16.23
2024-09-16,0.95,34.4,18.72,6.46
2024-09-17,0.02,34.24,16.08,22.0
2024-09-18,0.0,38.29,17.5,22.34
2024-09-19,0.01,38.49,20.58,20.2
2024-09-20,0.04,39.48,21.71,21.89
2024-09-21,0.01,37.74,22.34,12.09
2024-09-22,0.0,38.29,22.06,16.93
2024-09-23,0.0,38.98,22.38,20.73
2024-09-24,0.0,39.58,21.47,21.88
2024-09-25,0.0,39.95,23.0,24.02
2024-09-26,0.0,40.78,23.63,24.93
2024-09-27,0.01,38.07,24.01,16.89
2024-09-28,0.0,36.43,19.79,17.37
2024-09-29,0.0,38.82,19.3,23.59
2024-09-30,0.0,38.6,23.37,25.1
2024-10-01,0.0,39.28,23.62,24.62
2024-10-02,0.01,41.2,23.74,23.26
2024-10-03,0.0,39.59,23.44,16.56
2024-10-04,0.01,36.32,19.59,17.78
2024-10-05,0.0,38.25,17.08,24.89
2024-10-06,0.07,40.04,17.98,26.85
2024-10-07,0.0,40.48,19.86,24.8
2024-10-08,0.0,41.72,21.41,23.27
2024-10-09,0.01,39.18,21.64,14.23
2024-10-10,1.53,34.87,21.45,7.39
2024-10-11,7.78,37.6,23.28,16.32
2024-10-12,5.03,34.03,21.86,21.08
2024-10-13,0.01,35.68,20.15,23.88
2024-10-14,1.6,37.31,19.43,22.48
2024-10-15,0.67,31.48,21.86,19.4
2024-10-16,0.07,34.44,21.87,25.1
2024-10-17,0.14,37.91,22.93,24.25
2024-10-18,6.36,36.67,23.28,13.18
2024-10-19,19.49,30.41,21.13,13.63
2024-10-20,26.04,25.24,18.87,8.12
2024-10-21,5.3,27.83,21.22,14.39
2024-10-22,0.25,31.04,21.57,17.13
2024-10-23,3.29,30.41,22.46,18.45
2024-10-24,23.5,32.57,21.59,24.48
2024-10-25,18.6,29.53,22.85,13.06
2024-10-26,15.89,27.66,23.17,14.56
2024-10-27,9.42,29.7,20.71,17.0
2024-10-28,12.89,27.52,18.92,11.37
2024-10-29,7.82,29.0,21.65,23.86
2024-10-30,1.98,30.94,18.51,27.9
2024-10-31,0.0,30.84,17.78,23.75
2024-11-01,1.48,30.07,20.71,23.51
2024-11-02,10.94,27.86,21.84,11.85
2024-11-03,7.92,26.9,21.51,15.32
2024-11-04,20.89,26.88,21.47,8.26
2024-11-05,10.96,27.88,21.11,16.27
2024-11-06,11.3,29.03,20.36,18.86
2024-11-07,16.4,25.66,21.0,11.52
2024-11-08,14.14,27.48,21.5,14.37
2024-11-09,3.04,29.57,21.16,20.21
2024-11-10,0.0,30.39,18.08,28.06
2024-11-11,0.01,31.46,17.77,28.05
2024-11-12,4.29,33.2,22.4,26.89
2024-11-13,28.93,29.09,21.7,15.95
2024-11-14,0.38,29.97,19.21,25.72
2024-11-15,7.01,28.09,19.96,19.6
2024-11-16,18.6,29.05,21.07,19.51
2024-11-17,9.34,29.62,20.73,21.68
2024-11-18,0.0,30.92,19.67,27.9
2024-11-19,0.0,31.3,19.98,26.05
2024-11-20,1.4,31.09,21.55,21.2
2024-11-21,34.77,28.44,21.49,12.25
2024-11-22,8.28,28.52,19.43,16.42
2024-11-23,0.01,29.92,18.3,26.44
2024-11-24,0.0,29.44,17.79,28.9
2024-11-25,0.0,29.67,17.3,28.52
2024-11-26,0.04,31.03,19.64,28.77
2024-11-27,0.0,32.38,19.31,26.8
2024-11-28,13.34,30.14,22.62,16.11
2024-11-29,8.74,27.49,22.32,8.31
2024-11-30,0.12,30.37,21.68,23.2
2024-12-01,0.75,30.84,22.0,25.62
2024-12-02,7.41,27.35,22.44,12.92
2024-12-03,10.59,28.08,22.23,17.21
2024-12-04,11.76,29.51,21.92,10.07
2024-12-05,2.97,29.97,19.9,12.61
2024-12-06,0.7,29.29,21.82,26.84
2024-12-07,0.02,31.98,20.75,27.39
2024-12-08,3.65,27.07,21.75,16.76
2024-12-09,2.33,30.83,21.57,19.32
2024-12-10,5.61,28.74,22.52,20.18
2024-12-11,1.67,30.16,19.82,24.73
2024-12-12,0.15,30.64,17.21,28.3
2024-12-13,6.89,29.54,18.74,24.53
2024-12-14,12.57,27.07,21.31,8.73
2024-12-15,9.24,29.12,21.37,22.75
2024-12-16,3.52,29.48,21.17,27.3
2024-12-17,0.01,30.21,18.58,28.05
2024-12-18,0.23,30.84,20.08,27.86
2024-12-19,0.21,31.23,20.69,20.5
2024-12-20,2.3,30.42,22.03,23.79
2024-12-21,5.82,29.71,22.56,17.34
2024-12-22,8.46,27.68,21.85,20.74
2024-12-23,1.48,30.47,21.44,26.32
2024-12-24,2.73,30.88,19.62,23.08
2024-12-25,14.61,28.95,20.97,17.09
2024-12-26,51.09,26.42,21.92,13.75
2024-12-27,15.56,27.53,21.62,15.11
2024-12-28,3.94,29.62,21.53,21.29
2024-12-29,1.65,30.33,20.79,27.06
2024-12-30,4.97,30.33,19.66,26.79
2024-12-31,1.65,30.16,19.98,28.27
2025-01-01,4.88,29.54,20.1,24.41
2025-01-02,1.92,30.26,20.45,27.42
2025-01-03,2.44,29.47,20.38,18.4
2025-01-04,2.27,28.76,18.99,22.81
2025-01-05,0.23,30.6,18.18,28.73
2025-01-06,0.44,31.34,20.15,24.42
2025-01-07,0.44,30.79,21.03,21.15
2025-01-08,3.38,31.34,20.53,23.22
2025-01-09,1.81,30.75,21.39,25.39
2025-01-10,0.12,30.89,18.88,27.81
2025-01-11,0.46,32.15,18.3,28.55
2025-01-12,5.87,31.58,22.15,26.07
2025-01-13,0.03,31.5,18.93,25.77
2025-01-14,0.01,32.06,18.27,27.61
2025-01-15,1.89,31.95,18.96,22.54
2025-01-16,19.11,30.98,21.61,13.6
2025-01-17,8.23,26.44,22.03,15.31
2025-01-18,1.76,30.45,21.76,26.04
2025-01-19,2.36,30.09,21.4,28.15
2025-01-20,0.59,31.55,21.55,27.54
2025-01-21,0.15,32.54,22.02,28.94
2025-01-22,0.02,33.96,22.03,28.37
2025-01-23,9.73,33.82,22.27,20.64
2025-01-24,0.04,34.04,21.28,29.43
2025-01-25,2.32,34.09,21.85,27.1
2025-01-26,7.58,32.41,23.03,23.58
2025-01-27,9.38,29.2,22.32,15.43
2025-01-28,1.09,30.5,21.41,24.16
2025-01-29,0.87,31.41,21.64,21.36
2025-01-30,11.76,31.23,22.21,25.1
2025-01-31,7.46,27.98,22.26,15.36
2025-02-01,10.3,26.88,21.3,14.74
2025-02-02,12.16,28.16,20.92,14.08
2025-02-03,22.85,27.16,21.81,9.41
2025-02-04,5.96,27.82,21.44,15.95
2025-02-05,1.9,27.89,20.62,14.62
2025-02-06,0.54,28.84,20.98,22.22
2025-02-07,4.27,30.75,19.76,23.17
2025-02-08,1.39,31.08,20.9,28.12
2025-02-09,0.14,30.64,19.77,26.04
2025-02-10,0.23,29.47,19.52,20.34
2025-02-11,0.46,31.49,19.9,23.11
2025-02-12,8.53,28.98,20.85,23.48
2025-02-13,1.94,29.2,20.17,21.19
2025-02-14,0.54,31.81,19.63,24.55
2025-02-15,0.01,33.37,21.34,24.9
2025-02-16,0.0,34.47,22.11,27.06
2025-02-17,0.19,34.82,20.99,26.43
2025-02-18,1.6,34.35,23.39,21.94
2025-02-19,3.57,34.17,22.55,25.76
2025-02-20,0.12,35.96,22.13,23.59
2025-02-21,0.27,36.01,22.73,25.14
2025-02-22,0.39,35.07,23.16,24.86
2025-02-23,0.21,34.9,22.59,23.0
2025-02-24,0.08,33.83,21.36,22.94
2025-02-25,0.79,34.05,21.74,18.16
2025-02-26,2.75,35.24,21.34,24.76
2025-02-27,0.34,36.28,20.77,25.42
2025-02-28,0.22,35.94,21.47,26.51
2025-03-01,0.03,36.37,21.72,26.94
2025-03-02,0.0,36.23,23.43,19.72
2025-03-03,0.0,36.62,20.66,25.12
2025-03-04,0.39,36.14,23.06,24.32
2025-03-05,0.45,33.03,21.72,23.11
2025-03-06,0.0,35.75,21.91,25.6
2025-03-07,0.0,35.6,19.92,25.62
2025-03-08,0.0,36.62,20.03,26.55
2025-03-09,0.24,37.05,22.22,25.0
2025-03-10,0.13,37.3,24.15,22.33
2025-03-11,3.58,33.47,23.16,17.54
2025-03-12,0.08,36.38,23.16,21.45
2025-03-13,0.18,36.54,22.9,18.59
2025-03-14,0.0,36.99,23.12,22.37
2025-03-15,0.03,37.51,23.11,22.61
2025-03-16,1.04,38.17,23.61,21.3
2025-03-17,2.68,35.78,21.93,17.86
2025-03-18,6.95,34.0,23.38,18.29
2025-03-19,2.24,33.2,22.02,17.35
2025-03-20,0.01,34.86,19.81,24.38
2025-03-21,0.0,35.4,18.4,23.92
2025-03-22,0.12,35.59,20.77,19.13
2025-03-23,3.86,32.74,22.65,20.49
2025-03-24,0.45,34.92,22.21,20.25
2025-03-25,0.07,36.53,22.74,21.21
2025-03-26,0.31,35.83,22.95,18.68
2025-03-27,0.02,36.27,21.35,23.09
2025-03-28,0.01,36.63,22.82,22.29
2025-03-29,0.02,35.61,24.7,19.19
2025-03-30,3.36,36.43,23.68,21.41
2025-03-31,1.12,32.05,23.36,10.31
