data,PRECTOTCORR,T2M_MAX,T2M_MIN,ALLSKY_SFC_SW_DWN
2013-10-01,11.49,24.81,16.63,14.64
2013-10-02,8.77,25.0,15.27,10.19
2013-10-03,24.45,24.92,14.88,14.55
2013-10-04,4.57,21.65,15.94,7.82
2013-10-05,0.47,24.46,11.72,18.04
2013-10-06,0.01,23.73,9.12,27.71
2013-10-07,0.21,21.89,10.21,18.23
2013-10-08,0.13,22.65,10.3,20.2
2013-10-09,0.0,24.55,10.45,21.86
2013-10-10,0.02,25.5,10.78,24.86
2013-10-11,0.01,24.9,11.19,24.12
2013-10-12,0.0,22.97,11.97,17.91
2013-10-13,0.04,27.48,11.62,23.75
2013-10-14,1.78,29.18,14.57,21.36
2013-10-15,23.78,21.55,16.49,19.52
2013-10-16,10.62,22.57,15.5,6.67
2013-10-17,14.5,22.3,14.28,11.43
2013-10-18,13.11,25.15,13.72,12.3
2013-10-19,0.61,25.81,13.05,25.22
2013-10-20,0.0,28.42,11.39,29.6
2013-10-21,14.65,29.72,13.95,26.59
2013-10-22,1.59,26.51,17.35,19.21
2013-10-23,0.55,27.89,17.44,21.69
2013-10-24,0.66,30.89,16.65,26.98
2013-10-25,0.37,26.11,17.42,19.07
2013-10-26,0.07,28.99,16.01,26.34
2013-10-27,3.42,28.25,14.87,17.69
2013-10-28,0.19,26.16,12.07,28.26
2013-10-29,0.23,27.45,10.99,26.73
2013-10-30,2.73,26.26,13.35,19.69
2013-10-31,1.09,27.6,13.36,19.89
2013-11-01,0.02,26.72,12.66,24.42
2013-11-02,0.0,29.1,13.22,26.86
2013-11-03,0.0,30.57,14.12,28.72
2013-11-04,11.68,25.06,15.37,10.74
2013-11-05,6.2,23.36,13.94,11.62
2013-11-06,21.64,20.06,13.09,7.83
2013-11-07,3.39,25.34,12.49,15.88
2013-11-08,0.23,26.84,13.46,24.84
2013-11-09,0.04,28.58,13.55,26.47
2013-11-10,0.01,31.45,13.34,29.93
2013-11-11,0.36,31.82,15.87,28.73
2013-11-12,0.22,27.73,17.86,17.81
2013-11-13,0.03,27.65,13.66,27.27
2013-11-14,0.0,29.73,11.34,29.86
2013-11-15,0.19,29.37,12.72,29.17
2013-11-16,9.01,26.17,16.8,19.18
2013-11-17,11.08,25.45,15.69,15.4
2013-11-18,2.63,25.1,14.52,19.78
2013-11-19,2.81,28.42,16.83,27.17
2013-11-20,0.81,30.18,16.04,27.48
2013-11-21,10.02,28.97,16.99,26.99
2013-11-22,9.85,25.17,16.45,15.02
2013-11-23,18.12,23.78,15.57,8.82
2013-11-24,8.8,20.23,15.42,9.93
2013-11-25,22.77,21.55,15.66,8.16
2013-11-26,20.89,25.22,15.73,14.3
2013-11-27,2.4,26.12,15.94,19.43
2013-11-28,2.9,28.8,16.31,27.66
2013-11-29,3.88,30.31,16.64,27.52
2013-11-30,3.48,25.32,17.7,21.54
2013-12-01,5.54,24.59,17.88,18.44
2013-12-02,12.58,24.11,17.95,19.33
2013-12-03,1.61,28.34,18.13,24.53
2013-12-04,0.08,31.16,16.33,28.57
2013-12-05,13.4,27.43,17.62,27.16
2013-12-06,0.07,28.46,17.21,26.51
2013-12-07,7.32,26.54,16.67,20.78
2013-12-08,0.82,28.69,17.11,25.09
2013-12-09,2.35,29.77,18.62,27.11
2013-12-10,13.93,24.89,19.28,14.31
2013-12-11,14.42,24.45,15.92,12.1
2013-12-12,0.92,27.32,15.26,22.58
2013-12-13,0.07,28.14,13.22,27.69
2013-12-14,0.02,28.23,14.66,20.35
2013-12-15,7.7,29.26,15.83,21.2
2013-12-16,0.79,28.68,14.95,26.6
2013-12-17,0.92,28.05,13.84,28.85
2013-12-18,0.12,27.94,14.48,28.56
2013-12-19,0.11,27.74,15.13,27.47
2013-12-20,1.58,27.37,15.44,24.2
2013-12-21,10.63,25.06,15.76,21.01
2013-12-22,5.55,26.56,15.3,22.66
2013-12-23,2.1,24.76,16.36,15.25
2013-12-24,8.99,26.45,16.15,14.83
2013-12-25,7.05,27.18,18.1,14.32
2013-12-26,1.91,29.76,17.85,25.56
2013-12-27,0.03,31.48,15.71,30.3
2013-12-28,5.87,28.62,15.77,21.9
2013-12-29,14.93,27.77,18.48,21.9
2013-12-30,13.74,24.32,18.91,16.2
2013-12-31,3.95,25.44,18.06,22.15
2014-01-01,11.68,28.28,17.7,19.99
2014-01-02,0.92,29.12,18.94,25.94
2014-01-03,0.31,31.29,18.79,28.36
2014-01-04,0.0,31.63,19.47,25.66
2014-01-05,1.7,29.68,18.74,23.71
2014-01-06,0.07,30.28,16.87,29.09
2014-01-07,1.54,29.15,16.67,28.13
2014-01-08,1.42,27.86,16.83,28.57
2014-01-09,0.35,29.03,17.37,28.71
2014-01-10,1.91,29.09,17.22,26.59
2014-01-11,10.91,28.51,17.8,24.45
2014-01-12,5.83,26.98,19.22,21.17
2014-01-13,2.77,25.21,19.16,22.48
2014-01-14,1.94,28.38,17.91,24.86
2014-01-15,1.7,29.01,18.79,27.61
2014-01-16,5.96,25.1,17.36,20.21
2014-01-17,4.36,27.34,17.1,21.74
2014-01-18,0.92,30.44,16.62,27.61
2014-01-19,0.69,29.08,15.16,28.49
2014-01-20,2.71,30.43,16.7,27.42
2014-01-21,0.46,30.88,17.35,27.57
2014-01-22,3.47,26.2,18.51,21.87
2014-01-23,3.86,27.73,18.61,22.62
2014-01-24,11.77,28.45,17.18,20.5
2014-01-25,0.06,31.33,15.73,28.87
2014-01-26,0.1,31.84,17.63,28.75
2014-01-27,0.16,31.3,18.03,28.11
2014-01-28,0.08,31.07,16.28,29.72
2014-01-29,0.02,31.94,14.95,30.5
2014-01-30,0.03,32.68,15.27,29.31
2014-01-31,0.0,32.97,16.17,29.18
2014-02-01,0.0,33.47,16.2,29.31
2014-02-02,1.58,32.57,17.78,28.62
2014-02-03,0.15,31.75,18.61,28.38
2014-02-04,0.16,33.04,17.58,28.64
2014-02-05,0.0,34.18,18.82,27.19
2014-02-06,0.01,34.34,17.04,29.58
2014-02-07,1.06,33.61,17.05,28.8
2014-02-08,0.45,33.57,18.53,27.05
2014-02-09,1.22,34.24,16.35,27.98
2014-02-10,0.02,33.88,17.49,27.84
2014-02-11,0.0,32.2,17.12,24.25
2014-02-12,0.04,29.57,18.13,24.87
2014-02-13,1.03,31.14,16.67,23.02
2014-02-14,6.2,30.09,17.79,19.55
2014-02-15,4.92,25.54,17.38,12.15
2014-02-16,16.61,26.98,16.99,13.2
2014-02-17,9.54,27.39,16.27,14.7
2014-02-18,0.42,28.49,14.62,25.19
2014-02-19,0.07,30.09,15.08,27.17
2014-02-20,0.02,30.34,15.72,26.69
2014-02-21,2.86,29.11,16.42,22.67
2014-02-22,1.5,27.58,17.75,21.55
2014-02-23,0.46,28.1,16.91,19.07
2014-02-24,7.2,27.48,18.36,17.06
2014-02-25,3.08,27.88,17.98,20.07
2014-02-26,0.03,32.54,15.82,26.19
2014-02-27,3.18,31.79,17.96,26.42
2014-02-28,10.67,26.99,18.69,14.37
2014-03-01,1.61,25.52,18.21,18.31
2014-03-02,0.56,29.75,15.96,23.22
2014-03-03,0.02,28.83,16.46,22.5
2014-03-04,1.39,27.8,17.88,20.38
2014-03-05,2.19,28.06,17.14,10.71
2014-03-06,11.64,27.54,17.79,21.29
2014-03-07,4.81,24.26,16.97,19.87
2014-03-08,4.02,27.63,15.55,15.77
2014-03-09,0.05,29.93,15.06,24.54
2014-03-10,0.2,29.84,15.13,23.34
2014-03-11,6.84,29.63,17.85,18.98
2014-03-12,1.53,29.0,17.87,17.28
2014-03-13,2.16,27.19,16.6,21.2
2014-03-14,0.44,30.57,17.33,23.58
2014-03-15,0.82,32.03,17.17,24.48
2014-03-16,2.82,31.85,16.47,24.51
2014-03-17,3.27,31.18,16.86,23.92
2014-03-18,5.73,31.5,16.52,21.83
2014-03-19,3.63,29.77,17.26,20.93
2014-03-20,8.6,28.45,17.99,21.06
2014-03-21,11.74,27.92,18.23,15.37
2014-03-22,6.71,25.71,17.81,16.1
2014-03-23,1.25,23.76,15.81,18.99
2014-03-24,0.77,26.25,14.71,19.37
2014-03-25,1.71,26.91,14.29,22.5
2014-03-26,3.89,26.05,14.67,21.67
2014-03-27,2.14,27.73,16.04,22.4
2014-03-28,2.8,28.42,15.01,21.52
2014-03-29,0.15,28.39,16.17,20.43
2014-03-30,9.71,25.27,17.33,12.43
2014-03-31,5.98,26.91,17.6,15.33
2014-04-01,14.0,27.62,17.43,18.88
2014-04-02,4.93,28.33,16.44,17.69
2014-04-03,3.96,28.16,16.99,20.4
2014-04-04,2.34,27.01,16.12,19.54
2014-04-05,0.23,28.06,15.09,23.27
2014-04-06,0.02,29.67,14.35,23.49
2014-04-07,0.01,29.7,13.42,22.65
2014-04-08,0.03,28.67,14.46,22.53
2014-04-09,0.14,27.95,17.06,19.07
2014-04-10,2.95,29.94,16.49,16.03
2014-04-11,1.77,28.06,16.56,17.08
2014-04-12,16.65,25.51,18.0,14.34
2014-04-13,4.74,27.9,17.96,15.91
2014-04-14,3.35,25.17,14.59,13.5
2014-04-15,10.49,23.17,14.07,5.09
2014-04-16,6.04,23.68,14.94,13.16
2014-04-17,0.12,26.45,14.35,17.79
2014-04-18,0.0,27.01,14.81,19.89
2014-04-19,1.01,27.95,13.75,19.33
2014-04-20,0.46,27.53,15.38,14.43
2014-04-21,0.03,26.77,15.52,20.0
2014-04-22,2.13,25.75,15.75,8.17
2014-04-23,2.27,25.0,16.23,7.7
2014-04-24,1.89,24.38,14.76,11.58
2014-04-25,0.69,23.34,12.8,18.45
2014-04-26,0.14,22.69,11.45,19.75
2014-04-27,0.02,23.18,10.8,19.62
2014-04-28,0.01,22.75,11.4,18.65
2014-04-29,0.0,23.43,9.49,20.49
2014-04-30,0.0,23.58,7.5,19.33
2014-05-01,0.0,25.16,9.58,16.92
2014-05-02,0.0,26.88,13.81,17.01
2014-05-03,0.01,25.14,12.32,16.0
2014-05-04,0.05,26.28,11.33,19.25
2014-05-05,0.02,27.38,11.11,18.56
2014-05-06,0.02,27.66,12.22,17.19
2014-05-07,0.05,26.0,13.84,12.88
2014-05-08,0.0,26.85,14.1,18.0
2014-05-09,0.04,25.12,13.19,14.23
2014-05-10,0.64,23.22,11.81,17.65
2014-05-11,0.57,23.2,11.27,18.41
2014-05-12,0.05,24.1,9.44,18.16
2014-05-13,0.0,24.26,9.38,16.85
2014-05-14,0.0,25.42,11.14,16.75
2014-05-15,0.01,25.2,9.12,16.9
2014-05-16,0.06,26.7,12.47,16.08
2014-05-17,0.1,25.77,12.75,10.69
2014-05-18,2.08,20.23,13.9,10.42
2014-05-19,0.03,25.33,12.58,16.68
2014-05-20,0.05,25.98,11.19,16.15
2014-05-21,0.0,26.22,10.6,15.81
2014-05-22,1.84,27.01,12.55,12.51
2014-05-23,18.35,22.3,16.04,8.44
2014-05-24,3.5,21.92,13.25,6.81
2014-05-25,5.4,22.37,12.34,7.1
2014-05-26,4.71,23.62,11.6,6.75
2014-05-27,0.29,20.81,9.51,16.04
2014-05-28,0.68,21.24,10.83,12.1
2014-05-29,0.03,22.12,11.2,15.19
2014-05-30,0.08,22.42,10.34,16.78
2014-05-31,0.04,22.21,9.08,15.42
2014-06-01,5.56,22.33,11.57,5.27
2014-06-02,2.21,21.36,9.71,12.43
2014-06-03,0.07,21.61,7.4,17.09
2014-06-04,0.07,22.98,5.59,17.32
2014-06-05,0.0,26.24,7.7,13.62
2014-06-06,0.33,26.22,12.93,8.04
2014-06-07,0.14,27.15,12.22,13.98
2014-06-08,0.03,26.51,12.93,15.17
2014-06-09,0.0,27.25,12.4,13.65
2014-06-10,0.34,23.43,13.75,11.36
2014-06-11,0.1,24.03,12.02,15.04
2014-06-12,0.26,24.49,10.85,15.01
2014-06-13,0.1,25.03,11.5,15.29
2014-06-14,0.04,24.49,11.62,13.43
2014-06-15,0.4,24.6,12.95,13.78
2014-06-16,0.28,25.27,12.37,14.94
2014-06-17,0.0,26.24,12.54,15.44
2014-06-18,2.25,24.83,10.32,14.98
2014-06-19,5.66,20.53,10.88,13.58
2014-06-20,0.08,21.25,9.76,12.64
2014-06-21,0.08,23.18,10.23,11.72
2014-06-22,0.04,22.76,11.5,14.54
2014-06-23,0.06,22.85,9.56,11.04
2014-06-24,0.01,25.49,9.41,15.76
2014-06-25,0.03,25.4,9.21,14.9
2014-06-26,0.05,25.85,10.45,14.64
2014-06-27,0.04,26.71,11.21,16.08
2014-06-28,0.0,26.93,10.92,14.73
2014-06-29,0.0,23.59,11.86,12.43
2014-06-30,0.0,22.55,9.11,12.8
2014-07-01,0.02,22.35,6.98,17.0
2014-07-02,0.01,26.23,11.63,16.23
2014-07-03,0.03,27.95,11.4,15.35
2014-07-04,0.01,27.83,11.8,14.8
2014-07-05,0.0,26.37,11.3,15.09
2014-07-06,0.03,24.01,10.44,15.48
2014-07-07,0.29,22.51,11.95,8.6
2014-07-08,3.36,20.12,12.45,4.0
2014-07-09,9.07,22.19,10.88,9.64
2014-07-10,5.33,20.64,11.91,6.98
2014-07-11,0.22,21.23,10.03,13.49
2014-07-12,0.02,22.41,9.73,15.83
2014-07-13,0.02,22.81,10.33,16.48
2014-07-14,0.03,22.84,9.38,16.53
2014-07-15,0.07,22.66,8.73,16.83
2014-07-16,0.04,23.57,7.75,15.84
2014-07-17,0.01,24.74,9.58,16.17
2014-07-18,0.01,23.61,10.76,9.71
2014-07-19,0.01,22.03,7.38,15.8
2014-07-20,0.03,23.58,6.13,18.1
2014-07-21,0.04,24.24,7.85,17.74
2014-07-22,0.02,24.97,9.22,17.35
2014-07-23,0.01,24.35,8.02,17.57
2014-07-24,5.54,24.63,11.16,8.98
2014-07-25,10.47,15.63,9.82,4.14
2014-07-26,0.66,17.93,8.84,5.49
2014-07-27,2.55,17.63,10.3,6.89
2014-07-28,0.39,20.09,11.1,13.65
2014-07-29,0.03,22.31,10.43,15.41
2014-07-30,0.02,23.52,9.41,17.47
2014-07-31,0.02,24.04,7.87,17.7
2014-08-01,0.0,25.73,8.46,18.76
2014-08-02,0.0,26.21,10.63,18.7
2014-08-03,0.0,27.8,12.87,18.71
2014-08-04,0.0,27.65,10.59,18.96
2014-08-05,0.65,21.79,7.81,17.23
2014-08-06,0.0,25.24,5.46,19.92
2014-08-07,0.0,26.1,5.6,20.25
2014-08-08,3.81,24.58,8.86,19.18
2014-08-09,0.0,24.76,11.26,17.7
2014-08-10,0.0,24.3,12.32,16.48
2014-08-11,0.0,26.56,10.01,20.04
2014-08-12,0.0,28.74,8.83,18.27
2014-08-13,1.93,23.62,9.87,9.51
2014-08-14,1.23,16.3,8.42,6.34
2014-08-15,0.12,22.97,10.24,13.92
2014-08-16,4.38,24.2,11.3,16.45
2014-08-17,5.39,22.9,11.13,13.51
2014-08-18,0.58,26.15,12.29,18.25
2014-08-19,0.0,26.58,11.01,20.69
2014-08-20,0.01,27.48,10.99,21.45
2014-08-21,0.0,27.99,11.03,21.27
2014-08-22,0.0,29.29,9.76,21.81
2014-08-23,0.01,29.55,10.77,21.91
2014-08-24,0.0,28.69,10.55,20.74
2014-08-25,0.0,29.29,10.13,22.13
2014-08-26,0.32,29.0,11.44,18.11
2014-08-27,0.01,26.29,12.76,16.38
2014-08-28,0.07,27.02,11.25,15.35
2014-08-29,0.03,27.76,10.07,16.26
2014-08-30,0.01,29.27,10.02,22.0
2014-08-31,2.22,29.5,11.69,20.81
2014-09-01,1.93,24.91,14.67,10.44
2014-09-02,0.65,31.24,13.66,22.01
2014-09-03,7.08,26.95,14.01,14.68
2014-09-04,0.06,23.75,11.92,21.04
2014-09-05,0.0,25.7,10.63,23.62
2014-09-06,0.0,26.76,8.65,23.54
2014-09-07,0.0,29.02,9.64,22.72
2014-09-08,0.0,29.38,12.65,19.09
2014-09-09,0.0,29.43,11.6,22.06
2014-09-10,0.0,30.13,11.6,24.58
2014-09-11,0.0,32.39,13.29,22.97
2014-09-12,0.0,31.11,12.48,23.63
2014-09-13,0.0,30.04,12.06,24.75
2014-09-14,0.0,30.87,11.56,24.99
2014-09-15,0.25,31.44,13.31,21.4
2014-09-16,0.12,29.92,15.01,20.1
2014-09-17,0.0,31.29,13.41,23.35
2014-09-18,0.06,32.1,13.5,22.02
2014-09-19,6.26,30.82,15.34,12.52
2014-09-20,2.93,29.55,16.26,6.73
2014-09-21,10.62,26.44,13.59,11.16
2014-09-22,0.41,26.28,10.29,26.59
2014-09-23,0.07,30.33,8.37,26.25
2014-09-24,0.45,31.56,11.87,24.14
2014-09-25,1.63,29.61,15.06,11.15
2014-09-26,15.09,24.09,16.72,10.6
2014-09-27,0.78,27.45,15.77,10.59
2014-09-28,2.75,26.7,16.05,17.9
2014-09-29,0.82,30.52,16.58,19.4
2014-09-30,1.98,29.71,17.9,19.54
2014-10-01,0.91,30.52,17.3,15.77
2014-10-02,0.34,25.68,11.44,22.72
2014-10-03,0.02,24.71,9.51,26.11
2014-10-04,0.0,24.59,8.31,27.01
2014-10-05,0.0,23.86,8.74,25.79
2014-10-06,0.0,26.8,8.26,26.99
2014-10-07,0.0,27.03,9.88,18.84
2014-10-08,0.0,29.41,10.14,27.37
2014-10-09,0.0,31.16,12.03,28.01
2014-10-10,0.03,32.93,13.74,27.51
2014-10-11,0.0,34.51,13.93,27.03
2014-10-12,0.0,34.81,14.46,26.55
2014-10-13,0.0,35.99,15.4,26.42
2014-10-14,0.0,35.13,17.0,22.71
2014-10-15,0.0,35.91,17.13,24.25
2014-10-16,0.0,35.56,15.97,23.1
2014-10-17,2.1,35.42,18.54,22.83
2014-10-18,2.51,36.67,16.9,21.62
2014-10-19,7.71,31.53,18.24,24.71
2014-10-20,0.94,32.05,16.73,11.2
2014-10-21,0.16,28.25,14.57,14.55
2014-10-22,0.04,28.4,13.47,23.68
2014-10-23,0.16,29.39,13.24,25.37
2014-10-24,3.04,31.91,14.74,23.01
2014-10-25,2.66,22.82,16.57,12.6
2014-10-26,13.72,27.65,14.86,18.66
2014-10-27,0.61,30.14,13.33,26.87
2014-10-28,0.04,30.44,10.57,30.75
2014-10-29,0.0,31.12,12.5,28.82
2014-10-30,0.63,31.13,15.55,24.53
2014-10-31,6.01,28.85,17.06,21.99
2014-11-01,7.95,27.93,18.54,19.91
2014-11-02,5.12,29.44,17.93,23.67
2014-11-03,5.9,27.6,16.65,21.21
2014-11-04,7.46,26.3,17.88,11.98
2014-11-05,6.38,27.7,17.37,13.02
2014-11-06,8.73,30.04,16.66,23.68
2014-11-07,16.25,29.48,16.76,21.82
2014-11-08,0.22,27.25,17.46,15.62
2014-11-09,1.66,29.95,15.26,21.78
2014-11-10,0.06,31.22,13.92,29.64
2014-11-11,0.06,30.83,14.03,29.14
2014-11-12,2.67,28.13,15.25,13.95
2014-11-13,14.01,28.67,16.79,20.06
2014-11-14,5.17,27.94,13.81,20.12
2014-11-15,0.79,25.41,12.49,23.12
2014-11-16,0.02,29.15,10.98,29.61
2014-11-17,0.02,30.57,11.34,28.54
2014-11-18,0.0,29.46,11.61,29.31
2014-11-19,0.0,30.17,12.36,27.1
2014-11-20,0.16,30.22,16.24,23.8
2014-11-21,1.89,30.87,15.97,24.23
2014-11-22,8.11,25.75,18.27,15.72
2014-11-23,5.43,28.1,17.66,13.78
2014-11-24,13.44,28.63,17.1,18.81
2014-11-25,18.73,25.29,18.3,16.91
2014-11-26,30.69,23.55,17.91,12.06
2014-11-27,4.14,26.08,17.54,19.16
2014-11-28,1.45,28.27,16.31,20.46
2014-11-29,0.64,27.19,15.44,16.74
2014-11-30,6.59,27.19,15.64,13.16
2014-12-01,3.76,28.3,15.4,21.13
2014-12-02,0.2,27.43,14.11,21.2
2014-12-03,0.17,28.23,15.84,23.43
2014-12-04,1.24,29.04,16.46,19.01
2014-12-05,3.27,28.15,15.32,22.38
2014-12-06,1.16,28.93,14.73,26.26
2014-12-07,0.13,29.93,16.0,27.01
2014-12-08,0.09,26.64,17.01,22.63
2014-12-09,2.48,25.34,17.12,15.4
2014-12-10,9.55,27.16,16.82,14.67
2014-12-11,11.5,23.93,16.16,14.38
2014-12-12,13.64,25.86,15.55,17.5
2014-12-13,7.7,22.05,16.26,9.95
2014-12-14,4.11,28.8,16.0,24.08
2014-12-15,0.61,29.1,13.74,30.14
2014-12-16,0.04,29.46,13.31,28.11
2014-12-17,0.02,29.51,14.05,27.27
2014-12-18,2.18,30.55,16.55,24.61
2014-12-19,29.08,27.59,19.09,22.41
2014-12-20,8.8,27.31,18.77,18.49
2014-12-21,5.96,27.99,18.24,19.69
2014-12-22,14.0,27.86,18.87,16.4
2014-12-23,25.02,23.64,16.48,11.23
2014-12-24,0.56,27.19,15.8,17.48
2014-12-25,1.01,29.28,17.05,24.87
2014-12-26,0.1,31.04,17.98,29.74
2014-12-27,0.0,32.37,17.12,29.48
2014-12-28,1.58,29.71,19.13,28.66
2014-12-29,18.23,26.12,17.08,23.43
2014-12-30,2.15,28.5,16.34,19.57
2014-12-31,0.2,26.88,18.21,19.78
2015-01-01,1.56,27.7,17.99,25.61
2015-01-02,3.2,26.72,19.27,25.77
2015-01-03,3.17,30.61,18.7,25.94
2015-01-04,1.11,25.29,18.51,17.4
2015-01-05,7.15,26.33,17.7,16.32
2015-01-06,4.52,25.18,17.82,18.84
2015-01-07,3.55,29.74,17.3,25.23
2015-01-08,0.8,29.58,17.31,26.87
2015-01-09,0.02,32.05,17.27,29.56
2015-01-10,3.65,31.05,20.23,28.43
2015-01-11,6.12,32.61,18.78,29.45
2015-01-12,3.57,32.99,17.81,26.74
2015-01-13,0.56,31.96,19.33,28.52
2015-01-14,1.04,30.67,19.03,21.2
2015-01-15,0.21,29.7,19.17,26.83
2015-01-16,0.02,31.86,18.33,29.05
2015-01-17,0.0,34.58,17.35,29.57
2015-01-18,0.03,34.5,17.34,29.19
2015-01-19,0.05,35.97,16.58,30.31
2015-01-20,2.13,35.05,16.05,28.19
2015-01-21,1.15,31.64,18.43,19.81
2015-01-22,13.23,23.25,18.38,17.02
2015-01-23,4.72,22.99,16.57,17.64
2015-01-24,4.68,27.11,16.16,23.44
2015-01-25,14.48,24.09,16.47,25.87
2015-01-26,14.56,25.62,16.88,19.34
2015-01-27,7.57,27.03,16.3,18.7
2015-01-28,1.43,26.45,17.05,21.0
2015-01-29,0.2,27.34,17.5,19.32
2015-01-30,2.0,26.68,17.44,23.03
2015-01-31,9.82,26.34,18.32,22.06
2015-02-01,7.32,29.06,17.74,25.53
2015-02-02,11.15,25.28,18.08,18.55
2015-02-03,2.26,27.75,16.53,26.96
2015-02-04,6.15,22.77,16.81,11.0
2015-02-05,15.3,21.77,16.67,6.7
2015-02-06,16.88,25.63,17.3,19.2
2015-02-07,1.69,26.13,16.0,20.01
2015-02-08,4.41,28.83,15.56,25.18
2015-02-09,3.55,27.12,17.36,20.46
2015-02-10,7.13,27.4,18.22,14.01
2015-02-11,2.76,28.88,17.54,21.29
2015-02-12,0.43,29.25,18.85,25.4
2015-02-13,0.27,28.2,19.29,19.96
2015-02-14,0.36,29.33,17.86,24.87
2015-02-15,3.14,28.07,17.84,19.81
2015-02-16,1.5,25.69,17.29,14.27
2015-02-17,24.43,24.71,16.92,13.85
2015-02-18,9.79,22.69,17.85,9.67
2015-02-19,8.11,24.5,17.2,11.36
2015-02-20,1.37,24.57,17.79,17.41
2015-02-21,0.0,30.48,16.56,26.29
2015-02-22,0.0,30.1,17.51,24.94
2015-02-23,2.48,29.45,16.48,26.75
2015-02-24,8.35,27.15,16.55,24.38
2015-02-25,9.65,25.41,17.91,20.43
2015-02-26,3.61,27.95,17.3,25.04
2015-02-27,4.62,27.9,16.44,21.3
2015-02-28,6.5,27.02,17.12,22.26
2015-03-01,0.81,28.12,15.88,25.78
2015-03-02,0.06,29.15,14.07,26.31
2015-03-03,0.04,27.21,15.17,23.45
2015-03-04,0.74,28.32,17.2,23.58
2015-03-05,0.63,29.43,17.29,23.85
2015-03-06,1.85,27.09,16.71,19.94
2015-03-07,20.47,23.71,17.75,14.92
2015-03-08,5.17,23.39,17.75,11.21
2015-03-09,16.54,21.78,16.62,9.9
2015-03-10,4.5,26.14,15.97,13.94
2015-03-11,4.03,26.97,17.09,22.21
2015-03-12,5.07,23.93,17.72,10.79
2015-03-13,4.75,24.46,16.56,14.94
2015-03-14,3.47,27.2,15.8,11.2
2015-03-15,3.33,26.41,16.37,10.29
2015-03-16,5.83,28.01,17.04,14.26
2015-03-17,3.42,23.28,15.94,8.93
2015-03-18,5.2,22.68,16.17,10.16
2015-03-19,2.86,22.58,15.74,9.01
2015-03-20,6.51,21.76,15.21,12.22
2015-03-21,10.05,23.89,13.77,13.57
2015-03-22,15.09,23.17,15.01,13.25
2015-03-23,3.46,25.83,15.42,19.53
2015-03-24,0.09,27.51,15.05,22.74
2015-03-25,0.01,27.73,14.29,23.26
2015-03-26,0.01,27.39,13.97,22.18
2015-03-27,0.92,26.98,17.71,21.3
2015-03-28,2.63,27.72,16.46,19.04
2015-03-29,13.52,26.96,17.19,15.23
2015-03-30,7.85,27.08,17.71,10.28
2015-03-31,0.97,25.76,17.72,14.56
2015-04-01,0.1,27.93,17.54,21.85
2015-04-02,0.02,26.93,15.4,22.35
2015-04-03,0.03,26.82,13.87,21.69
2015-04-04,1.31,26.94,15.2,20.0
2015-04-05,9.71,25.1,16.74,10.75
2015-04-06,6.27,26.11,15.0,16.72
2015-04-07,0.72,23.2,13.26,16.45
2015-04-08,0.04,23.56,12.04,20.14
2015-04-09,0.01,25.49,13.96,20.17
2015-04-10,0.0,25.93,14.1,18.89
2015-04-11,0.02,25.41,14.54,19.94
2015-04-12,0.05,26.38,13.72,20.5
2015-04-13,0.36,25.4,14.77,19.16
2015-04-14,0.59,24.67,15.65,17.49
2015-04-15,6.58,25.26,14.69,13.65
2015-04-16,5.02,28.4,16.51,17.67
2015-04-17,0.55,26.73,14.62,19.57
2015-04-18,0.32,26.85,16.45,17.78
2015-04-19,9.2,26.86,17.88,14.34
2015-04-20,1.01,27.32,17.26,18.3
2015-04-21,1.3,24.96,17.94,15.51
2015-04-22,4.44,25.74,16.86,11.12
2015-04-23,1.51,26.52,17.14,14.59
2015-04-24,0.39,26.44,15.4,16.3
2015-04-25,0.36,23.73,12.74,18.8
2015-04-26,0.23,24.25,12.28,20.2
2015-04-27,0.03,24.61,12.76,20.33
2015-04-28,0.14,23.85,12.06,16.79
2015-04-29,0.11,23.46,13.98,16.43
2015-04-30,0.92,22.67,13.22,17.54
2015-05-01,0.13,22.94,11.91,16.31
2015-05-02,0.01,24.03,11.97,16.15
2015-05-03,1.3,24.68,14.14,13.98
2015-05-04,3.19,23.1,14.15,5.58
2015-05-05,4.22,24.56,14.54,15.1
2015-05-06,1.07,24.39,13.04,11.29
2015-05-07,0.21,22.61,11.82,16.85
2015-05-08,0.26,21.49,11.61,16.64
2015-05-09,0.01,24.17,10.97,17.68
2015-05-10,13.42,22.74,12.0,13.0
2015-05-11,7.58,20.26,14.24,5.9
2015-05-12,0.28,20.66,11.02,13.97
2015-05-13,0.32,22.12,11.98,13.85
2015-05-14,0.0,21.89,12.23,15.06
2015-05-15,0.0,21.38,10.95,12.99
2015-05-16,0.01,22.06,8.9,17.24
2015-05-17,0.01,22.01,11.6,13.34
2015-05-18,0.67,21.21,13.46,8.45
2015-05-19,2.31,19.67,13.39,9.0
2015-05-20,0.65,21.81,13.48,11.65
2015-05-21,0.17,22.98,12.71,13.78
2015-05-22,0.01,24.02,12.31,15.5
2015-05-23,0.0,22.86,12.28,10.0
2015-05-24,0.01,25.2,11.86,15.95
2015-05-25,0.09,26.33,14.53,16.46
2015-05-26,1.04,26.26,13.78,14.79
2015-05-27,0.46,25.38,14.19,14.39
2015-05-28,4.99,20.9,12.9,4.56
2015-05-29,1.74,20.56,11.41,9.09
2015-05-30,5.12,21.21,9.62,13.87
2015-05-31,8.65,22.03,11.25,2.61
2015-06-01,0.94,23.04,13.45,9.35
2015-06-02,0.08,20.22,12.42,7.06
2015-06-03,0.01,22.46,11.99,12.09
2015-06-04,0.03,24.59,12.6,15.51
2015-06-05,0.03,23.62,10.44,16.53
2015-06-06,0.06,23.73,10.67,14.99
2015-06-07,0.03,24.17,11.51,15.19
2015-06-08,0.0,24.42,11.19,16.27
2015-06-09,0.01,23.83,10.43,16.44
2015-06-10,0.01,23.36,9.74,15.07
2015-06-11,0.0,24.67,10.42,16.3
2015-06-12,0.02,24.4,12.32,11.33
2015-06-13,0.0,25.24,12.68,16.02
2015-06-14,0.01,24.74,12.08,14.43
2015-06-15,3.94,21.66,13.48,5.3
2015-06-16,0.19,23.36,10.68,13.4
2015-06-17,0.03,25.3,14.01,10.49
2015-06-18,1.68,25.68,13.68,13.82
2015-06-19,4.4,17.84,11.47,9.08
2015-06-20,0.65,21.46,10.5,15.51
2015-06-21,0.0,22.73,9.97,15.14
2015-06-22,0.03,23.27,9.58,13.18
2015-06-23,0.58,22.93,10.09,12.73
2015-06-24,2.38,18.77,11.09,7.65
2015-06-25,0.22,20.67,10.03,14.62
2015-06-26,0.0,21.33,9.35,15.55
2015-06-27,0.01,20.34,8.26,16.51
2015-06-28,0.01,20.17,5.53,16.39
2015-06-29,0.04,21.33,8.31,15.45
2015-06-30,0.2,22.23,11.14,12.22
2015-07-01,0.2,23.03,11.46,5.74
2015-07-02,0.65,22.99,12.88,8.11
2015-07-03,1.21,23.19,12.36,4.31
2015-07-04,1.05,22.81,13.17,5.9
2015-07-05,0.78,17.88,9.53,5.51
2015-07-06,0.2,21.88,10.68,11.36
2015-07-07,0.51,21.31,13.62,5.96
2015-07-08,1.35,18.84,14.23,3.94
2015-07-09,0.33,19.25,11.57,8.76
2015-07-10,0.02,24.76,11.26,15.25
2015-07-11,0.78,24.56,11.75,12.29
2015-07-12,0.04,26.23,10.81,16.01
2015-07-13,0.0,26.64,12.77,16.07
2015-07-14,0.02,27.54,12.34,16.09
2015-07-15,0.0,27.23,12.73,13.31
2015-07-16,0.01,25.05,12.06,12.77
2015-07-17,0.02,22.18,10.48,9.42
2015-07-18,0.01,24.84,10.74,15.66
2015-07-19,0.01,24.49,9.51,17.36
2015-07-20,0.02,24.14,10.07,14.73
2015-07-21,0.08,23.59,12.61,10.86
2015-07-22,0.15,21.68,11.09,12.52
2015-07-23,0.11,23.41,11.98,10.53
2015-07-24,3.46,24.57,12.14,15.77
2015-07-25,5.0,23.81,11.65,5.38
2015-07-26,0.28,23.38,11.59,13.92
2015-07-27,0.01,23.94,10.85,17.62
2015-07-28,0.01,24.95,11.99,18.45
2015-07-29,0.02,25.89,9.72,18.63
2015-07-30,0.02,27.28,9.43,18.65
2015-07-31,0.02,26.57,9.91,18.54
2015-08-01,0.0,27.22,10.3,18.24
2015-08-02,0.0,26.07,9.8,18.88
2015-08-03,0.05,27.33,10.15,18.87
2015-08-04,0.04,27.69,12.74,19.1
2015-08-05,0.0,26.64,9.91,17.28
2015-08-06,0.0,27.14,10.68,17.98
2015-08-07,0.03,28.14,11.06,19.22
2015-08-08,0.0,28.5,10.59,18.93
2015-08-09,0.02,27.13,11.62,17.6
2015-08-10,0.06,26.82,11.85,19.25
2015-08-11,0.0,28.16,10.26,19.75
2015-08-12,0.03,27.55,9.13,20.27
2015-08-13,0.02,27.71,9.02,18.86
2015-08-14,0.03,26.67,9.66,20.03
2015-08-15,0.13,26.18,10.8,17.57
2015-08-16,0.03,28.29,11.25,18.06
2015-08-17,0.0,26.95,11.13,19.45
2015-08-18,0.0,23.41,12.34,13.95
2015-08-19,0.08,27.65,12.57,15.03
2015-08-20,0.1,24.97,10.04,19.95
2015-08-21,0.03,26.58,11.01,19.18
2015-08-22,0.04,28.08,10.71,20.43
2015-08-23,0.04,29.11,11.49,21.71
2015-08-24,1.76,26.41,12.69,14.52
2015-08-25,11.3,24.79,12.17,6.56
2015-08-26,0.7,28.1,12.3,19.52
2015-08-27,4.61,26.83,13.72,3.69
2015-08-28,0.27,26.9,11.8,15.35
2015-08-29,0.06,28.69,10.55,21.83
2015-08-30,0.08,31.46,10.85,21.84
2015-08-31,0.03,32.13,11.87,22.84
2015-09-01,0.02,31.4,15.45,22.82
2015-09-02,0.04,29.55,13.12,21.72
2015-09-03,0.04,29.0,11.58,21.11
2015-09-04,0.34,29.49,13.78,16.27
2015-09-05,1.45,23.68,13.32,14.07
2015-09-06,2.81,25.21,12.76,10.25
2015-09-07,14.14,27.21,15.75,8.29
2015-09-08,8.78,26.05,16.02,5.36
2015-09-09,26.64,23.44,15.08,9.81
2015-09-10,11.25,24.4,11.77,8.12
2015-09-11,29.28,24.21,15.31,7.0
2015-09-12,1.4,25.15,12.46,7.07
2015-09-13,4.81,24.05,11.01,14.75
2015-09-14,0.07,26.26,10.99,19.99
2015-09-15,0.07,28.9,13.94,19.97
2015-09-16,0.02,30.53,14.93,23.43
2015-09-17,0.03,32.0,15.39,23.54
2015-09-18,0.0,33.42,15.14,24.14
2015-09-19,0.0,33.47,17.31,24.04
2015-09-20,0.0,32.98,13.37,25.25
2015-09-21,0.0,32.76,12.81,25.82
2015-09-22,0.0,32.63,12.33,23.79
2015-09-23,0.0,33.08,15.51,23.25
2015-09-24,0.0,34.1,18.32,25.97
2015-09-25,9.07,33.24,17.66,18.19
2015-09-26,2.28,27.8,17.04,7.29
2015-09-27,4.13,30.78,16.33,19.67
2015-09-28,8.25,24.93,16.84,9.68
2015-09-29,3.4,23.5,17.18,15.89
2015-09-30,2.39,28.68,15.67,14.91
2015-10-01,0.42,29.55,15.39,15.63
2015-10-02,2.94,30.77,16.98,22.91
2015-10-03,0.92,27.33,17.76,14.27
2015-10-04,0.16,24.85,15.81,11.85
2015-10-05,0.02,29.08,13.61,25.26
2015-10-06,0.02,31.04,12.0,25.99
2015-10-07,0.08,32.49,13.82,26.09
2015-10-08,0.0,33.61,15.63,26.82
2015-10-09,0.03,33.12,16.14,25.06
2015-10-10,0.37,28.17,17.04,13.66
2015-10-11,0.01,31.63,17.09,20.66
2015-10-12,0.08,31.98,17.18,24.24
2015-10-13,5.47,29.8,16.58,20.59
2015-10-14,0.96,34.12,16.17,25.86
2015-10-15,0.0,35.52,17.46,27.33
2015-10-16,0.0,36.14,19.45,25.17
2015-10-17,0.03,35.12,16.8,25.19
2015-10-18,0.09,31.4,14.29,23.22
2015-10-19,0.09,33.27,13.62,24.87
2015-10-20,2.06,36.19,16.15,25.02
2015-10-21,1.24,35.26,18.85,12.95
2015-10-22,26.94,29.63,18.25,14.24
2015-10-23,0.44,29.38,16.92,17.34
2015-10-24,0.05,31.57,15.61,25.24
2015-10-25,1.18,30.92,14.25,24.69
2015-10-26,4.8,28.72,15.76,18.78
2015-10-27,6.91,29.96,17.6,16.49
2015-10-28,3.49,28.74,17.59,11.29
2015-10-29,0.44,30.17,16.04,26.44
2015-10-30,0.01,31.03,14.75,27.78
2015-10-31,8.18,29.13,16.54,18.68
2015-11-01,18.05,25.48,16.24,10.54
2015-11-02,19.99,26.73,17.36,16.83
2015-11-03,2.8,25.88,18.71,11.66
2015-11-04,7.34,25.49,18.28,18.1
2015-11-05,2.4,27.36,17.4,16.67
2015-11-06,1.63,28.72,16.76,18.56
2015-11-07,1.21,30.15,15.36,13.95
2015-11-08,2.93,29.21,16.14,14.05
2015-11-09,2.55,26.85,17.38,19.2
2015-11-10,0.32,31.46,17.73,26.06
2015-11-11,12.16,30.56,18.16,24.21
2015-11-12,0.37,30.67,18.05,20.43
2015-11-13,5.98,31.24,18.07,23.81
2015-11-14,4.4,30.33,17.32,23.68
2015-11-15,3.18,29.01,19.51,16.16
2015-11-16,4.88,24.63,17.92,21.79
2015-11-17,11.84,28.95,17.31,20.4
2015-11-18,3.43,29.82,19.01,25.3
2015-11-19,19.03,29.25,19.94,19.17
2015-11-20,8.68,24.57,19.3,13.11
2015-11-21,1.83,28.19,15.61,17.15
2015-11-22,5.29,29.45,14.53,22.57
2015-11-23,6.95,27.12,18.36,9.42
2015-11-24,8.49,23.64,17.97,6.0
2015-11-25,1.21,28.21,18.2,9.6
2015-11-26,0.28,28.79,16.69,22.21
2015-11-27,0.08,30.56,15.45,26.32
2015-11-28,5.94,27.07,18.49,18.46
2015-11-29,10.62,27.43,18.44,13.53
2015-11-30,6.55,26.08,16.23,18.69
2015-12-01,1.8,28.28,15.5,15.72
2015-12-02,10.43,24.59,18.34,19.05
2015-12-03,4.01,25.69,16.92,18.29
2015-12-04,6.94,26.06,16.59,20.5
2015-12-05,4.98,24.77,18.13,20.72
2015-12-06,26.43,26.16,17.48,18.08
2015-12-07,13.21,25.9,17.47,15.01
2015-12-08,5.43,28.72,16.96,21.9
2015-12-09,11.16,27.71,17.26,16.91
2015-12-10,10.45,24.0,18.35,11.61
2015-12-11,1.87,27.21,18.18,22.97
2015-12-12,10.35,25.87,18.6,18.16
2015-12-13,10.3,24.67,18.29,19.94
2015-12-14,3.9,29.16,17.6,23.79
2015-12-15,4.38,26.83,18.77,21.14
2015-12-16,5.19,22.95,18.24,17.46
2015-12-17,6.26,27.99,17.34,26.73
2015-12-18,5.33,29.21,17.2,25.87
2015-12-19,6.87,26.69,18.83,22.21
2015-12-20,9.92,24.18,18.31,19.37
2015-12-21,5.65,26.97,17.66,21.65
2015-12-22,13.11,28.73,16.99,22.41
2015-12-23,7.14,28.79,18.24,25.75
2015-12-24,0.23,27.95,18.87,21.6
2015-12-25,4.94,26.95,18.71,16.1
2015-12-26,7.41,25.61,18.79,21.96
2015-12-27,2.33,25.89,18.78,14.83
2015-12-28,11.22,24.23,18.46,12.29
2015-12-29,16.75,24.14,18.05,9.75
2015-12-30,4.22,24.98,17.62,9.39
2015-12-31,4.79,26.51,18.03,19.8
2016-01-01,5.98,25.49,19.19,22.27
2016-01-02,12.07,27.14,18.66,17.39
2016-01-03,25.61,25.52,17.28,15.82
2016-01-04,1.83,29.11,16.01,19.99
2016-01-05,0.49,29.28,15.57,26.9
2016-01-06,0.54,30.69,16.43,28.83
2016-01-07,0.51,30.0,16.56,28.6
2016-01-08,2.38,30.37,17.98,23.68
2016-01-09,8.66,27.51,20.12,14.89
2016-01-10,11.25,23.75,19.45,16.45
2016-01-11,21.17,24.03,19.66,9.19
2016-01-12,20.56,23.97,19.81,7.04
2016-01-13,18.87,28.29,19.36,15.82
2016-01-14,37.42,25.01,19.54,13.72
2016-01-15,46.83,25.12,19.11,10.01
2016-01-16,8.23,25.38,15.81,19.84
2016-01-17,1.34,25.58,14.34,18.19
2016-01-18,1.54,25.8,14.36,17.43
2016-01-19,8.4,24.07,15.46,15.98
2016-01-20,4.98,27.57,16.91,23.64
2016-01-21,0.2,26.39,14.83,28.89
2016-01-22,0.24,27.53,14.04,29.03
2016-01-23,1.54,27.44,15.06,26.06
2016-01-24,5.09,21.97,16.49,20.73
2016-01-25,12.93,27.14,17.64,26.42
2016-01-26,2.58,29.86,17.23,27.49
2016-01-27,16.87,28.97,19.1,19.4
2016-01-28,11.62,24.48,18.63,16.7
2016-01-29,8.2,23.44,17.64,12.0
2016-01-30,0.07,27.68,18.22,25.82
2016-01-31,0.03,29.19,17.45,29.89
2016-02-01,0.11,30.08,16.52,29.73
2016-02-02,0.22,30.25,18.01,28.43
2016-02-03,2.76,29.9,17.71,25.6
2016-02-04,0.71,30.08,18.41,20.65
2016-02-05,4.8,29.95,19.31,23.55
2016-02-06,9.14,29.03,18.24,16.72
2016-02-07,8.77,26.48,19.22,21.78
2016-02-08,14.66,27.84,17.57,22.72
2016-02-09,6.51,29.98,17.28,27.09
2016-02-10,0.65,30.14,17.61,25.98
2016-02-11,20.1,27.13,18.28,17.5
2016-02-12,0.48,28.09,16.85,23.91
2016-02-13,0.02,29.67,17.75,24.35
2016-02-14,0.04,30.63,19.27,22.39
2016-02-15,13.47,26.47,19.43,17.86
2016-02-16,18.24,24.31,19.04,16.23
2016-02-17,7.94,27.99,18.25,21.29
2016-02-18,4.47,27.68,18.05,23.79
2016-02-19,4.36,28.8,17.75,20.76
2016-02-20,6.97,28.07,18.4,23.52
2016-02-21,18.36,24.26,18.92,12.91
2016-02-22,21.98,23.9,18.32,10.5
2016-02-23,6.38,24.68,17.93,12.25
2016-02-24,5.63,26.31,17.02,14.8
2016-02-25,4.36,27.85,17.18,20.38
2016-02-26,6.18,28.1,17.63,22.53
2016-02-27,5.28,24.43,18.94,12.66
2016-02-28,3.89,25.47,18.11,14.64
2016-02-29,8.08,23.41,16.18,12.93
2016-03-01,15.23,21.89,15.7,8.78
2016-03-02,16.92,23.77,16.58,11.3
2016-03-03,9.63,22.3,17.41,9.51
2016-03-04,8.62,25.26,18.22,16.28
2016-03-05,1.31,25.01,18.19,19.8
2016-03-06,4.96,26.61,17.81,18.21
2016-03-07,5.56,27.89,18.62,19.88
2016-03-08,4.15,29.38,17.15,22.09
2016-03-09,1.13,26.3,18.88,22.05
2016-03-10,17.9,23.82,18.23,9.71
2016-03-11,21.54,25.4,19.1,14.02
2016-03-12,1.37,27.88,17.69,17.26
2016-03-13,1.08,27.62,16.14,18.41
2016-03-14,6.06,28.17,15.52,22.92
2016-03-15,8.3,27.3,16.44,18.84
2016-03-16,3.77,24.76,17.57,16.34
2016-03-17,6.15,27.12,16.91,20.57
2016-03-18,1.82,27.64,15.57,23.09
2016-03-19,0.06,28.21,15.69,25.8
2016-03-20,0.23,28.89,15.53,21.82
2016-03-21,0.29,27.44,16.98,23.82
2016-03-22,1.37,27.11,16.91,17.16
2016-03-23,10.63,25.44,18.0,19.3
2016-03-24,10.16,25.7,17.59,19.28
2016-03-25,12.54,25.3,17.64,14.26
2016-03-26,4.54,26.22,17.35,13.92
2016-03-27,0.54,28.35,18.14,20.68
2016-03-28,2.01,27.8,17.49,18.95
2016-03-29,6.34,28.36,18.5,19.88
2016-03-30,1.7,27.31,18.38,19.71
2016-03-31,0.18,27.3,17.69,20.4
2016-04-01,2.22,28.46,16.9,20.69
2016-04-02,0.57,28.82,16.76,21.9
2016-04-03,0.12,28.9,15.67,22.26
2016-04-04,0.03,28.54,15.97,22.33
2016-04-05,0.04,28.44,16.16,22.44
2016-04-06,0.17,27.73,15.42,22.01
2016-04-07,0.01,28.62,16.54,23.11
2016-04-08,0.07,28.74,14.95,22.09
2016-04-09,0.04,29.48,14.81,22.43
2016-04-10,0.06,29.4,14.17,21.0
2016-04-11,0.04,28.21,16.94,18.85
2016-04-12,0.07,28.65,16.84,19.93
2016-04-13,0.01,27.79,16.52,20.4
2016-04-14,0.07,27.39,15.09,17.15
2016-04-15,0.01,27.87,16.46,19.7
2016-04-16,0.0,27.98,14.38,20.73
2016-04-17,0.07,27.52,14.42,21.95
2016-04-18,0.11,27.48,15.34,20.4
2016-04-19,0.02,27.37,15.35,19.37
2016-04-20,0.01,27.02,16.4,19.99
2016-04-21,0.0,26.19,15.19,19.48
2016-04-22,0.01,27.51,16.0,19.46
2016-04-23,0.05,26.53,14.84,19.0
2016-04-24,0.03,26.87,14.76,19.89
2016-04-25,0.01,26.05,14.83,17.63
2016-04-26,0.29,24.5,16.12,11.19
2016-04-27,3.0,20.57,13.31,4.46
2016-04-28,0.35,22.19,11.63,15.17
2016-04-29,7.28,18.75,11.1,7.59
2016-04-30,0.78,20.75,9.84,17.31
2016-05-01,0.08,19.68,7.74,20.85
2016-05-02,0.02,20.83,6.76,20.95
2016-05-03,0.01,23.36,8.26,19.63
2016-05-04,0.04,22.92,10.03,17.95
2016-05-05,0.04,23.3,10.95,17.42
2016-05-06,0.09,23.58,11.27,15.93
2016-05-07,0.17,23.4,11.64,11.06
2016-05-08,0.08,24.79,13.52,14.12
2016-05-09,0.08,25.52,14.1,12.7
2016-05-10,0.45,24.44,15.02,9.6
2016-05-11,0.15,22.09,14.0,13.15
2016-05-12,0.01,23.27,13.45,12.08
2016-05-13,0.02,22.07,12.65,14.45
2016-05-14,0.07,21.85,12.06,14.56
2016-05-15,0.87,23.13,12.03,14.73
2016-05-16,3.22,24.62,14.72,13.27
2016-05-17,6.51,22.19,15.26,7.73
2016-05-18,9.52,21.2,12.67,6.19
2016-05-19,3.16,20.46,11.79,8.91
2016-05-20,14.86,24.08,12.24,13.46
2016-05-21,4.22,21.73,14.52,5.45
2016-05-22,0.94,24.54,14.18,15.76
2016-05-23,1.51,17.72,8.86,8.31
2016-05-24,0.03,18.32,5.6,17.63
2016-05-25,0.01,21.16,9.8,16.05
2016-05-26,0.01,21.85,11.5,13.8
2016-05-27,0.0,21.11,11.32,13.39
2016-05-28,0.0,23.01,11.48,15.43
2016-05-29,0.11,20.57,12.53,8.99
2016-05-30,15.64,21.26,12.02,6.6
2016-05-31,1.52,22.04,12.82,9.13
2016-06-01,13.51,22.45,14.07,12.06
2016-06-02,8.26,19.9,14.96,10.44
2016-06-03,10.27,20.23,13.06,6.03
2016-06-04,26.43,18.89,12.82,5.75
2016-06-05,19.17,21.87,16.65,6.1
2016-06-06,12.52,23.41,17.86,8.34
2016-06-07,15.54,19.56,12.39,4.53
2016-06-08,0.56,18.86,8.37,15.44
2016-06-09,0.03,18.09,6.2,15.03
2016-06-10,0.05,18.81,5.87,12.83
2016-06-11,0.04,16.98,4.66,16.05
2016-06-12,0.08,15.9,2.58,16.94
2016-06-13,0.04,15.59,0.69,17.09
2016-06-14,0.09,18.42,3.02,16.3
2016-06-15,0.12,20.74,5.43,15.95
2016-06-16,0.13,22.1,7.91,16.3
2016-06-17,0.0,21.79,7.29,16.16
2016-06-18,0.0,22.21,10.53,15.84
2016-06-19,0.01,21.76,8.06,15.93
2016-06-20,0.16,21.67,8.26,14.68
2016-06-21,0.11,20.16,9.95,12.01
2016-06-22,0.1,20.33,10.66,12.51
2016-06-23,0.3,20.88,11.18,13.33
2016-06-24,0.16,22.09,10.22,14.87
2016-06-25,0.23,21.28,10.09,15.46
2016-06-26,0.07,20.39,8.25,15.38
2016-06-27,0.0,19.86,6.97,16.41
2016-06-28,0.0,20.19,6.77,15.51
2016-06-29,0.06,21.04,8.7,13.66
2016-06-30,0.0,21.37,9.36,11.35
2016-07-01,0.15,22.04,11.33,13.31
2016-07-02,0.03,21.69,11.7,15.88
2016-07-03,0.1,22.91,10.08,15.47
2016-07-04,0.02,22.35,9.96,16.33
2016-07-05,0.07,22.14,9.0,14.39
2016-07-06,0.01,22.37,11.51,13.8
2016-07-07,0.01,20.24,7.47,16.31
2016-07-08,0.01,19.95,4.48,17.19
2016-07-09,0.0,21.6,5.59,17.05
2016-07-10,0.0,23.44,9.54,16.73
2016-07-11,0.0,24.77,10.41,16.92
2016-07-12,0.03,25.14,11.12,16.99
2016-07-13,0.05,24.6,12.08,15.95
2016-07-14,0.0,24.44,10.67,15.98
2016-07-15,0.0,24.52,9.85,16.57
2016-07-16,0.84,23.41,11.41,10.65
2016-07-17,0.17,18.28,6.93,17.94
2016-07-18,0.05,19.75,2.84,17.99
2016-07-19,0.0,20.56,4.27,11.3
2016-07-20,0.0,20.8,6.13,16.65
2016-07-21,0.0,19.2,7.48,13.55
2016-07-22,0.03,20.54,8.43,17.32
2016-07-23,0.08,22.45,8.96,14.92
2016-07-24,0.11,24.33,9.71,17.23
2016-07-25,0.0,24.62,10.24,17.99
2016-07-26,0.04,23.21,10.06,17.08
2016-07-27,0.01,24.94,10.9,16.74
2016-07-28,0.03,23.38,8.53,17.62
2016-07-29,0.0,22.27,10.04,14.28
2016-07-30,0.0,23.43,10.82,16.24
2016-07-31,0.01,23.21,10.5,17.15
2016-08-01,0.04,23.14,10.16,15.42
2016-08-02,0.01,23.72,12.52,17.88
2016-08-03,0.03,23.44,11.14,17.09
2016-08-04,0.04,23.57,11.41,16.2
2016-08-05,0.04,24.42,10.55,16.47
2016-08-06,0.0,25.25,11.09,18.54
2016-08-07,0.05,26.76,10.72,17.35
2016-08-08,0.0,26.89,12.72,17.32
2016-08-09,0.0,26.42,11.77,14.59
2016-08-10,0.3,20.29,9.39,7.45
2016-08-11,0.02,19.33,4.81,18.89
2016-08-12,0.05,22.14,7.83,21.05
2016-08-13,0.06,24.56,6.9,20.98
2016-08-14,0.02,26.98,7.14,20.32
2016-08-15,1.05,28.25,11.05,15.9
2016-08-16,1.78,25.13,13.04,11.15
2016-08-17,0.0,27.19,12.28,20.07
2016-08-18,0.75,28.56,12.85,17.86
2016-08-19,0.82,27.58,14.19,19.5
2016-08-20,6.97,24.88,15.18,4.85
2016-08-21,23.38,19.12,7.99,4.2
2016-08-22,1.27,17.61,7.56,17.02
2016-08-23,0.03,23.09,7.15,21.31
2016-08-24,0.03,25.09,9.43,19.67
2016-08-25,0.08,26.35,8.48,21.74
2016-08-26,0.08,26.53,8.13,22.63
2016-08-27,0.03,25.81,8.89,22.06
2016-08-28,0.03,27.18,10.13,21.52
2016-08-29,0.01,28.4,12.42,21.64
2016-08-30,0.51,27.44,13.05,17.57
2016-08-31,6.01,24.59,13.63,5.09
2016-09-01,0.85,26.5,11.69,18.07
2016-09-02,0.02,27.31,12.92,20.02
2016-09-03,0.0,24.88,13.84,15.31
2016-09-04,0.0,23.14,12.51,10.22
2016-09-05,2.5,26.24,13.88,16.14
2016-09-06,0.52,22.72,13.48,5.12
2016-09-07,0.26,25.44,13.23,12.01
2016-09-08,0.0,25.85,9.39,23.95
2016-09-09,0.02,27.92,9.28,22.91
2016-09-10,0.02,28.05,12.44,21.54
2016-09-11,0.0,28.7,13.29,21.92
2016-09-12,0.02,29.82,14.07,22.46
2016-09-13,0.0,30.0,16.25,20.07
2016-09-14,0.68,29.42,15.41,13.64
2016-09-15,0.01,29.36,12.1,20.15
2016-09-16,1.8,29.41,12.02,19.61
2016-09-17,1.45,30.38,14.09,20.06
2016-09-18,3.85,32.79,14.34,21.14
2016-09-19,3.84,31.49,16.08,20.74
2016-09-20,0.58,24.4,9.81,16.24
2016-09-21,0.03,23.26,7.14,25.3
2016-09-22,0.04,27.62,10.02,26.72
2016-09-23,0.0,30.35,10.08,25.55
2016-09-24,0.03,29.63,12.12,23.37
2016-09-25,0.37,27.05,11.67,12.9
2016-09-26,0.16,27.07,10.31,25.09
2016-09-27,0.02,28.24,10.38,26.43
2016-09-28,0.03,29.06,10.47,23.69
2016-09-29,0.01,30.64,13.16,27.24
2016-09-30,0.05,29.46,11.55,25.08
2016-10-01,0.03,27.08,11.88,17.84
2016-10-02,0.01,27.74,11.85,24.81
2016-10-03,24.33,24.36,12.85,7.56
2016-10-04,2.59,23.08,13.44,12.01
2016-10-05,0.13,26.1,12.06,21.57
2016-10-06,1.14,25.11,10.57,19.64
2016-10-07,0.33,24.3,8.08,21.52
2016-10-08,0.0,27.92,10.61,28.36
2016-10-09,0.02,30.36,10.92,27.24
2016-10-10,0.03,29.08,12.93,24.81
2016-10-11,9.12,28.43,13.04,20.54
2016-10-12,7.02,28.23,15.46,25.2
2016-10-13,17.69,26.79,16.89,19.87
2016-10-14,2.75,27.6,15.47,14.83
2016-10-15,4.8,28.11,16.1,17.46
2016-10-16,0.6,30.78,15.62,23.55
2016-10-17,3.52,32.99,17.18,26.31
2016-10-18,0.99,32.68,17.48,21.61
2016-10-19,2.61,34.67,19.01,25.83
2016-10-20,2.18,31.85,18.41,20.33
2016-10-21,5.02,28.67,17.23,18.5
2016-10-22,1.96,25.47,15.99,17.81
2016-10-23,2.84,27.69,14.89,20.28
2016-10-24,16.61,29.68,17.49,21.37
2016-10-25,7.5,23.22,17.5,7.09
2016-10-26,4.92,27.62,16.99,19.37
2016-10-27,7.44,26.24,16.71,15.47
2016-10-28,0.16,26.82,11.04,29.2
2016-10-29,0.08,26.92,9.04,30.42
2016-10-30,0.06,29.22,12.02,27.83
2016-10-31,0.55,29.77,12.94,26.21
2016-11-01,3.18,26.97,15.93,20.44
2016-11-02,2.4,27.28,15.44,20.62
2016-11-03,7.24,26.31,17.01,14.19
2016-11-04,2.12,25.21,15.29,13.54
2016-11-05,3.77,27.15,14.28,21.27
2016-11-06,6.02,26.12,14.91,22.33
2016-11-07,2.34,26.08,14.08,25.25
2016-11-08,0.5,27.65,14.66,26.52
2016-11-09,17.62,28.0,15.88,24.98
2016-11-10,3.58,28.68,16.85,26.19
2016-11-11,3.2,29.6,16.85,26.4
2016-11-12,12.66,23.96,15.94,19.07
2016-11-13,20.76,21.57,15.1,9.28
2016-11-14,21.2,20.67,15.14,10.0
2016-11-15,1.42,27.05,14.24,21.72
2016-11-16,5.63,26.99,14.79,25.72
2016-11-17,5.69,28.33,15.58,24.22
2016-11-18,2.66,24.77,10.36,18.22
2016-11-19,0.15,22.86,9.4,30.71
2016-11-20,0.01,27.01,8.64,31.99
2016-11-21,0.01,27.25,11.33,26.84
2016-11-22,2.84,26.51,16.21,18.25
2016-11-23,6.99,27.42,16.06,14.87
2016-11-24,0.96,28.98,16.42,23.84
2016-11-25,0.54,29.38,15.9,26.24
2016-11-26,1.35,26.87,17.87,21.86
2016-11-27,1.76,28.26,17.76,24.44
2016-11-28,12.31,28.51,18.22,23.18
2016-11-29,7.97,26.34,14.99,19.9
2016-11-30,1.18,22.13,13.48,16.84
2016-12-01,0.19,24.12,12.43,19.45
2016-12-02,0.16,28.79,15.18,22.86
2016-12-03,5.67,24.51,18.27,15.92
2016-12-04,9.63,24.71,16.5,12.59
2016-12-05,5.65,25.61,13.81,22.25
2016-12-06,0.71,28.77,12.32,31.54
2016-12-07,2.21,31.01,16.13,28.44
2016-12-08,12.66,26.25,18.75,26.01
2016-12-09,8.09,27.88,17.45,20.83
2016-12-10,2.61,27.03,18.22,21.46
2016-12-11,9.4,24.55,18.99,12.6
2016-12-12,11.41,26.94,18.56,14.4
2016-12-13,5.04,26.96,18.88,17.35
2016-12-14,3.84,27.12,16.95,21.82
2016-12-15,1.46,20.25,12.8,19.54
2016-12-16,0.24,25.91,11.84,20.57
2016-12-17,1.28,26.99,13.68,26.19
2016-12-18,2.53,26.65,15.48,24.78
2016-12-19,13.28,24.73,16.1,22.29
2016-12-20,4.89,26.55,15.6,23.13
2016-12-21,2.73,27.03,16.57,22.69
2016-12-22,2.4,25.39,17.73,24.61
2016-12-23,10.53,26.98,16.31,26.29
2016-12-24,5.19,28.96,17.49,26.88
2016-12-25,5.16,30.28,16.49,23.81
2016-12-26,1.09,31.27,17.36,30.04
2016-12-27,1.66,28.76,18.91,25.67
2016-12-28,2.49,30.79,18.83,28.3
2016-12-29,2.98,31.33,17.96,28.69
2016-12-30,1.82,29.22,17.32,28.45
2016-12-31,1.71,28.66,18.29,22.69
2017-01-01,1.66,28.04,18.12,27.47
2017-01-02,2.72,28.91,17.81,24.98
2017-01-03,8.14,27.44,18.78,24.28
2017-01-04,0.69,28.36,16.46,16.86
2017-01-05,4.77,28.28,18.11,15.22
2017-01-06,3.32,26.55,17.92,23.61
2017-01-07,6.21,28.92,18.44,23.96
2017-01-08,5.02,27.9,18.45,23.36
2017-01-09,9.68,27.58,18.48,21.14
2017-01-10,13.25,26.06,19.02,21.77
2017-01-11,7.5,26.68,18.36,18.79
2017-01-12,9.36,25.39,18.8,12.23
2017-01-13,6.32,26.25,17.69,15.08
2017-01-14,6.56,29.19,17.52,23.73
2017-01-15,5.49,29.2,17.91,20.76
2017-01-16,26.24,25.98,17.77,16.78
2017-01-17,12.22,23.86,17.44,12.11
2017-01-18,20.89,23.66,17.79,7.69
2017-01-19,23.64,23.4,17.23,11.32
2017-01-20,6.11,24.37,16.1,13.0
2017-01-21,23.29,21.73,17.09,13.68
2017-01-22,7.44,22.3,16.08,9.21
2017-01-23,10.85,23.12,15.69,12.69
2017-01-24,3.99,26.74,15.01,21.39
2017-01-25,6.49,26.41,18.34,18.8
2017-01-26,6.97,24.39,18.45,11.34
2017-01-27,6.28,25.25,17.43,14.51
2017-01-28,0.89,29.6,17.52,28.16
2017-01-29,0.52,28.69,16.92,27.66
2017-01-30,2.2,28.45,17.71,22.71
2017-01-31,3.2,24.86,17.82,22.73
2017-02-01,3.62,25.33,16.14,16.26
2017-02-02,11.16,25.24,16.35,14.48
2017-02-03,7.63,23.98,17.33,20.81
2017-02-04,5.34,27.46,16.44,22.5
2017-02-05,7.24,28.13,18.25,23.89
2017-02-06,3.13,29.59,17.62,26.13
2017-02-07,3.09,28.05,18.69,25.65
2017-02-08,0.66,28.66,18.02,25.62
2017-02-09,0.37,29.66,15.98,26.91
2017-02-10,0.87,27.82,15.72,24.16
2017-02-11,0.29,29.13,17.07,24.0
2017-02-12,0.2,28.48,17.8,26.8
2017-02-13,0.05,27.31,17.75,25.54
2017-02-14,0.01,28.27,16.83,28.28
2017-02-15,0.02,29.04,16.14,26.91
2017-02-16,0.07,30.27,17.03,24.45
2017-02-17,0.98,29.22,17.58,22.99
2017-02-18,3.02,31.32,17.06,25.48
2017-02-19,0.4,31.77,17.87,27.86
2017-02-20,0.08,31.43,18.21,27.74
2017-02-21,0.1,30.07,17.38,27.07
2017-02-22,0.1,27.01,17.2,23.98
2017-02-23,0.35,28.35,16.62,24.72
2017-02-24,10.21,26.48,16.47,18.85
2017-02-25,3.82,22.8,15.03,8.9
2017-02-26,6.47,25.33,15.87,13.99
2017-02-27,7.56,27.21,17.16,23.11
2017-02-28,9.71,26.35,16.46,20.48
2017-03-01,2.06,27.83,16.13,21.39
2017-03-02,8.95,24.42,19.4,14.06
2017-03-03,17.1,24.49,18.51,12.52
2017-03-04,11.17,25.92,18.36,20.27
2017-03-05,12.76,24.99,17.89,11.62
2017-03-06,14.86,25.0,18.05,14.62
2017-03-07,2.55,28.75,17.52,18.63
2017-03-08,10.56,26.26,18.85,17.08
2017-03-09,0.32,28.29,18.4,22.49
2017-03-10,1.02,30.23,18.34,23.39
2017-03-11,0.56,28.44,17.86,22.2
2017-03-12,0.15,29.04,18.58,23.85
2017-03-13,2.08,26.82,17.96,19.51
2017-03-14,9.36,27.07,16.95,17.53
2017-03-15,4.41,26.91,16.22,21.64
2017-03-16,0.53,27.78,15.51,22.75
2017-03-17,1.71,27.97,15.92,22.34
2017-03-18,12.42,23.53,16.46,13.85
2017-03-19,16.49,22.21,15.58,11.81
2017-03-20,1.73,26.09,14.08,22.11
2017-03-21,0.21,26.08,13.47,26.02
2017-03-22,0.28,27.12,13.14,25.37
2017-03-23,0.08,25.11,14.44,20.72
2017-03-24,0.08,26.69,14.54,23.01
2017-03-25,1.38,27.46,14.82,22.7
2017-03-26,0.14,27.04,14.71,23.52
2017-03-27,0.34,26.78,14.15,11.49
2017-03-28,0.6,23.57,15.09,15.5
2017-03-29,0.31,24.16,13.51,24.74
2017-03-30,0.09,25.5,12.49,22.32
2017-03-31,0.06,23.97,13.07,22.54
2017-04-01,0.1,23.65,12.12,22.56
2017-04-02,0.09,24.95,12.66,23.68
2017-04-03,0.03,25.47,12.79,21.21
2017-04-04,0.01,26.59,13.92,21.47
2017-04-05,0.04,27.74,14.1,21.04
2017-04-06,12.43,24.47,16.78,9.1
2017-04-07,22.29,25.82,16.59,13.6
2017-04-08,3.15,24.94,18.17,16.6
2017-04-09,1.56,26.12,17.35,18.39
2017-04-10,0.54,27.03,16.98,18.87
2017-04-11,0.29,27.96,18.41,18.27
2017-04-12,1.51,22.76,15.33,14.31
2017-04-13,0.37,24.73,14.9,19.02
2017-04-14,0.84,26.33,14.74,19.54
2017-04-15,0.23,26.89,15.27,20.68
2017-04-16,0.12,25.95,15.43,19.17
2017-04-17,1.04,25.34,15.1,12.86
2017-04-18,0.26,24.3,13.81,14.72
2017-04-19,0.04,23.31,13.11,17.91
2017-04-20,0.04,25.53,14.23,19.5
2017-04-21,6.52,24.2,14.37,10.56
2017-04-22,3.16,22.83,14.11,17.65
2017-04-23,0.68,24.02,13.57,17.88
2017-04-24,0.03,25.26,12.87,19.62
2017-04-25,0.09,26.09,14.56,17.44
2017-04-26,4.23,22.58,17.57,5.58
2017-04-27,11.82,22.18,13.2,6.36
2017-04-28,0.81,21.23,12.0,11.46
2017-04-29,0.15,22.22,12.01,9.87
2017-04-30,0.04,23.11,12.19,15.79
2017-05-01,0.01,23.43,12.63,17.59
2017-05-02,0.02,22.85,12.74,10.69
2017-05-03,0.02,25.02,11.06,18.29
2017-05-04,2.4,24.19,12.85,14.43
2017-05-05,12.14,22.84,14.35,4.99
2017-05-06,5.25,23.19,13.85,17.66
2017-05-07,0.58,23.5,12.74,16.78
2017-05-08,0.36,23.6,11.73,18.61
2017-05-09,0.04,23.34,11.09,19.31
2017-05-10,0.1,24.15,11.29,17.7
2017-05-11,0.12,22.19,12.97,14.98
2017-05-12,0.02,23.47,11.86,17.13
2017-05-13,0.03,24.87,11.59,16.87
2017-05-14,2.46,23.07,14.03,5.61
2017-05-15,0.42,23.77,12.99,15.41
2017-05-16,0.07,23.37,12.58,11.11
2017-05-17,0.03,22.16,12.74,11.09
2017-05-18,4.67,21.99,12.54,7.48
2017-05-19,46.83,20.03,13.55,2.05
2017-05-20,1.69,22.49,14.6,13.76
2017-05-21,16.67,22.17,16.12,5.09
2017-05-22,7.7,22.55,13.85,8.74
2017-05-23,0.06,22.31,10.87,14.67
2017-05-24,0.37,22.82,10.16,14.93
2017-05-25,0.4,24.61,12.19,15.88
2017-05-26,0.41,25.21,13.01,15.84
2017-05-27,0.31,24.99,14.25,14.49
2017-05-28,0.13,24.05,13.23,12.75
2017-05-29,0.03,23.64,10.96,15.27
2017-05-30,0.04,23.65,12.01,14.12
2017-05-31,0.02,22.58,12.91,15.07
2017-06-01,0.73,22.55,11.94,6.87
2017-06-02,0.04,19.9,8.54,16.88
2017-06-03,0.0,23.04,8.08,17.28
2017-06-04,0.0,25.43,10.42,14.69
2017-06-05,3.76,25.21,12.9,6.18
2017-06-06,2.21,25.74,13.07,8.19
2017-06-07,1.02,26.02,12.97,13.24
2017-06-08,0.15,25.16,12.29,15.2
2017-06-09,1.71,22.41,11.53,9.04
2017-06-10,0.02,19.58,9.04,17.34
2017-06-11,0.15,21.69,4.89,17.35
2017-06-12,2.2,22.2,9.2,10.26
2017-06-13,10.58,22.45,10.93,7.83
2017-06-14,1.0,22.8,12.17,14.45
2017-06-15,0.14,21.15,11.27,16.1
2017-06-16,0.09,21.24,10.25,15.21
2017-06-17,0.03,22.58,8.91,14.76
2017-06-18,0.01,22.22,8.93,10.82
2017-06-19,0.09,22.25,11.45,14.32
2017-06-20,0.34,20.82,11.73,10.2
2017-06-21,0.1,21.12,11.19,15.1
2017-06-22,0.01,21.82,11.15,16.09
2017-06-23,0.0,21.31,11.19,16.6
2017-06-24,0.02,21.62,11.17,15.83
2017-06-25,0.03,21.03,8.91,16.94
2017-06-26,0.04,21.85,7.08,16.41
2017-06-27,0.03,21.01,9.64,15.5
2017-06-28,0.03,23.1,9.35,15.82
2017-06-29,0.02,23.06,8.6,16.5
2017-06-30,0.0,22.62,8.37,15.65
2017-07-01,0.07,21.49,11.14,12.88
2017-07-02,0.36,17.47,9.84,12.55
2017-07-03,0.06,16.17,6.66,13.84
2017-07-04,0.02,17.42,6.31,16.32
2017-07-05,0.0,18.24,6.04,15.37
2017-07-06,0.0,19.63,7.34,15.08
2017-07-07,0.0,20.77,8.86,10.63
2017-07-08,0.0,20.81,8.96,14.33
2017-07-09,0.01,20.45,9.36,15.92
2017-07-10,0.0,21.85,9.0,15.27
2017-07-11,0.0,23.81,8.06,16.4
2017-07-12,0.01,23.83,8.6,16.93
2017-07-13,0.0,24.0,10.35,17.05
2017-07-14,0.03,23.75,8.73,17.32
2017-07-15,0.01,22.25,8.99,15.9
2017-07-16,0.01,22.02,8.87,14.92
2017-07-17,0.0,23.88,8.23,17.63
2017-07-18,0.25,19.67,8.05,11.2
2017-07-19,0.15,17.61,7.07,12.12
2017-07-20,0.09,21.12,10.2,14.29
2017-07-21,0.1,22.65,9.29,15.78
2017-07-22,0.0,23.65,7.74,17.98
2017-07-23,0.0,23.22,9.67,17.89
2017-07-24,0.0,22.95,7.19,18.31
2017-07-25,0.03,24.11,8.28,16.97
2017-07-26,0.01,24.43,7.75,18.44
2017-07-27,0.01,24.23,7.22,18.72
2017-07-28,0.01,22.61,7.15,18.8
2017-07-29,0.0,23.33,7.36,17.69
2017-07-30,0.0,23.29,9.97,16.6
2017-07-31,0.0,21.89,6.78,14.81
2017-08-01,0.0,22.15,6.15,13.64
2017-08-02,0.0,23.77,7.79,15.29
2017-08-03,0.08,22.76,9.62,10.62
2017-08-04,0.6,20.13,9.22,11.5
2017-08-05,0.34,20.93,9.61,16.85
2017-08-06,0.02,23.65,8.83,19.51
2017-08-07,0.01,24.74,8.39,19.24
2017-08-08,0.01,26.83,10.88,15.66
2017-08-09,0.0,28.29,11.77,17.86
2017-08-10,0.0,27.6,11.59,19.18
2017-08-11,0.01,26.98,9.38,19.42
2017-08-12,0.01,28.44,10.55,18.31
2017-08-13,0.0,28.51,12.25,17.7
2017-08-14,0.0,26.29,13.87,10.52
2017-08-15,4.99,26.41,12.18,12.5
2017-08-16,7.82,25.49,13.18,7.14
2017-08-17,7.61,20.38,13.71,4.87
2017-08-18,4.19,20.75,13.22,3.96
2017-08-19,3.64,24.59,13.73,5.71
2017-08-20,8.86,27.14,14.2,11.32
2017-08-21,1.57,16.02,10.04,13.47
2017-08-22,0.31,22.53,9.89,19.29
2017-08-23,0.09,25.09,10.04,18.52
2017-08-24,0.08,25.97,10.41,20.71
2017-08-25,0.04,26.11,9.71,21.4
2017-08-26,0.03,27.7,8.48,22.14
2017-08-27,0.03,28.48,8.59,21.84
2017-08-28,0.02,29.53,9.43,21.28
2017-08-29,0.01,29.79,9.94,22.73
2017-08-30,0.0,30.94,10.15,23.09
2017-08-31,0.02,27.93,12.89,21.33
2017-09-01,0.03,27.57,12.11,20.36
2017-09-02,0.0,28.18,11.33,22.4
2017-09-03,0.01,28.03,8.68,23.48
2017-09-04,0.02,27.74,8.91,23.66
2017-09-05,0.02,28.14,9.16,24.14
2017-09-06,0.02,29.4,10.78,23.86
2017-09-07,0.01,29.85,9.92,23.91
2017-09-08,0.0,30.12,10.63,24.11
2017-09-09,0.03,29.71,11.72,22.61
2017-09-10,0.02,29.87,12.7,24.57
2017-09-11,0.02,30.59,13.43,24.0
2017-09-12,0.0,31.56,13.11,24.59
2017-09-13,0.0,31.23,12.08,24.69
2017-09-14,0.01,31.04,12.21,25.28
2017-09-15,0.01,32.7,11.94,25.13
2017-09-16,0.0,32.06,12.02,25.3
2017-09-17,0.04,32.24,12.76,24.81
2017-09-18,0.0,31.69,12.85,22.69
2017-09-19,0.0,31.41,13.07,24.27
2017-09-20,0.0,31.27,13.14,25.32
2017-09-21,0.0,31.01,12.34,25.2
2017-09-22,0.0,29.37,12.77,20.33
2017-09-23,0.0,31.12,13.18,24.01
2017-09-24,0.0,30.15,13.05,22.84
2017-09-25,0.0,29.23,12.75,23.56
2017-09-26,0.0,29.1,12.11,22.49
2017-09-27,1.74,29.86,13.09,22.54
2017-09-28,0.56,30.74,14.83,23.77
2017-09-29,5.53,27.84,13.88,16.76
2017-09-30,33.56,22.72,15.93,6.96
2017-10-01,8.47,27.08,14.72,23.74
2017-10-02,4.48,26.51,14.64,4.73
2017-10-03,6.59,21.8,11.88,11.77
2017-10-04,0.25,24.95,11.59,17.57
2017-10-05,0.0,30.54,13.05,26.72
2017-10-06,0.33,31.12,15.31,25.33
2017-10-07,0.81,26.97,16.47,10.28
2017-10-08,0.92,29.31,15.74,19.37
2017-10-09,0.09,31.43,16.52,21.6
2017-10-10,4.11,33.01,16.57,23.98
2017-10-11,12.15,33.16,16.64,23.24
2017-10-12,1.8,34.35,17.88,26.53
2017-10-13,2.41,33.44,17.77,26.41
2017-10-14,1.09,32.45,18.45,22.25
2017-10-15,0.19,31.18,15.16,24.95
2017-10-16,0.0,30.49,13.71,22.22
2017-10-17,0.01,29.91,14.25,22.49
2017-10-18,0.04,31.55,14.35,27.32
2017-10-19,0.03,32.26,14.97,26.77
2017-10-20,0.05,30.79,16.53,17.19
2017-10-21,0.21,28.36,16.97,16.77
2017-10-22,6.25,25.59,17.22,6.82
2017-10-23,0.81,24.12,14.56,9.84
2017-10-24,0.07,26.67,13.61,22.98
2017-10-25,7.67,27.98,16.45,25.7
2017-10-26,9.37,29.35,16.92,13.23
2017-10-27,24.04,27.26,17.59,16.64
2017-10-28,3.41,26.34,16.79,21.37
2017-10-29,2.73,23.96,17.13,10.3
2017-10-30,10.45,26.05,16.51,12.18
2017-10-31,2.95,26.89,15.0,15.32
2017-11-01,0.6,27.72,12.62,26.26
2017-11-02,0.28,28.81,11.4,26.78
2017-11-03,0.07,30.84,12.93,27.7
2017-11-04,11.49,26.58,16.9,18.32
2017-11-05,2.68,23.08,16.05,10.49
2017-11-06,1.39,23.29,13.92,16.72
2017-11-07,0.16,25.97,12.64,20.78
2017-11-08,0.05,28.37,12.89,19.38
2017-11-09,1.02,24.15,16.38,16.62
2017-11-10,24.24,28.3,15.39,21.99
2017-11-11,13.35,26.39,14.04,16.19
2017-11-12,0.39,26.7,12.27,31.51
2017-11-13,0.0,29.1,9.88,29.97
2017-11-14,0.0,30.33,9.54,31.31
2017-11-15,0.06,31.7,12.42,27.34
2017-11-16,4.85,29.62,16.92,24.77
2017-11-17,9.72,27.64,16.24,22.09
2017-11-18,11.51,25.18,17.2,20.98
2017-11-19,9.9,26.18,16.88,14.72
2017-11-20,13.87,26.72,17.03,11.62
2017-11-21,21.83,26.47,16.91,13.89
2017-11-22,24.12,24.04,14.67,15.96
2017-11-23,1.63,27.42,13.22,23.41
2017-11-24,0.01,29.18,15.55,28.12
2017-11-25,3.16,29.61,15.68,27.8
2017-11-26,6.57,24.0,18.3,11.32
2017-11-27,9.66,26.98,17.43,13.32
2017-11-28,4.72,27.83,16.13,25.58
2017-11-29,0.19,28.89,13.96,30.46
2017-11-30,2.35,24.21,14.15,19.25
2017-12-01,8.32,22.58,14.97,11.32
2017-12-02,0.97,23.9,14.37,17.04
2017-12-03,3.84,29.64,15.97,18.16
2017-12-04,1.11,30.19,16.37,26.51
2017-12-05,0.9,30.16,17.07,28.23
2017-12-06,9.31,26.81,17.46,21.63
2017-12-07,7.2,25.09,17.68,11.86
2017-12-08,7.57,28.19,17.66,20.82
2017-12-09,0.86,28.59,15.77,27.29
2017-12-10,0.2,25.68,14.85,25.95
2017-12-11,0.31,30.76,14.99,28.1
2017-12-12,1.12,28.13,15.56,24.29
2017-12-13,5.7,28.87,14.32,26.75
2017-12-14,2.81,29.73,15.87,25.82
2017-12-15,1.5,29.47,16.26,23.87
2017-12-16,3.29,29.88,16.19,27.89
2017-12-17,11.46,28.74,18.07,26.54
2017-12-18,6.38,28.5,18.54,23.61
2017-12-19,6.96,29.07,17.88,23.09
2017-12-20,1.49,28.44,17.64,24.32
2017-12-21,8.43,25.28,16.69,9.68
2017-12-22,8.88,25.65,16.26,10.99
2017-12-23,4.64,27.05,16.8,20.1
2017-12-24,1.47,27.14,16.75,24.18
2017-12-25,7.23,25.53,17.55,22.3
2017-12-26,4.55,28.75,17.5,22.31
2017-12-27,2.97,27.75,18.88,25.86
2017-12-28,8.9,26.95,17.88,23.15
2017-12-29,6.36,23.68,17.13,12.47
2017-12-30,14.04,22.83,16.92,9.67
2017-12-31,9.66,26.0,17.23,10.53
2018-01-01,2.31,27.64,18.09,18.81
2018-01-02,9.19,23.37,18.87,21.02
2018-01-03,6.42,25.95,18.6,11.66
2018-01-04,5.32,28.38,15.55,28.11
2018-01-05,2.58,25.48,14.11,23.59
2018-01-06,14.41,23.26,17.69,12.6
2018-01-07,29.17,23.37,17.27,9.1
2018-01-08,14.55,24.2,16.6,9.21
2018-01-09,6.01,26.19,16.21,19.53
2018-01-10,0.17,28.5,17.07,23.73
2018-01-11,10.08,23.06,17.32,21.0
2018-01-12,6.96,24.75,16.82,12.25
2018-01-13,3.92,24.03,15.92,17.48
2018-01-14,12.16,26.46,16.9,22.87
2018-01-15,13.99,25.15,17.42,21.18
2018-01-16,0.63,27.9,18.2,19.44
2018-01-17,0.73,28.08,17.85,22.2
2018-01-18,0.94,27.21,18.45,26.96
2018-01-19,2.78,28.1,17.61,22.05
2018-01-20,7.18,26.91,17.69,17.87
2018-01-21,1.84,29.07,17.0,17.46
2018-01-22,3.68,29.42,17.84,19.87
2018-01-23,7.04,28.39,18.37,24.13
2018-01-24,7.78,29.26,18.78,20.56
2018-01-25,9.64,27.46,17.63,23.47
2018-01-26,8.02,27.12,17.47,20.34
2018-01-27,11.07,27.15,16.88,19.93
2018-01-28,7.92,27.51,16.68,20.12
2018-01-29,10.31,26.34,18.21,15.18
2018-01-30,27.35,26.27,15.92,8.3
2018-01-31,0.6,27.29,14.21,26.93
2018-02-01,0.17,28.26,13.88,28.73
2018-02-02,0.03,28.33,15.82,22.39
2018-02-03,0.49,27.24,15.89,24.92
2018-02-04,1.98,26.41,14.35,20.26
2018-02-05,1.58,21.79,15.0,18.98
2018-02-06,12.57,24.42,15.25,14.82
2018-02-07,0.63,27.48,14.85,28.59
2018-02-08,0.0,29.03,12.99,28.82
2018-02-09,0.24,29.78,15.23,27.86
2018-02-10,1.92,26.42,17.28,10.29
2018-02-11,1.53,27.91,18.18,22.35
2018-02-12,1.92,28.04,19.1,21.98
2018-02-13,2.5,26.9,17.61,16.07
2018-02-14,5.44,26.83,17.06,12.9
2018-02-15,10.6,26.76,16.36,12.87
2018-02-16,1.24,27.31,17.25,22.69
2018-02-17,0.87,23.0,16.82,22.26
2018-02-18,1.54,24.34,16.34,8.11
2018-02-19,17.99,26.4,16.7,17.86
2018-02-20,6.89,25.94,17.38,17.86
2018-02-21,13.74,26.33,18.49,18.36
2018-02-22,11.53,26.9,17.98,23.49
2018-02-23,3.17,28.83,16.72,24.77
2018-02-24,0.89,26.88,15.84,20.16
2018-02-25,0.25,24.34,15.62,21.89
2018-02-26,20.0,23.71,17.26,9.84
2018-02-27,13.6,25.41,15.86,14.54
2018-02-28,3.0,27.84,16.44,23.89
2018-03-01,6.82,27.3,17.5,23.14
2018-03-02,15.19,27.63,18.28,22.15
2018-03-03,4.12,26.32,18.3,21.34
2018-03-04,0.56,28.2,18.27,23.24
2018-03-05,5.34,27.94,17.8,24.44
2018-03-06,0.99,30.12,18.19,21.5
2018-03-07,5.94,27.97,19.2,19.96
2018-03-08,7.72,25.35,18.01,17.16
2018-03-09,1.79,28.79,16.83,20.62
2018-03-10,8.16,27.36,17.06,14.78
2018-03-11,0.1,28.65,17.36,24.83
2018-03-12,0.0,29.17,16.99,23.81
2018-03-13,0.01,29.27,18.34,21.59
2018-03-14,15.97,28.51,18.23,22.64
2018-03-15,0.69,27.2,18.75,21.95
2018-03-16,4.79,26.65,18.97,16.92
2018-03-17,0.65,30.07,17.51,22.4
2018-03-18,0.01,30.02,17.14,23.12
2018-03-19,1.68,29.77,16.76,22.25
2018-03-20,10.25,27.37,18.96,18.61
2018-03-21,10.98,27.72,18.27,18.46
2018-03-22,2.63,28.46,17.48,22.29
2018-03-23,1.4,29.05,16.79,21.07
2018-03-24,0.26,27.03,17.54,20.71
2018-03-25,0.01,27.27,16.27,20.67
2018-03-26,1.82,24.87,17.7,17.19
2018-03-27,3.19,24.19,17.26,20.55
2018-03-28,1.0,27.06,16.49,21.74
2018-03-29,0.32,26.15,15.69,19.41
2018-03-30,7.06,26.17,16.49,20.69
2018-03-31,2.29,25.91,15.74,15.82
2018-04-01,5.16,24.02,17.13,14.77
2018-04-02,3.67,26.74,16.5,13.63
2018-04-03,4.53,25.59,16.6,12.85
2018-04-04,3.26,26.73,16.84,18.59
2018-04-05,0.16,27.4,15.53,22.06
2018-04-06,0.16,27.4,15.45,21.77
2018-04-07,0.67,26.9,15.58,21.06
2018-04-08,0.37,27.18,15.78,19.38
2018-04-09,0.84,26.29,16.06,19.53
2018-04-10,0.22,26.59,15.85,19.56
2018-04-11,0.02,26.06,14.35,21.94
2018-04-12,0.2,22.97,13.86,16.76
2018-04-13,0.04,27.34,13.05,20.35
2018-04-14,0.49,25.06,16.01,17.51
2018-04-15,5.1,20.01,15.68,14.47
2018-04-16,2.72,23.32,14.17,14.88
2018-04-17,0.31,23.54,12.99,18.08
2018-04-18,0.01,24.18,11.97,21.31
2018-04-19,0.03,24.36,10.53,21.11
2018-04-20,0.01,23.37,13.55,18.4
2018-04-21,0.0,24.04,12.21,17.81
2018-04-22,0.02,23.8,13.8,17.93
2018-04-23,0.02,24.29,13.63,18.01
2018-04-24,0.14,25.16,13.33,16.71
2018-04-25,0.02,25.32,13.87,18.39
2018-04-26,0.0,26.4,14.22,17.62
2018-04-27,2.05,26.21,14.67,17.35
2018-04-28,3.85,25.75,14.7,17.96
2018-04-29,0.1,25.91,13.2,18.57
2018-04-30,0.0,25.78,12.14,18.93
2018-05-01,0.01,25.95,14.55,18.79
2018-05-02,0.04,25.94,13.44,18.1
2018-05-03,0.04,25.64,14.22,18.22
2018-05-04,0.0,26.95,11.62,18.82
2018-05-05,0.22,26.6,13.27,17.17
2018-05-06,0.13,25.98,13.66,17.73
2018-05-07,2.47,24.04,13.27,16.59
2018-05-08,1.97,23.49,13.34,16.76
2018-05-09,0.13,23.9,12.65,17.68
2018-05-10,0.04,24.12,11.32,17.97
2018-05-11,0.03,24.42,10.79,15.88
2018-05-12,0.12,23.14,12.32,12.45
2018-05-13,0.05,24.75,13.44,14.99
2018-05-14,0.04,24.76,13.45,14.4
2018-05-15,0.33,23.06,14.84,7.72
2018-05-16,1.93,24.75,12.08,11.09
2018-05-17,1.74,25.06,13.74,13.71
2018-05-18,0.08,24.69,13.97,12.95
2018-05-19,10.53,24.25,14.05,6.04
2018-05-20,0.36,16.94,5.08,17.57
2018-05-21,0.34,20.02,4.04,18.7
2018-05-22,0.06,22.39,6.48,18.54
2018-05-23,0.06,23.36,8.76,17.77
2018-05-24,0.02,23.08,9.45,17.1
2018-05-25,0.03,22.77,10.83,14.06
2018-05-26,0.05,22.54,11.16,15.43
2018-05-27,0.01,22.85,10.85,16.46
2018-05-28,0.0,21.82,9.73,16.59
2018-05-29,0.02,21.37,9.01,16.52
2018-05-30,0.01,21.53,8.7,15.83
2018-05-31,0.01,22.1,8.85,15.23
2018-06-01,0.0,23.18,8.22,16.0
2018-06-02,0.01,24.97,11.6,12.14
2018-06-03,0.2,23.06,12.5,10.15
2018-06-04,0.01,21.05,11.2,11.03
2018-06-05,2.14,23.05,11.55,7.97
2018-06-06,1.68,22.95,13.45,6.76
2018-06-07,6.67,22.33,13.85,8.41
2018-06-08,0.98,20.45,12.05,9.24
2018-06-09,0.06,23.81,10.39,13.32
2018-06-10,0.05,25.51,13.95,11.33
2018-06-11,0.05,25.73,14.85,12.31
2018-06-12,0.2,26.15,14.62,12.78
2018-06-13,0.36,25.85,15.28,8.51
2018-06-14,0.96,24.9,12.67,11.84
2018-06-15,2.13,21.36,11.37,8.03
2018-06-16,0.21,17.65,11.45,7.0
2018-06-17,0.03,22.91,10.41,13.25
2018-06-18,0.02,22.57,11.7,12.64
2018-06-19,0.04,21.81,11.63,14.64
2018-06-20,0.06,23.74,10.47,15.62
2018-06-21,0.0,23.85,9.1,13.75
2018-06-22,0.0,23.56,12.63,10.73
2018-06-23,0.0,24.02,10.01,10.96
2018-06-24,0.01,24.61,12.49,11.98
2018-06-25,0.0,25.26,11.26,12.55
2018-06-26,0.0,26.21,10.35,16.05
2018-06-27,0.01,25.96,10.41,15.13
2018-06-28,0.0,25.68,10.94,13.52
2018-06-29,0.03,24.58,10.67,15.71
2018-06-30,0.03,25.24,10.22,14.92
2018-07-01,0.04,25.74,11.41,14.62
2018-07-02,0.0,25.87,10.34,15.04
2018-07-03,0.04,26.09,13.37,14.93
2018-07-04,0.05,25.67,12.52,13.78
2018-07-05,0.01,26.12,11.0,15.23
2018-07-06,0.0,26.73,11.6,15.75
2018-07-07,0.0,24.82,10.79,15.66
2018-07-08,0.0,25.04,9.37,16.82
2018-07-09,0.1,24.62,11.53,12.7
2018-07-10,2.84,18.27,7.62,3.88
2018-07-11,0.07,19.21,5.46,17.18
2018-07-12,0.01,21.77,6.2,16.46
2018-07-13,0.0,23.79,5.44,14.26
2018-07-14,0.0,25.29,12.11,17.16
2018-07-15,0.0,27.02,8.59,17.39
2018-07-16,0.0,27.68,9.99,17.44
2018-07-17,0.0,26.24,9.32,17.58
2018-07-18,0.0,25.86,9.54,17.22
2018-07-19,0.01,27.04,10.39,17.32
2018-07-20,0.0,27.91,10.5,17.89
2018-07-21,0.09,27.62,10.61,15.96
2018-07-22,0.01,25.33,12.46,15.31
2018-07-23,0.01,25.81,12.47,14.77
2018-07-24,0.06,25.35,9.67,16.06
2018-07-25,0.2,22.65,11.91,13.75
2018-07-26,0.0,24.74,9.71,15.57
2018-07-27,0.0,25.43,9.94,17.24
2018-07-28,0.0,26.76,10.54,17.71
2018-07-29,0.0,27.18,11.88,16.17
2018-07-30,1.14,27.82,11.92,15.86
2018-07-31,8.03,22.31,11.92,8.48
2018-08-01,8.49,22.12,10.32,6.97
2018-08-02,1.45,21.78,10.9,12.79
2018-08-03,28.58,18.4,12.7,2.27
2018-08-04,4.66,21.91,13.24,11.74
2018-08-05,1.4,20.73,13.27,8.21
2018-08-06,16.8,18.34,12.2,3.53
2018-08-07,1.55,24.43,11.2,16.72
2018-08-08,1.96,25.82,11.53,17.01
2018-08-09,3.67,25.56,12.88,14.73
2018-08-10,0.02,19.3,6.22,20.61
2018-08-11,0.01,21.13,4.0,19.44
2018-08-12,0.0,22.26,4.33,20.38
2018-08-13,0.01,25.01,7.47,20.89
2018-08-14,0.01,26.96,8.52,20.87
2018-08-15,0.01,27.93,8.61,17.1
2018-08-16,0.04,21.39,12.38,10.83
2018-08-17,1.05,20.79,11.78,13.75
2018-08-18,0.32,23.37,11.39,18.21
2018-08-19,0.0,25.47,10.39,19.35
2018-08-20,0.0,27.19,9.49,20.32
2018-08-21,0.0,26.72,11.16,21.23
2018-08-22,0.0,26.35,12.51,19.37
2018-08-23,0.0,28.26,11.09,16.09
2018-08-24,0.53,26.74,14.85,17.29
2018-08-25,1.75,23.55,14.46,8.05
2018-08-26,0.48,20.57,10.71,9.96
2018-08-27,0.08,24.68,9.81,19.77
2018-08-28,0.01,26.19,11.27,20.73
2018-08-29,0.0,27.0,11.09,21.58
2018-08-30,0.0,26.65,12.48,19.91
2018-08-31,0.0,28.4,12.39,20.48
2018-09-01,0.0,30.18,12.35,22.3
2018-09-02,0.0,30.27,13.02,21.84
2018-09-03,2.72,25.96,10.83,15.2
2018-09-04,4.07,19.61,8.54,8.9
2018-09-05,0.53,21.08,8.6,21.59
2018-09-06,0.02,25.99,7.81,24.19
2018-09-07,0.03,29.3,8.99,23.26
2018-09-08,0.0,29.95,8.9,24.43
2018-09-09,0.0,29.42,8.99,24.18
2018-09-10,0.0,28.03,10.87,23.15
2018-09-11,0.0,28.84,10.83,22.74
2018-09-12,0.0,27.54,11.57,21.28
2018-09-13,0.9,28.28,11.87,21.19
2018-09-14,9.0,26.76,14.59,4.98
2018-09-15,9.72,23.99,14.68,9.17
2018-09-16,0.54,26.76,12.27,20.1
2018-09-17,6.07,24.89,12.57,5.02
2018-09-18,4.0,22.59,15.9,8.91
2018-09-19,0.47,24.27,15.64,19.14
2018-09-20,11.6,25.92,14.83,6.85
2018-09-21,4.44,25.66,14.59,20.12
2018-09-22,0.03,31.04,13.04,25.79
2018-09-23,0.02,31.58,13.88,25.36
2018-09-24,0.02,32.83,13.53,26.11
2018-09-25,0.04,33.08,12.5,24.18
2018-09-26,1.14,30.97,16.75,21.93
2018-09-27,1.72,30.49,17.83,14.71
2018-09-28,0.35,25.97,17.22,7.9
2018-09-29,0.79,26.87,16.75,18.42
2018-09-30,12.84,27.24,16.86,12.71
2018-10-01,4.73,22.21,16.55,11.22
2018-10-02,0.3,32.13,15.15,23.95
2018-10-03,4.09,31.54,16.22,20.11
2018-10-04,2.04,29.7,17.05,21.54
2018-10-05,1.89,28.56,14.5,21.83
2018-10-06,2.87,26.64,13.04,12.53
2018-10-07,5.77,26.23,13.85,8.67
2018-10-08,28.4,22.99,16.65,7.72
2018-10-09,21.47,25.24,17.83,17.03
2018-10-10,3.65,27.24,17.96,14.47
2018-10-11,1.18,26.87,17.26,13.51
2018-10-12,1.37,28.75,16.31,21.78
2018-10-13,3.27,29.38,17.47,21.13
2018-10-14,5.66,27.08,17.58,17.95
2018-10-15,3.87,26.78,16.2,14.82
2018-10-16,0.21,29.93,14.98,20.71
2018-10-17,13.78,25.86,19.01,14.88
2018-10-18,15.35,25.99,18.29,22.49
2018-10-19,5.61,24.6,15.29,20.57
2018-10-20,0.27,24.29,11.48,27.78
2018-10-21,0.0,26.61,10.37,27.97
2018-10-22,0.0,28.31,11.62,27.88
2018-10-23,1.35,29.47,14.48,24.92
2018-10-24,16.09,23.92,16.89,7.73
2018-10-25,9.35,24.28,16.03,7.59
2018-10-26,5.48,27.25,16.59,14.4
2018-10-27,4.59,25.52,17.78,11.86
2018-10-28,0.58,25.51,12.43,26.08
2018-10-29,0.11,26.0,11.41,23.96
2018-10-30,0.01,29.22,13.87,25.56
2018-10-31,2.15,29.01,15.92,23.52
2018-11-01,1.5,26.01,17.34,21.06
2018-11-02,2.09,29.57,16.99,22.46
2018-11-03,14.68,28.91,17.72,20.86
2018-11-04,4.69,26.66,15.39,18.09
2018-11-05,1.4,26.86,13.66,14.99
2018-11-06,0.16,25.83,15.01,16.06
2018-11-07,7.71,25.34,15.47,13.23
2018-11-08,11.87,20.78,13.9,8.22
2018-11-09,2.29,22.05,13.2,14.82
2018-11-10,2.86,26.46,14.38,14.67
2018-11-11,3.85,25.31,15.94,20.24
2018-11-12,1.3,29.36,16.06,26.19
2018-11-13,0.64,28.7,18.22,25.03
2018-11-14,1.02,29.18,18.41,21.95
2018-11-15,5.04,27.89,19.1,23.13
2018-11-16,2.06,28.6,17.2,24.34
2018-11-17,0.04,27.86,15.85,21.27
2018-11-18,9.58,27.4,17.3,15.21
2018-11-19,20.56,20.03,13.0,9.53
2018-11-20,2.26,24.45,12.05,13.02
2018-11-21,3.46,24.51,13.46,13.08
2018-11-22,10.61,23.91,14.76,21.16
2018-11-23,9.89,26.43,15.49,18.46
2018-11-24,21.44,21.98,16.46,11.3
2018-11-25,16.75,27.06,16.25,18.9
2018-11-26,4.52,25.11,14.15,19.99
2018-11-27,1.24,26.63,12.8,26.8
2018-11-28,3.5,28.05,15.7,28.42
2018-11-29,1.85,28.01,15.04,25.58
2018-11-30,21.8,27.81,16.43,24.28
2018-12-01,29.02,23.52,17.31,14.44
2018-12-02,3.12,26.67,16.77,21.78
2018-12-03,2.91,27.19,15.64,26.03
2018-12-04,0.32,27.95,15.65,27.03
2018-12-05,4.23,27.92,16.07,24.18
2018-12-06,1.14,30.18,14.89,29.13
2018-12-07,2.73,28.36,15.25,24.5
2018-12-08,0.88,23.4,11.8,28.16
2018-12-09,0.01,26.85,10.51,30.39
2018-12-10,0.0,28.25,13.18,28.69
2018-12-11,0.0,28.89,14.68,28.22
2018-12-12,0.63,29.2,15.64,28.39
2018-12-13,4.1,30.67,16.22,25.32
2018-12-14,1.43,29.65,16.06,28.18
2018-12-15,4.15,30.09,18.26,24.27
2018-12-16,6.86,30.52,18.66,23.46
2018-12-17,10.86,29.68,19.26,27.43
2018-12-18,15.65,29.98,19.26,25.0
2018-12-19,5.29,28.05,19.2,16.49
2018-12-20,2.18,26.93,18.96,27.64
2018-12-21,1.71,27.15,19.66,22.37
2018-12-22,8.16,28.07,17.84,24.24
2018-12-23,6.83,25.95,17.84,21.78
2018-12-24,7.57,26.84,18.07,17.41
2018-12-25,4.75,25.69,16.88,12.88
2018-12-26,14.23,24.09,16.39,11.56
2018-12-27,2.35,26.83,15.89,20.23
2018-12-28,3.58,27.7,16.55,25.83
2018-12-29,0.68,29.04,16.83,27.84
2018-12-30,0.45,29.82,16.69,28.02
2018-12-31,0.84,31.35,17.55,27.37
2019-01-01,5.14,29.66,18.35,20.24
2019-01-02,3.55,26.48,19.45,23.12
2019-01-03,1.77,27.15,18.3,17.72
2019-01-04,33.24,24.05,19.42,14.31
2019-01-05,17.96,22.0,17.29,11.83
2019-01-06,3.18,28.03,17.15,25.27
2019-01-07,0.51,29.41,17.52,28.3
2019-01-08,5.2,29.51,18.17,24.76
2019-01-09,2.23,31.67,18.29,28.88
2019-01-10,0.49,29.72,17.29,29.02
2019-01-11,3.31,28.52,18.21,27.74
2019-01-12,2.61,29.61,18.3,23.48
2019-01-13,2.16,27.92,18.31,25.66
2019-01-14,3.46,28.83,18.68,27.49
2019-01-15,4.11,28.0,19.11,27.63
2019-01-16,15.03,27.14,18.97,21.76
2019-01-17,2.08,30.5,18.55,23.93
2019-01-18,5.04,30.48,18.09,25.67
2019-01-19,2.29,30.04,18.13,28.11
2019-01-20,5.31,30.24,19.01,22.83
2019-01-21,5.52,28.76,19.59,23.9
2019-01-22,1.7,29.77,20.55,26.71
2019-01-23,5.94,31.37,19.36,26.02
2019-01-24,10.79,28.81,19.08,18.9
2019-01-25,12.75,28.53,18.62,17.12
2019-01-26,4.95,25.12,16.81,23.12
2019-01-27,0.11,27.96,15.73,21.58
2019-01-28,0.0,30.81,16.02,30.28
2019-01-29,1.0,31.66,16.88,27.53
2019-01-30,1.61,30.08,17.96,28.02
2019-01-31,0.0,32.74,16.45,29.6
2019-02-01,0.0,33.47,16.09,29.7
2019-02-02,1.74,32.6,18.01,28.85
2019-02-03,1.06,29.56,16.29,28.82
2019-02-04,33.45,25.95,16.79,16.89
2019-02-05,6.66,27.7,16.06,20.54
2019-02-06,21.66,23.6,16.26,11.72
2019-02-07,2.43,28.51,15.91,24.03
2019-02-08,0.04,29.06,14.88,28.97
2019-02-09,0.06,30.01,15.85,28.71
2019-02-10,1.98,29.88,17.24,23.4
2019-02-11,2.0,29.45,17.9,22.64
2019-02-12,6.9,25.66,19.83,14.12
2019-02-13,6.05,23.46,15.8,8.21
2019-02-14,0.65,23.9,14.67,16.72
2019-02-15,14.18,26.47,15.85,11.67
2019-02-16,23.67,24.1,17.99,7.06
2019-02-17,2.95,25.9,17.63,12.6
2019-02-18,3.88,26.75,16.82,15.48
2019-02-19,1.45,27.63,17.32,23.77
2019-02-20,1.41,26.71,16.66,16.82
2019-02-21,8.31,26.41,17.7,16.07
2019-02-22,13.18,27.37,18.71,14.87
2019-02-23,1.25,28.72,17.46,24.66
2019-02-24,0.69,29.06,18.3,24.78
2019-02-25,21.89,28.25,19.08,20.77
2019-02-26,10.72,23.56,16.77,17.33
2019-02-27,9.75,26.95,16.21,18.82
2019-02-28,14.7,22.6,17.97,8.0
2019-03-01,19.08,22.87,17.18,11.76
2019-03-02,13.26,21.66,17.19,12.7
2019-03-03,25.24,25.33,16.97,10.61
2019-03-04,3.26,22.84,16.8,15.8
2019-03-05,2.41,26.16,16.15,19.1
2019-03-06,4.36,26.5,15.53,20.89
2019-03-07,7.12,26.73,18.27,16.6
2019-03-08,0.96,28.01,18.38,22.95
2019-03-09,0.95,26.59,19.36,22.61
2019-03-10,11.44,27.72,18.8,19.03
2019-03-11,6.56,25.57,17.44,15.41
2019-03-12,2.42,26.25,17.45,19.09
2019-03-13,10.94,26.22,17.44,19.71
2019-03-14,9.67,23.51,18.38,16.8
2019-03-15,5.2,26.8,18.11,19.41
2019-03-16,7.87,28.66,17.62,15.74
2019-03-17,7.63,28.39,18.63,17.01
2019-03-18,8.7,27.72,19.55,18.18
2019-03-19,3.67,27.12,18.77,19.62
2019-03-20,5.41,27.02,17.8,19.14
2019-03-21,4.12,22.56,15.57,11.44
2019-03-22,1.61,24.0,15.01,13.77
2019-03-23,0.23,26.77,14.12,21.94
2019-03-24,0.38,27.49,15.78,22.17
2019-03-25,0.04,28.05,16.01,22.67
2019-03-26,0.0,29.02,16.1,22.54
2019-03-27,0.15,27.38,16.61,20.28
2019-03-28,2.3,27.15,15.86,19.97
2019-03-29,1.09,25.97,15.44,22.62
2019-03-30,0.2,24.75,15.35,21.3
2019-03-31,0.01,27.09,14.74,22.41
2019-04-01,0.16,25.68,15.39,21.7
2019-04-02,1.15,27.01,14.16,21.85
2019-04-03,0.43,27.69,14.27,21.7
2019-04-04,0.03,28.91,14.8,21.82
2019-04-05,6.88,26.77,17.8,16.74
2019-04-06,15.44,28.24,18.32,14.99
2019-04-07,23.53,24.68,18.88,14.29
2019-04-08,17.79,20.95,17.63,6.2
2019-04-09,1.55,25.48,16.12,15.15
2019-04-10,0.73,25.64,15.15,19.56
2019-04-11,0.27,26.09,15.14,20.23
2019-04-12,0.0,26.83,14.16,19.22
2019-04-13,2.63,27.04,15.66,14.86
2019-04-14,17.58,22.2,18.14,4.78
2019-04-15,1.04,24.25,17.17,14.95
2019-04-16,8.02,26.14,17.19,16.04
2019-04-17,0.97,25.5,17.06,17.97
2019-04-18,0.01,24.73,13.6,22.02
2019-04-19,0.01,25.01,11.8,22.14
2019-04-20,0.01,24.56,14.05,21.71
2019-04-21,0.0,27.24,14.68,20.49
2019-04-22,0.0,26.78,14.46,18.04
2019-04-23,2.78,27.25,15.34,17.28
2019-04-24,1.36,26.97,16.8,17.17
2019-04-25,4.44,27.26,16.61,16.88
2019-04-26,1.32,27.27,16.48,17.21
2019-04-27,0.01,26.46,16.4,18.46
2019-04-28,11.26,25.6,16.34,18.29
2019-04-29,4.47,25.06,14.5,17.31
2019-04-30,0.08,25.11,13.52,19.63
2019-05-01,0.0,25.13,13.13,14.52
2019-05-02,0.0,25.62,14.99,10.18
2019-05-03,0.0,26.97,15.59,15.29
2019-05-04,2.76,26.57,16.79,13.29
2019-05-05,0.78,25.54,16.71,16.19
2019-05-06,0.63,25.72,15.43,15.91
2019-05-07,1.07,25.9,16.56,15.02
2019-05-08,0.22,24.8,14.84,16.18
2019-05-09,0.29,24.49,13.89,14.57
2019-05-10,0.04,25.42,15.67,13.28
2019-05-11,0.01,26.16,15.76,14.14
2019-05-12,1.0,26.71,16.42,15.0
2019-05-13,0.64,26.97,17.0,15.7
2019-05-14,1.72,24.88,17.05,14.68
2019-05-15,0.88,22.11,14.52,12.81
2019-05-16,3.97,21.6,14.66,15.19
2019-05-17,20.8,19.83,14.35,6.68
2019-05-18,3.39,21.51,14.47,10.54
2019-05-19,2.08,22.4,12.19,14.16
2019-05-20,0.53,22.73,11.21,17.12
2019-05-21,0.02,23.03,10.94,16.53
2019-05-22,0.08,23.09,11.03,17.83
2019-05-23,0.02,23.56,11.01,16.09
2019-05-24,1.56,20.52,13.7,6.79
2019-05-25,0.07,17.41,9.51,16.77
2019-05-26,0.07,21.91,9.35,18.01
2019-05-27,0.0,24.24,6.61,17.85
2019-05-28,4.33,24.52,9.0,15.42
2019-05-29,0.37,25.33,13.58,14.56
2019-05-30,0.08,25.01,14.79,14.05
2019-05-31,0.13,24.9,13.81,12.98
2019-06-01,1.2,24.24,13.81,13.31
2019-06-02,7.01,22.66,13.38,12.55
2019-06-03,7.02,20.1,12.96,5.37
2019-06-04,0.99,17.82,7.88,13.73
2019-06-05,0.06,19.04,7.94,16.47
2019-06-06,0.02,19.98,9.16,14.87
2019-06-07,0.0,20.71,7.86,16.88
2019-06-08,0.0,21.27,7.52,13.63
2019-06-09,0.01,21.42,9.35,16.73
2019-06-10,0.0,21.17,10.18,16.67
2019-06-11,0.0,21.92,8.36,16.02
2019-06-12,0.0,22.37,9.55,14.54
2019-06-13,0.03,23.59,11.38,14.22
2019-06-14,0.01,24.15,11.11,14.83
2019-06-15,0.0,23.37,11.73,15.08
2019-06-16,0.0,23.83,11.22,14.63
2019-06-17,0.03,22.94,11.49,11.11
2019-06-18,0.01,22.41,10.8,13.79
2019-06-19,0.03,22.49,10.62,10.91
2019-06-20,0.03,23.05,13.46,15.07
2019-06-21,0.05,22.65,12.91,13.91
2019-06-22,0.01,22.52,11.95,13.52
2019-06-23,0.05,21.8,9.13,14.2
2019-06-24,0.01,22.9,9.22,16.52
2019-06-25,0.06,24.13,10.17,15.0
2019-06-26,0.0,24.74,13.19,15.25
2019-06-27,0.03,24.65,12.73,14.06
2019-06-28,0.02,24.65,12.68,15.32
2019-06-29,0.0,23.88,11.42,16.3
2019-06-30,0.04,24.25,10.96,16.18
2019-07-01,0.01,24.52,11.01,14.94
2019-07-02,0.03,24.07,10.4,13.29
2019-07-03,0.03,23.93,11.05,14.21
2019-07-04,17.76,18.3,12.93,9.1
2019-07-05,25.91,19.12,9.89,4.11
2019-07-06,0.37,15.47,3.42,15.72
2019-07-07,0.08,15.69,2.86,17.49
2019-07-08,0.04,18.29,2.85,17.15
2019-07-09,0.04,20.64,3.5,17.23
2019-07-10,0.15,20.8,5.7,17.29
2019-07-11,0.01,21.47,5.91,17.46
2019-07-12,0.13,22.8,6.74,17.5
2019-07-13,0.01,23.65,10.52,16.67
2019-07-14,0.01,24.0,12.48,16.75
2019-07-15,0.12,23.81,11.62,16.02
2019-07-16,1.91,20.43,6.6,11.64
2019-07-17,0.05,17.85,5.06,15.54
2019-07-18,0.01,20.15,7.92,16.35
2019-07-19,0.02,18.25,8.29,16.63
2019-07-20,0.0,20.99,8.34,17.27
2019-07-21,0.0,20.71,7.57,15.76
2019-07-22,0.0,22.67,10.18,15.7
2019-07-23,0.0,23.19,9.29,17.45
2019-07-24,0.01,24.78,8.81,17.95
2019-07-25,0.03,24.06,10.56,16.4
2019-07-26,0.04,23.97,10.94,15.59
2019-07-27,0.01,25.12,8.94,17.83
2019-07-28,0.04,23.74,10.03,18.13
2019-07-29,0.0,23.65,10.42,16.92
2019-07-30,1.74,22.99,9.13,14.79
2019-07-31,0.02,24.43,11.0,18.65
2019-08-01,0.02,25.77,9.2,18.43
2019-08-02,0.3,26.45,11.14,15.79
2019-08-03,6.16,18.47,10.56,5.21
2019-08-04,6.1,12.49,8.5,3.02
2019-08-05,2.3,19.2,8.31,11.97
2019-08-06,0.06,23.04,9.68,16.19
2019-08-07,0.07,24.11,10.48,15.34
2019-08-08,0.04,26.35,11.01,18.26
2019-08-09,0.01,26.45,11.2,19.39
2019-08-10,0.03,27.1,11.91,16.16
2019-08-11,0.01,28.55,14.81,19.17
2019-08-12,0.01,27.75,13.52,18.97
2019-08-13,0.07,27.78,12.92,18.08
2019-08-14,0.08,18.9,8.66,15.75
2019-08-15,0.01,23.32,8.21,20.04
2019-08-16,0.05,24.64,7.46,20.66
2019-08-17,0.01,24.51,7.55,20.39
2019-08-18,0.01,26.93,10.39,17.34
2019-08-19,1.45,25.24,13.13,11.33
2019-08-20,1.44,23.2,12.21,8.85
2019-08-21,0.07,26.23,11.01,17.95
2019-08-22,0.17,23.99,10.91,18.91
2019-08-23,0.79,21.64,10.45,12.79
2019-08-24,0.25,23.72,9.45,21.44
2019-08-25,0.05,25.58,9.88,21.77
2019-08-26,0.02,26.65,9.68,21.07
2019-08-27,0.03,28.17,11.44,19.99
2019-08-28,0.01,23.66,12.97,15.39
2019-08-29,0.0,24.87,10.33,19.29
2019-08-30,0.01,28.43,11.0,21.82
2019-08-31,3.9,29.92,14.05,17.63
2019-09-01,7.06,29.6,15.87,10.3
2019-09-02,14.91,25.81,14.72,13.79
2019-09-03,4.11,28.46,15.58,10.55
2019-09-04,0.49,29.24,15.14,14.26
2019-09-05,2.75,22.98,11.9,16.69
2019-09-06,0.99,23.97,11.23,15.5
2019-09-07,0.06,29.47,12.66,21.23
2019-09-08,0.0,31.75,15.36,21.02
2019-09-09,0.0,30.22,14.46,23.38
2019-09-10,0.0,32.22,13.17,23.48
2019-09-11,0.02,34.0,16.15,22.61
2019-09-12,0.0,34.4,16.93,23.05
2019-09-13,0.01,32.83,15.61,21.39
2019-09-14,0.02,31.82,15.46,21.93
2019-09-15,0.11,32.56,15.79,21.89
2019-09-16,0.0,33.41,15.72,23.16
2019-09-17,0.01,34.24,15.63,23.55
2019-09-18,0.0,34.46,16.57,22.53
2019-09-19,0.05,32.06,17.26,16.72
2019-09-20,1.5,33.6,17.6,16.1
2019-09-21,1.41,28.33,16.57,12.57
2019-09-22,0.37,22.79,13.24,15.8
2019-09-23,0.04,24.43,11.58,21.75
2019-09-24,1.5,26.47,10.68,18.72
2019-09-25,12.21,22.14,13.44,4.18
2019-09-26,11.26,20.19,14.35,5.64
2019-09-27,0.36,27.32,12.23,24.79
2019-09-28,0.07,27.91,12.04,23.32
2019-09-29,0.01,29.07,11.02,23.87
2019-09-30,0.01,29.71,11.69,26.35
2019-10-01,0.0,31.3,13.12,26.71
2019-10-02,0.01,33.76,13.6,26.78
2019-10-03,0.03,32.4,13.4,26.89
2019-10-04,0.0,31.7,13.26,27.21
2019-10-05,0.0,32.17,14.92,26.67
2019-10-06,0.6,31.72,17.24,22.08
2019-10-07,7.1,28.02,16.38,17.82
2019-10-08,13.53,25.97,15.9,10.27
2019-10-09,6.74,23.07,15.13,9.44
2019-10-10,1.12,26.61,13.81,22.23
2019-10-11,0.04,28.69,15.99,24.95
2019-10-12,0.4,32.29,15.35,25.8
2019-10-13,0.04,33.99,16.12,25.65
2019-10-14,0.0,34.06,16.0,26.98
2019-10-15,1.49,30.94,15.6,20.32
2019-10-16,1.41,29.89,15.85,23.04
2019-10-17,0.13,32.01,15.94,23.83
2019-10-18,1.08,32.01,17.46,22.37
2019-10-19,1.49,30.28,16.8,19.36
2019-10-20,0.12,29.63,14.04,24.25
2019-10-21,0.63,28.81,13.04,13.77
2019-10-22,0.1,25.48,16.16,19.71
2019-10-23,0.18,29.43,15.2,24.03
2019-10-24,3.07,29.63,15.19,21.62
2019-10-25,0.21,33.03,15.91,26.12
2019-10-26,2.39,31.88,16.76,22.71
2019-10-27,0.58,32.73,17.43,27.8
2019-10-28,10.52,25.15,18.6,22.31
2019-10-29,2.16,29.13,16.64,21.97
2019-10-30,4.24,31.98,15.99,25.17
2019-10-31,0.92,32.01,16.56,23.11
2019-11-01,0.22,32.08,16.28,25.88
2019-11-02,0.09,33.32,15.9,28.09
2019-11-03,0.0,33.77,17.91,27.28
2019-11-04,4.04,33.99,19.0,25.9
2019-11-05,8.94,29.18,19.82,17.79
2019-11-06,3.51,29.16,16.61,20.86
2019-11-07,3.58,28.34,15.42,17.26
2019-11-08,14.13,25.74,18.43,10.1
2019-11-09,3.07,27.81,17.53,14.01
2019-11-10,1.45,23.59,17.52,10.37
2019-11-11,1.0,30.77,16.25,22.99
2019-11-12,0.25,28.84,15.58,22.23
2019-11-13,19.24,28.61,15.29,21.46
2019-11-14,27.48,22.59,19.02,12.74
2019-11-15,18.35,24.41,16.28,11.51
2019-11-16,1.42,27.21,11.88,30.02
2019-11-17,0.58,28.7,13.25,25.88
2019-11-18,1.89,29.77,14.3,25.28
2019-11-19,3.4,28.99,15.35,24.0
2019-11-20,0.55,29.84,16.11,23.57
2019-11-21,0.48,29.98,16.87,25.87
2019-11-22,1.17,29.12,17.38,23.85
2019-11-23,5.47,28.24,17.41,22.55
2019-11-24,2.21,25.02,12.96,11.79
2019-11-25,0.07,28.41,11.69,20.84
2019-11-26,0.01,31.6,14.0,27.32
2019-11-27,10.94,27.05,17.95,18.86
2019-11-28,11.55,23.91,14.53,13.2
2019-11-29,0.69,29.47,13.15,23.49
2019-11-30,21.56,28.83,17.21,21.33
2019-12-01,15.7,29.46,18.34,15.5
2019-12-02,2.06,26.35,14.78,23.72
2019-12-03,0.06,29.48,13.28,21.42
2019-12-04,0.66,27.99,16.5,20.83
2019-12-05,14.08,24.76,18.79,13.36
2019-12-06,27.79,26.3,17.29,9.71
2019-12-07,0.37,28.54,14.54,28.47
2019-12-08,0.01,30.16,12.81,27.13
2019-12-09,2.51,26.32,16.97,22.09
2019-12-10,17.4,25.06,18.83,8.27
2019-12-11,13.74,23.59,18.32,10.55
2019-12-12,6.58,26.66,17.33,12.07
2019-12-13,4.21,26.55,18.0,24.24
2019-12-14,5.97,26.83,17.45,17.39
2019-12-15,0.2,29.63,18.01,22.81
2019-12-16,0.02,30.17,16.55,28.6
2019-12-17,7.17,29.06,17.3,26.05
2019-12-18,5.47,23.03,17.19,13.9
2019-12-19,3.62,24.56,16.53,19.32
2019-12-20,1.06,24.99,17.05,16.66
2019-12-21,2.26,24.48,17.64,22.22
2019-12-22,15.88,26.69,17.4,17.66
2019-12-23,21.96,25.06,17.88,8.81
2019-12-24,0.67,29.22,14.54,29.02
2019-12-25,0.05,30.23,16.19,30.87
2019-12-26,0.09,31.22,17.13,29.61
2019-12-27,0.23,30.59,17.01,28.43
2019-12-28,0.24,30.34,17.49,27.18
2019-12-29,0.89,30.14,17.64,26.45
2019-12-30,1.39,29.79,17.52,25.99
2019-12-31,1.94,30.06,17.62,27.6
2020-01-01,2.11,29.7,17.73,27.79
2020-01-02,12.0,23.86,17.99,14.31
2020-01-03,10.63,26.25,16.97,21.99
2020-01-04,10.69,24.27,16.91,18.28
2020-01-05,8.39,27.63,15.7,20.09
2020-01-06,6.88,27.55,17.36,22.87
2020-01-07,3.25,30.83,16.97,27.25
2020-01-08,8.11,26.83,19.43,18.62
2020-01-09,9.55,26.74,18.9,19.62
2020-01-10,1.18,29.29,19.06,21.89
2020-01-11,2.77,27.2,19.71,18.32
2020-01-12,20.77,26.1,19.78,18.33
2020-01-13,15.43,28.98,18.23,15.54
2020-01-14,0.48,27.99,16.89,20.51
2020-01-15,0.02,29.73,17.26,27.97
2020-01-16,6.41,29.6,19.22,25.34
2020-01-17,4.88,27.56,16.38,14.47
2020-01-18,4.14,25.11,15.38,21.45
2020-01-19,2.41,27.03,17.21,17.62
2020-01-20,1.33,28.64,17.11,22.93
2020-01-21,0.04,28.78,15.2,26.85
2020-01-22,3.39,25.99,15.66,15.73
2020-01-23,15.8,21.91,16.33,9.16
2020-01-24,8.47,23.85,15.32,18.21
2020-01-25,0.75,27.32,14.01,29.62
2020-01-26,0.46,28.83,13.12,31.95
2020-01-27,0.18,29.5,14.43,30.27
2020-01-28,3.98,30.77,15.02,24.88
2020-01-29,4.53,29.53,17.23,22.48
2020-01-30,11.74,25.36,19.42,17.91
2020-01-31,3.47,25.34,18.32,20.81
2020-02-01,10.96,27.35,18.53,13.52
2020-02-02,7.71,29.11,18.78,20.55
2020-02-03,14.12,24.61,17.24,14.43
2020-02-04,24.38,24.37,16.2,16.55
2020-02-05,10.94,25.64,17.71,18.88
2020-02-06,15.84,24.53,17.49,13.49
2020-02-07,0.49,25.6,16.41,17.16
2020-02-08,1.02,27.47,15.18,20.53
2020-02-09,12.61,25.42,17.05,16.17
2020-02-10,43.77,23.03,18.23,6.35
2020-02-11,24.47,23.48,15.13,12.48
2020-02-12,6.52,22.73,14.43,12.82
2020-02-13,0.74,27.55,15.05,22.55
2020-02-14,0.83,28.45,15.62,25.36
2020-02-15,0.32,27.95,17.43,25.61
2020-02-16,7.68,28.91,18.22,22.17
2020-02-17,4.07,29.98,17.56,25.06
2020-02-18,5.59,28.44,19.61,20.59
2020-02-19,3.24,28.94,18.43,20.47
2020-02-20,6.38,27.46,19.08,18.28
2020-02-21,19.41,25.69,18.74,9.74
2020-02-22,4.27,23.98,15.01,19.41
2020-02-23,0.49,25.79,13.9,20.1
2020-02-24,2.83,24.32,15.24,11.47
2020-02-25,14.56,27.83,18.1,19.52
2020-02-26,8.35,26.06,19.0,5.9
2020-02-27,23.58,24.42,15.32,11.59
2020-02-28,7.53,24.22,14.05,10.13
2020-02-29,2.39,27.69,17.24,20.66
2020-03-01,7.32,23.73,16.23,17.51
2020-03-02,1.85,24.22,15.66,21.01
2020-03-03,0.64,28.83,14.58,18.51
2020-03-04,0.63,26.55,14.97,22.82
2020-03-05,0.06,26.54,14.1,27.45
2020-03-06,0.03,26.41,12.81,26.8
2020-03-07,3.67,26.13,13.57,25.07
2020-03-08,4.64,26.02,14.67,18.73
2020-03-09,3.96,25.71,15.77,22.87
2020-03-10,0.97,28.24,16.15,23.59
2020-03-11,0.59,26.37,17.54,24.4
2020-03-12,0.25,28.19,16.8,25.21
2020-03-13,0.05,29.02,16.97,25.7
2020-03-14,0.39,29.55,16.97,24.13
2020-03-15,8.96,28.62,17.71,21.11
2020-03-16,6.38,27.32,18.08,20.71
2020-03-17,3.48,27.03,18.52,18.44
2020-03-18,0.96,29.28,16.87,23.72
2020-03-19,9.54,27.0,17.89,13.4
2020-03-20,9.5,25.19,18.34,11.39
2020-03-21,7.27,25.48,16.35,14.23
2020-03-22,0.19,25.82,15.08,23.22
2020-03-23,0.05,25.62,13.52,23.99
2020-03-24,0.02,25.28,12.05,25.2
2020-03-25,0.05,25.32,12.15,24.26
2020-03-26,0.05,25.54,12.7,24.15
2020-03-27,0.03,25.04,13.79,22.52
2020-03-28,0.63,24.55,15.4,19.59
2020-03-29,14.41,23.52,16.67,10.71
2020-03-30,5.96,24.27,17.05,16.81
2020-03-31,0.78,27.56,15.32,20.02
2020-04-01,0.42,28.27,15.51,21.01
2020-04-02,0.82,27.24,16.69,20.1
2020-04-03,2.63,26.06,14.88,14.87
2020-04-04,0.03,25.54,10.9,24.01
2020-04-05,0.03,26.64,12.83,23.6
2020-04-06,0.05,27.42,13.23,21.74
2020-04-07,1.64,24.48,16.59,12.65
2020-04-08,1.02,25.64,14.18,19.12
2020-04-09,0.06,24.94,12.02,22.23
2020-04-10,0.07,24.51,10.58,22.53
2020-04-11,0.16,25.33,11.77,20.27
2020-04-12,0.19,25.57,12.44,21.98
2020-04-13,0.23,24.64,12.46,19.28
2020-04-14,0.64,24.62,14.1,9.03
2020-04-15,0.78,23.91,15.57,14.76
2020-04-16,1.6,25.23,15.34,15.95
2020-04-17,0.79,25.34,13.85,18.94
2020-04-18,0.03,22.49,12.94,17.77
2020-04-19,0.01,24.87,13.63,15.63
2020-04-20,0.03,24.54,13.69,19.12
2020-04-21,0.01,24.22,12.59,20.18
2020-04-22,0.06,24.39,11.71,19.9
2020-04-23,0.08,25.21,12.61,20.23
2020-04-24,0.01,25.74,13.69,19.08
2020-04-25,0.0,26.43,13.74,20.27
2020-04-26,0.03,26.33,11.78,20.88
2020-04-27,0.1,24.48,12.16,20.6
2020-04-28,0.09,23.35,11.28,20.45
2020-04-29,0.02,23.58,9.85,20.23
2020-04-30,0.03,25.31,10.81,18.58
2020-05-01,0.03,26.17,12.96,18.77
2020-05-02,0.37,25.14,11.88,16.89
2020-05-03,0.21,22.55,11.64,17.75
2020-05-04,0.03,23.23,10.58,19.19
2020-05-05,0.02,23.99,10.7,15.97
2020-05-06,0.91,24.81,12.73,13.21
2020-05-07,1.05,16.99,11.01,13.86
2020-05-08,0.12,21.55,10.18,19.65
2020-05-09,0.01,21.79,9.56,19.7
2020-05-10,0.03,21.93,8.96,19.36
2020-05-11,0.04,22.88,9.67,19.38
2020-05-12,0.17,23.74,8.8,18.84
2020-05-13,0.05,21.96,10.87,11.6
2020-05-14,1.45,23.08,14.52,8.34
2020-05-15,4.44,22.38,13.11,11.33
2020-05-16,0.07,23.44,11.33,14.98
2020-05-17,0.14,23.53,9.49,18.26
2020-05-18,0.05,24.6,9.51,18.13
2020-05-19,0.03,23.68,11.64,17.57
2020-05-20,0.02,23.16,12.61,15.94
2020-05-21,0.02,23.7,12.03,16.16
2020-05-22,0.05,24.53,12.4,12.95
2020-05-23,3.61,21.83,14.61,6.83
2020-05-24,0.94,14.93,6.9,5.85
2020-05-25,0.28,17.76,5.93,16.92
2020-05-26,0.01,17.83,4.79,17.49
2020-05-27,1.41,20.95,3.75,17.04
2020-05-28,0.03,21.7,4.64,18.26
2020-05-29,0.02,23.28,5.54,17.97
2020-05-30,0.07,23.13,6.38,17.84
2020-05-31,0.02,22.69,6.71,17.49
2020-06-01,0.05,24.25,8.07,17.04
2020-06-02,0.34,23.83,9.04,13.59
2020-06-03,0.46,24.54,13.78,11.47
2020-06-04,1.87,24.7,13.04,11.21
2020-06-05,0.77,24.23,14.15,9.31
2020-06-06,2.44,25.52,13.66,10.41
2020-06-07,18.53,21.88,14.38,8.75
2020-06-08,0.25,24.73,13.79,13.73
2020-06-09,2.13,25.49,12.45,11.35
2020-06-10,1.5,25.93,15.31,12.42
2020-06-11,0.2,26.35,13.28,15.47
2020-06-12,0.03,26.84,14.68,14.49
2020-06-13,0.02,26.5,12.72,15.05
2020-06-14,0.29,24.67,12.6,14.16
2020-06-15,0.04,23.74,11.39,15.48
2020-06-16,0.04,23.37,11.97,13.73
2020-06-17,0.04,23.18,11.77,14.41
2020-06-18,0.01,22.51,10.06,15.16
2020-06-19,0.03,23.93,11.79,15.96
2020-06-20,0.04,26.14,10.36,16.18
2020-06-21,0.04,25.36,13.03,15.74
2020-06-22,0.01,26.08,10.46,16.37
2020-06-23,0.01,23.34,10.27,13.73
2020-06-24,0.05,24.52,9.67,14.66
2020-06-25,0.03,25.23,12.04,14.42
2020-06-26,4.49,21.31,14.64,9.67
2020-06-27,7.23,20.62,10.35,2.89
2020-06-28,0.32,20.74,9.44,13.85
2020-06-29,0.18,20.87,10.82,14.14
2020-06-30,0.15,20.73,12.09,12.53
2020-07-01,2.33,17.48,6.58,7.5
2020-07-02,0.06,19.99,5.55,16.92
2020-07-03,0.08,21.25,8.01,16.76
2020-07-04,0.03,24.39,8.04,17.07
2020-07-05,0.23,24.58,9.75,14.9
2020-07-06,0.03,26.62,11.1,15.17
2020-07-07,0.02,25.94,11.49,16.51
2020-07-08,0.03,25.45,11.71,15.19
2020-07-09,1.09,23.92,11.49,11.92
2020-07-10,0.12,23.69,10.27,16.31
2020-07-11,0.0,24.78,12.73,14.74
2020-07-12,0.0,26.31,12.01,14.62
2020-07-13,0.02,27.47,12.08,15.01
2020-07-14,0.13,26.1,13.36,10.5
2020-07-15,0.08,25.96,11.63,15.61
2020-07-16,0.02,25.82,10.84,15.51
2020-07-17,0.03,25.86,12.86,15.51
2020-07-18,0.01,25.68,11.97,14.38
2020-07-19,0.03,24.21,10.51,16.7
2020-07-20,0.02,25.02,8.44,18.08
2020-07-21,0.0,26.4,9.7,17.46
2020-07-22,0.01,27.49,9.95,17.87
2020-07-23,0.03,26.51,10.19,17.87
2020-07-24,0.03,25.08,9.73,18.32
2020-07-25,0.05,26.92,11.12,18.15
2020-07-26,0.01,26.21,11.83,16.66
2020-07-27,0.02,25.81,11.31,17.77
2020-07-28,0.0,27.26,13.23,17.59
2020-07-29,0.36,26.15,12.74,15.56
2020-07-30,0.69,20.94,11.39,14.79
2020-07-31,0.08,24.81,10.8,17.05
2020-08-01,0.09,24.57,11.52,17.15
2020-08-02,0.1,25.25,10.46,18.76
2020-08-03,0.01,25.57,7.43,18.67
2020-08-04,0.03,26.01,7.63,19.43
2020-08-05,0.09,26.09,7.8,19.39
2020-08-06,0.08,25.93,7.33,19.99
2020-08-07,0.01,25.52,7.68,20.03
2020-08-08,0.06,26.36,8.44,17.94
2020-08-09,0.03,24.74,9.56,14.96
2020-08-10,0.0,26.1,9.66,19.73
2020-08-11,0.09,27.32,10.61,15.85
2020-08-12,0.0,26.88,11.2,19.85
2020-08-13,0.72,28.56,14.36,17.15
2020-08-14,0.11,28.88,13.98,17.27
2020-08-15,0.31,27.87,14.65,14.28
2020-08-16,3.32,24.04,14.71,10.33
2020-08-17,11.18,26.27,14.9,2.44
2020-08-18,1.37,26.26,14.46,11.47
2020-08-19,0.27,30.44,15.87,17.66
2020-08-20,2.04,26.7,12.0,11.77
2020-08-21,7.6,16.19,7.91,1.94
2020-08-22,1.24,17.01,7.93,14.66
2020-08-23,0.11,21.79,8.19,21.35
2020-08-24,0.02,23.49,8.5,22.24
2020-08-25,0.06,23.15,5.77,22.82
2020-08-26,0.01,26.06,5.26,22.6
2020-08-27,0.01,28.1,7.55,22.7
2020-08-28,0.0,29.6,10.63,22.8
2020-08-29,0.0,29.16,12.12,22.72
2020-08-30,0.0,30.74,12.92,22.64
2020-08-31,0.0,30.78,12.86,22.47
2020-09-01,0.0,29.43,14.71,20.57
2020-09-02,0.0,28.93,14.04,20.96
2020-09-03,0.0,29.04,13.19,23.05
2020-09-04,0.0,32.33,14.15,22.98
2020-09-05,0.0,31.44,13.44,23.48
2020-09-06,0.01,31.66,13.04,22.18
2020-09-07,0.0,32.38,14.86,23.4
2020-09-08,0.0,32.1,12.43,22.8
2020-09-09,0.0,32.82,14.3,21.92
2020-09-10,0.0,33.15,15.87,21.66
2020-09-11,0.02,33.22,16.93,20.42
2020-09-12,0.06,33.83,17.13,20.81
2020-09-13,0.0,33.16,16.53,23.31
2020-09-14,0.02,32.67,15.23,23.33
2020-09-15,0.21,29.77,15.97,20.03
2020-09-16,0.01,30.85,14.38,23.29
2020-09-17,0.0,33.24,15.72,22.71
2020-09-18,0.0,32.72,16.52,16.23
2020-09-19,0.96,31.5,18.26,9.9
2020-09-20,2.99,29.2,15.91,3.35
2020-09-21,5.86,21.19,13.5,8.46
2020-09-22,17.82,19.22,12.44,8.27
2020-09-23,0.29,23.83,12.08,16.43
2020-09-24,0.03,29.71,12.39,24.69
2020-09-25,0.01,31.3,13.13,24.48
2020-09-26,0.01,32.41,14.26,25.65
2020-09-27,0.01,34.65,14.82,24.88
2020-09-28,0.09,34.39,16.55,20.78
2020-09-29,0.94,34.67,16.8,23.52
2020-09-30,0.88,34.38,18.12,23.34
2020-10-01,0.54,36.04,18.24,22.69
2020-10-02,0.07,36.62,21.2,24.0
2020-10-03,0.03,34.29,19.17,17.14
2020-10-04,0.08,34.69,18.38,20.32
2020-10-05,0.05,36.26,17.41,24.05
2020-10-06,1.91,36.65,21.62,22.69
2020-10-07,1.76,36.96,20.21,21.2
2020-10-08,2.55,35.12,19.86,7.25
2020-10-09,5.77,30.65,18.33,8.81
2020-10-10,0.04,29.37,14.31,15.32
2020-10-11,0.15,31.1,11.03,26.95
2020-10-12,0.2,31.9,12.17,24.81
2020-10-13,0.35,33.94,13.18,22.8
2020-10-14,0.86,33.28,17.6,18.42
2020-10-15,4.39,27.63,15.39,7.2
2020-10-16,0.43,25.42,13.59,8.44
2020-10-17,0.26,25.6,12.43,21.81
2020-10-18,0.03,27.21,13.75,22.45
2020-10-19,3.45,25.5,16.01,13.67
2020-10-20,4.04,24.29,15.36,13.35
2020-10-21,1.65,28.42,16.17,22.35
2020-10-22,0.83,29.55,14.94,23.32
2020-10-23,1.34,30.55,14.34,24.03
2020-10-24,1.37,24.18,16.07,11.04
2020-10-25,3.99,29.32,15.28,21.46
2020-10-26,0.46,31.56,14.49,27.57
2020-10-27,0.25,31.27,15.11,22.84
2020-10-28,0.0,33.15,14.33,30.94
2020-10-29,1.27,32.94,16.16,23.89
2020-10-30,7.56,26.24,15.06,8.47
2020-10-31,1.21,24.67,13.42,16.47
2020-11-01,0.42,23.76,11.21,23.23
2020-11-02,0.03,27.67,9.94,29.82
2020-11-03,4.83,24.49,10.1,18.22
2020-11-04,0.74,28.58,10.64,26.74
2020-11-05,0.62,28.26,11.69,26.22
2020-11-06,0.16,30.2,11.69,31.16
2020-11-07,0.0,32.65,11.9,30.24
2020-11-08,0.06,34.51,12.66,30.6
2020-11-09,5.7,34.6,15.92,26.42
2020-11-10,8.92,27.35,18.13,14.13
2020-11-11,9.49,26.96,17.11,19.48
2020-11-12,9.94,25.46,17.04,19.51
2020-11-13,6.32,25.02,17.49,20.01
2020-11-14,0.78,26.88,17.06,23.09
2020-11-15,0.43,31.93,16.1,27.52
2020-11-16,6.17,29.79,17.24,15.43
2020-11-17,15.28,28.61,17.64,16.53
2020-11-18,16.78,28.19,17.11,18.51
2020-11-19,4.54,27.05,14.15,13.19
2020-11-20,0.63,27.42,13.15,27.94
2020-11-21,0.06,29.04,12.28,29.17
2020-11-22,0.82,29.37,12.97,26.68
2020-11-23,0.21,30.33,13.81,28.44
2020-11-24,0.07,31.61,14.94,28.66
2020-11-25,0.1,32.83,16.25,28.89
2020-11-26,2.27,31.41,16.69,25.53
2020-11-27,0.76,32.36,16.74,25.11
2020-11-28,1.81,31.03,17.46,28.49
2020-11-29,2.35,31.33,16.87,25.46
2020-11-30,7.15,31.88,17.26,23.59
2020-12-01,5.7,30.91,18.71,24.92
2020-12-02,2.65,26.39,17.92,14.33
2020-12-03,5.17,30.37,16.61,21.64
2020-12-04,1.44,31.55,18.02,25.0
2020-12-05,15.23,31.73,17.61,17.88
2020-12-06,25.51,25.55,16.78,16.3
2020-12-07,25.11,26.73,17.89,11.84
2020-12-08,3.6,24.31,18.67,19.49
2020-12-09,8.46,25.89,16.88,20.87
2020-12-10,1.02,28.97,14.1,24.63
2020-12-11,7.64,24.24,16.73,12.13
2020-12-12,16.15,26.23,16.47,18.77
2020-12-13,11.61,23.87,18.46,18.98
2020-12-14,4.36,28.84,17.4,23.48
2020-12-15,9.02,28.91,18.44,20.05
2020-12-16,4.52,28.15,18.35,26.4
2020-12-17,7.52,25.78,18.76,18.58
2020-12-18,4.54,29.01,16.77,27.05
2020-12-19,2.34,29.68,17.89,27.5
2020-12-20,4.42,28.98,19.12,23.4
2020-12-21,1.38,31.05,17.29,25.17
2020-12-22,10.15,25.39,18.31,18.71
2020-12-23,1.98,28.8,16.8,21.78
2020-12-24,2.62,28.12,15.46,24.01
2020-12-25,7.64,26.48,14.62,17.95
2020-12-26,6.61,26.49,15.61,22.0
2020-12-27,14.38,22.84,17.23,10.25
2020-12-28,9.89,27.37,16.26,17.17
2020-12-29,12.44,25.79,17.25,16.64
2020-12-30,3.36,27.66,15.77,22.52
2020-12-31,4.43,28.18,16.98,18.87
2021-01-01,4.98,25.88,17.45,15.67
2021-01-02,4.17,25.48,17.04,24.28
2021-01-03,4.55,28.05,15.55,23.62
2021-01-04,5.73,27.49,15.8,27.81
2021-01-05,1.06,29.65,16.05,21.05
2021-01-06,10.81,27.71,17.38,21.67
2021-01-07,17.67,26.31,18.66,21.25
2021-01-08,3.59,28.43,17.93,17.2
2021-01-09,3.83,29.94,17.95,19.19
2021-01-10,10.8,27.01,19.49,16.68
2021-01-11,10.92,26.65,18.87,19.89
2021-01-12,6.79,27.7,19.14,18.01
2021-01-13,8.55,27.79,19.78,15.11
2021-01-14,7.5,28.37,18.14,20.91
2021-01-15,6.48,26.77,17.76,15.58
2021-01-16,2.8,27.29,17.79,19.5
2021-01-17,2.13,24.81,18.02,17.18
2021-01-18,1.33,28.45,19.08,23.1
2021-01-19,0.86,30.31,17.45,24.27
2021-01-20,0.49,30.22,18.02,26.86
2021-01-21,0.22,29.12,17.68,28.07
2021-01-22,0.34,29.13,17.42,24.96
2021-01-23,1.08,27.35,18.72,23.42
2021-01-24,2.23,25.47,17.82,21.16
2021-01-25,4.69,28.19,17.8,25.04
2021-01-26,1.28,28.36,16.86,23.25
2021-01-27,1.31,25.59,17.79,24.5
2021-01-28,0.35,29.58,16.35,25.13
2021-01-29,0.01,29.56,15.63,23.25
2021-01-30,0.01,31.03,18.07,27.42
2021-01-31,4.76,30.8,17.94,25.57
2021-02-01,7.84,24.53,18.39,18.7
2021-02-02,5.87,26.97,17.26,22.44
2021-02-03,5.61,30.4,16.41,27.92
2021-02-04,3.33,28.23,18.44,23.96
2021-02-05,19.03,27.94,18.99,14.19
2021-02-06,3.31,27.37,16.29,20.89
2021-02-07,0.73,28.1,14.29,25.96
2021-02-08,2.3,26.13,14.33,22.84
2021-02-09,3.4,26.94,14.05,23.71
2021-02-10,2.17,27.54,15.97,24.55
2021-02-11,7.92,25.45,15.7,11.86
2021-02-12,18.05,22.14,17.2,13.89
2021-02-13,16.71,24.26,17.05,10.66
2021-02-14,2.82,25.58,16.1,20.34
2021-02-15,1.72,26.6,16.24,21.03
2021-02-16,1.21,27.86,16.0,24.9
2021-02-17,11.55,28.39,16.83,17.13
2021-02-18,2.08,28.51,15.36,25.55
2021-02-19,0.49,29.38,17.74,27.99
2021-02-20,0.97,29.96,16.55,24.75
2021-02-21,1.85,29.32,17.24,23.18
2021-02-22,1.92,28.71,16.94,25.2
2021-02-23,0.17,30.51,16.35,28.16
2021-02-24,2.72,30.77,15.63,24.15
2021-02-25,5.67,26.84,17.73,12.29
2021-02-26,14.01,25.42,15.84,10.85
2021-02-27,5.23,27.03,15.5,17.93
2021-02-28,0.86,23.76,16.11,16.27
2021-03-01,0.57,25.52,17.13,20.88
2021-03-02,0.47,27.39,16.41,23.53
2021-03-03,0.33,27.92,15.94,24.53
2021-03-04,9.47,23.8,15.85,20.13
2021-03-05,8.93,24.69,16.57,12.81
2021-03-06,21.52,22.3,17.51,12.17
2021-03-07,7.34,25.58,17.13,10.46
2021-03-08,5.3,23.52,16.72,18.35
2021-03-09,2.31,27.3,15.62,23.5
2021-03-10,0.76,26.5,14.83,24.37
2021-03-11,1.83,27.5,14.6,19.41
2021-03-12,0.78,28.99,15.7,24.02
2021-03-13,2.84,29.1,16.71,23.05
2021-03-14,16.78,26.73,17.33,22.81
2021-03-15,1.07,28.11,16.33,20.75
2021-03-16,2.07,28.14,16.48,21.64
2021-03-17,4.57,28.32,16.12,21.39
2021-03-18,1.8,26.3,17.68,8.22
2021-03-19,3.19,26.55,16.64,19.09
2021-03-20,0.9,28.65,16.94,21.96
2021-03-21,0.52,28.96,15.7,23.8
2021-03-22,0.0,30.4,14.94,23.35
2021-03-23,0.01,29.71,16.2,22.66
2021-03-24,0.28,30.55,16.49,16.69
2021-03-25,1.24,30.16,17.48,23.3
2021-03-26,0.89,29.59,17.64,22.24
2021-03-27,0.41,31.01,16.52,22.2
2021-03-28,3.58,28.77,18.37,19.35
2021-03-29,1.23,29.32,16.77,22.19
2021-03-30,3.03,27.96,17.34,22.49
2021-03-31,1.55,25.52,14.78,17.84
2021-04-01,0.06,25.62,12.46,24.83
2021-04-02,0.08,27.16,13.52,23.94
2021-04-03,0.01,27.77,13.85,22.0
2021-04-04,0.0,27.35,15.32,20.68
2021-04-05,0.04,26.05,15.12,18.73
2021-04-06,3.04,22.87,15.57,8.88
2021-04-07,0.53,25.33,15.14,15.63
2021-04-08,0.04,26.74,14.31,22.8
2021-04-09,0.04,26.37,13.52,21.53
2021-04-10,0.01,26.58,11.2,23.39
2021-04-11,0.0,27.25,11.94,22.95
2021-04-12,0.07,27.68,11.48,22.69
2021-04-13,0.26,26.23,15.17,11.52
2021-04-14,0.01,26.09,13.24,19.72
2021-04-15,0.02,25.76,13.71,19.54
2021-04-16,0.03,25.88,12.99,17.89
2021-04-17,2.44,25.11,13.54,13.79
2021-04-18,5.24,24.5,14.15,11.7
2021-04-19,1.18,24.6,13.68,17.08
2021-04-20,0.36,23.91,12.75,18.39
2021-04-21,0.41,24.8,12.1,20.08
2021-04-22,0.12,24.26,12.97,19.15
2021-04-23,0.02,26.24,11.7,21.34
2021-04-24,0.01,27.23,12.03,20.92
2021-04-25,0.0,27.74,13.59,19.55
2021-04-26,0.21,27.66,15.35,17.33
2021-04-27,0.49,26.09,14.35,16.11
2021-04-28,0.11,26.66,13.17,19.19
2021-04-29,0.03,24.28,12.8,19.12
2021-04-30,0.01,24.91,12.03,18.41
2021-05-01,0.01,23.72,12.16,17.1
2021-05-02,0.04,25.76,10.11,17.89
2021-05-03,0.13,26.2,9.44,19.96
2021-05-04,0.03,26.5,10.21,19.59
2021-05-05,0.0,27.41,11.24,19.67
2021-05-06,0.0,26.8,10.26,18.31
2021-05-07,0.04,24.73,12.17,15.55
2021-05-08,0.02,24.94,12.31,17.74
2021-05-09,0.02,24.81,12.21,17.21
2021-05-10,0.01,25.01,11.61,15.6
2021-05-11,0.01,25.76,10.18,13.83
2021-05-12,5.37,24.63,11.85,10.55
2021-05-13,2.8,23.0,12.47,13.72
2021-05-14,0.36,23.74,11.22,15.95
2021-05-15,1.56,22.76,12.8,8.51
2021-05-16,0.16,24.57,11.3,14.39
2021-05-17,0.01,24.24,10.41,16.69
2021-05-18,0.04,24.66,11.15,15.66
2021-05-19,0.02,25.45,10.13,18.5
2021-05-20,0.09,25.81,9.79,18.54
2021-05-21,0.08,26.0,11.85,14.73
2021-05-22,1.8,24.05,12.15,4.16
2021-05-23,5.1,23.08,14.39,6.49
2021-05-24,0.01,21.75,9.72,14.94
2021-05-25,0.03,25.64,9.99,16.65
2021-05-26,0.01,26.48,10.54,16.5
2021-05-27,0.02,26.09,13.23,15.01
2021-05-28,0.04,27.85,12.79,14.72
2021-05-29,3.2,25.88,15.61,10.74
2021-05-30,1.72,26.89,15.53,10.62
2021-05-31,1.76,24.78,13.17,11.07
2021-06-01,0.06,25.5,11.62,15.68
2021-06-02,0.14,26.08,9.14,16.48
2021-06-03,0.02,27.58,13.05,16.0
2021-06-04,0.0,26.55,11.85,16.72
2021-06-05,0.02,24.79,11.46,16.46
2021-06-06,0.18,22.37,10.9,10.61
2021-06-07,3.86,23.67,11.54,11.19
2021-06-08,0.83,26.24,12.28,13.46
2021-06-09,0.4,24.85,12.92,13.6
2021-06-10,8.89,24.55,12.8,8.21
2021-06-11,0.89,22.36,12.96,8.52
2021-06-12,0.02,23.09,10.13,16.04
2021-06-13,0.03,23.29,9.9,16.57
2021-06-14,0.05,24.03,9.33,16.72
2021-06-15,0.13,23.94,9.36,15.35
2021-06-16,0.06,23.27,8.82,15.81
2021-06-17,0.11,22.29,9.95,15.59
2021-06-18,0.1,23.84,9.59,14.88
2021-06-19,0.24,22.76,10.71,9.5
2021-06-20,0.16,23.29,10.56,11.19
2021-06-21,0.79,23.5,8.44,14.06
2021-06-22,8.72,20.5,10.4,5.68
2021-06-23,0.38,21.82,10.43,14.45
2021-06-24,0.1,23.39,9.83,15.56
2021-06-25,0.07,27.36,10.27,14.64
2021-06-26,0.05,25.82,11.98,14.95
2021-06-27,0.05,25.25,11.56,15.75
2021-06-28,0.06,25.23,8.63,16.54
2021-06-29,0.33,18.58,5.98,5.76
2021-06-30,0.01,18.39,3.16,14.48
2021-07-01,0.17,20.91,3.76,17.23
2021-07-02,0.01,22.21,6.42,16.51
2021-07-03,0.0,24.04,7.42,16.63
2021-07-04,0.09,22.66,9.06,15.96
2021-07-05,0.07,22.94,9.51,13.4
2021-07-06,0.13,21.53,8.97,13.91
2021-07-07,0.03,22.57,9.95,16.4
2021-07-08,0.01,22.94,7.43,17.08
2021-07-09,0.01,23.96,7.67,16.95
2021-07-10,0.01,24.0,7.17,17.0
2021-07-11,0.07,24.72,7.96,16.97
2021-07-12,0.01,24.08,8.19,17.34
2021-07-13,0.02,23.8,7.84,17.18
2021-07-14,0.04,23.4,8.79,16.91
2021-07-15,0.01,25.91,9.6,16.59
2021-07-16,0.03,26.22,9.95,13.66
2021-07-17,0.06,26.88,10.65,12.15
2021-07-18,0.13,23.78,8.29,13.6
2021-07-19,0.0,19.73,2.68,18.37
2021-07-20,0.03,21.41,0.88,17.23
2021-07-21,0.0,22.97,6.34,14.08
2021-07-22,0.01,27.19,6.23,18.37
2021-07-23,0.19,24.8,8.26,18.38
2021-07-24,0.01,25.51,6.84,18.63
2021-07-25,0.0,25.42,7.69,18.51
2021-07-26,0.0,26.2,7.8,18.7
2021-07-27,0.02,27.24,9.59,16.82
2021-07-28,17.95,16.54,7.7,3.5
2021-07-29,0.0,16.3,1.25,18.92
2021-07-30,0.11,16.21,0.35,18.38
2021-07-31,0.09,21.54,4.73,17.29
2021-08-01,0.01,22.55,6.59,16.14
2021-08-02,0.01,23.81,7.25,18.15
2021-08-03,0.03,21.72,8.2,17.0
2021-08-04,0.02,22.83,9.23,17.26
2021-08-05,0.0,21.89,9.33,15.25
2021-08-06,0.01,22.18,9.24,16.23
2021-08-07,0.0,24.07,9.39,16.64
2021-08-08,0.0,24.05,8.36,16.19
2021-08-09,0.0,25.3,8.91,16.6
2021-08-10,0.0,27.14,9.09,19.81
2021-08-11,0.0,27.68,12.57,19.52
2021-08-12,0.04,26.08,11.41,16.51
2021-08-13,0.06,25.56,12.13,15.72
2021-08-14,0.17,26.13,12.03,16.17
2021-08-15,0.06,28.22,11.47,18.05
2021-08-16,3.2,28.87,13.68,14.22
2021-08-17,0.49,29.76,12.52,18.6
2021-08-18,0.0,31.26,12.88,20.45
2021-08-19,0.0,30.24,11.94,21.15
2021-08-20,0.02,29.12,12.34,21.49
2021-08-21,0.05,30.01,13.3,21.23
2021-08-22,0.0,28.17,11.58,21.42
2021-08-23,0.0,29.26,11.79,21.53
2021-08-24,0.0,31.11,12.52,20.52
2021-08-25,0.0,31.1,13.11,20.2
2021-08-26,0.0,31.62,15.12,19.77
2021-08-27,0.58,30.39,14.58,11.24
2021-08-28,1.75,23.96,13.62,3.59
2021-08-29,2.1,23.88,13.64,14.5
2021-08-30,0.14,25.59,12.92,19.47
2021-08-31,0.07,25.66,11.22,21.81
2021-09-01,0.01,27.15,11.31,22.19
2021-09-02,0.02,28.13,12.23,21.41
2021-09-03,0.0,29.41,13.89,19.94
2021-09-04,0.0,31.76,16.16,21.29
2021-09-05,0.01,31.16,13.99,19.43
2021-09-06,0.01,32.3,12.85,23.09
2021-09-07,0.01,32.37,13.86,19.82
2021-09-08,0.02,32.91,16.92,17.57
2021-09-09,2.13,33.05,16.17,14.48
2021-09-10,2.27,28.23,16.49,11.62
2021-09-11,3.26,25.41,15.31,17.09
2021-09-12,0.45,33.2,15.08,20.79
2021-09-13,0.24,33.69,15.97,19.31
2021-09-14,0.0,34.22,17.36,17.78
2021-09-15,0.09,32.81,18.0,6.69
2021-09-16,0.97,29.49,15.42,16.37
2021-09-17,0.54,28.15,14.63,18.24
2021-09-18,0.12,32.55,16.43,21.37
2021-09-19,0.01,33.6,16.37,21.72
2021-09-20,0.0,35.14,16.33,22.06
2021-09-21,0.22,35.78,15.1,18.96
2021-09-22,0.17,25.57,11.24,19.85
2021-09-23,0.03,30.56,8.94,24.04
2021-09-24,0.02,32.64,11.64,24.71
2021-09-25,3.13,29.9,13.87,17.86
2021-09-26,2.23,30.99,13.89,18.43
2021-09-27,0.33,31.29,15.09,21.41
2021-09-28,0.0,33.19,14.67,23.61
2021-09-29,0.21,32.23,16.24,19.38
2021-09-30,0.37,32.28,14.6,24.22
2021-10-01,1.66,33.53,15.23,16.52
2021-10-02,6.08,29.35,17.77,12.17
2021-10-03,19.84,31.1,15.91,17.81
2021-10-04,3.01,30.05,16.7,14.43
2021-10-05,2.02,29.04,15.53,18.47
2021-10-06,8.08,31.83,14.09,23.41
2021-10-07,2.53,27.82,14.46,8.07
2021-10-08,0.59,29.87,12.74,22.86
2021-10-09,13.58,28.74,13.7,16.82
2021-10-10,5.35,25.68,13.9,7.49
2021-10-11,13.61,24.17,14.37,6.93
2021-10-12,1.31,26.37,13.23,21.37
2021-10-13,0.21,28.6,13.98,23.45
2021-10-14,5.94,29.78,15.23,16.66
2021-10-15,14.77,27.62,17.35,20.9
2021-10-16,5.54,28.21,17.68,17.42
2021-10-17,2.88,28.28,15.63,20.89
2021-10-18,11.26,26.45,14.15,7.82
2021-10-19,9.82,25.32,13.13,9.53
2021-10-20,4.97,19.11,11.29,13.43
2021-10-21,0.28,24.41,10.54,23.33
2021-10-22,0.03,27.74,10.07,26.68
2021-10-23,0.18,29.67,12.06,27.54
2021-10-24,16.49,25.29,13.86,10.52
2021-10-25,5.44,28.37,12.19,19.94
2021-10-26,3.51,25.36,16.41,19.6
2021-10-27,12.63,26.79,16.78,13.27
2021-10-28,16.68,23.89,17.12,12.1
2021-10-29,1.31,26.48,16.54,21.63
2021-10-30,1.27,26.3,15.73,23.53
2021-10-31,11.02,21.93,15.75,7.61
2021-11-01,4.16,26.52,14.98,13.97
2021-11-02,0.45,27.9,14.54,23.17
2021-11-03,0.08,28.29,13.99,26.24
2021-11-04,0.01,29.97,14.01,29.46
2021-11-05,0.0,29.48,15.0,28.28
2021-11-06,0.01,30.98,12.85,30.17
2021-11-07,0.15,31.0,13.36,28.33
2021-11-08,1.31,30.43,14.5,24.42
2021-11-09,4.35,29.57,14.63,23.12
2021-11-10,2.32,29.22,13.75,22.04
2021-11-11,5.66,25.47,14.17,8.47
2021-11-12,0.42,24.67,11.75,16.16
2021-11-13,0.07,27.14,10.31,27.73
2021-11-14,1.13,28.95,11.24,28.18
2021-11-15,1.55,29.49,12.76,27.38
2021-11-16,0.06,29.78,14.78,27.2
2021-11-17,0.13,31.38,14.58,27.9
2021-11-18,26.69,24.76,17.26,10.31
2021-11-19,20.61,24.37,15.98,11.57
2021-11-20,2.0,27.19,14.01,25.53
2021-11-21,0.16,28.81,12.54,28.1
2021-11-22,0.01,29.81,12.73,31.13
2021-11-23,0.01,31.6,12.8,31.1
2021-11-24,0.07,31.86,13.94,26.95
2021-11-25,1.55,31.08,16.41,27.6
2021-11-26,18.81,26.15,18.01,10.02
2021-11-27,1.51,27.8,17.06,27.44
2021-11-28,0.0,28.96,13.76,29.47
2021-11-29,1.4,31.35,18.83,26.0
2021-11-30,15.67,25.82,17.51,11.29
2021-12-01,2.41,29.15,16.07,27.8
2021-12-02,1.69,30.04,15.47,25.07
2021-12-03,2.33,27.75,15.05,25.98
2021-12-04,0.27,28.31,14.19,28.5
2021-12-05,10.25,27.72,15.65,21.58
2021-12-06,3.28,27.92,15.81,19.33
2021-12-07,4.87,25.34,14.1,19.47
2021-12-08,6.55,22.95,13.02,22.8
2021-12-09,0.6,26.7,12.18,29.46
2021-12-10,0.01,28.11,11.34,31.46
2021-12-11,0.04,30.07,11.39,28.11
2021-12-12,10.1,30.14,17.07,20.35
2021-12-13,5.77,27.27,17.94,13.88
2021-12-14,7.58,27.97,17.73,15.65
2021-12-15,16.06,25.54,19.24,10.63
2021-12-16,17.72,27.07,18.36,16.91
2021-12-17,21.58,25.8,18.91,14.66
2021-12-18,3.31,27.46,16.6,23.37
2021-12-19,0.09,27.67,14.35,28.08
2021-12-20,0.01,27.86,13.55,28.91
2021-12-21,0.03,28.48,16.25,27.15
2021-12-22,8.35,28.43,15.66,26.26
2021-12-23,7.92,26.65,13.44,21.55
2021-12-24,0.08,26.85,11.89,29.89
2021-12-25,0.02,26.81,13.07,29.45
2021-12-26,0.38,28.4,14.34,29.6
2021-12-27,9.21,27.9,15.0,22.77
2021-12-28,7.35,28.75,16.26,12.96
2021-12-29,6.84,25.76,16.22,23.4
2021-12-30,12.95,23.38,16.15,9.23
2021-12-31,28.06,22.38,16.36,9.43
2022-01-01,9.78,23.28,16.2,14.52
2022-01-02,4.83,27.08,17.71,18.5
2022-01-03,10.44,26.67,17.17,17.95
2022-01-04,19.28,24.77,18.67,15.54
2022-01-05,13.49,25.85,17.68,15.52
2022-01-06,17.55,23.29,16.28,18.43
2022-01-07,9.38,23.57,16.72,10.33
2022-01-08,4.34,25.68,15.76,19.54
2022-01-09,7.61,23.51,14.67,9.81
2022-01-10,5.11,26.25,15.0,12.52
2022-01-11,11.98,21.69,16.52,12.73
2022-01-12,5.21,24.67,16.43,14.48
2022-01-13,12.52,27.59,17.21,23.99
2022-01-14,1.55,28.3,18.51,21.22
2022-01-15,6.24,24.2,19.01,14.69
2022-01-16,8.95,27.15,16.69,16.21
2022-01-17,3.74,27.4,16.79,24.52
2022-01-18,7.59,28.62,17.44,27.57
2022-01-19,7.34,28.25,19.53,26.09
2022-01-20,7.66,30.05,17.74,26.28
2022-01-21,0.52,30.66,16.99,28.43
2022-01-22,1.24,30.31,17.19,27.39
2022-01-23,2.44,30.09,19.31,27.06
2022-01-24,1.98,30.38,19.41,26.04
2022-01-25,1.35,28.43,19.17,26.22
2022-01-26,8.2,26.48,18.65,23.81
2022-01-27,3.53,28.09,17.53,25.37
2022-01-28,4.37,24.61,17.96,18.1
2022-01-29,41.94,23.85,17.77,10.27
2022-01-30,34.32,24.35,17.48,6.24
2022-01-31,11.54,23.78,16.96,11.85
2022-02-01,8.34,25.0,17.09,11.4
2022-02-02,10.21,23.8,17.38,11.25
2022-02-03,12.83,25.1,16.42,17.99
2022-02-04,5.69,26.49,17.35,17.38
2022-02-05,8.43,27.14,17.12,15.3
2022-02-06,15.85,25.23,18.42,16.98
2022-02-07,14.33,23.25,17.01,12.25
2022-02-08,2.12,25.63,15.14,21.72
2022-02-09,0.26,24.57,12.7,25.06
2022-02-10,4.19,27.55,14.44,25.88
2022-02-11,3.33,27.52,16.22,21.44
2022-02-12,0.99,28.19,16.5,24.9
2022-02-13,0.95,28.45,16.21,25.98
2022-02-14,0.48,29.78,17.56,27.4
2022-02-15,1.91,28.28,16.89,22.91
2022-02-16,1.92,29.15,15.64,25.44
2022-02-17,7.83,26.29,16.71,18.4
2022-02-18,0.86,22.67,15.63,12.8
2022-02-19,5.06,25.9,15.06,23.04
2022-02-20,1.34,26.86,16.1,22.83
2022-02-21,0.97,28.02,17.02,24.69
2022-02-22,0.53,30.38,17.32,25.35
2022-02-23,4.45,29.0,15.2,25.12
2022-02-24,11.36,27.69,18.69,22.93
2022-02-25,1.31,30.7,16.98,24.85
2022-02-26,0.34,30.04,17.7,25.83
2022-02-27,0.85,29.84,17.17,25.23
2022-02-28,0.63,28.96,17.57,23.99
2022-03-01,10.89,28.49,17.97,22.39
2022-03-02,1.11,28.86,16.29,26.02
2022-03-03,0.67,29.19,16.22,24.51
2022-03-04,2.03,28.39,16.32,24.09
2022-03-05,2.01,28.43,17.34,20.36
2022-03-06,1.71,28.18,17.84,23.31
2022-03-07,2.4,29.07,18.62,22.55
2022-03-08,1.78,30.19,18.55,23.34
2022-03-09,3.69,29.05,18.01,22.89
2022-03-10,3.32,26.92,17.13,20.74
2022-03-11,7.59,25.64,18.05,15.05
2022-03-12,9.29,26.88,17.74,16.27
2022-03-13,5.27,25.46,16.52,16.61
2022-03-14,3.99,24.57,17.98,14.28
2022-03-15,7.58,27.28,18.07,18.09
2022-03-16,7.17,28.11,18.19,18.34
2022-03-17,0.6,26.41,17.19,21.05
2022-03-18,1.7,30.43,17.41,21.36
2022-03-19,1.78,28.47,17.22,19.89
2022-03-20,7.46,24.17,16.61,10.09
2022-03-21,0.7,23.76,14.01,19.71
2022-03-22,0.03,25.99,12.71,23.77
2022-03-23,0.01,26.93,14.69,23.34
2022-03-24,0.02,27.74,16.15,23.32
2022-03-25,5.05,27.41,17.91,20.93
2022-03-26,11.74,25.95,16.89,16.53
2022-03-27,2.8,26.7,17.83,13.1
2022-03-28,5.6,28.04,18.02,15.93
2022-03-29,1.11,27.28,17.42,22.9
2022-03-30,0.09,27.6,16.3,19.45
2022-03-31,3.44,26.15,15.53,14.15
2022-04-01,8.33,24.05,14.81,12.37
2022-04-02,2.14,26.09,15.38,18.56
2022-04-03,0.98,27.51,16.62,20.79
2022-04-04,1.42,28.1,16.7,20.07
2022-04-05,2.49,28.34,17.68,16.57
2022-04-06,1.2,27.86,16.54,20.44
2022-04-07,0.14,27.82,15.63,20.48
2022-04-08,12.48,27.54,15.99,17.21
2022-04-09,4.66,27.45,18.41,17.39
2022-04-10,0.66,27.32,17.08,21.54
2022-04-11,0.03,26.88,16.2,20.16
2022-04-12,5.42,26.04,15.33,14.83
2022-04-13,1.12,26.74,16.43,14.52
2022-04-14,2.84,25.26,15.34,15.96
2022-04-15,0.14,22.13,9.82,21.19
2022-04-16,0.2,22.42,8.61,22.74
2022-04-17,0.19,23.2,11.41,22.09
2022-04-18,0.11,24.31,11.36,19.06
2022-04-19,0.07,24.51,12.72,19.48
2022-04-20,0.2,24.27,12.72,19.0
2022-04-21,0.21,24.22,12.92,20.08
2022-04-22,0.03,24.99,12.44,19.46
2022-04-23,0.06,25.19,14.63,16.99
2022-04-24,0.03,26.85,15.23,20.57
2022-04-25,0.51,26.01,14.9,18.36
2022-04-26,0.23,27.62,14.9,18.38
2022-04-27,0.18,26.2,13.77,18.37
2022-04-28,0.02,25.79,14.71,19.84
2022-04-29,1.14,26.47,15.01,17.36
2022-04-30,2.75,23.08,15.17,10.35
2022-05-01,0.72,24.06,15.37,16.02
2022-05-02,1.91,25.95,13.6,14.69
2022-05-03,1.05,25.33,14.53,16.41
2022-05-04,14.64,21.71,10.83,3.66
2022-05-05,0.57,20.58,8.52,18.51
2022-05-06,0.4,23.04,10.7,19.46
2022-05-07,0.08,24.04,9.85,18.38
2022-05-08,0.06,23.71,11.48,16.36
2022-05-09,0.03,23.68,12.65,16.54
2022-05-10,0.03,23.38,11.08,17.12
2022-05-11,1.19,22.25,10.76,10.68
2022-05-12,1.17,22.72,12.18,14.89
2022-05-13,0.07,23.92,11.14,18.43
2022-05-14,1.8,24.06,11.58,17.01
2022-05-15,8.23,22.42,12.16,8.0
2022-05-16,1.95,21.51,13.2,9.5
2022-05-17,0.09,16.93,4.93,15.61
2022-05-18,0.09,12.94,2.8,12.49
2022-05-19,0.22,14.27,5.06,7.07
2022-05-20,0.04,18.44,4.97,18.04
2022-05-21,0.02,19.34,5.13,16.15
2022-05-22,0.01,19.89,5.21,17.84
2022-05-23,0.03,20.93,7.1,16.85
2022-05-24,0.01,22.8,7.37,16.87
2022-05-25,0.05,21.23,9.04,16.78
2022-05-26,0.04,21.55,8.47,14.36
2022-05-27,0.01,21.56,9.55,15.16
2022-05-28,0.01,20.53,9.2,13.05
2022-05-29,0.04,23.34,10.33,16.92
2022-05-30,0.26,24.73,11.09,12.77
2022-05-31,10.08,21.85,13.66,8.77
2022-06-01,0.11,24.64,14.38,11.77
2022-06-02,0.04,24.61,14.26,12.74
2022-06-03,0.13,22.03,12.77,10.51
2022-06-04,0.04,22.55,11.06,16.48
2022-06-05,0.02,23.72,9.9,16.11
2022-06-06,0.04,23.32,9.63,14.69
2022-06-07,0.13,23.9,10.8,13.82
2022-06-08,3.08,22.09,13.18,10.36
2022-06-09,2.15,23.03,12.83,7.86
2022-06-10,2.26,21.16,13.58,7.34
2022-06-11,0.08,20.07,10.58,10.06
2022-06-12,0.01,19.33,6.55,11.3
2022-06-13,0.02,15.76,4.31,15.16
2022-06-14,0.03,20.75,7.16,15.54
2022-06-15,0.02,22.69,5.97,13.11
2022-06-16,0.01,24.15,11.12,16.27
2022-06-17,0.03,23.87,7.12,16.6
2022-06-18,0.42,21.52,10.94,8.05
2022-06-19,0.32,21.92,10.52,15.23
2022-06-20,1.31,22.66,10.09,7.81
2022-06-21,0.03,24.59,10.63,15.22
2022-06-22,0.08,25.28,11.0,15.56
2022-06-23,0.03,26.06,10.34,16.16
2022-06-24,0.02,26.82,12.7,16.14
2022-06-25,0.01,24.57,12.28,15.47
2022-06-26,0.02,21.47,11.11,13.7
2022-06-27,0.03,22.14,9.53,14.77
2022-06-28,0.08,23.72,10.06,15.39
2022-06-29,0.11,23.95,9.72,14.72
2022-06-30,0.2,23.67,10.28,15.38
2022-07-01,0.04,23.92,7.62,16.33
2022-07-02,0.43,24.95,9.3,16.23
2022-07-03,0.0,26.95,10.33,16.45
2022-07-04,0.03,25.34,9.22,16.73
2022-07-05,0.02,25.11,8.01,16.88
2022-07-06,0.01,24.13,8.33,16.56
2022-07-07,0.01,24.29,9.59,15.58
2022-07-08,0.02,25.37,9.72,16.2
2022-07-09,0.01,24.14,9.64,16.46
2022-07-10,0.0,23.07,9.52,15.6
2022-07-11,0.01,22.86,10.2,16.73
2022-07-12,0.02,25.08,10.41,13.07
2022-07-13,0.02,25.39,10.62,10.06
2022-07-14,0.02,24.14,12.54,15.64
2022-07-15,0.0,24.68,11.08,15.41
2022-07-16,0.55,26.51,11.64,12.81
2022-07-17,0.0,28.43,13.52,14.73
2022-07-18,0.01,27.59,13.9,16.22
2022-07-19,0.04,27.19,10.41,15.22
2022-07-20,0.14,25.78,13.39,16.4
2022-07-21,0.08,25.87,12.36,16.89
2022-07-22,0.0,26.91,9.24,17.53
2022-07-23,0.05,26.59,9.77,17.57
2022-07-24,0.01,27.0,9.69,16.88
2022-07-25,0.01,27.61,9.5,17.67
2022-07-26,0.0,27.48,10.01,17.77
2022-07-27,0.0,25.59,10.2,17.6
2022-07-28,0.0,26.15,9.35,16.95
2022-07-29,2.64,26.13,12.21,10.25
2022-07-30,0.57,23.69,8.67,18.44
2022-07-31,0.02,25.65,7.33,18.76
2022-08-01,0.01,25.06,12.76,14.08
2022-08-02,0.0,27.64,12.02,17.93
2022-08-03,0.0,27.46,9.72,18.06
2022-08-04,0.07,24.02,11.16,15.38
2022-08-05,0.0,28.04,11.77,15.55
2022-08-06,0.0,27.79,12.66,14.58
2022-08-07,1.26,27.06,14.81,9.5
2022-08-08,4.2,21.19,14.28,5.53
2022-08-09,3.59,23.77,13.0,8.96
2022-08-10,19.37,14.71,8.63,9.43
2022-08-11,0.4,18.42,7.81,15.03
2022-08-12,0.02,22.7,8.94,20.34
2022-08-13,0.0,24.85,7.81,20.11
2022-08-14,0.0,26.53,8.34,20.14
2022-08-15,0.0,25.79,8.96,20.59
2022-08-16,0.04,27.66,10.98,17.64
2022-08-17,0.08,27.49,12.97,9.23
2022-08-18,0.01,28.45,13.38,15.44
2022-08-19,0.67,15.82,7.5,7.01
2022-08-20,0.09,16.02,7.33,10.51
2022-08-21,0.0,24.02,8.67,12.48
2022-08-22,0.0,24.36,9.3,18.88
2022-08-23,0.15,25.38,8.54,19.87
2022-08-24,0.09,24.82,10.41,14.87
2022-08-25,0.13,25.23,10.48,13.22
2022-08-26,0.08,25.75,10.76,14.19
2022-08-27,0.0,27.6,11.48,19.41
2022-08-28,0.06,29.18,11.62,21.28
2022-08-29,0.3,19.13,8.25,17.36
2022-08-30,0.08,21.93,7.51,18.4
2022-08-31,0.01,25.48,7.92,22.53
2022-09-01,0.0,26.33,6.5,23.19
2022-09-02,0.02,28.4,8.75,22.9
2022-09-03,0.46,28.77,10.69,19.45
2022-09-04,1.35,23.58,10.67,16.42
2022-09-05,0.05,25.71,10.69,15.59
2022-09-06,0.71,25.34,11.18,15.91
2022-09-07,0.15,26.94,12.05,15.4
2022-09-08,0.01,29.73,11.98,19.05
2022-09-09,0.01,31.97,14.81,19.52
2022-09-10,0.02,33.11,15.72,20.78
2022-09-11,0.11,30.31,12.99,16.66
2022-09-12,2.18,30.2,12.32,14.33
2022-09-13,1.05,30.94,16.12,11.28
2022-09-14,5.67,23.13,14.41,4.87
2022-09-15,5.46,25.12,12.58,10.05
2022-09-16,2.92,22.57,11.4,6.77
2022-09-17,0.28,23.24,9.27,25.2
2022-09-18,0.02,27.84,8.1,25.5
2022-09-19,0.02,30.38,8.73,23.27
2022-09-20,0.61,28.48,12.24,17.16
2022-09-21,1.56,30.31,14.48,11.52
2022-09-22,13.76,25.73,16.3,7.0
2022-09-23,0.04,25.0,8.33,25.18
2022-09-24,0.03,27.94,6.1,26.61
2022-09-25,2.77,29.69,9.46,22.74
2022-09-26,20.18,25.7,13.84,5.17
2022-09-27,24.59,25.23,15.97,10.33
2022-09-28,18.59,21.89,12.9,3.65
2022-09-29,2.05,23.83,12.0,13.52
2022-09-30,3.48,25.23,11.37,10.35
2022-10-01,8.63,25.64,14.19,16.93
2022-10-02,0.05,27.54,12.87,23.25
2022-10-03,2.89,26.56,13.16,17.62
2022-10-04,2.66,25.18,14.79,17.84
2022-10-05,0.25,28.57,12.95,24.48
2022-10-06,14.74,29.14,14.95,21.33
2022-10-07,15.15,25.81,14.16,11.01
2022-10-08,0.01,26.97,13.38,20.92
2022-10-09,8.89,23.82,13.99,10.86
2022-10-10,4.01,22.9,15.87,7.94
2022-10-11,0.17,28.48,15.64,14.01
2022-10-12,0.56,30.05,15.68,22.39
2022-10-13,0.17,30.05,14.62,23.4
2022-10-14,0.08,31.68,15.29,25.93
2022-10-15,1.95,28.26,14.85,22.06
2022-10-16,0.44,27.65,15.52,22.23
2022-10-17,0.86,28.02,15.23,21.0
2022-10-18,7.74,23.71,16.45,14.44
2022-10-19,5.66,25.36,15.53,7.2
2022-10-20,4.71,28.57,14.28,24.27
2022-10-21,13.96,23.97,16.96,9.16
2022-10-22,0.35,27.91,15.44,22.86
2022-10-23,0.28,29.67,13.5,26.55
2022-10-24,1.31,28.07,14.43,25.12
2022-10-25,0.31,28.98,14.13,27.52
2022-10-26,0.07,29.69,13.64,27.88
2022-10-27,6.76,31.11,14.69,25.94
2022-10-28,3.18,28.13,17.92,20.36
2022-10-29,16.5,28.81,17.16,24.95
2022-10-30,3.65,29.07,17.36,22.79
2022-10-31,11.79,28.42,17.63,9.47
2022-11-01,9.71,20.57,11.79,13.14
2022-11-02,2.26,18.06,9.53,7.96
2022-11-03,1.19,17.9,9.16,14.18
2022-11-04,0.06,22.08,7.79,27.28
2022-11-05,0.17,23.03,9.75,26.94
2022-11-06,2.59,22.18,10.1,19.63
2022-11-07,4.15,22.21,10.8,19.47
2022-11-08,1.25,25.0,10.26,23.56
2022-11-09,2.16,26.28,11.46,20.16
2022-11-10,0.96,28.05,13.79,26.96
2022-11-11,12.09,29.1,14.79,19.89
2022-11-12,1.57,26.97,16.61,25.23
2022-11-13,7.44,30.77,14.99,24.88
2022-11-14,14.6,27.2,17.42,18.81
2022-11-15,1.05,27.37,17.11,20.92
2022-11-16,5.07,28.49,13.05,24.78
2022-11-17,0.22,28.5,10.23,28.87
2022-11-18,0.74,27.58,12.28,28.49
2022-11-19,1.44,26.43,12.02,25.28
2022-11-20,2.38,27.9,14.78,23.89
2022-11-21,0.15,28.64,15.56,26.78
2022-11-22,7.08,28.72,17.39,22.86
2022-11-23,25.78,26.93,17.03,17.72
2022-11-24,7.31,26.59,16.21,25.91
2022-11-25,5.39,23.37,14.48,22.25
2022-11-26,4.16,24.78,13.28,21.96
2022-11-27,2.57,27.73,13.35,25.98
2022-11-28,9.62,25.57,15.59,16.19
2022-11-29,8.44,23.91,15.41,18.5
2022-11-30,11.53,25.12,15.62,17.6
2022-12-01,1.45,27.81,15.77,22.94
2022-12-02,2.04,25.99,17.43,23.95
2022-12-03,8.45,24.32,18.08,19.37
2022-12-04,18.16,23.71,17.7,10.94
2022-12-05,28.0,22.22,17.67,11.79
2022-12-06,27.01,24.85,17.54,9.83
2022-12-07,18.89,25.63,16.32,16.18
2022-12-08,0.18,28.27,13.39,31.12
2022-12-09,0.19,29.4,15.05,31.01
2022-12-10,0.51,29.38,14.04,29.41
2022-12-11,2.53,29.12,16.67,26.92
2022-12-12,12.07,24.93,18.03,13.04
2022-12-13,25.01,22.84,14.31,8.19
2022-12-14,0.26,24.23,13.16,26.65
2022-12-15,0.98,26.34,12.98,26.12
2022-12-16,5.12,25.9,14.41,23.21
2022-12-17,1.1,27.43,14.96,27.17
2022-12-18,1.34,27.15,14.39,26.88
2022-12-19,1.54,25.64,15.7,10.31
2022-12-20,12.79,25.15,15.7,13.15
2022-12-21,5.38,25.96,14.4,23.39
2022-12-22,5.19,25.21,13.96,22.43
2022-12-23,3.17,26.12,13.58,25.31
2022-12-24,2.04,28.13,15.6,26.9
2022-12-25,18.09,27.69,16.07,24.45
2022-12-26,21.77,22.7,18.12,15.2
2022-12-27,13.94,27.12,17.66,18.22
2022-12-28,23.26,25.45,17.74,9.99
2022-12-29,16.65,22.55,17.81,15.21
2022-12-30,9.92,27.29,16.95,18.07
2022-12-31,9.45,27.75,15.08,22.45
2023-01-01,4.89,27.15,16.84,21.62
2023-01-02,9.79,26.51,16.55,23.8
2023-01-03,8.02,25.13,17.45,14.56
2023-01-04,14.51,23.98,17.37,14.93
2023-01-05,16.16,23.19,15.39,10.42
2023-01-06,4.79,23.37,14.23,13.89
2023-01-07,1.1,21.58,13.87,14.13
2023-01-08,3.55,25.65,13.46,14.12
2023-01-09,18.38,22.62,16.72,13.2
2023-01-10,10.0,23.37,15.94,14.81
2023-01-11,16.89,24.14,16.86,10.8
2023-01-12,7.04,23.5,16.41,18.86
2023-01-13,7.31,25.62,16.4,16.4
2023-01-14,3.68,27.17,17.6,22.96
2023-01-15,4.01,27.2,18.35,21.43
2023-01-16,7.06,30.8,19.11,26.25
2023-01-17,2.21,29.26,16.49,27.33
2023-01-18,9.84,29.12,18.62,23.53
2023-01-19,6.17,27.65,16.94,21.58
2023-01-20,15.2,22.98,17.15,10.41
2023-01-21,4.18,25.89,16.94,19.52
2023-01-22,1.26,25.84,17.97,21.79
2023-01-23,7.54,26.46,17.68,20.74
2023-01-24,5.12,26.43,17.79,21.66
2023-01-25,0.53,29.35,15.7,28.87
2023-01-26,0.24,29.5,15.53,28.09
2023-01-27,0.61,29.91,15.59,25.54
2023-01-28,6.9,25.87,17.2,15.06
2023-01-29,9.24,23.42,17.77,17.43
2023-01-30,11.17,25.19,17.86,17.75
2023-01-31,10.57,25.6,17.99,21.74
2023-02-01,14.25,26.69,18.05,16.81
2023-02-02,15.67,25.33,18.11,18.8
2023-02-03,13.84,25.82,17.59,17.92
2023-02-04,5.91,25.6,18.54,21.6
2023-02-05,4.02,26.25,18.03,20.34
2023-02-06,3.08,27.09,17.25,20.83
2023-02-07,5.51,28.06,17.77,12.26
2023-02-08,9.09,26.97,17.2,24.73
2023-02-09,4.37,28.8,15.04,25.66
2023-02-10,10.18,26.8,16.54,20.07
2023-02-11,13.03,23.59,17.47,12.45
2023-02-12,10.46,25.29,16.9,14.43
2023-02-13,6.2,26.4,16.88,18.28
2023-02-14,5.89,26.33,17.65,22.8
2023-02-15,5.39,28.12,16.97,22.41
2023-02-16,14.49,25.01,17.91,21.21
2023-02-17,2.01,27.65,18.11,18.65
2023-02-18,12.36,25.3,17.04,15.76
2023-02-19,7.43,22.56,16.36,17.11
2023-02-20,5.66,28.02,16.7,25.31
2023-02-21,10.85,26.19,17.92,14.03
2023-02-22,4.83,24.05,17.42,21.19
2023-02-23,4.51,27.02,16.29,14.28
2023-02-24,3.62,26.44,17.44,17.08
2023-02-25,5.52,26.92,17.82,19.73
2023-02-26,5.46,26.13,18.72,18.77
2023-02-27,2.04,28.92,17.67,22.03
2023-02-28,12.29,26.07,17.78,19.49
2023-03-01,2.59,26.91,17.58,24.6
2023-03-02,2.67,27.18,17.15,23.56
2023-03-03,1.86,28.83,17.13,22.38
2023-03-04,11.5,24.33,17.88,14.03
2023-03-05,11.28,26.12,17.3,16.46
2023-03-06,6.08,26.0,17.41,21.92
2023-03-07,6.01,25.22,18.04,20.24
2023-03-08,2.13,26.52,17.35,19.36
2023-03-09,4.16,28.26,16.11,13.28
2023-03-10,7.49,26.94,17.46,14.6
2023-03-11,14.92,23.76,17.16,12.1
2023-03-12,8.43,24.79,17.23,15.61
2023-03-13,6.15,24.24,18.11,15.59
2023-03-14,4.14,25.54,17.25,14.33
2023-03-15,0.29,27.92,16.72,20.99
2023-03-16,0.2,27.22,16.56,23.12
2023-03-17,0.15,27.22,15.6,21.33
2023-03-18,0.06,28.42,14.84,24.15
2023-03-19,0.15,27.9,16.15,22.3
2023-03-20,5.22,27.3,17.55,19.51
2023-03-21,0.21,28.76,15.94,23.37
2023-03-22,2.04,29.03,16.17,19.0
2023-03-23,1.82,28.52,16.15,23.32
2023-03-24,1.54,28.24,15.17,22.82
2023-03-25,0.29,28.9,16.47,21.16
2023-03-26,0.94,27.78,16.98,22.24
2023-03-27,1.96,28.05,17.32,20.23
2023-03-28,3.67,27.09,15.93,17.89
2023-03-29,5.83,24.74,16.97,13.55
2023-03-30,2.98,26.8,17.36,18.74
2023-03-31,4.92,26.69,17.31,18.69
2023-04-01,0.54,26.93,17.07,24.1
2023-04-02,0.23,25.37,15.35,22.8
2023-04-03,0.22,26.27,14.44,21.36
2023-04-04,0.54,26.12,15.8,20.22
2023-04-05,0.78,27.24,15.24,19.03
2023-04-06,1.39,26.09,15.53,19.19
2023-04-07,15.71,22.84,16.55,6.8
2023-04-08,4.61,25.63,16.01,15.09
2023-04-09,2.26,22.18,15.08,8.99
2023-04-10,0.26,25.6,13.28,20.73
2023-04-11,0.17,25.54,13.61,20.53
2023-04-12,0.15,25.72,14.26,13.44
2023-04-13,4.25,25.24,16.25,18.23
2023-04-14,9.63,24.95,16.91,8.31
2023-04-15,2.12,25.83,16.45,13.48
2023-04-16,0.02,26.66,15.05,20.61
2023-04-17,1.03,25.35,13.99,17.39
2023-04-18,12.69,23.67,17.83,9.02
2023-04-19,10.21,22.29,13.21,18.49
2023-04-20,0.03,20.57,9.75,20.58
2023-04-21,0.1,21.64,9.89,21.64
2023-04-22,0.11,24.19,11.21,19.67
2023-04-23,0.09,23.81,12.64,19.29
2023-04-24,0.04,23.77,12.19,20.88
2023-04-25,0.03,24.09,11.68,19.44
2023-04-26,2.54,24.24,13.34,8.43
2023-04-27,1.45,23.27,14.91,14.57
2023-04-28,2.07,24.49,14.72,13.55
2023-04-29,0.24,23.56,12.58,16.23
2023-04-30,0.14,23.66,11.84,17.23
2023-05-01,0.2,22.7,12.38,17.02
2023-05-02,0.18,23.78,12.46,17.56
2023-05-03,0.05,24.91,12.7,18.36
2023-05-04,0.01,25.33,13.49,18.93
2023-05-05,0.01,26.42,14.39,18.17
2023-05-06,0.01,26.29,14.77,17.59
2023-05-07,0.01,25.5,14.49,16.26
2023-05-08,0.01,24.79,12.9,17.32
2023-05-09,0.07,25.26,15.74,15.14
2023-05-10,2.41,23.08,15.79,10.27
2023-05-11,0.23,22.65,12.55,14.56
2023-05-12,0.07,21.07,10.9,17.02
2023-05-13,0.08,20.72,10.06,18.57
2023-05-14,0.03,20.96,9.42,18.56
2023-05-15,0.04,21.12,9.54,18.58
2023-05-16,0.05,20.93,8.7,18.91
2023-05-17,0.02,20.61,9.07,18.72
2023-05-18,0.03,20.93,8.28,18.64
2023-05-19,0.04,21.79,8.41,18.56
2023-05-20,0.05,21.55,5.82,18.0
2023-05-21,0.07,21.01,7.1,17.27
2023-05-22,0.06,21.22,10.04,15.03
2023-05-23,0.01,22.41,10.07,16.29
2023-05-24,0.05,21.86,10.19,14.92
2023-05-25,0.05,22.13,11.72,15.88
2023-05-26,0.02,22.09,11.4,16.69
2023-05-27,0.07,22.65,11.13,15.29
2023-05-28,0.87,23.17,11.6,8.58
2023-05-29,0.55,21.58,12.78,13.55
2023-05-30,3.02,18.63,11.7,7.89
2023-05-31,27.9,18.15,13.05,3.75
2023-06-01,0.68,21.36,11.12,12.63
2023-06-02,0.24,21.57,10.65,16.93
2023-06-03,0.18,22.06,9.91,17.01
2023-06-04,0.27,21.9,7.73,17.1
2023-06-05,0.29,21.44,9.91,17.21
2023-06-06,0.14,21.32,10.04,16.49
2023-06-07,0.07,20.75,7.4,16.49
2023-06-08,0.03,21.61,6.94,16.31
2023-06-09,0.05,21.72,7.96,16.51
2023-06-10,0.08,22.32,9.16,16.57
2023-06-11,0.06,22.52,8.72,14.07
2023-06-12,0.02,23.28,10.82,14.74
2023-06-13,3.24,20.62,10.69,8.03
2023-06-14,12.24,20.22,12.46,3.06
2023-06-15,12.34,18.07,13.45,2.28
2023-06-16,1.47,17.18,10.66,4.15
2023-06-17,0.01,17.13,6.04,13.22
2023-06-18,0.12,19.06,4.29,16.5
2023-06-19,0.07,19.49,7.68,16.57
2023-06-20,0.1,20.12,7.6,16.15
2023-06-21,0.02,20.67,6.21,16.11
2023-06-22,0.05,21.1,7.77,15.71
2023-06-23,0.01,21.79,8.58,13.14
2023-06-24,0.06,22.02,9.07,15.38
2023-06-25,0.04,22.98,9.93,15.82
2023-06-26,0.05,23.16,10.49,16.3
2023-06-27,0.11,21.87,9.62,16.36
2023-06-28,0.01,22.2,8.23,16.22
2023-06-29,0.04,21.93,8.97,15.17
2023-06-30,0.04,21.87,10.26,15.11
2023-07-01,0.12,22.03,9.39,15.64
2023-07-02,0.07,21.45,9.59,16.11
2023-07-03,0.04,19.31,8.94,16.56
2023-07-04,0.02,19.96,7.97,16.75
2023-07-05,0.08,19.61,6.13,16.68
2023-07-06,0.01,20.1,5.67,16.72
2023-07-07,0.04,21.29,5.37,16.33
2023-07-08,0.16,22.27,6.85,15.27
2023-07-09,2.57,18.98,12.0,5.86
2023-07-10,0.3,23.79,10.99,10.13
2023-07-11,0.01,24.7,12.29,14.99
2023-07-12,0.0,24.71,10.92,13.17
2023-07-13,0.01,23.28,12.08,14.64
2023-07-14,0.3,18.21,6.97,17.36
2023-07-15,0.0,19.98,6.13,17.59
2023-07-16,0.0,23.7,6.76,13.51
2023-07-17,0.08,23.78,10.97,12.22
2023-07-18,0.01,24.4,11.54,14.14
2023-07-19,0.05,22.95,11.95,13.21
2023-07-20,0.01,23.15,11.13,16.56
2023-07-21,0.0,23.23,10.8,16.54
2023-07-22,0.0,22.89,9.87,16.49
2023-07-23,0.0,23.42,8.75,15.54
2023-07-24,0.0,24.32,9.1,16.35
2023-07-25,0.0,23.38,9.86,12.63
2023-07-26,0.0,25.12,10.42,16.53
2023-07-27,0.01,26.03,11.98,16.49
2023-07-28,0.53,25.37,11.75,16.67
2023-07-29,0.76,22.9,11.63,15.83
2023-07-30,0.02,23.72,10.27,17.03
2023-07-31,0.01,24.51,8.8,17.39
2023-08-01,0.06,26.88,8.84,18.0
2023-08-02,0.02,27.03,9.13,18.85
2023-08-03,0.0,27.46,10.48,19.21
2023-08-04,0.0,27.28,9.18,19.27
2023-08-05,0.03,28.27,11.62,19.25
2023-08-06,0.02,27.36,10.01,18.99
2023-08-07,0.01,27.96,11.06,19.13
2023-08-08,0.05,26.2,12.27,17.07
2023-08-09,0.04,25.74,12.28,17.28
2023-08-10,0.0,26.9,12.62,18.03
2023-08-11,0.07,29.31,13.05,19.12
2023-08-12,0.19,30.24,13.16,16.09
2023-08-13,1.15,26.71,13.01,11.57
2023-08-14,0.01,26.88,13.09,12.76
2023-08-15,0.14,24.87,14.35,14.42
2023-08-16,0.02,24.72,14.18,14.93
2023-08-17,0.03,25.99,13.04,17.18
2023-08-18,0.0,27.96,12.59,17.63
2023-08-19,0.07,26.99,13.4,14.38
2023-08-20,0.75,26.17,13.43,10.96
2023-08-21,0.09,26.76,11.64,18.04
2023-08-22,0.0,29.03,11.67,21.37
2023-08-23,0.01,30.86,12.2,18.96
2023-08-24,0.72,29.81,15.75,16.91
2023-08-25,3.2,27.9,15.41,17.05
2023-08-26,7.66,20.03,11.33,5.12
2023-08-27,3.61,16.66,10.26,3.76
2023-08-28,1.89,19.06,9.51,12.09
2023-08-29,0.28,22.14,10.49,10.4
2023-08-30,0.05,24.85,11.19,18.61
2023-08-31,0.01,27.37,10.51,15.95
2023-09-01,0.02,28.88,11.12,20.09
2023-09-02,8.37,28.41,14.71,15.51
2023-09-03,7.83,29.28,15.76,19.53
2023-09-04,2.38,31.41,16.52,17.64
2023-09-05,1.17,28.37,15.1,10.17
2023-09-06,0.09,27.0,13.44,18.66
2023-09-07,0.02,26.34,12.65,20.5
2023-09-08,0.02,28.74,12.69,22.99
2023-09-09,0.01,29.2,14.57,18.76
2023-09-10,0.0,29.76,15.42,12.62
2023-09-11,0.01,30.45,13.73,23.65
2023-09-12,0.0,29.54,12.92,24.11
2023-09-13,0.02,32.5,14.04,23.72
2023-09-14,3.93,25.04,15.13,7.6
2023-09-15,0.12,28.33,11.82,21.32
2023-09-16,0.03,30.9,11.67,21.96
2023-09-17,0.05,32.74,15.64,22.33
2023-09-18,0.48,32.7,15.38,21.53
2023-09-19,0.03,34.15,17.03,22.44
2023-09-20,0.2,33.2,15.05,22.24
2023-09-21,0.04,33.0,14.71,23.27
2023-09-22,0.0,34.38,16.95,23.48
2023-09-23,0.0,35.4,17.39,22.39
2023-09-24,0.0,36.21,16.46,24.64
2023-09-25,0.95,35.14,18.71,22.84
2023-09-26,0.98,36.06,18.37,21.62
2023-09-27,17.03,31.95,19.72,10.43
2023-09-28,5.02,26.57,14.04,11.68
2023-09-29,0.03,29.71,13.11,20.09
2023-09-30,12.37,32.04,15.0,22.03
2023-10-01,34.82,25.65,17.1,7.44
2023-10-02,6.23,28.5,16.31,11.56
2023-10-03,0.65,29.11,17.09,19.23
2023-10-04,9.61,29.63,17.33,16.02
2023-10-05,5.77,32.05,18.79,16.82
2023-10-06,3.38,31.09,18.57,18.8
2023-10-07,31.59,29.99,19.64,12.73
2023-10-08,23.26,28.96,17.83,14.04
2023-10-09,13.32,25.81,15.86,12.07
2023-10-10,0.05,29.63,14.23,26.54
2023-10-11,0.16,31.02,15.41,25.89
2023-10-12,12.24,31.65,16.86,16.31
2023-10-13,12.55,28.91,15.05,12.57
2023-10-14,0.33,27.47,14.09,14.93
2023-10-15,0.03,29.87,15.17,22.67
2023-10-16,14.56,30.26,17.35,25.31
2023-10-17,0.8,29.14,17.84,12.03
2023-10-18,0.48,28.8,16.57,23.56
2023-10-19,0.63,28.61,14.86,20.48
2023-10-20,1.04,28.24,14.36,16.57
2023-10-21,0.07,29.39,14.22,24.11
2023-10-22,0.01,31.27,13.65,27.84
2023-10-23,0.03,32.16,15.06,28.38
2023-10-24,2.06,30.27,18.3,20.29
2023-10-25,2.28,28.68,18.04,18.81
2023-10-26,5.44,28.17,17.52,14.06
2023-10-27,13.58,27.8,17.48,16.42
2023-10-28,1.89,30.56,18.76,14.59
2023-10-29,12.68,27.21,18.33,14.76
2023-10-30,1.36,31.11,17.36,19.01
2023-10-31,18.14,29.71,18.35,18.61
2023-11-01,1.83,28.24,16.67,20.3
2023-11-02,2.98,29.5,15.23,23.17
2023-11-03,9.23,29.93,17.55,19.51
2023-11-04,8.82,26.71,12.9,20.18
2023-11-05,0.23,28.16,10.08,31.3
2023-11-06,0.79,29.89,11.62,30.97
2023-11-07,0.0,30.97,11.81,30.6
2023-11-08,0.01,31.13,12.72,30.76
2023-11-09,0.12,32.84,14.22,27.29
2023-11-10,5.17,32.19,17.77,24.51
2023-11-11,0.3,33.28,16.99,29.31
2023-11-12,0.1,35.29,18.42,29.35
2023-11-13,0.03,35.92,18.19,27.85
2023-11-14,0.45,36.78,20.69,27.39
2023-11-15,6.43,36.75,18.4,25.12
2023-11-16,0.13,34.01,18.86,21.76
2023-11-17,0.01,35.32,20.42,23.99
2023-11-18,6.73,34.54,19.64,21.1
2023-11-19,15.06,32.74,19.3,14.0
2023-11-20,5.03,28.39,18.17,21.21
2023-11-21,2.65,30.11,18.75,22.51
2023-11-22,2.62,28.85,20.39,21.19
2023-11-23,4.07,29.97,18.65,16.5
2023-11-24,3.35,27.97,14.52,17.43
2023-11-25,0.82,26.67,13.61,18.25
2023-11-26,1.11,28.2,14.03,22.82
2023-11-27,8.11,25.17,17.02,15.4
2023-11-28,18.29,28.83,17.08,16.77
2023-11-29,9.11,26.36,17.9,13.67
2023-11-30,0.82,29.64,17.29,26.75
2023-12-01,0.21,32.47,17.83,29.38
2023-12-02,0.0,33.23,18.31,30.45
2023-12-03,0.65,33.88,17.39,29.65
2023-12-04,4.62,32.67,18.75,23.07
2023-12-05,6.52,30.76,19.86,21.44
2023-12-06,0.74,31.31,18.88,24.66
2023-12-07,5.54,32.84,20.17,22.03
2023-12-08,1.03,29.2,19.2,25.34
2023-12-09,1.19,30.64,16.34,26.99
2023-12-10,8.42,29.1,15.36,25.13
2023-12-11,12.64,28.86,17.62,19.14
2023-12-12,0.56,30.03,15.82,28.8
2023-12-13,0.12,31.56,15.15,30.54
2023-12-14,0.01,33.18,15.7,29.91
2023-12-15,0.0,34.97,17.32,30.23
2023-12-16,3.91,33.07,18.1,28.49
2023-12-17,4.91,31.9,18.41,25.03
2023-12-18,0.63,33.51,17.64,28.75
2023-12-19,0.86,32.79,17.27,27.16
2023-12-20,0.21,31.9,15.36,26.89
2023-12-21,1.55,32.1,16.5,26.02
2023-12-22,12.21,29.71,19.29,22.96
2023-12-23,6.41,28.0,19.17,18.11
2023-12-24,0.29,29.67,19.22,25.73
2023-12-25,0.96,31.64,17.0,26.88
2023-12-26,13.04,30.77,18.19,18.9
2023-12-27,3.19,30.8,15.93,28.54
2023-12-28,0.01,32.07,14.78,29.58
2023-12-29,0.0,34.17,15.92,28.27
2023-12-30,0.5,30.21,17.32,17.75
2023-12-31,4.4,26.41,15.66,23.84
2024-01-01,0.6,29.0,16.58,17.33
2024-01-02,1.58,30.53,16.57,23.43
2024-01-03,17.72,28.72,18.18,19.22
2024-01-04,2.66,29.54,17.36,24.47
2024-01-05,0.12,30.54,16.25,29.63
2024-01-06,0.21,31.69,16.38,30.03
2024-01-07,1.6,31.94,17.03,27.41
2024-01-08,7.66,33.16,18.4,22.74
2024-01-09,1.39,33.55,18.1,27.53
2024-01-10,2.58,31.71,17.53,22.27
2024-01-11,4.94,30.42,19.16,24.99
2024-01-12,11.4,30.95,17.88,13.62
2024-01-13,11.27,29.33,18.32,18.68
2024-01-14,9.81,29.09,17.7,23.38
2024-01-15,2.31,30.15,18.98,20.01
2024-01-16,0.7,32.73,18.46,24.3
2024-01-17,0.83,33.42,18.58,24.76
2024-01-18,20.39,31.6,20.18,24.68
2024-01-19,4.35,28.01,19.85,20.36
2024-01-20,16.83,28.01,19.92,15.57
2024-01-21,11.91,26.81,17.88,20.89
2024-01-22,3.71,29.2,16.32,24.67
2024-01-23,17.09,23.9,16.99,6.13
2024-01-24,0.39,28.01,14.63,20.65
2024-01-25,0.96,27.48,14.65,23.19
2024-01-26,2.56,26.88,14.88,25.3
2024-01-27,1.91,28.29,14.12,26.16
2024-01-28,10.48,28.74,16.61,16.34
2024-01-29,4.14,29.33,15.64,24.96
2024-01-30,0.15,30.07,15.73,22.8
2024-01-31,4.49,28.5,17.5,15.85
2024-02-01,0.88,29.1,14.72,23.05
2024-02-02,7.42,28.44,16.61,7.95
2024-02-03,2.4,25.26,16.45,16.86
2024-02-04,3.84,26.43,17.34,13.89
2024-02-05,1.74,29.45,16.32,22.53
2024-02-06,1.21,30.87,16.61,24.18
2024-02-07,3.22,26.7,18.28,19.55
2024-02-08,0.5,31.07,17.08,24.57
2024-02-09,1.15,31.33,17.26,27.67
2024-02-10,0.21,31.33,18.76,27.75
2024-02-11,1.23,31.67,16.92,27.77
2024-02-12,5.54,30.75,17.72,22.79
2024-02-13,5.32,29.83,18.56,22.16
2024-02-14,14.89,26.89,18.54,14.2
2024-02-15,9.45,26.5,17.84,9.43
2024-02-16,0.62,27.91,16.59,17.85
2024-02-17,5.27,29.15,17.11,15.63
2024-02-18,4.51,26.07,17.69,20.95
2024-02-19,3.05,28.19,16.93,23.42
2024-02-20,6.65,28.4,16.96,17.34
2024-02-21,11.0,28.47,17.26,20.77
2024-02-22,7.88,29.33,16.92,23.57
2024-02-23,9.86,29.21,19.27,22.31
2024-02-24,1.79,27.35,19.23,14.02
2024-02-25,0.79,30.32,19.14,22.34
2024-02-26,0.75,30.87,17.81,20.45
2024-02-27,1.05,29.99,19.35,22.4
2024-02-28,0.62,31.34,18.69,17.86
2024-02-29,7.51,29.16,20.71,22.18
2024-03-01,5.16,29.17,19.59,24.16
2024-03-02,1.01,29.6,17.07,24.97
2024-03-03,2.1,31.34,16.12,24.23
2024-03-04,1.38,31.92,17.64,24.17
2024-03-05,13.05,29.71,18.69,22.65
2024-03-06,5.45,28.15,17.86,22.78
2024-03-07,4.69,30.57,18.31,19.6
2024-03-08,8.12,28.66,18.55,18.63
2024-03-09,9.62,28.32,19.31,15.98
2024-03-10,1.6,28.4,19.17,14.6
2024-03-11,0.27,30.5,17.62,23.73
2024-03-12,0.01,32.0,17.13,25.01
2024-03-13,0.02,32.53,17.58,22.61
2024-03-14,0.7,32.6,18.94,24.65
2024-03-15,0.17,32.7,18.52,23.19
2024-03-16,2.42,32.33,19.25,21.03
2024-03-17,5.13,32.72,19.21,21.53
2024-03-18,3.99,31.07,20.07,17.72
2024-03-19,3.96,29.75,20.26,22.0
2024-03-20,2.24,30.38,20.32,21.42
2024-03-21,2.57,31.02,19.21,19.55
2024-03-22,11.94,24.37,16.98,12.34
2024-03-23,3.82,22.72,15.73,8.52
2024-03-24,10.89,21.71,15.23,5.19
2024-03-25,2.02,27.88,15.64,19.81
2024-03-26,6.73,24.62,17.3,8.94
2024-03-27,16.43,22.23,16.56,7.01
2024-03-28,16.91,25.37,15.96,7.75
2024-03-29,6.82,26.69,16.27,12.06
2024-03-30,1.82,26.56,17.34,15.93
2024-03-31,0.05,27.86,15.68,23.49
2024-04-01,0.05,27.79,14.49,22.44
2024-04-02,0.02,27.82,15.46,13.63
2024-04-03,0.07,30.03,17.29,21.56
2024-04-04,0.19,31.11,16.72,21.39
2024-04-05,0.15,30.61,16.18,20.91
2024-04-06,0.21,29.19,14.91,20.57
2024-04-07,0.21,28.59,16.26,20.14
2024-04-08,0.06,28.76,15.87,11.79
2024-04-09,2.43,25.86,17.41,13.44
2024-04-10,0.18,28.9,16.44,20.35
2024-04-11,4.52,29.37,15.48,13.39
2024-04-12,2.22,28.42,16.29,13.47
2024-04-13,0.33,28.82,16.64,17.93
2024-04-14,0.01,26.08,17.17,14.25
2024-04-15,0.08,26.72,17.43,16.07
2024-04-16,0.29,27.74,16.8,17.59
2024-04-17,4.33,29.46,16.1,14.07
2024-04-18,2.54,24.72,15.19,14.2
2024-04-19,0.15,27.44,13.26,19.84
2024-04-20,0.02,28.08,12.85,20.22
2024-04-21,0.04,27.66,12.75,21.44
2024-04-22,0.04,26.63,12.82,21.34
2024-04-23,0.01,28.17,12.42,19.43
2024-04-24,0.09,29.38,14.73,19.04
2024-04-25,0.02,29.78,16.0,19.23
2024-04-26,0.03,29.77,16.63,18.57
2024-04-27,0.02,29.44,15.52,18.22
2024-04-28,0.03,29.39,14.56,17.09
2024-04-29,0.02,29.94,14.94,17.46
2024-04-30,0.03,29.77,14.47,18.76
2024-05-01,0.0,29.88,14.99,18.91
2024-05-02,0.03,30.03,14.27,18.86
2024-05-03,0.01,29.96,16.57,17.88
2024-05-04,0.0,30.32,14.15,19.43
2024-05-05,0.01,30.28,13.21,19.49
2024-05-06,0.01,29.42,13.17,19.34
2024-05-07,0.04,29.98,14.15,17.92
2024-05-08,0.04,28.76,13.8,18.29
2024-05-09,0.01,30.03,14.06,16.25
2024-05-10,0.03,28.75,15.43,17.05
2024-05-11,0.01,28.84,14.73,17.2
2024-05-12,0.0,28.62,13.26,17.63
2024-05-13,0.01,28.62,13.09,18.75
2024-05-14,0.08,27.83,12.37,12.9
2024-05-15,0.08,26.78,14.01,11.5
2024-05-16,0.03,27.09,13.98,12.85
2024-05-17,0.01,29.15,14.59,17.19
2024-05-18,0.0,29.66,13.89,17.3
2024-05-19,0.04,29.23,15.26,15.39
2024-05-20,0.03,28.2,14.76,15.08
2024-05-21,0.03,28.27,15.26,14.52
2024-05-22,0.02,27.43,14.7,16.01
2024-05-23,0.02,27.35,11.6,17.74
2024-05-24,0.32,28.21,12.97,13.06
2024-05-25,3.83,25.19,12.35,10.71
2024-05-26,25.47,21.55,12.78,5.78
2024-05-27,6.6,23.77,12.41,7.01
2024-05-28,2.19,22.64,12.34,6.02
2024-05-29,0.11,20.97,7.9,16.83
2024-05-30,0.17,21.39,7.48,16.66
2024-05-31,0.07,22.93,8.81,17.54
2024-06-01,0.06,23.53,9.09,17.18
2024-06-02,0.02,24.08,9.24,16.12
2024-06-03,0.02,24.11,10.7,10.01
2024-06-04,0.14,23.26,11.09,14.17
2024-06-05,0.03,24.78,11.57,14.65
2024-06-06,0.03,25.47,10.01,14.84
2024-06-07,0.01,26.51,10.8,15.66
2024-06-08,0.0,26.94,10.44,15.96
2024-06-09,0.02,26.75,10.37,16.45
2024-06-10,0.06,27.24,10.69,16.55
2024-06-11,0.06,27.52,11.9,16.85
2024-06-12,0.08,26.35,10.09,16.63
2024-06-13,0.06,25.56,9.03,16.78
2024-06-14,0.0,25.83,9.31,16.43
2024-06-15,0.02,26.51,10.59,16.12
2024-06-16,0.06,27.01,11.16,16.21
2024-06-17,0.01,25.95,10.15,16.49
2024-06-18,0.03,25.35,9.02,16.6
2024-06-19,0.04,26.7,9.81,16.63
2024-06-20,0.02,26.62,10.74,16.73
2024-06-21,0.02,25.35,8.62,16.35
2024-06-22,0.02,24.99,10.62,14.69
2024-06-23,0.0,26.61,12.04,12.52
2024-06-24,0.02,27.46,11.26,15.57
2024-06-25,0.01,26.82,13.59,12.11
2024-06-26,0.02,27.43,14.21,14.26
2024-06-27,0.04,25.31,12.13,12.85
2024-06-28,0.01,26.27,11.49,10.7
2024-06-29,0.77,25.33,11.51,13.15
2024-06-30,7.12,17.48,11.66,5.98
2024-07-01,5.59,22.27,10.49,3.7
2024-07-02,0.27,24.78,8.84,15.93
2024-07-03,0.18,24.75,8.83,14.72
2024-07-04,0.01,26.4,10.7,9.15
2024-07-05,0.01,25.68,10.11,12.6
2024-07-06,0.0,25.82,11.79,15.65
2024-07-07,0.01,25.83,11.36,11.89
2024-07-08,0.27,24.98,11.67,11.75
2024-07-09,7.49,23.95,12.22,5.7
2024-07-10,2.32,24.07,12.53,8.13
2024-07-11,0.26,26.89,14.03,13.57
2024-07-12,0.06,28.05,12.94,14.48
2024-07-13,0.07,23.84,14.01,11.23
2024-07-14,0.03,24.52,13.25,14.16
2024-07-15,0.02,25.18,10.8,15.14
2024-07-16,0.04,24.94,11.67,15.15
2024-07-17,0.03,25.5,11.22,15.82
2024-07-18,0.01,26.16,11.59,17.56
2024-07-19,0.02,27.32,9.85,17.75
2024-07-20,0.06,27.68,8.5,17.89
2024-07-21,0.0,26.85,8.21,17.81
2024-07-22,0.03,27.47,9.9,18.09
2024-07-23,0.0,27.36,8.91,18.19
2024-07-24,0.0,27.13,8.28,17.64
2024-07-25,0.02,25.55,8.51,18.02
2024-07-26,0.0,26.37,10.79,14.68
2024-07-27,0.01,25.86,10.65,13.78
2024-07-28,0.05,28.37,9.31,17.17
2024-07-29,0.1,27.48,10.62,13.0
2024-07-30,1.99,22.47,11.9,6.04
2024-07-31,0.21,25.63,10.83,17.45
2024-08-01,0.03,26.94,10.8,17.42
2024-08-02,0.02,26.06,9.7,17.63
2024-08-03,0.01,26.57,10.74,17.81
2024-08-04,0.01,26.3,11.75,13.48
2024-08-05,0.33,27.8,11.24,17.16
2024-08-06,0.02,28.25,11.86,15.19
2024-08-07,0.0,27.59,11.99,17.67
2024-08-08,0.0,29.06,11.16,18.06
2024-08-09,5.68,26.02,14.5,2.92
2024-08-10,15.4,17.29,6.4,8.29
2024-08-11,0.03,23.45,3.19,20.0
2024-08-12,0.05,20.91,4.41,18.49
2024-08-13,1.38,21.87,3.28,19.54
2024-08-14,0.0,25.82,6.09,18.5
2024-08-15,0.0,29.25,8.94,20.01
2024-08-16,0.0,30.84,14.01,19.93
2024-08-17,0.0,31.07,10.97,20.11
2024-08-18,0.0,31.66,11.85,20.37
2024-08-19,0.01,31.34,11.54,20.8
2024-08-20,0.01,31.58,13.8,20.7
2024-08-21,0.01,30.35,11.17,20.69
2024-08-22,0.0,30.5,12.45,21.1
2024-08-23,0.0,31.08,13.58,20.51
2024-08-24,1.2,30.99,13.42,17.32
2024-08-25,12.84,18.9,10.29,2.3
2024-08-26,0.38,22.53,6.12,21.13
2024-08-27,0.02,26.15,3.22,23.0
2024-08-28,0.01,28.23,7.07,21.55
2024-08-29,0.01,29.98,10.39,21.8
2024-08-30,0.01,30.84,10.61,22.58
2024-08-31,0.02,31.51,11.7,22.98
2024-09-01,0.01,31.37,10.32,22.71
2024-09-02,0.01,30.19,13.39,16.0
2024-09-03,0.01,31.63,16.29,17.72
2024-09-04,0.0,32.98,14.59,19.02
2024-09-05,0.0,33.2,14.94,18.87
2024-09-06,0.0,32.04,12.81,17.18
2024-09-07,0.14,33.1,15.28,15.38
2024-09-08,0.0,33.15,16.61,14.74
2024-09-09,0.02,33.3,14.73,20.25
2024-09-10,0.0,32.82,13.53,22.15
2024-09-11,0.03,32.86,14.05,21.74
2024-09-12,0.0,32.81,14.01,24.17
2024-09-13,0.0,31.95,14.69,23.22
2024-09-14,0.0,33.16,16.08,15.56
2024-09-15,0.01,29.77,15.23,17.65
2024-09-16,0.13,27.14,14.1,5.88
2024-09-17,0.05,27.87,12.66,20.97
2024-09-18,0.04,30.04,12.27,18.07
2024-09-19,0.86,31.35,14.18,18.45
2024-09-20,3.79,34.51,16.14,20.92
2024-09-21,3.23,31.19,16.58,10.38
2024-09-22,0.04,32.21,15.62,19.55
2024-09-23,0.0,34.31,15.25,21.98
2024-09-24,0.0,34.26,15.48,22.56
2024-09-25,0.0,34.55,15.31,24.59
2024-09-26,0.02,34.72,15.47,25.06
2024-09-27,0.94,33.21,15.41,13.56
2024-09-28,0.37,31.32,13.27,22.37
2024-09-29,0.0,33.48,13.94,23.26
2024-09-30,0.0,33.42,15.45,25.05
2024-10-01,0.0,34.37,17.07,23.16
2024-10-02,0.01,36.31,16.14,24.19
2024-10-03,3.32,28.67,15.65,16.09
2024-10-04,2.41,30.07,14.43,12.76
2024-10-05,0.25,32.31,13.28,25.38
2024-10-06,0.0,33.88,12.37,26.94
2024-10-07,0.01,34.77,13.31,24.01
2024-10-08,0.0,36.12,14.93,21.49
2024-10-09,0.36,35.38,15.25,14.85
2024-10-10,3.82,25.31,15.48,8.58
2024-10-11,4.89,30.92,17.93,14.82
2024-10-12,2.07,29.75,17.14,19.03
2024-10-13,0.09,32.56,15.09,23.95
2024-10-14,0.09,32.81,14.55,24.89
2024-10-15,0.0,31.63,15.57,22.64
2024-10-16,4.69,28.92,18.3,19.58
2024-10-17,0.12,32.1,16.16,23.76
2024-10-18,0.58,33.39,16.23,18.96
2024-10-19,13.79,25.66,15.33,12.67
2024-10-20,18.33,23.07,14.68,9.34
2024-10-21,0.75,27.56,15.67,10.98
2024-10-22,1.01,30.75,17.62,18.18
2024-10-23,12.19,30.39,18.55,16.53
2024-10-24,24.9,27.93,19.01,18.16
2024-10-25,5.98,26.16,18.62,11.19
2024-10-26,1.87,25.79,18.12,17.51
2024-10-27,10.29,28.86,16.04,18.57
2024-10-28,2.22,26.73,14.93,14.8
2024-10-29,0.74,29.36,16.92,25.31
2024-10-30,0.07,30.64,15.47,27.03
2024-10-31,0.0,29.67,14.81,24.97
2024-11-01,0.0,30.03,15.1,24.78
2024-11-02,13.98,26.65,17.01,13.26
2024-11-03,18.03,23.12,17.38,9.72
2024-11-04,10.2,23.73,17.72,6.8
2024-11-05,8.3,24.47,16.83,15.11
2024-11-06,13.32,27.05,17.89,16.84
2024-11-07,21.69,24.08,18.3,7.38
2024-11-08,21.69,24.32,17.93,7.23
2024-11-09,6.77,25.59,15.31,16.71
2024-11-10,0.42,29.15,13.57,28.74
2024-11-11,0.55,28.7,14.58,27.77
2024-11-12,0.72,30.0,13.89,29.12
2024-11-13,7.83,26.34,14.36,16.05
2024-11-14,0.69,26.86,12.52,20.97
2024-11-15,5.92,28.02,15.85,17.53
2024-11-16,16.6,23.79,15.09,12.96
2024-11-17,0.85,28.31,13.47,22.2
2024-11-18,0.02,29.85,15.59,28.84
2024-11-19,1.11,31.59,15.38,27.82
2024-11-20,1.31,30.4,17.24,21.41
2024-11-21,2.95,29.49,16.88,25.64
2024-11-22,2.68,25.84,16.02,10.45
2024-11-23,0.13,28.44,14.77,25.87
2024-11-24,0.05,26.79,13.52,28.64
2024-11-25,0.01,28.23,13.98,28.81
2024-11-26,0.01,29.41,15.22,27.78
2024-11-27,0.0,30.13,14.86,26.08
2024-11-28,4.06,31.68,17.96,23.63
2024-11-29,1.27,25.19,19.51,11.08
2024-11-30,1.23,30.12,18.54,22.09
2024-12-01,0.14,32.49,18.34,28.15
2024-12-02,4.8,26.78,19.89,13.38
2024-12-03,32.11,23.88,19.22,5.15
2024-12-04,4.81,23.66,17.6,16.35
2024-12-05,4.06,27.22,16.69,14.67
2024-12-06,0.24,29.89,18.26,25.5
2024-12-07,0.01,30.6,18.0,28.45
2024-12-08,2.4,29.15,16.55,18.82
2024-12-09,6.24,28.43,17.66,19.19
2024-12-10,7.29,23.85,16.77,16.1
2024-12-11,0.1,28.5,15.11,28.43
2024-12-12,0.01,27.69,14.81,26.23
2024-12-13,0.01,28.19,15.54,19.12
2024-12-14,9.16,23.16,16.95,11.66
2024-12-15,9.92,26.79,16.84,15.89
2024-12-16,4.28,27.18,17.17,21.22
2024-12-17,0.05,28.02,12.86,29.6
2024-12-18,0.04,28.55,14.15,26.02
2024-12-19,1.64,30.01,15.36,26.52
2024-12-20,12.26,26.95,17.77,16.68
2024-12-21,7.64,26.83,19.12,15.16
2024-12-22,5.91,27.1,18.32,17.36
2024-12-23,4.1,27.83,17.98,23.48
2024-12-24,2.16,28.11,16.87,26.08
2024-12-25,10.64,30.39,16.91,25.05
2024-12-26,38.79,24.38,18.93,8.36
2024-12-27,16.81,23.58,18.28,9.3
2024-12-28,4.69,29.02,18.98,23.68
2024-12-29,5.1,28.98,16.99,21.87
2024-12-30,2.33,29.32,16.23,27.84
2024-12-31,1.66,29.12,16.19,28.25
2025-01-01,3.43,27.03,16.98,28.05
2025-01-02,4.73,28.15,16.94,23.81
2025-01-03,2.52,27.45,17.25,13.03
2025-01-04,4.33,23.66,14.83,17.07
2025-01-05,2.43,28.43,13.87,26.92
2025-01-06,0.69,28.56,16.1,26.01
2025-01-07,0.95,24.54,16.9,21.31
2025-01-08,2.06,28.56,16.38,25.85
2025-01-09,2.52,26.76,16.01,23.57
2025-01-10,0.37,27.93,14.98,25.87
2025-01-11,0.55,28.48,14.21,27.86
2025-01-12,1.17,28.28,15.83,21.11
2025-01-13,0.19,26.88,14.6,22.91
2025-01-14,0.36,28.23,14.49,24.28
2025-01-15,0.71,29.47,16.34,20.21
2025-01-16,6.0,26.74,17.9,17.56
2025-01-17,3.02,26.22,18.6,14.79
2025-01-18,1.1,28.26,19.77,24.65
2025-01-19,2.79,29.14,19.68,23.03
2025-01-20,0.29,30.07,18.89,29.15
2025-01-21,0.37,30.71,18.49,22.01
2025-01-22,5.79,31.24,19.5,25.6
2025-01-23,1.24,31.02,18.49,26.67
2025-01-24,2.35,31.01,17.97,24.59
2025-01-25,5.8,29.6,17.56,22.24
2025-01-26,5.86,28.97,18.71,23.5
2025-01-27,4.96,28.21,18.9,19.58
2025-01-28,6.14,27.39,18.11,17.7
2025-01-29,7.07,27.76,18.3,14.5
2025-01-30,9.22,26.36,19.41,12.87
2025-01-31,17.44,23.38,18.61,12.27
2025-02-01,11.33,25.73,18.22,12.31
2025-02-02,12.76,25.6,18.98,13.17
2025-02-03,5.19,25.06,18.47,14.35
2025-02-04,4.21,28.02,17.81,12.44
2025-02-05,2.76,28.78,18.25,19.78
2025-02-06,1.26,30.26,17.76,23.14
2025-02-07,3.62,30.17,18.29,20.13
2025-02-08,0.36,30.29,16.85,27.35
2025-02-09,0.72,30.73,15.46,23.46
2025-02-10,1.87,27.65,17.68,24.54
2025-02-11,0.04,30.13,16.57,23.61
2025-02-12,0.36,30.55,16.61,23.01
2025-02-13,2.3,24.81,18.42,18.21
2025-02-14,2.98,27.52,17.17,20.12
2025-02-15,1.98,30.78,17.44,24.21
2025-02-16,0.0,31.61,18.04,27.43
2025-02-17,0.0,32.85,16.25,28.18
2025-02-18,1.32,33.01,17.99,24.4
2025-02-19,6.76,32.04,18.57,24.94
2025-02-20,0.58,31.18,19.07,25.17
2025-02-21,3.59,31.28,19.29,20.32
2025-02-22,1.02,30.78,18.53,20.9
2025-02-23,1.2,30.57,17.69,25.56
2025-02-24,0.15,30.52,16.28,25.51
2025-02-25,0.01,31.4,16.75,26.31
2025-02-26,0.0,32.89,16.51,26.57
2025-02-27,3.24,31.13,16.2,25.26
2025-02-28,0.28,30.79,17.33,24.73
2025-03-01,0.01,32.71,16.74,27.62
2025-03-02,0.04,32.88,17.15,22.09
2025-03-03,0.02,32.58,16.24,24.59
2025-03-04,0.33,31.36,16.99,25.32
2025-03-05,0.1,29.87,17.11,24.37
2025-03-06,0.0,31.71,14.98,26.16
2025-03-07,0.0,31.9,16.45,24.79
2025-03-08,0.39,31.71,16.91,22.93
2025-03-09,1.14,31.82,16.69,24.9
2025-03-10,3.23,31.78,17.7,21.81
2025-03-11,2.8,29.17,17.33,18.22
2025-03-12,4.23,29.93,17.65,22.04
2025-03-13,3.43,31.24,17.15,18.59
2025-03-14,1.67,30.88,18.09,21.13
2025-03-15,2.27,31.62,17.85,19.87
2025-03-16,7.77,30.52,17.98,16.66
2025-03-17,4.91,30.36,16.94,19.16
2025-03-18,7.46,28.97,17.77,20.97
2025-03-19,12.34,26.83,16.9,14.95
2025-03-20,0.52,28.26,15.47,23.44
2025-03-21,0.04,30.03,14.52,23.88
2025-03-22,0.01,30.62,16.25,23.82
2025-03-23,7.79,26.83,17.26,12.29
2025-03-24,6.41,28.41,17.04,19.2
2025-03-25,0.6,30.45,16.1,21.63
2025-03-26,2.16,28.94,16.77,13.43
2025-03-27,0.35,29.63,16.6,21.34
2025-03-28,2.12,29.93,16.23,20.86
2025-03-29,0.82,29.72,16.49,17.45
2025-03-30,2.83,29.34,17.52,18.07
2025-03-31,9.02,27.74,17.6,7.98
