data,PRECTOTCORR,T2M_MAX,T2M_MIN,ALLSKY_SFC_SW_DWN
2013-10-01,15.67,26.63,16.35,13.98
2013-10-02,4.87,22.96,15.59,12.22
2013-10-03,20.17,25.23,14.62,6.3
2013-10-04,2.01,24.05,17.5,9.21
2013-10-05,0.16,24.18,12.25,20.01
2013-10-06,0.08,22.41,11.3,25.72
2013-10-07,0.19,21.71,11.34,18.7
2013-10-08,0.02,22.79,11.05,23.89
2013-10-09,0.0,25.62,12.44,23.98
2013-10-10,0.0,26.63,12.67,23.12
2013-10-11,0.0,27.25,13.31,21.86
2013-10-12,0.03,25.82,14.78,11.92
2013-10-13,0.01,29.26,13.63,22.16
2013-10-14,0.52,28.82,19.69,17.73
2013-10-15,10.87,25.33,17.84,16.47
2013-10-16,13.58,21.69,16.58,4.19
2013-10-17,2.18,25.72,15.65,13.2
2013-10-18,3.73,26.73,16.07,14.84
2013-10-19,0.24,27.03,14.88,25.64
2013-10-20,0.0,29.91,14.33,28.72
2013-10-21,2.72,33.05,15.82,26.53
2013-10-22,1.35,28.59,17.81,17.88
2013-10-23,6.83,28.28,17.42,23.14
2013-10-24,7.53,29.21,19.61,23.5
2013-10-25,2.79,26.31,17.52,16.31
2013-10-26,0.61,29.05,17.48,24.94
2013-10-27,2.72,30.05,15.39,17.9
2013-10-28,0.12,23.29,12.62,24.9
2013-10-29,0.29,26.0,9.35,25.77
2013-10-30,4.28,26.23,13.09,23.68
2013-10-31,2.19,27.34,14.56,19.14
2013-11-01,0.01,27.32,14.19,19.82
2013-11-02,0.0,29.66,14.23,24.18
2013-11-03,3.22,31.09,15.65,27.72
2013-11-04,8.39,23.7,16.19,5.74
2013-11-05,0.97,23.18,14.94,14.23
2013-11-06,5.07,21.37,14.84,9.28
2013-11-07,1.62,23.44,14.35,12.81
2013-11-08,0.1,27.92,15.02,24.66
2013-11-09,0.02,30.63,14.82,28.17
2013-11-10,0.38,33.66,15.54,28.92
2013-11-11,0.44,34.27,17.63,27.87
2013-11-12,0.01,29.53,21.1,20.75
2013-11-13,0.0,28.42,15.24,29.48
2013-11-14,0.0,30.57,13.24,31.56
2013-11-15,0.21,32.7,14.25,29.71
2013-11-16,10.36,32.56,18.1,16.2
2013-11-17,6.89,26.26,15.77,14.27
2013-11-18,0.28,29.12,14.89,19.48
2013-11-19,1.24,31.61,16.67,26.0
2013-11-20,3.03,32.0,19.39,25.82
2013-11-21,15.13,29.18,20.47,19.98
2013-11-22,17.32,24.51,16.57,9.03
2013-11-23,9.27,23.21,16.24,12.15
2013-11-24,8.8,22.66,16.86,12.29
2013-11-25,9.94,22.59,17.0,7.04
2013-11-26,2.53,26.6,16.92,18.16
2013-11-27,0.8,27.49,16.1,20.54
2013-11-28,0.25,31.62,16.57,28.36
2013-11-29,1.39,31.09,18.17,25.64
2013-11-30,0.91,29.54,19.29,18.73
2013-12-01,1.89,29.18,18.99,18.7
2013-12-02,5.95,27.62,18.75,23.18
2013-12-03,0.11,31.66,19.3,29.14
2013-12-04,0.0,34.34,17.5,29.4
2013-12-05,11.75,31.03,20.6,23.97
2013-12-06,0.06,29.05,18.94,23.63
2013-12-07,1.44,29.35,18.33,23.85
2013-12-08,3.04,31.51,18.23,22.76
2013-12-09,3.06,32.41,18.85,26.93
2013-12-10,7.38,28.44,19.76,10.99
2013-12-11,2.01,26.63,17.67,15.38
2013-12-12,0.68,28.41,16.62,19.54
2013-12-13,0.11,29.87,15.07,25.86
2013-12-14,0.0,32.28,16.44,25.05
2013-12-15,0.04,32.24,17.74,28.46
2013-12-16,0.04,31.29,16.57,28.6
2013-12-17,0.0,29.97,15.57,28.6
2013-12-18,0.01,31.73,13.73,27.75
2013-12-19,0.13,30.49,15.92,24.33
2013-12-20,0.12,30.57,17.98,25.68
2013-12-21,0.43,30.57,17.59,25.85
2013-12-22,0.45,30.82,17.87,25.33
2013-12-23,0.94,28.43,18.71,17.91
2013-12-24,0.22,29.59,18.14,17.91
2013-12-25,4.65,32.03,19.05,20.75
2013-12-26,0.37,34.78,20.41,26.21
2013-12-27,0.12,36.02,20.69,28.3
2013-12-28,9.37,32.78,20.48,15.96
2013-12-29,18.01,28.39,20.96,18.09
2013-12-30,3.24,27.77,21.11,19.07
2013-12-31,0.9,30.41,20.86,19.42
2014-01-01,15.42,29.57,21.89,17.94
2014-01-02,0.44,28.41,21.55,22.63
2014-01-03,0.87,31.75,21.6,27.39
2014-01-04,0.66,30.18,19.97,22.28
2014-01-05,10.55,26.29,19.75,22.41
2014-01-06,1.22,28.84,19.22,24.54
2014-01-07,0.02,30.37,18.31,27.73
2014-01-08,1.28,31.46,19.36,27.62
2014-01-09,0.78,29.21,20.41,21.59
2014-01-10,2.12,29.27,18.67,26.12
2014-01-11,1.79,31.9,20.19,26.17
2014-01-12,11.98,30.38,20.65,23.65
2014-01-13,6.21,26.34,19.55,14.1
2014-01-14,14.73,28.54,19.71,25.87
2014-01-15,4.2,30.38,19.36,23.29
2014-01-16,4.76,25.25,18.76,12.44
2014-01-17,2.89,28.14,17.79,24.47
2014-01-18,0.18,30.01,17.14,28.54
2014-01-19,0.0,31.02,16.33,28.21
2014-01-20,0.02,33.31,17.07,29.51
2014-01-21,0.02,32.96,19.35,27.2
2014-01-22,3.23,30.6,20.68,26.27
2014-01-23,1.77,31.23,19.68,25.4
2014-01-24,9.49,31.73,19.89,24.72
2014-01-25,0.15,32.51,20.66,26.3
2014-01-26,5.72,33.82,20.24,27.55
2014-01-27,1.77,33.43,19.49,27.69
2014-01-28,0.23,33.74,19.53,28.81
2014-01-29,0.01,34.7,20.02,29.83
2014-01-30,0.0,35.73,18.51,28.62
2014-01-31,0.0,36.75,18.91,28.47
2014-02-01,0.0,36.66,17.36,29.92
2014-02-02,0.0,35.47,20.53,27.51
2014-02-03,0.0,36.17,22.65,26.54
2014-02-04,0.0,35.92,21.92,24.0
2014-02-05,0.24,36.63,22.53,26.5
2014-02-06,0.02,37.4,20.74,28.36
2014-02-07,1.11,36.95,21.8,28.94
2014-02-08,0.63,37.17,21.53,27.56
2014-02-09,2.14,36.94,20.88,25.23
2014-02-10,0.09,36.94,20.41,26.75
2014-02-11,0.0,35.4,19.09,26.04
2014-02-12,0.6,29.98,20.02,23.37
2014-02-13,3.77,32.87,20.97,24.4
2014-02-14,5.63,32.04,20.92,19.9
2014-02-15,9.98,25.11,19.61,10.9
2014-02-16,7.3,28.27,19.11,14.48
2014-02-17,1.49,29.53,17.96,19.23
2014-02-18,0.25,29.71,17.64,24.94
2014-02-19,0.06,31.7,17.17,28.11
2014-02-20,0.02,32.76,17.46,25.58
2014-02-21,0.14,30.8,18.17,20.9
2014-02-22,6.34,29.42,21.31,19.63
2014-02-23,15.99,27.67,20.22,18.07
2014-02-24,2.28,25.69,20.1,11.95
2014-02-25,1.69,31.0,18.14,16.77
2014-02-26,0.0,33.17,18.99,26.35
2014-02-27,6.89,33.8,20.98,23.02
2014-02-28,14.03,28.04,20.2,17.86
2014-03-01,0.5,29.01,19.95,18.57
2014-03-02,0.27,29.22,18.64,21.82
2014-03-03,0.12,29.34,18.1,19.02
2014-03-04,12.23,28.39,19.37,18.41
2014-03-05,7.15,26.6,19.3,7.06
2014-03-06,1.55,30.43,20.4,17.47
2014-03-07,12.25,28.31,18.57,18.87
2014-03-08,2.18,28.35,16.96,18.74
2014-03-09,0.01,30.37,17.36,23.8
2014-03-10,0.35,31.57,17.63,24.22
2014-03-11,10.02,29.21,19.72,17.54
2014-03-12,12.89,24.97,19.48,10.04
2014-03-13,1.83,25.49,19.25,15.1
2014-03-14,1.13,28.39,19.71,23.84
2014-03-15,0.23,32.16,19.91,24.55
2014-03-16,1.03,32.99,19.62,23.54
2014-03-17,0.39,32.13,19.64,23.73
2014-03-18,2.16,32.34,19.13,22.75
2014-03-19,0.74,31.77,18.66,22.54
2014-03-20,7.24,29.83,20.68,17.03
2014-03-21,10.97,27.82,20.5,13.23
2014-03-22,1.18,29.03,19.31,13.88
2014-03-23,0.3,26.26,16.63,12.49
2014-03-24,0.03,27.89,16.05,17.51
2014-03-25,0.01,27.95,16.86,22.07
2014-03-26,0.03,28.69,16.45,18.66
2014-03-27,0.07,29.58,17.68,21.88
2014-03-28,0.08,30.29,16.73,21.43
2014-03-29,0.16,29.89,17.69,20.67
2014-03-30,2.49,27.28,19.44,12.25
2014-03-31,3.51,26.2,19.21,13.11
2014-04-01,0.76,30.52,19.2,17.09
2014-04-02,0.19,30.56,18.75,18.73
2014-04-03,0.1,30.74,18.16,18.0
2014-04-04,0.02,30.01,18.57,14.41
2014-04-05,0.0,31.64,17.72,23.01
2014-04-06,0.0,32.39,15.9,22.02
2014-04-07,0.0,32.81,16.92,21.16
2014-04-08,0.05,32.15,18.09,21.6
2014-04-09,1.45,30.41,19.39,13.28
2014-04-10,0.0,31.22,19.07,12.41
2014-04-11,1.13,31.67,18.45,17.79
2014-04-12,50.1,26.65,20.63,16.37
2014-04-13,2.26,25.92,19.52,11.34
2014-04-14,2.01,19.85,15.96,8.82
2014-04-15,12.17,20.93,15.83,7.27
2014-04-16,2.41,25.13,15.91,12.69
2014-04-17,0.0,27.26,16.2,16.99
2014-04-18,0.01,27.74,15.72,19.55
2014-04-19,1.0,29.32,16.07,18.26
2014-04-20,0.49,27.95,17.96,14.52
2014-04-21,0.98,27.6,16.77,18.17
2014-04-22,1.25,24.94,17.27,5.89
2014-04-23,0.72,26.81,17.47,10.53
2014-04-24,0.07,24.87,16.4,10.95
2014-04-25,0.05,25.06,14.97,16.64
2014-04-26,0.14,23.58,13.49,15.94
2014-04-27,0.13,23.65,12.61,17.57
2014-04-28,0.09,23.87,13.23,15.78
2014-04-29,0.0,25.14,11.24,19.31
2014-04-30,0.0,26.25,10.7,14.87
2014-05-01,0.0,26.17,12.57,10.33
2014-05-02,0.0,28.0,14.85,16.06
2014-05-03,0.0,27.9,15.22,16.97
2014-05-04,0.0,28.35,14.09,18.41
2014-05-05,0.0,28.65,14.21,16.99
2014-05-06,0.0,28.82,15.0,15.23
2014-05-07,0.0,29.18,17.36,15.13
2014-05-08,0.0,28.64,15.73,16.4
2014-05-09,0.18,25.83,14.53,10.58
2014-05-10,0.55,23.62,12.85,15.15
2014-05-11,0.32,24.4,13.24,14.76
2014-05-12,0.0,25.52,10.84,17.53
2014-05-13,0.0,26.23,11.84,16.21
2014-05-14,0.0,26.59,13.23,12.35
2014-05-15,0.01,27.11,12.78,15.07
2014-05-16,0.06,28.56,14.82,13.79
2014-05-17,0.06,26.88,14.97,14.57
2014-05-18,0.78,26.14,15.91,12.26
2014-05-19,0.06,26.46,14.45,14.62
2014-05-20,0.03,27.26,13.53,16.7
2014-05-21,0.01,27.61,12.51,14.74
2014-05-22,12.7,27.04,15.01,7.82
2014-05-23,15.12,20.95,15.93,5.11
2014-05-24,4.85,19.13,13.5,4.86
2014-05-25,5.33,19.54,13.31,3.02
2014-05-26,1.14,21.7,10.6,7.76
2014-05-27,0.35,19.73,9.9,8.5
2014-05-28,0.43,21.18,10.96,8.7
2014-05-29,0.11,22.07,12.32,12.06
2014-05-30,0.01,23.63,11.92,16.1
2014-05-31,0.01,24.33,10.47,15.47
2014-06-01,0.63,21.43,14.14,8.17
2014-06-02,0.18,22.98,9.51,13.09
2014-06-03,0.03,21.42,6.14,16.86
2014-06-04,0.0,23.09,7.92,16.77
2014-06-05,0.11,27.88,11.7,11.47
2014-06-06,13.82,23.7,15.0,2.25
2014-06-07,0.0,27.96,15.61,12.11
2014-06-08,0.01,27.85,15.16,13.95
2014-06-09,0.92,24.99,14.76,11.51
2014-06-10,2.61,22.92,14.83,8.45
2014-06-11,0.24,24.46,13.82,11.41
2014-06-12,0.0,26.05,12.76,14.76
2014-06-13,0.0,26.01,14.32,14.86
2014-06-14,0.0,26.42,13.26,12.34
2014-06-15,0.0,24.81,14.92,10.43
2014-06-16,0.01,26.54,13.78,13.88
2014-06-17,0.31,27.38,15.34,14.41
2014-06-18,4.31,25.85,12.84,12.12
2014-06-19,2.12,18.76,11.53,9.14
2014-06-20,0.06,20.99,10.32,8.46
2014-06-21,0.08,22.87,11.08,8.89
2014-06-22,0.03,24.43,12.49,13.28
2014-06-23,0.02,25.29,12.88,13.24
2014-06-24,0.0,26.29,11.34,14.64
2014-06-25,0.0,26.64,11.85,13.72
2014-06-26,0.0,27.09,12.81,14.09
2014-06-27,0.0,27.44,13.59,14.05
2014-06-28,0.09,27.25,13.25,11.16
2014-06-29,0.21,22.3,12.36,7.05
2014-06-30,0.0,22.0,8.49,16.29
2014-07-01,0.0,22.89,6.89,16.03
2014-07-02,0.01,26.73,11.82,13.94
2014-07-03,0.0,29.38,14.12,14.83
2014-07-04,0.0,29.64,15.15,14.68
2014-07-05,0.0,28.79,14.13,14.65
2014-07-06,0.0,26.51,13.23,14.4
2014-07-07,0.56,22.17,13.51,5.91
2014-07-08,2.53,21.3,13.92,8.26
2014-07-09,2.68,21.8,13.37,8.36
2014-07-10,2.51,19.92,13.27,6.75
2014-07-11,0.09,22.23,11.49,9.49
2014-07-12,0.04,23.68,12.03,12.67
2014-07-13,0.02,24.73,12.18,15.74
2014-07-14,0.01,24.24,11.54,15.06
2014-07-15,0.0,24.28,10.77,15.14
2014-07-16,0.0,25.1,11.35,15.29
2014-07-17,0.66,27.22,11.48,15.87
2014-07-18,1.12,22.36,13.56,9.06
2014-07-19,0.01,21.25,8.98,17.2
2014-07-20,0.0,23.12,7.69,17.37
2014-07-21,0.07,25.05,9.43,17.08
2014-07-22,0.0,27.23,10.1,16.64
2014-07-23,0.0,27.76,10.77,17.09
2014-07-24,5.55,27.89,13.39,3.92
2014-07-25,3.86,20.99,11.08,6.92
2014-07-26,0.09,21.59,11.22,6.46
2014-07-27,0.3,18.96,12.67,6.73
2014-07-28,0.06,21.9,12.27,7.66
2014-07-29,0.01,24.2,13.1,14.13
2014-07-30,0.0,25.33,11.09,17.39
2014-07-31,0.01,25.66,10.24,17.86
2014-08-01,0.04,27.82,10.62,17.96
2014-08-02,0.99,28.77,13.04,17.84
2014-08-03,0.0,29.42,14.27,18.06
2014-08-04,0.0,30.26,12.24,18.22
2014-08-05,0.0,22.04,9.88,16.87
2014-08-06,0.0,26.58,6.86,19.46
2014-08-07,0.0,27.67,7.93,18.82
2014-08-08,1.16,25.75,11.81,12.23
2014-08-09,0.0,24.84,12.54,11.78
2014-08-10,0.0,24.33,12.55,15.68
2014-08-11,0.0,28.51,10.56,19.18
2014-08-12,0.0,30.93,11.93,18.51
2014-08-13,7.52,17.84,9.2,3.52
2014-08-14,0.15,19.36,8.67,9.29
2014-08-15,1.4,22.27,11.13,12.08
2014-08-16,4.28,25.33,13.02,11.16
2014-08-17,2.98,22.57,14.58,10.46
2014-08-18,0.26,27.22,13.48,14.99
2014-08-19,0.0,26.33,12.27,18.59
2014-08-20,0.0,28.26,10.84,20.56
2014-08-21,0.0,28.95,11.97,20.8
2014-08-22,0.0,30.33,12.71,20.73
2014-08-23,0.0,31.1,13.28,20.77
2014-08-24,0.0,31.05,12.78,20.05
2014-08-25,0.0,31.84,11.93,21.1
2014-08-26,1.29,27.53,14.01,12.28
2014-08-27,0.26,26.54,10.56,20.37
2014-08-28,0.02,24.74,10.1,15.86
2014-08-29,0.0,25.11,10.68,16.01
2014-08-30,0.0,28.96,10.71,21.19
2014-08-31,6.31,32.11,12.65,16.87
2014-09-01,0.8,27.38,16.16,15.73
2014-09-02,9.16,31.38,15.21,20.21
2014-09-03,2.42,26.5,15.78,13.71
2014-09-04,0.59,22.75,13.48,14.85
2014-09-05,0.05,25.18,12.5,20.27
2014-09-06,0.0,28.08,9.86,22.01
2014-09-07,0.0,29.78,11.8,18.37
2014-09-08,0.0,31.26,15.64,21.83
2014-09-09,0.0,31.91,14.08,23.39
2014-09-10,0.0,32.59,14.03,23.94
2014-09-11,0.0,34.14,15.22,22.6
2014-09-12,0.0,32.34,15.6,22.79
2014-09-13,0.0,31.73,12.93,24.03
2014-09-14,0.0,33.23,13.45,23.95
2014-09-15,0.01,33.97,15.29,17.79
2014-09-16,0.05,30.05,15.22,17.47
2014-09-17,0.01,30.18,13.43,20.67
2014-09-18,1.08,33.19,13.95,18.72
2014-09-19,7.5,30.31,16.36,8.79
2014-09-20,3.22,30.12,18.15,6.33
2014-09-21,1.6,28.36,14.42,18.52
2014-09-22,0.02,25.8,12.43,22.35
2014-09-23,0.0,31.02,10.73,25.69
2014-09-24,6.94,34.34,15.5,17.79
2014-09-25,6.82,28.54,16.16,11.54
2014-09-26,14.22,26.7,19.66,5.53
2014-09-27,4.12,23.54,16.9,7.33
2014-09-28,2.29,26.89,16.42,15.53
2014-09-29,1.45,30.59,17.6,14.58
2014-09-30,1.38,31.54,19.06,17.82
2014-10-01,1.0,31.63,17.14,15.14
2014-10-02,1.01,23.26,13.5,15.1
2014-10-03,0.28,23.51,12.77,21.4
2014-10-04,0.0,23.23,11.5,18.31
2014-10-05,0.0,24.48,10.77,23.91
2014-10-06,0.0,28.32,10.94,26.42
2014-10-07,0.0,28.9,11.99,18.08
2014-10-08,0.0,30.95,12.49,25.34
2014-10-09,0.0,33.13,13.38,27.49
2014-10-10,0.0,35.33,15.07,27.3
2014-10-11,0.0,36.18,17.66,26.32
2014-10-12,0.0,36.75,16.15,26.66
2014-10-13,0.02,37.91,18.86,24.81
2014-10-14,0.05,38.0,18.43,22.15
2014-10-15,0.04,34.95,18.21,20.98
2014-10-16,0.01,37.81,16.94,24.22
2014-10-17,0.29,38.22,18.79,24.61
2014-10-18,0.0,38.28,17.68,22.6
2014-10-19,3.38,37.55,20.7,23.96
2014-10-20,0.03,30.71,16.8,12.6
2014-10-21,0.01,25.71,14.51,18.15
2014-10-22,0.13,27.65,14.69,21.53
2014-10-23,0.08,31.28,14.66,25.24
2014-10-24,1.21,34.1,15.71,23.6
2014-10-25,1.23,27.03,18.09,13.13
2014-10-26,4.01,30.35,17.51,18.57
2014-10-27,0.09,31.47,15.21,28.91
2014-10-28,0.0,31.47,11.4,30.48
2014-10-29,0.0,33.93,13.55,29.83
2014-10-30,0.0,36.08,16.96,27.37
2014-10-31,9.29,34.16,20.08,24.81
2014-11-01,5.0,30.33,21.49,18.52
2014-11-02,3.75,28.68,20.29,19.77
2014-11-03,7.63,30.92,18.37,19.27
2014-11-04,22.82,26.06,20.45,12.77
2014-11-05,7.87,26.78,17.5,9.82
2014-11-06,0.74,31.07,16.58,24.83
2014-11-07,13.01,28.57,17.73,17.4
2014-11-08,13.06,27.7,18.23,13.48
2014-11-09,1.86,28.6,16.74,24.13
2014-11-10,0.0,29.86,13.73,30.9
2014-11-11,0.0,31.41,10.94,30.52
2014-11-12,1.09,29.52,15.31,12.13
2014-11-13,6.22,30.84,18.14,21.17
2014-11-14,1.2,26.9,15.38,15.61
2014-11-15,0.01,26.9,14.1,26.54
2014-11-16,0.0,28.91,13.16,30.58
2014-11-17,0.0,29.63,10.64,31.17
2014-11-18,0.09,31.14,12.3,30.38
2014-11-19,0.19,31.46,13.68,27.55
2014-11-20,0.37,30.23,18.63,11.83
2014-11-21,3.95,32.86,17.83,23.73
2014-11-22,2.07,26.85,20.46,10.35
2014-11-23,3.21,30.6,19.06,14.54
2014-11-24,4.18,30.98,17.85,17.75
2014-11-25,9.26,27.55,19.59,21.49
2014-11-26,13.66,29.15,20.31,17.95
2014-11-27,1.47,26.78,18.43,20.14
2014-11-28,0.01,30.47,17.08,23.15
2014-11-29,0.01,31.08,17.28,17.72
2014-11-30,2.36,31.57,17.84,21.06
2014-12-01,5.18,32.35,18.36,21.58
2014-12-02,0.63,31.65,19.33,24.85
2014-12-03,0.98,31.27,19.43,24.31
2014-12-04,4.09,29.58,16.89,9.51
2014-12-05,0.46,29.4,15.73,17.99
2014-12-06,1.1,31.83,15.56,27.33
2014-12-07,0.45,33.12,18.59,28.41
2014-12-08,0.71,26.93,19.06,22.35
2014-12-09,2.15,25.61,19.89,20.82
2014-12-10,8.98,27.9,19.55,13.6
2014-12-11,9.47,27.27,19.42,19.9
2014-12-12,22.94,27.53,18.92,21.07
2014-12-13,14.68,22.57,19.36,9.02
2014-12-14,2.74,28.32,16.34,18.49
2014-12-15,0.23,27.41,14.36,29.33
2014-12-16,0.0,29.64,13.5,28.92
2014-12-17,0.0,31.51,15.37,28.08
2014-12-18,0.06,33.12,17.53,27.95
2014-12-19,23.9,30.13,20.05,21.44
2014-12-20,1.45,29.68,20.07,26.07
2014-12-21,6.27,28.58,21.28,20.08
2014-12-22,15.95,26.98,21.52,15.29
2014-12-23,23.08,25.41,17.52,10.08
2014-12-24,0.99,25.45,17.33,16.72
2014-12-25,5.64,29.56,17.84,23.16
2014-12-26,0.23,30.24,19.65,29.05
2014-12-27,0.0,32.09,19.59,28.61
2014-12-28,2.39,32.44,20.52,28.88
2014-12-29,21.91,28.17,20.45,19.7
2014-12-30,2.58,30.14,18.6,22.13
2014-12-31,0.86,28.08,21.07,22.28
2015-01-01,2.26,28.68,19.57,26.6
2015-01-02,2.82,27.36,21.23,23.75
2015-01-03,2.37,28.82,20.82,22.65
2015-01-04,1.13,28.25,20.12,13.11
2015-01-05,16.0,26.79,20.25,21.6
2015-01-06,4.16,28.97,18.87,23.37
2015-01-07,11.38,30.5,19.92,28.23
2015-01-08,11.08,30.09,20.42,29.75
2015-01-09,0.58,31.54,20.65,29.46
2015-01-10,4.48,32.38,21.51,28.83
2015-01-11,0.68,32.41,20.48,28.59
2015-01-12,1.29,31.72,21.71,25.11
2015-01-13,2.9,32.75,20.88,28.69
2015-01-14,2.75,29.5,21.0,20.67
2015-01-15,0.93,29.49,20.61,25.98
2015-01-16,0.21,32.2,20.42,29.06
2015-01-17,0.0,34.96,19.84,28.62
2015-01-18,0.31,35.29,21.04,27.06
2015-01-19,2.74,36.69,20.34,29.4
2015-01-20,3.8,35.27,19.41,28.59
2015-01-21,9.34,31.56,20.79,21.78
2015-01-22,9.19,27.53,19.16,20.23
2015-01-23,1.07,27.77,18.72,20.84
2015-01-24,2.59,29.39,18.35,25.91
2015-01-25,14.34,26.26,18.98,28.04
2015-01-26,6.46,25.79,19.71,23.09
2015-01-27,2.17,27.54,18.99,22.32
2015-01-28,2.18,27.89,19.58,18.35
2015-01-29,0.5,28.4,20.45,16.59
2015-01-30,1.48,26.4,19.73,17.2
2015-01-31,2.24,29.37,19.12,19.64
2015-02-01,3.82,30.72,18.98,20.7
2015-02-02,3.5,26.83,17.76,20.17
2015-02-03,3.22,30.84,16.16,28.16
2015-02-04,6.33,25.02,19.15,12.46
2015-02-05,23.02,23.27,18.33,9.24
2015-02-06,20.53,26.16,16.83,18.79
2015-02-07,3.02,28.34,16.53,26.39
2015-02-08,1.34,29.38,17.01,27.04
2015-02-09,0.67,29.57,17.9,20.99
2015-02-10,6.11,28.51,19.77,19.56
2015-02-11,0.34,28.19,20.7,19.78
2015-02-12,0.27,28.59,20.96,24.68
2015-02-13,0.64,30.34,21.77,15.75
2015-02-14,4.04,27.61,19.99,20.15
2015-02-15,2.31,26.75,18.85,15.06
2015-02-16,1.23,27.27,17.72,13.18
2015-02-17,9.44,25.87,19.11,11.33
2015-02-18,11.51,25.28,19.21,10.63
2015-02-19,1.96,26.71,19.13,15.76
2015-02-20,2.35,27.1,19.61,13.21
2015-02-21,0.28,29.21,19.7,23.92
2015-02-22,0.0,30.62,18.45,26.55
2015-02-23,0.47,30.66,19.41,25.46
2015-02-24,4.75,27.55,19.85,21.57
2015-02-25,10.3,25.26,18.39,18.55
2015-02-26,1.66,29.24,18.81,25.56
2015-02-27,1.09,30.25,19.24,23.08
2015-02-28,5.55,26.56,18.55,17.0
2015-03-01,0.81,28.22,17.48,22.8
2015-03-02,0.0,29.9,16.88,26.18
2015-03-03,0.0,30.81,17.21,24.04
2015-03-04,0.32,31.25,18.01,24.83
2015-03-05,1.67,32.04,18.54,23.74
2015-03-06,9.87,25.37,20.0,15.46
2015-03-07,21.25,25.67,19.41,10.79
2015-03-08,15.58,26.32,19.69,8.42
2015-03-09,4.05,23.9,18.78,8.75
2015-03-10,5.97,27.6,18.86,14.92
2015-03-11,2.47,28.25,19.43,17.85
2015-03-12,1.64,27.33,19.47,15.28
2015-03-13,9.09,25.36,19.31,14.58
2015-03-14,6.36,24.8,18.71,11.65
2015-03-15,6.69,24.91,18.34,15.98
2015-03-16,20.49,27.56,18.2,17.07
2015-03-17,4.38,26.14,18.12,16.83
2015-03-18,1.54,23.0,18.51,10.28
2015-03-19,5.24,24.67,18.28,9.87
2015-03-20,11.58,24.03,17.75,15.69
2015-03-21,6.3,25.19,16.4,10.9
2015-03-22,4.09,25.63,17.65,13.26
2015-03-23,1.4,25.64,16.96,18.22
2015-03-24,0.04,26.64,15.95,20.83
2015-03-25,0.01,26.67,15.63,22.3
2015-03-26,0.0,28.23,15.74,22.36
2015-03-27,0.22,28.41,17.34,20.69
2015-03-28,0.86,28.05,18.19,16.99
2015-03-29,9.0,27.44,18.73,11.64
2015-03-30,2.58,27.54,18.35,8.41
2015-03-31,0.77,28.04,19.05,18.49
2015-04-01,0.0,27.85,17.21,20.3
2015-04-02,0.0,26.98,16.29,23.05
2015-04-03,0.03,27.33,14.63,21.27
2015-04-04,1.8,27.98,16.17,18.89
2015-04-05,1.79,28.0,19.33,11.0
2015-04-06,1.46,25.54,17.28,17.06
2015-04-07,0.89,23.14,13.02,13.16
2015-04-08,0.03,24.87,12.8,17.91
2015-04-09,0.02,26.63,14.65,18.39
2015-04-10,0.0,27.35,15.26,18.75
2015-04-11,0.01,27.58,15.02,20.31
2015-04-12,0.01,28.16,15.42,20.26
2015-04-13,0.0,27.76,15.47,18.21
2015-04-14,0.01,28.23,16.81,17.37
2015-04-15,11.79,27.43,17.16,14.4
2015-04-16,7.26,26.92,17.95,12.43
2015-04-17,0.88,26.73,16.04,18.74
2015-04-18,0.59,27.71,17.68,14.92
2015-04-19,13.43,26.61,19.34,10.89
2015-04-20,0.47,27.96,18.91,17.17
2015-04-21,2.27,26.27,18.88,13.66
2015-04-22,7.95,25.91,17.63,9.0
2015-04-23,0.16,25.69,17.19,12.8
2015-04-24,0.02,27.42,16.63,16.59
2015-04-25,0.15,23.97,14.71,18.23
2015-04-26,0.17,25.4,14.38,14.92
2015-04-27,0.01,26.42,14.5,18.45
2015-04-28,0.25,26.47,14.62,17.6
2015-04-29,1.95,23.55,15.07,14.63
2015-04-30,0.6,23.3,13.94,12.64
2015-05-01,0.0,24.53,12.34,17.9
2015-05-02,0.0,26.13,12.41,17.51
2015-05-03,1.08,26.99,14.34,13.46
2015-05-04,5.27,24.91,16.97,6.01
2015-05-05,1.12,24.13,15.33,11.88
2015-05-06,0.05,25.03,14.16,10.09
2015-05-07,0.36,23.28,13.1,14.43
2015-05-08,0.15,20.94,12.71,14.14
2015-05-09,0.01,25.87,11.29,17.99
2015-05-10,10.38,24.88,13.38,4.46
2015-05-11,8.87,22.94,14.23,6.47
2015-05-12,0.57,22.82,11.58,13.08
2015-05-13,0.4,22.23,13.3,12.08
2015-05-14,0.01,23.19,14.81,13.82
2015-05-15,0.0,21.79,13.14,11.46
2015-05-16,0.01,23.88,11.41,16.15
2015-05-17,0.0,23.22,13.79,13.69
2015-05-18,0.2,23.16,15.34,7.75
2015-05-19,0.18,22.74,15.56,8.89
2015-05-20,0.54,23.04,15.54,12.68
2015-05-21,0.04,25.13,15.13,14.42
2015-05-22,0.0,26.09,14.56,15.77
2015-05-23,0.0,23.88,14.16,14.11
2015-05-24,0.02,27.68,14.3,13.86
2015-05-25,0.76,28.32,15.84,13.7
2015-05-26,1.31,27.46,17.25,9.51
2015-05-27,0.43,28.07,16.83,14.92
2015-05-28,6.23,20.37,15.21,2.95
2015-05-29,3.44,22.28,12.47,12.28
2015-05-30,0.51,22.28,9.6,11.03
2015-05-31,11.17,18.38,12.84,4.22
2015-06-01,0.35,22.9,13.26,6.54
2015-06-02,0.08,20.55,13.75,4.12
2015-06-03,0.0,23.64,12.8,11.74
2015-06-04,0.03,25.1,13.41,14.94
2015-06-05,0.01,25.61,13.67,15.9
2015-06-06,0.02,25.3,12.01,15.67
2015-06-07,0.01,25.96,13.41,13.86
2015-06-08,0.0,26.3,13.39,14.96
2015-06-09,0.0,26.02,12.1,15.44
2015-06-10,0.01,26.13,11.94,15.43
2015-06-11,0.0,27.14,12.42,15.66
2015-06-12,0.21,22.54,15.17,7.28
2015-06-13,0.02,27.3,14.28,15.09
2015-06-14,0.01,27.38,13.6,14.26
2015-06-15,5.51,19.1,11.3,2.95
2015-06-16,0.13,21.32,10.05,13.23
2015-06-17,0.01,26.06,11.31,9.6
2015-06-18,1.0,28.08,14.28,13.15
2015-06-19,4.07,16.35,12.34,8.94
2015-06-20,0.5,20.96,11.55,14.37
2015-06-21,0.0,23.94,11.09,15.28
2015-06-22,0.01,25.61,11.81,15.27
2015-06-23,0.29,24.95,11.49,13.36
2015-06-24,1.19,18.34,12.45,8.71
2015-06-25,0.33,19.91,12.17,11.59
2015-06-26,0.03,22.24,11.36,14.51
2015-06-27,0.01,22.87,10.35,15.8
2015-06-28,0.03,22.13,7.91,15.28
2015-06-29,0.01,23.72,9.15,14.94
2015-06-30,0.07,24.73,11.91,13.26
2015-07-01,1.43,23.23,13.7,6.0
2015-07-02,13.51,20.81,13.87,5.84
2015-07-03,4.75,22.96,14.15,3.36
2015-07-04,11.82,19.42,10.68,4.16
2015-07-05,1.5,16.85,9.65,5.1
2015-07-06,1.39,22.01,11.7,12.41
2015-07-07,9.87,20.09,14.87,5.44
2015-07-08,5.92,19.85,15.21,3.37
2015-07-09,0.1,21.08,11.5,10.49
2015-07-10,2.04,23.4,10.82,14.83
2015-07-11,2.5,24.59,12.0,4.87
2015-07-12,0.18,26.59,12.64,13.64
2015-07-13,0.05,27.25,14.72,14.36
2015-07-14,0.0,27.18,14.4,14.99
2015-07-15,0.03,27.48,14.97,12.1
2015-07-16,0.01,25.66,15.67,8.62
2015-07-17,0.03,20.46,14.45,8.96
2015-07-18,0.02,24.71,13.26,14.29
2015-07-19,0.0,26.02,12.33,16.42
2015-07-20,0.0,25.97,11.68,13.77
2015-07-21,1.01,21.94,12.44,6.04
2015-07-22,0.29,18.78,12.07,9.87
2015-07-23,0.11,21.86,12.77,11.16
2015-07-24,3.53,25.79,13.34,13.3
2015-07-25,8.13,19.88,12.68,5.43
2015-07-26,0.07,23.69,10.56,15.29
2015-07-27,0.03,22.97,10.03,16.88
2015-07-28,0.01,24.5,8.84,17.49
2015-07-29,0.03,25.07,9.45,17.85
2015-07-30,0.0,26.28,9.68,18.2
2015-07-31,0.02,26.93,11.04,17.24
2015-08-01,0.0,27.6,12.68,17.74
2015-08-02,0.0,27.24,11.62,17.76
2015-08-03,0.01,28.22,11.32,18.05
2015-08-04,0.0,28.11,15.28,17.66
2015-08-05,0.01,27.72,12.58,16.06
2015-08-06,0.0,28.14,12.51,16.35
2015-08-07,0.02,29.03,12.58,18.04
2015-08-08,0.01,29.74,13.19,18.21
2015-08-09,0.01,28.13,13.76,16.75
2015-08-10,0.0,28.36,13.67,18.21
2015-08-11,0.01,29.37,13.69,18.8
2015-08-12,0.01,27.41,12.13,19.12
2015-08-13,0.01,28.43,11.61,19.48
2015-08-14,0.0,27.78,11.85,19.38
2015-08-15,0.0,28.06,13.19,17.58
2015-08-16,0.01,29.34,13.16,17.27
2015-08-17,0.0,29.04,13.63,18.89
2015-08-18,0.0,26.45,15.39,10.72
2015-08-19,0.01,28.84,13.8,18.17
2015-08-20,0.32,22.97,11.65,14.46
2015-08-21,0.24,25.42,12.56,16.43
2015-08-22,0.14,28.15,12.78,19.67
2015-08-23,0.15,29.28,13.59,19.2
2015-08-24,6.61,22.21,14.12,8.65
2015-08-25,5.81,21.57,13.23,6.51
2015-08-26,4.02,27.88,13.58,17.28
2015-08-27,11.64,24.55,14.43,4.17
2015-08-28,0.67,24.98,12.13,18.67
2015-08-29,0.09,27.83,11.65,21.64
2015-08-30,0.01,31.3,12.45,21.92
2015-08-31,0.02,32.27,14.45,22.03
2015-09-01,0.29,30.75,15.78,20.58
2015-09-02,0.55,24.62,13.13,15.91
2015-09-03,0.28,29.84,12.58,16.05
2015-09-04,2.75,27.27,14.4,7.88
2015-09-05,0.81,23.15,13.84,14.14
2015-09-06,1.45,25.03,13.01,10.43
2015-09-07,19.38,25.73,16.32,8.71
2015-09-08,18.59,26.23,16.35,2.38
2015-09-09,31.43,25.03,15.68,14.35
2015-09-10,10.37,24.85,14.91,11.83
2015-09-11,26.61,25.78,15.84,9.0
2015-09-12,8.9,19.82,12.13,8.69
2015-09-13,1.16,21.73,11.39,16.34
2015-09-14,0.4,23.8,10.78,21.26
2015-09-15,0.06,28.49,13.3,21.72
2015-09-16,0.0,31.67,16.53,22.71
2015-09-17,0.0,32.49,17.45,18.64
2015-09-18,0.0,33.53,17.65,23.2
2015-09-19,0.11,33.99,18.25,23.8
2015-09-20,0.13,32.98,16.53,24.15
2015-09-21,0.0,33.1,15.15,24.39
2015-09-22,0.0,33.46,15.62,24.9
2015-09-23,0.0,33.89,16.05,25.12
2015-09-24,0.0,35.88,18.66,24.22
2015-09-25,8.68,34.61,19.1,12.43
2015-09-26,10.52,27.45,18.3,8.84
2015-09-27,8.85,29.82,17.5,18.88
2015-09-28,7.05,26.35,18.09,10.34
2015-09-29,1.57,25.89,16.76,15.74
2015-09-30,4.23,27.92,17.62,15.08
2015-10-01,0.62,29.16,17.6,14.58
2015-10-02,5.18,31.16,17.45,21.94
2015-10-03,2.46,28.54,19.35,8.37
2015-10-04,0.11,26.6,16.2,12.36
2015-10-05,0.02,26.55,14.06,19.53
2015-10-06,0.0,29.32,13.15,22.81
2015-10-07,0.0,32.69,14.43,26.09
2015-10-08,1.31,34.61,17.63,25.97
2015-10-09,1.93,32.62,18.39,17.14
2015-10-10,3.94,28.71,19.43,12.12
2015-10-11,0.27,29.13,17.96,14.04
2015-10-12,0.87,29.58,18.24,17.63
2015-10-13,3.01,29.43,17.02,18.53
2015-10-14,0.07,34.86,16.74,23.14
2015-10-15,0.0,36.66,19.17,26.78
2015-10-16,0.01,36.93,20.71,21.77
2015-10-17,0.02,34.23,16.53,21.2
2015-10-18,1.91,25.79,14.45,16.09
2015-10-19,0.9,32.11,14.09,21.58
2015-10-20,0.07,37.37,15.68,23.63
2015-10-21,5.6,37.31,21.38,18.96
2015-10-22,24.16,29.69,20.32,12.05
2015-10-23,2.33,26.12,17.29,15.46
2015-10-24,1.24,25.27,16.08,19.62
2015-10-25,10.68,27.25,15.43,19.53
2015-10-26,7.48,26.72,16.08,18.56
2015-10-27,3.29,28.89,18.13,15.69
2015-10-28,2.01,27.63,17.98,13.36
2015-10-29,1.25,28.6,17.06,22.37
2015-10-30,0.04,30.92,16.36,26.44
2015-10-31,7.57,28.52,18.74,10.81
2015-11-01,31.56,25.96,17.73,7.7
2015-11-02,17.32,26.99,18.49,10.43
2015-11-03,6.24,25.94,17.99,12.09
2015-11-04,31.23,25.06,19.04,12.76
2015-11-05,3.54,27.09,18.75,12.35
2015-11-06,7.3,22.95,16.61,11.92
2015-11-07,4.07,26.43,15.95,12.86
2015-11-08,4.43,26.43,16.9,13.3
2015-11-09,2.77,28.31,18.58,18.76
2015-11-10,0.35,30.32,19.85,23.98
2015-11-11,1.75,29.17,19.41,22.78
2015-11-12,0.16,29.2,19.54,23.37
2015-11-13,16.67,29.42,19.65,16.49
2015-11-14,7.83,28.77,20.55,22.18
2015-11-15,4.76,28.19,19.18,20.19
2015-11-16,1.12,26.45,18.0,15.91
2015-11-17,14.14,28.52,17.81,16.84
2015-11-18,0.84,29.76,20.17,25.49
2015-11-19,15.27,27.9,21.34,21.98
2015-11-20,11.12,26.04,20.05,17.08
2015-11-21,1.38,27.35,16.78,16.6
2015-11-22,3.12,29.15,15.87,22.61
2015-11-23,6.75,25.92,17.92,5.45
2015-11-24,7.6,25.49,17.83,6.4
2015-11-25,2.39,28.18,17.92,10.22
2015-11-26,0.27,27.92,17.47,21.43
2015-11-27,0.03,29.5,16.65,25.44
2015-11-28,14.08,29.24,18.56,19.71
2015-11-29,12.28,28.43,19.39,14.65
2015-11-30,5.4,23.93,16.41,14.34
2015-12-01,0.24,28.12,15.85,18.8
2015-12-02,1.04,28.84,17.65,20.98
2015-12-03,0.47,27.17,18.45,14.72
2015-12-04,0.51,27.28,18.51,20.17
2015-12-05,6.81,27.52,19.15,21.05
2015-12-06,16.87,27.15,19.57,12.73
2015-12-07,4.0,27.36,18.09,16.36
2015-12-08,2.24,27.7,18.14,22.47
2015-12-09,1.48,28.13,18.79,15.23
2015-12-10,2.11,25.99,20.94,15.27
2015-12-11,0.58,27.07,19.1,20.02
2015-12-12,10.1,26.74,19.44,16.11
2015-12-13,3.17,28.41,19.02,24.18
2015-12-14,8.07,28.37,20.7,24.78
2015-12-15,3.03,29.11,20.37,22.19
2015-12-16,4.41,25.94,18.35,14.2
2015-12-17,0.54,29.63,17.42,26.02
2015-12-18,5.08,30.45,20.14,29.15
2015-12-19,9.16,29.2,21.26,23.95
2015-12-20,14.68,27.16,20.42,16.66
2015-12-21,10.39,28.6,19.55,21.06
2015-12-22,18.55,28.43,19.76,25.77
2015-12-23,18.38,26.89,21.66,23.87
2015-12-24,0.64,28.71,21.19,19.45
2015-12-25,0.84,27.2,21.9,15.47
2015-12-26,5.72,26.95,20.98,21.85
2015-12-27,9.43,27.35,20.3,14.33
2015-12-28,20.6,25.32,20.25,10.27
2015-12-29,26.6,26.46,20.02,7.72
2015-12-30,4.92,24.63,20.18,7.64
2015-12-31,1.51,27.44,20.31,19.42
2016-01-01,4.73,26.85,20.92,16.29
2016-01-02,14.37,26.68,20.04,16.86
2016-01-03,2.81,27.34,18.9,12.87
2016-01-04,0.11,28.22,17.63,20.18
2016-01-05,0.0,29.14,17.49,25.47
2016-01-06,0.0,29.36,17.62,27.76
2016-01-07,0.0,29.91,17.63,27.89
2016-01-08,0.04,30.56,19.25,25.86
2016-01-09,15.18,27.09,20.98,14.64
2016-01-10,23.55,26.34,21.14,11.1
2016-01-11,19.14,26.3,21.36,8.04
2016-01-12,20.1,27.62,21.49,9.62
2016-01-13,9.27,30.34,21.34,14.23
2016-01-14,16.03,26.04,19.75,13.76
2016-01-15,14.53,26.44,19.07,11.74
2016-01-16,0.82,26.64,16.28,21.86
2016-01-17,0.0,26.12,14.25,30.69
2016-01-18,0.0,25.99,16.61,19.67
2016-01-19,0.0,26.28,16.56,17.95
2016-01-20,0.02,27.57,16.93,20.44
2016-01-21,0.03,25.9,16.98,28.54
2016-01-22,0.01,26.12,15.36,25.9
2016-01-23,0.09,28.03,15.68,26.07
2016-01-24,0.74,28.68,15.93,23.67
2016-01-25,3.22,29.6,19.14,26.69
2016-01-26,1.42,30.89,20.15,27.84
2016-01-27,25.19,26.59,20.1,12.55
2016-01-28,8.99,27.45,19.78,21.2
2016-01-29,4.22,25.99,19.3,15.1
2016-01-30,0.72,28.27,19.63,19.47
2016-01-31,0.05,29.7,20.21,28.77
2016-02-01,0.05,30.52,20.2,25.65
2016-02-02,1.06,30.17,20.77,26.32
2016-02-03,1.66,30.42,19.61,25.4
2016-02-04,0.32,26.7,20.54,19.35
2016-02-05,7.99,27.52,20.54,23.14
2016-02-06,9.3,28.77,19.79,21.54
2016-02-07,10.74,28.33,19.42,23.22
2016-02-08,9.57,28.55,19.43,26.53
2016-02-09,0.17,30.15,19.69,26.05
2016-02-10,0.26,30.22,19.91,19.63
2016-02-11,2.14,26.19,17.58,17.62
2016-02-12,0.05,27.65,16.75,27.3
2016-02-13,0.0,29.35,16.06,24.21
2016-02-14,0.03,30.97,17.89,25.77
2016-02-15,12.03,27.6,21.62,13.09
2016-02-16,14.5,25.66,20.25,14.15
2016-02-17,3.69,28.19,20.32,19.12
2016-02-18,6.44,29.46,20.94,21.28
2016-02-19,8.04,29.27,20.07,21.67
2016-02-20,10.95,28.19,21.55,21.79
2016-02-21,12.35,25.49,20.85,10.82
2016-02-22,11.18,26.1,19.86,10.93
2016-02-23,2.17,25.78,19.64,11.17
2016-02-24,6.36,27.68,18.7,16.96
2016-02-25,17.62,27.55,19.0,18.48
2016-02-26,10.97,26.25,20.53,20.42
2016-02-27,8.49,26.1,21.17,11.59
2016-02-28,13.93,25.56,20.78,13.14
2016-02-29,9.51,24.31,17.71,11.68
2016-03-01,5.33,23.48,17.21,9.4
2016-03-02,13.07,24.86,17.25,13.86
2016-03-03,11.74,25.69,19.5,9.93
2016-03-04,4.42,27.55,18.93,19.7
2016-03-05,0.1,28.01,17.92,21.27
2016-03-06,1.4,28.69,18.38,19.39
2016-03-07,4.64,28.55,19.15,21.61
2016-03-08,1.31,29.57,18.91,22.58
2016-03-09,6.32,26.48,20.11,20.59
2016-03-10,36.64,26.76,20.08,13.0
2016-03-11,36.27,28.46,19.32,16.43
2016-03-12,2.35,27.47,17.2,21.46
2016-03-13,1.19,25.92,16.57,14.61
2016-03-14,0.31,27.67,17.24,20.61
2016-03-15,5.26,27.62,17.65,19.74
2016-03-16,2.53,24.21,18.96,15.06
2016-03-17,0.13,27.45,17.5,21.76
2016-03-18,0.05,27.89,17.21,23.22
2016-03-19,0.01,28.44,17.1,25.28
2016-03-20,0.02,28.11,16.98,22.63
2016-03-21,0.01,28.19,17.65,23.35
2016-03-22,0.62,29.1,19.32,13.25
2016-03-23,10.88,26.52,19.2,15.67
2016-03-24,5.84,26.73,18.52,17.24
2016-03-25,15.89,26.19,19.39,10.2
2016-03-26,4.99,25.87,19.62,15.12
2016-03-27,0.19,28.17,19.38,16.58
2016-03-28,0.01,28.76,20.61,20.5
2016-03-29,3.95,27.98,20.14,18.06
2016-03-30,1.03,26.62,19.54,18.46
2016-03-31,0.4,25.74,19.26,20.78
2016-04-01,0.08,28.43,19.19,21.83
2016-04-02,0.01,28.55,18.49,22.2
2016-04-03,0.01,29.38,18.47,21.28
2016-04-04,0.0,28.56,18.05,20.6
2016-04-05,0.0,28.31,18.49,22.08
2016-04-06,0.01,28.03,16.88,22.4
2016-04-07,0.0,29.54,17.28,22.34
2016-04-08,0.04,29.11,16.83,21.21
2016-04-09,0.02,29.74,18.81,21.53
2016-04-10,0.31,29.45,18.1,19.25
2016-04-11,0.12,28.7,18.98,18.49
2016-04-12,0.1,28.84,19.02,19.71
2016-04-13,0.07,28.22,18.69,19.54
2016-04-14,0.01,28.78,17.44,20.28
2016-04-15,0.07,29.38,18.29,19.0
2016-04-16,0.0,29.03,17.74,20.01
2016-04-17,0.0,28.51,16.6,21.26
2016-04-18,0.0,28.45,17.45,19.69
2016-04-19,0.0,28.45,17.58,19.79
2016-04-20,0.0,28.3,18.69,18.19
2016-04-21,0.0,28.12,17.61,19.85
2016-04-22,0.0,29.18,17.84,17.27
2016-04-23,0.0,28.47,18.03,19.02
2016-04-24,0.0,28.31,17.25,17.82
2016-04-25,0.92,28.11,16.67,17.92
2016-04-26,2.43,25.55,17.95,9.5
2016-04-27,2.75,20.85,13.17,7.54
2016-04-28,0.0,20.5,10.48,16.31
2016-04-29,0.3,19.6,11.41,10.78
2016-04-30,0.03,21.05,10.25,17.14
2016-05-01,0.01,20.38,7.8,20.37
2016-05-02,0.0,22.78,9.41,19.98
2016-05-03,0.0,24.37,11.76,18.93
2016-05-04,0.01,23.96,13.13,17.79
2016-05-05,0.01,24.22,13.33,12.99
2016-05-06,0.02,24.72,13.01,16.93
2016-05-07,0.02,23.75,14.39,9.45
2016-05-08,0.12,25.22,15.2,8.25
2016-05-09,0.54,26.43,16.44,9.71
2016-05-10,0.09,25.34,17.09,9.03
2016-05-11,0.11,23.85,15.3,10.05
2016-05-12,0.04,23.38,14.92,10.61
2016-05-13,0.01,23.53,13.86,12.39
2016-05-14,0.0,23.41,13.33,14.04
2016-05-15,0.75,25.33,12.87,16.95
2016-05-16,5.36,26.06,17.48,9.42
2016-05-17,3.0,23.32,13.72,12.3
2016-05-18,10.52,19.3,12.82,3.71
2016-05-19,14.48,20.59,12.66,6.17
2016-05-20,23.57,24.35,13.27,13.48
2016-05-21,8.52,21.77,16.67,3.94
2016-05-22,2.19,24.69,16.48,11.26
2016-05-23,2.14,18.67,8.07,13.06
2016-05-24,0.15,18.21,7.72,9.6
2016-05-25,0.01,22.2,11.69,15.59
2016-05-26,0.05,22.9,12.73,14.73
2016-05-27,0.32,23.06,12.76,10.47
2016-05-28,0.04,23.15,13.41,10.81
2016-05-29,0.26,21.84,13.82,7.01
2016-05-30,15.45,21.85,13.9,4.14
2016-05-31,9.78,23.03,15.87,9.36
2016-06-01,17.46,23.38,15.08,7.8
2016-06-02,9.93,22.23,14.77,12.55
2016-06-03,10.18,20.46,12.32,7.43
2016-06-04,17.08,20.29,12.17,6.78
2016-06-05,45.56,21.78,14.46,5.73
2016-06-06,24.1,20.42,14.48,5.88
2016-06-07,6.29,18.85,11.22,5.62
2016-06-08,0.06,18.29,9.77,14.35
2016-06-09,0.0,17.55,5.8,14.34
2016-06-10,0.0,18.3,4.18,13.48
2016-06-11,0.0,16.1,4.11,15.97
2016-06-12,0.03,15.66,2.73,16.79
2016-06-13,0.01,16.08,0.49,16.8
2016-06-14,0.01,18.99,7.98,15.62
2016-06-15,0.01,21.3,8.13,15.34
2016-06-16,0.01,22.84,9.05,15.41
2016-06-17,0.0,22.13,9.45,15.39
2016-06-18,0.48,22.7,11.11,12.8
2016-06-19,0.33,22.2,11.38,11.38
2016-06-20,0.3,19.92,11.13,9.31
2016-06-21,0.36,16.85,10.82,8.69
2016-06-22,0.65,19.6,11.95,7.6
2016-06-23,0.07,21.27,10.58,14.27
2016-06-24,0.01,21.49,10.9,14.45
2016-06-25,0.0,22.03,10.75,14.26
2016-06-26,0.0,22.28,11.52,13.67
2016-06-27,0.0,21.43,9.35,15.21
2016-06-28,0.0,21.41,9.36,15.03
2016-06-29,0.0,21.51,10.55,14.06
2016-06-30,0.0,23.04,11.69,10.52
2016-07-01,0.02,22.95,12.2,12.81
2016-07-02,0.0,23.36,13.11,14.41
2016-07-03,0.01,23.88,11.93,14.82
2016-07-04,0.0,23.68,12.42,15.78
2016-07-05,0.0,23.48,11.51,14.52
2016-07-06,0.0,24.46,13.23,15.05
2016-07-07,0.0,19.81,8.5,16.8
2016-07-08,0.0,19.45,5.72,16.21
2016-07-09,0.0,21.02,7.47,16.27
2016-07-10,0.0,24.77,8.82,16.05
2016-07-11,0.0,25.86,12.17,16.03
2016-07-12,0.12,26.09,11.67,16.18
2016-07-13,0.14,25.86,12.9,12.98
2016-07-14,0.06,25.7,12.26,14.45
2016-07-15,0.11,26.52,12.52,14.33
2016-07-16,6.01,20.53,12.46,3.34
2016-07-17,0.13,17.76,6.66,17.21
2016-07-18,0.05,17.98,3.88,16.48
2016-07-19,0.0,17.97,7.06,9.13
2016-07-20,0.0,19.16,9.03,11.88
2016-07-21,0.0,18.99,8.59,9.29
2016-07-22,0.02,19.59,9.14,13.32
2016-07-23,0.05,22.66,9.07,15.79
2016-07-24,0.03,24.76,9.61,16.28
2016-07-25,0.0,25.42,11.61,15.96
2016-07-26,0.0,24.75,10.61,16.9
2016-07-27,0.0,25.65,10.82,15.96
2016-07-28,0.0,21.36,9.0,15.26
2016-07-29,0.0,21.55,10.78,9.7
2016-07-30,0.0,24.24,11.48,16.13
2016-07-31,0.02,24.12,11.91,15.6
2016-08-01,0.0,24.49,11.44,13.61
2016-08-02,0.0,23.87,12.49,12.0
2016-08-03,0.0,24.13,11.75,13.98
2016-08-04,0.0,25.3,12.82,16.22
2016-08-05,0.0,26.06,12.14,16.14
2016-08-06,0.0,27.35,12.86,17.96
2016-08-07,0.01,27.65,13.14,13.52
2016-08-08,0.01,24.08,12.79,10.88
2016-08-09,0.07,24.56,13.74,6.26
2016-08-10,0.02,20.87,9.38,12.55
2016-08-11,0.0,18.91,7.08,11.1
2016-08-12,0.01,22.18,8.96,17.24
2016-08-13,0.02,25.0,7.49,20.05
2016-08-14,0.0,27.78,10.67,19.28
2016-08-15,0.79,28.48,14.24,12.57
2016-08-16,1.35,25.19,14.5,13.12
2016-08-17,0.01,28.5,14.18,19.39
2016-08-18,4.02,26.5,14.74,13.22
2016-08-19,2.08,28.92,13.88,16.22
2016-08-20,7.49,26.63,15.87,4.75
2016-08-21,22.03,18.59,8.58,6.05
2016-08-22,0.39,16.47,7.78,12.42
2016-08-23,0.02,21.9,7.57,20.16
2016-08-24,0.01,25.32,10.21,20.51
2016-08-25,0.02,26.63,10.82,20.66
2016-08-26,0.01,27.4,10.97,21.83
2016-08-27,0.0,27.28,10.93,21.82
2016-08-28,0.0,29.13,11.24,22.03
2016-08-29,0.0,30.61,13.98,20.8
2016-08-30,5.12,26.38,15.35,13.37
2016-08-31,6.98,20.13,11.81,5.58
2016-09-01,0.01,25.0,11.44,19.99
2016-09-02,0.0,27.25,13.11,16.94
2016-09-03,2.11,26.23,15.64,7.41
2016-09-04,0.94,24.89,16.0,7.57
2016-09-05,1.55,25.77,14.83,14.73
2016-09-06,3.2,22.26,16.5,4.64
2016-09-07,0.16,22.96,10.5,11.7
2016-09-08,0.0,24.5,7.89,22.72
2016-09-09,0.0,25.64,11.02,20.22
2016-09-10,0.0,28.71,13.12,20.63
2016-09-11,0.01,30.11,14.37,21.31
2016-09-12,0.02,31.2,14.93,22.65
2016-09-13,0.0,32.3,18.08,17.93
2016-09-14,0.02,23.42,12.57,7.09
2016-09-15,0.0,27.69,9.87,24.33
2016-09-16,0.01,25.21,10.77,16.3
2016-09-17,0.01,29.24,14.22,19.48
2016-09-18,13.19,33.01,15.94,18.99
2016-09-19,9.47,28.88,16.28,17.52
2016-09-20,0.03,22.74,10.1,14.28
2016-09-21,0.01,22.76,9.79,18.96
2016-09-22,0.01,26.43,12.07,24.56
2016-09-23,0.0,29.18,11.62,25.2
2016-09-24,0.01,27.3,13.39,20.65
2016-09-25,0.04,21.59,12.01,9.43
2016-09-26,0.04,26.08,10.75,23.89
2016-09-27,0.01,26.97,9.55,26.65
2016-09-28,0.0,29.0,9.57,26.62
2016-09-29,0.01,29.31,11.88,25.37
2016-09-30,0.18,26.4,12.59,19.66
2016-10-01,0.13,26.26,13.06,16.92
2016-10-02,0.4,27.24,13.3,22.19
2016-10-03,12.23,23.25,14.51,6.02
2016-10-04,3.31,24.8,14.51,15.28
2016-10-05,0.98,25.38,12.68,18.75
2016-10-06,2.97,25.07,13.04,20.02
2016-10-07,1.17,23.49,13.49,18.51
2016-10-08,0.0,28.14,11.36,27.58
2016-10-09,0.13,28.69,13.33,21.7
2016-10-10,0.18,28.3,13.76,22.47
2016-10-11,0.47,30.95,14.14,18.67
2016-10-12,1.53,29.99,14.86,23.57
2016-10-13,12.75,25.57,18.54,9.88
2016-10-14,0.58,29.61,17.0,11.59
2016-10-15,0.54,30.69,18.96,20.06
2016-10-16,0.35,33.23,18.42,23.37
2016-10-17,2.47,34.77,20.06,26.16
2016-10-18,0.28,34.71,20.04,22.39
2016-10-19,2.16,35.39,19.51,26.08
2016-10-20,11.47,34.18,21.74,23.46
2016-10-21,10.93,27.34,17.33,16.35
2016-10-22,1.07,25.14,15.73,18.33
2016-10-23,0.93,28.19,15.8,22.28
2016-10-24,16.32,29.58,17.33,21.1
2016-10-25,7.73,25.22,18.49,7.04
2016-10-26,9.09,28.1,18.65,16.79
2016-10-27,4.85,27.19,17.3,14.25
2016-10-28,0.31,25.91,11.24,27.98
2016-10-29,0.43,24.73,10.19,27.66
2016-10-30,0.24,28.12,13.25,26.05
2016-10-31,0.37,30.23,14.36,24.77
2016-11-01,0.25,29.71,17.78,23.19
2016-11-02,2.41,30.86,17.85,23.41
2016-11-03,10.41,24.82,15.58,7.94
2016-11-04,0.77,26.84,14.76,16.31
2016-11-05,0.3,28.34,15.08,21.74
2016-11-06,2.5,28.72,16.04,23.75
2016-11-07,0.82,29.16,16.2,26.19
2016-11-08,0.18,30.96,16.31,26.54
2016-11-09,22.43,30.74,17.94,22.13
2016-11-10,1.71,30.66,18.88,24.66
2016-11-11,1.38,31.54,17.1,25.66
2016-11-12,12.75,22.09,15.82,13.57
2016-11-13,11.9,22.54,15.85,8.71
2016-11-14,6.56,23.22,17.18,14.62
2016-11-15,2.52,27.88,16.67,21.08
2016-11-16,7.43,28.62,16.6,24.94
2016-11-17,2.16,29.6,17.38,23.21
2016-11-18,0.31,24.49,12.41,15.39
2016-11-19,0.19,23.51,11.24,21.81
2016-11-20,0.03,27.19,9.4,31.46
2016-11-21,0.0,29.49,11.65,30.03
2016-11-22,0.86,27.49,16.81,19.48
2016-11-23,5.14,28.6,16.69,16.92
2016-11-24,0.43,30.34,16.8,24.86
2016-11-25,0.07,31.9,17.5,24.13
2016-11-26,0.41,30.35,18.32,24.51
2016-11-27,3.16,30.58,18.91,25.79
2016-11-28,9.22,27.82,21.4,17.4
2016-11-29,4.71,29.08,15.92,15.69
2016-11-30,0.67,24.45,14.84,14.36
2016-12-01,0.28,25.98,14.64,17.48
2016-12-02,0.03,29.6,15.53,21.64
2016-12-03,5.09,26.57,18.42,14.69
2016-12-04,5.82,30.98,15.99,24.34
2016-12-05,0.96,29.33,14.55,27.69
2016-12-06,0.01,32.44,14.18,31.96
2016-12-07,4.84,34.16,16.36,19.99
2016-12-08,5.15,27.62,18.52,24.09
2016-12-09,4.34,30.65,19.73,18.58
2016-12-10,6.3,27.35,19.89,16.66
2016-12-11,14.32,27.69,21.01,12.91
2016-12-12,18.17,26.32,18.37,13.58
2016-12-13,0.87,30.21,17.64,20.87
2016-12-14,1.2,28.5,17.07,18.08
2016-12-15,0.83,22.89,14.56,16.27
2016-12-16,0.21,26.49,14.14,20.64
2016-12-17,0.45,29.18,15.48,26.91
2016-12-18,2.92,28.67,16.83,26.0
2016-12-19,15.97,27.54,18.06,21.96
2016-12-20,9.8,27.25,18.51,23.52
2016-12-21,5.18,25.7,19.55,21.58
2016-12-22,4.41,25.27,19.36,16.26
2016-12-23,3.19,29.78,18.84,25.0
2016-12-24,3.16,30.72,19.29,29.25
2016-12-25,3.94,29.93,19.05,27.14
2016-12-26,0.25,32.77,18.54,31.28
2016-12-27,1.64,33.67,20.98,28.73
2016-12-28,5.69,32.16,20.91,23.84
2016-12-29,2.95,29.16,20.42,27.35
2016-12-30,3.49,28.45,20.87,24.2
2016-12-31,2.47,29.53,21.2,24.91
2017-01-01,1.61,30.0,19.76,22.91
2017-01-02,4.76,28.44,19.74,22.31
2017-01-03,9.65,29.75,21.23,24.43
2017-01-04,2.68,28.79,20.5,21.67
2017-01-05,3.79,28.1,20.13,21.69
2017-01-06,5.62,25.04,20.09,20.3
2017-01-07,2.42,28.08,20.11,21.23
2017-01-08,1.87,28.32,20.53,22.32
2017-01-09,17.07,30.32,20.64,22.66
2017-01-10,15.64,28.06,21.3,22.24
2017-01-11,6.92,26.6,21.15,20.35
2017-01-12,12.94,25.93,20.22,14.57
2017-01-13,2.68,27.35,18.97,20.1
2017-01-14,2.89,29.78,18.98,26.03
2017-01-15,4.55,30.68,18.27,24.25
2017-01-16,25.25,27.21,20.26,16.04
2017-01-17,34.11,23.07,19.71,10.16
2017-01-18,13.07,24.86,19.92,10.51
2017-01-19,31.07,23.66,18.87,10.34
2017-01-20,17.27,22.84,17.45,12.9
2017-01-21,27.31,24.06,17.67,11.9
2017-01-22,5.64,24.2,17.71,15.12
2017-01-23,5.69,23.94,17.57,15.58
2017-01-24,8.34,27.93,18.06,23.73
2017-01-25,3.56,27.42,20.51,19.73
2017-01-26,9.08,25.65,20.4,8.02
2017-01-27,11.34,24.21,18.88,8.11
2017-01-28,3.08,24.51,19.18,22.25
2017-01-29,0.33,28.94,19.77,24.85
2017-01-30,3.39,27.39,20.4,20.37
2017-01-31,16.84,24.46,19.45,16.75
2017-02-01,10.57,25.66,18.16,18.5
2017-02-02,10.08,26.64,18.2,17.93
2017-02-03,9.0,25.52,19.98,19.33
2017-02-04,8.09,27.55,19.74,15.09
2017-02-05,3.45,29.81,20.47,26.01
2017-02-06,5.66,28.73,19.71,22.63
2017-02-07,6.82,28.72,20.11,23.66
2017-02-08,0.74,28.91,18.94,25.3
2017-02-09,0.08,28.12,17.27,26.34
2017-02-10,0.36,28.61,16.87,21.55
2017-02-11,0.51,29.05,19.86,23.79
2017-02-12,1.33,27.23,20.39,26.16
2017-02-13,0.61,28.48,20.62,22.78
2017-02-14,0.11,29.19,19.32,26.22
2017-02-15,0.26,30.13,18.63,25.87
2017-02-16,0.22,30.38,18.71,25.66
2017-02-17,1.04,30.59,17.9,27.26
2017-02-18,0.58,30.9,19.11,27.59
2017-02-19,0.13,31.38,18.29,28.47
2017-02-20,0.02,31.18,19.71,26.02
2017-02-21,0.04,29.87,17.93,26.02
2017-02-22,0.79,28.64,19.7,24.58
2017-02-23,1.9,28.63,19.16,26.58
2017-02-24,12.49,26.28,20.03,14.81
2017-02-25,4.5,25.98,18.75,11.58
2017-02-26,8.42,26.79,17.76,18.26
2017-02-27,1.05,28.0,18.72,22.19
2017-02-28,0.61,28.51,19.01,22.82
2017-03-01,2.77,27.89,19.95,20.85
2017-03-02,11.53,25.92,21.06,15.49
2017-03-03,17.5,25.68,20.17,13.26
2017-03-04,4.66,26.66,20.39,17.02
2017-03-05,12.09,25.69,20.63,14.23
2017-03-06,26.09,25.8,20.3,13.81
2017-03-07,5.64,29.11,19.89,21.5
2017-03-08,11.04,29.05,20.11,18.38
2017-03-09,0.27,28.91,19.03,22.3
2017-03-10,2.6,28.48,20.23,21.12
2017-03-11,2.08,26.8,20.96,19.59
2017-03-12,0.3,27.95,19.85,24.21
2017-03-13,1.34,27.34,19.49,14.43
2017-03-14,7.8,26.21,18.95,17.0
2017-03-15,3.99,28.15,18.54,22.04
2017-03-16,0.46,28.68,18.82,23.26
2017-03-17,9.5,26.7,19.6,16.89
2017-03-18,15.39,22.57,17.3,8.86
2017-03-19,6.4,25.0,16.83,9.48
2017-03-20,0.89,25.53,15.74,19.94
2017-03-21,0.36,25.33,15.13,20.64
2017-03-22,0.24,26.71,14.95,23.66
2017-03-23,0.05,26.95,15.56,22.05
2017-03-24,0.81,27.19,16.34,22.34
2017-03-25,0.79,27.61,16.88,21.14
2017-03-26,0.27,26.31,16.5,22.97
2017-03-27,1.11,26.16,16.59,10.31
2017-03-28,1.84,25.82,16.56,19.89
2017-03-29,1.32,23.92,15.34,21.31
2017-03-30,0.36,24.98,14.28,21.42
2017-03-31,0.37,23.6,14.14,21.1
2017-04-01,1.26,23.78,13.72,19.56
2017-04-02,0.55,24.87,14.61,20.46
2017-04-03,0.1,26.19,14.6,21.53
2017-04-04,0.04,27.48,15.82,21.19
2017-04-05,6.17,28.88,16.65,18.43
2017-04-06,17.56,26.55,19.2,7.55
2017-04-07,27.31,25.51,18.75,7.72
2017-04-08,1.17,27.32,18.98,15.49
2017-04-09,0.75,27.17,18.55,16.72
2017-04-10,0.42,27.93,18.57,18.65
2017-04-11,0.93,28.5,19.45,19.38
2017-04-12,4.99,22.39,16.52,9.89
2017-04-13,0.83,24.3,15.83,14.28
2017-04-14,0.24,26.31,15.48,17.71
2017-04-15,0.08,27.09,15.74,20.46
2017-04-16,0.51,24.94,16.42,17.58
2017-04-17,1.62,24.26,16.54,10.29
2017-04-18,0.16,22.24,14.85,16.78
2017-04-19,0.01,22.86,14.56,16.04
2017-04-20,4.16,26.6,15.66,18.52
2017-04-21,24.83,23.04,14.76,6.38
2017-04-22,2.32,22.77,12.95,12.79
2017-04-23,1.02,23.52,13.89,12.17
2017-04-24,0.19,24.89,13.81,19.38
2017-04-25,1.97,26.51,15.6,17.02
2017-04-26,6.9,25.5,18.16,3.89
2017-04-27,17.89,21.6,11.8,12.47
2017-04-28,0.11,21.12,10.72,11.82
2017-04-29,0.28,22.08,12.55,11.98
2017-04-30,0.22,23.22,13.6,16.71
2017-05-01,0.15,23.69,13.91,16.85
2017-05-02,0.07,24.13,14.48,15.17
2017-05-03,0.06,25.01,13.66,17.61
2017-05-04,1.93,25.06,14.13,15.25
2017-05-05,30.83,23.34,16.58,8.03
2017-05-06,8.69,23.08,15.31,12.21
2017-05-07,0.62,23.22,13.56,12.68
2017-05-08,0.14,23.56,13.02,17.21
2017-05-09,0.09,23.99,12.04,17.13
2017-05-10,0.81,23.61,14.77,9.81
2017-05-11,0.85,20.07,14.08,11.2
2017-05-12,0.03,23.26,12.76,17.46
2017-05-13,0.04,25.36,12.89,17.48
2017-05-14,1.09,25.29,15.52,12.04
2017-05-15,0.12,23.32,13.53,16.46
2017-05-16,0.01,22.08,13.44,12.94
2017-05-17,0.16,22.27,12.93,11.26
2017-05-18,13.22,20.34,13.9,3.85
2017-05-19,46.25,21.42,15.51,1.59
2017-05-20,0.64,22.45,14.81,10.04
2017-05-21,35.14,22.87,16.81,2.82
2017-05-22,6.64,22.62,12.23,11.84
2017-05-23,0.28,21.05,11.24,14.4
2017-05-24,0.2,24.36,13.0,12.08
2017-05-25,0.13,25.12,14.6,15.68
2017-05-26,0.04,25.76,16.49,15.57
2017-05-27,0.26,25.18,15.72,9.48
2017-05-28,0.04,24.48,15.96,8.93
2017-05-29,0.01,24.1,14.82,13.97
2017-05-30,0.82,23.5,15.04,8.66
2017-05-31,1.38,22.91,14.19,14.31
2017-06-01,1.84,20.93,10.87,7.13
2017-06-02,0.11,19.71,9.67,16.33
2017-06-03,0.06,21.22,10.54,16.54
2017-06-04,1.46,24.64,10.63,15.38
2017-06-05,33.2,24.76,15.22,2.63
2017-06-06,35.88,25.07,15.77,4.68
2017-06-07,5.0,25.27,16.46,14.08
2017-06-08,0.03,25.3,14.33,13.03
2017-06-09,1.23,20.07,10.11,6.14
2017-06-10,0.0,17.42,5.92,16.83
2017-06-11,0.07,19.25,5.94,15.88
2017-06-12,1.4,20.6,8.07,8.16
2017-06-13,14.18,18.58,11.74,3.14
2017-06-14,1.29,21.67,12.73,9.98
2017-06-15,0.12,21.85,12.57,13.02
2017-06-16,0.04,21.58,11.5,15.3
2017-06-17,0.04,22.93,10.59,15.19
2017-06-18,0.03,22.86,10.82,10.21
2017-06-19,0.93,23.65,13.06,14.23
2017-06-20,2.83,18.28,12.55,5.73
2017-06-21,0.97,21.47,12.55,11.02
2017-06-22,0.21,22.74,13.09,14.76
2017-06-23,0.02,22.58,12.58,15.6
2017-06-24,0.03,22.84,12.89,15.17
2017-06-25,0.02,21.84,12.46,15.84
2017-06-26,0.02,21.71,9.42,15.94
2017-06-27,0.02,21.23,11.5,15.59
2017-06-28,0.01,22.75,9.99,15.31
2017-06-29,0.01,23.26,11.61,14.16
2017-06-30,0.01,22.39,11.63,10.52
2017-07-01,0.98,21.01,11.26,9.47
2017-07-02,0.65,16.72,11.04,9.8
2017-07-03,0.13,17.04,8.8,11.74
2017-07-04,0.03,17.5,7.67,15.25
2017-07-05,0.01,18.99,8.0,16.06
2017-07-06,0.01,20.44,9.01,14.24
2017-07-07,0.0,21.5,10.22,10.18
2017-07-08,0.0,21.53,10.66,13.57
2017-07-09,0.01,21.48,11.56,14.31
2017-07-10,0.01,22.16,10.09,13.99
2017-07-11,0.0,23.62,11.02,15.97
2017-07-12,0.01,23.22,9.97,16.17
2017-07-13,0.01,23.63,11.06,15.66
2017-07-14,0.01,23.14,10.52,16.21
2017-07-15,0.0,22.47,9.49,16.35
2017-07-16,0.01,23.15,9.3,15.79
2017-07-17,0.12,24.05,10.03,16.58
2017-07-18,0.98,12.89,6.34,5.33
2017-07-19,0.07,15.51,6.12,9.4
2017-07-20,0.05,21.96,9.9,15.67
2017-07-21,0.0,22.82,10.21,16.21
2017-07-22,0.01,21.56,9.23,16.05
2017-07-23,0.0,23.56,10.41,16.83
2017-07-24,0.0,22.53,9.23,17.64
2017-07-25,0.01,23.63,9.65,17.73
2017-07-26,0.0,24.06,10.41,17.52
2017-07-27,0.0,23.55,10.34,17.71
2017-07-28,0.01,22.71,10.66,17.94
2017-07-29,0.01,23.45,8.51,17.84
2017-07-30,0.01,22.43,11.72,16.72
2017-07-31,0.0,22.02,10.31,11.28
2017-08-01,0.0,21.98,9.4,11.15
2017-08-02,0.0,24.02,9.38,14.34
2017-08-03,1.63,21.34,12.74,9.43
2017-08-04,2.1,18.68,10.8,10.75
2017-08-05,0.95,18.66,9.63,12.75
2017-08-06,0.08,21.07,9.3,17.96
2017-08-07,0.01,23.85,9.19,18.74
2017-08-08,0.0,25.43,12.69,14.76
2017-08-09,0.01,28.55,13.52,17.35
2017-08-10,0.07,24.72,12.6,13.93
2017-08-11,0.05,22.4,11.31,18.56
2017-08-12,0.01,27.2,11.54,16.4
2017-08-13,0.03,28.93,12.29,16.81
2017-08-14,0.07,25.76,13.23,12.08
2017-08-15,3.07,23.04,12.7,4.98
2017-08-16,7.82,19.66,13.48,4.64
2017-08-17,5.62,17.85,13.88,3.59
2017-08-18,4.12,20.21,14.09,4.69
2017-08-19,6.1,23.94,14.41,3.19
2017-08-20,25.49,22.52,13.11,2.73
2017-08-21,3.87,17.13,10.21,11.14
2017-08-22,0.47,20.45,9.98,16.08
2017-08-23,0.12,25.55,11.05,18.43
2017-08-24,0.19,24.14,12.58,20.79
2017-08-25,0.04,25.58,11.41,20.72
2017-08-26,0.02,26.26,11.28,21.32
2017-08-27,0.01,27.22,11.1,21.66
2017-08-28,0.01,26.87,10.8,21.78
2017-08-29,0.0,27.58,10.81,21.47
2017-08-30,0.01,29.66,13.06,21.68
2017-08-31,0.59,23.24,14.29,13.51
2017-09-01,0.49,25.02,13.98,16.63
2017-09-02,0.03,26.35,12.63,20.21
2017-09-03,0.01,27.09,10.36,22.48
2017-09-04,0.0,27.39,10.83,23.16
2017-09-05,0.0,27.92,10.72,23.34
2017-09-06,0.0,28.41,12.21,21.99
2017-09-07,0.0,28.77,12.03,23.1
2017-09-08,0.0,29.34,11.95,23.08
2017-09-09,0.01,29.67,13.98,22.27
2017-09-10,0.0,30.53,13.71,23.61
2017-09-11,0.0,31.2,14.71,23.36
2017-09-12,0.0,31.94,15.23,23.48
2017-09-13,0.0,31.41,13.78,23.75
2017-09-14,0.0,32.43,13.67,24.56
2017-09-15,0.0,32.45,14.64,24.1
2017-09-16,0.0,32.43,15.88,23.99
2017-09-17,0.0,32.46,14.39,23.35
2017-09-18,0.01,30.95,15.93,20.76
2017-09-19,0.01,31.83,14.95,22.42
2017-09-20,0.0,31.23,13.48,23.93
2017-09-21,0.0,30.87,14.38,24.06
2017-09-22,0.01,31.38,14.81,23.57
2017-09-23,0.0,31.46,15.52,22.21
2017-09-24,0.08,28.6,16.45,19.82
2017-09-25,0.02,28.45,14.36,22.89
2017-09-26,0.0,29.77,13.84,22.92
2017-09-27,0.0,31.48,14.68,23.44
2017-09-28,0.03,32.24,15.91,21.01
2017-09-29,8.36,27.6,16.31,13.49
2017-09-30,16.99,25.13,16.4,9.12
2017-10-01,3.07,27.67,15.67,18.53
2017-10-02,6.27,29.57,16.02,7.94
2017-10-03,4.03,22.16,13.84,15.87
2017-10-04,0.02,26.41,11.62,19.28
2017-10-05,0.0,31.45,13.87,25.5
2017-10-06,11.2,32.46,18.62,24.97
2017-10-07,5.33,23.41,17.61,6.93
2017-10-08,4.28,29.74,16.48,14.0
2017-10-09,0.24,31.18,17.2,20.55
2017-10-10,1.08,32.5,19.28,24.05
2017-10-11,1.59,34.51,19.74,25.39
2017-10-12,1.89,34.77,18.61,26.12
2017-10-13,1.44,34.3,18.33,25.97
2017-10-14,5.4,33.33,18.21,23.85
2017-10-15,0.15,27.64,15.8,19.98
2017-10-16,0.11,28.73,15.27,21.1
2017-10-17,0.05,31.62,15.33,23.62
2017-10-18,0.0,33.73,16.46,26.98
2017-10-19,0.01,34.53,19.86,27.85
2017-10-20,1.19,29.56,18.06,15.61
2017-10-21,0.4,32.26,17.51,7.72
2017-10-22,3.45,24.14,18.74,5.91
2017-10-23,2.55,23.78,14.19,12.42
2017-10-24,0.14,27.94,13.84,19.83
2017-10-25,6.62,30.92,15.12,23.83
2017-10-26,16.64,29.09,18.28,11.59
2017-10-27,5.87,29.55,19.62,10.42
2017-10-28,0.84,29.93,19.48,18.88
2017-10-29,9.67,25.65,18.74,7.55
2017-10-30,6.34,23.38,18.44,7.25
2017-10-31,2.22,27.14,15.05,14.27
2017-11-01,0.0,25.89,13.26,24.18
2017-11-02,0.02,28.49,13.36,29.3
2017-11-03,2.21,31.68,13.85,27.71
2017-11-04,20.73,28.35,19.39,20.06
2017-11-05,1.43,24.22,16.23,7.73
2017-11-06,0.49,24.79,15.01,16.68
2017-11-07,0.01,25.87,14.1,18.99
2017-11-08,1.18,26.44,14.87,16.74
2017-11-09,1.9,26.01,16.16,15.6
2017-11-10,4.58,29.42,17.41,23.75
2017-11-11,16.52,24.55,13.38,16.98
2017-11-12,0.0,28.58,12.09,32.15
2017-11-13,0.01,28.54,13.37,31.25
2017-11-14,0.0,29.83,10.06,31.97
2017-11-15,0.12,33.06,12.49,29.36
2017-11-16,10.4,30.7,19.77,27.75
2017-11-17,3.27,28.08,18.76,16.43
2017-11-18,19.11,25.99,18.26,20.61
2017-11-19,6.7,25.46,17.71,16.3
2017-11-20,4.43,24.85,16.78,13.22
2017-11-21,21.52,24.98,17.11,18.75
2017-11-22,3.51,24.73,15.39,14.85
2017-11-23,0.36,26.64,14.11,22.82
2017-11-24,0.01,29.5,14.08,29.88
2017-11-25,5.62,30.75,15.13,26.94
2017-11-26,12.47,27.57,20.02,14.28
2017-11-27,21.53,27.91,17.86,12.9
2017-11-28,0.3,27.54,16.47,22.4
2017-11-29,0.01,27.19,14.55,30.68
2017-11-30,0.09,26.18,13.65,21.05
2017-12-01,1.44,26.7,16.54,17.93
2017-12-02,0.31,27.31,16.01,18.68
2017-12-03,0.04,30.01,17.04,22.62
2017-12-04,0.01,31.44,17.38,28.79
2017-12-05,0.46,31.14,18.98,25.04
2017-12-06,3.12,30.3,18.68,20.24
2017-12-07,10.17,29.23,18.08,9.84
2017-12-08,7.45,29.74,18.89,21.3
2017-12-09,1.15,29.47,17.29,25.36
2017-12-10,3.67,29.95,18.12,25.97
2017-12-11,1.08,30.76,17.22,27.69
2017-12-12,0.42,27.66,15.92,23.45
2017-12-13,0.15,30.56,15.8,25.82
2017-12-14,0.07,32.33,16.35,29.35
2017-12-15,0.11,31.85,17.04,25.83
2017-12-16,1.55,33.19,17.13,27.74
2017-12-17,4.47,32.11,19.95,29.4
2017-12-18,2.62,28.58,20.46,22.5
2017-12-19,8.96,31.27,19.73,22.93
2017-12-20,6.99,27.85,19.48,18.82
2017-12-21,10.41,23.77,19.16,7.79
2017-12-22,5.18,28.15,18.72,12.53
2017-12-23,2.21,26.91,19.57,20.42
2017-12-24,2.83,25.69,20.4,18.42
2017-12-25,19.93,25.82,18.96,13.41
2017-12-26,3.2,26.63,18.3,19.92
2017-12-27,1.88,26.39,19.8,20.76
2017-12-28,5.21,27.87,19.63,15.16
2017-12-29,5.11,24.71,19.24,11.27
2017-12-30,5.85,24.65,19.14,12.17
2017-12-31,9.02,28.73,19.62,17.8
2018-01-01,0.95,30.16,19.51,19.57
2018-01-02,2.81,25.55,21.11,17.36
2018-01-03,7.88,28.33,18.98,16.53
2018-01-04,0.11,29.38,17.03,30.67
2018-01-05,0.01,29.94,15.72,27.95
2018-01-06,3.67,28.21,18.35,19.35
2018-01-07,8.08,25.34,17.89,15.05
2018-01-08,10.02,23.58,18.43,10.25
2018-01-09,5.24,24.63,17.91,10.73
2018-01-10,2.02,25.64,19.24,24.14
2018-01-11,4.42,25.67,19.3,17.36
2018-01-12,7.95,23.78,18.71,13.68
2018-01-13,1.87,26.42,17.68,14.75
2018-01-14,7.07,25.99,19.49,18.37
2018-01-15,4.85,26.44,19.33,20.35
2018-01-16,2.13,27.96,19.67,17.75
2018-01-17,1.15,27.25,19.99,22.18
2018-01-18,2.07,27.96,20.44,17.08
2018-01-19,9.79,27.82,19.64,16.86
2018-01-20,9.52,27.16,20.27,20.65
2018-01-21,2.69,28.2,19.72,20.01
2018-01-22,4.02,30.66,19.89,26.65
2018-01-23,16.17,29.48,20.62,25.39
2018-01-24,7.76,28.06,20.79,24.2
2018-01-25,2.76,27.8,20.67,21.15
2018-01-26,0.6,28.27,19.04,18.82
2018-01-27,1.23,28.08,18.05,21.22
2018-01-28,6.74,28.81,18.09,24.61
2018-01-29,20.79,28.81,21.09,17.68
2018-01-30,21.33,25.89,16.95,8.13
2018-01-31,2.5,26.95,15.8,26.48
2018-02-01,0.1,27.3,16.23,28.63
2018-02-02,0.01,27.55,17.34,19.58
2018-02-03,0.1,27.52,15.88,25.75
2018-02-04,0.33,27.44,14.9,22.96
2018-02-05,0.31,25.93,16.6,22.73
2018-02-06,0.9,25.94,16.79,21.01
2018-02-07,0.03,28.71,15.51,28.25
2018-02-08,0.0,30.34,15.83,27.9
2018-02-09,0.02,32.27,17.1,28.05
2018-02-10,2.52,27.86,21.1,18.99
2018-02-11,1.86,29.49,20.4,16.98
2018-02-12,1.72,29.08,19.32,18.29
2018-02-13,2.56,26.09,18.21,11.5
2018-02-14,5.13,22.22,16.98,12.12
2018-02-15,1.31,26.11,16.46,14.49
2018-02-16,0.6,28.35,17.93,24.11
2018-02-17,0.21,27.9,17.52,22.24
2018-02-18,0.2,26.35,18.24,10.49
2018-02-19,10.78,28.19,18.74,15.66
2018-02-20,5.46,26.01,19.8,14.71
2018-02-21,5.66,28.59,20.28,22.39
2018-02-22,4.18,28.85,19.81,21.79
2018-02-23,1.86,28.22,17.54,24.78
2018-02-24,0.02,28.43,16.1,26.3
2018-02-25,0.01,29.29,16.1,23.97
2018-02-26,27.76,27.77,17.07,16.47
2018-02-27,10.77,25.47,19.38,16.66
2018-02-28,1.91,29.16,18.57,23.93
2018-03-01,4.67,28.97,19.42,20.63
2018-03-02,13.6,27.19,20.39,19.42
2018-03-03,1.62,27.68,20.41,18.51
2018-03-04,0.07,29.31,18.94,20.43
2018-03-05,4.51,29.49,19.53,22.32
2018-03-06,7.04,30.11,19.33,20.27
2018-03-07,1.79,28.63,18.78,15.44
2018-03-08,0.09,28.51,18.72,16.41
2018-03-09,0.11,29.06,17.18,22.84
2018-03-10,0.42,28.82,17.98,17.61
2018-03-11,0.04,30.76,17.71,25.42
2018-03-12,0.33,31.83,18.78,21.55
2018-03-13,0.21,32.22,20.11,20.78
2018-03-14,18.13,28.98,20.89,22.58
2018-03-15,3.89,29.68,21.46,21.5
2018-03-16,1.99,28.94,20.83,22.0
2018-03-17,0.34,30.18,19.33,21.21
2018-03-18,0.01,31.35,18.65,24.11
2018-03-19,1.27,31.33,19.98,19.15
2018-03-20,39.42,26.08,21.97,18.97
2018-03-21,13.25,26.68,19.48,17.11
2018-03-22,1.26,27.6,18.01,15.85
2018-03-23,0.53,28.63,17.98,20.75
2018-03-24,0.82,28.36,19.94,22.44
2018-03-25,2.02,28.53,18.45,21.01
2018-03-26,5.51,25.63,20.15,8.38
2018-03-27,8.21,23.91,19.89,12.85
2018-03-28,5.77,25.75,18.72,17.36
2018-03-29,5.06,25.92,19.02,17.88
2018-03-30,5.2,27.13,18.47,17.92
2018-03-31,9.31,25.02,19.4,12.8
2018-04-01,7.74,24.92,18.78,14.23
2018-04-02,2.04,25.85,19.0,12.59
2018-04-03,7.13,26.58,18.47,10.39
2018-04-04,1.12,26.51,17.94,18.41
2018-04-05,0.24,27.32,16.62,20.4
2018-04-06,0.25,26.99,16.78,20.51
2018-04-07,0.1,27.65,16.32,21.52
2018-04-08,0.04,27.59,16.77,20.78
2018-04-09,0.01,27.91,17.09,19.27
2018-04-10,0.01,27.8,16.42,20.54
2018-04-11,0.01,27.89,15.67,21.08
2018-04-12,0.07,27.61,15.05,18.74
2018-04-13,0.03,29.02,16.69,20.81
2018-04-14,2.86,27.04,18.32,17.28
2018-04-15,5.21,22.61,17.43,10.71
2018-04-16,2.43,24.15,16.24,12.38
2018-04-17,0.98,24.79,14.93,15.77
2018-04-18,0.12,26.05,14.1,20.06
2018-04-19,0.42,26.08,12.39,21.38
2018-04-20,0.12,25.82,13.38,18.38
2018-04-21,0.02,25.42,11.16,20.55
2018-04-22,0.07,26.7,12.72,18.17
2018-04-23,0.02,26.82,15.1,17.82
2018-04-24,0.02,27.88,15.6,18.28
2018-04-25,0.01,28.19,15.76,17.83
2018-04-26,0.0,28.87,16.83,18.2
2018-04-27,0.08,28.96,17.2,17.57
2018-04-28,0.05,28.56,17.2,18.39
2018-04-29,0.05,28.73,16.89,18.41
2018-04-30,0.02,29.2,15.56,18.37
2018-05-01,0.01,29.07,17.68,15.66
2018-05-02,0.04,28.71,16.25,15.63
2018-05-03,0.03,28.71,16.15,17.32
2018-05-04,0.02,29.86,14.6,18.5
2018-05-05,0.03,29.81,17.48,15.85
2018-05-06,0.09,28.76,15.47,16.67
2018-05-07,0.74,26.15,15.97,13.67
2018-05-08,0.45,26.49,15.59,14.03
2018-05-09,0.03,26.9,14.92,17.55
2018-05-10,0.02,26.85,13.67,17.28
2018-05-11,0.02,27.38,13.59,15.57
2018-05-12,0.12,25.86,16.09,11.28
2018-05-13,0.02,26.19,14.89,14.8
2018-05-14,0.02,27.32,13.9,16.6
2018-05-15,0.17,24.81,15.51,10.55
2018-05-16,0.5,25.6,14.99,12.06
2018-05-17,0.16,26.69,16.07,15.04
2018-05-18,7.68,27.44,15.37,13.36
2018-05-19,4.48,24.0,13.48,7.01
2018-05-20,0.05,18.52,7.59,16.15
2018-05-21,0.42,20.44,6.33,17.8
2018-05-22,0.03,23.58,7.04,17.48
2018-05-23,0.02,23.84,8.49,15.73
2018-05-24,0.03,24.9,11.67,15.39
2018-05-25,0.48,24.69,13.28,11.69
2018-05-26,0.58,24.58,13.06,14.82
2018-05-27,0.1,25.15,12.85,16.08
2018-05-28,0.01,25.21,11.52,15.75
2018-05-29,0.0,25.02,10.08,15.54
2018-05-30,0.02,25.14,10.39,16.21
2018-05-31,0.0,25.41,10.79,16.02
2018-06-01,0.0,25.68,10.64,15.83
2018-06-02,0.7,27.77,13.92,9.68
2018-06-03,2.05,20.26,13.28,6.6
2018-06-04,0.24,21.99,12.85,7.33
2018-06-05,0.76,23.4,13.54,6.56
2018-06-06,0.92,24.12,14.97,8.56
2018-06-07,2.89,24.51,14.77,6.52
2018-06-08,0.37,22.27,10.56,11.98
2018-06-09,0.02,24.23,9.88,11.5
2018-06-10,0.01,25.01,14.23,9.51
2018-06-11,0.01,28.47,16.88,12.0
2018-06-12,2.76,28.73,16.62,10.92
2018-06-13,5.3,26.56,17.69,8.2
2018-06-14,1.47,20.07,12.9,6.61
2018-06-15,1.55,16.49,12.25,8.35
2018-06-16,1.13,18.93,12.4,8.43
2018-06-17,0.26,22.94,11.78,13.09
2018-06-18,0.07,23.13,12.64,11.45
2018-06-19,0.02,24.91,13.36,13.62
2018-06-20,0.02,25.56,12.95,14.99
2018-06-21,0.04,25.61,11.59,14.02
2018-06-22,0.04,25.14,13.31,12.42
2018-06-23,0.01,26.75,12.71,14.35
2018-06-24,0.02,27.72,14.71,13.66
2018-06-25,0.02,27.26,15.77,14.67
2018-06-26,0.01,28.39,12.65,11.35
2018-06-27,0.01,27.83,15.25,12.6
2018-06-28,0.02,27.89,13.79,11.09
2018-06-29,0.02,27.0,13.1,14.88
2018-06-30,0.02,27.24,12.38,13.63
2018-07-01,0.05,27.13,13.78,14.15
2018-07-02,0.0,27.89,13.79,14.46
2018-07-03,0.23,26.57,13.32,13.44
2018-07-04,0.18,27.02,13.47,13.44
2018-07-05,0.01,28.27,13.7,14.54
2018-07-06,0.04,28.4,13.46,12.56
2018-07-07,0.03,26.3,13.44,12.95
2018-07-08,0.0,27.89,12.62,15.49
2018-07-09,0.26,25.91,12.82,12.62
2018-07-10,0.16,18.69,7.94,12.28
2018-07-11,0.01,18.9,7.36,12.52
2018-07-12,0.0,20.91,7.06,16.78
2018-07-13,0.01,23.62,6.85,15.05
2018-07-14,0.0,27.19,12.0,16.36
2018-07-15,0.0,28.71,11.69,16.84
2018-07-16,0.01,28.1,11.84,16.54
2018-07-17,0.01,29.07,11.66,16.47
2018-07-18,0.01,28.3,11.29,16.5
2018-07-19,0.01,28.66,13.13,16.72
2018-07-20,0.01,29.61,13.07,17.01
2018-07-21,0.03,28.81,12.74,13.16
2018-07-22,0.04,25.9,13.23,11.6
2018-07-23,0.01,26.74,13.75,13.76
2018-07-24,0.08,25.3,12.15,13.23
2018-07-25,0.0,24.95,12.88,13.17
2018-07-26,0.02,27.08,14.06,15.78
2018-07-27,0.0,27.85,12.66,16.43
2018-07-28,0.02,29.01,12.92,17.22
2018-07-29,0.01,29.83,15.05,16.26
2018-07-30,2.73,24.0,15.95,9.16
2018-07-31,8.39,21.4,12.2,9.71
2018-08-01,2.77,20.59,11.91,5.44
2018-08-02,2.13,21.93,12.09,9.51
2018-08-03,18.43,19.43,13.45,1.86
2018-08-04,2.38,23.37,12.75,7.2
2018-08-05,0.62,21.2,12.95,5.34
2018-08-06,8.52,16.89,12.02,3.53
2018-08-07,0.43,23.23,10.46,11.93
2018-08-08,4.67,27.16,11.44,14.87
2018-08-09,0.79,25.35,10.83,9.84
2018-08-10,0.0,20.54,6.0,19.69
2018-08-11,0.0,22.49,5.64,18.52
2018-08-12,0.0,22.49,7.4,16.06
2018-08-13,0.02,25.16,9.61,18.95
2018-08-14,0.03,28.24,10.25,20.1
2018-08-15,0.13,25.59,9.63,13.54
2018-08-16,0.09,22.84,12.98,11.84
2018-08-17,0.51,23.17,12.56,11.72
2018-08-18,0.18,25.53,12.64,17.99
2018-08-19,0.02,27.19,11.7,19.01
2018-08-20,0.02,29.38,12.48,19.78
2018-08-21,0.1,29.41,13.47,18.81
2018-08-22,0.08,27.31,14.88,10.62
2018-08-23,0.05,28.71,15.55,16.09
2018-08-24,3.56,31.36,15.4,10.78
2018-08-25,7.21,26.71,14.38,10.37
2018-08-26,0.05,20.3,10.01,11.29
2018-08-27,0.03,23.49,9.49,16.64
2018-08-28,0.01,28.25,11.98,19.77
2018-08-29,0.01,28.83,12.24,21.38
2018-08-30,0.01,29.82,13.69,21.03
2018-08-31,0.02,31.23,14.15,21.88
2018-09-01,0.03,32.42,15.41,20.86
2018-09-02,0.0,33.04,15.5,16.51
2018-09-03,1.52,23.52,12.29,7.48
2018-09-04,5.23,20.98,10.12,9.28
2018-09-05,0.72,21.28,9.78,15.58
2018-09-06,0.01,26.85,9.52,23.18
2018-09-07,0.0,30.22,10.24,23.4
2018-09-08,0.01,30.17,11.66,23.23
2018-09-09,0.0,29.53,12.48,22.24
2018-09-10,0.0,28.17,12.9,22.73
2018-09-11,0.0,27.17,12.7,21.45
2018-09-12,0.01,28.04,13.53,19.88
2018-09-13,6.78,29.16,13.33,20.44
2018-09-14,6.29,28.58,14.6,2.7
2018-09-15,10.47,25.68,15.07,10.28
2018-09-16,0.58,26.4,12.87,19.39
2018-09-17,6.09,19.54,13.55,6.06
2018-09-18,2.46,25.98,17.35,13.22
2018-09-19,6.33,28.06,16.61,19.94
2018-09-20,7.94,25.1,18.01,8.5
2018-09-21,1.28,28.17,17.25,19.71
2018-09-22,0.0,31.53,15.13,24.79
2018-09-23,0.01,32.75,13.36,25.49
2018-09-24,0.02,34.04,14.67,25.82
2018-09-25,0.02,33.8,14.04,22.04
2018-09-26,0.06,32.28,17.97,15.76
2018-09-27,6.19,28.86,19.9,8.19
2018-09-28,0.68,29.75,18.26,13.11
2018-09-29,0.06,28.64,18.46,19.51
2018-09-30,8.8,25.36,19.13,12.46
2018-10-01,2.5,27.87,18.95,16.92
2018-10-02,0.43,32.7,17.4,21.14
2018-10-03,3.8,31.29,19.37,18.06
2018-10-04,1.72,28.71,17.15,19.82
2018-10-05,0.19,26.79,14.35,15.23
2018-10-06,2.16,24.95,14.09,7.23
2018-10-07,5.89,27.74,14.91,9.3
2018-10-08,15.04,24.32,17.7,7.16
2018-10-09,22.87,28.84,19.09,18.58
2018-10-10,5.23,28.87,19.68,17.69
2018-10-11,7.3,25.18,17.01,7.86
2018-10-12,0.53,28.33,16.79,20.45
2018-10-13,3.62,28.17,19.26,16.22
2018-10-14,3.87,26.61,16.39,14.46
2018-10-15,12.52,26.53,16.05,13.07
2018-10-16,1.76,28.54,15.99,19.01
2018-10-17,19.56,29.88,18.37,17.45
2018-10-18,7.67,26.45,20.56,20.89
2018-10-19,5.03,24.43,15.61,12.99
2018-10-20,0.11,22.9,13.57,26.91
2018-10-21,0.0,24.75,13.23,25.42
2018-10-22,0.0,28.78,12.72,26.7
2018-10-23,1.09,30.21,15.75,23.56
2018-10-24,11.71,23.67,16.81,6.64
2018-10-25,6.76,24.85,16.61,7.05
2018-10-26,1.2,27.72,17.23,12.88
2018-10-27,4.87,27.29,18.43,16.18
2018-10-28,1.51,23.44,13.22,23.07
2018-10-29,0.03,26.45,12.2,22.23
2018-10-30,0.0,30.13,13.07,28.59
2018-10-31,1.46,31.41,15.53,22.3
2018-11-01,1.19,27.59,18.67,16.9
2018-11-02,0.13,30.14,16.96,23.99
2018-11-03,4.76,32.59,17.39,22.03
2018-11-04,0.67,24.38,16.01,18.85
2018-11-05,0.02,27.56,14.71,15.26
2018-11-06,0.19,27.08,16.03,16.27
2018-11-07,0.81,22.62,16.39,19.26
2018-11-08,1.28,22.93,15.76,13.1
2018-11-09,0.83,27.25,15.39,14.49
2018-11-10,2.97,29.82,16.65,13.92
2018-11-11,1.32,31.2,17.58,23.05
2018-11-12,0.24,32.86,17.1,26.76
2018-11-13,0.2,33.7,18.04,26.57
2018-11-14,1.38,32.76,20.85,21.61
2018-11-15,1.86,32.14,19.31,20.69
2018-11-16,0.29,32.65,16.55,24.15
2018-11-17,1.64,31.42,15.98,23.18
2018-11-18,13.47,30.15,19.89,11.82
2018-11-19,29.43,21.58,14.46,10.12
2018-11-20,0.36,24.09,13.63,16.78
2018-11-21,0.16,26.83,14.21,16.49
2018-11-22,0.96,27.35,16.24,22.41
2018-11-23,23.17,28.87,18.13,20.46
2018-11-24,13.65,24.57,19.14,11.33
2018-11-25,14.27,24.33,17.46,18.21
2018-11-26,0.7,24.9,15.22,25.76
2018-11-27,0.17,27.43,14.94,26.4
2018-11-28,0.93,28.24,16.5,25.98
2018-11-29,0.49,28.9,18.02,22.06
2018-11-30,25.7,28.89,19.33,22.89
2018-12-01,30.96,27.26,20.38,15.09
2018-12-02,1.66,26.93,17.59,23.26
2018-12-03,0.18,26.8,16.31,21.72
2018-12-04,0.01,28.41,15.1,27.72
2018-12-05,0.73,29.81,18.13,28.33
2018-12-06,0.17,29.79,14.97,28.82
2018-12-07,1.08,27.66,16.26,21.86
2018-12-08,0.45,23.73,12.99,22.15
2018-12-09,0.01,28.52,11.0,31.3
2018-12-10,0.0,29.96,14.27,29.36
2018-12-11,0.01,31.23,17.01,29.49
2018-12-12,0.34,33.48,18.12,30.54
2018-12-13,1.33,33.57,19.01,28.26
2018-12-14,0.95,31.36,21.3,30.07
2018-12-15,4.82,33.35,20.38,28.67
2018-12-16,3.85,33.9,20.17,28.33
2018-12-17,9.09,30.65,21.34,28.96
2018-12-18,10.06,31.03,21.77,25.09
2018-12-19,5.62,27.95,20.44,21.24
2018-12-20,2.5,29.72,20.58,27.47
2018-12-21,4.18,30.96,21.86,22.17
2018-12-22,11.26,28.98,21.55,24.77
2018-12-23,8.73,26.46,20.88,18.49
2018-12-24,14.02,27.27,19.04,13.3
2018-12-25,0.66,27.12,18.13,17.72
2018-12-26,0.61,27.95,17.5,24.43
2018-12-27,0.32,29.21,17.19,26.64
2018-12-28,1.81,30.03,18.7,26.35
2018-12-29,0.25,31.62,18.65,28.69
2018-12-30,0.02,32.54,18.53,30.0
2018-12-31,0.01,33.73,18.66,30.49
2019-01-01,2.94,32.7,19.37,24.55
2019-01-02,2.83,31.7,20.36,21.5
2019-01-03,8.45,31.86,21.23,22.99
2019-01-04,20.63,26.63,22.55,17.42
2019-01-05,32.19,26.95,19.52,9.82
2019-01-06,4.42,27.6,20.32,17.5
2019-01-07,1.57,30.24,19.73,29.49
2019-01-08,3.7,29.6,20.94,23.47
2019-01-09,1.01,31.0,20.98,27.96
2019-01-10,2.56,30.19,19.57,28.48
2019-01-11,8.0,27.67,20.04,25.09
2019-01-12,2.91,28.68,20.31,28.44
2019-01-13,0.19,29.38,19.72,24.41
2019-01-14,0.61,29.61,20.78,23.44
2019-01-15,2.24,30.08,22.03,23.58
2019-01-16,7.24,27.91,21.58,20.69
2019-01-17,2.22,29.32,19.55,23.06
2019-01-18,5.38,30.9,20.83,25.15
2019-01-19,3.39,29.96,20.84,28.36
2019-01-20,9.06,30.02,21.03,24.03
2019-01-21,1.98,31.71,20.98,28.33
2019-01-22,1.53,31.1,20.88,24.64
2019-01-23,7.8,31.03,21.14,24.29
2019-01-24,7.6,28.48,20.45,23.22
2019-01-25,29.58,29.6,18.68,16.32
2019-01-26,6.42,25.24,17.12,27.68
2019-01-27,1.7,29.11,17.98,24.84
2019-01-28,0.01,31.14,19.39,30.04
2019-01-29,0.84,32.32,19.72,28.91
2019-01-30,5.08,31.98,19.97,28.38
2019-01-31,0.02,34.22,20.27,28.74
2019-02-01,0.02,34.11,18.55,29.65
2019-02-02,0.09,34.6,18.14,29.89
2019-02-03,6.66,32.02,20.01,24.07
2019-02-04,5.76,25.4,17.96,12.75
2019-02-05,4.24,27.6,17.47,14.89
2019-02-06,24.12,26.15,17.26,8.67
2019-02-07,0.6,28.35,16.37,24.7
2019-02-08,0.01,30.13,16.67,29.07
2019-02-09,0.01,31.58,17.4,29.53
2019-02-10,0.0,32.52,17.27,25.8
2019-02-11,10.24,29.96,21.12,21.13
2019-02-12,19.36,28.54,21.32,15.99
2019-02-13,2.77,25.91,16.79,11.66
2019-02-14,0.22,26.04,15.54,14.72
2019-02-15,37.56,26.86,15.98,7.68
2019-02-16,19.52,25.18,19.63,11.92
2019-02-17,2.12,27.7,18.08,14.33
2019-02-18,2.62,25.46,19.38,17.86
2019-02-19,0.96,28.7,18.85,24.29
2019-02-20,7.62,27.65,18.63,18.56
2019-02-21,8.22,27.09,19.94,17.2
2019-02-22,6.04,27.65,20.7,18.93
2019-02-23,1.67,28.27,19.06,24.21
2019-02-24,1.41,28.88,20.75,25.93
2019-02-25,29.28,28.37,20.51,18.59
2019-02-26,18.16,26.54,20.1,9.78
2019-02-27,12.56,26.11,18.76,12.28
2019-02-28,15.58,23.55,19.8,7.07
2019-03-01,4.58,25.72,19.38,9.61
2019-03-02,21.28,27.11,19.75,15.81
2019-03-03,9.38,27.08,20.06,19.99
2019-03-04,2.68,27.21,18.1,20.36
2019-03-05,3.04,27.89,18.94,21.89
2019-03-06,4.21,28.67,18.32,24.25
2019-03-07,4.58,26.73,19.74,16.36
2019-03-08,0.29,28.64,19.53,22.61
2019-03-09,3.59,28.16,21.53,22.81
2019-03-10,17.77,26.05,19.68,18.86
2019-03-11,5.12,27.29,18.79,14.04
2019-03-12,1.87,26.64,19.14,22.81
2019-03-13,4.11,27.47,19.61,19.44
2019-03-14,12.54,26.59,20.32,18.96
2019-03-15,6.8,26.72,20.47,15.62
2019-03-16,9.81,27.49,19.92,16.75
2019-03-17,4.44,28.11,20.08,16.8
2019-03-18,4.1,28.91,20.88,17.07
2019-03-19,7.73,28.69,20.77,19.69
2019-03-20,3.06,26.44,19.3,18.19
2019-03-21,2.93,22.1,17.41,8.1
2019-03-22,0.45,24.59,16.54,14.14
2019-03-23,0.01,26.96,15.35,23.43
2019-03-24,0.04,28.0,16.38,23.11
2019-03-25,0.03,28.68,16.69,23.31
2019-03-26,0.44,28.96,17.84,21.51
2019-03-27,0.83,27.79,18.14,18.82
2019-03-28,1.5,27.08,17.54,17.82
2019-03-29,0.73,26.15,17.21,20.09
2019-03-30,0.02,26.4,15.62,21.3
2019-03-31,0.0,27.4,16.0,22.86
2019-04-01,0.0,26.29,16.21,22.52
2019-04-02,0.0,27.2,14.59,22.83
2019-04-03,0.01,28.78,16.2,20.53
2019-04-04,0.0,29.86,17.5,21.39
2019-04-05,0.95,29.53,20.79,17.74
2019-04-06,20.7,28.72,20.46,14.92
2019-04-07,15.57,26.55,20.15,10.95
2019-04-08,33.51,24.71,17.48,4.72
2019-04-09,3.69,24.22,16.22,11.42
2019-04-10,0.88,24.86,15.16,17.35
2019-04-11,0.01,26.46,16.03,19.72
2019-04-12,0.01,27.5,16.79,19.08
2019-04-13,0.34,27.71,17.53,16.56
2019-04-14,3.61,24.27,17.93,9.26
2019-04-15,0.39,27.53,16.71,17.11
2019-04-16,6.24,27.18,17.57,14.33
2019-04-17,0.54,26.65,17.22,18.55
2019-04-18,0.14,25.72,14.78,21.26
2019-04-19,0.02,25.97,14.14,21.97
2019-04-20,0.04,26.83,14.0,20.61
2019-04-21,0.07,27.85,15.92,18.42
2019-04-22,0.08,27.7,17.55,13.51
2019-04-23,2.42,27.56,18.41,11.97
2019-04-24,0.72,27.58,18.55,16.68
2019-04-25,4.54,28.23,18.81,15.34
2019-04-26,1.88,27.08,19.1,11.55
2019-04-27,0.11,27.9,19.1,17.25
2019-04-28,18.94,27.82,17.81,14.61
2019-04-29,3.86,24.81,13.84,15.62
2019-04-30,0.03,25.29,15.16,17.96
2019-05-01,0.01,25.02,15.26,16.21
2019-05-02,0.02,26.85,16.22,13.11
2019-05-03,0.01,27.75,17.54,15.89
2019-05-04,0.02,28.62,18.67,14.04
2019-05-05,1.0,26.67,17.45,16.43
2019-05-06,1.02,27.1,17.79,15.82
2019-05-07,2.99,25.07,17.36,9.93
2019-05-08,0.66,24.63,16.15,12.6
2019-05-09,0.14,24.82,15.9,12.76
2019-05-10,0.01,26.8,16.28,13.96
2019-05-11,0.2,27.61,18.32,9.54
2019-05-12,0.87,27.2,18.93,11.88
2019-05-13,0.26,26.63,18.83,14.77
2019-05-14,1.32,26.52,15.42,11.63
2019-05-15,3.88,23.8,15.54,12.38
2019-05-16,3.24,21.72,16.58,9.47
2019-05-17,10.14,21.94,16.31,6.13
2019-05-18,11.6,21.74,16.27,7.8
2019-05-19,0.29,23.28,15.27,9.69
2019-05-20,0.32,23.67,14.0,11.34
2019-05-21,0.01,24.84,12.34,15.11
2019-05-22,0.03,24.68,12.28,16.71
2019-05-23,0.04,25.01,13.63,12.85
2019-05-24,2.27,21.41,13.8,4.78
2019-05-25,0.01,20.24,8.98,13.53
2019-05-26,0.03,23.03,10.85,16.48
2019-05-27,0.03,24.81,10.57,16.57
2019-05-28,0.23,26.64,11.4,14.89
2019-05-29,13.44,24.97,15.72,11.73
2019-05-30,2.18,26.68,16.11,10.48
2019-05-31,1.28,27.06,16.02,10.87
2019-06-01,10.5,24.75,16.67,7.82
2019-06-02,14.78,22.19,17.47,2.56
2019-06-03,7.4,20.81,13.77,6.56
2019-06-04,0.05,18.54,10.77,14.75
2019-06-05,0.07,20.16,9.93,11.63
2019-06-06,0.02,21.53,11.06,13.78
2019-06-07,0.0,22.37,9.33,16.09
2019-06-08,0.02,22.03,11.43,13.1
2019-06-09,0.01,22.12,9.13,15.63
2019-06-10,0.01,23.3,11.36,15.67
2019-06-11,0.02,23.67,11.11,15.16
2019-06-12,0.01,24.53,11.63,14.45
2019-06-13,0.0,25.38,13.01,14.77
2019-06-14,0.02,26.09,13.73,14.96
2019-06-15,0.0,25.85,13.69,14.62
2019-06-16,0.0,25.48,14.27,14.48
2019-06-17,0.4,24.38,13.09,12.21
2019-06-18,0.06,23.96,13.58,10.92
2019-06-19,0.0,24.75,12.45,13.71
2019-06-20,0.01,24.47,15.05,13.16
2019-06-21,0.02,23.63,13.08,14.44
2019-06-22,0.02,24.47,13.13,14.34
2019-06-23,0.0,24.4,12.69,15.56
2019-06-24,0.0,24.86,11.35,15.76
2019-06-25,0.01,25.85,10.76,14.34
2019-06-26,0.43,26.71,13.12,14.45
2019-06-27,1.13,24.56,15.35,13.19
2019-06-28,0.01,26.96,15.74,13.04
2019-06-29,0.0,27.0,14.26,15.51
2019-06-30,0.01,27.06,12.83,15.38
2019-07-01,0.03,26.93,12.31,13.86
2019-07-02,0.13,26.49,15.39,12.38
2019-07-03,1.34,27.05,13.58,11.52
2019-07-04,61.47,18.15,13.67,2.65
2019-07-05,13.39,15.44,8.61,3.88
2019-07-06,0.01,14.44,3.48,16.45
2019-07-07,0.15,15.1,2.66,15.81
2019-07-08,0.04,19.31,5.47,16.52
2019-07-09,0.15,21.06,7.51,16.27
2019-07-10,0.37,21.04,8.25,16.42
2019-07-11,0.03,21.75,7.15,16.44
2019-07-12,0.03,22.63,8.89,16.82
2019-07-13,0.02,24.65,10.73,16.16
2019-07-14,0.02,25.16,12.58,15.9
2019-07-15,2.35,25.12,12.32,12.75
2019-07-16,2.58,18.61,5.96,10.81
2019-07-17,0.61,17.19,6.76,10.6
2019-07-18,0.33,20.06,9.24,16.29
2019-07-19,0.02,21.48,10.29,14.48
2019-07-20,0.0,22.74,10.05,15.65
2019-07-21,0.0,23.1,9.88,15.11
2019-07-22,0.0,24.13,12.49,15.23
2019-07-23,0.0,25.07,11.75,16.96
2019-07-24,0.0,25.49,10.89,17.13
2019-07-25,0.0,25.88,13.25,12.71
2019-07-26,0.03,26.11,13.94,15.86
2019-07-27,0.03,26.48,12.85,15.74
2019-07-28,0.31,23.26,14.1,15.24
2019-07-29,0.08,25.18,13.03,16.46
2019-07-30,4.35,25.35,12.63,15.46
2019-07-31,0.1,24.9,13.08,16.92
2019-08-01,0.02,26.69,10.9,18.02
2019-08-02,0.44,28.08,12.11,14.34
2019-08-03,2.24,14.48,9.08,6.49
2019-08-04,0.54,13.36,9.53,5.06
2019-08-05,0.67,20.34,9.41,11.93
2019-08-06,0.04,24.98,10.87,16.79
2019-08-07,0.0,25.89,12.74,17.14
2019-08-08,0.0,27.27,14.06,17.84
2019-08-09,0.0,28.12,13.6,18.74
2019-08-10,0.0,29.12,13.57,18.8
2019-08-11,0.1,28.12,14.19,16.28
2019-08-12,0.0,30.02,14.28,18.63
2019-08-13,0.06,25.0,12.18,13.52
2019-08-14,0.1,15.87,9.16,8.1
2019-08-15,0.01,23.43,8.33,19.3
2019-08-16,0.0,25.28,9.69,19.94
2019-08-17,0.0,27.27,10.22,19.8
2019-08-18,0.06,29.59,12.13,16.28
2019-08-19,2.89,21.34,13.35,6.1
2019-08-20,1.43,18.66,12.23,11.27
2019-08-21,0.43,23.85,11.63,14.72
2019-08-22,0.64,21.16,11.18,16.64
2019-08-23,0.53,22.91,10.65,17.87
2019-08-24,0.13,22.48,10.29,16.79
2019-08-25,0.04,24.05,10.78,20.71
2019-08-26,0.02,27.7,10.81,18.82
2019-08-27,0.01,28.41,12.48,18.96
2019-08-28,0.0,26.85,13.93,18.53
2019-08-29,0.01,28.54,12.52,19.9
2019-08-30,0.0,30.04,13.05,21.41
2019-08-31,0.05,32.75,17.98,17.52
2019-09-01,23.66,26.38,15.06,4.21
2019-09-02,12.83,23.72,13.33,9.34
2019-09-03,3.4,27.61,14.32,10.41
2019-09-04,0.86,25.5,14.62,15.42
2019-09-05,3.29,17.39,12.54,10.29
2019-09-06,3.89,24.11,12.52,12.52
2019-09-07,0.19,30.37,13.2,20.42
2019-09-08,0.01,32.15,17.32,20.88
2019-09-09,0.0,32.36,17.37,22.26
2019-09-10,0.0,33.12,16.23,22.26
2019-09-11,0.0,34.91,18.23,20.67
2019-09-12,0.0,35.65,20.62,21.18
2019-09-13,0.25,28.83,15.72,16.78
2019-09-14,0.17,30.61,15.56,19.15
2019-09-15,0.11,34.32,16.26,21.53
2019-09-16,0.01,34.96,17.82,22.13
2019-09-17,0.29,36.17,19.09,22.58
2019-09-18,0.55,36.29,17.6,21.64
2019-09-19,4.0,31.64,16.23,12.67
2019-09-20,3.17,30.62,17.29,6.84
2019-09-21,0.94,26.59,15.32,13.19
2019-09-22,0.76,22.16,13.62,12.18
2019-09-23,0.04,22.53,11.8,17.05
2019-09-24,0.47,25.44,11.94,17.37
2019-09-25,2.31,26.22,14.28,6.88
2019-09-26,2.83,26.64,15.04,8.54
2019-09-27,0.11,26.01,13.39,18.48
2019-09-28,0.06,25.86,12.73,19.43
2019-09-29,0.01,28.9,10.98,25.47
2019-09-30,0.0,30.76,12.41,26.54
2019-10-01,0.0,33.39,13.25,26.4
2019-10-02,0.0,36.01,15.46,25.93
2019-10-03,0.0,32.8,16.35,25.63
2019-10-04,0.0,33.64,14.6,26.43
2019-10-05,0.06,34.9,15.16,26.06
2019-10-06,1.79,30.98,16.75,20.45
2019-10-07,3.59,24.04,16.03,13.08
2019-10-08,3.68,25.42,16.32,8.78
2019-10-09,2.24,29.4,15.92,17.99
2019-10-10,0.06,31.39,14.36,24.36
2019-10-11,0.03,33.61,16.98,25.4
2019-10-12,0.01,35.1,18.05,25.59
2019-10-13,0.62,36.2,19.35,25.72
2019-10-14,0.08,35.75,19.92,26.25
2019-10-15,0.6,30.6,17.75,16.05
2019-10-16,0.15,30.76,17.43,22.8
2019-10-17,0.5,34.32,17.45,22.56
2019-10-18,7.05,30.83,19.26,23.14
2019-10-19,1.5,31.44,17.31,21.45
2019-10-20,0.06,28.01,14.35,21.1
2019-10-21,0.4,22.45,13.48,10.87
2019-10-22,1.67,29.22,16.19,18.46
2019-10-23,0.17,29.19,15.81,24.07
2019-10-24,0.07,32.48,15.56,23.29
2019-10-25,0.01,34.43,16.48,25.31
2019-10-26,0.01,34.21,17.47,26.72
2019-10-27,0.76,36.29,17.75,27.41
2019-10-28,4.3,32.04,21.92,25.09
2019-10-29,0.63,32.69,19.88,19.97
2019-10-30,0.97,36.19,20.3,27.12
2019-10-31,0.14,36.07,18.95,21.96
2019-11-01,0.07,33.52,17.93,24.86
2019-11-02,0.01,35.22,18.72,26.96
2019-11-03,0.03,36.82,18.56,26.27
2019-11-04,1.81,34.18,21.2,25.58
2019-11-05,14.15,36.47,22.15,20.37
2019-11-06,18.91,27.17,17.18,16.11
2019-11-07,0.36,29.43,16.48,13.36
2019-11-08,7.58,28.0,18.41,10.38
2019-11-09,0.5,27.51,18.89,18.19
2019-11-10,2.34,25.59,19.61,8.01
2019-11-11,4.58,27.22,18.09,15.23
2019-11-12,0.07,28.15,17.55,20.54
2019-11-13,37.31,28.27,17.1,21.97
2019-11-14,9.6,26.88,18.49,13.86
2019-11-15,12.52,26.28,16.02,16.42
2019-11-16,1.61,25.99,14.11,25.51
2019-11-17,0.01,27.6,12.83,29.27
2019-11-18,0.05,29.79,13.45,20.34
2019-11-19,0.13,30.27,16.3,20.79
2019-11-20,2.04,29.99,17.46,24.67
2019-11-21,1.28,31.67,17.31,27.8
2019-11-22,1.48,32.97,18.16,24.51
2019-11-23,6.49,32.1,18.75,21.77
2019-11-24,0.8,24.83,13.5,16.58
2019-11-25,0.0,29.81,12.26,23.42
2019-11-26,1.39,32.91,14.0,26.09
2019-11-27,26.03,26.36,19.05,6.69
2019-11-28,11.53,22.06,15.07,10.42
2019-11-29,0.05,28.67,13.29,27.35
2019-11-30,8.08,30.71,15.89,25.28
2019-12-01,0.35,32.26,17.51,20.09
2019-12-02,2.03,26.78,14.85,18.65
2019-12-03,0.0,29.15,13.52,26.39
2019-12-04,1.85,30.75,16.4,20.58
2019-12-05,3.77,29.58,20.88,12.25
2019-12-06,14.11,28.53,17.13,13.68
2019-12-07,0.06,29.43,15.22,29.97
2019-12-08,0.0,31.33,13.06,31.13
2019-12-09,3.03,29.22,16.33,13.78
2019-12-10,18.78,28.79,18.46,9.71
2019-12-11,16.75,26.0,19.36,11.86
2019-12-12,0.47,28.1,19.12,20.34
2019-12-13,5.97,29.23,19.39,20.98
2019-12-14,7.13,28.31,18.92,20.52
2019-12-15,5.18,28.46,19.33,16.24
2019-12-16,0.86,30.05,19.91,22.34
2019-12-17,10.1,28.06,21.03,14.03
2019-12-18,4.98,24.35,18.28,13.97
2019-12-19,0.8,27.42,17.72,18.63
2019-12-20,1.07,27.16,17.87,17.67
2019-12-21,0.71,28.63,19.61,22.58
2019-12-22,4.19,26.49,20.43,15.02
2019-12-23,26.62,27.96,18.73,20.07
2019-12-24,3.61,28.06,17.69,27.06
2019-12-25,0.01,30.36,17.12,30.75
2019-12-26,0.01,31.0,17.94,31.0
2019-12-27,0.02,31.41,18.11,27.87
2019-12-28,0.15,32.71,18.46,27.56
2019-12-29,0.08,32.92,18.7,26.83
2019-12-30,0.67,32.07,18.57,27.95
2019-12-31,1.08,33.96,19.12,28.64
2020-01-01,7.03,30.1,20.86,24.34
2020-01-02,13.92,26.47,20.91,14.15
2020-01-03,6.42,23.65,18.66,19.08
2020-01-04,5.1,27.16,18.39,17.53
2020-01-05,8.83,28.28,17.27,13.87
2020-01-06,4.11,30.48,19.45,25.61
2020-01-07,7.96,31.93,18.95,26.11
2020-01-08,25.83,27.85,21.7,18.45
2020-01-09,13.73,27.61,21.31,15.99
2020-01-10,2.97,29.69,21.06,19.29
2020-01-11,0.33,28.63,21.61,17.43
2020-01-12,19.76,27.58,20.47,15.61
2020-01-13,5.79,27.14,18.82,15.66
2020-01-14,0.26,28.22,17.37,21.31
2020-01-15,0.02,30.93,18.59,26.94
2020-01-16,21.32,31.36,21.21,21.6
2020-01-17,3.28,25.08,17.0,15.07
2020-01-18,0.28,26.78,16.36,20.33
2020-01-19,0.19,28.45,17.76,19.18
2020-01-20,0.03,29.2,18.23,21.24
2020-01-21,0.0,28.86,16.48,26.67
2020-01-22,0.96,26.83,17.31,10.93
2020-01-23,5.91,23.36,17.83,6.57
2020-01-24,1.46,27.27,17.26,18.71
2020-01-25,0.21,27.92,15.95,28.52
2020-01-26,0.0,30.06,14.42,30.61
2020-01-27,0.0,32.74,14.02,30.49
2020-01-28,2.44,33.01,17.5,26.77
2020-01-29,4.14,32.65,19.29,23.6
2020-01-30,5.94,29.96,21.53,16.53
2020-01-31,6.75,28.58,21.33,17.18
2020-02-01,9.39,28.0,21.46,12.02
2020-02-02,32.55,26.04,19.71,10.68
2020-02-03,30.26,24.92,19.14,12.41
2020-02-04,7.39,26.23,18.95,15.85
2020-02-05,5.55,27.74,18.91,16.63
2020-02-06,4.63,28.29,19.49,18.61
2020-02-07,3.0,26.37,19.35,16.3
2020-02-08,3.05,28.6,19.75,24.26
2020-02-09,15.27,28.46,19.77,20.16
2020-02-10,81.9,23.65,17.48,9.01
2020-02-11,2.94,25.24,16.84,14.31
2020-02-12,0.59,24.48,16.39,13.56
2020-02-13,0.54,26.62,16.01,22.17
2020-02-14,0.47,28.17,16.27,24.94
2020-02-15,0.15,29.46,16.91,25.56
2020-02-16,0.48,30.86,17.94,26.36
2020-02-17,1.66,29.27,19.21,24.9
2020-02-18,2.04,29.63,19.98,24.32
2020-02-19,4.04,29.92,19.63,16.51
2020-02-20,17.9,27.14,21.33,19.64
2020-02-21,29.49,28.27,19.86,14.93
2020-02-22,1.75,24.67,15.62,12.5
2020-02-23,0.07,25.29,14.23,20.42
2020-02-24,10.11,28.08,15.93,16.3
2020-02-25,18.59,29.08,19.53,14.42
2020-02-26,26.22,28.08,19.29,9.16
2020-02-27,6.84,24.1,15.73,13.88
2020-02-28,2.28,24.66,14.76,11.38
2020-02-29,3.8,25.86,17.06,14.97
2020-03-01,3.85,24.27,16.94,16.09
2020-03-02,7.29,24.28,17.43,19.29
2020-03-03,3.51,26.36,16.94,16.87
2020-03-04,0.55,26.37,16.7,23.8
2020-03-05,0.58,25.73,15.31,25.11
2020-03-06,0.13,25.43,13.66,25.98
2020-03-07,0.03,26.47,14.04,24.74
2020-03-08,23.3,26.05,14.61,21.58
2020-03-09,2.39,27.21,16.1,24.92
2020-03-10,0.05,28.33,16.04,24.55
2020-03-11,0.01,28.35,16.21,25.01
2020-03-12,0.02,28.55,16.68,25.07
2020-03-13,0.31,28.65,16.26,25.0
2020-03-14,0.18,29.08,18.48,23.97
2020-03-15,2.49,29.54,18.22,23.33
2020-03-16,13.96,28.91,19.32,23.06
2020-03-17,8.98,28.39,19.62,21.57
2020-03-18,4.22,29.53,18.01,22.62
2020-03-19,15.13,28.37,20.49,15.79
2020-03-20,12.28,26.62,20.85,14.41
2020-03-21,2.43,25.31,16.84,14.76
2020-03-22,0.49,25.23,14.95,24.4
2020-03-23,0.69,25.06,14.5,24.48
2020-03-24,0.07,25.23,14.23,24.1
2020-03-25,0.02,25.4,13.77,23.54
2020-03-26,0.01,25.38,13.07,23.73
2020-03-27,0.04,25.9,15.08,22.55
2020-03-28,0.71,25.92,16.51,20.2
2020-03-29,22.83,27.25,17.1,13.4
2020-03-30,0.46,27.08,17.57,19.77
2020-03-31,0.08,27.88,16.79,22.17
2020-04-01,0.14,26.8,16.92,21.99
2020-04-02,0.85,28.84,17.34,20.29
2020-04-03,6.81,28.12,13.28,14.73
2020-04-04,0.2,24.93,12.21,23.32
2020-04-05,0.05,26.29,14.03,23.14
2020-04-06,0.03,27.9,14.78,21.74
2020-04-07,5.73,22.83,17.22,10.12
2020-04-08,1.27,22.78,14.32,13.47
2020-04-09,0.24,23.22,12.13,22.54
2020-04-10,0.12,23.88,12.09,21.78
2020-04-11,0.08,24.03,13.85,17.02
2020-04-12,0.02,24.37,13.02,21.46
2020-04-13,0.09,25.39,13.07,21.56
2020-04-14,0.84,23.79,13.96,8.4
2020-04-15,0.6,23.16,15.13,16.15
2020-04-16,0.12,25.21,11.5,20.65
2020-04-17,0.09,23.68,12.41,20.84
2020-04-18,0.78,23.71,13.46,17.61
2020-04-19,0.39,24.88,14.78,18.99
2020-04-20,0.05,25.13,14.4,19.33
2020-04-21,0.04,25.3,13.52,20.38
2020-04-22,0.21,25.23,13.12,20.41
2020-04-23,0.65,25.11,13.11,19.46
2020-04-24,0.24,26.72,14.36,17.44
2020-04-25,0.19,27.68,14.7,19.14
2020-04-26,0.29,27.29,14.37,19.93
2020-04-27,0.76,25.09,14.42,19.13
2020-04-28,0.28,25.57,13.73,18.8
2020-04-29,0.03,26.13,12.93,19.27
2020-04-30,0.33,26.95,13.73,15.95
2020-05-01,0.56,27.3,14.48,17.0
2020-05-02,0.57,26.81,15.01,13.91
2020-05-03,0.15,22.9,12.5,18.46
2020-05-04,0.05,23.59,11.49,18.74
2020-05-05,0.07,25.53,10.72,17.52
2020-05-06,8.37,27.47,14.35,10.05
2020-05-07,2.53,19.29,11.47,9.26
2020-05-08,0.76,21.38,11.15,15.59
2020-05-09,0.16,23.9,10.94,18.99
2020-05-10,0.07,24.32,9.95,18.61
2020-05-11,0.39,25.18,10.28,18.56
2020-05-12,0.51,26.36,10.22,16.38
2020-05-13,1.72,25.14,11.71,8.63
2020-05-14,3.79,21.57,14.76,8.14
2020-05-15,2.23,20.82,12.84,9.38
2020-05-16,0.14,24.04,11.67,15.69
2020-05-17,0.18,24.62,11.26,18.07
2020-05-18,0.23,25.22,8.55,17.93
2020-05-19,0.01,25.21,12.24,16.85
2020-05-20,0.04,25.69,14.23,15.52
2020-05-21,0.24,25.75,13.22,15.77
2020-05-22,0.11,27.2,13.61,11.49
2020-05-23,9.3,21.31,11.61,4.55
2020-05-24,0.01,18.0,8.76,8.54
2020-05-25,0.01,19.84,7.31,14.95
2020-05-26,0.01,20.1,5.5,17.54
2020-05-27,0.0,21.75,5.99,16.28
2020-05-28,0.33,21.86,7.47,17.09
2020-05-29,0.19,23.84,7.37,17.35
2020-05-30,0.87,24.34,7.76,17.11
2020-05-31,0.14,24.01,8.47,16.7
2020-06-01,1.02,25.68,9.18,15.57
2020-06-02,9.89,18.65,14.1,3.87
2020-06-03,6.92,20.29,13.73,8.58
2020-06-04,5.42,23.51,13.76,9.93
2020-06-05,4.7,22.74,15.75,8.55
2020-06-06,11.85,23.99,15.97,8.13
2020-06-07,7.68,23.62,12.88,14.69
2020-06-08,1.07,25.66,13.59,12.62
2020-06-09,6.09,26.54,15.84,9.71
2020-06-10,0.59,26.78,17.22,8.75
2020-06-11,0.2,27.35,15.27,14.25
2020-06-12,0.21,26.81,15.43,14.12
2020-06-13,0.45,27.23,14.96,15.37
2020-06-14,1.53,20.03,13.31,9.31
2020-06-15,0.61,23.04,12.84,12.97
2020-06-16,0.16,23.87,13.3,14.18
2020-06-17,0.15,24.18,13.65,14.04
2020-06-18,0.19,24.14,11.71,14.64
2020-06-19,0.33,25.22,12.41,15.77
2020-06-20,0.21,26.15,10.8,16.1
2020-06-21,0.18,26.94,13.23,14.44
2020-06-22,0.06,26.36,11.88,14.93
2020-06-23,0.15,24.96,13.52,13.93
2020-06-24,0.03,25.82,10.97,14.95
2020-06-25,0.31,26.31,12.71,12.95
2020-06-26,43.51,19.95,14.67,4.76
2020-06-27,25.21,16.35,11.14,3.93
2020-06-28,0.76,19.16,10.39,11.63
2020-06-29,0.27,20.91,11.83,12.49
2020-06-30,0.04,23.18,14.0,13.0
2020-07-01,5.51,19.44,8.83,13.72
2020-07-02,2.91,18.44,7.7,15.82
2020-07-03,0.36,18.75,8.67,14.53
2020-07-04,0.27,21.83,8.71,16.39
2020-07-05,0.15,24.55,10.25,13.39
2020-07-06,0.19,25.42,13.03,12.62
2020-07-07,0.05,26.13,14.31,15.09
2020-07-08,0.11,26.04,11.98,15.35
2020-07-09,1.07,22.43,10.4,15.58
2020-07-10,0.09,23.86,9.63,16.19
2020-07-11,0.0,26.05,12.59,15.31
2020-07-12,0.01,26.86,12.51,15.96
2020-07-13,0.33,26.94,14.21,14.7
2020-07-14,2.6,21.34,12.35,10.77
2020-07-15,1.12,20.8,11.38,12.71
2020-07-16,0.38,23.34,10.45,13.89
2020-07-17,0.31,25.63,11.98,12.62
2020-07-18,0.06,26.23,13.58,15.05
2020-07-19,0.04,24.46,11.33,16.45
2020-07-20,0.0,25.53,10.55,17.25
2020-07-21,0.01,26.01,10.64,17.12
2020-07-22,0.02,26.5,12.26,17.15
2020-07-23,0.93,26.21,12.25,16.81
2020-07-24,0.54,26.1,11.73,16.81
2020-07-25,0.81,27.37,11.07,17.58
2020-07-26,0.4,23.96,13.38,14.02
2020-07-27,0.16,26.67,12.75,17.16
2020-07-28,0.26,28.63,15.1,16.43
2020-07-29,6.63,19.25,11.49,8.69
2020-07-30,11.32,18.08,11.28,12.12
2020-07-31,0.67,22.65,12.01,15.95
2020-08-01,0.09,23.33,11.71,16.26
2020-08-02,0.02,24.05,11.08,17.53
2020-08-03,0.04,24.29,10.46,17.51
2020-08-04,0.06,24.5,11.06,18.24
2020-08-05,0.15,24.82,10.17,18.95
2020-08-06,0.02,24.93,9.48,19.01
2020-08-07,0.02,24.93,9.86,19.1
2020-08-08,0.07,26.19,10.73,17.75
2020-08-09,0.07,25.94,12.29,16.48
2020-08-10,0.0,27.19,11.13,18.73
2020-08-11,0.05,27.56,11.36,15.12
2020-08-12,0.08,28.81,12.72,18.16
2020-08-13,1.63,30.6,14.84,16.29
2020-08-14,1.06,27.79,15.24,12.67
2020-08-15,3.98,28.28,17.0,10.03
2020-08-16,21.41,20.57,16.0,4.71
2020-08-17,6.6,23.74,15.8,4.82
2020-08-18,10.4,23.36,16.17,3.7
2020-08-19,4.21,26.19,16.65,14.05
2020-08-20,9.45,17.36,12.32,2.68
2020-08-21,7.9,13.93,7.59,3.21
2020-08-22,1.73,14.63,7.29,10.72
2020-08-23,0.13,20.34,8.74,19.02
2020-08-24,0.01,21.8,9.12,21.02
2020-08-25,0.03,21.78,8.19,21.22
2020-08-26,0.05,23.94,9.03,22.27
2020-08-27,0.03,26.74,9.31,22.1
2020-08-28,0.03,28.79,10.88,22.01
2020-08-29,0.01,29.43,13.32,21.72
2020-08-30,0.03,30.67,13.75,21.66
2020-08-31,0.32,27.64,15.51,19.11
2020-09-01,0.29,26.62,15.5,17.01
2020-09-02,0.13,28.1,14.89,20.13
2020-09-03,0.07,30.08,14.75,22.01
2020-09-04,0.11,32.46,14.57,21.6
2020-09-05,0.09,31.55,15.52,21.77
2020-09-06,0.02,32.07,14.41,22.33
2020-09-07,0.12,31.58,15.65,20.4
2020-09-08,0.0,31.56,15.72,18.72
2020-09-09,0.0,32.43,15.99,18.54
2020-09-10,0.0,33.9,16.2,21.18
2020-09-11,0.02,33.23,18.31,19.85
2020-09-12,0.0,34.55,17.76,20.45
2020-09-13,0.0,34.16,18.5,21.66
2020-09-14,0.16,33.28,16.56,21.13
2020-09-15,0.52,27.17,14.68,16.77
2020-09-16,0.07,32.3,14.5,20.64
2020-09-17,0.05,34.41,17.41,20.54
2020-09-18,0.09,31.4,16.53,8.25
2020-09-19,0.05,33.35,18.72,16.05
2020-09-20,1.55,26.69,15.55,6.93
2020-09-21,2.05,23.88,13.86,8.32
2020-09-22,8.9,21.8,13.02,8.65
2020-09-23,0.57,26.62,13.5,16.93
2020-09-24,0.06,29.07,14.13,23.21
2020-09-25,0.02,31.6,14.63,24.26
2020-09-26,0.01,33.83,15.9,24.87
2020-09-27,0.91,36.5,17.13,23.37
2020-09-28,1.16,33.42,18.99,15.19
2020-09-29,0.67,31.75,18.56,20.72
2020-09-30,0.2,38.14,17.32,23.91
2020-10-01,0.06,38.07,20.46,23.47
2020-10-02,0.35,39.16,23.19,22.64
2020-10-03,0.65,29.1,17.83,17.11
2020-10-04,0.51,31.45,17.03,19.05
2020-10-05,0.05,36.84,17.46,23.7
2020-10-06,0.08,38.87,20.54,23.52
2020-10-07,0.14,39.04,19.03,20.7
2020-10-08,5.19,34.89,18.78,12.14
2020-10-09,16.15,28.89,16.51,2.56
2020-10-10,0.05,27.31,13.43,23.89
2020-10-11,0.05,28.02,12.41,27.91
2020-10-12,0.08,30.46,10.74,27.72
2020-10-13,0.08,33.91,14.96,24.95
2020-10-14,0.62,34.14,16.63,24.04
2020-10-15,4.68,27.75,15.58,6.28
2020-10-16,0.56,25.98,13.98,10.37
2020-10-17,0.03,27.53,11.93,22.75
2020-10-18,0.01,27.64,14.97,19.23
2020-10-19,4.65,29.89,17.19,17.84
2020-10-20,10.47,30.13,17.69,18.55
2020-10-21,1.31,30.01,18.05,22.2
2020-10-22,0.06,29.69,16.97,23.1
2020-10-23,0.33,31.26,16.5,26.45
2020-10-24,2.11,28.68,17.14,13.28
2020-10-25,2.41,29.83,17.6,20.35
2020-10-26,0.47,31.56,16.27,23.3
2020-10-27,0.04,33.04,17.51,24.74
2020-10-28,0.0,34.63,14.99,30.55
2020-10-29,3.99,34.85,15.79,22.34
2020-10-30,14.95,24.29,15.82,5.91
2020-10-31,2.54,24.28,14.07,13.9
2020-11-01,1.01,23.06,12.26,18.14
2020-11-02,0.07,24.91,11.22,22.51
2020-11-03,0.17,26.63,9.63,25.64
2020-11-04,4.42,26.77,11.16,26.64
2020-11-05,0.84,25.97,12.77,25.16
2020-11-06,0.04,27.44,12.37,28.44
2020-11-07,0.0,31.63,10.62,31.05
2020-11-08,0.0,34.32,12.5,29.95
2020-11-09,5.23,34.58,15.24,25.08
2020-11-10,4.87,27.99,17.64,18.11
2020-11-11,4.04,31.2,18.11,16.75
2020-11-12,2.95,29.17,18.34,19.92
2020-11-13,2.97,27.18,18.26,20.38
2020-11-14,0.72,30.57,18.48,27.14
2020-11-15,1.42,33.99,18.27,27.14
2020-11-16,4.6,33.83,20.45,23.92
2020-11-17,6.81,31.1,17.9,18.35
2020-11-18,10.59,24.44,16.05,12.17
2020-11-19,3.11,24.27,14.55,15.34
2020-11-20,0.38,27.19,13.74,23.67
2020-11-21,0.03,29.12,13.48,28.85
2020-11-22,0.01,29.69,13.62,28.53
2020-11-23,0.01,30.61,14.91,29.26
2020-11-24,0.09,32.77,16.27,28.02
2020-11-25,0.16,34.55,17.34,29.16
2020-11-26,2.78,33.94,19.44,28.52
2020-11-27,1.79,31.94,20.3,24.32
2020-11-28,1.93,30.31,19.36,24.7
2020-11-29,0.63,34.23,19.2,28.15
2020-11-30,7.71,34.68,20.65,20.0
2020-12-01,4.52,28.66,19.85,21.35
2020-12-02,0.82,31.74,19.59,21.09
2020-12-03,3.27,33.74,19.65,17.82
2020-12-04,1.05,31.67,20.95,23.23
2020-12-05,3.7,31.67,19.09,15.49
2020-12-06,5.49,28.01,18.25,13.29
2020-12-07,8.09,28.39,18.58,14.18
2020-12-08,6.72,30.52,17.9,21.43
2020-12-09,1.38,32.28,17.06,28.45
2020-12-10,0.11,31.48,17.1,28.18
2020-12-11,1.33,27.81,17.72,18.81
2020-12-12,1.76,30.93,17.83,16.54
2020-12-13,13.33,26.8,20.25,21.18
2020-12-14,1.84,30.88,20.38,25.72
2020-12-15,7.13,28.4,20.86,18.7
2020-12-16,2.56,32.0,20.55,25.2
2020-12-17,6.93,27.71,20.71,20.93
2020-12-18,5.39,30.26,20.05,25.12
2020-12-19,1.7,33.02,19.59,27.55
2020-12-20,2.48,33.1,21.67,26.12
2020-12-21,2.97,33.11,21.74,24.36
2020-12-22,7.5,28.83,18.29,15.46
2020-12-23,0.07,30.49,17.58,17.73
2020-12-24,0.08,30.51,17.33,23.86
2020-12-25,0.24,29.49,16.62,22.52
2020-12-26,1.7,28.84,16.38,22.83
2020-12-27,7.84,26.73,18.9,16.47
2020-12-28,7.02,30.45,18.56,16.84
2020-12-29,4.83,29.54,20.31,19.96
2020-12-30,1.71,32.46,20.13,27.0
2020-12-31,3.83,31.24,20.28,13.23
2021-01-01,12.66,28.86,20.01,17.01
2021-01-02,1.83,27.61,18.19,20.05
2021-01-03,0.27,29.65,17.02,24.66
2021-01-04,1.69,30.2,17.38,26.35
2021-01-05,0.75,32.99,18.35,23.67
2021-01-06,3.41,31.93,20.8,20.24
2021-01-07,4.79,30.64,21.3,23.36
2021-01-08,3.35,29.29,20.82,17.74
2021-01-09,4.41,29.72,20.66,17.07
2021-01-10,5.49,31.13,20.58,19.29
2021-01-11,1.35,31.52,20.64,22.55
2021-01-12,8.58,28.76,21.64,18.71
2021-01-13,8.4,31.04,20.7,21.01
2021-01-14,15.1,29.09,19.51,17.46
2021-01-15,6.03,27.85,19.32,15.79
2021-01-16,2.44,29.75,19.32,19.07
2021-01-17,3.92,28.45,20.49,15.88
2021-01-18,1.66,30.51,20.49,20.94
2021-01-19,2.47,27.46,20.85,15.96
2021-01-20,1.15,29.58,20.77,21.73
2021-01-21,0.02,31.01,19.57,24.42
2021-01-22,0.0,26.87,20.22,24.39
2021-01-23,3.58,29.51,19.94,21.7
2021-01-24,3.04,27.08,18.96,11.72
2021-01-25,13.44,27.06,19.48,17.27
2021-01-26,2.12,28.71,18.91,18.32
2021-01-27,4.72,28.71,20.14,24.92
2021-01-28,2.71,29.75,18.45,23.32
2021-01-29,0.99,31.03,20.36,24.33
2021-01-30,0.25,33.0,20.1,25.55
2021-01-31,0.33,33.02,20.41,17.94
2021-02-01,0.28,32.24,19.84,14.49
2021-02-02,5.4,31.52,20.68,22.29
2021-02-03,1.42,32.93,20.46,26.79
2021-02-04,1.44,31.75,21.33,23.43
2021-02-05,3.97,29.33,20.16,18.09
2021-02-06,0.15,30.69,18.46,26.01
2021-02-07,0.01,29.7,16.85,27.35
2021-02-08,0.06,30.2,14.41,26.93
2021-02-09,0.25,30.0,15.98,25.31
2021-02-10,0.78,29.39,17.03,23.91
2021-02-11,15.6,27.38,18.37,10.1
2021-02-12,12.81,26.74,18.29,14.08
2021-02-13,7.51,26.54,19.3,11.07
2021-02-14,0.95,26.9,18.35,14.87
2021-02-15,2.33,29.62,17.74,24.39
2021-02-16,1.59,31.5,17.61,24.05
2021-02-17,6.66,31.25,19.09,18.45
2021-02-18,5.71,31.15,19.16,24.65
2021-02-19,0.88,31.43,18.55,26.16
2021-02-20,0.26,31.55,18.33,25.92
2021-02-21,0.51,31.47,18.58,23.66
2021-02-22,0.07,32.15,17.96,24.17
2021-02-23,0.03,33.95,17.21,28.24
2021-02-24,4.66,33.25,18.91,18.33
2021-02-25,4.42,29.18,18.64,16.91
2021-02-26,11.24,28.43,17.64,15.08
2021-02-27,6.62,28.28,18.28,15.8
2021-02-28,13.88,27.25,18.43,18.26
2021-03-01,2.26,27.46,18.86,21.41
2021-03-02,0.38,29.51,20.34,22.12
2021-03-03,0.89,27.98,19.96,15.09
2021-03-04,4.81,28.71,19.58,14.45
2021-03-05,10.58,25.02,19.63,11.31
2021-03-06,6.5,24.61,19.57,11.64
2021-03-07,13.45,25.56,19.44,14.41
2021-03-08,1.59,27.92,17.4,20.35
2021-03-09,1.61,27.97,16.82,22.17
2021-03-10,0.4,28.63,17.89,24.99
2021-03-11,8.13,28.37,16.87,20.28
2021-03-12,1.18,30.02,18.24,23.68
2021-03-13,0.04,30.67,18.79,24.15
2021-03-14,0.53,31.61,18.74,24.63
2021-03-15,0.11,31.25,19.07,22.08
2021-03-16,0.12,32.45,19.3,23.75
2021-03-17,5.66,31.25,19.43,19.76
2021-03-18,9.78,27.25,19.85,14.76
2021-03-19,14.47,28.47,19.52,18.98
2021-03-20,1.54,29.26,19.61,19.84
2021-03-21,0.07,30.46,19.69,23.28
2021-03-22,0.16,31.38,17.42,22.68
2021-03-23,0.15,32.14,18.01,23.02
2021-03-24,0.2,32.11,19.12,22.46
2021-03-25,0.07,31.85,19.43,22.88
2021-03-26,0.16,33.21,18.7,23.32
2021-03-27,8.86,32.94,19.2,22.3
2021-03-28,4.03,31.0,20.02,22.36
2021-03-29,3.23,32.19,20.09,21.0
2021-03-30,5.54,29.62,18.89,19.67
2021-03-31,1.47,26.61,15.62,19.9
2021-04-01,0.19,26.49,13.72,23.55
2021-04-02,0.25,27.04,15.25,21.44
2021-04-03,0.09,28.29,14.89,22.67
2021-04-04,0.89,27.99,16.01,19.67
2021-04-05,0.66,27.75,16.54,18.87
2021-04-06,3.26,26.55,17.49,10.82
2021-04-07,0.51,27.81,16.79,17.81
2021-04-08,0.12,29.4,16.96,22.57
2021-04-09,0.04,29.08,15.33,21.4
2021-04-10,0.01,29.73,14.73,22.19
2021-04-11,0.01,30.41,14.2,22.43
2021-04-12,0.36,31.51,15.24,19.09
2021-04-13,0.83,25.03,15.33,10.76
2021-04-14,0.07,25.58,13.51,17.88
2021-04-15,0.01,27.8,15.27,17.03
2021-04-16,0.25,28.66,15.76,17.29
2021-04-17,16.38,26.09,16.73,10.7
2021-04-18,5.06,25.05,16.46,12.85
2021-04-19,3.37,24.37,14.77,14.06
2021-04-20,3.6,23.77,14.84,14.38
2021-04-21,4.42,24.16,14.22,15.52
2021-04-22,1.7,23.39,14.26,16.42
2021-04-23,0.09,25.17,12.92,19.27
2021-04-24,0.05,26.63,13.42,18.49
2021-04-25,0.01,28.37,14.19,17.03
2021-04-26,2.18,27.3,16.33,15.57
2021-04-27,0.92,26.08,15.93,13.42
2021-04-28,0.47,25.66,13.99,17.99
2021-04-29,0.39,24.41,12.84,18.54
2021-04-30,0.28,25.28,13.66,16.63
2021-05-01,0.01,25.95,14.58,17.75
2021-05-02,0.0,26.83,12.75,18.49
2021-05-03,0.04,27.62,12.63,18.79
2021-05-04,0.02,28.1,12.83,16.64
2021-05-05,0.03,28.96,13.87,18.0
2021-05-06,0.17,29.06,13.53,17.94
2021-05-07,1.74,19.83,14.41,9.79
2021-05-08,0.63,24.24,13.11,15.1
2021-05-09,0.19,25.95,13.63,16.9
2021-05-10,0.01,26.39,13.07,16.38
2021-05-11,0.01,27.28,12.28,15.7
2021-05-12,19.82,22.79,13.97,6.0
2021-05-13,1.24,21.69,12.65,12.58
2021-05-14,0.11,23.28,12.66,14.31
2021-05-15,0.28,24.45,12.89,11.73
2021-05-16,0.09,24.96,13.09,14.46
2021-05-17,0.02,25.16,12.97,15.83
2021-05-18,0.1,24.5,13.29,13.41
2021-05-19,0.06,25.23,11.09,17.47
2021-05-20,0.05,26.77,9.98,17.6
2021-05-21,0.07,27.84,10.88,16.25
2021-05-22,3.79,23.9,13.5,4.53
2021-05-23,5.43,25.06,13.43,5.92
2021-05-24,0.0,21.23,8.09,16.88
2021-05-25,0.04,23.94,9.91,17.43
2021-05-26,0.06,26.16,9.91,15.85
2021-05-27,0.0,27.4,12.72,14.88
2021-05-28,0.04,29.52,14.76,14.19
2021-05-29,1.12,28.68,17.63,11.45
2021-05-30,6.95,24.36,16.32,6.63
2021-05-31,3.11,21.02,14.4,7.16
2021-06-01,0.09,24.38,12.82,14.87
2021-06-02,0.02,26.6,10.65,16.27
2021-06-03,0.02,27.89,14.34,15.18
2021-06-04,0.01,28.16,13.66,15.55
2021-06-05,0.01,27.33,13.25,15.75
2021-06-06,0.47,27.01,14.03,12.0
2021-06-07,4.46,23.51,15.0,3.87
2021-06-08,2.35,24.43,14.18,6.7
2021-06-09,0.36,23.93,14.79,14.54
2021-06-10,2.54,25.27,15.55,3.72
2021-06-11,1.04,22.68,14.0,7.58
2021-06-12,0.06,22.65,11.7,14.7
2021-06-13,0.02,22.14,9.46,15.57
2021-06-14,0.02,24.14,9.24,15.85
2021-06-15,0.01,23.87,10.37,13.78
2021-06-16,0.37,21.89,11.36,13.74
2021-06-17,0.41,20.53,10.6,11.73
2021-06-18,0.41,20.99,11.12,13.27
2021-06-19,3.37,23.41,13.39,7.26
2021-06-20,0.76,23.46,12.28,11.0
2021-06-21,1.0,22.69,10.94,10.13
2021-06-22,9.87,21.48,12.91,7.63
2021-06-23,0.26,22.04,11.28,12.03
2021-06-24,0.08,23.94,11.1,14.72
2021-06-25,0.02,26.97,12.87,12.71
2021-06-26,0.05,27.49,14.68,14.42
2021-06-27,0.01,27.02,13.83,15.15
2021-06-28,0.29,25.06,9.96,13.25
2021-06-29,0.5,16.34,7.71,6.85
2021-06-30,0.0,17.17,3.12,16.42
2021-07-01,0.03,20.45,5.61,14.96
2021-07-02,0.01,23.93,8.47,16.3
2021-07-03,0.02,24.71,9.85,15.09
2021-07-04,0.03,22.76,10.29,12.82
2021-07-05,0.02,22.96,10.44,13.7
2021-07-06,0.1,21.89,11.17,12.34
2021-07-07,0.02,23.17,11.21,13.29
2021-07-08,0.01,23.08,10.14,15.32
2021-07-09,0.01,24.38,9.89,15.68
2021-07-10,0.03,25.06,9.8,16.25
2021-07-11,0.01,25.87,9.46,15.91
2021-07-12,0.03,26.31,9.94,16.02
2021-07-13,0.02,26.27,10.01,16.35
2021-07-14,0.01,24.93,10.52,14.95
2021-07-15,0.01,27.91,10.77,15.55
2021-07-16,3.1,23.26,12.66,8.19
2021-07-17,3.48,20.87,13.91,10.51
2021-07-18,0.08,24.24,8.51,15.76
2021-07-19,0.0,19.95,2.57,17.91
2021-07-20,0.01,20.51,3.02,16.57
2021-07-21,0.05,21.23,7.63,16.47
2021-07-22,0.32,24.8,5.91,17.56
2021-07-23,0.1,26.41,9.74,17.87
2021-07-24,0.02,26.67,8.61,17.91
2021-07-25,0.06,26.6,9.11,17.85
2021-07-26,0.09,27.96,9.25,17.71
2021-07-27,1.19,29.01,10.16,15.12
2021-07-28,18.15,14.85,5.52,3.95
2021-07-29,0.0,14.89,1.59,19.03
2021-07-30,0.48,16.58,1.05,17.85
2021-07-31,0.27,19.93,6.95,15.62
2021-08-01,0.31,21.49,8.65,12.86
2021-08-02,0.19,22.9,8.77,16.99
2021-08-03,0.18,20.61,10.05,15.72
2021-08-04,0.16,22.23,9.56,17.52
2021-08-05,0.04,24.15,10.3,14.31
2021-08-06,0.02,24.43,12.44,15.14
2021-08-07,0.0,25.49,12.88,12.54
2021-08-08,0.0,25.74,12.28,16.63
2021-08-09,0.0,27.66,10.84,18.04
2021-08-10,0.0,28.9,11.01,18.77
2021-08-11,0.81,23.24,12.25,13.9
2021-08-12,1.51,19.55,11.42,12.54
2021-08-13,1.24,21.47,12.31,10.41
2021-08-14,0.25,24.67,12.72,12.99
2021-08-15,0.07,28.86,11.63,16.77
2021-08-16,2.27,27.72,13.66,10.76
2021-08-17,0.3,30.87,13.45,18.52
2021-08-18,0.02,32.62,15.42,19.86
2021-08-19,0.02,31.67,14.34,20.4
2021-08-20,0.01,30.81,13.46,20.34
2021-08-21,0.01,30.72,14.67,19.38
2021-08-22,0.0,30.67,12.94,20.68
2021-08-23,0.01,31.36,13.11,19.68
2021-08-24,0.0,32.9,15.0,17.59
2021-08-25,0.0,33.24,14.96,17.55
2021-08-26,0.09,32.44,16.52,17.2
2021-08-27,7.22,24.74,14.64,7.82
2021-08-28,15.26,19.33,14.74,5.83
2021-08-29,3.7,20.99,14.19,11.55
2021-08-30,0.9,25.96,13.31,18.4
2021-08-31,0.14,26.6,12.97,18.87
2021-09-01,0.02,28.29,13.02,22.45
2021-09-02,0.0,29.31,13.1,21.86
2021-09-03,0.0,30.83,14.72,21.89
2021-09-04,0.06,32.16,14.66,19.96
2021-09-05,0.04,31.41,15.26,18.2
2021-09-06,0.07,30.82,16.01,19.59
2021-09-07,0.05,32.62,14.21,20.16
2021-09-08,0.45,34.53,15.27,16.96
2021-09-09,9.88,28.0,18.22,9.98
2021-09-10,2.51,27.29,15.83,11.09
2021-09-11,0.26,25.96,15.81,14.2
2021-09-12,0.03,33.17,14.96,21.97
2021-09-13,0.01,36.19,16.35,18.41
2021-09-14,0.48,35.72,17.49,14.71
2021-09-15,2.94,29.65,17.13,9.03
2021-09-16,3.26,27.12,14.9,13.16
2021-09-17,1.05,29.89,14.6,16.27
2021-09-18,0.04,33.95,15.81,20.54
2021-09-19,0.04,33.93,17.09,21.65
2021-09-20,0.0,36.06,18.02,23.08
2021-09-21,0.99,36.72,14.77,17.48
2021-09-22,0.53,23.18,12.1,15.5
2021-09-23,0.09,27.01,10.82,23.38
2021-09-24,0.0,29.19,11.54,22.91
2021-09-25,2.28,30.14,14.72,16.38
2021-09-26,0.99,32.21,14.41,22.16
2021-09-27,0.08,32.16,16.16,23.8
2021-09-28,0.0,34.47,15.31,23.87
2021-09-29,0.07,33.65,17.61,18.98
2021-09-30,1.11,30.48,15.06,20.91
2021-10-01,1.01,35.62,15.93,10.58
2021-10-02,3.38,27.85,19.22,9.84
2021-10-03,7.09,32.19,18.85,10.95
2021-10-04,15.0,27.03,16.98,9.15
2021-10-05,0.92,27.53,15.4,14.26
2021-10-06,0.56,33.29,14.62,22.66
2021-10-07,1.34,27.89,15.09,9.35
2021-10-08,0.57,27.95,14.02,22.85
2021-10-09,2.2,28.22,14.12,11.12
2021-10-10,7.07,23.15,14.98,7.5
2021-10-11,2.4,26.09,15.52,10.26
2021-10-12,0.46,28.18,15.97,19.71
2021-10-13,0.06,31.23,14.93,23.8
2021-10-14,1.22,33.03,17.05,15.15
2021-10-15,19.28,31.16,20.1,17.74
2021-10-16,3.94,29.64,17.19,14.19
2021-10-17,3.64,26.37,15.44,7.88
2021-10-18,9.09,22.2,15.03,9.47
2021-10-19,2.43,22.96,13.16,8.41
2021-10-20,1.87,21.97,10.99,15.29
2021-10-21,0.15,25.7,11.49,24.17
2021-10-22,0.01,29.03,11.48,29.44
2021-10-23,9.21,33.18,12.68,28.22
2021-10-24,16.52,26.85,14.28,8.23
2021-10-25,0.37,28.64,12.77,19.95
2021-10-26,0.72,28.13,15.13,22.74
2021-10-27,10.22,25.38,16.66,14.77
2021-10-28,7.51,23.15,17.72,13.68
2021-10-29,0.87,28.01,16.58,21.14
2021-10-30,1.4,28.39,15.98,22.49
2021-10-31,9.86,22.33,16.65,6.41
2021-11-01,1.3,25.54,17.08,17.16
2021-11-02,0.68,28.43,15.78,21.0
2021-11-03,0.21,29.77,15.01,25.65
2021-11-04,0.03,31.39,14.4,28.47
2021-11-05,0.11,31.68,17.7,29.24
2021-11-06,0.03,32.42,15.22,29.0
2021-11-07,0.14,30.69,16.04,28.92
2021-11-08,0.37,32.11,15.53,24.18
2021-11-09,0.48,31.35,15.77,18.58
2021-11-10,0.08,31.33,15.48,27.1
2021-11-11,2.2,27.02,16.26,9.08
2021-11-12,0.54,26.26,13.66,20.43
2021-11-13,0.06,27.05,11.9,30.62
2021-11-14,0.0,30.94,13.04,27.87
2021-11-15,0.02,32.5,13.78,27.14
2021-11-16,0.01,32.37,17.12,27.39
2021-11-17,0.05,34.57,18.0,26.37
2021-11-18,34.48,24.94,20.58,9.35
2021-11-19,4.96,26.57,16.92,14.21
2021-11-20,0.92,26.85,14.58,22.86
2021-11-21,0.08,28.28,13.07,30.96
2021-11-22,0.15,31.28,10.44,32.4
2021-11-23,0.4,34.53,14.05,29.99
2021-11-24,0.05,32.94,18.15,25.47
2021-11-25,0.56,34.72,16.65,28.48
2021-11-26,8.41,30.27,21.08,12.27
2021-11-27,0.81,32.21,19.03,27.16
2021-11-28,0.06,33.23,17.77,26.92
2021-11-29,0.73,34.01,19.4,21.77
2021-11-30,9.07,29.88,21.28,19.31
2021-12-01,0.2,32.99,18.97,26.53
2021-12-02,2.38,31.95,17.72,23.31
2021-12-03,0.96,29.88,16.33,24.8
2021-12-04,0.16,32.38,15.88,27.94
2021-12-05,1.41,32.36,17.03,28.4
2021-12-06,6.0,29.97,17.43,23.14
2021-12-07,6.07,24.65,14.6,18.84
2021-12-08,2.61,26.13,14.15,21.67
2021-12-09,0.22,28.16,12.89,27.51
2021-12-10,0.36,29.91,13.6,30.75
2021-12-11,0.16,33.29,14.18,30.67
2021-12-12,0.42,35.57,18.7,26.7
2021-12-13,10.23,30.59,20.04,15.69
2021-12-14,13.52,29.25,20.39,17.41
2021-12-15,13.99,28.49,20.96,11.49
2021-12-16,19.48,27.66,20.93,19.12
2021-12-17,12.23,29.13,19.34,14.75
2021-12-18,1.79,28.17,17.61,22.16
2021-12-19,0.33,26.9,15.03,26.1
2021-12-20,0.09,29.25,15.19,28.58
2021-12-21,0.0,31.97,16.29,30.21
2021-12-22,5.21,32.79,17.16,22.34
2021-12-23,3.39,27.46,15.25,20.97
2021-12-24,1.58,27.58,14.67,23.55
2021-12-25,0.14,29.78,14.02,29.94
2021-12-26,0.23,33.07,14.6,30.12
2021-12-27,6.31,31.93,19.24,23.83
2021-12-28,10.06,29.49,18.54,14.94
2021-12-29,3.24,27.68,18.08,25.92
2021-12-30,20.76,25.61,18.4,10.13
2021-12-31,18.61,26.71,17.97,17.82
2022-01-01,10.32,26.48,18.86,19.97
2022-01-02,6.23,26.88,19.6,24.04
2022-01-03,11.89,28.71,19.68,19.42
2022-01-04,15.7,28.57,19.86,13.1
2022-01-05,6.69,25.59,20.74,16.91
2022-01-06,20.8,25.54,18.79,16.79
2022-01-07,3.91,25.05,17.71,12.36
2022-01-08,3.11,26.37,16.38,17.13
2022-01-09,4.37,23.44,15.48,12.6
2022-01-10,4.47,27.22,17.03,14.35
2022-01-11,9.24,24.76,18.05,12.78
2022-01-12,2.86,26.76,18.45,17.01
2022-01-13,8.13,26.7,18.84,20.1
2022-01-14,3.75,29.23,19.25,25.34
2022-01-15,11.16,26.08,20.45,17.77
2022-01-16,4.4,27.45,19.11,24.42
2022-01-17,3.94,28.64,18.12,24.92
2022-01-18,13.41,29.79,19.02,27.69
2022-01-19,10.68,28.22,20.96,29.21
2022-01-20,7.43,30.04,20.02,26.85
2022-01-21,0.76,30.7,19.29,29.18
2022-01-22,0.01,30.6,17.24,30.55
2022-01-23,0.01,31.68,19.52,28.06
2022-01-24,0.03,32.16,19.53,27.52
2022-01-25,2.03,31.07,20.14,25.75
2022-01-26,5.74,30.59,20.71,26.39
2022-01-27,9.8,30.65,20.72,23.88
2022-01-28,25.97,26.27,19.02,12.37
2022-01-29,58.66,24.82,18.42,8.01
2022-01-30,19.58,25.07,19.47,9.0
2022-01-31,11.56,26.19,19.16,11.4
2022-02-01,12.98,27.63,19.65,17.29
2022-02-02,12.92,25.75,19.01,12.92
2022-02-03,4.4,26.67,18.97,16.15
2022-02-04,4.21,26.01,19.6,14.83
2022-02-05,3.31,25.91,19.95,19.27
2022-02-06,10.93,27.2,20.74,15.68
2022-02-07,2.36,27.8,17.79,12.37
2022-02-08,0.26,26.69,16.75,23.22
2022-02-09,0.19,26.39,15.0,27.05
2022-02-10,0.08,27.35,14.68,27.4
2022-02-11,0.24,27.58,16.47,23.53
2022-02-12,0.17,27.91,17.21,23.8
2022-02-13,0.04,28.88,16.36,25.05
2022-02-14,1.16,30.28,16.73,27.57
2022-02-15,1.2,28.78,18.87,24.4
2022-02-16,0.07,28.84,16.83,27.31
2022-02-17,5.0,28.24,16.36,22.06
2022-02-18,3.13,26.3,16.53,23.06
2022-02-19,0.79,27.52,15.6,25.11
2022-02-20,3.15,27.92,17.6,24.71
2022-02-21,0.53,29.49,17.28,26.46
2022-02-22,1.24,30.25,18.66,24.83
2022-02-23,4.19,30.2,18.76,22.78
2022-02-24,1.03,30.11,20.25,26.38
2022-02-25,0.12,31.6,19.22,25.82
2022-02-26,0.22,30.76,18.35,26.42
2022-02-27,0.39,31.07,18.19,26.42
2022-02-28,0.12,31.42,19.21,25.5
2022-03-01,9.19,26.86,21.04,17.43
2022-03-02,9.06,29.65,19.38,23.03
2022-03-03,4.88,29.13,20.83,23.05
2022-03-04,10.41,25.68,20.27,21.01
2022-03-05,7.83,29.22,19.06,24.31
2022-03-06,4.65,29.07,19.08,24.82
2022-03-07,8.4,29.74,19.05,23.04
2022-03-08,3.76,30.46,19.8,21.9
2022-03-09,4.15,29.58,18.99,22.65
2022-03-10,28.94,26.41,20.62,21.28
2022-03-11,24.03,27.28,20.56,18.7
2022-03-12,16.4,26.12,19.4,17.11
2022-03-13,6.5,25.85,19.07,16.08
2022-03-14,3.68,26.96,18.95,13.55
2022-03-15,6.29,27.84,19.59,16.45
2022-03-16,15.8,27.54,19.61,17.24
2022-03-17,6.08,28.42,20.59,20.87
2022-03-18,0.39,29.04,20.17,23.51
2022-03-19,6.13,27.17,19.71,15.74
2022-03-20,9.1,22.91,16.99,8.21
2022-03-21,0.74,23.88,16.02,20.16
2022-03-22,0.05,25.69,14.75,24.55
2022-03-23,0.01,26.93,15.95,23.27
2022-03-24,0.54,28.7,17.85,22.44
2022-03-25,1.52,28.57,19.68,16.47
2022-03-26,1.72,27.97,19.77,18.63
2022-03-27,4.87,25.61,20.24,12.06
2022-03-28,6.99,26.61,19.17,16.95
2022-03-29,1.24,27.77,17.65,20.77
2022-03-30,0.07,29.01,18.02,20.57
2022-03-31,6.09,24.19,16.54,11.67
2022-04-01,5.79,23.0,15.81,7.83
2022-04-02,2.39,24.56,16.1,14.14
2022-04-03,0.86,27.77,16.98,19.29
2022-04-04,1.05,28.77,18.12,20.59
2022-04-05,2.5,28.02,19.37,18.36
2022-04-06,0.36,26.84,17.9,20.46
2022-04-07,0.12,26.91,16.68,19.78
2022-04-08,7.07,28.83,16.67,18.41
2022-04-09,2.52,28.28,19.2,17.92
2022-04-10,0.27,27.01,17.98,19.85
2022-04-11,0.39,27.48,16.86,18.33
2022-04-12,1.6,27.44,18.15,12.39
2022-04-13,0.18,27.47,19.13,9.18
2022-04-14,3.63,25.53,14.93,13.05
2022-04-15,0.07,21.94,10.92,21.4
2022-04-16,0.92,21.99,11.38,20.61
2022-04-17,0.53,22.98,12.84,19.2
2022-04-18,0.06,24.15,12.59,18.66
2022-04-19,0.01,26.12,14.47,18.08
2022-04-20,0.01,25.69,14.77,19.64
2022-04-21,0.03,25.96,14.18,20.3
2022-04-22,0.33,27.54,14.04,18.93
2022-04-23,0.31,27.36,15.43,14.24
2022-04-24,0.22,27.04,16.1,19.56
2022-04-25,0.09,28.8,15.81,19.58
2022-04-26,0.06,29.18,16.32,17.81
2022-04-27,0.05,29.37,15.61,18.87
2022-04-28,0.04,29.26,16.5,18.74
2022-04-29,2.44,26.88,16.98,13.07
2022-04-30,0.5,25.65,16.22,10.74
2022-05-01,0.36,28.46,16.65,16.41
2022-05-02,0.53,28.16,17.71,14.82
2022-05-03,0.75,28.8,16.26,15.25
2022-05-04,7.75,20.89,12.03,9.13
2022-05-05,0.85,22.24,11.18,9.46
2022-05-06,0.14,22.83,11.7,16.26
2022-05-07,0.13,23.09,10.37,15.3
2022-05-08,0.12,24.65,11.59,14.89
2022-05-09,0.02,24.85,13.97,16.33
2022-05-10,0.56,25.03,12.66,17.32
2022-05-11,3.88,24.15,13.93,9.76
2022-05-12,2.5,23.69,14.03,14.42
2022-05-13,0.09,24.84,12.68,16.37
2022-05-14,3.13,25.94,12.55,15.89
2022-05-15,1.57,23.89,14.46,9.37
2022-05-16,0.21,22.12,11.49,11.66
2022-05-17,0.09,17.65,6.73,18.34
2022-05-18,0.02,15.65,4.16,9.6
2022-05-19,0.64,17.44,5.36,11.21
2022-05-20,0.05,19.38,6.51,16.66
2022-05-21,0.03,21.55,7.13,15.52
2022-05-22,0.03,22.58,9.04,17.15
2022-05-23,0.02,23.17,10.1,14.61
2022-05-24,0.01,25.14,9.6,16.24
2022-05-25,0.04,24.4,10.23,16.5
2022-05-26,0.03,24.47,9.7,15.5
2022-05-27,0.03,24.79,11.73,15.28
2022-05-28,0.0,25.5,11.4,15.36
2022-05-29,0.03,26.81,12.13,15.99
2022-05-30,11.57,25.07,14.18,4.76
2022-05-31,23.62,19.22,14.53,4.4
2022-06-01,2.43,21.94,14.35,7.08
2022-06-02,1.63,24.18,15.83,6.69
2022-06-03,1.5,20.74,12.94,9.87
2022-06-04,0.92,21.59,11.98,13.44
2022-06-05,0.12,24.15,11.71,14.97
2022-06-06,0.16,23.83,12.15,11.93
2022-06-07,5.35,25.38,13.66,7.41
2022-06-08,3.09,22.7,14.9,6.24
2022-06-09,7.08,22.75,14.09,8.45
2022-06-10,5.66,19.8,14.2,8.56
2022-06-11,0.3,19.66,11.62,9.63
2022-06-12,0.04,15.66,6.85,14.2
2022-06-13,0.11,18.43,4.98,15.58
2022-06-14,0.06,20.79,8.1,14.39
2022-06-15,0.05,22.22,9.97,10.63
2022-06-16,0.05,24.76,9.89,15.27
2022-06-17,0.07,26.18,9.58,15.44
2022-06-18,2.32,19.54,12.21,6.99
2022-06-19,0.2,22.04,11.22,9.79
2022-06-20,0.38,22.95,11.95,7.99
2022-06-21,0.02,26.23,12.73,14.28
2022-06-22,0.13,26.24,13.27,14.38
2022-06-23,0.03,27.11,11.98,15.31
2022-06-24,0.08,26.32,11.13,14.7
2022-06-25,0.01,23.27,13.57,11.76
2022-06-26,0.22,20.88,12.17,10.42
2022-06-27,0.09,21.47,11.0,11.76
2022-06-28,0.03,24.71,11.9,14.67
2022-06-29,0.21,25.1,12.08,13.75
2022-06-30,0.03,23.27,10.78,14.07
2022-07-01,0.04,24.82,11.64,14.86
2022-07-02,0.02,26.79,10.4,15.19
2022-07-03,0.01,27.38,11.63,15.28
2022-07-04,0.04,26.59,11.71,15.77
2022-07-05,0.03,25.8,9.56,16.0
2022-07-06,0.04,25.68,9.76,12.84
2022-07-07,0.02,26.47,11.23,14.69
2022-07-08,0.02,25.85,11.79,12.0
2022-07-09,0.02,25.93,11.89,14.75
2022-07-10,0.03,25.78,11.43,14.09
2022-07-11,0.01,26.25,12.62,15.69
2022-07-12,0.52,26.25,12.64,11.46
2022-07-13,1.28,19.83,13.87,8.93
2022-07-14,0.08,26.92,13.66,14.79
2022-07-15,0.0,26.98,13.71,14.6
2022-07-16,0.01,28.34,14.12,13.73
2022-07-17,0.31,28.06,15.65,12.38
2022-07-18,0.36,27.37,14.86,11.82
2022-07-19,0.19,27.19,14.97,15.28
2022-07-20,0.08,26.32,14.56,14.86
2022-07-21,0.03,26.88,13.4,16.4
2022-07-22,0.01,27.91,12.01,16.87
2022-07-23,0.01,27.57,11.95,16.57
2022-07-24,0.03,27.99,11.76,14.92
2022-07-25,0.01,28.21,12.45,16.66
2022-07-26,0.0,27.95,12.36,16.17
2022-07-27,0.0,26.79,13.07,15.9
2022-07-28,0.0,27.86,12.89,15.69
2022-07-29,6.49,22.68,12.09,5.78
2022-07-30,0.62,21.09,8.44,17.55
2022-07-31,0.04,24.87,9.28,18.08
2022-08-01,0.03,26.89,11.16,15.58
2022-08-02,0.0,28.29,13.02,17.02
2022-08-03,0.01,27.87,11.64,17.57
2022-08-04,0.0,27.66,13.87,15.14
2022-08-05,1.63,23.63,13.76,8.1
2022-08-06,0.75,22.18,11.98,11.82
2022-08-07,5.16,24.54,13.81,5.09
2022-08-08,5.33,22.77,15.3,4.94
2022-08-09,3.95,22.74,14.77,7.67
2022-08-10,11.83,17.03,9.84,14.42
2022-08-11,2.79,16.86,8.85,12.56
2022-08-12,0.12,22.51,9.56,18.56
2022-08-13,0.04,26.02,8.94,19.36
2022-08-14,0.0,27.13,10.88,19.17
2022-08-15,0.0,28.15,11.54,19.66
2022-08-16,0.44,30.16,12.91,15.62
2022-08-17,1.05,26.99,15.18,5.62
2022-08-18,0.66,30.14,15.44,7.74
2022-08-19,2.76,15.39,7.53,7.05
2022-08-20,0.08,17.52,7.64,12.0
2022-08-21,0.07,22.47,10.32,14.55
2022-08-22,0.06,23.53,10.93,18.74
2022-08-23,0.02,25.35,10.98,18.87
2022-08-24,0.01,26.37,11.78,18.96
2022-08-25,0.01,26.47,14.15,15.09
2022-08-26,0.02,27.06,14.24,14.95
2022-08-27,0.0,29.58,13.95,19.81
2022-08-28,0.56,30.35,13.19,18.31
2022-08-29,1.55,17.29,10.15,11.64
2022-08-30,0.64,19.91,8.9,15.94
2022-08-31,0.17,25.59,9.65,21.93
2022-09-01,0.03,27.71,8.5,22.35
2022-09-02,0.0,30.45,11.33,21.58
2022-09-03,5.45,26.27,12.02,13.91
2022-09-04,2.77,17.75,10.24,12.71
2022-09-05,1.76,23.78,10.92,11.25
2022-09-06,9.79,24.26,12.66,10.63
2022-09-07,3.27,27.13,13.07,8.01
2022-09-08,0.04,31.11,14.28,19.08
2022-09-09,0.0,33.24,16.24,20.1
2022-09-10,2.52,33.14,14.33,16.36
2022-09-11,0.99,21.03,11.55,13.13
2022-09-12,2.3,23.75,11.98,12.76
2022-09-13,1.12,30.12,14.5,10.39
2022-09-14,7.17,23.78,14.86,3.29
2022-09-15,2.48,19.9,13.27,6.97
2022-09-16,1.55,22.2,11.97,15.37
2022-09-17,0.16,21.63,10.6,22.55
2022-09-18,0.04,26.42,9.1,25.22
2022-09-19,0.54,29.65,9.81,21.91
2022-09-20,5.39,27.79,13.2,14.77
2022-09-21,5.38,29.47,14.88,10.2
2022-09-22,3.61,28.07,15.25,7.42
2022-09-23,0.02,24.38,9.58,25.96
2022-09-24,0.01,25.23,6.97,26.06
2022-09-25,5.28,22.99,10.58,18.58
2022-09-26,18.13,25.84,14.53,3.96
2022-09-27,7.14,23.43,16.3,10.75
2022-09-28,29.33,21.15,13.3,4.99
2022-09-29,2.89,19.19,12.88,9.81
2022-09-30,5.23,21.8,12.67,4.67
2022-10-01,5.66,25.61,14.18,15.99
2022-10-02,0.24,26.01,13.49,22.3
2022-10-03,1.4,25.4,13.95,13.08
2022-10-04,0.59,26.24,14.34,18.78
2022-10-05,0.04,28.52,13.72,24.88
2022-10-06,7.68,31.75,15.34,20.47
2022-10-07,3.92,26.34,17.24,17.46
2022-10-08,0.07,27.92,14.76,23.25
2022-10-09,7.35,27.76,14.96,18.85
2022-10-10,1.9,25.64,16.64,7.34
2022-10-11,2.62,26.26,16.54,12.26
2022-10-12,1.19,25.59,18.64,14.32
2022-10-13,0.66,28.85,17.98,18.37
2022-10-14,1.58,29.87,16.47,21.38
2022-10-15,2.86,24.19,15.73,9.78
2022-10-16,1.58,29.31,15.95,18.07
2022-10-17,1.5,28.23,16.63,20.85
2022-10-18,4.9,23.07,16.94,6.77
2022-10-19,6.88,26.85,17.45,17.23
2022-10-20,3.79,29.69,16.52,19.91
2022-10-21,3.0,28.14,19.76,10.76
2022-10-22,0.19,28.91,16.92,24.24
2022-10-23,0.03,29.69,14.53,26.89
2022-10-24,0.05,30.21,14.24,26.57
2022-10-25,0.04,29.17,14.85,28.22
2022-10-26,0.04,31.44,12.68,29.06
2022-10-27,0.71,33.53,16.68,26.41
2022-10-28,7.24,30.37,19.86,22.28
2022-10-29,17.48,31.36,19.27,22.16
2022-10-30,27.56,29.99,19.08,24.48
2022-10-31,6.21,28.64,17.7,11.02
2022-11-01,7.0,19.62,12.68,13.36
2022-11-02,5.22,16.37,11.23,8.85
2022-11-03,1.36,19.8,9.64,15.85
2022-11-04,0.47,21.75,8.85,25.2
2022-11-05,0.23,22.24,10.81,25.82
2022-11-06,0.07,23.53,11.04,22.91
2022-11-07,0.06,23.95,11.77,27.83
2022-11-08,0.09,25.28,10.58,28.74
2022-11-09,0.13,28.73,11.88,27.9
2022-11-10,0.03,30.58,14.03,27.85
2022-11-11,10.32,31.14,15.5,17.23
2022-11-12,4.63,28.58,17.9,24.64
2022-11-13,12.71,31.2,16.16,26.31
2022-11-14,3.04,30.15,19.53,20.77
2022-11-15,0.13,30.92,16.86,26.95
2022-11-16,0.0,29.05,14.23,28.99
2022-11-17,0.0,28.02,12.85,31.64
2022-11-18,0.01,28.37,11.74,31.73
2022-11-19,0.24,29.09,13.58,28.78
2022-11-20,1.88,30.37,15.35,27.5
2022-11-21,0.92,31.24,16.88,24.35
2022-11-22,9.33,30.41,17.94,19.17
2022-11-23,13.41,28.95,18.73,18.58
2022-11-24,15.46,26.43,17.33,23.62
2022-11-25,4.35,24.15,15.8,19.64
2022-11-26,2.17,25.97,14.88,26.09
2022-11-27,6.81,26.29,16.25,23.84
2022-11-28,19.13,24.31,17.34,18.76
2022-11-29,13.33,25.7,16.71,21.96
2022-11-30,11.72,23.48,17.29,19.39
2022-12-01,2.33,28.71,17.02,27.35
2022-12-02,9.65,26.76,19.26,22.37
2022-12-03,16.27,25.54,19.73,17.24
2022-12-04,8.95,25.18,19.44,13.56
2022-12-05,16.04,25.08,19.71,11.7
2022-12-06,14.37,28.42,19.33,12.11
2022-12-07,14.35,27.81,17.71,24.13
2022-12-08,0.04,29.07,16.05,31.62
2022-12-09,0.26,30.4,18.32,25.78
2022-12-10,0.08,31.42,17.34,30.02
2022-12-11,0.68,30.0,20.03,21.51
2022-12-12,13.86,28.46,21.38,15.49
2022-12-13,27.62,24.94,16.78,12.23
2022-12-14,0.26,22.78,14.27,23.37
2022-12-15,0.04,27.01,12.82,25.31
2022-12-16,1.33,28.39,15.56,26.93
2022-12-17,1.02,26.96,16.21,28.54
2022-12-18,0.19,27.68,15.86,23.58
2022-12-19,8.7,24.22,17.58,7.85
2022-12-20,6.23,25.36,16.85,14.97
2022-12-21,2.3,25.65,15.69,20.58
2022-12-22,0.82,25.79,14.93,20.09
2022-12-23,2.29,24.56,15.23,26.72
2022-12-24,2.8,27.9,15.51,25.33
2022-12-25,5.98,29.21,16.55,24.84
2022-12-26,7.97,26.14,19.37,16.93
2022-12-27,17.26,28.29,19.29,18.32
2022-12-28,21.6,27.79,19.89,16.6
2022-12-29,17.26,26.65,19.72,17.5
2022-12-30,1.83,27.58,17.34,21.75
2022-12-31,5.31,28.34,16.71,23.67
2023-01-01,1.56,28.57,17.85,22.82
2023-01-02,2.4,28.65,17.83,24.63
2023-01-03,7.93,27.61,19.92,19.16
2023-01-04,34.1,25.26,17.58,8.9
2023-01-05,11.95,22.96,16.23,8.61
2023-01-06,1.71,24.47,15.27,14.3
2023-01-07,0.57,23.35,14.77,17.47
2023-01-08,0.65,25.93,14.89,15.1
2023-01-09,1.92,24.9,17.02,14.5
2023-01-10,12.15,25.15,17.71,10.51
2023-01-11,9.49,25.22,19.2,19.92
2023-01-12,7.03,24.93,18.71,18.91
2023-01-13,12.11,26.26,18.44,20.42
2023-01-14,1.56,28.27,19.82,17.19
2023-01-15,7.69,28.37,20.61,19.61
2023-01-16,20.72,28.57,21.05,18.71
2023-01-17,5.98,29.82,19.82,24.1
2023-01-18,11.06,28.08,18.49,25.44
2023-01-19,2.45,28.07,18.67,23.69
2023-01-20,11.97,25.14,18.07,14.26
2023-01-21,1.58,28.42,16.53,21.77
2023-01-22,0.64,28.31,19.59,19.76
2023-01-23,6.67,27.64,19.55,15.74
2023-01-24,8.03,28.37,19.25,23.27
2023-01-25,0.08,29.06,17.3,28.79
2023-01-26,0.07,29.0,16.87,29.21
2023-01-27,0.03,29.07,16.41,27.29
2023-01-28,9.48,27.09,18.76,21.24
2023-01-29,7.59,28.39,20.44,21.31
2023-01-30,12.12,23.9,20.06,16.43
2023-01-31,9.99,25.61,19.58,16.69
2023-02-01,9.6,24.58,19.93,16.0
2023-02-02,15.41,27.52,19.64,18.93
2023-02-03,4.77,26.95,20.29,19.86
2023-02-04,2.34,27.6,20.04,17.43
2023-02-05,3.97,25.44,20.08,17.4
2023-02-06,6.59,27.39,19.23,15.88
2023-02-07,13.37,27.29,17.39,15.19
2023-02-08,1.37,27.86,17.43,24.93
2023-02-09,2.15,29.56,16.29,27.15
2023-02-10,6.48,27.99,17.84,18.65
2023-02-11,10.24,24.62,19.82,10.31
2023-02-12,13.69,26.21,18.55,17.62
2023-02-13,14.07,27.68,19.44,19.31
2023-02-14,6.99,27.07,20.24,19.1
2023-02-15,4.1,26.71,19.56,19.62
2023-02-16,18.65,26.61,21.13,16.39
2023-02-17,6.34,26.4,20.53,14.69
2023-02-18,10.37,24.21,17.64,10.84
2023-02-19,9.34,21.53,16.49,10.18
2023-02-20,5.39,27.16,17.12,22.64
2023-02-21,8.37,26.14,18.75,17.93
2023-02-22,1.81,27.35,17.75,21.0
2023-02-23,7.3,26.06,18.74,13.93
2023-02-24,2.49,27.92,18.94,19.94
2023-02-25,2.22,27.69,19.46,20.69
2023-02-26,0.96,27.86,19.89,19.61
2023-02-27,2.7,26.54,19.63,19.66
2023-02-28,12.08,23.51,18.52,14.43
2023-03-01,2.47,25.07,17.95,20.35
2023-03-02,1.46,28.17,18.21,24.69
2023-03-03,9.68,28.33,18.76,23.43
2023-03-04,10.03,26.99,19.79,13.38
2023-03-05,10.22,27.42,19.71,16.77
2023-03-06,9.9,27.04,19.7,21.42
2023-03-07,2.04,26.53,19.67,22.81
2023-03-08,4.79,27.73,18.81,23.81
2023-03-09,10.7,26.53,19.35,15.47
2023-03-10,26.46,26.19,19.55,14.39
2023-03-11,14.36,24.28,19.38,12.45
2023-03-12,14.6,24.87,19.18,11.51
2023-03-13,10.8,25.03,19.11,14.6
2023-03-14,16.69,25.63,19.32,14.24
2023-03-15,0.83,27.33,18.87,19.81
2023-03-16,0.33,26.89,17.96,22.45
2023-03-17,0.54,26.39,17.41,22.53
2023-03-18,0.24,27.43,16.47,23.56
2023-03-19,1.09,28.39,17.85,23.49
2023-03-20,4.58,28.78,18.3,23.21
2023-03-21,0.11,28.48,18.33,23.0
2023-03-22,0.13,28.72,17.01,23.53
2023-03-23,0.12,28.1,17.15,23.46
2023-03-24,0.58,28.86,17.2,22.89
2023-03-25,0.91,28.32,18.22,22.84
2023-03-26,2.36,29.23,18.92,21.63
2023-03-27,3.0,26.2,17.68,15.03
2023-03-28,1.05,27.48,16.66,18.38
2023-03-29,4.22,26.73,17.74,20.12
2023-03-30,0.76,27.44,18.93,21.77
2023-03-31,2.83,27.21,18.87,18.37
2023-04-01,1.1,28.07,17.84,21.09
2023-04-02,0.16,24.77,15.84,19.4
2023-04-03,0.02,26.47,14.59,21.91
2023-04-04,0.16,26.95,15.94,22.48
2023-04-05,0.31,26.32,15.69,21.62
2023-04-06,1.24,25.74,15.34,18.57
2023-04-07,11.23,22.12,17.82,5.54
2023-04-08,5.4,24.51,17.92,10.88
2023-04-09,0.24,21.72,17.12,12.68
2023-04-10,0.02,24.88,14.5,22.2
2023-04-11,0.01,25.44,12.71,20.56
2023-04-12,2.38,25.98,15.85,17.82
2023-04-13,7.76,25.97,17.11,18.55
2023-04-14,7.81,24.78,18.62,10.04
2023-04-15,2.66,25.74,17.43,14.71
2023-04-16,0.02,26.44,16.08,19.93
2023-04-17,11.92,25.26,16.75,13.99
2023-04-18,22.48,26.1,17.95,7.2
2023-04-19,16.29,23.51,13.37,17.18
2023-04-20,0.0,20.83,10.14,20.67
2023-04-21,0.17,21.94,8.25,19.98
2023-04-22,0.07,24.02,12.32,19.78
2023-04-23,0.06,23.99,13.88,18.34
2023-04-24,0.01,24.05,13.96,19.3
2023-04-25,0.02,24.12,13.47,17.42
2023-04-26,1.14,24.72,14.83,5.92
2023-04-27,2.51,24.35,15.5,8.2
2023-04-28,1.82,21.99,14.61,6.38
2023-04-29,1.06,23.52,13.65,14.21
2023-04-30,0.23,24.48,14.73,16.97
2023-05-01,0.01,24.67,14.57,15.81
2023-05-02,0.12,24.54,15.4,15.84
2023-05-03,0.02,25.33,15.83,15.99
2023-05-04,0.03,26.07,15.55,17.91
2023-05-05,0.03,27.24,16.52,17.38
2023-05-06,0.01,26.56,17.07,15.37
2023-05-07,0.02,24.78,16.15,17.13
2023-05-08,0.02,25.8,15.67,16.26
2023-05-09,1.15,25.62,16.13,11.17
2023-05-10,1.11,24.14,16.82,9.96
2023-05-11,0.26,22.99,14.13,17.16
2023-05-12,0.15,19.85,11.92,13.68
2023-05-13,0.11,20.38,11.2,17.1
2023-05-14,0.12,21.6,10.35,17.59
2023-05-15,0.04,22.34,10.8,17.74
2023-05-16,0.1,22.24,10.42,17.73
2023-05-17,0.03,21.13,10.29,16.68
2023-05-18,0.02,21.52,9.92,17.75
2023-05-19,0.04,22.01,9.51,17.93
2023-05-20,0.05,22.77,9.59,16.96
2023-05-21,0.13,22.64,9.56,15.84
2023-05-22,0.05,22.62,11.69,9.71
2023-05-23,0.01,24.0,11.92,16.24
2023-05-24,0.04,24.05,12.07,15.33
2023-05-25,0.03,24.06,13.03,15.2
2023-05-26,0.01,24.65,13.07,15.66
2023-05-27,0.02,24.88,11.64,15.57
2023-05-28,2.79,22.45,14.98,4.13
2023-05-29,0.88,21.1,13.8,10.46
2023-05-30,6.31,20.59,13.22,8.41
2023-05-31,11.58,20.14,14.24,5.3
2023-06-01,2.61,21.88,13.26,9.32
2023-06-02,0.05,22.17,11.98,15.6
2023-06-03,0.05,23.22,11.76,16.59
2023-06-04,0.16,23.08,9.95,16.27
2023-06-05,0.15,22.82,10.42,15.51
2023-06-06,0.53,22.38,10.86,15.72
2023-06-07,1.07,22.01,10.96,15.61
2023-06-08,1.04,22.66,8.89,15.13
2023-06-09,0.05,23.75,9.79,15.71
2023-06-10,0.05,24.34,10.27,15.99
2023-06-11,0.01,25.27,10.61,15.57
2023-06-12,0.77,25.41,13.01,13.99
2023-06-13,7.14,18.48,14.46,3.76
2023-06-14,15.23,19.0,13.41,3.18
2023-06-15,11.18,18.18,12.96,2.46
2023-06-16,0.74,17.42,6.77,14.01
2023-06-17,0.11,17.62,5.86,12.15
2023-06-18,0.09,19.19,8.69,14.79
2023-06-19,0.06,19.95,10.31,15.71
2023-06-20,0.05,21.62,9.49,15.4
2023-06-21,0.02,22.19,8.49,15.43
2023-06-22,0.04,22.66,9.46,13.58
2023-06-23,0.18,23.05,10.21,13.64
2023-06-24,0.03,24.04,10.14,15.08
2023-06-25,0.03,24.32,10.32,15.43
2023-06-26,0.07,24.68,10.71,15.69
2023-06-27,0.05,23.79,9.75,15.73
2023-06-28,0.06,24.31,9.62,15.3
2023-06-29,1.51,22.01,11.55,11.85
2023-06-30,0.39,22.35,12.33,13.45
2023-07-01,0.05,23.31,12.28,11.88
2023-07-02,0.04,23.28,11.08,14.91
2023-07-03,0.05,20.62,10.19,12.82
2023-07-04,0.02,21.08,8.88,16.05
2023-07-05,0.02,22.29,8.39,15.96
2023-07-06,0.03,22.77,7.84,15.88
2023-07-07,0.04,23.59,7.04,15.62
2023-07-08,1.06,25.45,8.93,12.8
2023-07-09,5.9,21.35,14.06,4.51
2023-07-10,2.18,22.99,13.35,5.58
2023-07-11,0.07,24.83,13.38,10.52
2023-07-12,0.14,26.48,12.73,14.44
2023-07-13,0.19,23.47,13.31,16.15
2023-07-14,0.01,17.81,7.06,16.77
2023-07-15,0.0,20.67,7.67,16.88
2023-07-16,0.0,22.08,8.23,12.37
2023-07-17,0.01,24.14,12.04,12.43
2023-07-18,0.02,20.36,13.26,8.9
2023-07-19,0.0,19.58,12.48,10.13
2023-07-20,0.0,23.04,12.76,14.12
2023-07-21,0.0,24.65,12.02,15.85
2023-07-22,0.0,24.24,11.71,16.35
2023-07-23,0.0,24.87,11.01,14.21
2023-07-24,0.0,25.57,12.16,15.46
2023-07-25,0.0,25.66,11.69,12.35
2023-07-26,0.0,26.04,14.39,15.34
2023-07-27,0.01,26.86,12.96,13.94
2023-07-28,0.72,26.75,13.87,13.34
2023-07-29,0.6,20.43,11.73,9.63
2023-07-30,0.0,22.53,11.0,16.0
2023-07-31,0.0,24.63,10.95,16.16
2023-08-01,0.04,25.79,11.57,16.62
2023-08-02,0.04,27.42,11.25,18.15
2023-08-03,0.0,27.97,10.45,18.29
2023-08-04,0.04,26.34,11.06,18.32
2023-08-05,0.02,28.17,13.04,18.43
2023-08-06,0.02,28.76,10.4,18.4
2023-08-07,0.03,30.03,12.26,18.19
2023-08-08,1.39,23.78,13.89,11.19
2023-08-09,2.96,27.35,13.97,12.03
2023-08-10,0.89,29.27,13.7,14.09
2023-08-11,2.17,30.86,14.45,15.97
2023-08-12,0.3,31.1,15.7,11.9
2023-08-13,1.44,20.53,12.75,8.18
2023-08-14,0.29,25.59,12.91,12.47
2023-08-15,0.19,27.26,14.33,15.47
2023-08-16,0.13,25.86,15.67,13.71
2023-08-17,0.01,28.38,15.42,17.7
2023-08-18,0.04,30.05,14.52,17.74
2023-08-19,0.67,27.28,14.87,12.82
2023-08-20,0.02,25.35,15.26,15.95
2023-08-21,0.02,28.18,13.76,18.09
2023-08-22,0.0,30.58,13.51,20.51
2023-08-23,0.0,33.12,15.83,16.94
2023-08-24,1.4,32.95,18.89,13.95
2023-08-25,6.56,27.47,15.18,11.49
2023-08-26,8.83,17.72,11.28,8.58
2023-08-27,1.97,16.88,10.86,5.21
2023-08-28,1.63,18.7,11.12,9.95
2023-08-29,0.17,22.75,11.53,15.77
2023-08-30,0.03,26.52,12.42,20.06
2023-08-31,0.01,27.46,11.58,19.47
2023-09-01,0.01,28.83,8.86,21.16
2023-09-02,11.99,32.26,15.02,13.14
2023-09-03,3.47,29.52,17.91,17.93
2023-09-04,3.38,33.04,18.95,16.85
2023-09-05,1.25,29.02,15.03,12.14
2023-09-06,0.85,22.8,14.59,14.5
2023-09-07,0.19,28.09,14.65,19.64
2023-09-08,0.01,30.46,14.87,21.2
2023-09-09,0.2,28.58,18.78,8.12
2023-09-10,0.08,30.52,15.67,16.99
2023-09-11,0.02,32.17,15.61,22.94
2023-09-12,0.0,31.93,15.35,23.36
2023-09-13,0.04,34.66,15.95,22.75
2023-09-14,8.11,26.54,13.51,2.85
2023-09-15,0.72,25.7,11.88,23.21
2023-09-16,0.08,30.54,11.44,24.13
2023-09-17,0.02,33.85,15.97,23.79
2023-09-18,1.32,32.55,18.15,18.22
2023-09-19,0.6,34.38,19.51,19.48
2023-09-20,0.08,33.9,17.46,17.77
2023-09-21,0.0,34.03,16.03,23.24
2023-09-22,0.0,36.24,19.3,22.52
2023-09-23,0.0,36.45,19.05,23.24
2023-09-24,0.01,37.81,19.38,24.06
2023-09-25,0.07,33.33,20.5,18.2
2023-09-26,0.51,36.7,19.84,20.31
2023-09-27,9.2,38.29,17.25,16.45
2023-09-28,4.29,23.63,13.56,7.48
2023-09-29,0.08,29.4,14.75,16.83
2023-09-30,12.04,31.68,15.66,19.95
2023-10-01,18.91,26.51,17.01,7.31
2023-10-02,0.15,28.8,15.82,8.34
2023-10-03,0.15,31.0,15.67,16.53
2023-10-04,6.85,33.02,18.18,7.98
2023-10-05,23.32,32.82,18.81,14.06
2023-10-06,1.17,31.4,17.64,20.94
2023-10-07,43.64,33.57,16.09,12.51
2023-10-08,8.6,29.55,15.43,9.4
2023-10-09,30.12,24.75,15.92,15.62
2023-10-10,0.21,26.95,15.05,23.43
2023-10-11,0.16,29.93,14.52,27.67
2023-10-12,20.42,32.88,16.7,9.64
2023-10-13,4.12,22.94,14.47,8.34
2023-10-14,0.46,24.0,14.42,11.03
2023-10-15,0.09,27.52,15.28,21.51
2023-10-16,19.57,30.51,16.69,25.09
2023-10-17,2.07,28.35,19.92,10.96
2023-10-18,4.47,26.29,16.62,15.51
2023-10-19,0.53,26.11,15.34,17.45
2023-10-20,0.29,26.14,15.11,9.84
2023-10-21,0.29,27.59,14.74,19.79
2023-10-22,0.08,29.87,13.72,25.73
2023-10-23,0.01,32.2,15.67,27.49
2023-10-24,0.43,33.32,20.62,19.09
2023-10-25,4.09,27.6,19.12,16.08
2023-10-26,2.27,29.09,17.64,16.7
2023-10-27,9.67,28.44,16.56,13.56
2023-10-28,3.7,31.62,17.86,14.99
2023-10-29,15.5,27.96,19.37,11.13
2023-10-30,3.13,31.5,19.94,14.71
2023-10-31,7.14,29.97,20.51,10.34
2023-11-01,1.21,26.88,17.37,16.83
2023-11-02,0.08,29.2,16.24,21.1
2023-11-03,15.13,32.87,17.76,17.15
2023-11-04,1.23,27.53,15.67,29.14
2023-11-05,0.02,27.32,12.4,30.65
2023-11-06,0.03,27.34,11.6,31.16
2023-11-07,0.01,30.19,13.04,30.08
2023-11-08,0.05,32.37,13.5,30.23
2023-11-09,0.56,34.25,18.11,20.75
2023-11-10,2.68,32.51,19.23,19.8
2023-11-11,0.04,35.29,19.49,27.84
2023-11-12,0.0,37.39,21.27,28.23
2023-11-13,0.26,38.25,21.47,27.79
2023-11-14,3.76,38.8,21.51,23.87
2023-11-15,5.23,36.94,20.2,28.08
2023-11-16,0.55,35.82,21.21,21.37
2023-11-17,0.94,38.28,21.74,21.79
2023-11-18,5.05,37.41,22.47,23.02
2023-11-19,23.69,31.3,18.7,6.74
2023-11-20,2.06,26.23,18.11,17.56
2023-11-21,0.13,31.51,17.65,22.45
2023-11-22,9.98,30.33,20.8,20.98
2023-11-23,3.36,29.18,20.06,15.06
2023-11-24,2.28,25.45,15.22,12.01
2023-11-25,3.31,21.31,14.35,12.72
2023-11-26,0.5,26.59,14.73,14.95
2023-11-27,4.11,28.55,17.62,17.57
2023-11-28,13.11,28.24,18.92,17.36
2023-11-29,14.25,29.68,20.16,17.22
2023-11-30,0.4,31.22,20.26,23.02
2023-12-01,0.03,32.75,20.4,28.26
2023-12-02,0.01,34.49,19.48,30.25
2023-12-03,0.04,34.37,21.45,29.74
2023-12-04,2.82,34.9,20.99,28.63
2023-12-05,2.26,32.59,20.45,22.06
2023-12-06,0.11,33.14,20.09,24.94
2023-12-07,4.68,33.98,21.72,27.42
2023-12-08,3.04,32.14,19.9,25.2
2023-12-09,0.61,28.94,17.76,22.27
2023-12-10,2.89,29.05,17.14,23.41
2023-12-11,2.69,31.46,18.17,23.89
2023-12-12,0.23,30.24,16.72,29.93
2023-12-13,0.01,33.37,15.4,31.0
2023-12-14,0.01,35.6,16.83,31.19
2023-12-15,0.01,37.56,18.96,30.52
2023-12-16,0.33,36.47,19.91,28.03
2023-12-17,0.72,33.55,21.05,25.75
2023-12-18,0.23,36.01,20.21,29.47
2023-12-19,0.05,35.24,18.0,29.09
2023-12-20,0.02,33.29,18.09,29.62
2023-12-21,0.93,33.38,18.98,25.47
2023-12-22,3.45,34.9,19.28,23.93
2023-12-23,9.27,32.12,22.47,20.25
2023-12-24,0.52,33.85,21.14,26.67
2023-12-25,0.43,35.1,20.36,25.84
2023-12-26,1.88,33.41,19.38,20.74
2023-12-27,0.05,32.11,17.21,25.67
2023-12-28,0.01,35.04,16.32,30.97
2023-12-29,0.05,38.42,19.05,25.47
2023-12-30,3.98,28.5,18.92,15.54
2023-12-31,0.15,30.55,17.63,25.61
2024-01-01,0.14,33.42,18.15,21.91
2024-01-02,0.18,33.96,18.76,21.96
2024-01-03,3.82,32.97,19.83,21.8
2024-01-04,2.78,32.51,19.69,20.39
2024-01-05,1.1,32.24,18.83,26.11
2024-01-06,0.28,33.8,18.36,26.96
2024-01-07,0.32,35.76,18.81,27.37
2024-01-08,5.31,36.95,20.59,26.23
2024-01-09,3.37,36.24,21.11,27.56
2024-01-10,5.51,35.24,21.61,25.22
2024-01-11,7.83,31.64,22.63,21.74
2024-01-12,16.93,29.62,21.32,15.09
2024-01-13,5.44,28.35,18.99,14.25
2024-01-14,0.86,32.88,18.22,27.21
2024-01-15,0.08,34.47,21.36,21.45
2024-01-16,0.06,35.18,21.68,24.69
2024-01-17,5.51,35.6,22.19,20.7
2024-01-18,17.66,34.14,21.79,25.65
2024-01-19,15.07,29.71,22.67,19.18
2024-01-20,13.56,28.63,21.92,15.49
2024-01-21,16.06,29.25,19.45,19.64
2024-01-22,2.88,28.34,18.05,20.16
2024-01-23,12.4,23.07,18.03,6.67
2024-01-24,1.62,27.14,16.49,19.86
2024-01-25,4.17,25.38,15.55,16.29
2024-01-26,1.42,26.34,15.43,19.64
2024-01-27,2.33,28.43,16.1,23.58
2024-01-28,3.84,29.68,17.26,16.79
2024-01-29,0.85,32.04,17.75,18.24
2024-01-30,0.71,32.74,19.72,26.06
2024-01-31,8.59,31.38,20.28,16.74
2024-02-01,2.83,30.22,18.11,21.97
2024-02-02,8.28,30.07,18.11,15.49
2024-02-03,1.76,30.32,18.36,17.6
2024-02-04,5.11,30.62,20.13,16.73
2024-02-05,0.13,32.43,18.95,26.42
2024-02-06,0.06,32.76,18.44,24.34
2024-02-07,0.13,33.1,18.6,21.22
2024-02-08,0.33,34.17,19.36,24.52
2024-02-09,1.07,34.85,18.53,25.35
2024-02-10,0.23,33.96,21.33,24.06
2024-02-11,1.29,34.81,19.95,27.36
2024-02-12,0.69,33.91,21.76,22.94
2024-02-13,7.85,34.24,22.2,24.25
2024-02-14,15.63,26.24,20.07,9.89
2024-02-15,4.02,26.09,19.1,9.84
2024-02-16,0.49,30.07,18.31,15.83
2024-02-17,3.4,30.89,18.92,16.3
2024-02-18,9.19,29.01,18.91,19.0
2024-02-19,4.32,29.85,19.06,24.73
2024-02-20,8.64,29.61,18.7,13.01
2024-02-21,16.09,28.82,19.24,16.12
2024-02-22,2.18,30.07,18.79,21.33
2024-02-23,3.85,32.55,20.3,22.4
2024-02-24,10.12,30.08,21.89,13.99
2024-02-25,3.14,30.33,21.25,20.82
2024-02-26,1.02,30.82,20.54,18.18
2024-02-27,0.48,32.64,19.87,21.13
2024-02-28,1.65,33.04,21.92,18.31
2024-02-29,3.83,30.99,21.77,22.13
2024-03-01,2.86,29.69,21.28,19.39
2024-03-02,0.37,30.52,18.29,27.03
2024-03-03,0.07,32.7,16.14,26.73
2024-03-04,1.39,34.58,18.15,25.01
2024-03-05,6.02,34.28,20.11,20.2
2024-03-06,12.41,30.32,20.45,18.06
2024-03-07,0.85,30.8,19.47,20.22
2024-03-08,16.44,29.6,20.17,16.75
2024-03-09,4.21,31.13,21.25,15.89
2024-03-10,4.01,30.25,20.9,13.74
2024-03-11,0.45,29.64,18.05,25.88
2024-03-12,2.44,30.66,15.4,25.02
2024-03-13,1.68,32.42,16.63,23.98
2024-03-14,0.01,34.26,19.08,23.92
2024-03-15,0.01,34.85,20.63,23.27
2024-03-16,0.1,35.81,22.82,22.07
2024-03-17,2.36,35.24,22.71,19.15
2024-03-18,4.1,30.53,23.32,17.5
2024-03-19,4.09,30.62,22.36,19.49
2024-03-20,0.97,32.92,21.37,18.74
2024-03-21,2.88,34.34,21.87,21.02
2024-03-22,6.1,24.5,17.93,8.3
2024-03-23,7.07,22.51,17.43,7.58
2024-03-24,2.82,27.25,16.93,9.7
2024-03-25,0.15,29.55,17.07,19.52
2024-03-26,0.41,29.09,17.7,15.7
2024-03-27,2.26,24.78,18.48,9.26
2024-03-28,5.19,26.28,17.91,10.3
2024-03-29,0.79,29.59,17.88,13.87
2024-03-30,0.06,30.79,18.29,22.03
2024-03-31,0.01,31.03,17.45,23.01
2024-04-01,0.07,31.4,17.17,20.86
2024-04-02,0.08,32.22,18.68,15.72
2024-04-03,0.0,32.91,19.38,20.73
2024-04-04,0.02,34.44,18.9,22.19
2024-04-05,0.07,34.19,18.26,22.29
2024-04-06,2.83,29.33,18.5,15.82
2024-04-07,0.18,31.63,17.51,17.79
2024-04-08,3.32,31.12,19.87,7.22
2024-04-09,4.16,29.3,19.53,16.93
2024-04-10,0.1,31.31,18.59,18.75
2024-04-11,0.44,31.01,19.51,15.61
2024-04-12,0.06,30.69,18.55,17.13
2024-04-13,0.22,30.73,19.07,16.68
2024-04-14,1.81,25.12,20.22,7.81
2024-04-15,3.99,29.13,19.74,10.83
2024-04-16,10.82,29.49,20.03,15.38
2024-04-17,2.46,29.47,19.78,11.32
2024-04-18,0.89,26.11,15.49,9.45
2024-04-19,0.0,26.27,11.83,20.48
2024-04-20,0.11,29.11,13.49,19.38
2024-04-21,0.41,29.64,14.14,20.67
2024-04-22,0.17,29.66,14.0,20.55
2024-04-23,0.02,31.11,15.43,17.76
2024-04-24,0.07,31.85,16.59,17.51
2024-04-25,0.42,31.44,18.88,13.78
2024-04-26,0.06,31.95,18.44,17.43
2024-04-27,0.0,32.41,17.94,18.11
2024-04-28,0.03,32.18,18.0,16.66
2024-04-29,0.03,33.02,18.1,17.86
2024-04-30,0.0,32.57,17.76,17.9
2024-05-01,0.0,32.7,17.18,18.22
2024-05-02,0.01,33.13,16.97,18.66
2024-05-03,0.03,32.47,18.47,17.04
2024-05-04,0.0,32.99,17.44,18.16
2024-05-05,0.01,32.49,16.53,18.77
2024-05-06,0.02,32.5,16.18,18.75
2024-05-07,0.08,32.54,16.5,18.14
2024-05-08,0.02,31.92,18.16,17.29
2024-05-09,0.18,31.77,16.87,14.72
2024-05-10,0.18,31.03,18.34,15.94
2024-05-11,0.0,31.37,17.16,16.17
2024-05-12,0.01,31.61,15.74,17.5
2024-05-13,0.05,31.48,16.22,17.28
2024-05-14,2.82,27.03,17.09,8.03
2024-05-15,1.13,23.8,15.7,6.57
2024-05-16,0.05,29.67,15.35,14.89
2024-05-17,0.01,31.95,16.91,16.84
2024-05-18,0.24,31.52,17.84,15.49
2024-05-19,3.72,28.76,17.09,12.03
2024-05-20,0.49,28.69,16.64,12.63
2024-05-21,0.08,29.57,14.4,14.39
2024-05-22,0.05,30.04,15.43,15.75
2024-05-23,0.0,29.87,15.46,16.81
2024-05-24,3.76,29.78,15.72,6.3
2024-05-25,5.27,22.8,14.01,7.43
2024-05-26,23.36,18.78,13.28,6.0
2024-05-27,3.34,22.62,13.19,6.02
2024-05-28,4.0,22.41,9.63,8.99
2024-05-29,0.13,20.4,6.88,16.45
2024-05-30,0.23,21.11,8.88,15.51
2024-05-31,0.08,22.58,10.51,16.31
2024-06-01,0.05,24.97,10.54,16.47
2024-06-02,0.0,25.87,10.53,15.68
2024-06-03,0.01,26.69,13.15,11.78
2024-06-04,1.05,23.16,13.71,11.95
2024-06-05,0.32,26.08,12.41,15.17
2024-06-06,0.08,27.24,12.32,15.02
2024-06-07,0.01,27.94,12.98,15.58
2024-06-08,0.04,28.33,13.15,15.3
2024-06-09,0.02,28.5,13.25,15.43
2024-06-10,0.02,28.78,12.45,15.55
2024-06-11,0.06,28.86,14.06,15.72
2024-06-12,0.04,27.91,12.47,15.7
2024-06-13,0.02,28.01,11.76,16.03
2024-06-14,0.0,28.11,11.42,15.22
2024-06-15,0.01,28.63,12.51,15.48
2024-06-16,0.06,28.42,13.19,14.25
2024-06-17,0.0,28.39,11.65,15.4
2024-06-18,0.05,27.59,10.22,15.91
2024-06-19,0.07,28.49,10.62,15.65
2024-06-20,0.08,28.2,11.62,15.37
2024-06-21,0.05,27.86,11.11,15.66
2024-06-22,0.0,27.26,13.08,14.1
2024-06-23,0.02,29.09,13.63,13.2
2024-06-24,0.23,29.77,14.08,14.63
2024-06-25,1.72,23.01,15.02,9.11
2024-06-26,0.03,29.39,13.55,14.23
2024-06-27,0.1,26.88,14.57,10.88
2024-06-28,0.01,28.49,12.5,10.67
2024-06-29,4.95,27.44,13.49,10.38
2024-06-30,0.75,21.48,11.36,9.22
2024-07-01,0.08,25.04,9.96,8.19
2024-07-02,0.14,26.22,8.58,15.48
2024-07-03,0.05,27.12,11.47,15.18
2024-07-04,0.02,27.98,14.21,9.21
2024-07-05,0.07,27.62,12.85,11.58
2024-07-06,0.23,25.74,13.82,13.41
2024-07-07,0.07,27.9,12.5,14.64
2024-07-08,5.53,20.96,12.33,7.53
2024-07-09,27.5,20.61,12.87,2.16
2024-07-10,3.58,20.46,12.49,7.55
2024-07-11,0.43,26.71,14.19,11.35
2024-07-12,0.82,19.83,13.81,9.15
2024-07-13,0.42,21.01,12.31,7.75
2024-07-14,0.09,25.88,11.76,14.58
2024-07-15,0.16,22.71,12.43,12.48
2024-07-16,0.08,25.1,13.0,14.34
2024-07-17,0.06,26.03,12.81,15.81
2024-07-18,0.04,26.26,13.17,15.65
2024-07-19,0.04,25.64,10.25,17.0
2024-07-20,0.05,25.74,8.5,17.3
2024-07-21,0.05,26.41,9.83,16.96
2024-07-22,0.04,27.7,10.67,17.06
2024-07-23,0.0,27.47,9.15,17.33
2024-07-24,0.02,28.04,10.06,16.69
2024-07-25,0.02,26.9,10.49,17.01
2024-07-26,0.01,27.45,13.36,14.77
2024-07-27,0.01,26.74,13.66,11.41
2024-07-28,0.12,29.65,12.82,16.34
2024-07-29,0.89,28.29,13.9,12.55
2024-07-30,3.98,19.63,12.51,6.14
2024-07-31,0.34,26.51,12.36,16.84
2024-08-01,0.02,27.94,12.48,16.93
2024-08-02,0.03,28.02,11.4,17.51
2024-08-03,0.01,28.71,13.26,17.11
2024-08-04,0.03,28.54,13.85,16.48
2024-08-05,0.0,29.78,14.57,16.95
2024-08-06,0.03,30.11,14.11,17.1
2024-08-07,0.01,29.94,14.99,16.31
2024-08-08,0.03,31.41,14.61,14.28
2024-08-09,18.96,20.04,14.61,1.67
2024-08-10,6.1,16.86,7.21,12.16
2024-08-11,0.06,21.15,6.03,17.79
2024-08-12,0.03,21.79,5.75,19.81
2024-08-13,0.07,19.51,4.77,18.17
2024-08-14,0.03,22.81,6.48,17.83
2024-08-15,0.01,29.5,9.23,19.56
2024-08-16,0.01,31.43,15.97,18.98
2024-08-17,0.0,32.01,13.02,18.12
2024-08-18,0.02,32.94,14.01,18.18
2024-08-19,0.01,32.57,13.33,19.66
2024-08-20,0.01,32.97,16.28,18.94
2024-08-21,0.01,31.43,14.44,19.26
2024-08-22,0.0,32.57,13.63,20.18
2024-08-23,0.1,33.45,13.53,19.4
2024-08-24,6.06,26.9,13.18,7.75
2024-08-25,2.16,20.83,7.77,5.41
2024-08-26,0.06,20.1,4.91,22.16
2024-08-27,0.02,23.71,2.7,22.78
2024-08-28,0.05,28.03,7.89,21.14
2024-08-29,0.09,30.37,10.95,20.59
2024-08-30,0.01,31.74,14.25,21.38
2024-08-31,0.01,32.31,13.27,21.84
2024-09-01,0.0,33.13,13.56,20.74
2024-09-02,0.04,31.6,15.74,12.69
2024-09-03,0.02,33.5,14.71,16.81
2024-09-04,0.0,35.05,16.6,19.59
2024-09-05,0.19,31.36,13.77,16.86
2024-09-06,0.31,27.52,12.94,14.21
2024-09-07,0.03,34.47,14.13,14.09
2024-09-08,0.01,35.32,17.97,12.37
2024-09-09,0.02,34.4,17.77,18.56
2024-09-10,0.08,33.61,16.28,16.3
2024-09-11,0.04,34.72,17.48,17.38
2024-09-12,0.01,35.17,15.63,22.72
2024-09-13,0.0,34.54,15.37,20.46
2024-09-14,0.07,35.24,17.57,14.26
2024-09-15,4.41,26.25,16.49,9.35
2024-09-16,10.29,20.14,14.3,5.08
2024-09-17,0.59,23.87,13.01,18.37
2024-09-18,0.24,25.98,12.79,11.7
2024-09-19,2.89,29.53,14.06,14.84
2024-09-20,6.26,35.65,16.08,18.68
2024-09-21,0.6,31.87,17.23,11.03
2024-09-22,0.02,33.88,16.29,21.5
2024-09-23,0.03,35.13,16.97,22.53
2024-09-24,0.01,35.33,16.36,22.94
2024-09-25,0.02,36.31,17.43,23.74
2024-09-26,0.03,37.34,18.53,23.92
2024-09-27,1.67,30.81,15.38,10.21
2024-09-28,0.39,28.67,13.87,22.78
2024-09-29,0.11,34.13,14.04,24.69
2024-09-30,0.07,34.88,15.81,24.71
2024-10-01,0.0,36.67,18.97,23.5
2024-10-02,0.57,38.0,18.3,20.86
2024-10-03,5.31,26.37,16.46,12.41
2024-10-04,2.73,22.48,13.91,13.07
2024-10-05,0.28,30.48,12.89,24.1
2024-10-06,0.01,32.96,13.01,25.71
2024-10-07,0.01,32.77,14.59,23.63
2024-10-08,0.02,36.38,15.32,17.55
2024-10-09,0.33,29.65,14.9,8.16
2024-10-10,7.01,25.66,17.15,10.38
2024-10-11,3.01,32.06,18.32,8.74
2024-10-12,2.0,32.2,17.99,18.44
2024-10-13,0.28,31.29,16.27,24.44
2024-10-14,0.11,31.67,15.9,20.18
2024-10-15,0.0,33.66,16.1,23.5
2024-10-16,0.02,31.86,18.18,21.53
2024-10-17,0.0,33.74,17.58,25.14
2024-10-18,0.28,32.84,16.92,19.15
2024-10-19,13.15,24.14,15.29,5.06
2024-10-20,13.87,21.19,14.9,7.65
2024-10-21,0.28,30.49,16.93,14.69
2024-10-22,0.01,32.86,19.42,20.16
2024-10-23,17.8,31.05,21.18,11.69
2024-10-24,20.61,29.38,21.34,16.86
2024-10-25,3.28,29.32,20.96,11.07
2024-10-26,0.48,31.34,18.3,17.06
2024-10-27,4.26,27.08,15.79,13.22
2024-10-28,3.92,26.59,15.52,12.97
2024-10-29,0.02,31.18,16.47,20.51
2024-10-30,0.02,31.05,16.31,25.85
2024-10-31,0.0,30.73,16.17,25.93
2024-11-01,0.0,31.57,16.54,23.93
2024-11-02,27.01,26.35,19.76,12.68
2024-11-03,19.02,23.13,19.31,9.42
2024-11-04,8.56,25.22,18.74,6.87
2024-11-05,6.14,28.76,18.22,17.59
2024-11-06,11.73,28.31,19.93,12.4
2024-11-07,22.29,25.06,20.19,10.55
2024-11-08,12.38,25.27,17.72,11.36
2024-11-09,2.59,25.49,16.15,16.39
2024-11-10,0.07,27.12,14.33,28.4
2024-11-11,0.01,29.56,13.34,30.28
2024-11-12,1.23,31.23,16.53,25.13
2024-11-13,2.03,25.71,15.03,12.16
2024-11-14,0.01,27.96,13.95,22.84
2024-11-15,0.09,29.49,15.9,22.01
2024-11-16,0.5,29.01,18.6,19.07
2024-11-17,0.03,31.15,16.97,20.5
2024-11-18,0.01,33.14,17.02,30.21
2024-11-19,0.0,32.89,16.59,29.43
2024-11-20,0.06,34.5,17.33,24.66
2024-11-21,0.78,30.34,18.23,17.81
2024-11-22,0.52,28.8,18.14,12.95
2024-11-23,0.51,29.93,16.97,24.43
2024-11-24,0.09,28.51,15.6,25.48
2024-11-25,0.0,31.86,14.93,28.88
2024-11-26,0.0,34.14,16.89,27.49
2024-11-27,0.0,34.61,20.89,27.26
2024-11-28,5.45,33.17,21.34,21.16
2024-11-29,4.81,30.72,21.66,15.54
2024-11-30,0.19,32.34,21.54,18.44
2024-12-01,0.23,34.31,20.03,25.71
2024-12-02,7.08,30.31,22.6,12.26
2024-12-03,28.93,25.08,19.07,6.3
2024-12-04,0.59,26.2,17.94,13.42
2024-12-05,2.12,29.87,17.72,15.61
2024-12-06,0.73,31.71,20.72,24.22
2024-12-07,1.67,30.74,21.41,20.65
2024-12-08,8.42,28.27,20.17,7.4
2024-12-09,3.17,27.5,19.92,10.33
2024-12-10,20.52,26.78,17.61,13.35
2024-12-11,1.06,27.72,16.37,24.29
2024-12-12,0.03,28.36,15.61,27.62
2024-12-13,0.03,28.23,16.73,20.57
2024-12-14,2.0,26.02,18.82,11.92
2024-12-15,2.39,30.25,19.9,25.31
2024-12-16,0.1,30.99,17.38,29.02
2024-12-17,0.03,31.29,15.76,28.03
2024-12-18,0.02,31.34,16.31,27.92
2024-12-19,0.05,33.63,16.85,27.52
2024-12-20,10.09,29.87,21.99,18.76
2024-12-21,10.76,28.32,20.47,15.0
2024-12-22,4.79,28.52,20.15,16.52
2024-12-23,3.28,29.28,18.55,19.54
2024-12-24,0.22,30.5,17.69,23.19
2024-12-25,5.74,31.26,17.94,21.88
2024-12-26,35.13,27.16,21.07,9.82
2024-12-27,9.04,27.39,19.77,17.92
2024-12-28,3.81,29.97,18.96,24.36
2024-12-29,4.85,29.46,18.88,21.79
2024-12-30,1.16,28.77,17.83,25.35
2024-12-31,1.71,29.59,17.75,23.85
2025-01-01,4.93,29.97,18.39,26.53
2025-01-02,3.74,30.38,19.03,27.78
2025-01-03,2.14,31.05,19.78,21.38
2025-01-04,2.29,28.86,19.99,17.96
2025-01-05,0.58,31.55,17.57,25.24
2025-01-06,0.05,31.88,17.6,24.92
2025-01-07,1.63,29.58,19.3,21.58
2025-01-08,1.5,30.75,18.93,25.33
2025-01-09,1.34,29.72,18.45,23.94
2025-01-10,0.11,29.83,16.92,25.67
2025-01-11,0.13,31.76,15.51,24.57
2025-01-12,0.39,29.32,17.47,20.07
2025-01-13,0.03,29.65,16.2,24.65
2025-01-14,0.0,31.23,14.17,25.49
2025-01-15,0.58,32.21,17.31,21.36
2025-01-16,19.12,31.32,20.08,15.63
2025-01-17,4.5,27.69,20.96,10.09
2025-01-18,3.17,29.28,20.92,18.41
2025-01-19,4.26,31.76,21.24,22.98
2025-01-20,0.83,30.96,21.06,22.43
2025-01-21,2.18,33.15,21.24,23.57
2025-01-22,5.84,33.55,21.99,24.33
2025-01-23,1.35,31.31,20.48,22.5
2025-01-24,1.9,34.26,20.08,24.34
2025-01-25,3.93,32.9,20.79,26.47
2025-01-26,10.92,29.91,21.17,15.01
2025-01-27,4.38,30.42,19.5,17.75
2025-01-28,4.92,30.05,19.71,19.4
2025-01-29,8.13,29.75,20.76,12.31
2025-01-30,16.9,29.31,20.18,12.92
2025-01-31,15.8,27.69,19.88,15.71
2025-02-01,7.78,25.57,20.27,13.62
2025-02-02,11.79,26.56,19.76,16.86
2025-02-03,9.02,25.07,19.97,12.86
2025-02-04,3.31,27.55,19.91,16.86
2025-02-05,3.44,27.51,19.87,18.61
2025-02-06,1.02,28.68,19.87,23.02
2025-02-07,2.41,31.0,19.92,25.26
2025-02-08,1.44,29.53,20.45,22.13
2025-02-09,0.17,31.09,18.95,25.62
2025-02-10,1.31,30.97,18.52,23.23
2025-02-11,0.82,31.83,19.64,25.4
2025-02-12,1.29,32.71,19.1,23.19
2025-02-13,4.13,28.79,21.1,19.57
2025-02-14,5.49,28.91,19.63,20.99
2025-02-15,0.46,31.95,19.65,23.88
2025-02-16,0.03,32.94,20.84,24.98
2025-02-17,0.0,34.84,19.18,28.41
2025-02-18,6.99,33.12,20.59,20.51
2025-02-19,3.4,31.85,20.52,24.88
2025-02-20,1.6,32.79,22.81,19.68
2025-02-21,3.26,31.44,21.08,23.19
2025-02-22,0.8,31.13,20.1,21.23
2025-02-23,0.99,31.79,19.26,23.2
2025-02-24,0.36,33.11,20.02,24.06
2025-02-25,0.0,33.69,20.09,25.11
2025-02-26,0.08,34.43,19.94,26.12
2025-02-27,1.68,34.48,19.53,24.95
2025-02-28,0.25,33.81,20.37,23.33
2025-03-01,0.0,34.68,19.7,25.71
2025-03-02,0.02,35.22,19.71,23.51
2025-03-03,0.01,35.03,18.23,24.45
2025-03-04,0.12,33.75,20.09,24.73
2025-03-05,0.03,33.35,20.21,20.2
2025-03-06,0.01,34.18,18.76,25.98
2025-03-07,0.03,34.29,18.97,24.15
2025-03-08,0.01,33.52,18.69,22.5
2025-03-09,0.14,35.6,19.04,25.35
2025-03-10,0.67,32.61,20.05,22.01
2025-03-11,1.8,31.26,20.21,16.58
2025-03-12,2.46,32.41,19.85,19.54
2025-03-13,2.78,32.45,19.97,17.37
2025-03-14,0.54,31.88,20.2,18.43
2025-03-15,0.21,33.08,20.15,20.31
2025-03-16,4.63,30.47,19.41,14.68
2025-03-17,3.43,31.94,18.34,16.57
2025-03-18,7.92,31.25,18.97,17.43
2025-03-19,13.22,28.58,18.15,14.4
2025-03-20,0.52,28.6,16.47,22.49
2025-03-21,0.12,30.36,15.36,22.36
2025-03-22,1.95,31.71,16.77,21.67
2025-03-23,3.27,29.1,18.76,9.91
2025-03-24,1.22,30.06,19.59,20.3
2025-03-25,1.85,33.13,18.58,20.37
2025-03-26,3.25,28.22,19.28,10.87
2025-03-27,0.24,30.88,18.13,20.59
2025-03-28,1.58,31.89,18.61,16.55
2025-03-29,0.28,32.93,19.61,20.48
2025-03-30,0.36,31.21,19.52,17.62
2025-03-31,5.35,31.63,19.42,14.73
